part_id,type_id,color,hex,layer,assembly_step,x_mm,y_mm,z_mm,rotation_z_deg,status
DUC-F-00001,p4-4x2,Yellow,#F4EE2A,0,1,-26.0,-6.0,0.0,0,CONCEPT_NOT_FIT_VALIDATED
DUC-F-00002,p4-4x2,Yellow,#F4EE2A,0,2,-26.0,2.0,0.0,0,CONCEPT_NOT_FIT_VALIDATED
DUC-F-00003,p4-4x2,Yellow,#F4EE2A,0,3,-26.0,10.0,0.0,0,CONCEPT_NOT_FIT_VALIDATED
DUC-F-00004,p4-4x2,Yellow,#F4EE2A,0,4,-26.0,18.0,0.0,0,CONCEPT_NOT_FIT_VALIDATED
DUC-F-00005,p4-3x2,Yellow,#F4EE2A,0,5,-24.0,-14.0,0.0,0,CONCEPT_NOT_FIT_VALIDATED
DUC-F-00006,p4-3x1,Yellow,#F4EE2A,0,6,-24.0,24.0,0.0,0,CONCEPT_NOT_FIT_VALIDATED
DUC-F-00007,p4-2x1,Yellow,#F4EE2A,0,7,-22.0,-20.0,0.0,0,CONCEPT_NOT_FIT_VALIDATED
DUC-F-00008,p4-2x1,Yellow,#F4EE2A,0,8,-22.0,28.0,0.0,0,CONCEPT_NOT_FIT_VALIDATED
DUC-F-00009,p4-1x1,Yellow,#F4EE2A,0,9,-20.0,-24.0,0.0,0,CONCEPT_NOT_FIT_VALIDATED
DUC-F-00010,p4-1x1,Yellow,#F4EE2A,0,10,-20.0,32.0,0.0,0,CONCEPT_NOT_FIT_VALIDATED
DUC-F-00011,p4-4x2,Yellow,#F4EE2A,0,11,-10.0,-22.0,0.0,0,CONCEPT_NOT_FIT_VALIDATED
DUC-F-00012,p4-4x2,Yellow,#F4EE2A,0,12,-10.0,-14.0,0.0,0,CONCEPT_NOT_FIT_VALIDATED
DUC-F-00013,p4-4x2,Yellow,#F4EE2A,0,13,-10.0,-6.0,0.0,0,CONCEPT_NOT_FIT_VALIDATED
DUC-F-00014,p4-4x2,Yellow,#F4EE2A,0,14,-10.0,2.0,0.0,0,CONCEPT_NOT_FIT_VALIDATED
DUC-F-00015,p4-4x2,Yellow,#F4EE2A,0,15,-10.0,10.0,0.0,0,CONCEPT_NOT_FIT_VALIDATED
DUC-F-00016,p4-4x2,Yellow,#F4EE2A,0,16,-10.0,18.0,0.0,0,CONCEPT_NOT_FIT_VALIDATED
DUC-F-00017,p4-4x2,Yellow,#F4EE2A,0,17,-10.0,26.0,0.0,0,CONCEPT_NOT_FIT_VALIDATED
DUC-F-00018,p4-4x2,Yellow,#F4EE2A,0,18,-10.0,34.0,0.0,0,CONCEPT_NOT_FIT_VALIDATED
DUC-F-00019,p4-2x1,Yellow,#F4EE2A,0,19,-6.0,-28.0,0.0,0,CONCEPT_NOT_FIT_VALIDATED
DUC-F-00020,p4-3x1,Yellow,#F4EE2A,0,20,4.0,-28.0,0.0,0,CONCEPT_NOT_FIT_VALIDATED
DUC-F-00021,p4-4x2,Yellow,#F4EE2A,0,21,6.0,-22.0,0.0,0,CONCEPT_NOT_FIT_VALIDATED
DUC-F-00022,p4-4x2,Yellow,#F4EE2A,0,22,6.0,-14.0,0.0,0,CONCEPT_NOT_FIT_VALIDATED
DUC-F-00023,p4-4x2,Yellow,#F4EE2A,0,23,6.0,-6.0,0.0,0,CONCEPT_NOT_FIT_VALIDATED
DUC-F-00024,p4-4x2,Yellow,#F4EE2A,0,24,6.0,2.0,0.0,0,CONCEPT_NOT_FIT_VALIDATED
DUC-F-00025,p4-4x2,Yellow,#F4EE2A,0,25,6.0,10.0,0.0,0,CONCEPT_NOT_FIT_VALIDATED
DUC-F-00026,p4-4x2,Yellow,#F4EE2A,0,26,6.0,18.0,0.0,0,CONCEPT_NOT_FIT_VALIDATED
DUC-F-00027,p4-4x2,Yellow,#F4EE2A,0,27,6.0,26.0,0.0,0,CONCEPT_NOT_FIT_VALIDATED
DUC-F-00028,p4-4x2,Yellow,#F4EE2A,0,28,6.0,34.0,0.0,0,CONCEPT_NOT_FIT_VALIDATED
DUC-F-00029,p4-2x2,Yellow,#F4EE2A,0,29,18.0,-22.0,0.0,0,CONCEPT_NOT_FIT_VALIDATED
DUC-F-00030,p4-4x2,Yellow,#F4EE2A,0,30,22.0,-14.0,0.0,0,CONCEPT_NOT_FIT_VALIDATED
DUC-F-00031,p4-4x2,Yellow,#F4EE2A,0,31,22.0,-6.0,0.0,0,CONCEPT_NOT_FIT_VALIDATED
DUC-F-00032,p4-4x2,Yellow,#F4EE2A,0,32,22.0,2.0,0.0,0,CONCEPT_NOT_FIT_VALIDATED
DUC-F-00033,p4-4x2,Yellow,#F4EE2A,0,33,22.0,10.0,0.0,0,CONCEPT_NOT_FIT_VALIDATED
DUC-F-00034,p4-4x2,Yellow,#F4EE2A,0,34,22.0,18.0,0.0,0,CONCEPT_NOT_FIT_VALIDATED
DUC-F-00035,p4-3x2,Yellow,#F4EE2A,0,35,20.0,26.0,0.0,0,CONCEPT_NOT_FIT_VALIDATED
DUC-F-00036,p4-2x1,Yellow,#F4EE2A,0,36,18.0,32.0,0.0,0,CONCEPT_NOT_FIT_VALIDATED
DUC-F-00037,p4-1x1,Yellow,#F4EE2A,0,37,16.0,36.0,0.0,0,CONCEPT_NOT_FIT_VALIDATED
DUC-F-00038,p4-1x1,Yellow,#F4EE2A,0,38,24.0,-20.0,0.0,0,CONCEPT_NOT_FIT_VALIDATED
DUC-F-00039,p4-1x1,Yellow,#F4EE2A,0,39,28.0,24.0,0.0,0,CONCEPT_NOT_FIT_VALIDATED
DUC-F-00040,p4-2x1,Yellow,#F4EE2A,0,40,32.0,-6.0,0.0,90,CONCEPT_NOT_FIT_VALIDATED
DUC-F-00041,p4-2x1,Yellow,#F4EE2A,0,41,32.0,2.0,0.0,90,CONCEPT_NOT_FIT_VALIDATED
DUC-F-00042,p4-2x1,Yellow,#F4EE2A,0,42,32.0,10.0,0.0,90,CONCEPT_NOT_FIT_VALIDATED
DUC-F-00043,p4-2x1,Yellow,#F4EE2A,0,43,32.0,18.0,0.0,90,CONCEPT_NOT_FIT_VALIDATED
DUC-F-00044,p4-4x2,Yellow,#F4EE2A,1,44,-14.0,-26.0,2.4,90,CONCEPT_NOT_FIT_VALIDATED
DUC-F-00045,p4-4x2,Yellow,#F4EE2A,1,45,-6.0,-26.0,2.4,90,CONCEPT_NOT_FIT_VALIDATED
DUC-F-00046,p4-4x2,Yellow,#F4EE2A,1,46,2.0,-26.0,2.4,90,CONCEPT_NOT_FIT_VALIDATED
DUC-F-00047,p4-4x2,Yellow,#F4EE2A,1,47,10.0,-26.0,2.4,90,CONCEPT_NOT_FIT_VALIDATED
DUC-F-00048,p4-4x1,Yellow,#F4EE2A,1,48,16.0,-26.0,2.4,90,CONCEPT_NOT_FIT_VALIDATED
DUC-F-00049,p4-3x2,Yellow,#F4EE2A,1,49,-22.0,-24.0,2.4,90,CONCEPT_NOT_FIT_VALIDATED
DUC-F-00050,p4-3x1,Yellow,#F4EE2A,1,50,20.0,-24.0,2.4,90,CONCEPT_NOT_FIT_VALIDATED
DUC-F-00051,p4-3x1,Yellow,#F4EE2A,1,51,24.0,-24.0,2.4,90,CONCEPT_NOT_FIT_VALIDATED
DUC-F-00056,p4-4x2,Yellow,#F4EE2A,1,52,-30.0,-10.0,2.4,90,CONCEPT_NOT_FIT_VALIDATED
DUC-F-00057,p4-4x2,Yellow,#F4EE2A,1,53,-22.0,-10.0,2.4,90,CONCEPT_NOT_FIT_VALIDATED
DUC-F-00058,p4-4x2,Yellow,#F4EE2A,1,54,-14.0,-10.0,2.4,90,CONCEPT_NOT_FIT_VALIDATED
DUC-F-00059,p4-4x2,Yellow,#F4EE2A,1,55,-6.0,-10.0,2.4,90,CONCEPT_NOT_FIT_VALIDATED
DUC-F-00060,p4-4x2,Yellow,#F4EE2A,1,56,2.0,-10.0,2.4,90,CONCEPT_NOT_FIT_VALIDATED
DUC-F-00061,p4-4x2,Yellow,#F4EE2A,1,57,10.0,-10.0,2.4,90,CONCEPT_NOT_FIT_VALIDATED
DUC-F-00062,p4-4x2,Yellow,#F4EE2A,1,58,18.0,-10.0,2.4,90,CONCEPT_NOT_FIT_VALIDATED
DUC-F-00063,p4-4x2,Yellow,#F4EE2A,1,59,26.0,-10.0,2.4,90,CONCEPT_NOT_FIT_VALIDATED
DUC-F-00064,p4-4x1,Yellow,#F4EE2A,1,60,32.0,-10.0,2.4,90,CONCEPT_NOT_FIT_VALIDATED
DUC-F-00068,p4-4x2,Yellow,#F4EE2A,1,61,-30.0,6.0,2.4,90,CONCEPT_NOT_FIT_VALIDATED
DUC-F-00069,p4-4x2,Yellow,#F4EE2A,1,62,-22.0,6.0,2.4,90,CONCEPT_NOT_FIT_VALIDATED
DUC-F-00070,p4-4x2,Yellow,#F4EE2A,1,63,-14.0,6.0,2.4,90,CONCEPT_NOT_FIT_VALIDATED
DUC-F-00071,p4-4x2,Yellow,#F4EE2A,1,64,-6.0,6.0,2.4,90,CONCEPT_NOT_FIT_VALIDATED
DUC-F-00072,p4-4x2,Yellow,#F4EE2A,1,65,2.0,6.0,2.4,90,CONCEPT_NOT_FIT_VALIDATED
DUC-F-00073,p4-4x2,Yellow,#F4EE2A,1,66,10.0,6.0,2.4,90,CONCEPT_NOT_FIT_VALIDATED
DUC-F-00074,p4-4x2,Yellow,#F4EE2A,1,67,18.0,6.0,2.4,90,CONCEPT_NOT_FIT_VALIDATED
DUC-F-00075,p4-4x2,Yellow,#F4EE2A,1,68,26.0,6.0,2.4,90,CONCEPT_NOT_FIT_VALIDATED
DUC-F-00076,p4-4x2,Yellow,#F4EE2A,1,69,34.0,6.0,2.4,90,CONCEPT_NOT_FIT_VALIDATED
DUC-F-00079,p4-4x2,Yellow,#F4EE2A,1,70,-30.0,22.0,2.4,90,CONCEPT_NOT_FIT_VALIDATED
DUC-F-00080,p4-4x2,Yellow,#F4EE2A,1,71,-22.0,22.0,2.4,90,CONCEPT_NOT_FIT_VALIDATED
DUC-F-00081,p4-4x2,Yellow,#F4EE2A,1,72,-14.0,22.0,2.4,90,CONCEPT_NOT_FIT_VALIDATED
DUC-F-00082,p4-4x2,Yellow,#F4EE2A,1,73,-6.0,22.0,2.4,90,CONCEPT_NOT_FIT_VALIDATED
DUC-F-00083,p4-4x2,Yellow,#F4EE2A,1,74,2.0,22.0,2.4,90,CONCEPT_NOT_FIT_VALIDATED
DUC-F-00084,p4-4x2,Yellow,#F4EE2A,1,75,10.0,22.0,2.4,90,CONCEPT_NOT_FIT_VALIDATED
DUC-F-00085,p4-4x2,Yellow,#F4EE2A,1,76,18.0,22.0,2.4,90,CONCEPT_NOT_FIT_VALIDATED
DUC-F-00086,p4-4x2,Yellow,#F4EE2A,1,77,26.0,22.0,2.4,90,CONCEPT_NOT_FIT_VALIDATED
DUC-F-00087,p4-3x2,Yellow,#F4EE2A,1,78,34.0,20.0,2.4,90,CONCEPT_NOT_FIT_VALIDATED
DUC-F-00090,p4-2x2,Yellow,#F4EE2A,1,79,-22.0,34.0,2.4,0,CONCEPT_NOT_FIT_VALIDATED
DUC-F-00091,p4-3x2,Yellow,#F4EE2A,1,80,-14.0,36.0,2.4,90,CONCEPT_NOT_FIT_VALIDATED
DUC-F-00092,p4-4x2,Yellow,#F4EE2A,1,81,-6.0,38.0,2.4,90,CONCEPT_NOT_FIT_VALIDATED
DUC-F-00093,p4-4x2,Yellow,#F4EE2A,1,82,2.0,38.0,2.4,90,CONCEPT_NOT_FIT_VALIDATED
DUC-F-00094,p4-3x2,Yellow,#F4EE2A,1,83,10.0,36.0,2.4,90,CONCEPT_NOT_FIT_VALIDATED
DUC-F-00095,p4-3x2,Yellow,#F4EE2A,1,84,18.0,36.0,2.4,90,CONCEPT_NOT_FIT_VALIDATED
DUC-F-00106,p4-4x1,Yellow,#F4EE2A,2,85,-30.0,-24.0,4.8,0,CONCEPT_NOT_FIT_VALIDATED
DUC-F-00052,p4-2x1,Yellow,#F4EE2A,1,86,-28.0,-22.0,2.4,90,CONCEPT_NOT_FIT_VALIDATED
DUC-F-00107,p4-4x2,Yellow,#F4EE2A,2,87,-30.0,-18.0,4.8,0,CONCEPT_NOT_FIT_VALIDATED
DUC-F-00054,p4-1x1,Yellow,#F4EE2A,1,88,-32.0,-20.0,2.4,0,CONCEPT_NOT_FIT_VALIDATED
DUC-F-00108,p4-4x2,Yellow,#F4EE2A,2,89,-30.0,-10.0,4.8,0,CONCEPT_NOT_FIT_VALIDATED
DUC-F-00065,p4-3x1,Yellow,#F4EE2A,1,90,-36.0,-8.0,2.4,90,CONCEPT_NOT_FIT_VALIDATED
DUC-F-00109,p4-4x2,Yellow,#F4EE2A,2,91,-30.0,-2.0,4.8,0,CONCEPT_NOT_FIT_VALIDATED
DUC-F-00067,p4-4x2,Yellow,#F4EE2A,1,92,-38.0,6.0,2.4,90,CONCEPT_NOT_FIT_VALIDATED
DUC-F-00099,p4-2x2,Yellow,#F4EE2A,2,93,-42.0,-2.0,4.8,0,CONCEPT_NOT_FIT_VALIDATED
DUC-F-00100,p4-2x2,Yellow,#F4EE2A,2,94,-42.0,6.0,4.8,0,CONCEPT_NOT_FIT_VALIDATED
DUC-F-00101,p4-2x2,Yellow,#F4EE2A,2,95,-42.0,14.0,4.8,0,CONCEPT_NOT_FIT_VALIDATED
DUC-F-00110,p4-4x2,Yellow,#F4EE2A,2,96,-30.0,6.0,4.8,0,CONCEPT_NOT_FIT_VALIDATED
DUC-F-00111,p4-4x2,Yellow,#F4EE2A,2,97,-30.0,14.0,4.8,0,CONCEPT_NOT_FIT_VALIDATED
DUC-F-00078,p4-3x1,Yellow,#F4EE2A,1,98,-36.0,20.0,2.4,90,CONCEPT_NOT_FIT_VALIDATED
DUC-F-00112,p4-4x2,Yellow,#F4EE2A,2,99,-30.0,22.0,4.8,0,CONCEPT_NOT_FIT_VALIDATED
DUC-F-00113,p4-4x2,Yellow,#F4EE2A,2,100,-30.0,30.0,4.8,0,CONCEPT_NOT_FIT_VALIDATED
DUC-F-00089,p4-2x1,Yellow,#F4EE2A,1,101,-28.0,34.0,2.4,90,CONCEPT_NOT_FIT_VALIDATED
DUC-F-00114,p4-3x1,Yellow,#F4EE2A,2,102,-28.0,36.0,4.8,0,CONCEPT_NOT_FIT_VALIDATED
DUC-F-00116,p4-2x1,Yellow,#F4EE2A,2,103,-26.0,-28.0,4.8,0,CONCEPT_NOT_FIT_VALIDATED
DUC-F-00119,p4-4x2,Yellow,#F4EE2A,2,104,-14.0,-34.0,4.8,0,CONCEPT_NOT_FIT_VALIDATED
DUC-F-00120,p4-4x2,Yellow,#F4EE2A,2,105,-14.0,-26.0,4.8,0,CONCEPT_NOT_FIT_VALIDATED
DUC-F-00121,p4-4x2,Yellow,#F4EE2A,2,106,-14.0,-18.0,4.8,0,CONCEPT_NOT_FIT_VALIDATED
DUC-F-00122,p4-4x2,Yellow,#F4EE2A,2,107,-14.0,-10.0,4.8,0,CONCEPT_NOT_FIT_VALIDATED
DUC-F-00123,p4-4x2,Yellow,#F4EE2A,2,108,-14.0,-2.0,4.8,0,CONCEPT_NOT_FIT_VALIDATED
DUC-F-00124,p4-4x2,Yellow,#F4EE2A,2,109,-14.0,6.0,4.8,0,CONCEPT_NOT_FIT_VALIDATED
DUC-F-00125,p4-4x2,Yellow,#F4EE2A,2,110,-14.0,14.0,4.8,0,CONCEPT_NOT_FIT_VALIDATED
DUC-F-00126,p4-4x2,Yellow,#F4EE2A,2,111,-14.0,22.0,4.8,0,CONCEPT_NOT_FIT_VALIDATED
DUC-F-00127,p4-4x2,Yellow,#F4EE2A,2,112,-14.0,30.0,4.8,0,CONCEPT_NOT_FIT_VALIDATED
DUC-F-00128,p4-4x2,Yellow,#F4EE2A,2,113,-14.0,38.0,4.8,0,CONCEPT_NOT_FIT_VALIDATED
DUC-F-00097,p4-1x1,Yellow,#F4EE2A,1,114,-20.0,40.0,2.4,0,CONCEPT_NOT_FIT_VALIDATED
DUC-F-00129,p4-4x1,Yellow,#F4EE2A,2,115,-14.0,44.0,4.8,0,CONCEPT_NOT_FIT_VALIDATED
DUC-F-00132,p4-4x2,Yellow,#F4EE2A,2,116,2.0,-34.0,4.8,0,CONCEPT_NOT_FIT_VALIDATED
DUC-F-00133,p4-4x2,Yellow,#F4EE2A,2,117,2.0,-26.0,4.8,0,CONCEPT_NOT_FIT_VALIDATED
DUC-F-00134,p4-4x2,Yellow,#F4EE2A,2,118,2.0,-18.0,4.8,0,CONCEPT_NOT_FIT_VALIDATED
DUC-F-00135,p4-4x2,Yellow,#F4EE2A,2,119,2.0,-10.0,4.8,0,CONCEPT_NOT_FIT_VALIDATED
DUC-F-00136,p4-4x2,Yellow,#F4EE2A,2,120,2.0,-2.0,4.8,0,CONCEPT_NOT_FIT_VALIDATED
DUC-F-00137,p4-4x2,Yellow,#F4EE2A,2,121,2.0,6.0,4.8,0,CONCEPT_NOT_FIT_VALIDATED
DUC-F-00138,p4-4x2,Yellow,#F4EE2A,2,122,2.0,14.0,4.8,0,CONCEPT_NOT_FIT_VALIDATED
DUC-F-00139,p4-4x2,Yellow,#F4EE2A,2,123,2.0,22.0,4.8,0,CONCEPT_NOT_FIT_VALIDATED
DUC-F-00140,p4-4x2,Yellow,#F4EE2A,2,124,2.0,30.0,4.8,0,CONCEPT_NOT_FIT_VALIDATED
DUC-F-00141,p4-4x2,Yellow,#F4EE2A,2,125,2.0,38.0,4.8,0,CONCEPT_NOT_FIT_VALIDATED
DUC-F-00142,p4-4x2,Yellow,#F4EE2A,2,126,2.0,46.0,4.8,0,CONCEPT_NOT_FIT_VALIDATED
DUC-F-00098,p4-1x1,Yellow,#F4EE2A,1,127,8.0,44.0,2.4,0,CONCEPT_NOT_FIT_VALIDATED
DUC-F-00143,p4-3x2,Yellow,#F4EE2A,2,128,16.0,-34.0,4.8,0,CONCEPT_NOT_FIT_VALIDATED
DUC-F-00144,p4-4x2,Yellow,#F4EE2A,2,129,18.0,-26.0,4.8,0,CONCEPT_NOT_FIT_VALIDATED
DUC-F-00145,p4-4x2,Yellow,#F4EE2A,2,130,18.0,-18.0,4.8,0,CONCEPT_NOT_FIT_VALIDATED
DUC-F-00146,p4-4x2,Yellow,#F4EE2A,2,131,18.0,-10.0,4.8,0,CONCEPT_NOT_FIT_VALIDATED
DUC-F-00147,p4-4x2,Yellow,#F4EE2A,2,132,18.0,-2.0,4.8,0,CONCEPT_NOT_FIT_VALIDATED
DUC-F-00148,p4-4x2,Yellow,#F4EE2A,2,133,18.0,6.0,4.8,0,CONCEPT_NOT_FIT_VALIDATED
DUC-F-00149,p4-4x2,Yellow,#F4EE2A,2,134,18.0,14.0,4.8,0,CONCEPT_NOT_FIT_VALIDATED
DUC-F-00150,p4-4x2,Yellow,#F4EE2A,2,135,18.0,22.0,4.8,0,CONCEPT_NOT_FIT_VALIDATED
DUC-F-00151,p4-4x2,Yellow,#F4EE2A,2,136,18.0,30.0,4.8,0,CONCEPT_NOT_FIT_VALIDATED
DUC-F-00096,p4-2x2,Yellow,#F4EE2A,1,137,26.0,34.0,2.4,0,CONCEPT_NOT_FIT_VALIDATED
DUC-F-00152,p4-4x2,Yellow,#F4EE2A,2,138,18.0,38.0,4.8,0,CONCEPT_NOT_FIT_VALIDATED
DUC-F-00158,p4-3x2,Yellow,#F4EE2A,2,139,32.0,-18.0,4.8,0,CONCEPT_NOT_FIT_VALIDATED
DUC-F-00053,p4-2x1,Yellow,#F4EE2A,1,140,28.0,-22.0,2.4,90,CONCEPT_NOT_FIT_VALIDATED
DUC-F-00055,p4-1x1,Yellow,#F4EE2A,1,141,32.0,-20.0,2.4,0,CONCEPT_NOT_FIT_VALIDATED
DUC-F-00157,p4-2x1,Yellow,#F4EE2A,2,142,28.0,-26.0,4.8,90,CONCEPT_NOT_FIT_VALIDATED
DUC-F-00159,p4-4x2,Yellow,#F4EE2A,2,143,34.0,-10.0,4.8,0,CONCEPT_NOT_FIT_VALIDATED
DUC-F-00066,p4-3x1,Yellow,#F4EE2A,1,144,36.0,-8.0,2.4,90,CONCEPT_NOT_FIT_VALIDATED
DUC-F-00160,p4-4x2,Yellow,#F4EE2A,2,145,34.0,-2.0,4.8,0,CONCEPT_NOT_FIT_VALIDATED
DUC-F-00077,p4-3x1,Yellow,#F4EE2A,1,146,40.0,4.0,2.4,90,CONCEPT_NOT_FIT_VALIDATED
DUC-F-00161,p4-4x2,Yellow,#F4EE2A,2,147,34.0,6.0,4.8,0,CONCEPT_NOT_FIT_VALIDATED
DUC-F-00162,p4-4x2,Yellow,#F4EE2A,2,148,34.0,14.0,4.8,0,CONCEPT_NOT_FIT_VALIDATED
DUC-F-00163,p4-4x2,Yellow,#F4EE2A,2,149,34.0,22.0,4.8,0,CONCEPT_NOT_FIT_VALIDATED
DUC-F-00164,p4-3x2,Yellow,#F4EE2A,2,150,32.0,30.0,4.8,0,CONCEPT_NOT_FIT_VALIDATED
DUC-F-00088,p4-1x1,Yellow,#F4EE2A,1,151,32.0,28.0,2.4,0,CONCEPT_NOT_FIT_VALIDATED
DUC-F-00165,p4-2x1,Yellow,#F4EE2A,2,152,30.0,36.0,4.8,0,CONCEPT_NOT_FIT_VALIDATED
DUC-F-00180,p4-4x2,Yellow,#F4EE2A,3,153,-26.0,-30.0,7.2,90,CONCEPT_NOT_FIT_VALIDATED
DUC-F-00115,p4-2x1,Yellow,#F4EE2A,2,154,-26.0,-32.0,4.8,0,CONCEPT_NOT_FIT_VALIDATED
DUC-F-00181,p4-4x2,Yellow,#F4EE2A,3,155,-18.0,-30.0,7.2,90,CONCEPT_NOT_FIT_VALIDATED
DUC-F-00182,p4-4x2,Yellow,#F4EE2A,3,156,-10.0,-30.0,7.2,90,CONCEPT_NOT_FIT_VALIDATED
DUC-F-00183,p4-4x2,Yellow,#F4EE2A,3,157,-2.0,-30.0,7.2,90,CONCEPT_NOT_FIT_VALIDATED
DUC-F-00184,p4-4x2,Yellow,#F4EE2A,3,158,6.0,-30.0,7.2,90,CONCEPT_NOT_FIT_VALIDATED
DUC-F-00185,p4-4x2,Yellow,#F4EE2A,3,159,14.0,-30.0,7.2,90,CONCEPT_NOT_FIT_VALIDATED
DUC-F-00186,p4-4x2,Yellow,#F4EE2A,3,160,22.0,-30.0,7.2,90,CONCEPT_NOT_FIT_VALIDATED
DUC-F-00155,p4-1x1,Yellow,#F4EE2A,2,161,24.0,-32.0,4.8,0,CONCEPT_NOT_FIT_VALIDATED
DUC-F-00187,p4-4x1,Yellow,#F4EE2A,3,162,28.0,-30.0,7.2,90,CONCEPT_NOT_FIT_VALIDATED
DUC-F-00156,p4-1x1,Yellow,#F4EE2A,2,163,28.0,-32.0,4.8,0,CONCEPT_NOT_FIT_VALIDATED
DUC-F-00188,p4-3x1,Yellow,#F4EE2A,3,164,-32.0,-28.0,7.2,90,CONCEPT_NOT_FIT_VALIDATED
DUC-F-00190,p4-2x1,Yellow,#F4EE2A,3,165,-36.0,-26.0,7.2,90,CONCEPT_NOT_FIT_VALIDATED
DUC-F-00195,p4-4x2,Yellow,#F4EE2A,3,166,-34.0,-14.0,7.2,90,CONCEPT_NOT_FIT_VALIDATED
DUC-F-00196,p4-4x2,Yellow,#F4EE2A,3,167,-26.0,-14.0,7.2,90,CONCEPT_NOT_FIT_VALIDATED
DUC-F-00197,p4-4x2,Yellow,#F4EE2A,3,168,-18.0,-14.0,7.2,90,CONCEPT_NOT_FIT_VALIDATED
DUC-F-00198,p4-4x2,Yellow,#F4EE2A,3,169,-10.0,-14.0,7.2,90,CONCEPT_NOT_FIT_VALIDATED
DUC-F-00199,p4-4x2,Yellow,#F4EE2A,3,170,-2.0,-14.0,7.2,90,CONCEPT_NOT_FIT_VALIDATED
DUC-F-00200,p4-4x2,Yellow,#F4EE2A,3,171,6.0,-14.0,7.2,90,CONCEPT_NOT_FIT_VALIDATED
DUC-F-00201,p4-4x2,Yellow,#F4EE2A,3,172,14.0,-14.0,7.2,90,CONCEPT_NOT_FIT_VALIDATED
DUC-F-00202,p4-4x2,Yellow,#F4EE2A,3,173,22.0,-14.0,7.2,90,CONCEPT_NOT_FIT_VALIDATED
DUC-F-00203,p4-4x2,Yellow,#F4EE2A,3,174,30.0,-14.0,7.2,90,CONCEPT_NOT_FIT_VALIDATED
DUC-F-00204,p4-4x2,Yellow,#F4EE2A,3,175,38.0,-14.0,7.2,90,CONCEPT_NOT_FIT_VALIDATED
DUC-F-00168,p4-1x1,Yellow,#F4EE2A,2,176,40.0,-16.0,4.8,0,CONCEPT_NOT_FIT_VALIDATED
DUC-F-00207,p4-4x2,Yellow,#F4EE2A,3,177,-42.0,2.0,7.2,90,CONCEPT_NOT_FIT_VALIDATED
DUC-F-00208,p4-4x2,Yellow,#F4EE2A,3,178,-34.0,2.0,7.2,90,CONCEPT_NOT_FIT_VALIDATED
DUC-F-00209,p4-4x2,Yellow,#F4EE2A,3,179,-26.0,2.0,7.2,90,CONCEPT_NOT_FIT_VALIDATED
DUC-F-00210,p4-4x2,Yellow,#F4EE2A,3,180,-18.0,2.0,7.2,90,CONCEPT_NOT_FIT_VALIDATED
DUC-F-00211,p4-4x2,Yellow,#F4EE2A,3,181,-10.0,2.0,7.2,90,CONCEPT_NOT_FIT_VALIDATED
DUC-F-00212,p4-4x2,Yellow,#F4EE2A,3,182,-2.0,2.0,7.2,90,CONCEPT_NOT_FIT_VALIDATED
DUC-F-00213,p4-4x2,Yellow,#F4EE2A,3,183,6.0,2.0,7.2,90,CONCEPT_NOT_FIT_VALIDATED
DUC-F-00214,p4-4x2,Yellow,#F4EE2A,3,184,14.0,2.0,7.2,90,CONCEPT_NOT_FIT_VALIDATED
DUC-F-00215,p4-4x2,Yellow,#F4EE2A,3,185,22.0,2.0,7.2,90,CONCEPT_NOT_FIT_VALIDATED
DUC-F-00216,p4-4x2,Yellow,#F4EE2A,3,186,30.0,2.0,7.2,90,CONCEPT_NOT_FIT_VALIDATED
DUC-F-00217,p4-4x2,Yellow,#F4EE2A,3,187,38.0,2.0,7.2,90,CONCEPT_NOT_FIT_VALIDATED
DUC-F-00222,p4-4x2,Yellow,#F4EE2A,3,188,-42.0,18.0,7.2,90,CONCEPT_NOT_FIT_VALIDATED
DUC-F-00104,p4-2x1,Yellow,#F4EE2A,2,189,-40.0,22.0,4.8,90,CONCEPT_NOT_FIT_VALIDATED
DUC-F-00223,p4-4x2,Yellow,#F4EE2A,3,190,-34.0,18.0,7.2,90,CONCEPT_NOT_FIT_VALIDATED
DUC-F-00224,p4-4x2,Yellow,#F4EE2A,3,191,-26.0,18.0,7.2,90,CONCEPT_NOT_FIT_VALIDATED
DUC-F-00225,p4-4x2,Yellow,#F4EE2A,3,192,-18.0,18.0,7.2,90,CONCEPT_NOT_FIT_VALIDATED
DUC-F-00226,p4-4x2,Yellow,#F4EE2A,3,193,-10.0,18.0,7.2,90,CONCEPT_NOT_FIT_VALIDATED
DUC-F-00227,p4-4x2,Yellow,#F4EE2A,3,194,-2.0,18.0,7.2,90,CONCEPT_NOT_FIT_VALIDATED
DUC-F-00228,p4-4x2,Yellow,#F4EE2A,3,195,6.0,18.0,7.2,90,CONCEPT_NOT_FIT_VALIDATED
DUC-F-00229,p4-4x2,Yellow,#F4EE2A,3,196,14.0,18.0,7.2,90,CONCEPT_NOT_FIT_VALIDATED
DUC-F-00230,p4-4x2,Yellow,#F4EE2A,3,197,22.0,18.0,7.2,90,CONCEPT_NOT_FIT_VALIDATED
DUC-F-00231,p4-4x2,Yellow,#F4EE2A,3,198,30.0,18.0,7.2,90,CONCEPT_NOT_FIT_VALIDATED
DUC-F-00232,p4-4x2,Yellow,#F4EE2A,3,199,38.0,18.0,7.2,90,CONCEPT_NOT_FIT_VALIDATED
DUC-F-00236,p4-4x2,Yellow,#F4EE2A,3,200,-34.0,34.0,7.2,90,CONCEPT_NOT_FIT_VALIDATED
DUC-F-00237,p4-4x2,Yellow,#F4EE2A,3,201,-26.0,34.0,7.2,90,CONCEPT_NOT_FIT_VALIDATED
DUC-F-00117,p4-2x1,Yellow,#F4EE2A,2,202,-26.0,40.0,4.8,0,CONCEPT_NOT_FIT_VALIDATED
DUC-F-00238,p4-4x2,Yellow,#F4EE2A,3,203,-18.0,34.0,7.2,90,CONCEPT_NOT_FIT_VALIDATED
DUC-F-00239,p4-4x2,Yellow,#F4EE2A,3,204,-10.0,34.0,7.2,90,CONCEPT_NOT_FIT_VALIDATED
DUC-F-00240,p4-4x2,Yellow,#F4EE2A,3,205,-2.0,34.0,7.2,90,CONCEPT_NOT_FIT_VALIDATED
DUC-F-00241,p4-4x2,Yellow,#F4EE2A,3,206,6.0,34.0,7.2,90,CONCEPT_NOT_FIT_VALIDATED
DUC-F-00242,p4-4x2,Yellow,#F4EE2A,3,207,14.0,34.0,7.2,90,CONCEPT_NOT_FIT_VALIDATED
DUC-F-00243,p4-4x2,Yellow,#F4EE2A,3,208,22.0,34.0,7.2,90,CONCEPT_NOT_FIT_VALIDATED
DUC-F-00244,p4-4x2,Yellow,#F4EE2A,3,209,30.0,34.0,7.2,90,CONCEPT_NOT_FIT_VALIDATED
DUC-F-00166,p4-1x1,Yellow,#F4EE2A,2,210,28.0,40.0,4.8,0,CONCEPT_NOT_FIT_VALIDATED
DUC-F-00245,p4-2x2,Yellow,#F4EE2A,3,211,38.0,30.0,7.2,0,CONCEPT_NOT_FIT_VALIDATED
DUC-F-00169,p4-1x1,Yellow,#F4EE2A,2,212,40.0,28.0,4.8,0,CONCEPT_NOT_FIT_VALIDATED
DUC-F-00251,p4-2x2,Yellow,#F4EE2A,3,213,-18.0,46.0,7.2,0,CONCEPT_NOT_FIT_VALIDATED
DUC-F-00252,p4-3x2,Yellow,#F4EE2A,3,214,-10.0,48.0,7.2,90,CONCEPT_NOT_FIT_VALIDATED
DUC-F-00130,p4-2x1,Yellow,#F4EE2A,2,215,-10.0,48.0,4.8,0,CONCEPT_NOT_FIT_VALIDATED
DUC-F-00253,p4-3x2,Yellow,#F4EE2A,3,216,-2.0,48.0,7.2,90,CONCEPT_NOT_FIT_VALIDATED
DUC-F-00254,p4-3x2,Yellow,#F4EE2A,3,217,6.0,48.0,7.2,90,CONCEPT_NOT_FIT_VALIDATED
DUC-F-00260,p4-3x2,Yellow,#F4EE2A,4,218,-48.0,10.0,9.6,0,CONCEPT_NOT_FIT_VALIDATED
DUC-F-00219,p4-3x1,Yellow,#F4EE2A,3,219,-48.0,4.0,7.2,90,CONCEPT_NOT_FIT_VALIDATED
DUC-F-00221,p4-2x1,Yellow,#F4EE2A,3,220,-48.0,14.0,7.2,90,CONCEPT_NOT_FIT_VALIDATED
DUC-F-00262,p4-2x2,Yellow,#F4EE2A,4,221,-46.0,-6.0,9.6,0,CONCEPT_NOT_FIT_VALIDATED
DUC-F-00205,p4-3x1,Yellow,#F4EE2A,3,222,-44.0,-12.0,7.2,90,CONCEPT_NOT_FIT_VALIDATED
DUC-F-00261,p4-2x1,Yellow,#F4EE2A,4,223,-46.0,-12.0,9.6,0,CONCEPT_NOT_FIT_VALIDATED
DUC-F-00263,p4-2x2,Yellow,#F4EE2A,4,224,-46.0,2.0,9.6,0,CONCEPT_NOT_FIT_VALIDATED
DUC-F-00264,p4-2x2,Yellow,#F4EE2A,4,225,-46.0,18.0,9.6,0,CONCEPT_NOT_FIT_VALIDATED
DUC-F-00265,p4-2x2,Yellow,#F4EE2A,4,226,-46.0,26.0,9.6,0,CONCEPT_NOT_FIT_VALIDATED
DUC-F-00235,p4-2x1,Yellow,#F4EE2A,3,227,-42.0,28.0,7.2,0,CONCEPT_NOT_FIT_VALIDATED
DUC-F-00105,p4-1x1,Yellow,#F4EE2A,2,228,-40.0,28.0,4.8,0,CONCEPT_NOT_FIT_VALIDATED
DUC-F-00267,p4-1x1,Yellow,#F4EE2A,4,229,-44.0,-16.0,9.6,0,CONCEPT_NOT_FIT_VALIDATED
DUC-F-00269,p4-4x1,Yellow,#F4EE2A,4,230,-34.0,-28.0,9.6,0,CONCEPT_NOT_FIT_VALIDATED
DUC-F-00270,p4-4x2,Yellow,#F4EE2A,4,231,-34.0,-22.0,9.6,0,CONCEPT_NOT_FIT_VALIDATED
DUC-F-00192,p4-1x1,Yellow,#F4EE2A,3,232,-40.0,-24.0,7.2,0,CONCEPT_NOT_FIT_VALIDATED
DUC-F-00194,p4-4x1,Yellow,#F4EE2A,3,233,-40.0,-14.0,7.2,90,CONCEPT_NOT_FIT_VALIDATED
DUC-F-00102,p4-1x1,Yellow,#F4EE2A,2,234,-40.0,-16.0,4.8,0,CONCEPT_NOT_FIT_VALIDATED
DUC-F-00103,p4-2x1,Yellow,#F4EE2A,2,235,-40.0,-10.0,4.8,90,CONCEPT_NOT_FIT_VALIDATED
DUC-F-00271,p4-4x2,Yellow,#F4EE2A,4,236,-34.0,-14.0,9.6,0,CONCEPT_NOT_FIT_VALIDATED
DUC-F-00272,p4-4x2,Yellow,#F4EE2A,4,237,-34.0,-6.0,9.6,0,CONCEPT_NOT_FIT_VALIDATED
DUC-F-00273,p4-4x2,Yellow,#F4EE2A,4,238,-34.0,2.0,9.6,0,CONCEPT_NOT_FIT_VALIDATED
DUC-F-00274,p4-4x2,Yellow,#F4EE2A,4,239,-34.0,10.0,9.6,0,CONCEPT_NOT_FIT_VALIDATED
DUC-F-00275,p4-4x2,Yellow,#F4EE2A,4,240,-34.0,18.0,9.6,0,CONCEPT_NOT_FIT_VALIDATED
DUC-F-00276,p4-4x2,Yellow,#F4EE2A,4,241,-34.0,26.0,9.6,0,CONCEPT_NOT_FIT_VALIDATED
DUC-F-00277,p4-4x2,Yellow,#F4EE2A,4,242,-34.0,34.0,9.6,0,CONCEPT_NOT_FIT_VALIDATED
DUC-F-00247,p4-2x1,Yellow,#F4EE2A,3,243,-40.0,34.0,7.2,90,CONCEPT_NOT_FIT_VALIDATED
DUC-F-00278,p4-4x1,Yellow,#F4EE2A,4,244,-34.0,40.0,9.6,0,CONCEPT_NOT_FIT_VALIDATED
DUC-F-00279,p4-3x1,Yellow,#F4EE2A,4,245,-32.0,-32.0,9.6,0,CONCEPT_NOT_FIT_VALIDATED
DUC-F-00281,p4-2x1,Yellow,#F4EE2A,4,246,-30.0,-36.0,9.6,0,CONCEPT_NOT_FIT_VALIDATED
DUC-F-00284,p4-4x2,Yellow,#F4EE2A,4,247,-18.0,-38.0,9.6,0,CONCEPT_NOT_FIT_VALIDATED
DUC-F-00176,p4-2x1,Yellow,#F4EE2A,3,248,-18.0,-40.0,7.2,0,CONCEPT_NOT_FIT_VALIDATED
DUC-F-00177,p4-1x1,Yellow,#F4EE2A,3,249,-12.0,-40.0,7.2,0,CONCEPT_NOT_FIT_VALIDATED
DUC-F-00285,p4-4x2,Yellow,#F4EE2A,4,250,-18.0,-30.0,9.6,0,CONCEPT_NOT_FIT_VALIDATED
DUC-F-00286,p4-4x2,Yellow,#F4EE2A,4,251,-18.0,-22.0,9.6,0,CONCEPT_NOT_FIT_VALIDATED
DUC-F-00287,p4-4x2,Yellow,#F4EE2A,4,252,-18.0,-14.0,9.6,0,CONCEPT_NOT_FIT_VALIDATED
DUC-F-00288,p4-4x2,Yellow,#F4EE2A,4,253,-18.0,-6.0,9.6,0,CONCEPT_NOT_FIT_VALIDATED
DUC-F-00289,p4-4x2,Yellow,#F4EE2A,4,254,-18.0,2.0,9.6,0,CONCEPT_NOT_FIT_VALIDATED
DUC-F-00290,p4-4x2,Yellow,#F4EE2A,4,255,-18.0,10.0,9.6,0,CONCEPT_NOT_FIT_VALIDATED
DUC-F-00291,p4-4x2,Yellow,#F4EE2A,4,256,-18.0,18.0,9.6,0,CONCEPT_NOT_FIT_VALIDATED
DUC-F-00292,p4-4x2,Yellow,#F4EE2A,4,257,-18.0,26.0,9.6,0,CONCEPT_NOT_FIT_VALIDATED
DUC-F-00293,p4-4x2,Yellow,#F4EE2A,4,258,-18.0,34.0,9.6,0,CONCEPT_NOT_FIT_VALIDATED
DUC-F-00294,p4-4x2,Yellow,#F4EE2A,4,259,-18.0,42.0,9.6,0,CONCEPT_NOT_FIT_VALIDATED
DUC-F-00250,p4-2x1,Yellow,#F4EE2A,3,260,-26.0,44.0,7.2,0,CONCEPT_NOT_FIT_VALIDATED
DUC-F-00118,p4-1x1,Yellow,#F4EE2A,2,261,-24.0,44.0,4.8,0,CONCEPT_NOT_FIT_VALIDATED
DUC-F-00280,p4-3x1,Yellow,#F4EE2A,4,262,-32.0,44.0,9.6,0,CONCEPT_NOT_FIT_VALIDATED
DUC-F-00249,p4-1x1,Yellow,#F4EE2A,3,263,-32.0,44.0,7.2,0,CONCEPT_NOT_FIT_VALIDATED
DUC-F-00295,p4-4x2,Yellow,#F4EE2A,4,264,-18.0,50.0,9.6,0,CONCEPT_NOT_FIT_VALIDATED
DUC-F-00258,p4-1x1,Yellow,#F4EE2A,3,265,-24.0,48.0,7.2,0,CONCEPT_NOT_FIT_VALIDATED
DUC-F-00259,p4-1x1,Yellow,#F4EE2A,3,266,-16.0,52.0,7.2,0,CONCEPT_NOT_FIT_VALIDATED
DUC-F-00299,p4-4x2,Yellow,#F4EE2A,4,267,-2.0,-38.0,9.6,0,CONCEPT_NOT_FIT_VALIDATED
DUC-F-00173,p4-2x1,Yellow,#F4EE2A,3,268,-8.0,-42.0,7.2,90,CONCEPT_NOT_FIT_VALIDATED
DUC-F-00174,p4-2x2,Yellow,#F4EE2A,3,269,-2.0,-42.0,7.2,0,CONCEPT_NOT_FIT_VALIDATED
DUC-F-00131,p4-3x1,Yellow,#F4EE2A,2,270,0.0,-40.0,4.8,0,CONCEPT_NOT_FIT_VALIDATED
DUC-F-00175,p4-2x2,Yellow,#F4EE2A,3,271,6.0,-42.0,7.2,0,CONCEPT_NOT_FIT_VALIDATED
DUC-F-00298,p4-4x2,Yellow,#F4EE2A,4,272,-2.0,-46.0,9.6,0,CONCEPT_NOT_FIT_VALIDATED
DUC-F-00300,p4-4x2,Yellow,#F4EE2A,4,273,-2.0,-30.0,9.6,0,CONCEPT_NOT_FIT_VALIDATED
DUC-F-00301,p4-4x2,Yellow,#F4EE2A,4,274,-2.0,-22.0,9.6,0,CONCEPT_NOT_FIT_VALIDATED
DUC-F-00302,p4-4x2,Yellow,#F4EE2A,4,275,-2.0,-14.0,9.6,0,CONCEPT_NOT_FIT_VALIDATED
DUC-F-00303,p4-4x2,Yellow,#F4EE2A,4,276,-2.0,-6.0,9.6,0,CONCEPT_NOT_FIT_VALIDATED
DUC-F-00304,p4-4x2,Yellow,#F4EE2A,4,277,-2.0,2.0,9.6,0,CONCEPT_NOT_FIT_VALIDATED
DUC-F-00305,p4-4x2,Yellow,#F4EE2A,4,278,-2.0,10.0,9.6,0,CONCEPT_NOT_FIT_VALIDATED
DUC-F-00306,p4-4x2,Yellow,#F4EE2A,4,279,-2.0,18.0,9.6,0,CONCEPT_NOT_FIT_VALIDATED
DUC-F-00307,p4-4x2,Yellow,#F4EE2A,4,280,-2.0,26.0,9.6,0,CONCEPT_NOT_FIT_VALIDATED
DUC-F-00308,p4-4x2,Yellow,#F4EE2A,4,281,-2.0,34.0,9.6,0,CONCEPT_NOT_FIT_VALIDATED
DUC-F-00309,p4-4x2,Yellow,#F4EE2A,4,282,-2.0,42.0,9.6,0,CONCEPT_NOT_FIT_VALIDATED
DUC-F-00310,p4-4x2,Yellow,#F4EE2A,4,283,-2.0,50.0,9.6,0,CONCEPT_NOT_FIT_VALIDATED
DUC-F-00312,p4-2x1,Yellow,#F4EE2A,4,284,8.0,-46.0,9.6,90,CONCEPT_NOT_FIT_VALIDATED
DUC-F-00313,p4-4x2,Yellow,#F4EE2A,4,285,14.0,-38.0,9.6,0,CONCEPT_NOT_FIT_VALIDATED
DUC-F-00178,p4-2x1,Yellow,#F4EE2A,3,286,14.0,-40.0,7.2,0,CONCEPT_NOT_FIT_VALIDATED
DUC-F-00179,p4-1x1,Yellow,#F4EE2A,3,287,20.0,-40.0,7.2,0,CONCEPT_NOT_FIT_VALIDATED
DUC-F-00314,p4-4x2,Yellow,#F4EE2A,4,288,14.0,-30.0,9.6,0,CONCEPT_NOT_FIT_VALIDATED
DUC-F-00315,p4-4x2,Yellow,#F4EE2A,4,289,14.0,-22.0,9.6,0,CONCEPT_NOT_FIT_VALIDATED
DUC-F-00316,p4-4x2,Yellow,#F4EE2A,4,290,14.0,-14.0,9.6,0,CONCEPT_NOT_FIT_VALIDATED
DUC-F-00317,p4-4x2,Yellow,#F4EE2A,4,291,14.0,-6.0,9.6,0,CONCEPT_NOT_FIT_VALIDATED
DUC-F-00318,p4-4x2,Yellow,#F4EE2A,4,292,14.0,2.0,9.6,0,CONCEPT_NOT_FIT_VALIDATED
DUC-F-00319,p4-4x2,Yellow,#F4EE2A,4,293,14.0,10.0,9.6,0,CONCEPT_NOT_FIT_VALIDATED
DUC-F-00320,p4-4x2,Yellow,#F4EE2A,4,294,14.0,18.0,9.6,0,CONCEPT_NOT_FIT_VALIDATED
DUC-F-00321,p4-4x2,Yellow,#F4EE2A,4,295,14.0,26.0,9.6,0,CONCEPT_NOT_FIT_VALIDATED
DUC-F-00322,p4-4x2,Yellow,#F4EE2A,4,296,14.0,34.0,9.6,0,CONCEPT_NOT_FIT_VALIDATED
DUC-F-00323,p4-4x2,Yellow,#F4EE2A,4,297,14.0,42.0,9.6,0,CONCEPT_NOT_FIT_VALIDATED
DUC-F-00255,p4-3x2,Yellow,#F4EE2A,3,298,14.0,48.0,7.2,90,CONCEPT_NOT_FIT_VALIDATED
DUC-F-00153,p4-4x1,Yellow,#F4EE2A,2,299,18.0,44.0,4.8,0,CONCEPT_NOT_FIT_VALIDATED
DUC-F-00154,p4-1x1,Yellow,#F4EE2A,2,300,12.0,48.0,4.8,0,CONCEPT_NOT_FIT_VALIDATED
DUC-F-00256,p4-2x2,Yellow,#F4EE2A,3,301,22.0,46.0,7.2,0,CONCEPT_NOT_FIT_VALIDATED
DUC-F-00324,p4-4x2,Yellow,#F4EE2A,4,302,14.0,50.0,9.6,0,CONCEPT_NOT_FIT_VALIDATED
DUC-F-00327,p4-2x2,Yellow,#F4EE2A,4,303,26.0,-38.0,9.6,0,CONCEPT_NOT_FIT_VALIDATED
DUC-F-00328,p4-4x2,Yellow,#F4EE2A,4,304,30.0,-30.0,9.6,0,CONCEPT_NOT_FIT_VALIDATED
DUC-F-00189,p4-3x1,Yellow,#F4EE2A,3,305,32.0,-28.0,7.2,90,CONCEPT_NOT_FIT_VALIDATED
DUC-F-00167,p4-1x1,Yellow,#F4EE2A,2,306,32.0,-24.0,4.8,0,CONCEPT_NOT_FIT_VALIDATED
DUC-F-00191,p4-2x1,Yellow,#F4EE2A,3,307,36.0,-26.0,7.2,90,CONCEPT_NOT_FIT_VALIDATED
DUC-F-00329,p4-4x2,Yellow,#F4EE2A,4,308,30.0,-22.0,9.6,0,CONCEPT_NOT_FIT_VALIDATED
DUC-F-00330,p4-4x2,Yellow,#F4EE2A,4,309,30.0,-14.0,9.6,0,CONCEPT_NOT_FIT_VALIDATED
DUC-F-00331,p4-4x2,Yellow,#F4EE2A,4,310,30.0,-6.0,9.6,0,CONCEPT_NOT_FIT_VALIDATED
DUC-F-00332,p4-4x2,Yellow,#F4EE2A,4,311,30.0,2.0,9.6,0,CONCEPT_NOT_FIT_VALIDATED
DUC-F-00333,p4-4x2,Yellow,#F4EE2A,4,312,30.0,10.0,9.6,0,CONCEPT_NOT_FIT_VALIDATED
DUC-F-00334,p4-4x2,Yellow,#F4EE2A,4,313,30.0,18.0,9.6,0,CONCEPT_NOT_FIT_VALIDATED
DUC-F-00335,p4-4x2,Yellow,#F4EE2A,4,314,30.0,26.0,9.6,0,CONCEPT_NOT_FIT_VALIDATED
DUC-F-00336,p4-4x2,Yellow,#F4EE2A,4,315,30.0,34.0,9.6,0,CONCEPT_NOT_FIT_VALIDATED
DUC-F-00248,p4-2x1,Yellow,#F4EE2A,3,316,36.0,38.0,7.2,90,CONCEPT_NOT_FIT_VALIDATED
DUC-F-00337,p4-4x2,Yellow,#F4EE2A,4,317,30.0,42.0,9.6,0,CONCEPT_NOT_FIT_VALIDATED
DUC-F-00257,p4-2x1,Yellow,#F4EE2A,3,318,30.0,44.0,7.2,0,CONCEPT_NOT_FIT_VALIDATED
DUC-F-00338,p4-3x1,Yellow,#F4EE2A,4,319,28.0,48.0,9.6,0,CONCEPT_NOT_FIT_VALIDATED
DUC-F-00342,p4-2x1,Yellow,#F4EE2A,4,320,40.0,-22.0,9.6,90,CONCEPT_NOT_FIT_VALIDATED
DUC-F-00193,p4-1x1,Yellow,#F4EE2A,3,321,40.0,-24.0,7.2,0,CONCEPT_NOT_FIT_VALIDATED
DUC-F-00343,p4-2x2,Yellow,#F4EE2A,4,322,42.0,-14.0,9.6,0,CONCEPT_NOT_FIT_VALIDATED
DUC-F-00206,p4-3x1,Yellow,#F4EE2A,3,323,44.0,-12.0,7.2,90,CONCEPT_NOT_FIT_VALIDATED
DUC-F-00344,p4-3x2,Yellow,#F4EE2A,4,324,44.0,-6.0,9.6,0,CONCEPT_NOT_FIT_VALIDATED
DUC-F-00218,p4-4x1,Yellow,#F4EE2A,3,325,44.0,2.0,7.2,90,CONCEPT_NOT_FIT_VALIDATED
DUC-F-00170,p4-2x1,Yellow,#F4EE2A,2,326,44.0,-2.0,4.8,90,CONCEPT_NOT_FIT_VALIDATED
DUC-F-00171,p4-2x1,Yellow,#F4EE2A,2,327,44.0,6.0,4.8,90,CONCEPT_NOT_FIT_VALIDATED
DUC-F-00345,p4-3x2,Yellow,#F4EE2A,4,328,44.0,2.0,9.6,0,CONCEPT_NOT_FIT_VALIDATED
DUC-F-00220,p4-3x1,Yellow,#F4EE2A,3,329,48.0,4.0,7.2,90,CONCEPT_NOT_FIT_VALIDATED
DUC-F-00346,p4-4x2,Yellow,#F4EE2A,4,330,46.0,10.0,9.6,0,CONCEPT_NOT_FIT_VALIDATED
DUC-F-00233,p4-4x1,Yellow,#F4EE2A,3,331,44.0,18.0,7.2,90,CONCEPT_NOT_FIT_VALIDATED
DUC-F-00172,p4-2x1,Yellow,#F4EE2A,2,332,44.0,14.0,4.8,90,CONCEPT_NOT_FIT_VALIDATED
DUC-F-00234,p4-2x1,Yellow,#F4EE2A,3,333,48.0,14.0,7.2,90,CONCEPT_NOT_FIT_VALIDATED
DUC-F-00347,p4-3x2,Yellow,#F4EE2A,4,334,44.0,18.0,9.6,0,CONCEPT_NOT_FIT_VALIDATED
DUC-F-00348,p4-3x2,Yellow,#F4EE2A,4,335,44.0,26.0,9.6,0,CONCEPT_NOT_FIT_VALIDATED
DUC-F-00246,p4-1x1,Yellow,#F4EE2A,3,336,44.0,28.0,7.2,0,CONCEPT_NOT_FIT_VALIDATED
DUC-F-00349,p4-2x2,Yellow,#F4EE2A,4,337,42.0,34.0,9.6,0,CONCEPT_NOT_FIT_VALIDATED
DUC-F-00354,p4-3x1,Yellow,#F4EE2A,5,338,-4.0,-48.0,12.0,90,CONCEPT_NOT_FIT_VALIDATED
DUC-F-00355,p4-3x2,Yellow,#F4EE2A,5,339,2.0,-48.0,12.0,90,CONCEPT_NOT_FIT_VALIDATED
DUC-F-00358,p4-2x1,Yellow,#F4EE2A,5,340,-8.0,-46.0,12.0,90,CONCEPT_NOT_FIT_VALIDATED
DUC-F-00359,p4-2x2,Yellow,#F4EE2A,5,341,10.0,-46.0,12.0,0,CONCEPT_NOT_FIT_VALIDATED
DUC-F-00326,p4-3x1,Yellow,#F4EE2A,4,342,16.0,-44.0,9.6,0,CONCEPT_NOT_FIT_VALIDATED
DUC-F-00360,p4-2x2,Yellow,#F4EE2A,5,343,18.0,-46.0,12.0,0,CONCEPT_NOT_FIT_VALIDATED
DUC-F-00364,p4-4x2,Yellow,#F4EE2A,5,344,-30.0,-34.0,12.0,90,CONCEPT_NOT_FIT_VALIDATED
DUC-F-00283,p4-1x1,Yellow,#F4EE2A,4,345,-28.0,-40.0,9.6,0,CONCEPT_NOT_FIT_VALIDATED
DUC-F-00365,p4-4x2,Yellow,#F4EE2A,5,346,-22.0,-34.0,12.0,90,CONCEPT_NOT_FIT_VALIDATED
DUC-F-00366,p4-4x2,Yellow,#F4EE2A,5,347,-14.0,-34.0,12.0,90,CONCEPT_NOT_FIT_VALIDATED
DUC-F-00367,p4-4x2,Yellow,#F4EE2A,5,348,-6.0,-34.0,12.0,90,CONCEPT_NOT_FIT_VALIDATED
DUC-F-00368,p4-4x2,Yellow,#F4EE2A,5,349,2.0,-34.0,12.0,90,CONCEPT_NOT_FIT_VALIDATED
DUC-F-00369,p4-4x2,Yellow,#F4EE2A,5,350,10.0,-34.0,12.0,90,CONCEPT_NOT_FIT_VALIDATED
DUC-F-00370,p4-4x2,Yellow,#F4EE2A,5,351,18.0,-34.0,12.0,90,CONCEPT_NOT_FIT_VALIDATED
DUC-F-00371,p4-4x2,Yellow,#F4EE2A,5,352,26.0,-34.0,12.0,90,CONCEPT_NOT_FIT_VALIDATED
DUC-F-00372,p4-4x1,Yellow,#F4EE2A,5,353,32.0,-34.0,12.0,90,CONCEPT_NOT_FIT_VALIDATED
DUC-F-00340,p4-1x1,Yellow,#F4EE2A,4,354,32.0,-36.0,9.6,0,CONCEPT_NOT_FIT_VALIDATED
DUC-F-00373,p4-3x1,Yellow,#F4EE2A,5,355,-36.0,-32.0,12.0,90,CONCEPT_NOT_FIT_VALIDATED
DUC-F-00374,p4-3x1,Yellow,#F4EE2A,5,356,36.0,-32.0,12.0,90,CONCEPT_NOT_FIT_VALIDATED
DUC-F-00375,p4-2x1,Yellow,#F4EE2A,5,357,-40.0,-30.0,12.0,90,CONCEPT_NOT_FIT_VALIDATED
DUC-F-00379,p4-4x1,Yellow,#F4EE2A,5,358,-44.0,-18.0,12.0,90,CONCEPT_NOT_FIT_VALIDATED
DUC-F-00266,p4-1x1,Yellow,#F4EE2A,4,359,-44.0,-20.0,9.6,0,CONCEPT_NOT_FIT_VALIDATED
DUC-F-00380,p4-4x2,Yellow,#F4EE2A,5,360,-38.0,-18.0,12.0,90,CONCEPT_NOT_FIT_VALIDATED
DUC-F-00381,p4-4x2,Yellow,#F4EE2A,5,361,-30.0,-18.0,12.0,90,CONCEPT_NOT_FIT_VALIDATED
DUC-F-00382,p4-4x2,Yellow,#F4EE2A,5,362,-22.0,-18.0,12.0,90,CONCEPT_NOT_FIT_VALIDATED
DUC-F-00383,p4-4x2,Yellow,#F4EE2A,5,363,-14.0,-18.0,12.0,90,CONCEPT_NOT_FIT_VALIDATED
DUC-F-00384,p4-4x2,Yellow,#F4EE2A,5,364,-6.0,-18.0,12.0,90,CONCEPT_NOT_FIT_VALIDATED
DUC-F-00385,p4-4x2,Yellow,#F4EE2A,5,365,2.0,-18.0,12.0,90,CONCEPT_NOT_FIT_VALIDATED
DUC-F-00386,p4-4x2,Yellow,#F4EE2A,5,366,10.0,-18.0,12.0,90,CONCEPT_NOT_FIT_VALIDATED
DUC-F-00387,p4-4x2,Yellow,#F4EE2A,5,367,18.0,-18.0,12.0,90,CONCEPT_NOT_FIT_VALIDATED
DUC-F-00388,p4-4x2,Yellow,#F4EE2A,5,368,26.0,-18.0,12.0,90,CONCEPT_NOT_FIT_VALIDATED
DUC-F-00389,p4-4x2,Yellow,#F4EE2A,5,369,34.0,-18.0,12.0,90,CONCEPT_NOT_FIT_VALIDATED
DUC-F-00390,p4-4x2,Yellow,#F4EE2A,5,370,42.0,-18.0,12.0,90,CONCEPT_NOT_FIT_VALIDATED
DUC-F-00351,p4-1x1,Yellow,#F4EE2A,4,371,44.0,-20.0,9.6,0,CONCEPT_NOT_FIT_VALIDATED
DUC-F-00391,p4-3x1,Yellow,#F4EE2A,5,372,-48.0,-16.0,12.0,90,CONCEPT_NOT_FIT_VALIDATED
DUC-F-00396,p4-4x2,Yellow,#F4EE2A,5,373,-46.0,-2.0,12.0,90,CONCEPT_NOT_FIT_VALIDATED
DUC-F-00397,p4-4x2,Yellow,#F4EE2A,5,374,-38.0,-2.0,12.0,90,CONCEPT_NOT_FIT_VALIDATED
DUC-F-00398,p4-4x2,Yellow,#F4EE2A,5,375,-30.0,-2.0,12.0,90,CONCEPT_NOT_FIT_VALIDATED
DUC-F-00399,p4-4x2,Yellow,#F4EE2A,5,376,-22.0,-2.0,12.0,90,CONCEPT_NOT_FIT_VALIDATED
DUC-F-00400,p4-4x2,Yellow,#F4EE2A,5,377,-14.0,-2.0,12.0,90,CONCEPT_NOT_FIT_VALIDATED
DUC-F-00401,p4-4x2,Yellow,#F4EE2A,5,378,-6.0,-2.0,12.0,90,CONCEPT_NOT_FIT_VALIDATED
DUC-F-00402,p4-4x2,Yellow,#F4EE2A,5,379,2.0,-2.0,12.0,90,CONCEPT_NOT_FIT_VALIDATED
DUC-F-00403,p4-4x2,Yellow,#F4EE2A,5,380,10.0,-2.0,12.0,90,CONCEPT_NOT_FIT_VALIDATED
DUC-F-00404,p4-4x2,Yellow,#F4EE2A,5,381,18.0,-2.0,12.0,90,CONCEPT_NOT_FIT_VALIDATED
DUC-F-00405,p4-4x2,Yellow,#F4EE2A,5,382,26.0,-2.0,12.0,90,CONCEPT_NOT_FIT_VALIDATED
DUC-F-00406,p4-4x2,Yellow,#F4EE2A,5,383,34.0,-2.0,12.0,90,CONCEPT_NOT_FIT_VALIDATED
DUC-F-00407,p4-4x2,Yellow,#F4EE2A,5,384,42.0,-2.0,12.0,90,CONCEPT_NOT_FIT_VALIDATED
DUC-F-00408,p4-4x2,Yellow,#F4EE2A,5,385,50.0,-2.0,12.0,90,CONCEPT_NOT_FIT_VALIDATED
DUC-F-00353,p4-1x1,Yellow,#F4EE2A,4,386,52.0,0.0,9.6,0,CONCEPT_NOT_FIT_VALIDATED
DUC-F-00409,p4-4x1,Yellow,#F4EE2A,5,387,-52.0,14.0,12.0,90,CONCEPT_NOT_FIT_VALIDATED
DUC-F-00410,p4-4x2,Yellow,#F4EE2A,5,388,-46.0,14.0,12.0,90,CONCEPT_NOT_FIT_VALIDATED
DUC-F-00411,p4-4x2,Yellow,#F4EE2A,5,389,-38.0,14.0,12.0,90,CONCEPT_NOT_FIT_VALIDATED
DUC-F-00412,p4-4x2,Yellow,#F4EE2A,5,390,-30.0,14.0,12.0,90,CONCEPT_NOT_FIT_VALIDATED
DUC-F-00413,p4-4x2,Yellow,#F4EE2A,5,391,-22.0,14.0,12.0,90,CONCEPT_NOT_FIT_VALIDATED
DUC-F-00414,p4-4x2,Yellow,#F4EE2A,5,392,-14.0,14.0,12.0,90,CONCEPT_NOT_FIT_VALIDATED
DUC-F-00415,p4-4x2,Yellow,#F4EE2A,5,393,-6.0,14.0,12.0,90,CONCEPT_NOT_FIT_VALIDATED
DUC-F-00416,p4-4x2,Yellow,#F4EE2A,5,394,2.0,14.0,12.0,90,CONCEPT_NOT_FIT_VALIDATED
DUC-F-00417,p4-4x2,Yellow,#F4EE2A,5,395,10.0,14.0,12.0,90,CONCEPT_NOT_FIT_VALIDATED
DUC-F-00418,p4-4x2,Yellow,#F4EE2A,5,396,18.0,14.0,12.0,90,CONCEPT_NOT_FIT_VALIDATED
DUC-F-00419,p4-4x2,Yellow,#F4EE2A,5,397,26.0,14.0,12.0,90,CONCEPT_NOT_FIT_VALIDATED
DUC-F-00420,p4-4x2,Yellow,#F4EE2A,5,398,34.0,14.0,12.0,90,CONCEPT_NOT_FIT_VALIDATED
DUC-F-00421,p4-4x2,Yellow,#F4EE2A,5,399,42.0,14.0,12.0,90,CONCEPT_NOT_FIT_VALIDATED
DUC-F-00422,p4-4x2,Yellow,#F4EE2A,5,400,50.0,14.0,12.0,90,CONCEPT_NOT_FIT_VALIDATED
DUC-F-00424,p4-4x2,Yellow,#F4EE2A,5,401,-46.0,30.0,12.0,90,CONCEPT_NOT_FIT_VALIDATED
DUC-F-00268,p4-2x1,Yellow,#F4EE2A,4,402,-44.0,34.0,9.6,90,CONCEPT_NOT_FIT_VALIDATED
DUC-F-00425,p4-4x2,Yellow,#F4EE2A,5,403,-38.0,30.0,12.0,90,CONCEPT_NOT_FIT_VALIDATED
DUC-F-00426,p4-4x2,Yellow,#F4EE2A,5,404,-30.0,30.0,12.0,90,CONCEPT_NOT_FIT_VALIDATED
DUC-F-00427,p4-4x2,Yellow,#F4EE2A,5,405,-22.0,30.0,12.0,90,CONCEPT_NOT_FIT_VALIDATED
DUC-F-00428,p4-4x2,Yellow,#F4EE2A,5,406,-14.0,30.0,12.0,90,CONCEPT_NOT_FIT_VALIDATED
DUC-F-00429,p4-4x2,Yellow,#F4EE2A,5,407,-6.0,30.0,12.0,90,CONCEPT_NOT_FIT_VALIDATED
DUC-F-00430,p4-4x2,Yellow,#F4EE2A,5,408,2.0,30.0,12.0,90,CONCEPT_NOT_FIT_VALIDATED
DUC-F-00431,p4-4x2,Yellow,#F4EE2A,5,409,10.0,30.0,12.0,90,CONCEPT_NOT_FIT_VALIDATED
DUC-F-00432,p4-4x2,Yellow,#F4EE2A,5,410,18.0,30.0,12.0,90,CONCEPT_NOT_FIT_VALIDATED
DUC-F-00433,p4-4x2,Yellow,#F4EE2A,5,411,26.0,30.0,12.0,90,CONCEPT_NOT_FIT_VALIDATED
DUC-F-00434,p4-4x2,Yellow,#F4EE2A,5,412,34.0,30.0,12.0,90,CONCEPT_NOT_FIT_VALIDATED
DUC-F-00435,p4-4x2,Yellow,#F4EE2A,5,413,42.0,30.0,12.0,90,CONCEPT_NOT_FIT_VALIDATED
DUC-F-00436,p4-4x1,Yellow,#F4EE2A,5,414,48.0,30.0,12.0,90,CONCEPT_NOT_FIT_VALIDATED
DUC-F-00439,p4-2x2,Yellow,#F4EE2A,5,415,-38.0,42.0,12.0,0,CONCEPT_NOT_FIT_VALIDATED
DUC-F-00440,p4-4x2,Yellow,#F4EE2A,5,416,-30.0,46.0,12.0,90,CONCEPT_NOT_FIT_VALIDATED
DUC-F-00282,p4-2x1,Yellow,#F4EE2A,4,417,-30.0,48.0,9.6,0,CONCEPT_NOT_FIT_VALIDATED
DUC-F-00441,p4-4x2,Yellow,#F4EE2A,5,418,-22.0,46.0,12.0,90,CONCEPT_NOT_FIT_VALIDATED
DUC-F-00442,p4-4x2,Yellow,#F4EE2A,5,419,-14.0,46.0,12.0,90,CONCEPT_NOT_FIT_VALIDATED
DUC-F-00443,p4-4x2,Yellow,#F4EE2A,5,420,-6.0,46.0,12.0,90,CONCEPT_NOT_FIT_VALIDATED
DUC-F-00444,p4-4x2,Yellow,#F4EE2A,5,421,2.0,46.0,12.0,90,CONCEPT_NOT_FIT_VALIDATED
DUC-F-00445,p4-4x2,Yellow,#F4EE2A,5,422,10.0,46.0,12.0,90,CONCEPT_NOT_FIT_VALIDATED
DUC-F-00446,p4-4x2,Yellow,#F4EE2A,5,423,18.0,46.0,12.0,90,CONCEPT_NOT_FIT_VALIDATED
DUC-F-00447,p4-4x2,Yellow,#F4EE2A,5,424,26.0,46.0,12.0,90,CONCEPT_NOT_FIT_VALIDATED
DUC-F-00339,p4-1x1,Yellow,#F4EE2A,4,425,24.0,52.0,9.6,0,CONCEPT_NOT_FIT_VALIDATED
DUC-F-00448,p4-3x2,Yellow,#F4EE2A,5,426,34.0,44.0,12.0,90,CONCEPT_NOT_FIT_VALIDATED
DUC-F-00460,p4-3x2,Yellow,#F4EE2A,6,427,-52.0,-2.0,14.4,0,CONCEPT_NOT_FIT_VALIDATED
DUC-F-00395,p4-4x1,Yellow,#F4EE2A,5,428,-52.0,-2.0,12.0,90,CONCEPT_NOT_FIT_VALIDATED
DUC-F-00461,p4-3x2,Yellow,#F4EE2A,6,429,-52.0,6.0,14.4,0,CONCEPT_NOT_FIT_VALIDATED
DUC-F-00462,p4-3x2,Yellow,#F4EE2A,6,430,-52.0,14.0,14.4,0,CONCEPT_NOT_FIT_VALIDATED
DUC-F-00463,p4-3x1,Yellow,#F4EE2A,6,431,-52.0,20.0,14.4,0,CONCEPT_NOT_FIT_VALIDATED
DUC-F-00464,p4-2x2,Yellow,#F4EE2A,6,432,-50.0,-18.0,14.4,0,CONCEPT_NOT_FIT_VALIDATED
DUC-F-00465,p4-2x2,Yellow,#F4EE2A,6,433,-50.0,-10.0,14.4,0,CONCEPT_NOT_FIT_VALIDATED
DUC-F-00393,p4-1x1,Yellow,#F4EE2A,5,434,-52.0,-12.0,12.0,0,CONCEPT_NOT_FIT_VALIDATED
DUC-F-00466,p4-2x1,Yellow,#F4EE2A,6,435,-50.0,24.0,14.4,0,CONCEPT_NOT_FIT_VALIDATED
DUC-F-00423,p4-2x1,Yellow,#F4EE2A,5,436,-52.0,26.0,12.0,90,CONCEPT_NOT_FIT_VALIDATED
DUC-F-00467,p4-2x2,Yellow,#F4EE2A,6,437,-50.0,30.0,14.4,0,CONCEPT_NOT_FIT_VALIDATED
DUC-F-00469,p4-1x1,Yellow,#F4EE2A,6,438,-48.0,36.0,14.4,0,CONCEPT_NOT_FIT_VALIDATED
DUC-F-00470,p4-4x1,Yellow,#F4EE2A,6,439,-38.0,-32.0,14.4,0,CONCEPT_NOT_FIT_VALIDATED
DUC-F-00471,p4-4x2,Yellow,#F4EE2A,6,440,-38.0,-26.0,14.4,0,CONCEPT_NOT_FIT_VALIDATED
DUC-F-00377,p4-1x1,Yellow,#F4EE2A,5,441,-44.0,-28.0,12.0,0,CONCEPT_NOT_FIT_VALIDATED
DUC-F-00472,p4-4x2,Yellow,#F4EE2A,6,442,-38.0,-18.0,14.4,0,CONCEPT_NOT_FIT_VALIDATED
DUC-F-00473,p4-4x2,Yellow,#F4EE2A,6,443,-38.0,-10.0,14.4,0,CONCEPT_NOT_FIT_VALIDATED
DUC-F-00474,p4-4x2,Yellow,#F4EE2A,6,444,-38.0,-2.0,14.4,0,CONCEPT_NOT_FIT_VALIDATED
DUC-F-00475,p4-4x2,Yellow,#F4EE2A,6,445,-38.0,6.0,14.4,0,CONCEPT_NOT_FIT_VALIDATED
DUC-F-00476,p4-4x2,Yellow,#F4EE2A,6,446,-38.0,14.0,14.4,0,CONCEPT_NOT_FIT_VALIDATED
DUC-F-00477,p4-4x2,Yellow,#F4EE2A,6,447,-38.0,22.0,14.4,0,CONCEPT_NOT_FIT_VALIDATED
DUC-F-00478,p4-4x2,Yellow,#F4EE2A,6,448,-38.0,30.0,14.4,0,CONCEPT_NOT_FIT_VALIDATED
DUC-F-00479,p4-4x2,Yellow,#F4EE2A,6,449,-38.0,38.0,14.4,0,CONCEPT_NOT_FIT_VALIDATED
DUC-F-00438,p4-1x1,Yellow,#F4EE2A,5,450,-44.0,40.0,12.0,0,CONCEPT_NOT_FIT_VALIDATED
DUC-F-00480,p4-4x1,Yellow,#F4EE2A,6,451,-38.0,44.0,14.4,0,CONCEPT_NOT_FIT_VALIDATED
DUC-F-00481,p4-3x1,Yellow,#F4EE2A,6,452,-36.0,-36.0,14.4,0,CONCEPT_NOT_FIT_VALIDATED
DUC-F-00482,p4-3x1,Yellow,#F4EE2A,6,453,-36.0,48.0,14.4,0,CONCEPT_NOT_FIT_VALIDATED
DUC-F-00451,p4-1x1,Yellow,#F4EE2A,5,454,-36.0,48.0,12.0,0,CONCEPT_NOT_FIT_VALIDATED
DUC-F-00483,p4-2x1,Yellow,#F4EE2A,6,455,-34.0,-40.0,14.4,0,CONCEPT_NOT_FIT_VALIDATED
DUC-F-00484,p4-2x1,Yellow,#F4EE2A,6,456,-34.0,52.0,14.4,0,CONCEPT_NOT_FIT_VALIDATED
DUC-F-00487,p4-4x2,Yellow,#F4EE2A,6,457,-22.0,-42.0,14.4,0,CONCEPT_NOT_FIT_VALIDATED
DUC-F-00356,p4-2x1,Yellow,#F4EE2A,5,458,-20.0,-46.0,12.0,90,CONCEPT_NOT_FIT_VALIDATED
DUC-F-00296,p4-3x1,Yellow,#F4EE2A,4,459,-16.0,-44.0,9.6,0,CONCEPT_NOT_FIT_VALIDATED
DUC-F-00357,p4-2x2,Yellow,#F4EE2A,5,460,-14.0,-46.0,12.0,0,CONCEPT_NOT_FIT_VALIDATED
DUC-F-00361,p4-1x1,Yellow,#F4EE2A,5,461,-28.0,-44.0,12.0,0,CONCEPT_NOT_FIT_VALIDATED
DUC-F-00362,p4-1x1,Yellow,#F4EE2A,5,462,-24.0,-44.0,12.0,0,CONCEPT_NOT_FIT_VALIDATED
DUC-F-00486,p4-4x1,Yellow,#F4EE2A,6,463,-22.0,-48.0,14.4,0,CONCEPT_NOT_FIT_VALIDATED
DUC-F-00488,p4-4x2,Yellow,#F4EE2A,6,464,-22.0,-34.0,14.4,0,CONCEPT_NOT_FIT_VALIDATED
DUC-F-00489,p4-4x2,Yellow,#F4EE2A,6,465,-22.0,-26.0,14.4,0,CONCEPT_NOT_FIT_VALIDATED
DUC-F-00490,p4-4x2,Yellow,#F4EE2A,6,466,-22.0,-18.0,14.4,0,CONCEPT_NOT_FIT_VALIDATED
DUC-F-00491,p4-4x2,Yellow,#F4EE2A,6,467,-22.0,-10.0,14.4,0,CONCEPT_NOT_FIT_VALIDATED
DUC-F-00492,p4-4x2,Yellow,#F4EE2A,6,468,-22.0,-2.0,14.4,0,CONCEPT_NOT_FIT_VALIDATED
DUC-F-00493,p4-4x2,Yellow,#F4EE2A,6,469,-22.0,6.0,14.4,0,CONCEPT_NOT_FIT_VALIDATED
DUC-F-00494,p4-4x2,Yellow,#F4EE2A,6,470,-22.0,14.0,14.4,0,CONCEPT_NOT_FIT_VALIDATED
DUC-F-00495,p4-4x2,Yellow,#F4EE2A,6,471,-22.0,22.0,14.4,0,CONCEPT_NOT_FIT_VALIDATED
DUC-F-00496,p4-4x2,Yellow,#F4EE2A,6,472,-22.0,30.0,14.4,0,CONCEPT_NOT_FIT_VALIDATED
DUC-F-00497,p4-4x2,Yellow,#F4EE2A,6,473,-22.0,38.0,14.4,0,CONCEPT_NOT_FIT_VALIDATED
DUC-F-00498,p4-4x2,Yellow,#F4EE2A,6,474,-22.0,46.0,14.4,0,CONCEPT_NOT_FIT_VALIDATED
DUC-F-00499,p4-4x2,Yellow,#F4EE2A,6,475,-22.0,54.0,14.4,0,CONCEPT_NOT_FIT_VALIDATED
DUC-F-00453,p4-2x1,Yellow,#F4EE2A,5,476,-22.0,56.0,12.0,0,CONCEPT_NOT_FIT_VALIDATED
DUC-F-00454,p4-2x1,Yellow,#F4EE2A,5,477,-14.0,56.0,12.0,0,CONCEPT_NOT_FIT_VALIDATED
DUC-F-00297,p4-2x1,Yellow,#F4EE2A,4,478,-14.0,56.0,9.6,0,CONCEPT_NOT_FIT_VALIDATED
DUC-F-00502,p4-4x2,Yellow,#F4EE2A,6,479,-6.0,-50.0,14.4,0,CONCEPT_NOT_FIT_VALIDATED
DUC-F-00503,p4-4x2,Yellow,#F4EE2A,6,480,-6.0,-42.0,14.4,0,CONCEPT_NOT_FIT_VALIDATED
DUC-F-00504,p4-4x2,Yellow,#F4EE2A,6,481,-6.0,-34.0,14.4,0,CONCEPT_NOT_FIT_VALIDATED
DUC-F-00505,p4-4x2,Yellow,#F4EE2A,6,482,-6.0,-26.0,14.4,0,CONCEPT_NOT_FIT_VALIDATED
DUC-F-00506,p4-4x2,Yellow,#F4EE2A,6,483,-6.0,-18.0,14.4,0,CONCEPT_NOT_FIT_VALIDATED
DUC-F-00507,p4-4x2,Yellow,#F4EE2A,6,484,-6.0,-10.0,14.4,0,CONCEPT_NOT_FIT_VALIDATED
DUC-F-00508,p4-4x2,Yellow,#F4EE2A,6,485,-6.0,-2.0,14.4,0,CONCEPT_NOT_FIT_VALIDATED
DUC-F-00509,p4-4x2,Yellow,#F4EE2A,6,486,-6.0,6.0,14.4,0,CONCEPT_NOT_FIT_VALIDATED
DUC-F-00510,p4-4x2,Yellow,#F4EE2A,6,487,-6.0,14.0,14.4,0,CONCEPT_NOT_FIT_VALIDATED
DUC-F-00511,p4-4x2,Yellow,#F4EE2A,6,488,-6.0,22.0,14.4,0,CONCEPT_NOT_FIT_VALIDATED
DUC-F-00512,p4-4x2,Yellow,#F4EE2A,6,489,-6.0,30.0,14.4,0,CONCEPT_NOT_FIT_VALIDATED
DUC-F-00513,p4-4x2,Yellow,#F4EE2A,6,490,-6.0,38.0,14.4,0,CONCEPT_NOT_FIT_VALIDATED
DUC-F-00514,p4-4x2,Yellow,#F4EE2A,6,491,-6.0,46.0,14.4,0,CONCEPT_NOT_FIT_VALIDATED
DUC-F-00515,p4-4x2,Yellow,#F4EE2A,6,492,-6.0,54.0,14.4,0,CONCEPT_NOT_FIT_VALIDATED
DUC-F-00455,p4-2x2,Yellow,#F4EE2A,5,493,-6.0,58.0,12.0,0,CONCEPT_NOT_FIT_VALIDATED
DUC-F-00311,p4-4x1,Yellow,#F4EE2A,4,494,-2.0,56.0,9.6,0,CONCEPT_NOT_FIT_VALIDATED
DUC-F-00456,p4-2x2,Yellow,#F4EE2A,5,495,2.0,58.0,12.0,0,CONCEPT_NOT_FIT_VALIDATED
DUC-F-00516,p4-4x1,Yellow,#F4EE2A,6,496,-6.0,60.0,14.4,0,CONCEPT_NOT_FIT_VALIDATED
DUC-F-00518,p4-4x2,Yellow,#F4EE2A,6,497,10.0,-50.0,14.4,0,CONCEPT_NOT_FIT_VALIDATED
DUC-F-00519,p4-4x2,Yellow,#F4EE2A,6,498,10.0,-42.0,14.4,0,CONCEPT_NOT_FIT_VALIDATED
DUC-F-00520,p4-4x2,Yellow,#F4EE2A,6,499,10.0,-34.0,14.4,0,CONCEPT_NOT_FIT_VALIDATED
DUC-F-00521,p4-4x2,Yellow,#F4EE2A,6,500,10.0,-26.0,14.4,0,CONCEPT_NOT_FIT_VALIDATED
DUC-F-00522,p4-4x2,Yellow,#F4EE2A,6,501,10.0,-18.0,14.4,0,CONCEPT_NOT_FIT_VALIDATED
DUC-F-00523,p4-4x2,Yellow,#F4EE2A,6,502,10.0,-10.0,14.4,0,CONCEPT_NOT_FIT_VALIDATED
DUC-F-00524,p4-4x2,Yellow,#F4EE2A,6,503,10.0,-2.0,14.4,0,CONCEPT_NOT_FIT_VALIDATED
DUC-F-00525,p4-4x2,Yellow,#F4EE2A,6,504,10.0,6.0,14.4,0,CONCEPT_NOT_FIT_VALIDATED
DUC-F-00526,p4-4x2,Yellow,#F4EE2A,6,505,10.0,14.0,14.4,0,CONCEPT_NOT_FIT_VALIDATED
DUC-F-00527,p4-4x2,Yellow,#F4EE2A,6,506,10.0,22.0,14.4,0,CONCEPT_NOT_FIT_VALIDATED
DUC-F-00528,p4-4x2,Yellow,#F4EE2A,6,507,10.0,30.0,14.4,0,CONCEPT_NOT_FIT_VALIDATED
DUC-F-00529,p4-4x2,Yellow,#F4EE2A,6,508,10.0,38.0,14.4,0,CONCEPT_NOT_FIT_VALIDATED
DUC-F-00530,p4-4x2,Yellow,#F4EE2A,6,509,10.0,46.0,14.4,0,CONCEPT_NOT_FIT_VALIDATED
DUC-F-00531,p4-4x2,Yellow,#F4EE2A,6,510,10.0,54.0,14.4,0,CONCEPT_NOT_FIT_VALIDATED
DUC-F-00457,p4-2x1,Yellow,#F4EE2A,5,511,8.0,58.0,12.0,90,CONCEPT_NOT_FIT_VALIDATED
DUC-F-00325,p4-3x1,Yellow,#F4EE2A,4,512,12.0,56.0,9.6,0,CONCEPT_NOT_FIT_VALIDATED
DUC-F-00458,p4-1x1,Yellow,#F4EE2A,5,513,12.0,56.0,12.0,0,CONCEPT_NOT_FIT_VALIDATED
DUC-F-00459,p4-2x1,Yellow,#F4EE2A,5,514,18.0,56.0,12.0,0,CONCEPT_NOT_FIT_VALIDATED
DUC-F-00532,p4-4x1,Yellow,#F4EE2A,6,515,10.0,60.0,14.4,0,CONCEPT_NOT_FIT_VALIDATED
DUC-F-00533,p4-3x1,Yellow,#F4EE2A,6,516,24.0,-48.0,14.4,0,CONCEPT_NOT_FIT_VALIDATED
DUC-F-00534,p4-4x2,Yellow,#F4EE2A,6,517,26.0,-42.0,14.4,0,CONCEPT_NOT_FIT_VALIDATED
DUC-F-00363,p4-2x1,Yellow,#F4EE2A,5,518,26.0,-44.0,12.0,0,CONCEPT_NOT_FIT_VALIDATED
DUC-F-00535,p4-4x2,Yellow,#F4EE2A,6,519,26.0,-34.0,14.4,0,CONCEPT_NOT_FIT_VALIDATED
DUC-F-00536,p4-4x2,Yellow,#F4EE2A,6,520,26.0,-26.0,14.4,0,CONCEPT_NOT_FIT_VALIDATED
DUC-F-00537,p4-4x2,Yellow,#F4EE2A,6,521,26.0,-18.0,14.4,0,CONCEPT_NOT_FIT_VALIDATED
DUC-F-00538,p4-4x2,Yellow,#F4EE2A,6,522,26.0,-10.0,14.4,0,CONCEPT_NOT_FIT_VALIDATED
DUC-F-00539,p4-4x2,Yellow,#F4EE2A,6,523,26.0,-2.0,14.4,0,CONCEPT_NOT_FIT_VALIDATED
DUC-F-00540,p4-4x2,Yellow,#F4EE2A,6,524,26.0,6.0,14.4,0,CONCEPT_NOT_FIT_VALIDATED
DUC-F-00541,p4-4x2,Yellow,#F4EE2A,6,525,26.0,14.0,14.4,0,CONCEPT_NOT_FIT_VALIDATED
DUC-F-00542,p4-4x2,Yellow,#F4EE2A,6,526,26.0,22.0,14.4,0,CONCEPT_NOT_FIT_VALIDATED
DUC-F-00543,p4-4x2,Yellow,#F4EE2A,6,527,26.0,30.0,14.4,0,CONCEPT_NOT_FIT_VALIDATED
DUC-F-00544,p4-4x2,Yellow,#F4EE2A,6,528,26.0,38.0,14.4,0,CONCEPT_NOT_FIT_VALIDATED
DUC-F-00545,p4-4x2,Yellow,#F4EE2A,6,529,26.0,46.0,14.4,0,CONCEPT_NOT_FIT_VALIDATED
DUC-F-00546,p4-3x2,Yellow,#F4EE2A,6,530,24.0,54.0,14.4,0,CONCEPT_NOT_FIT_VALIDATED
DUC-F-00550,p4-2x2,Yellow,#F4EE2A,6,531,38.0,-34.0,14.4,0,CONCEPT_NOT_FIT_VALIDATED
DUC-F-00376,p4-2x1,Yellow,#F4EE2A,5,532,40.0,-30.0,12.0,90,CONCEPT_NOT_FIT_VALIDATED
DUC-F-00341,p4-1x1,Yellow,#F4EE2A,4,533,40.0,-28.0,9.6,0,CONCEPT_NOT_FIT_VALIDATED
DUC-F-00551,p4-3x2,Yellow,#F4EE2A,6,534,40.0,-26.0,14.4,0,CONCEPT_NOT_FIT_VALIDATED
DUC-F-00378,p4-1x1,Yellow,#F4EE2A,5,535,44.0,-28.0,12.0,0,CONCEPT_NOT_FIT_VALIDATED
DUC-F-00552,p4-4x2,Yellow,#F4EE2A,6,536,42.0,-18.0,14.4,0,CONCEPT_NOT_FIT_VALIDATED
DUC-F-00392,p4-3x1,Yellow,#F4EE2A,5,537,48.0,-16.0,12.0,90,CONCEPT_NOT_FIT_VALIDATED
DUC-F-00352,p4-1x1,Yellow,#F4EE2A,4,538,48.0,-12.0,9.6,0,CONCEPT_NOT_FIT_VALIDATED
DUC-F-00553,p4-4x2,Yellow,#F4EE2A,6,539,42.0,-10.0,14.4,0,CONCEPT_NOT_FIT_VALIDATED
DUC-F-00554,p4-4x2,Yellow,#F4EE2A,6,540,42.0,-2.0,14.4,0,CONCEPT_NOT_FIT_VALIDATED
DUC-F-00555,p4-4x2,Yellow,#F4EE2A,6,541,42.0,6.0,14.4,0,CONCEPT_NOT_FIT_VALIDATED
DUC-F-00556,p4-4x2,Yellow,#F4EE2A,6,542,42.0,14.0,14.4,0,CONCEPT_NOT_FIT_VALIDATED
DUC-F-00557,p4-4x2,Yellow,#F4EE2A,6,543,42.0,22.0,14.4,0,CONCEPT_NOT_FIT_VALIDATED
DUC-F-00558,p4-4x2,Yellow,#F4EE2A,6,544,42.0,30.0,14.4,0,CONCEPT_NOT_FIT_VALIDATED
DUC-F-00559,p4-3x2,Yellow,#F4EE2A,6,545,40.0,38.0,14.4,0,CONCEPT_NOT_FIT_VALIDATED
DUC-F-00449,p4-2x1,Yellow,#F4EE2A,5,546,40.0,42.0,12.0,90,CONCEPT_NOT_FIT_VALIDATED
DUC-F-00350,p4-1x1,Yellow,#F4EE2A,4,547,40.0,40.0,9.6,0,CONCEPT_NOT_FIT_VALIDATED
DUC-F-00450,p4-1x1,Yellow,#F4EE2A,5,548,44.0,40.0,12.0,0,CONCEPT_NOT_FIT_VALIDATED
DUC-F-00560,p4-2x2,Yellow,#F4EE2A,6,549,38.0,46.0,14.4,0,CONCEPT_NOT_FIT_VALIDATED
DUC-F-00564,p4-1x1,Yellow,#F4EE2A,6,550,48.0,36.0,14.4,0,CONCEPT_NOT_FIT_VALIDATED
DUC-F-00566,p4-2x1,Yellow,#F4EE2A,6,551,52.0,-10.0,14.4,90,CONCEPT_NOT_FIT_VALIDATED
DUC-F-00394,p4-1x1,Yellow,#F4EE2A,5,552,52.0,-12.0,12.0,0,CONCEPT_NOT_FIT_VALIDATED
DUC-F-00567,p4-2x2,Yellow,#F4EE2A,6,553,54.0,-2.0,14.4,0,CONCEPT_NOT_FIT_VALIDATED
DUC-F-00568,p4-2x2,Yellow,#F4EE2A,6,554,54.0,6.0,14.4,0,CONCEPT_NOT_FIT_VALIDATED
DUC-F-00569,p4-2x2,Yellow,#F4EE2A,6,555,54.0,14.0,14.4,0,CONCEPT_NOT_FIT_VALIDATED
DUC-F-00570,p4-2x1,Yellow,#F4EE2A,6,556,52.0,22.0,14.4,90,CONCEPT_NOT_FIT_VALIDATED
DUC-F-00437,p4-2x1,Yellow,#F4EE2A,5,557,52.0,26.0,12.0,90,CONCEPT_NOT_FIT_VALIDATED
DUC-F-00571,p4-2x1,Yellow,#F4EE2A,6,558,52.0,30.0,14.4,90,CONCEPT_NOT_FIT_VALIDATED
DUC-F-00574,p4-3x2,Yellow,#F4EE2A,7,559,-10.0,-52.0,16.8,90,CONCEPT_NOT_FIT_VALIDATED
DUC-F-00575,p4-3x2,Yellow,#F4EE2A,7,560,-2.0,-52.0,16.8,90,CONCEPT_NOT_FIT_VALIDATED
DUC-F-00576,p4-3x2,Yellow,#F4EE2A,7,561,6.0,-52.0,16.8,90,CONCEPT_NOT_FIT_VALIDATED
DUC-F-00577,p4-3x1,Yellow,#F4EE2A,7,562,12.0,-52.0,16.8,90,CONCEPT_NOT_FIT_VALIDATED
DUC-F-00578,p4-2x1,Yellow,#F4EE2A,7,563,-24.0,-50.0,16.8,90,CONCEPT_NOT_FIT_VALIDATED
DUC-F-00579,p4-2x2,Yellow,#F4EE2A,7,564,-18.0,-50.0,16.8,0,CONCEPT_NOT_FIT_VALIDATED
DUC-F-00501,p4-1x1,Yellow,#F4EE2A,6,565,-16.0,-52.0,14.4,0,CONCEPT_NOT_FIT_VALIDATED
DUC-F-00580,p4-2x1,Yellow,#F4EE2A,7,566,16.0,-50.0,16.8,90,CONCEPT_NOT_FIT_VALIDATED
DUC-F-00581,p4-2x2,Yellow,#F4EE2A,7,567,22.0,-50.0,16.8,0,CONCEPT_NOT_FIT_VALIDATED
DUC-F-00583,p4-1x1,Yellow,#F4EE2A,7,568,-28.0,-48.0,16.8,0,CONCEPT_NOT_FIT_VALIDATED
DUC-F-00584,p4-2x1,Yellow,#F4EE2A,7,569,30.0,-48.0,16.8,0,CONCEPT_NOT_FIT_VALIDATED
DUC-F-00585,p4-4x2,Yellow,#F4EE2A,7,570,-34.0,-38.0,16.8,90,CONCEPT_NOT_FIT_VALIDATED
DUC-F-00485,p4-1x1,Yellow,#F4EE2A,6,571,-32.0,-44.0,14.4,0,CONCEPT_NOT_FIT_VALIDATED
DUC-F-00586,p4-4x2,Yellow,#F4EE2A,7,572,-26.0,-38.0,16.8,90,CONCEPT_NOT_FIT_VALIDATED
DUC-F-00587,p4-4x2,Yellow,#F4EE2A,7,573,-18.0,-38.0,16.8,90,CONCEPT_NOT_FIT_VALIDATED
DUC-F-00588,p4-4x2,Yellow,#F4EE2A,7,574,-10.0,-38.0,16.8,90,CONCEPT_NOT_FIT_VALIDATED
DUC-F-00589,p4-4x2,Yellow,#F4EE2A,7,575,-2.0,-38.0,16.8,90,CONCEPT_NOT_FIT_VALIDATED
DUC-F-00590,p4-4x2,Yellow,#F4EE2A,7,576,6.0,-38.0,16.8,90,CONCEPT_NOT_FIT_VALIDATED
DUC-F-00591,p4-4x2,Yellow,#F4EE2A,7,577,14.0,-38.0,16.8,90,CONCEPT_NOT_FIT_VALIDATED
DUC-F-00592,p4-4x2,Yellow,#F4EE2A,7,578,22.0,-38.0,16.8,90,CONCEPT_NOT_FIT_VALIDATED
DUC-F-00593,p4-4x2,Yellow,#F4EE2A,7,579,30.0,-38.0,16.8,90,CONCEPT_NOT_FIT_VALIDATED
DUC-F-00594,p4-4x1,Yellow,#F4EE2A,7,580,36.0,-38.0,16.8,90,CONCEPT_NOT_FIT_VALIDATED
DUC-F-00549,p4-1x1,Yellow,#F4EE2A,6,581,36.0,-40.0,14.4,0,CONCEPT_NOT_FIT_VALIDATED
DUC-F-00595,p4-3x1,Yellow,#F4EE2A,7,582,-40.0,-36.0,16.8,90,CONCEPT_NOT_FIT_VALIDATED
DUC-F-00596,p4-3x1,Yellow,#F4EE2A,7,583,40.0,-36.0,16.8,90,CONCEPT_NOT_FIT_VALIDATED
DUC-F-00597,p4-2x1,Yellow,#F4EE2A,7,584,-44.0,-34.0,16.8,90,CONCEPT_NOT_FIT_VALIDATED
DUC-F-00601,p4-4x1,Yellow,#F4EE2A,7,585,-48.0,-22.0,16.8,90,CONCEPT_NOT_FIT_VALIDATED
DUC-F-00468,p4-1x1,Yellow,#F4EE2A,6,586,-48.0,-24.0,14.4,0,CONCEPT_NOT_FIT_VALIDATED
DUC-F-00602,p4-4x2,Yellow,#F4EE2A,7,587,-42.0,-22.0,16.8,90,CONCEPT_NOT_FIT_VALIDATED
DUC-F-00603,p4-4x2,Yellow,#F4EE2A,7,588,-34.0,-22.0,16.8,90,CONCEPT_NOT_FIT_VALIDATED
DUC-F-00604,p4-4x2,Yellow,#F4EE2A,7,589,-26.0,-22.0,16.8,90,CONCEPT_NOT_FIT_VALIDATED
DUC-F-00605,p4-4x2,Yellow,#F4EE2A,7,590,-18.0,-22.0,16.8,90,CONCEPT_NOT_FIT_VALIDATED
DUC-F-00606,p4-4x2,Yellow,#F4EE2A,7,591,-10.0,-22.0,16.8,90,CONCEPT_NOT_FIT_VALIDATED
DUC-F-00607,p4-4x2,Yellow,#F4EE2A,7,592,-2.0,-22.0,16.8,90,CONCEPT_NOT_FIT_VALIDATED
DUC-F-00608,p4-4x2,Yellow,#F4EE2A,7,593,6.0,-22.0,16.8,90,CONCEPT_NOT_FIT_VALIDATED
DUC-F-00609,p4-4x2,Yellow,#F4EE2A,7,594,14.0,-22.0,16.8,90,CONCEPT_NOT_FIT_VALIDATED
DUC-F-00610,p4-4x2,Yellow,#F4EE2A,7,595,22.0,-22.0,16.8,90,CONCEPT_NOT_FIT_VALIDATED
DUC-F-00611,p4-4x2,Yellow,#F4EE2A,7,596,30.0,-22.0,16.8,90,CONCEPT_NOT_FIT_VALIDATED
DUC-F-00612,p4-4x2,Yellow,#F4EE2A,7,597,38.0,-22.0,16.8,90,CONCEPT_NOT_FIT_VALIDATED
DUC-F-00613,p4-4x2,Yellow,#F4EE2A,7,598,46.0,-22.0,16.8,90,CONCEPT_NOT_FIT_VALIDATED
DUC-F-00563,p4-1x1,Yellow,#F4EE2A,6,599,48.0,-24.0,14.4,0,CONCEPT_NOT_FIT_VALIDATED
DUC-F-00614,p4-3x1,Yellow,#F4EE2A,7,600,-52.0,-20.0,16.8,90,CONCEPT_NOT_FIT_VALIDATED
DUC-F-00617,p4-4x1,Yellow,#F4EE2A,7,601,-56.0,-6.0,16.8,90,CONCEPT_NOT_FIT_VALIDATED
DUC-F-00618,p4-4x2,Yellow,#F4EE2A,7,602,-50.0,-6.0,16.8,90,CONCEPT_NOT_FIT_VALIDATED
DUC-F-00619,p4-4x2,Yellow,#F4EE2A,7,603,-42.0,-6.0,16.8,90,CONCEPT_NOT_FIT_VALIDATED
DUC-F-00620,p4-4x2,Yellow,#F4EE2A,7,604,-34.0,-6.0,16.8,90,CONCEPT_NOT_FIT_VALIDATED
DUC-F-00621,p4-4x2,Yellow,#F4EE2A,7,605,-26.0,-6.0,16.8,90,CONCEPT_NOT_FIT_VALIDATED
DUC-F-00622,p4-4x2,Yellow,#F4EE2A,7,606,-18.0,-6.0,16.8,90,CONCEPT_NOT_FIT_VALIDATED
DUC-F-00623,p4-4x2,Yellow,#F4EE2A,7,607,-10.0,-6.0,16.8,90,CONCEPT_NOT_FIT_VALIDATED
DUC-F-00624,p4-4x2,Yellow,#F4EE2A,7,608,-2.0,-6.0,16.8,90,CONCEPT_NOT_FIT_VALIDATED
DUC-F-00625,p4-4x2,Yellow,#F4EE2A,7,609,6.0,-6.0,16.8,90,CONCEPT_NOT_FIT_VALIDATED
DUC-F-00626,p4-4x2,Yellow,#F4EE2A,7,610,14.0,-6.0,16.8,90,CONCEPT_NOT_FIT_VALIDATED
DUC-F-00627,p4-4x2,Yellow,#F4EE2A,7,611,22.0,-6.0,16.8,90,CONCEPT_NOT_FIT_VALIDATED
DUC-F-00628,p4-4x2,Yellow,#F4EE2A,7,612,30.0,-6.0,16.8,90,CONCEPT_NOT_FIT_VALIDATED
DUC-F-00629,p4-4x2,Yellow,#F4EE2A,7,613,38.0,-6.0,16.8,90,CONCEPT_NOT_FIT_VALIDATED
DUC-F-00630,p4-4x2,Yellow,#F4EE2A,7,614,46.0,-6.0,16.8,90,CONCEPT_NOT_FIT_VALIDATED
DUC-F-00631,p4-4x2,Yellow,#F4EE2A,7,615,54.0,-6.0,16.8,90,CONCEPT_NOT_FIT_VALIDATED
DUC-F-00572,p4-1x1,Yellow,#F4EE2A,6,616,56.0,-8.0,14.4,0,CONCEPT_NOT_FIT_VALIDATED
DUC-F-00632,p4-4x1,Yellow,#F4EE2A,7,617,-56.0,10.0,16.8,90,CONCEPT_NOT_FIT_VALIDATED
DUC-F-00633,p4-4x2,Yellow,#F4EE2A,7,618,-50.0,10.0,16.8,90,CONCEPT_NOT_FIT_VALIDATED
DUC-F-00634,p4-4x2,Yellow,#F4EE2A,7,619,-42.0,10.0,16.8,90,CONCEPT_NOT_FIT_VALIDATED
DUC-F-00635,p4-4x2,Yellow,#F4EE2A,7,620,-34.0,10.0,16.8,90,CONCEPT_NOT_FIT_VALIDATED
DUC-F-00636,p4-4x2,Yellow,#F4EE2A,7,621,-26.0,10.0,16.8,90,CONCEPT_NOT_FIT_VALIDATED
DUC-F-00637,p4-4x2,Yellow,#F4EE2A,7,622,-18.0,10.0,16.8,90,CONCEPT_NOT_FIT_VALIDATED
DUC-F-00638,p4-4x2,Yellow,#F4EE2A,7,623,-10.0,10.0,16.8,90,CONCEPT_NOT_FIT_VALIDATED
DUC-F-00639,p4-4x2,Yellow,#F4EE2A,7,624,-2.0,10.0,16.8,90,CONCEPT_NOT_FIT_VALIDATED
DUC-F-00640,p4-4x2,Yellow,#F4EE2A,7,625,6.0,10.0,16.8,90,CONCEPT_NOT_FIT_VALIDATED
DUC-F-00641,p4-4x2,Yellow,#F4EE2A,7,626,14.0,10.0,16.8,90,CONCEPT_NOT_FIT_VALIDATED
DUC-F-00642,p4-4x2,Yellow,#F4EE2A,7,627,22.0,10.0,16.8,90,CONCEPT_NOT_FIT_VALIDATED
DUC-F-00643,p4-4x2,Yellow,#F4EE2A,7,628,30.0,10.0,16.8,90,CONCEPT_NOT_FIT_VALIDATED
DUC-F-00644,p4-4x2,Yellow,#F4EE2A,7,629,38.0,10.0,16.8,90,CONCEPT_NOT_FIT_VALIDATED
DUC-F-00645,p4-4x2,Yellow,#F4EE2A,7,630,46.0,10.0,16.8,90,CONCEPT_NOT_FIT_VALIDATED
DUC-F-00646,p4-4x2,Yellow,#F4EE2A,7,631,54.0,10.0,16.8,90,CONCEPT_NOT_FIT_VALIDATED
DUC-F-00647,p4-3x1,Yellow,#F4EE2A,7,632,-56.0,24.0,16.8,90,CONCEPT_NOT_FIT_VALIDATED
DUC-F-00648,p4-4x2,Yellow,#F4EE2A,7,633,-50.0,26.0,16.8,90,CONCEPT_NOT_FIT_VALIDATED
DUC-F-00649,p4-4x2,Yellow,#F4EE2A,7,634,-42.0,26.0,16.8,90,CONCEPT_NOT_FIT_VALIDATED
DUC-F-00650,p4-4x2,Yellow,#F4EE2A,7,635,-34.0,26.0,16.8,90,CONCEPT_NOT_FIT_VALIDATED
DUC-F-00651,p4-4x2,Yellow,#F4EE2A,7,636,-26.0,26.0,16.8,90,CONCEPT_NOT_FIT_VALIDATED
DUC-F-00652,p4-4x2,Yellow,#F4EE2A,7,637,-18.0,26.0,16.8,90,CONCEPT_NOT_FIT_VALIDATED
DUC-F-00653,p4-4x2,Yellow,#F4EE2A,7,638,-10.0,26.0,16.8,90,CONCEPT_NOT_FIT_VALIDATED
DUC-F-00654,p4-4x2,Yellow,#F4EE2A,7,639,-2.0,26.0,16.8,90,CONCEPT_NOT_FIT_VALIDATED
DUC-F-00655,p4-4x2,Yellow,#F4EE2A,7,640,6.0,26.0,16.8,90,CONCEPT_NOT_FIT_VALIDATED
DUC-F-00656,p4-4x2,Yellow,#F4EE2A,7,641,14.0,26.0,16.8,90,CONCEPT_NOT_FIT_VALIDATED
DUC-F-00657,p4-4x2,Yellow,#F4EE2A,7,642,22.0,26.0,16.8,90,CONCEPT_NOT_FIT_VALIDATED
DUC-F-00658,p4-4x2,Yellow,#F4EE2A,7,643,30.0,26.0,16.8,90,CONCEPT_NOT_FIT_VALIDATED
DUC-F-00659,p4-4x2,Yellow,#F4EE2A,7,644,38.0,26.0,16.8,90,CONCEPT_NOT_FIT_VALIDATED
DUC-F-00660,p4-4x2,Yellow,#F4EE2A,7,645,46.0,26.0,16.8,90,CONCEPT_NOT_FIT_VALIDATED
DUC-F-00661,p4-3x2,Yellow,#F4EE2A,7,646,54.0,24.0,16.8,90,CONCEPT_NOT_FIT_VALIDATED
DUC-F-00573,p4-1x1,Yellow,#F4EE2A,6,647,56.0,20.0,14.4,0,CONCEPT_NOT_FIT_VALIDATED
DUC-F-00662,p4-1x1,Yellow,#F4EE2A,7,648,52.0,32.0,16.8,0,CONCEPT_NOT_FIT_VALIDATED
DUC-F-00663,p4-2x1,Yellow,#F4EE2A,7,649,-50.0,36.0,16.8,0,CONCEPT_NOT_FIT_VALIDATED
DUC-F-00664,p4-3x2,Yellow,#F4EE2A,7,650,-42.0,40.0,16.8,90,CONCEPT_NOT_FIT_VALIDATED
DUC-F-00665,p4-4x2,Yellow,#F4EE2A,7,651,-34.0,42.0,16.8,90,CONCEPT_NOT_FIT_VALIDATED
DUC-F-00666,p4-4x2,Yellow,#F4EE2A,7,652,-26.0,42.0,16.8,90,CONCEPT_NOT_FIT_VALIDATED
DUC-F-00667,p4-4x2,Yellow,#F4EE2A,7,653,-18.0,42.0,16.8,90,CONCEPT_NOT_FIT_VALIDATED
DUC-F-00668,p4-4x2,Yellow,#F4EE2A,7,654,-10.0,42.0,16.8,90,CONCEPT_NOT_FIT_VALIDATED
DUC-F-00669,p4-4x2,Yellow,#F4EE2A,7,655,-2.0,42.0,16.8,90,CONCEPT_NOT_FIT_VALIDATED
DUC-F-00670,p4-4x2,Yellow,#F4EE2A,7,656,6.0,42.0,16.8,90,CONCEPT_NOT_FIT_VALIDATED
DUC-F-00671,p4-4x2,Yellow,#F4EE2A,7,657,14.0,42.0,16.8,90,CONCEPT_NOT_FIT_VALIDATED
DUC-F-00672,p4-4x2,Yellow,#F4EE2A,7,658,22.0,42.0,16.8,90,CONCEPT_NOT_FIT_VALIDATED
DUC-F-00673,p4-4x2,Yellow,#F4EE2A,7,659,30.0,42.0,16.8,90,CONCEPT_NOT_FIT_VALIDATED
DUC-F-00674,p4-4x2,Yellow,#F4EE2A,7,660,38.0,42.0,16.8,90,CONCEPT_NOT_FIT_VALIDATED
DUC-F-00675,p4-2x2,Yellow,#F4EE2A,7,661,46.0,38.0,16.8,0,CONCEPT_NOT_FIT_VALIDATED
DUC-F-00679,p4-1x1,Yellow,#F4EE2A,7,662,-40.0,48.0,16.8,0,CONCEPT_NOT_FIT_VALIDATED
DUC-F-00680,p4-2x1,Yellow,#F4EE2A,7,663,-34.0,52.0,16.8,0,CONCEPT_NOT_FIT_VALIDATED
DUC-F-00681,p4-3x2,Yellow,#F4EE2A,7,664,-26.0,56.0,16.8,90,CONCEPT_NOT_FIT_VALIDATED
DUC-F-00682,p4-3x2,Yellow,#F4EE2A,7,665,-18.0,56.0,16.8,90,CONCEPT_NOT_FIT_VALIDATED
DUC-F-00500,p4-2x1,Yellow,#F4EE2A,6,666,-18.0,60.0,14.4,0,CONCEPT_NOT_FIT_VALIDATED
DUC-F-00683,p4-4x2,Yellow,#F4EE2A,7,667,-10.0,58.0,16.8,90,CONCEPT_NOT_FIT_VALIDATED
DUC-F-00684,p4-4x2,Yellow,#F4EE2A,7,668,-2.0,58.0,16.8,90,CONCEPT_NOT_FIT_VALIDATED
DUC-F-00517,p4-1x1,Yellow,#F4EE2A,6,669,0.0,64.0,14.4,0,CONCEPT_NOT_FIT_VALIDATED
DUC-F-00685,p4-4x2,Yellow,#F4EE2A,7,670,6.0,58.0,16.8,90,CONCEPT_NOT_FIT_VALIDATED
DUC-F-00686,p4-4x2,Yellow,#F4EE2A,7,671,14.0,58.0,16.8,90,CONCEPT_NOT_FIT_VALIDATED
DUC-F-00687,p4-3x2,Yellow,#F4EE2A,7,672,22.0,56.0,16.8,90,CONCEPT_NOT_FIT_VALIDATED
DUC-F-00547,p4-1x1,Yellow,#F4EE2A,6,673,20.0,60.0,14.4,0,CONCEPT_NOT_FIT_VALIDATED
DUC-F-00688,p4-2x2,Yellow,#F4EE2A,7,674,30.0,54.0,16.8,0,CONCEPT_NOT_FIT_VALIDATED
DUC-F-00548,p4-1x1,Yellow,#F4EE2A,6,675,32.0,52.0,14.4,0,CONCEPT_NOT_FIT_VALIDATED
DUC-F-00452,p4-1x1,Yellow,#F4EE2A,5,676,32.0,52.0,12.0,0,CONCEPT_NOT_FIT_VALIDATED
DUC-F-00693,p4-3x2,Yellow,#F4EE2A,8,677,-56.0,-6.0,19.2,0,CONCEPT_NOT_FIT_VALIDATED
DUC-F-00694,p4-3x2,Yellow,#F4EE2A,8,678,-56.0,2.0,19.2,0,CONCEPT_NOT_FIT_VALIDATED
DUC-F-00695,p4-3x2,Yellow,#F4EE2A,8,679,-56.0,10.0,19.2,0,CONCEPT_NOT_FIT_VALIDATED
DUC-F-00696,p4-3x2,Yellow,#F4EE2A,8,680,-56.0,18.0,19.2,0,CONCEPT_NOT_FIT_VALIDATED
DUC-F-00697,p4-2x1,Yellow,#F4EE2A,8,681,-54.0,-20.0,19.2,0,CONCEPT_NOT_FIT_VALIDATED
DUC-F-00698,p4-2x2,Yellow,#F4EE2A,8,682,-54.0,-14.0,19.2,0,CONCEPT_NOT_FIT_VALIDATED
DUC-F-00699,p4-2x2,Yellow,#F4EE2A,8,683,-54.0,26.0,19.2,0,CONCEPT_NOT_FIT_VALIDATED
DUC-F-00700,p4-2x1,Yellow,#F4EE2A,8,684,-54.0,32.0,19.2,0,CONCEPT_NOT_FIT_VALIDATED
DUC-F-00702,p4-1x1,Yellow,#F4EE2A,8,685,-52.0,-24.0,19.2,0,CONCEPT_NOT_FIT_VALIDATED
DUC-F-00703,p4-1x1,Yellow,#F4EE2A,8,686,-52.0,36.0,19.2,0,CONCEPT_NOT_FIT_VALIDATED
DUC-F-00705,p4-4x1,Yellow,#F4EE2A,8,687,-42.0,-36.0,19.2,0,CONCEPT_NOT_FIT_VALIDATED
DUC-F-00706,p4-4x2,Yellow,#F4EE2A,8,688,-42.0,-30.0,19.2,0,CONCEPT_NOT_FIT_VALIDATED
DUC-F-00599,p4-1x1,Yellow,#F4EE2A,7,689,-48.0,-32.0,16.8,0,CONCEPT_NOT_FIT_VALIDATED
DUC-F-00707,p4-4x2,Yellow,#F4EE2A,8,690,-42.0,-22.0,19.2,0,CONCEPT_NOT_FIT_VALIDATED
DUC-F-00708,p4-4x2,Yellow,#F4EE2A,8,691,-42.0,-14.0,19.2,0,CONCEPT_NOT_FIT_VALIDATED
DUC-F-00709,p4-4x2,Yellow,#F4EE2A,8,692,-42.0,-6.0,19.2,0,CONCEPT_NOT_FIT_VALIDATED
DUC-F-00710,p4-4x2,Yellow,#F4EE2A,8,693,-42.0,2.0,19.2,0,CONCEPT_NOT_FIT_VALIDATED
DUC-F-00711,p4-4x2,Yellow,#F4EE2A,8,694,-42.0,10.0,19.2,0,CONCEPT_NOT_FIT_VALIDATED
DUC-F-00712,p4-4x2,Yellow,#F4EE2A,8,695,-42.0,18.0,19.2,0,CONCEPT_NOT_FIT_VALIDATED
DUC-F-00713,p4-4x2,Yellow,#F4EE2A,8,696,-42.0,26.0,19.2,0,CONCEPT_NOT_FIT_VALIDATED
DUC-F-00714,p4-4x2,Yellow,#F4EE2A,8,697,-42.0,34.0,19.2,0,CONCEPT_NOT_FIT_VALIDATED
DUC-F-00715,p4-4x2,Yellow,#F4EE2A,8,698,-42.0,42.0,19.2,0,CONCEPT_NOT_FIT_VALIDATED
DUC-F-00677,p4-1x1,Yellow,#F4EE2A,7,699,-48.0,40.0,16.8,0,CONCEPT_NOT_FIT_VALIDATED
DUC-F-00716,p4-3x1,Yellow,#F4EE2A,8,700,-40.0,-40.0,19.2,0,CONCEPT_NOT_FIT_VALIDATED
DUC-F-00717,p4-3x1,Yellow,#F4EE2A,8,701,-40.0,48.0,19.2,0,CONCEPT_NOT_FIT_VALIDATED
DUC-F-00718,p4-2x1,Yellow,#F4EE2A,8,702,-38.0,-44.0,19.2,0,CONCEPT_NOT_FIT_VALIDATED
DUC-F-00719,p4-2x1,Yellow,#F4EE2A,8,703,-38.0,52.0,19.2,0,CONCEPT_NOT_FIT_VALIDATED
DUC-F-00722,p4-4x2,Yellow,#F4EE2A,8,704,-26.0,-46.0,19.2,0,CONCEPT_NOT_FIT_VALIDATED
DUC-F-00582,p4-1x1,Yellow,#F4EE2A,7,705,-32.0,-48.0,16.8,0,CONCEPT_NOT_FIT_VALIDATED
DUC-F-00723,p4-4x2,Yellow,#F4EE2A,8,706,-26.0,-38.0,19.2,0,CONCEPT_NOT_FIT_VALIDATED
DUC-F-00724,p4-4x2,Yellow,#F4EE2A,8,707,-26.0,-30.0,19.2,0,CONCEPT_NOT_FIT_VALIDATED
DUC-F-00725,p4-4x2,Yellow,#F4EE2A,8,708,-26.0,-22.0,19.2,0,CONCEPT_NOT_FIT_VALIDATED
DUC-F-00726,p4-4x2,Yellow,#F4EE2A,8,709,-26.0,-14.0,19.2,0,CONCEPT_NOT_FIT_VALIDATED
DUC-F-00727,p4-4x2,Yellow,#F4EE2A,8,710,-26.0,-6.0,19.2,0,CONCEPT_NOT_FIT_VALIDATED
DUC-F-00728,p4-4x2,Yellow,#F4EE2A,8,711,-26.0,2.0,19.2,0,CONCEPT_NOT_FIT_VALIDATED
DUC-F-00729,p4-4x2,Yellow,#F4EE2A,8,712,-26.0,10.0,19.2,0,CONCEPT_NOT_FIT_VALIDATED
DUC-F-00730,p4-4x2,Yellow,#F4EE2A,8,713,-26.0,18.0,19.2,0,CONCEPT_NOT_FIT_VALIDATED
DUC-F-00731,p4-4x2,Yellow,#F4EE2A,8,714,-26.0,26.0,19.2,0,CONCEPT_NOT_FIT_VALIDATED
DUC-F-00732,p4-4x2,Yellow,#F4EE2A,8,715,-26.0,34.0,19.2,0,CONCEPT_NOT_FIT_VALIDATED
DUC-F-00733,p4-4x2,Yellow,#F4EE2A,8,716,-26.0,42.0,19.2,0,CONCEPT_NOT_FIT_VALIDATED
DUC-F-00734,p4-4x2,Yellow,#F4EE2A,8,717,-26.0,50.0,19.2,0,CONCEPT_NOT_FIT_VALIDATED
DUC-F-00735,p4-4x2,Yellow,#F4EE2A,8,718,-26.0,58.0,19.2,0,CONCEPT_NOT_FIT_VALIDATED
DUC-F-00690,p4-1x1,Yellow,#F4EE2A,7,719,-32.0,56.0,16.8,0,CONCEPT_NOT_FIT_VALIDATED
DUC-F-00736,p4-3x1,Yellow,#F4EE2A,8,720,-24.0,-52.0,19.2,0,CONCEPT_NOT_FIT_VALIDATED
DUC-F-00739,p4-4x2,Yellow,#F4EE2A,8,721,-10.0,-54.0,19.2,0,CONCEPT_NOT_FIT_VALIDATED
DUC-F-00740,p4-4x2,Yellow,#F4EE2A,8,722,-10.0,-46.0,19.2,0,CONCEPT_NOT_FIT_VALIDATED
DUC-F-00741,p4-4x2,Yellow,#F4EE2A,8,723,-10.0,-38.0,19.2,0,CONCEPT_NOT_FIT_VALIDATED
DUC-F-00742,p4-4x2,Yellow,#F4EE2A,8,724,-10.0,-30.0,19.2,0,CONCEPT_NOT_FIT_VALIDATED
DUC-F-00743,p4-4x2,Yellow,#F4EE2A,8,725,-10.0,-22.0,19.2,0,CONCEPT_NOT_FIT_VALIDATED
DUC-F-00744,p4-4x2,Yellow,#F4EE2A,8,726,-10.0,-14.0,19.2,0,CONCEPT_NOT_FIT_VALIDATED
DUC-F-00745,p4-4x2,Yellow,#F4EE2A,8,727,-10.0,-6.0,19.2,0,CONCEPT_NOT_FIT_VALIDATED
DUC-F-00746,p4-4x2,Yellow,#F4EE2A,8,728,-10.0,2.0,19.2,0,CONCEPT_NOT_FIT_VALIDATED
DUC-F-00747,p4-4x2,Yellow,#F4EE2A,8,729,-10.0,10.0,19.2,0,CONCEPT_NOT_FIT_VALIDATED
DUC-F-00748,p4-4x2,Yellow,#F4EE2A,8,730,-10.0,18.0,19.2,0,CONCEPT_NOT_FIT_VALIDATED
DUC-F-00749,p4-4x2,Yellow,#F4EE2A,8,731,-10.0,26.0,19.2,0,CONCEPT_NOT_FIT_VALIDATED
DUC-F-00750,p4-4x2,Yellow,#F4EE2A,8,732,-10.0,34.0,19.2,0,CONCEPT_NOT_FIT_VALIDATED
DUC-F-00751,p4-4x2,Yellow,#F4EE2A,8,733,-10.0,42.0,19.2,0,CONCEPT_NOT_FIT_VALIDATED
DUC-F-00752,p4-4x2,Yellow,#F4EE2A,8,734,-10.0,50.0,19.2,0,CONCEPT_NOT_FIT_VALIDATED
DUC-F-00753,p4-4x2,Yellow,#F4EE2A,8,735,-10.0,58.0,19.2,0,CONCEPT_NOT_FIT_VALIDATED
DUC-F-00754,p4-4x1,Yellow,#F4EE2A,8,736,-10.0,64.0,19.2,0,CONCEPT_NOT_FIT_VALIDATED
DUC-F-00692,p4-1x1,Yellow,#F4EE2A,7,737,-16.0,64.0,16.8,0,CONCEPT_NOT_FIT_VALIDATED
DUC-F-00758,p4-4x2,Yellow,#F4EE2A,8,738,6.0,-54.0,19.2,0,CONCEPT_NOT_FIT_VALIDATED
DUC-F-00759,p4-4x2,Yellow,#F4EE2A,8,739,6.0,-46.0,19.2,0,CONCEPT_NOT_FIT_VALIDATED
DUC-F-00760,p4-4x2,Yellow,#F4EE2A,8,740,6.0,-38.0,19.2,0,CONCEPT_NOT_FIT_VALIDATED
DUC-F-00761,p4-4x2,Yellow,#F4EE2A,8,741,6.0,-30.0,19.2,0,CONCEPT_NOT_FIT_VALIDATED
DUC-F-00762,p4-4x2,Yellow,#F4EE2A,8,742,6.0,-22.0,19.2,0,CONCEPT_NOT_FIT_VALIDATED
DUC-F-00763,p4-4x2,Yellow,#F4EE2A,8,743,6.0,-14.0,19.2,0,CONCEPT_NOT_FIT_VALIDATED
DUC-F-00764,p4-4x2,Yellow,#F4EE2A,8,744,6.0,-6.0,19.2,0,CONCEPT_NOT_FIT_VALIDATED
DUC-F-00765,p4-4x2,Yellow,#F4EE2A,8,745,6.0,2.0,19.2,0,CONCEPT_NOT_FIT_VALIDATED
DUC-F-00766,p4-4x2,Yellow,#F4EE2A,8,746,6.0,10.0,19.2,0,CONCEPT_NOT_FIT_VALIDATED
DUC-F-00767,p4-4x2,Yellow,#F4EE2A,8,747,6.0,18.0,19.2,0,CONCEPT_NOT_FIT_VALIDATED
DUC-F-00768,p4-4x2,Yellow,#F4EE2A,8,748,6.0,26.0,19.2,0,CONCEPT_NOT_FIT_VALIDATED
DUC-F-00769,p4-4x2,Yellow,#F4EE2A,8,749,6.0,34.0,19.2,0,CONCEPT_NOT_FIT_VALIDATED
DUC-F-00770,p4-4x2,Yellow,#F4EE2A,8,750,6.0,42.0,19.2,0,CONCEPT_NOT_FIT_VALIDATED
DUC-F-00771,p4-4x2,Yellow,#F4EE2A,8,751,6.0,50.0,19.2,0,CONCEPT_NOT_FIT_VALIDATED
DUC-F-00772,p4-4x2,Yellow,#F4EE2A,8,752,6.0,58.0,19.2,0,CONCEPT_NOT_FIT_VALIDATED
DUC-F-00773,p4-4x2,Yellow,#F4EE2A,8,753,6.0,66.0,19.2,0,CONCEPT_NOT_FIT_VALIDATED
DUC-F-00774,p4-2x2,Yellow,#F4EE2A,8,754,18.0,-54.0,19.2,0,CONCEPT_NOT_FIT_VALIDATED
DUC-F-00775,p4-4x2,Yellow,#F4EE2A,8,755,22.0,-46.0,19.2,0,CONCEPT_NOT_FIT_VALIDATED
DUC-F-00776,p4-4x2,Yellow,#F4EE2A,8,756,22.0,-38.0,19.2,0,CONCEPT_NOT_FIT_VALIDATED
DUC-F-00777,p4-4x2,Yellow,#F4EE2A,8,757,22.0,-30.0,19.2,0,CONCEPT_NOT_FIT_VALIDATED
DUC-F-00778,p4-4x2,Yellow,#F4EE2A,8,758,22.0,-22.0,19.2,0,CONCEPT_NOT_FIT_VALIDATED
DUC-F-00779,p4-4x2,Yellow,#F4EE2A,8,759,22.0,-14.0,19.2,0,CONCEPT_NOT_FIT_VALIDATED
DUC-F-00780,p4-4x2,Yellow,#F4EE2A,8,760,22.0,-6.0,19.2,0,CONCEPT_NOT_FIT_VALIDATED
DUC-F-00781,p4-4x2,Yellow,#F4EE2A,8,761,22.0,2.0,19.2,0,CONCEPT_NOT_FIT_VALIDATED
DUC-F-00782,p4-4x2,Yellow,#F4EE2A,8,762,22.0,10.0,19.2,0,CONCEPT_NOT_FIT_VALIDATED
DUC-F-00783,p4-4x2,Yellow,#F4EE2A,8,763,22.0,18.0,19.2,0,CONCEPT_NOT_FIT_VALIDATED
DUC-F-00784,p4-4x2,Yellow,#F4EE2A,8,764,22.0,26.0,19.2,0,CONCEPT_NOT_FIT_VALIDATED
DUC-F-00785,p4-4x2,Yellow,#F4EE2A,8,765,22.0,34.0,19.2,0,CONCEPT_NOT_FIT_VALIDATED
DUC-F-00786,p4-4x2,Yellow,#F4EE2A,8,766,22.0,42.0,19.2,0,CONCEPT_NOT_FIT_VALIDATED
DUC-F-00787,p4-4x2,Yellow,#F4EE2A,8,767,22.0,50.0,19.2,0,CONCEPT_NOT_FIT_VALIDATED
DUC-F-00788,p4-4x2,Yellow,#F4EE2A,8,768,22.0,58.0,19.2,0,CONCEPT_NOT_FIT_VALIDATED
DUC-F-00691,p4-1x1,Yellow,#F4EE2A,7,769,28.0,60.0,16.8,0,CONCEPT_NOT_FIT_VALIDATED
DUC-F-00789,p4-3x1,Yellow,#F4EE2A,8,770,20.0,64.0,19.2,0,CONCEPT_NOT_FIT_VALIDATED
DUC-F-00790,p4-2x1,Yellow,#F4EE2A,8,771,26.0,-52.0,19.2,0,CONCEPT_NOT_FIT_VALIDATED
DUC-F-00791,p4-2x2,Yellow,#F4EE2A,8,772,34.0,-46.0,19.2,0,CONCEPT_NOT_FIT_VALIDATED
DUC-F-00792,p4-4x2,Yellow,#F4EE2A,8,773,38.0,-38.0,19.2,0,CONCEPT_NOT_FIT_VALIDATED
DUC-F-00598,p4-2x1,Yellow,#F4EE2A,7,774,44.0,-34.0,16.8,90,CONCEPT_NOT_FIT_VALIDATED
DUC-F-00561,p4-1x1,Yellow,#F4EE2A,6,775,44.0,-32.0,14.4,0,CONCEPT_NOT_FIT_VALIDATED
DUC-F-00793,p4-4x2,Yellow,#F4EE2A,8,776,38.0,-30.0,19.2,0,CONCEPT_NOT_FIT_VALIDATED
DUC-F-00794,p4-4x2,Yellow,#F4EE2A,8,777,38.0,-22.0,19.2,0,CONCEPT_NOT_FIT_VALIDATED
DUC-F-00795,p4-4x2,Yellow,#F4EE2A,8,778,38.0,-14.0,19.2,0,CONCEPT_NOT_FIT_VALIDATED
DUC-F-00796,p4-4x2,Yellow,#F4EE2A,8,779,38.0,-6.0,19.2,0,CONCEPT_NOT_FIT_VALIDATED
DUC-F-00797,p4-4x2,Yellow,#F4EE2A,8,780,38.0,2.0,19.2,0,CONCEPT_NOT_FIT_VALIDATED
DUC-F-00798,p4-4x2,Yellow,#F4EE2A,8,781,38.0,10.0,19.2,0,CONCEPT_NOT_FIT_VALIDATED
DUC-F-00799,p4-4x2,Yellow,#F4EE2A,8,782,38.0,18.0,19.2,0,CONCEPT_NOT_FIT_VALIDATED
DUC-F-00800,p4-4x2,Yellow,#F4EE2A,8,783,38.0,26.0,19.2,0,CONCEPT_NOT_FIT_VALIDATED
DUC-F-00801,p4-4x2,Yellow,#F4EE2A,8,784,38.0,34.0,19.2,0,CONCEPT_NOT_FIT_VALIDATED
DUC-F-00802,p4-4x2,Yellow,#F4EE2A,8,785,38.0,42.0,19.2,0,CONCEPT_NOT_FIT_VALIDATED
DUC-F-00678,p4-1x1,Yellow,#F4EE2A,7,786,44.0,44.0,16.8,0,CONCEPT_NOT_FIT_VALIDATED
DUC-F-00562,p4-1x1,Yellow,#F4EE2A,6,787,44.0,44.0,14.4,0,CONCEPT_NOT_FIT_VALIDATED
DUC-F-00803,p4-3x2,Yellow,#F4EE2A,8,788,36.0,50.0,19.2,0,CONCEPT_NOT_FIT_VALIDATED
DUC-F-00689,p4-1x1,Yellow,#F4EE2A,7,789,36.0,52.0,16.8,0,CONCEPT_NOT_FIT_VALIDATED
DUC-F-00804,p4-2x1,Yellow,#F4EE2A,8,790,34.0,56.0,19.2,0,CONCEPT_NOT_FIT_VALIDATED
DUC-F-00809,p4-2x1,Yellow,#F4EE2A,8,791,48.0,-30.0,19.2,90,CONCEPT_NOT_FIT_VALIDATED
DUC-F-00600,p4-1x1,Yellow,#F4EE2A,7,792,48.0,-32.0,16.8,0,CONCEPT_NOT_FIT_VALIDATED
DUC-F-00810,p4-2x2,Yellow,#F4EE2A,8,793,50.0,-22.0,19.2,0,CONCEPT_NOT_FIT_VALIDATED
DUC-F-00615,p4-3x1,Yellow,#F4EE2A,7,794,52.0,-20.0,16.8,90,CONCEPT_NOT_FIT_VALIDATED
DUC-F-00565,p4-1x1,Yellow,#F4EE2A,6,795,52.0,-16.0,14.4,0,CONCEPT_NOT_FIT_VALIDATED
DUC-F-00811,p4-3x2,Yellow,#F4EE2A,8,796,52.0,-14.0,19.2,0,CONCEPT_NOT_FIT_VALIDATED
DUC-F-00616,p4-1x1,Yellow,#F4EE2A,7,797,56.0,-16.0,16.8,0,CONCEPT_NOT_FIT_VALIDATED
DUC-F-00812,p4-4x2,Yellow,#F4EE2A,8,798,54.0,-6.0,19.2,0,CONCEPT_NOT_FIT_VALIDATED
DUC-F-00813,p4-4x2,Yellow,#F4EE2A,8,799,54.0,2.0,19.2,0,CONCEPT_NOT_FIT_VALIDATED
DUC-F-00814,p4-4x2,Yellow,#F4EE2A,8,800,54.0,10.0,19.2,0,CONCEPT_NOT_FIT_VALIDATED
DUC-F-00815,p4-4x2,Yellow,#F4EE2A,8,801,54.0,18.0,19.2,0,CONCEPT_NOT_FIT_VALIDATED
DUC-F-00816,p4-3x2,Yellow,#F4EE2A,8,802,52.0,26.0,19.2,0,CONCEPT_NOT_FIT_VALIDATED
DUC-F-00817,p4-2x2,Yellow,#F4EE2A,8,803,50.0,34.0,19.2,0,CONCEPT_NOT_FIT_VALIDATED
DUC-F-00676,p4-1x1,Yellow,#F4EE2A,7,804,52.0,36.0,16.8,0,CONCEPT_NOT_FIT_VALIDATED
DUC-F-00818,p4-2x1,Yellow,#F4EE2A,8,805,50.0,40.0,19.2,0,CONCEPT_NOT_FIT_VALIDATED
DUC-F-00823,p4-3x2,Yellow,#F4EE2A,9,806,-14.0,-56.0,21.6,90,CONCEPT_NOT_FIT_VALIDATED
DUC-F-00824,p4-3x2,Yellow,#F4EE2A,9,807,-6.0,-56.0,21.6,90,CONCEPT_NOT_FIT_VALIDATED
DUC-F-00756,p4-2x1,Yellow,#F4EE2A,8,808,-6.0,-60.0,19.2,0,CONCEPT_NOT_FIT_VALIDATED
DUC-F-00825,p4-3x2,Yellow,#F4EE2A,9,809,2.0,-56.0,21.6,90,CONCEPT_NOT_FIT_VALIDATED
DUC-F-00757,p4-3x1,Yellow,#F4EE2A,8,810,4.0,-60.0,19.2,0,CONCEPT_NOT_FIT_VALIDATED
DUC-F-00826,p4-3x2,Yellow,#F4EE2A,9,811,10.0,-56.0,21.6,90,CONCEPT_NOT_FIT_VALIDATED
DUC-F-00827,p4-3x1,Yellow,#F4EE2A,9,812,16.0,-56.0,21.6,90,CONCEPT_NOT_FIT_VALIDATED
DUC-F-00828,p4-2x1,Yellow,#F4EE2A,9,813,-28.0,-54.0,21.6,90,CONCEPT_NOT_FIT_VALIDATED
DUC-F-00829,p4-2x2,Yellow,#F4EE2A,9,814,-22.0,-54.0,21.6,0,CONCEPT_NOT_FIT_VALIDATED
DUC-F-00738,p4-1x1,Yellow,#F4EE2A,8,815,-20.0,-56.0,19.2,0,CONCEPT_NOT_FIT_VALIDATED
DUC-F-00830,p4-2x1,Yellow,#F4EE2A,9,816,20.0,-54.0,21.6,90,CONCEPT_NOT_FIT_VALIDATED
DUC-F-00831,p4-2x2,Yellow,#F4EE2A,9,817,26.0,-54.0,21.6,0,CONCEPT_NOT_FIT_VALIDATED
DUC-F-00834,p4-4x2,Yellow,#F4EE2A,9,818,-38.0,-42.0,21.6,90,CONCEPT_NOT_FIT_VALIDATED
DUC-F-00720,p4-1x1,Yellow,#F4EE2A,8,819,-36.0,-48.0,19.2,0,CONCEPT_NOT_FIT_VALIDATED
DUC-F-00835,p4-4x2,Yellow,#F4EE2A,9,820,-30.0,-42.0,21.6,90,CONCEPT_NOT_FIT_VALIDATED
DUC-F-00836,p4-4x2,Yellow,#F4EE2A,9,821,-22.0,-42.0,21.6,90,CONCEPT_NOT_FIT_VALIDATED
DUC-F-00837,p4-4x2,Yellow,#F4EE2A,9,822,-14.0,-42.0,21.6,90,CONCEPT_NOT_FIT_VALIDATED
DUC-F-00838,p4-4x2,Yellow,#F4EE2A,9,823,-6.0,-42.0,21.6,90,CONCEPT_NOT_FIT_VALIDATED
DUC-F-00839,p4-4x2,Yellow,#F4EE2A,9,824,2.0,-42.0,21.6,90,CONCEPT_NOT_FIT_VALIDATED
DUC-F-00840,p4-4x2,Yellow,#F4EE2A,9,825,10.0,-42.0,21.6,90,CONCEPT_NOT_FIT_VALIDATED
DUC-F-00841,p4-4x2,Yellow,#F4EE2A,9,826,18.0,-42.0,21.6,90,CONCEPT_NOT_FIT_VALIDATED
DUC-F-00842,p4-4x2,Yellow,#F4EE2A,9,827,26.0,-42.0,21.6,90,CONCEPT_NOT_FIT_VALIDATED
DUC-F-00843,p4-4x2,Yellow,#F4EE2A,9,828,34.0,-42.0,21.6,90,CONCEPT_NOT_FIT_VALIDATED
DUC-F-00844,p4-4x1,Yellow,#F4EE2A,9,829,40.0,-42.0,21.6,90,CONCEPT_NOT_FIT_VALIDATED
DUC-F-00806,p4-1x1,Yellow,#F4EE2A,8,830,40.0,-44.0,19.2,0,CONCEPT_NOT_FIT_VALIDATED
DUC-F-00845,p4-3x1,Yellow,#F4EE2A,9,831,-44.0,-40.0,21.6,90,CONCEPT_NOT_FIT_VALIDATED
DUC-F-00846,p4-3x1,Yellow,#F4EE2A,9,832,44.0,-40.0,21.6,90,CONCEPT_NOT_FIT_VALIDATED
DUC-F-00847,p4-1x1,Yellow,#F4EE2A,9,833,-48.0,-36.0,21.6,0,CONCEPT_NOT_FIT_VALIDATED
DUC-F-00849,p4-4x2,Yellow,#F4EE2A,9,834,-46.0,-26.0,21.6,90,CONCEPT_NOT_FIT_VALIDATED
DUC-F-00850,p4-4x2,Yellow,#F4EE2A,9,835,-38.0,-26.0,21.6,90,CONCEPT_NOT_FIT_VALIDATED
DUC-F-00851,p4-4x2,Yellow,#F4EE2A,9,836,-30.0,-26.0,21.6,90,CONCEPT_NOT_FIT_VALIDATED
DUC-F-00852,p4-4x2,Yellow,#F4EE2A,9,837,-22.0,-26.0,21.6,90,CONCEPT_NOT_FIT_VALIDATED
DUC-F-00853,p4-4x2,Yellow,#F4EE2A,9,838,-14.0,-26.0,21.6,90,CONCEPT_NOT_FIT_VALIDATED
DUC-F-00854,p4-4x2,Yellow,#F4EE2A,9,839,-6.0,-26.0,21.6,90,CONCEPT_NOT_FIT_VALIDATED
DUC-F-00855,p4-4x2,Yellow,#F4EE2A,9,840,2.0,-26.0,21.6,90,CONCEPT_NOT_FIT_VALIDATED
DUC-F-00856,p4-4x2,Yellow,#F4EE2A,9,841,10.0,-26.0,21.6,90,CONCEPT_NOT_FIT_VALIDATED
DUC-F-00857,p4-4x2,Yellow,#F4EE2A,9,842,18.0,-26.0,21.6,90,CONCEPT_NOT_FIT_VALIDATED
DUC-F-00858,p4-4x2,Yellow,#F4EE2A,9,843,26.0,-26.0,21.6,90,CONCEPT_NOT_FIT_VALIDATED
DUC-F-00859,p4-4x2,Yellow,#F4EE2A,9,844,34.0,-26.0,21.6,90,CONCEPT_NOT_FIT_VALIDATED
DUC-F-00860,p4-4x2,Yellow,#F4EE2A,9,845,42.0,-26.0,21.6,90,CONCEPT_NOT_FIT_VALIDATED
DUC-F-00861,p4-4x1,Yellow,#F4EE2A,9,846,48.0,-26.0,21.6,90,CONCEPT_NOT_FIT_VALIDATED
DUC-F-00862,p4-3x1,Yellow,#F4EE2A,9,847,-52.0,-24.0,21.6,90,CONCEPT_NOT_FIT_VALIDATED
DUC-F-00701,p4-1x1,Yellow,#F4EE2A,8,848,-52.0,-28.0,19.2,0,CONCEPT_NOT_FIT_VALIDATED
DUC-F-00863,p4-3x1,Yellow,#F4EE2A,9,849,52.0,-24.0,21.6,90,CONCEPT_NOT_FIT_VALIDATED
DUC-F-00820,p4-1x1,Yellow,#F4EE2A,8,850,52.0,-28.0,19.2,0,CONCEPT_NOT_FIT_VALIDATED
DUC-F-00864,p4-2x1,Yellow,#F4EE2A,9,851,-56.0,-22.0,21.6,90,CONCEPT_NOT_FIT_VALIDATED
DUC-F-00866,p4-4x2,Yellow,#F4EE2A,9,852,-54.0,-10.0,21.6,90,CONCEPT_NOT_FIT_VALIDATED
DUC-F-00867,p4-4x2,Yellow,#F4EE2A,9,853,-46.0,-10.0,21.6,90,CONCEPT_NOT_FIT_VALIDATED
DUC-F-00868,p4-4x2,Yellow,#F4EE2A,9,854,-38.0,-10.0,21.6,90,CONCEPT_NOT_FIT_VALIDATED
DUC-F-00869,p4-4x2,Yellow,#F4EE2A,9,855,-30.0,-10.0,21.6,90,CONCEPT_NOT_FIT_VALIDATED
DUC-F-00870,p4-4x2,Yellow,#F4EE2A,9,856,-22.0,-10.0,21.6,90,CONCEPT_NOT_FIT_VALIDATED
DUC-F-00871,p4-4x2,Yellow,#F4EE2A,9,857,-14.0,-10.0,21.6,90,CONCEPT_NOT_FIT_VALIDATED
DUC-F-00872,p4-4x2,Yellow,#F4EE2A,9,858,-6.0,-10.0,21.6,90,CONCEPT_NOT_FIT_VALIDATED
DUC-F-00873,p4-4x2,Yellow,#F4EE2A,9,859,2.0,-10.0,21.6,90,CONCEPT_NOT_FIT_VALIDATED
DUC-F-00874,p4-4x2,Yellow,#F4EE2A,9,860,10.0,-10.0,21.6,90,CONCEPT_NOT_FIT_VALIDATED
DUC-F-00875,p4-4x2,Yellow,#F4EE2A,9,861,18.0,-10.0,21.6,90,CONCEPT_NOT_FIT_VALIDATED
DUC-F-00876,p4-4x2,Yellow,#F4EE2A,9,862,26.0,-10.0,21.6,90,CONCEPT_NOT_FIT_VALIDATED
DUC-F-00877,p4-4x2,Yellow,#F4EE2A,9,863,34.0,-10.0,21.6,90,CONCEPT_NOT_FIT_VALIDATED
DUC-F-00878,p4-4x2,Yellow,#F4EE2A,9,864,42.0,-10.0,21.6,90,CONCEPT_NOT_FIT_VALIDATED
DUC-F-00879,p4-4x2,Yellow,#F4EE2A,9,865,50.0,-10.0,21.6,90,CONCEPT_NOT_FIT_VALIDATED
DUC-F-00880,p4-4x1,Yellow,#F4EE2A,9,866,56.0,-10.0,21.6,90,CONCEPT_NOT_FIT_VALIDATED
DUC-F-00881,p4-3x1,Yellow,#F4EE2A,9,867,-60.0,-8.0,21.6,90,CONCEPT_NOT_FIT_VALIDATED
DUC-F-00882,p4-3x1,Yellow,#F4EE2A,9,868,60.0,-8.0,21.6,90,CONCEPT_NOT_FIT_VALIDATED
DUC-F-00883,p4-4x1,Yellow,#F4EE2A,9,869,-60.0,6.0,21.6,90,CONCEPT_NOT_FIT_VALIDATED
DUC-F-00884,p4-4x2,Yellow,#F4EE2A,9,870,-54.0,6.0,21.6,90,CONCEPT_NOT_FIT_VALIDATED
DUC-F-00885,p4-4x2,Yellow,#F4EE2A,9,871,-46.0,6.0,21.6,90,CONCEPT_NOT_FIT_VALIDATED
DUC-F-00886,p4-4x2,Yellow,#F4EE2A,9,872,-38.0,6.0,21.6,90,CONCEPT_NOT_FIT_VALIDATED
DUC-F-00887,p4-4x2,Yellow,#F4EE2A,9,873,-30.0,6.0,21.6,90,CONCEPT_NOT_FIT_VALIDATED
DUC-F-00888,p4-4x2,Yellow,#F4EE2A,9,874,-22.0,6.0,21.6,90,CONCEPT_NOT_FIT_VALIDATED
DUC-F-00889,p4-4x2,Yellow,#F4EE2A,9,875,-14.0,6.0,21.6,90,CONCEPT_NOT_FIT_VALIDATED
DUC-F-00890,p4-4x2,Yellow,#F4EE2A,9,876,-6.0,6.0,21.6,90,CONCEPT_NOT_FIT_VALIDATED
DUC-F-00891,p4-4x2,Yellow,#F4EE2A,9,877,2.0,6.0,21.6,90,CONCEPT_NOT_FIT_VALIDATED
DUC-F-00892,p4-4x2,Yellow,#F4EE2A,9,878,10.0,6.0,21.6,90,CONCEPT_NOT_FIT_VALIDATED
DUC-F-00893,p4-4x2,Yellow,#F4EE2A,9,879,18.0,6.0,21.6,90,CONCEPT_NOT_FIT_VALIDATED
DUC-F-00894,p4-4x2,Yellow,#F4EE2A,9,880,26.0,6.0,21.6,90,CONCEPT_NOT_FIT_VALIDATED
DUC-F-00895,p4-4x2,Yellow,#F4EE2A,9,881,34.0,6.0,21.6,90,CONCEPT_NOT_FIT_VALIDATED
DUC-F-00896,p4-4x2,Yellow,#F4EE2A,9,882,42.0,6.0,21.6,90,CONCEPT_NOT_FIT_VALIDATED
DUC-F-00897,p4-4x2,Yellow,#F4EE2A,9,883,50.0,6.0,21.6,90,CONCEPT_NOT_FIT_VALIDATED
DUC-F-00898,p4-4x2,Yellow,#F4EE2A,9,884,58.0,6.0,21.6,90,CONCEPT_NOT_FIT_VALIDATED
DUC-F-00899,p4-4x1,Yellow,#F4EE2A,9,885,-60.0,22.0,21.6,90,CONCEPT_NOT_FIT_VALIDATED
DUC-F-00900,p4-4x2,Yellow,#F4EE2A,9,886,-54.0,22.0,21.6,90,CONCEPT_NOT_FIT_VALIDATED
DUC-F-00901,p4-4x2,Yellow,#F4EE2A,9,887,-46.0,22.0,21.6,90,CONCEPT_NOT_FIT_VALIDATED
DUC-F-00902,p4-4x2,Yellow,#F4EE2A,9,888,-38.0,22.0,21.6,90,CONCEPT_NOT_FIT_VALIDATED
DUC-F-00903,p4-4x2,Yellow,#F4EE2A,9,889,-30.0,22.0,21.6,90,CONCEPT_NOT_FIT_VALIDATED
DUC-F-00904,p4-4x2,Yellow,#F4EE2A,9,890,-22.0,22.0,21.6,90,CONCEPT_NOT_FIT_VALIDATED
DUC-F-00905,p4-4x2,Yellow,#F4EE2A,9,891,-14.0,22.0,21.6,90,CONCEPT_NOT_FIT_VALIDATED
DUC-F-00906,p4-4x2,Yellow,#F4EE2A,9,892,-6.0,22.0,21.6,90,CONCEPT_NOT_FIT_VALIDATED
DUC-F-00907,p4-4x2,Yellow,#F4EE2A,9,893,2.0,22.0,21.6,90,CONCEPT_NOT_FIT_VALIDATED
DUC-F-00908,p4-4x2,Yellow,#F4EE2A,9,894,10.0,22.0,21.6,90,CONCEPT_NOT_FIT_VALIDATED
DUC-F-00909,p4-4x2,Yellow,#F4EE2A,9,895,18.0,22.0,21.6,90,CONCEPT_NOT_FIT_VALIDATED
DUC-F-00910,p4-4x2,Yellow,#F4EE2A,9,896,26.0,22.0,21.6,90,CONCEPT_NOT_FIT_VALIDATED
DUC-F-00911,p4-4x2,Yellow,#F4EE2A,9,897,34.0,22.0,21.6,90,CONCEPT_NOT_FIT_VALIDATED
DUC-F-00912,p4-4x2,Yellow,#F4EE2A,9,898,42.0,22.0,21.6,90,CONCEPT_NOT_FIT_VALIDATED
DUC-F-00913,p4-4x2,Yellow,#F4EE2A,9,899,50.0,22.0,21.6,90,CONCEPT_NOT_FIT_VALIDATED
DUC-F-00914,p4-3x2,Yellow,#F4EE2A,9,900,58.0,20.0,21.6,90,CONCEPT_NOT_FIT_VALIDATED
DUC-F-00915,p4-1x1,Yellow,#F4EE2A,9,901,56.0,28.0,21.6,0,CONCEPT_NOT_FIT_VALIDATED
DUC-F-00916,p4-2x2,Yellow,#F4EE2A,9,902,-54.0,34.0,21.6,0,CONCEPT_NOT_FIT_VALIDATED
DUC-F-00917,p4-4x2,Yellow,#F4EE2A,9,903,-46.0,38.0,21.6,90,CONCEPT_NOT_FIT_VALIDATED
DUC-F-00918,p4-4x2,Yellow,#F4EE2A,9,904,-38.0,38.0,21.6,90,CONCEPT_NOT_FIT_VALIDATED
DUC-F-00919,p4-4x2,Yellow,#F4EE2A,9,905,-30.0,38.0,21.6,90,CONCEPT_NOT_FIT_VALIDATED
DUC-F-00920,p4-4x2,Yellow,#F4EE2A,9,906,-22.0,38.0,21.6,90,CONCEPT_NOT_FIT_VALIDATED
DUC-F-00921,p4-4x2,Yellow,#F4EE2A,9,907,-14.0,38.0,21.6,90,CONCEPT_NOT_FIT_VALIDATED
DUC-F-00922,p4-4x2,Yellow,#F4EE2A,9,908,-6.0,38.0,21.6,90,CONCEPT_NOT_FIT_VALIDATED
DUC-F-00923,p4-4x2,Yellow,#F4EE2A,9,909,2.0,38.0,21.6,90,CONCEPT_NOT_FIT_VALIDATED
DUC-F-00924,p4-4x2,Yellow,#F4EE2A,9,910,10.0,38.0,21.6,90,CONCEPT_NOT_FIT_VALIDATED
DUC-F-00925,p4-4x2,Yellow,#F4EE2A,9,911,18.0,38.0,21.6,90,CONCEPT_NOT_FIT_VALIDATED
DUC-F-00926,p4-4x2,Yellow,#F4EE2A,9,912,26.0,38.0,21.6,90,CONCEPT_NOT_FIT_VALIDATED
DUC-F-00927,p4-4x2,Yellow,#F4EE2A,9,913,34.0,38.0,21.6,90,CONCEPT_NOT_FIT_VALIDATED
DUC-F-00928,p4-4x2,Yellow,#F4EE2A,9,914,42.0,38.0,21.6,90,CONCEPT_NOT_FIT_VALIDATED
DUC-F-00929,p4-3x2,Yellow,#F4EE2A,9,915,50.0,36.0,21.6,90,CONCEPT_NOT_FIT_VALIDATED
DUC-F-00933,p4-2x1,Yellow,#F4EE2A,9,916,-46.0,48.0,21.6,0,CONCEPT_NOT_FIT_VALIDATED
DUC-F-00934,p4-3x2,Yellow,#F4EE2A,9,917,-38.0,52.0,21.6,90,CONCEPT_NOT_FIT_VALIDATED
DUC-F-00721,p4-1x1,Yellow,#F4EE2A,8,918,-36.0,56.0,19.2,0,CONCEPT_NOT_FIT_VALIDATED
DUC-F-00935,p4-4x2,Yellow,#F4EE2A,9,919,-30.0,54.0,21.6,90,CONCEPT_NOT_FIT_VALIDATED
DUC-F-00936,p4-4x2,Yellow,#F4EE2A,9,920,-22.0,54.0,21.6,90,CONCEPT_NOT_FIT_VALIDATED
DUC-F-00937,p4-4x2,Yellow,#F4EE2A,9,921,-14.0,54.0,21.6,90,CONCEPT_NOT_FIT_VALIDATED
DUC-F-00938,p4-4x2,Yellow,#F4EE2A,9,922,-6.0,54.0,21.6,90,CONCEPT_NOT_FIT_VALIDATED
DUC-F-00939,p4-4x2,Yellow,#F4EE2A,9,923,2.0,54.0,21.6,90,CONCEPT_NOT_FIT_VALIDATED
DUC-F-00940,p4-4x2,Yellow,#F4EE2A,9,924,10.0,54.0,21.6,90,CONCEPT_NOT_FIT_VALIDATED
DUC-F-00941,p4-4x2,Yellow,#F4EE2A,9,925,18.0,54.0,21.6,90,CONCEPT_NOT_FIT_VALIDATED
DUC-F-00942,p4-4x2,Yellow,#F4EE2A,9,926,26.0,54.0,21.6,90,CONCEPT_NOT_FIT_VALIDATED
DUC-F-00943,p4-3x2,Yellow,#F4EE2A,9,927,34.0,52.0,21.6,90,CONCEPT_NOT_FIT_VALIDATED
DUC-F-00944,p4-2x2,Yellow,#F4EE2A,9,928,42.0,50.0,21.6,0,CONCEPT_NOT_FIT_VALIDATED
DUC-F-00807,p4-1x1,Yellow,#F4EE2A,8,929,44.0,48.0,19.2,0,CONCEPT_NOT_FIT_VALIDATED
DUC-F-00951,p4-2x2,Yellow,#F4EE2A,9,930,-14.0,66.0,21.6,0,CONCEPT_NOT_FIT_VALIDATED
DUC-F-00755,p4-3x1,Yellow,#F4EE2A,8,931,-8.0,68.0,19.2,0,CONCEPT_NOT_FIT_VALIDATED
DUC-F-00952,p4-2x2,Yellow,#F4EE2A,9,932,-6.0,66.0,21.6,0,CONCEPT_NOT_FIT_VALIDATED
DUC-F-00953,p4-2x2,Yellow,#F4EE2A,9,933,2.0,66.0,21.6,0,CONCEPT_NOT_FIT_VALIDATED
DUC-F-00954,p4-2x2,Yellow,#F4EE2A,9,934,10.0,66.0,21.6,0,CONCEPT_NOT_FIT_VALIDATED
DUC-F-00955,p4-2x2,Yellow,#F4EE2A,9,935,18.0,66.0,21.6,0,CONCEPT_NOT_FIT_VALIDATED
DUC-F-00956,p4-2x1,Yellow,#F4EE2A,9,936,26.0,64.0,21.6,0,CONCEPT_NOT_FIT_VALIDATED
DUC-F-00958,p4-3x1,Yellow,#F4EE2A,10,937,-60.0,0.0,24.0,0,CONCEPT_NOT_FIT_VALIDATED
DUC-F-00959,p4-3x2,Yellow,#F4EE2A,10,938,-60.0,6.0,24.0,0,CONCEPT_NOT_FIT_VALIDATED
DUC-F-00960,p4-3x1,Yellow,#F4EE2A,10,939,-60.0,12.0,24.0,0,CONCEPT_NOT_FIT_VALIDATED
DUC-F-00961,p4-2x1,Yellow,#F4EE2A,10,940,-58.0,-16.0,24.0,0,CONCEPT_NOT_FIT_VALIDATED
DUC-F-00962,p4-2x2,Yellow,#F4EE2A,10,941,-58.0,-10.0,24.0,0,CONCEPT_NOT_FIT_VALIDATED
DUC-F-00963,p4-2x1,Yellow,#F4EE2A,10,942,-58.0,-4.0,24.0,0,CONCEPT_NOT_FIT_VALIDATED
DUC-F-00964,p4-2x1,Yellow,#F4EE2A,10,943,-58.0,16.0,24.0,0,CONCEPT_NOT_FIT_VALIDATED
DUC-F-00965,p4-2x2,Yellow,#F4EE2A,10,944,-58.0,22.0,24.0,0,CONCEPT_NOT_FIT_VALIDATED
DUC-F-00966,p4-2x2,Yellow,#F4EE2A,10,945,-58.0,30.0,24.0,0,CONCEPT_NOT_FIT_VALIDATED
DUC-F-00967,p4-2x1,Yellow,#F4EE2A,10,946,-56.0,-26.0,24.0,90,CONCEPT_NOT_FIT_VALIDATED
DUC-F-00968,p4-1x1,Yellow,#F4EE2A,10,947,-56.0,-20.0,24.0,0,CONCEPT_NOT_FIT_VALIDATED
DUC-F-00969,p4-2x1,Yellow,#F4EE2A,10,948,-56.0,38.0,24.0,90,CONCEPT_NOT_FIT_VALIDATED
DUC-F-00970,p4-4x1,Yellow,#F4EE2A,10,949,-46.0,-32.0,24.0,0,CONCEPT_NOT_FIT_VALIDATED
DUC-F-00971,p4-4x2,Yellow,#F4EE2A,10,950,-46.0,-26.0,24.0,0,CONCEPT_NOT_FIT_VALIDATED
DUC-F-00972,p4-4x2,Yellow,#F4EE2A,10,951,-46.0,-18.0,24.0,0,CONCEPT_NOT_FIT_VALIDATED
DUC-F-00973,p4-4x2,Yellow,#F4EE2A,10,952,-46.0,-10.0,24.0,0,CONCEPT_NOT_FIT_VALIDATED
DUC-F-00974,p4-4x2,Yellow,#F4EE2A,10,953,-46.0,-2.0,24.0,0,CONCEPT_NOT_FIT_VALIDATED
DUC-F-00975,p4-4x2,Yellow,#F4EE2A,10,954,-46.0,6.0,24.0,0,CONCEPT_NOT_FIT_VALIDATED
DUC-F-00976,p4-4x2,Yellow,#F4EE2A,10,955,-46.0,14.0,24.0,0,CONCEPT_NOT_FIT_VALIDATED
DUC-F-00977,p4-4x2,Yellow,#F4EE2A,10,956,-46.0,22.0,24.0,0,CONCEPT_NOT_FIT_VALIDATED
DUC-F-00978,p4-4x2,Yellow,#F4EE2A,10,957,-46.0,30.0,24.0,0,CONCEPT_NOT_FIT_VALIDATED
DUC-F-00979,p4-4x2,Yellow,#F4EE2A,10,958,-46.0,38.0,24.0,0,CONCEPT_NOT_FIT_VALIDATED
DUC-F-00931,p4-2x1,Yellow,#F4EE2A,9,959,-52.0,42.0,21.6,90,CONCEPT_NOT_FIT_VALIDATED
DUC-F-00704,p4-1x1,Yellow,#F4EE2A,8,960,-52.0,40.0,19.2,0,CONCEPT_NOT_FIT_VALIDATED
DUC-F-00980,p4-4x1,Yellow,#F4EE2A,10,961,-46.0,44.0,24.0,0,CONCEPT_NOT_FIT_VALIDATED
DUC-F-00981,p4-3x1,Yellow,#F4EE2A,10,962,-44.0,-40.0,24.0,0,CONCEPT_NOT_FIT_VALIDATED
DUC-F-00982,p4-3x1,Yellow,#F4EE2A,10,963,-44.0,-36.0,24.0,0,CONCEPT_NOT_FIT_VALIDATED
DUC-F-00983,p4-3x1,Yellow,#F4EE2A,10,964,-44.0,48.0,24.0,0,CONCEPT_NOT_FIT_VALIDATED
DUC-F-00984,p4-2x1,Yellow,#F4EE2A,10,965,-42.0,-44.0,24.0,0,CONCEPT_NOT_FIT_VALIDATED
DUC-F-00985,p4-2x1,Yellow,#F4EE2A,10,966,-42.0,52.0,24.0,0,CONCEPT_NOT_FIT_VALIDATED
DUC-F-00946,p4-1x1,Yellow,#F4EE2A,9,967,-44.0,52.0,21.6,0,CONCEPT_NOT_FIT_VALIDATED
DUC-F-00986,p4-1x1,Yellow,#F4EE2A,10,968,-40.0,-48.0,24.0,0,CONCEPT_NOT_FIT_VALIDATED
DUC-F-00987,p4-1x1,Yellow,#F4EE2A,10,969,-40.0,56.0,24.0,0,CONCEPT_NOT_FIT_VALIDATED
DUC-F-00988,p4-4x2,Yellow,#F4EE2A,10,970,-30.0,-50.0,24.0,0,CONCEPT_NOT_FIT_VALIDATED
DUC-F-00832,p4-1x1,Yellow,#F4EE2A,9,971,-32.0,-52.0,21.6,0,CONCEPT_NOT_FIT_VALIDATED
DUC-F-00989,p4-4x2,Yellow,#F4EE2A,10,972,-30.0,-42.0,24.0,0,CONCEPT_NOT_FIT_VALIDATED
DUC-F-00990,p4-4x2,Yellow,#F4EE2A,10,973,-30.0,-34.0,24.0,0,CONCEPT_NOT_FIT_VALIDATED
DUC-F-00991,p4-4x2,Yellow,#F4EE2A,10,974,-30.0,-26.0,24.0,0,CONCEPT_NOT_FIT_VALIDATED
DUC-F-00992,p4-4x2,Yellow,#F4EE2A,10,975,-30.0,-18.0,24.0,0,CONCEPT_NOT_FIT_VALIDATED
DUC-F-00993,p4-4x2,Yellow,#F4EE2A,10,976,-30.0,-10.0,24.0,0,CONCEPT_NOT_FIT_VALIDATED
DUC-F-00994,p4-4x2,Yellow,#F4EE2A,10,977,-30.0,-2.0,24.0,0,CONCEPT_NOT_FIT_VALIDATED
DUC-F-00995,p4-4x2,Yellow,#F4EE2A,10,978,-30.0,6.0,24.0,0,CONCEPT_NOT_FIT_VALIDATED
DUC-F-00996,p4-4x2,Yellow,#F4EE2A,10,979,-30.0,14.0,24.0,0,CONCEPT_NOT_FIT_VALIDATED
DUC-F-00997,p4-4x2,Yellow,#F4EE2A,10,980,-30.0,22.0,24.0,0,CONCEPT_NOT_FIT_VALIDATED
DUC-F-00998,p4-4x2,Yellow,#F4EE2A,10,981,-30.0,30.0,24.0,0,CONCEPT_NOT_FIT_VALIDATED
DUC-F-00999,p4-4x2,Yellow,#F4EE2A,10,982,-30.0,38.0,24.0,0,CONCEPT_NOT_FIT_VALIDATED
DUC-F-01000,p4-4x2,Yellow,#F4EE2A,10,983,-30.0,46.0,24.0,0,CONCEPT_NOT_FIT_VALIDATED
DUC-F-01001,p4-4x2,Yellow,#F4EE2A,10,984,-30.0,54.0,24.0,0,CONCEPT_NOT_FIT_VALIDATED
DUC-F-01002,p4-4x1,Yellow,#F4EE2A,10,985,-30.0,60.0,24.0,0,CONCEPT_NOT_FIT_VALIDATED
DUC-F-01004,p4-2x1,Yellow,#F4EE2A,10,986,-26.0,-56.0,24.0,0,CONCEPT_NOT_FIT_VALIDATED
DUC-F-01007,p4-4x2,Yellow,#F4EE2A,10,987,-14.0,-58.0,24.0,0,CONCEPT_NOT_FIT_VALIDATED
DUC-F-01008,p4-4x2,Yellow,#F4EE2A,10,988,-14.0,-50.0,24.0,0,CONCEPT_NOT_FIT_VALIDATED
DUC-F-01009,p4-4x2,Yellow,#F4EE2A,10,989,-14.0,-42.0,24.0,0,CONCEPT_NOT_FIT_VALIDATED
DUC-F-01010,p4-4x2,Yellow,#F4EE2A,10,990,-14.0,-34.0,24.0,0,CONCEPT_NOT_FIT_VALIDATED
DUC-F-01011,p4-4x2,Yellow,#F4EE2A,10,991,-14.0,-26.0,24.0,0,CONCEPT_NOT_FIT_VALIDATED
DUC-F-01012,p4-4x2,Yellow,#F4EE2A,10,992,-14.0,-18.0,24.0,0,CONCEPT_NOT_FIT_VALIDATED
DUC-F-01013,p4-4x2,Yellow,#F4EE2A,10,993,-14.0,-10.0,24.0,0,CONCEPT_NOT_FIT_VALIDATED
DUC-F-01014,p4-4x2,Yellow,#F4EE2A,10,994,-14.0,-2.0,24.0,0,CONCEPT_NOT_FIT_VALIDATED
DUC-F-01015,p4-4x2,Yellow,#F4EE2A,10,995,-14.0,6.0,24.0,0,CONCEPT_NOT_FIT_VALIDATED
DUC-F-01016,p4-4x2,Yellow,#F4EE2A,10,996,-14.0,14.0,24.0,0,CONCEPT_NOT_FIT_VALIDATED
DUC-F-01017,p4-4x2,Yellow,#F4EE2A,10,997,-14.0,22.0,24.0,0,CONCEPT_NOT_FIT_VALIDATED
DUC-F-01018,p4-4x2,Yellow,#F4EE2A,10,998,-14.0,30.0,24.0,0,CONCEPT_NOT_FIT_VALIDATED
DUC-F-01019,p4-4x2,Yellow,#F4EE2A,10,999,-14.0,38.0,24.0,0,CONCEPT_NOT_FIT_VALIDATED
DUC-F-01020,p4-4x2,Yellow,#F4EE2A,10,1000,-14.0,46.0,24.0,0,CONCEPT_NOT_FIT_VALIDATED
DUC-F-01021,p4-4x2,Yellow,#F4EE2A,10,1001,-14.0,54.0,24.0,0,CONCEPT_NOT_FIT_VALIDATED
DUC-F-01022,p4-4x2,Yellow,#F4EE2A,10,1002,-14.0,62.0,24.0,0,CONCEPT_NOT_FIT_VALIDATED
DUC-F-00950,p4-2x1,Yellow,#F4EE2A,9,1003,-22.0,64.0,21.6,0,CONCEPT_NOT_FIT_VALIDATED
DUC-F-00737,p4-2x1,Yellow,#F4EE2A,8,1004,-22.0,64.0,19.2,0,CONCEPT_NOT_FIT_VALIDATED
DUC-F-01003,p4-3x1,Yellow,#F4EE2A,10,1005,-28.0,64.0,24.0,0,CONCEPT_NOT_FIT_VALIDATED
DUC-F-00949,p4-1x1,Yellow,#F4EE2A,9,1006,-28.0,64.0,21.6,0,CONCEPT_NOT_FIT_VALIDATED
DUC-F-01023,p4-4x1,Yellow,#F4EE2A,10,1007,-14.0,68.0,24.0,0,CONCEPT_NOT_FIT_VALIDATED
DUC-F-00957,p4-1x1,Yellow,#F4EE2A,9,1008,-20.0,68.0,21.6,0,CONCEPT_NOT_FIT_VALIDATED
DUC-F-01027,p4-4x2,Yellow,#F4EE2A,10,1009,2.0,-58.0,24.0,0,CONCEPT_NOT_FIT_VALIDATED
DUC-F-01028,p4-4x2,Yellow,#F4EE2A,10,1010,2.0,-50.0,24.0,0,CONCEPT_NOT_FIT_VALIDATED
DUC-F-01029,p4-4x2,Yellow,#F4EE2A,10,1011,2.0,-42.0,24.0,0,CONCEPT_NOT_FIT_VALIDATED
DUC-F-01030,p4-4x2,Yellow,#F4EE2A,10,1012,2.0,-34.0,24.0,0,CONCEPT_NOT_FIT_VALIDATED
DUC-F-01031,p4-4x2,Yellow,#F4EE2A,10,1013,2.0,-26.0,24.0,0,CONCEPT_NOT_FIT_VALIDATED
DUC-F-01032,p4-4x2,Yellow,#F4EE2A,10,1014,2.0,-18.0,24.0,0,CONCEPT_NOT_FIT_VALIDATED
DUC-F-01033,p4-4x2,Yellow,#F4EE2A,10,1015,2.0,-10.0,24.0,0,CONCEPT_NOT_FIT_VALIDATED
DUC-F-01034,p4-4x2,Yellow,#F4EE2A,10,1016,2.0,-2.0,24.0,0,CONCEPT_NOT_FIT_VALIDATED
DUC-F-01035,p4-4x2,Yellow,#F4EE2A,10,1017,2.0,6.0,24.0,0,CONCEPT_NOT_FIT_VALIDATED
DUC-F-01036,p4-4x2,Yellow,#F4EE2A,10,1018,2.0,14.0,24.0,0,CONCEPT_NOT_FIT_VALIDATED
DUC-F-01037,p4-4x2,Yellow,#F4EE2A,10,1019,2.0,22.0,24.0,0,CONCEPT_NOT_FIT_VALIDATED
DUC-F-01038,p4-4x2,Yellow,#F4EE2A,10,1020,2.0,30.0,24.0,0,CONCEPT_NOT_FIT_VALIDATED
DUC-F-01039,p4-4x2,Yellow,#F4EE2A,10,1021,2.0,38.0,24.0,0,CONCEPT_NOT_FIT_VALIDATED
DUC-F-01040,p4-4x2,Yellow,#F4EE2A,10,1022,2.0,46.0,24.0,0,CONCEPT_NOT_FIT_VALIDATED
DUC-F-01041,p4-4x2,Yellow,#F4EE2A,10,1023,2.0,54.0,24.0,0,CONCEPT_NOT_FIT_VALIDATED
DUC-F-01042,p4-4x2,Yellow,#F4EE2A,10,1024,2.0,62.0,24.0,0,CONCEPT_NOT_FIT_VALIDATED
DUC-F-01043,p4-4x2,Yellow,#F4EE2A,10,1025,2.0,70.0,24.0,0,CONCEPT_NOT_FIT_VALIDATED
DUC-F-01044,p4-4x2,Yellow,#F4EE2A,10,1026,18.0,-58.0,24.0,0,CONCEPT_NOT_FIT_VALIDATED
DUC-F-01045,p4-4x2,Yellow,#F4EE2A,10,1027,18.0,-50.0,24.0,0,CONCEPT_NOT_FIT_VALIDATED
DUC-F-01046,p4-4x2,Yellow,#F4EE2A,10,1028,18.0,-42.0,24.0,0,CONCEPT_NOT_FIT_VALIDATED
DUC-F-01047,p4-4x2,Yellow,#F4EE2A,10,1029,18.0,-34.0,24.0,0,CONCEPT_NOT_FIT_VALIDATED
DUC-F-01048,p4-4x2,Yellow,#F4EE2A,10,1030,18.0,-26.0,24.0,0,CONCEPT_NOT_FIT_VALIDATED
DUC-F-01049,p4-4x2,Yellow,#F4EE2A,10,1031,18.0,-18.0,24.0,0,CONCEPT_NOT_FIT_VALIDATED
DUC-F-01050,p4-4x2,Yellow,#F4EE2A,10,1032,18.0,-10.0,24.0,0,CONCEPT_NOT_FIT_VALIDATED
DUC-F-01051,p4-4x2,Yellow,#F4EE2A,10,1033,18.0,-2.0,24.0,0,CONCEPT_NOT_FIT_VALIDATED
DUC-F-01052,p4-4x2,Yellow,#F4EE2A,10,1034,18.0,6.0,24.0,0,CONCEPT_NOT_FIT_VALIDATED
DUC-F-01053,p4-4x2,Yellow,#F4EE2A,10,1035,18.0,14.0,24.0,0,CONCEPT_NOT_FIT_VALIDATED
DUC-F-01054,p4-4x2,Yellow,#F4EE2A,10,1036,18.0,22.0,24.0,0,CONCEPT_NOT_FIT_VALIDATED
DUC-F-01055,p4-4x2,Yellow,#F4EE2A,10,1037,18.0,30.0,24.0,0,CONCEPT_NOT_FIT_VALIDATED
DUC-F-01056,p4-4x2,Yellow,#F4EE2A,10,1038,18.0,38.0,24.0,0,CONCEPT_NOT_FIT_VALIDATED
DUC-F-01057,p4-4x2,Yellow,#F4EE2A,10,1039,18.0,46.0,24.0,0,CONCEPT_NOT_FIT_VALIDATED
DUC-F-01058,p4-4x2,Yellow,#F4EE2A,10,1040,18.0,54.0,24.0,0,CONCEPT_NOT_FIT_VALIDATED
DUC-F-01059,p4-4x2,Yellow,#F4EE2A,10,1041,18.0,62.0,24.0,0,CONCEPT_NOT_FIT_VALIDATED
DUC-F-01060,p4-4x1,Yellow,#F4EE2A,10,1042,18.0,68.0,24.0,0,CONCEPT_NOT_FIT_VALIDATED
DUC-F-01062,p4-1x1,Yellow,#F4EE2A,10,1043,28.0,-56.0,24.0,0,CONCEPT_NOT_FIT_VALIDATED
DUC-F-01063,p4-3x2,Yellow,#F4EE2A,10,1044,32.0,-50.0,24.0,0,CONCEPT_NOT_FIT_VALIDATED
DUC-F-00833,p4-1x1,Yellow,#F4EE2A,9,1045,32.0,-52.0,21.6,0,CONCEPT_NOT_FIT_VALIDATED
DUC-F-01064,p4-4x2,Yellow,#F4EE2A,10,1046,34.0,-42.0,24.0,0,CONCEPT_NOT_FIT_VALIDATED
DUC-F-01065,p4-4x2,Yellow,#F4EE2A,10,1047,34.0,-34.0,24.0,0,CONCEPT_NOT_FIT_VALIDATED
DUC-F-01066,p4-4x2,Yellow,#F4EE2A,10,1048,34.0,-26.0,24.0,0,CONCEPT_NOT_FIT_VALIDATED
DUC-F-01067,p4-4x2,Yellow,#F4EE2A,10,1049,34.0,-18.0,24.0,0,CONCEPT_NOT_FIT_VALIDATED
DUC-F-01068,p4-4x2,Yellow,#F4EE2A,10,1050,34.0,-10.0,24.0,0,CONCEPT_NOT_FIT_VALIDATED
DUC-F-01069,p4-4x2,Yellow,#F4EE2A,10,1051,34.0,-2.0,24.0,0,CONCEPT_NOT_FIT_VALIDATED
DUC-F-01070,p4-4x2,Yellow,#F4EE2A,10,1052,34.0,6.0,24.0,0,CONCEPT_NOT_FIT_VALIDATED
DUC-F-01071,p4-4x2,Yellow,#F4EE2A,10,1053,34.0,14.0,24.0,0,CONCEPT_NOT_FIT_VALIDATED
DUC-F-01072,p4-4x2,Yellow,#F4EE2A,10,1054,34.0,22.0,24.0,0,CONCEPT_NOT_FIT_VALIDATED
DUC-F-01073,p4-4x2,Yellow,#F4EE2A,10,1055,34.0,30.0,24.0,0,CONCEPT_NOT_FIT_VALIDATED
DUC-F-01074,p4-4x2,Yellow,#F4EE2A,10,1056,34.0,38.0,24.0,0,CONCEPT_NOT_FIT_VALIDATED
DUC-F-01075,p4-4x2,Yellow,#F4EE2A,10,1057,34.0,46.0,24.0,0,CONCEPT_NOT_FIT_VALIDATED
DUC-F-01076,p4-4x2,Yellow,#F4EE2A,10,1058,34.0,54.0,24.0,0,CONCEPT_NOT_FIT_VALIDATED
DUC-F-00947,p4-1x1,Yellow,#F4EE2A,9,1059,40.0,56.0,21.6,0,CONCEPT_NOT_FIT_VALIDATED
DUC-F-01077,p4-2x2,Yellow,#F4EE2A,10,1060,30.0,62.0,24.0,0,CONCEPT_NOT_FIT_VALIDATED
DUC-F-00948,p4-1x1,Yellow,#F4EE2A,9,1061,32.0,60.0,21.6,0,CONCEPT_NOT_FIT_VALIDATED
DUC-F-00805,p4-1x1,Yellow,#F4EE2A,8,1062,32.0,60.0,19.2,0,CONCEPT_NOT_FIT_VALIDATED
DUC-F-01079,p4-1x1,Yellow,#F4EE2A,10,1063,40.0,-48.0,24.0,0,CONCEPT_NOT_FIT_VALIDATED
DUC-F-01080,p4-2x1,Yellow,#F4EE2A,10,1064,44.0,-42.0,24.0,90,CONCEPT_NOT_FIT_VALIDATED
DUC-F-01081,p4-2x2,Yellow,#F4EE2A,10,1065,46.0,-34.0,24.0,0,CONCEPT_NOT_FIT_VALIDATED
DUC-F-00848,p4-1x1,Yellow,#F4EE2A,9,1066,48.0,-36.0,21.6,0,CONCEPT_NOT_FIT_VALIDATED
DUC-F-00808,p4-1x1,Yellow,#F4EE2A,8,1067,48.0,-36.0,19.2,0,CONCEPT_NOT_FIT_VALIDATED
DUC-F-01082,p4-3x2,Yellow,#F4EE2A,10,1068,48.0,-26.0,24.0,0,CONCEPT_NOT_FIT_VALIDATED
DUC-F-01083,p4-4x2,Yellow,#F4EE2A,10,1069,50.0,-18.0,24.0,0,CONCEPT_NOT_FIT_VALIDATED
DUC-F-00865,p4-2x1,Yellow,#F4EE2A,9,1070,56.0,-22.0,21.6,90,CONCEPT_NOT_FIT_VALIDATED
DUC-F-00821,p4-1x1,Yellow,#F4EE2A,8,1071,56.0,-20.0,19.2,0,CONCEPT_NOT_FIT_VALIDATED
DUC-F-01084,p4-4x2,Yellow,#F4EE2A,10,1072,50.0,-10.0,24.0,0,CONCEPT_NOT_FIT_VALIDATED
DUC-F-01085,p4-4x2,Yellow,#F4EE2A,10,1073,50.0,-2.0,24.0,0,CONCEPT_NOT_FIT_VALIDATED
DUC-F-01086,p4-4x2,Yellow,#F4EE2A,10,1074,50.0,6.0,24.0,0,CONCEPT_NOT_FIT_VALIDATED
DUC-F-01087,p4-4x2,Yellow,#F4EE2A,10,1075,50.0,14.0,24.0,0,CONCEPT_NOT_FIT_VALIDATED
DUC-F-01088,p4-4x2,Yellow,#F4EE2A,10,1076,50.0,22.0,24.0,0,CONCEPT_NOT_FIT_VALIDATED
DUC-F-01089,p4-4x2,Yellow,#F4EE2A,10,1077,50.0,30.0,24.0,0,CONCEPT_NOT_FIT_VALIDATED
DUC-F-00930,p4-2x1,Yellow,#F4EE2A,9,1078,56.0,34.0,21.6,90,CONCEPT_NOT_FIT_VALIDATED
DUC-F-00822,p4-1x1,Yellow,#F4EE2A,8,1079,56.0,32.0,19.2,0,CONCEPT_NOT_FIT_VALIDATED
DUC-F-01090,p4-4x2,Yellow,#F4EE2A,10,1080,50.0,38.0,24.0,0,CONCEPT_NOT_FIT_VALIDATED
DUC-F-01091,p4-2x2,Yellow,#F4EE2A,10,1081,46.0,46.0,24.0,0,CONCEPT_NOT_FIT_VALIDATED
DUC-F-00932,p4-1x1,Yellow,#F4EE2A,9,1082,48.0,44.0,21.6,0,CONCEPT_NOT_FIT_VALIDATED
DUC-F-00819,p4-1x1,Yellow,#F4EE2A,8,1083,48.0,44.0,19.2,0,CONCEPT_NOT_FIT_VALIDATED
DUC-F-00945,p4-1x1,Yellow,#F4EE2A,9,1084,48.0,48.0,21.6,0,CONCEPT_NOT_FIT_VALIDATED
DUC-F-01092,p4-1x1,Yellow,#F4EE2A,10,1085,44.0,52.0,24.0,0,CONCEPT_NOT_FIT_VALIDATED
DUC-F-01096,p4-1x1,Yellow,#F4EE2A,10,1086,56.0,-24.0,24.0,0,CONCEPT_NOT_FIT_VALIDATED
DUC-F-01098,p4-2x1,Yellow,#F4EE2A,10,1087,60.0,-10.0,24.0,90,CONCEPT_NOT_FIT_VALIDATED
DUC-F-01099,p4-2x1,Yellow,#F4EE2A,10,1088,60.0,-2.0,24.0,90,CONCEPT_NOT_FIT_VALIDATED
DUC-F-01100,p4-2x2,Yellow,#F4EE2A,10,1089,62.0,6.0,24.0,0,CONCEPT_NOT_FIT_VALIDATED
DUC-F-01101,p4-2x1,Yellow,#F4EE2A,10,1090,60.0,14.0,24.0,90,CONCEPT_NOT_FIT_VALIDATED
DUC-F-01102,p4-2x1,Yellow,#F4EE2A,10,1091,60.0,22.0,24.0,90,CONCEPT_NOT_FIT_VALIDATED
DUC-F-01106,p4-3x1,Yellow,#F4EE2A,11,1092,-16.0,-60.0,26.4,90,CONCEPT_NOT_FIT_VALIDATED
DUC-F-01107,p4-3x2,Yellow,#F4EE2A,11,1093,-10.0,-60.0,26.4,90,CONCEPT_NOT_FIT_VALIDATED
DUC-F-01025,p4-1x1,Yellow,#F4EE2A,10,1094,-8.0,-64.0,24.0,0,CONCEPT_NOT_FIT_VALIDATED
DUC-F-01108,p4-3x2,Yellow,#F4EE2A,11,1095,-2.0,-60.0,26.4,90,CONCEPT_NOT_FIT_VALIDATED
DUC-F-01026,p4-4x1,Yellow,#F4EE2A,10,1096,2.0,-64.0,24.0,0,CONCEPT_NOT_FIT_VALIDATED
DUC-F-01109,p4-3x2,Yellow,#F4EE2A,11,1097,6.0,-60.0,26.4,90,CONCEPT_NOT_FIT_VALIDATED
DUC-F-01110,p4-3x2,Yellow,#F4EE2A,11,1098,14.0,-60.0,26.4,90,CONCEPT_NOT_FIT_VALIDATED
DUC-F-01111,p4-2x2,Yellow,#F4EE2A,11,1099,-26.0,-58.0,26.4,0,CONCEPT_NOT_FIT_VALIDATED
DUC-F-01005,p4-1x1,Yellow,#F4EE2A,10,1100,-24.0,-60.0,24.0,0,CONCEPT_NOT_FIT_VALIDATED
DUC-F-01112,p4-2x1,Yellow,#F4EE2A,11,1101,-20.0,-58.0,26.4,90,CONCEPT_NOT_FIT_VALIDATED
DUC-F-01113,p4-2x2,Yellow,#F4EE2A,11,1102,22.0,-58.0,26.4,0,CONCEPT_NOT_FIT_VALIDATED
DUC-F-01114,p4-2x1,Yellow,#F4EE2A,11,1103,28.0,-58.0,26.4,90,CONCEPT_NOT_FIT_VALIDATED
DUC-F-01117,p4-4x1,Yellow,#F4EE2A,11,1104,-40.0,-46.0,26.4,90,CONCEPT_NOT_FIT_VALIDATED
DUC-F-01118,p4-4x2,Yellow,#F4EE2A,11,1105,-34.0,-46.0,26.4,90,CONCEPT_NOT_FIT_VALIDATED
DUC-F-01119,p4-4x2,Yellow,#F4EE2A,11,1106,-26.0,-46.0,26.4,90,CONCEPT_NOT_FIT_VALIDATED
DUC-F-01120,p4-4x2,Yellow,#F4EE2A,11,1107,-18.0,-46.0,26.4,90,CONCEPT_NOT_FIT_VALIDATED
DUC-F-01121,p4-4x2,Yellow,#F4EE2A,11,1108,-10.0,-46.0,26.4,90,CONCEPT_NOT_FIT_VALIDATED
DUC-F-01122,p4-4x2,Yellow,#F4EE2A,11,1109,-2.0,-46.0,26.4,90,CONCEPT_NOT_FIT_VALIDATED
DUC-F-01123,p4-4x2,Yellow,#F4EE2A,11,1110,6.0,-46.0,26.4,90,CONCEPT_NOT_FIT_VALIDATED
DUC-F-01124,p4-4x2,Yellow,#F4EE2A,11,1111,14.0,-46.0,26.4,90,CONCEPT_NOT_FIT_VALIDATED
DUC-F-01125,p4-4x2,Yellow,#F4EE2A,11,1112,22.0,-46.0,26.4,90,CONCEPT_NOT_FIT_VALIDATED
DUC-F-01126,p4-4x2,Yellow,#F4EE2A,11,1113,30.0,-46.0,26.4,90,CONCEPT_NOT_FIT_VALIDATED
DUC-F-01127,p4-4x2,Yellow,#F4EE2A,11,1114,38.0,-46.0,26.4,90,CONCEPT_NOT_FIT_VALIDATED
DUC-F-01128,p4-3x1,Yellow,#F4EE2A,11,1115,-44.0,-44.0,26.4,90,CONCEPT_NOT_FIT_VALIDATED
DUC-F-01129,p4-3x1,Yellow,#F4EE2A,11,1116,44.0,-44.0,26.4,90,CONCEPT_NOT_FIT_VALIDATED
DUC-F-01130,p4-1x1,Yellow,#F4EE2A,11,1117,-48.0,-40.0,26.4,0,CONCEPT_NOT_FIT_VALIDATED
DUC-F-01132,p4-4x2,Yellow,#F4EE2A,11,1118,-50.0,-30.0,26.4,90,CONCEPT_NOT_FIT_VALIDATED
DUC-F-01133,p4-4x2,Yellow,#F4EE2A,11,1119,-42.0,-30.0,26.4,90,CONCEPT_NOT_FIT_VALIDATED
DUC-F-01134,p4-4x2,Yellow,#F4EE2A,11,1120,-34.0,-30.0,26.4,90,CONCEPT_NOT_FIT_VALIDATED
DUC-F-01135,p4-4x2,Yellow,#F4EE2A,11,1121,-26.0,-30.0,26.4,90,CONCEPT_NOT_FIT_VALIDATED
DUC-F-01136,p4-4x2,Yellow,#F4EE2A,11,1122,-18.0,-30.0,26.4,90,CONCEPT_NOT_FIT_VALIDATED
DUC-F-01137,p4-4x2,Yellow,#F4EE2A,11,1123,-10.0,-30.0,26.4,90,CONCEPT_NOT_FIT_VALIDATED
DUC-F-01138,p4-4x2,Yellow,#F4EE2A,11,1124,-2.0,-30.0,26.4,90,CONCEPT_NOT_FIT_VALIDATED
DUC-F-01139,p4-4x2,Yellow,#F4EE2A,11,1125,6.0,-30.0,26.4,90,CONCEPT_NOT_FIT_VALIDATED
DUC-F-01140,p4-4x2,Yellow,#F4EE2A,11,1126,14.0,-30.0,26.4,90,CONCEPT_NOT_FIT_VALIDATED
DUC-F-01141,p4-4x2,Yellow,#F4EE2A,11,1127,22.0,-30.0,26.4,90,CONCEPT_NOT_FIT_VALIDATED
DUC-F-01142,p4-4x2,Yellow,#F4EE2A,11,1128,30.0,-30.0,26.4,90,CONCEPT_NOT_FIT_VALIDATED
DUC-F-01143,p4-4x2,Yellow,#F4EE2A,11,1129,38.0,-30.0,26.4,90,CONCEPT_NOT_FIT_VALIDATED
DUC-F-01144,p4-4x2,Yellow,#F4EE2A,11,1130,46.0,-30.0,26.4,90,CONCEPT_NOT_FIT_VALIDATED
DUC-F-01145,p4-4x1,Yellow,#F4EE2A,11,1131,52.0,-30.0,26.4,90,CONCEPT_NOT_FIT_VALIDATED
DUC-F-01094,p4-1x1,Yellow,#F4EE2A,10,1132,52.0,-32.0,24.0,0,CONCEPT_NOT_FIT_VALIDATED
DUC-F-01146,p4-3x1,Yellow,#F4EE2A,11,1133,56.0,-28.0,26.4,90,CONCEPT_NOT_FIT_VALIDATED
DUC-F-01147,p4-2x1,Yellow,#F4EE2A,11,1134,-56.0,-26.0,26.4,90,CONCEPT_NOT_FIT_VALIDATED
DUC-F-01148,p4-4x2,Yellow,#F4EE2A,11,1135,-58.0,-14.0,26.4,90,CONCEPT_NOT_FIT_VALIDATED
DUC-F-01149,p4-4x2,Yellow,#F4EE2A,11,1136,-50.0,-14.0,26.4,90,CONCEPT_NOT_FIT_VALIDATED
DUC-F-01150,p4-4x2,Yellow,#F4EE2A,11,1137,-42.0,-14.0,26.4,90,CONCEPT_NOT_FIT_VALIDATED
DUC-F-01151,p4-4x2,Yellow,#F4EE2A,11,1138,-34.0,-14.0,26.4,90,CONCEPT_NOT_FIT_VALIDATED
DUC-F-01152,p4-4x2,Yellow,#F4EE2A,11,1139,-26.0,-14.0,26.4,90,CONCEPT_NOT_FIT_VALIDATED
DUC-F-01153,p4-4x2,Yellow,#F4EE2A,11,1140,-18.0,-14.0,26.4,90,CONCEPT_NOT_FIT_VALIDATED
DUC-F-01154,p4-4x2,Yellow,#F4EE2A,11,1141,-10.0,-14.0,26.4,90,CONCEPT_NOT_FIT_VALIDATED
DUC-F-01155,p4-4x2,Yellow,#F4EE2A,11,1142,-2.0,-14.0,26.4,90,CONCEPT_NOT_FIT_VALIDATED
DUC-F-01156,p4-4x2,Yellow,#F4EE2A,11,1143,6.0,-14.0,26.4,90,CONCEPT_NOT_FIT_VALIDATED
DUC-F-01157,p4-4x2,Yellow,#F4EE2A,11,1144,14.0,-14.0,26.4,90,CONCEPT_NOT_FIT_VALIDATED
DUC-F-01158,p4-4x2,Yellow,#F4EE2A,11,1145,22.0,-14.0,26.4,90,CONCEPT_NOT_FIT_VALIDATED
DUC-F-01159,p4-4x2,Yellow,#F4EE2A,11,1146,30.0,-14.0,26.4,90,CONCEPT_NOT_FIT_VALIDATED
DUC-F-01160,p4-4x2,Yellow,#F4EE2A,11,1147,38.0,-14.0,26.4,90,CONCEPT_NOT_FIT_VALIDATED
DUC-F-01161,p4-4x2,Yellow,#F4EE2A,11,1148,46.0,-14.0,26.4,90,CONCEPT_NOT_FIT_VALIDATED
DUC-F-01162,p4-4x2,Yellow,#F4EE2A,11,1149,54.0,-14.0,26.4,90,CONCEPT_NOT_FIT_VALIDATED
DUC-F-01163,p4-4x1,Yellow,#F4EE2A,11,1150,60.0,-14.0,26.4,90,CONCEPT_NOT_FIT_VALIDATED
DUC-F-01097,p4-1x1,Yellow,#F4EE2A,10,1151,60.0,-16.0,24.0,0,CONCEPT_NOT_FIT_VALIDATED
DUC-F-01166,p4-4x1,Yellow,#F4EE2A,11,1152,-64.0,2.0,26.4,90,CONCEPT_NOT_FIT_VALIDATED
DUC-F-01167,p4-4x2,Yellow,#F4EE2A,11,1153,-58.0,2.0,26.4,90,CONCEPT_NOT_FIT_VALIDATED
DUC-F-01168,p4-4x2,Yellow,#F4EE2A,11,1154,-50.0,2.0,26.4,90,CONCEPT_NOT_FIT_VALIDATED
DUC-F-01169,p4-4x2,Yellow,#F4EE2A,11,1155,-42.0,2.0,26.4,90,CONCEPT_NOT_FIT_VALIDATED
DUC-F-01170,p4-4x2,Yellow,#F4EE2A,11,1156,-34.0,2.0,26.4,90,CONCEPT_NOT_FIT_VALIDATED
DUC-F-01171,p4-4x2,Yellow,#F4EE2A,11,1157,-26.0,2.0,26.4,90,CONCEPT_NOT_FIT_VALIDATED
DUC-F-01172,p4-4x2,Yellow,#F4EE2A,11,1158,-18.0,2.0,26.4,90,CONCEPT_NOT_FIT_VALIDATED
DUC-F-01173,p4-4x2,Yellow,#F4EE2A,11,1159,-10.0,2.0,26.4,90,CONCEPT_NOT_FIT_VALIDATED
DUC-F-01174,p4-4x2,Yellow,#F4EE2A,11,1160,-2.0,2.0,26.4,90,CONCEPT_NOT_FIT_VALIDATED
DUC-F-01175,p4-4x2,Yellow,#F4EE2A,11,1161,6.0,2.0,26.4,90,CONCEPT_NOT_FIT_VALIDATED
DUC-F-01176,p4-4x2,Yellow,#F4EE2A,11,1162,14.0,2.0,26.4,90,CONCEPT_NOT_FIT_VALIDATED
DUC-F-01177,p4-4x2,Yellow,#F4EE2A,11,1163,22.0,2.0,26.4,90,CONCEPT_NOT_FIT_VALIDATED
DUC-F-01178,p4-4x2,Yellow,#F4EE2A,11,1164,30.0,2.0,26.4,90,CONCEPT_NOT_FIT_VALIDATED
DUC-F-01179,p4-4x2,Yellow,#F4EE2A,11,1165,38.0,2.0,26.4,90,CONCEPT_NOT_FIT_VALIDATED
DUC-F-01180,p4-4x2,Yellow,#F4EE2A,11,1166,46.0,2.0,26.4,90,CONCEPT_NOT_FIT_VALIDATED
DUC-F-01181,p4-4x2,Yellow,#F4EE2A,11,1167,54.0,2.0,26.4,90,CONCEPT_NOT_FIT_VALIDATED
DUC-F-01182,p4-4x2,Yellow,#F4EE2A,11,1168,62.0,2.0,26.4,90,CONCEPT_NOT_FIT_VALIDATED
DUC-F-01104,p4-1x1,Yellow,#F4EE2A,10,1169,64.0,0.0,24.0,0,CONCEPT_NOT_FIT_VALIDATED
DUC-F-01183,p4-3x1,Yellow,#F4EE2A,11,1170,-64.0,16.0,26.4,90,CONCEPT_NOT_FIT_VALIDATED
DUC-F-01184,p4-4x2,Yellow,#F4EE2A,11,1171,-58.0,18.0,26.4,90,CONCEPT_NOT_FIT_VALIDATED
DUC-F-01185,p4-4x2,Yellow,#F4EE2A,11,1172,-50.0,18.0,26.4,90,CONCEPT_NOT_FIT_VALIDATED
DUC-F-01186,p4-4x2,Yellow,#F4EE2A,11,1173,-42.0,18.0,26.4,90,CONCEPT_NOT_FIT_VALIDATED
DUC-F-01187,p4-4x2,Yellow,#F4EE2A,11,1174,-34.0,18.0,26.4,90,CONCEPT_NOT_FIT_VALIDATED
DUC-F-01188,p4-4x2,Yellow,#F4EE2A,11,1175,-26.0,18.0,26.4,90,CONCEPT_NOT_FIT_VALIDATED
DUC-F-01189,p4-4x2,Yellow,#F4EE2A,11,1176,-18.0,18.0,26.4,90,CONCEPT_NOT_FIT_VALIDATED
DUC-F-01190,p4-4x2,Yellow,#F4EE2A,11,1177,-10.0,18.0,26.4,90,CONCEPT_NOT_FIT_VALIDATED
DUC-F-01191,p4-4x2,Yellow,#F4EE2A,11,1178,-2.0,18.0,26.4,90,CONCEPT_NOT_FIT_VALIDATED
DUC-F-01192,p4-4x2,Yellow,#F4EE2A,11,1179,6.0,18.0,26.4,90,CONCEPT_NOT_FIT_VALIDATED
DUC-F-01193,p4-4x2,Yellow,#F4EE2A,11,1180,14.0,18.0,26.4,90,CONCEPT_NOT_FIT_VALIDATED
DUC-F-01194,p4-4x2,Yellow,#F4EE2A,11,1181,22.0,18.0,26.4,90,CONCEPT_NOT_FIT_VALIDATED
DUC-F-01195,p4-4x2,Yellow,#F4EE2A,11,1182,30.0,18.0,26.4,90,CONCEPT_NOT_FIT_VALIDATED
DUC-F-01196,p4-4x2,Yellow,#F4EE2A,11,1183,38.0,18.0,26.4,90,CONCEPT_NOT_FIT_VALIDATED
DUC-F-01197,p4-4x2,Yellow,#F4EE2A,11,1184,46.0,18.0,26.4,90,CONCEPT_NOT_FIT_VALIDATED
DUC-F-01198,p4-4x2,Yellow,#F4EE2A,11,1185,54.0,18.0,26.4,90,CONCEPT_NOT_FIT_VALIDATED
DUC-F-01199,p4-3x2,Yellow,#F4EE2A,11,1186,62.0,16.0,26.4,90,CONCEPT_NOT_FIT_VALIDATED
DUC-F-01105,p4-1x1,Yellow,#F4EE2A,10,1187,64.0,12.0,24.0,0,CONCEPT_NOT_FIT_VALIDATED
DUC-F-01200,p4-1x1,Yellow,#F4EE2A,11,1188,60.0,24.0,26.4,0,CONCEPT_NOT_FIT_VALIDATED
DUC-F-01201,p4-2x2,Yellow,#F4EE2A,11,1189,-58.0,30.0,26.4,0,CONCEPT_NOT_FIT_VALIDATED
DUC-F-01202,p4-4x2,Yellow,#F4EE2A,11,1190,-50.0,34.0,26.4,90,CONCEPT_NOT_FIT_VALIDATED
DUC-F-01203,p4-4x2,Yellow,#F4EE2A,11,1191,-42.0,34.0,26.4,90,CONCEPT_NOT_FIT_VALIDATED
DUC-F-01204,p4-4x2,Yellow,#F4EE2A,11,1192,-34.0,34.0,26.4,90,CONCEPT_NOT_FIT_VALIDATED
DUC-F-01205,p4-4x2,Yellow,#F4EE2A,11,1193,-26.0,34.0,26.4,90,CONCEPT_NOT_FIT_VALIDATED
DUC-F-01206,p4-4x2,Yellow,#F4EE2A,11,1194,-18.0,34.0,26.4,90,CONCEPT_NOT_FIT_VALIDATED
DUC-F-01207,p4-4x2,Yellow,#F4EE2A,11,1195,-10.0,34.0,26.4,90,CONCEPT_NOT_FIT_VALIDATED
DUC-F-01208,p4-4x2,Yellow,#F4EE2A,11,1196,-2.0,34.0,26.4,90,CONCEPT_NOT_FIT_VALIDATED
DUC-F-01209,p4-4x2,Yellow,#F4EE2A,11,1197,6.0,34.0,26.4,90,CONCEPT_NOT_FIT_VALIDATED
DUC-F-01210,p4-4x2,Yellow,#F4EE2A,11,1198,14.0,34.0,26.4,90,CONCEPT_NOT_FIT_VALIDATED
DUC-F-01211,p4-4x2,Yellow,#F4EE2A,11,1199,22.0,34.0,26.4,90,CONCEPT_NOT_FIT_VALIDATED
DUC-F-01212,p4-4x2,Yellow,#F4EE2A,11,1200,30.0,34.0,26.4,90,CONCEPT_NOT_FIT_VALIDATED
DUC-F-01213,p4-4x2,Yellow,#F4EE2A,11,1201,38.0,34.0,26.4,90,CONCEPT_NOT_FIT_VALIDATED
DUC-F-01214,p4-4x2,Yellow,#F4EE2A,11,1202,46.0,34.0,26.4,90,CONCEPT_NOT_FIT_VALIDATED
DUC-F-01215,p4-4x2,Yellow,#F4EE2A,11,1203,54.0,34.0,26.4,90,CONCEPT_NOT_FIT_VALIDATED
DUC-F-01217,p4-2x1,Yellow,#F4EE2A,11,1204,-56.0,38.0,26.4,90,CONCEPT_NOT_FIT_VALIDATED
DUC-F-01218,p4-2x2,Yellow,#F4EE2A,11,1205,-50.0,46.0,26.4,0,CONCEPT_NOT_FIT_VALIDATED
DUC-F-01219,p4-4x2,Yellow,#F4EE2A,11,1206,-42.0,50.0,26.4,90,CONCEPT_NOT_FIT_VALIDATED
DUC-F-01220,p4-4x2,Yellow,#F4EE2A,11,1207,-34.0,50.0,26.4,90,CONCEPT_NOT_FIT_VALIDATED
DUC-F-01221,p4-4x2,Yellow,#F4EE2A,11,1208,-26.0,50.0,26.4,90,CONCEPT_NOT_FIT_VALIDATED
DUC-F-01222,p4-4x2,Yellow,#F4EE2A,11,1209,-18.0,50.0,26.4,90,CONCEPT_NOT_FIT_VALIDATED
DUC-F-01223,p4-4x2,Yellow,#F4EE2A,11,1210,-10.0,50.0,26.4,90,CONCEPT_NOT_FIT_VALIDATED
DUC-F-01224,p4-4x2,Yellow,#F4EE2A,11,1211,-2.0,50.0,26.4,90,CONCEPT_NOT_FIT_VALIDATED
DUC-F-01225,p4-4x2,Yellow,#F4EE2A,11,1212,6.0,50.0,26.4,90,CONCEPT_NOT_FIT_VALIDATED
DUC-F-01226,p4-4x2,Yellow,#F4EE2A,11,1213,14.0,50.0,26.4,90,CONCEPT_NOT_FIT_VALIDATED
DUC-F-01227,p4-4x2,Yellow,#F4EE2A,11,1214,22.0,50.0,26.4,90,CONCEPT_NOT_FIT_VALIDATED
DUC-F-01228,p4-4x2,Yellow,#F4EE2A,11,1215,30.0,50.0,26.4,90,CONCEPT_NOT_FIT_VALIDATED
DUC-F-01229,p4-4x2,Yellow,#F4EE2A,11,1216,38.0,50.0,26.4,90,CONCEPT_NOT_FIT_VALIDATED
DUC-F-01230,p4-3x2,Yellow,#F4EE2A,11,1217,46.0,48.0,26.4,90,CONCEPT_NOT_FIT_VALIDATED
DUC-F-01235,p4-2x1,Yellow,#F4EE2A,11,1218,-34.0,60.0,26.4,0,CONCEPT_NOT_FIT_VALIDATED
DUC-F-01236,p4-3x2,Yellow,#F4EE2A,11,1219,-26.0,64.0,26.4,90,CONCEPT_NOT_FIT_VALIDATED
DUC-F-01006,p4-1x1,Yellow,#F4EE2A,10,1220,-24.0,68.0,24.0,0,CONCEPT_NOT_FIT_VALIDATED
DUC-F-01237,p4-4x2,Yellow,#F4EE2A,11,1221,-18.0,66.0,26.4,90,CONCEPT_NOT_FIT_VALIDATED
DUC-F-01238,p4-4x2,Yellow,#F4EE2A,11,1222,-10.0,66.0,26.4,90,CONCEPT_NOT_FIT_VALIDATED
DUC-F-01024,p4-2x1,Yellow,#F4EE2A,10,1223,-10.0,72.0,24.0,0,CONCEPT_NOT_FIT_VALIDATED
DUC-F-01239,p4-4x2,Yellow,#F4EE2A,11,1224,-2.0,66.0,26.4,90,CONCEPT_NOT_FIT_VALIDATED
DUC-F-01240,p4-4x2,Yellow,#F4EE2A,11,1225,6.0,66.0,26.4,90,CONCEPT_NOT_FIT_VALIDATED
DUC-F-01241,p4-4x2,Yellow,#F4EE2A,11,1226,14.0,66.0,26.4,90,CONCEPT_NOT_FIT_VALIDATED
DUC-F-01061,p4-1x1,Yellow,#F4EE2A,10,1227,12.0,72.0,24.0,0,CONCEPT_NOT_FIT_VALIDATED
DUC-F-01242,p4-3x2,Yellow,#F4EE2A,11,1228,22.0,64.0,26.4,90,CONCEPT_NOT_FIT_VALIDATED
DUC-F-01243,p4-2x2,Yellow,#F4EE2A,11,1229,30.0,62.0,26.4,0,CONCEPT_NOT_FIT_VALIDATED
DUC-F-01245,p4-1x1,Yellow,#F4EE2A,11,1230,-32.0,64.0,26.4,0,CONCEPT_NOT_FIT_VALIDATED
DUC-F-01248,p4-2x1,Yellow,#F4EE2A,12,1231,-62.0,-12.0,28.8,0,CONCEPT_NOT_FIT_VALIDATED
DUC-F-01164,p4-2x1,Yellow,#F4EE2A,11,1232,-64.0,-10.0,26.4,90,CONCEPT_NOT_FIT_VALIDATED
DUC-F-01249,p4-2x2,Yellow,#F4EE2A,12,1233,-62.0,-6.0,28.8,0,CONCEPT_NOT_FIT_VALIDATED
DUC-F-01250,p4-2x2,Yellow,#F4EE2A,12,1234,-62.0,2.0,28.8,0,CONCEPT_NOT_FIT_VALIDATED
DUC-F-01251,p4-2x2,Yellow,#F4EE2A,12,1235,-62.0,10.0,28.8,0,CONCEPT_NOT_FIT_VALIDATED
DUC-F-01252,p4-2x2,Yellow,#F4EE2A,12,1236,-62.0,18.0,28.8,0,CONCEPT_NOT_FIT_VALIDATED
DUC-F-01253,p4-2x1,Yellow,#F4EE2A,12,1237,-62.0,24.0,28.8,0,CONCEPT_NOT_FIT_VALIDATED
DUC-F-01254,p4-2x1,Yellow,#F4EE2A,12,1238,-60.0,-22.0,28.8,90,CONCEPT_NOT_FIT_VALIDATED
DUC-F-01255,p4-1x1,Yellow,#F4EE2A,12,1239,-60.0,-16.0,28.8,0,CONCEPT_NOT_FIT_VALIDATED
DUC-F-01256,p4-1x1,Yellow,#F4EE2A,12,1240,-60.0,28.0,28.8,0,CONCEPT_NOT_FIT_VALIDATED
DUC-F-01257,p4-2x1,Yellow,#F4EE2A,12,1241,-60.0,34.0,28.8,90,CONCEPT_NOT_FIT_VALIDATED
DUC-F-01258,p4-4x2,Yellow,#F4EE2A,12,1242,-50.0,-30.0,28.8,0,CONCEPT_NOT_FIT_VALIDATED
DUC-F-01259,p4-4x2,Yellow,#F4EE2A,12,1243,-50.0,-22.0,28.8,0,CONCEPT_NOT_FIT_VALIDATED
DUC-F-01260,p4-4x2,Yellow,#F4EE2A,12,1244,-50.0,-14.0,28.8,0,CONCEPT_NOT_FIT_VALIDATED
DUC-F-01261,p4-4x2,Yellow,#F4EE2A,12,1245,-50.0,-6.0,28.8,0,CONCEPT_NOT_FIT_VALIDATED
DUC-F-01262,p4-4x2,Yellow,#F4EE2A,12,1246,-50.0,2.0,28.8,0,CONCEPT_NOT_FIT_VALIDATED
DUC-F-01263,p4-4x2,Yellow,#F4EE2A,12,1247,-50.0,10.0,28.8,0,CONCEPT_NOT_FIT_VALIDATED
DUC-F-01264,p4-4x2,Yellow,#F4EE2A,12,1248,-50.0,18.0,28.8,0,CONCEPT_NOT_FIT_VALIDATED
DUC-F-01265,p4-4x2,Yellow,#F4EE2A,12,1249,-50.0,26.0,28.8,0,CONCEPT_NOT_FIT_VALIDATED
DUC-F-01266,p4-4x2,Yellow,#F4EE2A,12,1250,-50.0,34.0,28.8,0,CONCEPT_NOT_FIT_VALIDATED
DUC-F-01267,p4-4x2,Yellow,#F4EE2A,12,1251,-50.0,42.0,28.8,0,CONCEPT_NOT_FIT_VALIDATED
DUC-F-01268,p4-3x2,Yellow,#F4EE2A,12,1252,-48.0,-38.0,28.8,0,CONCEPT_NOT_FIT_VALIDATED
DUC-F-01269,p4-3x1,Yellow,#F4EE2A,12,1253,-48.0,48.0,28.8,0,CONCEPT_NOT_FIT_VALIDATED
DUC-F-01270,p4-2x1,Yellow,#F4EE2A,12,1254,-46.0,-44.0,28.8,0,CONCEPT_NOT_FIT_VALIDATED
DUC-F-01271,p4-2x1,Yellow,#F4EE2A,12,1255,-46.0,52.0,28.8,0,CONCEPT_NOT_FIT_VALIDATED
DUC-F-01232,p4-1x1,Yellow,#F4EE2A,11,1256,-48.0,52.0,26.4,0,CONCEPT_NOT_FIT_VALIDATED
DUC-F-01272,p4-1x1,Yellow,#F4EE2A,12,1257,-44.0,-48.0,28.8,0,CONCEPT_NOT_FIT_VALIDATED
DUC-F-01273,p4-1x1,Yellow,#F4EE2A,12,1258,-44.0,56.0,28.8,0,CONCEPT_NOT_FIT_VALIDATED
DUC-F-01274,p4-4x1,Yellow,#F4EE2A,12,1259,-34.0,-52.0,28.8,0,CONCEPT_NOT_FIT_VALIDATED
DUC-F-01275,p4-4x2,Yellow,#F4EE2A,12,1260,-34.0,-46.0,28.8,0,CONCEPT_NOT_FIT_VALIDATED
DUC-F-01276,p4-4x2,Yellow,#F4EE2A,12,1261,-34.0,-38.0,28.8,0,CONCEPT_NOT_FIT_VALIDATED
DUC-F-01277,p4-4x2,Yellow,#F4EE2A,12,1262,-34.0,-30.0,28.8,0,CONCEPT_NOT_FIT_VALIDATED
DUC-F-01278,p4-4x2,Yellow,#F4EE2A,12,1263,-34.0,-22.0,28.8,0,CONCEPT_NOT_FIT_VALIDATED
DUC-F-01279,p4-4x2,Yellow,#F4EE2A,12,1264,-34.0,-14.0,28.8,0,CONCEPT_NOT_FIT_VALIDATED
DUC-F-01280,p4-4x2,Yellow,#F4EE2A,12,1265,-34.0,-6.0,28.8,0,CONCEPT_NOT_FIT_VALIDATED
DUC-F-01281,p4-4x2,Yellow,#F4EE2A,12,1266,-34.0,2.0,28.8,0,CONCEPT_NOT_FIT_VALIDATED
DUC-F-01282,p4-4x2,Yellow,#F4EE2A,12,1267,-34.0,10.0,28.8,0,CONCEPT_NOT_FIT_VALIDATED
DUC-F-01283,p4-4x2,Yellow,#F4EE2A,12,1268,-34.0,18.0,28.8,0,CONCEPT_NOT_FIT_VALIDATED
DUC-F-01284,p4-4x2,Yellow,#F4EE2A,12,1269,-34.0,26.0,28.8,0,CONCEPT_NOT_FIT_VALIDATED
DUC-F-01285,p4-4x2,Yellow,#F4EE2A,12,1270,-34.0,34.0,28.8,0,CONCEPT_NOT_FIT_VALIDATED
DUC-F-01286,p4-4x2,Yellow,#F4EE2A,12,1271,-34.0,42.0,28.8,0,CONCEPT_NOT_FIT_VALIDATED
DUC-F-01287,p4-4x2,Yellow,#F4EE2A,12,1272,-34.0,50.0,28.8,0,CONCEPT_NOT_FIT_VALIDATED
DUC-F-01288,p4-4x2,Yellow,#F4EE2A,12,1273,-34.0,58.0,28.8,0,CONCEPT_NOT_FIT_VALIDATED
DUC-F-01234,p4-1x1,Yellow,#F4EE2A,11,1274,-40.0,60.0,26.4,0,CONCEPT_NOT_FIT_VALIDATED
DUC-F-01289,p4-3x1,Yellow,#F4EE2A,12,1275,-32.0,-56.0,28.8,0,CONCEPT_NOT_FIT_VALIDATED
DUC-F-01115,p4-1x1,Yellow,#F4EE2A,11,1276,-32.0,-56.0,26.4,0,CONCEPT_NOT_FIT_VALIDATED
DUC-F-01290,p4-3x1,Yellow,#F4EE2A,12,1277,-32.0,64.0,28.8,0,CONCEPT_NOT_FIT_VALIDATED
DUC-F-01291,p4-2x1,Yellow,#F4EE2A,12,1278,-30.0,68.0,28.8,0,CONCEPT_NOT_FIT_VALIDATED
DUC-F-01292,p4-1x1,Yellow,#F4EE2A,12,1279,-28.0,-60.0,28.8,0,CONCEPT_NOT_FIT_VALIDATED
DUC-F-01293,p4-4x1,Yellow,#F4EE2A,12,1280,-18.0,-60.0,28.8,0,CONCEPT_NOT_FIT_VALIDATED
DUC-F-01294,p4-4x2,Yellow,#F4EE2A,12,1281,-18.0,-54.0,28.8,0,CONCEPT_NOT_FIT_VALIDATED
DUC-F-01295,p4-4x2,Yellow,#F4EE2A,12,1282,-18.0,-46.0,28.8,0,CONCEPT_NOT_FIT_VALIDATED
DUC-F-01296,p4-4x2,Yellow,#F4EE2A,12,1283,-18.0,-38.0,28.8,0,CONCEPT_NOT_FIT_VALIDATED
DUC-F-01297,p4-4x2,Yellow,#F4EE2A,12,1284,-18.0,-30.0,28.8,0,CONCEPT_NOT_FIT_VALIDATED
DUC-F-01298,p4-4x2,Yellow,#F4EE2A,12,1285,-18.0,-22.0,28.8,0,CONCEPT_NOT_FIT_VALIDATED
DUC-F-01299,p4-4x2,Yellow,#F4EE2A,12,1286,-18.0,-14.0,28.8,0,CONCEPT_NOT_FIT_VALIDATED
DUC-F-01300,p4-4x2,Yellow,#F4EE2A,12,1287,-18.0,-6.0,28.8,0,CONCEPT_NOT_FIT_VALIDATED
DUC-F-01301,p4-4x2,Yellow,#F4EE2A,12,1288,-18.0,2.0,28.8,0,CONCEPT_NOT_FIT_VALIDATED
DUC-F-01302,p4-4x2,Yellow,#F4EE2A,12,1289,-18.0,10.0,28.8,0,CONCEPT_NOT_FIT_VALIDATED
DUC-F-01303,p4-4x2,Yellow,#F4EE2A,12,1290,-18.0,18.0,28.8,0,CONCEPT_NOT_FIT_VALIDATED
DUC-F-01304,p4-4x2,Yellow,#F4EE2A,12,1291,-18.0,26.0,28.8,0,CONCEPT_NOT_FIT_VALIDATED
DUC-F-01305,p4-4x2,Yellow,#F4EE2A,12,1292,-18.0,34.0,28.8,0,CONCEPT_NOT_FIT_VALIDATED
DUC-F-01306,p4-4x2,Yellow,#F4EE2A,12,1293,-18.0,42.0,28.8,0,CONCEPT_NOT_FIT_VALIDATED
DUC-F-01307,p4-4x2,Yellow,#F4EE2A,12,1294,-18.0,50.0,28.8,0,CONCEPT_NOT_FIT_VALIDATED
DUC-F-01308,p4-4x2,Yellow,#F4EE2A,12,1295,-18.0,58.0,28.8,0,CONCEPT_NOT_FIT_VALIDATED
DUC-F-01309,p4-4x2,Yellow,#F4EE2A,12,1296,-18.0,66.0,28.8,0,CONCEPT_NOT_FIT_VALIDATED
DUC-F-01310,p4-4x1,Yellow,#F4EE2A,12,1297,-18.0,72.0,28.8,0,CONCEPT_NOT_FIT_VALIDATED
DUC-F-01311,p4-3x1,Yellow,#F4EE2A,12,1298,-16.0,-64.0,28.8,0,CONCEPT_NOT_FIT_VALIDATED
DUC-F-01313,p4-4x2,Yellow,#F4EE2A,12,1299,-2.0,-62.0,28.8,0,CONCEPT_NOT_FIT_VALIDATED
DUC-F-01314,p4-4x2,Yellow,#F4EE2A,12,1300,-2.0,-54.0,28.8,0,CONCEPT_NOT_FIT_VALIDATED
DUC-F-01315,p4-4x2,Yellow,#F4EE2A,12,1301,-2.0,-46.0,28.8,0,CONCEPT_NOT_FIT_VALIDATED
DUC-F-01316,p4-4x2,Yellow,#F4EE2A,12,1302,-2.0,-38.0,28.8,0,CONCEPT_NOT_FIT_VALIDATED
DUC-F-01317,p4-4x2,Yellow,#F4EE2A,12,1303,-2.0,-30.0,28.8,0,CONCEPT_NOT_FIT_VALIDATED
DUC-F-01318,p4-4x2,Yellow,#F4EE2A,12,1304,-2.0,-22.0,28.8,0,CONCEPT_NOT_FIT_VALIDATED
DUC-F-01319,p4-4x2,Yellow,#F4EE2A,12,1305,-2.0,-14.0,28.8,0,CONCEPT_NOT_FIT_VALIDATED
DUC-F-01320,p4-4x2,Yellow,#F4EE2A,12,1306,-2.0,-6.0,28.8,0,CONCEPT_NOT_FIT_VALIDATED
DUC-F-01321,p4-4x2,Yellow,#F4EE2A,12,1307,-2.0,2.0,28.8,0,CONCEPT_NOT_FIT_VALIDATED
DUC-F-01322,p4-4x2,Yellow,#F4EE2A,12,1308,-2.0,10.0,28.8,0,CONCEPT_NOT_FIT_VALIDATED
DUC-F-01323,p4-4x2,Yellow,#F4EE2A,12,1309,-2.0,18.0,28.8,0,CONCEPT_NOT_FIT_VALIDATED
DUC-F-01324,p4-4x2,Yellow,#F4EE2A,12,1310,-2.0,26.0,28.8,0,CONCEPT_NOT_FIT_VALIDATED
DUC-F-01325,p4-4x2,Yellow,#F4EE2A,12,1311,-2.0,34.0,28.8,0,CONCEPT_NOT_FIT_VALIDATED
DUC-F-01326,p4-4x2,Yellow,#F4EE2A,12,1312,-2.0,42.0,28.8,0,CONCEPT_NOT_FIT_VALIDATED
DUC-F-01327,p4-4x2,Yellow,#F4EE2A,12,1313,-2.0,50.0,28.8,0,CONCEPT_NOT_FIT_VALIDATED
DUC-F-01328,p4-4x2,Yellow,#F4EE2A,12,1314,-2.0,58.0,28.8,0,CONCEPT_NOT_FIT_VALIDATED
DUC-F-01329,p4-4x2,Yellow,#F4EE2A,12,1315,-2.0,66.0,28.8,0,CONCEPT_NOT_FIT_VALIDATED
DUC-F-01330,p4-4x2,Yellow,#F4EE2A,12,1316,-2.0,74.0,28.8,0,CONCEPT_NOT_FIT_VALIDATED
DUC-F-01331,p4-4x2,Yellow,#F4EE2A,12,1317,14.0,-62.0,28.8,0,CONCEPT_NOT_FIT_VALIDATED
DUC-F-01332,p4-4x2,Yellow,#F4EE2A,12,1318,14.0,-54.0,28.8,0,CONCEPT_NOT_FIT_VALIDATED
DUC-F-01333,p4-4x2,Yellow,#F4EE2A,12,1319,14.0,-46.0,28.8,0,CONCEPT_NOT_FIT_VALIDATED
DUC-F-01334,p4-4x2,Yellow,#F4EE2A,12,1320,14.0,-38.0,28.8,0,CONCEPT_NOT_FIT_VALIDATED
DUC-F-01335,p4-4x2,Yellow,#F4EE2A,12,1321,14.0,-30.0,28.8,0,CONCEPT_NOT_FIT_VALIDATED
DUC-F-01336,p4-4x2,Yellow,#F4EE2A,12,1322,14.0,-22.0,28.8,0,CONCEPT_NOT_FIT_VALIDATED
DUC-F-01337,p4-4x2,Yellow,#F4EE2A,12,1323,14.0,-14.0,28.8,0,CONCEPT_NOT_FIT_VALIDATED
DUC-F-01338,p4-4x2,Yellow,#F4EE2A,12,1324,14.0,-6.0,28.8,0,CONCEPT_NOT_FIT_VALIDATED
DUC-F-01339,p4-4x2,Yellow,#F4EE2A,12,1325,14.0,2.0,28.8,0,CONCEPT_NOT_FIT_VALIDATED
DUC-F-01340,p4-4x2,Yellow,#F4EE2A,12,1326,14.0,10.0,28.8,0,CONCEPT_NOT_FIT_VALIDATED
DUC-F-01341,p4-4x2,Yellow,#F4EE2A,12,1327,14.0,18.0,28.8,0,CONCEPT_NOT_FIT_VALIDATED
DUC-F-01342,p4-4x2,Yellow,#F4EE2A,12,1328,14.0,26.0,28.8,0,CONCEPT_NOT_FIT_VALIDATED
DUC-F-01343,p4-4x2,Yellow,#F4EE2A,12,1329,14.0,34.0,28.8,0,CONCEPT_NOT_FIT_VALIDATED
DUC-F-01344,p4-4x2,Yellow,#F4EE2A,12,1330,14.0,42.0,28.8,0,CONCEPT_NOT_FIT_VALIDATED
DUC-F-01345,p4-4x2,Yellow,#F4EE2A,12,1331,14.0,50.0,28.8,0,CONCEPT_NOT_FIT_VALIDATED
DUC-F-01346,p4-4x2,Yellow,#F4EE2A,12,1332,14.0,58.0,28.8,0,CONCEPT_NOT_FIT_VALIDATED
DUC-F-01347,p4-4x2,Yellow,#F4EE2A,12,1333,14.0,66.0,28.8,0,CONCEPT_NOT_FIT_VALIDATED
DUC-F-01348,p4-4x1,Yellow,#F4EE2A,12,1334,14.0,72.0,28.8,0,CONCEPT_NOT_FIT_VALIDATED
DUC-F-01247,p4-1x1,Yellow,#F4EE2A,11,1335,20.0,72.0,26.4,0,CONCEPT_NOT_FIT_VALIDATED
DUC-F-01350,p4-2x1,Yellow,#F4EE2A,12,1336,26.0,-60.0,28.8,0,CONCEPT_NOT_FIT_VALIDATED
DUC-F-01351,p4-4x2,Yellow,#F4EE2A,12,1337,30.0,-54.0,28.8,0,CONCEPT_NOT_FIT_VALIDATED
DUC-F-01116,p4-1x1,Yellow,#F4EE2A,11,1338,32.0,-56.0,26.4,0,CONCEPT_NOT_FIT_VALIDATED
DUC-F-01352,p4-4x2,Yellow,#F4EE2A,12,1339,30.0,-46.0,28.8,0,CONCEPT_NOT_FIT_VALIDATED
DUC-F-01353,p4-4x2,Yellow,#F4EE2A,12,1340,30.0,-38.0,28.8,0,CONCEPT_NOT_FIT_VALIDATED
DUC-F-01354,p4-4x2,Yellow,#F4EE2A,12,1341,30.0,-30.0,28.8,0,CONCEPT_NOT_FIT_VALIDATED
DUC-F-01355,p4-4x2,Yellow,#F4EE2A,12,1342,30.0,-22.0,28.8,0,CONCEPT_NOT_FIT_VALIDATED
DUC-F-01356,p4-4x2,Yellow,#F4EE2A,12,1343,30.0,-14.0,28.8,0,CONCEPT_NOT_FIT_VALIDATED
DUC-F-01357,p4-4x2,Yellow,#F4EE2A,12,1344,30.0,-6.0,28.8,0,CONCEPT_NOT_FIT_VALIDATED
DUC-F-01358,p4-4x2,Yellow,#F4EE2A,12,1345,30.0,2.0,28.8,0,CONCEPT_NOT_FIT_VALIDATED
DUC-F-01359,p4-4x2,Yellow,#F4EE2A,12,1346,30.0,10.0,28.8,0,CONCEPT_NOT_FIT_VALIDATED
DUC-F-01360,p4-4x2,Yellow,#F4EE2A,12,1347,30.0,18.0,28.8,0,CONCEPT_NOT_FIT_VALIDATED
DUC-F-01361,p4-4x2,Yellow,#F4EE2A,12,1348,30.0,26.0,28.8,0,CONCEPT_NOT_FIT_VALIDATED
DUC-F-01362,p4-4x2,Yellow,#F4EE2A,12,1349,30.0,34.0,28.8,0,CONCEPT_NOT_FIT_VALIDATED
DUC-F-01363,p4-4x2,Yellow,#F4EE2A,12,1350,30.0,42.0,28.8,0,CONCEPT_NOT_FIT_VALIDATED
DUC-F-01364,p4-4x2,Yellow,#F4EE2A,12,1351,30.0,50.0,28.8,0,CONCEPT_NOT_FIT_VALIDATED
DUC-F-01365,p4-4x2,Yellow,#F4EE2A,12,1352,30.0,58.0,28.8,0,CONCEPT_NOT_FIT_VALIDATED
DUC-F-01244,p4-2x1,Yellow,#F4EE2A,11,1353,38.0,60.0,26.4,0,CONCEPT_NOT_FIT_VALIDATED
DUC-F-01078,p4-1x1,Yellow,#F4EE2A,10,1354,36.0,60.0,24.0,0,CONCEPT_NOT_FIT_VALIDATED
DUC-F-01366,p4-3x2,Yellow,#F4EE2A,12,1355,28.0,66.0,28.8,0,CONCEPT_NOT_FIT_VALIDATED
DUC-F-01246,p4-1x1,Yellow,#F4EE2A,11,1356,28.0,68.0,26.4,0,CONCEPT_NOT_FIT_VALIDATED
DUC-F-01369,p4-1x1,Yellow,#F4EE2A,12,1357,40.0,-52.0,28.8,0,CONCEPT_NOT_FIT_VALIDATED
DUC-F-01370,p4-2x2,Yellow,#F4EE2A,12,1358,42.0,-46.0,28.8,0,CONCEPT_NOT_FIT_VALIDATED
DUC-F-01371,p4-4x2,Yellow,#F4EE2A,12,1359,46.0,-38.0,28.8,0,CONCEPT_NOT_FIT_VALIDATED
DUC-F-01131,p4-1x1,Yellow,#F4EE2A,11,1360,48.0,-40.0,26.4,0,CONCEPT_NOT_FIT_VALIDATED
DUC-F-01093,p4-1x1,Yellow,#F4EE2A,10,1361,48.0,-40.0,24.0,0,CONCEPT_NOT_FIT_VALIDATED
DUC-F-01372,p4-4x2,Yellow,#F4EE2A,12,1362,46.0,-30.0,28.8,0,CONCEPT_NOT_FIT_VALIDATED
DUC-F-01373,p4-4x2,Yellow,#F4EE2A,12,1363,46.0,-22.0,28.8,0,CONCEPT_NOT_FIT_VALIDATED
DUC-F-01374,p4-4x2,Yellow,#F4EE2A,12,1364,46.0,-14.0,28.8,0,CONCEPT_NOT_FIT_VALIDATED
DUC-F-01375,p4-4x2,Yellow,#F4EE2A,12,1365,46.0,-6.0,28.8,0,CONCEPT_NOT_FIT_VALIDATED
DUC-F-01376,p4-4x2,Yellow,#F4EE2A,12,1366,46.0,2.0,28.8,0,CONCEPT_NOT_FIT_VALIDATED
DUC-F-01377,p4-4x2,Yellow,#F4EE2A,12,1367,46.0,10.0,28.8,0,CONCEPT_NOT_FIT_VALIDATED
DUC-F-01378,p4-4x2,Yellow,#F4EE2A,12,1368,46.0,18.0,28.8,0,CONCEPT_NOT_FIT_VALIDATED
DUC-F-01379,p4-4x2,Yellow,#F4EE2A,12,1369,46.0,26.0,28.8,0,CONCEPT_NOT_FIT_VALIDATED
DUC-F-01380,p4-4x2,Yellow,#F4EE2A,12,1370,46.0,34.0,28.8,0,CONCEPT_NOT_FIT_VALIDATED
DUC-F-01381,p4-4x2,Yellow,#F4EE2A,12,1371,46.0,42.0,28.8,0,CONCEPT_NOT_FIT_VALIDATED
DUC-F-01231,p4-2x1,Yellow,#F4EE2A,11,1372,52.0,46.0,26.4,90,CONCEPT_NOT_FIT_VALIDATED
DUC-F-01095,p4-1x1,Yellow,#F4EE2A,10,1373,52.0,44.0,24.0,0,CONCEPT_NOT_FIT_VALIDATED
DUC-F-01382,p4-3x2,Yellow,#F4EE2A,12,1374,44.0,50.0,28.8,0,CONCEPT_NOT_FIT_VALIDATED
DUC-F-01383,p4-2x1,Yellow,#F4EE2A,12,1375,42.0,56.0,28.8,0,CONCEPT_NOT_FIT_VALIDATED
DUC-F-01233,p4-1x1,Yellow,#F4EE2A,11,1376,44.0,56.0,26.4,0,CONCEPT_NOT_FIT_VALIDATED
DUC-F-01384,p4-1x1,Yellow,#F4EE2A,12,1377,40.0,60.0,28.8,0,CONCEPT_NOT_FIT_VALIDATED
DUC-F-01386,p4-1x1,Yellow,#F4EE2A,12,1378,52.0,48.0,28.8,0,CONCEPT_NOT_FIT_VALIDATED
DUC-F-01387,p4-2x1,Yellow,#F4EE2A,12,1379,56.0,-30.0,28.8,90,CONCEPT_NOT_FIT_VALIDATED
DUC-F-01388,p4-2x2,Yellow,#F4EE2A,12,1380,58.0,-22.0,28.8,0,CONCEPT_NOT_FIT_VALIDATED
DUC-F-01389,p4-2x2,Yellow,#F4EE2A,12,1381,58.0,-14.0,28.8,0,CONCEPT_NOT_FIT_VALIDATED
DUC-F-01390,p4-3x2,Yellow,#F4EE2A,12,1382,60.0,-6.0,28.8,0,CONCEPT_NOT_FIT_VALIDATED
DUC-F-01165,p4-1x1,Yellow,#F4EE2A,11,1383,64.0,-8.0,26.4,0,CONCEPT_NOT_FIT_VALIDATED
DUC-F-01391,p4-3x2,Yellow,#F4EE2A,12,1384,60.0,2.0,28.8,0,CONCEPT_NOT_FIT_VALIDATED
DUC-F-01392,p4-3x2,Yellow,#F4EE2A,12,1385,60.0,10.0,28.8,0,CONCEPT_NOT_FIT_VALIDATED
DUC-F-01393,p4-3x2,Yellow,#F4EE2A,12,1386,60.0,18.0,28.8,0,CONCEPT_NOT_FIT_VALIDATED
DUC-F-01394,p4-2x2,Yellow,#F4EE2A,12,1387,58.0,26.0,28.8,0,CONCEPT_NOT_FIT_VALIDATED
DUC-F-01216,p4-2x1,Yellow,#F4EE2A,11,1388,60.0,30.0,26.4,90,CONCEPT_NOT_FIT_VALIDATED
DUC-F-01103,p4-1x1,Yellow,#F4EE2A,10,1389,60.0,28.0,24.0,0,CONCEPT_NOT_FIT_VALIDATED
DUC-F-01395,p4-2x2,Yellow,#F4EE2A,12,1390,58.0,34.0,28.8,0,CONCEPT_NOT_FIT_VALIDATED
DUC-F-01396,p4-2x1,Yellow,#F4EE2A,12,1391,56.0,42.0,28.8,90,CONCEPT_NOT_FIT_VALIDATED
DUC-F-01399,p4-3x2,Yellow,#F4EE2A,13,1392,-6.0,-64.0,31.2,90,CONCEPT_NOT_FIT_VALIDATED
DUC-F-01400,p4-3x2,Yellow,#F4EE2A,13,1393,2.0,-64.0,31.2,90,CONCEPT_NOT_FIT_VALIDATED
DUC-F-01401,p4-3x1,Yellow,#F4EE2A,13,1394,8.0,-64.0,31.2,90,CONCEPT_NOT_FIT_VALIDATED
DUC-F-01402,p4-2x2,Yellow,#F4EE2A,13,1395,-22.0,-62.0,31.2,0,CONCEPT_NOT_FIT_VALIDATED
DUC-F-01403,p4-2x2,Yellow,#F4EE2A,13,1396,-14.0,-62.0,31.2,0,CONCEPT_NOT_FIT_VALIDATED
DUC-F-01404,p4-2x1,Yellow,#F4EE2A,13,1397,12.0,-62.0,31.2,90,CONCEPT_NOT_FIT_VALIDATED
DUC-F-01405,p4-2x2,Yellow,#F4EE2A,13,1398,18.0,-62.0,31.2,0,CONCEPT_NOT_FIT_VALIDATED
DUC-F-01406,p4-2x1,Yellow,#F4EE2A,13,1399,24.0,-62.0,31.2,90,CONCEPT_NOT_FIT_VALIDATED
DUC-F-01407,p4-2x1,Yellow,#F4EE2A,13,1400,-30.0,-60.0,31.2,0,CONCEPT_NOT_FIT_VALIDATED
DUC-F-01408,p4-1x1,Yellow,#F4EE2A,13,1401,28.0,-60.0,31.2,0,CONCEPT_NOT_FIT_VALIDATED
DUC-F-01410,p4-4x2,Yellow,#F4EE2A,13,1402,-38.0,-50.0,31.2,90,CONCEPT_NOT_FIT_VALIDATED
DUC-F-01411,p4-4x2,Yellow,#F4EE2A,13,1403,-30.0,-50.0,31.2,90,CONCEPT_NOT_FIT_VALIDATED
DUC-F-01412,p4-4x2,Yellow,#F4EE2A,13,1404,-22.0,-50.0,31.2,90,CONCEPT_NOT_FIT_VALIDATED
DUC-F-01413,p4-4x2,Yellow,#F4EE2A,13,1405,-14.0,-50.0,31.2,90,CONCEPT_NOT_FIT_VALIDATED
DUC-F-01414,p4-4x2,Yellow,#F4EE2A,13,1406,-6.0,-50.0,31.2,90,CONCEPT_NOT_FIT_VALIDATED
DUC-F-01415,p4-4x2,Yellow,#F4EE2A,13,1407,2.0,-50.0,31.2,90,CONCEPT_NOT_FIT_VALIDATED
DUC-F-01416,p4-4x2,Yellow,#F4EE2A,13,1408,10.0,-50.0,31.2,90,CONCEPT_NOT_FIT_VALIDATED
DUC-F-01417,p4-4x2,Yellow,#F4EE2A,13,1409,18.0,-50.0,31.2,90,CONCEPT_NOT_FIT_VALIDATED
DUC-F-01418,p4-4x2,Yellow,#F4EE2A,13,1410,26.0,-50.0,31.2,90,CONCEPT_NOT_FIT_VALIDATED
DUC-F-01419,p4-4x2,Yellow,#F4EE2A,13,1411,34.0,-50.0,31.2,90,CONCEPT_NOT_FIT_VALIDATED
DUC-F-01420,p4-3x1,Yellow,#F4EE2A,13,1412,-44.0,-48.0,31.2,90,CONCEPT_NOT_FIT_VALIDATED
DUC-F-01421,p4-3x2,Yellow,#F4EE2A,13,1413,42.0,-48.0,31.2,90,CONCEPT_NOT_FIT_VALIDATED
DUC-F-01422,p4-1x1,Yellow,#F4EE2A,13,1414,-48.0,-44.0,31.2,0,CONCEPT_NOT_FIT_VALIDATED
DUC-F-01424,p4-4x1,Yellow,#F4EE2A,13,1415,-52.0,-34.0,31.2,90,CONCEPT_NOT_FIT_VALIDATED
DUC-F-01425,p4-4x2,Yellow,#F4EE2A,13,1416,-46.0,-34.0,31.2,90,CONCEPT_NOT_FIT_VALIDATED
DUC-F-01426,p4-4x2,Yellow,#F4EE2A,13,1417,-38.0,-34.0,31.2,90,CONCEPT_NOT_FIT_VALIDATED
DUC-F-01427,p4-4x2,Yellow,#F4EE2A,13,1418,-30.0,-34.0,31.2,90,CONCEPT_NOT_FIT_VALIDATED
DUC-F-01428,p4-4x2,Yellow,#F4EE2A,13,1419,-22.0,-34.0,31.2,90,CONCEPT_NOT_FIT_VALIDATED
DUC-F-01429,p4-4x2,Yellow,#F4EE2A,13,1420,-14.0,-34.0,31.2,90,CONCEPT_NOT_FIT_VALIDATED
DUC-F-01430,p4-4x2,Yellow,#F4EE2A,13,1421,-6.0,-34.0,31.2,90,CONCEPT_NOT_FIT_VALIDATED
DUC-F-01431,p4-4x2,Yellow,#F4EE2A,13,1422,2.0,-34.0,31.2,90,CONCEPT_NOT_FIT_VALIDATED
DUC-F-01432,p4-4x2,Yellow,#F4EE2A,13,1423,10.0,-34.0,31.2,90,CONCEPT_NOT_FIT_VALIDATED
DUC-F-01433,p4-4x2,Yellow,#F4EE2A,13,1424,18.0,-34.0,31.2,90,CONCEPT_NOT_FIT_VALIDATED
DUC-F-01434,p4-4x2,Yellow,#F4EE2A,13,1425,26.0,-34.0,31.2,90,CONCEPT_NOT_FIT_VALIDATED
DUC-F-01435,p4-4x2,Yellow,#F4EE2A,13,1426,34.0,-34.0,31.2,90,CONCEPT_NOT_FIT_VALIDATED
DUC-F-01436,p4-4x2,Yellow,#F4EE2A,13,1427,42.0,-34.0,31.2,90,CONCEPT_NOT_FIT_VALIDATED
DUC-F-01437,p4-4x2,Yellow,#F4EE2A,13,1428,50.0,-34.0,31.2,90,CONCEPT_NOT_FIT_VALIDATED
DUC-F-01438,p4-3x1,Yellow,#F4EE2A,13,1429,-56.0,-32.0,31.2,90,CONCEPT_NOT_FIT_VALIDATED
DUC-F-01439,p4-3x1,Yellow,#F4EE2A,13,1430,56.0,-32.0,31.2,90,CONCEPT_NOT_FIT_VALIDATED
DUC-F-01442,p4-4x1,Yellow,#F4EE2A,13,1431,-60.0,-18.0,31.2,90,CONCEPT_NOT_FIT_VALIDATED
DUC-F-01443,p4-4x2,Yellow,#F4EE2A,13,1432,-54.0,-18.0,31.2,90,CONCEPT_NOT_FIT_VALIDATED
DUC-F-01444,p4-4x2,Yellow,#F4EE2A,13,1433,-46.0,-18.0,31.2,90,CONCEPT_NOT_FIT_VALIDATED
DUC-F-01445,p4-4x2,Yellow,#F4EE2A,13,1434,-38.0,-18.0,31.2,90,CONCEPT_NOT_FIT_VALIDATED
DUC-F-01446,p4-4x2,Yellow,#F4EE2A,13,1435,-30.0,-18.0,31.2,90,CONCEPT_NOT_FIT_VALIDATED
DUC-F-01447,p4-4x2,Yellow,#F4EE2A,13,1436,-22.0,-18.0,31.2,90,CONCEPT_NOT_FIT_VALIDATED
DUC-F-01448,p4-4x2,Yellow,#F4EE2A,13,1437,-14.0,-18.0,31.2,90,CONCEPT_NOT_FIT_VALIDATED
DUC-F-01449,p4-4x2,Yellow,#F4EE2A,13,1438,-6.0,-18.0,31.2,90,CONCEPT_NOT_FIT_VALIDATED
DUC-F-01450,p4-4x2,Yellow,#F4EE2A,13,1439,2.0,-18.0,31.2,90,CONCEPT_NOT_FIT_VALIDATED
DUC-F-01451,p4-4x2,Yellow,#F4EE2A,13,1440,10.0,-18.0,31.2,90,CONCEPT_NOT_FIT_VALIDATED
DUC-F-01452,p4-4x2,Yellow,#F4EE2A,13,1441,18.0,-18.0,31.2,90,CONCEPT_NOT_FIT_VALIDATED
DUC-F-01453,p4-4x2,Yellow,#F4EE2A,13,1442,26.0,-18.0,31.2,90,CONCEPT_NOT_FIT_VALIDATED
DUC-F-01454,p4-4x2,Yellow,#F4EE2A,13,1443,34.0,-18.0,31.2,90,CONCEPT_NOT_FIT_VALIDATED
DUC-F-01455,p4-4x2,Yellow,#F4EE2A,13,1444,42.0,-18.0,31.2,90,CONCEPT_NOT_FIT_VALIDATED
DUC-F-01456,p4-4x2,Yellow,#F4EE2A,13,1445,50.0,-18.0,31.2,90,CONCEPT_NOT_FIT_VALIDATED
DUC-F-01457,p4-4x2,Yellow,#F4EE2A,13,1446,58.0,-18.0,31.2,90,CONCEPT_NOT_FIT_VALIDATED
DUC-F-01458,p4-2x1,Yellow,#F4EE2A,13,1447,-64.0,-14.0,31.2,90,CONCEPT_NOT_FIT_VALIDATED
DUC-F-01460,p4-4x2,Yellow,#F4EE2A,13,1448,-62.0,-2.0,31.2,90,CONCEPT_NOT_FIT_VALIDATED
DUC-F-01461,p4-4x2,Yellow,#F4EE2A,13,1449,-54.0,-2.0,31.2,90,CONCEPT_NOT_FIT_VALIDATED
DUC-F-01462,p4-4x2,Yellow,#F4EE2A,13,1450,-46.0,-2.0,31.2,90,CONCEPT_NOT_FIT_VALIDATED
DUC-F-01463,p4-4x2,Yellow,#F4EE2A,13,1451,-38.0,-2.0,31.2,90,CONCEPT_NOT_FIT_VALIDATED
DUC-F-01464,p4-4x2,Yellow,#F4EE2A,13,1452,-30.0,-2.0,31.2,90,CONCEPT_NOT_FIT_VALIDATED
DUC-F-01465,p4-4x2,Yellow,#F4EE2A,13,1453,-22.0,-2.0,31.2,90,CONCEPT_NOT_FIT_VALIDATED
DUC-F-01466,p4-4x2,Yellow,#F4EE2A,13,1454,-14.0,-2.0,31.2,90,CONCEPT_NOT_FIT_VALIDATED
DUC-F-01467,p4-4x2,Yellow,#F4EE2A,13,1455,-6.0,-2.0,31.2,90,CONCEPT_NOT_FIT_VALIDATED
DUC-F-01468,p4-4x2,Yellow,#F4EE2A,13,1456,2.0,-2.0,31.2,90,CONCEPT_NOT_FIT_VALIDATED
DUC-F-01469,p4-4x2,Yellow,#F4EE2A,13,1457,10.0,-2.0,31.2,90,CONCEPT_NOT_FIT_VALIDATED
DUC-F-01470,p4-4x2,Yellow,#F4EE2A,13,1458,18.0,-2.0,31.2,90,CONCEPT_NOT_FIT_VALIDATED
DUC-F-01471,p4-4x2,Yellow,#F4EE2A,13,1459,26.0,-2.0,31.2,90,CONCEPT_NOT_FIT_VALIDATED
DUC-F-01472,p4-4x2,Yellow,#F4EE2A,13,1460,34.0,-2.0,31.2,90,CONCEPT_NOT_FIT_VALIDATED
DUC-F-01473,p4-4x2,Yellow,#F4EE2A,13,1461,42.0,-2.0,31.2,90,CONCEPT_NOT_FIT_VALIDATED
DUC-F-01474,p4-4x2,Yellow,#F4EE2A,13,1462,50.0,-2.0,31.2,90,CONCEPT_NOT_FIT_VALIDATED
DUC-F-01475,p4-4x2,Yellow,#F4EE2A,13,1463,58.0,-2.0,31.2,90,CONCEPT_NOT_FIT_VALIDATED
DUC-F-01476,p4-4x1,Yellow,#F4EE2A,13,1464,64.0,-2.0,31.2,90,CONCEPT_NOT_FIT_VALIDATED
DUC-F-01477,p4-4x2,Yellow,#F4EE2A,13,1465,-62.0,14.0,31.2,90,CONCEPT_NOT_FIT_VALIDATED
DUC-F-01478,p4-4x2,Yellow,#F4EE2A,13,1466,-54.0,14.0,31.2,90,CONCEPT_NOT_FIT_VALIDATED
DUC-F-01479,p4-4x2,Yellow,#F4EE2A,13,1467,-46.0,14.0,31.2,90,CONCEPT_NOT_FIT_VALIDATED
DUC-F-01480,p4-4x2,Yellow,#F4EE2A,13,1468,-38.0,14.0,31.2,90,CONCEPT_NOT_FIT_VALIDATED
DUC-F-01481,p4-4x2,Yellow,#F4EE2A,13,1469,-30.0,14.0,31.2,90,CONCEPT_NOT_FIT_VALIDATED
DUC-F-01482,p4-4x2,Yellow,#F4EE2A,13,1470,-22.0,14.0,31.2,90,CONCEPT_NOT_FIT_VALIDATED
DUC-F-01483,p4-4x2,Yellow,#F4EE2A,13,1471,-14.0,14.0,31.2,90,CONCEPT_NOT_FIT_VALIDATED
DUC-F-01484,p4-4x2,Yellow,#F4EE2A,13,1472,-6.0,14.0,31.2,90,CONCEPT_NOT_FIT_VALIDATED
DUC-F-01485,p4-4x2,Yellow,#F4EE2A,13,1473,2.0,14.0,31.2,90,CONCEPT_NOT_FIT_VALIDATED
DUC-F-01486,p4-4x2,Yellow,#F4EE2A,13,1474,10.0,14.0,31.2,90,CONCEPT_NOT_FIT_VALIDATED
DUC-F-01487,p4-4x2,Yellow,#F4EE2A,13,1475,18.0,14.0,31.2,90,CONCEPT_NOT_FIT_VALIDATED
DUC-F-01488,p4-4x2,Yellow,#F4EE2A,13,1476,26.0,14.0,31.2,90,CONCEPT_NOT_FIT_VALIDATED
DUC-F-01489,p4-4x2,Yellow,#F4EE2A,13,1477,34.0,14.0,31.2,90,CONCEPT_NOT_FIT_VALIDATED
DUC-F-01490,p4-4x2,Yellow,#F4EE2A,13,1478,42.0,14.0,31.2,90,CONCEPT_NOT_FIT_VALIDATED
DUC-F-01491,p4-4x2,Yellow,#F4EE2A,13,1479,50.0,14.0,31.2,90,CONCEPT_NOT_FIT_VALIDATED
DUC-F-01492,p4-4x2,Yellow,#F4EE2A,13,1480,58.0,14.0,31.2,90,CONCEPT_NOT_FIT_VALIDATED
DUC-F-01493,p4-4x1,Yellow,#F4EE2A,13,1481,64.0,14.0,31.2,90,CONCEPT_NOT_FIT_VALIDATED
DUC-F-01494,p4-2x2,Yellow,#F4EE2A,13,1482,-62.0,26.0,31.2,0,CONCEPT_NOT_FIT_VALIDATED
DUC-F-01495,p4-4x2,Yellow,#F4EE2A,13,1483,-54.0,30.0,31.2,90,CONCEPT_NOT_FIT_VALIDATED
DUC-F-01496,p4-4x2,Yellow,#F4EE2A,13,1484,-46.0,30.0,31.2,90,CONCEPT_NOT_FIT_VALIDATED
DUC-F-01497,p4-4x2,Yellow,#F4EE2A,13,1485,-38.0,30.0,31.2,90,CONCEPT_NOT_FIT_VALIDATED
DUC-F-01498,p4-4x2,Yellow,#F4EE2A,13,1486,-30.0,30.0,31.2,90,CONCEPT_NOT_FIT_VALIDATED
DUC-F-01499,p4-4x2,Yellow,#F4EE2A,13,1487,-22.0,30.0,31.2,90,CONCEPT_NOT_FIT_VALIDATED
DUC-F-01500,p4-4x2,Yellow,#F4EE2A,13,1488,-14.0,30.0,31.2,90,CONCEPT_NOT_FIT_VALIDATED
DUC-F-01501,p4-4x2,Yellow,#F4EE2A,13,1489,-6.0,30.0,31.2,90,CONCEPT_NOT_FIT_VALIDATED
DUC-F-01502,p4-4x2,Yellow,#F4EE2A,13,1490,2.0,30.0,31.2,90,CONCEPT_NOT_FIT_VALIDATED
DUC-F-01503,p4-4x2,Yellow,#F4EE2A,13,1491,10.0,30.0,31.2,90,CONCEPT_NOT_FIT_VALIDATED
DUC-F-01504,p4-4x2,Yellow,#F4EE2A,13,1492,18.0,30.0,31.2,90,CONCEPT_NOT_FIT_VALIDATED
DUC-F-01505,p4-4x2,Yellow,#F4EE2A,13,1493,26.0,30.0,31.2,90,CONCEPT_NOT_FIT_VALIDATED
DUC-F-01506,p4-4x2,Yellow,#F4EE2A,13,1494,34.0,30.0,31.2,90,CONCEPT_NOT_FIT_VALIDATED
DUC-F-01507,p4-4x2,Yellow,#F4EE2A,13,1495,42.0,30.0,31.2,90,CONCEPT_NOT_FIT_VALIDATED
DUC-F-01508,p4-4x2,Yellow,#F4EE2A,13,1496,50.0,30.0,31.2,90,CONCEPT_NOT_FIT_VALIDATED
DUC-F-01509,p4-4x2,Yellow,#F4EE2A,13,1497,58.0,30.0,31.2,90,CONCEPT_NOT_FIT_VALIDATED
DUC-F-01511,p4-2x1,Yellow,#F4EE2A,13,1498,-60.0,34.0,31.2,90,CONCEPT_NOT_FIT_VALIDATED
DUC-F-01513,p4-2x2,Yellow,#F4EE2A,13,1499,-54.0,42.0,31.2,0,CONCEPT_NOT_FIT_VALIDATED
DUC-F-01514,p4-4x2,Yellow,#F4EE2A,13,1500,-46.0,46.0,31.2,90,CONCEPT_NOT_FIT_VALIDATED
DUC-F-01515,p4-4x2,Yellow,#F4EE2A,13,1501,-38.0,46.0,31.2,90,CONCEPT_NOT_FIT_VALIDATED
DUC-F-01516,p4-4x2,Yellow,#F4EE2A,13,1502,-30.0,46.0,31.2,90,CONCEPT_NOT_FIT_VALIDATED
DUC-F-01517,p4-4x2,Yellow,#F4EE2A,13,1503,-22.0,46.0,31.2,90,CONCEPT_NOT_FIT_VALIDATED
DUC-F-01518,p4-4x2,Yellow,#F4EE2A,13,1504,-14.0,46.0,31.2,90,CONCEPT_NOT_FIT_VALIDATED
DUC-F-01519,p4-4x2,Yellow,#F4EE2A,13,1505,-6.0,46.0,31.2,90,CONCEPT_NOT_FIT_VALIDATED
DUC-F-01520,p4-4x2,Yellow,#F4EE2A,13,1506,2.0,46.0,31.2,90,CONCEPT_NOT_FIT_VALIDATED
DUC-F-01521,p4-4x2,Yellow,#F4EE2A,13,1507,10.0,46.0,31.2,90,CONCEPT_NOT_FIT_VALIDATED
DUC-F-01522,p4-4x2,Yellow,#F4EE2A,13,1508,18.0,46.0,31.2,90,CONCEPT_NOT_FIT_VALIDATED
DUC-F-01523,p4-4x2,Yellow,#F4EE2A,13,1509,26.0,46.0,31.2,90,CONCEPT_NOT_FIT_VALIDATED
DUC-F-01524,p4-4x2,Yellow,#F4EE2A,13,1510,34.0,46.0,31.2,90,CONCEPT_NOT_FIT_VALIDATED
DUC-F-01525,p4-4x2,Yellow,#F4EE2A,13,1511,42.0,46.0,31.2,90,CONCEPT_NOT_FIT_VALIDATED
DUC-F-01526,p4-4x2,Yellow,#F4EE2A,13,1512,50.0,46.0,31.2,90,CONCEPT_NOT_FIT_VALIDATED
DUC-F-01527,p4-2x1,Yellow,#F4EE2A,13,1513,56.0,42.0,31.2,90,CONCEPT_NOT_FIT_VALIDATED
DUC-F-01529,p4-2x1,Yellow,#F4EE2A,13,1514,-52.0,50.0,31.2,90,CONCEPT_NOT_FIT_VALIDATED
DUC-F-01530,p4-2x1,Yellow,#F4EE2A,13,1515,-46.0,56.0,31.2,0,CONCEPT_NOT_FIT_VALIDATED
DUC-F-01531,p4-3x2,Yellow,#F4EE2A,13,1516,-38.0,60.0,31.2,90,CONCEPT_NOT_FIT_VALIDATED
DUC-F-01532,p4-4x2,Yellow,#F4EE2A,13,1517,-30.0,62.0,31.2,90,CONCEPT_NOT_FIT_VALIDATED
DUC-F-01533,p4-4x2,Yellow,#F4EE2A,13,1518,-22.0,62.0,31.2,90,CONCEPT_NOT_FIT_VALIDATED
DUC-F-01534,p4-4x2,Yellow,#F4EE2A,13,1519,-14.0,62.0,31.2,90,CONCEPT_NOT_FIT_VALIDATED
DUC-F-01535,p4-4x2,Yellow,#F4EE2A,13,1520,-6.0,62.0,31.2,90,CONCEPT_NOT_FIT_VALIDATED
DUC-F-01536,p4-4x2,Yellow,#F4EE2A,13,1521,2.0,62.0,31.2,90,CONCEPT_NOT_FIT_VALIDATED
DUC-F-01537,p4-4x2,Yellow,#F4EE2A,13,1522,10.0,62.0,31.2,90,CONCEPT_NOT_FIT_VALIDATED
DUC-F-01538,p4-4x2,Yellow,#F4EE2A,13,1523,18.0,62.0,31.2,90,CONCEPT_NOT_FIT_VALIDATED
DUC-F-01539,p4-4x2,Yellow,#F4EE2A,13,1524,26.0,62.0,31.2,90,CONCEPT_NOT_FIT_VALIDATED
DUC-F-01540,p4-3x2,Yellow,#F4EE2A,13,1525,34.0,60.0,31.2,90,CONCEPT_NOT_FIT_VALIDATED
DUC-F-01368,p4-1x1,Yellow,#F4EE2A,12,1526,36.0,64.0,28.8,0,CONCEPT_NOT_FIT_VALIDATED
DUC-F-01541,p4-2x2,Yellow,#F4EE2A,13,1527,42.0,58.0,31.2,0,CONCEPT_NOT_FIT_VALIDATED
DUC-F-01545,p4-1x1,Yellow,#F4EE2A,13,1528,32.0,68.0,31.2,0,CONCEPT_NOT_FIT_VALIDATED
DUC-F-01547,p4-2x1,Yellow,#F4EE2A,13,1529,-22.0,72.0,31.2,0,CONCEPT_NOT_FIT_VALIDATED
DUC-F-01548,p4-2x2,Yellow,#F4EE2A,13,1530,-14.0,74.0,31.2,0,CONCEPT_NOT_FIT_VALIDATED
DUC-F-01312,p4-1x1,Yellow,#F4EE2A,12,1531,-12.0,76.0,28.8,0,CONCEPT_NOT_FIT_VALIDATED
DUC-F-01549,p4-2x2,Yellow,#F4EE2A,13,1532,-6.0,74.0,31.2,0,CONCEPT_NOT_FIT_VALIDATED
DUC-F-01550,p4-2x2,Yellow,#F4EE2A,13,1533,2.0,74.0,31.2,0,CONCEPT_NOT_FIT_VALIDATED
DUC-F-01551,p4-2x2,Yellow,#F4EE2A,13,1534,10.0,74.0,31.2,0,CONCEPT_NOT_FIT_VALIDATED
DUC-F-01349,p4-2x1,Yellow,#F4EE2A,12,1535,10.0,76.0,28.8,0,CONCEPT_NOT_FIT_VALIDATED
DUC-F-01552,p4-2x1,Yellow,#F4EE2A,13,1536,16.0,74.0,31.2,90,CONCEPT_NOT_FIT_VALIDATED
DUC-F-01553,p4-1x1,Yellow,#F4EE2A,13,1537,20.0,72.0,31.2,0,CONCEPT_NOT_FIT_VALIDATED
DUC-F-01555,p4-2x1,Yellow,#F4EE2A,14,1538,-66.0,0.0,33.6,0,CONCEPT_NOT_FIT_VALIDATED
DUC-F-01556,p4-2x2,Yellow,#F4EE2A,14,1539,-66.0,6.0,33.6,0,CONCEPT_NOT_FIT_VALIDATED
DUC-F-01557,p4-2x1,Yellow,#F4EE2A,14,1540,-64.0,-18.0,33.6,90,CONCEPT_NOT_FIT_VALIDATED
DUC-F-01558,p4-2x1,Yellow,#F4EE2A,14,1541,-64.0,-10.0,33.6,90,CONCEPT_NOT_FIT_VALIDATED
DUC-F-01559,p4-1x1,Yellow,#F4EE2A,14,1542,-64.0,-4.0,33.6,0,CONCEPT_NOT_FIT_VALIDATED
DUC-F-01560,p4-2x1,Yellow,#F4EE2A,14,1543,-64.0,14.0,33.6,90,CONCEPT_NOT_FIT_VALIDATED
DUC-F-01561,p4-2x1,Yellow,#F4EE2A,14,1544,-64.0,22.0,33.6,90,CONCEPT_NOT_FIT_VALIDATED
DUC-F-01562,p4-2x1,Yellow,#F4EE2A,14,1545,-64.0,30.0,33.6,90,CONCEPT_NOT_FIT_VALIDATED
DUC-F-01563,p4-4x2,Yellow,#F4EE2A,14,1546,-54.0,-26.0,33.6,0,CONCEPT_NOT_FIT_VALIDATED
DUC-F-01440,p4-1x1,Yellow,#F4EE2A,13,1547,-60.0,-28.0,31.2,0,CONCEPT_NOT_FIT_VALIDATED
DUC-F-01564,p4-4x2,Yellow,#F4EE2A,14,1548,-54.0,-18.0,33.6,0,CONCEPT_NOT_FIT_VALIDATED
DUC-F-01565,p4-4x2,Yellow,#F4EE2A,14,1549,-54.0,-10.0,33.6,0,CONCEPT_NOT_FIT_VALIDATED
DUC-F-01566,p4-4x2,Yellow,#F4EE2A,14,1550,-54.0,-2.0,33.6,0,CONCEPT_NOT_FIT_VALIDATED
DUC-F-01567,p4-4x2,Yellow,#F4EE2A,14,1551,-54.0,6.0,33.6,0,CONCEPT_NOT_FIT_VALIDATED
DUC-F-01568,p4-4x2,Yellow,#F4EE2A,14,1552,-54.0,14.0,33.6,0,CONCEPT_NOT_FIT_VALIDATED
DUC-F-01569,p4-4x2,Yellow,#F4EE2A,14,1553,-54.0,22.0,33.6,0,CONCEPT_NOT_FIT_VALIDATED
DUC-F-01570,p4-4x2,Yellow,#F4EE2A,14,1554,-54.0,30.0,33.6,0,CONCEPT_NOT_FIT_VALIDATED
DUC-F-01571,p4-4x2,Yellow,#F4EE2A,14,1555,-54.0,38.0,33.6,0,CONCEPT_NOT_FIT_VALIDATED
DUC-F-01512,p4-1x1,Yellow,#F4EE2A,13,1556,-60.0,40.0,31.2,0,CONCEPT_NOT_FIT_VALIDATED
DUC-F-01572,p4-3x2,Yellow,#F4EE2A,14,1557,-52.0,-34.0,33.6,0,CONCEPT_NOT_FIT_VALIDATED
DUC-F-01573,p4-3x2,Yellow,#F4EE2A,14,1558,-52.0,46.0,33.6,0,CONCEPT_NOT_FIT_VALIDATED
DUC-F-01574,p4-2x2,Yellow,#F4EE2A,14,1559,-50.0,-42.0,33.6,0,CONCEPT_NOT_FIT_VALIDATED
DUC-F-01575,p4-2x1,Yellow,#F4EE2A,14,1560,-50.0,52.0,33.6,0,CONCEPT_NOT_FIT_VALIDATED
DUC-F-01577,p4-1x1,Yellow,#F4EE2A,14,1561,-48.0,56.0,33.6,0,CONCEPT_NOT_FIT_VALIDATED
DUC-F-01578,p4-4x2,Yellow,#F4EE2A,14,1562,-38.0,-50.0,33.6,0,CONCEPT_NOT_FIT_VALIDATED
DUC-F-01579,p4-4x2,Yellow,#F4EE2A,14,1563,-38.0,-42.0,33.6,0,CONCEPT_NOT_FIT_VALIDATED
DUC-F-01580,p4-4x2,Yellow,#F4EE2A,14,1564,-38.0,-34.0,33.6,0,CONCEPT_NOT_FIT_VALIDATED
DUC-F-01581,p4-4x2,Yellow,#F4EE2A,14,1565,-38.0,-26.0,33.6,0,CONCEPT_NOT_FIT_VALIDATED
DUC-F-01582,p4-4x2,Yellow,#F4EE2A,14,1566,-38.0,-18.0,33.6,0,CONCEPT_NOT_FIT_VALIDATED
DUC-F-01583,p4-4x2,Yellow,#F4EE2A,14,1567,-38.0,-10.0,33.6,0,CONCEPT_NOT_FIT_VALIDATED
DUC-F-01584,p4-4x2,Yellow,#F4EE2A,14,1568,-38.0,-2.0,33.6,0,CONCEPT_NOT_FIT_VALIDATED
DUC-F-01585,p4-4x2,Yellow,#F4EE2A,14,1569,-38.0,6.0,33.6,0,CONCEPT_NOT_FIT_VALIDATED
DUC-F-01586,p4-4x2,Yellow,#F4EE2A,14,1570,-38.0,14.0,33.6,0,CONCEPT_NOT_FIT_VALIDATED
DUC-F-01587,p4-4x2,Yellow,#F4EE2A,14,1571,-38.0,22.0,33.6,0,CONCEPT_NOT_FIT_VALIDATED
DUC-F-01588,p4-4x2,Yellow,#F4EE2A,14,1572,-38.0,30.0,33.6,0,CONCEPT_NOT_FIT_VALIDATED
DUC-F-01589,p4-4x2,Yellow,#F4EE2A,14,1573,-38.0,38.0,33.6,0,CONCEPT_NOT_FIT_VALIDATED
DUC-F-01590,p4-4x2,Yellow,#F4EE2A,14,1574,-38.0,46.0,33.6,0,CONCEPT_NOT_FIT_VALIDATED
DUC-F-01591,p4-4x2,Yellow,#F4EE2A,14,1575,-38.0,54.0,33.6,0,CONCEPT_NOT_FIT_VALIDATED
DUC-F-01592,p4-4x1,Yellow,#F4EE2A,14,1576,-38.0,60.0,33.6,0,CONCEPT_NOT_FIT_VALIDATED
DUC-F-01543,p4-1x1,Yellow,#F4EE2A,13,1577,-44.0,60.0,31.2,0,CONCEPT_NOT_FIT_VALIDATED
DUC-F-01593,p4-3x1,Yellow,#F4EE2A,14,1578,-36.0,-56.0,33.6,0,CONCEPT_NOT_FIT_VALIDATED
DUC-F-01594,p4-3x1,Yellow,#F4EE2A,14,1579,-36.0,64.0,33.6,0,CONCEPT_NOT_FIT_VALIDATED
DUC-F-01595,p4-2x1,Yellow,#F4EE2A,14,1580,-34.0,-60.0,33.6,0,CONCEPT_NOT_FIT_VALIDATED
DUC-F-01596,p4-2x1,Yellow,#F4EE2A,14,1581,-34.0,68.0,33.6,0,CONCEPT_NOT_FIT_VALIDATED
DUC-F-01597,p4-4x1,Yellow,#F4EE2A,14,1582,-22.0,-64.0,33.6,0,CONCEPT_NOT_FIT_VALIDATED
DUC-F-01598,p4-4x2,Yellow,#F4EE2A,14,1583,-22.0,-58.0,33.6,0,CONCEPT_NOT_FIT_VALIDATED
DUC-F-01599,p4-4x2,Yellow,#F4EE2A,14,1584,-22.0,-50.0,33.6,0,CONCEPT_NOT_FIT_VALIDATED
DUC-F-01600,p4-4x2,Yellow,#F4EE2A,14,1585,-22.0,-42.0,33.6,0,CONCEPT_NOT_FIT_VALIDATED
DUC-F-01601,p4-4x2,Yellow,#F4EE2A,14,1586,-22.0,-34.0,33.6,0,CONCEPT_NOT_FIT_VALIDATED
DUC-F-01602,p4-4x2,Yellow,#F4EE2A,14,1587,-22.0,-26.0,33.6,0,CONCEPT_NOT_FIT_VALIDATED
DUC-F-01603,p4-4x2,Yellow,#F4EE2A,14,1588,-22.0,-18.0,33.6,0,CONCEPT_NOT_FIT_VALIDATED
DUC-F-01604,p4-4x2,Yellow,#F4EE2A,14,1589,-22.0,-10.0,33.6,0,CONCEPT_NOT_FIT_VALIDATED
DUC-F-01605,p4-4x2,Yellow,#F4EE2A,14,1590,-22.0,-2.0,33.6,0,CONCEPT_NOT_FIT_VALIDATED
DUC-F-01606,p4-4x2,Yellow,#F4EE2A,14,1591,-22.0,6.0,33.6,0,CONCEPT_NOT_FIT_VALIDATED
DUC-F-01607,p4-4x2,Yellow,#F4EE2A,14,1592,-22.0,14.0,33.6,0,CONCEPT_NOT_FIT_VALIDATED
DUC-F-01608,p4-4x2,Yellow,#F4EE2A,14,1593,-22.0,22.0,33.6,0,CONCEPT_NOT_FIT_VALIDATED
DUC-F-01609,p4-4x2,Yellow,#F4EE2A,14,1594,-22.0,30.0,33.6,0,CONCEPT_NOT_FIT_VALIDATED
DUC-F-01610,p4-4x2,Yellow,#F4EE2A,14,1595,-22.0,38.0,33.6,0,CONCEPT_NOT_FIT_VALIDATED
DUC-F-01611,p4-4x2,Yellow,#F4EE2A,14,1596,-22.0,46.0,33.6,0,CONCEPT_NOT_FIT_VALIDATED
DUC-F-01612,p4-4x2,Yellow,#F4EE2A,14,1597,-22.0,54.0,33.6,0,CONCEPT_NOT_FIT_VALIDATED
DUC-F-01613,p4-4x2,Yellow,#F4EE2A,14,1598,-22.0,62.0,33.6,0,CONCEPT_NOT_FIT_VALIDATED
DUC-F-01614,p4-4x2,Yellow,#F4EE2A,14,1599,-22.0,70.0,33.6,0,CONCEPT_NOT_FIT_VALIDATED
DUC-F-01546,p4-1x1,Yellow,#F4EE2A,13,1600,-28.0,72.0,31.2,0,CONCEPT_NOT_FIT_VALIDATED
DUC-F-01615,p4-2x1,Yellow,#F4EE2A,14,1601,-18.0,76.0,33.6,0,CONCEPT_NOT_FIT_VALIDATED
DUC-F-01617,p4-4x2,Yellow,#F4EE2A,14,1602,-6.0,-66.0,33.6,0,CONCEPT_NOT_FIT_VALIDATED
DUC-F-01618,p4-4x2,Yellow,#F4EE2A,14,1603,-6.0,-58.0,33.6,0,CONCEPT_NOT_FIT_VALIDATED
DUC-F-01619,p4-4x2,Yellow,#F4EE2A,14,1604,-6.0,-50.0,33.6,0,CONCEPT_NOT_FIT_VALIDATED
DUC-F-01620,p4-4x2,Yellow,#F4EE2A,14,1605,-6.0,-42.0,33.6,0,CONCEPT_NOT_FIT_VALIDATED
DUC-F-01621,p4-4x2,Yellow,#F4EE2A,14,1606,-6.0,-34.0,33.6,0,CONCEPT_NOT_FIT_VALIDATED
DUC-F-01622,p4-4x2,Yellow,#F4EE2A,14,1607,-6.0,-26.0,33.6,0,CONCEPT_NOT_FIT_VALIDATED
DUC-F-01623,p4-4x2,Yellow,#F4EE2A,14,1608,-6.0,-18.0,33.6,0,CONCEPT_NOT_FIT_VALIDATED
DUC-F-01624,p4-4x2,Yellow,#F4EE2A,14,1609,-6.0,-10.0,33.6,0,CONCEPT_NOT_FIT_VALIDATED
DUC-F-01625,p4-4x2,Yellow,#F4EE2A,14,1610,-6.0,-2.0,33.6,0,CONCEPT_NOT_FIT_VALIDATED
DUC-F-01626,p4-4x2,Yellow,#F4EE2A,14,1611,-6.0,6.0,33.6,0,CONCEPT_NOT_FIT_VALIDATED
DUC-F-01627,p4-4x2,Yellow,#F4EE2A,14,1612,-6.0,14.0,33.6,0,CONCEPT_NOT_FIT_VALIDATED
DUC-F-01628,p4-4x2,Yellow,#F4EE2A,14,1613,-6.0,22.0,33.6,0,CONCEPT_NOT_FIT_VALIDATED
DUC-F-01629,p4-4x2,Yellow,#F4EE2A,14,1614,-6.0,30.0,33.6,0,CONCEPT_NOT_FIT_VALIDATED
DUC-F-01630,p4-4x2,Yellow,#F4EE2A,14,1615,-6.0,38.0,33.6,0,CONCEPT_NOT_FIT_VALIDATED
DUC-F-01631,p4-4x2,Yellow,#F4EE2A,14,1616,-6.0,46.0,33.6,0,CONCEPT_NOT_FIT_VALIDATED
DUC-F-01632,p4-4x2,Yellow,#F4EE2A,14,1617,-6.0,54.0,33.6,0,CONCEPT_NOT_FIT_VALIDATED
DUC-F-01633,p4-4x2,Yellow,#F4EE2A,14,1618,-6.0,62.0,33.6,0,CONCEPT_NOT_FIT_VALIDATED
DUC-F-01634,p4-4x2,Yellow,#F4EE2A,14,1619,-6.0,70.0,33.6,0,CONCEPT_NOT_FIT_VALIDATED
DUC-F-01635,p4-4x2,Yellow,#F4EE2A,14,1620,-6.0,78.0,33.6,0,CONCEPT_NOT_FIT_VALIDATED
DUC-F-01636,p4-4x2,Yellow,#F4EE2A,14,1621,10.0,-66.0,33.6,0,CONCEPT_NOT_FIT_VALIDATED
DUC-F-01637,p4-4x2,Yellow,#F4EE2A,14,1622,10.0,-58.0,33.6,0,CONCEPT_NOT_FIT_VALIDATED
DUC-F-01638,p4-4x2,Yellow,#F4EE2A,14,1623,10.0,-50.0,33.6,0,CONCEPT_NOT_FIT_VALIDATED
DUC-F-01639,p4-4x2,Yellow,#F4EE2A,14,1624,10.0,-42.0,33.6,0,CONCEPT_NOT_FIT_VALIDATED
DUC-F-01640,p4-4x2,Yellow,#F4EE2A,14,1625,10.0,-34.0,33.6,0,CONCEPT_NOT_FIT_VALIDATED
DUC-F-01641,p4-4x2,Yellow,#F4EE2A,14,1626,10.0,-26.0,33.6,0,CONCEPT_NOT_FIT_VALIDATED
DUC-F-01642,p4-4x2,Yellow,#F4EE2A,14,1627,10.0,-18.0,33.6,0,CONCEPT_NOT_FIT_VALIDATED
DUC-F-01643,p4-4x2,Yellow,#F4EE2A,14,1628,10.0,-10.0,33.6,0,CONCEPT_NOT_FIT_VALIDATED
DUC-F-01644,p4-4x2,Yellow,#F4EE2A,14,1629,10.0,-2.0,33.6,0,CONCEPT_NOT_FIT_VALIDATED
DUC-F-01645,p4-4x2,Yellow,#F4EE2A,14,1630,10.0,6.0,33.6,0,CONCEPT_NOT_FIT_VALIDATED
DUC-F-01646,p4-4x2,Yellow,#F4EE2A,14,1631,10.0,14.0,33.6,0,CONCEPT_NOT_FIT_VALIDATED
DUC-F-01647,p4-4x2,Yellow,#F4EE2A,14,1632,10.0,22.0,33.6,0,CONCEPT_NOT_FIT_VALIDATED
DUC-F-01648,p4-4x2,Yellow,#F4EE2A,14,1633,10.0,30.0,33.6,0,CONCEPT_NOT_FIT_VALIDATED
DUC-F-01649,p4-4x2,Yellow,#F4EE2A,14,1634,10.0,38.0,33.6,0,CONCEPT_NOT_FIT_VALIDATED
DUC-F-01650,p4-4x2,Yellow,#F4EE2A,14,1635,10.0,46.0,33.6,0,CONCEPT_NOT_FIT_VALIDATED
DUC-F-01651,p4-4x2,Yellow,#F4EE2A,14,1636,10.0,54.0,33.6,0,CONCEPT_NOT_FIT_VALIDATED
DUC-F-01652,p4-4x2,Yellow,#F4EE2A,14,1637,10.0,62.0,33.6,0,CONCEPT_NOT_FIT_VALIDATED
DUC-F-01653,p4-4x2,Yellow,#F4EE2A,14,1638,10.0,70.0,33.6,0,CONCEPT_NOT_FIT_VALIDATED
DUC-F-01654,p4-4x1,Yellow,#F4EE2A,14,1639,10.0,76.0,33.6,0,CONCEPT_NOT_FIT_VALIDATED
DUC-F-01656,p4-3x1,Yellow,#F4EE2A,14,1640,24.0,-64.0,33.6,0,CONCEPT_NOT_FIT_VALIDATED
DUC-F-01657,p4-4x2,Yellow,#F4EE2A,14,1641,26.0,-58.0,33.6,0,CONCEPT_NOT_FIT_VALIDATED
DUC-F-01409,p4-1x1,Yellow,#F4EE2A,13,1642,32.0,-60.0,31.2,0,CONCEPT_NOT_FIT_VALIDATED
DUC-F-01658,p4-4x2,Yellow,#F4EE2A,14,1643,26.0,-50.0,33.6,0,CONCEPT_NOT_FIT_VALIDATED
DUC-F-01659,p4-4x2,Yellow,#F4EE2A,14,1644,26.0,-42.0,33.6,0,CONCEPT_NOT_FIT_VALIDATED
DUC-F-01660,p4-4x2,Yellow,#F4EE2A,14,1645,26.0,-34.0,33.6,0,CONCEPT_NOT_FIT_VALIDATED
DUC-F-01661,p4-4x2,Yellow,#F4EE2A,14,1646,26.0,-26.0,33.6,0,CONCEPT_NOT_FIT_VALIDATED
DUC-F-01662,p4-4x2,Yellow,#F4EE2A,14,1647,26.0,-18.0,33.6,0,CONCEPT_NOT_FIT_VALIDATED
DUC-F-01663,p4-4x2,Yellow,#F4EE2A,14,1648,26.0,-10.0,33.6,0,CONCEPT_NOT_FIT_VALIDATED
DUC-F-01664,p4-4x2,Yellow,#F4EE2A,14,1649,26.0,-2.0,33.6,0,CONCEPT_NOT_FIT_VALIDATED
DUC-F-01665,p4-4x2,Yellow,#F4EE2A,14,1650,26.0,6.0,33.6,0,CONCEPT_NOT_FIT_VALIDATED
DUC-F-01666,p4-4x2,Yellow,#F4EE2A,14,1651,26.0,14.0,33.6,0,CONCEPT_NOT_FIT_VALIDATED
DUC-F-01667,p4-4x2,Yellow,#F4EE2A,14,1652,26.0,22.0,33.6,0,CONCEPT_NOT_FIT_VALIDATED
DUC-F-01668,p4-4x2,Yellow,#F4EE2A,14,1653,26.0,30.0,33.6,0,CONCEPT_NOT_FIT_VALIDATED
DUC-F-01669,p4-4x2,Yellow,#F4EE2A,14,1654,26.0,38.0,33.6,0,CONCEPT_NOT_FIT_VALIDATED
DUC-F-01670,p4-4x2,Yellow,#F4EE2A,14,1655,26.0,46.0,33.6,0,CONCEPT_NOT_FIT_VALIDATED
DUC-F-01671,p4-4x2,Yellow,#F4EE2A,14,1656,26.0,54.0,33.6,0,CONCEPT_NOT_FIT_VALIDATED
DUC-F-01672,p4-4x2,Yellow,#F4EE2A,14,1657,26.0,62.0,33.6,0,CONCEPT_NOT_FIT_VALIDATED
DUC-F-01673,p4-3x2,Yellow,#F4EE2A,14,1658,24.0,70.0,33.6,0,CONCEPT_NOT_FIT_VALIDATED
DUC-F-01554,p4-2x1,Yellow,#F4EE2A,13,1659,26.0,72.0,31.2,0,CONCEPT_NOT_FIT_VALIDATED
DUC-F-01367,p4-1x1,Yellow,#F4EE2A,12,1660,24.0,72.0,28.8,0,CONCEPT_NOT_FIT_VALIDATED
DUC-F-01675,p4-1x1,Yellow,#F4EE2A,14,1661,32.0,68.0,33.6,0,CONCEPT_NOT_FIT_VALIDATED
DUC-F-01676,p4-2x1,Yellow,#F4EE2A,14,1662,36.0,-58.0,33.6,90,CONCEPT_NOT_FIT_VALIDATED
DUC-F-01677,p4-3x2,Yellow,#F4EE2A,14,1663,40.0,-50.0,33.6,0,CONCEPT_NOT_FIT_VALIDATED
DUC-F-01678,p4-4x2,Yellow,#F4EE2A,14,1664,42.0,-42.0,33.6,0,CONCEPT_NOT_FIT_VALIDATED
DUC-F-01423,p4-1x1,Yellow,#F4EE2A,13,1665,48.0,-44.0,31.2,0,CONCEPT_NOT_FIT_VALIDATED
DUC-F-01385,p4-1x1,Yellow,#F4EE2A,12,1666,48.0,-44.0,28.8,0,CONCEPT_NOT_FIT_VALIDATED
DUC-F-01679,p4-4x2,Yellow,#F4EE2A,14,1667,42.0,-34.0,33.6,0,CONCEPT_NOT_FIT_VALIDATED
DUC-F-01680,p4-4x2,Yellow,#F4EE2A,14,1668,42.0,-26.0,33.6,0,CONCEPT_NOT_FIT_VALIDATED
DUC-F-01681,p4-4x2,Yellow,#F4EE2A,14,1669,42.0,-18.0,33.6,0,CONCEPT_NOT_FIT_VALIDATED
DUC-F-01682,p4-4x2,Yellow,#F4EE2A,14,1670,42.0,-10.0,33.6,0,CONCEPT_NOT_FIT_VALIDATED
DUC-F-01683,p4-4x2,Yellow,#F4EE2A,14,1671,42.0,-2.0,33.6,0,CONCEPT_NOT_FIT_VALIDATED
DUC-F-01684,p4-4x2,Yellow,#F4EE2A,14,1672,42.0,6.0,33.6,0,CONCEPT_NOT_FIT_VALIDATED
DUC-F-01685,p4-4x2,Yellow,#F4EE2A,14,1673,42.0,14.0,33.6,0,CONCEPT_NOT_FIT_VALIDATED
DUC-F-01686,p4-4x2,Yellow,#F4EE2A,14,1674,42.0,22.0,33.6,0,CONCEPT_NOT_FIT_VALIDATED
DUC-F-01687,p4-4x2,Yellow,#F4EE2A,14,1675,42.0,30.0,33.6,0,CONCEPT_NOT_FIT_VALIDATED
DUC-F-01688,p4-4x2,Yellow,#F4EE2A,14,1676,42.0,38.0,33.6,0,CONCEPT_NOT_FIT_VALIDATED
DUC-F-01689,p4-4x2,Yellow,#F4EE2A,14,1677,42.0,46.0,33.6,0,CONCEPT_NOT_FIT_VALIDATED
DUC-F-01690,p4-4x2,Yellow,#F4EE2A,14,1678,42.0,54.0,33.6,0,CONCEPT_NOT_FIT_VALIDATED
DUC-F-01542,p4-1x1,Yellow,#F4EE2A,13,1679,48.0,56.0,31.2,0,CONCEPT_NOT_FIT_VALIDATED
DUC-F-01691,p4-2x2,Yellow,#F4EE2A,14,1680,38.0,62.0,33.6,0,CONCEPT_NOT_FIT_VALIDATED
DUC-F-01544,p4-1x1,Yellow,#F4EE2A,13,1681,40.0,64.0,31.2,0,CONCEPT_NOT_FIT_VALIDATED
DUC-F-01694,p4-1x1,Yellow,#F4EE2A,14,1682,44.0,60.0,33.6,0,CONCEPT_NOT_FIT_VALIDATED
DUC-F-01696,p4-1x1,Yellow,#F4EE2A,14,1683,52.0,-40.0,33.6,0,CONCEPT_NOT_FIT_VALIDATED
DUC-F-01697,p4-2x2,Yellow,#F4EE2A,14,1684,54.0,-34.0,33.6,0,CONCEPT_NOT_FIT_VALIDATED
DUC-F-01698,p4-3x2,Yellow,#F4EE2A,14,1685,56.0,-26.0,33.6,0,CONCEPT_NOT_FIT_VALIDATED
DUC-F-01441,p4-1x1,Yellow,#F4EE2A,13,1686,60.0,-28.0,31.2,0,CONCEPT_NOT_FIT_VALIDATED
DUC-F-01699,p4-4x2,Yellow,#F4EE2A,14,1687,58.0,-18.0,33.6,0,CONCEPT_NOT_FIT_VALIDATED
DUC-F-01459,p4-2x1,Yellow,#F4EE2A,13,1688,64.0,-14.0,31.2,90,CONCEPT_NOT_FIT_VALIDATED
DUC-F-01397,p4-1x1,Yellow,#F4EE2A,12,1689,64.0,-12.0,28.8,0,CONCEPT_NOT_FIT_VALIDATED
DUC-F-01700,p4-4x2,Yellow,#F4EE2A,14,1690,58.0,-10.0,33.6,0,CONCEPT_NOT_FIT_VALIDATED
DUC-F-01701,p4-4x2,Yellow,#F4EE2A,14,1691,58.0,-2.0,33.6,0,CONCEPT_NOT_FIT_VALIDATED
DUC-F-01702,p4-4x2,Yellow,#F4EE2A,14,1692,58.0,6.0,33.6,0,CONCEPT_NOT_FIT_VALIDATED
DUC-F-01703,p4-4x2,Yellow,#F4EE2A,14,1693,58.0,14.0,33.6,0,CONCEPT_NOT_FIT_VALIDATED
DUC-F-01704,p4-4x2,Yellow,#F4EE2A,14,1694,58.0,22.0,33.6,0,CONCEPT_NOT_FIT_VALIDATED
DUC-F-01510,p4-2x1,Yellow,#F4EE2A,13,1695,64.0,26.0,31.2,90,CONCEPT_NOT_FIT_VALIDATED
DUC-F-01398,p4-1x1,Yellow,#F4EE2A,12,1696,64.0,24.0,28.8,0,CONCEPT_NOT_FIT_VALIDATED
DUC-F-01705,p4-4x2,Yellow,#F4EE2A,14,1697,58.0,30.0,33.6,0,CONCEPT_NOT_FIT_VALIDATED
DUC-F-01706,p4-3x2,Yellow,#F4EE2A,14,1698,56.0,38.0,33.6,0,CONCEPT_NOT_FIT_VALIDATED
DUC-F-01528,p4-1x1,Yellow,#F4EE2A,13,1699,60.0,40.0,31.2,0,CONCEPT_NOT_FIT_VALIDATED
DUC-F-01707,p4-2x2,Yellow,#F4EE2A,14,1700,54.0,46.0,33.6,0,CONCEPT_NOT_FIT_VALIDATED
DUC-F-01708,p4-1x1,Yellow,#F4EE2A,14,1701,52.0,52.0,33.6,0,CONCEPT_NOT_FIT_VALIDATED
DUC-F-01711,p4-2x2,Yellow,#F4EE2A,15,1702,-18.0,-66.0,36.0,0,CONCEPT_NOT_FIT_VALIDATED
DUC-F-01616,p4-1x1,Yellow,#F4EE2A,14,1703,-16.0,-68.0,33.6,0,CONCEPT_NOT_FIT_VALIDATED
DUC-F-01712,p4-2x2,Yellow,#F4EE2A,15,1704,-10.0,-66.0,36.0,0,CONCEPT_NOT_FIT_VALIDATED
DUC-F-01713,p4-2x2,Yellow,#F4EE2A,15,1705,-2.0,-66.0,36.0,0,CONCEPT_NOT_FIT_VALIDATED
DUC-F-01714,p4-2x2,Yellow,#F4EE2A,15,1706,6.0,-66.0,36.0,0,CONCEPT_NOT_FIT_VALIDATED
DUC-F-01715,p4-2x2,Yellow,#F4EE2A,15,1707,14.0,-66.0,36.0,0,CONCEPT_NOT_FIT_VALIDATED
DUC-F-01716,p4-2x1,Yellow,#F4EE2A,15,1708,20.0,-66.0,36.0,90,CONCEPT_NOT_FIT_VALIDATED
DUC-F-01717,p4-2x1,Yellow,#F4EE2A,15,1709,-26.0,-64.0,36.0,0,CONCEPT_NOT_FIT_VALIDATED
DUC-F-01718,p4-1x1,Yellow,#F4EE2A,15,1710,24.0,-64.0,36.0,0,CONCEPT_NOT_FIT_VALIDATED
DUC-F-01719,p4-1x1,Yellow,#F4EE2A,15,1711,28.0,-64.0,36.0,0,CONCEPT_NOT_FIT_VALIDATED
DUC-F-01720,p4-4x2,Yellow,#F4EE2A,15,1712,-34.0,-54.0,36.0,90,CONCEPT_NOT_FIT_VALIDATED
DUC-F-01721,p4-4x2,Yellow,#F4EE2A,15,1713,-26.0,-54.0,36.0,90,CONCEPT_NOT_FIT_VALIDATED
DUC-F-01722,p4-4x2,Yellow,#F4EE2A,15,1714,-18.0,-54.0,36.0,90,CONCEPT_NOT_FIT_VALIDATED
DUC-F-01723,p4-4x2,Yellow,#F4EE2A,15,1715,-10.0,-54.0,36.0,90,CONCEPT_NOT_FIT_VALIDATED
DUC-F-01724,p4-4x2,Yellow,#F4EE2A,15,1716,-2.0,-54.0,36.0,90,CONCEPT_NOT_FIT_VALIDATED
DUC-F-01725,p4-4x2,Yellow,#F4EE2A,15,1717,6.0,-54.0,36.0,90,CONCEPT_NOT_FIT_VALIDATED
DUC-F-01726,p4-4x2,Yellow,#F4EE2A,15,1718,14.0,-54.0,36.0,90,CONCEPT_NOT_FIT_VALIDATED
DUC-F-01727,p4-4x2,Yellow,#F4EE2A,15,1719,22.0,-54.0,36.0,90,CONCEPT_NOT_FIT_VALIDATED
DUC-F-01728,p4-4x2,Yellow,#F4EE2A,15,1720,30.0,-54.0,36.0,90,CONCEPT_NOT_FIT_VALIDATED
DUC-F-01729,p4-4x1,Yellow,#F4EE2A,15,1721,36.0,-54.0,36.0,90,CONCEPT_NOT_FIT_VALIDATED
DUC-F-01730,p4-3x1,Yellow,#F4EE2A,15,1722,-40.0,-52.0,36.0,90,CONCEPT_NOT_FIT_VALIDATED
DUC-F-01731,p4-3x1,Yellow,#F4EE2A,15,1723,40.0,-52.0,36.0,90,CONCEPT_NOT_FIT_VALIDATED
DUC-F-01693,p4-1x1,Yellow,#F4EE2A,14,1724,40.0,-56.0,33.6,0,CONCEPT_NOT_FIT_VALIDATED
DUC-F-01732,p4-2x1,Yellow,#F4EE2A,15,1725,-44.0,-50.0,36.0,90,CONCEPT_NOT_FIT_VALIDATED
DUC-F-01733,p4-2x1,Yellow,#F4EE2A,15,1726,44.0,-50.0,36.0,90,CONCEPT_NOT_FIT_VALIDATED
DUC-F-01736,p4-4x2,Yellow,#F4EE2A,15,1727,-50.0,-38.0,36.0,90,CONCEPT_NOT_FIT_VALIDATED
DUC-F-01737,p4-4x2,Yellow,#F4EE2A,15,1728,-42.0,-38.0,36.0,90,CONCEPT_NOT_FIT_VALIDATED
DUC-F-01738,p4-4x2,Yellow,#F4EE2A,15,1729,-34.0,-38.0,36.0,90,CONCEPT_NOT_FIT_VALIDATED
DUC-F-01739,p4-4x2,Yellow,#F4EE2A,15,1730,-26.0,-38.0,36.0,90,CONCEPT_NOT_FIT_VALIDATED
DUC-F-01740,p4-4x2,Yellow,#F4EE2A,15,1731,-18.0,-38.0,36.0,90,CONCEPT_NOT_FIT_VALIDATED
DUC-F-01741,p4-4x2,Yellow,#F4EE2A,15,1732,-10.0,-38.0,36.0,90,CONCEPT_NOT_FIT_VALIDATED
DUC-F-01742,p4-4x2,Yellow,#F4EE2A,15,1733,-2.0,-38.0,36.0,90,CONCEPT_NOT_FIT_VALIDATED
DUC-F-01743,p4-4x2,Yellow,#F4EE2A,15,1734,6.0,-38.0,36.0,90,CONCEPT_NOT_FIT_VALIDATED
DUC-F-01744,p4-4x2,Yellow,#F4EE2A,15,1735,14.0,-38.0,36.0,90,CONCEPT_NOT_FIT_VALIDATED
DUC-F-01745,p4-4x2,Yellow,#F4EE2A,15,1736,22.0,-38.0,36.0,90,CONCEPT_NOT_FIT_VALIDATED
DUC-F-01746,p4-4x2,Yellow,#F4EE2A,15,1737,30.0,-38.0,36.0,90,CONCEPT_NOT_FIT_VALIDATED
DUC-F-01747,p4-4x2,Yellow,#F4EE2A,15,1738,38.0,-38.0,36.0,90,CONCEPT_NOT_FIT_VALIDATED
DUC-F-01748,p4-4x2,Yellow,#F4EE2A,15,1739,46.0,-38.0,36.0,90,CONCEPT_NOT_FIT_VALIDATED
DUC-F-01749,p4-4x1,Yellow,#F4EE2A,15,1740,52.0,-38.0,36.0,90,CONCEPT_NOT_FIT_VALIDATED
DUC-F-01750,p4-2x1,Yellow,#F4EE2A,15,1741,-56.0,-34.0,36.0,90,CONCEPT_NOT_FIT_VALIDATED
DUC-F-01751,p4-2x1,Yellow,#F4EE2A,15,1742,56.0,-34.0,36.0,90,CONCEPT_NOT_FIT_VALIDATED
DUC-F-01754,p4-4x2,Yellow,#F4EE2A,15,1743,-58.0,-22.0,36.0,90,CONCEPT_NOT_FIT_VALIDATED
DUC-F-01755,p4-4x2,Yellow,#F4EE2A,15,1744,-50.0,-22.0,36.0,90,CONCEPT_NOT_FIT_VALIDATED
DUC-F-01756,p4-4x2,Yellow,#F4EE2A,15,1745,-42.0,-22.0,36.0,90,CONCEPT_NOT_FIT_VALIDATED
DUC-F-01757,p4-4x2,Yellow,#F4EE2A,15,1746,-34.0,-22.0,36.0,90,CONCEPT_NOT_FIT_VALIDATED
DUC-F-01758,p4-4x2,Yellow,#F4EE2A,15,1747,-26.0,-22.0,36.0,90,CONCEPT_NOT_FIT_VALIDATED
DUC-F-01759,p4-4x2,Yellow,#F4EE2A,15,1748,-18.0,-22.0,36.0,90,CONCEPT_NOT_FIT_VALIDATED
DUC-F-01760,p4-4x2,Yellow,#F4EE2A,15,1749,-10.0,-22.0,36.0,90,CONCEPT_NOT_FIT_VALIDATED
DUC-F-01761,p4-4x2,Yellow,#F4EE2A,15,1750,-2.0,-22.0,36.0,90,CONCEPT_NOT_FIT_VALIDATED
DUC-F-01762,p4-4x2,Yellow,#F4EE2A,15,1751,6.0,-22.0,36.0,90,CONCEPT_NOT_FIT_VALIDATED
DUC-F-01763,p4-4x2,Yellow,#F4EE2A,15,1752,14.0,-22.0,36.0,90,CONCEPT_NOT_FIT_VALIDATED
DUC-F-01764,p4-4x2,Yellow,#F4EE2A,15,1753,22.0,-22.0,36.0,90,CONCEPT_NOT_FIT_VALIDATED
DUC-F-01765,p4-4x2,Yellow,#F4EE2A,15,1754,30.0,-22.0,36.0,90,CONCEPT_NOT_FIT_VALIDATED
DUC-F-01766,p4-4x2,Yellow,#F4EE2A,15,1755,38.0,-22.0,36.0,90,CONCEPT_NOT_FIT_VALIDATED
DUC-F-01767,p4-4x2,Yellow,#F4EE2A,15,1756,46.0,-22.0,36.0,90,CONCEPT_NOT_FIT_VALIDATED
DUC-F-01768,p4-4x2,Yellow,#F4EE2A,15,1757,54.0,-22.0,36.0,90,CONCEPT_NOT_FIT_VALIDATED
DUC-F-01769,p4-4x1,Yellow,#F4EE2A,15,1758,60.0,-22.0,36.0,90,CONCEPT_NOT_FIT_VALIDATED
DUC-F-01770,p4-2x1,Yellow,#F4EE2A,15,1759,-64.0,-18.0,36.0,90,CONCEPT_NOT_FIT_VALIDATED
DUC-F-01771,p4-2x1,Yellow,#F4EE2A,15,1760,64.0,-18.0,36.0,90,CONCEPT_NOT_FIT_VALIDATED
DUC-F-01772,p4-4x1,Yellow,#F4EE2A,15,1761,-64.0,-6.0,36.0,90,CONCEPT_NOT_FIT_VALIDATED
DUC-F-01773,p4-4x2,Yellow,#F4EE2A,15,1762,-58.0,-6.0,36.0,90,CONCEPT_NOT_FIT_VALIDATED
DUC-F-01774,p4-4x2,Yellow,#F4EE2A,15,1763,-50.0,-6.0,36.0,90,CONCEPT_NOT_FIT_VALIDATED
DUC-F-01775,p4-4x2,Yellow,#F4EE2A,15,1764,-42.0,-6.0,36.0,90,CONCEPT_NOT_FIT_VALIDATED
DUC-F-01776,p4-4x2,Yellow,#F4EE2A,15,1765,-34.0,-6.0,36.0,90,CONCEPT_NOT_FIT_VALIDATED
DUC-F-01777,p4-4x2,Yellow,#F4EE2A,15,1766,-26.0,-6.0,36.0,90,CONCEPT_NOT_FIT_VALIDATED
DUC-F-01778,p4-4x2,Yellow,#F4EE2A,15,1767,-18.0,-6.0,36.0,90,CONCEPT_NOT_FIT_VALIDATED
DUC-F-01779,p4-4x2,Yellow,#F4EE2A,15,1768,-10.0,-6.0,36.0,90,CONCEPT_NOT_FIT_VALIDATED
DUC-F-01780,p4-4x2,Yellow,#F4EE2A,15,1769,-2.0,-6.0,36.0,90,CONCEPT_NOT_FIT_VALIDATED
DUC-F-01781,p4-4x2,Yellow,#F4EE2A,15,1770,6.0,-6.0,36.0,90,CONCEPT_NOT_FIT_VALIDATED
DUC-F-01782,p4-4x2,Yellow,#F4EE2A,15,1771,14.0,-6.0,36.0,90,CONCEPT_NOT_FIT_VALIDATED
DUC-F-01783,p4-4x2,Yellow,#F4EE2A,15,1772,22.0,-6.0,36.0,90,CONCEPT_NOT_FIT_VALIDATED
DUC-F-01784,p4-4x2,Yellow,#F4EE2A,15,1773,30.0,-6.0,36.0,90,CONCEPT_NOT_FIT_VALIDATED
DUC-F-01785,p4-4x2,Yellow,#F4EE2A,15,1774,38.0,-6.0,36.0,90,CONCEPT_NOT_FIT_VALIDATED
DUC-F-01786,p4-4x2,Yellow,#F4EE2A,15,1775,46.0,-6.0,36.0,90,CONCEPT_NOT_FIT_VALIDATED
DUC-F-01787,p4-4x2,Yellow,#F4EE2A,15,1776,54.0,-6.0,36.0,90,CONCEPT_NOT_FIT_VALIDATED
DUC-F-01788,p4-4x2,Yellow,#F4EE2A,15,1777,62.0,-6.0,36.0,90,CONCEPT_NOT_FIT_VALIDATED
DUC-F-01789,p4-2x1,Yellow,#F4EE2A,15,1778,-68.0,-2.0,36.0,90,CONCEPT_NOT_FIT_VALIDATED
DUC-F-01791,p4-4x2,Yellow,#F4EE2A,15,1779,-66.0,10.0,36.0,90,CONCEPT_NOT_FIT_VALIDATED
DUC-F-01792,p4-4x2,Yellow,#F4EE2A,15,1780,-58.0,10.0,36.0,90,CONCEPT_NOT_FIT_VALIDATED
DUC-F-01793,p4-4x2,Yellow,#F4EE2A,15,1781,-50.0,10.0,36.0,90,CONCEPT_NOT_FIT_VALIDATED
DUC-F-01794,p4-4x2,Yellow,#F4EE2A,15,1782,-42.0,10.0,36.0,90,CONCEPT_NOT_FIT_VALIDATED
DUC-F-01795,p4-4x2,Yellow,#F4EE2A,15,1783,-34.0,10.0,36.0,90,CONCEPT_NOT_FIT_VALIDATED
DUC-F-01796,p4-4x2,Yellow,#F4EE2A,15,1784,-26.0,10.0,36.0,90,CONCEPT_NOT_FIT_VALIDATED
DUC-F-01797,p4-4x2,Yellow,#F4EE2A,15,1785,-18.0,10.0,36.0,90,CONCEPT_NOT_FIT_VALIDATED
DUC-F-01798,p4-4x2,Yellow,#F4EE2A,15,1786,-10.0,10.0,36.0,90,CONCEPT_NOT_FIT_VALIDATED
DUC-F-01799,p4-4x2,Yellow,#F4EE2A,15,1787,-2.0,10.0,36.0,90,CONCEPT_NOT_FIT_VALIDATED
DUC-F-01800,p4-4x2,Yellow,#F4EE2A,15,1788,6.0,10.0,36.0,90,CONCEPT_NOT_FIT_VALIDATED
DUC-F-01801,p4-4x2,Yellow,#F4EE2A,15,1789,14.0,10.0,36.0,90,CONCEPT_NOT_FIT_VALIDATED
DUC-F-01802,p4-4x2,Yellow,#F4EE2A,15,1790,22.0,10.0,36.0,90,CONCEPT_NOT_FIT_VALIDATED
DUC-F-01803,p4-4x2,Yellow,#F4EE2A,15,1791,30.0,10.0,36.0,90,CONCEPT_NOT_FIT_VALIDATED
DUC-F-01804,p4-4x2,Yellow,#F4EE2A,15,1792,38.0,10.0,36.0,90,CONCEPT_NOT_FIT_VALIDATED
DUC-F-01805,p4-4x2,Yellow,#F4EE2A,15,1793,46.0,10.0,36.0,90,CONCEPT_NOT_FIT_VALIDATED
DUC-F-01806,p4-4x2,Yellow,#F4EE2A,15,1794,54.0,10.0,36.0,90,CONCEPT_NOT_FIT_VALIDATED
DUC-F-01807,p4-4x2,Yellow,#F4EE2A,15,1795,62.0,10.0,36.0,90,CONCEPT_NOT_FIT_VALIDATED
DUC-F-01809,p4-4x1,Yellow,#F4EE2A,15,1796,-64.0,26.0,36.0,90,CONCEPT_NOT_FIT_VALIDATED
DUC-F-01810,p4-4x2,Yellow,#F4EE2A,15,1797,-58.0,26.0,36.0,90,CONCEPT_NOT_FIT_VALIDATED
DUC-F-01811,p4-4x2,Yellow,#F4EE2A,15,1798,-50.0,26.0,36.0,90,CONCEPT_NOT_FIT_VALIDATED
DUC-F-01812,p4-4x2,Yellow,#F4EE2A,15,1799,-42.0,26.0,36.0,90,CONCEPT_NOT_FIT_VALIDATED
DUC-F-01813,p4-4x2,Yellow,#F4EE2A,15,1800,-34.0,26.0,36.0,90,CONCEPT_NOT_FIT_VALIDATED
DUC-F-01814,p4-4x2,Yellow,#F4EE2A,15,1801,-26.0,26.0,36.0,90,CONCEPT_NOT_FIT_VALIDATED
DUC-F-01815,p4-4x2,Yellow,#F4EE2A,15,1802,-18.0,26.0,36.0,90,CONCEPT_NOT_FIT_VALIDATED
DUC-F-01816,p4-4x2,Yellow,#F4EE2A,15,1803,-10.0,26.0,36.0,90,CONCEPT_NOT_FIT_VALIDATED
DUC-F-01817,p4-4x2,Yellow,#F4EE2A,15,1804,-2.0,26.0,36.0,90,CONCEPT_NOT_FIT_VALIDATED
DUC-F-01818,p4-4x2,Yellow,#F4EE2A,15,1805,6.0,26.0,36.0,90,CONCEPT_NOT_FIT_VALIDATED
DUC-F-01819,p4-4x2,Yellow,#F4EE2A,15,1806,14.0,26.0,36.0,90,CONCEPT_NOT_FIT_VALIDATED
DUC-F-01820,p4-4x2,Yellow,#F4EE2A,15,1807,22.0,26.0,36.0,90,CONCEPT_NOT_FIT_VALIDATED
DUC-F-01821,p4-4x2,Yellow,#F4EE2A,15,1808,30.0,26.0,36.0,90,CONCEPT_NOT_FIT_VALIDATED
DUC-F-01822,p4-4x2,Yellow,#F4EE2A,15,1809,38.0,26.0,36.0,90,CONCEPT_NOT_FIT_VALIDATED
DUC-F-01823,p4-4x2,Yellow,#F4EE2A,15,1810,46.0,26.0,36.0,90,CONCEPT_NOT_FIT_VALIDATED
DUC-F-01824,p4-4x2,Yellow,#F4EE2A,15,1811,54.0,26.0,36.0,90,CONCEPT_NOT_FIT_VALIDATED
DUC-F-01825,p4-4x2,Yellow,#F4EE2A,15,1812,62.0,26.0,36.0,90,CONCEPT_NOT_FIT_VALIDATED
DUC-F-01826,p4-3x2,Yellow,#F4EE2A,15,1813,-58.0,40.0,36.0,90,CONCEPT_NOT_FIT_VALIDATED
DUC-F-01827,p4-4x2,Yellow,#F4EE2A,15,1814,-50.0,42.0,36.0,90,CONCEPT_NOT_FIT_VALIDATED
DUC-F-01828,p4-4x2,Yellow,#F4EE2A,15,1815,-42.0,42.0,36.0,90,CONCEPT_NOT_FIT_VALIDATED
DUC-F-01829,p4-4x2,Yellow,#F4EE2A,15,1816,-34.0,42.0,36.0,90,CONCEPT_NOT_FIT_VALIDATED
DUC-F-01830,p4-4x2,Yellow,#F4EE2A,15,1817,-26.0,42.0,36.0,90,CONCEPT_NOT_FIT_VALIDATED
DUC-F-01831,p4-4x2,Yellow,#F4EE2A,15,1818,-18.0,42.0,36.0,90,CONCEPT_NOT_FIT_VALIDATED
DUC-F-01832,p4-4x2,Yellow,#F4EE2A,15,1819,-10.0,42.0,36.0,90,CONCEPT_NOT_FIT_VALIDATED
DUC-F-01833,p4-4x2,Yellow,#F4EE2A,15,1820,-2.0,42.0,36.0,90,CONCEPT_NOT_FIT_VALIDATED
DUC-F-01834,p4-4x2,Yellow,#F4EE2A,15,1821,6.0,42.0,36.0,90,CONCEPT_NOT_FIT_VALIDATED
DUC-F-01835,p4-4x2,Yellow,#F4EE2A,15,1822,14.0,42.0,36.0,90,CONCEPT_NOT_FIT_VALIDATED
DUC-F-01836,p4-4x2,Yellow,#F4EE2A,15,1823,22.0,42.0,36.0,90,CONCEPT_NOT_FIT_VALIDATED
DUC-F-01837,p4-4x2,Yellow,#F4EE2A,15,1824,30.0,42.0,36.0,90,CONCEPT_NOT_FIT_VALIDATED
DUC-F-01838,p4-4x2,Yellow,#F4EE2A,15,1825,38.0,42.0,36.0,90,CONCEPT_NOT_FIT_VALIDATED
DUC-F-01839,p4-4x2,Yellow,#F4EE2A,15,1826,46.0,42.0,36.0,90,CONCEPT_NOT_FIT_VALIDATED
DUC-F-01840,p4-4x2,Yellow,#F4EE2A,15,1827,54.0,42.0,36.0,90,CONCEPT_NOT_FIT_VALIDATED
DUC-F-01841,p4-2x1,Yellow,#F4EE2A,15,1828,60.0,38.0,36.0,90,CONCEPT_NOT_FIT_VALIDATED
DUC-F-01842,p4-1x1,Yellow,#F4EE2A,15,1829,-56.0,48.0,36.0,0,CONCEPT_NOT_FIT_VALIDATED
DUC-F-01843,p4-2x2,Yellow,#F4EE2A,15,1830,-50.0,54.0,36.0,0,CONCEPT_NOT_FIT_VALIDATED
DUC-F-01844,p4-4x2,Yellow,#F4EE2A,15,1831,-42.0,58.0,36.0,90,CONCEPT_NOT_FIT_VALIDATED
DUC-F-01845,p4-4x2,Yellow,#F4EE2A,15,1832,-34.0,58.0,36.0,90,CONCEPT_NOT_FIT_VALIDATED
DUC-F-01846,p4-4x2,Yellow,#F4EE2A,15,1833,-26.0,58.0,36.0,90,CONCEPT_NOT_FIT_VALIDATED
DUC-F-01847,p4-4x2,Yellow,#F4EE2A,15,1834,-18.0,58.0,36.0,90,CONCEPT_NOT_FIT_VALIDATED
DUC-F-01848,p4-4x2,Yellow,#F4EE2A,15,1835,-10.0,58.0,36.0,90,CONCEPT_NOT_FIT_VALIDATED
DUC-F-01849,p4-4x2,Yellow,#F4EE2A,15,1836,-2.0,58.0,36.0,90,CONCEPT_NOT_FIT_VALIDATED
DUC-F-01850,p4-4x2,Yellow,#F4EE2A,15,1837,6.0,58.0,36.0,90,CONCEPT_NOT_FIT_VALIDATED
DUC-F-01851,p4-4x2,Yellow,#F4EE2A,15,1838,14.0,58.0,36.0,90,CONCEPT_NOT_FIT_VALIDATED
DUC-F-01852,p4-4x2,Yellow,#F4EE2A,15,1839,22.0,58.0,36.0,90,CONCEPT_NOT_FIT_VALIDATED
DUC-F-01853,p4-4x2,Yellow,#F4EE2A,15,1840,30.0,58.0,36.0,90,CONCEPT_NOT_FIT_VALIDATED
DUC-F-01854,p4-4x2,Yellow,#F4EE2A,15,1841,38.0,58.0,36.0,90,CONCEPT_NOT_FIT_VALIDATED
DUC-F-01855,p4-3x2,Yellow,#F4EE2A,15,1842,46.0,56.0,36.0,90,CONCEPT_NOT_FIT_VALIDATED
DUC-F-01856,p4-1x1,Yellow,#F4EE2A,15,1843,52.0,52.0,36.0,0,CONCEPT_NOT_FIT_VALIDATED
DUC-F-01859,p4-2x1,Yellow,#F4EE2A,15,1844,-34.0,68.0,36.0,0,CONCEPT_NOT_FIT_VALIDATED
DUC-F-01860,p4-2x2,Yellow,#F4EE2A,15,1845,-26.0,70.0,36.0,0,CONCEPT_NOT_FIT_VALIDATED
DUC-F-01861,p4-3x2,Yellow,#F4EE2A,15,1846,-18.0,72.0,36.0,90,CONCEPT_NOT_FIT_VALIDATED
DUC-F-01862,p4-4x2,Yellow,#F4EE2A,15,1847,-10.0,74.0,36.0,90,CONCEPT_NOT_FIT_VALIDATED
DUC-F-01863,p4-4x2,Yellow,#F4EE2A,15,1848,-2.0,74.0,36.0,90,CONCEPT_NOT_FIT_VALIDATED
DUC-F-01864,p4-4x2,Yellow,#F4EE2A,15,1849,6.0,74.0,36.0,90,CONCEPT_NOT_FIT_VALIDATED
DUC-F-01655,p4-2x1,Yellow,#F4EE2A,14,1850,6.0,80.0,33.6,0,CONCEPT_NOT_FIT_VALIDATED
DUC-F-01865,p4-4x2,Yellow,#F4EE2A,15,1851,14.0,74.0,36.0,90,CONCEPT_NOT_FIT_VALIDATED
DUC-F-01866,p4-3x2,Yellow,#F4EE2A,15,1852,22.0,72.0,36.0,90,CONCEPT_NOT_FIT_VALIDATED
DUC-F-01674,p4-1x1,Yellow,#F4EE2A,14,1853,20.0,76.0,33.6,0,CONCEPT_NOT_FIT_VALIDATED
DUC-F-01867,p4-2x2,Yellow,#F4EE2A,15,1854,30.0,70.0,36.0,0,CONCEPT_NOT_FIT_VALIDATED
DUC-F-01872,p4-2x1,Yellow,#F4EE2A,16,1855,-68.0,-6.0,38.4,90,CONCEPT_NOT_FIT_VALIDATED
DUC-F-01873,p4-2x1,Yellow,#F4EE2A,16,1856,-68.0,2.0,38.4,90,CONCEPT_NOT_FIT_VALIDATED
DUC-F-01874,p4-2x1,Yellow,#F4EE2A,16,1857,-68.0,10.0,38.4,90,CONCEPT_NOT_FIT_VALIDATED
DUC-F-01875,p4-2x1,Yellow,#F4EE2A,16,1858,-68.0,18.0,38.4,90,CONCEPT_NOT_FIT_VALIDATED
DUC-F-01876,p4-4x2,Yellow,#F4EE2A,16,1859,-58.0,-22.0,38.4,0,CONCEPT_NOT_FIT_VALIDATED
DUC-F-01877,p4-4x2,Yellow,#F4EE2A,16,1860,-58.0,-14.0,38.4,0,CONCEPT_NOT_FIT_VALIDATED
DUC-F-01878,p4-4x2,Yellow,#F4EE2A,16,1861,-58.0,-6.0,38.4,0,CONCEPT_NOT_FIT_VALIDATED
DUC-F-01879,p4-4x2,Yellow,#F4EE2A,16,1862,-58.0,2.0,38.4,0,CONCEPT_NOT_FIT_VALIDATED
DUC-F-01880,p4-4x2,Yellow,#F4EE2A,16,1863,-58.0,10.0,38.4,0,CONCEPT_NOT_FIT_VALIDATED
DUC-F-01881,p4-4x2,Yellow,#F4EE2A,16,1864,-58.0,18.0,38.4,0,CONCEPT_NOT_FIT_VALIDATED
DUC-F-01882,p4-4x2,Yellow,#F4EE2A,16,1865,-58.0,26.0,38.4,0,CONCEPT_NOT_FIT_VALIDATED
DUC-F-01883,p4-4x1,Yellow,#F4EE2A,16,1866,-58.0,32.0,38.4,0,CONCEPT_NOT_FIT_VALIDATED
DUC-F-01884,p4-3x2,Yellow,#F4EE2A,16,1867,-56.0,-30.0,38.4,0,CONCEPT_NOT_FIT_VALIDATED
DUC-F-01752,p4-1x1,Yellow,#F4EE2A,15,1868,-60.0,-32.0,36.0,0,CONCEPT_NOT_FIT_VALIDATED
DUC-F-01885,p4-3x1,Yellow,#F4EE2A,16,1869,-56.0,36.0,38.4,0,CONCEPT_NOT_FIT_VALIDATED
DUC-F-01886,p4-3x2,Yellow,#F4EE2A,16,1870,-56.0,42.0,38.4,0,CONCEPT_NOT_FIT_VALIDATED
DUC-F-01887,p4-2x2,Yellow,#F4EE2A,16,1871,-54.0,-38.0,38.4,0,CONCEPT_NOT_FIT_VALIDATED
DUC-F-01888,p4-2x2,Yellow,#F4EE2A,16,1872,-54.0,50.0,38.4,0,CONCEPT_NOT_FIT_VALIDATED
DUC-F-01889,p4-1x1,Yellow,#F4EE2A,16,1873,-52.0,-44.0,38.4,0,CONCEPT_NOT_FIT_VALIDATED
DUC-F-01890,p4-1x1,Yellow,#F4EE2A,16,1874,-52.0,56.0,38.4,0,CONCEPT_NOT_FIT_VALIDATED
DUC-F-01891,p4-4x2,Yellow,#F4EE2A,16,1875,-42.0,-46.0,38.4,0,CONCEPT_NOT_FIT_VALIDATED
DUC-F-01734,p4-1x1,Yellow,#F4EE2A,15,1876,-48.0,-48.0,36.0,0,CONCEPT_NOT_FIT_VALIDATED
DUC-F-01576,p4-1x1,Yellow,#F4EE2A,14,1877,-48.0,-48.0,33.6,0,CONCEPT_NOT_FIT_VALIDATED
DUC-F-01892,p4-4x2,Yellow,#F4EE2A,16,1878,-42.0,-38.0,38.4,0,CONCEPT_NOT_FIT_VALIDATED
DUC-F-01893,p4-4x2,Yellow,#F4EE2A,16,1879,-42.0,-30.0,38.4,0,CONCEPT_NOT_FIT_VALIDATED
DUC-F-01894,p4-4x2,Yellow,#F4EE2A,16,1880,-42.0,-22.0,38.4,0,CONCEPT_NOT_FIT_VALIDATED
DUC-F-01895,p4-4x2,Yellow,#F4EE2A,16,1881,-42.0,-14.0,38.4,0,CONCEPT_NOT_FIT_VALIDATED
DUC-F-01896,p4-4x2,Yellow,#F4EE2A,16,1882,-42.0,-6.0,38.4,0,CONCEPT_NOT_FIT_VALIDATED
DUC-F-01897,p4-4x2,Yellow,#F4EE2A,16,1883,-42.0,2.0,38.4,0,CONCEPT_NOT_FIT_VALIDATED
DUC-F-01898,p4-4x2,Yellow,#F4EE2A,16,1884,-42.0,10.0,38.4,0,CONCEPT_NOT_FIT_VALIDATED
DUC-F-01899,p4-4x2,Yellow,#F4EE2A,16,1885,-42.0,18.0,38.4,0,CONCEPT_NOT_FIT_VALIDATED
DUC-F-01900,p4-4x2,Yellow,#F4EE2A,16,1886,-42.0,26.0,38.4,0,CONCEPT_NOT_FIT_VALIDATED
DUC-F-01901,p4-4x2,Yellow,#F4EE2A,16,1887,-42.0,34.0,38.4,0,CONCEPT_NOT_FIT_VALIDATED
DUC-F-01902,p4-4x2,Yellow,#F4EE2A,16,1888,-42.0,42.0,38.4,0,CONCEPT_NOT_FIT_VALIDATED
DUC-F-01903,p4-4x2,Yellow,#F4EE2A,16,1889,-42.0,50.0,38.4,0,CONCEPT_NOT_FIT_VALIDATED
DUC-F-01904,p4-4x2,Yellow,#F4EE2A,16,1890,-42.0,58.0,38.4,0,CONCEPT_NOT_FIT_VALIDATED
DUC-F-01857,p4-1x1,Yellow,#F4EE2A,15,1891,-48.0,60.0,36.0,0,CONCEPT_NOT_FIT_VALIDATED
DUC-F-01905,p4-3x2,Yellow,#F4EE2A,16,1892,-40.0,-54.0,38.4,0,CONCEPT_NOT_FIT_VALIDATED
DUC-F-01906,p4-3x1,Yellow,#F4EE2A,16,1893,-40.0,64.0,38.4,0,CONCEPT_NOT_FIT_VALIDATED
DUC-F-01907,p4-2x1,Yellow,#F4EE2A,16,1894,-38.0,68.0,38.4,0,CONCEPT_NOT_FIT_VALIDATED
DUC-F-01908,p4-1x1,Yellow,#F4EE2A,16,1895,-36.0,-60.0,38.4,0,CONCEPT_NOT_FIT_VALIDATED
DUC-F-01910,p4-4x2,Yellow,#F4EE2A,16,1896,-26.0,-62.0,38.4,0,CONCEPT_NOT_FIT_VALIDATED
DUC-F-01911,p4-4x2,Yellow,#F4EE2A,16,1897,-26.0,-54.0,38.4,0,CONCEPT_NOT_FIT_VALIDATED
DUC-F-01912,p4-4x2,Yellow,#F4EE2A,16,1898,-26.0,-46.0,38.4,0,CONCEPT_NOT_FIT_VALIDATED
DUC-F-01913,p4-4x2,Yellow,#F4EE2A,16,1899,-26.0,-38.0,38.4,0,CONCEPT_NOT_FIT_VALIDATED
DUC-F-01914,p4-4x2,Yellow,#F4EE2A,16,1900,-26.0,-30.0,38.4,0,CONCEPT_NOT_FIT_VALIDATED
DUC-F-01915,p4-4x2,Yellow,#F4EE2A,16,1901,-26.0,-22.0,38.4,0,CONCEPT_NOT_FIT_VALIDATED
DUC-F-01916,p4-4x2,Yellow,#F4EE2A,16,1902,-26.0,-14.0,38.4,0,CONCEPT_NOT_FIT_VALIDATED
DUC-F-01917,p4-4x2,Yellow,#F4EE2A,16,1903,-26.0,-6.0,38.4,0,CONCEPT_NOT_FIT_VALIDATED
DUC-F-01918,p4-4x2,Yellow,#F4EE2A,16,1904,-26.0,2.0,38.4,0,CONCEPT_NOT_FIT_VALIDATED
DUC-F-01919,p4-4x2,Yellow,#F4EE2A,16,1905,-26.0,10.0,38.4,0,CONCEPT_NOT_FIT_VALIDATED
DUC-F-01920,p4-4x2,Yellow,#F4EE2A,16,1906,-26.0,18.0,38.4,0,CONCEPT_NOT_FIT_VALIDATED
DUC-F-01921,p4-4x2,Yellow,#F4EE2A,16,1907,-26.0,26.0,38.4,0,CONCEPT_NOT_FIT_VALIDATED
DUC-F-01922,p4-4x2,Yellow,#F4EE2A,16,1908,-26.0,34.0,38.4,0,CONCEPT_NOT_FIT_VALIDATED
DUC-F-01923,p4-4x2,Yellow,#F4EE2A,16,1909,-26.0,42.0,38.4,0,CONCEPT_NOT_FIT_VALIDATED
DUC-F-01924,p4-4x2,Yellow,#F4EE2A,16,1910,-26.0,50.0,38.4,0,CONCEPT_NOT_FIT_VALIDATED
DUC-F-01925,p4-4x2,Yellow,#F4EE2A,16,1911,-26.0,58.0,38.4,0,CONCEPT_NOT_FIT_VALIDATED
DUC-F-01926,p4-4x2,Yellow,#F4EE2A,16,1912,-26.0,66.0,38.4,0,CONCEPT_NOT_FIT_VALIDATED
DUC-F-01927,p4-4x1,Yellow,#F4EE2A,16,1913,-26.0,72.0,38.4,0,CONCEPT_NOT_FIT_VALIDATED
DUC-F-01869,p4-1x1,Yellow,#F4EE2A,15,1914,-32.0,72.0,36.0,0,CONCEPT_NOT_FIT_VALIDATED
DUC-F-01928,p4-3x1,Yellow,#F4EE2A,16,1915,-24.0,76.0,38.4,0,CONCEPT_NOT_FIT_VALIDATED
DUC-F-01870,p4-1x1,Yellow,#F4EE2A,15,1916,-24.0,76.0,36.0,0,CONCEPT_NOT_FIT_VALIDATED
DUC-F-01929,p4-1x1,Yellow,#F4EE2A,16,1917,-20.0,-68.0,38.4,0,CONCEPT_NOT_FIT_VALIDATED
DUC-F-01931,p4-4x1,Yellow,#F4EE2A,16,1918,-10.0,-68.0,38.4,0,CONCEPT_NOT_FIT_VALIDATED
DUC-F-01932,p4-4x2,Yellow,#F4EE2A,16,1919,-10.0,-62.0,38.4,0,CONCEPT_NOT_FIT_VALIDATED
DUC-F-01933,p4-4x2,Yellow,#F4EE2A,16,1920,-10.0,-54.0,38.4,0,CONCEPT_NOT_FIT_VALIDATED
DUC-F-01934,p4-4x2,Yellow,#F4EE2A,16,1921,-10.0,-46.0,38.4,0,CONCEPT_NOT_FIT_VALIDATED
DUC-F-01935,p4-4x2,Yellow,#F4EE2A,16,1922,-10.0,-38.0,38.4,0,CONCEPT_NOT_FIT_VALIDATED
DUC-F-01936,p4-4x2,Yellow,#F4EE2A,16,1923,-10.0,-30.0,38.4,0,CONCEPT_NOT_FIT_VALIDATED
DUC-F-01937,p4-4x2,Yellow,#F4EE2A,16,1924,-10.0,-22.0,38.4,0,CONCEPT_NOT_FIT_VALIDATED
DUC-F-01938,p4-4x2,Yellow,#F4EE2A,16,1925,-10.0,-14.0,38.4,0,CONCEPT_NOT_FIT_VALIDATED
DUC-F-01939,p4-4x2,Yellow,#F4EE2A,16,1926,-10.0,-6.0,38.4,0,CONCEPT_NOT_FIT_VALIDATED
DUC-F-01940,p4-4x2,Yellow,#F4EE2A,16,1927,-10.0,2.0,38.4,0,CONCEPT_NOT_FIT_VALIDATED
DUC-F-01941,p4-4x2,Yellow,#F4EE2A,16,1928,-10.0,10.0,38.4,0,CONCEPT_NOT_FIT_VALIDATED
DUC-F-01942,p4-4x2,Yellow,#F4EE2A,16,1929,-10.0,18.0,38.4,0,CONCEPT_NOT_FIT_VALIDATED
DUC-F-01943,p4-4x2,Yellow,#F4EE2A,16,1930,-10.0,26.0,38.4,0,CONCEPT_NOT_FIT_VALIDATED
DUC-F-01944,p4-4x2,Yellow,#F4EE2A,16,1931,-10.0,34.0,38.4,0,CONCEPT_NOT_FIT_VALIDATED
DUC-F-01945,p4-4x2,Yellow,#F4EE2A,16,1932,-10.0,42.0,38.4,0,CONCEPT_NOT_FIT_VALIDATED
DUC-F-01946,p4-4x2,Yellow,#F4EE2A,16,1933,-10.0,50.0,38.4,0,CONCEPT_NOT_FIT_VALIDATED
DUC-F-01947,p4-4x2,Yellow,#F4EE2A,16,1934,-10.0,58.0,38.4,0,CONCEPT_NOT_FIT_VALIDATED
DUC-F-01948,p4-4x2,Yellow,#F4EE2A,16,1935,-10.0,66.0,38.4,0,CONCEPT_NOT_FIT_VALIDATED
DUC-F-01949,p4-4x2,Yellow,#F4EE2A,16,1936,-10.0,74.0,38.4,0,CONCEPT_NOT_FIT_VALIDATED
DUC-F-01950,p4-4x1,Yellow,#F4EE2A,16,1937,-10.0,80.0,38.4,0,CONCEPT_NOT_FIT_VALIDATED
DUC-F-01871,p4-1x1,Yellow,#F4EE2A,15,1938,-16.0,80.0,36.0,0,CONCEPT_NOT_FIT_VALIDATED
DUC-F-01952,p4-4x1,Yellow,#F4EE2A,16,1939,6.0,-68.0,38.4,0,CONCEPT_NOT_FIT_VALIDATED
DUC-F-01953,p4-4x2,Yellow,#F4EE2A,16,1940,6.0,-62.0,38.4,0,CONCEPT_NOT_FIT_VALIDATED
DUC-F-01954,p4-4x2,Yellow,#F4EE2A,16,1941,6.0,-54.0,38.4,0,CONCEPT_NOT_FIT_VALIDATED
DUC-F-01955,p4-4x2,Yellow,#F4EE2A,16,1942,6.0,-46.0,38.4,0,CONCEPT_NOT_FIT_VALIDATED
DUC-F-01956,p4-4x2,Yellow,#F4EE2A,16,1943,6.0,-38.0,38.4,0,CONCEPT_NOT_FIT_VALIDATED
DUC-F-01957,p4-4x2,Yellow,#F4EE2A,16,1944,6.0,-30.0,38.4,0,CONCEPT_NOT_FIT_VALIDATED
DUC-F-01958,p4-4x2,Yellow,#F4EE2A,16,1945,6.0,-22.0,38.4,0,CONCEPT_NOT_FIT_VALIDATED
DUC-F-01959,p4-4x2,Yellow,#F4EE2A,16,1946,6.0,-14.0,38.4,0,CONCEPT_NOT_FIT_VALIDATED
DUC-F-01960,p4-4x2,Yellow,#F4EE2A,16,1947,6.0,-6.0,38.4,0,CONCEPT_NOT_FIT_VALIDATED
DUC-F-01961,p4-4x2,Yellow,#F4EE2A,16,1948,6.0,2.0,38.4,0,CONCEPT_NOT_FIT_VALIDATED
DUC-F-01962,p4-4x2,Yellow,#F4EE2A,16,1949,6.0,10.0,38.4,0,CONCEPT_NOT_FIT_VALIDATED
DUC-F-01963,p4-4x2,Yellow,#F4EE2A,16,1950,6.0,18.0,38.4,0,CONCEPT_NOT_FIT_VALIDATED
DUC-F-01964,p4-4x2,Yellow,#F4EE2A,16,1951,6.0,26.0,38.4,0,CONCEPT_NOT_FIT_VALIDATED
DUC-F-01965,p4-4x2,Yellow,#F4EE2A,16,1952,6.0,34.0,38.4,0,CONCEPT_NOT_FIT_VALIDATED
DUC-F-01966,p4-4x2,Yellow,#F4EE2A,16,1953,6.0,42.0,38.4,0,CONCEPT_NOT_FIT_VALIDATED
DUC-F-01967,p4-4x2,Yellow,#F4EE2A,16,1954,6.0,50.0,38.4,0,CONCEPT_NOT_FIT_VALIDATED
DUC-F-01968,p4-4x2,Yellow,#F4EE2A,16,1955,6.0,58.0,38.4,0,CONCEPT_NOT_FIT_VALIDATED
DUC-F-01969,p4-4x2,Yellow,#F4EE2A,16,1956,6.0,66.0,38.4,0,CONCEPT_NOT_FIT_VALIDATED
DUC-F-01970,p4-4x2,Yellow,#F4EE2A,16,1957,6.0,74.0,38.4,0,CONCEPT_NOT_FIT_VALIDATED
DUC-F-01971,p4-4x1,Yellow,#F4EE2A,16,1958,6.0,80.0,38.4,0,CONCEPT_NOT_FIT_VALIDATED
DUC-F-01973,p4-2x1,Yellow,#F4EE2A,16,1959,18.0,-68.0,38.4,0,CONCEPT_NOT_FIT_VALIDATED
DUC-F-01974,p4-4x2,Yellow,#F4EE2A,16,1960,22.0,-62.0,38.4,0,CONCEPT_NOT_FIT_VALIDATED
DUC-F-01975,p4-4x2,Yellow,#F4EE2A,16,1961,22.0,-54.0,38.4,0,CONCEPT_NOT_FIT_VALIDATED
DUC-F-01976,p4-4x2,Yellow,#F4EE2A,16,1962,22.0,-46.0,38.4,0,CONCEPT_NOT_FIT_VALIDATED
DUC-F-01977,p4-4x2,Yellow,#F4EE2A,16,1963,22.0,-38.0,38.4,0,CONCEPT_NOT_FIT_VALIDATED
DUC-F-01978,p4-4x2,Yellow,#F4EE2A,16,1964,22.0,-30.0,38.4,0,CONCEPT_NOT_FIT_VALIDATED
DUC-F-01979,p4-4x2,Yellow,#F4EE2A,16,1965,22.0,-22.0,38.4,0,CONCEPT_NOT_FIT_VALIDATED
DUC-F-01980,p4-4x2,Yellow,#F4EE2A,16,1966,22.0,-14.0,38.4,0,CONCEPT_NOT_FIT_VALIDATED
DUC-F-01981,p4-4x2,Yellow,#F4EE2A,16,1967,22.0,-6.0,38.4,0,CONCEPT_NOT_FIT_VALIDATED
DUC-F-01982,p4-4x2,Yellow,#F4EE2A,16,1968,22.0,2.0,38.4,0,CONCEPT_NOT_FIT_VALIDATED
DUC-F-01983,p4-4x2,Yellow,#F4EE2A,16,1969,22.0,10.0,38.4,0,CONCEPT_NOT_FIT_VALIDATED
DUC-F-01984,p4-4x2,Yellow,#F4EE2A,16,1970,22.0,18.0,38.4,0,CONCEPT_NOT_FIT_VALIDATED
DUC-F-01985,p4-4x2,Yellow,#F4EE2A,16,1971,22.0,26.0,38.4,0,CONCEPT_NOT_FIT_VALIDATED
DUC-F-01986,p4-4x2,Yellow,#F4EE2A,16,1972,22.0,34.0,38.4,0,CONCEPT_NOT_FIT_VALIDATED
DUC-F-01987,p4-4x2,Yellow,#F4EE2A,16,1973,22.0,42.0,38.4,0,CONCEPT_NOT_FIT_VALIDATED
DUC-F-01988,p4-4x2,Yellow,#F4EE2A,16,1974,22.0,50.0,38.4,0,CONCEPT_NOT_FIT_VALIDATED
DUC-F-01989,p4-4x2,Yellow,#F4EE2A,16,1975,22.0,58.0,38.4,0,CONCEPT_NOT_FIT_VALIDATED
DUC-F-01990,p4-4x2,Yellow,#F4EE2A,16,1976,22.0,66.0,38.4,0,CONCEPT_NOT_FIT_VALIDATED
DUC-F-01991,p4-4x2,Yellow,#F4EE2A,16,1977,22.0,74.0,38.4,0,CONCEPT_NOT_FIT_VALIDATED
DUC-F-01992,p4-2x1,Yellow,#F4EE2A,16,1978,18.0,80.0,38.4,0,CONCEPT_NOT_FIT_VALIDATED
DUC-F-01993,p4-2x1,Yellow,#F4EE2A,16,1979,32.0,-62.0,38.4,90,CONCEPT_NOT_FIT_VALIDATED
DUC-F-01994,p4-4x2,Yellow,#F4EE2A,16,1980,38.0,-54.0,38.4,0,CONCEPT_NOT_FIT_VALIDATED
DUC-F-01995,p4-4x2,Yellow,#F4EE2A,16,1981,38.0,-46.0,38.4,0,CONCEPT_NOT_FIT_VALIDATED
DUC-F-01996,p4-4x2,Yellow,#F4EE2A,16,1982,38.0,-38.0,38.4,0,CONCEPT_NOT_FIT_VALIDATED
DUC-F-01997,p4-4x2,Yellow,#F4EE2A,16,1983,38.0,-30.0,38.4,0,CONCEPT_NOT_FIT_VALIDATED
DUC-F-01998,p4-4x2,Yellow,#F4EE2A,16,1984,38.0,-22.0,38.4,0,CONCEPT_NOT_FIT_VALIDATED
DUC-F-01999,p4-4x2,Yellow,#F4EE2A,16,1985,38.0,-14.0,38.4,0,CONCEPT_NOT_FIT_VALIDATED
DUC-F-02000,p4-4x2,Yellow,#F4EE2A,16,1986,38.0,-6.0,38.4,0,CONCEPT_NOT_FIT_VALIDATED
DUC-F-02001,p4-4x2,Yellow,#F4EE2A,16,1987,38.0,2.0,38.4,0,CONCEPT_NOT_FIT_VALIDATED
DUC-F-02002,p4-4x2,Yellow,#F4EE2A,16,1988,38.0,10.0,38.4,0,CONCEPT_NOT_FIT_VALIDATED
DUC-F-02003,p4-4x2,Yellow,#F4EE2A,16,1989,38.0,18.0,38.4,0,CONCEPT_NOT_FIT_VALIDATED
DUC-F-02004,p4-4x2,Yellow,#F4EE2A,16,1990,38.0,26.0,38.4,0,CONCEPT_NOT_FIT_VALIDATED
DUC-F-02005,p4-4x2,Yellow,#F4EE2A,16,1991,38.0,34.0,38.4,0,CONCEPT_NOT_FIT_VALIDATED
DUC-F-02006,p4-4x2,Yellow,#F4EE2A,16,1992,38.0,42.0,38.4,0,CONCEPT_NOT_FIT_VALIDATED
DUC-F-02007,p4-4x2,Yellow,#F4EE2A,16,1993,38.0,50.0,38.4,0,CONCEPT_NOT_FIT_VALIDATED
DUC-F-02008,p4-4x2,Yellow,#F4EE2A,16,1994,38.0,58.0,38.4,0,CONCEPT_NOT_FIT_VALIDATED
DUC-F-02009,p4-3x2,Yellow,#F4EE2A,16,1995,36.0,66.0,38.4,0,CONCEPT_NOT_FIT_VALIDATED
DUC-F-01868,p4-1x1,Yellow,#F4EE2A,15,1996,36.0,68.0,36.0,0,CONCEPT_NOT_FIT_VALIDATED
DUC-F-01692,p4-1x1,Yellow,#F4EE2A,14,1997,36.0,68.0,33.6,0,CONCEPT_NOT_FIT_VALIDATED
DUC-F-02010,p4-2x1,Yellow,#F4EE2A,16,1998,34.0,72.0,38.4,0,CONCEPT_NOT_FIT_VALIDATED
DUC-F-02011,p4-1x1,Yellow,#F4EE2A,16,1999,36.0,-60.0,38.4,0,CONCEPT_NOT_FIT_VALIDATED
DUC-F-02013,p4-2x1,Yellow,#F4EE2A,16,2000,48.0,-46.0,38.4,90,CONCEPT_NOT_FIT_VALIDATED
DUC-F-01735,p4-1x1,Yellow,#F4EE2A,15,2001,48.0,-48.0,36.0,0,CONCEPT_NOT_FIT_VALIDATED
DUC-F-01695,p4-1x1,Yellow,#F4EE2A,14,2002,48.0,-48.0,33.6,0,CONCEPT_NOT_FIT_VALIDATED
DUC-F-02014,p4-3x2,Yellow,#F4EE2A,16,2003,52.0,-38.0,38.4,0,CONCEPT_NOT_FIT_VALIDATED
DUC-F-02015,p4-4x2,Yellow,#F4EE2A,16,2004,54.0,-30.0,38.4,0,CONCEPT_NOT_FIT_VALIDATED
DUC-F-01753,p4-1x1,Yellow,#F4EE2A,15,2005,60.0,-32.0,36.0,0,CONCEPT_NOT_FIT_VALIDATED
DUC-F-02016,p4-4x2,Yellow,#F4EE2A,16,2006,54.0,-22.0,38.4,0,CONCEPT_NOT_FIT_VALIDATED
DUC-F-02017,p4-4x2,Yellow,#F4EE2A,16,2007,54.0,-14.0,38.4,0,CONCEPT_NOT_FIT_VALIDATED
DUC-F-02018,p4-4x2,Yellow,#F4EE2A,16,2008,54.0,-6.0,38.4,0,CONCEPT_NOT_FIT_VALIDATED
DUC-F-02019,p4-4x2,Yellow,#F4EE2A,16,2009,54.0,2.0,38.4,0,CONCEPT_NOT_FIT_VALIDATED
DUC-F-02020,p4-4x2,Yellow,#F4EE2A,16,2010,54.0,10.0,38.4,0,CONCEPT_NOT_FIT_VALIDATED
DUC-F-02021,p4-4x2,Yellow,#F4EE2A,16,2011,54.0,18.0,38.4,0,CONCEPT_NOT_FIT_VALIDATED
DUC-F-02022,p4-4x2,Yellow,#F4EE2A,16,2012,54.0,26.0,38.4,0,CONCEPT_NOT_FIT_VALIDATED
DUC-F-02023,p4-4x2,Yellow,#F4EE2A,16,2013,54.0,34.0,38.4,0,CONCEPT_NOT_FIT_VALIDATED
DUC-F-02024,p4-4x2,Yellow,#F4EE2A,16,2014,54.0,42.0,38.4,0,CONCEPT_NOT_FIT_VALIDATED
DUC-F-02025,p4-3x2,Yellow,#F4EE2A,16,2015,52.0,50.0,38.4,0,CONCEPT_NOT_FIT_VALIDATED
DUC-F-02026,p4-2x1,Yellow,#F4EE2A,16,2016,50.0,56.0,38.4,0,CONCEPT_NOT_FIT_VALIDATED
DUC-F-02027,p4-1x1,Yellow,#F4EE2A,16,2017,48.0,60.0,38.4,0,CONCEPT_NOT_FIT_VALIDATED
DUC-F-02028,p4-1x1,Yellow,#F4EE2A,16,2018,52.0,-44.0,38.4,0,CONCEPT_NOT_FIT_VALIDATED
DUC-F-02029,p4-2x1,Yellow,#F4EE2A,16,2019,64.0,-22.0,38.4,90,CONCEPT_NOT_FIT_VALIDATED
DUC-F-02030,p4-2x1,Yellow,#F4EE2A,16,2020,64.0,-14.0,38.4,90,CONCEPT_NOT_FIT_VALIDATED
DUC-F-02031,p4-2x2,Yellow,#F4EE2A,16,2021,66.0,-6.0,38.4,0,CONCEPT_NOT_FIT_VALIDATED
DUC-F-01790,p4-2x1,Yellow,#F4EE2A,15,2022,68.0,-2.0,36.0,90,CONCEPT_NOT_FIT_VALIDATED
DUC-F-01709,p4-1x1,Yellow,#F4EE2A,14,2023,68.0,0.0,33.6,0,CONCEPT_NOT_FIT_VALIDATED
DUC-F-02032,p4-2x2,Yellow,#F4EE2A,16,2024,66.0,2.0,38.4,0,CONCEPT_NOT_FIT_VALIDATED
DUC-F-01808,p4-4x1,Yellow,#F4EE2A,15,2025,68.0,10.0,36.0,90,CONCEPT_NOT_FIT_VALIDATED
DUC-F-01710,p4-2x1,Yellow,#F4EE2A,14,2026,68.0,6.0,33.6,90,CONCEPT_NOT_FIT_VALIDATED
DUC-F-02033,p4-2x2,Yellow,#F4EE2A,16,2027,66.0,10.0,38.4,0,CONCEPT_NOT_FIT_VALIDATED
DUC-F-02034,p4-2x2,Yellow,#F4EE2A,16,2028,66.0,18.0,38.4,0,CONCEPT_NOT_FIT_VALIDATED
DUC-F-02035,p4-2x1,Yellow,#F4EE2A,16,2029,64.0,26.0,38.4,90,CONCEPT_NOT_FIT_VALIDATED
DUC-F-02036,p4-1x1,Yellow,#F4EE2A,16,2030,64.0,32.0,38.4,0,CONCEPT_NOT_FIT_VALIDATED
DUC-F-02037,p4-2x1,Yellow,#F4EE2A,17,2031,-4.0,-70.0,40.8,90,CONCEPT_NOT_FIT_VALIDATED
DUC-F-02038,p4-2x2,Yellow,#F4EE2A,17,2032,2.0,-70.0,40.8,0,CONCEPT_NOT_FIT_VALIDATED
DUC-F-02039,p4-2x1,Yellow,#F4EE2A,17,2033,-22.0,-68.0,40.8,0,CONCEPT_NOT_FIT_VALIDATED
DUC-F-02040,p4-2x1,Yellow,#F4EE2A,17,2034,-14.0,-68.0,40.8,0,CONCEPT_NOT_FIT_VALIDATED
DUC-F-02041,p4-1x1,Yellow,#F4EE2A,17,2035,-8.0,-68.0,40.8,0,CONCEPT_NOT_FIT_VALIDATED
DUC-F-02042,p4-2x1,Yellow,#F4EE2A,17,2036,10.0,-68.0,40.8,0,CONCEPT_NOT_FIT_VALIDATED
DUC-F-02043,p4-2x1,Yellow,#F4EE2A,17,2037,18.0,-68.0,40.8,0,CONCEPT_NOT_FIT_VALIDATED
DUC-F-02045,p4-4x2,Yellow,#F4EE2A,17,2038,-30.0,-58.0,40.8,90,CONCEPT_NOT_FIT_VALIDATED
DUC-F-02046,p4-4x2,Yellow,#F4EE2A,17,2039,-22.0,-58.0,40.8,90,CONCEPT_NOT_FIT_VALIDATED
DUC-F-02047,p4-4x2,Yellow,#F4EE2A,17,2040,-14.0,-58.0,40.8,90,CONCEPT_NOT_FIT_VALIDATED
DUC-F-02048,p4-4x2,Yellow,#F4EE2A,17,2041,-6.0,-58.0,40.8,90,CONCEPT_NOT_FIT_VALIDATED
DUC-F-02049,p4-4x2,Yellow,#F4EE2A,17,2042,2.0,-58.0,40.8,90,CONCEPT_NOT_FIT_VALIDATED
DUC-F-02050,p4-4x2,Yellow,#F4EE2A,17,2043,10.0,-58.0,40.8,90,CONCEPT_NOT_FIT_VALIDATED
DUC-F-02051,p4-4x2,Yellow,#F4EE2A,17,2044,18.0,-58.0,40.8,90,CONCEPT_NOT_FIT_VALIDATED
DUC-F-02052,p4-4x2,Yellow,#F4EE2A,17,2045,26.0,-58.0,40.8,90,CONCEPT_NOT_FIT_VALIDATED
DUC-F-02053,p4-4x1,Yellow,#F4EE2A,17,2046,32.0,-58.0,40.8,90,CONCEPT_NOT_FIT_VALIDATED
DUC-F-02054,p4-3x2,Yellow,#F4EE2A,17,2047,-38.0,-56.0,40.8,90,CONCEPT_NOT_FIT_VALIDATED
DUC-F-02055,p4-3x1,Yellow,#F4EE2A,17,2048,36.0,-56.0,40.8,90,CONCEPT_NOT_FIT_VALIDATED
DUC-F-02056,p4-3x1,Yellow,#F4EE2A,17,2049,40.0,-56.0,40.8,90,CONCEPT_NOT_FIT_VALIDATED
DUC-F-02057,p4-2x1,Yellow,#F4EE2A,17,2050,-44.0,-54.0,40.8,90,CONCEPT_NOT_FIT_VALIDATED
DUC-F-02058,p4-2x1,Yellow,#F4EE2A,17,2051,44.0,-54.0,40.8,90,CONCEPT_NOT_FIT_VALIDATED
DUC-F-02061,p4-4x1,Yellow,#F4EE2A,17,2052,-52.0,-42.0,40.8,90,CONCEPT_NOT_FIT_VALIDATED
DUC-F-02062,p4-4x2,Yellow,#F4EE2A,17,2053,-46.0,-42.0,40.8,90,CONCEPT_NOT_FIT_VALIDATED
DUC-F-02063,p4-4x2,Yellow,#F4EE2A,17,2054,-38.0,-42.0,40.8,90,CONCEPT_NOT_FIT_VALIDATED
DUC-F-02064,p4-4x2,Yellow,#F4EE2A,17,2055,-30.0,-42.0,40.8,90,CONCEPT_NOT_FIT_VALIDATED
DUC-F-02065,p4-4x2,Yellow,#F4EE2A,17,2056,-22.0,-42.0,40.8,90,CONCEPT_NOT_FIT_VALIDATED
DUC-F-02066,p4-4x2,Yellow,#F4EE2A,17,2057,-14.0,-42.0,40.8,90,CONCEPT_NOT_FIT_VALIDATED
DUC-F-02067,p4-4x2,Yellow,#F4EE2A,17,2058,-6.0,-42.0,40.8,90,CONCEPT_NOT_FIT_VALIDATED
DUC-F-02068,p4-4x2,Yellow,#F4EE2A,17,2059,2.0,-42.0,40.8,90,CONCEPT_NOT_FIT_VALIDATED
DUC-F-02069,p4-4x2,Yellow,#F4EE2A,17,2060,10.0,-42.0,40.8,90,CONCEPT_NOT_FIT_VALIDATED
DUC-F-02070,p4-4x2,Yellow,#F4EE2A,17,2061,18.0,-42.0,40.8,90,CONCEPT_NOT_FIT_VALIDATED
DUC-F-02071,p4-4x2,Yellow,#F4EE2A,17,2062,26.0,-42.0,40.8,90,CONCEPT_NOT_FIT_VALIDATED
DUC-F-02072,p4-4x2,Yellow,#F4EE2A,17,2063,34.0,-42.0,40.8,90,CONCEPT_NOT_FIT_VALIDATED
DUC-F-02073,p4-4x2,Yellow,#F4EE2A,17,2064,42.0,-42.0,40.8,90,CONCEPT_NOT_FIT_VALIDATED
DUC-F-02074,p4-4x2,Yellow,#F4EE2A,17,2065,50.0,-42.0,40.8,90,CONCEPT_NOT_FIT_VALIDATED
DUC-F-02075,p4-2x1,Yellow,#F4EE2A,17,2066,-56.0,-38.0,40.8,90,CONCEPT_NOT_FIT_VALIDATED
DUC-F-02076,p4-2x1,Yellow,#F4EE2A,17,2067,56.0,-38.0,40.8,90,CONCEPT_NOT_FIT_VALIDATED
DUC-F-02077,p4-4x1,Yellow,#F4EE2A,17,2068,-60.0,-26.0,40.8,90,CONCEPT_NOT_FIT_VALIDATED
DUC-F-02078,p4-4x2,Yellow,#F4EE2A,17,2069,-54.0,-26.0,40.8,90,CONCEPT_NOT_FIT_VALIDATED
DUC-F-02079,p4-4x2,Yellow,#F4EE2A,17,2070,-46.0,-26.0,40.8,90,CONCEPT_NOT_FIT_VALIDATED
DUC-F-02080,p4-4x2,Yellow,#F4EE2A,17,2071,-38.0,-26.0,40.8,90,CONCEPT_NOT_FIT_VALIDATED
DUC-F-02081,p4-4x2,Yellow,#F4EE2A,17,2072,-30.0,-26.0,40.8,90,CONCEPT_NOT_FIT_VALIDATED
DUC-F-02082,p4-4x2,Yellow,#F4EE2A,17,2073,-22.0,-26.0,40.8,90,CONCEPT_NOT_FIT_VALIDATED
DUC-F-02083,p4-4x2,Yellow,#F4EE2A,17,2074,-14.0,-26.0,40.8,90,CONCEPT_NOT_FIT_VALIDATED
DUC-F-02084,p4-4x2,Yellow,#F4EE2A,17,2075,-6.0,-26.0,40.8,90,CONCEPT_NOT_FIT_VALIDATED
DUC-F-02085,p4-4x2,Yellow,#F4EE2A,17,2076,2.0,-26.0,40.8,90,CONCEPT_NOT_FIT_VALIDATED
DUC-F-02086,p4-4x2,Yellow,#F4EE2A,17,2077,10.0,-26.0,40.8,90,CONCEPT_NOT_FIT_VALIDATED
DUC-F-02087,p4-4x2,Yellow,#F4EE2A,17,2078,18.0,-26.0,40.8,90,CONCEPT_NOT_FIT_VALIDATED
DUC-F-02088,p4-4x2,Yellow,#F4EE2A,17,2079,26.0,-26.0,40.8,90,CONCEPT_NOT_FIT_VALIDATED
DUC-F-02089,p4-4x2,Yellow,#F4EE2A,17,2080,34.0,-26.0,40.8,90,CONCEPT_NOT_FIT_VALIDATED
DUC-F-02090,p4-4x2,Yellow,#F4EE2A,17,2081,42.0,-26.0,40.8,90,CONCEPT_NOT_FIT_VALIDATED
DUC-F-02091,p4-4x2,Yellow,#F4EE2A,17,2082,50.0,-26.0,40.8,90,CONCEPT_NOT_FIT_VALIDATED
DUC-F-02092,p4-4x2,Yellow,#F4EE2A,17,2083,58.0,-26.0,40.8,90,CONCEPT_NOT_FIT_VALIDATED
DUC-F-02093,p4-2x1,Yellow,#F4EE2A,17,2084,-64.0,-22.0,40.8,90,CONCEPT_NOT_FIT_VALIDATED
DUC-F-02094,p4-2x1,Yellow,#F4EE2A,17,2085,64.0,-22.0,40.8,90,CONCEPT_NOT_FIT_VALIDATED
DUC-F-02095,p4-4x2,Yellow,#F4EE2A,17,2086,-62.0,-10.0,40.8,90,CONCEPT_NOT_FIT_VALIDATED
DUC-F-02096,p4-4x2,Yellow,#F4EE2A,17,2087,-54.0,-10.0,40.8,90,CONCEPT_NOT_FIT_VALIDATED
DUC-F-02097,p4-4x2,Yellow,#F4EE2A,17,2088,-46.0,-10.0,40.8,90,CONCEPT_NOT_FIT_VALIDATED
DUC-F-02098,p4-4x2,Yellow,#F4EE2A,17,2089,-38.0,-10.0,40.8,90,CONCEPT_NOT_FIT_VALIDATED
DUC-F-02099,p4-4x2,Yellow,#F4EE2A,17,2090,-30.0,-10.0,40.8,90,CONCEPT_NOT_FIT_VALIDATED
DUC-F-02100,p4-4x2,Yellow,#F4EE2A,17,2091,-22.0,-10.0,40.8,90,CONCEPT_NOT_FIT_VALIDATED
DUC-F-02101,p4-4x2,Yellow,#F4EE2A,17,2092,-14.0,-10.0,40.8,90,CONCEPT_NOT_FIT_VALIDATED
DUC-F-02102,p4-4x2,Yellow,#F4EE2A,17,2093,-6.0,-10.0,40.8,90,CONCEPT_NOT_FIT_VALIDATED
DUC-F-02103,p4-4x2,Yellow,#F4EE2A,17,2094,2.0,-10.0,40.8,90,CONCEPT_NOT_FIT_VALIDATED
DUC-F-02104,p4-4x2,Yellow,#F4EE2A,17,2095,10.0,-10.0,40.8,90,CONCEPT_NOT_FIT_VALIDATED
DUC-F-02105,p4-4x2,Yellow,#F4EE2A,17,2096,18.0,-10.0,40.8,90,CONCEPT_NOT_FIT_VALIDATED
DUC-F-02106,p4-4x2,Yellow,#F4EE2A,17,2097,26.0,-10.0,40.8,90,CONCEPT_NOT_FIT_VALIDATED
DUC-F-02107,p4-4x2,Yellow,#F4EE2A,17,2098,34.0,-10.0,40.8,90,CONCEPT_NOT_FIT_VALIDATED
DUC-F-02108,p4-4x2,Yellow,#F4EE2A,17,2099,42.0,-10.0,40.8,90,CONCEPT_NOT_FIT_VALIDATED
DUC-F-02109,p4-4x2,Yellow,#F4EE2A,17,2100,50.0,-10.0,40.8,90,CONCEPT_NOT_FIT_VALIDATED
DUC-F-02110,p4-4x2,Yellow,#F4EE2A,17,2101,58.0,-10.0,40.8,90,CONCEPT_NOT_FIT_VALIDATED
DUC-F-02111,p4-4x1,Yellow,#F4EE2A,17,2102,64.0,-10.0,40.8,90,CONCEPT_NOT_FIT_VALIDATED
DUC-F-02112,p4-3x1,Yellow,#F4EE2A,17,2103,-68.0,-8.0,40.8,90,CONCEPT_NOT_FIT_VALIDATED
DUC-F-02113,p4-3x1,Yellow,#F4EE2A,17,2104,68.0,-8.0,40.8,90,CONCEPT_NOT_FIT_VALIDATED
DUC-F-02114,p4-4x1,Yellow,#F4EE2A,17,2105,-68.0,6.0,40.8,90,CONCEPT_NOT_FIT_VALIDATED
DUC-F-02115,p4-4x2,Yellow,#F4EE2A,17,2106,-62.0,6.0,40.8,90,CONCEPT_NOT_FIT_VALIDATED
DUC-F-02116,p4-4x2,Yellow,#F4EE2A,17,2107,-54.0,6.0,40.8,90,CONCEPT_NOT_FIT_VALIDATED
DUC-F-02117,p4-4x2,Yellow,#F4EE2A,17,2108,-46.0,6.0,40.8,90,CONCEPT_NOT_FIT_VALIDATED
DUC-F-02118,p4-4x2,Yellow,#F4EE2A,17,2109,-38.0,6.0,40.8,90,CONCEPT_NOT_FIT_VALIDATED
DUC-F-02119,p4-4x2,Yellow,#F4EE2A,17,2110,-30.0,6.0,40.8,90,CONCEPT_NOT_FIT_VALIDATED
DUC-F-02120,p4-4x2,Yellow,#F4EE2A,17,2111,-22.0,6.0,40.8,90,CONCEPT_NOT_FIT_VALIDATED
DUC-F-02121,p4-4x2,Yellow,#F4EE2A,17,2112,-14.0,6.0,40.8,90,CONCEPT_NOT_FIT_VALIDATED
DUC-F-02122,p4-4x2,Yellow,#F4EE2A,17,2113,-6.0,6.0,40.8,90,CONCEPT_NOT_FIT_VALIDATED
DUC-F-02123,p4-4x2,Yellow,#F4EE2A,17,2114,2.0,6.0,40.8,90,CONCEPT_NOT_FIT_VALIDATED
DUC-F-02124,p4-4x2,Yellow,#F4EE2A,17,2115,10.0,6.0,40.8,90,CONCEPT_NOT_FIT_VALIDATED
DUC-F-02125,p4-4x2,Yellow,#F4EE2A,17,2116,18.0,6.0,40.8,90,CONCEPT_NOT_FIT_VALIDATED
DUC-F-02126,p4-4x2,Yellow,#F4EE2A,17,2117,26.0,6.0,40.8,90,CONCEPT_NOT_FIT_VALIDATED
DUC-F-02127,p4-4x2,Yellow,#F4EE2A,17,2118,34.0,6.0,40.8,90,CONCEPT_NOT_FIT_VALIDATED
DUC-F-02128,p4-4x2,Yellow,#F4EE2A,17,2119,42.0,6.0,40.8,90,CONCEPT_NOT_FIT_VALIDATED
DUC-F-02129,p4-4x2,Yellow,#F4EE2A,17,2120,50.0,6.0,40.8,90,CONCEPT_NOT_FIT_VALIDATED
DUC-F-02130,p4-4x2,Yellow,#F4EE2A,17,2121,58.0,6.0,40.8,90,CONCEPT_NOT_FIT_VALIDATED
DUC-F-02131,p4-4x2,Yellow,#F4EE2A,17,2122,66.0,6.0,40.8,90,CONCEPT_NOT_FIT_VALIDATED
DUC-F-02132,p4-2x1,Yellow,#F4EE2A,17,2123,-68.0,18.0,40.8,90,CONCEPT_NOT_FIT_VALIDATED
DUC-F-02133,p4-4x2,Yellow,#F4EE2A,17,2124,-62.0,22.0,40.8,90,CONCEPT_NOT_FIT_VALIDATED
DUC-F-02134,p4-4x2,Yellow,#F4EE2A,17,2125,-54.0,22.0,40.8,90,CONCEPT_NOT_FIT_VALIDATED
DUC-F-02135,p4-4x2,Yellow,#F4EE2A,17,2126,-46.0,22.0,40.8,90,CONCEPT_NOT_FIT_VALIDATED
DUC-F-02136,p4-4x2,Yellow,#F4EE2A,17,2127,-38.0,22.0,40.8,90,CONCEPT_NOT_FIT_VALIDATED
DUC-F-02137,p4-4x2,Yellow,#F4EE2A,17,2128,-30.0,22.0,40.8,90,CONCEPT_NOT_FIT_VALIDATED
DUC-F-02138,p4-4x2,Yellow,#F4EE2A,17,2129,-22.0,22.0,40.8,90,CONCEPT_NOT_FIT_VALIDATED
DUC-F-02139,p4-4x2,Yellow,#F4EE2A,17,2130,-14.0,22.0,40.8,90,CONCEPT_NOT_FIT_VALIDATED
DUC-F-02140,p4-4x2,Yellow,#F4EE2A,17,2131,-6.0,22.0,40.8,90,CONCEPT_NOT_FIT_VALIDATED
DUC-F-02141,p4-4x2,Yellow,#F4EE2A,17,2132,2.0,22.0,40.8,90,CONCEPT_NOT_FIT_VALIDATED
DUC-F-02142,p4-4x2,Yellow,#F4EE2A,17,2133,10.0,22.0,40.8,90,CONCEPT_NOT_FIT_VALIDATED
DUC-F-02143,p4-4x2,Yellow,#F4EE2A,17,2134,18.0,22.0,40.8,90,CONCEPT_NOT_FIT_VALIDATED
DUC-F-02144,p4-4x2,Yellow,#F4EE2A,17,2135,26.0,22.0,40.8,90,CONCEPT_NOT_FIT_VALIDATED
DUC-F-02145,p4-4x2,Yellow,#F4EE2A,17,2136,34.0,22.0,40.8,90,CONCEPT_NOT_FIT_VALIDATED
DUC-F-02146,p4-4x2,Yellow,#F4EE2A,17,2137,42.0,22.0,40.8,90,CONCEPT_NOT_FIT_VALIDATED
DUC-F-02147,p4-4x2,Yellow,#F4EE2A,17,2138,50.0,22.0,40.8,90,CONCEPT_NOT_FIT_VALIDATED
DUC-F-02148,p4-4x2,Yellow,#F4EE2A,17,2139,58.0,22.0,40.8,90,CONCEPT_NOT_FIT_VALIDATED
DUC-F-02149,p4-4x1,Yellow,#F4EE2A,17,2140,64.0,22.0,40.8,90,CONCEPT_NOT_FIT_VALIDATED
DUC-F-02150,p4-2x1,Yellow,#F4EE2A,17,2141,68.0,18.0,40.8,90,CONCEPT_NOT_FIT_VALIDATED
DUC-F-02151,p4-2x2,Yellow,#F4EE2A,17,2142,-62.0,34.0,40.8,0,CONCEPT_NOT_FIT_VALIDATED
DUC-F-02152,p4-4x2,Yellow,#F4EE2A,17,2143,-54.0,38.0,40.8,90,CONCEPT_NOT_FIT_VALIDATED
DUC-F-02153,p4-4x2,Yellow,#F4EE2A,17,2144,-46.0,38.0,40.8,90,CONCEPT_NOT_FIT_VALIDATED
DUC-F-02154,p4-4x2,Yellow,#F4EE2A,17,2145,-38.0,38.0,40.8,90,CONCEPT_NOT_FIT_VALIDATED
DUC-F-02155,p4-4x2,Yellow,#F4EE2A,17,2146,-30.0,38.0,40.8,90,CONCEPT_NOT_FIT_VALIDATED
DUC-F-02156,p4-4x2,Yellow,#F4EE2A,17,2147,-22.0,38.0,40.8,90,CONCEPT_NOT_FIT_VALIDATED
DUC-F-02157,p4-4x2,Yellow,#F4EE2A,17,2148,-14.0,38.0,40.8,90,CONCEPT_NOT_FIT_VALIDATED
DUC-F-02158,p4-4x2,Yellow,#F4EE2A,17,2149,-6.0,38.0,40.8,90,CONCEPT_NOT_FIT_VALIDATED
DUC-F-02159,p4-4x2,Yellow,#F4EE2A,17,2150,2.0,38.0,40.8,90,CONCEPT_NOT_FIT_VALIDATED
DUC-F-02160,p4-4x2,Yellow,#F4EE2A,17,2151,10.0,38.0,40.8,90,CONCEPT_NOT_FIT_VALIDATED
DUC-F-02161,p4-4x2,Yellow,#F4EE2A,17,2152,18.0,38.0,40.8,90,CONCEPT_NOT_FIT_VALIDATED
DUC-F-02162,p4-4x2,Yellow,#F4EE2A,17,2153,26.0,38.0,40.8,90,CONCEPT_NOT_FIT_VALIDATED
DUC-F-02163,p4-4x2,Yellow,#F4EE2A,17,2154,34.0,38.0,40.8,90,CONCEPT_NOT_FIT_VALIDATED
DUC-F-02164,p4-4x2,Yellow,#F4EE2A,17,2155,42.0,38.0,40.8,90,CONCEPT_NOT_FIT_VALIDATED
DUC-F-02165,p4-4x2,Yellow,#F4EE2A,17,2156,50.0,38.0,40.8,90,CONCEPT_NOT_FIT_VALIDATED
DUC-F-02166,p4-4x2,Yellow,#F4EE2A,17,2157,58.0,38.0,40.8,90,CONCEPT_NOT_FIT_VALIDATED
DUC-F-02167,p4-2x1,Yellow,#F4EE2A,17,2158,64.0,34.0,40.8,90,CONCEPT_NOT_FIT_VALIDATED
DUC-F-02168,p4-2x1,Yellow,#F4EE2A,17,2159,-60.0,42.0,40.8,90,CONCEPT_NOT_FIT_VALIDATED
DUC-F-02169,p4-2x2,Yellow,#F4EE2A,17,2160,-54.0,50.0,40.8,0,CONCEPT_NOT_FIT_VALIDATED
DUC-F-02170,p4-4x2,Yellow,#F4EE2A,17,2161,-46.0,54.0,40.8,90,CONCEPT_NOT_FIT_VALIDATED
DUC-F-02171,p4-4x2,Yellow,#F4EE2A,17,2162,-38.0,54.0,40.8,90,CONCEPT_NOT_FIT_VALIDATED
DUC-F-02172,p4-4x2,Yellow,#F4EE2A,17,2163,-30.0,54.0,40.8,90,CONCEPT_NOT_FIT_VALIDATED
DUC-F-02173,p4-4x2,Yellow,#F4EE2A,17,2164,-22.0,54.0,40.8,90,CONCEPT_NOT_FIT_VALIDATED
DUC-F-02174,p4-4x2,Yellow,#F4EE2A,17,2165,-14.0,54.0,40.8,90,CONCEPT_NOT_FIT_VALIDATED
DUC-F-02175,p4-4x2,Yellow,#F4EE2A,17,2166,-6.0,54.0,40.8,90,CONCEPT_NOT_FIT_VALIDATED
DUC-F-02176,p4-4x2,Yellow,#F4EE2A,17,2167,2.0,54.0,40.8,90,CONCEPT_NOT_FIT_VALIDATED
DUC-F-02177,p4-4x2,Yellow,#F4EE2A,17,2168,10.0,54.0,40.8,90,CONCEPT_NOT_FIT_VALIDATED
DUC-F-02178,p4-4x2,Yellow,#F4EE2A,17,2169,18.0,54.0,40.8,90,CONCEPT_NOT_FIT_VALIDATED
DUC-F-02179,p4-4x2,Yellow,#F4EE2A,17,2170,26.0,54.0,40.8,90,CONCEPT_NOT_FIT_VALIDATED
DUC-F-02180,p4-4x2,Yellow,#F4EE2A,17,2171,34.0,54.0,40.8,90,CONCEPT_NOT_FIT_VALIDATED
DUC-F-02181,p4-4x2,Yellow,#F4EE2A,17,2172,42.0,54.0,40.8,90,CONCEPT_NOT_FIT_VALIDATED
DUC-F-02182,p4-3x2,Yellow,#F4EE2A,17,2173,50.0,52.0,40.8,90,CONCEPT_NOT_FIT_VALIDATED
DUC-F-02183,p4-2x1,Yellow,#F4EE2A,17,2174,56.0,50.0,40.8,90,CONCEPT_NOT_FIT_VALIDATED
DUC-F-02184,p4-1x1,Yellow,#F4EE2A,17,2175,-52.0,56.0,40.8,0,CONCEPT_NOT_FIT_VALIDATED
DUC-F-02185,p4-1x1,Yellow,#F4EE2A,17,2176,48.0,60.0,40.8,0,CONCEPT_NOT_FIT_VALIDATED
DUC-F-02186,p4-1x1,Yellow,#F4EE2A,17,2177,-44.0,64.0,40.8,0,CONCEPT_NOT_FIT_VALIDATED
DUC-F-02187,p4-2x2,Yellow,#F4EE2A,17,2178,-38.0,66.0,40.8,0,CONCEPT_NOT_FIT_VALIDATED
DUC-F-02188,p4-4x2,Yellow,#F4EE2A,17,2179,-30.0,70.0,40.8,90,CONCEPT_NOT_FIT_VALIDATED
DUC-F-02189,p4-4x2,Yellow,#F4EE2A,17,2180,-22.0,70.0,40.8,90,CONCEPT_NOT_FIT_VALIDATED
DUC-F-02190,p4-4x2,Yellow,#F4EE2A,17,2181,-14.0,70.0,40.8,90,CONCEPT_NOT_FIT_VALIDATED
DUC-F-02191,p4-4x2,Yellow,#F4EE2A,17,2182,-6.0,70.0,40.8,90,CONCEPT_NOT_FIT_VALIDATED
DUC-F-02192,p4-4x2,Yellow,#F4EE2A,17,2183,2.0,70.0,40.8,90,CONCEPT_NOT_FIT_VALIDATED
DUC-F-02193,p4-4x2,Yellow,#F4EE2A,17,2184,10.0,70.0,40.8,90,CONCEPT_NOT_FIT_VALIDATED
DUC-F-02194,p4-4x2,Yellow,#F4EE2A,17,2185,18.0,70.0,40.8,90,CONCEPT_NOT_FIT_VALIDATED
DUC-F-02195,p4-4x2,Yellow,#F4EE2A,17,2186,26.0,70.0,40.8,90,CONCEPT_NOT_FIT_VALIDATED
DUC-F-02196,p4-3x2,Yellow,#F4EE2A,17,2187,34.0,68.0,40.8,90,CONCEPT_NOT_FIT_VALIDATED
DUC-F-02197,p4-2x1,Yellow,#F4EE2A,17,2188,42.0,64.0,40.8,0,CONCEPT_NOT_FIT_VALIDATED
DUC-F-02012,p4-1x1,Yellow,#F4EE2A,16,2189,44.0,64.0,38.4,0,CONCEPT_NOT_FIT_VALIDATED
DUC-F-01858,p4-1x1,Yellow,#F4EE2A,15,2190,44.0,64.0,36.0,0,CONCEPT_NOT_FIT_VALIDATED
DUC-F-02198,p4-1x1,Yellow,#F4EE2A,17,2191,40.0,68.0,40.8,0,CONCEPT_NOT_FIT_VALIDATED
DUC-F-02202,p4-2x1,Yellow,#F4EE2A,17,2192,-14.0,80.0,40.8,0,CONCEPT_NOT_FIT_VALIDATED
DUC-F-02203,p4-2x2,Yellow,#F4EE2A,17,2193,-6.0,82.0,40.8,0,CONCEPT_NOT_FIT_VALIDATED
DUC-F-01951,p4-1x1,Yellow,#F4EE2A,16,2194,-4.0,84.0,38.4,0,CONCEPT_NOT_FIT_VALIDATED
DUC-F-02204,p4-2x2,Yellow,#F4EE2A,17,2195,2.0,82.0,40.8,0,CONCEPT_NOT_FIT_VALIDATED
DUC-F-01972,p4-2x1,Yellow,#F4EE2A,16,2196,2.0,84.0,38.4,0,CONCEPT_NOT_FIT_VALIDATED
DUC-F-02205,p4-2x2,Yellow,#F4EE2A,17,2197,10.0,82.0,40.8,0,CONCEPT_NOT_FIT_VALIDATED
DUC-F-02206,p4-2x1,Yellow,#F4EE2A,17,2198,18.0,80.0,40.8,0,CONCEPT_NOT_FIT_VALIDATED
DUC-F-02209,p4-4x2,Yellow,#F4EE2A,18,2199,-62.0,-10.0,43.2,0,CONCEPT_NOT_FIT_VALIDATED
DUC-F-02210,p4-4x2,Yellow,#F4EE2A,18,2200,-62.0,-2.0,43.2,0,CONCEPT_NOT_FIT_VALIDATED
DUC-F-02211,p4-4x2,Yellow,#F4EE2A,18,2201,-62.0,6.0,43.2,0,CONCEPT_NOT_FIT_VALIDATED
DUC-F-02212,p4-4x2,Yellow,#F4EE2A,18,2202,-62.0,14.0,43.2,0,CONCEPT_NOT_FIT_VALIDATED
DUC-F-02213,p4-4x1,Yellow,#F4EE2A,18,2203,-62.0,20.0,43.2,0,CONCEPT_NOT_FIT_VALIDATED
DUC-F-02214,p4-3x1,Yellow,#F4EE2A,18,2204,-60.0,-24.0,43.2,0,CONCEPT_NOT_FIT_VALIDATED
DUC-F-02215,p4-3x2,Yellow,#F4EE2A,18,2205,-60.0,-18.0,43.2,0,CONCEPT_NOT_FIT_VALIDATED
DUC-F-02216,p4-3x1,Yellow,#F4EE2A,18,2206,-60.0,24.0,43.2,0,CONCEPT_NOT_FIT_VALIDATED
DUC-F-02217,p4-3x2,Yellow,#F4EE2A,18,2207,-60.0,30.0,43.2,0,CONCEPT_NOT_FIT_VALIDATED
DUC-F-02218,p4-3x1,Yellow,#F4EE2A,18,2208,-60.0,36.0,43.2,0,CONCEPT_NOT_FIT_VALIDATED
DUC-F-02219,p4-2x2,Yellow,#F4EE2A,18,2209,-58.0,-34.0,43.2,0,CONCEPT_NOT_FIT_VALIDATED
DUC-F-02220,p4-2x1,Yellow,#F4EE2A,18,2210,-58.0,-28.0,43.2,0,CONCEPT_NOT_FIT_VALIDATED
DUC-F-02221,p4-2x1,Yellow,#F4EE2A,18,2211,-58.0,40.0,43.2,0,CONCEPT_NOT_FIT_VALIDATED
DUC-F-02222,p4-2x1,Yellow,#F4EE2A,18,2212,-58.0,44.0,43.2,0,CONCEPT_NOT_FIT_VALIDATED
DUC-F-02223,p4-1x1,Yellow,#F4EE2A,18,2213,-56.0,-40.0,43.2,0,CONCEPT_NOT_FIT_VALIDATED
DUC-F-02224,p4-1x1,Yellow,#F4EE2A,18,2214,-56.0,48.0,43.2,0,CONCEPT_NOT_FIT_VALIDATED
DUC-F-02225,p4-1x1,Yellow,#F4EE2A,18,2215,-56.0,52.0,43.2,0,CONCEPT_NOT_FIT_VALIDATED
DUC-F-02226,p4-4x1,Yellow,#F4EE2A,18,2216,-46.0,-48.0,43.2,0,CONCEPT_NOT_FIT_VALIDATED
DUC-F-02227,p4-4x2,Yellow,#F4EE2A,18,2217,-46.0,-42.0,43.2,0,CONCEPT_NOT_FIT_VALIDATED
DUC-F-02228,p4-4x2,Yellow,#F4EE2A,18,2218,-46.0,-34.0,43.2,0,CONCEPT_NOT_FIT_VALIDATED
DUC-F-02229,p4-4x2,Yellow,#F4EE2A,18,2219,-46.0,-26.0,43.2,0,CONCEPT_NOT_FIT_VALIDATED
DUC-F-02230,p4-4x2,Yellow,#F4EE2A,18,2220,-46.0,-18.0,43.2,0,CONCEPT_NOT_FIT_VALIDATED
DUC-F-02231,p4-4x2,Yellow,#F4EE2A,18,2221,-46.0,-10.0,43.2,0,CONCEPT_NOT_FIT_VALIDATED
DUC-F-02232,p4-4x2,Yellow,#F4EE2A,18,2222,-46.0,-2.0,43.2,0,CONCEPT_NOT_FIT_VALIDATED
DUC-F-02233,p4-4x2,Yellow,#F4EE2A,18,2223,-46.0,6.0,43.2,0,CONCEPT_NOT_FIT_VALIDATED
DUC-F-02234,p4-4x2,Yellow,#F4EE2A,18,2224,-46.0,14.0,43.2,0,CONCEPT_NOT_FIT_VALIDATED
DUC-F-02235,p4-4x2,Yellow,#F4EE2A,18,2225,-46.0,22.0,43.2,0,CONCEPT_NOT_FIT_VALIDATED
DUC-F-02236,p4-4x2,Yellow,#F4EE2A,18,2226,-46.0,30.0,43.2,0,CONCEPT_NOT_FIT_VALIDATED
DUC-F-02237,p4-4x2,Yellow,#F4EE2A,18,2227,-46.0,38.0,43.2,0,CONCEPT_NOT_FIT_VALIDATED
DUC-F-02238,p4-4x2,Yellow,#F4EE2A,18,2228,-46.0,46.0,43.2,0,CONCEPT_NOT_FIT_VALIDATED
DUC-F-02239,p4-4x2,Yellow,#F4EE2A,18,2229,-46.0,54.0,43.2,0,CONCEPT_NOT_FIT_VALIDATED
DUC-F-02240,p4-3x1,Yellow,#F4EE2A,18,2230,-44.0,-52.0,43.2,0,CONCEPT_NOT_FIT_VALIDATED
DUC-F-02059,p4-1x1,Yellow,#F4EE2A,17,2231,-48.0,-52.0,40.8,0,CONCEPT_NOT_FIT_VALIDATED
DUC-F-02241,p4-3x2,Yellow,#F4EE2A,18,2232,-44.0,62.0,43.2,0,CONCEPT_NOT_FIT_VALIDATED
DUC-F-02242,p4-2x1,Yellow,#F4EE2A,18,2233,-42.0,-56.0,43.2,0,CONCEPT_NOT_FIT_VALIDATED
DUC-F-02243,p4-1x1,Yellow,#F4EE2A,18,2234,-40.0,-60.0,43.2,0,CONCEPT_NOT_FIT_VALIDATED
DUC-F-02244,p4-1x1,Yellow,#F4EE2A,18,2235,-40.0,68.0,43.2,0,CONCEPT_NOT_FIT_VALIDATED
DUC-F-02245,p4-4x2,Yellow,#F4EE2A,18,2236,-30.0,-58.0,43.2,0,CONCEPT_NOT_FIT_VALIDATED
DUC-F-02246,p4-4x2,Yellow,#F4EE2A,18,2237,-30.0,-50.0,43.2,0,CONCEPT_NOT_FIT_VALIDATED
DUC-F-02247,p4-4x2,Yellow,#F4EE2A,18,2238,-30.0,-42.0,43.2,0,CONCEPT_NOT_FIT_VALIDATED
DUC-F-02248,p4-4x2,Yellow,#F4EE2A,18,2239,-30.0,-34.0,43.2,0,CONCEPT_NOT_FIT_VALIDATED
DUC-F-02249,p4-4x2,Yellow,#F4EE2A,18,2240,-30.0,-26.0,43.2,0,CONCEPT_NOT_FIT_VALIDATED
DUC-F-02250,p4-4x2,Yellow,#F4EE2A,18,2241,-30.0,-18.0,43.2,0,CONCEPT_NOT_FIT_VALIDATED
DUC-F-02251,p4-4x2,Yellow,#F4EE2A,18,2242,-30.0,-10.0,43.2,0,CONCEPT_NOT_FIT_VALIDATED
DUC-F-02252,p4-4x2,Yellow,#F4EE2A,18,2243,-30.0,-2.0,43.2,0,CONCEPT_NOT_FIT_VALIDATED
DUC-F-02253,p4-4x2,Yellow,#F4EE2A,18,2244,-30.0,6.0,43.2,0,CONCEPT_NOT_FIT_VALIDATED
DUC-F-02254,p4-4x2,Yellow,#F4EE2A,18,2245,-30.0,14.0,43.2,0,CONCEPT_NOT_FIT_VALIDATED
DUC-F-02255,p4-4x2,Yellow,#F4EE2A,18,2246,-30.0,22.0,43.2,0,CONCEPT_NOT_FIT_VALIDATED
DUC-F-02256,p4-4x2,Yellow,#F4EE2A,18,2247,-30.0,30.0,43.2,0,CONCEPT_NOT_FIT_VALIDATED
DUC-F-02257,p4-4x2,Yellow,#F4EE2A,18,2248,-30.0,38.0,43.2,0,CONCEPT_NOT_FIT_VALIDATED
DUC-F-02258,p4-4x2,Yellow,#F4EE2A,18,2249,-30.0,46.0,43.2,0,CONCEPT_NOT_FIT_VALIDATED
DUC-F-02259,p4-4x2,Yellow,#F4EE2A,18,2250,-30.0,54.0,43.2,0,CONCEPT_NOT_FIT_VALIDATED
DUC-F-02260,p4-4x2,Yellow,#F4EE2A,18,2251,-30.0,62.0,43.2,0,CONCEPT_NOT_FIT_VALIDATED
DUC-F-02261,p4-4x2,Yellow,#F4EE2A,18,2252,-30.0,70.0,43.2,0,CONCEPT_NOT_FIT_VALIDATED
DUC-F-02199,p4-1x1,Yellow,#F4EE2A,17,2253,-36.0,72.0,40.8,0,CONCEPT_NOT_FIT_VALIDATED
DUC-F-01909,p4-1x1,Yellow,#F4EE2A,16,2254,-36.0,72.0,38.4,0,CONCEPT_NOT_FIT_VALIDATED
DUC-F-02262,p4-3x1,Yellow,#F4EE2A,18,2255,-28.0,-64.0,43.2,0,CONCEPT_NOT_FIT_VALIDATED
DUC-F-02263,p4-3x1,Yellow,#F4EE2A,18,2256,-28.0,76.0,43.2,0,CONCEPT_NOT_FIT_VALIDATED
DUC-F-02264,p4-1x1,Yellow,#F4EE2A,18,2257,-24.0,-68.0,43.2,0,CONCEPT_NOT_FIT_VALIDATED
DUC-F-02266,p4-4x2,Yellow,#F4EE2A,18,2258,-14.0,-66.0,43.2,0,CONCEPT_NOT_FIT_VALIDATED
DUC-F-02267,p4-4x2,Yellow,#F4EE2A,18,2259,-14.0,-58.0,43.2,0,CONCEPT_NOT_FIT_VALIDATED
DUC-F-02268,p4-4x2,Yellow,#F4EE2A,18,2260,-14.0,-50.0,43.2,0,CONCEPT_NOT_FIT_VALIDATED
DUC-F-02269,p4-4x2,Yellow,#F4EE2A,18,2261,-14.0,-42.0,43.2,0,CONCEPT_NOT_FIT_VALIDATED
DUC-F-02270,p4-4x2,Yellow,#F4EE2A,18,2262,-14.0,-34.0,43.2,0,CONCEPT_NOT_FIT_VALIDATED
DUC-F-02271,p4-4x2,Yellow,#F4EE2A,18,2263,-14.0,-26.0,43.2,0,CONCEPT_NOT_FIT_VALIDATED
DUC-F-02272,p4-4x2,Yellow,#F4EE2A,18,2264,-14.0,-18.0,43.2,0,CONCEPT_NOT_FIT_VALIDATED
DUC-F-02273,p4-4x2,Yellow,#F4EE2A,18,2265,-14.0,-10.0,43.2,0,CONCEPT_NOT_FIT_VALIDATED
DUC-F-02274,p4-4x2,Yellow,#F4EE2A,18,2266,-14.0,-2.0,43.2,0,CONCEPT_NOT_FIT_VALIDATED
DUC-F-02275,p4-4x2,Yellow,#F4EE2A,18,2267,-14.0,6.0,43.2,0,CONCEPT_NOT_FIT_VALIDATED
DUC-F-02276,p4-4x2,Yellow,#F4EE2A,18,2268,-14.0,14.0,43.2,0,CONCEPT_NOT_FIT_VALIDATED
DUC-F-02277,p4-4x2,Yellow,#F4EE2A,18,2269,-14.0,22.0,43.2,0,CONCEPT_NOT_FIT_VALIDATED
DUC-F-02278,p4-4x2,Yellow,#F4EE2A,18,2270,-14.0,30.0,43.2,0,CONCEPT_NOT_FIT_VALIDATED
DUC-F-02279,p4-4x2,Yellow,#F4EE2A,18,2271,-14.0,38.0,43.2,0,CONCEPT_NOT_FIT_VALIDATED
DUC-F-02280,p4-4x2,Yellow,#F4EE2A,18,2272,-14.0,46.0,43.2,0,CONCEPT_NOT_FIT_VALIDATED
DUC-F-02281,p4-4x2,Yellow,#F4EE2A,18,2273,-14.0,54.0,43.2,0,CONCEPT_NOT_FIT_VALIDATED
DUC-F-02282,p4-4x2,Yellow,#F4EE2A,18,2274,-14.0,62.0,43.2,0,CONCEPT_NOT_FIT_VALIDATED
DUC-F-02283,p4-4x2,Yellow,#F4EE2A,18,2275,-14.0,70.0,43.2,0,CONCEPT_NOT_FIT_VALIDATED
DUC-F-02284,p4-4x2,Yellow,#F4EE2A,18,2276,-14.0,78.0,43.2,0,CONCEPT_NOT_FIT_VALIDATED
DUC-F-02201,p4-2x1,Yellow,#F4EE2A,17,2277,-22.0,80.0,40.8,0,CONCEPT_NOT_FIT_VALIDATED
DUC-F-01930,p4-1x1,Yellow,#F4EE2A,16,2278,-20.0,80.0,38.4,0,CONCEPT_NOT_FIT_VALIDATED
DUC-F-02265,p4-1x1,Yellow,#F4EE2A,18,2279,-24.0,80.0,43.2,0,CONCEPT_NOT_FIT_VALIDATED
DUC-F-02285,p4-4x1,Yellow,#F4EE2A,18,2280,-14.0,84.0,43.2,0,CONCEPT_NOT_FIT_VALIDATED
DUC-F-02208,p4-1x1,Yellow,#F4EE2A,17,2281,-12.0,84.0,40.8,0,CONCEPT_NOT_FIT_VALIDATED
DUC-F-02287,p4-4x1,Yellow,#F4EE2A,18,2282,2.0,-72.0,43.2,0,CONCEPT_NOT_FIT_VALIDATED
DUC-F-02288,p4-4x2,Yellow,#F4EE2A,18,2283,2.0,-66.0,43.2,0,CONCEPT_NOT_FIT_VALIDATED
DUC-F-02289,p4-4x2,Yellow,#F4EE2A,18,2284,2.0,-58.0,43.2,0,CONCEPT_NOT_FIT_VALIDATED
DUC-F-02290,p4-4x2,Yellow,#F4EE2A,18,2285,2.0,-50.0,43.2,0,CONCEPT_NOT_FIT_VALIDATED
DUC-F-02291,p4-4x2,Yellow,#F4EE2A,18,2286,2.0,-42.0,43.2,0,CONCEPT_NOT_FIT_VALIDATED
DUC-F-02292,p4-4x2,Yellow,#F4EE2A,18,2287,2.0,-34.0,43.2,0,CONCEPT_NOT_FIT_VALIDATED
DUC-F-02293,p4-4x2,Yellow,#F4EE2A,18,2288,2.0,-26.0,43.2,0,CONCEPT_NOT_FIT_VALIDATED
DUC-F-02294,p4-4x2,Yellow,#F4EE2A,18,2289,2.0,-18.0,43.2,0,CONCEPT_NOT_FIT_VALIDATED
DUC-F-02295,p4-4x2,Yellow,#F4EE2A,18,2290,2.0,-10.0,43.2,0,CONCEPT_NOT_FIT_VALIDATED
DUC-F-02296,p4-4x2,Yellow,#F4EE2A,18,2291,2.0,-2.0,43.2,0,CONCEPT_NOT_FIT_VALIDATED
DUC-F-02297,p4-4x2,Yellow,#F4EE2A,18,2292,2.0,6.0,43.2,0,CONCEPT_NOT_FIT_VALIDATED
DUC-F-02298,p4-4x2,Yellow,#F4EE2A,18,2293,2.0,14.0,43.2,0,CONCEPT_NOT_FIT_VALIDATED
DUC-F-02299,p4-4x2,Yellow,#F4EE2A,18,2294,2.0,22.0,43.2,0,CONCEPT_NOT_FIT_VALIDATED
DUC-F-02300,p4-4x2,Yellow,#F4EE2A,18,2295,2.0,30.0,43.2,0,CONCEPT_NOT_FIT_VALIDATED
DUC-F-02301,p4-4x2,Yellow,#F4EE2A,18,2296,2.0,38.0,43.2,0,CONCEPT_NOT_FIT_VALIDATED
DUC-F-02302,p4-4x2,Yellow,#F4EE2A,18,2297,2.0,46.0,43.2,0,CONCEPT_NOT_FIT_VALIDATED
DUC-F-02303,p4-4x2,Yellow,#F4EE2A,18,2298,2.0,54.0,43.2,0,CONCEPT_NOT_FIT_VALIDATED
DUC-F-02304,p4-4x2,Yellow,#F4EE2A,18,2299,2.0,62.0,43.2,0,CONCEPT_NOT_FIT_VALIDATED
DUC-F-02305,p4-4x2,Yellow,#F4EE2A,18,2300,2.0,70.0,43.2,0,CONCEPT_NOT_FIT_VALIDATED
DUC-F-02306,p4-4x2,Yellow,#F4EE2A,18,2301,2.0,78.0,43.2,0,CONCEPT_NOT_FIT_VALIDATED
DUC-F-02307,p4-4x1,Yellow,#F4EE2A,18,2302,2.0,84.0,43.2,0,CONCEPT_NOT_FIT_VALIDATED
DUC-F-02308,p4-4x2,Yellow,#F4EE2A,18,2303,18.0,-66.0,43.2,0,CONCEPT_NOT_FIT_VALIDATED
DUC-F-02044,p4-1x1,Yellow,#F4EE2A,17,2304,24.0,-68.0,40.8,0,CONCEPT_NOT_FIT_VALIDATED
DUC-F-02309,p4-4x2,Yellow,#F4EE2A,18,2305,18.0,-58.0,43.2,0,CONCEPT_NOT_FIT_VALIDATED
DUC-F-02310,p4-4x2,Yellow,#F4EE2A,18,2306,18.0,-50.0,43.2,0,CONCEPT_NOT_FIT_VALIDATED
DUC-F-02311,p4-4x2,Yellow,#F4EE2A,18,2307,18.0,-42.0,43.2,0,CONCEPT_NOT_FIT_VALIDATED
DUC-F-02312,p4-4x2,Yellow,#F4EE2A,18,2308,18.0,-34.0,43.2,0,CONCEPT_NOT_FIT_VALIDATED
DUC-F-02313,p4-4x2,Yellow,#F4EE2A,18,2309,18.0,-26.0,43.2,0,CONCEPT_NOT_FIT_VALIDATED
DUC-F-02314,p4-4x2,Yellow,#F4EE2A,18,2310,18.0,-18.0,43.2,0,CONCEPT_NOT_FIT_VALIDATED
DUC-F-02315,p4-4x2,Yellow,#F4EE2A,18,2311,18.0,-10.0,43.2,0,CONCEPT_NOT_FIT_VALIDATED
DUC-F-02316,p4-4x2,Yellow,#F4EE2A,18,2312,18.0,-2.0,43.2,0,CONCEPT_NOT_FIT_VALIDATED
DUC-F-02317,p4-4x2,Yellow,#F4EE2A,18,2313,18.0,6.0,43.2,0,CONCEPT_NOT_FIT_VALIDATED
DUC-F-02318,p4-4x2,Yellow,#F4EE2A,18,2314,18.0,14.0,43.2,0,CONCEPT_NOT_FIT_VALIDATED
DUC-F-02319,p4-4x2,Yellow,#F4EE2A,18,2315,18.0,22.0,43.2,0,CONCEPT_NOT_FIT_VALIDATED
DUC-F-02320,p4-4x2,Yellow,#F4EE2A,18,2316,18.0,30.0,43.2,0,CONCEPT_NOT_FIT_VALIDATED
DUC-F-02321,p4-4x2,Yellow,#F4EE2A,18,2317,18.0,38.0,43.2,0,CONCEPT_NOT_FIT_VALIDATED
DUC-F-02322,p4-4x2,Yellow,#F4EE2A,18,2318,18.0,46.0,43.2,0,CONCEPT_NOT_FIT_VALIDATED
DUC-F-02323,p4-4x2,Yellow,#F4EE2A,18,2319,18.0,54.0,43.2,0,CONCEPT_NOT_FIT_VALIDATED
DUC-F-02324,p4-4x2,Yellow,#F4EE2A,18,2320,18.0,62.0,43.2,0,CONCEPT_NOT_FIT_VALIDATED
DUC-F-02325,p4-4x2,Yellow,#F4EE2A,18,2321,18.0,70.0,43.2,0,CONCEPT_NOT_FIT_VALIDATED
DUC-F-02326,p4-4x2,Yellow,#F4EE2A,18,2322,18.0,78.0,43.2,0,CONCEPT_NOT_FIT_VALIDATED
DUC-F-02207,p4-1x1,Yellow,#F4EE2A,17,2323,24.0,80.0,40.8,0,CONCEPT_NOT_FIT_VALIDATED
DUC-F-02327,p4-3x1,Yellow,#F4EE2A,18,2324,16.0,84.0,43.2,0,CONCEPT_NOT_FIT_VALIDATED
DUC-F-02328,p4-2x1,Yellow,#F4EE2A,18,2325,30.0,-64.0,43.2,0,CONCEPT_NOT_FIT_VALIDATED
DUC-F-02329,p4-4x2,Yellow,#F4EE2A,18,2326,34.0,-58.0,43.2,0,CONCEPT_NOT_FIT_VALIDATED
DUC-F-02330,p4-4x2,Yellow,#F4EE2A,18,2327,34.0,-50.0,43.2,0,CONCEPT_NOT_FIT_VALIDATED
DUC-F-02331,p4-4x2,Yellow,#F4EE2A,18,2328,34.0,-42.0,43.2,0,CONCEPT_NOT_FIT_VALIDATED
DUC-F-02332,p4-4x2,Yellow,#F4EE2A,18,2329,34.0,-34.0,43.2,0,CONCEPT_NOT_FIT_VALIDATED
DUC-F-02333,p4-4x2,Yellow,#F4EE2A,18,2330,34.0,-26.0,43.2,0,CONCEPT_NOT_FIT_VALIDATED
DUC-F-02334,p4-4x2,Yellow,#F4EE2A,18,2331,34.0,-18.0,43.2,0,CONCEPT_NOT_FIT_VALIDATED
DUC-F-02335,p4-4x2,Yellow,#F4EE2A,18,2332,34.0,-10.0,43.2,0,CONCEPT_NOT_FIT_VALIDATED
DUC-F-02336,p4-4x2,Yellow,#F4EE2A,18,2333,34.0,-2.0,43.2,0,CONCEPT_NOT_FIT_VALIDATED
DUC-F-02337,p4-4x2,Yellow,#F4EE2A,18,2334,34.0,6.0,43.2,0,CONCEPT_NOT_FIT_VALIDATED
DUC-F-02338,p4-4x2,Yellow,#F4EE2A,18,2335,34.0,14.0,43.2,0,CONCEPT_NOT_FIT_VALIDATED
DUC-F-02339,p4-4x2,Yellow,#F4EE2A,18,2336,34.0,22.0,43.2,0,CONCEPT_NOT_FIT_VALIDATED
DUC-F-02340,p4-4x2,Yellow,#F4EE2A,18,2337,34.0,30.0,43.2,0,CONCEPT_NOT_FIT_VALIDATED
DUC-F-02341,p4-4x2,Yellow,#F4EE2A,18,2338,34.0,38.0,43.2,0,CONCEPT_NOT_FIT_VALIDATED
DUC-F-02342,p4-4x2,Yellow,#F4EE2A,18,2339,34.0,46.0,43.2,0,CONCEPT_NOT_FIT_VALIDATED
DUC-F-02343,p4-4x2,Yellow,#F4EE2A,18,2340,34.0,54.0,43.2,0,CONCEPT_NOT_FIT_VALIDATED
DUC-F-02344,p4-4x2,Yellow,#F4EE2A,18,2341,34.0,62.0,43.2,0,CONCEPT_NOT_FIT_VALIDATED
DUC-F-02345,p4-3x2,Yellow,#F4EE2A,18,2342,32.0,70.0,43.2,0,CONCEPT_NOT_FIT_VALIDATED
DUC-F-02346,p4-2x1,Yellow,#F4EE2A,18,2343,30.0,76.0,43.2,0,CONCEPT_NOT_FIT_VALIDATED
DUC-F-02200,p4-1x1,Yellow,#F4EE2A,17,2344,32.0,76.0,40.8,0,CONCEPT_NOT_FIT_VALIDATED
DUC-F-02347,p4-1x1,Yellow,#F4EE2A,18,2345,40.0,68.0,43.2,0,CONCEPT_NOT_FIT_VALIDATED
DUC-F-02348,p4-1x1,Yellow,#F4EE2A,18,2346,44.0,-56.0,43.2,0,CONCEPT_NOT_FIT_VALIDATED
DUC-F-02349,p4-2x2,Yellow,#F4EE2A,18,2347,46.0,-50.0,43.2,0,CONCEPT_NOT_FIT_VALIDATED
DUC-F-02060,p4-1x1,Yellow,#F4EE2A,17,2348,48.0,-52.0,40.8,0,CONCEPT_NOT_FIT_VALIDATED
DUC-F-02350,p4-3x2,Yellow,#F4EE2A,18,2349,48.0,-42.0,43.2,0,CONCEPT_NOT_FIT_VALIDATED
DUC-F-02351,p4-4x2,Yellow,#F4EE2A,18,2350,50.0,-34.0,43.2,0,CONCEPT_NOT_FIT_VALIDATED
DUC-F-02352,p4-4x2,Yellow,#F4EE2A,18,2351,50.0,-26.0,43.2,0,CONCEPT_NOT_FIT_VALIDATED
DUC-F-02353,p4-4x2,Yellow,#F4EE2A,18,2352,50.0,-18.0,43.2,0,CONCEPT_NOT_FIT_VALIDATED
DUC-F-02354,p4-4x2,Yellow,#F4EE2A,18,2353,50.0,-10.0,43.2,0,CONCEPT_NOT_FIT_VALIDATED
DUC-F-02355,p4-4x2,Yellow,#F4EE2A,18,2354,50.0,-2.0,43.2,0,CONCEPT_NOT_FIT_VALIDATED
DUC-F-02356,p4-4x2,Yellow,#F4EE2A,18,2355,50.0,6.0,43.2,0,CONCEPT_NOT_FIT_VALIDATED
DUC-F-02357,p4-4x2,Yellow,#F4EE2A,18,2356,50.0,14.0,43.2,0,CONCEPT_NOT_FIT_VALIDATED
DUC-F-02358,p4-4x2,Yellow,#F4EE2A,18,2357,50.0,22.0,43.2,0,CONCEPT_NOT_FIT_VALIDATED
DUC-F-02359,p4-4x2,Yellow,#F4EE2A,18,2358,50.0,30.0,43.2,0,CONCEPT_NOT_FIT_VALIDATED
DUC-F-02360,p4-4x2,Yellow,#F4EE2A,18,2359,50.0,38.0,43.2,0,CONCEPT_NOT_FIT_VALIDATED
DUC-F-02361,p4-4x2,Yellow,#F4EE2A,18,2360,50.0,46.0,43.2,0,CONCEPT_NOT_FIT_VALIDATED
DUC-F-02362,p4-3x2,Yellow,#F4EE2A,18,2361,48.0,54.0,43.2,0,CONCEPT_NOT_FIT_VALIDATED
DUC-F-02363,p4-2x2,Yellow,#F4EE2A,18,2362,46.0,62.0,43.2,0,CONCEPT_NOT_FIT_VALIDATED
DUC-F-02364,p4-1x1,Yellow,#F4EE2A,18,2363,52.0,-48.0,43.2,0,CONCEPT_NOT_FIT_VALIDATED
DUC-F-02365,p4-1x1,Yellow,#F4EE2A,18,2364,56.0,-40.0,43.2,0,CONCEPT_NOT_FIT_VALIDATED
DUC-F-02366,p4-1x1,Yellow,#F4EE2A,18,2365,56.0,52.0,43.2,0,CONCEPT_NOT_FIT_VALIDATED
DUC-F-02367,p4-1x1,Yellow,#F4EE2A,18,2366,60.0,-32.0,43.2,0,CONCEPT_NOT_FIT_VALIDATED
DUC-F-02368,p4-2x1,Yellow,#F4EE2A,18,2367,60.0,-26.0,43.2,90,CONCEPT_NOT_FIT_VALIDATED
DUC-F-02369,p4-2x2,Yellow,#F4EE2A,18,2368,62.0,-18.0,43.2,0,CONCEPT_NOT_FIT_VALIDATED
DUC-F-02370,p4-3x2,Yellow,#F4EE2A,18,2369,64.0,-10.0,43.2,0,CONCEPT_NOT_FIT_VALIDATED
DUC-F-02371,p4-3x2,Yellow,#F4EE2A,18,2370,64.0,-2.0,43.2,0,CONCEPT_NOT_FIT_VALIDATED
DUC-F-02372,p4-3x2,Yellow,#F4EE2A,18,2371,64.0,6.0,43.2,0,CONCEPT_NOT_FIT_VALIDATED
DUC-F-02373,p4-3x2,Yellow,#F4EE2A,18,2372,64.0,14.0,43.2,0,CONCEPT_NOT_FIT_VALIDATED
DUC-F-02374,p4-2x2,Yellow,#F4EE2A,18,2373,62.0,22.0,43.2,0,CONCEPT_NOT_FIT_VALIDATED
DUC-F-02375,p4-2x2,Yellow,#F4EE2A,18,2374,62.0,30.0,43.2,0,CONCEPT_NOT_FIT_VALIDATED
DUC-F-02376,p4-2x1,Yellow,#F4EE2A,18,2375,62.0,36.0,43.2,0,CONCEPT_NOT_FIT_VALIDATED
DUC-F-02377,p4-1x1,Yellow,#F4EE2A,18,2376,60.0,40.0,43.2,0,CONCEPT_NOT_FIT_VALIDATED
DUC-F-02378,p4-1x1,Yellow,#F4EE2A,18,2377,60.0,44.0,43.2,0,CONCEPT_NOT_FIT_VALIDATED
DUC-F-02379,p4-1x1,Yellow,#F4EE2A,18,2378,64.0,-24.0,43.2,0,CONCEPT_NOT_FIT_VALIDATED
DUC-F-02380,p4-1x1,Yellow,#F4EE2A,18,2379,68.0,20.0,43.2,0,CONCEPT_NOT_FIT_VALIDATED
DUC-F-02382,p4-2x1,Yellow,#F4EE2A,19,2380,-2.0,-72.0,45.6,0,CONCEPT_NOT_FIT_VALIDATED
DUC-F-02383,p4-2x1,Yellow,#F4EE2A,19,2381,6.0,-72.0,45.6,0,CONCEPT_NOT_FIT_VALIDATED
DUC-F-02385,p4-4x1,Yellow,#F4EE2A,19,2382,-24.0,-62.0,45.6,90,CONCEPT_NOT_FIT_VALIDATED
DUC-F-02386,p4-4x2,Yellow,#F4EE2A,19,2383,-18.0,-62.0,45.6,90,CONCEPT_NOT_FIT_VALIDATED
DUC-F-02387,p4-4x2,Yellow,#F4EE2A,19,2384,-10.0,-62.0,45.6,90,CONCEPT_NOT_FIT_VALIDATED
DUC-F-02388,p4-4x2,Yellow,#F4EE2A,19,2385,-2.0,-62.0,45.6,90,CONCEPT_NOT_FIT_VALIDATED
DUC-F-02389,p4-4x2,Yellow,#F4EE2A,19,2386,6.0,-62.0,45.6,90,CONCEPT_NOT_FIT_VALIDATED
DUC-F-02390,p4-4x2,Yellow,#F4EE2A,19,2387,14.0,-62.0,45.6,90,CONCEPT_NOT_FIT_VALIDATED
DUC-F-02391,p4-4x2,Yellow,#F4EE2A,19,2388,22.0,-62.0,45.6,90,CONCEPT_NOT_FIT_VALIDATED
DUC-F-02392,p4-3x1,Yellow,#F4EE2A,19,2389,-32.0,-60.0,45.6,90,CONCEPT_NOT_FIT_VALIDATED
DUC-F-02393,p4-3x1,Yellow,#F4EE2A,19,2390,-28.0,-60.0,45.6,90,CONCEPT_NOT_FIT_VALIDATED
DUC-F-02394,p4-3x2,Yellow,#F4EE2A,19,2391,30.0,-60.0,45.6,90,CONCEPT_NOT_FIT_VALIDATED
DUC-F-02395,p4-2x1,Yellow,#F4EE2A,19,2392,-40.0,-58.0,45.6,90,CONCEPT_NOT_FIT_VALIDATED
DUC-F-02396,p4-2x1,Yellow,#F4EE2A,19,2393,-36.0,-58.0,45.6,90,CONCEPT_NOT_FIT_VALIDATED
DUC-F-02397,p4-2x2,Yellow,#F4EE2A,19,2394,38.0,-58.0,45.6,0,CONCEPT_NOT_FIT_VALIDATED
DUC-F-02398,p4-1x1,Yellow,#F4EE2A,19,2395,-44.0,-56.0,45.6,0,CONCEPT_NOT_FIT_VALIDATED
DUC-F-02399,p4-1x1,Yellow,#F4EE2A,19,2396,44.0,-56.0,45.6,0,CONCEPT_NOT_FIT_VALIDATED
DUC-F-02400,p4-4x1,Yellow,#F4EE2A,19,2397,-48.0,-46.0,45.6,90,CONCEPT_NOT_FIT_VALIDATED
DUC-F-02401,p4-4x2,Yellow,#F4EE2A,19,2398,-42.0,-46.0,45.6,90,CONCEPT_NOT_FIT_VALIDATED
DUC-F-02402,p4-4x2,Yellow,#F4EE2A,19,2399,-34.0,-46.0,45.6,90,CONCEPT_NOT_FIT_VALIDATED
DUC-F-02403,p4-4x2,Yellow,#F4EE2A,19,2400,-26.0,-46.0,45.6,90,CONCEPT_NOT_FIT_VALIDATED
DUC-F-02404,p4-4x2,Yellow,#F4EE2A,19,2401,-18.0,-46.0,45.6,90,CONCEPT_NOT_FIT_VALIDATED
DUC-F-02405,p4-4x2,Yellow,#F4EE2A,19,2402,-10.0,-46.0,45.6,90,CONCEPT_NOT_FIT_VALIDATED
DUC-F-02406,p4-4x2,Yellow,#F4EE2A,19,2403,-2.0,-46.0,45.6,90,CONCEPT_NOT_FIT_VALIDATED
DUC-F-02407,p4-4x2,Yellow,#F4EE2A,19,2404,6.0,-46.0,45.6,90,CONCEPT_NOT_FIT_VALIDATED
DUC-F-02408,p4-4x2,Yellow,#F4EE2A,19,2405,14.0,-46.0,45.6,90,CONCEPT_NOT_FIT_VALIDATED
DUC-F-02409,p4-4x2,Yellow,#F4EE2A,19,2406,22.0,-46.0,45.6,90,CONCEPT_NOT_FIT_VALIDATED
DUC-F-02410,p4-4x2,Yellow,#F4EE2A,19,2407,30.0,-46.0,45.6,90,CONCEPT_NOT_FIT_VALIDATED
DUC-F-02411,p4-4x2,Yellow,#F4EE2A,19,2408,38.0,-46.0,45.6,90,CONCEPT_NOT_FIT_VALIDATED
DUC-F-02412,p4-4x2,Yellow,#F4EE2A,19,2409,46.0,-46.0,45.6,90,CONCEPT_NOT_FIT_VALIDATED
DUC-F-02413,p4-3x1,Yellow,#F4EE2A,19,2410,-52.0,-44.0,45.6,90,CONCEPT_NOT_FIT_VALIDATED
DUC-F-02414,p4-3x1,Yellow,#F4EE2A,19,2411,52.0,-44.0,45.6,90,CONCEPT_NOT_FIT_VALIDATED
DUC-F-02415,p4-1x1,Yellow,#F4EE2A,19,2412,-56.0,-40.0,45.6,0,CONCEPT_NOT_FIT_VALIDATED
DUC-F-02416,p4-1x1,Yellow,#F4EE2A,19,2413,56.0,-40.0,45.6,0,CONCEPT_NOT_FIT_VALIDATED
DUC-F-02417,p4-4x2,Yellow,#F4EE2A,19,2414,-58.0,-30.0,45.6,90,CONCEPT_NOT_FIT_VALIDATED
DUC-F-02418,p4-4x2,Yellow,#F4EE2A,19,2415,-50.0,-30.0,45.6,90,CONCEPT_NOT_FIT_VALIDATED
DUC-F-02419,p4-4x2,Yellow,#F4EE2A,19,2416,-42.0,-30.0,45.6,90,CONCEPT_NOT_FIT_VALIDATED
DUC-F-02420,p4-4x2,Yellow,#F4EE2A,19,2417,-34.0,-30.0,45.6,90,CONCEPT_NOT_FIT_VALIDATED
DUC-F-02421,p4-4x2,Yellow,#F4EE2A,19,2418,-26.0,-30.0,45.6,90,CONCEPT_NOT_FIT_VALIDATED
DUC-F-02422,p4-4x2,Yellow,#F4EE2A,19,2419,-18.0,-30.0,45.6,90,CONCEPT_NOT_FIT_VALIDATED
DUC-F-02423,p4-4x2,Yellow,#F4EE2A,19,2420,-10.0,-30.0,45.6,90,CONCEPT_NOT_FIT_VALIDATED
DUC-F-02424,p4-4x2,Yellow,#F4EE2A,19,2421,-2.0,-30.0,45.6,90,CONCEPT_NOT_FIT_VALIDATED
DUC-F-02425,p4-4x2,Yellow,#F4EE2A,19,2422,6.0,-30.0,45.6,90,CONCEPT_NOT_FIT_VALIDATED
DUC-F-02426,p4-4x2,Yellow,#F4EE2A,19,2423,14.0,-30.0,45.6,90,CONCEPT_NOT_FIT_VALIDATED
DUC-F-02427,p4-4x2,Yellow,#F4EE2A,19,2424,22.0,-30.0,45.6,90,CONCEPT_NOT_FIT_VALIDATED
DUC-F-02428,p4-4x2,Yellow,#F4EE2A,19,2425,30.0,-30.0,45.6,90,CONCEPT_NOT_FIT_VALIDATED
DUC-F-02429,p4-4x2,Yellow,#F4EE2A,19,2426,38.0,-30.0,45.6,90,CONCEPT_NOT_FIT_VALIDATED
DUC-F-02430,p4-4x2,Yellow,#F4EE2A,19,2427,46.0,-30.0,45.6,90,CONCEPT_NOT_FIT_VALIDATED
DUC-F-02431,p4-4x2,Yellow,#F4EE2A,19,2428,54.0,-30.0,45.6,90,CONCEPT_NOT_FIT_VALIDATED
DUC-F-02432,p4-4x1,Yellow,#F4EE2A,19,2429,60.0,-30.0,45.6,90,CONCEPT_NOT_FIT_VALIDATED
DUC-F-02433,p4-2x1,Yellow,#F4EE2A,19,2430,-64.0,-26.0,45.6,90,CONCEPT_NOT_FIT_VALIDATED
DUC-F-02434,p4-1x1,Yellow,#F4EE2A,19,2431,64.0,-24.0,45.6,0,CONCEPT_NOT_FIT_VALIDATED
DUC-F-02435,p4-4x1,Yellow,#F4EE2A,19,2432,-64.0,-14.0,45.6,90,CONCEPT_NOT_FIT_VALIDATED
DUC-F-02436,p4-4x2,Yellow,#F4EE2A,19,2433,-58.0,-14.0,45.6,90,CONCEPT_NOT_FIT_VALIDATED
DUC-F-02437,p4-4x2,Yellow,#F4EE2A,19,2434,-50.0,-14.0,45.6,90,CONCEPT_NOT_FIT_VALIDATED
DUC-F-02438,p4-4x2,Yellow,#F4EE2A,19,2435,-42.0,-14.0,45.6,90,CONCEPT_NOT_FIT_VALIDATED
DUC-F-02439,p4-4x2,Yellow,#F4EE2A,19,2436,-34.0,-14.0,45.6,90,CONCEPT_NOT_FIT_VALIDATED
DUC-F-02440,p4-4x2,Yellow,#F4EE2A,19,2437,-26.0,-14.0,45.6,90,CONCEPT_NOT_FIT_VALIDATED
DUC-F-02441,p4-4x2,Yellow,#F4EE2A,19,2438,-18.0,-14.0,45.6,90,CONCEPT_NOT_FIT_VALIDATED
DUC-F-02442,p4-4x2,Yellow,#F4EE2A,19,2439,-10.0,-14.0,45.6,90,CONCEPT_NOT_FIT_VALIDATED
DUC-F-02443,p4-4x2,Yellow,#F4EE2A,19,2440,-2.0,-14.0,45.6,90,CONCEPT_NOT_FIT_VALIDATED
DUC-F-02444,p4-4x2,Yellow,#F4EE2A,19,2441,6.0,-14.0,45.6,90,CONCEPT_NOT_FIT_VALIDATED
DUC-F-02445,p4-4x2,Yellow,#F4EE2A,19,2442,14.0,-14.0,45.6,90,CONCEPT_NOT_FIT_VALIDATED
DUC-F-02446,p4-4x2,Yellow,#F4EE2A,19,2443,22.0,-14.0,45.6,90,CONCEPT_NOT_FIT_VALIDATED
DUC-F-02447,p4-4x2,Yellow,#F4EE2A,19,2444,30.0,-14.0,45.6,90,CONCEPT_NOT_FIT_VALIDATED
DUC-F-02448,p4-4x2,Yellow,#F4EE2A,19,2445,38.0,-14.0,45.6,90,CONCEPT_NOT_FIT_VALIDATED
DUC-F-02449,p4-4x2,Yellow,#F4EE2A,19,2446,46.0,-14.0,45.6,90,CONCEPT_NOT_FIT_VALIDATED
DUC-F-02450,p4-4x2,Yellow,#F4EE2A,19,2447,54.0,-14.0,45.6,90,CONCEPT_NOT_FIT_VALIDATED
DUC-F-02451,p4-4x2,Yellow,#F4EE2A,19,2448,62.0,-14.0,45.6,90,CONCEPT_NOT_FIT_VALIDATED
DUC-F-02452,p4-2x1,Yellow,#F4EE2A,19,2449,-68.0,-10.0,45.6,90,CONCEPT_NOT_FIT_VALIDATED
DUC-F-02453,p4-2x1,Yellow,#F4EE2A,19,2450,68.0,-10.0,45.6,90,CONCEPT_NOT_FIT_VALIDATED
DUC-F-02454,p4-4x2,Yellow,#F4EE2A,19,2451,-66.0,2.0,45.6,90,CONCEPT_NOT_FIT_VALIDATED
DUC-F-02455,p4-4x2,Yellow,#F4EE2A,19,2452,-58.0,2.0,45.6,90,CONCEPT_NOT_FIT_VALIDATED
DUC-F-02456,p4-4x2,Yellow,#F4EE2A,19,2453,-50.0,2.0,45.6,90,CONCEPT_NOT_FIT_VALIDATED
DUC-F-02457,p4-4x2,Yellow,#F4EE2A,19,2454,-42.0,2.0,45.6,90,CONCEPT_NOT_FIT_VALIDATED
DUC-F-02458,p4-4x2,Yellow,#F4EE2A,19,2455,-34.0,2.0,45.6,90,CONCEPT_NOT_FIT_VALIDATED
DUC-F-02459,p4-4x2,Yellow,#F4EE2A,19,2456,-26.0,2.0,45.6,90,CONCEPT_NOT_FIT_VALIDATED
DUC-F-02460,p4-4x2,Yellow,#F4EE2A,19,2457,-18.0,2.0,45.6,90,CONCEPT_NOT_FIT_VALIDATED
DUC-F-02461,p4-4x2,Yellow,#F4EE2A,19,2458,-10.0,2.0,45.6,90,CONCEPT_NOT_FIT_VALIDATED
DUC-F-02462,p4-4x2,Yellow,#F4EE2A,19,2459,-2.0,2.0,45.6,90,CONCEPT_NOT_FIT_VALIDATED
DUC-F-02463,p4-4x2,Yellow,#F4EE2A,19,2460,6.0,2.0,45.6,90,CONCEPT_NOT_FIT_VALIDATED
DUC-F-02464,p4-4x2,Yellow,#F4EE2A,19,2461,14.0,2.0,45.6,90,CONCEPT_NOT_FIT_VALIDATED
DUC-F-02465,p4-4x2,Yellow,#F4EE2A,19,2462,22.0,2.0,45.6,90,CONCEPT_NOT_FIT_VALIDATED
DUC-F-02466,p4-4x2,Yellow,#F4EE2A,19,2463,30.0,2.0,45.6,90,CONCEPT_NOT_FIT_VALIDATED
DUC-F-02467,p4-4x2,Yellow,#F4EE2A,19,2464,38.0,2.0,45.6,90,CONCEPT_NOT_FIT_VALIDATED
DUC-F-02468,p4-4x2,Yellow,#F4EE2A,19,2465,46.0,2.0,45.6,90,CONCEPT_NOT_FIT_VALIDATED
DUC-F-02469,p4-4x2,Yellow,#F4EE2A,19,2466,54.0,2.0,45.6,90,CONCEPT_NOT_FIT_VALIDATED
DUC-F-02470,p4-4x2,Yellow,#F4EE2A,19,2467,62.0,2.0,45.6,90,CONCEPT_NOT_FIT_VALIDATED
DUC-F-02471,p4-4x1,Yellow,#F4EE2A,19,2468,68.0,2.0,45.6,90,CONCEPT_NOT_FIT_VALIDATED
DUC-F-02472,p4-3x2,Yellow,#F4EE2A,19,2469,-66.0,16.0,45.6,90,CONCEPT_NOT_FIT_VALIDATED
DUC-F-02473,p4-4x2,Yellow,#F4EE2A,19,2470,-58.0,18.0,45.6,90,CONCEPT_NOT_FIT_VALIDATED
DUC-F-02474,p4-4x2,Yellow,#F4EE2A,19,2471,-50.0,18.0,45.6,90,CONCEPT_NOT_FIT_VALIDATED
DUC-F-02475,p4-4x2,Yellow,#F4EE2A,19,2472,-42.0,18.0,45.6,90,CONCEPT_NOT_FIT_VALIDATED
DUC-F-02476,p4-4x2,Yellow,#F4EE2A,19,2473,-34.0,18.0,45.6,90,CONCEPT_NOT_FIT_VALIDATED
DUC-F-02477,p4-4x2,Yellow,#F4EE2A,19,2474,-26.0,18.0,45.6,90,CONCEPT_NOT_FIT_VALIDATED
DUC-F-02478,p4-4x2,Yellow,#F4EE2A,19,2475,-18.0,18.0,45.6,90,CONCEPT_NOT_FIT_VALIDATED
DUC-F-02479,p4-4x2,Yellow,#F4EE2A,19,2476,-10.0,18.0,45.6,90,CONCEPT_NOT_FIT_VALIDATED
DUC-F-02480,p4-4x2,Yellow,#F4EE2A,19,2477,-2.0,18.0,45.6,90,CONCEPT_NOT_FIT_VALIDATED
DUC-F-02481,p4-4x2,Yellow,#F4EE2A,19,2478,6.0,18.0,45.6,90,CONCEPT_NOT_FIT_VALIDATED
DUC-F-02482,p4-4x2,Yellow,#F4EE2A,19,2479,14.0,18.0,45.6,90,CONCEPT_NOT_FIT_VALIDATED
DUC-F-02483,p4-4x2,Yellow,#F4EE2A,19,2480,22.0,18.0,45.6,90,CONCEPT_NOT_FIT_VALIDATED
DUC-F-02484,p4-4x2,Yellow,#F4EE2A,19,2481,30.0,18.0,45.6,90,CONCEPT_NOT_FIT_VALIDATED
DUC-F-02485,p4-4x2,Yellow,#F4EE2A,19,2482,38.0,18.0,45.6,90,CONCEPT_NOT_FIT_VALIDATED
DUC-F-02486,p4-4x2,Yellow,#F4EE2A,19,2483,46.0,18.0,45.6,90,CONCEPT_NOT_FIT_VALIDATED
DUC-F-02487,p4-4x2,Yellow,#F4EE2A,19,2484,54.0,18.0,45.6,90,CONCEPT_NOT_FIT_VALIDATED
DUC-F-02488,p4-4x2,Yellow,#F4EE2A,19,2485,62.0,18.0,45.6,90,CONCEPT_NOT_FIT_VALIDATED
DUC-F-02489,p4-3x1,Yellow,#F4EE2A,19,2486,68.0,16.0,45.6,90,CONCEPT_NOT_FIT_VALIDATED
DUC-F-02490,p4-1x1,Yellow,#F4EE2A,19,2487,-64.0,24.0,45.6,0,CONCEPT_NOT_FIT_VALIDATED
DUC-F-02491,p4-3x1,Yellow,#F4EE2A,19,2488,-64.0,32.0,45.6,90,CONCEPT_NOT_FIT_VALIDATED
DUC-F-02492,p4-4x2,Yellow,#F4EE2A,19,2489,-58.0,34.0,45.6,90,CONCEPT_NOT_FIT_VALIDATED
DUC-F-02493,p4-4x2,Yellow,#F4EE2A,19,2490,-50.0,34.0,45.6,90,CONCEPT_NOT_FIT_VALIDATED
DUC-F-02494,p4-4x2,Yellow,#F4EE2A,19,2491,-42.0,34.0,45.6,90,CONCEPT_NOT_FIT_VALIDATED
DUC-F-02495,p4-4x2,Yellow,#F4EE2A,19,2492,-34.0,34.0,45.6,90,CONCEPT_NOT_FIT_VALIDATED
DUC-F-02496,p4-4x2,Yellow,#F4EE2A,19,2493,-26.0,34.0,45.6,90,CONCEPT_NOT_FIT_VALIDATED
DUC-F-02497,p4-4x2,Yellow,#F4EE2A,19,2494,-18.0,34.0,45.6,90,CONCEPT_NOT_FIT_VALIDATED
DUC-F-02498,p4-4x2,Yellow,#F4EE2A,19,2495,-10.0,34.0,45.6,90,CONCEPT_NOT_FIT_VALIDATED
DUC-F-02499,p4-4x2,Yellow,#F4EE2A,19,2496,-2.0,34.0,45.6,90,CONCEPT_NOT_FIT_VALIDATED
DUC-F-02500,p4-4x2,Yellow,#F4EE2A,19,2497,6.0,34.0,45.6,90,CONCEPT_NOT_FIT_VALIDATED
DUC-F-02501,p4-4x2,Yellow,#F4EE2A,19,2498,14.0,34.0,45.6,90,CONCEPT_NOT_FIT_VALIDATED
DUC-F-02502,p4-4x2,Yellow,#F4EE2A,19,2499,22.0,34.0,45.6,90,CONCEPT_NOT_FIT_VALIDATED
DUC-F-02503,p4-4x2,Yellow,#F4EE2A,19,2500,30.0,34.0,45.6,90,CONCEPT_NOT_FIT_VALIDATED
DUC-F-02504,p4-4x2,Yellow,#F4EE2A,19,2501,38.0,34.0,45.6,90,CONCEPT_NOT_FIT_VALIDATED
DUC-F-02505,p4-4x2,Yellow,#F4EE2A,19,2502,46.0,34.0,45.6,90,CONCEPT_NOT_FIT_VALIDATED
DUC-F-02506,p4-4x2,Yellow,#F4EE2A,19,2503,54.0,34.0,45.6,90,CONCEPT_NOT_FIT_VALIDATED
DUC-F-02507,p4-3x2,Yellow,#F4EE2A,19,2504,62.0,32.0,45.6,90,CONCEPT_NOT_FIT_VALIDATED
DUC-F-02508,p4-1x1,Yellow,#F4EE2A,19,2505,60.0,40.0,45.6,0,CONCEPT_NOT_FIT_VALIDATED
DUC-F-02509,p4-2x2,Yellow,#F4EE2A,19,2506,-58.0,46.0,45.6,0,CONCEPT_NOT_FIT_VALIDATED
DUC-F-02510,p4-4x2,Yellow,#F4EE2A,19,2507,-50.0,50.0,45.6,90,CONCEPT_NOT_FIT_VALIDATED
DUC-F-02511,p4-4x2,Yellow,#F4EE2A,19,2508,-42.0,50.0,45.6,90,CONCEPT_NOT_FIT_VALIDATED
DUC-F-02512,p4-4x2,Yellow,#F4EE2A,19,2509,-34.0,50.0,45.6,90,CONCEPT_NOT_FIT_VALIDATED
DUC-F-02513,p4-4x2,Yellow,#F4EE2A,19,2510,-26.0,50.0,45.6,90,CONCEPT_NOT_FIT_VALIDATED
DUC-F-02514,p4-4x2,Yellow,#F4EE2A,19,2511,-18.0,50.0,45.6,90,CONCEPT_NOT_FIT_VALIDATED
DUC-F-02515,p4-4x2,Yellow,#F4EE2A,19,2512,-10.0,50.0,45.6,90,CONCEPT_NOT_FIT_VALIDATED
DUC-F-02516,p4-4x2,Yellow,#F4EE2A,19,2513,-2.0,50.0,45.6,90,CONCEPT_NOT_FIT_VALIDATED
DUC-F-02517,p4-4x2,Yellow,#F4EE2A,19,2514,6.0,50.0,45.6,90,CONCEPT_NOT_FIT_VALIDATED
DUC-F-02518,p4-4x2,Yellow,#F4EE2A,19,2515,14.0,50.0,45.6,90,CONCEPT_NOT_FIT_VALIDATED
DUC-F-02519,p4-4x2,Yellow,#F4EE2A,19,2516,22.0,50.0,45.6,90,CONCEPT_NOT_FIT_VALIDATED
DUC-F-02520,p4-4x2,Yellow,#F4EE2A,19,2517,30.0,50.0,45.6,90,CONCEPT_NOT_FIT_VALIDATED
DUC-F-02521,p4-4x2,Yellow,#F4EE2A,19,2518,38.0,50.0,45.6,90,CONCEPT_NOT_FIT_VALIDATED
DUC-F-02522,p4-4x2,Yellow,#F4EE2A,19,2519,46.0,50.0,45.6,90,CONCEPT_NOT_FIT_VALIDATED
DUC-F-02523,p4-3x2,Yellow,#F4EE2A,19,2520,54.0,48.0,45.6,90,CONCEPT_NOT_FIT_VALIDATED
DUC-F-02524,p4-2x1,Yellow,#F4EE2A,19,2521,60.0,46.0,45.6,90,CONCEPT_NOT_FIT_VALIDATED
DUC-F-02525,p4-1x1,Yellow,#F4EE2A,19,2522,-56.0,52.0,45.6,0,CONCEPT_NOT_FIT_VALIDATED
DUC-F-02526,p4-1x1,Yellow,#F4EE2A,19,2523,52.0,56.0,45.6,0,CONCEPT_NOT_FIT_VALIDATED
DUC-F-02527,p4-2x1,Yellow,#F4EE2A,19,2524,-50.0,60.0,45.6,0,CONCEPT_NOT_FIT_VALIDATED
DUC-F-02528,p4-3x2,Yellow,#F4EE2A,19,2525,-42.0,64.0,45.6,90,CONCEPT_NOT_FIT_VALIDATED
DUC-F-02529,p4-4x2,Yellow,#F4EE2A,19,2526,-34.0,66.0,45.6,90,CONCEPT_NOT_FIT_VALIDATED
DUC-F-02530,p4-4x2,Yellow,#F4EE2A,19,2527,-26.0,66.0,45.6,90,CONCEPT_NOT_FIT_VALIDATED
DUC-F-02531,p4-4x2,Yellow,#F4EE2A,19,2528,-18.0,66.0,45.6,90,CONCEPT_NOT_FIT_VALIDATED
DUC-F-02532,p4-4x2,Yellow,#F4EE2A,19,2529,-10.0,66.0,45.6,90,CONCEPT_NOT_FIT_VALIDATED
DUC-F-02533,p4-4x2,Yellow,#F4EE2A,19,2530,-2.0,66.0,45.6,90,CONCEPT_NOT_FIT_VALIDATED
DUC-F-02534,p4-4x2,Yellow,#F4EE2A,19,2531,6.0,66.0,45.6,90,CONCEPT_NOT_FIT_VALIDATED
DUC-F-02535,p4-4x2,Yellow,#F4EE2A,19,2532,14.0,66.0,45.6,90,CONCEPT_NOT_FIT_VALIDATED
DUC-F-02536,p4-4x2,Yellow,#F4EE2A,19,2533,22.0,66.0,45.6,90,CONCEPT_NOT_FIT_VALIDATED
DUC-F-02537,p4-4x2,Yellow,#F4EE2A,19,2534,30.0,66.0,45.6,90,CONCEPT_NOT_FIT_VALIDATED
DUC-F-02538,p4-4x2,Yellow,#F4EE2A,19,2535,38.0,66.0,45.6,90,CONCEPT_NOT_FIT_VALIDATED
DUC-F-02539,p4-2x2,Yellow,#F4EE2A,19,2536,46.0,62.0,45.6,0,CONCEPT_NOT_FIT_VALIDATED
DUC-F-02541,p4-1x1,Yellow,#F4EE2A,19,2537,-48.0,64.0,45.6,0,CONCEPT_NOT_FIT_VALIDATED
DUC-F-02544,p4-1x1,Yellow,#F4EE2A,19,2538,-32.0,76.0,45.6,0,CONCEPT_NOT_FIT_VALIDATED
DUC-F-02545,p4-2x2,Yellow,#F4EE2A,19,2539,-26.0,78.0,45.6,0,CONCEPT_NOT_FIT_VALIDATED
DUC-F-02546,p4-3x2,Yellow,#F4EE2A,19,2540,-18.0,80.0,45.6,90,CONCEPT_NOT_FIT_VALIDATED
DUC-F-02547,p4-3x2,Yellow,#F4EE2A,19,2541,-10.0,80.0,45.6,90,CONCEPT_NOT_FIT_VALIDATED
DUC-F-02548,p4-4x2,Yellow,#F4EE2A,19,2542,-2.0,82.0,45.6,90,CONCEPT_NOT_FIT_VALIDATED
DUC-F-02549,p4-4x2,Yellow,#F4EE2A,19,2543,6.0,82.0,45.6,90,CONCEPT_NOT_FIT_VALIDATED
DUC-F-02550,p4-3x2,Yellow,#F4EE2A,19,2544,14.0,80.0,45.6,90,CONCEPT_NOT_FIT_VALIDATED
DUC-F-02551,p4-2x2,Yellow,#F4EE2A,19,2545,22.0,78.0,45.6,0,CONCEPT_NOT_FIT_VALIDATED
DUC-F-02552,p4-2x1,Yellow,#F4EE2A,19,2546,28.0,78.0,45.6,90,CONCEPT_NOT_FIT_VALIDATED
DUC-F-02553,p4-1x1,Yellow,#F4EE2A,19,2547,32.0,76.0,45.6,0,CONCEPT_NOT_FIT_VALIDATED
DUC-F-02554,p4-1x1,Yellow,#F4EE2A,19,2548,20.0,84.0,45.6,0,CONCEPT_NOT_FIT_VALIDATED
DUC-F-02556,p4-2x1,Yellow,#F4EE2A,20,2549,64.0,-26.0,48.0,90,CONCEPT_NOT_FIT_VALIDATED
DUC-F-02557,p4-3x1,Yellow,#F4EE2A,20,2550,-64.0,-12.0,48.0,0,CONCEPT_NOT_FIT_VALIDATED
DUC-F-02558,p4-3x2,Yellow,#F4EE2A,20,2551,-64.0,-6.0,48.0,0,CONCEPT_NOT_FIT_VALIDATED
DUC-F-02559,p4-3x2,Yellow,#F4EE2A,20,2552,-64.0,2.0,48.0,0,CONCEPT_NOT_FIT_VALIDATED
DUC-F-02560,p4-3x2,Yellow,#F4EE2A,20,2553,-64.0,10.0,48.0,0,CONCEPT_NOT_FIT_VALIDATED
DUC-F-02561,p4-3x2,Yellow,#F4EE2A,20,2554,-64.0,18.0,48.0,0,CONCEPT_NOT_FIT_VALIDATED
DUC-F-02562,p4-3x2,Yellow,#F4EE2A,20,2555,-64.0,26.0,48.0,0,CONCEPT_NOT_FIT_VALIDATED
DUC-F-02563,p4-3x2,Yellow,#F4EE2A,20,2556,-64.0,34.0,48.0,0,CONCEPT_NOT_FIT_VALIDATED
DUC-F-02564,p4-3x1,Yellow,#F4EE2A,20,2557,-64.0,40.0,48.0,0,CONCEPT_NOT_FIT_VALIDATED
DUC-F-02565,p4-2x1,Yellow,#F4EE2A,20,2558,-62.0,-28.0,48.0,0,CONCEPT_NOT_FIT_VALIDATED
DUC-F-02566,p4-2x2,Yellow,#F4EE2A,20,2559,-62.0,-22.0,48.0,0,CONCEPT_NOT_FIT_VALIDATED
DUC-F-02567,p4-2x1,Yellow,#F4EE2A,20,2560,-62.0,-16.0,48.0,0,CONCEPT_NOT_FIT_VALIDATED
DUC-F-02568,p4-2x1,Yellow,#F4EE2A,20,2561,-62.0,44.0,48.0,0,CONCEPT_NOT_FIT_VALIDATED
DUC-F-02569,p4-2x1,Yellow,#F4EE2A,20,2562,-62.0,48.0,48.0,0,CONCEPT_NOT_FIT_VALIDATED
DUC-F-02570,p4-1x1,Yellow,#F4EE2A,20,2563,-60.0,-36.0,48.0,0,CONCEPT_NOT_FIT_VALIDATED
DUC-F-02571,p4-1x1,Yellow,#F4EE2A,20,2564,-60.0,-32.0,48.0,0,CONCEPT_NOT_FIT_VALIDATED
DUC-F-02572,p4-4x2,Yellow,#F4EE2A,20,2565,-50.0,-38.0,48.0,0,CONCEPT_NOT_FIT_VALIDATED
DUC-F-02573,p4-4x2,Yellow,#F4EE2A,20,2566,-50.0,-30.0,48.0,0,CONCEPT_NOT_FIT_VALIDATED
DUC-F-02574,p4-4x2,Yellow,#F4EE2A,20,2567,-50.0,-22.0,48.0,0,CONCEPT_NOT_FIT_VALIDATED
DUC-F-02575,p4-4x2,Yellow,#F4EE2A,20,2568,-50.0,-14.0,48.0,0,CONCEPT_NOT_FIT_VALIDATED
DUC-F-02576,p4-4x2,Yellow,#F4EE2A,20,2569,-50.0,-6.0,48.0,0,CONCEPT_NOT_FIT_VALIDATED
DUC-F-02577,p4-4x2,Yellow,#F4EE2A,20,2570,-50.0,2.0,48.0,0,CONCEPT_NOT_FIT_VALIDATED
DUC-F-02578,p4-4x2,Yellow,#F4EE2A,20,2571,-50.0,10.0,48.0,0,CONCEPT_NOT_FIT_VALIDATED
DUC-F-02579,p4-4x2,Yellow,#F4EE2A,20,2572,-50.0,18.0,48.0,0,CONCEPT_NOT_FIT_VALIDATED
DUC-F-02580,p4-4x2,Yellow,#F4EE2A,20,2573,-50.0,26.0,48.0,0,CONCEPT_NOT_FIT_VALIDATED
DUC-F-02581,p4-4x2,Yellow,#F4EE2A,20,2574,-50.0,34.0,48.0,0,CONCEPT_NOT_FIT_VALIDATED
DUC-F-02582,p4-4x2,Yellow,#F4EE2A,20,2575,-50.0,42.0,48.0,0,CONCEPT_NOT_FIT_VALIDATED
DUC-F-02583,p4-4x2,Yellow,#F4EE2A,20,2576,-50.0,50.0,48.0,0,CONCEPT_NOT_FIT_VALIDATED
DUC-F-02584,p4-4x1,Yellow,#F4EE2A,20,2577,-50.0,56.0,48.0,0,CONCEPT_NOT_FIT_VALIDATED
DUC-F-02585,p4-3x2,Yellow,#F4EE2A,20,2578,-48.0,-46.0,48.0,0,CONCEPT_NOT_FIT_VALIDATED
DUC-F-02586,p4-3x1,Yellow,#F4EE2A,20,2579,-48.0,60.0,48.0,0,CONCEPT_NOT_FIT_VALIDATED
DUC-F-02587,p4-2x1,Yellow,#F4EE2A,20,2580,-46.0,-52.0,48.0,0,CONCEPT_NOT_FIT_VALIDATED
DUC-F-02588,p4-2x1,Yellow,#F4EE2A,20,2581,-46.0,64.0,48.0,0,CONCEPT_NOT_FIT_VALIDATED
DUC-F-02589,p4-1x1,Yellow,#F4EE2A,20,2582,-44.0,-56.0,48.0,0,CONCEPT_NOT_FIT_VALIDATED
DUC-F-02590,p4-1x1,Yellow,#F4EE2A,20,2583,-44.0,68.0,48.0,0,CONCEPT_NOT_FIT_VALIDATED
DUC-F-02591,p4-4x1,Yellow,#F4EE2A,20,2584,-34.0,-60.0,48.0,0,CONCEPT_NOT_FIT_VALIDATED
DUC-F-02592,p4-4x2,Yellow,#F4EE2A,20,2585,-34.0,-54.0,48.0,0,CONCEPT_NOT_FIT_VALIDATED
DUC-F-02593,p4-4x2,Yellow,#F4EE2A,20,2586,-34.0,-46.0,48.0,0,CONCEPT_NOT_FIT_VALIDATED
DUC-F-02594,p4-4x2,Yellow,#F4EE2A,20,2587,-34.0,-38.0,48.0,0,CONCEPT_NOT_FIT_VALIDATED
DUC-F-02595,p4-4x2,Yellow,#F4EE2A,20,2588,-34.0,-30.0,48.0,0,CONCEPT_NOT_FIT_VALIDATED
DUC-F-02596,p4-4x2,Yellow,#F4EE2A,20,2589,-34.0,-22.0,48.0,0,CONCEPT_NOT_FIT_VALIDATED
DUC-F-02597,p4-4x2,Yellow,#F4EE2A,20,2590,-34.0,-14.0,48.0,0,CONCEPT_NOT_FIT_VALIDATED
DUC-F-02598,p4-4x2,Yellow,#F4EE2A,20,2591,-34.0,-6.0,48.0,0,CONCEPT_NOT_FIT_VALIDATED
DUC-F-02599,p4-4x2,Yellow,#F4EE2A,20,2592,-34.0,2.0,48.0,0,CONCEPT_NOT_FIT_VALIDATED
DUC-F-02600,p4-4x2,Yellow,#F4EE2A,20,2593,-34.0,10.0,48.0,0,CONCEPT_NOT_FIT_VALIDATED
DUC-F-02601,p4-4x2,Yellow,#F4EE2A,20,2594,-34.0,18.0,48.0,0,CONCEPT_NOT_FIT_VALIDATED
DUC-F-02602,p4-4x2,Yellow,#F4EE2A,20,2595,-34.0,26.0,48.0,0,CONCEPT_NOT_FIT_VALIDATED
DUC-F-02603,p4-4x2,Yellow,#F4EE2A,20,2596,-34.0,34.0,48.0,0,CONCEPT_NOT_FIT_VALIDATED
DUC-F-02604,p4-4x2,Yellow,#F4EE2A,20,2597,-34.0,42.0,48.0,0,CONCEPT_NOT_FIT_VALIDATED
DUC-F-02605,p4-4x2,Yellow,#F4EE2A,20,2598,-34.0,50.0,48.0,0,CONCEPT_NOT_FIT_VALIDATED
DUC-F-02606,p4-4x2,Yellow,#F4EE2A,20,2599,-34.0,58.0,48.0,0,CONCEPT_NOT_FIT_VALIDATED
DUC-F-02607,p4-4x2,Yellow,#F4EE2A,20,2600,-34.0,66.0,48.0,0,CONCEPT_NOT_FIT_VALIDATED
DUC-F-02608,p4-4x1,Yellow,#F4EE2A,20,2601,-34.0,72.0,48.0,0,CONCEPT_NOT_FIT_VALIDATED
DUC-F-02543,p4-1x1,Yellow,#F4EE2A,19,2602,-40.0,72.0,45.6,0,CONCEPT_NOT_FIT_VALIDATED
DUC-F-02609,p4-3x1,Yellow,#F4EE2A,20,2603,-32.0,76.0,48.0,0,CONCEPT_NOT_FIT_VALIDATED
DUC-F-02610,p4-2x1,Yellow,#F4EE2A,20,2604,-30.0,-64.0,48.0,0,CONCEPT_NOT_FIT_VALIDATED
DUC-F-02611,p4-1x1,Yellow,#F4EE2A,20,2605,-28.0,80.0,48.0,0,CONCEPT_NOT_FIT_VALIDATED
DUC-F-02612,p4-4x1,Yellow,#F4EE2A,20,2606,-18.0,-68.0,48.0,0,CONCEPT_NOT_FIT_VALIDATED
DUC-F-02613,p4-4x2,Yellow,#F4EE2A,20,2607,-18.0,-62.0,48.0,0,CONCEPT_NOT_FIT_VALIDATED
DUC-F-02614,p4-4x2,Yellow,#F4EE2A,20,2608,-18.0,-54.0,48.0,0,CONCEPT_NOT_FIT_VALIDATED
DUC-F-02615,p4-4x2,Yellow,#F4EE2A,20,2609,-18.0,-46.0,48.0,0,CONCEPT_NOT_FIT_VALIDATED
DUC-F-02616,p4-4x2,Yellow,#F4EE2A,20,2610,-18.0,-38.0,48.0,0,CONCEPT_NOT_FIT_VALIDATED
DUC-F-02617,p4-4x2,Yellow,#F4EE2A,20,2611,-18.0,-30.0,48.0,0,CONCEPT_NOT_FIT_VALIDATED
DUC-F-02618,p4-4x2,Yellow,#F4EE2A,20,2612,-18.0,-22.0,48.0,0,CONCEPT_NOT_FIT_VALIDATED
DUC-F-02619,p4-4x2,Yellow,#F4EE2A,20,2613,-18.0,-14.0,48.0,0,CONCEPT_NOT_FIT_VALIDATED
DUC-F-02620,p4-4x2,Yellow,#F4EE2A,20,2614,-18.0,-6.0,48.0,0,CONCEPT_NOT_FIT_VALIDATED
DUC-F-02621,p4-4x2,Yellow,#F4EE2A,20,2615,-18.0,2.0,48.0,0,CONCEPT_NOT_FIT_VALIDATED
DUC-F-02622,p4-4x2,Yellow,#F4EE2A,20,2616,-18.0,10.0,48.0,0,CONCEPT_NOT_FIT_VALIDATED
DUC-F-02623,p4-4x2,Yellow,#F4EE2A,20,2617,-18.0,18.0,48.0,0,CONCEPT_NOT_FIT_VALIDATED
DUC-F-02624,p4-4x2,Yellow,#F4EE2A,20,2618,-18.0,26.0,48.0,0,CONCEPT_NOT_FIT_VALIDATED
DUC-F-02625,p4-4x2,Yellow,#F4EE2A,20,2619,-18.0,34.0,48.0,0,CONCEPT_NOT_FIT_VALIDATED
DUC-F-02626,p4-4x2,Yellow,#F4EE2A,20,2620,-18.0,42.0,48.0,0,CONCEPT_NOT_FIT_VALIDATED
DUC-F-02627,p4-4x2,Yellow,#F4EE2A,20,2621,-18.0,50.0,48.0,0,CONCEPT_NOT_FIT_VALIDATED
DUC-F-02628,p4-4x2,Yellow,#F4EE2A,20,2622,-18.0,58.0,48.0,0,CONCEPT_NOT_FIT_VALIDATED
DUC-F-02629,p4-4x2,Yellow,#F4EE2A,20,2623,-18.0,66.0,48.0,0,CONCEPT_NOT_FIT_VALIDATED
DUC-F-02630,p4-4x2,Yellow,#F4EE2A,20,2624,-18.0,74.0,48.0,0,CONCEPT_NOT_FIT_VALIDATED
DUC-F-02631,p4-4x2,Yellow,#F4EE2A,20,2625,-18.0,82.0,48.0,0,CONCEPT_NOT_FIT_VALIDATED
DUC-F-02634,p4-4x2,Yellow,#F4EE2A,20,2626,-2.0,-70.0,48.0,0,CONCEPT_NOT_FIT_VALIDATED
DUC-F-02381,p4-2x1,Yellow,#F4EE2A,19,2627,-10.0,-72.0,45.6,0,CONCEPT_NOT_FIT_VALIDATED
DUC-F-02286,p4-1x1,Yellow,#F4EE2A,18,2628,-8.0,-72.0,43.2,0,CONCEPT_NOT_FIT_VALIDATED
DUC-F-02633,p4-1x1,Yellow,#F4EE2A,20,2629,-12.0,-72.0,48.0,0,CONCEPT_NOT_FIT_VALIDATED
DUC-F-02635,p4-4x2,Yellow,#F4EE2A,20,2630,-2.0,-62.0,48.0,0,CONCEPT_NOT_FIT_VALIDATED
DUC-F-02636,p4-4x2,Yellow,#F4EE2A,20,2631,-2.0,-54.0,48.0,0,CONCEPT_NOT_FIT_VALIDATED
DUC-F-02637,p4-4x2,Yellow,#F4EE2A,20,2632,-2.0,-46.0,48.0,0,CONCEPT_NOT_FIT_VALIDATED
DUC-F-02638,p4-4x2,Yellow,#F4EE2A,20,2633,-2.0,-38.0,48.0,0,CONCEPT_NOT_FIT_VALIDATED
DUC-F-02639,p4-4x2,Yellow,#F4EE2A,20,2634,-2.0,-30.0,48.0,0,CONCEPT_NOT_FIT_VALIDATED
DUC-F-02640,p4-4x2,Yellow,#F4EE2A,20,2635,-2.0,-22.0,48.0,0,CONCEPT_NOT_FIT_VALIDATED
DUC-F-02641,p4-4x2,Yellow,#F4EE2A,20,2636,-2.0,-14.0,48.0,0,CONCEPT_NOT_FIT_VALIDATED
DUC-F-02642,p4-4x2,Yellow,#F4EE2A,20,2637,-2.0,-6.0,48.0,0,CONCEPT_NOT_FIT_VALIDATED
DUC-F-02643,p4-4x2,Yellow,#F4EE2A,20,2638,-2.0,2.0,48.0,0,CONCEPT_NOT_FIT_VALIDATED
DUC-F-02644,p4-4x2,Yellow,#F4EE2A,20,2639,-2.0,10.0,48.0,0,CONCEPT_NOT_FIT_VALIDATED
DUC-F-02645,p4-4x2,Yellow,#F4EE2A,20,2640,-2.0,18.0,48.0,0,CONCEPT_NOT_FIT_VALIDATED
DUC-F-02646,p4-4x2,Yellow,#F4EE2A,20,2641,-2.0,26.0,48.0,0,CONCEPT_NOT_FIT_VALIDATED
DUC-F-02647,p4-4x2,Yellow,#F4EE2A,20,2642,-2.0,34.0,48.0,0,CONCEPT_NOT_FIT_VALIDATED
DUC-F-02648,p4-4x2,Yellow,#F4EE2A,20,2643,-2.0,42.0,48.0,0,CONCEPT_NOT_FIT_VALIDATED
DUC-F-02649,p4-4x2,Yellow,#F4EE2A,20,2644,-2.0,50.0,48.0,0,CONCEPT_NOT_FIT_VALIDATED
DUC-F-02650,p4-4x2,Yellow,#F4EE2A,20,2645,-2.0,58.0,48.0,0,CONCEPT_NOT_FIT_VALIDATED
DUC-F-02651,p4-4x2,Yellow,#F4EE2A,20,2646,-2.0,66.0,48.0,0,CONCEPT_NOT_FIT_VALIDATED
DUC-F-02652,p4-4x2,Yellow,#F4EE2A,20,2647,-2.0,74.0,48.0,0,CONCEPT_NOT_FIT_VALIDATED
DUC-F-02653,p4-4x2,Yellow,#F4EE2A,20,2648,-2.0,82.0,48.0,0,CONCEPT_NOT_FIT_VALIDATED
DUC-F-02654,p4-4x1,Yellow,#F4EE2A,20,2649,-2.0,88.0,48.0,0,CONCEPT_NOT_FIT_VALIDATED
DUC-F-02555,p4-1x1,Yellow,#F4EE2A,19,2650,-8.0,88.0,45.6,0,CONCEPT_NOT_FIT_VALIDATED
DUC-F-02655,p4-2x2,Yellow,#F4EE2A,20,2651,10.0,-70.0,48.0,0,CONCEPT_NOT_FIT_VALIDATED
DUC-F-02384,p4-1x1,Yellow,#F4EE2A,19,2652,12.0,-72.0,45.6,0,CONCEPT_NOT_FIT_VALIDATED
DUC-F-02656,p4-4x2,Yellow,#F4EE2A,20,2653,14.0,-62.0,48.0,0,CONCEPT_NOT_FIT_VALIDATED
DUC-F-02657,p4-4x2,Yellow,#F4EE2A,20,2654,14.0,-54.0,48.0,0,CONCEPT_NOT_FIT_VALIDATED
DUC-F-02658,p4-4x2,Yellow,#F4EE2A,20,2655,14.0,-46.0,48.0,0,CONCEPT_NOT_FIT_VALIDATED
DUC-F-02659,p4-4x2,Yellow,#F4EE2A,20,2656,14.0,-38.0,48.0,0,CONCEPT_NOT_FIT_VALIDATED
DUC-F-02660,p4-4x2,Yellow,#F4EE2A,20,2657,14.0,-30.0,48.0,0,CONCEPT_NOT_FIT_VALIDATED
DUC-F-02661,p4-4x2,Yellow,#F4EE2A,20,2658,14.0,-22.0,48.0,0,CONCEPT_NOT_FIT_VALIDATED
DUC-F-02662,p4-4x2,Yellow,#F4EE2A,20,2659,14.0,-14.0,48.0,0,CONCEPT_NOT_FIT_VALIDATED
DUC-F-02663,p4-4x2,Yellow,#F4EE2A,20,2660,14.0,-6.0,48.0,0,CONCEPT_NOT_FIT_VALIDATED
DUC-F-02664,p4-4x2,Yellow,#F4EE2A,20,2661,14.0,2.0,48.0,0,CONCEPT_NOT_FIT_VALIDATED
DUC-F-02665,p4-4x2,Yellow,#F4EE2A,20,2662,14.0,10.0,48.0,0,CONCEPT_NOT_FIT_VALIDATED
DUC-F-02666,p4-4x2,Yellow,#F4EE2A,20,2663,14.0,18.0,48.0,0,CONCEPT_NOT_FIT_VALIDATED
DUC-F-02667,p4-4x2,Yellow,#F4EE2A,20,2664,14.0,26.0,48.0,0,CONCEPT_NOT_FIT_VALIDATED
DUC-F-02668,p4-4x2,Yellow,#F4EE2A,20,2665,14.0,34.0,48.0,0,CONCEPT_NOT_FIT_VALIDATED
DUC-F-02669,p4-4x2,Yellow,#F4EE2A,20,2666,14.0,42.0,48.0,0,CONCEPT_NOT_FIT_VALIDATED
DUC-F-02670,p4-4x2,Yellow,#F4EE2A,20,2667,14.0,50.0,48.0,0,CONCEPT_NOT_FIT_VALIDATED
DUC-F-02671,p4-4x2,Yellow,#F4EE2A,20,2668,14.0,58.0,48.0,0,CONCEPT_NOT_FIT_VALIDATED
DUC-F-02672,p4-4x2,Yellow,#F4EE2A,20,2669,14.0,66.0,48.0,0,CONCEPT_NOT_FIT_VALIDATED
DUC-F-02673,p4-4x2,Yellow,#F4EE2A,20,2670,14.0,74.0,48.0,0,CONCEPT_NOT_FIT_VALIDATED
DUC-F-02674,p4-4x2,Yellow,#F4EE2A,20,2671,14.0,82.0,48.0,0,CONCEPT_NOT_FIT_VALIDATED
DUC-F-02675,p4-3x1,Yellow,#F4EE2A,20,2672,12.0,88.0,48.0,0,CONCEPT_NOT_FIT_VALIDATED
DUC-F-02676,p4-2x1,Yellow,#F4EE2A,20,2673,18.0,-68.0,48.0,0,CONCEPT_NOT_FIT_VALIDATED
DUC-F-02677,p4-1x1,Yellow,#F4EE2A,20,2674,24.0,-68.0,48.0,0,CONCEPT_NOT_FIT_VALIDATED
DUC-F-02678,p4-3x2,Yellow,#F4EE2A,20,2675,28.0,-62.0,48.0,0,CONCEPT_NOT_FIT_VALIDATED
DUC-F-02679,p4-4x2,Yellow,#F4EE2A,20,2676,30.0,-54.0,48.0,0,CONCEPT_NOT_FIT_VALIDATED
DUC-F-02680,p4-4x2,Yellow,#F4EE2A,20,2677,30.0,-46.0,48.0,0,CONCEPT_NOT_FIT_VALIDATED
DUC-F-02681,p4-4x2,Yellow,#F4EE2A,20,2678,30.0,-38.0,48.0,0,CONCEPT_NOT_FIT_VALIDATED
DUC-F-02682,p4-4x2,Yellow,#F4EE2A,20,2679,30.0,-30.0,48.0,0,CONCEPT_NOT_FIT_VALIDATED
DUC-F-02683,p4-4x2,Yellow,#F4EE2A,20,2680,30.0,-22.0,48.0,0,CONCEPT_NOT_FIT_VALIDATED
DUC-F-02684,p4-4x2,Yellow,#F4EE2A,20,2681,30.0,-14.0,48.0,0,CONCEPT_NOT_FIT_VALIDATED
DUC-F-02685,p4-4x2,Yellow,#F4EE2A,20,2682,30.0,-6.0,48.0,0,CONCEPT_NOT_FIT_VALIDATED
DUC-F-02686,p4-4x2,Yellow,#F4EE2A,20,2683,30.0,2.0,48.0,0,CONCEPT_NOT_FIT_VALIDATED
DUC-F-02687,p4-4x2,Yellow,#F4EE2A,20,2684,30.0,10.0,48.0,0,CONCEPT_NOT_FIT_VALIDATED
DUC-F-02688,p4-4x2,Yellow,#F4EE2A,20,2685,30.0,18.0,48.0,0,CONCEPT_NOT_FIT_VALIDATED
DUC-F-02689,p4-4x2,Yellow,#F4EE2A,20,2686,30.0,26.0,48.0,0,CONCEPT_NOT_FIT_VALIDATED
DUC-F-02690,p4-4x2,Yellow,#F4EE2A,20,2687,30.0,34.0,48.0,0,CONCEPT_NOT_FIT_VALIDATED
DUC-F-02691,p4-4x2,Yellow,#F4EE2A,20,2688,30.0,42.0,48.0,0,CONCEPT_NOT_FIT_VALIDATED
DUC-F-02692,p4-4x2,Yellow,#F4EE2A,20,2689,30.0,50.0,48.0,0,CONCEPT_NOT_FIT_VALIDATED
DUC-F-02693,p4-4x2,Yellow,#F4EE2A,20,2690,30.0,58.0,48.0,0,CONCEPT_NOT_FIT_VALIDATED
DUC-F-02694,p4-4x2,Yellow,#F4EE2A,20,2691,30.0,66.0,48.0,0,CONCEPT_NOT_FIT_VALIDATED
DUC-F-02695,p4-4x2,Yellow,#F4EE2A,20,2692,30.0,74.0,48.0,0,CONCEPT_NOT_FIT_VALIDATED
DUC-F-02696,p4-2x1,Yellow,#F4EE2A,20,2693,26.0,80.0,48.0,0,CONCEPT_NOT_FIT_VALIDATED
DUC-F-02698,p4-1x1,Yellow,#F4EE2A,20,2694,36.0,-60.0,48.0,0,CONCEPT_NOT_FIT_VALIDATED
DUC-F-02699,p4-1x1,Yellow,#F4EE2A,20,2695,40.0,-60.0,48.0,0,CONCEPT_NOT_FIT_VALIDATED
DUC-F-02700,p4-2x2,Yellow,#F4EE2A,20,2696,42.0,-54.0,48.0,0,CONCEPT_NOT_FIT_VALIDATED
DUC-F-02701,p4-4x2,Yellow,#F4EE2A,20,2697,46.0,-46.0,48.0,0,CONCEPT_NOT_FIT_VALIDATED
DUC-F-02702,p4-4x2,Yellow,#F4EE2A,20,2698,46.0,-38.0,48.0,0,CONCEPT_NOT_FIT_VALIDATED
DUC-F-02703,p4-4x2,Yellow,#F4EE2A,20,2699,46.0,-30.0,48.0,0,CONCEPT_NOT_FIT_VALIDATED
DUC-F-02704,p4-4x2,Yellow,#F4EE2A,20,2700,46.0,-22.0,48.0,0,CONCEPT_NOT_FIT_VALIDATED
DUC-F-02705,p4-4x2,Yellow,#F4EE2A,20,2701,46.0,-14.0,48.0,0,CONCEPT_NOT_FIT_VALIDATED
DUC-F-02706,p4-4x2,Yellow,#F4EE2A,20,2702,46.0,-6.0,48.0,0,CONCEPT_NOT_FIT_VALIDATED
DUC-F-02707,p4-4x2,Yellow,#F4EE2A,20,2703,46.0,2.0,48.0,0,CONCEPT_NOT_FIT_VALIDATED
DUC-F-02708,p4-4x2,Yellow,#F4EE2A,20,2704,46.0,10.0,48.0,0,CONCEPT_NOT_FIT_VALIDATED
DUC-F-02709,p4-4x2,Yellow,#F4EE2A,20,2705,46.0,18.0,48.0,0,CONCEPT_NOT_FIT_VALIDATED
DUC-F-02710,p4-4x2,Yellow,#F4EE2A,20,2706,46.0,26.0,48.0,0,CONCEPT_NOT_FIT_VALIDATED
DUC-F-02711,p4-4x2,Yellow,#F4EE2A,20,2707,46.0,34.0,48.0,0,CONCEPT_NOT_FIT_VALIDATED
DUC-F-02712,p4-4x2,Yellow,#F4EE2A,20,2708,46.0,42.0,48.0,0,CONCEPT_NOT_FIT_VALIDATED
DUC-F-02713,p4-4x2,Yellow,#F4EE2A,20,2709,46.0,50.0,48.0,0,CONCEPT_NOT_FIT_VALIDATED
DUC-F-02714,p4-4x2,Yellow,#F4EE2A,20,2710,46.0,58.0,48.0,0,CONCEPT_NOT_FIT_VALIDATED
DUC-F-02540,p4-1x1,Yellow,#F4EE2A,19,2711,52.0,60.0,45.6,0,CONCEPT_NOT_FIT_VALIDATED
DUC-F-02715,p4-2x2,Yellow,#F4EE2A,20,2712,42.0,66.0,48.0,0,CONCEPT_NOT_FIT_VALIDATED
DUC-F-02542,p4-1x1,Yellow,#F4EE2A,19,2713,44.0,68.0,45.6,0,CONCEPT_NOT_FIT_VALIDATED
DUC-F-02716,p4-1x1,Yellow,#F4EE2A,20,2714,40.0,72.0,48.0,0,CONCEPT_NOT_FIT_VALIDATED
DUC-F-02717,p4-1x1,Yellow,#F4EE2A,20,2715,48.0,-52.0,48.0,0,CONCEPT_NOT_FIT_VALIDATED
DUC-F-02718,p4-1x1,Yellow,#F4EE2A,20,2716,48.0,64.0,48.0,0,CONCEPT_NOT_FIT_VALIDATED
DUC-F-02719,p4-2x1,Yellow,#F4EE2A,20,2717,56.0,-38.0,48.0,90,CONCEPT_NOT_FIT_VALIDATED
DUC-F-02720,p4-2x2,Yellow,#F4EE2A,20,2718,58.0,-30.0,48.0,0,CONCEPT_NOT_FIT_VALIDATED
DUC-F-02721,p4-2x2,Yellow,#F4EE2A,20,2719,58.0,-22.0,48.0,0,CONCEPT_NOT_FIT_VALIDATED
DUC-F-02722,p4-3x2,Yellow,#F4EE2A,20,2720,60.0,-14.0,48.0,0,CONCEPT_NOT_FIT_VALIDATED
DUC-F-02723,p4-4x2,Yellow,#F4EE2A,20,2721,62.0,-6.0,48.0,0,CONCEPT_NOT_FIT_VALIDATED
DUC-F-02724,p4-4x2,Yellow,#F4EE2A,20,2722,62.0,2.0,48.0,0,CONCEPT_NOT_FIT_VALIDATED
DUC-F-02725,p4-4x2,Yellow,#F4EE2A,20,2723,62.0,10.0,48.0,0,CONCEPT_NOT_FIT_VALIDATED
DUC-F-02726,p4-4x2,Yellow,#F4EE2A,20,2724,62.0,18.0,48.0,0,CONCEPT_NOT_FIT_VALIDATED
DUC-F-02727,p4-4x2,Yellow,#F4EE2A,20,2725,62.0,26.0,48.0,0,CONCEPT_NOT_FIT_VALIDATED
DUC-F-02728,p4-4x2,Yellow,#F4EE2A,20,2726,62.0,34.0,48.0,0,CONCEPT_NOT_FIT_VALIDATED
DUC-F-02729,p4-3x2,Yellow,#F4EE2A,20,2727,60.0,42.0,48.0,0,CONCEPT_NOT_FIT_VALIDATED
DUC-F-02730,p4-3x1,Yellow,#F4EE2A,20,2728,60.0,48.0,48.0,0,CONCEPT_NOT_FIT_VALIDATED
DUC-F-02731,p4-1x1,Yellow,#F4EE2A,20,2729,56.0,52.0,48.0,0,CONCEPT_NOT_FIT_VALIDATED
DUC-F-02733,p4-1x1,Yellow,#F4EE2A,20,2730,60.0,-36.0,48.0,0,CONCEPT_NOT_FIT_VALIDATED
DUC-F-02734,p4-1x1,Yellow,#F4EE2A,20,2731,64.0,-20.0,48.0,0,CONCEPT_NOT_FIT_VALIDATED
DUC-F-02735,p4-1x1,Yellow,#F4EE2A,20,2732,68.0,-12.0,48.0,0,CONCEPT_NOT_FIT_VALIDATED
DUC-F-02737,p4-4x1,Yellow,#F4EE2A,21,2733,-12.0,-66.0,50.4,90,CONCEPT_NOT_FIT_VALIDATED
DUC-F-02738,p4-4x2,Yellow,#F4EE2A,21,2734,-6.0,-66.0,50.4,90,CONCEPT_NOT_FIT_VALIDATED
DUC-F-02739,p4-4x2,Yellow,#F4EE2A,21,2735,2.0,-66.0,50.4,90,CONCEPT_NOT_FIT_VALIDATED
DUC-F-02740,p4-4x2,Yellow,#F4EE2A,21,2736,10.0,-66.0,50.4,90,CONCEPT_NOT_FIT_VALIDATED
DUC-F-02741,p4-3x1,Yellow,#F4EE2A,21,2737,-28.0,-64.0,50.4,90,CONCEPT_NOT_FIT_VALIDATED
DUC-F-02742,p4-3x2,Yellow,#F4EE2A,21,2738,-22.0,-64.0,50.4,90,CONCEPT_NOT_FIT_VALIDATED
DUC-F-02743,p4-3x1,Yellow,#F4EE2A,21,2739,-16.0,-64.0,50.4,90,CONCEPT_NOT_FIT_VALIDATED
DUC-F-02744,p4-3x2,Yellow,#F4EE2A,21,2740,18.0,-64.0,50.4,90,CONCEPT_NOT_FIT_VALIDATED
DUC-F-02745,p4-3x2,Yellow,#F4EE2A,21,2741,26.0,-64.0,50.4,90,CONCEPT_NOT_FIT_VALIDATED
DUC-F-02746,p4-2x1,Yellow,#F4EE2A,21,2742,-32.0,-62.0,50.4,90,CONCEPT_NOT_FIT_VALIDATED
DUC-F-02747,p4-2x1,Yellow,#F4EE2A,21,2743,32.0,-62.0,50.4,90,CONCEPT_NOT_FIT_VALIDATED
DUC-F-02748,p4-2x1,Yellow,#F4EE2A,21,2744,-38.0,-60.0,50.4,0,CONCEPT_NOT_FIT_VALIDATED
DUC-F-02749,p4-1x1,Yellow,#F4EE2A,21,2745,36.0,-60.0,50.4,0,CONCEPT_NOT_FIT_VALIDATED
DUC-F-02750,p4-1x1,Yellow,#F4EE2A,21,2746,40.0,-60.0,50.4,0,CONCEPT_NOT_FIT_VALIDATED
DUC-F-02751,p4-4x1,Yellow,#F4EE2A,21,2747,-44.0,-50.0,50.4,90,CONCEPT_NOT_FIT_VALIDATED
DUC-F-02752,p4-4x2,Yellow,#F4EE2A,21,2748,-38.0,-50.0,50.4,90,CONCEPT_NOT_FIT_VALIDATED
DUC-F-02753,p4-4x2,Yellow,#F4EE2A,21,2749,-30.0,-50.0,50.4,90,CONCEPT_NOT_FIT_VALIDATED
DUC-F-02754,p4-4x2,Yellow,#F4EE2A,21,2750,-22.0,-50.0,50.4,90,CONCEPT_NOT_FIT_VALIDATED
DUC-F-02755,p4-4x2,Yellow,#F4EE2A,21,2751,-14.0,-50.0,50.4,90,CONCEPT_NOT_FIT_VALIDATED
DUC-F-02756,p4-4x2,Yellow,#F4EE2A,21,2752,-6.0,-50.0,50.4,90,CONCEPT_NOT_FIT_VALIDATED
DUC-F-02757,p4-4x2,Yellow,#F4EE2A,21,2753,2.0,-50.0,50.4,90,CONCEPT_NOT_FIT_VALIDATED
DUC-F-02758,p4-4x2,Yellow,#F4EE2A,21,2754,10.0,-50.0,50.4,90,CONCEPT_NOT_FIT_VALIDATED
DUC-F-02759,p4-4x2,Yellow,#F4EE2A,21,2755,18.0,-50.0,50.4,90,CONCEPT_NOT_FIT_VALIDATED
DUC-F-02760,p4-4x2,Yellow,#F4EE2A,21,2756,26.0,-50.0,50.4,90,CONCEPT_NOT_FIT_VALIDATED
DUC-F-02761,p4-4x2,Yellow,#F4EE2A,21,2757,34.0,-50.0,50.4,90,CONCEPT_NOT_FIT_VALIDATED
DUC-F-02762,p4-4x2,Yellow,#F4EE2A,21,2758,42.0,-50.0,50.4,90,CONCEPT_NOT_FIT_VALIDATED
DUC-F-02763,p4-3x1,Yellow,#F4EE2A,21,2759,-48.0,-48.0,50.4,90,CONCEPT_NOT_FIT_VALIDATED
DUC-F-02764,p4-3x1,Yellow,#F4EE2A,21,2760,48.0,-48.0,50.4,90,CONCEPT_NOT_FIT_VALIDATED
DUC-F-02765,p4-2x1,Yellow,#F4EE2A,21,2761,-52.0,-46.0,50.4,90,CONCEPT_NOT_FIT_VALIDATED
DUC-F-02766,p4-2x1,Yellow,#F4EE2A,21,2762,52.0,-46.0,50.4,90,CONCEPT_NOT_FIT_VALIDATED
DUC-F-02767,p4-4x2,Yellow,#F4EE2A,21,2763,-54.0,-34.0,50.4,90,CONCEPT_NOT_FIT_VALIDATED
DUC-F-02768,p4-4x2,Yellow,#F4EE2A,21,2764,-46.0,-34.0,50.4,90,CONCEPT_NOT_FIT_VALIDATED
DUC-F-02769,p4-4x2,Yellow,#F4EE2A,21,2765,-38.0,-34.0,50.4,90,CONCEPT_NOT_FIT_VALIDATED
DUC-F-02770,p4-4x2,Yellow,#F4EE2A,21,2766,-30.0,-34.0,50.4,90,CONCEPT_NOT_FIT_VALIDATED
DUC-F-02771,p4-4x2,Yellow,#F4EE2A,21,2767,-22.0,-34.0,50.4,90,CONCEPT_NOT_FIT_VALIDATED
DUC-F-02772,p4-4x2,Yellow,#F4EE2A,21,2768,-14.0,-34.0,50.4,90,CONCEPT_NOT_FIT_VALIDATED
DUC-F-02773,p4-4x2,Yellow,#F4EE2A,21,2769,-6.0,-34.0,50.4,90,CONCEPT_NOT_FIT_VALIDATED
DUC-F-02774,p4-4x2,Yellow,#F4EE2A,21,2770,2.0,-34.0,50.4,90,CONCEPT_NOT_FIT_VALIDATED
DUC-F-02775,p4-4x2,Yellow,#F4EE2A,21,2771,10.0,-34.0,50.4,90,CONCEPT_NOT_FIT_VALIDATED
DUC-F-02776,p4-4x2,Yellow,#F4EE2A,21,2772,18.0,-34.0,50.4,90,CONCEPT_NOT_FIT_VALIDATED
DUC-F-02777,p4-4x2,Yellow,#F4EE2A,21,2773,26.0,-34.0,50.4,90,CONCEPT_NOT_FIT_VALIDATED
DUC-F-02778,p4-4x2,Yellow,#F4EE2A,21,2774,34.0,-34.0,50.4,90,CONCEPT_NOT_FIT_VALIDATED
DUC-F-02779,p4-4x2,Yellow,#F4EE2A,21,2775,42.0,-34.0,50.4,90,CONCEPT_NOT_FIT_VALIDATED
DUC-F-02780,p4-4x2,Yellow,#F4EE2A,21,2776,50.0,-34.0,50.4,90,CONCEPT_NOT_FIT_VALIDATED
DUC-F-02781,p4-4x1,Yellow,#F4EE2A,21,2777,56.0,-34.0,50.4,90,CONCEPT_NOT_FIT_VALIDATED
DUC-F-02782,p4-3x1,Yellow,#F4EE2A,21,2778,-60.0,-32.0,50.4,90,CONCEPT_NOT_FIT_VALIDATED
DUC-F-02783,p4-3x1,Yellow,#F4EE2A,21,2779,60.0,-32.0,50.4,90,CONCEPT_NOT_FIT_VALIDATED
DUC-F-02784,p4-4x2,Yellow,#F4EE2A,21,2780,-62.0,-18.0,50.4,90,CONCEPT_NOT_FIT_VALIDATED
DUC-F-02785,p4-4x2,Yellow,#F4EE2A,21,2781,-54.0,-18.0,50.4,90,CONCEPT_NOT_FIT_VALIDATED
DUC-F-02786,p4-4x2,Yellow,#F4EE2A,21,2782,-46.0,-18.0,50.4,90,CONCEPT_NOT_FIT_VALIDATED
DUC-F-02787,p4-4x2,Yellow,#F4EE2A,21,2783,-38.0,-18.0,50.4,90,CONCEPT_NOT_FIT_VALIDATED
DUC-F-02788,p4-4x2,Yellow,#F4EE2A,21,2784,-30.0,-18.0,50.4,90,CONCEPT_NOT_FIT_VALIDATED
DUC-F-02789,p4-4x2,Yellow,#F4EE2A,21,2785,-22.0,-18.0,50.4,90,CONCEPT_NOT_FIT_VALIDATED
DUC-F-02790,p4-4x2,Yellow,#F4EE2A,21,2786,-14.0,-18.0,50.4,90,CONCEPT_NOT_FIT_VALIDATED
DUC-F-02791,p4-4x2,Yellow,#F4EE2A,21,2787,-6.0,-18.0,50.4,90,CONCEPT_NOT_FIT_VALIDATED
DUC-F-02792,p4-4x2,Yellow,#F4EE2A,21,2788,2.0,-18.0,50.4,90,CONCEPT_NOT_FIT_VALIDATED
DUC-F-02793,p4-4x2,Yellow,#F4EE2A,21,2789,10.0,-18.0,50.4,90,CONCEPT_NOT_FIT_VALIDATED
DUC-F-02794,p4-4x2,Yellow,#F4EE2A,21,2790,18.0,-18.0,50.4,90,CONCEPT_NOT_FIT_VALIDATED
DUC-F-02795,p4-4x2,Yellow,#F4EE2A,21,2791,26.0,-18.0,50.4,90,CONCEPT_NOT_FIT_VALIDATED
DUC-F-02796,p4-4x2,Yellow,#F4EE2A,21,2792,34.0,-18.0,50.4,90,CONCEPT_NOT_FIT_VALIDATED
DUC-F-02797,p4-4x2,Yellow,#F4EE2A,21,2793,42.0,-18.0,50.4,90,CONCEPT_NOT_FIT_VALIDATED
DUC-F-02798,p4-4x2,Yellow,#F4EE2A,21,2794,50.0,-18.0,50.4,90,CONCEPT_NOT_FIT_VALIDATED
DUC-F-02799,p4-4x2,Yellow,#F4EE2A,21,2795,58.0,-18.0,50.4,90,CONCEPT_NOT_FIT_VALIDATED
DUC-F-02800,p4-4x1,Yellow,#F4EE2A,21,2796,64.0,-18.0,50.4,90,CONCEPT_NOT_FIT_VALIDATED
DUC-F-02801,p4-1x1,Yellow,#F4EE2A,21,2797,-68.0,-12.0,50.4,0,CONCEPT_NOT_FIT_VALIDATED
DUC-F-02802,p4-1x1,Yellow,#F4EE2A,21,2798,68.0,-12.0,50.4,0,CONCEPT_NOT_FIT_VALIDATED
DUC-F-02803,p4-4x1,Yellow,#F4EE2A,21,2799,-68.0,-2.0,50.4,90,CONCEPT_NOT_FIT_VALIDATED
DUC-F-02804,p4-4x2,Yellow,#F4EE2A,21,2800,-62.0,-2.0,50.4,90,CONCEPT_NOT_FIT_VALIDATED
DUC-F-02805,p4-4x2,Yellow,#F4EE2A,21,2801,-54.0,-2.0,50.4,90,CONCEPT_NOT_FIT_VALIDATED
DUC-F-02806,p4-4x2,Yellow,#F4EE2A,21,2802,-46.0,-2.0,50.4,90,CONCEPT_NOT_FIT_VALIDATED
DUC-F-02807,p4-4x2,Yellow,#F4EE2A,21,2803,-38.0,-2.0,50.4,90,CONCEPT_NOT_FIT_VALIDATED
DUC-F-02808,p4-4x2,Yellow,#F4EE2A,21,2804,-30.0,-2.0,50.4,90,CONCEPT_NOT_FIT_VALIDATED
DUC-F-02809,p4-4x2,Yellow,#F4EE2A,21,2805,-22.0,-2.0,50.4,90,CONCEPT_NOT_FIT_VALIDATED
DUC-F-02810,p4-4x2,Yellow,#F4EE2A,21,2806,-14.0,-2.0,50.4,90,CONCEPT_NOT_FIT_VALIDATED
DUC-F-02811,p4-4x2,Yellow,#F4EE2A,21,2807,-6.0,-2.0,50.4,90,CONCEPT_NOT_FIT_VALIDATED
DUC-F-02812,p4-4x2,Yellow,#F4EE2A,21,2808,2.0,-2.0,50.4,90,CONCEPT_NOT_FIT_VALIDATED
DUC-F-02813,p4-4x2,Yellow,#F4EE2A,21,2809,10.0,-2.0,50.4,90,CONCEPT_NOT_FIT_VALIDATED
DUC-F-02814,p4-4x2,Yellow,#F4EE2A,21,2810,18.0,-2.0,50.4,90,CONCEPT_NOT_FIT_VALIDATED
DUC-F-02815,p4-4x2,Yellow,#F4EE2A,21,2811,26.0,-2.0,50.4,90,CONCEPT_NOT_FIT_VALIDATED
DUC-F-02816,p4-4x2,Yellow,#F4EE2A,21,2812,34.0,-2.0,50.4,90,CONCEPT_NOT_FIT_VALIDATED
DUC-F-02817,p4-4x2,Yellow,#F4EE2A,21,2813,42.0,-2.0,50.4,90,CONCEPT_NOT_FIT_VALIDATED
DUC-F-02818,p4-4x2,Yellow,#F4EE2A,21,2814,50.0,-2.0,50.4,90,CONCEPT_NOT_FIT_VALIDATED
DUC-F-02819,p4-4x2,Yellow,#F4EE2A,21,2815,58.0,-2.0,50.4,90,CONCEPT_NOT_FIT_VALIDATED
DUC-F-02820,p4-4x2,Yellow,#F4EE2A,21,2816,66.0,-2.0,50.4,90,CONCEPT_NOT_FIT_VALIDATED
DUC-F-02821,p4-4x1,Yellow,#F4EE2A,21,2817,-68.0,14.0,50.4,90,CONCEPT_NOT_FIT_VALIDATED
DUC-F-02822,p4-4x2,Yellow,#F4EE2A,21,2818,-62.0,14.0,50.4,90,CONCEPT_NOT_FIT_VALIDATED
DUC-F-02823,p4-4x2,Yellow,#F4EE2A,21,2819,-54.0,14.0,50.4,90,CONCEPT_NOT_FIT_VALIDATED
DUC-F-02824,p4-4x2,Yellow,#F4EE2A,21,2820,-46.0,14.0,50.4,90,CONCEPT_NOT_FIT_VALIDATED
DUC-F-02825,p4-4x2,Yellow,#F4EE2A,21,2821,-38.0,14.0,50.4,90,CONCEPT_NOT_FIT_VALIDATED
DUC-F-02826,p4-4x2,Yellow,#F4EE2A,21,2822,-30.0,14.0,50.4,90,CONCEPT_NOT_FIT_VALIDATED
DUC-F-02827,p4-4x2,Yellow,#F4EE2A,21,2823,-22.0,14.0,50.4,90,CONCEPT_NOT_FIT_VALIDATED
DUC-F-02828,p4-4x2,Yellow,#F4EE2A,21,2824,-14.0,14.0,50.4,90,CONCEPT_NOT_FIT_VALIDATED
DUC-F-02829,p4-4x2,Yellow,#F4EE2A,21,2825,-6.0,14.0,50.4,90,CONCEPT_NOT_FIT_VALIDATED
DUC-F-02830,p4-4x2,Yellow,#F4EE2A,21,2826,2.0,14.0,50.4,90,CONCEPT_NOT_FIT_VALIDATED
DUC-F-02831,p4-4x2,Yellow,#F4EE2A,21,2827,10.0,14.0,50.4,90,CONCEPT_NOT_FIT_VALIDATED
DUC-F-02832,p4-4x2,Yellow,#F4EE2A,21,2828,18.0,14.0,50.4,90,CONCEPT_NOT_FIT_VALIDATED
DUC-F-02833,p4-4x2,Yellow,#F4EE2A,21,2829,26.0,14.0,50.4,90,CONCEPT_NOT_FIT_VALIDATED
DUC-F-02834,p4-4x2,Yellow,#F4EE2A,21,2830,34.0,14.0,50.4,90,CONCEPT_NOT_FIT_VALIDATED
DUC-F-02835,p4-4x2,Yellow,#F4EE2A,21,2831,42.0,14.0,50.4,90,CONCEPT_NOT_FIT_VALIDATED
DUC-F-02836,p4-4x2,Yellow,#F4EE2A,21,2832,50.0,14.0,50.4,90,CONCEPT_NOT_FIT_VALIDATED
DUC-F-02837,p4-4x2,Yellow,#F4EE2A,21,2833,58.0,14.0,50.4,90,CONCEPT_NOT_FIT_VALIDATED
DUC-F-02838,p4-4x2,Yellow,#F4EE2A,21,2834,66.0,14.0,50.4,90,CONCEPT_NOT_FIT_VALIDATED
DUC-F-02839,p4-4x1,Yellow,#F4EE2A,21,2835,-68.0,30.0,50.4,90,CONCEPT_NOT_FIT_VALIDATED
DUC-F-02840,p4-4x2,Yellow,#F4EE2A,21,2836,-62.0,30.0,50.4,90,CONCEPT_NOT_FIT_VALIDATED
DUC-F-02841,p4-4x2,Yellow,#F4EE2A,21,2837,-54.0,30.0,50.4,90,CONCEPT_NOT_FIT_VALIDATED
DUC-F-02842,p4-4x2,Yellow,#F4EE2A,21,2838,-46.0,30.0,50.4,90,CONCEPT_NOT_FIT_VALIDATED
DUC-F-02843,p4-4x2,Yellow,#F4EE2A,21,2839,-38.0,30.0,50.4,90,CONCEPT_NOT_FIT_VALIDATED
DUC-F-02844,p4-4x2,Yellow,#F4EE2A,21,2840,-30.0,30.0,50.4,90,CONCEPT_NOT_FIT_VALIDATED
DUC-F-02845,p4-4x2,Yellow,#F4EE2A,21,2841,-22.0,30.0,50.4,90,CONCEPT_NOT_FIT_VALIDATED
DUC-F-02846,p4-4x2,Yellow,#F4EE2A,21,2842,-14.0,30.0,50.4,90,CONCEPT_NOT_FIT_VALIDATED
DUC-F-02847,p4-4x2,Yellow,#F4EE2A,21,2843,-6.0,30.0,50.4,90,CONCEPT_NOT_FIT_VALIDATED
DUC-F-02848,p4-4x2,Yellow,#F4EE2A,21,2844,2.0,30.0,50.4,90,CONCEPT_NOT_FIT_VALIDATED
DUC-F-02849,p4-4x2,Yellow,#F4EE2A,21,2845,10.0,30.0,50.4,90,CONCEPT_NOT_FIT_VALIDATED
DUC-F-02850,p4-4x2,Yellow,#F4EE2A,21,2846,18.0,30.0,50.4,90,CONCEPT_NOT_FIT_VALIDATED
DUC-F-02851,p4-4x2,Yellow,#F4EE2A,21,2847,26.0,30.0,50.4,90,CONCEPT_NOT_FIT_VALIDATED
DUC-F-02852,p4-4x2,Yellow,#F4EE2A,21,2848,34.0,30.0,50.4,90,CONCEPT_NOT_FIT_VALIDATED
DUC-F-02853,p4-4x2,Yellow,#F4EE2A,21,2849,42.0,30.0,50.4,90,CONCEPT_NOT_FIT_VALIDATED
DUC-F-02854,p4-4x2,Yellow,#F4EE2A,21,2850,50.0,30.0,50.4,90,CONCEPT_NOT_FIT_VALIDATED
DUC-F-02855,p4-4x2,Yellow,#F4EE2A,21,2851,58.0,30.0,50.4,90,CONCEPT_NOT_FIT_VALIDATED
DUC-F-02856,p4-4x2,Yellow,#F4EE2A,21,2852,66.0,30.0,50.4,90,CONCEPT_NOT_FIT_VALIDATED
DUC-F-02857,p4-2x1,Yellow,#F4EE2A,21,2853,-68.0,42.0,50.4,90,CONCEPT_NOT_FIT_VALIDATED
DUC-F-02858,p4-4x2,Yellow,#F4EE2A,21,2854,-62.0,46.0,50.4,90,CONCEPT_NOT_FIT_VALIDATED
DUC-F-02859,p4-4x2,Yellow,#F4EE2A,21,2855,-54.0,46.0,50.4,90,CONCEPT_NOT_FIT_VALIDATED
DUC-F-02860,p4-4x2,Yellow,#F4EE2A,21,2856,-46.0,46.0,50.4,90,CONCEPT_NOT_FIT_VALIDATED
DUC-F-02861,p4-4x2,Yellow,#F4EE2A,21,2857,-38.0,46.0,50.4,90,CONCEPT_NOT_FIT_VALIDATED
DUC-F-02862,p4-4x2,Yellow,#F4EE2A,21,2858,-30.0,46.0,50.4,90,CONCEPT_NOT_FIT_VALIDATED
DUC-F-02863,p4-4x2,Yellow,#F4EE2A,21,2859,-22.0,46.0,50.4,90,CONCEPT_NOT_FIT_VALIDATED
DUC-F-02864,p4-4x2,Yellow,#F4EE2A,21,2860,-14.0,46.0,50.4,90,CONCEPT_NOT_FIT_VALIDATED
DUC-F-02865,p4-4x2,Yellow,#F4EE2A,21,2861,-6.0,46.0,50.4,90,CONCEPT_NOT_FIT_VALIDATED
DUC-F-02866,p4-4x2,Yellow,#F4EE2A,21,2862,2.0,46.0,50.4,90,CONCEPT_NOT_FIT_VALIDATED
DUC-F-02867,p4-4x2,Yellow,#F4EE2A,21,2863,10.0,46.0,50.4,90,CONCEPT_NOT_FIT_VALIDATED
DUC-F-02868,p4-4x2,Yellow,#F4EE2A,21,2864,18.0,46.0,50.4,90,CONCEPT_NOT_FIT_VALIDATED
DUC-F-02869,p4-4x2,Yellow,#F4EE2A,21,2865,26.0,46.0,50.4,90,CONCEPT_NOT_FIT_VALIDATED
DUC-F-02870,p4-4x2,Yellow,#F4EE2A,21,2866,34.0,46.0,50.4,90,CONCEPT_NOT_FIT_VALIDATED
DUC-F-02871,p4-4x2,Yellow,#F4EE2A,21,2867,42.0,46.0,50.4,90,CONCEPT_NOT_FIT_VALIDATED
DUC-F-02872,p4-4x2,Yellow,#F4EE2A,21,2868,50.0,46.0,50.4,90,CONCEPT_NOT_FIT_VALIDATED
DUC-F-02873,p4-4x2,Yellow,#F4EE2A,21,2869,58.0,46.0,50.4,90,CONCEPT_NOT_FIT_VALIDATED
DUC-F-02874,p4-3x2,Yellow,#F4EE2A,21,2870,66.0,44.0,50.4,90,CONCEPT_NOT_FIT_VALIDATED
DUC-F-02736,p4-1x1,Yellow,#F4EE2A,20,2871,68.0,40.0,48.0,0,CONCEPT_NOT_FIT_VALIDATED
DUC-F-02877,p4-2x1,Yellow,#F4EE2A,21,2872,-54.0,56.0,50.4,0,CONCEPT_NOT_FIT_VALIDATED
DUC-F-02878,p4-3x2,Yellow,#F4EE2A,21,2873,-46.0,60.0,50.4,90,CONCEPT_NOT_FIT_VALIDATED
DUC-F-02879,p4-4x2,Yellow,#F4EE2A,21,2874,-38.0,62.0,50.4,90,CONCEPT_NOT_FIT_VALIDATED
DUC-F-02880,p4-4x2,Yellow,#F4EE2A,21,2875,-30.0,62.0,50.4,90,CONCEPT_NOT_FIT_VALIDATED
DUC-F-02881,p4-4x2,Yellow,#F4EE2A,21,2876,-22.0,62.0,50.4,90,CONCEPT_NOT_FIT_VALIDATED
DUC-F-02882,p4-4x2,Yellow,#F4EE2A,21,2877,-14.0,62.0,50.4,90,CONCEPT_NOT_FIT_VALIDATED
DUC-F-02883,p4-4x2,Yellow,#F4EE2A,21,2878,-6.0,62.0,50.4,90,CONCEPT_NOT_FIT_VALIDATED
DUC-F-02884,p4-4x2,Yellow,#F4EE2A,21,2879,2.0,62.0,50.4,90,CONCEPT_NOT_FIT_VALIDATED
DUC-F-02885,p4-4x2,Yellow,#F4EE2A,21,2880,10.0,62.0,50.4,90,CONCEPT_NOT_FIT_VALIDATED
DUC-F-02886,p4-4x2,Yellow,#F4EE2A,21,2881,18.0,62.0,50.4,90,CONCEPT_NOT_FIT_VALIDATED
DUC-F-02887,p4-4x2,Yellow,#F4EE2A,21,2882,26.0,62.0,50.4,90,CONCEPT_NOT_FIT_VALIDATED
DUC-F-02888,p4-4x2,Yellow,#F4EE2A,21,2883,34.0,62.0,50.4,90,CONCEPT_NOT_FIT_VALIDATED
DUC-F-02889,p4-4x2,Yellow,#F4EE2A,21,2884,42.0,62.0,50.4,90,CONCEPT_NOT_FIT_VALIDATED
DUC-F-02890,p4-2x2,Yellow,#F4EE2A,21,2885,50.0,58.0,50.4,0,CONCEPT_NOT_FIT_VALIDATED
DUC-F-02892,p4-1x1,Yellow,#F4EE2A,21,2886,-52.0,60.0,50.4,0,CONCEPT_NOT_FIT_VALIDATED
DUC-F-02893,p4-1x1,Yellow,#F4EE2A,21,2887,48.0,64.0,50.4,0,CONCEPT_NOT_FIT_VALIDATED
DUC-F-02894,p4-1x1,Yellow,#F4EE2A,21,2888,-44.0,68.0,50.4,0,CONCEPT_NOT_FIT_VALIDATED
DUC-F-02895,p4-2x1,Yellow,#F4EE2A,21,2889,-38.0,72.0,50.4,0,CONCEPT_NOT_FIT_VALIDATED
DUC-F-02896,p4-3x2,Yellow,#F4EE2A,21,2890,-30.0,76.0,50.4,90,CONCEPT_NOT_FIT_VALIDATED
DUC-F-02897,p4-4x2,Yellow,#F4EE2A,21,2891,-22.0,78.0,50.4,90,CONCEPT_NOT_FIT_VALIDATED
DUC-F-02898,p4-4x2,Yellow,#F4EE2A,21,2892,-14.0,78.0,50.4,90,CONCEPT_NOT_FIT_VALIDATED
DUC-F-02899,p4-4x2,Yellow,#F4EE2A,21,2893,-6.0,78.0,50.4,90,CONCEPT_NOT_FIT_VALIDATED
DUC-F-02900,p4-4x2,Yellow,#F4EE2A,21,2894,2.0,78.0,50.4,90,CONCEPT_NOT_FIT_VALIDATED
DUC-F-02901,p4-4x2,Yellow,#F4EE2A,21,2895,10.0,78.0,50.4,90,CONCEPT_NOT_FIT_VALIDATED
DUC-F-02902,p4-4x2,Yellow,#F4EE2A,21,2896,18.0,78.0,50.4,90,CONCEPT_NOT_FIT_VALIDATED
DUC-F-02903,p4-3x2,Yellow,#F4EE2A,21,2897,26.0,76.0,50.4,90,CONCEPT_NOT_FIT_VALIDATED
DUC-F-02904,p4-2x2,Yellow,#F4EE2A,21,2898,34.0,74.0,50.4,0,CONCEPT_NOT_FIT_VALIDATED
DUC-F-02905,p4-1x1,Yellow,#F4EE2A,21,2899,40.0,72.0,50.4,0,CONCEPT_NOT_FIT_VALIDATED
DUC-F-02906,p4-1x1,Yellow,#F4EE2A,21,2900,-36.0,76.0,50.4,0,CONCEPT_NOT_FIT_VALIDATED
DUC-F-02911,p4-2x2,Yellow,#F4EE2A,21,2901,-6.0,90.0,50.4,0,CONCEPT_NOT_FIT_VALIDATED
DUC-F-02912,p4-2x2,Yellow,#F4EE2A,21,2902,2.0,90.0,50.4,0,CONCEPT_NOT_FIT_VALIDATED
DUC-F-02913,p4-2x1,Yellow,#F4EE2A,21,2903,8.0,90.0,50.4,90,CONCEPT_NOT_FIT_VALIDATED
DUC-F-02914,p4-1x1,Yellow,#F4EE2A,21,2904,12.0,88.0,50.4,0,CONCEPT_NOT_FIT_VALIDATED
DUC-F-02915,p4-2x1,Yellow,#F4EE2A,21,2905,18.0,88.0,50.4,0,CONCEPT_NOT_FIT_VALIDATED
DUC-F-02916,p4-3x1,Yellow,#F4EE2A,22,2906,-68.0,24.0,52.8,0,CONCEPT_NOT_FIT_VALIDATED
DUC-F-02917,p4-3x2,Yellow,#F4EE2A,22,2907,-68.0,30.0,52.8,0,CONCEPT_NOT_FIT_VALIDATED
DUC-F-02918,p4-3x1,Yellow,#F4EE2A,22,2908,-68.0,36.0,52.8,0,CONCEPT_NOT_FIT_VALIDATED
DUC-F-02919,p4-2x2,Yellow,#F4EE2A,22,2909,-66.0,-10.0,52.8,0,CONCEPT_NOT_FIT_VALIDATED
DUC-F-02920,p4-2x2,Yellow,#F4EE2A,22,2910,-66.0,-2.0,52.8,0,CONCEPT_NOT_FIT_VALIDATED
DUC-F-02921,p4-2x2,Yellow,#F4EE2A,22,2911,-66.0,6.0,52.8,0,CONCEPT_NOT_FIT_VALIDATED
DUC-F-02922,p4-2x2,Yellow,#F4EE2A,22,2912,-66.0,14.0,52.8,0,CONCEPT_NOT_FIT_VALIDATED
DUC-F-02923,p4-2x1,Yellow,#F4EE2A,22,2913,-66.0,20.0,52.8,0,CONCEPT_NOT_FIT_VALIDATED
DUC-F-02924,p4-2x1,Yellow,#F4EE2A,22,2914,-66.0,40.0,52.8,0,CONCEPT_NOT_FIT_VALIDATED
DUC-F-02925,p4-2x2,Yellow,#F4EE2A,22,2915,-66.0,46.0,52.8,0,CONCEPT_NOT_FIT_VALIDATED
DUC-F-02926,p4-1x1,Yellow,#F4EE2A,22,2916,-64.0,-24.0,52.8,0,CONCEPT_NOT_FIT_VALIDATED
DUC-F-02927,p4-2x1,Yellow,#F4EE2A,22,2917,-64.0,-18.0,52.8,90,CONCEPT_NOT_FIT_VALIDATED
DUC-F-02928,p4-2x1,Yellow,#F4EE2A,22,2918,-64.0,54.0,52.8,90,CONCEPT_NOT_FIT_VALIDATED
DUC-F-02929,p4-4x2,Yellow,#F4EE2A,22,2919,-54.0,-34.0,52.8,0,CONCEPT_NOT_FIT_VALIDATED
DUC-F-02930,p4-4x2,Yellow,#F4EE2A,22,2920,-54.0,-26.0,52.8,0,CONCEPT_NOT_FIT_VALIDATED
DUC-F-02931,p4-4x2,Yellow,#F4EE2A,22,2921,-54.0,-18.0,52.8,0,CONCEPT_NOT_FIT_VALIDATED
DUC-F-02932,p4-4x2,Yellow,#F4EE2A,22,2922,-54.0,-10.0,52.8,0,CONCEPT_NOT_FIT_VALIDATED
DUC-F-02933,p4-4x2,Yellow,#F4EE2A,22,2923,-54.0,-2.0,52.8,0,CONCEPT_NOT_FIT_VALIDATED
DUC-F-02934,p4-4x2,Yellow,#F4EE2A,22,2924,-54.0,6.0,52.8,0,CONCEPT_NOT_FIT_VALIDATED
DUC-F-02935,p4-4x2,Yellow,#F4EE2A,22,2925,-54.0,14.0,52.8,0,CONCEPT_NOT_FIT_VALIDATED
DUC-F-02936,p4-4x2,Yellow,#F4EE2A,22,2926,-54.0,22.0,52.8,0,CONCEPT_NOT_FIT_VALIDATED
DUC-F-02937,p4-4x2,Yellow,#F4EE2A,22,2927,-54.0,30.0,52.8,0,CONCEPT_NOT_FIT_VALIDATED
DUC-F-02938,p4-4x2,Yellow,#F4EE2A,22,2928,-54.0,38.0,52.8,0,CONCEPT_NOT_FIT_VALIDATED
DUC-F-02939,p4-4x2,Yellow,#F4EE2A,22,2929,-54.0,46.0,52.8,0,CONCEPT_NOT_FIT_VALIDATED
DUC-F-02940,p4-4x2,Yellow,#F4EE2A,22,2930,-54.0,54.0,52.8,0,CONCEPT_NOT_FIT_VALIDATED
DUC-F-02876,p4-1x1,Yellow,#F4EE2A,21,2931,-60.0,56.0,50.4,0,CONCEPT_NOT_FIT_VALIDATED
DUC-F-02941,p4-4x1,Yellow,#F4EE2A,22,2932,-54.0,60.0,52.8,0,CONCEPT_NOT_FIT_VALIDATED
DUC-F-02942,p4-3x1,Yellow,#F4EE2A,22,2933,-52.0,-40.0,52.8,0,CONCEPT_NOT_FIT_VALIDATED
DUC-F-02943,p4-2x1,Yellow,#F4EE2A,22,2934,-50.0,-48.0,52.8,0,CONCEPT_NOT_FIT_VALIDATED
DUC-F-02944,p4-2x1,Yellow,#F4EE2A,22,2935,-50.0,-44.0,52.8,0,CONCEPT_NOT_FIT_VALIDATED
DUC-F-02945,p4-2x1,Yellow,#F4EE2A,22,2936,-50.0,64.0,52.8,0,CONCEPT_NOT_FIT_VALIDATED
DUC-F-02946,p4-1x1,Yellow,#F4EE2A,22,2937,-48.0,-52.0,52.8,0,CONCEPT_NOT_FIT_VALIDATED
DUC-F-02948,p4-4x1,Yellow,#F4EE2A,22,2938,-38.0,-56.0,52.8,0,CONCEPT_NOT_FIT_VALIDATED
DUC-F-02949,p4-4x2,Yellow,#F4EE2A,22,2939,-38.0,-50.0,52.8,0,CONCEPT_NOT_FIT_VALIDATED
DUC-F-02950,p4-4x2,Yellow,#F4EE2A,22,2940,-38.0,-42.0,52.8,0,CONCEPT_NOT_FIT_VALIDATED
DUC-F-02951,p4-4x2,Yellow,#F4EE2A,22,2941,-38.0,-34.0,52.8,0,CONCEPT_NOT_FIT_VALIDATED
DUC-F-02952,p4-4x2,Yellow,#F4EE2A,22,2942,-38.0,-26.0,52.8,0,CONCEPT_NOT_FIT_VALIDATED
DUC-F-02953,p4-4x2,Yellow,#F4EE2A,22,2943,-38.0,-18.0,52.8,0,CONCEPT_NOT_FIT_VALIDATED
DUC-F-02954,p4-4x2,Yellow,#F4EE2A,22,2944,-38.0,-10.0,52.8,0,CONCEPT_NOT_FIT_VALIDATED
DUC-F-02955,p4-4x2,Yellow,#F4EE2A,22,2945,-38.0,-2.0,52.8,0,CONCEPT_NOT_FIT_VALIDATED
DUC-F-02956,p4-4x2,Yellow,#F4EE2A,22,2946,-38.0,6.0,52.8,0,CONCEPT_NOT_FIT_VALIDATED
DUC-F-02957,p4-4x2,Yellow,#F4EE2A,22,2947,-38.0,14.0,52.8,0,CONCEPT_NOT_FIT_VALIDATED
DUC-F-02958,p4-4x2,Yellow,#F4EE2A,22,2948,-38.0,22.0,52.8,0,CONCEPT_NOT_FIT_VALIDATED
DUC-F-02959,p4-4x2,Yellow,#F4EE2A,22,2949,-38.0,30.0,52.8,0,CONCEPT_NOT_FIT_VALIDATED
DUC-F-02960,p4-4x2,Yellow,#F4EE2A,22,2950,-38.0,38.0,52.8,0,CONCEPT_NOT_FIT_VALIDATED
DUC-F-02961,p4-4x2,Yellow,#F4EE2A,22,2951,-38.0,46.0,52.8,0,CONCEPT_NOT_FIT_VALIDATED
DUC-F-02962,p4-4x2,Yellow,#F4EE2A,22,2952,-38.0,54.0,52.8,0,CONCEPT_NOT_FIT_VALIDATED
DUC-F-02963,p4-4x2,Yellow,#F4EE2A,22,2953,-38.0,62.0,52.8,0,CONCEPT_NOT_FIT_VALIDATED
DUC-F-02964,p4-4x2,Yellow,#F4EE2A,22,2954,-38.0,70.0,52.8,0,CONCEPT_NOT_FIT_VALIDATED
DUC-F-02965,p4-3x1,Yellow,#F4EE2A,22,2955,-36.0,-60.0,52.8,0,CONCEPT_NOT_FIT_VALIDATED
DUC-F-02966,p4-2x1,Yellow,#F4EE2A,22,2956,-34.0,76.0,52.8,0,CONCEPT_NOT_FIT_VALIDATED
DUC-F-02967,p4-1x1,Yellow,#F4EE2A,22,2957,-32.0,-64.0,52.8,0,CONCEPT_NOT_FIT_VALIDATED
DUC-F-02968,p4-1x1,Yellow,#F4EE2A,22,2958,-32.0,80.0,52.8,0,CONCEPT_NOT_FIT_VALIDATED
DUC-F-02969,p4-4x1,Yellow,#F4EE2A,22,2959,-22.0,-64.0,52.8,0,CONCEPT_NOT_FIT_VALIDATED
DUC-F-02970,p4-4x2,Yellow,#F4EE2A,22,2960,-22.0,-58.0,52.8,0,CONCEPT_NOT_FIT_VALIDATED
DUC-F-02971,p4-4x2,Yellow,#F4EE2A,22,2961,-22.0,-50.0,52.8,0,CONCEPT_NOT_FIT_VALIDATED
DUC-F-02972,p4-4x2,Yellow,#F4EE2A,22,2962,-22.0,-42.0,52.8,0,CONCEPT_NOT_FIT_VALIDATED
DUC-F-02973,p4-4x2,Yellow,#F4EE2A,22,2963,-22.0,-34.0,52.8,0,CONCEPT_NOT_FIT_VALIDATED
DUC-F-02974,p4-4x2,Yellow,#F4EE2A,22,2964,-22.0,-26.0,52.8,0,CONCEPT_NOT_FIT_VALIDATED
DUC-F-02975,p4-4x2,Yellow,#F4EE2A,22,2965,-22.0,-18.0,52.8,0,CONCEPT_NOT_FIT_VALIDATED
DUC-F-02976,p4-4x2,Yellow,#F4EE2A,22,2966,-22.0,-10.0,52.8,0,CONCEPT_NOT_FIT_VALIDATED
DUC-F-02977,p4-4x2,Yellow,#F4EE2A,22,2967,-22.0,-2.0,52.8,0,CONCEPT_NOT_FIT_VALIDATED
DUC-F-02978,p4-4x2,Yellow,#F4EE2A,22,2968,-22.0,6.0,52.8,0,CONCEPT_NOT_FIT_VALIDATED
DUC-F-02979,p4-4x2,Yellow,#F4EE2A,22,2969,-22.0,14.0,52.8,0,CONCEPT_NOT_FIT_VALIDATED
DUC-F-02980,p4-4x2,Yellow,#F4EE2A,22,2970,-22.0,22.0,52.8,0,CONCEPT_NOT_FIT_VALIDATED
DUC-F-02981,p4-4x2,Yellow,#F4EE2A,22,2971,-22.0,30.0,52.8,0,CONCEPT_NOT_FIT_VALIDATED
DUC-F-02982,p4-4x2,Yellow,#F4EE2A,22,2972,-22.0,38.0,52.8,0,CONCEPT_NOT_FIT_VALIDATED
DUC-F-02983,p4-4x2,Yellow,#F4EE2A,22,2973,-22.0,46.0,52.8,0,CONCEPT_NOT_FIT_VALIDATED
DUC-F-02984,p4-4x2,Yellow,#F4EE2A,22,2974,-22.0,54.0,52.8,0,CONCEPT_NOT_FIT_VALIDATED
DUC-F-02985,p4-4x2,Yellow,#F4EE2A,22,2975,-22.0,62.0,52.8,0,CONCEPT_NOT_FIT_VALIDATED
DUC-F-02986,p4-4x2,Yellow,#F4EE2A,22,2976,-22.0,70.0,52.8,0,CONCEPT_NOT_FIT_VALIDATED
DUC-F-02987,p4-4x2,Yellow,#F4EE2A,22,2977,-22.0,78.0,52.8,0,CONCEPT_NOT_FIT_VALIDATED
DUC-F-02988,p4-4x1,Yellow,#F4EE2A,22,2978,-22.0,84.0,52.8,0,CONCEPT_NOT_FIT_VALIDATED
DUC-F-02989,p4-3x1,Yellow,#F4EE2A,22,2979,-20.0,-68.0,52.8,0,CONCEPT_NOT_FIT_VALIDATED
DUC-F-02991,p4-4x1,Yellow,#F4EE2A,22,2980,-6.0,-72.0,52.8,0,CONCEPT_NOT_FIT_VALIDATED
DUC-F-02992,p4-4x2,Yellow,#F4EE2A,22,2981,-6.0,-66.0,52.8,0,CONCEPT_NOT_FIT_VALIDATED
DUC-F-02993,p4-4x2,Yellow,#F4EE2A,22,2982,-6.0,-58.0,52.8,0,CONCEPT_NOT_FIT_VALIDATED
DUC-F-02994,p4-4x2,Yellow,#F4EE2A,22,2983,-6.0,-50.0,52.8,0,CONCEPT_NOT_FIT_VALIDATED
DUC-F-02995,p4-4x2,Yellow,#F4EE2A,22,2984,-6.0,-42.0,52.8,0,CONCEPT_NOT_FIT_VALIDATED
DUC-F-02996,p4-4x2,Yellow,#F4EE2A,22,2985,-6.0,-34.0,52.8,0,CONCEPT_NOT_FIT_VALIDATED
DUC-F-02997,p4-4x2,Yellow,#F4EE2A,22,2986,-6.0,-26.0,52.8,0,CONCEPT_NOT_FIT_VALIDATED
DUC-F-02998,p4-4x2,Yellow,#F4EE2A,22,2987,-6.0,-18.0,52.8,0,CONCEPT_NOT_FIT_VALIDATED
DUC-F-02999,p4-4x2,Yellow,#F4EE2A,22,2988,-6.0,-10.0,52.8,0,CONCEPT_NOT_FIT_VALIDATED
DUC-F-03000,p4-4x2,Yellow,#F4EE2A,22,2989,-6.0,-2.0,52.8,0,CONCEPT_NOT_FIT_VALIDATED
DUC-F-03001,p4-4x2,Yellow,#F4EE2A,22,2990,-6.0,6.0,52.8,0,CONCEPT_NOT_FIT_VALIDATED
DUC-F-03002,p4-4x2,Yellow,#F4EE2A,22,2991,-6.0,14.0,52.8,0,CONCEPT_NOT_FIT_VALIDATED
DUC-F-03003,p4-4x2,Yellow,#F4EE2A,22,2992,-6.0,22.0,52.8,0,CONCEPT_NOT_FIT_VALIDATED
DUC-F-03004,p4-4x2,Yellow,#F4EE2A,22,2993,-6.0,30.0,52.8,0,CONCEPT_NOT_FIT_VALIDATED
DUC-F-03005,p4-4x2,Yellow,#F4EE2A,22,2994,-6.0,38.0,52.8,0,CONCEPT_NOT_FIT_VALIDATED
DUC-F-03006,p4-4x2,Yellow,#F4EE2A,22,2995,-6.0,46.0,52.8,0,CONCEPT_NOT_FIT_VALIDATED
DUC-F-03007,p4-4x2,Yellow,#F4EE2A,22,2996,-6.0,54.0,52.8,0,CONCEPT_NOT_FIT_VALIDATED
DUC-F-03008,p4-4x2,Yellow,#F4EE2A,22,2997,-6.0,62.0,52.8,0,CONCEPT_NOT_FIT_VALIDATED
DUC-F-03009,p4-4x2,Yellow,#F4EE2A,22,2998,-6.0,70.0,52.8,0,CONCEPT_NOT_FIT_VALIDATED
DUC-F-03010,p4-4x2,Yellow,#F4EE2A,22,2999,-6.0,78.0,52.8,0,CONCEPT_NOT_FIT_VALIDATED
DUC-F-03011,p4-4x2,Yellow,#F4EE2A,22,3000,-6.0,86.0,52.8,0,CONCEPT_NOT_FIT_VALIDATED
DUC-F-02910,p4-2x1,Yellow,#F4EE2A,21,3001,-14.0,88.0,50.4,0,CONCEPT_NOT_FIT_VALIDATED
DUC-F-02632,p4-2x1,Yellow,#F4EE2A,20,3002,-14.0,88.0,48.0,0,CONCEPT_NOT_FIT_VALIDATED
DUC-F-02990,p4-2x1,Yellow,#F4EE2A,22,3003,-18.0,88.0,52.8,0,CONCEPT_NOT_FIT_VALIDATED
DUC-F-02909,p4-1x1,Yellow,#F4EE2A,21,3004,-20.0,88.0,50.4,0,CONCEPT_NOT_FIT_VALIDATED
DUC-F-03012,p4-4x1,Yellow,#F4EE2A,22,3005,-6.0,92.0,52.8,0,CONCEPT_NOT_FIT_VALIDATED
DUC-F-03013,p4-3x1,Yellow,#F4EE2A,22,3006,8.0,-72.0,52.8,0,CONCEPT_NOT_FIT_VALIDATED
DUC-F-03014,p4-4x2,Yellow,#F4EE2A,22,3007,10.0,-66.0,52.8,0,CONCEPT_NOT_FIT_VALIDATED
DUC-F-03015,p4-4x2,Yellow,#F4EE2A,22,3008,10.0,-58.0,52.8,0,CONCEPT_NOT_FIT_VALIDATED
DUC-F-03016,p4-4x2,Yellow,#F4EE2A,22,3009,10.0,-50.0,52.8,0,CONCEPT_NOT_FIT_VALIDATED
DUC-F-03017,p4-4x2,Yellow,#F4EE2A,22,3010,10.0,-42.0,52.8,0,CONCEPT_NOT_FIT_VALIDATED
DUC-F-03018,p4-4x2,Yellow,#F4EE2A,22,3011,10.0,-34.0,52.8,0,CONCEPT_NOT_FIT_VALIDATED
DUC-F-03019,p4-4x2,Yellow,#F4EE2A,22,3012,10.0,-26.0,52.8,0,CONCEPT_NOT_FIT_VALIDATED
DUC-F-03020,p4-4x2,Yellow,#F4EE2A,22,3013,10.0,-18.0,52.8,0,CONCEPT_NOT_FIT_VALIDATED
DUC-F-03021,p4-4x2,Yellow,#F4EE2A,22,3014,10.0,-10.0,52.8,0,CONCEPT_NOT_FIT_VALIDATED
DUC-F-03022,p4-4x2,Yellow,#F4EE2A,22,3015,10.0,-2.0,52.8,0,CONCEPT_NOT_FIT_VALIDATED
DUC-F-03023,p4-4x2,Yellow,#F4EE2A,22,3016,10.0,6.0,52.8,0,CONCEPT_NOT_FIT_VALIDATED
DUC-F-03024,p4-4x2,Yellow,#F4EE2A,22,3017,10.0,14.0,52.8,0,CONCEPT_NOT_FIT_VALIDATED
DUC-F-03025,p4-4x2,Yellow,#F4EE2A,22,3018,10.0,22.0,52.8,0,CONCEPT_NOT_FIT_VALIDATED
DUC-F-03026,p4-4x2,Yellow,#F4EE2A,22,3019,10.0,30.0,52.8,0,CONCEPT_NOT_FIT_VALIDATED
DUC-F-03027,p4-4x2,Yellow,#F4EE2A,22,3020,10.0,38.0,52.8,0,CONCEPT_NOT_FIT_VALIDATED
DUC-F-03028,p4-4x2,Yellow,#F4EE2A,22,3021,10.0,46.0,52.8,0,CONCEPT_NOT_FIT_VALIDATED
DUC-F-03029,p4-4x2,Yellow,#F4EE2A,22,3022,10.0,54.0,52.8,0,CONCEPT_NOT_FIT_VALIDATED
DUC-F-03030,p4-4x2,Yellow,#F4EE2A,22,3023,10.0,62.0,52.8,0,CONCEPT_NOT_FIT_VALIDATED
DUC-F-03031,p4-4x2,Yellow,#F4EE2A,22,3024,10.0,70.0,52.8,0,CONCEPT_NOT_FIT_VALIDATED
DUC-F-03032,p4-4x2,Yellow,#F4EE2A,22,3025,10.0,78.0,52.8,0,CONCEPT_NOT_FIT_VALIDATED
DUC-F-03033,p4-4x2,Yellow,#F4EE2A,22,3026,10.0,86.0,52.8,0,CONCEPT_NOT_FIT_VALIDATED
DUC-F-03034,p4-3x1,Yellow,#F4EE2A,22,3027,8.0,92.0,52.8,0,CONCEPT_NOT_FIT_VALIDATED
DUC-F-03035,p4-2x2,Yellow,#F4EE2A,22,3028,22.0,-66.0,52.8,0,CONCEPT_NOT_FIT_VALIDATED
DUC-F-03036,p4-4x2,Yellow,#F4EE2A,22,3029,26.0,-58.0,52.8,0,CONCEPT_NOT_FIT_VALIDATED
DUC-F-03037,p4-4x2,Yellow,#F4EE2A,22,3030,26.0,-50.0,52.8,0,CONCEPT_NOT_FIT_VALIDATED
DUC-F-03038,p4-4x2,Yellow,#F4EE2A,22,3031,26.0,-42.0,52.8,0,CONCEPT_NOT_FIT_VALIDATED
DUC-F-03039,p4-4x2,Yellow,#F4EE2A,22,3032,26.0,-34.0,52.8,0,CONCEPT_NOT_FIT_VALIDATED
DUC-F-03040,p4-4x2,Yellow,#F4EE2A,22,3033,26.0,-26.0,52.8,0,CONCEPT_NOT_FIT_VALIDATED
DUC-F-03041,p4-4x2,Yellow,#F4EE2A,22,3034,26.0,-18.0,52.8,0,CONCEPT_NOT_FIT_VALIDATED
DUC-F-03042,p4-4x2,Yellow,#F4EE2A,22,3035,26.0,-10.0,52.8,0,CONCEPT_NOT_FIT_VALIDATED
DUC-F-03043,p4-4x2,Yellow,#F4EE2A,22,3036,26.0,-2.0,52.8,0,CONCEPT_NOT_FIT_VALIDATED
DUC-F-03044,p4-4x2,Yellow,#F4EE2A,22,3037,26.0,6.0,52.8,0,CONCEPT_NOT_FIT_VALIDATED
DUC-F-03045,p4-4x2,Yellow,#F4EE2A,22,3038,26.0,14.0,52.8,0,CONCEPT_NOT_FIT_VALIDATED
DUC-F-03046,p4-4x2,Yellow,#F4EE2A,22,3039,26.0,22.0,52.8,0,CONCEPT_NOT_FIT_VALIDATED
DUC-F-03047,p4-4x2,Yellow,#F4EE2A,22,3040,26.0,30.0,52.8,0,CONCEPT_NOT_FIT_VALIDATED
DUC-F-03048,p4-4x2,Yellow,#F4EE2A,22,3041,26.0,38.0,52.8,0,CONCEPT_NOT_FIT_VALIDATED
DUC-F-03049,p4-4x2,Yellow,#F4EE2A,22,3042,26.0,46.0,52.8,0,CONCEPT_NOT_FIT_VALIDATED
DUC-F-03050,p4-4x2,Yellow,#F4EE2A,22,3043,26.0,54.0,52.8,0,CONCEPT_NOT_FIT_VALIDATED
DUC-F-03051,p4-4x2,Yellow,#F4EE2A,22,3044,26.0,62.0,52.8,0,CONCEPT_NOT_FIT_VALIDATED
DUC-F-03052,p4-4x2,Yellow,#F4EE2A,22,3045,26.0,70.0,52.8,0,CONCEPT_NOT_FIT_VALIDATED
DUC-F-03053,p4-4x2,Yellow,#F4EE2A,22,3046,26.0,78.0,52.8,0,CONCEPT_NOT_FIT_VALIDATED
DUC-F-02907,p4-1x1,Yellow,#F4EE2A,21,3047,32.0,80.0,50.4,0,CONCEPT_NOT_FIT_VALIDATED
DUC-F-03054,p4-3x1,Yellow,#F4EE2A,22,3048,24.0,84.0,52.8,0,CONCEPT_NOT_FIT_VALIDATED
DUC-F-02908,p4-1x1,Yellow,#F4EE2A,21,3049,24.0,84.0,50.4,0,CONCEPT_NOT_FIT_VALIDATED
DUC-F-02697,p4-1x1,Yellow,#F4EE2A,20,3050,24.0,84.0,48.0,0,CONCEPT_NOT_FIT_VALIDATED
DUC-F-03055,p4-1x1,Yellow,#F4EE2A,22,3051,20.0,88.0,52.8,0,CONCEPT_NOT_FIT_VALIDATED
DUC-F-03056,p4-2x1,Yellow,#F4EE2A,22,3052,30.0,-64.0,52.8,0,CONCEPT_NOT_FIT_VALIDATED
DUC-F-03057,p4-2x2,Yellow,#F4EE2A,22,3053,38.0,-58.0,52.8,0,CONCEPT_NOT_FIT_VALIDATED
DUC-F-03058,p4-4x2,Yellow,#F4EE2A,22,3054,42.0,-50.0,52.8,0,CONCEPT_NOT_FIT_VALIDATED
DUC-F-03059,p4-4x2,Yellow,#F4EE2A,22,3055,42.0,-42.0,52.8,0,CONCEPT_NOT_FIT_VALIDATED
DUC-F-03060,p4-4x2,Yellow,#F4EE2A,22,3056,42.0,-34.0,52.8,0,CONCEPT_NOT_FIT_VALIDATED
DUC-F-03061,p4-4x2,Yellow,#F4EE2A,22,3057,42.0,-26.0,52.8,0,CONCEPT_NOT_FIT_VALIDATED
DUC-F-03062,p4-4x2,Yellow,#F4EE2A,22,3058,42.0,-18.0,52.8,0,CONCEPT_NOT_FIT_VALIDATED
DUC-F-03063,p4-4x2,Yellow,#F4EE2A,22,3059,42.0,-10.0,52.8,0,CONCEPT_NOT_FIT_VALIDATED
DUC-F-03064,p4-4x2,Yellow,#F4EE2A,22,3060,42.0,-2.0,52.8,0,CONCEPT_NOT_FIT_VALIDATED
DUC-F-03065,p4-4x2,Yellow,#F4EE2A,22,3061,42.0,6.0,52.8,0,CONCEPT_NOT_FIT_VALIDATED
DUC-F-03066,p4-4x2,Yellow,#F4EE2A,22,3062,42.0,14.0,52.8,0,CONCEPT_NOT_FIT_VALIDATED
DUC-F-03067,p4-4x2,Yellow,#F4EE2A,22,3063,42.0,22.0,52.8,0,CONCEPT_NOT_FIT_VALIDATED
DUC-F-03068,p4-4x2,Yellow,#F4EE2A,22,3064,42.0,30.0,52.8,0,CONCEPT_NOT_FIT_VALIDATED
DUC-F-03069,p4-4x2,Yellow,#F4EE2A,22,3065,42.0,38.0,52.8,0,CONCEPT_NOT_FIT_VALIDATED
DUC-F-03070,p4-4x2,Yellow,#F4EE2A,22,3066,42.0,46.0,52.8,0,CONCEPT_NOT_FIT_VALIDATED
DUC-F-03071,p4-4x2,Yellow,#F4EE2A,22,3067,42.0,54.0,52.8,0,CONCEPT_NOT_FIT_VALIDATED
DUC-F-03072,p4-4x2,Yellow,#F4EE2A,22,3068,42.0,62.0,52.8,0,CONCEPT_NOT_FIT_VALIDATED
DUC-F-03073,p4-3x2,Yellow,#F4EE2A,22,3069,40.0,70.0,52.8,0,CONCEPT_NOT_FIT_VALIDATED
DUC-F-03074,p4-1x1,Yellow,#F4EE2A,22,3070,36.0,76.0,52.8,0,CONCEPT_NOT_FIT_VALIDATED
DUC-F-03075,p4-1x1,Yellow,#F4EE2A,22,3071,44.0,-56.0,52.8,0,CONCEPT_NOT_FIT_VALIDATED
DUC-F-03077,p4-1x1,Yellow,#F4EE2A,22,3072,52.0,-48.0,52.8,0,CONCEPT_NOT_FIT_VALIDATED
DUC-F-03078,p4-2x1,Yellow,#F4EE2A,22,3073,52.0,-42.0,52.8,90,CONCEPT_NOT_FIT_VALIDATED
DUC-F-03079,p4-3x2,Yellow,#F4EE2A,22,3074,56.0,-34.0,52.8,0,CONCEPT_NOT_FIT_VALIDATED
DUC-F-03080,p4-3x2,Yellow,#F4EE2A,22,3075,56.0,-26.0,52.8,0,CONCEPT_NOT_FIT_VALIDATED
DUC-F-03081,p4-4x2,Yellow,#F4EE2A,22,3076,58.0,-18.0,52.8,0,CONCEPT_NOT_FIT_VALIDATED
DUC-F-03082,p4-4x2,Yellow,#F4EE2A,22,3077,58.0,-10.0,52.8,0,CONCEPT_NOT_FIT_VALIDATED
DUC-F-03083,p4-4x2,Yellow,#F4EE2A,22,3078,58.0,-2.0,52.8,0,CONCEPT_NOT_FIT_VALIDATED
DUC-F-03084,p4-4x2,Yellow,#F4EE2A,22,3079,58.0,6.0,52.8,0,CONCEPT_NOT_FIT_VALIDATED
DUC-F-03085,p4-4x2,Yellow,#F4EE2A,22,3080,58.0,14.0,52.8,0,CONCEPT_NOT_FIT_VALIDATED
DUC-F-03086,p4-4x2,Yellow,#F4EE2A,22,3081,58.0,22.0,52.8,0,CONCEPT_NOT_FIT_VALIDATED
DUC-F-03087,p4-4x2,Yellow,#F4EE2A,22,3082,58.0,30.0,52.8,0,CONCEPT_NOT_FIT_VALIDATED
DUC-F-03088,p4-4x2,Yellow,#F4EE2A,22,3083,58.0,38.0,52.8,0,CONCEPT_NOT_FIT_VALIDATED
DUC-F-03089,p4-4x2,Yellow,#F4EE2A,22,3084,58.0,46.0,52.8,0,CONCEPT_NOT_FIT_VALIDATED
DUC-F-03090,p4-4x2,Yellow,#F4EE2A,22,3085,58.0,54.0,52.8,0,CONCEPT_NOT_FIT_VALIDATED
DUC-F-02875,p4-1x1,Yellow,#F4EE2A,21,3086,64.0,52.0,50.4,0,CONCEPT_NOT_FIT_VALIDATED
DUC-F-02891,p4-2x1,Yellow,#F4EE2A,21,3087,58.0,56.0,50.4,0,CONCEPT_NOT_FIT_VALIDATED
DUC-F-02732,p4-1x1,Yellow,#F4EE2A,20,3088,56.0,56.0,48.0,0,CONCEPT_NOT_FIT_VALIDATED
DUC-F-03091,p4-3x1,Yellow,#F4EE2A,22,3089,56.0,60.0,52.8,0,CONCEPT_NOT_FIT_VALIDATED
DUC-F-03093,p4-1x1,Yellow,#F4EE2A,22,3090,56.0,-40.0,52.8,0,CONCEPT_NOT_FIT_VALIDATED
DUC-F-03094,p4-1x1,Yellow,#F4EE2A,22,3091,64.0,-24.0,52.8,0,CONCEPT_NOT_FIT_VALIDATED
DUC-F-03095,p4-2x1,Yellow,#F4EE2A,22,3092,68.0,-10.0,52.8,90,CONCEPT_NOT_FIT_VALIDATED
DUC-F-03096,p4-2x1,Yellow,#F4EE2A,22,3093,68.0,-2.0,52.8,90,CONCEPT_NOT_FIT_VALIDATED
DUC-F-03097,p4-2x1,Yellow,#F4EE2A,22,3094,68.0,6.0,52.8,90,CONCEPT_NOT_FIT_VALIDATED
DUC-F-03098,p4-2x1,Yellow,#F4EE2A,22,3095,68.0,14.0,52.8,90,CONCEPT_NOT_FIT_VALIDATED
DUC-F-03099,p4-2x1,Yellow,#F4EE2A,22,3096,68.0,22.0,52.8,90,CONCEPT_NOT_FIT_VALIDATED
DUC-F-03100,p4-2x2,Yellow,#F4EE2A,22,3097,70.0,30.0,52.8,0,CONCEPT_NOT_FIT_VALIDATED
DUC-F-03101,p4-2x1,Yellow,#F4EE2A,22,3098,68.0,38.0,52.8,90,CONCEPT_NOT_FIT_VALIDATED
DUC-F-03102,p4-2x1,Yellow,#F4EE2A,22,3099,68.0,46.0,52.8,90,CONCEPT_NOT_FIT_VALIDATED
DUC-F-03106,p4-3x2,Yellow,#F4EE2A,23,3100,-10.0,-68.0,55.2,90,CONCEPT_NOT_FIT_VALIDATED
DUC-F-03107,p4-3x2,Yellow,#F4EE2A,23,3101,-2.0,-68.0,55.2,90,CONCEPT_NOT_FIT_VALIDATED
DUC-F-03108,p4-3x2,Yellow,#F4EE2A,23,3102,6.0,-68.0,55.2,90,CONCEPT_NOT_FIT_VALIDATED
DUC-F-03109,p4-3x1,Yellow,#F4EE2A,23,3103,12.0,-68.0,55.2,90,CONCEPT_NOT_FIT_VALIDATED
DUC-F-03110,p4-2x1,Yellow,#F4EE2A,23,3104,-24.0,-66.0,55.2,90,CONCEPT_NOT_FIT_VALIDATED
DUC-F-03111,p4-2x2,Yellow,#F4EE2A,23,3105,-18.0,-66.0,55.2,0,CONCEPT_NOT_FIT_VALIDATED
DUC-F-03112,p4-2x1,Yellow,#F4EE2A,23,3106,16.0,-66.0,55.2,90,CONCEPT_NOT_FIT_VALIDATED
DUC-F-03113,p4-2x2,Yellow,#F4EE2A,23,3107,22.0,-66.0,55.2,0,CONCEPT_NOT_FIT_VALIDATED
DUC-F-03114,p4-1x1,Yellow,#F4EE2A,23,3108,-32.0,-64.0,55.2,0,CONCEPT_NOT_FIT_VALIDATED
DUC-F-03115,p4-1x1,Yellow,#F4EE2A,23,3109,-28.0,-64.0,55.2,0,CONCEPT_NOT_FIT_VALIDATED
DUC-F-03116,p4-2x1,Yellow,#F4EE2A,23,3110,30.0,-64.0,55.2,0,CONCEPT_NOT_FIT_VALIDATED
DUC-F-03117,p4-4x1,Yellow,#F4EE2A,23,3111,-40.0,-54.0,55.2,90,CONCEPT_NOT_FIT_VALIDATED
DUC-F-03118,p4-4x2,Yellow,#F4EE2A,23,3112,-34.0,-54.0,55.2,90,CONCEPT_NOT_FIT_VALIDATED
DUC-F-03119,p4-4x2,Yellow,#F4EE2A,23,3113,-26.0,-54.0,55.2,90,CONCEPT_NOT_FIT_VALIDATED
DUC-F-03120,p4-4x2,Yellow,#F4EE2A,23,3114,-18.0,-54.0,55.2,90,CONCEPT_NOT_FIT_VALIDATED
DUC-F-03121,p4-4x2,Yellow,#F4EE2A,23,3115,-10.0,-54.0,55.2,90,CONCEPT_NOT_FIT_VALIDATED
DUC-F-03122,p4-4x2,Yellow,#F4EE2A,23,3116,-2.0,-54.0,55.2,90,CONCEPT_NOT_FIT_VALIDATED
DUC-F-03123,p4-4x2,Yellow,#F4EE2A,23,3117,6.0,-54.0,55.2,90,CONCEPT_NOT_FIT_VALIDATED
DUC-F-03124,p4-4x2,Yellow,#F4EE2A,23,3118,14.0,-54.0,55.2,90,CONCEPT_NOT_FIT_VALIDATED
DUC-F-03125,p4-4x2,Yellow,#F4EE2A,23,3119,22.0,-54.0,55.2,90,CONCEPT_NOT_FIT_VALIDATED
DUC-F-03126,p4-4x2,Yellow,#F4EE2A,23,3120,30.0,-54.0,55.2,90,CONCEPT_NOT_FIT_VALIDATED
DUC-F-03127,p4-4x2,Yellow,#F4EE2A,23,3121,38.0,-54.0,55.2,90,CONCEPT_NOT_FIT_VALIDATED
DUC-F-03128,p4-3x1,Yellow,#F4EE2A,23,3122,-44.0,-52.0,55.2,90,CONCEPT_NOT_FIT_VALIDATED
DUC-F-03129,p4-3x1,Yellow,#F4EE2A,23,3123,44.0,-52.0,55.2,90,CONCEPT_NOT_FIT_VALIDATED
DUC-F-03130,p4-2x1,Yellow,#F4EE2A,23,3124,-48.0,-50.0,55.2,90,CONCEPT_NOT_FIT_VALIDATED
DUC-F-03131,p4-2x1,Yellow,#F4EE2A,23,3125,48.0,-50.0,55.2,90,CONCEPT_NOT_FIT_VALIDATED
DUC-F-03132,p4-1x1,Yellow,#F4EE2A,23,3126,-52.0,-48.0,55.2,0,CONCEPT_NOT_FIT_VALIDATED
DUC-F-03133,p4-1x1,Yellow,#F4EE2A,23,3127,52.0,-48.0,55.2,0,CONCEPT_NOT_FIT_VALIDATED
DUC-F-03134,p4-4x2,Yellow,#F4EE2A,23,3128,-50.0,-38.0,55.2,90,CONCEPT_NOT_FIT_VALIDATED
DUC-F-03135,p4-4x2,Yellow,#F4EE2A,23,3129,-42.0,-38.0,55.2,90,CONCEPT_NOT_FIT_VALIDATED
DUC-F-03136,p4-4x2,Yellow,#F4EE2A,23,3130,-34.0,-38.0,55.2,90,CONCEPT_NOT_FIT_VALIDATED
DUC-F-03137,p4-4x2,Yellow,#F4EE2A,23,3131,-26.0,-38.0,55.2,90,CONCEPT_NOT_FIT_VALIDATED
DUC-F-03138,p4-4x2,Yellow,#F4EE2A,23,3132,-18.0,-38.0,55.2,90,CONCEPT_NOT_FIT_VALIDATED
DUC-F-03139,p4-4x2,Yellow,#F4EE2A,23,3133,-10.0,-38.0,55.2,90,CONCEPT_NOT_FIT_VALIDATED
DUC-F-03140,p4-4x2,Yellow,#F4EE2A,23,3134,-2.0,-38.0,55.2,90,CONCEPT_NOT_FIT_VALIDATED
DUC-F-03141,p4-4x2,Yellow,#F4EE2A,23,3135,6.0,-38.0,55.2,90,CONCEPT_NOT_FIT_VALIDATED
DUC-F-03142,p4-4x2,Yellow,#F4EE2A,23,3136,14.0,-38.0,55.2,90,CONCEPT_NOT_FIT_VALIDATED
DUC-F-03143,p4-4x2,Yellow,#F4EE2A,23,3137,22.0,-38.0,55.2,90,CONCEPT_NOT_FIT_VALIDATED
DUC-F-03144,p4-4x2,Yellow,#F4EE2A,23,3138,30.0,-38.0,55.2,90,CONCEPT_NOT_FIT_VALIDATED
DUC-F-03145,p4-4x2,Yellow,#F4EE2A,23,3139,38.0,-38.0,55.2,90,CONCEPT_NOT_FIT_VALIDATED
DUC-F-03146,p4-4x2,Yellow,#F4EE2A,23,3140,46.0,-38.0,55.2,90,CONCEPT_NOT_FIT_VALIDATED
DUC-F-03147,p4-4x1,Yellow,#F4EE2A,23,3141,52.0,-38.0,55.2,90,CONCEPT_NOT_FIT_VALIDATED
DUC-F-03148,p4-3x1,Yellow,#F4EE2A,23,3142,-56.0,-36.0,55.2,90,CONCEPT_NOT_FIT_VALIDATED
DUC-F-03149,p4-3x1,Yellow,#F4EE2A,23,3143,56.0,-36.0,55.2,90,CONCEPT_NOT_FIT_VALIDATED
DUC-F-03150,p4-1x1,Yellow,#F4EE2A,23,3144,-60.0,-32.0,55.2,0,CONCEPT_NOT_FIT_VALIDATED
DUC-F-03151,p4-1x1,Yellow,#F4EE2A,23,3145,60.0,-32.0,55.2,0,CONCEPT_NOT_FIT_VALIDATED
DUC-F-03152,p4-4x2,Yellow,#F4EE2A,23,3146,-58.0,-22.0,55.2,90,CONCEPT_NOT_FIT_VALIDATED
DUC-F-03153,p4-4x2,Yellow,#F4EE2A,23,3147,-50.0,-22.0,55.2,90,CONCEPT_NOT_FIT_VALIDATED
DUC-F-03154,p4-4x2,Yellow,#F4EE2A,23,3148,-42.0,-22.0,55.2,90,CONCEPT_NOT_FIT_VALIDATED
DUC-F-03155,p4-4x2,Yellow,#F4EE2A,23,3149,-34.0,-22.0,55.2,90,CONCEPT_NOT_FIT_VALIDATED
DUC-F-03156,p4-4x2,Yellow,#F4EE2A,23,3150,-26.0,-22.0,55.2,90,CONCEPT_NOT_FIT_VALIDATED
DUC-F-03157,p4-4x2,Yellow,#F4EE2A,23,3151,-18.0,-22.0,55.2,90,CONCEPT_NOT_FIT_VALIDATED
DUC-F-03158,p4-4x2,Yellow,#F4EE2A,23,3152,-10.0,-22.0,55.2,90,CONCEPT_NOT_FIT_VALIDATED
DUC-F-03159,p4-4x2,Yellow,#F4EE2A,23,3153,-2.0,-22.0,55.2,90,CONCEPT_NOT_FIT_VALIDATED
DUC-F-03160,p4-4x2,Yellow,#F4EE2A,23,3154,6.0,-22.0,55.2,90,CONCEPT_NOT_FIT_VALIDATED
DUC-F-03161,p4-4x2,Yellow,#F4EE2A,23,3155,14.0,-22.0,55.2,90,CONCEPT_NOT_FIT_VALIDATED
DUC-F-03162,p4-4x2,Yellow,#F4EE2A,23,3156,22.0,-22.0,55.2,90,CONCEPT_NOT_FIT_VALIDATED
DUC-F-03163,p4-4x2,Yellow,#F4EE2A,23,3157,30.0,-22.0,55.2,90,CONCEPT_NOT_FIT_VALIDATED
DUC-F-03164,p4-4x2,Yellow,#F4EE2A,23,3158,38.0,-22.0,55.2,90,CONCEPT_NOT_FIT_VALIDATED
DUC-F-03165,p4-4x2,Yellow,#F4EE2A,23,3159,46.0,-22.0,55.2,90,CONCEPT_NOT_FIT_VALIDATED
DUC-F-03166,p4-4x2,Yellow,#F4EE2A,23,3160,54.0,-22.0,55.2,90,CONCEPT_NOT_FIT_VALIDATED
DUC-F-03167,p4-4x1,Yellow,#F4EE2A,23,3161,60.0,-22.0,55.2,90,CONCEPT_NOT_FIT_VALIDATED
DUC-F-03168,p4-3x1,Yellow,#F4EE2A,23,3162,-64.0,-20.0,55.2,90,CONCEPT_NOT_FIT_VALIDATED
DUC-F-03169,p4-3x1,Yellow,#F4EE2A,23,3163,64.0,-20.0,55.2,90,CONCEPT_NOT_FIT_VALIDATED
DUC-F-03170,p4-4x1,Yellow,#F4EE2A,23,3164,-64.0,-6.0,55.2,90,CONCEPT_NOT_FIT_VALIDATED
DUC-F-03171,p4-4x2,Yellow,#F4EE2A,23,3165,-58.0,-6.0,55.2,90,CONCEPT_NOT_FIT_VALIDATED
DUC-F-03172,p4-4x2,Yellow,#F4EE2A,23,3166,-50.0,-6.0,55.2,90,CONCEPT_NOT_FIT_VALIDATED
DUC-F-03173,p4-4x2,Yellow,#F4EE2A,23,3167,-42.0,-6.0,55.2,90,CONCEPT_NOT_FIT_VALIDATED
DUC-F-03174,p4-4x2,Yellow,#F4EE2A,23,3168,-34.0,-6.0,55.2,90,CONCEPT_NOT_FIT_VALIDATED
DUC-F-03175,p4-4x2,Yellow,#F4EE2A,23,3169,-26.0,-6.0,55.2,90,CONCEPT_NOT_FIT_VALIDATED
DUC-F-03176,p4-4x2,Yellow,#F4EE2A,23,3170,-18.0,-6.0,55.2,90,CONCEPT_NOT_FIT_VALIDATED
DUC-F-03177,p4-4x2,Yellow,#F4EE2A,23,3171,-10.0,-6.0,55.2,90,CONCEPT_NOT_FIT_VALIDATED
DUC-F-03178,p4-4x2,Yellow,#F4EE2A,23,3172,-2.0,-6.0,55.2,90,CONCEPT_NOT_FIT_VALIDATED
DUC-F-03179,p4-4x2,Yellow,#F4EE2A,23,3173,6.0,-6.0,55.2,90,CONCEPT_NOT_FIT_VALIDATED
DUC-F-03180,p4-4x2,Yellow,#F4EE2A,23,3174,14.0,-6.0,55.2,90,CONCEPT_NOT_FIT_VALIDATED
DUC-F-03181,p4-4x2,Yellow,#F4EE2A,23,3175,22.0,-6.0,55.2,90,CONCEPT_NOT_FIT_VALIDATED
DUC-F-03182,p4-4x2,Yellow,#F4EE2A,23,3176,30.0,-6.0,55.2,90,CONCEPT_NOT_FIT_VALIDATED
DUC-F-03183,p4-4x2,Yellow,#F4EE2A,23,3177,38.0,-6.0,55.2,90,CONCEPT_NOT_FIT_VALIDATED
DUC-F-03184,p4-4x2,Yellow,#F4EE2A,23,3178,46.0,-6.0,55.2,90,CONCEPT_NOT_FIT_VALIDATED
DUC-F-03185,p4-4x2,Yellow,#F4EE2A,23,3179,54.0,-6.0,55.2,90,CONCEPT_NOT_FIT_VALIDATED
DUC-F-03186,p4-4x2,Yellow,#F4EE2A,23,3180,62.0,-6.0,55.2,90,CONCEPT_NOT_FIT_VALIDATED
DUC-F-03187,p4-3x1,Yellow,#F4EE2A,23,3181,-68.0,-4.0,55.2,90,CONCEPT_NOT_FIT_VALIDATED
DUC-F-03188,p4-3x1,Yellow,#F4EE2A,23,3182,68.0,-4.0,55.2,90,CONCEPT_NOT_FIT_VALIDATED
DUC-F-03189,p4-4x2,Yellow,#F4EE2A,23,3183,-66.0,10.0,55.2,90,CONCEPT_NOT_FIT_VALIDATED
DUC-F-03190,p4-4x2,Yellow,#F4EE2A,23,3184,-58.0,10.0,55.2,90,CONCEPT_NOT_FIT_VALIDATED
DUC-F-03191,p4-4x2,Yellow,#F4EE2A,23,3185,-50.0,10.0,55.2,90,CONCEPT_NOT_FIT_VALIDATED
DUC-F-03192,p4-4x2,Yellow,#F4EE2A,23,3186,-42.0,10.0,55.2,90,CONCEPT_NOT_FIT_VALIDATED
DUC-F-03193,p4-4x2,Yellow,#F4EE2A,23,3187,-34.0,10.0,55.2,90,CONCEPT_NOT_FIT_VALIDATED
DUC-F-03194,p4-4x2,Yellow,#F4EE2A,23,3188,-26.0,10.0,55.2,90,CONCEPT_NOT_FIT_VALIDATED
DUC-F-03195,p4-4x2,Yellow,#F4EE2A,23,3189,-18.0,10.0,55.2,90,CONCEPT_NOT_FIT_VALIDATED
DUC-F-03196,p4-4x2,Yellow,#F4EE2A,23,3190,-10.0,10.0,55.2,90,CONCEPT_NOT_FIT_VALIDATED
DUC-F-03197,p4-4x2,Yellow,#F4EE2A,23,3191,-2.0,10.0,55.2,90,CONCEPT_NOT_FIT_VALIDATED
DUC-F-03198,p4-4x2,Yellow,#F4EE2A,23,3192,6.0,10.0,55.2,90,CONCEPT_NOT_FIT_VALIDATED
DUC-F-03199,p4-4x2,Yellow,#F4EE2A,23,3193,14.0,10.0,55.2,90,CONCEPT_NOT_FIT_VALIDATED
DUC-F-03200,p4-4x2,Yellow,#F4EE2A,23,3194,22.0,10.0,55.2,90,CONCEPT_NOT_FIT_VALIDATED
DUC-F-03201,p4-4x2,Yellow,#F4EE2A,23,3195,30.0,10.0,55.2,90,CONCEPT_NOT_FIT_VALIDATED
DUC-F-03202,p4-4x2,Yellow,#F4EE2A,23,3196,38.0,10.0,55.2,90,CONCEPT_NOT_FIT_VALIDATED
DUC-F-03203,p4-4x2,Yellow,#F4EE2A,23,3197,46.0,10.0,55.2,90,CONCEPT_NOT_FIT_VALIDATED
DUC-F-03204,p4-4x2,Yellow,#F4EE2A,23,3198,54.0,10.0,55.2,90,CONCEPT_NOT_FIT_VALIDATED
DUC-F-03205,p4-4x2,Yellow,#F4EE2A,23,3199,62.0,10.0,55.2,90,CONCEPT_NOT_FIT_VALIDATED
DUC-F-03206,p4-4x1,Yellow,#F4EE2A,23,3200,68.0,10.0,55.2,90,CONCEPT_NOT_FIT_VALIDATED
DUC-F-03207,p4-4x2,Yellow,#F4EE2A,23,3201,-66.0,26.0,55.2,90,CONCEPT_NOT_FIT_VALIDATED
DUC-F-03208,p4-4x2,Yellow,#F4EE2A,23,3202,-58.0,26.0,55.2,90,CONCEPT_NOT_FIT_VALIDATED
DUC-F-03209,p4-4x2,Yellow,#F4EE2A,23,3203,-50.0,26.0,55.2,90,CONCEPT_NOT_FIT_VALIDATED
DUC-F-03210,p4-4x2,Yellow,#F4EE2A,23,3204,-42.0,26.0,55.2,90,CONCEPT_NOT_FIT_VALIDATED
DUC-F-03211,p4-4x2,Yellow,#F4EE2A,23,3205,-34.0,26.0,55.2,90,CONCEPT_NOT_FIT_VALIDATED
DUC-F-03212,p4-4x2,Yellow,#F4EE2A,23,3206,-26.0,26.0,55.2,90,CONCEPT_NOT_FIT_VALIDATED
DUC-F-03213,p4-4x2,Yellow,#F4EE2A,23,3207,-18.0,26.0,55.2,90,CONCEPT_NOT_FIT_VALIDATED
DUC-F-03214,p4-4x2,Yellow,#F4EE2A,23,3208,-10.0,26.0,55.2,90,CONCEPT_NOT_FIT_VALIDATED
DUC-F-03215,p4-4x2,Yellow,#F4EE2A,23,3209,-2.0,26.0,55.2,90,CONCEPT_NOT_FIT_VALIDATED
DUC-F-03216,p4-4x2,Yellow,#F4EE2A,23,3210,6.0,26.0,55.2,90,CONCEPT_NOT_FIT_VALIDATED
DUC-F-03217,p4-4x2,Yellow,#F4EE2A,23,3211,14.0,26.0,55.2,90,CONCEPT_NOT_FIT_VALIDATED
DUC-F-03218,p4-4x2,Yellow,#F4EE2A,23,3212,22.0,26.0,55.2,90,CONCEPT_NOT_FIT_VALIDATED
DUC-F-03219,p4-4x2,Yellow,#F4EE2A,23,3213,30.0,26.0,55.2,90,CONCEPT_NOT_FIT_VALIDATED
DUC-F-03220,p4-4x2,Yellow,#F4EE2A,23,3214,38.0,26.0,55.2,90,CONCEPT_NOT_FIT_VALIDATED
DUC-F-03221,p4-4x2,Yellow,#F4EE2A,23,3215,46.0,26.0,55.2,90,CONCEPT_NOT_FIT_VALIDATED
DUC-F-03222,p4-4x2,Yellow,#F4EE2A,23,3216,54.0,26.0,55.2,90,CONCEPT_NOT_FIT_VALIDATED
DUC-F-03223,p4-4x2,Yellow,#F4EE2A,23,3217,62.0,26.0,55.2,90,CONCEPT_NOT_FIT_VALIDATED
DUC-F-03224,p4-4x1,Yellow,#F4EE2A,23,3218,68.0,26.0,55.2,90,CONCEPT_NOT_FIT_VALIDATED
DUC-F-03225,p4-3x1,Yellow,#F4EE2A,23,3219,-72.0,28.0,55.2,90,CONCEPT_NOT_FIT_VALIDATED
DUC-F-03226,p4-3x1,Yellow,#F4EE2A,23,3220,72.0,28.0,55.2,90,CONCEPT_NOT_FIT_VALIDATED
DUC-F-03104,p4-1x1,Yellow,#F4EE2A,22,3221,72.0,24.0,52.8,0,CONCEPT_NOT_FIT_VALIDATED
DUC-F-03227,p4-3x1,Yellow,#F4EE2A,23,3222,-72.0,40.0,55.2,90,CONCEPT_NOT_FIT_VALIDATED
DUC-F-03228,p4-4x2,Yellow,#F4EE2A,23,3223,-66.0,42.0,55.2,90,CONCEPT_NOT_FIT_VALIDATED
DUC-F-03229,p4-4x2,Yellow,#F4EE2A,23,3224,-58.0,42.0,55.2,90,CONCEPT_NOT_FIT_VALIDATED
DUC-F-03230,p4-4x2,Yellow,#F4EE2A,23,3225,-50.0,42.0,55.2,90,CONCEPT_NOT_FIT_VALIDATED
DUC-F-03231,p4-4x2,Yellow,#F4EE2A,23,3226,-42.0,42.0,55.2,90,CONCEPT_NOT_FIT_VALIDATED
DUC-F-03232,p4-4x2,Yellow,#F4EE2A,23,3227,-34.0,42.0,55.2,90,CONCEPT_NOT_FIT_VALIDATED
DUC-F-03233,p4-4x2,Yellow,#F4EE2A,23,3228,-26.0,42.0,55.2,90,CONCEPT_NOT_FIT_VALIDATED
DUC-F-03234,p4-4x2,Yellow,#F4EE2A,23,3229,-18.0,42.0,55.2,90,CONCEPT_NOT_FIT_VALIDATED
DUC-F-03235,p4-4x2,Yellow,#F4EE2A,23,3230,-10.0,42.0,55.2,90,CONCEPT_NOT_FIT_VALIDATED
DUC-F-03236,p4-4x2,Yellow,#F4EE2A,23,3231,-2.0,42.0,55.2,90,CONCEPT_NOT_FIT_VALIDATED
DUC-F-03237,p4-4x2,Yellow,#F4EE2A,23,3232,6.0,42.0,55.2,90,CONCEPT_NOT_FIT_VALIDATED
DUC-F-03238,p4-4x2,Yellow,#F4EE2A,23,3233,14.0,42.0,55.2,90,CONCEPT_NOT_FIT_VALIDATED
DUC-F-03239,p4-4x2,Yellow,#F4EE2A,23,3234,22.0,42.0,55.2,90,CONCEPT_NOT_FIT_VALIDATED
DUC-F-03240,p4-4x2,Yellow,#F4EE2A,23,3235,30.0,42.0,55.2,90,CONCEPT_NOT_FIT_VALIDATED
DUC-F-03241,p4-4x2,Yellow,#F4EE2A,23,3236,38.0,42.0,55.2,90,CONCEPT_NOT_FIT_VALIDATED
DUC-F-03242,p4-4x2,Yellow,#F4EE2A,23,3237,46.0,42.0,55.2,90,CONCEPT_NOT_FIT_VALIDATED
DUC-F-03243,p4-4x2,Yellow,#F4EE2A,23,3238,54.0,42.0,55.2,90,CONCEPT_NOT_FIT_VALIDATED
DUC-F-03244,p4-4x2,Yellow,#F4EE2A,23,3239,62.0,42.0,55.2,90,CONCEPT_NOT_FIT_VALIDATED
DUC-F-03245,p4-3x2,Yellow,#F4EE2A,23,3240,70.0,40.0,55.2,90,CONCEPT_NOT_FIT_VALIDATED
DUC-F-03105,p4-1x1,Yellow,#F4EE2A,22,3241,72.0,36.0,52.8,0,CONCEPT_NOT_FIT_VALIDATED
DUC-F-03246,p4-1x1,Yellow,#F4EE2A,23,3242,68.0,48.0,55.2,0,CONCEPT_NOT_FIT_VALIDATED
DUC-F-03247,p4-2x1,Yellow,#F4EE2A,23,3243,-66.0,52.0,55.2,0,CONCEPT_NOT_FIT_VALIDATED
DUC-F-03248,p4-4x2,Yellow,#F4EE2A,23,3244,-58.0,58.0,55.2,90,CONCEPT_NOT_FIT_VALIDATED
DUC-F-03249,p4-4x2,Yellow,#F4EE2A,23,3245,-50.0,58.0,55.2,90,CONCEPT_NOT_FIT_VALIDATED
DUC-F-03250,p4-4x2,Yellow,#F4EE2A,23,3246,-42.0,58.0,55.2,90,CONCEPT_NOT_FIT_VALIDATED
DUC-F-03251,p4-4x2,Yellow,#F4EE2A,23,3247,-34.0,58.0,55.2,90,CONCEPT_NOT_FIT_VALIDATED
DUC-F-03252,p4-4x2,Yellow,#F4EE2A,23,3248,-26.0,58.0,55.2,90,CONCEPT_NOT_FIT_VALIDATED
DUC-F-03253,p4-4x2,Yellow,#F4EE2A,23,3249,-18.0,58.0,55.2,90,CONCEPT_NOT_FIT_VALIDATED
DUC-F-03254,p4-4x2,Yellow,#F4EE2A,23,3250,-10.0,58.0,55.2,90,CONCEPT_NOT_FIT_VALIDATED
DUC-F-03255,p4-4x2,Yellow,#F4EE2A,23,3251,-2.0,58.0,55.2,90,CONCEPT_NOT_FIT_VALIDATED
DUC-F-03256,p4-4x2,Yellow,#F4EE2A,23,3252,6.0,58.0,55.2,90,CONCEPT_NOT_FIT_VALIDATED
DUC-F-03257,p4-4x2,Yellow,#F4EE2A,23,3253,14.0,58.0,55.2,90,CONCEPT_NOT_FIT_VALIDATED
DUC-F-03258,p4-4x2,Yellow,#F4EE2A,23,3254,22.0,58.0,55.2,90,CONCEPT_NOT_FIT_VALIDATED
DUC-F-03259,p4-4x2,Yellow,#F4EE2A,23,3255,30.0,58.0,55.2,90,CONCEPT_NOT_FIT_VALIDATED
DUC-F-03260,p4-4x2,Yellow,#F4EE2A,23,3256,38.0,58.0,55.2,90,CONCEPT_NOT_FIT_VALIDATED
DUC-F-03261,p4-4x2,Yellow,#F4EE2A,23,3257,46.0,58.0,55.2,90,CONCEPT_NOT_FIT_VALIDATED
DUC-F-03262,p4-4x2,Yellow,#F4EE2A,23,3258,54.0,58.0,55.2,90,CONCEPT_NOT_FIT_VALIDATED
DUC-F-03092,p4-1x1,Yellow,#F4EE2A,22,3259,52.0,64.0,52.8,0,CONCEPT_NOT_FIT_VALIDATED
DUC-F-03263,p4-3x2,Yellow,#F4EE2A,23,3260,62.0,56.0,55.2,90,CONCEPT_NOT_FIT_VALIDATED
DUC-F-03265,p4-2x1,Yellow,#F4EE2A,23,3261,-64.0,58.0,55.2,90,CONCEPT_NOT_FIT_VALIDATED
DUC-F-03268,p4-2x2,Yellow,#F4EE2A,23,3262,-42.0,70.0,55.2,0,CONCEPT_NOT_FIT_VALIDATED
DUC-F-03269,p4-4x2,Yellow,#F4EE2A,23,3263,-34.0,74.0,55.2,90,CONCEPT_NOT_FIT_VALIDATED
DUC-F-03270,p4-4x2,Yellow,#F4EE2A,23,3264,-26.0,74.0,55.2,90,CONCEPT_NOT_FIT_VALIDATED
DUC-F-03271,p4-4x2,Yellow,#F4EE2A,23,3265,-18.0,74.0,55.2,90,CONCEPT_NOT_FIT_VALIDATED
DUC-F-03272,p4-4x2,Yellow,#F4EE2A,23,3266,-10.0,74.0,55.2,90,CONCEPT_NOT_FIT_VALIDATED
DUC-F-03273,p4-4x2,Yellow,#F4EE2A,23,3267,-2.0,74.0,55.2,90,CONCEPT_NOT_FIT_VALIDATED
DUC-F-03274,p4-4x2,Yellow,#F4EE2A,23,3268,6.0,74.0,55.2,90,CONCEPT_NOT_FIT_VALIDATED
DUC-F-03275,p4-4x2,Yellow,#F4EE2A,23,3269,14.0,74.0,55.2,90,CONCEPT_NOT_FIT_VALIDATED
DUC-F-03276,p4-4x2,Yellow,#F4EE2A,23,3270,22.0,74.0,55.2,90,CONCEPT_NOT_FIT_VALIDATED
DUC-F-03277,p4-4x2,Yellow,#F4EE2A,23,3271,30.0,74.0,55.2,90,CONCEPT_NOT_FIT_VALIDATED
DUC-F-03278,p4-3x2,Yellow,#F4EE2A,23,3272,38.0,72.0,55.2,90,CONCEPT_NOT_FIT_VALIDATED
DUC-F-03279,p4-2x1,Yellow,#F4EE2A,23,3273,46.0,68.0,55.2,0,CONCEPT_NOT_FIT_VALIDATED
DUC-F-03076,p4-1x1,Yellow,#F4EE2A,22,3274,48.0,68.0,52.8,0,CONCEPT_NOT_FIT_VALIDATED
DUC-F-03280,p4-1x1,Yellow,#F4EE2A,23,3275,44.0,72.0,55.2,0,CONCEPT_NOT_FIT_VALIDATED
DUC-F-03283,p4-2x1,Yellow,#F4EE2A,23,3276,-26.0,84.0,55.2,0,CONCEPT_NOT_FIT_VALIDATED
DUC-F-03284,p4-2x2,Yellow,#F4EE2A,23,3277,-18.0,86.0,55.2,0,CONCEPT_NOT_FIT_VALIDATED
DUC-F-03285,p4-3x2,Yellow,#F4EE2A,23,3278,-10.0,88.0,55.2,90,CONCEPT_NOT_FIT_VALIDATED
DUC-F-03286,p4-4x2,Yellow,#F4EE2A,23,3279,-2.0,90.0,55.2,90,CONCEPT_NOT_FIT_VALIDATED
DUC-F-03287,p4-4x2,Yellow,#F4EE2A,23,3280,6.0,90.0,55.2,90,CONCEPT_NOT_FIT_VALIDATED
DUC-F-03288,p4-3x2,Yellow,#F4EE2A,23,3281,14.0,88.0,55.2,90,CONCEPT_NOT_FIT_VALIDATED
DUC-F-03289,p4-2x2,Yellow,#F4EE2A,23,3282,22.0,86.0,55.2,0,CONCEPT_NOT_FIT_VALIDATED
DUC-F-03290,p4-1x1,Yellow,#F4EE2A,23,3283,28.0,84.0,55.2,0,CONCEPT_NOT_FIT_VALIDATED
DUC-F-03294,p4-2x1,Yellow,#F4EE2A,24,3284,-70.0,20.0,57.6,0,CONCEPT_NOT_FIT_VALIDATED
DUC-F-03295,p4-2x2,Yellow,#F4EE2A,24,3285,-70.0,26.0,57.6,0,CONCEPT_NOT_FIT_VALIDATED
DUC-F-03296,p4-2x2,Yellow,#F4EE2A,24,3286,-70.0,34.0,57.6,0,CONCEPT_NOT_FIT_VALIDATED
DUC-F-03297,p4-2x2,Yellow,#F4EE2A,24,3287,-70.0,42.0,57.6,0,CONCEPT_NOT_FIT_VALIDATED
DUC-F-03298,p4-1x1,Yellow,#F4EE2A,24,3288,-68.0,-4.0,57.6,0,CONCEPT_NOT_FIT_VALIDATED
DUC-F-03299,p4-2x1,Yellow,#F4EE2A,24,3289,-68.0,2.0,57.6,90,CONCEPT_NOT_FIT_VALIDATED
DUC-F-03300,p4-2x1,Yellow,#F4EE2A,24,3290,-68.0,10.0,57.6,90,CONCEPT_NOT_FIT_VALIDATED
DUC-F-03301,p4-1x1,Yellow,#F4EE2A,24,3291,-68.0,16.0,57.6,0,CONCEPT_NOT_FIT_VALIDATED
DUC-F-03302,p4-2x1,Yellow,#F4EE2A,24,3292,-68.0,50.0,57.6,90,CONCEPT_NOT_FIT_VALIDATED
DUC-F-03304,p4-4x2,Yellow,#F4EE2A,24,3293,-58.0,-22.0,57.6,0,CONCEPT_NOT_FIT_VALIDATED
DUC-F-03305,p4-4x2,Yellow,#F4EE2A,24,3294,-58.0,-14.0,57.6,0,CONCEPT_NOT_FIT_VALIDATED
DUC-F-03306,p4-4x2,Yellow,#F4EE2A,24,3295,-58.0,-6.0,57.6,0,CONCEPT_NOT_FIT_VALIDATED
DUC-F-03307,p4-4x2,Yellow,#F4EE2A,24,3296,-58.0,2.0,57.6,0,CONCEPT_NOT_FIT_VALIDATED
DUC-F-03308,p4-4x2,Yellow,#F4EE2A,24,3297,-58.0,10.0,57.6,0,CONCEPT_NOT_FIT_VALIDATED
DUC-F-03309,p4-4x2,Yellow,#F4EE2A,24,3298,-58.0,18.0,57.6,0,CONCEPT_NOT_FIT_VALIDATED
DUC-F-03310,p4-4x2,Yellow,#F4EE2A,24,3299,-58.0,26.0,57.6,0,CONCEPT_NOT_FIT_VALIDATED
DUC-F-03311,p4-4x2,Yellow,#F4EE2A,24,3300,-58.0,34.0,57.6,0,CONCEPT_NOT_FIT_VALIDATED
DUC-F-03312,p4-4x2,Yellow,#F4EE2A,24,3301,-58.0,42.0,57.6,0,CONCEPT_NOT_FIT_VALIDATED
DUC-F-03313,p4-4x2,Yellow,#F4EE2A,24,3302,-58.0,50.0,57.6,0,CONCEPT_NOT_FIT_VALIDATED
DUC-F-03314,p4-4x2,Yellow,#F4EE2A,24,3303,-58.0,58.0,57.6,0,CONCEPT_NOT_FIT_VALIDATED
DUC-F-03315,p4-3x2,Yellow,#F4EE2A,24,3304,-56.0,-30.0,57.6,0,CONCEPT_NOT_FIT_VALIDATED
DUC-F-03316,p4-3x1,Yellow,#F4EE2A,24,3305,-56.0,64.0,57.6,0,CONCEPT_NOT_FIT_VALIDATED
DUC-F-03317,p4-2x2,Yellow,#F4EE2A,24,3306,-54.0,-38.0,57.6,0,CONCEPT_NOT_FIT_VALIDATED
DUC-F-03319,p4-1x1,Yellow,#F4EE2A,24,3307,-52.0,-44.0,57.6,0,CONCEPT_NOT_FIT_VALIDATED
DUC-F-03320,p4-4x1,Yellow,#F4EE2A,24,3308,-42.0,-52.0,57.6,0,CONCEPT_NOT_FIT_VALIDATED
DUC-F-03321,p4-4x2,Yellow,#F4EE2A,24,3309,-42.0,-46.0,57.6,0,CONCEPT_NOT_FIT_VALIDATED
DUC-F-03322,p4-4x2,Yellow,#F4EE2A,24,3310,-42.0,-38.0,57.6,0,CONCEPT_NOT_FIT_VALIDATED
DUC-F-03323,p4-4x2,Yellow,#F4EE2A,24,3311,-42.0,-30.0,57.6,0,CONCEPT_NOT_FIT_VALIDATED
DUC-F-03324,p4-4x2,Yellow,#F4EE2A,24,3312,-42.0,-22.0,57.6,0,CONCEPT_NOT_FIT_VALIDATED
DUC-F-03325,p4-4x2,Yellow,#F4EE2A,24,3313,-42.0,-14.0,57.6,0,CONCEPT_NOT_FIT_VALIDATED
DUC-F-03326,p4-4x2,Yellow,#F4EE2A,24,3314,-42.0,-6.0,57.6,0,CONCEPT_NOT_FIT_VALIDATED
DUC-F-03327,p4-4x2,Yellow,#F4EE2A,24,3315,-42.0,2.0,57.6,0,CONCEPT_NOT_FIT_VALIDATED
DUC-F-03328,p4-4x2,Yellow,#F4EE2A,24,3316,-42.0,10.0,57.6,0,CONCEPT_NOT_FIT_VALIDATED
DUC-F-03329,p4-4x2,Yellow,#F4EE2A,24,3317,-42.0,18.0,57.6,0,CONCEPT_NOT_FIT_VALIDATED
DUC-F-03330,p4-4x2,Yellow,#F4EE2A,24,3318,-42.0,26.0,57.6,0,CONCEPT_NOT_FIT_VALIDATED
DUC-F-03331,p4-4x2,Yellow,#F4EE2A,24,3319,-42.0,34.0,57.6,0,CONCEPT_NOT_FIT_VALIDATED
DUC-F-03332,p4-4x2,Yellow,#F4EE2A,24,3320,-42.0,42.0,57.6,0,CONCEPT_NOT_FIT_VALIDATED
DUC-F-03333,p4-4x2,Yellow,#F4EE2A,24,3321,-42.0,50.0,57.6,0,CONCEPT_NOT_FIT_VALIDATED
DUC-F-03334,p4-4x2,Yellow,#F4EE2A,24,3322,-42.0,58.0,57.6,0,CONCEPT_NOT_FIT_VALIDATED
DUC-F-03335,p4-4x2,Yellow,#F4EE2A,24,3323,-42.0,66.0,57.6,0,CONCEPT_NOT_FIT_VALIDATED
DUC-F-03267,p4-1x1,Yellow,#F4EE2A,23,3324,-48.0,68.0,55.2,0,CONCEPT_NOT_FIT_VALIDATED
DUC-F-02947,p4-1x1,Yellow,#F4EE2A,22,3325,-48.0,68.0,52.8,0,CONCEPT_NOT_FIT_VALIDATED
DUC-F-03336,p4-3x1,Yellow,#F4EE2A,24,3326,-40.0,-56.0,57.6,0,CONCEPT_NOT_FIT_VALIDATED
DUC-F-03337,p4-3x1,Yellow,#F4EE2A,24,3327,-40.0,72.0,57.6,0,CONCEPT_NOT_FIT_VALIDATED
DUC-F-03338,p4-2x1,Yellow,#F4EE2A,24,3328,-38.0,76.0,57.6,0,CONCEPT_NOT_FIT_VALIDATED
DUC-F-03281,p4-1x1,Yellow,#F4EE2A,23,3329,-40.0,76.0,55.2,0,CONCEPT_NOT_FIT_VALIDATED
DUC-F-03339,p4-1x1,Yellow,#F4EE2A,24,3330,-36.0,-60.0,57.6,0,CONCEPT_NOT_FIT_VALIDATED
DUC-F-03340,p4-1x1,Yellow,#F4EE2A,24,3331,-36.0,80.0,57.6,0,CONCEPT_NOT_FIT_VALIDATED
DUC-F-03341,p4-4x2,Yellow,#F4EE2A,24,3332,-26.0,-62.0,57.6,0,CONCEPT_NOT_FIT_VALIDATED
DUC-F-03342,p4-4x2,Yellow,#F4EE2A,24,3333,-26.0,-54.0,57.6,0,CONCEPT_NOT_FIT_VALIDATED
DUC-F-03343,p4-4x2,Yellow,#F4EE2A,24,3334,-26.0,-46.0,57.6,0,CONCEPT_NOT_FIT_VALIDATED
DUC-F-03344,p4-4x2,Yellow,#F4EE2A,24,3335,-26.0,-38.0,57.6,0,CONCEPT_NOT_FIT_VALIDATED
DUC-F-03345,p4-4x2,Yellow,#F4EE2A,24,3336,-26.0,-30.0,57.6,0,CONCEPT_NOT_FIT_VALIDATED
DUC-F-03346,p4-4x2,Yellow,#F4EE2A,24,3337,-26.0,-22.0,57.6,0,CONCEPT_NOT_FIT_VALIDATED
DUC-F-03347,p4-4x2,Yellow,#F4EE2A,24,3338,-26.0,-14.0,57.6,0,CONCEPT_NOT_FIT_VALIDATED
DUC-F-03348,p4-4x2,Yellow,#F4EE2A,24,3339,-26.0,-6.0,57.6,0,CONCEPT_NOT_FIT_VALIDATED
DUC-F-03349,p4-4x2,Yellow,#F4EE2A,24,3340,-26.0,2.0,57.6,0,CONCEPT_NOT_FIT_VALIDATED
DUC-F-03350,p4-4x2,Yellow,#F4EE2A,24,3341,-26.0,10.0,57.6,0,CONCEPT_NOT_FIT_VALIDATED
DUC-F-03351,p4-4x2,Yellow,#F4EE2A,24,3342,-26.0,18.0,57.6,0,CONCEPT_NOT_FIT_VALIDATED
DUC-F-03352,p4-4x2,Yellow,#F4EE2A,24,3343,-26.0,26.0,57.6,0,CONCEPT_NOT_FIT_VALIDATED
DUC-F-03353,p4-4x2,Yellow,#F4EE2A,24,3344,-26.0,34.0,57.6,0,CONCEPT_NOT_FIT_VALIDATED
DUC-F-03354,p4-4x2,Yellow,#F4EE2A,24,3345,-26.0,42.0,57.6,0,CONCEPT_NOT_FIT_VALIDATED
DUC-F-03355,p4-4x2,Yellow,#F4EE2A,24,3346,-26.0,50.0,57.6,0,CONCEPT_NOT_FIT_VALIDATED
DUC-F-03356,p4-4x2,Yellow,#F4EE2A,24,3347,-26.0,58.0,57.6,0,CONCEPT_NOT_FIT_VALIDATED
DUC-F-03357,p4-4x2,Yellow,#F4EE2A,24,3348,-26.0,66.0,57.6,0,CONCEPT_NOT_FIT_VALIDATED
DUC-F-03358,p4-4x2,Yellow,#F4EE2A,24,3349,-26.0,74.0,57.6,0,CONCEPT_NOT_FIT_VALIDATED
DUC-F-03359,p4-4x2,Yellow,#F4EE2A,24,3350,-26.0,82.0,57.6,0,CONCEPT_NOT_FIT_VALIDATED
DUC-F-03360,p4-2x1,Yellow,#F4EE2A,24,3351,-22.0,-68.0,57.6,0,CONCEPT_NOT_FIT_VALIDATED
DUC-F-03361,p4-2x1,Yellow,#F4EE2A,24,3352,-22.0,88.0,57.6,0,CONCEPT_NOT_FIT_VALIDATED
DUC-F-03291,p4-1x1,Yellow,#F4EE2A,23,3353,-24.0,88.0,55.2,0,CONCEPT_NOT_FIT_VALIDATED
DUC-F-03363,p4-4x1,Yellow,#F4EE2A,24,3354,-10.0,-68.0,57.6,0,CONCEPT_NOT_FIT_VALIDATED
DUC-F-03364,p4-4x2,Yellow,#F4EE2A,24,3355,-10.0,-62.0,57.6,0,CONCEPT_NOT_FIT_VALIDATED
DUC-F-03365,p4-4x2,Yellow,#F4EE2A,24,3356,-10.0,-54.0,57.6,0,CONCEPT_NOT_FIT_VALIDATED
DUC-F-03366,p4-4x2,Yellow,#F4EE2A,24,3357,-10.0,-46.0,57.6,0,CONCEPT_NOT_FIT_VALIDATED
DUC-F-03367,p4-4x2,Yellow,#F4EE2A,24,3358,-10.0,-38.0,57.6,0,CONCEPT_NOT_FIT_VALIDATED
DUC-F-03368,p4-4x2,Yellow,#F4EE2A,24,3359,-10.0,-30.0,57.6,0,CONCEPT_NOT_FIT_VALIDATED
DUC-F-03369,p4-4x2,Yellow,#F4EE2A,24,3360,-10.0,-22.0,57.6,0,CONCEPT_NOT_FIT_VALIDATED
DUC-F-03370,p4-4x2,Yellow,#F4EE2A,24,3361,-10.0,-14.0,57.6,0,CONCEPT_NOT_FIT_VALIDATED
DUC-F-03371,p4-4x2,Yellow,#F4EE2A,24,3362,-10.0,-6.0,57.6,0,CONCEPT_NOT_FIT_VALIDATED
DUC-F-03372,p4-4x2,Yellow,#F4EE2A,24,3363,-10.0,2.0,57.6,0,CONCEPT_NOT_FIT_VALIDATED
DUC-F-03373,p4-4x2,Yellow,#F4EE2A,24,3364,-10.0,10.0,57.6,0,CONCEPT_NOT_FIT_VALIDATED
DUC-F-03374,p4-4x2,Yellow,#F4EE2A,24,3365,-10.0,18.0,57.6,0,CONCEPT_NOT_FIT_VALIDATED
DUC-F-03375,p4-4x2,Yellow,#F4EE2A,24,3366,-10.0,26.0,57.6,0,CONCEPT_NOT_FIT_VALIDATED
DUC-F-03376,p4-4x2,Yellow,#F4EE2A,24,3367,-10.0,34.0,57.6,0,CONCEPT_NOT_FIT_VALIDATED
DUC-F-03377,p4-4x2,Yellow,#F4EE2A,24,3368,-10.0,42.0,57.6,0,CONCEPT_NOT_FIT_VALIDATED
DUC-F-03378,p4-4x2,Yellow,#F4EE2A,24,3369,-10.0,50.0,57.6,0,CONCEPT_NOT_FIT_VALIDATED
DUC-F-03379,p4-4x2,Yellow,#F4EE2A,24,3370,-10.0,58.0,57.6,0,CONCEPT_NOT_FIT_VALIDATED
DUC-F-03380,p4-4x2,Yellow,#F4EE2A,24,3371,-10.0,66.0,57.6,0,CONCEPT_NOT_FIT_VALIDATED
DUC-F-03381,p4-4x2,Yellow,#F4EE2A,24,3372,-10.0,74.0,57.6,0,CONCEPT_NOT_FIT_VALIDATED
DUC-F-03382,p4-4x2,Yellow,#F4EE2A,24,3373,-10.0,82.0,57.6,0,CONCEPT_NOT_FIT_VALIDATED
DUC-F-03383,p4-4x2,Yellow,#F4EE2A,24,3374,-10.0,90.0,57.6,0,CONCEPT_NOT_FIT_VALIDATED
DUC-F-03292,p4-1x1,Yellow,#F4EE2A,23,3375,-16.0,92.0,55.2,0,CONCEPT_NOT_FIT_VALIDATED
DUC-F-03384,p4-3x1,Yellow,#F4EE2A,24,3376,-8.0,96.0,57.6,0,CONCEPT_NOT_FIT_VALIDATED
DUC-F-03293,p4-1x1,Yellow,#F4EE2A,23,3377,-8.0,96.0,55.2,0,CONCEPT_NOT_FIT_VALIDATED
DUC-F-03385,p4-2x1,Yellow,#F4EE2A,24,3378,-6.0,-72.0,57.6,0,CONCEPT_NOT_FIT_VALIDATED
DUC-F-03386,p4-3x2,Yellow,#F4EE2A,24,3379,4.0,-70.0,57.6,0,CONCEPT_NOT_FIT_VALIDATED
DUC-F-03387,p4-4x2,Yellow,#F4EE2A,24,3380,6.0,-62.0,57.6,0,CONCEPT_NOT_FIT_VALIDATED
DUC-F-03388,p4-4x2,Yellow,#F4EE2A,24,3381,6.0,-54.0,57.6,0,CONCEPT_NOT_FIT_VALIDATED
DUC-F-03389,p4-4x2,Yellow,#F4EE2A,24,3382,6.0,-46.0,57.6,0,CONCEPT_NOT_FIT_VALIDATED
DUC-F-03390,p4-4x2,Yellow,#F4EE2A,24,3383,6.0,-38.0,57.6,0,CONCEPT_NOT_FIT_VALIDATED
DUC-F-03391,p4-4x2,Yellow,#F4EE2A,24,3384,6.0,-30.0,57.6,0,CONCEPT_NOT_FIT_VALIDATED
DUC-F-03392,p4-4x2,Yellow,#F4EE2A,24,3385,6.0,-22.0,57.6,0,CONCEPT_NOT_FIT_VALIDATED
DUC-F-03393,p4-4x2,Yellow,#F4EE2A,24,3386,6.0,-14.0,57.6,0,CONCEPT_NOT_FIT_VALIDATED
DUC-F-03394,p4-4x2,Yellow,#F4EE2A,24,3387,6.0,-6.0,57.6,0,CONCEPT_NOT_FIT_VALIDATED
DUC-F-03395,p4-4x2,Yellow,#F4EE2A,24,3388,6.0,2.0,57.6,0,CONCEPT_NOT_FIT_VALIDATED
DUC-F-03396,p4-4x2,Yellow,#F4EE2A,24,3389,6.0,10.0,57.6,0,CONCEPT_NOT_FIT_VALIDATED
DUC-F-03397,p4-4x2,Yellow,#F4EE2A,24,3390,6.0,18.0,57.6,0,CONCEPT_NOT_FIT_VALIDATED
DUC-F-03398,p4-4x2,Yellow,#F4EE2A,24,3391,6.0,26.0,57.6,0,CONCEPT_NOT_FIT_VALIDATED
DUC-F-03399,p4-4x2,Yellow,#F4EE2A,24,3392,6.0,34.0,57.6,0,CONCEPT_NOT_FIT_VALIDATED
DUC-F-03400,p4-4x2,Yellow,#F4EE2A,24,3393,6.0,42.0,57.6,0,CONCEPT_NOT_FIT_VALIDATED
DUC-F-03401,p4-4x2,Yellow,#F4EE2A,24,3394,6.0,50.0,57.6,0,CONCEPT_NOT_FIT_VALIDATED
DUC-F-03402,p4-4x2,Yellow,#F4EE2A,24,3395,6.0,58.0,57.6,0,CONCEPT_NOT_FIT_VALIDATED
DUC-F-03403,p4-4x2,Yellow,#F4EE2A,24,3396,6.0,66.0,57.6,0,CONCEPT_NOT_FIT_VALIDATED
DUC-F-03404,p4-4x2,Yellow,#F4EE2A,24,3397,6.0,74.0,57.6,0,CONCEPT_NOT_FIT_VALIDATED
DUC-F-03405,p4-4x2,Yellow,#F4EE2A,24,3398,6.0,82.0,57.6,0,CONCEPT_NOT_FIT_VALIDATED
DUC-F-03406,p4-4x2,Yellow,#F4EE2A,24,3399,6.0,90.0,57.6,0,CONCEPT_NOT_FIT_VALIDATED
DUC-F-03407,p4-4x1,Yellow,#F4EE2A,24,3400,6.0,96.0,57.6,0,CONCEPT_NOT_FIT_VALIDATED
DUC-F-03408,p4-1x1,Yellow,#F4EE2A,24,3401,12.0,-68.0,57.6,0,CONCEPT_NOT_FIT_VALIDATED
DUC-F-03409,p4-3x1,Yellow,#F4EE2A,24,3402,20.0,-68.0,57.6,0,CONCEPT_NOT_FIT_VALIDATED
DUC-F-03410,p4-4x2,Yellow,#F4EE2A,24,3403,22.0,-62.0,57.6,0,CONCEPT_NOT_FIT_VALIDATED
DUC-F-03411,p4-4x2,Yellow,#F4EE2A,24,3404,22.0,-54.0,57.6,0,CONCEPT_NOT_FIT_VALIDATED
DUC-F-03412,p4-4x2,Yellow,#F4EE2A,24,3405,22.0,-46.0,57.6,0,CONCEPT_NOT_FIT_VALIDATED
DUC-F-03413,p4-4x2,Yellow,#F4EE2A,24,3406,22.0,-38.0,57.6,0,CONCEPT_NOT_FIT_VALIDATED
DUC-F-03414,p4-4x2,Yellow,#F4EE2A,24,3407,22.0,-30.0,57.6,0,CONCEPT_NOT_FIT_VALIDATED
DUC-F-03415,p4-4x2,Yellow,#F4EE2A,24,3408,22.0,-22.0,57.6,0,CONCEPT_NOT_FIT_VALIDATED
DUC-F-03416,p4-4x2,Yellow,#F4EE2A,24,3409,22.0,-14.0,57.6,0,CONCEPT_NOT_FIT_VALIDATED
DUC-F-03417,p4-4x2,Yellow,#F4EE2A,24,3410,22.0,-6.0,57.6,0,CONCEPT_NOT_FIT_VALIDATED
DUC-F-03418,p4-4x2,Yellow,#F4EE2A,24,3411,22.0,2.0,57.6,0,CONCEPT_NOT_FIT_VALIDATED
DUC-F-03419,p4-4x2,Yellow,#F4EE2A,24,3412,22.0,10.0,57.6,0,CONCEPT_NOT_FIT_VALIDATED
DUC-F-03420,p4-4x2,Yellow,#F4EE2A,24,3413,22.0,18.0,57.6,0,CONCEPT_NOT_FIT_VALIDATED
DUC-F-03421,p4-4x2,Yellow,#F4EE2A,24,3414,22.0,26.0,57.6,0,CONCEPT_NOT_FIT_VALIDATED
DUC-F-03422,p4-4x2,Yellow,#F4EE2A,24,3415,22.0,34.0,57.6,0,CONCEPT_NOT_FIT_VALIDATED
DUC-F-03423,p4-4x2,Yellow,#F4EE2A,24,3416,22.0,42.0,57.6,0,CONCEPT_NOT_FIT_VALIDATED
DUC-F-03424,p4-4x2,Yellow,#F4EE2A,24,3417,22.0,50.0,57.6,0,CONCEPT_NOT_FIT_VALIDATED
DUC-F-03425,p4-4x2,Yellow,#F4EE2A,24,3418,22.0,58.0,57.6,0,CONCEPT_NOT_FIT_VALIDATED
DUC-F-03426,p4-4x2,Yellow,#F4EE2A,24,3419,22.0,66.0,57.6,0,CONCEPT_NOT_FIT_VALIDATED
DUC-F-03427,p4-4x2,Yellow,#F4EE2A,24,3420,22.0,74.0,57.6,0,CONCEPT_NOT_FIT_VALIDATED
DUC-F-03428,p4-4x2,Yellow,#F4EE2A,24,3421,22.0,82.0,57.6,0,CONCEPT_NOT_FIT_VALIDATED
DUC-F-03429,p4-2x2,Yellow,#F4EE2A,24,3422,18.0,90.0,57.6,0,CONCEPT_NOT_FIT_VALIDATED
DUC-F-03430,p4-1x1,Yellow,#F4EE2A,24,3423,24.0,88.0,57.6,0,CONCEPT_NOT_FIT_VALIDATED
DUC-F-03431,p4-2x1,Yellow,#F4EE2A,24,3424,32.0,-62.0,57.6,90,CONCEPT_NOT_FIT_VALIDATED
DUC-F-03432,p4-4x2,Yellow,#F4EE2A,24,3425,38.0,-54.0,57.6,0,CONCEPT_NOT_FIT_VALIDATED
DUC-F-03433,p4-4x2,Yellow,#F4EE2A,24,3426,38.0,-46.0,57.6,0,CONCEPT_NOT_FIT_VALIDATED
DUC-F-03434,p4-4x2,Yellow,#F4EE2A,24,3427,38.0,-38.0,57.6,0,CONCEPT_NOT_FIT_VALIDATED
DUC-F-03435,p4-4x2,Yellow,#F4EE2A,24,3428,38.0,-30.0,57.6,0,CONCEPT_NOT_FIT_VALIDATED
DUC-F-03436,p4-4x2,Yellow,#F4EE2A,24,3429,38.0,-22.0,57.6,0,CONCEPT_NOT_FIT_VALIDATED
DUC-F-03437,p4-4x2,Yellow,#F4EE2A,24,3430,38.0,-14.0,57.6,0,CONCEPT_NOT_FIT_VALIDATED
DUC-F-03438,p4-4x2,Yellow,#F4EE2A,24,3431,38.0,-6.0,57.6,0,CONCEPT_NOT_FIT_VALIDATED
DUC-F-03439,p4-4x2,Yellow,#F4EE2A,24,3432,38.0,2.0,57.6,0,CONCEPT_NOT_FIT_VALIDATED
DUC-F-03440,p4-4x2,Yellow,#F4EE2A,24,3433,38.0,10.0,57.6,0,CONCEPT_NOT_FIT_VALIDATED
DUC-F-03441,p4-4x2,Yellow,#F4EE2A,24,3434,38.0,18.0,57.6,0,CONCEPT_NOT_FIT_VALIDATED
DUC-F-03442,p4-4x2,Yellow,#F4EE2A,24,3435,38.0,26.0,57.6,0,CONCEPT_NOT_FIT_VALIDATED
DUC-F-03443,p4-4x2,Yellow,#F4EE2A,24,3436,38.0,34.0,57.6,0,CONCEPT_NOT_FIT_VALIDATED
DUC-F-03444,p4-4x2,Yellow,#F4EE2A,24,3437,38.0,42.0,57.6,0,CONCEPT_NOT_FIT_VALIDATED
DUC-F-03445,p4-4x2,Yellow,#F4EE2A,24,3438,38.0,50.0,57.6,0,CONCEPT_NOT_FIT_VALIDATED
DUC-F-03446,p4-4x2,Yellow,#F4EE2A,24,3439,38.0,58.0,57.6,0,CONCEPT_NOT_FIT_VALIDATED
DUC-F-03447,p4-4x2,Yellow,#F4EE2A,24,3440,38.0,66.0,57.6,0,CONCEPT_NOT_FIT_VALIDATED
DUC-F-03448,p4-3x2,Yellow,#F4EE2A,24,3441,36.0,74.0,57.6,0,CONCEPT_NOT_FIT_VALIDATED
DUC-F-03449,p4-2x1,Yellow,#F4EE2A,24,3442,34.0,80.0,57.6,0,CONCEPT_NOT_FIT_VALIDATED
DUC-F-03282,p4-1x1,Yellow,#F4EE2A,23,3443,36.0,80.0,55.2,0,CONCEPT_NOT_FIT_VALIDATED
DUC-F-03451,p4-1x1,Yellow,#F4EE2A,24,3444,36.0,-60.0,57.6,0,CONCEPT_NOT_FIT_VALIDATED
DUC-F-03452,p4-1x1,Yellow,#F4EE2A,24,3445,44.0,72.0,57.6,0,CONCEPT_NOT_FIT_VALIDATED
DUC-F-03453,p4-1x1,Yellow,#F4EE2A,24,3446,48.0,-52.0,57.6,0,CONCEPT_NOT_FIT_VALIDATED
DUC-F-03454,p4-2x1,Yellow,#F4EE2A,24,3447,48.0,-46.0,57.6,90,CONCEPT_NOT_FIT_VALIDATED
DUC-F-03455,p4-3x2,Yellow,#F4EE2A,24,3448,52.0,-38.0,57.6,0,CONCEPT_NOT_FIT_VALIDATED
DUC-F-03456,p4-4x2,Yellow,#F4EE2A,24,3449,54.0,-30.0,57.6,0,CONCEPT_NOT_FIT_VALIDATED
DUC-F-03457,p4-4x2,Yellow,#F4EE2A,24,3450,54.0,-22.0,57.6,0,CONCEPT_NOT_FIT_VALIDATED
DUC-F-03458,p4-4x2,Yellow,#F4EE2A,24,3451,54.0,-14.0,57.6,0,CONCEPT_NOT_FIT_VALIDATED
DUC-F-03459,p4-4x2,Yellow,#F4EE2A,24,3452,54.0,-6.0,57.6,0,CONCEPT_NOT_FIT_VALIDATED
DUC-F-03460,p4-4x2,Yellow,#F4EE2A,24,3453,54.0,2.0,57.6,0,CONCEPT_NOT_FIT_VALIDATED
DUC-F-03461,p4-4x2,Yellow,#F4EE2A,24,3454,54.0,10.0,57.6,0,CONCEPT_NOT_FIT_VALIDATED
DUC-F-03462,p4-4x2,Yellow,#F4EE2A,24,3455,54.0,18.0,57.6,0,CONCEPT_NOT_FIT_VALIDATED
DUC-F-03463,p4-4x2,Yellow,#F4EE2A,24,3456,54.0,26.0,57.6,0,CONCEPT_NOT_FIT_VALIDATED
DUC-F-03464,p4-4x2,Yellow,#F4EE2A,24,3457,54.0,34.0,57.6,0,CONCEPT_NOT_FIT_VALIDATED
DUC-F-03465,p4-4x2,Yellow,#F4EE2A,24,3458,54.0,42.0,57.6,0,CONCEPT_NOT_FIT_VALIDATED
DUC-F-03466,p4-4x2,Yellow,#F4EE2A,24,3459,54.0,50.0,57.6,0,CONCEPT_NOT_FIT_VALIDATED
DUC-F-03467,p4-4x2,Yellow,#F4EE2A,24,3460,54.0,58.0,57.6,0,CONCEPT_NOT_FIT_VALIDATED
DUC-F-03468,p4-3x2,Yellow,#F4EE2A,24,3461,52.0,66.0,57.6,0,CONCEPT_NOT_FIT_VALIDATED
DUC-F-03469,p4-1x1,Yellow,#F4EE2A,24,3462,52.0,-44.0,57.6,0,CONCEPT_NOT_FIT_VALIDATED
DUC-F-03471,p4-2x1,Yellow,#F4EE2A,24,3463,64.0,-22.0,57.6,90,CONCEPT_NOT_FIT_VALIDATED
DUC-F-03472,p4-2x1,Yellow,#F4EE2A,24,3464,64.0,-14.0,57.6,90,CONCEPT_NOT_FIT_VALIDATED
DUC-F-03473,p4-2x1,Yellow,#F4EE2A,24,3465,64.0,-6.0,57.6,90,CONCEPT_NOT_FIT_VALIDATED
DUC-F-03474,p4-2x2,Yellow,#F4EE2A,24,3466,66.0,2.0,57.6,0,CONCEPT_NOT_FIT_VALIDATED
DUC-F-03475,p4-2x2,Yellow,#F4EE2A,24,3467,66.0,10.0,57.6,0,CONCEPT_NOT_FIT_VALIDATED
DUC-F-03476,p4-2x2,Yellow,#F4EE2A,24,3468,66.0,18.0,57.6,0,CONCEPT_NOT_FIT_VALIDATED
DUC-F-03477,p4-3x2,Yellow,#F4EE2A,24,3469,68.0,26.0,57.6,0,CONCEPT_NOT_FIT_VALIDATED
DUC-F-03478,p4-3x2,Yellow,#F4EE2A,24,3470,68.0,34.0,57.6,0,CONCEPT_NOT_FIT_VALIDATED
DUC-F-03479,p4-3x2,Yellow,#F4EE2A,24,3471,68.0,42.0,57.6,0,CONCEPT_NOT_FIT_VALIDATED
DUC-F-03480,p4-2x2,Yellow,#F4EE2A,24,3472,66.0,50.0,57.6,0,CONCEPT_NOT_FIT_VALIDATED
DUC-F-03264,p4-1x1,Yellow,#F4EE2A,23,3473,68.0,52.0,55.2,0,CONCEPT_NOT_FIT_VALIDATED
DUC-F-03103,p4-1x1,Yellow,#F4EE2A,22,3474,68.0,52.0,52.8,0,CONCEPT_NOT_FIT_VALIDATED
DUC-F-03481,p4-2x1,Yellow,#F4EE2A,24,3475,66.0,56.0,57.6,0,CONCEPT_NOT_FIT_VALIDATED
DUC-F-03482,p4-1x1,Yellow,#F4EE2A,24,3476,64.0,60.0,57.6,0,CONCEPT_NOT_FIT_VALIDATED
DUC-F-03483,p4-1x1,Yellow,#F4EE2A,24,3477,68.0,-4.0,57.6,0,CONCEPT_NOT_FIT_VALIDATED
DUC-F-03485,p4-2x1,Yellow,#F4EE2A,25,3478,-4.0,-70.0,60.0,90,CONCEPT_NOT_FIT_VALIDATED
DUC-F-03486,p4-2x2,Yellow,#F4EE2A,25,3479,2.0,-70.0,60.0,0,CONCEPT_NOT_FIT_VALIDATED
DUC-F-03487,p4-1x1,Yellow,#F4EE2A,25,3480,-20.0,-68.0,60.0,0,CONCEPT_NOT_FIT_VALIDATED
DUC-F-03488,p4-2x1,Yellow,#F4EE2A,25,3481,-14.0,-68.0,60.0,0,CONCEPT_NOT_FIT_VALIDATED
DUC-F-03489,p4-1x1,Yellow,#F4EE2A,25,3482,-8.0,-68.0,60.0,0,CONCEPT_NOT_FIT_VALIDATED
DUC-F-03490,p4-2x1,Yellow,#F4EE2A,25,3483,10.0,-68.0,60.0,0,CONCEPT_NOT_FIT_VALIDATED
DUC-F-03491,p4-2x1,Yellow,#F4EE2A,25,3484,18.0,-68.0,60.0,0,CONCEPT_NOT_FIT_VALIDATED
DUC-F-03492,p4-4x2,Yellow,#F4EE2A,25,3485,-30.0,-58.0,60.0,90,CONCEPT_NOT_FIT_VALIDATED
DUC-F-03493,p4-4x2,Yellow,#F4EE2A,25,3486,-22.0,-58.0,60.0,90,CONCEPT_NOT_FIT_VALIDATED
DUC-F-03494,p4-4x2,Yellow,#F4EE2A,25,3487,-14.0,-58.0,60.0,90,CONCEPT_NOT_FIT_VALIDATED
DUC-F-03495,p4-4x2,Yellow,#F4EE2A,25,3488,-6.0,-58.0,60.0,90,CONCEPT_NOT_FIT_VALIDATED
DUC-F-03496,p4-4x2,Yellow,#F4EE2A,25,3489,2.0,-58.0,60.0,90,CONCEPT_NOT_FIT_VALIDATED
DUC-F-03497,p4-4x2,Yellow,#F4EE2A,25,3490,10.0,-58.0,60.0,90,CONCEPT_NOT_FIT_VALIDATED
DUC-F-03498,p4-4x2,Yellow,#F4EE2A,25,3491,18.0,-58.0,60.0,90,CONCEPT_NOT_FIT_VALIDATED
DUC-F-03499,p4-4x2,Yellow,#F4EE2A,25,3492,26.0,-58.0,60.0,90,CONCEPT_NOT_FIT_VALIDATED
DUC-F-03500,p4-3x1,Yellow,#F4EE2A,25,3493,-36.0,-56.0,60.0,90,CONCEPT_NOT_FIT_VALIDATED
DUC-F-03501,p4-3x2,Yellow,#F4EE2A,25,3494,34.0,-56.0,60.0,90,CONCEPT_NOT_FIT_VALIDATED
DUC-F-03502,p4-2x1,Yellow,#F4EE2A,25,3495,-40.0,-54.0,60.0,90,CONCEPT_NOT_FIT_VALIDATED
DUC-F-03503,p4-2x1,Yellow,#F4EE2A,25,3496,40.0,-54.0,60.0,90,CONCEPT_NOT_FIT_VALIDATED
DUC-F-03504,p4-1x1,Yellow,#F4EE2A,25,3497,-44.0,-52.0,60.0,0,CONCEPT_NOT_FIT_VALIDATED
DUC-F-03505,p4-1x1,Yellow,#F4EE2A,25,3498,44.0,-52.0,60.0,0,CONCEPT_NOT_FIT_VALIDATED
DUC-F-03506,p4-4x2,Yellow,#F4EE2A,25,3499,-46.0,-42.0,60.0,90,CONCEPT_NOT_FIT_VALIDATED
DUC-F-03507,p4-4x2,Yellow,#F4EE2A,25,3500,-38.0,-42.0,60.0,90,CONCEPT_NOT_FIT_VALIDATED
DUC-F-03508,p4-4x2,Yellow,#F4EE2A,25,3501,-30.0,-42.0,60.0,90,CONCEPT_NOT_FIT_VALIDATED
DUC-F-03509,p4-4x2,Yellow,#F4EE2A,25,3502,-22.0,-42.0,60.0,90,CONCEPT_NOT_FIT_VALIDATED
DUC-F-03510,p4-4x2,Yellow,#F4EE2A,25,3503,-14.0,-42.0,60.0,90,CONCEPT_NOT_FIT_VALIDATED
DUC-F-03511,p4-4x2,Yellow,#F4EE2A,25,3504,-6.0,-42.0,60.0,90,CONCEPT_NOT_FIT_VALIDATED
DUC-F-03512,p4-4x2,Yellow,#F4EE2A,25,3505,2.0,-42.0,60.0,90,CONCEPT_NOT_FIT_VALIDATED
DUC-F-03513,p4-4x2,Yellow,#F4EE2A,25,3506,10.0,-42.0,60.0,90,CONCEPT_NOT_FIT_VALIDATED
DUC-F-03514,p4-4x2,Yellow,#F4EE2A,25,3507,18.0,-42.0,60.0,90,CONCEPT_NOT_FIT_VALIDATED
DUC-F-03515,p4-4x2,Yellow,#F4EE2A,25,3508,26.0,-42.0,60.0,90,CONCEPT_NOT_FIT_VALIDATED
DUC-F-03516,p4-4x2,Yellow,#F4EE2A,25,3509,34.0,-42.0,60.0,90,CONCEPT_NOT_FIT_VALIDATED
DUC-F-03517,p4-4x2,Yellow,#F4EE2A,25,3510,42.0,-42.0,60.0,90,CONCEPT_NOT_FIT_VALIDATED
DUC-F-03518,p4-4x1,Yellow,#F4EE2A,25,3511,48.0,-42.0,60.0,90,CONCEPT_NOT_FIT_VALIDATED
DUC-F-03519,p4-3x1,Yellow,#F4EE2A,25,3512,-52.0,-40.0,60.0,90,CONCEPT_NOT_FIT_VALIDATED
DUC-F-03520,p4-3x1,Yellow,#F4EE2A,25,3513,52.0,-40.0,60.0,90,CONCEPT_NOT_FIT_VALIDATED
DUC-F-03521,p4-2x1,Yellow,#F4EE2A,25,3514,-56.0,-38.0,60.0,90,CONCEPT_NOT_FIT_VALIDATED
DUC-F-03522,p4-2x1,Yellow,#F4EE2A,25,3515,56.0,-38.0,60.0,90,CONCEPT_NOT_FIT_VALIDATED
DUC-F-03523,p4-4x1,Yellow,#F4EE2A,25,3516,-60.0,-26.0,60.0,90,CONCEPT_NOT_FIT_VALIDATED
DUC-F-03524,p4-4x2,Yellow,#F4EE2A,25,3517,-54.0,-26.0,60.0,90,CONCEPT_NOT_FIT_VALIDATED
DUC-F-03525,p4-4x2,Yellow,#F4EE2A,25,3518,-46.0,-26.0,60.0,90,CONCEPT_NOT_FIT_VALIDATED
DUC-F-03526,p4-4x2,Yellow,#F4EE2A,25,3519,-38.0,-26.0,60.0,90,CONCEPT_NOT_FIT_VALIDATED
DUC-F-03527,p4-4x2,Yellow,#F4EE2A,25,3520,-30.0,-26.0,60.0,90,CONCEPT_NOT_FIT_VALIDATED
DUC-F-03528,p4-4x2,Yellow,#F4EE2A,25,3521,-22.0,-26.0,60.0,90,CONCEPT_NOT_FIT_VALIDATED
DUC-F-03529,p4-4x2,Yellow,#F4EE2A,25,3522,-14.0,-26.0,60.0,90,CONCEPT_NOT_FIT_VALIDATED
DUC-F-03530,p4-4x2,Yellow,#F4EE2A,25,3523,-6.0,-26.0,60.0,90,CONCEPT_NOT_FIT_VALIDATED
DUC-F-03531,p4-4x2,Yellow,#F4EE2A,25,3524,2.0,-26.0,60.0,90,CONCEPT_NOT_FIT_VALIDATED
DUC-F-03532,p4-4x2,Yellow,#F4EE2A,25,3525,10.0,-26.0,60.0,90,CONCEPT_NOT_FIT_VALIDATED
DUC-F-03533,p4-4x2,Yellow,#F4EE2A,25,3526,18.0,-26.0,60.0,90,CONCEPT_NOT_FIT_VALIDATED
DUC-F-03534,p4-4x2,Yellow,#F4EE2A,25,3527,26.0,-26.0,60.0,90,CONCEPT_NOT_FIT_VALIDATED
DUC-F-03535,p4-4x2,Yellow,#F4EE2A,25,3528,34.0,-26.0,60.0,90,CONCEPT_NOT_FIT_VALIDATED
DUC-F-03536,p4-4x2,Yellow,#F4EE2A,25,3529,42.0,-26.0,60.0,90,CONCEPT_NOT_FIT_VALIDATED
DUC-F-03537,p4-4x2,Yellow,#F4EE2A,25,3530,50.0,-26.0,60.0,90,CONCEPT_NOT_FIT_VALIDATED
DUC-F-03538,p4-4x2,Yellow,#F4EE2A,25,3531,58.0,-26.0,60.0,90,CONCEPT_NOT_FIT_VALIDATED
DUC-F-03539,p4-1x1,Yellow,#F4EE2A,25,3532,-64.0,-20.0,60.0,0,CONCEPT_NOT_FIT_VALIDATED
DUC-F-03540,p4-1x1,Yellow,#F4EE2A,25,3533,64.0,-20.0,60.0,0,CONCEPT_NOT_FIT_VALIDATED
DUC-F-03541,p4-4x2,Yellow,#F4EE2A,25,3534,-62.0,-10.0,60.0,90,CONCEPT_NOT_FIT_VALIDATED
DUC-F-03542,p4-4x2,Yellow,#F4EE2A,25,3535,-54.0,-10.0,60.0,90,CONCEPT_NOT_FIT_VALIDATED
DUC-F-03543,p4-4x2,Yellow,#F4EE2A,25,3536,-46.0,-10.0,60.0,90,CONCEPT_NOT_FIT_VALIDATED
DUC-F-03544,p4-4x2,Yellow,#F4EE2A,25,3537,-38.0,-10.0,60.0,90,CONCEPT_NOT_FIT_VALIDATED
DUC-F-03545,p4-4x2,Yellow,#F4EE2A,25,3538,-30.0,-10.0,60.0,90,CONCEPT_NOT_FIT_VALIDATED
DUC-F-03546,p4-4x2,Yellow,#F4EE2A,25,3539,-22.0,-10.0,60.0,90,CONCEPT_NOT_FIT_VALIDATED
DUC-F-03547,p4-4x2,Yellow,#F4EE2A,25,3540,-14.0,-10.0,60.0,90,CONCEPT_NOT_FIT_VALIDATED
DUC-F-03548,p4-4x2,Yellow,#F4EE2A,25,3541,-6.0,-10.0,60.0,90,CONCEPT_NOT_FIT_VALIDATED
DUC-F-03549,p4-4x2,Yellow,#F4EE2A,25,3542,2.0,-10.0,60.0,90,CONCEPT_NOT_FIT_VALIDATED
DUC-F-03550,p4-4x2,Yellow,#F4EE2A,25,3543,10.0,-10.0,60.0,90,CONCEPT_NOT_FIT_VALIDATED
DUC-F-03551,p4-4x2,Yellow,#F4EE2A,25,3544,18.0,-10.0,60.0,90,CONCEPT_NOT_FIT_VALIDATED
DUC-F-03552,p4-4x2,Yellow,#F4EE2A,25,3545,26.0,-10.0,60.0,90,CONCEPT_NOT_FIT_VALIDATED
DUC-F-03553,p4-4x2,Yellow,#F4EE2A,25,3546,34.0,-10.0,60.0,90,CONCEPT_NOT_FIT_VALIDATED
DUC-F-03554,p4-4x2,Yellow,#F4EE2A,25,3547,42.0,-10.0,60.0,90,CONCEPT_NOT_FIT_VALIDATED
DUC-F-03555,p4-4x2,Yellow,#F4EE2A,25,3548,50.0,-10.0,60.0,90,CONCEPT_NOT_FIT_VALIDATED
DUC-F-03556,p4-4x2,Yellow,#F4EE2A,25,3549,58.0,-10.0,60.0,90,CONCEPT_NOT_FIT_VALIDATED
DUC-F-03557,p4-4x1,Yellow,#F4EE2A,25,3550,64.0,-10.0,60.0,90,CONCEPT_NOT_FIT_VALIDATED
DUC-F-03558,p4-4x2,Yellow,#F4EE2A,25,3551,-62.0,6.0,60.0,90,CONCEPT_NOT_FIT_VALIDATED
DUC-F-03559,p4-4x2,Yellow,#F4EE2A,25,3552,-54.0,6.0,60.0,90,CONCEPT_NOT_FIT_VALIDATED
DUC-F-03560,p4-4x2,Yellow,#F4EE2A,25,3553,-46.0,6.0,60.0,90,CONCEPT_NOT_FIT_VALIDATED
DUC-F-03561,p4-4x2,Yellow,#F4EE2A,25,3554,-38.0,6.0,60.0,90,CONCEPT_NOT_FIT_VALIDATED
DUC-F-03562,p4-4x2,Yellow,#F4EE2A,25,3555,-30.0,6.0,60.0,90,CONCEPT_NOT_FIT_VALIDATED
DUC-F-03563,p4-4x2,Yellow,#F4EE2A,25,3556,-22.0,6.0,60.0,90,CONCEPT_NOT_FIT_VALIDATED
DUC-F-03564,p4-4x2,Yellow,#F4EE2A,25,3557,-14.0,6.0,60.0,90,CONCEPT_NOT_FIT_VALIDATED
DUC-F-03565,p4-4x2,Yellow,#F4EE2A,25,3558,-6.0,6.0,60.0,90,CONCEPT_NOT_FIT_VALIDATED
DUC-F-03566,p4-4x2,Yellow,#F4EE2A,25,3559,2.0,6.0,60.0,90,CONCEPT_NOT_FIT_VALIDATED
DUC-F-03567,p4-4x2,Yellow,#F4EE2A,25,3560,10.0,6.0,60.0,90,CONCEPT_NOT_FIT_VALIDATED
DUC-F-03568,p4-4x2,Yellow,#F4EE2A,25,3561,18.0,6.0,60.0,90,CONCEPT_NOT_FIT_VALIDATED
DUC-F-03569,p4-4x2,Yellow,#F4EE2A,25,3562,26.0,6.0,60.0,90,CONCEPT_NOT_FIT_VALIDATED
DUC-F-03570,p4-4x2,Yellow,#F4EE2A,25,3563,34.0,6.0,60.0,90,CONCEPT_NOT_FIT_VALIDATED
DUC-F-03571,p4-4x2,Yellow,#F4EE2A,25,3564,42.0,6.0,60.0,90,CONCEPT_NOT_FIT_VALIDATED
DUC-F-03572,p4-4x2,Yellow,#F4EE2A,25,3565,50.0,6.0,60.0,90,CONCEPT_NOT_FIT_VALIDATED
DUC-F-03573,p4-4x2,Yellow,#F4EE2A,25,3566,58.0,6.0,60.0,90,CONCEPT_NOT_FIT_VALIDATED
DUC-F-03574,p4-4x1,Yellow,#F4EE2A,25,3567,64.0,6.0,60.0,90,CONCEPT_NOT_FIT_VALIDATED
DUC-F-03575,p4-4x1,Yellow,#F4EE2A,25,3568,-68.0,22.0,60.0,90,CONCEPT_NOT_FIT_VALIDATED
DUC-F-03576,p4-4x2,Yellow,#F4EE2A,25,3569,-62.0,22.0,60.0,90,CONCEPT_NOT_FIT_VALIDATED
DUC-F-03577,p4-4x2,Yellow,#F4EE2A,25,3570,-54.0,22.0,60.0,90,CONCEPT_NOT_FIT_VALIDATED
DUC-F-03578,p4-4x2,Yellow,#F4EE2A,25,3571,-46.0,22.0,60.0,90,CONCEPT_NOT_FIT_VALIDATED
DUC-F-03579,p4-4x2,Yellow,#F4EE2A,25,3572,-38.0,22.0,60.0,90,CONCEPT_NOT_FIT_VALIDATED
DUC-F-03580,p4-4x2,Yellow,#F4EE2A,25,3573,-30.0,22.0,60.0,90,CONCEPT_NOT_FIT_VALIDATED
DUC-F-03581,p4-4x2,Yellow,#F4EE2A,25,3574,-22.0,22.0,60.0,90,CONCEPT_NOT_FIT_VALIDATED
DUC-F-03582,p4-4x2,Yellow,#F4EE2A,25,3575,-14.0,22.0,60.0,90,CONCEPT_NOT_FIT_VALIDATED
DUC-F-03583,p4-4x2,Yellow,#F4EE2A,25,3576,-6.0,22.0,60.0,90,CONCEPT_NOT_FIT_VALIDATED
DUC-F-03584,p4-4x2,Yellow,#F4EE2A,25,3577,2.0,22.0,60.0,90,CONCEPT_NOT_FIT_VALIDATED
DUC-F-03585,p4-4x2,Yellow,#F4EE2A,25,3578,10.0,22.0,60.0,90,CONCEPT_NOT_FIT_VALIDATED
DUC-F-03586,p4-4x2,Yellow,#F4EE2A,25,3579,18.0,22.0,60.0,90,CONCEPT_NOT_FIT_VALIDATED
DUC-F-03587,p4-4x2,Yellow,#F4EE2A,25,3580,26.0,22.0,60.0,90,CONCEPT_NOT_FIT_VALIDATED
DUC-F-03588,p4-4x2,Yellow,#F4EE2A,25,3581,34.0,22.0,60.0,90,CONCEPT_NOT_FIT_VALIDATED
DUC-F-03589,p4-4x2,Yellow,#F4EE2A,25,3582,42.0,22.0,60.0,90,CONCEPT_NOT_FIT_VALIDATED
DUC-F-03590,p4-4x2,Yellow,#F4EE2A,25,3583,50.0,22.0,60.0,90,CONCEPT_NOT_FIT_VALIDATED
DUC-F-03591,p4-4x2,Yellow,#F4EE2A,25,3584,58.0,22.0,60.0,90,CONCEPT_NOT_FIT_VALIDATED
DUC-F-03592,p4-4x2,Yellow,#F4EE2A,25,3585,66.0,22.0,60.0,90,CONCEPT_NOT_FIT_VALIDATED
DUC-F-03593,p4-3x1,Yellow,#F4EE2A,25,3586,-72.0,24.0,60.0,90,CONCEPT_NOT_FIT_VALIDATED
DUC-F-03594,p4-3x1,Yellow,#F4EE2A,25,3587,72.0,24.0,60.0,90,CONCEPT_NOT_FIT_VALIDATED
DUC-F-03484,p4-1x1,Yellow,#F4EE2A,24,3588,72.0,20.0,57.6,0,CONCEPT_NOT_FIT_VALIDATED
DUC-F-03595,p4-4x2,Yellow,#F4EE2A,25,3589,-70.0,38.0,60.0,90,CONCEPT_NOT_FIT_VALIDATED
DUC-F-03596,p4-4x2,Yellow,#F4EE2A,25,3590,-62.0,38.0,60.0,90,CONCEPT_NOT_FIT_VALIDATED
DUC-F-03597,p4-4x2,Yellow,#F4EE2A,25,3591,-54.0,38.0,60.0,90,CONCEPT_NOT_FIT_VALIDATED
DUC-F-03598,p4-4x2,Yellow,#F4EE2A,25,3592,-46.0,38.0,60.0,90,CONCEPT_NOT_FIT_VALIDATED
DUC-F-03599,p4-4x2,Yellow,#F4EE2A,25,3593,-38.0,38.0,60.0,90,CONCEPT_NOT_FIT_VALIDATED
DUC-F-03600,p4-4x2,Yellow,#F4EE2A,25,3594,-30.0,38.0,60.0,90,CONCEPT_NOT_FIT_VALIDATED
DUC-F-03601,p4-4x2,Yellow,#F4EE2A,25,3595,-22.0,38.0,60.0,90,CONCEPT_NOT_FIT_VALIDATED
DUC-F-03602,p4-4x2,Yellow,#F4EE2A,25,3596,-14.0,38.0,60.0,90,CONCEPT_NOT_FIT_VALIDATED
DUC-F-03603,p4-4x2,Yellow,#F4EE2A,25,3597,-6.0,38.0,60.0,90,CONCEPT_NOT_FIT_VALIDATED
DUC-F-03604,p4-4x2,Yellow,#F4EE2A,25,3598,2.0,38.0,60.0,90,CONCEPT_NOT_FIT_VALIDATED
DUC-F-03605,p4-4x2,Yellow,#F4EE2A,25,3599,10.0,38.0,60.0,90,CONCEPT_NOT_FIT_VALIDATED
DUC-F-03606,p4-4x2,Yellow,#F4EE2A,25,3600,18.0,38.0,60.0,90,CONCEPT_NOT_FIT_VALIDATED
DUC-F-03607,p4-4x2,Yellow,#F4EE2A,25,3601,26.0,38.0,60.0,90,CONCEPT_NOT_FIT_VALIDATED
DUC-F-03608,p4-4x2,Yellow,#F4EE2A,25,3602,34.0,38.0,60.0,90,CONCEPT_NOT_FIT_VALIDATED
DUC-F-03609,p4-4x2,Yellow,#F4EE2A,25,3603,42.0,38.0,60.0,90,CONCEPT_NOT_FIT_VALIDATED
DUC-F-03610,p4-4x2,Yellow,#F4EE2A,25,3604,50.0,38.0,60.0,90,CONCEPT_NOT_FIT_VALIDATED
DUC-F-03611,p4-4x2,Yellow,#F4EE2A,25,3605,58.0,38.0,60.0,90,CONCEPT_NOT_FIT_VALIDATED
DUC-F-03612,p4-4x2,Yellow,#F4EE2A,25,3606,66.0,38.0,60.0,90,CONCEPT_NOT_FIT_VALIDATED
DUC-F-03613,p4-4x1,Yellow,#F4EE2A,25,3607,72.0,38.0,60.0,90,CONCEPT_NOT_FIT_VALIDATED
DUC-F-03614,p4-3x1,Yellow,#F4EE2A,25,3608,-68.0,52.0,60.0,90,CONCEPT_NOT_FIT_VALIDATED
DUC-F-03303,p4-1x1,Yellow,#F4EE2A,24,3609,-68.0,56.0,57.6,0,CONCEPT_NOT_FIT_VALIDATED
DUC-F-03615,p4-4x2,Yellow,#F4EE2A,25,3610,-62.0,54.0,60.0,90,CONCEPT_NOT_FIT_VALIDATED
DUC-F-03616,p4-4x2,Yellow,#F4EE2A,25,3611,-54.0,54.0,60.0,90,CONCEPT_NOT_FIT_VALIDATED
DUC-F-03617,p4-4x2,Yellow,#F4EE2A,25,3612,-46.0,54.0,60.0,90,CONCEPT_NOT_FIT_VALIDATED
DUC-F-03618,p4-4x2,Yellow,#F4EE2A,25,3613,-38.0,54.0,60.0,90,CONCEPT_NOT_FIT_VALIDATED
DUC-F-03619,p4-4x2,Yellow,#F4EE2A,25,3614,-30.0,54.0,60.0,90,CONCEPT_NOT_FIT_VALIDATED
DUC-F-03620,p4-4x2,Yellow,#F4EE2A,25,3615,-22.0,54.0,60.0,90,CONCEPT_NOT_FIT_VALIDATED
DUC-F-03621,p4-4x2,Yellow,#F4EE2A,25,3616,-14.0,54.0,60.0,90,CONCEPT_NOT_FIT_VALIDATED
DUC-F-03622,p4-4x2,Yellow,#F4EE2A,25,3617,-6.0,54.0,60.0,90,CONCEPT_NOT_FIT_VALIDATED
DUC-F-03623,p4-4x2,Yellow,#F4EE2A,25,3618,2.0,54.0,60.0,90,CONCEPT_NOT_FIT_VALIDATED
DUC-F-03624,p4-4x2,Yellow,#F4EE2A,25,3619,10.0,54.0,60.0,90,CONCEPT_NOT_FIT_VALIDATED
DUC-F-03625,p4-4x2,Yellow,#F4EE2A,25,3620,18.0,54.0,60.0,90,CONCEPT_NOT_FIT_VALIDATED
DUC-F-03626,p4-4x2,Yellow,#F4EE2A,25,3621,26.0,54.0,60.0,90,CONCEPT_NOT_FIT_VALIDATED
DUC-F-03627,p4-4x2,Yellow,#F4EE2A,25,3622,34.0,54.0,60.0,90,CONCEPT_NOT_FIT_VALIDATED
DUC-F-03628,p4-4x2,Yellow,#F4EE2A,25,3623,42.0,54.0,60.0,90,CONCEPT_NOT_FIT_VALIDATED
DUC-F-03629,p4-4x2,Yellow,#F4EE2A,25,3624,50.0,54.0,60.0,90,CONCEPT_NOT_FIT_VALIDATED
DUC-F-03630,p4-4x2,Yellow,#F4EE2A,25,3625,58.0,54.0,60.0,90,CONCEPT_NOT_FIT_VALIDATED
DUC-F-03631,p4-3x2,Yellow,#F4EE2A,25,3626,66.0,52.0,60.0,90,CONCEPT_NOT_FIT_VALIDATED
DUC-F-03632,p4-1x1,Yellow,#F4EE2A,25,3627,64.0,60.0,60.0,0,CONCEPT_NOT_FIT_VALIDATED
DUC-F-03633,p4-2x1,Yellow,#F4EE2A,25,3628,-62.0,64.0,60.0,0,CONCEPT_NOT_FIT_VALIDATED
DUC-F-03634,p4-3x2,Yellow,#F4EE2A,25,3629,-54.0,68.0,60.0,90,CONCEPT_NOT_FIT_VALIDATED
DUC-F-03318,p4-2x1,Yellow,#F4EE2A,24,3630,-54.0,68.0,57.6,0,CONCEPT_NOT_FIT_VALIDATED
DUC-F-03635,p4-3x2,Yellow,#F4EE2A,25,3631,-46.0,68.0,60.0,90,CONCEPT_NOT_FIT_VALIDATED
DUC-F-03636,p4-4x2,Yellow,#F4EE2A,25,3632,-38.0,70.0,60.0,90,CONCEPT_NOT_FIT_VALIDATED
DUC-F-03637,p4-4x2,Yellow,#F4EE2A,25,3633,-30.0,70.0,60.0,90,CONCEPT_NOT_FIT_VALIDATED
DUC-F-03638,p4-4x2,Yellow,#F4EE2A,25,3634,-22.0,70.0,60.0,90,CONCEPT_NOT_FIT_VALIDATED
DUC-F-03639,p4-4x2,Yellow,#F4EE2A,25,3635,-14.0,70.0,60.0,90,CONCEPT_NOT_FIT_VALIDATED
DUC-F-03640,p4-4x2,Yellow,#F4EE2A,25,3636,-6.0,70.0,60.0,90,CONCEPT_NOT_FIT_VALIDATED
DUC-F-03641,p4-4x2,Yellow,#F4EE2A,25,3637,2.0,70.0,60.0,90,CONCEPT_NOT_FIT_VALIDATED
DUC-F-03642,p4-4x2,Yellow,#F4EE2A,25,3638,10.0,70.0,60.0,90,CONCEPT_NOT_FIT_VALIDATED
DUC-F-03643,p4-4x2,Yellow,#F4EE2A,25,3639,18.0,70.0,60.0,90,CONCEPT_NOT_FIT_VALIDATED
DUC-F-03644,p4-4x2,Yellow,#F4EE2A,25,3640,26.0,70.0,60.0,90,CONCEPT_NOT_FIT_VALIDATED
DUC-F-03645,p4-4x2,Yellow,#F4EE2A,25,3641,34.0,70.0,60.0,90,CONCEPT_NOT_FIT_VALIDATED
DUC-F-03646,p4-3x2,Yellow,#F4EE2A,25,3642,42.0,68.0,60.0,90,CONCEPT_NOT_FIT_VALIDATED
DUC-F-03647,p4-3x2,Yellow,#F4EE2A,25,3643,50.0,68.0,60.0,90,CONCEPT_NOT_FIT_VALIDATED
DUC-F-03648,p4-2x2,Yellow,#F4EE2A,25,3644,58.0,66.0,60.0,0,CONCEPT_NOT_FIT_VALIDATED
DUC-F-03470,p4-1x1,Yellow,#F4EE2A,24,3645,60.0,64.0,57.6,0,CONCEPT_NOT_FIT_VALIDATED
DUC-F-03266,p4-1x1,Yellow,#F4EE2A,23,3646,60.0,64.0,55.2,0,CONCEPT_NOT_FIT_VALIDATED
DUC-F-03652,p4-1x1,Yellow,#F4EE2A,25,3647,40.0,76.0,60.0,0,CONCEPT_NOT_FIT_VALIDATED
DUC-F-03653,p4-1x1,Yellow,#F4EE2A,25,3648,-36.0,80.0,60.0,0,CONCEPT_NOT_FIT_VALIDATED
DUC-F-03654,p4-2x2,Yellow,#F4EE2A,25,3649,-30.0,82.0,60.0,0,CONCEPT_NOT_FIT_VALIDATED
DUC-F-03655,p4-4x2,Yellow,#F4EE2A,25,3650,-22.0,86.0,60.0,90,CONCEPT_NOT_FIT_VALIDATED
DUC-F-03362,p4-1x1,Yellow,#F4EE2A,24,3651,-20.0,92.0,57.6,0,CONCEPT_NOT_FIT_VALIDATED
DUC-F-03656,p4-4x2,Yellow,#F4EE2A,25,3652,-14.0,86.0,60.0,90,CONCEPT_NOT_FIT_VALIDATED
DUC-F-03657,p4-4x2,Yellow,#F4EE2A,25,3653,-6.0,86.0,60.0,90,CONCEPT_NOT_FIT_VALIDATED
DUC-F-03658,p4-4x2,Yellow,#F4EE2A,25,3654,2.0,86.0,60.0,90,CONCEPT_NOT_FIT_VALIDATED
DUC-F-03659,p4-4x2,Yellow,#F4EE2A,25,3655,10.0,86.0,60.0,90,CONCEPT_NOT_FIT_VALIDATED
DUC-F-03660,p4-4x2,Yellow,#F4EE2A,25,3656,18.0,86.0,60.0,90,CONCEPT_NOT_FIT_VALIDATED
DUC-F-03661,p4-3x2,Yellow,#F4EE2A,25,3657,26.0,84.0,60.0,90,CONCEPT_NOT_FIT_VALIDATED
DUC-F-03662,p4-2x1,Yellow,#F4EE2A,25,3658,32.0,82.0,60.0,90,CONCEPT_NOT_FIT_VALIDATED
DUC-F-03450,p4-1x1,Yellow,#F4EE2A,24,3659,32.0,84.0,57.6,0,CONCEPT_NOT_FIT_VALIDATED
DUC-F-03663,p4-1x1,Yellow,#F4EE2A,25,3660,36.0,80.0,60.0,0,CONCEPT_NOT_FIT_VALIDATED
DUC-F-03666,p4-2x1,Yellow,#F4EE2A,25,3661,-14.0,96.0,60.0,0,CONCEPT_NOT_FIT_VALIDATED
DUC-F-03667,p4-2x2,Yellow,#F4EE2A,25,3662,-6.0,98.0,60.0,0,CONCEPT_NOT_FIT_VALIDATED
DUC-F-03668,p4-2x2,Yellow,#F4EE2A,25,3663,2.0,98.0,60.0,0,CONCEPT_NOT_FIT_VALIDATED
DUC-F-03669,p4-2x1,Yellow,#F4EE2A,25,3664,8.0,98.0,60.0,90,CONCEPT_NOT_FIT_VALIDATED
DUC-F-03670,p4-1x1,Yellow,#F4EE2A,25,3665,12.0,96.0,60.0,0,CONCEPT_NOT_FIT_VALIDATED
DUC-F-03672,p4-2x1,Yellow,#F4EE2A,26,3666,-72.0,22.0,62.4,90,CONCEPT_NOT_FIT_VALIDATED
DUC-F-03673,p4-2x1,Yellow,#F4EE2A,26,3667,-72.0,30.0,62.4,90,CONCEPT_NOT_FIT_VALIDATED
DUC-F-03674,p4-2x1,Yellow,#F4EE2A,26,3668,-72.0,38.0,62.4,90,CONCEPT_NOT_FIT_VALIDATED
DUC-F-03675,p4-2x1,Yellow,#F4EE2A,26,3669,-72.0,46.0,62.4,90,CONCEPT_NOT_FIT_VALIDATED
DUC-F-03676,p4-4x1,Yellow,#F4EE2A,26,3670,-62.0,16.0,62.4,0,CONCEPT_NOT_FIT_VALIDATED
DUC-F-03677,p4-4x2,Yellow,#F4EE2A,26,3671,-62.0,22.0,62.4,0,CONCEPT_NOT_FIT_VALIDATED
DUC-F-03678,p4-4x2,Yellow,#F4EE2A,26,3672,-62.0,30.0,62.4,0,CONCEPT_NOT_FIT_VALIDATED
DUC-F-03679,p4-4x2,Yellow,#F4EE2A,26,3673,-62.0,38.0,62.4,0,CONCEPT_NOT_FIT_VALIDATED
DUC-F-03680,p4-4x2,Yellow,#F4EE2A,26,3674,-62.0,46.0,62.4,0,CONCEPT_NOT_FIT_VALIDATED
DUC-F-03681,p4-4x2,Yellow,#F4EE2A,26,3675,-62.0,54.0,62.4,0,CONCEPT_NOT_FIT_VALIDATED
DUC-F-03682,p4-4x1,Yellow,#F4EE2A,26,3676,-62.0,60.0,62.4,0,CONCEPT_NOT_FIT_VALIDATED
DUC-F-03683,p4-3x2,Yellow,#F4EE2A,26,3677,-60.0,-18.0,62.4,0,CONCEPT_NOT_FIT_VALIDATED
DUC-F-03684,p4-3x2,Yellow,#F4EE2A,26,3678,-60.0,-10.0,62.4,0,CONCEPT_NOT_FIT_VALIDATED
DUC-F-03685,p4-3x2,Yellow,#F4EE2A,26,3679,-60.0,-2.0,62.4,0,CONCEPT_NOT_FIT_VALIDATED
DUC-F-03686,p4-3x2,Yellow,#F4EE2A,26,3680,-60.0,6.0,62.4,0,CONCEPT_NOT_FIT_VALIDATED
DUC-F-03687,p4-3x1,Yellow,#F4EE2A,26,3681,-60.0,12.0,62.4,0,CONCEPT_NOT_FIT_VALIDATED
DUC-F-03688,p4-3x1,Yellow,#F4EE2A,26,3682,-60.0,64.0,62.4,0,CONCEPT_NOT_FIT_VALIDATED
DUC-F-03689,p4-2x2,Yellow,#F4EE2A,26,3683,-58.0,-26.0,62.4,0,CONCEPT_NOT_FIT_VALIDATED
DUC-F-03690,p4-2x1,Yellow,#F4EE2A,26,3684,-58.0,68.0,62.4,0,CONCEPT_NOT_FIT_VALIDATED
DUC-F-03650,p4-1x1,Yellow,#F4EE2A,25,3685,-60.0,68.0,60.0,0,CONCEPT_NOT_FIT_VALIDATED
DUC-F-03691,p4-2x1,Yellow,#F4EE2A,26,3686,-56.0,-34.0,62.4,90,CONCEPT_NOT_FIT_VALIDATED
DUC-F-03692,p4-1x1,Yellow,#F4EE2A,26,3687,-56.0,72.0,62.4,0,CONCEPT_NOT_FIT_VALIDATED
DUC-F-03693,p4-4x2,Yellow,#F4EE2A,26,3688,-46.0,-42.0,62.4,0,CONCEPT_NOT_FIT_VALIDATED
DUC-F-03694,p4-4x2,Yellow,#F4EE2A,26,3689,-46.0,-34.0,62.4,0,CONCEPT_NOT_FIT_VALIDATED
DUC-F-03695,p4-4x2,Yellow,#F4EE2A,26,3690,-46.0,-26.0,62.4,0,CONCEPT_NOT_FIT_VALIDATED
DUC-F-03696,p4-4x2,Yellow,#F4EE2A,26,3691,-46.0,-18.0,62.4,0,CONCEPT_NOT_FIT_VALIDATED
DUC-F-03697,p4-4x2,Yellow,#F4EE2A,26,3692,-46.0,-10.0,62.4,0,CONCEPT_NOT_FIT_VALIDATED
DUC-F-03698,p4-4x2,Yellow,#F4EE2A,26,3693,-46.0,-2.0,62.4,0,CONCEPT_NOT_FIT_VALIDATED
DUC-F-03699,p4-4x2,Yellow,#F4EE2A,26,3694,-46.0,6.0,62.4,0,CONCEPT_NOT_FIT_VALIDATED
DUC-F-03700,p4-4x2,Yellow,#F4EE2A,26,3695,-46.0,14.0,62.4,0,CONCEPT_NOT_FIT_VALIDATED
DUC-F-03701,p4-4x2,Yellow,#F4EE2A,26,3696,-46.0,22.0,62.4,0,CONCEPT_NOT_FIT_VALIDATED
DUC-F-03702,p4-4x2,Yellow,#F4EE2A,26,3697,-46.0,30.0,62.4,0,CONCEPT_NOT_FIT_VALIDATED
DUC-F-03703,p4-4x2,Yellow,#F4EE2A,26,3698,-46.0,38.0,62.4,0,CONCEPT_NOT_FIT_VALIDATED
DUC-F-03704,p4-4x2,Yellow,#F4EE2A,26,3699,-46.0,46.0,62.4,0,CONCEPT_NOT_FIT_VALIDATED
DUC-F-03705,p4-4x2,Yellow,#F4EE2A,26,3700,-46.0,54.0,62.4,0,CONCEPT_NOT_FIT_VALIDATED
DUC-F-03706,p4-4x2,Yellow,#F4EE2A,26,3701,-46.0,62.0,62.4,0,CONCEPT_NOT_FIT_VALIDATED
DUC-F-03707,p4-4x2,Yellow,#F4EE2A,26,3702,-46.0,70.0,62.4,0,CONCEPT_NOT_FIT_VALIDATED
DUC-F-03708,p4-3x1,Yellow,#F4EE2A,26,3703,-44.0,-48.0,62.4,0,CONCEPT_NOT_FIT_VALIDATED
DUC-F-03709,p4-3x1,Yellow,#F4EE2A,26,3704,-44.0,76.0,62.4,0,CONCEPT_NOT_FIT_VALIDATED
DUC-F-03710,p4-2x1,Yellow,#F4EE2A,26,3705,-42.0,-52.0,62.4,0,CONCEPT_NOT_FIT_VALIDATED
DUC-F-03711,p4-1x1,Yellow,#F4EE2A,26,3706,-40.0,-56.0,62.4,0,CONCEPT_NOT_FIT_VALIDATED
DUC-F-03713,p4-4x2,Yellow,#F4EE2A,26,3707,-30.0,-58.0,62.4,0,CONCEPT_NOT_FIT_VALIDATED
DUC-F-03714,p4-4x2,Yellow,#F4EE2A,26,3708,-30.0,-50.0,62.4,0,CONCEPT_NOT_FIT_VALIDATED
DUC-F-03715,p4-4x2,Yellow,#F4EE2A,26,3709,-30.0,-42.0,62.4,0,CONCEPT_NOT_FIT_VALIDATED
DUC-F-03716,p4-4x2,Yellow,#F4EE2A,26,3710,-30.0,-34.0,62.4,0,CONCEPT_NOT_FIT_VALIDATED
DUC-F-03717,p4-4x2,Yellow,#F4EE2A,26,3711,-30.0,-26.0,62.4,0,CONCEPT_NOT_FIT_VALIDATED
DUC-F-03718,p4-4x2,Yellow,#F4EE2A,26,3712,-30.0,-18.0,62.4,0,CONCEPT_NOT_FIT_VALIDATED
DUC-F-03719,p4-4x2,Yellow,#F4EE2A,26,3713,-30.0,-10.0,62.4,0,CONCEPT_NOT_FIT_VALIDATED
DUC-F-03720,p4-4x2,Yellow,#F4EE2A,26,3714,-30.0,-2.0,62.4,0,CONCEPT_NOT_FIT_VALIDATED
DUC-F-03721,p4-4x2,Yellow,#F4EE2A,26,3715,-30.0,6.0,62.4,0,CONCEPT_NOT_FIT_VALIDATED
DUC-F-03722,p4-4x2,Yellow,#F4EE2A,26,3716,-30.0,14.0,62.4,0,CONCEPT_NOT_FIT_VALIDATED
DUC-F-03723,p4-4x2,Yellow,#F4EE2A,26,3717,-30.0,22.0,62.4,0,CONCEPT_NOT_FIT_VALIDATED
DUC-F-03724,p4-4x2,Yellow,#F4EE2A,26,3718,-30.0,30.0,62.4,0,CONCEPT_NOT_FIT_VALIDATED
DUC-F-03725,p4-4x2,Yellow,#F4EE2A,26,3719,-30.0,38.0,62.4,0,CONCEPT_NOT_FIT_VALIDATED
DUC-F-03726,p4-4x2,Yellow,#F4EE2A,26,3720,-30.0,46.0,62.4,0,CONCEPT_NOT_FIT_VALIDATED
DUC-F-03727,p4-4x2,Yellow,#F4EE2A,26,3721,-30.0,54.0,62.4,0,CONCEPT_NOT_FIT_VALIDATED
DUC-F-03728,p4-4x2,Yellow,#F4EE2A,26,3722,-30.0,62.0,62.4,0,CONCEPT_NOT_FIT_VALIDATED
DUC-F-03729,p4-4x2,Yellow,#F4EE2A,26,3723,-30.0,70.0,62.4,0,CONCEPT_NOT_FIT_VALIDATED
DUC-F-03730,p4-4x2,Yellow,#F4EE2A,26,3724,-30.0,78.0,62.4,0,CONCEPT_NOT_FIT_VALIDATED
DUC-F-03731,p4-3x1,Yellow,#F4EE2A,26,3725,-28.0,84.0,62.4,0,CONCEPT_NOT_FIT_VALIDATED
DUC-F-03732,p4-2x1,Yellow,#F4EE2A,26,3726,-26.0,-64.0,62.4,0,CONCEPT_NOT_FIT_VALIDATED
DUC-F-03733,p4-2x1,Yellow,#F4EE2A,26,3727,-26.0,88.0,62.4,0,CONCEPT_NOT_FIT_VALIDATED
DUC-F-03664,p4-1x1,Yellow,#F4EE2A,25,3728,-28.0,88.0,60.0,0,CONCEPT_NOT_FIT_VALIDATED
DUC-F-03734,p4-1x1,Yellow,#F4EE2A,26,3729,-24.0,92.0,62.4,0,CONCEPT_NOT_FIT_VALIDATED
DUC-F-03735,p4-4x2,Yellow,#F4EE2A,26,3730,-14.0,-66.0,62.4,0,CONCEPT_NOT_FIT_VALIDATED
DUC-F-03736,p4-4x2,Yellow,#F4EE2A,26,3731,-14.0,-58.0,62.4,0,CONCEPT_NOT_FIT_VALIDATED
DUC-F-03737,p4-4x2,Yellow,#F4EE2A,26,3732,-14.0,-50.0,62.4,0,CONCEPT_NOT_FIT_VALIDATED
DUC-F-03738,p4-4x2,Yellow,#F4EE2A,26,3733,-14.0,-42.0,62.4,0,CONCEPT_NOT_FIT_VALIDATED
DUC-F-03739,p4-4x2,Yellow,#F4EE2A,26,3734,-14.0,-34.0,62.4,0,CONCEPT_NOT_FIT_VALIDATED
DUC-F-03740,p4-4x2,Yellow,#F4EE2A,26,3735,-14.0,-26.0,62.4,0,CONCEPT_NOT_FIT_VALIDATED
DUC-F-03741,p4-4x2,Yellow,#F4EE2A,26,3736,-14.0,-18.0,62.4,0,CONCEPT_NOT_FIT_VALIDATED
DUC-F-03742,p4-4x2,Yellow,#F4EE2A,26,3737,-14.0,-10.0,62.4,0,CONCEPT_NOT_FIT_VALIDATED
DUC-F-03743,p4-4x2,Yellow,#F4EE2A,26,3738,-14.0,-2.0,62.4,0,CONCEPT_NOT_FIT_VALIDATED
DUC-F-03744,p4-4x2,Yellow,#F4EE2A,26,3739,-14.0,6.0,62.4,0,CONCEPT_NOT_FIT_VALIDATED
DUC-F-03745,p4-4x2,Yellow,#F4EE2A,26,3740,-14.0,14.0,62.4,0,CONCEPT_NOT_FIT_VALIDATED
DUC-F-03746,p4-4x2,Yellow,#F4EE2A,26,3741,-14.0,22.0,62.4,0,CONCEPT_NOT_FIT_VALIDATED
DUC-F-03747,p4-4x2,Yellow,#F4EE2A,26,3742,-14.0,30.0,62.4,0,CONCEPT_NOT_FIT_VALIDATED
DUC-F-03748,p4-4x2,Yellow,#F4EE2A,26,3743,-14.0,38.0,62.4,0,CONCEPT_NOT_FIT_VALIDATED
DUC-F-03749,p4-4x2,Yellow,#F4EE2A,26,3744,-14.0,46.0,62.4,0,CONCEPT_NOT_FIT_VALIDATED
DUC-F-03750,p4-4x2,Yellow,#F4EE2A,26,3745,-14.0,54.0,62.4,0,CONCEPT_NOT_FIT_VALIDATED
DUC-F-03751,p4-4x2,Yellow,#F4EE2A,26,3746,-14.0,62.0,62.4,0,CONCEPT_NOT_FIT_VALIDATED
DUC-F-03752,p4-4x2,Yellow,#F4EE2A,26,3747,-14.0,70.0,62.4,0,CONCEPT_NOT_FIT_VALIDATED
DUC-F-03753,p4-4x2,Yellow,#F4EE2A,26,3748,-14.0,78.0,62.4,0,CONCEPT_NOT_FIT_VALIDATED
DUC-F-03754,p4-4x2,Yellow,#F4EE2A,26,3749,-14.0,86.0,62.4,0,CONCEPT_NOT_FIT_VALIDATED
DUC-F-03755,p4-4x2,Yellow,#F4EE2A,26,3750,-14.0,94.0,62.4,0,CONCEPT_NOT_FIT_VALIDATED
DUC-F-03756,p4-3x1,Yellow,#F4EE2A,26,3751,-12.0,100.0,62.4,0,CONCEPT_NOT_FIT_VALIDATED
DUC-F-03757,p4-4x2,Yellow,#F4EE2A,26,3752,2.0,-66.0,62.4,0,CONCEPT_NOT_FIT_VALIDATED
DUC-F-03758,p4-4x2,Yellow,#F4EE2A,26,3753,2.0,-58.0,62.4,0,CONCEPT_NOT_FIT_VALIDATED
DUC-F-03759,p4-4x2,Yellow,#F4EE2A,26,3754,2.0,-50.0,62.4,0,CONCEPT_NOT_FIT_VALIDATED
DUC-F-03760,p4-4x2,Yellow,#F4EE2A,26,3755,2.0,-42.0,62.4,0,CONCEPT_NOT_FIT_VALIDATED
DUC-F-03761,p4-4x2,Yellow,#F4EE2A,26,3756,2.0,-34.0,62.4,0,CONCEPT_NOT_FIT_VALIDATED
DUC-F-03762,p4-4x2,Yellow,#F4EE2A,26,3757,2.0,-26.0,62.4,0,CONCEPT_NOT_FIT_VALIDATED
DUC-F-03763,p4-4x2,Yellow,#F4EE2A,26,3758,2.0,-18.0,62.4,0,CONCEPT_NOT_FIT_VALIDATED
DUC-F-03764,p4-4x2,Yellow,#F4EE2A,26,3759,2.0,-10.0,62.4,0,CONCEPT_NOT_FIT_VALIDATED
DUC-F-03765,p4-4x2,Yellow,#F4EE2A,26,3760,2.0,-2.0,62.4,0,CONCEPT_NOT_FIT_VALIDATED
DUC-F-03766,p4-4x2,Yellow,#F4EE2A,26,3761,2.0,6.0,62.4,0,CONCEPT_NOT_FIT_VALIDATED
DUC-F-03767,p4-4x2,Yellow,#F4EE2A,26,3762,2.0,14.0,62.4,0,CONCEPT_NOT_FIT_VALIDATED
DUC-F-03768,p4-4x2,Yellow,#F4EE2A,26,3763,2.0,22.0,62.4,0,CONCEPT_NOT_FIT_VALIDATED
DUC-F-03769,p4-4x2,Yellow,#F4EE2A,26,3764,2.0,30.0,62.4,0,CONCEPT_NOT_FIT_VALIDATED
DUC-F-03770,p4-4x2,Yellow,#F4EE2A,26,3765,2.0,38.0,62.4,0,CONCEPT_NOT_FIT_VALIDATED
DUC-F-03771,p4-4x2,Yellow,#F4EE2A,26,3766,2.0,46.0,62.4,0,CONCEPT_NOT_FIT_VALIDATED
DUC-F-03772,p4-4x2,Yellow,#F4EE2A,26,3767,2.0,54.0,62.4,0,CONCEPT_NOT_FIT_VALIDATED
DUC-F-03773,p4-4x2,Yellow,#F4EE2A,26,3768,2.0,62.0,62.4,0,CONCEPT_NOT_FIT_VALIDATED
DUC-F-03774,p4-4x2,Yellow,#F4EE2A,26,3769,2.0,70.0,62.4,0,CONCEPT_NOT_FIT_VALIDATED
DUC-F-03775,p4-4x2,Yellow,#F4EE2A,26,3770,2.0,78.0,62.4,0,CONCEPT_NOT_FIT_VALIDATED
DUC-F-03776,p4-4x2,Yellow,#F4EE2A,26,3771,2.0,86.0,62.4,0,CONCEPT_NOT_FIT_VALIDATED
DUC-F-03777,p4-4x2,Yellow,#F4EE2A,26,3772,2.0,94.0,62.4,0,CONCEPT_NOT_FIT_VALIDATED
DUC-F-03778,p4-4x1,Yellow,#F4EE2A,26,3773,2.0,100.0,62.4,0,CONCEPT_NOT_FIT_VALIDATED
DUC-F-03780,p4-2x2,Yellow,#F4EE2A,26,3774,14.0,-66.0,62.4,0,CONCEPT_NOT_FIT_VALIDATED
DUC-F-03781,p4-4x2,Yellow,#F4EE2A,26,3775,18.0,-58.0,62.4,0,CONCEPT_NOT_FIT_VALIDATED
DUC-F-03782,p4-4x2,Yellow,#F4EE2A,26,3776,18.0,-50.0,62.4,0,CONCEPT_NOT_FIT_VALIDATED
DUC-F-03783,p4-4x2,Yellow,#F4EE2A,26,3777,18.0,-42.0,62.4,0,CONCEPT_NOT_FIT_VALIDATED
DUC-F-03784,p4-4x2,Yellow,#F4EE2A,26,3778,18.0,-34.0,62.4,0,CONCEPT_NOT_FIT_VALIDATED
DUC-F-03785,p4-4x2,Yellow,#F4EE2A,26,3779,18.0,-26.0,62.4,0,CONCEPT_NOT_FIT_VALIDATED
DUC-F-03786,p4-4x2,Yellow,#F4EE2A,26,3780,18.0,-18.0,62.4,0,CONCEPT_NOT_FIT_VALIDATED
DUC-F-03787,p4-4x2,Yellow,#F4EE2A,26,3781,18.0,-10.0,62.4,0,CONCEPT_NOT_FIT_VALIDATED
DUC-F-03788,p4-4x2,Yellow,#F4EE2A,26,3782,18.0,-2.0,62.4,0,CONCEPT_NOT_FIT_VALIDATED
DUC-F-03789,p4-4x2,Yellow,#F4EE2A,26,3783,18.0,6.0,62.4,0,CONCEPT_NOT_FIT_VALIDATED
DUC-F-03790,p4-4x2,Yellow,#F4EE2A,26,3784,18.0,14.0,62.4,0,CONCEPT_NOT_FIT_VALIDATED
DUC-F-03791,p4-4x2,Yellow,#F4EE2A,26,3785,18.0,22.0,62.4,0,CONCEPT_NOT_FIT_VALIDATED
DUC-F-03792,p4-4x2,Yellow,#F4EE2A,26,3786,18.0,30.0,62.4,0,CONCEPT_NOT_FIT_VALIDATED
DUC-F-03793,p4-4x2,Yellow,#F4EE2A,26,3787,18.0,38.0,62.4,0,CONCEPT_NOT_FIT_VALIDATED
DUC-F-03794,p4-4x2,Yellow,#F4EE2A,26,3788,18.0,46.0,62.4,0,CONCEPT_NOT_FIT_VALIDATED
DUC-F-03795,p4-4x2,Yellow,#F4EE2A,26,3789,18.0,54.0,62.4,0,CONCEPT_NOT_FIT_VALIDATED
DUC-F-03796,p4-4x2,Yellow,#F4EE2A,26,3790,18.0,62.0,62.4,0,CONCEPT_NOT_FIT_VALIDATED
DUC-F-03797,p4-4x2,Yellow,#F4EE2A,26,3791,18.0,70.0,62.4,0,CONCEPT_NOT_FIT_VALIDATED
DUC-F-03798,p4-4x2,Yellow,#F4EE2A,26,3792,18.0,78.0,62.4,0,CONCEPT_NOT_FIT_VALIDATED
DUC-F-03799,p4-4x2,Yellow,#F4EE2A,26,3793,18.0,86.0,62.4,0,CONCEPT_NOT_FIT_VALIDATED
DUC-F-03800,p4-3x2,Yellow,#F4EE2A,26,3794,16.0,94.0,62.4,0,CONCEPT_NOT_FIT_VALIDATED
DUC-F-03671,p4-1x1,Yellow,#F4EE2A,25,3795,16.0,96.0,60.0,0,CONCEPT_NOT_FIT_VALIDATED
DUC-F-03802,p4-2x1,Yellow,#F4EE2A,26,3796,22.0,-64.0,62.4,0,CONCEPT_NOT_FIT_VALIDATED
DUC-F-03804,p4-1x1,Yellow,#F4EE2A,26,3797,28.0,-64.0,62.4,0,CONCEPT_NOT_FIT_VALIDATED
DUC-F-03805,p4-2x2,Yellow,#F4EE2A,26,3798,30.0,-58.0,62.4,0,CONCEPT_NOT_FIT_VALIDATED
DUC-F-03806,p4-4x2,Yellow,#F4EE2A,26,3799,34.0,-50.0,62.4,0,CONCEPT_NOT_FIT_VALIDATED
DUC-F-03807,p4-4x2,Yellow,#F4EE2A,26,3800,34.0,-42.0,62.4,0,CONCEPT_NOT_FIT_VALIDATED
DUC-F-03808,p4-4x2,Yellow,#F4EE2A,26,3801,34.0,-34.0,62.4,0,CONCEPT_NOT_FIT_VALIDATED
DUC-F-03809,p4-4x2,Yellow,#F4EE2A,26,3802,34.0,-26.0,62.4,0,CONCEPT_NOT_FIT_VALIDATED
DUC-F-03810,p4-4x2,Yellow,#F4EE2A,26,3803,34.0,-18.0,62.4,0,CONCEPT_NOT_FIT_VALIDATED
DUC-F-03811,p4-4x2,Yellow,#F4EE2A,26,3804,34.0,-10.0,62.4,0,CONCEPT_NOT_FIT_VALIDATED
DUC-F-03812,p4-4x2,Yellow,#F4EE2A,26,3805,34.0,-2.0,62.4,0,CONCEPT_NOT_FIT_VALIDATED
DUC-F-03813,p4-4x2,Yellow,#F4EE2A,26,3806,34.0,6.0,62.4,0,CONCEPT_NOT_FIT_VALIDATED
DUC-F-03814,p4-4x2,Yellow,#F4EE2A,26,3807,34.0,14.0,62.4,0,CONCEPT_NOT_FIT_VALIDATED
DUC-F-03815,p4-4x2,Yellow,#F4EE2A,26,3808,34.0,22.0,62.4,0,CONCEPT_NOT_FIT_VALIDATED
DUC-F-03816,p4-4x2,Yellow,#F4EE2A,26,3809,34.0,30.0,62.4,0,CONCEPT_NOT_FIT_VALIDATED
DUC-F-03817,p4-4x2,Yellow,#F4EE2A,26,3810,34.0,38.0,62.4,0,CONCEPT_NOT_FIT_VALIDATED
DUC-F-03818,p4-4x2,Yellow,#F4EE2A,26,3811,34.0,46.0,62.4,0,CONCEPT_NOT_FIT_VALIDATED
DUC-F-03819,p4-4x2,Yellow,#F4EE2A,26,3812,34.0,54.0,62.4,0,CONCEPT_NOT_FIT_VALIDATED
DUC-F-03820,p4-4x2,Yellow,#F4EE2A,26,3813,34.0,62.0,62.4,0,CONCEPT_NOT_FIT_VALIDATED
DUC-F-03821,p4-4x2,Yellow,#F4EE2A,26,3814,34.0,70.0,62.4,0,CONCEPT_NOT_FIT_VALIDATED
DUC-F-03822,p4-4x2,Yellow,#F4EE2A,26,3815,34.0,78.0,62.4,0,CONCEPT_NOT_FIT_VALIDATED
DUC-F-03823,p4-2x1,Yellow,#F4EE2A,26,3816,30.0,84.0,62.4,0,CONCEPT_NOT_FIT_VALIDATED
DUC-F-03824,p4-1x1,Yellow,#F4EE2A,26,3817,28.0,88.0,62.4,0,CONCEPT_NOT_FIT_VALIDATED
DUC-F-03825,p4-2x1,Yellow,#F4EE2A,26,3818,38.0,-56.0,62.4,0,CONCEPT_NOT_FIT_VALIDATED
DUC-F-03826,p4-2x1,Yellow,#F4EE2A,26,3819,44.0,-50.0,62.4,90,CONCEPT_NOT_FIT_VALIDATED
DUC-F-03827,p4-3x2,Yellow,#F4EE2A,26,3820,48.0,-42.0,62.4,0,CONCEPT_NOT_FIT_VALIDATED
DUC-F-03828,p4-4x2,Yellow,#F4EE2A,26,3821,50.0,-34.0,62.4,0,CONCEPT_NOT_FIT_VALIDATED
DUC-F-03829,p4-4x2,Yellow,#F4EE2A,26,3822,50.0,-26.0,62.4,0,CONCEPT_NOT_FIT_VALIDATED
DUC-F-03830,p4-4x2,Yellow,#F4EE2A,26,3823,50.0,-18.0,62.4,0,CONCEPT_NOT_FIT_VALIDATED
DUC-F-03831,p4-4x2,Yellow,#F4EE2A,26,3824,50.0,-10.0,62.4,0,CONCEPT_NOT_FIT_VALIDATED
DUC-F-03832,p4-4x2,Yellow,#F4EE2A,26,3825,50.0,-2.0,62.4,0,CONCEPT_NOT_FIT_VALIDATED
DUC-F-03833,p4-4x2,Yellow,#F4EE2A,26,3826,50.0,6.0,62.4,0,CONCEPT_NOT_FIT_VALIDATED
DUC-F-03834,p4-4x2,Yellow,#F4EE2A,26,3827,50.0,14.0,62.4,0,CONCEPT_NOT_FIT_VALIDATED
DUC-F-03835,p4-4x2,Yellow,#F4EE2A,26,3828,50.0,22.0,62.4,0,CONCEPT_NOT_FIT_VALIDATED
DUC-F-03836,p4-4x2,Yellow,#F4EE2A,26,3829,50.0,30.0,62.4,0,CONCEPT_NOT_FIT_VALIDATED
DUC-F-03837,p4-4x2,Yellow,#F4EE2A,26,3830,50.0,38.0,62.4,0,CONCEPT_NOT_FIT_VALIDATED
DUC-F-03838,p4-4x2,Yellow,#F4EE2A,26,3831,50.0,46.0,62.4,0,CONCEPT_NOT_FIT_VALIDATED
DUC-F-03839,p4-4x2,Yellow,#F4EE2A,26,3832,50.0,54.0,62.4,0,CONCEPT_NOT_FIT_VALIDATED
DUC-F-03840,p4-4x2,Yellow,#F4EE2A,26,3833,50.0,62.0,62.4,0,CONCEPT_NOT_FIT_VALIDATED
DUC-F-03841,p4-4x2,Yellow,#F4EE2A,26,3834,50.0,70.0,62.4,0,CONCEPT_NOT_FIT_VALIDATED
DUC-F-03651,p4-1x1,Yellow,#F4EE2A,25,3835,56.0,72.0,60.0,0,CONCEPT_NOT_FIT_VALIDATED
DUC-F-03843,p4-1x1,Yellow,#F4EE2A,26,3836,48.0,-48.0,62.4,0,CONCEPT_NOT_FIT_VALIDATED
DUC-F-03844,p4-2x1,Yellow,#F4EE2A,26,3837,60.0,-26.0,62.4,90,CONCEPT_NOT_FIT_VALIDATED
DUC-F-03845,p4-2x2,Yellow,#F4EE2A,26,3838,62.0,-18.0,62.4,0,CONCEPT_NOT_FIT_VALIDATED
DUC-F-03846,p4-2x2,Yellow,#F4EE2A,26,3839,62.0,-10.0,62.4,0,CONCEPT_NOT_FIT_VALIDATED
DUC-F-03847,p4-2x2,Yellow,#F4EE2A,26,3840,62.0,-2.0,62.4,0,CONCEPT_NOT_FIT_VALIDATED
DUC-F-03848,p4-2x2,Yellow,#F4EE2A,26,3841,62.0,6.0,62.4,0,CONCEPT_NOT_FIT_VALIDATED
DUC-F-03849,p4-2x2,Yellow,#F4EE2A,26,3842,62.0,14.0,62.4,0,CONCEPT_NOT_FIT_VALIDATED
DUC-F-03850,p4-4x2,Yellow,#F4EE2A,26,3843,66.0,22.0,62.4,0,CONCEPT_NOT_FIT_VALIDATED
DUC-F-03851,p4-4x2,Yellow,#F4EE2A,26,3844,66.0,30.0,62.4,0,CONCEPT_NOT_FIT_VALIDATED
DUC-F-03852,p4-4x2,Yellow,#F4EE2A,26,3845,66.0,38.0,62.4,0,CONCEPT_NOT_FIT_VALIDATED
DUC-F-03853,p4-4x2,Yellow,#F4EE2A,26,3846,66.0,46.0,62.4,0,CONCEPT_NOT_FIT_VALIDATED
DUC-F-03854,p4-3x2,Yellow,#F4EE2A,26,3847,64.0,54.0,62.4,0,CONCEPT_NOT_FIT_VALIDATED
DUC-F-03855,p4-2x2,Yellow,#F4EE2A,26,3848,62.0,62.0,62.4,0,CONCEPT_NOT_FIT_VALIDATED
DUC-F-03649,p4-1x1,Yellow,#F4EE2A,25,3849,64.0,64.0,60.0,0,CONCEPT_NOT_FIT_VALIDATED
DUC-F-03856,p4-1x1,Yellow,#F4EE2A,26,3850,60.0,68.0,62.4,0,CONCEPT_NOT_FIT_VALIDATED
DUC-F-03857,p4-1x1,Yellow,#F4EE2A,26,3851,68.0,16.0,62.4,0,CONCEPT_NOT_FIT_VALIDATED
DUC-F-03859,p4-4x2,Yellow,#F4EE2A,27,3852,-10.0,-62.0,64.8,90,CONCEPT_NOT_FIT_VALIDATED
DUC-F-03860,p4-4x2,Yellow,#F4EE2A,27,3853,-2.0,-62.0,64.8,90,CONCEPT_NOT_FIT_VALIDATED
DUC-F-03861,p4-4x2,Yellow,#F4EE2A,27,3854,6.0,-62.0,64.8,90,CONCEPT_NOT_FIT_VALIDATED
DUC-F-03862,p4-4x1,Yellow,#F4EE2A,27,3855,12.0,-62.0,64.8,90,CONCEPT_NOT_FIT_VALIDATED
DUC-F-03863,p4-3x1,Yellow,#F4EE2A,27,3856,-24.0,-60.0,64.8,90,CONCEPT_NOT_FIT_VALIDATED
DUC-F-03864,p4-3x2,Yellow,#F4EE2A,27,3857,-18.0,-60.0,64.8,90,CONCEPT_NOT_FIT_VALIDATED
DUC-F-03865,p4-3x1,Yellow,#F4EE2A,27,3858,16.0,-60.0,64.8,90,CONCEPT_NOT_FIT_VALIDATED
DUC-F-03866,p4-3x2,Yellow,#F4EE2A,27,3859,22.0,-60.0,64.8,90,CONCEPT_NOT_FIT_VALIDATED
DUC-F-03867,p4-2x1,Yellow,#F4EE2A,27,3860,-32.0,-58.0,64.8,90,CONCEPT_NOT_FIT_VALIDATED
DUC-F-03868,p4-2x1,Yellow,#F4EE2A,27,3861,-28.0,-58.0,64.8,90,CONCEPT_NOT_FIT_VALIDATED
DUC-F-03869,p4-2x2,Yellow,#F4EE2A,27,3862,30.0,-58.0,64.8,0,CONCEPT_NOT_FIT_VALIDATED
DUC-F-03870,p4-1x1,Yellow,#F4EE2A,27,3863,-36.0,-56.0,64.8,0,CONCEPT_NOT_FIT_VALIDATED
DUC-F-03871,p4-1x1,Yellow,#F4EE2A,27,3864,36.0,-56.0,64.8,0,CONCEPT_NOT_FIT_VALIDATED
DUC-F-03872,p4-4x2,Yellow,#F4EE2A,27,3865,-42.0,-46.0,64.8,90,CONCEPT_NOT_FIT_VALIDATED
DUC-F-03873,p4-4x2,Yellow,#F4EE2A,27,3866,-34.0,-46.0,64.8,90,CONCEPT_NOT_FIT_VALIDATED
DUC-F-03874,p4-4x2,Yellow,#F4EE2A,27,3867,-26.0,-46.0,64.8,90,CONCEPT_NOT_FIT_VALIDATED
DUC-F-03875,p4-4x2,Yellow,#F4EE2A,27,3868,-18.0,-46.0,64.8,90,CONCEPT_NOT_FIT_VALIDATED
DUC-F-03876,p4-4x2,Yellow,#F4EE2A,27,3869,-10.0,-46.0,64.8,90,CONCEPT_NOT_FIT_VALIDATED
DUC-F-03877,p4-4x2,Yellow,#F4EE2A,27,3870,-2.0,-46.0,64.8,90,CONCEPT_NOT_FIT_VALIDATED
DUC-F-03878,p4-4x2,Yellow,#F4EE2A,27,3871,6.0,-46.0,64.8,90,CONCEPT_NOT_FIT_VALIDATED
DUC-F-03879,p4-4x2,Yellow,#F4EE2A,27,3872,14.0,-46.0,64.8,90,CONCEPT_NOT_FIT_VALIDATED
DUC-F-03880,p4-4x2,Yellow,#F4EE2A,27,3873,22.0,-46.0,64.8,90,CONCEPT_NOT_FIT_VALIDATED
DUC-F-03881,p4-4x2,Yellow,#F4EE2A,27,3874,30.0,-46.0,64.8,90,CONCEPT_NOT_FIT_VALIDATED
DUC-F-03882,p4-4x2,Yellow,#F4EE2A,27,3875,38.0,-46.0,64.8,90,CONCEPT_NOT_FIT_VALIDATED
DUC-F-03883,p4-4x1,Yellow,#F4EE2A,27,3876,44.0,-46.0,64.8,90,CONCEPT_NOT_FIT_VALIDATED
DUC-F-03884,p4-3x1,Yellow,#F4EE2A,27,3877,-48.0,-44.0,64.8,90,CONCEPT_NOT_FIT_VALIDATED
DUC-F-03885,p4-3x1,Yellow,#F4EE2A,27,3878,48.0,-44.0,64.8,90,CONCEPT_NOT_FIT_VALIDATED
DUC-F-03886,p4-1x1,Yellow,#F4EE2A,27,3879,-52.0,-40.0,64.8,0,CONCEPT_NOT_FIT_VALIDATED
DUC-F-03887,p4-1x1,Yellow,#F4EE2A,27,3880,52.0,-40.0,64.8,0,CONCEPT_NOT_FIT_VALIDATED
DUC-F-03888,p4-4x1,Yellow,#F4EE2A,27,3881,-56.0,-30.0,64.8,90,CONCEPT_NOT_FIT_VALIDATED
DUC-F-03889,p4-4x2,Yellow,#F4EE2A,27,3882,-50.0,-30.0,64.8,90,CONCEPT_NOT_FIT_VALIDATED
DUC-F-03890,p4-4x2,Yellow,#F4EE2A,27,3883,-42.0,-30.0,64.8,90,CONCEPT_NOT_FIT_VALIDATED
DUC-F-03891,p4-4x2,Yellow,#F4EE2A,27,3884,-34.0,-30.0,64.8,90,CONCEPT_NOT_FIT_VALIDATED
DUC-F-03892,p4-4x2,Yellow,#F4EE2A,27,3885,-26.0,-30.0,64.8,90,CONCEPT_NOT_FIT_VALIDATED
DUC-F-03893,p4-4x2,Yellow,#F4EE2A,27,3886,-18.0,-30.0,64.8,90,CONCEPT_NOT_FIT_VALIDATED
DUC-F-03894,p4-4x2,Yellow,#F4EE2A,27,3887,-10.0,-30.0,64.8,90,CONCEPT_NOT_FIT_VALIDATED
DUC-F-03895,p4-4x2,Yellow,#F4EE2A,27,3888,-2.0,-30.0,64.8,90,CONCEPT_NOT_FIT_VALIDATED
DUC-F-03896,p4-4x2,Yellow,#F4EE2A,27,3889,6.0,-30.0,64.8,90,CONCEPT_NOT_FIT_VALIDATED
DUC-F-03897,p4-4x2,Yellow,#F4EE2A,27,3890,14.0,-30.0,64.8,90,CONCEPT_NOT_FIT_VALIDATED
DUC-F-03898,p4-4x2,Yellow,#F4EE2A,27,3891,22.0,-30.0,64.8,90,CONCEPT_NOT_FIT_VALIDATED
DUC-F-03899,p4-4x2,Yellow,#F4EE2A,27,3892,30.0,-30.0,64.8,90,CONCEPT_NOT_FIT_VALIDATED
DUC-F-03900,p4-4x2,Yellow,#F4EE2A,27,3893,38.0,-30.0,64.8,90,CONCEPT_NOT_FIT_VALIDATED
DUC-F-03901,p4-4x2,Yellow,#F4EE2A,27,3894,46.0,-30.0,64.8,90,CONCEPT_NOT_FIT_VALIDATED
DUC-F-03902,p4-4x2,Yellow,#F4EE2A,27,3895,54.0,-30.0,64.8,90,CONCEPT_NOT_FIT_VALIDATED
DUC-F-03903,p4-2x1,Yellow,#F4EE2A,27,3896,-60.0,-26.0,64.8,90,CONCEPT_NOT_FIT_VALIDATED
DUC-F-03904,p4-2x1,Yellow,#F4EE2A,27,3897,60.0,-26.0,64.8,90,CONCEPT_NOT_FIT_VALIDATED
DUC-F-03905,p4-4x2,Yellow,#F4EE2A,27,3898,-58.0,-14.0,64.8,90,CONCEPT_NOT_FIT_VALIDATED
DUC-F-03906,p4-4x2,Yellow,#F4EE2A,27,3899,-50.0,-14.0,64.8,90,CONCEPT_NOT_FIT_VALIDATED
DUC-F-03907,p4-4x2,Yellow,#F4EE2A,27,3900,-42.0,-14.0,64.8,90,CONCEPT_NOT_FIT_VALIDATED
DUC-F-03908,p4-4x2,Yellow,#F4EE2A,27,3901,-34.0,-14.0,64.8,90,CONCEPT_NOT_FIT_VALIDATED
DUC-F-03909,p4-4x2,Yellow,#F4EE2A,27,3902,-26.0,-14.0,64.8,90,CONCEPT_NOT_FIT_VALIDATED
DUC-F-03910,p4-4x2,Yellow,#F4EE2A,27,3903,-18.0,-14.0,64.8,90,CONCEPT_NOT_FIT_VALIDATED
DUC-F-03911,p4-4x2,Yellow,#F4EE2A,27,3904,-10.0,-14.0,64.8,90,CONCEPT_NOT_FIT_VALIDATED
DUC-F-03912,p4-4x2,Yellow,#F4EE2A,27,3905,-2.0,-14.0,64.8,90,CONCEPT_NOT_FIT_VALIDATED
DUC-F-03913,p4-4x2,Yellow,#F4EE2A,27,3906,6.0,-14.0,64.8,90,CONCEPT_NOT_FIT_VALIDATED
DUC-F-03914,p4-4x2,Yellow,#F4EE2A,27,3907,14.0,-14.0,64.8,90,CONCEPT_NOT_FIT_VALIDATED
DUC-F-03915,p4-4x2,Yellow,#F4EE2A,27,3908,22.0,-14.0,64.8,90,CONCEPT_NOT_FIT_VALIDATED
DUC-F-03916,p4-4x2,Yellow,#F4EE2A,27,3909,30.0,-14.0,64.8,90,CONCEPT_NOT_FIT_VALIDATED
DUC-F-03917,p4-4x2,Yellow,#F4EE2A,27,3910,38.0,-14.0,64.8,90,CONCEPT_NOT_FIT_VALIDATED
DUC-F-03918,p4-4x2,Yellow,#F4EE2A,27,3911,46.0,-14.0,64.8,90,CONCEPT_NOT_FIT_VALIDATED
DUC-F-03919,p4-4x2,Yellow,#F4EE2A,27,3912,54.0,-14.0,64.8,90,CONCEPT_NOT_FIT_VALIDATED
DUC-F-03920,p4-4x1,Yellow,#F4EE2A,27,3913,60.0,-14.0,64.8,90,CONCEPT_NOT_FIT_VALIDATED
DUC-F-03921,p4-3x1,Yellow,#F4EE2A,27,3914,-64.0,-12.0,64.8,90,CONCEPT_NOT_FIT_VALIDATED
DUC-F-03922,p4-3x1,Yellow,#F4EE2A,27,3915,64.0,-12.0,64.8,90,CONCEPT_NOT_FIT_VALIDATED
DUC-F-03923,p4-4x1,Yellow,#F4EE2A,27,3916,-64.0,2.0,64.8,90,CONCEPT_NOT_FIT_VALIDATED
DUC-F-03924,p4-4x2,Yellow,#F4EE2A,27,3917,-58.0,2.0,64.8,90,CONCEPT_NOT_FIT_VALIDATED
DUC-F-03925,p4-4x2,Yellow,#F4EE2A,27,3918,-50.0,2.0,64.8,90,CONCEPT_NOT_FIT_VALIDATED
DUC-F-03926,p4-4x2,Yellow,#F4EE2A,27,3919,-42.0,2.0,64.8,90,CONCEPT_NOT_FIT_VALIDATED
DUC-F-03927,p4-4x2,Yellow,#F4EE2A,27,3920,-34.0,2.0,64.8,90,CONCEPT_NOT_FIT_VALIDATED
DUC-F-03928,p4-4x2,Yellow,#F4EE2A,27,3921,-26.0,2.0,64.8,90,CONCEPT_NOT_FIT_VALIDATED
DUC-F-03929,p4-4x2,Yellow,#F4EE2A,27,3922,-18.0,2.0,64.8,90,CONCEPT_NOT_FIT_VALIDATED
DUC-F-03930,p4-4x2,Yellow,#F4EE2A,27,3923,-10.0,2.0,64.8,90,CONCEPT_NOT_FIT_VALIDATED
DUC-F-03931,p4-4x2,Yellow,#F4EE2A,27,3924,-2.0,2.0,64.8,90,CONCEPT_NOT_FIT_VALIDATED
DUC-F-03932,p4-4x2,Yellow,#F4EE2A,27,3925,6.0,2.0,64.8,90,CONCEPT_NOT_FIT_VALIDATED
DUC-F-03933,p4-4x2,Yellow,#F4EE2A,27,3926,14.0,2.0,64.8,90,CONCEPT_NOT_FIT_VALIDATED
DUC-F-03934,p4-4x2,Yellow,#F4EE2A,27,3927,22.0,2.0,64.8,90,CONCEPT_NOT_FIT_VALIDATED
DUC-F-03935,p4-4x2,Yellow,#F4EE2A,27,3928,30.0,2.0,64.8,90,CONCEPT_NOT_FIT_VALIDATED
DUC-F-03936,p4-4x2,Yellow,#F4EE2A,27,3929,38.0,2.0,64.8,90,CONCEPT_NOT_FIT_VALIDATED
DUC-F-03937,p4-4x2,Yellow,#F4EE2A,27,3930,46.0,2.0,64.8,90,CONCEPT_NOT_FIT_VALIDATED
DUC-F-03938,p4-4x2,Yellow,#F4EE2A,27,3931,54.0,2.0,64.8,90,CONCEPT_NOT_FIT_VALIDATED
DUC-F-03939,p4-4x2,Yellow,#F4EE2A,27,3932,62.0,2.0,64.8,90,CONCEPT_NOT_FIT_VALIDATED
DUC-F-03940,p4-4x1,Yellow,#F4EE2A,27,3933,-64.0,18.0,64.8,90,CONCEPT_NOT_FIT_VALIDATED
DUC-F-03941,p4-4x2,Yellow,#F4EE2A,27,3934,-58.0,18.0,64.8,90,CONCEPT_NOT_FIT_VALIDATED
DUC-F-03942,p4-4x2,Yellow,#F4EE2A,27,3935,-50.0,18.0,64.8,90,CONCEPT_NOT_FIT_VALIDATED
DUC-F-03943,p4-4x2,Yellow,#F4EE2A,27,3936,-42.0,18.0,64.8,90,CONCEPT_NOT_FIT_VALIDATED
DUC-F-03944,p4-4x2,Yellow,#F4EE2A,27,3937,-34.0,18.0,64.8,90,CONCEPT_NOT_FIT_VALIDATED
DUC-F-03945,p4-4x2,Yellow,#F4EE2A,27,3938,-26.0,18.0,64.8,90,CONCEPT_NOT_FIT_VALIDATED
DUC-F-03946,p4-4x2,Yellow,#F4EE2A,27,3939,-18.0,18.0,64.8,90,CONCEPT_NOT_FIT_VALIDATED
DUC-F-03947,p4-4x2,Yellow,#F4EE2A,27,3940,-10.0,18.0,64.8,90,CONCEPT_NOT_FIT_VALIDATED
DUC-F-03948,p4-4x2,Yellow,#F4EE2A,27,3941,-2.0,18.0,64.8,90,CONCEPT_NOT_FIT_VALIDATED
DUC-F-03949,p4-4x2,Yellow,#F4EE2A,27,3942,6.0,18.0,64.8,90,CONCEPT_NOT_FIT_VALIDATED
DUC-F-03950,p4-4x2,Yellow,#F4EE2A,27,3943,14.0,18.0,64.8,90,CONCEPT_NOT_FIT_VALIDATED
DUC-F-03951,p4-4x2,Yellow,#F4EE2A,27,3944,22.0,18.0,64.8,90,CONCEPT_NOT_FIT_VALIDATED
DUC-F-03952,p4-4x2,Yellow,#F4EE2A,27,3945,30.0,18.0,64.8,90,CONCEPT_NOT_FIT_VALIDATED
DUC-F-03953,p4-4x2,Yellow,#F4EE2A,27,3946,38.0,18.0,64.8,90,CONCEPT_NOT_FIT_VALIDATED
DUC-F-03954,p4-4x2,Yellow,#F4EE2A,27,3947,46.0,18.0,64.8,90,CONCEPT_NOT_FIT_VALIDATED
DUC-F-03955,p4-4x2,Yellow,#F4EE2A,27,3948,54.0,18.0,64.8,90,CONCEPT_NOT_FIT_VALIDATED
DUC-F-03956,p4-4x2,Yellow,#F4EE2A,27,3949,62.0,18.0,64.8,90,CONCEPT_NOT_FIT_VALIDATED
DUC-F-03957,p4-3x1,Yellow,#F4EE2A,27,3950,-68.0,20.0,64.8,90,CONCEPT_NOT_FIT_VALIDATED
DUC-F-03958,p4-3x1,Yellow,#F4EE2A,27,3951,68.0,20.0,64.8,90,CONCEPT_NOT_FIT_VALIDATED
DUC-F-03959,p4-2x1,Yellow,#F4EE2A,27,3952,-72.0,22.0,64.8,90,CONCEPT_NOT_FIT_VALIDATED
DUC-F-03960,p4-2x1,Yellow,#F4EE2A,27,3953,72.0,22.0,64.8,90,CONCEPT_NOT_FIT_VALIDATED
DUC-F-03961,p4-4x1,Yellow,#F4EE2A,27,3954,-72.0,34.0,64.8,90,CONCEPT_NOT_FIT_VALIDATED
DUC-F-03962,p4-4x2,Yellow,#F4EE2A,27,3955,-66.0,34.0,64.8,90,CONCEPT_NOT_FIT_VALIDATED
DUC-F-03963,p4-4x2,Yellow,#F4EE2A,27,3956,-58.0,34.0,64.8,90,CONCEPT_NOT_FIT_VALIDATED
DUC-F-03964,p4-4x2,Yellow,#F4EE2A,27,3957,-50.0,34.0,64.8,90,CONCEPT_NOT_FIT_VALIDATED
DUC-F-03965,p4-4x2,Yellow,#F4EE2A,27,3958,-42.0,34.0,64.8,90,CONCEPT_NOT_FIT_VALIDATED
DUC-F-03966,p4-4x2,Yellow,#F4EE2A,27,3959,-34.0,34.0,64.8,90,CONCEPT_NOT_FIT_VALIDATED
DUC-F-03967,p4-4x2,Yellow,#F4EE2A,27,3960,-26.0,34.0,64.8,90,CONCEPT_NOT_FIT_VALIDATED
DUC-F-03968,p4-4x2,Yellow,#F4EE2A,27,3961,-18.0,34.0,64.8,90,CONCEPT_NOT_FIT_VALIDATED
DUC-F-03969,p4-4x2,Yellow,#F4EE2A,27,3962,-10.0,34.0,64.8,90,CONCEPT_NOT_FIT_VALIDATED
DUC-F-03970,p4-4x2,Yellow,#F4EE2A,27,3963,-2.0,34.0,64.8,90,CONCEPT_NOT_FIT_VALIDATED
DUC-F-03971,p4-4x2,Yellow,#F4EE2A,27,3964,6.0,34.0,64.8,90,CONCEPT_NOT_FIT_VALIDATED
DUC-F-03972,p4-4x2,Yellow,#F4EE2A,27,3965,14.0,34.0,64.8,90,CONCEPT_NOT_FIT_VALIDATED
DUC-F-03973,p4-4x2,Yellow,#F4EE2A,27,3966,22.0,34.0,64.8,90,CONCEPT_NOT_FIT_VALIDATED
DUC-F-03974,p4-4x2,Yellow,#F4EE2A,27,3967,30.0,34.0,64.8,90,CONCEPT_NOT_FIT_VALIDATED
DUC-F-03975,p4-4x2,Yellow,#F4EE2A,27,3968,38.0,34.0,64.8,90,CONCEPT_NOT_FIT_VALIDATED
DUC-F-03976,p4-4x2,Yellow,#F4EE2A,27,3969,46.0,34.0,64.8,90,CONCEPT_NOT_FIT_VALIDATED
DUC-F-03977,p4-4x2,Yellow,#F4EE2A,27,3970,54.0,34.0,64.8,90,CONCEPT_NOT_FIT_VALIDATED
DUC-F-03978,p4-4x2,Yellow,#F4EE2A,27,3971,62.0,34.0,64.8,90,CONCEPT_NOT_FIT_VALIDATED
DUC-F-03979,p4-4x2,Yellow,#F4EE2A,27,3972,70.0,34.0,64.8,90,CONCEPT_NOT_FIT_VALIDATED
DUC-F-03980,p4-2x1,Yellow,#F4EE2A,27,3973,-72.0,46.0,64.8,90,CONCEPT_NOT_FIT_VALIDATED
DUC-F-03981,p4-4x2,Yellow,#F4EE2A,27,3974,-66.0,50.0,64.8,90,CONCEPT_NOT_FIT_VALIDATED
DUC-F-03982,p4-4x2,Yellow,#F4EE2A,27,3975,-58.0,50.0,64.8,90,CONCEPT_NOT_FIT_VALIDATED
DUC-F-03983,p4-4x2,Yellow,#F4EE2A,27,3976,-50.0,50.0,64.8,90,CONCEPT_NOT_FIT_VALIDATED
DUC-F-03984,p4-4x2,Yellow,#F4EE2A,27,3977,-42.0,50.0,64.8,90,CONCEPT_NOT_FIT_VALIDATED
DUC-F-03985,p4-4x2,Yellow,#F4EE2A,27,3978,-34.0,50.0,64.8,90,CONCEPT_NOT_FIT_VALIDATED
DUC-F-03986,p4-4x2,Yellow,#F4EE2A,27,3979,-26.0,50.0,64.8,90,CONCEPT_NOT_FIT_VALIDATED
DUC-F-03987,p4-4x2,Yellow,#F4EE2A,27,3980,-18.0,50.0,64.8,90,CONCEPT_NOT_FIT_VALIDATED
DUC-F-03988,p4-4x2,Yellow,#F4EE2A,27,3981,-10.0,50.0,64.8,90,CONCEPT_NOT_FIT_VALIDATED
DUC-F-03989,p4-4x2,Yellow,#F4EE2A,27,3982,-2.0,50.0,64.8,90,CONCEPT_NOT_FIT_VALIDATED
DUC-F-03990,p4-4x2,Yellow,#F4EE2A,27,3983,6.0,50.0,64.8,90,CONCEPT_NOT_FIT_VALIDATED
DUC-F-03991,p4-4x2,Yellow,#F4EE2A,27,3984,14.0,50.0,64.8,90,CONCEPT_NOT_FIT_VALIDATED
DUC-F-03992,p4-4x2,Yellow,#F4EE2A,27,3985,22.0,50.0,64.8,90,CONCEPT_NOT_FIT_VALIDATED
DUC-F-03993,p4-4x2,Yellow,#F4EE2A,27,3986,30.0,50.0,64.8,90,CONCEPT_NOT_FIT_VALIDATED
DUC-F-03994,p4-4x2,Yellow,#F4EE2A,27,3987,38.0,50.0,64.8,90,CONCEPT_NOT_FIT_VALIDATED
DUC-F-03995,p4-4x2,Yellow,#F4EE2A,27,3988,46.0,50.0,64.8,90,CONCEPT_NOT_FIT_VALIDATED
DUC-F-03996,p4-4x2,Yellow,#F4EE2A,27,3989,54.0,50.0,64.8,90,CONCEPT_NOT_FIT_VALIDATED
DUC-F-03997,p4-4x2,Yellow,#F4EE2A,27,3990,62.0,50.0,64.8,90,CONCEPT_NOT_FIT_VALIDATED
DUC-F-03998,p4-4x1,Yellow,#F4EE2A,27,3991,68.0,50.0,64.8,90,CONCEPT_NOT_FIT_VALIDATED
DUC-F-03999,p4-2x1,Yellow,#F4EE2A,27,3992,72.0,46.0,64.8,90,CONCEPT_NOT_FIT_VALIDATED
DUC-F-04000,p4-2x1,Yellow,#F4EE2A,27,3993,-66.0,60.0,64.8,0,CONCEPT_NOT_FIT_VALIDATED
DUC-F-04001,p4-4x2,Yellow,#F4EE2A,27,3994,-58.0,66.0,64.8,90,CONCEPT_NOT_FIT_VALIDATED
DUC-F-04002,p4-4x2,Yellow,#F4EE2A,27,3995,-50.0,66.0,64.8,90,CONCEPT_NOT_FIT_VALIDATED
DUC-F-04003,p4-4x2,Yellow,#F4EE2A,27,3996,-42.0,66.0,64.8,90,CONCEPT_NOT_FIT_VALIDATED
DUC-F-04004,p4-4x2,Yellow,#F4EE2A,27,3997,-34.0,66.0,64.8,90,CONCEPT_NOT_FIT_VALIDATED
DUC-F-04005,p4-4x2,Yellow,#F4EE2A,27,3998,-26.0,66.0,64.8,90,CONCEPT_NOT_FIT_VALIDATED
DUC-F-04006,p4-4x2,Yellow,#F4EE2A,27,3999,-18.0,66.0,64.8,90,CONCEPT_NOT_FIT_VALIDATED
DUC-F-04007,p4-4x2,Yellow,#F4EE2A,27,4000,-10.0,66.0,64.8,90,CONCEPT_NOT_FIT_VALIDATED
DUC-F-04008,p4-4x2,Yellow,#F4EE2A,27,4001,-2.0,66.0,64.8,90,CONCEPT_NOT_FIT_VALIDATED
DUC-F-04009,p4-4x2,Yellow,#F4EE2A,27,4002,6.0,66.0,64.8,90,CONCEPT_NOT_FIT_VALIDATED
DUC-F-04010,p4-4x2,Yellow,#F4EE2A,27,4003,14.0,66.0,64.8,90,CONCEPT_NOT_FIT_VALIDATED
DUC-F-04011,p4-4x2,Yellow,#F4EE2A,27,4004,22.0,66.0,64.8,90,CONCEPT_NOT_FIT_VALIDATED
DUC-F-04012,p4-4x2,Yellow,#F4EE2A,27,4005,30.0,66.0,64.8,90,CONCEPT_NOT_FIT_VALIDATED
DUC-F-04013,p4-4x2,Yellow,#F4EE2A,27,4006,38.0,66.0,64.8,90,CONCEPT_NOT_FIT_VALIDATED
DUC-F-04014,p4-4x2,Yellow,#F4EE2A,27,4007,46.0,66.0,64.8,90,CONCEPT_NOT_FIT_VALIDATED
DUC-F-04015,p4-4x2,Yellow,#F4EE2A,27,4008,54.0,66.0,64.8,90,CONCEPT_NOT_FIT_VALIDATED
DUC-F-04016,p4-3x2,Yellow,#F4EE2A,27,4009,62.0,64.0,64.8,90,CONCEPT_NOT_FIT_VALIDATED
DUC-F-04018,p4-2x1,Yellow,#F4EE2A,27,4010,-64.0,66.0,64.8,90,CONCEPT_NOT_FIT_VALIDATED
DUC-F-04021,p4-2x1,Yellow,#F4EE2A,27,4011,-50.0,76.0,64.8,0,CONCEPT_NOT_FIT_VALIDATED
DUC-F-04022,p4-2x1,Yellow,#F4EE2A,27,4012,-42.0,76.0,64.8,0,CONCEPT_NOT_FIT_VALIDATED
DUC-F-04023,p4-3x2,Yellow,#F4EE2A,27,4013,-34.0,80.0,64.8,90,CONCEPT_NOT_FIT_VALIDATED
DUC-F-04024,p4-4x2,Yellow,#F4EE2A,27,4014,-26.0,82.0,64.8,90,CONCEPT_NOT_FIT_VALIDATED
DUC-F-04025,p4-4x2,Yellow,#F4EE2A,27,4015,-18.0,82.0,64.8,90,CONCEPT_NOT_FIT_VALIDATED
DUC-F-04026,p4-4x2,Yellow,#F4EE2A,27,4016,-10.0,82.0,64.8,90,CONCEPT_NOT_FIT_VALIDATED
DUC-F-04027,p4-4x2,Yellow,#F4EE2A,27,4017,-2.0,82.0,64.8,90,CONCEPT_NOT_FIT_VALIDATED
DUC-F-04028,p4-4x2,Yellow,#F4EE2A,27,4018,6.0,82.0,64.8,90,CONCEPT_NOT_FIT_VALIDATED
DUC-F-04029,p4-4x2,Yellow,#F4EE2A,27,4019,14.0,82.0,64.8,90,CONCEPT_NOT_FIT_VALIDATED
DUC-F-04030,p4-4x2,Yellow,#F4EE2A,27,4020,22.0,82.0,64.8,90,CONCEPT_NOT_FIT_VALIDATED
DUC-F-04031,p4-4x2,Yellow,#F4EE2A,27,4021,30.0,82.0,64.8,90,CONCEPT_NOT_FIT_VALIDATED
DUC-F-04032,p4-2x2,Yellow,#F4EE2A,27,4022,38.0,78.0,64.8,0,CONCEPT_NOT_FIT_VALIDATED
DUC-F-04038,p4-2x1,Yellow,#F4EE2A,27,4023,-26.0,92.0,64.8,0,CONCEPT_NOT_FIT_VALIDATED
DUC-F-04039,p4-2x2,Yellow,#F4EE2A,27,4024,-18.0,94.0,64.8,0,CONCEPT_NOT_FIT_VALIDATED
DUC-F-04040,p4-4x2,Yellow,#F4EE2A,27,4025,-10.0,98.0,64.8,90,CONCEPT_NOT_FIT_VALIDATED
DUC-F-04041,p4-4x2,Yellow,#F4EE2A,27,4026,-2.0,98.0,64.8,90,CONCEPT_NOT_FIT_VALIDATED
DUC-F-03779,p4-1x1,Yellow,#F4EE2A,26,4027,0.0,104.0,62.4,0,CONCEPT_NOT_FIT_VALIDATED
DUC-F-04042,p4-4x2,Yellow,#F4EE2A,27,4028,6.0,98.0,64.8,90,CONCEPT_NOT_FIT_VALIDATED
DUC-F-04043,p4-3x2,Yellow,#F4EE2A,27,4029,14.0,96.0,64.8,90,CONCEPT_NOT_FIT_VALIDATED
DUC-F-03801,p4-2x1,Yellow,#F4EE2A,26,4030,14.0,100.0,62.4,0,CONCEPT_NOT_FIT_VALIDATED
DUC-F-04044,p4-2x2,Yellow,#F4EE2A,27,4031,22.0,94.0,64.8,0,CONCEPT_NOT_FIT_VALIDATED
DUC-F-03803,p4-1x1,Yellow,#F4EE2A,26,4032,24.0,92.0,62.4,0,CONCEPT_NOT_FIT_VALIDATED
DUC-F-03665,p4-1x1,Yellow,#F4EE2A,25,4033,24.0,92.0,60.0,0,CONCEPT_NOT_FIT_VALIDATED
DUC-F-04047,p4-1x1,Yellow,#F4EE2A,27,4034,-16.0,100.0,64.8,0,CONCEPT_NOT_FIT_VALIDATED
DUC-F-04048,p4-4x1,Yellow,#F4EE2A,28,4035,-66.0,20.0,67.2,0,CONCEPT_NOT_FIT_VALIDATED
DUC-F-04049,p4-4x2,Yellow,#F4EE2A,28,4036,-66.0,26.0,67.2,0,CONCEPT_NOT_FIT_VALIDATED
DUC-F-04050,p4-4x2,Yellow,#F4EE2A,28,4037,-66.0,34.0,67.2,0,CONCEPT_NOT_FIT_VALIDATED
DUC-F-04051,p4-4x2,Yellow,#F4EE2A,28,4038,-66.0,42.0,67.2,0,CONCEPT_NOT_FIT_VALIDATED
DUC-F-04052,p4-4x1,Yellow,#F4EE2A,28,4039,-66.0,48.0,67.2,0,CONCEPT_NOT_FIT_VALIDATED
DUC-F-04053,p4-3x1,Yellow,#F4EE2A,28,4040,-64.0,16.0,67.2,0,CONCEPT_NOT_FIT_VALIDATED
DUC-F-04054,p4-3x1,Yellow,#F4EE2A,28,4041,-64.0,52.0,67.2,0,CONCEPT_NOT_FIT_VALIDATED
DUC-F-04055,p4-3x2,Yellow,#F4EE2A,28,4042,-64.0,58.0,67.2,0,CONCEPT_NOT_FIT_VALIDATED
DUC-F-04056,p4-2x1,Yellow,#F4EE2A,28,4043,-62.0,-12.0,67.2,0,CONCEPT_NOT_FIT_VALIDATED
DUC-F-04057,p4-2x2,Yellow,#F4EE2A,28,4044,-62.0,-6.0,67.2,0,CONCEPT_NOT_FIT_VALIDATED
DUC-F-04058,p4-2x2,Yellow,#F4EE2A,28,4045,-62.0,2.0,67.2,0,CONCEPT_NOT_FIT_VALIDATED
DUC-F-04059,p4-2x2,Yellow,#F4EE2A,28,4046,-62.0,10.0,67.2,0,CONCEPT_NOT_FIT_VALIDATED
DUC-F-04060,p4-2x2,Yellow,#F4EE2A,28,4047,-62.0,66.0,67.2,0,CONCEPT_NOT_FIT_VALIDATED
DUC-F-04061,p4-2x1,Yellow,#F4EE2A,28,4048,-60.0,-22.0,67.2,90,CONCEPT_NOT_FIT_VALIDATED
DUC-F-04062,p4-1x1,Yellow,#F4EE2A,28,4049,-60.0,-16.0,67.2,0,CONCEPT_NOT_FIT_VALIDATED
DUC-F-04063,p4-1x1,Yellow,#F4EE2A,28,4050,-60.0,72.0,67.2,0,CONCEPT_NOT_FIT_VALIDATED
DUC-F-04064,p4-4x2,Yellow,#F4EE2A,28,4051,-50.0,-30.0,67.2,0,CONCEPT_NOT_FIT_VALIDATED
DUC-F-04065,p4-4x2,Yellow,#F4EE2A,28,4052,-50.0,-22.0,67.2,0,CONCEPT_NOT_FIT_VALIDATED
DUC-F-04066,p4-4x2,Yellow,#F4EE2A,28,4053,-50.0,-14.0,67.2,0,CONCEPT_NOT_FIT_VALIDATED
DUC-F-04067,p4-4x2,Yellow,#F4EE2A,28,4054,-50.0,-6.0,67.2,0,CONCEPT_NOT_FIT_VALIDATED
DUC-F-04068,p4-4x2,Yellow,#F4EE2A,28,4055,-50.0,2.0,67.2,0,CONCEPT_NOT_FIT_VALIDATED
DUC-F-04069,p4-4x2,Yellow,#F4EE2A,28,4056,-50.0,10.0,67.2,0,CONCEPT_NOT_FIT_VALIDATED
DUC-F-04070,p4-4x2,Yellow,#F4EE2A,28,4057,-50.0,18.0,67.2,0,CONCEPT_NOT_FIT_VALIDATED
DUC-F-04071,p4-4x2,Yellow,#F4EE2A,28,4058,-50.0,26.0,67.2,0,CONCEPT_NOT_FIT_VALIDATED
DUC-F-04072,p4-4x2,Yellow,#F4EE2A,28,4059,-50.0,34.0,67.2,0,CONCEPT_NOT_FIT_VALIDATED
DUC-F-04073,p4-4x2,Yellow,#F4EE2A,28,4060,-50.0,42.0,67.2,0,CONCEPT_NOT_FIT_VALIDATED
DUC-F-04074,p4-4x2,Yellow,#F4EE2A,28,4061,-50.0,50.0,67.2,0,CONCEPT_NOT_FIT_VALIDATED
DUC-F-04075,p4-4x2,Yellow,#F4EE2A,28,4062,-50.0,58.0,67.2,0,CONCEPT_NOT_FIT_VALIDATED
DUC-F-04076,p4-4x2,Yellow,#F4EE2A,28,4063,-50.0,66.0,67.2,0,CONCEPT_NOT_FIT_VALIDATED
DUC-F-04077,p4-4x2,Yellow,#F4EE2A,28,4064,-50.0,74.0,67.2,0,CONCEPT_NOT_FIT_VALIDATED
DUC-F-04020,p4-1x1,Yellow,#F4EE2A,27,4065,-56.0,76.0,64.8,0,CONCEPT_NOT_FIT_VALIDATED
DUC-F-04078,p4-3x2,Yellow,#F4EE2A,28,4066,-48.0,-38.0,67.2,0,CONCEPT_NOT_FIT_VALIDATED
DUC-F-04079,p4-2x1,Yellow,#F4EE2A,28,4067,-46.0,-44.0,67.2,0,CONCEPT_NOT_FIT_VALIDATED
DUC-F-04081,p4-1x1,Yellow,#F4EE2A,28,4068,-44.0,-48.0,67.2,0,CONCEPT_NOT_FIT_VALIDATED
DUC-F-04082,p4-4x1,Yellow,#F4EE2A,28,4069,-34.0,-52.0,67.2,0,CONCEPT_NOT_FIT_VALIDATED
DUC-F-04083,p4-4x2,Yellow,#F4EE2A,28,4070,-34.0,-46.0,67.2,0,CONCEPT_NOT_FIT_VALIDATED
DUC-F-04084,p4-4x2,Yellow,#F4EE2A,28,4071,-34.0,-38.0,67.2,0,CONCEPT_NOT_FIT_VALIDATED
DUC-F-04085,p4-4x2,Yellow,#F4EE2A,28,4072,-34.0,-30.0,67.2,0,CONCEPT_NOT_FIT_VALIDATED
DUC-F-04086,p4-4x2,Yellow,#F4EE2A,28,4073,-34.0,-22.0,67.2,0,CONCEPT_NOT_FIT_VALIDATED
DUC-F-04087,p4-4x2,Yellow,#F4EE2A,28,4074,-34.0,-14.0,67.2,0,CONCEPT_NOT_FIT_VALIDATED
DUC-F-04088,p4-4x2,Yellow,#F4EE2A,28,4075,-34.0,-6.0,67.2,0,CONCEPT_NOT_FIT_VALIDATED
DUC-F-04089,p4-4x2,Yellow,#F4EE2A,28,4076,-34.0,2.0,67.2,0,CONCEPT_NOT_FIT_VALIDATED
DUC-F-04090,p4-4x2,Yellow,#F4EE2A,28,4077,-34.0,10.0,67.2,0,CONCEPT_NOT_FIT_VALIDATED
DUC-F-04091,p4-4x2,Yellow,#F4EE2A,28,4078,-34.0,18.0,67.2,0,CONCEPT_NOT_FIT_VALIDATED
DUC-F-04092,p4-4x2,Yellow,#F4EE2A,28,4079,-34.0,26.0,67.2,0,CONCEPT_NOT_FIT_VALIDATED
DUC-F-04093,p4-4x2,Yellow,#F4EE2A,28,4080,-34.0,34.0,67.2,0,CONCEPT_NOT_FIT_VALIDATED
DUC-F-04094,p4-4x2,Yellow,#F4EE2A,28,4081,-34.0,42.0,67.2,0,CONCEPT_NOT_FIT_VALIDATED
DUC-F-04095,p4-4x2,Yellow,#F4EE2A,28,4082,-34.0,50.0,67.2,0,CONCEPT_NOT_FIT_VALIDATED
DUC-F-04096,p4-4x2,Yellow,#F4EE2A,28,4083,-34.0,58.0,67.2,0,CONCEPT_NOT_FIT_VALIDATED
DUC-F-04097,p4-4x2,Yellow,#F4EE2A,28,4084,-34.0,66.0,67.2,0,CONCEPT_NOT_FIT_VALIDATED
DUC-F-04098,p4-4x2,Yellow,#F4EE2A,28,4085,-34.0,74.0,67.2,0,CONCEPT_NOT_FIT_VALIDATED
DUC-F-04099,p4-4x1,Yellow,#F4EE2A,28,4086,-34.0,80.0,67.2,0,CONCEPT_NOT_FIT_VALIDATED
DUC-F-04035,p4-1x1,Yellow,#F4EE2A,27,4087,-40.0,80.0,64.8,0,CONCEPT_NOT_FIT_VALIDATED
DUC-F-03712,p4-1x1,Yellow,#F4EE2A,26,4088,-40.0,80.0,62.4,0,CONCEPT_NOT_FIT_VALIDATED
DUC-F-04100,p4-3x1,Yellow,#F4EE2A,28,4089,-32.0,-56.0,67.2,0,CONCEPT_NOT_FIT_VALIDATED
DUC-F-04101,p4-3x1,Yellow,#F4EE2A,28,4090,-32.0,84.0,67.2,0,CONCEPT_NOT_FIT_VALIDATED
DUC-F-04102,p4-2x1,Yellow,#F4EE2A,28,4091,-30.0,88.0,67.2,0,CONCEPT_NOT_FIT_VALIDATED
DUC-F-04037,p4-1x1,Yellow,#F4EE2A,27,4092,-32.0,88.0,64.8,0,CONCEPT_NOT_FIT_VALIDATED
DUC-F-04103,p4-1x1,Yellow,#F4EE2A,28,4093,-28.0,-60.0,67.2,0,CONCEPT_NOT_FIT_VALIDATED
DUC-F-04104,p4-1x1,Yellow,#F4EE2A,28,4094,-28.0,92.0,67.2,0,CONCEPT_NOT_FIT_VALIDATED
DUC-F-04105,p4-4x1,Yellow,#F4EE2A,28,4095,-18.0,-60.0,67.2,0,CONCEPT_NOT_FIT_VALIDATED
DUC-F-04106,p4-4x2,Yellow,#F4EE2A,28,4096,-18.0,-54.0,67.2,0,CONCEPT_NOT_FIT_VALIDATED
DUC-F-04107,p4-4x2,Yellow,#F4EE2A,28,4097,-18.0,-46.0,67.2,0,CONCEPT_NOT_FIT_VALIDATED
DUC-F-04108,p4-4x2,Yellow,#F4EE2A,28,4098,-18.0,-38.0,67.2,0,CONCEPT_NOT_FIT_VALIDATED
DUC-F-04109,p4-4x2,Yellow,#F4EE2A,28,4099,-18.0,-30.0,67.2,0,CONCEPT_NOT_FIT_VALIDATED
DUC-F-04110,p4-4x2,Yellow,#F4EE2A,28,4100,-18.0,-22.0,67.2,0,CONCEPT_NOT_FIT_VALIDATED
DUC-F-04111,p4-4x2,Yellow,#F4EE2A,28,4101,-18.0,-14.0,67.2,0,CONCEPT_NOT_FIT_VALIDATED
DUC-F-04112,p4-4x2,Yellow,#F4EE2A,28,4102,-18.0,-6.0,67.2,0,CONCEPT_NOT_FIT_VALIDATED
DUC-F-04113,p4-4x2,Yellow,#F4EE2A,28,4103,-18.0,2.0,67.2,0,CONCEPT_NOT_FIT_VALIDATED
DUC-F-04114,p4-4x2,Yellow,#F4EE2A,28,4104,-18.0,10.0,67.2,0,CONCEPT_NOT_FIT_VALIDATED
DUC-F-04115,p4-4x2,Yellow,#F4EE2A,28,4105,-18.0,18.0,67.2,0,CONCEPT_NOT_FIT_VALIDATED
DUC-F-04116,p4-4x2,Yellow,#F4EE2A,28,4106,-18.0,26.0,67.2,0,CONCEPT_NOT_FIT_VALIDATED
DUC-F-04117,p4-4x2,Yellow,#F4EE2A,28,4107,-18.0,34.0,67.2,0,CONCEPT_NOT_FIT_VALIDATED
DUC-F-04118,p4-4x2,Yellow,#F4EE2A,28,4108,-18.0,42.0,67.2,0,CONCEPT_NOT_FIT_VALIDATED
DUC-F-04119,p4-4x2,Yellow,#F4EE2A,28,4109,-18.0,50.0,67.2,0,CONCEPT_NOT_FIT_VALIDATED
DUC-F-04120,p4-4x2,Yellow,#F4EE2A,28,4110,-18.0,58.0,67.2,0,CONCEPT_NOT_FIT_VALIDATED
DUC-F-04121,p4-4x2,Yellow,#F4EE2A,28,4111,-18.0,66.0,67.2,0,CONCEPT_NOT_FIT_VALIDATED
DUC-F-04122,p4-4x2,Yellow,#F4EE2A,28,4112,-18.0,74.0,67.2,0,CONCEPT_NOT_FIT_VALIDATED
DUC-F-04123,p4-4x2,Yellow,#F4EE2A,28,4113,-18.0,82.0,67.2,0,CONCEPT_NOT_FIT_VALIDATED
DUC-F-04124,p4-4x2,Yellow,#F4EE2A,28,4114,-18.0,90.0,67.2,0,CONCEPT_NOT_FIT_VALIDATED
DUC-F-04125,p4-4x1,Yellow,#F4EE2A,28,4115,-18.0,96.0,67.2,0,CONCEPT_NOT_FIT_VALIDATED
DUC-F-04046,p4-1x1,Yellow,#F4EE2A,27,4116,-24.0,96.0,64.8,0,CONCEPT_NOT_FIT_VALIDATED
DUC-F-04126,p4-3x1,Yellow,#F4EE2A,28,4117,-16.0,-64.0,67.2,0,CONCEPT_NOT_FIT_VALIDATED
DUC-F-04127,p4-3x1,Yellow,#F4EE2A,28,4118,-16.0,100.0,67.2,0,CONCEPT_NOT_FIT_VALIDATED
DUC-F-04128,p4-1x1,Yellow,#F4EE2A,28,4119,-12.0,104.0,67.2,0,CONCEPT_NOT_FIT_VALIDATED
DUC-F-04129,p4-4x2,Yellow,#F4EE2A,28,4120,-2.0,-62.0,67.2,0,CONCEPT_NOT_FIT_VALIDATED
DUC-F-04130,p4-4x2,Yellow,#F4EE2A,28,4121,-2.0,-54.0,67.2,0,CONCEPT_NOT_FIT_VALIDATED
DUC-F-04131,p4-4x2,Yellow,#F4EE2A,28,4122,-2.0,-46.0,67.2,0,CONCEPT_NOT_FIT_VALIDATED
DUC-F-04132,p4-4x2,Yellow,#F4EE2A,28,4123,-2.0,-38.0,67.2,0,CONCEPT_NOT_FIT_VALIDATED
DUC-F-04133,p4-4x2,Yellow,#F4EE2A,28,4124,-2.0,-30.0,67.2,0,CONCEPT_NOT_FIT_VALIDATED
DUC-F-04134,p4-4x2,Yellow,#F4EE2A,28,4125,-2.0,-22.0,67.2,0,CONCEPT_NOT_FIT_VALIDATED
DUC-F-04135,p4-4x2,Yellow,#F4EE2A,28,4126,-2.0,-14.0,67.2,0,CONCEPT_NOT_FIT_VALIDATED
DUC-F-04136,p4-4x2,Yellow,#F4EE2A,28,4127,-2.0,-6.0,67.2,0,CONCEPT_NOT_FIT_VALIDATED
DUC-F-04137,p4-4x2,Yellow,#F4EE2A,28,4128,-2.0,2.0,67.2,0,CONCEPT_NOT_FIT_VALIDATED
DUC-F-04138,p4-4x2,Yellow,#F4EE2A,28,4129,-2.0,10.0,67.2,0,CONCEPT_NOT_FIT_VALIDATED
DUC-F-04139,p4-4x2,Yellow,#F4EE2A,28,4130,-2.0,18.0,67.2,0,CONCEPT_NOT_FIT_VALIDATED
DUC-F-04140,p4-4x2,Yellow,#F4EE2A,28,4131,-2.0,26.0,67.2,0,CONCEPT_NOT_FIT_VALIDATED
DUC-F-04141,p4-4x2,Yellow,#F4EE2A,28,4132,-2.0,34.0,67.2,0,CONCEPT_NOT_FIT_VALIDATED
DUC-F-04142,p4-4x2,Yellow,#F4EE2A,28,4133,-2.0,42.0,67.2,0,CONCEPT_NOT_FIT_VALIDATED
DUC-F-04143,p4-4x2,Yellow,#F4EE2A,28,4134,-2.0,50.0,67.2,0,CONCEPT_NOT_FIT_VALIDATED
DUC-F-04144,p4-4x2,Yellow,#F4EE2A,28,4135,-2.0,58.0,67.2,0,CONCEPT_NOT_FIT_VALIDATED
DUC-F-04145,p4-4x2,Yellow,#F4EE2A,28,4136,-2.0,66.0,67.2,0,CONCEPT_NOT_FIT_VALIDATED
DUC-F-04146,p4-4x2,Yellow,#F4EE2A,28,4137,-2.0,74.0,67.2,0,CONCEPT_NOT_FIT_VALIDATED
DUC-F-04147,p4-4x2,Yellow,#F4EE2A,28,4138,-2.0,82.0,67.2,0,CONCEPT_NOT_FIT_VALIDATED
DUC-F-04148,p4-4x2,Yellow,#F4EE2A,28,4139,-2.0,90.0,67.2,0,CONCEPT_NOT_FIT_VALIDATED
DUC-F-04149,p4-4x2,Yellow,#F4EE2A,28,4140,-2.0,98.0,67.2,0,CONCEPT_NOT_FIT_VALIDATED
DUC-F-04150,p4-4x1,Yellow,#F4EE2A,28,4141,-2.0,104.0,67.2,0,CONCEPT_NOT_FIT_VALIDATED
DUC-F-04151,p4-3x1,Yellow,#F4EE2A,28,4142,0.0,-68.0,67.2,0,CONCEPT_NOT_FIT_VALIDATED
DUC-F-04152,p4-4x2,Yellow,#F4EE2A,28,4143,14.0,-62.0,67.2,0,CONCEPT_NOT_FIT_VALIDATED
DUC-F-04153,p4-4x2,Yellow,#F4EE2A,28,4144,14.0,-54.0,67.2,0,CONCEPT_NOT_FIT_VALIDATED
DUC-F-04154,p4-4x2,Yellow,#F4EE2A,28,4145,14.0,-46.0,67.2,0,CONCEPT_NOT_FIT_VALIDATED
DUC-F-04155,p4-4x2,Yellow,#F4EE2A,28,4146,14.0,-38.0,67.2,0,CONCEPT_NOT_FIT_VALIDATED
DUC-F-04156,p4-4x2,Yellow,#F4EE2A,28,4147,14.0,-30.0,67.2,0,CONCEPT_NOT_FIT_VALIDATED
DUC-F-04157,p4-4x2,Yellow,#F4EE2A,28,4148,14.0,-22.0,67.2,0,CONCEPT_NOT_FIT_VALIDATED
DUC-F-04158,p4-4x2,Yellow,#F4EE2A,28,4149,14.0,-14.0,67.2,0,CONCEPT_NOT_FIT_VALIDATED
DUC-F-04159,p4-4x2,Yellow,#F4EE2A,28,4150,14.0,-6.0,67.2,0,CONCEPT_NOT_FIT_VALIDATED
DUC-F-04160,p4-4x2,Yellow,#F4EE2A,28,4151,14.0,2.0,67.2,0,CONCEPT_NOT_FIT_VALIDATED
DUC-F-04161,p4-4x2,Yellow,#F4EE2A,28,4152,14.0,10.0,67.2,0,CONCEPT_NOT_FIT_VALIDATED
DUC-F-04162,p4-4x2,Yellow,#F4EE2A,28,4153,14.0,18.0,67.2,0,CONCEPT_NOT_FIT_VALIDATED
DUC-F-04163,p4-4x2,Yellow,#F4EE2A,28,4154,14.0,26.0,67.2,0,CONCEPT_NOT_FIT_VALIDATED
DUC-F-04164,p4-4x2,Yellow,#F4EE2A,28,4155,14.0,34.0,67.2,0,CONCEPT_NOT_FIT_VALIDATED
DUC-F-04165,p4-4x2,Yellow,#F4EE2A,28,4156,14.0,42.0,67.2,0,CONCEPT_NOT_FIT_VALIDATED
DUC-F-04166,p4-4x2,Yellow,#F4EE2A,28,4157,14.0,50.0,67.2,0,CONCEPT_NOT_FIT_VALIDATED
DUC-F-04167,p4-4x2,Yellow,#F4EE2A,28,4158,14.0,58.0,67.2,0,CONCEPT_NOT_FIT_VALIDATED
DUC-F-04168,p4-4x2,Yellow,#F4EE2A,28,4159,14.0,66.0,67.2,0,CONCEPT_NOT_FIT_VALIDATED
DUC-F-04169,p4-4x2,Yellow,#F4EE2A,28,4160,14.0,74.0,67.2,0,CONCEPT_NOT_FIT_VALIDATED
DUC-F-04170,p4-4x2,Yellow,#F4EE2A,28,4161,14.0,82.0,67.2,0,CONCEPT_NOT_FIT_VALIDATED
DUC-F-04171,p4-4x2,Yellow,#F4EE2A,28,4162,14.0,90.0,67.2,0,CONCEPT_NOT_FIT_VALIDATED
DUC-F-04172,p4-4x2,Yellow,#F4EE2A,28,4163,14.0,98.0,67.2,0,CONCEPT_NOT_FIT_VALIDATED
DUC-F-04173,p4-2x1,Yellow,#F4EE2A,28,4164,10.0,104.0,67.2,0,CONCEPT_NOT_FIT_VALIDATED
DUC-F-04174,p4-2x1,Yellow,#F4EE2A,28,4165,26.0,-60.0,67.2,0,CONCEPT_NOT_FIT_VALIDATED
DUC-F-04175,p4-4x2,Yellow,#F4EE2A,28,4166,30.0,-54.0,67.2,0,CONCEPT_NOT_FIT_VALIDATED
DUC-F-04176,p4-4x2,Yellow,#F4EE2A,28,4167,30.0,-46.0,67.2,0,CONCEPT_NOT_FIT_VALIDATED
DUC-F-04177,p4-4x2,Yellow,#F4EE2A,28,4168,30.0,-38.0,67.2,0,CONCEPT_NOT_FIT_VALIDATED
DUC-F-04178,p4-4x2,Yellow,#F4EE2A,28,4169,30.0,-30.0,67.2,0,CONCEPT_NOT_FIT_VALIDATED
DUC-F-04179,p4-4x2,Yellow,#F4EE2A,28,4170,30.0,-22.0,67.2,0,CONCEPT_NOT_FIT_VALIDATED
DUC-F-04180,p4-4x2,Yellow,#F4EE2A,28,4171,30.0,-14.0,67.2,0,CONCEPT_NOT_FIT_VALIDATED
DUC-F-04181,p4-4x2,Yellow,#F4EE2A,28,4172,30.0,-6.0,67.2,0,CONCEPT_NOT_FIT_VALIDATED
DUC-F-04182,p4-4x2,Yellow,#F4EE2A,28,4173,30.0,2.0,67.2,0,CONCEPT_NOT_FIT_VALIDATED
DUC-F-04183,p4-4x2,Yellow,#F4EE2A,28,4174,30.0,10.0,67.2,0,CONCEPT_NOT_FIT_VALIDATED
DUC-F-04184,p4-4x2,Yellow,#F4EE2A,28,4175,30.0,18.0,67.2,0,CONCEPT_NOT_FIT_VALIDATED
DUC-F-04185,p4-4x2,Yellow,#F4EE2A,28,4176,30.0,26.0,67.2,0,CONCEPT_NOT_FIT_VALIDATED
DUC-F-04186,p4-4x2,Yellow,#F4EE2A,28,4177,30.0,34.0,67.2,0,CONCEPT_NOT_FIT_VALIDATED
DUC-F-04187,p4-4x2,Yellow,#F4EE2A,28,4178,30.0,42.0,67.2,0,CONCEPT_NOT_FIT_VALIDATED
DUC-F-04188,p4-4x2,Yellow,#F4EE2A,28,4179,30.0,50.0,67.2,0,CONCEPT_NOT_FIT_VALIDATED
DUC-F-04189,p4-4x2,Yellow,#F4EE2A,28,4180,30.0,58.0,67.2,0,CONCEPT_NOT_FIT_VALIDATED
DUC-F-04190,p4-4x2,Yellow,#F4EE2A,28,4181,30.0,66.0,67.2,0,CONCEPT_NOT_FIT_VALIDATED
DUC-F-04191,p4-4x2,Yellow,#F4EE2A,28,4182,30.0,74.0,67.2,0,CONCEPT_NOT_FIT_VALIDATED
DUC-F-04192,p4-4x2,Yellow,#F4EE2A,28,4183,30.0,82.0,67.2,0,CONCEPT_NOT_FIT_VALIDATED
DUC-F-04036,p4-1x1,Yellow,#F4EE2A,27,4184,36.0,84.0,64.8,0,CONCEPT_NOT_FIT_VALIDATED
DUC-F-04193,p4-2x2,Yellow,#F4EE2A,28,4185,26.0,90.0,67.2,0,CONCEPT_NOT_FIT_VALIDATED
DUC-F-04045,p4-1x1,Yellow,#F4EE2A,27,4186,28.0,92.0,64.8,0,CONCEPT_NOT_FIT_VALIDATED
DUC-F-04194,p4-1x1,Yellow,#F4EE2A,28,4187,24.0,96.0,67.2,0,CONCEPT_NOT_FIT_VALIDATED
DUC-F-04195,p4-1x1,Yellow,#F4EE2A,28,4188,32.0,88.0,67.2,0,CONCEPT_NOT_FIT_VALIDATED
DUC-F-04196,p4-1x1,Yellow,#F4EE2A,28,4189,40.0,-52.0,67.2,0,CONCEPT_NOT_FIT_VALIDATED
DUC-F-04197,p4-2x2,Yellow,#F4EE2A,28,4190,42.0,-46.0,67.2,0,CONCEPT_NOT_FIT_VALIDATED
DUC-F-04198,p4-4x2,Yellow,#F4EE2A,28,4191,46.0,-38.0,67.2,0,CONCEPT_NOT_FIT_VALIDATED
DUC-F-04199,p4-4x2,Yellow,#F4EE2A,28,4192,46.0,-30.0,67.2,0,CONCEPT_NOT_FIT_VALIDATED
DUC-F-04200,p4-4x2,Yellow,#F4EE2A,28,4193,46.0,-22.0,67.2,0,CONCEPT_NOT_FIT_VALIDATED
DUC-F-04201,p4-4x2,Yellow,#F4EE2A,28,4194,46.0,-14.0,67.2,0,CONCEPT_NOT_FIT_VALIDATED
DUC-F-04202,p4-4x2,Yellow,#F4EE2A,28,4195,46.0,-6.0,67.2,0,CONCEPT_NOT_FIT_VALIDATED
DUC-F-04203,p4-4x2,Yellow,#F4EE2A,28,4196,46.0,2.0,67.2,0,CONCEPT_NOT_FIT_VALIDATED
DUC-F-04204,p4-4x2,Yellow,#F4EE2A,28,4197,46.0,10.0,67.2,0,CONCEPT_NOT_FIT_VALIDATED
DUC-F-04205,p4-4x2,Yellow,#F4EE2A,28,4198,46.0,18.0,67.2,0,CONCEPT_NOT_FIT_VALIDATED
DUC-F-04206,p4-4x2,Yellow,#F4EE2A,28,4199,46.0,26.0,67.2,0,CONCEPT_NOT_FIT_VALIDATED
DUC-F-04207,p4-4x2,Yellow,#F4EE2A,28,4200,46.0,34.0,67.2,0,CONCEPT_NOT_FIT_VALIDATED
DUC-F-04208,p4-4x2,Yellow,#F4EE2A,28,4201,46.0,42.0,67.2,0,CONCEPT_NOT_FIT_VALIDATED
DUC-F-04209,p4-4x2,Yellow,#F4EE2A,28,4202,46.0,50.0,67.2,0,CONCEPT_NOT_FIT_VALIDATED
DUC-F-04210,p4-4x2,Yellow,#F4EE2A,28,4203,46.0,58.0,67.2,0,CONCEPT_NOT_FIT_VALIDATED
DUC-F-04211,p4-4x2,Yellow,#F4EE2A,28,4204,46.0,66.0,67.2,0,CONCEPT_NOT_FIT_VALIDATED
DUC-F-04212,p4-4x2,Yellow,#F4EE2A,28,4205,46.0,74.0,67.2,0,CONCEPT_NOT_FIT_VALIDATED
DUC-F-04033,p4-2x1,Yellow,#F4EE2A,27,4206,46.0,76.0,64.8,0,CONCEPT_NOT_FIT_VALIDATED
DUC-F-03842,p4-3x1,Yellow,#F4EE2A,26,4207,48.0,76.0,62.4,0,CONCEPT_NOT_FIT_VALIDATED
DUC-F-04034,p4-2x1,Yellow,#F4EE2A,27,4208,54.0,76.0,64.8,0,CONCEPT_NOT_FIT_VALIDATED
DUC-F-04213,p4-1x1,Yellow,#F4EE2A,28,4209,40.0,80.0,67.2,0,CONCEPT_NOT_FIT_VALIDATED
DUC-F-04214,p4-1x1,Yellow,#F4EE2A,28,4210,48.0,-44.0,67.2,0,CONCEPT_NOT_FIT_VALIDATED
DUC-F-04216,p4-2x1,Yellow,#F4EE2A,28,4211,56.0,-30.0,67.2,90,CONCEPT_NOT_FIT_VALIDATED
DUC-F-04217,p4-2x2,Yellow,#F4EE2A,28,4212,58.0,-22.0,67.2,0,CONCEPT_NOT_FIT_VALIDATED
DUC-F-04218,p4-2x2,Yellow,#F4EE2A,28,4213,58.0,-14.0,67.2,0,CONCEPT_NOT_FIT_VALIDATED
DUC-F-04219,p4-3x2,Yellow,#F4EE2A,28,4214,60.0,-6.0,67.2,0,CONCEPT_NOT_FIT_VALIDATED
DUC-F-04220,p4-3x2,Yellow,#F4EE2A,28,4215,60.0,2.0,67.2,0,CONCEPT_NOT_FIT_VALIDATED
DUC-F-04221,p4-3x2,Yellow,#F4EE2A,28,4216,60.0,10.0,67.2,0,CONCEPT_NOT_FIT_VALIDATED
DUC-F-04222,p4-4x2,Yellow,#F4EE2A,28,4217,62.0,18.0,67.2,0,CONCEPT_NOT_FIT_VALIDATED
DUC-F-04223,p4-4x2,Yellow,#F4EE2A,28,4218,62.0,26.0,67.2,0,CONCEPT_NOT_FIT_VALIDATED
DUC-F-04224,p4-4x2,Yellow,#F4EE2A,28,4219,62.0,34.0,67.2,0,CONCEPT_NOT_FIT_VALIDATED
DUC-F-04225,p4-4x2,Yellow,#F4EE2A,28,4220,62.0,42.0,67.2,0,CONCEPT_NOT_FIT_VALIDATED
DUC-F-04226,p4-4x2,Yellow,#F4EE2A,28,4221,62.0,50.0,67.2,0,CONCEPT_NOT_FIT_VALIDATED
DUC-F-04227,p4-4x2,Yellow,#F4EE2A,28,4222,62.0,58.0,67.2,0,CONCEPT_NOT_FIT_VALIDATED
DUC-F-04017,p4-1x1,Yellow,#F4EE2A,27,4223,68.0,60.0,64.8,0,CONCEPT_NOT_FIT_VALIDATED
DUC-F-03858,p4-1x1,Yellow,#F4EE2A,26,4224,68.0,60.0,62.4,0,CONCEPT_NOT_FIT_VALIDATED
DUC-F-04228,p4-3x2,Yellow,#F4EE2A,28,4225,60.0,66.0,67.2,0,CONCEPT_NOT_FIT_VALIDATED
DUC-F-04229,p4-2x1,Yellow,#F4EE2A,28,4226,58.0,72.0,67.2,0,CONCEPT_NOT_FIT_VALIDATED
DUC-F-04019,p4-1x1,Yellow,#F4EE2A,27,4227,60.0,72.0,64.8,0,CONCEPT_NOT_FIT_VALIDATED
DUC-F-04230,p4-1x1,Yellow,#F4EE2A,28,4228,56.0,76.0,67.2,0,CONCEPT_NOT_FIT_VALIDATED
DUC-F-04231,p4-1x1,Yellow,#F4EE2A,28,4229,64.0,-12.0,67.2,0,CONCEPT_NOT_FIT_VALIDATED
DUC-F-04232,p4-1x1,Yellow,#F4EE2A,28,4230,72.0,20.0,67.2,0,CONCEPT_NOT_FIT_VALIDATED
DUC-F-04233,p4-2x1,Yellow,#F4EE2A,28,4231,72.0,26.0,67.2,90,CONCEPT_NOT_FIT_VALIDATED
DUC-F-04234,p4-2x1,Yellow,#F4EE2A,28,4232,72.0,34.0,67.2,90,CONCEPT_NOT_FIT_VALIDATED
DUC-F-04235,p4-2x1,Yellow,#F4EE2A,28,4233,72.0,42.0,67.2,90,CONCEPT_NOT_FIT_VALIDATED
DUC-F-04236,p4-1x1,Yellow,#F4EE2A,28,4234,72.0,48.0,67.2,0,CONCEPT_NOT_FIT_VALIDATED
DUC-F-04237,p4-2x2,Yellow,#F4EE2A,29,4235,-14.0,-62.0,69.6,0,CONCEPT_NOT_FIT_VALIDATED
DUC-F-04238,p4-2x2,Yellow,#F4EE2A,29,4236,-6.0,-62.0,69.6,0,CONCEPT_NOT_FIT_VALIDATED
DUC-F-04239,p4-2x2,Yellow,#F4EE2A,29,4237,2.0,-62.0,69.6,0,CONCEPT_NOT_FIT_VALIDATED
DUC-F-04240,p4-2x2,Yellow,#F4EE2A,29,4238,10.0,-62.0,69.6,0,CONCEPT_NOT_FIT_VALIDATED
DUC-F-04241,p4-2x1,Yellow,#F4EE2A,29,4239,-22.0,-60.0,69.6,0,CONCEPT_NOT_FIT_VALIDATED
DUC-F-04242,p4-2x1,Yellow,#F4EE2A,29,4240,18.0,-60.0,69.6,0,CONCEPT_NOT_FIT_VALIDATED
DUC-F-04243,p4-1x1,Yellow,#F4EE2A,29,4241,24.0,-60.0,69.6,0,CONCEPT_NOT_FIT_VALIDATED
DUC-F-04244,p4-4x2,Yellow,#F4EE2A,29,4242,-30.0,-50.0,69.6,90,CONCEPT_NOT_FIT_VALIDATED
DUC-F-04245,p4-4x2,Yellow,#F4EE2A,29,4243,-22.0,-50.0,69.6,90,CONCEPT_NOT_FIT_VALIDATED
DUC-F-04246,p4-4x2,Yellow,#F4EE2A,29,4244,-14.0,-50.0,69.6,90,CONCEPT_NOT_FIT_VALIDATED
DUC-F-04247,p4-4x2,Yellow,#F4EE2A,29,4245,-6.0,-50.0,69.6,90,CONCEPT_NOT_FIT_VALIDATED
DUC-F-04248,p4-4x2,Yellow,#F4EE2A,29,4246,2.0,-50.0,69.6,90,CONCEPT_NOT_FIT_VALIDATED
DUC-F-04249,p4-4x2,Yellow,#F4EE2A,29,4247,10.0,-50.0,69.6,90,CONCEPT_NOT_FIT_VALIDATED
DUC-F-04250,p4-4x2,Yellow,#F4EE2A,29,4248,18.0,-50.0,69.6,90,CONCEPT_NOT_FIT_VALIDATED
DUC-F-04251,p4-4x2,Yellow,#F4EE2A,29,4249,26.0,-50.0,69.6,90,CONCEPT_NOT_FIT_VALIDATED
DUC-F-04252,p4-4x1,Yellow,#F4EE2A,29,4250,32.0,-50.0,69.6,90,CONCEPT_NOT_FIT_VALIDATED
DUC-F-04253,p4-3x2,Yellow,#F4EE2A,29,4251,-38.0,-48.0,69.6,90,CONCEPT_NOT_FIT_VALIDATED
DUC-F-04254,p4-3x1,Yellow,#F4EE2A,29,4252,36.0,-48.0,69.6,90,CONCEPT_NOT_FIT_VALIDATED
DUC-F-04255,p4-3x1,Yellow,#F4EE2A,29,4253,40.0,-48.0,69.6,90,CONCEPT_NOT_FIT_VALIDATED
DUC-F-04256,p4-2x1,Yellow,#F4EE2A,29,4254,-44.0,-46.0,69.6,90,CONCEPT_NOT_FIT_VALIDATED
DUC-F-04257,p4-2x1,Yellow,#F4EE2A,29,4255,44.0,-46.0,69.6,90,CONCEPT_NOT_FIT_VALIDATED
DUC-F-04258,p4-1x1,Yellow,#F4EE2A,29,4256,-48.0,-44.0,69.6,0,CONCEPT_NOT_FIT_VALIDATED
DUC-F-04259,p4-1x1,Yellow,#F4EE2A,29,4257,48.0,-44.0,69.6,0,CONCEPT_NOT_FIT_VALIDATED
DUC-F-04260,p4-4x1,Yellow,#F4EE2A,29,4258,-52.0,-34.0,69.6,90,CONCEPT_NOT_FIT_VALIDATED
DUC-F-04261,p4-4x2,Yellow,#F4EE2A,29,4259,-46.0,-34.0,69.6,90,CONCEPT_NOT_FIT_VALIDATED
DUC-F-04262,p4-4x2,Yellow,#F4EE2A,29,4260,-38.0,-34.0,69.6,90,CONCEPT_NOT_FIT_VALIDATED
DUC-F-04263,p4-4x2,Yellow,#F4EE2A,29,4261,-30.0,-34.0,69.6,90,CONCEPT_NOT_FIT_VALIDATED
DUC-F-04264,p4-4x2,Yellow,#F4EE2A,29,4262,-22.0,-34.0,69.6,90,CONCEPT_NOT_FIT_VALIDATED
DUC-F-04265,p4-4x2,Yellow,#F4EE2A,29,4263,-14.0,-34.0,69.6,90,CONCEPT_NOT_FIT_VALIDATED
DUC-F-04266,p4-4x2,Yellow,#F4EE2A,29,4264,-6.0,-34.0,69.6,90,CONCEPT_NOT_FIT_VALIDATED
DUC-F-04267,p4-4x2,Yellow,#F4EE2A,29,4265,2.0,-34.0,69.6,90,CONCEPT_NOT_FIT_VALIDATED
DUC-F-04268,p4-4x2,Yellow,#F4EE2A,29,4266,10.0,-34.0,69.6,90,CONCEPT_NOT_FIT_VALIDATED
DUC-F-04269,p4-4x2,Yellow,#F4EE2A,29,4267,18.0,-34.0,69.6,90,CONCEPT_NOT_FIT_VALIDATED
DUC-F-04270,p4-4x2,Yellow,#F4EE2A,29,4268,26.0,-34.0,69.6,90,CONCEPT_NOT_FIT_VALIDATED
DUC-F-04271,p4-4x2,Yellow,#F4EE2A,29,4269,34.0,-34.0,69.6,90,CONCEPT_NOT_FIT_VALIDATED
DUC-F-04272,p4-4x2,Yellow,#F4EE2A,29,4270,42.0,-34.0,69.6,90,CONCEPT_NOT_FIT_VALIDATED
DUC-F-04273,p4-4x2,Yellow,#F4EE2A,29,4271,50.0,-34.0,69.6,90,CONCEPT_NOT_FIT_VALIDATED
DUC-F-04274,p4-2x1,Yellow,#F4EE2A,29,4272,-56.0,-30.0,69.6,90,CONCEPT_NOT_FIT_VALIDATED
DUC-F-04275,p4-2x1,Yellow,#F4EE2A,29,4273,56.0,-30.0,69.6,90,CONCEPT_NOT_FIT_VALIDATED
DUC-F-04276,p4-4x1,Yellow,#F4EE2A,29,4274,-60.0,-18.0,69.6,90,CONCEPT_NOT_FIT_VALIDATED
DUC-F-04277,p4-4x2,Yellow,#F4EE2A,29,4275,-54.0,-18.0,69.6,90,CONCEPT_NOT_FIT_VALIDATED
DUC-F-04278,p4-4x2,Yellow,#F4EE2A,29,4276,-46.0,-18.0,69.6,90,CONCEPT_NOT_FIT_VALIDATED
DUC-F-04279,p4-4x2,Yellow,#F4EE2A,29,4277,-38.0,-18.0,69.6,90,CONCEPT_NOT_FIT_VALIDATED
DUC-F-04280,p4-4x2,Yellow,#F4EE2A,29,4278,-30.0,-18.0,69.6,90,CONCEPT_NOT_FIT_VALIDATED
DUC-F-04281,p4-4x2,Yellow,#F4EE2A,29,4279,-22.0,-18.0,69.6,90,CONCEPT_NOT_FIT_VALIDATED
DUC-F-04282,p4-4x2,Yellow,#F4EE2A,29,4280,-14.0,-18.0,69.6,90,CONCEPT_NOT_FIT_VALIDATED
DUC-F-04283,p4-4x2,Yellow,#F4EE2A,29,4281,-6.0,-18.0,69.6,90,CONCEPT_NOT_FIT_VALIDATED
DUC-F-04284,p4-4x2,Yellow,#F4EE2A,29,4282,2.0,-18.0,69.6,90,CONCEPT_NOT_FIT_VALIDATED
DUC-F-04285,p4-4x2,Yellow,#F4EE2A,29,4283,10.0,-18.0,69.6,90,CONCEPT_NOT_FIT_VALIDATED
DUC-F-04286,p4-4x2,Yellow,#F4EE2A,29,4284,18.0,-18.0,69.6,90,CONCEPT_NOT_FIT_VALIDATED
DUC-F-04287,p4-4x2,Yellow,#F4EE2A,29,4285,26.0,-18.0,69.6,90,CONCEPT_NOT_FIT_VALIDATED
DUC-F-04288,p4-4x2,Yellow,#F4EE2A,29,4286,34.0,-18.0,69.6,90,CONCEPT_NOT_FIT_VALIDATED
DUC-F-04289,p4-4x2,Yellow,#F4EE2A,29,4287,42.0,-18.0,69.6,90,CONCEPT_NOT_FIT_VALIDATED
DUC-F-04290,p4-4x2,Yellow,#F4EE2A,29,4288,50.0,-18.0,69.6,90,CONCEPT_NOT_FIT_VALIDATED
DUC-F-04291,p4-4x2,Yellow,#F4EE2A,29,4289,58.0,-18.0,69.6,90,CONCEPT_NOT_FIT_VALIDATED
DUC-F-04292,p4-4x2,Yellow,#F4EE2A,29,4290,-62.0,-2.0,69.6,90,CONCEPT_NOT_FIT_VALIDATED
DUC-F-04293,p4-4x2,Yellow,#F4EE2A,29,4291,-54.0,-2.0,69.6,90,CONCEPT_NOT_FIT_VALIDATED
DUC-F-04294,p4-4x2,Yellow,#F4EE2A,29,4292,-46.0,-2.0,69.6,90,CONCEPT_NOT_FIT_VALIDATED
DUC-F-04295,p4-4x2,Yellow,#F4EE2A,29,4293,-38.0,-2.0,69.6,90,CONCEPT_NOT_FIT_VALIDATED
DUC-F-04296,p4-4x2,Yellow,#F4EE2A,29,4294,-30.0,-2.0,69.6,90,CONCEPT_NOT_FIT_VALIDATED
DUC-F-04297,p4-4x2,Yellow,#F4EE2A,29,4295,-22.0,-2.0,69.6,90,CONCEPT_NOT_FIT_VALIDATED
DUC-F-04298,p4-4x2,Yellow,#F4EE2A,29,4296,-14.0,-2.0,69.6,90,CONCEPT_NOT_FIT_VALIDATED
DUC-F-04299,p4-4x2,Yellow,#F4EE2A,29,4297,-6.0,-2.0,69.6,90,CONCEPT_NOT_FIT_VALIDATED
DUC-F-04300,p4-4x2,Yellow,#F4EE2A,29,4298,2.0,-2.0,69.6,90,CONCEPT_NOT_FIT_VALIDATED
DUC-F-04301,p4-4x2,Yellow,#F4EE2A,29,4299,10.0,-2.0,69.6,90,CONCEPT_NOT_FIT_VALIDATED
DUC-F-04302,p4-4x2,Yellow,#F4EE2A,29,4300,18.0,-2.0,69.6,90,CONCEPT_NOT_FIT_VALIDATED
DUC-F-04303,p4-4x2,Yellow,#F4EE2A,29,4301,26.0,-2.0,69.6,90,CONCEPT_NOT_FIT_VALIDATED
DUC-F-04304,p4-4x2,Yellow,#F4EE2A,29,4302,34.0,-2.0,69.6,90,CONCEPT_NOT_FIT_VALIDATED
DUC-F-04305,p4-4x2,Yellow,#F4EE2A,29,4303,42.0,-2.0,69.6,90,CONCEPT_NOT_FIT_VALIDATED
DUC-F-04306,p4-4x2,Yellow,#F4EE2A,29,4304,50.0,-2.0,69.6,90,CONCEPT_NOT_FIT_VALIDATED
DUC-F-04307,p4-4x2,Yellow,#F4EE2A,29,4305,58.0,-2.0,69.6,90,CONCEPT_NOT_FIT_VALIDATED
DUC-F-04308,p4-4x1,Yellow,#F4EE2A,29,4306,64.0,-2.0,69.6,90,CONCEPT_NOT_FIT_VALIDATED
DUC-F-04309,p4-4x2,Yellow,#F4EE2A,29,4307,-62.0,14.0,69.6,90,CONCEPT_NOT_FIT_VALIDATED
DUC-F-04310,p4-4x2,Yellow,#F4EE2A,29,4308,-54.0,14.0,69.6,90,CONCEPT_NOT_FIT_VALIDATED
DUC-F-04311,p4-4x2,Yellow,#F4EE2A,29,4309,-46.0,14.0,69.6,90,CONCEPT_NOT_FIT_VALIDATED
DUC-F-04312,p4-4x2,Yellow,#F4EE2A,29,4310,-38.0,14.0,69.6,90,CONCEPT_NOT_FIT_VALIDATED
DUC-F-04313,p4-4x2,Yellow,#F4EE2A,29,4311,-30.0,14.0,69.6,90,CONCEPT_NOT_FIT_VALIDATED
DUC-F-04314,p4-4x2,Yellow,#F4EE2A,29,4312,-22.0,14.0,69.6,90,CONCEPT_NOT_FIT_VALIDATED
DUC-F-04315,p4-4x2,Yellow,#F4EE2A,29,4313,-14.0,14.0,69.6,90,CONCEPT_NOT_FIT_VALIDATED
DUC-F-04316,p4-4x2,Yellow,#F4EE2A,29,4314,-6.0,14.0,69.6,90,CONCEPT_NOT_FIT_VALIDATED
DUC-F-04317,p4-4x2,Yellow,#F4EE2A,29,4315,2.0,14.0,69.6,90,CONCEPT_NOT_FIT_VALIDATED
DUC-F-04318,p4-4x2,Yellow,#F4EE2A,29,4316,10.0,14.0,69.6,90,CONCEPT_NOT_FIT_VALIDATED
DUC-F-04319,p4-4x2,Yellow,#F4EE2A,29,4317,18.0,14.0,69.6,90,CONCEPT_NOT_FIT_VALIDATED
DUC-F-04320,p4-4x2,Yellow,#F4EE2A,29,4318,26.0,14.0,69.6,90,CONCEPT_NOT_FIT_VALIDATED
DUC-F-04321,p4-4x2,Yellow,#F4EE2A,29,4319,34.0,14.0,69.6,90,CONCEPT_NOT_FIT_VALIDATED
DUC-F-04322,p4-4x2,Yellow,#F4EE2A,29,4320,42.0,14.0,69.6,90,CONCEPT_NOT_FIT_VALIDATED
DUC-F-04323,p4-4x2,Yellow,#F4EE2A,29,4321,50.0,14.0,69.6,90,CONCEPT_NOT_FIT_VALIDATED
DUC-F-04324,p4-4x2,Yellow,#F4EE2A,29,4322,58.0,14.0,69.6,90,CONCEPT_NOT_FIT_VALIDATED
DUC-F-04325,p4-4x1,Yellow,#F4EE2A,29,4323,64.0,14.0,69.6,90,CONCEPT_NOT_FIT_VALIDATED
DUC-F-04326,p4-2x1,Yellow,#F4EE2A,29,4324,-68.0,18.0,69.6,90,CONCEPT_NOT_FIT_VALIDATED
DUC-F-04327,p4-2x1,Yellow,#F4EE2A,29,4325,68.0,18.0,69.6,90,CONCEPT_NOT_FIT_VALIDATED
DUC-F-04328,p4-4x2,Yellow,#F4EE2A,29,4326,-70.0,30.0,69.6,90,CONCEPT_NOT_FIT_VALIDATED
DUC-F-04329,p4-4x2,Yellow,#F4EE2A,29,4327,-62.0,30.0,69.6,90,CONCEPT_NOT_FIT_VALIDATED
DUC-F-04330,p4-4x2,Yellow,#F4EE2A,29,4328,-54.0,30.0,69.6,90,CONCEPT_NOT_FIT_VALIDATED
DUC-F-04331,p4-4x2,Yellow,#F4EE2A,29,4329,-46.0,30.0,69.6,90,CONCEPT_NOT_FIT_VALIDATED
DUC-F-04332,p4-4x2,Yellow,#F4EE2A,29,4330,-38.0,30.0,69.6,90,CONCEPT_NOT_FIT_VALIDATED
DUC-F-04333,p4-4x2,Yellow,#F4EE2A,29,4331,-30.0,30.0,69.6,90,CONCEPT_NOT_FIT_VALIDATED
DUC-F-04334,p4-4x2,Yellow,#F4EE2A,29,4332,-22.0,30.0,69.6,90,CONCEPT_NOT_FIT_VALIDATED
DUC-F-04335,p4-4x2,Yellow,#F4EE2A,29,4333,-14.0,30.0,69.6,90,CONCEPT_NOT_FIT_VALIDATED
DUC-F-04336,p4-4x2,Yellow,#F4EE2A,29,4334,-6.0,30.0,69.6,90,CONCEPT_NOT_FIT_VALIDATED
DUC-F-04337,p4-4x2,Yellow,#F4EE2A,29,4335,2.0,30.0,69.6,90,CONCEPT_NOT_FIT_VALIDATED
DUC-F-04338,p4-4x2,Yellow,#F4EE2A,29,4336,10.0,30.0,69.6,90,CONCEPT_NOT_FIT_VALIDATED
DUC-F-04339,p4-4x2,Yellow,#F4EE2A,29,4337,18.0,30.0,69.6,90,CONCEPT_NOT_FIT_VALIDATED
DUC-F-04340,p4-4x2,Yellow,#F4EE2A,29,4338,26.0,30.0,69.6,90,CONCEPT_NOT_FIT_VALIDATED
DUC-F-04341,p4-4x2,Yellow,#F4EE2A,29,4339,34.0,30.0,69.6,90,CONCEPT_NOT_FIT_VALIDATED
DUC-F-04342,p4-4x2,Yellow,#F4EE2A,29,4340,42.0,30.0,69.6,90,CONCEPT_NOT_FIT_VALIDATED
DUC-F-04343,p4-4x2,Yellow,#F4EE2A,29,4341,50.0,30.0,69.6,90,CONCEPT_NOT_FIT_VALIDATED
DUC-F-04344,p4-4x2,Yellow,#F4EE2A,29,4342,58.0,30.0,69.6,90,CONCEPT_NOT_FIT_VALIDATED
DUC-F-04345,p4-4x2,Yellow,#F4EE2A,29,4343,66.0,30.0,69.6,90,CONCEPT_NOT_FIT_VALIDATED
DUC-F-04346,p4-4x1,Yellow,#F4EE2A,29,4344,72.0,30.0,69.6,90,CONCEPT_NOT_FIT_VALIDATED
DUC-F-04347,p4-3x2,Yellow,#F4EE2A,29,4345,-70.0,44.0,69.6,90,CONCEPT_NOT_FIT_VALIDATED
DUC-F-04348,p4-4x2,Yellow,#F4EE2A,29,4346,-62.0,46.0,69.6,90,CONCEPT_NOT_FIT_VALIDATED
DUC-F-04349,p4-4x2,Yellow,#F4EE2A,29,4347,-54.0,46.0,69.6,90,CONCEPT_NOT_FIT_VALIDATED
DUC-F-04350,p4-4x2,Yellow,#F4EE2A,29,4348,-46.0,46.0,69.6,90,CONCEPT_NOT_FIT_VALIDATED
DUC-F-04351,p4-4x2,Yellow,#F4EE2A,29,4349,-38.0,46.0,69.6,90,CONCEPT_NOT_FIT_VALIDATED
DUC-F-04352,p4-4x2,Yellow,#F4EE2A,29,4350,-30.0,46.0,69.6,90,CONCEPT_NOT_FIT_VALIDATED
DUC-F-04353,p4-4x2,Yellow,#F4EE2A,29,4351,-22.0,46.0,69.6,90,CONCEPT_NOT_FIT_VALIDATED
DUC-F-04354,p4-4x2,Yellow,#F4EE2A,29,4352,-14.0,46.0,69.6,90,CONCEPT_NOT_FIT_VALIDATED
DUC-F-04355,p4-4x2,Yellow,#F4EE2A,29,4353,-6.0,46.0,69.6,90,CONCEPT_NOT_FIT_VALIDATED
DUC-F-04356,p4-4x2,Yellow,#F4EE2A,29,4354,2.0,46.0,69.6,90,CONCEPT_NOT_FIT_VALIDATED
DUC-F-04357,p4-4x2,Yellow,#F4EE2A,29,4355,10.0,46.0,69.6,90,CONCEPT_NOT_FIT_VALIDATED
DUC-F-04358,p4-4x2,Yellow,#F4EE2A,29,4356,18.0,46.0,69.6,90,CONCEPT_NOT_FIT_VALIDATED
DUC-F-04359,p4-4x2,Yellow,#F4EE2A,29,4357,26.0,46.0,69.6,90,CONCEPT_NOT_FIT_VALIDATED
DUC-F-04360,p4-4x2,Yellow,#F4EE2A,29,4358,34.0,46.0,69.6,90,CONCEPT_NOT_FIT_VALIDATED
DUC-F-04361,p4-4x2,Yellow,#F4EE2A,29,4359,42.0,46.0,69.6,90,CONCEPT_NOT_FIT_VALIDATED
DUC-F-04362,p4-4x2,Yellow,#F4EE2A,29,4360,50.0,46.0,69.6,90,CONCEPT_NOT_FIT_VALIDATED
DUC-F-04363,p4-4x2,Yellow,#F4EE2A,29,4361,58.0,46.0,69.6,90,CONCEPT_NOT_FIT_VALIDATED
DUC-F-04364,p4-4x2,Yellow,#F4EE2A,29,4362,66.0,46.0,69.6,90,CONCEPT_NOT_FIT_VALIDATED
DUC-F-04365,p4-3x1,Yellow,#F4EE2A,29,4363,72.0,44.0,69.6,90,CONCEPT_NOT_FIT_VALIDATED
DUC-F-04366,p4-1x1,Yellow,#F4EE2A,29,4364,-68.0,52.0,69.6,0,CONCEPT_NOT_FIT_VALIDATED
DUC-F-04367,p4-2x1,Yellow,#F4EE2A,29,4365,-68.0,58.0,69.6,90,CONCEPT_NOT_FIT_VALIDATED
DUC-F-04368,p4-4x2,Yellow,#F4EE2A,29,4366,-62.0,62.0,69.6,90,CONCEPT_NOT_FIT_VALIDATED
DUC-F-04369,p4-4x2,Yellow,#F4EE2A,29,4367,-54.0,62.0,69.6,90,CONCEPT_NOT_FIT_VALIDATED
DUC-F-04370,p4-4x2,Yellow,#F4EE2A,29,4368,-46.0,62.0,69.6,90,CONCEPT_NOT_FIT_VALIDATED
DUC-F-04371,p4-4x2,Yellow,#F4EE2A,29,4369,-38.0,62.0,69.6,90,CONCEPT_NOT_FIT_VALIDATED
DUC-F-04372,p4-4x2,Yellow,#F4EE2A,29,4370,-30.0,62.0,69.6,90,CONCEPT_NOT_FIT_VALIDATED
DUC-F-04373,p4-4x2,Yellow,#F4EE2A,29,4371,-22.0,62.0,69.6,90,CONCEPT_NOT_FIT_VALIDATED
DUC-F-04374,p4-4x2,Yellow,#F4EE2A,29,4372,-14.0,62.0,69.6,90,CONCEPT_NOT_FIT_VALIDATED
DUC-F-04375,p4-4x2,Yellow,#F4EE2A,29,4373,-6.0,62.0,69.6,90,CONCEPT_NOT_FIT_VALIDATED
DUC-F-04376,p4-4x2,Yellow,#F4EE2A,29,4374,2.0,62.0,69.6,90,CONCEPT_NOT_FIT_VALIDATED
DUC-F-04377,p4-4x2,Yellow,#F4EE2A,29,4375,10.0,62.0,69.6,90,CONCEPT_NOT_FIT_VALIDATED
DUC-F-04378,p4-4x2,Yellow,#F4EE2A,29,4376,18.0,62.0,69.6,90,CONCEPT_NOT_FIT_VALIDATED
DUC-F-04379,p4-4x2,Yellow,#F4EE2A,29,4377,26.0,62.0,69.6,90,CONCEPT_NOT_FIT_VALIDATED
DUC-F-04380,p4-4x2,Yellow,#F4EE2A,29,4378,34.0,62.0,69.6,90,CONCEPT_NOT_FIT_VALIDATED
DUC-F-04381,p4-4x2,Yellow,#F4EE2A,29,4379,42.0,62.0,69.6,90,CONCEPT_NOT_FIT_VALIDATED
DUC-F-04382,p4-4x2,Yellow,#F4EE2A,29,4380,50.0,62.0,69.6,90,CONCEPT_NOT_FIT_VALIDATED
DUC-F-04383,p4-4x2,Yellow,#F4EE2A,29,4381,58.0,62.0,69.6,90,CONCEPT_NOT_FIT_VALIDATED
DUC-F-04384,p4-4x1,Yellow,#F4EE2A,29,4382,64.0,62.0,69.6,90,CONCEPT_NOT_FIT_VALIDATED
DUC-F-04385,p4-2x1,Yellow,#F4EE2A,29,4383,68.0,58.0,69.6,90,CONCEPT_NOT_FIT_VALIDATED
DUC-F-04386,p4-1x1,Yellow,#F4EE2A,29,4384,-60.0,72.0,69.6,0,CONCEPT_NOT_FIT_VALIDATED
DUC-F-04387,p4-2x2,Yellow,#F4EE2A,29,4385,-54.0,74.0,69.6,0,CONCEPT_NOT_FIT_VALIDATED
DUC-F-04388,p4-3x2,Yellow,#F4EE2A,29,4386,-46.0,76.0,69.6,90,CONCEPT_NOT_FIT_VALIDATED
DUC-F-04080,p4-1x1,Yellow,#F4EE2A,28,4387,-48.0,80.0,67.2,0,CONCEPT_NOT_FIT_VALIDATED
DUC-F-04389,p4-3x2,Yellow,#F4EE2A,29,4388,-38.0,76.0,69.6,90,CONCEPT_NOT_FIT_VALIDATED
DUC-F-04390,p4-4x2,Yellow,#F4EE2A,29,4389,-30.0,78.0,69.6,90,CONCEPT_NOT_FIT_VALIDATED
DUC-F-04391,p4-4x2,Yellow,#F4EE2A,29,4390,-22.0,78.0,69.6,90,CONCEPT_NOT_FIT_VALIDATED
DUC-F-04392,p4-4x2,Yellow,#F4EE2A,29,4391,-14.0,78.0,69.6,90,CONCEPT_NOT_FIT_VALIDATED
DUC-F-04393,p4-4x2,Yellow,#F4EE2A,29,4392,-6.0,78.0,69.6,90,CONCEPT_NOT_FIT_VALIDATED
DUC-F-04394,p4-4x2,Yellow,#F4EE2A,29,4393,2.0,78.0,69.6,90,CONCEPT_NOT_FIT_VALIDATED
DUC-F-04395,p4-4x2,Yellow,#F4EE2A,29,4394,10.0,78.0,69.6,90,CONCEPT_NOT_FIT_VALIDATED
DUC-F-04396,p4-4x2,Yellow,#F4EE2A,29,4395,18.0,78.0,69.6,90,CONCEPT_NOT_FIT_VALIDATED
DUC-F-04397,p4-4x2,Yellow,#F4EE2A,29,4396,26.0,78.0,69.6,90,CONCEPT_NOT_FIT_VALIDATED
DUC-F-04398,p4-4x2,Yellow,#F4EE2A,29,4397,34.0,78.0,69.6,90,CONCEPT_NOT_FIT_VALIDATED
DUC-F-04399,p4-3x2,Yellow,#F4EE2A,29,4398,42.0,76.0,69.6,90,CONCEPT_NOT_FIT_VALIDATED
DUC-F-04400,p4-3x2,Yellow,#F4EE2A,29,4399,50.0,76.0,69.6,90,CONCEPT_NOT_FIT_VALIDATED
DUC-F-04215,p4-1x1,Yellow,#F4EE2A,28,4400,48.0,80.0,67.2,0,CONCEPT_NOT_FIT_VALIDATED
DUC-F-04401,p4-2x1,Yellow,#F4EE2A,29,4401,56.0,74.0,69.6,90,CONCEPT_NOT_FIT_VALIDATED
DUC-F-04402,p4-1x1,Yellow,#F4EE2A,29,4402,60.0,72.0,69.6,0,CONCEPT_NOT_FIT_VALIDATED
DUC-F-04404,p4-1x1,Yellow,#F4EE2A,29,4403,-36.0,84.0,69.6,0,CONCEPT_NOT_FIT_VALIDATED
DUC-F-04405,p4-2x1,Yellow,#F4EE2A,29,4404,-30.0,88.0,69.6,0,CONCEPT_NOT_FIT_VALIDATED
DUC-F-04406,p4-3x2,Yellow,#F4EE2A,29,4405,-22.0,92.0,69.6,90,CONCEPT_NOT_FIT_VALIDATED
DUC-F-04407,p4-4x2,Yellow,#F4EE2A,29,4406,-14.0,94.0,69.6,90,CONCEPT_NOT_FIT_VALIDATED
DUC-F-04408,p4-4x2,Yellow,#F4EE2A,29,4407,-6.0,94.0,69.6,90,CONCEPT_NOT_FIT_VALIDATED
DUC-F-04409,p4-4x2,Yellow,#F4EE2A,29,4408,2.0,94.0,69.6,90,CONCEPT_NOT_FIT_VALIDATED
DUC-F-04410,p4-4x2,Yellow,#F4EE2A,29,4409,10.0,94.0,69.6,90,CONCEPT_NOT_FIT_VALIDATED
DUC-F-04411,p4-4x2,Yellow,#F4EE2A,29,4410,18.0,94.0,69.6,90,CONCEPT_NOT_FIT_VALIDATED
DUC-F-04412,p4-2x2,Yellow,#F4EE2A,29,4411,26.0,90.0,69.6,0,CONCEPT_NOT_FIT_VALIDATED
DUC-F-04413,p4-1x1,Yellow,#F4EE2A,29,4412,32.0,88.0,69.6,0,CONCEPT_NOT_FIT_VALIDATED
DUC-F-04414,p4-1x1,Yellow,#F4EE2A,29,4413,-28.0,92.0,69.6,0,CONCEPT_NOT_FIT_VALIDATED
DUC-F-04415,p4-1x1,Yellow,#F4EE2A,29,4414,24.0,96.0,69.6,0,CONCEPT_NOT_FIT_VALIDATED
DUC-F-04416,p4-1x1,Yellow,#F4EE2A,29,4415,-20.0,100.0,69.6,0,CONCEPT_NOT_FIT_VALIDATED
DUC-F-04417,p4-2x1,Yellow,#F4EE2A,29,4416,-14.0,104.0,69.6,0,CONCEPT_NOT_FIT_VALIDATED
DUC-F-04418,p4-2x1,Yellow,#F4EE2A,29,4417,-6.0,104.0,69.6,0,CONCEPT_NOT_FIT_VALIDATED
DUC-F-04419,p4-2x1,Yellow,#F4EE2A,29,4418,2.0,104.0,69.6,0,CONCEPT_NOT_FIT_VALIDATED
DUC-F-04420,p4-2x1,Yellow,#F4EE2A,29,4419,10.0,104.0,69.6,0,CONCEPT_NOT_FIT_VALIDATED
DUC-F-04422,p4-3x1,Yellow,#F4EE2A,30,4420,-68.0,24.0,72.0,0,CONCEPT_NOT_FIT_VALIDATED
DUC-F-04423,p4-3x2,Yellow,#F4EE2A,30,4421,-68.0,30.0,72.0,0,CONCEPT_NOT_FIT_VALIDATED
DUC-F-04424,p4-3x2,Yellow,#F4EE2A,30,4422,-68.0,38.0,72.0,0,CONCEPT_NOT_FIT_VALIDATED
DUC-F-04425,p4-3x2,Yellow,#F4EE2A,30,4423,-68.0,46.0,72.0,0,CONCEPT_NOT_FIT_VALIDATED
DUC-F-04426,p4-2x1,Yellow,#F4EE2A,30,4424,-66.0,16.0,72.0,0,CONCEPT_NOT_FIT_VALIDATED
DUC-F-04427,p4-2x1,Yellow,#F4EE2A,30,4425,-66.0,20.0,72.0,0,CONCEPT_NOT_FIT_VALIDATED
DUC-F-04428,p4-2x2,Yellow,#F4EE2A,30,4426,-66.0,54.0,72.0,0,CONCEPT_NOT_FIT_VALIDATED
DUC-F-04429,p4-2x1,Yellow,#F4EE2A,30,4427,-66.0,60.0,72.0,0,CONCEPT_NOT_FIT_VALIDATED
DUC-F-04430,p4-1x1,Yellow,#F4EE2A,30,4428,-64.0,64.0,72.0,0,CONCEPT_NOT_FIT_VALIDATED
DUC-F-04431,p4-1x1,Yellow,#F4EE2A,30,4429,-64.0,68.0,72.0,0,CONCEPT_NOT_FIT_VALIDATED
DUC-F-04432,p4-4x2,Yellow,#F4EE2A,30,4430,-54.0,-18.0,72.0,0,CONCEPT_NOT_FIT_VALIDATED
DUC-F-04433,p4-4x2,Yellow,#F4EE2A,30,4431,-54.0,-10.0,72.0,0,CONCEPT_NOT_FIT_VALIDATED
DUC-F-04434,p4-4x2,Yellow,#F4EE2A,30,4432,-54.0,-2.0,72.0,0,CONCEPT_NOT_FIT_VALIDATED
DUC-F-04435,p4-4x2,Yellow,#F4EE2A,30,4433,-54.0,6.0,72.0,0,CONCEPT_NOT_FIT_VALIDATED
DUC-F-04436,p4-4x2,Yellow,#F4EE2A,30,4434,-54.0,14.0,72.0,0,CONCEPT_NOT_FIT_VALIDATED
DUC-F-04437,p4-4x2,Yellow,#F4EE2A,30,4435,-54.0,22.0,72.0,0,CONCEPT_NOT_FIT_VALIDATED
DUC-F-04438,p4-4x2,Yellow,#F4EE2A,30,4436,-54.0,30.0,72.0,0,CONCEPT_NOT_FIT_VALIDATED
DUC-F-04439,p4-4x2,Yellow,#F4EE2A,30,4437,-54.0,38.0,72.0,0,CONCEPT_NOT_FIT_VALIDATED
DUC-F-04440,p4-4x2,Yellow,#F4EE2A,30,4438,-54.0,46.0,72.0,0,CONCEPT_NOT_FIT_VALIDATED
DUC-F-04441,p4-4x2,Yellow,#F4EE2A,30,4439,-54.0,54.0,72.0,0,CONCEPT_NOT_FIT_VALIDATED
DUC-F-04442,p4-4x2,Yellow,#F4EE2A,30,4440,-54.0,62.0,72.0,0,CONCEPT_NOT_FIT_VALIDATED
DUC-F-04443,p4-4x2,Yellow,#F4EE2A,30,4441,-54.0,70.0,72.0,0,CONCEPT_NOT_FIT_VALIDATED
DUC-F-04444,p4-4x1,Yellow,#F4EE2A,30,4442,-54.0,76.0,72.0,0,CONCEPT_NOT_FIT_VALIDATED
DUC-F-04445,p4-3x1,Yellow,#F4EE2A,30,4443,-52.0,-32.0,72.0,0,CONCEPT_NOT_FIT_VALIDATED
DUC-F-04446,p4-3x2,Yellow,#F4EE2A,30,4444,-52.0,-26.0,72.0,0,CONCEPT_NOT_FIT_VALIDATED
DUC-F-04447,p4-3x1,Yellow,#F4EE2A,30,4445,-52.0,80.0,72.0,0,CONCEPT_NOT_FIT_VALIDATED
DUC-F-04403,p4-1x1,Yellow,#F4EE2A,29,4446,-52.0,80.0,69.6,0,CONCEPT_NOT_FIT_VALIDATED
DUC-F-04448,p4-2x1,Yellow,#F4EE2A,30,4447,-50.0,-36.0,72.0,0,CONCEPT_NOT_FIT_VALIDATED
DUC-F-04449,p4-2x1,Yellow,#F4EE2A,30,4448,-48.0,-42.0,72.0,90,CONCEPT_NOT_FIT_VALIDATED
DUC-F-04450,p4-4x1,Yellow,#F4EE2A,30,4449,-38.0,-48.0,72.0,0,CONCEPT_NOT_FIT_VALIDATED
DUC-F-04451,p4-4x2,Yellow,#F4EE2A,30,4450,-38.0,-42.0,72.0,0,CONCEPT_NOT_FIT_VALIDATED
DUC-F-04452,p4-4x2,Yellow,#F4EE2A,30,4451,-38.0,-34.0,72.0,0,CONCEPT_NOT_FIT_VALIDATED
DUC-F-04453,p4-4x2,Yellow,#F4EE2A,30,4452,-38.0,-26.0,72.0,0,CONCEPT_NOT_FIT_VALIDATED
DUC-F-04454,p4-4x2,Yellow,#F4EE2A,30,4453,-38.0,-18.0,72.0,0,CONCEPT_NOT_FIT_VALIDATED
DUC-F-04455,p4-4x2,Yellow,#F4EE2A,30,4454,-38.0,-10.0,72.0,0,CONCEPT_NOT_FIT_VALIDATED
DUC-F-04456,p4-4x2,Yellow,#F4EE2A,30,4455,-38.0,-2.0,72.0,0,CONCEPT_NOT_FIT_VALIDATED
DUC-F-04457,p4-4x2,Yellow,#F4EE2A,30,4456,-38.0,6.0,72.0,0,CONCEPT_NOT_FIT_VALIDATED
DUC-F-04458,p4-4x2,Yellow,#F4EE2A,30,4457,-38.0,14.0,72.0,0,CONCEPT_NOT_FIT_VALIDATED
DUC-F-04459,p4-4x2,Yellow,#F4EE2A,30,4458,-38.0,22.0,72.0,0,CONCEPT_NOT_FIT_VALIDATED
DUC-F-04460,p4-4x2,Yellow,#F4EE2A,30,4459,-38.0,30.0,72.0,0,CONCEPT_NOT_FIT_VALIDATED
DUC-F-04461,p4-4x2,Yellow,#F4EE2A,30,4460,-38.0,38.0,72.0,0,CONCEPT_NOT_FIT_VALIDATED
DUC-F-04462,p4-4x2,Yellow,#F4EE2A,30,4461,-38.0,46.0,72.0,0,CONCEPT_NOT_FIT_VALIDATED
DUC-F-04463,p4-4x2,Yellow,#F4EE2A,30,4462,-38.0,54.0,72.0,0,CONCEPT_NOT_FIT_VALIDATED
DUC-F-04464,p4-4x2,Yellow,#F4EE2A,30,4463,-38.0,62.0,72.0,0,CONCEPT_NOT_FIT_VALIDATED
DUC-F-04465,p4-4x2,Yellow,#F4EE2A,30,4464,-38.0,70.0,72.0,0,CONCEPT_NOT_FIT_VALIDATED
DUC-F-04466,p4-4x2,Yellow,#F4EE2A,30,4465,-38.0,78.0,72.0,0,CONCEPT_NOT_FIT_VALIDATED
DUC-F-04467,p4-3x1,Yellow,#F4EE2A,30,4466,-36.0,-52.0,72.0,0,CONCEPT_NOT_FIT_VALIDATED
DUC-F-04468,p4-2x1,Yellow,#F4EE2A,30,4467,-34.0,84.0,72.0,0,CONCEPT_NOT_FIT_VALIDATED
DUC-F-04469,p4-1x1,Yellow,#F4EE2A,30,4468,-32.0,-56.0,72.0,0,CONCEPT_NOT_FIT_VALIDATED
DUC-F-04470,p4-1x1,Yellow,#F4EE2A,30,4469,-32.0,88.0,72.0,0,CONCEPT_NOT_FIT_VALIDATED
DUC-F-04471,p4-4x1,Yellow,#F4EE2A,30,4470,-22.0,-56.0,72.0,0,CONCEPT_NOT_FIT_VALIDATED
DUC-F-04472,p4-4x2,Yellow,#F4EE2A,30,4471,-22.0,-50.0,72.0,0,CONCEPT_NOT_FIT_VALIDATED
DUC-F-04473,p4-4x2,Yellow,#F4EE2A,30,4472,-22.0,-42.0,72.0,0,CONCEPT_NOT_FIT_VALIDATED
DUC-F-04474,p4-4x2,Yellow,#F4EE2A,30,4473,-22.0,-34.0,72.0,0,CONCEPT_NOT_FIT_VALIDATED
DUC-F-04475,p4-4x2,Yellow,#F4EE2A,30,4474,-22.0,-26.0,72.0,0,CONCEPT_NOT_FIT_VALIDATED
DUC-F-04476,p4-4x2,Yellow,#F4EE2A,30,4475,-22.0,-18.0,72.0,0,CONCEPT_NOT_FIT_VALIDATED
DUC-F-04477,p4-4x2,Yellow,#F4EE2A,30,4476,-22.0,-10.0,72.0,0,CONCEPT_NOT_FIT_VALIDATED
DUC-F-04478,p4-4x2,Yellow,#F4EE2A,30,4477,-22.0,-2.0,72.0,0,CONCEPT_NOT_FIT_VALIDATED
DUC-F-04479,p4-4x2,Yellow,#F4EE2A,30,4478,-22.0,6.0,72.0,0,CONCEPT_NOT_FIT_VALIDATED
DUC-F-04480,p4-4x2,Yellow,#F4EE2A,30,4479,-22.0,14.0,72.0,0,CONCEPT_NOT_FIT_VALIDATED
DUC-F-04481,p4-4x2,Yellow,#F4EE2A,30,4480,-22.0,22.0,72.0,0,CONCEPT_NOT_FIT_VALIDATED
DUC-F-04482,p4-4x2,Yellow,#F4EE2A,30,4481,-22.0,30.0,72.0,0,CONCEPT_NOT_FIT_VALIDATED
DUC-F-04483,p4-4x2,Yellow,#F4EE2A,30,4482,-22.0,38.0,72.0,0,CONCEPT_NOT_FIT_VALIDATED
DUC-F-04484,p4-4x2,Yellow,#F4EE2A,30,4483,-22.0,46.0,72.0,0,CONCEPT_NOT_FIT_VALIDATED
DUC-F-04485,p4-4x2,Yellow,#F4EE2A,30,4484,-22.0,54.0,72.0,0,CONCEPT_NOT_FIT_VALIDATED
DUC-F-04486,p4-4x2,Yellow,#F4EE2A,30,4485,-22.0,62.0,72.0,0,CONCEPT_NOT_FIT_VALIDATED
DUC-F-04487,p4-4x2,Yellow,#F4EE2A,30,4486,-22.0,70.0,72.0,0,CONCEPT_NOT_FIT_VALIDATED
DUC-F-04488,p4-4x2,Yellow,#F4EE2A,30,4487,-22.0,78.0,72.0,0,CONCEPT_NOT_FIT_VALIDATED
DUC-F-04489,p4-4x2,Yellow,#F4EE2A,30,4488,-22.0,86.0,72.0,0,CONCEPT_NOT_FIT_VALIDATED
DUC-F-04490,p4-4x1,Yellow,#F4EE2A,30,4489,-22.0,92.0,72.0,0,CONCEPT_NOT_FIT_VALIDATED
DUC-F-04491,p4-3x1,Yellow,#F4EE2A,30,4490,-20.0,-60.0,72.0,0,CONCEPT_NOT_FIT_VALIDATED
DUC-F-04492,p4-3x1,Yellow,#F4EE2A,30,4491,-20.0,96.0,72.0,0,CONCEPT_NOT_FIT_VALIDATED
DUC-F-04493,p4-2x1,Yellow,#F4EE2A,30,4492,-18.0,100.0,72.0,0,CONCEPT_NOT_FIT_VALIDATED
DUC-F-04494,p4-1x1,Yellow,#F4EE2A,30,4493,-16.0,104.0,72.0,0,CONCEPT_NOT_FIT_VALIDATED
DUC-F-04496,p4-1x1,Pumpkin orange,#FF9016,30,4494,-12.0,-64.0,72.0,0,CONCEPT_NOT_FIT_VALIDATED
DUC-F-04497,p4-4x2,Yellow,#F4EE2A,30,4495,-6.0,-58.0,72.0,0,CONCEPT_NOT_FIT_VALIDATED
DUC-F-04498,p4-4x2,Yellow,#F4EE2A,30,4496,-6.0,-50.0,72.0,0,CONCEPT_NOT_FIT_VALIDATED
DUC-F-04499,p4-4x2,Yellow,#F4EE2A,30,4497,-6.0,-42.0,72.0,0,CONCEPT_NOT_FIT_VALIDATED
DUC-F-04500,p4-4x2,Yellow,#F4EE2A,30,4498,-6.0,-34.0,72.0,0,CONCEPT_NOT_FIT_VALIDATED
DUC-F-04501,p4-4x2,Yellow,#F4EE2A,30,4499,-6.0,-26.0,72.0,0,CONCEPT_NOT_FIT_VALIDATED
DUC-F-04502,p4-4x2,Yellow,#F4EE2A,30,4500,-6.0,-18.0,72.0,0,CONCEPT_NOT_FIT_VALIDATED
DUC-F-04503,p4-4x2,Yellow,#F4EE2A,30,4501,-6.0,-10.0,72.0,0,CONCEPT_NOT_FIT_VALIDATED
DUC-F-04504,p4-4x2,Yellow,#F4EE2A,30,4502,-6.0,-2.0,72.0,0,CONCEPT_NOT_FIT_VALIDATED
DUC-F-04505,p4-4x2,Yellow,#F4EE2A,30,4503,-6.0,6.0,72.0,0,CONCEPT_NOT_FIT_VALIDATED
DUC-F-04506,p4-4x2,Yellow,#F4EE2A,30,4504,-6.0,14.0,72.0,0,CONCEPT_NOT_FIT_VALIDATED
DUC-F-04507,p4-4x2,Yellow,#F4EE2A,30,4505,-6.0,22.0,72.0,0,CONCEPT_NOT_FIT_VALIDATED
DUC-F-04508,p4-4x2,Yellow,#F4EE2A,30,4506,-6.0,30.0,72.0,0,CONCEPT_NOT_FIT_VALIDATED
DUC-F-04509,p4-4x2,Yellow,#F4EE2A,30,4507,-6.0,38.0,72.0,0,CONCEPT_NOT_FIT_VALIDATED
DUC-F-04510,p4-4x2,Yellow,#F4EE2A,30,4508,-6.0,46.0,72.0,0,CONCEPT_NOT_FIT_VALIDATED
DUC-F-04511,p4-4x2,Yellow,#F4EE2A,30,4509,-6.0,54.0,72.0,0,CONCEPT_NOT_FIT_VALIDATED
DUC-F-04512,p4-4x2,Yellow,#F4EE2A,30,4510,-6.0,62.0,72.0,0,CONCEPT_NOT_FIT_VALIDATED
DUC-F-04513,p4-4x2,Yellow,#F4EE2A,30,4511,-6.0,70.0,72.0,0,CONCEPT_NOT_FIT_VALIDATED
DUC-F-04514,p4-4x2,Yellow,#F4EE2A,30,4512,-6.0,78.0,72.0,0,CONCEPT_NOT_FIT_VALIDATED
DUC-F-04515,p4-4x2,Yellow,#F4EE2A,30,4513,-6.0,86.0,72.0,0,CONCEPT_NOT_FIT_VALIDATED
DUC-F-04516,p4-4x2,Yellow,#F4EE2A,30,4514,-6.0,94.0,72.0,0,CONCEPT_NOT_FIT_VALIDATED
DUC-F-04517,p4-4x2,Yellow,#F4EE2A,30,4515,-6.0,102.0,72.0,0,CONCEPT_NOT_FIT_VALIDATED
DUC-F-04519,p4-3x1,Yellow,#F4EE2A,30,4516,-4.0,-64.0,72.0,0,CONCEPT_NOT_FIT_VALIDATED
DUC-F-04524,p4-2x1,Yellow,#F4EE2A,30,4517,6.0,-64.0,72.0,0,CONCEPT_NOT_FIT_VALIDATED
DUC-F-04525,p4-4x2,Yellow,#F4EE2A,30,4518,10.0,-58.0,72.0,0,CONCEPT_NOT_FIT_VALIDATED
DUC-F-04526,p4-4x2,Yellow,#F4EE2A,30,4519,10.0,-50.0,72.0,0,CONCEPT_NOT_FIT_VALIDATED
DUC-F-04527,p4-4x2,Yellow,#F4EE2A,30,4520,10.0,-42.0,72.0,0,CONCEPT_NOT_FIT_VALIDATED
DUC-F-04528,p4-4x2,Yellow,#F4EE2A,30,4521,10.0,-34.0,72.0,0,CONCEPT_NOT_FIT_VALIDATED
DUC-F-04529,p4-4x2,Yellow,#F4EE2A,30,4522,10.0,-26.0,72.0,0,CONCEPT_NOT_FIT_VALIDATED
DUC-F-04530,p4-4x2,Yellow,#F4EE2A,30,4523,10.0,-18.0,72.0,0,CONCEPT_NOT_FIT_VALIDATED
DUC-F-04531,p4-4x2,Yellow,#F4EE2A,30,4524,10.0,-10.0,72.0,0,CONCEPT_NOT_FIT_VALIDATED
DUC-F-04532,p4-4x2,Yellow,#F4EE2A,30,4525,10.0,-2.0,72.0,0,CONCEPT_NOT_FIT_VALIDATED
DUC-F-04533,p4-4x2,Yellow,#F4EE2A,30,4526,10.0,6.0,72.0,0,CONCEPT_NOT_FIT_VALIDATED
DUC-F-04534,p4-4x2,Yellow,#F4EE2A,30,4527,10.0,14.0,72.0,0,CONCEPT_NOT_FIT_VALIDATED
DUC-F-04535,p4-4x2,Yellow,#F4EE2A,30,4528,10.0,22.0,72.0,0,CONCEPT_NOT_FIT_VALIDATED
DUC-F-04536,p4-4x2,Yellow,#F4EE2A,30,4529,10.0,30.0,72.0,0,CONCEPT_NOT_FIT_VALIDATED
DUC-F-04537,p4-4x2,Yellow,#F4EE2A,30,4530,10.0,38.0,72.0,0,CONCEPT_NOT_FIT_VALIDATED
DUC-F-04538,p4-4x2,Yellow,#F4EE2A,30,4531,10.0,46.0,72.0,0,CONCEPT_NOT_FIT_VALIDATED
DUC-F-04539,p4-4x2,Yellow,#F4EE2A,30,4532,10.0,54.0,72.0,0,CONCEPT_NOT_FIT_VALIDATED
DUC-F-04540,p4-4x2,Yellow,#F4EE2A,30,4533,10.0,62.0,72.0,0,CONCEPT_NOT_FIT_VALIDATED
DUC-F-04541,p4-4x2,Yellow,#F4EE2A,30,4534,10.0,70.0,72.0,0,CONCEPT_NOT_FIT_VALIDATED
DUC-F-04542,p4-4x2,Yellow,#F4EE2A,30,4535,10.0,78.0,72.0,0,CONCEPT_NOT_FIT_VALIDATED
DUC-F-04543,p4-4x2,Yellow,#F4EE2A,30,4536,10.0,86.0,72.0,0,CONCEPT_NOT_FIT_VALIDATED
DUC-F-04544,p4-4x2,Yellow,#F4EE2A,30,4537,10.0,94.0,72.0,0,CONCEPT_NOT_FIT_VALIDATED
DUC-F-04545,p4-4x2,Yellow,#F4EE2A,30,4538,10.0,102.0,72.0,0,CONCEPT_NOT_FIT_VALIDATED
DUC-F-04421,p4-1x1,Yellow,#F4EE2A,29,4539,16.0,104.0,69.6,0,CONCEPT_NOT_FIT_VALIDATED
DUC-F-04546,p4-1x1,Pumpkin orange,#FF9016,30,4540,12.0,-64.0,72.0,0,CONCEPT_NOT_FIT_VALIDATED
DUC-F-04547,p4-2x1,Yellow,#F4EE2A,30,4541,20.0,-58.0,72.0,90,CONCEPT_NOT_FIT_VALIDATED
DUC-F-04548,p4-4x2,Yellow,#F4EE2A,30,4542,26.0,-50.0,72.0,0,CONCEPT_NOT_FIT_VALIDATED
DUC-F-04549,p4-4x2,Yellow,#F4EE2A,30,4543,26.0,-42.0,72.0,0,CONCEPT_NOT_FIT_VALIDATED
DUC-F-04550,p4-4x2,Yellow,#F4EE2A,30,4544,26.0,-34.0,72.0,0,CONCEPT_NOT_FIT_VALIDATED
DUC-F-04551,p4-4x2,Yellow,#F4EE2A,30,4545,26.0,-26.0,72.0,0,CONCEPT_NOT_FIT_VALIDATED
DUC-F-04552,p4-4x2,Yellow,#F4EE2A,30,4546,26.0,-18.0,72.0,0,CONCEPT_NOT_FIT_VALIDATED
DUC-F-04553,p4-4x2,Yellow,#F4EE2A,30,4547,26.0,-10.0,72.0,0,CONCEPT_NOT_FIT_VALIDATED
DUC-F-04554,p4-4x2,Yellow,#F4EE2A,30,4548,26.0,-2.0,72.0,0,CONCEPT_NOT_FIT_VALIDATED
DUC-F-04555,p4-4x2,Yellow,#F4EE2A,30,4549,26.0,6.0,72.0,0,CONCEPT_NOT_FIT_VALIDATED
DUC-F-04556,p4-4x2,Yellow,#F4EE2A,30,4550,26.0,14.0,72.0,0,CONCEPT_NOT_FIT_VALIDATED
DUC-F-04557,p4-4x2,Yellow,#F4EE2A,30,4551,26.0,22.0,72.0,0,CONCEPT_NOT_FIT_VALIDATED
DUC-F-04558,p4-4x2,Yellow,#F4EE2A,30,4552,26.0,30.0,72.0,0,CONCEPT_NOT_FIT_VALIDATED
DUC-F-04559,p4-4x2,Yellow,#F4EE2A,30,4553,26.0,38.0,72.0,0,CONCEPT_NOT_FIT_VALIDATED
DUC-F-04560,p4-4x2,Yellow,#F4EE2A,30,4554,26.0,46.0,72.0,0,CONCEPT_NOT_FIT_VALIDATED
DUC-F-04561,p4-4x2,Yellow,#F4EE2A,30,4555,26.0,54.0,72.0,0,CONCEPT_NOT_FIT_VALIDATED
DUC-F-04562,p4-4x2,Yellow,#F4EE2A,30,4556,26.0,62.0,72.0,0,CONCEPT_NOT_FIT_VALIDATED
DUC-F-04563,p4-4x2,Yellow,#F4EE2A,30,4557,26.0,70.0,72.0,0,CONCEPT_NOT_FIT_VALIDATED
DUC-F-04564,p4-4x2,Yellow,#F4EE2A,30,4558,26.0,78.0,72.0,0,CONCEPT_NOT_FIT_VALIDATED
DUC-F-04565,p4-4x2,Yellow,#F4EE2A,30,4559,26.0,86.0,72.0,0,CONCEPT_NOT_FIT_VALIDATED
DUC-F-04566,p4-2x2,Yellow,#F4EE2A,30,4560,22.0,94.0,72.0,0,CONCEPT_NOT_FIT_VALIDATED
DUC-F-04567,p4-1x1,Yellow,#F4EE2A,30,4561,20.0,100.0,72.0,0,CONCEPT_NOT_FIT_VALIDATED
DUC-F-04568,p4-3x1,Yellow,#F4EE2A,30,4562,28.0,-56.0,72.0,0,CONCEPT_NOT_FIT_VALIDATED
DUC-F-04569,p4-1x1,Yellow,#F4EE2A,30,4563,28.0,92.0,72.0,0,CONCEPT_NOT_FIT_VALIDATED
DUC-F-04570,p4-2x1,Yellow,#F4EE2A,30,4564,36.0,-50.0,72.0,90,CONCEPT_NOT_FIT_VALIDATED
DUC-F-04571,p4-4x2,Yellow,#F4EE2A,30,4565,42.0,-42.0,72.0,0,CONCEPT_NOT_FIT_VALIDATED
DUC-F-04572,p4-4x2,Yellow,#F4EE2A,30,4566,42.0,-34.0,72.0,0,CONCEPT_NOT_FIT_VALIDATED
DUC-F-04573,p4-4x2,Yellow,#F4EE2A,30,4567,42.0,-26.0,72.0,0,CONCEPT_NOT_FIT_VALIDATED
DUC-F-04574,p4-4x2,Yellow,#F4EE2A,30,4568,42.0,-18.0,72.0,0,CONCEPT_NOT_FIT_VALIDATED
DUC-F-04575,p4-4x2,Yellow,#F4EE2A,30,4569,42.0,-10.0,72.0,0,CONCEPT_NOT_FIT_VALIDATED
DUC-F-04576,p4-4x2,Yellow,#F4EE2A,30,4570,42.0,-2.0,72.0,0,CONCEPT_NOT_FIT_VALIDATED
DUC-F-04577,p4-4x2,Yellow,#F4EE2A,30,4571,42.0,6.0,72.0,0,CONCEPT_NOT_FIT_VALIDATED
DUC-F-04578,p4-4x2,Yellow,#F4EE2A,30,4572,42.0,14.0,72.0,0,CONCEPT_NOT_FIT_VALIDATED
DUC-F-04579,p4-4x2,Yellow,#F4EE2A,30,4573,42.0,22.0,72.0,0,CONCEPT_NOT_FIT_VALIDATED
DUC-F-04580,p4-4x2,Yellow,#F4EE2A,30,4574,42.0,30.0,72.0,0,CONCEPT_NOT_FIT_VALIDATED
DUC-F-04581,p4-4x2,Yellow,#F4EE2A,30,4575,42.0,38.0,72.0,0,CONCEPT_NOT_FIT_VALIDATED
DUC-F-04582,p4-4x2,Yellow,#F4EE2A,30,4576,42.0,46.0,72.0,0,CONCEPT_NOT_FIT_VALIDATED
DUC-F-04583,p4-4x2,Yellow,#F4EE2A,30,4577,42.0,54.0,72.0,0,CONCEPT_NOT_FIT_VALIDATED
DUC-F-04584,p4-4x2,Yellow,#F4EE2A,30,4578,42.0,62.0,72.0,0,CONCEPT_NOT_FIT_VALIDATED
DUC-F-04585,p4-4x2,Yellow,#F4EE2A,30,4579,42.0,70.0,72.0,0,CONCEPT_NOT_FIT_VALIDATED
DUC-F-04586,p4-4x2,Yellow,#F4EE2A,30,4580,42.0,78.0,72.0,0,CONCEPT_NOT_FIT_VALIDATED
DUC-F-04587,p4-1x1,Yellow,#F4EE2A,30,4581,36.0,84.0,72.0,0,CONCEPT_NOT_FIT_VALIDATED
DUC-F-04588,p4-2x1,Yellow,#F4EE2A,30,4582,42.0,-48.0,72.0,0,CONCEPT_NOT_FIT_VALIDATED
DUC-F-04589,p4-2x1,Yellow,#F4EE2A,30,4583,52.0,-34.0,72.0,90,CONCEPT_NOT_FIT_VALIDATED
DUC-F-04590,p4-2x2,Yellow,#F4EE2A,30,4584,54.0,-26.0,72.0,0,CONCEPT_NOT_FIT_VALIDATED
DUC-F-04591,p4-3x2,Yellow,#F4EE2A,30,4585,56.0,-18.0,72.0,0,CONCEPT_NOT_FIT_VALIDATED
DUC-F-04592,p4-3x2,Yellow,#F4EE2A,30,4586,56.0,-10.0,72.0,0,CONCEPT_NOT_FIT_VALIDATED
DUC-F-04593,p4-3x2,Yellow,#F4EE2A,30,4587,56.0,-2.0,72.0,0,CONCEPT_NOT_FIT_VALIDATED
DUC-F-04594,p4-3x2,Yellow,#F4EE2A,30,4588,56.0,6.0,72.0,0,CONCEPT_NOT_FIT_VALIDATED
DUC-F-04595,p4-3x2,Yellow,#F4EE2A,30,4589,56.0,14.0,72.0,0,CONCEPT_NOT_FIT_VALIDATED
DUC-F-04596,p4-4x2,Yellow,#F4EE2A,30,4590,58.0,22.0,72.0,0,CONCEPT_NOT_FIT_VALIDATED
DUC-F-04597,p4-4x2,Yellow,#F4EE2A,30,4591,58.0,30.0,72.0,0,CONCEPT_NOT_FIT_VALIDATED
DUC-F-04598,p4-4x2,Yellow,#F4EE2A,30,4592,58.0,38.0,72.0,0,CONCEPT_NOT_FIT_VALIDATED
DUC-F-04599,p4-4x2,Yellow,#F4EE2A,30,4593,58.0,46.0,72.0,0,CONCEPT_NOT_FIT_VALIDATED
DUC-F-04600,p4-4x2,Yellow,#F4EE2A,30,4594,58.0,54.0,72.0,0,CONCEPT_NOT_FIT_VALIDATED
DUC-F-04601,p4-4x2,Yellow,#F4EE2A,30,4595,58.0,62.0,72.0,0,CONCEPT_NOT_FIT_VALIDATED
DUC-F-04602,p4-3x2,Yellow,#F4EE2A,30,4596,56.0,70.0,72.0,0,CONCEPT_NOT_FIT_VALIDATED
DUC-F-04603,p4-2x2,Yellow,#F4EE2A,30,4597,54.0,78.0,72.0,0,CONCEPT_NOT_FIT_VALIDATED
DUC-F-04604,p4-1x1,Yellow,#F4EE2A,30,4598,56.0,-32.0,72.0,0,CONCEPT_NOT_FIT_VALIDATED
DUC-F-04606,p4-1x1,Yellow,#F4EE2A,30,4599,64.0,16.0,72.0,0,CONCEPT_NOT_FIT_VALIDATED
DUC-F-04607,p4-1x1,Yellow,#F4EE2A,30,4600,64.0,68.0,72.0,0,CONCEPT_NOT_FIT_VALIDATED
DUC-F-04608,p4-1x1,Yellow,#F4EE2A,30,4601,68.0,16.0,72.0,0,CONCEPT_NOT_FIT_VALIDATED
DUC-F-04609,p4-2x1,Yellow,#F4EE2A,30,4602,68.0,22.0,72.0,90,CONCEPT_NOT_FIT_VALIDATED
DUC-F-04610,p4-2x2,Yellow,#F4EE2A,30,4603,70.0,30.0,72.0,0,CONCEPT_NOT_FIT_VALIDATED
DUC-F-04611,p4-2x2,Yellow,#F4EE2A,30,4604,70.0,38.0,72.0,0,CONCEPT_NOT_FIT_VALIDATED
DUC-F-04612,p4-2x2,Yellow,#F4EE2A,30,4605,70.0,46.0,72.0,0,CONCEPT_NOT_FIT_VALIDATED
DUC-F-04613,p4-2x1,Yellow,#F4EE2A,30,4606,68.0,54.0,72.0,90,CONCEPT_NOT_FIT_VALIDATED
DUC-F-04614,p4-1x1,Yellow,#F4EE2A,30,4607,68.0,60.0,72.0,0,CONCEPT_NOT_FIT_VALIDATED
DUC-F-04615,p4-1x1,Yellow,#F4EE2A,30,4608,72.0,24.0,72.0,0,CONCEPT_NOT_FIT_VALIDATED
DUC-F-04625,p4-4x1,Yellow,#F4EE2A,31,4609,-8.0,-70.0,74.4,90,CONCEPT_NOT_FIT_VALIDATED
DUC-F-04495,p4-4x1,Pumpkin orange,#FF9016,30,4610,-6.0,-68.0,72.0,0,CONCEPT_NOT_FIT_VALIDATED
DUC-F-04518,p4-3x2,Pumpkin orange,#FF9016,30,4611,-4.0,-74.0,72.0,0,CONCEPT_NOT_FIT_VALIDATED
DUC-F-04626,p4-4x2,Yellow,#F4EE2A,31,4612,-2.0,-70.0,74.4,90,CONCEPT_NOT_FIT_VALIDATED
DUC-F-04627,p4-4x2,Yellow,#F4EE2A,31,4613,6.0,-70.0,74.4,90,CONCEPT_NOT_FIT_VALIDATED
DUC-F-04522,p4-2x2,Pumpkin orange,#FF9016,30,4614,6.0,-74.0,72.0,0,CONCEPT_NOT_FIT_VALIDATED
DUC-F-04523,p4-3x1,Pumpkin orange,#FF9016,30,4615,8.0,-68.0,72.0,0,CONCEPT_NOT_FIT_VALIDATED
DUC-F-04631,p4-2x1,Yellow,#F4EE2A,31,4616,-12.0,-66.0,74.4,90,CONCEPT_NOT_FIT_VALIDATED
DUC-F-04632,p4-2x1,Yellow,#F4EE2A,31,4617,12.0,-66.0,74.4,90,CONCEPT_NOT_FIT_VALIDATED
DUC-F-04633,p4-1x1,Pumpkin orange,#FF9016,31,4618,-20.0,-60.0,74.4,0,CONCEPT_NOT_FIT_VALIDATED
DUC-F-04634,p4-4x1,Yellow,#F4EE2A,31,4619,-16.0,-54.0,74.4,90,CONCEPT_NOT_FIT_VALIDATED
DUC-F-04635,p4-4x2,Yellow,#F4EE2A,31,4620,-10.0,-54.0,74.4,90,CONCEPT_NOT_FIT_VALIDATED
DUC-F-04636,p4-4x2,Yellow,#F4EE2A,31,4621,-2.0,-54.0,74.4,90,CONCEPT_NOT_FIT_VALIDATED
DUC-F-04637,p4-4x2,Yellow,#F4EE2A,31,4622,6.0,-54.0,74.4,90,CONCEPT_NOT_FIT_VALIDATED
DUC-F-04638,p4-4x2,Yellow,#F4EE2A,31,4623,14.0,-54.0,74.4,90,CONCEPT_NOT_FIT_VALIDATED
DUC-F-04639,p4-1x1,Pumpkin orange,#FF9016,31,4624,20.0,-60.0,74.4,0,CONCEPT_NOT_FIT_VALIDATED
DUC-F-04640,p4-3x2,Yellow,#F4EE2A,31,4625,-26.0,-52.0,74.4,90,CONCEPT_NOT_FIT_VALIDATED
DUC-F-04641,p4-3x1,Yellow,#F4EE2A,31,4626,-20.0,-52.0,74.4,90,CONCEPT_NOT_FIT_VALIDATED
DUC-F-04642,p4-3x2,Yellow,#F4EE2A,31,4627,22.0,-52.0,74.4,90,CONCEPT_NOT_FIT_VALIDATED
DUC-F-04643,p4-3x1,Yellow,#F4EE2A,31,4628,28.0,-52.0,74.4,90,CONCEPT_NOT_FIT_VALIDATED
DUC-F-04644,p4-2x2,Yellow,#F4EE2A,31,4629,-34.0,-50.0,74.4,0,CONCEPT_NOT_FIT_VALIDATED
DUC-F-04645,p4-2x1,Yellow,#F4EE2A,31,4630,32.0,-50.0,74.4,90,CONCEPT_NOT_FIT_VALIDATED
DUC-F-04646,p4-2x1,Yellow,#F4EE2A,31,4631,36.0,-50.0,74.4,90,CONCEPT_NOT_FIT_VALIDATED
DUC-F-04647,p4-2x1,Yellow,#F4EE2A,31,4632,-42.0,-48.0,74.4,0,CONCEPT_NOT_FIT_VALIDATED
DUC-F-04648,p4-1x1,Yellow,#F4EE2A,31,4633,40.0,-48.0,74.4,0,CONCEPT_NOT_FIT_VALIDATED
DUC-F-04649,p4-1x1,Yellow,#F4EE2A,31,4634,44.0,-48.0,74.4,0,CONCEPT_NOT_FIT_VALIDATED
DUC-F-04650,p4-4x1,Yellow,#F4EE2A,31,4635,-48.0,-38.0,74.4,90,CONCEPT_NOT_FIT_VALIDATED
DUC-F-04651,p4-4x2,Yellow,#F4EE2A,31,4636,-42.0,-38.0,74.4,90,CONCEPT_NOT_FIT_VALIDATED
DUC-F-04652,p4-4x2,Yellow,#F4EE2A,31,4637,-34.0,-38.0,74.4,90,CONCEPT_NOT_FIT_VALIDATED
DUC-F-04653,p4-4x2,Yellow,#F4EE2A,31,4638,-26.0,-38.0,74.4,90,CONCEPT_NOT_FIT_VALIDATED
DUC-F-04654,p4-4x2,Yellow,#F4EE2A,31,4639,-18.0,-38.0,74.4,90,CONCEPT_NOT_FIT_VALIDATED
DUC-F-04655,p4-4x2,Yellow,#F4EE2A,31,4640,-10.0,-38.0,74.4,90,CONCEPT_NOT_FIT_VALIDATED
DUC-F-04656,p4-4x2,Yellow,#F4EE2A,31,4641,-2.0,-38.0,74.4,90,CONCEPT_NOT_FIT_VALIDATED
DUC-F-04657,p4-4x2,Yellow,#F4EE2A,31,4642,6.0,-38.0,74.4,90,CONCEPT_NOT_FIT_VALIDATED
DUC-F-04658,p4-4x2,Yellow,#F4EE2A,31,4643,14.0,-38.0,74.4,90,CONCEPT_NOT_FIT_VALIDATED
DUC-F-04659,p4-4x2,Yellow,#F4EE2A,31,4644,22.0,-38.0,74.4,90,CONCEPT_NOT_FIT_VALIDATED
DUC-F-04660,p4-4x2,Yellow,#F4EE2A,31,4645,30.0,-38.0,74.4,90,CONCEPT_NOT_FIT_VALIDATED
DUC-F-04661,p4-4x2,Yellow,#F4EE2A,31,4646,38.0,-38.0,74.4,90,CONCEPT_NOT_FIT_VALIDATED
DUC-F-04662,p4-4x2,Yellow,#F4EE2A,31,4647,46.0,-38.0,74.4,90,CONCEPT_NOT_FIT_VALIDATED
DUC-F-04663,p4-3x1,Yellow,#F4EE2A,31,4648,-52.0,-36.0,74.4,90,CONCEPT_NOT_FIT_VALIDATED
DUC-F-04664,p4-3x1,Yellow,#F4EE2A,31,4649,52.0,-36.0,74.4,90,CONCEPT_NOT_FIT_VALIDATED
DUC-F-04665,p4-1x1,Yellow,#F4EE2A,31,4650,-56.0,-32.0,74.4,0,CONCEPT_NOT_FIT_VALIDATED
DUC-F-04666,p4-1x1,Yellow,#F4EE2A,31,4651,56.0,-32.0,74.4,0,CONCEPT_NOT_FIT_VALIDATED
DUC-F-04667,p4-4x1,Yellow,#F4EE2A,31,4652,-56.0,-22.0,74.4,90,CONCEPT_NOT_FIT_VALIDATED
DUC-F-04668,p4-4x2,Yellow,#F4EE2A,31,4653,-50.0,-22.0,74.4,90,CONCEPT_NOT_FIT_VALIDATED
DUC-F-04669,p4-4x2,Yellow,#F4EE2A,31,4654,-42.0,-22.0,74.4,90,CONCEPT_NOT_FIT_VALIDATED
DUC-F-04670,p4-4x2,Yellow,#F4EE2A,31,4655,-34.0,-22.0,74.4,90,CONCEPT_NOT_FIT_VALIDATED
DUC-F-04671,p4-4x2,Yellow,#F4EE2A,31,4656,-26.0,-22.0,74.4,90,CONCEPT_NOT_FIT_VALIDATED
DUC-F-04672,p4-4x2,Yellow,#F4EE2A,31,4657,-18.0,-22.0,74.4,90,CONCEPT_NOT_FIT_VALIDATED
DUC-F-04673,p4-4x2,Yellow,#F4EE2A,31,4658,-10.0,-22.0,74.4,90,CONCEPT_NOT_FIT_VALIDATED
DUC-F-04674,p4-4x2,Yellow,#F4EE2A,31,4659,-2.0,-22.0,74.4,90,CONCEPT_NOT_FIT_VALIDATED
DUC-F-04675,p4-4x2,Yellow,#F4EE2A,31,4660,6.0,-22.0,74.4,90,CONCEPT_NOT_FIT_VALIDATED
DUC-F-04676,p4-4x2,Yellow,#F4EE2A,31,4661,14.0,-22.0,74.4,90,CONCEPT_NOT_FIT_VALIDATED
DUC-F-04677,p4-4x2,Yellow,#F4EE2A,31,4662,22.0,-22.0,74.4,90,CONCEPT_NOT_FIT_VALIDATED
DUC-F-04678,p4-4x2,Yellow,#F4EE2A,31,4663,30.0,-22.0,74.4,90,CONCEPT_NOT_FIT_VALIDATED
DUC-F-04679,p4-4x2,Yellow,#F4EE2A,31,4664,38.0,-22.0,74.4,90,CONCEPT_NOT_FIT_VALIDATED
DUC-F-04680,p4-4x2,Yellow,#F4EE2A,31,4665,46.0,-22.0,74.4,90,CONCEPT_NOT_FIT_VALIDATED
DUC-F-04681,p4-4x2,Yellow,#F4EE2A,31,4666,54.0,-22.0,74.4,90,CONCEPT_NOT_FIT_VALIDATED
DUC-F-04682,p4-2x1,Yellow,#F4EE2A,31,4667,-60.0,-18.0,74.4,90,CONCEPT_NOT_FIT_VALIDATED
DUC-F-04683,p4-2x1,Yellow,#F4EE2A,31,4668,60.0,-18.0,74.4,90,CONCEPT_NOT_FIT_VALIDATED
DUC-F-04684,p4-4x2,Yellow,#F4EE2A,31,4669,-58.0,-6.0,74.4,90,CONCEPT_NOT_FIT_VALIDATED
DUC-F-04685,p4-4x2,Yellow,#F4EE2A,31,4670,-50.0,-6.0,74.4,90,CONCEPT_NOT_FIT_VALIDATED
DUC-F-04686,p4-4x2,Yellow,#F4EE2A,31,4671,-42.0,-6.0,74.4,90,CONCEPT_NOT_FIT_VALIDATED
DUC-F-04687,p4-4x2,Yellow,#F4EE2A,31,4672,-34.0,-6.0,74.4,90,CONCEPT_NOT_FIT_VALIDATED
DUC-F-04688,p4-4x2,Yellow,#F4EE2A,31,4673,-26.0,-6.0,74.4,90,CONCEPT_NOT_FIT_VALIDATED
DUC-F-04689,p4-4x2,Yellow,#F4EE2A,31,4674,-18.0,-6.0,74.4,90,CONCEPT_NOT_FIT_VALIDATED
DUC-F-04690,p4-4x2,Yellow,#F4EE2A,31,4675,-10.0,-6.0,74.4,90,CONCEPT_NOT_FIT_VALIDATED
DUC-F-04691,p4-4x2,Yellow,#F4EE2A,31,4676,-2.0,-6.0,74.4,90,CONCEPT_NOT_FIT_VALIDATED
DUC-F-04692,p4-4x2,Yellow,#F4EE2A,31,4677,6.0,-6.0,74.4,90,CONCEPT_NOT_FIT_VALIDATED
DUC-F-04693,p4-4x2,Yellow,#F4EE2A,31,4678,14.0,-6.0,74.4,90,CONCEPT_NOT_FIT_VALIDATED
DUC-F-04694,p4-4x2,Yellow,#F4EE2A,31,4679,22.0,-6.0,74.4,90,CONCEPT_NOT_FIT_VALIDATED
DUC-F-04695,p4-4x2,Yellow,#F4EE2A,31,4680,30.0,-6.0,74.4,90,CONCEPT_NOT_FIT_VALIDATED
DUC-F-04696,p4-4x2,Yellow,#F4EE2A,31,4681,38.0,-6.0,74.4,90,CONCEPT_NOT_FIT_VALIDATED
DUC-F-04697,p4-4x2,Yellow,#F4EE2A,31,4682,46.0,-6.0,74.4,90,CONCEPT_NOT_FIT_VALIDATED
DUC-F-04698,p4-4x2,Yellow,#F4EE2A,31,4683,54.0,-6.0,74.4,90,CONCEPT_NOT_FIT_VALIDATED
DUC-F-04699,p4-4x1,Yellow,#F4EE2A,31,4684,60.0,-6.0,74.4,90,CONCEPT_NOT_FIT_VALIDATED
DUC-F-04700,p4-4x2,Yellow,#F4EE2A,31,4685,-58.0,10.0,74.4,90,CONCEPT_NOT_FIT_VALIDATED
DUC-F-04701,p4-4x2,Yellow,#F4EE2A,31,4686,-50.0,10.0,74.4,90,CONCEPT_NOT_FIT_VALIDATED
DUC-F-04702,p4-4x2,Yellow,#F4EE2A,31,4687,-42.0,10.0,74.4,90,CONCEPT_NOT_FIT_VALIDATED
DUC-F-04703,p4-4x2,Yellow,#F4EE2A,31,4688,-34.0,10.0,74.4,90,CONCEPT_NOT_FIT_VALIDATED
DUC-F-04704,p4-4x2,Yellow,#F4EE2A,31,4689,-26.0,10.0,74.4,90,CONCEPT_NOT_FIT_VALIDATED
DUC-F-04705,p4-4x2,Yellow,#F4EE2A,31,4690,-18.0,10.0,74.4,90,CONCEPT_NOT_FIT_VALIDATED
DUC-F-04706,p4-4x2,Yellow,#F4EE2A,31,4691,-10.0,10.0,74.4,90,CONCEPT_NOT_FIT_VALIDATED
DUC-F-04707,p4-4x2,Yellow,#F4EE2A,31,4692,-2.0,10.0,74.4,90,CONCEPT_NOT_FIT_VALIDATED
DUC-F-04708,p4-4x2,Yellow,#F4EE2A,31,4693,6.0,10.0,74.4,90,CONCEPT_NOT_FIT_VALIDATED
DUC-F-04709,p4-4x2,Yellow,#F4EE2A,31,4694,14.0,10.0,74.4,90,CONCEPT_NOT_FIT_VALIDATED
DUC-F-04710,p4-4x2,Yellow,#F4EE2A,31,4695,22.0,10.0,74.4,90,CONCEPT_NOT_FIT_VALIDATED
DUC-F-04711,p4-4x2,Yellow,#F4EE2A,31,4696,30.0,10.0,74.4,90,CONCEPT_NOT_FIT_VALIDATED
DUC-F-04712,p4-4x2,Yellow,#F4EE2A,31,4697,38.0,10.0,74.4,90,CONCEPT_NOT_FIT_VALIDATED
DUC-F-04713,p4-4x2,Yellow,#F4EE2A,31,4698,46.0,10.0,74.4,90,CONCEPT_NOT_FIT_VALIDATED
DUC-F-04714,p4-4x2,Yellow,#F4EE2A,31,4699,54.0,10.0,74.4,90,CONCEPT_NOT_FIT_VALIDATED
DUC-F-04715,p4-4x1,Yellow,#F4EE2A,31,4700,60.0,10.0,74.4,90,CONCEPT_NOT_FIT_VALIDATED
DUC-F-04716,p4-1x1,Yellow,#F4EE2A,31,4701,-64.0,16.0,74.4,0,CONCEPT_NOT_FIT_VALIDATED
DUC-F-04717,p4-1x1,Yellow,#F4EE2A,31,4702,64.0,16.0,74.4,0,CONCEPT_NOT_FIT_VALIDATED
DUC-F-04718,p4-4x2,Yellow,#F4EE2A,31,4703,-66.0,26.0,74.4,90,CONCEPT_NOT_FIT_VALIDATED
DUC-F-04719,p4-4x2,Yellow,#F4EE2A,31,4704,-58.0,26.0,74.4,90,CONCEPT_NOT_FIT_VALIDATED
DUC-F-04720,p4-4x2,Yellow,#F4EE2A,31,4705,-50.0,26.0,74.4,90,CONCEPT_NOT_FIT_VALIDATED
DUC-F-04721,p4-4x2,Yellow,#F4EE2A,31,4706,-42.0,26.0,74.4,90,CONCEPT_NOT_FIT_VALIDATED
DUC-F-04722,p4-4x2,Yellow,#F4EE2A,31,4707,-34.0,26.0,74.4,90,CONCEPT_NOT_FIT_VALIDATED
DUC-F-04723,p4-4x2,Yellow,#F4EE2A,31,4708,-26.0,26.0,74.4,90,CONCEPT_NOT_FIT_VALIDATED
DUC-F-04724,p4-4x2,Yellow,#F4EE2A,31,4709,-18.0,26.0,74.4,90,CONCEPT_NOT_FIT_VALIDATED
DUC-F-04725,p4-4x2,Yellow,#F4EE2A,31,4710,-10.0,26.0,74.4,90,CONCEPT_NOT_FIT_VALIDATED
DUC-F-04726,p4-4x2,Yellow,#F4EE2A,31,4711,-2.0,26.0,74.4,90,CONCEPT_NOT_FIT_VALIDATED
DUC-F-04727,p4-4x2,Yellow,#F4EE2A,31,4712,6.0,26.0,74.4,90,CONCEPT_NOT_FIT_VALIDATED
DUC-F-04728,p4-4x2,Yellow,#F4EE2A,31,4713,14.0,26.0,74.4,90,CONCEPT_NOT_FIT_VALIDATED
DUC-F-04729,p4-4x2,Yellow,#F4EE2A,31,4714,22.0,26.0,74.4,90,CONCEPT_NOT_FIT_VALIDATED
DUC-F-04730,p4-4x2,Yellow,#F4EE2A,31,4715,30.0,26.0,74.4,90,CONCEPT_NOT_FIT_VALIDATED
DUC-F-04731,p4-4x2,Yellow,#F4EE2A,31,4716,38.0,26.0,74.4,90,CONCEPT_NOT_FIT_VALIDATED
DUC-F-04732,p4-4x2,Yellow,#F4EE2A,31,4717,46.0,26.0,74.4,90,CONCEPT_NOT_FIT_VALIDATED
DUC-F-04733,p4-4x2,Yellow,#F4EE2A,31,4718,54.0,26.0,74.4,90,CONCEPT_NOT_FIT_VALIDATED
DUC-F-04734,p4-4x2,Yellow,#F4EE2A,31,4719,62.0,26.0,74.4,90,CONCEPT_NOT_FIT_VALIDATED
DUC-F-04735,p4-4x1,Yellow,#F4EE2A,31,4720,68.0,26.0,74.4,90,CONCEPT_NOT_FIT_VALIDATED
DUC-F-04736,p4-2x1,Yellow,#F4EE2A,31,4721,-72.0,30.0,74.4,90,CONCEPT_NOT_FIT_VALIDATED
DUC-F-04737,p4-2x1,Yellow,#F4EE2A,31,4722,72.0,30.0,74.4,90,CONCEPT_NOT_FIT_VALIDATED
DUC-F-04738,p4-3x1,Yellow,#F4EE2A,31,4723,-72.0,40.0,74.4,90,CONCEPT_NOT_FIT_VALIDATED
DUC-F-04739,p4-4x2,Yellow,#F4EE2A,31,4724,-66.0,42.0,74.4,90,CONCEPT_NOT_FIT_VALIDATED
DUC-F-04740,p4-4x2,Yellow,#F4EE2A,31,4725,-58.0,42.0,74.4,90,CONCEPT_NOT_FIT_VALIDATED
DUC-F-04741,p4-4x2,Yellow,#F4EE2A,31,4726,-50.0,42.0,74.4,90,CONCEPT_NOT_FIT_VALIDATED
DUC-F-04742,p4-4x2,Yellow,#F4EE2A,31,4727,-42.0,42.0,74.4,90,CONCEPT_NOT_FIT_VALIDATED
DUC-F-04743,p4-4x2,Yellow,#F4EE2A,31,4728,-34.0,42.0,74.4,90,CONCEPT_NOT_FIT_VALIDATED
DUC-F-04744,p4-4x2,Yellow,#F4EE2A,31,4729,-26.0,42.0,74.4,90,CONCEPT_NOT_FIT_VALIDATED
DUC-F-04745,p4-4x2,Yellow,#F4EE2A,31,4730,-18.0,42.0,74.4,90,CONCEPT_NOT_FIT_VALIDATED
DUC-F-04746,p4-4x2,Yellow,#F4EE2A,31,4731,-10.0,42.0,74.4,90,CONCEPT_NOT_FIT_VALIDATED
DUC-F-04747,p4-4x2,Yellow,#F4EE2A,31,4732,-2.0,42.0,74.4,90,CONCEPT_NOT_FIT_VALIDATED
DUC-F-04748,p4-4x2,Yellow,#F4EE2A,31,4733,6.0,42.0,74.4,90,CONCEPT_NOT_FIT_VALIDATED
DUC-F-04749,p4-4x2,Yellow,#F4EE2A,31,4734,14.0,42.0,74.4,90,CONCEPT_NOT_FIT_VALIDATED
DUC-F-04750,p4-4x2,Yellow,#F4EE2A,31,4735,22.0,42.0,74.4,90,CONCEPT_NOT_FIT_VALIDATED
DUC-F-04751,p4-4x2,Yellow,#F4EE2A,31,4736,30.0,42.0,74.4,90,CONCEPT_NOT_FIT_VALIDATED
DUC-F-04752,p4-4x2,Yellow,#F4EE2A,31,4737,38.0,42.0,74.4,90,CONCEPT_NOT_FIT_VALIDATED
DUC-F-04753,p4-4x2,Yellow,#F4EE2A,31,4738,46.0,42.0,74.4,90,CONCEPT_NOT_FIT_VALIDATED
DUC-F-04754,p4-4x2,Yellow,#F4EE2A,31,4739,54.0,42.0,74.4,90,CONCEPT_NOT_FIT_VALIDATED
DUC-F-04755,p4-4x2,Yellow,#F4EE2A,31,4740,62.0,42.0,74.4,90,CONCEPT_NOT_FIT_VALIDATED
DUC-F-04756,p4-3x2,Yellow,#F4EE2A,31,4741,70.0,40.0,74.4,90,CONCEPT_NOT_FIT_VALIDATED
DUC-F-04757,p4-1x1,Yellow,#F4EE2A,31,4742,68.0,48.0,74.4,0,CONCEPT_NOT_FIT_VALIDATED
DUC-F-04758,p4-3x2,Yellow,#F4EE2A,31,4743,-66.0,56.0,74.4,90,CONCEPT_NOT_FIT_VALIDATED
DUC-F-04759,p4-4x2,Yellow,#F4EE2A,31,4744,-58.0,58.0,74.4,90,CONCEPT_NOT_FIT_VALIDATED
DUC-F-04760,p4-4x2,Yellow,#F4EE2A,31,4745,-50.0,58.0,74.4,90,CONCEPT_NOT_FIT_VALIDATED
DUC-F-04761,p4-4x2,Yellow,#F4EE2A,31,4746,-42.0,58.0,74.4,90,CONCEPT_NOT_FIT_VALIDATED
DUC-F-04762,p4-4x2,Yellow,#F4EE2A,31,4747,-34.0,58.0,74.4,90,CONCEPT_NOT_FIT_VALIDATED
DUC-F-04763,p4-4x2,Yellow,#F4EE2A,31,4748,-26.0,58.0,74.4,90,CONCEPT_NOT_FIT_VALIDATED
DUC-F-04764,p4-4x2,Yellow,#F4EE2A,31,4749,-18.0,58.0,74.4,90,CONCEPT_NOT_FIT_VALIDATED
DUC-F-04765,p4-4x2,Yellow,#F4EE2A,31,4750,-10.0,58.0,74.4,90,CONCEPT_NOT_FIT_VALIDATED
DUC-F-04766,p4-4x2,Yellow,#F4EE2A,31,4751,-2.0,58.0,74.4,90,CONCEPT_NOT_FIT_VALIDATED
DUC-F-04767,p4-4x2,Yellow,#F4EE2A,31,4752,6.0,58.0,74.4,90,CONCEPT_NOT_FIT_VALIDATED
DUC-F-04768,p4-4x2,Yellow,#F4EE2A,31,4753,14.0,58.0,74.4,90,CONCEPT_NOT_FIT_VALIDATED
DUC-F-04769,p4-4x2,Yellow,#F4EE2A,31,4754,22.0,58.0,74.4,90,CONCEPT_NOT_FIT_VALIDATED
DUC-F-04770,p4-4x2,Yellow,#F4EE2A,31,4755,30.0,58.0,74.4,90,CONCEPT_NOT_FIT_VALIDATED
DUC-F-04771,p4-4x2,Yellow,#F4EE2A,31,4756,38.0,58.0,74.4,90,CONCEPT_NOT_FIT_VALIDATED
DUC-F-04772,p4-4x2,Yellow,#F4EE2A,31,4757,46.0,58.0,74.4,90,CONCEPT_NOT_FIT_VALIDATED
DUC-F-04773,p4-4x2,Yellow,#F4EE2A,31,4758,54.0,58.0,74.4,90,CONCEPT_NOT_FIT_VALIDATED
DUC-F-04774,p4-4x2,Yellow,#F4EE2A,31,4759,62.0,58.0,74.4,90,CONCEPT_NOT_FIT_VALIDATED
DUC-F-04775,p4-3x1,Yellow,#F4EE2A,31,4760,68.0,56.0,74.4,90,CONCEPT_NOT_FIT_VALIDATED
DUC-F-04776,p4-1x1,Yellow,#F4EE2A,31,4761,-64.0,64.0,74.4,0,CONCEPT_NOT_FIT_VALIDATED
DUC-F-04777,p4-1x1,Yellow,#F4EE2A,31,4762,-64.0,68.0,74.4,0,CONCEPT_NOT_FIT_VALIDATED
DUC-F-04778,p4-3x2,Yellow,#F4EE2A,31,4763,-58.0,72.0,74.4,90,CONCEPT_NOT_FIT_VALIDATED
DUC-F-04779,p4-4x2,Yellow,#F4EE2A,31,4764,-50.0,74.0,74.4,90,CONCEPT_NOT_FIT_VALIDATED
DUC-F-04780,p4-4x2,Yellow,#F4EE2A,31,4765,-42.0,74.0,74.4,90,CONCEPT_NOT_FIT_VALIDATED
DUC-F-04781,p4-4x2,Yellow,#F4EE2A,31,4766,-34.0,74.0,74.4,90,CONCEPT_NOT_FIT_VALIDATED
DUC-F-04782,p4-4x2,Yellow,#F4EE2A,31,4767,-26.0,74.0,74.4,90,CONCEPT_NOT_FIT_VALIDATED
DUC-F-04783,p4-4x2,Yellow,#F4EE2A,31,4768,-18.0,74.0,74.4,90,CONCEPT_NOT_FIT_VALIDATED
DUC-F-04784,p4-4x2,Yellow,#F4EE2A,31,4769,-10.0,74.0,74.4,90,CONCEPT_NOT_FIT_VALIDATED
DUC-F-04785,p4-4x2,Yellow,#F4EE2A,31,4770,-2.0,74.0,74.4,90,CONCEPT_NOT_FIT_VALIDATED
DUC-F-04786,p4-4x2,Yellow,#F4EE2A,31,4771,6.0,74.0,74.4,90,CONCEPT_NOT_FIT_VALIDATED
DUC-F-04787,p4-4x2,Yellow,#F4EE2A,31,4772,14.0,74.0,74.4,90,CONCEPT_NOT_FIT_VALIDATED
DUC-F-04788,p4-4x2,Yellow,#F4EE2A,31,4773,22.0,74.0,74.4,90,CONCEPT_NOT_FIT_VALIDATED
DUC-F-04789,p4-4x2,Yellow,#F4EE2A,31,4774,30.0,74.0,74.4,90,CONCEPT_NOT_FIT_VALIDATED
DUC-F-04790,p4-4x2,Yellow,#F4EE2A,31,4775,38.0,74.0,74.4,90,CONCEPT_NOT_FIT_VALIDATED
DUC-F-04791,p4-4x2,Yellow,#F4EE2A,31,4776,46.0,74.0,74.4,90,CONCEPT_NOT_FIT_VALIDATED
DUC-F-04792,p4-4x2,Yellow,#F4EE2A,31,4777,54.0,74.0,74.4,90,CONCEPT_NOT_FIT_VALIDATED
DUC-F-04793,p4-3x1,Yellow,#F4EE2A,31,4778,60.0,72.0,74.4,90,CONCEPT_NOT_FIT_VALIDATED
DUC-F-04605,p4-1x1,Yellow,#F4EE2A,30,4779,60.0,76.0,72.0,0,CONCEPT_NOT_FIT_VALIDATED
DUC-F-04794,p4-1x1,Yellow,#F4EE2A,31,4780,64.0,68.0,74.4,0,CONCEPT_NOT_FIT_VALIDATED
DUC-F-04795,p4-1x1,Yellow,#F4EE2A,31,4781,-56.0,80.0,74.4,0,CONCEPT_NOT_FIT_VALIDATED
DUC-F-04798,p4-2x1,Yellow,#F4EE2A,31,4782,-34.0,84.0,74.4,0,CONCEPT_NOT_FIT_VALIDATED
DUC-F-04799,p4-4x2,Yellow,#F4EE2A,31,4783,-26.0,90.0,74.4,90,CONCEPT_NOT_FIT_VALIDATED
DUC-F-04800,p4-4x2,Yellow,#F4EE2A,31,4784,-18.0,90.0,74.4,90,CONCEPT_NOT_FIT_VALIDATED
DUC-F-04801,p4-4x2,Yellow,#F4EE2A,31,4785,-10.0,90.0,74.4,90,CONCEPT_NOT_FIT_VALIDATED
DUC-F-04802,p4-4x2,Yellow,#F4EE2A,31,4786,-2.0,90.0,74.4,90,CONCEPT_NOT_FIT_VALIDATED
DUC-F-04803,p4-4x2,Yellow,#F4EE2A,31,4787,6.0,90.0,74.4,90,CONCEPT_NOT_FIT_VALIDATED
DUC-F-04804,p4-4x2,Yellow,#F4EE2A,31,4788,14.0,90.0,74.4,90,CONCEPT_NOT_FIT_VALIDATED
DUC-F-04805,p4-4x2,Yellow,#F4EE2A,31,4789,22.0,90.0,74.4,90,CONCEPT_NOT_FIT_VALIDATED
DUC-F-04806,p4-4x1,Yellow,#F4EE2A,31,4790,28.0,90.0,74.4,90,CONCEPT_NOT_FIT_VALIDATED
DUC-F-04807,p4-2x1,Yellow,#F4EE2A,31,4791,32.0,86.0,74.4,90,CONCEPT_NOT_FIT_VALIDATED
DUC-F-04808,p4-1x1,Yellow,#F4EE2A,31,4792,36.0,84.0,74.4,0,CONCEPT_NOT_FIT_VALIDATED
DUC-F-04810,p4-1x1,Yellow,#F4EE2A,31,4793,-32.0,88.0,74.4,0,CONCEPT_NOT_FIT_VALIDATED
DUC-F-04811,p4-2x1,Yellow,#F4EE2A,31,4794,-18.0,100.0,74.4,0,CONCEPT_NOT_FIT_VALIDATED
DUC-F-04812,p4-2x2,Yellow,#F4EE2A,31,4795,-10.0,102.0,74.4,0,CONCEPT_NOT_FIT_VALIDATED
DUC-F-04813,p4-2x2,Yellow,#F4EE2A,31,4796,-2.0,102.0,74.4,0,CONCEPT_NOT_FIT_VALIDATED
DUC-F-04814,p4-2x2,Yellow,#F4EE2A,31,4797,6.0,102.0,74.4,0,CONCEPT_NOT_FIT_VALIDATED
DUC-F-04815,p4-2x2,Yellow,#F4EE2A,31,4798,14.0,102.0,74.4,0,CONCEPT_NOT_FIT_VALIDATED
DUC-F-04816,p4-1x1,Yellow,#F4EE2A,31,4799,20.0,100.0,74.4,0,CONCEPT_NOT_FIT_VALIDATED
DUC-F-04817,p4-1x1,Yellow,#F4EE2A,31,4800,-16.0,104.0,74.4,0,CONCEPT_NOT_FIT_VALIDATED
DUC-F-04818,p4-2x1,Yellow,#F4EE2A,32,4801,-70.0,36.0,76.8,0,CONCEPT_NOT_FIT_VALIDATED
DUC-F-04819,p4-2x1,Yellow,#F4EE2A,32,4802,-70.0,40.0,76.8,0,CONCEPT_NOT_FIT_VALIDATED
DUC-F-04820,p4-2x1,Yellow,#F4EE2A,32,4803,-68.0,26.0,76.8,90,CONCEPT_NOT_FIT_VALIDATED
DUC-F-04821,p4-1x1,Yellow,#F4EE2A,32,4804,-68.0,32.0,76.8,0,CONCEPT_NOT_FIT_VALIDATED
DUC-F-04822,p4-1x1,Yellow,#F4EE2A,32,4805,-68.0,44.0,76.8,0,CONCEPT_NOT_FIT_VALIDATED
DUC-F-04823,p4-2x1,Yellow,#F4EE2A,32,4806,-68.0,50.0,76.8,90,CONCEPT_NOT_FIT_VALIDATED
DUC-F-04824,p4-1x1,Yellow,#F4EE2A,32,4807,-68.0,56.0,76.8,0,CONCEPT_NOT_FIT_VALIDATED
DUC-F-04825,p4-4x1,Yellow,#F4EE2A,32,4808,-58.0,20.0,76.8,0,CONCEPT_NOT_FIT_VALIDATED
DUC-F-04826,p4-4x2,Yellow,#F4EE2A,32,4809,-58.0,26.0,76.8,0,CONCEPT_NOT_FIT_VALIDATED
DUC-F-04827,p4-4x2,Yellow,#F4EE2A,32,4810,-58.0,34.0,76.8,0,CONCEPT_NOT_FIT_VALIDATED
DUC-F-04828,p4-4x2,Yellow,#F4EE2A,32,4811,-58.0,42.0,76.8,0,CONCEPT_NOT_FIT_VALIDATED
DUC-F-04829,p4-4x2,Yellow,#F4EE2A,32,4812,-58.0,50.0,76.8,0,CONCEPT_NOT_FIT_VALIDATED
DUC-F-04830,p4-4x2,Yellow,#F4EE2A,32,4813,-58.0,58.0,76.8,0,CONCEPT_NOT_FIT_VALIDATED
DUC-F-04831,p4-4x2,Yellow,#F4EE2A,32,4814,-58.0,66.0,76.8,0,CONCEPT_NOT_FIT_VALIDATED
DUC-F-04832,p4-3x1,Yellow,#F4EE2A,32,4815,-56.0,-20.0,76.8,0,CONCEPT_NOT_FIT_VALIDATED
DUC-F-04833,p4-3x2,Yellow,#F4EE2A,32,4816,-56.0,-14.0,76.8,0,CONCEPT_NOT_FIT_VALIDATED
DUC-F-04834,p4-3x2,Yellow,#F4EE2A,32,4817,-56.0,-6.0,76.8,0,CONCEPT_NOT_FIT_VALIDATED
DUC-F-04835,p4-3x2,Yellow,#F4EE2A,32,4818,-56.0,2.0,76.8,0,CONCEPT_NOT_FIT_VALIDATED
DUC-F-04836,p4-3x2,Yellow,#F4EE2A,32,4819,-56.0,10.0,76.8,0,CONCEPT_NOT_FIT_VALIDATED
DUC-F-04837,p4-3x1,Yellow,#F4EE2A,32,4820,-56.0,16.0,76.8,0,CONCEPT_NOT_FIT_VALIDATED
DUC-F-04838,p4-3x2,Yellow,#F4EE2A,32,4821,-56.0,74.0,76.8,0,CONCEPT_NOT_FIT_VALIDATED
DUC-F-04839,p4-2x2,Yellow,#F4EE2A,32,4822,-54.0,-30.0,76.8,0,CONCEPT_NOT_FIT_VALIDATED
DUC-F-04840,p4-2x1,Yellow,#F4EE2A,32,4823,-54.0,-24.0,76.8,0,CONCEPT_NOT_FIT_VALIDATED
DUC-F-04841,p4-2x1,Yellow,#F4EE2A,32,4824,-54.0,80.0,76.8,0,CONCEPT_NOT_FIT_VALIDATED
DUC-F-04842,p4-2x1,Yellow,#F4EE2A,32,4825,-52.0,-38.0,76.8,90,CONCEPT_NOT_FIT_VALIDATED
DUC-F-04844,p4-4x1,Yellow,#F4EE2A,32,4826,-42.0,-44.0,76.8,0,CONCEPT_NOT_FIT_VALIDATED
DUC-F-04845,p4-4x2,Yellow,#F4EE2A,32,4827,-42.0,-38.0,76.8,0,CONCEPT_NOT_FIT_VALIDATED
DUC-F-04846,p4-4x2,Yellow,#F4EE2A,32,4828,-42.0,-30.0,76.8,0,CONCEPT_NOT_FIT_VALIDATED
DUC-F-04847,p4-4x2,Yellow,#F4EE2A,32,4829,-42.0,-22.0,76.8,0,CONCEPT_NOT_FIT_VALIDATED
DUC-F-04848,p4-4x2,Yellow,#F4EE2A,32,4830,-42.0,-14.0,76.8,0,CONCEPT_NOT_FIT_VALIDATED
DUC-F-04849,p4-4x2,Yellow,#F4EE2A,32,4831,-42.0,-6.0,76.8,0,CONCEPT_NOT_FIT_VALIDATED
DUC-F-04850,p4-4x2,Yellow,#F4EE2A,32,4832,-42.0,2.0,76.8,0,CONCEPT_NOT_FIT_VALIDATED
DUC-F-04851,p4-4x2,Yellow,#F4EE2A,32,4833,-42.0,10.0,76.8,0,CONCEPT_NOT_FIT_VALIDATED
DUC-F-04852,p4-4x2,Yellow,#F4EE2A,32,4834,-42.0,18.0,76.8,0,CONCEPT_NOT_FIT_VALIDATED
DUC-F-04853,p4-4x2,Yellow,#F4EE2A,32,4835,-42.0,26.0,76.8,0,CONCEPT_NOT_FIT_VALIDATED
DUC-F-04854,p4-4x2,Yellow,#F4EE2A,32,4836,-42.0,34.0,76.8,0,CONCEPT_NOT_FIT_VALIDATED
DUC-F-04855,p4-4x2,Yellow,#F4EE2A,32,4837,-42.0,42.0,76.8,0,CONCEPT_NOT_FIT_VALIDATED
DUC-F-04856,p4-4x2,Yellow,#F4EE2A,32,4838,-42.0,50.0,76.8,0,CONCEPT_NOT_FIT_VALIDATED
DUC-F-04857,p4-4x2,Yellow,#F4EE2A,32,4839,-42.0,58.0,76.8,0,CONCEPT_NOT_FIT_VALIDATED
DUC-F-04858,p4-4x2,Yellow,#F4EE2A,32,4840,-42.0,66.0,76.8,0,CONCEPT_NOT_FIT_VALIDATED
DUC-F-04859,p4-4x2,Yellow,#F4EE2A,32,4841,-42.0,74.0,76.8,0,CONCEPT_NOT_FIT_VALIDATED
DUC-F-04860,p4-2x2,Yellow,#F4EE2A,32,4842,-46.0,82.0,76.8,0,CONCEPT_NOT_FIT_VALIDATED
DUC-F-04796,p4-1x1,Yellow,#F4EE2A,31,4843,-48.0,84.0,74.4,0,CONCEPT_NOT_FIT_VALIDATED
DUC-F-04797,p4-1x1,Yellow,#F4EE2A,31,4844,-44.0,84.0,74.4,0,CONCEPT_NOT_FIT_VALIDATED
DUC-F-04861,p4-3x1,Yellow,#F4EE2A,32,4845,-40.0,-48.0,76.8,0,CONCEPT_NOT_FIT_VALIDATED
DUC-F-04862,p4-2x1,Yellow,#F4EE2A,32,4846,-38.0,-52.0,76.8,0,CONCEPT_NOT_FIT_VALIDATED
DUC-F-04863,p4-2x1,Yellow,#F4EE2A,32,4847,-38.0,80.0,76.8,0,CONCEPT_NOT_FIT_VALIDATED
DUC-F-04864,p4-1x1,Yellow,#F4EE2A,32,4848,-36.0,84.0,76.8,0,CONCEPT_NOT_FIT_VALIDATED
DUC-F-04865,p4-4x2,Yellow,#F4EE2A,32,4849,-26.0,-54.0,76.8,0,CONCEPT_NOT_FIT_VALIDATED
DUC-F-04866,p4-4x2,Yellow,#F4EE2A,32,4850,-26.0,-46.0,76.8,0,CONCEPT_NOT_FIT_VALIDATED
DUC-F-04867,p4-4x2,Yellow,#F4EE2A,32,4851,-26.0,-38.0,76.8,0,CONCEPT_NOT_FIT_VALIDATED
DUC-F-04868,p4-4x2,Yellow,#F4EE2A,32,4852,-26.0,-30.0,76.8,0,CONCEPT_NOT_FIT_VALIDATED
DUC-F-04869,p4-4x2,Yellow,#F4EE2A,32,4853,-26.0,-22.0,76.8,0,CONCEPT_NOT_FIT_VALIDATED
DUC-F-04870,p4-4x2,Yellow,#F4EE2A,32,4854,-26.0,-14.0,76.8,0,CONCEPT_NOT_FIT_VALIDATED
DUC-F-04871,p4-4x2,Yellow,#F4EE2A,32,4855,-26.0,-6.0,76.8,0,CONCEPT_NOT_FIT_VALIDATED
DUC-F-04872,p4-4x2,Yellow,#F4EE2A,32,4856,-26.0,2.0,76.8,0,CONCEPT_NOT_FIT_VALIDATED
DUC-F-04873,p4-4x2,Yellow,#F4EE2A,32,4857,-26.0,10.0,76.8,0,CONCEPT_NOT_FIT_VALIDATED
DUC-F-04874,p4-4x2,Yellow,#F4EE2A,32,4858,-26.0,18.0,76.8,0,CONCEPT_NOT_FIT_VALIDATED
DUC-F-04875,p4-4x2,Yellow,#F4EE2A,32,4859,-26.0,26.0,76.8,0,CONCEPT_NOT_FIT_VALIDATED
DUC-F-04876,p4-4x2,Yellow,#F4EE2A,32,4860,-26.0,34.0,76.8,0,CONCEPT_NOT_FIT_VALIDATED
DUC-F-04877,p4-4x2,Yellow,#F4EE2A,32,4861,-26.0,42.0,76.8,0,CONCEPT_NOT_FIT_VALIDATED
DUC-F-04878,p4-4x2,Yellow,#F4EE2A,32,4862,-26.0,50.0,76.8,0,CONCEPT_NOT_FIT_VALIDATED
DUC-F-04879,p4-4x2,Yellow,#F4EE2A,32,4863,-26.0,58.0,76.8,0,CONCEPT_NOT_FIT_VALIDATED
DUC-F-04880,p4-4x2,Yellow,#F4EE2A,32,4864,-26.0,66.0,76.8,0,CONCEPT_NOT_FIT_VALIDATED
DUC-F-04881,p4-4x2,Yellow,#F4EE2A,32,4865,-26.0,74.0,76.8,0,CONCEPT_NOT_FIT_VALIDATED
DUC-F-04882,p4-4x2,Yellow,#F4EE2A,32,4866,-26.0,82.0,76.8,0,CONCEPT_NOT_FIT_VALIDATED
DUC-F-04883,p4-4x2,Yellow,#F4EE2A,32,4867,-26.0,90.0,76.8,0,CONCEPT_NOT_FIT_VALIDATED
DUC-F-04884,p4-2x1,Yellow,#F4EE2A,32,4868,-22.0,96.0,76.8,0,CONCEPT_NOT_FIT_VALIDATED
DUC-F-04886,p4-2x1,Pumpkin orange,#FF9016,32,4869,-20.0,-62.0,76.8,90,CONCEPT_NOT_FIT_VALIDATED
DUC-F-04887,p4-1x1,Yellow,#F4EE2A,32,4870,-20.0,100.0,76.8,0,CONCEPT_NOT_FIT_VALIDATED
DUC-F-04890,p4-4x1,Yellow,#F4EE2A,32,4871,-10.0,-68.0,76.8,0,CONCEPT_NOT_FIT_VALIDATED
DUC-F-04629,p4-3x1,Pumpkin orange,#FF9016,31,4872,-16.0,-68.0,74.4,90,CONCEPT_NOT_FIT_VALIDATED
DUC-F-04889,p4-1x1,Pumpkin orange,#FF9016,32,4873,-16.0,-72.0,76.8,0,CONCEPT_NOT_FIT_VALIDATED
DUC-F-04891,p4-4x2,Yellow,#F4EE2A,32,4874,-10.0,-62.0,76.8,0,CONCEPT_NOT_FIT_VALIDATED
DUC-F-04892,p4-4x2,Yellow,#F4EE2A,32,4875,-10.0,-54.0,76.8,0,CONCEPT_NOT_FIT_VALIDATED
DUC-F-04893,p4-4x2,Yellow,#F4EE2A,32,4876,-10.0,-46.0,76.8,0,CONCEPT_NOT_FIT_VALIDATED
DUC-F-04894,p4-4x2,Yellow,#F4EE2A,32,4877,-10.0,-38.0,76.8,0,CONCEPT_NOT_FIT_VALIDATED
DUC-F-04895,p4-4x2,Yellow,#F4EE2A,32,4878,-10.0,-30.0,76.8,0,CONCEPT_NOT_FIT_VALIDATED
DUC-F-04896,p4-4x2,Yellow,#F4EE2A,32,4879,-10.0,-22.0,76.8,0,CONCEPT_NOT_FIT_VALIDATED
DUC-F-04897,p4-4x2,Yellow,#F4EE2A,32,4880,-10.0,-14.0,76.8,0,CONCEPT_NOT_FIT_VALIDATED
DUC-F-04898,p4-4x2,Yellow,#F4EE2A,32,4881,-10.0,-6.0,76.8,0,CONCEPT_NOT_FIT_VALIDATED
DUC-F-04899,p4-4x2,Yellow,#F4EE2A,32,4882,-10.0,2.0,76.8,0,CONCEPT_NOT_FIT_VALIDATED
DUC-F-04900,p4-4x2,Yellow,#F4EE2A,32,4883,-10.0,10.0,76.8,0,CONCEPT_NOT_FIT_VALIDATED
DUC-F-04901,p4-4x2,Yellow,#F4EE2A,32,4884,-10.0,18.0,76.8,0,CONCEPT_NOT_FIT_VALIDATED
DUC-F-04902,p4-4x2,Yellow,#F4EE2A,32,4885,-10.0,26.0,76.8,0,CONCEPT_NOT_FIT_VALIDATED
DUC-F-04903,p4-4x2,Yellow,#F4EE2A,32,4886,-10.0,34.0,76.8,0,CONCEPT_NOT_FIT_VALIDATED
DUC-F-04904,p4-4x2,Yellow,#F4EE2A,32,4887,-10.0,42.0,76.8,0,CONCEPT_NOT_FIT_VALIDATED
DUC-F-04905,p4-4x2,Yellow,#F4EE2A,32,4888,-10.0,50.0,76.8,0,CONCEPT_NOT_FIT_VALIDATED
DUC-F-04906,p4-4x2,Yellow,#F4EE2A,32,4889,-10.0,58.0,76.8,0,CONCEPT_NOT_FIT_VALIDATED
DUC-F-04907,p4-4x2,Yellow,#F4EE2A,32,4890,-10.0,66.0,76.8,0,CONCEPT_NOT_FIT_VALIDATED
DUC-F-04908,p4-4x2,Yellow,#F4EE2A,32,4891,-10.0,74.0,76.8,0,CONCEPT_NOT_FIT_VALIDATED
DUC-F-04909,p4-4x2,Yellow,#F4EE2A,32,4892,-10.0,82.0,76.8,0,CONCEPT_NOT_FIT_VALIDATED
DUC-F-04910,p4-4x2,Yellow,#F4EE2A,32,4893,-10.0,90.0,76.8,0,CONCEPT_NOT_FIT_VALIDATED
DUC-F-04911,p4-4x2,Yellow,#F4EE2A,32,4894,-10.0,98.0,76.8,0,CONCEPT_NOT_FIT_VALIDATED
DUC-F-04912,p4-4x1,Yellow,#F4EE2A,32,4895,-10.0,104.0,76.8,0,CONCEPT_NOT_FIT_VALIDATED
DUC-F-04915,p4-3x2,Yellow,#F4EE2A,32,4896,-8.0,-78.0,76.8,0,CONCEPT_NOT_FIT_VALIDATED
DUC-F-04616,p4-3x1,Pumpkin orange,#FF9016,31,4897,-8.0,-84.0,74.4,90,CONCEPT_NOT_FIT_VALIDATED
DUC-F-04619,p4-2x2,Yellow,#F4EE2A,31,4898,-2.0,-82.0,74.4,0,CONCEPT_NOT_FIT_VALIDATED
DUC-F-04520,p4-2x2,Pumpkin orange,#FF9016,30,4899,-2.0,-82.0,72.0,0,CONCEPT_NOT_FIT_VALIDATED
DUC-F-04622,p4-1x1,Pumpkin orange,#FF9016,31,4900,-12.0,-80.0,74.4,0,CONCEPT_NOT_FIT_VALIDATED
DUC-F-04624,p4-2x1,Pumpkin orange,#FF9016,31,4901,-12.0,-74.0,74.4,90,CONCEPT_NOT_FIT_VALIDATED
DUC-F-04913,p4-2x1,Pumpkin orange,#FF9016,32,4902,-10.0,-88.0,76.8,0,CONCEPT_NOT_FIT_VALIDATED
DUC-F-04916,p4-3x1,Yellow,#F4EE2A,32,4903,-8.0,-72.0,76.8,0,CONCEPT_NOT_FIT_VALIDATED
DUC-F-04917,p4-2x1,Yellow,#F4EE2A,32,4904,-6.0,-84.0,76.8,0,CONCEPT_NOT_FIT_VALIDATED
DUC-F-04921,p4-2x2,Yellow,#F4EE2A,32,4905,2.0,-86.0,76.8,0,CONCEPT_NOT_FIT_VALIDATED
DUC-F-04617,p4-2x1,Pumpkin orange,#FF9016,31,4906,-2.0,-88.0,74.4,0,CONCEPT_NOT_FIT_VALIDATED
DUC-F-04618,p4-2x1,Pumpkin orange,#FF9016,31,4907,6.0,-88.0,74.4,0,CONCEPT_NOT_FIT_VALIDATED
DUC-F-04620,p4-2x1,Yellow,#F4EE2A,31,4908,4.0,-82.0,74.4,90,CONCEPT_NOT_FIT_VALIDATED
DUC-F-04521,p4-2x1,Pumpkin orange,#FF9016,30,4909,4.0,-82.0,72.0,90,CONCEPT_NOT_FIT_VALIDATED
DUC-F-04919,p4-1x1,Yellow,#F4EE2A,32,4910,-4.0,-88.0,76.8,0,CONCEPT_NOT_FIT_VALIDATED
DUC-F-04922,p4-4x2,Yellow,#F4EE2A,32,4911,6.0,-78.0,76.8,0,CONCEPT_NOT_FIT_VALIDATED
DUC-F-04621,p4-2x1,Pumpkin orange,#FF9016,31,4912,8.0,-82.0,74.4,90,CONCEPT_NOT_FIT_VALIDATED
DUC-F-04623,p4-1x1,Pumpkin orange,#FF9016,31,4913,12.0,-80.0,74.4,0,CONCEPT_NOT_FIT_VALIDATED
DUC-F-04628,p4-2x1,Pumpkin orange,#FF9016,31,4914,12.0,-74.0,74.4,90,CONCEPT_NOT_FIT_VALIDATED
DUC-F-04923,p4-4x2,Yellow,#F4EE2A,32,4915,6.0,-70.0,76.8,0,CONCEPT_NOT_FIT_VALIDATED
DUC-F-04924,p4-4x2,Yellow,#F4EE2A,32,4916,6.0,-62.0,76.8,0,CONCEPT_NOT_FIT_VALIDATED
DUC-F-04925,p4-4x2,Yellow,#F4EE2A,32,4917,6.0,-54.0,76.8,0,CONCEPT_NOT_FIT_VALIDATED
DUC-F-04926,p4-4x2,Yellow,#F4EE2A,32,4918,6.0,-46.0,76.8,0,CONCEPT_NOT_FIT_VALIDATED
DUC-F-04927,p4-4x2,Yellow,#F4EE2A,32,4919,6.0,-38.0,76.8,0,CONCEPT_NOT_FIT_VALIDATED
DUC-F-04928,p4-4x2,Yellow,#F4EE2A,32,4920,6.0,-30.0,76.8,0,CONCEPT_NOT_FIT_VALIDATED
DUC-F-04929,p4-4x2,Yellow,#F4EE2A,32,4921,6.0,-22.0,76.8,0,CONCEPT_NOT_FIT_VALIDATED
DUC-F-04930,p4-4x2,Yellow,#F4EE2A,32,4922,6.0,-14.0,76.8,0,CONCEPT_NOT_FIT_VALIDATED
DUC-F-04931,p4-4x2,Yellow,#F4EE2A,32,4923,6.0,-6.0,76.8,0,CONCEPT_NOT_FIT_VALIDATED
DUC-F-04932,p4-4x2,Yellow,#F4EE2A,32,4924,6.0,2.0,76.8,0,CONCEPT_NOT_FIT_VALIDATED
DUC-F-04933,p4-4x2,Yellow,#F4EE2A,32,4925,6.0,10.0,76.8,0,CONCEPT_NOT_FIT_VALIDATED
DUC-F-04934,p4-4x2,Yellow,#F4EE2A,32,4926,6.0,18.0,76.8,0,CONCEPT_NOT_FIT_VALIDATED
DUC-F-04935,p4-4x2,Yellow,#F4EE2A,32,4927,6.0,26.0,76.8,0,CONCEPT_NOT_FIT_VALIDATED
DUC-F-04936,p4-4x2,Yellow,#F4EE2A,32,4928,6.0,34.0,76.8,0,CONCEPT_NOT_FIT_VALIDATED
DUC-F-04937,p4-4x2,Yellow,#F4EE2A,32,4929,6.0,42.0,76.8,0,CONCEPT_NOT_FIT_VALIDATED
DUC-F-04938,p4-4x2,Yellow,#F4EE2A,32,4930,6.0,50.0,76.8,0,CONCEPT_NOT_FIT_VALIDATED
DUC-F-04939,p4-4x2,Yellow,#F4EE2A,32,4931,6.0,58.0,76.8,0,CONCEPT_NOT_FIT_VALIDATED
DUC-F-04940,p4-4x2,Yellow,#F4EE2A,32,4932,6.0,66.0,76.8,0,CONCEPT_NOT_FIT_VALIDATED
DUC-F-04941,p4-4x2,Yellow,#F4EE2A,32,4933,6.0,74.0,76.8,0,CONCEPT_NOT_FIT_VALIDATED
DUC-F-04942,p4-4x2,Yellow,#F4EE2A,32,4934,6.0,82.0,76.8,0,CONCEPT_NOT_FIT_VALIDATED
DUC-F-04943,p4-4x2,Yellow,#F4EE2A,32,4935,6.0,90.0,76.8,0,CONCEPT_NOT_FIT_VALIDATED
DUC-F-04944,p4-4x2,Yellow,#F4EE2A,32,4936,6.0,98.0,76.8,0,CONCEPT_NOT_FIT_VALIDATED
DUC-F-04945,p4-4x1,Yellow,#F4EE2A,32,4937,6.0,104.0,76.8,0,CONCEPT_NOT_FIT_VALIDATED
DUC-F-04946,p4-1x1,Pumpkin orange,#FF9016,32,4938,8.0,-88.0,76.8,0,CONCEPT_NOT_FIT_VALIDATED
DUC-F-04947,p4-1x1,Yellow,#F4EE2A,32,4939,8.0,-84.0,76.8,0,CONCEPT_NOT_FIT_VALIDATED
DUC-F-04952,p4-2x1,Yellow,#F4EE2A,32,4940,16.0,-62.0,76.8,90,CONCEPT_NOT_FIT_VALIDATED
DUC-F-04630,p4-3x1,Pumpkin orange,#FF9016,31,4941,16.0,-68.0,74.4,90,CONCEPT_NOT_FIT_VALIDATED
DUC-F-04950,p4-1x1,Pumpkin orange,#FF9016,32,4942,16.0,-72.0,76.8,0,CONCEPT_NOT_FIT_VALIDATED
DUC-F-04951,p4-1x1,Yellow,#F4EE2A,32,4943,16.0,-68.0,76.8,0,CONCEPT_NOT_FIT_VALIDATED
DUC-F-04953,p4-4x2,Yellow,#F4EE2A,32,4944,22.0,-54.0,76.8,0,CONCEPT_NOT_FIT_VALIDATED
DUC-F-04954,p4-4x2,Yellow,#F4EE2A,32,4945,22.0,-46.0,76.8,0,CONCEPT_NOT_FIT_VALIDATED
DUC-F-04955,p4-4x2,Yellow,#F4EE2A,32,4946,22.0,-38.0,76.8,0,CONCEPT_NOT_FIT_VALIDATED
DUC-F-04956,p4-4x2,Yellow,#F4EE2A,32,4947,22.0,-30.0,76.8,0,CONCEPT_NOT_FIT_VALIDATED
DUC-F-04957,p4-4x2,Yellow,#F4EE2A,32,4948,22.0,-22.0,76.8,0,CONCEPT_NOT_FIT_VALIDATED
DUC-F-04958,p4-4x2,Yellow,#F4EE2A,32,4949,22.0,-14.0,76.8,0,CONCEPT_NOT_FIT_VALIDATED
DUC-F-04959,p4-4x2,Yellow,#F4EE2A,32,4950,22.0,-6.0,76.8,0,CONCEPT_NOT_FIT_VALIDATED
DUC-F-04960,p4-4x2,Yellow,#F4EE2A,32,4951,22.0,2.0,76.8,0,CONCEPT_NOT_FIT_VALIDATED
DUC-F-04961,p4-4x2,Yellow,#F4EE2A,32,4952,22.0,10.0,76.8,0,CONCEPT_NOT_FIT_VALIDATED
DUC-F-04962,p4-4x2,Yellow,#F4EE2A,32,4953,22.0,18.0,76.8,0,CONCEPT_NOT_FIT_VALIDATED
DUC-F-04963,p4-4x2,Yellow,#F4EE2A,32,4954,22.0,26.0,76.8,0,CONCEPT_NOT_FIT_VALIDATED
DUC-F-04964,p4-4x2,Yellow,#F4EE2A,32,4955,22.0,34.0,76.8,0,CONCEPT_NOT_FIT_VALIDATED
DUC-F-04965,p4-4x2,Yellow,#F4EE2A,32,4956,22.0,42.0,76.8,0,CONCEPT_NOT_FIT_VALIDATED
DUC-F-04966,p4-4x2,Yellow,#F4EE2A,32,4957,22.0,50.0,76.8,0,CONCEPT_NOT_FIT_VALIDATED
DUC-F-04967,p4-4x2,Yellow,#F4EE2A,32,4958,22.0,58.0,76.8,0,CONCEPT_NOT_FIT_VALIDATED
DUC-F-04968,p4-4x2,Yellow,#F4EE2A,32,4959,22.0,66.0,76.8,0,CONCEPT_NOT_FIT_VALIDATED
DUC-F-04969,p4-4x2,Yellow,#F4EE2A,32,4960,22.0,74.0,76.8,0,CONCEPT_NOT_FIT_VALIDATED
DUC-F-04970,p4-4x2,Yellow,#F4EE2A,32,4961,22.0,82.0,76.8,0,CONCEPT_NOT_FIT_VALIDATED
DUC-F-04971,p4-4x2,Yellow,#F4EE2A,32,4962,22.0,90.0,76.8,0,CONCEPT_NOT_FIT_VALIDATED
DUC-F-04972,p4-2x2,Yellow,#F4EE2A,32,4963,18.0,98.0,76.8,0,CONCEPT_NOT_FIT_VALIDATED
DUC-F-04973,p4-1x1,Yellow,#F4EE2A,32,4964,16.0,104.0,76.8,0,CONCEPT_NOT_FIT_VALIDATED
DUC-F-04975,p4-2x1,Pumpkin orange,#FF9016,32,4965,20.0,-62.0,76.8,90,CONCEPT_NOT_FIT_VALIDATED
DUC-F-04976,p4-2x1,Yellow,#F4EE2A,32,4966,26.0,96.0,76.8,0,CONCEPT_NOT_FIT_VALIDATED
DUC-F-04977,p4-2x1,Yellow,#F4EE2A,32,4967,32.0,-54.0,76.8,90,CONCEPT_NOT_FIT_VALIDATED
DUC-F-04978,p4-4x2,Yellow,#F4EE2A,32,4968,38.0,-46.0,76.8,0,CONCEPT_NOT_FIT_VALIDATED
DUC-F-04979,p4-4x2,Yellow,#F4EE2A,32,4969,38.0,-38.0,76.8,0,CONCEPT_NOT_FIT_VALIDATED
DUC-F-04980,p4-4x2,Yellow,#F4EE2A,32,4970,38.0,-30.0,76.8,0,CONCEPT_NOT_FIT_VALIDATED
DUC-F-04981,p4-4x2,Yellow,#F4EE2A,32,4971,38.0,-22.0,76.8,0,CONCEPT_NOT_FIT_VALIDATED
DUC-F-04982,p4-4x2,Yellow,#F4EE2A,32,4972,38.0,-14.0,76.8,0,CONCEPT_NOT_FIT_VALIDATED
DUC-F-04983,p4-4x2,Yellow,#F4EE2A,32,4973,38.0,-6.0,76.8,0,CONCEPT_NOT_FIT_VALIDATED
DUC-F-04984,p4-4x2,Yellow,#F4EE2A,32,4974,38.0,2.0,76.8,0,CONCEPT_NOT_FIT_VALIDATED
DUC-F-04985,p4-4x2,Yellow,#F4EE2A,32,4975,38.0,10.0,76.8,0,CONCEPT_NOT_FIT_VALIDATED
DUC-F-04986,p4-4x2,Yellow,#F4EE2A,32,4976,38.0,18.0,76.8,0,CONCEPT_NOT_FIT_VALIDATED
DUC-F-04987,p4-4x2,Yellow,#F4EE2A,32,4977,38.0,26.0,76.8,0,CONCEPT_NOT_FIT_VALIDATED
DUC-F-04988,p4-4x2,Yellow,#F4EE2A,32,4978,38.0,34.0,76.8,0,CONCEPT_NOT_FIT_VALIDATED
DUC-F-04989,p4-4x2,Yellow,#F4EE2A,32,4979,38.0,42.0,76.8,0,CONCEPT_NOT_FIT_VALIDATED
DUC-F-04990,p4-4x2,Yellow,#F4EE2A,32,4980,38.0,50.0,76.8,0,CONCEPT_NOT_FIT_VALIDATED
DUC-F-04991,p4-4x2,Yellow,#F4EE2A,32,4981,38.0,58.0,76.8,0,CONCEPT_NOT_FIT_VALIDATED
DUC-F-04992,p4-4x2,Yellow,#F4EE2A,32,4982,38.0,66.0,76.8,0,CONCEPT_NOT_FIT_VALIDATED
DUC-F-04993,p4-4x2,Yellow,#F4EE2A,32,4983,38.0,74.0,76.8,0,CONCEPT_NOT_FIT_VALIDATED
DUC-F-04994,p4-2x2,Yellow,#F4EE2A,32,4984,34.0,82.0,76.8,0,CONCEPT_NOT_FIT_VALIDATED
DUC-F-04995,p4-2x1,Yellow,#F4EE2A,32,4985,32.0,90.0,76.8,90,CONCEPT_NOT_FIT_VALIDATED
DUC-F-04996,p4-2x1,Yellow,#F4EE2A,32,4986,38.0,-52.0,76.8,0,CONCEPT_NOT_FIT_VALIDATED
DUC-F-04997,p4-2x1,Yellow,#F4EE2A,32,4987,42.0,80.0,76.8,0,CONCEPT_NOT_FIT_VALIDATED
DUC-F-04999,p4-1x1,Yellow,#F4EE2A,32,4988,48.0,-44.0,76.8,0,CONCEPT_NOT_FIT_VALIDATED
DUC-F-05000,p4-2x2,Yellow,#F4EE2A,32,4989,50.0,-38.0,76.8,0,CONCEPT_NOT_FIT_VALIDATED
DUC-F-05001,p4-3x2,Yellow,#F4EE2A,32,4990,52.0,-30.0,76.8,0,CONCEPT_NOT_FIT_VALIDATED
DUC-F-05002,p4-3x2,Yellow,#F4EE2A,32,4991,52.0,-22.0,76.8,0,CONCEPT_NOT_FIT_VALIDATED
DUC-F-05003,p4-4x2,Yellow,#F4EE2A,32,4992,54.0,-14.0,76.8,0,CONCEPT_NOT_FIT_VALIDATED
DUC-F-05004,p4-4x2,Yellow,#F4EE2A,32,4993,54.0,-6.0,76.8,0,CONCEPT_NOT_FIT_VALIDATED
DUC-F-05005,p4-4x2,Yellow,#F4EE2A,32,4994,54.0,2.0,76.8,0,CONCEPT_NOT_FIT_VALIDATED
DUC-F-05006,p4-4x2,Yellow,#F4EE2A,32,4995,54.0,10.0,76.8,0,CONCEPT_NOT_FIT_VALIDATED
DUC-F-05007,p4-4x2,Yellow,#F4EE2A,32,4996,54.0,18.0,76.8,0,CONCEPT_NOT_FIT_VALIDATED
DUC-F-05008,p4-4x2,Yellow,#F4EE2A,32,4997,54.0,26.0,76.8,0,CONCEPT_NOT_FIT_VALIDATED
DUC-F-05009,p4-4x2,Yellow,#F4EE2A,32,4998,54.0,34.0,76.8,0,CONCEPT_NOT_FIT_VALIDATED
DUC-F-05010,p4-4x2,Yellow,#F4EE2A,32,4999,54.0,42.0,76.8,0,CONCEPT_NOT_FIT_VALIDATED
DUC-F-05011,p4-4x2,Yellow,#F4EE2A,32,5000,54.0,50.0,76.8,0,CONCEPT_NOT_FIT_VALIDATED
DUC-F-05012,p4-4x2,Yellow,#F4EE2A,32,5001,54.0,58.0,76.8,0,CONCEPT_NOT_FIT_VALIDATED
DUC-F-05013,p4-4x2,Yellow,#F4EE2A,32,5002,54.0,66.0,76.8,0,CONCEPT_NOT_FIT_VALIDATED
DUC-F-05014,p4-4x2,Yellow,#F4EE2A,32,5003,54.0,74.0,76.8,0,CONCEPT_NOT_FIT_VALIDATED
DUC-F-05015,p4-2x2,Yellow,#F4EE2A,32,5004,50.0,82.0,76.8,0,CONCEPT_NOT_FIT_VALIDATED
DUC-F-04809,p4-2x1,Yellow,#F4EE2A,31,5005,46.0,84.0,74.4,0,CONCEPT_NOT_FIT_VALIDATED
DUC-F-04998,p4-1x1,Yellow,#F4EE2A,32,5006,44.0,84.0,76.8,0,CONCEPT_NOT_FIT_VALIDATED
DUC-F-05016,p4-1x1,Yellow,#F4EE2A,32,5007,56.0,80.0,76.8,0,CONCEPT_NOT_FIT_VALIDATED
DUC-F-05017,p4-1x1,Yellow,#F4EE2A,32,5008,60.0,-20.0,76.8,0,CONCEPT_NOT_FIT_VALIDATED
DUC-F-05018,p4-1x1,Yellow,#F4EE2A,32,5009,64.0,20.0,76.8,0,CONCEPT_NOT_FIT_VALIDATED
DUC-F-05019,p4-2x2,Yellow,#F4EE2A,32,5010,66.0,26.0,76.8,0,CONCEPT_NOT_FIT_VALIDATED
DUC-F-05020,p4-2x2,Yellow,#F4EE2A,32,5011,66.0,34.0,76.8,0,CONCEPT_NOT_FIT_VALIDATED
DUC-F-05021,p4-2x2,Yellow,#F4EE2A,32,5012,66.0,42.0,76.8,0,CONCEPT_NOT_FIT_VALIDATED
DUC-F-05022,p4-2x2,Yellow,#F4EE2A,32,5013,66.0,50.0,76.8,0,CONCEPT_NOT_FIT_VALIDATED
DUC-F-05023,p4-2x1,Yellow,#F4EE2A,32,5014,66.0,56.0,76.8,0,CONCEPT_NOT_FIT_VALIDATED
DUC-F-05024,p4-1x1,Yellow,#F4EE2A,32,5015,64.0,60.0,76.8,0,CONCEPT_NOT_FIT_VALIDATED
DUC-F-05025,p4-2x1,Yellow,#F4EE2A,32,5016,64.0,66.0,76.8,90,CONCEPT_NOT_FIT_VALIDATED
DUC-F-05026,p4-1x1,Yellow,#F4EE2A,32,5017,72.0,36.0,76.8,0,CONCEPT_NOT_FIT_VALIDATED
DUC-F-05030,p4-1x1,Pumpkin orange,#FF9016,33,5018,-12.0,-88.0,79.2,0,CONCEPT_NOT_FIT_VALIDATED
DUC-F-05031,p4-2x2,Yellow,#F4EE2A,33,5019,-6.0,-86.0,79.2,0,CONCEPT_NOT_FIT_VALIDATED
DUC-F-05032,p4-2x2,Yellow,#F4EE2A,33,5020,2.0,-86.0,79.2,0,CONCEPT_NOT_FIT_VALIDATED
DUC-F-05033,p4-2x1,Yellow,#F4EE2A,33,5021,8.0,-86.0,79.2,90,CONCEPT_NOT_FIT_VALIDATED
DUC-F-05041,p4-4x2,Yellow,#F4EE2A,33,5022,-14.0,-74.0,79.2,90,CONCEPT_NOT_FIT_VALIDATED
DUC-F-04888,p4-2x1,Pumpkin orange,#FF9016,32,5023,-16.0,-78.0,76.8,90,CONCEPT_NOT_FIT_VALIDATED
DUC-F-05042,p4-4x2,Yellow,#F4EE2A,33,5024,-6.0,-74.0,79.2,90,CONCEPT_NOT_FIT_VALIDATED
DUC-F-05043,p4-4x2,Yellow,#F4EE2A,33,5025,2.0,-74.0,79.2,90,CONCEPT_NOT_FIT_VALIDATED
DUC-F-05044,p4-4x2,Yellow,#F4EE2A,33,5026,10.0,-74.0,79.2,90,CONCEPT_NOT_FIT_VALIDATED
DUC-F-05045,p4-4x1,Yellow,#F4EE2A,33,5027,16.0,-74.0,79.2,90,CONCEPT_NOT_FIT_VALIDATED
DUC-F-04949,p4-2x1,Pumpkin orange,#FF9016,32,5028,16.0,-78.0,76.8,90,CONCEPT_NOT_FIT_VALIDATED
DUC-F-05052,p4-4x1,Yellow,#F4EE2A,33,5029,-20.0,-58.0,79.2,90,CONCEPT_NOT_FIT_VALIDATED
DUC-F-05053,p4-4x2,Yellow,#F4EE2A,33,5030,-14.0,-58.0,79.2,90,CONCEPT_NOT_FIT_VALIDATED
DUC-F-05054,p4-4x2,Yellow,#F4EE2A,33,5031,-6.0,-58.0,79.2,90,CONCEPT_NOT_FIT_VALIDATED
DUC-F-05055,p4-4x2,Yellow,#F4EE2A,33,5032,2.0,-58.0,79.2,90,CONCEPT_NOT_FIT_VALIDATED
DUC-F-05056,p4-4x2,Yellow,#F4EE2A,33,5033,10.0,-58.0,79.2,90,CONCEPT_NOT_FIT_VALIDATED
DUC-F-05057,p4-4x2,Yellow,#F4EE2A,33,5034,18.0,-58.0,79.2,90,CONCEPT_NOT_FIT_VALIDATED
DUC-F-05059,p4-2x2,Yellow,#F4EE2A,33,5035,-30.0,-54.0,79.2,0,CONCEPT_NOT_FIT_VALIDATED
DUC-F-05060,p4-2x1,Yellow,#F4EE2A,33,5036,-24.0,-54.0,79.2,90,CONCEPT_NOT_FIT_VALIDATED
DUC-F-05061,p4-2x2,Yellow,#F4EE2A,33,5037,26.0,-54.0,79.2,0,CONCEPT_NOT_FIT_VALIDATED
DUC-F-05062,p4-2x1,Yellow,#F4EE2A,33,5038,32.0,-54.0,79.2,90,CONCEPT_NOT_FIT_VALIDATED
DUC-F-05063,p4-2x1,Yellow,#F4EE2A,33,5039,-38.0,-52.0,79.2,0,CONCEPT_NOT_FIT_VALIDATED
DUC-F-05064,p4-1x1,Yellow,#F4EE2A,33,5040,36.0,-52.0,79.2,0,CONCEPT_NOT_FIT_VALIDATED
DUC-F-05065,p4-1x1,Yellow,#F4EE2A,33,5041,40.0,-52.0,79.2,0,CONCEPT_NOT_FIT_VALIDATED
DUC-F-05066,p4-4x1,Yellow,#F4EE2A,33,5042,-44.0,-42.0,79.2,90,CONCEPT_NOT_FIT_VALIDATED
DUC-F-05067,p4-4x2,Yellow,#F4EE2A,33,5043,-38.0,-42.0,79.2,90,CONCEPT_NOT_FIT_VALIDATED
DUC-F-05068,p4-4x2,Yellow,#F4EE2A,33,5044,-30.0,-42.0,79.2,90,CONCEPT_NOT_FIT_VALIDATED
DUC-F-05069,p4-4x2,Yellow,#F4EE2A,33,5045,-22.0,-42.0,79.2,90,CONCEPT_NOT_FIT_VALIDATED
DUC-F-05070,p4-4x2,Yellow,#F4EE2A,33,5046,-14.0,-42.0,79.2,90,CONCEPT_NOT_FIT_VALIDATED
DUC-F-05071,p4-4x2,Yellow,#F4EE2A,33,5047,-6.0,-42.0,79.2,90,CONCEPT_NOT_FIT_VALIDATED
DUC-F-05072,p4-4x2,Yellow,#F4EE2A,33,5048,2.0,-42.0,79.2,90,CONCEPT_NOT_FIT_VALIDATED
DUC-F-05073,p4-4x2,Yellow,#F4EE2A,33,5049,10.0,-42.0,79.2,90,CONCEPT_NOT_FIT_VALIDATED
DUC-F-05074,p4-4x2,Yellow,#F4EE2A,33,5050,18.0,-42.0,79.2,90,CONCEPT_NOT_FIT_VALIDATED
DUC-F-05075,p4-4x2,Yellow,#F4EE2A,33,5051,26.0,-42.0,79.2,90,CONCEPT_NOT_FIT_VALIDATED
DUC-F-05076,p4-4x2,Yellow,#F4EE2A,33,5052,34.0,-42.0,79.2,90,CONCEPT_NOT_FIT_VALIDATED
DUC-F-05077,p4-4x2,Yellow,#F4EE2A,33,5053,42.0,-42.0,79.2,90,CONCEPT_NOT_FIT_VALIDATED
DUC-F-05078,p4-3x1,Yellow,#F4EE2A,33,5054,-48.0,-40.0,79.2,90,CONCEPT_NOT_FIT_VALIDATED
DUC-F-05079,p4-3x1,Yellow,#F4EE2A,33,5055,48.0,-40.0,79.2,90,CONCEPT_NOT_FIT_VALIDATED
DUC-F-05080,p4-2x1,Yellow,#F4EE2A,33,5056,-52.0,-38.0,79.2,90,CONCEPT_NOT_FIT_VALIDATED
DUC-F-05081,p4-2x1,Yellow,#F4EE2A,33,5057,52.0,-38.0,79.2,90,CONCEPT_NOT_FIT_VALIDATED
DUC-F-05082,p4-4x2,Yellow,#F4EE2A,33,5058,-54.0,-26.0,79.2,90,CONCEPT_NOT_FIT_VALIDATED
DUC-F-05083,p4-4x2,Yellow,#F4EE2A,33,5059,-46.0,-26.0,79.2,90,CONCEPT_NOT_FIT_VALIDATED
DUC-F-05084,p4-4x2,Yellow,#F4EE2A,33,5060,-38.0,-26.0,79.2,90,CONCEPT_NOT_FIT_VALIDATED
DUC-F-05085,p4-4x2,Yellow,#F4EE2A,33,5061,-30.0,-26.0,79.2,90,CONCEPT_NOT_FIT_VALIDATED
DUC-F-05086,p4-4x2,Yellow,#F4EE2A,33,5062,-22.0,-26.0,79.2,90,CONCEPT_NOT_FIT_VALIDATED
DUC-F-05087,p4-4x2,Yellow,#F4EE2A,33,5063,-14.0,-26.0,79.2,90,CONCEPT_NOT_FIT_VALIDATED
DUC-F-05088,p4-4x2,Yellow,#F4EE2A,33,5064,-6.0,-26.0,79.2,90,CONCEPT_NOT_FIT_VALIDATED
DUC-F-05089,p4-4x2,Yellow,#F4EE2A,33,5065,2.0,-26.0,79.2,90,CONCEPT_NOT_FIT_VALIDATED
DUC-F-05090,p4-4x2,Yellow,#F4EE2A,33,5066,10.0,-26.0,79.2,90,CONCEPT_NOT_FIT_VALIDATED
DUC-F-05091,p4-4x2,Yellow,#F4EE2A,33,5067,18.0,-26.0,79.2,90,CONCEPT_NOT_FIT_VALIDATED
DUC-F-05092,p4-4x2,Yellow,#F4EE2A,33,5068,26.0,-26.0,79.2,90,CONCEPT_NOT_FIT_VALIDATED
DUC-F-05093,p4-4x2,Yellow,#F4EE2A,33,5069,34.0,-26.0,79.2,90,CONCEPT_NOT_FIT_VALIDATED
DUC-F-05094,p4-4x2,Yellow,#F4EE2A,33,5070,42.0,-26.0,79.2,90,CONCEPT_NOT_FIT_VALIDATED
DUC-F-05095,p4-4x2,Yellow,#F4EE2A,33,5071,50.0,-26.0,79.2,90,CONCEPT_NOT_FIT_VALIDATED
DUC-F-05096,p4-4x1,Yellow,#F4EE2A,33,5072,56.0,-26.0,79.2,90,CONCEPT_NOT_FIT_VALIDATED
DUC-F-05097,p4-1x1,Yellow,#F4EE2A,33,5073,-60.0,-20.0,79.2,0,CONCEPT_NOT_FIT_VALIDATED
DUC-F-05098,p4-1x1,Yellow,#F4EE2A,33,5074,60.0,-20.0,79.2,0,CONCEPT_NOT_FIT_VALIDATED
DUC-F-05099,p4-4x1,Yellow,#F4EE2A,33,5075,-60.0,-10.0,79.2,90,CONCEPT_NOT_FIT_VALIDATED
DUC-F-05100,p4-4x2,Yellow,#F4EE2A,33,5076,-54.0,-10.0,79.2,90,CONCEPT_NOT_FIT_VALIDATED
DUC-F-05101,p4-4x2,Yellow,#F4EE2A,33,5077,-46.0,-10.0,79.2,90,CONCEPT_NOT_FIT_VALIDATED
DUC-F-05102,p4-4x2,Yellow,#F4EE2A,33,5078,-38.0,-10.0,79.2,90,CONCEPT_NOT_FIT_VALIDATED
DUC-F-05103,p4-4x2,Yellow,#F4EE2A,33,5079,-30.0,-10.0,79.2,90,CONCEPT_NOT_FIT_VALIDATED
DUC-F-05104,p4-4x2,Yellow,#F4EE2A,33,5080,-22.0,-10.0,79.2,90,CONCEPT_NOT_FIT_VALIDATED
DUC-F-05105,p4-4x2,Yellow,#F4EE2A,33,5081,-14.0,-10.0,79.2,90,CONCEPT_NOT_FIT_VALIDATED
DUC-F-05106,p4-4x2,Yellow,#F4EE2A,33,5082,-6.0,-10.0,79.2,90,CONCEPT_NOT_FIT_VALIDATED
DUC-F-05107,p4-4x2,Yellow,#F4EE2A,33,5083,2.0,-10.0,79.2,90,CONCEPT_NOT_FIT_VALIDATED
DUC-F-05108,p4-4x2,Yellow,#F4EE2A,33,5084,10.0,-10.0,79.2,90,CONCEPT_NOT_FIT_VALIDATED
DUC-F-05109,p4-4x2,Yellow,#F4EE2A,33,5085,18.0,-10.0,79.2,90,CONCEPT_NOT_FIT_VALIDATED
DUC-F-05110,p4-4x2,Yellow,#F4EE2A,33,5086,26.0,-10.0,79.2,90,CONCEPT_NOT_FIT_VALIDATED
DUC-F-05111,p4-4x2,Yellow,#F4EE2A,33,5087,34.0,-10.0,79.2,90,CONCEPT_NOT_FIT_VALIDATED
DUC-F-05112,p4-4x2,Yellow,#F4EE2A,33,5088,42.0,-10.0,79.2,90,CONCEPT_NOT_FIT_VALIDATED
DUC-F-05113,p4-4x2,Yellow,#F4EE2A,33,5089,50.0,-10.0,79.2,90,CONCEPT_NOT_FIT_VALIDATED
DUC-F-05114,p4-4x2,Yellow,#F4EE2A,33,5090,58.0,-10.0,79.2,90,CONCEPT_NOT_FIT_VALIDATED
DUC-F-05115,p4-3x1,Yellow,#F4EE2A,33,5091,-60.0,4.0,79.2,90,CONCEPT_NOT_FIT_VALIDATED
DUC-F-05116,p4-4x2,Yellow,#F4EE2A,33,5092,-54.0,6.0,79.2,90,CONCEPT_NOT_FIT_VALIDATED
DUC-F-05117,p4-4x2,Yellow,#F4EE2A,33,5093,-46.0,6.0,79.2,90,CONCEPT_NOT_FIT_VALIDATED
DUC-F-05118,p4-4x2,Yellow,#F4EE2A,33,5094,-38.0,6.0,79.2,90,CONCEPT_NOT_FIT_VALIDATED
DUC-F-05119,p4-4x2,Yellow,#F4EE2A,33,5095,-30.0,6.0,79.2,90,CONCEPT_NOT_FIT_VALIDATED
DUC-F-05120,p4-4x2,Yellow,#F4EE2A,33,5096,-22.0,6.0,79.2,90,CONCEPT_NOT_FIT_VALIDATED
DUC-F-05121,p4-4x2,Yellow,#F4EE2A,33,5097,-14.0,6.0,79.2,90,CONCEPT_NOT_FIT_VALIDATED
DUC-F-05122,p4-4x2,Yellow,#F4EE2A,33,5098,-6.0,6.0,79.2,90,CONCEPT_NOT_FIT_VALIDATED
DUC-F-05123,p4-4x2,Yellow,#F4EE2A,33,5099,2.0,6.0,79.2,90,CONCEPT_NOT_FIT_VALIDATED
DUC-F-05124,p4-4x2,Yellow,#F4EE2A,33,5100,10.0,6.0,79.2,90,CONCEPT_NOT_FIT_VALIDATED
DUC-F-05125,p4-4x2,Yellow,#F4EE2A,33,5101,18.0,6.0,79.2,90,CONCEPT_NOT_FIT_VALIDATED
DUC-F-05126,p4-4x2,Yellow,#F4EE2A,33,5102,26.0,6.0,79.2,90,CONCEPT_NOT_FIT_VALIDATED
DUC-F-05127,p4-4x2,Yellow,#F4EE2A,33,5103,34.0,6.0,79.2,90,CONCEPT_NOT_FIT_VALIDATED
DUC-F-05128,p4-4x2,Yellow,#F4EE2A,33,5104,42.0,6.0,79.2,90,CONCEPT_NOT_FIT_VALIDATED
DUC-F-05129,p4-4x2,Yellow,#F4EE2A,33,5105,50.0,6.0,79.2,90,CONCEPT_NOT_FIT_VALIDATED
DUC-F-05130,p4-3x2,Yellow,#F4EE2A,33,5106,58.0,4.0,79.2,90,CONCEPT_NOT_FIT_VALIDATED
DUC-F-05131,p4-1x1,Yellow,#F4EE2A,33,5107,56.0,12.0,79.2,0,CONCEPT_NOT_FIT_VALIDATED
DUC-F-05132,p4-4x2,Yellow,#F4EE2A,33,5108,-54.0,22.0,79.2,90,CONCEPT_NOT_FIT_VALIDATED
DUC-F-05133,p4-4x2,Yellow,#F4EE2A,33,5109,-46.0,22.0,79.2,90,CONCEPT_NOT_FIT_VALIDATED
DUC-F-05134,p4-4x2,Yellow,#F4EE2A,33,5110,-38.0,22.0,79.2,90,CONCEPT_NOT_FIT_VALIDATED
DUC-F-05135,p4-4x2,Yellow,#F4EE2A,33,5111,-30.0,22.0,79.2,90,CONCEPT_NOT_FIT_VALIDATED
DUC-F-05136,p4-4x2,Yellow,#F4EE2A,33,5112,-22.0,22.0,79.2,90,CONCEPT_NOT_FIT_VALIDATED
DUC-F-05137,p4-4x2,Yellow,#F4EE2A,33,5113,-14.0,22.0,79.2,90,CONCEPT_NOT_FIT_VALIDATED
DUC-F-05138,p4-4x2,Yellow,#F4EE2A,33,5114,-6.0,22.0,79.2,90,CONCEPT_NOT_FIT_VALIDATED
DUC-F-05139,p4-4x2,Yellow,#F4EE2A,33,5115,2.0,22.0,79.2,90,CONCEPT_NOT_FIT_VALIDATED
DUC-F-05140,p4-4x2,Yellow,#F4EE2A,33,5116,10.0,22.0,79.2,90,CONCEPT_NOT_FIT_VALIDATED
DUC-F-05141,p4-4x2,Yellow,#F4EE2A,33,5117,18.0,22.0,79.2,90,CONCEPT_NOT_FIT_VALIDATED
DUC-F-05142,p4-4x2,Yellow,#F4EE2A,33,5118,26.0,22.0,79.2,90,CONCEPT_NOT_FIT_VALIDATED
DUC-F-05143,p4-4x2,Yellow,#F4EE2A,33,5119,34.0,22.0,79.2,90,CONCEPT_NOT_FIT_VALIDATED
DUC-F-05144,p4-4x2,Yellow,#F4EE2A,33,5120,42.0,22.0,79.2,90,CONCEPT_NOT_FIT_VALIDATED
DUC-F-05145,p4-4x2,Yellow,#F4EE2A,33,5121,50.0,22.0,79.2,90,CONCEPT_NOT_FIT_VALIDATED
DUC-F-05146,p4-4x1,Yellow,#F4EE2A,33,5122,56.0,22.0,79.2,90,CONCEPT_NOT_FIT_VALIDATED
DUC-F-05147,p4-3x2,Yellow,#F4EE2A,33,5123,-62.0,24.0,79.2,90,CONCEPT_NOT_FIT_VALIDATED
DUC-F-05148,p4-3x1,Yellow,#F4EE2A,33,5124,60.0,24.0,79.2,90,CONCEPT_NOT_FIT_VALIDATED
DUC-F-05149,p4-2x1,Yellow,#F4EE2A,33,5125,-68.0,26.0,79.2,90,CONCEPT_NOT_FIT_VALIDATED
DUC-F-05150,p4-2x2,Yellow,#F4EE2A,33,5126,66.0,26.0,79.2,0,CONCEPT_NOT_FIT_VALIDATED
DUC-F-05151,p4-4x1,Yellow,#F4EE2A,33,5127,-68.0,38.0,79.2,90,CONCEPT_NOT_FIT_VALIDATED
DUC-F-05152,p4-4x2,Yellow,#F4EE2A,33,5128,-62.0,38.0,79.2,90,CONCEPT_NOT_FIT_VALIDATED
DUC-F-05153,p4-4x2,Yellow,#F4EE2A,33,5129,-54.0,38.0,79.2,90,CONCEPT_NOT_FIT_VALIDATED
DUC-F-05154,p4-4x2,Yellow,#F4EE2A,33,5130,-46.0,38.0,79.2,90,CONCEPT_NOT_FIT_VALIDATED
DUC-F-05155,p4-4x2,Yellow,#F4EE2A,33,5131,-38.0,38.0,79.2,90,CONCEPT_NOT_FIT_VALIDATED
DUC-F-05156,p4-4x2,Yellow,#F4EE2A,33,5132,-30.0,38.0,79.2,90,CONCEPT_NOT_FIT_VALIDATED
DUC-F-05157,p4-4x2,Yellow,#F4EE2A,33,5133,-22.0,38.0,79.2,90,CONCEPT_NOT_FIT_VALIDATED
DUC-F-05158,p4-4x2,Yellow,#F4EE2A,33,5134,-14.0,38.0,79.2,90,CONCEPT_NOT_FIT_VALIDATED
DUC-F-05159,p4-4x2,Yellow,#F4EE2A,33,5135,-6.0,38.0,79.2,90,CONCEPT_NOT_FIT_VALIDATED
DUC-F-05160,p4-4x2,Yellow,#F4EE2A,33,5136,2.0,38.0,79.2,90,CONCEPT_NOT_FIT_VALIDATED
DUC-F-05161,p4-4x2,Yellow,#F4EE2A,33,5137,10.0,38.0,79.2,90,CONCEPT_NOT_FIT_VALIDATED
DUC-F-05162,p4-4x2,Yellow,#F4EE2A,33,5138,18.0,38.0,79.2,90,CONCEPT_NOT_FIT_VALIDATED
DUC-F-05163,p4-4x2,Yellow,#F4EE2A,33,5139,26.0,38.0,79.2,90,CONCEPT_NOT_FIT_VALIDATED
DUC-F-05164,p4-4x2,Yellow,#F4EE2A,33,5140,34.0,38.0,79.2,90,CONCEPT_NOT_FIT_VALIDATED
DUC-F-05165,p4-4x2,Yellow,#F4EE2A,33,5141,42.0,38.0,79.2,90,CONCEPT_NOT_FIT_VALIDATED
DUC-F-05166,p4-4x2,Yellow,#F4EE2A,33,5142,50.0,38.0,79.2,90,CONCEPT_NOT_FIT_VALIDATED
DUC-F-05167,p4-4x2,Yellow,#F4EE2A,33,5143,58.0,38.0,79.2,90,CONCEPT_NOT_FIT_VALIDATED
DUC-F-05168,p4-4x2,Yellow,#F4EE2A,33,5144,66.0,38.0,79.2,90,CONCEPT_NOT_FIT_VALIDATED
DUC-F-05169,p4-2x1,Yellow,#F4EE2A,33,5145,-68.0,50.0,79.2,90,CONCEPT_NOT_FIT_VALIDATED
DUC-F-05170,p4-4x2,Yellow,#F4EE2A,33,5146,-62.0,54.0,79.2,90,CONCEPT_NOT_FIT_VALIDATED
DUC-F-05171,p4-4x2,Yellow,#F4EE2A,33,5147,-54.0,54.0,79.2,90,CONCEPT_NOT_FIT_VALIDATED
DUC-F-05172,p4-4x2,Yellow,#F4EE2A,33,5148,-46.0,54.0,79.2,90,CONCEPT_NOT_FIT_VALIDATED
DUC-F-05173,p4-4x2,Yellow,#F4EE2A,33,5149,-38.0,54.0,79.2,90,CONCEPT_NOT_FIT_VALIDATED
DUC-F-05174,p4-4x2,Yellow,#F4EE2A,33,5150,-30.0,54.0,79.2,90,CONCEPT_NOT_FIT_VALIDATED
DUC-F-05175,p4-4x2,Yellow,#F4EE2A,33,5151,-22.0,54.0,79.2,90,CONCEPT_NOT_FIT_VALIDATED
DUC-F-05176,p4-4x2,Yellow,#F4EE2A,33,5152,-14.0,54.0,79.2,90,CONCEPT_NOT_FIT_VALIDATED
DUC-F-05177,p4-4x2,Yellow,#F4EE2A,33,5153,-6.0,54.0,79.2,90,CONCEPT_NOT_FIT_VALIDATED
DUC-F-05178,p4-4x2,Yellow,#F4EE2A,33,5154,2.0,54.0,79.2,90,CONCEPT_NOT_FIT_VALIDATED
DUC-F-05179,p4-4x2,Yellow,#F4EE2A,33,5155,10.0,54.0,79.2,90,CONCEPT_NOT_FIT_VALIDATED
DUC-F-05180,p4-4x2,Yellow,#F4EE2A,33,5156,18.0,54.0,79.2,90,CONCEPT_NOT_FIT_VALIDATED
DUC-F-05181,p4-4x2,Yellow,#F4EE2A,33,5157,26.0,54.0,79.2,90,CONCEPT_NOT_FIT_VALIDATED
DUC-F-05182,p4-4x2,Yellow,#F4EE2A,33,5158,34.0,54.0,79.2,90,CONCEPT_NOT_FIT_VALIDATED
DUC-F-05183,p4-4x2,Yellow,#F4EE2A,33,5159,42.0,54.0,79.2,90,CONCEPT_NOT_FIT_VALIDATED
DUC-F-05184,p4-4x2,Yellow,#F4EE2A,33,5160,50.0,54.0,79.2,90,CONCEPT_NOT_FIT_VALIDATED
DUC-F-05185,p4-4x2,Yellow,#F4EE2A,33,5161,58.0,54.0,79.2,90,CONCEPT_NOT_FIT_VALIDATED
DUC-F-05186,p4-4x1,Yellow,#F4EE2A,33,5162,64.0,54.0,79.2,90,CONCEPT_NOT_FIT_VALIDATED
DUC-F-05187,p4-2x1,Yellow,#F4EE2A,33,5163,68.0,50.0,79.2,90,CONCEPT_NOT_FIT_VALIDATED
DUC-F-05188,p4-2x1,Yellow,#F4EE2A,33,5164,-62.0,64.0,79.2,0,CONCEPT_NOT_FIT_VALIDATED
DUC-F-05189,p4-4x2,Yellow,#F4EE2A,33,5165,-54.0,70.0,79.2,90,CONCEPT_NOT_FIT_VALIDATED
DUC-F-05190,p4-4x2,Yellow,#F4EE2A,33,5166,-46.0,70.0,79.2,90,CONCEPT_NOT_FIT_VALIDATED
DUC-F-05191,p4-4x2,Yellow,#F4EE2A,33,5167,-38.0,70.0,79.2,90,CONCEPT_NOT_FIT_VALIDATED
DUC-F-05192,p4-4x2,Yellow,#F4EE2A,33,5168,-30.0,70.0,79.2,90,CONCEPT_NOT_FIT_VALIDATED
DUC-F-05193,p4-4x2,Yellow,#F4EE2A,33,5169,-22.0,70.0,79.2,90,CONCEPT_NOT_FIT_VALIDATED
DUC-F-05194,p4-4x2,Yellow,#F4EE2A,33,5170,-14.0,70.0,79.2,90,CONCEPT_NOT_FIT_VALIDATED
DUC-F-05195,p4-4x2,Yellow,#F4EE2A,33,5171,-6.0,70.0,79.2,90,CONCEPT_NOT_FIT_VALIDATED
DUC-F-05196,p4-4x2,Yellow,#F4EE2A,33,5172,2.0,70.0,79.2,90,CONCEPT_NOT_FIT_VALIDATED
DUC-F-05197,p4-4x2,Yellow,#F4EE2A,33,5173,10.0,70.0,79.2,90,CONCEPT_NOT_FIT_VALIDATED
DUC-F-05198,p4-4x2,Yellow,#F4EE2A,33,5174,18.0,70.0,79.2,90,CONCEPT_NOT_FIT_VALIDATED
DUC-F-05199,p4-4x2,Yellow,#F4EE2A,33,5175,26.0,70.0,79.2,90,CONCEPT_NOT_FIT_VALIDATED
DUC-F-05200,p4-4x2,Yellow,#F4EE2A,33,5176,34.0,70.0,79.2,90,CONCEPT_NOT_FIT_VALIDATED
DUC-F-05201,p4-4x2,Yellow,#F4EE2A,33,5177,42.0,70.0,79.2,90,CONCEPT_NOT_FIT_VALIDATED
DUC-F-05202,p4-4x2,Yellow,#F4EE2A,33,5178,50.0,70.0,79.2,90,CONCEPT_NOT_FIT_VALIDATED
DUC-F-05203,p4-4x2,Yellow,#F4EE2A,33,5179,58.0,70.0,79.2,90,CONCEPT_NOT_FIT_VALIDATED
DUC-F-05204,p4-1x1,Yellow,#F4EE2A,33,5180,64.0,64.0,79.2,0,CONCEPT_NOT_FIT_VALIDATED
DUC-F-05205,p4-3x1,Yellow,#F4EE2A,33,5181,-60.0,72.0,79.2,90,CONCEPT_NOT_FIT_VALIDATED
DUC-F-05206,p4-2x1,Yellow,#F4EE2A,33,5182,-54.0,80.0,79.2,0,CONCEPT_NOT_FIT_VALIDATED
DUC-F-05207,p4-2x2,Yellow,#F4EE2A,33,5183,-46.0,82.0,79.2,0,CONCEPT_NOT_FIT_VALIDATED
DUC-F-05208,p4-2x2,Yellow,#F4EE2A,33,5184,-38.0,82.0,79.2,0,CONCEPT_NOT_FIT_VALIDATED
DUC-F-05209,p4-3x2,Yellow,#F4EE2A,33,5185,-30.0,84.0,79.2,90,CONCEPT_NOT_FIT_VALIDATED
DUC-F-05210,p4-4x2,Yellow,#F4EE2A,33,5186,-22.0,86.0,79.2,90,CONCEPT_NOT_FIT_VALIDATED
DUC-F-05211,p4-4x2,Yellow,#F4EE2A,33,5187,-14.0,86.0,79.2,90,CONCEPT_NOT_FIT_VALIDATED
DUC-F-05212,p4-4x2,Yellow,#F4EE2A,33,5188,-6.0,86.0,79.2,90,CONCEPT_NOT_FIT_VALIDATED
DUC-F-05213,p4-4x2,Yellow,#F4EE2A,33,5189,2.0,86.0,79.2,90,CONCEPT_NOT_FIT_VALIDATED
DUC-F-05214,p4-4x2,Yellow,#F4EE2A,33,5190,10.0,86.0,79.2,90,CONCEPT_NOT_FIT_VALIDATED
DUC-F-05215,p4-4x2,Yellow,#F4EE2A,33,5191,18.0,86.0,79.2,90,CONCEPT_NOT_FIT_VALIDATED
DUC-F-05216,p4-4x2,Yellow,#F4EE2A,33,5192,26.0,86.0,79.2,90,CONCEPT_NOT_FIT_VALIDATED
DUC-F-05217,p4-2x2,Yellow,#F4EE2A,33,5193,34.0,82.0,79.2,0,CONCEPT_NOT_FIT_VALIDATED
DUC-F-05218,p4-2x2,Yellow,#F4EE2A,33,5194,42.0,82.0,79.2,0,CONCEPT_NOT_FIT_VALIDATED
DUC-F-05219,p4-2x2,Yellow,#F4EE2A,33,5195,50.0,82.0,79.2,0,CONCEPT_NOT_FIT_VALIDATED
DUC-F-05220,p4-1x1,Yellow,#F4EE2A,33,5196,56.0,80.0,79.2,0,CONCEPT_NOT_FIT_VALIDATED
DUC-F-05222,p4-1x1,Yellow,#F4EE2A,33,5197,32.0,88.0,79.2,0,CONCEPT_NOT_FIT_VALIDATED
DUC-F-05223,p4-1x1,Yellow,#F4EE2A,33,5198,-28.0,92.0,79.2,0,CONCEPT_NOT_FIT_VALIDATED
DUC-F-05224,p4-2x1,Yellow,#F4EE2A,33,5199,-22.0,96.0,79.2,0,CONCEPT_NOT_FIT_VALIDATED
DUC-F-05225,p4-3x2,Yellow,#F4EE2A,33,5200,-14.0,100.0,79.2,90,CONCEPT_NOT_FIT_VALIDATED
DUC-F-05226,p4-3x2,Yellow,#F4EE2A,33,5201,-6.0,100.0,79.2,90,CONCEPT_NOT_FIT_VALIDATED
DUC-F-05227,p4-3x2,Yellow,#F4EE2A,33,5202,2.0,100.0,79.2,90,CONCEPT_NOT_FIT_VALIDATED
DUC-F-05228,p4-3x2,Yellow,#F4EE2A,33,5203,10.0,100.0,79.2,90,CONCEPT_NOT_FIT_VALIDATED
DUC-F-05229,p4-2x2,Yellow,#F4EE2A,33,5204,18.0,98.0,79.2,0,CONCEPT_NOT_FIT_VALIDATED
DUC-F-05230,p4-1x1,Yellow,#F4EE2A,33,5205,24.0,96.0,79.2,0,CONCEPT_NOT_FIT_VALIDATED
DUC-F-05231,p4-1x1,Yellow,#F4EE2A,33,5206,-20.0,100.0,79.2,0,CONCEPT_NOT_FIT_VALIDATED
DUC-F-05232,p4-4x2,Yellow,#F4EE2A,34,5207,-62.0,30.0,81.6,0,CONCEPT_NOT_FIT_VALIDATED
DUC-F-05233,p4-4x2,Yellow,#F4EE2A,34,5208,-62.0,38.0,81.6,0,CONCEPT_NOT_FIT_VALIDATED
DUC-F-05234,p4-4x2,Yellow,#F4EE2A,34,5209,-62.0,46.0,81.6,0,CONCEPT_NOT_FIT_VALIDATED
DUC-F-05235,p4-3x1,Yellow,#F4EE2A,34,5210,-60.0,24.0,81.6,0,CONCEPT_NOT_FIT_VALIDATED
DUC-F-05236,p4-3x2,Yellow,#F4EE2A,34,5211,-60.0,54.0,81.6,0,CONCEPT_NOT_FIT_VALIDATED
DUC-F-05237,p4-3x1,Yellow,#F4EE2A,34,5212,-60.0,60.0,81.6,0,CONCEPT_NOT_FIT_VALIDATED
DUC-F-05238,p4-2x1,Yellow,#F4EE2A,34,5213,-58.0,-24.0,81.6,0,CONCEPT_NOT_FIT_VALIDATED
DUC-F-05239,p4-2x2,Yellow,#F4EE2A,34,5214,-58.0,-18.0,81.6,0,CONCEPT_NOT_FIT_VALIDATED
DUC-F-05240,p4-2x2,Yellow,#F4EE2A,34,5215,-58.0,-10.0,81.6,0,CONCEPT_NOT_FIT_VALIDATED
DUC-F-05241,p4-2x2,Yellow,#F4EE2A,34,5216,-58.0,-2.0,81.6,0,CONCEPT_NOT_FIT_VALIDATED
DUC-F-05242,p4-2x2,Yellow,#F4EE2A,34,5217,-58.0,6.0,81.6,0,CONCEPT_NOT_FIT_VALIDATED
DUC-F-05243,p4-2x1,Yellow,#F4EE2A,34,5218,-58.0,64.0,81.6,0,CONCEPT_NOT_FIT_VALIDATED
DUC-F-05244,p4-2x2,Yellow,#F4EE2A,34,5219,-58.0,70.0,81.6,0,CONCEPT_NOT_FIT_VALIDATED
DUC-F-05245,p4-2x1,Yellow,#F4EE2A,34,5220,-58.0,76.0,81.6,0,CONCEPT_NOT_FIT_VALIDATED
DUC-F-05246,p4-2x1,Yellow,#F4EE2A,34,5221,-56.0,-34.0,81.6,90,CONCEPT_NOT_FIT_VALIDATED
DUC-F-05247,p4-1x1,Yellow,#F4EE2A,34,5222,-56.0,-28.0,81.6,0,CONCEPT_NOT_FIT_VALIDATED
DUC-F-05248,p4-2x1,Yellow,#F4EE2A,34,5223,-56.0,14.0,81.6,90,CONCEPT_NOT_FIT_VALIDATED
DUC-F-05249,p4-1x1,Yellow,#F4EE2A,34,5224,-56.0,20.0,81.6,0,CONCEPT_NOT_FIT_VALIDATED
DUC-F-05250,p4-1x1,Yellow,#F4EE2A,34,5225,-56.0,80.0,81.6,0,CONCEPT_NOT_FIT_VALIDATED
DUC-F-05251,p4-4x2,Yellow,#F4EE2A,34,5226,-46.0,-42.0,81.6,0,CONCEPT_NOT_FIT_VALIDATED
DUC-F-05252,p4-4x2,Yellow,#F4EE2A,34,5227,-46.0,-34.0,81.6,0,CONCEPT_NOT_FIT_VALIDATED
DUC-F-05253,p4-4x2,Yellow,#F4EE2A,34,5228,-46.0,-26.0,81.6,0,CONCEPT_NOT_FIT_VALIDATED
DUC-F-05254,p4-4x2,Yellow,#F4EE2A,34,5229,-46.0,-18.0,81.6,0,CONCEPT_NOT_FIT_VALIDATED
DUC-F-05255,p4-4x2,Yellow,#F4EE2A,34,5230,-46.0,-10.0,81.6,0,CONCEPT_NOT_FIT_VALIDATED
DUC-F-05256,p4-4x2,Yellow,#F4EE2A,34,5231,-46.0,-2.0,81.6,0,CONCEPT_NOT_FIT_VALIDATED
DUC-F-05257,p4-4x2,Yellow,#F4EE2A,34,5232,-46.0,6.0,81.6,0,CONCEPT_NOT_FIT_VALIDATED
DUC-F-05258,p4-4x2,Yellow,#F4EE2A,34,5233,-46.0,14.0,81.6,0,CONCEPT_NOT_FIT_VALIDATED
DUC-F-05259,p4-4x2,Yellow,#F4EE2A,34,5234,-46.0,22.0,81.6,0,CONCEPT_NOT_FIT_VALIDATED
DUC-F-05260,p4-4x2,Yellow,#F4EE2A,34,5235,-46.0,30.0,81.6,0,CONCEPT_NOT_FIT_VALIDATED
DUC-F-05261,p4-4x2,Yellow,#F4EE2A,34,5236,-46.0,38.0,81.6,0,CONCEPT_NOT_FIT_VALIDATED
DUC-F-05262,p4-4x2,Yellow,#F4EE2A,34,5237,-46.0,46.0,81.6,0,CONCEPT_NOT_FIT_VALIDATED
DUC-F-05263,p4-4x2,Yellow,#F4EE2A,34,5238,-46.0,54.0,81.6,0,CONCEPT_NOT_FIT_VALIDATED
DUC-F-05264,p4-4x2,Yellow,#F4EE2A,34,5239,-46.0,62.0,81.6,0,CONCEPT_NOT_FIT_VALIDATED
DUC-F-05265,p4-4x2,Yellow,#F4EE2A,34,5240,-46.0,70.0,81.6,0,CONCEPT_NOT_FIT_VALIDATED
DUC-F-05266,p4-4x2,Yellow,#F4EE2A,34,5241,-46.0,78.0,81.6,0,CONCEPT_NOT_FIT_VALIDATED
DUC-F-05267,p4-4x1,Yellow,#F4EE2A,34,5242,-46.0,84.0,81.6,0,CONCEPT_NOT_FIT_VALIDATED
DUC-F-05221,p4-1x1,Yellow,#F4EE2A,33,5243,-52.0,84.0,79.2,0,CONCEPT_NOT_FIT_VALIDATED
DUC-F-04843,p4-1x1,Yellow,#F4EE2A,32,5244,-52.0,84.0,76.8,0,CONCEPT_NOT_FIT_VALIDATED
DUC-F-05268,p4-3x1,Yellow,#F4EE2A,34,5245,-44.0,-48.0,81.6,0,CONCEPT_NOT_FIT_VALIDATED
DUC-F-05269,p4-2x1,Yellow,#F4EE2A,34,5246,-42.0,-52.0,81.6,0,CONCEPT_NOT_FIT_VALIDATED
DUC-F-05270,p4-4x1,Yellow,#F4EE2A,34,5247,-30.0,-56.0,81.6,0,CONCEPT_NOT_FIT_VALIDATED
DUC-F-05271,p4-4x2,Yellow,#F4EE2A,34,5248,-30.0,-50.0,81.6,0,CONCEPT_NOT_FIT_VALIDATED
DUC-F-05272,p4-4x2,Yellow,#F4EE2A,34,5249,-30.0,-42.0,81.6,0,CONCEPT_NOT_FIT_VALIDATED
DUC-F-05273,p4-4x2,Yellow,#F4EE2A,34,5250,-30.0,-34.0,81.6,0,CONCEPT_NOT_FIT_VALIDATED
DUC-F-05274,p4-4x2,Yellow,#F4EE2A,34,5251,-30.0,-26.0,81.6,0,CONCEPT_NOT_FIT_VALIDATED
DUC-F-05275,p4-4x2,Yellow,#F4EE2A,34,5252,-30.0,-18.0,81.6,0,CONCEPT_NOT_FIT_VALIDATED
DUC-F-05276,p4-4x2,Yellow,#F4EE2A,34,5253,-30.0,-10.0,81.6,0,CONCEPT_NOT_FIT_VALIDATED
DUC-F-05277,p4-4x2,Yellow,#F4EE2A,34,5254,-30.0,-2.0,81.6,0,CONCEPT_NOT_FIT_VALIDATED
DUC-F-05278,p4-4x2,Yellow,#F4EE2A,34,5255,-30.0,6.0,81.6,0,CONCEPT_NOT_FIT_VALIDATED
DUC-F-05279,p4-4x2,Yellow,#F4EE2A,34,5256,-30.0,14.0,81.6,0,CONCEPT_NOT_FIT_VALIDATED
DUC-F-05280,p4-4x2,Yellow,#F4EE2A,34,5257,-30.0,22.0,81.6,0,CONCEPT_NOT_FIT_VALIDATED
DUC-F-05281,p4-4x2,Yellow,#F4EE2A,34,5258,-30.0,30.0,81.6,0,CONCEPT_NOT_FIT_VALIDATED
DUC-F-05282,p4-4x2,Yellow,#F4EE2A,34,5259,-30.0,38.0,81.6,0,CONCEPT_NOT_FIT_VALIDATED
DUC-F-05283,p4-4x2,Yellow,#F4EE2A,34,5260,-30.0,46.0,81.6,0,CONCEPT_NOT_FIT_VALIDATED
DUC-F-05284,p4-4x2,Yellow,#F4EE2A,34,5261,-30.0,54.0,81.6,0,CONCEPT_NOT_FIT_VALIDATED
DUC-F-05285,p4-4x2,Yellow,#F4EE2A,34,5262,-30.0,62.0,81.6,0,CONCEPT_NOT_FIT_VALIDATED
DUC-F-05286,p4-4x2,Yellow,#F4EE2A,34,5263,-30.0,70.0,81.6,0,CONCEPT_NOT_FIT_VALIDATED
DUC-F-05287,p4-4x2,Yellow,#F4EE2A,34,5264,-30.0,78.0,81.6,0,CONCEPT_NOT_FIT_VALIDATED
DUC-F-05288,p4-4x1,Yellow,#F4EE2A,34,5265,-30.0,84.0,81.6,0,CONCEPT_NOT_FIT_VALIDATED
DUC-F-05289,p4-3x1,Yellow,#F4EE2A,34,5266,-28.0,88.0,81.6,0,CONCEPT_NOT_FIT_VALIDATED
DUC-F-05292,p4-2x1,Yellow,#F4EE2A,34,5267,-26.0,92.0,81.6,0,CONCEPT_NOT_FIT_VALIDATED
DUC-F-05297,p4-1x1,Yellow,#F4EE2A,34,5268,-24.0,96.0,81.6,0,CONCEPT_NOT_FIT_VALIDATED
DUC-F-05301,p4-4x1,Yellow,#F4EE2A,34,5269,-14.0,-80.0,81.6,0,CONCEPT_NOT_FIT_VALIDATED
DUC-F-05040,p4-3x1,Pumpkin orange,#FF9016,33,5270,-20.0,-76.0,79.2,90,CONCEPT_NOT_FIT_VALIDATED
DUC-F-05302,p4-4x2,Yellow,#F4EE2A,34,5271,-14.0,-74.0,81.6,0,CONCEPT_NOT_FIT_VALIDATED
DUC-F-05303,p4-4x2,Yellow,#F4EE2A,34,5272,-14.0,-66.0,81.6,0,CONCEPT_NOT_FIT_VALIDATED
DUC-F-05049,p4-1x1,Yellow,#F4EE2A,33,5273,-20.0,-68.0,79.2,0,CONCEPT_NOT_FIT_VALIDATED
DUC-F-04885,p4-1x1,Pumpkin orange,#FF9016,32,5274,-20.0,-68.0,76.8,0,CONCEPT_NOT_FIT_VALIDATED
DUC-F-05304,p4-4x2,Yellow,#F4EE2A,34,5275,-14.0,-58.0,81.6,0,CONCEPT_NOT_FIT_VALIDATED
DUC-F-05305,p4-4x2,Yellow,#F4EE2A,34,5276,-14.0,-50.0,81.6,0,CONCEPT_NOT_FIT_VALIDATED
DUC-F-05306,p4-4x2,Yellow,#F4EE2A,34,5277,-14.0,-42.0,81.6,0,CONCEPT_NOT_FIT_VALIDATED
DUC-F-05307,p4-4x2,Yellow,#F4EE2A,34,5278,-14.0,-34.0,81.6,0,CONCEPT_NOT_FIT_VALIDATED
DUC-F-05308,p4-4x2,Yellow,#F4EE2A,34,5279,-14.0,-26.0,81.6,0,CONCEPT_NOT_FIT_VALIDATED
DUC-F-05309,p4-4x2,Yellow,#F4EE2A,34,5280,-14.0,-18.0,81.6,0,CONCEPT_NOT_FIT_VALIDATED
DUC-F-05310,p4-4x2,Yellow,#F4EE2A,34,5281,-14.0,-10.0,81.6,0,CONCEPT_NOT_FIT_VALIDATED
DUC-F-05311,p4-4x2,Yellow,#F4EE2A,34,5282,-14.0,-2.0,81.6,0,CONCEPT_NOT_FIT_VALIDATED
DUC-F-05312,p4-4x2,Yellow,#F4EE2A,34,5283,-14.0,6.0,81.6,0,CONCEPT_NOT_FIT_VALIDATED
DUC-F-05313,p4-4x2,Yellow,#F4EE2A,34,5284,-14.0,14.0,81.6,0,CONCEPT_NOT_FIT_VALIDATED
DUC-F-05314,p4-4x2,Yellow,#F4EE2A,34,5285,-14.0,22.0,81.6,0,CONCEPT_NOT_FIT_VALIDATED
DUC-F-05315,p4-4x2,Yellow,#F4EE2A,34,5286,-14.0,30.0,81.6,0,CONCEPT_NOT_FIT_VALIDATED
DUC-F-05316,p4-4x2,Yellow,#F4EE2A,34,5287,-14.0,38.0,81.6,0,CONCEPT_NOT_FIT_VALIDATED
DUC-F-05317,p4-4x2,Yellow,#F4EE2A,34,5288,-14.0,46.0,81.6,0,CONCEPT_NOT_FIT_VALIDATED
DUC-F-05318,p4-4x2,Yellow,#F4EE2A,34,5289,-14.0,54.0,81.6,0,CONCEPT_NOT_FIT_VALIDATED
DUC-F-05319,p4-4x2,Yellow,#F4EE2A,34,5290,-14.0,62.0,81.6,0,CONCEPT_NOT_FIT_VALIDATED
DUC-F-05320,p4-4x2,Yellow,#F4EE2A,34,5291,-14.0,70.0,81.6,0,CONCEPT_NOT_FIT_VALIDATED
DUC-F-05321,p4-4x2,Yellow,#F4EE2A,34,5292,-14.0,78.0,81.6,0,CONCEPT_NOT_FIT_VALIDATED
DUC-F-05322,p4-4x2,Yellow,#F4EE2A,34,5293,-14.0,86.0,81.6,0,CONCEPT_NOT_FIT_VALIDATED
DUC-F-05323,p4-4x2,Yellow,#F4EE2A,34,5294,-14.0,94.0,81.6,0,CONCEPT_NOT_FIT_VALIDATED
DUC-F-05324,p4-4x1,Yellow,#F4EE2A,34,5295,-14.0,100.0,81.6,0,CONCEPT_NOT_FIT_VALIDATED
DUC-F-05326,p4-3x1,Yellow,#F4EE2A,34,5296,-12.0,-84.0,81.6,0,CONCEPT_NOT_FIT_VALIDATED
DUC-F-05036,p4-1x1,Pumpkin orange,#FF9016,33,5297,-16.0,-84.0,79.2,0,CONCEPT_NOT_FIT_VALIDATED
DUC-F-05037,p4-1x1,Yellow,#F4EE2A,33,5298,-12.0,-84.0,79.2,0,CONCEPT_NOT_FIT_VALIDATED
DUC-F-04914,p4-1x1,Pumpkin orange,#FF9016,32,5299,-12.0,-84.0,76.8,0,CONCEPT_NOT_FIT_VALIDATED
DUC-F-05327,p4-2x1,Yellow,#F4EE2A,34,5300,-10.0,-88.0,81.6,0,CONCEPT_NOT_FIT_VALIDATED
DUC-F-05328,p4-2x1,Yellow,#F4EE2A,34,5301,-10.0,104.0,81.6,0,CONCEPT_NOT_FIT_VALIDATED
DUC-F-05330,p4-4x1,Yellow,#F4EE2A,34,5302,2.0,-88.0,81.6,0,CONCEPT_NOT_FIT_VALIDATED
DUC-F-05331,p4-4x2,Yellow,#F4EE2A,34,5303,2.0,-82.0,81.6,0,CONCEPT_NOT_FIT_VALIDATED
DUC-F-05332,p4-4x2,Yellow,#F4EE2A,34,5304,2.0,-74.0,81.6,0,CONCEPT_NOT_FIT_VALIDATED
DUC-F-05333,p4-4x2,Yellow,#F4EE2A,34,5305,2.0,-66.0,81.6,0,CONCEPT_NOT_FIT_VALIDATED
DUC-F-05334,p4-4x2,Yellow,#F4EE2A,34,5306,2.0,-58.0,81.6,0,CONCEPT_NOT_FIT_VALIDATED
DUC-F-05335,p4-4x2,Yellow,#F4EE2A,34,5307,2.0,-50.0,81.6,0,CONCEPT_NOT_FIT_VALIDATED
DUC-F-05336,p4-4x2,Yellow,#F4EE2A,34,5308,2.0,-42.0,81.6,0,CONCEPT_NOT_FIT_VALIDATED
DUC-F-05337,p4-4x2,Yellow,#F4EE2A,34,5309,2.0,-34.0,81.6,0,CONCEPT_NOT_FIT_VALIDATED
DUC-F-05338,p4-4x2,Yellow,#F4EE2A,34,5310,2.0,-26.0,81.6,0,CONCEPT_NOT_FIT_VALIDATED
DUC-F-05339,p4-4x2,Yellow,#F4EE2A,34,5311,2.0,-18.0,81.6,0,CONCEPT_NOT_FIT_VALIDATED
DUC-F-05340,p4-4x2,Yellow,#F4EE2A,34,5312,2.0,-10.0,81.6,0,CONCEPT_NOT_FIT_VALIDATED
DUC-F-05341,p4-4x2,Yellow,#F4EE2A,34,5313,2.0,-2.0,81.6,0,CONCEPT_NOT_FIT_VALIDATED
DUC-F-05342,p4-4x2,Yellow,#F4EE2A,34,5314,2.0,6.0,81.6,0,CONCEPT_NOT_FIT_VALIDATED
DUC-F-05343,p4-4x2,Yellow,#F4EE2A,34,5315,2.0,14.0,81.6,0,CONCEPT_NOT_FIT_VALIDATED
DUC-F-05344,p4-4x2,Yellow,#F4EE2A,34,5316,2.0,22.0,81.6,0,CONCEPT_NOT_FIT_VALIDATED
DUC-F-05345,p4-4x2,Yellow,#F4EE2A,34,5317,2.0,30.0,81.6,0,CONCEPT_NOT_FIT_VALIDATED
DUC-F-05346,p4-4x2,Yellow,#F4EE2A,34,5318,2.0,38.0,81.6,0,CONCEPT_NOT_FIT_VALIDATED
DUC-F-05347,p4-4x2,Yellow,#F4EE2A,34,5319,2.0,46.0,81.6,0,CONCEPT_NOT_FIT_VALIDATED
DUC-F-05348,p4-4x2,Yellow,#F4EE2A,34,5320,2.0,54.0,81.6,0,CONCEPT_NOT_FIT_VALIDATED
DUC-F-05349,p4-4x2,Yellow,#F4EE2A,34,5321,2.0,62.0,81.6,0,CONCEPT_NOT_FIT_VALIDATED
DUC-F-05350,p4-4x2,Yellow,#F4EE2A,34,5322,2.0,70.0,81.6,0,CONCEPT_NOT_FIT_VALIDATED
DUC-F-05351,p4-4x2,Yellow,#F4EE2A,34,5323,2.0,78.0,81.6,0,CONCEPT_NOT_FIT_VALIDATED
DUC-F-05352,p4-4x2,Yellow,#F4EE2A,34,5324,2.0,86.0,81.6,0,CONCEPT_NOT_FIT_VALIDATED
DUC-F-05353,p4-4x2,Yellow,#F4EE2A,34,5325,2.0,94.0,81.6,0,CONCEPT_NOT_FIT_VALIDATED
DUC-F-05354,p4-4x2,Yellow,#F4EE2A,34,5326,2.0,102.0,81.6,0,CONCEPT_NOT_FIT_VALIDATED
DUC-F-05358,p4-2x2,Yellow,#F4EE2A,34,5327,14.0,-82.0,81.6,0,CONCEPT_NOT_FIT_VALIDATED
DUC-F-05038,p4-1x1,Yellow,#F4EE2A,33,5328,12.0,-84.0,79.2,0,CONCEPT_NOT_FIT_VALIDATED
DUC-F-04948,p4-1x1,Pumpkin orange,#FF9016,32,5329,12.0,-84.0,76.8,0,CONCEPT_NOT_FIT_VALIDATED
DUC-F-05039,p4-2x1,Pumpkin orange,#FF9016,33,5330,18.0,-84.0,79.2,0,CONCEPT_NOT_FIT_VALIDATED
DUC-F-05359,p4-3x2,Yellow,#F4EE2A,34,5331,16.0,-74.0,81.6,0,CONCEPT_NOT_FIT_VALIDATED
DUC-F-05046,p4-3x1,Pumpkin orange,#FF9016,33,5332,20.0,-76.0,79.2,90,CONCEPT_NOT_FIT_VALIDATED
DUC-F-05360,p4-4x2,Yellow,#F4EE2A,34,5333,18.0,-66.0,81.6,0,CONCEPT_NOT_FIT_VALIDATED
DUC-F-05048,p4-3x1,Pumpkin orange,#FF9016,33,5334,24.0,-72.0,79.2,90,CONCEPT_NOT_FIT_VALIDATED
DUC-F-05050,p4-1x1,Yellow,#F4EE2A,33,5335,20.0,-68.0,79.2,0,CONCEPT_NOT_FIT_VALIDATED
DUC-F-04974,p4-1x1,Pumpkin orange,#FF9016,32,5336,20.0,-68.0,76.8,0,CONCEPT_NOT_FIT_VALIDATED
DUC-F-05058,p4-2x1,Pumpkin orange,#FF9016,33,5337,24.0,-62.0,79.2,90,CONCEPT_NOT_FIT_VALIDATED
DUC-F-05361,p4-4x2,Yellow,#F4EE2A,34,5338,18.0,-58.0,81.6,0,CONCEPT_NOT_FIT_VALIDATED
DUC-F-05362,p4-4x2,Yellow,#F4EE2A,34,5339,18.0,-50.0,81.6,0,CONCEPT_NOT_FIT_VALIDATED
DUC-F-05363,p4-4x2,Yellow,#F4EE2A,34,5340,18.0,-42.0,81.6,0,CONCEPT_NOT_FIT_VALIDATED
DUC-F-05364,p4-4x2,Yellow,#F4EE2A,34,5341,18.0,-34.0,81.6,0,CONCEPT_NOT_FIT_VALIDATED
DUC-F-05365,p4-4x2,Yellow,#F4EE2A,34,5342,18.0,-26.0,81.6,0,CONCEPT_NOT_FIT_VALIDATED
DUC-F-05366,p4-4x2,Yellow,#F4EE2A,34,5343,18.0,-18.0,81.6,0,CONCEPT_NOT_FIT_VALIDATED
DUC-F-05367,p4-4x2,Yellow,#F4EE2A,34,5344,18.0,-10.0,81.6,0,CONCEPT_NOT_FIT_VALIDATED
DUC-F-05368,p4-4x2,Yellow,#F4EE2A,34,5345,18.0,-2.0,81.6,0,CONCEPT_NOT_FIT_VALIDATED
DUC-F-05369,p4-4x2,Yellow,#F4EE2A,34,5346,18.0,6.0,81.6,0,CONCEPT_NOT_FIT_VALIDATED
DUC-F-05370,p4-4x2,Yellow,#F4EE2A,34,5347,18.0,14.0,81.6,0,CONCEPT_NOT_FIT_VALIDATED
DUC-F-05371,p4-4x2,Yellow,#F4EE2A,34,5348,18.0,22.0,81.6,0,CONCEPT_NOT_FIT_VALIDATED
DUC-F-05372,p4-4x2,Yellow,#F4EE2A,34,5349,18.0,30.0,81.6,0,CONCEPT_NOT_FIT_VALIDATED
DUC-F-05373,p4-4x2,Yellow,#F4EE2A,34,5350,18.0,38.0,81.6,0,CONCEPT_NOT_FIT_VALIDATED
DUC-F-05374,p4-4x2,Yellow,#F4EE2A,34,5351,18.0,46.0,81.6,0,CONCEPT_NOT_FIT_VALIDATED
DUC-F-05375,p4-4x2,Yellow,#F4EE2A,34,5352,18.0,54.0,81.6,0,CONCEPT_NOT_FIT_VALIDATED
DUC-F-05376,p4-4x2,Yellow,#F4EE2A,34,5353,18.0,62.0,81.6,0,CONCEPT_NOT_FIT_VALIDATED
DUC-F-05377,p4-4x2,Yellow,#F4EE2A,34,5354,18.0,70.0,81.6,0,CONCEPT_NOT_FIT_VALIDATED
DUC-F-05378,p4-4x2,Yellow,#F4EE2A,34,5355,18.0,78.0,81.6,0,CONCEPT_NOT_FIT_VALIDATED
DUC-F-05379,p4-4x2,Yellow,#F4EE2A,34,5356,18.0,86.0,81.6,0,CONCEPT_NOT_FIT_VALIDATED
DUC-F-05380,p4-4x2,Yellow,#F4EE2A,34,5357,18.0,94.0,81.6,0,CONCEPT_NOT_FIT_VALIDATED
DUC-F-05381,p4-3x1,Yellow,#F4EE2A,34,5358,16.0,100.0,81.6,0,CONCEPT_NOT_FIT_VALIDATED
DUC-F-05382,p4-1x1,Yellow,#F4EE2A,34,5359,12.0,104.0,81.6,0,CONCEPT_NOT_FIT_VALIDATED
DUC-F-05384,p4-1x1,Pumpkin orange,#FF9016,34,5360,20.0,-84.0,81.6,0,CONCEPT_NOT_FIT_VALIDATED
DUC-F-05385,p4-1x1,Yellow,#F4EE2A,34,5361,20.0,-80.0,81.6,0,CONCEPT_NOT_FIT_VALIDATED
DUC-F-05387,p4-2x1,Pumpkin orange,#FF9016,34,5362,24.0,-74.0,81.6,90,CONCEPT_NOT_FIT_VALIDATED
DUC-F-05390,p4-3x1,Yellow,#F4EE2A,34,5363,32.0,-56.0,81.6,0,CONCEPT_NOT_FIT_VALIDATED
DUC-F-05391,p4-4x2,Yellow,#F4EE2A,34,5364,34.0,-50.0,81.6,0,CONCEPT_NOT_FIT_VALIDATED
DUC-F-05392,p4-4x2,Yellow,#F4EE2A,34,5365,34.0,-42.0,81.6,0,CONCEPT_NOT_FIT_VALIDATED
DUC-F-05393,p4-4x2,Yellow,#F4EE2A,34,5366,34.0,-34.0,81.6,0,CONCEPT_NOT_FIT_VALIDATED
DUC-F-05394,p4-4x2,Yellow,#F4EE2A,34,5367,34.0,-26.0,81.6,0,CONCEPT_NOT_FIT_VALIDATED
DUC-F-05395,p4-4x2,Yellow,#F4EE2A,34,5368,34.0,-18.0,81.6,0,CONCEPT_NOT_FIT_VALIDATED
DUC-F-05396,p4-4x2,Yellow,#F4EE2A,34,5369,34.0,-10.0,81.6,0,CONCEPT_NOT_FIT_VALIDATED
DUC-F-05397,p4-4x2,Yellow,#F4EE2A,34,5370,34.0,-2.0,81.6,0,CONCEPT_NOT_FIT_VALIDATED
DUC-F-05398,p4-4x2,Yellow,#F4EE2A,34,5371,34.0,6.0,81.6,0,CONCEPT_NOT_FIT_VALIDATED
DUC-F-05399,p4-4x2,Yellow,#F4EE2A,34,5372,34.0,14.0,81.6,0,CONCEPT_NOT_FIT_VALIDATED
DUC-F-05400,p4-4x2,Yellow,#F4EE2A,34,5373,34.0,22.0,81.6,0,CONCEPT_NOT_FIT_VALIDATED
DUC-F-05401,p4-4x2,Yellow,#F4EE2A,34,5374,34.0,30.0,81.6,0,CONCEPT_NOT_FIT_VALIDATED
DUC-F-05402,p4-4x2,Yellow,#F4EE2A,34,5375,34.0,38.0,81.6,0,CONCEPT_NOT_FIT_VALIDATED
DUC-F-05403,p4-4x2,Yellow,#F4EE2A,34,5376,34.0,46.0,81.6,0,CONCEPT_NOT_FIT_VALIDATED
DUC-F-05404,p4-4x2,Yellow,#F4EE2A,34,5377,34.0,54.0,81.6,0,CONCEPT_NOT_FIT_VALIDATED
DUC-F-05405,p4-4x2,Yellow,#F4EE2A,34,5378,34.0,62.0,81.6,0,CONCEPT_NOT_FIT_VALIDATED
DUC-F-05406,p4-4x2,Yellow,#F4EE2A,34,5379,34.0,70.0,81.6,0,CONCEPT_NOT_FIT_VALIDATED
DUC-F-05407,p4-4x2,Yellow,#F4EE2A,34,5380,34.0,78.0,81.6,0,CONCEPT_NOT_FIT_VALIDATED
DUC-F-05408,p4-4x1,Yellow,#F4EE2A,34,5381,34.0,84.0,81.6,0,CONCEPT_NOT_FIT_VALIDATED
DUC-F-05409,p4-2x1,Yellow,#F4EE2A,34,5382,30.0,88.0,81.6,0,CONCEPT_NOT_FIT_VALIDATED
DUC-F-05410,p4-1x1,Yellow,#F4EE2A,34,5383,28.0,92.0,81.6,0,CONCEPT_NOT_FIT_VALIDATED
DUC-F-05411,p4-2x1,Yellow,#F4EE2A,34,5384,44.0,-50.0,81.6,90,CONCEPT_NOT_FIT_VALIDATED
DUC-F-05412,p4-3x2,Yellow,#F4EE2A,34,5385,48.0,-42.0,81.6,0,CONCEPT_NOT_FIT_VALIDATED
DUC-F-05413,p4-4x2,Yellow,#F4EE2A,34,5386,50.0,-34.0,81.6,0,CONCEPT_NOT_FIT_VALIDATED
DUC-F-05414,p4-4x2,Yellow,#F4EE2A,34,5387,50.0,-26.0,81.6,0,CONCEPT_NOT_FIT_VALIDATED
DUC-F-05415,p4-4x2,Yellow,#F4EE2A,34,5388,50.0,-18.0,81.6,0,CONCEPT_NOT_FIT_VALIDATED
DUC-F-05416,p4-4x2,Yellow,#F4EE2A,34,5389,50.0,-10.0,81.6,0,CONCEPT_NOT_FIT_VALIDATED
DUC-F-05417,p4-4x2,Yellow,#F4EE2A,34,5390,50.0,-2.0,81.6,0,CONCEPT_NOT_FIT_VALIDATED
DUC-F-05418,p4-4x2,Yellow,#F4EE2A,34,5391,50.0,6.0,81.6,0,CONCEPT_NOT_FIT_VALIDATED
DUC-F-05419,p4-4x2,Yellow,#F4EE2A,34,5392,50.0,14.0,81.6,0,CONCEPT_NOT_FIT_VALIDATED
DUC-F-05420,p4-4x2,Yellow,#F4EE2A,34,5393,50.0,22.0,81.6,0,CONCEPT_NOT_FIT_VALIDATED
DUC-F-05421,p4-4x2,Yellow,#F4EE2A,34,5394,50.0,30.0,81.6,0,CONCEPT_NOT_FIT_VALIDATED
DUC-F-05422,p4-4x2,Yellow,#F4EE2A,34,5395,50.0,38.0,81.6,0,CONCEPT_NOT_FIT_VALIDATED
DUC-F-05423,p4-4x2,Yellow,#F4EE2A,34,5396,50.0,46.0,81.6,0,CONCEPT_NOT_FIT_VALIDATED
DUC-F-05424,p4-4x2,Yellow,#F4EE2A,34,5397,50.0,54.0,81.6,0,CONCEPT_NOT_FIT_VALIDATED
DUC-F-05425,p4-4x2,Yellow,#F4EE2A,34,5398,50.0,62.0,81.6,0,CONCEPT_NOT_FIT_VALIDATED
DUC-F-05426,p4-4x2,Yellow,#F4EE2A,34,5399,50.0,70.0,81.6,0,CONCEPT_NOT_FIT_VALIDATED
DUC-F-05427,p4-4x2,Yellow,#F4EE2A,34,5400,50.0,78.0,81.6,0,CONCEPT_NOT_FIT_VALIDATED
DUC-F-05428,p4-3x1,Yellow,#F4EE2A,34,5401,48.0,84.0,81.6,0,CONCEPT_NOT_FIT_VALIDATED
DUC-F-05431,p4-2x1,Yellow,#F4EE2A,34,5402,60.0,-18.0,81.6,90,CONCEPT_NOT_FIT_VALIDATED
DUC-F-05432,p4-2x1,Yellow,#F4EE2A,34,5403,60.0,-10.0,81.6,90,CONCEPT_NOT_FIT_VALIDATED
DUC-F-05433,p4-2x1,Yellow,#F4EE2A,34,5404,60.0,-2.0,81.6,90,CONCEPT_NOT_FIT_VALIDATED
DUC-F-05434,p4-2x1,Yellow,#F4EE2A,34,5405,60.0,6.0,81.6,90,CONCEPT_NOT_FIT_VALIDATED
DUC-F-05435,p4-2x1,Yellow,#F4EE2A,34,5406,62.0,24.0,81.6,0,CONCEPT_NOT_FIT_VALIDATED
DUC-F-05436,p4-2x2,Yellow,#F4EE2A,34,5407,62.0,30.0,81.6,0,CONCEPT_NOT_FIT_VALIDATED
DUC-F-05437,p4-3x2,Yellow,#F4EE2A,34,5408,64.0,38.0,81.6,0,CONCEPT_NOT_FIT_VALIDATED
DUC-F-05438,p4-3x2,Yellow,#F4EE2A,34,5409,64.0,46.0,81.6,0,CONCEPT_NOT_FIT_VALIDATED
DUC-F-05439,p4-2x2,Yellow,#F4EE2A,34,5410,62.0,54.0,81.6,0,CONCEPT_NOT_FIT_VALIDATED
DUC-F-05440,p4-2x1,Yellow,#F4EE2A,34,5411,62.0,60.0,81.6,0,CONCEPT_NOT_FIT_VALIDATED
DUC-F-05441,p4-1x1,Yellow,#F4EE2A,34,5412,60.0,64.0,81.6,0,CONCEPT_NOT_FIT_VALIDATED
DUC-F-05442,p4-2x1,Yellow,#F4EE2A,34,5413,60.0,70.0,81.6,90,CONCEPT_NOT_FIT_VALIDATED
DUC-F-05443,p4-1x1,Yellow,#F4EE2A,34,5414,60.0,76.0,81.6,0,CONCEPT_NOT_FIT_VALIDATED
DUC-F-05444,p4-1x1,Yellow,#F4EE2A,34,5415,68.0,32.0,81.6,0,CONCEPT_NOT_FIT_VALIDATED
DUC-F-05454,p4-3x1,Yellow,#F4EE2A,35,5416,-12.0,-92.0,84.0,90,CONCEPT_NOT_FIT_VALIDATED
DUC-F-05298,p4-4x1,Pumpkin orange,#FF9016,34,5417,-14.0,-92.0,81.6,0,CONCEPT_NOT_FIT_VALIDATED
DUC-F-05027,p4-2x1,Pumpkin orange,#FF9016,33,5418,-6.0,-92.0,79.2,0,CONCEPT_NOT_FIT_VALIDATED
DUC-F-04918,p4-1x1,Pumpkin orange,#FF9016,32,5419,-4.0,-92.0,76.8,0,CONCEPT_NOT_FIT_VALIDATED
DUC-F-05325,p4-2x1,Pumpkin orange,#FF9016,34,5420,-14.0,-96.0,81.6,0,CONCEPT_NOT_FIT_VALIDATED
DUC-F-05329,p4-4x1,Pumpkin orange,#FF9016,34,5421,2.0,-92.0,81.6,0,CONCEPT_NOT_FIT_VALIDATED
DUC-F-05028,p4-2x1,Pumpkin orange,#FF9016,33,5422,2.0,-92.0,79.2,0,CONCEPT_NOT_FIT_VALIDATED
DUC-F-04920,p4-2x1,Pumpkin orange,#FF9016,32,5423,2.0,-92.0,76.8,0,CONCEPT_NOT_FIT_VALIDATED
DUC-F-05029,p4-1x1,Pumpkin orange,#FF9016,33,5424,8.0,-92.0,79.2,0,CONCEPT_NOT_FIT_VALIDATED
DUC-F-05452,p4-3x1,Pumpkin orange,#FF9016,35,5425,-20.0,-92.0,84.0,90,CONCEPT_NOT_FIT_VALIDATED
DUC-F-05299,p4-2x1,Pumpkin orange,#FF9016,34,5426,-18.0,-88.0,81.6,0,CONCEPT_NOT_FIT_VALIDATED
DUC-F-05453,p4-3x1,Yellow,#F4EE2A,35,5427,-16.0,-92.0,84.0,90,CONCEPT_NOT_FIT_VALIDATED
DUC-F-05459,p4-2x1,Yellow,#F4EE2A,35,5428,-8.0,-90.0,84.0,90,CONCEPT_NOT_FIT_VALIDATED
DUC-F-05460,p4-2x2,Yellow,#F4EE2A,35,5429,-2.0,-90.0,84.0,0,CONCEPT_NOT_FIT_VALIDATED
DUC-F-05461,p4-2x2,Yellow,#F4EE2A,35,5430,6.0,-90.0,84.0,0,CONCEPT_NOT_FIT_VALIDATED
DUC-F-05463,p4-4x1,Yellow,#F4EE2A,35,5431,-16.0,-78.0,84.0,90,CONCEPT_NOT_FIT_VALIDATED
DUC-F-05464,p4-4x2,Yellow,#F4EE2A,35,5432,-10.0,-78.0,84.0,90,CONCEPT_NOT_FIT_VALIDATED
DUC-F-05465,p4-4x2,Yellow,#F4EE2A,35,5433,-2.0,-78.0,84.0,90,CONCEPT_NOT_FIT_VALIDATED
DUC-F-05466,p4-4x2,Yellow,#F4EE2A,35,5434,6.0,-78.0,84.0,90,CONCEPT_NOT_FIT_VALIDATED
DUC-F-05467,p4-4x2,Yellow,#F4EE2A,35,5435,14.0,-78.0,84.0,90,CONCEPT_NOT_FIT_VALIDATED
DUC-F-05468,p4-1x1,Pumpkin orange,#FF9016,35,5436,20.0,-84.0,84.0,0,CONCEPT_NOT_FIT_VALIDATED
DUC-F-05470,p4-3x1,Yellow,#F4EE2A,35,5437,-20.0,-76.0,84.0,90,CONCEPT_NOT_FIT_VALIDATED
DUC-F-05471,p4-3x1,Yellow,#F4EE2A,35,5438,20.0,-76.0,84.0,90,CONCEPT_NOT_FIT_VALIDATED
DUC-F-05472,p4-2x1,Pumpkin orange,#FF9016,35,5439,24.0,-78.0,84.0,90,CONCEPT_NOT_FIT_VALIDATED
DUC-F-05386,p4-1x1,Pumpkin orange,#FF9016,34,5440,24.0,-80.0,81.6,0,CONCEPT_NOT_FIT_VALIDATED
DUC-F-05474,p4-1x1,Yellow,#F4EE2A,35,5441,24.0,-72.0,84.0,0,CONCEPT_NOT_FIT_VALIDATED
DUC-F-05475,p4-4x1,Yellow,#F4EE2A,35,5442,-24.0,-62.0,84.0,90,CONCEPT_NOT_FIT_VALIDATED
DUC-F-05295,p4-2x1,Yellow,#F4EE2A,34,5443,-24.0,-66.0,81.6,90,CONCEPT_NOT_FIT_VALIDATED
DUC-F-05047,p4-3x1,Pumpkin orange,#FF9016,33,5444,-24.0,-72.0,79.2,90,CONCEPT_NOT_FIT_VALIDATED
DUC-F-05051,p4-2x1,Pumpkin orange,#FF9016,33,5445,-24.0,-62.0,79.2,90,CONCEPT_NOT_FIT_VALIDATED
DUC-F-05294,p4-2x1,Pumpkin orange,#FF9016,34,5446,-24.0,-74.0,81.6,90,CONCEPT_NOT_FIT_VALIDATED
DUC-F-05296,p4-1x1,Yellow,#F4EE2A,34,5447,-24.0,-60.0,81.6,0,CONCEPT_NOT_FIT_VALIDATED
DUC-F-05469,p4-2x1,Pumpkin orange,#FF9016,35,5448,-24.0,-78.0,84.0,90,CONCEPT_NOT_FIT_VALIDATED
DUC-F-05293,p4-1x1,Pumpkin orange,#FF9016,34,5449,-24.0,-80.0,81.6,0,CONCEPT_NOT_FIT_VALIDATED
DUC-F-05473,p4-1x1,Yellow,#F4EE2A,35,5450,-24.0,-72.0,84.0,0,CONCEPT_NOT_FIT_VALIDATED
DUC-F-05476,p4-4x2,Yellow,#F4EE2A,35,5451,-18.0,-62.0,84.0,90,CONCEPT_NOT_FIT_VALIDATED
DUC-F-05477,p4-4x2,Yellow,#F4EE2A,35,5452,-10.0,-62.0,84.0,90,CONCEPT_NOT_FIT_VALIDATED
DUC-F-05478,p4-4x2,Yellow,#F4EE2A,35,5453,-2.0,-62.0,84.0,90,CONCEPT_NOT_FIT_VALIDATED
DUC-F-05479,p4-4x2,Yellow,#F4EE2A,35,5454,6.0,-62.0,84.0,90,CONCEPT_NOT_FIT_VALIDATED
DUC-F-05480,p4-4x2,Yellow,#F4EE2A,35,5455,14.0,-62.0,84.0,90,CONCEPT_NOT_FIT_VALIDATED
DUC-F-05481,p4-4x2,Yellow,#F4EE2A,35,5456,22.0,-62.0,84.0,90,CONCEPT_NOT_FIT_VALIDATED
DUC-F-05485,p4-2x1,Yellow,#F4EE2A,35,5457,-34.0,-56.0,84.0,0,CONCEPT_NOT_FIT_VALIDATED
DUC-F-05486,p4-1x1,Yellow,#F4EE2A,35,5458,-28.0,-56.0,84.0,0,CONCEPT_NOT_FIT_VALIDATED
DUC-F-05487,p4-2x1,Yellow,#F4EE2A,35,5459,30.0,-56.0,84.0,0,CONCEPT_NOT_FIT_VALIDATED
DUC-F-05488,p4-2x1,Yellow,#F4EE2A,35,5460,38.0,-56.0,84.0,0,CONCEPT_NOT_FIT_VALIDATED
DUC-F-05489,p4-4x2,Yellow,#F4EE2A,35,5461,-42.0,-46.0,84.0,90,CONCEPT_NOT_FIT_VALIDATED
DUC-F-05490,p4-4x2,Yellow,#F4EE2A,35,5462,-34.0,-46.0,84.0,90,CONCEPT_NOT_FIT_VALIDATED
DUC-F-05491,p4-4x2,Yellow,#F4EE2A,35,5463,-26.0,-46.0,84.0,90,CONCEPT_NOT_FIT_VALIDATED
DUC-F-05492,p4-4x2,Yellow,#F4EE2A,35,5464,-18.0,-46.0,84.0,90,CONCEPT_NOT_FIT_VALIDATED
DUC-F-05493,p4-4x2,Yellow,#F4EE2A,35,5465,-10.0,-46.0,84.0,90,CONCEPT_NOT_FIT_VALIDATED
DUC-F-05494,p4-4x2,Yellow,#F4EE2A,35,5466,-2.0,-46.0,84.0,90,CONCEPT_NOT_FIT_VALIDATED
DUC-F-05495,p4-4x2,Yellow,#F4EE2A,35,5467,6.0,-46.0,84.0,90,CONCEPT_NOT_FIT_VALIDATED
DUC-F-05496,p4-4x2,Yellow,#F4EE2A,35,5468,14.0,-46.0,84.0,90,CONCEPT_NOT_FIT_VALIDATED
DUC-F-05497,p4-4x2,Yellow,#F4EE2A,35,5469,22.0,-46.0,84.0,90,CONCEPT_NOT_FIT_VALIDATED
DUC-F-05498,p4-4x2,Yellow,#F4EE2A,35,5470,30.0,-46.0,84.0,90,CONCEPT_NOT_FIT_VALIDATED
DUC-F-05499,p4-4x2,Yellow,#F4EE2A,35,5471,38.0,-46.0,84.0,90,CONCEPT_NOT_FIT_VALIDATED
DUC-F-05500,p4-4x1,Yellow,#F4EE2A,35,5472,44.0,-46.0,84.0,90,CONCEPT_NOT_FIT_VALIDATED
DUC-F-05501,p4-3x1,Yellow,#F4EE2A,35,5473,-48.0,-44.0,84.0,90,CONCEPT_NOT_FIT_VALIDATED
DUC-F-05502,p4-3x1,Yellow,#F4EE2A,35,5474,48.0,-44.0,84.0,90,CONCEPT_NOT_FIT_VALIDATED
DUC-F-05429,p4-1x1,Yellow,#F4EE2A,34,5475,48.0,-48.0,81.6,0,CONCEPT_NOT_FIT_VALIDATED
DUC-F-05503,p4-2x1,Yellow,#F4EE2A,35,5476,-52.0,-42.0,84.0,90,CONCEPT_NOT_FIT_VALIDATED
DUC-F-05504,p4-2x1,Yellow,#F4EE2A,35,5477,52.0,-42.0,84.0,90,CONCEPT_NOT_FIT_VALIDATED
DUC-F-05505,p4-4x1,Yellow,#F4EE2A,35,5478,-56.0,-30.0,84.0,90,CONCEPT_NOT_FIT_VALIDATED
DUC-F-05506,p4-4x2,Yellow,#F4EE2A,35,5479,-50.0,-30.0,84.0,90,CONCEPT_NOT_FIT_VALIDATED
DUC-F-05507,p4-4x2,Yellow,#F4EE2A,35,5480,-42.0,-30.0,84.0,90,CONCEPT_NOT_FIT_VALIDATED
DUC-F-05508,p4-4x2,Yellow,#F4EE2A,35,5481,-34.0,-30.0,84.0,90,CONCEPT_NOT_FIT_VALIDATED
DUC-F-05509,p4-4x2,Yellow,#F4EE2A,35,5482,-26.0,-30.0,84.0,90,CONCEPT_NOT_FIT_VALIDATED
DUC-F-05510,p4-4x2,Yellow,#F4EE2A,35,5483,-18.0,-30.0,84.0,90,CONCEPT_NOT_FIT_VALIDATED
DUC-F-05511,p4-4x2,Yellow,#F4EE2A,35,5484,-10.0,-30.0,84.0,90,CONCEPT_NOT_FIT_VALIDATED
DUC-F-05512,p4-4x2,Yellow,#F4EE2A,35,5485,-2.0,-30.0,84.0,90,CONCEPT_NOT_FIT_VALIDATED
DUC-F-05513,p4-4x2,Yellow,#F4EE2A,35,5486,6.0,-30.0,84.0,90,CONCEPT_NOT_FIT_VALIDATED
DUC-F-05514,p4-4x2,Yellow,#F4EE2A,35,5487,14.0,-30.0,84.0,90,CONCEPT_NOT_FIT_VALIDATED
DUC-F-05515,p4-4x2,Yellow,#F4EE2A,35,5488,22.0,-30.0,84.0,90,CONCEPT_NOT_FIT_VALIDATED
DUC-F-05516,p4-4x2,Yellow,#F4EE2A,35,5489,30.0,-30.0,84.0,90,CONCEPT_NOT_FIT_VALIDATED
DUC-F-05517,p4-4x2,Yellow,#F4EE2A,35,5490,38.0,-30.0,84.0,90,CONCEPT_NOT_FIT_VALIDATED
DUC-F-05518,p4-4x2,Yellow,#F4EE2A,35,5491,46.0,-30.0,84.0,90,CONCEPT_NOT_FIT_VALIDATED
DUC-F-05519,p4-4x2,Yellow,#F4EE2A,35,5492,54.0,-30.0,84.0,90,CONCEPT_NOT_FIT_VALIDATED
DUC-F-05520,p4-2x1,Yellow,#F4EE2A,35,5493,-60.0,-26.0,84.0,90,CONCEPT_NOT_FIT_VALIDATED
DUC-F-05522,p4-4x2,Yellow,#F4EE2A,35,5494,-58.0,-14.0,84.0,90,CONCEPT_NOT_FIT_VALIDATED
DUC-F-05523,p4-4x2,Yellow,#F4EE2A,35,5495,-50.0,-14.0,84.0,90,CONCEPT_NOT_FIT_VALIDATED
DUC-F-05524,p4-4x2,Yellow,#F4EE2A,35,5496,-42.0,-14.0,84.0,90,CONCEPT_NOT_FIT_VALIDATED
DUC-F-05525,p4-4x2,Yellow,#F4EE2A,35,5497,-34.0,-14.0,84.0,90,CONCEPT_NOT_FIT_VALIDATED
DUC-F-05526,p4-4x2,Yellow,#F4EE2A,35,5498,-26.0,-14.0,84.0,90,CONCEPT_NOT_FIT_VALIDATED
DUC-F-05527,p4-4x2,Yellow,#F4EE2A,35,5499,-18.0,-14.0,84.0,90,CONCEPT_NOT_FIT_VALIDATED
DUC-F-05528,p4-4x2,Yellow,#F4EE2A,35,5500,-10.0,-14.0,84.0,90,CONCEPT_NOT_FIT_VALIDATED
DUC-F-05529,p4-4x2,Yellow,#F4EE2A,35,5501,-2.0,-14.0,84.0,90,CONCEPT_NOT_FIT_VALIDATED
DUC-F-05530,p4-4x2,Yellow,#F4EE2A,35,5502,6.0,-14.0,84.0,90,CONCEPT_NOT_FIT_VALIDATED
DUC-F-05531,p4-4x2,Yellow,#F4EE2A,35,5503,14.0,-14.0,84.0,90,CONCEPT_NOT_FIT_VALIDATED
DUC-F-05532,p4-4x2,Yellow,#F4EE2A,35,5504,22.0,-14.0,84.0,90,CONCEPT_NOT_FIT_VALIDATED
DUC-F-05533,p4-4x2,Yellow,#F4EE2A,35,5505,30.0,-14.0,84.0,90,CONCEPT_NOT_FIT_VALIDATED
DUC-F-05534,p4-4x2,Yellow,#F4EE2A,35,5506,38.0,-14.0,84.0,90,CONCEPT_NOT_FIT_VALIDATED
DUC-F-05535,p4-4x2,Yellow,#F4EE2A,35,5507,46.0,-14.0,84.0,90,CONCEPT_NOT_FIT_VALIDATED
DUC-F-05536,p4-4x2,Yellow,#F4EE2A,35,5508,54.0,-14.0,84.0,90,CONCEPT_NOT_FIT_VALIDATED
DUC-F-05537,p4-4x1,Yellow,#F4EE2A,35,5509,60.0,-14.0,84.0,90,CONCEPT_NOT_FIT_VALIDATED
DUC-F-05538,p4-4x2,Yellow,#F4EE2A,35,5510,-58.0,2.0,84.0,90,CONCEPT_NOT_FIT_VALIDATED
DUC-F-05539,p4-4x2,Yellow,#F4EE2A,35,5511,-50.0,2.0,84.0,90,CONCEPT_NOT_FIT_VALIDATED
DUC-F-05540,p4-4x2,Yellow,#F4EE2A,35,5512,-42.0,2.0,84.0,90,CONCEPT_NOT_FIT_VALIDATED
DUC-F-05541,p4-4x2,Yellow,#F4EE2A,35,5513,-34.0,2.0,84.0,90,CONCEPT_NOT_FIT_VALIDATED
DUC-F-05542,p4-4x2,Yellow,#F4EE2A,35,5514,-26.0,2.0,84.0,90,CONCEPT_NOT_FIT_VALIDATED
DUC-F-05543,p4-4x2,Yellow,#F4EE2A,35,5515,-18.0,2.0,84.0,90,CONCEPT_NOT_FIT_VALIDATED
DUC-F-05544,p4-4x2,Yellow,#F4EE2A,35,5516,-10.0,2.0,84.0,90,CONCEPT_NOT_FIT_VALIDATED
DUC-F-05545,p4-4x2,Yellow,#F4EE2A,35,5517,-2.0,2.0,84.0,90,CONCEPT_NOT_FIT_VALIDATED
DUC-F-05546,p4-4x2,Yellow,#F4EE2A,35,5518,6.0,2.0,84.0,90,CONCEPT_NOT_FIT_VALIDATED
DUC-F-05547,p4-4x2,Yellow,#F4EE2A,35,5519,14.0,2.0,84.0,90,CONCEPT_NOT_FIT_VALIDATED
DUC-F-05548,p4-4x2,Yellow,#F4EE2A,35,5520,22.0,2.0,84.0,90,CONCEPT_NOT_FIT_VALIDATED
DUC-F-05549,p4-4x2,Yellow,#F4EE2A,35,5521,30.0,2.0,84.0,90,CONCEPT_NOT_FIT_VALIDATED
DUC-F-05550,p4-4x2,Yellow,#F4EE2A,35,5522,38.0,2.0,84.0,90,CONCEPT_NOT_FIT_VALIDATED
DUC-F-05551,p4-4x2,Yellow,#F4EE2A,35,5523,46.0,2.0,84.0,90,CONCEPT_NOT_FIT_VALIDATED
DUC-F-05552,p4-4x2,Yellow,#F4EE2A,35,5524,54.0,2.0,84.0,90,CONCEPT_NOT_FIT_VALIDATED
DUC-F-05553,p4-4x1,Yellow,#F4EE2A,35,5525,60.0,2.0,84.0,90,CONCEPT_NOT_FIT_VALIDATED
DUC-F-05554,p4-3x1,Yellow,#F4EE2A,35,5526,-56.0,16.0,84.0,90,CONCEPT_NOT_FIT_VALIDATED
DUC-F-05555,p4-4x2,Yellow,#F4EE2A,35,5527,-50.0,18.0,84.0,90,CONCEPT_NOT_FIT_VALIDATED
DUC-F-05556,p4-4x2,Yellow,#F4EE2A,35,5528,-42.0,18.0,84.0,90,CONCEPT_NOT_FIT_VALIDATED
DUC-F-05557,p4-4x2,Yellow,#F4EE2A,35,5529,-34.0,18.0,84.0,90,CONCEPT_NOT_FIT_VALIDATED
DUC-F-05558,p4-4x2,Yellow,#F4EE2A,35,5530,-26.0,18.0,84.0,90,CONCEPT_NOT_FIT_VALIDATED
DUC-F-05559,p4-4x2,Yellow,#F4EE2A,35,5531,-18.0,18.0,84.0,90,CONCEPT_NOT_FIT_VALIDATED
DUC-F-05560,p4-4x2,Yellow,#F4EE2A,35,5532,-10.0,18.0,84.0,90,CONCEPT_NOT_FIT_VALIDATED
DUC-F-05561,p4-4x2,Yellow,#F4EE2A,35,5533,-2.0,18.0,84.0,90,CONCEPT_NOT_FIT_VALIDATED
DUC-F-05562,p4-4x2,Yellow,#F4EE2A,35,5534,6.0,18.0,84.0,90,CONCEPT_NOT_FIT_VALIDATED
DUC-F-05563,p4-4x2,Yellow,#F4EE2A,35,5535,14.0,18.0,84.0,90,CONCEPT_NOT_FIT_VALIDATED
DUC-F-05564,p4-4x2,Yellow,#F4EE2A,35,5536,22.0,18.0,84.0,90,CONCEPT_NOT_FIT_VALIDATED
DUC-F-05565,p4-4x2,Yellow,#F4EE2A,35,5537,30.0,18.0,84.0,90,CONCEPT_NOT_FIT_VALIDATED
DUC-F-05566,p4-4x2,Yellow,#F4EE2A,35,5538,38.0,18.0,84.0,90,CONCEPT_NOT_FIT_VALIDATED
DUC-F-05567,p4-4x2,Yellow,#F4EE2A,35,5539,46.0,18.0,84.0,90,CONCEPT_NOT_FIT_VALIDATED
DUC-F-05568,p4-3x2,Yellow,#F4EE2A,35,5540,54.0,16.0,84.0,90,CONCEPT_NOT_FIT_VALIDATED
DUC-F-05569,p4-1x1,Yellow,#F4EE2A,35,5541,52.0,24.0,84.0,0,CONCEPT_NOT_FIT_VALIDATED
DUC-F-05570,p4-4x1,Yellow,#F4EE2A,35,5542,-64.0,34.0,84.0,90,CONCEPT_NOT_FIT_VALIDATED
DUC-F-05571,p4-4x2,Yellow,#F4EE2A,35,5543,-58.0,34.0,84.0,90,CONCEPT_NOT_FIT_VALIDATED
DUC-F-05572,p4-4x2,Yellow,#F4EE2A,35,5544,-50.0,34.0,84.0,90,CONCEPT_NOT_FIT_VALIDATED
DUC-F-05573,p4-4x2,Yellow,#F4EE2A,35,5545,-42.0,34.0,84.0,90,CONCEPT_NOT_FIT_VALIDATED
DUC-F-05574,p4-4x2,Yellow,#F4EE2A,35,5546,-34.0,34.0,84.0,90,CONCEPT_NOT_FIT_VALIDATED
DUC-F-05575,p4-4x2,Yellow,#F4EE2A,35,5547,-26.0,34.0,84.0,90,CONCEPT_NOT_FIT_VALIDATED
DUC-F-05576,p4-4x2,Yellow,#F4EE2A,35,5548,-18.0,34.0,84.0,90,CONCEPT_NOT_FIT_VALIDATED
DUC-F-05577,p4-4x2,Yellow,#F4EE2A,35,5549,-10.0,34.0,84.0,90,CONCEPT_NOT_FIT_VALIDATED
DUC-F-05578,p4-4x2,Yellow,#F4EE2A,35,5550,-2.0,34.0,84.0,90,CONCEPT_NOT_FIT_VALIDATED
DUC-F-05579,p4-4x2,Yellow,#F4EE2A,35,5551,6.0,34.0,84.0,90,CONCEPT_NOT_FIT_VALIDATED
DUC-F-05580,p4-4x2,Yellow,#F4EE2A,35,5552,14.0,34.0,84.0,90,CONCEPT_NOT_FIT_VALIDATED
DUC-F-05581,p4-4x2,Yellow,#F4EE2A,35,5553,22.0,34.0,84.0,90,CONCEPT_NOT_FIT_VALIDATED
DUC-F-05582,p4-4x2,Yellow,#F4EE2A,35,5554,30.0,34.0,84.0,90,CONCEPT_NOT_FIT_VALIDATED
DUC-F-05583,p4-4x2,Yellow,#F4EE2A,35,5555,38.0,34.0,84.0,90,CONCEPT_NOT_FIT_VALIDATED
DUC-F-05584,p4-4x2,Yellow,#F4EE2A,35,5556,46.0,34.0,84.0,90,CONCEPT_NOT_FIT_VALIDATED
DUC-F-05585,p4-4x2,Yellow,#F4EE2A,35,5557,54.0,34.0,84.0,90,CONCEPT_NOT_FIT_VALIDATED
DUC-F-05586,p4-4x2,Yellow,#F4EE2A,35,5558,62.0,34.0,84.0,90,CONCEPT_NOT_FIT_VALIDATED
DUC-F-05587,p4-2x1,Yellow,#F4EE2A,35,5559,-68.0,38.0,84.0,90,CONCEPT_NOT_FIT_VALIDATED
DUC-F-05588,p4-1x1,Yellow,#F4EE2A,35,5560,68.0,40.0,84.0,0,CONCEPT_NOT_FIT_VALIDATED
DUC-F-05589,p4-2x1,Yellow,#F4EE2A,35,5561,-66.0,44.0,84.0,0,CONCEPT_NOT_FIT_VALIDATED
DUC-F-05590,p4-4x2,Yellow,#F4EE2A,35,5562,-58.0,50.0,84.0,90,CONCEPT_NOT_FIT_VALIDATED
DUC-F-05591,p4-4x2,Yellow,#F4EE2A,35,5563,-50.0,50.0,84.0,90,CONCEPT_NOT_FIT_VALIDATED
DUC-F-05592,p4-4x2,Yellow,#F4EE2A,35,5564,-42.0,50.0,84.0,90,CONCEPT_NOT_FIT_VALIDATED
DUC-F-05593,p4-4x2,Yellow,#F4EE2A,35,5565,-34.0,50.0,84.0,90,CONCEPT_NOT_FIT_VALIDATED
DUC-F-05594,p4-4x2,Yellow,#F4EE2A,35,5566,-26.0,50.0,84.0,90,CONCEPT_NOT_FIT_VALIDATED
DUC-F-05595,p4-4x2,Yellow,#F4EE2A,35,5567,-18.0,50.0,84.0,90,CONCEPT_NOT_FIT_VALIDATED
DUC-F-05596,p4-4x2,Yellow,#F4EE2A,35,5568,-10.0,50.0,84.0,90,CONCEPT_NOT_FIT_VALIDATED
DUC-F-05597,p4-4x2,Yellow,#F4EE2A,35,5569,-2.0,50.0,84.0,90,CONCEPT_NOT_FIT_VALIDATED
DUC-F-05598,p4-4x2,Yellow,#F4EE2A,35,5570,6.0,50.0,84.0,90,CONCEPT_NOT_FIT_VALIDATED
DUC-F-05599,p4-4x2,Yellow,#F4EE2A,35,5571,14.0,50.0,84.0,90,CONCEPT_NOT_FIT_VALIDATED
DUC-F-05600,p4-4x2,Yellow,#F4EE2A,35,5572,22.0,50.0,84.0,90,CONCEPT_NOT_FIT_VALIDATED
DUC-F-05601,p4-4x2,Yellow,#F4EE2A,35,5573,30.0,50.0,84.0,90,CONCEPT_NOT_FIT_VALIDATED
DUC-F-05602,p4-4x2,Yellow,#F4EE2A,35,5574,38.0,50.0,84.0,90,CONCEPT_NOT_FIT_VALIDATED
DUC-F-05603,p4-4x2,Yellow,#F4EE2A,35,5575,46.0,50.0,84.0,90,CONCEPT_NOT_FIT_VALIDATED
DUC-F-05604,p4-4x2,Yellow,#F4EE2A,35,5576,54.0,50.0,84.0,90,CONCEPT_NOT_FIT_VALIDATED
DUC-F-05605,p4-4x2,Yellow,#F4EE2A,35,5577,62.0,50.0,84.0,90,CONCEPT_NOT_FIT_VALIDATED
DUC-F-05606,p4-1x1,Yellow,#F4EE2A,35,5578,68.0,44.0,84.0,0,CONCEPT_NOT_FIT_VALIDATED
DUC-F-05607,p4-3x1,Yellow,#F4EE2A,35,5579,-64.0,52.0,84.0,90,CONCEPT_NOT_FIT_VALIDATED
DUC-F-05608,p4-1x1,Yellow,#F4EE2A,35,5580,-64.0,60.0,84.0,0,CONCEPT_NOT_FIT_VALIDATED
DUC-F-05609,p4-4x2,Yellow,#F4EE2A,35,5581,-58.0,66.0,84.0,90,CONCEPT_NOT_FIT_VALIDATED
DUC-F-05610,p4-4x2,Yellow,#F4EE2A,35,5582,-50.0,66.0,84.0,90,CONCEPT_NOT_FIT_VALIDATED
DUC-F-05611,p4-4x2,Yellow,#F4EE2A,35,5583,-42.0,66.0,84.0,90,CONCEPT_NOT_FIT_VALIDATED
DUC-F-05612,p4-4x2,Yellow,#F4EE2A,35,5584,-34.0,66.0,84.0,90,CONCEPT_NOT_FIT_VALIDATED
DUC-F-05613,p4-4x2,Yellow,#F4EE2A,35,5585,-26.0,66.0,84.0,90,CONCEPT_NOT_FIT_VALIDATED
DUC-F-05614,p4-4x2,Yellow,#F4EE2A,35,5586,-18.0,66.0,84.0,90,CONCEPT_NOT_FIT_VALIDATED
DUC-F-05615,p4-4x2,Yellow,#F4EE2A,35,5587,-10.0,66.0,84.0,90,CONCEPT_NOT_FIT_VALIDATED
DUC-F-05616,p4-4x2,Yellow,#F4EE2A,35,5588,-2.0,66.0,84.0,90,CONCEPT_NOT_FIT_VALIDATED
DUC-F-05617,p4-4x2,Yellow,#F4EE2A,35,5589,6.0,66.0,84.0,90,CONCEPT_NOT_FIT_VALIDATED
DUC-F-05618,p4-4x2,Yellow,#F4EE2A,35,5590,14.0,66.0,84.0,90,CONCEPT_NOT_FIT_VALIDATED
DUC-F-05619,p4-4x2,Yellow,#F4EE2A,35,5591,22.0,66.0,84.0,90,CONCEPT_NOT_FIT_VALIDATED
DUC-F-05620,p4-4x2,Yellow,#F4EE2A,35,5592,30.0,66.0,84.0,90,CONCEPT_NOT_FIT_VALIDATED
DUC-F-05621,p4-4x2,Yellow,#F4EE2A,35,5593,38.0,66.0,84.0,90,CONCEPT_NOT_FIT_VALIDATED
DUC-F-05622,p4-4x2,Yellow,#F4EE2A,35,5594,46.0,66.0,84.0,90,CONCEPT_NOT_FIT_VALIDATED
DUC-F-05623,p4-4x2,Yellow,#F4EE2A,35,5595,54.0,66.0,84.0,90,CONCEPT_NOT_FIT_VALIDATED
DUC-F-05624,p4-4x1,Yellow,#F4EE2A,35,5596,60.0,66.0,84.0,90,CONCEPT_NOT_FIT_VALIDATED
DUC-F-05625,p4-1x1,Yellow,#F4EE2A,35,5597,64.0,60.0,84.0,0,CONCEPT_NOT_FIT_VALIDATED
DUC-F-05626,p4-2x1,Yellow,#F4EE2A,35,5598,-56.0,78.0,84.0,90,CONCEPT_NOT_FIT_VALIDATED
DUC-F-05627,p4-3x2,Yellow,#F4EE2A,35,5599,-50.0,80.0,84.0,90,CONCEPT_NOT_FIT_VALIDATED
DUC-F-05628,p4-3x2,Yellow,#F4EE2A,35,5600,-42.0,80.0,84.0,90,CONCEPT_NOT_FIT_VALIDATED
DUC-F-05629,p4-2x2,Yellow,#F4EE2A,35,5601,-34.0,78.0,84.0,0,CONCEPT_NOT_FIT_VALIDATED
DUC-F-05630,p4-4x2,Yellow,#F4EE2A,35,5602,-26.0,82.0,84.0,90,CONCEPT_NOT_FIT_VALIDATED
DUC-F-05631,p4-4x2,Yellow,#F4EE2A,35,5603,-18.0,82.0,84.0,90,CONCEPT_NOT_FIT_VALIDATED
DUC-F-05632,p4-4x2,Yellow,#F4EE2A,35,5604,-10.0,82.0,84.0,90,CONCEPT_NOT_FIT_VALIDATED
DUC-F-05633,p4-4x2,Yellow,#F4EE2A,35,5605,-2.0,82.0,84.0,90,CONCEPT_NOT_FIT_VALIDATED
DUC-F-05634,p4-4x2,Yellow,#F4EE2A,35,5606,6.0,82.0,84.0,90,CONCEPT_NOT_FIT_VALIDATED
DUC-F-05635,p4-4x2,Yellow,#F4EE2A,35,5607,14.0,82.0,84.0,90,CONCEPT_NOT_FIT_VALIDATED
DUC-F-05636,p4-4x2,Yellow,#F4EE2A,35,5608,22.0,82.0,84.0,90,CONCEPT_NOT_FIT_VALIDATED
DUC-F-05637,p4-3x2,Yellow,#F4EE2A,35,5609,30.0,80.0,84.0,90,CONCEPT_NOT_FIT_VALIDATED
DUC-F-05638,p4-2x2,Yellow,#F4EE2A,35,5610,38.0,78.0,84.0,0,CONCEPT_NOT_FIT_VALIDATED
DUC-F-05639,p4-3x2,Yellow,#F4EE2A,35,5611,46.0,80.0,84.0,90,CONCEPT_NOT_FIT_VALIDATED
DUC-F-05640,p4-2x2,Yellow,#F4EE2A,35,5612,54.0,78.0,84.0,0,CONCEPT_NOT_FIT_VALIDATED
DUC-F-05641,p4-2x1,Yellow,#F4EE2A,35,5613,-32.0,86.0,84.0,90,CONCEPT_NOT_FIT_VALIDATED
DUC-F-05642,p4-1x1,Yellow,#F4EE2A,35,5614,40.0,84.0,84.0,0,CONCEPT_NOT_FIT_VALIDATED
DUC-F-05643,p4-1x1,Yellow,#F4EE2A,35,5615,52.0,84.0,84.0,0,CONCEPT_NOT_FIT_VALIDATED
DUC-F-05644,p4-1x1,Yellow,#F4EE2A,35,5616,28.0,88.0,84.0,0,CONCEPT_NOT_FIT_VALIDATED
DUC-F-05645,p4-1x1,Yellow,#F4EE2A,35,5617,-24.0,92.0,84.0,0,CONCEPT_NOT_FIT_VALIDATED
DUC-F-05646,p4-2x2,Yellow,#F4EE2A,35,5618,-18.0,94.0,84.0,0,CONCEPT_NOT_FIT_VALIDATED
DUC-F-05647,p4-3x2,Yellow,#F4EE2A,35,5619,-10.0,96.0,84.0,90,CONCEPT_NOT_FIT_VALIDATED
DUC-F-05648,p4-4x2,Yellow,#F4EE2A,35,5620,-2.0,98.0,84.0,90,CONCEPT_NOT_FIT_VALIDATED
DUC-F-05649,p4-3x2,Yellow,#F4EE2A,35,5621,6.0,96.0,84.0,90,CONCEPT_NOT_FIT_VALIDATED
DUC-F-05650,p4-2x2,Yellow,#F4EE2A,35,5622,14.0,94.0,84.0,0,CONCEPT_NOT_FIT_VALIDATED
DUC-F-05651,p4-2x1,Yellow,#F4EE2A,35,5623,20.0,94.0,84.0,90,CONCEPT_NOT_FIT_VALIDATED
DUC-F-05652,p4-1x1,Yellow,#F4EE2A,35,5624,24.0,92.0,84.0,0,CONCEPT_NOT_FIT_VALIDATED
DUC-F-05653,p4-1x1,Yellow,#F4EE2A,35,5625,28.0,92.0,84.0,0,CONCEPT_NOT_FIT_VALIDATED
DUC-F-05654,p4-1x1,Yellow,#F4EE2A,35,5626,12.0,100.0,84.0,0,CONCEPT_NOT_FIT_VALIDATED
DUC-F-05655,p4-1x1,Yellow,#F4EE2A,35,5627,4.0,104.0,84.0,0,CONCEPT_NOT_FIT_VALIDATED
DUC-F-05656,p4-2x1,Yellow,#F4EE2A,36,5628,-62.0,36.0,86.4,0,CONCEPT_NOT_FIT_VALIDATED
DUC-F-05657,p4-2x2,Yellow,#F4EE2A,36,5629,-62.0,42.0,86.4,0,CONCEPT_NOT_FIT_VALIDATED
DUC-F-05658,p4-2x2,Yellow,#F4EE2A,36,5630,-62.0,50.0,86.4,0,CONCEPT_NOT_FIT_VALIDATED
DUC-F-05659,p4-2x1,Yellow,#F4EE2A,36,5631,-62.0,56.0,86.4,0,CONCEPT_NOT_FIT_VALIDATED
DUC-F-05660,p4-2x1,Yellow,#F4EE2A,36,5632,-60.0,-30.0,86.4,90,CONCEPT_NOT_FIT_VALIDATED
DUC-F-05661,p4-2x1,Yellow,#F4EE2A,36,5633,-60.0,-22.0,86.4,90,CONCEPT_NOT_FIT_VALIDATED
DUC-F-05662,p4-2x1,Yellow,#F4EE2A,36,5634,-60.0,-14.0,86.4,90,CONCEPT_NOT_FIT_VALIDATED
DUC-F-05663,p4-2x1,Yellow,#F4EE2A,36,5635,-60.0,-6.0,86.4,90,CONCEPT_NOT_FIT_VALIDATED
DUC-F-05664,p4-2x1,Yellow,#F4EE2A,36,5636,-60.0,2.0,86.4,90,CONCEPT_NOT_FIT_VALIDATED
DUC-F-05665,p4-1x1,Yellow,#F4EE2A,36,5637,-60.0,8.0,86.4,0,CONCEPT_NOT_FIT_VALIDATED
DUC-F-05666,p4-1x1,Yellow,#F4EE2A,36,5638,-60.0,32.0,86.4,0,CONCEPT_NOT_FIT_VALIDATED
DUC-F-05667,p4-1x1,Yellow,#F4EE2A,36,5639,-60.0,60.0,86.4,0,CONCEPT_NOT_FIT_VALIDATED
DUC-F-05668,p4-2x1,Yellow,#F4EE2A,36,5640,-60.0,66.0,86.4,90,CONCEPT_NOT_FIT_VALIDATED
DUC-F-05669,p4-4x2,Yellow,#F4EE2A,36,5641,-50.0,-38.0,86.4,0,CONCEPT_NOT_FIT_VALIDATED
DUC-F-05670,p4-4x2,Yellow,#F4EE2A,36,5642,-50.0,-30.0,86.4,0,CONCEPT_NOT_FIT_VALIDATED
DUC-F-05671,p4-4x2,Yellow,#F4EE2A,36,5643,-50.0,-22.0,86.4,0,CONCEPT_NOT_FIT_VALIDATED
DUC-F-05672,p4-4x2,Yellow,#F4EE2A,36,5644,-50.0,-14.0,86.4,0,CONCEPT_NOT_FIT_VALIDATED
DUC-F-05673,p4-4x2,Yellow,#F4EE2A,36,5645,-50.0,-6.0,86.4,0,CONCEPT_NOT_FIT_VALIDATED
DUC-F-05674,p4-4x2,Yellow,#F4EE2A,36,5646,-50.0,2.0,86.4,0,CONCEPT_NOT_FIT_VALIDATED
DUC-F-05675,p4-4x2,Yellow,#F4EE2A,36,5647,-50.0,10.0,86.4,0,CONCEPT_NOT_FIT_VALIDATED
DUC-F-05676,p4-4x2,Yellow,#F4EE2A,36,5648,-50.0,18.0,86.4,0,CONCEPT_NOT_FIT_VALIDATED
DUC-F-05677,p4-4x2,Yellow,#F4EE2A,36,5649,-50.0,34.0,86.4,0,CONCEPT_NOT_FIT_VALIDATED
DUC-F-05678,p4-4x2,Yellow,#F4EE2A,36,5650,-50.0,42.0,86.4,0,CONCEPT_NOT_FIT_VALIDATED
DUC-F-05679,p4-4x2,Yellow,#F4EE2A,36,5651,-50.0,50.0,86.4,0,CONCEPT_NOT_FIT_VALIDATED
DUC-F-05680,p4-4x2,Yellow,#F4EE2A,36,5652,-50.0,58.0,86.4,0,CONCEPT_NOT_FIT_VALIDATED
DUC-F-05681,p4-4x2,Yellow,#F4EE2A,36,5653,-50.0,66.0,86.4,0,CONCEPT_NOT_FIT_VALIDATED
DUC-F-05682,p4-4x2,Yellow,#F4EE2A,36,5654,-50.0,74.0,86.4,0,CONCEPT_NOT_FIT_VALIDATED
DUC-F-05683,p4-4x1,Yellow,#F4EE2A,36,5655,-50.0,80.0,86.4,0,CONCEPT_NOT_FIT_VALIDATED
DUC-F-05684,p4-3x1,Yellow,#F4EE2A,36,5656,-48.0,-44.0,86.4,0,CONCEPT_NOT_FIT_VALIDATED
DUC-F-05685,p4-3x2,Yellow,#F4EE2A,36,5657,-48.0,26.0,86.4,0,CONCEPT_NOT_FIT_VALIDATED
DUC-F-05686,p4-3x1,Yellow,#F4EE2A,36,5658,-48.0,84.0,86.4,0,CONCEPT_NOT_FIT_VALIDATED
DUC-F-05687,p4-2x1,Yellow,#F4EE2A,36,5659,-46.0,-48.0,86.4,0,CONCEPT_NOT_FIT_VALIDATED
DUC-F-05688,p4-1x1,Yellow,#F4EE2A,36,5660,-44.0,-52.0,86.4,0,CONCEPT_NOT_FIT_VALIDATED
DUC-F-05689,p4-4x2,Yellow,#F4EE2A,36,5661,-34.0,-54.0,86.4,0,CONCEPT_NOT_FIT_VALIDATED
DUC-F-05484,p4-1x1,Yellow,#F4EE2A,35,5662,-40.0,-56.0,84.0,0,CONCEPT_NOT_FIT_VALIDATED
DUC-F-05690,p4-4x2,Yellow,#F4EE2A,36,5663,-34.0,-46.0,86.4,0,CONCEPT_NOT_FIT_VALIDATED
DUC-F-05691,p4-4x2,Yellow,#F4EE2A,36,5664,-34.0,-38.0,86.4,0,CONCEPT_NOT_FIT_VALIDATED
DUC-F-05692,p4-4x2,Yellow,#F4EE2A,36,5665,-34.0,-30.0,86.4,0,CONCEPT_NOT_FIT_VALIDATED
DUC-F-05693,p4-4x2,Yellow,#F4EE2A,36,5666,-34.0,-22.0,86.4,0,CONCEPT_NOT_FIT_VALIDATED
DUC-F-05694,p4-4x2,Yellow,#F4EE2A,36,5667,-34.0,-14.0,86.4,0,CONCEPT_NOT_FIT_VALIDATED
DUC-F-05695,p4-4x2,Yellow,#F4EE2A,36,5668,-34.0,-6.0,86.4,0,CONCEPT_NOT_FIT_VALIDATED
DUC-F-05696,p4-4x2,Yellow,#F4EE2A,36,5669,-34.0,2.0,86.4,0,CONCEPT_NOT_FIT_VALIDATED
DUC-F-05697,p4-4x2,Yellow,#F4EE2A,36,5670,-34.0,10.0,86.4,0,CONCEPT_NOT_FIT_VALIDATED
DUC-F-05698,p4-4x2,Yellow,#F4EE2A,36,5671,-34.0,18.0,86.4,0,CONCEPT_NOT_FIT_VALIDATED
DUC-F-05699,p4-4x2,Yellow,#F4EE2A,36,5672,-34.0,26.0,86.4,0,CONCEPT_NOT_FIT_VALIDATED
DUC-F-05700,p4-4x2,Yellow,#F4EE2A,36,5673,-34.0,34.0,86.4,0,CONCEPT_NOT_FIT_VALIDATED
DUC-F-05701,p4-4x2,Yellow,#F4EE2A,36,5674,-34.0,42.0,86.4,0,CONCEPT_NOT_FIT_VALIDATED
DUC-F-05702,p4-4x2,Yellow,#F4EE2A,36,5675,-34.0,50.0,86.4,0,CONCEPT_NOT_FIT_VALIDATED
DUC-F-05703,p4-4x2,Yellow,#F4EE2A,36,5676,-34.0,58.0,86.4,0,CONCEPT_NOT_FIT_VALIDATED
DUC-F-05704,p4-4x2,Yellow,#F4EE2A,36,5677,-34.0,66.0,86.4,0,CONCEPT_NOT_FIT_VALIDATED
DUC-F-05705,p4-4x2,Yellow,#F4EE2A,36,5678,-34.0,74.0,86.4,0,CONCEPT_NOT_FIT_VALIDATED
DUC-F-05706,p4-4x1,Yellow,#F4EE2A,36,5679,-34.0,80.0,86.4,0,CONCEPT_NOT_FIT_VALIDATED
DUC-F-05707,p4-1x1,Yellow,#F4EE2A,36,5680,-40.0,84.0,86.4,0,CONCEPT_NOT_FIT_VALIDATED
DUC-F-05711,p4-1x1,Yellow,#F4EE2A,36,5681,-28.0,84.0,86.4,0,CONCEPT_NOT_FIT_VALIDATED
DUC-F-05712,p4-2x1,Pumpkin orange,#FF9016,36,5682,-24.0,-78.0,86.4,90,CONCEPT_NOT_FIT_VALIDATED
DUC-F-05713,p4-1x1,Pumpkin orange,#FF9016,36,5683,-24.0,-72.0,86.4,0,CONCEPT_NOT_FIT_VALIDATED
DUC-F-05714,p4-4x1,Yellow,#F4EE2A,36,5684,-18.0,-68.0,86.4,0,CONCEPT_NOT_FIT_VALIDATED
DUC-F-05715,p4-4x2,Yellow,#F4EE2A,36,5685,-18.0,-62.0,86.4,0,CONCEPT_NOT_FIT_VALIDATED
DUC-F-05716,p4-4x2,Yellow,#F4EE2A,36,5686,-18.0,-54.0,86.4,0,CONCEPT_NOT_FIT_VALIDATED
DUC-F-05717,p4-4x2,Yellow,#F4EE2A,36,5687,-18.0,-46.0,86.4,0,CONCEPT_NOT_FIT_VALIDATED
DUC-F-05718,p4-4x2,Yellow,#F4EE2A,36,5688,-18.0,-38.0,86.4,0,CONCEPT_NOT_FIT_VALIDATED
DUC-F-05719,p4-4x2,Yellow,#F4EE2A,36,5689,-18.0,-30.0,86.4,0,CONCEPT_NOT_FIT_VALIDATED
DUC-F-05720,p4-4x2,Yellow,#F4EE2A,36,5690,-18.0,-22.0,86.4,0,CONCEPT_NOT_FIT_VALIDATED
DUC-F-05721,p4-4x2,Yellow,#F4EE2A,36,5691,-18.0,-14.0,86.4,0,CONCEPT_NOT_FIT_VALIDATED
DUC-F-05722,p4-4x2,Yellow,#F4EE2A,36,5692,-18.0,-6.0,86.4,0,CONCEPT_NOT_FIT_VALIDATED
DUC-F-05723,p4-4x2,Yellow,#F4EE2A,36,5693,-18.0,2.0,86.4,0,CONCEPT_NOT_FIT_VALIDATED
DUC-F-05724,p4-4x2,Yellow,#F4EE2A,36,5694,-18.0,10.0,86.4,0,CONCEPT_NOT_FIT_VALIDATED
DUC-F-05725,p4-4x2,Yellow,#F4EE2A,36,5695,-18.0,18.0,86.4,0,CONCEPT_NOT_FIT_VALIDATED
DUC-F-05726,p4-4x2,Yellow,#F4EE2A,36,5696,-18.0,26.0,86.4,0,CONCEPT_NOT_FIT_VALIDATED
DUC-F-05727,p4-4x2,Yellow,#F4EE2A,36,5697,-18.0,34.0,86.4,0,CONCEPT_NOT_FIT_VALIDATED
DUC-F-05728,p4-4x2,Yellow,#F4EE2A,36,5698,-18.0,42.0,86.4,0,CONCEPT_NOT_FIT_VALIDATED
DUC-F-05729,p4-4x2,Yellow,#F4EE2A,36,5699,-18.0,50.0,86.4,0,CONCEPT_NOT_FIT_VALIDATED
DUC-F-05730,p4-4x2,Yellow,#F4EE2A,36,5700,-18.0,58.0,86.4,0,CONCEPT_NOT_FIT_VALIDATED
DUC-F-05731,p4-4x2,Yellow,#F4EE2A,36,5701,-18.0,66.0,86.4,0,CONCEPT_NOT_FIT_VALIDATED
DUC-F-05732,p4-4x2,Yellow,#F4EE2A,36,5702,-18.0,74.0,86.4,0,CONCEPT_NOT_FIT_VALIDATED
DUC-F-05733,p4-4x2,Yellow,#F4EE2A,36,5703,-18.0,82.0,86.4,0,CONCEPT_NOT_FIT_VALIDATED
DUC-F-05734,p4-4x1,Yellow,#F4EE2A,36,5704,-18.0,88.0,86.4,0,CONCEPT_NOT_FIT_VALIDATED
DUC-F-05735,p4-1x1,Pumpkin orange,#FF9016,36,5705,-20.0,-92.0,86.4,0,CONCEPT_NOT_FIT_VALIDATED
DUC-F-05736,p4-2x1,Pumpkin orange,#FF9016,36,5706,-20.0,-86.0,86.4,90,CONCEPT_NOT_FIT_VALIDATED
DUC-F-05462,p4-1x1,Pumpkin orange,#FF9016,35,5707,-20.0,-84.0,84.0,0,CONCEPT_NOT_FIT_VALIDATED
DUC-F-05300,p4-1x1,Pumpkin orange,#FF9016,34,5708,-20.0,-84.0,81.6,0,CONCEPT_NOT_FIT_VALIDATED
DUC-F-05035,p4-1x1,Pumpkin orange,#FF9016,33,5709,-20.0,-84.0,79.2,0,CONCEPT_NOT_FIT_VALIDATED
DUC-F-05737,p4-3x2,Yellow,#F4EE2A,36,5710,-16.0,-78.0,86.4,0,CONCEPT_NOT_FIT_VALIDATED
DUC-F-05738,p4-3x1,Yellow,#F4EE2A,36,5711,-16.0,-72.0,86.4,0,CONCEPT_NOT_FIT_VALIDATED
DUC-F-05739,p4-3x1,Yellow,#F4EE2A,36,5712,-16.0,92.0,86.4,0,CONCEPT_NOT_FIT_VALIDATED
DUC-F-05741,p4-1x1,Pumpkin orange,#FF9016,36,5713,-16.0,-96.0,86.4,0,CONCEPT_NOT_FIT_VALIDATED
DUC-F-05742,p4-2x1,Yellow,#F4EE2A,36,5714,-14.0,-92.0,86.4,0,CONCEPT_NOT_FIT_VALIDATED
DUC-F-05743,p4-2x2,Yellow,#F4EE2A,36,5715,-14.0,-86.0,86.4,0,CONCEPT_NOT_FIT_VALIDATED
DUC-F-05746,p4-1x1,Yellow,#F4EE2A,36,5716,-12.0,-96.0,86.4,0,CONCEPT_NOT_FIT_VALIDATED
DUC-F-05747,p4-1x1,Yellow,#F4EE2A,36,5717,-12.0,96.0,86.4,0,CONCEPT_NOT_FIT_VALIDATED
DUC-F-05750,p4-4x2,Yellow,#F4EE2A,36,5718,-2.0,-94.0,86.4,0,CONCEPT_NOT_FIT_VALIDATED
DUC-F-05449,p4-2x1,Pumpkin orange,#FF9016,35,5719,-4.0,-98.0,84.0,90,CONCEPT_NOT_FIT_VALIDATED
DUC-F-05450,p4-2x2,Pumpkin orange,#FF9016,35,5720,6.0,-98.0,84.0,0,CONCEPT_NOT_FIT_VALIDATED
DUC-F-05455,p4-1x1,Pumpkin orange,#FF9016,35,5721,-8.0,-96.0,84.0,0,CONCEPT_NOT_FIT_VALIDATED
DUC-F-05456,p4-1x1,Pumpkin orange,#FF9016,35,5722,0.0,-96.0,84.0,0,CONCEPT_NOT_FIT_VALIDATED
DUC-F-05749,p4-2x1,Yellow,#F4EE2A,36,5723,-6.0,-100.0,86.4,0,CONCEPT_NOT_FIT_VALIDATED
DUC-F-05448,p4-2x1,Pumpkin orange,#FF9016,35,5724,-10.0,-100.0,84.0,0,CONCEPT_NOT_FIT_VALIDATED
DUC-F-05745,p4-1x1,Yellow,#F4EE2A,36,5725,-12.0,-100.0,86.4,0,CONCEPT_NOT_FIT_VALIDATED
DUC-F-05751,p4-4x2,Yellow,#F4EE2A,36,5726,-2.0,-86.0,86.4,0,CONCEPT_NOT_FIT_VALIDATED
DUC-F-05752,p4-4x2,Yellow,#F4EE2A,36,5727,-2.0,-78.0,86.4,0,CONCEPT_NOT_FIT_VALIDATED
DUC-F-05753,p4-4x2,Yellow,#F4EE2A,36,5728,-2.0,-70.0,86.4,0,CONCEPT_NOT_FIT_VALIDATED
DUC-F-05754,p4-4x2,Yellow,#F4EE2A,36,5729,-2.0,-62.0,86.4,0,CONCEPT_NOT_FIT_VALIDATED
DUC-F-05755,p4-4x2,Yellow,#F4EE2A,36,5730,-2.0,-54.0,86.4,0,CONCEPT_NOT_FIT_VALIDATED
DUC-F-05756,p4-4x2,Yellow,#F4EE2A,36,5731,-2.0,-46.0,86.4,0,CONCEPT_NOT_FIT_VALIDATED
DUC-F-05757,p4-4x2,Yellow,#F4EE2A,36,5732,-2.0,-38.0,86.4,0,CONCEPT_NOT_FIT_VALIDATED
DUC-F-05758,p4-4x2,Yellow,#F4EE2A,36,5733,-2.0,-30.0,86.4,0,CONCEPT_NOT_FIT_VALIDATED
DUC-F-05759,p4-4x2,Yellow,#F4EE2A,36,5734,-2.0,-22.0,86.4,0,CONCEPT_NOT_FIT_VALIDATED
DUC-F-05760,p4-4x2,Yellow,#F4EE2A,36,5735,-2.0,-14.0,86.4,0,CONCEPT_NOT_FIT_VALIDATED
DUC-F-05761,p4-4x2,Yellow,#F4EE2A,36,5736,-2.0,-6.0,86.4,0,CONCEPT_NOT_FIT_VALIDATED
DUC-F-05762,p4-4x2,Yellow,#F4EE2A,36,5737,-2.0,2.0,86.4,0,CONCEPT_NOT_FIT_VALIDATED
DUC-F-05763,p4-4x2,Yellow,#F4EE2A,36,5738,-2.0,10.0,86.4,0,CONCEPT_NOT_FIT_VALIDATED
DUC-F-05764,p4-4x2,Yellow,#F4EE2A,36,5739,-2.0,18.0,86.4,0,CONCEPT_NOT_FIT_VALIDATED
DUC-F-05765,p4-4x2,Yellow,#F4EE2A,36,5740,-2.0,26.0,86.4,0,CONCEPT_NOT_FIT_VALIDATED
DUC-F-05766,p4-4x2,Yellow,#F4EE2A,36,5741,-2.0,34.0,86.4,0,CONCEPT_NOT_FIT_VALIDATED
DUC-F-05767,p4-4x2,Yellow,#F4EE2A,36,5742,-2.0,42.0,86.4,0,CONCEPT_NOT_FIT_VALIDATED
DUC-F-05768,p4-4x2,Yellow,#F4EE2A,36,5743,-2.0,50.0,86.4,0,CONCEPT_NOT_FIT_VALIDATED
DUC-F-05769,p4-4x2,Yellow,#F4EE2A,36,5744,-2.0,58.0,86.4,0,CONCEPT_NOT_FIT_VALIDATED
DUC-F-05770,p4-4x2,Yellow,#F4EE2A,36,5745,-2.0,66.0,86.4,0,CONCEPT_NOT_FIT_VALIDATED
DUC-F-05771,p4-4x2,Yellow,#F4EE2A,36,5746,-2.0,74.0,86.4,0,CONCEPT_NOT_FIT_VALIDATED
DUC-F-05772,p4-4x2,Yellow,#F4EE2A,36,5747,-2.0,82.0,86.4,0,CONCEPT_NOT_FIT_VALIDATED
DUC-F-05773,p4-4x2,Yellow,#F4EE2A,36,5748,-2.0,90.0,86.4,0,CONCEPT_NOT_FIT_VALIDATED
DUC-F-05774,p4-4x1,Yellow,#F4EE2A,36,5749,-2.0,96.0,86.4,0,CONCEPT_NOT_FIT_VALIDATED
DUC-F-05775,p4-3x1,Yellow,#F4EE2A,36,5750,0.0,100.0,86.4,0,CONCEPT_NOT_FIT_VALIDATED
DUC-F-05777,p4-1x1,Yellow,#F4EE2A,36,5751,4.0,-100.0,86.4,0,CONCEPT_NOT_FIT_VALIDATED
DUC-F-05779,p4-2x1,Yellow,#F4EE2A,36,5752,10.0,-100.0,86.4,0,CONCEPT_NOT_FIT_VALIDATED
DUC-F-05451,p4-2x1,Pumpkin orange,#FF9016,35,5753,14.0,-100.0,84.0,0,CONCEPT_NOT_FIT_VALIDATED
DUC-F-05780,p4-2x2,Yellow,#F4EE2A,36,5754,10.0,-94.0,86.4,0,CONCEPT_NOT_FIT_VALIDATED
DUC-F-05457,p4-3x2,Yellow,#F4EE2A,35,5755,14.0,-92.0,84.0,90,CONCEPT_NOT_FIT_VALIDATED
DUC-F-05355,p4-2x1,Pumpkin orange,#FF9016,34,5756,14.0,-96.0,81.6,0,CONCEPT_NOT_FIT_VALIDATED
DUC-F-05356,p4-3x1,Pumpkin orange,#FF9016,34,5757,16.0,-92.0,81.6,0,CONCEPT_NOT_FIT_VALIDATED
DUC-F-05357,p4-1x1,Yellow,#F4EE2A,34,5758,12.0,-88.0,81.6,0,CONCEPT_NOT_FIT_VALIDATED
DUC-F-05034,p4-1x1,Pumpkin orange,#FF9016,33,5759,12.0,-88.0,79.2,0,CONCEPT_NOT_FIT_VALIDATED
DUC-F-05383,p4-2x1,Pumpkin orange,#FF9016,34,5760,18.0,-88.0,81.6,0,CONCEPT_NOT_FIT_VALIDATED
DUC-F-05458,p4-3x1,Pumpkin orange,#FF9016,35,5761,20.0,-92.0,84.0,90,CONCEPT_NOT_FIT_VALIDATED
DUC-F-05781,p4-3x2,Yellow,#F4EE2A,36,5762,12.0,-86.0,86.4,0,CONCEPT_NOT_FIT_VALIDATED
DUC-F-05782,p4-4x2,Yellow,#F4EE2A,36,5763,14.0,-78.0,86.4,0,CONCEPT_NOT_FIT_VALIDATED
DUC-F-05783,p4-4x2,Yellow,#F4EE2A,36,5764,14.0,-70.0,86.4,0,CONCEPT_NOT_FIT_VALIDATED
DUC-F-05784,p4-4x2,Yellow,#F4EE2A,36,5765,14.0,-62.0,86.4,0,CONCEPT_NOT_FIT_VALIDATED
DUC-F-05785,p4-4x2,Yellow,#F4EE2A,36,5766,14.0,-54.0,86.4,0,CONCEPT_NOT_FIT_VALIDATED
DUC-F-05786,p4-4x2,Yellow,#F4EE2A,36,5767,14.0,-46.0,86.4,0,CONCEPT_NOT_FIT_VALIDATED
DUC-F-05787,p4-4x2,Yellow,#F4EE2A,36,5768,14.0,-38.0,86.4,0,CONCEPT_NOT_FIT_VALIDATED
DUC-F-05788,p4-4x2,Yellow,#F4EE2A,36,5769,14.0,-30.0,86.4,0,CONCEPT_NOT_FIT_VALIDATED
DUC-F-05789,p4-4x2,Yellow,#F4EE2A,36,5770,14.0,-22.0,86.4,0,CONCEPT_NOT_FIT_VALIDATED
DUC-F-05790,p4-4x2,Yellow,#F4EE2A,36,5771,14.0,-14.0,86.4,0,CONCEPT_NOT_FIT_VALIDATED
DUC-F-05791,p4-4x2,Yellow,#F4EE2A,36,5772,14.0,-6.0,86.4,0,CONCEPT_NOT_FIT_VALIDATED
DUC-F-05792,p4-4x2,Yellow,#F4EE2A,36,5773,14.0,2.0,86.4,0,CONCEPT_NOT_FIT_VALIDATED
DUC-F-05793,p4-4x2,Yellow,#F4EE2A,36,5774,14.0,10.0,86.4,0,CONCEPT_NOT_FIT_VALIDATED
DUC-F-05794,p4-4x2,Yellow,#F4EE2A,36,5775,14.0,18.0,86.4,0,CONCEPT_NOT_FIT_VALIDATED
DUC-F-05795,p4-4x2,Yellow,#F4EE2A,36,5776,14.0,26.0,86.4,0,CONCEPT_NOT_FIT_VALIDATED
DUC-F-05796,p4-4x2,Yellow,#F4EE2A,36,5777,14.0,34.0,86.4,0,CONCEPT_NOT_FIT_VALIDATED
DUC-F-05797,p4-4x2,Yellow,#F4EE2A,36,5778,14.0,42.0,86.4,0,CONCEPT_NOT_FIT_VALIDATED
DUC-F-05798,p4-4x2,Yellow,#F4EE2A,36,5779,14.0,50.0,86.4,0,CONCEPT_NOT_FIT_VALIDATED
DUC-F-05799,p4-4x2,Yellow,#F4EE2A,36,5780,14.0,58.0,86.4,0,CONCEPT_NOT_FIT_VALIDATED
DUC-F-05800,p4-4x2,Yellow,#F4EE2A,36,5781,14.0,66.0,86.4,0,CONCEPT_NOT_FIT_VALIDATED
DUC-F-05801,p4-4x2,Yellow,#F4EE2A,36,5782,14.0,74.0,86.4,0,CONCEPT_NOT_FIT_VALIDATED
DUC-F-05802,p4-4x2,Yellow,#F4EE2A,36,5783,14.0,82.0,86.4,0,CONCEPT_NOT_FIT_VALIDATED
DUC-F-05803,p4-3x2,Yellow,#F4EE2A,36,5784,12.0,90.0,86.4,0,CONCEPT_NOT_FIT_VALIDATED
DUC-F-05804,p4-2x1,Yellow,#F4EE2A,36,5785,10.0,96.0,86.4,0,CONCEPT_NOT_FIT_VALIDATED
DUC-F-05805,p4-1x1,Pumpkin orange,#FF9016,36,5786,16.0,-100.0,86.4,0,CONCEPT_NOT_FIT_VALIDATED
DUC-F-05806,p4-1x1,Pumpkin orange,#FF9016,36,5787,16.0,-96.0,86.4,0,CONCEPT_NOT_FIT_VALIDATED
DUC-F-05807,p4-1x1,Yellow,#F4EE2A,36,5788,16.0,-92.0,86.4,0,CONCEPT_NOT_FIT_VALIDATED
DUC-F-05808,p4-1x1,Pumpkin orange,#FF9016,36,5789,20.0,-92.0,86.4,0,CONCEPT_NOT_FIT_VALIDATED
DUC-F-05809,p4-2x1,Pumpkin orange,#FF9016,36,5790,20.0,-86.0,86.4,90,CONCEPT_NOT_FIT_VALIDATED
DUC-F-05810,p4-1x1,Yellow,#F4EE2A,36,5791,20.0,88.0,86.4,0,CONCEPT_NOT_FIT_VALIDATED
DUC-F-05811,p4-2x1,Pumpkin orange,#FF9016,36,5792,24.0,-78.0,86.4,90,CONCEPT_NOT_FIT_VALIDATED
DUC-F-05812,p4-1x1,Pumpkin orange,#FF9016,36,5793,24.0,-72.0,86.4,0,CONCEPT_NOT_FIT_VALIDATED
DUC-F-05813,p4-1x1,Yellow,#F4EE2A,36,5794,24.0,-68.0,86.4,0,CONCEPT_NOT_FIT_VALIDATED
DUC-F-05814,p4-2x1,Yellow,#F4EE2A,36,5795,24.0,-62.0,86.4,90,CONCEPT_NOT_FIT_VALIDATED
DUC-F-05815,p4-4x2,Yellow,#F4EE2A,36,5796,30.0,-54.0,86.4,0,CONCEPT_NOT_FIT_VALIDATED
DUC-F-05816,p4-4x2,Yellow,#F4EE2A,36,5797,30.0,-46.0,86.4,0,CONCEPT_NOT_FIT_VALIDATED
DUC-F-05817,p4-4x2,Yellow,#F4EE2A,36,5798,30.0,-38.0,86.4,0,CONCEPT_NOT_FIT_VALIDATED
DUC-F-05818,p4-4x2,Yellow,#F4EE2A,36,5799,30.0,-30.0,86.4,0,CONCEPT_NOT_FIT_VALIDATED
DUC-F-05819,p4-4x2,Yellow,#F4EE2A,36,5800,30.0,-22.0,86.4,0,CONCEPT_NOT_FIT_VALIDATED
DUC-F-05820,p4-4x2,Yellow,#F4EE2A,36,5801,30.0,-14.0,86.4,0,CONCEPT_NOT_FIT_VALIDATED
DUC-F-05821,p4-4x2,Yellow,#F4EE2A,36,5802,30.0,-6.0,86.4,0,CONCEPT_NOT_FIT_VALIDATED
DUC-F-05822,p4-4x2,Yellow,#F4EE2A,36,5803,30.0,2.0,86.4,0,CONCEPT_NOT_FIT_VALIDATED
DUC-F-05823,p4-4x2,Yellow,#F4EE2A,36,5804,30.0,10.0,86.4,0,CONCEPT_NOT_FIT_VALIDATED
DUC-F-05824,p4-4x2,Yellow,#F4EE2A,36,5805,30.0,18.0,86.4,0,CONCEPT_NOT_FIT_VALIDATED
DUC-F-05825,p4-4x2,Yellow,#F4EE2A,36,5806,30.0,26.0,86.4,0,CONCEPT_NOT_FIT_VALIDATED
DUC-F-05826,p4-4x2,Yellow,#F4EE2A,36,5807,30.0,34.0,86.4,0,CONCEPT_NOT_FIT_VALIDATED
DUC-F-05827,p4-4x2,Yellow,#F4EE2A,36,5808,30.0,42.0,86.4,0,CONCEPT_NOT_FIT_VALIDATED
DUC-F-05828,p4-4x2,Yellow,#F4EE2A,36,5809,30.0,50.0,86.4,0,CONCEPT_NOT_FIT_VALIDATED
DUC-F-05829,p4-4x2,Yellow,#F4EE2A,36,5810,30.0,58.0,86.4,0,CONCEPT_NOT_FIT_VALIDATED
DUC-F-05830,p4-4x2,Yellow,#F4EE2A,36,5811,30.0,66.0,86.4,0,CONCEPT_NOT_FIT_VALIDATED
DUC-F-05831,p4-4x2,Yellow,#F4EE2A,36,5812,30.0,74.0,86.4,0,CONCEPT_NOT_FIT_VALIDATED
DUC-F-05832,p4-4x1,Yellow,#F4EE2A,36,5813,30.0,80.0,86.4,0,CONCEPT_NOT_FIT_VALIDATED
DUC-F-05833,p4-2x1,Yellow,#F4EE2A,36,5814,26.0,84.0,86.4,0,CONCEPT_NOT_FIT_VALIDATED
DUC-F-05834,p4-1x1,Yellow,#F4EE2A,36,5815,24.0,88.0,86.4,0,CONCEPT_NOT_FIT_VALIDATED
DUC-F-05838,p4-2x1,Yellow,#F4EE2A,36,5816,40.0,-54.0,86.4,90,CONCEPT_NOT_FIT_VALIDATED
DUC-F-05839,p4-3x2,Yellow,#F4EE2A,36,5817,44.0,-46.0,86.4,0,CONCEPT_NOT_FIT_VALIDATED
DUC-F-05840,p4-4x2,Yellow,#F4EE2A,36,5818,46.0,-38.0,86.4,0,CONCEPT_NOT_FIT_VALIDATED
DUC-F-05841,p4-4x2,Yellow,#F4EE2A,36,5819,46.0,-30.0,86.4,0,CONCEPT_NOT_FIT_VALIDATED
DUC-F-05842,p4-4x2,Yellow,#F4EE2A,36,5820,46.0,-22.0,86.4,0,CONCEPT_NOT_FIT_VALIDATED
DUC-F-05843,p4-4x2,Yellow,#F4EE2A,36,5821,46.0,-14.0,86.4,0,CONCEPT_NOT_FIT_VALIDATED
DUC-F-05844,p4-4x2,Yellow,#F4EE2A,36,5822,46.0,-6.0,86.4,0,CONCEPT_NOT_FIT_VALIDATED
DUC-F-05845,p4-4x2,Yellow,#F4EE2A,36,5823,46.0,2.0,86.4,0,CONCEPT_NOT_FIT_VALIDATED
DUC-F-05846,p4-4x2,Yellow,#F4EE2A,36,5824,46.0,10.0,86.4,0,CONCEPT_NOT_FIT_VALIDATED
DUC-F-05847,p4-4x2,Yellow,#F4EE2A,36,5825,46.0,18.0,86.4,0,CONCEPT_NOT_FIT_VALIDATED
DUC-F-05848,p4-4x2,Yellow,#F4EE2A,36,5826,46.0,26.0,86.4,0,CONCEPT_NOT_FIT_VALIDATED
DUC-F-05849,p4-4x2,Yellow,#F4EE2A,36,5827,46.0,34.0,86.4,0,CONCEPT_NOT_FIT_VALIDATED
DUC-F-05850,p4-4x2,Yellow,#F4EE2A,36,5828,46.0,42.0,86.4,0,CONCEPT_NOT_FIT_VALIDATED
DUC-F-05851,p4-4x2,Yellow,#F4EE2A,36,5829,46.0,50.0,86.4,0,CONCEPT_NOT_FIT_VALIDATED
DUC-F-05852,p4-4x2,Yellow,#F4EE2A,36,5830,46.0,58.0,86.4,0,CONCEPT_NOT_FIT_VALIDATED
DUC-F-05853,p4-4x2,Yellow,#F4EE2A,36,5831,46.0,66.0,86.4,0,CONCEPT_NOT_FIT_VALIDATED
DUC-F-05854,p4-4x2,Yellow,#F4EE2A,36,5832,46.0,74.0,86.4,0,CONCEPT_NOT_FIT_VALIDATED
DUC-F-05855,p4-4x2,Yellow,#F4EE2A,36,5833,46.0,82.0,86.4,0,CONCEPT_NOT_FIT_VALIDATED
DUC-F-05856,p4-1x1,Yellow,#F4EE2A,36,5834,44.0,-52.0,86.4,0,CONCEPT_NOT_FIT_VALIDATED
DUC-F-05857,p4-1x1,Yellow,#F4EE2A,36,5835,52.0,-44.0,86.4,0,CONCEPT_NOT_FIT_VALIDATED
DUC-F-05858,p4-2x1,Yellow,#F4EE2A,36,5836,56.0,-38.0,86.4,90,CONCEPT_NOT_FIT_VALIDATED
DUC-F-05859,p4-2x1,Yellow,#F4EE2A,36,5837,56.0,-30.0,86.4,90,CONCEPT_NOT_FIT_VALIDATED
DUC-F-05860,p4-2x2,Yellow,#F4EE2A,36,5838,58.0,-22.0,86.4,0,CONCEPT_NOT_FIT_VALIDATED
DUC-F-05521,p4-2x1,Yellow,#F4EE2A,35,5839,60.0,-26.0,84.0,90,CONCEPT_NOT_FIT_VALIDATED
DUC-F-05430,p4-1x1,Yellow,#F4EE2A,34,5840,60.0,-24.0,81.6,0,CONCEPT_NOT_FIT_VALIDATED
DUC-F-05861,p4-2x2,Yellow,#F4EE2A,36,5841,58.0,-14.0,86.4,0,CONCEPT_NOT_FIT_VALIDATED
DUC-F-05862,p4-2x2,Yellow,#F4EE2A,36,5842,58.0,-6.0,86.4,0,CONCEPT_NOT_FIT_VALIDATED
DUC-F-05863,p4-2x2,Yellow,#F4EE2A,36,5843,58.0,2.0,86.4,0,CONCEPT_NOT_FIT_VALIDATED
DUC-F-05864,p4-2x1,Yellow,#F4EE2A,36,5844,58.0,8.0,86.4,0,CONCEPT_NOT_FIT_VALIDATED
DUC-F-05865,p4-1x1,Yellow,#F4EE2A,36,5845,56.0,12.0,86.4,0,CONCEPT_NOT_FIT_VALIDATED
DUC-F-05866,p4-2x1,Yellow,#F4EE2A,36,5846,56.0,18.0,86.4,90,CONCEPT_NOT_FIT_VALIDATED
DUC-F-05867,p4-2x2,Yellow,#F4EE2A,36,5847,58.0,34.0,86.4,0,CONCEPT_NOT_FIT_VALIDATED
DUC-F-05868,p4-3x2,Yellow,#F4EE2A,36,5848,60.0,42.0,86.4,0,CONCEPT_NOT_FIT_VALIDATED
DUC-F-05869,p4-3x2,Yellow,#F4EE2A,36,5849,60.0,50.0,86.4,0,CONCEPT_NOT_FIT_VALIDATED
DUC-F-05870,p4-2x2,Yellow,#F4EE2A,36,5850,58.0,58.0,86.4,0,CONCEPT_NOT_FIT_VALIDATED
DUC-F-05871,p4-2x2,Yellow,#F4EE2A,36,5851,58.0,66.0,86.4,0,CONCEPT_NOT_FIT_VALIDATED
DUC-F-05872,p4-2x1,Yellow,#F4EE2A,36,5852,56.0,74.0,86.4,90,CONCEPT_NOT_FIT_VALIDATED
DUC-F-05873,p4-1x1,Yellow,#F4EE2A,36,5853,56.0,80.0,86.4,0,CONCEPT_NOT_FIT_VALIDATED
DUC-F-05874,p4-1x1,Yellow,#F4EE2A,36,5854,60.0,-28.0,86.4,0,CONCEPT_NOT_FIT_VALIDATED
DUC-F-05875,p4-1x1,Yellow,#F4EE2A,36,5855,64.0,36.0,86.4,0,CONCEPT_NOT_FIT_VALIDATED
DUC-F-05876,p4-1x1,Yellow,#F4EE2A,36,5856,64.0,56.0,86.4,0,CONCEPT_NOT_FIT_VALIDATED
DUC-F-05881,p4-3x1,Pumpkin orange,#FF9016,37,5857,-16.0,-96.0,88.8,90,CONCEPT_NOT_FIT_VALIDATED
DUC-F-05740,p4-1x1,Pumpkin orange,#FF9016,36,5858,-16.0,-100.0,86.4,0,CONCEPT_NOT_FIT_VALIDATED
DUC-F-05447,p4-1x1,Pumpkin orange,#FF9016,35,5859,-16.0,-100.0,84.0,0,CONCEPT_NOT_FIT_VALIDATED
DUC-F-05882,p4-3x1,Yellow,#F4EE2A,37,5860,-12.0,-96.0,88.8,90,CONCEPT_NOT_FIT_VALIDATED
DUC-F-05883,p4-3x2,Yellow,#F4EE2A,37,5861,-6.0,-96.0,88.8,90,CONCEPT_NOT_FIT_VALIDATED
DUC-F-05884,p4-3x2,Yellow,#F4EE2A,37,5862,2.0,-96.0,88.8,90,CONCEPT_NOT_FIT_VALIDATED
DUC-F-05776,p4-1x1,Pumpkin orange,#FF9016,36,5863,0.0,-100.0,86.4,0,CONCEPT_NOT_FIT_VALIDATED
DUC-F-05885,p4-3x2,Yellow,#F4EE2A,37,5864,10.0,-96.0,88.8,90,CONCEPT_NOT_FIT_VALIDATED
DUC-F-05886,p4-3x1,Pumpkin orange,#FF9016,37,5865,16.0,-96.0,88.8,90,CONCEPT_NOT_FIT_VALIDATED
DUC-F-05887,p4-4x1,Pumpkin orange,#FF9016,37,5866,-16.0,-82.0,88.8,90,CONCEPT_NOT_FIT_VALIDATED
DUC-F-05888,p4-4x1,Yellow,#F4EE2A,37,5867,-12.0,-82.0,88.8,90,CONCEPT_NOT_FIT_VALIDATED
DUC-F-05889,p4-4x2,Yellow,#F4EE2A,37,5868,-6.0,-82.0,88.8,90,CONCEPT_NOT_FIT_VALIDATED
DUC-F-05890,p4-4x2,Yellow,#F4EE2A,37,5869,2.0,-82.0,88.8,90,CONCEPT_NOT_FIT_VALIDATED
DUC-F-05891,p4-4x2,Yellow,#F4EE2A,37,5870,10.0,-82.0,88.8,90,CONCEPT_NOT_FIT_VALIDATED
DUC-F-05892,p4-4x1,Pumpkin orange,#FF9016,37,5871,16.0,-82.0,88.8,90,CONCEPT_NOT_FIT_VALIDATED
DUC-F-05893,p4-2x1,Pumpkin orange,#FF9016,37,5872,-20.0,-78.0,88.8,90,CONCEPT_NOT_FIT_VALIDATED
DUC-F-05894,p4-2x1,Pumpkin orange,#FF9016,37,5873,20.0,-78.0,88.8,90,CONCEPT_NOT_FIT_VALIDATED
DUC-F-05895,p4-1x1,Pumpkin orange,#FF9016,37,5874,-20.0,-72.0,88.8,0,CONCEPT_NOT_FIT_VALIDATED
DUC-F-05896,p4-4x2,Yellow,#F4EE2A,37,5875,-14.0,-66.0,88.8,90,CONCEPT_NOT_FIT_VALIDATED
DUC-F-05897,p4-4x2,Yellow,#F4EE2A,37,5876,-6.0,-66.0,88.8,90,CONCEPT_NOT_FIT_VALIDATED
DUC-F-05898,p4-4x2,Yellow,#F4EE2A,37,5877,2.0,-66.0,88.8,90,CONCEPT_NOT_FIT_VALIDATED
DUC-F-05899,p4-4x2,Yellow,#F4EE2A,37,5878,10.0,-66.0,88.8,90,CONCEPT_NOT_FIT_VALIDATED
DUC-F-05900,p4-4x1,Yellow,#F4EE2A,37,5879,16.0,-66.0,88.8,90,CONCEPT_NOT_FIT_VALIDATED
DUC-F-05901,p4-1x1,Pumpkin orange,#FF9016,37,5880,20.0,-72.0,88.8,0,CONCEPT_NOT_FIT_VALIDATED
DUC-F-05902,p4-1x1,Pumpkin orange,#FF9016,37,5881,-24.0,-68.0,88.8,0,CONCEPT_NOT_FIT_VALIDATED
DUC-F-05903,p4-3x1,Yellow,#F4EE2A,37,5882,-20.0,-64.0,88.8,90,CONCEPT_NOT_FIT_VALIDATED
DUC-F-05904,p4-3x1,Yellow,#F4EE2A,37,5883,20.0,-64.0,88.8,90,CONCEPT_NOT_FIT_VALIDATED
DUC-F-05905,p4-1x1,Pumpkin orange,#FF9016,37,5884,24.0,-68.0,88.8,0,CONCEPT_NOT_FIT_VALIDATED
DUC-F-05907,p4-2x1,Yellow,#F4EE2A,37,5885,-24.0,-62.0,88.8,90,CONCEPT_NOT_FIT_VALIDATED
DUC-F-05908,p4-2x1,Yellow,#F4EE2A,37,5886,24.0,-62.0,88.8,90,CONCEPT_NOT_FIT_VALIDATED
DUC-F-05914,p4-4x2,Yellow,#F4EE2A,37,5887,-38.0,-50.0,88.8,90,CONCEPT_NOT_FIT_VALIDATED
DUC-F-05915,p4-4x2,Yellow,#F4EE2A,37,5888,-30.0,-50.0,88.8,90,CONCEPT_NOT_FIT_VALIDATED
DUC-F-05916,p4-4x2,Yellow,#F4EE2A,37,5889,-22.0,-50.0,88.8,90,CONCEPT_NOT_FIT_VALIDATED
DUC-F-05917,p4-4x2,Yellow,#F4EE2A,37,5890,-14.0,-50.0,88.8,90,CONCEPT_NOT_FIT_VALIDATED
DUC-F-05918,p4-4x2,Yellow,#F4EE2A,37,5891,-6.0,-50.0,88.8,90,CONCEPT_NOT_FIT_VALIDATED
DUC-F-05919,p4-4x2,Yellow,#F4EE2A,37,5892,2.0,-50.0,88.8,90,CONCEPT_NOT_FIT_VALIDATED
DUC-F-05920,p4-4x2,Yellow,#F4EE2A,37,5893,10.0,-50.0,88.8,90,CONCEPT_NOT_FIT_VALIDATED
DUC-F-05921,p4-4x2,Yellow,#F4EE2A,37,5894,18.0,-50.0,88.8,90,CONCEPT_NOT_FIT_VALIDATED
DUC-F-05922,p4-4x2,Yellow,#F4EE2A,37,5895,26.0,-50.0,88.8,90,CONCEPT_NOT_FIT_VALIDATED
DUC-F-05923,p4-4x2,Yellow,#F4EE2A,37,5896,34.0,-50.0,88.8,90,CONCEPT_NOT_FIT_VALIDATED
DUC-F-05924,p4-4x1,Yellow,#F4EE2A,37,5897,40.0,-50.0,88.8,90,CONCEPT_NOT_FIT_VALIDATED
DUC-F-05925,p4-3x2,Yellow,#F4EE2A,37,5898,-46.0,-48.0,88.8,90,CONCEPT_NOT_FIT_VALIDATED
DUC-F-05926,p4-3x1,Yellow,#F4EE2A,37,5899,44.0,-48.0,88.8,90,CONCEPT_NOT_FIT_VALIDATED
DUC-F-05927,p4-3x1,Yellow,#F4EE2A,37,5900,48.0,-48.0,88.8,90,CONCEPT_NOT_FIT_VALIDATED
DUC-F-05928,p4-2x1,Yellow,#F4EE2A,37,5901,-52.0,-46.0,88.8,90,CONCEPT_NOT_FIT_VALIDATED
DUC-F-05929,p4-2x1,Yellow,#F4EE2A,37,5902,52.0,-46.0,88.8,90,CONCEPT_NOT_FIT_VALIDATED
DUC-F-05930,p4-4x2,Yellow,#F4EE2A,37,5903,-54.0,-34.0,88.8,90,CONCEPT_NOT_FIT_VALIDATED
DUC-F-05931,p4-4x2,Yellow,#F4EE2A,37,5904,-46.0,-34.0,88.8,90,CONCEPT_NOT_FIT_VALIDATED
DUC-F-05932,p4-4x2,Yellow,#F4EE2A,37,5905,-38.0,-34.0,88.8,90,CONCEPT_NOT_FIT_VALIDATED
DUC-F-05933,p4-4x2,Yellow,#F4EE2A,37,5906,-30.0,-34.0,88.8,90,CONCEPT_NOT_FIT_VALIDATED
DUC-F-05934,p4-4x2,Yellow,#F4EE2A,37,5907,-22.0,-34.0,88.8,90,CONCEPT_NOT_FIT_VALIDATED
DUC-F-05935,p4-4x2,Yellow,#F4EE2A,37,5908,-14.0,-34.0,88.8,90,CONCEPT_NOT_FIT_VALIDATED
DUC-F-05936,p4-4x2,Yellow,#F4EE2A,37,5909,-6.0,-34.0,88.8,90,CONCEPT_NOT_FIT_VALIDATED
DUC-F-05937,p4-4x2,Yellow,#F4EE2A,37,5910,2.0,-34.0,88.8,90,CONCEPT_NOT_FIT_VALIDATED
DUC-F-05938,p4-4x2,Yellow,#F4EE2A,37,5911,10.0,-34.0,88.8,90,CONCEPT_NOT_FIT_VALIDATED
DUC-F-05939,p4-4x2,Yellow,#F4EE2A,37,5912,18.0,-34.0,88.8,90,CONCEPT_NOT_FIT_VALIDATED
DUC-F-05940,p4-4x2,Yellow,#F4EE2A,37,5913,26.0,-34.0,88.8,90,CONCEPT_NOT_FIT_VALIDATED
DUC-F-05941,p4-4x2,Yellow,#F4EE2A,37,5914,34.0,-34.0,88.8,90,CONCEPT_NOT_FIT_VALIDATED
DUC-F-05942,p4-4x2,Yellow,#F4EE2A,37,5915,42.0,-34.0,88.8,90,CONCEPT_NOT_FIT_VALIDATED
DUC-F-05943,p4-4x2,Yellow,#F4EE2A,37,5916,50.0,-34.0,88.8,90,CONCEPT_NOT_FIT_VALIDATED
DUC-F-05944,p4-4x1,Yellow,#F4EE2A,37,5917,56.0,-34.0,88.8,90,CONCEPT_NOT_FIT_VALIDATED
DUC-F-05945,p4-2x1,Yellow,#F4EE2A,37,5918,-60.0,-30.0,88.8,90,CONCEPT_NOT_FIT_VALIDATED
DUC-F-05946,p4-2x1,Yellow,#F4EE2A,37,5919,60.0,-30.0,88.8,90,CONCEPT_NOT_FIT_VALIDATED
DUC-F-05947,p4-4x1,Yellow,#F4EE2A,37,5920,-60.0,-18.0,88.8,90,CONCEPT_NOT_FIT_VALIDATED
DUC-F-05948,p4-4x2,Yellow,#F4EE2A,37,5921,-54.0,-18.0,88.8,90,CONCEPT_NOT_FIT_VALIDATED
DUC-F-05949,p4-4x2,Yellow,#F4EE2A,37,5922,-46.0,-18.0,88.8,90,CONCEPT_NOT_FIT_VALIDATED
DUC-F-05950,p4-4x2,Yellow,#F4EE2A,37,5923,-38.0,-18.0,88.8,90,CONCEPT_NOT_FIT_VALIDATED
DUC-F-05951,p4-4x2,Yellow,#F4EE2A,37,5924,-30.0,-18.0,88.8,90,CONCEPT_NOT_FIT_VALIDATED
DUC-F-05952,p4-4x2,Yellow,#F4EE2A,37,5925,-22.0,-18.0,88.8,90,CONCEPT_NOT_FIT_VALIDATED
DUC-F-05953,p4-4x2,Yellow,#F4EE2A,37,5926,-14.0,-18.0,88.8,90,CONCEPT_NOT_FIT_VALIDATED
DUC-F-05954,p4-4x2,Yellow,#F4EE2A,37,5927,-6.0,-18.0,88.8,90,CONCEPT_NOT_FIT_VALIDATED
DUC-F-05955,p4-4x2,Yellow,#F4EE2A,37,5928,2.0,-18.0,88.8,90,CONCEPT_NOT_FIT_VALIDATED
DUC-F-05956,p4-4x2,Yellow,#F4EE2A,37,5929,10.0,-18.0,88.8,90,CONCEPT_NOT_FIT_VALIDATED
DUC-F-05957,p4-4x2,Yellow,#F4EE2A,37,5930,18.0,-18.0,88.8,90,CONCEPT_NOT_FIT_VALIDATED
DUC-F-05958,p4-4x2,Yellow,#F4EE2A,37,5931,26.0,-18.0,88.8,90,CONCEPT_NOT_FIT_VALIDATED
DUC-F-05959,p4-4x2,Yellow,#F4EE2A,37,5932,34.0,-18.0,88.8,90,CONCEPT_NOT_FIT_VALIDATED
DUC-F-05960,p4-4x2,Yellow,#F4EE2A,37,5933,42.0,-18.0,88.8,90,CONCEPT_NOT_FIT_VALIDATED
DUC-F-05961,p4-4x2,Yellow,#F4EE2A,37,5934,50.0,-18.0,88.8,90,CONCEPT_NOT_FIT_VALIDATED
DUC-F-05962,p4-4x2,Yellow,#F4EE2A,37,5935,58.0,-18.0,88.8,90,CONCEPT_NOT_FIT_VALIDATED
DUC-F-05965,p4-2x1,Yellow,#F4EE2A,37,5936,-62.0,-8.0,88.8,0,CONCEPT_NOT_FIT_VALIDATED
DUC-F-05966,p4-4x2,Yellow,#F4EE2A,37,5937,-54.0,-2.0,88.8,90,CONCEPT_NOT_FIT_VALIDATED
DUC-F-05967,p4-4x2,Yellow,#F4EE2A,37,5938,-46.0,-2.0,88.8,90,CONCEPT_NOT_FIT_VALIDATED
DUC-F-05968,p4-4x2,Yellow,#F4EE2A,37,5939,-38.0,-2.0,88.8,90,CONCEPT_NOT_FIT_VALIDATED
DUC-F-05969,p4-4x2,Yellow,#F4EE2A,37,5940,-30.0,-2.0,88.8,90,CONCEPT_NOT_FIT_VALIDATED
DUC-F-05970,p4-4x2,Yellow,#F4EE2A,37,5941,-22.0,-2.0,88.8,90,CONCEPT_NOT_FIT_VALIDATED
DUC-F-05971,p4-4x2,Yellow,#F4EE2A,37,5942,-14.0,-2.0,88.8,90,CONCEPT_NOT_FIT_VALIDATED
DUC-F-05972,p4-4x2,Yellow,#F4EE2A,37,5943,-6.0,-2.0,88.8,90,CONCEPT_NOT_FIT_VALIDATED
DUC-F-05973,p4-4x2,Yellow,#F4EE2A,37,5944,2.0,-2.0,88.8,90,CONCEPT_NOT_FIT_VALIDATED
DUC-F-05974,p4-4x2,Yellow,#F4EE2A,37,5945,10.0,-2.0,88.8,90,CONCEPT_NOT_FIT_VALIDATED
DUC-F-05975,p4-4x2,Yellow,#F4EE2A,37,5946,18.0,-2.0,88.8,90,CONCEPT_NOT_FIT_VALIDATED
DUC-F-05976,p4-4x2,Yellow,#F4EE2A,37,5947,26.0,-2.0,88.8,90,CONCEPT_NOT_FIT_VALIDATED
DUC-F-05977,p4-4x2,Yellow,#F4EE2A,37,5948,34.0,-2.0,88.8,90,CONCEPT_NOT_FIT_VALIDATED
DUC-F-05978,p4-4x2,Yellow,#F4EE2A,37,5949,42.0,-2.0,88.8,90,CONCEPT_NOT_FIT_VALIDATED
DUC-F-05979,p4-4x2,Yellow,#F4EE2A,37,5950,50.0,-2.0,88.8,90,CONCEPT_NOT_FIT_VALIDATED
DUC-F-05980,p4-4x2,Yellow,#F4EE2A,37,5951,58.0,-2.0,88.8,90,CONCEPT_NOT_FIT_VALIDATED
DUC-F-05981,p4-3x1,Yellow,#F4EE2A,37,5952,-60.0,0.0,88.8,90,CONCEPT_NOT_FIT_VALIDATED
DUC-F-05982,p4-2x1,Yellow,#F4EE2A,37,5953,-60.0,10.0,88.8,90,CONCEPT_NOT_FIT_VALIDATED
DUC-F-05983,p4-4x2,Yellow,#F4EE2A,37,5954,-54.0,14.0,88.8,90,CONCEPT_NOT_FIT_VALIDATED
DUC-F-05984,p4-4x2,Yellow,#F4EE2A,37,5955,-46.0,14.0,88.8,90,CONCEPT_NOT_FIT_VALIDATED
DUC-F-05985,p4-4x2,Yellow,#F4EE2A,37,5956,-38.0,14.0,88.8,90,CONCEPT_NOT_FIT_VALIDATED
DUC-F-05986,p4-4x2,Yellow,#F4EE2A,37,5957,-30.0,14.0,88.8,90,CONCEPT_NOT_FIT_VALIDATED
DUC-F-05987,p4-4x2,Yellow,#F4EE2A,37,5958,-22.0,14.0,88.8,90,CONCEPT_NOT_FIT_VALIDATED
DUC-F-05988,p4-4x2,Yellow,#F4EE2A,37,5959,-14.0,14.0,88.8,90,CONCEPT_NOT_FIT_VALIDATED
DUC-F-05989,p4-4x2,Yellow,#F4EE2A,37,5960,-6.0,14.0,88.8,90,CONCEPT_NOT_FIT_VALIDATED
DUC-F-05990,p4-4x2,Yellow,#F4EE2A,37,5961,2.0,14.0,88.8,90,CONCEPT_NOT_FIT_VALIDATED
DUC-F-05991,p4-4x2,Yellow,#F4EE2A,37,5962,10.0,14.0,88.8,90,CONCEPT_NOT_FIT_VALIDATED
DUC-F-05992,p4-4x2,Yellow,#F4EE2A,37,5963,18.0,14.0,88.8,90,CONCEPT_NOT_FIT_VALIDATED
DUC-F-05993,p4-4x2,Yellow,#F4EE2A,37,5964,26.0,14.0,88.8,90,CONCEPT_NOT_FIT_VALIDATED
DUC-F-05994,p4-4x2,Yellow,#F4EE2A,37,5965,34.0,14.0,88.8,90,CONCEPT_NOT_FIT_VALIDATED
DUC-F-05995,p4-4x2,Yellow,#F4EE2A,37,5966,42.0,14.0,88.8,90,CONCEPT_NOT_FIT_VALIDATED
DUC-F-05996,p4-4x2,Yellow,#F4EE2A,37,5967,50.0,14.0,88.8,90,CONCEPT_NOT_FIT_VALIDATED
DUC-F-05997,p4-4x1,Yellow,#F4EE2A,37,5968,56.0,14.0,88.8,90,CONCEPT_NOT_FIT_VALIDATED
DUC-F-05998,p4-2x1,Yellow,#F4EE2A,37,5969,60.0,10.0,88.8,90,CONCEPT_NOT_FIT_VALIDATED
DUC-F-05999,p4-2x1,Yellow,#F4EE2A,37,5970,-52.0,26.0,88.8,90,CONCEPT_NOT_FIT_VALIDATED
DUC-F-06000,p4-4x2,Yellow,#F4EE2A,37,5971,-46.0,30.0,88.8,90,CONCEPT_NOT_FIT_VALIDATED
DUC-F-06001,p4-4x2,Yellow,#F4EE2A,37,5972,-38.0,30.0,88.8,90,CONCEPT_NOT_FIT_VALIDATED
DUC-F-06002,p4-4x2,Yellow,#F4EE2A,37,5973,-30.0,30.0,88.8,90,CONCEPT_NOT_FIT_VALIDATED
DUC-F-06003,p4-4x2,Yellow,#F4EE2A,37,5974,-22.0,30.0,88.8,90,CONCEPT_NOT_FIT_VALIDATED
DUC-F-06004,p4-4x2,Yellow,#F4EE2A,37,5975,-14.0,30.0,88.8,90,CONCEPT_NOT_FIT_VALIDATED
DUC-F-06005,p4-4x2,Yellow,#F4EE2A,37,5976,-6.0,30.0,88.8,90,CONCEPT_NOT_FIT_VALIDATED
DUC-F-06006,p4-4x2,Yellow,#F4EE2A,37,5977,2.0,30.0,88.8,90,CONCEPT_NOT_FIT_VALIDATED
DUC-F-06007,p4-4x2,Yellow,#F4EE2A,37,5978,10.0,30.0,88.8,90,CONCEPT_NOT_FIT_VALIDATED
DUC-F-06008,p4-4x2,Yellow,#F4EE2A,37,5979,18.0,30.0,88.8,90,CONCEPT_NOT_FIT_VALIDATED
DUC-F-06009,p4-4x2,Yellow,#F4EE2A,37,5980,26.0,30.0,88.8,90,CONCEPT_NOT_FIT_VALIDATED
DUC-F-06010,p4-4x2,Yellow,#F4EE2A,37,5981,34.0,30.0,88.8,90,CONCEPT_NOT_FIT_VALIDATED
DUC-F-06011,p4-4x2,Yellow,#F4EE2A,37,5982,42.0,30.0,88.8,90,CONCEPT_NOT_FIT_VALIDATED
DUC-F-06012,p4-4x1,Yellow,#F4EE2A,37,5983,48.0,30.0,88.8,90,CONCEPT_NOT_FIT_VALIDATED
DUC-F-06013,p4-2x1,Yellow,#F4EE2A,37,5984,52.0,26.0,88.8,90,CONCEPT_NOT_FIT_VALIDATED
DUC-F-06014,p4-1x1,Yellow,#F4EE2A,37,5985,-60.0,36.0,88.8,0,CONCEPT_NOT_FIT_VALIDATED
DUC-F-06015,p4-2x1,Yellow,#F4EE2A,37,5986,-54.0,36.0,88.8,0,CONCEPT_NOT_FIT_VALIDATED
DUC-F-06016,p4-1x1,Yellow,#F4EE2A,37,5987,52.0,36.0,88.8,0,CONCEPT_NOT_FIT_VALIDATED
DUC-F-06017,p4-2x1,Yellow,#F4EE2A,37,5988,58.0,36.0,88.8,0,CONCEPT_NOT_FIT_VALIDATED
DUC-F-06018,p4-4x1,Yellow,#F4EE2A,37,5989,-60.0,46.0,88.8,90,CONCEPT_NOT_FIT_VALIDATED
DUC-F-06019,p4-4x2,Yellow,#F4EE2A,37,5990,-54.0,46.0,88.8,90,CONCEPT_NOT_FIT_VALIDATED
DUC-F-06020,p4-4x2,Yellow,#F4EE2A,37,5991,-46.0,46.0,88.8,90,CONCEPT_NOT_FIT_VALIDATED
DUC-F-06021,p4-2x2,Yellow,#F4EE2A,37,5992,-38.0,42.0,88.8,0,CONCEPT_NOT_FIT_VALIDATED
DUC-F-06022,p4-3x2,Yellow,#F4EE2A,37,5993,-30.0,44.0,88.8,90,CONCEPT_NOT_FIT_VALIDATED
DUC-F-06023,p4-4x2,Yellow,#F4EE2A,37,5994,-22.0,46.0,88.8,90,CONCEPT_NOT_FIT_VALIDATED
DUC-F-06024,p4-4x2,Yellow,#F4EE2A,37,5995,-14.0,46.0,88.8,90,CONCEPT_NOT_FIT_VALIDATED
DUC-F-06025,p4-4x2,Yellow,#F4EE2A,37,5996,-6.0,46.0,88.8,90,CONCEPT_NOT_FIT_VALIDATED
DUC-F-06026,p4-4x2,Yellow,#F4EE2A,37,5997,2.0,46.0,88.8,90,CONCEPT_NOT_FIT_VALIDATED
DUC-F-06027,p4-4x2,Yellow,#F4EE2A,37,5998,10.0,46.0,88.8,90,CONCEPT_NOT_FIT_VALIDATED
DUC-F-06028,p4-4x2,Yellow,#F4EE2A,37,5999,18.0,46.0,88.8,90,CONCEPT_NOT_FIT_VALIDATED
DUC-F-06029,p4-3x2,Yellow,#F4EE2A,37,6000,26.0,44.0,88.8,90,CONCEPT_NOT_FIT_VALIDATED
DUC-F-06030,p4-3x2,Yellow,#F4EE2A,37,6001,34.0,44.0,88.8,90,CONCEPT_NOT_FIT_VALIDATED
DUC-F-06031,p4-2x2,Yellow,#F4EE2A,37,6002,42.0,42.0,88.8,0,CONCEPT_NOT_FIT_VALIDATED
DUC-F-06032,p4-4x2,Yellow,#F4EE2A,37,6003,50.0,46.0,88.8,90,CONCEPT_NOT_FIT_VALIDATED
DUC-F-06033,p4-4x2,Yellow,#F4EE2A,37,6004,58.0,46.0,88.8,90,CONCEPT_NOT_FIT_VALIDATED
DUC-F-06034,p4-3x1,Yellow,#F4EE2A,37,6005,-64.0,48.0,88.8,90,CONCEPT_NOT_FIT_VALIDATED
DUC-F-06035,p4-3x1,Yellow,#F4EE2A,37,6006,64.0,48.0,88.8,90,CONCEPT_NOT_FIT_VALIDATED
DUC-F-06036,p4-1x1,Yellow,#F4EE2A,37,6007,-36.0,48.0,88.8,0,CONCEPT_NOT_FIT_VALIDATED
DUC-F-06037,p4-2x1,Yellow,#F4EE2A,37,6008,44.0,50.0,88.8,90,CONCEPT_NOT_FIT_VALIDATED
DUC-F-06038,p4-1x1,Yellow,#F4EE2A,37,6009,-28.0,52.0,88.8,0,CONCEPT_NOT_FIT_VALIDATED
DUC-F-06039,p4-1x1,Yellow,#F4EE2A,37,6010,24.0,52.0,88.8,0,CONCEPT_NOT_FIT_VALIDATED
DUC-F-06040,p4-1x1,Yellow,#F4EE2A,37,6011,40.0,52.0,88.8,0,CONCEPT_NOT_FIT_VALIDATED
DUC-F-06041,p4-3x1,Yellow,#F4EE2A,37,6012,-60.0,60.0,88.8,90,CONCEPT_NOT_FIT_VALIDATED
DUC-F-06042,p4-4x2,Yellow,#F4EE2A,37,6013,-54.0,62.0,88.8,90,CONCEPT_NOT_FIT_VALIDATED
DUC-F-06043,p4-4x2,Yellow,#F4EE2A,37,6014,-46.0,62.0,88.8,90,CONCEPT_NOT_FIT_VALIDATED
DUC-F-06044,p4-4x1,Yellow,#F4EE2A,37,6015,-40.0,62.0,88.8,90,CONCEPT_NOT_FIT_VALIDATED
DUC-F-06045,p4-1x1,Yellow,#F4EE2A,37,6016,-12.0,56.0,88.8,0,CONCEPT_NOT_FIT_VALIDATED
DUC-F-06046,p4-2x1,Yellow,#F4EE2A,37,6017,-6.0,56.0,88.8,0,CONCEPT_NOT_FIT_VALIDATED
DUC-F-06047,p4-2x1,Yellow,#F4EE2A,37,6018,2.0,56.0,88.8,0,CONCEPT_NOT_FIT_VALIDATED
DUC-F-06048,p4-2x1,Yellow,#F4EE2A,37,6019,10.0,56.0,88.8,0,CONCEPT_NOT_FIT_VALIDATED
DUC-F-06049,p4-4x2,Yellow,#F4EE2A,37,6020,42.0,62.0,88.8,90,CONCEPT_NOT_FIT_VALIDATED
DUC-F-06050,p4-4x2,Yellow,#F4EE2A,37,6021,50.0,62.0,88.8,90,CONCEPT_NOT_FIT_VALIDATED
DUC-F-06051,p4-3x2,Yellow,#F4EE2A,37,6022,58.0,60.0,88.8,90,CONCEPT_NOT_FIT_VALIDATED
DUC-F-06052,p4-1x1,Yellow,#F4EE2A,37,6023,56.0,68.0,88.8,0,CONCEPT_NOT_FIT_VALIDATED
DUC-F-06053,p4-2x2,Yellow,#F4EE2A,37,6024,-54.0,74.0,88.8,0,CONCEPT_NOT_FIT_VALIDATED
DUC-F-06054,p4-4x2,Yellow,#F4EE2A,37,6025,-46.0,78.0,88.8,90,CONCEPT_NOT_FIT_VALIDATED
DUC-F-06055,p4-3x1,Yellow,#F4EE2A,37,6026,-40.0,76.0,88.8,90,CONCEPT_NOT_FIT_VALIDATED
DUC-F-06056,p4-3x2,Yellow,#F4EE2A,37,6027,42.0,76.0,88.8,90,CONCEPT_NOT_FIT_VALIDATED
DUC-F-06057,p4-4x2,Yellow,#F4EE2A,37,6028,50.0,78.0,88.8,90,CONCEPT_NOT_FIT_VALIDATED
DUC-F-06058,p4-2x1,Yellow,#F4EE2A,37,6029,56.0,74.0,88.8,90,CONCEPT_NOT_FIT_VALIDATED
DUC-F-06059,p4-2x1,Yellow,#F4EE2A,37,6030,-52.0,82.0,88.8,90,CONCEPT_NOT_FIT_VALIDATED
DUC-F-06060,p4-1x1,Yellow,#F4EE2A,37,6031,44.0,84.0,88.8,0,CONCEPT_NOT_FIT_VALIDATED
DUC-F-06062,p4-2x1,Yellow,#F4EE2A,38,6032,-64.0,-10.0,91.2,90,CONCEPT_NOT_FIT_VALIDATED
DUC-F-05963,p4-1x1,Yellow,#F4EE2A,37,6033,-64.0,-12.0,88.8,0,CONCEPT_NOT_FIT_VALIDATED
DUC-F-06064,p4-4x2,Yellow,#F4EE2A,38,6034,-54.0,-34.0,91.2,0,CONCEPT_NOT_FIT_VALIDATED
DUC-F-06065,p4-4x2,Yellow,#F4EE2A,38,6035,-54.0,-26.0,91.2,0,CONCEPT_NOT_FIT_VALIDATED
DUC-F-06066,p4-4x2,Yellow,#F4EE2A,38,6036,-54.0,-18.0,91.2,0,CONCEPT_NOT_FIT_VALIDATED
DUC-F-06067,p4-4x2,Yellow,#F4EE2A,38,6037,-54.0,-10.0,91.2,0,CONCEPT_NOT_FIT_VALIDATED
DUC-F-06068,p4-4x2,Yellow,#F4EE2A,38,6038,-54.0,-2.0,91.2,0,CONCEPT_NOT_FIT_VALIDATED
DUC-F-06069,p4-4x2,Yellow,#F4EE2A,38,6039,-54.0,6.0,91.2,0,CONCEPT_NOT_FIT_VALIDATED
DUC-F-06070,p4-4x1,Yellow,#F4EE2A,38,6040,-54.0,12.0,91.2,0,CONCEPT_NOT_FIT_VALIDATED
DUC-F-06071,p4-4x2,Yellow,#F4EE2A,38,6041,-54.0,46.0,91.2,0,CONCEPT_NOT_FIT_VALIDATED
DUC-F-06072,p4-4x2,Yellow,#F4EE2A,38,6042,-54.0,54.0,91.2,0,CONCEPT_NOT_FIT_VALIDATED
DUC-F-06073,p4-4x1,Yellow,#F4EE2A,38,6043,-54.0,60.0,91.2,0,CONCEPT_NOT_FIT_VALIDATED
DUC-F-06074,p4-3x2,Yellow,#F4EE2A,38,6044,-52.0,-42.0,91.2,0,CONCEPT_NOT_FIT_VALIDATED
DUC-F-06075,p4-3x1,Yellow,#F4EE2A,38,6045,-52.0,16.0,91.2,0,CONCEPT_NOT_FIT_VALIDATED
DUC-F-06076,p4-3x1,Yellow,#F4EE2A,38,6046,-52.0,20.0,91.2,0,CONCEPT_NOT_FIT_VALIDATED
DUC-F-06077,p4-2x1,Yellow,#F4EE2A,38,6047,-54.0,40.0,91.2,0,CONCEPT_NOT_FIT_VALIDATED
DUC-F-06078,p4-3x1,Yellow,#F4EE2A,38,6048,-52.0,64.0,91.2,0,CONCEPT_NOT_FIT_VALIDATED
DUC-F-06079,p4-3x1,Yellow,#F4EE2A,38,6049,-52.0,68.0,91.2,0,CONCEPT_NOT_FIT_VALIDATED
DUC-F-06080,p4-2x1,Yellow,#F4EE2A,38,6050,-50.0,-48.0,91.2,0,CONCEPT_NOT_FIT_VALIDATED
DUC-F-06081,p4-2x1,Yellow,#F4EE2A,38,6051,-50.0,24.0,91.2,0,CONCEPT_NOT_FIT_VALIDATED
DUC-F-06082,p4-2x1,Yellow,#F4EE2A,38,6052,-50.0,28.0,91.2,0,CONCEPT_NOT_FIT_VALIDATED
DUC-F-06083,p4-2x1,Yellow,#F4EE2A,38,6053,-50.0,72.0,91.2,0,CONCEPT_NOT_FIT_VALIDATED
DUC-F-06084,p4-2x2,Yellow,#F4EE2A,38,6054,-50.0,78.0,91.2,0,CONCEPT_NOT_FIT_VALIDATED
DUC-F-06085,p4-1x1,Yellow,#F4EE2A,38,6055,-48.0,-52.0,91.2,0,CONCEPT_NOT_FIT_VALIDATED
DUC-F-06086,p4-1x1,Yellow,#F4EE2A,38,6056,-48.0,32.0,91.2,0,CONCEPT_NOT_FIT_VALIDATED
DUC-F-06087,p4-1x1,Yellow,#F4EE2A,38,6057,-48.0,84.0,91.2,0,CONCEPT_NOT_FIT_VALIDATED
DUC-F-06088,p4-2x1,Black,#000000,38,6058,-42.0,-56.0,91.2,0,CONCEPT_NOT_FIT_VALIDATED
DUC-F-06089,p4-4x2,Yellow,#F4EE2A,38,6059,-38.0,-50.0,91.2,0,CONCEPT_NOT_FIT_VALIDATED
DUC-F-06090,p4-4x2,Yellow,#F4EE2A,38,6060,-38.0,-42.0,91.2,0,CONCEPT_NOT_FIT_VALIDATED
DUC-F-06091,p4-4x2,Yellow,#F4EE2A,38,6061,-38.0,-34.0,91.2,0,CONCEPT_NOT_FIT_VALIDATED
DUC-F-06092,p4-4x2,Yellow,#F4EE2A,38,6062,-38.0,-26.0,91.2,0,CONCEPT_NOT_FIT_VALIDATED
DUC-F-06093,p4-4x2,Yellow,#F4EE2A,38,6063,-38.0,-18.0,91.2,0,CONCEPT_NOT_FIT_VALIDATED
DUC-F-06094,p4-4x2,Yellow,#F4EE2A,38,6064,-38.0,-10.0,91.2,0,CONCEPT_NOT_FIT_VALIDATED
DUC-F-06095,p4-4x2,Yellow,#F4EE2A,38,6065,-38.0,-2.0,91.2,0,CONCEPT_NOT_FIT_VALIDATED
DUC-F-06096,p4-4x2,Yellow,#F4EE2A,38,6066,-38.0,6.0,91.2,0,CONCEPT_NOT_FIT_VALIDATED
DUC-F-06097,p4-4x2,Yellow,#F4EE2A,38,6067,-38.0,14.0,91.2,0,CONCEPT_NOT_FIT_VALIDATED
DUC-F-06098,p4-4x2,Yellow,#F4EE2A,38,6068,-38.0,22.0,91.2,0,CONCEPT_NOT_FIT_VALIDATED
DUC-F-06099,p4-4x2,Yellow,#F4EE2A,38,6069,-38.0,30.0,91.2,0,CONCEPT_NOT_FIT_VALIDATED
DUC-F-06100,p4-4x2,Yellow,#F4EE2A,38,6070,-38.0,38.0,91.2,0,CONCEPT_NOT_FIT_VALIDATED
DUC-F-06101,p4-1x1,Yellow,#F4EE2A,38,6071,-44.0,48.0,91.2,0,CONCEPT_NOT_FIT_VALIDATED
DUC-F-06102,p4-2x1,Yellow,#F4EE2A,38,6072,-44.0,54.0,91.2,90,CONCEPT_NOT_FIT_VALIDATED
DUC-F-06103,p4-2x2,Yellow,#F4EE2A,38,6073,-42.0,62.0,91.2,0,CONCEPT_NOT_FIT_VALIDATED
DUC-F-06104,p4-2x1,Yellow,#F4EE2A,38,6074,-44.0,70.0,91.2,90,CONCEPT_NOT_FIT_VALIDATED
DUC-F-06105,p4-2x1,Yellow,#F4EE2A,38,6075,-44.0,78.0,91.2,90,CONCEPT_NOT_FIT_VALIDATED
DUC-F-06107,p4-2x1,Yellow,#F4EE2A,38,6076,-34.0,-56.0,91.2,0,CONCEPT_NOT_FIT_VALIDATED
DUC-F-06108,p4-2x1,Yellow,#F4EE2A,38,6077,-34.0,44.0,91.2,0,CONCEPT_NOT_FIT_VALIDATED
DUC-F-06110,p4-4x1,Yellow,#F4EE2A,38,6078,-22.0,-64.0,91.2,0,CONCEPT_NOT_FIT_VALIDATED
DUC-F-05906,p4-1x1,Pumpkin orange,#FF9016,37,6079,-28.0,-64.0,88.8,0,CONCEPT_NOT_FIT_VALIDATED
DUC-F-05710,p4-1x1,Pumpkin orange,#FF9016,36,6080,-28.0,-64.0,86.4,0,CONCEPT_NOT_FIT_VALIDATED
DUC-F-05482,p4-2x1,Pumpkin orange,#FF9016,35,6081,-28.0,-62.0,84.0,90,CONCEPT_NOT_FIT_VALIDATED
DUC-F-05290,p4-2x1,Pumpkin orange,#FF9016,34,6082,-28.0,-66.0,81.6,90,CONCEPT_NOT_FIT_VALIDATED
DUC-F-05291,p4-1x1,Pumpkin orange,#FF9016,34,6083,-28.0,-60.0,81.6,0,CONCEPT_NOT_FIT_VALIDATED
DUC-F-05446,p4-2x1,Pumpkin orange,#FF9016,35,6084,-28.0,-70.0,84.0,90,CONCEPT_NOT_FIT_VALIDATED
DUC-F-05708,p4-3x1,Yellow,#F4EE2A,36,6085,-32.0,-60.0,86.4,0,CONCEPT_NOT_FIT_VALIDATED
DUC-F-05709,p4-1x1,Pumpkin orange,#FF9016,36,6086,-28.0,-68.0,86.4,0,CONCEPT_NOT_FIT_VALIDATED
DUC-F-05910,p4-1x1,Yellow,#F4EE2A,37,6087,-36.0,-60.0,88.8,0,CONCEPT_NOT_FIT_VALIDATED
DUC-F-05911,p4-2x1,Yellow,#F4EE2A,37,6088,-30.0,-60.0,88.8,0,CONCEPT_NOT_FIT_VALIDATED
DUC-F-06106,p4-1x1,Black,#000000,38,6089,-36.0,-60.0,91.2,0,CONCEPT_NOT_FIT_VALIDATED
DUC-F-06109,p4-1x1,Yellow,#F4EE2A,38,6090,-32.0,-60.0,91.2,0,CONCEPT_NOT_FIT_VALIDATED
DUC-F-06111,p4-4x2,Yellow,#F4EE2A,38,6091,-22.0,-58.0,91.2,0,CONCEPT_NOT_FIT_VALIDATED
DUC-F-06112,p4-4x2,Yellow,#F4EE2A,38,6092,-22.0,-50.0,91.2,0,CONCEPT_NOT_FIT_VALIDATED
DUC-F-06113,p4-4x2,Yellow,#F4EE2A,38,6093,-22.0,-42.0,91.2,0,CONCEPT_NOT_FIT_VALIDATED
DUC-F-06114,p4-4x2,Yellow,#F4EE2A,38,6094,-22.0,-34.0,91.2,0,CONCEPT_NOT_FIT_VALIDATED
DUC-F-06115,p4-4x2,Yellow,#F4EE2A,38,6095,-22.0,-26.0,91.2,0,CONCEPT_NOT_FIT_VALIDATED
DUC-F-06116,p4-4x2,Yellow,#F4EE2A,38,6096,-22.0,-18.0,91.2,0,CONCEPT_NOT_FIT_VALIDATED
DUC-F-06117,p4-4x2,Yellow,#F4EE2A,38,6097,-22.0,-10.0,91.2,0,CONCEPT_NOT_FIT_VALIDATED
DUC-F-06118,p4-4x2,Yellow,#F4EE2A,38,6098,-22.0,-2.0,91.2,0,CONCEPT_NOT_FIT_VALIDATED
DUC-F-06119,p4-4x2,Yellow,#F4EE2A,38,6099,-22.0,6.0,91.2,0,CONCEPT_NOT_FIT_VALIDATED
DUC-F-06120,p4-4x2,Yellow,#F4EE2A,38,6100,-22.0,14.0,91.2,0,CONCEPT_NOT_FIT_VALIDATED
DUC-F-06121,p4-4x2,Yellow,#F4EE2A,38,6101,-22.0,22.0,91.2,0,CONCEPT_NOT_FIT_VALIDATED
DUC-F-06122,p4-4x2,Yellow,#F4EE2A,38,6102,-22.0,30.0,91.2,0,CONCEPT_NOT_FIT_VALIDATED
DUC-F-06123,p4-4x2,Yellow,#F4EE2A,38,6103,-22.0,38.0,91.2,0,CONCEPT_NOT_FIT_VALIDATED
DUC-F-06124,p4-4x2,Yellow,#F4EE2A,38,6104,-22.0,46.0,91.2,0,CONCEPT_NOT_FIT_VALIDATED
DUC-F-06125,p4-1x1,Pumpkin orange,#FF9016,38,6105,-20.0,-68.0,91.2,0,CONCEPT_NOT_FIT_VALIDATED
DUC-F-06126,p4-2x1,Pumpkin orange,#FF9016,38,6106,-16.0,-98.0,91.2,90,CONCEPT_NOT_FIT_VALIDATED
DUC-F-06127,p4-1x1,Pumpkin orange,#FF9016,38,6107,-16.0,-72.0,91.2,0,CONCEPT_NOT_FIT_VALIDATED
DUC-F-06128,p4-1x1,Yellow,#F4EE2A,38,6108,-16.0,-68.0,91.2,0,CONCEPT_NOT_FIT_VALIDATED
DUC-F-06129,p4-1x1,Yellow,#F4EE2A,38,6109,-16.0,52.0,91.2,0,CONCEPT_NOT_FIT_VALIDATED
DUC-F-06131,p4-2x1,Pumpkin orange,#FF9016,38,6110,-12.0,-98.0,91.2,90,CONCEPT_NOT_FIT_VALIDATED
DUC-F-06132,p4-2x1,Pumpkin orange,#FF9016,38,6111,-12.0,-90.0,91.2,90,CONCEPT_NOT_FIT_VALIDATED
DUC-F-06133,p4-2x1,Pumpkin orange,#FF9016,38,6112,-12.0,-82.0,91.2,90,CONCEPT_NOT_FIT_VALIDATED
DUC-F-06134,p4-1x1,Pumpkin orange,#FF9016,38,6113,-12.0,-76.0,91.2,0,CONCEPT_NOT_FIT_VALIDATED
DUC-F-06135,p4-4x1,Yellow,#F4EE2A,38,6114,-6.0,-72.0,91.2,0,CONCEPT_NOT_FIT_VALIDATED
DUC-F-06136,p4-4x2,Yellow,#F4EE2A,38,6115,-6.0,-66.0,91.2,0,CONCEPT_NOT_FIT_VALIDATED
DUC-F-06137,p4-4x2,Yellow,#F4EE2A,38,6116,-6.0,-58.0,91.2,0,CONCEPT_NOT_FIT_VALIDATED
DUC-F-06138,p4-4x2,Yellow,#F4EE2A,38,6117,-6.0,-50.0,91.2,0,CONCEPT_NOT_FIT_VALIDATED
DUC-F-06139,p4-4x2,Yellow,#F4EE2A,38,6118,-6.0,-42.0,91.2,0,CONCEPT_NOT_FIT_VALIDATED
DUC-F-06140,p4-4x2,Yellow,#F4EE2A,38,6119,-6.0,-34.0,91.2,0,CONCEPT_NOT_FIT_VALIDATED
DUC-F-06141,p4-4x2,Yellow,#F4EE2A,38,6120,-6.0,-26.0,91.2,0,CONCEPT_NOT_FIT_VALIDATED
DUC-F-06142,p4-4x2,Yellow,#F4EE2A,38,6121,-6.0,-18.0,91.2,0,CONCEPT_NOT_FIT_VALIDATED
DUC-F-06143,p4-4x2,Yellow,#F4EE2A,38,6122,-6.0,-10.0,91.2,0,CONCEPT_NOT_FIT_VALIDATED
DUC-F-06144,p4-4x2,Yellow,#F4EE2A,38,6123,-6.0,-2.0,91.2,0,CONCEPT_NOT_FIT_VALIDATED
DUC-F-06145,p4-4x2,Yellow,#F4EE2A,38,6124,-6.0,6.0,91.2,0,CONCEPT_NOT_FIT_VALIDATED
DUC-F-06146,p4-4x2,Yellow,#F4EE2A,38,6125,-6.0,14.0,91.2,0,CONCEPT_NOT_FIT_VALIDATED
DUC-F-06147,p4-4x2,Yellow,#F4EE2A,38,6126,-6.0,22.0,91.2,0,CONCEPT_NOT_FIT_VALIDATED
DUC-F-06148,p4-4x2,Yellow,#F4EE2A,38,6127,-6.0,30.0,91.2,0,CONCEPT_NOT_FIT_VALIDATED
DUC-F-06149,p4-4x2,Yellow,#F4EE2A,38,6128,-6.0,38.0,91.2,0,CONCEPT_NOT_FIT_VALIDATED
DUC-F-06150,p4-4x2,Yellow,#F4EE2A,38,6129,-6.0,46.0,91.2,0,CONCEPT_NOT_FIT_VALIDATED
DUC-F-06151,p4-4x1,Yellow,#F4EE2A,38,6130,-6.0,52.0,91.2,0,CONCEPT_NOT_FIT_VALIDATED
DUC-F-06152,p4-3x2,Yellow,#F4EE2A,38,6131,-4.0,-98.0,91.2,0,CONCEPT_NOT_FIT_VALIDATED
DUC-F-06153,p4-3x2,Yellow,#F4EE2A,38,6132,-4.0,-90.0,91.2,0,CONCEPT_NOT_FIT_VALIDATED
DUC-F-06154,p4-3x2,Yellow,#F4EE2A,38,6133,-4.0,-82.0,91.2,0,CONCEPT_NOT_FIT_VALIDATED
DUC-F-06155,p4-3x1,Yellow,#F4EE2A,38,6134,-4.0,-76.0,91.2,0,CONCEPT_NOT_FIT_VALIDATED
DUC-F-06157,p4-2x2,Yellow,#F4EE2A,38,6135,6.0,-98.0,91.2,0,CONCEPT_NOT_FIT_VALIDATED
DUC-F-06158,p4-2x2,Yellow,#F4EE2A,38,6136,6.0,-90.0,91.2,0,CONCEPT_NOT_FIT_VALIDATED
DUC-F-06159,p4-2x2,Yellow,#F4EE2A,38,6137,6.0,-82.0,91.2,0,CONCEPT_NOT_FIT_VALIDATED
DUC-F-06160,p4-2x2,Yellow,#F4EE2A,38,6138,6.0,-74.0,91.2,0,CONCEPT_NOT_FIT_VALIDATED
DUC-F-06161,p4-4x2,Yellow,#F4EE2A,38,6139,10.0,-66.0,91.2,0,CONCEPT_NOT_FIT_VALIDATED
DUC-F-06162,p4-4x2,Yellow,#F4EE2A,38,6140,10.0,-58.0,91.2,0,CONCEPT_NOT_FIT_VALIDATED
DUC-F-06163,p4-4x2,Yellow,#F4EE2A,38,6141,10.0,-50.0,91.2,0,CONCEPT_NOT_FIT_VALIDATED
DUC-F-06164,p4-4x2,Yellow,#F4EE2A,38,6142,10.0,-42.0,91.2,0,CONCEPT_NOT_FIT_VALIDATED
DUC-F-06165,p4-4x2,Yellow,#F4EE2A,38,6143,10.0,-34.0,91.2,0,CONCEPT_NOT_FIT_VALIDATED
DUC-F-06166,p4-4x2,Yellow,#F4EE2A,38,6144,10.0,-26.0,91.2,0,CONCEPT_NOT_FIT_VALIDATED
DUC-F-06167,p4-4x2,Yellow,#F4EE2A,38,6145,10.0,-18.0,91.2,0,CONCEPT_NOT_FIT_VALIDATED
DUC-F-06168,p4-4x2,Yellow,#F4EE2A,38,6146,10.0,-10.0,91.2,0,CONCEPT_NOT_FIT_VALIDATED
DUC-F-06169,p4-4x2,Yellow,#F4EE2A,38,6147,10.0,-2.0,91.2,0,CONCEPT_NOT_FIT_VALIDATED
DUC-F-06170,p4-4x2,Yellow,#F4EE2A,38,6148,10.0,6.0,91.2,0,CONCEPT_NOT_FIT_VALIDATED
DUC-F-06171,p4-4x2,Yellow,#F4EE2A,38,6149,10.0,14.0,91.2,0,CONCEPT_NOT_FIT_VALIDATED
DUC-F-06172,p4-4x2,Yellow,#F4EE2A,38,6150,10.0,22.0,91.2,0,CONCEPT_NOT_FIT_VALIDATED
DUC-F-06173,p4-4x2,Yellow,#F4EE2A,38,6151,10.0,30.0,91.2,0,CONCEPT_NOT_FIT_VALIDATED
DUC-F-06174,p4-4x2,Yellow,#F4EE2A,38,6152,10.0,38.0,91.2,0,CONCEPT_NOT_FIT_VALIDATED
DUC-F-06175,p4-4x2,Yellow,#F4EE2A,38,6153,10.0,46.0,91.2,0,CONCEPT_NOT_FIT_VALIDATED
DUC-F-06176,p4-4x1,Yellow,#F4EE2A,38,6154,10.0,52.0,91.2,0,CONCEPT_NOT_FIT_VALIDATED
DUC-F-06177,p4-2x2,Pumpkin orange,#FF9016,38,6155,14.0,-98.0,91.2,0,CONCEPT_NOT_FIT_VALIDATED
DUC-F-06178,p4-2x1,Pumpkin orange,#FF9016,38,6156,12.0,-90.0,91.2,90,CONCEPT_NOT_FIT_VALIDATED
DUC-F-06179,p4-2x1,Pumpkin orange,#FF9016,38,6157,12.0,-82.0,91.2,90,CONCEPT_NOT_FIT_VALIDATED
DUC-F-06180,p4-1x1,Pumpkin orange,#FF9016,38,6158,12.0,-76.0,91.2,0,CONCEPT_NOT_FIT_VALIDATED
DUC-F-06181,p4-1x1,Yellow,#F4EE2A,38,6159,12.0,-72.0,91.2,0,CONCEPT_NOT_FIT_VALIDATED
DUC-F-06182,p4-1x1,Pumpkin orange,#FF9016,38,6160,16.0,-72.0,91.2,0,CONCEPT_NOT_FIT_VALIDATED
DUC-F-06183,p4-1x1,Pumpkin orange,#FF9016,38,6161,20.0,-68.0,91.2,0,CONCEPT_NOT_FIT_VALIDATED
DUC-F-06184,p4-3x1,Yellow,#F4EE2A,38,6162,24.0,-64.0,91.2,0,CONCEPT_NOT_FIT_VALIDATED
DUC-F-05909,p4-1x1,Pumpkin orange,#FF9016,37,6163,28.0,-64.0,88.8,0,CONCEPT_NOT_FIT_VALIDATED
DUC-F-05836,p4-1x1,Pumpkin orange,#FF9016,36,6164,28.0,-64.0,86.4,0,CONCEPT_NOT_FIT_VALIDATED
DUC-F-05483,p4-2x1,Pumpkin orange,#FF9016,35,6165,28.0,-62.0,84.0,90,CONCEPT_NOT_FIT_VALIDATED
DUC-F-05388,p4-2x1,Pumpkin orange,#FF9016,34,6166,28.0,-66.0,81.6,90,CONCEPT_NOT_FIT_VALIDATED
DUC-F-05389,p4-1x1,Pumpkin orange,#FF9016,34,6167,28.0,-60.0,81.6,0,CONCEPT_NOT_FIT_VALIDATED
DUC-F-05445,p4-2x1,Pumpkin orange,#FF9016,35,6168,28.0,-70.0,84.0,90,CONCEPT_NOT_FIT_VALIDATED
DUC-F-05835,p4-1x1,Pumpkin orange,#FF9016,36,6169,28.0,-68.0,86.4,0,CONCEPT_NOT_FIT_VALIDATED
DUC-F-05837,p4-3x1,Yellow,#F4EE2A,36,6170,32.0,-60.0,86.4,0,CONCEPT_NOT_FIT_VALIDATED
DUC-F-05912,p4-1x1,Yellow,#F4EE2A,37,6171,28.0,-60.0,88.8,0,CONCEPT_NOT_FIT_VALIDATED
DUC-F-05913,p4-2x1,Yellow,#F4EE2A,37,6172,34.0,-60.0,88.8,0,CONCEPT_NOT_FIT_VALIDATED
DUC-F-06185,p4-4x2,Yellow,#F4EE2A,38,6173,26.0,-58.0,91.2,0,CONCEPT_NOT_FIT_VALIDATED
DUC-F-06186,p4-4x2,Yellow,#F4EE2A,38,6174,26.0,-50.0,91.2,0,CONCEPT_NOT_FIT_VALIDATED
DUC-F-06187,p4-4x2,Yellow,#F4EE2A,38,6175,26.0,-42.0,91.2,0,CONCEPT_NOT_FIT_VALIDATED
DUC-F-06188,p4-4x2,Yellow,#F4EE2A,38,6176,26.0,-34.0,91.2,0,CONCEPT_NOT_FIT_VALIDATED
DUC-F-06189,p4-4x2,Yellow,#F4EE2A,38,6177,26.0,-26.0,91.2,0,CONCEPT_NOT_FIT_VALIDATED
DUC-F-06190,p4-4x2,Yellow,#F4EE2A,38,6178,26.0,-18.0,91.2,0,CONCEPT_NOT_FIT_VALIDATED
DUC-F-06191,p4-4x2,Yellow,#F4EE2A,38,6179,26.0,-10.0,91.2,0,CONCEPT_NOT_FIT_VALIDATED
DUC-F-06192,p4-4x2,Yellow,#F4EE2A,38,6180,26.0,-2.0,91.2,0,CONCEPT_NOT_FIT_VALIDATED
DUC-F-06193,p4-4x2,Yellow,#F4EE2A,38,6181,26.0,6.0,91.2,0,CONCEPT_NOT_FIT_VALIDATED
DUC-F-06194,p4-4x2,Yellow,#F4EE2A,38,6182,26.0,14.0,91.2,0,CONCEPT_NOT_FIT_VALIDATED
DUC-F-06195,p4-4x2,Yellow,#F4EE2A,38,6183,26.0,22.0,91.2,0,CONCEPT_NOT_FIT_VALIDATED
DUC-F-06196,p4-4x2,Yellow,#F4EE2A,38,6184,26.0,30.0,91.2,0,CONCEPT_NOT_FIT_VALIDATED
DUC-F-06197,p4-4x2,Yellow,#F4EE2A,38,6185,26.0,38.0,91.2,0,CONCEPT_NOT_FIT_VALIDATED
DUC-F-06198,p4-3x2,Yellow,#F4EE2A,38,6186,24.0,46.0,91.2,0,CONCEPT_NOT_FIT_VALIDATED
DUC-F-06199,p4-1x1,Yellow,#F4EE2A,38,6187,32.0,44.0,91.2,0,CONCEPT_NOT_FIT_VALIDATED
DUC-F-06200,p4-1x1,Black,#000000,38,6188,36.0,-60.0,91.2,0,CONCEPT_NOT_FIT_VALIDATED
DUC-F-06201,p4-1x1,Yellow,#F4EE2A,38,6189,36.0,-56.0,91.2,0,CONCEPT_NOT_FIT_VALIDATED
DUC-F-06202,p4-4x2,Yellow,#F4EE2A,38,6190,42.0,-50.0,91.2,0,CONCEPT_NOT_FIT_VALIDATED
DUC-F-06203,p4-4x2,Yellow,#F4EE2A,38,6191,42.0,-42.0,91.2,0,CONCEPT_NOT_FIT_VALIDATED
DUC-F-06204,p4-4x2,Yellow,#F4EE2A,38,6192,42.0,-34.0,91.2,0,CONCEPT_NOT_FIT_VALIDATED
DUC-F-06205,p4-4x2,Yellow,#F4EE2A,38,6193,42.0,-26.0,91.2,0,CONCEPT_NOT_FIT_VALIDATED
DUC-F-06206,p4-4x2,Yellow,#F4EE2A,38,6194,42.0,-18.0,91.2,0,CONCEPT_NOT_FIT_VALIDATED
DUC-F-06207,p4-4x2,Yellow,#F4EE2A,38,6195,42.0,-10.0,91.2,0,CONCEPT_NOT_FIT_VALIDATED
DUC-F-06208,p4-4x2,Yellow,#F4EE2A,38,6196,42.0,-2.0,91.2,0,CONCEPT_NOT_FIT_VALIDATED
DUC-F-06209,p4-4x2,Yellow,#F4EE2A,38,6197,42.0,6.0,91.2,0,CONCEPT_NOT_FIT_VALIDATED
DUC-F-06210,p4-4x2,Yellow,#F4EE2A,38,6198,42.0,14.0,91.2,0,CONCEPT_NOT_FIT_VALIDATED
DUC-F-06211,p4-4x2,Yellow,#F4EE2A,38,6199,42.0,22.0,91.2,0,CONCEPT_NOT_FIT_VALIDATED
DUC-F-06212,p4-4x2,Yellow,#F4EE2A,38,6200,42.0,30.0,91.2,0,CONCEPT_NOT_FIT_VALIDATED
DUC-F-06213,p4-2x2,Yellow,#F4EE2A,38,6201,38.0,38.0,91.2,0,CONCEPT_NOT_FIT_VALIDATED
DUC-F-06214,p4-1x1,Yellow,#F4EE2A,38,6202,36.0,44.0,91.2,0,CONCEPT_NOT_FIT_VALIDATED
DUC-F-06215,p4-2x1,Black,#000000,38,6203,42.0,-56.0,91.2,0,CONCEPT_NOT_FIT_VALIDATED
DUC-F-06216,p4-3x2,Yellow,#F4EE2A,38,6204,44.0,62.0,91.2,0,CONCEPT_NOT_FIT_VALIDATED
DUC-F-06217,p4-1x1,Yellow,#F4EE2A,38,6205,44.0,36.0,91.2,0,CONCEPT_NOT_FIT_VALIDATED
DUC-F-06218,p4-2x1,Yellow,#F4EE2A,38,6206,46.0,48.0,91.2,0,CONCEPT_NOT_FIT_VALIDATED
DUC-F-06219,p4-2x2,Yellow,#F4EE2A,38,6207,46.0,54.0,91.2,0,CONCEPT_NOT_FIT_VALIDATED
DUC-F-06220,p4-2x2,Yellow,#F4EE2A,38,6208,46.0,70.0,91.2,0,CONCEPT_NOT_FIT_VALIDATED
DUC-F-06221,p4-2x2,Yellow,#F4EE2A,38,6209,46.0,78.0,91.2,0,CONCEPT_NOT_FIT_VALIDATED
DUC-F-06222,p4-1x1,Yellow,#F4EE2A,38,6210,48.0,44.0,91.2,0,CONCEPT_NOT_FIT_VALIDATED
DUC-F-06223,p4-1x1,Yellow,#F4EE2A,38,6211,48.0,84.0,91.2,0,CONCEPT_NOT_FIT_VALIDATED
DUC-F-06224,p4-1x1,Yellow,#F4EE2A,38,6212,52.0,-48.0,91.2,0,CONCEPT_NOT_FIT_VALIDATED
DUC-F-06225,p4-2x2,Yellow,#F4EE2A,38,6213,54.0,-42.0,91.2,0,CONCEPT_NOT_FIT_VALIDATED
DUC-F-06226,p4-3x2,Yellow,#F4EE2A,38,6214,56.0,-34.0,91.2,0,CONCEPT_NOT_FIT_VALIDATED
DUC-F-06227,p4-3x2,Yellow,#F4EE2A,38,6215,56.0,-26.0,91.2,0,CONCEPT_NOT_FIT_VALIDATED
DUC-F-06228,p4-4x2,Yellow,#F4EE2A,38,6216,58.0,-18.0,91.2,0,CONCEPT_NOT_FIT_VALIDATED
DUC-F-06229,p4-4x2,Yellow,#F4EE2A,38,6217,58.0,-10.0,91.2,0,CONCEPT_NOT_FIT_VALIDATED
DUC-F-05964,p4-1x1,Yellow,#F4EE2A,37,6218,64.0,-12.0,88.8,0,CONCEPT_NOT_FIT_VALIDATED
DUC-F-06230,p4-4x2,Yellow,#F4EE2A,38,6219,58.0,-2.0,91.2,0,CONCEPT_NOT_FIT_VALIDATED
DUC-F-06231,p4-3x2,Yellow,#F4EE2A,38,6220,56.0,6.0,91.2,0,CONCEPT_NOT_FIT_VALIDATED
DUC-F-06232,p4-2x2,Yellow,#F4EE2A,38,6221,54.0,14.0,91.2,0,CONCEPT_NOT_FIT_VALIDATED
DUC-F-06233,p4-2x1,Yellow,#F4EE2A,38,6222,54.0,20.0,91.2,0,CONCEPT_NOT_FIT_VALIDATED
DUC-F-06234,p4-1x1,Yellow,#F4EE2A,38,6223,52.0,24.0,91.2,0,CONCEPT_NOT_FIT_VALIDATED
DUC-F-06235,p4-1x1,Yellow,#F4EE2A,38,6224,52.0,28.0,91.2,0,CONCEPT_NOT_FIT_VALIDATED
DUC-F-06236,p4-2x1,Yellow,#F4EE2A,38,6225,54.0,40.0,91.2,0,CONCEPT_NOT_FIT_VALIDATED
DUC-F-06237,p4-3x2,Yellow,#F4EE2A,38,6226,56.0,46.0,91.2,0,CONCEPT_NOT_FIT_VALIDATED
DUC-F-06238,p4-3x2,Yellow,#F4EE2A,38,6227,56.0,54.0,91.2,0,CONCEPT_NOT_FIT_VALIDATED
DUC-F-06239,p4-2x2,Yellow,#F4EE2A,38,6228,54.0,62.0,91.2,0,CONCEPT_NOT_FIT_VALIDATED
DUC-F-06240,p4-2x1,Yellow,#F4EE2A,38,6229,54.0,68.0,91.2,0,CONCEPT_NOT_FIT_VALIDATED
DUC-F-06241,p4-1x1,Yellow,#F4EE2A,38,6230,52.0,72.0,91.2,0,CONCEPT_NOT_FIT_VALIDATED
DUC-F-06242,p4-2x1,Yellow,#F4EE2A,38,6231,52.0,78.0,91.2,90,CONCEPT_NOT_FIT_VALIDATED
DUC-F-06243,p4-1x1,Yellow,#F4EE2A,38,6232,60.0,12.0,91.2,0,CONCEPT_NOT_FIT_VALIDATED
DUC-F-06244,p4-1x1,Yellow,#F4EE2A,38,6233,60.0,60.0,91.2,0,CONCEPT_NOT_FIT_VALIDATED
DUC-F-06245,p4-3x1,Pumpkin orange,#FF9016,39,6234,-8.0,-100.0,93.6,90,CONCEPT_NOT_FIT_VALIDATED
DUC-F-06130,p4-4x1,Pumpkin orange,#FF9016,38,6235,-6.0,-104.0,91.2,0,CONCEPT_NOT_FIT_VALIDATED
DUC-F-05877,p4-1x1,Pumpkin orange,#FF9016,37,6236,-12.0,-104.0,88.8,0,CONCEPT_NOT_FIT_VALIDATED
DUC-F-05744,p4-1x1,Pumpkin orange,#FF9016,36,6237,-12.0,-104.0,86.4,0,CONCEPT_NOT_FIT_VALIDATED
DUC-F-05878,p4-2x1,Pumpkin orange,#FF9016,37,6238,-6.0,-104.0,88.8,0,CONCEPT_NOT_FIT_VALIDATED
DUC-F-05748,p4-4x1,Pumpkin orange,#FF9016,36,6239,-2.0,-104.0,86.4,0,CONCEPT_NOT_FIT_VALIDATED
DUC-F-05879,p4-2x1,Pumpkin orange,#FF9016,37,6240,2.0,-104.0,88.8,0,CONCEPT_NOT_FIT_VALIDATED
DUC-F-06156,p4-3x1,Pumpkin orange,#FF9016,38,6241,8.0,-104.0,91.2,0,CONCEPT_NOT_FIT_VALIDATED
DUC-F-05880,p4-2x1,Pumpkin orange,#FF9016,37,6242,10.0,-104.0,88.8,0,CONCEPT_NOT_FIT_VALIDATED
DUC-F-05778,p4-2x1,Pumpkin orange,#FF9016,36,6243,10.0,-104.0,86.4,0,CONCEPT_NOT_FIT_VALIDATED
DUC-F-06246,p4-3x2,Pumpkin orange,#FF9016,39,6244,-2.0,-100.0,93.6,90,CONCEPT_NOT_FIT_VALIDATED
DUC-F-06247,p4-3x2,Pumpkin orange,#FF9016,39,6245,6.0,-100.0,93.6,90,CONCEPT_NOT_FIT_VALIDATED
DUC-F-06248,p4-4x1,Pumpkin orange,#FF9016,39,6246,-8.0,-86.0,93.6,90,CONCEPT_NOT_FIT_VALIDATED
DUC-F-06249,p4-3x2,Pumpkin orange,#FF9016,39,6247,-2.0,-88.0,93.6,90,CONCEPT_NOT_FIT_VALIDATED
DUC-F-06250,p4-3x2,Pumpkin orange,#FF9016,39,6248,6.0,-88.0,93.6,90,CONCEPT_NOT_FIT_VALIDATED
DUC-F-06251,p4-2x1,Yellow,#F4EE2A,39,6249,-2.0,-80.0,93.6,0,CONCEPT_NOT_FIT_VALIDATED
DUC-F-06252,p4-1x1,Yellow,#F4EE2A,39,6250,4.0,-80.0,93.6,0,CONCEPT_NOT_FIT_VALIDATED
DUC-F-06253,p4-1x1,Pumpkin orange,#FF9016,39,6251,8.0,-80.0,93.6,0,CONCEPT_NOT_FIT_VALIDATED
DUC-F-06254,p4-1x1,Pumpkin orange,#FF9016,39,6252,-8.0,-76.0,93.6,0,CONCEPT_NOT_FIT_VALIDATED
DUC-F-06255,p4-4x2,Yellow,#F4EE2A,39,6253,-2.0,-70.0,93.6,90,CONCEPT_NOT_FIT_VALIDATED
DUC-F-06256,p4-4x1,Yellow,#F4EE2A,39,6254,4.0,-70.0,93.6,90,CONCEPT_NOT_FIT_VALIDATED
DUC-F-06257,p4-1x1,Pumpkin orange,#FF9016,39,6255,8.0,-76.0,93.6,0,CONCEPT_NOT_FIT_VALIDATED
DUC-F-06258,p4-1x1,Pumpkin orange,#FF9016,39,6256,-12.0,-72.0,93.6,0,CONCEPT_NOT_FIT_VALIDATED
DUC-F-06259,p4-3x1,Yellow,#F4EE2A,39,6257,-8.0,-68.0,93.6,90,CONCEPT_NOT_FIT_VALIDATED
DUC-F-06260,p4-3x1,Yellow,#F4EE2A,39,6258,8.0,-68.0,93.6,90,CONCEPT_NOT_FIT_VALIDATED
DUC-F-06261,p4-1x1,Pumpkin orange,#FF9016,39,6259,12.0,-72.0,93.6,0,CONCEPT_NOT_FIT_VALIDATED
DUC-F-06262,p4-2x2,Yellow,#F4EE2A,39,6260,-18.0,-66.0,93.6,0,CONCEPT_NOT_FIT_VALIDATED
DUC-F-06263,p4-2x1,Yellow,#F4EE2A,39,6261,-12.0,-66.0,93.6,90,CONCEPT_NOT_FIT_VALIDATED
DUC-F-06264,p4-2x2,Yellow,#F4EE2A,39,6262,14.0,-66.0,93.6,0,CONCEPT_NOT_FIT_VALIDATED
DUC-F-06265,p4-2x1,Yellow,#F4EE2A,39,6263,20.0,-66.0,93.6,90,CONCEPT_NOT_FIT_VALIDATED
DUC-F-06267,p4-2x1,Yellow,#F4EE2A,39,6264,-26.0,-64.0,93.6,0,CONCEPT_NOT_FIT_VALIDATED
DUC-F-06268,p4-1x1,Yellow,#F4EE2A,39,6265,24.0,-64.0,93.6,0,CONCEPT_NOT_FIT_VALIDATED
DUC-F-06269,p4-1x1,Yellow,#F4EE2A,39,6266,28.0,-64.0,93.6,0,CONCEPT_NOT_FIT_VALIDATED
DUC-F-06272,p4-1x1,Black,#000000,39,6267,-36.0,-60.0,93.6,0,CONCEPT_NOT_FIT_VALIDATED
DUC-F-06273,p4-4x1,Yellow,#F4EE2A,39,6268,-32.0,-54.0,93.6,90,CONCEPT_NOT_FIT_VALIDATED
DUC-F-06274,p4-4x2,Yellow,#F4EE2A,39,6269,-26.0,-54.0,93.6,90,CONCEPT_NOT_FIT_VALIDATED
DUC-F-06275,p4-4x2,Yellow,#F4EE2A,39,6270,-18.0,-54.0,93.6,90,CONCEPT_NOT_FIT_VALIDATED
DUC-F-06276,p4-4x2,Yellow,#F4EE2A,39,6271,-10.0,-54.0,93.6,90,CONCEPT_NOT_FIT_VALIDATED
DUC-F-06277,p4-4x2,Yellow,#F4EE2A,39,6272,-2.0,-54.0,93.6,90,CONCEPT_NOT_FIT_VALIDATED
DUC-F-06278,p4-4x2,Yellow,#F4EE2A,39,6273,6.0,-54.0,93.6,90,CONCEPT_NOT_FIT_VALIDATED
DUC-F-06279,p4-4x2,Yellow,#F4EE2A,39,6274,14.0,-54.0,93.6,90,CONCEPT_NOT_FIT_VALIDATED
DUC-F-06280,p4-4x2,Yellow,#F4EE2A,39,6275,22.0,-54.0,93.6,90,CONCEPT_NOT_FIT_VALIDATED
DUC-F-06281,p4-4x2,Yellow,#F4EE2A,39,6276,30.0,-54.0,93.6,90,CONCEPT_NOT_FIT_VALIDATED
DUC-F-06282,p4-2x1,Black,#000000,39,6277,38.0,-60.0,93.6,0,CONCEPT_NOT_FIT_VALIDATED
DUC-F-06283,p4-1x1,Black,#000000,39,6278,-44.0,-56.0,93.6,0,CONCEPT_NOT_FIT_VALIDATED
DUC-F-06284,p4-3x1,Yellow,#F4EE2A,39,6279,-40.0,-52.0,93.6,90,CONCEPT_NOT_FIT_VALIDATED
DUC-F-06285,p4-3x1,Yellow,#F4EE2A,39,6280,-36.0,-52.0,93.6,90,CONCEPT_NOT_FIT_VALIDATED
DUC-F-06286,p4-3x2,Yellow,#F4EE2A,39,6281,38.0,-52.0,93.6,90,CONCEPT_NOT_FIT_VALIDATED
DUC-F-06287,p4-1x1,Black,#000000,39,6282,44.0,-56.0,93.6,0,CONCEPT_NOT_FIT_VALIDATED
DUC-F-06288,p4-2x1,Yellow,#F4EE2A,39,6283,-48.0,-50.0,93.6,90,CONCEPT_NOT_FIT_VALIDATED
DUC-F-06289,p4-2x1,Yellow,#F4EE2A,39,6284,-44.0,-50.0,93.6,90,CONCEPT_NOT_FIT_VALIDATED
DUC-F-06290,p4-2x2,Yellow,#F4EE2A,39,6285,46.0,-50.0,93.6,0,CONCEPT_NOT_FIT_VALIDATED
DUC-F-06291,p4-1x1,Yellow,#F4EE2A,39,6286,-52.0,-48.0,93.6,0,CONCEPT_NOT_FIT_VALIDATED
DUC-F-06292,p4-1x1,Yellow,#F4EE2A,39,6287,52.0,-48.0,93.6,0,CONCEPT_NOT_FIT_VALIDATED
DUC-F-06293,p4-4x1,Yellow,#F4EE2A,39,6288,-56.0,-38.0,93.6,90,CONCEPT_NOT_FIT_VALIDATED
DUC-F-06294,p4-4x2,Yellow,#F4EE2A,39,6289,-50.0,-38.0,93.6,90,CONCEPT_NOT_FIT_VALIDATED
DUC-F-06295,p4-4x2,Yellow,#F4EE2A,39,6290,-42.0,-38.0,93.6,90,CONCEPT_NOT_FIT_VALIDATED
DUC-F-06296,p4-4x2,Yellow,#F4EE2A,39,6291,-34.0,-38.0,93.6,90,CONCEPT_NOT_FIT_VALIDATED
DUC-F-06297,p4-4x2,Yellow,#F4EE2A,39,6292,-26.0,-38.0,93.6,90,CONCEPT_NOT_FIT_VALIDATED
DUC-F-06298,p4-4x2,Yellow,#F4EE2A,39,6293,-18.0,-38.0,93.6,90,CONCEPT_NOT_FIT_VALIDATED
DUC-F-06299,p4-4x2,Yellow,#F4EE2A,39,6294,-10.0,-38.0,93.6,90,CONCEPT_NOT_FIT_VALIDATED
DUC-F-06300,p4-4x2,Yellow,#F4EE2A,39,6295,-2.0,-38.0,93.6,90,CONCEPT_NOT_FIT_VALIDATED
DUC-F-06301,p4-4x2,Yellow,#F4EE2A,39,6296,6.0,-38.0,93.6,90,CONCEPT_NOT_FIT_VALIDATED
DUC-F-06302,p4-4x2,Yellow,#F4EE2A,39,6297,14.0,-38.0,93.6,90,CONCEPT_NOT_FIT_VALIDATED
DUC-F-06303,p4-4x2,Yellow,#F4EE2A,39,6298,22.0,-38.0,93.6,90,CONCEPT_NOT_FIT_VALIDATED
DUC-F-06304,p4-4x2,Yellow,#F4EE2A,39,6299,30.0,-38.0,93.6,90,CONCEPT_NOT_FIT_VALIDATED
DUC-F-06305,p4-4x2,Yellow,#F4EE2A,39,6300,38.0,-38.0,93.6,90,CONCEPT_NOT_FIT_VALIDATED
DUC-F-06306,p4-4x2,Yellow,#F4EE2A,39,6301,46.0,-38.0,93.6,90,CONCEPT_NOT_FIT_VALIDATED
DUC-F-06307,p4-4x2,Yellow,#F4EE2A,39,6302,54.0,-38.0,93.6,90,CONCEPT_NOT_FIT_VALIDATED
DUC-F-06308,p4-2x1,Yellow,#F4EE2A,39,6303,-60.0,-34.0,93.6,90,CONCEPT_NOT_FIT_VALIDATED
DUC-F-06309,p4-2x1,Yellow,#F4EE2A,39,6304,60.0,-34.0,93.6,90,CONCEPT_NOT_FIT_VALIDATED
DUC-F-06310,p4-4x2,Yellow,#F4EE2A,39,6305,-58.0,-22.0,93.6,90,CONCEPT_NOT_FIT_VALIDATED
DUC-F-06311,p4-4x2,Yellow,#F4EE2A,39,6306,-50.0,-22.0,93.6,90,CONCEPT_NOT_FIT_VALIDATED
DUC-F-06312,p4-4x2,Yellow,#F4EE2A,39,6307,-42.0,-22.0,93.6,90,CONCEPT_NOT_FIT_VALIDATED
DUC-F-06313,p4-4x2,Yellow,#F4EE2A,39,6308,-34.0,-22.0,93.6,90,CONCEPT_NOT_FIT_VALIDATED
DUC-F-06314,p4-4x2,Yellow,#F4EE2A,39,6309,-26.0,-22.0,93.6,90,CONCEPT_NOT_FIT_VALIDATED
DUC-F-06315,p4-4x2,Yellow,#F4EE2A,39,6310,-18.0,-22.0,93.6,90,CONCEPT_NOT_FIT_VALIDATED
DUC-F-06316,p4-4x2,Yellow,#F4EE2A,39,6311,-10.0,-22.0,93.6,90,CONCEPT_NOT_FIT_VALIDATED
DUC-F-06317,p4-4x2,Yellow,#F4EE2A,39,6312,-2.0,-22.0,93.6,90,CONCEPT_NOT_FIT_VALIDATED
DUC-F-06318,p4-4x2,Yellow,#F4EE2A,39,6313,6.0,-22.0,93.6,90,CONCEPT_NOT_FIT_VALIDATED
DUC-F-06319,p4-4x2,Yellow,#F4EE2A,39,6314,14.0,-22.0,93.6,90,CONCEPT_NOT_FIT_VALIDATED
DUC-F-06320,p4-4x2,Yellow,#F4EE2A,39,6315,22.0,-22.0,93.6,90,CONCEPT_NOT_FIT_VALIDATED
DUC-F-06321,p4-4x2,Yellow,#F4EE2A,39,6316,30.0,-22.0,93.6,90,CONCEPT_NOT_FIT_VALIDATED
DUC-F-06322,p4-4x2,Yellow,#F4EE2A,39,6317,38.0,-22.0,93.6,90,CONCEPT_NOT_FIT_VALIDATED
DUC-F-06323,p4-4x2,Yellow,#F4EE2A,39,6318,46.0,-22.0,93.6,90,CONCEPT_NOT_FIT_VALIDATED
DUC-F-06324,p4-4x2,Yellow,#F4EE2A,39,6319,54.0,-22.0,93.6,90,CONCEPT_NOT_FIT_VALIDATED
DUC-F-06325,p4-4x1,Yellow,#F4EE2A,39,6320,60.0,-22.0,93.6,90,CONCEPT_NOT_FIT_VALIDATED
DUC-F-06327,p4-3x1,Yellow,#F4EE2A,39,6321,64.0,-20.0,93.6,90,CONCEPT_NOT_FIT_VALIDATED
DUC-F-06328,p4-4x1,Yellow,#F4EE2A,39,6322,-64.0,-6.0,93.6,90,CONCEPT_NOT_FIT_VALIDATED
DUC-F-06063,p4-2x1,Yellow,#F4EE2A,38,6323,-64.0,-2.0,91.2,90,CONCEPT_NOT_FIT_VALIDATED
DUC-F-06329,p4-4x2,Yellow,#F4EE2A,39,6324,-58.0,-6.0,93.6,90,CONCEPT_NOT_FIT_VALIDATED
DUC-F-06330,p4-4x2,Yellow,#F4EE2A,39,6325,-50.0,-6.0,93.6,90,CONCEPT_NOT_FIT_VALIDATED
DUC-F-06331,p4-4x2,Yellow,#F4EE2A,39,6326,-42.0,-6.0,93.6,90,CONCEPT_NOT_FIT_VALIDATED
DUC-F-06332,p4-4x2,Yellow,#F4EE2A,39,6327,-34.0,-6.0,93.6,90,CONCEPT_NOT_FIT_VALIDATED
DUC-F-06333,p4-4x2,Yellow,#F4EE2A,39,6328,-26.0,-6.0,93.6,90,CONCEPT_NOT_FIT_VALIDATED
DUC-F-06334,p4-4x2,Yellow,#F4EE2A,39,6329,-18.0,-6.0,93.6,90,CONCEPT_NOT_FIT_VALIDATED
DUC-F-06335,p4-4x2,Yellow,#F4EE2A,39,6330,-10.0,-6.0,93.6,90,CONCEPT_NOT_FIT_VALIDATED
DUC-F-06336,p4-4x2,Yellow,#F4EE2A,39,6331,-2.0,-6.0,93.6,90,CONCEPT_NOT_FIT_VALIDATED
DUC-F-06337,p4-4x2,Yellow,#F4EE2A,39,6332,6.0,-6.0,93.6,90,CONCEPT_NOT_FIT_VALIDATED
DUC-F-06338,p4-4x2,Yellow,#F4EE2A,39,6333,14.0,-6.0,93.6,90,CONCEPT_NOT_FIT_VALIDATED
DUC-F-06339,p4-4x2,Yellow,#F4EE2A,39,6334,22.0,-6.0,93.6,90,CONCEPT_NOT_FIT_VALIDATED
DUC-F-06340,p4-4x2,Yellow,#F4EE2A,39,6335,30.0,-6.0,93.6,90,CONCEPT_NOT_FIT_VALIDATED
DUC-F-06341,p4-4x2,Yellow,#F4EE2A,39,6336,38.0,-6.0,93.6,90,CONCEPT_NOT_FIT_VALIDATED
DUC-F-06342,p4-4x2,Yellow,#F4EE2A,39,6337,46.0,-6.0,93.6,90,CONCEPT_NOT_FIT_VALIDATED
DUC-F-06343,p4-4x2,Yellow,#F4EE2A,39,6338,54.0,-6.0,93.6,90,CONCEPT_NOT_FIT_VALIDATED
DUC-F-06344,p4-4x2,Yellow,#F4EE2A,39,6339,62.0,-6.0,93.6,90,CONCEPT_NOT_FIT_VALIDATED
DUC-F-06346,p4-4x2,Yellow,#F4EE2A,39,6340,-58.0,10.0,93.6,90,CONCEPT_NOT_FIT_VALIDATED
DUC-F-06347,p4-4x2,Yellow,#F4EE2A,39,6341,-50.0,10.0,93.6,90,CONCEPT_NOT_FIT_VALIDATED
DUC-F-06348,p4-4x2,Yellow,#F4EE2A,39,6342,-42.0,10.0,93.6,90,CONCEPT_NOT_FIT_VALIDATED
DUC-F-06349,p4-4x2,Yellow,#F4EE2A,39,6343,-34.0,10.0,93.6,90,CONCEPT_NOT_FIT_VALIDATED
DUC-F-06350,p4-4x2,Yellow,#F4EE2A,39,6344,-26.0,10.0,93.6,90,CONCEPT_NOT_FIT_VALIDATED
DUC-F-06351,p4-4x2,Yellow,#F4EE2A,39,6345,-18.0,10.0,93.6,90,CONCEPT_NOT_FIT_VALIDATED
DUC-F-06352,p4-4x2,Yellow,#F4EE2A,39,6346,-10.0,10.0,93.6,90,CONCEPT_NOT_FIT_VALIDATED
DUC-F-06353,p4-4x2,Yellow,#F4EE2A,39,6347,-2.0,10.0,93.6,90,CONCEPT_NOT_FIT_VALIDATED
DUC-F-06354,p4-4x2,Yellow,#F4EE2A,39,6348,6.0,10.0,93.6,90,CONCEPT_NOT_FIT_VALIDATED
DUC-F-06355,p4-4x2,Yellow,#F4EE2A,39,6349,14.0,10.0,93.6,90,CONCEPT_NOT_FIT_VALIDATED
DUC-F-06356,p4-4x2,Yellow,#F4EE2A,39,6350,22.0,10.0,93.6,90,CONCEPT_NOT_FIT_VALIDATED
DUC-F-06357,p4-4x2,Yellow,#F4EE2A,39,6351,30.0,10.0,93.6,90,CONCEPT_NOT_FIT_VALIDATED
DUC-F-06358,p4-4x2,Yellow,#F4EE2A,39,6352,38.0,10.0,93.6,90,CONCEPT_NOT_FIT_VALIDATED
DUC-F-06359,p4-4x2,Yellow,#F4EE2A,39,6353,46.0,10.0,93.6,90,CONCEPT_NOT_FIT_VALIDATED
DUC-F-06360,p4-4x2,Yellow,#F4EE2A,39,6354,54.0,10.0,93.6,90,CONCEPT_NOT_FIT_VALIDATED
DUC-F-06361,p4-4x1,Yellow,#F4EE2A,39,6355,60.0,10.0,93.6,90,CONCEPT_NOT_FIT_VALIDATED
DUC-F-06363,p4-2x1,Yellow,#F4EE2A,39,6356,-56.0,22.0,93.6,90,CONCEPT_NOT_FIT_VALIDATED
DUC-F-06364,p4-3x2,Yellow,#F4EE2A,39,6357,-50.0,24.0,93.6,90,CONCEPT_NOT_FIT_VALIDATED
DUC-F-06365,p4-4x2,Yellow,#F4EE2A,39,6358,-42.0,26.0,93.6,90,CONCEPT_NOT_FIT_VALIDATED
DUC-F-06366,p4-4x2,Yellow,#F4EE2A,39,6359,-34.0,26.0,93.6,90,CONCEPT_NOT_FIT_VALIDATED
DUC-F-06367,p4-4x2,Yellow,#F4EE2A,39,6360,-26.0,26.0,93.6,90,CONCEPT_NOT_FIT_VALIDATED
DUC-F-06368,p4-4x2,Yellow,#F4EE2A,39,6361,-18.0,26.0,93.6,90,CONCEPT_NOT_FIT_VALIDATED
DUC-F-06369,p4-4x2,Yellow,#F4EE2A,39,6362,-10.0,26.0,93.6,90,CONCEPT_NOT_FIT_VALIDATED
DUC-F-06370,p4-4x2,Yellow,#F4EE2A,39,6363,-2.0,26.0,93.6,90,CONCEPT_NOT_FIT_VALIDATED
DUC-F-06371,p4-4x2,Yellow,#F4EE2A,39,6364,6.0,26.0,93.6,90,CONCEPT_NOT_FIT_VALIDATED
DUC-F-06372,p4-4x2,Yellow,#F4EE2A,39,6365,14.0,26.0,93.6,90,CONCEPT_NOT_FIT_VALIDATED
DUC-F-06373,p4-4x2,Yellow,#F4EE2A,39,6366,22.0,26.0,93.6,90,CONCEPT_NOT_FIT_VALIDATED
DUC-F-06374,p4-4x2,Yellow,#F4EE2A,39,6367,30.0,26.0,93.6,90,CONCEPT_NOT_FIT_VALIDATED
DUC-F-06375,p4-4x2,Yellow,#F4EE2A,39,6368,38.0,26.0,93.6,90,CONCEPT_NOT_FIT_VALIDATED
DUC-F-06376,p4-4x2,Yellow,#F4EE2A,39,6369,46.0,26.0,93.6,90,CONCEPT_NOT_FIT_VALIDATED
DUC-F-06377,p4-2x2,Yellow,#F4EE2A,39,6370,54.0,22.0,93.6,0,CONCEPT_NOT_FIT_VALIDATED
DUC-F-06378,p4-1x1,Yellow,#F4EE2A,39,6371,52.0,28.0,93.6,0,CONCEPT_NOT_FIT_VALIDATED
DUC-F-06379,p4-1x1,Yellow,#F4EE2A,39,6372,-48.0,32.0,93.6,0,CONCEPT_NOT_FIT_VALIDATED
DUC-F-06381,p4-2x1,Yellow,#F4EE2A,39,6373,-42.0,36.0,93.6,0,CONCEPT_NOT_FIT_VALIDATED
DUC-F-06382,p4-3x2,Yellow,#F4EE2A,39,6374,-34.0,40.0,93.6,90,CONCEPT_NOT_FIT_VALIDATED
DUC-F-06383,p4-4x2,Yellow,#F4EE2A,39,6375,-26.0,42.0,93.6,90,CONCEPT_NOT_FIT_VALIDATED
DUC-F-06384,p4-4x2,Yellow,#F4EE2A,39,6376,-18.0,42.0,93.6,90,CONCEPT_NOT_FIT_VALIDATED
DUC-F-06385,p4-4x2,Yellow,#F4EE2A,39,6377,-10.0,42.0,93.6,90,CONCEPT_NOT_FIT_VALIDATED
DUC-F-06386,p4-4x2,Yellow,#F4EE2A,39,6378,-2.0,42.0,93.6,90,CONCEPT_NOT_FIT_VALIDATED
DUC-F-06387,p4-4x2,Yellow,#F4EE2A,39,6379,6.0,42.0,93.6,90,CONCEPT_NOT_FIT_VALIDATED
DUC-F-06388,p4-4x2,Yellow,#F4EE2A,39,6380,14.0,42.0,93.6,90,CONCEPT_NOT_FIT_VALIDATED
DUC-F-06389,p4-4x2,Yellow,#F4EE2A,39,6381,22.0,42.0,93.6,90,CONCEPT_NOT_FIT_VALIDATED
DUC-F-06390,p4-3x2,Yellow,#F4EE2A,39,6382,30.0,40.0,93.6,90,CONCEPT_NOT_FIT_VALIDATED
DUC-F-06391,p4-2x2,Yellow,#F4EE2A,39,6383,38.0,38.0,93.6,0,CONCEPT_NOT_FIT_VALIDATED
DUC-F-06392,p4-1x1,Yellow,#F4EE2A,39,6384,44.0,36.0,93.6,0,CONCEPT_NOT_FIT_VALIDATED
DUC-F-06393,p4-1x1,Yellow,#F4EE2A,39,6385,-40.0,40.0,93.6,0,CONCEPT_NOT_FIT_VALIDATED
DUC-F-06394,p4-2x1,Yellow,#F4EE2A,39,6386,-56.0,46.0,93.6,90,CONCEPT_NOT_FIT_VALIDATED
DUC-F-06395,p4-2x1,Yellow,#F4EE2A,39,6387,-52.0,46.0,93.6,90,CONCEPT_NOT_FIT_VALIDATED
DUC-F-06396,p4-1x1,Yellow,#F4EE2A,39,6388,36.0,44.0,93.6,0,CONCEPT_NOT_FIT_VALIDATED
DUC-F-06397,p4-2x2,Yellow,#F4EE2A,39,6389,54.0,46.0,93.6,0,CONCEPT_NOT_FIT_VALIDATED
DUC-F-06398,p4-1x1,Yellow,#F4EE2A,39,6390,-48.0,48.0,93.6,0,CONCEPT_NOT_FIT_VALIDATED
DUC-F-06399,p4-1x1,Yellow,#F4EE2A,39,6391,28.0,48.0,93.6,0,CONCEPT_NOT_FIT_VALIDATED
DUC-F-06400,p4-1x1,Yellow,#F4EE2A,39,6392,48.0,48.0,93.6,0,CONCEPT_NOT_FIT_VALIDATED
DUC-F-06401,p4-2x2,Yellow,#F4EE2A,39,6393,-58.0,54.0,93.6,0,CONCEPT_NOT_FIT_VALIDATED
DUC-F-06402,p4-4x2,Yellow,#F4EE2A,39,6394,-50.0,58.0,93.6,90,CONCEPT_NOT_FIT_VALIDATED
DUC-F-06403,p4-4x1,Yellow,#F4EE2A,39,6395,-44.0,58.0,93.6,90,CONCEPT_NOT_FIT_VALIDATED
DUC-F-06404,p4-2x1,Yellow,#F4EE2A,39,6396,-10.0,52.0,93.6,0,CONCEPT_NOT_FIT_VALIDATED
DUC-F-06405,p4-2x1,Yellow,#F4EE2A,39,6397,-2.0,52.0,93.6,0,CONCEPT_NOT_FIT_VALIDATED
DUC-F-06406,p4-2x1,Yellow,#F4EE2A,39,6398,6.0,52.0,93.6,0,CONCEPT_NOT_FIT_VALIDATED
DUC-F-06407,p4-1x1,Yellow,#F4EE2A,39,6399,12.0,52.0,93.6,0,CONCEPT_NOT_FIT_VALIDATED
DUC-F-06408,p4-4x2,Yellow,#F4EE2A,39,6400,46.0,58.0,93.6,90,CONCEPT_NOT_FIT_VALIDATED
DUC-F-06409,p4-4x2,Yellow,#F4EE2A,39,6401,54.0,58.0,93.6,90,CONCEPT_NOT_FIT_VALIDATED
DUC-F-06410,p4-2x1,Yellow,#F4EE2A,39,6402,60.0,54.0,93.6,90,CONCEPT_NOT_FIT_VALIDATED
DUC-F-06411,p4-2x1,Yellow,#F4EE2A,39,6403,-56.0,62.0,93.6,90,CONCEPT_NOT_FIT_VALIDATED
DUC-F-06412,p4-1x1,Yellow,#F4EE2A,39,6404,-56.0,68.0,93.6,0,CONCEPT_NOT_FIT_VALIDATED
DUC-F-06413,p4-2x2,Yellow,#F4EE2A,39,6405,-50.0,70.0,93.6,0,CONCEPT_NOT_FIT_VALIDATED
DUC-F-06414,p4-3x1,Yellow,#F4EE2A,39,6406,-44.0,72.0,93.6,90,CONCEPT_NOT_FIT_VALIDATED
DUC-F-06415,p4-3x2,Yellow,#F4EE2A,39,6407,46.0,72.0,93.6,90,CONCEPT_NOT_FIT_VALIDATED
DUC-F-06416,p4-2x1,Yellow,#F4EE2A,39,6408,52.0,70.0,93.6,90,CONCEPT_NOT_FIT_VALIDATED
DUC-F-06417,p4-1x1,Yellow,#F4EE2A,39,6409,56.0,68.0,93.6,0,CONCEPT_NOT_FIT_VALIDATED
DUC-F-06418,p4-1x1,Yellow,#F4EE2A,39,6410,-48.0,76.0,93.6,0,CONCEPT_NOT_FIT_VALIDATED
DUC-F-06419,p4-4x1,Yellow,#F4EE2A,40,6411,-58.0,-28.0,96.0,0,CONCEPT_NOT_FIT_VALIDATED
DUC-F-06420,p4-4x2,Yellow,#F4EE2A,40,6412,-58.0,-22.0,96.0,0,CONCEPT_NOT_FIT_VALIDATED
DUC-F-06326,p4-3x1,Yellow,#F4EE2A,39,6413,-64.0,-20.0,93.6,90,CONCEPT_NOT_FIT_VALIDATED
DUC-F-06061,p4-2x1,Yellow,#F4EE2A,38,6414,-64.0,-18.0,91.2,90,CONCEPT_NOT_FIT_VALIDATED
DUC-F-06421,p4-4x2,Yellow,#F4EE2A,40,6415,-58.0,-14.0,96.0,0,CONCEPT_NOT_FIT_VALIDATED
DUC-F-06422,p4-4x2,Yellow,#F4EE2A,40,6416,-58.0,-6.0,96.0,0,CONCEPT_NOT_FIT_VALIDATED
DUC-F-06423,p4-4x2,Yellow,#F4EE2A,40,6417,-58.0,2.0,96.0,0,CONCEPT_NOT_FIT_VALIDATED
DUC-F-06345,p4-1x1,Yellow,#F4EE2A,39,6418,-64.0,4.0,93.6,0,CONCEPT_NOT_FIT_VALIDATED
DUC-F-06424,p4-4x1,Yellow,#F4EE2A,40,6419,-58.0,8.0,96.0,0,CONCEPT_NOT_FIT_VALIDATED
DUC-F-06425,p4-3x1,Yellow,#F4EE2A,40,6420,-56.0,-36.0,96.0,0,CONCEPT_NOT_FIT_VALIDATED
DUC-F-06426,p4-3x1,Yellow,#F4EE2A,40,6421,-56.0,-32.0,96.0,0,CONCEPT_NOT_FIT_VALIDATED
DUC-F-06427,p4-3x1,Yellow,#F4EE2A,40,6422,-56.0,12.0,96.0,0,CONCEPT_NOT_FIT_VALIDATED
DUC-F-06428,p4-3x1,Yellow,#F4EE2A,40,6423,-56.0,16.0,96.0,0,CONCEPT_NOT_FIT_VALIDATED
DUC-F-06429,p4-2x1,Yellow,#F4EE2A,40,6424,-54.0,-44.0,96.0,0,CONCEPT_NOT_FIT_VALIDATED
DUC-F-06430,p4-2x1,Yellow,#F4EE2A,40,6425,-54.0,-40.0,96.0,0,CONCEPT_NOT_FIT_VALIDATED
DUC-F-06431,p4-2x1,Yellow,#F4EE2A,40,6426,-54.0,20.0,96.0,0,CONCEPT_NOT_FIT_VALIDATED
DUC-F-06432,p4-2x1,Yellow,#F4EE2A,40,6427,-54.0,24.0,96.0,0,CONCEPT_NOT_FIT_VALIDATED
DUC-F-06433,p4-2x1,Yellow,#F4EE2A,40,6428,-54.0,52.0,96.0,0,CONCEPT_NOT_FIT_VALIDATED
DUC-F-06434,p4-2x2,Yellow,#F4EE2A,40,6429,-54.0,58.0,96.0,0,CONCEPT_NOT_FIT_VALIDATED
DUC-F-06435,p4-2x1,Yellow,#F4EE2A,40,6430,-54.0,64.0,96.0,0,CONCEPT_NOT_FIT_VALIDATED
DUC-F-06436,p4-1x1,Yellow,#F4EE2A,40,6431,-52.0,-48.0,96.0,0,CONCEPT_NOT_FIT_VALIDATED
DUC-F-06437,p4-1x1,Yellow,#F4EE2A,40,6432,-52.0,28.0,96.0,0,CONCEPT_NOT_FIT_VALIDATED
DUC-F-06439,p4-1x1,Yellow,#F4EE2A,40,6433,-52.0,68.0,96.0,0,CONCEPT_NOT_FIT_VALIDATED
DUC-F-06440,p4-1x1,Black,#000000,40,6434,-48.0,-52.0,96.0,0,CONCEPT_NOT_FIT_VALIDATED
DUC-F-06441,p4-4x2,Yellow,#F4EE2A,40,6435,-42.0,-46.0,96.0,0,CONCEPT_NOT_FIT_VALIDATED
DUC-F-06442,p4-4x2,Yellow,#F4EE2A,40,6436,-42.0,-38.0,96.0,0,CONCEPT_NOT_FIT_VALIDATED
DUC-F-06443,p4-4x2,Yellow,#F4EE2A,40,6437,-42.0,-30.0,96.0,0,CONCEPT_NOT_FIT_VALIDATED
DUC-F-06444,p4-4x2,Yellow,#F4EE2A,40,6438,-42.0,-22.0,96.0,0,CONCEPT_NOT_FIT_VALIDATED
DUC-F-06445,p4-4x2,Yellow,#F4EE2A,40,6439,-42.0,-14.0,96.0,0,CONCEPT_NOT_FIT_VALIDATED
DUC-F-06446,p4-4x2,Yellow,#F4EE2A,40,6440,-42.0,-6.0,96.0,0,CONCEPT_NOT_FIT_VALIDATED
DUC-F-06447,p4-4x2,Yellow,#F4EE2A,40,6441,-42.0,2.0,96.0,0,CONCEPT_NOT_FIT_VALIDATED
DUC-F-06448,p4-4x2,Yellow,#F4EE2A,40,6442,-42.0,10.0,96.0,0,CONCEPT_NOT_FIT_VALIDATED
DUC-F-06449,p4-4x2,Yellow,#F4EE2A,40,6443,-42.0,18.0,96.0,0,CONCEPT_NOT_FIT_VALIDATED
DUC-F-06450,p4-4x2,Yellow,#F4EE2A,40,6444,-42.0,26.0,96.0,0,CONCEPT_NOT_FIT_VALIDATED
DUC-F-06451,p4-4x2,Yellow,#F4EE2A,40,6445,-42.0,34.0,96.0,0,CONCEPT_NOT_FIT_VALIDATED
DUC-F-06380,p4-1x1,Yellow,#F4EE2A,39,6446,-48.0,36.0,93.6,0,CONCEPT_NOT_FIT_VALIDATED
DUC-F-06452,p4-1x1,Yellow,#F4EE2A,40,6447,-48.0,52.0,96.0,0,CONCEPT_NOT_FIT_VALIDATED
DUC-F-06453,p4-2x2,Yellow,#F4EE2A,40,6448,-46.0,58.0,96.0,0,CONCEPT_NOT_FIT_VALIDATED
DUC-F-06454,p4-2x2,Yellow,#F4EE2A,40,6449,-46.0,66.0,96.0,0,CONCEPT_NOT_FIT_VALIDATED
DUC-F-06455,p4-1x1,Black,#000000,40,6450,-44.0,-56.0,96.0,0,CONCEPT_NOT_FIT_VALIDATED
DUC-F-06456,p4-3x1,Yellow,#F4EE2A,40,6451,-40.0,-52.0,96.0,0,CONCEPT_NOT_FIT_VALIDATED
DUC-F-06457,p4-3x1,Yellow,#F4EE2A,40,6452,-40.0,40.0,96.0,0,CONCEPT_NOT_FIT_VALIDATED
DUC-F-06458,p4-2x1,Black,#000000,40,6453,-38.0,-60.0,96.0,0,CONCEPT_NOT_FIT_VALIDATED
DUC-F-06271,p4-1x1,Black,#000000,39,6454,-40.0,-60.0,93.6,0,CONCEPT_NOT_FIT_VALIDATED
DUC-F-06459,p4-2x1,Yellow,#F4EE2A,40,6455,-38.0,-56.0,96.0,0,CONCEPT_NOT_FIT_VALIDATED
DUC-F-06460,p4-1x1,Yellow,#F4EE2A,40,6456,-36.0,44.0,96.0,0,CONCEPT_NOT_FIT_VALIDATED
DUC-F-06461,p4-2x1,Black,#000000,40,6457,-30.0,-64.0,96.0,0,CONCEPT_NOT_FIT_VALIDATED
DUC-F-06266,p4-1x1,Black,#000000,39,6458,-32.0,-64.0,93.6,0,CONCEPT_NOT_FIT_VALIDATED
DUC-F-06462,p4-4x1,Yellow,#F4EE2A,40,6459,-26.0,-60.0,96.0,0,CONCEPT_NOT_FIT_VALIDATED
DUC-F-06463,p4-4x2,Yellow,#F4EE2A,40,6460,-26.0,-54.0,96.0,0,CONCEPT_NOT_FIT_VALIDATED
DUC-F-06464,p4-4x2,Yellow,#F4EE2A,40,6461,-26.0,-46.0,96.0,0,CONCEPT_NOT_FIT_VALIDATED
DUC-F-06465,p4-4x2,Yellow,#F4EE2A,40,6462,-26.0,-38.0,96.0,0,CONCEPT_NOT_FIT_VALIDATED
DUC-F-06466,p4-4x2,Yellow,#F4EE2A,40,6463,-26.0,-30.0,96.0,0,CONCEPT_NOT_FIT_VALIDATED
DUC-F-06467,p4-4x2,Yellow,#F4EE2A,40,6464,-26.0,-22.0,96.0,0,CONCEPT_NOT_FIT_VALIDATED
DUC-F-06468,p4-4x2,Yellow,#F4EE2A,40,6465,-26.0,-14.0,96.0,0,CONCEPT_NOT_FIT_VALIDATED
DUC-F-06469,p4-4x2,Yellow,#F4EE2A,40,6466,-26.0,-6.0,96.0,0,CONCEPT_NOT_FIT_VALIDATED
DUC-F-06470,p4-4x2,Yellow,#F4EE2A,40,6467,-26.0,2.0,96.0,0,CONCEPT_NOT_FIT_VALIDATED
DUC-F-06471,p4-4x2,Yellow,#F4EE2A,40,6468,-26.0,10.0,96.0,0,CONCEPT_NOT_FIT_VALIDATED
DUC-F-06472,p4-4x2,Yellow,#F4EE2A,40,6469,-26.0,18.0,96.0,0,CONCEPT_NOT_FIT_VALIDATED
DUC-F-06473,p4-4x2,Yellow,#F4EE2A,40,6470,-26.0,26.0,96.0,0,CONCEPT_NOT_FIT_VALIDATED
DUC-F-06474,p4-4x2,Yellow,#F4EE2A,40,6471,-26.0,34.0,96.0,0,CONCEPT_NOT_FIT_VALIDATED
DUC-F-06475,p4-4x2,Yellow,#F4EE2A,40,6472,-26.0,42.0,96.0,0,CONCEPT_NOT_FIT_VALIDATED
DUC-F-06476,p4-3x1,Yellow,#F4EE2A,40,6473,-24.0,48.0,96.0,0,CONCEPT_NOT_FIT_VALIDATED
DUC-F-06477,p4-2x1,Yellow,#F4EE2A,40,6474,-22.0,-68.0,96.0,0,CONCEPT_NOT_FIT_VALIDATED
DUC-F-06478,p4-2x1,Yellow,#F4EE2A,40,6475,-22.0,-64.0,96.0,0,CONCEPT_NOT_FIT_VALIDATED
DUC-F-06479,p4-4x1,Yellow,#F4EE2A,40,6476,-10.0,-68.0,96.0,0,CONCEPT_NOT_FIT_VALIDATED
DUC-F-06480,p4-4x2,Yellow,#F4EE2A,40,6477,-10.0,-62.0,96.0,0,CONCEPT_NOT_FIT_VALIDATED
DUC-F-06481,p4-4x2,Yellow,#F4EE2A,40,6478,-10.0,-54.0,96.0,0,CONCEPT_NOT_FIT_VALIDATED
DUC-F-06482,p4-4x2,Yellow,#F4EE2A,40,6479,-10.0,-46.0,96.0,0,CONCEPT_NOT_FIT_VALIDATED
DUC-F-06483,p4-4x2,Yellow,#F4EE2A,40,6480,-10.0,-38.0,96.0,0,CONCEPT_NOT_FIT_VALIDATED
DUC-F-06484,p4-4x2,Yellow,#F4EE2A,40,6481,-10.0,-30.0,96.0,0,CONCEPT_NOT_FIT_VALIDATED
DUC-F-06485,p4-4x2,Yellow,#F4EE2A,40,6482,-10.0,-22.0,96.0,0,CONCEPT_NOT_FIT_VALIDATED
DUC-F-06486,p4-4x2,Yellow,#F4EE2A,40,6483,-10.0,-14.0,96.0,0,CONCEPT_NOT_FIT_VALIDATED
DUC-F-06487,p4-4x2,Yellow,#F4EE2A,40,6484,-10.0,-6.0,96.0,0,CONCEPT_NOT_FIT_VALIDATED
DUC-F-06488,p4-4x2,Yellow,#F4EE2A,40,6485,-10.0,2.0,96.0,0,CONCEPT_NOT_FIT_VALIDATED
DUC-F-06489,p4-4x2,Yellow,#F4EE2A,40,6486,-10.0,10.0,96.0,0,CONCEPT_NOT_FIT_VALIDATED
DUC-F-06490,p4-4x2,Yellow,#F4EE2A,40,6487,-10.0,18.0,96.0,0,CONCEPT_NOT_FIT_VALIDATED
DUC-F-06491,p4-4x2,Yellow,#F4EE2A,40,6488,-10.0,26.0,96.0,0,CONCEPT_NOT_FIT_VALIDATED
DUC-F-06492,p4-4x2,Yellow,#F4EE2A,40,6489,-10.0,34.0,96.0,0,CONCEPT_NOT_FIT_VALIDATED
DUC-F-06493,p4-4x2,Yellow,#F4EE2A,40,6490,-10.0,42.0,96.0,0,CONCEPT_NOT_FIT_VALIDATED
DUC-F-06494,p4-4x1,Yellow,#F4EE2A,40,6491,-10.0,48.0,96.0,0,CONCEPT_NOT_FIT_VALIDATED
DUC-F-06495,p4-3x1,Yellow,#F4EE2A,40,6492,-8.0,52.0,96.0,0,CONCEPT_NOT_FIT_VALIDATED
DUC-F-06496,p4-1x1,Pumpkin orange,#FF9016,40,6493,-8.0,-72.0,96.0,0,CONCEPT_NOT_FIT_VALIDATED
DUC-F-06497,p4-2x1,Pumpkin orange,#FF9016,40,6494,-4.0,-78.0,96.0,90,CONCEPT_NOT_FIT_VALIDATED
DUC-F-06498,p4-1x1,Yellow,#F4EE2A,40,6495,-4.0,-72.0,96.0,0,CONCEPT_NOT_FIT_VALIDATED
DUC-F-06499,p4-2x2,Pumpkin orange,#FF9016,40,6496,2.0,-78.0,96.0,0,CONCEPT_NOT_FIT_VALIDATED
DUC-F-06500,p4-2x2,Yellow,#F4EE2A,40,6497,2.0,-70.0,96.0,0,CONCEPT_NOT_FIT_VALIDATED
DUC-F-06501,p4-4x2,Yellow,#F4EE2A,40,6498,6.0,-62.0,96.0,0,CONCEPT_NOT_FIT_VALIDATED
DUC-F-06502,p4-4x2,Yellow,#F4EE2A,40,6499,6.0,-54.0,96.0,0,CONCEPT_NOT_FIT_VALIDATED
DUC-F-06503,p4-4x2,Yellow,#F4EE2A,40,6500,6.0,-46.0,96.0,0,CONCEPT_NOT_FIT_VALIDATED
DUC-F-06504,p4-4x2,Yellow,#F4EE2A,40,6501,6.0,-38.0,96.0,0,CONCEPT_NOT_FIT_VALIDATED
DUC-F-06505,p4-4x2,Yellow,#F4EE2A,40,6502,6.0,-30.0,96.0,0,CONCEPT_NOT_FIT_VALIDATED
DUC-F-06506,p4-4x2,Yellow,#F4EE2A,40,6503,6.0,-22.0,96.0,0,CONCEPT_NOT_FIT_VALIDATED
DUC-F-06507,p4-4x2,Yellow,#F4EE2A,40,6504,6.0,-14.0,96.0,0,CONCEPT_NOT_FIT_VALIDATED
DUC-F-06508,p4-4x2,Yellow,#F4EE2A,40,6505,6.0,-6.0,96.0,0,CONCEPT_NOT_FIT_VALIDATED
DUC-F-06509,p4-4x2,Yellow,#F4EE2A,40,6506,6.0,2.0,96.0,0,CONCEPT_NOT_FIT_VALIDATED
DUC-F-06510,p4-4x2,Yellow,#F4EE2A,40,6507,6.0,10.0,96.0,0,CONCEPT_NOT_FIT_VALIDATED
DUC-F-06511,p4-4x2,Yellow,#F4EE2A,40,6508,6.0,18.0,96.0,0,CONCEPT_NOT_FIT_VALIDATED
DUC-F-06512,p4-4x2,Yellow,#F4EE2A,40,6509,6.0,26.0,96.0,0,CONCEPT_NOT_FIT_VALIDATED
DUC-F-06513,p4-4x2,Yellow,#F4EE2A,40,6510,6.0,34.0,96.0,0,CONCEPT_NOT_FIT_VALIDATED
DUC-F-06514,p4-4x2,Yellow,#F4EE2A,40,6511,6.0,42.0,96.0,0,CONCEPT_NOT_FIT_VALIDATED
DUC-F-06515,p4-4x2,Yellow,#F4EE2A,40,6512,6.0,50.0,96.0,0,CONCEPT_NOT_FIT_VALIDATED
DUC-F-06516,p4-1x1,Pumpkin orange,#FF9016,40,6513,8.0,-72.0,96.0,0,CONCEPT_NOT_FIT_VALIDATED
DUC-F-06517,p4-2x1,Yellow,#F4EE2A,40,6514,10.0,-68.0,96.0,0,CONCEPT_NOT_FIT_VALIDATED
DUC-F-06518,p4-3x1,Yellow,#F4EE2A,40,6515,20.0,-68.0,96.0,0,CONCEPT_NOT_FIT_VALIDATED
DUC-F-06519,p4-3x2,Yellow,#F4EE2A,40,6516,20.0,-62.0,96.0,0,CONCEPT_NOT_FIT_VALIDATED
DUC-F-06520,p4-4x2,Yellow,#F4EE2A,40,6517,22.0,-54.0,96.0,0,CONCEPT_NOT_FIT_VALIDATED
DUC-F-06521,p4-4x2,Yellow,#F4EE2A,40,6518,22.0,-46.0,96.0,0,CONCEPT_NOT_FIT_VALIDATED
DUC-F-06522,p4-4x2,Yellow,#F4EE2A,40,6519,22.0,-38.0,96.0,0,CONCEPT_NOT_FIT_VALIDATED
DUC-F-06523,p4-4x2,Yellow,#F4EE2A,40,6520,22.0,-30.0,96.0,0,CONCEPT_NOT_FIT_VALIDATED
DUC-F-06524,p4-4x2,Yellow,#F4EE2A,40,6521,22.0,-22.0,96.0,0,CONCEPT_NOT_FIT_VALIDATED
DUC-F-06525,p4-4x2,Yellow,#F4EE2A,40,6522,22.0,-14.0,96.0,0,CONCEPT_NOT_FIT_VALIDATED
DUC-F-06526,p4-4x2,Yellow,#F4EE2A,40,6523,22.0,-6.0,96.0,0,CONCEPT_NOT_FIT_VALIDATED
DUC-F-06527,p4-4x2,Yellow,#F4EE2A,40,6524,22.0,2.0,96.0,0,CONCEPT_NOT_FIT_VALIDATED
DUC-F-06528,p4-4x2,Yellow,#F4EE2A,40,6525,22.0,10.0,96.0,0,CONCEPT_NOT_FIT_VALIDATED
DUC-F-06529,p4-4x2,Yellow,#F4EE2A,40,6526,22.0,18.0,96.0,0,CONCEPT_NOT_FIT_VALIDATED
DUC-F-06530,p4-4x2,Yellow,#F4EE2A,40,6527,22.0,26.0,96.0,0,CONCEPT_NOT_FIT_VALIDATED
DUC-F-06531,p4-4x2,Yellow,#F4EE2A,40,6528,22.0,34.0,96.0,0,CONCEPT_NOT_FIT_VALIDATED
DUC-F-06532,p4-4x2,Yellow,#F4EE2A,40,6529,22.0,42.0,96.0,0,CONCEPT_NOT_FIT_VALIDATED
DUC-F-06533,p4-4x1,Yellow,#F4EE2A,40,6530,22.0,48.0,96.0,0,CONCEPT_NOT_FIT_VALIDATED
DUC-F-06534,p4-1x1,Black,#000000,40,6531,28.0,-64.0,96.0,0,CONCEPT_NOT_FIT_VALIDATED
DUC-F-06535,p4-1x1,Yellow,#F4EE2A,40,6532,28.0,-60.0,96.0,0,CONCEPT_NOT_FIT_VALIDATED
DUC-F-06537,p4-1x1,Yellow,#F4EE2A,40,6533,32.0,-60.0,96.0,0,CONCEPT_NOT_FIT_VALIDATED
DUC-F-06538,p4-3x2,Yellow,#F4EE2A,40,6534,36.0,-54.0,96.0,0,CONCEPT_NOT_FIT_VALIDATED
DUC-F-06539,p4-4x2,Yellow,#F4EE2A,40,6535,38.0,-46.0,96.0,0,CONCEPT_NOT_FIT_VALIDATED
DUC-F-06540,p4-4x2,Yellow,#F4EE2A,40,6536,38.0,-38.0,96.0,0,CONCEPT_NOT_FIT_VALIDATED
DUC-F-06541,p4-4x2,Yellow,#F4EE2A,40,6537,38.0,-30.0,96.0,0,CONCEPT_NOT_FIT_VALIDATED
DUC-F-06542,p4-4x2,Yellow,#F4EE2A,40,6538,38.0,-22.0,96.0,0,CONCEPT_NOT_FIT_VALIDATED
DUC-F-06543,p4-4x2,Yellow,#F4EE2A,40,6539,38.0,-14.0,96.0,0,CONCEPT_NOT_FIT_VALIDATED
DUC-F-06544,p4-4x2,Yellow,#F4EE2A,40,6540,38.0,-6.0,96.0,0,CONCEPT_NOT_FIT_VALIDATED
DUC-F-06545,p4-4x2,Yellow,#F4EE2A,40,6541,38.0,2.0,96.0,0,CONCEPT_NOT_FIT_VALIDATED
DUC-F-06546,p4-4x2,Yellow,#F4EE2A,40,6542,38.0,10.0,96.0,0,CONCEPT_NOT_FIT_VALIDATED
DUC-F-06547,p4-4x2,Yellow,#F4EE2A,40,6543,38.0,18.0,96.0,0,CONCEPT_NOT_FIT_VALIDATED
DUC-F-06548,p4-4x2,Yellow,#F4EE2A,40,6544,38.0,26.0,96.0,0,CONCEPT_NOT_FIT_VALIDATED
DUC-F-06549,p4-4x2,Yellow,#F4EE2A,40,6545,38.0,34.0,96.0,0,CONCEPT_NOT_FIT_VALIDATED
DUC-F-06550,p4-2x2,Yellow,#F4EE2A,40,6546,34.0,42.0,96.0,0,CONCEPT_NOT_FIT_VALIDATED
DUC-F-06551,p4-2x1,Black,#000000,40,6547,38.0,-60.0,96.0,0,CONCEPT_NOT_FIT_VALIDATED
DUC-F-06552,p4-2x1,Yellow,#F4EE2A,40,6548,42.0,40.0,96.0,0,CONCEPT_NOT_FIT_VALIDATED
DUC-F-06553,p4-1x1,Black,#000000,40,6549,44.0,-56.0,96.0,0,CONCEPT_NOT_FIT_VALIDATED
DUC-F-06554,p4-1x1,Yellow,#F4EE2A,40,6550,44.0,-52.0,96.0,0,CONCEPT_NOT_FIT_VALIDATED
DUC-F-06555,p4-2x1,Yellow,#F4EE2A,40,6551,44.0,58.0,96.0,90,CONCEPT_NOT_FIT_VALIDATED
DUC-F-06556,p4-2x1,Yellow,#F4EE2A,40,6552,44.0,66.0,96.0,90,CONCEPT_NOT_FIT_VALIDATED
DUC-F-06557,p4-1x1,Black,#000000,40,6553,48.0,-52.0,96.0,0,CONCEPT_NOT_FIT_VALIDATED
DUC-F-06558,p4-2x2,Yellow,#F4EE2A,40,6554,50.0,-46.0,96.0,0,CONCEPT_NOT_FIT_VALIDATED
DUC-F-06559,p4-3x2,Yellow,#F4EE2A,40,6555,52.0,-38.0,96.0,0,CONCEPT_NOT_FIT_VALIDATED
DUC-F-06560,p4-4x2,Yellow,#F4EE2A,40,6556,54.0,-30.0,96.0,0,CONCEPT_NOT_FIT_VALIDATED
DUC-F-06561,p4-4x2,Yellow,#F4EE2A,40,6557,54.0,-22.0,96.0,0,CONCEPT_NOT_FIT_VALIDATED
DUC-F-06562,p4-4x2,Yellow,#F4EE2A,40,6558,54.0,-14.0,96.0,0,CONCEPT_NOT_FIT_VALIDATED
DUC-F-06563,p4-4x2,Yellow,#F4EE2A,40,6559,54.0,-6.0,96.0,0,CONCEPT_NOT_FIT_VALIDATED
DUC-F-06564,p4-4x2,Yellow,#F4EE2A,40,6560,54.0,2.0,96.0,0,CONCEPT_NOT_FIT_VALIDATED
DUC-F-06565,p4-4x2,Yellow,#F4EE2A,40,6561,54.0,10.0,96.0,0,CONCEPT_NOT_FIT_VALIDATED
DUC-F-06566,p4-3x2,Yellow,#F4EE2A,40,6562,52.0,18.0,96.0,0,CONCEPT_NOT_FIT_VALIDATED
DUC-F-06567,p4-2x2,Yellow,#F4EE2A,40,6563,50.0,26.0,96.0,0,CONCEPT_NOT_FIT_VALIDATED
DUC-F-06568,p4-2x1,Yellow,#F4EE2A,40,6564,50.0,32.0,96.0,0,CONCEPT_NOT_FIT_VALIDATED
DUC-F-06570,p4-3x1,Yellow,#F4EE2A,40,6565,52.0,52.0,96.0,0,CONCEPT_NOT_FIT_VALIDATED
DUC-F-06571,p4-3x2,Yellow,#F4EE2A,40,6566,52.0,58.0,96.0,0,CONCEPT_NOT_FIT_VALIDATED
DUC-F-06572,p4-2x2,Yellow,#F4EE2A,40,6567,50.0,66.0,96.0,0,CONCEPT_NOT_FIT_VALIDATED
DUC-F-06573,p4-1x1,Yellow,#F4EE2A,40,6568,56.0,-44.0,96.0,0,CONCEPT_NOT_FIT_VALIDATED
DUC-F-06574,p4-1x1,Yellow,#F4EE2A,40,6569,56.0,24.0,96.0,0,CONCEPT_NOT_FIT_VALIDATED
DUC-F-06575,p4-1x1,Yellow,#F4EE2A,40,6570,56.0,64.0,96.0,0,CONCEPT_NOT_FIT_VALIDATED
DUC-F-06576,p4-1x1,Yellow,#F4EE2A,40,6571,60.0,-36.0,96.0,0,CONCEPT_NOT_FIT_VALIDATED
DUC-F-06577,p4-1x1,Yellow,#F4EE2A,40,6572,60.0,16.0,96.0,0,CONCEPT_NOT_FIT_VALIDATED
DUC-F-06579,p4-2x1,Yellow,#F4EE2A,40,6573,64.0,-22.0,96.0,90,CONCEPT_NOT_FIT_VALIDATED
DUC-F-06580,p4-2x1,Yellow,#F4EE2A,40,6574,64.0,-14.0,96.0,90,CONCEPT_NOT_FIT_VALIDATED
DUC-F-06581,p4-2x1,Yellow,#F4EE2A,40,6575,64.0,-6.0,96.0,90,CONCEPT_NOT_FIT_VALIDATED
DUC-F-06582,p4-2x1,Yellow,#F4EE2A,40,6576,64.0,2.0,96.0,90,CONCEPT_NOT_FIT_VALIDATED
DUC-F-06362,p4-1x1,Yellow,#F4EE2A,39,6577,64.0,4.0,93.6,0,CONCEPT_NOT_FIT_VALIDATED
DUC-F-06584,p4-2x1,Yellow,#F4EE2A,41,6578,-12.0,-70.0,98.4,90,CONCEPT_NOT_FIT_VALIDATED
DUC-F-06585,p4-2x1,Yellow,#F4EE2A,41,6579,-8.0,-70.0,98.4,90,CONCEPT_NOT_FIT_VALIDATED
DUC-F-06586,p4-1x1,Pumpkin orange,#FF9016,41,6580,-4.0,-72.0,98.4,0,CONCEPT_NOT_FIT_VALIDATED
DUC-F-06587,p4-2x1,Pumpkin orange,#FF9016,41,6581,2.0,-72.0,98.4,0,CONCEPT_NOT_FIT_VALIDATED
DUC-F-06588,p4-2x2,Yellow,#F4EE2A,41,6582,10.0,-70.0,98.4,0,CONCEPT_NOT_FIT_VALIDATED
DUC-F-06589,p4-2x1,Yellow,#F4EE2A,41,6583,-22.0,-68.0,98.4,0,CONCEPT_NOT_FIT_VALIDATED
DUC-F-06590,p4-1x1,Yellow,#F4EE2A,41,6584,-16.0,-68.0,98.4,0,CONCEPT_NOT_FIT_VALIDATED
DUC-F-06591,p4-1x1,Yellow,#F4EE2A,41,6585,-4.0,-68.0,98.4,0,CONCEPT_NOT_FIT_VALIDATED
DUC-F-06592,p4-2x1,Yellow,#F4EE2A,41,6586,2.0,-68.0,98.4,0,CONCEPT_NOT_FIT_VALIDATED
DUC-F-06593,p4-2x1,Yellow,#F4EE2A,41,6587,18.0,-68.0,98.4,0,CONCEPT_NOT_FIT_VALIDATED
DUC-F-06594,p4-1x1,Yellow,#F4EE2A,41,6588,24.0,-68.0,98.4,0,CONCEPT_NOT_FIT_VALIDATED
DUC-F-06595,p4-2x1,Black,#000000,41,6589,-30.0,-64.0,98.4,0,CONCEPT_NOT_FIT_VALIDATED
DUC-F-06596,p4-4x2,Yellow,#F4EE2A,41,6590,-22.0,-58.0,98.4,90,CONCEPT_NOT_FIT_VALIDATED
DUC-F-06597,p4-4x2,Yellow,#F4EE2A,41,6591,-14.0,-58.0,98.4,90,CONCEPT_NOT_FIT_VALIDATED
DUC-F-06598,p4-4x2,Yellow,#F4EE2A,41,6592,-6.0,-58.0,98.4,90,CONCEPT_NOT_FIT_VALIDATED
DUC-F-06599,p4-4x2,Yellow,#F4EE2A,41,6593,2.0,-58.0,98.4,90,CONCEPT_NOT_FIT_VALIDATED
DUC-F-06600,p4-4x2,Yellow,#F4EE2A,41,6594,10.0,-58.0,98.4,90,CONCEPT_NOT_FIT_VALIDATED
DUC-F-06601,p4-4x2,Yellow,#F4EE2A,41,6595,18.0,-58.0,98.4,90,CONCEPT_NOT_FIT_VALIDATED
DUC-F-06602,p4-4x1,Yellow,#F4EE2A,41,6596,24.0,-58.0,98.4,90,CONCEPT_NOT_FIT_VALIDATED
DUC-F-06603,p4-1x1,Black,#000000,41,6597,28.0,-64.0,98.4,0,CONCEPT_NOT_FIT_VALIDATED
DUC-F-06605,p4-2x1,Black,#000000,41,6598,-38.0,-60.0,98.4,0,CONCEPT_NOT_FIT_VALIDATED
DUC-F-06606,p4-3x2,Yellow,#F4EE2A,41,6599,-30.0,-56.0,98.4,90,CONCEPT_NOT_FIT_VALIDATED
DUC-F-06607,p4-3x1,Yellow,#F4EE2A,41,6600,28.0,-56.0,98.4,90,CONCEPT_NOT_FIT_VALIDATED
DUC-F-06608,p4-3x1,Yellow,#F4EE2A,41,6601,32.0,-56.0,98.4,90,CONCEPT_NOT_FIT_VALIDATED
DUC-F-06609,p4-1x1,Black,#000000,41,6602,36.0,-60.0,98.4,0,CONCEPT_NOT_FIT_VALIDATED
DUC-F-06610,p4-1x1,Black,#000000,41,6603,40.0,-60.0,98.4,0,CONCEPT_NOT_FIT_VALIDATED
DUC-F-06611,p4-1x1,Black,#000000,41,6604,-44.0,-56.0,98.4,0,CONCEPT_NOT_FIT_VALIDATED
DUC-F-06612,p4-2x2,Yellow,#F4EE2A,41,6605,-38.0,-54.0,98.4,0,CONCEPT_NOT_FIT_VALIDATED
DUC-F-06613,p4-2x1,Yellow,#F4EE2A,41,6606,36.0,-54.0,98.4,90,CONCEPT_NOT_FIT_VALIDATED
DUC-F-06614,p4-2x1,Yellow,#F4EE2A,41,6607,40.0,-54.0,98.4,90,CONCEPT_NOT_FIT_VALIDATED
DUC-F-06615,p4-1x1,Black,#000000,41,6608,44.0,-56.0,98.4,0,CONCEPT_NOT_FIT_VALIDATED
DUC-F-06616,p4-1x1,Black,#000000,41,6609,-48.0,-52.0,98.4,0,CONCEPT_NOT_FIT_VALIDATED
DUC-F-06617,p4-1x1,Yellow,#F4EE2A,41,6610,-44.0,-52.0,98.4,0,CONCEPT_NOT_FIT_VALIDATED
DUC-F-06618,p4-1x1,Yellow,#F4EE2A,41,6611,44.0,-52.0,98.4,0,CONCEPT_NOT_FIT_VALIDATED
DUC-F-06619,p4-1x1,Black,#000000,41,6612,48.0,-52.0,98.4,0,CONCEPT_NOT_FIT_VALIDATED
DUC-F-06620,p4-4x1,Yellow,#F4EE2A,41,6613,-52.0,-42.0,98.4,90,CONCEPT_NOT_FIT_VALIDATED
DUC-F-06621,p4-4x2,Yellow,#F4EE2A,41,6614,-46.0,-42.0,98.4,90,CONCEPT_NOT_FIT_VALIDATED
DUC-F-06622,p4-4x2,Yellow,#F4EE2A,41,6615,-38.0,-42.0,98.4,90,CONCEPT_NOT_FIT_VALIDATED
DUC-F-06623,p4-4x2,Yellow,#F4EE2A,41,6616,-30.0,-42.0,98.4,90,CONCEPT_NOT_FIT_VALIDATED
DUC-F-06624,p4-4x2,Yellow,#F4EE2A,41,6617,-22.0,-42.0,98.4,90,CONCEPT_NOT_FIT_VALIDATED
DUC-F-06625,p4-4x2,Yellow,#F4EE2A,41,6618,-14.0,-42.0,98.4,90,CONCEPT_NOT_FIT_VALIDATED
DUC-F-06626,p4-4x2,Yellow,#F4EE2A,41,6619,-6.0,-42.0,98.4,90,CONCEPT_NOT_FIT_VALIDATED
DUC-F-06627,p4-4x2,Yellow,#F4EE2A,41,6620,2.0,-42.0,98.4,90,CONCEPT_NOT_FIT_VALIDATED
DUC-F-06628,p4-4x2,Yellow,#F4EE2A,41,6621,10.0,-42.0,98.4,90,CONCEPT_NOT_FIT_VALIDATED
DUC-F-06629,p4-4x2,Yellow,#F4EE2A,41,6622,18.0,-42.0,98.4,90,CONCEPT_NOT_FIT_VALIDATED
DUC-F-06630,p4-4x2,Yellow,#F4EE2A,41,6623,26.0,-42.0,98.4,90,CONCEPT_NOT_FIT_VALIDATED
DUC-F-06631,p4-4x2,Yellow,#F4EE2A,41,6624,34.0,-42.0,98.4,90,CONCEPT_NOT_FIT_VALIDATED
DUC-F-06632,p4-4x2,Yellow,#F4EE2A,41,6625,42.0,-42.0,98.4,90,CONCEPT_NOT_FIT_VALIDATED
DUC-F-06633,p4-4x2,Yellow,#F4EE2A,41,6626,50.0,-42.0,98.4,90,CONCEPT_NOT_FIT_VALIDATED
DUC-F-06634,p4-3x1,Yellow,#F4EE2A,41,6627,-56.0,-40.0,98.4,90,CONCEPT_NOT_FIT_VALIDATED
DUC-F-06635,p4-3x1,Yellow,#F4EE2A,41,6628,56.0,-40.0,98.4,90,CONCEPT_NOT_FIT_VALIDATED
DUC-F-06636,p4-2x1,Yellow,#F4EE2A,41,6629,-60.0,-38.0,98.4,90,CONCEPT_NOT_FIT_VALIDATED
DUC-F-06637,p4-2x1,Yellow,#F4EE2A,41,6630,60.0,-38.0,98.4,90,CONCEPT_NOT_FIT_VALIDATED
DUC-F-06638,p4-4x1,Yellow,#F4EE2A,41,6631,-60.0,-26.0,98.4,90,CONCEPT_NOT_FIT_VALIDATED
DUC-F-06639,p4-4x2,Yellow,#F4EE2A,41,6632,-54.0,-26.0,98.4,90,CONCEPT_NOT_FIT_VALIDATED
DUC-F-06640,p4-4x2,Yellow,#F4EE2A,41,6633,-46.0,-26.0,98.4,90,CONCEPT_NOT_FIT_VALIDATED
DUC-F-06641,p4-4x2,Yellow,#F4EE2A,41,6634,-38.0,-26.0,98.4,90,CONCEPT_NOT_FIT_VALIDATED
DUC-F-06642,p4-4x2,Yellow,#F4EE2A,41,6635,-30.0,-26.0,98.4,90,CONCEPT_NOT_FIT_VALIDATED
DUC-F-06643,p4-4x2,Yellow,#F4EE2A,41,6636,-22.0,-26.0,98.4,90,CONCEPT_NOT_FIT_VALIDATED
DUC-F-06644,p4-4x2,Yellow,#F4EE2A,41,6637,-14.0,-26.0,98.4,90,CONCEPT_NOT_FIT_VALIDATED
DUC-F-06645,p4-4x2,Yellow,#F4EE2A,41,6638,-6.0,-26.0,98.4,90,CONCEPT_NOT_FIT_VALIDATED
DUC-F-06646,p4-4x2,Yellow,#F4EE2A,41,6639,2.0,-26.0,98.4,90,CONCEPT_NOT_FIT_VALIDATED
DUC-F-06647,p4-4x2,Yellow,#F4EE2A,41,6640,10.0,-26.0,98.4,90,CONCEPT_NOT_FIT_VALIDATED
DUC-F-06648,p4-4x2,Yellow,#F4EE2A,41,6641,18.0,-26.0,98.4,90,CONCEPT_NOT_FIT_VALIDATED
DUC-F-06649,p4-4x2,Yellow,#F4EE2A,41,6642,26.0,-26.0,98.4,90,CONCEPT_NOT_FIT_VALIDATED
DUC-F-06650,p4-4x2,Yellow,#F4EE2A,41,6643,34.0,-26.0,98.4,90,CONCEPT_NOT_FIT_VALIDATED
DUC-F-06651,p4-4x2,Yellow,#F4EE2A,41,6644,42.0,-26.0,98.4,90,CONCEPT_NOT_FIT_VALIDATED
DUC-F-06652,p4-4x2,Yellow,#F4EE2A,41,6645,50.0,-26.0,98.4,90,CONCEPT_NOT_FIT_VALIDATED
DUC-F-06653,p4-4x2,Yellow,#F4EE2A,41,6646,58.0,-26.0,98.4,90,CONCEPT_NOT_FIT_VALIDATED
DUC-F-06654,p4-3x1,Yellow,#F4EE2A,41,6647,-64.0,-24.0,98.4,90,CONCEPT_NOT_FIT_VALIDATED
DUC-F-06655,p4-3x1,Yellow,#F4EE2A,41,6648,64.0,-24.0,98.4,90,CONCEPT_NOT_FIT_VALIDATED
DUC-F-06578,p4-1x1,Yellow,#F4EE2A,40,6649,64.0,-28.0,96.0,0,CONCEPT_NOT_FIT_VALIDATED
DUC-F-06656,p4-4x2,Yellow,#F4EE2A,41,6650,-62.0,-10.0,98.4,90,CONCEPT_NOT_FIT_VALIDATED
DUC-F-06657,p4-4x2,Yellow,#F4EE2A,41,6651,-54.0,-10.0,98.4,90,CONCEPT_NOT_FIT_VALIDATED
DUC-F-06658,p4-4x2,Yellow,#F4EE2A,41,6652,-46.0,-10.0,98.4,90,CONCEPT_NOT_FIT_VALIDATED
DUC-F-06659,p4-4x2,Yellow,#F4EE2A,41,6653,-38.0,-10.0,98.4,90,CONCEPT_NOT_FIT_VALIDATED
DUC-F-06660,p4-4x2,Yellow,#F4EE2A,41,6654,-30.0,-10.0,98.4,90,CONCEPT_NOT_FIT_VALIDATED
DUC-F-06661,p4-4x2,Yellow,#F4EE2A,41,6655,-22.0,-10.0,98.4,90,CONCEPT_NOT_FIT_VALIDATED
DUC-F-06662,p4-4x2,Yellow,#F4EE2A,41,6656,-14.0,-10.0,98.4,90,CONCEPT_NOT_FIT_VALIDATED
DUC-F-06663,p4-4x2,Yellow,#F4EE2A,41,6657,-6.0,-10.0,98.4,90,CONCEPT_NOT_FIT_VALIDATED
DUC-F-06664,p4-4x2,Yellow,#F4EE2A,41,6658,2.0,-10.0,98.4,90,CONCEPT_NOT_FIT_VALIDATED
DUC-F-06665,p4-4x2,Yellow,#F4EE2A,41,6659,10.0,-10.0,98.4,90,CONCEPT_NOT_FIT_VALIDATED
DUC-F-06666,p4-4x2,Yellow,#F4EE2A,41,6660,18.0,-10.0,98.4,90,CONCEPT_NOT_FIT_VALIDATED
DUC-F-06667,p4-4x2,Yellow,#F4EE2A,41,6661,26.0,-10.0,98.4,90,CONCEPT_NOT_FIT_VALIDATED
DUC-F-06668,p4-4x2,Yellow,#F4EE2A,41,6662,34.0,-10.0,98.4,90,CONCEPT_NOT_FIT_VALIDATED
DUC-F-06669,p4-4x2,Yellow,#F4EE2A,41,6663,42.0,-10.0,98.4,90,CONCEPT_NOT_FIT_VALIDATED
DUC-F-06670,p4-4x2,Yellow,#F4EE2A,41,6664,50.0,-10.0,98.4,90,CONCEPT_NOT_FIT_VALIDATED
DUC-F-06671,p4-4x2,Yellow,#F4EE2A,41,6665,58.0,-10.0,98.4,90,CONCEPT_NOT_FIT_VALIDATED
DUC-F-06672,p4-4x1,Yellow,#F4EE2A,41,6666,64.0,-10.0,98.4,90,CONCEPT_NOT_FIT_VALIDATED
DUC-F-06673,p4-3x2,Yellow,#F4EE2A,41,6667,-62.0,4.0,98.4,90,CONCEPT_NOT_FIT_VALIDATED
DUC-F-06674,p4-4x2,Yellow,#F4EE2A,41,6668,-54.0,6.0,98.4,90,CONCEPT_NOT_FIT_VALIDATED
DUC-F-06675,p4-4x2,Yellow,#F4EE2A,41,6669,-46.0,6.0,98.4,90,CONCEPT_NOT_FIT_VALIDATED
DUC-F-06676,p4-4x2,Yellow,#F4EE2A,41,6670,-38.0,6.0,98.4,90,CONCEPT_NOT_FIT_VALIDATED
DUC-F-06677,p4-4x2,Yellow,#F4EE2A,41,6671,-30.0,6.0,98.4,90,CONCEPT_NOT_FIT_VALIDATED
DUC-F-06678,p4-4x2,Yellow,#F4EE2A,41,6672,-22.0,6.0,98.4,90,CONCEPT_NOT_FIT_VALIDATED
DUC-F-06679,p4-4x2,Yellow,#F4EE2A,41,6673,-14.0,6.0,98.4,90,CONCEPT_NOT_FIT_VALIDATED
DUC-F-06680,p4-4x2,Yellow,#F4EE2A,41,6674,-6.0,6.0,98.4,90,CONCEPT_NOT_FIT_VALIDATED
DUC-F-06681,p4-4x2,Yellow,#F4EE2A,41,6675,2.0,6.0,98.4,90,CONCEPT_NOT_FIT_VALIDATED
DUC-F-06682,p4-4x2,Yellow,#F4EE2A,41,6676,10.0,6.0,98.4,90,CONCEPT_NOT_FIT_VALIDATED
DUC-F-06683,p4-4x2,Yellow,#F4EE2A,41,6677,18.0,6.0,98.4,90,CONCEPT_NOT_FIT_VALIDATED
DUC-F-06684,p4-4x2,Yellow,#F4EE2A,41,6678,26.0,6.0,98.4,90,CONCEPT_NOT_FIT_VALIDATED
DUC-F-06685,p4-4x2,Yellow,#F4EE2A,41,6679,34.0,6.0,98.4,90,CONCEPT_NOT_FIT_VALIDATED
DUC-F-06686,p4-4x2,Yellow,#F4EE2A,41,6680,42.0,6.0,98.4,90,CONCEPT_NOT_FIT_VALIDATED
DUC-F-06687,p4-4x2,Yellow,#F4EE2A,41,6681,50.0,6.0,98.4,90,CONCEPT_NOT_FIT_VALIDATED
DUC-F-06688,p4-4x2,Yellow,#F4EE2A,41,6682,58.0,6.0,98.4,90,CONCEPT_NOT_FIT_VALIDATED
DUC-F-06689,p4-3x1,Yellow,#F4EE2A,41,6683,64.0,4.0,98.4,90,CONCEPT_NOT_FIT_VALIDATED
DUC-F-06583,p4-1x1,Yellow,#F4EE2A,40,6684,64.0,8.0,96.0,0,CONCEPT_NOT_FIT_VALIDATED
DUC-F-06690,p4-1x1,Yellow,#F4EE2A,41,6685,-60.0,12.0,98.4,0,CONCEPT_NOT_FIT_VALIDATED
DUC-F-06691,p4-2x1,Yellow,#F4EE2A,41,6686,-60.0,18.0,98.4,90,CONCEPT_NOT_FIT_VALIDATED
DUC-F-06692,p4-4x2,Yellow,#F4EE2A,41,6687,-54.0,22.0,98.4,90,CONCEPT_NOT_FIT_VALIDATED
DUC-F-06693,p4-4x2,Yellow,#F4EE2A,41,6688,-46.0,22.0,98.4,90,CONCEPT_NOT_FIT_VALIDATED
DUC-F-06694,p4-4x2,Yellow,#F4EE2A,41,6689,-38.0,22.0,98.4,90,CONCEPT_NOT_FIT_VALIDATED
DUC-F-06695,p4-4x2,Yellow,#F4EE2A,41,6690,-30.0,22.0,98.4,90,CONCEPT_NOT_FIT_VALIDATED
DUC-F-06696,p4-4x2,Yellow,#F4EE2A,41,6691,-22.0,22.0,98.4,90,CONCEPT_NOT_FIT_VALIDATED
DUC-F-06697,p4-4x2,Yellow,#F4EE2A,41,6692,-14.0,22.0,98.4,90,CONCEPT_NOT_FIT_VALIDATED
DUC-F-06698,p4-4x2,Yellow,#F4EE2A,41,6693,-6.0,22.0,98.4,90,CONCEPT_NOT_FIT_VALIDATED
DUC-F-06699,p4-4x2,Yellow,#F4EE2A,41,6694,2.0,22.0,98.4,90,CONCEPT_NOT_FIT_VALIDATED
DUC-F-06700,p4-4x2,Yellow,#F4EE2A,41,6695,10.0,22.0,98.4,90,CONCEPT_NOT_FIT_VALIDATED
DUC-F-06701,p4-4x2,Yellow,#F4EE2A,41,6696,18.0,22.0,98.4,90,CONCEPT_NOT_FIT_VALIDATED
DUC-F-06702,p4-4x2,Yellow,#F4EE2A,41,6697,26.0,22.0,98.4,90,CONCEPT_NOT_FIT_VALIDATED
DUC-F-06703,p4-4x2,Yellow,#F4EE2A,41,6698,34.0,22.0,98.4,90,CONCEPT_NOT_FIT_VALIDATED
DUC-F-06704,p4-4x2,Yellow,#F4EE2A,41,6699,42.0,22.0,98.4,90,CONCEPT_NOT_FIT_VALIDATED
DUC-F-06705,p4-4x2,Yellow,#F4EE2A,41,6700,50.0,22.0,98.4,90,CONCEPT_NOT_FIT_VALIDATED
DUC-F-06706,p4-4x1,Yellow,#F4EE2A,41,6701,56.0,22.0,98.4,90,CONCEPT_NOT_FIT_VALIDATED
DUC-F-06707,p4-2x1,Yellow,#F4EE2A,41,6702,60.0,18.0,98.4,90,CONCEPT_NOT_FIT_VALIDATED
DUC-F-06709,p4-2x2,Yellow,#F4EE2A,41,6703,-46.0,34.0,98.4,0,CONCEPT_NOT_FIT_VALIDATED
DUC-F-06710,p4-3x2,Yellow,#F4EE2A,41,6704,-38.0,36.0,98.4,90,CONCEPT_NOT_FIT_VALIDATED
DUC-F-06711,p4-4x2,Yellow,#F4EE2A,41,6705,-30.0,38.0,98.4,90,CONCEPT_NOT_FIT_VALIDATED
DUC-F-06712,p4-4x2,Yellow,#F4EE2A,41,6706,-22.0,38.0,98.4,90,CONCEPT_NOT_FIT_VALIDATED
DUC-F-06713,p4-4x2,Yellow,#F4EE2A,41,6707,-14.0,38.0,98.4,90,CONCEPT_NOT_FIT_VALIDATED
DUC-F-06714,p4-4x2,Yellow,#F4EE2A,41,6708,-6.0,38.0,98.4,90,CONCEPT_NOT_FIT_VALIDATED
DUC-F-06715,p4-4x2,Yellow,#F4EE2A,41,6709,2.0,38.0,98.4,90,CONCEPT_NOT_FIT_VALIDATED
DUC-F-06716,p4-4x2,Yellow,#F4EE2A,41,6710,10.0,38.0,98.4,90,CONCEPT_NOT_FIT_VALIDATED
DUC-F-06717,p4-4x2,Yellow,#F4EE2A,41,6711,18.0,38.0,98.4,90,CONCEPT_NOT_FIT_VALIDATED
DUC-F-06718,p4-4x2,Yellow,#F4EE2A,41,6712,26.0,38.0,98.4,90,CONCEPT_NOT_FIT_VALIDATED
DUC-F-06719,p4-4x2,Yellow,#F4EE2A,41,6713,34.0,38.0,98.4,90,CONCEPT_NOT_FIT_VALIDATED
DUC-F-06720,p4-3x2,Yellow,#F4EE2A,41,6714,42.0,36.0,98.4,90,CONCEPT_NOT_FIT_VALIDATED
DUC-F-06721,p4-2x1,Yellow,#F4EE2A,41,6715,48.0,34.0,98.4,90,CONCEPT_NOT_FIT_VALIDATED
DUC-F-06569,p4-1x1,Yellow,#F4EE2A,40,6716,48.0,36.0,96.0,0,CONCEPT_NOT_FIT_VALIDATED
DUC-F-06722,p4-1x1,Yellow,#F4EE2A,41,6717,52.0,32.0,98.4,0,CONCEPT_NOT_FIT_VALIDATED
DUC-F-06723,p4-1x1,Yellow,#F4EE2A,41,6718,-44.0,40.0,98.4,0,CONCEPT_NOT_FIT_VALIDATED
DUC-F-06724,p4-1x1,Yellow,#F4EE2A,41,6719,-36.0,44.0,98.4,0,CONCEPT_NOT_FIT_VALIDATED
DUC-F-06725,p4-2x1,Yellow,#F4EE2A,41,6720,-30.0,48.0,98.4,0,CONCEPT_NOT_FIT_VALIDATED
DUC-F-06726,p4-2x1,Yellow,#F4EE2A,41,6721,-22.0,48.0,98.4,0,CONCEPT_NOT_FIT_VALIDATED
DUC-F-06727,p4-2x2,Yellow,#F4EE2A,41,6722,-14.0,50.0,98.4,0,CONCEPT_NOT_FIT_VALIDATED
DUC-F-06728,p4-2x2,Yellow,#F4EE2A,41,6723,-6.0,50.0,98.4,0,CONCEPT_NOT_FIT_VALIDATED
DUC-F-06729,p4-2x2,Yellow,#F4EE2A,41,6724,2.0,50.0,98.4,0,CONCEPT_NOT_FIT_VALIDATED
DUC-F-06730,p4-2x2,Yellow,#F4EE2A,41,6725,10.0,50.0,98.4,0,CONCEPT_NOT_FIT_VALIDATED
DUC-F-06731,p4-2x1,Yellow,#F4EE2A,41,6726,16.0,50.0,98.4,90,CONCEPT_NOT_FIT_VALIDATED
DUC-F-06732,p4-1x1,Yellow,#F4EE2A,41,6727,20.0,48.0,98.4,0,CONCEPT_NOT_FIT_VALIDATED
DUC-F-06733,p4-2x1,Yellow,#F4EE2A,41,6728,26.0,48.0,98.4,0,CONCEPT_NOT_FIT_VALIDATED
DUC-F-06735,p4-2x1,Yellow,#F4EE2A,41,6729,-52.0,58.0,98.4,90,CONCEPT_NOT_FIT_VALIDATED
DUC-F-06736,p4-2x1,Yellow,#F4EE2A,41,6730,-48.0,58.0,98.4,90,CONCEPT_NOT_FIT_VALIDATED
DUC-F-06737,p4-2x2,Yellow,#F4EE2A,41,6731,50.0,58.0,98.4,0,CONCEPT_NOT_FIT_VALIDATED
DUC-F-06738,p4-1x1,Yellow,#F4EE2A,41,6732,-52.0,64.0,98.4,0,CONCEPT_NOT_FIT_VALIDATED
DUC-F-06739,p4-1x1,Yellow,#F4EE2A,41,6733,-48.0,64.0,98.4,0,CONCEPT_NOT_FIT_VALIDATED
DUC-F-06740,p4-2x1,Yellow,#F4EE2A,41,6734,50.0,64.0,98.4,0,CONCEPT_NOT_FIT_VALIDATED
DUC-F-06741,p4-4x2,Yellow,#F4EE2A,42,6735,-62.0,-10.0,100.8,0,CONCEPT_NOT_FIT_VALIDATED
DUC-F-06742,p4-4x1,Yellow,#F4EE2A,42,6736,-62.0,-4.0,100.8,0,CONCEPT_NOT_FIT_VALIDATED
DUC-F-06743,p4-3x1,Yellow,#F4EE2A,42,6737,-60.0,-32.0,100.8,0,CONCEPT_NOT_FIT_VALIDATED
DUC-F-06744,p4-3x2,Yellow,#F4EE2A,42,6738,-60.0,-26.0,100.8,0,CONCEPT_NOT_FIT_VALIDATED
DUC-F-06745,p4-3x2,Yellow,#F4EE2A,42,6739,-60.0,-18.0,100.8,0,CONCEPT_NOT_FIT_VALIDATED
DUC-F-06746,p4-3x1,Yellow,#F4EE2A,42,6740,-60.0,0.0,100.8,0,CONCEPT_NOT_FIT_VALIDATED
DUC-F-06747,p4-3x2,Yellow,#F4EE2A,42,6741,-60.0,6.0,100.8,0,CONCEPT_NOT_FIT_VALIDATED
DUC-F-06748,p4-3x1,Yellow,#F4EE2A,42,6742,-60.0,12.0,100.8,0,CONCEPT_NOT_FIT_VALIDATED
DUC-F-06749,p4-2x1,Yellow,#F4EE2A,42,6743,-58.0,-40.0,100.8,0,CONCEPT_NOT_FIT_VALIDATED
DUC-F-06750,p4-2x1,Yellow,#F4EE2A,42,6744,-58.0,-36.0,100.8,0,CONCEPT_NOT_FIT_VALIDATED
DUC-F-06751,p4-2x1,Yellow,#F4EE2A,42,6745,-58.0,16.0,100.8,0,CONCEPT_NOT_FIT_VALIDATED
DUC-F-06752,p4-2x1,Yellow,#F4EE2A,42,6746,-58.0,20.0,100.8,0,CONCEPT_NOT_FIT_VALIDATED
DUC-F-06754,p4-1x1,Yellow,#F4EE2A,42,6747,-56.0,-44.0,100.8,0,CONCEPT_NOT_FIT_VALIDATED
DUC-F-06755,p4-1x1,Yellow,#F4EE2A,42,6748,-56.0,24.0,100.8,0,CONCEPT_NOT_FIT_VALIDATED
DUC-F-06756,p4-1x1,Yellow,#F4EE2A,42,6749,-56.0,28.0,100.8,0,CONCEPT_NOT_FIT_VALIDATED
DUC-F-06757,p4-4x1,Yellow,#F4EE2A,42,6750,-46.0,-48.0,100.8,0,CONCEPT_NOT_FIT_VALIDATED
DUC-F-06758,p4-4x2,Yellow,#F4EE2A,42,6751,-46.0,-42.0,100.8,0,CONCEPT_NOT_FIT_VALIDATED
DUC-F-06759,p4-4x2,Yellow,#F4EE2A,42,6752,-46.0,-34.0,100.8,0,CONCEPT_NOT_FIT_VALIDATED
DUC-F-06760,p4-4x2,Yellow,#F4EE2A,42,6753,-46.0,-26.0,100.8,0,CONCEPT_NOT_FIT_VALIDATED
DUC-F-06761,p4-4x2,Yellow,#F4EE2A,42,6754,-46.0,-18.0,100.8,0,CONCEPT_NOT_FIT_VALIDATED
DUC-F-06762,p4-4x2,Yellow,#F4EE2A,42,6755,-46.0,-10.0,100.8,0,CONCEPT_NOT_FIT_VALIDATED
DUC-F-06763,p4-4x2,Yellow,#F4EE2A,42,6756,-46.0,-2.0,100.8,0,CONCEPT_NOT_FIT_VALIDATED
DUC-F-06764,p4-4x2,Yellow,#F4EE2A,42,6757,-46.0,6.0,100.8,0,CONCEPT_NOT_FIT_VALIDATED
DUC-F-06765,p4-4x2,Yellow,#F4EE2A,42,6758,-46.0,14.0,100.8,0,CONCEPT_NOT_FIT_VALIDATED
DUC-F-06766,p4-4x2,Yellow,#F4EE2A,42,6759,-46.0,22.0,100.8,0,CONCEPT_NOT_FIT_VALIDATED
DUC-F-06767,p4-4x2,Yellow,#F4EE2A,42,6760,-46.0,30.0,100.8,0,CONCEPT_NOT_FIT_VALIDATED
DUC-F-06708,p4-1x1,Yellow,#F4EE2A,41,6761,-52.0,32.0,98.4,0,CONCEPT_NOT_FIT_VALIDATED
DUC-F-06438,p4-1x1,Yellow,#F4EE2A,40,6762,-52.0,32.0,96.0,0,CONCEPT_NOT_FIT_VALIDATED
DUC-F-06768,p4-1x1,Black,#000000,42,6763,-48.0,-52.0,100.8,0,CONCEPT_NOT_FIT_VALIDATED
DUC-F-06769,p4-3x1,Yellow,#F4EE2A,42,6764,-44.0,36.0,100.8,0,CONCEPT_NOT_FIT_VALIDATED
DUC-F-06770,p4-1x1,Black,#000000,42,6765,-44.0,-56.0,100.8,0,CONCEPT_NOT_FIT_VALIDATED
DUC-F-06771,p4-2x1,Yellow,#F4EE2A,42,6766,-42.0,-52.0,100.8,0,CONCEPT_NOT_FIT_VALIDATED
DUC-F-06772,p4-2x1,Yellow,#F4EE2A,42,6767,-42.0,40.0,100.8,0,CONCEPT_NOT_FIT_VALIDATED
DUC-F-06773,p4-1x1,Black,#000000,42,6768,-40.0,-60.0,100.8,0,CONCEPT_NOT_FIT_VALIDATED
DUC-F-06774,p4-1x1,Yellow,#F4EE2A,42,6769,-40.0,-56.0,100.8,0,CONCEPT_NOT_FIT_VALIDATED
DUC-F-06776,p4-1x1,Black,#000000,42,6770,-36.0,-60.0,100.8,0,CONCEPT_NOT_FIT_VALIDATED
DUC-F-06777,p4-4x1,Yellow,#F4EE2A,42,6771,-30.0,-56.0,100.8,0,CONCEPT_NOT_FIT_VALIDATED
DUC-F-06778,p4-4x2,Yellow,#F4EE2A,42,6772,-30.0,-50.0,100.8,0,CONCEPT_NOT_FIT_VALIDATED
DUC-F-06779,p4-4x2,Yellow,#F4EE2A,42,6773,-30.0,-42.0,100.8,0,CONCEPT_NOT_FIT_VALIDATED
DUC-F-06780,p4-4x2,Yellow,#F4EE2A,42,6774,-30.0,-34.0,100.8,0,CONCEPT_NOT_FIT_VALIDATED
DUC-F-06781,p4-4x2,Yellow,#F4EE2A,42,6775,-30.0,-26.0,100.8,0,CONCEPT_NOT_FIT_VALIDATED
DUC-F-06782,p4-4x2,Yellow,#F4EE2A,42,6776,-30.0,-18.0,100.8,0,CONCEPT_NOT_FIT_VALIDATED
DUC-F-06783,p4-4x2,Yellow,#F4EE2A,42,6777,-30.0,-10.0,100.8,0,CONCEPT_NOT_FIT_VALIDATED
DUC-F-06784,p4-4x2,Yellow,#F4EE2A,42,6778,-30.0,-2.0,100.8,0,CONCEPT_NOT_FIT_VALIDATED
DUC-F-06785,p4-4x2,Yellow,#F4EE2A,42,6779,-30.0,6.0,100.8,0,CONCEPT_NOT_FIT_VALIDATED
DUC-F-06786,p4-4x2,Yellow,#F4EE2A,42,6780,-30.0,14.0,100.8,0,CONCEPT_NOT_FIT_VALIDATED
DUC-F-06787,p4-4x2,Yellow,#F4EE2A,42,6781,-30.0,22.0,100.8,0,CONCEPT_NOT_FIT_VALIDATED
DUC-F-06788,p4-4x2,Yellow,#F4EE2A,42,6782,-30.0,30.0,100.8,0,CONCEPT_NOT_FIT_VALIDATED
DUC-F-06789,p4-4x2,Yellow,#F4EE2A,42,6783,-30.0,38.0,100.8,0,CONCEPT_NOT_FIT_VALIDATED
DUC-F-06790,p4-4x1,Yellow,#F4EE2A,42,6784,-30.0,44.0,100.8,0,CONCEPT_NOT_FIT_VALIDATED
DUC-F-06791,p4-2x1,Black,#000000,42,6785,-30.0,-64.0,100.8,0,CONCEPT_NOT_FIT_VALIDATED
DUC-F-06792,p4-3x1,Yellow,#F4EE2A,42,6786,-28.0,-60.0,100.8,0,CONCEPT_NOT_FIT_VALIDATED
DUC-F-06793,p4-3x1,Yellow,#F4EE2A,42,6787,-28.0,48.0,100.8,0,CONCEPT_NOT_FIT_VALIDATED
DUC-F-06794,p4-2x1,Yellow,#F4EE2A,42,6788,-24.0,-66.0,100.8,90,CONCEPT_NOT_FIT_VALIDATED
DUC-F-06795,p4-4x2,Yellow,#F4EE2A,42,6789,-14.0,-66.0,100.8,0,CONCEPT_NOT_FIT_VALIDATED
DUC-F-06796,p4-4x2,Yellow,#F4EE2A,42,6790,-14.0,-58.0,100.8,0,CONCEPT_NOT_FIT_VALIDATED
DUC-F-06797,p4-4x2,Yellow,#F4EE2A,42,6791,-14.0,-50.0,100.8,0,CONCEPT_NOT_FIT_VALIDATED
DUC-F-06798,p4-4x2,Yellow,#F4EE2A,42,6792,-14.0,-42.0,100.8,0,CONCEPT_NOT_FIT_VALIDATED
DUC-F-06799,p4-4x2,Yellow,#F4EE2A,42,6793,-14.0,-34.0,100.8,0,CONCEPT_NOT_FIT_VALIDATED
DUC-F-06800,p4-4x2,Yellow,#F4EE2A,42,6794,-14.0,-26.0,100.8,0,CONCEPT_NOT_FIT_VALIDATED
DUC-F-06801,p4-4x2,Yellow,#F4EE2A,42,6795,-14.0,-18.0,100.8,0,CONCEPT_NOT_FIT_VALIDATED
DUC-F-06802,p4-4x2,Yellow,#F4EE2A,42,6796,-14.0,-10.0,100.8,0,CONCEPT_NOT_FIT_VALIDATED
DUC-F-06803,p4-4x2,Yellow,#F4EE2A,42,6797,-14.0,-2.0,100.8,0,CONCEPT_NOT_FIT_VALIDATED
DUC-F-06804,p4-4x2,Yellow,#F4EE2A,42,6798,-14.0,6.0,100.8,0,CONCEPT_NOT_FIT_VALIDATED
DUC-F-06805,p4-4x2,Yellow,#F4EE2A,42,6799,-14.0,14.0,100.8,0,CONCEPT_NOT_FIT_VALIDATED
DUC-F-06806,p4-4x2,Yellow,#F4EE2A,42,6800,-14.0,22.0,100.8,0,CONCEPT_NOT_FIT_VALIDATED
DUC-F-06807,p4-4x2,Yellow,#F4EE2A,42,6801,-14.0,30.0,100.8,0,CONCEPT_NOT_FIT_VALIDATED
DUC-F-06808,p4-4x2,Yellow,#F4EE2A,42,6802,-14.0,38.0,100.8,0,CONCEPT_NOT_FIT_VALIDATED
DUC-F-06809,p4-4x2,Yellow,#F4EE2A,42,6803,-14.0,46.0,100.8,0,CONCEPT_NOT_FIT_VALIDATED
DUC-F-06810,p4-4x1,Yellow,#F4EE2A,42,6804,-14.0,52.0,100.8,0,CONCEPT_NOT_FIT_VALIDATED
DUC-F-06811,p4-2x1,Yellow,#F4EE2A,42,6805,-10.0,-72.0,100.8,0,CONCEPT_NOT_FIT_VALIDATED
DUC-F-06812,p4-4x1,Yellow,#F4EE2A,42,6806,2.0,-72.0,100.8,0,CONCEPT_NOT_FIT_VALIDATED
DUC-F-06813,p4-4x2,Yellow,#F4EE2A,42,6807,2.0,-66.0,100.8,0,CONCEPT_NOT_FIT_VALIDATED
DUC-F-06814,p4-4x2,Yellow,#F4EE2A,42,6808,2.0,-58.0,100.8,0,CONCEPT_NOT_FIT_VALIDATED
DUC-F-06815,p4-4x2,Yellow,#F4EE2A,42,6809,2.0,-50.0,100.8,0,CONCEPT_NOT_FIT_VALIDATED
DUC-F-06816,p4-4x2,Yellow,#F4EE2A,42,6810,2.0,-42.0,100.8,0,CONCEPT_NOT_FIT_VALIDATED
DUC-F-06817,p4-4x2,Yellow,#F4EE2A,42,6811,2.0,-34.0,100.8,0,CONCEPT_NOT_FIT_VALIDATED
DUC-F-06818,p4-4x2,Yellow,#F4EE2A,42,6812,2.0,-26.0,100.8,0,CONCEPT_NOT_FIT_VALIDATED
DUC-F-06819,p4-4x2,Yellow,#F4EE2A,42,6813,2.0,-18.0,100.8,0,CONCEPT_NOT_FIT_VALIDATED
DUC-F-06820,p4-4x2,Yellow,#F4EE2A,42,6814,2.0,-10.0,100.8,0,CONCEPT_NOT_FIT_VALIDATED
DUC-F-06821,p4-4x2,Yellow,#F4EE2A,42,6815,2.0,-2.0,100.8,0,CONCEPT_NOT_FIT_VALIDATED
DUC-F-06822,p4-4x2,Yellow,#F4EE2A,42,6816,2.0,6.0,100.8,0,CONCEPT_NOT_FIT_VALIDATED
DUC-F-06823,p4-4x2,Yellow,#F4EE2A,42,6817,2.0,14.0,100.8,0,CONCEPT_NOT_FIT_VALIDATED
DUC-F-06824,p4-4x2,Yellow,#F4EE2A,42,6818,2.0,22.0,100.8,0,CONCEPT_NOT_FIT_VALIDATED
DUC-F-06825,p4-4x2,Yellow,#F4EE2A,42,6819,2.0,30.0,100.8,0,CONCEPT_NOT_FIT_VALIDATED
DUC-F-06826,p4-4x2,Yellow,#F4EE2A,42,6820,2.0,38.0,100.8,0,CONCEPT_NOT_FIT_VALIDATED
DUC-F-06827,p4-4x2,Yellow,#F4EE2A,42,6821,2.0,46.0,100.8,0,CONCEPT_NOT_FIT_VALIDATED
DUC-F-06828,p4-4x1,Yellow,#F4EE2A,42,6822,2.0,52.0,100.8,0,CONCEPT_NOT_FIT_VALIDATED
DUC-F-06829,p4-1x1,Yellow,#F4EE2A,42,6823,12.0,-72.0,100.8,0,CONCEPT_NOT_FIT_VALIDATED
DUC-F-06830,p4-4x2,Yellow,#F4EE2A,42,6824,18.0,-66.0,100.8,0,CONCEPT_NOT_FIT_VALIDATED
DUC-F-06831,p4-4x2,Yellow,#F4EE2A,42,6825,18.0,-58.0,100.8,0,CONCEPT_NOT_FIT_VALIDATED
DUC-F-06832,p4-4x2,Yellow,#F4EE2A,42,6826,18.0,-50.0,100.8,0,CONCEPT_NOT_FIT_VALIDATED
DUC-F-06833,p4-4x2,Yellow,#F4EE2A,42,6827,18.0,-42.0,100.8,0,CONCEPT_NOT_FIT_VALIDATED
DUC-F-06834,p4-4x2,Yellow,#F4EE2A,42,6828,18.0,-34.0,100.8,0,CONCEPT_NOT_FIT_VALIDATED
DUC-F-06835,p4-4x2,Yellow,#F4EE2A,42,6829,18.0,-26.0,100.8,0,CONCEPT_NOT_FIT_VALIDATED
DUC-F-06836,p4-4x2,Yellow,#F4EE2A,42,6830,18.0,-18.0,100.8,0,CONCEPT_NOT_FIT_VALIDATED
DUC-F-06837,p4-4x2,Yellow,#F4EE2A,42,6831,18.0,-10.0,100.8,0,CONCEPT_NOT_FIT_VALIDATED
DUC-F-06838,p4-4x2,Yellow,#F4EE2A,42,6832,18.0,-2.0,100.8,0,CONCEPT_NOT_FIT_VALIDATED
DUC-F-06839,p4-4x2,Yellow,#F4EE2A,42,6833,18.0,6.0,100.8,0,CONCEPT_NOT_FIT_VALIDATED
DUC-F-06840,p4-4x2,Yellow,#F4EE2A,42,6834,18.0,14.0,100.8,0,CONCEPT_NOT_FIT_VALIDATED
DUC-F-06841,p4-4x2,Yellow,#F4EE2A,42,6835,18.0,22.0,100.8,0,CONCEPT_NOT_FIT_VALIDATED
DUC-F-06842,p4-4x2,Yellow,#F4EE2A,42,6836,18.0,30.0,100.8,0,CONCEPT_NOT_FIT_VALIDATED
DUC-F-06843,p4-4x2,Yellow,#F4EE2A,42,6837,18.0,38.0,100.8,0,CONCEPT_NOT_FIT_VALIDATED
DUC-F-06844,p4-4x2,Yellow,#F4EE2A,42,6838,18.0,46.0,100.8,0,CONCEPT_NOT_FIT_VALIDATED
DUC-F-06845,p4-3x1,Yellow,#F4EE2A,42,6839,16.0,52.0,100.8,0,CONCEPT_NOT_FIT_VALIDATED
DUC-F-06846,p4-2x1,Black,#000000,42,6840,30.0,-64.0,100.8,0,CONCEPT_NOT_FIT_VALIDATED
DUC-F-06604,p4-1x1,Black,#000000,41,6841,32.0,-64.0,98.4,0,CONCEPT_NOT_FIT_VALIDATED
DUC-F-06536,p4-1x1,Black,#000000,40,6842,32.0,-64.0,96.0,0,CONCEPT_NOT_FIT_VALIDATED
DUC-F-06270,p4-1x1,Black,#000000,39,6843,32.0,-64.0,93.6,0,CONCEPT_NOT_FIT_VALIDATED
DUC-F-06847,p4-2x2,Yellow,#F4EE2A,42,6844,30.0,-58.0,100.8,0,CONCEPT_NOT_FIT_VALIDATED
DUC-F-06848,p4-4x2,Yellow,#F4EE2A,42,6845,34.0,-50.0,100.8,0,CONCEPT_NOT_FIT_VALIDATED
DUC-F-06849,p4-4x2,Yellow,#F4EE2A,42,6846,34.0,-42.0,100.8,0,CONCEPT_NOT_FIT_VALIDATED
DUC-F-06850,p4-4x2,Yellow,#F4EE2A,42,6847,34.0,-34.0,100.8,0,CONCEPT_NOT_FIT_VALIDATED
DUC-F-06851,p4-4x2,Yellow,#F4EE2A,42,6848,34.0,-26.0,100.8,0,CONCEPT_NOT_FIT_VALIDATED
DUC-F-06852,p4-4x2,Yellow,#F4EE2A,42,6849,34.0,-18.0,100.8,0,CONCEPT_NOT_FIT_VALIDATED
DUC-F-06853,p4-4x2,Yellow,#F4EE2A,42,6850,34.0,-10.0,100.8,0,CONCEPT_NOT_FIT_VALIDATED
DUC-F-06854,p4-4x2,Yellow,#F4EE2A,42,6851,34.0,-2.0,100.8,0,CONCEPT_NOT_FIT_VALIDATED
DUC-F-06855,p4-4x2,Yellow,#F4EE2A,42,6852,34.0,6.0,100.8,0,CONCEPT_NOT_FIT_VALIDATED
DUC-F-06856,p4-4x2,Yellow,#F4EE2A,42,6853,34.0,14.0,100.8,0,CONCEPT_NOT_FIT_VALIDATED
DUC-F-06857,p4-4x2,Yellow,#F4EE2A,42,6854,34.0,22.0,100.8,0,CONCEPT_NOT_FIT_VALIDATED
DUC-F-06858,p4-4x2,Yellow,#F4EE2A,42,6855,34.0,30.0,100.8,0,CONCEPT_NOT_FIT_VALIDATED
DUC-F-06859,p4-4x2,Yellow,#F4EE2A,42,6856,34.0,38.0,100.8,0,CONCEPT_NOT_FIT_VALIDATED
DUC-F-06860,p4-2x2,Yellow,#F4EE2A,42,6857,30.0,46.0,100.8,0,CONCEPT_NOT_FIT_VALIDATED
DUC-F-06734,p4-1x1,Yellow,#F4EE2A,41,6858,32.0,48.0,98.4,0,CONCEPT_NOT_FIT_VALIDATED
DUC-F-06861,p4-2x1,Black,#000000,42,6859,38.0,-60.0,100.8,0,CONCEPT_NOT_FIT_VALIDATED
DUC-F-06862,p4-2x1,Yellow,#F4EE2A,42,6860,38.0,-56.0,100.8,0,CONCEPT_NOT_FIT_VALIDATED
DUC-F-06863,p4-2x1,Yellow,#F4EE2A,42,6861,38.0,44.0,100.8,0,CONCEPT_NOT_FIT_VALIDATED
DUC-F-06864,p4-1x1,Black,#000000,42,6862,44.0,-56.0,100.8,0,CONCEPT_NOT_FIT_VALIDATED
DUC-F-06865,p4-2x1,Yellow,#F4EE2A,42,6863,44.0,-50.0,100.8,90,CONCEPT_NOT_FIT_VALIDATED
DUC-F-06866,p4-4x2,Yellow,#F4EE2A,42,6864,50.0,-42.0,100.8,0,CONCEPT_NOT_FIT_VALIDATED
DUC-F-06867,p4-4x2,Yellow,#F4EE2A,42,6865,50.0,-34.0,100.8,0,CONCEPT_NOT_FIT_VALIDATED
DUC-F-06868,p4-4x2,Yellow,#F4EE2A,42,6866,50.0,-26.0,100.8,0,CONCEPT_NOT_FIT_VALIDATED
DUC-F-06869,p4-4x2,Yellow,#F4EE2A,42,6867,50.0,-18.0,100.8,0,CONCEPT_NOT_FIT_VALIDATED
DUC-F-06870,p4-4x2,Yellow,#F4EE2A,42,6868,50.0,-10.0,100.8,0,CONCEPT_NOT_FIT_VALIDATED
DUC-F-06871,p4-4x2,Yellow,#F4EE2A,42,6869,50.0,-2.0,100.8,0,CONCEPT_NOT_FIT_VALIDATED
DUC-F-06872,p4-4x2,Yellow,#F4EE2A,42,6870,50.0,6.0,100.8,0,CONCEPT_NOT_FIT_VALIDATED
DUC-F-06873,p4-4x2,Yellow,#F4EE2A,42,6871,50.0,14.0,100.8,0,CONCEPT_NOT_FIT_VALIDATED
DUC-F-06874,p4-4x2,Yellow,#F4EE2A,42,6872,50.0,22.0,100.8,0,CONCEPT_NOT_FIT_VALIDATED
DUC-F-06875,p4-3x2,Yellow,#F4EE2A,42,6873,48.0,30.0,100.8,0,CONCEPT_NOT_FIT_VALIDATED
DUC-F-06876,p4-2x1,Yellow,#F4EE2A,42,6874,46.0,36.0,100.8,0,CONCEPT_NOT_FIT_VALIDATED
DUC-F-06877,p4-1x1,Yellow,#F4EE2A,42,6875,44.0,40.0,100.8,0,CONCEPT_NOT_FIT_VALIDATED
DUC-F-06878,p4-1x1,Black,#000000,42,6876,48.0,-52.0,100.8,0,CONCEPT_NOT_FIT_VALIDATED
DUC-F-06879,p4-3x1,Yellow,#F4EE2A,42,6877,52.0,-48.0,100.8,0,CONCEPT_NOT_FIT_VALIDATED
DUC-F-06880,p4-1x1,Yellow,#F4EE2A,42,6878,56.0,28.0,100.8,0,CONCEPT_NOT_FIT_VALIDATED
DUC-F-06881,p4-1x1,Yellow,#F4EE2A,42,6879,60.0,-40.0,100.8,0,CONCEPT_NOT_FIT_VALIDATED
DUC-F-06882,p4-2x1,Yellow,#F4EE2A,42,6880,60.0,-34.0,100.8,90,CONCEPT_NOT_FIT_VALIDATED
DUC-F-06883,p4-2x2,Yellow,#F4EE2A,42,6881,62.0,-26.0,100.8,0,CONCEPT_NOT_FIT_VALIDATED
DUC-F-06884,p4-2x2,Yellow,#F4EE2A,42,6882,62.0,-18.0,100.8,0,CONCEPT_NOT_FIT_VALIDATED
DUC-F-06885,p4-3x2,Yellow,#F4EE2A,42,6883,64.0,-10.0,100.8,0,CONCEPT_NOT_FIT_VALIDATED
DUC-F-06886,p4-2x2,Yellow,#F4EE2A,42,6884,62.0,-2.0,100.8,0,CONCEPT_NOT_FIT_VALIDATED
DUC-F-06887,p4-2x2,Yellow,#F4EE2A,42,6885,62.0,6.0,100.8,0,CONCEPT_NOT_FIT_VALIDATED
DUC-F-06888,p4-2x1,Yellow,#F4EE2A,42,6886,60.0,14.0,100.8,90,CONCEPT_NOT_FIT_VALIDATED
DUC-F-06889,p4-1x1,Yellow,#F4EE2A,42,6887,60.0,20.0,100.8,0,CONCEPT_NOT_FIT_VALIDATED
DUC-F-06893,p4-2x1,Yellow,#F4EE2A,43,6888,-10.0,-72.0,103.2,0,CONCEPT_NOT_FIT_VALIDATED
DUC-F-06894,p4-2x1,Yellow,#F4EE2A,43,6889,-2.0,-72.0,103.2,0,CONCEPT_NOT_FIT_VALIDATED
DUC-F-06895,p4-2x1,Yellow,#F4EE2A,43,6890,6.0,-72.0,103.2,0,CONCEPT_NOT_FIT_VALIDATED
DUC-F-06896,p4-2x1,Yellow,#F4EE2A,43,6891,14.0,-72.0,103.2,0,CONCEPT_NOT_FIT_VALIDATED
DUC-F-06897,p4-4x1,Yellow,#F4EE2A,43,6892,-24.0,-62.0,103.2,90,CONCEPT_NOT_FIT_VALIDATED
DUC-F-06898,p4-4x2,Yellow,#F4EE2A,43,6893,-18.0,-62.0,103.2,90,CONCEPT_NOT_FIT_VALIDATED
DUC-F-06899,p4-4x2,Yellow,#F4EE2A,43,6894,-10.0,-62.0,103.2,90,CONCEPT_NOT_FIT_VALIDATED
DUC-F-06900,p4-4x2,Yellow,#F4EE2A,43,6895,-2.0,-62.0,103.2,90,CONCEPT_NOT_FIT_VALIDATED
DUC-F-06901,p4-4x2,Yellow,#F4EE2A,43,6896,6.0,-62.0,103.2,90,CONCEPT_NOT_FIT_VALIDATED
DUC-F-06902,p4-4x2,Yellow,#F4EE2A,43,6897,14.0,-62.0,103.2,90,CONCEPT_NOT_FIT_VALIDATED
DUC-F-06903,p4-4x2,Yellow,#F4EE2A,43,6898,22.0,-62.0,103.2,90,CONCEPT_NOT_FIT_VALIDATED
DUC-F-06904,p4-2x1,Black,#000000,43,6899,-34.0,-64.0,103.2,0,CONCEPT_NOT_FIT_VALIDATED
DUC-F-06905,p4-1x1,Black,#000000,43,6900,-28.0,-64.0,103.2,0,CONCEPT_NOT_FIT_VALIDATED
DUC-F-06906,p4-2x1,Black,#000000,43,6901,30.0,-64.0,103.2,0,CONCEPT_NOT_FIT_VALIDATED
DUC-F-06908,p4-1x1,Black,#000000,43,6902,-40.0,-60.0,103.2,0,CONCEPT_NOT_FIT_VALIDATED
DUC-F-06909,p4-2x2,Yellow,#F4EE2A,43,6903,-34.0,-58.0,103.2,0,CONCEPT_NOT_FIT_VALIDATED
DUC-F-06910,p4-2x1,Yellow,#F4EE2A,43,6904,-28.0,-58.0,103.2,90,CONCEPT_NOT_FIT_VALIDATED
DUC-F-06911,p4-2x2,Yellow,#F4EE2A,43,6905,30.0,-58.0,103.2,0,CONCEPT_NOT_FIT_VALIDATED
DUC-F-06912,p4-2x1,Yellow,#F4EE2A,43,6906,36.0,-58.0,103.2,90,CONCEPT_NOT_FIT_VALIDATED
DUC-F-06913,p4-1x1,Black,#000000,43,6907,40.0,-60.0,103.2,0,CONCEPT_NOT_FIT_VALIDATED
DUC-F-06915,p4-1x1,Black,#000000,43,6908,-44.0,-56.0,103.2,0,CONCEPT_NOT_FIT_VALIDATED
DUC-F-06916,p4-1x1,Yellow,#F4EE2A,43,6909,-40.0,-56.0,103.2,0,CONCEPT_NOT_FIT_VALIDATED
DUC-F-06917,p4-1x1,Yellow,#F4EE2A,43,6910,40.0,-56.0,103.2,0,CONCEPT_NOT_FIT_VALIDATED
DUC-F-06918,p4-2x1,Black,#000000,43,6911,46.0,-56.0,103.2,0,CONCEPT_NOT_FIT_VALIDATED
DUC-F-06919,p4-1x1,Black,#000000,43,6912,-48.0,-52.0,103.2,0,CONCEPT_NOT_FIT_VALIDATED
DUC-F-06920,p4-4x2,Yellow,#F4EE2A,43,6913,-42.0,-46.0,103.2,90,CONCEPT_NOT_FIT_VALIDATED
DUC-F-06921,p4-4x2,Yellow,#F4EE2A,43,6914,-34.0,-46.0,103.2,90,CONCEPT_NOT_FIT_VALIDATED
DUC-F-06922,p4-4x2,Yellow,#F4EE2A,43,6915,-26.0,-46.0,103.2,90,CONCEPT_NOT_FIT_VALIDATED
DUC-F-06923,p4-4x2,Yellow,#F4EE2A,43,6916,-18.0,-46.0,103.2,90,CONCEPT_NOT_FIT_VALIDATED
DUC-F-06924,p4-4x2,Yellow,#F4EE2A,43,6917,-10.0,-46.0,103.2,90,CONCEPT_NOT_FIT_VALIDATED
DUC-F-06925,p4-4x2,Yellow,#F4EE2A,43,6918,-2.0,-46.0,103.2,90,CONCEPT_NOT_FIT_VALIDATED
DUC-F-06926,p4-4x2,Yellow,#F4EE2A,43,6919,6.0,-46.0,103.2,90,CONCEPT_NOT_FIT_VALIDATED
DUC-F-06927,p4-4x2,Yellow,#F4EE2A,43,6920,14.0,-46.0,103.2,90,CONCEPT_NOT_FIT_VALIDATED
DUC-F-06928,p4-4x2,Yellow,#F4EE2A,43,6921,22.0,-46.0,103.2,90,CONCEPT_NOT_FIT_VALIDATED
DUC-F-06929,p4-4x2,Yellow,#F4EE2A,43,6922,30.0,-46.0,103.2,90,CONCEPT_NOT_FIT_VALIDATED
DUC-F-06930,p4-4x2,Yellow,#F4EE2A,43,6923,38.0,-46.0,103.2,90,CONCEPT_NOT_FIT_VALIDATED
DUC-F-06931,p4-4x1,Yellow,#F4EE2A,43,6924,44.0,-46.0,103.2,90,CONCEPT_NOT_FIT_VALIDATED
DUC-F-06932,p4-1x1,Black,#000000,43,6925,48.0,-52.0,103.2,0,CONCEPT_NOT_FIT_VALIDATED
DUC-F-06933,p4-3x1,Yellow,#F4EE2A,43,6926,-56.0,-44.0,103.2,90,CONCEPT_NOT_FIT_VALIDATED
DUC-F-06753,p4-1x1,Yellow,#F4EE2A,42,6927,-56.0,-48.0,100.8,0,CONCEPT_NOT_FIT_VALIDATED
DUC-F-06934,p4-3x2,Yellow,#F4EE2A,43,6928,-50.0,-44.0,103.2,90,CONCEPT_NOT_FIT_VALIDATED
DUC-F-06935,p4-3x1,Yellow,#F4EE2A,43,6929,48.0,-44.0,103.2,90,CONCEPT_NOT_FIT_VALIDATED
DUC-F-06936,p4-3x2,Yellow,#F4EE2A,43,6930,54.0,-44.0,103.2,90,CONCEPT_NOT_FIT_VALIDATED
DUC-F-06937,p4-1x1,Yellow,#F4EE2A,43,6931,-60.0,-40.0,103.2,0,CONCEPT_NOT_FIT_VALIDATED
DUC-F-06938,p4-1x1,Yellow,#F4EE2A,43,6932,60.0,-40.0,103.2,0,CONCEPT_NOT_FIT_VALIDATED
DUC-F-06939,p4-4x2,Yellow,#F4EE2A,43,6933,-58.0,-30.0,103.2,90,CONCEPT_NOT_FIT_VALIDATED
DUC-F-06940,p4-4x2,Yellow,#F4EE2A,43,6934,-50.0,-30.0,103.2,90,CONCEPT_NOT_FIT_VALIDATED
DUC-F-06941,p4-4x2,Yellow,#F4EE2A,43,6935,-42.0,-30.0,103.2,90,CONCEPT_NOT_FIT_VALIDATED
DUC-F-06942,p4-4x2,Yellow,#F4EE2A,43,6936,-34.0,-30.0,103.2,90,CONCEPT_NOT_FIT_VALIDATED
DUC-F-06943,p4-4x2,Yellow,#F4EE2A,43,6937,-26.0,-30.0,103.2,90,CONCEPT_NOT_FIT_VALIDATED
DUC-F-06944,p4-4x2,Yellow,#F4EE2A,43,6938,-18.0,-30.0,103.2,90,CONCEPT_NOT_FIT_VALIDATED
DUC-F-06945,p4-4x2,Yellow,#F4EE2A,43,6939,-10.0,-30.0,103.2,90,CONCEPT_NOT_FIT_VALIDATED
DUC-F-06946,p4-4x2,Yellow,#F4EE2A,43,6940,-2.0,-30.0,103.2,90,CONCEPT_NOT_FIT_VALIDATED
DUC-F-06947,p4-4x2,Yellow,#F4EE2A,43,6941,6.0,-30.0,103.2,90,CONCEPT_NOT_FIT_VALIDATED
DUC-F-06948,p4-4x2,Yellow,#F4EE2A,43,6942,14.0,-30.0,103.2,90,CONCEPT_NOT_FIT_VALIDATED
DUC-F-06949,p4-4x2,Yellow,#F4EE2A,43,6943,22.0,-30.0,103.2,90,CONCEPT_NOT_FIT_VALIDATED
DUC-F-06950,p4-4x2,Yellow,#F4EE2A,43,6944,30.0,-30.0,103.2,90,CONCEPT_NOT_FIT_VALIDATED
DUC-F-06951,p4-4x2,Yellow,#F4EE2A,43,6945,38.0,-30.0,103.2,90,CONCEPT_NOT_FIT_VALIDATED
DUC-F-06952,p4-4x2,Yellow,#F4EE2A,43,6946,46.0,-30.0,103.2,90,CONCEPT_NOT_FIT_VALIDATED
DUC-F-06953,p4-4x2,Yellow,#F4EE2A,43,6947,54.0,-30.0,103.2,90,CONCEPT_NOT_FIT_VALIDATED
DUC-F-06954,p4-4x1,Yellow,#F4EE2A,43,6948,60.0,-30.0,103.2,90,CONCEPT_NOT_FIT_VALIDATED
DUC-F-06955,p4-3x1,Yellow,#F4EE2A,43,6949,-64.0,-28.0,103.2,90,CONCEPT_NOT_FIT_VALIDATED
DUC-F-06956,p4-3x1,Yellow,#F4EE2A,43,6950,64.0,-28.0,103.2,90,CONCEPT_NOT_FIT_VALIDATED
DUC-F-06890,p4-1x1,Yellow,#F4EE2A,42,6951,64.0,-32.0,100.8,0,CONCEPT_NOT_FIT_VALIDATED
DUC-F-06957,p4-4x2,Yellow,#F4EE2A,43,6952,-66.0,-14.0,103.2,90,CONCEPT_NOT_FIT_VALIDATED
DUC-F-06958,p4-4x2,Yellow,#F4EE2A,43,6953,-58.0,-14.0,103.2,90,CONCEPT_NOT_FIT_VALIDATED
DUC-F-06959,p4-4x2,Yellow,#F4EE2A,43,6954,-50.0,-14.0,103.2,90,CONCEPT_NOT_FIT_VALIDATED
DUC-F-06960,p4-4x2,Yellow,#F4EE2A,43,6955,-42.0,-14.0,103.2,90,CONCEPT_NOT_FIT_VALIDATED
DUC-F-06961,p4-4x2,Yellow,#F4EE2A,43,6956,-34.0,-14.0,103.2,90,CONCEPT_NOT_FIT_VALIDATED
DUC-F-06962,p4-4x2,Yellow,#F4EE2A,43,6957,-26.0,-14.0,103.2,90,CONCEPT_NOT_FIT_VALIDATED
DUC-F-06963,p4-4x2,Yellow,#F4EE2A,43,6958,-18.0,-14.0,103.2,90,CONCEPT_NOT_FIT_VALIDATED
DUC-F-06964,p4-4x2,Yellow,#F4EE2A,43,6959,-10.0,-14.0,103.2,90,CONCEPT_NOT_FIT_VALIDATED
DUC-F-06965,p4-4x2,Yellow,#F4EE2A,43,6960,-2.0,-14.0,103.2,90,CONCEPT_NOT_FIT_VALIDATED
DUC-F-06966,p4-4x2,Yellow,#F4EE2A,43,6961,6.0,-14.0,103.2,90,CONCEPT_NOT_FIT_VALIDATED
DUC-F-06967,p4-4x2,Yellow,#F4EE2A,43,6962,14.0,-14.0,103.2,90,CONCEPT_NOT_FIT_VALIDATED
DUC-F-06968,p4-4x2,Yellow,#F4EE2A,43,6963,22.0,-14.0,103.2,90,CONCEPT_NOT_FIT_VALIDATED
DUC-F-06969,p4-4x2,Yellow,#F4EE2A,43,6964,30.0,-14.0,103.2,90,CONCEPT_NOT_FIT_VALIDATED
DUC-F-06970,p4-4x2,Yellow,#F4EE2A,43,6965,38.0,-14.0,103.2,90,CONCEPT_NOT_FIT_VALIDATED
DUC-F-06971,p4-4x2,Yellow,#F4EE2A,43,6966,46.0,-14.0,103.2,90,CONCEPT_NOT_FIT_VALIDATED
DUC-F-06972,p4-4x2,Yellow,#F4EE2A,43,6967,54.0,-14.0,103.2,90,CONCEPT_NOT_FIT_VALIDATED
DUC-F-06973,p4-4x2,Yellow,#F4EE2A,43,6968,62.0,-14.0,103.2,90,CONCEPT_NOT_FIT_VALIDATED
DUC-F-06974,p4-4x1,Yellow,#F4EE2A,43,6969,68.0,-14.0,103.2,90,CONCEPT_NOT_FIT_VALIDATED
DUC-F-06975,p4-2x2,Yellow,#F4EE2A,43,6970,-66.0,-2.0,103.2,0,CONCEPT_NOT_FIT_VALIDATED
DUC-F-06976,p4-4x2,Yellow,#F4EE2A,43,6971,-58.0,2.0,103.2,90,CONCEPT_NOT_FIT_VALIDATED
DUC-F-06977,p4-4x2,Yellow,#F4EE2A,43,6972,-50.0,2.0,103.2,90,CONCEPT_NOT_FIT_VALIDATED
DUC-F-06978,p4-4x2,Yellow,#F4EE2A,43,6973,-42.0,2.0,103.2,90,CONCEPT_NOT_FIT_VALIDATED
DUC-F-06979,p4-4x2,Yellow,#F4EE2A,43,6974,-34.0,2.0,103.2,90,CONCEPT_NOT_FIT_VALIDATED
DUC-F-06980,p4-4x2,Yellow,#F4EE2A,43,6975,-26.0,2.0,103.2,90,CONCEPT_NOT_FIT_VALIDATED
DUC-F-06981,p4-4x2,Yellow,#F4EE2A,43,6976,-18.0,2.0,103.2,90,CONCEPT_NOT_FIT_VALIDATED
DUC-F-06982,p4-4x2,Yellow,#F4EE2A,43,6977,-10.0,2.0,103.2,90,CONCEPT_NOT_FIT_VALIDATED
DUC-F-06983,p4-4x2,Yellow,#F4EE2A,43,6978,-2.0,2.0,103.2,90,CONCEPT_NOT_FIT_VALIDATED
DUC-F-06984,p4-4x2,Yellow,#F4EE2A,43,6979,6.0,2.0,103.2,90,CONCEPT_NOT_FIT_VALIDATED
DUC-F-06985,p4-4x2,Yellow,#F4EE2A,43,6980,14.0,2.0,103.2,90,CONCEPT_NOT_FIT_VALIDATED
DUC-F-06986,p4-4x2,Yellow,#F4EE2A,43,6981,22.0,2.0,103.2,90,CONCEPT_NOT_FIT_VALIDATED
DUC-F-06987,p4-4x2,Yellow,#F4EE2A,43,6982,30.0,2.0,103.2,90,CONCEPT_NOT_FIT_VALIDATED
DUC-F-06988,p4-4x2,Yellow,#F4EE2A,43,6983,38.0,2.0,103.2,90,CONCEPT_NOT_FIT_VALIDATED
DUC-F-06989,p4-4x2,Yellow,#F4EE2A,43,6984,46.0,2.0,103.2,90,CONCEPT_NOT_FIT_VALIDATED
DUC-F-06990,p4-4x2,Yellow,#F4EE2A,43,6985,54.0,2.0,103.2,90,CONCEPT_NOT_FIT_VALIDATED
DUC-F-06991,p4-4x2,Yellow,#F4EE2A,43,6986,62.0,2.0,103.2,90,CONCEPT_NOT_FIT_VALIDATED
DUC-F-06993,p4-2x1,Yellow,#F4EE2A,43,6987,-64.0,6.0,103.2,90,CONCEPT_NOT_FIT_VALIDATED
DUC-F-06994,p4-1x1,Yellow,#F4EE2A,43,6988,-64.0,12.0,103.2,0,CONCEPT_NOT_FIT_VALIDATED
DUC-F-06995,p4-4x2,Yellow,#F4EE2A,43,6989,-58.0,18.0,103.2,90,CONCEPT_NOT_FIT_VALIDATED
DUC-F-06996,p4-4x2,Yellow,#F4EE2A,43,6990,-50.0,18.0,103.2,90,CONCEPT_NOT_FIT_VALIDATED
DUC-F-06997,p4-4x2,Yellow,#F4EE2A,43,6991,-42.0,18.0,103.2,90,CONCEPT_NOT_FIT_VALIDATED
DUC-F-06998,p4-4x2,Yellow,#F4EE2A,43,6992,-34.0,18.0,103.2,90,CONCEPT_NOT_FIT_VALIDATED
DUC-F-06999,p4-4x2,Yellow,#F4EE2A,43,6993,-26.0,18.0,103.2,90,CONCEPT_NOT_FIT_VALIDATED
DUC-F-07000,p4-4x2,Yellow,#F4EE2A,43,6994,-18.0,18.0,103.2,90,CONCEPT_NOT_FIT_VALIDATED
DUC-F-07001,p4-4x2,Yellow,#F4EE2A,43,6995,-10.0,18.0,103.2,90,CONCEPT_NOT_FIT_VALIDATED
DUC-F-07002,p4-4x2,Yellow,#F4EE2A,43,6996,-2.0,18.0,103.2,90,CONCEPT_NOT_FIT_VALIDATED
DUC-F-07003,p4-4x2,Yellow,#F4EE2A,43,6997,6.0,18.0,103.2,90,CONCEPT_NOT_FIT_VALIDATED
DUC-F-07004,p4-4x2,Yellow,#F4EE2A,43,6998,14.0,18.0,103.2,90,CONCEPT_NOT_FIT_VALIDATED
DUC-F-07005,p4-4x2,Yellow,#F4EE2A,43,6999,22.0,18.0,103.2,90,CONCEPT_NOT_FIT_VALIDATED
DUC-F-07006,p4-4x2,Yellow,#F4EE2A,43,7000,30.0,18.0,103.2,90,CONCEPT_NOT_FIT_VALIDATED
DUC-F-07007,p4-4x2,Yellow,#F4EE2A,43,7001,38.0,18.0,103.2,90,CONCEPT_NOT_FIT_VALIDATED
DUC-F-07008,p4-4x2,Yellow,#F4EE2A,43,7002,46.0,18.0,103.2,90,CONCEPT_NOT_FIT_VALIDATED
DUC-F-07009,p4-4x2,Yellow,#F4EE2A,43,7003,54.0,18.0,103.2,90,CONCEPT_NOT_FIT_VALIDATED
DUC-F-07010,p4-4x1,Yellow,#F4EE2A,43,7004,60.0,18.0,103.2,90,CONCEPT_NOT_FIT_VALIDATED
DUC-F-07012,p4-1x1,Yellow,#F4EE2A,43,7005,-56.0,28.0,103.2,0,CONCEPT_NOT_FIT_VALIDATED
DUC-F-07013,p4-2x2,Yellow,#F4EE2A,43,7006,-50.0,30.0,103.2,0,CONCEPT_NOT_FIT_VALIDATED
DUC-F-07014,p4-4x2,Yellow,#F4EE2A,43,7007,-42.0,34.0,103.2,90,CONCEPT_NOT_FIT_VALIDATED
DUC-F-07015,p4-4x2,Yellow,#F4EE2A,43,7008,-34.0,34.0,103.2,90,CONCEPT_NOT_FIT_VALIDATED
DUC-F-07016,p4-4x2,Yellow,#F4EE2A,43,7009,-26.0,34.0,103.2,90,CONCEPT_NOT_FIT_VALIDATED
DUC-F-07017,p4-4x2,Yellow,#F4EE2A,43,7010,-18.0,34.0,103.2,90,CONCEPT_NOT_FIT_VALIDATED
DUC-F-07018,p4-4x2,Yellow,#F4EE2A,43,7011,-10.0,34.0,103.2,90,CONCEPT_NOT_FIT_VALIDATED
DUC-F-07019,p4-4x2,Yellow,#F4EE2A,43,7012,-2.0,34.0,103.2,90,CONCEPT_NOT_FIT_VALIDATED
DUC-F-07020,p4-4x2,Yellow,#F4EE2A,43,7013,6.0,34.0,103.2,90,CONCEPT_NOT_FIT_VALIDATED
DUC-F-07021,p4-4x2,Yellow,#F4EE2A,43,7014,14.0,34.0,103.2,90,CONCEPT_NOT_FIT_VALIDATED
DUC-F-07022,p4-4x2,Yellow,#F4EE2A,43,7015,22.0,34.0,103.2,90,CONCEPT_NOT_FIT_VALIDATED
DUC-F-07023,p4-4x2,Yellow,#F4EE2A,43,7016,30.0,34.0,103.2,90,CONCEPT_NOT_FIT_VALIDATED
DUC-F-07024,p4-4x2,Yellow,#F4EE2A,43,7017,38.0,34.0,103.2,90,CONCEPT_NOT_FIT_VALIDATED
DUC-F-07025,p4-3x2,Yellow,#F4EE2A,43,7018,46.0,32.0,103.2,90,CONCEPT_NOT_FIT_VALIDATED
DUC-F-07026,p4-2x1,Yellow,#F4EE2A,43,7019,54.0,28.0,103.2,0,CONCEPT_NOT_FIT_VALIDATED
DUC-F-07027,p4-1x1,Yellow,#F4EE2A,43,7020,52.0,32.0,103.2,0,CONCEPT_NOT_FIT_VALIDATED
DUC-F-07028,p4-1x1,Yellow,#F4EE2A,43,7021,-48.0,36.0,103.2,0,CONCEPT_NOT_FIT_VALIDATED
DUC-F-07029,p4-1x1,Yellow,#F4EE2A,43,7022,44.0,40.0,103.2,0,CONCEPT_NOT_FIT_VALIDATED
DUC-F-07031,p4-2x2,Yellow,#F4EE2A,43,7023,-34.0,46.0,103.2,0,CONCEPT_NOT_FIT_VALIDATED
DUC-F-07032,p4-2x2,Yellow,#F4EE2A,43,7024,-26.0,46.0,103.2,0,CONCEPT_NOT_FIT_VALIDATED
DUC-F-07033,p4-3x2,Yellow,#F4EE2A,43,7025,-18.0,48.0,103.2,90,CONCEPT_NOT_FIT_VALIDATED
DUC-F-07034,p4-3x2,Yellow,#F4EE2A,43,7026,-10.0,48.0,103.2,90,CONCEPT_NOT_FIT_VALIDATED
DUC-F-07035,p4-3x2,Yellow,#F4EE2A,43,7027,-2.0,48.0,103.2,90,CONCEPT_NOT_FIT_VALIDATED
DUC-F-07036,p4-3x2,Yellow,#F4EE2A,43,7028,6.0,48.0,103.2,90,CONCEPT_NOT_FIT_VALIDATED
DUC-F-07037,p4-3x2,Yellow,#F4EE2A,43,7029,14.0,48.0,103.2,90,CONCEPT_NOT_FIT_VALIDATED
DUC-F-07038,p4-3x2,Yellow,#F4EE2A,43,7030,22.0,48.0,103.2,90,CONCEPT_NOT_FIT_VALIDATED
DUC-F-07039,p4-2x2,Yellow,#F4EE2A,43,7031,30.0,46.0,103.2,0,CONCEPT_NOT_FIT_VALIDATED
DUC-F-07040,p4-2x1,Yellow,#F4EE2A,43,7032,38.0,44.0,103.2,0,CONCEPT_NOT_FIT_VALIDATED
DUC-F-07042,p4-3x1,Yellow,#F4EE2A,44,7033,-64.0,-20.0,105.6,0,CONCEPT_NOT_FIT_VALIDATED
DUC-F-07043,p4-3x2,Yellow,#F4EE2A,44,7034,-64.0,-14.0,105.6,0,CONCEPT_NOT_FIT_VALIDATED
DUC-F-07044,p4-3x2,Yellow,#F4EE2A,44,7035,-64.0,-6.0,105.6,0,CONCEPT_NOT_FIT_VALIDATED
DUC-F-07045,p4-3x2,Yellow,#F4EE2A,44,7036,-64.0,2.0,105.6,0,CONCEPT_NOT_FIT_VALIDATED
DUC-F-07046,p4-2x2,Yellow,#F4EE2A,44,7037,-62.0,-30.0,105.6,0,CONCEPT_NOT_FIT_VALIDATED
DUC-F-07047,p4-2x1,Yellow,#F4EE2A,44,7038,-62.0,-24.0,105.6,0,CONCEPT_NOT_FIT_VALIDATED
DUC-F-07048,p4-2x2,Yellow,#F4EE2A,44,7039,-62.0,10.0,105.6,0,CONCEPT_NOT_FIT_VALIDATED
DUC-F-07049,p4-2x1,Yellow,#F4EE2A,44,7040,-62.0,16.0,105.6,0,CONCEPT_NOT_FIT_VALIDATED
DUC-F-07050,p4-2x1,Yellow,#F4EE2A,44,7041,-60.0,-38.0,105.6,90,CONCEPT_NOT_FIT_VALIDATED
DUC-F-07051,p4-1x1,Yellow,#F4EE2A,44,7042,-60.0,20.0,105.6,0,CONCEPT_NOT_FIT_VALIDATED
DUC-F-07052,p4-1x1,Yellow,#F4EE2A,44,7043,-60.0,24.0,105.6,0,CONCEPT_NOT_FIT_VALIDATED
DUC-F-07053,p4-4x2,Yellow,#F4EE2A,44,7044,-50.0,-46.0,105.6,0,CONCEPT_NOT_FIT_VALIDATED
DUC-F-07054,p4-4x2,Yellow,#F4EE2A,44,7045,-50.0,-38.0,105.6,0,CONCEPT_NOT_FIT_VALIDATED
DUC-F-07055,p4-4x2,Yellow,#F4EE2A,44,7046,-50.0,-30.0,105.6,0,CONCEPT_NOT_FIT_VALIDATED
DUC-F-07056,p4-4x2,Yellow,#F4EE2A,44,7047,-50.0,-22.0,105.6,0,CONCEPT_NOT_FIT_VALIDATED
DUC-F-07057,p4-4x2,Yellow,#F4EE2A,44,7048,-50.0,-14.0,105.6,0,CONCEPT_NOT_FIT_VALIDATED
DUC-F-07058,p4-4x2,Yellow,#F4EE2A,44,7049,-50.0,-6.0,105.6,0,CONCEPT_NOT_FIT_VALIDATED
DUC-F-07059,p4-4x2,Yellow,#F4EE2A,44,7050,-50.0,2.0,105.6,0,CONCEPT_NOT_FIT_VALIDATED
DUC-F-07060,p4-4x2,Yellow,#F4EE2A,44,7051,-50.0,10.0,105.6,0,CONCEPT_NOT_FIT_VALIDATED
DUC-F-07061,p4-4x2,Yellow,#F4EE2A,44,7052,-50.0,18.0,105.6,0,CONCEPT_NOT_FIT_VALIDATED
DUC-F-07062,p4-4x2,Yellow,#F4EE2A,44,7053,-50.0,26.0,105.6,0,CONCEPT_NOT_FIT_VALIDATED
DUC-F-07063,p4-3x1,Yellow,#F4EE2A,44,7054,-48.0,32.0,105.6,0,CONCEPT_NOT_FIT_VALIDATED
DUC-F-07064,p4-2x1,Black,#000000,44,7055,-46.0,-56.0,105.6,0,CONCEPT_NOT_FIT_VALIDATED
DUC-F-06914,p4-1x1,Black,#000000,43,7056,-48.0,-56.0,103.2,0,CONCEPT_NOT_FIT_VALIDATED
DUC-F-07065,p4-1x1,Black,#000000,44,7057,-48.0,-52.0,105.6,0,CONCEPT_NOT_FIT_VALIDATED
DUC-F-07066,p4-2x1,Yellow,#F4EE2A,44,7058,-46.0,36.0,105.6,0,CONCEPT_NOT_FIT_VALIDATED
DUC-F-07067,p4-2x1,Yellow,#F4EE2A,44,7059,-46.0,40.0,105.6,0,CONCEPT_NOT_FIT_VALIDATED
DUC-F-07068,p4-1x1,Yellow,#F4EE2A,44,7060,-44.0,-52.0,105.6,0,CONCEPT_NOT_FIT_VALIDATED
DUC-F-07069,p4-1x1,Black,#000000,44,7061,-40.0,-60.0,105.6,0,CONCEPT_NOT_FIT_VALIDATED
DUC-F-07070,p4-4x2,Yellow,#F4EE2A,44,7062,-34.0,-54.0,105.6,0,CONCEPT_NOT_FIT_VALIDATED
DUC-F-07071,p4-4x2,Yellow,#F4EE2A,44,7063,-34.0,-46.0,105.6,0,CONCEPT_NOT_FIT_VALIDATED
DUC-F-07072,p4-4x2,Yellow,#F4EE2A,44,7064,-34.0,-38.0,105.6,0,CONCEPT_NOT_FIT_VALIDATED
DUC-F-07073,p4-4x2,Yellow,#F4EE2A,44,7065,-34.0,-30.0,105.6,0,CONCEPT_NOT_FIT_VALIDATED
DUC-F-07074,p4-4x2,Yellow,#F4EE2A,44,7066,-34.0,-22.0,105.6,0,CONCEPT_NOT_FIT_VALIDATED
DUC-F-07075,p4-4x2,Yellow,#F4EE2A,44,7067,-34.0,-14.0,105.6,0,CONCEPT_NOT_FIT_VALIDATED
DUC-F-07076,p4-4x2,Yellow,#F4EE2A,44,7068,-34.0,-6.0,105.6,0,CONCEPT_NOT_FIT_VALIDATED
DUC-F-07077,p4-4x2,Yellow,#F4EE2A,44,7069,-34.0,2.0,105.6,0,CONCEPT_NOT_FIT_VALIDATED
DUC-F-07078,p4-4x2,Yellow,#F4EE2A,44,7070,-34.0,10.0,105.6,0,CONCEPT_NOT_FIT_VALIDATED
DUC-F-07079,p4-4x2,Yellow,#F4EE2A,44,7071,-34.0,18.0,105.6,0,CONCEPT_NOT_FIT_VALIDATED
DUC-F-07080,p4-4x2,Yellow,#F4EE2A,44,7072,-34.0,26.0,105.6,0,CONCEPT_NOT_FIT_VALIDATED
DUC-F-07081,p4-4x2,Yellow,#F4EE2A,44,7073,-34.0,34.0,105.6,0,CONCEPT_NOT_FIT_VALIDATED
DUC-F-07082,p4-4x2,Yellow,#F4EE2A,44,7074,-34.0,42.0,105.6,0,CONCEPT_NOT_FIT_VALIDATED
DUC-F-07030,p4-1x1,Yellow,#F4EE2A,43,7075,-40.0,44.0,103.2,0,CONCEPT_NOT_FIT_VALIDATED
DUC-F-06775,p4-1x1,Yellow,#F4EE2A,42,7076,-40.0,44.0,100.8,0,CONCEPT_NOT_FIT_VALIDATED
DUC-F-07083,p4-3x1,Black,#000000,44,7077,-32.0,-64.0,105.6,0,CONCEPT_NOT_FIT_VALIDATED
DUC-F-07084,p4-3x1,Yellow,#F4EE2A,44,7078,-32.0,-60.0,105.6,0,CONCEPT_NOT_FIT_VALIDATED
DUC-F-07085,p4-3x1,Yellow,#F4EE2A,44,7079,-32.0,48.0,105.6,0,CONCEPT_NOT_FIT_VALIDATED
DUC-F-07087,p4-4x1,Yellow,#F4EE2A,44,7080,-18.0,-68.0,105.6,0,CONCEPT_NOT_FIT_VALIDATED
DUC-F-07088,p4-4x2,Yellow,#F4EE2A,44,7081,-18.0,-62.0,105.6,0,CONCEPT_NOT_FIT_VALIDATED
DUC-F-07089,p4-4x2,Yellow,#F4EE2A,44,7082,-18.0,-54.0,105.6,0,CONCEPT_NOT_FIT_VALIDATED
DUC-F-07090,p4-4x2,Yellow,#F4EE2A,44,7083,-18.0,-46.0,105.6,0,CONCEPT_NOT_FIT_VALIDATED
DUC-F-07091,p4-4x2,Yellow,#F4EE2A,44,7084,-18.0,-38.0,105.6,0,CONCEPT_NOT_FIT_VALIDATED
DUC-F-07092,p4-4x2,Yellow,#F4EE2A,44,7085,-18.0,-30.0,105.6,0,CONCEPT_NOT_FIT_VALIDATED
DUC-F-07093,p4-4x2,Yellow,#F4EE2A,44,7086,-18.0,-22.0,105.6,0,CONCEPT_NOT_FIT_VALIDATED
DUC-F-07094,p4-4x2,Yellow,#F4EE2A,44,7087,-18.0,-14.0,105.6,0,CONCEPT_NOT_FIT_VALIDATED
DUC-F-07095,p4-4x2,Yellow,#F4EE2A,44,7088,-18.0,-6.0,105.6,0,CONCEPT_NOT_FIT_VALIDATED
DUC-F-07096,p4-4x2,Yellow,#F4EE2A,44,7089,-18.0,2.0,105.6,0,CONCEPT_NOT_FIT_VALIDATED
DUC-F-07097,p4-4x2,Yellow,#F4EE2A,44,7090,-18.0,10.0,105.6,0,CONCEPT_NOT_FIT_VALIDATED
DUC-F-07098,p4-4x2,Yellow,#F4EE2A,44,7091,-18.0,18.0,105.6,0,CONCEPT_NOT_FIT_VALIDATED
DUC-F-07099,p4-4x2,Yellow,#F4EE2A,44,7092,-18.0,26.0,105.6,0,CONCEPT_NOT_FIT_VALIDATED
DUC-F-07100,p4-4x2,Yellow,#F4EE2A,44,7093,-18.0,34.0,105.6,0,CONCEPT_NOT_FIT_VALIDATED
DUC-F-07101,p4-4x2,Yellow,#F4EE2A,44,7094,-18.0,42.0,105.6,0,CONCEPT_NOT_FIT_VALIDATED
DUC-F-07102,p4-4x2,Yellow,#F4EE2A,44,7095,-18.0,50.0,105.6,0,CONCEPT_NOT_FIT_VALIDATED
DUC-F-07041,p4-1x1,Yellow,#F4EE2A,43,7096,-24.0,52.0,103.2,0,CONCEPT_NOT_FIT_VALIDATED
DUC-F-07103,p4-2x1,Yellow,#F4EE2A,44,7097,-14.0,-72.0,105.6,0,CONCEPT_NOT_FIT_VALIDATED
DUC-F-06892,p4-1x1,Yellow,#F4EE2A,43,7098,-16.0,-72.0,103.2,0,CONCEPT_NOT_FIT_VALIDATED
DUC-F-07104,p4-4x2,Yellow,#F4EE2A,44,7099,-2.0,-70.0,105.6,0,CONCEPT_NOT_FIT_VALIDATED
DUC-F-07105,p4-4x2,Yellow,#F4EE2A,44,7100,-2.0,-62.0,105.6,0,CONCEPT_NOT_FIT_VALIDATED
DUC-F-07106,p4-4x2,Yellow,#F4EE2A,44,7101,-2.0,-54.0,105.6,0,CONCEPT_NOT_FIT_VALIDATED
DUC-F-07107,p4-4x2,Yellow,#F4EE2A,44,7102,-2.0,-46.0,105.6,0,CONCEPT_NOT_FIT_VALIDATED
DUC-F-07108,p4-4x2,Yellow,#F4EE2A,44,7103,-2.0,-38.0,105.6,0,CONCEPT_NOT_FIT_VALIDATED
DUC-F-07109,p4-4x2,Yellow,#F4EE2A,44,7104,-2.0,-30.0,105.6,0,CONCEPT_NOT_FIT_VALIDATED
DUC-F-07110,p4-4x2,Yellow,#F4EE2A,44,7105,-2.0,-22.0,105.6,0,CONCEPT_NOT_FIT_VALIDATED
DUC-F-07111,p4-4x2,Yellow,#F4EE2A,44,7106,-2.0,-14.0,105.6,0,CONCEPT_NOT_FIT_VALIDATED
DUC-F-07112,p4-4x2,Yellow,#F4EE2A,44,7107,-2.0,-6.0,105.6,0,CONCEPT_NOT_FIT_VALIDATED
DUC-F-07113,p4-4x2,Yellow,#F4EE2A,44,7108,-2.0,2.0,105.6,0,CONCEPT_NOT_FIT_VALIDATED
DUC-F-07114,p4-4x2,Yellow,#F4EE2A,44,7109,-2.0,10.0,105.6,0,CONCEPT_NOT_FIT_VALIDATED
DUC-F-07115,p4-4x2,Yellow,#F4EE2A,44,7110,-2.0,18.0,105.6,0,CONCEPT_NOT_FIT_VALIDATED
DUC-F-07116,p4-4x2,Yellow,#F4EE2A,44,7111,-2.0,26.0,105.6,0,CONCEPT_NOT_FIT_VALIDATED
DUC-F-07117,p4-4x2,Yellow,#F4EE2A,44,7112,-2.0,34.0,105.6,0,CONCEPT_NOT_FIT_VALIDATED
DUC-F-07118,p4-4x2,Yellow,#F4EE2A,44,7113,-2.0,42.0,105.6,0,CONCEPT_NOT_FIT_VALIDATED
DUC-F-07119,p4-4x2,Yellow,#F4EE2A,44,7114,-2.0,50.0,105.6,0,CONCEPT_NOT_FIT_VALIDATED
DUC-F-07120,p4-3x2,Yellow,#F4EE2A,44,7115,12.0,-70.0,105.6,0,CONCEPT_NOT_FIT_VALIDATED
DUC-F-07121,p4-4x2,Yellow,#F4EE2A,44,7116,14.0,-62.0,105.6,0,CONCEPT_NOT_FIT_VALIDATED
DUC-F-07122,p4-4x2,Yellow,#F4EE2A,44,7117,14.0,-54.0,105.6,0,CONCEPT_NOT_FIT_VALIDATED
DUC-F-07123,p4-4x2,Yellow,#F4EE2A,44,7118,14.0,-46.0,105.6,0,CONCEPT_NOT_FIT_VALIDATED
DUC-F-07124,p4-4x2,Yellow,#F4EE2A,44,7119,14.0,-38.0,105.6,0,CONCEPT_NOT_FIT_VALIDATED
DUC-F-07125,p4-4x2,Yellow,#F4EE2A,44,7120,14.0,-30.0,105.6,0,CONCEPT_NOT_FIT_VALIDATED
DUC-F-07126,p4-4x2,Yellow,#F4EE2A,44,7121,14.0,-22.0,105.6,0,CONCEPT_NOT_FIT_VALIDATED
DUC-F-07127,p4-4x2,Yellow,#F4EE2A,44,7122,14.0,-14.0,105.6,0,CONCEPT_NOT_FIT_VALIDATED
DUC-F-07128,p4-4x2,Yellow,#F4EE2A,44,7123,14.0,-6.0,105.6,0,CONCEPT_NOT_FIT_VALIDATED
DUC-F-07129,p4-4x2,Yellow,#F4EE2A,44,7124,14.0,2.0,105.6,0,CONCEPT_NOT_FIT_VALIDATED
DUC-F-07130,p4-4x2,Yellow,#F4EE2A,44,7125,14.0,10.0,105.6,0,CONCEPT_NOT_FIT_VALIDATED
DUC-F-07131,p4-4x2,Yellow,#F4EE2A,44,7126,14.0,18.0,105.6,0,CONCEPT_NOT_FIT_VALIDATED
DUC-F-07132,p4-4x2,Yellow,#F4EE2A,44,7127,14.0,26.0,105.6,0,CONCEPT_NOT_FIT_VALIDATED
DUC-F-07133,p4-4x2,Yellow,#F4EE2A,44,7128,14.0,34.0,105.6,0,CONCEPT_NOT_FIT_VALIDATED
DUC-F-07134,p4-4x2,Yellow,#F4EE2A,44,7129,14.0,42.0,105.6,0,CONCEPT_NOT_FIT_VALIDATED
DUC-F-07135,p4-4x2,Yellow,#F4EE2A,44,7130,14.0,50.0,105.6,0,CONCEPT_NOT_FIT_VALIDATED
DUC-F-07136,p4-1x1,Yellow,#F4EE2A,44,7131,20.0,-68.0,105.6,0,CONCEPT_NOT_FIT_VALIDATED
DUC-F-07137,p4-1x1,Yellow,#F4EE2A,44,7132,24.0,-68.0,105.6,0,CONCEPT_NOT_FIT_VALIDATED
DUC-F-07138,p4-2x1,Yellow,#F4EE2A,44,7133,24.0,-62.0,105.6,90,CONCEPT_NOT_FIT_VALIDATED
DUC-F-07139,p4-4x2,Yellow,#F4EE2A,44,7134,30.0,-54.0,105.6,0,CONCEPT_NOT_FIT_VALIDATED
DUC-F-07140,p4-4x2,Yellow,#F4EE2A,44,7135,30.0,-46.0,105.6,0,CONCEPT_NOT_FIT_VALIDATED
DUC-F-07141,p4-4x2,Yellow,#F4EE2A,44,7136,30.0,-38.0,105.6,0,CONCEPT_NOT_FIT_VALIDATED
DUC-F-07142,p4-4x2,Yellow,#F4EE2A,44,7137,30.0,-30.0,105.6,0,CONCEPT_NOT_FIT_VALIDATED
DUC-F-07143,p4-4x2,Yellow,#F4EE2A,44,7138,30.0,-22.0,105.6,0,CONCEPT_NOT_FIT_VALIDATED
DUC-F-07144,p4-4x2,Yellow,#F4EE2A,44,7139,30.0,-14.0,105.6,0,CONCEPT_NOT_FIT_VALIDATED
DUC-F-07145,p4-4x2,Yellow,#F4EE2A,44,7140,30.0,-6.0,105.6,0,CONCEPT_NOT_FIT_VALIDATED
DUC-F-07146,p4-4x2,Yellow,#F4EE2A,44,7141,30.0,2.0,105.6,0,CONCEPT_NOT_FIT_VALIDATED
DUC-F-07147,p4-4x2,Yellow,#F4EE2A,44,7142,30.0,10.0,105.6,0,CONCEPT_NOT_FIT_VALIDATED
DUC-F-07148,p4-4x2,Yellow,#F4EE2A,44,7143,30.0,18.0,105.6,0,CONCEPT_NOT_FIT_VALIDATED
DUC-F-07149,p4-4x2,Yellow,#F4EE2A,44,7144,30.0,26.0,105.6,0,CONCEPT_NOT_FIT_VALIDATED
DUC-F-07150,p4-4x2,Yellow,#F4EE2A,44,7145,30.0,34.0,105.6,0,CONCEPT_NOT_FIT_VALIDATED
DUC-F-07151,p4-4x2,Yellow,#F4EE2A,44,7146,30.0,42.0,105.6,0,CONCEPT_NOT_FIT_VALIDATED
DUC-F-07152,p4-4x1,Yellow,#F4EE2A,44,7147,30.0,48.0,105.6,0,CONCEPT_NOT_FIT_VALIDATED
DUC-F-07153,p4-1x1,Yellow,#F4EE2A,44,7148,24.0,52.0,105.6,0,CONCEPT_NOT_FIT_VALIDATED
DUC-F-07154,p4-3x1,Black,#000000,44,7149,32.0,-64.0,105.6,0,CONCEPT_NOT_FIT_VALIDATED
DUC-F-06907,p4-1x1,Black,#000000,43,7150,36.0,-64.0,103.2,0,CONCEPT_NOT_FIT_VALIDATED
DUC-F-07155,p4-3x1,Yellow,#F4EE2A,44,7151,32.0,-60.0,105.6,0,CONCEPT_NOT_FIT_VALIDATED
DUC-F-07156,p4-1x1,Black,#000000,44,7152,40.0,-60.0,105.6,0,CONCEPT_NOT_FIT_VALIDATED
DUC-F-07157,p4-2x1,Yellow,#F4EE2A,44,7153,40.0,-54.0,105.6,90,CONCEPT_NOT_FIT_VALIDATED
DUC-F-07158,p4-4x2,Yellow,#F4EE2A,44,7154,46.0,-46.0,105.6,0,CONCEPT_NOT_FIT_VALIDATED
DUC-F-07159,p4-4x2,Yellow,#F4EE2A,44,7155,46.0,-38.0,105.6,0,CONCEPT_NOT_FIT_VALIDATED
DUC-F-07160,p4-4x2,Yellow,#F4EE2A,44,7156,46.0,-30.0,105.6,0,CONCEPT_NOT_FIT_VALIDATED
DUC-F-07161,p4-4x2,Yellow,#F4EE2A,44,7157,46.0,-22.0,105.6,0,CONCEPT_NOT_FIT_VALIDATED
DUC-F-07162,p4-4x2,Yellow,#F4EE2A,44,7158,46.0,-14.0,105.6,0,CONCEPT_NOT_FIT_VALIDATED
DUC-F-07163,p4-4x2,Yellow,#F4EE2A,44,7159,46.0,-6.0,105.6,0,CONCEPT_NOT_FIT_VALIDATED
DUC-F-07164,p4-4x2,Yellow,#F4EE2A,44,7160,46.0,2.0,105.6,0,CONCEPT_NOT_FIT_VALIDATED
DUC-F-07165,p4-4x2,Yellow,#F4EE2A,44,7161,46.0,10.0,105.6,0,CONCEPT_NOT_FIT_VALIDATED
DUC-F-07166,p4-4x2,Yellow,#F4EE2A,44,7162,46.0,18.0,105.6,0,CONCEPT_NOT_FIT_VALIDATED
DUC-F-07167,p4-4x2,Yellow,#F4EE2A,44,7163,46.0,26.0,105.6,0,CONCEPT_NOT_FIT_VALIDATED
DUC-F-07168,p4-3x2,Yellow,#F4EE2A,44,7164,44.0,34.0,105.6,0,CONCEPT_NOT_FIT_VALIDATED
DUC-F-07169,p4-3x1,Yellow,#F4EE2A,44,7165,44.0,40.0,105.6,0,CONCEPT_NOT_FIT_VALIDATED
DUC-F-07170,p4-1x1,Yellow,#F4EE2A,44,7166,40.0,44.0,105.6,0,CONCEPT_NOT_FIT_VALIDATED
DUC-F-07171,p4-2x1,Black,#000000,44,7167,46.0,-56.0,105.6,0,CONCEPT_NOT_FIT_VALIDATED
DUC-F-07172,p4-1x1,Yellow,#F4EE2A,44,7168,44.0,-52.0,105.6,0,CONCEPT_NOT_FIT_VALIDATED
DUC-F-07173,p4-1x1,Black,#000000,44,7169,48.0,-52.0,105.6,0,CONCEPT_NOT_FIT_VALIDATED
DUC-F-07174,p4-1x1,Yellow,#F4EE2A,44,7170,52.0,32.0,105.6,0,CONCEPT_NOT_FIT_VALIDATED
DUC-F-07175,p4-2x1,Yellow,#F4EE2A,44,7171,56.0,-46.0,105.6,90,CONCEPT_NOT_FIT_VALIDATED
DUC-F-07176,p4-2x2,Yellow,#F4EE2A,44,7172,58.0,-38.0,105.6,0,CONCEPT_NOT_FIT_VALIDATED
DUC-F-07177,p4-3x2,Yellow,#F4EE2A,44,7173,60.0,-30.0,105.6,0,CONCEPT_NOT_FIT_VALIDATED
DUC-F-07178,p4-3x2,Yellow,#F4EE2A,44,7174,60.0,-22.0,105.6,0,CONCEPT_NOT_FIT_VALIDATED
DUC-F-07179,p4-4x2,Yellow,#F4EE2A,44,7175,62.0,-14.0,105.6,0,CONCEPT_NOT_FIT_VALIDATED
DUC-F-07180,p4-4x2,Yellow,#F4EE2A,44,7176,62.0,-6.0,105.6,0,CONCEPT_NOT_FIT_VALIDATED
DUC-F-06992,p4-2x1,Yellow,#F4EE2A,43,7177,68.0,-2.0,103.2,90,CONCEPT_NOT_FIT_VALIDATED
DUC-F-07181,p4-4x2,Yellow,#F4EE2A,44,7178,62.0,2.0,105.6,0,CONCEPT_NOT_FIT_VALIDATED
DUC-F-07182,p4-3x2,Yellow,#F4EE2A,44,7179,60.0,10.0,105.6,0,CONCEPT_NOT_FIT_VALIDATED
DUC-F-07011,p4-1x1,Yellow,#F4EE2A,43,7180,64.0,12.0,103.2,0,CONCEPT_NOT_FIT_VALIDATED
DUC-F-06891,p4-1x1,Yellow,#F4EE2A,42,7181,64.0,12.0,100.8,0,CONCEPT_NOT_FIT_VALIDATED
DUC-F-07183,p4-2x2,Yellow,#F4EE2A,44,7182,58.0,18.0,105.6,0,CONCEPT_NOT_FIT_VALIDATED
DUC-F-07184,p4-2x1,Yellow,#F4EE2A,44,7183,58.0,24.0,105.6,0,CONCEPT_NOT_FIT_VALIDATED
DUC-F-07185,p4-1x1,Yellow,#F4EE2A,44,7184,56.0,28.0,105.6,0,CONCEPT_NOT_FIT_VALIDATED
DUC-F-07187,p4-1x1,Yellow,#F4EE2A,44,7185,68.0,-20.0,105.6,0,CONCEPT_NOT_FIT_VALIDATED
DUC-F-07188,p4-4x1,Yellow,#F4EE2A,45,7186,-20.0,-66.0,108.0,90,CONCEPT_NOT_FIT_VALIDATED
DUC-F-07189,p4-4x2,Yellow,#F4EE2A,45,7187,-14.0,-66.0,108.0,90,CONCEPT_NOT_FIT_VALIDATED
DUC-F-07190,p4-4x2,Yellow,#F4EE2A,45,7188,-6.0,-66.0,108.0,90,CONCEPT_NOT_FIT_VALIDATED
DUC-F-07191,p4-4x2,Yellow,#F4EE2A,45,7189,2.0,-66.0,108.0,90,CONCEPT_NOT_FIT_VALIDATED
DUC-F-07192,p4-4x2,Yellow,#F4EE2A,45,7190,10.0,-66.0,108.0,90,CONCEPT_NOT_FIT_VALIDATED
DUC-F-07193,p4-4x2,Yellow,#F4EE2A,45,7191,18.0,-66.0,108.0,90,CONCEPT_NOT_FIT_VALIDATED
DUC-F-07194,p4-3x1,Yellow,#F4EE2A,45,7192,-28.0,-64.0,108.0,90,CONCEPT_NOT_FIT_VALIDATED
DUC-F-07195,p4-3x1,Yellow,#F4EE2A,45,7193,-24.0,-64.0,108.0,90,CONCEPT_NOT_FIT_VALIDATED
DUC-F-07196,p4-3x2,Yellow,#F4EE2A,45,7194,26.0,-64.0,108.0,90,CONCEPT_NOT_FIT_VALIDATED
DUC-F-07197,p4-1x1,Black,#000000,45,7195,-36.0,-64.0,108.0,0,CONCEPT_NOT_FIT_VALIDATED
DUC-F-07198,p4-1x1,Black,#000000,45,7196,-32.0,-64.0,108.0,0,CONCEPT_NOT_FIT_VALIDATED
DUC-F-07199,p4-2x1,Black,#000000,45,7197,34.0,-64.0,108.0,0,CONCEPT_NOT_FIT_VALIDATED
DUC-F-07200,p4-1x1,Black,#000000,45,7198,-40.0,-60.0,108.0,0,CONCEPT_NOT_FIT_VALIDATED
DUC-F-07201,p4-1x1,Yellow,#F4EE2A,45,7199,-36.0,-60.0,108.0,0,CONCEPT_NOT_FIT_VALIDATED
DUC-F-07202,p4-1x1,Yellow,#F4EE2A,45,7200,-32.0,-60.0,108.0,0,CONCEPT_NOT_FIT_VALIDATED
DUC-F-07203,p4-2x1,Yellow,#F4EE2A,45,7201,34.0,-60.0,108.0,0,CONCEPT_NOT_FIT_VALIDATED
DUC-F-07204,p4-1x1,Black,#000000,45,7202,40.0,-60.0,108.0,0,CONCEPT_NOT_FIT_VALIDATED
DUC-F-07205,p4-2x1,Black,#000000,45,7203,-46.0,-56.0,108.0,0,CONCEPT_NOT_FIT_VALIDATED
DUC-F-07206,p4-4x2,Yellow,#F4EE2A,45,7204,-38.0,-50.0,108.0,90,CONCEPT_NOT_FIT_VALIDATED
DUC-F-07207,p4-4x2,Yellow,#F4EE2A,45,7205,-30.0,-50.0,108.0,90,CONCEPT_NOT_FIT_VALIDATED
DUC-F-07208,p4-4x2,Yellow,#F4EE2A,45,7206,-22.0,-50.0,108.0,90,CONCEPT_NOT_FIT_VALIDATED
DUC-F-07209,p4-4x2,Yellow,#F4EE2A,45,7207,-14.0,-50.0,108.0,90,CONCEPT_NOT_FIT_VALIDATED
DUC-F-07210,p4-4x2,Yellow,#F4EE2A,45,7208,-6.0,-50.0,108.0,90,CONCEPT_NOT_FIT_VALIDATED
DUC-F-07211,p4-4x2,Yellow,#F4EE2A,45,7209,2.0,-50.0,108.0,90,CONCEPT_NOT_FIT_VALIDATED
DUC-F-07212,p4-4x2,Yellow,#F4EE2A,45,7210,10.0,-50.0,108.0,90,CONCEPT_NOT_FIT_VALIDATED
DUC-F-07213,p4-4x2,Yellow,#F4EE2A,45,7211,18.0,-50.0,108.0,90,CONCEPT_NOT_FIT_VALIDATED
DUC-F-07214,p4-4x2,Yellow,#F4EE2A,45,7212,26.0,-50.0,108.0,90,CONCEPT_NOT_FIT_VALIDATED
DUC-F-07215,p4-4x2,Yellow,#F4EE2A,45,7213,34.0,-50.0,108.0,90,CONCEPT_NOT_FIT_VALIDATED
DUC-F-07216,p4-4x1,Yellow,#F4EE2A,45,7214,40.0,-50.0,108.0,90,CONCEPT_NOT_FIT_VALIDATED
DUC-F-07217,p4-1x1,Black,#000000,45,7215,44.0,-56.0,108.0,0,CONCEPT_NOT_FIT_VALIDATED
DUC-F-07218,p4-1x1,Black,#000000,45,7216,48.0,-56.0,108.0,0,CONCEPT_NOT_FIT_VALIDATED
DUC-F-07219,p4-3x1,Yellow,#F4EE2A,45,7217,-52.0,-48.0,108.0,90,CONCEPT_NOT_FIT_VALIDATED
DUC-F-07220,p4-3x2,Yellow,#F4EE2A,45,7218,-46.0,-48.0,108.0,90,CONCEPT_NOT_FIT_VALIDATED
DUC-F-07221,p4-3x1,Yellow,#F4EE2A,45,7219,44.0,-48.0,108.0,90,CONCEPT_NOT_FIT_VALIDATED
DUC-F-07222,p4-3x2,Yellow,#F4EE2A,45,7220,50.0,-48.0,108.0,90,CONCEPT_NOT_FIT_VALIDATED
DUC-F-07223,p4-2x1,Yellow,#F4EE2A,45,7221,-56.0,-46.0,108.0,90,CONCEPT_NOT_FIT_VALIDATED
DUC-F-07224,p4-2x1,Yellow,#F4EE2A,45,7222,56.0,-46.0,108.0,90,CONCEPT_NOT_FIT_VALIDATED
DUC-F-07227,p4-4x1,Yellow,#F4EE2A,45,7223,-60.0,-34.0,108.0,90,CONCEPT_NOT_FIT_VALIDATED
DUC-F-07228,p4-4x2,Yellow,#F4EE2A,45,7224,-54.0,-34.0,108.0,90,CONCEPT_NOT_FIT_VALIDATED
DUC-F-07229,p4-4x2,Yellow,#F4EE2A,45,7225,-46.0,-34.0,108.0,90,CONCEPT_NOT_FIT_VALIDATED
DUC-F-07230,p4-4x2,Yellow,#F4EE2A,45,7226,-38.0,-34.0,108.0,90,CONCEPT_NOT_FIT_VALIDATED
DUC-F-07231,p4-4x2,Yellow,#F4EE2A,45,7227,-30.0,-34.0,108.0,90,CONCEPT_NOT_FIT_VALIDATED
DUC-F-07232,p4-4x2,Yellow,#F4EE2A,45,7228,-22.0,-34.0,108.0,90,CONCEPT_NOT_FIT_VALIDATED
DUC-F-07233,p4-4x2,Yellow,#F4EE2A,45,7229,-14.0,-34.0,108.0,90,CONCEPT_NOT_FIT_VALIDATED
DUC-F-07234,p4-4x2,Yellow,#F4EE2A,45,7230,-6.0,-34.0,108.0,90,CONCEPT_NOT_FIT_VALIDATED
DUC-F-07235,p4-4x2,Yellow,#F4EE2A,45,7231,2.0,-34.0,108.0,90,CONCEPT_NOT_FIT_VALIDATED
DUC-F-07236,p4-4x2,Yellow,#F4EE2A,45,7232,10.0,-34.0,108.0,90,CONCEPT_NOT_FIT_VALIDATED
DUC-F-07237,p4-4x2,Yellow,#F4EE2A,45,7233,18.0,-34.0,108.0,90,CONCEPT_NOT_FIT_VALIDATED
DUC-F-07238,p4-4x2,Yellow,#F4EE2A,45,7234,26.0,-34.0,108.0,90,CONCEPT_NOT_FIT_VALIDATED
DUC-F-07239,p4-4x2,Yellow,#F4EE2A,45,7235,34.0,-34.0,108.0,90,CONCEPT_NOT_FIT_VALIDATED
DUC-F-07240,p4-4x2,Yellow,#F4EE2A,45,7236,42.0,-34.0,108.0,90,CONCEPT_NOT_FIT_VALIDATED
DUC-F-07241,p4-4x2,Yellow,#F4EE2A,45,7237,50.0,-34.0,108.0,90,CONCEPT_NOT_FIT_VALIDATED
DUC-F-07242,p4-4x2,Yellow,#F4EE2A,45,7238,58.0,-34.0,108.0,90,CONCEPT_NOT_FIT_VALIDATED
DUC-F-07243,p4-3x1,Yellow,#F4EE2A,45,7239,-64.0,-32.0,108.0,90,CONCEPT_NOT_FIT_VALIDATED
DUC-F-07244,p4-3x1,Yellow,#F4EE2A,45,7240,64.0,-32.0,108.0,90,CONCEPT_NOT_FIT_VALIDATED
DUC-F-07245,p4-4x1,Yellow,#F4EE2A,45,7241,-68.0,-18.0,108.0,90,CONCEPT_NOT_FIT_VALIDATED
DUC-F-07246,p4-4x2,Yellow,#F4EE2A,45,7242,-62.0,-18.0,108.0,90,CONCEPT_NOT_FIT_VALIDATED
DUC-F-07247,p4-4x2,Yellow,#F4EE2A,45,7243,-54.0,-18.0,108.0,90,CONCEPT_NOT_FIT_VALIDATED
DUC-F-07248,p4-4x2,Yellow,#F4EE2A,45,7244,-46.0,-18.0,108.0,90,CONCEPT_NOT_FIT_VALIDATED
DUC-F-07249,p4-4x2,Yellow,#F4EE2A,45,7245,-38.0,-18.0,108.0,90,CONCEPT_NOT_FIT_VALIDATED
DUC-F-07250,p4-4x2,Yellow,#F4EE2A,45,7246,-30.0,-18.0,108.0,90,CONCEPT_NOT_FIT_VALIDATED
DUC-F-07251,p4-4x2,Yellow,#F4EE2A,45,7247,-22.0,-18.0,108.0,90,CONCEPT_NOT_FIT_VALIDATED
DUC-F-07252,p4-4x2,Yellow,#F4EE2A,45,7248,-14.0,-18.0,108.0,90,CONCEPT_NOT_FIT_VALIDATED
DUC-F-07253,p4-4x2,Yellow,#F4EE2A,45,7249,-6.0,-18.0,108.0,90,CONCEPT_NOT_FIT_VALIDATED
DUC-F-07254,p4-4x2,Yellow,#F4EE2A,45,7250,2.0,-18.0,108.0,90,CONCEPT_NOT_FIT_VALIDATED
DUC-F-07255,p4-4x2,Yellow,#F4EE2A,45,7251,10.0,-18.0,108.0,90,CONCEPT_NOT_FIT_VALIDATED
DUC-F-07256,p4-4x2,Yellow,#F4EE2A,45,7252,18.0,-18.0,108.0,90,CONCEPT_NOT_FIT_VALIDATED
DUC-F-07257,p4-4x2,Yellow,#F4EE2A,45,7253,26.0,-18.0,108.0,90,CONCEPT_NOT_FIT_VALIDATED
DUC-F-07258,p4-4x2,Yellow,#F4EE2A,45,7254,34.0,-18.0,108.0,90,CONCEPT_NOT_FIT_VALIDATED
DUC-F-07259,p4-4x2,Yellow,#F4EE2A,45,7255,42.0,-18.0,108.0,90,CONCEPT_NOT_FIT_VALIDATED
DUC-F-07260,p4-4x2,Yellow,#F4EE2A,45,7256,50.0,-18.0,108.0,90,CONCEPT_NOT_FIT_VALIDATED
DUC-F-07261,p4-4x2,Yellow,#F4EE2A,45,7257,58.0,-18.0,108.0,90,CONCEPT_NOT_FIT_VALIDATED
DUC-F-07262,p4-4x2,Yellow,#F4EE2A,45,7258,66.0,-18.0,108.0,90,CONCEPT_NOT_FIT_VALIDATED
DUC-F-07263,p4-4x1,Yellow,#F4EE2A,45,7259,-68.0,-2.0,108.0,90,CONCEPT_NOT_FIT_VALIDATED
DUC-F-07264,p4-4x2,Yellow,#F4EE2A,45,7260,-62.0,-2.0,108.0,90,CONCEPT_NOT_FIT_VALIDATED
DUC-F-07265,p4-4x2,Yellow,#F4EE2A,45,7261,-54.0,-2.0,108.0,90,CONCEPT_NOT_FIT_VALIDATED
DUC-F-07266,p4-4x2,Yellow,#F4EE2A,45,7262,-46.0,-2.0,108.0,90,CONCEPT_NOT_FIT_VALIDATED
DUC-F-07267,p4-4x2,Yellow,#F4EE2A,45,7263,-38.0,-2.0,108.0,90,CONCEPT_NOT_FIT_VALIDATED
DUC-F-07268,p4-4x2,Yellow,#F4EE2A,45,7264,-30.0,-2.0,108.0,90,CONCEPT_NOT_FIT_VALIDATED
DUC-F-07269,p4-4x2,Yellow,#F4EE2A,45,7265,-22.0,-2.0,108.0,90,CONCEPT_NOT_FIT_VALIDATED
DUC-F-07270,p4-4x2,Yellow,#F4EE2A,45,7266,-14.0,-2.0,108.0,90,CONCEPT_NOT_FIT_VALIDATED
DUC-F-07271,p4-4x2,Yellow,#F4EE2A,45,7267,-6.0,-2.0,108.0,90,CONCEPT_NOT_FIT_VALIDATED
DUC-F-07272,p4-4x2,Yellow,#F4EE2A,45,7268,2.0,-2.0,108.0,90,CONCEPT_NOT_FIT_VALIDATED
DUC-F-07273,p4-4x2,Yellow,#F4EE2A,45,7269,10.0,-2.0,108.0,90,CONCEPT_NOT_FIT_VALIDATED
DUC-F-07274,p4-4x2,Yellow,#F4EE2A,45,7270,18.0,-2.0,108.0,90,CONCEPT_NOT_FIT_VALIDATED
DUC-F-07275,p4-4x2,Yellow,#F4EE2A,45,7271,26.0,-2.0,108.0,90,CONCEPT_NOT_FIT_VALIDATED
DUC-F-07276,p4-4x2,Yellow,#F4EE2A,45,7272,34.0,-2.0,108.0,90,CONCEPT_NOT_FIT_VALIDATED
DUC-F-07277,p4-4x2,Yellow,#F4EE2A,45,7273,42.0,-2.0,108.0,90,CONCEPT_NOT_FIT_VALIDATED
DUC-F-07278,p4-4x2,Yellow,#F4EE2A,45,7274,50.0,-2.0,108.0,90,CONCEPT_NOT_FIT_VALIDATED
DUC-F-07279,p4-4x2,Yellow,#F4EE2A,45,7275,58.0,-2.0,108.0,90,CONCEPT_NOT_FIT_VALIDATED
DUC-F-07280,p4-4x2,Yellow,#F4EE2A,45,7276,66.0,-2.0,108.0,90,CONCEPT_NOT_FIT_VALIDATED
DUC-F-07281,p4-3x2,Yellow,#F4EE2A,45,7277,-62.0,12.0,108.0,90,CONCEPT_NOT_FIT_VALIDATED
DUC-F-07282,p4-4x2,Yellow,#F4EE2A,45,7278,-54.0,14.0,108.0,90,CONCEPT_NOT_FIT_VALIDATED
DUC-F-07283,p4-4x2,Yellow,#F4EE2A,45,7279,-46.0,14.0,108.0,90,CONCEPT_NOT_FIT_VALIDATED
DUC-F-07284,p4-4x2,Yellow,#F4EE2A,45,7280,-38.0,14.0,108.0,90,CONCEPT_NOT_FIT_VALIDATED
DUC-F-07285,p4-4x2,Yellow,#F4EE2A,45,7281,-30.0,14.0,108.0,90,CONCEPT_NOT_FIT_VALIDATED
DUC-F-07286,p4-4x2,Yellow,#F4EE2A,45,7282,-22.0,14.0,108.0,90,CONCEPT_NOT_FIT_VALIDATED
DUC-F-07287,p4-4x2,Yellow,#F4EE2A,45,7283,-14.0,14.0,108.0,90,CONCEPT_NOT_FIT_VALIDATED
DUC-F-07288,p4-4x2,Yellow,#F4EE2A,45,7284,-6.0,14.0,108.0,90,CONCEPT_NOT_FIT_VALIDATED
DUC-F-07289,p4-4x2,Yellow,#F4EE2A,45,7285,2.0,14.0,108.0,90,CONCEPT_NOT_FIT_VALIDATED
DUC-F-07290,p4-4x2,Yellow,#F4EE2A,45,7286,10.0,14.0,108.0,90,CONCEPT_NOT_FIT_VALIDATED
DUC-F-07291,p4-4x2,Yellow,#F4EE2A,45,7287,18.0,14.0,108.0,90,CONCEPT_NOT_FIT_VALIDATED
DUC-F-07292,p4-4x2,Yellow,#F4EE2A,45,7288,26.0,14.0,108.0,90,CONCEPT_NOT_FIT_VALIDATED
DUC-F-07293,p4-4x2,Yellow,#F4EE2A,45,7289,34.0,14.0,108.0,90,CONCEPT_NOT_FIT_VALIDATED
DUC-F-07294,p4-4x2,Yellow,#F4EE2A,45,7290,42.0,14.0,108.0,90,CONCEPT_NOT_FIT_VALIDATED
DUC-F-07295,p4-4x2,Yellow,#F4EE2A,45,7291,50.0,14.0,108.0,90,CONCEPT_NOT_FIT_VALIDATED
DUC-F-07296,p4-4x2,Yellow,#F4EE2A,45,7292,58.0,14.0,108.0,90,CONCEPT_NOT_FIT_VALIDATED
DUC-F-07297,p4-3x1,Yellow,#F4EE2A,45,7293,64.0,12.0,108.0,90,CONCEPT_NOT_FIT_VALIDATED
DUC-F-07186,p4-1x1,Yellow,#F4EE2A,44,7294,64.0,16.0,105.6,0,CONCEPT_NOT_FIT_VALIDATED
DUC-F-07298,p4-1x1,Yellow,#F4EE2A,45,7295,-60.0,20.0,108.0,0,CONCEPT_NOT_FIT_VALIDATED
DUC-F-07299,p4-1x1,Yellow,#F4EE2A,45,7296,-60.0,24.0,108.0,0,CONCEPT_NOT_FIT_VALIDATED
DUC-F-07300,p4-3x2,Yellow,#F4EE2A,45,7297,-54.0,28.0,108.0,90,CONCEPT_NOT_FIT_VALIDATED
DUC-F-07301,p4-4x2,Yellow,#F4EE2A,45,7298,-46.0,30.0,108.0,90,CONCEPT_NOT_FIT_VALIDATED
DUC-F-07302,p4-4x2,Yellow,#F4EE2A,45,7299,-38.0,30.0,108.0,90,CONCEPT_NOT_FIT_VALIDATED
DUC-F-07303,p4-4x2,Yellow,#F4EE2A,45,7300,-30.0,30.0,108.0,90,CONCEPT_NOT_FIT_VALIDATED
DUC-F-07304,p4-4x2,Yellow,#F4EE2A,45,7301,-22.0,30.0,108.0,90,CONCEPT_NOT_FIT_VALIDATED
DUC-F-07305,p4-4x2,Yellow,#F4EE2A,45,7302,-14.0,30.0,108.0,90,CONCEPT_NOT_FIT_VALIDATED
DUC-F-07306,p4-4x2,Yellow,#F4EE2A,45,7303,-6.0,30.0,108.0,90,CONCEPT_NOT_FIT_VALIDATED
DUC-F-07307,p4-4x2,Yellow,#F4EE2A,45,7304,2.0,30.0,108.0,90,CONCEPT_NOT_FIT_VALIDATED
DUC-F-07308,p4-4x2,Yellow,#F4EE2A,45,7305,10.0,30.0,108.0,90,CONCEPT_NOT_FIT_VALIDATED
DUC-F-07309,p4-4x2,Yellow,#F4EE2A,45,7306,18.0,30.0,108.0,90,CONCEPT_NOT_FIT_VALIDATED
DUC-F-07310,p4-4x2,Yellow,#F4EE2A,45,7307,26.0,30.0,108.0,90,CONCEPT_NOT_FIT_VALIDATED
DUC-F-07311,p4-4x2,Yellow,#F4EE2A,45,7308,34.0,30.0,108.0,90,CONCEPT_NOT_FIT_VALIDATED
DUC-F-07312,p4-4x2,Yellow,#F4EE2A,45,7309,42.0,30.0,108.0,90,CONCEPT_NOT_FIT_VALIDATED
DUC-F-07313,p4-4x2,Yellow,#F4EE2A,45,7310,50.0,30.0,108.0,90,CONCEPT_NOT_FIT_VALIDATED
DUC-F-07314,p4-3x1,Yellow,#F4EE2A,45,7311,56.0,28.0,108.0,90,CONCEPT_NOT_FIT_VALIDATED
DUC-F-07315,p4-1x1,Yellow,#F4EE2A,45,7312,60.0,24.0,108.0,0,CONCEPT_NOT_FIT_VALIDATED
DUC-F-07317,p4-2x1,Yellow,#F4EE2A,45,7313,-46.0,40.0,108.0,0,CONCEPT_NOT_FIT_VALIDATED
DUC-F-07318,p4-2x2,Yellow,#F4EE2A,45,7314,-38.0,42.0,108.0,0,CONCEPT_NOT_FIT_VALIDATED
DUC-F-07319,p4-3x2,Yellow,#F4EE2A,45,7315,-30.0,44.0,108.0,90,CONCEPT_NOT_FIT_VALIDATED
DUC-F-07320,p4-4x2,Yellow,#F4EE2A,45,7316,-22.0,46.0,108.0,90,CONCEPT_NOT_FIT_VALIDATED
DUC-F-07321,p4-4x2,Yellow,#F4EE2A,45,7317,-14.0,46.0,108.0,90,CONCEPT_NOT_FIT_VALIDATED
DUC-F-07322,p4-4x2,Yellow,#F4EE2A,45,7318,-6.0,46.0,108.0,90,CONCEPT_NOT_FIT_VALIDATED
DUC-F-07323,p4-4x2,Yellow,#F4EE2A,45,7319,2.0,46.0,108.0,90,CONCEPT_NOT_FIT_VALIDATED
DUC-F-07324,p4-4x2,Yellow,#F4EE2A,45,7320,10.0,46.0,108.0,90,CONCEPT_NOT_FIT_VALIDATED
DUC-F-07325,p4-4x2,Yellow,#F4EE2A,45,7321,18.0,46.0,108.0,90,CONCEPT_NOT_FIT_VALIDATED
DUC-F-07326,p4-4x2,Yellow,#F4EE2A,45,7322,26.0,46.0,108.0,90,CONCEPT_NOT_FIT_VALIDATED
DUC-F-07327,p4-3x2,Yellow,#F4EE2A,45,7323,34.0,44.0,108.0,90,CONCEPT_NOT_FIT_VALIDATED
DUC-F-07328,p4-2x2,Yellow,#F4EE2A,45,7324,42.0,42.0,108.0,0,CONCEPT_NOT_FIT_VALIDATED
DUC-F-07329,p4-1x1,Yellow,#F4EE2A,45,7325,48.0,40.0,108.0,0,CONCEPT_NOT_FIT_VALIDATED
DUC-F-07331,p4-1x1,Yellow,#F4EE2A,45,7326,-36.0,48.0,108.0,0,CONCEPT_NOT_FIT_VALIDATED
DUC-F-07337,p4-2x1,Yellow,#F4EE2A,46,7327,-66.0,-24.0,110.4,0,CONCEPT_NOT_FIT_VALIDATED
DUC-F-07338,p4-2x2,Yellow,#F4EE2A,46,7328,-66.0,-18.0,110.4,0,CONCEPT_NOT_FIT_VALIDATED
DUC-F-07339,p4-2x2,Yellow,#F4EE2A,46,7329,-66.0,-10.0,110.4,0,CONCEPT_NOT_FIT_VALIDATED
DUC-F-07340,p4-2x2,Yellow,#F4EE2A,46,7330,-66.0,-2.0,110.4,0,CONCEPT_NOT_FIT_VALIDATED
DUC-F-07341,p4-2x2,Yellow,#F4EE2A,46,7331,-66.0,6.0,110.4,0,CONCEPT_NOT_FIT_VALIDATED
DUC-F-07342,p4-2x1,Yellow,#F4EE2A,46,7332,-64.0,-34.0,110.4,90,CONCEPT_NOT_FIT_VALIDATED
DUC-F-07343,p4-1x1,Yellow,#F4EE2A,46,7333,-64.0,-28.0,110.4,0,CONCEPT_NOT_FIT_VALIDATED
DUC-F-07344,p4-2x1,Yellow,#F4EE2A,46,7334,-64.0,14.0,110.4,90,CONCEPT_NOT_FIT_VALIDATED
DUC-F-07345,p4-4x2,Yellow,#F4EE2A,46,7335,-54.0,-42.0,110.4,0,CONCEPT_NOT_FIT_VALIDATED
DUC-F-07225,p4-1x1,Yellow,#F4EE2A,45,7336,-60.0,-44.0,108.0,0,CONCEPT_NOT_FIT_VALIDATED
DUC-F-07346,p4-4x2,Yellow,#F4EE2A,46,7337,-54.0,-34.0,110.4,0,CONCEPT_NOT_FIT_VALIDATED
DUC-F-07347,p4-4x2,Yellow,#F4EE2A,46,7338,-54.0,-26.0,110.4,0,CONCEPT_NOT_FIT_VALIDATED
DUC-F-07348,p4-4x2,Yellow,#F4EE2A,46,7339,-54.0,-18.0,110.4,0,CONCEPT_NOT_FIT_VALIDATED
DUC-F-07349,p4-4x2,Yellow,#F4EE2A,46,7340,-54.0,-10.0,110.4,0,CONCEPT_NOT_FIT_VALIDATED
DUC-F-07350,p4-4x2,Yellow,#F4EE2A,46,7341,-54.0,-2.0,110.4,0,CONCEPT_NOT_FIT_VALIDATED
DUC-F-07351,p4-4x2,Yellow,#F4EE2A,46,7342,-54.0,6.0,110.4,0,CONCEPT_NOT_FIT_VALIDATED
DUC-F-07352,p4-4x2,Yellow,#F4EE2A,46,7343,-54.0,14.0,110.4,0,CONCEPT_NOT_FIT_VALIDATED
DUC-F-07353,p4-4x2,Yellow,#F4EE2A,46,7344,-54.0,22.0,110.4,0,CONCEPT_NOT_FIT_VALIDATED
DUC-F-07354,p4-3x1,Yellow,#F4EE2A,46,7345,-52.0,-48.0,110.4,0,CONCEPT_NOT_FIT_VALIDATED
DUC-F-07355,p4-3x2,Yellow,#F4EE2A,46,7346,-52.0,30.0,110.4,0,CONCEPT_NOT_FIT_VALIDATED
DUC-F-07356,p4-2x1,Yellow,#F4EE2A,46,7347,-50.0,-52.0,110.4,0,CONCEPT_NOT_FIT_VALIDATED
DUC-F-07357,p4-2x1,Yellow,#F4EE2A,46,7348,-50.0,36.0,110.4,0,CONCEPT_NOT_FIT_VALIDATED
DUC-F-07316,p4-1x1,Yellow,#F4EE2A,45,7349,-52.0,36.0,108.0,0,CONCEPT_NOT_FIT_VALIDATED
DUC-F-07358,p4-1x1,Black,#000000,46,7350,-48.0,-56.0,110.4,0,CONCEPT_NOT_FIT_VALIDATED
DUC-F-07359,p4-1x1,Yellow,#F4EE2A,46,7351,-48.0,40.0,110.4,0,CONCEPT_NOT_FIT_VALIDATED
DUC-F-07360,p4-1x1,Black,#000000,46,7352,-44.0,-56.0,110.4,0,CONCEPT_NOT_FIT_VALIDATED
DUC-F-07361,p4-4x2,Yellow,#F4EE2A,46,7353,-38.0,-50.0,110.4,0,CONCEPT_NOT_FIT_VALIDATED
DUC-F-07362,p4-4x2,Yellow,#F4EE2A,46,7354,-38.0,-42.0,110.4,0,CONCEPT_NOT_FIT_VALIDATED
DUC-F-07363,p4-4x2,Yellow,#F4EE2A,46,7355,-38.0,-34.0,110.4,0,CONCEPT_NOT_FIT_VALIDATED
DUC-F-07364,p4-4x2,Yellow,#F4EE2A,46,7356,-38.0,-26.0,110.4,0,CONCEPT_NOT_FIT_VALIDATED
DUC-F-07365,p4-4x2,Yellow,#F4EE2A,46,7357,-38.0,-18.0,110.4,0,CONCEPT_NOT_FIT_VALIDATED
DUC-F-07366,p4-4x2,Yellow,#F4EE2A,46,7358,-38.0,-10.0,110.4,0,CONCEPT_NOT_FIT_VALIDATED
DUC-F-07367,p4-4x2,Yellow,#F4EE2A,46,7359,-38.0,-2.0,110.4,0,CONCEPT_NOT_FIT_VALIDATED
DUC-F-07368,p4-4x2,Yellow,#F4EE2A,46,7360,-38.0,6.0,110.4,0,CONCEPT_NOT_FIT_VALIDATED
DUC-F-07369,p4-4x2,Yellow,#F4EE2A,46,7361,-38.0,14.0,110.4,0,CONCEPT_NOT_FIT_VALIDATED
DUC-F-07370,p4-4x2,Yellow,#F4EE2A,46,7362,-38.0,22.0,110.4,0,CONCEPT_NOT_FIT_VALIDATED
DUC-F-07371,p4-4x2,Yellow,#F4EE2A,46,7363,-38.0,30.0,110.4,0,CONCEPT_NOT_FIT_VALIDATED
DUC-F-07372,p4-4x2,Yellow,#F4EE2A,46,7364,-38.0,38.0,110.4,0,CONCEPT_NOT_FIT_VALIDATED
DUC-F-07373,p4-4x1,Yellow,#F4EE2A,46,7365,-38.0,44.0,110.4,0,CONCEPT_NOT_FIT_VALIDATED
DUC-F-07330,p4-1x1,Yellow,#F4EE2A,45,7366,-44.0,44.0,108.0,0,CONCEPT_NOT_FIT_VALIDATED
DUC-F-07374,p4-1x1,Black,#000000,46,7367,-40.0,-60.0,110.4,0,CONCEPT_NOT_FIT_VALIDATED
DUC-F-07375,p4-3x1,Yellow,#F4EE2A,46,7368,-36.0,-56.0,110.4,0,CONCEPT_NOT_FIT_VALIDATED
DUC-F-07376,p4-2x1,Black,#000000,46,7369,-34.0,-64.0,110.4,0,CONCEPT_NOT_FIT_VALIDATED
DUC-F-07377,p4-2x1,Yellow,#F4EE2A,46,7370,-34.0,-60.0,110.4,0,CONCEPT_NOT_FIT_VALIDATED
DUC-F-07378,p4-2x1,Yellow,#F4EE2A,46,7371,-34.0,48.0,110.4,0,CONCEPT_NOT_FIT_VALIDATED
DUC-F-07379,p4-4x2,Yellow,#F4EE2A,46,7372,-22.0,-66.0,110.4,0,CONCEPT_NOT_FIT_VALIDATED
DUC-F-07380,p4-4x2,Yellow,#F4EE2A,46,7373,-22.0,-58.0,110.4,0,CONCEPT_NOT_FIT_VALIDATED
DUC-F-07381,p4-4x2,Yellow,#F4EE2A,46,7374,-22.0,-50.0,110.4,0,CONCEPT_NOT_FIT_VALIDATED
DUC-F-07382,p4-4x2,Yellow,#F4EE2A,46,7375,-22.0,-42.0,110.4,0,CONCEPT_NOT_FIT_VALIDATED
DUC-F-07383,p4-4x2,Yellow,#F4EE2A,46,7376,-22.0,-34.0,110.4,0,CONCEPT_NOT_FIT_VALIDATED
DUC-F-07384,p4-4x2,Yellow,#F4EE2A,46,7377,-22.0,-26.0,110.4,0,CONCEPT_NOT_FIT_VALIDATED
DUC-F-07385,p4-4x2,Yellow,#F4EE2A,46,7378,-22.0,-18.0,110.4,0,CONCEPT_NOT_FIT_VALIDATED
DUC-F-07386,p4-4x2,Yellow,#F4EE2A,46,7379,-22.0,-10.0,110.4,0,CONCEPT_NOT_FIT_VALIDATED
DUC-F-07387,p4-4x2,Yellow,#F4EE2A,46,7380,-22.0,-2.0,110.4,0,CONCEPT_NOT_FIT_VALIDATED
DUC-F-07388,p4-4x2,Yellow,#F4EE2A,46,7381,-22.0,6.0,110.4,0,CONCEPT_NOT_FIT_VALIDATED
DUC-F-07389,p4-4x2,Yellow,#F4EE2A,46,7382,-22.0,14.0,110.4,0,CONCEPT_NOT_FIT_VALIDATED
DUC-F-07390,p4-4x2,Yellow,#F4EE2A,46,7383,-22.0,22.0,110.4,0,CONCEPT_NOT_FIT_VALIDATED
DUC-F-07391,p4-4x2,Yellow,#F4EE2A,46,7384,-22.0,30.0,110.4,0,CONCEPT_NOT_FIT_VALIDATED
DUC-F-07392,p4-4x2,Yellow,#F4EE2A,46,7385,-22.0,38.0,110.4,0,CONCEPT_NOT_FIT_VALIDATED
DUC-F-07393,p4-4x2,Yellow,#F4EE2A,46,7386,-22.0,46.0,110.4,0,CONCEPT_NOT_FIT_VALIDATED
DUC-F-07394,p4-4x1,Yellow,#F4EE2A,46,7387,-22.0,52.0,110.4,0,CONCEPT_NOT_FIT_VALIDATED
DUC-F-07332,p4-1x1,Yellow,#F4EE2A,45,7388,-28.0,52.0,108.0,0,CONCEPT_NOT_FIT_VALIDATED
DUC-F-07086,p4-1x1,Yellow,#F4EE2A,44,7389,-28.0,52.0,105.6,0,CONCEPT_NOT_FIT_VALIDATED
DUC-F-07395,p4-2x1,Yellow,#F4EE2A,46,7390,-18.0,-72.0,110.4,0,CONCEPT_NOT_FIT_VALIDATED
DUC-F-07397,p4-4x1,Yellow,#F4EE2A,46,7391,-6.0,-72.0,110.4,0,CONCEPT_NOT_FIT_VALIDATED
DUC-F-07398,p4-4x2,Yellow,#F4EE2A,46,7392,-6.0,-66.0,110.4,0,CONCEPT_NOT_FIT_VALIDATED
DUC-F-07399,p4-4x2,Yellow,#F4EE2A,46,7393,-6.0,-58.0,110.4,0,CONCEPT_NOT_FIT_VALIDATED
DUC-F-07400,p4-4x2,Yellow,#F4EE2A,46,7394,-6.0,-50.0,110.4,0,CONCEPT_NOT_FIT_VALIDATED
DUC-F-07401,p4-4x2,Yellow,#F4EE2A,46,7395,-6.0,-42.0,110.4,0,CONCEPT_NOT_FIT_VALIDATED
DUC-F-07402,p4-4x2,Yellow,#F4EE2A,46,7396,-6.0,-34.0,110.4,0,CONCEPT_NOT_FIT_VALIDATED
DUC-F-07403,p4-4x2,Yellow,#F4EE2A,46,7397,-6.0,-26.0,110.4,0,CONCEPT_NOT_FIT_VALIDATED
DUC-F-07404,p4-4x2,Yellow,#F4EE2A,46,7398,-6.0,-18.0,110.4,0,CONCEPT_NOT_FIT_VALIDATED
DUC-F-07405,p4-4x2,Yellow,#F4EE2A,46,7399,-6.0,-10.0,110.4,0,CONCEPT_NOT_FIT_VALIDATED
DUC-F-07406,p4-4x2,Yellow,#F4EE2A,46,7400,-6.0,-2.0,110.4,0,CONCEPT_NOT_FIT_VALIDATED
DUC-F-07407,p4-4x2,Yellow,#F4EE2A,46,7401,-6.0,6.0,110.4,0,CONCEPT_NOT_FIT_VALIDATED
DUC-F-07408,p4-4x2,Yellow,#F4EE2A,46,7402,-6.0,14.0,110.4,0,CONCEPT_NOT_FIT_VALIDATED
DUC-F-07409,p4-4x2,Yellow,#F4EE2A,46,7403,-6.0,22.0,110.4,0,CONCEPT_NOT_FIT_VALIDATED
DUC-F-07410,p4-4x2,Yellow,#F4EE2A,46,7404,-6.0,30.0,110.4,0,CONCEPT_NOT_FIT_VALIDATED
DUC-F-07411,p4-4x2,Yellow,#F4EE2A,46,7405,-6.0,38.0,110.4,0,CONCEPT_NOT_FIT_VALIDATED
DUC-F-07412,p4-4x2,Yellow,#F4EE2A,46,7406,-6.0,46.0,110.4,0,CONCEPT_NOT_FIT_VALIDATED
DUC-F-07413,p4-4x2,Yellow,#F4EE2A,46,7407,-6.0,54.0,110.4,0,CONCEPT_NOT_FIT_VALIDATED
DUC-F-07333,p4-1x1,Yellow,#F4EE2A,45,7408,-12.0,56.0,108.0,0,CONCEPT_NOT_FIT_VALIDATED
DUC-F-07334,p4-2x1,Yellow,#F4EE2A,45,7409,-6.0,56.0,108.0,0,CONCEPT_NOT_FIT_VALIDATED
DUC-F-07335,p4-2x1,Yellow,#F4EE2A,45,7410,2.0,56.0,108.0,0,CONCEPT_NOT_FIT_VALIDATED
DUC-F-07414,p4-4x1,Yellow,#F4EE2A,46,7411,10.0,-72.0,110.4,0,CONCEPT_NOT_FIT_VALIDATED
DUC-F-07415,p4-4x2,Yellow,#F4EE2A,46,7412,10.0,-66.0,110.4,0,CONCEPT_NOT_FIT_VALIDATED
DUC-F-07416,p4-4x2,Yellow,#F4EE2A,46,7413,10.0,-58.0,110.4,0,CONCEPT_NOT_FIT_VALIDATED
DUC-F-07417,p4-4x2,Yellow,#F4EE2A,46,7414,10.0,-50.0,110.4,0,CONCEPT_NOT_FIT_VALIDATED
DUC-F-07418,p4-4x2,Yellow,#F4EE2A,46,7415,10.0,-42.0,110.4,0,CONCEPT_NOT_FIT_VALIDATED
DUC-F-07419,p4-4x2,Yellow,#F4EE2A,46,7416,10.0,-34.0,110.4,0,CONCEPT_NOT_FIT_VALIDATED
DUC-F-07420,p4-4x2,Yellow,#F4EE2A,46,7417,10.0,-26.0,110.4,0,CONCEPT_NOT_FIT_VALIDATED
DUC-F-07421,p4-4x2,Yellow,#F4EE2A,46,7418,10.0,-18.0,110.4,0,CONCEPT_NOT_FIT_VALIDATED
DUC-F-07422,p4-4x2,Yellow,#F4EE2A,46,7419,10.0,-10.0,110.4,0,CONCEPT_NOT_FIT_VALIDATED
DUC-F-07423,p4-4x2,Yellow,#F4EE2A,46,7420,10.0,-2.0,110.4,0,CONCEPT_NOT_FIT_VALIDATED
DUC-F-07424,p4-4x2,Yellow,#F4EE2A,46,7421,10.0,6.0,110.4,0,CONCEPT_NOT_FIT_VALIDATED
DUC-F-07425,p4-4x2,Yellow,#F4EE2A,46,7422,10.0,14.0,110.4,0,CONCEPT_NOT_FIT_VALIDATED
DUC-F-07426,p4-4x2,Yellow,#F4EE2A,46,7423,10.0,22.0,110.4,0,CONCEPT_NOT_FIT_VALIDATED
DUC-F-07427,p4-4x2,Yellow,#F4EE2A,46,7424,10.0,30.0,110.4,0,CONCEPT_NOT_FIT_VALIDATED
DUC-F-07428,p4-4x2,Yellow,#F4EE2A,46,7425,10.0,38.0,110.4,0,CONCEPT_NOT_FIT_VALIDATED
DUC-F-07429,p4-4x2,Yellow,#F4EE2A,46,7426,10.0,46.0,110.4,0,CONCEPT_NOT_FIT_VALIDATED
DUC-F-07430,p4-4x2,Yellow,#F4EE2A,46,7427,10.0,54.0,110.4,0,CONCEPT_NOT_FIT_VALIDATED
DUC-F-07336,p4-2x1,Yellow,#F4EE2A,45,7428,10.0,56.0,108.0,0,CONCEPT_NOT_FIT_VALIDATED
DUC-F-07431,p4-1x1,Yellow,#F4EE2A,46,7429,20.0,-72.0,110.4,0,CONCEPT_NOT_FIT_VALIDATED
DUC-F-07432,p4-3x2,Yellow,#F4EE2A,46,7430,24.0,-66.0,110.4,0,CONCEPT_NOT_FIT_VALIDATED
DUC-F-07433,p4-4x2,Yellow,#F4EE2A,46,7431,26.0,-58.0,110.4,0,CONCEPT_NOT_FIT_VALIDATED
DUC-F-07434,p4-4x2,Yellow,#F4EE2A,46,7432,26.0,-50.0,110.4,0,CONCEPT_NOT_FIT_VALIDATED
DUC-F-07435,p4-4x2,Yellow,#F4EE2A,46,7433,26.0,-42.0,110.4,0,CONCEPT_NOT_FIT_VALIDATED
DUC-F-07436,p4-4x2,Yellow,#F4EE2A,46,7434,26.0,-34.0,110.4,0,CONCEPT_NOT_FIT_VALIDATED
DUC-F-07437,p4-4x2,Yellow,#F4EE2A,46,7435,26.0,-26.0,110.4,0,CONCEPT_NOT_FIT_VALIDATED
DUC-F-07438,p4-4x2,Yellow,#F4EE2A,46,7436,26.0,-18.0,110.4,0,CONCEPT_NOT_FIT_VALIDATED
DUC-F-07439,p4-4x2,Yellow,#F4EE2A,46,7437,26.0,-10.0,110.4,0,CONCEPT_NOT_FIT_VALIDATED
DUC-F-07440,p4-4x2,Yellow,#F4EE2A,46,7438,26.0,-2.0,110.4,0,CONCEPT_NOT_FIT_VALIDATED
DUC-F-07441,p4-4x2,Yellow,#F4EE2A,46,7439,26.0,6.0,110.4,0,CONCEPT_NOT_FIT_VALIDATED
DUC-F-07442,p4-4x2,Yellow,#F4EE2A,46,7440,26.0,14.0,110.4,0,CONCEPT_NOT_FIT_VALIDATED
DUC-F-07443,p4-4x2,Yellow,#F4EE2A,46,7441,26.0,22.0,110.4,0,CONCEPT_NOT_FIT_VALIDATED
DUC-F-07444,p4-4x2,Yellow,#F4EE2A,46,7442,26.0,30.0,110.4,0,CONCEPT_NOT_FIT_VALIDATED
DUC-F-07445,p4-4x2,Yellow,#F4EE2A,46,7443,26.0,38.0,110.4,0,CONCEPT_NOT_FIT_VALIDATED
DUC-F-07446,p4-4x2,Yellow,#F4EE2A,46,7444,26.0,46.0,110.4,0,CONCEPT_NOT_FIT_VALIDATED
DUC-F-07447,p4-3x1,Yellow,#F4EE2A,46,7445,24.0,52.0,110.4,0,CONCEPT_NOT_FIT_VALIDATED
DUC-F-07448,p4-1x1,Black,#000000,46,7446,32.0,-64.0,110.4,0,CONCEPT_NOT_FIT_VALIDATED
DUC-F-07449,p4-1x1,Black,#000000,46,7447,36.0,-64.0,110.4,0,CONCEPT_NOT_FIT_VALIDATED
DUC-F-07450,p4-2x1,Yellow,#F4EE2A,46,7448,36.0,-58.0,110.4,90,CONCEPT_NOT_FIT_VALIDATED
DUC-F-07451,p4-4x2,Yellow,#F4EE2A,46,7449,42.0,-50.0,110.4,0,CONCEPT_NOT_FIT_VALIDATED
DUC-F-07452,p4-4x2,Yellow,#F4EE2A,46,7450,42.0,-42.0,110.4,0,CONCEPT_NOT_FIT_VALIDATED
DUC-F-07453,p4-4x2,Yellow,#F4EE2A,46,7451,42.0,-34.0,110.4,0,CONCEPT_NOT_FIT_VALIDATED
DUC-F-07454,p4-4x2,Yellow,#F4EE2A,46,7452,42.0,-26.0,110.4,0,CONCEPT_NOT_FIT_VALIDATED
DUC-F-07455,p4-4x2,Yellow,#F4EE2A,46,7453,42.0,-18.0,110.4,0,CONCEPT_NOT_FIT_VALIDATED
DUC-F-07456,p4-4x2,Yellow,#F4EE2A,46,7454,42.0,-10.0,110.4,0,CONCEPT_NOT_FIT_VALIDATED
DUC-F-07457,p4-4x2,Yellow,#F4EE2A,46,7455,42.0,-2.0,110.4,0,CONCEPT_NOT_FIT_VALIDATED
DUC-F-07458,p4-4x2,Yellow,#F4EE2A,46,7456,42.0,6.0,110.4,0,CONCEPT_NOT_FIT_VALIDATED
DUC-F-07459,p4-4x2,Yellow,#F4EE2A,46,7457,42.0,14.0,110.4,0,CONCEPT_NOT_FIT_VALIDATED
DUC-F-07460,p4-4x2,Yellow,#F4EE2A,46,7458,42.0,22.0,110.4,0,CONCEPT_NOT_FIT_VALIDATED
DUC-F-07461,p4-4x2,Yellow,#F4EE2A,46,7459,42.0,30.0,110.4,0,CONCEPT_NOT_FIT_VALIDATED
DUC-F-07462,p4-4x2,Yellow,#F4EE2A,46,7460,42.0,38.0,110.4,0,CONCEPT_NOT_FIT_VALIDATED
DUC-F-07463,p4-3x1,Yellow,#F4EE2A,46,7461,40.0,44.0,110.4,0,CONCEPT_NOT_FIT_VALIDATED
DUC-F-07464,p4-1x1,Yellow,#F4EE2A,46,7462,36.0,48.0,110.4,0,CONCEPT_NOT_FIT_VALIDATED
DUC-F-07465,p4-1x1,Black,#000000,46,7463,40.0,-60.0,110.4,0,CONCEPT_NOT_FIT_VALIDATED
DUC-F-07466,p4-1x1,Yellow,#F4EE2A,46,7464,40.0,-56.0,110.4,0,CONCEPT_NOT_FIT_VALIDATED
DUC-F-07467,p4-2x1,Black,#000000,46,7465,46.0,-56.0,110.4,0,CONCEPT_NOT_FIT_VALIDATED
DUC-F-07468,p4-2x1,Yellow,#F4EE2A,46,7466,52.0,-50.0,110.4,90,CONCEPT_NOT_FIT_VALIDATED
DUC-F-07469,p4-3x2,Yellow,#F4EE2A,46,7467,56.0,-42.0,110.4,0,CONCEPT_NOT_FIT_VALIDATED
DUC-F-07226,p4-1x1,Yellow,#F4EE2A,45,7468,60.0,-44.0,108.0,0,CONCEPT_NOT_FIT_VALIDATED
DUC-F-07470,p4-4x2,Yellow,#F4EE2A,46,7469,58.0,-34.0,110.4,0,CONCEPT_NOT_FIT_VALIDATED
DUC-F-07471,p4-4x2,Yellow,#F4EE2A,46,7470,58.0,-26.0,110.4,0,CONCEPT_NOT_FIT_VALIDATED
DUC-F-07472,p4-4x2,Yellow,#F4EE2A,46,7471,58.0,-18.0,110.4,0,CONCEPT_NOT_FIT_VALIDATED
DUC-F-07473,p4-4x2,Yellow,#F4EE2A,46,7472,58.0,-10.0,110.4,0,CONCEPT_NOT_FIT_VALIDATED
DUC-F-07474,p4-4x2,Yellow,#F4EE2A,46,7473,58.0,-2.0,110.4,0,CONCEPT_NOT_FIT_VALIDATED
DUC-F-07475,p4-4x2,Yellow,#F4EE2A,46,7474,58.0,6.0,110.4,0,CONCEPT_NOT_FIT_VALIDATED
DUC-F-07476,p4-4x2,Yellow,#F4EE2A,46,7475,58.0,14.0,110.4,0,CONCEPT_NOT_FIT_VALIDATED
DUC-F-07477,p4-3x2,Yellow,#F4EE2A,46,7476,56.0,22.0,110.4,0,CONCEPT_NOT_FIT_VALIDATED
DUC-F-07478,p4-2x2,Yellow,#F4EE2A,46,7477,54.0,30.0,110.4,0,CONCEPT_NOT_FIT_VALIDATED
DUC-F-07479,p4-1x1,Yellow,#F4EE2A,46,7478,52.0,36.0,110.4,0,CONCEPT_NOT_FIT_VALIDATED
DUC-F-07480,p4-1x1,Yellow,#F4EE2A,46,7479,56.0,-48.0,110.4,0,CONCEPT_NOT_FIT_VALIDATED
DUC-F-07481,p4-1x1,Yellow,#F4EE2A,46,7480,68.0,-24.0,110.4,0,CONCEPT_NOT_FIT_VALIDATED
DUC-F-07482,p4-2x1,Yellow,#F4EE2A,46,7481,68.0,-18.0,110.4,90,CONCEPT_NOT_FIT_VALIDATED
DUC-F-07483,p4-2x1,Yellow,#F4EE2A,46,7482,68.0,-10.0,110.4,90,CONCEPT_NOT_FIT_VALIDATED
DUC-F-07484,p4-2x1,Yellow,#F4EE2A,46,7483,68.0,-2.0,110.4,90,CONCEPT_NOT_FIT_VALIDATED
DUC-F-07485,p4-2x1,Yellow,#F4EE2A,46,7484,68.0,6.0,110.4,90,CONCEPT_NOT_FIT_VALIDATED
DUC-F-07486,p4-3x2,Yellow,#F4EE2A,47,7485,-18.0,-68.0,112.8,90,CONCEPT_NOT_FIT_VALIDATED
DUC-F-07487,p4-3x2,Yellow,#F4EE2A,47,7486,-10.0,-68.0,112.8,90,CONCEPT_NOT_FIT_VALIDATED
DUC-F-07488,p4-3x2,Yellow,#F4EE2A,47,7487,-2.0,-68.0,112.8,90,CONCEPT_NOT_FIT_VALIDATED
DUC-F-07489,p4-3x2,Yellow,#F4EE2A,47,7488,6.0,-68.0,112.8,90,CONCEPT_NOT_FIT_VALIDATED
DUC-F-07490,p4-3x2,Yellow,#F4EE2A,47,7489,14.0,-68.0,112.8,90,CONCEPT_NOT_FIT_VALIDATED
DUC-F-07491,p4-3x1,Yellow,#F4EE2A,47,7490,20.0,-68.0,112.8,90,CONCEPT_NOT_FIT_VALIDATED
DUC-F-07492,p4-2x2,Yellow,#F4EE2A,47,7491,-26.0,-66.0,112.8,0,CONCEPT_NOT_FIT_VALIDATED
DUC-F-07493,p4-2x1,Yellow,#F4EE2A,47,7492,24.0,-66.0,112.8,90,CONCEPT_NOT_FIT_VALIDATED
DUC-F-07494,p4-2x1,Yellow,#F4EE2A,47,7493,28.0,-66.0,112.8,90,CONCEPT_NOT_FIT_VALIDATED
DUC-F-07495,p4-2x1,Black,#000000,47,7494,-34.0,-64.0,112.8,0,CONCEPT_NOT_FIT_VALIDATED
DUC-F-07496,p4-1x1,Black,#000000,47,7495,32.0,-64.0,112.8,0,CONCEPT_NOT_FIT_VALIDATED
DUC-F-07497,p4-1x1,Black,#000000,47,7496,36.0,-64.0,112.8,0,CONCEPT_NOT_FIT_VALIDATED
DUC-F-07498,p4-1x1,Black,#000000,47,7497,-40.0,-60.0,112.8,0,CONCEPT_NOT_FIT_VALIDATED
DUC-F-07499,p4-4x2,Yellow,#F4EE2A,47,7498,-34.0,-54.0,112.8,90,CONCEPT_NOT_FIT_VALIDATED
DUC-F-07500,p4-4x2,Yellow,#F4EE2A,47,7499,-26.0,-54.0,112.8,90,CONCEPT_NOT_FIT_VALIDATED
DUC-F-07501,p4-4x2,Yellow,#F4EE2A,47,7500,-18.0,-54.0,112.8,90,CONCEPT_NOT_FIT_VALIDATED
DUC-F-07502,p4-4x2,Yellow,#F4EE2A,47,7501,-10.0,-54.0,112.8,90,CONCEPT_NOT_FIT_VALIDATED
DUC-F-07503,p4-4x2,Yellow,#F4EE2A,47,7502,-2.0,-54.0,112.8,90,CONCEPT_NOT_FIT_VALIDATED
DUC-F-07504,p4-4x2,Yellow,#F4EE2A,47,7503,6.0,-54.0,112.8,90,CONCEPT_NOT_FIT_VALIDATED
DUC-F-07505,p4-4x2,Yellow,#F4EE2A,47,7504,14.0,-54.0,112.8,90,CONCEPT_NOT_FIT_VALIDATED
DUC-F-07506,p4-4x2,Yellow,#F4EE2A,47,7505,22.0,-54.0,112.8,90,CONCEPT_NOT_FIT_VALIDATED
DUC-F-07507,p4-4x2,Yellow,#F4EE2A,47,7506,30.0,-54.0,112.8,90,CONCEPT_NOT_FIT_VALIDATED
DUC-F-07508,p4-4x1,Yellow,#F4EE2A,47,7507,36.0,-54.0,112.8,90,CONCEPT_NOT_FIT_VALIDATED
DUC-F-07509,p4-1x1,Black,#000000,47,7508,40.0,-60.0,112.8,0,CONCEPT_NOT_FIT_VALIDATED
DUC-F-07510,p4-1x1,Black,#000000,47,7509,-44.0,-56.0,112.8,0,CONCEPT_NOT_FIT_VALIDATED
DUC-F-07511,p4-3x1,Yellow,#F4EE2A,47,7510,-40.0,-52.0,112.8,90,CONCEPT_NOT_FIT_VALIDATED
DUC-F-07512,p4-3x1,Yellow,#F4EE2A,47,7511,40.0,-52.0,112.8,90,CONCEPT_NOT_FIT_VALIDATED
DUC-F-07513,p4-1x1,Black,#000000,47,7512,44.0,-56.0,112.8,0,CONCEPT_NOT_FIT_VALIDATED
DUC-F-07514,p4-2x2,Yellow,#F4EE2A,47,7513,-50.0,-50.0,112.8,0,CONCEPT_NOT_FIT_VALIDATED
DUC-F-07515,p4-2x1,Yellow,#F4EE2A,47,7514,-44.0,-50.0,112.8,90,CONCEPT_NOT_FIT_VALIDATED
DUC-F-07516,p4-2x2,Yellow,#F4EE2A,47,7515,46.0,-50.0,112.8,0,CONCEPT_NOT_FIT_VALIDATED
DUC-F-07517,p4-2x1,Yellow,#F4EE2A,47,7516,52.0,-50.0,112.8,90,CONCEPT_NOT_FIT_VALIDATED
DUC-F-07518,p4-1x1,Yellow,#F4EE2A,47,7517,-56.0,-48.0,112.8,0,CONCEPT_NOT_FIT_VALIDATED
DUC-F-07519,p4-1x1,Yellow,#F4EE2A,47,7518,56.0,-48.0,112.8,0,CONCEPT_NOT_FIT_VALIDATED
DUC-F-07520,p4-4x2,Yellow,#F4EE2A,47,7519,-58.0,-38.0,112.8,90,CONCEPT_NOT_FIT_VALIDATED
DUC-F-07521,p4-4x2,Yellow,#F4EE2A,47,7520,-50.0,-38.0,112.8,90,CONCEPT_NOT_FIT_VALIDATED
DUC-F-07522,p4-4x2,Yellow,#F4EE2A,47,7521,-42.0,-38.0,112.8,90,CONCEPT_NOT_FIT_VALIDATED
DUC-F-07523,p4-4x2,Yellow,#F4EE2A,47,7522,-34.0,-38.0,112.8,90,CONCEPT_NOT_FIT_VALIDATED
DUC-F-07524,p4-4x2,Yellow,#F4EE2A,47,7523,-26.0,-38.0,112.8,90,CONCEPT_NOT_FIT_VALIDATED
DUC-F-07525,p4-4x2,Yellow,#F4EE2A,47,7524,-18.0,-38.0,112.8,90,CONCEPT_NOT_FIT_VALIDATED
DUC-F-07526,p4-4x2,Yellow,#F4EE2A,47,7525,-10.0,-38.0,112.8,90,CONCEPT_NOT_FIT_VALIDATED
DUC-F-07527,p4-4x2,Yellow,#F4EE2A,47,7526,-2.0,-38.0,112.8,90,CONCEPT_NOT_FIT_VALIDATED
DUC-F-07528,p4-4x2,Yellow,#F4EE2A,47,7527,6.0,-38.0,112.8,90,CONCEPT_NOT_FIT_VALIDATED
DUC-F-07529,p4-4x2,Yellow,#F4EE2A,47,7528,14.0,-38.0,112.8,90,CONCEPT_NOT_FIT_VALIDATED
DUC-F-07530,p4-4x2,Yellow,#F4EE2A,47,7529,22.0,-38.0,112.8,90,CONCEPT_NOT_FIT_VALIDATED
DUC-F-07531,p4-4x2,Yellow,#F4EE2A,47,7530,30.0,-38.0,112.8,90,CONCEPT_NOT_FIT_VALIDATED
DUC-F-07532,p4-4x2,Yellow,#F4EE2A,47,7531,38.0,-38.0,112.8,90,CONCEPT_NOT_FIT_VALIDATED
DUC-F-07533,p4-4x2,Yellow,#F4EE2A,47,7532,46.0,-38.0,112.8,90,CONCEPT_NOT_FIT_VALIDATED
DUC-F-07534,p4-4x2,Yellow,#F4EE2A,47,7533,54.0,-38.0,112.8,90,CONCEPT_NOT_FIT_VALIDATED
DUC-F-07535,p4-4x1,Yellow,#F4EE2A,47,7534,60.0,-38.0,112.8,90,CONCEPT_NOT_FIT_VALIDATED
DUC-F-07536,p4-2x1,Yellow,#F4EE2A,47,7535,-64.0,-34.0,112.8,90,CONCEPT_NOT_FIT_VALIDATED
DUC-F-07537,p4-2x1,Yellow,#F4EE2A,47,7536,64.0,-34.0,112.8,90,CONCEPT_NOT_FIT_VALIDATED
DUC-F-07538,p4-4x1,Yellow,#F4EE2A,47,7537,-64.0,-22.0,112.8,90,CONCEPT_NOT_FIT_VALIDATED
DUC-F-07539,p4-4x2,Yellow,#F4EE2A,47,7538,-58.0,-22.0,112.8,90,CONCEPT_NOT_FIT_VALIDATED
DUC-F-07540,p4-4x2,Yellow,#F4EE2A,47,7539,-50.0,-22.0,112.8,90,CONCEPT_NOT_FIT_VALIDATED
DUC-F-07541,p4-4x2,Yellow,#F4EE2A,47,7540,-42.0,-22.0,112.8,90,CONCEPT_NOT_FIT_VALIDATED
DUC-F-07542,p4-4x2,Yellow,#F4EE2A,47,7541,-34.0,-22.0,112.8,90,CONCEPT_NOT_FIT_VALIDATED
DUC-F-07543,p4-4x2,Yellow,#F4EE2A,47,7542,-26.0,-22.0,112.8,90,CONCEPT_NOT_FIT_VALIDATED
DUC-F-07544,p4-4x2,Yellow,#F4EE2A,47,7543,-18.0,-22.0,112.8,90,CONCEPT_NOT_FIT_VALIDATED
DUC-F-07545,p4-4x2,Yellow,#F4EE2A,47,7544,-10.0,-22.0,112.8,90,CONCEPT_NOT_FIT_VALIDATED
DUC-F-07546,p4-4x2,Yellow,#F4EE2A,47,7545,-2.0,-22.0,112.8,90,CONCEPT_NOT_FIT_VALIDATED
DUC-F-07547,p4-4x2,Yellow,#F4EE2A,47,7546,6.0,-22.0,112.8,90,CONCEPT_NOT_FIT_VALIDATED
DUC-F-07548,p4-4x2,Yellow,#F4EE2A,47,7547,14.0,-22.0,112.8,90,CONCEPT_NOT_FIT_VALIDATED
DUC-F-07549,p4-4x2,Yellow,#F4EE2A,47,7548,22.0,-22.0,112.8,90,CONCEPT_NOT_FIT_VALIDATED
DUC-F-07550,p4-4x2,Yellow,#F4EE2A,47,7549,30.0,-22.0,112.8,90,CONCEPT_NOT_FIT_VALIDATED
DUC-F-07551,p4-4x2,Yellow,#F4EE2A,47,7550,38.0,-22.0,112.8,90,CONCEPT_NOT_FIT_VALIDATED
DUC-F-07552,p4-4x2,Yellow,#F4EE2A,47,7551,46.0,-22.0,112.8,90,CONCEPT_NOT_FIT_VALIDATED
DUC-F-07553,p4-4x2,Yellow,#F4EE2A,47,7552,54.0,-22.0,112.8,90,CONCEPT_NOT_FIT_VALIDATED
DUC-F-07554,p4-4x2,Yellow,#F4EE2A,47,7553,62.0,-22.0,112.8,90,CONCEPT_NOT_FIT_VALIDATED
DUC-F-07555,p4-3x1,Yellow,#F4EE2A,47,7554,-68.0,-20.0,112.8,90,CONCEPT_NOT_FIT_VALIDATED
DUC-F-07556,p4-3x1,Yellow,#F4EE2A,47,7555,68.0,-20.0,112.8,90,CONCEPT_NOT_FIT_VALIDATED
DUC-F-07557,p4-4x2,Yellow,#F4EE2A,47,7556,-66.0,-6.0,112.8,90,CONCEPT_NOT_FIT_VALIDATED
DUC-F-07558,p4-4x2,Yellow,#F4EE2A,47,7557,-58.0,-6.0,112.8,90,CONCEPT_NOT_FIT_VALIDATED
DUC-F-07559,p4-4x2,Yellow,#F4EE2A,47,7558,-50.0,-6.0,112.8,90,CONCEPT_NOT_FIT_VALIDATED
DUC-F-07560,p4-4x2,Yellow,#F4EE2A,47,7559,-42.0,-6.0,112.8,90,CONCEPT_NOT_FIT_VALIDATED
DUC-F-07561,p4-4x2,Yellow,#F4EE2A,47,7560,-34.0,-6.0,112.8,90,CONCEPT_NOT_FIT_VALIDATED
DUC-F-07562,p4-4x2,Yellow,#F4EE2A,47,7561,-26.0,-6.0,112.8,90,CONCEPT_NOT_FIT_VALIDATED
DUC-F-07563,p4-4x2,Yellow,#F4EE2A,47,7562,-18.0,-6.0,112.8,90,CONCEPT_NOT_FIT_VALIDATED
DUC-F-07564,p4-4x2,Yellow,#F4EE2A,47,7563,-10.0,-6.0,112.8,90,CONCEPT_NOT_FIT_VALIDATED
DUC-F-07565,p4-4x2,Yellow,#F4EE2A,47,7564,-2.0,-6.0,112.8,90,CONCEPT_NOT_FIT_VALIDATED
DUC-F-07566,p4-4x2,Yellow,#F4EE2A,47,7565,6.0,-6.0,112.8,90,CONCEPT_NOT_FIT_VALIDATED
DUC-F-07567,p4-4x2,Yellow,#F4EE2A,47,7566,14.0,-6.0,112.8,90,CONCEPT_NOT_FIT_VALIDATED
DUC-F-07568,p4-4x2,Yellow,#F4EE2A,47,7567,22.0,-6.0,112.8,90,CONCEPT_NOT_FIT_VALIDATED
DUC-F-07569,p4-4x2,Yellow,#F4EE2A,47,7568,30.0,-6.0,112.8,90,CONCEPT_NOT_FIT_VALIDATED
DUC-F-07570,p4-4x2,Yellow,#F4EE2A,47,7569,38.0,-6.0,112.8,90,CONCEPT_NOT_FIT_VALIDATED
DUC-F-07571,p4-4x2,Yellow,#F4EE2A,47,7570,46.0,-6.0,112.8,90,CONCEPT_NOT_FIT_VALIDATED
DUC-F-07572,p4-4x2,Yellow,#F4EE2A,47,7571,54.0,-6.0,112.8,90,CONCEPT_NOT_FIT_VALIDATED
DUC-F-07573,p4-4x2,Yellow,#F4EE2A,47,7572,62.0,-6.0,112.8,90,CONCEPT_NOT_FIT_VALIDATED
DUC-F-07574,p4-4x1,Yellow,#F4EE2A,47,7573,68.0,-6.0,112.8,90,CONCEPT_NOT_FIT_VALIDATED
DUC-F-07575,p4-2x2,Yellow,#F4EE2A,47,7574,-66.0,6.0,112.8,0,CONCEPT_NOT_FIT_VALIDATED
DUC-F-07576,p4-4x2,Yellow,#F4EE2A,47,7575,-58.0,10.0,112.8,90,CONCEPT_NOT_FIT_VALIDATED
DUC-F-07577,p4-4x2,Yellow,#F4EE2A,47,7576,-50.0,10.0,112.8,90,CONCEPT_NOT_FIT_VALIDATED
DUC-F-07578,p4-4x2,Yellow,#F4EE2A,47,7577,-42.0,10.0,112.8,90,CONCEPT_NOT_FIT_VALIDATED
DUC-F-07579,p4-4x2,Yellow,#F4EE2A,47,7578,-34.0,10.0,112.8,90,CONCEPT_NOT_FIT_VALIDATED
DUC-F-07580,p4-4x2,Yellow,#F4EE2A,47,7579,-26.0,10.0,112.8,90,CONCEPT_NOT_FIT_VALIDATED
DUC-F-07581,p4-4x2,Yellow,#F4EE2A,47,7580,-18.0,10.0,112.8,90,CONCEPT_NOT_FIT_VALIDATED
DUC-F-07582,p4-4x2,Yellow,#F4EE2A,47,7581,-10.0,10.0,112.8,90,CONCEPT_NOT_FIT_VALIDATED
DUC-F-07583,p4-4x2,Yellow,#F4EE2A,47,7582,-2.0,10.0,112.8,90,CONCEPT_NOT_FIT_VALIDATED
DUC-F-07584,p4-4x2,Yellow,#F4EE2A,47,7583,6.0,10.0,112.8,90,CONCEPT_NOT_FIT_VALIDATED
DUC-F-07585,p4-4x2,Yellow,#F4EE2A,47,7584,14.0,10.0,112.8,90,CONCEPT_NOT_FIT_VALIDATED
DUC-F-07586,p4-4x2,Yellow,#F4EE2A,47,7585,22.0,10.0,112.8,90,CONCEPT_NOT_FIT_VALIDATED
DUC-F-07587,p4-4x2,Yellow,#F4EE2A,47,7586,30.0,10.0,112.8,90,CONCEPT_NOT_FIT_VALIDATED
DUC-F-07588,p4-4x2,Yellow,#F4EE2A,47,7587,38.0,10.0,112.8,90,CONCEPT_NOT_FIT_VALIDATED
DUC-F-07589,p4-4x2,Yellow,#F4EE2A,47,7588,46.0,10.0,112.8,90,CONCEPT_NOT_FIT_VALIDATED
DUC-F-07590,p4-4x2,Yellow,#F4EE2A,47,7589,54.0,10.0,112.8,90,CONCEPT_NOT_FIT_VALIDATED
DUC-F-07591,p4-4x2,Yellow,#F4EE2A,47,7590,62.0,10.0,112.8,90,CONCEPT_NOT_FIT_VALIDATED
DUC-F-07592,p4-2x1,Yellow,#F4EE2A,47,7591,68.0,6.0,112.8,90,CONCEPT_NOT_FIT_VALIDATED
DUC-F-07593,p4-2x1,Yellow,#F4EE2A,47,7592,-64.0,14.0,112.8,90,CONCEPT_NOT_FIT_VALIDATED
DUC-F-07595,p4-2x2,Yellow,#F4EE2A,47,7593,-58.0,22.0,112.8,0,CONCEPT_NOT_FIT_VALIDATED
DUC-F-07596,p4-4x2,Yellow,#F4EE2A,47,7594,-50.0,26.0,112.8,90,CONCEPT_NOT_FIT_VALIDATED
DUC-F-07597,p4-4x2,Yellow,#F4EE2A,47,7595,-42.0,26.0,112.8,90,CONCEPT_NOT_FIT_VALIDATED
DUC-F-07598,p4-4x2,Yellow,#F4EE2A,47,7596,-34.0,26.0,112.8,90,CONCEPT_NOT_FIT_VALIDATED
DUC-F-07599,p4-4x2,Yellow,#F4EE2A,47,7597,-26.0,26.0,112.8,90,CONCEPT_NOT_FIT_VALIDATED
DUC-F-07600,p4-4x2,Yellow,#F4EE2A,47,7598,-18.0,26.0,112.8,90,CONCEPT_NOT_FIT_VALIDATED
DUC-F-07601,p4-4x2,Yellow,#F4EE2A,47,7599,-10.0,26.0,112.8,90,CONCEPT_NOT_FIT_VALIDATED
DUC-F-07602,p4-4x2,Yellow,#F4EE2A,47,7600,-2.0,26.0,112.8,90,CONCEPT_NOT_FIT_VALIDATED
DUC-F-07603,p4-4x2,Yellow,#F4EE2A,47,7601,6.0,26.0,112.8,90,CONCEPT_NOT_FIT_VALIDATED
DUC-F-07604,p4-4x2,Yellow,#F4EE2A,47,7602,14.0,26.0,112.8,90,CONCEPT_NOT_FIT_VALIDATED
DUC-F-07605,p4-4x2,Yellow,#F4EE2A,47,7603,22.0,26.0,112.8,90,CONCEPT_NOT_FIT_VALIDATED
DUC-F-07606,p4-4x2,Yellow,#F4EE2A,47,7604,30.0,26.0,112.8,90,CONCEPT_NOT_FIT_VALIDATED
DUC-F-07607,p4-4x2,Yellow,#F4EE2A,47,7605,38.0,26.0,112.8,90,CONCEPT_NOT_FIT_VALIDATED
DUC-F-07608,p4-4x2,Yellow,#F4EE2A,47,7606,46.0,26.0,112.8,90,CONCEPT_NOT_FIT_VALIDATED
DUC-F-07609,p4-4x2,Yellow,#F4EE2A,47,7607,54.0,26.0,112.8,90,CONCEPT_NOT_FIT_VALIDATED
DUC-F-07610,p4-2x1,Yellow,#F4EE2A,47,7608,60.0,22.0,112.8,90,CONCEPT_NOT_FIT_VALIDATED
DUC-F-07612,p4-2x1,Yellow,#F4EE2A,47,7609,-56.0,30.0,112.8,90,CONCEPT_NOT_FIT_VALIDATED
DUC-F-07613,p4-2x1,Yellow,#F4EE2A,47,7610,-50.0,36.0,112.8,0,CONCEPT_NOT_FIT_VALIDATED
DUC-F-07614,p4-3x2,Yellow,#F4EE2A,47,7611,-42.0,40.0,112.8,90,CONCEPT_NOT_FIT_VALIDATED
DUC-F-07615,p4-4x2,Yellow,#F4EE2A,47,7612,-34.0,42.0,112.8,90,CONCEPT_NOT_FIT_VALIDATED
DUC-F-07616,p4-4x2,Yellow,#F4EE2A,47,7613,-26.0,42.0,112.8,90,CONCEPT_NOT_FIT_VALIDATED
DUC-F-07617,p4-4x2,Yellow,#F4EE2A,47,7614,-18.0,42.0,112.8,90,CONCEPT_NOT_FIT_VALIDATED
DUC-F-07618,p4-4x2,Yellow,#F4EE2A,47,7615,-10.0,42.0,112.8,90,CONCEPT_NOT_FIT_VALIDATED
DUC-F-07619,p4-4x2,Yellow,#F4EE2A,47,7616,-2.0,42.0,112.8,90,CONCEPT_NOT_FIT_VALIDATED
DUC-F-07620,p4-4x2,Yellow,#F4EE2A,47,7617,6.0,42.0,112.8,90,CONCEPT_NOT_FIT_VALIDATED
DUC-F-07621,p4-4x2,Yellow,#F4EE2A,47,7618,14.0,42.0,112.8,90,CONCEPT_NOT_FIT_VALIDATED
DUC-F-07622,p4-4x2,Yellow,#F4EE2A,47,7619,22.0,42.0,112.8,90,CONCEPT_NOT_FIT_VALIDATED
DUC-F-07623,p4-4x2,Yellow,#F4EE2A,47,7620,30.0,42.0,112.8,90,CONCEPT_NOT_FIT_VALIDATED
DUC-F-07624,p4-4x2,Yellow,#F4EE2A,47,7621,38.0,42.0,112.8,90,CONCEPT_NOT_FIT_VALIDATED
DUC-F-07625,p4-2x2,Yellow,#F4EE2A,47,7622,46.0,38.0,112.8,0,CONCEPT_NOT_FIT_VALIDATED
DUC-F-07626,p4-1x1,Yellow,#F4EE2A,47,7623,52.0,36.0,112.8,0,CONCEPT_NOT_FIT_VALIDATED
DUC-F-07627,p4-1x1,Yellow,#F4EE2A,47,7624,-48.0,40.0,112.8,0,CONCEPT_NOT_FIT_VALIDATED
DUC-F-07628,p4-1x1,Yellow,#F4EE2A,47,7625,44.0,44.0,112.8,0,CONCEPT_NOT_FIT_VALIDATED
DUC-F-07630,p4-2x1,Yellow,#F4EE2A,47,7626,-26.0,52.0,112.8,0,CONCEPT_NOT_FIT_VALIDATED
DUC-F-07631,p4-2x1,Yellow,#F4EE2A,47,7627,-18.0,52.0,112.8,0,CONCEPT_NOT_FIT_VALIDATED
DUC-F-07632,p4-2x2,Yellow,#F4EE2A,47,7628,-10.0,54.0,112.8,0,CONCEPT_NOT_FIT_VALIDATED
DUC-F-07633,p4-2x2,Yellow,#F4EE2A,47,7629,-2.0,54.0,112.8,0,CONCEPT_NOT_FIT_VALIDATED
DUC-F-07634,p4-2x2,Yellow,#F4EE2A,47,7630,6.0,54.0,112.8,0,CONCEPT_NOT_FIT_VALIDATED
DUC-F-07635,p4-2x2,Yellow,#F4EE2A,47,7631,14.0,54.0,112.8,0,CONCEPT_NOT_FIT_VALIDATED
DUC-F-07636,p4-2x1,Yellow,#F4EE2A,47,7632,22.0,52.0,112.8,0,CONCEPT_NOT_FIT_VALIDATED
DUC-F-07637,p4-1x1,Yellow,#F4EE2A,47,7633,28.0,52.0,112.8,0,CONCEPT_NOT_FIT_VALIDATED
DUC-F-07640,p4-2x1,Yellow,#F4EE2A,48,7634,-68.0,-22.0,115.2,90,CONCEPT_NOT_FIT_VALIDATED
DUC-F-07641,p4-2x1,Yellow,#F4EE2A,48,7635,-68.0,-14.0,115.2,90,CONCEPT_NOT_FIT_VALIDATED
DUC-F-07642,p4-2x1,Yellow,#F4EE2A,48,7636,-68.0,-6.0,115.2,90,CONCEPT_NOT_FIT_VALIDATED
DUC-F-07643,p4-2x1,Yellow,#F4EE2A,48,7637,-68.0,2.0,115.2,90,CONCEPT_NOT_FIT_VALIDATED
DUC-F-07644,p4-1x1,Yellow,#F4EE2A,48,7638,-68.0,8.0,115.2,0,CONCEPT_NOT_FIT_VALIDATED
DUC-F-07645,p4-4x1,Yellow,#F4EE2A,48,7639,-58.0,-36.0,115.2,0,CONCEPT_NOT_FIT_VALIDATED
DUC-F-07646,p4-4x2,Yellow,#F4EE2A,48,7640,-58.0,-30.0,115.2,0,CONCEPT_NOT_FIT_VALIDATED
DUC-F-07647,p4-4x2,Yellow,#F4EE2A,48,7641,-58.0,-22.0,115.2,0,CONCEPT_NOT_FIT_VALIDATED
DUC-F-07648,p4-4x2,Yellow,#F4EE2A,48,7642,-58.0,-14.0,115.2,0,CONCEPT_NOT_FIT_VALIDATED
DUC-F-07649,p4-4x2,Yellow,#F4EE2A,48,7643,-58.0,-6.0,115.2,0,CONCEPT_NOT_FIT_VALIDATED
DUC-F-07650,p4-4x2,Yellow,#F4EE2A,48,7644,-58.0,2.0,115.2,0,CONCEPT_NOT_FIT_VALIDATED
DUC-F-07651,p4-4x2,Yellow,#F4EE2A,48,7645,-58.0,10.0,115.2,0,CONCEPT_NOT_FIT_VALIDATED
DUC-F-07652,p4-4x2,Yellow,#F4EE2A,48,7646,-58.0,18.0,115.2,0,CONCEPT_NOT_FIT_VALIDATED
DUC-F-07594,p4-1x1,Yellow,#F4EE2A,47,7647,-64.0,20.0,112.8,0,CONCEPT_NOT_FIT_VALIDATED
DUC-F-07653,p4-3x1,Yellow,#F4EE2A,48,7648,-56.0,-44.0,115.2,0,CONCEPT_NOT_FIT_VALIDATED
DUC-F-07654,p4-3x1,Yellow,#F4EE2A,48,7649,-56.0,-40.0,115.2,0,CONCEPT_NOT_FIT_VALIDATED
DUC-F-07655,p4-3x2,Yellow,#F4EE2A,48,7650,-56.0,26.0,115.2,0,CONCEPT_NOT_FIT_VALIDATED
DUC-F-07656,p4-2x1,Yellow,#F4EE2A,48,7651,-54.0,-48.0,115.2,0,CONCEPT_NOT_FIT_VALIDATED
DUC-F-07657,p4-2x1,Yellow,#F4EE2A,48,7652,-54.0,32.0,115.2,0,CONCEPT_NOT_FIT_VALIDATED
DUC-F-07658,p4-1x1,Yellow,#F4EE2A,48,7653,-52.0,-52.0,115.2,0,CONCEPT_NOT_FIT_VALIDATED
DUC-F-07659,p4-1x1,Yellow,#F4EE2A,48,7654,-52.0,36.0,115.2,0,CONCEPT_NOT_FIT_VALIDATED
DUC-F-07660,p4-4x2,Yellow,#F4EE2A,48,7655,-42.0,-54.0,115.2,0,CONCEPT_NOT_FIT_VALIDATED
DUC-F-07661,p4-4x2,Yellow,#F4EE2A,48,7656,-42.0,-46.0,115.2,0,CONCEPT_NOT_FIT_VALIDATED
DUC-F-07662,p4-4x2,Yellow,#F4EE2A,48,7657,-42.0,-38.0,115.2,0,CONCEPT_NOT_FIT_VALIDATED
DUC-F-07663,p4-4x2,Yellow,#F4EE2A,48,7658,-42.0,-30.0,115.2,0,CONCEPT_NOT_FIT_VALIDATED
DUC-F-07664,p4-4x2,Yellow,#F4EE2A,48,7659,-42.0,-22.0,115.2,0,CONCEPT_NOT_FIT_VALIDATED
DUC-F-07665,p4-4x2,Yellow,#F4EE2A,48,7660,-42.0,-14.0,115.2,0,CONCEPT_NOT_FIT_VALIDATED
DUC-F-07666,p4-4x2,Yellow,#F4EE2A,48,7661,-42.0,-6.0,115.2,0,CONCEPT_NOT_FIT_VALIDATED
DUC-F-07667,p4-4x2,Yellow,#F4EE2A,48,7662,-42.0,2.0,115.2,0,CONCEPT_NOT_FIT_VALIDATED
DUC-F-07668,p4-4x2,Yellow,#F4EE2A,48,7663,-42.0,10.0,115.2,0,CONCEPT_NOT_FIT_VALIDATED
DUC-F-07669,p4-4x2,Yellow,#F4EE2A,48,7664,-42.0,18.0,115.2,0,CONCEPT_NOT_FIT_VALIDATED
DUC-F-07670,p4-4x2,Yellow,#F4EE2A,48,7665,-42.0,26.0,115.2,0,CONCEPT_NOT_FIT_VALIDATED
DUC-F-07671,p4-4x2,Yellow,#F4EE2A,48,7666,-42.0,34.0,115.2,0,CONCEPT_NOT_FIT_VALIDATED
DUC-F-07672,p4-4x1,Yellow,#F4EE2A,48,7667,-42.0,40.0,115.2,0,CONCEPT_NOT_FIT_VALIDATED
DUC-F-07673,p4-3x1,Yellow,#F4EE2A,48,7668,-40.0,44.0,115.2,0,CONCEPT_NOT_FIT_VALIDATED
DUC-F-07674,p4-1x1,Black,#000000,48,7669,-40.0,-60.0,115.2,0,CONCEPT_NOT_FIT_VALIDATED
DUC-F-07675,p4-2x1,Yellow,#F4EE2A,48,7670,-38.0,48.0,115.2,0,CONCEPT_NOT_FIT_VALIDATED
DUC-F-07629,p4-1x1,Yellow,#F4EE2A,47,7671,-40.0,48.0,112.8,0,CONCEPT_NOT_FIT_VALIDATED
DUC-F-07676,p4-1x1,Black,#000000,48,7672,-36.0,-64.0,115.2,0,CONCEPT_NOT_FIT_VALIDATED
DUC-F-07677,p4-1x1,Yellow,#F4EE2A,48,7673,-36.0,-60.0,115.2,0,CONCEPT_NOT_FIT_VALIDATED
DUC-F-07678,p4-4x2,Yellow,#F4EE2A,48,7674,-26.0,-62.0,115.2,0,CONCEPT_NOT_FIT_VALIDATED
DUC-F-07679,p4-4x2,Yellow,#F4EE2A,48,7675,-26.0,-54.0,115.2,0,CONCEPT_NOT_FIT_VALIDATED
DUC-F-07680,p4-4x2,Yellow,#F4EE2A,48,7676,-26.0,-46.0,115.2,0,CONCEPT_NOT_FIT_VALIDATED
DUC-F-07681,p4-4x2,Yellow,#F4EE2A,48,7677,-26.0,-38.0,115.2,0,CONCEPT_NOT_FIT_VALIDATED
DUC-F-07682,p4-4x2,Yellow,#F4EE2A,48,7678,-26.0,-30.0,115.2,0,CONCEPT_NOT_FIT_VALIDATED
DUC-F-07683,p4-4x2,Yellow,#F4EE2A,48,7679,-26.0,-22.0,115.2,0,CONCEPT_NOT_FIT_VALIDATED
DUC-F-07684,p4-4x2,Yellow,#F4EE2A,48,7680,-26.0,-14.0,115.2,0,CONCEPT_NOT_FIT_VALIDATED
DUC-F-07685,p4-4x2,Yellow,#F4EE2A,48,7681,-26.0,-6.0,115.2,0,CONCEPT_NOT_FIT_VALIDATED
DUC-F-07686,p4-4x2,Yellow,#F4EE2A,48,7682,-26.0,2.0,115.2,0,CONCEPT_NOT_FIT_VALIDATED
DUC-F-07687,p4-4x2,Yellow,#F4EE2A,48,7683,-26.0,10.0,115.2,0,CONCEPT_NOT_FIT_VALIDATED
DUC-F-07688,p4-4x2,Yellow,#F4EE2A,48,7684,-26.0,18.0,115.2,0,CONCEPT_NOT_FIT_VALIDATED
DUC-F-07689,p4-4x2,Yellow,#F4EE2A,48,7685,-26.0,26.0,115.2,0,CONCEPT_NOT_FIT_VALIDATED
DUC-F-07690,p4-4x2,Yellow,#F4EE2A,48,7686,-26.0,34.0,115.2,0,CONCEPT_NOT_FIT_VALIDATED
DUC-F-07691,p4-4x2,Yellow,#F4EE2A,48,7687,-26.0,42.0,115.2,0,CONCEPT_NOT_FIT_VALIDATED
DUC-F-07692,p4-4x2,Yellow,#F4EE2A,48,7688,-26.0,50.0,115.2,0,CONCEPT_NOT_FIT_VALIDATED
DUC-F-07693,p4-3x1,Yellow,#F4EE2A,48,7689,-24.0,-68.0,115.2,0,CONCEPT_NOT_FIT_VALIDATED
DUC-F-07694,p4-1x1,Yellow,#F4EE2A,48,7690,-20.0,-72.0,115.2,0,CONCEPT_NOT_FIT_VALIDATED
DUC-F-07696,p4-4x2,Yellow,#F4EE2A,48,7691,-10.0,-70.0,115.2,0,CONCEPT_NOT_FIT_VALIDATED
DUC-F-07697,p4-4x2,Yellow,#F4EE2A,48,7692,-10.0,-62.0,115.2,0,CONCEPT_NOT_FIT_VALIDATED
DUC-F-07698,p4-4x2,Yellow,#F4EE2A,48,7693,-10.0,-54.0,115.2,0,CONCEPT_NOT_FIT_VALIDATED
DUC-F-07699,p4-4x2,Yellow,#F4EE2A,48,7694,-10.0,-46.0,115.2,0,CONCEPT_NOT_FIT_VALIDATED
DUC-F-07700,p4-4x2,Yellow,#F4EE2A,48,7695,-10.0,-38.0,115.2,0,CONCEPT_NOT_FIT_VALIDATED
DUC-F-07701,p4-4x2,Yellow,#F4EE2A,48,7696,-10.0,-30.0,115.2,0,CONCEPT_NOT_FIT_VALIDATED
DUC-F-07702,p4-4x2,Yellow,#F4EE2A,48,7697,-10.0,-22.0,115.2,0,CONCEPT_NOT_FIT_VALIDATED
DUC-F-07703,p4-4x2,Yellow,#F4EE2A,48,7698,-10.0,-14.0,115.2,0,CONCEPT_NOT_FIT_VALIDATED
DUC-F-07704,p4-4x2,Yellow,#F4EE2A,48,7699,-10.0,-6.0,115.2,0,CONCEPT_NOT_FIT_VALIDATED
DUC-F-07705,p4-4x2,Yellow,#F4EE2A,48,7700,-10.0,2.0,115.2,0,CONCEPT_NOT_FIT_VALIDATED
DUC-F-07706,p4-4x2,Yellow,#F4EE2A,48,7701,-10.0,10.0,115.2,0,CONCEPT_NOT_FIT_VALIDATED
DUC-F-07707,p4-4x2,Yellow,#F4EE2A,48,7702,-10.0,18.0,115.2,0,CONCEPT_NOT_FIT_VALIDATED
DUC-F-07708,p4-4x2,Yellow,#F4EE2A,48,7703,-10.0,26.0,115.2,0,CONCEPT_NOT_FIT_VALIDATED
DUC-F-07709,p4-4x2,Yellow,#F4EE2A,48,7704,-10.0,34.0,115.2,0,CONCEPT_NOT_FIT_VALIDATED
DUC-F-07710,p4-4x2,Yellow,#F4EE2A,48,7705,-10.0,42.0,115.2,0,CONCEPT_NOT_FIT_VALIDATED
DUC-F-07711,p4-4x2,Yellow,#F4EE2A,48,7706,-10.0,50.0,115.2,0,CONCEPT_NOT_FIT_VALIDATED
DUC-F-07712,p4-4x1,Yellow,#F4EE2A,48,7707,-10.0,56.0,115.2,0,CONCEPT_NOT_FIT_VALIDATED
DUC-F-07638,p4-1x1,Yellow,#F4EE2A,47,7708,-16.0,56.0,112.8,0,CONCEPT_NOT_FIT_VALIDATED
DUC-F-07396,p4-1x1,Yellow,#F4EE2A,46,7709,-16.0,56.0,110.4,0,CONCEPT_NOT_FIT_VALIDATED
DUC-F-07713,p4-4x2,Yellow,#F4EE2A,48,7710,6.0,-70.0,115.2,0,CONCEPT_NOT_FIT_VALIDATED
DUC-F-07714,p4-4x2,Yellow,#F4EE2A,48,7711,6.0,-62.0,115.2,0,CONCEPT_NOT_FIT_VALIDATED
DUC-F-07715,p4-4x2,Yellow,#F4EE2A,48,7712,6.0,-54.0,115.2,0,CONCEPT_NOT_FIT_VALIDATED
DUC-F-07716,p4-4x2,Yellow,#F4EE2A,48,7713,6.0,-46.0,115.2,0,CONCEPT_NOT_FIT_VALIDATED
DUC-F-07717,p4-4x2,Yellow,#F4EE2A,48,7714,6.0,-38.0,115.2,0,CONCEPT_NOT_FIT_VALIDATED
DUC-F-07718,p4-4x2,Yellow,#F4EE2A,48,7715,6.0,-30.0,115.2,0,CONCEPT_NOT_FIT_VALIDATED
DUC-F-07719,p4-4x2,Yellow,#F4EE2A,48,7716,6.0,-22.0,115.2,0,CONCEPT_NOT_FIT_VALIDATED
DUC-F-07720,p4-4x2,Yellow,#F4EE2A,48,7717,6.0,-14.0,115.2,0,CONCEPT_NOT_FIT_VALIDATED
DUC-F-07721,p4-4x2,Yellow,#F4EE2A,48,7718,6.0,-6.0,115.2,0,CONCEPT_NOT_FIT_VALIDATED
DUC-F-07722,p4-4x2,Yellow,#F4EE2A,48,7719,6.0,2.0,115.2,0,CONCEPT_NOT_FIT_VALIDATED
DUC-F-07723,p4-4x2,Yellow,#F4EE2A,48,7720,6.0,10.0,115.2,0,CONCEPT_NOT_FIT_VALIDATED
DUC-F-07724,p4-4x2,Yellow,#F4EE2A,48,7721,6.0,18.0,115.2,0,CONCEPT_NOT_FIT_VALIDATED
DUC-F-07725,p4-4x2,Yellow,#F4EE2A,48,7722,6.0,26.0,115.2,0,CONCEPT_NOT_FIT_VALIDATED
DUC-F-07726,p4-4x2,Yellow,#F4EE2A,48,7723,6.0,34.0,115.2,0,CONCEPT_NOT_FIT_VALIDATED
DUC-F-07727,p4-4x2,Yellow,#F4EE2A,48,7724,6.0,42.0,115.2,0,CONCEPT_NOT_FIT_VALIDATED
DUC-F-07728,p4-4x2,Yellow,#F4EE2A,48,7725,6.0,50.0,115.2,0,CONCEPT_NOT_FIT_VALIDATED
DUC-F-07729,p4-4x1,Yellow,#F4EE2A,48,7726,6.0,56.0,115.2,0,CONCEPT_NOT_FIT_VALIDATED
DUC-F-07730,p4-2x2,Yellow,#F4EE2A,48,7727,18.0,-70.0,115.2,0,CONCEPT_NOT_FIT_VALIDATED
DUC-F-07731,p4-4x2,Yellow,#F4EE2A,48,7728,22.0,-62.0,115.2,0,CONCEPT_NOT_FIT_VALIDATED
DUC-F-07732,p4-4x2,Yellow,#F4EE2A,48,7729,22.0,-54.0,115.2,0,CONCEPT_NOT_FIT_VALIDATED
DUC-F-07733,p4-4x2,Yellow,#F4EE2A,48,7730,22.0,-46.0,115.2,0,CONCEPT_NOT_FIT_VALIDATED
DUC-F-07734,p4-4x2,Yellow,#F4EE2A,48,7731,22.0,-38.0,115.2,0,CONCEPT_NOT_FIT_VALIDATED
DUC-F-07735,p4-4x2,Yellow,#F4EE2A,48,7732,22.0,-30.0,115.2,0,CONCEPT_NOT_FIT_VALIDATED
DUC-F-07736,p4-4x2,Yellow,#F4EE2A,48,7733,22.0,-22.0,115.2,0,CONCEPT_NOT_FIT_VALIDATED
DUC-F-07737,p4-4x2,Yellow,#F4EE2A,48,7734,22.0,-14.0,115.2,0,CONCEPT_NOT_FIT_VALIDATED
DUC-F-07738,p4-4x2,Yellow,#F4EE2A,48,7735,22.0,-6.0,115.2,0,CONCEPT_NOT_FIT_VALIDATED
DUC-F-07739,p4-4x2,Yellow,#F4EE2A,48,7736,22.0,2.0,115.2,0,CONCEPT_NOT_FIT_VALIDATED
DUC-F-07740,p4-4x2,Yellow,#F4EE2A,48,7737,22.0,10.0,115.2,0,CONCEPT_NOT_FIT_VALIDATED
DUC-F-07741,p4-4x2,Yellow,#F4EE2A,48,7738,22.0,18.0,115.2,0,CONCEPT_NOT_FIT_VALIDATED
DUC-F-07742,p4-4x2,Yellow,#F4EE2A,48,7739,22.0,26.0,115.2,0,CONCEPT_NOT_FIT_VALIDATED
DUC-F-07743,p4-4x2,Yellow,#F4EE2A,48,7740,22.0,34.0,115.2,0,CONCEPT_NOT_FIT_VALIDATED
DUC-F-07744,p4-4x2,Yellow,#F4EE2A,48,7741,22.0,42.0,115.2,0,CONCEPT_NOT_FIT_VALIDATED
DUC-F-07745,p4-4x2,Yellow,#F4EE2A,48,7742,22.0,50.0,115.2,0,CONCEPT_NOT_FIT_VALIDATED
DUC-F-07746,p4-2x1,Yellow,#F4EE2A,48,7743,18.0,56.0,115.2,0,CONCEPT_NOT_FIT_VALIDATED
DUC-F-07747,p4-2x1,Yellow,#F4EE2A,48,7744,26.0,-68.0,115.2,0,CONCEPT_NOT_FIT_VALIDATED
DUC-F-07748,p4-2x1,Yellow,#F4EE2A,48,7745,32.0,-62.0,115.2,90,CONCEPT_NOT_FIT_VALIDATED
DUC-F-07749,p4-4x2,Yellow,#F4EE2A,48,7746,38.0,-54.0,115.2,0,CONCEPT_NOT_FIT_VALIDATED
DUC-F-07750,p4-4x2,Yellow,#F4EE2A,48,7747,38.0,-46.0,115.2,0,CONCEPT_NOT_FIT_VALIDATED
DUC-F-07751,p4-4x2,Yellow,#F4EE2A,48,7748,38.0,-38.0,115.2,0,CONCEPT_NOT_FIT_VALIDATED
DUC-F-07752,p4-4x2,Yellow,#F4EE2A,48,7749,38.0,-30.0,115.2,0,CONCEPT_NOT_FIT_VALIDATED
DUC-F-07753,p4-4x2,Yellow,#F4EE2A,48,7750,38.0,-22.0,115.2,0,CONCEPT_NOT_FIT_VALIDATED
DUC-F-07754,p4-4x2,Yellow,#F4EE2A,48,7751,38.0,-14.0,115.2,0,CONCEPT_NOT_FIT_VALIDATED
DUC-F-07755,p4-4x2,Yellow,#F4EE2A,48,7752,38.0,-6.0,115.2,0,CONCEPT_NOT_FIT_VALIDATED
DUC-F-07756,p4-4x2,Yellow,#F4EE2A,48,7753,38.0,2.0,115.2,0,CONCEPT_NOT_FIT_VALIDATED
DUC-F-07757,p4-4x2,Yellow,#F4EE2A,48,7754,38.0,10.0,115.2,0,CONCEPT_NOT_FIT_VALIDATED
DUC-F-07758,p4-4x2,Yellow,#F4EE2A,48,7755,38.0,18.0,115.2,0,CONCEPT_NOT_FIT_VALIDATED
DUC-F-07759,p4-4x2,Yellow,#F4EE2A,48,7756,38.0,26.0,115.2,0,CONCEPT_NOT_FIT_VALIDATED
DUC-F-07760,p4-4x2,Yellow,#F4EE2A,48,7757,38.0,34.0,115.2,0,CONCEPT_NOT_FIT_VALIDATED
DUC-F-07761,p4-4x2,Yellow,#F4EE2A,48,7758,38.0,42.0,115.2,0,CONCEPT_NOT_FIT_VALIDATED
DUC-F-07762,p4-3x1,Yellow,#F4EE2A,48,7759,36.0,48.0,115.2,0,CONCEPT_NOT_FIT_VALIDATED
DUC-F-07764,p4-1x1,Black,#000000,48,7760,36.0,-64.0,115.2,0,CONCEPT_NOT_FIT_VALIDATED
DUC-F-07765,p4-1x1,Yellow,#F4EE2A,48,7761,36.0,-60.0,115.2,0,CONCEPT_NOT_FIT_VALIDATED
DUC-F-07766,p4-1x1,Black,#000000,48,7762,40.0,-60.0,115.2,0,CONCEPT_NOT_FIT_VALIDATED
DUC-F-07767,p4-2x1,Yellow,#F4EE2A,48,7763,48.0,-54.0,115.2,90,CONCEPT_NOT_FIT_VALIDATED
DUC-F-07768,p4-3x2,Yellow,#F4EE2A,48,7764,52.0,-46.0,115.2,0,CONCEPT_NOT_FIT_VALIDATED
DUC-F-07769,p4-4x2,Yellow,#F4EE2A,48,7765,54.0,-38.0,115.2,0,CONCEPT_NOT_FIT_VALIDATED
DUC-F-07770,p4-4x2,Yellow,#F4EE2A,48,7766,54.0,-30.0,115.2,0,CONCEPT_NOT_FIT_VALIDATED
DUC-F-07771,p4-4x2,Yellow,#F4EE2A,48,7767,54.0,-22.0,115.2,0,CONCEPT_NOT_FIT_VALIDATED
DUC-F-07772,p4-4x2,Yellow,#F4EE2A,48,7768,54.0,-14.0,115.2,0,CONCEPT_NOT_FIT_VALIDATED
DUC-F-07773,p4-4x2,Yellow,#F4EE2A,48,7769,54.0,-6.0,115.2,0,CONCEPT_NOT_FIT_VALIDATED
DUC-F-07774,p4-4x2,Yellow,#F4EE2A,48,7770,54.0,2.0,115.2,0,CONCEPT_NOT_FIT_VALIDATED
DUC-F-07775,p4-4x2,Yellow,#F4EE2A,48,7771,54.0,10.0,115.2,0,CONCEPT_NOT_FIT_VALIDATED
DUC-F-07776,p4-4x2,Yellow,#F4EE2A,48,7772,54.0,18.0,115.2,0,CONCEPT_NOT_FIT_VALIDATED
DUC-F-07777,p4-3x2,Yellow,#F4EE2A,48,7773,52.0,26.0,115.2,0,CONCEPT_NOT_FIT_VALIDATED
DUC-F-07778,p4-2x2,Yellow,#F4EE2A,48,7774,50.0,34.0,115.2,0,CONCEPT_NOT_FIT_VALIDATED
DUC-F-07779,p4-1x1,Yellow,#F4EE2A,48,7775,48.0,40.0,115.2,0,CONCEPT_NOT_FIT_VALIDATED
DUC-F-07780,p4-1x1,Yellow,#F4EE2A,48,7776,52.0,-52.0,115.2,0,CONCEPT_NOT_FIT_VALIDATED
DUC-F-07781,p4-1x1,Yellow,#F4EE2A,48,7777,56.0,32.0,115.2,0,CONCEPT_NOT_FIT_VALIDATED
DUC-F-07782,p4-1x1,Yellow,#F4EE2A,48,7778,60.0,-44.0,115.2,0,CONCEPT_NOT_FIT_VALIDATED
DUC-F-07783,p4-1x1,Yellow,#F4EE2A,48,7779,60.0,24.0,115.2,0,CONCEPT_NOT_FIT_VALIDATED
DUC-F-07784,p4-1x1,Yellow,#F4EE2A,48,7780,64.0,-36.0,115.2,0,CONCEPT_NOT_FIT_VALIDATED
DUC-F-07785,p4-2x1,Yellow,#F4EE2A,48,7781,64.0,-30.0,115.2,90,CONCEPT_NOT_FIT_VALIDATED
DUC-F-07786,p4-2x2,Yellow,#F4EE2A,48,7782,66.0,-22.0,115.2,0,CONCEPT_NOT_FIT_VALIDATED
DUC-F-07787,p4-2x2,Yellow,#F4EE2A,48,7783,66.0,-14.0,115.2,0,CONCEPT_NOT_FIT_VALIDATED
DUC-F-07788,p4-2x2,Yellow,#F4EE2A,48,7784,66.0,-6.0,115.2,0,CONCEPT_NOT_FIT_VALIDATED
DUC-F-07789,p4-2x2,Yellow,#F4EE2A,48,7785,66.0,2.0,115.2,0,CONCEPT_NOT_FIT_VALIDATED
DUC-F-07790,p4-2x1,Yellow,#F4EE2A,48,7786,66.0,8.0,115.2,0,CONCEPT_NOT_FIT_VALIDATED
DUC-F-07791,p4-1x1,Yellow,#F4EE2A,48,7787,64.0,12.0,115.2,0,CONCEPT_NOT_FIT_VALIDATED
DUC-F-07792,p4-2x1,Yellow,#F4EE2A,48,7788,64.0,18.0,115.2,90,CONCEPT_NOT_FIT_VALIDATED
DUC-F-07611,p4-1x1,Yellow,#F4EE2A,47,7789,64.0,20.0,112.8,0,CONCEPT_NOT_FIT_VALIDATED
DUC-F-07794,p4-2x1,Yellow,#F4EE2A,49,7790,-20.0,-70.0,117.6,90,CONCEPT_NOT_FIT_VALIDATED
DUC-F-07795,p4-2x2,Yellow,#F4EE2A,49,7791,-14.0,-70.0,117.6,0,CONCEPT_NOT_FIT_VALIDATED
DUC-F-07796,p4-2x2,Yellow,#F4EE2A,49,7792,-6.0,-70.0,117.6,0,CONCEPT_NOT_FIT_VALIDATED
DUC-F-07797,p4-2x2,Yellow,#F4EE2A,49,7793,2.0,-70.0,117.6,0,CONCEPT_NOT_FIT_VALIDATED
DUC-F-07798,p4-2x2,Yellow,#F4EE2A,49,7794,10.0,-70.0,117.6,0,CONCEPT_NOT_FIT_VALIDATED
DUC-F-07799,p4-2x2,Yellow,#F4EE2A,49,7795,18.0,-70.0,117.6,0,CONCEPT_NOT_FIT_VALIDATED
DUC-F-07800,p4-1x1,Yellow,#F4EE2A,49,7796,-28.0,-68.0,117.6,0,CONCEPT_NOT_FIT_VALIDATED
DUC-F-07801,p4-1x1,Yellow,#F4EE2A,49,7797,-24.0,-68.0,117.6,0,CONCEPT_NOT_FIT_VALIDATED
DUC-F-07802,p4-2x1,Yellow,#F4EE2A,49,7798,26.0,-68.0,117.6,0,CONCEPT_NOT_FIT_VALIDATED
DUC-F-07803,p4-4x1,Yellow,#F4EE2A,49,7799,-36.0,-58.0,117.6,90,CONCEPT_NOT_FIT_VALIDATED
DUC-F-07804,p4-4x2,Yellow,#F4EE2A,49,7800,-30.0,-58.0,117.6,90,CONCEPT_NOT_FIT_VALIDATED
DUC-F-07805,p4-4x2,Yellow,#F4EE2A,49,7801,-22.0,-58.0,117.6,90,CONCEPT_NOT_FIT_VALIDATED
DUC-F-07806,p4-4x2,Yellow,#F4EE2A,49,7802,-14.0,-58.0,117.6,90,CONCEPT_NOT_FIT_VALIDATED
DUC-F-07807,p4-4x2,Yellow,#F4EE2A,49,7803,-6.0,-58.0,117.6,90,CONCEPT_NOT_FIT_VALIDATED
DUC-F-07808,p4-4x2,Yellow,#F4EE2A,49,7804,2.0,-58.0,117.6,90,CONCEPT_NOT_FIT_VALIDATED
DUC-F-07809,p4-4x2,Yellow,#F4EE2A,49,7805,10.0,-58.0,117.6,90,CONCEPT_NOT_FIT_VALIDATED
DUC-F-07810,p4-4x2,Yellow,#F4EE2A,49,7806,18.0,-58.0,117.6,90,CONCEPT_NOT_FIT_VALIDATED
DUC-F-07811,p4-4x2,Yellow,#F4EE2A,49,7807,26.0,-58.0,117.6,90,CONCEPT_NOT_FIT_VALIDATED
DUC-F-07812,p4-4x2,Yellow,#F4EE2A,49,7808,34.0,-58.0,117.6,90,CONCEPT_NOT_FIT_VALIDATED
DUC-F-07813,p4-3x1,Yellow,#F4EE2A,49,7809,-44.0,-56.0,117.6,90,CONCEPT_NOT_FIT_VALIDATED
DUC-F-07814,p4-3x1,Yellow,#F4EE2A,49,7810,-40.0,-56.0,117.6,90,CONCEPT_NOT_FIT_VALIDATED
DUC-F-07815,p4-3x2,Yellow,#F4EE2A,49,7811,42.0,-56.0,117.6,90,CONCEPT_NOT_FIT_VALIDATED
DUC-F-07816,p4-2x1,Yellow,#F4EE2A,49,7812,-48.0,-54.0,117.6,90,CONCEPT_NOT_FIT_VALIDATED
DUC-F-07817,p4-2x1,Yellow,#F4EE2A,49,7813,48.0,-54.0,117.6,90,CONCEPT_NOT_FIT_VALIDATED
DUC-F-07818,p4-1x1,Yellow,#F4EE2A,49,7814,-52.0,-52.0,117.6,0,CONCEPT_NOT_FIT_VALIDATED
DUC-F-07819,p4-1x1,Yellow,#F4EE2A,49,7815,52.0,-52.0,117.6,0,CONCEPT_NOT_FIT_VALIDATED
DUC-F-07820,p4-4x2,Yellow,#F4EE2A,49,7816,-54.0,-42.0,117.6,90,CONCEPT_NOT_FIT_VALIDATED
DUC-F-07821,p4-4x2,Yellow,#F4EE2A,49,7817,-46.0,-42.0,117.6,90,CONCEPT_NOT_FIT_VALIDATED
DUC-F-07822,p4-4x2,Yellow,#F4EE2A,49,7818,-38.0,-42.0,117.6,90,CONCEPT_NOT_FIT_VALIDATED
DUC-F-07823,p4-4x2,Yellow,#F4EE2A,49,7819,-30.0,-42.0,117.6,90,CONCEPT_NOT_FIT_VALIDATED
DUC-F-07824,p4-4x2,Yellow,#F4EE2A,49,7820,-22.0,-42.0,117.6,90,CONCEPT_NOT_FIT_VALIDATED
DUC-F-07825,p4-4x2,Yellow,#F4EE2A,49,7821,-14.0,-42.0,117.6,90,CONCEPT_NOT_FIT_VALIDATED
DUC-F-07826,p4-4x2,Yellow,#F4EE2A,49,7822,-6.0,-42.0,117.6,90,CONCEPT_NOT_FIT_VALIDATED
DUC-F-07827,p4-4x2,Yellow,#F4EE2A,49,7823,2.0,-42.0,117.6,90,CONCEPT_NOT_FIT_VALIDATED
DUC-F-07828,p4-4x2,Yellow,#F4EE2A,49,7824,10.0,-42.0,117.6,90,CONCEPT_NOT_FIT_VALIDATED
DUC-F-07829,p4-4x2,Yellow,#F4EE2A,49,7825,18.0,-42.0,117.6,90,CONCEPT_NOT_FIT_VALIDATED
DUC-F-07830,p4-4x2,Yellow,#F4EE2A,49,7826,26.0,-42.0,117.6,90,CONCEPT_NOT_FIT_VALIDATED
DUC-F-07831,p4-4x2,Yellow,#F4EE2A,49,7827,34.0,-42.0,117.6,90,CONCEPT_NOT_FIT_VALIDATED
DUC-F-07832,p4-4x2,Yellow,#F4EE2A,49,7828,42.0,-42.0,117.6,90,CONCEPT_NOT_FIT_VALIDATED
DUC-F-07833,p4-4x2,Yellow,#F4EE2A,49,7829,50.0,-42.0,117.6,90,CONCEPT_NOT_FIT_VALIDATED
DUC-F-07834,p4-4x1,Yellow,#F4EE2A,49,7830,56.0,-42.0,117.6,90,CONCEPT_NOT_FIT_VALIDATED
DUC-F-07835,p4-3x1,Yellow,#F4EE2A,49,7831,-60.0,-40.0,117.6,90,CONCEPT_NOT_FIT_VALIDATED
DUC-F-07836,p4-3x1,Yellow,#F4EE2A,49,7832,60.0,-40.0,117.6,90,CONCEPT_NOT_FIT_VALIDATED
DUC-F-07837,p4-1x1,Yellow,#F4EE2A,49,7833,-64.0,-36.0,117.6,0,CONCEPT_NOT_FIT_VALIDATED
DUC-F-07838,p4-1x1,Yellow,#F4EE2A,49,7834,64.0,-36.0,117.6,0,CONCEPT_NOT_FIT_VALIDATED
DUC-F-07839,p4-4x2,Yellow,#F4EE2A,49,7835,-62.0,-26.0,117.6,90,CONCEPT_NOT_FIT_VALIDATED
DUC-F-07840,p4-4x2,Yellow,#F4EE2A,49,7836,-54.0,-26.0,117.6,90,CONCEPT_NOT_FIT_VALIDATED
DUC-F-07841,p4-4x2,Yellow,#F4EE2A,49,7837,-46.0,-26.0,117.6,90,CONCEPT_NOT_FIT_VALIDATED
DUC-F-07842,p4-4x2,Yellow,#F4EE2A,49,7838,-38.0,-26.0,117.6,90,CONCEPT_NOT_FIT_VALIDATED
DUC-F-07843,p4-4x2,Yellow,#F4EE2A,49,7839,-30.0,-26.0,117.6,90,CONCEPT_NOT_FIT_VALIDATED
DUC-F-07844,p4-4x2,Yellow,#F4EE2A,49,7840,-22.0,-26.0,117.6,90,CONCEPT_NOT_FIT_VALIDATED
DUC-F-07845,p4-4x2,Yellow,#F4EE2A,49,7841,-14.0,-26.0,117.6,90,CONCEPT_NOT_FIT_VALIDATED
DUC-F-07846,p4-4x2,Yellow,#F4EE2A,49,7842,-6.0,-26.0,117.6,90,CONCEPT_NOT_FIT_VALIDATED
DUC-F-07847,p4-4x2,Yellow,#F4EE2A,49,7843,2.0,-26.0,117.6,90,CONCEPT_NOT_FIT_VALIDATED
DUC-F-07848,p4-4x2,Yellow,#F4EE2A,49,7844,10.0,-26.0,117.6,90,CONCEPT_NOT_FIT_VALIDATED
DUC-F-07849,p4-4x2,Yellow,#F4EE2A,49,7845,18.0,-26.0,117.6,90,CONCEPT_NOT_FIT_VALIDATED
DUC-F-07850,p4-4x2,Yellow,#F4EE2A,49,7846,26.0,-26.0,117.6,90,CONCEPT_NOT_FIT_VALIDATED
DUC-F-07851,p4-4x2,Yellow,#F4EE2A,49,7847,34.0,-26.0,117.6,90,CONCEPT_NOT_FIT_VALIDATED
DUC-F-07852,p4-4x2,Yellow,#F4EE2A,49,7848,42.0,-26.0,117.6,90,CONCEPT_NOT_FIT_VALIDATED
DUC-F-07853,p4-4x2,Yellow,#F4EE2A,49,7849,50.0,-26.0,117.6,90,CONCEPT_NOT_FIT_VALIDATED
DUC-F-07854,p4-4x2,Yellow,#F4EE2A,49,7850,58.0,-26.0,117.6,90,CONCEPT_NOT_FIT_VALIDATED
DUC-F-07855,p4-4x1,Yellow,#F4EE2A,49,7851,64.0,-26.0,117.6,90,CONCEPT_NOT_FIT_VALIDATED
DUC-F-07856,p4-3x1,Yellow,#F4EE2A,49,7852,-68.0,-24.0,117.6,90,CONCEPT_NOT_FIT_VALIDATED
DUC-F-07639,p4-1x1,Yellow,#F4EE2A,48,7853,-68.0,-28.0,115.2,0,CONCEPT_NOT_FIT_VALIDATED
DUC-F-07857,p4-3x1,Yellow,#F4EE2A,49,7854,68.0,-24.0,117.6,90,CONCEPT_NOT_FIT_VALIDATED
DUC-F-07793,p4-1x1,Yellow,#F4EE2A,48,7855,68.0,-28.0,115.2,0,CONCEPT_NOT_FIT_VALIDATED
DUC-F-07858,p4-4x1,Yellow,#F4EE2A,49,7856,-68.0,-10.0,117.6,90,CONCEPT_NOT_FIT_VALIDATED
DUC-F-07859,p4-4x2,Yellow,#F4EE2A,49,7857,-62.0,-10.0,117.6,90,CONCEPT_NOT_FIT_VALIDATED
DUC-F-07860,p4-4x2,Yellow,#F4EE2A,49,7858,-54.0,-10.0,117.6,90,CONCEPT_NOT_FIT_VALIDATED
DUC-F-07861,p4-4x2,Yellow,#F4EE2A,49,7859,-46.0,-10.0,117.6,90,CONCEPT_NOT_FIT_VALIDATED
DUC-F-07862,p4-4x2,Yellow,#F4EE2A,49,7860,-38.0,-10.0,117.6,90,CONCEPT_NOT_FIT_VALIDATED
DUC-F-07863,p4-4x2,Yellow,#F4EE2A,49,7861,-30.0,-10.0,117.6,90,CONCEPT_NOT_FIT_VALIDATED
DUC-F-07864,p4-4x2,Yellow,#F4EE2A,49,7862,-22.0,-10.0,117.6,90,CONCEPT_NOT_FIT_VALIDATED
DUC-F-07865,p4-4x2,Yellow,#F4EE2A,49,7863,-14.0,-10.0,117.6,90,CONCEPT_NOT_FIT_VALIDATED
DUC-F-07866,p4-4x2,Yellow,#F4EE2A,49,7864,-6.0,-10.0,117.6,90,CONCEPT_NOT_FIT_VALIDATED
DUC-F-07867,p4-4x2,Yellow,#F4EE2A,49,7865,2.0,-10.0,117.6,90,CONCEPT_NOT_FIT_VALIDATED
DUC-F-07868,p4-4x2,Yellow,#F4EE2A,49,7866,10.0,-10.0,117.6,90,CONCEPT_NOT_FIT_VALIDATED
DUC-F-07869,p4-4x2,Yellow,#F4EE2A,49,7867,18.0,-10.0,117.6,90,CONCEPT_NOT_FIT_VALIDATED
DUC-F-07870,p4-4x2,Yellow,#F4EE2A,49,7868,26.0,-10.0,117.6,90,CONCEPT_NOT_FIT_VALIDATED
DUC-F-07871,p4-4x2,Yellow,#F4EE2A,49,7869,34.0,-10.0,117.6,90,CONCEPT_NOT_FIT_VALIDATED
DUC-F-07872,p4-4x2,Yellow,#F4EE2A,49,7870,42.0,-10.0,117.6,90,CONCEPT_NOT_FIT_VALIDATED
DUC-F-07873,p4-4x2,Yellow,#F4EE2A,49,7871,50.0,-10.0,117.6,90,CONCEPT_NOT_FIT_VALIDATED
DUC-F-07874,p4-4x2,Yellow,#F4EE2A,49,7872,58.0,-10.0,117.6,90,CONCEPT_NOT_FIT_VALIDATED
DUC-F-07875,p4-4x2,Yellow,#F4EE2A,49,7873,66.0,-10.0,117.6,90,CONCEPT_NOT_FIT_VALIDATED
DUC-F-07876,p4-3x1,Yellow,#F4EE2A,49,7874,-68.0,4.0,117.6,90,CONCEPT_NOT_FIT_VALIDATED
DUC-F-07877,p4-4x2,Yellow,#F4EE2A,49,7875,-62.0,6.0,117.6,90,CONCEPT_NOT_FIT_VALIDATED
DUC-F-07878,p4-4x2,Yellow,#F4EE2A,49,7876,-54.0,6.0,117.6,90,CONCEPT_NOT_FIT_VALIDATED
DUC-F-07879,p4-4x2,Yellow,#F4EE2A,49,7877,-46.0,6.0,117.6,90,CONCEPT_NOT_FIT_VALIDATED
DUC-F-07880,p4-4x2,Yellow,#F4EE2A,49,7878,-38.0,6.0,117.6,90,CONCEPT_NOT_FIT_VALIDATED
DUC-F-07881,p4-4x2,Yellow,#F4EE2A,49,7879,-30.0,6.0,117.6,90,CONCEPT_NOT_FIT_VALIDATED
DUC-F-07882,p4-4x2,Yellow,#F4EE2A,49,7880,-22.0,6.0,117.6,90,CONCEPT_NOT_FIT_VALIDATED
DUC-F-07883,p4-4x2,Yellow,#F4EE2A,49,7881,-14.0,6.0,117.6,90,CONCEPT_NOT_FIT_VALIDATED
DUC-F-07884,p4-4x2,Yellow,#F4EE2A,49,7882,-6.0,6.0,117.6,90,CONCEPT_NOT_FIT_VALIDATED
DUC-F-07885,p4-4x2,Yellow,#F4EE2A,49,7883,2.0,6.0,117.6,90,CONCEPT_NOT_FIT_VALIDATED
DUC-F-07886,p4-4x2,Yellow,#F4EE2A,49,7884,10.0,6.0,117.6,90,CONCEPT_NOT_FIT_VALIDATED
DUC-F-07887,p4-4x2,Yellow,#F4EE2A,49,7885,18.0,6.0,117.6,90,CONCEPT_NOT_FIT_VALIDATED
DUC-F-07888,p4-4x2,Yellow,#F4EE2A,49,7886,26.0,6.0,117.6,90,CONCEPT_NOT_FIT_VALIDATED
DUC-F-07889,p4-4x2,Yellow,#F4EE2A,49,7887,34.0,6.0,117.6,90,CONCEPT_NOT_FIT_VALIDATED
DUC-F-07890,p4-4x2,Yellow,#F4EE2A,49,7888,42.0,6.0,117.6,90,CONCEPT_NOT_FIT_VALIDATED
DUC-F-07891,p4-4x2,Yellow,#F4EE2A,49,7889,50.0,6.0,117.6,90,CONCEPT_NOT_FIT_VALIDATED
DUC-F-07892,p4-4x2,Yellow,#F4EE2A,49,7890,58.0,6.0,117.6,90,CONCEPT_NOT_FIT_VALIDATED
DUC-F-07893,p4-3x2,Yellow,#F4EE2A,49,7891,66.0,4.0,117.6,90,CONCEPT_NOT_FIT_VALIDATED
DUC-F-07894,p4-1x1,Yellow,#F4EE2A,49,7892,64.0,12.0,117.6,0,CONCEPT_NOT_FIT_VALIDATED
DUC-F-07895,p4-2x2,Yellow,#F4EE2A,49,7893,-62.0,18.0,117.6,0,CONCEPT_NOT_FIT_VALIDATED
DUC-F-07896,p4-4x2,Yellow,#F4EE2A,49,7894,-54.0,22.0,117.6,90,CONCEPT_NOT_FIT_VALIDATED
DUC-F-07897,p4-4x2,Yellow,#F4EE2A,49,7895,-46.0,22.0,117.6,90,CONCEPT_NOT_FIT_VALIDATED
DUC-F-07898,p4-4x2,Yellow,#F4EE2A,49,7896,-38.0,22.0,117.6,90,CONCEPT_NOT_FIT_VALIDATED
DUC-F-07899,p4-4x2,Yellow,#F4EE2A,49,7897,-30.0,22.0,117.6,90,CONCEPT_NOT_FIT_VALIDATED
DUC-F-07900,p4-4x2,Yellow,#F4EE2A,49,7898,-22.0,22.0,117.6,90,CONCEPT_NOT_FIT_VALIDATED
DUC-F-07901,p4-4x2,Yellow,#F4EE2A,49,7899,-14.0,22.0,117.6,90,CONCEPT_NOT_FIT_VALIDATED
DUC-F-07902,p4-4x2,Yellow,#F4EE2A,49,7900,-6.0,22.0,117.6,90,CONCEPT_NOT_FIT_VALIDATED
DUC-F-07903,p4-4x2,Yellow,#F4EE2A,49,7901,2.0,22.0,117.6,90,CONCEPT_NOT_FIT_VALIDATED
DUC-F-07904,p4-4x2,Yellow,#F4EE2A,49,7902,10.0,22.0,117.6,90,CONCEPT_NOT_FIT_VALIDATED
DUC-F-07905,p4-4x2,Yellow,#F4EE2A,49,7903,18.0,22.0,117.6,90,CONCEPT_NOT_FIT_VALIDATED
DUC-F-07906,p4-4x2,Yellow,#F4EE2A,49,7904,26.0,22.0,117.6,90,CONCEPT_NOT_FIT_VALIDATED
DUC-F-07907,p4-4x2,Yellow,#F4EE2A,49,7905,34.0,22.0,117.6,90,CONCEPT_NOT_FIT_VALIDATED
DUC-F-07908,p4-4x2,Yellow,#F4EE2A,49,7906,42.0,22.0,117.6,90,CONCEPT_NOT_FIT_VALIDATED
DUC-F-07909,p4-4x2,Yellow,#F4EE2A,49,7907,50.0,22.0,117.6,90,CONCEPT_NOT_FIT_VALIDATED
DUC-F-07910,p4-4x2,Yellow,#F4EE2A,49,7908,58.0,22.0,117.6,90,CONCEPT_NOT_FIT_VALIDATED
DUC-F-07911,p4-2x1,Yellow,#F4EE2A,49,7909,64.0,18.0,117.6,90,CONCEPT_NOT_FIT_VALIDATED
DUC-F-07912,p4-2x1,Yellow,#F4EE2A,49,7910,-60.0,26.0,117.6,90,CONCEPT_NOT_FIT_VALIDATED
DUC-F-07913,p4-2x1,Yellow,#F4EE2A,49,7911,-54.0,32.0,117.6,0,CONCEPT_NOT_FIT_VALIDATED
DUC-F-07914,p4-3x2,Yellow,#F4EE2A,49,7912,-46.0,36.0,117.6,90,CONCEPT_NOT_FIT_VALIDATED
DUC-F-07915,p4-4x2,Yellow,#F4EE2A,49,7913,-38.0,38.0,117.6,90,CONCEPT_NOT_FIT_VALIDATED
DUC-F-07916,p4-4x2,Yellow,#F4EE2A,49,7914,-30.0,38.0,117.6,90,CONCEPT_NOT_FIT_VALIDATED
DUC-F-07917,p4-4x2,Yellow,#F4EE2A,49,7915,-22.0,38.0,117.6,90,CONCEPT_NOT_FIT_VALIDATED
DUC-F-07918,p4-4x2,Yellow,#F4EE2A,49,7916,-14.0,38.0,117.6,90,CONCEPT_NOT_FIT_VALIDATED
DUC-F-07919,p4-4x2,Yellow,#F4EE2A,49,7917,-6.0,38.0,117.6,90,CONCEPT_NOT_FIT_VALIDATED
DUC-F-07920,p4-4x2,Yellow,#F4EE2A,49,7918,2.0,38.0,117.6,90,CONCEPT_NOT_FIT_VALIDATED
DUC-F-07921,p4-4x2,Yellow,#F4EE2A,49,7919,10.0,38.0,117.6,90,CONCEPT_NOT_FIT_VALIDATED
DUC-F-07922,p4-4x2,Yellow,#F4EE2A,49,7920,18.0,38.0,117.6,90,CONCEPT_NOT_FIT_VALIDATED
DUC-F-07923,p4-4x2,Yellow,#F4EE2A,49,7921,26.0,38.0,117.6,90,CONCEPT_NOT_FIT_VALIDATED
DUC-F-07924,p4-4x2,Yellow,#F4EE2A,49,7922,34.0,38.0,117.6,90,CONCEPT_NOT_FIT_VALIDATED
DUC-F-07925,p4-4x2,Yellow,#F4EE2A,49,7923,42.0,38.0,117.6,90,CONCEPT_NOT_FIT_VALIDATED
DUC-F-07926,p4-2x2,Yellow,#F4EE2A,49,7924,50.0,34.0,117.6,0,CONCEPT_NOT_FIT_VALIDATED
DUC-F-07927,p4-1x1,Yellow,#F4EE2A,49,7925,56.0,32.0,117.6,0,CONCEPT_NOT_FIT_VALIDATED
DUC-F-07928,p4-1x1,Yellow,#F4EE2A,49,7926,-52.0,36.0,117.6,0,CONCEPT_NOT_FIT_VALIDATED
DUC-F-07929,p4-1x1,Yellow,#F4EE2A,49,7927,48.0,40.0,117.6,0,CONCEPT_NOT_FIT_VALIDATED
DUC-F-07930,p4-1x1,Yellow,#F4EE2A,49,7928,-44.0,44.0,117.6,0,CONCEPT_NOT_FIT_VALIDATED
DUC-F-07931,p4-2x1,Yellow,#F4EE2A,49,7929,-38.0,48.0,117.6,0,CONCEPT_NOT_FIT_VALIDATED
DUC-F-07932,p4-2x2,Yellow,#F4EE2A,49,7930,-30.0,50.0,117.6,0,CONCEPT_NOT_FIT_VALIDATED
DUC-F-07933,p4-2x2,Yellow,#F4EE2A,49,7931,-22.0,50.0,117.6,0,CONCEPT_NOT_FIT_VALIDATED
DUC-F-07934,p4-3x2,Yellow,#F4EE2A,49,7932,-14.0,52.0,117.6,90,CONCEPT_NOT_FIT_VALIDATED
DUC-F-07935,p4-3x2,Yellow,#F4EE2A,49,7933,-6.0,52.0,117.6,90,CONCEPT_NOT_FIT_VALIDATED
DUC-F-07936,p4-3x2,Yellow,#F4EE2A,49,7934,2.0,52.0,117.6,90,CONCEPT_NOT_FIT_VALIDATED
DUC-F-07937,p4-3x2,Yellow,#F4EE2A,49,7935,10.0,52.0,117.6,90,CONCEPT_NOT_FIT_VALIDATED
DUC-F-07938,p4-3x2,Yellow,#F4EE2A,49,7936,18.0,52.0,117.6,90,CONCEPT_NOT_FIT_VALIDATED
DUC-F-07939,p4-2x2,Yellow,#F4EE2A,49,7937,26.0,50.0,117.6,0,CONCEPT_NOT_FIT_VALIDATED
DUC-F-07940,p4-2x1,Yellow,#F4EE2A,49,7938,32.0,50.0,117.6,90,CONCEPT_NOT_FIT_VALIDATED
DUC-F-07763,p4-1x1,Yellow,#F4EE2A,48,7939,32.0,52.0,115.2,0,CONCEPT_NOT_FIT_VALIDATED
DUC-F-07941,p4-1x1,Yellow,#F4EE2A,49,7940,36.0,48.0,117.6,0,CONCEPT_NOT_FIT_VALIDATED
DUC-F-07942,p4-1x1,Yellow,#F4EE2A,49,7941,40.0,48.0,117.6,0,CONCEPT_NOT_FIT_VALIDATED
DUC-F-07944,p4-4x2,Yellow,#F4EE2A,50,7942,-62.0,-26.0,120.0,0,CONCEPT_NOT_FIT_VALIDATED
DUC-F-07945,p4-4x2,Yellow,#F4EE2A,50,7943,-62.0,-18.0,120.0,0,CONCEPT_NOT_FIT_VALIDATED
DUC-F-07946,p4-4x2,Yellow,#F4EE2A,50,7944,-62.0,-10.0,120.0,0,CONCEPT_NOT_FIT_VALIDATED
DUC-F-07947,p4-4x2,Yellow,#F4EE2A,50,7945,-62.0,-2.0,120.0,0,CONCEPT_NOT_FIT_VALIDATED
DUC-F-07948,p4-4x2,Yellow,#F4EE2A,50,7946,-62.0,6.0,120.0,0,CONCEPT_NOT_FIT_VALIDATED
DUC-F-07949,p4-4x1,Yellow,#F4EE2A,50,7947,-62.0,12.0,120.0,0,CONCEPT_NOT_FIT_VALIDATED
DUC-F-07950,p4-3x2,Yellow,#F4EE2A,50,7948,-60.0,-34.0,120.0,0,CONCEPT_NOT_FIT_VALIDATED
DUC-F-07951,p4-3x1,Yellow,#F4EE2A,50,7949,-60.0,16.0,120.0,0,CONCEPT_NOT_FIT_VALIDATED
DUC-F-07952,p4-3x1,Yellow,#F4EE2A,50,7950,-60.0,20.0,120.0,0,CONCEPT_NOT_FIT_VALIDATED
DUC-F-07953,p4-2x2,Yellow,#F4EE2A,50,7951,-58.0,-42.0,120.0,0,CONCEPT_NOT_FIT_VALIDATED
DUC-F-07954,p4-2x1,Yellow,#F4EE2A,50,7952,-58.0,24.0,120.0,0,CONCEPT_NOT_FIT_VALIDATED
DUC-F-07955,p4-2x1,Yellow,#F4EE2A,50,7953,-58.0,28.0,120.0,0,CONCEPT_NOT_FIT_VALIDATED
DUC-F-07956,p4-1x1,Yellow,#F4EE2A,50,7954,-56.0,-48.0,120.0,0,CONCEPT_NOT_FIT_VALIDATED
DUC-F-07957,p4-1x1,Yellow,#F4EE2A,50,7955,-56.0,32.0,120.0,0,CONCEPT_NOT_FIT_VALIDATED
DUC-F-07958,p4-4x2,Yellow,#F4EE2A,50,7956,-46.0,-50.0,120.0,0,CONCEPT_NOT_FIT_VALIDATED
DUC-F-07959,p4-4x2,Yellow,#F4EE2A,50,7957,-46.0,-42.0,120.0,0,CONCEPT_NOT_FIT_VALIDATED
DUC-F-07960,p4-4x2,Yellow,#F4EE2A,50,7958,-46.0,-34.0,120.0,0,CONCEPT_NOT_FIT_VALIDATED
DUC-F-07961,p4-4x2,Yellow,#F4EE2A,50,7959,-46.0,-26.0,120.0,0,CONCEPT_NOT_FIT_VALIDATED
DUC-F-07962,p4-4x2,Yellow,#F4EE2A,50,7960,-46.0,-18.0,120.0,0,CONCEPT_NOT_FIT_VALIDATED
DUC-F-07963,p4-4x2,Yellow,#F4EE2A,50,7961,-46.0,-10.0,120.0,0,CONCEPT_NOT_FIT_VALIDATED
DUC-F-07964,p4-4x2,Yellow,#F4EE2A,50,7962,-46.0,-2.0,120.0,0,CONCEPT_NOT_FIT_VALIDATED
DUC-F-07965,p4-4x2,Yellow,#F4EE2A,50,7963,-46.0,6.0,120.0,0,CONCEPT_NOT_FIT_VALIDATED
DUC-F-07966,p4-4x2,Yellow,#F4EE2A,50,7964,-46.0,14.0,120.0,0,CONCEPT_NOT_FIT_VALIDATED
DUC-F-07967,p4-4x2,Yellow,#F4EE2A,50,7965,-46.0,22.0,120.0,0,CONCEPT_NOT_FIT_VALIDATED
DUC-F-07968,p4-4x2,Yellow,#F4EE2A,50,7966,-46.0,30.0,120.0,0,CONCEPT_NOT_FIT_VALIDATED
DUC-F-07969,p4-4x1,Yellow,#F4EE2A,50,7967,-46.0,36.0,120.0,0,CONCEPT_NOT_FIT_VALIDATED
DUC-F-07970,p4-3x1,Yellow,#F4EE2A,50,7968,-44.0,-56.0,120.0,0,CONCEPT_NOT_FIT_VALIDATED
DUC-F-07971,p4-3x1,Yellow,#F4EE2A,50,7969,-44.0,40.0,120.0,0,CONCEPT_NOT_FIT_VALIDATED
DUC-F-07972,p4-2x1,Yellow,#F4EE2A,50,7970,-42.0,-60.0,120.0,0,CONCEPT_NOT_FIT_VALIDATED
DUC-F-07973,p4-2x1,Yellow,#F4EE2A,50,7971,-42.0,44.0,120.0,0,CONCEPT_NOT_FIT_VALIDATED
DUC-F-07974,p4-1x1,Yellow,#F4EE2A,50,7972,-40.0,48.0,120.0,0,CONCEPT_NOT_FIT_VALIDATED
DUC-F-07975,p4-4x1,Yellow,#F4EE2A,50,7973,-30.0,-64.0,120.0,0,CONCEPT_NOT_FIT_VALIDATED
DUC-F-07976,p4-4x2,Yellow,#F4EE2A,50,7974,-30.0,-58.0,120.0,0,CONCEPT_NOT_FIT_VALIDATED
DUC-F-07977,p4-4x2,Yellow,#F4EE2A,50,7975,-30.0,-50.0,120.0,0,CONCEPT_NOT_FIT_VALIDATED
DUC-F-07978,p4-4x2,Yellow,#F4EE2A,50,7976,-30.0,-42.0,120.0,0,CONCEPT_NOT_FIT_VALIDATED
DUC-F-07979,p4-4x2,Yellow,#F4EE2A,50,7977,-30.0,-34.0,120.0,0,CONCEPT_NOT_FIT_VALIDATED
DUC-F-07980,p4-4x2,Yellow,#F4EE2A,50,7978,-30.0,-26.0,120.0,0,CONCEPT_NOT_FIT_VALIDATED
DUC-F-07981,p4-4x2,Yellow,#F4EE2A,50,7979,-30.0,-18.0,120.0,0,CONCEPT_NOT_FIT_VALIDATED
DUC-F-07982,p4-4x2,Yellow,#F4EE2A,50,7980,-30.0,-10.0,120.0,0,CONCEPT_NOT_FIT_VALIDATED
DUC-F-07983,p4-4x2,Yellow,#F4EE2A,50,7981,-30.0,-2.0,120.0,0,CONCEPT_NOT_FIT_VALIDATED
DUC-F-07984,p4-4x2,Yellow,#F4EE2A,50,7982,-30.0,6.0,120.0,0,CONCEPT_NOT_FIT_VALIDATED
DUC-F-07985,p4-4x2,Yellow,#F4EE2A,50,7983,-30.0,14.0,120.0,0,CONCEPT_NOT_FIT_VALIDATED
DUC-F-07986,p4-4x2,Yellow,#F4EE2A,50,7984,-30.0,22.0,120.0,0,CONCEPT_NOT_FIT_VALIDATED
DUC-F-07987,p4-4x2,Yellow,#F4EE2A,50,7985,-30.0,30.0,120.0,0,CONCEPT_NOT_FIT_VALIDATED
DUC-F-07988,p4-4x2,Yellow,#F4EE2A,50,7986,-30.0,38.0,120.0,0,CONCEPT_NOT_FIT_VALIDATED
DUC-F-07989,p4-4x2,Yellow,#F4EE2A,50,7987,-30.0,46.0,120.0,0,CONCEPT_NOT_FIT_VALIDATED
DUC-F-07990,p4-3x1,Yellow,#F4EE2A,50,7988,-28.0,52.0,120.0,0,CONCEPT_NOT_FIT_VALIDATED
DUC-F-07991,p4-2x1,Yellow,#F4EE2A,50,7989,-26.0,-68.0,120.0,0,CONCEPT_NOT_FIT_VALIDATED
DUC-F-07992,p4-4x1,Yellow,#F4EE2A,50,7990,-14.0,-72.0,120.0,0,CONCEPT_NOT_FIT_VALIDATED
DUC-F-07993,p4-4x2,Yellow,#F4EE2A,50,7991,-14.0,-66.0,120.0,0,CONCEPT_NOT_FIT_VALIDATED
DUC-F-07994,p4-4x2,Yellow,#F4EE2A,50,7992,-14.0,-58.0,120.0,0,CONCEPT_NOT_FIT_VALIDATED
DUC-F-07995,p4-4x2,Yellow,#F4EE2A,50,7993,-14.0,-50.0,120.0,0,CONCEPT_NOT_FIT_VALIDATED
DUC-F-07996,p4-4x2,Yellow,#F4EE2A,50,7994,-14.0,-42.0,120.0,0,CONCEPT_NOT_FIT_VALIDATED
DUC-F-07997,p4-4x2,Yellow,#F4EE2A,50,7995,-14.0,-34.0,120.0,0,CONCEPT_NOT_FIT_VALIDATED
DUC-F-07998,p4-4x2,Yellow,#F4EE2A,50,7996,-14.0,-26.0,120.0,0,CONCEPT_NOT_FIT_VALIDATED
DUC-F-07999,p4-4x2,Yellow,#F4EE2A,50,7997,-14.0,-18.0,120.0,0,CONCEPT_NOT_FIT_VALIDATED
DUC-F-08000,p4-4x2,Yellow,#F4EE2A,50,7998,-14.0,-10.0,120.0,0,CONCEPT_NOT_FIT_VALIDATED
DUC-F-08001,p4-4x2,Yellow,#F4EE2A,50,7999,-14.0,-2.0,120.0,0,CONCEPT_NOT_FIT_VALIDATED
DUC-F-08002,p4-4x2,Yellow,#F4EE2A,50,8000,-14.0,6.0,120.0,0,CONCEPT_NOT_FIT_VALIDATED
DUC-F-08003,p4-4x2,Yellow,#F4EE2A,50,8001,-14.0,14.0,120.0,0,CONCEPT_NOT_FIT_VALIDATED
DUC-F-08004,p4-4x2,Yellow,#F4EE2A,50,8002,-14.0,22.0,120.0,0,CONCEPT_NOT_FIT_VALIDATED
DUC-F-08005,p4-4x2,Yellow,#F4EE2A,50,8003,-14.0,30.0,120.0,0,CONCEPT_NOT_FIT_VALIDATED
DUC-F-08006,p4-4x2,Yellow,#F4EE2A,50,8004,-14.0,38.0,120.0,0,CONCEPT_NOT_FIT_VALIDATED
DUC-F-08007,p4-4x2,Yellow,#F4EE2A,50,8005,-14.0,46.0,120.0,0,CONCEPT_NOT_FIT_VALIDATED
DUC-F-08008,p4-4x2,Yellow,#F4EE2A,50,8006,-14.0,54.0,120.0,0,CONCEPT_NOT_FIT_VALIDATED
DUC-F-07943,p4-1x1,Yellow,#F4EE2A,49,8007,-20.0,56.0,117.6,0,CONCEPT_NOT_FIT_VALIDATED
DUC-F-07695,p4-1x1,Yellow,#F4EE2A,48,8008,-20.0,56.0,115.2,0,CONCEPT_NOT_FIT_VALIDATED
DUC-F-08009,p4-4x1,Yellow,#F4EE2A,50,8009,2.0,-72.0,120.0,0,CONCEPT_NOT_FIT_VALIDATED
DUC-F-08010,p4-4x2,Yellow,#F4EE2A,50,8010,2.0,-66.0,120.0,0,CONCEPT_NOT_FIT_VALIDATED
DUC-F-08011,p4-4x2,Yellow,#F4EE2A,50,8011,2.0,-58.0,120.0,0,CONCEPT_NOT_FIT_VALIDATED
DUC-F-08012,p4-4x2,Yellow,#F4EE2A,50,8012,2.0,-50.0,120.0,0,CONCEPT_NOT_FIT_VALIDATED
DUC-F-08013,p4-4x2,Yellow,#F4EE2A,50,8013,2.0,-42.0,120.0,0,CONCEPT_NOT_FIT_VALIDATED
DUC-F-08014,p4-4x2,Yellow,#F4EE2A,50,8014,2.0,-34.0,120.0,0,CONCEPT_NOT_FIT_VALIDATED
DUC-F-08015,p4-4x2,Yellow,#F4EE2A,50,8015,2.0,-26.0,120.0,0,CONCEPT_NOT_FIT_VALIDATED
DUC-F-08016,p4-4x2,Yellow,#F4EE2A,50,8016,2.0,-18.0,120.0,0,CONCEPT_NOT_FIT_VALIDATED
DUC-F-08017,p4-4x2,Yellow,#F4EE2A,50,8017,2.0,-10.0,120.0,0,CONCEPT_NOT_FIT_VALIDATED
DUC-F-08018,p4-4x2,Yellow,#F4EE2A,50,8018,2.0,-2.0,120.0,0,CONCEPT_NOT_FIT_VALIDATED
DUC-F-08019,p4-4x2,Yellow,#F4EE2A,50,8019,2.0,6.0,120.0,0,CONCEPT_NOT_FIT_VALIDATED
DUC-F-08020,p4-4x2,Yellow,#F4EE2A,50,8020,2.0,14.0,120.0,0,CONCEPT_NOT_FIT_VALIDATED
DUC-F-08021,p4-4x2,Yellow,#F4EE2A,50,8021,2.0,22.0,120.0,0,CONCEPT_NOT_FIT_VALIDATED
DUC-F-08022,p4-4x2,Yellow,#F4EE2A,50,8022,2.0,30.0,120.0,0,CONCEPT_NOT_FIT_VALIDATED
DUC-F-08023,p4-4x2,Yellow,#F4EE2A,50,8023,2.0,38.0,120.0,0,CONCEPT_NOT_FIT_VALIDATED
DUC-F-08024,p4-4x2,Yellow,#F4EE2A,50,8024,2.0,46.0,120.0,0,CONCEPT_NOT_FIT_VALIDATED
DUC-F-08025,p4-4x2,Yellow,#F4EE2A,50,8025,2.0,54.0,120.0,0,CONCEPT_NOT_FIT_VALIDATED
DUC-F-08026,p4-3x1,Yellow,#F4EE2A,50,8026,16.0,-72.0,120.0,0,CONCEPT_NOT_FIT_VALIDATED
DUC-F-08027,p4-4x2,Yellow,#F4EE2A,50,8027,18.0,-66.0,120.0,0,CONCEPT_NOT_FIT_VALIDATED
DUC-F-08028,p4-4x2,Yellow,#F4EE2A,50,8028,18.0,-58.0,120.0,0,CONCEPT_NOT_FIT_VALIDATED
DUC-F-08029,p4-4x2,Yellow,#F4EE2A,50,8029,18.0,-50.0,120.0,0,CONCEPT_NOT_FIT_VALIDATED
DUC-F-08030,p4-4x2,Yellow,#F4EE2A,50,8030,18.0,-42.0,120.0,0,CONCEPT_NOT_FIT_VALIDATED
DUC-F-08031,p4-4x2,Yellow,#F4EE2A,50,8031,18.0,-34.0,120.0,0,CONCEPT_NOT_FIT_VALIDATED
DUC-F-08032,p4-4x2,Yellow,#F4EE2A,50,8032,18.0,-26.0,120.0,0,CONCEPT_NOT_FIT_VALIDATED
DUC-F-08033,p4-4x2,Yellow,#F4EE2A,50,8033,18.0,-18.0,120.0,0,CONCEPT_NOT_FIT_VALIDATED
DUC-F-08034,p4-4x2,Yellow,#F4EE2A,50,8034,18.0,-10.0,120.0,0,CONCEPT_NOT_FIT_VALIDATED
DUC-F-08035,p4-4x2,Yellow,#F4EE2A,50,8035,18.0,-2.0,120.0,0,CONCEPT_NOT_FIT_VALIDATED
DUC-F-08036,p4-4x2,Yellow,#F4EE2A,50,8036,18.0,6.0,120.0,0,CONCEPT_NOT_FIT_VALIDATED
DUC-F-08037,p4-4x2,Yellow,#F4EE2A,50,8037,18.0,14.0,120.0,0,CONCEPT_NOT_FIT_VALIDATED
DUC-F-08038,p4-4x2,Yellow,#F4EE2A,50,8038,18.0,22.0,120.0,0,CONCEPT_NOT_FIT_VALIDATED
DUC-F-08039,p4-4x2,Yellow,#F4EE2A,50,8039,18.0,30.0,120.0,0,CONCEPT_NOT_FIT_VALIDATED
DUC-F-08040,p4-4x2,Yellow,#F4EE2A,50,8040,18.0,38.0,120.0,0,CONCEPT_NOT_FIT_VALIDATED
DUC-F-08041,p4-4x2,Yellow,#F4EE2A,50,8041,18.0,46.0,120.0,0,CONCEPT_NOT_FIT_VALIDATED
DUC-F-08042,p4-3x2,Yellow,#F4EE2A,50,8042,16.0,54.0,120.0,0,CONCEPT_NOT_FIT_VALIDATED
DUC-F-08043,p4-1x1,Yellow,#F4EE2A,50,8043,24.0,52.0,120.0,0,CONCEPT_NOT_FIT_VALIDATED
DUC-F-08044,p4-2x1,Yellow,#F4EE2A,50,8044,28.0,-66.0,120.0,90,CONCEPT_NOT_FIT_VALIDATED
DUC-F-08045,p4-4x2,Yellow,#F4EE2A,50,8045,34.0,-58.0,120.0,0,CONCEPT_NOT_FIT_VALIDATED
DUC-F-08046,p4-4x2,Yellow,#F4EE2A,50,8046,34.0,-50.0,120.0,0,CONCEPT_NOT_FIT_VALIDATED
DUC-F-08047,p4-4x2,Yellow,#F4EE2A,50,8047,34.0,-42.0,120.0,0,CONCEPT_NOT_FIT_VALIDATED
DUC-F-08048,p4-4x2,Yellow,#F4EE2A,50,8048,34.0,-34.0,120.0,0,CONCEPT_NOT_FIT_VALIDATED
DUC-F-08049,p4-4x2,Yellow,#F4EE2A,50,8049,34.0,-26.0,120.0,0,CONCEPT_NOT_FIT_VALIDATED
DUC-F-08050,p4-4x2,Yellow,#F4EE2A,50,8050,34.0,-18.0,120.0,0,CONCEPT_NOT_FIT_VALIDATED
DUC-F-08051,p4-4x2,Yellow,#F4EE2A,50,8051,34.0,-10.0,120.0,0,CONCEPT_NOT_FIT_VALIDATED
DUC-F-08052,p4-4x2,Yellow,#F4EE2A,50,8052,34.0,-2.0,120.0,0,CONCEPT_NOT_FIT_VALIDATED
DUC-F-08053,p4-4x2,Yellow,#F4EE2A,50,8053,34.0,6.0,120.0,0,CONCEPT_NOT_FIT_VALIDATED
DUC-F-08054,p4-4x2,Yellow,#F4EE2A,50,8054,34.0,14.0,120.0,0,CONCEPT_NOT_FIT_VALIDATED
DUC-F-08055,p4-4x2,Yellow,#F4EE2A,50,8055,34.0,22.0,120.0,0,CONCEPT_NOT_FIT_VALIDATED
DUC-F-08056,p4-4x2,Yellow,#F4EE2A,50,8056,34.0,30.0,120.0,0,CONCEPT_NOT_FIT_VALIDATED
DUC-F-08057,p4-4x2,Yellow,#F4EE2A,50,8057,34.0,38.0,120.0,0,CONCEPT_NOT_FIT_VALIDATED
DUC-F-08058,p4-4x2,Yellow,#F4EE2A,50,8058,34.0,46.0,120.0,0,CONCEPT_NOT_FIT_VALIDATED
DUC-F-08059,p4-2x1,Yellow,#F4EE2A,50,8059,30.0,52.0,120.0,0,CONCEPT_NOT_FIT_VALIDATED
DUC-F-08060,p4-2x1,Yellow,#F4EE2A,50,8060,34.0,-64.0,120.0,0,CONCEPT_NOT_FIT_VALIDATED
DUC-F-08061,p4-2x1,Yellow,#F4EE2A,50,8061,44.0,-58.0,120.0,90,CONCEPT_NOT_FIT_VALIDATED
DUC-F-08062,p4-3x2,Yellow,#F4EE2A,50,8062,48.0,-50.0,120.0,0,CONCEPT_NOT_FIT_VALIDATED
DUC-F-08063,p4-4x2,Yellow,#F4EE2A,50,8063,50.0,-42.0,120.0,0,CONCEPT_NOT_FIT_VALIDATED
DUC-F-08064,p4-4x2,Yellow,#F4EE2A,50,8064,50.0,-34.0,120.0,0,CONCEPT_NOT_FIT_VALIDATED
DUC-F-08065,p4-4x2,Yellow,#F4EE2A,50,8065,50.0,-26.0,120.0,0,CONCEPT_NOT_FIT_VALIDATED
DUC-F-08066,p4-4x2,Yellow,#F4EE2A,50,8066,50.0,-18.0,120.0,0,CONCEPT_NOT_FIT_VALIDATED
DUC-F-08067,p4-4x2,Yellow,#F4EE2A,50,8067,50.0,-10.0,120.0,0,CONCEPT_NOT_FIT_VALIDATED
DUC-F-08068,p4-4x2,Yellow,#F4EE2A,50,8068,50.0,-2.0,120.0,0,CONCEPT_NOT_FIT_VALIDATED
DUC-F-08069,p4-4x2,Yellow,#F4EE2A,50,8069,50.0,6.0,120.0,0,CONCEPT_NOT_FIT_VALIDATED
DUC-F-08070,p4-4x2,Yellow,#F4EE2A,50,8070,50.0,14.0,120.0,0,CONCEPT_NOT_FIT_VALIDATED
DUC-F-08071,p4-4x2,Yellow,#F4EE2A,50,8071,50.0,22.0,120.0,0,CONCEPT_NOT_FIT_VALIDATED
DUC-F-08072,p4-4x2,Yellow,#F4EE2A,50,8072,50.0,30.0,120.0,0,CONCEPT_NOT_FIT_VALIDATED
DUC-F-08073,p4-2x2,Yellow,#F4EE2A,50,8073,46.0,38.0,120.0,0,CONCEPT_NOT_FIT_VALIDATED
DUC-F-08074,p4-1x1,Yellow,#F4EE2A,50,8074,44.0,44.0,120.0,0,CONCEPT_NOT_FIT_VALIDATED
DUC-F-08075,p4-1x1,Yellow,#F4EE2A,50,8075,48.0,-56.0,120.0,0,CONCEPT_NOT_FIT_VALIDATED
DUC-F-08076,p4-1x1,Yellow,#F4EE2A,50,8076,52.0,36.0,120.0,0,CONCEPT_NOT_FIT_VALIDATED
DUC-F-08077,p4-1x1,Yellow,#F4EE2A,50,8077,56.0,-48.0,120.0,0,CONCEPT_NOT_FIT_VALIDATED
DUC-F-08078,p4-2x1,Yellow,#F4EE2A,50,8078,60.0,-42.0,120.0,90,CONCEPT_NOT_FIT_VALIDATED
DUC-F-08079,p4-2x2,Yellow,#F4EE2A,50,8079,62.0,-34.0,120.0,0,CONCEPT_NOT_FIT_VALIDATED
DUC-F-08080,p4-3x2,Yellow,#F4EE2A,50,8080,64.0,-26.0,120.0,0,CONCEPT_NOT_FIT_VALIDATED
DUC-F-08081,p4-3x2,Yellow,#F4EE2A,50,8081,64.0,-18.0,120.0,0,CONCEPT_NOT_FIT_VALIDATED
DUC-F-08082,p4-3x2,Yellow,#F4EE2A,50,8082,64.0,-10.0,120.0,0,CONCEPT_NOT_FIT_VALIDATED
DUC-F-08083,p4-3x2,Yellow,#F4EE2A,50,8083,64.0,-2.0,120.0,0,CONCEPT_NOT_FIT_VALIDATED
DUC-F-08084,p4-3x2,Yellow,#F4EE2A,50,8084,64.0,6.0,120.0,0,CONCEPT_NOT_FIT_VALIDATED
DUC-F-08085,p4-2x2,Yellow,#F4EE2A,50,8085,62.0,14.0,120.0,0,CONCEPT_NOT_FIT_VALIDATED
DUC-F-08086,p4-2x1,Yellow,#F4EE2A,50,8086,62.0,20.0,120.0,0,CONCEPT_NOT_FIT_VALIDATED
DUC-F-08087,p4-1x1,Yellow,#F4EE2A,50,8087,60.0,24.0,120.0,0,CONCEPT_NOT_FIT_VALIDATED
DUC-F-08088,p4-1x1,Yellow,#F4EE2A,50,8088,60.0,28.0,120.0,0,CONCEPT_NOT_FIT_VALIDATED
DUC-F-08089,p4-2x1,Yellow,#F4EE2A,51,8089,68.0,10.0,122.4,90,CONCEPT_NOT_FIT_VALIDATED
DUC-F-08090,p4-2x1,Yellow,#F4EE2A,51,8090,-18.0,-72.0,122.4,0,CONCEPT_NOT_FIT_VALIDATED
DUC-F-08091,p4-2x1,Yellow,#F4EE2A,51,8091,-10.0,-72.0,122.4,0,CONCEPT_NOT_FIT_VALIDATED
DUC-F-08092,p4-2x1,Yellow,#F4EE2A,51,8092,-2.0,-72.0,122.4,0,CONCEPT_NOT_FIT_VALIDATED
DUC-F-08093,p4-2x1,Yellow,#F4EE2A,51,8093,6.0,-72.0,122.4,0,CONCEPT_NOT_FIT_VALIDATED
DUC-F-08094,p4-2x1,Yellow,#F4EE2A,51,8094,14.0,-72.0,122.4,0,CONCEPT_NOT_FIT_VALIDATED
DUC-F-08095,p4-1x1,Yellow,#F4EE2A,51,8095,20.0,-72.0,122.4,0,CONCEPT_NOT_FIT_VALIDATED
DUC-F-08096,p4-4x2,Yellow,#F4EE2A,51,8096,-26.0,-62.0,122.4,90,CONCEPT_NOT_FIT_VALIDATED
DUC-F-08097,p4-4x2,Yellow,#F4EE2A,51,8097,-18.0,-62.0,122.4,90,CONCEPT_NOT_FIT_VALIDATED
DUC-F-08098,p4-4x2,Yellow,#F4EE2A,51,8098,-10.0,-62.0,122.4,90,CONCEPT_NOT_FIT_VALIDATED
DUC-F-08099,p4-4x2,Yellow,#F4EE2A,51,8099,-2.0,-62.0,122.4,90,CONCEPT_NOT_FIT_VALIDATED
DUC-F-08100,p4-4x2,Yellow,#F4EE2A,51,8100,6.0,-62.0,122.4,90,CONCEPT_NOT_FIT_VALIDATED
DUC-F-08101,p4-4x2,Yellow,#F4EE2A,51,8101,14.0,-62.0,122.4,90,CONCEPT_NOT_FIT_VALIDATED
DUC-F-08102,p4-4x2,Yellow,#F4EE2A,51,8102,22.0,-62.0,122.4,90,CONCEPT_NOT_FIT_VALIDATED
DUC-F-08103,p4-4x1,Yellow,#F4EE2A,51,8103,28.0,-62.0,122.4,90,CONCEPT_NOT_FIT_VALIDATED
DUC-F-08104,p4-3x2,Yellow,#F4EE2A,51,8104,-34.0,-60.0,122.4,90,CONCEPT_NOT_FIT_VALIDATED
DUC-F-08105,p4-3x1,Yellow,#F4EE2A,51,8105,32.0,-60.0,122.4,90,CONCEPT_NOT_FIT_VALIDATED
DUC-F-08106,p4-3x1,Yellow,#F4EE2A,51,8106,36.0,-60.0,122.4,90,CONCEPT_NOT_FIT_VALIDATED
DUC-F-08107,p4-2x2,Yellow,#F4EE2A,51,8107,-42.0,-58.0,122.4,0,CONCEPT_NOT_FIT_VALIDATED
DUC-F-08108,p4-2x1,Yellow,#F4EE2A,51,8108,40.0,-58.0,122.4,90,CONCEPT_NOT_FIT_VALIDATED
DUC-F-08109,p4-2x1,Yellow,#F4EE2A,51,8109,44.0,-58.0,122.4,90,CONCEPT_NOT_FIT_VALIDATED
DUC-F-08110,p4-1x1,Yellow,#F4EE2A,51,8110,-48.0,-56.0,122.4,0,CONCEPT_NOT_FIT_VALIDATED
DUC-F-08111,p4-1x1,Yellow,#F4EE2A,51,8111,48.0,-56.0,122.4,0,CONCEPT_NOT_FIT_VALIDATED
DUC-F-08112,p4-4x2,Yellow,#F4EE2A,51,8112,-50.0,-46.0,122.4,90,CONCEPT_NOT_FIT_VALIDATED
DUC-F-08113,p4-4x2,Yellow,#F4EE2A,51,8113,-42.0,-46.0,122.4,90,CONCEPT_NOT_FIT_VALIDATED
DUC-F-08114,p4-4x2,Yellow,#F4EE2A,51,8114,-34.0,-46.0,122.4,90,CONCEPT_NOT_FIT_VALIDATED
DUC-F-08115,p4-4x2,Yellow,#F4EE2A,51,8115,-26.0,-46.0,122.4,90,CONCEPT_NOT_FIT_VALIDATED
DUC-F-08116,p4-4x2,Yellow,#F4EE2A,51,8116,-18.0,-46.0,122.4,90,CONCEPT_NOT_FIT_VALIDATED
DUC-F-08117,p4-4x2,Yellow,#F4EE2A,51,8117,-10.0,-46.0,122.4,90,CONCEPT_NOT_FIT_VALIDATED
DUC-F-08118,p4-4x2,Yellow,#F4EE2A,51,8118,-2.0,-46.0,122.4,90,CONCEPT_NOT_FIT_VALIDATED
DUC-F-08119,p4-4x2,Yellow,#F4EE2A,51,8119,6.0,-46.0,122.4,90,CONCEPT_NOT_FIT_VALIDATED
DUC-F-08120,p4-4x2,Yellow,#F4EE2A,51,8120,14.0,-46.0,122.4,90,CONCEPT_NOT_FIT_VALIDATED
DUC-F-08121,p4-4x2,Yellow,#F4EE2A,51,8121,22.0,-46.0,122.4,90,CONCEPT_NOT_FIT_VALIDATED
DUC-F-08122,p4-4x2,Yellow,#F4EE2A,51,8122,30.0,-46.0,122.4,90,CONCEPT_NOT_FIT_VALIDATED
DUC-F-08123,p4-4x2,Yellow,#F4EE2A,51,8123,38.0,-46.0,122.4,90,CONCEPT_NOT_FIT_VALIDATED
DUC-F-08124,p4-4x2,Yellow,#F4EE2A,51,8124,46.0,-46.0,122.4,90,CONCEPT_NOT_FIT_VALIDATED
DUC-F-08125,p4-4x1,Yellow,#F4EE2A,51,8125,52.0,-46.0,122.4,90,CONCEPT_NOT_FIT_VALIDATED
DUC-F-08126,p4-3x1,Yellow,#F4EE2A,51,8126,-56.0,-44.0,122.4,90,CONCEPT_NOT_FIT_VALIDATED
DUC-F-08127,p4-3x1,Yellow,#F4EE2A,51,8127,56.0,-44.0,122.4,90,CONCEPT_NOT_FIT_VALIDATED
DUC-F-08128,p4-2x1,Yellow,#F4EE2A,51,8128,-60.0,-42.0,122.4,90,CONCEPT_NOT_FIT_VALIDATED
DUC-F-08129,p4-2x1,Yellow,#F4EE2A,51,8129,60.0,-42.0,122.4,90,CONCEPT_NOT_FIT_VALIDATED
DUC-F-08130,p4-4x1,Yellow,#F4EE2A,51,8130,-64.0,-30.0,122.4,90,CONCEPT_NOT_FIT_VALIDATED
DUC-F-08131,p4-4x2,Yellow,#F4EE2A,51,8131,-58.0,-30.0,122.4,90,CONCEPT_NOT_FIT_VALIDATED
DUC-F-08132,p4-4x2,Yellow,#F4EE2A,51,8132,-50.0,-30.0,122.4,90,CONCEPT_NOT_FIT_VALIDATED
DUC-F-08133,p4-4x2,Yellow,#F4EE2A,51,8133,-42.0,-30.0,122.4,90,CONCEPT_NOT_FIT_VALIDATED
DUC-F-08134,p4-4x2,Yellow,#F4EE2A,51,8134,-34.0,-30.0,122.4,90,CONCEPT_NOT_FIT_VALIDATED
DUC-F-08135,p4-4x2,Yellow,#F4EE2A,51,8135,-26.0,-30.0,122.4,90,CONCEPT_NOT_FIT_VALIDATED
DUC-F-08136,p4-4x2,Yellow,#F4EE2A,51,8136,-18.0,-30.0,122.4,90,CONCEPT_NOT_FIT_VALIDATED
DUC-F-08137,p4-4x2,Yellow,#F4EE2A,51,8137,-10.0,-30.0,122.4,90,CONCEPT_NOT_FIT_VALIDATED
DUC-F-08138,p4-4x2,Yellow,#F4EE2A,51,8138,-2.0,-30.0,122.4,90,CONCEPT_NOT_FIT_VALIDATED
DUC-F-08139,p4-4x2,Yellow,#F4EE2A,51,8139,6.0,-30.0,122.4,90,CONCEPT_NOT_FIT_VALIDATED
DUC-F-08140,p4-4x2,Yellow,#F4EE2A,51,8140,14.0,-30.0,122.4,90,CONCEPT_NOT_FIT_VALIDATED
DUC-F-08141,p4-4x2,Yellow,#F4EE2A,51,8141,22.0,-30.0,122.4,90,CONCEPT_NOT_FIT_VALIDATED
DUC-F-08142,p4-4x2,Yellow,#F4EE2A,51,8142,30.0,-30.0,122.4,90,CONCEPT_NOT_FIT_VALIDATED
DUC-F-08143,p4-4x2,Yellow,#F4EE2A,51,8143,38.0,-30.0,122.4,90,CONCEPT_NOT_FIT_VALIDATED
DUC-F-08144,p4-4x2,Yellow,#F4EE2A,51,8144,46.0,-30.0,122.4,90,CONCEPT_NOT_FIT_VALIDATED
DUC-F-08145,p4-4x2,Yellow,#F4EE2A,51,8145,54.0,-30.0,122.4,90,CONCEPT_NOT_FIT_VALIDATED
DUC-F-08146,p4-4x2,Yellow,#F4EE2A,51,8146,62.0,-30.0,122.4,90,CONCEPT_NOT_FIT_VALIDATED
DUC-F-08147,p4-2x1,Yellow,#F4EE2A,51,8147,-68.0,-26.0,122.4,90,CONCEPT_NOT_FIT_VALIDATED
DUC-F-08148,p4-2x1,Yellow,#F4EE2A,51,8148,68.0,-26.0,122.4,90,CONCEPT_NOT_FIT_VALIDATED
DUC-F-08149,p4-4x2,Yellow,#F4EE2A,51,8149,-66.0,-14.0,122.4,90,CONCEPT_NOT_FIT_VALIDATED
DUC-F-08150,p4-4x2,Yellow,#F4EE2A,51,8150,-58.0,-14.0,122.4,90,CONCEPT_NOT_FIT_VALIDATED
DUC-F-08151,p4-4x2,Yellow,#F4EE2A,51,8151,-50.0,-14.0,122.4,90,CONCEPT_NOT_FIT_VALIDATED
DUC-F-08152,p4-4x2,Yellow,#F4EE2A,51,8152,-42.0,-14.0,122.4,90,CONCEPT_NOT_FIT_VALIDATED
DUC-F-08153,p4-4x2,Yellow,#F4EE2A,51,8153,-34.0,-14.0,122.4,90,CONCEPT_NOT_FIT_VALIDATED
DUC-F-08154,p4-4x2,Yellow,#F4EE2A,51,8154,-26.0,-14.0,122.4,90,CONCEPT_NOT_FIT_VALIDATED
DUC-F-08155,p4-4x2,Yellow,#F4EE2A,51,8155,-18.0,-14.0,122.4,90,CONCEPT_NOT_FIT_VALIDATED
DUC-F-08156,p4-4x2,Yellow,#F4EE2A,51,8156,-10.0,-14.0,122.4,90,CONCEPT_NOT_FIT_VALIDATED
DUC-F-08157,p4-4x2,Yellow,#F4EE2A,51,8157,-2.0,-14.0,122.4,90,CONCEPT_NOT_FIT_VALIDATED
DUC-F-08158,p4-4x2,Yellow,#F4EE2A,51,8158,6.0,-14.0,122.4,90,CONCEPT_NOT_FIT_VALIDATED
DUC-F-08159,p4-4x2,Yellow,#F4EE2A,51,8159,14.0,-14.0,122.4,90,CONCEPT_NOT_FIT_VALIDATED
DUC-F-08160,p4-4x2,Yellow,#F4EE2A,51,8160,22.0,-14.0,122.4,90,CONCEPT_NOT_FIT_VALIDATED
DUC-F-08161,p4-4x2,Yellow,#F4EE2A,51,8161,30.0,-14.0,122.4,90,CONCEPT_NOT_FIT_VALIDATED
DUC-F-08162,p4-4x2,Yellow,#F4EE2A,51,8162,38.0,-14.0,122.4,90,CONCEPT_NOT_FIT_VALIDATED
DUC-F-08163,p4-4x2,Yellow,#F4EE2A,51,8163,46.0,-14.0,122.4,90,CONCEPT_NOT_FIT_VALIDATED
DUC-F-08164,p4-4x2,Yellow,#F4EE2A,51,8164,54.0,-14.0,122.4,90,CONCEPT_NOT_FIT_VALIDATED
DUC-F-08165,p4-4x2,Yellow,#F4EE2A,51,8165,62.0,-14.0,122.4,90,CONCEPT_NOT_FIT_VALIDATED
DUC-F-08166,p4-4x1,Yellow,#F4EE2A,51,8166,68.0,-14.0,122.4,90,CONCEPT_NOT_FIT_VALIDATED
DUC-F-08167,p4-4x2,Yellow,#F4EE2A,51,8167,-66.0,2.0,122.4,90,CONCEPT_NOT_FIT_VALIDATED
DUC-F-08168,p4-4x2,Yellow,#F4EE2A,51,8168,-58.0,2.0,122.4,90,CONCEPT_NOT_FIT_VALIDATED
DUC-F-08169,p4-4x2,Yellow,#F4EE2A,51,8169,-50.0,2.0,122.4,90,CONCEPT_NOT_FIT_VALIDATED
DUC-F-08170,p4-4x2,Yellow,#F4EE2A,51,8170,-42.0,2.0,122.4,90,CONCEPT_NOT_FIT_VALIDATED
DUC-F-08171,p4-4x2,Yellow,#F4EE2A,51,8171,-34.0,2.0,122.4,90,CONCEPT_NOT_FIT_VALIDATED
DUC-F-08172,p4-4x2,Yellow,#F4EE2A,51,8172,-26.0,2.0,122.4,90,CONCEPT_NOT_FIT_VALIDATED
DUC-F-08173,p4-4x2,Yellow,#F4EE2A,51,8173,-18.0,2.0,122.4,90,CONCEPT_NOT_FIT_VALIDATED
DUC-F-08174,p4-4x2,Yellow,#F4EE2A,51,8174,-10.0,2.0,122.4,90,CONCEPT_NOT_FIT_VALIDATED
DUC-F-08175,p4-4x2,Yellow,#F4EE2A,51,8175,-2.0,2.0,122.4,90,CONCEPT_NOT_FIT_VALIDATED
DUC-F-08176,p4-4x2,Yellow,#F4EE2A,51,8176,6.0,2.0,122.4,90,CONCEPT_NOT_FIT_VALIDATED
DUC-F-08177,p4-4x2,Yellow,#F4EE2A,51,8177,14.0,2.0,122.4,90,CONCEPT_NOT_FIT_VALIDATED
DUC-F-08178,p4-4x2,Yellow,#F4EE2A,51,8178,22.0,2.0,122.4,90,CONCEPT_NOT_FIT_VALIDATED
DUC-F-08179,p4-4x2,Yellow,#F4EE2A,51,8179,30.0,2.0,122.4,90,CONCEPT_NOT_FIT_VALIDATED
DUC-F-08180,p4-4x2,Yellow,#F4EE2A,51,8180,38.0,2.0,122.4,90,CONCEPT_NOT_FIT_VALIDATED
DUC-F-08181,p4-4x2,Yellow,#F4EE2A,51,8181,46.0,2.0,122.4,90,CONCEPT_NOT_FIT_VALIDATED
DUC-F-08182,p4-4x2,Yellow,#F4EE2A,51,8182,54.0,2.0,122.4,90,CONCEPT_NOT_FIT_VALIDATED
DUC-F-08183,p4-4x2,Yellow,#F4EE2A,51,8183,62.0,2.0,122.4,90,CONCEPT_NOT_FIT_VALIDATED
DUC-F-08184,p4-3x1,Yellow,#F4EE2A,51,8184,68.0,0.0,122.4,90,CONCEPT_NOT_FIT_VALIDATED
DUC-F-08185,p4-3x1,Yellow,#F4EE2A,51,8185,-64.0,16.0,122.4,90,CONCEPT_NOT_FIT_VALIDATED
DUC-F-08186,p4-4x2,Yellow,#F4EE2A,51,8186,-58.0,18.0,122.4,90,CONCEPT_NOT_FIT_VALIDATED
DUC-F-08187,p4-4x2,Yellow,#F4EE2A,51,8187,-50.0,18.0,122.4,90,CONCEPT_NOT_FIT_VALIDATED
DUC-F-08188,p4-4x2,Yellow,#F4EE2A,51,8188,-42.0,18.0,122.4,90,CONCEPT_NOT_FIT_VALIDATED
DUC-F-08189,p4-4x2,Yellow,#F4EE2A,51,8189,-34.0,18.0,122.4,90,CONCEPT_NOT_FIT_VALIDATED
DUC-F-08190,p4-4x2,Yellow,#F4EE2A,51,8190,-26.0,18.0,122.4,90,CONCEPT_NOT_FIT_VALIDATED
DUC-F-08191,p4-4x2,Yellow,#F4EE2A,51,8191,-18.0,18.0,122.4,90,CONCEPT_NOT_FIT_VALIDATED
DUC-F-08192,p4-4x2,Yellow,#F4EE2A,51,8192,-10.0,18.0,122.4,90,CONCEPT_NOT_FIT_VALIDATED
DUC-F-08193,p4-4x2,Yellow,#F4EE2A,51,8193,-2.0,18.0,122.4,90,CONCEPT_NOT_FIT_VALIDATED
DUC-F-08194,p4-4x2,Yellow,#F4EE2A,51,8194,6.0,18.0,122.4,90,CONCEPT_NOT_FIT_VALIDATED
DUC-F-08195,p4-4x2,Yellow,#F4EE2A,51,8195,14.0,18.0,122.4,90,CONCEPT_NOT_FIT_VALIDATED
DUC-F-08196,p4-4x2,Yellow,#F4EE2A,51,8196,22.0,18.0,122.4,90,CONCEPT_NOT_FIT_VALIDATED
DUC-F-08197,p4-4x2,Yellow,#F4EE2A,51,8197,30.0,18.0,122.4,90,CONCEPT_NOT_FIT_VALIDATED
DUC-F-08198,p4-4x2,Yellow,#F4EE2A,51,8198,38.0,18.0,122.4,90,CONCEPT_NOT_FIT_VALIDATED
DUC-F-08199,p4-4x2,Yellow,#F4EE2A,51,8199,46.0,18.0,122.4,90,CONCEPT_NOT_FIT_VALIDATED
DUC-F-08200,p4-4x2,Yellow,#F4EE2A,51,8200,54.0,18.0,122.4,90,CONCEPT_NOT_FIT_VALIDATED
DUC-F-08201,p4-3x2,Yellow,#F4EE2A,51,8201,62.0,16.0,122.4,90,CONCEPT_NOT_FIT_VALIDATED
DUC-F-08202,p4-1x1,Yellow,#F4EE2A,51,8202,60.0,24.0,122.4,0,CONCEPT_NOT_FIT_VALIDATED
DUC-F-08203,p4-2x1,Yellow,#F4EE2A,51,8203,-58.0,28.0,122.4,0,CONCEPT_NOT_FIT_VALIDATED
DUC-F-08204,p4-3x2,Yellow,#F4EE2A,51,8204,-50.0,32.0,122.4,90,CONCEPT_NOT_FIT_VALIDATED
DUC-F-08205,p4-4x2,Yellow,#F4EE2A,51,8205,-42.0,34.0,122.4,90,CONCEPT_NOT_FIT_VALIDATED
DUC-F-08206,p4-4x2,Yellow,#F4EE2A,51,8206,-34.0,34.0,122.4,90,CONCEPT_NOT_FIT_VALIDATED
DUC-F-08207,p4-4x2,Yellow,#F4EE2A,51,8207,-26.0,34.0,122.4,90,CONCEPT_NOT_FIT_VALIDATED
DUC-F-08208,p4-4x2,Yellow,#F4EE2A,51,8208,-18.0,34.0,122.4,90,CONCEPT_NOT_FIT_VALIDATED
DUC-F-08209,p4-4x2,Yellow,#F4EE2A,51,8209,-10.0,34.0,122.4,90,CONCEPT_NOT_FIT_VALIDATED
DUC-F-08210,p4-4x2,Yellow,#F4EE2A,51,8210,-2.0,34.0,122.4,90,CONCEPT_NOT_FIT_VALIDATED
DUC-F-08211,p4-4x2,Yellow,#F4EE2A,51,8211,6.0,34.0,122.4,90,CONCEPT_NOT_FIT_VALIDATED
DUC-F-08212,p4-4x2,Yellow,#F4EE2A,51,8212,14.0,34.0,122.4,90,CONCEPT_NOT_FIT_VALIDATED
DUC-F-08213,p4-4x2,Yellow,#F4EE2A,51,8213,22.0,34.0,122.4,90,CONCEPT_NOT_FIT_VALIDATED
DUC-F-08214,p4-4x2,Yellow,#F4EE2A,51,8214,30.0,34.0,122.4,90,CONCEPT_NOT_FIT_VALIDATED
DUC-F-08215,p4-4x2,Yellow,#F4EE2A,51,8215,38.0,34.0,122.4,90,CONCEPT_NOT_FIT_VALIDATED
DUC-F-08216,p4-4x2,Yellow,#F4EE2A,51,8216,46.0,34.0,122.4,90,CONCEPT_NOT_FIT_VALIDATED
DUC-F-08217,p4-2x2,Yellow,#F4EE2A,51,8217,54.0,30.0,122.4,0,CONCEPT_NOT_FIT_VALIDATED
DUC-F-08218,p4-1x1,Yellow,#F4EE2A,51,8218,60.0,28.0,122.4,0,CONCEPT_NOT_FIT_VALIDATED
DUC-F-08219,p4-1x1,Yellow,#F4EE2A,51,8219,-56.0,32.0,122.4,0,CONCEPT_NOT_FIT_VALIDATED
DUC-F-08220,p4-1x1,Yellow,#F4EE2A,51,8220,52.0,36.0,122.4,0,CONCEPT_NOT_FIT_VALIDATED
DUC-F-08221,p4-1x1,Yellow,#F4EE2A,51,8221,-48.0,40.0,122.4,0,CONCEPT_NOT_FIT_VALIDATED
DUC-F-08222,p4-2x1,Yellow,#F4EE2A,51,8222,-42.0,44.0,122.4,0,CONCEPT_NOT_FIT_VALIDATED
DUC-F-08223,p4-2x2,Yellow,#F4EE2A,51,8223,-34.0,46.0,122.4,0,CONCEPT_NOT_FIT_VALIDATED
DUC-F-08224,p4-3x2,Yellow,#F4EE2A,51,8224,-26.0,48.0,122.4,90,CONCEPT_NOT_FIT_VALIDATED
DUC-F-08225,p4-4x2,Yellow,#F4EE2A,51,8225,-18.0,50.0,122.4,90,CONCEPT_NOT_FIT_VALIDATED
DUC-F-08226,p4-4x2,Yellow,#F4EE2A,51,8226,-10.0,50.0,122.4,90,CONCEPT_NOT_FIT_VALIDATED
DUC-F-08227,p4-4x2,Yellow,#F4EE2A,51,8227,-2.0,50.0,122.4,90,CONCEPT_NOT_FIT_VALIDATED
DUC-F-08228,p4-4x2,Yellow,#F4EE2A,51,8228,6.0,50.0,122.4,90,CONCEPT_NOT_FIT_VALIDATED
DUC-F-08229,p4-4x2,Yellow,#F4EE2A,51,8229,14.0,50.0,122.4,90,CONCEPT_NOT_FIT_VALIDATED
DUC-F-08230,p4-3x2,Yellow,#F4EE2A,51,8230,22.0,48.0,122.4,90,CONCEPT_NOT_FIT_VALIDATED
DUC-F-08231,p4-3x2,Yellow,#F4EE2A,51,8231,30.0,48.0,122.4,90,CONCEPT_NOT_FIT_VALIDATED
DUC-F-08232,p4-2x2,Yellow,#F4EE2A,51,8232,38.0,46.0,122.4,0,CONCEPT_NOT_FIT_VALIDATED
DUC-F-08233,p4-1x1,Yellow,#F4EE2A,51,8233,44.0,44.0,122.4,0,CONCEPT_NOT_FIT_VALIDATED
DUC-F-08234,p4-1x1,Yellow,#F4EE2A,51,8234,-40.0,48.0,122.4,0,CONCEPT_NOT_FIT_VALIDATED
DUC-F-08235,p4-1x1,Yellow,#F4EE2A,51,8235,-32.0,52.0,122.4,0,CONCEPT_NOT_FIT_VALIDATED
DUC-F-08236,p4-1x1,Yellow,#F4EE2A,51,8236,20.0,56.0,122.4,0,CONCEPT_NOT_FIT_VALIDATED
DUC-F-08237,p4-3x2,Yellow,#F4EE2A,52,8237,-64.0,-22.0,124.8,0,CONCEPT_NOT_FIT_VALIDATED
DUC-F-08238,p4-3x2,Yellow,#F4EE2A,52,8238,-64.0,-14.0,124.8,0,CONCEPT_NOT_FIT_VALIDATED
DUC-F-08239,p4-3x2,Yellow,#F4EE2A,52,8239,-64.0,-6.0,124.8,0,CONCEPT_NOT_FIT_VALIDATED
DUC-F-08240,p4-3x2,Yellow,#F4EE2A,52,8240,-64.0,2.0,124.8,0,CONCEPT_NOT_FIT_VALIDATED
DUC-F-08241,p4-3x1,Yellow,#F4EE2A,52,8241,-64.0,8.0,124.8,0,CONCEPT_NOT_FIT_VALIDATED
DUC-F-08242,p4-2x1,Yellow,#F4EE2A,52,8242,-62.0,-36.0,124.8,0,CONCEPT_NOT_FIT_VALIDATED
DUC-F-08243,p4-2x2,Yellow,#F4EE2A,52,8243,-62.0,-30.0,124.8,0,CONCEPT_NOT_FIT_VALIDATED
DUC-F-08244,p4-2x1,Yellow,#F4EE2A,52,8244,-62.0,12.0,124.8,0,CONCEPT_NOT_FIT_VALIDATED
DUC-F-08245,p4-2x2,Yellow,#F4EE2A,52,8245,-62.0,18.0,124.8,0,CONCEPT_NOT_FIT_VALIDATED
DUC-F-08246,p4-1x1,Yellow,#F4EE2A,52,8246,-60.0,-44.0,124.8,0,CONCEPT_NOT_FIT_VALIDATED
DUC-F-08247,p4-1x1,Yellow,#F4EE2A,52,8247,-60.0,-40.0,124.8,0,CONCEPT_NOT_FIT_VALIDATED
DUC-F-08248,p4-2x1,Yellow,#F4EE2A,52,8248,-60.0,26.0,124.8,90,CONCEPT_NOT_FIT_VALIDATED
DUC-F-08249,p4-4x2,Yellow,#F4EE2A,52,8249,-50.0,-46.0,124.8,0,CONCEPT_NOT_FIT_VALIDATED
DUC-F-08250,p4-4x2,Yellow,#F4EE2A,52,8250,-50.0,-38.0,124.8,0,CONCEPT_NOT_FIT_VALIDATED
DUC-F-08251,p4-4x2,Yellow,#F4EE2A,52,8251,-50.0,-30.0,124.8,0,CONCEPT_NOT_FIT_VALIDATED
DUC-F-08252,p4-4x2,Yellow,#F4EE2A,52,8252,-50.0,-22.0,124.8,0,CONCEPT_NOT_FIT_VALIDATED
DUC-F-08253,p4-4x2,Yellow,#F4EE2A,52,8253,-50.0,-14.0,124.8,0,CONCEPT_NOT_FIT_VALIDATED
DUC-F-08254,p4-4x2,Yellow,#F4EE2A,52,8254,-50.0,-6.0,124.8,0,CONCEPT_NOT_FIT_VALIDATED
DUC-F-08255,p4-4x2,Yellow,#F4EE2A,52,8255,-50.0,2.0,124.8,0,CONCEPT_NOT_FIT_VALIDATED
DUC-F-08256,p4-4x2,Yellow,#F4EE2A,52,8256,-50.0,10.0,124.8,0,CONCEPT_NOT_FIT_VALIDATED
DUC-F-08257,p4-4x2,Yellow,#F4EE2A,52,8257,-50.0,18.0,124.8,0,CONCEPT_NOT_FIT_VALIDATED
DUC-F-08258,p4-4x2,Yellow,#F4EE2A,52,8258,-50.0,26.0,124.8,0,CONCEPT_NOT_FIT_VALIDATED
DUC-F-08259,p4-4x1,Yellow,#F4EE2A,52,8259,-50.0,32.0,124.8,0,CONCEPT_NOT_FIT_VALIDATED
DUC-F-08260,p4-3x1,Yellow,#F4EE2A,52,8260,-48.0,-52.0,124.8,0,CONCEPT_NOT_FIT_VALIDATED
DUC-F-08261,p4-3x1,Yellow,#F4EE2A,52,8261,-48.0,36.0,124.8,0,CONCEPT_NOT_FIT_VALIDATED
DUC-F-08262,p4-2x1,Yellow,#F4EE2A,52,8262,-46.0,-56.0,124.8,0,CONCEPT_NOT_FIT_VALIDATED
DUC-F-08263,p4-2x1,Yellow,#F4EE2A,52,8263,-46.0,40.0,124.8,0,CONCEPT_NOT_FIT_VALIDATED
DUC-F-08264,p4-1x1,Yellow,#F4EE2A,52,8264,-44.0,-60.0,124.8,0,CONCEPT_NOT_FIT_VALIDATED
DUC-F-08265,p4-1x1,Yellow,#F4EE2A,52,8265,-44.0,44.0,124.8,0,CONCEPT_NOT_FIT_VALIDATED
DUC-F-08266,p4-4x1,Yellow,#F4EE2A,52,8266,-34.0,-60.0,124.8,0,CONCEPT_NOT_FIT_VALIDATED
DUC-F-08267,p4-4x2,Yellow,#F4EE2A,52,8267,-34.0,-54.0,124.8,0,CONCEPT_NOT_FIT_VALIDATED
DUC-F-08268,p4-4x2,Yellow,#F4EE2A,52,8268,-34.0,-46.0,124.8,0,CONCEPT_NOT_FIT_VALIDATED
DUC-F-08269,p4-4x2,Yellow,#F4EE2A,52,8269,-34.0,-38.0,124.8,0,CONCEPT_NOT_FIT_VALIDATED
DUC-F-08270,p4-4x2,Yellow,#F4EE2A,52,8270,-34.0,-30.0,124.8,0,CONCEPT_NOT_FIT_VALIDATED
DUC-F-08271,p4-4x2,Yellow,#F4EE2A,52,8271,-34.0,-22.0,124.8,0,CONCEPT_NOT_FIT_VALIDATED
DUC-F-08272,p4-4x2,Yellow,#F4EE2A,52,8272,-34.0,-14.0,124.8,0,CONCEPT_NOT_FIT_VALIDATED
DUC-F-08273,p4-4x2,Yellow,#F4EE2A,52,8273,-34.0,-6.0,124.8,0,CONCEPT_NOT_FIT_VALIDATED
DUC-F-08274,p4-4x2,Yellow,#F4EE2A,52,8274,-34.0,2.0,124.8,0,CONCEPT_NOT_FIT_VALIDATED
DUC-F-08275,p4-4x2,Yellow,#F4EE2A,52,8275,-34.0,10.0,124.8,0,CONCEPT_NOT_FIT_VALIDATED
DUC-F-08276,p4-4x2,Yellow,#F4EE2A,52,8276,-34.0,18.0,124.8,0,CONCEPT_NOT_FIT_VALIDATED
DUC-F-08277,p4-4x2,Yellow,#F4EE2A,52,8277,-34.0,26.0,124.8,0,CONCEPT_NOT_FIT_VALIDATED
DUC-F-08278,p4-4x2,Yellow,#F4EE2A,52,8278,-34.0,34.0,124.8,0,CONCEPT_NOT_FIT_VALIDATED
DUC-F-08279,p4-4x2,Yellow,#F4EE2A,52,8279,-34.0,42.0,124.8,0,CONCEPT_NOT_FIT_VALIDATED
DUC-F-08280,p4-4x1,Yellow,#F4EE2A,52,8280,-34.0,48.0,124.8,0,CONCEPT_NOT_FIT_VALIDATED
DUC-F-08281,p4-3x1,Yellow,#F4EE2A,52,8281,-32.0,-64.0,124.8,0,CONCEPT_NOT_FIT_VALIDATED
DUC-F-08282,p4-2x1,Yellow,#F4EE2A,52,8282,-30.0,52.0,124.8,0,CONCEPT_NOT_FIT_VALIDATED
DUC-F-08283,p4-1x1,Yellow,#F4EE2A,52,8283,-28.0,-68.0,124.8,0,CONCEPT_NOT_FIT_VALIDATED
DUC-F-08284,p4-4x1,Yellow,#F4EE2A,52,8284,-18.0,-68.0,124.8,0,CONCEPT_NOT_FIT_VALIDATED
DUC-F-08285,p4-4x2,Yellow,#F4EE2A,52,8285,-18.0,-62.0,124.8,0,CONCEPT_NOT_FIT_VALIDATED
DUC-F-08286,p4-4x2,Yellow,#F4EE2A,52,8286,-18.0,-54.0,124.8,0,CONCEPT_NOT_FIT_VALIDATED
DUC-F-08287,p4-4x2,Yellow,#F4EE2A,52,8287,-18.0,-46.0,124.8,0,CONCEPT_NOT_FIT_VALIDATED
DUC-F-08288,p4-4x2,Yellow,#F4EE2A,52,8288,-18.0,-38.0,124.8,0,CONCEPT_NOT_FIT_VALIDATED
DUC-F-08289,p4-4x2,Yellow,#F4EE2A,52,8289,-18.0,-30.0,124.8,0,CONCEPT_NOT_FIT_VALIDATED
DUC-F-08290,p4-4x2,Yellow,#F4EE2A,52,8290,-18.0,-22.0,124.8,0,CONCEPT_NOT_FIT_VALIDATED
DUC-F-08291,p4-4x2,Yellow,#F4EE2A,52,8291,-18.0,-14.0,124.8,0,CONCEPT_NOT_FIT_VALIDATED
DUC-F-08292,p4-4x2,Yellow,#F4EE2A,52,8292,-18.0,-6.0,124.8,0,CONCEPT_NOT_FIT_VALIDATED
DUC-F-08293,p4-4x2,Yellow,#F4EE2A,52,8293,-18.0,2.0,124.8,0,CONCEPT_NOT_FIT_VALIDATED
DUC-F-08294,p4-4x2,Yellow,#F4EE2A,52,8294,-18.0,10.0,124.8,0,CONCEPT_NOT_FIT_VALIDATED
DUC-F-08295,p4-4x2,Yellow,#F4EE2A,52,8295,-18.0,18.0,124.8,0,CONCEPT_NOT_FIT_VALIDATED
DUC-F-08296,p4-4x2,Yellow,#F4EE2A,52,8296,-18.0,26.0,124.8,0,CONCEPT_NOT_FIT_VALIDATED
DUC-F-08297,p4-4x2,Yellow,#F4EE2A,52,8297,-18.0,34.0,124.8,0,CONCEPT_NOT_FIT_VALIDATED
DUC-F-08298,p4-4x2,Yellow,#F4EE2A,52,8298,-18.0,42.0,124.8,0,CONCEPT_NOT_FIT_VALIDATED
DUC-F-08299,p4-4x2,Yellow,#F4EE2A,52,8299,-18.0,50.0,124.8,0,CONCEPT_NOT_FIT_VALIDATED
DUC-F-08300,p4-3x1,Yellow,#F4EE2A,52,8300,-16.0,56.0,124.8,0,CONCEPT_NOT_FIT_VALIDATED
DUC-F-08301,p4-2x1,Yellow,#F4EE2A,52,8301,-14.0,-72.0,124.8,0,CONCEPT_NOT_FIT_VALIDATED
DUC-F-08302,p4-4x2,Yellow,#F4EE2A,52,8302,-2.0,-70.0,124.8,0,CONCEPT_NOT_FIT_VALIDATED
DUC-F-08303,p4-4x2,Yellow,#F4EE2A,52,8303,-2.0,-62.0,124.8,0,CONCEPT_NOT_FIT_VALIDATED
DUC-F-08304,p4-4x2,Yellow,#F4EE2A,52,8304,-2.0,-54.0,124.8,0,CONCEPT_NOT_FIT_VALIDATED
DUC-F-08305,p4-4x2,Yellow,#F4EE2A,52,8305,-2.0,-46.0,124.8,0,CONCEPT_NOT_FIT_VALIDATED
DUC-F-08306,p4-4x2,Yellow,#F4EE2A,52,8306,-2.0,-38.0,124.8,0,CONCEPT_NOT_FIT_VALIDATED
DUC-F-08307,p4-4x2,Yellow,#F4EE2A,52,8307,-2.0,-30.0,124.8,0,CONCEPT_NOT_FIT_VALIDATED
DUC-F-08308,p4-4x2,Yellow,#F4EE2A,52,8308,-2.0,-22.0,124.8,0,CONCEPT_NOT_FIT_VALIDATED
DUC-F-08309,p4-4x2,Yellow,#F4EE2A,52,8309,-2.0,-14.0,124.8,0,CONCEPT_NOT_FIT_VALIDATED
DUC-F-08310,p4-4x2,Yellow,#F4EE2A,52,8310,-2.0,-6.0,124.8,0,CONCEPT_NOT_FIT_VALIDATED
DUC-F-08311,p4-4x2,Yellow,#F4EE2A,52,8311,-2.0,2.0,124.8,0,CONCEPT_NOT_FIT_VALIDATED
DUC-F-08312,p4-4x2,Yellow,#F4EE2A,52,8312,-2.0,10.0,124.8,0,CONCEPT_NOT_FIT_VALIDATED
DUC-F-08313,p4-4x2,Yellow,#F4EE2A,52,8313,-2.0,18.0,124.8,0,CONCEPT_NOT_FIT_VALIDATED
DUC-F-08314,p4-4x2,Yellow,#F4EE2A,52,8314,-2.0,26.0,124.8,0,CONCEPT_NOT_FIT_VALIDATED
DUC-F-08315,p4-4x2,Yellow,#F4EE2A,52,8315,-2.0,34.0,124.8,0,CONCEPT_NOT_FIT_VALIDATED
DUC-F-08316,p4-4x2,Yellow,#F4EE2A,52,8316,-2.0,42.0,124.8,0,CONCEPT_NOT_FIT_VALIDATED
DUC-F-08317,p4-4x2,Yellow,#F4EE2A,52,8317,-2.0,50.0,124.8,0,CONCEPT_NOT_FIT_VALIDATED
DUC-F-08318,p4-4x1,Yellow,#F4EE2A,52,8318,-2.0,56.0,124.8,0,CONCEPT_NOT_FIT_VALIDATED
DUC-F-08319,p4-3x2,Yellow,#F4EE2A,52,8319,12.0,-70.0,124.8,0,CONCEPT_NOT_FIT_VALIDATED
DUC-F-08320,p4-4x2,Yellow,#F4EE2A,52,8320,14.0,-62.0,124.8,0,CONCEPT_NOT_FIT_VALIDATED
DUC-F-08321,p4-4x2,Yellow,#F4EE2A,52,8321,14.0,-54.0,124.8,0,CONCEPT_NOT_FIT_VALIDATED
DUC-F-08322,p4-4x2,Yellow,#F4EE2A,52,8322,14.0,-46.0,124.8,0,CONCEPT_NOT_FIT_VALIDATED
DUC-F-08323,p4-4x2,Yellow,#F4EE2A,52,8323,14.0,-38.0,124.8,0,CONCEPT_NOT_FIT_VALIDATED
DUC-F-08324,p4-4x2,Yellow,#F4EE2A,52,8324,14.0,-30.0,124.8,0,CONCEPT_NOT_FIT_VALIDATED
DUC-F-08325,p4-4x2,Yellow,#F4EE2A,52,8325,14.0,-22.0,124.8,0,CONCEPT_NOT_FIT_VALIDATED
DUC-F-08326,p4-4x2,Yellow,#F4EE2A,52,8326,14.0,-14.0,124.8,0,CONCEPT_NOT_FIT_VALIDATED
DUC-F-08327,p4-4x2,Yellow,#F4EE2A,52,8327,14.0,-6.0,124.8,0,CONCEPT_NOT_FIT_VALIDATED
DUC-F-08328,p4-4x2,Yellow,#F4EE2A,52,8328,14.0,2.0,124.8,0,CONCEPT_NOT_FIT_VALIDATED
DUC-F-08329,p4-4x2,Yellow,#F4EE2A,52,8329,14.0,10.0,124.8,0,CONCEPT_NOT_FIT_VALIDATED
DUC-F-08330,p4-4x2,Yellow,#F4EE2A,52,8330,14.0,18.0,124.8,0,CONCEPT_NOT_FIT_VALIDATED
DUC-F-08331,p4-4x2,Yellow,#F4EE2A,52,8331,14.0,26.0,124.8,0,CONCEPT_NOT_FIT_VALIDATED
DUC-F-08332,p4-4x2,Yellow,#F4EE2A,52,8332,14.0,34.0,124.8,0,CONCEPT_NOT_FIT_VALIDATED
DUC-F-08333,p4-4x2,Yellow,#F4EE2A,52,8333,14.0,42.0,124.8,0,CONCEPT_NOT_FIT_VALIDATED
DUC-F-08334,p4-4x2,Yellow,#F4EE2A,52,8334,14.0,50.0,124.8,0,CONCEPT_NOT_FIT_VALIDATED
DUC-F-08335,p4-4x1,Yellow,#F4EE2A,52,8335,14.0,56.0,124.8,0,CONCEPT_NOT_FIT_VALIDATED
DUC-F-08336,p4-1x1,Yellow,#F4EE2A,52,8336,20.0,-68.0,124.8,0,CONCEPT_NOT_FIT_VALIDATED
DUC-F-08337,p4-2x1,Yellow,#F4EE2A,52,8337,26.0,-68.0,124.8,0,CONCEPT_NOT_FIT_VALIDATED
DUC-F-08338,p4-4x2,Yellow,#F4EE2A,52,8338,30.0,-62.0,124.8,0,CONCEPT_NOT_FIT_VALIDATED
DUC-F-08339,p4-4x2,Yellow,#F4EE2A,52,8339,30.0,-54.0,124.8,0,CONCEPT_NOT_FIT_VALIDATED
DUC-F-08340,p4-4x2,Yellow,#F4EE2A,52,8340,30.0,-46.0,124.8,0,CONCEPT_NOT_FIT_VALIDATED
DUC-F-08341,p4-4x2,Yellow,#F4EE2A,52,8341,30.0,-38.0,124.8,0,CONCEPT_NOT_FIT_VALIDATED
DUC-F-08342,p4-4x2,Yellow,#F4EE2A,52,8342,30.0,-30.0,124.8,0,CONCEPT_NOT_FIT_VALIDATED
DUC-F-08343,p4-4x2,Yellow,#F4EE2A,52,8343,30.0,-22.0,124.8,0,CONCEPT_NOT_FIT_VALIDATED
DUC-F-08344,p4-4x2,Yellow,#F4EE2A,52,8344,30.0,-14.0,124.8,0,CONCEPT_NOT_FIT_VALIDATED
DUC-F-08345,p4-4x2,Yellow,#F4EE2A,52,8345,30.0,-6.0,124.8,0,CONCEPT_NOT_FIT_VALIDATED
DUC-F-08346,p4-4x2,Yellow,#F4EE2A,52,8346,30.0,2.0,124.8,0,CONCEPT_NOT_FIT_VALIDATED
DUC-F-08347,p4-4x2,Yellow,#F4EE2A,52,8347,30.0,10.0,124.8,0,CONCEPT_NOT_FIT_VALIDATED
DUC-F-08348,p4-4x2,Yellow,#F4EE2A,52,8348,30.0,18.0,124.8,0,CONCEPT_NOT_FIT_VALIDATED
DUC-F-08349,p4-4x2,Yellow,#F4EE2A,52,8349,30.0,26.0,124.8,0,CONCEPT_NOT_FIT_VALIDATED
DUC-F-08350,p4-4x2,Yellow,#F4EE2A,52,8350,30.0,34.0,124.8,0,CONCEPT_NOT_FIT_VALIDATED
DUC-F-08351,p4-4x2,Yellow,#F4EE2A,52,8351,30.0,42.0,124.8,0,CONCEPT_NOT_FIT_VALIDATED
DUC-F-08352,p4-3x2,Yellow,#F4EE2A,52,8352,28.0,50.0,124.8,0,CONCEPT_NOT_FIT_VALIDATED
DUC-F-08353,p4-1x1,Yellow,#F4EE2A,52,8353,36.0,48.0,124.8,0,CONCEPT_NOT_FIT_VALIDATED
DUC-F-08354,p4-2x1,Yellow,#F4EE2A,52,8354,42.0,-60.0,124.8,0,CONCEPT_NOT_FIT_VALIDATED
DUC-F-08355,p4-3x2,Yellow,#F4EE2A,52,8355,44.0,-54.0,124.8,0,CONCEPT_NOT_FIT_VALIDATED
DUC-F-08356,p4-4x2,Yellow,#F4EE2A,52,8356,46.0,-46.0,124.8,0,CONCEPT_NOT_FIT_VALIDATED
DUC-F-08357,p4-4x2,Yellow,#F4EE2A,52,8357,46.0,-38.0,124.8,0,CONCEPT_NOT_FIT_VALIDATED
DUC-F-08358,p4-4x2,Yellow,#F4EE2A,52,8358,46.0,-30.0,124.8,0,CONCEPT_NOT_FIT_VALIDATED
DUC-F-08359,p4-4x2,Yellow,#F4EE2A,52,8359,46.0,-22.0,124.8,0,CONCEPT_NOT_FIT_VALIDATED
DUC-F-08360,p4-4x2,Yellow,#F4EE2A,52,8360,46.0,-14.0,124.8,0,CONCEPT_NOT_FIT_VALIDATED
DUC-F-08361,p4-4x2,Yellow,#F4EE2A,52,8361,46.0,-6.0,124.8,0,CONCEPT_NOT_FIT_VALIDATED
DUC-F-08362,p4-4x2,Yellow,#F4EE2A,52,8362,46.0,2.0,124.8,0,CONCEPT_NOT_FIT_VALIDATED
DUC-F-08363,p4-4x2,Yellow,#F4EE2A,52,8363,46.0,10.0,124.8,0,CONCEPT_NOT_FIT_VALIDATED
DUC-F-08364,p4-4x2,Yellow,#F4EE2A,52,8364,46.0,18.0,124.8,0,CONCEPT_NOT_FIT_VALIDATED
DUC-F-08365,p4-4x2,Yellow,#F4EE2A,52,8365,46.0,26.0,124.8,0,CONCEPT_NOT_FIT_VALIDATED
DUC-F-08366,p4-4x2,Yellow,#F4EE2A,52,8366,46.0,34.0,124.8,0,CONCEPT_NOT_FIT_VALIDATED
DUC-F-08367,p4-2x2,Yellow,#F4EE2A,52,8367,42.0,42.0,124.8,0,CONCEPT_NOT_FIT_VALIDATED
DUC-F-08368,p4-1x1,Yellow,#F4EE2A,52,8368,40.0,48.0,124.8,0,CONCEPT_NOT_FIT_VALIDATED
DUC-F-08369,p4-1x1,Yellow,#F4EE2A,52,8369,48.0,40.0,124.8,0,CONCEPT_NOT_FIT_VALIDATED
DUC-F-08370,p4-1x1,Yellow,#F4EE2A,52,8370,52.0,-52.0,124.8,0,CONCEPT_NOT_FIT_VALIDATED
DUC-F-08371,p4-2x1,Yellow,#F4EE2A,52,8371,56.0,-46.0,124.8,90,CONCEPT_NOT_FIT_VALIDATED
DUC-F-08372,p4-2x2,Yellow,#F4EE2A,52,8372,58.0,-38.0,124.8,0,CONCEPT_NOT_FIT_VALIDATED
DUC-F-08373,p4-3x2,Yellow,#F4EE2A,52,8373,60.0,-30.0,124.8,0,CONCEPT_NOT_FIT_VALIDATED
DUC-F-08374,p4-4x2,Yellow,#F4EE2A,52,8374,62.0,-22.0,124.8,0,CONCEPT_NOT_FIT_VALIDATED
DUC-F-08375,p4-4x2,Yellow,#F4EE2A,52,8375,62.0,-14.0,124.8,0,CONCEPT_NOT_FIT_VALIDATED
DUC-F-08376,p4-4x2,Yellow,#F4EE2A,52,8376,62.0,-6.0,124.8,0,CONCEPT_NOT_FIT_VALIDATED
DUC-F-08377,p4-4x2,Yellow,#F4EE2A,52,8377,62.0,2.0,124.8,0,CONCEPT_NOT_FIT_VALIDATED
DUC-F-08378,p4-3x2,Yellow,#F4EE2A,52,8378,60.0,10.0,124.8,0,CONCEPT_NOT_FIT_VALIDATED
DUC-F-08379,p4-3x2,Yellow,#F4EE2A,52,8379,60.0,18.0,124.8,0,CONCEPT_NOT_FIT_VALIDATED
DUC-F-08380,p4-2x2,Yellow,#F4EE2A,52,8380,58.0,26.0,124.8,0,CONCEPT_NOT_FIT_VALIDATED
DUC-F-08381,p4-1x1,Yellow,#F4EE2A,52,8381,56.0,32.0,124.8,0,CONCEPT_NOT_FIT_VALIDATED
DUC-F-08382,p4-1x1,Yellow,#F4EE2A,52,8382,60.0,-44.0,124.8,0,CONCEPT_NOT_FIT_VALIDATED
DUC-F-08383,p4-1x1,Yellow,#F4EE2A,52,8383,64.0,-36.0,124.8,0,CONCEPT_NOT_FIT_VALIDATED
DUC-F-08384,p4-1x1,Yellow,#F4EE2A,52,8384,68.0,8.0,124.8,0,CONCEPT_NOT_FIT_VALIDATED
DUC-F-08385,p4-4x2,Yellow,#F4EE2A,53,8385,-14.0,-66.0,127.2,90,CONCEPT_NOT_FIT_VALIDATED
DUC-F-08386,p4-4x2,Yellow,#F4EE2A,53,8386,-6.0,-66.0,127.2,90,CONCEPT_NOT_FIT_VALIDATED
DUC-F-08387,p4-4x2,Yellow,#F4EE2A,53,8387,2.0,-66.0,127.2,90,CONCEPT_NOT_FIT_VALIDATED
DUC-F-08388,p4-4x2,Yellow,#F4EE2A,53,8388,10.0,-66.0,127.2,90,CONCEPT_NOT_FIT_VALIDATED
DUC-F-08389,p4-4x1,Yellow,#F4EE2A,53,8389,16.0,-66.0,127.2,90,CONCEPT_NOT_FIT_VALIDATED
DUC-F-08390,p4-3x1,Yellow,#F4EE2A,53,8390,-28.0,-64.0,127.2,90,CONCEPT_NOT_FIT_VALIDATED
DUC-F-08391,p4-3x2,Yellow,#F4EE2A,53,8391,-22.0,-64.0,127.2,90,CONCEPT_NOT_FIT_VALIDATED
DUC-F-08392,p4-3x1,Yellow,#F4EE2A,53,8392,20.0,-64.0,127.2,90,CONCEPT_NOT_FIT_VALIDATED
DUC-F-08393,p4-3x2,Yellow,#F4EE2A,53,8393,26.0,-64.0,127.2,90,CONCEPT_NOT_FIT_VALIDATED
DUC-F-08394,p4-2x1,Yellow,#F4EE2A,53,8394,-36.0,-62.0,127.2,90,CONCEPT_NOT_FIT_VALIDATED
DUC-F-08395,p4-2x1,Yellow,#F4EE2A,53,8395,-32.0,-62.0,127.2,90,CONCEPT_NOT_FIT_VALIDATED
DUC-F-08396,p4-2x2,Yellow,#F4EE2A,53,8396,34.0,-62.0,127.2,0,CONCEPT_NOT_FIT_VALIDATED
DUC-F-08397,p4-1x1,Yellow,#F4EE2A,53,8397,-44.0,-60.0,127.2,0,CONCEPT_NOT_FIT_VALIDATED
DUC-F-08398,p4-1x1,Yellow,#F4EE2A,53,8398,-40.0,-60.0,127.2,0,CONCEPT_NOT_FIT_VALIDATED
DUC-F-08399,p4-2x1,Yellow,#F4EE2A,53,8399,42.0,-60.0,127.2,0,CONCEPT_NOT_FIT_VALIDATED
DUC-F-08400,p4-4x2,Yellow,#F4EE2A,53,8400,-46.0,-50.0,127.2,90,CONCEPT_NOT_FIT_VALIDATED
DUC-F-08401,p4-4x2,Yellow,#F4EE2A,53,8401,-38.0,-50.0,127.2,90,CONCEPT_NOT_FIT_VALIDATED
DUC-F-08402,p4-4x2,Yellow,#F4EE2A,53,8402,-30.0,-50.0,127.2,90,CONCEPT_NOT_FIT_VALIDATED
DUC-F-08403,p4-4x2,Yellow,#F4EE2A,53,8403,-22.0,-50.0,127.2,90,CONCEPT_NOT_FIT_VALIDATED
DUC-F-08404,p4-4x2,Yellow,#F4EE2A,53,8404,-14.0,-50.0,127.2,90,CONCEPT_NOT_FIT_VALIDATED
DUC-F-08405,p4-4x2,Yellow,#F4EE2A,53,8405,-6.0,-50.0,127.2,90,CONCEPT_NOT_FIT_VALIDATED
DUC-F-08406,p4-4x2,Yellow,#F4EE2A,53,8406,2.0,-50.0,127.2,90,CONCEPT_NOT_FIT_VALIDATED
DUC-F-08407,p4-4x2,Yellow,#F4EE2A,53,8407,10.0,-50.0,127.2,90,CONCEPT_NOT_FIT_VALIDATED
DUC-F-08408,p4-4x2,Yellow,#F4EE2A,53,8408,18.0,-50.0,127.2,90,CONCEPT_NOT_FIT_VALIDATED
DUC-F-08409,p4-4x2,Yellow,#F4EE2A,53,8409,26.0,-50.0,127.2,90,CONCEPT_NOT_FIT_VALIDATED
DUC-F-08410,p4-4x2,Yellow,#F4EE2A,53,8410,34.0,-50.0,127.2,90,CONCEPT_NOT_FIT_VALIDATED
DUC-F-08411,p4-4x2,Yellow,#F4EE2A,53,8411,42.0,-50.0,127.2,90,CONCEPT_NOT_FIT_VALIDATED
DUC-F-08412,p4-4x1,Yellow,#F4EE2A,53,8412,48.0,-50.0,127.2,90,CONCEPT_NOT_FIT_VALIDATED
DUC-F-08413,p4-3x1,Yellow,#F4EE2A,53,8413,-52.0,-48.0,127.2,90,CONCEPT_NOT_FIT_VALIDATED
DUC-F-08414,p4-3x1,Yellow,#F4EE2A,53,8414,52.0,-48.0,127.2,90,CONCEPT_NOT_FIT_VALIDATED
DUC-F-08415,p4-2x1,Yellow,#F4EE2A,53,8415,-56.0,-46.0,127.2,90,CONCEPT_NOT_FIT_VALIDATED
DUC-F-08416,p4-2x1,Yellow,#F4EE2A,53,8416,56.0,-46.0,127.2,90,CONCEPT_NOT_FIT_VALIDATED
DUC-F-08417,p4-1x1,Yellow,#F4EE2A,53,8417,-60.0,-44.0,127.2,0,CONCEPT_NOT_FIT_VALIDATED
DUC-F-08418,p4-1x1,Yellow,#F4EE2A,53,8418,60.0,-44.0,127.2,0,CONCEPT_NOT_FIT_VALIDATED
DUC-F-08419,p4-4x1,Yellow,#F4EE2A,53,8419,-60.0,-34.0,127.2,90,CONCEPT_NOT_FIT_VALIDATED
DUC-F-08420,p4-4x2,Yellow,#F4EE2A,53,8420,-54.0,-34.0,127.2,90,CONCEPT_NOT_FIT_VALIDATED
DUC-F-08421,p4-4x2,Yellow,#F4EE2A,53,8421,-46.0,-34.0,127.2,90,CONCEPT_NOT_FIT_VALIDATED
DUC-F-08422,p4-4x2,Yellow,#F4EE2A,53,8422,-38.0,-34.0,127.2,90,CONCEPT_NOT_FIT_VALIDATED
DUC-F-08423,p4-4x2,Yellow,#F4EE2A,53,8423,-30.0,-34.0,127.2,90,CONCEPT_NOT_FIT_VALIDATED
DUC-F-08424,p4-4x2,Yellow,#F4EE2A,53,8424,-22.0,-34.0,127.2,90,CONCEPT_NOT_FIT_VALIDATED
DUC-F-08425,p4-4x2,Yellow,#F4EE2A,53,8425,-14.0,-34.0,127.2,90,CONCEPT_NOT_FIT_VALIDATED
DUC-F-08426,p4-4x2,Yellow,#F4EE2A,53,8426,-6.0,-34.0,127.2,90,CONCEPT_NOT_FIT_VALIDATED
DUC-F-08427,p4-4x2,Yellow,#F4EE2A,53,8427,2.0,-34.0,127.2,90,CONCEPT_NOT_FIT_VALIDATED
DUC-F-08428,p4-4x2,Yellow,#F4EE2A,53,8428,10.0,-34.0,127.2,90,CONCEPT_NOT_FIT_VALIDATED
DUC-F-08429,p4-4x2,Yellow,#F4EE2A,53,8429,18.0,-34.0,127.2,90,CONCEPT_NOT_FIT_VALIDATED
DUC-F-08430,p4-4x2,Yellow,#F4EE2A,53,8430,26.0,-34.0,127.2,90,CONCEPT_NOT_FIT_VALIDATED
DUC-F-08431,p4-4x2,Yellow,#F4EE2A,53,8431,34.0,-34.0,127.2,90,CONCEPT_NOT_FIT_VALIDATED
DUC-F-08432,p4-4x2,Yellow,#F4EE2A,53,8432,42.0,-34.0,127.2,90,CONCEPT_NOT_FIT_VALIDATED
DUC-F-08433,p4-4x2,Yellow,#F4EE2A,53,8433,50.0,-34.0,127.2,90,CONCEPT_NOT_FIT_VALIDATED
DUC-F-08434,p4-4x2,Yellow,#F4EE2A,53,8434,58.0,-34.0,127.2,90,CONCEPT_NOT_FIT_VALIDATED
DUC-F-08435,p4-3x1,Yellow,#F4EE2A,53,8435,-64.0,-32.0,127.2,90,CONCEPT_NOT_FIT_VALIDATED
DUC-F-08436,p4-3x1,Yellow,#F4EE2A,53,8436,64.0,-32.0,127.2,90,CONCEPT_NOT_FIT_VALIDATED
DUC-F-08437,p4-4x1,Yellow,#F4EE2A,53,8437,-68.0,-18.0,127.2,90,CONCEPT_NOT_FIT_VALIDATED
DUC-F-08438,p4-4x2,Yellow,#F4EE2A,53,8438,-62.0,-18.0,127.2,90,CONCEPT_NOT_FIT_VALIDATED
DUC-F-08439,p4-4x2,Yellow,#F4EE2A,53,8439,-54.0,-18.0,127.2,90,CONCEPT_NOT_FIT_VALIDATED
DUC-F-08440,p4-4x2,Yellow,#F4EE2A,53,8440,-46.0,-18.0,127.2,90,CONCEPT_NOT_FIT_VALIDATED
DUC-F-08441,p4-4x2,Yellow,#F4EE2A,53,8441,-38.0,-18.0,127.2,90,CONCEPT_NOT_FIT_VALIDATED
DUC-F-08442,p4-4x2,Yellow,#F4EE2A,53,8442,-30.0,-18.0,127.2,90,CONCEPT_NOT_FIT_VALIDATED
DUC-F-08443,p4-4x2,Yellow,#F4EE2A,53,8443,-22.0,-18.0,127.2,90,CONCEPT_NOT_FIT_VALIDATED
DUC-F-08444,p4-4x2,Yellow,#F4EE2A,53,8444,-14.0,-18.0,127.2,90,CONCEPT_NOT_FIT_VALIDATED
DUC-F-08445,p4-4x2,Yellow,#F4EE2A,53,8445,-6.0,-18.0,127.2,90,CONCEPT_NOT_FIT_VALIDATED
DUC-F-08446,p4-4x2,Yellow,#F4EE2A,53,8446,2.0,-18.0,127.2,90,CONCEPT_NOT_FIT_VALIDATED
DUC-F-08447,p4-4x2,Yellow,#F4EE2A,53,8447,10.0,-18.0,127.2,90,CONCEPT_NOT_FIT_VALIDATED
DUC-F-08448,p4-4x2,Yellow,#F4EE2A,53,8448,18.0,-18.0,127.2,90,CONCEPT_NOT_FIT_VALIDATED
DUC-F-08449,p4-4x2,Yellow,#F4EE2A,53,8449,26.0,-18.0,127.2,90,CONCEPT_NOT_FIT_VALIDATED
DUC-F-08450,p4-4x2,Yellow,#F4EE2A,53,8450,34.0,-18.0,127.2,90,CONCEPT_NOT_FIT_VALIDATED
DUC-F-08451,p4-4x2,Yellow,#F4EE2A,53,8451,42.0,-18.0,127.2,90,CONCEPT_NOT_FIT_VALIDATED
DUC-F-08452,p4-4x2,Yellow,#F4EE2A,53,8452,50.0,-18.0,127.2,90,CONCEPT_NOT_FIT_VALIDATED
DUC-F-08453,p4-4x2,Yellow,#F4EE2A,53,8453,58.0,-18.0,127.2,90,CONCEPT_NOT_FIT_VALIDATED
DUC-F-08454,p4-4x2,Yellow,#F4EE2A,53,8454,66.0,-18.0,127.2,90,CONCEPT_NOT_FIT_VALIDATED
DUC-F-08455,p4-4x1,Yellow,#F4EE2A,53,8455,-68.0,-2.0,127.2,90,CONCEPT_NOT_FIT_VALIDATED
DUC-F-08456,p4-4x2,Yellow,#F4EE2A,53,8456,-62.0,-2.0,127.2,90,CONCEPT_NOT_FIT_VALIDATED
DUC-F-08457,p4-4x2,Yellow,#F4EE2A,53,8457,-54.0,-2.0,127.2,90,CONCEPT_NOT_FIT_VALIDATED
DUC-F-08458,p4-4x2,Yellow,#F4EE2A,53,8458,-46.0,-2.0,127.2,90,CONCEPT_NOT_FIT_VALIDATED
DUC-F-08459,p4-4x2,Yellow,#F4EE2A,53,8459,-38.0,-2.0,127.2,90,CONCEPT_NOT_FIT_VALIDATED
DUC-F-08460,p4-4x2,Yellow,#F4EE2A,53,8460,-30.0,-2.0,127.2,90,CONCEPT_NOT_FIT_VALIDATED
DUC-F-08461,p4-4x2,Yellow,#F4EE2A,53,8461,-22.0,-2.0,127.2,90,CONCEPT_NOT_FIT_VALIDATED
DUC-F-08462,p4-4x2,Yellow,#F4EE2A,53,8462,-14.0,-2.0,127.2,90,CONCEPT_NOT_FIT_VALIDATED
DUC-F-08463,p4-4x2,Yellow,#F4EE2A,53,8463,-6.0,-2.0,127.2,90,CONCEPT_NOT_FIT_VALIDATED
DUC-F-08464,p4-4x2,Yellow,#F4EE2A,53,8464,2.0,-2.0,127.2,90,CONCEPT_NOT_FIT_VALIDATED
DUC-F-08465,p4-4x2,Yellow,#F4EE2A,53,8465,10.0,-2.0,127.2,90,CONCEPT_NOT_FIT_VALIDATED
DUC-F-08466,p4-4x2,Yellow,#F4EE2A,53,8466,18.0,-2.0,127.2,90,CONCEPT_NOT_FIT_VALIDATED
DUC-F-08467,p4-4x2,Yellow,#F4EE2A,53,8467,26.0,-2.0,127.2,90,CONCEPT_NOT_FIT_VALIDATED
DUC-F-08468,p4-4x2,Yellow,#F4EE2A,53,8468,34.0,-2.0,127.2,90,CONCEPT_NOT_FIT_VALIDATED
DUC-F-08469,p4-4x2,Yellow,#F4EE2A,53,8469,42.0,-2.0,127.2,90,CONCEPT_NOT_FIT_VALIDATED
DUC-F-08470,p4-4x2,Yellow,#F4EE2A,53,8470,50.0,-2.0,127.2,90,CONCEPT_NOT_FIT_VALIDATED
DUC-F-08471,p4-4x2,Yellow,#F4EE2A,53,8471,58.0,-2.0,127.2,90,CONCEPT_NOT_FIT_VALIDATED
DUC-F-08472,p4-4x2,Yellow,#F4EE2A,53,8472,66.0,-2.0,127.2,90,CONCEPT_NOT_FIT_VALIDATED
DUC-F-08473,p4-1x1,Yellow,#F4EE2A,53,8473,-68.0,8.0,127.2,0,CONCEPT_NOT_FIT_VALIDATED
DUC-F-08474,p4-4x2,Yellow,#F4EE2A,53,8474,-62.0,14.0,127.2,90,CONCEPT_NOT_FIT_VALIDATED
DUC-F-08475,p4-4x2,Yellow,#F4EE2A,53,8475,-54.0,14.0,127.2,90,CONCEPT_NOT_FIT_VALIDATED
DUC-F-08476,p4-4x2,Yellow,#F4EE2A,53,8476,-46.0,14.0,127.2,90,CONCEPT_NOT_FIT_VALIDATED
DUC-F-08477,p4-4x2,Yellow,#F4EE2A,53,8477,-38.0,14.0,127.2,90,CONCEPT_NOT_FIT_VALIDATED
DUC-F-08478,p4-4x2,Yellow,#F4EE2A,53,8478,-30.0,14.0,127.2,90,CONCEPT_NOT_FIT_VALIDATED
DUC-F-08479,p4-4x2,Yellow,#F4EE2A,53,8479,-22.0,14.0,127.2,90,CONCEPT_NOT_FIT_VALIDATED
DUC-F-08480,p4-4x2,Yellow,#F4EE2A,53,8480,-14.0,14.0,127.2,90,CONCEPT_NOT_FIT_VALIDATED
DUC-F-08481,p4-4x2,Yellow,#F4EE2A,53,8481,-6.0,14.0,127.2,90,CONCEPT_NOT_FIT_VALIDATED
DUC-F-08482,p4-4x2,Yellow,#F4EE2A,53,8482,2.0,14.0,127.2,90,CONCEPT_NOT_FIT_VALIDATED
DUC-F-08483,p4-4x2,Yellow,#F4EE2A,53,8483,10.0,14.0,127.2,90,CONCEPT_NOT_FIT_VALIDATED
DUC-F-08484,p4-4x2,Yellow,#F4EE2A,53,8484,18.0,14.0,127.2,90,CONCEPT_NOT_FIT_VALIDATED
DUC-F-08485,p4-4x2,Yellow,#F4EE2A,53,8485,26.0,14.0,127.2,90,CONCEPT_NOT_FIT_VALIDATED
DUC-F-08486,p4-4x2,Yellow,#F4EE2A,53,8486,34.0,14.0,127.2,90,CONCEPT_NOT_FIT_VALIDATED
DUC-F-08487,p4-4x2,Yellow,#F4EE2A,53,8487,42.0,14.0,127.2,90,CONCEPT_NOT_FIT_VALIDATED
DUC-F-08488,p4-4x2,Yellow,#F4EE2A,53,8488,50.0,14.0,127.2,90,CONCEPT_NOT_FIT_VALIDATED
DUC-F-08489,p4-4x2,Yellow,#F4EE2A,53,8489,58.0,14.0,127.2,90,CONCEPT_NOT_FIT_VALIDATED
DUC-F-08490,p4-4x1,Yellow,#F4EE2A,53,8490,64.0,14.0,127.2,90,CONCEPT_NOT_FIT_VALIDATED
DUC-F-08491,p4-1x1,Yellow,#F4EE2A,53,8491,68.0,8.0,127.2,0,CONCEPT_NOT_FIT_VALIDATED
DUC-F-08492,p4-2x1,Yellow,#F4EE2A,53,8492,-60.0,26.0,127.2,90,CONCEPT_NOT_FIT_VALIDATED
DUC-F-08493,p4-3x2,Yellow,#F4EE2A,53,8493,-54.0,28.0,127.2,90,CONCEPT_NOT_FIT_VALIDATED
DUC-F-08494,p4-4x2,Yellow,#F4EE2A,53,8494,-46.0,30.0,127.2,90,CONCEPT_NOT_FIT_VALIDATED
DUC-F-08495,p4-4x2,Yellow,#F4EE2A,53,8495,-38.0,30.0,127.2,90,CONCEPT_NOT_FIT_VALIDATED
DUC-F-08496,p4-4x2,Yellow,#F4EE2A,53,8496,-30.0,30.0,127.2,90,CONCEPT_NOT_FIT_VALIDATED
DUC-F-08497,p4-4x2,Yellow,#F4EE2A,53,8497,-22.0,30.0,127.2,90,CONCEPT_NOT_FIT_VALIDATED
DUC-F-08498,p4-4x2,Yellow,#F4EE2A,53,8498,-14.0,30.0,127.2,90,CONCEPT_NOT_FIT_VALIDATED
DUC-F-08499,p4-4x2,Yellow,#F4EE2A,53,8499,-6.0,30.0,127.2,90,CONCEPT_NOT_FIT_VALIDATED
DUC-F-08500,p4-4x2,Yellow,#F4EE2A,53,8500,2.0,30.0,127.2,90,CONCEPT_NOT_FIT_VALIDATED
DUC-F-08501,p4-4x2,Yellow,#F4EE2A,53,8501,10.0,30.0,127.2,90,CONCEPT_NOT_FIT_VALIDATED
DUC-F-08502,p4-4x2,Yellow,#F4EE2A,53,8502,18.0,30.0,127.2,90,CONCEPT_NOT_FIT_VALIDATED
DUC-F-08503,p4-4x2,Yellow,#F4EE2A,53,8503,26.0,30.0,127.2,90,CONCEPT_NOT_FIT_VALIDATED
DUC-F-08504,p4-4x2,Yellow,#F4EE2A,53,8504,34.0,30.0,127.2,90,CONCEPT_NOT_FIT_VALIDATED
DUC-F-08505,p4-4x2,Yellow,#F4EE2A,53,8505,42.0,30.0,127.2,90,CONCEPT_NOT_FIT_VALIDATED
DUC-F-08506,p4-4x2,Yellow,#F4EE2A,53,8506,50.0,30.0,127.2,90,CONCEPT_NOT_FIT_VALIDATED
DUC-F-08507,p4-3x1,Yellow,#F4EE2A,53,8507,56.0,28.0,127.2,90,CONCEPT_NOT_FIT_VALIDATED
DUC-F-08508,p4-1x1,Yellow,#F4EE2A,53,8508,60.0,24.0,127.2,0,CONCEPT_NOT_FIT_VALIDATED
DUC-F-08509,p4-1x1,Yellow,#F4EE2A,53,8509,-52.0,36.0,127.2,0,CONCEPT_NOT_FIT_VALIDATED
DUC-F-08510,p4-2x1,Yellow,#F4EE2A,53,8510,-46.0,40.0,127.2,0,CONCEPT_NOT_FIT_VALIDATED
DUC-F-08511,p4-3x2,Yellow,#F4EE2A,53,8511,-38.0,44.0,127.2,90,CONCEPT_NOT_FIT_VALIDATED
DUC-F-08512,p4-4x2,Yellow,#F4EE2A,53,8512,-30.0,46.0,127.2,90,CONCEPT_NOT_FIT_VALIDATED
DUC-F-08513,p4-4x2,Yellow,#F4EE2A,53,8513,-22.0,46.0,127.2,90,CONCEPT_NOT_FIT_VALIDATED
DUC-F-08514,p4-4x2,Yellow,#F4EE2A,53,8514,-14.0,46.0,127.2,90,CONCEPT_NOT_FIT_VALIDATED
DUC-F-08515,p4-4x2,Yellow,#F4EE2A,53,8515,-6.0,46.0,127.2,90,CONCEPT_NOT_FIT_VALIDATED
DUC-F-08516,p4-4x2,Yellow,#F4EE2A,53,8516,2.0,46.0,127.2,90,CONCEPT_NOT_FIT_VALIDATED
DUC-F-08517,p4-4x2,Yellow,#F4EE2A,53,8517,10.0,46.0,127.2,90,CONCEPT_NOT_FIT_VALIDATED
DUC-F-08518,p4-4x2,Yellow,#F4EE2A,53,8518,18.0,46.0,127.2,90,CONCEPT_NOT_FIT_VALIDATED
DUC-F-08519,p4-4x2,Yellow,#F4EE2A,53,8519,26.0,46.0,127.2,90,CONCEPT_NOT_FIT_VALIDATED
DUC-F-08520,p4-3x2,Yellow,#F4EE2A,53,8520,34.0,44.0,127.2,90,CONCEPT_NOT_FIT_VALIDATED
DUC-F-08521,p4-2x2,Yellow,#F4EE2A,53,8521,42.0,42.0,127.2,0,CONCEPT_NOT_FIT_VALIDATED
DUC-F-08522,p4-1x1,Yellow,#F4EE2A,53,8522,48.0,40.0,127.2,0,CONCEPT_NOT_FIT_VALIDATED
DUC-F-08523,p4-1x1,Yellow,#F4EE2A,53,8523,-44.0,44.0,127.2,0,CONCEPT_NOT_FIT_VALIDATED
DUC-F-08524,p4-1x1,Yellow,#F4EE2A,53,8524,40.0,48.0,127.2,0,CONCEPT_NOT_FIT_VALIDATED
DUC-F-08525,p4-1x1,Yellow,#F4EE2A,53,8525,32.0,52.0,127.2,0,CONCEPT_NOT_FIT_VALIDATED
DUC-F-08526,p4-1x1,Yellow,#F4EE2A,53,8526,-20.0,56.0,127.2,0,CONCEPT_NOT_FIT_VALIDATED
DUC-F-08527,p4-2x1,Yellow,#F4EE2A,53,8527,-14.0,56.0,127.2,0,CONCEPT_NOT_FIT_VALIDATED
DUC-F-08528,p4-2x1,Yellow,#F4EE2A,53,8528,-6.0,56.0,127.2,0,CONCEPT_NOT_FIT_VALIDATED
DUC-F-08529,p4-2x1,Yellow,#F4EE2A,53,8529,2.0,56.0,127.2,0,CONCEPT_NOT_FIT_VALIDATED
DUC-F-08530,p4-2x1,Yellow,#F4EE2A,53,8530,10.0,56.0,127.2,0,CONCEPT_NOT_FIT_VALIDATED
DUC-F-08531,p4-2x1,Yellow,#F4EE2A,53,8531,18.0,56.0,127.2,0,CONCEPT_NOT_FIT_VALIDATED
DUC-F-08532,p4-2x1,Yellow,#F4EE2A,54,8532,-66.0,-24.0,129.6,0,CONCEPT_NOT_FIT_VALIDATED
DUC-F-08533,p4-2x2,Yellow,#F4EE2A,54,8533,-66.0,-18.0,129.6,0,CONCEPT_NOT_FIT_VALIDATED
DUC-F-08534,p4-2x2,Yellow,#F4EE2A,54,8534,-66.0,-10.0,129.6,0,CONCEPT_NOT_FIT_VALIDATED
DUC-F-08535,p4-2x2,Yellow,#F4EE2A,54,8535,-66.0,-2.0,129.6,0,CONCEPT_NOT_FIT_VALIDATED
DUC-F-08536,p4-2x2,Yellow,#F4EE2A,54,8536,-66.0,6.0,129.6,0,CONCEPT_NOT_FIT_VALIDATED
DUC-F-08537,p4-2x1,Yellow,#F4EE2A,54,8537,-64.0,-34.0,129.6,90,CONCEPT_NOT_FIT_VALIDATED
DUC-F-08538,p4-1x1,Yellow,#F4EE2A,54,8538,-64.0,-28.0,129.6,0,CONCEPT_NOT_FIT_VALIDATED
DUC-F-08539,p4-2x1,Yellow,#F4EE2A,54,8539,-64.0,14.0,129.6,90,CONCEPT_NOT_FIT_VALIDATED
DUC-F-08540,p4-1x1,Yellow,#F4EE2A,54,8540,-64.0,20.0,129.6,0,CONCEPT_NOT_FIT_VALIDATED
DUC-F-08541,p4-4x2,Yellow,#F4EE2A,54,8541,-54.0,-42.0,129.6,0,CONCEPT_NOT_FIT_VALIDATED
DUC-F-08542,p4-4x2,Yellow,#F4EE2A,54,8542,-54.0,-34.0,129.6,0,CONCEPT_NOT_FIT_VALIDATED
DUC-F-08543,p4-4x2,Yellow,#F4EE2A,54,8543,-54.0,-26.0,129.6,0,CONCEPT_NOT_FIT_VALIDATED
DUC-F-08544,p4-4x2,Yellow,#F4EE2A,54,8544,-54.0,-18.0,129.6,0,CONCEPT_NOT_FIT_VALIDATED
DUC-F-08545,p4-4x2,Yellow,#F4EE2A,54,8545,-54.0,-10.0,129.6,0,CONCEPT_NOT_FIT_VALIDATED
DUC-F-08546,p4-4x2,Yellow,#F4EE2A,54,8546,-54.0,-2.0,129.6,0,CONCEPT_NOT_FIT_VALIDATED
DUC-F-08547,p4-4x2,Yellow,#F4EE2A,54,8547,-54.0,6.0,129.6,0,CONCEPT_NOT_FIT_VALIDATED
DUC-F-08548,p4-4x2,Yellow,#F4EE2A,54,8548,-54.0,14.0,129.6,0,CONCEPT_NOT_FIT_VALIDATED
DUC-F-08549,p4-4x2,Yellow,#F4EE2A,54,8549,-54.0,22.0,129.6,0,CONCEPT_NOT_FIT_VALIDATED
DUC-F-08550,p4-3x1,Yellow,#F4EE2A,54,8550,-52.0,-48.0,129.6,0,CONCEPT_NOT_FIT_VALIDATED
DUC-F-08551,p4-3x2,Yellow,#F4EE2A,54,8551,-52.0,30.0,129.6,0,CONCEPT_NOT_FIT_VALIDATED
DUC-F-08552,p4-2x1,Yellow,#F4EE2A,54,8552,-50.0,-52.0,129.6,0,CONCEPT_NOT_FIT_VALIDATED
DUC-F-08553,p4-2x1,Yellow,#F4EE2A,54,8553,-50.0,36.0,129.6,0,CONCEPT_NOT_FIT_VALIDATED
DUC-F-08554,p4-1x1,Yellow,#F4EE2A,54,8554,-48.0,-56.0,129.6,0,CONCEPT_NOT_FIT_VALIDATED
DUC-F-08555,p4-1x1,Yellow,#F4EE2A,54,8555,-48.0,40.0,129.6,0,CONCEPT_NOT_FIT_VALIDATED
DUC-F-08556,p4-4x2,Yellow,#F4EE2A,54,8556,-38.0,-58.0,129.6,0,CONCEPT_NOT_FIT_VALIDATED
DUC-F-08557,p4-4x2,Yellow,#F4EE2A,54,8557,-38.0,-50.0,129.6,0,CONCEPT_NOT_FIT_VALIDATED
DUC-F-08558,p4-4x2,Yellow,#F4EE2A,54,8558,-38.0,-42.0,129.6,0,CONCEPT_NOT_FIT_VALIDATED
DUC-F-08559,p4-4x2,Yellow,#F4EE2A,54,8559,-38.0,-34.0,129.6,0,CONCEPT_NOT_FIT_VALIDATED
DUC-F-08560,p4-4x2,Yellow,#F4EE2A,54,8560,-38.0,-26.0,129.6,0,CONCEPT_NOT_FIT_VALIDATED
DUC-F-08561,p4-4x2,Yellow,#F4EE2A,54,8561,-38.0,-18.0,129.6,0,CONCEPT_NOT_FIT_VALIDATED
DUC-F-08562,p4-4x2,Yellow,#F4EE2A,54,8562,-38.0,-10.0,129.6,0,CONCEPT_NOT_FIT_VALIDATED
DUC-F-08563,p4-4x2,Yellow,#F4EE2A,54,8563,-38.0,-2.0,129.6,0,CONCEPT_NOT_FIT_VALIDATED
DUC-F-08564,p4-4x2,Yellow,#F4EE2A,54,8564,-38.0,6.0,129.6,0,CONCEPT_NOT_FIT_VALIDATED
DUC-F-08565,p4-4x2,Yellow,#F4EE2A,54,8565,-38.0,14.0,129.6,0,CONCEPT_NOT_FIT_VALIDATED
DUC-F-08566,p4-4x2,Yellow,#F4EE2A,54,8566,-38.0,22.0,129.6,0,CONCEPT_NOT_FIT_VALIDATED
DUC-F-08567,p4-4x2,Yellow,#F4EE2A,54,8567,-38.0,30.0,129.6,0,CONCEPT_NOT_FIT_VALIDATED
DUC-F-08568,p4-4x2,Yellow,#F4EE2A,54,8568,-38.0,38.0,129.6,0,CONCEPT_NOT_FIT_VALIDATED
DUC-F-08569,p4-4x1,Yellow,#F4EE2A,54,8569,-38.0,44.0,129.6,0,CONCEPT_NOT_FIT_VALIDATED
DUC-F-08570,p4-2x1,Yellow,#F4EE2A,54,8570,-34.0,-64.0,129.6,0,CONCEPT_NOT_FIT_VALIDATED
DUC-F-08571,p4-2x1,Yellow,#F4EE2A,54,8571,-34.0,48.0,129.6,0,CONCEPT_NOT_FIT_VALIDATED
DUC-F-08572,p4-1x1,Yellow,#F4EE2A,54,8572,-32.0,52.0,129.6,0,CONCEPT_NOT_FIT_VALIDATED
DUC-F-08573,p4-4x2,Yellow,#F4EE2A,54,8573,-22.0,-66.0,129.6,0,CONCEPT_NOT_FIT_VALIDATED
DUC-F-08574,p4-4x2,Yellow,#F4EE2A,54,8574,-22.0,-58.0,129.6,0,CONCEPT_NOT_FIT_VALIDATED
DUC-F-08575,p4-4x2,Yellow,#F4EE2A,54,8575,-22.0,-50.0,129.6,0,CONCEPT_NOT_FIT_VALIDATED
DUC-F-08576,p4-4x2,Yellow,#F4EE2A,54,8576,-22.0,-42.0,129.6,0,CONCEPT_NOT_FIT_VALIDATED
DUC-F-08577,p4-4x2,Yellow,#F4EE2A,54,8577,-22.0,-34.0,129.6,0,CONCEPT_NOT_FIT_VALIDATED
DUC-F-08578,p4-4x2,Yellow,#F4EE2A,54,8578,-22.0,-26.0,129.6,0,CONCEPT_NOT_FIT_VALIDATED
DUC-F-08579,p4-4x2,Yellow,#F4EE2A,54,8579,-22.0,-18.0,129.6,0,CONCEPT_NOT_FIT_VALIDATED
DUC-F-08580,p4-4x2,Yellow,#F4EE2A,54,8580,-22.0,-10.0,129.6,0,CONCEPT_NOT_FIT_VALIDATED
DUC-F-08581,p4-4x2,Yellow,#F4EE2A,54,8581,-22.0,-2.0,129.6,0,CONCEPT_NOT_FIT_VALIDATED
DUC-F-08582,p4-4x2,Yellow,#F4EE2A,54,8582,-22.0,6.0,129.6,0,CONCEPT_NOT_FIT_VALIDATED
DUC-F-08583,p4-4x2,Yellow,#F4EE2A,54,8583,-22.0,14.0,129.6,0,CONCEPT_NOT_FIT_VALIDATED
DUC-F-08584,p4-4x2,Yellow,#F4EE2A,54,8584,-22.0,22.0,129.6,0,CONCEPT_NOT_FIT_VALIDATED
DUC-F-08585,p4-4x2,Yellow,#F4EE2A,54,8585,-22.0,30.0,129.6,0,CONCEPT_NOT_FIT_VALIDATED
DUC-F-08586,p4-4x2,Yellow,#F4EE2A,54,8586,-22.0,38.0,129.6,0,CONCEPT_NOT_FIT_VALIDATED
DUC-F-08587,p4-4x2,Yellow,#F4EE2A,54,8587,-22.0,46.0,129.6,0,CONCEPT_NOT_FIT_VALIDATED
DUC-F-08588,p4-4x1,Yellow,#F4EE2A,54,8588,-22.0,52.0,129.6,0,CONCEPT_NOT_FIT_VALIDATED
DUC-F-08589,p4-2x1,Yellow,#F4EE2A,54,8589,-18.0,56.0,129.6,0,CONCEPT_NOT_FIT_VALIDATED
DUC-F-08590,p4-1x1,Yellow,#F4EE2A,54,8590,-16.0,-72.0,129.6,0,CONCEPT_NOT_FIT_VALIDATED
DUC-F-08591,p4-4x1,Yellow,#F4EE2A,54,8591,-6.0,-72.0,129.6,0,CONCEPT_NOT_FIT_VALIDATED
DUC-F-08592,p4-4x2,Yellow,#F4EE2A,54,8592,-6.0,-66.0,129.6,0,CONCEPT_NOT_FIT_VALIDATED
DUC-F-08593,p4-4x2,Yellow,#F4EE2A,54,8593,-6.0,-58.0,129.6,0,CONCEPT_NOT_FIT_VALIDATED
DUC-F-08594,p4-4x2,Yellow,#F4EE2A,54,8594,-6.0,-50.0,129.6,0,CONCEPT_NOT_FIT_VALIDATED
DUC-F-08595,p4-4x2,Yellow,#F4EE2A,54,8595,-6.0,-42.0,129.6,0,CONCEPT_NOT_FIT_VALIDATED
DUC-F-08596,p4-4x2,Yellow,#F4EE2A,54,8596,-6.0,-34.0,129.6,0,CONCEPT_NOT_FIT_VALIDATED
DUC-F-08597,p4-4x2,Yellow,#F4EE2A,54,8597,-6.0,-26.0,129.6,0,CONCEPT_NOT_FIT_VALIDATED
DUC-F-08598,p4-4x2,Yellow,#F4EE2A,54,8598,-6.0,-18.0,129.6,0,CONCEPT_NOT_FIT_VALIDATED
DUC-F-08599,p4-4x2,Yellow,#F4EE2A,54,8599,-6.0,-10.0,129.6,0,CONCEPT_NOT_FIT_VALIDATED
DUC-F-08600,p4-4x2,Yellow,#F4EE2A,54,8600,-6.0,-2.0,129.6,0,CONCEPT_NOT_FIT_VALIDATED
DUC-F-08601,p4-4x2,Yellow,#F4EE2A,54,8601,-6.0,6.0,129.6,0,CONCEPT_NOT_FIT_VALIDATED
DUC-F-08602,p4-4x2,Yellow,#F4EE2A,54,8602,-6.0,14.0,129.6,0,CONCEPT_NOT_FIT_VALIDATED
DUC-F-08603,p4-4x2,Yellow,#F4EE2A,54,8603,-6.0,22.0,129.6,0,CONCEPT_NOT_FIT_VALIDATED
DUC-F-08604,p4-4x2,Yellow,#F4EE2A,54,8604,-6.0,30.0,129.6,0,CONCEPT_NOT_FIT_VALIDATED
DUC-F-08605,p4-4x2,Yellow,#F4EE2A,54,8605,-6.0,38.0,129.6,0,CONCEPT_NOT_FIT_VALIDATED
DUC-F-08606,p4-4x2,Yellow,#F4EE2A,54,8606,-6.0,46.0,129.6,0,CONCEPT_NOT_FIT_VALIDATED
DUC-F-08607,p4-4x2,Yellow,#F4EE2A,54,8607,-6.0,54.0,129.6,0,CONCEPT_NOT_FIT_VALIDATED
DUC-F-08608,p4-4x1,Yellow,#F4EE2A,54,8608,10.0,-72.0,129.6,0,CONCEPT_NOT_FIT_VALIDATED
DUC-F-08609,p4-4x2,Yellow,#F4EE2A,54,8609,10.0,-66.0,129.6,0,CONCEPT_NOT_FIT_VALIDATED
DUC-F-08610,p4-4x2,Yellow,#F4EE2A,54,8610,10.0,-58.0,129.6,0,CONCEPT_NOT_FIT_VALIDATED
DUC-F-08611,p4-4x2,Yellow,#F4EE2A,54,8611,10.0,-50.0,129.6,0,CONCEPT_NOT_FIT_VALIDATED
DUC-F-08612,p4-4x2,Yellow,#F4EE2A,54,8612,10.0,-42.0,129.6,0,CONCEPT_NOT_FIT_VALIDATED
DUC-F-08613,p4-4x2,Yellow,#F4EE2A,54,8613,10.0,-34.0,129.6,0,CONCEPT_NOT_FIT_VALIDATED
DUC-F-08614,p4-4x2,Yellow,#F4EE2A,54,8614,10.0,-26.0,129.6,0,CONCEPT_NOT_FIT_VALIDATED
DUC-F-08615,p4-4x2,Yellow,#F4EE2A,54,8615,10.0,-18.0,129.6,0,CONCEPT_NOT_FIT_VALIDATED
DUC-F-08616,p4-4x2,Yellow,#F4EE2A,54,8616,10.0,-10.0,129.6,0,CONCEPT_NOT_FIT_VALIDATED
DUC-F-08617,p4-4x2,Yellow,#F4EE2A,54,8617,10.0,-2.0,129.6,0,CONCEPT_NOT_FIT_VALIDATED
DUC-F-08618,p4-4x2,Yellow,#F4EE2A,54,8618,10.0,6.0,129.6,0,CONCEPT_NOT_FIT_VALIDATED
DUC-F-08619,p4-4x2,Yellow,#F4EE2A,54,8619,10.0,14.0,129.6,0,CONCEPT_NOT_FIT_VALIDATED
DUC-F-08620,p4-4x2,Yellow,#F4EE2A,54,8620,10.0,22.0,129.6,0,CONCEPT_NOT_FIT_VALIDATED
DUC-F-08621,p4-4x2,Yellow,#F4EE2A,54,8621,10.0,30.0,129.6,0,CONCEPT_NOT_FIT_VALIDATED
DUC-F-08622,p4-4x2,Yellow,#F4EE2A,54,8622,10.0,38.0,129.6,0,CONCEPT_NOT_FIT_VALIDATED
DUC-F-08623,p4-4x2,Yellow,#F4EE2A,54,8623,10.0,46.0,129.6,0,CONCEPT_NOT_FIT_VALIDATED
DUC-F-08624,p4-4x2,Yellow,#F4EE2A,54,8624,10.0,54.0,129.6,0,CONCEPT_NOT_FIT_VALIDATED
DUC-F-08625,p4-3x2,Yellow,#F4EE2A,54,8625,24.0,-66.0,129.6,0,CONCEPT_NOT_FIT_VALIDATED
DUC-F-08626,p4-4x2,Yellow,#F4EE2A,54,8626,26.0,-58.0,129.6,0,CONCEPT_NOT_FIT_VALIDATED
DUC-F-08627,p4-4x2,Yellow,#F4EE2A,54,8627,26.0,-50.0,129.6,0,CONCEPT_NOT_FIT_VALIDATED
DUC-F-08628,p4-4x2,Yellow,#F4EE2A,54,8628,26.0,-42.0,129.6,0,CONCEPT_NOT_FIT_VALIDATED
DUC-F-08629,p4-4x2,Yellow,#F4EE2A,54,8629,26.0,-34.0,129.6,0,CONCEPT_NOT_FIT_VALIDATED
DUC-F-08630,p4-4x2,Yellow,#F4EE2A,54,8630,26.0,-26.0,129.6,0,CONCEPT_NOT_FIT_VALIDATED
DUC-F-08631,p4-4x2,Yellow,#F4EE2A,54,8631,26.0,-18.0,129.6,0,CONCEPT_NOT_FIT_VALIDATED
DUC-F-08632,p4-4x2,Yellow,#F4EE2A,54,8632,26.0,-10.0,129.6,0,CONCEPT_NOT_FIT_VALIDATED
DUC-F-08633,p4-4x2,Yellow,#F4EE2A,54,8633,26.0,-2.0,129.6,0,CONCEPT_NOT_FIT_VALIDATED
DUC-F-08634,p4-4x2,Yellow,#F4EE2A,54,8634,26.0,6.0,129.6,0,CONCEPT_NOT_FIT_VALIDATED
DUC-F-08635,p4-4x2,Yellow,#F4EE2A,54,8635,26.0,14.0,129.6,0,CONCEPT_NOT_FIT_VALIDATED
DUC-F-08636,p4-4x2,Yellow,#F4EE2A,54,8636,26.0,22.0,129.6,0,CONCEPT_NOT_FIT_VALIDATED
DUC-F-08637,p4-4x2,Yellow,#F4EE2A,54,8637,26.0,30.0,129.6,0,CONCEPT_NOT_FIT_VALIDATED
DUC-F-08638,p4-4x2,Yellow,#F4EE2A,54,8638,26.0,38.0,129.6,0,CONCEPT_NOT_FIT_VALIDATED
DUC-F-08639,p4-4x2,Yellow,#F4EE2A,54,8639,26.0,46.0,129.6,0,CONCEPT_NOT_FIT_VALIDATED
DUC-F-08640,p4-4x1,Yellow,#F4EE2A,54,8640,26.0,52.0,129.6,0,CONCEPT_NOT_FIT_VALIDATED
DUC-F-08641,p4-1x1,Yellow,#F4EE2A,54,8641,20.0,56.0,129.6,0,CONCEPT_NOT_FIT_VALIDATED
DUC-F-08642,p4-1x1,Yellow,#F4EE2A,54,8642,32.0,-64.0,129.6,0,CONCEPT_NOT_FIT_VALIDATED
DUC-F-08643,p4-1x1,Yellow,#F4EE2A,54,8643,36.0,-64.0,129.6,0,CONCEPT_NOT_FIT_VALIDATED
DUC-F-08644,p4-3x2,Yellow,#F4EE2A,54,8644,40.0,-58.0,129.6,0,CONCEPT_NOT_FIT_VALIDATED
DUC-F-08645,p4-4x2,Yellow,#F4EE2A,54,8645,42.0,-50.0,129.6,0,CONCEPT_NOT_FIT_VALIDATED
DUC-F-08646,p4-4x2,Yellow,#F4EE2A,54,8646,42.0,-42.0,129.6,0,CONCEPT_NOT_FIT_VALIDATED
DUC-F-08647,p4-4x2,Yellow,#F4EE2A,54,8647,42.0,-34.0,129.6,0,CONCEPT_NOT_FIT_VALIDATED
DUC-F-08648,p4-4x2,Yellow,#F4EE2A,54,8648,42.0,-26.0,129.6,0,CONCEPT_NOT_FIT_VALIDATED
DUC-F-08649,p4-4x2,Yellow,#F4EE2A,54,8649,42.0,-18.0,129.6,0,CONCEPT_NOT_FIT_VALIDATED
DUC-F-08650,p4-4x2,Yellow,#F4EE2A,54,8650,42.0,-10.0,129.6,0,CONCEPT_NOT_FIT_VALIDATED
DUC-F-08651,p4-4x2,Yellow,#F4EE2A,54,8651,42.0,-2.0,129.6,0,CONCEPT_NOT_FIT_VALIDATED
DUC-F-08652,p4-4x2,Yellow,#F4EE2A,54,8652,42.0,6.0,129.6,0,CONCEPT_NOT_FIT_VALIDATED
DUC-F-08653,p4-4x2,Yellow,#F4EE2A,54,8653,42.0,14.0,129.6,0,CONCEPT_NOT_FIT_VALIDATED
DUC-F-08654,p4-4x2,Yellow,#F4EE2A,54,8654,42.0,22.0,129.6,0,CONCEPT_NOT_FIT_VALIDATED
DUC-F-08655,p4-4x2,Yellow,#F4EE2A,54,8655,42.0,30.0,129.6,0,CONCEPT_NOT_FIT_VALIDATED
DUC-F-08656,p4-4x2,Yellow,#F4EE2A,54,8656,42.0,38.0,129.6,0,CONCEPT_NOT_FIT_VALIDATED
DUC-F-08657,p4-3x1,Yellow,#F4EE2A,54,8657,40.0,44.0,129.6,0,CONCEPT_NOT_FIT_VALIDATED
DUC-F-08658,p4-1x1,Yellow,#F4EE2A,54,8658,36.0,48.0,129.6,0,CONCEPT_NOT_FIT_VALIDATED
DUC-F-08659,p4-1x1,Yellow,#F4EE2A,54,8659,48.0,-56.0,129.6,0,CONCEPT_NOT_FIT_VALIDATED
DUC-F-08660,p4-2x1,Yellow,#F4EE2A,54,8660,52.0,-50.0,129.6,90,CONCEPT_NOT_FIT_VALIDATED
DUC-F-08661,p4-3x2,Yellow,#F4EE2A,54,8661,56.0,-42.0,129.6,0,CONCEPT_NOT_FIT_VALIDATED
DUC-F-08662,p4-4x2,Yellow,#F4EE2A,54,8662,58.0,-34.0,129.6,0,CONCEPT_NOT_FIT_VALIDATED
DUC-F-08663,p4-4x2,Yellow,#F4EE2A,54,8663,58.0,-26.0,129.6,0,CONCEPT_NOT_FIT_VALIDATED
DUC-F-08664,p4-4x2,Yellow,#F4EE2A,54,8664,58.0,-18.0,129.6,0,CONCEPT_NOT_FIT_VALIDATED
DUC-F-08665,p4-4x2,Yellow,#F4EE2A,54,8665,58.0,-10.0,129.6,0,CONCEPT_NOT_FIT_VALIDATED
DUC-F-08666,p4-4x2,Yellow,#F4EE2A,54,8666,58.0,-2.0,129.6,0,CONCEPT_NOT_FIT_VALIDATED
DUC-F-08667,p4-4x2,Yellow,#F4EE2A,54,8667,58.0,6.0,129.6,0,CONCEPT_NOT_FIT_VALIDATED
DUC-F-08668,p4-4x2,Yellow,#F4EE2A,54,8668,58.0,14.0,129.6,0,CONCEPT_NOT_FIT_VALIDATED
DUC-F-08669,p4-3x2,Yellow,#F4EE2A,54,8669,56.0,22.0,129.6,0,CONCEPT_NOT_FIT_VALIDATED
DUC-F-08670,p4-2x2,Yellow,#F4EE2A,54,8670,54.0,30.0,129.6,0,CONCEPT_NOT_FIT_VALIDATED
DUC-F-08671,p4-1x1,Yellow,#F4EE2A,54,8671,52.0,36.0,129.6,0,CONCEPT_NOT_FIT_VALIDATED
DUC-F-08672,p4-1x1,Yellow,#F4EE2A,54,8672,56.0,-48.0,129.6,0,CONCEPT_NOT_FIT_VALIDATED
DUC-F-08673,p4-1x1,Yellow,#F4EE2A,54,8673,64.0,20.0,129.6,0,CONCEPT_NOT_FIT_VALIDATED
DUC-F-08674,p4-1x1,Yellow,#F4EE2A,54,8674,68.0,-24.0,129.6,0,CONCEPT_NOT_FIT_VALIDATED
DUC-F-08675,p4-2x1,Yellow,#F4EE2A,54,8675,68.0,-18.0,129.6,90,CONCEPT_NOT_FIT_VALIDATED
DUC-F-08676,p4-2x1,Yellow,#F4EE2A,54,8676,68.0,-10.0,129.6,90,CONCEPT_NOT_FIT_VALIDATED
DUC-F-08677,p4-2x1,Yellow,#F4EE2A,54,8677,68.0,-2.0,129.6,90,CONCEPT_NOT_FIT_VALIDATED
DUC-F-08678,p4-2x1,Yellow,#F4EE2A,54,8678,68.0,6.0,129.6,90,CONCEPT_NOT_FIT_VALIDATED
DUC-F-08679,p4-3x2,Yellow,#F4EE2A,55,8679,-10.0,-68.0,132.0,90,CONCEPT_NOT_FIT_VALIDATED
DUC-F-08680,p4-3x2,Yellow,#F4EE2A,55,8680,-2.0,-68.0,132.0,90,CONCEPT_NOT_FIT_VALIDATED
DUC-F-08681,p4-3x2,Yellow,#F4EE2A,55,8681,6.0,-68.0,132.0,90,CONCEPT_NOT_FIT_VALIDATED
DUC-F-08682,p4-3x1,Yellow,#F4EE2A,55,8682,12.0,-68.0,132.0,90,CONCEPT_NOT_FIT_VALIDATED
DUC-F-08683,p4-2x2,Yellow,#F4EE2A,55,8683,-26.0,-66.0,132.0,0,CONCEPT_NOT_FIT_VALIDATED
DUC-F-08684,p4-2x2,Yellow,#F4EE2A,55,8684,-18.0,-66.0,132.0,0,CONCEPT_NOT_FIT_VALIDATED
DUC-F-08685,p4-2x1,Yellow,#F4EE2A,55,8685,16.0,-66.0,132.0,90,CONCEPT_NOT_FIT_VALIDATED
DUC-F-08686,p4-2x2,Yellow,#F4EE2A,55,8686,22.0,-66.0,132.0,0,CONCEPT_NOT_FIT_VALIDATED
DUC-F-08687,p4-2x1,Yellow,#F4EE2A,55,8687,28.0,-66.0,132.0,90,CONCEPT_NOT_FIT_VALIDATED
DUC-F-08688,p4-2x1,Yellow,#F4EE2A,55,8688,-34.0,-64.0,132.0,0,CONCEPT_NOT_FIT_VALIDATED
DUC-F-08689,p4-1x1,Yellow,#F4EE2A,55,8689,32.0,-64.0,132.0,0,CONCEPT_NOT_FIT_VALIDATED
DUC-F-08690,p4-1x1,Yellow,#F4EE2A,55,8690,36.0,-64.0,132.0,0,CONCEPT_NOT_FIT_VALIDATED
DUC-F-08691,p4-4x2,Yellow,#F4EE2A,55,8691,-42.0,-54.0,132.0,90,CONCEPT_NOT_FIT_VALIDATED
DUC-F-08692,p4-4x2,Yellow,#F4EE2A,55,8692,-34.0,-54.0,132.0,90,CONCEPT_NOT_FIT_VALIDATED
DUC-F-08693,p4-4x2,Yellow,#F4EE2A,55,8693,-26.0,-54.0,132.0,90,CONCEPT_NOT_FIT_VALIDATED
DUC-F-08694,p4-4x2,Yellow,#F4EE2A,55,8694,-18.0,-54.0,132.0,90,CONCEPT_NOT_FIT_VALIDATED
DUC-F-08695,p4-4x2,Yellow,#F4EE2A,55,8695,-10.0,-54.0,132.0,90,CONCEPT_NOT_FIT_VALIDATED
DUC-F-08696,p4-4x2,Yellow,#F4EE2A,55,8696,-2.0,-54.0,132.0,90,CONCEPT_NOT_FIT_VALIDATED
DUC-F-08697,p4-4x2,Yellow,#F4EE2A,55,8697,6.0,-54.0,132.0,90,CONCEPT_NOT_FIT_VALIDATED
DUC-F-08698,p4-4x2,Yellow,#F4EE2A,55,8698,14.0,-54.0,132.0,90,CONCEPT_NOT_FIT_VALIDATED
DUC-F-08699,p4-4x2,Yellow,#F4EE2A,55,8699,22.0,-54.0,132.0,90,CONCEPT_NOT_FIT_VALIDATED
DUC-F-08700,p4-4x2,Yellow,#F4EE2A,55,8700,30.0,-54.0,132.0,90,CONCEPT_NOT_FIT_VALIDATED
DUC-F-08701,p4-4x2,Yellow,#F4EE2A,55,8701,38.0,-54.0,132.0,90,CONCEPT_NOT_FIT_VALIDATED
DUC-F-08702,p4-4x1,Yellow,#F4EE2A,55,8702,44.0,-54.0,132.0,90,CONCEPT_NOT_FIT_VALIDATED
DUC-F-08703,p4-3x1,Yellow,#F4EE2A,55,8703,-48.0,-52.0,132.0,90,CONCEPT_NOT_FIT_VALIDATED
DUC-F-08704,p4-3x1,Yellow,#F4EE2A,55,8704,48.0,-52.0,132.0,90,CONCEPT_NOT_FIT_VALIDATED
DUC-F-08705,p4-2x1,Yellow,#F4EE2A,55,8705,-52.0,-50.0,132.0,90,CONCEPT_NOT_FIT_VALIDATED
DUC-F-08706,p4-2x1,Yellow,#F4EE2A,55,8706,52.0,-50.0,132.0,90,CONCEPT_NOT_FIT_VALIDATED
DUC-F-08707,p4-1x1,Yellow,#F4EE2A,55,8707,-56.0,-48.0,132.0,0,CONCEPT_NOT_FIT_VALIDATED
DUC-F-08708,p4-1x1,Yellow,#F4EE2A,55,8708,56.0,-48.0,132.0,0,CONCEPT_NOT_FIT_VALIDATED
DUC-F-08709,p4-4x2,Yellow,#F4EE2A,55,8709,-58.0,-38.0,132.0,90,CONCEPT_NOT_FIT_VALIDATED
DUC-F-08710,p4-4x2,Yellow,#F4EE2A,55,8710,-50.0,-38.0,132.0,90,CONCEPT_NOT_FIT_VALIDATED
DUC-F-08711,p4-4x2,Yellow,#F4EE2A,55,8711,-42.0,-38.0,132.0,90,CONCEPT_NOT_FIT_VALIDATED
DUC-F-08712,p4-4x2,Yellow,#F4EE2A,55,8712,-34.0,-38.0,132.0,90,CONCEPT_NOT_FIT_VALIDATED
DUC-F-08713,p4-4x2,Yellow,#F4EE2A,55,8713,-26.0,-38.0,132.0,90,CONCEPT_NOT_FIT_VALIDATED
DUC-F-08714,p4-4x2,Yellow,#F4EE2A,55,8714,-18.0,-38.0,132.0,90,CONCEPT_NOT_FIT_VALIDATED
DUC-F-08715,p4-4x2,Yellow,#F4EE2A,55,8715,-10.0,-38.0,132.0,90,CONCEPT_NOT_FIT_VALIDATED
DUC-F-08716,p4-4x2,Yellow,#F4EE2A,55,8716,-2.0,-38.0,132.0,90,CONCEPT_NOT_FIT_VALIDATED
DUC-F-08717,p4-4x2,Yellow,#F4EE2A,55,8717,6.0,-38.0,132.0,90,CONCEPT_NOT_FIT_VALIDATED
DUC-F-08718,p4-4x2,Yellow,#F4EE2A,55,8718,14.0,-38.0,132.0,90,CONCEPT_NOT_FIT_VALIDATED
DUC-F-08719,p4-4x2,Yellow,#F4EE2A,55,8719,22.0,-38.0,132.0,90,CONCEPT_NOT_FIT_VALIDATED
DUC-F-08720,p4-4x2,Yellow,#F4EE2A,55,8720,30.0,-38.0,132.0,90,CONCEPT_NOT_FIT_VALIDATED
DUC-F-08721,p4-4x2,Yellow,#F4EE2A,55,8721,38.0,-38.0,132.0,90,CONCEPT_NOT_FIT_VALIDATED
DUC-F-08722,p4-4x2,Yellow,#F4EE2A,55,8722,46.0,-38.0,132.0,90,CONCEPT_NOT_FIT_VALIDATED
DUC-F-08723,p4-4x2,Yellow,#F4EE2A,55,8723,54.0,-38.0,132.0,90,CONCEPT_NOT_FIT_VALIDATED
DUC-F-08724,p4-4x1,Yellow,#F4EE2A,55,8724,60.0,-38.0,132.0,90,CONCEPT_NOT_FIT_VALIDATED
DUC-F-08725,p4-2x1,Yellow,#F4EE2A,55,8725,-64.0,-34.0,132.0,90,CONCEPT_NOT_FIT_VALIDATED
DUC-F-08726,p4-2x1,Yellow,#F4EE2A,55,8726,64.0,-34.0,132.0,90,CONCEPT_NOT_FIT_VALIDATED
DUC-F-08727,p4-4x1,Yellow,#F4EE2A,55,8727,-64.0,-22.0,132.0,90,CONCEPT_NOT_FIT_VALIDATED
DUC-F-08728,p4-4x2,Yellow,#F4EE2A,55,8728,-58.0,-22.0,132.0,90,CONCEPT_NOT_FIT_VALIDATED
DUC-F-08729,p4-4x2,Yellow,#F4EE2A,55,8729,-50.0,-22.0,132.0,90,CONCEPT_NOT_FIT_VALIDATED
DUC-F-08730,p4-4x2,Yellow,#F4EE2A,55,8730,-42.0,-22.0,132.0,90,CONCEPT_NOT_FIT_VALIDATED
DUC-F-08731,p4-4x2,Yellow,#F4EE2A,55,8731,-34.0,-22.0,132.0,90,CONCEPT_NOT_FIT_VALIDATED
DUC-F-08732,p4-4x2,Yellow,#F4EE2A,55,8732,-26.0,-22.0,132.0,90,CONCEPT_NOT_FIT_VALIDATED
DUC-F-08733,p4-4x2,Yellow,#F4EE2A,55,8733,-18.0,-22.0,132.0,90,CONCEPT_NOT_FIT_VALIDATED
DUC-F-08734,p4-4x2,Yellow,#F4EE2A,55,8734,-10.0,-22.0,132.0,90,CONCEPT_NOT_FIT_VALIDATED
DUC-F-08735,p4-4x2,Yellow,#F4EE2A,55,8735,-2.0,-22.0,132.0,90,CONCEPT_NOT_FIT_VALIDATED
DUC-F-08736,p4-4x2,Yellow,#F4EE2A,55,8736,6.0,-22.0,132.0,90,CONCEPT_NOT_FIT_VALIDATED
DUC-F-08737,p4-4x2,Yellow,#F4EE2A,55,8737,14.0,-22.0,132.0,90,CONCEPT_NOT_FIT_VALIDATED
DUC-F-08738,p4-4x2,Yellow,#F4EE2A,55,8738,22.0,-22.0,132.0,90,CONCEPT_NOT_FIT_VALIDATED
DUC-F-08739,p4-4x2,Yellow,#F4EE2A,55,8739,30.0,-22.0,132.0,90,CONCEPT_NOT_FIT_VALIDATED
DUC-F-08740,p4-4x2,Yellow,#F4EE2A,55,8740,38.0,-22.0,132.0,90,CONCEPT_NOT_FIT_VALIDATED
DUC-F-08741,p4-4x2,Yellow,#F4EE2A,55,8741,46.0,-22.0,132.0,90,CONCEPT_NOT_FIT_VALIDATED
DUC-F-08742,p4-4x2,Yellow,#F4EE2A,55,8742,54.0,-22.0,132.0,90,CONCEPT_NOT_FIT_VALIDATED
DUC-F-08743,p4-4x2,Yellow,#F4EE2A,55,8743,62.0,-22.0,132.0,90,CONCEPT_NOT_FIT_VALIDATED
DUC-F-08744,p4-2x1,Yellow,#F4EE2A,55,8744,-68.0,-18.0,132.0,90,CONCEPT_NOT_FIT_VALIDATED
DUC-F-08745,p4-2x1,Yellow,#F4EE2A,55,8745,68.0,-18.0,132.0,90,CONCEPT_NOT_FIT_VALIDATED
DUC-F-08746,p4-4x2,Yellow,#F4EE2A,55,8746,-66.0,-6.0,132.0,90,CONCEPT_NOT_FIT_VALIDATED
DUC-F-08747,p4-4x2,Yellow,#F4EE2A,55,8747,-58.0,-6.0,132.0,90,CONCEPT_NOT_FIT_VALIDATED
DUC-F-08748,p4-4x2,Yellow,#F4EE2A,55,8748,-50.0,-6.0,132.0,90,CONCEPT_NOT_FIT_VALIDATED
DUC-F-08749,p4-4x2,Yellow,#F4EE2A,55,8749,-42.0,-6.0,132.0,90,CONCEPT_NOT_FIT_VALIDATED
DUC-F-08750,p4-4x2,Yellow,#F4EE2A,55,8750,-34.0,-6.0,132.0,90,CONCEPT_NOT_FIT_VALIDATED
DUC-F-08751,p4-4x2,Yellow,#F4EE2A,55,8751,-26.0,-6.0,132.0,90,CONCEPT_NOT_FIT_VALIDATED
DUC-F-08752,p4-4x2,Yellow,#F4EE2A,55,8752,-18.0,-6.0,132.0,90,CONCEPT_NOT_FIT_VALIDATED
DUC-F-08753,p4-4x2,Yellow,#F4EE2A,55,8753,-10.0,-6.0,132.0,90,CONCEPT_NOT_FIT_VALIDATED
DUC-F-08754,p4-4x2,Yellow,#F4EE2A,55,8754,-2.0,-6.0,132.0,90,CONCEPT_NOT_FIT_VALIDATED
DUC-F-08755,p4-4x2,Yellow,#F4EE2A,55,8755,6.0,-6.0,132.0,90,CONCEPT_NOT_FIT_VALIDATED
DUC-F-08756,p4-4x2,Yellow,#F4EE2A,55,8756,14.0,-6.0,132.0,90,CONCEPT_NOT_FIT_VALIDATED
DUC-F-08757,p4-4x2,Yellow,#F4EE2A,55,8757,22.0,-6.0,132.0,90,CONCEPT_NOT_FIT_VALIDATED
DUC-F-08758,p4-4x2,Yellow,#F4EE2A,55,8758,30.0,-6.0,132.0,90,CONCEPT_NOT_FIT_VALIDATED
DUC-F-08759,p4-4x2,Yellow,#F4EE2A,55,8759,38.0,-6.0,132.0,90,CONCEPT_NOT_FIT_VALIDATED
DUC-F-08760,p4-4x2,Yellow,#F4EE2A,55,8760,46.0,-6.0,132.0,90,CONCEPT_NOT_FIT_VALIDATED
DUC-F-08761,p4-4x2,Yellow,#F4EE2A,55,8761,54.0,-6.0,132.0,90,CONCEPT_NOT_FIT_VALIDATED
DUC-F-08762,p4-4x2,Yellow,#F4EE2A,55,8762,62.0,-6.0,132.0,90,CONCEPT_NOT_FIT_VALIDATED
DUC-F-08763,p4-4x1,Yellow,#F4EE2A,55,8763,68.0,-6.0,132.0,90,CONCEPT_NOT_FIT_VALIDATED
DUC-F-08764,p4-2x1,Yellow,#F4EE2A,55,8764,-66.0,4.0,132.0,0,CONCEPT_NOT_FIT_VALIDATED
DUC-F-08765,p4-4x2,Yellow,#F4EE2A,55,8765,-58.0,10.0,132.0,90,CONCEPT_NOT_FIT_VALIDATED
DUC-F-08766,p4-4x2,Yellow,#F4EE2A,55,8766,-50.0,10.0,132.0,90,CONCEPT_NOT_FIT_VALIDATED
DUC-F-08767,p4-4x2,Yellow,#F4EE2A,55,8767,-42.0,10.0,132.0,90,CONCEPT_NOT_FIT_VALIDATED
DUC-F-08768,p4-4x2,Yellow,#F4EE2A,55,8768,-34.0,10.0,132.0,90,CONCEPT_NOT_FIT_VALIDATED
DUC-F-08769,p4-4x2,Yellow,#F4EE2A,55,8769,-26.0,10.0,132.0,90,CONCEPT_NOT_FIT_VALIDATED
DUC-F-08770,p4-4x2,Yellow,#F4EE2A,55,8770,-18.0,10.0,132.0,90,CONCEPT_NOT_FIT_VALIDATED
DUC-F-08771,p4-4x2,Yellow,#F4EE2A,55,8771,-10.0,10.0,132.0,90,CONCEPT_NOT_FIT_VALIDATED
DUC-F-08772,p4-4x2,Yellow,#F4EE2A,55,8772,-2.0,10.0,132.0,90,CONCEPT_NOT_FIT_VALIDATED
DUC-F-08773,p4-4x2,Yellow,#F4EE2A,55,8773,6.0,10.0,132.0,90,CONCEPT_NOT_FIT_VALIDATED
DUC-F-08774,p4-4x2,Yellow,#F4EE2A,55,8774,14.0,10.0,132.0,90,CONCEPT_NOT_FIT_VALIDATED
DUC-F-08775,p4-4x2,Yellow,#F4EE2A,55,8775,22.0,10.0,132.0,90,CONCEPT_NOT_FIT_VALIDATED
DUC-F-08776,p4-4x2,Yellow,#F4EE2A,55,8776,30.0,10.0,132.0,90,CONCEPT_NOT_FIT_VALIDATED
DUC-F-08777,p4-4x2,Yellow,#F4EE2A,55,8777,38.0,10.0,132.0,90,CONCEPT_NOT_FIT_VALIDATED
DUC-F-08778,p4-4x2,Yellow,#F4EE2A,55,8778,46.0,10.0,132.0,90,CONCEPT_NOT_FIT_VALIDATED
DUC-F-08779,p4-4x2,Yellow,#F4EE2A,55,8779,54.0,10.0,132.0,90,CONCEPT_NOT_FIT_VALIDATED
DUC-F-08780,p4-4x2,Yellow,#F4EE2A,55,8780,62.0,10.0,132.0,90,CONCEPT_NOT_FIT_VALIDATED
DUC-F-08781,p4-1x1,Yellow,#F4EE2A,55,8781,68.0,4.0,132.0,0,CONCEPT_NOT_FIT_VALIDATED
DUC-F-08782,p4-3x1,Yellow,#F4EE2A,55,8782,-64.0,12.0,132.0,90,CONCEPT_NOT_FIT_VALIDATED
DUC-F-08783,p4-2x2,Yellow,#F4EE2A,55,8783,-58.0,22.0,132.0,0,CONCEPT_NOT_FIT_VALIDATED
DUC-F-08784,p4-4x2,Yellow,#F4EE2A,55,8784,-50.0,26.0,132.0,90,CONCEPT_NOT_FIT_VALIDATED
DUC-F-08785,p4-4x2,Yellow,#F4EE2A,55,8785,-42.0,26.0,132.0,90,CONCEPT_NOT_FIT_VALIDATED
DUC-F-08786,p4-4x2,Yellow,#F4EE2A,55,8786,-34.0,26.0,132.0,90,CONCEPT_NOT_FIT_VALIDATED
DUC-F-08787,p4-4x2,Yellow,#F4EE2A,55,8787,-26.0,26.0,132.0,90,CONCEPT_NOT_FIT_VALIDATED
DUC-F-08788,p4-4x2,Yellow,#F4EE2A,55,8788,-18.0,26.0,132.0,90,CONCEPT_NOT_FIT_VALIDATED
DUC-F-08789,p4-4x2,Yellow,#F4EE2A,55,8789,-10.0,26.0,132.0,90,CONCEPT_NOT_FIT_VALIDATED
DUC-F-08790,p4-4x2,Yellow,#F4EE2A,55,8790,-2.0,26.0,132.0,90,CONCEPT_NOT_FIT_VALIDATED
DUC-F-08791,p4-4x2,Yellow,#F4EE2A,55,8791,6.0,26.0,132.0,90,CONCEPT_NOT_FIT_VALIDATED
DUC-F-08792,p4-4x2,Yellow,#F4EE2A,55,8792,14.0,26.0,132.0,90,CONCEPT_NOT_FIT_VALIDATED
DUC-F-08793,p4-4x2,Yellow,#F4EE2A,55,8793,22.0,26.0,132.0,90,CONCEPT_NOT_FIT_VALIDATED
DUC-F-08794,p4-4x2,Yellow,#F4EE2A,55,8794,30.0,26.0,132.0,90,CONCEPT_NOT_FIT_VALIDATED
DUC-F-08795,p4-4x2,Yellow,#F4EE2A,55,8795,38.0,26.0,132.0,90,CONCEPT_NOT_FIT_VALIDATED
DUC-F-08796,p4-4x2,Yellow,#F4EE2A,55,8796,46.0,26.0,132.0,90,CONCEPT_NOT_FIT_VALIDATED
DUC-F-08797,p4-4x2,Yellow,#F4EE2A,55,8797,54.0,26.0,132.0,90,CONCEPT_NOT_FIT_VALIDATED
DUC-F-08798,p4-2x1,Yellow,#F4EE2A,55,8798,60.0,22.0,132.0,90,CONCEPT_NOT_FIT_VALIDATED
DUC-F-08799,p4-2x1,Yellow,#F4EE2A,55,8799,-56.0,30.0,132.0,90,CONCEPT_NOT_FIT_VALIDATED
DUC-F-08800,p4-2x1,Yellow,#F4EE2A,55,8800,-50.0,36.0,132.0,0,CONCEPT_NOT_FIT_VALIDATED
DUC-F-08801,p4-3x2,Yellow,#F4EE2A,55,8801,-42.0,40.0,132.0,90,CONCEPT_NOT_FIT_VALIDATED
DUC-F-08802,p4-4x2,Yellow,#F4EE2A,55,8802,-34.0,42.0,132.0,90,CONCEPT_NOT_FIT_VALIDATED
DUC-F-08803,p4-4x2,Yellow,#F4EE2A,55,8803,-26.0,42.0,132.0,90,CONCEPT_NOT_FIT_VALIDATED
DUC-F-08804,p4-4x2,Yellow,#F4EE2A,55,8804,-18.0,42.0,132.0,90,CONCEPT_NOT_FIT_VALIDATED
DUC-F-08805,p4-4x2,Yellow,#F4EE2A,55,8805,-10.0,42.0,132.0,90,CONCEPT_NOT_FIT_VALIDATED
DUC-F-08806,p4-4x2,Yellow,#F4EE2A,55,8806,-2.0,42.0,132.0,90,CONCEPT_NOT_FIT_VALIDATED
DUC-F-08807,p4-4x2,Yellow,#F4EE2A,55,8807,6.0,42.0,132.0,90,CONCEPT_NOT_FIT_VALIDATED
DUC-F-08808,p4-4x2,Yellow,#F4EE2A,55,8808,14.0,42.0,132.0,90,CONCEPT_NOT_FIT_VALIDATED
DUC-F-08809,p4-4x2,Yellow,#F4EE2A,55,8809,22.0,42.0,132.0,90,CONCEPT_NOT_FIT_VALIDATED
DUC-F-08810,p4-4x2,Yellow,#F4EE2A,55,8810,30.0,42.0,132.0,90,CONCEPT_NOT_FIT_VALIDATED
DUC-F-08811,p4-3x2,Yellow,#F4EE2A,55,8811,38.0,40.0,132.0,90,CONCEPT_NOT_FIT_VALIDATED
DUC-F-08812,p4-2x2,Yellow,#F4EE2A,55,8812,46.0,38.0,132.0,0,CONCEPT_NOT_FIT_VALIDATED
DUC-F-08813,p4-1x1,Yellow,#F4EE2A,55,8813,52.0,36.0,132.0,0,CONCEPT_NOT_FIT_VALIDATED
DUC-F-08814,p4-1x1,Yellow,#F4EE2A,55,8814,-48.0,40.0,132.0,0,CONCEPT_NOT_FIT_VALIDATED
DUC-F-08815,p4-1x1,Yellow,#F4EE2A,55,8815,44.0,44.0,132.0,0,CONCEPT_NOT_FIT_VALIDATED
DUC-F-08816,p4-1x1,Yellow,#F4EE2A,55,8816,36.0,48.0,132.0,0,CONCEPT_NOT_FIT_VALIDATED
DUC-F-08817,p4-2x1,Yellow,#F4EE2A,55,8817,-26.0,52.0,132.0,0,CONCEPT_NOT_FIT_VALIDATED
DUC-F-08818,p4-2x1,Yellow,#F4EE2A,55,8818,-18.0,52.0,132.0,0,CONCEPT_NOT_FIT_VALIDATED
DUC-F-08819,p4-2x2,Yellow,#F4EE2A,55,8819,-10.0,54.0,132.0,0,CONCEPT_NOT_FIT_VALIDATED
DUC-F-08820,p4-2x2,Yellow,#F4EE2A,55,8820,-2.0,54.0,132.0,0,CONCEPT_NOT_FIT_VALIDATED
DUC-F-08821,p4-2x2,Yellow,#F4EE2A,55,8821,6.0,54.0,132.0,0,CONCEPT_NOT_FIT_VALIDATED
DUC-F-08822,p4-2x2,Yellow,#F4EE2A,55,8822,14.0,54.0,132.0,0,CONCEPT_NOT_FIT_VALIDATED
DUC-F-08823,p4-2x1,Yellow,#F4EE2A,55,8823,22.0,52.0,132.0,0,CONCEPT_NOT_FIT_VALIDATED
DUC-F-08824,p4-1x1,Yellow,#F4EE2A,55,8824,28.0,52.0,132.0,0,CONCEPT_NOT_FIT_VALIDATED
DUC-F-08825,p4-1x1,Yellow,#F4EE2A,55,8825,-16.0,56.0,132.0,0,CONCEPT_NOT_FIT_VALIDATED
DUC-F-08826,p4-1x1,Yellow,#F4EE2A,56,8826,-68.0,-20.0,134.4,0,CONCEPT_NOT_FIT_VALIDATED
DUC-F-08827,p4-2x1,Yellow,#F4EE2A,56,8827,-68.0,-14.0,134.4,90,CONCEPT_NOT_FIT_VALIDATED
DUC-F-08828,p4-2x1,Yellow,#F4EE2A,56,8828,-68.0,-6.0,134.4,90,CONCEPT_NOT_FIT_VALIDATED
DUC-F-08829,p4-2x1,Yellow,#F4EE2A,56,8829,-68.0,2.0,134.4,90,CONCEPT_NOT_FIT_VALIDATED
DUC-F-08830,p4-4x2,Yellow,#F4EE2A,56,8830,-58.0,-30.0,134.4,0,CONCEPT_NOT_FIT_VALIDATED
DUC-F-08831,p4-4x2,Yellow,#F4EE2A,56,8831,-58.0,-22.0,134.4,0,CONCEPT_NOT_FIT_VALIDATED
DUC-F-08832,p4-4x2,Yellow,#F4EE2A,56,8832,-58.0,-14.0,134.4,0,CONCEPT_NOT_FIT_VALIDATED
DUC-F-08833,p4-4x2,Yellow,#F4EE2A,56,8833,-58.0,-6.0,134.4,0,CONCEPT_NOT_FIT_VALIDATED
DUC-F-08834,p4-4x2,Yellow,#F4EE2A,56,8834,-58.0,2.0,134.4,0,CONCEPT_NOT_FIT_VALIDATED
DUC-F-08835,p4-4x2,Yellow,#F4EE2A,56,8835,-58.0,10.0,134.4,0,CONCEPT_NOT_FIT_VALIDATED
DUC-F-08836,p4-4x1,Yellow,#F4EE2A,56,8836,-58.0,16.0,134.4,0,CONCEPT_NOT_FIT_VALIDATED
DUC-F-08837,p4-3x2,Yellow,#F4EE2A,56,8837,-56.0,-38.0,134.4,0,CONCEPT_NOT_FIT_VALIDATED
DUC-F-08838,p4-3x1,Yellow,#F4EE2A,56,8838,-56.0,20.0,134.4,0,CONCEPT_NOT_FIT_VALIDATED
DUC-F-08839,p4-3x1,Yellow,#F4EE2A,56,8839,-56.0,24.0,134.4,0,CONCEPT_NOT_FIT_VALIDATED
DUC-F-08840,p4-2x2,Yellow,#F4EE2A,56,8840,-54.0,-46.0,134.4,0,CONCEPT_NOT_FIT_VALIDATED
DUC-F-08841,p4-2x1,Yellow,#F4EE2A,56,8841,-54.0,28.0,134.4,0,CONCEPT_NOT_FIT_VALIDATED
DUC-F-08842,p4-1x1,Yellow,#F4EE2A,56,8842,-52.0,-52.0,134.4,0,CONCEPT_NOT_FIT_VALIDATED
DUC-F-08843,p4-2x1,Yellow,#F4EE2A,56,8843,-52.0,34.0,134.4,90,CONCEPT_NOT_FIT_VALIDATED
DUC-F-08844,p4-4x2,Yellow,#F4EE2A,56,8844,-42.0,-54.0,134.4,0,CONCEPT_NOT_FIT_VALIDATED
DUC-F-08845,p4-4x2,Yellow,#F4EE2A,56,8845,-42.0,-46.0,134.4,0,CONCEPT_NOT_FIT_VALIDATED
DUC-F-08846,p4-4x2,Yellow,#F4EE2A,56,8846,-42.0,-38.0,134.4,0,CONCEPT_NOT_FIT_VALIDATED
DUC-F-08847,p4-4x2,Yellow,#F4EE2A,56,8847,-42.0,-30.0,134.4,0,CONCEPT_NOT_FIT_VALIDATED
DUC-F-08848,p4-4x2,Yellow,#F4EE2A,56,8848,-42.0,-22.0,134.4,0,CONCEPT_NOT_FIT_VALIDATED
DUC-F-08849,p4-4x2,Yellow,#F4EE2A,56,8849,-42.0,-14.0,134.4,0,CONCEPT_NOT_FIT_VALIDATED
DUC-F-08850,p4-4x2,Yellow,#F4EE2A,56,8850,-42.0,-6.0,134.4,0,CONCEPT_NOT_FIT_VALIDATED
DUC-F-08851,p4-4x2,Yellow,#F4EE2A,56,8851,-42.0,2.0,134.4,0,CONCEPT_NOT_FIT_VALIDATED
DUC-F-08852,p4-4x2,Yellow,#F4EE2A,56,8852,-42.0,10.0,134.4,0,CONCEPT_NOT_FIT_VALIDATED
DUC-F-08853,p4-4x2,Yellow,#F4EE2A,56,8853,-42.0,18.0,134.4,0,CONCEPT_NOT_FIT_VALIDATED
DUC-F-08854,p4-4x2,Yellow,#F4EE2A,56,8854,-42.0,26.0,134.4,0,CONCEPT_NOT_FIT_VALIDATED
DUC-F-08855,p4-4x2,Yellow,#F4EE2A,56,8855,-42.0,34.0,134.4,0,CONCEPT_NOT_FIT_VALIDATED
DUC-F-08856,p4-4x1,Yellow,#F4EE2A,56,8856,-42.0,40.0,134.4,0,CONCEPT_NOT_FIT_VALIDATED
DUC-F-08857,p4-3x1,Yellow,#F4EE2A,56,8857,-40.0,-60.0,134.4,0,CONCEPT_NOT_FIT_VALIDATED
DUC-F-08858,p4-2x1,Yellow,#F4EE2A,56,8858,-38.0,44.0,134.4,0,CONCEPT_NOT_FIT_VALIDATED
DUC-F-08859,p4-1x1,Yellow,#F4EE2A,56,8859,-36.0,-64.0,134.4,0,CONCEPT_NOT_FIT_VALIDATED
DUC-F-08860,p4-1x1,Yellow,#F4EE2A,56,8860,-36.0,48.0,134.4,0,CONCEPT_NOT_FIT_VALIDATED
DUC-F-08861,p4-4x2,Yellow,#F4EE2A,56,8861,-26.0,-62.0,134.4,0,CONCEPT_NOT_FIT_VALIDATED
DUC-F-08862,p4-4x2,Yellow,#F4EE2A,56,8862,-26.0,-54.0,134.4,0,CONCEPT_NOT_FIT_VALIDATED
DUC-F-08863,p4-4x2,Yellow,#F4EE2A,56,8863,-26.0,-46.0,134.4,0,CONCEPT_NOT_FIT_VALIDATED
DUC-F-08864,p4-4x2,Yellow,#F4EE2A,56,8864,-26.0,-38.0,134.4,0,CONCEPT_NOT_FIT_VALIDATED
DUC-F-08865,p4-4x2,Yellow,#F4EE2A,56,8865,-26.0,-30.0,134.4,0,CONCEPT_NOT_FIT_VALIDATED
DUC-F-08866,p4-4x2,Yellow,#F4EE2A,56,8866,-26.0,-22.0,134.4,0,CONCEPT_NOT_FIT_VALIDATED
DUC-F-08867,p4-4x2,Yellow,#F4EE2A,56,8867,-26.0,-14.0,134.4,0,CONCEPT_NOT_FIT_VALIDATED
DUC-F-08868,p4-4x2,Yellow,#F4EE2A,56,8868,-26.0,-6.0,134.4,0,CONCEPT_NOT_FIT_VALIDATED
DUC-F-08869,p4-4x2,Yellow,#F4EE2A,56,8869,-26.0,2.0,134.4,0,CONCEPT_NOT_FIT_VALIDATED
DUC-F-08870,p4-4x2,Yellow,#F4EE2A,56,8870,-26.0,10.0,134.4,0,CONCEPT_NOT_FIT_VALIDATED
DUC-F-08871,p4-4x2,Yellow,#F4EE2A,56,8871,-26.0,18.0,134.4,0,CONCEPT_NOT_FIT_VALIDATED
DUC-F-08872,p4-4x2,Yellow,#F4EE2A,56,8872,-26.0,26.0,134.4,0,CONCEPT_NOT_FIT_VALIDATED
DUC-F-08873,p4-4x2,Yellow,#F4EE2A,56,8873,-26.0,34.0,134.4,0,CONCEPT_NOT_FIT_VALIDATED
DUC-F-08874,p4-4x2,Yellow,#F4EE2A,56,8874,-26.0,42.0,134.4,0,CONCEPT_NOT_FIT_VALIDATED
DUC-F-08875,p4-4x1,Yellow,#F4EE2A,56,8875,-26.0,48.0,134.4,0,CONCEPT_NOT_FIT_VALIDATED
DUC-F-08876,p4-3x1,Yellow,#F4EE2A,56,8876,-24.0,52.0,134.4,0,CONCEPT_NOT_FIT_VALIDATED
DUC-F-08877,p4-2x1,Yellow,#F4EE2A,56,8877,-22.0,-68.0,134.4,0,CONCEPT_NOT_FIT_VALIDATED
DUC-F-08878,p4-4x1,Yellow,#F4EE2A,56,8878,-10.0,-68.0,134.4,0,CONCEPT_NOT_FIT_VALIDATED
DUC-F-08879,p4-4x2,Yellow,#F4EE2A,56,8879,-10.0,-62.0,134.4,0,CONCEPT_NOT_FIT_VALIDATED
DUC-F-08880,p4-4x2,Yellow,#F4EE2A,56,8880,-10.0,-54.0,134.4,0,CONCEPT_NOT_FIT_VALIDATED
DUC-F-08881,p4-4x2,Yellow,#F4EE2A,56,8881,-10.0,-46.0,134.4,0,CONCEPT_NOT_FIT_VALIDATED
DUC-F-08882,p4-4x2,Yellow,#F4EE2A,56,8882,-10.0,-38.0,134.4,0,CONCEPT_NOT_FIT_VALIDATED
DUC-F-08883,p4-4x2,Yellow,#F4EE2A,56,8883,-10.0,-30.0,134.4,0,CONCEPT_NOT_FIT_VALIDATED
DUC-F-08884,p4-4x2,Yellow,#F4EE2A,56,8884,-10.0,-22.0,134.4,0,CONCEPT_NOT_FIT_VALIDATED
DUC-F-08885,p4-4x2,Yellow,#F4EE2A,56,8885,-10.0,-14.0,134.4,0,CONCEPT_NOT_FIT_VALIDATED
DUC-F-08886,p4-4x2,Yellow,#F4EE2A,56,8886,-10.0,-6.0,134.4,0,CONCEPT_NOT_FIT_VALIDATED
DUC-F-08887,p4-4x2,Yellow,#F4EE2A,56,8887,-10.0,2.0,134.4,0,CONCEPT_NOT_FIT_VALIDATED
DUC-F-08888,p4-4x2,Yellow,#F4EE2A,56,8888,-10.0,10.0,134.4,0,CONCEPT_NOT_FIT_VALIDATED
DUC-F-08889,p4-4x2,Yellow,#F4EE2A,56,8889,-10.0,18.0,134.4,0,CONCEPT_NOT_FIT_VALIDATED
DUC-F-08890,p4-4x2,Yellow,#F4EE2A,56,8890,-10.0,26.0,134.4,0,CONCEPT_NOT_FIT_VALIDATED
DUC-F-08891,p4-4x2,Yellow,#F4EE2A,56,8891,-10.0,34.0,134.4,0,CONCEPT_NOT_FIT_VALIDATED
DUC-F-08892,p4-4x2,Yellow,#F4EE2A,56,8892,-10.0,42.0,134.4,0,CONCEPT_NOT_FIT_VALIDATED
DUC-F-08893,p4-4x2,Yellow,#F4EE2A,56,8893,-10.0,50.0,134.4,0,CONCEPT_NOT_FIT_VALIDATED
DUC-F-08894,p4-4x1,Yellow,#F4EE2A,56,8894,-10.0,56.0,134.4,0,CONCEPT_NOT_FIT_VALIDATED
DUC-F-08895,p4-2x1,Yellow,#F4EE2A,56,8895,-6.0,-72.0,134.4,0,CONCEPT_NOT_FIT_VALIDATED
DUC-F-08896,p4-3x2,Yellow,#F4EE2A,56,8896,4.0,-70.0,134.4,0,CONCEPT_NOT_FIT_VALIDATED
DUC-F-08897,p4-4x2,Yellow,#F4EE2A,56,8897,6.0,-62.0,134.4,0,CONCEPT_NOT_FIT_VALIDATED
DUC-F-08898,p4-4x2,Yellow,#F4EE2A,56,8898,6.0,-54.0,134.4,0,CONCEPT_NOT_FIT_VALIDATED
DUC-F-08899,p4-4x2,Yellow,#F4EE2A,56,8899,6.0,-46.0,134.4,0,CONCEPT_NOT_FIT_VALIDATED
DUC-F-08900,p4-4x2,Yellow,#F4EE2A,56,8900,6.0,-38.0,134.4,0,CONCEPT_NOT_FIT_VALIDATED
DUC-F-08901,p4-4x2,Yellow,#F4EE2A,56,8901,6.0,-30.0,134.4,0,CONCEPT_NOT_FIT_VALIDATED
DUC-F-08902,p4-4x2,Yellow,#F4EE2A,56,8902,6.0,-22.0,134.4,0,CONCEPT_NOT_FIT_VALIDATED
DUC-F-08903,p4-4x2,Yellow,#F4EE2A,56,8903,6.0,-14.0,134.4,0,CONCEPT_NOT_FIT_VALIDATED
DUC-F-08904,p4-4x2,Yellow,#F4EE2A,56,8904,6.0,-6.0,134.4,0,CONCEPT_NOT_FIT_VALIDATED
DUC-F-08905,p4-4x2,Yellow,#F4EE2A,56,8905,6.0,2.0,134.4,0,CONCEPT_NOT_FIT_VALIDATED
DUC-F-08906,p4-4x2,Yellow,#F4EE2A,56,8906,6.0,10.0,134.4,0,CONCEPT_NOT_FIT_VALIDATED
DUC-F-08907,p4-4x2,Yellow,#F4EE2A,56,8907,6.0,18.0,134.4,0,CONCEPT_NOT_FIT_VALIDATED
DUC-F-08908,p4-4x2,Yellow,#F4EE2A,56,8908,6.0,26.0,134.4,0,CONCEPT_NOT_FIT_VALIDATED
DUC-F-08909,p4-4x2,Yellow,#F4EE2A,56,8909,6.0,34.0,134.4,0,CONCEPT_NOT_FIT_VALIDATED
DUC-F-08910,p4-4x2,Yellow,#F4EE2A,56,8910,6.0,42.0,134.4,0,CONCEPT_NOT_FIT_VALIDATED
DUC-F-08911,p4-4x2,Yellow,#F4EE2A,56,8911,6.0,50.0,134.4,0,CONCEPT_NOT_FIT_VALIDATED
DUC-F-08912,p4-4x1,Yellow,#F4EE2A,56,8912,6.0,56.0,134.4,0,CONCEPT_NOT_FIT_VALIDATED
DUC-F-08913,p4-1x1,Yellow,#F4EE2A,56,8913,12.0,-68.0,134.4,0,CONCEPT_NOT_FIT_VALIDATED
DUC-F-08914,p4-3x1,Yellow,#F4EE2A,56,8914,20.0,-68.0,134.4,0,CONCEPT_NOT_FIT_VALIDATED
DUC-F-08915,p4-4x2,Yellow,#F4EE2A,56,8915,22.0,-62.0,134.4,0,CONCEPT_NOT_FIT_VALIDATED
DUC-F-08916,p4-4x2,Yellow,#F4EE2A,56,8916,22.0,-54.0,134.4,0,CONCEPT_NOT_FIT_VALIDATED
DUC-F-08917,p4-4x2,Yellow,#F4EE2A,56,8917,22.0,-46.0,134.4,0,CONCEPT_NOT_FIT_VALIDATED
DUC-F-08918,p4-4x2,Yellow,#F4EE2A,56,8918,22.0,-38.0,134.4,0,CONCEPT_NOT_FIT_VALIDATED
DUC-F-08919,p4-4x2,Yellow,#F4EE2A,56,8919,22.0,-30.0,134.4,0,CONCEPT_NOT_FIT_VALIDATED
DUC-F-08920,p4-4x2,Yellow,#F4EE2A,56,8920,22.0,-22.0,134.4,0,CONCEPT_NOT_FIT_VALIDATED
DUC-F-08921,p4-4x2,Yellow,#F4EE2A,56,8921,22.0,-14.0,134.4,0,CONCEPT_NOT_FIT_VALIDATED
DUC-F-08922,p4-4x2,Yellow,#F4EE2A,56,8922,22.0,-6.0,134.4,0,CONCEPT_NOT_FIT_VALIDATED
DUC-F-08923,p4-4x2,Yellow,#F4EE2A,56,8923,22.0,2.0,134.4,0,CONCEPT_NOT_FIT_VALIDATED
DUC-F-08924,p4-4x2,Yellow,#F4EE2A,56,8924,22.0,10.0,134.4,0,CONCEPT_NOT_FIT_VALIDATED
DUC-F-08925,p4-4x2,Yellow,#F4EE2A,56,8925,22.0,18.0,134.4,0,CONCEPT_NOT_FIT_VALIDATED
DUC-F-08926,p4-4x2,Yellow,#F4EE2A,56,8926,22.0,26.0,134.4,0,CONCEPT_NOT_FIT_VALIDATED
DUC-F-08927,p4-4x2,Yellow,#F4EE2A,56,8927,22.0,34.0,134.4,0,CONCEPT_NOT_FIT_VALIDATED
DUC-F-08928,p4-4x2,Yellow,#F4EE2A,56,8928,22.0,42.0,134.4,0,CONCEPT_NOT_FIT_VALIDATED
DUC-F-08929,p4-4x2,Yellow,#F4EE2A,56,8929,22.0,50.0,134.4,0,CONCEPT_NOT_FIT_VALIDATED
DUC-F-08930,p4-1x1,Yellow,#F4EE2A,56,8930,16.0,56.0,134.4,0,CONCEPT_NOT_FIT_VALIDATED
DUC-F-08931,p4-2x2,Yellow,#F4EE2A,56,8931,34.0,-62.0,134.4,0,CONCEPT_NOT_FIT_VALIDATED
DUC-F-08932,p4-4x2,Yellow,#F4EE2A,56,8932,38.0,-54.0,134.4,0,CONCEPT_NOT_FIT_VALIDATED
DUC-F-08933,p4-4x2,Yellow,#F4EE2A,56,8933,38.0,-46.0,134.4,0,CONCEPT_NOT_FIT_VALIDATED
DUC-F-08934,p4-4x2,Yellow,#F4EE2A,56,8934,38.0,-38.0,134.4,0,CONCEPT_NOT_FIT_VALIDATED
DUC-F-08935,p4-4x2,Yellow,#F4EE2A,56,8935,38.0,-30.0,134.4,0,CONCEPT_NOT_FIT_VALIDATED
DUC-F-08936,p4-4x2,Yellow,#F4EE2A,56,8936,38.0,-22.0,134.4,0,CONCEPT_NOT_FIT_VALIDATED
DUC-F-08937,p4-4x2,Yellow,#F4EE2A,56,8937,38.0,-14.0,134.4,0,CONCEPT_NOT_FIT_VALIDATED
DUC-F-08938,p4-4x2,Yellow,#F4EE2A,56,8938,38.0,-6.0,134.4,0,CONCEPT_NOT_FIT_VALIDATED
DUC-F-08939,p4-4x2,Yellow,#F4EE2A,56,8939,38.0,2.0,134.4,0,CONCEPT_NOT_FIT_VALIDATED
DUC-F-08940,p4-4x2,Yellow,#F4EE2A,56,8940,38.0,10.0,134.4,0,CONCEPT_NOT_FIT_VALIDATED
DUC-F-08941,p4-4x2,Yellow,#F4EE2A,56,8941,38.0,18.0,134.4,0,CONCEPT_NOT_FIT_VALIDATED
DUC-F-08942,p4-4x2,Yellow,#F4EE2A,56,8942,38.0,26.0,134.4,0,CONCEPT_NOT_FIT_VALIDATED
DUC-F-08943,p4-4x2,Yellow,#F4EE2A,56,8943,38.0,34.0,134.4,0,CONCEPT_NOT_FIT_VALIDATED
DUC-F-08944,p4-3x2,Yellow,#F4EE2A,56,8944,36.0,42.0,134.4,0,CONCEPT_NOT_FIT_VALIDATED
DUC-F-08945,p4-2x1,Yellow,#F4EE2A,56,8945,34.0,48.0,134.4,0,CONCEPT_NOT_FIT_VALIDATED
DUC-F-08946,p4-2x1,Yellow,#F4EE2A,56,8946,42.0,-60.0,134.4,0,CONCEPT_NOT_FIT_VALIDATED
DUC-F-08947,p4-1x1,Yellow,#F4EE2A,56,8947,44.0,40.0,134.4,0,CONCEPT_NOT_FIT_VALIDATED
DUC-F-08948,p4-2x1,Yellow,#F4EE2A,56,8948,48.0,-54.0,134.4,90,CONCEPT_NOT_FIT_VALIDATED
DUC-F-08949,p4-3x2,Yellow,#F4EE2A,56,8949,52.0,-46.0,134.4,0,CONCEPT_NOT_FIT_VALIDATED
DUC-F-08950,p4-4x2,Yellow,#F4EE2A,56,8950,54.0,-38.0,134.4,0,CONCEPT_NOT_FIT_VALIDATED
DUC-F-08951,p4-4x2,Yellow,#F4EE2A,56,8951,54.0,-30.0,134.4,0,CONCEPT_NOT_FIT_VALIDATED
DUC-F-08952,p4-4x2,Yellow,#F4EE2A,56,8952,54.0,-22.0,134.4,0,CONCEPT_NOT_FIT_VALIDATED
DUC-F-08953,p4-4x2,Yellow,#F4EE2A,56,8953,54.0,-14.0,134.4,0,CONCEPT_NOT_FIT_VALIDATED
DUC-F-08954,p4-4x2,Yellow,#F4EE2A,56,8954,54.0,-6.0,134.4,0,CONCEPT_NOT_FIT_VALIDATED
DUC-F-08955,p4-4x2,Yellow,#F4EE2A,56,8955,54.0,2.0,134.4,0,CONCEPT_NOT_FIT_VALIDATED
DUC-F-08956,p4-4x2,Yellow,#F4EE2A,56,8956,54.0,10.0,134.4,0,CONCEPT_NOT_FIT_VALIDATED
DUC-F-08957,p4-4x2,Yellow,#F4EE2A,56,8957,54.0,18.0,134.4,0,CONCEPT_NOT_FIT_VALIDATED
DUC-F-08958,p4-3x2,Yellow,#F4EE2A,56,8958,52.0,26.0,134.4,0,CONCEPT_NOT_FIT_VALIDATED
DUC-F-08959,p4-2x2,Yellow,#F4EE2A,56,8959,50.0,34.0,134.4,0,CONCEPT_NOT_FIT_VALIDATED
DUC-F-08960,p4-1x1,Yellow,#F4EE2A,56,8960,48.0,40.0,134.4,0,CONCEPT_NOT_FIT_VALIDATED
DUC-F-08961,p4-1x1,Yellow,#F4EE2A,56,8961,52.0,-52.0,134.4,0,CONCEPT_NOT_FIT_VALIDATED
DUC-F-08962,p4-1x1,Yellow,#F4EE2A,56,8962,60.0,24.0,134.4,0,CONCEPT_NOT_FIT_VALIDATED
DUC-F-08963,p4-2x1,Yellow,#F4EE2A,56,8963,64.0,-30.0,134.4,90,CONCEPT_NOT_FIT_VALIDATED
DUC-F-08964,p4-2x1,Yellow,#F4EE2A,56,8964,64.0,-22.0,134.4,90,CONCEPT_NOT_FIT_VALIDATED
DUC-F-08965,p4-2x2,Yellow,#F4EE2A,56,8965,66.0,-14.0,134.4,0,CONCEPT_NOT_FIT_VALIDATED
DUC-F-08966,p4-2x2,Yellow,#F4EE2A,56,8966,66.0,-6.0,134.4,0,CONCEPT_NOT_FIT_VALIDATED
DUC-F-08967,p4-2x1,Yellow,#F4EE2A,56,8967,66.0,0.0,134.4,0,CONCEPT_NOT_FIT_VALIDATED
DUC-F-08968,p4-1x1,Yellow,#F4EE2A,56,8968,64.0,4.0,134.4,0,CONCEPT_NOT_FIT_VALIDATED
DUC-F-08969,p4-2x1,Yellow,#F4EE2A,56,8969,64.0,10.0,134.4,90,CONCEPT_NOT_FIT_VALIDATED
DUC-F-08970,p4-1x1,Yellow,#F4EE2A,56,8970,64.0,16.0,134.4,0,CONCEPT_NOT_FIT_VALIDATED
DUC-F-08971,p4-1x1,Yellow,#F4EE2A,56,8971,68.0,-20.0,134.4,0,CONCEPT_NOT_FIT_VALIDATED
DUC-F-08972,p4-2x1,Yellow,#F4EE2A,57,8972,-4.0,-70.0,136.8,90,CONCEPT_NOT_FIT_VALIDATED
DUC-F-08973,p4-2x2,Yellow,#F4EE2A,57,8973,2.0,-70.0,136.8,0,CONCEPT_NOT_FIT_VALIDATED
DUC-F-08974,p4-2x1,Yellow,#F4EE2A,57,8974,-22.0,-68.0,136.8,0,CONCEPT_NOT_FIT_VALIDATED
DUC-F-08975,p4-2x1,Yellow,#F4EE2A,57,8975,-14.0,-68.0,136.8,0,CONCEPT_NOT_FIT_VALIDATED
DUC-F-08976,p4-1x1,Yellow,#F4EE2A,57,8976,-8.0,-68.0,136.8,0,CONCEPT_NOT_FIT_VALIDATED
DUC-F-08977,p4-2x1,Yellow,#F4EE2A,57,8977,10.0,-68.0,136.8,0,CONCEPT_NOT_FIT_VALIDATED
DUC-F-08978,p4-2x1,Yellow,#F4EE2A,57,8978,18.0,-68.0,136.8,0,CONCEPT_NOT_FIT_VALIDATED
DUC-F-08979,p4-1x1,Yellow,#F4EE2A,57,8979,24.0,-68.0,136.8,0,CONCEPT_NOT_FIT_VALIDATED
DUC-F-08980,p4-4x2,Yellow,#F4EE2A,57,8980,-30.0,-58.0,136.8,90,CONCEPT_NOT_FIT_VALIDATED
DUC-F-08981,p4-4x2,Yellow,#F4EE2A,57,8981,-22.0,-58.0,136.8,90,CONCEPT_NOT_FIT_VALIDATED
DUC-F-08982,p4-4x2,Yellow,#F4EE2A,57,8982,-14.0,-58.0,136.8,90,CONCEPT_NOT_FIT_VALIDATED
DUC-F-08983,p4-4x2,Yellow,#F4EE2A,57,8983,-6.0,-58.0,136.8,90,CONCEPT_NOT_FIT_VALIDATED
DUC-F-08984,p4-4x2,Yellow,#F4EE2A,57,8984,2.0,-58.0,136.8,90,CONCEPT_NOT_FIT_VALIDATED
DUC-F-08985,p4-4x2,Yellow,#F4EE2A,57,8985,10.0,-58.0,136.8,90,CONCEPT_NOT_FIT_VALIDATED
DUC-F-08986,p4-4x2,Yellow,#F4EE2A,57,8986,18.0,-58.0,136.8,90,CONCEPT_NOT_FIT_VALIDATED
DUC-F-08987,p4-4x2,Yellow,#F4EE2A,57,8987,26.0,-58.0,136.8,90,CONCEPT_NOT_FIT_VALIDATED
DUC-F-08988,p4-4x1,Yellow,#F4EE2A,57,8988,32.0,-58.0,136.8,90,CONCEPT_NOT_FIT_VALIDATED
DUC-F-08989,p4-3x2,Yellow,#F4EE2A,57,8989,-38.0,-56.0,136.8,90,CONCEPT_NOT_FIT_VALIDATED
DUC-F-08990,p4-3x1,Yellow,#F4EE2A,57,8990,36.0,-56.0,136.8,90,CONCEPT_NOT_FIT_VALIDATED
DUC-F-08991,p4-3x1,Yellow,#F4EE2A,57,8991,40.0,-56.0,136.8,90,CONCEPT_NOT_FIT_VALIDATED
DUC-F-08992,p4-2x2,Yellow,#F4EE2A,57,8992,-46.0,-54.0,136.8,0,CONCEPT_NOT_FIT_VALIDATED
DUC-F-08993,p4-2x1,Yellow,#F4EE2A,57,8993,44.0,-54.0,136.8,90,CONCEPT_NOT_FIT_VALIDATED
DUC-F-08994,p4-2x1,Yellow,#F4EE2A,57,8994,48.0,-54.0,136.8,90,CONCEPT_NOT_FIT_VALIDATED
DUC-F-08995,p4-1x1,Yellow,#F4EE2A,57,8995,-52.0,-52.0,136.8,0,CONCEPT_NOT_FIT_VALIDATED
DUC-F-08996,p4-1x1,Yellow,#F4EE2A,57,8996,52.0,-52.0,136.8,0,CONCEPT_NOT_FIT_VALIDATED
DUC-F-08997,p4-4x2,Yellow,#F4EE2A,57,8997,-54.0,-42.0,136.8,90,CONCEPT_NOT_FIT_VALIDATED
DUC-F-08998,p4-4x2,Yellow,#F4EE2A,57,8998,-46.0,-42.0,136.8,90,CONCEPT_NOT_FIT_VALIDATED
DUC-F-08999,p4-4x2,Yellow,#F4EE2A,57,8999,-38.0,-42.0,136.8,90,CONCEPT_NOT_FIT_VALIDATED
DUC-F-09000,p4-4x2,Yellow,#F4EE2A,57,9000,-30.0,-42.0,136.8,90,CONCEPT_NOT_FIT_VALIDATED
DUC-F-09001,p4-4x2,Yellow,#F4EE2A,57,9001,-22.0,-42.0,136.8,90,CONCEPT_NOT_FIT_VALIDATED
DUC-F-09002,p4-4x2,Yellow,#F4EE2A,57,9002,-14.0,-42.0,136.8,90,CONCEPT_NOT_FIT_VALIDATED
DUC-F-09003,p4-4x2,Yellow,#F4EE2A,57,9003,-6.0,-42.0,136.8,90,CONCEPT_NOT_FIT_VALIDATED
DUC-F-09004,p4-4x2,Yellow,#F4EE2A,57,9004,2.0,-42.0,136.8,90,CONCEPT_NOT_FIT_VALIDATED
DUC-F-09005,p4-4x2,Yellow,#F4EE2A,57,9005,10.0,-42.0,136.8,90,CONCEPT_NOT_FIT_VALIDATED
DUC-F-09006,p4-4x2,Yellow,#F4EE2A,57,9006,18.0,-42.0,136.8,90,CONCEPT_NOT_FIT_VALIDATED
DUC-F-09007,p4-4x2,Yellow,#F4EE2A,57,9007,26.0,-42.0,136.8,90,CONCEPT_NOT_FIT_VALIDATED
DUC-F-09008,p4-4x2,Yellow,#F4EE2A,57,9008,34.0,-42.0,136.8,90,CONCEPT_NOT_FIT_VALIDATED
DUC-F-09009,p4-4x2,Yellow,#F4EE2A,57,9009,42.0,-42.0,136.8,90,CONCEPT_NOT_FIT_VALIDATED
DUC-F-09010,p4-4x2,Yellow,#F4EE2A,57,9010,50.0,-42.0,136.8,90,CONCEPT_NOT_FIT_VALIDATED
DUC-F-09011,p4-3x1,Yellow,#F4EE2A,57,9011,56.0,-40.0,136.8,90,CONCEPT_NOT_FIT_VALIDATED
DUC-F-09012,p4-2x1,Yellow,#F4EE2A,57,9012,-60.0,-38.0,136.8,90,CONCEPT_NOT_FIT_VALIDATED
DUC-F-09013,p4-2x1,Yellow,#F4EE2A,57,9013,60.0,-38.0,136.8,90,CONCEPT_NOT_FIT_VALIDATED
DUC-F-09014,p4-4x2,Yellow,#F4EE2A,57,9014,-62.0,-26.0,136.8,90,CONCEPT_NOT_FIT_VALIDATED
DUC-F-09015,p4-4x2,Yellow,#F4EE2A,57,9015,-54.0,-26.0,136.8,90,CONCEPT_NOT_FIT_VALIDATED
DUC-F-09016,p4-4x2,Yellow,#F4EE2A,57,9016,-46.0,-26.0,136.8,90,CONCEPT_NOT_FIT_VALIDATED
DUC-F-09017,p4-4x2,Yellow,#F4EE2A,57,9017,-38.0,-26.0,136.8,90,CONCEPT_NOT_FIT_VALIDATED
DUC-F-09018,p4-4x2,Yellow,#F4EE2A,57,9018,-30.0,-26.0,136.8,90,CONCEPT_NOT_FIT_VALIDATED
DUC-F-09019,p4-4x2,Yellow,#F4EE2A,57,9019,-22.0,-26.0,136.8,90,CONCEPT_NOT_FIT_VALIDATED
DUC-F-09020,p4-4x2,Yellow,#F4EE2A,57,9020,-14.0,-26.0,136.8,90,CONCEPT_NOT_FIT_VALIDATED
DUC-F-09021,p4-4x2,Yellow,#F4EE2A,57,9021,-6.0,-26.0,136.8,90,CONCEPT_NOT_FIT_VALIDATED
DUC-F-09022,p4-4x2,Yellow,#F4EE2A,57,9022,2.0,-26.0,136.8,90,CONCEPT_NOT_FIT_VALIDATED
DUC-F-09023,p4-4x2,Yellow,#F4EE2A,57,9023,10.0,-26.0,136.8,90,CONCEPT_NOT_FIT_VALIDATED
DUC-F-09024,p4-4x2,Yellow,#F4EE2A,57,9024,18.0,-26.0,136.8,90,CONCEPT_NOT_FIT_VALIDATED
DUC-F-09025,p4-4x2,Yellow,#F4EE2A,57,9025,26.0,-26.0,136.8,90,CONCEPT_NOT_FIT_VALIDATED
DUC-F-09026,p4-4x2,Yellow,#F4EE2A,57,9026,34.0,-26.0,136.8,90,CONCEPT_NOT_FIT_VALIDATED
DUC-F-09027,p4-4x2,Yellow,#F4EE2A,57,9027,42.0,-26.0,136.8,90,CONCEPT_NOT_FIT_VALIDATED
DUC-F-09028,p4-4x2,Yellow,#F4EE2A,57,9028,50.0,-26.0,136.8,90,CONCEPT_NOT_FIT_VALIDATED
DUC-F-09029,p4-4x2,Yellow,#F4EE2A,57,9029,58.0,-26.0,136.8,90,CONCEPT_NOT_FIT_VALIDATED
DUC-F-09030,p4-4x1,Yellow,#F4EE2A,57,9030,64.0,-26.0,136.8,90,CONCEPT_NOT_FIT_VALIDATED
DUC-F-09031,p4-4x2,Yellow,#F4EE2A,57,9031,-62.0,-10.0,136.8,90,CONCEPT_NOT_FIT_VALIDATED
DUC-F-09032,p4-4x2,Yellow,#F4EE2A,57,9032,-54.0,-10.0,136.8,90,CONCEPT_NOT_FIT_VALIDATED
DUC-F-09033,p4-4x2,Yellow,#F4EE2A,57,9033,-46.0,-10.0,136.8,90,CONCEPT_NOT_FIT_VALIDATED
DUC-F-09034,p4-4x2,Yellow,#F4EE2A,57,9034,-38.0,-10.0,136.8,90,CONCEPT_NOT_FIT_VALIDATED
DUC-F-09035,p4-4x2,Yellow,#F4EE2A,57,9035,-30.0,-10.0,136.8,90,CONCEPT_NOT_FIT_VALIDATED
DUC-F-09036,p4-4x2,Yellow,#F4EE2A,57,9036,-22.0,-10.0,136.8,90,CONCEPT_NOT_FIT_VALIDATED
DUC-F-09037,p4-4x2,Yellow,#F4EE2A,57,9037,-14.0,-10.0,136.8,90,CONCEPT_NOT_FIT_VALIDATED
DUC-F-09038,p4-4x2,Yellow,#F4EE2A,57,9038,-6.0,-10.0,136.8,90,CONCEPT_NOT_FIT_VALIDATED
DUC-F-09039,p4-4x2,Yellow,#F4EE2A,57,9039,2.0,-10.0,136.8,90,CONCEPT_NOT_FIT_VALIDATED
DUC-F-09040,p4-4x2,Yellow,#F4EE2A,57,9040,10.0,-10.0,136.8,90,CONCEPT_NOT_FIT_VALIDATED
DUC-F-09041,p4-4x2,Yellow,#F4EE2A,57,9041,18.0,-10.0,136.8,90,CONCEPT_NOT_FIT_VALIDATED
DUC-F-09042,p4-4x2,Yellow,#F4EE2A,57,9042,26.0,-10.0,136.8,90,CONCEPT_NOT_FIT_VALIDATED
DUC-F-09043,p4-4x2,Yellow,#F4EE2A,57,9043,34.0,-10.0,136.8,90,CONCEPT_NOT_FIT_VALIDATED
DUC-F-09044,p4-4x2,Yellow,#F4EE2A,57,9044,42.0,-10.0,136.8,90,CONCEPT_NOT_FIT_VALIDATED
DUC-F-09045,p4-4x2,Yellow,#F4EE2A,57,9045,50.0,-10.0,136.8,90,CONCEPT_NOT_FIT_VALIDATED
DUC-F-09046,p4-4x2,Yellow,#F4EE2A,57,9046,58.0,-10.0,136.8,90,CONCEPT_NOT_FIT_VALIDATED
DUC-F-09047,p4-4x1,Yellow,#F4EE2A,57,9047,64.0,-10.0,136.8,90,CONCEPT_NOT_FIT_VALIDATED
DUC-F-09048,p4-2x1,Yellow,#F4EE2A,57,9048,-68.0,-6.0,136.8,90,CONCEPT_NOT_FIT_VALIDATED
DUC-F-09049,p4-2x1,Yellow,#F4EE2A,57,9049,68.0,-6.0,136.8,90,CONCEPT_NOT_FIT_VALIDATED
DUC-F-09050,p4-4x2,Yellow,#F4EE2A,57,9050,-62.0,6.0,136.8,90,CONCEPT_NOT_FIT_VALIDATED
DUC-F-09051,p4-4x2,Yellow,#F4EE2A,57,9051,-54.0,6.0,136.8,90,CONCEPT_NOT_FIT_VALIDATED
DUC-F-09052,p4-4x2,Yellow,#F4EE2A,57,9052,-46.0,6.0,136.8,90,CONCEPT_NOT_FIT_VALIDATED
DUC-F-09053,p4-4x2,Yellow,#F4EE2A,57,9053,-38.0,6.0,136.8,90,CONCEPT_NOT_FIT_VALIDATED
DUC-F-09054,p4-4x2,Yellow,#F4EE2A,57,9054,-30.0,6.0,136.8,90,CONCEPT_NOT_FIT_VALIDATED
DUC-F-09055,p4-4x2,Yellow,#F4EE2A,57,9055,-22.0,6.0,136.8,90,CONCEPT_NOT_FIT_VALIDATED
DUC-F-09056,p4-4x2,Yellow,#F4EE2A,57,9056,-14.0,6.0,136.8,90,CONCEPT_NOT_FIT_VALIDATED
DUC-F-09057,p4-4x2,Yellow,#F4EE2A,57,9057,-6.0,6.0,136.8,90,CONCEPT_NOT_FIT_VALIDATED
DUC-F-09058,p4-4x2,Yellow,#F4EE2A,57,9058,2.0,6.0,136.8,90,CONCEPT_NOT_FIT_VALIDATED
DUC-F-09059,p4-4x2,Yellow,#F4EE2A,57,9059,10.0,6.0,136.8,90,CONCEPT_NOT_FIT_VALIDATED
DUC-F-09060,p4-4x2,Yellow,#F4EE2A,57,9060,18.0,6.0,136.8,90,CONCEPT_NOT_FIT_VALIDATED
DUC-F-09061,p4-4x2,Yellow,#F4EE2A,57,9061,26.0,6.0,136.8,90,CONCEPT_NOT_FIT_VALIDATED
DUC-F-09062,p4-4x2,Yellow,#F4EE2A,57,9062,34.0,6.0,136.8,90,CONCEPT_NOT_FIT_VALIDATED
DUC-F-09063,p4-4x2,Yellow,#F4EE2A,57,9063,42.0,6.0,136.8,90,CONCEPT_NOT_FIT_VALIDATED
DUC-F-09064,p4-4x2,Yellow,#F4EE2A,57,9064,50.0,6.0,136.8,90,CONCEPT_NOT_FIT_VALIDATED
DUC-F-09065,p4-4x2,Yellow,#F4EE2A,57,9065,58.0,6.0,136.8,90,CONCEPT_NOT_FIT_VALIDATED
DUC-F-09066,p4-4x1,Yellow,#F4EE2A,57,9066,64.0,6.0,136.8,90,CONCEPT_NOT_FIT_VALIDATED
DUC-F-09067,p4-2x1,Yellow,#F4EE2A,57,9067,-62.0,16.0,136.8,0,CONCEPT_NOT_FIT_VALIDATED
DUC-F-09068,p4-4x2,Yellow,#F4EE2A,57,9068,-54.0,22.0,136.8,90,CONCEPT_NOT_FIT_VALIDATED
DUC-F-09069,p4-4x2,Yellow,#F4EE2A,57,9069,-46.0,22.0,136.8,90,CONCEPT_NOT_FIT_VALIDATED
DUC-F-09070,p4-4x2,Yellow,#F4EE2A,57,9070,-38.0,22.0,136.8,90,CONCEPT_NOT_FIT_VALIDATED
DUC-F-09071,p4-4x2,Yellow,#F4EE2A,57,9071,-30.0,22.0,136.8,90,CONCEPT_NOT_FIT_VALIDATED
DUC-F-09072,p4-4x2,Yellow,#F4EE2A,57,9072,-22.0,22.0,136.8,90,CONCEPT_NOT_FIT_VALIDATED
DUC-F-09073,p4-4x2,Yellow,#F4EE2A,57,9073,-14.0,22.0,136.8,90,CONCEPT_NOT_FIT_VALIDATED
DUC-F-09074,p4-4x2,Yellow,#F4EE2A,57,9074,-6.0,22.0,136.8,90,CONCEPT_NOT_FIT_VALIDATED
DUC-F-09075,p4-4x2,Yellow,#F4EE2A,57,9075,2.0,22.0,136.8,90,CONCEPT_NOT_FIT_VALIDATED
DUC-F-09076,p4-4x2,Yellow,#F4EE2A,57,9076,10.0,22.0,136.8,90,CONCEPT_NOT_FIT_VALIDATED
DUC-F-09077,p4-4x2,Yellow,#F4EE2A,57,9077,18.0,22.0,136.8,90,CONCEPT_NOT_FIT_VALIDATED
DUC-F-09078,p4-4x2,Yellow,#F4EE2A,57,9078,26.0,22.0,136.8,90,CONCEPT_NOT_FIT_VALIDATED
DUC-F-09079,p4-4x2,Yellow,#F4EE2A,57,9079,34.0,22.0,136.8,90,CONCEPT_NOT_FIT_VALIDATED
DUC-F-09080,p4-4x2,Yellow,#F4EE2A,57,9080,42.0,22.0,136.8,90,CONCEPT_NOT_FIT_VALIDATED
DUC-F-09081,p4-4x2,Yellow,#F4EE2A,57,9081,50.0,22.0,136.8,90,CONCEPT_NOT_FIT_VALIDATED
DUC-F-09082,p4-3x2,Yellow,#F4EE2A,57,9082,58.0,20.0,136.8,90,CONCEPT_NOT_FIT_VALIDATED
DUC-F-09083,p4-1x1,Yellow,#F4EE2A,57,9083,64.0,16.0,136.8,0,CONCEPT_NOT_FIT_VALIDATED
DUC-F-09084,p4-2x1,Yellow,#F4EE2A,57,9084,-60.0,22.0,136.8,90,CONCEPT_NOT_FIT_VALIDATED
DUC-F-09085,p4-1x1,Yellow,#F4EE2A,57,9085,56.0,28.0,136.8,0,CONCEPT_NOT_FIT_VALIDATED
DUC-F-09086,p4-1x1,Yellow,#F4EE2A,57,9086,-52.0,32.0,136.8,0,CONCEPT_NOT_FIT_VALIDATED
DUC-F-09087,p4-2x2,Yellow,#F4EE2A,57,9087,-46.0,34.0,136.8,0,CONCEPT_NOT_FIT_VALIDATED
DUC-F-09088,p4-4x2,Yellow,#F4EE2A,57,9088,-38.0,38.0,136.8,90,CONCEPT_NOT_FIT_VALIDATED
DUC-F-09089,p4-4x2,Yellow,#F4EE2A,57,9089,-30.0,38.0,136.8,90,CONCEPT_NOT_FIT_VALIDATED
DUC-F-09090,p4-4x2,Yellow,#F4EE2A,57,9090,-22.0,38.0,136.8,90,CONCEPT_NOT_FIT_VALIDATED
DUC-F-09091,p4-4x2,Yellow,#F4EE2A,57,9091,-14.0,38.0,136.8,90,CONCEPT_NOT_FIT_VALIDATED
DUC-F-09092,p4-4x2,Yellow,#F4EE2A,57,9092,-6.0,38.0,136.8,90,CONCEPT_NOT_FIT_VALIDATED
DUC-F-09093,p4-4x2,Yellow,#F4EE2A,57,9093,2.0,38.0,136.8,90,CONCEPT_NOT_FIT_VALIDATED
DUC-F-09094,p4-4x2,Yellow,#F4EE2A,57,9094,10.0,38.0,136.8,90,CONCEPT_NOT_FIT_VALIDATED
DUC-F-09095,p4-4x2,Yellow,#F4EE2A,57,9095,18.0,38.0,136.8,90,CONCEPT_NOT_FIT_VALIDATED
DUC-F-09096,p4-4x2,Yellow,#F4EE2A,57,9096,26.0,38.0,136.8,90,CONCEPT_NOT_FIT_VALIDATED
DUC-F-09097,p4-4x2,Yellow,#F4EE2A,57,9097,34.0,38.0,136.8,90,CONCEPT_NOT_FIT_VALIDATED
DUC-F-09098,p4-3x2,Yellow,#F4EE2A,57,9098,42.0,36.0,136.8,90,CONCEPT_NOT_FIT_VALIDATED
DUC-F-09099,p4-2x1,Yellow,#F4EE2A,57,9099,48.0,34.0,136.8,90,CONCEPT_NOT_FIT_VALIDATED
DUC-F-09100,p4-1x1,Yellow,#F4EE2A,57,9100,52.0,32.0,136.8,0,CONCEPT_NOT_FIT_VALIDATED
DUC-F-09101,p4-1x1,Yellow,#F4EE2A,57,9101,-44.0,40.0,136.8,0,CONCEPT_NOT_FIT_VALIDATED
DUC-F-09102,p4-1x1,Yellow,#F4EE2A,57,9102,40.0,44.0,136.8,0,CONCEPT_NOT_FIT_VALIDATED
DUC-F-09103,p4-1x1,Yellow,#F4EE2A,57,9103,-36.0,48.0,136.8,0,CONCEPT_NOT_FIT_VALIDATED
DUC-F-09104,p4-2x1,Yellow,#F4EE2A,57,9104,-30.0,48.0,136.8,0,CONCEPT_NOT_FIT_VALIDATED
DUC-F-09105,p4-2x2,Yellow,#F4EE2A,57,9105,-22.0,50.0,136.8,0,CONCEPT_NOT_FIT_VALIDATED
DUC-F-09106,p4-2x2,Yellow,#F4EE2A,57,9106,-14.0,50.0,136.8,0,CONCEPT_NOT_FIT_VALIDATED
DUC-F-09107,p4-3x2,Yellow,#F4EE2A,57,9107,-6.0,52.0,136.8,90,CONCEPT_NOT_FIT_VALIDATED
DUC-F-09108,p4-3x2,Yellow,#F4EE2A,57,9108,2.0,52.0,136.8,90,CONCEPT_NOT_FIT_VALIDATED
DUC-F-09109,p4-3x2,Yellow,#F4EE2A,57,9109,10.0,52.0,136.8,90,CONCEPT_NOT_FIT_VALIDATED
DUC-F-09110,p4-2x2,Yellow,#F4EE2A,57,9110,18.0,50.0,136.8,0,CONCEPT_NOT_FIT_VALIDATED
DUC-F-09111,p4-2x2,Yellow,#F4EE2A,57,9111,26.0,50.0,136.8,0,CONCEPT_NOT_FIT_VALIDATED
DUC-F-09112,p4-2x1,Yellow,#F4EE2A,57,9112,34.0,48.0,136.8,0,CONCEPT_NOT_FIT_VALIDATED
DUC-F-09113,p4-1x1,Yellow,#F4EE2A,57,9113,-28.0,52.0,136.8,0,CONCEPT_NOT_FIT_VALIDATED
DUC-F-09114,p4-1x1,Yellow,#F4EE2A,57,9114,-12.0,56.0,136.8,0,CONCEPT_NOT_FIT_VALIDATED
DUC-F-09115,p4-3x2,Yellow,#F4EE2A,58,9115,-60.0,-26.0,139.2,0,CONCEPT_NOT_FIT_VALIDATED
DUC-F-09116,p4-3x2,Yellow,#F4EE2A,58,9116,-60.0,-18.0,139.2,0,CONCEPT_NOT_FIT_VALIDATED
DUC-F-09117,p4-3x2,Yellow,#F4EE2A,58,9117,-60.0,-10.0,139.2,0,CONCEPT_NOT_FIT_VALIDATED
DUC-F-09118,p4-3x2,Yellow,#F4EE2A,58,9118,-60.0,-2.0,139.2,0,CONCEPT_NOT_FIT_VALIDATED
DUC-F-09119,p4-3x2,Yellow,#F4EE2A,58,9119,-60.0,6.0,139.2,0,CONCEPT_NOT_FIT_VALIDATED
DUC-F-09120,p4-3x1,Yellow,#F4EE2A,58,9120,-60.0,12.0,139.2,0,CONCEPT_NOT_FIT_VALIDATED
DUC-F-09121,p4-2x1,Yellow,#F4EE2A,58,9121,-58.0,-40.0,139.2,0,CONCEPT_NOT_FIT_VALIDATED
DUC-F-09122,p4-2x2,Yellow,#F4EE2A,58,9122,-58.0,-34.0,139.2,0,CONCEPT_NOT_FIT_VALIDATED
DUC-F-09123,p4-2x1,Yellow,#F4EE2A,58,9123,-58.0,16.0,139.2,0,CONCEPT_NOT_FIT_VALIDATED
DUC-F-09124,p4-2x1,Yellow,#F4EE2A,58,9124,-58.0,20.0,139.2,0,CONCEPT_NOT_FIT_VALIDATED
DUC-F-09125,p4-1x1,Yellow,#F4EE2A,58,9125,-56.0,-44.0,139.2,0,CONCEPT_NOT_FIT_VALIDATED
DUC-F-09126,p4-1x1,Yellow,#F4EE2A,58,9126,-56.0,24.0,139.2,0,CONCEPT_NOT_FIT_VALIDATED
DUC-F-09127,p4-1x1,Yellow,#F4EE2A,58,9127,-56.0,28.0,139.2,0,CONCEPT_NOT_FIT_VALIDATED
DUC-F-09128,p4-4x1,Yellow,#F4EE2A,58,9128,-46.0,-48.0,139.2,0,CONCEPT_NOT_FIT_VALIDATED
DUC-F-09129,p4-4x2,Yellow,#F4EE2A,58,9129,-46.0,-42.0,139.2,0,CONCEPT_NOT_FIT_VALIDATED
DUC-F-09130,p4-4x2,Yellow,#F4EE2A,58,9130,-46.0,-34.0,139.2,0,CONCEPT_NOT_FIT_VALIDATED
DUC-F-09131,p4-4x2,Yellow,#F4EE2A,58,9131,-46.0,-26.0,139.2,0,CONCEPT_NOT_FIT_VALIDATED
DUC-F-09132,p4-4x2,Yellow,#F4EE2A,58,9132,-46.0,-18.0,139.2,0,CONCEPT_NOT_FIT_VALIDATED
DUC-F-09133,p4-4x2,Yellow,#F4EE2A,58,9133,-46.0,-10.0,139.2,0,CONCEPT_NOT_FIT_VALIDATED
DUC-F-09134,p4-4x2,Yellow,#F4EE2A,58,9134,-46.0,-2.0,139.2,0,CONCEPT_NOT_FIT_VALIDATED
DUC-F-09135,p4-4x2,Yellow,#F4EE2A,58,9135,-46.0,6.0,139.2,0,CONCEPT_NOT_FIT_VALIDATED
DUC-F-09136,p4-4x2,Yellow,#F4EE2A,58,9136,-46.0,14.0,139.2,0,CONCEPT_NOT_FIT_VALIDATED
DUC-F-09137,p4-4x2,Yellow,#F4EE2A,58,9137,-46.0,22.0,139.2,0,CONCEPT_NOT_FIT_VALIDATED
DUC-F-09138,p4-4x2,Yellow,#F4EE2A,58,9138,-46.0,30.0,139.2,0,CONCEPT_NOT_FIT_VALIDATED
DUC-F-09139,p4-3x1,Yellow,#F4EE2A,58,9139,-44.0,-52.0,139.2,0,CONCEPT_NOT_FIT_VALIDATED
DUC-F-09140,p4-3x1,Yellow,#F4EE2A,58,9140,-44.0,36.0,139.2,0,CONCEPT_NOT_FIT_VALIDATED
DUC-F-09141,p4-2x1,Yellow,#F4EE2A,58,9141,-42.0,-56.0,139.2,0,CONCEPT_NOT_FIT_VALIDATED
DUC-F-09142,p4-2x1,Yellow,#F4EE2A,58,9142,-42.0,40.0,139.2,0,CONCEPT_NOT_FIT_VALIDATED
DUC-F-09143,p4-1x1,Yellow,#F4EE2A,58,9143,-40.0,-60.0,139.2,0,CONCEPT_NOT_FIT_VALIDATED
DUC-F-09144,p4-1x1,Yellow,#F4EE2A,58,9144,-40.0,44.0,139.2,0,CONCEPT_NOT_FIT_VALIDATED
DUC-F-09145,p4-4x2,Yellow,#F4EE2A,58,9145,-30.0,-58.0,139.2,0,CONCEPT_NOT_FIT_VALIDATED
DUC-F-09146,p4-4x2,Yellow,#F4EE2A,58,9146,-30.0,-50.0,139.2,0,CONCEPT_NOT_FIT_VALIDATED
DUC-F-09147,p4-4x2,Yellow,#F4EE2A,58,9147,-30.0,-42.0,139.2,0,CONCEPT_NOT_FIT_VALIDATED
DUC-F-09148,p4-4x2,Yellow,#F4EE2A,58,9148,-30.0,-34.0,139.2,0,CONCEPT_NOT_FIT_VALIDATED
DUC-F-09149,p4-4x2,Yellow,#F4EE2A,58,9149,-30.0,-26.0,139.2,0,CONCEPT_NOT_FIT_VALIDATED
DUC-F-09150,p4-4x2,Yellow,#F4EE2A,58,9150,-30.0,-18.0,139.2,0,CONCEPT_NOT_FIT_VALIDATED
DUC-F-09151,p4-4x2,Yellow,#F4EE2A,58,9151,-30.0,-10.0,139.2,0,CONCEPT_NOT_FIT_VALIDATED
DUC-F-09152,p4-4x2,Yellow,#F4EE2A,58,9152,-30.0,-2.0,139.2,0,CONCEPT_NOT_FIT_VALIDATED
DUC-F-09153,p4-4x2,Yellow,#F4EE2A,58,9153,-30.0,6.0,139.2,0,CONCEPT_NOT_FIT_VALIDATED
DUC-F-09154,p4-4x2,Yellow,#F4EE2A,58,9154,-30.0,14.0,139.2,0,CONCEPT_NOT_FIT_VALIDATED
DUC-F-09155,p4-4x2,Yellow,#F4EE2A,58,9155,-30.0,22.0,139.2,0,CONCEPT_NOT_FIT_VALIDATED
DUC-F-09156,p4-4x2,Yellow,#F4EE2A,58,9156,-30.0,30.0,139.2,0,CONCEPT_NOT_FIT_VALIDATED
DUC-F-09157,p4-4x2,Yellow,#F4EE2A,58,9157,-30.0,38.0,139.2,0,CONCEPT_NOT_FIT_VALIDATED
DUC-F-09158,p4-4x1,Yellow,#F4EE2A,58,9158,-30.0,44.0,139.2,0,CONCEPT_NOT_FIT_VALIDATED
DUC-F-09159,p4-3x1,Yellow,#F4EE2A,58,9159,-28.0,-64.0,139.2,0,CONCEPT_NOT_FIT_VALIDATED
DUC-F-09160,p4-3x1,Yellow,#F4EE2A,58,9160,-28.0,48.0,139.2,0,CONCEPT_NOT_FIT_VALIDATED
DUC-F-09161,p4-1x1,Yellow,#F4EE2A,58,9161,-24.0,52.0,139.2,0,CONCEPT_NOT_FIT_VALIDATED
DUC-F-09162,p4-4x2,Yellow,#F4EE2A,58,9162,-14.0,-66.0,139.2,0,CONCEPT_NOT_FIT_VALIDATED
DUC-F-09163,p4-4x2,Yellow,#F4EE2A,58,9163,-14.0,-58.0,139.2,0,CONCEPT_NOT_FIT_VALIDATED
DUC-F-09164,p4-4x2,Yellow,#F4EE2A,58,9164,-14.0,-50.0,139.2,0,CONCEPT_NOT_FIT_VALIDATED
DUC-F-09165,p4-4x2,Yellow,#F4EE2A,58,9165,-14.0,-42.0,139.2,0,CONCEPT_NOT_FIT_VALIDATED
DUC-F-09166,p4-4x2,Yellow,#F4EE2A,58,9166,-14.0,-34.0,139.2,0,CONCEPT_NOT_FIT_VALIDATED
DUC-F-09167,p4-4x2,Yellow,#F4EE2A,58,9167,-14.0,-26.0,139.2,0,CONCEPT_NOT_FIT_VALIDATED
DUC-F-09168,p4-4x2,Yellow,#F4EE2A,58,9168,-14.0,-18.0,139.2,0,CONCEPT_NOT_FIT_VALIDATED
DUC-F-09169,p4-4x2,Yellow,#F4EE2A,58,9169,-14.0,-10.0,139.2,0,CONCEPT_NOT_FIT_VALIDATED
DUC-F-09170,p4-4x2,Yellow,#F4EE2A,58,9170,-14.0,-2.0,139.2,0,CONCEPT_NOT_FIT_VALIDATED
DUC-F-09171,p4-4x2,Yellow,#F4EE2A,58,9171,-14.0,6.0,139.2,0,CONCEPT_NOT_FIT_VALIDATED
DUC-F-09172,p4-4x2,Yellow,#F4EE2A,58,9172,-14.0,14.0,139.2,0,CONCEPT_NOT_FIT_VALIDATED
DUC-F-09173,p4-4x2,Yellow,#F4EE2A,58,9173,-14.0,22.0,139.2,0,CONCEPT_NOT_FIT_VALIDATED
DUC-F-09174,p4-4x2,Yellow,#F4EE2A,58,9174,-14.0,30.0,139.2,0,CONCEPT_NOT_FIT_VALIDATED
DUC-F-09175,p4-4x2,Yellow,#F4EE2A,58,9175,-14.0,38.0,139.2,0,CONCEPT_NOT_FIT_VALIDATED
DUC-F-09176,p4-4x2,Yellow,#F4EE2A,58,9176,-14.0,46.0,139.2,0,CONCEPT_NOT_FIT_VALIDATED
DUC-F-09177,p4-4x1,Yellow,#F4EE2A,58,9177,-14.0,52.0,139.2,0,CONCEPT_NOT_FIT_VALIDATED
DUC-F-09178,p4-4x2,Yellow,#F4EE2A,58,9178,2.0,-66.0,139.2,0,CONCEPT_NOT_FIT_VALIDATED
DUC-F-09179,p4-4x2,Yellow,#F4EE2A,58,9179,2.0,-58.0,139.2,0,CONCEPT_NOT_FIT_VALIDATED
DUC-F-09180,p4-4x2,Yellow,#F4EE2A,58,9180,2.0,-50.0,139.2,0,CONCEPT_NOT_FIT_VALIDATED
DUC-F-09181,p4-4x2,Yellow,#F4EE2A,58,9181,2.0,-42.0,139.2,0,CONCEPT_NOT_FIT_VALIDATED
DUC-F-09182,p4-4x2,Yellow,#F4EE2A,58,9182,2.0,-34.0,139.2,0,CONCEPT_NOT_FIT_VALIDATED
DUC-F-09183,p4-4x2,Yellow,#F4EE2A,58,9183,2.0,-26.0,139.2,0,CONCEPT_NOT_FIT_VALIDATED
DUC-F-09184,p4-4x2,Yellow,#F4EE2A,58,9184,2.0,-18.0,139.2,0,CONCEPT_NOT_FIT_VALIDATED
DUC-F-09185,p4-4x2,Yellow,#F4EE2A,58,9185,2.0,-10.0,139.2,0,CONCEPT_NOT_FIT_VALIDATED
DUC-F-09186,p4-4x2,Yellow,#F4EE2A,58,9186,2.0,-2.0,139.2,0,CONCEPT_NOT_FIT_VALIDATED
DUC-F-09187,p4-4x2,Yellow,#F4EE2A,58,9187,2.0,6.0,139.2,0,CONCEPT_NOT_FIT_VALIDATED
DUC-F-09188,p4-4x2,Yellow,#F4EE2A,58,9188,2.0,14.0,139.2,0,CONCEPT_NOT_FIT_VALIDATED
DUC-F-09189,p4-4x2,Yellow,#F4EE2A,58,9189,2.0,22.0,139.2,0,CONCEPT_NOT_FIT_VALIDATED
DUC-F-09190,p4-4x2,Yellow,#F4EE2A,58,9190,2.0,30.0,139.2,0,CONCEPT_NOT_FIT_VALIDATED
DUC-F-09191,p4-4x2,Yellow,#F4EE2A,58,9191,2.0,38.0,139.2,0,CONCEPT_NOT_FIT_VALIDATED
DUC-F-09192,p4-4x2,Yellow,#F4EE2A,58,9192,2.0,46.0,139.2,0,CONCEPT_NOT_FIT_VALIDATED
DUC-F-09193,p4-3x2,Yellow,#F4EE2A,58,9193,0.0,54.0,139.2,0,CONCEPT_NOT_FIT_VALIDATED
DUC-F-09194,p4-1x1,Yellow,#F4EE2A,58,9194,8.0,52.0,139.2,0,CONCEPT_NOT_FIT_VALIDATED
DUC-F-09195,p4-3x2,Yellow,#F4EE2A,58,9195,16.0,-66.0,139.2,0,CONCEPT_NOT_FIT_VALIDATED
DUC-F-09196,p4-4x2,Yellow,#F4EE2A,58,9196,18.0,-58.0,139.2,0,CONCEPT_NOT_FIT_VALIDATED
DUC-F-09197,p4-4x2,Yellow,#F4EE2A,58,9197,18.0,-50.0,139.2,0,CONCEPT_NOT_FIT_VALIDATED
DUC-F-09198,p4-4x2,Yellow,#F4EE2A,58,9198,18.0,-42.0,139.2,0,CONCEPT_NOT_FIT_VALIDATED
DUC-F-09199,p4-4x2,Yellow,#F4EE2A,58,9199,18.0,-34.0,139.2,0,CONCEPT_NOT_FIT_VALIDATED
DUC-F-09200,p4-4x2,Yellow,#F4EE2A,58,9200,18.0,-26.0,139.2,0,CONCEPT_NOT_FIT_VALIDATED
DUC-F-09201,p4-4x2,Yellow,#F4EE2A,58,9201,18.0,-18.0,139.2,0,CONCEPT_NOT_FIT_VALIDATED
DUC-F-09202,p4-4x2,Yellow,#F4EE2A,58,9202,18.0,-10.0,139.2,0,CONCEPT_NOT_FIT_VALIDATED
DUC-F-09203,p4-4x2,Yellow,#F4EE2A,58,9203,18.0,-2.0,139.2,0,CONCEPT_NOT_FIT_VALIDATED
DUC-F-09204,p4-4x2,Yellow,#F4EE2A,58,9204,18.0,6.0,139.2,0,CONCEPT_NOT_FIT_VALIDATED
DUC-F-09205,p4-4x2,Yellow,#F4EE2A,58,9205,18.0,14.0,139.2,0,CONCEPT_NOT_FIT_VALIDATED
DUC-F-09206,p4-4x2,Yellow,#F4EE2A,58,9206,18.0,22.0,139.2,0,CONCEPT_NOT_FIT_VALIDATED
DUC-F-09207,p4-4x2,Yellow,#F4EE2A,58,9207,18.0,30.0,139.2,0,CONCEPT_NOT_FIT_VALIDATED
DUC-F-09208,p4-4x2,Yellow,#F4EE2A,58,9208,18.0,38.0,139.2,0,CONCEPT_NOT_FIT_VALIDATED
DUC-F-09209,p4-4x2,Yellow,#F4EE2A,58,9209,18.0,46.0,139.2,0,CONCEPT_NOT_FIT_VALIDATED
DUC-F-09210,p4-4x1,Yellow,#F4EE2A,58,9210,18.0,52.0,139.2,0,CONCEPT_NOT_FIT_VALIDATED
DUC-F-09211,p4-1x1,Yellow,#F4EE2A,58,9211,24.0,-64.0,139.2,0,CONCEPT_NOT_FIT_VALIDATED
DUC-F-09212,p4-2x1,Yellow,#F4EE2A,58,9212,30.0,-64.0,139.2,0,CONCEPT_NOT_FIT_VALIDATED
DUC-F-09213,p4-4x2,Yellow,#F4EE2A,58,9213,34.0,-58.0,139.2,0,CONCEPT_NOT_FIT_VALIDATED
DUC-F-09214,p4-4x2,Yellow,#F4EE2A,58,9214,34.0,-50.0,139.2,0,CONCEPT_NOT_FIT_VALIDATED
DUC-F-09215,p4-4x2,Yellow,#F4EE2A,58,9215,34.0,-42.0,139.2,0,CONCEPT_NOT_FIT_VALIDATED
DUC-F-09216,p4-4x2,Yellow,#F4EE2A,58,9216,34.0,-34.0,139.2,0,CONCEPT_NOT_FIT_VALIDATED
DUC-F-09217,p4-4x2,Yellow,#F4EE2A,58,9217,34.0,-26.0,139.2,0,CONCEPT_NOT_FIT_VALIDATED
DUC-F-09218,p4-4x2,Yellow,#F4EE2A,58,9218,34.0,-18.0,139.2,0,CONCEPT_NOT_FIT_VALIDATED
DUC-F-09219,p4-4x2,Yellow,#F4EE2A,58,9219,34.0,-10.0,139.2,0,CONCEPT_NOT_FIT_VALIDATED
DUC-F-09220,p4-4x2,Yellow,#F4EE2A,58,9220,34.0,-2.0,139.2,0,CONCEPT_NOT_FIT_VALIDATED
DUC-F-09221,p4-4x2,Yellow,#F4EE2A,58,9221,34.0,6.0,139.2,0,CONCEPT_NOT_FIT_VALIDATED
DUC-F-09222,p4-4x2,Yellow,#F4EE2A,58,9222,34.0,14.0,139.2,0,CONCEPT_NOT_FIT_VALIDATED
DUC-F-09223,p4-4x2,Yellow,#F4EE2A,58,9223,34.0,22.0,139.2,0,CONCEPT_NOT_FIT_VALIDATED
DUC-F-09224,p4-4x2,Yellow,#F4EE2A,58,9224,34.0,30.0,139.2,0,CONCEPT_NOT_FIT_VALIDATED
DUC-F-09225,p4-4x2,Yellow,#F4EE2A,58,9225,34.0,38.0,139.2,0,CONCEPT_NOT_FIT_VALIDATED
DUC-F-09226,p4-2x2,Yellow,#F4EE2A,58,9226,30.0,46.0,139.2,0,CONCEPT_NOT_FIT_VALIDATED
DUC-F-09227,p4-2x1,Yellow,#F4EE2A,58,9227,38.0,44.0,139.2,0,CONCEPT_NOT_FIT_VALIDATED
DUC-F-09228,p4-1x1,Yellow,#F4EE2A,58,9228,44.0,-56.0,139.2,0,CONCEPT_NOT_FIT_VALIDATED
DUC-F-09229,p4-2x2,Yellow,#F4EE2A,58,9229,46.0,-50.0,139.2,0,CONCEPT_NOT_FIT_VALIDATED
DUC-F-09230,p4-4x2,Yellow,#F4EE2A,58,9230,50.0,-42.0,139.2,0,CONCEPT_NOT_FIT_VALIDATED
DUC-F-09231,p4-4x2,Yellow,#F4EE2A,58,9231,50.0,-34.0,139.2,0,CONCEPT_NOT_FIT_VALIDATED
DUC-F-09232,p4-4x2,Yellow,#F4EE2A,58,9232,50.0,-26.0,139.2,0,CONCEPT_NOT_FIT_VALIDATED
DUC-F-09233,p4-4x2,Yellow,#F4EE2A,58,9233,50.0,-18.0,139.2,0,CONCEPT_NOT_FIT_VALIDATED
DUC-F-09234,p4-4x2,Yellow,#F4EE2A,58,9234,50.0,-10.0,139.2,0,CONCEPT_NOT_FIT_VALIDATED
DUC-F-09235,p4-4x2,Yellow,#F4EE2A,58,9235,50.0,-2.0,139.2,0,CONCEPT_NOT_FIT_VALIDATED
DUC-F-09236,p4-4x2,Yellow,#F4EE2A,58,9236,50.0,6.0,139.2,0,CONCEPT_NOT_FIT_VALIDATED
DUC-F-09237,p4-4x2,Yellow,#F4EE2A,58,9237,50.0,14.0,139.2,0,CONCEPT_NOT_FIT_VALIDATED
DUC-F-09238,p4-4x2,Yellow,#F4EE2A,58,9238,50.0,22.0,139.2,0,CONCEPT_NOT_FIT_VALIDATED
DUC-F-09239,p4-3x2,Yellow,#F4EE2A,58,9239,48.0,30.0,139.2,0,CONCEPT_NOT_FIT_VALIDATED
DUC-F-09240,p4-2x1,Yellow,#F4EE2A,58,9240,46.0,36.0,139.2,0,CONCEPT_NOT_FIT_VALIDATED
DUC-F-09241,p4-1x1,Yellow,#F4EE2A,58,9241,44.0,40.0,139.2,0,CONCEPT_NOT_FIT_VALIDATED
DUC-F-09242,p4-1x1,Yellow,#F4EE2A,58,9242,52.0,-48.0,139.2,0,CONCEPT_NOT_FIT_VALIDATED
DUC-F-09243,p4-1x1,Yellow,#F4EE2A,58,9243,56.0,28.0,139.2,0,CONCEPT_NOT_FIT_VALIDATED
DUC-F-09244,p4-1x1,Yellow,#F4EE2A,58,9244,60.0,-40.0,139.2,0,CONCEPT_NOT_FIT_VALIDATED
DUC-F-09245,p4-2x1,Yellow,#F4EE2A,58,9245,60.0,-34.0,139.2,90,CONCEPT_NOT_FIT_VALIDATED
DUC-F-09246,p4-2x2,Yellow,#F4EE2A,58,9246,62.0,-26.0,139.2,0,CONCEPT_NOT_FIT_VALIDATED
DUC-F-09247,p4-2x2,Yellow,#F4EE2A,58,9247,62.0,-18.0,139.2,0,CONCEPT_NOT_FIT_VALIDATED
DUC-F-09248,p4-2x2,Yellow,#F4EE2A,58,9248,62.0,-10.0,139.2,0,CONCEPT_NOT_FIT_VALIDATED
DUC-F-09249,p4-2x2,Yellow,#F4EE2A,58,9249,62.0,-2.0,139.2,0,CONCEPT_NOT_FIT_VALIDATED
DUC-F-09250,p4-2x2,Yellow,#F4EE2A,58,9250,62.0,6.0,139.2,0,CONCEPT_NOT_FIT_VALIDATED
DUC-F-09251,p4-2x1,Yellow,#F4EE2A,58,9251,62.0,12.0,139.2,0,CONCEPT_NOT_FIT_VALIDATED
DUC-F-09252,p4-1x1,Yellow,#F4EE2A,58,9252,60.0,16.0,139.2,0,CONCEPT_NOT_FIT_VALIDATED
DUC-F-09253,p4-1x1,Yellow,#F4EE2A,58,9253,60.0,20.0,139.2,0,CONCEPT_NOT_FIT_VALIDATED
DUC-F-09254,p4-4x1,Yellow,#F4EE2A,59,9254,-16.0,-62.0,141.6,90,CONCEPT_NOT_FIT_VALIDATED
DUC-F-09255,p4-4x2,Yellow,#F4EE2A,59,9255,-10.0,-62.0,141.6,90,CONCEPT_NOT_FIT_VALIDATED
DUC-F-09256,p4-4x2,Yellow,#F4EE2A,59,9256,-2.0,-62.0,141.6,90,CONCEPT_NOT_FIT_VALIDATED
DUC-F-09257,p4-4x2,Yellow,#F4EE2A,59,9257,6.0,-62.0,141.6,90,CONCEPT_NOT_FIT_VALIDATED
DUC-F-09258,p4-4x2,Yellow,#F4EE2A,59,9258,14.0,-62.0,141.6,90,CONCEPT_NOT_FIT_VALIDATED
DUC-F-09259,p4-3x2,Yellow,#F4EE2A,59,9259,-26.0,-60.0,141.6,90,CONCEPT_NOT_FIT_VALIDATED
DUC-F-09260,p4-3x1,Yellow,#F4EE2A,59,9260,-20.0,-60.0,141.6,90,CONCEPT_NOT_FIT_VALIDATED
DUC-F-09261,p4-3x2,Yellow,#F4EE2A,59,9261,22.0,-60.0,141.6,90,CONCEPT_NOT_FIT_VALIDATED
DUC-F-09262,p4-3x1,Yellow,#F4EE2A,59,9262,28.0,-60.0,141.6,90,CONCEPT_NOT_FIT_VALIDATED
DUC-F-09263,p4-2x1,Yellow,#F4EE2A,59,9263,-40.0,-58.0,141.6,90,CONCEPT_NOT_FIT_VALIDATED
DUC-F-09264,p4-2x2,Yellow,#F4EE2A,59,9264,-34.0,-58.0,141.6,0,CONCEPT_NOT_FIT_VALIDATED
DUC-F-09265,p4-2x1,Yellow,#F4EE2A,59,9265,32.0,-58.0,141.6,90,CONCEPT_NOT_FIT_VALIDATED
DUC-F-09266,p4-2x1,Yellow,#F4EE2A,59,9266,36.0,-58.0,141.6,90,CONCEPT_NOT_FIT_VALIDATED
DUC-F-09267,p4-1x1,Yellow,#F4EE2A,59,9267,-44.0,-56.0,141.6,0,CONCEPT_NOT_FIT_VALIDATED
DUC-F-09268,p4-1x1,Yellow,#F4EE2A,59,9268,40.0,-56.0,141.6,0,CONCEPT_NOT_FIT_VALIDATED
DUC-F-09269,p4-1x1,Yellow,#F4EE2A,59,9269,44.0,-56.0,141.6,0,CONCEPT_NOT_FIT_VALIDATED
DUC-F-09270,p4-4x1,Yellow,#F4EE2A,59,9270,-48.0,-46.0,141.6,90,CONCEPT_NOT_FIT_VALIDATED
DUC-F-09271,p4-4x2,Yellow,#F4EE2A,59,9271,-42.0,-46.0,141.6,90,CONCEPT_NOT_FIT_VALIDATED
DUC-F-09272,p4-4x2,Yellow,#F4EE2A,59,9272,-34.0,-46.0,141.6,90,CONCEPT_NOT_FIT_VALIDATED
DUC-F-09273,p4-4x2,Yellow,#F4EE2A,59,9273,-26.0,-46.0,141.6,90,CONCEPT_NOT_FIT_VALIDATED
DUC-F-09274,p4-4x2,Yellow,#F4EE2A,59,9274,-18.0,-46.0,141.6,90,CONCEPT_NOT_FIT_VALIDATED
DUC-F-09275,p4-4x2,Yellow,#F4EE2A,59,9275,-10.0,-46.0,141.6,90,CONCEPT_NOT_FIT_VALIDATED
DUC-F-09276,p4-4x2,Yellow,#F4EE2A,59,9276,-2.0,-46.0,141.6,90,CONCEPT_NOT_FIT_VALIDATED
DUC-F-09277,p4-4x2,Yellow,#F4EE2A,59,9277,6.0,-46.0,141.6,90,CONCEPT_NOT_FIT_VALIDATED
DUC-F-09278,p4-4x2,Yellow,#F4EE2A,59,9278,14.0,-46.0,141.6,90,CONCEPT_NOT_FIT_VALIDATED
DUC-F-09279,p4-4x2,Yellow,#F4EE2A,59,9279,22.0,-46.0,141.6,90,CONCEPT_NOT_FIT_VALIDATED
DUC-F-09280,p4-4x2,Yellow,#F4EE2A,59,9280,30.0,-46.0,141.6,90,CONCEPT_NOT_FIT_VALIDATED
DUC-F-09281,p4-4x2,Yellow,#F4EE2A,59,9281,38.0,-46.0,141.6,90,CONCEPT_NOT_FIT_VALIDATED
DUC-F-09282,p4-4x2,Yellow,#F4EE2A,59,9282,46.0,-46.0,141.6,90,CONCEPT_NOT_FIT_VALIDATED
DUC-F-09283,p4-3x1,Yellow,#F4EE2A,59,9283,-52.0,-44.0,141.6,90,CONCEPT_NOT_FIT_VALIDATED
DUC-F-09284,p4-3x1,Yellow,#F4EE2A,59,9284,52.0,-44.0,141.6,90,CONCEPT_NOT_FIT_VALIDATED
DUC-F-09285,p4-2x1,Yellow,#F4EE2A,59,9285,-56.0,-42.0,141.6,90,CONCEPT_NOT_FIT_VALIDATED
DUC-F-09286,p4-2x1,Yellow,#F4EE2A,59,9286,56.0,-42.0,141.6,90,CONCEPT_NOT_FIT_VALIDATED
DUC-F-09287,p4-4x2,Yellow,#F4EE2A,59,9287,-58.0,-30.0,141.6,90,CONCEPT_NOT_FIT_VALIDATED
DUC-F-09288,p4-4x2,Yellow,#F4EE2A,59,9288,-50.0,-30.0,141.6,90,CONCEPT_NOT_FIT_VALIDATED
DUC-F-09289,p4-4x2,Yellow,#F4EE2A,59,9289,-42.0,-30.0,141.6,90,CONCEPT_NOT_FIT_VALIDATED
DUC-F-09290,p4-4x2,Yellow,#F4EE2A,59,9290,-34.0,-30.0,141.6,90,CONCEPT_NOT_FIT_VALIDATED
DUC-F-09291,p4-4x2,Yellow,#F4EE2A,59,9291,-26.0,-30.0,141.6,90,CONCEPT_NOT_FIT_VALIDATED
DUC-F-09292,p4-4x2,Yellow,#F4EE2A,59,9292,-18.0,-30.0,141.6,90,CONCEPT_NOT_FIT_VALIDATED
DUC-F-09293,p4-4x2,Yellow,#F4EE2A,59,9293,-10.0,-30.0,141.6,90,CONCEPT_NOT_FIT_VALIDATED
DUC-F-09294,p4-4x2,Yellow,#F4EE2A,59,9294,-2.0,-30.0,141.6,90,CONCEPT_NOT_FIT_VALIDATED
DUC-F-09295,p4-4x2,Yellow,#F4EE2A,59,9295,6.0,-30.0,141.6,90,CONCEPT_NOT_FIT_VALIDATED
DUC-F-09296,p4-4x2,Yellow,#F4EE2A,59,9296,14.0,-30.0,141.6,90,CONCEPT_NOT_FIT_VALIDATED
DUC-F-09297,p4-4x2,Yellow,#F4EE2A,59,9297,22.0,-30.0,141.6,90,CONCEPT_NOT_FIT_VALIDATED
DUC-F-09298,p4-4x2,Yellow,#F4EE2A,59,9298,30.0,-30.0,141.6,90,CONCEPT_NOT_FIT_VALIDATED
DUC-F-09299,p4-4x2,Yellow,#F4EE2A,59,9299,38.0,-30.0,141.6,90,CONCEPT_NOT_FIT_VALIDATED
DUC-F-09300,p4-4x2,Yellow,#F4EE2A,59,9300,46.0,-30.0,141.6,90,CONCEPT_NOT_FIT_VALIDATED
DUC-F-09301,p4-4x2,Yellow,#F4EE2A,59,9301,54.0,-30.0,141.6,90,CONCEPT_NOT_FIT_VALIDATED
DUC-F-09302,p4-4x1,Yellow,#F4EE2A,59,9302,60.0,-30.0,141.6,90,CONCEPT_NOT_FIT_VALIDATED
DUC-F-09303,p4-2x1,Yellow,#F4EE2A,59,9303,-64.0,-26.0,141.6,90,CONCEPT_NOT_FIT_VALIDATED
DUC-F-09304,p4-2x1,Yellow,#F4EE2A,59,9304,64.0,-26.0,141.6,90,CONCEPT_NOT_FIT_VALIDATED
DUC-F-09305,p4-4x1,Yellow,#F4EE2A,59,9305,-64.0,-14.0,141.6,90,CONCEPT_NOT_FIT_VALIDATED
DUC-F-09306,p4-4x2,Yellow,#F4EE2A,59,9306,-58.0,-14.0,141.6,90,CONCEPT_NOT_FIT_VALIDATED
DUC-F-09307,p4-4x2,Yellow,#F4EE2A,59,9307,-50.0,-14.0,141.6,90,CONCEPT_NOT_FIT_VALIDATED
DUC-F-09308,p4-4x2,Yellow,#F4EE2A,59,9308,-42.0,-14.0,141.6,90,CONCEPT_NOT_FIT_VALIDATED
DUC-F-09309,p4-4x2,Yellow,#F4EE2A,59,9309,-34.0,-14.0,141.6,90,CONCEPT_NOT_FIT_VALIDATED
DUC-F-09310,p4-4x2,Yellow,#F4EE2A,59,9310,-26.0,-14.0,141.6,90,CONCEPT_NOT_FIT_VALIDATED
DUC-F-09311,p4-4x2,Yellow,#F4EE2A,59,9311,-18.0,-14.0,141.6,90,CONCEPT_NOT_FIT_VALIDATED
DUC-F-09312,p4-4x2,Yellow,#F4EE2A,59,9312,-10.0,-14.0,141.6,90,CONCEPT_NOT_FIT_VALIDATED
DUC-F-09313,p4-4x2,Yellow,#F4EE2A,59,9313,-2.0,-14.0,141.6,90,CONCEPT_NOT_FIT_VALIDATED
DUC-F-09314,p4-4x2,Yellow,#F4EE2A,59,9314,6.0,-14.0,141.6,90,CONCEPT_NOT_FIT_VALIDATED
DUC-F-09315,p4-4x2,Yellow,#F4EE2A,59,9315,14.0,-14.0,141.6,90,CONCEPT_NOT_FIT_VALIDATED
DUC-F-09316,p4-4x2,Yellow,#F4EE2A,59,9316,22.0,-14.0,141.6,90,CONCEPT_NOT_FIT_VALIDATED
DUC-F-09317,p4-4x2,Yellow,#F4EE2A,59,9317,30.0,-14.0,141.6,90,CONCEPT_NOT_FIT_VALIDATED
DUC-F-09318,p4-4x2,Yellow,#F4EE2A,59,9318,38.0,-14.0,141.6,90,CONCEPT_NOT_FIT_VALIDATED
DUC-F-09319,p4-4x2,Yellow,#F4EE2A,59,9319,46.0,-14.0,141.6,90,CONCEPT_NOT_FIT_VALIDATED
DUC-F-09320,p4-4x2,Yellow,#F4EE2A,59,9320,54.0,-14.0,141.6,90,CONCEPT_NOT_FIT_VALIDATED
DUC-F-09321,p4-4x2,Yellow,#F4EE2A,59,9321,62.0,-14.0,141.6,90,CONCEPT_NOT_FIT_VALIDATED
DUC-F-09322,p4-4x1,Yellow,#F4EE2A,59,9322,-64.0,2.0,141.6,90,CONCEPT_NOT_FIT_VALIDATED
DUC-F-09323,p4-4x2,Yellow,#F4EE2A,59,9323,-58.0,2.0,141.6,90,CONCEPT_NOT_FIT_VALIDATED
DUC-F-09324,p4-4x2,Yellow,#F4EE2A,59,9324,-50.0,2.0,141.6,90,CONCEPT_NOT_FIT_VALIDATED
DUC-F-09325,p4-4x2,Yellow,#F4EE2A,59,9325,-42.0,2.0,141.6,90,CONCEPT_NOT_FIT_VALIDATED
DUC-F-09326,p4-4x2,Yellow,#F4EE2A,59,9326,-34.0,2.0,141.6,90,CONCEPT_NOT_FIT_VALIDATED
DUC-F-09327,p4-4x2,Yellow,#F4EE2A,59,9327,-26.0,2.0,141.6,90,CONCEPT_NOT_FIT_VALIDATED
DUC-F-09328,p4-4x2,Yellow,#F4EE2A,59,9328,-18.0,2.0,141.6,90,CONCEPT_NOT_FIT_VALIDATED
DUC-F-09329,p4-4x2,Yellow,#F4EE2A,59,9329,-10.0,2.0,141.6,90,CONCEPT_NOT_FIT_VALIDATED
DUC-F-09330,p4-4x2,Yellow,#F4EE2A,59,9330,-2.0,2.0,141.6,90,CONCEPT_NOT_FIT_VALIDATED
DUC-F-09331,p4-4x2,Yellow,#F4EE2A,59,9331,6.0,2.0,141.6,90,CONCEPT_NOT_FIT_VALIDATED
DUC-F-09332,p4-4x2,Yellow,#F4EE2A,59,9332,14.0,2.0,141.6,90,CONCEPT_NOT_FIT_VALIDATED
DUC-F-09333,p4-4x2,Yellow,#F4EE2A,59,9333,22.0,2.0,141.6,90,CONCEPT_NOT_FIT_VALIDATED
DUC-F-09334,p4-4x2,Yellow,#F4EE2A,59,9334,30.0,2.0,141.6,90,CONCEPT_NOT_FIT_VALIDATED
DUC-F-09335,p4-4x2,Yellow,#F4EE2A,59,9335,38.0,2.0,141.6,90,CONCEPT_NOT_FIT_VALIDATED
DUC-F-09336,p4-4x2,Yellow,#F4EE2A,59,9336,46.0,2.0,141.6,90,CONCEPT_NOT_FIT_VALIDATED
DUC-F-09337,p4-4x2,Yellow,#F4EE2A,59,9337,54.0,2.0,141.6,90,CONCEPT_NOT_FIT_VALIDATED
DUC-F-09338,p4-4x2,Yellow,#F4EE2A,59,9338,62.0,2.0,141.6,90,CONCEPT_NOT_FIT_VALIDATED
DUC-F-09339,p4-3x2,Yellow,#F4EE2A,59,9339,-58.0,16.0,141.6,90,CONCEPT_NOT_FIT_VALIDATED
DUC-F-09340,p4-4x2,Yellow,#F4EE2A,59,9340,-50.0,18.0,141.6,90,CONCEPT_NOT_FIT_VALIDATED
DUC-F-09341,p4-4x2,Yellow,#F4EE2A,59,9341,-42.0,18.0,141.6,90,CONCEPT_NOT_FIT_VALIDATED
DUC-F-09342,p4-4x2,Yellow,#F4EE2A,59,9342,-34.0,18.0,141.6,90,CONCEPT_NOT_FIT_VALIDATED
DUC-F-09343,p4-4x2,Yellow,#F4EE2A,59,9343,-26.0,18.0,141.6,90,CONCEPT_NOT_FIT_VALIDATED
DUC-F-09344,p4-4x2,Yellow,#F4EE2A,59,9344,-18.0,18.0,141.6,90,CONCEPT_NOT_FIT_VALIDATED
DUC-F-09345,p4-4x2,Yellow,#F4EE2A,59,9345,-10.0,18.0,141.6,90,CONCEPT_NOT_FIT_VALIDATED
DUC-F-09346,p4-4x2,Yellow,#F4EE2A,59,9346,-2.0,18.0,141.6,90,CONCEPT_NOT_FIT_VALIDATED
DUC-F-09347,p4-4x2,Yellow,#F4EE2A,59,9347,6.0,18.0,141.6,90,CONCEPT_NOT_FIT_VALIDATED
DUC-F-09348,p4-4x2,Yellow,#F4EE2A,59,9348,14.0,18.0,141.6,90,CONCEPT_NOT_FIT_VALIDATED
DUC-F-09349,p4-4x2,Yellow,#F4EE2A,59,9349,22.0,18.0,141.6,90,CONCEPT_NOT_FIT_VALIDATED
DUC-F-09350,p4-4x2,Yellow,#F4EE2A,59,9350,30.0,18.0,141.6,90,CONCEPT_NOT_FIT_VALIDATED
DUC-F-09351,p4-4x2,Yellow,#F4EE2A,59,9351,38.0,18.0,141.6,90,CONCEPT_NOT_FIT_VALIDATED
DUC-F-09352,p4-4x2,Yellow,#F4EE2A,59,9352,46.0,18.0,141.6,90,CONCEPT_NOT_FIT_VALIDATED
DUC-F-09353,p4-4x2,Yellow,#F4EE2A,59,9353,54.0,18.0,141.6,90,CONCEPT_NOT_FIT_VALIDATED
DUC-F-09354,p4-3x1,Yellow,#F4EE2A,59,9354,60.0,16.0,141.6,90,CONCEPT_NOT_FIT_VALIDATED
DUC-F-09355,p4-1x1,Yellow,#F4EE2A,59,9355,-56.0,24.0,141.6,0,CONCEPT_NOT_FIT_VALIDATED
DUC-F-09356,p4-1x1,Yellow,#F4EE2A,59,9356,-56.0,28.0,141.6,0,CONCEPT_NOT_FIT_VALIDATED
DUC-F-09357,p4-2x2,Yellow,#F4EE2A,59,9357,-50.0,30.0,141.6,0,CONCEPT_NOT_FIT_VALIDATED
DUC-F-09358,p4-4x2,Yellow,#F4EE2A,59,9358,-42.0,34.0,141.6,90,CONCEPT_NOT_FIT_VALIDATED
DUC-F-09359,p4-4x2,Yellow,#F4EE2A,59,9359,-34.0,34.0,141.6,90,CONCEPT_NOT_FIT_VALIDATED
DUC-F-09360,p4-4x2,Yellow,#F4EE2A,59,9360,-26.0,34.0,141.6,90,CONCEPT_NOT_FIT_VALIDATED
DUC-F-09361,p4-4x2,Yellow,#F4EE2A,59,9361,-18.0,34.0,141.6,90,CONCEPT_NOT_FIT_VALIDATED
DUC-F-09362,p4-4x2,Yellow,#F4EE2A,59,9362,-10.0,34.0,141.6,90,CONCEPT_NOT_FIT_VALIDATED
DUC-F-09363,p4-4x2,Yellow,#F4EE2A,59,9363,-2.0,34.0,141.6,90,CONCEPT_NOT_FIT_VALIDATED
DUC-F-09364,p4-4x2,Yellow,#F4EE2A,59,9364,6.0,34.0,141.6,90,CONCEPT_NOT_FIT_VALIDATED
DUC-F-09365,p4-4x2,Yellow,#F4EE2A,59,9365,14.0,34.0,141.6,90,CONCEPT_NOT_FIT_VALIDATED
DUC-F-09366,p4-4x2,Yellow,#F4EE2A,59,9366,22.0,34.0,141.6,90,CONCEPT_NOT_FIT_VALIDATED
DUC-F-09367,p4-4x2,Yellow,#F4EE2A,59,9367,30.0,34.0,141.6,90,CONCEPT_NOT_FIT_VALIDATED
DUC-F-09368,p4-4x2,Yellow,#F4EE2A,59,9368,38.0,34.0,141.6,90,CONCEPT_NOT_FIT_VALIDATED
DUC-F-09369,p4-3x2,Yellow,#F4EE2A,59,9369,46.0,32.0,141.6,90,CONCEPT_NOT_FIT_VALIDATED
DUC-F-09370,p4-2x1,Yellow,#F4EE2A,59,9370,52.0,30.0,141.6,90,CONCEPT_NOT_FIT_VALIDATED
DUC-F-09371,p4-1x1,Yellow,#F4EE2A,59,9371,-48.0,36.0,141.6,0,CONCEPT_NOT_FIT_VALIDATED
DUC-F-09372,p4-1x1,Yellow,#F4EE2A,59,9372,44.0,40.0,141.6,0,CONCEPT_NOT_FIT_VALIDATED
DUC-F-09373,p4-1x1,Yellow,#F4EE2A,59,9373,-40.0,44.0,141.6,0,CONCEPT_NOT_FIT_VALIDATED
DUC-F-09374,p4-2x1,Yellow,#F4EE2A,59,9374,-34.0,44.0,141.6,0,CONCEPT_NOT_FIT_VALIDATED
DUC-F-09375,p4-2x2,Yellow,#F4EE2A,59,9375,-26.0,46.0,141.6,0,CONCEPT_NOT_FIT_VALIDATED
DUC-F-09376,p4-3x2,Yellow,#F4EE2A,59,9376,-18.0,48.0,141.6,90,CONCEPT_NOT_FIT_VALIDATED
DUC-F-09377,p4-3x2,Yellow,#F4EE2A,59,9377,-10.0,48.0,141.6,90,CONCEPT_NOT_FIT_VALIDATED
DUC-F-09378,p4-3x2,Yellow,#F4EE2A,59,9378,-2.0,48.0,141.6,90,CONCEPT_NOT_FIT_VALIDATED
DUC-F-09379,p4-3x2,Yellow,#F4EE2A,59,9379,6.0,48.0,141.6,90,CONCEPT_NOT_FIT_VALIDATED
DUC-F-09380,p4-3x2,Yellow,#F4EE2A,59,9380,14.0,48.0,141.6,90,CONCEPT_NOT_FIT_VALIDATED
DUC-F-09381,p4-2x2,Yellow,#F4EE2A,59,9381,22.0,46.0,141.6,0,CONCEPT_NOT_FIT_VALIDATED
DUC-F-09382,p4-2x2,Yellow,#F4EE2A,59,9382,30.0,46.0,141.6,0,CONCEPT_NOT_FIT_VALIDATED
DUC-F-09383,p4-2x1,Yellow,#F4EE2A,59,9383,38.0,44.0,141.6,0,CONCEPT_NOT_FIT_VALIDATED
DUC-F-09384,p4-1x1,Yellow,#F4EE2A,59,9384,-32.0,48.0,141.6,0,CONCEPT_NOT_FIT_VALIDATED
DUC-F-09385,p4-1x1,Yellow,#F4EE2A,59,9385,-24.0,52.0,141.6,0,CONCEPT_NOT_FIT_VALIDATED
DUC-F-09386,p4-1x1,Yellow,#F4EE2A,59,9386,20.0,52.0,141.6,0,CONCEPT_NOT_FIT_VALIDATED
DUC-F-09387,p4-2x2,Yellow,#F4EE2A,60,9387,-62.0,-22.0,144.0,0,CONCEPT_NOT_FIT_VALIDATED
DUC-F-09388,p4-2x2,Yellow,#F4EE2A,60,9388,-62.0,-14.0,144.0,0,CONCEPT_NOT_FIT_VALIDATED
DUC-F-09389,p4-2x2,Yellow,#F4EE2A,60,9389,-62.0,-6.0,144.0,0,CONCEPT_NOT_FIT_VALIDATED
DUC-F-09390,p4-2x2,Yellow,#F4EE2A,60,9390,-62.0,2.0,144.0,0,CONCEPT_NOT_FIT_VALIDATED
DUC-F-09391,p4-2x1,Yellow,#F4EE2A,60,9391,-62.0,8.0,144.0,0,CONCEPT_NOT_FIT_VALIDATED
DUC-F-09392,p4-1x1,Yellow,#F4EE2A,60,9392,-60.0,-36.0,144.0,0,CONCEPT_NOT_FIT_VALIDATED
DUC-F-09393,p4-2x1,Yellow,#F4EE2A,60,9393,-60.0,-30.0,144.0,90,CONCEPT_NOT_FIT_VALIDATED
DUC-F-09394,p4-1x1,Yellow,#F4EE2A,60,9394,-60.0,12.0,144.0,0,CONCEPT_NOT_FIT_VALIDATED
DUC-F-09395,p4-1x1,Yellow,#F4EE2A,60,9395,-60.0,16.0,144.0,0,CONCEPT_NOT_FIT_VALIDATED
DUC-F-09396,p4-4x2,Yellow,#F4EE2A,60,9396,-50.0,-38.0,144.0,0,CONCEPT_NOT_FIT_VALIDATED
DUC-F-09397,p4-4x2,Yellow,#F4EE2A,60,9397,-50.0,-30.0,144.0,0,CONCEPT_NOT_FIT_VALIDATED
DUC-F-09398,p4-4x2,Yellow,#F4EE2A,60,9398,-50.0,-22.0,144.0,0,CONCEPT_NOT_FIT_VALIDATED
DUC-F-09399,p4-4x2,Yellow,#F4EE2A,60,9399,-50.0,-14.0,144.0,0,CONCEPT_NOT_FIT_VALIDATED
DUC-F-09400,p4-4x2,Yellow,#F4EE2A,60,9400,-50.0,-6.0,144.0,0,CONCEPT_NOT_FIT_VALIDATED
DUC-F-09401,p4-4x2,Yellow,#F4EE2A,60,9401,-50.0,2.0,144.0,0,CONCEPT_NOT_FIT_VALIDATED
DUC-F-09402,p4-4x2,Yellow,#F4EE2A,60,9402,-50.0,10.0,144.0,0,CONCEPT_NOT_FIT_VALIDATED
DUC-F-09403,p4-4x2,Yellow,#F4EE2A,60,9403,-50.0,18.0,144.0,0,CONCEPT_NOT_FIT_VALIDATED
DUC-F-09404,p4-4x1,Yellow,#F4EE2A,60,9404,-50.0,24.0,144.0,0,CONCEPT_NOT_FIT_VALIDATED
DUC-F-09405,p4-3x2,Yellow,#F4EE2A,60,9405,-48.0,-46.0,144.0,0,CONCEPT_NOT_FIT_VALIDATED
DUC-F-09406,p4-3x1,Yellow,#F4EE2A,60,9406,-48.0,28.0,144.0,0,CONCEPT_NOT_FIT_VALIDATED
DUC-F-09407,p4-2x1,Yellow,#F4EE2A,60,9407,-46.0,-52.0,144.0,0,CONCEPT_NOT_FIT_VALIDATED
DUC-F-09408,p4-2x2,Yellow,#F4EE2A,60,9408,-46.0,34.0,144.0,0,CONCEPT_NOT_FIT_VALIDATED
DUC-F-09409,p4-1x1,Yellow,#F4EE2A,60,9409,-44.0,-56.0,144.0,0,CONCEPT_NOT_FIT_VALIDATED
DUC-F-09410,p4-4x2,Yellow,#F4EE2A,60,9410,-34.0,-54.0,144.0,0,CONCEPT_NOT_FIT_VALIDATED
DUC-F-09411,p4-4x2,Yellow,#F4EE2A,60,9411,-34.0,-46.0,144.0,0,CONCEPT_NOT_FIT_VALIDATED
DUC-F-09412,p4-4x2,Yellow,#F4EE2A,60,9412,-34.0,-38.0,144.0,0,CONCEPT_NOT_FIT_VALIDATED
DUC-F-09413,p4-4x2,Yellow,#F4EE2A,60,9413,-34.0,-30.0,144.0,0,CONCEPT_NOT_FIT_VALIDATED
DUC-F-09414,p4-4x2,Yellow,#F4EE2A,60,9414,-34.0,-22.0,144.0,0,CONCEPT_NOT_FIT_VALIDATED
DUC-F-09415,p4-4x2,Yellow,#F4EE2A,60,9415,-34.0,-14.0,144.0,0,CONCEPT_NOT_FIT_VALIDATED
DUC-F-09416,p4-4x2,Yellow,#F4EE2A,60,9416,-34.0,-6.0,144.0,0,CONCEPT_NOT_FIT_VALIDATED
DUC-F-09417,p4-4x2,Yellow,#F4EE2A,60,9417,-34.0,2.0,144.0,0,CONCEPT_NOT_FIT_VALIDATED
DUC-F-09418,p4-4x2,Yellow,#F4EE2A,60,9418,-34.0,10.0,144.0,0,CONCEPT_NOT_FIT_VALIDATED
DUC-F-09419,p4-4x2,Yellow,#F4EE2A,60,9419,-34.0,18.0,144.0,0,CONCEPT_NOT_FIT_VALIDATED
DUC-F-09420,p4-4x2,Yellow,#F4EE2A,60,9420,-34.0,26.0,144.0,0,CONCEPT_NOT_FIT_VALIDATED
DUC-F-09421,p4-4x2,Yellow,#F4EE2A,60,9421,-34.0,34.0,144.0,0,CONCEPT_NOT_FIT_VALIDATED
DUC-F-09422,p4-4x1,Yellow,#F4EE2A,60,9422,-34.0,40.0,144.0,0,CONCEPT_NOT_FIT_VALIDATED
DUC-F-09423,p4-3x1,Yellow,#F4EE2A,60,9423,-32.0,-60.0,144.0,0,CONCEPT_NOT_FIT_VALIDATED
DUC-F-09424,p4-3x1,Yellow,#F4EE2A,60,9424,-32.0,44.0,144.0,0,CONCEPT_NOT_FIT_VALIDATED
DUC-F-09425,p4-1x1,Yellow,#F4EE2A,60,9425,-28.0,-64.0,144.0,0,CONCEPT_NOT_FIT_VALIDATED
DUC-F-09426,p4-1x1,Yellow,#F4EE2A,60,9426,-28.0,48.0,144.0,0,CONCEPT_NOT_FIT_VALIDATED
DUC-F-09427,p4-4x2,Yellow,#F4EE2A,60,9427,-18.0,-62.0,144.0,0,CONCEPT_NOT_FIT_VALIDATED
DUC-F-09428,p4-4x2,Yellow,#F4EE2A,60,9428,-18.0,-54.0,144.0,0,CONCEPT_NOT_FIT_VALIDATED
DUC-F-09429,p4-4x2,Yellow,#F4EE2A,60,9429,-18.0,-46.0,144.0,0,CONCEPT_NOT_FIT_VALIDATED
DUC-F-09430,p4-4x2,Yellow,#F4EE2A,60,9430,-18.0,-38.0,144.0,0,CONCEPT_NOT_FIT_VALIDATED
DUC-F-09431,p4-4x2,Yellow,#F4EE2A,60,9431,-18.0,-30.0,144.0,0,CONCEPT_NOT_FIT_VALIDATED
DUC-F-09432,p4-4x2,Yellow,#F4EE2A,60,9432,-18.0,-22.0,144.0,0,CONCEPT_NOT_FIT_VALIDATED
DUC-F-09433,p4-4x2,Yellow,#F4EE2A,60,9433,-18.0,-14.0,144.0,0,CONCEPT_NOT_FIT_VALIDATED
DUC-F-09434,p4-4x2,Yellow,#F4EE2A,60,9434,-18.0,-6.0,144.0,0,CONCEPT_NOT_FIT_VALIDATED
DUC-F-09435,p4-4x2,Yellow,#F4EE2A,60,9435,-18.0,2.0,144.0,0,CONCEPT_NOT_FIT_VALIDATED
DUC-F-09436,p4-4x2,Yellow,#F4EE2A,60,9436,-18.0,10.0,144.0,0,CONCEPT_NOT_FIT_VALIDATED
DUC-F-09437,p4-4x2,Yellow,#F4EE2A,60,9437,-18.0,18.0,144.0,0,CONCEPT_NOT_FIT_VALIDATED
DUC-F-09438,p4-4x2,Yellow,#F4EE2A,60,9438,-18.0,26.0,144.0,0,CONCEPT_NOT_FIT_VALIDATED
DUC-F-09439,p4-4x2,Yellow,#F4EE2A,60,9439,-18.0,34.0,144.0,0,CONCEPT_NOT_FIT_VALIDATED
DUC-F-09440,p4-4x2,Yellow,#F4EE2A,60,9440,-18.0,42.0,144.0,0,CONCEPT_NOT_FIT_VALIDATED
DUC-F-09441,p4-4x1,Yellow,#F4EE2A,60,9441,-18.0,48.0,144.0,0,CONCEPT_NOT_FIT_VALIDATED
DUC-F-09442,p4-3x1,Yellow,#F4EE2A,60,9442,-16.0,52.0,144.0,0,CONCEPT_NOT_FIT_VALIDATED
DUC-F-09443,p4-1x1,Yellow,#F4EE2A,60,9443,-12.0,-68.0,144.0,0,CONCEPT_NOT_FIT_VALIDATED
DUC-F-09444,p4-4x1,Yellow,#F4EE2A,60,9444,-2.0,-68.0,144.0,0,CONCEPT_NOT_FIT_VALIDATED
DUC-F-09445,p4-4x2,Yellow,#F4EE2A,60,9445,-2.0,-62.0,144.0,0,CONCEPT_NOT_FIT_VALIDATED
DUC-F-09446,p4-4x2,Yellow,#F4EE2A,60,9446,-2.0,-54.0,144.0,0,CONCEPT_NOT_FIT_VALIDATED
DUC-F-09447,p4-4x2,Yellow,#F4EE2A,60,9447,-2.0,-46.0,144.0,0,CONCEPT_NOT_FIT_VALIDATED
DUC-F-09448,p4-4x2,Yellow,#F4EE2A,60,9448,-2.0,-38.0,144.0,0,CONCEPT_NOT_FIT_VALIDATED
DUC-F-09449,p4-4x2,Yellow,#F4EE2A,60,9449,-2.0,-30.0,144.0,0,CONCEPT_NOT_FIT_VALIDATED
DUC-F-09450,p4-4x2,Yellow,#F4EE2A,60,9450,-2.0,-22.0,144.0,0,CONCEPT_NOT_FIT_VALIDATED
DUC-F-09451,p4-4x2,Yellow,#F4EE2A,60,9451,-2.0,-14.0,144.0,0,CONCEPT_NOT_FIT_VALIDATED
DUC-F-09452,p4-4x2,Yellow,#F4EE2A,60,9452,-2.0,-6.0,144.0,0,CONCEPT_NOT_FIT_VALIDATED
DUC-F-09453,p4-4x2,Yellow,#F4EE2A,60,9453,-2.0,2.0,144.0,0,CONCEPT_NOT_FIT_VALIDATED
DUC-F-09454,p4-4x2,Yellow,#F4EE2A,60,9454,-2.0,10.0,144.0,0,CONCEPT_NOT_FIT_VALIDATED
DUC-F-09455,p4-4x2,Yellow,#F4EE2A,60,9455,-2.0,18.0,144.0,0,CONCEPT_NOT_FIT_VALIDATED
DUC-F-09456,p4-4x2,Yellow,#F4EE2A,60,9456,-2.0,26.0,144.0,0,CONCEPT_NOT_FIT_VALIDATED
DUC-F-09457,p4-4x2,Yellow,#F4EE2A,60,9457,-2.0,34.0,144.0,0,CONCEPT_NOT_FIT_VALIDATED
DUC-F-09458,p4-4x2,Yellow,#F4EE2A,60,9458,-2.0,42.0,144.0,0,CONCEPT_NOT_FIT_VALIDATED
DUC-F-09459,p4-4x2,Yellow,#F4EE2A,60,9459,-2.0,50.0,144.0,0,CONCEPT_NOT_FIT_VALIDATED
DUC-F-09460,p4-2x1,Yellow,#F4EE2A,60,9460,10.0,-68.0,144.0,0,CONCEPT_NOT_FIT_VALIDATED
DUC-F-09461,p4-4x2,Yellow,#F4EE2A,60,9461,14.0,-62.0,144.0,0,CONCEPT_NOT_FIT_VALIDATED
DUC-F-09462,p4-4x2,Yellow,#F4EE2A,60,9462,14.0,-54.0,144.0,0,CONCEPT_NOT_FIT_VALIDATED
DUC-F-09463,p4-4x2,Yellow,#F4EE2A,60,9463,14.0,-46.0,144.0,0,CONCEPT_NOT_FIT_VALIDATED
DUC-F-09464,p4-4x2,Yellow,#F4EE2A,60,9464,14.0,-38.0,144.0,0,CONCEPT_NOT_FIT_VALIDATED
DUC-F-09465,p4-4x2,Yellow,#F4EE2A,60,9465,14.0,-30.0,144.0,0,CONCEPT_NOT_FIT_VALIDATED
DUC-F-09466,p4-4x2,Yellow,#F4EE2A,60,9466,14.0,-22.0,144.0,0,CONCEPT_NOT_FIT_VALIDATED
DUC-F-09467,p4-4x2,Yellow,#F4EE2A,60,9467,14.0,-14.0,144.0,0,CONCEPT_NOT_FIT_VALIDATED
DUC-F-09468,p4-4x2,Yellow,#F4EE2A,60,9468,14.0,-6.0,144.0,0,CONCEPT_NOT_FIT_VALIDATED
DUC-F-09469,p4-4x2,Yellow,#F4EE2A,60,9469,14.0,2.0,144.0,0,CONCEPT_NOT_FIT_VALIDATED
DUC-F-09470,p4-4x2,Yellow,#F4EE2A,60,9470,14.0,10.0,144.0,0,CONCEPT_NOT_FIT_VALIDATED
DUC-F-09471,p4-4x2,Yellow,#F4EE2A,60,9471,14.0,18.0,144.0,0,CONCEPT_NOT_FIT_VALIDATED
DUC-F-09472,p4-4x2,Yellow,#F4EE2A,60,9472,14.0,26.0,144.0,0,CONCEPT_NOT_FIT_VALIDATED
DUC-F-09473,p4-4x2,Yellow,#F4EE2A,60,9473,14.0,34.0,144.0,0,CONCEPT_NOT_FIT_VALIDATED
DUC-F-09474,p4-4x2,Yellow,#F4EE2A,60,9474,14.0,42.0,144.0,0,CONCEPT_NOT_FIT_VALIDATED
DUC-F-09475,p4-4x2,Yellow,#F4EE2A,60,9475,14.0,50.0,144.0,0,CONCEPT_NOT_FIT_VALIDATED
DUC-F-09476,p4-2x2,Yellow,#F4EE2A,60,9476,26.0,-62.0,144.0,0,CONCEPT_NOT_FIT_VALIDATED
DUC-F-09477,p4-4x2,Yellow,#F4EE2A,60,9477,30.0,-54.0,144.0,0,CONCEPT_NOT_FIT_VALIDATED
DUC-F-09478,p4-4x2,Yellow,#F4EE2A,60,9478,30.0,-46.0,144.0,0,CONCEPT_NOT_FIT_VALIDATED
DUC-F-09479,p4-4x2,Yellow,#F4EE2A,60,9479,30.0,-38.0,144.0,0,CONCEPT_NOT_FIT_VALIDATED
DUC-F-09480,p4-4x2,Yellow,#F4EE2A,60,9480,30.0,-30.0,144.0,0,CONCEPT_NOT_FIT_VALIDATED
DUC-F-09481,p4-4x2,Yellow,#F4EE2A,60,9481,30.0,-22.0,144.0,0,CONCEPT_NOT_FIT_VALIDATED
DUC-F-09482,p4-4x2,Yellow,#F4EE2A,60,9482,30.0,-14.0,144.0,0,CONCEPT_NOT_FIT_VALIDATED
DUC-F-09483,p4-4x2,Yellow,#F4EE2A,60,9483,30.0,-6.0,144.0,0,CONCEPT_NOT_FIT_VALIDATED
DUC-F-09484,p4-4x2,Yellow,#F4EE2A,60,9484,30.0,2.0,144.0,0,CONCEPT_NOT_FIT_VALIDATED
DUC-F-09485,p4-4x2,Yellow,#F4EE2A,60,9485,30.0,10.0,144.0,0,CONCEPT_NOT_FIT_VALIDATED
DUC-F-09486,p4-4x2,Yellow,#F4EE2A,60,9486,30.0,18.0,144.0,0,CONCEPT_NOT_FIT_VALIDATED
DUC-F-09487,p4-4x2,Yellow,#F4EE2A,60,9487,30.0,26.0,144.0,0,CONCEPT_NOT_FIT_VALIDATED
DUC-F-09488,p4-4x2,Yellow,#F4EE2A,60,9488,30.0,34.0,144.0,0,CONCEPT_NOT_FIT_VALIDATED
DUC-F-09489,p4-4x2,Yellow,#F4EE2A,60,9489,30.0,42.0,144.0,0,CONCEPT_NOT_FIT_VALIDATED
DUC-F-09490,p4-2x1,Yellow,#F4EE2A,60,9490,26.0,48.0,144.0,0,CONCEPT_NOT_FIT_VALIDATED
DUC-F-09491,p4-2x1,Yellow,#F4EE2A,60,9491,34.0,-60.0,144.0,0,CONCEPT_NOT_FIT_VALIDATED
DUC-F-09492,p4-2x1,Yellow,#F4EE2A,60,9492,40.0,-54.0,144.0,90,CONCEPT_NOT_FIT_VALIDATED
DUC-F-09493,p4-4x2,Yellow,#F4EE2A,60,9493,46.0,-46.0,144.0,0,CONCEPT_NOT_FIT_VALIDATED
DUC-F-09494,p4-4x2,Yellow,#F4EE2A,60,9494,46.0,-38.0,144.0,0,CONCEPT_NOT_FIT_VALIDATED
DUC-F-09495,p4-4x2,Yellow,#F4EE2A,60,9495,46.0,-30.0,144.0,0,CONCEPT_NOT_FIT_VALIDATED
DUC-F-09496,p4-4x2,Yellow,#F4EE2A,60,9496,46.0,-22.0,144.0,0,CONCEPT_NOT_FIT_VALIDATED
DUC-F-09497,p4-4x2,Yellow,#F4EE2A,60,9497,46.0,-14.0,144.0,0,CONCEPT_NOT_FIT_VALIDATED
DUC-F-09498,p4-4x2,Yellow,#F4EE2A,60,9498,46.0,-6.0,144.0,0,CONCEPT_NOT_FIT_VALIDATED
DUC-F-09499,p4-4x2,Yellow,#F4EE2A,60,9499,46.0,2.0,144.0,0,CONCEPT_NOT_FIT_VALIDATED
DUC-F-09500,p4-4x2,Yellow,#F4EE2A,60,9500,46.0,10.0,144.0,0,CONCEPT_NOT_FIT_VALIDATED
DUC-F-09501,p4-4x2,Yellow,#F4EE2A,60,9501,46.0,18.0,144.0,0,CONCEPT_NOT_FIT_VALIDATED
DUC-F-09502,p4-4x2,Yellow,#F4EE2A,60,9502,46.0,26.0,144.0,0,CONCEPT_NOT_FIT_VALIDATED
DUC-F-09503,p4-2x2,Yellow,#F4EE2A,60,9503,42.0,34.0,144.0,0,CONCEPT_NOT_FIT_VALIDATED
DUC-F-09504,p4-1x1,Yellow,#F4EE2A,60,9504,40.0,40.0,144.0,0,CONCEPT_NOT_FIT_VALIDATED
DUC-F-09505,p4-2x1,Yellow,#F4EE2A,60,9505,46.0,-52.0,144.0,0,CONCEPT_NOT_FIT_VALIDATED
DUC-F-09506,p4-1x1,Yellow,#F4EE2A,60,9506,48.0,32.0,144.0,0,CONCEPT_NOT_FIT_VALIDATED
DUC-F-09507,p4-2x1,Yellow,#F4EE2A,60,9507,56.0,-38.0,144.0,90,CONCEPT_NOT_FIT_VALIDATED
DUC-F-09508,p4-2x2,Yellow,#F4EE2A,60,9508,58.0,-30.0,144.0,0,CONCEPT_NOT_FIT_VALIDATED
DUC-F-09509,p4-3x2,Yellow,#F4EE2A,60,9509,60.0,-22.0,144.0,0,CONCEPT_NOT_FIT_VALIDATED
DUC-F-09510,p4-3x2,Yellow,#F4EE2A,60,9510,60.0,-14.0,144.0,0,CONCEPT_NOT_FIT_VALIDATED
DUC-F-09511,p4-3x2,Yellow,#F4EE2A,60,9511,60.0,-6.0,144.0,0,CONCEPT_NOT_FIT_VALIDATED
DUC-F-09512,p4-3x2,Yellow,#F4EE2A,60,9512,60.0,2.0,144.0,0,CONCEPT_NOT_FIT_VALIDATED
DUC-F-09513,p4-2x2,Yellow,#F4EE2A,60,9513,58.0,10.0,144.0,0,CONCEPT_NOT_FIT_VALIDATED
DUC-F-09514,p4-2x1,Yellow,#F4EE2A,60,9514,58.0,16.0,144.0,0,CONCEPT_NOT_FIT_VALIDATED
DUC-F-09515,p4-1x1,Yellow,#F4EE2A,60,9515,56.0,20.0,144.0,0,CONCEPT_NOT_FIT_VALIDATED
DUC-F-09516,p4-1x1,Yellow,#F4EE2A,60,9516,56.0,24.0,144.0,0,CONCEPT_NOT_FIT_VALIDATED
DUC-F-09517,p4-1x1,Yellow,#F4EE2A,60,9517,60.0,-36.0,144.0,0,CONCEPT_NOT_FIT_VALIDATED
DUC-F-09518,p4-1x1,Yellow,#F4EE2A,60,9518,64.0,8.0,144.0,0,CONCEPT_NOT_FIT_VALIDATED
DUC-F-09519,p4-3x1,Yellow,#F4EE2A,61,9519,-4.0,-64.0,146.4,90,CONCEPT_NOT_FIT_VALIDATED
DUC-F-09520,p4-3x1,Yellow,#F4EE2A,61,9520,0.0,-64.0,146.4,90,CONCEPT_NOT_FIT_VALIDATED
DUC-F-09521,p4-2x2,Yellow,#F4EE2A,61,9521,-22.0,-62.0,146.4,0,CONCEPT_NOT_FIT_VALIDATED
DUC-F-09522,p4-2x2,Yellow,#F4EE2A,61,9522,-14.0,-62.0,146.4,0,CONCEPT_NOT_FIT_VALIDATED
DUC-F-09523,p4-2x1,Yellow,#F4EE2A,61,9523,-8.0,-62.0,146.4,90,CONCEPT_NOT_FIT_VALIDATED
DUC-F-09524,p4-2x1,Yellow,#F4EE2A,61,9524,4.0,-62.0,146.4,90,CONCEPT_NOT_FIT_VALIDATED
DUC-F-09525,p4-2x2,Yellow,#F4EE2A,61,9525,10.0,-62.0,146.4,0,CONCEPT_NOT_FIT_VALIDATED
DUC-F-09526,p4-2x2,Yellow,#F4EE2A,61,9526,18.0,-62.0,146.4,0,CONCEPT_NOT_FIT_VALIDATED
DUC-F-09527,p4-2x1,Yellow,#F4EE2A,61,9527,24.0,-62.0,146.4,90,CONCEPT_NOT_FIT_VALIDATED
DUC-F-09528,p4-2x1,Yellow,#F4EE2A,61,9528,-30.0,-60.0,146.4,0,CONCEPT_NOT_FIT_VALIDATED
DUC-F-09529,p4-1x1,Yellow,#F4EE2A,61,9529,28.0,-60.0,146.4,0,CONCEPT_NOT_FIT_VALIDATED
DUC-F-09530,p4-1x1,Yellow,#F4EE2A,61,9530,32.0,-60.0,146.4,0,CONCEPT_NOT_FIT_VALIDATED
DUC-F-09531,p4-4x2,Yellow,#F4EE2A,61,9531,-38.0,-50.0,146.4,90,CONCEPT_NOT_FIT_VALIDATED
DUC-F-09532,p4-4x2,Yellow,#F4EE2A,61,9532,-30.0,-50.0,146.4,90,CONCEPT_NOT_FIT_VALIDATED
DUC-F-09533,p4-4x2,Yellow,#F4EE2A,61,9533,-22.0,-50.0,146.4,90,CONCEPT_NOT_FIT_VALIDATED
DUC-F-09534,p4-4x2,Yellow,#F4EE2A,61,9534,-14.0,-50.0,146.4,90,CONCEPT_NOT_FIT_VALIDATED
DUC-F-09535,p4-4x2,Yellow,#F4EE2A,61,9535,-6.0,-50.0,146.4,90,CONCEPT_NOT_FIT_VALIDATED
DUC-F-09536,p4-4x2,Yellow,#F4EE2A,61,9536,2.0,-50.0,146.4,90,CONCEPT_NOT_FIT_VALIDATED
DUC-F-09537,p4-4x2,Yellow,#F4EE2A,61,9537,10.0,-50.0,146.4,90,CONCEPT_NOT_FIT_VALIDATED
DUC-F-09538,p4-4x2,Yellow,#F4EE2A,61,9538,18.0,-50.0,146.4,90,CONCEPT_NOT_FIT_VALIDATED
DUC-F-09539,p4-4x2,Yellow,#F4EE2A,61,9539,26.0,-50.0,146.4,90,CONCEPT_NOT_FIT_VALIDATED
DUC-F-09540,p4-4x2,Yellow,#F4EE2A,61,9540,34.0,-50.0,146.4,90,CONCEPT_NOT_FIT_VALIDATED
DUC-F-09541,p4-4x1,Yellow,#F4EE2A,61,9541,40.0,-50.0,146.4,90,CONCEPT_NOT_FIT_VALIDATED
DUC-F-09542,p4-3x1,Yellow,#F4EE2A,61,9542,-44.0,-48.0,146.4,90,CONCEPT_NOT_FIT_VALIDATED
DUC-F-09543,p4-3x1,Yellow,#F4EE2A,61,9543,44.0,-48.0,146.4,90,CONCEPT_NOT_FIT_VALIDATED
DUC-F-09544,p4-2x1,Yellow,#F4EE2A,61,9544,-48.0,-46.0,146.4,90,CONCEPT_NOT_FIT_VALIDATED
DUC-F-09545,p4-2x1,Yellow,#F4EE2A,61,9545,48.0,-46.0,146.4,90,CONCEPT_NOT_FIT_VALIDATED
DUC-F-09546,p4-1x1,Yellow,#F4EE2A,61,9546,-52.0,-44.0,146.4,0,CONCEPT_NOT_FIT_VALIDATED
DUC-F-09547,p4-1x1,Yellow,#F4EE2A,61,9547,52.0,-44.0,146.4,0,CONCEPT_NOT_FIT_VALIDATED
DUC-F-09548,p4-4x2,Yellow,#F4EE2A,61,9548,-54.0,-34.0,146.4,90,CONCEPT_NOT_FIT_VALIDATED
DUC-F-09549,p4-4x2,Yellow,#F4EE2A,61,9549,-46.0,-34.0,146.4,90,CONCEPT_NOT_FIT_VALIDATED
DUC-F-09550,p4-4x2,Yellow,#F4EE2A,61,9550,-38.0,-34.0,146.4,90,CONCEPT_NOT_FIT_VALIDATED
DUC-F-09551,p4-4x2,Yellow,#F4EE2A,61,9551,-30.0,-34.0,146.4,90,CONCEPT_NOT_FIT_VALIDATED
DUC-F-09552,p4-4x2,Yellow,#F4EE2A,61,9552,-22.0,-34.0,146.4,90,CONCEPT_NOT_FIT_VALIDATED
DUC-F-09553,p4-4x2,Yellow,#F4EE2A,61,9553,-14.0,-34.0,146.4,90,CONCEPT_NOT_FIT_VALIDATED
DUC-F-09554,p4-4x2,Yellow,#F4EE2A,61,9554,-6.0,-34.0,146.4,90,CONCEPT_NOT_FIT_VALIDATED
DUC-F-09555,p4-4x2,Yellow,#F4EE2A,61,9555,2.0,-34.0,146.4,90,CONCEPT_NOT_FIT_VALIDATED
DUC-F-09556,p4-4x2,Yellow,#F4EE2A,61,9556,10.0,-34.0,146.4,90,CONCEPT_NOT_FIT_VALIDATED
DUC-F-09557,p4-4x2,Yellow,#F4EE2A,61,9557,18.0,-34.0,146.4,90,CONCEPT_NOT_FIT_VALIDATED
DUC-F-09558,p4-4x2,Yellow,#F4EE2A,61,9558,26.0,-34.0,146.4,90,CONCEPT_NOT_FIT_VALIDATED
DUC-F-09559,p4-4x2,Yellow,#F4EE2A,61,9559,34.0,-34.0,146.4,90,CONCEPT_NOT_FIT_VALIDATED
DUC-F-09560,p4-4x2,Yellow,#F4EE2A,61,9560,42.0,-34.0,146.4,90,CONCEPT_NOT_FIT_VALIDATED
DUC-F-09561,p4-4x2,Yellow,#F4EE2A,61,9561,50.0,-34.0,146.4,90,CONCEPT_NOT_FIT_VALIDATED
DUC-F-09562,p4-4x1,Yellow,#F4EE2A,61,9562,56.0,-34.0,146.4,90,CONCEPT_NOT_FIT_VALIDATED
DUC-F-09563,p4-2x1,Yellow,#F4EE2A,61,9563,-60.0,-30.0,146.4,90,CONCEPT_NOT_FIT_VALIDATED
DUC-F-09564,p4-2x1,Yellow,#F4EE2A,61,9564,60.0,-30.0,146.4,90,CONCEPT_NOT_FIT_VALIDATED
DUC-F-09565,p4-4x1,Yellow,#F4EE2A,61,9565,-60.0,-18.0,146.4,90,CONCEPT_NOT_FIT_VALIDATED
DUC-F-09566,p4-4x2,Yellow,#F4EE2A,61,9566,-54.0,-18.0,146.4,90,CONCEPT_NOT_FIT_VALIDATED
DUC-F-09567,p4-4x2,Yellow,#F4EE2A,61,9567,-46.0,-18.0,146.4,90,CONCEPT_NOT_FIT_VALIDATED
DUC-F-09568,p4-4x2,Yellow,#F4EE2A,61,9568,-38.0,-18.0,146.4,90,CONCEPT_NOT_FIT_VALIDATED
DUC-F-09569,p4-4x2,Yellow,#F4EE2A,61,9569,-30.0,-18.0,146.4,90,CONCEPT_NOT_FIT_VALIDATED
DUC-F-09570,p4-4x2,Yellow,#F4EE2A,61,9570,-22.0,-18.0,146.4,90,CONCEPT_NOT_FIT_VALIDATED
DUC-F-09571,p4-4x2,Yellow,#F4EE2A,61,9571,-14.0,-18.0,146.4,90,CONCEPT_NOT_FIT_VALIDATED
DUC-F-09572,p4-4x2,Yellow,#F4EE2A,61,9572,-6.0,-18.0,146.4,90,CONCEPT_NOT_FIT_VALIDATED
DUC-F-09573,p4-4x2,Yellow,#F4EE2A,61,9573,2.0,-18.0,146.4,90,CONCEPT_NOT_FIT_VALIDATED
DUC-F-09574,p4-4x2,Yellow,#F4EE2A,61,9574,10.0,-18.0,146.4,90,CONCEPT_NOT_FIT_VALIDATED
DUC-F-09575,p4-4x2,Yellow,#F4EE2A,61,9575,18.0,-18.0,146.4,90,CONCEPT_NOT_FIT_VALIDATED
DUC-F-09576,p4-4x2,Yellow,#F4EE2A,61,9576,26.0,-18.0,146.4,90,CONCEPT_NOT_FIT_VALIDATED
DUC-F-09577,p4-4x2,Yellow,#F4EE2A,61,9577,34.0,-18.0,146.4,90,CONCEPT_NOT_FIT_VALIDATED
DUC-F-09578,p4-4x2,Yellow,#F4EE2A,61,9578,42.0,-18.0,146.4,90,CONCEPT_NOT_FIT_VALIDATED
DUC-F-09579,p4-4x2,Yellow,#F4EE2A,61,9579,50.0,-18.0,146.4,90,CONCEPT_NOT_FIT_VALIDATED
DUC-F-09580,p4-4x2,Yellow,#F4EE2A,61,9580,58.0,-18.0,146.4,90,CONCEPT_NOT_FIT_VALIDATED
DUC-F-09581,p4-1x1,Yellow,#F4EE2A,61,9581,-64.0,-12.0,146.4,0,CONCEPT_NOT_FIT_VALIDATED
DUC-F-09582,p4-1x1,Yellow,#F4EE2A,61,9582,64.0,-12.0,146.4,0,CONCEPT_NOT_FIT_VALIDATED
DUC-F-09583,p4-3x2,Yellow,#F4EE2A,61,9583,-62.0,-4.0,146.4,90,CONCEPT_NOT_FIT_VALIDATED
DUC-F-09584,p4-4x2,Yellow,#F4EE2A,61,9584,-54.0,-2.0,146.4,90,CONCEPT_NOT_FIT_VALIDATED
DUC-F-09585,p4-4x2,Yellow,#F4EE2A,61,9585,-46.0,-2.0,146.4,90,CONCEPT_NOT_FIT_VALIDATED
DUC-F-09586,p4-4x2,Yellow,#F4EE2A,61,9586,-38.0,-2.0,146.4,90,CONCEPT_NOT_FIT_VALIDATED
DUC-F-09587,p4-4x2,Yellow,#F4EE2A,61,9587,-30.0,-2.0,146.4,90,CONCEPT_NOT_FIT_VALIDATED
DUC-F-09588,p4-4x2,Yellow,#F4EE2A,61,9588,-22.0,-2.0,146.4,90,CONCEPT_NOT_FIT_VALIDATED
DUC-F-09589,p4-4x2,Yellow,#F4EE2A,61,9589,-14.0,-2.0,146.4,90,CONCEPT_NOT_FIT_VALIDATED
DUC-F-09590,p4-4x2,Yellow,#F4EE2A,61,9590,-6.0,-2.0,146.4,90,CONCEPT_NOT_FIT_VALIDATED
DUC-F-09591,p4-4x2,Yellow,#F4EE2A,61,9591,2.0,-2.0,146.4,90,CONCEPT_NOT_FIT_VALIDATED
DUC-F-09592,p4-4x2,Yellow,#F4EE2A,61,9592,10.0,-2.0,146.4,90,CONCEPT_NOT_FIT_VALIDATED
DUC-F-09593,p4-4x2,Yellow,#F4EE2A,61,9593,18.0,-2.0,146.4,90,CONCEPT_NOT_FIT_VALIDATED
DUC-F-09594,p4-4x2,Yellow,#F4EE2A,61,9594,26.0,-2.0,146.4,90,CONCEPT_NOT_FIT_VALIDATED
DUC-F-09595,p4-4x2,Yellow,#F4EE2A,61,9595,34.0,-2.0,146.4,90,CONCEPT_NOT_FIT_VALIDATED
DUC-F-09596,p4-4x2,Yellow,#F4EE2A,61,9596,42.0,-2.0,146.4,90,CONCEPT_NOT_FIT_VALIDATED
DUC-F-09597,p4-4x2,Yellow,#F4EE2A,61,9597,50.0,-2.0,146.4,90,CONCEPT_NOT_FIT_VALIDATED
DUC-F-09598,p4-4x2,Yellow,#F4EE2A,61,9598,58.0,-2.0,146.4,90,CONCEPT_NOT_FIT_VALIDATED
DUC-F-09599,p4-3x1,Yellow,#F4EE2A,61,9599,64.0,-4.0,146.4,90,CONCEPT_NOT_FIT_VALIDATED
DUC-F-09600,p4-1x1,Yellow,#F4EE2A,61,9600,-60.0,4.0,146.4,0,CONCEPT_NOT_FIT_VALIDATED
DUC-F-09601,p4-2x1,Yellow,#F4EE2A,61,9601,-60.0,10.0,146.4,90,CONCEPT_NOT_FIT_VALIDATED
DUC-F-09602,p4-4x2,Yellow,#F4EE2A,61,9602,-54.0,14.0,146.4,90,CONCEPT_NOT_FIT_VALIDATED
DUC-F-09603,p4-4x2,Yellow,#F4EE2A,61,9603,-46.0,14.0,146.4,90,CONCEPT_NOT_FIT_VALIDATED
DUC-F-09604,p4-4x2,Yellow,#F4EE2A,61,9604,-38.0,14.0,146.4,90,CONCEPT_NOT_FIT_VALIDATED
DUC-F-09605,p4-4x2,Yellow,#F4EE2A,61,9605,-30.0,14.0,146.4,90,CONCEPT_NOT_FIT_VALIDATED
DUC-F-09606,p4-4x2,Yellow,#F4EE2A,61,9606,-22.0,14.0,146.4,90,CONCEPT_NOT_FIT_VALIDATED
DUC-F-09607,p4-4x2,Yellow,#F4EE2A,61,9607,-14.0,14.0,146.4,90,CONCEPT_NOT_FIT_VALIDATED
DUC-F-09608,p4-4x2,Yellow,#F4EE2A,61,9608,-6.0,14.0,146.4,90,CONCEPT_NOT_FIT_VALIDATED
DUC-F-09609,p4-4x2,Yellow,#F4EE2A,61,9609,2.0,14.0,146.4,90,CONCEPT_NOT_FIT_VALIDATED
DUC-F-09610,p4-4x2,Yellow,#F4EE2A,61,9610,10.0,14.0,146.4,90,CONCEPT_NOT_FIT_VALIDATED
DUC-F-09611,p4-4x2,Yellow,#F4EE2A,61,9611,18.0,14.0,146.4,90,CONCEPT_NOT_FIT_VALIDATED
DUC-F-09612,p4-4x2,Yellow,#F4EE2A,61,9612,26.0,14.0,146.4,90,CONCEPT_NOT_FIT_VALIDATED
DUC-F-09613,p4-4x2,Yellow,#F4EE2A,61,9613,34.0,14.0,146.4,90,CONCEPT_NOT_FIT_VALIDATED
DUC-F-09614,p4-4x2,Yellow,#F4EE2A,61,9614,42.0,14.0,146.4,90,CONCEPT_NOT_FIT_VALIDATED
DUC-F-09615,p4-4x2,Yellow,#F4EE2A,61,9615,50.0,14.0,146.4,90,CONCEPT_NOT_FIT_VALIDATED
DUC-F-09616,p4-4x1,Yellow,#F4EE2A,61,9616,56.0,14.0,146.4,90,CONCEPT_NOT_FIT_VALIDATED
DUC-F-09617,p4-2x1,Yellow,#F4EE2A,61,9617,60.0,10.0,146.4,90,CONCEPT_NOT_FIT_VALIDATED
DUC-F-09618,p4-2x1,Yellow,#F4EE2A,61,9618,-52.0,26.0,146.4,90,CONCEPT_NOT_FIT_VALIDATED
DUC-F-09619,p4-3x2,Yellow,#F4EE2A,61,9619,-46.0,28.0,146.4,90,CONCEPT_NOT_FIT_VALIDATED
DUC-F-09620,p4-4x2,Yellow,#F4EE2A,61,9620,-38.0,30.0,146.4,90,CONCEPT_NOT_FIT_VALIDATED
DUC-F-09621,p4-4x2,Yellow,#F4EE2A,61,9621,-30.0,30.0,146.4,90,CONCEPT_NOT_FIT_VALIDATED
DUC-F-09622,p4-4x2,Yellow,#F4EE2A,61,9622,-22.0,30.0,146.4,90,CONCEPT_NOT_FIT_VALIDATED
DUC-F-09623,p4-4x2,Yellow,#F4EE2A,61,9623,-14.0,30.0,146.4,90,CONCEPT_NOT_FIT_VALIDATED
DUC-F-09624,p4-4x2,Yellow,#F4EE2A,61,9624,-6.0,30.0,146.4,90,CONCEPT_NOT_FIT_VALIDATED
DUC-F-09625,p4-4x2,Yellow,#F4EE2A,61,9625,2.0,30.0,146.4,90,CONCEPT_NOT_FIT_VALIDATED
DUC-F-09626,p4-4x2,Yellow,#F4EE2A,61,9626,10.0,30.0,146.4,90,CONCEPT_NOT_FIT_VALIDATED
DUC-F-09627,p4-4x2,Yellow,#F4EE2A,61,9627,18.0,30.0,146.4,90,CONCEPT_NOT_FIT_VALIDATED
DUC-F-09628,p4-4x2,Yellow,#F4EE2A,61,9628,26.0,30.0,146.4,90,CONCEPT_NOT_FIT_VALIDATED
DUC-F-09629,p4-4x2,Yellow,#F4EE2A,61,9629,34.0,30.0,146.4,90,CONCEPT_NOT_FIT_VALIDATED
DUC-F-09630,p4-4x2,Yellow,#F4EE2A,61,9630,42.0,30.0,146.4,90,CONCEPT_NOT_FIT_VALIDATED
DUC-F-09631,p4-2x2,Yellow,#F4EE2A,61,9631,50.0,26.0,146.4,0,CONCEPT_NOT_FIT_VALIDATED
DUC-F-09632,p4-1x1,Yellow,#F4EE2A,61,9632,48.0,32.0,146.4,0,CONCEPT_NOT_FIT_VALIDATED
DUC-F-09633,p4-1x1,Yellow,#F4EE2A,61,9633,-44.0,36.0,146.4,0,CONCEPT_NOT_FIT_VALIDATED
DUC-F-09634,p4-2x1,Yellow,#F4EE2A,61,9634,-38.0,40.0,146.4,0,CONCEPT_NOT_FIT_VALIDATED
DUC-F-09635,p4-2x2,Yellow,#F4EE2A,61,9635,-30.0,42.0,146.4,0,CONCEPT_NOT_FIT_VALIDATED
DUC-F-09636,p4-3x2,Yellow,#F4EE2A,61,9636,-22.0,44.0,146.4,90,CONCEPT_NOT_FIT_VALIDATED
DUC-F-09637,p4-4x2,Yellow,#F4EE2A,61,9637,-14.0,46.0,146.4,90,CONCEPT_NOT_FIT_VALIDATED
DUC-F-09638,p4-4x2,Yellow,#F4EE2A,61,9638,-6.0,46.0,146.4,90,CONCEPT_NOT_FIT_VALIDATED
DUC-F-09639,p4-4x2,Yellow,#F4EE2A,61,9639,2.0,46.0,146.4,90,CONCEPT_NOT_FIT_VALIDATED
DUC-F-09640,p4-4x2,Yellow,#F4EE2A,61,9640,10.0,46.0,146.4,90,CONCEPT_NOT_FIT_VALIDATED
DUC-F-09641,p4-3x2,Yellow,#F4EE2A,61,9641,18.0,44.0,146.4,90,CONCEPT_NOT_FIT_VALIDATED
DUC-F-09642,p4-3x2,Yellow,#F4EE2A,61,9642,26.0,44.0,146.4,90,CONCEPT_NOT_FIT_VALIDATED
DUC-F-09643,p4-2x2,Yellow,#F4EE2A,61,9643,34.0,42.0,146.4,0,CONCEPT_NOT_FIT_VALIDATED
DUC-F-09644,p4-1x1,Yellow,#F4EE2A,61,9644,40.0,40.0,146.4,0,CONCEPT_NOT_FIT_VALIDATED
DUC-F-09645,p4-1x1,Yellow,#F4EE2A,61,9645,-36.0,44.0,146.4,0,CONCEPT_NOT_FIT_VALIDATED
DUC-F-09646,p4-1x1,Yellow,#F4EE2A,61,9646,-28.0,48.0,146.4,0,CONCEPT_NOT_FIT_VALIDATED
DUC-F-09647,p4-1x1,Yellow,#F4EE2A,61,9647,16.0,52.0,146.4,0,CONCEPT_NOT_FIT_VALIDATED
DUC-F-09648,p4-4x2,Yellow,#F4EE2A,62,9648,-54.0,-26.0,148.8,0,CONCEPT_NOT_FIT_VALIDATED
DUC-F-09649,p4-4x2,Yellow,#F4EE2A,62,9649,-54.0,-18.0,148.8,0,CONCEPT_NOT_FIT_VALIDATED
DUC-F-09650,p4-4x2,Yellow,#F4EE2A,62,9650,-54.0,-10.0,148.8,0,CONCEPT_NOT_FIT_VALIDATED
DUC-F-09651,p4-4x2,Yellow,#F4EE2A,62,9651,-54.0,-2.0,148.8,0,CONCEPT_NOT_FIT_VALIDATED
DUC-F-09652,p4-4x2,Yellow,#F4EE2A,62,9652,-54.0,6.0,148.8,0,CONCEPT_NOT_FIT_VALIDATED
DUC-F-09653,p4-3x2,Yellow,#F4EE2A,62,9653,-52.0,-34.0,148.8,0,CONCEPT_NOT_FIT_VALIDATED
DUC-F-09654,p4-3x2,Yellow,#F4EE2A,62,9654,-52.0,14.0,148.8,0,CONCEPT_NOT_FIT_VALIDATED
DUC-F-09655,p4-3x1,Yellow,#F4EE2A,62,9655,-52.0,20.0,148.8,0,CONCEPT_NOT_FIT_VALIDATED
DUC-F-09656,p4-2x2,Yellow,#F4EE2A,62,9656,-50.0,-42.0,148.8,0,CONCEPT_NOT_FIT_VALIDATED
DUC-F-09657,p4-2x1,Yellow,#F4EE2A,62,9657,-50.0,24.0,148.8,0,CONCEPT_NOT_FIT_VALIDATED
DUC-F-09658,p4-1x1,Yellow,#F4EE2A,62,9658,-48.0,-48.0,148.8,0,CONCEPT_NOT_FIT_VALIDATED
DUC-F-09659,p4-2x1,Yellow,#F4EE2A,62,9659,-48.0,30.0,148.8,90,CONCEPT_NOT_FIT_VALIDATED
DUC-F-09660,p4-4x2,Yellow,#F4EE2A,62,9660,-38.0,-50.0,148.8,0,CONCEPT_NOT_FIT_VALIDATED
DUC-F-09661,p4-4x2,Yellow,#F4EE2A,62,9661,-38.0,-42.0,148.8,0,CONCEPT_NOT_FIT_VALIDATED
DUC-F-09662,p4-4x2,Yellow,#F4EE2A,62,9662,-38.0,-34.0,148.8,0,CONCEPT_NOT_FIT_VALIDATED
DUC-F-09663,p4-4x2,Yellow,#F4EE2A,62,9663,-38.0,-26.0,148.8,0,CONCEPT_NOT_FIT_VALIDATED
DUC-F-09664,p4-4x2,Yellow,#F4EE2A,62,9664,-38.0,-18.0,148.8,0,CONCEPT_NOT_FIT_VALIDATED
DUC-F-09665,p4-4x2,Yellow,#F4EE2A,62,9665,-38.0,-10.0,148.8,0,CONCEPT_NOT_FIT_VALIDATED
DUC-F-09666,p4-4x2,Yellow,#F4EE2A,62,9666,-38.0,-2.0,148.8,0,CONCEPT_NOT_FIT_VALIDATED
DUC-F-09667,p4-4x2,Yellow,#F4EE2A,62,9667,-38.0,6.0,148.8,0,CONCEPT_NOT_FIT_VALIDATED
DUC-F-09668,p4-4x2,Yellow,#F4EE2A,62,9668,-38.0,14.0,148.8,0,CONCEPT_NOT_FIT_VALIDATED
DUC-F-09669,p4-4x2,Yellow,#F4EE2A,62,9669,-38.0,22.0,148.8,0,CONCEPT_NOT_FIT_VALIDATED
DUC-F-09670,p4-4x2,Yellow,#F4EE2A,62,9670,-38.0,30.0,148.8,0,CONCEPT_NOT_FIT_VALIDATED
DUC-F-09671,p4-4x1,Yellow,#F4EE2A,62,9671,-38.0,36.0,148.8,0,CONCEPT_NOT_FIT_VALIDATED
DUC-F-09672,p4-2x1,Yellow,#F4EE2A,62,9672,-34.0,-56.0,148.8,0,CONCEPT_NOT_FIT_VALIDATED
DUC-F-09673,p4-2x1,Yellow,#F4EE2A,62,9673,-34.0,40.0,148.8,0,CONCEPT_NOT_FIT_VALIDATED
DUC-F-09674,p4-1x1,Yellow,#F4EE2A,62,9674,-32.0,-60.0,148.8,0,CONCEPT_NOT_FIT_VALIDATED
DUC-F-09675,p4-1x1,Yellow,#F4EE2A,62,9675,-32.0,44.0,148.8,0,CONCEPT_NOT_FIT_VALIDATED
DUC-F-09676,p4-4x2,Yellow,#F4EE2A,62,9676,-22.0,-58.0,148.8,0,CONCEPT_NOT_FIT_VALIDATED
DUC-F-09677,p4-4x2,Yellow,#F4EE2A,62,9677,-22.0,-50.0,148.8,0,CONCEPT_NOT_FIT_VALIDATED
DUC-F-09678,p4-4x2,Yellow,#F4EE2A,62,9678,-22.0,-42.0,148.8,0,CONCEPT_NOT_FIT_VALIDATED
DUC-F-09679,p4-4x2,Yellow,#F4EE2A,62,9679,-22.0,-34.0,148.8,0,CONCEPT_NOT_FIT_VALIDATED
DUC-F-09680,p4-4x2,Yellow,#F4EE2A,62,9680,-22.0,-26.0,148.8,0,CONCEPT_NOT_FIT_VALIDATED
DUC-F-09681,p4-4x2,Yellow,#F4EE2A,62,9681,-22.0,-18.0,148.8,0,CONCEPT_NOT_FIT_VALIDATED
DUC-F-09682,p4-4x2,Yellow,#F4EE2A,62,9682,-22.0,-10.0,148.8,0,CONCEPT_NOT_FIT_VALIDATED
DUC-F-09683,p4-4x2,Yellow,#F4EE2A,62,9683,-22.0,-2.0,148.8,0,CONCEPT_NOT_FIT_VALIDATED
DUC-F-09684,p4-4x2,Yellow,#F4EE2A,62,9684,-22.0,6.0,148.8,0,CONCEPT_NOT_FIT_VALIDATED
DUC-F-09685,p4-4x2,Yellow,#F4EE2A,62,9685,-22.0,14.0,148.8,0,CONCEPT_NOT_FIT_VALIDATED
DUC-F-09686,p4-4x2,Yellow,#F4EE2A,62,9686,-22.0,22.0,148.8,0,CONCEPT_NOT_FIT_VALIDATED
DUC-F-09687,p4-4x2,Yellow,#F4EE2A,62,9687,-22.0,30.0,148.8,0,CONCEPT_NOT_FIT_VALIDATED
DUC-F-09688,p4-4x2,Yellow,#F4EE2A,62,9688,-22.0,38.0,148.8,0,CONCEPT_NOT_FIT_VALIDATED
DUC-F-09689,p4-4x1,Yellow,#F4EE2A,62,9689,-22.0,44.0,148.8,0,CONCEPT_NOT_FIT_VALIDATED
DUC-F-09690,p4-3x1,Yellow,#F4EE2A,62,9690,-20.0,48.0,148.8,0,CONCEPT_NOT_FIT_VALIDATED
DUC-F-09691,p4-2x1,Yellow,#F4EE2A,62,9691,-18.0,-64.0,148.8,0,CONCEPT_NOT_FIT_VALIDATED
DUC-F-09692,p4-4x1,Yellow,#F4EE2A,62,9692,-6.0,-64.0,148.8,0,CONCEPT_NOT_FIT_VALIDATED
DUC-F-09693,p4-4x2,Yellow,#F4EE2A,62,9693,-6.0,-58.0,148.8,0,CONCEPT_NOT_FIT_VALIDATED
DUC-F-09694,p4-4x2,Yellow,#F4EE2A,62,9694,-6.0,-50.0,148.8,0,CONCEPT_NOT_FIT_VALIDATED
DUC-F-09695,p4-4x2,Yellow,#F4EE2A,62,9695,-6.0,-42.0,148.8,0,CONCEPT_NOT_FIT_VALIDATED
DUC-F-09696,p4-4x2,Yellow,#F4EE2A,62,9696,-6.0,-34.0,148.8,0,CONCEPT_NOT_FIT_VALIDATED
DUC-F-09697,p4-4x2,Yellow,#F4EE2A,62,9697,-6.0,-26.0,148.8,0,CONCEPT_NOT_FIT_VALIDATED
DUC-F-09698,p4-4x2,Yellow,#F4EE2A,62,9698,-6.0,-18.0,148.8,0,CONCEPT_NOT_FIT_VALIDATED
DUC-F-09699,p4-4x2,Yellow,#F4EE2A,62,9699,-6.0,-10.0,148.8,0,CONCEPT_NOT_FIT_VALIDATED
DUC-F-09700,p4-4x2,Yellow,#F4EE2A,62,9700,-6.0,-2.0,148.8,0,CONCEPT_NOT_FIT_VALIDATED
DUC-F-09701,p4-4x2,Yellow,#F4EE2A,62,9701,-6.0,6.0,148.8,0,CONCEPT_NOT_FIT_VALIDATED
DUC-F-09702,p4-4x2,Yellow,#F4EE2A,62,9702,-6.0,14.0,148.8,0,CONCEPT_NOT_FIT_VALIDATED
DUC-F-09703,p4-4x2,Yellow,#F4EE2A,62,9703,-6.0,22.0,148.8,0,CONCEPT_NOT_FIT_VALIDATED
DUC-F-09704,p4-4x2,Yellow,#F4EE2A,62,9704,-6.0,30.0,148.8,0,CONCEPT_NOT_FIT_VALIDATED
DUC-F-09705,p4-4x2,Yellow,#F4EE2A,62,9705,-6.0,38.0,148.8,0,CONCEPT_NOT_FIT_VALIDATED
DUC-F-09706,p4-4x2,Yellow,#F4EE2A,62,9706,-6.0,46.0,148.8,0,CONCEPT_NOT_FIT_VALIDATED
DUC-F-09707,p4-3x1,Yellow,#F4EE2A,62,9707,-4.0,52.0,148.8,0,CONCEPT_NOT_FIT_VALIDATED
DUC-F-09708,p4-4x1,Yellow,#F4EE2A,62,9708,10.0,-64.0,148.8,0,CONCEPT_NOT_FIT_VALIDATED
DUC-F-09709,p4-4x2,Yellow,#F4EE2A,62,9709,10.0,-58.0,148.8,0,CONCEPT_NOT_FIT_VALIDATED
DUC-F-09710,p4-4x2,Yellow,#F4EE2A,62,9710,10.0,-50.0,148.8,0,CONCEPT_NOT_FIT_VALIDATED
DUC-F-09711,p4-4x2,Yellow,#F4EE2A,62,9711,10.0,-42.0,148.8,0,CONCEPT_NOT_FIT_VALIDATED
DUC-F-09712,p4-4x2,Yellow,#F4EE2A,62,9712,10.0,-34.0,148.8,0,CONCEPT_NOT_FIT_VALIDATED
DUC-F-09713,p4-4x2,Yellow,#F4EE2A,62,9713,10.0,-26.0,148.8,0,CONCEPT_NOT_FIT_VALIDATED
DUC-F-09714,p4-4x2,Yellow,#F4EE2A,62,9714,10.0,-18.0,148.8,0,CONCEPT_NOT_FIT_VALIDATED
DUC-F-09715,p4-4x2,Yellow,#F4EE2A,62,9715,10.0,-10.0,148.8,0,CONCEPT_NOT_FIT_VALIDATED
DUC-F-09716,p4-4x2,Yellow,#F4EE2A,62,9716,10.0,-2.0,148.8,0,CONCEPT_NOT_FIT_VALIDATED
DUC-F-09717,p4-4x2,Yellow,#F4EE2A,62,9717,10.0,6.0,148.8,0,CONCEPT_NOT_FIT_VALIDATED
DUC-F-09718,p4-4x2,Yellow,#F4EE2A,62,9718,10.0,14.0,148.8,0,CONCEPT_NOT_FIT_VALIDATED
DUC-F-09719,p4-4x2,Yellow,#F4EE2A,62,9719,10.0,22.0,148.8,0,CONCEPT_NOT_FIT_VALIDATED
DUC-F-09720,p4-4x2,Yellow,#F4EE2A,62,9720,10.0,30.0,148.8,0,CONCEPT_NOT_FIT_VALIDATED
DUC-F-09721,p4-4x2,Yellow,#F4EE2A,62,9721,10.0,38.0,148.8,0,CONCEPT_NOT_FIT_VALIDATED
DUC-F-09722,p4-4x2,Yellow,#F4EE2A,62,9722,10.0,46.0,148.8,0,CONCEPT_NOT_FIT_VALIDATED
DUC-F-09723,p4-2x1,Yellow,#F4EE2A,62,9723,6.0,52.0,148.8,0,CONCEPT_NOT_FIT_VALIDATED
DUC-F-09724,p4-1x1,Yellow,#F4EE2A,62,9724,20.0,-64.0,148.8,0,CONCEPT_NOT_FIT_VALIDATED
DUC-F-09725,p4-4x2,Yellow,#F4EE2A,62,9725,26.0,-58.0,148.8,0,CONCEPT_NOT_FIT_VALIDATED
DUC-F-09726,p4-4x2,Yellow,#F4EE2A,62,9726,26.0,-50.0,148.8,0,CONCEPT_NOT_FIT_VALIDATED
DUC-F-09727,p4-4x2,Yellow,#F4EE2A,62,9727,26.0,-42.0,148.8,0,CONCEPT_NOT_FIT_VALIDATED
DUC-F-09728,p4-4x2,Yellow,#F4EE2A,62,9728,26.0,-34.0,148.8,0,CONCEPT_NOT_FIT_VALIDATED
DUC-F-09729,p4-4x2,Yellow,#F4EE2A,62,9729,26.0,-26.0,148.8,0,CONCEPT_NOT_FIT_VALIDATED
DUC-F-09730,p4-4x2,Yellow,#F4EE2A,62,9730,26.0,-18.0,148.8,0,CONCEPT_NOT_FIT_VALIDATED
DUC-F-09731,p4-4x2,Yellow,#F4EE2A,62,9731,26.0,-10.0,148.8,0,CONCEPT_NOT_FIT_VALIDATED
DUC-F-09732,p4-4x2,Yellow,#F4EE2A,62,9732,26.0,-2.0,148.8,0,CONCEPT_NOT_FIT_VALIDATED
DUC-F-09733,p4-4x2,Yellow,#F4EE2A,62,9733,26.0,6.0,148.8,0,CONCEPT_NOT_FIT_VALIDATED
DUC-F-09734,p4-4x2,Yellow,#F4EE2A,62,9734,26.0,14.0,148.8,0,CONCEPT_NOT_FIT_VALIDATED
DUC-F-09735,p4-4x2,Yellow,#F4EE2A,62,9735,26.0,22.0,148.8,0,CONCEPT_NOT_FIT_VALIDATED
DUC-F-09736,p4-4x2,Yellow,#F4EE2A,62,9736,26.0,30.0,148.8,0,CONCEPT_NOT_FIT_VALIDATED
DUC-F-09737,p4-4x2,Yellow,#F4EE2A,62,9737,26.0,38.0,148.8,0,CONCEPT_NOT_FIT_VALIDATED
DUC-F-09738,p4-4x1,Yellow,#F4EE2A,62,9738,26.0,44.0,148.8,0,CONCEPT_NOT_FIT_VALIDATED
DUC-F-09739,p4-2x1,Yellow,#F4EE2A,62,9739,22.0,48.0,148.8,0,CONCEPT_NOT_FIT_VALIDATED
DUC-F-09740,p4-1x1,Yellow,#F4EE2A,62,9740,36.0,-56.0,148.8,0,CONCEPT_NOT_FIT_VALIDATED
DUC-F-09741,p4-3x2,Yellow,#F4EE2A,62,9741,40.0,-50.0,148.8,0,CONCEPT_NOT_FIT_VALIDATED
DUC-F-09742,p4-4x2,Yellow,#F4EE2A,62,9742,42.0,-42.0,148.8,0,CONCEPT_NOT_FIT_VALIDATED
DUC-F-09743,p4-4x2,Yellow,#F4EE2A,62,9743,42.0,-34.0,148.8,0,CONCEPT_NOT_FIT_VALIDATED
DUC-F-09744,p4-4x2,Yellow,#F4EE2A,62,9744,42.0,-26.0,148.8,0,CONCEPT_NOT_FIT_VALIDATED
DUC-F-09745,p4-4x2,Yellow,#F4EE2A,62,9745,42.0,-18.0,148.8,0,CONCEPT_NOT_FIT_VALIDATED
DUC-F-09746,p4-4x2,Yellow,#F4EE2A,62,9746,42.0,-10.0,148.8,0,CONCEPT_NOT_FIT_VALIDATED
DUC-F-09747,p4-4x2,Yellow,#F4EE2A,62,9747,42.0,-2.0,148.8,0,CONCEPT_NOT_FIT_VALIDATED
DUC-F-09748,p4-4x2,Yellow,#F4EE2A,62,9748,42.0,6.0,148.8,0,CONCEPT_NOT_FIT_VALIDATED
DUC-F-09749,p4-4x2,Yellow,#F4EE2A,62,9749,42.0,14.0,148.8,0,CONCEPT_NOT_FIT_VALIDATED
DUC-F-09750,p4-4x2,Yellow,#F4EE2A,62,9750,42.0,22.0,148.8,0,CONCEPT_NOT_FIT_VALIDATED
DUC-F-09751,p4-4x2,Yellow,#F4EE2A,62,9751,42.0,30.0,148.8,0,CONCEPT_NOT_FIT_VALIDATED
DUC-F-09752,p4-3x1,Yellow,#F4EE2A,62,9752,40.0,36.0,148.8,0,CONCEPT_NOT_FIT_VALIDATED
DUC-F-09753,p4-1x1,Yellow,#F4EE2A,62,9753,36.0,40.0,148.8,0,CONCEPT_NOT_FIT_VALIDATED
DUC-F-09754,p4-1x1,Yellow,#F4EE2A,62,9754,48.0,-48.0,148.8,0,CONCEPT_NOT_FIT_VALIDATED
DUC-F-09755,p4-2x1,Yellow,#F4EE2A,62,9755,52.0,-42.0,148.8,90,CONCEPT_NOT_FIT_VALIDATED
DUC-F-09756,p4-2x2,Yellow,#F4EE2A,62,9756,54.0,-34.0,148.8,0,CONCEPT_NOT_FIT_VALIDATED
DUC-F-09757,p4-3x2,Yellow,#F4EE2A,62,9757,56.0,-26.0,148.8,0,CONCEPT_NOT_FIT_VALIDATED
DUC-F-09758,p4-3x2,Yellow,#F4EE2A,62,9758,56.0,-18.0,148.8,0,CONCEPT_NOT_FIT_VALIDATED
DUC-F-09759,p4-3x2,Yellow,#F4EE2A,62,9759,56.0,-10.0,148.8,0,CONCEPT_NOT_FIT_VALIDATED
DUC-F-09760,p4-3x2,Yellow,#F4EE2A,62,9760,56.0,-2.0,148.8,0,CONCEPT_NOT_FIT_VALIDATED
DUC-F-09761,p4-3x2,Yellow,#F4EE2A,62,9761,56.0,6.0,148.8,0,CONCEPT_NOT_FIT_VALIDATED
DUC-F-09762,p4-2x2,Yellow,#F4EE2A,62,9762,54.0,14.0,148.8,0,CONCEPT_NOT_FIT_VALIDATED
DUC-F-09763,p4-2x1,Yellow,#F4EE2A,62,9763,54.0,20.0,148.8,0,CONCEPT_NOT_FIT_VALIDATED
DUC-F-09764,p4-1x1,Yellow,#F4EE2A,62,9764,52.0,24.0,148.8,0,CONCEPT_NOT_FIT_VALIDATED
DUC-F-09765,p4-1x1,Yellow,#F4EE2A,62,9765,60.0,12.0,148.8,0,CONCEPT_NOT_FIT_VALIDATED
DUC-F-09766,p4-2x1,Yellow,#F4EE2A,63,9766,-10.0,-64.0,151.2,0,CONCEPT_NOT_FIT_VALIDATED
DUC-F-09767,p4-2x1,Yellow,#F4EE2A,63,9767,-2.0,-64.0,151.2,0,CONCEPT_NOT_FIT_VALIDATED
DUC-F-09768,p4-2x1,Yellow,#F4EE2A,63,9768,6.0,-64.0,151.2,0,CONCEPT_NOT_FIT_VALIDATED
DUC-F-09769,p4-1x1,Yellow,#F4EE2A,63,9769,12.0,-64.0,151.2,0,CONCEPT_NOT_FIT_VALIDATED
DUC-F-09770,p4-4x2,Yellow,#F4EE2A,63,9770,-26.0,-54.0,151.2,90,CONCEPT_NOT_FIT_VALIDATED
DUC-F-09771,p4-4x2,Yellow,#F4EE2A,63,9771,-18.0,-54.0,151.2,90,CONCEPT_NOT_FIT_VALIDATED
DUC-F-09772,p4-4x2,Yellow,#F4EE2A,63,9772,-10.0,-54.0,151.2,90,CONCEPT_NOT_FIT_VALIDATED
DUC-F-09773,p4-4x2,Yellow,#F4EE2A,63,9773,-2.0,-54.0,151.2,90,CONCEPT_NOT_FIT_VALIDATED
DUC-F-09774,p4-4x2,Yellow,#F4EE2A,63,9774,6.0,-54.0,151.2,90,CONCEPT_NOT_FIT_VALIDATED
DUC-F-09775,p4-4x2,Yellow,#F4EE2A,63,9775,14.0,-54.0,151.2,90,CONCEPT_NOT_FIT_VALIDATED
DUC-F-09776,p4-4x2,Yellow,#F4EE2A,63,9776,22.0,-54.0,151.2,90,CONCEPT_NOT_FIT_VALIDATED
DUC-F-09777,p4-3x2,Yellow,#F4EE2A,63,9777,-34.0,-52.0,151.2,90,CONCEPT_NOT_FIT_VALIDATED
DUC-F-09778,p4-3x2,Yellow,#F4EE2A,63,9778,30.0,-52.0,151.2,90,CONCEPT_NOT_FIT_VALIDATED
DUC-F-09779,p4-3x1,Yellow,#F4EE2A,63,9779,36.0,-52.0,151.2,90,CONCEPT_NOT_FIT_VALIDATED
DUC-F-09780,p4-2x1,Yellow,#F4EE2A,63,9780,-40.0,-50.0,151.2,90,CONCEPT_NOT_FIT_VALIDATED
DUC-F-09781,p4-2x1,Yellow,#F4EE2A,63,9781,40.0,-50.0,151.2,90,CONCEPT_NOT_FIT_VALIDATED
DUC-F-09782,p4-1x1,Yellow,#F4EE2A,63,9782,-44.0,-48.0,151.2,0,CONCEPT_NOT_FIT_VALIDATED
DUC-F-09783,p4-1x1,Yellow,#F4EE2A,63,9783,44.0,-48.0,151.2,0,CONCEPT_NOT_FIT_VALIDATED
DUC-F-09784,p4-4x1,Yellow,#F4EE2A,63,9784,-48.0,-38.0,151.2,90,CONCEPT_NOT_FIT_VALIDATED
DUC-F-09785,p4-4x2,Yellow,#F4EE2A,63,9785,-42.0,-38.0,151.2,90,CONCEPT_NOT_FIT_VALIDATED
DUC-F-09786,p4-4x2,Yellow,#F4EE2A,63,9786,-34.0,-38.0,151.2,90,CONCEPT_NOT_FIT_VALIDATED
DUC-F-09787,p4-4x2,Yellow,#F4EE2A,63,9787,-26.0,-38.0,151.2,90,CONCEPT_NOT_FIT_VALIDATED
DUC-F-09788,p4-4x2,Yellow,#F4EE2A,63,9788,-18.0,-38.0,151.2,90,CONCEPT_NOT_FIT_VALIDATED
DUC-F-09789,p4-4x2,Yellow,#F4EE2A,63,9789,-10.0,-38.0,151.2,90,CONCEPT_NOT_FIT_VALIDATED
DUC-F-09790,p4-4x2,Yellow,#F4EE2A,63,9790,-2.0,-38.0,151.2,90,CONCEPT_NOT_FIT_VALIDATED
DUC-F-09791,p4-4x2,Yellow,#F4EE2A,63,9791,6.0,-38.0,151.2,90,CONCEPT_NOT_FIT_VALIDATED
DUC-F-09792,p4-4x2,Yellow,#F4EE2A,63,9792,14.0,-38.0,151.2,90,CONCEPT_NOT_FIT_VALIDATED
DUC-F-09793,p4-4x2,Yellow,#F4EE2A,63,9793,22.0,-38.0,151.2,90,CONCEPT_NOT_FIT_VALIDATED
DUC-F-09794,p4-4x2,Yellow,#F4EE2A,63,9794,30.0,-38.0,151.2,90,CONCEPT_NOT_FIT_VALIDATED
DUC-F-09795,p4-4x2,Yellow,#F4EE2A,63,9795,38.0,-38.0,151.2,90,CONCEPT_NOT_FIT_VALIDATED
DUC-F-09796,p4-4x2,Yellow,#F4EE2A,63,9796,46.0,-38.0,151.2,90,CONCEPT_NOT_FIT_VALIDATED
DUC-F-09797,p4-3x1,Yellow,#F4EE2A,63,9797,-52.0,-36.0,151.2,90,CONCEPT_NOT_FIT_VALIDATED
DUC-F-09798,p4-3x1,Yellow,#F4EE2A,63,9798,52.0,-36.0,151.2,90,CONCEPT_NOT_FIT_VALIDATED
DUC-F-09799,p4-1x1,Yellow,#F4EE2A,63,9799,-56.0,-32.0,151.2,0,CONCEPT_NOT_FIT_VALIDATED
DUC-F-09800,p4-1x1,Yellow,#F4EE2A,63,9800,56.0,-32.0,151.2,0,CONCEPT_NOT_FIT_VALIDATED
DUC-F-09801,p4-4x1,Yellow,#F4EE2A,63,9801,-56.0,-22.0,151.2,90,CONCEPT_NOT_FIT_VALIDATED
DUC-F-09802,p4-4x2,Yellow,#F4EE2A,63,9802,-50.0,-22.0,151.2,90,CONCEPT_NOT_FIT_VALIDATED
DUC-F-09803,p4-4x2,Yellow,#F4EE2A,63,9803,-42.0,-22.0,151.2,90,CONCEPT_NOT_FIT_VALIDATED
DUC-F-09804,p4-4x2,Yellow,#F4EE2A,63,9804,-34.0,-22.0,151.2,90,CONCEPT_NOT_FIT_VALIDATED
DUC-F-09805,p4-4x2,Yellow,#F4EE2A,63,9805,-26.0,-22.0,151.2,90,CONCEPT_NOT_FIT_VALIDATED
DUC-F-09806,p4-4x2,Yellow,#F4EE2A,63,9806,-18.0,-22.0,151.2,90,CONCEPT_NOT_FIT_VALIDATED
DUC-F-09807,p4-4x2,Yellow,#F4EE2A,63,9807,-10.0,-22.0,151.2,90,CONCEPT_NOT_FIT_VALIDATED
DUC-F-09808,p4-4x2,Yellow,#F4EE2A,63,9808,-2.0,-22.0,151.2,90,CONCEPT_NOT_FIT_VALIDATED
DUC-F-09809,p4-4x2,Yellow,#F4EE2A,63,9809,6.0,-22.0,151.2,90,CONCEPT_NOT_FIT_VALIDATED
DUC-F-09810,p4-4x2,Yellow,#F4EE2A,63,9810,14.0,-22.0,151.2,90,CONCEPT_NOT_FIT_VALIDATED
DUC-F-09811,p4-4x2,Yellow,#F4EE2A,63,9811,22.0,-22.0,151.2,90,CONCEPT_NOT_FIT_VALIDATED
DUC-F-09812,p4-4x2,Yellow,#F4EE2A,63,9812,30.0,-22.0,151.2,90,CONCEPT_NOT_FIT_VALIDATED
DUC-F-09813,p4-4x2,Yellow,#F4EE2A,63,9813,38.0,-22.0,151.2,90,CONCEPT_NOT_FIT_VALIDATED
DUC-F-09814,p4-4x2,Yellow,#F4EE2A,63,9814,46.0,-22.0,151.2,90,CONCEPT_NOT_FIT_VALIDATED
DUC-F-09815,p4-4x2,Yellow,#F4EE2A,63,9815,54.0,-22.0,151.2,90,CONCEPT_NOT_FIT_VALIDATED
DUC-F-09816,p4-3x1,Yellow,#F4EE2A,63,9816,-60.0,-20.0,151.2,90,CONCEPT_NOT_FIT_VALIDATED
DUC-F-09817,p4-3x1,Yellow,#F4EE2A,63,9817,60.0,-20.0,151.2,90,CONCEPT_NOT_FIT_VALIDATED
DUC-F-09818,p4-4x2,Yellow,#F4EE2A,63,9818,-58.0,-6.0,151.2,90,CONCEPT_NOT_FIT_VALIDATED
DUC-F-09819,p4-4x2,Yellow,#F4EE2A,63,9819,-50.0,-6.0,151.2,90,CONCEPT_NOT_FIT_VALIDATED
DUC-F-09820,p4-4x2,Yellow,#F4EE2A,63,9820,-42.0,-6.0,151.2,90,CONCEPT_NOT_FIT_VALIDATED
DUC-F-09821,p4-4x2,Yellow,#F4EE2A,63,9821,-34.0,-6.0,151.2,90,CONCEPT_NOT_FIT_VALIDATED
DUC-F-09822,p4-4x2,Yellow,#F4EE2A,63,9822,-26.0,-6.0,151.2,90,CONCEPT_NOT_FIT_VALIDATED
DUC-F-09823,p4-4x2,Yellow,#F4EE2A,63,9823,-18.0,-6.0,151.2,90,CONCEPT_NOT_FIT_VALIDATED
DUC-F-09824,p4-4x2,Yellow,#F4EE2A,63,9824,-10.0,-6.0,151.2,90,CONCEPT_NOT_FIT_VALIDATED
DUC-F-09825,p4-4x2,Yellow,#F4EE2A,63,9825,-2.0,-6.0,151.2,90,CONCEPT_NOT_FIT_VALIDATED
DUC-F-09826,p4-4x2,Yellow,#F4EE2A,63,9826,6.0,-6.0,151.2,90,CONCEPT_NOT_FIT_VALIDATED
DUC-F-09827,p4-4x2,Yellow,#F4EE2A,63,9827,14.0,-6.0,151.2,90,CONCEPT_NOT_FIT_VALIDATED
DUC-F-09828,p4-4x2,Yellow,#F4EE2A,63,9828,22.0,-6.0,151.2,90,CONCEPT_NOT_FIT_VALIDATED
DUC-F-09829,p4-4x2,Yellow,#F4EE2A,63,9829,30.0,-6.0,151.2,90,CONCEPT_NOT_FIT_VALIDATED
DUC-F-09830,p4-4x2,Yellow,#F4EE2A,63,9830,38.0,-6.0,151.2,90,CONCEPT_NOT_FIT_VALIDATED
DUC-F-09831,p4-4x2,Yellow,#F4EE2A,63,9831,46.0,-6.0,151.2,90,CONCEPT_NOT_FIT_VALIDATED
DUC-F-09832,p4-4x2,Yellow,#F4EE2A,63,9832,54.0,-6.0,151.2,90,CONCEPT_NOT_FIT_VALIDATED
DUC-F-09833,p4-4x1,Yellow,#F4EE2A,63,9833,60.0,-6.0,151.2,90,CONCEPT_NOT_FIT_VALIDATED
DUC-F-09834,p4-2x1,Yellow,#F4EE2A,63,9834,-58.0,4.0,151.2,0,CONCEPT_NOT_FIT_VALIDATED
DUC-F-09835,p4-4x2,Yellow,#F4EE2A,63,9835,-50.0,10.0,151.2,90,CONCEPT_NOT_FIT_VALIDATED
DUC-F-09836,p4-4x2,Yellow,#F4EE2A,63,9836,-42.0,10.0,151.2,90,CONCEPT_NOT_FIT_VALIDATED
DUC-F-09837,p4-4x2,Yellow,#F4EE2A,63,9837,-34.0,10.0,151.2,90,CONCEPT_NOT_FIT_VALIDATED
DUC-F-09838,p4-4x2,Yellow,#F4EE2A,63,9838,-26.0,10.0,151.2,90,CONCEPT_NOT_FIT_VALIDATED
DUC-F-09839,p4-4x2,Yellow,#F4EE2A,63,9839,-18.0,10.0,151.2,90,CONCEPT_NOT_FIT_VALIDATED
DUC-F-09840,p4-4x2,Yellow,#F4EE2A,63,9840,-10.0,10.0,151.2,90,CONCEPT_NOT_FIT_VALIDATED
DUC-F-09841,p4-4x2,Yellow,#F4EE2A,63,9841,-2.0,10.0,151.2,90,CONCEPT_NOT_FIT_VALIDATED
DUC-F-09842,p4-4x2,Yellow,#F4EE2A,63,9842,6.0,10.0,151.2,90,CONCEPT_NOT_FIT_VALIDATED
DUC-F-09843,p4-4x2,Yellow,#F4EE2A,63,9843,14.0,10.0,151.2,90,CONCEPT_NOT_FIT_VALIDATED
DUC-F-09844,p4-4x2,Yellow,#F4EE2A,63,9844,22.0,10.0,151.2,90,CONCEPT_NOT_FIT_VALIDATED
DUC-F-09845,p4-4x2,Yellow,#F4EE2A,63,9845,30.0,10.0,151.2,90,CONCEPT_NOT_FIT_VALIDATED
DUC-F-09846,p4-4x2,Yellow,#F4EE2A,63,9846,38.0,10.0,151.2,90,CONCEPT_NOT_FIT_VALIDATED
DUC-F-09847,p4-4x2,Yellow,#F4EE2A,63,9847,46.0,10.0,151.2,90,CONCEPT_NOT_FIT_VALIDATED
DUC-F-09848,p4-4x2,Yellow,#F4EE2A,63,9848,54.0,10.0,151.2,90,CONCEPT_NOT_FIT_VALIDATED
DUC-F-09849,p4-1x1,Yellow,#F4EE2A,63,9849,60.0,4.0,151.2,0,CONCEPT_NOT_FIT_VALIDATED
DUC-F-09850,p4-3x1,Yellow,#F4EE2A,63,9850,-56.0,12.0,151.2,90,CONCEPT_NOT_FIT_VALIDATED
DUC-F-09851,p4-2x2,Yellow,#F4EE2A,63,9851,-50.0,22.0,151.2,0,CONCEPT_NOT_FIT_VALIDATED
DUC-F-09852,p4-4x2,Yellow,#F4EE2A,63,9852,-42.0,26.0,151.2,90,CONCEPT_NOT_FIT_VALIDATED
DUC-F-09853,p4-4x2,Yellow,#F4EE2A,63,9853,-34.0,26.0,151.2,90,CONCEPT_NOT_FIT_VALIDATED
DUC-F-09854,p4-4x2,Yellow,#F4EE2A,63,9854,-26.0,26.0,151.2,90,CONCEPT_NOT_FIT_VALIDATED
DUC-F-09855,p4-4x2,Yellow,#F4EE2A,63,9855,-18.0,26.0,151.2,90,CONCEPT_NOT_FIT_VALIDATED
DUC-F-09856,p4-4x2,Yellow,#F4EE2A,63,9856,-10.0,26.0,151.2,90,CONCEPT_NOT_FIT_VALIDATED
DUC-F-09857,p4-4x2,Yellow,#F4EE2A,63,9857,-2.0,26.0,151.2,90,CONCEPT_NOT_FIT_VALIDATED
DUC-F-09858,p4-4x2,Yellow,#F4EE2A,63,9858,6.0,26.0,151.2,90,CONCEPT_NOT_FIT_VALIDATED
DUC-F-09859,p4-4x2,Yellow,#F4EE2A,63,9859,14.0,26.0,151.2,90,CONCEPT_NOT_FIT_VALIDATED
DUC-F-09860,p4-4x2,Yellow,#F4EE2A,63,9860,22.0,26.0,151.2,90,CONCEPT_NOT_FIT_VALIDATED
DUC-F-09861,p4-4x2,Yellow,#F4EE2A,63,9861,30.0,26.0,151.2,90,CONCEPT_NOT_FIT_VALIDATED
DUC-F-09862,p4-4x2,Yellow,#F4EE2A,63,9862,38.0,26.0,151.2,90,CONCEPT_NOT_FIT_VALIDATED
DUC-F-09863,p4-3x2,Yellow,#F4EE2A,63,9863,46.0,24.0,151.2,90,CONCEPT_NOT_FIT_VALIDATED
DUC-F-09864,p4-2x1,Yellow,#F4EE2A,63,9864,52.0,22.0,151.2,90,CONCEPT_NOT_FIT_VALIDATED
DUC-F-09865,p4-1x1,Yellow,#F4EE2A,63,9865,-48.0,28.0,151.2,0,CONCEPT_NOT_FIT_VALIDATED
DUC-F-09866,p4-1x1,Yellow,#F4EE2A,63,9866,44.0,32.0,151.2,0,CONCEPT_NOT_FIT_VALIDATED
DUC-F-09867,p4-1x1,Yellow,#F4EE2A,63,9867,-40.0,36.0,151.2,0,CONCEPT_NOT_FIT_VALIDATED
DUC-F-09868,p4-2x2,Yellow,#F4EE2A,63,9868,-34.0,38.0,151.2,0,CONCEPT_NOT_FIT_VALIDATED
DUC-F-09869,p4-3x2,Yellow,#F4EE2A,63,9869,-26.0,40.0,151.2,90,CONCEPT_NOT_FIT_VALIDATED
DUC-F-09870,p4-4x2,Yellow,#F4EE2A,63,9870,-18.0,42.0,151.2,90,CONCEPT_NOT_FIT_VALIDATED
DUC-F-09871,p4-4x2,Yellow,#F4EE2A,63,9871,-10.0,42.0,151.2,90,CONCEPT_NOT_FIT_VALIDATED
DUC-F-09872,p4-4x2,Yellow,#F4EE2A,63,9872,-2.0,42.0,151.2,90,CONCEPT_NOT_FIT_VALIDATED
DUC-F-09873,p4-4x2,Yellow,#F4EE2A,63,9873,6.0,42.0,151.2,90,CONCEPT_NOT_FIT_VALIDATED
DUC-F-09874,p4-4x2,Yellow,#F4EE2A,63,9874,14.0,42.0,151.2,90,CONCEPT_NOT_FIT_VALIDATED
DUC-F-09875,p4-3x2,Yellow,#F4EE2A,63,9875,22.0,40.0,151.2,90,CONCEPT_NOT_FIT_VALIDATED
DUC-F-09876,p4-2x2,Yellow,#F4EE2A,63,9876,30.0,38.0,151.2,0,CONCEPT_NOT_FIT_VALIDATED
DUC-F-09877,p4-2x1,Yellow,#F4EE2A,63,9877,36.0,38.0,151.2,90,CONCEPT_NOT_FIT_VALIDATED
DUC-F-09878,p4-1x1,Yellow,#F4EE2A,63,9878,40.0,36.0,151.2,0,CONCEPT_NOT_FIT_VALIDATED
DUC-F-09879,p4-1x1,Yellow,#F4EE2A,63,9879,28.0,44.0,151.2,0,CONCEPT_NOT_FIT_VALIDATED
DUC-F-09880,p4-1x1,Yellow,#F4EE2A,63,9880,20.0,48.0,151.2,0,CONCEPT_NOT_FIT_VALIDATED
DUC-F-09881,p4-3x1,Yellow,#F4EE2A,64,9881,-56.0,-8.0,153.6,0,CONCEPT_NOT_FIT_VALIDATED
DUC-F-09882,p4-2x1,Yellow,#F4EE2A,64,9882,-54.0,-28.0,153.6,0,CONCEPT_NOT_FIT_VALIDATED
DUC-F-09883,p4-2x2,Yellow,#F4EE2A,64,9883,-54.0,-22.0,153.6,0,CONCEPT_NOT_FIT_VALIDATED
DUC-F-09884,p4-2x2,Yellow,#F4EE2A,64,9884,-54.0,-14.0,153.6,0,CONCEPT_NOT_FIT_VALIDATED
DUC-F-09885,p4-2x1,Yellow,#F4EE2A,64,9885,-54.0,-4.0,153.6,0,CONCEPT_NOT_FIT_VALIDATED
DUC-F-09886,p4-2x2,Yellow,#F4EE2A,64,9886,-54.0,2.0,153.6,0,CONCEPT_NOT_FIT_VALIDATED
DUC-F-09887,p4-2x2,Yellow,#F4EE2A,64,9887,-54.0,10.0,153.6,0,CONCEPT_NOT_FIT_VALIDATED
DUC-F-09888,p4-1x1,Yellow,#F4EE2A,64,9888,-52.0,-36.0,153.6,0,CONCEPT_NOT_FIT_VALIDATED
DUC-F-09889,p4-1x1,Yellow,#F4EE2A,64,9889,-52.0,-32.0,153.6,0,CONCEPT_NOT_FIT_VALIDATED
DUC-F-09890,p4-2x1,Yellow,#F4EE2A,64,9890,-52.0,18.0,153.6,90,CONCEPT_NOT_FIT_VALIDATED
DUC-F-09891,p4-4x1,Yellow,#F4EE2A,64,9891,-42.0,-44.0,153.6,0,CONCEPT_NOT_FIT_VALIDATED
DUC-F-09892,p4-4x2,Yellow,#F4EE2A,64,9892,-42.0,-38.0,153.6,0,CONCEPT_NOT_FIT_VALIDATED
DUC-F-09893,p4-4x2,Yellow,#F4EE2A,64,9893,-42.0,-30.0,153.6,0,CONCEPT_NOT_FIT_VALIDATED
DUC-F-09894,p4-4x2,Yellow,#F4EE2A,64,9894,-42.0,-22.0,153.6,0,CONCEPT_NOT_FIT_VALIDATED
DUC-F-09895,p4-4x2,Yellow,#F4EE2A,64,9895,-42.0,-14.0,153.6,0,CONCEPT_NOT_FIT_VALIDATED
DUC-F-09896,p4-4x2,Yellow,#F4EE2A,64,9896,-42.0,-6.0,153.6,0,CONCEPT_NOT_FIT_VALIDATED
DUC-F-09897,p4-4x2,Yellow,#F4EE2A,64,9897,-42.0,2.0,153.6,0,CONCEPT_NOT_FIT_VALIDATED
DUC-F-09898,p4-4x2,Yellow,#F4EE2A,64,9898,-42.0,10.0,153.6,0,CONCEPT_NOT_FIT_VALIDATED
DUC-F-09899,p4-4x2,Yellow,#F4EE2A,64,9899,-42.0,18.0,153.6,0,CONCEPT_NOT_FIT_VALIDATED
DUC-F-09900,p4-4x1,Yellow,#F4EE2A,64,9900,-42.0,24.0,153.6,0,CONCEPT_NOT_FIT_VALIDATED
DUC-F-09901,p4-3x1,Yellow,#F4EE2A,64,9901,-40.0,-48.0,153.6,0,CONCEPT_NOT_FIT_VALIDATED
DUC-F-09902,p4-3x1,Yellow,#F4EE2A,64,9902,-40.0,28.0,153.6,0,CONCEPT_NOT_FIT_VALIDATED
DUC-F-09903,p4-2x1,Yellow,#F4EE2A,64,9903,-38.0,32.0,153.6,0,CONCEPT_NOT_FIT_VALIDATED
DUC-F-09904,p4-1x1,Yellow,#F4EE2A,64,9904,-36.0,-52.0,153.6,0,CONCEPT_NOT_FIT_VALIDATED
DUC-F-09905,p4-1x1,Yellow,#F4EE2A,64,9905,-36.0,36.0,153.6,0,CONCEPT_NOT_FIT_VALIDATED
DUC-F-09906,p4-4x2,Yellow,#F4EE2A,64,9906,-26.0,-54.0,153.6,0,CONCEPT_NOT_FIT_VALIDATED
DUC-F-09907,p4-4x2,Yellow,#F4EE2A,64,9907,-26.0,-46.0,153.6,0,CONCEPT_NOT_FIT_VALIDATED
DUC-F-09908,p4-4x2,Yellow,#F4EE2A,64,9908,-26.0,-38.0,153.6,0,CONCEPT_NOT_FIT_VALIDATED
DUC-F-09909,p4-4x2,Yellow,#F4EE2A,64,9909,-26.0,-30.0,153.6,0,CONCEPT_NOT_FIT_VALIDATED
DUC-F-09910,p4-4x2,Yellow,#F4EE2A,64,9910,-26.0,-22.0,153.6,0,CONCEPT_NOT_FIT_VALIDATED
DUC-F-09911,p4-4x2,Yellow,#F4EE2A,64,9911,-26.0,-14.0,153.6,0,CONCEPT_NOT_FIT_VALIDATED
DUC-F-09912,p4-4x2,Yellow,#F4EE2A,64,9912,-26.0,-6.0,153.6,0,CONCEPT_NOT_FIT_VALIDATED
DUC-F-09913,p4-4x2,Yellow,#F4EE2A,64,9913,-26.0,2.0,153.6,0,CONCEPT_NOT_FIT_VALIDATED
DUC-F-09914,p4-4x2,Yellow,#F4EE2A,64,9914,-26.0,10.0,153.6,0,CONCEPT_NOT_FIT_VALIDATED
DUC-F-09915,p4-4x2,Yellow,#F4EE2A,64,9915,-26.0,18.0,153.6,0,CONCEPT_NOT_FIT_VALIDATED
DUC-F-09916,p4-4x2,Yellow,#F4EE2A,64,9916,-26.0,26.0,153.6,0,CONCEPT_NOT_FIT_VALIDATED
DUC-F-09917,p4-4x2,Yellow,#F4EE2A,64,9917,-26.0,34.0,153.6,0,CONCEPT_NOT_FIT_VALIDATED
DUC-F-09918,p4-4x1,Yellow,#F4EE2A,64,9918,-26.0,40.0,153.6,0,CONCEPT_NOT_FIT_VALIDATED
DUC-F-09919,p4-2x1,Yellow,#F4EE2A,64,9919,-22.0,44.0,153.6,0,CONCEPT_NOT_FIT_VALIDATED
DUC-F-09920,p4-1x1,Yellow,#F4EE2A,64,9920,-20.0,-60.0,153.6,0,CONCEPT_NOT_FIT_VALIDATED
DUC-F-09921,p4-4x1,Yellow,#F4EE2A,64,9921,-10.0,-60.0,153.6,0,CONCEPT_NOT_FIT_VALIDATED
DUC-F-09922,p4-4x2,Yellow,#F4EE2A,64,9922,-10.0,-54.0,153.6,0,CONCEPT_NOT_FIT_VALIDATED
DUC-F-09923,p4-4x2,Yellow,#F4EE2A,64,9923,-10.0,-46.0,153.6,0,CONCEPT_NOT_FIT_VALIDATED
DUC-F-09924,p4-4x2,Yellow,#F4EE2A,64,9924,-10.0,-38.0,153.6,0,CONCEPT_NOT_FIT_VALIDATED
DUC-F-09925,p4-4x2,Yellow,#F4EE2A,64,9925,-10.0,-30.0,153.6,0,CONCEPT_NOT_FIT_VALIDATED
DUC-F-09926,p4-4x2,Yellow,#F4EE2A,64,9926,-10.0,-22.0,153.6,0,CONCEPT_NOT_FIT_VALIDATED
DUC-F-09927,p4-4x2,Yellow,#F4EE2A,64,9927,-10.0,-14.0,153.6,0,CONCEPT_NOT_FIT_VALIDATED
DUC-F-09928,p4-4x2,Yellow,#F4EE2A,64,9928,-10.0,-6.0,153.6,0,CONCEPT_NOT_FIT_VALIDATED
DUC-F-09929,p4-4x2,Yellow,#F4EE2A,64,9929,-10.0,2.0,153.6,0,CONCEPT_NOT_FIT_VALIDATED
DUC-F-09930,p4-4x2,Yellow,#F4EE2A,64,9930,-10.0,10.0,153.6,0,CONCEPT_NOT_FIT_VALIDATED
DUC-F-09931,p4-4x2,Yellow,#F4EE2A,64,9931,-10.0,18.0,153.6,0,CONCEPT_NOT_FIT_VALIDATED
DUC-F-09932,p4-4x2,Yellow,#F4EE2A,64,9932,-10.0,26.0,153.6,0,CONCEPT_NOT_FIT_VALIDATED
DUC-F-09933,p4-4x2,Yellow,#F4EE2A,64,9933,-10.0,34.0,153.6,0,CONCEPT_NOT_FIT_VALIDATED
DUC-F-09934,p4-4x2,Yellow,#F4EE2A,64,9934,-10.0,42.0,153.6,0,CONCEPT_NOT_FIT_VALIDATED
DUC-F-09935,p4-3x1,Yellow,#F4EE2A,64,9935,-8.0,48.0,153.6,0,CONCEPT_NOT_FIT_VALIDATED
DUC-F-09936,p4-4x1,Yellow,#F4EE2A,64,9936,6.0,-60.0,153.6,0,CONCEPT_NOT_FIT_VALIDATED
DUC-F-09937,p4-4x2,Yellow,#F4EE2A,64,9937,6.0,-54.0,153.6,0,CONCEPT_NOT_FIT_VALIDATED
DUC-F-09938,p4-4x2,Yellow,#F4EE2A,64,9938,6.0,-46.0,153.6,0,CONCEPT_NOT_FIT_VALIDATED
DUC-F-09939,p4-4x2,Yellow,#F4EE2A,64,9939,6.0,-38.0,153.6,0,CONCEPT_NOT_FIT_VALIDATED
DUC-F-09940,p4-4x2,Yellow,#F4EE2A,64,9940,6.0,-30.0,153.6,0,CONCEPT_NOT_FIT_VALIDATED
DUC-F-09941,p4-4x2,Yellow,#F4EE2A,64,9941,6.0,-22.0,153.6,0,CONCEPT_NOT_FIT_VALIDATED
DUC-F-09942,p4-4x2,Yellow,#F4EE2A,64,9942,6.0,-14.0,153.6,0,CONCEPT_NOT_FIT_VALIDATED
DUC-F-09943,p4-4x2,Yellow,#F4EE2A,64,9943,6.0,-6.0,153.6,0,CONCEPT_NOT_FIT_VALIDATED
DUC-F-09944,p4-4x2,Yellow,#F4EE2A,64,9944,6.0,2.0,153.6,0,CONCEPT_NOT_FIT_VALIDATED
DUC-F-09945,p4-4x2,Yellow,#F4EE2A,64,9945,6.0,10.0,153.6,0,CONCEPT_NOT_FIT_VALIDATED
DUC-F-09946,p4-4x2,Yellow,#F4EE2A,64,9946,6.0,18.0,153.6,0,CONCEPT_NOT_FIT_VALIDATED
DUC-F-09947,p4-4x2,Yellow,#F4EE2A,64,9947,6.0,26.0,153.6,0,CONCEPT_NOT_FIT_VALIDATED
DUC-F-09948,p4-4x2,Yellow,#F4EE2A,64,9948,6.0,34.0,153.6,0,CONCEPT_NOT_FIT_VALIDATED
DUC-F-09949,p4-4x2,Yellow,#F4EE2A,64,9949,6.0,42.0,153.6,0,CONCEPT_NOT_FIT_VALIDATED
DUC-F-09950,p4-4x1,Yellow,#F4EE2A,64,9950,6.0,48.0,153.6,0,CONCEPT_NOT_FIT_VALIDATED
DUC-F-09951,p4-3x1,Yellow,#F4EE2A,64,9951,20.0,-60.0,153.6,0,CONCEPT_NOT_FIT_VALIDATED
DUC-F-09952,p4-4x2,Yellow,#F4EE2A,64,9952,22.0,-54.0,153.6,0,CONCEPT_NOT_FIT_VALIDATED
DUC-F-09953,p4-4x2,Yellow,#F4EE2A,64,9953,22.0,-46.0,153.6,0,CONCEPT_NOT_FIT_VALIDATED
DUC-F-09954,p4-4x2,Yellow,#F4EE2A,64,9954,22.0,-38.0,153.6,0,CONCEPT_NOT_FIT_VALIDATED
DUC-F-09955,p4-4x2,Yellow,#F4EE2A,64,9955,22.0,-30.0,153.6,0,CONCEPT_NOT_FIT_VALIDATED
DUC-F-09956,p4-4x2,Yellow,#F4EE2A,64,9956,22.0,-22.0,153.6,0,CONCEPT_NOT_FIT_VALIDATED
DUC-F-09957,p4-4x2,Yellow,#F4EE2A,64,9957,22.0,-14.0,153.6,0,CONCEPT_NOT_FIT_VALIDATED
DUC-F-09958,p4-4x2,Yellow,#F4EE2A,64,9958,22.0,-6.0,153.6,0,CONCEPT_NOT_FIT_VALIDATED
DUC-F-09959,p4-4x2,Yellow,#F4EE2A,64,9959,22.0,2.0,153.6,0,CONCEPT_NOT_FIT_VALIDATED
DUC-F-09960,p4-4x2,Yellow,#F4EE2A,64,9960,22.0,10.0,153.6,0,CONCEPT_NOT_FIT_VALIDATED
DUC-F-09961,p4-4x2,Yellow,#F4EE2A,64,9961,22.0,18.0,153.6,0,CONCEPT_NOT_FIT_VALIDATED
DUC-F-09962,p4-4x2,Yellow,#F4EE2A,64,9962,22.0,26.0,153.6,0,CONCEPT_NOT_FIT_VALIDATED
DUC-F-09963,p4-4x2,Yellow,#F4EE2A,64,9963,22.0,34.0,153.6,0,CONCEPT_NOT_FIT_VALIDATED
DUC-F-09964,p4-3x2,Yellow,#F4EE2A,64,9964,20.0,42.0,153.6,0,CONCEPT_NOT_FIT_VALIDATED
DUC-F-09965,p4-1x1,Yellow,#F4EE2A,64,9965,28.0,40.0,153.6,0,CONCEPT_NOT_FIT_VALIDATED
DUC-F-09966,p4-2x1,Yellow,#F4EE2A,64,9966,32.0,-54.0,153.6,90,CONCEPT_NOT_FIT_VALIDATED
DUC-F-09967,p4-4x2,Yellow,#F4EE2A,64,9967,38.0,-46.0,153.6,0,CONCEPT_NOT_FIT_VALIDATED
DUC-F-09968,p4-4x2,Yellow,#F4EE2A,64,9968,38.0,-38.0,153.6,0,CONCEPT_NOT_FIT_VALIDATED
DUC-F-09969,p4-4x2,Yellow,#F4EE2A,64,9969,38.0,-30.0,153.6,0,CONCEPT_NOT_FIT_VALIDATED
DUC-F-09970,p4-4x2,Yellow,#F4EE2A,64,9970,38.0,-22.0,153.6,0,CONCEPT_NOT_FIT_VALIDATED
DUC-F-09971,p4-4x2,Yellow,#F4EE2A,64,9971,38.0,-14.0,153.6,0,CONCEPT_NOT_FIT_VALIDATED
DUC-F-09972,p4-4x2,Yellow,#F4EE2A,64,9972,38.0,-6.0,153.6,0,CONCEPT_NOT_FIT_VALIDATED
DUC-F-09973,p4-4x2,Yellow,#F4EE2A,64,9973,38.0,2.0,153.6,0,CONCEPT_NOT_FIT_VALIDATED
DUC-F-09974,p4-4x2,Yellow,#F4EE2A,64,9974,38.0,10.0,153.6,0,CONCEPT_NOT_FIT_VALIDATED
DUC-F-09975,p4-4x2,Yellow,#F4EE2A,64,9975,38.0,18.0,153.6,0,CONCEPT_NOT_FIT_VALIDATED
DUC-F-09976,p4-4x2,Yellow,#F4EE2A,64,9976,38.0,26.0,153.6,0,CONCEPT_NOT_FIT_VALIDATED
DUC-F-09977,p4-2x2,Yellow,#F4EE2A,64,9977,34.0,34.0,153.6,0,CONCEPT_NOT_FIT_VALIDATED
DUC-F-09978,p4-1x1,Yellow,#F4EE2A,64,9978,32.0,40.0,153.6,0,CONCEPT_NOT_FIT_VALIDATED
DUC-F-09979,p4-1x1,Yellow,#F4EE2A,64,9979,36.0,-52.0,153.6,0,CONCEPT_NOT_FIT_VALIDATED
DUC-F-09980,p4-1x1,Yellow,#F4EE2A,64,9980,40.0,32.0,153.6,0,CONCEPT_NOT_FIT_VALIDATED
DUC-F-09981,p4-2x1,Yellow,#F4EE2A,64,9981,48.0,-38.0,153.6,90,CONCEPT_NOT_FIT_VALIDATED
DUC-F-09982,p4-2x2,Yellow,#F4EE2A,64,9982,50.0,-30.0,153.6,0,CONCEPT_NOT_FIT_VALIDATED
DUC-F-09983,p4-3x2,Yellow,#F4EE2A,64,9983,52.0,-22.0,153.6,0,CONCEPT_NOT_FIT_VALIDATED
DUC-F-09984,p4-3x2,Yellow,#F4EE2A,64,9984,52.0,-14.0,153.6,0,CONCEPT_NOT_FIT_VALIDATED
DUC-F-09985,p4-3x2,Yellow,#F4EE2A,64,9985,52.0,-6.0,153.6,0,CONCEPT_NOT_FIT_VALIDATED
DUC-F-09986,p4-3x2,Yellow,#F4EE2A,64,9986,52.0,2.0,153.6,0,CONCEPT_NOT_FIT_VALIDATED
DUC-F-09987,p4-3x2,Yellow,#F4EE2A,64,9987,52.0,10.0,153.6,0,CONCEPT_NOT_FIT_VALIDATED
DUC-F-09988,p4-2x2,Yellow,#F4EE2A,64,9988,50.0,18.0,153.6,0,CONCEPT_NOT_FIT_VALIDATED
DUC-F-09989,p4-1x1,Yellow,#F4EE2A,64,9989,48.0,24.0,153.6,0,CONCEPT_NOT_FIT_VALIDATED
DUC-F-09990,p4-1x1,Yellow,#F4EE2A,64,9990,52.0,-36.0,153.6,0,CONCEPT_NOT_FIT_VALIDATED
DUC-F-09991,p4-1x1,Yellow,#F4EE2A,64,9991,56.0,-28.0,153.6,0,CONCEPT_NOT_FIT_VALIDATED
DUC-F-09992,p4-1x1,Yellow,#F4EE2A,64,9992,60.0,-8.0,153.6,0,CONCEPT_NOT_FIT_VALIDATED
DUC-F-09993,p4-3x2,Yellow,#F4EE2A,65,9993,-14.0,-56.0,156.0,90,CONCEPT_NOT_FIT_VALIDATED
DUC-F-09994,p4-3x2,Yellow,#F4EE2A,65,9994,-6.0,-56.0,156.0,90,CONCEPT_NOT_FIT_VALIDATED
DUC-F-09995,p4-3x2,Yellow,#F4EE2A,65,9995,2.0,-56.0,156.0,90,CONCEPT_NOT_FIT_VALIDATED
DUC-F-09996,p4-3x2,Yellow,#F4EE2A,65,9996,10.0,-56.0,156.0,90,CONCEPT_NOT_FIT_VALIDATED
DUC-F-09997,p4-3x1,Yellow,#F4EE2A,65,9997,16.0,-56.0,156.0,90,CONCEPT_NOT_FIT_VALIDATED
DUC-F-09998,p4-2x1,Yellow,#F4EE2A,65,9998,-28.0,-54.0,156.0,90,CONCEPT_NOT_FIT_VALIDATED
DUC-F-09999,p4-2x2,Yellow,#F4EE2A,65,9999,-22.0,-54.0,156.0,0,CONCEPT_NOT_FIT_VALIDATED
DUC-F-10000,p4-2x1,Yellow,#F4EE2A,65,10000,20.0,-54.0,156.0,90,CONCEPT_NOT_FIT_VALIDATED
DUC-F-10001,p4-2x2,Yellow,#F4EE2A,65,10001,26.0,-54.0,156.0,0,CONCEPT_NOT_FIT_VALIDATED
DUC-F-10002,p4-1x1,Yellow,#F4EE2A,65,10002,-36.0,-52.0,156.0,0,CONCEPT_NOT_FIT_VALIDATED
DUC-F-10003,p4-1x1,Yellow,#F4EE2A,65,10003,-32.0,-52.0,156.0,0,CONCEPT_NOT_FIT_VALIDATED
DUC-F-10004,p4-1x1,Yellow,#F4EE2A,65,10004,32.0,-52.0,156.0,0,CONCEPT_NOT_FIT_VALIDATED
DUC-F-10005,p4-4x2,Yellow,#F4EE2A,65,10005,-38.0,-42.0,156.0,90,CONCEPT_NOT_FIT_VALIDATED
DUC-F-10006,p4-4x2,Yellow,#F4EE2A,65,10006,-30.0,-42.0,156.0,90,CONCEPT_NOT_FIT_VALIDATED
DUC-F-10007,p4-4x2,Yellow,#F4EE2A,65,10007,-22.0,-42.0,156.0,90,CONCEPT_NOT_FIT_VALIDATED
DUC-F-10008,p4-4x2,Yellow,#F4EE2A,65,10008,-14.0,-42.0,156.0,90,CONCEPT_NOT_FIT_VALIDATED
DUC-F-10009,p4-4x2,Yellow,#F4EE2A,65,10009,-6.0,-42.0,156.0,90,CONCEPT_NOT_FIT_VALIDATED
DUC-F-10010,p4-4x2,Yellow,#F4EE2A,65,10010,2.0,-42.0,156.0,90,CONCEPT_NOT_FIT_VALIDATED
DUC-F-10011,p4-4x2,Yellow,#F4EE2A,65,10011,10.0,-42.0,156.0,90,CONCEPT_NOT_FIT_VALIDATED
DUC-F-10012,p4-4x2,Yellow,#F4EE2A,65,10012,18.0,-42.0,156.0,90,CONCEPT_NOT_FIT_VALIDATED
DUC-F-10013,p4-4x2,Yellow,#F4EE2A,65,10013,26.0,-42.0,156.0,90,CONCEPT_NOT_FIT_VALIDATED
DUC-F-10014,p4-4x2,Yellow,#F4EE2A,65,10014,34.0,-42.0,156.0,90,CONCEPT_NOT_FIT_VALIDATED
DUC-F-10015,p4-4x1,Yellow,#F4EE2A,65,10015,40.0,-42.0,156.0,90,CONCEPT_NOT_FIT_VALIDATED
DUC-F-10016,p4-3x1,Yellow,#F4EE2A,65,10016,-44.0,-40.0,156.0,90,CONCEPT_NOT_FIT_VALIDATED
DUC-F-10017,p4-3x1,Yellow,#F4EE2A,65,10017,44.0,-40.0,156.0,90,CONCEPT_NOT_FIT_VALIDATED
DUC-F-10018,p4-2x1,Yellow,#F4EE2A,65,10018,-48.0,-38.0,156.0,90,CONCEPT_NOT_FIT_VALIDATED
DUC-F-10019,p4-2x1,Yellow,#F4EE2A,65,10019,48.0,-38.0,156.0,90,CONCEPT_NOT_FIT_VALIDATED
DUC-F-10020,p4-4x1,Yellow,#F4EE2A,65,10020,-52.0,-26.0,156.0,90,CONCEPT_NOT_FIT_VALIDATED
DUC-F-10021,p4-4x2,Yellow,#F4EE2A,65,10021,-46.0,-26.0,156.0,90,CONCEPT_NOT_FIT_VALIDATED
DUC-F-10022,p4-4x2,Yellow,#F4EE2A,65,10022,-38.0,-26.0,156.0,90,CONCEPT_NOT_FIT_VALIDATED
DUC-F-10023,p4-4x2,Yellow,#F4EE2A,65,10023,-30.0,-26.0,156.0,90,CONCEPT_NOT_FIT_VALIDATED
DUC-F-10024,p4-4x2,Yellow,#F4EE2A,65,10024,-22.0,-26.0,156.0,90,CONCEPT_NOT_FIT_VALIDATED
DUC-F-10025,p4-4x2,Yellow,#F4EE2A,65,10025,-14.0,-26.0,156.0,90,CONCEPT_NOT_FIT_VALIDATED
DUC-F-10026,p4-4x2,Yellow,#F4EE2A,65,10026,-6.0,-26.0,156.0,90,CONCEPT_NOT_FIT_VALIDATED
DUC-F-10027,p4-4x2,Yellow,#F4EE2A,65,10027,2.0,-26.0,156.0,90,CONCEPT_NOT_FIT_VALIDATED
DUC-F-10028,p4-4x2,Yellow,#F4EE2A,65,10028,10.0,-26.0,156.0,90,CONCEPT_NOT_FIT_VALIDATED
DUC-F-10029,p4-4x2,Yellow,#F4EE2A,65,10029,18.0,-26.0,156.0,90,CONCEPT_NOT_FIT_VALIDATED
DUC-F-10030,p4-4x2,Yellow,#F4EE2A,65,10030,26.0,-26.0,156.0,90,CONCEPT_NOT_FIT_VALIDATED
DUC-F-10031,p4-4x2,Yellow,#F4EE2A,65,10031,34.0,-26.0,156.0,90,CONCEPT_NOT_FIT_VALIDATED
DUC-F-10032,p4-4x2,Yellow,#F4EE2A,65,10032,42.0,-26.0,156.0,90,CONCEPT_NOT_FIT_VALIDATED
DUC-F-10033,p4-4x2,Yellow,#F4EE2A,65,10033,50.0,-26.0,156.0,90,CONCEPT_NOT_FIT_VALIDATED
DUC-F-10034,p4-2x1,Yellow,#F4EE2A,65,10034,-56.0,-22.0,156.0,90,CONCEPT_NOT_FIT_VALIDATED
DUC-F-10035,p4-2x1,Yellow,#F4EE2A,65,10035,56.0,-22.0,156.0,90,CONCEPT_NOT_FIT_VALIDATED
DUC-F-10036,p4-4x2,Yellow,#F4EE2A,65,10036,-54.0,-10.0,156.0,90,CONCEPT_NOT_FIT_VALIDATED
DUC-F-10037,p4-4x2,Yellow,#F4EE2A,65,10037,-46.0,-10.0,156.0,90,CONCEPT_NOT_FIT_VALIDATED
DUC-F-10038,p4-4x2,Yellow,#F4EE2A,65,10038,-38.0,-10.0,156.0,90,CONCEPT_NOT_FIT_VALIDATED
DUC-F-10039,p4-4x2,Yellow,#F4EE2A,65,10039,-30.0,-10.0,156.0,90,CONCEPT_NOT_FIT_VALIDATED
DUC-F-10040,p4-4x2,Yellow,#F4EE2A,65,10040,-22.0,-10.0,156.0,90,CONCEPT_NOT_FIT_VALIDATED
DUC-F-10041,p4-4x2,Yellow,#F4EE2A,65,10041,-14.0,-10.0,156.0,90,CONCEPT_NOT_FIT_VALIDATED
DUC-F-10042,p4-4x2,Yellow,#F4EE2A,65,10042,-6.0,-10.0,156.0,90,CONCEPT_NOT_FIT_VALIDATED
DUC-F-10043,p4-4x2,Yellow,#F4EE2A,65,10043,2.0,-10.0,156.0,90,CONCEPT_NOT_FIT_VALIDATED
DUC-F-10044,p4-4x2,Yellow,#F4EE2A,65,10044,10.0,-10.0,156.0,90,CONCEPT_NOT_FIT_VALIDATED
DUC-F-10045,p4-4x2,Yellow,#F4EE2A,65,10045,18.0,-10.0,156.0,90,CONCEPT_NOT_FIT_VALIDATED
DUC-F-10046,p4-4x2,Yellow,#F4EE2A,65,10046,26.0,-10.0,156.0,90,CONCEPT_NOT_FIT_VALIDATED
DUC-F-10047,p4-4x2,Yellow,#F4EE2A,65,10047,34.0,-10.0,156.0,90,CONCEPT_NOT_FIT_VALIDATED
DUC-F-10048,p4-4x2,Yellow,#F4EE2A,65,10048,42.0,-10.0,156.0,90,CONCEPT_NOT_FIT_VALIDATED
DUC-F-10049,p4-4x2,Yellow,#F4EE2A,65,10049,50.0,-10.0,156.0,90,CONCEPT_NOT_FIT_VALIDATED
DUC-F-10050,p4-4x1,Yellow,#F4EE2A,65,10050,56.0,-10.0,156.0,90,CONCEPT_NOT_FIT_VALIDATED
DUC-F-10051,p4-2x2,Yellow,#F4EE2A,65,10051,-54.0,2.0,156.0,0,CONCEPT_NOT_FIT_VALIDATED
DUC-F-10052,p4-4x2,Yellow,#F4EE2A,65,10052,-46.0,6.0,156.0,90,CONCEPT_NOT_FIT_VALIDATED
DUC-F-10053,p4-4x2,Yellow,#F4EE2A,65,10053,-38.0,6.0,156.0,90,CONCEPT_NOT_FIT_VALIDATED
DUC-F-10054,p4-4x2,Yellow,#F4EE2A,65,10054,-30.0,6.0,156.0,90,CONCEPT_NOT_FIT_VALIDATED
DUC-F-10055,p4-4x2,Yellow,#F4EE2A,65,10055,-22.0,6.0,156.0,90,CONCEPT_NOT_FIT_VALIDATED
DUC-F-10056,p4-4x2,Yellow,#F4EE2A,65,10056,-14.0,6.0,156.0,90,CONCEPT_NOT_FIT_VALIDATED
DUC-F-10057,p4-4x2,Yellow,#F4EE2A,65,10057,-6.0,6.0,156.0,90,CONCEPT_NOT_FIT_VALIDATED
DUC-F-10058,p4-4x2,Yellow,#F4EE2A,65,10058,2.0,6.0,156.0,90,CONCEPT_NOT_FIT_VALIDATED
DUC-F-10059,p4-4x2,Yellow,#F4EE2A,65,10059,10.0,6.0,156.0,90,CONCEPT_NOT_FIT_VALIDATED
DUC-F-10060,p4-4x2,Yellow,#F4EE2A,65,10060,18.0,6.0,156.0,90,CONCEPT_NOT_FIT_VALIDATED
DUC-F-10061,p4-4x2,Yellow,#F4EE2A,65,10061,26.0,6.0,156.0,90,CONCEPT_NOT_FIT_VALIDATED
DUC-F-10062,p4-4x2,Yellow,#F4EE2A,65,10062,34.0,6.0,156.0,90,CONCEPT_NOT_FIT_VALIDATED
DUC-F-10063,p4-4x2,Yellow,#F4EE2A,65,10063,42.0,6.0,156.0,90,CONCEPT_NOT_FIT_VALIDATED
DUC-F-10064,p4-4x2,Yellow,#F4EE2A,65,10064,50.0,6.0,156.0,90,CONCEPT_NOT_FIT_VALIDATED
DUC-F-10065,p4-2x1,Yellow,#F4EE2A,65,10065,56.0,2.0,156.0,90,CONCEPT_NOT_FIT_VALIDATED
DUC-F-10066,p4-2x1,Yellow,#F4EE2A,65,10066,-52.0,10.0,156.0,90,CONCEPT_NOT_FIT_VALIDATED
DUC-F-10067,p4-1x1,Yellow,#F4EE2A,65,10067,-52.0,16.0,156.0,0,CONCEPT_NOT_FIT_VALIDATED
DUC-F-10068,p4-3x2,Yellow,#F4EE2A,65,10068,-46.0,20.0,156.0,90,CONCEPT_NOT_FIT_VALIDATED
DUC-F-10069,p4-4x2,Yellow,#F4EE2A,65,10069,-38.0,22.0,156.0,90,CONCEPT_NOT_FIT_VALIDATED
DUC-F-10070,p4-4x2,Yellow,#F4EE2A,65,10070,-30.0,22.0,156.0,90,CONCEPT_NOT_FIT_VALIDATED
DUC-F-10071,p4-4x2,Yellow,#F4EE2A,65,10071,-22.0,22.0,156.0,90,CONCEPT_NOT_FIT_VALIDATED
DUC-F-10072,p4-4x2,Yellow,#F4EE2A,65,10072,-14.0,22.0,156.0,90,CONCEPT_NOT_FIT_VALIDATED
DUC-F-10073,p4-4x2,Yellow,#F4EE2A,65,10073,-6.0,22.0,156.0,90,CONCEPT_NOT_FIT_VALIDATED
DUC-F-10074,p4-4x2,Yellow,#F4EE2A,65,10074,2.0,22.0,156.0,90,CONCEPT_NOT_FIT_VALIDATED
DUC-F-10075,p4-4x2,Yellow,#F4EE2A,65,10075,10.0,22.0,156.0,90,CONCEPT_NOT_FIT_VALIDATED
DUC-F-10076,p4-4x2,Yellow,#F4EE2A,65,10076,18.0,22.0,156.0,90,CONCEPT_NOT_FIT_VALIDATED
DUC-F-10077,p4-4x2,Yellow,#F4EE2A,65,10077,26.0,22.0,156.0,90,CONCEPT_NOT_FIT_VALIDATED
DUC-F-10078,p4-4x2,Yellow,#F4EE2A,65,10078,34.0,22.0,156.0,90,CONCEPT_NOT_FIT_VALIDATED
DUC-F-10079,p4-4x2,Yellow,#F4EE2A,65,10079,42.0,22.0,156.0,90,CONCEPT_NOT_FIT_VALIDATED
DUC-F-10080,p4-2x1,Yellow,#F4EE2A,65,10080,48.0,18.0,156.0,90,CONCEPT_NOT_FIT_VALIDATED
DUC-F-10081,p4-1x1,Yellow,#F4EE2A,65,10081,52.0,16.0,156.0,0,CONCEPT_NOT_FIT_VALIDATED
DUC-F-10082,p4-1x1,Yellow,#F4EE2A,65,10082,-44.0,28.0,156.0,0,CONCEPT_NOT_FIT_VALIDATED
DUC-F-10083,p4-2x1,Yellow,#F4EE2A,65,10083,-38.0,32.0,156.0,0,CONCEPT_NOT_FIT_VALIDATED
DUC-F-10084,p4-2x2,Yellow,#F4EE2A,65,10084,-30.0,34.0,156.0,0,CONCEPT_NOT_FIT_VALIDATED
DUC-F-10085,p4-3x2,Yellow,#F4EE2A,65,10085,-22.0,36.0,156.0,90,CONCEPT_NOT_FIT_VALIDATED
DUC-F-10086,p4-4x2,Yellow,#F4EE2A,65,10086,-14.0,38.0,156.0,90,CONCEPT_NOT_FIT_VALIDATED
DUC-F-10087,p4-4x2,Yellow,#F4EE2A,65,10087,-6.0,38.0,156.0,90,CONCEPT_NOT_FIT_VALIDATED
DUC-F-10088,p4-4x2,Yellow,#F4EE2A,65,10088,2.0,38.0,156.0,90,CONCEPT_NOT_FIT_VALIDATED
DUC-F-10089,p4-4x2,Yellow,#F4EE2A,65,10089,10.0,38.0,156.0,90,CONCEPT_NOT_FIT_VALIDATED
DUC-F-10090,p4-4x2,Yellow,#F4EE2A,65,10090,18.0,38.0,156.0,90,CONCEPT_NOT_FIT_VALIDATED
DUC-F-10091,p4-3x2,Yellow,#F4EE2A,65,10091,26.0,36.0,156.0,90,CONCEPT_NOT_FIT_VALIDATED
DUC-F-10092,p4-2x2,Yellow,#F4EE2A,65,10092,34.0,34.0,156.0,0,CONCEPT_NOT_FIT_VALIDATED
DUC-F-10093,p4-1x1,Yellow,#F4EE2A,65,10093,40.0,32.0,156.0,0,CONCEPT_NOT_FIT_VALIDATED
DUC-F-10094,p4-1x1,Yellow,#F4EE2A,65,10094,-36.0,36.0,156.0,0,CONCEPT_NOT_FIT_VALIDATED
DUC-F-10095,p4-1x1,Yellow,#F4EE2A,65,10095,-28.0,40.0,156.0,0,CONCEPT_NOT_FIT_VALIDATED
DUC-F-10096,p4-1x1,Yellow,#F4EE2A,65,10096,-20.0,44.0,156.0,0,CONCEPT_NOT_FIT_VALIDATED
DUC-F-10097,p4-1x1,Yellow,#F4EE2A,66,10097,-56.0,-8.0,158.4,0,CONCEPT_NOT_FIT_VALIDATED
DUC-F-10098,p4-4x2,Yellow,#F4EE2A,66,10098,-46.0,-26.0,158.4,0,CONCEPT_NOT_FIT_VALIDATED
DUC-F-10099,p4-4x2,Yellow,#F4EE2A,66,10099,-46.0,-18.0,158.4,0,CONCEPT_NOT_FIT_VALIDATED
DUC-F-10100,p4-4x2,Yellow,#F4EE2A,66,10100,-46.0,-10.0,158.4,0,CONCEPT_NOT_FIT_VALIDATED
DUC-F-10101,p4-4x2,Yellow,#F4EE2A,66,10101,-46.0,-2.0,158.4,0,CONCEPT_NOT_FIT_VALIDATED
DUC-F-10102,p4-4x2,Yellow,#F4EE2A,66,10102,-46.0,6.0,158.4,0,CONCEPT_NOT_FIT_VALIDATED
DUC-F-10103,p4-4x1,Yellow,#F4EE2A,66,10103,-46.0,12.0,158.4,0,CONCEPT_NOT_FIT_VALIDATED
DUC-F-10104,p4-3x2,Yellow,#F4EE2A,66,10104,-44.0,-34.0,158.4,0,CONCEPT_NOT_FIT_VALIDATED
DUC-F-10105,p4-3x1,Yellow,#F4EE2A,66,10105,-44.0,16.0,158.4,0,CONCEPT_NOT_FIT_VALIDATED
DUC-F-10106,p4-3x1,Yellow,#F4EE2A,66,10106,-44.0,20.0,158.4,0,CONCEPT_NOT_FIT_VALIDATED
DUC-F-10107,p4-2x1,Yellow,#F4EE2A,66,10107,-42.0,-40.0,158.4,0,CONCEPT_NOT_FIT_VALIDATED
DUC-F-10108,p4-2x1,Yellow,#F4EE2A,66,10108,-42.0,24.0,158.4,0,CONCEPT_NOT_FIT_VALIDATED
DUC-F-10109,p4-1x1,Yellow,#F4EE2A,66,10109,-40.0,-44.0,158.4,0,CONCEPT_NOT_FIT_VALIDATED
DUC-F-10110,p4-1x1,Yellow,#F4EE2A,66,10110,-40.0,28.0,158.4,0,CONCEPT_NOT_FIT_VALIDATED
DUC-F-10111,p4-4x1,Yellow,#F4EE2A,66,10111,-30.0,-48.0,158.4,0,CONCEPT_NOT_FIT_VALIDATED
DUC-F-10112,p4-4x2,Yellow,#F4EE2A,66,10112,-30.0,-42.0,158.4,0,CONCEPT_NOT_FIT_VALIDATED
DUC-F-10113,p4-4x2,Yellow,#F4EE2A,66,10113,-30.0,-34.0,158.4,0,CONCEPT_NOT_FIT_VALIDATED
DUC-F-10114,p4-4x2,Yellow,#F4EE2A,66,10114,-30.0,-26.0,158.4,0,CONCEPT_NOT_FIT_VALIDATED
DUC-F-10115,p4-4x2,Yellow,#F4EE2A,66,10115,-30.0,-18.0,158.4,0,CONCEPT_NOT_FIT_VALIDATED
DUC-F-10116,p4-4x2,Yellow,#F4EE2A,66,10116,-30.0,-10.0,158.4,0,CONCEPT_NOT_FIT_VALIDATED
DUC-F-10117,p4-4x2,Yellow,#F4EE2A,66,10117,-30.0,-2.0,158.4,0,CONCEPT_NOT_FIT_VALIDATED
DUC-F-10118,p4-4x2,Yellow,#F4EE2A,66,10118,-30.0,6.0,158.4,0,CONCEPT_NOT_FIT_VALIDATED
DUC-F-10119,p4-4x2,Yellow,#F4EE2A,66,10119,-30.0,14.0,158.4,0,CONCEPT_NOT_FIT_VALIDATED
DUC-F-10120,p4-4x2,Yellow,#F4EE2A,66,10120,-30.0,22.0,158.4,0,CONCEPT_NOT_FIT_VALIDATED
DUC-F-10121,p4-4x2,Yellow,#F4EE2A,66,10121,-30.0,30.0,158.4,0,CONCEPT_NOT_FIT_VALIDATED
DUC-F-10122,p4-3x1,Yellow,#F4EE2A,66,10122,-28.0,36.0,158.4,0,CONCEPT_NOT_FIT_VALIDATED
DUC-F-10123,p4-2x1,Yellow,#F4EE2A,66,10123,-26.0,-52.0,158.4,0,CONCEPT_NOT_FIT_VALIDATED
DUC-F-10124,p4-1x1,Yellow,#F4EE2A,66,10124,-24.0,40.0,158.4,0,CONCEPT_NOT_FIT_VALIDATED
DUC-F-10125,p4-4x1,Yellow,#F4EE2A,66,10125,-14.0,-56.0,158.4,0,CONCEPT_NOT_FIT_VALIDATED
DUC-F-10126,p4-4x2,Yellow,#F4EE2A,66,10126,-14.0,-50.0,158.4,0,CONCEPT_NOT_FIT_VALIDATED
DUC-F-10127,p4-4x2,Yellow,#F4EE2A,66,10127,-14.0,-42.0,158.4,0,CONCEPT_NOT_FIT_VALIDATED
DUC-F-10128,p4-4x2,Yellow,#F4EE2A,66,10128,-14.0,-34.0,158.4,0,CONCEPT_NOT_FIT_VALIDATED
DUC-F-10129,p4-4x2,Yellow,#F4EE2A,66,10129,-14.0,-26.0,158.4,0,CONCEPT_NOT_FIT_VALIDATED
DUC-F-10130,p4-4x2,Yellow,#F4EE2A,66,10130,-14.0,-18.0,158.4,0,CONCEPT_NOT_FIT_VALIDATED
DUC-F-10131,p4-4x2,Yellow,#F4EE2A,66,10131,-14.0,-10.0,158.4,0,CONCEPT_NOT_FIT_VALIDATED
DUC-F-10132,p4-4x2,Yellow,#F4EE2A,66,10132,-14.0,-2.0,158.4,0,CONCEPT_NOT_FIT_VALIDATED
DUC-F-10133,p4-4x2,Yellow,#F4EE2A,66,10133,-14.0,6.0,158.4,0,CONCEPT_NOT_FIT_VALIDATED
DUC-F-10134,p4-4x2,Yellow,#F4EE2A,66,10134,-14.0,14.0,158.4,0,CONCEPT_NOT_FIT_VALIDATED
DUC-F-10135,p4-4x2,Yellow,#F4EE2A,66,10135,-14.0,22.0,158.4,0,CONCEPT_NOT_FIT_VALIDATED
DUC-F-10136,p4-4x2,Yellow,#F4EE2A,66,10136,-14.0,30.0,158.4,0,CONCEPT_NOT_FIT_VALIDATED
DUC-F-10137,p4-4x2,Yellow,#F4EE2A,66,10137,-14.0,38.0,158.4,0,CONCEPT_NOT_FIT_VALIDATED
DUC-F-10138,p4-2x1,Yellow,#F4EE2A,66,10138,-10.0,44.0,158.4,0,CONCEPT_NOT_FIT_VALIDATED
DUC-F-10139,p4-4x1,Yellow,#F4EE2A,66,10139,2.0,-56.0,158.4,0,CONCEPT_NOT_FIT_VALIDATED
DUC-F-10140,p4-4x2,Yellow,#F4EE2A,66,10140,2.0,-50.0,158.4,0,CONCEPT_NOT_FIT_VALIDATED
DUC-F-10141,p4-4x2,Yellow,#F4EE2A,66,10141,2.0,-42.0,158.4,0,CONCEPT_NOT_FIT_VALIDATED
DUC-F-10142,p4-4x2,Yellow,#F4EE2A,66,10142,2.0,-34.0,158.4,0,CONCEPT_NOT_FIT_VALIDATED
DUC-F-10143,p4-4x2,Yellow,#F4EE2A,66,10143,2.0,-26.0,158.4,0,CONCEPT_NOT_FIT_VALIDATED
DUC-F-10144,p4-4x2,Yellow,#F4EE2A,66,10144,2.0,-18.0,158.4,0,CONCEPT_NOT_FIT_VALIDATED
DUC-F-10145,p4-4x2,Yellow,#F4EE2A,66,10145,2.0,-10.0,158.4,0,CONCEPT_NOT_FIT_VALIDATED
DUC-F-10146,p4-4x2,Yellow,#F4EE2A,66,10146,2.0,-2.0,158.4,0,CONCEPT_NOT_FIT_VALIDATED
DUC-F-10147,p4-4x2,Yellow,#F4EE2A,66,10147,2.0,6.0,158.4,0,CONCEPT_NOT_FIT_VALIDATED
DUC-F-10148,p4-4x2,Yellow,#F4EE2A,66,10148,2.0,14.0,158.4,0,CONCEPT_NOT_FIT_VALIDATED
DUC-F-10149,p4-4x2,Yellow,#F4EE2A,66,10149,2.0,22.0,158.4,0,CONCEPT_NOT_FIT_VALIDATED
DUC-F-10150,p4-4x2,Yellow,#F4EE2A,66,10150,2.0,30.0,158.4,0,CONCEPT_NOT_FIT_VALIDATED
DUC-F-10151,p4-4x2,Yellow,#F4EE2A,66,10151,2.0,38.0,158.4,0,CONCEPT_NOT_FIT_VALIDATED
DUC-F-10152,p4-4x1,Yellow,#F4EE2A,66,10152,2.0,44.0,158.4,0,CONCEPT_NOT_FIT_VALIDATED
DUC-F-10153,p4-4x1,Yellow,#F4EE2A,66,10153,18.0,-56.0,158.4,0,CONCEPT_NOT_FIT_VALIDATED
DUC-F-10154,p4-4x2,Yellow,#F4EE2A,66,10154,18.0,-50.0,158.4,0,CONCEPT_NOT_FIT_VALIDATED
DUC-F-10155,p4-4x2,Yellow,#F4EE2A,66,10155,18.0,-42.0,158.4,0,CONCEPT_NOT_FIT_VALIDATED
DUC-F-10156,p4-4x2,Yellow,#F4EE2A,66,10156,18.0,-34.0,158.4,0,CONCEPT_NOT_FIT_VALIDATED
DUC-F-10157,p4-4x2,Yellow,#F4EE2A,66,10157,18.0,-26.0,158.4,0,CONCEPT_NOT_FIT_VALIDATED
DUC-F-10158,p4-4x2,Yellow,#F4EE2A,66,10158,18.0,-18.0,158.4,0,CONCEPT_NOT_FIT_VALIDATED
DUC-F-10159,p4-4x2,Yellow,#F4EE2A,66,10159,18.0,-10.0,158.4,0,CONCEPT_NOT_FIT_VALIDATED
DUC-F-10160,p4-4x2,Yellow,#F4EE2A,66,10160,18.0,-2.0,158.4,0,CONCEPT_NOT_FIT_VALIDATED
DUC-F-10161,p4-4x2,Yellow,#F4EE2A,66,10161,18.0,6.0,158.4,0,CONCEPT_NOT_FIT_VALIDATED
DUC-F-10162,p4-4x2,Yellow,#F4EE2A,66,10162,18.0,14.0,158.4,0,CONCEPT_NOT_FIT_VALIDATED
DUC-F-10163,p4-4x2,Yellow,#F4EE2A,66,10163,18.0,22.0,158.4,0,CONCEPT_NOT_FIT_VALIDATED
DUC-F-10164,p4-4x2,Yellow,#F4EE2A,66,10164,18.0,30.0,158.4,0,CONCEPT_NOT_FIT_VALIDATED
DUC-F-10165,p4-4x2,Yellow,#F4EE2A,66,10165,18.0,38.0,158.4,0,CONCEPT_NOT_FIT_VALIDATED
DUC-F-10166,p4-1x1,Yellow,#F4EE2A,66,10166,12.0,44.0,158.4,0,CONCEPT_NOT_FIT_VALIDATED
DUC-F-10167,p4-2x2,Yellow,#F4EE2A,66,10167,30.0,-50.0,158.4,0,CONCEPT_NOT_FIT_VALIDATED
DUC-F-10168,p4-4x2,Yellow,#F4EE2A,66,10168,34.0,-42.0,158.4,0,CONCEPT_NOT_FIT_VALIDATED
DUC-F-10169,p4-4x2,Yellow,#F4EE2A,66,10169,34.0,-34.0,158.4,0,CONCEPT_NOT_FIT_VALIDATED
DUC-F-10170,p4-4x2,Yellow,#F4EE2A,66,10170,34.0,-26.0,158.4,0,CONCEPT_NOT_FIT_VALIDATED
DUC-F-10171,p4-4x2,Yellow,#F4EE2A,66,10171,34.0,-18.0,158.4,0,CONCEPT_NOT_FIT_VALIDATED
DUC-F-10172,p4-4x2,Yellow,#F4EE2A,66,10172,34.0,-10.0,158.4,0,CONCEPT_NOT_FIT_VALIDATED
DUC-F-10173,p4-4x2,Yellow,#F4EE2A,66,10173,34.0,-2.0,158.4,0,CONCEPT_NOT_FIT_VALIDATED
DUC-F-10174,p4-4x2,Yellow,#F4EE2A,66,10174,34.0,6.0,158.4,0,CONCEPT_NOT_FIT_VALIDATED
DUC-F-10175,p4-4x2,Yellow,#F4EE2A,66,10175,34.0,14.0,158.4,0,CONCEPT_NOT_FIT_VALIDATED
DUC-F-10176,p4-4x2,Yellow,#F4EE2A,66,10176,34.0,22.0,158.4,0,CONCEPT_NOT_FIT_VALIDATED
DUC-F-10177,p4-3x2,Yellow,#F4EE2A,66,10177,32.0,30.0,158.4,0,CONCEPT_NOT_FIT_VALIDATED
DUC-F-10178,p4-2x1,Yellow,#F4EE2A,66,10178,30.0,36.0,158.4,0,CONCEPT_NOT_FIT_VALIDATED
DUC-F-10179,p4-1x1,Yellow,#F4EE2A,66,10179,36.0,-48.0,158.4,0,CONCEPT_NOT_FIT_VALIDATED
DUC-F-10180,p4-1x1,Yellow,#F4EE2A,66,10180,40.0,28.0,158.4,0,CONCEPT_NOT_FIT_VALIDATED
DUC-F-10181,p4-1x1,Yellow,#F4EE2A,66,10181,44.0,-40.0,158.4,0,CONCEPT_NOT_FIT_VALIDATED
DUC-F-10182,p4-2x2,Yellow,#F4EE2A,66,10182,46.0,-34.0,158.4,0,CONCEPT_NOT_FIT_VALIDATED
DUC-F-10183,p4-3x2,Yellow,#F4EE2A,66,10183,48.0,-26.0,158.4,0,CONCEPT_NOT_FIT_VALIDATED
DUC-F-10184,p4-3x2,Yellow,#F4EE2A,66,10184,48.0,-18.0,158.4,0,CONCEPT_NOT_FIT_VALIDATED
DUC-F-10185,p4-3x2,Yellow,#F4EE2A,66,10185,48.0,-10.0,158.4,0,CONCEPT_NOT_FIT_VALIDATED
DUC-F-10186,p4-3x2,Yellow,#F4EE2A,66,10186,48.0,-2.0,158.4,0,CONCEPT_NOT_FIT_VALIDATED
DUC-F-10187,p4-3x2,Yellow,#F4EE2A,66,10187,48.0,6.0,158.4,0,CONCEPT_NOT_FIT_VALIDATED
DUC-F-10188,p4-2x2,Yellow,#F4EE2A,66,10188,46.0,14.0,158.4,0,CONCEPT_NOT_FIT_VALIDATED
DUC-F-10189,p4-2x1,Yellow,#F4EE2A,66,10189,46.0,20.0,158.4,0,CONCEPT_NOT_FIT_VALIDATED
DUC-F-10190,p4-1x1,Yellow,#F4EE2A,66,10190,44.0,24.0,158.4,0,CONCEPT_NOT_FIT_VALIDATED
DUC-F-10191,p4-1x1,Yellow,#F4EE2A,66,10191,52.0,12.0,158.4,0,CONCEPT_NOT_FIT_VALIDATED
DUC-F-10192,p4-1x1,Yellow,#F4EE2A,66,10192,56.0,-8.0,158.4,0,CONCEPT_NOT_FIT_VALIDATED
DUC-F-10193,p4-1x1,Yellow,#F4EE2A,67,10193,-16.0,-56.0,160.8,0,CONCEPT_NOT_FIT_VALIDATED
DUC-F-10194,p4-2x1,Yellow,#F4EE2A,67,10194,-10.0,-56.0,160.8,0,CONCEPT_NOT_FIT_VALIDATED
DUC-F-10195,p4-2x1,Yellow,#F4EE2A,67,10195,-2.0,-56.0,160.8,0,CONCEPT_NOT_FIT_VALIDATED
DUC-F-10196,p4-2x1,Yellow,#F4EE2A,67,10196,6.0,-56.0,160.8,0,CONCEPT_NOT_FIT_VALIDATED
DUC-F-10197,p4-2x1,Yellow,#F4EE2A,67,10197,14.0,-56.0,160.8,0,CONCEPT_NOT_FIT_VALIDATED
DUC-F-10198,p4-4x1,Yellow,#F4EE2A,67,10198,-24.0,-46.0,160.8,90,CONCEPT_NOT_FIT_VALIDATED
DUC-F-10199,p4-4x2,Yellow,#F4EE2A,67,10199,-18.0,-46.0,160.8,90,CONCEPT_NOT_FIT_VALIDATED
DUC-F-10200,p4-4x2,Yellow,#F4EE2A,67,10200,-10.0,-46.0,160.8,90,CONCEPT_NOT_FIT_VALIDATED
DUC-F-10201,p4-4x2,Yellow,#F4EE2A,67,10201,-2.0,-46.0,160.8,90,CONCEPT_NOT_FIT_VALIDATED
DUC-F-10202,p4-4x2,Yellow,#F4EE2A,67,10202,6.0,-46.0,160.8,90,CONCEPT_NOT_FIT_VALIDATED
DUC-F-10203,p4-4x2,Yellow,#F4EE2A,67,10203,14.0,-46.0,160.8,90,CONCEPT_NOT_FIT_VALIDATED
DUC-F-10204,p4-4x2,Yellow,#F4EE2A,67,10204,22.0,-46.0,160.8,90,CONCEPT_NOT_FIT_VALIDATED
DUC-F-10205,p4-3x1,Yellow,#F4EE2A,67,10205,-32.0,-44.0,160.8,90,CONCEPT_NOT_FIT_VALIDATED
DUC-F-10206,p4-3x1,Yellow,#F4EE2A,67,10206,-28.0,-44.0,160.8,90,CONCEPT_NOT_FIT_VALIDATED
DUC-F-10207,p4-3x2,Yellow,#F4EE2A,67,10207,30.0,-44.0,160.8,90,CONCEPT_NOT_FIT_VALIDATED
DUC-F-10208,p4-2x1,Yellow,#F4EE2A,67,10208,-36.0,-42.0,160.8,90,CONCEPT_NOT_FIT_VALIDATED
DUC-F-10209,p4-2x1,Yellow,#F4EE2A,67,10209,36.0,-42.0,160.8,90,CONCEPT_NOT_FIT_VALIDATED
DUC-F-10210,p4-1x1,Yellow,#F4EE2A,67,10210,-40.0,-40.0,160.8,0,CONCEPT_NOT_FIT_VALIDATED
DUC-F-10211,p4-1x1,Yellow,#F4EE2A,67,10211,40.0,-40.0,160.8,0,CONCEPT_NOT_FIT_VALIDATED
DUC-F-10212,p4-4x2,Yellow,#F4EE2A,67,10212,-42.0,-30.0,160.8,90,CONCEPT_NOT_FIT_VALIDATED
DUC-F-10213,p4-4x2,Yellow,#F4EE2A,67,10213,-34.0,-30.0,160.8,90,CONCEPT_NOT_FIT_VALIDATED
DUC-F-10214,p4-4x2,Yellow,#F4EE2A,67,10214,-26.0,-30.0,160.8,90,CONCEPT_NOT_FIT_VALIDATED
DUC-F-10215,p4-4x2,Yellow,#F4EE2A,67,10215,-18.0,-30.0,160.8,90,CONCEPT_NOT_FIT_VALIDATED
DUC-F-10216,p4-4x2,Yellow,#F4EE2A,67,10216,-10.0,-30.0,160.8,90,CONCEPT_NOT_FIT_VALIDATED
DUC-F-10217,p4-4x2,Yellow,#F4EE2A,67,10217,-2.0,-30.0,160.8,90,CONCEPT_NOT_FIT_VALIDATED
DUC-F-10218,p4-4x2,Yellow,#F4EE2A,67,10218,6.0,-30.0,160.8,90,CONCEPT_NOT_FIT_VALIDATED
DUC-F-10219,p4-4x2,Yellow,#F4EE2A,67,10219,14.0,-30.0,160.8,90,CONCEPT_NOT_FIT_VALIDATED
DUC-F-10220,p4-4x2,Yellow,#F4EE2A,67,10220,22.0,-30.0,160.8,90,CONCEPT_NOT_FIT_VALIDATED
DUC-F-10221,p4-4x2,Yellow,#F4EE2A,67,10221,30.0,-30.0,160.8,90,CONCEPT_NOT_FIT_VALIDATED
DUC-F-10222,p4-4x2,Yellow,#F4EE2A,67,10222,38.0,-30.0,160.8,90,CONCEPT_NOT_FIT_VALIDATED
DUC-F-10223,p4-4x1,Yellow,#F4EE2A,67,10223,44.0,-30.0,160.8,90,CONCEPT_NOT_FIT_VALIDATED
DUC-F-10224,p4-3x1,Yellow,#F4EE2A,67,10224,-48.0,-28.0,160.8,90,CONCEPT_NOT_FIT_VALIDATED
DUC-F-10225,p4-3x1,Yellow,#F4EE2A,67,10225,48.0,-28.0,160.8,90,CONCEPT_NOT_FIT_VALIDATED
DUC-F-10226,p4-4x2,Yellow,#F4EE2A,67,10226,-50.0,-14.0,160.8,90,CONCEPT_NOT_FIT_VALIDATED
DUC-F-10227,p4-4x2,Yellow,#F4EE2A,67,10227,-42.0,-14.0,160.8,90,CONCEPT_NOT_FIT_VALIDATED
DUC-F-10228,p4-4x2,Yellow,#F4EE2A,67,10228,-34.0,-14.0,160.8,90,CONCEPT_NOT_FIT_VALIDATED
DUC-F-10229,p4-4x2,Yellow,#F4EE2A,67,10229,-26.0,-14.0,160.8,90,CONCEPT_NOT_FIT_VALIDATED
DUC-F-10230,p4-4x2,Yellow,#F4EE2A,67,10230,-18.0,-14.0,160.8,90,CONCEPT_NOT_FIT_VALIDATED
DUC-F-10231,p4-4x2,Yellow,#F4EE2A,67,10231,-10.0,-14.0,160.8,90,CONCEPT_NOT_FIT_VALIDATED
DUC-F-10232,p4-4x2,Yellow,#F4EE2A,67,10232,-2.0,-14.0,160.8,90,CONCEPT_NOT_FIT_VALIDATED
DUC-F-10233,p4-4x2,Yellow,#F4EE2A,67,10233,6.0,-14.0,160.8,90,CONCEPT_NOT_FIT_VALIDATED
DUC-F-10234,p4-4x2,Yellow,#F4EE2A,67,10234,14.0,-14.0,160.8,90,CONCEPT_NOT_FIT_VALIDATED
DUC-F-10235,p4-4x2,Yellow,#F4EE2A,67,10235,22.0,-14.0,160.8,90,CONCEPT_NOT_FIT_VALIDATED
DUC-F-10236,p4-4x2,Yellow,#F4EE2A,67,10236,30.0,-14.0,160.8,90,CONCEPT_NOT_FIT_VALIDATED
DUC-F-10237,p4-4x2,Yellow,#F4EE2A,67,10237,38.0,-14.0,160.8,90,CONCEPT_NOT_FIT_VALIDATED
DUC-F-10238,p4-4x2,Yellow,#F4EE2A,67,10238,46.0,-14.0,160.8,90,CONCEPT_NOT_FIT_VALIDATED
DUC-F-10239,p4-4x1,Yellow,#F4EE2A,67,10239,52.0,-14.0,160.8,90,CONCEPT_NOT_FIT_VALIDATED
DUC-F-10240,p4-3x2,Yellow,#F4EE2A,67,10240,-50.0,0.0,160.8,90,CONCEPT_NOT_FIT_VALIDATED
DUC-F-10241,p4-4x2,Yellow,#F4EE2A,67,10241,-42.0,2.0,160.8,90,CONCEPT_NOT_FIT_VALIDATED
DUC-F-10242,p4-4x2,Yellow,#F4EE2A,67,10242,-34.0,2.0,160.8,90,CONCEPT_NOT_FIT_VALIDATED
DUC-F-10243,p4-4x2,Yellow,#F4EE2A,67,10243,-26.0,2.0,160.8,90,CONCEPT_NOT_FIT_VALIDATED
DUC-F-10244,p4-4x2,Yellow,#F4EE2A,67,10244,-18.0,2.0,160.8,90,CONCEPT_NOT_FIT_VALIDATED
DUC-F-10245,p4-4x2,Yellow,#F4EE2A,67,10245,-10.0,2.0,160.8,90,CONCEPT_NOT_FIT_VALIDATED
DUC-F-10246,p4-4x2,Yellow,#F4EE2A,67,10246,-2.0,2.0,160.8,90,CONCEPT_NOT_FIT_VALIDATED
DUC-F-10247,p4-4x2,Yellow,#F4EE2A,67,10247,6.0,2.0,160.8,90,CONCEPT_NOT_FIT_VALIDATED
DUC-F-10248,p4-4x2,Yellow,#F4EE2A,67,10248,14.0,2.0,160.8,90,CONCEPT_NOT_FIT_VALIDATED
DUC-F-10249,p4-4x2,Yellow,#F4EE2A,67,10249,22.0,2.0,160.8,90,CONCEPT_NOT_FIT_VALIDATED
DUC-F-10250,p4-4x2,Yellow,#F4EE2A,67,10250,30.0,2.0,160.8,90,CONCEPT_NOT_FIT_VALIDATED
DUC-F-10251,p4-4x2,Yellow,#F4EE2A,67,10251,38.0,2.0,160.8,90,CONCEPT_NOT_FIT_VALIDATED
DUC-F-10252,p4-4x2,Yellow,#F4EE2A,67,10252,46.0,2.0,160.8,90,CONCEPT_NOT_FIT_VALIDATED
DUC-F-10253,p4-3x1,Yellow,#F4EE2A,67,10253,52.0,0.0,160.8,90,CONCEPT_NOT_FIT_VALIDATED
DUC-F-10254,p4-1x1,Yellow,#F4EE2A,67,10254,-48.0,8.0,160.8,0,CONCEPT_NOT_FIT_VALIDATED
DUC-F-10255,p4-2x1,Yellow,#F4EE2A,67,10255,-48.0,14.0,160.8,90,CONCEPT_NOT_FIT_VALIDATED
DUC-F-10256,p4-3x2,Yellow,#F4EE2A,67,10256,-42.0,16.0,160.8,90,CONCEPT_NOT_FIT_VALIDATED
DUC-F-10257,p4-4x2,Yellow,#F4EE2A,67,10257,-34.0,18.0,160.8,90,CONCEPT_NOT_FIT_VALIDATED
DUC-F-10258,p4-4x2,Yellow,#F4EE2A,67,10258,-26.0,18.0,160.8,90,CONCEPT_NOT_FIT_VALIDATED
DUC-F-10259,p4-4x2,Yellow,#F4EE2A,67,10259,-18.0,18.0,160.8,90,CONCEPT_NOT_FIT_VALIDATED
DUC-F-10260,p4-4x2,Yellow,#F4EE2A,67,10260,-10.0,18.0,160.8,90,CONCEPT_NOT_FIT_VALIDATED
DUC-F-10261,p4-4x2,Yellow,#F4EE2A,67,10261,-2.0,18.0,160.8,90,CONCEPT_NOT_FIT_VALIDATED
DUC-F-10262,p4-4x2,Yellow,#F4EE2A,67,10262,6.0,18.0,160.8,90,CONCEPT_NOT_FIT_VALIDATED
DUC-F-10263,p4-4x2,Yellow,#F4EE2A,67,10263,14.0,18.0,160.8,90,CONCEPT_NOT_FIT_VALIDATED
DUC-F-10264,p4-4x2,Yellow,#F4EE2A,67,10264,22.0,18.0,160.8,90,CONCEPT_NOT_FIT_VALIDATED
DUC-F-10265,p4-4x2,Yellow,#F4EE2A,67,10265,30.0,18.0,160.8,90,CONCEPT_NOT_FIT_VALIDATED
DUC-F-10266,p4-4x2,Yellow,#F4EE2A,67,10266,38.0,18.0,160.8,90,CONCEPT_NOT_FIT_VALIDATED
DUC-F-10267,p4-3x1,Yellow,#F4EE2A,67,10267,44.0,16.0,160.8,90,CONCEPT_NOT_FIT_VALIDATED
DUC-F-10268,p4-1x1,Yellow,#F4EE2A,67,10268,48.0,12.0,160.8,0,CONCEPT_NOT_FIT_VALIDATED
DUC-F-10269,p4-1x1,Yellow,#F4EE2A,67,10269,-40.0,24.0,160.8,0,CONCEPT_NOT_FIT_VALIDATED
DUC-F-10270,p4-2x1,Yellow,#F4EE2A,67,10270,-34.0,28.0,160.8,0,CONCEPT_NOT_FIT_VALIDATED
DUC-F-10271,p4-3x2,Yellow,#F4EE2A,67,10271,-26.0,32.0,160.8,90,CONCEPT_NOT_FIT_VALIDATED
DUC-F-10272,p4-3x2,Yellow,#F4EE2A,67,10272,-18.0,32.0,160.8,90,CONCEPT_NOT_FIT_VALIDATED
DUC-F-10273,p4-4x2,Yellow,#F4EE2A,67,10273,-10.0,34.0,160.8,90,CONCEPT_NOT_FIT_VALIDATED
DUC-F-10274,p4-4x2,Yellow,#F4EE2A,67,10274,-2.0,34.0,160.8,90,CONCEPT_NOT_FIT_VALIDATED
DUC-F-10275,p4-4x2,Yellow,#F4EE2A,67,10275,6.0,34.0,160.8,90,CONCEPT_NOT_FIT_VALIDATED
DUC-F-10276,p4-4x2,Yellow,#F4EE2A,67,10276,14.0,34.0,160.8,90,CONCEPT_NOT_FIT_VALIDATED
DUC-F-10277,p4-3x2,Yellow,#F4EE2A,67,10277,22.0,32.0,160.8,90,CONCEPT_NOT_FIT_VALIDATED
DUC-F-10278,p4-2x2,Yellow,#F4EE2A,67,10278,30.0,30.0,160.8,0,CONCEPT_NOT_FIT_VALIDATED
DUC-F-10279,p4-1x1,Yellow,#F4EE2A,67,10279,36.0,28.0,160.8,0,CONCEPT_NOT_FIT_VALIDATED
DUC-F-10280,p4-1x1,Yellow,#F4EE2A,67,10280,-32.0,32.0,160.8,0,CONCEPT_NOT_FIT_VALIDATED
DUC-F-10281,p4-1x1,Yellow,#F4EE2A,67,10281,28.0,36.0,160.8,0,CONCEPT_NOT_FIT_VALIDATED
DUC-F-10282,p4-1x1,Yellow,#F4EE2A,67,10282,-16.0,40.0,160.8,0,CONCEPT_NOT_FIT_VALIDATED
DUC-F-10283,p4-2x2,Yellow,#F4EE2A,68,10283,-46.0,-22.0,163.2,0,CONCEPT_NOT_FIT_VALIDATED
DUC-F-10284,p4-2x2,Yellow,#F4EE2A,68,10284,-46.0,-14.0,163.2,0,CONCEPT_NOT_FIT_VALIDATED
DUC-F-10285,p4-2x2,Yellow,#F4EE2A,68,10285,-46.0,-6.0,163.2,0,CONCEPT_NOT_FIT_VALIDATED
DUC-F-10286,p4-2x2,Yellow,#F4EE2A,68,10286,-46.0,2.0,163.2,0,CONCEPT_NOT_FIT_VALIDATED
DUC-F-10287,p4-2x1,Yellow,#F4EE2A,68,10287,-46.0,8.0,163.2,0,CONCEPT_NOT_FIT_VALIDATED
DUC-F-10288,p4-2x1,Yellow,#F4EE2A,68,10288,-44.0,-30.0,163.2,90,CONCEPT_NOT_FIT_VALIDATED
DUC-F-10289,p4-1x1,Yellow,#F4EE2A,68,10289,-44.0,12.0,163.2,0,CONCEPT_NOT_FIT_VALIDATED
DUC-F-10290,p4-1x1,Yellow,#F4EE2A,68,10290,-44.0,16.0,163.2,0,CONCEPT_NOT_FIT_VALIDATED
DUC-F-10291,p4-4x1,Yellow,#F4EE2A,68,10291,-34.0,-36.0,163.2,0,CONCEPT_NOT_FIT_VALIDATED
DUC-F-10292,p4-4x2,Yellow,#F4EE2A,68,10292,-34.0,-30.0,163.2,0,CONCEPT_NOT_FIT_VALIDATED
DUC-F-10293,p4-4x2,Yellow,#F4EE2A,68,10293,-34.0,-22.0,163.2,0,CONCEPT_NOT_FIT_VALIDATED
DUC-F-10294,p4-4x2,Yellow,#F4EE2A,68,10294,-34.0,-14.0,163.2,0,CONCEPT_NOT_FIT_VALIDATED
DUC-F-10295,p4-4x2,Yellow,#F4EE2A,68,10295,-34.0,-6.0,163.2,0,CONCEPT_NOT_FIT_VALIDATED
DUC-F-10296,p4-4x2,Yellow,#F4EE2A,68,10296,-34.0,2.0,163.2,0,CONCEPT_NOT_FIT_VALIDATED
DUC-F-10297,p4-4x2,Yellow,#F4EE2A,68,10297,-34.0,10.0,163.2,0,CONCEPT_NOT_FIT_VALIDATED
DUC-F-10298,p4-4x2,Yellow,#F4EE2A,68,10298,-34.0,18.0,163.2,0,CONCEPT_NOT_FIT_VALIDATED
DUC-F-10299,p4-3x1,Yellow,#F4EE2A,68,10299,-32.0,-40.0,163.2,0,CONCEPT_NOT_FIT_VALIDATED
DUC-F-10300,p4-3x1,Yellow,#F4EE2A,68,10300,-32.0,24.0,163.2,0,CONCEPT_NOT_FIT_VALIDATED
DUC-F-10301,p4-2x1,Yellow,#F4EE2A,68,10301,-30.0,-44.0,163.2,0,CONCEPT_NOT_FIT_VALIDATED
DUC-F-10302,p4-2x1,Yellow,#F4EE2A,68,10302,-30.0,28.0,163.2,0,CONCEPT_NOT_FIT_VALIDATED
DUC-F-10303,p4-1x1,Yellow,#F4EE2A,68,10303,-28.0,-48.0,163.2,0,CONCEPT_NOT_FIT_VALIDATED
DUC-F-10304,p4-1x1,Yellow,#F4EE2A,68,10304,-28.0,32.0,163.2,0,CONCEPT_NOT_FIT_VALIDATED
DUC-F-10305,p4-4x2,Yellow,#F4EE2A,68,10305,-18.0,-46.0,163.2,0,CONCEPT_NOT_FIT_VALIDATED
DUC-F-10306,p4-4x2,Yellow,#F4EE2A,68,10306,-18.0,-38.0,163.2,0,CONCEPT_NOT_FIT_VALIDATED
DUC-F-10307,p4-4x2,Yellow,#F4EE2A,68,10307,-18.0,-30.0,163.2,0,CONCEPT_NOT_FIT_VALIDATED
DUC-F-10308,p4-4x2,Yellow,#F4EE2A,68,10308,-18.0,-22.0,163.2,0,CONCEPT_NOT_FIT_VALIDATED
DUC-F-10309,p4-4x2,Yellow,#F4EE2A,68,10309,-18.0,-14.0,163.2,0,CONCEPT_NOT_FIT_VALIDATED
DUC-F-10310,p4-4x2,Yellow,#F4EE2A,68,10310,-18.0,-6.0,163.2,0,CONCEPT_NOT_FIT_VALIDATED
DUC-F-10311,p4-4x2,Yellow,#F4EE2A,68,10311,-18.0,2.0,163.2,0,CONCEPT_NOT_FIT_VALIDATED
DUC-F-10312,p4-4x2,Yellow,#F4EE2A,68,10312,-18.0,10.0,163.2,0,CONCEPT_NOT_FIT_VALIDATED
DUC-F-10313,p4-4x2,Yellow,#F4EE2A,68,10313,-18.0,18.0,163.2,0,CONCEPT_NOT_FIT_VALIDATED
DUC-F-10314,p4-4x2,Yellow,#F4EE2A,68,10314,-18.0,26.0,163.2,0,CONCEPT_NOT_FIT_VALIDATED
DUC-F-10315,p4-4x1,Yellow,#F4EE2A,68,10315,-18.0,32.0,163.2,0,CONCEPT_NOT_FIT_VALIDATED
DUC-F-10316,p4-3x1,Yellow,#F4EE2A,68,10316,-16.0,-52.0,163.2,0,CONCEPT_NOT_FIT_VALIDATED
DUC-F-10317,p4-3x1,Yellow,#F4EE2A,68,10317,-16.0,36.0,163.2,0,CONCEPT_NOT_FIT_VALIDATED
DUC-F-10318,p4-4x1,Yellow,#F4EE2A,68,10318,-2.0,-52.0,163.2,0,CONCEPT_NOT_FIT_VALIDATED
DUC-F-10319,p4-4x2,Yellow,#F4EE2A,68,10319,-2.0,-46.0,163.2,0,CONCEPT_NOT_FIT_VALIDATED
DUC-F-10320,p4-4x2,Yellow,#F4EE2A,68,10320,-2.0,-38.0,163.2,0,CONCEPT_NOT_FIT_VALIDATED
DUC-F-10321,p4-4x2,Yellow,#F4EE2A,68,10321,-2.0,-30.0,163.2,0,CONCEPT_NOT_FIT_VALIDATED
DUC-F-10322,p4-4x2,Yellow,#F4EE2A,68,10322,-2.0,-22.0,163.2,0,CONCEPT_NOT_FIT_VALIDATED
DUC-F-10323,p4-4x2,Yellow,#F4EE2A,68,10323,-2.0,-14.0,163.2,0,CONCEPT_NOT_FIT_VALIDATED
DUC-F-10324,p4-4x2,Yellow,#F4EE2A,68,10324,-2.0,-6.0,163.2,0,CONCEPT_NOT_FIT_VALIDATED
DUC-F-10325,p4-4x2,Yellow,#F4EE2A,68,10325,-2.0,2.0,163.2,0,CONCEPT_NOT_FIT_VALIDATED
DUC-F-10326,p4-4x2,Yellow,#F4EE2A,68,10326,-2.0,10.0,163.2,0,CONCEPT_NOT_FIT_VALIDATED
DUC-F-10327,p4-4x2,Yellow,#F4EE2A,68,10327,-2.0,18.0,163.2,0,CONCEPT_NOT_FIT_VALIDATED
DUC-F-10328,p4-4x2,Yellow,#F4EE2A,68,10328,-2.0,26.0,163.2,0,CONCEPT_NOT_FIT_VALIDATED
DUC-F-10329,p4-4x2,Yellow,#F4EE2A,68,10329,-2.0,34.0,163.2,0,CONCEPT_NOT_FIT_VALIDATED
DUC-F-10330,p4-4x1,Yellow,#F4EE2A,68,10330,-2.0,40.0,163.2,0,CONCEPT_NOT_FIT_VALIDATED
DUC-F-10331,p4-4x1,Yellow,#F4EE2A,68,10331,14.0,-52.0,163.2,0,CONCEPT_NOT_FIT_VALIDATED
DUC-F-10332,p4-4x2,Yellow,#F4EE2A,68,10332,14.0,-46.0,163.2,0,CONCEPT_NOT_FIT_VALIDATED
DUC-F-10333,p4-4x2,Yellow,#F4EE2A,68,10333,14.0,-38.0,163.2,0,CONCEPT_NOT_FIT_VALIDATED
DUC-F-10334,p4-4x2,Yellow,#F4EE2A,68,10334,14.0,-30.0,163.2,0,CONCEPT_NOT_FIT_VALIDATED
DUC-F-10335,p4-4x2,Yellow,#F4EE2A,68,10335,14.0,-22.0,163.2,0,CONCEPT_NOT_FIT_VALIDATED
DUC-F-10336,p4-4x2,Yellow,#F4EE2A,68,10336,14.0,-14.0,163.2,0,CONCEPT_NOT_FIT_VALIDATED
DUC-F-10337,p4-4x2,Yellow,#F4EE2A,68,10337,14.0,-6.0,163.2,0,CONCEPT_NOT_FIT_VALIDATED
DUC-F-10338,p4-4x2,Yellow,#F4EE2A,68,10338,14.0,2.0,163.2,0,CONCEPT_NOT_FIT_VALIDATED
DUC-F-10339,p4-4x2,Yellow,#F4EE2A,68,10339,14.0,10.0,163.2,0,CONCEPT_NOT_FIT_VALIDATED
DUC-F-10340,p4-4x2,Yellow,#F4EE2A,68,10340,14.0,18.0,163.2,0,CONCEPT_NOT_FIT_VALIDATED
DUC-F-10341,p4-4x2,Yellow,#F4EE2A,68,10341,14.0,26.0,163.2,0,CONCEPT_NOT_FIT_VALIDATED
DUC-F-10342,p4-4x2,Yellow,#F4EE2A,68,10342,14.0,34.0,163.2,0,CONCEPT_NOT_FIT_VALIDATED
DUC-F-10343,p4-1x1,Yellow,#F4EE2A,68,10343,8.0,40.0,163.2,0,CONCEPT_NOT_FIT_VALIDATED
DUC-F-10344,p4-2x2,Yellow,#F4EE2A,68,10344,26.0,-46.0,163.2,0,CONCEPT_NOT_FIT_VALIDATED
DUC-F-10345,p4-4x2,Yellow,#F4EE2A,68,10345,30.0,-38.0,163.2,0,CONCEPT_NOT_FIT_VALIDATED
DUC-F-10346,p4-4x2,Yellow,#F4EE2A,68,10346,30.0,-30.0,163.2,0,CONCEPT_NOT_FIT_VALIDATED
DUC-F-10347,p4-4x2,Yellow,#F4EE2A,68,10347,30.0,-22.0,163.2,0,CONCEPT_NOT_FIT_VALIDATED
DUC-F-10348,p4-4x2,Yellow,#F4EE2A,68,10348,30.0,-14.0,163.2,0,CONCEPT_NOT_FIT_VALIDATED
DUC-F-10349,p4-4x2,Yellow,#F4EE2A,68,10349,30.0,-6.0,163.2,0,CONCEPT_NOT_FIT_VALIDATED
DUC-F-10350,p4-4x2,Yellow,#F4EE2A,68,10350,30.0,2.0,163.2,0,CONCEPT_NOT_FIT_VALIDATED
DUC-F-10351,p4-4x2,Yellow,#F4EE2A,68,10351,30.0,10.0,163.2,0,CONCEPT_NOT_FIT_VALIDATED
DUC-F-10352,p4-4x2,Yellow,#F4EE2A,68,10352,30.0,18.0,163.2,0,CONCEPT_NOT_FIT_VALIDATED
DUC-F-10353,p4-3x2,Yellow,#F4EE2A,68,10353,28.0,26.0,163.2,0,CONCEPT_NOT_FIT_VALIDATED
DUC-F-10354,p4-2x1,Yellow,#F4EE2A,68,10354,26.0,32.0,163.2,0,CONCEPT_NOT_FIT_VALIDATED
DUC-F-10355,p4-1x1,Yellow,#F4EE2A,68,10355,32.0,-44.0,163.2,0,CONCEPT_NOT_FIT_VALIDATED
DUC-F-10356,p4-1x1,Yellow,#F4EE2A,68,10356,36.0,24.0,163.2,0,CONCEPT_NOT_FIT_VALIDATED
DUC-F-10357,p4-1x1,Yellow,#F4EE2A,68,10357,40.0,-36.0,163.2,0,CONCEPT_NOT_FIT_VALIDATED
DUC-F-10358,p4-2x2,Yellow,#F4EE2A,68,10358,42.0,-30.0,163.2,0,CONCEPT_NOT_FIT_VALIDATED
DUC-F-10359,p4-3x2,Yellow,#F4EE2A,68,10359,44.0,-22.0,163.2,0,CONCEPT_NOT_FIT_VALIDATED
DUC-F-10360,p4-3x2,Yellow,#F4EE2A,68,10360,44.0,-14.0,163.2,0,CONCEPT_NOT_FIT_VALIDATED
DUC-F-10361,p4-3x2,Yellow,#F4EE2A,68,10361,44.0,-6.0,163.2,0,CONCEPT_NOT_FIT_VALIDATED
DUC-F-10362,p4-3x2,Yellow,#F4EE2A,68,10362,44.0,2.0,163.2,0,CONCEPT_NOT_FIT_VALIDATED
DUC-F-10363,p4-2x2,Yellow,#F4EE2A,68,10363,42.0,10.0,163.2,0,CONCEPT_NOT_FIT_VALIDATED
DUC-F-10364,p4-2x1,Yellow,#F4EE2A,68,10364,42.0,16.0,163.2,0,CONCEPT_NOT_FIT_VALIDATED
DUC-F-10365,p4-1x1,Yellow,#F4EE2A,68,10365,40.0,20.0,163.2,0,CONCEPT_NOT_FIT_VALIDATED
DUC-F-10366,p4-1x1,Yellow,#F4EE2A,68,10366,48.0,8.0,163.2,0,CONCEPT_NOT_FIT_VALIDATED
DUC-F-10367,p4-3x2,Yellow,#F4EE2A,69,10367,-6.0,-48.0,165.6,90,CONCEPT_NOT_FIT_VALIDATED
DUC-F-10368,p4-3x2,Yellow,#F4EE2A,69,10368,2.0,-48.0,165.6,90,CONCEPT_NOT_FIT_VALIDATED
DUC-F-10369,p4-2x2,Yellow,#F4EE2A,69,10369,-22.0,-46.0,165.6,0,CONCEPT_NOT_FIT_VALIDATED
DUC-F-10370,p4-2x2,Yellow,#F4EE2A,69,10370,-14.0,-46.0,165.6,0,CONCEPT_NOT_FIT_VALIDATED
DUC-F-10371,p4-2x2,Yellow,#F4EE2A,69,10371,10.0,-46.0,165.6,0,CONCEPT_NOT_FIT_VALIDATED
DUC-F-10372,p4-2x2,Yellow,#F4EE2A,69,10372,18.0,-46.0,165.6,0,CONCEPT_NOT_FIT_VALIDATED
DUC-F-10373,p4-2x1,Yellow,#F4EE2A,69,10373,24.0,-46.0,165.6,90,CONCEPT_NOT_FIT_VALIDATED
DUC-F-10374,p4-1x1,Yellow,#F4EE2A,69,10374,-28.0,-44.0,165.6,0,CONCEPT_NOT_FIT_VALIDATED
DUC-F-10375,p4-1x1,Yellow,#F4EE2A,69,10375,28.0,-44.0,165.6,0,CONCEPT_NOT_FIT_VALIDATED
DUC-F-10376,p4-4x2,Yellow,#F4EE2A,69,10376,-30.0,-34.0,165.6,90,CONCEPT_NOT_FIT_VALIDATED
DUC-F-10377,p4-4x2,Yellow,#F4EE2A,69,10377,-22.0,-34.0,165.6,90,CONCEPT_NOT_FIT_VALIDATED
DUC-F-10378,p4-4x2,Yellow,#F4EE2A,69,10378,-14.0,-34.0,165.6,90,CONCEPT_NOT_FIT_VALIDATED
DUC-F-10379,p4-4x2,Yellow,#F4EE2A,69,10379,-6.0,-34.0,165.6,90,CONCEPT_NOT_FIT_VALIDATED
DUC-F-10380,p4-4x2,Yellow,#F4EE2A,69,10380,2.0,-34.0,165.6,90,CONCEPT_NOT_FIT_VALIDATED
DUC-F-10381,p4-4x2,Yellow,#F4EE2A,69,10381,10.0,-34.0,165.6,90,CONCEPT_NOT_FIT_VALIDATED
DUC-F-10382,p4-4x2,Yellow,#F4EE2A,69,10382,18.0,-34.0,165.6,90,CONCEPT_NOT_FIT_VALIDATED
DUC-F-10383,p4-4x2,Yellow,#F4EE2A,69,10383,26.0,-34.0,165.6,90,CONCEPT_NOT_FIT_VALIDATED
DUC-F-10384,p4-4x1,Yellow,#F4EE2A,69,10384,32.0,-34.0,165.6,90,CONCEPT_NOT_FIT_VALIDATED
DUC-F-10385,p4-3x1,Yellow,#F4EE2A,69,10385,-36.0,-32.0,165.6,90,CONCEPT_NOT_FIT_VALIDATED
DUC-F-10386,p4-3x1,Yellow,#F4EE2A,69,10386,36.0,-32.0,165.6,90,CONCEPT_NOT_FIT_VALIDATED
DUC-F-10387,p4-2x1,Yellow,#F4EE2A,69,10387,-40.0,-30.0,165.6,90,CONCEPT_NOT_FIT_VALIDATED
DUC-F-10388,p4-2x1,Yellow,#F4EE2A,69,10388,40.0,-30.0,165.6,90,CONCEPT_NOT_FIT_VALIDATED
DUC-F-10389,p4-1x1,Yellow,#F4EE2A,69,10389,-44.0,-28.0,165.6,0,CONCEPT_NOT_FIT_VALIDATED
DUC-F-10390,p4-1x1,Yellow,#F4EE2A,69,10390,44.0,-28.0,165.6,0,CONCEPT_NOT_FIT_VALIDATED
DUC-F-10391,p4-4x1,Yellow,#F4EE2A,69,10391,-44.0,-18.0,165.6,90,CONCEPT_NOT_FIT_VALIDATED
DUC-F-10392,p4-4x2,Yellow,#F4EE2A,69,10392,-38.0,-18.0,165.6,90,CONCEPT_NOT_FIT_VALIDATED
DUC-F-10393,p4-4x2,Yellow,#F4EE2A,69,10393,-30.0,-18.0,165.6,90,CONCEPT_NOT_FIT_VALIDATED
DUC-F-10394,p4-4x2,Yellow,#F4EE2A,69,10394,-22.0,-18.0,165.6,90,CONCEPT_NOT_FIT_VALIDATED
DUC-F-10395,p4-4x2,Yellow,#F4EE2A,69,10395,-14.0,-18.0,165.6,90,CONCEPT_NOT_FIT_VALIDATED
DUC-F-10396,p4-4x2,Yellow,#F4EE2A,69,10396,-6.0,-18.0,165.6,90,CONCEPT_NOT_FIT_VALIDATED
DUC-F-10397,p4-4x2,Yellow,#F4EE2A,69,10397,2.0,-18.0,165.6,90,CONCEPT_NOT_FIT_VALIDATED
DUC-F-10398,p4-4x2,Yellow,#F4EE2A,69,10398,10.0,-18.0,165.6,90,CONCEPT_NOT_FIT_VALIDATED
DUC-F-10399,p4-4x2,Yellow,#F4EE2A,69,10399,18.0,-18.0,165.6,90,CONCEPT_NOT_FIT_VALIDATED
DUC-F-10400,p4-4x2,Yellow,#F4EE2A,69,10400,26.0,-18.0,165.6,90,CONCEPT_NOT_FIT_VALIDATED
DUC-F-10401,p4-4x2,Yellow,#F4EE2A,69,10401,34.0,-18.0,165.6,90,CONCEPT_NOT_FIT_VALIDATED
DUC-F-10402,p4-4x2,Yellow,#F4EE2A,69,10402,42.0,-18.0,165.6,90,CONCEPT_NOT_FIT_VALIDATED
DUC-F-10403,p4-4x1,Yellow,#F4EE2A,69,10403,-44.0,-2.0,165.6,90,CONCEPT_NOT_FIT_VALIDATED
DUC-F-10404,p4-4x2,Yellow,#F4EE2A,69,10404,-38.0,-2.0,165.6,90,CONCEPT_NOT_FIT_VALIDATED
DUC-F-10405,p4-4x2,Yellow,#F4EE2A,69,10405,-30.0,-2.0,165.6,90,CONCEPT_NOT_FIT_VALIDATED
DUC-F-10406,p4-4x2,Yellow,#F4EE2A,69,10406,-22.0,-2.0,165.6,90,CONCEPT_NOT_FIT_VALIDATED
DUC-F-10407,p4-4x2,Yellow,#F4EE2A,69,10407,-14.0,-2.0,165.6,90,CONCEPT_NOT_FIT_VALIDATED
DUC-F-10408,p4-4x2,Yellow,#F4EE2A,69,10408,-6.0,-2.0,165.6,90,CONCEPT_NOT_FIT_VALIDATED
DUC-F-10409,p4-4x2,Yellow,#F4EE2A,69,10409,2.0,-2.0,165.6,90,CONCEPT_NOT_FIT_VALIDATED
DUC-F-10410,p4-4x2,Yellow,#F4EE2A,69,10410,10.0,-2.0,165.6,90,CONCEPT_NOT_FIT_VALIDATED
DUC-F-10411,p4-4x2,Yellow,#F4EE2A,69,10411,18.0,-2.0,165.6,90,CONCEPT_NOT_FIT_VALIDATED
DUC-F-10412,p4-4x2,Yellow,#F4EE2A,69,10412,26.0,-2.0,165.6,90,CONCEPT_NOT_FIT_VALIDATED
DUC-F-10413,p4-4x2,Yellow,#F4EE2A,69,10413,34.0,-2.0,165.6,90,CONCEPT_NOT_FIT_VALIDATED
DUC-F-10414,p4-4x2,Yellow,#F4EE2A,69,10414,42.0,-2.0,165.6,90,CONCEPT_NOT_FIT_VALIDATED
DUC-F-10415,p4-1x1,Yellow,#F4EE2A,69,10415,-44.0,8.0,165.6,0,CONCEPT_NOT_FIT_VALIDATED
DUC-F-10416,p4-3x2,Yellow,#F4EE2A,69,10416,-38.0,12.0,165.6,90,CONCEPT_NOT_FIT_VALIDATED
DUC-F-10417,p4-4x2,Yellow,#F4EE2A,69,10417,-30.0,14.0,165.6,90,CONCEPT_NOT_FIT_VALIDATED
DUC-F-10418,p4-4x2,Yellow,#F4EE2A,69,10418,-22.0,14.0,165.6,90,CONCEPT_NOT_FIT_VALIDATED
DUC-F-10419,p4-4x2,Yellow,#F4EE2A,69,10419,-14.0,14.0,165.6,90,CONCEPT_NOT_FIT_VALIDATED
DUC-F-10420,p4-4x2,Yellow,#F4EE2A,69,10420,-6.0,14.0,165.6,90,CONCEPT_NOT_FIT_VALIDATED
DUC-F-10421,p4-4x2,Yellow,#F4EE2A,69,10421,2.0,14.0,165.6,90,CONCEPT_NOT_FIT_VALIDATED
DUC-F-10422,p4-4x2,Yellow,#F4EE2A,69,10422,10.0,14.0,165.6,90,CONCEPT_NOT_FIT_VALIDATED
DUC-F-10423,p4-4x2,Yellow,#F4EE2A,69,10423,18.0,14.0,165.6,90,CONCEPT_NOT_FIT_VALIDATED
DUC-F-10424,p4-4x2,Yellow,#F4EE2A,69,10424,26.0,14.0,165.6,90,CONCEPT_NOT_FIT_VALIDATED
DUC-F-10425,p4-4x2,Yellow,#F4EE2A,69,10425,34.0,14.0,165.6,90,CONCEPT_NOT_FIT_VALIDATED
DUC-F-10426,p4-3x1,Yellow,#F4EE2A,69,10426,40.0,12.0,165.6,90,CONCEPT_NOT_FIT_VALIDATED
DUC-F-10427,p4-1x1,Yellow,#F4EE2A,69,10427,44.0,8.0,165.6,0,CONCEPT_NOT_FIT_VALIDATED
DUC-F-10428,p4-1x1,Yellow,#F4EE2A,69,10428,-36.0,20.0,165.6,0,CONCEPT_NOT_FIT_VALIDATED
DUC-F-10429,p4-2x1,Yellow,#F4EE2A,69,10429,-30.0,24.0,165.6,0,CONCEPT_NOT_FIT_VALIDATED
DUC-F-10430,p4-3x2,Yellow,#F4EE2A,69,10430,-22.0,28.0,165.6,90,CONCEPT_NOT_FIT_VALIDATED
DUC-F-10431,p4-3x2,Yellow,#F4EE2A,69,10431,-14.0,28.0,165.6,90,CONCEPT_NOT_FIT_VALIDATED
DUC-F-10432,p4-4x2,Yellow,#F4EE2A,69,10432,-6.0,30.0,165.6,90,CONCEPT_NOT_FIT_VALIDATED
DUC-F-10433,p4-4x2,Yellow,#F4EE2A,69,10433,2.0,30.0,165.6,90,CONCEPT_NOT_FIT_VALIDATED
DUC-F-10434,p4-4x2,Yellow,#F4EE2A,69,10434,10.0,30.0,165.6,90,CONCEPT_NOT_FIT_VALIDATED
DUC-F-10435,p4-3x2,Yellow,#F4EE2A,69,10435,18.0,28.0,165.6,90,CONCEPT_NOT_FIT_VALIDATED
DUC-F-10436,p4-2x2,Yellow,#F4EE2A,69,10436,26.0,26.0,165.6,0,CONCEPT_NOT_FIT_VALIDATED
DUC-F-10437,p4-1x1,Yellow,#F4EE2A,69,10437,32.0,24.0,165.6,0,CONCEPT_NOT_FIT_VALIDATED
DUC-F-10438,p4-1x1,Yellow,#F4EE2A,69,10438,-28.0,28.0,165.6,0,CONCEPT_NOT_FIT_VALIDATED
DUC-F-10439,p4-1x1,Yellow,#F4EE2A,69,10439,24.0,32.0,165.6,0,CONCEPT_NOT_FIT_VALIDATED
DUC-F-10440,p4-1x1,Yellow,#F4EE2A,69,10440,-12.0,36.0,165.6,0,CONCEPT_NOT_FIT_VALIDATED
DUC-F-10441,p4-4x2,Yellow,#F4EE2A,70,10441,-38.0,-10.0,168.0,0,CONCEPT_NOT_FIT_VALIDATED
DUC-F-10442,p4-4x2,Yellow,#F4EE2A,70,10442,-38.0,-2.0,168.0,0,CONCEPT_NOT_FIT_VALIDATED
DUC-F-10443,p4-3x1,Yellow,#F4EE2A,70,10443,-36.0,-24.0,168.0,0,CONCEPT_NOT_FIT_VALIDATED
DUC-F-10444,p4-3x2,Yellow,#F4EE2A,70,10444,-36.0,-18.0,168.0,0,CONCEPT_NOT_FIT_VALIDATED
DUC-F-10445,p4-3x2,Yellow,#F4EE2A,70,10445,-36.0,6.0,168.0,0,CONCEPT_NOT_FIT_VALIDATED
DUC-F-10446,p4-2x1,Yellow,#F4EE2A,70,10446,-34.0,-32.0,168.0,0,CONCEPT_NOT_FIT_VALIDATED
DUC-F-10447,p4-2x1,Yellow,#F4EE2A,70,10447,-34.0,-28.0,168.0,0,CONCEPT_NOT_FIT_VALIDATED
DUC-F-10448,p4-2x2,Yellow,#F4EE2A,70,10448,-34.0,14.0,168.0,0,CONCEPT_NOT_FIT_VALIDATED
DUC-F-10449,p4-1x1,Yellow,#F4EE2A,70,10449,-32.0,-36.0,168.0,0,CONCEPT_NOT_FIT_VALIDATED
DUC-F-10450,p4-1x1,Yellow,#F4EE2A,70,10450,-32.0,20.0,168.0,0,CONCEPT_NOT_FIT_VALIDATED
DUC-F-10451,p4-4x1,Yellow,#F4EE2A,70,10451,-22.0,-40.0,168.0,0,CONCEPT_NOT_FIT_VALIDATED
DUC-F-10452,p4-4x2,Yellow,#F4EE2A,70,10452,-22.0,-34.0,168.0,0,CONCEPT_NOT_FIT_VALIDATED
DUC-F-10453,p4-4x2,Yellow,#F4EE2A,70,10453,-22.0,-26.0,168.0,0,CONCEPT_NOT_FIT_VALIDATED
DUC-F-10454,p4-4x2,Yellow,#F4EE2A,70,10454,-22.0,-18.0,168.0,0,CONCEPT_NOT_FIT_VALIDATED
DUC-F-10455,p4-4x2,Yellow,#F4EE2A,70,10455,-22.0,-10.0,168.0,0,CONCEPT_NOT_FIT_VALIDATED
DUC-F-10456,p4-4x2,Yellow,#F4EE2A,70,10456,-22.0,-2.0,168.0,0,CONCEPT_NOT_FIT_VALIDATED
DUC-F-10457,p4-4x2,Yellow,#F4EE2A,70,10457,-22.0,6.0,168.0,0,CONCEPT_NOT_FIT_VALIDATED
DUC-F-10458,p4-4x2,Yellow,#F4EE2A,70,10458,-22.0,14.0,168.0,0,CONCEPT_NOT_FIT_VALIDATED
DUC-F-10459,p4-4x2,Yellow,#F4EE2A,70,10459,-22.0,22.0,168.0,0,CONCEPT_NOT_FIT_VALIDATED
DUC-F-10460,p4-3x1,Yellow,#F4EE2A,70,10460,-20.0,-44.0,168.0,0,CONCEPT_NOT_FIT_VALIDATED
DUC-F-10461,p4-3x1,Yellow,#F4EE2A,70,10461,-20.0,28.0,168.0,0,CONCEPT_NOT_FIT_VALIDATED
DUC-F-10462,p4-1x1,Yellow,#F4EE2A,70,10462,-16.0,32.0,168.0,0,CONCEPT_NOT_FIT_VALIDATED
DUC-F-10463,p4-4x2,Yellow,#F4EE2A,70,10463,-6.0,-42.0,168.0,0,CONCEPT_NOT_FIT_VALIDATED
DUC-F-10464,p4-4x2,Yellow,#F4EE2A,70,10464,-6.0,-34.0,168.0,0,CONCEPT_NOT_FIT_VALIDATED
DUC-F-10465,p4-4x2,Yellow,#F4EE2A,70,10465,-6.0,-26.0,168.0,0,CONCEPT_NOT_FIT_VALIDATED
DUC-F-10466,p4-4x2,Yellow,#F4EE2A,70,10466,-6.0,-18.0,168.0,0,CONCEPT_NOT_FIT_VALIDATED
DUC-F-10467,p4-4x2,Yellow,#F4EE2A,70,10467,-6.0,-10.0,168.0,0,CONCEPT_NOT_FIT_VALIDATED
DUC-F-10468,p4-4x2,Yellow,#F4EE2A,70,10468,-6.0,-2.0,168.0,0,CONCEPT_NOT_FIT_VALIDATED
DUC-F-10469,p4-4x2,Yellow,#F4EE2A,70,10469,-6.0,6.0,168.0,0,CONCEPT_NOT_FIT_VALIDATED
DUC-F-10470,p4-4x2,Yellow,#F4EE2A,70,10470,-6.0,14.0,168.0,0,CONCEPT_NOT_FIT_VALIDATED
DUC-F-10471,p4-4x2,Yellow,#F4EE2A,70,10471,-6.0,22.0,168.0,0,CONCEPT_NOT_FIT_VALIDATED
DUC-F-10472,p4-4x2,Yellow,#F4EE2A,70,10472,-6.0,30.0,168.0,0,CONCEPT_NOT_FIT_VALIDATED
DUC-F-10473,p4-3x1,Yellow,#F4EE2A,70,10473,-4.0,-48.0,168.0,0,CONCEPT_NOT_FIT_VALIDATED
DUC-F-10474,p4-2x1,Yellow,#F4EE2A,70,10474,6.0,-48.0,168.0,0,CONCEPT_NOT_FIT_VALIDATED
DUC-F-10475,p4-4x2,Yellow,#F4EE2A,70,10475,10.0,-42.0,168.0,0,CONCEPT_NOT_FIT_VALIDATED
DUC-F-10476,p4-4x2,Yellow,#F4EE2A,70,10476,10.0,-34.0,168.0,0,CONCEPT_NOT_FIT_VALIDATED
DUC-F-10477,p4-4x2,Yellow,#F4EE2A,70,10477,10.0,-26.0,168.0,0,CONCEPT_NOT_FIT_VALIDATED
DUC-F-10478,p4-4x2,Yellow,#F4EE2A,70,10478,10.0,-18.0,168.0,0,CONCEPT_NOT_FIT_VALIDATED
DUC-F-10479,p4-4x2,Yellow,#F4EE2A,70,10479,10.0,-10.0,168.0,0,CONCEPT_NOT_FIT_VALIDATED
DUC-F-10480,p4-4x2,Yellow,#F4EE2A,70,10480,10.0,-2.0,168.0,0,CONCEPT_NOT_FIT_VALIDATED
DUC-F-10481,p4-4x2,Yellow,#F4EE2A,70,10481,10.0,6.0,168.0,0,CONCEPT_NOT_FIT_VALIDATED
DUC-F-10482,p4-4x2,Yellow,#F4EE2A,70,10482,10.0,14.0,168.0,0,CONCEPT_NOT_FIT_VALIDATED
DUC-F-10483,p4-4x2,Yellow,#F4EE2A,70,10483,10.0,22.0,168.0,0,CONCEPT_NOT_FIT_VALIDATED
DUC-F-10484,p4-4x2,Yellow,#F4EE2A,70,10484,10.0,30.0,168.0,0,CONCEPT_NOT_FIT_VALIDATED
DUC-F-10485,p4-2x2,Yellow,#F4EE2A,70,10485,22.0,-42.0,168.0,0,CONCEPT_NOT_FIT_VALIDATED
DUC-F-10486,p4-4x2,Yellow,#F4EE2A,70,10486,26.0,-34.0,168.0,0,CONCEPT_NOT_FIT_VALIDATED
DUC-F-10487,p4-4x2,Yellow,#F4EE2A,70,10487,26.0,-26.0,168.0,0,CONCEPT_NOT_FIT_VALIDATED
DUC-F-10488,p4-4x2,Yellow,#F4EE2A,70,10488,26.0,-18.0,168.0,0,CONCEPT_NOT_FIT_VALIDATED
DUC-F-10489,p4-4x2,Yellow,#F4EE2A,70,10489,26.0,-10.0,168.0,0,CONCEPT_NOT_FIT_VALIDATED
DUC-F-10490,p4-4x2,Yellow,#F4EE2A,70,10490,26.0,-2.0,168.0,0,CONCEPT_NOT_FIT_VALIDATED
DUC-F-10491,p4-4x2,Yellow,#F4EE2A,70,10491,26.0,6.0,168.0,0,CONCEPT_NOT_FIT_VALIDATED
DUC-F-10492,p4-4x2,Yellow,#F4EE2A,70,10492,26.0,14.0,168.0,0,CONCEPT_NOT_FIT_VALIDATED
DUC-F-10493,p4-3x2,Yellow,#F4EE2A,70,10493,24.0,22.0,168.0,0,CONCEPT_NOT_FIT_VALIDATED
DUC-F-10494,p4-2x1,Yellow,#F4EE2A,70,10494,22.0,28.0,168.0,0,CONCEPT_NOT_FIT_VALIDATED
DUC-F-10495,p4-1x1,Yellow,#F4EE2A,70,10495,28.0,-40.0,168.0,0,CONCEPT_NOT_FIT_VALIDATED
DUC-F-10496,p4-1x1,Yellow,#F4EE2A,70,10496,32.0,20.0,168.0,0,CONCEPT_NOT_FIT_VALIDATED
DUC-F-10497,p4-1x1,Yellow,#F4EE2A,70,10497,36.0,-32.0,168.0,0,CONCEPT_NOT_FIT_VALIDATED
DUC-F-10498,p4-2x1,Yellow,#F4EE2A,70,10498,36.0,-26.0,168.0,90,CONCEPT_NOT_FIT_VALIDATED
DUC-F-10499,p4-2x2,Yellow,#F4EE2A,70,10499,38.0,-18.0,168.0,0,CONCEPT_NOT_FIT_VALIDATED
DUC-F-10500,p4-3x2,Yellow,#F4EE2A,70,10500,40.0,-10.0,168.0,0,CONCEPT_NOT_FIT_VALIDATED
DUC-F-10501,p4-2x2,Yellow,#F4EE2A,70,10501,38.0,-2.0,168.0,0,CONCEPT_NOT_FIT_VALIDATED
DUC-F-10502,p4-2x2,Yellow,#F4EE2A,70,10502,38.0,6.0,168.0,0,CONCEPT_NOT_FIT_VALIDATED
DUC-F-10503,p4-2x1,Yellow,#F4EE2A,70,10503,36.0,14.0,168.0,90,CONCEPT_NOT_FIT_VALIDATED
DUC-F-10504,p4-1x1,Yellow,#F4EE2A,70,10504,40.0,-24.0,168.0,0,CONCEPT_NOT_FIT_VALIDATED
DUC-F-10505,p4-1x1,Yellow,#F4EE2A,70,10505,44.0,-16.0,168.0,0,CONCEPT_NOT_FIT_VALIDATED
DUC-F-10506,p4-1x1,Yellow,#F4EE2A,70,10506,44.0,-4.0,168.0,0,CONCEPT_NOT_FIT_VALIDATED
DUC-F-10507,p4-4x2,Yellow,#F4EE2A,71,10507,-10.0,-38.0,170.4,90,CONCEPT_NOT_FIT_VALIDATED
DUC-F-10508,p4-4x2,Yellow,#F4EE2A,71,10508,-2.0,-38.0,170.4,90,CONCEPT_NOT_FIT_VALIDATED
DUC-F-10509,p4-4x2,Yellow,#F4EE2A,71,10509,6.0,-38.0,170.4,90,CONCEPT_NOT_FIT_VALIDATED
DUC-F-10510,p4-4x1,Yellow,#F4EE2A,71,10510,12.0,-38.0,170.4,90,CONCEPT_NOT_FIT_VALIDATED
DUC-F-10511,p4-3x2,Yellow,#F4EE2A,71,10511,-18.0,-36.0,170.4,90,CONCEPT_NOT_FIT_VALIDATED
DUC-F-10512,p4-3x1,Yellow,#F4EE2A,71,10512,16.0,-36.0,170.4,90,CONCEPT_NOT_FIT_VALIDATED
DUC-F-10513,p4-3x1,Yellow,#F4EE2A,71,10513,20.0,-36.0,170.4,90,CONCEPT_NOT_FIT_VALIDATED
DUC-F-10514,p4-2x2,Yellow,#F4EE2A,71,10514,-26.0,-34.0,170.4,0,CONCEPT_NOT_FIT_VALIDATED
DUC-F-10515,p4-2x1,Yellow,#F4EE2A,71,10515,24.0,-34.0,170.4,90,CONCEPT_NOT_FIT_VALIDATED
DUC-F-10516,p4-2x1,Yellow,#F4EE2A,71,10516,28.0,-34.0,170.4,90,CONCEPT_NOT_FIT_VALIDATED
DUC-F-10517,p4-1x1,Yellow,#F4EE2A,71,10517,-32.0,-32.0,170.4,0,CONCEPT_NOT_FIT_VALIDATED
DUC-F-10518,p4-1x1,Yellow,#F4EE2A,71,10518,32.0,-32.0,170.4,0,CONCEPT_NOT_FIT_VALIDATED
DUC-F-10519,p4-4x1,Yellow,#F4EE2A,71,10519,-32.0,-22.0,170.4,90,CONCEPT_NOT_FIT_VALIDATED
DUC-F-10520,p4-4x2,Yellow,#F4EE2A,71,10520,-26.0,-22.0,170.4,90,CONCEPT_NOT_FIT_VALIDATED
DUC-F-10521,p4-4x2,Yellow,#F4EE2A,71,10521,-18.0,-22.0,170.4,90,CONCEPT_NOT_FIT_VALIDATED
DUC-F-10522,p4-4x2,Yellow,#F4EE2A,71,10522,-10.0,-22.0,170.4,90,CONCEPT_NOT_FIT_VALIDATED
DUC-F-10523,p4-4x2,Yellow,#F4EE2A,71,10523,-2.0,-22.0,170.4,90,CONCEPT_NOT_FIT_VALIDATED
DUC-F-10524,p4-4x2,Yellow,#F4EE2A,71,10524,6.0,-22.0,170.4,90,CONCEPT_NOT_FIT_VALIDATED
DUC-F-10525,p4-4x2,Yellow,#F4EE2A,71,10525,14.0,-22.0,170.4,90,CONCEPT_NOT_FIT_VALIDATED
DUC-F-10526,p4-4x2,Yellow,#F4EE2A,71,10526,22.0,-22.0,170.4,90,CONCEPT_NOT_FIT_VALIDATED
DUC-F-10527,p4-4x2,Yellow,#F4EE2A,71,10527,30.0,-22.0,170.4,90,CONCEPT_NOT_FIT_VALIDATED
DUC-F-10528,p4-3x1,Yellow,#F4EE2A,71,10528,-36.0,-20.0,170.4,90,CONCEPT_NOT_FIT_VALIDATED
DUC-F-10529,p4-3x1,Yellow,#F4EE2A,71,10529,36.0,-20.0,170.4,90,CONCEPT_NOT_FIT_VALIDATED
DUC-F-10530,p4-4x1,Yellow,#F4EE2A,71,10530,-40.0,-6.0,170.4,90,CONCEPT_NOT_FIT_VALIDATED
DUC-F-10531,p4-4x2,Yellow,#F4EE2A,71,10531,-34.0,-6.0,170.4,90,CONCEPT_NOT_FIT_VALIDATED
DUC-F-10532,p4-4x2,Yellow,#F4EE2A,71,10532,-26.0,-6.0,170.4,90,CONCEPT_NOT_FIT_VALIDATED
DUC-F-10533,p4-4x2,Yellow,#F4EE2A,71,10533,-18.0,-6.0,170.4,90,CONCEPT_NOT_FIT_VALIDATED
DUC-F-10534,p4-4x2,Yellow,#F4EE2A,71,10534,-10.0,-6.0,170.4,90,CONCEPT_NOT_FIT_VALIDATED
DUC-F-10535,p4-4x2,Yellow,#F4EE2A,71,10535,-2.0,-6.0,170.4,90,CONCEPT_NOT_FIT_VALIDATED
DUC-F-10536,p4-4x2,Yellow,#F4EE2A,71,10536,6.0,-6.0,170.4,90,CONCEPT_NOT_FIT_VALIDATED
DUC-F-10537,p4-4x2,Yellow,#F4EE2A,71,10537,14.0,-6.0,170.4,90,CONCEPT_NOT_FIT_VALIDATED
DUC-F-10538,p4-4x2,Yellow,#F4EE2A,71,10538,22.0,-6.0,170.4,90,CONCEPT_NOT_FIT_VALIDATED
DUC-F-10539,p4-4x2,Yellow,#F4EE2A,71,10539,30.0,-6.0,170.4,90,CONCEPT_NOT_FIT_VALIDATED
DUC-F-10540,p4-4x2,Yellow,#F4EE2A,71,10540,38.0,-6.0,170.4,90,CONCEPT_NOT_FIT_VALIDATED
DUC-F-10541,p4-2x2,Yellow,#F4EE2A,71,10541,-34.0,6.0,170.4,0,CONCEPT_NOT_FIT_VALIDATED
DUC-F-10542,p4-4x2,Yellow,#F4EE2A,71,10542,-26.0,10.0,170.4,90,CONCEPT_NOT_FIT_VALIDATED
DUC-F-10543,p4-4x2,Yellow,#F4EE2A,71,10543,-18.0,10.0,170.4,90,CONCEPT_NOT_FIT_VALIDATED
DUC-F-10544,p4-4x2,Yellow,#F4EE2A,71,10544,-10.0,10.0,170.4,90,CONCEPT_NOT_FIT_VALIDATED
DUC-F-10545,p4-4x2,Yellow,#F4EE2A,71,10545,-2.0,10.0,170.4,90,CONCEPT_NOT_FIT_VALIDATED
DUC-F-10546,p4-4x2,Yellow,#F4EE2A,71,10546,6.0,10.0,170.4,90,CONCEPT_NOT_FIT_VALIDATED
DUC-F-10547,p4-4x2,Yellow,#F4EE2A,71,10547,14.0,10.0,170.4,90,CONCEPT_NOT_FIT_VALIDATED
DUC-F-10548,p4-4x2,Yellow,#F4EE2A,71,10548,22.0,10.0,170.4,90,CONCEPT_NOT_FIT_VALIDATED
DUC-F-10549,p4-4x2,Yellow,#F4EE2A,71,10549,30.0,10.0,170.4,90,CONCEPT_NOT_FIT_VALIDATED
DUC-F-10550,p4-2x1,Yellow,#F4EE2A,71,10550,36.0,6.0,170.4,90,CONCEPT_NOT_FIT_VALIDATED
DUC-F-10551,p4-2x1,Yellow,#F4EE2A,71,10551,-32.0,14.0,170.4,90,CONCEPT_NOT_FIT_VALIDATED
DUC-F-10552,p4-2x1,Yellow,#F4EE2A,71,10552,-26.0,20.0,170.4,0,CONCEPT_NOT_FIT_VALIDATED
DUC-F-10553,p4-2x2,Yellow,#F4EE2A,71,10553,-18.0,22.0,170.4,0,CONCEPT_NOT_FIT_VALIDATED
DUC-F-10554,p4-3x2,Yellow,#F4EE2A,71,10554,-10.0,24.0,170.4,90,CONCEPT_NOT_FIT_VALIDATED
DUC-F-10555,p4-3x2,Yellow,#F4EE2A,71,10555,-2.0,24.0,170.4,90,CONCEPT_NOT_FIT_VALIDATED
DUC-F-10556,p4-3x2,Yellow,#F4EE2A,71,10556,6.0,24.0,170.4,90,CONCEPT_NOT_FIT_VALIDATED
DUC-F-10557,p4-2x2,Yellow,#F4EE2A,71,10557,14.0,22.0,170.4,0,CONCEPT_NOT_FIT_VALIDATED
DUC-F-10558,p4-2x1,Yellow,#F4EE2A,71,10558,20.0,22.0,170.4,90,CONCEPT_NOT_FIT_VALIDATED
DUC-F-10559,p4-1x1,Yellow,#F4EE2A,71,10559,24.0,20.0,170.4,0,CONCEPT_NOT_FIT_VALIDATED
DUC-F-10560,p4-1x1,Yellow,#F4EE2A,71,10560,28.0,20.0,170.4,0,CONCEPT_NOT_FIT_VALIDATED
DUC-F-10561,p4-1x1,Yellow,#F4EE2A,71,10561,-24.0,24.0,170.4,0,CONCEPT_NOT_FIT_VALIDATED
DUC-F-10562,p4-1x1,Yellow,#F4EE2A,71,10562,12.0,28.0,170.4,0,CONCEPT_NOT_FIT_VALIDATED
DUC-F-10563,p4-4x1,Yellow,#F4EE2A,72,10563,-26.0,-20.0,172.8,0,CONCEPT_NOT_FIT_VALIDATED
DUC-F-10564,p4-4x2,Yellow,#F4EE2A,72,10564,-26.0,-14.0,172.8,0,CONCEPT_NOT_FIT_VALIDATED
DUC-F-10565,p4-4x2,Yellow,#F4EE2A,72,10565,-26.0,-6.0,172.8,0,CONCEPT_NOT_FIT_VALIDATED
DUC-F-10566,p4-4x2,Yellow,#F4EE2A,72,10566,-26.0,2.0,172.8,0,CONCEPT_NOT_FIT_VALIDATED
DUC-F-10567,p4-4x1,Yellow,#F4EE2A,72,10567,-26.0,8.0,172.8,0,CONCEPT_NOT_FIT_VALIDATED
DUC-F-10568,p4-3x1,Yellow,#F4EE2A,72,10568,-24.0,-28.0,172.8,0,CONCEPT_NOT_FIT_VALIDATED
DUC-F-10569,p4-3x1,Yellow,#F4EE2A,72,10569,-24.0,-24.0,172.8,0,CONCEPT_NOT_FIT_VALIDATED
DUC-F-10570,p4-3x1,Yellow,#F4EE2A,72,10570,-24.0,12.0,172.8,0,CONCEPT_NOT_FIT_VALIDATED
DUC-F-10571,p4-2x1,Yellow,#F4EE2A,72,10571,-22.0,-32.0,172.8,0,CONCEPT_NOT_FIT_VALIDATED
DUC-F-10572,p4-2x1,Yellow,#F4EE2A,72,10572,-22.0,16.0,172.8,0,CONCEPT_NOT_FIT_VALIDATED
DUC-F-10573,p4-1x1,Yellow,#F4EE2A,72,10573,-20.0,-36.0,172.8,0,CONCEPT_NOT_FIT_VALIDATED
DUC-F-10574,p4-1x1,Yellow,#F4EE2A,72,10574,-20.0,20.0,172.8,0,CONCEPT_NOT_FIT_VALIDATED
DUC-F-10575,p4-4x1,Yellow,#F4EE2A,72,10575,-10.0,-36.0,172.8,0,CONCEPT_NOT_FIT_VALIDATED
DUC-F-10576,p4-4x2,Yellow,#F4EE2A,72,10576,-10.0,-30.0,172.8,0,CONCEPT_NOT_FIT_VALIDATED
DUC-F-10577,p4-4x2,Yellow,#F4EE2A,72,10577,-10.0,-22.0,172.8,0,CONCEPT_NOT_FIT_VALIDATED
DUC-F-10578,p4-4x2,Yellow,#F4EE2A,72,10578,-10.0,-14.0,172.8,0,CONCEPT_NOT_FIT_VALIDATED
DUC-F-10579,p4-4x2,Yellow,#F4EE2A,72,10579,-10.0,-6.0,172.8,0,CONCEPT_NOT_FIT_VALIDATED
DUC-F-10580,p4-4x2,Yellow,#F4EE2A,72,10580,-10.0,2.0,172.8,0,CONCEPT_NOT_FIT_VALIDATED
DUC-F-10581,p4-4x2,Yellow,#F4EE2A,72,10581,-10.0,10.0,172.8,0,CONCEPT_NOT_FIT_VALIDATED
DUC-F-10582,p4-4x2,Yellow,#F4EE2A,72,10582,-10.0,18.0,172.8,0,CONCEPT_NOT_FIT_VALIDATED
DUC-F-10583,p4-2x1,Yellow,#F4EE2A,72,10583,-6.0,-40.0,172.8,0,CONCEPT_NOT_FIT_VALIDATED
DUC-F-10584,p4-2x1,Yellow,#F4EE2A,72,10584,-6.0,24.0,172.8,0,CONCEPT_NOT_FIT_VALIDATED
DUC-F-10585,p4-3x2,Yellow,#F4EE2A,72,10585,4.0,-38.0,172.8,0,CONCEPT_NOT_FIT_VALIDATED
DUC-F-10586,p4-4x2,Yellow,#F4EE2A,72,10586,6.0,-30.0,172.8,0,CONCEPT_NOT_FIT_VALIDATED
DUC-F-10587,p4-4x2,Yellow,#F4EE2A,72,10587,6.0,-22.0,172.8,0,CONCEPT_NOT_FIT_VALIDATED
DUC-F-10588,p4-4x2,Yellow,#F4EE2A,72,10588,6.0,-14.0,172.8,0,CONCEPT_NOT_FIT_VALIDATED
DUC-F-10589,p4-4x2,Yellow,#F4EE2A,72,10589,6.0,-6.0,172.8,0,CONCEPT_NOT_FIT_VALIDATED
DUC-F-10590,p4-4x2,Yellow,#F4EE2A,72,10590,6.0,2.0,172.8,0,CONCEPT_NOT_FIT_VALIDATED
DUC-F-10591,p4-4x2,Yellow,#F4EE2A,72,10591,6.0,10.0,172.8,0,CONCEPT_NOT_FIT_VALIDATED
DUC-F-10592,p4-4x2,Yellow,#F4EE2A,72,10592,6.0,18.0,172.8,0,CONCEPT_NOT_FIT_VALIDATED
DUC-F-10593,p4-4x1,Yellow,#F4EE2A,72,10593,6.0,24.0,172.8,0,CONCEPT_NOT_FIT_VALIDATED
DUC-F-10594,p4-1x1,Yellow,#F4EE2A,72,10594,12.0,-36.0,172.8,0,CONCEPT_NOT_FIT_VALIDATED
DUC-F-10595,p4-2x1,Yellow,#F4EE2A,72,10595,18.0,-36.0,172.8,0,CONCEPT_NOT_FIT_VALIDATED
DUC-F-10596,p4-3x2,Yellow,#F4EE2A,72,10596,20.0,-30.0,172.8,0,CONCEPT_NOT_FIT_VALIDATED
DUC-F-10597,p4-4x2,Yellow,#F4EE2A,72,10597,22.0,-22.0,172.8,0,CONCEPT_NOT_FIT_VALIDATED
DUC-F-10598,p4-4x2,Yellow,#F4EE2A,72,10598,22.0,-14.0,172.8,0,CONCEPT_NOT_FIT_VALIDATED
DUC-F-10599,p4-4x2,Yellow,#F4EE2A,72,10599,22.0,-6.0,172.8,0,CONCEPT_NOT_FIT_VALIDATED
DUC-F-10600,p4-4x2,Yellow,#F4EE2A,72,10600,22.0,2.0,172.8,0,CONCEPT_NOT_FIT_VALIDATED
DUC-F-10601,p4-4x2,Yellow,#F4EE2A,72,10601,22.0,10.0,172.8,0,CONCEPT_NOT_FIT_VALIDATED
DUC-F-10602,p4-2x2,Yellow,#F4EE2A,72,10602,18.0,18.0,172.8,0,CONCEPT_NOT_FIT_VALIDATED
DUC-F-10603,p4-1x1,Yellow,#F4EE2A,72,10603,24.0,16.0,172.8,0,CONCEPT_NOT_FIT_VALIDATED
DUC-F-10604,p4-1x1,Yellow,#F4EE2A,72,10604,28.0,-28.0,172.8,0,CONCEPT_NOT_FIT_VALIDATED
DUC-F-10605,p4-1x1,Yellow,#F4EE2A,72,10605,32.0,-20.0,172.8,0,CONCEPT_NOT_FIT_VALIDATED
DUC-F-10606,p4-2x1,Yellow,#F4EE2A,72,10606,32.0,-14.0,172.8,90,CONCEPT_NOT_FIT_VALIDATED
DUC-F-10607,p4-2x1,Yellow,#F4EE2A,72,10607,32.0,-6.0,172.8,90,CONCEPT_NOT_FIT_VALIDATED
DUC-F-10608,p4-2x1,Yellow,#F4EE2A,72,10608,32.0,2.0,172.8,90,CONCEPT_NOT_FIT_VALIDATED
DUC-F-10609,p4-1x1,Yellow,#F4EE2A,72,10609,32.0,8.0,172.8,0,CONCEPT_NOT_FIT_VALIDATED
DUC-F-10610,p4-4x2,Yellow,#F4EE2A,73,10610,-14.0,-26.0,175.2,90,CONCEPT_NOT_FIT_VALIDATED
DUC-F-10611,p4-4x2,Yellow,#F4EE2A,73,10611,-6.0,-26.0,175.2,90,CONCEPT_NOT_FIT_VALIDATED
DUC-F-10612,p4-4x2,Yellow,#F4EE2A,73,10612,2.0,-26.0,175.2,90,CONCEPT_NOT_FIT_VALIDATED
DUC-F-10613,p4-4x2,Yellow,#F4EE2A,73,10613,10.0,-26.0,175.2,90,CONCEPT_NOT_FIT_VALIDATED
DUC-F-10614,p4-4x1,Yellow,#F4EE2A,73,10614,16.0,-26.0,175.2,90,CONCEPT_NOT_FIT_VALIDATED
DUC-F-10615,p4-3x1,Yellow,#F4EE2A,73,10615,-20.0,-24.0,175.2,90,CONCEPT_NOT_FIT_VALIDATED
DUC-F-10616,p4-3x1,Yellow,#F4EE2A,73,10616,20.0,-24.0,175.2,90,CONCEPT_NOT_FIT_VALIDATED
DUC-F-10617,p4-2x1,Yellow,#F4EE2A,73,10617,-24.0,-22.0,175.2,90,CONCEPT_NOT_FIT_VALIDATED
DUC-F-10618,p4-2x1,Yellow,#F4EE2A,73,10618,24.0,-22.0,175.2,90,CONCEPT_NOT_FIT_VALIDATED
DUC-F-10619,p4-4x1,Yellow,#F4EE2A,73,10619,-28.0,-10.0,175.2,90,CONCEPT_NOT_FIT_VALIDATED
DUC-F-10620,p4-4x2,Yellow,#F4EE2A,73,10620,-22.0,-10.0,175.2,90,CONCEPT_NOT_FIT_VALIDATED
DUC-F-10621,p4-4x2,Yellow,#F4EE2A,73,10621,-14.0,-10.0,175.2,90,CONCEPT_NOT_FIT_VALIDATED
DUC-F-10622,p4-4x2,Yellow,#F4EE2A,73,10622,-6.0,-10.0,175.2,90,CONCEPT_NOT_FIT_VALIDATED
DUC-F-10623,p4-4x2,Yellow,#F4EE2A,73,10623,2.0,-10.0,175.2,90,CONCEPT_NOT_FIT_VALIDATED
DUC-F-10624,p4-4x2,Yellow,#F4EE2A,73,10624,10.0,-10.0,175.2,90,CONCEPT_NOT_FIT_VALIDATED
DUC-F-10625,p4-4x2,Yellow,#F4EE2A,73,10625,18.0,-10.0,175.2,90,CONCEPT_NOT_FIT_VALIDATED
DUC-F-10626,p4-4x2,Yellow,#F4EE2A,73,10626,26.0,-10.0,175.2,90,CONCEPT_NOT_FIT_VALIDATED
DUC-F-10627,p4-1x1,Yellow,#F4EE2A,73,10627,-28.0,0.0,175.2,0,CONCEPT_NOT_FIT_VALIDATED
DUC-F-10628,p4-3x2,Yellow,#F4EE2A,73,10628,-22.0,4.0,175.2,90,CONCEPT_NOT_FIT_VALIDATED
DUC-F-10629,p4-4x2,Yellow,#F4EE2A,73,10629,-14.0,6.0,175.2,90,CONCEPT_NOT_FIT_VALIDATED
DUC-F-10630,p4-4x2,Yellow,#F4EE2A,73,10630,-6.0,6.0,175.2,90,CONCEPT_NOT_FIT_VALIDATED
DUC-F-10631,p4-4x2,Yellow,#F4EE2A,73,10631,2.0,6.0,175.2,90,CONCEPT_NOT_FIT_VALIDATED
DUC-F-10632,p4-4x2,Yellow,#F4EE2A,73,10632,10.0,6.0,175.2,90,CONCEPT_NOT_FIT_VALIDATED
DUC-F-10633,p4-4x2,Yellow,#F4EE2A,73,10633,18.0,6.0,175.2,90,CONCEPT_NOT_FIT_VALIDATED
DUC-F-10634,p4-3x1,Yellow,#F4EE2A,73,10634,24.0,4.0,175.2,90,CONCEPT_NOT_FIT_VALIDATED
DUC-F-10635,p4-1x1,Yellow,#F4EE2A,73,10635,28.0,0.0,175.2,0,CONCEPT_NOT_FIT_VALIDATED
DUC-F-10636,p4-1x1,Yellow,#F4EE2A,73,10636,-20.0,12.0,175.2,0,CONCEPT_NOT_FIT_VALIDATED
DUC-F-10637,p4-2x1,Yellow,#F4EE2A,73,10637,-14.0,16.0,175.2,0,CONCEPT_NOT_FIT_VALIDATED
DUC-F-10638,p4-2x1,Yellow,#F4EE2A,73,10638,-6.0,16.0,175.2,0,CONCEPT_NOT_FIT_VALIDATED
DUC-F-10639,p4-2x2,Yellow,#F4EE2A,73,10639,2.0,18.0,175.2,0,CONCEPT_NOT_FIT_VALIDATED
DUC-F-10640,p4-2x1,Yellow,#F4EE2A,73,10640,10.0,16.0,175.2,0,CONCEPT_NOT_FIT_VALIDATED
DUC-F-10641,p4-1x1,Yellow,#F4EE2A,73,10641,16.0,16.0,175.2,0,CONCEPT_NOT_FIT_VALIDATED
DUC-F-10642,p4-1x1,Yellow,#F4EE2A,73,10642,-4.0,20.0,175.2,0,CONCEPT_NOT_FIT_VALIDATED
DUC-F-10643,p4-4x1,Yellow,#F4EE2A,74,10643,-14.0,-16.0,177.6,0,CONCEPT_NOT_FIT_VALIDATED
DUC-F-10644,p4-4x2,Yellow,#F4EE2A,74,10644,-14.0,-10.0,177.6,0,CONCEPT_NOT_FIT_VALIDATED
DUC-F-10645,p4-4x2,Yellow,#F4EE2A,74,10645,-14.0,-2.0,177.6,0,CONCEPT_NOT_FIT_VALIDATED
DUC-F-10646,p4-3x1,Yellow,#F4EE2A,74,10646,-12.0,-20.0,177.6,0,CONCEPT_NOT_FIT_VALIDATED
DUC-F-10647,p4-3x1,Yellow,#F4EE2A,74,10647,-12.0,4.0,177.6,0,CONCEPT_NOT_FIT_VALIDATED
DUC-F-10648,p4-2x1,Yellow,#F4EE2A,74,10648,-10.0,-24.0,177.6,0,CONCEPT_NOT_FIT_VALIDATED
DUC-F-10649,p4-2x1,Yellow,#F4EE2A,74,10649,-10.0,8.0,177.6,0,CONCEPT_NOT_FIT_VALIDATED
DUC-F-10650,p4-4x1,Yellow,#F4EE2A,74,10650,2.0,-24.0,177.6,0,CONCEPT_NOT_FIT_VALIDATED
DUC-F-10651,p4-4x2,Yellow,#F4EE2A,74,10651,2.0,-18.0,177.6,0,CONCEPT_NOT_FIT_VALIDATED
DUC-F-10652,p4-4x2,Yellow,#F4EE2A,74,10652,2.0,-10.0,177.6,0,CONCEPT_NOT_FIT_VALIDATED
DUC-F-10653,p4-4x2,Yellow,#F4EE2A,74,10653,2.0,-2.0,177.6,0,CONCEPT_NOT_FIT_VALIDATED
DUC-F-10654,p4-4x2,Yellow,#F4EE2A,74,10654,2.0,6.0,177.6,0,CONCEPT_NOT_FIT_VALIDATED
DUC-F-10655,p4-3x1,Yellow,#F4EE2A,74,10655,0.0,12.0,177.6,0,CONCEPT_NOT_FIT_VALIDATED
DUC-F-10656,p4-2x1,Yellow,#F4EE2A,74,10656,2.0,-28.0,177.6,0,CONCEPT_NOT_FIT_VALIDATED
DUC-F-10657,p4-1x1,Yellow,#F4EE2A,74,10657,12.0,-24.0,177.6,0,CONCEPT_NOT_FIT_VALIDATED
DUC-F-10658,p4-2x2,Yellow,#F4EE2A,74,10658,14.0,-18.0,177.6,0,CONCEPT_NOT_FIT_VALIDATED
DUC-F-10659,p4-3x2,Yellow,#F4EE2A,74,10659,16.0,-10.0,177.6,0,CONCEPT_NOT_FIT_VALIDATED
DUC-F-10660,p4-3x2,Yellow,#F4EE2A,74,10660,16.0,-2.0,177.6,0,CONCEPT_NOT_FIT_VALIDATED
DUC-F-10661,p4-2x1,Yellow,#F4EE2A,74,10661,14.0,4.0,177.6,0,CONCEPT_NOT_FIT_VALIDATED
DUC-F-10662,p4-1x1,Yellow,#F4EE2A,74,10662,12.0,8.0,177.6,0,CONCEPT_NOT_FIT_VALIDATED
