part_id,type_id,color,hex,layer,assembly_step,x_mm,y_mm,z_mm,rotation_z_deg,status
DUC-C-00001,p8-1x1,Yellow,#F4EE2A,0,1,-40.0,-8.0,0.0,0,CONCEPT_NOT_FIT_VALIDATED
DUC-C-00002,p8-2x1,Yellow,#F4EE2A,0,2,-40.0,4.0,0.0,90,CONCEPT_NOT_FIT_VALIDATED
DUC-C-00003,p8-1x1,Yellow,#F4EE2A,0,3,-40.0,16.0,0.0,0,CONCEPT_NOT_FIT_VALIDATED
DUC-C-00004,p8-4x1,Yellow,#F4EE2A,0,4,-20.0,-24.0,0.0,0,CONCEPT_NOT_FIT_VALIDATED
DUC-C-00005,p8-4x2,Yellow,#F4EE2A,0,5,-20.0,-12.0,0.0,0,CONCEPT_NOT_FIT_VALIDATED
DUC-C-00006,p8-4x2,Yellow,#F4EE2A,0,6,-20.0,4.0,0.0,0,CONCEPT_NOT_FIT_VALIDATED
DUC-C-00007,p8-4x2,Yellow,#F4EE2A,0,7,-20.0,20.0,0.0,0,CONCEPT_NOT_FIT_VALIDATED
DUC-C-00008,p8-4x1,Yellow,#F4EE2A,0,8,-20.0,32.0,0.0,0,CONCEPT_NOT_FIT_VALIDATED
DUC-C-00009,p8-3x1,Yellow,#F4EE2A,0,9,-16.0,-32.0,0.0,0,CONCEPT_NOT_FIT_VALIDATED
DUC-C-00010,p8-3x1,Yellow,#F4EE2A,0,10,-16.0,40.0,0.0,0,CONCEPT_NOT_FIT_VALIDATED
DUC-C-00011,p8-4x2,Yellow,#F4EE2A,0,11,12.0,-28.0,0.0,0,CONCEPT_NOT_FIT_VALIDATED
DUC-C-00012,p8-4x2,Yellow,#F4EE2A,0,12,12.0,-12.0,0.0,0,CONCEPT_NOT_FIT_VALIDATED
DUC-C-00013,p8-4x2,Yellow,#F4EE2A,0,13,12.0,4.0,0.0,0,CONCEPT_NOT_FIT_VALIDATED
DUC-C-00014,p8-4x2,Yellow,#F4EE2A,0,14,12.0,20.0,0.0,0,CONCEPT_NOT_FIT_VALIDATED
DUC-C-00015,p8-4x2,Yellow,#F4EE2A,0,15,12.0,36.0,0.0,0,CONCEPT_NOT_FIT_VALIDATED
DUC-C-00016,p8-1x1,Yellow,#F4EE2A,0,16,32.0,-24.0,0.0,0,CONCEPT_NOT_FIT_VALIDATED
DUC-C-00017,p8-2x1,Yellow,#F4EE2A,0,17,32.0,-12.0,0.0,90,CONCEPT_NOT_FIT_VALIDATED
DUC-C-00018,p8-2x2,Yellow,#F4EE2A,0,18,36.0,4.0,0.0,0,CONCEPT_NOT_FIT_VALIDATED
DUC-C-00019,p8-2x1,Yellow,#F4EE2A,0,19,36.0,16.0,0.0,0,CONCEPT_NOT_FIT_VALIDATED
DUC-C-00020,p8-1x1,Yellow,#F4EE2A,0,20,32.0,24.0,0.0,0,CONCEPT_NOT_FIT_VALIDATED
DUC-C-00021,p8-1x1,Yellow,#F4EE2A,0,21,32.0,32.0,0.0,0,CONCEPT_NOT_FIT_VALIDATED
DUC-C-00022,p8-1x1,Yellow,#F4EE2A,0,22,40.0,-8.0,0.0,0,CONCEPT_NOT_FIT_VALIDATED
DUC-C-00027,p8-4x2,Yellow,#F4EE2A,1,23,-28.0,-20.0,4.8,90,CONCEPT_NOT_FIT_VALIDATED
DUC-C-00028,p8-4x2,Yellow,#F4EE2A,1,24,-12.0,-20.0,4.8,90,CONCEPT_NOT_FIT_VALIDATED
DUC-C-00029,p8-4x2,Yellow,#F4EE2A,1,25,4.0,-20.0,4.8,90,CONCEPT_NOT_FIT_VALIDATED
DUC-C-00030,p8-4x2,Yellow,#F4EE2A,1,26,20.0,-20.0,4.8,90,CONCEPT_NOT_FIT_VALIDATED
DUC-C-00031,p8-4x1,Yellow,#F4EE2A,1,27,32.0,-20.0,4.8,90,CONCEPT_NOT_FIT_VALIDATED
DUC-C-00032,p8-3x1,Yellow,#F4EE2A,1,28,-40.0,-16.0,4.8,90,CONCEPT_NOT_FIT_VALIDATED
DUC-C-00033,p8-3x1,Yellow,#F4EE2A,1,29,40.0,-16.0,4.8,90,CONCEPT_NOT_FIT_VALIDATED
DUC-C-00036,p8-4x2,Yellow,#F4EE2A,1,30,-44.0,12.0,4.8,90,CONCEPT_NOT_FIT_VALIDATED
DUC-C-00037,p8-4x2,Yellow,#F4EE2A,1,31,-28.0,12.0,4.8,90,CONCEPT_NOT_FIT_VALIDATED
DUC-C-00038,p8-4x2,Yellow,#F4EE2A,1,32,-12.0,12.0,4.8,90,CONCEPT_NOT_FIT_VALIDATED
DUC-C-00039,p8-4x2,Yellow,#F4EE2A,1,33,4.0,12.0,4.8,90,CONCEPT_NOT_FIT_VALIDATED
DUC-C-00040,p8-4x2,Yellow,#F4EE2A,1,34,20.0,12.0,4.8,90,CONCEPT_NOT_FIT_VALIDATED
DUC-C-00041,p8-4x2,Yellow,#F4EE2A,1,35,36.0,12.0,4.8,90,CONCEPT_NOT_FIT_VALIDATED
DUC-C-00044,p8-2x2,Yellow,#F4EE2A,1,36,-28.0,36.0,4.8,0,CONCEPT_NOT_FIT_VALIDATED
DUC-C-00045,p8-3x2,Yellow,#F4EE2A,1,37,-12.0,40.0,4.8,90,CONCEPT_NOT_FIT_VALIDATED
DUC-C-00046,p8-4x2,Yellow,#F4EE2A,1,38,4.0,44.0,4.8,90,CONCEPT_NOT_FIT_VALIDATED
DUC-C-00047,p8-3x2,Yellow,#F4EE2A,1,39,20.0,40.0,4.8,90,CONCEPT_NOT_FIT_VALIDATED
DUC-C-00048,p8-2x1,Yellow,#F4EE2A,1,40,32.0,36.0,4.8,90,CONCEPT_NOT_FIT_VALIDATED
DUC-C-00052,p8-2x1,Yellow,#F4EE2A,2,41,-52.0,0.0,9.6,0,CONCEPT_NOT_FIT_VALIDATED
DUC-C-00053,p8-2x2,Yellow,#F4EE2A,2,42,-52.0,12.0,9.6,0,CONCEPT_NOT_FIT_VALIDATED
DUC-C-00056,p8-2x1,Yellow,#F4EE2A,2,43,-48.0,28.0,9.6,90,CONCEPT_NOT_FIT_VALIDATED
DUC-C-00058,p8-4x1,Yellow,#F4EE2A,2,44,-28.0,-32.0,9.6,0,CONCEPT_NOT_FIT_VALIDATED
DUC-C-00059,p8-4x2,Yellow,#F4EE2A,2,45,-28.0,-20.0,9.6,0,CONCEPT_NOT_FIT_VALIDATED
DUC-C-00060,p8-4x2,Yellow,#F4EE2A,2,46,-28.0,-4.0,9.6,0,CONCEPT_NOT_FIT_VALIDATED
DUC-C-00061,p8-4x2,Yellow,#F4EE2A,2,47,-28.0,12.0,9.6,0,CONCEPT_NOT_FIT_VALIDATED
DUC-C-00062,p8-4x2,Yellow,#F4EE2A,2,48,-28.0,28.0,9.6,0,CONCEPT_NOT_FIT_VALIDATED
DUC-C-00043,p8-1x1,Yellow,#F4EE2A,1,49,-40.0,32.0,4.8,0,CONCEPT_NOT_FIT_VALIDATED
DUC-C-00063,p8-4x2,Yellow,#F4EE2A,2,50,-28.0,44.0,9.6,0,CONCEPT_NOT_FIT_VALIDATED
DUC-C-00050,p8-1x1,Yellow,#F4EE2A,1,51,-24.0,48.0,4.8,0,CONCEPT_NOT_FIT_VALIDATED
DUC-C-00068,p8-4x2,Yellow,#F4EE2A,2,52,4.0,-36.0,9.6,0,CONCEPT_NOT_FIT_VALIDATED
DUC-C-00024,p8-2x1,Yellow,#F4EE2A,1,53,-12.0,-40.0,4.8,0,CONCEPT_NOT_FIT_VALIDATED
DUC-C-00025,p8-2x1,Yellow,#F4EE2A,1,54,4.0,-40.0,4.8,0,CONCEPT_NOT_FIT_VALIDATED
DUC-C-00026,p8-2x1,Yellow,#F4EE2A,1,55,20.0,-40.0,4.8,0,CONCEPT_NOT_FIT_VALIDATED
DUC-C-00064,p8-3x1,Yellow,#F4EE2A,2,56,-24.0,-40.0,9.6,0,CONCEPT_NOT_FIT_VALIDATED
DUC-C-00023,p8-1x1,Yellow,#F4EE2A,1,57,-24.0,-40.0,4.8,0,CONCEPT_NOT_FIT_VALIDATED
DUC-C-00069,p8-4x2,Yellow,#F4EE2A,2,58,4.0,-20.0,9.6,0,CONCEPT_NOT_FIT_VALIDATED
DUC-C-00070,p8-4x2,Yellow,#F4EE2A,2,59,4.0,-4.0,9.6,0,CONCEPT_NOT_FIT_VALIDATED
DUC-C-00071,p8-4x2,Yellow,#F4EE2A,2,60,4.0,12.0,9.6,0,CONCEPT_NOT_FIT_VALIDATED
DUC-C-00072,p8-4x2,Yellow,#F4EE2A,2,61,4.0,28.0,9.6,0,CONCEPT_NOT_FIT_VALIDATED
DUC-C-00073,p8-4x2,Yellow,#F4EE2A,2,62,4.0,44.0,9.6,0,CONCEPT_NOT_FIT_VALIDATED
DUC-C-00074,p8-4x1,Yellow,#F4EE2A,2,63,4.0,56.0,9.6,0,CONCEPT_NOT_FIT_VALIDATED
DUC-C-00051,p8-1x1,Yellow,#F4EE2A,1,64,-8.0,56.0,4.8,0,CONCEPT_NOT_FIT_VALIDATED
DUC-C-00076,p8-2x2,Yellow,#F4EE2A,2,65,28.0,-36.0,9.6,0,CONCEPT_NOT_FIT_VALIDATED
DUC-C-00077,p8-4x2,Yellow,#F4EE2A,2,66,36.0,-20.0,9.6,0,CONCEPT_NOT_FIT_VALIDATED
DUC-C-00078,p8-4x2,Yellow,#F4EE2A,2,67,36.0,-4.0,9.6,0,CONCEPT_NOT_FIT_VALIDATED
DUC-C-00035,p8-1x1,Yellow,#F4EE2A,1,68,48.0,-8.0,4.8,0,CONCEPT_NOT_FIT_VALIDATED
DUC-C-00042,p8-4x1,Yellow,#F4EE2A,1,69,48.0,12.0,4.8,90,CONCEPT_NOT_FIT_VALIDATED
DUC-C-00079,p8-4x2,Yellow,#F4EE2A,2,70,36.0,12.0,9.6,0,CONCEPT_NOT_FIT_VALIDATED
DUC-C-00080,p8-4x2,Yellow,#F4EE2A,2,71,36.0,28.0,9.6,0,CONCEPT_NOT_FIT_VALIDATED
DUC-C-00049,p8-1x1,Yellow,#F4EE2A,1,72,40.0,32.0,4.8,0,CONCEPT_NOT_FIT_VALIDATED
DUC-C-00081,p8-3x2,Yellow,#F4EE2A,2,73,32.0,44.0,9.6,0,CONCEPT_NOT_FIT_VALIDATED
DUC-C-00092,p8-4x2,Yellow,#F4EE2A,3,74,-36.0,-28.0,14.4,90,CONCEPT_NOT_FIT_VALIDATED
DUC-C-00093,p8-4x2,Yellow,#F4EE2A,3,75,-20.0,-28.0,14.4,90,CONCEPT_NOT_FIT_VALIDATED
DUC-C-00094,p8-4x2,Yellow,#F4EE2A,3,76,-4.0,-28.0,14.4,90,CONCEPT_NOT_FIT_VALIDATED
DUC-C-00095,p8-4x2,Yellow,#F4EE2A,3,77,12.0,-28.0,14.4,90,CONCEPT_NOT_FIT_VALIDATED
DUC-C-00096,p8-4x2,Yellow,#F4EE2A,3,78,28.0,-28.0,14.4,90,CONCEPT_NOT_FIT_VALIDATED
DUC-C-00097,p8-4x1,Yellow,#F4EE2A,3,79,40.0,-28.0,14.4,90,CONCEPT_NOT_FIT_VALIDATED
DUC-C-00083,p8-1x1,Yellow,#F4EE2A,2,80,40.0,-32.0,9.6,0,CONCEPT_NOT_FIT_VALIDATED
DUC-C-00099,p8-3x1,Yellow,#F4EE2A,3,81,48.0,-24.0,14.4,90,CONCEPT_NOT_FIT_VALIDATED
DUC-C-00102,p8-4x2,Yellow,#F4EE2A,3,82,-52.0,4.0,14.4,90,CONCEPT_NOT_FIT_VALIDATED
DUC-C-00055,p8-1x1,Yellow,#F4EE2A,2,83,-48.0,-8.0,9.6,0,CONCEPT_NOT_FIT_VALIDATED
DUC-C-00034,p8-1x1,Yellow,#F4EE2A,1,84,-48.0,-8.0,4.8,0,CONCEPT_NOT_FIT_VALIDATED
DUC-C-00103,p8-4x2,Yellow,#F4EE2A,3,85,-36.0,4.0,14.4,90,CONCEPT_NOT_FIT_VALIDATED
DUC-C-00104,p8-4x2,Yellow,#F4EE2A,3,86,-20.0,4.0,14.4,90,CONCEPT_NOT_FIT_VALIDATED
DUC-C-00105,p8-4x2,Yellow,#F4EE2A,3,87,-4.0,4.0,14.4,90,CONCEPT_NOT_FIT_VALIDATED
DUC-C-00106,p8-4x2,Yellow,#F4EE2A,3,88,12.0,4.0,14.4,90,CONCEPT_NOT_FIT_VALIDATED
DUC-C-00107,p8-4x2,Yellow,#F4EE2A,3,89,28.0,4.0,14.4,90,CONCEPT_NOT_FIT_VALIDATED
DUC-C-00108,p8-4x2,Yellow,#F4EE2A,3,90,44.0,4.0,14.4,90,CONCEPT_NOT_FIT_VALIDATED
DUC-C-00110,p8-2x2,Yellow,#F4EE2A,3,91,-52.0,28.0,14.4,0,CONCEPT_NOT_FIT_VALIDATED
DUC-C-00111,p8-4x2,Yellow,#F4EE2A,3,92,-36.0,36.0,14.4,90,CONCEPT_NOT_FIT_VALIDATED
DUC-C-00112,p8-4x2,Yellow,#F4EE2A,3,93,-20.0,36.0,14.4,90,CONCEPT_NOT_FIT_VALIDATED
DUC-C-00113,p8-4x2,Yellow,#F4EE2A,3,94,-4.0,36.0,14.4,90,CONCEPT_NOT_FIT_VALIDATED
DUC-C-00114,p8-4x2,Yellow,#F4EE2A,3,95,12.0,36.0,14.4,90,CONCEPT_NOT_FIT_VALIDATED
DUC-C-00115,p8-4x2,Yellow,#F4EE2A,3,96,28.0,36.0,14.4,90,CONCEPT_NOT_FIT_VALIDATED
DUC-C-00116,p8-3x2,Yellow,#F4EE2A,3,97,44.0,32.0,14.4,90,CONCEPT_NOT_FIT_VALIDATED
DUC-C-00119,p8-1x1,Yellow,#F4EE2A,3,98,40.0,48.0,14.4,0,CONCEPT_NOT_FIT_VALIDATED
DUC-C-00122,p8-2x2,Yellow,#F4EE2A,3,99,-4.0,60.0,14.4,0,CONCEPT_NOT_FIT_VALIDATED
DUC-C-00123,p8-2x2,Yellow,#F4EE2A,3,100,12.0,60.0,14.4,0,CONCEPT_NOT_FIT_VALIDATED
DUC-C-00126,p8-2x1,Yellow,#F4EE2A,4,101,-60.0,-8.0,19.2,0,CONCEPT_NOT_FIT_VALIDATED
DUC-C-00127,p8-2x2,Yellow,#F4EE2A,4,102,-60.0,4.0,19.2,0,CONCEPT_NOT_FIT_VALIDATED
DUC-C-00128,p8-2x1,Yellow,#F4EE2A,4,103,-60.0,16.0,19.2,0,CONCEPT_NOT_FIT_VALIDATED
DUC-C-00131,p8-1x1,Yellow,#F4EE2A,4,104,-56.0,24.0,19.2,0,CONCEPT_NOT_FIT_VALIDATED
DUC-C-00132,p8-2x1,Yellow,#F4EE2A,4,105,-56.0,36.0,19.2,90,CONCEPT_NOT_FIT_VALIDATED
DUC-C-00133,p8-4x1,Yellow,#F4EE2A,4,106,-36.0,-40.0,19.2,0,CONCEPT_NOT_FIT_VALIDATED
DUC-C-00134,p8-4x2,Yellow,#F4EE2A,4,107,-36.0,-28.0,19.2,0,CONCEPT_NOT_FIT_VALIDATED
DUC-C-00098,p8-3x1,Yellow,#F4EE2A,3,108,-48.0,-24.0,14.4,90,CONCEPT_NOT_FIT_VALIDATED
DUC-C-00054,p8-2x1,Yellow,#F4EE2A,2,109,-48.0,-20.0,9.6,90,CONCEPT_NOT_FIT_VALIDATED
DUC-C-00135,p8-4x2,Yellow,#F4EE2A,4,110,-36.0,-12.0,19.2,0,CONCEPT_NOT_FIT_VALIDATED
DUC-C-00136,p8-4x2,Yellow,#F4EE2A,4,111,-36.0,4.0,19.2,0,CONCEPT_NOT_FIT_VALIDATED
DUC-C-00137,p8-4x2,Yellow,#F4EE2A,4,112,-36.0,20.0,19.2,0,CONCEPT_NOT_FIT_VALIDATED
DUC-C-00138,p8-4x2,Yellow,#F4EE2A,4,113,-36.0,36.0,19.2,0,CONCEPT_NOT_FIT_VALIDATED
DUC-C-00118,p8-2x1,Yellow,#F4EE2A,3,114,-48.0,44.0,14.4,90,CONCEPT_NOT_FIT_VALIDATED
DUC-C-00057,p8-1x1,Yellow,#F4EE2A,2,115,-48.0,40.0,9.6,0,CONCEPT_NOT_FIT_VALIDATED
DUC-C-00139,p8-4x1,Yellow,#F4EE2A,4,116,-36.0,48.0,19.2,0,CONCEPT_NOT_FIT_VALIDATED
DUC-C-00145,p8-4x2,Yellow,#F4EE2A,4,117,-4.0,-44.0,19.2,0,CONCEPT_NOT_FIT_VALIDATED
DUC-C-00086,p8-2x1,Yellow,#F4EE2A,3,118,-16.0,-52.0,14.4,90,CONCEPT_NOT_FIT_VALIDATED
DUC-C-00065,p8-2x1,Yellow,#F4EE2A,2,119,-20.0,-48.0,9.6,0,CONCEPT_NOT_FIT_VALIDATED
DUC-C-00087,p8-2x2,Yellow,#F4EE2A,3,120,-4.0,-52.0,14.4,0,CONCEPT_NOT_FIT_VALIDATED
DUC-C-00067,p8-4x1,Yellow,#F4EE2A,2,121,4.0,-48.0,9.6,0,CONCEPT_NOT_FIT_VALIDATED
DUC-C-00088,p8-2x2,Yellow,#F4EE2A,3,122,12.0,-52.0,14.4,0,CONCEPT_NOT_FIT_VALIDATED
DUC-C-00090,p8-1x1,Yellow,#F4EE2A,3,123,-24.0,-48.0,14.4,0,CONCEPT_NOT_FIT_VALIDATED
DUC-C-00140,p8-3x1,Yellow,#F4EE2A,4,124,-32.0,-48.0,19.2,0,CONCEPT_NOT_FIT_VALIDATED
DUC-C-00089,p8-1x1,Yellow,#F4EE2A,3,125,-32.0,-48.0,14.4,0,CONCEPT_NOT_FIT_VALIDATED
DUC-C-00144,p8-4x1,Yellow,#F4EE2A,4,126,-4.0,-56.0,19.2,0,CONCEPT_NOT_FIT_VALIDATED
DUC-C-00146,p8-4x2,Yellow,#F4EE2A,4,127,-4.0,-28.0,19.2,0,CONCEPT_NOT_FIT_VALIDATED
DUC-C-00147,p8-4x2,Yellow,#F4EE2A,4,128,-4.0,-12.0,19.2,0,CONCEPT_NOT_FIT_VALIDATED
DUC-C-00148,p8-4x2,Yellow,#F4EE2A,4,129,-4.0,4.0,19.2,0,CONCEPT_NOT_FIT_VALIDATED
DUC-C-00149,p8-4x2,Yellow,#F4EE2A,4,130,-4.0,20.0,19.2,0,CONCEPT_NOT_FIT_VALIDATED
DUC-C-00150,p8-4x2,Yellow,#F4EE2A,4,131,-4.0,36.0,19.2,0,CONCEPT_NOT_FIT_VALIDATED
DUC-C-00151,p8-4x2,Yellow,#F4EE2A,4,132,-4.0,52.0,19.2,0,CONCEPT_NOT_FIT_VALIDATED
DUC-C-00121,p8-2x1,Yellow,#F4EE2A,3,133,-20.0,56.0,14.4,0,CONCEPT_NOT_FIT_VALIDATED
DUC-C-00066,p8-2x1,Yellow,#F4EE2A,2,134,-20.0,56.0,9.6,0,CONCEPT_NOT_FIT_VALIDATED
DUC-C-00141,p8-3x1,Yellow,#F4EE2A,4,135,-32.0,56.0,19.2,0,CONCEPT_NOT_FIT_VALIDATED
DUC-C-00120,p8-1x1,Yellow,#F4EE2A,3,136,-32.0,56.0,14.4,0,CONCEPT_NOT_FIT_VALIDATED
DUC-C-00152,p8-4x1,Yellow,#F4EE2A,4,137,-4.0,64.0,19.2,0,CONCEPT_NOT_FIT_VALIDATED
DUC-C-00125,p8-1x1,Yellow,#F4EE2A,3,138,-16.0,64.0,14.4,0,CONCEPT_NOT_FIT_VALIDATED
DUC-C-00155,p8-3x1,Yellow,#F4EE2A,4,139,24.0,-56.0,19.2,0,CONCEPT_NOT_FIT_VALIDATED
DUC-C-00156,p8-4x2,Yellow,#F4EE2A,4,140,28.0,-44.0,19.2,0,CONCEPT_NOT_FIT_VALIDATED
DUC-C-00091,p8-2x1,Yellow,#F4EE2A,3,141,28.0,-48.0,14.4,0,CONCEPT_NOT_FIT_VALIDATED
DUC-C-00075,p8-1x1,Yellow,#F4EE2A,2,142,24.0,-48.0,9.6,0,CONCEPT_NOT_FIT_VALIDATED
DUC-C-00157,p8-4x2,Yellow,#F4EE2A,4,143,28.0,-28.0,19.2,0,CONCEPT_NOT_FIT_VALIDATED
DUC-C-00158,p8-4x2,Yellow,#F4EE2A,4,144,28.0,-12.0,19.2,0,CONCEPT_NOT_FIT_VALIDATED
DUC-C-00159,p8-4x2,Yellow,#F4EE2A,4,145,28.0,4.0,19.2,0,CONCEPT_NOT_FIT_VALIDATED
DUC-C-00160,p8-4x2,Yellow,#F4EE2A,4,146,28.0,20.0,19.2,0,CONCEPT_NOT_FIT_VALIDATED
DUC-C-00161,p8-4x2,Yellow,#F4EE2A,4,147,28.0,36.0,19.2,0,CONCEPT_NOT_FIT_VALIDATED
DUC-C-00162,p8-4x2,Yellow,#F4EE2A,4,148,28.0,52.0,19.2,0,CONCEPT_NOT_FIT_VALIDATED
DUC-C-00124,p8-2x1,Yellow,#F4EE2A,3,149,28.0,56.0,14.4,0,CONCEPT_NOT_FIT_VALIDATED
DUC-C-00082,p8-1x1,Yellow,#F4EE2A,2,150,24.0,56.0,9.6,0,CONCEPT_NOT_FIT_VALIDATED
DUC-C-00163,p8-3x1,Yellow,#F4EE2A,4,151,24.0,64.0,19.2,0,CONCEPT_NOT_FIT_VALIDATED
DUC-C-00165,p8-2x1,Yellow,#F4EE2A,4,152,48.0,-28.0,19.2,90,CONCEPT_NOT_FIT_VALIDATED
DUC-C-00166,p8-2x2,Yellow,#F4EE2A,4,153,52.0,-12.0,19.2,0,CONCEPT_NOT_FIT_VALIDATED
DUC-C-00101,p8-1x1,Yellow,#F4EE2A,3,154,56.0,-16.0,14.4,0,CONCEPT_NOT_FIT_VALIDATED
DUC-C-00109,p8-4x1,Yellow,#F4EE2A,3,155,56.0,4.0,14.4,90,CONCEPT_NOT_FIT_VALIDATED
DUC-C-00084,p8-1x1,Yellow,#F4EE2A,2,156,56.0,0.0,9.6,0,CONCEPT_NOT_FIT_VALIDATED
DUC-C-00085,p8-2x1,Yellow,#F4EE2A,2,157,56.0,12.0,9.6,90,CONCEPT_NOT_FIT_VALIDATED
DUC-C-00167,p8-3x2,Yellow,#F4EE2A,4,158,56.0,4.0,19.2,0,CONCEPT_NOT_FIT_VALIDATED
DUC-C-00168,p8-2x2,Yellow,#F4EE2A,4,159,52.0,20.0,19.2,0,CONCEPT_NOT_FIT_VALIDATED
DUC-C-00117,p8-2x1,Yellow,#F4EE2A,3,160,56.0,28.0,14.4,90,CONCEPT_NOT_FIT_VALIDATED
DUC-C-00169,p8-2x2,Yellow,#F4EE2A,4,161,52.0,36.0,19.2,0,CONCEPT_NOT_FIT_VALIDATED
DUC-C-00174,p8-2x2,Yellow,#F4EE2A,5,162,-12.0,-60.0,24.0,0,CONCEPT_NOT_FIT_VALIDATED
DUC-C-00153,p8-3x1,Yellow,#F4EE2A,4,163,0.0,-64.0,19.2,0,CONCEPT_NOT_FIT_VALIDATED
DUC-C-00175,p8-2x2,Yellow,#F4EE2A,5,164,4.0,-60.0,24.0,0,CONCEPT_NOT_FIT_VALIDATED
DUC-C-00176,p8-2x1,Yellow,#F4EE2A,5,165,16.0,-60.0,24.0,90,CONCEPT_NOT_FIT_VALIDATED
DUC-C-00179,p8-1x1,Yellow,#F4EE2A,5,166,24.0,-56.0,24.0,0,CONCEPT_NOT_FIT_VALIDATED
DUC-C-00180,p8-1x1,Yellow,#F4EE2A,5,167,32.0,-56.0,24.0,0,CONCEPT_NOT_FIT_VALIDATED
DUC-C-00181,p8-4x1,Yellow,#F4EE2A,5,168,-40.0,-36.0,24.0,90,CONCEPT_NOT_FIT_VALIDATED
DUC-C-00182,p8-4x2,Yellow,#F4EE2A,5,169,-28.0,-36.0,24.0,90,CONCEPT_NOT_FIT_VALIDATED
DUC-C-00183,p8-4x2,Yellow,#F4EE2A,5,170,-12.0,-36.0,24.0,90,CONCEPT_NOT_FIT_VALIDATED
DUC-C-00184,p8-4x2,Yellow,#F4EE2A,5,171,4.0,-36.0,24.0,90,CONCEPT_NOT_FIT_VALIDATED
DUC-C-00185,p8-4x2,Yellow,#F4EE2A,5,172,20.0,-36.0,24.0,90,CONCEPT_NOT_FIT_VALIDATED
DUC-C-00186,p8-4x2,Yellow,#F4EE2A,5,173,36.0,-36.0,24.0,90,CONCEPT_NOT_FIT_VALIDATED
DUC-C-00187,p8-3x1,Yellow,#F4EE2A,5,174,-48.0,-32.0,24.0,90,CONCEPT_NOT_FIT_VALIDATED
DUC-C-00188,p8-3x1,Yellow,#F4EE2A,5,175,48.0,-32.0,24.0,90,CONCEPT_NOT_FIT_VALIDATED
DUC-C-00164,p8-1x1,Yellow,#F4EE2A,4,176,48.0,-40.0,19.2,0,CONCEPT_NOT_FIT_VALIDATED
DUC-C-00191,p8-4x2,Yellow,#F4EE2A,5,177,-60.0,-4.0,24.0,90,CONCEPT_NOT_FIT_VALIDATED
DUC-C-00130,p8-1x1,Yellow,#F4EE2A,4,178,-56.0,-16.0,19.2,0,CONCEPT_NOT_FIT_VALIDATED
DUC-C-00100,p8-1x1,Yellow,#F4EE2A,3,179,-56.0,-16.0,14.4,0,CONCEPT_NOT_FIT_VALIDATED
DUC-C-00192,p8-4x2,Yellow,#F4EE2A,5,180,-44.0,-4.0,24.0,90,CONCEPT_NOT_FIT_VALIDATED
DUC-C-00193,p8-4x2,Yellow,#F4EE2A,5,181,-28.0,-4.0,24.0,90,CONCEPT_NOT_FIT_VALIDATED
DUC-C-00194,p8-4x2,Yellow,#F4EE2A,5,182,-12.0,-4.0,24.0,90,CONCEPT_NOT_FIT_VALIDATED
DUC-C-00195,p8-4x2,Yellow,#F4EE2A,5,183,4.0,-4.0,24.0,90,CONCEPT_NOT_FIT_VALIDATED
DUC-C-00196,p8-4x2,Yellow,#F4EE2A,5,184,20.0,-4.0,24.0,90,CONCEPT_NOT_FIT_VALIDATED
DUC-C-00197,p8-4x2,Yellow,#F4EE2A,5,185,36.0,-4.0,24.0,90,CONCEPT_NOT_FIT_VALIDATED
DUC-C-00198,p8-4x2,Yellow,#F4EE2A,5,186,52.0,-4.0,24.0,90,CONCEPT_NOT_FIT_VALIDATED
DUC-C-00199,p8-4x1,Yellow,#F4EE2A,5,187,64.0,-4.0,24.0,90,CONCEPT_NOT_FIT_VALIDATED
DUC-C-00172,p8-1x1,Yellow,#F4EE2A,4,188,64.0,-8.0,19.2,0,CONCEPT_NOT_FIT_VALIDATED
DUC-C-00200,p8-2x2,Yellow,#F4EE2A,5,189,-60.0,20.0,24.0,0,CONCEPT_NOT_FIT_VALIDATED
DUC-C-00201,p8-4x2,Yellow,#F4EE2A,5,190,-44.0,28.0,24.0,90,CONCEPT_NOT_FIT_VALIDATED
DUC-C-00202,p8-4x2,Yellow,#F4EE2A,5,191,-28.0,28.0,24.0,90,CONCEPT_NOT_FIT_VALIDATED
DUC-C-00203,p8-4x2,Yellow,#F4EE2A,5,192,-12.0,28.0,24.0,90,CONCEPT_NOT_FIT_VALIDATED
DUC-C-00204,p8-4x2,Yellow,#F4EE2A,5,193,4.0,28.0,24.0,90,CONCEPT_NOT_FIT_VALIDATED
DUC-C-00205,p8-4x2,Yellow,#F4EE2A,5,194,20.0,28.0,24.0,90,CONCEPT_NOT_FIT_VALIDATED
DUC-C-00206,p8-4x2,Yellow,#F4EE2A,5,195,36.0,28.0,24.0,90,CONCEPT_NOT_FIT_VALIDATED
DUC-C-00207,p8-4x2,Yellow,#F4EE2A,5,196,52.0,28.0,24.0,90,CONCEPT_NOT_FIT_VALIDATED
DUC-C-00209,p8-2x1,Yellow,#F4EE2A,5,197,-56.0,36.0,24.0,90,CONCEPT_NOT_FIT_VALIDATED
DUC-C-00210,p8-2x2,Yellow,#F4EE2A,5,198,-44.0,52.0,24.0,0,CONCEPT_NOT_FIT_VALIDATED
DUC-C-00211,p8-3x2,Yellow,#F4EE2A,5,199,-28.0,56.0,24.0,90,CONCEPT_NOT_FIT_VALIDATED
DUC-C-00143,p8-2x1,Yellow,#F4EE2A,4,200,-28.0,64.0,19.2,0,CONCEPT_NOT_FIT_VALIDATED
DUC-C-00212,p8-4x2,Yellow,#F4EE2A,5,201,-12.0,60.0,24.0,90,CONCEPT_NOT_FIT_VALIDATED
DUC-C-00154,p8-3x1,Yellow,#F4EE2A,4,202,0.0,72.0,19.2,0,CONCEPT_NOT_FIT_VALIDATED
DUC-C-00213,p8-4x2,Yellow,#F4EE2A,5,203,4.0,60.0,24.0,90,CONCEPT_NOT_FIT_VALIDATED
DUC-C-00214,p8-4x2,Yellow,#F4EE2A,5,204,20.0,60.0,24.0,90,CONCEPT_NOT_FIT_VALIDATED
DUC-C-00215,p8-2x2,Yellow,#F4EE2A,5,205,36.0,52.0,24.0,0,CONCEPT_NOT_FIT_VALIDATED
DUC-C-00217,p8-1x1,Yellow,#F4EE2A,5,206,32.0,64.0,24.0,0,CONCEPT_NOT_FIT_VALIDATED
DUC-C-00219,p8-2x1,Yellow,#F4EE2A,6,207,-64.0,-20.0,28.8,90,CONCEPT_NOT_FIT_VALIDATED
DUC-C-00220,p8-2x1,Yellow,#F4EE2A,6,208,-64.0,-4.0,28.8,90,CONCEPT_NOT_FIT_VALIDATED
DUC-C-00221,p8-2x1,Yellow,#F4EE2A,6,209,-64.0,12.0,28.8,90,CONCEPT_NOT_FIT_VALIDATED
DUC-C-00222,p8-2x1,Yellow,#F4EE2A,6,210,-64.0,28.0,28.8,90,CONCEPT_NOT_FIT_VALIDATED
DUC-C-00223,p8-4x2,Yellow,#F4EE2A,6,211,-44.0,-36.0,28.8,0,CONCEPT_NOT_FIT_VALIDATED
DUC-C-00189,p8-2x1,Yellow,#F4EE2A,5,212,-56.0,-28.0,24.0,90,CONCEPT_NOT_FIT_VALIDATED
DUC-C-00129,p8-1x1,Yellow,#F4EE2A,4,213,-56.0,-24.0,19.2,0,CONCEPT_NOT_FIT_VALIDATED
DUC-C-00224,p8-4x2,Yellow,#F4EE2A,6,214,-44.0,-20.0,28.8,0,CONCEPT_NOT_FIT_VALIDATED
DUC-C-00225,p8-4x2,Yellow,#F4EE2A,6,215,-44.0,-4.0,28.8,0,CONCEPT_NOT_FIT_VALIDATED
DUC-C-00226,p8-4x2,Yellow,#F4EE2A,6,216,-44.0,12.0,28.8,0,CONCEPT_NOT_FIT_VALIDATED
DUC-C-00227,p8-4x2,Yellow,#F4EE2A,6,217,-44.0,28.0,28.8,0,CONCEPT_NOT_FIT_VALIDATED
DUC-C-00228,p8-4x2,Yellow,#F4EE2A,6,218,-44.0,44.0,28.8,0,CONCEPT_NOT_FIT_VALIDATED
DUC-C-00229,p8-3x1,Yellow,#F4EE2A,6,219,-40.0,-48.0,28.8,0,CONCEPT_NOT_FIT_VALIDATED
DUC-C-00230,p8-3x1,Yellow,#F4EE2A,6,220,-40.0,56.0,28.8,0,CONCEPT_NOT_FIT_VALIDATED
DUC-C-00232,p8-2x1,Yellow,#F4EE2A,6,221,-36.0,64.0,28.8,0,CONCEPT_NOT_FIT_VALIDATED
DUC-C-00234,p8-4x1,Yellow,#F4EE2A,6,222,-12.0,-64.0,28.8,0,CONCEPT_NOT_FIT_VALIDATED
DUC-C-00235,p8-4x2,Yellow,#F4EE2A,6,223,-12.0,-52.0,28.8,0,CONCEPT_NOT_FIT_VALIDATED
DUC-C-00178,p8-2x1,Yellow,#F4EE2A,5,224,-28.0,-56.0,24.0,0,CONCEPT_NOT_FIT_VALIDATED
DUC-C-00142,p8-2x1,Yellow,#F4EE2A,4,225,-28.0,-56.0,19.2,0,CONCEPT_NOT_FIT_VALIDATED
DUC-C-00231,p8-2x1,Yellow,#F4EE2A,6,226,-36.0,-56.0,28.8,0,CONCEPT_NOT_FIT_VALIDATED
DUC-C-00177,p8-1x1,Yellow,#F4EE2A,5,227,-40.0,-56.0,24.0,0,CONCEPT_NOT_FIT_VALIDATED
DUC-C-00236,p8-4x2,Yellow,#F4EE2A,6,228,-12.0,-36.0,28.8,0,CONCEPT_NOT_FIT_VALIDATED
DUC-C-00237,p8-4x2,Yellow,#F4EE2A,6,229,-12.0,-20.0,28.8,0,CONCEPT_NOT_FIT_VALIDATED
DUC-C-00238,p8-4x2,Yellow,#F4EE2A,6,230,-12.0,-4.0,28.8,0,CONCEPT_NOT_FIT_VALIDATED
DUC-C-00239,p8-4x2,Yellow,#F4EE2A,6,231,-12.0,12.0,28.8,0,CONCEPT_NOT_FIT_VALIDATED
DUC-C-00240,p8-4x2,Yellow,#F4EE2A,6,232,-12.0,28.0,28.8,0,CONCEPT_NOT_FIT_VALIDATED
DUC-C-00241,p8-4x2,Yellow,#F4EE2A,6,233,-12.0,44.0,28.8,0,CONCEPT_NOT_FIT_VALIDATED
DUC-C-00242,p8-4x2,Yellow,#F4EE2A,6,234,-12.0,60.0,28.8,0,CONCEPT_NOT_FIT_VALIDATED
DUC-C-00243,p8-4x1,Yellow,#F4EE2A,6,235,-12.0,72.0,28.8,0,CONCEPT_NOT_FIT_VALIDATED
DUC-C-00218,p8-1x1,Yellow,#F4EE2A,5,236,-24.0,72.0,24.0,0,CONCEPT_NOT_FIT_VALIDATED
DUC-C-00245,p8-3x1,Yellow,#F4EE2A,6,237,16.0,-64.0,28.8,0,CONCEPT_NOT_FIT_VALIDATED
DUC-C-00246,p8-4x2,Yellow,#F4EE2A,6,238,20.0,-52.0,28.8,0,CONCEPT_NOT_FIT_VALIDATED
DUC-C-00247,p8-4x2,Yellow,#F4EE2A,6,239,20.0,-36.0,28.8,0,CONCEPT_NOT_FIT_VALIDATED
DUC-C-00248,p8-4x2,Yellow,#F4EE2A,6,240,20.0,-20.0,28.8,0,CONCEPT_NOT_FIT_VALIDATED
DUC-C-00249,p8-4x2,Yellow,#F4EE2A,6,241,20.0,-4.0,28.8,0,CONCEPT_NOT_FIT_VALIDATED
DUC-C-00250,p8-4x2,Yellow,#F4EE2A,6,242,20.0,12.0,28.8,0,CONCEPT_NOT_FIT_VALIDATED
DUC-C-00251,p8-4x2,Yellow,#F4EE2A,6,243,20.0,28.0,28.8,0,CONCEPT_NOT_FIT_VALIDATED
DUC-C-00252,p8-4x2,Yellow,#F4EE2A,6,244,20.0,44.0,28.8,0,CONCEPT_NOT_FIT_VALIDATED
DUC-C-00253,p8-4x2,Yellow,#F4EE2A,6,245,20.0,60.0,28.8,0,CONCEPT_NOT_FIT_VALIDATED
DUC-C-00254,p8-4x1,Yellow,#F4EE2A,6,246,20.0,72.0,28.8,0,CONCEPT_NOT_FIT_VALIDATED
DUC-C-00256,p8-2x1,Yellow,#F4EE2A,6,247,40.0,-52.0,28.8,90,CONCEPT_NOT_FIT_VALIDATED
DUC-C-00257,p8-3x2,Yellow,#F4EE2A,6,248,48.0,-36.0,28.8,0,CONCEPT_NOT_FIT_VALIDATED
DUC-C-00190,p8-2x1,Yellow,#F4EE2A,5,249,56.0,-28.0,24.0,90,CONCEPT_NOT_FIT_VALIDATED
DUC-C-00171,p8-1x1,Yellow,#F4EE2A,4,250,56.0,-24.0,19.2,0,CONCEPT_NOT_FIT_VALIDATED
DUC-C-00258,p8-4x2,Yellow,#F4EE2A,6,251,52.0,-20.0,28.8,0,CONCEPT_NOT_FIT_VALIDATED
DUC-C-00259,p8-4x2,Yellow,#F4EE2A,6,252,52.0,-4.0,28.8,0,CONCEPT_NOT_FIT_VALIDATED
DUC-C-00260,p8-4x2,Yellow,#F4EE2A,6,253,52.0,12.0,28.8,0,CONCEPT_NOT_FIT_VALIDATED
DUC-C-00208,p8-2x1,Yellow,#F4EE2A,5,254,64.0,20.0,24.0,90,CONCEPT_NOT_FIT_VALIDATED
DUC-C-00173,p8-1x1,Yellow,#F4EE2A,4,255,64.0,16.0,19.2,0,CONCEPT_NOT_FIT_VALIDATED
DUC-C-00261,p8-4x2,Yellow,#F4EE2A,6,256,52.0,28.0,28.8,0,CONCEPT_NOT_FIT_VALIDATED
DUC-C-00262,p8-3x2,Yellow,#F4EE2A,6,257,48.0,44.0,28.8,0,CONCEPT_NOT_FIT_VALIDATED
DUC-C-00216,p8-2x1,Yellow,#F4EE2A,5,258,48.0,52.0,24.0,90,CONCEPT_NOT_FIT_VALIDATED
DUC-C-00170,p8-1x1,Yellow,#F4EE2A,4,259,48.0,48.0,19.2,0,CONCEPT_NOT_FIT_VALIDATED
DUC-C-00263,p8-2x1,Yellow,#F4EE2A,6,260,44.0,56.0,28.8,0,CONCEPT_NOT_FIT_VALIDATED
DUC-C-00266,p8-2x2,Yellow,#F4EE2A,7,261,-4.0,-68.0,33.6,0,CONCEPT_NOT_FIT_VALIDATED
DUC-C-00267,p8-2x1,Yellow,#F4EE2A,7,262,8.0,-68.0,33.6,90,CONCEPT_NOT_FIT_VALIDATED
DUC-C-00269,p8-2x1,Yellow,#F4EE2A,7,263,-20.0,-64.0,33.6,0,CONCEPT_NOT_FIT_VALIDATED
DUC-C-00270,p8-1x1,Yellow,#F4EE2A,7,264,16.0,-64.0,33.6,0,CONCEPT_NOT_FIT_VALIDATED
DUC-C-00271,p8-2x1,Yellow,#F4EE2A,7,265,28.0,-64.0,33.6,0,CONCEPT_NOT_FIT_VALIDATED
DUC-C-00272,p8-4x2,Yellow,#F4EE2A,7,266,-36.0,-44.0,33.6,90,CONCEPT_NOT_FIT_VALIDATED
DUC-C-00273,p8-4x2,Yellow,#F4EE2A,7,267,-20.0,-44.0,33.6,90,CONCEPT_NOT_FIT_VALIDATED
DUC-C-00274,p8-4x2,Yellow,#F4EE2A,7,268,-4.0,-44.0,33.6,90,CONCEPT_NOT_FIT_VALIDATED
DUC-C-00275,p8-4x2,Yellow,#F4EE2A,7,269,12.0,-44.0,33.6,90,CONCEPT_NOT_FIT_VALIDATED
DUC-C-00276,p8-4x2,Yellow,#F4EE2A,7,270,28.0,-44.0,33.6,90,CONCEPT_NOT_FIT_VALIDATED
DUC-C-00277,p8-4x1,Yellow,#F4EE2A,7,271,40.0,-44.0,33.6,90,CONCEPT_NOT_FIT_VALIDATED
DUC-C-00278,p8-3x1,Yellow,#F4EE2A,7,272,-48.0,-40.0,33.6,90,CONCEPT_NOT_FIT_VALIDATED
DUC-C-00279,p8-3x1,Yellow,#F4EE2A,7,273,48.0,-40.0,33.6,90,CONCEPT_NOT_FIT_VALIDATED
DUC-C-00265,p8-1x1,Yellow,#F4EE2A,6,274,48.0,-48.0,28.8,0,CONCEPT_NOT_FIT_VALIDATED
DUC-C-00280,p8-2x1,Yellow,#F4EE2A,7,275,-56.0,-36.0,33.6,90,CONCEPT_NOT_FIT_VALIDATED
DUC-C-00281,p8-2x1,Yellow,#F4EE2A,7,276,56.0,-36.0,33.6,90,CONCEPT_NOT_FIT_VALIDATED
DUC-C-00282,p8-4x1,Yellow,#F4EE2A,7,277,-64.0,-12.0,33.6,90,CONCEPT_NOT_FIT_VALIDATED
DUC-C-00283,p8-4x2,Yellow,#F4EE2A,7,278,-52.0,-12.0,33.6,90,CONCEPT_NOT_FIT_VALIDATED
DUC-C-00284,p8-4x2,Yellow,#F4EE2A,7,279,-36.0,-12.0,33.6,90,CONCEPT_NOT_FIT_VALIDATED
DUC-C-00285,p8-4x2,Yellow,#F4EE2A,7,280,-20.0,-12.0,33.6,90,CONCEPT_NOT_FIT_VALIDATED
DUC-C-00286,p8-4x2,Yellow,#F4EE2A,7,281,-4.0,-12.0,33.6,90,CONCEPT_NOT_FIT_VALIDATED
DUC-C-00287,p8-4x2,Yellow,#F4EE2A,7,282,12.0,-12.0,33.6,90,CONCEPT_NOT_FIT_VALIDATED
DUC-C-00288,p8-4x2,Yellow,#F4EE2A,7,283,28.0,-12.0,33.6,90,CONCEPT_NOT_FIT_VALIDATED
DUC-C-00289,p8-4x2,Yellow,#F4EE2A,7,284,44.0,-12.0,33.6,90,CONCEPT_NOT_FIT_VALIDATED
DUC-C-00290,p8-4x2,Yellow,#F4EE2A,7,285,60.0,-12.0,33.6,90,CONCEPT_NOT_FIT_VALIDATED
DUC-C-00291,p8-4x1,Yellow,#F4EE2A,7,286,-64.0,20.0,33.6,90,CONCEPT_NOT_FIT_VALIDATED
DUC-C-00292,p8-4x2,Yellow,#F4EE2A,7,287,-52.0,20.0,33.6,90,CONCEPT_NOT_FIT_VALIDATED
DUC-C-00293,p8-4x2,Yellow,#F4EE2A,7,288,-36.0,20.0,33.6,90,CONCEPT_NOT_FIT_VALIDATED
DUC-C-00294,p8-4x2,Yellow,#F4EE2A,7,289,-20.0,20.0,33.6,90,CONCEPT_NOT_FIT_VALIDATED
DUC-C-00295,p8-4x2,Yellow,#F4EE2A,7,290,-4.0,20.0,33.6,90,CONCEPT_NOT_FIT_VALIDATED
DUC-C-00296,p8-4x2,Yellow,#F4EE2A,7,291,12.0,20.0,33.6,90,CONCEPT_NOT_FIT_VALIDATED
DUC-C-00297,p8-4x2,Yellow,#F4EE2A,7,292,28.0,20.0,33.6,90,CONCEPT_NOT_FIT_VALIDATED
DUC-C-00298,p8-4x2,Yellow,#F4EE2A,7,293,44.0,20.0,33.6,90,CONCEPT_NOT_FIT_VALIDATED
DUC-C-00299,p8-4x2,Yellow,#F4EE2A,7,294,60.0,20.0,33.6,90,CONCEPT_NOT_FIT_VALIDATED
DUC-C-00301,p8-2x2,Yellow,#F4EE2A,7,295,-52.0,44.0,33.6,0,CONCEPT_NOT_FIT_VALIDATED
DUC-C-00302,p8-4x2,Yellow,#F4EE2A,7,296,-36.0,52.0,33.6,90,CONCEPT_NOT_FIT_VALIDATED
DUC-C-00303,p8-4x2,Yellow,#F4EE2A,7,297,-20.0,52.0,33.6,90,CONCEPT_NOT_FIT_VALIDATED
DUC-C-00304,p8-4x2,Yellow,#F4EE2A,7,298,-4.0,52.0,33.6,90,CONCEPT_NOT_FIT_VALIDATED
DUC-C-00305,p8-4x2,Yellow,#F4EE2A,7,299,12.0,52.0,33.6,90,CONCEPT_NOT_FIT_VALIDATED
DUC-C-00306,p8-4x2,Yellow,#F4EE2A,7,300,28.0,52.0,33.6,90,CONCEPT_NOT_FIT_VALIDATED
DUC-C-00307,p8-3x2,Yellow,#F4EE2A,7,301,44.0,48.0,33.6,90,CONCEPT_NOT_FIT_VALIDATED
DUC-C-00308,p8-2x1,Yellow,#F4EE2A,7,302,56.0,44.0,33.6,90,CONCEPT_NOT_FIT_VALIDATED
DUC-C-00310,p8-1x1,Yellow,#F4EE2A,7,303,-48.0,56.0,33.6,0,CONCEPT_NOT_FIT_VALIDATED
DUC-C-00313,p8-2x1,Yellow,#F4EE2A,7,304,-20.0,72.0,33.6,0,CONCEPT_NOT_FIT_VALIDATED
DUC-C-00314,p8-2x2,Yellow,#F4EE2A,7,305,-4.0,76.0,33.6,0,CONCEPT_NOT_FIT_VALIDATED
DUC-C-00244,p8-2x1,Yellow,#F4EE2A,6,306,-4.0,80.0,28.8,0,CONCEPT_NOT_FIT_VALIDATED
DUC-C-00315,p8-2x2,Yellow,#F4EE2A,7,307,12.0,76.0,33.6,0,CONCEPT_NOT_FIT_VALIDATED
DUC-C-00255,p8-1x1,Yellow,#F4EE2A,6,308,8.0,80.0,28.8,0,CONCEPT_NOT_FIT_VALIDATED
DUC-C-00316,p8-2x1,Yellow,#F4EE2A,7,309,24.0,76.0,33.6,90,CONCEPT_NOT_FIT_VALIDATED
DUC-C-00317,p8-1x1,Yellow,#F4EE2A,7,310,32.0,72.0,33.6,0,CONCEPT_NOT_FIT_VALIDATED
DUC-C-00319,p8-4x2,Yellow,#F4EE2A,8,311,-52.0,-28.0,38.4,0,CONCEPT_NOT_FIT_VALIDATED
DUC-C-00320,p8-4x2,Yellow,#F4EE2A,8,312,-52.0,-12.0,38.4,0,CONCEPT_NOT_FIT_VALIDATED
DUC-C-00321,p8-4x2,Yellow,#F4EE2A,8,313,-52.0,4.0,38.4,0,CONCEPT_NOT_FIT_VALIDATED
DUC-C-00322,p8-4x2,Yellow,#F4EE2A,8,314,-52.0,20.0,38.4,0,CONCEPT_NOT_FIT_VALIDATED
DUC-C-00323,p8-4x2,Yellow,#F4EE2A,8,315,-52.0,36.0,38.4,0,CONCEPT_NOT_FIT_VALIDATED
DUC-C-00300,p8-1x1,Yellow,#F4EE2A,7,316,-64.0,40.0,33.6,0,CONCEPT_NOT_FIT_VALIDATED
DUC-C-00324,p8-3x1,Yellow,#F4EE2A,8,317,-48.0,-40.0,38.4,0,CONCEPT_NOT_FIT_VALIDATED
DUC-C-00325,p8-3x2,Yellow,#F4EE2A,8,318,-48.0,52.0,38.4,0,CONCEPT_NOT_FIT_VALIDATED
DUC-C-00326,p8-2x1,Yellow,#F4EE2A,8,319,-44.0,-48.0,38.4,0,CONCEPT_NOT_FIT_VALIDATED
DUC-C-00327,p8-2x1,Yellow,#F4EE2A,8,320,-44.0,64.0,38.4,0,CONCEPT_NOT_FIT_VALIDATED
DUC-C-00328,p8-1x1,Yellow,#F4EE2A,8,321,-40.0,-56.0,38.4,0,CONCEPT_NOT_FIT_VALIDATED
DUC-C-00330,p8-4x2,Yellow,#F4EE2A,8,322,-20.0,-60.0,38.4,0,CONCEPT_NOT_FIT_VALIDATED
DUC-C-00268,p8-1x1,Yellow,#F4EE2A,7,323,-32.0,-64.0,33.6,0,CONCEPT_NOT_FIT_VALIDATED
DUC-C-00331,p8-4x2,Yellow,#F4EE2A,8,324,-20.0,-44.0,38.4,0,CONCEPT_NOT_FIT_VALIDATED
DUC-C-00332,p8-4x2,Yellow,#F4EE2A,8,325,-20.0,-28.0,38.4,0,CONCEPT_NOT_FIT_VALIDATED
DUC-C-00333,p8-4x2,Yellow,#F4EE2A,8,326,-20.0,-12.0,38.4,0,CONCEPT_NOT_FIT_VALIDATED
DUC-C-00334,p8-4x2,Yellow,#F4EE2A,8,327,-20.0,4.0,38.4,0,CONCEPT_NOT_FIT_VALIDATED
DUC-C-00335,p8-4x2,Yellow,#F4EE2A,8,328,-20.0,20.0,38.4,0,CONCEPT_NOT_FIT_VALIDATED
DUC-C-00336,p8-4x2,Yellow,#F4EE2A,8,329,-20.0,36.0,38.4,0,CONCEPT_NOT_FIT_VALIDATED
DUC-C-00337,p8-4x2,Yellow,#F4EE2A,8,330,-20.0,52.0,38.4,0,CONCEPT_NOT_FIT_VALIDATED
DUC-C-00338,p8-4x2,Yellow,#F4EE2A,8,331,-20.0,68.0,38.4,0,CONCEPT_NOT_FIT_VALIDATED
DUC-C-00312,p8-1x1,Yellow,#F4EE2A,7,332,-32.0,72.0,33.6,0,CONCEPT_NOT_FIT_VALIDATED
DUC-C-00233,p8-1x1,Yellow,#F4EE2A,6,333,-32.0,72.0,28.8,0,CONCEPT_NOT_FIT_VALIDATED
DUC-C-00339,p8-3x1,Yellow,#F4EE2A,8,334,-16.0,80.0,38.4,0,CONCEPT_NOT_FIT_VALIDATED
DUC-C-00318,p8-1x1,Yellow,#F4EE2A,7,335,-16.0,80.0,33.6,0,CONCEPT_NOT_FIT_VALIDATED
DUC-C-00340,p8-2x1,Yellow,#F4EE2A,8,336,-12.0,-72.0,38.4,0,CONCEPT_NOT_FIT_VALIDATED
DUC-C-00341,p8-3x1,Yellow,#F4EE2A,8,337,8.0,-72.0,38.4,0,CONCEPT_NOT_FIT_VALIDATED
DUC-C-00342,p8-4x2,Yellow,#F4EE2A,8,338,12.0,-60.0,38.4,0,CONCEPT_NOT_FIT_VALIDATED
DUC-C-00343,p8-4x2,Yellow,#F4EE2A,8,339,12.0,-44.0,38.4,0,CONCEPT_NOT_FIT_VALIDATED
DUC-C-00344,p8-4x2,Yellow,#F4EE2A,8,340,12.0,-28.0,38.4,0,CONCEPT_NOT_FIT_VALIDATED
DUC-C-00345,p8-4x2,Yellow,#F4EE2A,8,341,12.0,-12.0,38.4,0,CONCEPT_NOT_FIT_VALIDATED
DUC-C-00346,p8-4x2,Yellow,#F4EE2A,8,342,12.0,4.0,38.4,0,CONCEPT_NOT_FIT_VALIDATED
DUC-C-00347,p8-4x2,Yellow,#F4EE2A,8,343,12.0,20.0,38.4,0,CONCEPT_NOT_FIT_VALIDATED
DUC-C-00348,p8-4x2,Yellow,#F4EE2A,8,344,12.0,36.0,38.4,0,CONCEPT_NOT_FIT_VALIDATED
DUC-C-00349,p8-4x2,Yellow,#F4EE2A,8,345,12.0,52.0,38.4,0,CONCEPT_NOT_FIT_VALIDATED
DUC-C-00350,p8-4x2,Yellow,#F4EE2A,8,346,12.0,68.0,38.4,0,CONCEPT_NOT_FIT_VALIDATED
DUC-C-00351,p8-4x1,Yellow,#F4EE2A,8,347,12.0,80.0,38.4,0,CONCEPT_NOT_FIT_VALIDATED
DUC-C-00352,p8-2x1,Yellow,#F4EE2A,8,348,32.0,-60.0,38.4,90,CONCEPT_NOT_FIT_VALIDATED
DUC-C-00353,p8-3x2,Yellow,#F4EE2A,8,349,40.0,-44.0,38.4,0,CONCEPT_NOT_FIT_VALIDATED
DUC-C-00354,p8-4x2,Yellow,#F4EE2A,8,350,44.0,-28.0,38.4,0,CONCEPT_NOT_FIT_VALIDATED
DUC-C-00355,p8-4x2,Yellow,#F4EE2A,8,351,44.0,-12.0,38.4,0,CONCEPT_NOT_FIT_VALIDATED
DUC-C-00356,p8-4x2,Yellow,#F4EE2A,8,352,44.0,4.0,38.4,0,CONCEPT_NOT_FIT_VALIDATED
DUC-C-00357,p8-4x2,Yellow,#F4EE2A,8,353,44.0,20.0,38.4,0,CONCEPT_NOT_FIT_VALIDATED
DUC-C-00358,p8-4x2,Yellow,#F4EE2A,8,354,44.0,36.0,38.4,0,CONCEPT_NOT_FIT_VALIDATED
DUC-C-00359,p8-4x2,Yellow,#F4EE2A,8,355,44.0,52.0,38.4,0,CONCEPT_NOT_FIT_VALIDATED
DUC-C-00360,p8-2x2,Yellow,#F4EE2A,8,356,36.0,68.0,38.4,0,CONCEPT_NOT_FIT_VALIDATED
DUC-C-00311,p8-1x1,Yellow,#F4EE2A,7,357,40.0,64.0,33.6,0,CONCEPT_NOT_FIT_VALIDATED
DUC-C-00264,p8-1x1,Yellow,#F4EE2A,6,358,40.0,64.0,28.8,0,CONCEPT_NOT_FIT_VALIDATED
DUC-C-00361,p8-1x1,Yellow,#F4EE2A,8,359,40.0,-56.0,38.4,0,CONCEPT_NOT_FIT_VALIDATED
DUC-C-00363,p8-1x1,Yellow,#F4EE2A,8,360,56.0,-40.0,38.4,0,CONCEPT_NOT_FIT_VALIDATED
DUC-C-00364,p8-2x1,Yellow,#F4EE2A,8,361,64.0,-28.0,38.4,90,CONCEPT_NOT_FIT_VALIDATED
DUC-C-00365,p8-2x1,Yellow,#F4EE2A,8,362,64.0,-12.0,38.4,90,CONCEPT_NOT_FIT_VALIDATED
DUC-C-00366,p8-2x1,Yellow,#F4EE2A,8,363,64.0,4.0,38.4,90,CONCEPT_NOT_FIT_VALIDATED
DUC-C-00367,p8-2x1,Yellow,#F4EE2A,8,364,64.0,20.0,38.4,90,CONCEPT_NOT_FIT_VALIDATED
DUC-C-00368,p8-2x1,Yellow,#F4EE2A,8,365,64.0,36.0,38.4,90,CONCEPT_NOT_FIT_VALIDATED
DUC-C-00309,p8-1x1,Yellow,#F4EE2A,7,366,64.0,40.0,33.6,0,CONCEPT_NOT_FIT_VALIDATED
DUC-C-00369,p8-2x1,Yellow,#F4EE2A,9,367,-12.0,-72.0,43.2,0,CONCEPT_NOT_FIT_VALIDATED
DUC-C-00370,p8-2x1,Yellow,#F4EE2A,9,368,4.0,-72.0,43.2,0,CONCEPT_NOT_FIT_VALIDATED
DUC-C-00371,p8-1x1,Yellow,#F4EE2A,9,369,16.0,-72.0,43.2,0,CONCEPT_NOT_FIT_VALIDATED
DUC-C-00372,p8-4x1,Yellow,#F4EE2A,9,370,-40.0,-52.0,43.2,90,CONCEPT_NOT_FIT_VALIDATED
DUC-C-00373,p8-4x2,Yellow,#F4EE2A,9,371,-28.0,-52.0,43.2,90,CONCEPT_NOT_FIT_VALIDATED
DUC-C-00374,p8-4x2,Yellow,#F4EE2A,9,372,-12.0,-52.0,43.2,90,CONCEPT_NOT_FIT_VALIDATED
DUC-C-00375,p8-4x2,Yellow,#F4EE2A,9,373,4.0,-52.0,43.2,90,CONCEPT_NOT_FIT_VALIDATED
DUC-C-00376,p8-4x2,Yellow,#F4EE2A,9,374,20.0,-52.0,43.2,90,CONCEPT_NOT_FIT_VALIDATED
DUC-C-00377,p8-4x2,Yellow,#F4EE2A,9,375,36.0,-52.0,43.2,90,CONCEPT_NOT_FIT_VALIDATED
DUC-C-00378,p8-3x1,Yellow,#F4EE2A,9,376,-48.0,-48.0,43.2,90,CONCEPT_NOT_FIT_VALIDATED
DUC-C-00379,p8-3x1,Yellow,#F4EE2A,9,377,48.0,-48.0,43.2,90,CONCEPT_NOT_FIT_VALIDATED
DUC-C-00380,p8-2x1,Yellow,#F4EE2A,9,378,-56.0,-44.0,43.2,90,CONCEPT_NOT_FIT_VALIDATED
DUC-C-00381,p8-2x1,Yellow,#F4EE2A,9,379,56.0,-44.0,43.2,90,CONCEPT_NOT_FIT_VALIDATED
DUC-C-00382,p8-4x2,Yellow,#F4EE2A,9,380,-60.0,-20.0,43.2,90,CONCEPT_NOT_FIT_VALIDATED
DUC-C-00383,p8-4x2,Yellow,#F4EE2A,9,381,-44.0,-20.0,43.2,90,CONCEPT_NOT_FIT_VALIDATED
DUC-C-00384,p8-4x2,Yellow,#F4EE2A,9,382,-28.0,-20.0,43.2,90,CONCEPT_NOT_FIT_VALIDATED
DUC-C-00385,p8-4x2,Yellow,#F4EE2A,9,383,-12.0,-20.0,43.2,90,CONCEPT_NOT_FIT_VALIDATED
DUC-C-00386,p8-4x2,Yellow,#F4EE2A,9,384,4.0,-20.0,43.2,90,CONCEPT_NOT_FIT_VALIDATED
DUC-C-00387,p8-4x2,Yellow,#F4EE2A,9,385,20.0,-20.0,43.2,90,CONCEPT_NOT_FIT_VALIDATED
DUC-C-00388,p8-4x2,Yellow,#F4EE2A,9,386,36.0,-20.0,43.2,90,CONCEPT_NOT_FIT_VALIDATED
DUC-C-00389,p8-4x2,Yellow,#F4EE2A,9,387,52.0,-20.0,43.2,90,CONCEPT_NOT_FIT_VALIDATED
DUC-C-00390,p8-4x1,Yellow,#F4EE2A,9,388,64.0,-20.0,43.2,90,CONCEPT_NOT_FIT_VALIDATED
DUC-C-00391,p8-4x2,Yellow,#F4EE2A,9,389,-60.0,12.0,43.2,90,CONCEPT_NOT_FIT_VALIDATED
DUC-C-00392,p8-4x2,Yellow,#F4EE2A,9,390,-44.0,12.0,43.2,90,CONCEPT_NOT_FIT_VALIDATED
DUC-C-00393,p8-4x2,Yellow,#F4EE2A,9,391,-28.0,12.0,43.2,90,CONCEPT_NOT_FIT_VALIDATED
DUC-C-00394,p8-4x2,Yellow,#F4EE2A,9,392,-12.0,12.0,43.2,90,CONCEPT_NOT_FIT_VALIDATED
DUC-C-00395,p8-4x2,Yellow,#F4EE2A,9,393,4.0,12.0,43.2,90,CONCEPT_NOT_FIT_VALIDATED
DUC-C-00396,p8-4x2,Yellow,#F4EE2A,9,394,20.0,12.0,43.2,90,CONCEPT_NOT_FIT_VALIDATED
DUC-C-00397,p8-4x2,Yellow,#F4EE2A,9,395,36.0,12.0,43.2,90,CONCEPT_NOT_FIT_VALIDATED
DUC-C-00398,p8-4x2,Yellow,#F4EE2A,9,396,52.0,12.0,43.2,90,CONCEPT_NOT_FIT_VALIDATED
DUC-C-00399,p8-4x1,Yellow,#F4EE2A,9,397,64.0,12.0,43.2,90,CONCEPT_NOT_FIT_VALIDATED
DUC-C-00400,p8-2x2,Yellow,#F4EE2A,9,398,-60.0,36.0,43.2,0,CONCEPT_NOT_FIT_VALIDATED
DUC-C-00401,p8-4x2,Yellow,#F4EE2A,9,399,-44.0,44.0,43.2,90,CONCEPT_NOT_FIT_VALIDATED
DUC-C-00402,p8-4x2,Yellow,#F4EE2A,9,400,-28.0,44.0,43.2,90,CONCEPT_NOT_FIT_VALIDATED
DUC-C-00403,p8-4x2,Yellow,#F4EE2A,9,401,-12.0,44.0,43.2,90,CONCEPT_NOT_FIT_VALIDATED
DUC-C-00404,p8-4x2,Yellow,#F4EE2A,9,402,4.0,44.0,43.2,90,CONCEPT_NOT_FIT_VALIDATED
DUC-C-00405,p8-4x2,Yellow,#F4EE2A,9,403,20.0,44.0,43.2,90,CONCEPT_NOT_FIT_VALIDATED
DUC-C-00406,p8-4x2,Yellow,#F4EE2A,9,404,36.0,44.0,43.2,90,CONCEPT_NOT_FIT_VALIDATED
DUC-C-00407,p8-4x2,Yellow,#F4EE2A,9,405,52.0,44.0,43.2,90,CONCEPT_NOT_FIT_VALIDATED
DUC-C-00408,p8-2x1,Yellow,#F4EE2A,9,406,64.0,36.0,43.2,90,CONCEPT_NOT_FIT_VALIDATED
DUC-C-00409,p8-2x1,Yellow,#F4EE2A,9,407,-56.0,52.0,43.2,90,CONCEPT_NOT_FIT_VALIDATED
DUC-C-00410,p8-2x1,Yellow,#F4EE2A,9,408,-44.0,64.0,43.2,0,CONCEPT_NOT_FIT_VALIDATED
DUC-C-00411,p8-3x2,Yellow,#F4EE2A,9,409,-28.0,72.0,43.2,90,CONCEPT_NOT_FIT_VALIDATED
DUC-C-00412,p8-4x2,Yellow,#F4EE2A,9,410,-12.0,76.0,43.2,90,CONCEPT_NOT_FIT_VALIDATED
DUC-C-00413,p8-4x2,Yellow,#F4EE2A,9,411,4.0,76.0,43.2,90,CONCEPT_NOT_FIT_VALIDATED
DUC-C-00414,p8-3x2,Yellow,#F4EE2A,9,412,20.0,72.0,43.2,90,CONCEPT_NOT_FIT_VALIDATED
DUC-C-00415,p8-2x2,Yellow,#F4EE2A,9,413,36.0,68.0,43.2,0,CONCEPT_NOT_FIT_VALIDATED
DUC-C-00420,p8-4x2,Yellow,#F4EE2A,10,414,-60.0,28.0,48.0,0,CONCEPT_NOT_FIT_VALIDATED
DUC-C-00421,p8-4x1,Yellow,#F4EE2A,10,415,-60.0,40.0,48.0,0,CONCEPT_NOT_FIT_VALIDATED
DUC-C-00422,p8-3x1,Yellow,#F4EE2A,10,416,-56.0,-32.0,48.0,0,CONCEPT_NOT_FIT_VALIDATED
DUC-C-00423,p8-3x2,Yellow,#F4EE2A,10,417,-56.0,-20.0,48.0,0,CONCEPT_NOT_FIT_VALIDATED
DUC-C-00424,p8-3x2,Yellow,#F4EE2A,10,418,-56.0,-4.0,48.0,0,CONCEPT_NOT_FIT_VALIDATED
DUC-C-00425,p8-3x2,Yellow,#F4EE2A,10,419,-56.0,12.0,48.0,0,CONCEPT_NOT_FIT_VALIDATED
DUC-C-00426,p8-3x1,Yellow,#F4EE2A,10,420,-56.0,48.0,48.0,0,CONCEPT_NOT_FIT_VALIDATED
DUC-C-00427,p8-3x1,Yellow,#F4EE2A,10,421,-56.0,56.0,48.0,0,CONCEPT_NOT_FIT_VALIDATED
DUC-C-00428,p8-2x1,Yellow,#F4EE2A,10,422,-52.0,-48.0,48.0,0,CONCEPT_NOT_FIT_VALIDATED
DUC-C-00429,p8-2x1,Yellow,#F4EE2A,10,423,-52.0,-40.0,48.0,0,CONCEPT_NOT_FIT_VALIDATED
DUC-C-00430,p8-1x1,Yellow,#F4EE2A,10,424,-48.0,-56.0,48.0,0,CONCEPT_NOT_FIT_VALIDATED
DUC-C-00431,p8-1x1,Yellow,#F4EE2A,10,425,-48.0,64.0,48.0,0,CONCEPT_NOT_FIT_VALIDATED
DUC-C-00432,p8-4x1,Yellow,#F4EE2A,10,426,-28.0,-64.0,48.0,0,CONCEPT_NOT_FIT_VALIDATED
DUC-C-00433,p8-4x2,Yellow,#F4EE2A,10,427,-28.0,-52.0,48.0,0,CONCEPT_NOT_FIT_VALIDATED
DUC-C-00434,p8-4x2,Yellow,#F4EE2A,10,428,-28.0,-36.0,48.0,0,CONCEPT_NOT_FIT_VALIDATED
DUC-C-00435,p8-4x2,Yellow,#F4EE2A,10,429,-28.0,-20.0,48.0,0,CONCEPT_NOT_FIT_VALIDATED
DUC-C-00436,p8-4x2,Yellow,#F4EE2A,10,430,-28.0,-4.0,48.0,0,CONCEPT_NOT_FIT_VALIDATED
DUC-C-00437,p8-4x2,Yellow,#F4EE2A,10,431,-28.0,12.0,48.0,0,CONCEPT_NOT_FIT_VALIDATED
DUC-C-00438,p8-4x2,Yellow,#F4EE2A,10,432,-28.0,28.0,48.0,0,CONCEPT_NOT_FIT_VALIDATED
DUC-C-00439,p8-4x2,Yellow,#F4EE2A,10,433,-28.0,44.0,48.0,0,CONCEPT_NOT_FIT_VALIDATED
DUC-C-00440,p8-4x2,Yellow,#F4EE2A,10,434,-28.0,60.0,48.0,0,CONCEPT_NOT_FIT_VALIDATED
DUC-C-00441,p8-4x1,Yellow,#F4EE2A,10,435,-28.0,72.0,48.0,0,CONCEPT_NOT_FIT_VALIDATED
DUC-C-00417,p8-1x1,Yellow,#F4EE2A,9,436,-40.0,72.0,43.2,0,CONCEPT_NOT_FIT_VALIDATED
DUC-C-00329,p8-1x1,Yellow,#F4EE2A,8,437,-40.0,72.0,38.4,0,CONCEPT_NOT_FIT_VALIDATED
DUC-C-00442,p8-3x1,Yellow,#F4EE2A,10,438,-24.0,80.0,48.0,0,CONCEPT_NOT_FIT_VALIDATED
DUC-C-00443,p8-2x1,Yellow,#F4EE2A,10,439,-20.0,-72.0,48.0,0,CONCEPT_NOT_FIT_VALIDATED
DUC-C-00444,p8-2x1,Yellow,#F4EE2A,10,440,-20.0,88.0,48.0,0,CONCEPT_NOT_FIT_VALIDATED
DUC-C-00445,p8-4x2,Yellow,#F4EE2A,10,441,4.0,-68.0,48.0,0,CONCEPT_NOT_FIT_VALIDATED
DUC-C-00446,p8-4x2,Yellow,#F4EE2A,10,442,4.0,-52.0,48.0,0,CONCEPT_NOT_FIT_VALIDATED
DUC-C-00447,p8-4x2,Yellow,#F4EE2A,10,443,4.0,-36.0,48.0,0,CONCEPT_NOT_FIT_VALIDATED
DUC-C-00448,p8-4x2,Yellow,#F4EE2A,10,444,4.0,-20.0,48.0,0,CONCEPT_NOT_FIT_VALIDATED
DUC-C-00449,p8-4x2,Yellow,#F4EE2A,10,445,4.0,-4.0,48.0,0,CONCEPT_NOT_FIT_VALIDATED
DUC-C-00450,p8-4x2,Yellow,#F4EE2A,10,446,4.0,12.0,48.0,0,CONCEPT_NOT_FIT_VALIDATED
DUC-C-00451,p8-4x2,Yellow,#F4EE2A,10,447,4.0,28.0,48.0,0,CONCEPT_NOT_FIT_VALIDATED
DUC-C-00452,p8-4x2,Yellow,#F4EE2A,10,448,4.0,44.0,48.0,0,CONCEPT_NOT_FIT_VALIDATED
DUC-C-00453,p8-4x2,Yellow,#F4EE2A,10,449,4.0,60.0,48.0,0,CONCEPT_NOT_FIT_VALIDATED
DUC-C-00454,p8-4x2,Yellow,#F4EE2A,10,450,4.0,76.0,48.0,0,CONCEPT_NOT_FIT_VALIDATED
DUC-C-00455,p8-4x1,Yellow,#F4EE2A,10,451,4.0,88.0,48.0,0,CONCEPT_NOT_FIT_VALIDATED
DUC-C-00419,p8-1x1,Yellow,#F4EE2A,9,452,16.0,88.0,43.2,0,CONCEPT_NOT_FIT_VALIDATED
DUC-C-00456,p8-2x1,Yellow,#F4EE2A,10,453,24.0,-68.0,48.0,90,CONCEPT_NOT_FIT_VALIDATED
DUC-C-00457,p8-4x2,Yellow,#F4EE2A,10,454,36.0,-52.0,48.0,0,CONCEPT_NOT_FIT_VALIDATED
DUC-C-00458,p8-4x2,Yellow,#F4EE2A,10,455,36.0,-36.0,48.0,0,CONCEPT_NOT_FIT_VALIDATED
DUC-C-00459,p8-4x2,Yellow,#F4EE2A,10,456,36.0,-20.0,48.0,0,CONCEPT_NOT_FIT_VALIDATED
DUC-C-00460,p8-4x2,Yellow,#F4EE2A,10,457,36.0,-4.0,48.0,0,CONCEPT_NOT_FIT_VALIDATED
DUC-C-00461,p8-4x2,Yellow,#F4EE2A,10,458,36.0,12.0,48.0,0,CONCEPT_NOT_FIT_VALIDATED
DUC-C-00462,p8-4x2,Yellow,#F4EE2A,10,459,36.0,28.0,48.0,0,CONCEPT_NOT_FIT_VALIDATED
DUC-C-00463,p8-4x2,Yellow,#F4EE2A,10,460,36.0,44.0,48.0,0,CONCEPT_NOT_FIT_VALIDATED
DUC-C-00464,p8-4x2,Yellow,#F4EE2A,10,461,36.0,60.0,48.0,0,CONCEPT_NOT_FIT_VALIDATED
DUC-C-00416,p8-1x1,Yellow,#F4EE2A,9,462,48.0,64.0,43.2,0,CONCEPT_NOT_FIT_VALIDATED
DUC-C-00362,p8-1x1,Yellow,#F4EE2A,8,463,48.0,64.0,38.4,0,CONCEPT_NOT_FIT_VALIDATED
DUC-C-00465,p8-2x2,Yellow,#F4EE2A,10,464,28.0,76.0,48.0,0,CONCEPT_NOT_FIT_VALIDATED
DUC-C-00418,p8-1x1,Yellow,#F4EE2A,9,465,32.0,80.0,43.2,0,CONCEPT_NOT_FIT_VALIDATED
DUC-C-00467,p8-2x1,Yellow,#F4EE2A,10,466,36.0,-64.0,48.0,0,CONCEPT_NOT_FIT_VALIDATED
DUC-C-00468,p8-1x1,Yellow,#F4EE2A,10,467,40.0,72.0,48.0,0,CONCEPT_NOT_FIT_VALIDATED
DUC-C-00469,p8-1x1,Yellow,#F4EE2A,10,468,56.0,-48.0,48.0,0,CONCEPT_NOT_FIT_VALIDATED
DUC-C-00470,p8-2x1,Yellow,#F4EE2A,10,469,56.0,-36.0,48.0,90,CONCEPT_NOT_FIT_VALIDATED
DUC-C-00471,p8-2x2,Yellow,#F4EE2A,10,470,60.0,-20.0,48.0,0,CONCEPT_NOT_FIT_VALIDATED
DUC-C-00472,p8-2x2,Yellow,#F4EE2A,10,471,60.0,-4.0,48.0,0,CONCEPT_NOT_FIT_VALIDATED
DUC-C-00473,p8-2x2,Yellow,#F4EE2A,10,472,60.0,12.0,48.0,0,CONCEPT_NOT_FIT_VALIDATED
DUC-C-00474,p8-3x2,Yellow,#F4EE2A,10,473,64.0,28.0,48.0,0,CONCEPT_NOT_FIT_VALIDATED
DUC-C-00475,p8-2x2,Yellow,#F4EE2A,10,474,60.0,44.0,48.0,0,CONCEPT_NOT_FIT_VALIDATED
DUC-C-00476,p8-2x1,Yellow,#F4EE2A,10,475,60.0,56.0,48.0,0,CONCEPT_NOT_FIT_VALIDATED
DUC-C-00477,p8-1x1,Yellow,#F4EE2A,10,476,64.0,-32.0,48.0,0,CONCEPT_NOT_FIT_VALIDATED
DUC-C-00479,p8-4x1,Yellow,#F4EE2A,11,477,-16.0,-60.0,52.8,90,CONCEPT_NOT_FIT_VALIDATED
DUC-C-00480,p8-4x2,Yellow,#F4EE2A,11,478,-4.0,-60.0,52.8,90,CONCEPT_NOT_FIT_VALIDATED
DUC-C-00481,p8-4x2,Yellow,#F4EE2A,11,479,12.0,-60.0,52.8,90,CONCEPT_NOT_FIT_VALIDATED
DUC-C-00482,p8-3x2,Yellow,#F4EE2A,11,480,-36.0,-56.0,52.8,90,CONCEPT_NOT_FIT_VALIDATED
DUC-C-00483,p8-3x1,Yellow,#F4EE2A,11,481,-24.0,-56.0,52.8,90,CONCEPT_NOT_FIT_VALIDATED
DUC-C-00484,p8-3x2,Yellow,#F4EE2A,11,482,28.0,-56.0,52.8,90,CONCEPT_NOT_FIT_VALIDATED
DUC-C-00485,p8-3x1,Yellow,#F4EE2A,11,483,40.0,-56.0,52.8,90,CONCEPT_NOT_FIT_VALIDATED
DUC-C-00486,p8-2x1,Yellow,#F4EE2A,11,484,-48.0,-52.0,52.8,90,CONCEPT_NOT_FIT_VALIDATED
DUC-C-00487,p8-2x1,Yellow,#F4EE2A,11,485,48.0,-52.0,52.8,90,CONCEPT_NOT_FIT_VALIDATED
DUC-C-00488,p8-1x1,Yellow,#F4EE2A,11,486,-56.0,-48.0,52.8,0,CONCEPT_NOT_FIT_VALIDATED
DUC-C-00489,p8-1x1,Yellow,#F4EE2A,11,487,56.0,-48.0,52.8,0,CONCEPT_NOT_FIT_VALIDATED
DUC-C-00490,p8-4x2,Yellow,#F4EE2A,11,488,-52.0,-28.0,52.8,90,CONCEPT_NOT_FIT_VALIDATED
DUC-C-00491,p8-4x2,Yellow,#F4EE2A,11,489,-36.0,-28.0,52.8,90,CONCEPT_NOT_FIT_VALIDATED
DUC-C-00492,p8-4x2,Yellow,#F4EE2A,11,490,-20.0,-28.0,52.8,90,CONCEPT_NOT_FIT_VALIDATED
DUC-C-00493,p8-4x2,Yellow,#F4EE2A,11,491,-4.0,-28.0,52.8,90,CONCEPT_NOT_FIT_VALIDATED
DUC-C-00494,p8-4x2,Yellow,#F4EE2A,11,492,12.0,-28.0,52.8,90,CONCEPT_NOT_FIT_VALIDATED
DUC-C-00495,p8-4x2,Yellow,#F4EE2A,11,493,28.0,-28.0,52.8,90,CONCEPT_NOT_FIT_VALIDATED
DUC-C-00496,p8-4x2,Yellow,#F4EE2A,11,494,44.0,-28.0,52.8,90,CONCEPT_NOT_FIT_VALIDATED
DUC-C-00497,p8-4x1,Yellow,#F4EE2A,11,495,56.0,-28.0,52.8,90,CONCEPT_NOT_FIT_VALIDATED
DUC-C-00498,p8-3x1,Yellow,#F4EE2A,11,496,-64.0,-24.0,52.8,90,CONCEPT_NOT_FIT_VALIDATED
DUC-C-00499,p8-3x1,Yellow,#F4EE2A,11,497,64.0,-24.0,52.8,90,CONCEPT_NOT_FIT_VALIDATED
DUC-C-00500,p8-4x1,Yellow,#F4EE2A,11,498,-64.0,4.0,52.8,90,CONCEPT_NOT_FIT_VALIDATED
DUC-C-00501,p8-4x2,Yellow,#F4EE2A,11,499,-52.0,4.0,52.8,90,CONCEPT_NOT_FIT_VALIDATED
DUC-C-00502,p8-4x2,Yellow,#F4EE2A,11,500,-36.0,4.0,52.8,90,CONCEPT_NOT_FIT_VALIDATED
DUC-C-00503,p8-4x2,Yellow,#F4EE2A,11,501,-20.0,4.0,52.8,90,CONCEPT_NOT_FIT_VALIDATED
DUC-C-00504,p8-4x2,Yellow,#F4EE2A,11,502,-4.0,4.0,52.8,90,CONCEPT_NOT_FIT_VALIDATED
DUC-C-00505,p8-4x2,Yellow,#F4EE2A,11,503,12.0,4.0,52.8,90,CONCEPT_NOT_FIT_VALIDATED
DUC-C-00506,p8-4x2,Yellow,#F4EE2A,11,504,28.0,4.0,52.8,90,CONCEPT_NOT_FIT_VALIDATED
DUC-C-00507,p8-4x2,Yellow,#F4EE2A,11,505,44.0,4.0,52.8,90,CONCEPT_NOT_FIT_VALIDATED
DUC-C-00508,p8-4x2,Yellow,#F4EE2A,11,506,60.0,4.0,52.8,90,CONCEPT_NOT_FIT_VALIDATED
DUC-C-00511,p8-4x2,Yellow,#F4EE2A,11,507,-68.0,36.0,52.8,90,CONCEPT_NOT_FIT_VALIDATED
DUC-C-00512,p8-4x2,Yellow,#F4EE2A,11,508,-52.0,36.0,52.8,90,CONCEPT_NOT_FIT_VALIDATED
DUC-C-00513,p8-4x2,Yellow,#F4EE2A,11,509,-36.0,36.0,52.8,90,CONCEPT_NOT_FIT_VALIDATED
DUC-C-00514,p8-4x2,Yellow,#F4EE2A,11,510,-20.0,36.0,52.8,90,CONCEPT_NOT_FIT_VALIDATED
DUC-C-00515,p8-4x2,Yellow,#F4EE2A,11,511,-4.0,36.0,52.8,90,CONCEPT_NOT_FIT_VALIDATED
DUC-C-00516,p8-4x2,Yellow,#F4EE2A,11,512,12.0,36.0,52.8,90,CONCEPT_NOT_FIT_VALIDATED
DUC-C-00517,p8-4x2,Yellow,#F4EE2A,11,513,28.0,36.0,52.8,90,CONCEPT_NOT_FIT_VALIDATED
DUC-C-00518,p8-4x2,Yellow,#F4EE2A,11,514,44.0,36.0,52.8,90,CONCEPT_NOT_FIT_VALIDATED
DUC-C-00519,p8-4x2,Yellow,#F4EE2A,11,515,60.0,36.0,52.8,90,CONCEPT_NOT_FIT_VALIDATED
DUC-C-00520,p8-4x1,Yellow,#F4EE2A,11,516,72.0,36.0,52.8,90,CONCEPT_NOT_FIT_VALIDATED
DUC-C-00478,p8-1x1,Yellow,#F4EE2A,10,517,72.0,40.0,48.0,0,CONCEPT_NOT_FIT_VALIDATED
DUC-C-00521,p8-2x1,Yellow,#F4EE2A,11,518,-64.0,60.0,52.8,90,CONCEPT_NOT_FIT_VALIDATED
DUC-C-00522,p8-2x2,Yellow,#F4EE2A,11,519,-52.0,60.0,52.8,0,CONCEPT_NOT_FIT_VALIDATED
DUC-C-00523,p8-4x2,Yellow,#F4EE2A,11,520,-36.0,68.0,52.8,90,CONCEPT_NOT_FIT_VALIDATED
DUC-C-00524,p8-4x2,Yellow,#F4EE2A,11,521,-20.0,68.0,52.8,90,CONCEPT_NOT_FIT_VALIDATED
DUC-C-00525,p8-4x2,Yellow,#F4EE2A,11,522,-4.0,68.0,52.8,90,CONCEPT_NOT_FIT_VALIDATED
DUC-C-00526,p8-4x2,Yellow,#F4EE2A,11,523,12.0,68.0,52.8,90,CONCEPT_NOT_FIT_VALIDATED
DUC-C-00527,p8-4x2,Yellow,#F4EE2A,11,524,28.0,68.0,52.8,90,CONCEPT_NOT_FIT_VALIDATED
DUC-C-00528,p8-3x2,Yellow,#F4EE2A,11,525,44.0,64.0,52.8,90,CONCEPT_NOT_FIT_VALIDATED
DUC-C-00529,p8-2x2,Yellow,#F4EE2A,11,526,60.0,60.0,52.8,0,CONCEPT_NOT_FIT_VALIDATED
DUC-C-00531,p8-2x1,Yellow,#F4EE2A,11,527,-20.0,88.0,52.8,0,CONCEPT_NOT_FIT_VALIDATED
DUC-C-00532,p8-2x2,Yellow,#F4EE2A,11,528,-4.0,92.0,52.8,0,CONCEPT_NOT_FIT_VALIDATED
DUC-C-00533,p8-2x1,Yellow,#F4EE2A,11,529,8.0,92.0,52.8,90,CONCEPT_NOT_FIT_VALIDATED
DUC-C-00534,p8-1x1,Yellow,#F4EE2A,11,530,16.0,88.0,52.8,0,CONCEPT_NOT_FIT_VALIDATED
DUC-C-00536,p8-3x2,Yellow,#F4EE2A,12,531,-64.0,20.0,57.6,0,CONCEPT_NOT_FIT_VALIDATED
DUC-C-00509,p8-1x1,Yellow,#F4EE2A,11,532,-72.0,16.0,52.8,0,CONCEPT_NOT_FIT_VALIDATED
DUC-C-00537,p8-3x2,Yellow,#F4EE2A,12,533,-64.0,36.0,57.6,0,CONCEPT_NOT_FIT_VALIDATED
DUC-C-00538,p8-3x1,Yellow,#F4EE2A,12,534,-64.0,48.0,57.6,0,CONCEPT_NOT_FIT_VALIDATED
DUC-C-00539,p8-2x2,Yellow,#F4EE2A,12,535,-60.0,-28.0,57.6,0,CONCEPT_NOT_FIT_VALIDATED
DUC-C-00540,p8-2x2,Yellow,#F4EE2A,12,536,-60.0,-12.0,57.6,0,CONCEPT_NOT_FIT_VALIDATED
DUC-C-00541,p8-2x2,Yellow,#F4EE2A,12,537,-60.0,4.0,57.6,0,CONCEPT_NOT_FIT_VALIDATED
DUC-C-00542,p8-2x1,Yellow,#F4EE2A,12,538,-60.0,56.0,57.6,0,CONCEPT_NOT_FIT_VALIDATED
DUC-C-00543,p8-2x1,Yellow,#F4EE2A,12,539,-60.0,64.0,57.6,0,CONCEPT_NOT_FIT_VALIDATED
DUC-C-00544,p8-1x1,Yellow,#F4EE2A,12,540,-56.0,-40.0,57.6,0,CONCEPT_NOT_FIT_VALIDATED
DUC-C-00546,p8-4x2,Yellow,#F4EE2A,12,541,-36.0,-44.0,57.6,0,CONCEPT_NOT_FIT_VALIDATED
DUC-C-00547,p8-4x2,Yellow,#F4EE2A,12,542,-36.0,-28.0,57.6,0,CONCEPT_NOT_FIT_VALIDATED
DUC-C-00548,p8-4x2,Yellow,#F4EE2A,12,543,-36.0,-12.0,57.6,0,CONCEPT_NOT_FIT_VALIDATED
DUC-C-00549,p8-4x2,Yellow,#F4EE2A,12,544,-36.0,4.0,57.6,0,CONCEPT_NOT_FIT_VALIDATED
DUC-C-00550,p8-4x2,Yellow,#F4EE2A,12,545,-36.0,20.0,57.6,0,CONCEPT_NOT_FIT_VALIDATED
DUC-C-00551,p8-4x2,Yellow,#F4EE2A,12,546,-36.0,36.0,57.6,0,CONCEPT_NOT_FIT_VALIDATED
DUC-C-00552,p8-4x2,Yellow,#F4EE2A,12,547,-36.0,52.0,57.6,0,CONCEPT_NOT_FIT_VALIDATED
DUC-C-00553,p8-4x2,Yellow,#F4EE2A,12,548,-36.0,68.0,57.6,0,CONCEPT_NOT_FIT_VALIDATED
DUC-C-00530,p8-1x1,Yellow,#F4EE2A,11,549,-48.0,72.0,52.8,0,CONCEPT_NOT_FIT_VALIDATED
DUC-C-00554,p8-3x1,Yellow,#F4EE2A,12,550,-32.0,-56.0,57.6,0,CONCEPT_NOT_FIT_VALIDATED
DUC-C-00555,p8-3x1,Yellow,#F4EE2A,12,551,-32.0,80.0,57.6,0,CONCEPT_NOT_FIT_VALIDATED
DUC-C-00556,p8-2x1,Yellow,#F4EE2A,12,552,-28.0,-64.0,57.6,0,CONCEPT_NOT_FIT_VALIDATED
DUC-C-00557,p8-2x1,Yellow,#F4EE2A,12,553,-28.0,88.0,57.6,0,CONCEPT_NOT_FIT_VALIDATED
DUC-C-00559,p8-4x1,Yellow,#F4EE2A,12,554,-4.0,-72.0,57.6,0,CONCEPT_NOT_FIT_VALIDATED
DUC-C-00560,p8-4x2,Yellow,#F4EE2A,12,555,-4.0,-60.0,57.6,0,CONCEPT_NOT_FIT_VALIDATED
DUC-C-00561,p8-4x2,Yellow,#F4EE2A,12,556,-4.0,-44.0,57.6,0,CONCEPT_NOT_FIT_VALIDATED
DUC-C-00562,p8-4x2,Yellow,#F4EE2A,12,557,-4.0,-28.0,57.6,0,CONCEPT_NOT_FIT_VALIDATED
DUC-C-00563,p8-4x2,Yellow,#F4EE2A,12,558,-4.0,-12.0,57.6,0,CONCEPT_NOT_FIT_VALIDATED
DUC-C-00564,p8-4x2,Yellow,#F4EE2A,12,559,-4.0,4.0,57.6,0,CONCEPT_NOT_FIT_VALIDATED
DUC-C-00565,p8-4x2,Yellow,#F4EE2A,12,560,-4.0,20.0,57.6,0,CONCEPT_NOT_FIT_VALIDATED
DUC-C-00566,p8-4x2,Yellow,#F4EE2A,12,561,-4.0,36.0,57.6,0,CONCEPT_NOT_FIT_VALIDATED
DUC-C-00567,p8-4x2,Yellow,#F4EE2A,12,562,-4.0,52.0,57.6,0,CONCEPT_NOT_FIT_VALIDATED
DUC-C-00568,p8-4x2,Yellow,#F4EE2A,12,563,-4.0,68.0,57.6,0,CONCEPT_NOT_FIT_VALIDATED
DUC-C-00569,p8-4x2,Yellow,#F4EE2A,12,564,-4.0,84.0,57.6,0,CONCEPT_NOT_FIT_VALIDATED
DUC-C-00570,p8-4x1,Yellow,#F4EE2A,12,565,-4.0,96.0,57.6,0,CONCEPT_NOT_FIT_VALIDATED
DUC-C-00571,p8-1x1,Yellow,#F4EE2A,12,566,16.0,-72.0,57.6,0,CONCEPT_NOT_FIT_VALIDATED
DUC-C-00572,p8-3x2,Yellow,#F4EE2A,12,567,24.0,-60.0,57.6,0,CONCEPT_NOT_FIT_VALIDATED
DUC-C-00573,p8-4x2,Yellow,#F4EE2A,12,568,28.0,-44.0,57.6,0,CONCEPT_NOT_FIT_VALIDATED
DUC-C-00574,p8-4x2,Yellow,#F4EE2A,12,569,28.0,-28.0,57.6,0,CONCEPT_NOT_FIT_VALIDATED
DUC-C-00575,p8-4x2,Yellow,#F4EE2A,12,570,28.0,-12.0,57.6,0,CONCEPT_NOT_FIT_VALIDATED
DUC-C-00576,p8-4x2,Yellow,#F4EE2A,12,571,28.0,4.0,57.6,0,CONCEPT_NOT_FIT_VALIDATED
DUC-C-00577,p8-4x2,Yellow,#F4EE2A,12,572,28.0,20.0,57.6,0,CONCEPT_NOT_FIT_VALIDATED
DUC-C-00578,p8-4x2,Yellow,#F4EE2A,12,573,28.0,36.0,57.6,0,CONCEPT_NOT_FIT_VALIDATED
DUC-C-00579,p8-4x2,Yellow,#F4EE2A,12,574,28.0,52.0,57.6,0,CONCEPT_NOT_FIT_VALIDATED
DUC-C-00580,p8-4x2,Yellow,#F4EE2A,12,575,28.0,68.0,57.6,0,CONCEPT_NOT_FIT_VALIDATED
DUC-C-00581,p8-3x2,Yellow,#F4EE2A,12,576,24.0,84.0,57.6,0,CONCEPT_NOT_FIT_VALIDATED
DUC-C-00535,p8-1x1,Yellow,#F4EE2A,11,577,24.0,88.0,52.8,0,CONCEPT_NOT_FIT_VALIDATED
DUC-C-00466,p8-1x1,Yellow,#F4EE2A,10,578,24.0,88.0,48.0,0,CONCEPT_NOT_FIT_VALIDATED
DUC-C-00583,p8-1x1,Yellow,#F4EE2A,12,579,40.0,-56.0,57.6,0,CONCEPT_NOT_FIT_VALIDATED
DUC-C-00585,p8-1x1,Yellow,#F4EE2A,12,580,48.0,-56.0,57.6,0,CONCEPT_NOT_FIT_VALIDATED
DUC-C-00586,p8-2x1,Yellow,#F4EE2A,12,581,48.0,-44.0,57.6,90,CONCEPT_NOT_FIT_VALIDATED
DUC-C-00587,p8-3x2,Yellow,#F4EE2A,12,582,56.0,-28.0,57.6,0,CONCEPT_NOT_FIT_VALIDATED
DUC-C-00588,p8-3x2,Yellow,#F4EE2A,12,583,56.0,-12.0,57.6,0,CONCEPT_NOT_FIT_VALIDATED
DUC-C-00589,p8-3x2,Yellow,#F4EE2A,12,584,56.0,4.0,57.6,0,CONCEPT_NOT_FIT_VALIDATED
DUC-C-00590,p8-4x2,Yellow,#F4EE2A,12,585,60.0,20.0,57.6,0,CONCEPT_NOT_FIT_VALIDATED
DUC-C-00510,p8-1x1,Yellow,#F4EE2A,11,586,72.0,16.0,52.8,0,CONCEPT_NOT_FIT_VALIDATED
DUC-C-00591,p8-4x2,Yellow,#F4EE2A,12,587,60.0,36.0,57.6,0,CONCEPT_NOT_FIT_VALIDATED
DUC-C-00592,p8-4x2,Yellow,#F4EE2A,12,588,60.0,52.0,57.6,0,CONCEPT_NOT_FIT_VALIDATED
DUC-C-00593,p8-2x2,Yellow,#F4EE2A,12,589,52.0,68.0,57.6,0,CONCEPT_NOT_FIT_VALIDATED
DUC-C-00594,p8-1x1,Yellow,#F4EE2A,12,590,56.0,-40.0,57.6,0,CONCEPT_NOT_FIT_VALIDATED
DUC-C-00595,p8-1x1,Yellow,#F4EE2A,12,591,64.0,64.0,57.6,0,CONCEPT_NOT_FIT_VALIDATED
DUC-C-00596,p8-3x1,Yellow,#F4EE2A,13,592,-8.0,-64.0,62.4,90,CONCEPT_NOT_FIT_VALIDATED
DUC-C-00597,p8-3x2,Yellow,#F4EE2A,13,593,4.0,-64.0,62.4,90,CONCEPT_NOT_FIT_VALIDATED
DUC-C-00598,p8-2x2,Yellow,#F4EE2A,13,594,-28.0,-60.0,62.4,0,CONCEPT_NOT_FIT_VALIDATED
DUC-C-00599,p8-2x1,Yellow,#F4EE2A,13,595,-16.0,-60.0,62.4,90,CONCEPT_NOT_FIT_VALIDATED
DUC-C-00600,p8-2x2,Yellow,#F4EE2A,13,596,20.0,-60.0,62.4,0,CONCEPT_NOT_FIT_VALIDATED
DUC-C-00601,p8-2x1,Yellow,#F4EE2A,13,597,32.0,-60.0,62.4,90,CONCEPT_NOT_FIT_VALIDATED
DUC-C-00602,p8-1x1,Yellow,#F4EE2A,13,598,-40.0,-56.0,62.4,0,CONCEPT_NOT_FIT_VALIDATED
DUC-C-00603,p8-1x1,Yellow,#F4EE2A,13,599,40.0,-56.0,62.4,0,CONCEPT_NOT_FIT_VALIDATED
DUC-C-00604,p8-4x2,Yellow,#F4EE2A,13,600,-44.0,-36.0,62.4,90,CONCEPT_NOT_FIT_VALIDATED
DUC-C-00605,p8-4x2,Yellow,#F4EE2A,13,601,-28.0,-36.0,62.4,90,CONCEPT_NOT_FIT_VALIDATED
DUC-C-00606,p8-4x2,Yellow,#F4EE2A,13,602,-12.0,-36.0,62.4,90,CONCEPT_NOT_FIT_VALIDATED
DUC-C-00607,p8-4x2,Yellow,#F4EE2A,13,603,4.0,-36.0,62.4,90,CONCEPT_NOT_FIT_VALIDATED
DUC-C-00608,p8-4x2,Yellow,#F4EE2A,13,604,20.0,-36.0,62.4,90,CONCEPT_NOT_FIT_VALIDATED
DUC-C-00609,p8-4x2,Yellow,#F4EE2A,13,605,36.0,-36.0,62.4,90,CONCEPT_NOT_FIT_VALIDATED
DUC-C-00610,p8-4x1,Yellow,#F4EE2A,13,606,48.0,-36.0,62.4,90,CONCEPT_NOT_FIT_VALIDATED
DUC-C-00611,p8-3x1,Yellow,#F4EE2A,13,607,-56.0,-32.0,62.4,90,CONCEPT_NOT_FIT_VALIDATED
DUC-C-00612,p8-3x1,Yellow,#F4EE2A,13,608,56.0,-32.0,62.4,90,CONCEPT_NOT_FIT_VALIDATED
DUC-C-00613,p8-1x1,Yellow,#F4EE2A,13,609,-64.0,-24.0,62.4,0,CONCEPT_NOT_FIT_VALIDATED
DUC-C-00614,p8-1x1,Yellow,#F4EE2A,13,610,64.0,-24.0,62.4,0,CONCEPT_NOT_FIT_VALIDATED
DUC-C-00615,p8-4x2,Yellow,#F4EE2A,13,611,-60.0,-4.0,62.4,90,CONCEPT_NOT_FIT_VALIDATED
DUC-C-00616,p8-4x2,Yellow,#F4EE2A,13,612,-44.0,-4.0,62.4,90,CONCEPT_NOT_FIT_VALIDATED
DUC-C-00617,p8-4x2,Yellow,#F4EE2A,13,613,-28.0,-4.0,62.4,90,CONCEPT_NOT_FIT_VALIDATED
DUC-C-00618,p8-4x2,Yellow,#F4EE2A,13,614,-12.0,-4.0,62.4,90,CONCEPT_NOT_FIT_VALIDATED
DUC-C-00619,p8-4x2,Yellow,#F4EE2A,13,615,4.0,-4.0,62.4,90,CONCEPT_NOT_FIT_VALIDATED
DUC-C-00620,p8-4x2,Yellow,#F4EE2A,13,616,20.0,-4.0,62.4,90,CONCEPT_NOT_FIT_VALIDATED
DUC-C-00621,p8-4x2,Yellow,#F4EE2A,13,617,36.0,-4.0,62.4,90,CONCEPT_NOT_FIT_VALIDATED
DUC-C-00622,p8-4x2,Yellow,#F4EE2A,13,618,52.0,-4.0,62.4,90,CONCEPT_NOT_FIT_VALIDATED
DUC-C-00623,p8-4x1,Yellow,#F4EE2A,13,619,64.0,-4.0,62.4,90,CONCEPT_NOT_FIT_VALIDATED
DUC-C-00624,p8-4x1,Yellow,#F4EE2A,13,620,-72.0,28.0,62.4,90,CONCEPT_NOT_FIT_VALIDATED
DUC-C-00625,p8-4x2,Yellow,#F4EE2A,13,621,-60.0,28.0,62.4,90,CONCEPT_NOT_FIT_VALIDATED
DUC-C-00626,p8-4x2,Yellow,#F4EE2A,13,622,-44.0,28.0,62.4,90,CONCEPT_NOT_FIT_VALIDATED
DUC-C-00627,p8-4x2,Yellow,#F4EE2A,13,623,-28.0,28.0,62.4,90,CONCEPT_NOT_FIT_VALIDATED
DUC-C-00628,p8-4x2,Yellow,#F4EE2A,13,624,-12.0,28.0,62.4,90,CONCEPT_NOT_FIT_VALIDATED
DUC-C-00629,p8-4x2,Yellow,#F4EE2A,13,625,4.0,28.0,62.4,90,CONCEPT_NOT_FIT_VALIDATED
DUC-C-00630,p8-4x2,Yellow,#F4EE2A,13,626,20.0,28.0,62.4,90,CONCEPT_NOT_FIT_VALIDATED
DUC-C-00631,p8-4x2,Yellow,#F4EE2A,13,627,36.0,28.0,62.4,90,CONCEPT_NOT_FIT_VALIDATED
DUC-C-00632,p8-4x2,Yellow,#F4EE2A,13,628,52.0,28.0,62.4,90,CONCEPT_NOT_FIT_VALIDATED
DUC-C-00633,p8-4x2,Yellow,#F4EE2A,13,629,68.0,28.0,62.4,90,CONCEPT_NOT_FIT_VALIDATED
DUC-C-00634,p8-2x1,Yellow,#F4EE2A,13,630,-72.0,52.0,62.4,90,CONCEPT_NOT_FIT_VALIDATED
DUC-C-00635,p8-4x2,Yellow,#F4EE2A,13,631,-60.0,60.0,62.4,90,CONCEPT_NOT_FIT_VALIDATED
DUC-C-00545,p8-1x1,Yellow,#F4EE2A,12,632,-56.0,72.0,57.6,0,CONCEPT_NOT_FIT_VALIDATED
DUC-C-00636,p8-4x2,Yellow,#F4EE2A,13,633,-44.0,60.0,62.4,90,CONCEPT_NOT_FIT_VALIDATED
DUC-C-00637,p8-4x2,Yellow,#F4EE2A,13,634,-28.0,60.0,62.4,90,CONCEPT_NOT_FIT_VALIDATED
DUC-C-00638,p8-4x2,Yellow,#F4EE2A,13,635,-12.0,60.0,62.4,90,CONCEPT_NOT_FIT_VALIDATED
DUC-C-00639,p8-4x2,Yellow,#F4EE2A,13,636,4.0,60.0,62.4,90,CONCEPT_NOT_FIT_VALIDATED
DUC-C-00640,p8-4x2,Yellow,#F4EE2A,13,637,20.0,60.0,62.4,90,CONCEPT_NOT_FIT_VALIDATED
DUC-C-00641,p8-4x2,Yellow,#F4EE2A,13,638,36.0,60.0,62.4,90,CONCEPT_NOT_FIT_VALIDATED
DUC-C-00642,p8-4x2,Yellow,#F4EE2A,13,639,52.0,60.0,62.4,90,CONCEPT_NOT_FIT_VALIDATED
DUC-C-00643,p8-4x1,Yellow,#F4EE2A,13,640,64.0,60.0,62.4,90,CONCEPT_NOT_FIT_VALIDATED
DUC-C-00644,p8-2x1,Yellow,#F4EE2A,13,641,72.0,52.0,62.4,90,CONCEPT_NOT_FIT_VALIDATED
DUC-C-00645,p8-2x1,Yellow,#F4EE2A,13,642,-44.0,80.0,62.4,0,CONCEPT_NOT_FIT_VALIDATED
DUC-C-00646,p8-2x2,Yellow,#F4EE2A,13,643,-28.0,84.0,62.4,0,CONCEPT_NOT_FIT_VALIDATED
DUC-C-00647,p8-4x2,Yellow,#F4EE2A,13,644,-12.0,92.0,62.4,90,CONCEPT_NOT_FIT_VALIDATED
DUC-C-00648,p8-4x2,Yellow,#F4EE2A,13,645,4.0,92.0,62.4,90,CONCEPT_NOT_FIT_VALIDATED
DUC-C-00649,p8-3x2,Yellow,#F4EE2A,13,646,20.0,88.0,62.4,90,CONCEPT_NOT_FIT_VALIDATED
DUC-C-00582,p8-2x1,Yellow,#F4EE2A,12,647,20.0,96.0,57.6,0,CONCEPT_NOT_FIT_VALIDATED
DUC-C-00650,p8-2x1,Yellow,#F4EE2A,13,648,36.0,80.0,62.4,0,CONCEPT_NOT_FIT_VALIDATED
DUC-C-00584,p8-1x1,Yellow,#F4EE2A,12,649,40.0,80.0,57.6,0,CONCEPT_NOT_FIT_VALIDATED
DUC-C-00652,p8-1x1,Yellow,#F4EE2A,13,650,32.0,88.0,62.4,0,CONCEPT_NOT_FIT_VALIDATED
DUC-C-00655,p8-2x1,Yellow,#F4EE2A,14,651,-68.0,16.0,67.2,0,CONCEPT_NOT_FIT_VALIDATED
DUC-C-00656,p8-2x2,Yellow,#F4EE2A,14,652,-68.0,28.0,67.2,0,CONCEPT_NOT_FIT_VALIDATED
DUC-C-00657,p8-2x2,Yellow,#F4EE2A,14,653,-68.0,44.0,67.2,0,CONCEPT_NOT_FIT_VALIDATED
DUC-C-00658,p8-2x1,Yellow,#F4EE2A,14,654,-68.0,56.0,67.2,0,CONCEPT_NOT_FIT_VALIDATED
DUC-C-00659,p8-1x1,Yellow,#F4EE2A,14,655,-64.0,-16.0,67.2,0,CONCEPT_NOT_FIT_VALIDATED
DUC-C-00660,p8-2x1,Yellow,#F4EE2A,14,656,-64.0,-4.0,67.2,90,CONCEPT_NOT_FIT_VALIDATED
DUC-C-00661,p8-1x1,Yellow,#F4EE2A,14,657,-64.0,8.0,67.2,0,CONCEPT_NOT_FIT_VALIDATED
DUC-C-00662,p8-1x1,Yellow,#F4EE2A,14,658,-64.0,64.0,67.2,0,CONCEPT_NOT_FIT_VALIDATED
DUC-C-00663,p8-1x1,Yellow,#F4EE2A,14,659,-64.0,72.0,67.2,0,CONCEPT_NOT_FIT_VALIDATED
DUC-C-00664,p8-4x2,Yellow,#F4EE2A,14,660,-44.0,-36.0,67.2,0,CONCEPT_NOT_FIT_VALIDATED
DUC-C-00665,p8-4x2,Yellow,#F4EE2A,14,661,-44.0,-20.0,67.2,0,CONCEPT_NOT_FIT_VALIDATED
DUC-C-00666,p8-4x2,Yellow,#F4EE2A,14,662,-44.0,-4.0,67.2,0,CONCEPT_NOT_FIT_VALIDATED
DUC-C-00667,p8-4x2,Yellow,#F4EE2A,14,663,-44.0,12.0,67.2,0,CONCEPT_NOT_FIT_VALIDATED
DUC-C-00668,p8-4x2,Yellow,#F4EE2A,14,664,-44.0,28.0,67.2,0,CONCEPT_NOT_FIT_VALIDATED
DUC-C-00669,p8-4x2,Yellow,#F4EE2A,14,665,-44.0,44.0,67.2,0,CONCEPT_NOT_FIT_VALIDATED
DUC-C-00670,p8-4x2,Yellow,#F4EE2A,14,666,-44.0,60.0,67.2,0,CONCEPT_NOT_FIT_VALIDATED
DUC-C-00671,p8-4x2,Yellow,#F4EE2A,14,667,-44.0,76.0,67.2,0,CONCEPT_NOT_FIT_VALIDATED
DUC-C-00672,p8-3x1,Yellow,#F4EE2A,14,668,-40.0,-48.0,67.2,0,CONCEPT_NOT_FIT_VALIDATED
DUC-C-00673,p8-2x1,Yellow,#F4EE2A,14,669,-36.0,-56.0,67.2,0,CONCEPT_NOT_FIT_VALIDATED
DUC-C-00674,p8-1x1,Yellow,#F4EE2A,14,670,-32.0,88.0,67.2,0,CONCEPT_NOT_FIT_VALIDATED
DUC-C-00675,p8-4x1,Yellow,#F4EE2A,14,671,-12.0,-64.0,67.2,0,CONCEPT_NOT_FIT_VALIDATED
DUC-C-00676,p8-4x2,Yellow,#F4EE2A,14,672,-12.0,-52.0,67.2,0,CONCEPT_NOT_FIT_VALIDATED
DUC-C-00677,p8-4x2,Yellow,#F4EE2A,14,673,-12.0,-36.0,67.2,0,CONCEPT_NOT_FIT_VALIDATED
DUC-C-00678,p8-4x2,Yellow,#F4EE2A,14,674,-12.0,-20.0,67.2,0,CONCEPT_NOT_FIT_VALIDATED
DUC-C-00679,p8-4x2,Yellow,#F4EE2A,14,675,-12.0,-4.0,67.2,0,CONCEPT_NOT_FIT_VALIDATED
DUC-C-00680,p8-4x2,Yellow,#F4EE2A,14,676,-12.0,12.0,67.2,0,CONCEPT_NOT_FIT_VALIDATED
DUC-C-00681,p8-4x2,Yellow,#F4EE2A,14,677,-12.0,28.0,67.2,0,CONCEPT_NOT_FIT_VALIDATED
DUC-C-00682,p8-4x2,Yellow,#F4EE2A,14,678,-12.0,44.0,67.2,0,CONCEPT_NOT_FIT_VALIDATED
DUC-C-00683,p8-4x2,Yellow,#F4EE2A,14,679,-12.0,60.0,67.2,0,CONCEPT_NOT_FIT_VALIDATED
DUC-C-00684,p8-4x2,Yellow,#F4EE2A,14,680,-12.0,76.0,67.2,0,CONCEPT_NOT_FIT_VALIDATED
DUC-C-00685,p8-4x2,Yellow,#F4EE2A,14,681,-12.0,92.0,67.2,0,CONCEPT_NOT_FIT_VALIDATED
DUC-C-00653,p8-1x1,Yellow,#F4EE2A,13,682,-24.0,96.0,62.4,0,CONCEPT_NOT_FIT_VALIDATED
DUC-C-00558,p8-1x1,Yellow,#F4EE2A,12,683,-24.0,96.0,57.6,0,CONCEPT_NOT_FIT_VALIDATED
DUC-C-00686,p8-3x1,Yellow,#F4EE2A,14,684,-8.0,104.0,67.2,0,CONCEPT_NOT_FIT_VALIDATED
DUC-C-00687,p8-3x1,Yellow,#F4EE2A,14,685,16.0,-64.0,67.2,0,CONCEPT_NOT_FIT_VALIDATED
DUC-C-00688,p8-4x2,Yellow,#F4EE2A,14,686,20.0,-52.0,67.2,0,CONCEPT_NOT_FIT_VALIDATED
DUC-C-00689,p8-4x2,Yellow,#F4EE2A,14,687,20.0,-36.0,67.2,0,CONCEPT_NOT_FIT_VALIDATED
DUC-C-00690,p8-4x2,Yellow,#F4EE2A,14,688,20.0,-20.0,67.2,0,CONCEPT_NOT_FIT_VALIDATED
DUC-C-00691,p8-4x2,Yellow,#F4EE2A,14,689,20.0,-4.0,67.2,0,CONCEPT_NOT_FIT_VALIDATED
DUC-C-00692,p8-4x2,Yellow,#F4EE2A,14,690,20.0,12.0,67.2,0,CONCEPT_NOT_FIT_VALIDATED
DUC-C-00693,p8-4x2,Yellow,#F4EE2A,14,691,20.0,28.0,67.2,0,CONCEPT_NOT_FIT_VALIDATED
DUC-C-00694,p8-4x2,Yellow,#F4EE2A,14,692,20.0,44.0,67.2,0,CONCEPT_NOT_FIT_VALIDATED
DUC-C-00695,p8-4x2,Yellow,#F4EE2A,14,693,20.0,60.0,67.2,0,CONCEPT_NOT_FIT_VALIDATED
DUC-C-00696,p8-4x2,Yellow,#F4EE2A,14,694,20.0,76.0,67.2,0,CONCEPT_NOT_FIT_VALIDATED
DUC-C-00697,p8-3x2,Yellow,#F4EE2A,14,695,16.0,92.0,67.2,0,CONCEPT_NOT_FIT_VALIDATED
DUC-C-00698,p8-2x1,Yellow,#F4EE2A,14,696,12.0,104.0,67.2,0,CONCEPT_NOT_FIT_VALIDATED
DUC-C-00654,p8-1x1,Yellow,#F4EE2A,13,697,16.0,104.0,62.4,0,CONCEPT_NOT_FIT_VALIDATED
DUC-C-00699,p8-1x1,Yellow,#F4EE2A,14,698,32.0,88.0,67.2,0,CONCEPT_NOT_FIT_VALIDATED
DUC-C-00700,p8-2x1,Yellow,#F4EE2A,14,699,40.0,-52.0,67.2,90,CONCEPT_NOT_FIT_VALIDATED
DUC-C-00701,p8-3x2,Yellow,#F4EE2A,14,700,48.0,-36.0,67.2,0,CONCEPT_NOT_FIT_VALIDATED
DUC-C-00702,p8-3x2,Yellow,#F4EE2A,14,701,48.0,-20.0,67.2,0,CONCEPT_NOT_FIT_VALIDATED
DUC-C-00703,p8-4x2,Yellow,#F4EE2A,14,702,52.0,-4.0,67.2,0,CONCEPT_NOT_FIT_VALIDATED
DUC-C-00704,p8-4x2,Yellow,#F4EE2A,14,703,52.0,12.0,67.2,0,CONCEPT_NOT_FIT_VALIDATED
DUC-C-00705,p8-4x2,Yellow,#F4EE2A,14,704,52.0,28.0,67.2,0,CONCEPT_NOT_FIT_VALIDATED
DUC-C-00706,p8-4x2,Yellow,#F4EE2A,14,705,52.0,44.0,67.2,0,CONCEPT_NOT_FIT_VALIDATED
DUC-C-00707,p8-4x2,Yellow,#F4EE2A,14,706,52.0,60.0,67.2,0,CONCEPT_NOT_FIT_VALIDATED
DUC-C-00708,p8-3x2,Yellow,#F4EE2A,14,707,48.0,76.0,67.2,0,CONCEPT_NOT_FIT_VALIDATED
DUC-C-00651,p8-1x1,Yellow,#F4EE2A,13,708,48.0,80.0,62.4,0,CONCEPT_NOT_FIT_VALIDATED
DUC-C-00709,p8-1x1,Yellow,#F4EE2A,14,709,48.0,-48.0,67.2,0,CONCEPT_NOT_FIT_VALIDATED
DUC-C-00710,p8-1x1,Yellow,#F4EE2A,14,710,64.0,-16.0,67.2,0,CONCEPT_NOT_FIT_VALIDATED
DUC-C-00711,p8-1x1,Yellow,#F4EE2A,14,711,64.0,72.0,67.2,0,CONCEPT_NOT_FIT_VALIDATED
DUC-C-00712,p8-1x1,Yellow,#F4EE2A,14,712,72.0,16.0,67.2,0,CONCEPT_NOT_FIT_VALIDATED
DUC-C-00713,p8-2x1,Yellow,#F4EE2A,14,713,72.0,28.0,67.2,90,CONCEPT_NOT_FIT_VALIDATED
DUC-C-00714,p8-2x1,Yellow,#F4EE2A,14,714,72.0,44.0,67.2,90,CONCEPT_NOT_FIT_VALIDATED
DUC-C-00715,p8-1x1,Yellow,#F4EE2A,14,715,72.0,56.0,67.2,0,CONCEPT_NOT_FIT_VALIDATED
DUC-C-00718,p8-3x1,Pumpkin orange,#FF9016,15,716,-16.0,-72.0,72.0,90,CONCEPT_NOT_FIT_VALIDATED
DUC-C-00719,p8-3x1,Pumpkin orange,#FF9016,15,717,16.0,-72.0,72.0,90,CONCEPT_NOT_FIT_VALIDATED
DUC-C-00720,p8-2x1,Yellow,#F4EE2A,15,718,-4.0,-64.0,72.0,0,CONCEPT_NOT_FIT_VALIDATED
DUC-C-00721,p8-1x1,Yellow,#F4EE2A,15,719,8.0,-64.0,72.0,0,CONCEPT_NOT_FIT_VALIDATED
DUC-C-00722,p8-4x1,Yellow,#F4EE2A,15,720,-32.0,-44.0,72.0,90,CONCEPT_NOT_FIT_VALIDATED
DUC-C-00723,p8-4x2,Yellow,#F4EE2A,15,721,-20.0,-44.0,72.0,90,CONCEPT_NOT_FIT_VALIDATED
DUC-C-00724,p8-4x2,Yellow,#F4EE2A,15,722,-4.0,-44.0,72.0,90,CONCEPT_NOT_FIT_VALIDATED
DUC-C-00725,p8-4x2,Yellow,#F4EE2A,15,723,12.0,-44.0,72.0,90,CONCEPT_NOT_FIT_VALIDATED
DUC-C-00726,p8-4x2,Yellow,#F4EE2A,15,724,28.0,-44.0,72.0,90,CONCEPT_NOT_FIT_VALIDATED
DUC-C-00727,p8-3x1,Yellow,#F4EE2A,15,725,-48.0,-40.0,72.0,90,CONCEPT_NOT_FIT_VALIDATED
DUC-C-00728,p8-3x1,Yellow,#F4EE2A,15,726,-40.0,-40.0,72.0,90,CONCEPT_NOT_FIT_VALIDATED
DUC-C-00729,p8-3x2,Yellow,#F4EE2A,15,727,44.0,-40.0,72.0,90,CONCEPT_NOT_FIT_VALIDATED
DUC-C-00730,p8-1x1,Yellow,#F4EE2A,15,728,-56.0,-32.0,72.0,0,CONCEPT_NOT_FIT_VALIDATED
DUC-C-00731,p8-1x1,Yellow,#F4EE2A,15,729,56.0,-32.0,72.0,0,CONCEPT_NOT_FIT_VALIDATED
DUC-C-00732,p8-4x2,Yellow,#F4EE2A,15,730,-52.0,-12.0,72.0,90,CONCEPT_NOT_FIT_VALIDATED
DUC-C-00733,p8-4x2,Yellow,#F4EE2A,15,731,-36.0,-12.0,72.0,90,CONCEPT_NOT_FIT_VALIDATED
DUC-C-00734,p8-4x2,Yellow,#F4EE2A,15,732,-20.0,-12.0,72.0,90,CONCEPT_NOT_FIT_VALIDATED
DUC-C-00735,p8-4x2,Yellow,#F4EE2A,15,733,-4.0,-12.0,72.0,90,CONCEPT_NOT_FIT_VALIDATED
DUC-C-00736,p8-4x2,Yellow,#F4EE2A,15,734,12.0,-12.0,72.0,90,CONCEPT_NOT_FIT_VALIDATED
DUC-C-00737,p8-4x2,Yellow,#F4EE2A,15,735,28.0,-12.0,72.0,90,CONCEPT_NOT_FIT_VALIDATED
DUC-C-00738,p8-4x2,Yellow,#F4EE2A,15,736,44.0,-12.0,72.0,90,CONCEPT_NOT_FIT_VALIDATED
DUC-C-00739,p8-4x1,Yellow,#F4EE2A,15,737,56.0,-12.0,72.0,90,CONCEPT_NOT_FIT_VALIDATED
DUC-C-00740,p8-3x1,Yellow,#F4EE2A,15,738,-64.0,-8.0,72.0,90,CONCEPT_NOT_FIT_VALIDATED
DUC-C-00741,p8-3x1,Yellow,#F4EE2A,15,739,64.0,-8.0,72.0,90,CONCEPT_NOT_FIT_VALIDATED
DUC-C-00742,p8-4x1,Yellow,#F4EE2A,15,740,-64.0,20.0,72.0,90,CONCEPT_NOT_FIT_VALIDATED
DUC-C-00743,p8-4x2,Yellow,#F4EE2A,15,741,-52.0,20.0,72.0,90,CONCEPT_NOT_FIT_VALIDATED
DUC-C-00744,p8-4x2,Yellow,#F4EE2A,15,742,-36.0,20.0,72.0,90,CONCEPT_NOT_FIT_VALIDATED
DUC-C-00745,p8-4x2,Yellow,#F4EE2A,15,743,-20.0,20.0,72.0,90,CONCEPT_NOT_FIT_VALIDATED
DUC-C-00746,p8-4x2,Yellow,#F4EE2A,15,744,-4.0,20.0,72.0,90,CONCEPT_NOT_FIT_VALIDATED
DUC-C-00747,p8-4x2,Yellow,#F4EE2A,15,745,12.0,20.0,72.0,90,CONCEPT_NOT_FIT_VALIDATED
DUC-C-00748,p8-4x2,Yellow,#F4EE2A,15,746,28.0,20.0,72.0,90,CONCEPT_NOT_FIT_VALIDATED
DUC-C-00749,p8-4x2,Yellow,#F4EE2A,15,747,44.0,20.0,72.0,90,CONCEPT_NOT_FIT_VALIDATED
DUC-C-00750,p8-4x2,Yellow,#F4EE2A,15,748,60.0,20.0,72.0,90,CONCEPT_NOT_FIT_VALIDATED
DUC-C-00751,p8-2x1,Yellow,#F4EE2A,15,749,-72.0,28.0,72.0,90,CONCEPT_NOT_FIT_VALIDATED
DUC-C-00752,p8-2x1,Yellow,#F4EE2A,15,750,72.0,28.0,72.0,90,CONCEPT_NOT_FIT_VALIDATED
DUC-C-00753,p8-3x2,Yellow,#F4EE2A,15,751,-68.0,48.0,72.0,90,CONCEPT_NOT_FIT_VALIDATED
DUC-C-00754,p8-4x2,Yellow,#F4EE2A,15,752,-52.0,52.0,72.0,90,CONCEPT_NOT_FIT_VALIDATED
DUC-C-00755,p8-4x2,Yellow,#F4EE2A,15,753,-36.0,52.0,72.0,90,CONCEPT_NOT_FIT_VALIDATED
DUC-C-00756,p8-4x2,Yellow,#F4EE2A,15,754,-20.0,52.0,72.0,90,CONCEPT_NOT_FIT_VALIDATED
DUC-C-00757,p8-4x2,Yellow,#F4EE2A,15,755,-4.0,52.0,72.0,90,CONCEPT_NOT_FIT_VALIDATED
DUC-C-00758,p8-4x2,Yellow,#F4EE2A,15,756,12.0,52.0,72.0,90,CONCEPT_NOT_FIT_VALIDATED
DUC-C-00759,p8-4x2,Yellow,#F4EE2A,15,757,28.0,52.0,72.0,90,CONCEPT_NOT_FIT_VALIDATED
DUC-C-00760,p8-4x2,Yellow,#F4EE2A,15,758,44.0,52.0,72.0,90,CONCEPT_NOT_FIT_VALIDATED
DUC-C-00761,p8-4x2,Yellow,#F4EE2A,15,759,60.0,52.0,72.0,90,CONCEPT_NOT_FIT_VALIDATED
DUC-C-00762,p8-3x1,Yellow,#F4EE2A,15,760,72.0,48.0,72.0,90,CONCEPT_NOT_FIT_VALIDATED
DUC-C-00763,p8-1x1,Yellow,#F4EE2A,15,761,-64.0,64.0,72.0,0,CONCEPT_NOT_FIT_VALIDATED
DUC-C-00764,p8-1x1,Yellow,#F4EE2A,15,762,-64.0,72.0,72.0,0,CONCEPT_NOT_FIT_VALIDATED
DUC-C-00765,p8-2x2,Yellow,#F4EE2A,15,763,-52.0,76.0,72.0,0,CONCEPT_NOT_FIT_VALIDATED
DUC-C-00766,p8-2x2,Yellow,#F4EE2A,15,764,-36.0,76.0,72.0,0,CONCEPT_NOT_FIT_VALIDATED
DUC-C-00767,p8-4x2,Yellow,#F4EE2A,15,765,-20.0,84.0,72.0,90,CONCEPT_NOT_FIT_VALIDATED
DUC-C-00768,p8-4x2,Yellow,#F4EE2A,15,766,-4.0,84.0,72.0,90,CONCEPT_NOT_FIT_VALIDATED
DUC-C-00769,p8-4x2,Yellow,#F4EE2A,15,767,12.0,84.0,72.0,90,CONCEPT_NOT_FIT_VALIDATED
DUC-C-00770,p8-4x2,Yellow,#F4EE2A,15,768,28.0,84.0,72.0,90,CONCEPT_NOT_FIT_VALIDATED
DUC-C-00771,p8-2x2,Yellow,#F4EE2A,15,769,44.0,76.0,72.0,0,CONCEPT_NOT_FIT_VALIDATED
DUC-C-00772,p8-2x1,Yellow,#F4EE2A,15,770,60.0,72.0,72.0,0,CONCEPT_NOT_FIT_VALIDATED
DUC-C-00773,p8-1x1,Yellow,#F4EE2A,15,771,56.0,80.0,72.0,0,CONCEPT_NOT_FIT_VALIDATED
DUC-C-00774,p8-2x1,Yellow,#F4EE2A,15,772,-32.0,92.0,72.0,90,CONCEPT_NOT_FIT_VALIDATED
DUC-C-00775,p8-1x1,Yellow,#F4EE2A,15,773,-16.0,104.0,72.0,0,CONCEPT_NOT_FIT_VALIDATED
DUC-C-00776,p8-2x1,Yellow,#F4EE2A,15,774,-4.0,104.0,72.0,0,CONCEPT_NOT_FIT_VALIDATED
DUC-C-00777,p8-2x1,Yellow,#F4EE2A,15,775,12.0,104.0,72.0,0,CONCEPT_NOT_FIT_VALIDATED
DUC-C-00778,p8-2x1,Yellow,#F4EE2A,16,776,48.0,84.0,76.8,90,CONCEPT_NOT_FIT_VALIDATED
DUC-C-00781,p8-2x1,Yellow,#F4EE2A,16,777,-48.0,84.0,76.8,90,CONCEPT_NOT_FIT_VALIDATED
DUC-C-00782,p8-1x1,Yellow,#F4EE2A,16,778,-72.0,24.0,76.8,0,CONCEPT_NOT_FIT_VALIDATED
DUC-C-00783,p8-2x1,Yellow,#F4EE2A,16,779,-72.0,36.0,76.8,90,CONCEPT_NOT_FIT_VALIDATED
DUC-C-00784,p8-1x1,Yellow,#F4EE2A,16,780,-72.0,48.0,76.8,0,CONCEPT_NOT_FIT_VALIDATED
DUC-C-00785,p8-4x1,Yellow,#F4EE2A,16,781,-52.0,0.0,76.8,0,CONCEPT_NOT_FIT_VALIDATED
DUC-C-00786,p8-4x2,Yellow,#F4EE2A,16,782,-52.0,20.0,76.8,0,CONCEPT_NOT_FIT_VALIDATED
DUC-C-00787,p8-4x2,Yellow,#F4EE2A,16,783,-52.0,36.0,76.8,0,CONCEPT_NOT_FIT_VALIDATED
DUC-C-00788,p8-4x2,Yellow,#F4EE2A,16,784,-52.0,52.0,76.8,0,CONCEPT_NOT_FIT_VALIDATED
DUC-C-00789,p8-4x2,Yellow,#F4EE2A,16,785,-52.0,68.0,76.8,0,CONCEPT_NOT_FIT_VALIDATED
DUC-C-00790,p8-3x2,Yellow,#F4EE2A,16,786,-48.0,-28.0,76.8,0,CONCEPT_NOT_FIT_VALIDATED
DUC-C-00791,p8-3x2,Yellow,#F4EE2A,16,787,-48.0,-12.0,76.8,0,CONCEPT_NOT_FIT_VALIDATED
DUC-C-00792,p8-3x1,Yellow,#F4EE2A,16,788,-48.0,8.0,76.8,0,CONCEPT_NOT_FIT_VALIDATED
DUC-C-00793,p8-1x1,Yellow,#F4EE2A,16,789,-56.0,80.0,76.8,0,CONCEPT_NOT_FIT_VALIDATED
DUC-C-00794,p8-2x2,Yellow,#F4EE2A,16,790,-44.0,-44.0,76.8,0,CONCEPT_NOT_FIT_VALIDATED
DUC-C-00796,p8-1x1,Yellow,#F4EE2A,16,791,-40.0,80.0,76.8,0,CONCEPT_NOT_FIT_VALIDATED
DUC-C-00797,p8-4x1,Yellow,#F4EE2A,16,792,-20.0,-56.0,76.8,0,CONCEPT_NOT_FIT_VALIDATED
DUC-C-00798,p8-4x2,Yellow,#F4EE2A,16,793,-20.0,-44.0,76.8,0,CONCEPT_NOT_FIT_VALIDATED
DUC-C-00799,p8-4x2,Yellow,#F4EE2A,16,794,-20.0,-28.0,76.8,0,CONCEPT_NOT_FIT_VALIDATED
DUC-C-00800,p8-4x2,Yellow,#F4EE2A,16,795,-20.0,-12.0,76.8,0,CONCEPT_NOT_FIT_VALIDATED
DUC-C-00801,p8-4x2,Yellow,#F4EE2A,16,796,-20.0,4.0,76.8,0,CONCEPT_NOT_FIT_VALIDATED
DUC-C-00802,p8-4x2,Yellow,#F4EE2A,16,797,-20.0,20.0,76.8,0,CONCEPT_NOT_FIT_VALIDATED
DUC-C-00803,p8-4x2,Yellow,#F4EE2A,16,798,-20.0,36.0,76.8,0,CONCEPT_NOT_FIT_VALIDATED
DUC-C-00804,p8-4x2,Yellow,#F4EE2A,16,799,-20.0,52.0,76.8,0,CONCEPT_NOT_FIT_VALIDATED
DUC-C-00805,p8-4x2,Yellow,#F4EE2A,16,800,-20.0,68.0,76.8,0,CONCEPT_NOT_FIT_VALIDATED
DUC-C-00806,p8-4x2,Yellow,#F4EE2A,16,801,-20.0,84.0,76.8,0,CONCEPT_NOT_FIT_VALIDATED
DUC-C-00807,p8-4x1,Yellow,#F4EE2A,16,802,-20.0,96.0,76.8,0,CONCEPT_NOT_FIT_VALIDATED
DUC-C-00810,p8-2x2,Yellow,#F4EE2A,16,803,-12.0,-76.0,76.8,0,CONCEPT_NOT_FIT_VALIDATED
DUC-C-00716,p8-3x2,Pumpkin orange,#FF9016,15,804,-4.0,-80.0,72.0,90,CONCEPT_NOT_FIT_VALIDATED
DUC-C-00809,p8-2x1,Pumpkin orange,#FF9016,16,805,-12.0,-88.0,76.8,0,CONCEPT_NOT_FIT_VALIDATED
DUC-C-00811,p8-2x1,Yellow,#F4EE2A,16,806,-12.0,-64.0,76.8,0,CONCEPT_NOT_FIT_VALIDATED
DUC-C-00812,p8-2x1,Yellow,#F4EE2A,16,807,-12.0,104.0,76.8,0,CONCEPT_NOT_FIT_VALIDATED
DUC-C-00814,p8-1x1,Yellow,#F4EE2A,16,808,0.0,-88.0,76.8,0,CONCEPT_NOT_FIT_VALIDATED
DUC-C-00815,p8-3x2,Yellow,#F4EE2A,16,809,8.0,-76.0,76.8,0,CONCEPT_NOT_FIT_VALIDATED
DUC-C-00717,p8-3x1,Pumpkin orange,#FF9016,15,810,8.0,-80.0,72.0,90,CONCEPT_NOT_FIT_VALIDATED
DUC-C-00816,p8-3x2,Yellow,#F4EE2A,16,811,8.0,-60.0,76.8,0,CONCEPT_NOT_FIT_VALIDATED
DUC-C-00817,p8-4x2,Yellow,#F4EE2A,16,812,12.0,-44.0,76.8,0,CONCEPT_NOT_FIT_VALIDATED
DUC-C-00818,p8-4x2,Yellow,#F4EE2A,16,813,12.0,-28.0,76.8,0,CONCEPT_NOT_FIT_VALIDATED
DUC-C-00819,p8-4x2,Yellow,#F4EE2A,16,814,12.0,-12.0,76.8,0,CONCEPT_NOT_FIT_VALIDATED
DUC-C-00820,p8-4x2,Yellow,#F4EE2A,16,815,12.0,4.0,76.8,0,CONCEPT_NOT_FIT_VALIDATED
DUC-C-00821,p8-4x2,Yellow,#F4EE2A,16,816,12.0,20.0,76.8,0,CONCEPT_NOT_FIT_VALIDATED
DUC-C-00822,p8-4x2,Yellow,#F4EE2A,16,817,12.0,36.0,76.8,0,CONCEPT_NOT_FIT_VALIDATED
DUC-C-00823,p8-4x2,Yellow,#F4EE2A,16,818,12.0,52.0,76.8,0,CONCEPT_NOT_FIT_VALIDATED
DUC-C-00824,p8-4x2,Yellow,#F4EE2A,16,819,12.0,68.0,76.8,0,CONCEPT_NOT_FIT_VALIDATED
DUC-C-00825,p8-4x2,Yellow,#F4EE2A,16,820,12.0,84.0,76.8,0,CONCEPT_NOT_FIT_VALIDATED
DUC-C-00826,p8-3x2,Yellow,#F4EE2A,16,821,8.0,100.0,76.8,0,CONCEPT_NOT_FIT_VALIDATED
DUC-C-00827,p8-2x1,Pumpkin orange,#FF9016,16,822,12.0,-88.0,76.8,0,CONCEPT_NOT_FIT_VALIDATED
DUC-C-00829,p8-1x1,Yellow,#F4EE2A,16,823,24.0,-56.0,76.8,0,CONCEPT_NOT_FIT_VALIDATED
DUC-C-00830,p8-1x1,Yellow,#F4EE2A,16,824,24.0,96.0,76.8,0,CONCEPT_NOT_FIT_VALIDATED
DUC-C-00831,p8-1x1,Yellow,#F4EE2A,16,825,32.0,-56.0,76.8,0,CONCEPT_NOT_FIT_VALIDATED
DUC-C-00832,p8-3x2,Yellow,#F4EE2A,16,826,40.0,-44.0,76.8,0,CONCEPT_NOT_FIT_VALIDATED
DUC-C-00833,p8-4x2,Yellow,#F4EE2A,16,827,44.0,-28.0,76.8,0,CONCEPT_NOT_FIT_VALIDATED
DUC-C-00834,p8-4x2,Yellow,#F4EE2A,16,828,44.0,-12.0,76.8,0,CONCEPT_NOT_FIT_VALIDATED
DUC-C-00835,p8-4x2,Yellow,#F4EE2A,16,829,44.0,4.0,76.8,0,CONCEPT_NOT_FIT_VALIDATED
DUC-C-00836,p8-4x2,Yellow,#F4EE2A,16,830,44.0,20.0,76.8,0,CONCEPT_NOT_FIT_VALIDATED
DUC-C-00837,p8-4x2,Yellow,#F4EE2A,16,831,44.0,36.0,76.8,0,CONCEPT_NOT_FIT_VALIDATED
DUC-C-00838,p8-4x2,Yellow,#F4EE2A,16,832,44.0,52.0,76.8,0,CONCEPT_NOT_FIT_VALIDATED
DUC-C-00839,p8-4x2,Yellow,#F4EE2A,16,833,44.0,68.0,76.8,0,CONCEPT_NOT_FIT_VALIDATED
DUC-C-00840,p8-2x1,Yellow,#F4EE2A,16,834,36.0,80.0,76.8,0,CONCEPT_NOT_FIT_VALIDATED
DUC-C-00841,p8-1x1,Yellow,#F4EE2A,16,835,32.0,88.0,76.8,0,CONCEPT_NOT_FIT_VALIDATED
DUC-C-00843,p8-1x1,Yellow,#F4EE2A,16,836,56.0,80.0,76.8,0,CONCEPT_NOT_FIT_VALIDATED
DUC-C-00844,p8-1x1,Yellow,#F4EE2A,16,837,64.0,-8.0,76.8,0,CONCEPT_NOT_FIT_VALIDATED
DUC-C-00845,p8-1x1,Yellow,#F4EE2A,16,838,64.0,0.0,76.8,0,CONCEPT_NOT_FIT_VALIDATED
DUC-C-00846,p8-2x1,Yellow,#F4EE2A,16,839,64.0,20.0,76.8,90,CONCEPT_NOT_FIT_VALIDATED
DUC-C-00847,p8-2x2,Yellow,#F4EE2A,16,840,68.0,36.0,76.8,0,CONCEPT_NOT_FIT_VALIDATED
DUC-C-00848,p8-2x1,Yellow,#F4EE2A,16,841,68.0,48.0,76.8,0,CONCEPT_NOT_FIT_VALIDATED
DUC-C-00849,p8-1x1,Yellow,#F4EE2A,16,842,64.0,56.0,76.8,0,CONCEPT_NOT_FIT_VALIDATED
DUC-C-00850,p8-2x1,Yellow,#F4EE2A,16,843,64.0,68.0,76.8,90,CONCEPT_NOT_FIT_VALIDATED
DUC-C-00851,p8-1x1,Yellow,#F4EE2A,16,844,72.0,24.0,76.8,0,CONCEPT_NOT_FIT_VALIDATED
DUC-C-00858,p8-3x2,Yellow,#F4EE2A,17,845,-12.0,-80.0,81.6,90,CONCEPT_NOT_FIT_VALIDATED
DUC-C-00859,p8-3x2,Yellow,#F4EE2A,17,846,4.0,-80.0,81.6,90,CONCEPT_NOT_FIT_VALIDATED
DUC-C-00860,p8-3x1,Yellow,#F4EE2A,17,847,16.0,-80.0,81.6,90,CONCEPT_NOT_FIT_VALIDATED
DUC-C-00863,p8-4x1,Yellow,#F4EE2A,17,848,-24.0,-52.0,81.6,90,CONCEPT_NOT_FIT_VALIDATED
DUC-C-00780,p8-2x1,Pumpkin orange,#FF9016,16,849,-24.0,-68.0,76.8,90,CONCEPT_NOT_FIT_VALIDATED
DUC-C-00857,p8-3x1,Pumpkin orange,#FF9016,17,850,-24.0,-80.0,81.6,90,CONCEPT_NOT_FIT_VALIDATED
DUC-C-00808,p8-1x1,Pumpkin orange,#FF9016,16,851,-24.0,-80.0,76.8,0,CONCEPT_NOT_FIT_VALIDATED
DUC-C-00864,p8-4x2,Yellow,#F4EE2A,17,852,-12.0,-52.0,81.6,90,CONCEPT_NOT_FIT_VALIDATED
DUC-C-00865,p8-4x2,Yellow,#F4EE2A,17,853,4.0,-52.0,81.6,90,CONCEPT_NOT_FIT_VALIDATED
DUC-C-00866,p8-4x2,Yellow,#F4EE2A,17,854,20.0,-52.0,81.6,90,CONCEPT_NOT_FIT_VALIDATED
DUC-C-00779,p8-2x1,Pumpkin orange,#FF9016,16,855,24.0,-68.0,76.8,90,CONCEPT_NOT_FIT_VALIDATED
DUC-C-00861,p8-3x1,Pumpkin orange,#FF9016,17,856,24.0,-80.0,81.6,90,CONCEPT_NOT_FIT_VALIDATED
DUC-C-00828,p8-1x1,Pumpkin orange,#FF9016,16,857,24.0,-80.0,76.8,0,CONCEPT_NOT_FIT_VALIDATED
DUC-C-00868,p8-3x1,Yellow,#F4EE2A,17,858,-40.0,-48.0,81.6,90,CONCEPT_NOT_FIT_VALIDATED
DUC-C-00795,p8-1x1,Yellow,#F4EE2A,16,859,-40.0,-56.0,76.8,0,CONCEPT_NOT_FIT_VALIDATED
DUC-C-00869,p8-3x1,Yellow,#F4EE2A,17,860,-32.0,-48.0,81.6,90,CONCEPT_NOT_FIT_VALIDATED
DUC-C-00870,p8-3x2,Yellow,#F4EE2A,17,861,36.0,-48.0,81.6,90,CONCEPT_NOT_FIT_VALIDATED
DUC-C-00871,p8-2x1,Yellow,#F4EE2A,17,862,-48.0,-44.0,81.6,90,CONCEPT_NOT_FIT_VALIDATED
DUC-C-00872,p8-2x1,Yellow,#F4EE2A,17,863,48.0,-44.0,81.6,90,CONCEPT_NOT_FIT_VALIDATED
DUC-C-00875,p8-4x1,Yellow,#F4EE2A,17,864,-56.0,-20.0,81.6,90,CONCEPT_NOT_FIT_VALIDATED
DUC-C-00876,p8-4x2,Yellow,#F4EE2A,17,865,-44.0,-20.0,81.6,90,CONCEPT_NOT_FIT_VALIDATED
DUC-C-00877,p8-4x2,Yellow,#F4EE2A,17,866,-28.0,-20.0,81.6,90,CONCEPT_NOT_FIT_VALIDATED
DUC-C-00878,p8-4x2,Yellow,#F4EE2A,17,867,-12.0,-20.0,81.6,90,CONCEPT_NOT_FIT_VALIDATED
DUC-C-00879,p8-4x2,Yellow,#F4EE2A,17,868,4.0,-20.0,81.6,90,CONCEPT_NOT_FIT_VALIDATED
DUC-C-00880,p8-4x2,Yellow,#F4EE2A,17,869,20.0,-20.0,81.6,90,CONCEPT_NOT_FIT_VALIDATED
DUC-C-00881,p8-4x2,Yellow,#F4EE2A,17,870,36.0,-20.0,81.6,90,CONCEPT_NOT_FIT_VALIDATED
DUC-C-00882,p8-4x2,Yellow,#F4EE2A,17,871,52.0,-20.0,81.6,90,CONCEPT_NOT_FIT_VALIDATED
DUC-C-00884,p8-2x1,Yellow,#F4EE2A,17,872,64.0,-12.0,81.6,90,CONCEPT_NOT_FIT_VALIDATED
DUC-C-00885,p8-2x1,Yellow,#F4EE2A,17,873,-60.0,0.0,81.6,0,CONCEPT_NOT_FIT_VALIDATED
DUC-C-00886,p8-4x2,Yellow,#F4EE2A,17,874,-44.0,12.0,81.6,90,CONCEPT_NOT_FIT_VALIDATED
DUC-C-00887,p8-4x2,Yellow,#F4EE2A,17,875,-28.0,12.0,81.6,90,CONCEPT_NOT_FIT_VALIDATED
DUC-C-00888,p8-4x2,Yellow,#F4EE2A,17,876,-12.0,12.0,81.6,90,CONCEPT_NOT_FIT_VALIDATED
DUC-C-00889,p8-4x2,Yellow,#F4EE2A,17,877,4.0,12.0,81.6,90,CONCEPT_NOT_FIT_VALIDATED
DUC-C-00890,p8-4x2,Yellow,#F4EE2A,17,878,20.0,12.0,81.6,90,CONCEPT_NOT_FIT_VALIDATED
DUC-C-00891,p8-4x2,Yellow,#F4EE2A,17,879,36.0,12.0,81.6,90,CONCEPT_NOT_FIT_VALIDATED
DUC-C-00892,p8-4x2,Yellow,#F4EE2A,17,880,52.0,12.0,81.6,90,CONCEPT_NOT_FIT_VALIDATED
DUC-C-00893,p8-1x1,Yellow,#F4EE2A,17,881,64.0,0.0,81.6,0,CONCEPT_NOT_FIT_VALIDATED
DUC-C-00894,p8-3x1,Yellow,#F4EE2A,17,882,-56.0,16.0,81.6,90,CONCEPT_NOT_FIT_VALIDATED
DUC-C-00895,p8-1x1,Yellow,#F4EE2A,17,883,-64.0,24.0,81.6,0,CONCEPT_NOT_FIT_VALIDATED
DUC-C-00896,p8-1x1,Yellow,#F4EE2A,17,884,64.0,24.0,81.6,0,CONCEPT_NOT_FIT_VALIDATED
DUC-C-00897,p8-4x2,Yellow,#F4EE2A,17,885,-60.0,44.0,81.6,90,CONCEPT_NOT_FIT_VALIDATED
DUC-C-00898,p8-4x2,Yellow,#F4EE2A,17,886,-44.0,44.0,81.6,90,CONCEPT_NOT_FIT_VALIDATED
DUC-C-00899,p8-4x2,Yellow,#F4EE2A,17,887,-28.0,44.0,81.6,90,CONCEPT_NOT_FIT_VALIDATED
DUC-C-00900,p8-4x2,Yellow,#F4EE2A,17,888,-12.0,44.0,81.6,90,CONCEPT_NOT_FIT_VALIDATED
DUC-C-00901,p8-4x2,Yellow,#F4EE2A,17,889,4.0,44.0,81.6,90,CONCEPT_NOT_FIT_VALIDATED
DUC-C-00902,p8-4x2,Yellow,#F4EE2A,17,890,20.0,44.0,81.6,90,CONCEPT_NOT_FIT_VALIDATED
DUC-C-00903,p8-4x2,Yellow,#F4EE2A,17,891,36.0,44.0,81.6,90,CONCEPT_NOT_FIT_VALIDATED
DUC-C-00904,p8-4x2,Yellow,#F4EE2A,17,892,52.0,44.0,81.6,90,CONCEPT_NOT_FIT_VALIDATED
DUC-C-00905,p8-4x1,Yellow,#F4EE2A,17,893,64.0,44.0,81.6,90,CONCEPT_NOT_FIT_VALIDATED
DUC-C-00906,p8-2x1,Yellow,#F4EE2A,17,894,-60.0,64.0,81.6,0,CONCEPT_NOT_FIT_VALIDATED
DUC-C-00907,p8-3x2,Yellow,#F4EE2A,17,895,-44.0,72.0,81.6,90,CONCEPT_NOT_FIT_VALIDATED
DUC-C-00908,p8-4x2,Yellow,#F4EE2A,17,896,-28.0,76.0,81.6,90,CONCEPT_NOT_FIT_VALIDATED
DUC-C-00909,p8-4x2,Yellow,#F4EE2A,17,897,-12.0,76.0,81.6,90,CONCEPT_NOT_FIT_VALIDATED
DUC-C-00910,p8-4x2,Yellow,#F4EE2A,17,898,4.0,76.0,81.6,90,CONCEPT_NOT_FIT_VALIDATED
DUC-C-00911,p8-4x2,Yellow,#F4EE2A,17,899,20.0,76.0,81.6,90,CONCEPT_NOT_FIT_VALIDATED
DUC-C-00912,p8-3x2,Yellow,#F4EE2A,17,900,36.0,72.0,81.6,90,CONCEPT_NOT_FIT_VALIDATED
DUC-C-00913,p8-3x2,Yellow,#F4EE2A,17,901,52.0,72.0,81.6,90,CONCEPT_NOT_FIT_VALIDATED
DUC-C-00914,p8-1x1,Yellow,#F4EE2A,17,902,64.0,64.0,81.6,0,CONCEPT_NOT_FIT_VALIDATED
DUC-C-00915,p8-2x1,Yellow,#F4EE2A,17,903,-56.0,76.0,81.6,90,CONCEPT_NOT_FIT_VALIDATED
DUC-C-00916,p8-1x1,Yellow,#F4EE2A,17,904,-48.0,88.0,81.6,0,CONCEPT_NOT_FIT_VALIDATED
DUC-C-00917,p8-1x1,Yellow,#F4EE2A,17,905,32.0,88.0,81.6,0,CONCEPT_NOT_FIT_VALIDATED
DUC-C-00918,p8-1x1,Yellow,#F4EE2A,17,906,48.0,88.0,81.6,0,CONCEPT_NOT_FIT_VALIDATED
DUC-C-00919,p8-1x1,Yellow,#F4EE2A,17,907,-24.0,96.0,81.6,0,CONCEPT_NOT_FIT_VALIDATED
DUC-C-00920,p8-2x2,Yellow,#F4EE2A,17,908,-12.0,100.0,81.6,0,CONCEPT_NOT_FIT_VALIDATED
DUC-C-00921,p8-2x2,Yellow,#F4EE2A,17,909,4.0,100.0,81.6,0,CONCEPT_NOT_FIT_VALIDATED
DUC-C-00922,p8-2x1,Yellow,#F4EE2A,17,910,20.0,96.0,81.6,0,CONCEPT_NOT_FIT_VALIDATED
DUC-C-00923,p8-1x1,Yellow,#F4EE2A,17,911,16.0,104.0,81.6,0,CONCEPT_NOT_FIT_VALIDATED
DUC-C-00924,p8-3x2,Yellow,#F4EE2A,18,912,-56.0,-20.0,86.4,0,CONCEPT_NOT_FIT_VALIDATED
DUC-C-00883,p8-2x1,Yellow,#F4EE2A,17,913,-64.0,-12.0,81.6,90,CONCEPT_NOT_FIT_VALIDATED
DUC-C-00925,p8-3x2,Yellow,#F4EE2A,18,914,-56.0,-4.0,86.4,0,CONCEPT_NOT_FIT_VALIDATED
DUC-C-00926,p8-3x1,Yellow,#F4EE2A,18,915,-56.0,8.0,86.4,0,CONCEPT_NOT_FIT_VALIDATED
DUC-C-00927,p8-3x1,Yellow,#F4EE2A,18,916,-56.0,32.0,86.4,0,CONCEPT_NOT_FIT_VALIDATED
DUC-C-00928,p8-3x2,Yellow,#F4EE2A,18,917,-56.0,44.0,86.4,0,CONCEPT_NOT_FIT_VALIDATED
DUC-C-00929,p8-3x2,Yellow,#F4EE2A,18,918,-56.0,60.0,86.4,0,CONCEPT_NOT_FIT_VALIDATED
DUC-C-00930,p8-2x2,Yellow,#F4EE2A,18,919,-52.0,-36.0,86.4,0,CONCEPT_NOT_FIT_VALIDATED
DUC-C-00873,p8-1x1,Yellow,#F4EE2A,17,920,-56.0,-40.0,81.6,0,CONCEPT_NOT_FIT_VALIDATED
DUC-C-00931,p8-2x1,Yellow,#F4EE2A,18,921,-52.0,16.0,86.4,0,CONCEPT_NOT_FIT_VALIDATED
DUC-C-00932,p8-2x1,Yellow,#F4EE2A,18,922,-52.0,24.0,86.4,0,CONCEPT_NOT_FIT_VALIDATED
DUC-C-00933,p8-2x2,Yellow,#F4EE2A,18,923,-52.0,76.0,86.4,0,CONCEPT_NOT_FIT_VALIDATED
DUC-C-00934,p8-2x1,Yellow,#F4EE2A,18,924,-48.0,-52.0,86.4,90,CONCEPT_NOT_FIT_VALIDATED
DUC-C-00935,p8-1x1,Yellow,#F4EE2A,18,925,-48.0,88.0,86.4,0,CONCEPT_NOT_FIT_VALIDATED
DUC-C-00936,p8-4x2,Yellow,#F4EE2A,18,926,-28.0,-52.0,86.4,0,CONCEPT_NOT_FIT_VALIDATED
DUC-C-00937,p8-4x2,Yellow,#F4EE2A,18,927,-28.0,-36.0,86.4,0,CONCEPT_NOT_FIT_VALIDATED
DUC-C-00938,p8-4x2,Yellow,#F4EE2A,18,928,-28.0,-20.0,86.4,0,CONCEPT_NOT_FIT_VALIDATED
DUC-C-00939,p8-4x2,Yellow,#F4EE2A,18,929,-28.0,-4.0,86.4,0,CONCEPT_NOT_FIT_VALIDATED
DUC-C-00940,p8-4x2,Yellow,#F4EE2A,18,930,-28.0,12.0,86.4,0,CONCEPT_NOT_FIT_VALIDATED
DUC-C-00941,p8-4x2,Yellow,#F4EE2A,18,931,-28.0,28.0,86.4,0,CONCEPT_NOT_FIT_VALIDATED
DUC-C-00942,p8-4x2,Yellow,#F4EE2A,18,932,-28.0,44.0,86.4,0,CONCEPT_NOT_FIT_VALIDATED
DUC-C-00943,p8-4x2,Yellow,#F4EE2A,18,933,-28.0,60.0,86.4,0,CONCEPT_NOT_FIT_VALIDATED
DUC-C-00944,p8-4x2,Yellow,#F4EE2A,18,934,-28.0,76.0,86.4,0,CONCEPT_NOT_FIT_VALIDATED
DUC-C-00945,p8-3x1,Yellow,#F4EE2A,18,935,-24.0,-64.0,86.4,0,CONCEPT_NOT_FIT_VALIDATED
DUC-C-00862,p8-1x1,Pumpkin orange,#FF9016,17,936,-32.0,-64.0,81.6,0,CONCEPT_NOT_FIT_VALIDATED
DUC-C-00946,p8-1x1,Pumpkin orange,#FF9016,18,937,-24.0,-80.0,86.4,0,CONCEPT_NOT_FIT_VALIDATED
DUC-C-00947,p8-1x1,Pumpkin orange,#FF9016,18,938,-24.0,-72.0,86.4,0,CONCEPT_NOT_FIT_VALIDATED
DUC-C-00948,p8-2x1,Yellow,#F4EE2A,18,939,-20.0,88.0,86.4,0,CONCEPT_NOT_FIT_VALIDATED
DUC-C-00950,p8-1x1,Pumpkin orange,#FF9016,18,940,-16.0,-88.0,86.4,0,CONCEPT_NOT_FIT_VALIDATED
DUC-C-00951,p8-1x1,Yellow,#F4EE2A,18,941,-16.0,-80.0,86.4,0,CONCEPT_NOT_FIT_VALIDATED
DUC-C-00952,p8-1x1,Yellow,#F4EE2A,18,942,-16.0,-72.0,86.4,0,CONCEPT_NOT_FIT_VALIDATED
DUC-C-00953,p8-1x1,Yellow,#F4EE2A,18,943,-16.0,96.0,86.4,0,CONCEPT_NOT_FIT_VALIDATED
DUC-C-00956,p8-3x2,Yellow,#F4EE2A,18,944,0.0,-84.0,86.4,0,CONCEPT_NOT_FIT_VALIDATED
DUC-C-00957,p8-4x2,Yellow,#F4EE2A,18,945,4.0,-68.0,86.4,0,CONCEPT_NOT_FIT_VALIDATED
DUC-C-00958,p8-4x2,Yellow,#F4EE2A,18,946,4.0,-52.0,86.4,0,CONCEPT_NOT_FIT_VALIDATED
DUC-C-00959,p8-4x2,Yellow,#F4EE2A,18,947,4.0,-36.0,86.4,0,CONCEPT_NOT_FIT_VALIDATED
DUC-C-00960,p8-4x2,Yellow,#F4EE2A,18,948,4.0,-20.0,86.4,0,CONCEPT_NOT_FIT_VALIDATED
DUC-C-00961,p8-4x2,Yellow,#F4EE2A,18,949,4.0,-4.0,86.4,0,CONCEPT_NOT_FIT_VALIDATED
DUC-C-00962,p8-4x2,Yellow,#F4EE2A,18,950,4.0,12.0,86.4,0,CONCEPT_NOT_FIT_VALIDATED
DUC-C-00963,p8-4x2,Yellow,#F4EE2A,18,951,4.0,28.0,86.4,0,CONCEPT_NOT_FIT_VALIDATED
DUC-C-00964,p8-4x2,Yellow,#F4EE2A,18,952,4.0,44.0,86.4,0,CONCEPT_NOT_FIT_VALIDATED
DUC-C-00965,p8-4x2,Yellow,#F4EE2A,18,953,4.0,60.0,86.4,0,CONCEPT_NOT_FIT_VALIDATED
DUC-C-00966,p8-4x2,Yellow,#F4EE2A,18,954,4.0,76.0,86.4,0,CONCEPT_NOT_FIT_VALIDATED
DUC-C-00967,p8-4x2,Yellow,#F4EE2A,18,955,4.0,92.0,86.4,0,CONCEPT_NOT_FIT_VALIDATED
DUC-C-00969,p8-1x1,Pumpkin orange,#FF9016,18,956,16.0,-88.0,86.4,0,CONCEPT_NOT_FIT_VALIDATED
DUC-C-00970,p8-1x1,Yellow,#F4EE2A,18,957,16.0,-80.0,86.4,0,CONCEPT_NOT_FIT_VALIDATED
DUC-C-00971,p8-1x1,Pumpkin orange,#FF9016,18,958,24.0,-80.0,86.4,0,CONCEPT_NOT_FIT_VALIDATED
DUC-C-00972,p8-1x1,Pumpkin orange,#FF9016,18,959,24.0,-72.0,86.4,0,CONCEPT_NOT_FIT_VALIDATED
DUC-C-00973,p8-2x1,Yellow,#F4EE2A,18,960,28.0,-64.0,86.4,0,CONCEPT_NOT_FIT_VALIDATED
DUC-C-00867,p8-1x1,Pumpkin orange,#FF9016,17,961,32.0,-64.0,81.6,0,CONCEPT_NOT_FIT_VALIDATED
DUC-C-00974,p8-3x2,Yellow,#F4EE2A,18,962,32.0,-52.0,86.4,0,CONCEPT_NOT_FIT_VALIDATED
DUC-C-00975,p8-4x2,Yellow,#F4EE2A,18,963,36.0,-36.0,86.4,0,CONCEPT_NOT_FIT_VALIDATED
DUC-C-00976,p8-4x2,Yellow,#F4EE2A,18,964,36.0,-20.0,86.4,0,CONCEPT_NOT_FIT_VALIDATED
DUC-C-00977,p8-4x2,Yellow,#F4EE2A,18,965,36.0,-4.0,86.4,0,CONCEPT_NOT_FIT_VALIDATED
DUC-C-00978,p8-4x2,Yellow,#F4EE2A,18,966,36.0,12.0,86.4,0,CONCEPT_NOT_FIT_VALIDATED
DUC-C-00979,p8-4x2,Yellow,#F4EE2A,18,967,36.0,28.0,86.4,0,CONCEPT_NOT_FIT_VALIDATED
DUC-C-00980,p8-4x2,Yellow,#F4EE2A,18,968,36.0,44.0,86.4,0,CONCEPT_NOT_FIT_VALIDATED
DUC-C-00981,p8-4x2,Yellow,#F4EE2A,18,969,36.0,60.0,86.4,0,CONCEPT_NOT_FIT_VALIDATED
DUC-C-00982,p8-4x2,Yellow,#F4EE2A,18,970,36.0,76.0,86.4,0,CONCEPT_NOT_FIT_VALIDATED
DUC-C-00983,p8-1x1,Yellow,#F4EE2A,18,971,24.0,88.0,86.4,0,CONCEPT_NOT_FIT_VALIDATED
DUC-C-00984,p8-1x1,Yellow,#F4EE2A,18,972,48.0,-48.0,86.4,0,CONCEPT_NOT_FIT_VALIDATED
DUC-C-00985,p8-1x1,Yellow,#F4EE2A,18,973,48.0,88.0,86.4,0,CONCEPT_NOT_FIT_VALIDATED
DUC-C-00986,p8-2x1,Yellow,#F4EE2A,18,974,56.0,-36.0,86.4,90,CONCEPT_NOT_FIT_VALIDATED
DUC-C-00874,p8-1x1,Yellow,#F4EE2A,17,975,56.0,-40.0,81.6,0,CONCEPT_NOT_FIT_VALIDATED
DUC-C-00842,p8-1x1,Yellow,#F4EE2A,16,976,56.0,-40.0,76.8,0,CONCEPT_NOT_FIT_VALIDATED
DUC-C-00987,p8-2x2,Yellow,#F4EE2A,18,977,60.0,-20.0,86.4,0,CONCEPT_NOT_FIT_VALIDATED
DUC-C-00988,p8-2x2,Yellow,#F4EE2A,18,978,60.0,-4.0,86.4,0,CONCEPT_NOT_FIT_VALIDATED
DUC-C-00989,p8-2x1,Yellow,#F4EE2A,18,979,60.0,8.0,86.4,0,CONCEPT_NOT_FIT_VALIDATED
DUC-C-00990,p8-1x1,Yellow,#F4EE2A,18,980,56.0,16.0,86.4,0,CONCEPT_NOT_FIT_VALIDATED
DUC-C-00991,p8-2x1,Yellow,#F4EE2A,18,981,56.0,28.0,86.4,90,CONCEPT_NOT_FIT_VALIDATED
DUC-C-00992,p8-2x2,Yellow,#F4EE2A,18,982,60.0,44.0,86.4,0,CONCEPT_NOT_FIT_VALIDATED
DUC-C-00993,p8-2x2,Yellow,#F4EE2A,18,983,60.0,60.0,86.4,0,CONCEPT_NOT_FIT_VALIDATED
DUC-C-00994,p8-2x1,Yellow,#F4EE2A,18,984,56.0,76.0,86.4,90,CONCEPT_NOT_FIT_VALIDATED
DUC-C-00995,p8-1x1,Yellow,#F4EE2A,18,985,64.0,32.0,86.4,0,CONCEPT_NOT_FIT_VALIDATED
DUC-C-00996,p8-4x1,Pumpkin orange,#FF9016,19,986,-16.0,-92.0,91.2,90,CONCEPT_NOT_FIT_VALIDATED
DUC-C-00949,p8-2x1,Pumpkin orange,#FF9016,18,987,-16.0,-100.0,86.4,90,CONCEPT_NOT_FIT_VALIDATED
DUC-C-00852,p8-2x1,Pumpkin orange,#FF9016,17,988,-12.0,-104.0,81.6,0,CONCEPT_NOT_FIT_VALIDATED
DUC-C-00854,p8-2x1,Pumpkin orange,#FF9016,17,989,-12.0,-96.0,81.6,0,CONCEPT_NOT_FIT_VALIDATED
DUC-C-00954,p8-4x1,Pumpkin orange,#FF9016,18,990,4.0,-104.0,86.4,0,CONCEPT_NOT_FIT_VALIDATED
DUC-C-00853,p8-1x1,Pumpkin orange,#FF9016,17,991,8.0,-104.0,81.6,0,CONCEPT_NOT_FIT_VALIDATED
DUC-C-00955,p8-3x1,Yellow,#F4EE2A,18,992,0.0,-96.0,86.4,0,CONCEPT_NOT_FIT_VALIDATED
DUC-C-00855,p8-2x1,Pumpkin orange,#FF9016,17,993,4.0,-96.0,81.6,0,CONCEPT_NOT_FIT_VALIDATED
DUC-C-00813,p8-1x1,Pumpkin orange,#FF9016,16,994,0.0,-96.0,76.8,0,CONCEPT_NOT_FIT_VALIDATED
DUC-C-00997,p8-3x2,Pumpkin orange,#FF9016,19,995,-4.0,-96.0,91.2,90,CONCEPT_NOT_FIT_VALIDATED
DUC-C-00998,p8-3x2,Pumpkin orange,#FF9016,19,996,12.0,-96.0,91.2,90,CONCEPT_NOT_FIT_VALIDATED
DUC-C-00968,p8-1x1,Pumpkin orange,#FF9016,18,997,16.0,-96.0,86.4,0,CONCEPT_NOT_FIT_VALIDATED
DUC-C-00856,p8-1x1,Pumpkin orange,#FF9016,17,998,16.0,-96.0,81.6,0,CONCEPT_NOT_FIT_VALIDATED
DUC-C-00999,p8-2x1,Yellow,#F4EE2A,19,999,-4.0,-80.0,91.2,0,CONCEPT_NOT_FIT_VALIDATED
DUC-C-01000,p8-1x1,Yellow,#F4EE2A,19,1000,8.0,-80.0,91.2,0,CONCEPT_NOT_FIT_VALIDATED
DUC-C-01001,p8-1x1,Pumpkin orange,#FF9016,19,1001,16.0,-80.0,91.2,0,CONCEPT_NOT_FIT_VALIDATED
DUC-C-01002,p8-1x1,Pumpkin orange,#FF9016,19,1002,-16.0,-72.0,91.2,0,CONCEPT_NOT_FIT_VALIDATED
DUC-C-01003,p8-4x2,Yellow,#F4EE2A,19,1003,-4.0,-60.0,91.2,90,CONCEPT_NOT_FIT_VALIDATED
DUC-C-01004,p8-4x1,Yellow,#F4EE2A,19,1004,8.0,-60.0,91.2,90,CONCEPT_NOT_FIT_VALIDATED
DUC-C-01005,p8-1x1,Pumpkin orange,#FF9016,19,1005,16.0,-72.0,91.2,0,CONCEPT_NOT_FIT_VALIDATED
DUC-C-01006,p8-1x1,Black,#000000,19,1006,-32.0,-64.0,91.2,0,CONCEPT_NOT_FIT_VALIDATED
DUC-C-01007,p8-3x2,Yellow,#F4EE2A,19,1007,-20.0,-56.0,91.2,90,CONCEPT_NOT_FIT_VALIDATED
DUC-C-01008,p8-3x1,Yellow,#F4EE2A,19,1008,16.0,-56.0,91.2,90,CONCEPT_NOT_FIT_VALIDATED
DUC-C-01009,p8-3x1,Yellow,#F4EE2A,19,1009,24.0,-56.0,91.2,90,CONCEPT_NOT_FIT_VALIDATED
DUC-C-01010,p8-1x1,Black,#000000,19,1010,32.0,-64.0,91.2,0,CONCEPT_NOT_FIT_VALIDATED
DUC-C-01011,p8-1x1,Black,#000000,19,1011,-48.0,-56.0,91.2,0,CONCEPT_NOT_FIT_VALIDATED
DUC-C-01012,p8-1x1,Black,#000000,19,1012,-40.0,-56.0,91.2,0,CONCEPT_NOT_FIT_VALIDATED
DUC-C-01013,p8-2x1,Yellow,#F4EE2A,19,1013,-32.0,-52.0,91.2,90,CONCEPT_NOT_FIT_VALIDATED
DUC-C-01014,p8-2x1,Yellow,#F4EE2A,19,1014,32.0,-52.0,91.2,90,CONCEPT_NOT_FIT_VALIDATED
DUC-C-01015,p8-2x1,Black,#000000,19,1015,44.0,-56.0,91.2,0,CONCEPT_NOT_FIT_VALIDATED
DUC-C-01016,p8-2x1,Yellow,#F4EE2A,19,1016,-52.0,-48.0,91.2,0,CONCEPT_NOT_FIT_VALIDATED
DUC-C-01017,p8-1x1,Yellow,#F4EE2A,19,1017,-40.0,-48.0,91.2,0,CONCEPT_NOT_FIT_VALIDATED
DUC-C-01018,p8-2x1,Yellow,#F4EE2A,19,1018,44.0,-48.0,91.2,0,CONCEPT_NOT_FIT_VALIDATED
DUC-C-01020,p8-4x2,Yellow,#F4EE2A,19,1019,-52.0,-28.0,91.2,90,CONCEPT_NOT_FIT_VALIDATED
DUC-C-01021,p8-4x2,Yellow,#F4EE2A,19,1020,-36.0,-28.0,91.2,90,CONCEPT_NOT_FIT_VALIDATED
DUC-C-01022,p8-4x2,Yellow,#F4EE2A,19,1021,-20.0,-28.0,91.2,90,CONCEPT_NOT_FIT_VALIDATED
DUC-C-01023,p8-4x2,Yellow,#F4EE2A,19,1022,-4.0,-28.0,91.2,90,CONCEPT_NOT_FIT_VALIDATED
DUC-C-01024,p8-4x2,Yellow,#F4EE2A,19,1023,12.0,-28.0,91.2,90,CONCEPT_NOT_FIT_VALIDATED
DUC-C-01025,p8-4x2,Yellow,#F4EE2A,19,1024,28.0,-28.0,91.2,90,CONCEPT_NOT_FIT_VALIDATED
DUC-C-01026,p8-4x2,Yellow,#F4EE2A,19,1025,44.0,-28.0,91.2,90,CONCEPT_NOT_FIT_VALIDATED
DUC-C-01027,p8-4x1,Yellow,#F4EE2A,19,1026,56.0,-28.0,91.2,90,CONCEPT_NOT_FIT_VALIDATED
DUC-C-01028,p8-3x1,Yellow,#F4EE2A,19,1027,-64.0,-24.0,91.2,90,CONCEPT_NOT_FIT_VALIDATED
DUC-C-01029,p8-3x1,Yellow,#F4EE2A,19,1028,64.0,-24.0,91.2,90,CONCEPT_NOT_FIT_VALIDATED
DUC-C-01030,p8-3x1,Yellow,#F4EE2A,19,1029,-64.0,0.0,91.2,90,CONCEPT_NOT_FIT_VALIDATED
DUC-C-01031,p8-4x2,Yellow,#F4EE2A,19,1030,-52.0,4.0,91.2,90,CONCEPT_NOT_FIT_VALIDATED
DUC-C-01032,p8-4x2,Yellow,#F4EE2A,19,1031,-36.0,4.0,91.2,90,CONCEPT_NOT_FIT_VALIDATED
DUC-C-01033,p8-4x2,Yellow,#F4EE2A,19,1032,-20.0,4.0,91.2,90,CONCEPT_NOT_FIT_VALIDATED
DUC-C-01034,p8-4x2,Yellow,#F4EE2A,19,1033,-4.0,4.0,91.2,90,CONCEPT_NOT_FIT_VALIDATED
DUC-C-01035,p8-4x2,Yellow,#F4EE2A,19,1034,12.0,4.0,91.2,90,CONCEPT_NOT_FIT_VALIDATED
DUC-C-01036,p8-4x2,Yellow,#F4EE2A,19,1035,28.0,4.0,91.2,90,CONCEPT_NOT_FIT_VALIDATED
DUC-C-01037,p8-4x2,Yellow,#F4EE2A,19,1036,44.0,4.0,91.2,90,CONCEPT_NOT_FIT_VALIDATED
DUC-C-01038,p8-3x2,Yellow,#F4EE2A,19,1037,60.0,0.0,91.2,90,CONCEPT_NOT_FIT_VALIDATED
DUC-C-01039,p8-1x1,Yellow,#F4EE2A,19,1038,56.0,16.0,91.2,0,CONCEPT_NOT_FIT_VALIDATED
DUC-C-01040,p8-2x1,Yellow,#F4EE2A,19,1039,-52.0,24.0,91.2,0,CONCEPT_NOT_FIT_VALIDATED
DUC-C-01041,p8-4x2,Yellow,#F4EE2A,19,1040,-36.0,36.0,91.2,90,CONCEPT_NOT_FIT_VALIDATED
DUC-C-01042,p8-4x2,Yellow,#F4EE2A,19,1041,-20.0,36.0,91.2,90,CONCEPT_NOT_FIT_VALIDATED
DUC-C-01043,p8-4x2,Yellow,#F4EE2A,19,1042,-4.0,36.0,91.2,90,CONCEPT_NOT_FIT_VALIDATED
DUC-C-01044,p8-4x2,Yellow,#F4EE2A,19,1043,12.0,36.0,91.2,90,CONCEPT_NOT_FIT_VALIDATED
DUC-C-01045,p8-4x2,Yellow,#F4EE2A,19,1044,28.0,36.0,91.2,90,CONCEPT_NOT_FIT_VALIDATED
DUC-C-01046,p8-4x2,Yellow,#F4EE2A,19,1045,44.0,36.0,91.2,90,CONCEPT_NOT_FIT_VALIDATED
DUC-C-01047,p8-1x1,Yellow,#F4EE2A,19,1046,56.0,24.0,91.2,0,CONCEPT_NOT_FIT_VALIDATED
DUC-C-01048,p8-3x1,Yellow,#F4EE2A,19,1047,-48.0,40.0,91.2,90,CONCEPT_NOT_FIT_VALIDATED
DUC-C-01049,p8-2x1,Yellow,#F4EE2A,19,1048,-56.0,44.0,91.2,90,CONCEPT_NOT_FIT_VALIDATED
DUC-C-01050,p8-2x1,Yellow,#F4EE2A,19,1049,56.0,44.0,91.2,90,CONCEPT_NOT_FIT_VALIDATED
DUC-C-01051,p8-1x1,Yellow,#F4EE2A,19,1050,-64.0,48.0,91.2,0,CONCEPT_NOT_FIT_VALIDATED
DUC-C-01052,p8-1x1,Yellow,#F4EE2A,19,1051,64.0,48.0,91.2,0,CONCEPT_NOT_FIT_VALIDATED
DUC-C-01053,p8-4x2,Yellow,#F4EE2A,19,1052,-52.0,68.0,91.2,90,CONCEPT_NOT_FIT_VALIDATED
DUC-C-01054,p8-4x1,Yellow,#F4EE2A,19,1053,-40.0,68.0,91.2,90,CONCEPT_NOT_FIT_VALIDATED
DUC-C-01055,p8-4x2,Yellow,#F4EE2A,19,1054,44.0,68.0,91.2,90,CONCEPT_NOT_FIT_VALIDATED
DUC-C-01056,p8-4x1,Yellow,#F4EE2A,19,1055,56.0,68.0,91.2,90,CONCEPT_NOT_FIT_VALIDATED
DUC-C-01057,p8-1x1,Yellow,#F4EE2A,19,1056,64.0,56.0,91.2,0,CONCEPT_NOT_FIT_VALIDATED
DUC-C-01058,p8-2x2,Yellow,#F4EE2A,20,1057,-60.0,-28.0,96.0,0,CONCEPT_NOT_FIT_VALIDATED
DUC-C-01059,p8-2x2,Yellow,#F4EE2A,20,1058,-60.0,-12.0,96.0,0,CONCEPT_NOT_FIT_VALIDATED
DUC-C-01060,p8-2x2,Yellow,#F4EE2A,20,1059,-60.0,4.0,96.0,0,CONCEPT_NOT_FIT_VALIDATED
DUC-C-01061,p8-2x1,Yellow,#F4EE2A,20,1060,-60.0,16.0,96.0,0,CONCEPT_NOT_FIT_VALIDATED
DUC-C-01062,p8-2x1,Yellow,#F4EE2A,20,1061,-56.0,-44.0,96.0,90,CONCEPT_NOT_FIT_VALIDATED
DUC-C-01063,p8-1x1,Yellow,#F4EE2A,20,1062,-56.0,24.0,96.0,0,CONCEPT_NOT_FIT_VALIDATED
DUC-C-01065,p8-2x1,Yellow,#F4EE2A,20,1063,-56.0,52.0,96.0,90,CONCEPT_NOT_FIT_VALIDATED
DUC-C-01066,p8-1x1,Yellow,#F4EE2A,20,1064,-56.0,64.0,96.0,0,CONCEPT_NOT_FIT_VALIDATED
DUC-C-01067,p8-2x1,Black,#000000,20,1065,-44.0,-56.0,96.0,0,CONCEPT_NOT_FIT_VALIDATED
DUC-C-01068,p8-4x2,Yellow,#F4EE2A,20,1066,-36.0,-44.0,96.0,0,CONCEPT_NOT_FIT_VALIDATED
DUC-C-01069,p8-4x2,Yellow,#F4EE2A,20,1067,-36.0,-28.0,96.0,0,CONCEPT_NOT_FIT_VALIDATED
DUC-C-01070,p8-4x2,Yellow,#F4EE2A,20,1068,-36.0,-12.0,96.0,0,CONCEPT_NOT_FIT_VALIDATED
DUC-C-01071,p8-4x2,Yellow,#F4EE2A,20,1069,-36.0,4.0,96.0,0,CONCEPT_NOT_FIT_VALIDATED
DUC-C-01072,p8-4x2,Yellow,#F4EE2A,20,1070,-36.0,20.0,96.0,0,CONCEPT_NOT_FIT_VALIDATED
DUC-C-01073,p8-4x2,Yellow,#F4EE2A,20,1071,-36.0,36.0,96.0,0,CONCEPT_NOT_FIT_VALIDATED
DUC-C-01074,p8-2x1,Yellow,#F4EE2A,20,1072,-48.0,52.0,96.0,90,CONCEPT_NOT_FIT_VALIDATED
DUC-C-01075,p8-2x1,Yellow,#F4EE2A,20,1073,-48.0,68.0,96.0,90,CONCEPT_NOT_FIT_VALIDATED
DUC-C-01076,p8-1x1,Black,#000000,20,1074,-32.0,-64.0,96.0,0,CONCEPT_NOT_FIT_VALIDATED
DUC-C-01077,p8-2x1,Yellow,#F4EE2A,20,1075,-28.0,-56.0,96.0,0,CONCEPT_NOT_FIT_VALIDATED
DUC-C-01078,p8-2x1,Yellow,#F4EE2A,20,1076,-28.0,48.0,96.0,0,CONCEPT_NOT_FIT_VALIDATED
DUC-C-01079,p8-1x1,Yellow,#F4EE2A,20,1077,-24.0,-64.0,96.0,0,CONCEPT_NOT_FIT_VALIDATED
DUC-C-01080,p8-4x1,Yellow,#F4EE2A,20,1078,-4.0,-72.0,96.0,0,CONCEPT_NOT_FIT_VALIDATED
DUC-C-01081,p8-4x2,Yellow,#F4EE2A,20,1079,-4.0,-60.0,96.0,0,CONCEPT_NOT_FIT_VALIDATED
DUC-C-01082,p8-4x2,Yellow,#F4EE2A,20,1080,-4.0,-44.0,96.0,0,CONCEPT_NOT_FIT_VALIDATED
DUC-C-01083,p8-4x2,Yellow,#F4EE2A,20,1081,-4.0,-28.0,96.0,0,CONCEPT_NOT_FIT_VALIDATED
DUC-C-01084,p8-4x2,Yellow,#F4EE2A,20,1082,-4.0,-12.0,96.0,0,CONCEPT_NOT_FIT_VALIDATED
DUC-C-01085,p8-4x2,Yellow,#F4EE2A,20,1083,-4.0,4.0,96.0,0,CONCEPT_NOT_FIT_VALIDATED
DUC-C-01086,p8-4x2,Yellow,#F4EE2A,20,1084,-4.0,20.0,96.0,0,CONCEPT_NOT_FIT_VALIDATED
DUC-C-01087,p8-4x2,Yellow,#F4EE2A,20,1085,-4.0,36.0,96.0,0,CONCEPT_NOT_FIT_VALIDATED
DUC-C-01088,p8-4x1,Yellow,#F4EE2A,20,1086,-4.0,48.0,96.0,0,CONCEPT_NOT_FIT_VALIDATED
DUC-C-01089,p8-3x1,Pumpkin orange,#FF9016,20,1087,0.0,-80.0,96.0,0,CONCEPT_NOT_FIT_VALIDATED
DUC-C-01090,p8-1x1,Yellow,#F4EE2A,20,1088,16.0,-72.0,96.0,0,CONCEPT_NOT_FIT_VALIDATED
DUC-C-01091,p8-2x2,Yellow,#F4EE2A,20,1089,20.0,-60.0,96.0,0,CONCEPT_NOT_FIT_VALIDATED
DUC-C-01092,p8-4x2,Yellow,#F4EE2A,20,1090,28.0,-44.0,96.0,0,CONCEPT_NOT_FIT_VALIDATED
DUC-C-01093,p8-4x2,Yellow,#F4EE2A,20,1091,28.0,-28.0,96.0,0,CONCEPT_NOT_FIT_VALIDATED
DUC-C-01094,p8-4x2,Yellow,#F4EE2A,20,1092,28.0,-12.0,96.0,0,CONCEPT_NOT_FIT_VALIDATED
DUC-C-01095,p8-4x2,Yellow,#F4EE2A,20,1093,28.0,4.0,96.0,0,CONCEPT_NOT_FIT_VALIDATED
DUC-C-01096,p8-4x2,Yellow,#F4EE2A,20,1094,28.0,20.0,96.0,0,CONCEPT_NOT_FIT_VALIDATED
DUC-C-01097,p8-4x2,Yellow,#F4EE2A,20,1095,28.0,36.0,96.0,0,CONCEPT_NOT_FIT_VALIDATED
DUC-C-01098,p8-3x1,Yellow,#F4EE2A,20,1096,24.0,48.0,96.0,0,CONCEPT_NOT_FIT_VALIDATED
DUC-C-01099,p8-1x1,Black,#000000,20,1097,32.0,-64.0,96.0,0,CONCEPT_NOT_FIT_VALIDATED
DUC-C-01100,p8-1x1,Yellow,#F4EE2A,20,1098,32.0,-56.0,96.0,0,CONCEPT_NOT_FIT_VALIDATED
DUC-C-01101,p8-1x1,Black,#000000,20,1099,40.0,-56.0,96.0,0,CONCEPT_NOT_FIT_VALIDATED
DUC-C-01102,p8-1x1,Yellow,#F4EE2A,20,1100,40.0,64.0,96.0,0,CONCEPT_NOT_FIT_VALIDATED
DUC-C-01103,p8-1x1,Black,#000000,20,1101,48.0,-56.0,96.0,0,CONCEPT_NOT_FIT_VALIDATED
DUC-C-01104,p8-2x2,Yellow,#F4EE2A,20,1102,52.0,-44.0,96.0,0,CONCEPT_NOT_FIT_VALIDATED
DUC-C-01019,p8-1x1,Yellow,#F4EE2A,19,1103,56.0,-48.0,91.2,0,CONCEPT_NOT_FIT_VALIDATED
DUC-C-01105,p8-3x2,Yellow,#F4EE2A,20,1104,56.0,-28.0,96.0,0,CONCEPT_NOT_FIT_VALIDATED
DUC-C-01106,p8-3x2,Yellow,#F4EE2A,20,1105,56.0,-12.0,96.0,0,CONCEPT_NOT_FIT_VALIDATED
DUC-C-01107,p8-3x2,Yellow,#F4EE2A,20,1106,56.0,4.0,96.0,0,CONCEPT_NOT_FIT_VALIDATED
DUC-C-01108,p8-2x2,Yellow,#F4EE2A,20,1107,52.0,20.0,96.0,0,CONCEPT_NOT_FIT_VALIDATED
DUC-C-01109,p8-2x1,Yellow,#F4EE2A,20,1108,52.0,32.0,96.0,0,CONCEPT_NOT_FIT_VALIDATED
DUC-C-01110,p8-1x1,Yellow,#F4EE2A,20,1109,48.0,40.0,96.0,0,CONCEPT_NOT_FIT_VALIDATED
DUC-C-01111,p8-2x2,Yellow,#F4EE2A,20,1110,52.0,52.0,96.0,0,CONCEPT_NOT_FIT_VALIDATED
DUC-C-01112,p8-2x1,Yellow,#F4EE2A,20,1111,52.0,64.0,96.0,0,CONCEPT_NOT_FIT_VALIDATED
DUC-C-01113,p8-1x1,Yellow,#F4EE2A,20,1112,48.0,72.0,96.0,0,CONCEPT_NOT_FIT_VALIDATED
DUC-C-01115,p8-3x1,Yellow,#F4EE2A,21,1113,-24.0,-64.0,100.8,90,CONCEPT_NOT_FIT_VALIDATED
DUC-C-01116,p8-3x2,Yellow,#F4EE2A,21,1114,-12.0,-64.0,100.8,90,CONCEPT_NOT_FIT_VALIDATED
DUC-C-01117,p8-3x2,Yellow,#F4EE2A,21,1115,4.0,-64.0,100.8,90,CONCEPT_NOT_FIT_VALIDATED
DUC-C-01118,p8-3x2,Yellow,#F4EE2A,21,1116,20.0,-64.0,100.8,90,CONCEPT_NOT_FIT_VALIDATED
DUC-C-01120,p8-1x1,Black,#000000,21,1117,-32.0,-64.0,100.8,0,CONCEPT_NOT_FIT_VALIDATED
DUC-C-01121,p8-2x1,Black,#000000,21,1118,36.0,-64.0,100.8,0,CONCEPT_NOT_FIT_VALIDATED
DUC-C-01122,p8-1x1,Black,#000000,21,1119,-48.0,-56.0,100.8,0,CONCEPT_NOT_FIT_VALIDATED
DUC-C-01123,p8-1x1,Yellow,#F4EE2A,21,1120,-40.0,-56.0,100.8,0,CONCEPT_NOT_FIT_VALIDATED
DUC-C-01124,p8-1x1,Yellow,#F4EE2A,21,1121,-32.0,-56.0,100.8,0,CONCEPT_NOT_FIT_VALIDATED
DUC-C-01125,p8-2x1,Yellow,#F4EE2A,21,1122,36.0,-56.0,100.8,0,CONCEPT_NOT_FIT_VALIDATED
DUC-C-01126,p8-1x1,Black,#000000,21,1123,48.0,-56.0,100.8,0,CONCEPT_NOT_FIT_VALIDATED
DUC-C-01127,p8-4x1,Yellow,#F4EE2A,21,1124,-56.0,-36.0,100.8,90,CONCEPT_NOT_FIT_VALIDATED
DUC-C-01128,p8-4x2,Yellow,#F4EE2A,21,1125,-44.0,-36.0,100.8,90,CONCEPT_NOT_FIT_VALIDATED
DUC-C-01129,p8-4x2,Yellow,#F4EE2A,21,1126,-28.0,-36.0,100.8,90,CONCEPT_NOT_FIT_VALIDATED
DUC-C-01130,p8-4x2,Yellow,#F4EE2A,21,1127,-12.0,-36.0,100.8,90,CONCEPT_NOT_FIT_VALIDATED
DUC-C-01131,p8-4x2,Yellow,#F4EE2A,21,1128,4.0,-36.0,100.8,90,CONCEPT_NOT_FIT_VALIDATED
DUC-C-01132,p8-4x2,Yellow,#F4EE2A,21,1129,20.0,-36.0,100.8,90,CONCEPT_NOT_FIT_VALIDATED
DUC-C-01133,p8-4x2,Yellow,#F4EE2A,21,1130,36.0,-36.0,100.8,90,CONCEPT_NOT_FIT_VALIDATED
DUC-C-01134,p8-4x2,Yellow,#F4EE2A,21,1131,52.0,-36.0,100.8,90,CONCEPT_NOT_FIT_VALIDATED
DUC-C-01135,p8-3x1,Yellow,#F4EE2A,21,1132,-64.0,-32.0,100.8,90,CONCEPT_NOT_FIT_VALIDATED
DUC-C-01136,p8-3x1,Yellow,#F4EE2A,21,1133,64.0,-32.0,100.8,90,CONCEPT_NOT_FIT_VALIDATED
DUC-C-01137,p8-4x2,Yellow,#F4EE2A,21,1134,-60.0,-4.0,100.8,90,CONCEPT_NOT_FIT_VALIDATED
DUC-C-01138,p8-4x2,Yellow,#F4EE2A,21,1135,-44.0,-4.0,100.8,90,CONCEPT_NOT_FIT_VALIDATED
DUC-C-01139,p8-4x2,Yellow,#F4EE2A,21,1136,-28.0,-4.0,100.8,90,CONCEPT_NOT_FIT_VALIDATED
DUC-C-01140,p8-4x2,Yellow,#F4EE2A,21,1137,-12.0,-4.0,100.8,90,CONCEPT_NOT_FIT_VALIDATED
DUC-C-01141,p8-4x2,Yellow,#F4EE2A,21,1138,4.0,-4.0,100.8,90,CONCEPT_NOT_FIT_VALIDATED
DUC-C-01142,p8-4x2,Yellow,#F4EE2A,21,1139,20.0,-4.0,100.8,90,CONCEPT_NOT_FIT_VALIDATED
DUC-C-01143,p8-4x2,Yellow,#F4EE2A,21,1140,36.0,-4.0,100.8,90,CONCEPT_NOT_FIT_VALIDATED
DUC-C-01144,p8-4x2,Yellow,#F4EE2A,21,1141,52.0,-4.0,100.8,90,CONCEPT_NOT_FIT_VALIDATED
DUC-C-01145,p8-4x1,Yellow,#F4EE2A,21,1142,64.0,-4.0,100.8,90,CONCEPT_NOT_FIT_VALIDATED
DUC-C-01146,p8-2x1,Yellow,#F4EE2A,21,1143,-60.0,16.0,100.8,0,CONCEPT_NOT_FIT_VALIDATED
DUC-C-01147,p8-4x2,Yellow,#F4EE2A,21,1144,-44.0,28.0,100.8,90,CONCEPT_NOT_FIT_VALIDATED
DUC-C-01148,p8-4x2,Yellow,#F4EE2A,21,1145,-28.0,28.0,100.8,90,CONCEPT_NOT_FIT_VALIDATED
DUC-C-01149,p8-4x2,Yellow,#F4EE2A,21,1146,-12.0,28.0,100.8,90,CONCEPT_NOT_FIT_VALIDATED
DUC-C-01150,p8-4x2,Yellow,#F4EE2A,21,1147,4.0,28.0,100.8,90,CONCEPT_NOT_FIT_VALIDATED
DUC-C-01151,p8-4x2,Yellow,#F4EE2A,21,1148,20.0,28.0,100.8,90,CONCEPT_NOT_FIT_VALIDATED
DUC-C-01152,p8-4x2,Yellow,#F4EE2A,21,1149,36.0,28.0,100.8,90,CONCEPT_NOT_FIT_VALIDATED
DUC-C-01153,p8-3x2,Yellow,#F4EE2A,21,1150,52.0,24.0,100.8,90,CONCEPT_NOT_FIT_VALIDATED
DUC-C-01155,p8-2x1,Yellow,#F4EE2A,21,1151,-56.0,28.0,100.8,90,CONCEPT_NOT_FIT_VALIDATED
DUC-C-01064,p8-1x1,Yellow,#F4EE2A,20,1152,-56.0,32.0,96.0,0,CONCEPT_NOT_FIT_VALIDATED
DUC-C-01156,p8-1x1,Yellow,#F4EE2A,21,1153,48.0,40.0,100.8,0,CONCEPT_NOT_FIT_VALIDATED
DUC-C-01158,p8-2x1,Yellow,#F4EE2A,21,1154,-28.0,48.0,100.8,0,CONCEPT_NOT_FIT_VALIDATED
DUC-C-01159,p8-2x2,Yellow,#F4EE2A,21,1155,-12.0,52.0,100.8,0,CONCEPT_NOT_FIT_VALIDATED
DUC-C-01160,p8-2x2,Yellow,#F4EE2A,21,1156,4.0,52.0,100.8,0,CONCEPT_NOT_FIT_VALIDATED
DUC-C-01161,p8-2x1,Yellow,#F4EE2A,21,1157,16.0,52.0,100.8,90,CONCEPT_NOT_FIT_VALIDATED
DUC-C-01162,p8-1x1,Yellow,#F4EE2A,21,1158,24.0,48.0,100.8,0,CONCEPT_NOT_FIT_VALIDATED
DUC-C-01163,p8-2x1,Yellow,#F4EE2A,21,1159,36.0,48.0,100.8,0,CONCEPT_NOT_FIT_VALIDATED
DUC-C-01164,p8-2x1,Yellow,#F4EE2A,22,1160,-64.0,-36.0,105.6,90,CONCEPT_NOT_FIT_VALIDATED
DUC-C-01165,p8-2x1,Yellow,#F4EE2A,22,1161,-64.0,-20.0,105.6,90,CONCEPT_NOT_FIT_VALIDATED
DUC-C-01166,p8-2x1,Yellow,#F4EE2A,22,1162,-64.0,-4.0,105.6,90,CONCEPT_NOT_FIT_VALIDATED
DUC-C-01167,p8-2x1,Yellow,#F4EE2A,22,1163,-64.0,12.0,105.6,90,CONCEPT_NOT_FIT_VALIDATED
DUC-C-01169,p8-4x1,Yellow,#F4EE2A,22,1164,-44.0,-48.0,105.6,0,CONCEPT_NOT_FIT_VALIDATED
DUC-C-01170,p8-4x2,Yellow,#F4EE2A,22,1165,-44.0,-36.0,105.6,0,CONCEPT_NOT_FIT_VALIDATED
DUC-C-01171,p8-4x2,Yellow,#F4EE2A,22,1166,-44.0,-20.0,105.6,0,CONCEPT_NOT_FIT_VALIDATED
DUC-C-01172,p8-4x2,Yellow,#F4EE2A,22,1167,-44.0,-4.0,105.6,0,CONCEPT_NOT_FIT_VALIDATED
DUC-C-01173,p8-4x2,Yellow,#F4EE2A,22,1168,-44.0,12.0,105.6,0,CONCEPT_NOT_FIT_VALIDATED
DUC-C-01174,p8-4x2,Yellow,#F4EE2A,22,1169,-44.0,28.0,105.6,0,CONCEPT_NOT_FIT_VALIDATED
DUC-C-01175,p8-1x1,Black,#000000,22,1170,-48.0,-56.0,105.6,0,CONCEPT_NOT_FIT_VALIDATED
DUC-C-01176,p8-3x1,Yellow,#F4EE2A,22,1171,-40.0,40.0,105.6,0,CONCEPT_NOT_FIT_VALIDATED
DUC-C-01177,p8-2x1,Black,#000000,22,1172,-36.0,-64.0,105.6,0,CONCEPT_NOT_FIT_VALIDATED
DUC-C-01119,p8-1x1,Black,#000000,21,1173,-40.0,-64.0,100.8,0,CONCEPT_NOT_FIT_VALIDATED
DUC-C-01178,p8-2x1,Yellow,#F4EE2A,22,1174,-36.0,-56.0,105.6,0,CONCEPT_NOT_FIT_VALIDATED
DUC-C-01179,p8-2x1,Yellow,#F4EE2A,22,1175,-36.0,48.0,105.6,0,CONCEPT_NOT_FIT_VALIDATED
DUC-C-01157,p8-1x1,Yellow,#F4EE2A,21,1176,-40.0,48.0,100.8,0,CONCEPT_NOT_FIT_VALIDATED
DUC-C-01180,p8-4x2,Yellow,#F4EE2A,22,1177,-12.0,-68.0,105.6,0,CONCEPT_NOT_FIT_VALIDATED
DUC-C-01181,p8-4x2,Yellow,#F4EE2A,22,1178,-12.0,-52.0,105.6,0,CONCEPT_NOT_FIT_VALIDATED
DUC-C-01182,p8-4x2,Yellow,#F4EE2A,22,1179,-12.0,-36.0,105.6,0,CONCEPT_NOT_FIT_VALIDATED
DUC-C-01183,p8-4x2,Yellow,#F4EE2A,22,1180,-12.0,-20.0,105.6,0,CONCEPT_NOT_FIT_VALIDATED
DUC-C-01184,p8-4x2,Yellow,#F4EE2A,22,1181,-12.0,-4.0,105.6,0,CONCEPT_NOT_FIT_VALIDATED
DUC-C-01185,p8-4x2,Yellow,#F4EE2A,22,1182,-12.0,12.0,105.6,0,CONCEPT_NOT_FIT_VALIDATED
DUC-C-01186,p8-4x2,Yellow,#F4EE2A,22,1183,-12.0,28.0,105.6,0,CONCEPT_NOT_FIT_VALIDATED
DUC-C-01187,p8-4x2,Yellow,#F4EE2A,22,1184,-12.0,44.0,105.6,0,CONCEPT_NOT_FIT_VALIDATED
DUC-C-01188,p8-4x1,Yellow,#F4EE2A,22,1185,-12.0,56.0,105.6,0,CONCEPT_NOT_FIT_VALIDATED
DUC-C-01189,p8-3x2,Yellow,#F4EE2A,22,1186,16.0,-68.0,105.6,0,CONCEPT_NOT_FIT_VALIDATED
DUC-C-01190,p8-4x2,Yellow,#F4EE2A,22,1187,20.0,-52.0,105.6,0,CONCEPT_NOT_FIT_VALIDATED
DUC-C-01191,p8-4x2,Yellow,#F4EE2A,22,1188,20.0,-36.0,105.6,0,CONCEPT_NOT_FIT_VALIDATED
DUC-C-01192,p8-4x2,Yellow,#F4EE2A,22,1189,20.0,-20.0,105.6,0,CONCEPT_NOT_FIT_VALIDATED
DUC-C-01193,p8-4x2,Yellow,#F4EE2A,22,1190,20.0,-4.0,105.6,0,CONCEPT_NOT_FIT_VALIDATED
DUC-C-01194,p8-4x2,Yellow,#F4EE2A,22,1191,20.0,12.0,105.6,0,CONCEPT_NOT_FIT_VALIDATED
DUC-C-01195,p8-4x2,Yellow,#F4EE2A,22,1192,20.0,28.0,105.6,0,CONCEPT_NOT_FIT_VALIDATED
DUC-C-01196,p8-4x2,Yellow,#F4EE2A,22,1193,20.0,44.0,105.6,0,CONCEPT_NOT_FIT_VALIDATED
DUC-C-01197,p8-3x1,Yellow,#F4EE2A,22,1194,16.0,56.0,105.6,0,CONCEPT_NOT_FIT_VALIDATED
DUC-C-01198,p8-1x1,Black,#000000,22,1195,32.0,-64.0,105.6,0,CONCEPT_NOT_FIT_VALIDATED
DUC-C-01199,p8-1x1,Black,#000000,22,1196,40.0,-64.0,105.6,0,CONCEPT_NOT_FIT_VALIDATED
DUC-C-01200,p8-2x1,Yellow,#F4EE2A,22,1197,40.0,-52.0,105.6,90,CONCEPT_NOT_FIT_VALIDATED
DUC-C-01201,p8-4x2,Yellow,#F4EE2A,22,1198,52.0,-36.0,105.6,0,CONCEPT_NOT_FIT_VALIDATED
DUC-C-01202,p8-4x2,Yellow,#F4EE2A,22,1199,52.0,-20.0,105.6,0,CONCEPT_NOT_FIT_VALIDATED
DUC-C-01203,p8-4x2,Yellow,#F4EE2A,22,1200,52.0,-4.0,105.6,0,CONCEPT_NOT_FIT_VALIDATED
DUC-C-01204,p8-4x2,Yellow,#F4EE2A,22,1201,52.0,12.0,105.6,0,CONCEPT_NOT_FIT_VALIDATED
DUC-C-01154,p8-1x1,Yellow,#F4EE2A,21,1202,64.0,16.0,100.8,0,CONCEPT_NOT_FIT_VALIDATED
DUC-C-01114,p8-1x1,Yellow,#F4EE2A,20,1203,64.0,16.0,96.0,0,CONCEPT_NOT_FIT_VALIDATED
DUC-C-01205,p8-3x2,Yellow,#F4EE2A,22,1204,48.0,28.0,105.6,0,CONCEPT_NOT_FIT_VALIDATED
DUC-C-01206,p8-2x1,Yellow,#F4EE2A,22,1205,44.0,40.0,105.6,0,CONCEPT_NOT_FIT_VALIDATED
DUC-C-01207,p8-1x1,Yellow,#F4EE2A,22,1206,40.0,48.0,105.6,0,CONCEPT_NOT_FIT_VALIDATED
DUC-C-01208,p8-1x1,Black,#000000,22,1207,48.0,-56.0,105.6,0,CONCEPT_NOT_FIT_VALIDATED
DUC-C-01209,p8-2x1,Yellow,#F4EE2A,22,1208,52.0,-48.0,105.6,0,CONCEPT_NOT_FIT_VALIDATED
DUC-C-01211,p8-2x2,Yellow,#F4EE2A,23,1209,-20.0,-68.0,110.4,0,CONCEPT_NOT_FIT_VALIDATED
DUC-C-01212,p8-2x2,Yellow,#F4EE2A,23,1210,-4.0,-68.0,110.4,0,CONCEPT_NOT_FIT_VALIDATED
DUC-C-01213,p8-2x2,Yellow,#F4EE2A,23,1211,12.0,-68.0,110.4,0,CONCEPT_NOT_FIT_VALIDATED
DUC-C-01214,p8-2x1,Yellow,#F4EE2A,23,1212,24.0,-68.0,110.4,90,CONCEPT_NOT_FIT_VALIDATED
DUC-C-01215,p8-2x1,Black,#000000,23,1213,-36.0,-64.0,110.4,0,CONCEPT_NOT_FIT_VALIDATED
DUC-C-01216,p8-1x1,Black,#000000,23,1214,32.0,-64.0,110.4,0,CONCEPT_NOT_FIT_VALIDATED
DUC-C-01217,p8-1x1,Black,#000000,23,1215,40.0,-64.0,110.4,0,CONCEPT_NOT_FIT_VALIDATED
DUC-C-01218,p8-1x1,Black,#000000,23,1216,-48.0,-56.0,110.4,0,CONCEPT_NOT_FIT_VALIDATED
DUC-C-01219,p8-4x2,Yellow,#F4EE2A,23,1217,-36.0,-44.0,110.4,90,CONCEPT_NOT_FIT_VALIDATED
DUC-C-01220,p8-4x2,Yellow,#F4EE2A,23,1218,-20.0,-44.0,110.4,90,CONCEPT_NOT_FIT_VALIDATED
DUC-C-01221,p8-4x2,Yellow,#F4EE2A,23,1219,-4.0,-44.0,110.4,90,CONCEPT_NOT_FIT_VALIDATED
DUC-C-01222,p8-4x2,Yellow,#F4EE2A,23,1220,12.0,-44.0,110.4,90,CONCEPT_NOT_FIT_VALIDATED
DUC-C-01223,p8-4x2,Yellow,#F4EE2A,23,1221,28.0,-44.0,110.4,90,CONCEPT_NOT_FIT_VALIDATED
DUC-C-01224,p8-4x1,Yellow,#F4EE2A,23,1222,40.0,-44.0,110.4,90,CONCEPT_NOT_FIT_VALIDATED
DUC-C-01225,p8-1x1,Black,#000000,23,1223,48.0,-56.0,110.4,0,CONCEPT_NOT_FIT_VALIDATED
DUC-C-01226,p8-3x2,Yellow,#F4EE2A,23,1224,-52.0,-40.0,110.4,90,CONCEPT_NOT_FIT_VALIDATED
DUC-C-01227,p8-3x1,Yellow,#F4EE2A,23,1225,48.0,-40.0,110.4,90,CONCEPT_NOT_FIT_VALIDATED
DUC-C-01228,p8-3x1,Yellow,#F4EE2A,23,1226,56.0,-40.0,110.4,90,CONCEPT_NOT_FIT_VALIDATED
DUC-C-01229,p8-2x1,Yellow,#F4EE2A,23,1227,-64.0,-36.0,110.4,90,CONCEPT_NOT_FIT_VALIDATED
DUC-C-01230,p8-2x1,Yellow,#F4EE2A,23,1228,64.0,-36.0,110.4,90,CONCEPT_NOT_FIT_VALIDATED
DUC-C-01231,p8-4x1,Yellow,#F4EE2A,23,1229,-64.0,-12.0,110.4,90,CONCEPT_NOT_FIT_VALIDATED
DUC-C-01232,p8-4x2,Yellow,#F4EE2A,23,1230,-52.0,-12.0,110.4,90,CONCEPT_NOT_FIT_VALIDATED
DUC-C-01233,p8-4x2,Yellow,#F4EE2A,23,1231,-36.0,-12.0,110.4,90,CONCEPT_NOT_FIT_VALIDATED
DUC-C-01234,p8-4x2,Yellow,#F4EE2A,23,1232,-20.0,-12.0,110.4,90,CONCEPT_NOT_FIT_VALIDATED
DUC-C-01235,p8-4x2,Yellow,#F4EE2A,23,1233,-4.0,-12.0,110.4,90,CONCEPT_NOT_FIT_VALIDATED
DUC-C-01236,p8-4x2,Yellow,#F4EE2A,23,1234,12.0,-12.0,110.4,90,CONCEPT_NOT_FIT_VALIDATED
DUC-C-01237,p8-4x2,Yellow,#F4EE2A,23,1235,28.0,-12.0,110.4,90,CONCEPT_NOT_FIT_VALIDATED
DUC-C-01238,p8-4x2,Yellow,#F4EE2A,23,1236,44.0,-12.0,110.4,90,CONCEPT_NOT_FIT_VALIDATED
DUC-C-01239,p8-4x2,Yellow,#F4EE2A,23,1237,60.0,-12.0,110.4,90,CONCEPT_NOT_FIT_VALIDATED
DUC-C-01242,p8-3x1,Yellow,#F4EE2A,23,1238,-64.0,16.0,110.4,90,CONCEPT_NOT_FIT_VALIDATED
DUC-C-01168,p8-1x1,Yellow,#F4EE2A,22,1239,-64.0,24.0,105.6,0,CONCEPT_NOT_FIT_VALIDATED
DUC-C-01243,p8-4x2,Yellow,#F4EE2A,23,1240,-52.0,20.0,110.4,90,CONCEPT_NOT_FIT_VALIDATED
DUC-C-01244,p8-4x2,Yellow,#F4EE2A,23,1241,-36.0,20.0,110.4,90,CONCEPT_NOT_FIT_VALIDATED
DUC-C-01245,p8-4x2,Yellow,#F4EE2A,23,1242,-20.0,20.0,110.4,90,CONCEPT_NOT_FIT_VALIDATED
DUC-C-01246,p8-4x2,Yellow,#F4EE2A,23,1243,-4.0,20.0,110.4,90,CONCEPT_NOT_FIT_VALIDATED
DUC-C-01247,p8-4x2,Yellow,#F4EE2A,23,1244,12.0,20.0,110.4,90,CONCEPT_NOT_FIT_VALIDATED
DUC-C-01248,p8-4x2,Yellow,#F4EE2A,23,1245,28.0,20.0,110.4,90,CONCEPT_NOT_FIT_VALIDATED
DUC-C-01249,p8-4x2,Yellow,#F4EE2A,23,1246,44.0,20.0,110.4,90,CONCEPT_NOT_FIT_VALIDATED
DUC-C-01250,p8-3x2,Yellow,#F4EE2A,23,1247,60.0,16.0,110.4,90,CONCEPT_NOT_FIT_VALIDATED
DUC-C-01210,p8-1x1,Yellow,#F4EE2A,22,1248,64.0,24.0,105.6,0,CONCEPT_NOT_FIT_VALIDATED
DUC-C-01251,p8-1x1,Yellow,#F4EE2A,23,1249,56.0,32.0,110.4,0,CONCEPT_NOT_FIT_VALIDATED
DUC-C-01252,p8-1x1,Yellow,#F4EE2A,23,1250,-48.0,40.0,110.4,0,CONCEPT_NOT_FIT_VALIDATED
DUC-C-01253,p8-2x2,Yellow,#F4EE2A,23,1251,-36.0,44.0,110.4,0,CONCEPT_NOT_FIT_VALIDATED
DUC-C-01254,p8-3x2,Yellow,#F4EE2A,23,1252,-20.0,48.0,110.4,90,CONCEPT_NOT_FIT_VALIDATED
DUC-C-01255,p8-3x2,Yellow,#F4EE2A,23,1253,-4.0,48.0,110.4,90,CONCEPT_NOT_FIT_VALIDATED
DUC-C-01256,p8-3x2,Yellow,#F4EE2A,23,1254,12.0,48.0,110.4,90,CONCEPT_NOT_FIT_VALIDATED
DUC-C-01257,p8-2x2,Yellow,#F4EE2A,23,1255,28.0,44.0,110.4,0,CONCEPT_NOT_FIT_VALIDATED
DUC-C-01258,p8-2x1,Yellow,#F4EE2A,23,1256,40.0,44.0,110.4,90,CONCEPT_NOT_FIT_VALIDATED
DUC-C-01259,p8-1x1,Yellow,#F4EE2A,23,1257,48.0,40.0,110.4,0,CONCEPT_NOT_FIT_VALIDATED
DUC-C-01260,p8-1x1,Yellow,#F4EE2A,23,1258,24.0,56.0,110.4,0,CONCEPT_NOT_FIT_VALIDATED
DUC-C-01263,p8-4x1,Yellow,#F4EE2A,24,1259,-52.0,-40.0,115.2,0,CONCEPT_NOT_FIT_VALIDATED
DUC-C-01264,p8-4x2,Yellow,#F4EE2A,24,1260,-52.0,-28.0,115.2,0,CONCEPT_NOT_FIT_VALIDATED
DUC-C-01265,p8-4x2,Yellow,#F4EE2A,24,1261,-52.0,-12.0,115.2,0,CONCEPT_NOT_FIT_VALIDATED
DUC-C-01266,p8-4x2,Yellow,#F4EE2A,24,1262,-52.0,4.0,115.2,0,CONCEPT_NOT_FIT_VALIDATED
DUC-C-01267,p8-4x2,Yellow,#F4EE2A,24,1263,-52.0,20.0,115.2,0,CONCEPT_NOT_FIT_VALIDATED
DUC-C-01268,p8-3x1,Yellow,#F4EE2A,24,1264,-48.0,-48.0,115.2,0,CONCEPT_NOT_FIT_VALIDATED
DUC-C-01269,p8-3x1,Yellow,#F4EE2A,24,1265,-48.0,32.0,115.2,0,CONCEPT_NOT_FIT_VALIDATED
DUC-C-01270,p8-2x1,Yellow,#F4EE2A,24,1266,-44.0,-56.0,115.2,0,CONCEPT_NOT_FIT_VALIDATED
DUC-C-01271,p8-2x1,Yellow,#F4EE2A,24,1267,-44.0,40.0,115.2,0,CONCEPT_NOT_FIT_VALIDATED
DUC-C-01272,p8-1x1,Yellow,#F4EE2A,24,1268,-40.0,-64.0,115.2,0,CONCEPT_NOT_FIT_VALIDATED
DUC-C-01273,p8-1x1,Yellow,#F4EE2A,24,1269,-40.0,48.0,115.2,0,CONCEPT_NOT_FIT_VALIDATED
DUC-C-01274,p8-4x2,Yellow,#F4EE2A,24,1270,-20.0,-60.0,115.2,0,CONCEPT_NOT_FIT_VALIDATED
DUC-C-01275,p8-4x2,Yellow,#F4EE2A,24,1271,-20.0,-44.0,115.2,0,CONCEPT_NOT_FIT_VALIDATED
DUC-C-01276,p8-4x2,Yellow,#F4EE2A,24,1272,-20.0,-28.0,115.2,0,CONCEPT_NOT_FIT_VALIDATED
DUC-C-01277,p8-4x2,Yellow,#F4EE2A,24,1273,-20.0,-12.0,115.2,0,CONCEPT_NOT_FIT_VALIDATED
DUC-C-01278,p8-4x2,Yellow,#F4EE2A,24,1274,-20.0,4.0,115.2,0,CONCEPT_NOT_FIT_VALIDATED
DUC-C-01279,p8-4x2,Yellow,#F4EE2A,24,1275,-20.0,20.0,115.2,0,CONCEPT_NOT_FIT_VALIDATED
DUC-C-01280,p8-4x2,Yellow,#F4EE2A,24,1276,-20.0,36.0,115.2,0,CONCEPT_NOT_FIT_VALIDATED
DUC-C-01281,p8-4x1,Yellow,#F4EE2A,24,1277,-20.0,48.0,115.2,0,CONCEPT_NOT_FIT_VALIDATED
DUC-C-01282,p8-3x1,Yellow,#F4EE2A,24,1278,-16.0,-72.0,115.2,0,CONCEPT_NOT_FIT_VALIDATED
DUC-C-01283,p8-3x1,Yellow,#F4EE2A,24,1279,-16.0,56.0,115.2,0,CONCEPT_NOT_FIT_VALIDATED
DUC-C-01284,p8-4x1,Yellow,#F4EE2A,24,1280,12.0,-72.0,115.2,0,CONCEPT_NOT_FIT_VALIDATED
DUC-C-01285,p8-4x2,Yellow,#F4EE2A,24,1281,12.0,-60.0,115.2,0,CONCEPT_NOT_FIT_VALIDATED
DUC-C-01286,p8-4x2,Yellow,#F4EE2A,24,1282,12.0,-44.0,115.2,0,CONCEPT_NOT_FIT_VALIDATED
DUC-C-01287,p8-4x2,Yellow,#F4EE2A,24,1283,12.0,-28.0,115.2,0,CONCEPT_NOT_FIT_VALIDATED
DUC-C-01288,p8-4x2,Yellow,#F4EE2A,24,1284,12.0,-12.0,115.2,0,CONCEPT_NOT_FIT_VALIDATED
DUC-C-01289,p8-4x2,Yellow,#F4EE2A,24,1285,12.0,4.0,115.2,0,CONCEPT_NOT_FIT_VALIDATED
DUC-C-01290,p8-4x2,Yellow,#F4EE2A,24,1286,12.0,20.0,115.2,0,CONCEPT_NOT_FIT_VALIDATED
DUC-C-01291,p8-4x2,Yellow,#F4EE2A,24,1287,12.0,36.0,115.2,0,CONCEPT_NOT_FIT_VALIDATED
DUC-C-01292,p8-4x2,Yellow,#F4EE2A,24,1288,12.0,52.0,115.2,0,CONCEPT_NOT_FIT_VALIDATED
DUC-C-01293,p8-2x2,Yellow,#F4EE2A,24,1289,36.0,-60.0,115.2,0,CONCEPT_NOT_FIT_VALIDATED
DUC-C-01294,p8-4x2,Yellow,#F4EE2A,24,1290,44.0,-44.0,115.2,0,CONCEPT_NOT_FIT_VALIDATED
DUC-C-01295,p8-4x2,Yellow,#F4EE2A,24,1291,44.0,-28.0,115.2,0,CONCEPT_NOT_FIT_VALIDATED
DUC-C-01296,p8-4x2,Yellow,#F4EE2A,24,1292,44.0,-12.0,115.2,0,CONCEPT_NOT_FIT_VALIDATED
DUC-C-01297,p8-4x2,Yellow,#F4EE2A,24,1293,44.0,4.0,115.2,0,CONCEPT_NOT_FIT_VALIDATED
DUC-C-01298,p8-4x2,Yellow,#F4EE2A,24,1294,44.0,20.0,115.2,0,CONCEPT_NOT_FIT_VALIDATED
DUC-C-01299,p8-3x2,Yellow,#F4EE2A,24,1295,40.0,36.0,115.2,0,CONCEPT_NOT_FIT_VALIDATED
DUC-C-01300,p8-2x1,Yellow,#F4EE2A,24,1296,36.0,48.0,115.2,0,CONCEPT_NOT_FIT_VALIDATED
DUC-C-01301,p8-1x1,Yellow,#F4EE2A,24,1297,48.0,-56.0,115.2,0,CONCEPT_NOT_FIT_VALIDATED
DUC-C-01302,p8-1x1,Yellow,#F4EE2A,24,1298,56.0,32.0,115.2,0,CONCEPT_NOT_FIT_VALIDATED
DUC-C-01303,p8-1x1,Yellow,#F4EE2A,24,1299,64.0,-40.0,115.2,0,CONCEPT_NOT_FIT_VALIDATED
DUC-C-01304,p8-2x1,Yellow,#F4EE2A,24,1300,64.0,-28.0,115.2,90,CONCEPT_NOT_FIT_VALIDATED
DUC-C-01305,p8-2x2,Yellow,#F4EE2A,24,1301,68.0,-12.0,115.2,0,CONCEPT_NOT_FIT_VALIDATED
DUC-C-01241,p8-2x1,Yellow,#F4EE2A,23,1302,72.0,-4.0,110.4,90,CONCEPT_NOT_FIT_VALIDATED
DUC-C-01306,p8-2x1,Yellow,#F4EE2A,24,1303,68.0,0.0,115.2,0,CONCEPT_NOT_FIT_VALIDATED
DUC-C-01307,p8-1x1,Yellow,#F4EE2A,24,1304,64.0,8.0,115.2,0,CONCEPT_NOT_FIT_VALIDATED
DUC-C-01308,p8-2x1,Yellow,#F4EE2A,24,1305,64.0,20.0,115.2,90,CONCEPT_NOT_FIT_VALIDATED
DUC-C-01309,p8-1x1,Yellow,#F4EE2A,25,1306,-24.0,-72.0,120.0,0,CONCEPT_NOT_FIT_VALIDATED
DUC-C-01310,p8-2x1,Yellow,#F4EE2A,25,1307,-12.0,-72.0,120.0,0,CONCEPT_NOT_FIT_VALIDATED
DUC-C-01311,p8-2x1,Yellow,#F4EE2A,25,1308,4.0,-72.0,120.0,0,CONCEPT_NOT_FIT_VALIDATED
DUC-C-01312,p8-2x1,Yellow,#F4EE2A,25,1309,20.0,-72.0,120.0,0,CONCEPT_NOT_FIT_VALIDATED
DUC-C-01313,p8-4x1,Yellow,#F4EE2A,25,1310,-40.0,-52.0,120.0,90,CONCEPT_NOT_FIT_VALIDATED
DUC-C-01314,p8-4x2,Yellow,#F4EE2A,25,1311,-28.0,-52.0,120.0,90,CONCEPT_NOT_FIT_VALIDATED
DUC-C-01315,p8-4x2,Yellow,#F4EE2A,25,1312,-12.0,-52.0,120.0,90,CONCEPT_NOT_FIT_VALIDATED
DUC-C-01316,p8-4x2,Yellow,#F4EE2A,25,1313,4.0,-52.0,120.0,90,CONCEPT_NOT_FIT_VALIDATED
DUC-C-01317,p8-4x2,Yellow,#F4EE2A,25,1314,20.0,-52.0,120.0,90,CONCEPT_NOT_FIT_VALIDATED
DUC-C-01318,p8-4x2,Yellow,#F4EE2A,25,1315,36.0,-52.0,120.0,90,CONCEPT_NOT_FIT_VALIDATED
DUC-C-01319,p8-3x1,Yellow,#F4EE2A,25,1316,-48.0,-48.0,120.0,90,CONCEPT_NOT_FIT_VALIDATED
DUC-C-01320,p8-3x1,Yellow,#F4EE2A,25,1317,48.0,-48.0,120.0,90,CONCEPT_NOT_FIT_VALIDATED
DUC-C-01321,p8-2x1,Yellow,#F4EE2A,25,1318,-56.0,-44.0,120.0,90,CONCEPT_NOT_FIT_VALIDATED
DUC-C-01322,p8-2x1,Yellow,#F4EE2A,25,1319,56.0,-44.0,120.0,90,CONCEPT_NOT_FIT_VALIDATED
DUC-C-01323,p8-1x1,Yellow,#F4EE2A,25,1320,-64.0,-40.0,120.0,0,CONCEPT_NOT_FIT_VALIDATED
DUC-C-01324,p8-1x1,Yellow,#F4EE2A,25,1321,64.0,-40.0,120.0,0,CONCEPT_NOT_FIT_VALIDATED
DUC-C-01325,p8-4x2,Yellow,#F4EE2A,25,1322,-60.0,-20.0,120.0,90,CONCEPT_NOT_FIT_VALIDATED
DUC-C-01326,p8-4x2,Yellow,#F4EE2A,25,1323,-44.0,-20.0,120.0,90,CONCEPT_NOT_FIT_VALIDATED
DUC-C-01327,p8-4x2,Yellow,#F4EE2A,25,1324,-28.0,-20.0,120.0,90,CONCEPT_NOT_FIT_VALIDATED
DUC-C-01328,p8-4x2,Yellow,#F4EE2A,25,1325,-12.0,-20.0,120.0,90,CONCEPT_NOT_FIT_VALIDATED
DUC-C-01329,p8-4x2,Yellow,#F4EE2A,25,1326,4.0,-20.0,120.0,90,CONCEPT_NOT_FIT_VALIDATED
DUC-C-01330,p8-4x2,Yellow,#F4EE2A,25,1327,20.0,-20.0,120.0,90,CONCEPT_NOT_FIT_VALIDATED
DUC-C-01331,p8-4x2,Yellow,#F4EE2A,25,1328,36.0,-20.0,120.0,90,CONCEPT_NOT_FIT_VALIDATED
DUC-C-01332,p8-4x2,Yellow,#F4EE2A,25,1329,52.0,-20.0,120.0,90,CONCEPT_NOT_FIT_VALIDATED
DUC-C-01333,p8-4x1,Yellow,#F4EE2A,25,1330,64.0,-20.0,120.0,90,CONCEPT_NOT_FIT_VALIDATED
DUC-C-01335,p8-2x1,Yellow,#F4EE2A,25,1331,72.0,-12.0,120.0,90,CONCEPT_NOT_FIT_VALIDATED
DUC-C-01337,p8-4x2,Yellow,#F4EE2A,25,1332,-60.0,12.0,120.0,90,CONCEPT_NOT_FIT_VALIDATED
DUC-C-01338,p8-4x2,Yellow,#F4EE2A,25,1333,-44.0,12.0,120.0,90,CONCEPT_NOT_FIT_VALIDATED
DUC-C-01339,p8-4x2,Yellow,#F4EE2A,25,1334,-28.0,12.0,120.0,90,CONCEPT_NOT_FIT_VALIDATED
DUC-C-01340,p8-4x2,Yellow,#F4EE2A,25,1335,-12.0,12.0,120.0,90,CONCEPT_NOT_FIT_VALIDATED
DUC-C-01341,p8-4x2,Yellow,#F4EE2A,25,1336,4.0,12.0,120.0,90,CONCEPT_NOT_FIT_VALIDATED
DUC-C-01342,p8-4x2,Yellow,#F4EE2A,25,1337,20.0,12.0,120.0,90,CONCEPT_NOT_FIT_VALIDATED
DUC-C-01343,p8-4x2,Yellow,#F4EE2A,25,1338,36.0,12.0,120.0,90,CONCEPT_NOT_FIT_VALIDATED
DUC-C-01344,p8-4x2,Yellow,#F4EE2A,25,1339,52.0,12.0,120.0,90,CONCEPT_NOT_FIT_VALIDATED
DUC-C-01345,p8-4x1,Yellow,#F4EE2A,25,1340,64.0,12.0,120.0,90,CONCEPT_NOT_FIT_VALIDATED
DUC-C-01346,p8-1x1,Yellow,#F4EE2A,25,1341,72.0,0.0,120.0,0,CONCEPT_NOT_FIT_VALIDATED
DUC-C-01347,p8-1x1,Yellow,#F4EE2A,25,1342,-56.0,32.0,120.0,0,CONCEPT_NOT_FIT_VALIDATED
DUC-C-01348,p8-2x2,Yellow,#F4EE2A,25,1343,-44.0,36.0,120.0,0,CONCEPT_NOT_FIT_VALIDATED
DUC-C-01349,p8-3x2,Yellow,#F4EE2A,25,1344,-28.0,40.0,120.0,90,CONCEPT_NOT_FIT_VALIDATED
DUC-C-01350,p8-4x2,Yellow,#F4EE2A,25,1345,-12.0,44.0,120.0,90,CONCEPT_NOT_FIT_VALIDATED
DUC-C-01351,p8-4x2,Yellow,#F4EE2A,25,1346,4.0,44.0,120.0,90,CONCEPT_NOT_FIT_VALIDATED
DUC-C-01352,p8-4x2,Yellow,#F4EE2A,25,1347,20.0,44.0,120.0,90,CONCEPT_NOT_FIT_VALIDATED
DUC-C-01353,p8-3x2,Yellow,#F4EE2A,25,1348,36.0,40.0,120.0,90,CONCEPT_NOT_FIT_VALIDATED
DUC-C-01354,p8-2x1,Yellow,#F4EE2A,25,1349,52.0,32.0,120.0,0,CONCEPT_NOT_FIT_VALIDATED
DUC-C-01355,p8-1x1,Yellow,#F4EE2A,25,1350,48.0,40.0,120.0,0,CONCEPT_NOT_FIT_VALIDATED
DUC-C-01356,p8-1x1,Yellow,#F4EE2A,25,1351,-40.0,48.0,120.0,0,CONCEPT_NOT_FIT_VALIDATED
DUC-C-01357,p8-1x1,Yellow,#F4EE2A,25,1352,-24.0,56.0,120.0,0,CONCEPT_NOT_FIT_VALIDATED
DUC-C-01358,p8-4x2,Yellow,#F4EE2A,26,1353,-60.0,-4.0,124.8,0,CONCEPT_NOT_FIT_VALIDATED
DUC-C-01334,p8-2x1,Yellow,#F4EE2A,25,1354,-72.0,-12.0,120.0,90,CONCEPT_NOT_FIT_VALIDATED
DUC-C-01261,p8-2x1,Yellow,#F4EE2A,24,1355,-72.0,-12.0,115.2,90,CONCEPT_NOT_FIT_VALIDATED
DUC-C-01240,p8-3x1,Yellow,#F4EE2A,23,1356,-72.0,-8.0,110.4,90,CONCEPT_NOT_FIT_VALIDATED
DUC-C-01262,p8-1x1,Yellow,#F4EE2A,24,1357,-72.0,0.0,115.2,0,CONCEPT_NOT_FIT_VALIDATED
DUC-C-01336,p8-1x1,Yellow,#F4EE2A,25,1358,-72.0,0.0,120.0,0,CONCEPT_NOT_FIT_VALIDATED
DUC-C-01359,p8-3x2,Yellow,#F4EE2A,26,1359,-56.0,-36.0,124.8,0,CONCEPT_NOT_FIT_VALIDATED
DUC-C-01360,p8-3x2,Yellow,#F4EE2A,26,1360,-56.0,-20.0,124.8,0,CONCEPT_NOT_FIT_VALIDATED
DUC-C-01361,p8-3x2,Yellow,#F4EE2A,26,1361,-56.0,12.0,124.8,0,CONCEPT_NOT_FIT_VALIDATED
DUC-C-01362,p8-3x1,Yellow,#F4EE2A,26,1362,-56.0,24.0,124.8,0,CONCEPT_NOT_FIT_VALIDATED
DUC-C-01363,p8-2x1,Yellow,#F4EE2A,26,1363,-52.0,-48.0,124.8,0,CONCEPT_NOT_FIT_VALIDATED
DUC-C-01364,p8-2x1,Yellow,#F4EE2A,26,1364,-52.0,32.0,124.8,0,CONCEPT_NOT_FIT_VALIDATED
DUC-C-01365,p8-1x1,Yellow,#F4EE2A,26,1365,-48.0,-56.0,124.8,0,CONCEPT_NOT_FIT_VALIDATED
DUC-C-01366,p8-1x1,Yellow,#F4EE2A,26,1366,-48.0,40.0,124.8,0,CONCEPT_NOT_FIT_VALIDATED
DUC-C-01367,p8-4x1,Yellow,#F4EE2A,26,1367,-28.0,-64.0,124.8,0,CONCEPT_NOT_FIT_VALIDATED
DUC-C-01368,p8-4x2,Yellow,#F4EE2A,26,1368,-28.0,-52.0,124.8,0,CONCEPT_NOT_FIT_VALIDATED
DUC-C-01369,p8-4x2,Yellow,#F4EE2A,26,1369,-28.0,-36.0,124.8,0,CONCEPT_NOT_FIT_VALIDATED
DUC-C-01370,p8-4x2,Yellow,#F4EE2A,26,1370,-28.0,-20.0,124.8,0,CONCEPT_NOT_FIT_VALIDATED
DUC-C-01371,p8-4x2,Yellow,#F4EE2A,26,1371,-28.0,-4.0,124.8,0,CONCEPT_NOT_FIT_VALIDATED
DUC-C-01372,p8-4x2,Yellow,#F4EE2A,26,1372,-28.0,12.0,124.8,0,CONCEPT_NOT_FIT_VALIDATED
DUC-C-01373,p8-4x2,Yellow,#F4EE2A,26,1373,-28.0,28.0,124.8,0,CONCEPT_NOT_FIT_VALIDATED
DUC-C-01374,p8-4x2,Yellow,#F4EE2A,26,1374,-28.0,44.0,124.8,0,CONCEPT_NOT_FIT_VALIDATED
DUC-C-01375,p8-2x1,Yellow,#F4EE2A,26,1375,-20.0,-72.0,124.8,0,CONCEPT_NOT_FIT_VALIDATED
DUC-C-01376,p8-2x1,Yellow,#F4EE2A,26,1376,-20.0,56.0,124.8,0,CONCEPT_NOT_FIT_VALIDATED
DUC-C-01377,p8-4x2,Yellow,#F4EE2A,26,1377,4.0,-68.0,124.8,0,CONCEPT_NOT_FIT_VALIDATED
DUC-C-01378,p8-4x2,Yellow,#F4EE2A,26,1378,4.0,-52.0,124.8,0,CONCEPT_NOT_FIT_VALIDATED
DUC-C-01379,p8-4x2,Yellow,#F4EE2A,26,1379,4.0,-36.0,124.8,0,CONCEPT_NOT_FIT_VALIDATED
DUC-C-01380,p8-4x2,Yellow,#F4EE2A,26,1380,4.0,-20.0,124.8,0,CONCEPT_NOT_FIT_VALIDATED
DUC-C-01381,p8-4x2,Yellow,#F4EE2A,26,1381,4.0,-4.0,124.8,0,CONCEPT_NOT_FIT_VALIDATED
DUC-C-01382,p8-4x2,Yellow,#F4EE2A,26,1382,4.0,12.0,124.8,0,CONCEPT_NOT_FIT_VALIDATED
DUC-C-01383,p8-4x2,Yellow,#F4EE2A,26,1383,4.0,28.0,124.8,0,CONCEPT_NOT_FIT_VALIDATED
DUC-C-01384,p8-4x2,Yellow,#F4EE2A,26,1384,4.0,44.0,124.8,0,CONCEPT_NOT_FIT_VALIDATED
DUC-C-01385,p8-4x1,Yellow,#F4EE2A,26,1385,4.0,56.0,124.8,0,CONCEPT_NOT_FIT_VALIDATED
DUC-C-01386,p8-2x1,Yellow,#F4EE2A,26,1386,24.0,-68.0,124.8,90,CONCEPT_NOT_FIT_VALIDATED
DUC-C-01387,p8-4x2,Yellow,#F4EE2A,26,1387,36.0,-52.0,124.8,0,CONCEPT_NOT_FIT_VALIDATED
DUC-C-01388,p8-4x2,Yellow,#F4EE2A,26,1388,36.0,-36.0,124.8,0,CONCEPT_NOT_FIT_VALIDATED
DUC-C-01389,p8-4x2,Yellow,#F4EE2A,26,1389,36.0,-20.0,124.8,0,CONCEPT_NOT_FIT_VALIDATED
DUC-C-01390,p8-4x2,Yellow,#F4EE2A,26,1390,36.0,-4.0,124.8,0,CONCEPT_NOT_FIT_VALIDATED
DUC-C-01391,p8-4x2,Yellow,#F4EE2A,26,1391,36.0,12.0,124.8,0,CONCEPT_NOT_FIT_VALIDATED
DUC-C-01392,p8-4x2,Yellow,#F4EE2A,26,1392,36.0,28.0,124.8,0,CONCEPT_NOT_FIT_VALIDATED
DUC-C-01393,p8-3x2,Yellow,#F4EE2A,26,1393,32.0,44.0,124.8,0,CONCEPT_NOT_FIT_VALIDATED
DUC-C-01394,p8-1x1,Yellow,#F4EE2A,26,1394,24.0,56.0,124.8,0,CONCEPT_NOT_FIT_VALIDATED
DUC-C-01395,p8-2x1,Yellow,#F4EE2A,26,1395,36.0,-64.0,124.8,0,CONCEPT_NOT_FIT_VALIDATED
DUC-C-01396,p8-1x1,Yellow,#F4EE2A,26,1396,48.0,40.0,124.8,0,CONCEPT_NOT_FIT_VALIDATED
DUC-C-01397,p8-1x1,Yellow,#F4EE2A,26,1397,56.0,-48.0,124.8,0,CONCEPT_NOT_FIT_VALIDATED
DUC-C-01398,p8-2x2,Yellow,#F4EE2A,26,1398,60.0,-36.0,124.8,0,CONCEPT_NOT_FIT_VALIDATED
DUC-C-01399,p8-2x2,Yellow,#F4EE2A,26,1399,60.0,-20.0,124.8,0,CONCEPT_NOT_FIT_VALIDATED
DUC-C-01400,p8-2x2,Yellow,#F4EE2A,26,1400,60.0,-4.0,124.8,0,CONCEPT_NOT_FIT_VALIDATED
DUC-C-01401,p8-2x2,Yellow,#F4EE2A,26,1401,60.0,12.0,124.8,0,CONCEPT_NOT_FIT_VALIDATED
DUC-C-01402,p8-2x1,Yellow,#F4EE2A,26,1402,60.0,24.0,124.8,0,CONCEPT_NOT_FIT_VALIDATED
DUC-C-01403,p8-1x1,Yellow,#F4EE2A,26,1403,56.0,32.0,124.8,0,CONCEPT_NOT_FIT_VALIDATED
DUC-C-01404,p8-1x1,Yellow,#F4EE2A,26,1404,72.0,-8.0,124.8,0,CONCEPT_NOT_FIT_VALIDATED
DUC-C-01405,p8-4x2,Yellow,#F4EE2A,27,1405,-20.0,-60.0,129.6,90,CONCEPT_NOT_FIT_VALIDATED
DUC-C-01406,p8-4x2,Yellow,#F4EE2A,27,1406,-4.0,-60.0,129.6,90,CONCEPT_NOT_FIT_VALIDATED
DUC-C-01407,p8-4x2,Yellow,#F4EE2A,27,1407,12.0,-60.0,129.6,90,CONCEPT_NOT_FIT_VALIDATED
DUC-C-01408,p8-4x1,Yellow,#F4EE2A,27,1408,24.0,-60.0,129.6,90,CONCEPT_NOT_FIT_VALIDATED
DUC-C-01409,p8-3x2,Yellow,#F4EE2A,27,1409,-36.0,-56.0,129.6,90,CONCEPT_NOT_FIT_VALIDATED
DUC-C-01410,p8-3x1,Yellow,#F4EE2A,27,1410,32.0,-56.0,129.6,90,CONCEPT_NOT_FIT_VALIDATED
DUC-C-01411,p8-3x1,Yellow,#F4EE2A,27,1411,40.0,-56.0,129.6,90,CONCEPT_NOT_FIT_VALIDATED
DUC-C-01412,p8-2x1,Yellow,#F4EE2A,27,1412,-48.0,-52.0,129.6,90,CONCEPT_NOT_FIT_VALIDATED
DUC-C-01413,p8-2x1,Yellow,#F4EE2A,27,1413,48.0,-52.0,129.6,90,CONCEPT_NOT_FIT_VALIDATED
DUC-C-01414,p8-1x1,Yellow,#F4EE2A,27,1414,-56.0,-48.0,129.6,0,CONCEPT_NOT_FIT_VALIDATED
DUC-C-01415,p8-1x1,Yellow,#F4EE2A,27,1415,56.0,-48.0,129.6,0,CONCEPT_NOT_FIT_VALIDATED
DUC-C-01416,p8-4x1,Yellow,#F4EE2A,27,1416,-64.0,-28.0,129.6,90,CONCEPT_NOT_FIT_VALIDATED
DUC-C-01417,p8-4x2,Yellow,#F4EE2A,27,1417,-52.0,-28.0,129.6,90,CONCEPT_NOT_FIT_VALIDATED
DUC-C-01418,p8-4x2,Yellow,#F4EE2A,27,1418,-36.0,-28.0,129.6,90,CONCEPT_NOT_FIT_VALIDATED
DUC-C-01419,p8-4x2,Yellow,#F4EE2A,27,1419,-20.0,-28.0,129.6,90,CONCEPT_NOT_FIT_VALIDATED
DUC-C-01420,p8-4x2,Yellow,#F4EE2A,27,1420,-4.0,-28.0,129.6,90,CONCEPT_NOT_FIT_VALIDATED
DUC-C-01421,p8-4x2,Yellow,#F4EE2A,27,1421,12.0,-28.0,129.6,90,CONCEPT_NOT_FIT_VALIDATED
DUC-C-01422,p8-4x2,Yellow,#F4EE2A,27,1422,28.0,-28.0,129.6,90,CONCEPT_NOT_FIT_VALIDATED
DUC-C-01423,p8-4x2,Yellow,#F4EE2A,27,1423,44.0,-28.0,129.6,90,CONCEPT_NOT_FIT_VALIDATED
DUC-C-01424,p8-4x2,Yellow,#F4EE2A,27,1424,60.0,-28.0,129.6,90,CONCEPT_NOT_FIT_VALIDATED
DUC-C-01425,p8-4x1,Yellow,#F4EE2A,27,1425,-64.0,4.0,129.6,90,CONCEPT_NOT_FIT_VALIDATED
DUC-C-01426,p8-4x2,Yellow,#F4EE2A,27,1426,-52.0,4.0,129.6,90,CONCEPT_NOT_FIT_VALIDATED
DUC-C-01427,p8-4x2,Yellow,#F4EE2A,27,1427,-36.0,4.0,129.6,90,CONCEPT_NOT_FIT_VALIDATED
DUC-C-01428,p8-4x2,Yellow,#F4EE2A,27,1428,-20.0,4.0,129.6,90,CONCEPT_NOT_FIT_VALIDATED
DUC-C-01429,p8-4x2,Yellow,#F4EE2A,27,1429,-4.0,4.0,129.6,90,CONCEPT_NOT_FIT_VALIDATED
DUC-C-01430,p8-4x2,Yellow,#F4EE2A,27,1430,12.0,4.0,129.6,90,CONCEPT_NOT_FIT_VALIDATED
DUC-C-01431,p8-4x2,Yellow,#F4EE2A,27,1431,28.0,4.0,129.6,90,CONCEPT_NOT_FIT_VALIDATED
DUC-C-01432,p8-4x2,Yellow,#F4EE2A,27,1432,44.0,4.0,129.6,90,CONCEPT_NOT_FIT_VALIDATED
DUC-C-01433,p8-4x2,Yellow,#F4EE2A,27,1433,60.0,4.0,129.6,90,CONCEPT_NOT_FIT_VALIDATED
DUC-C-01434,p8-1x1,Yellow,#F4EE2A,27,1434,-64.0,24.0,129.6,0,CONCEPT_NOT_FIT_VALIDATED
DUC-C-01435,p8-2x2,Yellow,#F4EE2A,27,1435,-52.0,28.0,129.6,0,CONCEPT_NOT_FIT_VALIDATED
DUC-C-01436,p8-4x2,Yellow,#F4EE2A,27,1436,-36.0,36.0,129.6,90,CONCEPT_NOT_FIT_VALIDATED
DUC-C-01437,p8-4x2,Yellow,#F4EE2A,27,1437,-20.0,36.0,129.6,90,CONCEPT_NOT_FIT_VALIDATED
DUC-C-01438,p8-4x2,Yellow,#F4EE2A,27,1438,-4.0,36.0,129.6,90,CONCEPT_NOT_FIT_VALIDATED
DUC-C-01439,p8-4x2,Yellow,#F4EE2A,27,1439,12.0,36.0,129.6,90,CONCEPT_NOT_FIT_VALIDATED
DUC-C-01440,p8-4x2,Yellow,#F4EE2A,27,1440,28.0,36.0,129.6,90,CONCEPT_NOT_FIT_VALIDATED
DUC-C-01441,p8-3x2,Yellow,#F4EE2A,27,1441,44.0,32.0,129.6,90,CONCEPT_NOT_FIT_VALIDATED
DUC-C-01442,p8-2x1,Yellow,#F4EE2A,27,1442,56.0,28.0,129.6,90,CONCEPT_NOT_FIT_VALIDATED
DUC-C-01443,p8-1x1,Yellow,#F4EE2A,27,1443,64.0,24.0,129.6,0,CONCEPT_NOT_FIT_VALIDATED
DUC-C-01444,p8-1x1,Yellow,#F4EE2A,27,1444,-48.0,40.0,129.6,0,CONCEPT_NOT_FIT_VALIDATED
DUC-C-01445,p8-1x1,Yellow,#F4EE2A,27,1445,40.0,48.0,129.6,0,CONCEPT_NOT_FIT_VALIDATED
DUC-C-01446,p8-2x1,Yellow,#F4EE2A,27,1446,-20.0,56.0,129.6,0,CONCEPT_NOT_FIT_VALIDATED
DUC-C-01447,p8-2x1,Yellow,#F4EE2A,27,1447,-4.0,56.0,129.6,0,CONCEPT_NOT_FIT_VALIDATED
DUC-C-01448,p8-2x1,Yellow,#F4EE2A,27,1448,12.0,56.0,129.6,0,CONCEPT_NOT_FIT_VALIDATED
DUC-C-01449,p8-1x1,Yellow,#F4EE2A,27,1449,24.0,56.0,129.6,0,CONCEPT_NOT_FIT_VALIDATED
DUC-C-01450,p8-2x1,Yellow,#F4EE2A,28,1450,-60.0,-40.0,134.4,0,CONCEPT_NOT_FIT_VALIDATED
DUC-C-01451,p8-2x2,Yellow,#F4EE2A,28,1451,-60.0,-28.0,134.4,0,CONCEPT_NOT_FIT_VALIDATED
DUC-C-01452,p8-2x2,Yellow,#F4EE2A,28,1452,-60.0,-12.0,134.4,0,CONCEPT_NOT_FIT_VALIDATED
DUC-C-01453,p8-2x2,Yellow,#F4EE2A,28,1453,-60.0,4.0,134.4,0,CONCEPT_NOT_FIT_VALIDATED
DUC-C-01454,p8-2x1,Yellow,#F4EE2A,28,1454,-60.0,16.0,134.4,0,CONCEPT_NOT_FIT_VALIDATED
DUC-C-01455,p8-1x1,Yellow,#F4EE2A,28,1455,-56.0,-48.0,134.4,0,CONCEPT_NOT_FIT_VALIDATED
DUC-C-01456,p8-1x1,Yellow,#F4EE2A,28,1456,-56.0,24.0,134.4,0,CONCEPT_NOT_FIT_VALIDATED
DUC-C-01457,p8-1x1,Yellow,#F4EE2A,28,1457,-56.0,32.0,134.4,0,CONCEPT_NOT_FIT_VALIDATED
DUC-C-01458,p8-4x1,Yellow,#F4EE2A,28,1458,-36.0,-56.0,134.4,0,CONCEPT_NOT_FIT_VALIDATED
DUC-C-01459,p8-4x2,Yellow,#F4EE2A,28,1459,-36.0,-44.0,134.4,0,CONCEPT_NOT_FIT_VALIDATED
DUC-C-01460,p8-4x2,Yellow,#F4EE2A,28,1460,-36.0,-28.0,134.4,0,CONCEPT_NOT_FIT_VALIDATED
DUC-C-01461,p8-4x2,Yellow,#F4EE2A,28,1461,-36.0,-12.0,134.4,0,CONCEPT_NOT_FIT_VALIDATED
DUC-C-01462,p8-4x2,Yellow,#F4EE2A,28,1462,-36.0,4.0,134.4,0,CONCEPT_NOT_FIT_VALIDATED
DUC-C-01463,p8-4x2,Yellow,#F4EE2A,28,1463,-36.0,20.0,134.4,0,CONCEPT_NOT_FIT_VALIDATED
DUC-C-01464,p8-4x2,Yellow,#F4EE2A,28,1464,-36.0,36.0,134.4,0,CONCEPT_NOT_FIT_VALIDATED
DUC-C-01465,p8-3x1,Yellow,#F4EE2A,28,1465,-32.0,-64.0,134.4,0,CONCEPT_NOT_FIT_VALIDATED
DUC-C-01466,p8-3x1,Yellow,#F4EE2A,28,1466,-32.0,48.0,134.4,0,CONCEPT_NOT_FIT_VALIDATED
DUC-C-01467,p8-1x1,Yellow,#F4EE2A,28,1467,-24.0,56.0,134.4,0,CONCEPT_NOT_FIT_VALIDATED
DUC-C-01468,p8-4x1,Yellow,#F4EE2A,28,1468,-4.0,-72.0,134.4,0,CONCEPT_NOT_FIT_VALIDATED
DUC-C-01469,p8-4x2,Yellow,#F4EE2A,28,1469,-4.0,-60.0,134.4,0,CONCEPT_NOT_FIT_VALIDATED
DUC-C-01470,p8-4x2,Yellow,#F4EE2A,28,1470,-4.0,-44.0,134.4,0,CONCEPT_NOT_FIT_VALIDATED
DUC-C-01471,p8-4x2,Yellow,#F4EE2A,28,1471,-4.0,-28.0,134.4,0,CONCEPT_NOT_FIT_VALIDATED
DUC-C-01472,p8-4x2,Yellow,#F4EE2A,28,1472,-4.0,-12.0,134.4,0,CONCEPT_NOT_FIT_VALIDATED
DUC-C-01473,p8-4x2,Yellow,#F4EE2A,28,1473,-4.0,4.0,134.4,0,CONCEPT_NOT_FIT_VALIDATED
DUC-C-01474,p8-4x2,Yellow,#F4EE2A,28,1474,-4.0,20.0,134.4,0,CONCEPT_NOT_FIT_VALIDATED
DUC-C-01475,p8-4x2,Yellow,#F4EE2A,28,1475,-4.0,36.0,134.4,0,CONCEPT_NOT_FIT_VALIDATED
DUC-C-01476,p8-4x2,Yellow,#F4EE2A,28,1476,-4.0,52.0,134.4,0,CONCEPT_NOT_FIT_VALIDATED
DUC-C-01477,p8-1x1,Yellow,#F4EE2A,28,1477,16.0,-72.0,134.4,0,CONCEPT_NOT_FIT_VALIDATED
DUC-C-01478,p8-4x2,Yellow,#F4EE2A,28,1478,28.0,-60.0,134.4,0,CONCEPT_NOT_FIT_VALIDATED
DUC-C-01479,p8-4x2,Yellow,#F4EE2A,28,1479,28.0,-44.0,134.4,0,CONCEPT_NOT_FIT_VALIDATED
DUC-C-01480,p8-4x2,Yellow,#F4EE2A,28,1480,28.0,-28.0,134.4,0,CONCEPT_NOT_FIT_VALIDATED
DUC-C-01481,p8-4x2,Yellow,#F4EE2A,28,1481,28.0,-12.0,134.4,0,CONCEPT_NOT_FIT_VALIDATED
DUC-C-01482,p8-4x2,Yellow,#F4EE2A,28,1482,28.0,4.0,134.4,0,CONCEPT_NOT_FIT_VALIDATED
DUC-C-01483,p8-4x2,Yellow,#F4EE2A,28,1483,28.0,20.0,134.4,0,CONCEPT_NOT_FIT_VALIDATED
DUC-C-01484,p8-4x2,Yellow,#F4EE2A,28,1484,28.0,36.0,134.4,0,CONCEPT_NOT_FIT_VALIDATED
DUC-C-01485,p8-2x2,Yellow,#F4EE2A,28,1485,20.0,52.0,134.4,0,CONCEPT_NOT_FIT_VALIDATED
DUC-C-01486,p8-2x1,Yellow,#F4EE2A,28,1486,36.0,48.0,134.4,0,CONCEPT_NOT_FIT_VALIDATED
DUC-C-01487,p8-1x1,Yellow,#F4EE2A,28,1487,48.0,-56.0,134.4,0,CONCEPT_NOT_FIT_VALIDATED
DUC-C-01488,p8-2x2,Yellow,#F4EE2A,28,1488,52.0,-44.0,134.4,0,CONCEPT_NOT_FIT_VALIDATED
DUC-C-01489,p8-3x2,Yellow,#F4EE2A,28,1489,56.0,-28.0,134.4,0,CONCEPT_NOT_FIT_VALIDATED
DUC-C-01490,p8-3x2,Yellow,#F4EE2A,28,1490,56.0,-12.0,134.4,0,CONCEPT_NOT_FIT_VALIDATED
DUC-C-01491,p8-3x2,Yellow,#F4EE2A,28,1491,56.0,4.0,134.4,0,CONCEPT_NOT_FIT_VALIDATED
DUC-C-01492,p8-2x2,Yellow,#F4EE2A,28,1492,52.0,20.0,134.4,0,CONCEPT_NOT_FIT_VALIDATED
DUC-C-01493,p8-2x1,Yellow,#F4EE2A,28,1493,52.0,32.0,134.4,0,CONCEPT_NOT_FIT_VALIDATED
DUC-C-01494,p8-1x1,Yellow,#F4EE2A,28,1494,48.0,40.0,134.4,0,CONCEPT_NOT_FIT_VALIDATED
DUC-C-01495,p8-1x1,Yellow,#F4EE2A,28,1495,64.0,-40.0,134.4,0,CONCEPT_NOT_FIT_VALIDATED
DUC-C-01496,p8-1x1,Yellow,#F4EE2A,28,1496,64.0,16.0,134.4,0,CONCEPT_NOT_FIT_VALIDATED
DUC-C-01497,p8-3x1,Yellow,#F4EE2A,29,1497,-8.0,-64.0,139.2,90,CONCEPT_NOT_FIT_VALIDATED
DUC-C-01498,p8-3x2,Yellow,#F4EE2A,29,1498,4.0,-64.0,139.2,90,CONCEPT_NOT_FIT_VALIDATED
DUC-C-01499,p8-2x1,Yellow,#F4EE2A,29,1499,-40.0,-60.0,139.2,90,CONCEPT_NOT_FIT_VALIDATED
DUC-C-01500,p8-2x2,Yellow,#F4EE2A,29,1500,-28.0,-60.0,139.2,0,CONCEPT_NOT_FIT_VALIDATED
DUC-C-01501,p8-2x1,Yellow,#F4EE2A,29,1501,-16.0,-60.0,139.2,90,CONCEPT_NOT_FIT_VALIDATED
DUC-C-01502,p8-2x2,Yellow,#F4EE2A,29,1502,20.0,-60.0,139.2,0,CONCEPT_NOT_FIT_VALIDATED
DUC-C-01503,p8-2x2,Yellow,#F4EE2A,29,1503,36.0,-60.0,139.2,0,CONCEPT_NOT_FIT_VALIDATED
DUC-C-01504,p8-1x1,Yellow,#F4EE2A,29,1504,-48.0,-56.0,139.2,0,CONCEPT_NOT_FIT_VALIDATED
DUC-C-01505,p8-1x1,Yellow,#F4EE2A,29,1505,48.0,-56.0,139.2,0,CONCEPT_NOT_FIT_VALIDATED
DUC-C-01506,p8-4x1,Yellow,#F4EE2A,29,1506,-56.0,-36.0,139.2,90,CONCEPT_NOT_FIT_VALIDATED
DUC-C-01507,p8-4x2,Yellow,#F4EE2A,29,1507,-44.0,-36.0,139.2,90,CONCEPT_NOT_FIT_VALIDATED
DUC-C-01508,p8-4x2,Yellow,#F4EE2A,29,1508,-28.0,-36.0,139.2,90,CONCEPT_NOT_FIT_VALIDATED
DUC-C-01509,p8-4x2,Yellow,#F4EE2A,29,1509,-12.0,-36.0,139.2,90,CONCEPT_NOT_FIT_VALIDATED
DUC-C-01510,p8-4x2,Yellow,#F4EE2A,29,1510,4.0,-36.0,139.2,90,CONCEPT_NOT_FIT_VALIDATED
DUC-C-01511,p8-4x2,Yellow,#F4EE2A,29,1511,20.0,-36.0,139.2,90,CONCEPT_NOT_FIT_VALIDATED
DUC-C-01512,p8-4x2,Yellow,#F4EE2A,29,1512,36.0,-36.0,139.2,90,CONCEPT_NOT_FIT_VALIDATED
DUC-C-01513,p8-4x2,Yellow,#F4EE2A,29,1513,52.0,-36.0,139.2,90,CONCEPT_NOT_FIT_VALIDATED
DUC-C-01514,p8-2x1,Yellow,#F4EE2A,29,1514,-64.0,-28.0,139.2,90,CONCEPT_NOT_FIT_VALIDATED
DUC-C-01515,p8-2x1,Yellow,#F4EE2A,29,1515,64.0,-28.0,139.2,90,CONCEPT_NOT_FIT_VALIDATED
DUC-C-01516,p8-4x2,Yellow,#F4EE2A,29,1516,-60.0,-4.0,139.2,90,CONCEPT_NOT_FIT_VALIDATED
DUC-C-01517,p8-4x2,Yellow,#F4EE2A,29,1517,-44.0,-4.0,139.2,90,CONCEPT_NOT_FIT_VALIDATED
DUC-C-01518,p8-4x2,Yellow,#F4EE2A,29,1518,-28.0,-4.0,139.2,90,CONCEPT_NOT_FIT_VALIDATED
DUC-C-01519,p8-4x2,Yellow,#F4EE2A,29,1519,-12.0,-4.0,139.2,90,CONCEPT_NOT_FIT_VALIDATED
DUC-C-01520,p8-4x2,Yellow,#F4EE2A,29,1520,4.0,-4.0,139.2,90,CONCEPT_NOT_FIT_VALIDATED
DUC-C-01521,p8-4x2,Yellow,#F4EE2A,29,1521,20.0,-4.0,139.2,90,CONCEPT_NOT_FIT_VALIDATED
DUC-C-01522,p8-4x2,Yellow,#F4EE2A,29,1522,36.0,-4.0,139.2,90,CONCEPT_NOT_FIT_VALIDATED
DUC-C-01523,p8-4x2,Yellow,#F4EE2A,29,1523,52.0,-4.0,139.2,90,CONCEPT_NOT_FIT_VALIDATED
DUC-C-01524,p8-4x1,Yellow,#F4EE2A,29,1524,64.0,-4.0,139.2,90,CONCEPT_NOT_FIT_VALIDATED
DUC-C-01525,p8-2x1,Yellow,#F4EE2A,29,1525,-60.0,16.0,139.2,0,CONCEPT_NOT_FIT_VALIDATED
DUC-C-01526,p8-4x2,Yellow,#F4EE2A,29,1526,-44.0,28.0,139.2,90,CONCEPT_NOT_FIT_VALIDATED
DUC-C-01527,p8-4x2,Yellow,#F4EE2A,29,1527,-28.0,28.0,139.2,90,CONCEPT_NOT_FIT_VALIDATED
DUC-C-01528,p8-4x2,Yellow,#F4EE2A,29,1528,-12.0,28.0,139.2,90,CONCEPT_NOT_FIT_VALIDATED
DUC-C-01529,p8-4x2,Yellow,#F4EE2A,29,1529,4.0,28.0,139.2,90,CONCEPT_NOT_FIT_VALIDATED
DUC-C-01530,p8-4x2,Yellow,#F4EE2A,29,1530,20.0,28.0,139.2,90,CONCEPT_NOT_FIT_VALIDATED
DUC-C-01531,p8-4x2,Yellow,#F4EE2A,29,1531,36.0,28.0,139.2,90,CONCEPT_NOT_FIT_VALIDATED
DUC-C-01532,p8-3x2,Yellow,#F4EE2A,29,1532,52.0,24.0,139.2,90,CONCEPT_NOT_FIT_VALIDATED
DUC-C-01533,p8-1x1,Yellow,#F4EE2A,29,1533,64.0,16.0,139.2,0,CONCEPT_NOT_FIT_VALIDATED
DUC-C-01534,p8-2x1,Yellow,#F4EE2A,29,1534,-56.0,28.0,139.2,90,CONCEPT_NOT_FIT_VALIDATED
DUC-C-01535,p8-1x1,Yellow,#F4EE2A,29,1535,48.0,40.0,139.2,0,CONCEPT_NOT_FIT_VALIDATED
DUC-C-01536,p8-1x1,Yellow,#F4EE2A,29,1536,-40.0,48.0,139.2,0,CONCEPT_NOT_FIT_VALIDATED
DUC-C-01537,p8-2x1,Yellow,#F4EE2A,29,1537,-28.0,48.0,139.2,0,CONCEPT_NOT_FIT_VALIDATED
DUC-C-01538,p8-2x2,Yellow,#F4EE2A,29,1538,-12.0,52.0,139.2,0,CONCEPT_NOT_FIT_VALIDATED
DUC-C-01539,p8-2x2,Yellow,#F4EE2A,29,1539,4.0,52.0,139.2,0,CONCEPT_NOT_FIT_VALIDATED
DUC-C-01540,p8-2x1,Yellow,#F4EE2A,29,1540,16.0,52.0,139.2,90,CONCEPT_NOT_FIT_VALIDATED
DUC-C-01541,p8-1x1,Yellow,#F4EE2A,29,1541,24.0,48.0,139.2,0,CONCEPT_NOT_FIT_VALIDATED
DUC-C-01542,p8-1x1,Yellow,#F4EE2A,29,1542,32.0,48.0,139.2,0,CONCEPT_NOT_FIT_VALIDATED
DUC-C-01543,p8-1x1,Yellow,#F4EE2A,30,1543,-64.0,-32.0,144.0,0,CONCEPT_NOT_FIT_VALIDATED
DUC-C-01544,p8-2x1,Yellow,#F4EE2A,30,1544,-64.0,-20.0,144.0,90,CONCEPT_NOT_FIT_VALIDATED
DUC-C-01545,p8-2x1,Yellow,#F4EE2A,30,1545,-64.0,-4.0,144.0,90,CONCEPT_NOT_FIT_VALIDATED
DUC-C-01546,p8-2x1,Yellow,#F4EE2A,30,1546,-64.0,12.0,144.0,90,CONCEPT_NOT_FIT_VALIDATED
DUC-C-01547,p8-4x1,Yellow,#F4EE2A,30,1547,-44.0,-48.0,144.0,0,CONCEPT_NOT_FIT_VALIDATED
DUC-C-01548,p8-4x2,Yellow,#F4EE2A,30,1548,-44.0,-36.0,144.0,0,CONCEPT_NOT_FIT_VALIDATED
DUC-C-01549,p8-4x2,Yellow,#F4EE2A,30,1549,-44.0,-20.0,144.0,0,CONCEPT_NOT_FIT_VALIDATED
DUC-C-01550,p8-4x2,Yellow,#F4EE2A,30,1550,-44.0,-4.0,144.0,0,CONCEPT_NOT_FIT_VALIDATED
DUC-C-01551,p8-4x2,Yellow,#F4EE2A,30,1551,-44.0,12.0,144.0,0,CONCEPT_NOT_FIT_VALIDATED
DUC-C-01552,p8-4x1,Yellow,#F4EE2A,30,1552,-44.0,24.0,144.0,0,CONCEPT_NOT_FIT_VALIDATED
DUC-C-01553,p8-3x1,Yellow,#F4EE2A,30,1553,-40.0,32.0,144.0,0,CONCEPT_NOT_FIT_VALIDATED
DUC-C-01554,p8-2x1,Yellow,#F4EE2A,30,1554,-36.0,-56.0,144.0,0,CONCEPT_NOT_FIT_VALIDATED
DUC-C-01555,p8-2x1,Yellow,#F4EE2A,30,1555,-36.0,40.0,144.0,0,CONCEPT_NOT_FIT_VALIDATED
DUC-C-01556,p8-1x1,Yellow,#F4EE2A,30,1556,-32.0,-64.0,144.0,0,CONCEPT_NOT_FIT_VALIDATED
DUC-C-01557,p8-1x1,Yellow,#F4EE2A,30,1557,-32.0,48.0,144.0,0,CONCEPT_NOT_FIT_VALIDATED
DUC-C-01558,p8-4x1,Yellow,#F4EE2A,30,1558,-12.0,-64.0,144.0,0,CONCEPT_NOT_FIT_VALIDATED
DUC-C-01559,p8-4x2,Yellow,#F4EE2A,30,1559,-12.0,-52.0,144.0,0,CONCEPT_NOT_FIT_VALIDATED
DUC-C-01560,p8-4x2,Yellow,#F4EE2A,30,1560,-12.0,-36.0,144.0,0,CONCEPT_NOT_FIT_VALIDATED
DUC-C-01561,p8-4x2,Yellow,#F4EE2A,30,1561,-12.0,-20.0,144.0,0,CONCEPT_NOT_FIT_VALIDATED
DUC-C-01562,p8-4x2,Yellow,#F4EE2A,30,1562,-12.0,-4.0,144.0,0,CONCEPT_NOT_FIT_VALIDATED
DUC-C-01563,p8-4x2,Yellow,#F4EE2A,30,1563,-12.0,12.0,144.0,0,CONCEPT_NOT_FIT_VALIDATED
DUC-C-01564,p8-4x2,Yellow,#F4EE2A,30,1564,-12.0,28.0,144.0,0,CONCEPT_NOT_FIT_VALIDATED
DUC-C-01565,p8-4x2,Yellow,#F4EE2A,30,1565,-12.0,44.0,144.0,0,CONCEPT_NOT_FIT_VALIDATED
DUC-C-01566,p8-2x1,Yellow,#F4EE2A,30,1566,-4.0,56.0,144.0,0,CONCEPT_NOT_FIT_VALIDATED
DUC-C-01567,p8-4x1,Yellow,#F4EE2A,30,1567,20.0,-64.0,144.0,0,CONCEPT_NOT_FIT_VALIDATED
DUC-C-01568,p8-4x2,Yellow,#F4EE2A,30,1568,20.0,-52.0,144.0,0,CONCEPT_NOT_FIT_VALIDATED
DUC-C-01569,p8-4x2,Yellow,#F4EE2A,30,1569,20.0,-36.0,144.0,0,CONCEPT_NOT_FIT_VALIDATED
DUC-C-01570,p8-4x2,Yellow,#F4EE2A,30,1570,20.0,-20.0,144.0,0,CONCEPT_NOT_FIT_VALIDATED
DUC-C-01571,p8-4x2,Yellow,#F4EE2A,30,1571,20.0,-4.0,144.0,0,CONCEPT_NOT_FIT_VALIDATED
DUC-C-01572,p8-4x2,Yellow,#F4EE2A,30,1572,20.0,12.0,144.0,0,CONCEPT_NOT_FIT_VALIDATED
DUC-C-01573,p8-4x2,Yellow,#F4EE2A,30,1573,20.0,28.0,144.0,0,CONCEPT_NOT_FIT_VALIDATED
DUC-C-01574,p8-4x2,Yellow,#F4EE2A,30,1574,20.0,44.0,144.0,0,CONCEPT_NOT_FIT_VALIDATED
DUC-C-01575,p8-1x1,Yellow,#F4EE2A,30,1575,8.0,56.0,144.0,0,CONCEPT_NOT_FIT_VALIDATED
DUC-C-01576,p8-2x1,Yellow,#F4EE2A,30,1576,40.0,-52.0,144.0,90,CONCEPT_NOT_FIT_VALIDATED
DUC-C-01577,p8-3x2,Yellow,#F4EE2A,30,1577,48.0,-36.0,144.0,0,CONCEPT_NOT_FIT_VALIDATED
DUC-C-01578,p8-4x2,Yellow,#F4EE2A,30,1578,52.0,-20.0,144.0,0,CONCEPT_NOT_FIT_VALIDATED
DUC-C-01579,p8-4x2,Yellow,#F4EE2A,30,1579,52.0,-4.0,144.0,0,CONCEPT_NOT_FIT_VALIDATED
DUC-C-01580,p8-4x2,Yellow,#F4EE2A,30,1580,52.0,12.0,144.0,0,CONCEPT_NOT_FIT_VALIDATED
DUC-C-01581,p8-2x2,Yellow,#F4EE2A,30,1581,44.0,28.0,144.0,0,CONCEPT_NOT_FIT_VALIDATED
DUC-C-01582,p8-1x1,Yellow,#F4EE2A,30,1582,40.0,40.0,144.0,0,CONCEPT_NOT_FIT_VALIDATED
DUC-C-01583,p8-1x1,Yellow,#F4EE2A,30,1583,48.0,-48.0,144.0,0,CONCEPT_NOT_FIT_VALIDATED
DUC-C-01584,p8-1x1,Yellow,#F4EE2A,30,1584,56.0,24.0,144.0,0,CONCEPT_NOT_FIT_VALIDATED
DUC-C-01585,p8-1x1,Yellow,#F4EE2A,30,1585,64.0,-32.0,144.0,0,CONCEPT_NOT_FIT_VALIDATED
DUC-C-01586,p8-2x1,Yellow,#F4EE2A,31,1586,-20.0,-64.0,148.8,0,CONCEPT_NOT_FIT_VALIDATED
DUC-C-01587,p8-2x1,Yellow,#F4EE2A,31,1587,-4.0,-64.0,148.8,0,CONCEPT_NOT_FIT_VALIDATED
DUC-C-01588,p8-2x1,Yellow,#F4EE2A,31,1588,12.0,-64.0,148.8,0,CONCEPT_NOT_FIT_VALIDATED
DUC-C-01589,p8-1x1,Yellow,#F4EE2A,31,1589,24.0,-64.0,148.8,0,CONCEPT_NOT_FIT_VALIDATED
DUC-C-01590,p8-4x2,Yellow,#F4EE2A,31,1590,-36.0,-44.0,148.8,90,CONCEPT_NOT_FIT_VALIDATED
DUC-C-01591,p8-4x2,Yellow,#F4EE2A,31,1591,-20.0,-44.0,148.8,90,CONCEPT_NOT_FIT_VALIDATED
DUC-C-01592,p8-4x2,Yellow,#F4EE2A,31,1592,-4.0,-44.0,148.8,90,CONCEPT_NOT_FIT_VALIDATED
DUC-C-01593,p8-4x2,Yellow,#F4EE2A,31,1593,12.0,-44.0,148.8,90,CONCEPT_NOT_FIT_VALIDATED
DUC-C-01594,p8-4x2,Yellow,#F4EE2A,31,1594,28.0,-44.0,148.8,90,CONCEPT_NOT_FIT_VALIDATED
DUC-C-01595,p8-4x1,Yellow,#F4EE2A,31,1595,40.0,-44.0,148.8,90,CONCEPT_NOT_FIT_VALIDATED
DUC-C-01596,p8-3x1,Yellow,#F4EE2A,31,1596,-48.0,-40.0,148.8,90,CONCEPT_NOT_FIT_VALIDATED
DUC-C-01597,p8-3x1,Yellow,#F4EE2A,31,1597,48.0,-40.0,148.8,90,CONCEPT_NOT_FIT_VALIDATED
DUC-C-01598,p8-2x1,Yellow,#F4EE2A,31,1598,-56.0,-36.0,148.8,90,CONCEPT_NOT_FIT_VALIDATED
DUC-C-01599,p8-2x1,Yellow,#F4EE2A,31,1599,56.0,-36.0,148.8,90,CONCEPT_NOT_FIT_VALIDATED
DUC-C-01600,p8-4x2,Yellow,#F4EE2A,31,1600,-52.0,-12.0,148.8,90,CONCEPT_NOT_FIT_VALIDATED
DUC-C-01601,p8-4x2,Yellow,#F4EE2A,31,1601,-36.0,-12.0,148.8,90,CONCEPT_NOT_FIT_VALIDATED
DUC-C-01602,p8-4x2,Yellow,#F4EE2A,31,1602,-20.0,-12.0,148.8,90,CONCEPT_NOT_FIT_VALIDATED
DUC-C-01603,p8-4x2,Yellow,#F4EE2A,31,1603,-4.0,-12.0,148.8,90,CONCEPT_NOT_FIT_VALIDATED
DUC-C-01604,p8-4x2,Yellow,#F4EE2A,31,1604,12.0,-12.0,148.8,90,CONCEPT_NOT_FIT_VALIDATED
DUC-C-01605,p8-4x2,Yellow,#F4EE2A,31,1605,28.0,-12.0,148.8,90,CONCEPT_NOT_FIT_VALIDATED
DUC-C-01606,p8-4x2,Yellow,#F4EE2A,31,1606,44.0,-12.0,148.8,90,CONCEPT_NOT_FIT_VALIDATED
DUC-C-01607,p8-4x1,Yellow,#F4EE2A,31,1607,56.0,-12.0,148.8,90,CONCEPT_NOT_FIT_VALIDATED
DUC-C-01608,p8-3x1,Yellow,#F4EE2A,31,1608,-64.0,-8.0,148.8,90,CONCEPT_NOT_FIT_VALIDATED
DUC-C-01609,p8-3x1,Yellow,#F4EE2A,31,1609,64.0,-8.0,148.8,90,CONCEPT_NOT_FIT_VALIDATED
DUC-C-01610,p8-3x2,Yellow,#F4EE2A,31,1610,-52.0,16.0,148.8,90,CONCEPT_NOT_FIT_VALIDATED
DUC-C-01611,p8-4x2,Yellow,#F4EE2A,31,1611,-36.0,20.0,148.8,90,CONCEPT_NOT_FIT_VALIDATED
DUC-C-01612,p8-4x2,Yellow,#F4EE2A,31,1612,-20.0,20.0,148.8,90,CONCEPT_NOT_FIT_VALIDATED
DUC-C-01613,p8-4x2,Yellow,#F4EE2A,31,1613,-4.0,20.0,148.8,90,CONCEPT_NOT_FIT_VALIDATED
DUC-C-01614,p8-4x2,Yellow,#F4EE2A,31,1614,12.0,20.0,148.8,90,CONCEPT_NOT_FIT_VALIDATED
DUC-C-01615,p8-4x2,Yellow,#F4EE2A,31,1615,28.0,20.0,148.8,90,CONCEPT_NOT_FIT_VALIDATED
DUC-C-01616,p8-4x2,Yellow,#F4EE2A,31,1616,44.0,20.0,148.8,90,CONCEPT_NOT_FIT_VALIDATED
DUC-C-01617,p8-3x1,Yellow,#F4EE2A,31,1617,56.0,16.0,148.8,90,CONCEPT_NOT_FIT_VALIDATED
DUC-C-01618,p8-1x1,Yellow,#F4EE2A,31,1618,-48.0,32.0,148.8,0,CONCEPT_NOT_FIT_VALIDATED
DUC-C-01619,p8-2x1,Yellow,#F4EE2A,31,1619,-36.0,40.0,148.8,0,CONCEPT_NOT_FIT_VALIDATED
DUC-C-01620,p8-2x2,Yellow,#F4EE2A,31,1620,-20.0,44.0,148.8,0,CONCEPT_NOT_FIT_VALIDATED
DUC-C-01621,p8-2x2,Yellow,#F4EE2A,31,1621,-4.0,44.0,148.8,0,CONCEPT_NOT_FIT_VALIDATED
DUC-C-01622,p8-2x2,Yellow,#F4EE2A,31,1622,12.0,44.0,148.8,0,CONCEPT_NOT_FIT_VALIDATED
DUC-C-01623,p8-2x1,Yellow,#F4EE2A,31,1623,24.0,44.0,148.8,90,CONCEPT_NOT_FIT_VALIDATED
DUC-C-01624,p8-1x1,Yellow,#F4EE2A,31,1624,32.0,40.0,148.8,0,CONCEPT_NOT_FIT_VALIDATED
DUC-C-01625,p8-1x1,Yellow,#F4EE2A,31,1625,40.0,40.0,148.8,0,CONCEPT_NOT_FIT_VALIDATED
DUC-C-01626,p8-3x2,Yellow,#F4EE2A,32,1626,-48.0,-28.0,153.6,0,CONCEPT_NOT_FIT_VALIDATED
DUC-C-01627,p8-3x2,Yellow,#F4EE2A,32,1627,-48.0,-12.0,153.6,0,CONCEPT_NOT_FIT_VALIDATED
DUC-C-01628,p8-3x2,Yellow,#F4EE2A,32,1628,-48.0,4.0,153.6,0,CONCEPT_NOT_FIT_VALIDATED
DUC-C-01629,p8-3x1,Yellow,#F4EE2A,32,1629,-48.0,16.0,153.6,0,CONCEPT_NOT_FIT_VALIDATED
DUC-C-01630,p8-2x1,Yellow,#F4EE2A,32,1630,-44.0,-40.0,153.6,0,CONCEPT_NOT_FIT_VALIDATED
DUC-C-01631,p8-2x1,Yellow,#F4EE2A,32,1631,-44.0,24.0,153.6,0,CONCEPT_NOT_FIT_VALIDATED
DUC-C-01632,p8-1x1,Yellow,#F4EE2A,32,1632,-40.0,-48.0,153.6,0,CONCEPT_NOT_FIT_VALIDATED
DUC-C-01633,p8-1x1,Yellow,#F4EE2A,32,1633,-40.0,32.0,153.6,0,CONCEPT_NOT_FIT_VALIDATED
DUC-C-01634,p8-4x1,Yellow,#F4EE2A,32,1634,-20.0,-56.0,153.6,0,CONCEPT_NOT_FIT_VALIDATED
DUC-C-01635,p8-4x2,Yellow,#F4EE2A,32,1635,-20.0,-44.0,153.6,0,CONCEPT_NOT_FIT_VALIDATED
DUC-C-01636,p8-4x2,Yellow,#F4EE2A,32,1636,-20.0,-28.0,153.6,0,CONCEPT_NOT_FIT_VALIDATED
DUC-C-01637,p8-4x2,Yellow,#F4EE2A,32,1637,-20.0,-12.0,153.6,0,CONCEPT_NOT_FIT_VALIDATED
DUC-C-01638,p8-4x2,Yellow,#F4EE2A,32,1638,-20.0,4.0,153.6,0,CONCEPT_NOT_FIT_VALIDATED
DUC-C-01639,p8-4x2,Yellow,#F4EE2A,32,1639,-20.0,20.0,153.6,0,CONCEPT_NOT_FIT_VALIDATED
DUC-C-01640,p8-4x2,Yellow,#F4EE2A,32,1640,-20.0,36.0,153.6,0,CONCEPT_NOT_FIT_VALIDATED
DUC-C-01641,p8-3x1,Yellow,#F4EE2A,32,1641,-16.0,48.0,153.6,0,CONCEPT_NOT_FIT_VALIDATED
DUC-C-01642,p8-2x1,Yellow,#F4EE2A,32,1642,-12.0,-64.0,153.6,0,CONCEPT_NOT_FIT_VALIDATED
DUC-C-01643,p8-3x2,Yellow,#F4EE2A,32,1643,8.0,-60.0,153.6,0,CONCEPT_NOT_FIT_VALIDATED
DUC-C-01644,p8-4x2,Yellow,#F4EE2A,32,1644,12.0,-44.0,153.6,0,CONCEPT_NOT_FIT_VALIDATED
DUC-C-01645,p8-4x2,Yellow,#F4EE2A,32,1645,12.0,-28.0,153.6,0,CONCEPT_NOT_FIT_VALIDATED
DUC-C-01646,p8-4x2,Yellow,#F4EE2A,32,1646,12.0,-12.0,153.6,0,CONCEPT_NOT_FIT_VALIDATED
DUC-C-01647,p8-4x2,Yellow,#F4EE2A,32,1647,12.0,4.0,153.6,0,CONCEPT_NOT_FIT_VALIDATED
DUC-C-01648,p8-4x2,Yellow,#F4EE2A,32,1648,12.0,20.0,153.6,0,CONCEPT_NOT_FIT_VALIDATED
DUC-C-01649,p8-4x2,Yellow,#F4EE2A,32,1649,12.0,36.0,153.6,0,CONCEPT_NOT_FIT_VALIDATED
DUC-C-01650,p8-3x1,Yellow,#F4EE2A,32,1650,8.0,48.0,153.6,0,CONCEPT_NOT_FIT_VALIDATED
DUC-C-01651,p8-1x1,Yellow,#F4EE2A,32,1651,24.0,-56.0,153.6,0,CONCEPT_NOT_FIT_VALIDATED
DUC-C-01652,p8-1x1,Yellow,#F4EE2A,32,1652,32.0,-56.0,153.6,0,CONCEPT_NOT_FIT_VALIDATED
DUC-C-01653,p8-2x2,Yellow,#F4EE2A,32,1653,36.0,-44.0,153.6,0,CONCEPT_NOT_FIT_VALIDATED
DUC-C-01654,p8-4x2,Yellow,#F4EE2A,32,1654,44.0,-28.0,153.6,0,CONCEPT_NOT_FIT_VALIDATED
DUC-C-01655,p8-4x2,Yellow,#F4EE2A,32,1655,44.0,-12.0,153.6,0,CONCEPT_NOT_FIT_VALIDATED
DUC-C-01656,p8-4x2,Yellow,#F4EE2A,32,1656,44.0,4.0,153.6,0,CONCEPT_NOT_FIT_VALIDATED
DUC-C-01657,p8-3x2,Yellow,#F4EE2A,32,1657,40.0,20.0,153.6,0,CONCEPT_NOT_FIT_VALIDATED
DUC-C-01658,p8-2x1,Yellow,#F4EE2A,32,1658,36.0,32.0,153.6,0,CONCEPT_NOT_FIT_VALIDATED
DUC-C-01659,p8-1x1,Yellow,#F4EE2A,32,1659,32.0,40.0,153.6,0,CONCEPT_NOT_FIT_VALIDATED
DUC-C-01660,p8-1x1,Yellow,#F4EE2A,32,1660,48.0,-40.0,153.6,0,CONCEPT_NOT_FIT_VALIDATED
DUC-C-01661,p8-1x1,Yellow,#F4EE2A,32,1661,56.0,16.0,153.6,0,CONCEPT_NOT_FIT_VALIDATED
DUC-C-01662,p8-3x1,Yellow,#F4EE2A,33,1662,-24.0,-48.0,158.4,90,CONCEPT_NOT_FIT_VALIDATED
DUC-C-01663,p8-3x2,Yellow,#F4EE2A,33,1663,-12.0,-48.0,158.4,90,CONCEPT_NOT_FIT_VALIDATED
DUC-C-01664,p8-3x2,Yellow,#F4EE2A,33,1664,4.0,-48.0,158.4,90,CONCEPT_NOT_FIT_VALIDATED
DUC-C-01665,p8-3x2,Yellow,#F4EE2A,33,1665,20.0,-48.0,158.4,90,CONCEPT_NOT_FIT_VALIDATED
DUC-C-01666,p8-2x1,Yellow,#F4EE2A,33,1666,-40.0,-44.0,158.4,90,CONCEPT_NOT_FIT_VALIDATED
DUC-C-01667,p8-2x1,Yellow,#F4EE2A,33,1667,-32.0,-44.0,158.4,90,CONCEPT_NOT_FIT_VALIDATED
DUC-C-01668,p8-2x2,Yellow,#F4EE2A,33,1668,36.0,-44.0,158.4,0,CONCEPT_NOT_FIT_VALIDATED
DUC-C-01669,p8-1x1,Yellow,#F4EE2A,33,1669,48.0,-40.0,158.4,0,CONCEPT_NOT_FIT_VALIDATED
DUC-C-01670,p8-4x2,Yellow,#F4EE2A,33,1670,-44.0,-20.0,158.4,90,CONCEPT_NOT_FIT_VALIDATED
DUC-C-01671,p8-4x2,Yellow,#F4EE2A,33,1671,-28.0,-20.0,158.4,90,CONCEPT_NOT_FIT_VALIDATED
DUC-C-01672,p8-4x2,Yellow,#F4EE2A,33,1672,-12.0,-20.0,158.4,90,CONCEPT_NOT_FIT_VALIDATED
DUC-C-01673,p8-4x2,Yellow,#F4EE2A,33,1673,4.0,-20.0,158.4,90,CONCEPT_NOT_FIT_VALIDATED
DUC-C-01674,p8-4x2,Yellow,#F4EE2A,33,1674,20.0,-20.0,158.4,90,CONCEPT_NOT_FIT_VALIDATED
DUC-C-01675,p8-4x2,Yellow,#F4EE2A,33,1675,36.0,-20.0,158.4,90,CONCEPT_NOT_FIT_VALIDATED
DUC-C-01676,p8-4x1,Yellow,#F4EE2A,33,1676,48.0,-20.0,158.4,90,CONCEPT_NOT_FIT_VALIDATED
DUC-C-01677,p8-3x1,Yellow,#F4EE2A,33,1677,-56.0,-16.0,158.4,90,CONCEPT_NOT_FIT_VALIDATED
DUC-C-01678,p8-3x1,Yellow,#F4EE2A,33,1678,56.0,-16.0,158.4,90,CONCEPT_NOT_FIT_VALIDATED
DUC-C-01679,p8-2x1,Yellow,#F4EE2A,33,1679,-56.0,4.0,158.4,90,CONCEPT_NOT_FIT_VALIDATED
DUC-C-01680,p8-3x2,Yellow,#F4EE2A,33,1680,-44.0,8.0,158.4,90,CONCEPT_NOT_FIT_VALIDATED
DUC-C-01681,p8-4x2,Yellow,#F4EE2A,33,1681,-28.0,12.0,158.4,90,CONCEPT_NOT_FIT_VALIDATED
DUC-C-01682,p8-4x2,Yellow,#F4EE2A,33,1682,-12.0,12.0,158.4,90,CONCEPT_NOT_FIT_VALIDATED
DUC-C-01683,p8-4x2,Yellow,#F4EE2A,33,1683,4.0,12.0,158.4,90,CONCEPT_NOT_FIT_VALIDATED
DUC-C-01684,p8-4x2,Yellow,#F4EE2A,33,1684,20.0,12.0,158.4,90,CONCEPT_NOT_FIT_VALIDATED
DUC-C-01685,p8-4x2,Yellow,#F4EE2A,33,1685,36.0,12.0,158.4,90,CONCEPT_NOT_FIT_VALIDATED
DUC-C-01686,p8-2x2,Yellow,#F4EE2A,33,1686,52.0,4.0,158.4,0,CONCEPT_NOT_FIT_VALIDATED
DUC-C-01687,p8-1x1,Yellow,#F4EE2A,33,1687,48.0,16.0,158.4,0,CONCEPT_NOT_FIT_VALIDATED
DUC-C-01688,p8-1x1,Yellow,#F4EE2A,33,1688,-40.0,24.0,158.4,0,CONCEPT_NOT_FIT_VALIDATED
DUC-C-01689,p8-1x1,Yellow,#F4EE2A,33,1689,-40.0,32.0,158.4,0,CONCEPT_NOT_FIT_VALIDATED
DUC-C-01690,p8-2x2,Yellow,#F4EE2A,33,1690,-28.0,36.0,158.4,0,CONCEPT_NOT_FIT_VALIDATED
DUC-C-01691,p8-2x2,Yellow,#F4EE2A,33,1691,-12.0,36.0,158.4,0,CONCEPT_NOT_FIT_VALIDATED
DUC-C-01692,p8-2x2,Yellow,#F4EE2A,33,1692,4.0,36.0,158.4,0,CONCEPT_NOT_FIT_VALIDATED
DUC-C-01693,p8-2x2,Yellow,#F4EE2A,33,1693,20.0,36.0,158.4,0,CONCEPT_NOT_FIT_VALIDATED
DUC-C-01694,p8-2x1,Yellow,#F4EE2A,33,1694,32.0,36.0,158.4,90,CONCEPT_NOT_FIT_VALIDATED
DUC-C-01695,p8-1x1,Yellow,#F4EE2A,33,1695,40.0,32.0,158.4,0,CONCEPT_NOT_FIT_VALIDATED
DUC-C-01696,p8-2x1,Yellow,#F4EE2A,34,1696,-48.0,-20.0,163.2,90,CONCEPT_NOT_FIT_VALIDATED
DUC-C-01697,p8-2x1,Yellow,#F4EE2A,34,1697,-48.0,-4.0,163.2,90,CONCEPT_NOT_FIT_VALIDATED
DUC-C-01698,p8-1x1,Yellow,#F4EE2A,34,1698,-48.0,8.0,163.2,0,CONCEPT_NOT_FIT_VALIDATED
DUC-C-01699,p8-4x2,Yellow,#F4EE2A,34,1699,-28.0,-36.0,163.2,0,CONCEPT_NOT_FIT_VALIDATED
DUC-C-01700,p8-4x2,Yellow,#F4EE2A,34,1700,-28.0,-20.0,163.2,0,CONCEPT_NOT_FIT_VALIDATED
DUC-C-01701,p8-4x2,Yellow,#F4EE2A,34,1701,-28.0,-4.0,163.2,0,CONCEPT_NOT_FIT_VALIDATED
DUC-C-01702,p8-4x2,Yellow,#F4EE2A,34,1702,-28.0,12.0,163.2,0,CONCEPT_NOT_FIT_VALIDATED
DUC-C-01703,p8-4x1,Yellow,#F4EE2A,34,1703,-28.0,24.0,163.2,0,CONCEPT_NOT_FIT_VALIDATED
DUC-C-01704,p8-3x1,Yellow,#F4EE2A,34,1704,-24.0,-48.0,163.2,0,CONCEPT_NOT_FIT_VALIDATED
DUC-C-01705,p8-3x1,Yellow,#F4EE2A,34,1705,-24.0,32.0,163.2,0,CONCEPT_NOT_FIT_VALIDATED
DUC-C-01706,p8-1x1,Yellow,#F4EE2A,34,1706,-16.0,40.0,163.2,0,CONCEPT_NOT_FIT_VALIDATED
DUC-C-01707,p8-3x2,Yellow,#F4EE2A,34,1707,0.0,-52.0,163.2,0,CONCEPT_NOT_FIT_VALIDATED
DUC-C-01708,p8-4x2,Yellow,#F4EE2A,34,1708,4.0,-36.0,163.2,0,CONCEPT_NOT_FIT_VALIDATED
DUC-C-01709,p8-4x2,Yellow,#F4EE2A,34,1709,4.0,-20.0,163.2,0,CONCEPT_NOT_FIT_VALIDATED
DUC-C-01710,p8-4x2,Yellow,#F4EE2A,34,1710,4.0,-4.0,163.2,0,CONCEPT_NOT_FIT_VALIDATED
DUC-C-01711,p8-4x2,Yellow,#F4EE2A,34,1711,4.0,12.0,163.2,0,CONCEPT_NOT_FIT_VALIDATED
DUC-C-01712,p8-4x2,Yellow,#F4EE2A,34,1712,4.0,28.0,163.2,0,CONCEPT_NOT_FIT_VALIDATED
DUC-C-01713,p8-3x1,Yellow,#F4EE2A,34,1713,0.0,40.0,163.2,0,CONCEPT_NOT_FIT_VALIDATED
DUC-C-01714,p8-1x1,Yellow,#F4EE2A,34,1714,16.0,-48.0,163.2,0,CONCEPT_NOT_FIT_VALIDATED
DUC-C-01715,p8-2x1,Yellow,#F4EE2A,34,1715,28.0,-48.0,163.2,0,CONCEPT_NOT_FIT_VALIDATED
DUC-C-01716,p8-3x2,Yellow,#F4EE2A,34,1716,32.0,-36.0,163.2,0,CONCEPT_NOT_FIT_VALIDATED
DUC-C-01717,p8-4x2,Yellow,#F4EE2A,34,1717,36.0,-20.0,163.2,0,CONCEPT_NOT_FIT_VALIDATED
DUC-C-01718,p8-4x2,Yellow,#F4EE2A,34,1718,36.0,-4.0,163.2,0,CONCEPT_NOT_FIT_VALIDATED
DUC-C-01719,p8-3x2,Yellow,#F4EE2A,34,1719,32.0,12.0,163.2,0,CONCEPT_NOT_FIT_VALIDATED
DUC-C-01720,p8-2x2,Yellow,#F4EE2A,34,1720,28.0,28.0,163.2,0,CONCEPT_NOT_FIT_VALIDATED
DUC-C-01721,p8-1x1,Yellow,#F4EE2A,34,1721,40.0,24.0,163.2,0,CONCEPT_NOT_FIT_VALIDATED
DUC-C-01722,p8-1x1,Yellow,#F4EE2A,34,1722,48.0,8.0,163.2,0,CONCEPT_NOT_FIT_VALIDATED
DUC-C-01723,p8-1x1,Yellow,#F4EE2A,35,1723,-16.0,-48.0,168.0,0,CONCEPT_NOT_FIT_VALIDATED
DUC-C-01724,p8-2x1,Yellow,#F4EE2A,35,1724,-4.0,-48.0,168.0,0,CONCEPT_NOT_FIT_VALIDATED
DUC-C-01725,p8-2x1,Yellow,#F4EE2A,35,1725,12.0,-48.0,168.0,0,CONCEPT_NOT_FIT_VALIDATED
DUC-C-01726,p8-4x1,Yellow,#F4EE2A,35,1726,-32.0,-28.0,168.0,90,CONCEPT_NOT_FIT_VALIDATED
DUC-C-01727,p8-4x2,Yellow,#F4EE2A,35,1727,-20.0,-28.0,168.0,90,CONCEPT_NOT_FIT_VALIDATED
DUC-C-01728,p8-4x2,Yellow,#F4EE2A,35,1728,-4.0,-28.0,168.0,90,CONCEPT_NOT_FIT_VALIDATED
DUC-C-01729,p8-4x2,Yellow,#F4EE2A,35,1729,12.0,-28.0,168.0,90,CONCEPT_NOT_FIT_VALIDATED
DUC-C-01730,p8-4x2,Yellow,#F4EE2A,35,1730,28.0,-28.0,168.0,90,CONCEPT_NOT_FIT_VALIDATED
DUC-C-01731,p8-3x1,Yellow,#F4EE2A,35,1731,-40.0,-24.0,168.0,90,CONCEPT_NOT_FIT_VALIDATED
DUC-C-01732,p8-3x1,Yellow,#F4EE2A,35,1732,40.0,-24.0,168.0,90,CONCEPT_NOT_FIT_VALIDATED
DUC-C-01733,p8-3x2,Yellow,#F4EE2A,35,1733,-36.0,0.0,168.0,90,CONCEPT_NOT_FIT_VALIDATED
DUC-C-01734,p8-4x2,Yellow,#F4EE2A,35,1734,-20.0,4.0,168.0,90,CONCEPT_NOT_FIT_VALIDATED
DUC-C-01735,p8-4x2,Yellow,#F4EE2A,35,1735,-4.0,4.0,168.0,90,CONCEPT_NOT_FIT_VALIDATED
DUC-C-01736,p8-4x2,Yellow,#F4EE2A,35,1736,12.0,4.0,168.0,90,CONCEPT_NOT_FIT_VALIDATED
DUC-C-01737,p8-4x2,Yellow,#F4EE2A,35,1737,28.0,4.0,168.0,90,CONCEPT_NOT_FIT_VALIDATED
DUC-C-01738,p8-3x1,Yellow,#F4EE2A,35,1738,40.0,0.0,168.0,90,CONCEPT_NOT_FIT_VALIDATED
DUC-C-01739,p8-1x1,Yellow,#F4EE2A,35,1739,-32.0,16.0,168.0,0,CONCEPT_NOT_FIT_VALIDATED
DUC-C-01740,p8-1x1,Yellow,#F4EE2A,35,1740,-32.0,24.0,168.0,0,CONCEPT_NOT_FIT_VALIDATED
DUC-C-01741,p8-2x1,Yellow,#F4EE2A,35,1741,-20.0,24.0,168.0,0,CONCEPT_NOT_FIT_VALIDATED
DUC-C-01742,p8-2x2,Yellow,#F4EE2A,35,1742,-4.0,28.0,168.0,0,CONCEPT_NOT_FIT_VALIDATED
DUC-C-01743,p8-2x2,Yellow,#F4EE2A,35,1743,12.0,28.0,168.0,0,CONCEPT_NOT_FIT_VALIDATED
DUC-C-01744,p8-2x1,Yellow,#F4EE2A,35,1744,28.0,24.0,168.0,0,CONCEPT_NOT_FIT_VALIDATED
DUC-C-01745,p8-1x1,Yellow,#F4EE2A,35,1745,-16.0,32.0,168.0,0,CONCEPT_NOT_FIT_VALIDATED
DUC-C-01746,p8-2x1,Yellow,#F4EE2A,36,1746,-28.0,-24.0,172.8,0,CONCEPT_NOT_FIT_VALIDATED
DUC-C-01747,p8-2x2,Yellow,#F4EE2A,36,1747,-28.0,-12.0,172.8,0,CONCEPT_NOT_FIT_VALIDATED
DUC-C-01748,p8-2x2,Yellow,#F4EE2A,36,1748,-28.0,4.0,172.8,0,CONCEPT_NOT_FIT_VALIDATED
DUC-C-01749,p8-1x1,Yellow,#F4EE2A,36,1749,-24.0,-32.0,172.8,0,CONCEPT_NOT_FIT_VALIDATED
DUC-C-01750,p8-1x1,Yellow,#F4EE2A,36,1750,-24.0,16.0,172.8,0,CONCEPT_NOT_FIT_VALIDATED
DUC-C-01751,p8-4x1,Yellow,#F4EE2A,36,1751,-4.0,-40.0,172.8,0,CONCEPT_NOT_FIT_VALIDATED
DUC-C-01752,p8-4x2,Yellow,#F4EE2A,36,1752,-4.0,-28.0,172.8,0,CONCEPT_NOT_FIT_VALIDATED
DUC-C-01753,p8-4x2,Yellow,#F4EE2A,36,1753,-4.0,-12.0,172.8,0,CONCEPT_NOT_FIT_VALIDATED
DUC-C-01754,p8-4x2,Yellow,#F4EE2A,36,1754,-4.0,4.0,172.8,0,CONCEPT_NOT_FIT_VALIDATED
DUC-C-01755,p8-4x2,Yellow,#F4EE2A,36,1755,-4.0,20.0,172.8,0,CONCEPT_NOT_FIT_VALIDATED
DUC-C-01756,p8-2x2,Yellow,#F4EE2A,36,1756,20.0,-28.0,172.8,0,CONCEPT_NOT_FIT_VALIDATED
DUC-C-01757,p8-3x2,Yellow,#F4EE2A,36,1757,24.0,-12.0,172.8,0,CONCEPT_NOT_FIT_VALIDATED
DUC-C-01758,p8-3x2,Yellow,#F4EE2A,36,1758,24.0,4.0,172.8,0,CONCEPT_NOT_FIT_VALIDATED
DUC-C-01759,p8-2x1,Yellow,#F4EE2A,36,1759,20.0,16.0,172.8,0,CONCEPT_NOT_FIT_VALIDATED
DUC-C-01760,p8-1x1,Yellow,#F4EE2A,36,1760,16.0,24.0,172.8,0,CONCEPT_NOT_FIT_VALIDATED
DUC-C-01761,p8-1x1,Yellow,#F4EE2A,36,1761,32.0,-24.0,172.8,0,CONCEPT_NOT_FIT_VALIDATED
DUC-C-01762,p8-2x1,Yellow,#F4EE2A,37,1762,-12.0,-24.0,177.6,0,CONCEPT_NOT_FIT_VALIDATED
DUC-C-01763,p8-2x1,Yellow,#F4EE2A,37,1763,4.0,-24.0,177.6,0,CONCEPT_NOT_FIT_VALIDATED
DUC-C-01764,p8-1x1,Yellow,#F4EE2A,37,1764,16.0,-24.0,177.6,0,CONCEPT_NOT_FIT_VALIDATED
DUC-C-01765,p8-4x2,Yellow,#F4EE2A,37,1765,-12.0,-4.0,177.6,90,CONCEPT_NOT_FIT_VALIDATED
DUC-C-01766,p8-4x2,Yellow,#F4EE2A,37,1766,4.0,-4.0,177.6,90,CONCEPT_NOT_FIT_VALIDATED
DUC-C-01767,p8-4x1,Yellow,#F4EE2A,37,1767,16.0,-4.0,177.6,90,CONCEPT_NOT_FIT_VALIDATED
