part_id,type_id,color,hex,layer,assembly_step,x_mm,y_mm,z_mm,rotation_z_deg,status
MON-B-00001,p6-2x2,Purple,#5E43B7,0,1,-33.0,-21.0,0.0,0,CONCEPT_NOT_FIT_VALIDATED
MON-B-00002,p6-2x2,Purple,#5E43B7,0,2,-33.0,-9.0,0.0,0,CONCEPT_NOT_FIT_VALIDATED
MON-B-00003,p6-2x1,Purple,#5E43B7,0,3,-33.0,0.0,0.0,0,CONCEPT_NOT_FIT_VALIDATED
MON-B-00004,p6-1x1,Purple,#5E43B7,0,4,-30.0,-30.0,0.0,0,CONCEPT_NOT_FIT_VALIDATED
MON-B-00005,p6-1x1,Purple,#5E43B7,0,5,-30.0,6.0,0.0,0,CONCEPT_NOT_FIT_VALIDATED
MON-B-00006,p6-1x1,Purple,#5E43B7,0,6,-30.0,12.0,0.0,0,CONCEPT_NOT_FIT_VALIDATED
MON-B-00007,p6-4x2,Purple,#5E43B7,0,7,-15.0,-33.0,0.0,0,CONCEPT_NOT_FIT_VALIDATED
MON-B-00008,p6-4x2,Purple,#5E43B7,0,8,-15.0,-21.0,0.0,0,CONCEPT_NOT_FIT_VALIDATED
MON-B-00009,p6-4x2,Purple,#5E43B7,0,9,-15.0,-9.0,0.0,0,CONCEPT_NOT_FIT_VALIDATED
MON-B-00010,p6-4x2,Purple,#5E43B7,0,10,-15.0,3.0,0.0,0,CONCEPT_NOT_FIT_VALIDATED
MON-B-00011,p6-4x1,Purple,#5E43B7,0,11,-15.0,12.0,0.0,0,CONCEPT_NOT_FIT_VALIDATED
MON-B-00012,p6-3x1,Purple,#5E43B7,0,12,-12.0,18.0,0.0,0,CONCEPT_NOT_FIT_VALIDATED
MON-B-00013,p6-2x1,Purple,#5E43B7,0,13,-9.0,-42.0,0.0,0,CONCEPT_NOT_FIT_VALIDATED
MON-B-00014,p6-2x1,Purple,#5E43B7,0,14,-9.0,24.0,0.0,0,CONCEPT_NOT_FIT_VALIDATED
MON-B-00015,p6-1x1,Purple,#5E43B7,0,15,0.0,-42.0,0.0,0,CONCEPT_NOT_FIT_VALIDATED
MON-B-00016,p6-4x2,Purple,#5E43B7,0,16,9.0,-33.0,0.0,0,CONCEPT_NOT_FIT_VALIDATED
MON-B-00017,p6-4x2,Purple,#5E43B7,0,17,9.0,-21.0,0.0,0,CONCEPT_NOT_FIT_VALIDATED
MON-B-00018,p6-4x2,Purple,#5E43B7,0,18,9.0,-9.0,0.0,0,CONCEPT_NOT_FIT_VALIDATED
MON-B-00019,p6-4x2,Purple,#5E43B7,0,19,9.0,3.0,0.0,0,CONCEPT_NOT_FIT_VALIDATED
MON-B-00020,p6-4x2,Purple,#5E43B7,0,20,9.0,15.0,0.0,0,CONCEPT_NOT_FIT_VALIDATED
MON-B-00021,p6-2x1,Purple,#5E43B7,0,21,3.0,24.0,0.0,0,CONCEPT_NOT_FIT_VALIDATED
MON-B-00022,p6-2x1,Purple,#5E43B7,0,22,27.0,-30.0,0.0,0,CONCEPT_NOT_FIT_VALIDATED
MON-B-00023,p6-2x2,Purple,#5E43B7,0,23,27.0,-21.0,0.0,0,CONCEPT_NOT_FIT_VALIDATED
MON-B-00024,p6-3x2,Purple,#5E43B7,0,24,30.0,-9.0,0.0,0,CONCEPT_NOT_FIT_VALIDATED
MON-B-00025,p6-2x2,Purple,#5E43B7,0,25,27.0,3.0,0.0,0,CONCEPT_NOT_FIT_VALIDATED
MON-B-00026,p6-1x1,Purple,#5E43B7,0,26,24.0,12.0,0.0,0,CONCEPT_NOT_FIT_VALIDATED
MON-B-00027,p6-1x1,Purple,#5E43B7,0,27,36.0,-18.0,0.0,0,CONCEPT_NOT_FIT_VALIDATED
MON-B-00031,p6-4x2,Purple,#5E43B7,1,28,-21.0,-39.0,3.6,90,CONCEPT_NOT_FIT_VALIDATED
MON-B-00032,p6-4x2,Purple,#5E43B7,1,29,-9.0,-39.0,3.6,90,CONCEPT_NOT_FIT_VALIDATED
MON-B-00033,p6-4x2,Purple,#5E43B7,1,30,3.0,-39.0,3.6,90,CONCEPT_NOT_FIT_VALIDATED
MON-B-00034,p6-4x2,Purple,#5E43B7,1,31,15.0,-39.0,3.6,90,CONCEPT_NOT_FIT_VALIDATED
MON-B-00035,p6-4x1,Purple,#5E43B7,1,32,24.0,-39.0,3.6,90,CONCEPT_NOT_FIT_VALIDATED
MON-B-00036,p6-3x2,Purple,#5E43B7,1,33,-33.0,-36.0,3.6,90,CONCEPT_NOT_FIT_VALIDATED
MON-B-00037,p6-3x1,Purple,#5E43B7,1,34,30.0,-36.0,3.6,90,CONCEPT_NOT_FIT_VALIDATED
MON-B-00043,p6-4x2,Purple,#5E43B7,1,35,-33.0,-15.0,3.6,90,CONCEPT_NOT_FIT_VALIDATED
MON-B-00044,p6-4x2,Purple,#5E43B7,1,36,-21.0,-15.0,3.6,90,CONCEPT_NOT_FIT_VALIDATED
MON-B-00045,p6-4x2,Purple,#5E43B7,1,37,-9.0,-15.0,3.6,90,CONCEPT_NOT_FIT_VALIDATED
MON-B-00046,p6-4x2,Purple,#5E43B7,1,38,3.0,-15.0,3.6,90,CONCEPT_NOT_FIT_VALIDATED
MON-B-00047,p6-4x2,Purple,#5E43B7,1,39,15.0,-15.0,3.6,90,CONCEPT_NOT_FIT_VALIDATED
MON-B-00048,p6-4x2,Purple,#5E43B7,1,40,27.0,-15.0,3.6,90,CONCEPT_NOT_FIT_VALIDATED
MON-B-00049,p6-4x2,Purple,#5E43B7,1,41,39.0,-15.0,3.6,90,CONCEPT_NOT_FIT_VALIDATED
MON-B-00052,p6-4x2,Purple,#5E43B7,1,42,-33.0,9.0,3.6,90,CONCEPT_NOT_FIT_VALIDATED
MON-B-00053,p6-4x2,Purple,#5E43B7,1,43,-21.0,9.0,3.6,90,CONCEPT_NOT_FIT_VALIDATED
MON-B-00054,p6-4x2,Purple,#5E43B7,1,44,-9.0,9.0,3.6,90,CONCEPT_NOT_FIT_VALIDATED
MON-B-00055,p6-4x2,Purple,#5E43B7,1,45,3.0,9.0,3.6,90,CONCEPT_NOT_FIT_VALIDATED
MON-B-00056,p6-4x2,Purple,#5E43B7,1,46,15.0,9.0,3.6,90,CONCEPT_NOT_FIT_VALIDATED
MON-B-00057,p6-4x2,Purple,#5E43B7,1,47,27.0,9.0,3.6,90,CONCEPT_NOT_FIT_VALIDATED
MON-B-00064,p6-2x2,Purple,#5E43B7,1,48,-9.0,27.0,3.6,0,CONCEPT_NOT_FIT_VALIDATED
MON-B-00065,p6-2x2,Purple,#5E43B7,1,49,3.0,27.0,3.6,0,CONCEPT_NOT_FIT_VALIDATED
MON-B-00071,p6-4x1,Purple,#5E43B7,2,50,-45.0,-36.0,7.2,0,CONCEPT_NOT_FIT_VALIDATED
MON-B-00039,p6-2x1,Purple,#5E43B7,1,51,-42.0,-33.0,3.6,90,CONCEPT_NOT_FIT_VALIDATED
MON-B-00072,p6-4x2,Purple,#5E43B7,2,52,-45.0,-27.0,7.2,0,CONCEPT_NOT_FIT_VALIDATED
MON-B-00040,p6-1x1,Purple,#5E43B7,1,53,-48.0,-30.0,3.6,0,CONCEPT_NOT_FIT_VALIDATED
MON-B-00042,p6-4x2,Purple,#5E43B7,1,54,-45.0,-15.0,3.6,90,CONCEPT_NOT_FIT_VALIDATED
MON-B-00073,p6-4x2,Purple,#5E43B7,2,55,-45.0,-15.0,7.2,0,CONCEPT_NOT_FIT_VALIDATED
MON-B-00074,p6-4x2,Purple,#5E43B7,2,56,-45.0,-3.0,7.2,0,CONCEPT_NOT_FIT_VALIDATED
MON-B-00051,p6-2x1,Purple,#5E43B7,1,57,-45.0,0.0,3.6,0,CONCEPT_NOT_FIT_VALIDATED
MON-B-00075,p6-4x2,Purple,#5E43B7,2,58,-45.0,9.0,7.2,0,CONCEPT_NOT_FIT_VALIDATED
MON-B-00060,p6-2x1,Purple,#5E43B7,1,59,-42.0,9.0,3.6,90,CONCEPT_NOT_FIT_VALIDATED
MON-B-00076,p6-3x1,Purple,#5E43B7,2,60,-42.0,-42.0,7.2,0,CONCEPT_NOT_FIT_VALIDATED
MON-B-00077,p6-3x1,Purple,#5E43B7,2,61,-42.0,18.0,7.2,0,CONCEPT_NOT_FIT_VALIDATED
MON-B-00082,p6-4x2,Purple,#5E43B7,2,62,-21.0,-51.0,7.2,0,CONCEPT_NOT_FIT_VALIDATED
MON-B-00028,p6-2x1,Purple,#5E43B7,1,63,-9.0,-54.0,3.6,0,CONCEPT_NOT_FIT_VALIDATED
MON-B-00083,p6-4x2,Purple,#5E43B7,2,64,-21.0,-39.0,7.2,0,CONCEPT_NOT_FIT_VALIDATED
MON-B-00084,p6-4x2,Purple,#5E43B7,2,65,-21.0,-27.0,7.2,0,CONCEPT_NOT_FIT_VALIDATED
MON-B-00085,p6-4x2,Purple,#5E43B7,2,66,-21.0,-15.0,7.2,0,CONCEPT_NOT_FIT_VALIDATED
MON-B-00086,p6-4x2,Purple,#5E43B7,2,67,-21.0,-3.0,7.2,0,CONCEPT_NOT_FIT_VALIDATED
MON-B-00087,p6-4x2,Purple,#5E43B7,2,68,-21.0,9.0,7.2,0,CONCEPT_NOT_FIT_VALIDATED
MON-B-00088,p6-4x2,Purple,#5E43B7,2,69,-21.0,21.0,7.2,0,CONCEPT_NOT_FIT_VALIDATED
MON-B-00062,p6-1x1,Purple,#5E43B7,1,70,-30.0,24.0,3.6,0,CONCEPT_NOT_FIT_VALIDATED
MON-B-00063,p6-2x2,Purple,#5E43B7,1,71,-21.0,27.0,3.6,0,CONCEPT_NOT_FIT_VALIDATED
MON-B-00089,p6-4x2,Purple,#5E43B7,2,72,-21.0,33.0,7.2,0,CONCEPT_NOT_FIT_VALIDATED
MON-B-00093,p6-4x2,Purple,#5E43B7,2,73,3.0,-51.0,7.2,0,CONCEPT_NOT_FIT_VALIDATED
MON-B-00029,p6-2x1,Purple,#5E43B7,1,74,3.0,-54.0,3.6,0,CONCEPT_NOT_FIT_VALIDATED
MON-B-00030,p6-1x1,Purple,#5E43B7,1,75,12.0,-54.0,3.6,0,CONCEPT_NOT_FIT_VALIDATED
MON-B-00094,p6-4x2,Purple,#5E43B7,2,76,3.0,-39.0,7.2,0,CONCEPT_NOT_FIT_VALIDATED
MON-B-00095,p6-4x2,Purple,#5E43B7,2,77,3.0,-27.0,7.2,0,CONCEPT_NOT_FIT_VALIDATED
MON-B-00096,p6-4x2,Purple,#5E43B7,2,78,3.0,-15.0,7.2,0,CONCEPT_NOT_FIT_VALIDATED
MON-B-00097,p6-4x2,Purple,#5E43B7,2,79,3.0,-3.0,7.2,0,CONCEPT_NOT_FIT_VALIDATED
MON-B-00098,p6-4x2,Purple,#5E43B7,2,80,3.0,9.0,7.2,0,CONCEPT_NOT_FIT_VALIDATED
MON-B-00099,p6-4x2,Purple,#5E43B7,2,81,3.0,21.0,7.2,0,CONCEPT_NOT_FIT_VALIDATED
MON-B-00066,p6-2x2,Purple,#5E43B7,1,82,15.0,27.0,3.6,0,CONCEPT_NOT_FIT_VALIDATED
MON-B-00100,p6-4x2,Purple,#5E43B7,2,83,3.0,33.0,7.2,0,CONCEPT_NOT_FIT_VALIDATED
MON-B-00068,p6-1x1,Purple,#5E43B7,1,84,-6.0,36.0,3.6,0,CONCEPT_NOT_FIT_VALIDATED
MON-B-00069,p6-1x1,Purple,#5E43B7,1,85,0.0,36.0,3.6,0,CONCEPT_NOT_FIT_VALIDATED
MON-B-00103,p6-3x2,Purple,#5E43B7,2,86,24.0,-51.0,7.2,0,CONCEPT_NOT_FIT_VALIDATED
MON-B-00104,p6-4x2,Purple,#5E43B7,2,87,27.0,-39.0,7.2,0,CONCEPT_NOT_FIT_VALIDATED
MON-B-00038,p6-3x1,Purple,#5E43B7,1,88,36.0,-36.0,3.6,90,CONCEPT_NOT_FIT_VALIDATED
MON-B-00105,p6-4x2,Purple,#5E43B7,2,89,27.0,-27.0,7.2,0,CONCEPT_NOT_FIT_VALIDATED
MON-B-00106,p6-4x2,Purple,#5E43B7,2,90,27.0,-15.0,7.2,0,CONCEPT_NOT_FIT_VALIDATED
MON-B-00107,p6-4x2,Purple,#5E43B7,2,91,27.0,-3.0,7.2,0,CONCEPT_NOT_FIT_VALIDATED
MON-B-00058,p6-3x2,Purple,#5E43B7,1,92,39.0,6.0,3.6,90,CONCEPT_NOT_FIT_VALIDATED
MON-B-00108,p6-4x2,Purple,#5E43B7,2,93,27.0,9.0,7.2,0,CONCEPT_NOT_FIT_VALIDATED
MON-B-00109,p6-4x2,Purple,#5E43B7,2,94,27.0,21.0,7.2,0,CONCEPT_NOT_FIT_VALIDATED
MON-B-00061,p6-1x1,Purple,#5E43B7,1,95,36.0,18.0,3.6,0,CONCEPT_NOT_FIT_VALIDATED
MON-B-00067,p6-2x1,Purple,#5E43B7,1,96,27.0,24.0,3.6,0,CONCEPT_NOT_FIT_VALIDATED
MON-B-00110,p6-4x1,Purple,#5E43B7,2,97,27.0,30.0,7.2,0,CONCEPT_NOT_FIT_VALIDATED
MON-B-00114,p6-3x2,Purple,#5E43B7,2,98,48.0,-27.0,7.2,0,CONCEPT_NOT_FIT_VALIDATED
MON-B-00041,p6-1x1,Purple,#5E43B7,1,99,42.0,-30.0,3.6,0,CONCEPT_NOT_FIT_VALIDATED
MON-B-00050,p6-4x1,Purple,#5E43B7,1,100,48.0,-15.0,3.6,90,CONCEPT_NOT_FIT_VALIDATED
MON-B-00115,p6-3x2,Purple,#5E43B7,2,101,48.0,-15.0,7.2,0,CONCEPT_NOT_FIT_VALIDATED
MON-B-00116,p6-3x2,Purple,#5E43B7,2,102,48.0,-3.0,7.2,0,CONCEPT_NOT_FIT_VALIDATED
MON-B-00059,p6-1x1,Purple,#5E43B7,1,103,48.0,0.0,3.6,0,CONCEPT_NOT_FIT_VALIDATED
MON-B-00117,p6-2x2,Purple,#5E43B7,2,104,45.0,9.0,7.2,0,CONCEPT_NOT_FIT_VALIDATED
MON-B-00133,p6-4x2,Purple,#5E43B7,3,105,-39.0,-45.0,10.8,90,CONCEPT_NOT_FIT_VALIDATED
MON-B-00078,p6-2x1,Purple,#5E43B7,2,106,-39.0,-48.0,7.2,0,CONCEPT_NOT_FIT_VALIDATED
MON-B-00081,p6-1x1,Purple,#5E43B7,2,107,-36.0,-54.0,7.2,0,CONCEPT_NOT_FIT_VALIDATED
MON-B-00134,p6-4x2,Purple,#5E43B7,3,108,-27.0,-45.0,10.8,90,CONCEPT_NOT_FIT_VALIDATED
MON-B-00135,p6-4x2,Purple,#5E43B7,3,109,-15.0,-45.0,10.8,90,CONCEPT_NOT_FIT_VALIDATED
MON-B-00136,p6-4x2,Purple,#5E43B7,3,110,-3.0,-45.0,10.8,90,CONCEPT_NOT_FIT_VALIDATED
MON-B-00137,p6-4x2,Purple,#5E43B7,3,111,9.0,-45.0,10.8,90,CONCEPT_NOT_FIT_VALIDATED
MON-B-00138,p6-4x2,Purple,#5E43B7,3,112,21.0,-45.0,10.8,90,CONCEPT_NOT_FIT_VALIDATED
MON-B-00139,p6-4x2,Purple,#5E43B7,3,113,33.0,-45.0,10.8,90,CONCEPT_NOT_FIT_VALIDATED
MON-B-00112,p6-1x1,Purple,#5E43B7,2,114,36.0,-48.0,7.2,0,CONCEPT_NOT_FIT_VALIDATED
MON-B-00141,p6-3x2,Purple,#5E43B7,3,115,-51.0,-42.0,10.8,90,CONCEPT_NOT_FIT_VALIDATED
MON-B-00147,p6-4x2,Purple,#5E43B7,3,116,-51.0,-21.0,10.8,90,CONCEPT_NOT_FIT_VALIDATED
MON-B-00148,p6-4x2,Purple,#5E43B7,3,117,-39.0,-21.0,10.8,90,CONCEPT_NOT_FIT_VALIDATED
MON-B-00149,p6-4x2,Purple,#5E43B7,3,118,-27.0,-21.0,10.8,90,CONCEPT_NOT_FIT_VALIDATED
MON-B-00150,p6-4x2,Purple,#5E43B7,3,119,-15.0,-21.0,10.8,90,CONCEPT_NOT_FIT_VALIDATED
MON-B-00151,p6-4x2,Purple,#5E43B7,3,120,-3.0,-21.0,10.8,90,CONCEPT_NOT_FIT_VALIDATED
MON-B-00152,p6-4x2,Purple,#5E43B7,3,121,9.0,-21.0,10.8,90,CONCEPT_NOT_FIT_VALIDATED
MON-B-00153,p6-4x2,Purple,#5E43B7,3,122,21.0,-21.0,10.8,90,CONCEPT_NOT_FIT_VALIDATED
MON-B-00154,p6-4x2,Purple,#5E43B7,3,123,33.0,-21.0,10.8,90,CONCEPT_NOT_FIT_VALIDATED
MON-B-00155,p6-4x2,Purple,#5E43B7,3,124,45.0,-21.0,10.8,90,CONCEPT_NOT_FIT_VALIDATED
MON-B-00156,p6-4x2,Purple,#5E43B7,3,125,57.0,-21.0,10.8,90,CONCEPT_NOT_FIT_VALIDATED
MON-B-00159,p6-4x2,Purple,#5E43B7,3,126,-51.0,3.0,10.8,90,CONCEPT_NOT_FIT_VALIDATED
MON-B-00160,p6-4x2,Purple,#5E43B7,3,127,-39.0,3.0,10.8,90,CONCEPT_NOT_FIT_VALIDATED
MON-B-00161,p6-4x2,Purple,#5E43B7,3,128,-27.0,3.0,10.8,90,CONCEPT_NOT_FIT_VALIDATED
MON-B-00162,p6-4x2,Purple,#5E43B7,3,129,-15.0,3.0,10.8,90,CONCEPT_NOT_FIT_VALIDATED
MON-B-00163,p6-4x2,Purple,#5E43B7,3,130,-3.0,3.0,10.8,90,CONCEPT_NOT_FIT_VALIDATED
MON-B-00164,p6-4x2,Purple,#5E43B7,3,131,9.0,3.0,10.8,90,CONCEPT_NOT_FIT_VALIDATED
MON-B-00165,p6-4x2,Purple,#5E43B7,3,132,21.0,3.0,10.8,90,CONCEPT_NOT_FIT_VALIDATED
MON-B-00166,p6-4x2,Purple,#5E43B7,3,133,33.0,3.0,10.8,90,CONCEPT_NOT_FIT_VALIDATED
MON-B-00167,p6-4x2,Purple,#5E43B7,3,134,45.0,3.0,10.8,90,CONCEPT_NOT_FIT_VALIDATED
MON-B-00168,p6-4x2,Purple,#5E43B7,3,135,57.0,3.0,10.8,90,CONCEPT_NOT_FIT_VALIDATED
MON-B-00121,p6-1x1,Purple,#5E43B7,2,136,54.0,6.0,7.2,0,CONCEPT_NOT_FIT_VALIDATED
MON-B-00170,p6-2x2,Purple,#5E43B7,3,137,-51.0,21.0,10.8,0,CONCEPT_NOT_FIT_VALIDATED
MON-B-00171,p6-4x2,Purple,#5E43B7,3,138,-39.0,27.0,10.8,90,CONCEPT_NOT_FIT_VALIDATED
MON-B-00079,p6-2x1,Purple,#5E43B7,2,139,-39.0,24.0,7.2,0,CONCEPT_NOT_FIT_VALIDATED
MON-B-00080,p6-2x1,Purple,#5E43B7,2,140,-39.0,30.0,7.2,0,CONCEPT_NOT_FIT_VALIDATED
MON-B-00172,p6-4x2,Purple,#5E43B7,3,141,-27.0,27.0,10.8,90,CONCEPT_NOT_FIT_VALIDATED
MON-B-00173,p6-4x2,Purple,#5E43B7,3,142,-15.0,27.0,10.8,90,CONCEPT_NOT_FIT_VALIDATED
MON-B-00174,p6-4x2,Purple,#5E43B7,3,143,-3.0,27.0,10.8,90,CONCEPT_NOT_FIT_VALIDATED
MON-B-00175,p6-4x2,Purple,#5E43B7,3,144,9.0,27.0,10.8,90,CONCEPT_NOT_FIT_VALIDATED
MON-B-00176,p6-4x2,Purple,#5E43B7,3,145,21.0,27.0,10.8,90,CONCEPT_NOT_FIT_VALIDATED
MON-B-00111,p6-2x1,Purple,#5E43B7,2,146,21.0,36.0,7.2,0,CONCEPT_NOT_FIT_VALIDATED
MON-B-00177,p6-4x2,Purple,#5E43B7,3,147,33.0,27.0,10.8,90,CONCEPT_NOT_FIT_VALIDATED
MON-B-00195,p6-4x1,Purple,#5E43B7,4,148,-51.0,-42.0,14.4,0,CONCEPT_NOT_FIT_VALIDATED
MON-B-00196,p6-4x2,Purple,#5E43B7,4,149,-51.0,-33.0,14.4,0,CONCEPT_NOT_FIT_VALIDATED
MON-B-00144,p6-1x1,Purple,#5E43B7,3,150,-60.0,-36.0,10.8,0,CONCEPT_NOT_FIT_VALIDATED
MON-B-00146,p6-4x1,Purple,#5E43B7,3,151,-60.0,-21.0,10.8,90,CONCEPT_NOT_FIT_VALIDATED
MON-B-00070,p6-2x1,Purple,#5E43B7,2,152,-60.0,-15.0,7.2,90,CONCEPT_NOT_FIT_VALIDATED
MON-B-00197,p6-4x2,Purple,#5E43B7,4,153,-51.0,-21.0,14.4,0,CONCEPT_NOT_FIT_VALIDATED
MON-B-00198,p6-4x2,Purple,#5E43B7,4,154,-51.0,-9.0,14.4,0,CONCEPT_NOT_FIT_VALIDATED
MON-B-00158,p6-2x1,Purple,#5E43B7,3,155,-63.0,-6.0,10.8,0,CONCEPT_NOT_FIT_VALIDATED
MON-B-00192,p6-2x1,Purple,#5E43B7,4,156,-66.0,-9.0,14.4,90,CONCEPT_NOT_FIT_VALIDATED
MON-B-00157,p6-2x1,Purple,#5E43B7,3,157,-66.0,-15.0,10.8,90,CONCEPT_NOT_FIT_VALIDATED
MON-B-00191,p6-2x1,Purple,#5E43B7,4,158,-66.0,-21.0,14.4,90,CONCEPT_NOT_FIT_VALIDATED
MON-B-00199,p6-4x2,Purple,#5E43B7,4,159,-51.0,3.0,14.4,0,CONCEPT_NOT_FIT_VALIDATED
MON-B-00169,p6-3x1,Purple,#5E43B7,3,160,-60.0,6.0,10.8,90,CONCEPT_NOT_FIT_VALIDATED
MON-B-00200,p6-4x2,Purple,#5E43B7,4,161,-51.0,15.0,14.4,0,CONCEPT_NOT_FIT_VALIDATED
MON-B-00201,p6-4x1,Purple,#5E43B7,4,162,-51.0,24.0,14.4,0,CONCEPT_NOT_FIT_VALIDATED
MON-B-00202,p6-3x1,Purple,#5E43B7,4,163,-48.0,-54.0,14.4,0,CONCEPT_NOT_FIT_VALIDATED
MON-B-00203,p6-3x1,Purple,#5E43B7,4,164,-48.0,-48.0,14.4,0,CONCEPT_NOT_FIT_VALIDATED
MON-B-00204,p6-3x1,Purple,#5E43B7,4,165,-48.0,30.0,14.4,0,CONCEPT_NOT_FIT_VALIDATED
MON-B-00180,p6-1x1,Purple,#5E43B7,3,166,-48.0,30.0,10.8,0,CONCEPT_NOT_FIT_VALIDATED
MON-B-00205,p6-2x1,Purple,#5E43B7,4,167,-45.0,36.0,14.4,0,CONCEPT_NOT_FIT_VALIDATED
MON-B-00209,p6-4x1,Purple,#5E43B7,4,168,-27.0,-54.0,14.4,0,CONCEPT_NOT_FIT_VALIDATED
MON-B-00210,p6-4x2,Purple,#5E43B7,4,169,-27.0,-45.0,14.4,0,CONCEPT_NOT_FIT_VALIDATED
MON-B-00211,p6-4x2,Purple,#5E43B7,4,170,-27.0,-33.0,14.4,0,CONCEPT_NOT_FIT_VALIDATED
MON-B-00212,p6-4x2,Purple,#5E43B7,4,171,-27.0,-21.0,14.4,0,CONCEPT_NOT_FIT_VALIDATED
MON-B-00213,p6-4x2,Purple,#5E43B7,4,172,-27.0,-9.0,14.4,0,CONCEPT_NOT_FIT_VALIDATED
MON-B-00214,p6-4x2,Purple,#5E43B7,4,173,-27.0,3.0,14.4,0,CONCEPT_NOT_FIT_VALIDATED
MON-B-00215,p6-4x2,Purple,#5E43B7,4,174,-27.0,15.0,14.4,0,CONCEPT_NOT_FIT_VALIDATED
MON-B-00216,p6-4x2,Purple,#5E43B7,4,175,-27.0,27.0,14.4,0,CONCEPT_NOT_FIT_VALIDATED
MON-B-00217,p6-4x2,Purple,#5E43B7,4,176,-27.0,39.0,14.4,0,CONCEPT_NOT_FIT_VALIDATED
MON-B-00182,p6-1x1,Purple,#5E43B7,3,177,-36.0,42.0,10.8,0,CONCEPT_NOT_FIT_VALIDATED
MON-B-00183,p6-2x1,Purple,#5E43B7,3,178,-27.0,42.0,10.8,0,CONCEPT_NOT_FIT_VALIDATED
MON-B-00184,p6-2x2,Purple,#5E43B7,3,179,-15.0,45.0,10.8,0,CONCEPT_NOT_FIT_VALIDATED
MON-B-00091,p6-2x1,Purple,#5E43B7,2,180,-15.0,42.0,7.2,0,CONCEPT_NOT_FIT_VALIDATED
MON-B-00218,p6-4x1,Purple,#5E43B7,4,181,-27.0,48.0,14.4,0,CONCEPT_NOT_FIT_VALIDATED
MON-B-00224,p6-4x2,Purple,#5E43B7,4,182,-3.0,-57.0,14.4,0,CONCEPT_NOT_FIT_VALIDATED
MON-B-00124,p6-2x1,Purple,#5E43B7,3,183,0.0,-63.0,10.8,90,CONCEPT_NOT_FIT_VALIDATED
MON-B-00092,p6-4x1,Purple,#5E43B7,2,184,3.0,-60.0,7.2,0,CONCEPT_NOT_FIT_VALIDATED
MON-B-00128,p6-2x1,Purple,#5E43B7,3,185,-15.0,-60.0,10.8,0,CONCEPT_NOT_FIT_VALIDATED
MON-B-00090,p6-2x1,Purple,#5E43B7,2,186,-15.0,-60.0,7.2,0,CONCEPT_NOT_FIT_VALIDATED
MON-B-00129,p6-1x1,Purple,#5E43B7,3,187,-6.0,-60.0,10.8,0,CONCEPT_NOT_FIT_VALIDATED
MON-B-00130,p6-2x1,Purple,#5E43B7,3,188,9.0,-60.0,10.8,0,CONCEPT_NOT_FIT_VALIDATED
MON-B-00220,p6-3x1,Purple,#5E43B7,4,189,-24.0,-60.0,14.4,0,CONCEPT_NOT_FIT_VALIDATED
MON-B-00127,p6-2x1,Purple,#5E43B7,3,190,-27.0,-60.0,10.8,0,CONCEPT_NOT_FIT_VALIDATED
MON-B-00223,p6-4x1,Purple,#5E43B7,4,191,-3.0,-66.0,14.4,0,CONCEPT_NOT_FIT_VALIDATED
MON-B-00122,p6-1x1,Hot pink,#F5547C,3,192,-12.0,-66.0,10.8,0,CONCEPT_NOT_FIT_VALIDATED
MON-B-00123,p6-1x1,Hot pink,#F5547C,3,193,-6.0,-66.0,10.8,0,CONCEPT_NOT_FIT_VALIDATED
MON-B-00125,p6-2x1,Hot pink,#F5547C,3,194,9.0,-66.0,10.8,0,CONCEPT_NOT_FIT_VALIDATED
MON-B-00225,p6-4x2,Purple,#5E43B7,4,195,-3.0,-45.0,14.4,0,CONCEPT_NOT_FIT_VALIDATED
MON-B-00226,p6-4x2,Purple,#5E43B7,4,196,-3.0,-33.0,14.4,0,CONCEPT_NOT_FIT_VALIDATED
MON-B-00227,p6-4x2,Purple,#5E43B7,4,197,-3.0,-21.0,14.4,0,CONCEPT_NOT_FIT_VALIDATED
MON-B-00228,p6-4x2,Purple,#5E43B7,4,198,-3.0,-9.0,14.4,0,CONCEPT_NOT_FIT_VALIDATED
MON-B-00229,p6-4x2,Purple,#5E43B7,4,199,-3.0,3.0,14.4,0,CONCEPT_NOT_FIT_VALIDATED
MON-B-00230,p6-4x2,Purple,#5E43B7,4,200,-3.0,15.0,14.4,0,CONCEPT_NOT_FIT_VALIDATED
MON-B-00231,p6-4x2,Purple,#5E43B7,4,201,-3.0,27.0,14.4,0,CONCEPT_NOT_FIT_VALIDATED
MON-B-00232,p6-4x2,Purple,#5E43B7,4,202,-3.0,39.0,14.4,0,CONCEPT_NOT_FIT_VALIDATED
MON-B-00185,p6-2x2,Purple,#5E43B7,3,203,-3.0,45.0,10.8,0,CONCEPT_NOT_FIT_VALIDATED
MON-B-00101,p6-4x1,Purple,#5E43B7,2,204,3.0,42.0,7.2,0,CONCEPT_NOT_FIT_VALIDATED
MON-B-00186,p6-2x2,Purple,#5E43B7,3,205,9.0,45.0,10.8,0,CONCEPT_NOT_FIT_VALIDATED
MON-B-00233,p6-4x2,Purple,#5E43B7,4,206,-3.0,51.0,14.4,0,CONCEPT_NOT_FIT_VALIDATED
MON-B-00235,p6-1x1,Purple,#5E43B7,4,207,12.0,-66.0,14.4,0,CONCEPT_NOT_FIT_VALIDATED
MON-B-00236,p6-4x2,Purple,#5E43B7,4,208,21.0,-57.0,14.4,0,CONCEPT_NOT_FIT_VALIDATED
MON-B-00131,p6-2x1,Purple,#5E43B7,3,209,21.0,-60.0,10.8,0,CONCEPT_NOT_FIT_VALIDATED
MON-B-00102,p6-1x1,Purple,#5E43B7,2,210,18.0,-60.0,7.2,0,CONCEPT_NOT_FIT_VALIDATED
MON-B-00132,p6-1x1,Purple,#5E43B7,3,211,30.0,-60.0,10.8,0,CONCEPT_NOT_FIT_VALIDATED
MON-B-00237,p6-4x2,Purple,#5E43B7,4,212,21.0,-45.0,14.4,0,CONCEPT_NOT_FIT_VALIDATED
MON-B-00238,p6-4x2,Purple,#5E43B7,4,213,21.0,-33.0,14.4,0,CONCEPT_NOT_FIT_VALIDATED
MON-B-00239,p6-4x2,Purple,#5E43B7,4,214,21.0,-21.0,14.4,0,CONCEPT_NOT_FIT_VALIDATED
MON-B-00240,p6-4x2,Purple,#5E43B7,4,215,21.0,-9.0,14.4,0,CONCEPT_NOT_FIT_VALIDATED
MON-B-00241,p6-4x2,Purple,#5E43B7,4,216,21.0,3.0,14.4,0,CONCEPT_NOT_FIT_VALIDATED
MON-B-00242,p6-4x2,Purple,#5E43B7,4,217,21.0,15.0,14.4,0,CONCEPT_NOT_FIT_VALIDATED
MON-B-00243,p6-4x2,Purple,#5E43B7,4,218,21.0,27.0,14.4,0,CONCEPT_NOT_FIT_VALIDATED
MON-B-00244,p6-4x2,Purple,#5E43B7,4,219,21.0,39.0,14.4,0,CONCEPT_NOT_FIT_VALIDATED
MON-B-00187,p6-2x1,Purple,#5E43B7,3,220,18.0,45.0,10.8,90,CONCEPT_NOT_FIT_VALIDATED
MON-B-00188,p6-1x1,Purple,#5E43B7,3,221,24.0,42.0,10.8,0,CONCEPT_NOT_FIT_VALIDATED
MON-B-00189,p6-1x1,Purple,#5E43B7,3,222,30.0,42.0,10.8,0,CONCEPT_NOT_FIT_VALIDATED
MON-B-00245,p6-4x1,Purple,#5E43B7,4,223,21.0,48.0,14.4,0,CONCEPT_NOT_FIT_VALIDATED
MON-B-00249,p6-3x1,Purple,#5E43B7,4,224,42.0,-54.0,14.4,0,CONCEPT_NOT_FIT_VALIDATED
MON-B-00140,p6-4x1,Purple,#5E43B7,3,225,42.0,-45.0,10.8,90,CONCEPT_NOT_FIT_VALIDATED
MON-B-00113,p6-2x1,Purple,#5E43B7,2,226,42.0,-39.0,7.2,90,CONCEPT_NOT_FIT_VALIDATED
MON-B-00250,p6-4x2,Purple,#5E43B7,4,227,45.0,-45.0,14.4,0,CONCEPT_NOT_FIT_VALIDATED
MON-B-00142,p6-3x1,Purple,#5E43B7,3,228,48.0,-42.0,10.8,90,CONCEPT_NOT_FIT_VALIDATED
MON-B-00120,p6-1x1,Purple,#5E43B7,2,229,48.0,-36.0,7.2,0,CONCEPT_NOT_FIT_VALIDATED
MON-B-00143,p6-2x1,Purple,#5E43B7,3,230,54.0,-39.0,10.8,90,CONCEPT_NOT_FIT_VALIDATED
MON-B-00251,p6-4x2,Purple,#5E43B7,4,231,45.0,-33.0,14.4,0,CONCEPT_NOT_FIT_VALIDATED
MON-B-00252,p6-4x2,Purple,#5E43B7,4,232,45.0,-21.0,14.4,0,CONCEPT_NOT_FIT_VALIDATED
MON-B-00253,p6-4x2,Purple,#5E43B7,4,233,45.0,-9.0,14.4,0,CONCEPT_NOT_FIT_VALIDATED
MON-B-00254,p6-4x2,Purple,#5E43B7,4,234,45.0,3.0,14.4,0,CONCEPT_NOT_FIT_VALIDATED
MON-B-00255,p6-4x2,Purple,#5E43B7,4,235,45.0,15.0,14.4,0,CONCEPT_NOT_FIT_VALIDATED
MON-B-00178,p6-3x2,Purple,#5E43B7,3,236,45.0,24.0,10.8,90,CONCEPT_NOT_FIT_VALIDATED
MON-B-00118,p6-2x1,Purple,#5E43B7,2,237,45.0,18.0,7.2,0,CONCEPT_NOT_FIT_VALIDATED
MON-B-00119,p6-1x1,Purple,#5E43B7,2,238,42.0,24.0,7.2,0,CONCEPT_NOT_FIT_VALIDATED
MON-B-00179,p6-1x1,Purple,#5E43B7,3,239,54.0,18.0,10.8,0,CONCEPT_NOT_FIT_VALIDATED
MON-B-00256,p6-4x2,Purple,#5E43B7,4,240,45.0,27.0,14.4,0,CONCEPT_NOT_FIT_VALIDATED
MON-B-00257,p6-2x2,Purple,#5E43B7,4,241,39.0,39.0,14.4,0,CONCEPT_NOT_FIT_VALIDATED
MON-B-00181,p6-1x1,Purple,#5E43B7,3,242,42.0,36.0,10.8,0,CONCEPT_NOT_FIT_VALIDATED
MON-B-00260,p6-2x2,Purple,#5E43B7,4,243,63.0,-33.0,14.4,0,CONCEPT_NOT_FIT_VALIDATED
MON-B-00145,p6-1x1,Purple,#5E43B7,3,244,60.0,-36.0,10.8,0,CONCEPT_NOT_FIT_VALIDATED
MON-B-00261,p6-2x2,Purple,#5E43B7,4,245,63.0,-21.0,14.4,0,CONCEPT_NOT_FIT_VALIDATED
MON-B-00262,p6-2x2,Purple,#5E43B7,4,246,63.0,-9.0,14.4,0,CONCEPT_NOT_FIT_VALIDATED
MON-B-00263,p6-2x2,Purple,#5E43B7,4,247,63.0,3.0,14.4,0,CONCEPT_NOT_FIT_VALIDATED
MON-B-00264,p6-2x1,Purple,#5E43B7,4,248,63.0,12.0,14.4,0,CONCEPT_NOT_FIT_VALIDATED
MON-B-00277,p6-2x1,Purple,#5E43B7,5,249,-9.0,-66.0,18.0,0,CONCEPT_NOT_FIT_VALIDATED
MON-B-00278,p6-2x1,Purple,#5E43B7,5,250,3.0,-66.0,18.0,0,CONCEPT_NOT_FIT_VALIDATED
MON-B-00279,p6-2x1,Purple,#5E43B7,5,251,15.0,-66.0,18.0,0,CONCEPT_NOT_FIT_VALIDATED
MON-B-00247,p6-3x1,Hot pink,#F5547C,4,252,24.0,-66.0,14.4,0,CONCEPT_NOT_FIT_VALIDATED
MON-B-00280,p6-1x1,Purple,#5E43B7,5,253,24.0,-66.0,18.0,0,CONCEPT_NOT_FIT_VALIDATED
MON-B-00281,p6-1x1,Hot pink,#F5547C,5,254,30.0,-66.0,18.0,0,CONCEPT_NOT_FIT_VALIDATED
MON-B-00284,p6-4x1,Purple,#5E43B7,5,255,-42.0,-51.0,18.0,90,CONCEPT_NOT_FIT_VALIDATED
MON-B-00206,p6-1x1,Purple,#5E43B7,4,256,-42.0,-60.0,14.4,0,CONCEPT_NOT_FIT_VALIDATED
MON-B-00285,p6-4x2,Purple,#5E43B7,5,257,-33.0,-51.0,18.0,90,CONCEPT_NOT_FIT_VALIDATED
MON-B-00208,p6-1x1,Hot pink,#F5547C,4,258,-36.0,-60.0,14.4,0,CONCEPT_NOT_FIT_VALIDATED
MON-B-00126,p6-1x1,Purple,#5E43B7,3,259,-36.0,-60.0,10.8,0,CONCEPT_NOT_FIT_VALIDATED
MON-B-00286,p6-4x2,Purple,#5E43B7,5,260,-21.0,-51.0,18.0,90,CONCEPT_NOT_FIT_VALIDATED
MON-B-00287,p6-4x2,Purple,#5E43B7,5,261,-9.0,-51.0,18.0,90,CONCEPT_NOT_FIT_VALIDATED
MON-B-00288,p6-4x2,Purple,#5E43B7,5,262,3.0,-51.0,18.0,90,CONCEPT_NOT_FIT_VALIDATED
MON-B-00289,p6-4x2,Purple,#5E43B7,5,263,15.0,-51.0,18.0,90,CONCEPT_NOT_FIT_VALIDATED
MON-B-00290,p6-4x2,Purple,#5E43B7,5,264,27.0,-51.0,18.0,90,CONCEPT_NOT_FIT_VALIDATED
MON-B-00291,p6-4x1,Purple,#5E43B7,5,265,36.0,-51.0,18.0,90,CONCEPT_NOT_FIT_VALIDATED
MON-B-00248,p6-1x1,Hot pink,#F5547C,4,266,36.0,-60.0,14.4,0,CONCEPT_NOT_FIT_VALIDATED
MON-B-00294,p6-3x1,Purple,#5E43B7,5,267,-54.0,-48.0,18.0,90,CONCEPT_NOT_FIT_VALIDATED
MON-B-00295,p6-3x1,Purple,#5E43B7,5,268,-48.0,-48.0,18.0,90,CONCEPT_NOT_FIT_VALIDATED
MON-B-00296,p6-3x1,Purple,#5E43B7,5,269,42.0,-48.0,18.0,90,CONCEPT_NOT_FIT_VALIDATED
MON-B-00297,p6-3x2,Purple,#5E43B7,5,270,51.0,-48.0,18.0,90,CONCEPT_NOT_FIT_VALIDATED
MON-B-00298,p6-2x1,Purple,#5E43B7,5,271,-60.0,-45.0,18.0,90,CONCEPT_NOT_FIT_VALIDATED
MON-B-00302,p6-4x1,Purple,#5E43B7,5,272,-66.0,-27.0,18.0,90,CONCEPT_NOT_FIT_VALIDATED
MON-B-00190,p6-2x1,Purple,#5E43B7,4,273,-66.0,-33.0,14.4,90,CONCEPT_NOT_FIT_VALIDATED
MON-B-00303,p6-4x2,Purple,#5E43B7,5,274,-57.0,-27.0,18.0,90,CONCEPT_NOT_FIT_VALIDATED
MON-B-00304,p6-4x2,Purple,#5E43B7,5,275,-45.0,-27.0,18.0,90,CONCEPT_NOT_FIT_VALIDATED
MON-B-00305,p6-4x2,Purple,#5E43B7,5,276,-33.0,-27.0,18.0,90,CONCEPT_NOT_FIT_VALIDATED
MON-B-00306,p6-4x2,Purple,#5E43B7,5,277,-21.0,-27.0,18.0,90,CONCEPT_NOT_FIT_VALIDATED
MON-B-00307,p6-4x2,Purple,#5E43B7,5,278,-9.0,-27.0,18.0,90,CONCEPT_NOT_FIT_VALIDATED
MON-B-00308,p6-4x2,Purple,#5E43B7,5,279,3.0,-27.0,18.0,90,CONCEPT_NOT_FIT_VALIDATED
MON-B-00309,p6-4x2,Purple,#5E43B7,5,280,15.0,-27.0,18.0,90,CONCEPT_NOT_FIT_VALIDATED
MON-B-00310,p6-4x2,Purple,#5E43B7,5,281,27.0,-27.0,18.0,90,CONCEPT_NOT_FIT_VALIDATED
MON-B-00311,p6-4x2,Purple,#5E43B7,5,282,39.0,-27.0,18.0,90,CONCEPT_NOT_FIT_VALIDATED
MON-B-00312,p6-4x2,Purple,#5E43B7,5,283,51.0,-27.0,18.0,90,CONCEPT_NOT_FIT_VALIDATED
MON-B-00313,p6-4x2,Purple,#5E43B7,5,284,63.0,-27.0,18.0,90,CONCEPT_NOT_FIT_VALIDATED
MON-B-00316,p6-4x2,Purple,#5E43B7,5,285,-69.0,-3.0,18.0,90,CONCEPT_NOT_FIT_VALIDATED
MON-B-00193,p6-2x1,Purple,#5E43B7,4,286,-66.0,3.0,14.4,90,CONCEPT_NOT_FIT_VALIDATED
MON-B-00317,p6-4x2,Purple,#5E43B7,5,287,-57.0,-3.0,18.0,90,CONCEPT_NOT_FIT_VALIDATED
MON-B-00318,p6-4x2,Purple,#5E43B7,5,288,-45.0,-3.0,18.0,90,CONCEPT_NOT_FIT_VALIDATED
MON-B-00319,p6-4x2,Purple,#5E43B7,5,289,-33.0,-3.0,18.0,90,CONCEPT_NOT_FIT_VALIDATED
MON-B-00320,p6-4x2,Purple,#5E43B7,5,290,-21.0,-3.0,18.0,90,CONCEPT_NOT_FIT_VALIDATED
MON-B-00321,p6-4x2,Purple,#5E43B7,5,291,-9.0,-3.0,18.0,90,CONCEPT_NOT_FIT_VALIDATED
MON-B-00322,p6-4x2,Purple,#5E43B7,5,292,3.0,-3.0,18.0,90,CONCEPT_NOT_FIT_VALIDATED
MON-B-00323,p6-4x2,Purple,#5E43B7,5,293,15.0,-3.0,18.0,90,CONCEPT_NOT_FIT_VALIDATED
MON-B-00324,p6-4x2,Purple,#5E43B7,5,294,27.0,-3.0,18.0,90,CONCEPT_NOT_FIT_VALIDATED
MON-B-00325,p6-4x2,Purple,#5E43B7,5,295,39.0,-3.0,18.0,90,CONCEPT_NOT_FIT_VALIDATED
MON-B-00326,p6-4x2,Purple,#5E43B7,5,296,51.0,-3.0,18.0,90,CONCEPT_NOT_FIT_VALIDATED
MON-B-00327,p6-4x2,Purple,#5E43B7,5,297,63.0,-3.0,18.0,90,CONCEPT_NOT_FIT_VALIDATED
MON-B-00330,p6-4x2,Purple,#5E43B7,5,298,-57.0,21.0,18.0,90,CONCEPT_NOT_FIT_VALIDATED
MON-B-00331,p6-4x2,Purple,#5E43B7,5,299,-45.0,21.0,18.0,90,CONCEPT_NOT_FIT_VALIDATED
MON-B-00332,p6-4x2,Purple,#5E43B7,5,300,-33.0,21.0,18.0,90,CONCEPT_NOT_FIT_VALIDATED
MON-B-00333,p6-4x2,Purple,#5E43B7,5,301,-21.0,21.0,18.0,90,CONCEPT_NOT_FIT_VALIDATED
MON-B-00334,p6-4x2,Purple,#5E43B7,5,302,-9.0,21.0,18.0,90,CONCEPT_NOT_FIT_VALIDATED
MON-B-00335,p6-4x2,Purple,#5E43B7,5,303,3.0,21.0,18.0,90,CONCEPT_NOT_FIT_VALIDATED
MON-B-00336,p6-4x2,Purple,#5E43B7,5,304,15.0,21.0,18.0,90,CONCEPT_NOT_FIT_VALIDATED
MON-B-00337,p6-4x2,Purple,#5E43B7,5,305,27.0,21.0,18.0,90,CONCEPT_NOT_FIT_VALIDATED
MON-B-00338,p6-4x2,Purple,#5E43B7,5,306,39.0,21.0,18.0,90,CONCEPT_NOT_FIT_VALIDATED
MON-B-00339,p6-4x2,Purple,#5E43B7,5,307,51.0,21.0,18.0,90,CONCEPT_NOT_FIT_VALIDATED
MON-B-00340,p6-4x1,Purple,#5E43B7,5,308,60.0,21.0,18.0,90,CONCEPT_NOT_FIT_VALIDATED
MON-B-00265,p6-1x1,Purple,#5E43B7,4,309,60.0,18.0,14.4,0,CONCEPT_NOT_FIT_VALIDATED
MON-B-00266,p6-1x1,Purple,#5E43B7,4,310,60.0,24.0,14.4,0,CONCEPT_NOT_FIT_VALIDATED
MON-B-00341,p6-2x1,Purple,#5E43B7,5,311,66.0,15.0,18.0,90,CONCEPT_NOT_FIT_VALIDATED
MON-B-00344,p6-2x2,Purple,#5E43B7,5,312,-45.0,39.0,18.0,0,CONCEPT_NOT_FIT_VALIDATED
MON-B-00207,p6-1x1,Purple,#5E43B7,4,313,-42.0,42.0,14.4,0,CONCEPT_NOT_FIT_VALIDATED
MON-B-00345,p6-3x2,Purple,#5E43B7,5,314,-33.0,42.0,18.0,90,CONCEPT_NOT_FIT_VALIDATED
MON-B-00346,p6-4x2,Purple,#5E43B7,5,315,-21.0,45.0,18.0,90,CONCEPT_NOT_FIT_VALIDATED
MON-B-00221,p6-1x1,Purple,#5E43B7,4,316,-18.0,54.0,14.4,0,CONCEPT_NOT_FIT_VALIDATED
MON-B-00347,p6-4x2,Purple,#5E43B7,5,317,-9.0,45.0,18.0,90,CONCEPT_NOT_FIT_VALIDATED
MON-B-00348,p6-4x2,Purple,#5E43B7,5,318,3.0,45.0,18.0,90,CONCEPT_NOT_FIT_VALIDATED
MON-B-00349,p6-4x2,Purple,#5E43B7,5,319,15.0,45.0,18.0,90,CONCEPT_NOT_FIT_VALIDATED
MON-B-00246,p6-2x1,Purple,#5E43B7,4,320,15.0,54.0,14.4,0,CONCEPT_NOT_FIT_VALIDATED
MON-B-00350,p6-4x2,Purple,#5E43B7,5,321,27.0,45.0,18.0,90,CONCEPT_NOT_FIT_VALIDATED
MON-B-00351,p6-3x2,Purple,#5E43B7,5,322,39.0,42.0,18.0,90,CONCEPT_NOT_FIT_VALIDATED
MON-B-00362,p6-2x2,Purple,#5E43B7,6,323,-75.0,-15.0,21.6,0,CONCEPT_NOT_FIT_VALIDATED
MON-B-00314,p6-3x1,Purple,#5E43B7,5,324,-72.0,-24.0,18.0,90,CONCEPT_NOT_FIT_VALIDATED
MON-B-00361,p6-2x1,Purple,#5E43B7,6,325,-75.0,-24.0,21.6,0,CONCEPT_NOT_FIT_VALIDATED
MON-B-00363,p6-2x2,Purple,#5E43B7,6,326,-75.0,-3.0,21.6,0,CONCEPT_NOT_FIT_VALIDATED
MON-B-00365,p6-1x1,Purple,#5E43B7,6,327,-72.0,-30.0,21.6,0,CONCEPT_NOT_FIT_VALIDATED
MON-B-00366,p6-2x1,Purple,#5E43B7,6,328,-72.0,9.0,21.6,90,CONCEPT_NOT_FIT_VALIDATED
MON-B-00329,p6-2x1,Purple,#5E43B7,5,329,-69.0,12.0,18.0,0,CONCEPT_NOT_FIT_VALIDATED
MON-B-00194,p6-1x1,Purple,#5E43B7,4,330,-66.0,12.0,14.4,0,CONCEPT_NOT_FIT_VALIDATED
MON-B-00368,p6-4x1,Purple,#5E43B7,6,331,-57.0,-48.0,21.6,0,CONCEPT_NOT_FIT_VALIDATED
MON-B-00369,p6-4x2,Purple,#5E43B7,6,332,-57.0,-39.0,21.6,0,CONCEPT_NOT_FIT_VALIDATED
MON-B-00300,p6-1x1,Purple,#5E43B7,5,333,-66.0,-42.0,18.0,0,CONCEPT_NOT_FIT_VALIDATED
MON-B-00370,p6-4x2,Purple,#5E43B7,6,334,-57.0,-27.0,21.6,0,CONCEPT_NOT_FIT_VALIDATED
MON-B-00371,p6-4x2,Purple,#5E43B7,6,335,-57.0,-15.0,21.6,0,CONCEPT_NOT_FIT_VALIDATED
MON-B-00372,p6-4x2,Purple,#5E43B7,6,336,-57.0,-3.0,21.6,0,CONCEPT_NOT_FIT_VALIDATED
MON-B-00373,p6-4x2,Purple,#5E43B7,6,337,-57.0,9.0,21.6,0,CONCEPT_NOT_FIT_VALIDATED
MON-B-00374,p6-4x2,Purple,#5E43B7,6,338,-57.0,21.0,21.6,0,CONCEPT_NOT_FIT_VALIDATED
MON-B-00342,p6-2x1,Purple,#5E43B7,5,339,-66.0,21.0,18.0,90,CONCEPT_NOT_FIT_VALIDATED
MON-B-00375,p6-4x1,Purple,#5E43B7,6,340,-57.0,30.0,21.6,0,CONCEPT_NOT_FIT_VALIDATED
MON-B-00376,p6-3x1,Purple,#5E43B7,6,341,-54.0,-54.0,21.6,0,CONCEPT_NOT_FIT_VALIDATED
MON-B-00377,p6-3x1,Purple,#5E43B7,6,342,-54.0,36.0,21.6,0,CONCEPT_NOT_FIT_VALIDATED
MON-B-00343,p6-2x1,Purple,#5E43B7,5,343,-57.0,36.0,18.0,0,CONCEPT_NOT_FIT_VALIDATED
MON-B-00378,p6-3x1,Purple,#5E43B7,6,344,-54.0,42.0,21.6,0,CONCEPT_NOT_FIT_VALIDATED
MON-B-00354,p6-1x1,Purple,#5E43B7,5,345,-54.0,42.0,18.0,0,CONCEPT_NOT_FIT_VALIDATED
MON-B-00384,p6-4x1,Purple,#5E43B7,6,346,-33.0,-60.0,21.6,0,CONCEPT_NOT_FIT_VALIDATED
MON-B-00385,p6-4x2,Purple,#5E43B7,6,347,-33.0,-51.0,21.6,0,CONCEPT_NOT_FIT_VALIDATED
MON-B-00386,p6-4x2,Purple,#5E43B7,6,348,-33.0,-39.0,21.6,0,CONCEPT_NOT_FIT_VALIDATED
MON-B-00387,p6-4x2,Purple,#5E43B7,6,349,-33.0,-27.0,21.6,0,CONCEPT_NOT_FIT_VALIDATED
MON-B-00388,p6-4x2,Purple,#5E43B7,6,350,-33.0,-15.0,21.6,0,CONCEPT_NOT_FIT_VALIDATED
MON-B-00389,p6-4x2,Purple,#5E43B7,6,351,-33.0,-3.0,21.6,0,CONCEPT_NOT_FIT_VALIDATED
MON-B-00390,p6-4x2,Purple,#5E43B7,6,352,-33.0,9.0,21.6,0,CONCEPT_NOT_FIT_VALIDATED
MON-B-00391,p6-4x2,Purple,#5E43B7,6,353,-33.0,21.0,21.6,0,CONCEPT_NOT_FIT_VALIDATED
MON-B-00392,p6-4x2,Purple,#5E43B7,6,354,-33.0,33.0,21.6,0,CONCEPT_NOT_FIT_VALIDATED
MON-B-00393,p6-4x2,Purple,#5E43B7,6,355,-33.0,45.0,21.6,0,CONCEPT_NOT_FIT_VALIDATED
MON-B-00355,p6-1x1,Purple,#5E43B7,5,356,-42.0,48.0,18.0,0,CONCEPT_NOT_FIT_VALIDATED
MON-B-00394,p6-4x1,Purple,#5E43B7,6,357,-33.0,54.0,21.6,0,CONCEPT_NOT_FIT_VALIDATED
MON-B-00356,p6-1x1,Purple,#5E43B7,5,358,-30.0,54.0,18.0,0,CONCEPT_NOT_FIT_VALIDATED
MON-B-00400,p6-4x2,Purple,#5E43B7,6,359,-9.0,-63.0,21.6,0,CONCEPT_NOT_FIT_VALIDATED
MON-B-00276,p6-2x1,Purple,#5E43B7,5,360,-21.0,-66.0,18.0,0,CONCEPT_NOT_FIT_VALIDATED
MON-B-00219,p6-3x1,Hot pink,#F5547C,4,361,-24.0,-66.0,14.4,0,CONCEPT_NOT_FIT_VALIDATED
MON-B-00275,p6-1x1,Purple,#5E43B7,5,362,-30.0,-66.0,18.0,0,CONCEPT_NOT_FIT_VALIDATED
MON-B-00396,p6-3x1,Purple,#5E43B7,6,363,-30.0,-66.0,21.6,0,CONCEPT_NOT_FIT_VALIDATED
MON-B-00274,p6-1x1,Hot pink,#F5547C,5,364,-36.0,-66.0,18.0,0,CONCEPT_NOT_FIT_VALIDATED
MON-B-00401,p6-4x2,Purple,#5E43B7,6,365,-9.0,-51.0,21.6,0,CONCEPT_NOT_FIT_VALIDATED
MON-B-00402,p6-4x2,Purple,#5E43B7,6,366,-9.0,-39.0,21.6,0,CONCEPT_NOT_FIT_VALIDATED
MON-B-00403,p6-4x2,Purple,#5E43B7,6,367,-9.0,-27.0,21.6,0,CONCEPT_NOT_FIT_VALIDATED
MON-B-00404,p6-4x2,Purple,#5E43B7,6,368,-9.0,-15.0,21.6,0,CONCEPT_NOT_FIT_VALIDATED
MON-B-00405,p6-4x2,Purple,#5E43B7,6,369,-9.0,-3.0,21.6,0,CONCEPT_NOT_FIT_VALIDATED
MON-B-00406,p6-4x2,Purple,#5E43B7,6,370,-9.0,9.0,21.6,0,CONCEPT_NOT_FIT_VALIDATED
MON-B-00407,p6-4x2,Purple,#5E43B7,6,371,-9.0,21.0,21.6,0,CONCEPT_NOT_FIT_VALIDATED
MON-B-00408,p6-4x2,Purple,#5E43B7,6,372,-9.0,33.0,21.6,0,CONCEPT_NOT_FIT_VALIDATED
MON-B-00409,p6-4x2,Purple,#5E43B7,6,373,-9.0,45.0,21.6,0,CONCEPT_NOT_FIT_VALIDATED
MON-B-00410,p6-4x2,Purple,#5E43B7,6,374,-9.0,57.0,21.6,0,CONCEPT_NOT_FIT_VALIDATED
MON-B-00357,p6-1x1,Purple,#5E43B7,5,375,-18.0,60.0,18.0,0,CONCEPT_NOT_FIT_VALIDATED
MON-B-00358,p6-2x1,Purple,#5E43B7,5,376,-9.0,60.0,18.0,0,CONCEPT_NOT_FIT_VALIDATED
MON-B-00359,p6-2x1,Purple,#5E43B7,5,377,3.0,60.0,18.0,0,CONCEPT_NOT_FIT_VALIDATED
MON-B-00413,p6-4x2,Purple,#5E43B7,6,378,15.0,-63.0,21.6,0,CONCEPT_NOT_FIT_VALIDATED
MON-B-00414,p6-4x2,Purple,#5E43B7,6,379,15.0,-51.0,21.6,0,CONCEPT_NOT_FIT_VALIDATED
MON-B-00415,p6-4x2,Purple,#5E43B7,6,380,15.0,-39.0,21.6,0,CONCEPT_NOT_FIT_VALIDATED
MON-B-00416,p6-4x2,Purple,#5E43B7,6,381,15.0,-27.0,21.6,0,CONCEPT_NOT_FIT_VALIDATED
MON-B-00417,p6-4x2,Purple,#5E43B7,6,382,15.0,-15.0,21.6,0,CONCEPT_NOT_FIT_VALIDATED
MON-B-00418,p6-4x2,Purple,#5E43B7,6,383,15.0,-3.0,21.6,0,CONCEPT_NOT_FIT_VALIDATED
MON-B-00419,p6-4x2,Purple,#5E43B7,6,384,15.0,9.0,21.6,0,CONCEPT_NOT_FIT_VALIDATED
MON-B-00420,p6-4x2,Purple,#5E43B7,6,385,15.0,21.0,21.6,0,CONCEPT_NOT_FIT_VALIDATED
MON-B-00421,p6-4x2,Purple,#5E43B7,6,386,15.0,33.0,21.6,0,CONCEPT_NOT_FIT_VALIDATED
MON-B-00422,p6-4x2,Purple,#5E43B7,6,387,15.0,45.0,21.6,0,CONCEPT_NOT_FIT_VALIDATED
MON-B-00423,p6-4x2,Purple,#5E43B7,6,388,15.0,57.0,21.6,0,CONCEPT_NOT_FIT_VALIDATED
MON-B-00360,p6-1x1,Purple,#5E43B7,5,389,12.0,60.0,18.0,0,CONCEPT_NOT_FIT_VALIDATED
MON-B-00426,p6-2x1,Purple,#5E43B7,6,390,30.0,-63.0,21.6,90,CONCEPT_NOT_FIT_VALIDATED
MON-B-00427,p6-4x2,Purple,#5E43B7,6,391,39.0,-51.0,21.6,0,CONCEPT_NOT_FIT_VALIDATED
MON-B-00428,p6-4x2,Purple,#5E43B7,6,392,39.0,-39.0,21.6,0,CONCEPT_NOT_FIT_VALIDATED
MON-B-00429,p6-4x2,Purple,#5E43B7,6,393,39.0,-27.0,21.6,0,CONCEPT_NOT_FIT_VALIDATED
MON-B-00430,p6-4x2,Purple,#5E43B7,6,394,39.0,-15.0,21.6,0,CONCEPT_NOT_FIT_VALIDATED
MON-B-00431,p6-4x2,Purple,#5E43B7,6,395,39.0,-3.0,21.6,0,CONCEPT_NOT_FIT_VALIDATED
MON-B-00432,p6-4x2,Purple,#5E43B7,6,396,39.0,9.0,21.6,0,CONCEPT_NOT_FIT_VALIDATED
MON-B-00433,p6-4x2,Purple,#5E43B7,6,397,39.0,21.0,21.6,0,CONCEPT_NOT_FIT_VALIDATED
MON-B-00434,p6-4x2,Purple,#5E43B7,6,398,39.0,33.0,21.6,0,CONCEPT_NOT_FIT_VALIDATED
MON-B-00352,p6-2x1,Purple,#5E43B7,5,399,48.0,39.0,18.0,90,CONCEPT_NOT_FIT_VALIDATED
MON-B-00258,p6-1x1,Purple,#5E43B7,4,400,48.0,36.0,14.4,0,CONCEPT_NOT_FIT_VALIDATED
MON-B-00435,p6-4x2,Purple,#5E43B7,6,401,39.0,45.0,21.6,0,CONCEPT_NOT_FIT_VALIDATED
MON-B-00436,p6-3x1,Purple,#5E43B7,6,402,36.0,54.0,21.6,0,CONCEPT_NOT_FIT_VALIDATED
MON-B-00438,p6-2x1,Purple,#5E43B7,6,403,39.0,-60.0,21.6,0,CONCEPT_NOT_FIT_VALIDATED
MON-B-00292,p6-1x1,Hot pink,#F5547C,5,404,42.0,-60.0,18.0,0,CONCEPT_NOT_FIT_VALIDATED
MON-B-00441,p6-2x2,Purple,#5E43B7,6,405,57.0,-51.0,21.6,0,CONCEPT_NOT_FIT_VALIDATED
MON-B-00299,p6-2x1,Purple,#5E43B7,5,406,60.0,-45.0,18.0,90,CONCEPT_NOT_FIT_VALIDATED
MON-B-00259,p6-1x1,Purple,#5E43B7,4,407,60.0,-42.0,14.4,0,CONCEPT_NOT_FIT_VALIDATED
MON-B-00442,p6-3x2,Purple,#5E43B7,6,408,60.0,-39.0,21.6,0,CONCEPT_NOT_FIT_VALIDATED
MON-B-00301,p6-1x1,Purple,#5E43B7,5,409,66.0,-42.0,18.0,0,CONCEPT_NOT_FIT_VALIDATED
MON-B-00443,p6-4x2,Purple,#5E43B7,6,410,63.0,-27.0,21.6,0,CONCEPT_NOT_FIT_VALIDATED
MON-B-00315,p6-2x1,Purple,#5E43B7,5,411,72.0,-21.0,18.0,90,CONCEPT_NOT_FIT_VALIDATED
MON-B-00444,p6-4x2,Purple,#5E43B7,6,412,63.0,-15.0,21.6,0,CONCEPT_NOT_FIT_VALIDATED
MON-B-00328,p6-4x1,Purple,#5E43B7,5,413,72.0,-3.0,18.0,90,CONCEPT_NOT_FIT_VALIDATED
MON-B-00445,p6-4x2,Purple,#5E43B7,6,414,63.0,-3.0,21.6,0,CONCEPT_NOT_FIT_VALIDATED
MON-B-00446,p6-4x2,Purple,#5E43B7,6,415,63.0,9.0,21.6,0,CONCEPT_NOT_FIT_VALIDATED
MON-B-00447,p6-3x2,Purple,#5E43B7,6,416,60.0,21.0,21.6,0,CONCEPT_NOT_FIT_VALIDATED
MON-B-00448,p6-2x2,Purple,#5E43B7,6,417,57.0,33.0,21.6,0,CONCEPT_NOT_FIT_VALIDATED
MON-B-00353,p6-1x1,Purple,#5E43B7,5,418,54.0,36.0,18.0,0,CONCEPT_NOT_FIT_VALIDATED
MON-B-00468,p6-4x2,Purple,#5E43B7,7,419,-39.0,-57.0,25.2,90,CONCEPT_NOT_FIT_VALIDATED
MON-B-00383,p6-1x1,Hot pink,#F5547C,6,420,-42.0,-66.0,21.6,0,CONCEPT_NOT_FIT_VALIDATED
MON-B-00273,p6-1x1,Hot pink,#F5547C,5,421,-42.0,-66.0,18.0,0,CONCEPT_NOT_FIT_VALIDATED
MON-B-00469,p6-4x2,Purple,#5E43B7,7,422,-27.0,-57.0,25.2,90,CONCEPT_NOT_FIT_VALIDATED
MON-B-00470,p6-4x2,Purple,#5E43B7,7,423,-15.0,-57.0,25.2,90,CONCEPT_NOT_FIT_VALIDATED
MON-B-00471,p6-4x2,Purple,#5E43B7,7,424,-3.0,-57.0,25.2,90,CONCEPT_NOT_FIT_VALIDATED
MON-B-00472,p6-4x2,Purple,#5E43B7,7,425,9.0,-57.0,25.2,90,CONCEPT_NOT_FIT_VALIDATED
MON-B-00473,p6-4x2,Purple,#5E43B7,7,426,21.0,-57.0,25.2,90,CONCEPT_NOT_FIT_VALIDATED
MON-B-00474,p6-4x2,Purple,#5E43B7,7,427,33.0,-57.0,25.2,90,CONCEPT_NOT_FIT_VALIDATED
MON-B-00437,p6-2x1,Hot pink,#F5547C,6,428,39.0,-66.0,21.6,0,CONCEPT_NOT_FIT_VALIDATED
MON-B-00282,p6-1x1,Hot pink,#F5547C,5,429,36.0,-66.0,18.0,0,CONCEPT_NOT_FIT_VALIDATED
MON-B-00475,p6-4x1,Purple,#5E43B7,7,430,42.0,-57.0,25.2,90,CONCEPT_NOT_FIT_VALIDATED
MON-B-00478,p6-3x2,Purple,#5E43B7,7,431,-51.0,-54.0,25.2,90,CONCEPT_NOT_FIT_VALIDATED
MON-B-00379,p6-1x1,Hot pink,#F5547C,6,432,-54.0,-60.0,21.6,0,CONCEPT_NOT_FIT_VALIDATED
MON-B-00382,p6-1x1,Purple,#5E43B7,6,433,-48.0,-60.0,21.6,0,CONCEPT_NOT_FIT_VALIDATED
MON-B-00283,p6-1x1,Hot pink,#F5547C,5,434,-48.0,-60.0,18.0,0,CONCEPT_NOT_FIT_VALIDATED
MON-B-00479,p6-3x1,Purple,#5E43B7,7,435,48.0,-54.0,25.2,90,CONCEPT_NOT_FIT_VALIDATED
MON-B-00439,p6-1x1,Hot pink,#F5547C,6,436,48.0,-60.0,21.6,0,CONCEPT_NOT_FIT_VALIDATED
MON-B-00293,p6-1x1,Hot pink,#F5547C,5,437,48.0,-60.0,18.0,0,CONCEPT_NOT_FIT_VALIDATED
MON-B-00481,p6-2x2,Purple,#5E43B7,7,438,-63.0,-51.0,25.2,0,CONCEPT_NOT_FIT_VALIDATED
MON-B-00482,p6-2x1,Purple,#5E43B7,7,439,54.0,-51.0,25.2,90,CONCEPT_NOT_FIT_VALIDATED
MON-B-00483,p6-1x1,Hot pink,#F5547C,7,440,60.0,-54.0,25.2,0,CONCEPT_NOT_FIT_VALIDATED
MON-B-00484,p6-1x1,Purple,#5E43B7,7,441,60.0,-48.0,25.2,0,CONCEPT_NOT_FIT_VALIDATED
MON-B-00486,p6-4x1,Purple,#5E43B7,7,442,-72.0,-33.0,25.2,90,CONCEPT_NOT_FIT_VALIDATED
MON-B-00364,p6-1x1,Purple,#5E43B7,6,443,-72.0,-36.0,21.6,0,CONCEPT_NOT_FIT_VALIDATED
MON-B-00487,p6-4x2,Purple,#5E43B7,7,444,-63.0,-33.0,25.2,90,CONCEPT_NOT_FIT_VALIDATED
MON-B-00488,p6-4x2,Purple,#5E43B7,7,445,-51.0,-33.0,25.2,90,CONCEPT_NOT_FIT_VALIDATED
MON-B-00489,p6-4x2,Purple,#5E43B7,7,446,-39.0,-33.0,25.2,90,CONCEPT_NOT_FIT_VALIDATED
MON-B-00490,p6-4x2,Purple,#5E43B7,7,447,-27.0,-33.0,25.2,90,CONCEPT_NOT_FIT_VALIDATED
MON-B-00491,p6-4x2,Purple,#5E43B7,7,448,-15.0,-33.0,25.2,90,CONCEPT_NOT_FIT_VALIDATED
MON-B-00492,p6-4x2,Purple,#5E43B7,7,449,-3.0,-33.0,25.2,90,CONCEPT_NOT_FIT_VALIDATED
MON-B-00493,p6-4x2,Purple,#5E43B7,7,450,9.0,-33.0,25.2,90,CONCEPT_NOT_FIT_VALIDATED
MON-B-00494,p6-4x2,Purple,#5E43B7,7,451,21.0,-33.0,25.2,90,CONCEPT_NOT_FIT_VALIDATED
MON-B-00495,p6-4x2,Purple,#5E43B7,7,452,33.0,-33.0,25.2,90,CONCEPT_NOT_FIT_VALIDATED
MON-B-00496,p6-4x2,Purple,#5E43B7,7,453,45.0,-33.0,25.2,90,CONCEPT_NOT_FIT_VALIDATED
MON-B-00497,p6-4x2,Purple,#5E43B7,7,454,57.0,-33.0,25.2,90,CONCEPT_NOT_FIT_VALIDATED
MON-B-00498,p6-4x2,Purple,#5E43B7,7,455,69.0,-33.0,25.2,90,CONCEPT_NOT_FIT_VALIDATED
MON-B-00452,p6-1x1,Purple,#5E43B7,6,456,72.0,-36.0,21.6,0,CONCEPT_NOT_FIT_VALIDATED
MON-B-00499,p6-2x1,Purple,#5E43B7,7,457,-78.0,-27.0,25.2,90,CONCEPT_NOT_FIT_VALIDATED
MON-B-00501,p6-4x2,Purple,#5E43B7,7,458,-75.0,-9.0,25.2,90,CONCEPT_NOT_FIT_VALIDATED
MON-B-00502,p6-4x2,Purple,#5E43B7,7,459,-63.0,-9.0,25.2,90,CONCEPT_NOT_FIT_VALIDATED
MON-B-00503,p6-4x2,Purple,#5E43B7,7,460,-51.0,-9.0,25.2,90,CONCEPT_NOT_FIT_VALIDATED
MON-B-00504,p6-4x2,Purple,#5E43B7,7,461,-39.0,-9.0,25.2,90,CONCEPT_NOT_FIT_VALIDATED
MON-B-00505,p6-4x2,Purple,#5E43B7,7,462,-27.0,-9.0,25.2,90,CONCEPT_NOT_FIT_VALIDATED
MON-B-00506,p6-4x2,Purple,#5E43B7,7,463,-15.0,-9.0,25.2,90,CONCEPT_NOT_FIT_VALIDATED
MON-B-00507,p6-4x2,Purple,#5E43B7,7,464,-3.0,-9.0,25.2,90,CONCEPT_NOT_FIT_VALIDATED
MON-B-00508,p6-4x2,Purple,#5E43B7,7,465,9.0,-9.0,25.2,90,CONCEPT_NOT_FIT_VALIDATED
MON-B-00509,p6-4x2,Purple,#5E43B7,7,466,21.0,-9.0,25.2,90,CONCEPT_NOT_FIT_VALIDATED
MON-B-00510,p6-4x2,Purple,#5E43B7,7,467,33.0,-9.0,25.2,90,CONCEPT_NOT_FIT_VALIDATED
MON-B-00511,p6-4x2,Purple,#5E43B7,7,468,45.0,-9.0,25.2,90,CONCEPT_NOT_FIT_VALIDATED
MON-B-00512,p6-4x2,Purple,#5E43B7,7,469,57.0,-9.0,25.2,90,CONCEPT_NOT_FIT_VALIDATED
MON-B-00513,p6-4x2,Purple,#5E43B7,7,470,69.0,-9.0,25.2,90,CONCEPT_NOT_FIT_VALIDATED
MON-B-00515,p6-3x2,Purple,#5E43B7,7,471,-75.0,12.0,25.2,90,CONCEPT_NOT_FIT_VALIDATED
MON-B-00367,p6-2x1,Purple,#5E43B7,6,472,-72.0,21.0,21.6,90,CONCEPT_NOT_FIT_VALIDATED
MON-B-00516,p6-4x2,Purple,#5E43B7,7,473,-63.0,15.0,25.2,90,CONCEPT_NOT_FIT_VALIDATED
MON-B-00517,p6-4x2,Purple,#5E43B7,7,474,-51.0,15.0,25.2,90,CONCEPT_NOT_FIT_VALIDATED
MON-B-00518,p6-4x2,Purple,#5E43B7,7,475,-39.0,15.0,25.2,90,CONCEPT_NOT_FIT_VALIDATED
MON-B-00519,p6-4x2,Purple,#5E43B7,7,476,-27.0,15.0,25.2,90,CONCEPT_NOT_FIT_VALIDATED
MON-B-00520,p6-4x2,Purple,#5E43B7,7,477,-15.0,15.0,25.2,90,CONCEPT_NOT_FIT_VALIDATED
MON-B-00521,p6-4x2,Purple,#5E43B7,7,478,-3.0,15.0,25.2,90,CONCEPT_NOT_FIT_VALIDATED
MON-B-00522,p6-4x2,Purple,#5E43B7,7,479,9.0,15.0,25.2,90,CONCEPT_NOT_FIT_VALIDATED
MON-B-00523,p6-4x2,Purple,#5E43B7,7,480,21.0,15.0,25.2,90,CONCEPT_NOT_FIT_VALIDATED
MON-B-00524,p6-4x2,Purple,#5E43B7,7,481,33.0,15.0,25.2,90,CONCEPT_NOT_FIT_VALIDATED
MON-B-00525,p6-4x2,Purple,#5E43B7,7,482,45.0,15.0,25.2,90,CONCEPT_NOT_FIT_VALIDATED
MON-B-00526,p6-4x2,Purple,#5E43B7,7,483,57.0,15.0,25.2,90,CONCEPT_NOT_FIT_VALIDATED
MON-B-00527,p6-4x2,Purple,#5E43B7,7,484,69.0,15.0,25.2,90,CONCEPT_NOT_FIT_VALIDATED
MON-B-00453,p6-1x1,Purple,#5E43B7,6,485,72.0,18.0,21.6,0,CONCEPT_NOT_FIT_VALIDATED
MON-B-00529,p6-1x1,Purple,#5E43B7,7,486,-72.0,24.0,25.2,0,CONCEPT_NOT_FIT_VALIDATED
MON-B-00531,p6-3x2,Purple,#5E43B7,7,487,-63.0,36.0,25.2,90,CONCEPT_NOT_FIT_VALIDATED
MON-B-00532,p6-4x2,Purple,#5E43B7,7,488,-51.0,39.0,25.2,90,CONCEPT_NOT_FIT_VALIDATED
MON-B-00380,p6-2x1,Purple,#5E43B7,6,489,-51.0,48.0,21.6,0,CONCEPT_NOT_FIT_VALIDATED
MON-B-00533,p6-4x2,Purple,#5E43B7,7,490,-39.0,39.0,25.2,90,CONCEPT_NOT_FIT_VALIDATED
MON-B-00534,p6-4x2,Purple,#5E43B7,7,491,-27.0,39.0,25.2,90,CONCEPT_NOT_FIT_VALIDATED
MON-B-00535,p6-4x2,Purple,#5E43B7,7,492,-15.0,39.0,25.2,90,CONCEPT_NOT_FIT_VALIDATED
MON-B-00536,p6-4x2,Purple,#5E43B7,7,493,-3.0,39.0,25.2,90,CONCEPT_NOT_FIT_VALIDATED
MON-B-00537,p6-4x2,Purple,#5E43B7,7,494,9.0,39.0,25.2,90,CONCEPT_NOT_FIT_VALIDATED
MON-B-00538,p6-4x2,Purple,#5E43B7,7,495,21.0,39.0,25.2,90,CONCEPT_NOT_FIT_VALIDATED
MON-B-00539,p6-4x2,Purple,#5E43B7,7,496,33.0,39.0,25.2,90,CONCEPT_NOT_FIT_VALIDATED
MON-B-00540,p6-4x2,Purple,#5E43B7,7,497,45.0,39.0,25.2,90,CONCEPT_NOT_FIT_VALIDATED
MON-B-00541,p6-3x2,Purple,#5E43B7,7,498,57.0,36.0,25.2,90,CONCEPT_NOT_FIT_VALIDATED
MON-B-00449,p6-1x1,Purple,#5E43B7,6,499,54.0,42.0,21.6,0,CONCEPT_NOT_FIT_VALIDATED
MON-B-00545,p6-2x1,Purple,#5E43B7,7,500,-39.0,54.0,25.2,0,CONCEPT_NOT_FIT_VALIDATED
MON-B-00546,p6-2x2,Purple,#5E43B7,7,501,-27.0,57.0,25.2,0,CONCEPT_NOT_FIT_VALIDATED
MON-B-00397,p6-2x1,Purple,#5E43B7,6,502,-27.0,60.0,21.6,0,CONCEPT_NOT_FIT_VALIDATED
MON-B-00547,p6-3x2,Purple,#5E43B7,7,503,-15.0,60.0,25.2,90,CONCEPT_NOT_FIT_VALIDATED
MON-B-00548,p6-3x2,Purple,#5E43B7,7,504,-3.0,60.0,25.2,90,CONCEPT_NOT_FIT_VALIDATED
MON-B-00549,p6-3x2,Purple,#5E43B7,7,505,9.0,60.0,25.2,90,CONCEPT_NOT_FIT_VALIDATED
MON-B-00550,p6-2x2,Purple,#5E43B7,7,506,21.0,57.0,25.2,0,CONCEPT_NOT_FIT_VALIDATED
MON-B-00551,p6-2x2,Purple,#5E43B7,7,507,33.0,57.0,25.2,0,CONCEPT_NOT_FIT_VALIDATED
MON-B-00552,p6-2x1,Purple,#5E43B7,7,508,45.0,54.0,25.2,0,CONCEPT_NOT_FIT_VALIDATED
MON-B-00555,p6-2x1,Purple,#5E43B7,8,509,-81.0,-6.0,28.8,0,CONCEPT_NOT_FIT_VALIDATED
MON-B-00556,p6-2x1,Purple,#5E43B7,8,510,-78.0,-33.0,28.8,90,CONCEPT_NOT_FIT_VALIDATED
MON-B-00557,p6-2x1,Purple,#5E43B7,8,511,-78.0,-21.0,28.8,90,CONCEPT_NOT_FIT_VALIDATED
MON-B-00558,p6-1x1,Purple,#5E43B7,8,512,-78.0,-12.0,28.8,0,CONCEPT_NOT_FIT_VALIDATED
MON-B-00559,p6-2x1,Purple,#5E43B7,8,513,-78.0,3.0,28.8,90,CONCEPT_NOT_FIT_VALIDATED
MON-B-00560,p6-2x1,Purple,#5E43B7,8,514,-78.0,15.0,28.8,90,CONCEPT_NOT_FIT_VALIDATED
MON-B-00562,p6-4x2,Purple,#5E43B7,8,515,-63.0,-45.0,28.8,0,CONCEPT_NOT_FIT_VALIDATED
MON-B-00563,p6-4x2,Purple,#5E43B7,8,516,-63.0,-33.0,28.8,0,CONCEPT_NOT_FIT_VALIDATED
MON-B-00564,p6-4x2,Purple,#5E43B7,8,517,-63.0,-21.0,28.8,0,CONCEPT_NOT_FIT_VALIDATED
MON-B-00565,p6-4x2,Purple,#5E43B7,8,518,-63.0,-9.0,28.8,0,CONCEPT_NOT_FIT_VALIDATED
MON-B-00566,p6-4x2,Purple,#5E43B7,8,519,-63.0,3.0,28.8,0,CONCEPT_NOT_FIT_VALIDATED
MON-B-00567,p6-4x2,Purple,#5E43B7,8,520,-63.0,15.0,28.8,0,CONCEPT_NOT_FIT_VALIDATED
MON-B-00568,p6-4x2,Purple,#5E43B7,8,521,-63.0,27.0,28.8,0,CONCEPT_NOT_FIT_VALIDATED
MON-B-00530,p6-1x1,Purple,#5E43B7,7,522,-72.0,30.0,25.2,0,CONCEPT_NOT_FIT_VALIDATED
MON-B-00569,p6-4x1,Purple,#5E43B7,8,523,-63.0,36.0,28.8,0,CONCEPT_NOT_FIT_VALIDATED
MON-B-00570,p6-1x1,Hot pink,#F5547C,8,524,-66.0,-54.0,28.8,0,CONCEPT_NOT_FIT_VALIDATED
MON-B-00571,p6-3x1,Purple,#5E43B7,8,525,-60.0,42.0,28.8,0,CONCEPT_NOT_FIT_VALIDATED
MON-B-00573,p6-2x1,Purple,#5E43B7,8,526,-57.0,-54.0,28.8,0,CONCEPT_NOT_FIT_VALIDATED
MON-B-00574,p6-2x1,Purple,#5E43B7,8,527,-57.0,48.0,28.8,0,CONCEPT_NOT_FIT_VALIDATED
MON-B-00576,p6-1x1,Purple,#5E43B7,8,528,-54.0,-60.0,28.8,0,CONCEPT_NOT_FIT_VALIDATED
MON-B-00579,p6-4x1,Purple,#5E43B7,8,529,-39.0,-66.0,28.8,0,CONCEPT_NOT_FIT_VALIDATED
MON-B-00467,p6-2x1,Hot pink,#F5547C,7,530,-51.0,-66.0,25.2,0,CONCEPT_NOT_FIT_VALIDATED
MON-B-00381,p6-1x1,Hot pink,#F5547C,6,531,-48.0,-66.0,21.6,0,CONCEPT_NOT_FIT_VALIDATED
MON-B-00575,p6-1x1,Hot pink,#F5547C,8,532,-54.0,-66.0,28.8,0,CONCEPT_NOT_FIT_VALIDATED
MON-B-00580,p6-4x2,Purple,#5E43B7,8,533,-39.0,-57.0,28.8,0,CONCEPT_NOT_FIT_VALIDATED
MON-B-00581,p6-4x2,Purple,#5E43B7,8,534,-39.0,-45.0,28.8,0,CONCEPT_NOT_FIT_VALIDATED
MON-B-00582,p6-4x2,Purple,#5E43B7,8,535,-39.0,-33.0,28.8,0,CONCEPT_NOT_FIT_VALIDATED
MON-B-00583,p6-4x2,Purple,#5E43B7,8,536,-39.0,-21.0,28.8,0,CONCEPT_NOT_FIT_VALIDATED
MON-B-00584,p6-4x2,Purple,#5E43B7,8,537,-39.0,-9.0,28.8,0,CONCEPT_NOT_FIT_VALIDATED
MON-B-00585,p6-4x2,Purple,#5E43B7,8,538,-39.0,3.0,28.8,0,CONCEPT_NOT_FIT_VALIDATED
MON-B-00586,p6-4x2,Purple,#5E43B7,8,539,-39.0,15.0,28.8,0,CONCEPT_NOT_FIT_VALIDATED
MON-B-00587,p6-4x2,Purple,#5E43B7,8,540,-39.0,27.0,28.8,0,CONCEPT_NOT_FIT_VALIDATED
MON-B-00588,p6-4x2,Purple,#5E43B7,8,541,-39.0,39.0,28.8,0,CONCEPT_NOT_FIT_VALIDATED
MON-B-00589,p6-4x2,Purple,#5E43B7,8,542,-39.0,51.0,28.8,0,CONCEPT_NOT_FIT_VALIDATED
MON-B-00544,p6-1x1,Purple,#5E43B7,7,543,-48.0,54.0,25.2,0,CONCEPT_NOT_FIT_VALIDATED
MON-B-00590,p6-4x1,Purple,#5E43B7,8,544,-39.0,60.0,28.8,0,CONCEPT_NOT_FIT_VALIDATED
MON-B-00553,p6-1x1,Purple,#5E43B7,7,545,-36.0,60.0,25.2,0,CONCEPT_NOT_FIT_VALIDATED
MON-B-00595,p6-4x2,Purple,#5E43B7,8,546,-15.0,-69.0,28.8,0,CONCEPT_NOT_FIT_VALIDATED
MON-B-00460,p6-2x1,Purple,#5E43B7,7,547,-27.0,-72.0,25.2,0,CONCEPT_NOT_FIT_VALIDATED
MON-B-00395,p6-3x1,Hot pink,#F5547C,6,548,-30.0,-72.0,21.6,0,CONCEPT_NOT_FIT_VALIDATED
MON-B-00267,p6-1x1,Hot pink,#F5547C,5,549,-30.0,-72.0,18.0,0,CONCEPT_NOT_FIT_VALIDATED
MON-B-00268,p6-2x1,Hot pink,#F5547C,5,550,-21.0,-72.0,18.0,0,CONCEPT_NOT_FIT_VALIDATED
MON-B-00399,p6-4x1,Purple,#5E43B7,6,551,-9.0,-72.0,21.6,0,CONCEPT_NOT_FIT_VALIDATED
MON-B-00269,p6-2x1,Hot pink,#F5547C,5,552,-9.0,-72.0,18.0,0,CONCEPT_NOT_FIT_VALIDATED
MON-B-00222,p6-4x1,Hot pink,#F5547C,4,553,-3.0,-72.0,14.4,0,CONCEPT_NOT_FIT_VALIDATED
MON-B-00270,p6-2x1,Hot pink,#F5547C,5,554,3.0,-72.0,18.0,0,CONCEPT_NOT_FIT_VALIDATED
MON-B-00412,p6-3x1,Purple,#5E43B7,6,555,12.0,-72.0,21.6,0,CONCEPT_NOT_FIT_VALIDATED
MON-B-00271,p6-2x1,Hot pink,#F5547C,5,556,15.0,-72.0,18.0,0,CONCEPT_NOT_FIT_VALIDATED
MON-B-00234,p6-1x1,Hot pink,#F5547C,4,557,12.0,-72.0,14.4,0,CONCEPT_NOT_FIT_VALIDATED
MON-B-00459,p6-2x1,Hot pink,#F5547C,7,558,-39.0,-72.0,25.2,0,CONCEPT_NOT_FIT_VALIDATED
MON-B-00461,p6-2x1,Purple,#5E43B7,7,559,-15.0,-72.0,25.2,0,CONCEPT_NOT_FIT_VALIDATED
MON-B-00462,p6-2x1,Purple,#5E43B7,7,560,-3.0,-72.0,25.2,0,CONCEPT_NOT_FIT_VALIDATED
MON-B-00463,p6-2x1,Purple,#5E43B7,7,561,9.0,-72.0,25.2,0,CONCEPT_NOT_FIT_VALIDATED
MON-B-00464,p6-2x1,Purple,#5E43B7,7,562,21.0,-72.0,25.2,0,CONCEPT_NOT_FIT_VALIDATED
MON-B-00424,p6-1x1,Hot pink,#F5547C,6,563,24.0,-72.0,21.6,0,CONCEPT_NOT_FIT_VALIDATED
MON-B-00272,p6-1x1,Hot pink,#F5547C,5,564,24.0,-72.0,18.0,0,CONCEPT_NOT_FIT_VALIDATED
MON-B-00578,p6-2x1,Hot pink,#F5547C,8,565,-45.0,-72.0,28.8,0,CONCEPT_NOT_FIT_VALIDATED
MON-B-00592,p6-2x1,Purple,#5E43B7,8,566,-33.0,-72.0,28.8,0,CONCEPT_NOT_FIT_VALIDATED
MON-B-00596,p6-4x2,Purple,#5E43B7,8,567,-15.0,-57.0,28.8,0,CONCEPT_NOT_FIT_VALIDATED
MON-B-00597,p6-4x2,Purple,#5E43B7,8,568,-15.0,-45.0,28.8,0,CONCEPT_NOT_FIT_VALIDATED
MON-B-00598,p6-4x2,Purple,#5E43B7,8,569,-15.0,-33.0,28.8,0,CONCEPT_NOT_FIT_VALIDATED
MON-B-00599,p6-4x2,Purple,#5E43B7,8,570,-15.0,-21.0,28.8,0,CONCEPT_NOT_FIT_VALIDATED
MON-B-00600,p6-4x2,Purple,#5E43B7,8,571,-15.0,-9.0,28.8,0,CONCEPT_NOT_FIT_VALIDATED
MON-B-00601,p6-4x2,Purple,#5E43B7,8,572,-15.0,3.0,28.8,0,CONCEPT_NOT_FIT_VALIDATED
MON-B-00602,p6-4x2,Purple,#5E43B7,8,573,-15.0,15.0,28.8,0,CONCEPT_NOT_FIT_VALIDATED
MON-B-00603,p6-4x2,Purple,#5E43B7,8,574,-15.0,27.0,28.8,0,CONCEPT_NOT_FIT_VALIDATED
MON-B-00604,p6-4x2,Purple,#5E43B7,8,575,-15.0,39.0,28.8,0,CONCEPT_NOT_FIT_VALIDATED
MON-B-00605,p6-4x2,Purple,#5E43B7,8,576,-15.0,51.0,28.8,0,CONCEPT_NOT_FIT_VALIDATED
MON-B-00606,p6-4x2,Purple,#5E43B7,8,577,-15.0,63.0,28.8,0,CONCEPT_NOT_FIT_VALIDATED
MON-B-00608,p6-4x2,Purple,#5E43B7,8,578,9.0,-69.0,28.8,0,CONCEPT_NOT_FIT_VALIDATED
MON-B-00609,p6-4x2,Purple,#5E43B7,8,579,9.0,-57.0,28.8,0,CONCEPT_NOT_FIT_VALIDATED
MON-B-00610,p6-4x2,Purple,#5E43B7,8,580,9.0,-45.0,28.8,0,CONCEPT_NOT_FIT_VALIDATED
MON-B-00611,p6-4x2,Purple,#5E43B7,8,581,9.0,-33.0,28.8,0,CONCEPT_NOT_FIT_VALIDATED
MON-B-00612,p6-4x2,Purple,#5E43B7,8,582,9.0,-21.0,28.8,0,CONCEPT_NOT_FIT_VALIDATED
MON-B-00613,p6-4x2,Purple,#5E43B7,8,583,9.0,-9.0,28.8,0,CONCEPT_NOT_FIT_VALIDATED
MON-B-00614,p6-4x2,Purple,#5E43B7,8,584,9.0,3.0,28.8,0,CONCEPT_NOT_FIT_VALIDATED
MON-B-00615,p6-4x2,Purple,#5E43B7,8,585,9.0,15.0,28.8,0,CONCEPT_NOT_FIT_VALIDATED
MON-B-00616,p6-4x2,Purple,#5E43B7,8,586,9.0,27.0,28.8,0,CONCEPT_NOT_FIT_VALIDATED
MON-B-00617,p6-4x2,Purple,#5E43B7,8,587,9.0,39.0,28.8,0,CONCEPT_NOT_FIT_VALIDATED
MON-B-00618,p6-4x2,Purple,#5E43B7,8,588,9.0,51.0,28.8,0,CONCEPT_NOT_FIT_VALIDATED
MON-B-00619,p6-4x2,Purple,#5E43B7,8,589,9.0,63.0,28.8,0,CONCEPT_NOT_FIT_VALIDATED
MON-B-00554,p6-1x1,Purple,#5E43B7,7,590,18.0,66.0,25.2,0,CONCEPT_NOT_FIT_VALIDATED
MON-B-00621,p6-3x2,Purple,#5E43B7,8,591,30.0,-69.0,28.8,0,CONCEPT_NOT_FIT_VALIDATED
MON-B-00465,p6-2x1,Hot pink,#F5547C,7,592,33.0,-72.0,25.2,0,CONCEPT_NOT_FIT_VALIDATED
MON-B-00425,p6-1x1,Hot pink,#F5547C,6,593,30.0,-72.0,21.6,0,CONCEPT_NOT_FIT_VALIDATED
MON-B-00622,p6-4x2,Purple,#5E43B7,8,594,33.0,-57.0,28.8,0,CONCEPT_NOT_FIT_VALIDATED
MON-B-00623,p6-4x2,Purple,#5E43B7,8,595,33.0,-45.0,28.8,0,CONCEPT_NOT_FIT_VALIDATED
MON-B-00624,p6-4x2,Purple,#5E43B7,8,596,33.0,-33.0,28.8,0,CONCEPT_NOT_FIT_VALIDATED
MON-B-00625,p6-4x2,Purple,#5E43B7,8,597,33.0,-21.0,28.8,0,CONCEPT_NOT_FIT_VALIDATED
MON-B-00626,p6-4x2,Purple,#5E43B7,8,598,33.0,-9.0,28.8,0,CONCEPT_NOT_FIT_VALIDATED
MON-B-00627,p6-4x2,Purple,#5E43B7,8,599,33.0,3.0,28.8,0,CONCEPT_NOT_FIT_VALIDATED
MON-B-00628,p6-4x2,Purple,#5E43B7,8,600,33.0,15.0,28.8,0,CONCEPT_NOT_FIT_VALIDATED
MON-B-00629,p6-4x2,Purple,#5E43B7,8,601,33.0,27.0,28.8,0,CONCEPT_NOT_FIT_VALIDATED
MON-B-00630,p6-4x2,Purple,#5E43B7,8,602,33.0,39.0,28.8,0,CONCEPT_NOT_FIT_VALIDATED
MON-B-00631,p6-4x2,Purple,#5E43B7,8,603,33.0,51.0,28.8,0,CONCEPT_NOT_FIT_VALIDATED
MON-B-00632,p6-4x1,Purple,#5E43B7,8,604,33.0,60.0,28.8,0,CONCEPT_NOT_FIT_VALIDATED
MON-B-00635,p6-1x1,Purple,#5E43B7,8,605,42.0,-66.0,28.8,0,CONCEPT_NOT_FIT_VALIDATED
MON-B-00638,p6-2x2,Purple,#5E43B7,8,606,51.0,-57.0,28.8,0,CONCEPT_NOT_FIT_VALIDATED
MON-B-00480,p6-1x1,Hot pink,#F5547C,7,607,54.0,-60.0,25.2,0,CONCEPT_NOT_FIT_VALIDATED
MON-B-00440,p6-1x1,Hot pink,#F5547C,6,608,54.0,-60.0,21.6,0,CONCEPT_NOT_FIT_VALIDATED
MON-B-00639,p6-4x2,Purple,#5E43B7,8,609,57.0,-45.0,28.8,0,CONCEPT_NOT_FIT_VALIDATED
MON-B-00485,p6-1x1,Purple,#5E43B7,7,610,66.0,-48.0,25.2,0,CONCEPT_NOT_FIT_VALIDATED
MON-B-00450,p6-1x1,Purple,#5E43B7,6,611,66.0,-48.0,21.6,0,CONCEPT_NOT_FIT_VALIDATED
MON-B-00640,p6-4x2,Purple,#5E43B7,8,612,57.0,-33.0,28.8,0,CONCEPT_NOT_FIT_VALIDATED
MON-B-00641,p6-4x2,Purple,#5E43B7,8,613,57.0,-21.0,28.8,0,CONCEPT_NOT_FIT_VALIDATED
MON-B-00642,p6-4x2,Purple,#5E43B7,8,614,57.0,-9.0,28.8,0,CONCEPT_NOT_FIT_VALIDATED
MON-B-00643,p6-4x2,Purple,#5E43B7,8,615,57.0,3.0,28.8,0,CONCEPT_NOT_FIT_VALIDATED
MON-B-00644,p6-4x2,Purple,#5E43B7,8,616,57.0,15.0,28.8,0,CONCEPT_NOT_FIT_VALIDATED
MON-B-00645,p6-4x2,Purple,#5E43B7,8,617,57.0,27.0,28.8,0,CONCEPT_NOT_FIT_VALIDATED
MON-B-00542,p6-2x1,Purple,#5E43B7,7,618,66.0,33.0,25.2,90,CONCEPT_NOT_FIT_VALIDATED
MON-B-00451,p6-1x1,Purple,#5E43B7,6,619,66.0,30.0,21.6,0,CONCEPT_NOT_FIT_VALIDATED
MON-B-00646,p6-4x2,Purple,#5E43B7,8,620,57.0,39.0,28.8,0,CONCEPT_NOT_FIT_VALIDATED
MON-B-00647,p6-2x2,Purple,#5E43B7,8,621,51.0,51.0,28.8,0,CONCEPT_NOT_FIT_VALIDATED
MON-B-00543,p6-1x1,Purple,#5E43B7,7,622,54.0,48.0,25.2,0,CONCEPT_NOT_FIT_VALIDATED
MON-B-00650,p6-1x1,Purple,#5E43B7,8,623,60.0,-54.0,28.8,0,CONCEPT_NOT_FIT_VALIDATED
MON-B-00653,p6-2x1,Purple,#5E43B7,8,624,72.0,-45.0,28.8,90,CONCEPT_NOT_FIT_VALIDATED
MON-B-00654,p6-2x2,Purple,#5E43B7,8,625,75.0,-33.0,28.8,0,CONCEPT_NOT_FIT_VALIDATED
MON-B-00655,p6-2x2,Purple,#5E43B7,8,626,75.0,-21.0,28.8,0,CONCEPT_NOT_FIT_VALIDATED
MON-B-00500,p6-1x1,Purple,#5E43B7,7,627,78.0,-24.0,25.2,0,CONCEPT_NOT_FIT_VALIDATED
MON-B-00514,p6-4x1,Purple,#5E43B7,7,628,78.0,-9.0,25.2,90,CONCEPT_NOT_FIT_VALIDATED
MON-B-00656,p6-2x2,Purple,#5E43B7,8,629,75.0,-9.0,28.8,0,CONCEPT_NOT_FIT_VALIDATED
MON-B-00657,p6-2x2,Purple,#5E43B7,8,630,75.0,3.0,28.8,0,CONCEPT_NOT_FIT_VALIDATED
MON-B-00528,p6-1x1,Purple,#5E43B7,7,631,78.0,6.0,25.2,0,CONCEPT_NOT_FIT_VALIDATED
MON-B-00658,p6-2x2,Purple,#5E43B7,8,632,75.0,15.0,28.8,0,CONCEPT_NOT_FIT_VALIDATED
MON-B-00659,p6-2x1,Purple,#5E43B7,8,633,72.0,27.0,28.8,90,CONCEPT_NOT_FIT_VALIDATED
MON-B-00668,p6-1x1,Hot pink,#F5547C,9,634,-48.0,-72.0,32.4,0,CONCEPT_NOT_FIT_VALIDATED
MON-B-00669,p6-4x1,Purple,#5E43B7,9,635,-42.0,-63.0,32.4,90,CONCEPT_NOT_FIT_VALIDATED
MON-B-00670,p6-4x2,Purple,#5E43B7,9,636,-33.0,-63.0,32.4,90,CONCEPT_NOT_FIT_VALIDATED
MON-B-00671,p6-4x2,Purple,#5E43B7,9,637,-21.0,-63.0,32.4,90,CONCEPT_NOT_FIT_VALIDATED
MON-B-00672,p6-4x2,Purple,#5E43B7,9,638,-9.0,-63.0,32.4,90,CONCEPT_NOT_FIT_VALIDATED
MON-B-00673,p6-4x2,Purple,#5E43B7,9,639,3.0,-63.0,32.4,90,CONCEPT_NOT_FIT_VALIDATED
MON-B-00674,p6-4x2,Purple,#5E43B7,9,640,15.0,-63.0,32.4,90,CONCEPT_NOT_FIT_VALIDATED
MON-B-00675,p6-4x2,Purple,#5E43B7,9,641,27.0,-63.0,32.4,90,CONCEPT_NOT_FIT_VALIDATED
MON-B-00676,p6-4x2,Purple,#5E43B7,9,642,39.0,-63.0,32.4,90,CONCEPT_NOT_FIT_VALIDATED
MON-B-00634,p6-1x1,Hot pink,#F5547C,8,643,42.0,-72.0,28.8,0,CONCEPT_NOT_FIT_VALIDATED
MON-B-00466,p6-1x1,Hot pink,#F5547C,7,644,42.0,-72.0,25.2,0,CONCEPT_NOT_FIT_VALIDATED
MON-B-00678,p6-1x1,Hot pink,#F5547C,9,645,-54.0,-66.0,32.4,0,CONCEPT_NOT_FIT_VALIDATED
MON-B-00679,p6-3x1,Purple,#5E43B7,9,646,-48.0,-60.0,32.4,90,CONCEPT_NOT_FIT_VALIDATED
MON-B-00680,p6-3x1,Purple,#5E43B7,9,647,48.0,-60.0,32.4,90,CONCEPT_NOT_FIT_VALIDATED
MON-B-00637,p6-1x1,Purple,#5E43B7,8,648,48.0,-66.0,28.8,0,CONCEPT_NOT_FIT_VALIDATED
MON-B-00476,p6-1x1,Hot pink,#F5547C,7,649,48.0,-66.0,25.2,0,CONCEPT_NOT_FIT_VALIDATED
MON-B-00683,p6-2x1,Purple,#5E43B7,9,650,-54.0,-57.0,32.4,90,CONCEPT_NOT_FIT_VALIDATED
MON-B-00684,p6-2x1,Purple,#5E43B7,9,651,54.0,-57.0,32.4,90,CONCEPT_NOT_FIT_VALIDATED
MON-B-00686,p6-1x1,Hot pink,#F5547C,9,652,-66.0,-54.0,32.4,0,CONCEPT_NOT_FIT_VALIDATED
MON-B-00687,p6-1x1,Purple,#5E43B7,9,653,-60.0,-54.0,32.4,0,CONCEPT_NOT_FIT_VALIDATED
MON-B-00688,p6-1x1,Purple,#5E43B7,9,654,60.0,-54.0,32.4,0,CONCEPT_NOT_FIT_VALIDATED
MON-B-00690,p6-4x2,Purple,#5E43B7,9,655,-69.0,-39.0,32.4,90,CONCEPT_NOT_FIT_VALIDATED
MON-B-00691,p6-4x2,Purple,#5E43B7,9,656,-57.0,-39.0,32.4,90,CONCEPT_NOT_FIT_VALIDATED
MON-B-00692,p6-4x2,Purple,#5E43B7,9,657,-45.0,-39.0,32.4,90,CONCEPT_NOT_FIT_VALIDATED
MON-B-00693,p6-4x2,Purple,#5E43B7,9,658,-33.0,-39.0,32.4,90,CONCEPT_NOT_FIT_VALIDATED
MON-B-00694,p6-4x2,Purple,#5E43B7,9,659,-21.0,-39.0,32.4,90,CONCEPT_NOT_FIT_VALIDATED
MON-B-00695,p6-4x2,Purple,#5E43B7,9,660,-9.0,-39.0,32.4,90,CONCEPT_NOT_FIT_VALIDATED
MON-B-00696,p6-4x2,Purple,#5E43B7,9,661,3.0,-39.0,32.4,90,CONCEPT_NOT_FIT_VALIDATED
MON-B-00697,p6-4x2,Purple,#5E43B7,9,662,15.0,-39.0,32.4,90,CONCEPT_NOT_FIT_VALIDATED
MON-B-00698,p6-4x2,Purple,#5E43B7,9,663,27.0,-39.0,32.4,90,CONCEPT_NOT_FIT_VALIDATED
MON-B-00699,p6-4x2,Purple,#5E43B7,9,664,39.0,-39.0,32.4,90,CONCEPT_NOT_FIT_VALIDATED
MON-B-00700,p6-4x2,Purple,#5E43B7,9,665,51.0,-39.0,32.4,90,CONCEPT_NOT_FIT_VALIDATED
MON-B-00701,p6-4x2,Purple,#5E43B7,9,666,63.0,-39.0,32.4,90,CONCEPT_NOT_FIT_VALIDATED
MON-B-00702,p6-4x1,Purple,#5E43B7,9,667,72.0,-39.0,32.4,90,CONCEPT_NOT_FIT_VALIDATED
MON-B-00703,p6-3x1,Purple,#5E43B7,9,668,-78.0,-36.0,32.4,90,CONCEPT_NOT_FIT_VALIDATED
MON-B-00704,p6-2x1,Purple,#5E43B7,9,669,78.0,-33.0,32.4,90,CONCEPT_NOT_FIT_VALIDATED
MON-B-00705,p6-4x2,Purple,#5E43B7,9,670,-81.0,-15.0,32.4,90,CONCEPT_NOT_FIT_VALIDATED
MON-B-00706,p6-4x2,Purple,#5E43B7,9,671,-69.0,-15.0,32.4,90,CONCEPT_NOT_FIT_VALIDATED
MON-B-00707,p6-4x2,Purple,#5E43B7,9,672,-57.0,-15.0,32.4,90,CONCEPT_NOT_FIT_VALIDATED
MON-B-00708,p6-4x2,Purple,#5E43B7,9,673,-45.0,-15.0,32.4,90,CONCEPT_NOT_FIT_VALIDATED
MON-B-00709,p6-4x2,Purple,#5E43B7,9,674,-33.0,-15.0,32.4,90,CONCEPT_NOT_FIT_VALIDATED
MON-B-00710,p6-4x2,Purple,#5E43B7,9,675,-21.0,-15.0,32.4,90,CONCEPT_NOT_FIT_VALIDATED
MON-B-00711,p6-4x2,Purple,#5E43B7,9,676,-9.0,-15.0,32.4,90,CONCEPT_NOT_FIT_VALIDATED
MON-B-00712,p6-4x2,Purple,#5E43B7,9,677,3.0,-15.0,32.4,90,CONCEPT_NOT_FIT_VALIDATED
MON-B-00713,p6-4x2,Purple,#5E43B7,9,678,15.0,-15.0,32.4,90,CONCEPT_NOT_FIT_VALIDATED
MON-B-00714,p6-4x2,Purple,#5E43B7,9,679,27.0,-15.0,32.4,90,CONCEPT_NOT_FIT_VALIDATED
MON-B-00715,p6-4x2,Purple,#5E43B7,9,680,39.0,-15.0,32.4,90,CONCEPT_NOT_FIT_VALIDATED
MON-B-00716,p6-4x2,Purple,#5E43B7,9,681,51.0,-15.0,32.4,90,CONCEPT_NOT_FIT_VALIDATED
MON-B-00717,p6-4x2,Purple,#5E43B7,9,682,63.0,-15.0,32.4,90,CONCEPT_NOT_FIT_VALIDATED
MON-B-00718,p6-4x2,Purple,#5E43B7,9,683,75.0,-15.0,32.4,90,CONCEPT_NOT_FIT_VALIDATED
MON-B-00720,p6-3x2,Purple,#5E43B7,9,684,-81.0,6.0,32.4,90,CONCEPT_NOT_FIT_VALIDATED
MON-B-00721,p6-4x2,Purple,#5E43B7,9,685,-69.0,9.0,32.4,90,CONCEPT_NOT_FIT_VALIDATED
MON-B-00722,p6-4x2,Purple,#5E43B7,9,686,-57.0,9.0,32.4,90,CONCEPT_NOT_FIT_VALIDATED
MON-B-00723,p6-4x2,Purple,#5E43B7,9,687,-45.0,9.0,32.4,90,CONCEPT_NOT_FIT_VALIDATED
MON-B-00724,p6-4x2,Purple,#5E43B7,9,688,-33.0,9.0,32.4,90,CONCEPT_NOT_FIT_VALIDATED
MON-B-00725,p6-4x2,Purple,#5E43B7,9,689,-21.0,9.0,32.4,90,CONCEPT_NOT_FIT_VALIDATED
MON-B-00726,p6-4x2,Purple,#5E43B7,9,690,-9.0,9.0,32.4,90,CONCEPT_NOT_FIT_VALIDATED
MON-B-00727,p6-4x2,Purple,#5E43B7,9,691,3.0,9.0,32.4,90,CONCEPT_NOT_FIT_VALIDATED
MON-B-00728,p6-4x2,Purple,#5E43B7,9,692,15.0,9.0,32.4,90,CONCEPT_NOT_FIT_VALIDATED
MON-B-00729,p6-4x2,Purple,#5E43B7,9,693,27.0,9.0,32.4,90,CONCEPT_NOT_FIT_VALIDATED
MON-B-00730,p6-4x2,Purple,#5E43B7,9,694,39.0,9.0,32.4,90,CONCEPT_NOT_FIT_VALIDATED
MON-B-00731,p6-4x2,Purple,#5E43B7,9,695,51.0,9.0,32.4,90,CONCEPT_NOT_FIT_VALIDATED
MON-B-00732,p6-4x2,Purple,#5E43B7,9,696,63.0,9.0,32.4,90,CONCEPT_NOT_FIT_VALIDATED
MON-B-00733,p6-4x2,Purple,#5E43B7,9,697,75.0,9.0,32.4,90,CONCEPT_NOT_FIT_VALIDATED
MON-B-00735,p6-1x1,Purple,#5E43B7,9,698,-78.0,18.0,32.4,0,CONCEPT_NOT_FIT_VALIDATED
MON-B-00737,p6-4x2,Purple,#5E43B7,9,699,-69.0,33.0,32.4,90,CONCEPT_NOT_FIT_VALIDATED
MON-B-00738,p6-4x2,Purple,#5E43B7,9,700,-57.0,33.0,32.4,90,CONCEPT_NOT_FIT_VALIDATED
MON-B-00739,p6-4x2,Purple,#5E43B7,9,701,-45.0,33.0,32.4,90,CONCEPT_NOT_FIT_VALIDATED
MON-B-00740,p6-4x2,Purple,#5E43B7,9,702,-33.0,33.0,32.4,90,CONCEPT_NOT_FIT_VALIDATED
MON-B-00741,p6-4x2,Purple,#5E43B7,9,703,-21.0,33.0,32.4,90,CONCEPT_NOT_FIT_VALIDATED
MON-B-00742,p6-4x2,Purple,#5E43B7,9,704,-9.0,33.0,32.4,90,CONCEPT_NOT_FIT_VALIDATED
MON-B-00743,p6-4x2,Purple,#5E43B7,9,705,3.0,33.0,32.4,90,CONCEPT_NOT_FIT_VALIDATED
MON-B-00744,p6-4x2,Purple,#5E43B7,9,706,15.0,33.0,32.4,90,CONCEPT_NOT_FIT_VALIDATED
MON-B-00745,p6-4x2,Purple,#5E43B7,9,707,27.0,33.0,32.4,90,CONCEPT_NOT_FIT_VALIDATED
MON-B-00746,p6-4x2,Purple,#5E43B7,9,708,39.0,33.0,32.4,90,CONCEPT_NOT_FIT_VALIDATED
MON-B-00747,p6-4x2,Purple,#5E43B7,9,709,51.0,33.0,32.4,90,CONCEPT_NOT_FIT_VALIDATED
MON-B-00748,p6-4x2,Purple,#5E43B7,9,710,63.0,33.0,32.4,90,CONCEPT_NOT_FIT_VALIDATED
MON-B-00749,p6-2x2,Purple,#5E43B7,9,711,75.0,27.0,32.4,0,CONCEPT_NOT_FIT_VALIDATED
MON-B-00752,p6-2x2,Purple,#5E43B7,9,712,-57.0,51.0,32.4,0,CONCEPT_NOT_FIT_VALIDATED
MON-B-00577,p6-1x1,Purple,#5E43B7,8,713,-54.0,54.0,28.8,0,CONCEPT_NOT_FIT_VALIDATED
MON-B-00753,p6-3x2,Purple,#5E43B7,9,714,-45.0,54.0,32.4,90,CONCEPT_NOT_FIT_VALIDATED
MON-B-00754,p6-4x2,Purple,#5E43B7,9,715,-33.0,57.0,32.4,90,CONCEPT_NOT_FIT_VALIDATED
MON-B-00593,p6-1x1,Purple,#5E43B7,8,716,-30.0,66.0,28.8,0,CONCEPT_NOT_FIT_VALIDATED
MON-B-00755,p6-4x2,Purple,#5E43B7,9,717,-21.0,57.0,32.4,90,CONCEPT_NOT_FIT_VALIDATED
MON-B-00756,p6-4x2,Purple,#5E43B7,9,718,-9.0,57.0,32.4,90,CONCEPT_NOT_FIT_VALIDATED
MON-B-00757,p6-4x2,Purple,#5E43B7,9,719,3.0,57.0,32.4,90,CONCEPT_NOT_FIT_VALIDATED
MON-B-00758,p6-4x2,Purple,#5E43B7,9,720,15.0,57.0,32.4,90,CONCEPT_NOT_FIT_VALIDATED
MON-B-00759,p6-4x2,Purple,#5E43B7,9,721,27.0,57.0,32.4,90,CONCEPT_NOT_FIT_VALIDATED
MON-B-00633,p6-2x1,Purple,#5E43B7,8,722,27.0,66.0,28.8,0,CONCEPT_NOT_FIT_VALIDATED
MON-B-00760,p6-3x2,Purple,#5E43B7,9,723,39.0,54.0,32.4,90,CONCEPT_NOT_FIT_VALIDATED
MON-B-00761,p6-2x2,Purple,#5E43B7,9,724,51.0,51.0,32.4,0,CONCEPT_NOT_FIT_VALIDATED
MON-B-00774,p6-1x1,Purple,#5E43B7,10,725,-84.0,-24.0,36.0,0,CONCEPT_NOT_FIT_VALIDATED
MON-B-00775,p6-2x1,Purple,#5E43B7,10,726,-84.0,-15.0,36.0,90,CONCEPT_NOT_FIT_VALIDATED
MON-B-00776,p6-2x1,Purple,#5E43B7,10,727,-84.0,-3.0,36.0,90,CONCEPT_NOT_FIT_VALIDATED
MON-B-00777,p6-2x1,Purple,#5E43B7,10,728,-84.0,9.0,36.0,90,CONCEPT_NOT_FIT_VALIDATED
MON-B-00779,p6-4x2,Purple,#5E43B7,10,729,-69.0,-39.0,36.0,0,CONCEPT_NOT_FIT_VALIDATED
MON-B-00780,p6-4x2,Purple,#5E43B7,10,730,-69.0,-27.0,36.0,0,CONCEPT_NOT_FIT_VALIDATED
MON-B-00781,p6-4x2,Purple,#5E43B7,10,731,-69.0,-15.0,36.0,0,CONCEPT_NOT_FIT_VALIDATED
MON-B-00782,p6-4x2,Purple,#5E43B7,10,732,-69.0,-3.0,36.0,0,CONCEPT_NOT_FIT_VALIDATED
MON-B-00783,p6-4x2,Purple,#5E43B7,10,733,-69.0,9.0,36.0,0,CONCEPT_NOT_FIT_VALIDATED
MON-B-00784,p6-4x2,Purple,#5E43B7,10,734,-69.0,21.0,36.0,0,CONCEPT_NOT_FIT_VALIDATED
MON-B-00736,p6-2x1,Purple,#5E43B7,9,735,-78.0,27.0,32.4,90,CONCEPT_NOT_FIT_VALIDATED
MON-B-00561,p6-1x1,Purple,#5E43B7,8,736,-78.0,24.0,28.8,0,CONCEPT_NOT_FIT_VALIDATED
MON-B-00785,p6-4x2,Purple,#5E43B7,10,737,-69.0,33.0,36.0,0,CONCEPT_NOT_FIT_VALIDATED
MON-B-00786,p6-3x1,Purple,#5E43B7,10,738,-66.0,-48.0,36.0,0,CONCEPT_NOT_FIT_VALIDATED
MON-B-00787,p6-3x1,Purple,#5E43B7,10,739,-66.0,42.0,36.0,0,CONCEPT_NOT_FIT_VALIDATED
MON-B-00789,p6-1x1,Hot pink,#F5547C,10,740,-66.0,-54.0,36.0,0,CONCEPT_NOT_FIT_VALIDATED
MON-B-00790,p6-2x1,Purple,#5E43B7,10,741,-63.0,48.0,36.0,0,CONCEPT_NOT_FIT_VALIDATED
MON-B-00751,p6-1x1,Purple,#5E43B7,9,742,-66.0,48.0,32.4,0,CONCEPT_NOT_FIT_VALIDATED
MON-B-00793,p6-1x1,Purple,#5E43B7,10,743,-60.0,-54.0,36.0,0,CONCEPT_NOT_FIT_VALIDATED
MON-B-00794,p6-1x1,Purple,#5E43B7,10,744,-60.0,54.0,36.0,0,CONCEPT_NOT_FIT_VALIDATED
MON-B-00795,p6-2x1,Hot pink,#F5547C,10,745,-51.0,-72.0,36.0,0,CONCEPT_NOT_FIT_VALIDATED
MON-B-00796,p6-4x2,Purple,#5E43B7,10,746,-45.0,-63.0,36.0,0,CONCEPT_NOT_FIT_VALIDATED
MON-B-00797,p6-4x2,Purple,#5E43B7,10,747,-45.0,-51.0,36.0,0,CONCEPT_NOT_FIT_VALIDATED
MON-B-00798,p6-4x2,Purple,#5E43B7,10,748,-45.0,-39.0,36.0,0,CONCEPT_NOT_FIT_VALIDATED
MON-B-00799,p6-4x2,Purple,#5E43B7,10,749,-45.0,-27.0,36.0,0,CONCEPT_NOT_FIT_VALIDATED
MON-B-00800,p6-4x2,Purple,#5E43B7,10,750,-45.0,-15.0,36.0,0,CONCEPT_NOT_FIT_VALIDATED
MON-B-00801,p6-4x2,Purple,#5E43B7,10,751,-45.0,-3.0,36.0,0,CONCEPT_NOT_FIT_VALIDATED
MON-B-00802,p6-4x2,Purple,#5E43B7,10,752,-45.0,9.0,36.0,0,CONCEPT_NOT_FIT_VALIDATED
MON-B-00803,p6-4x2,Purple,#5E43B7,10,753,-45.0,21.0,36.0,0,CONCEPT_NOT_FIT_VALIDATED
MON-B-00804,p6-4x2,Purple,#5E43B7,10,754,-45.0,33.0,36.0,0,CONCEPT_NOT_FIT_VALIDATED
MON-B-00805,p6-4x2,Purple,#5E43B7,10,755,-45.0,45.0,36.0,0,CONCEPT_NOT_FIT_VALIDATED
MON-B-00806,p6-4x2,Purple,#5E43B7,10,756,-45.0,57.0,36.0,0,CONCEPT_NOT_FIT_VALIDATED
MON-B-00807,p6-3x1,Purple,#5E43B7,10,757,-42.0,66.0,36.0,0,CONCEPT_NOT_FIT_VALIDATED
MON-B-00765,p6-1x1,Purple,#5E43B7,9,758,-42.0,66.0,32.4,0,CONCEPT_NOT_FIT_VALIDATED
MON-B-00809,p6-2x1,Purple,#5E43B7,10,759,-39.0,-72.0,36.0,0,CONCEPT_NOT_FIT_VALIDATED
MON-B-00811,p6-4x1,Purple,#5E43B7,10,760,-21.0,-72.0,36.0,0,CONCEPT_NOT_FIT_VALIDATED
MON-B-00812,p6-4x2,Purple,#5E43B7,10,761,-21.0,-63.0,36.0,0,CONCEPT_NOT_FIT_VALIDATED
MON-B-00813,p6-4x2,Purple,#5E43B7,10,762,-21.0,-51.0,36.0,0,CONCEPT_NOT_FIT_VALIDATED
MON-B-00814,p6-4x2,Purple,#5E43B7,10,763,-21.0,-39.0,36.0,0,CONCEPT_NOT_FIT_VALIDATED
MON-B-00815,p6-4x2,Purple,#5E43B7,10,764,-21.0,-27.0,36.0,0,CONCEPT_NOT_FIT_VALIDATED
MON-B-00816,p6-4x2,Purple,#5E43B7,10,765,-21.0,-15.0,36.0,0,CONCEPT_NOT_FIT_VALIDATED
MON-B-00817,p6-4x2,Purple,#5E43B7,10,766,-21.0,-3.0,36.0,0,CONCEPT_NOT_FIT_VALIDATED
MON-B-00818,p6-4x2,Purple,#5E43B7,10,767,-21.0,9.0,36.0,0,CONCEPT_NOT_FIT_VALIDATED
MON-B-00819,p6-4x2,Purple,#5E43B7,10,768,-21.0,21.0,36.0,0,CONCEPT_NOT_FIT_VALIDATED
MON-B-00820,p6-4x2,Purple,#5E43B7,10,769,-21.0,33.0,36.0,0,CONCEPT_NOT_FIT_VALIDATED
MON-B-00821,p6-4x2,Purple,#5E43B7,10,770,-21.0,45.0,36.0,0,CONCEPT_NOT_FIT_VALIDATED
MON-B-00822,p6-4x2,Purple,#5E43B7,10,771,-21.0,57.0,36.0,0,CONCEPT_NOT_FIT_VALIDATED
MON-B-00823,p6-4x2,Purple,#5E43B7,10,772,-21.0,69.0,36.0,0,CONCEPT_NOT_FIT_VALIDATED
MON-B-00767,p6-2x1,Purple,#5E43B7,9,773,-21.0,72.0,32.4,0,CONCEPT_NOT_FIT_VALIDATED
MON-B-00768,p6-2x1,Purple,#5E43B7,9,774,-9.0,72.0,32.4,0,CONCEPT_NOT_FIT_VALIDATED
MON-B-00827,p6-3x2,Purple,#5E43B7,10,775,0.0,-75.0,36.0,0,CONCEPT_NOT_FIT_VALIDATED
MON-B-00663,p6-2x1,Hot pink,#F5547C,9,776,-9.0,-78.0,32.4,0,CONCEPT_NOT_FIT_VALIDATED
MON-B-00594,p6-4x1,Hot pink,#F5547C,8,777,-15.0,-78.0,28.8,0,CONCEPT_NOT_FIT_VALIDATED
MON-B-00454,p6-2x1,Hot pink,#F5547C,7,778,-27.0,-78.0,25.2,0,CONCEPT_NOT_FIT_VALIDATED
MON-B-00455,p6-2x1,Hot pink,#F5547C,7,779,-15.0,-78.0,25.2,0,CONCEPT_NOT_FIT_VALIDATED
MON-B-00398,p6-4x1,Hot pink,#F5547C,6,780,-9.0,-78.0,21.6,0,CONCEPT_NOT_FIT_VALIDATED
MON-B-00456,p6-2x1,Hot pink,#F5547C,7,781,-3.0,-78.0,25.2,0,CONCEPT_NOT_FIT_VALIDATED
MON-B-00591,p6-2x1,Hot pink,#F5547C,8,782,-33.0,-78.0,28.8,0,CONCEPT_NOT_FIT_VALIDATED
MON-B-00607,p6-4x1,Hot pink,#F5547C,8,783,9.0,-78.0,28.8,0,CONCEPT_NOT_FIT_VALIDATED
MON-B-00457,p6-2x1,Hot pink,#F5547C,7,784,9.0,-78.0,25.2,0,CONCEPT_NOT_FIT_VALIDATED
MON-B-00411,p6-3x1,Hot pink,#F5547C,6,785,12.0,-78.0,21.6,0,CONCEPT_NOT_FIT_VALIDATED
MON-B-00458,p6-2x1,Hot pink,#F5547C,7,786,21.0,-78.0,25.2,0,CONCEPT_NOT_FIT_VALIDATED
MON-B-00620,p6-3x1,Hot pink,#F5547C,8,787,30.0,-78.0,28.8,0,CONCEPT_NOT_FIT_VALIDATED
MON-B-00661,p6-2x1,Hot pink,#F5547C,9,788,-33.0,-78.0,32.4,0,CONCEPT_NOT_FIT_VALIDATED
MON-B-00662,p6-2x1,Hot pink,#F5547C,9,789,-21.0,-78.0,32.4,0,CONCEPT_NOT_FIT_VALIDATED
MON-B-00664,p6-2x1,Hot pink,#F5547C,9,790,3.0,-78.0,32.4,0,CONCEPT_NOT_FIT_VALIDATED
MON-B-00665,p6-2x1,Hot pink,#F5547C,9,791,15.0,-78.0,32.4,0,CONCEPT_NOT_FIT_VALIDATED
MON-B-00666,p6-2x1,Hot pink,#F5547C,9,792,27.0,-78.0,32.4,0,CONCEPT_NOT_FIT_VALIDATED
MON-B-00667,p6-2x1,Hot pink,#F5547C,9,793,39.0,-78.0,32.4,0,CONCEPT_NOT_FIT_VALIDATED
MON-B-00772,p6-2x1,Hot pink,#F5547C,10,794,12.0,-81.0,36.0,90,CONCEPT_NOT_FIT_VALIDATED
MON-B-00808,p6-2x1,Hot pink,#F5547C,10,795,-39.0,-78.0,36.0,0,CONCEPT_NOT_FIT_VALIDATED
MON-B-00660,p6-1x1,Hot pink,#F5547C,9,796,-42.0,-78.0,32.4,0,CONCEPT_NOT_FIT_VALIDATED
MON-B-00810,p6-3x1,Hot pink,#F5547C,10,797,-24.0,-78.0,36.0,0,CONCEPT_NOT_FIT_VALIDATED
MON-B-00825,p6-1x1,Purple,#5E43B7,10,798,-12.0,-78.0,36.0,0,CONCEPT_NOT_FIT_VALIDATED
MON-B-00828,p6-4x2,Purple,#5E43B7,10,799,3.0,-63.0,36.0,0,CONCEPT_NOT_FIT_VALIDATED
MON-B-00829,p6-4x2,Purple,#5E43B7,10,800,3.0,-51.0,36.0,0,CONCEPT_NOT_FIT_VALIDATED
MON-B-00830,p6-4x2,Purple,#5E43B7,10,801,3.0,-39.0,36.0,0,CONCEPT_NOT_FIT_VALIDATED
MON-B-00831,p6-4x2,Purple,#5E43B7,10,802,3.0,-27.0,36.0,0,CONCEPT_NOT_FIT_VALIDATED
MON-B-00832,p6-4x2,Purple,#5E43B7,10,803,3.0,-15.0,36.0,0,CONCEPT_NOT_FIT_VALIDATED
MON-B-00833,p6-4x2,Purple,#5E43B7,10,804,3.0,-3.0,36.0,0,CONCEPT_NOT_FIT_VALIDATED
MON-B-00834,p6-4x2,Purple,#5E43B7,10,805,3.0,9.0,36.0,0,CONCEPT_NOT_FIT_VALIDATED
MON-B-00835,p6-4x2,Purple,#5E43B7,10,806,3.0,21.0,36.0,0,CONCEPT_NOT_FIT_VALIDATED
MON-B-00836,p6-4x2,Purple,#5E43B7,10,807,3.0,33.0,36.0,0,CONCEPT_NOT_FIT_VALIDATED
MON-B-00837,p6-4x2,Purple,#5E43B7,10,808,3.0,45.0,36.0,0,CONCEPT_NOT_FIT_VALIDATED
MON-B-00838,p6-4x2,Purple,#5E43B7,10,809,3.0,57.0,36.0,0,CONCEPT_NOT_FIT_VALIDATED
MON-B-00839,p6-4x2,Purple,#5E43B7,10,810,3.0,69.0,36.0,0,CONCEPT_NOT_FIT_VALIDATED
MON-B-00769,p6-2x1,Purple,#5E43B7,9,811,3.0,72.0,32.4,0,CONCEPT_NOT_FIT_VALIDATED
MON-B-00770,p6-2x1,Purple,#5E43B7,9,812,15.0,72.0,32.4,0,CONCEPT_NOT_FIT_VALIDATED
MON-B-00840,p6-1x1,Purple,#5E43B7,10,813,12.0,-72.0,36.0,0,CONCEPT_NOT_FIT_VALIDATED
MON-B-00841,p6-4x1,Hot pink,#F5547C,10,814,27.0,-78.0,36.0,0,CONCEPT_NOT_FIT_VALIDATED
MON-B-00842,p6-4x1,Purple,#5E43B7,10,815,27.0,-72.0,36.0,0,CONCEPT_NOT_FIT_VALIDATED
MON-B-00843,p6-4x2,Purple,#5E43B7,10,816,27.0,-63.0,36.0,0,CONCEPT_NOT_FIT_VALIDATED
MON-B-00844,p6-4x2,Purple,#5E43B7,10,817,27.0,-51.0,36.0,0,CONCEPT_NOT_FIT_VALIDATED
MON-B-00845,p6-4x2,Purple,#5E43B7,10,818,27.0,-39.0,36.0,0,CONCEPT_NOT_FIT_VALIDATED
MON-B-00846,p6-4x2,Purple,#5E43B7,10,819,27.0,-27.0,36.0,0,CONCEPT_NOT_FIT_VALIDATED
MON-B-00847,p6-4x2,Purple,#5E43B7,10,820,27.0,-15.0,36.0,0,CONCEPT_NOT_FIT_VALIDATED
MON-B-00848,p6-4x2,Purple,#5E43B7,10,821,27.0,-3.0,36.0,0,CONCEPT_NOT_FIT_VALIDATED
MON-B-00849,p6-4x2,Purple,#5E43B7,10,822,27.0,9.0,36.0,0,CONCEPT_NOT_FIT_VALIDATED
MON-B-00850,p6-4x2,Purple,#5E43B7,10,823,27.0,21.0,36.0,0,CONCEPT_NOT_FIT_VALIDATED
MON-B-00851,p6-4x2,Purple,#5E43B7,10,824,27.0,33.0,36.0,0,CONCEPT_NOT_FIT_VALIDATED
MON-B-00852,p6-4x2,Purple,#5E43B7,10,825,27.0,45.0,36.0,0,CONCEPT_NOT_FIT_VALIDATED
MON-B-00853,p6-4x2,Purple,#5E43B7,10,826,27.0,57.0,36.0,0,CONCEPT_NOT_FIT_VALIDATED
MON-B-00854,p6-3x2,Purple,#5E43B7,10,827,24.0,69.0,36.0,0,CONCEPT_NOT_FIT_VALIDATED
MON-B-00771,p6-1x1,Purple,#5E43B7,9,828,24.0,72.0,32.4,0,CONCEPT_NOT_FIT_VALIDATED
MON-B-00856,p6-1x1,Hot pink,#F5547C,10,829,42.0,-78.0,36.0,0,CONCEPT_NOT_FIT_VALIDATED
MON-B-00857,p6-1x1,Purple,#5E43B7,10,830,42.0,-72.0,36.0,0,CONCEPT_NOT_FIT_VALIDATED
MON-B-00858,p6-3x2,Purple,#5E43B7,10,831,48.0,-63.0,36.0,0,CONCEPT_NOT_FIT_VALIDATED
MON-B-00681,p6-1x1,Hot pink,#F5547C,9,832,54.0,-66.0,32.4,0,CONCEPT_NOT_FIT_VALIDATED
MON-B-00648,p6-1x1,Hot pink,#F5547C,8,833,54.0,-66.0,28.8,0,CONCEPT_NOT_FIT_VALIDATED
MON-B-00859,p6-4x2,Purple,#5E43B7,10,834,51.0,-51.0,36.0,0,CONCEPT_NOT_FIT_VALIDATED
MON-B-00860,p6-4x2,Purple,#5E43B7,10,835,51.0,-39.0,36.0,0,CONCEPT_NOT_FIT_VALIDATED
MON-B-00861,p6-4x2,Purple,#5E43B7,10,836,51.0,-27.0,36.0,0,CONCEPT_NOT_FIT_VALIDATED
MON-B-00862,p6-4x2,Purple,#5E43B7,10,837,51.0,-15.0,36.0,0,CONCEPT_NOT_FIT_VALIDATED
MON-B-00863,p6-4x2,Purple,#5E43B7,10,838,51.0,-3.0,36.0,0,CONCEPT_NOT_FIT_VALIDATED
MON-B-00864,p6-4x2,Purple,#5E43B7,10,839,51.0,9.0,36.0,0,CONCEPT_NOT_FIT_VALIDATED
MON-B-00865,p6-4x2,Purple,#5E43B7,10,840,51.0,21.0,36.0,0,CONCEPT_NOT_FIT_VALIDATED
MON-B-00866,p6-4x2,Purple,#5E43B7,10,841,51.0,33.0,36.0,0,CONCEPT_NOT_FIT_VALIDATED
MON-B-00867,p6-4x2,Purple,#5E43B7,10,842,51.0,45.0,36.0,0,CONCEPT_NOT_FIT_VALIDATED
MON-B-00762,p6-2x1,Purple,#5E43B7,9,843,60.0,51.0,32.4,90,CONCEPT_NOT_FIT_VALIDATED
MON-B-00651,p6-1x1,Purple,#5E43B7,8,844,60.0,48.0,28.8,0,CONCEPT_NOT_FIT_VALIDATED
MON-B-00868,p6-3x2,Purple,#5E43B7,10,845,48.0,57.0,36.0,0,CONCEPT_NOT_FIT_VALIDATED
MON-B-00764,p6-1x1,Purple,#5E43B7,9,846,48.0,60.0,32.4,0,CONCEPT_NOT_FIT_VALIDATED
MON-B-00873,p6-1x1,Purple,#5E43B7,10,847,60.0,54.0,36.0,0,CONCEPT_NOT_FIT_VALIDATED
MON-B-00876,p6-2x1,Purple,#5E43B7,10,848,69.0,-48.0,36.0,0,CONCEPT_NOT_FIT_VALIDATED
MON-B-00877,p6-3x2,Purple,#5E43B7,10,849,72.0,-39.0,36.0,0,CONCEPT_NOT_FIT_VALIDATED
MON-B-00878,p6-3x2,Purple,#5E43B7,10,850,72.0,-27.0,36.0,0,CONCEPT_NOT_FIT_VALIDATED
MON-B-00879,p6-4x2,Purple,#5E43B7,10,851,75.0,-15.0,36.0,0,CONCEPT_NOT_FIT_VALIDATED
MON-B-00719,p6-3x1,Purple,#5E43B7,9,852,84.0,-12.0,32.4,90,CONCEPT_NOT_FIT_VALIDATED
MON-B-00880,p6-4x2,Purple,#5E43B7,10,853,75.0,-3.0,36.0,0,CONCEPT_NOT_FIT_VALIDATED
MON-B-00734,p6-2x1,Purple,#5E43B7,9,854,84.0,3.0,32.4,90,CONCEPT_NOT_FIT_VALIDATED
MON-B-00881,p6-4x2,Purple,#5E43B7,10,855,75.0,9.0,36.0,0,CONCEPT_NOT_FIT_VALIDATED
MON-B-00882,p6-3x2,Purple,#5E43B7,10,856,72.0,21.0,36.0,0,CONCEPT_NOT_FIT_VALIDATED
MON-B-00883,p6-2x2,Purple,#5E43B7,10,857,69.0,33.0,36.0,0,CONCEPT_NOT_FIT_VALIDATED
MON-B-00750,p6-1x1,Purple,#5E43B7,9,858,72.0,36.0,32.4,0,CONCEPT_NOT_FIT_VALIDATED
MON-B-00884,p6-2x1,Purple,#5E43B7,10,859,66.0,45.0,36.0,90,CONCEPT_NOT_FIT_VALIDATED
MON-B-00763,p6-1x1,Purple,#5E43B7,9,860,66.0,48.0,32.4,0,CONCEPT_NOT_FIT_VALIDATED
MON-B-00886,p6-1x1,Purple,#5E43B7,10,861,78.0,30.0,36.0,0,CONCEPT_NOT_FIT_VALIDATED
MON-B-00892,p6-2x1,Hot pink,#F5547C,11,862,9.0,-84.0,39.6,0,CONCEPT_NOT_FIT_VALIDATED
MON-B-00826,p6-3x1,Hot pink,#F5547C,10,863,0.0,-84.0,36.0,0,CONCEPT_NOT_FIT_VALIDATED
MON-B-00891,p6-2x1,Hot pink,#F5547C,11,864,-3.0,-84.0,39.6,0,CONCEPT_NOT_FIT_VALIDATED
MON-B-00895,p6-2x1,Hot pink,#F5547C,11,865,-39.0,-78.0,39.6,0,CONCEPT_NOT_FIT_VALIDATED
MON-B-00896,p6-2x1,Hot pink,#F5547C,11,866,-27.0,-78.0,39.6,0,CONCEPT_NOT_FIT_VALIDATED
MON-B-00897,p6-4x2,Purple,#5E43B7,11,867,-15.0,-69.0,39.6,90,CONCEPT_NOT_FIT_VALIDATED
MON-B-00898,p6-4x2,Purple,#5E43B7,11,868,-3.0,-69.0,39.6,90,CONCEPT_NOT_FIT_VALIDATED
MON-B-00899,p6-4x2,Purple,#5E43B7,11,869,9.0,-69.0,39.6,90,CONCEPT_NOT_FIT_VALIDATED
MON-B-00900,p6-4x1,Purple,#5E43B7,11,870,18.0,-69.0,39.6,90,CONCEPT_NOT_FIT_VALIDATED
MON-B-00901,p6-1x1,Hot pink,#F5547C,11,871,24.0,-78.0,39.6,0,CONCEPT_NOT_FIT_VALIDATED
MON-B-00902,p6-2x1,Hot pink,#F5547C,11,872,33.0,-78.0,39.6,0,CONCEPT_NOT_FIT_VALIDATED
MON-B-00903,p6-2x1,Hot pink,#F5547C,11,873,45.0,-78.0,39.6,0,CONCEPT_NOT_FIT_VALIDATED
MON-B-00904,p6-1x1,Hot pink,#F5547C,11,874,-54.0,-72.0,39.6,0,CONCEPT_NOT_FIT_VALIDATED
MON-B-00905,p6-3x1,Purple,#5E43B7,11,875,-48.0,-66.0,39.6,90,CONCEPT_NOT_FIT_VALIDATED
MON-B-00906,p6-3x2,Purple,#5E43B7,11,876,-39.0,-66.0,39.6,90,CONCEPT_NOT_FIT_VALIDATED
MON-B-00907,p6-3x2,Purple,#5E43B7,11,877,-27.0,-66.0,39.6,90,CONCEPT_NOT_FIT_VALIDATED
MON-B-00908,p6-3x1,Purple,#5E43B7,11,878,24.0,-66.0,39.6,90,CONCEPT_NOT_FIT_VALIDATED
MON-B-00909,p6-3x2,Purple,#5E43B7,11,879,33.0,-66.0,39.6,90,CONCEPT_NOT_FIT_VALIDATED
MON-B-00910,p6-3x2,Purple,#5E43B7,11,880,45.0,-66.0,39.6,90,CONCEPT_NOT_FIT_VALIDATED
MON-B-00870,p6-2x1,Hot pink,#F5547C,10,881,51.0,-72.0,36.0,0,CONCEPT_NOT_FIT_VALIDATED
MON-B-00677,p6-1x1,Hot pink,#F5547C,9,882,48.0,-72.0,32.4,0,CONCEPT_NOT_FIT_VALIDATED
MON-B-00636,p6-1x1,Hot pink,#F5547C,8,883,48.0,-72.0,28.8,0,CONCEPT_NOT_FIT_VALIDATED
MON-B-00911,p6-1x1,Hot pink,#F5547C,11,884,54.0,-72.0,39.6,0,CONCEPT_NOT_FIT_VALIDATED
MON-B-00913,p6-2x1,Purple,#5E43B7,11,885,-54.0,-63.0,39.6,90,CONCEPT_NOT_FIT_VALIDATED
MON-B-00914,p6-2x1,Purple,#5E43B7,11,886,54.0,-63.0,39.6,90,CONCEPT_NOT_FIT_VALIDATED
MON-B-00920,p6-1x1,Hot pink,#F5547C,11,887,-66.0,-54.0,39.6,0,CONCEPT_NOT_FIT_VALIDATED
MON-B-00921,p6-4x1,Purple,#5E43B7,11,888,-60.0,-45.0,39.6,90,CONCEPT_NOT_FIT_VALIDATED
MON-B-00922,p6-4x2,Purple,#5E43B7,11,889,-51.0,-45.0,39.6,90,CONCEPT_NOT_FIT_VALIDATED
MON-B-00923,p6-4x2,Purple,#5E43B7,11,890,-39.0,-45.0,39.6,90,CONCEPT_NOT_FIT_VALIDATED
MON-B-00924,p6-4x2,Purple,#5E43B7,11,891,-27.0,-45.0,39.6,90,CONCEPT_NOT_FIT_VALIDATED
MON-B-00925,p6-4x2,Purple,#5E43B7,11,892,-15.0,-45.0,39.6,90,CONCEPT_NOT_FIT_VALIDATED
MON-B-00926,p6-4x2,Purple,#5E43B7,11,893,-3.0,-45.0,39.6,90,CONCEPT_NOT_FIT_VALIDATED
MON-B-00927,p6-4x2,Purple,#5E43B7,11,894,9.0,-45.0,39.6,90,CONCEPT_NOT_FIT_VALIDATED
MON-B-00928,p6-4x2,Purple,#5E43B7,11,895,21.0,-45.0,39.6,90,CONCEPT_NOT_FIT_VALIDATED
MON-B-00929,p6-4x2,Purple,#5E43B7,11,896,33.0,-45.0,39.6,90,CONCEPT_NOT_FIT_VALIDATED
MON-B-00930,p6-4x2,Purple,#5E43B7,11,897,45.0,-45.0,39.6,90,CONCEPT_NOT_FIT_VALIDATED
MON-B-00931,p6-4x2,Purple,#5E43B7,11,898,57.0,-45.0,39.6,90,CONCEPT_NOT_FIT_VALIDATED
MON-B-00933,p6-3x1,Purple,#5E43B7,11,899,-72.0,-42.0,39.6,90,CONCEPT_NOT_FIT_VALIDATED
MON-B-00934,p6-3x1,Purple,#5E43B7,11,900,-66.0,-42.0,39.6,90,CONCEPT_NOT_FIT_VALIDATED
MON-B-00935,p6-3x2,Purple,#5E43B7,11,901,69.0,-42.0,39.6,90,CONCEPT_NOT_FIT_VALIDATED
MON-B-00938,p6-2x1,Purple,#5E43B7,11,902,-78.0,-39.0,39.6,90,CONCEPT_NOT_FIT_VALIDATED
MON-B-00939,p6-2x2,Purple,#5E43B7,11,903,81.0,-39.0,39.6,0,CONCEPT_NOT_FIT_VALIDATED
MON-B-00942,p6-4x1,Purple,#5E43B7,11,904,-84.0,-21.0,39.6,90,CONCEPT_NOT_FIT_VALIDATED
MON-B-00943,p6-4x2,Purple,#5E43B7,11,905,-75.0,-21.0,39.6,90,CONCEPT_NOT_FIT_VALIDATED
MON-B-00944,p6-4x2,Purple,#5E43B7,11,906,-63.0,-21.0,39.6,90,CONCEPT_NOT_FIT_VALIDATED
MON-B-00945,p6-4x2,Purple,#5E43B7,11,907,-51.0,-21.0,39.6,90,CONCEPT_NOT_FIT_VALIDATED
MON-B-00946,p6-4x2,Purple,#5E43B7,11,908,-39.0,-21.0,39.6,90,CONCEPT_NOT_FIT_VALIDATED
MON-B-00947,p6-4x2,Purple,#5E43B7,11,909,-27.0,-21.0,39.6,90,CONCEPT_NOT_FIT_VALIDATED
MON-B-00948,p6-4x2,Purple,#5E43B7,11,910,-15.0,-21.0,39.6,90,CONCEPT_NOT_FIT_VALIDATED
MON-B-00949,p6-4x2,Purple,#5E43B7,11,911,-3.0,-21.0,39.6,90,CONCEPT_NOT_FIT_VALIDATED
MON-B-00950,p6-4x2,Purple,#5E43B7,11,912,9.0,-21.0,39.6,90,CONCEPT_NOT_FIT_VALIDATED
MON-B-00951,p6-4x2,Purple,#5E43B7,11,913,21.0,-21.0,39.6,90,CONCEPT_NOT_FIT_VALIDATED
MON-B-00952,p6-4x2,Purple,#5E43B7,11,914,33.0,-21.0,39.6,90,CONCEPT_NOT_FIT_VALIDATED
MON-B-00953,p6-4x2,Purple,#5E43B7,11,915,45.0,-21.0,39.6,90,CONCEPT_NOT_FIT_VALIDATED
MON-B-00954,p6-4x2,Purple,#5E43B7,11,916,57.0,-21.0,39.6,90,CONCEPT_NOT_FIT_VALIDATED
MON-B-00955,p6-4x2,Purple,#5E43B7,11,917,69.0,-21.0,39.6,90,CONCEPT_NOT_FIT_VALIDATED
MON-B-00956,p6-4x1,Purple,#5E43B7,11,918,78.0,-21.0,39.6,90,CONCEPT_NOT_FIT_VALIDATED
MON-B-00957,p6-3x1,Purple,#5E43B7,11,919,84.0,-18.0,39.6,90,CONCEPT_NOT_FIT_VALIDATED
MON-B-00887,p6-1x1,Purple,#5E43B7,10,920,84.0,-24.0,36.0,0,CONCEPT_NOT_FIT_VALIDATED
MON-B-00958,p6-4x1,Purple,#5E43B7,11,921,-84.0,3.0,39.6,90,CONCEPT_NOT_FIT_VALIDATED
MON-B-00959,p6-4x2,Purple,#5E43B7,11,922,-75.0,3.0,39.6,90,CONCEPT_NOT_FIT_VALIDATED
MON-B-00960,p6-4x2,Purple,#5E43B7,11,923,-63.0,3.0,39.6,90,CONCEPT_NOT_FIT_VALIDATED
MON-B-00961,p6-4x2,Purple,#5E43B7,11,924,-51.0,3.0,39.6,90,CONCEPT_NOT_FIT_VALIDATED
MON-B-00962,p6-4x2,Purple,#5E43B7,11,925,-39.0,3.0,39.6,90,CONCEPT_NOT_FIT_VALIDATED
MON-B-00963,p6-4x2,Purple,#5E43B7,11,926,-27.0,3.0,39.6,90,CONCEPT_NOT_FIT_VALIDATED
MON-B-00964,p6-4x2,Purple,#5E43B7,11,927,-15.0,3.0,39.6,90,CONCEPT_NOT_FIT_VALIDATED
MON-B-00965,p6-4x2,Purple,#5E43B7,11,928,-3.0,3.0,39.6,90,CONCEPT_NOT_FIT_VALIDATED
MON-B-00966,p6-4x2,Purple,#5E43B7,11,929,9.0,3.0,39.6,90,CONCEPT_NOT_FIT_VALIDATED
MON-B-00967,p6-4x2,Purple,#5E43B7,11,930,21.0,3.0,39.6,90,CONCEPT_NOT_FIT_VALIDATED
MON-B-00968,p6-4x2,Purple,#5E43B7,11,931,33.0,3.0,39.6,90,CONCEPT_NOT_FIT_VALIDATED
MON-B-00969,p6-4x2,Purple,#5E43B7,11,932,45.0,3.0,39.6,90,CONCEPT_NOT_FIT_VALIDATED
MON-B-00970,p6-4x2,Purple,#5E43B7,11,933,57.0,3.0,39.6,90,CONCEPT_NOT_FIT_VALIDATED
MON-B-00971,p6-4x2,Purple,#5E43B7,11,934,69.0,3.0,39.6,90,CONCEPT_NOT_FIT_VALIDATED
MON-B-00972,p6-4x2,Purple,#5E43B7,11,935,81.0,3.0,39.6,90,CONCEPT_NOT_FIT_VALIDATED
MON-B-00974,p6-4x2,Purple,#5E43B7,11,936,-75.0,27.0,39.6,90,CONCEPT_NOT_FIT_VALIDATED
MON-B-00975,p6-4x2,Purple,#5E43B7,11,937,-63.0,27.0,39.6,90,CONCEPT_NOT_FIT_VALIDATED
MON-B-00976,p6-4x2,Purple,#5E43B7,11,938,-51.0,27.0,39.6,90,CONCEPT_NOT_FIT_VALIDATED
MON-B-00977,p6-4x2,Purple,#5E43B7,11,939,-39.0,27.0,39.6,90,CONCEPT_NOT_FIT_VALIDATED
MON-B-00978,p6-4x2,Purple,#5E43B7,11,940,-27.0,27.0,39.6,90,CONCEPT_NOT_FIT_VALIDATED
MON-B-00979,p6-4x2,Purple,#5E43B7,11,941,-15.0,27.0,39.6,90,CONCEPT_NOT_FIT_VALIDATED
MON-B-00980,p6-4x2,Purple,#5E43B7,11,942,-3.0,27.0,39.6,90,CONCEPT_NOT_FIT_VALIDATED
MON-B-00981,p6-4x2,Purple,#5E43B7,11,943,9.0,27.0,39.6,90,CONCEPT_NOT_FIT_VALIDATED
MON-B-00982,p6-4x2,Purple,#5E43B7,11,944,21.0,27.0,39.6,90,CONCEPT_NOT_FIT_VALIDATED
MON-B-00983,p6-4x2,Purple,#5E43B7,11,945,33.0,27.0,39.6,90,CONCEPT_NOT_FIT_VALIDATED
MON-B-00984,p6-4x2,Purple,#5E43B7,11,946,45.0,27.0,39.6,90,CONCEPT_NOT_FIT_VALIDATED
MON-B-00985,p6-4x2,Purple,#5E43B7,11,947,57.0,27.0,39.6,90,CONCEPT_NOT_FIT_VALIDATED
MON-B-00986,p6-4x2,Purple,#5E43B7,11,948,69.0,27.0,39.6,90,CONCEPT_NOT_FIT_VALIDATED
MON-B-00987,p6-4x1,Purple,#5E43B7,11,949,78.0,27.0,39.6,90,CONCEPT_NOT_FIT_VALIDATED
MON-B-00989,p6-2x1,Purple,#5E43B7,11,950,-72.0,45.0,39.6,90,CONCEPT_NOT_FIT_VALIDATED
MON-B-00990,p6-3x2,Purple,#5E43B7,11,951,-63.0,48.0,39.6,90,CONCEPT_NOT_FIT_VALIDATED
MON-B-00991,p6-4x2,Purple,#5E43B7,11,952,-51.0,51.0,39.6,90,CONCEPT_NOT_FIT_VALIDATED
MON-B-00992,p6-4x2,Purple,#5E43B7,11,953,-39.0,51.0,39.6,90,CONCEPT_NOT_FIT_VALIDATED
MON-B-00993,p6-4x2,Purple,#5E43B7,11,954,-27.0,51.0,39.6,90,CONCEPT_NOT_FIT_VALIDATED
MON-B-00994,p6-4x2,Purple,#5E43B7,11,955,-15.0,51.0,39.6,90,CONCEPT_NOT_FIT_VALIDATED
MON-B-00995,p6-4x2,Purple,#5E43B7,11,956,-3.0,51.0,39.6,90,CONCEPT_NOT_FIT_VALIDATED
MON-B-00996,p6-4x2,Purple,#5E43B7,11,957,9.0,51.0,39.6,90,CONCEPT_NOT_FIT_VALIDATED
MON-B-00997,p6-4x2,Purple,#5E43B7,11,958,21.0,51.0,39.6,90,CONCEPT_NOT_FIT_VALIDATED
MON-B-00998,p6-4x2,Purple,#5E43B7,11,959,33.0,51.0,39.6,90,CONCEPT_NOT_FIT_VALIDATED
MON-B-00999,p6-4x2,Purple,#5E43B7,11,960,45.0,51.0,39.6,90,CONCEPT_NOT_FIT_VALIDATED
MON-B-01000,p6-3x2,Purple,#5E43B7,11,961,57.0,48.0,39.6,90,CONCEPT_NOT_FIT_VALIDATED
MON-B-01001,p6-3x1,Purple,#5E43B7,11,962,66.0,48.0,39.6,90,CONCEPT_NOT_FIT_VALIDATED
MON-B-01004,p6-1x1,Purple,#5E43B7,11,963,54.0,60.0,39.6,0,CONCEPT_NOT_FIT_VALIDATED
MON-B-01005,p6-1x1,Purple,#5E43B7,11,964,-48.0,66.0,39.6,0,CONCEPT_NOT_FIT_VALIDATED
MON-B-01006,p6-2x1,Purple,#5E43B7,11,965,-39.0,66.0,39.6,0,CONCEPT_NOT_FIT_VALIDATED
MON-B-01007,p6-2x2,Purple,#5E43B7,11,966,-27.0,69.0,39.6,0,CONCEPT_NOT_FIT_VALIDATED
MON-B-01008,p6-2x2,Purple,#5E43B7,11,967,-15.0,69.0,39.6,0,CONCEPT_NOT_FIT_VALIDATED
MON-B-01009,p6-3x2,Purple,#5E43B7,11,968,-3.0,72.0,39.6,90,CONCEPT_NOT_FIT_VALIDATED
MON-B-01010,p6-3x2,Purple,#5E43B7,11,969,9.0,72.0,39.6,90,CONCEPT_NOT_FIT_VALIDATED
MON-B-01011,p6-2x2,Purple,#5E43B7,11,970,21.0,69.0,39.6,0,CONCEPT_NOT_FIT_VALIDATED
MON-B-01012,p6-2x2,Purple,#5E43B7,11,971,33.0,69.0,39.6,0,CONCEPT_NOT_FIT_VALIDATED
MON-B-00855,p6-1x1,Purple,#5E43B7,10,972,36.0,66.0,36.0,0,CONCEPT_NOT_FIT_VALIDATED
MON-B-00766,p6-1x1,Purple,#5E43B7,9,973,36.0,66.0,32.4,0,CONCEPT_NOT_FIT_VALIDATED
MON-B-01020,p6-4x1,Purple,#5E43B7,12,974,-75.0,-42.0,43.2,0,CONCEPT_NOT_FIT_VALIDATED
MON-B-00937,p6-2x2,Purple,#5E43B7,11,975,-87.0,-39.0,39.6,0,CONCEPT_NOT_FIT_VALIDATED
MON-B-00773,p6-3x2,Purple,#5E43B7,10,976,-96.0,-39.0,36.0,0,CONCEPT_NOT_FIT_VALIDATED
MON-B-00936,p6-2x2,Purple,#5E43B7,11,977,-99.0,-39.0,39.6,0,CONCEPT_NOT_FIT_VALIDATED
MON-B-01016,p6-2x1,Purple,#5E43B7,12,978,-93.0,-42.0,43.2,0,CONCEPT_NOT_FIT_VALIDATED
MON-B-01017,p6-2x1,Purple,#5E43B7,12,979,-93.0,-36.0,43.2,0,CONCEPT_NOT_FIT_VALIDATED
MON-B-01021,p6-4x2,Purple,#5E43B7,12,980,-75.0,-33.0,43.2,0,CONCEPT_NOT_FIT_VALIDATED
MON-B-01022,p6-4x2,Purple,#5E43B7,12,981,-75.0,-21.0,43.2,0,CONCEPT_NOT_FIT_VALIDATED
MON-B-01023,p6-4x2,Purple,#5E43B7,12,982,-75.0,-9.0,43.2,0,CONCEPT_NOT_FIT_VALIDATED
MON-B-01024,p6-4x2,Purple,#5E43B7,12,983,-75.0,3.0,43.2,0,CONCEPT_NOT_FIT_VALIDATED
MON-B-01025,p6-4x2,Purple,#5E43B7,12,984,-75.0,15.0,43.2,0,CONCEPT_NOT_FIT_VALIDATED
MON-B-00973,p6-2x1,Purple,#5E43B7,11,985,-84.0,21.0,39.6,90,CONCEPT_NOT_FIT_VALIDATED
MON-B-00778,p6-1x1,Purple,#5E43B7,10,986,-84.0,18.0,36.0,0,CONCEPT_NOT_FIT_VALIDATED
MON-B-01026,p6-4x2,Purple,#5E43B7,12,987,-75.0,27.0,43.2,0,CONCEPT_NOT_FIT_VALIDATED
MON-B-01027,p6-3x2,Purple,#5E43B7,12,988,-72.0,39.0,43.2,0,CONCEPT_NOT_FIT_VALIDATED
MON-B-01028,p6-2x1,Purple,#5E43B7,12,989,-69.0,-48.0,43.2,0,CONCEPT_NOT_FIT_VALIDATED
MON-B-01029,p6-2x1,Purple,#5E43B7,12,990,-69.0,48.0,43.2,0,CONCEPT_NOT_FIT_VALIDATED
MON-B-01030,p6-2x1,Hot pink,#F5547C,12,991,-66.0,-57.0,43.2,90,CONCEPT_NOT_FIT_VALIDATED
MON-B-00916,p6-1x1,Hot pink,#F5547C,11,992,-66.0,-60.0,39.6,0,CONCEPT_NOT_FIT_VALIDATED
MON-B-00788,p6-1x1,Hot pink,#F5547C,10,993,-66.0,-60.0,36.0,0,CONCEPT_NOT_FIT_VALIDATED
MON-B-01031,p6-1x1,Purple,#5E43B7,12,994,-66.0,54.0,43.2,0,CONCEPT_NOT_FIT_VALIDATED
MON-B-01033,p6-4x2,Purple,#5E43B7,12,995,-51.0,-57.0,43.2,0,CONCEPT_NOT_FIT_VALIDATED
MON-B-00917,p6-1x1,Purple,#5E43B7,11,996,-60.0,-60.0,39.6,0,CONCEPT_NOT_FIT_VALIDATED
MON-B-00792,p6-1x1,Purple,#5E43B7,10,997,-60.0,-60.0,36.0,0,CONCEPT_NOT_FIT_VALIDATED
MON-B-00682,p6-1x1,Hot pink,#F5547C,9,998,-60.0,-60.0,32.4,0,CONCEPT_NOT_FIT_VALIDATED
MON-B-00572,p6-1x1,Hot pink,#F5547C,8,999,-60.0,-60.0,28.8,0,CONCEPT_NOT_FIT_VALIDATED
MON-B-00477,p6-1x1,Hot pink,#F5547C,7,1000,-60.0,-60.0,25.2,0,CONCEPT_NOT_FIT_VALIDATED
MON-B-01034,p6-4x2,Purple,#5E43B7,12,1001,-51.0,-45.0,43.2,0,CONCEPT_NOT_FIT_VALIDATED
MON-B-01035,p6-4x2,Purple,#5E43B7,12,1002,-51.0,-33.0,43.2,0,CONCEPT_NOT_FIT_VALIDATED
MON-B-01036,p6-4x2,Purple,#5E43B7,12,1003,-51.0,-21.0,43.2,0,CONCEPT_NOT_FIT_VALIDATED
MON-B-01037,p6-4x2,Purple,#5E43B7,12,1004,-51.0,-9.0,43.2,0,CONCEPT_NOT_FIT_VALIDATED
MON-B-01038,p6-4x2,Purple,#5E43B7,12,1005,-51.0,3.0,43.2,0,CONCEPT_NOT_FIT_VALIDATED
MON-B-01039,p6-4x2,Purple,#5E43B7,12,1006,-51.0,15.0,43.2,0,CONCEPT_NOT_FIT_VALIDATED
MON-B-01040,p6-4x2,Purple,#5E43B7,12,1007,-51.0,27.0,43.2,0,CONCEPT_NOT_FIT_VALIDATED
MON-B-01041,p6-4x2,Purple,#5E43B7,12,1008,-51.0,39.0,43.2,0,CONCEPT_NOT_FIT_VALIDATED
MON-B-01042,p6-4x2,Purple,#5E43B7,12,1009,-51.0,51.0,43.2,0,CONCEPT_NOT_FIT_VALIDATED
MON-B-01043,p6-4x1,Purple,#5E43B7,12,1010,-51.0,60.0,43.2,0,CONCEPT_NOT_FIT_VALIDATED
MON-B-01003,p6-1x1,Purple,#5E43B7,11,1011,-60.0,60.0,39.6,0,CONCEPT_NOT_FIT_VALIDATED
MON-B-01044,p6-1x1,Hot pink,#F5547C,12,1012,-54.0,-72.0,43.2,0,CONCEPT_NOT_FIT_VALIDATED
MON-B-01045,p6-3x1,Purple,#5E43B7,12,1013,-48.0,-66.0,43.2,0,CONCEPT_NOT_FIT_VALIDATED
MON-B-01046,p6-3x1,Purple,#5E43B7,12,1014,-48.0,66.0,43.2,0,CONCEPT_NOT_FIT_VALIDATED
MON-B-01047,p6-2x1,Hot pink,#F5547C,12,1015,-45.0,-78.0,43.2,0,CONCEPT_NOT_FIT_VALIDATED
MON-B-00894,p6-1x1,Hot pink,#F5547C,11,1016,-48.0,-78.0,39.6,0,CONCEPT_NOT_FIT_VALIDATED
MON-B-01048,p6-2x1,Purple,#5E43B7,12,1017,-45.0,-72.0,43.2,0,CONCEPT_NOT_FIT_VALIDATED
MON-B-01050,p6-4x1,Hot pink,#F5547C,12,1018,-27.0,-78.0,43.2,0,CONCEPT_NOT_FIT_VALIDATED
MON-B-01051,p6-4x2,Purple,#5E43B7,12,1019,-27.0,-69.0,43.2,0,CONCEPT_NOT_FIT_VALIDATED
MON-B-01052,p6-4x2,Purple,#5E43B7,12,1020,-27.0,-57.0,43.2,0,CONCEPT_NOT_FIT_VALIDATED
MON-B-01053,p6-4x2,Purple,#5E43B7,12,1021,-27.0,-45.0,43.2,0,CONCEPT_NOT_FIT_VALIDATED
MON-B-01054,p6-4x2,Purple,#5E43B7,12,1022,-27.0,-33.0,43.2,0,CONCEPT_NOT_FIT_VALIDATED
MON-B-01055,p6-4x2,Purple,#5E43B7,12,1023,-27.0,-21.0,43.2,0,CONCEPT_NOT_FIT_VALIDATED
MON-B-01056,p6-4x2,Purple,#5E43B7,12,1024,-27.0,-9.0,43.2,0,CONCEPT_NOT_FIT_VALIDATED
MON-B-01057,p6-4x2,Purple,#5E43B7,12,1025,-27.0,3.0,43.2,0,CONCEPT_NOT_FIT_VALIDATED
MON-B-01058,p6-4x2,Purple,#5E43B7,12,1026,-27.0,15.0,43.2,0,CONCEPT_NOT_FIT_VALIDATED
MON-B-01059,p6-4x2,Purple,#5E43B7,12,1027,-27.0,27.0,43.2,0,CONCEPT_NOT_FIT_VALIDATED
MON-B-01060,p6-4x2,Purple,#5E43B7,12,1028,-27.0,39.0,43.2,0,CONCEPT_NOT_FIT_VALIDATED
MON-B-01061,p6-4x2,Purple,#5E43B7,12,1029,-27.0,51.0,43.2,0,CONCEPT_NOT_FIT_VALIDATED
MON-B-01062,p6-4x2,Purple,#5E43B7,12,1030,-27.0,63.0,43.2,0,CONCEPT_NOT_FIT_VALIDATED
MON-B-01063,p6-4x1,Purple,#5E43B7,12,1031,-27.0,72.0,43.2,0,CONCEPT_NOT_FIT_VALIDATED
MON-B-01014,p6-1x1,Purple,#5E43B7,11,1032,-36.0,72.0,39.6,0,CONCEPT_NOT_FIT_VALIDATED
MON-B-01066,p6-4x1,Purple,#5E43B7,12,1033,-3.0,-78.0,43.2,0,CONCEPT_NOT_FIT_VALIDATED
MON-B-01067,p6-4x2,Purple,#5E43B7,12,1034,-3.0,-69.0,43.2,0,CONCEPT_NOT_FIT_VALIDATED
MON-B-01068,p6-4x2,Purple,#5E43B7,12,1035,-3.0,-57.0,43.2,0,CONCEPT_NOT_FIT_VALIDATED
MON-B-01069,p6-4x2,Purple,#5E43B7,12,1036,-3.0,-45.0,43.2,0,CONCEPT_NOT_FIT_VALIDATED
MON-B-01070,p6-4x2,Purple,#5E43B7,12,1037,-3.0,-33.0,43.2,0,CONCEPT_NOT_FIT_VALIDATED
MON-B-01071,p6-4x2,Purple,#5E43B7,12,1038,-3.0,-21.0,43.2,0,CONCEPT_NOT_FIT_VALIDATED
MON-B-01072,p6-4x2,Purple,#5E43B7,12,1039,-3.0,-9.0,43.2,0,CONCEPT_NOT_FIT_VALIDATED
MON-B-01073,p6-4x2,Purple,#5E43B7,12,1040,-3.0,3.0,43.2,0,CONCEPT_NOT_FIT_VALIDATED
MON-B-01074,p6-4x2,Purple,#5E43B7,12,1041,-3.0,15.0,43.2,0,CONCEPT_NOT_FIT_VALIDATED
MON-B-01075,p6-4x2,Purple,#5E43B7,12,1042,-3.0,27.0,43.2,0,CONCEPT_NOT_FIT_VALIDATED
MON-B-01076,p6-4x2,Purple,#5E43B7,12,1043,-3.0,39.0,43.2,0,CONCEPT_NOT_FIT_VALIDATED
MON-B-01077,p6-4x2,Purple,#5E43B7,12,1044,-3.0,51.0,43.2,0,CONCEPT_NOT_FIT_VALIDATED
MON-B-01078,p6-4x2,Purple,#5E43B7,12,1045,-3.0,63.0,43.2,0,CONCEPT_NOT_FIT_VALIDATED
MON-B-01079,p6-4x2,Purple,#5E43B7,12,1046,-3.0,75.0,43.2,0,CONCEPT_NOT_FIT_VALIDATED
MON-B-01015,p6-1x1,Purple,#5E43B7,11,1047,-12.0,78.0,39.6,0,CONCEPT_NOT_FIT_VALIDATED
MON-B-01080,p6-3x1,Black,#000000,12,1048,0.0,-84.0,43.2,0,CONCEPT_NOT_FIT_VALIDATED
MON-B-01081,p6-2x1,Hot pink,#F5547C,12,1049,15.0,-84.0,43.2,0,CONCEPT_NOT_FIT_VALIDATED
MON-B-00893,p6-1x1,Hot pink,#F5547C,11,1050,18.0,-84.0,39.6,0,CONCEPT_NOT_FIT_VALIDATED
MON-B-01082,p6-2x1,Purple,#5E43B7,12,1051,15.0,-78.0,43.2,0,CONCEPT_NOT_FIT_VALIDATED
MON-B-01083,p6-4x2,Purple,#5E43B7,12,1052,21.0,-69.0,43.2,0,CONCEPT_NOT_FIT_VALIDATED
MON-B-01084,p6-4x2,Purple,#5E43B7,12,1053,21.0,-57.0,43.2,0,CONCEPT_NOT_FIT_VALIDATED
MON-B-01085,p6-4x2,Purple,#5E43B7,12,1054,21.0,-45.0,43.2,0,CONCEPT_NOT_FIT_VALIDATED
MON-B-01086,p6-4x2,Purple,#5E43B7,12,1055,21.0,-33.0,43.2,0,CONCEPT_NOT_FIT_VALIDATED
MON-B-01087,p6-4x2,Purple,#5E43B7,12,1056,21.0,-21.0,43.2,0,CONCEPT_NOT_FIT_VALIDATED
MON-B-01088,p6-4x2,Purple,#5E43B7,12,1057,21.0,-9.0,43.2,0,CONCEPT_NOT_FIT_VALIDATED
MON-B-01089,p6-4x2,Purple,#5E43B7,12,1058,21.0,3.0,43.2,0,CONCEPT_NOT_FIT_VALIDATED
MON-B-01090,p6-4x2,Purple,#5E43B7,12,1059,21.0,15.0,43.2,0,CONCEPT_NOT_FIT_VALIDATED
MON-B-01091,p6-4x2,Purple,#5E43B7,12,1060,21.0,27.0,43.2,0,CONCEPT_NOT_FIT_VALIDATED
MON-B-01092,p6-4x2,Purple,#5E43B7,12,1061,21.0,39.0,43.2,0,CONCEPT_NOT_FIT_VALIDATED
MON-B-01093,p6-4x2,Purple,#5E43B7,12,1062,21.0,51.0,43.2,0,CONCEPT_NOT_FIT_VALIDATED
MON-B-01094,p6-4x2,Purple,#5E43B7,12,1063,21.0,63.0,43.2,0,CONCEPT_NOT_FIT_VALIDATED
MON-B-01095,p6-3x2,Purple,#5E43B7,12,1064,18.0,75.0,43.2,0,CONCEPT_NOT_FIT_VALIDATED
MON-B-01096,p6-2x1,Hot pink,#F5547C,12,1065,27.0,-78.0,43.2,0,CONCEPT_NOT_FIT_VALIDATED
MON-B-01097,p6-1x1,Purple,#5E43B7,12,1066,30.0,72.0,43.2,0,CONCEPT_NOT_FIT_VALIDATED
MON-B-01098,p6-3x1,Hot pink,#F5547C,12,1067,42.0,-78.0,43.2,0,CONCEPT_NOT_FIT_VALIDATED
MON-B-01099,p6-3x2,Purple,#5E43B7,12,1068,42.0,-69.0,43.2,0,CONCEPT_NOT_FIT_VALIDATED
MON-B-01100,p6-4x2,Purple,#5E43B7,12,1069,45.0,-57.0,43.2,0,CONCEPT_NOT_FIT_VALIDATED
MON-B-01101,p6-4x2,Purple,#5E43B7,12,1070,45.0,-45.0,43.2,0,CONCEPT_NOT_FIT_VALIDATED
MON-B-01102,p6-4x2,Purple,#5E43B7,12,1071,45.0,-33.0,43.2,0,CONCEPT_NOT_FIT_VALIDATED
MON-B-01103,p6-4x2,Purple,#5E43B7,12,1072,45.0,-21.0,43.2,0,CONCEPT_NOT_FIT_VALIDATED
MON-B-01104,p6-4x2,Purple,#5E43B7,12,1073,45.0,-9.0,43.2,0,CONCEPT_NOT_FIT_VALIDATED
MON-B-01105,p6-4x2,Purple,#5E43B7,12,1074,45.0,3.0,43.2,0,CONCEPT_NOT_FIT_VALIDATED
MON-B-01106,p6-4x2,Purple,#5E43B7,12,1075,45.0,15.0,43.2,0,CONCEPT_NOT_FIT_VALIDATED
MON-B-01107,p6-4x2,Purple,#5E43B7,12,1076,45.0,27.0,43.2,0,CONCEPT_NOT_FIT_VALIDATED
MON-B-01108,p6-4x2,Purple,#5E43B7,12,1077,45.0,39.0,43.2,0,CONCEPT_NOT_FIT_VALIDATED
MON-B-01109,p6-4x2,Purple,#5E43B7,12,1078,45.0,51.0,43.2,0,CONCEPT_NOT_FIT_VALIDATED
MON-B-01110,p6-4x2,Purple,#5E43B7,12,1079,45.0,63.0,43.2,0,CONCEPT_NOT_FIT_VALIDATED
MON-B-01013,p6-2x1,Purple,#5E43B7,11,1080,45.0,66.0,39.6,0,CONCEPT_NOT_FIT_VALIDATED
MON-B-00869,p6-1x1,Purple,#5E43B7,10,1081,42.0,66.0,36.0,0,CONCEPT_NOT_FIT_VALIDATED
MON-B-01111,p6-2x1,Purple,#5E43B7,12,1082,39.0,72.0,43.2,0,CONCEPT_NOT_FIT_VALIDATED
MON-B-01112,p6-1x1,Hot pink,#F5547C,12,1083,54.0,-72.0,43.2,0,CONCEPT_NOT_FIT_VALIDATED
MON-B-01113,p6-1x1,Purple,#5E43B7,12,1084,54.0,-66.0,43.2,0,CONCEPT_NOT_FIT_VALIDATED
MON-B-01115,p6-2x1,Purple,#5E43B7,12,1085,60.0,-57.0,43.2,90,CONCEPT_NOT_FIT_VALIDATED
MON-B-00918,p6-1x1,Purple,#5E43B7,11,1086,60.0,-60.0,39.6,0,CONCEPT_NOT_FIT_VALIDATED
MON-B-00872,p6-1x1,Purple,#5E43B7,10,1087,60.0,-60.0,36.0,0,CONCEPT_NOT_FIT_VALIDATED
MON-B-00685,p6-1x1,Hot pink,#F5547C,9,1088,60.0,-60.0,32.4,0,CONCEPT_NOT_FIT_VALIDATED
MON-B-00649,p6-1x1,Hot pink,#F5547C,8,1089,60.0,-60.0,28.8,0,CONCEPT_NOT_FIT_VALIDATED
MON-B-01116,p6-3x2,Purple,#5E43B7,12,1090,66.0,-45.0,43.2,0,CONCEPT_NOT_FIT_VALIDATED
MON-B-01117,p6-4x2,Purple,#5E43B7,12,1091,69.0,-33.0,43.2,0,CONCEPT_NOT_FIT_VALIDATED
MON-B-01118,p6-4x2,Purple,#5E43B7,12,1092,69.0,-21.0,43.2,0,CONCEPT_NOT_FIT_VALIDATED
MON-B-01119,p6-4x2,Purple,#5E43B7,12,1093,69.0,-9.0,43.2,0,CONCEPT_NOT_FIT_VALIDATED
MON-B-01120,p6-4x2,Purple,#5E43B7,12,1094,69.0,3.0,43.2,0,CONCEPT_NOT_FIT_VALIDATED
MON-B-01121,p6-4x2,Purple,#5E43B7,12,1095,69.0,15.0,43.2,0,CONCEPT_NOT_FIT_VALIDATED
MON-B-01122,p6-4x2,Purple,#5E43B7,12,1096,69.0,27.0,43.2,0,CONCEPT_NOT_FIT_VALIDATED
MON-B-01123,p6-4x2,Purple,#5E43B7,12,1097,69.0,39.0,43.2,0,CONCEPT_NOT_FIT_VALIDATED
MON-B-01002,p6-1x1,Purple,#5E43B7,11,1098,72.0,42.0,39.6,0,CONCEPT_NOT_FIT_VALIDATED
MON-B-00885,p6-1x1,Purple,#5E43B7,10,1099,72.0,42.0,36.0,0,CONCEPT_NOT_FIT_VALIDATED
MON-B-01124,p6-2x2,Purple,#5E43B7,12,1100,63.0,51.0,43.2,0,CONCEPT_NOT_FIT_VALIDATED
MON-B-01128,p6-1x1,Purple,#5E43B7,12,1101,78.0,-42.0,43.2,0,CONCEPT_NOT_FIT_VALIDATED
MON-B-01129,p6-3x1,Purple,#5E43B7,12,1102,90.0,-42.0,43.2,0,CONCEPT_NOT_FIT_VALIDATED
MON-B-00940,p6-2x1,Purple,#5E43B7,11,1103,90.0,-39.0,39.6,90,CONCEPT_NOT_FIT_VALIDATED
MON-B-01130,p6-4x1,Purple,#5E43B7,12,1104,93.0,-36.0,43.2,0,CONCEPT_NOT_FIT_VALIDATED
MON-B-00889,p6-2x1,Purple,#5E43B7,11,1105,96.0,-33.0,39.6,90,CONCEPT_NOT_FIT_VALIDATED
MON-B-00888,p6-2x1,Purple,#5E43B7,10,1106,99.0,-36.0,36.0,0,CONCEPT_NOT_FIT_VALIDATED
MON-B-00941,p6-1x1,Purple,#5E43B7,11,1107,102.0,-36.0,39.6,0,CONCEPT_NOT_FIT_VALIDATED
MON-B-01132,p6-2x1,Purple,#5E43B7,12,1108,84.0,-21.0,43.2,90,CONCEPT_NOT_FIT_VALIDATED
MON-B-01133,p6-2x1,Purple,#5E43B7,12,1109,84.0,-9.0,43.2,90,CONCEPT_NOT_FIT_VALIDATED
MON-B-01134,p6-2x1,Purple,#5E43B7,12,1110,84.0,3.0,43.2,90,CONCEPT_NOT_FIT_VALIDATED
MON-B-01135,p6-2x1,Purple,#5E43B7,12,1111,84.0,15.0,43.2,90,CONCEPT_NOT_FIT_VALIDATED
MON-B-00988,p6-2x1,Purple,#5E43B7,11,1112,84.0,21.0,39.6,90,CONCEPT_NOT_FIT_VALIDATED
MON-B-01136,p6-1x1,Purple,#5E43B7,12,1113,84.0,24.0,43.2,0,CONCEPT_NOT_FIT_VALIDATED
MON-B-01137,p6-2x1,Hot pink,#F5547C,13,1114,-9.0,-84.0,46.8,0,CONCEPT_NOT_FIT_VALIDATED
MON-B-01065,p6-1x1,Hot pink,#F5547C,12,1115,-12.0,-84.0,43.2,0,CONCEPT_NOT_FIT_VALIDATED
MON-B-00890,p6-2x1,Hot pink,#F5547C,11,1116,-15.0,-84.0,39.6,0,CONCEPT_NOT_FIT_VALIDATED
MON-B-00824,p6-1x1,Hot pink,#F5547C,10,1117,-12.0,-84.0,36.0,0,CONCEPT_NOT_FIT_VALIDATED
MON-B-01138,p6-1x1,Hot pink,#F5547C,13,1118,0.0,-84.0,46.8,0,CONCEPT_NOT_FIT_VALIDATED
MON-B-01139,p6-1x1,Black,#000000,13,1119,6.0,-84.0,46.8,0,CONCEPT_NOT_FIT_VALIDATED
MON-B-01140,p6-1x1,Black,#000000,13,1120,12.0,-84.0,46.8,0,CONCEPT_NOT_FIT_VALIDATED
MON-B-01141,p6-1x1,Hot pink,#F5547C,13,1121,18.0,-84.0,46.8,0,CONCEPT_NOT_FIT_VALIDATED
MON-B-01142,p6-2x1,Hot pink,#F5547C,13,1122,-45.0,-78.0,46.8,0,CONCEPT_NOT_FIT_VALIDATED
MON-B-01143,p6-2x1,Hot pink,#F5547C,13,1123,-33.0,-78.0,46.8,0,CONCEPT_NOT_FIT_VALIDATED
MON-B-01144,p6-2x1,Hot pink,#F5547C,13,1124,-21.0,-78.0,46.8,0,CONCEPT_NOT_FIT_VALIDATED
MON-B-01145,p6-3x2,Purple,#5E43B7,13,1125,-9.0,-72.0,46.8,90,CONCEPT_NOT_FIT_VALIDATED
MON-B-01146,p6-3x2,Purple,#5E43B7,13,1126,3.0,-72.0,46.8,90,CONCEPT_NOT_FIT_VALIDATED
MON-B-01147,p6-3x2,Purple,#5E43B7,13,1127,15.0,-72.0,46.8,90,CONCEPT_NOT_FIT_VALIDATED
MON-B-01148,p6-2x1,Hot pink,#F5547C,13,1128,27.0,-78.0,46.8,0,CONCEPT_NOT_FIT_VALIDATED
MON-B-01149,p6-2x1,Hot pink,#F5547C,13,1129,39.0,-78.0,46.8,0,CONCEPT_NOT_FIT_VALIDATED
MON-B-01150,p6-1x1,Hot pink,#F5547C,13,1130,48.0,-78.0,46.8,0,CONCEPT_NOT_FIT_VALIDATED
MON-B-01151,p6-1x1,Hot pink,#F5547C,13,1131,-54.0,-72.0,46.8,0,CONCEPT_NOT_FIT_VALIDATED
MON-B-01152,p6-2x2,Purple,#5E43B7,13,1132,-45.0,-69.0,46.8,0,CONCEPT_NOT_FIT_VALIDATED
MON-B-01153,p6-2x2,Purple,#5E43B7,13,1133,-33.0,-69.0,46.8,0,CONCEPT_NOT_FIT_VALIDATED
MON-B-01154,p6-2x2,Purple,#5E43B7,13,1134,-21.0,-69.0,46.8,0,CONCEPT_NOT_FIT_VALIDATED
MON-B-01155,p6-2x2,Purple,#5E43B7,13,1135,27.0,-69.0,46.8,0,CONCEPT_NOT_FIT_VALIDATED
MON-B-01156,p6-2x2,Purple,#5E43B7,13,1136,39.0,-69.0,46.8,0,CONCEPT_NOT_FIT_VALIDATED
MON-B-01157,p6-2x1,Purple,#5E43B7,13,1137,48.0,-69.0,46.8,90,CONCEPT_NOT_FIT_VALIDATED
MON-B-01158,p6-1x1,Hot pink,#F5547C,13,1138,54.0,-72.0,46.8,0,CONCEPT_NOT_FIT_VALIDATED
MON-B-01160,p6-1x1,Purple,#5E43B7,13,1139,-54.0,-66.0,46.8,0,CONCEPT_NOT_FIT_VALIDATED
MON-B-01161,p6-1x1,Purple,#5E43B7,13,1140,54.0,-66.0,46.8,0,CONCEPT_NOT_FIT_VALIDATED
MON-B-01163,p6-2x1,Hot pink,#F5547C,13,1141,-66.0,-57.0,46.8,90,CONCEPT_NOT_FIT_VALIDATED
MON-B-01164,p6-4x2,Purple,#5E43B7,13,1142,-57.0,-51.0,46.8,90,CONCEPT_NOT_FIT_VALIDATED
MON-B-01165,p6-4x2,Purple,#5E43B7,13,1143,-45.0,-51.0,46.8,90,CONCEPT_NOT_FIT_VALIDATED
MON-B-01166,p6-4x2,Purple,#5E43B7,13,1144,-33.0,-51.0,46.8,90,CONCEPT_NOT_FIT_VALIDATED
MON-B-01167,p6-4x2,Purple,#5E43B7,13,1145,-21.0,-51.0,46.8,90,CONCEPT_NOT_FIT_VALIDATED
MON-B-01168,p6-4x2,Purple,#5E43B7,13,1146,-9.0,-51.0,46.8,90,CONCEPT_NOT_FIT_VALIDATED
MON-B-01169,p6-4x2,Purple,#5E43B7,13,1147,3.0,-51.0,46.8,90,CONCEPT_NOT_FIT_VALIDATED
MON-B-01170,p6-4x2,Purple,#5E43B7,13,1148,15.0,-51.0,46.8,90,CONCEPT_NOT_FIT_VALIDATED
MON-B-01171,p6-4x2,Purple,#5E43B7,13,1149,27.0,-51.0,46.8,90,CONCEPT_NOT_FIT_VALIDATED
MON-B-01172,p6-4x2,Purple,#5E43B7,13,1150,39.0,-51.0,46.8,90,CONCEPT_NOT_FIT_VALIDATED
MON-B-01173,p6-4x2,Purple,#5E43B7,13,1151,51.0,-51.0,46.8,90,CONCEPT_NOT_FIT_VALIDATED
MON-B-01174,p6-4x1,Purple,#5E43B7,13,1152,60.0,-51.0,46.8,90,CONCEPT_NOT_FIT_VALIDATED
MON-B-01176,p6-2x2,Purple,#5E43B7,13,1153,-69.0,-45.0,46.8,0,CONCEPT_NOT_FIT_VALIDATED
MON-B-01177,p6-2x1,Purple,#5E43B7,13,1154,66.0,-45.0,46.8,90,CONCEPT_NOT_FIT_VALIDATED
MON-B-01178,p6-2x1,Purple,#5E43B7,13,1155,72.0,-45.0,46.8,90,CONCEPT_NOT_FIT_VALIDATED
MON-B-01179,p6-1x1,Purple,#5E43B7,13,1156,-90.0,-42.0,46.8,0,CONCEPT_NOT_FIT_VALIDATED
MON-B-01180,p6-2x1,Purple,#5E43B7,13,1157,-81.0,-42.0,46.8,0,CONCEPT_NOT_FIT_VALIDATED
MON-B-01181,p6-1x1,Purple,#5E43B7,13,1158,78.0,-42.0,46.8,0,CONCEPT_NOT_FIT_VALIDATED
MON-B-01182,p6-1x1,Purple,#5E43B7,13,1159,84.0,-42.0,46.8,0,CONCEPT_NOT_FIT_VALIDATED
MON-B-01184,p6-2x1,Purple,#5E43B7,13,1160,-96.0,-33.0,46.8,90,CONCEPT_NOT_FIT_VALIDATED
MON-B-01185,p6-1x1,Purple,#5E43B7,13,1161,-90.0,-36.0,46.8,0,CONCEPT_NOT_FIT_VALIDATED
MON-B-01186,p6-4x2,Purple,#5E43B7,13,1162,-81.0,-27.0,46.8,90,CONCEPT_NOT_FIT_VALIDATED
MON-B-01187,p6-4x2,Purple,#5E43B7,13,1163,-69.0,-27.0,46.8,90,CONCEPT_NOT_FIT_VALIDATED
MON-B-01188,p6-4x2,Purple,#5E43B7,13,1164,-57.0,-27.0,46.8,90,CONCEPT_NOT_FIT_VALIDATED
MON-B-01189,p6-4x2,Purple,#5E43B7,13,1165,-45.0,-27.0,46.8,90,CONCEPT_NOT_FIT_VALIDATED
MON-B-01190,p6-4x2,Purple,#5E43B7,13,1166,-33.0,-27.0,46.8,90,CONCEPT_NOT_FIT_VALIDATED
MON-B-01191,p6-4x2,Purple,#5E43B7,13,1167,-21.0,-27.0,46.8,90,CONCEPT_NOT_FIT_VALIDATED
MON-B-01192,p6-4x2,Purple,#5E43B7,13,1168,-9.0,-27.0,46.8,90,CONCEPT_NOT_FIT_VALIDATED
MON-B-01193,p6-4x2,Purple,#5E43B7,13,1169,3.0,-27.0,46.8,90,CONCEPT_NOT_FIT_VALIDATED
MON-B-01194,p6-4x2,Purple,#5E43B7,13,1170,15.0,-27.0,46.8,90,CONCEPT_NOT_FIT_VALIDATED
MON-B-01195,p6-4x2,Purple,#5E43B7,13,1171,27.0,-27.0,46.8,90,CONCEPT_NOT_FIT_VALIDATED
MON-B-01196,p6-4x2,Purple,#5E43B7,13,1172,39.0,-27.0,46.8,90,CONCEPT_NOT_FIT_VALIDATED
MON-B-01197,p6-4x2,Purple,#5E43B7,13,1173,51.0,-27.0,46.8,90,CONCEPT_NOT_FIT_VALIDATED
MON-B-01198,p6-4x2,Purple,#5E43B7,13,1174,63.0,-27.0,46.8,90,CONCEPT_NOT_FIT_VALIDATED
MON-B-01199,p6-4x2,Purple,#5E43B7,13,1175,75.0,-27.0,46.8,90,CONCEPT_NOT_FIT_VALIDATED
MON-B-01200,p6-4x1,Purple,#5E43B7,13,1176,84.0,-27.0,46.8,90,CONCEPT_NOT_FIT_VALIDATED
MON-B-01131,p6-1x1,Purple,#5E43B7,12,1177,84.0,-30.0,43.2,0,CONCEPT_NOT_FIT_VALIDATED
MON-B-01201,p6-1x1,Purple,#5E43B7,13,1178,90.0,-36.0,46.8,0,CONCEPT_NOT_FIT_VALIDATED
MON-B-01202,p6-2x1,Purple,#5E43B7,13,1179,96.0,-33.0,46.8,90,CONCEPT_NOT_FIT_VALIDATED
MON-B-01204,p6-4x2,Purple,#5E43B7,13,1180,-81.0,-3.0,46.8,90,CONCEPT_NOT_FIT_VALIDATED
MON-B-01205,p6-4x2,Purple,#5E43B7,13,1181,-69.0,-3.0,46.8,90,CONCEPT_NOT_FIT_VALIDATED
MON-B-01206,p6-4x2,Purple,#5E43B7,13,1182,-57.0,-3.0,46.8,90,CONCEPT_NOT_FIT_VALIDATED
MON-B-01207,p6-4x2,Purple,#5E43B7,13,1183,-45.0,-3.0,46.8,90,CONCEPT_NOT_FIT_VALIDATED
MON-B-01208,p6-4x2,Purple,#5E43B7,13,1184,-33.0,-3.0,46.8,90,CONCEPT_NOT_FIT_VALIDATED
MON-B-01209,p6-4x2,Purple,#5E43B7,13,1185,-21.0,-3.0,46.8,90,CONCEPT_NOT_FIT_VALIDATED
MON-B-01210,p6-4x2,Purple,#5E43B7,13,1186,-9.0,-3.0,46.8,90,CONCEPT_NOT_FIT_VALIDATED
MON-B-01211,p6-4x2,Purple,#5E43B7,13,1187,3.0,-3.0,46.8,90,CONCEPT_NOT_FIT_VALIDATED
MON-B-01212,p6-4x2,Purple,#5E43B7,13,1188,15.0,-3.0,46.8,90,CONCEPT_NOT_FIT_VALIDATED
MON-B-01213,p6-4x2,Purple,#5E43B7,13,1189,27.0,-3.0,46.8,90,CONCEPT_NOT_FIT_VALIDATED
MON-B-01214,p6-4x2,Purple,#5E43B7,13,1190,39.0,-3.0,46.8,90,CONCEPT_NOT_FIT_VALIDATED
MON-B-01215,p6-4x2,Purple,#5E43B7,13,1191,51.0,-3.0,46.8,90,CONCEPT_NOT_FIT_VALIDATED
MON-B-01216,p6-4x2,Purple,#5E43B7,13,1192,63.0,-3.0,46.8,90,CONCEPT_NOT_FIT_VALIDATED
MON-B-01217,p6-4x2,Purple,#5E43B7,13,1193,75.0,-3.0,46.8,90,CONCEPT_NOT_FIT_VALIDATED
MON-B-01218,p6-4x1,Purple,#5E43B7,13,1194,84.0,-3.0,46.8,90,CONCEPT_NOT_FIT_VALIDATED
MON-B-01219,p6-4x2,Purple,#5E43B7,13,1195,-81.0,21.0,46.8,90,CONCEPT_NOT_FIT_VALIDATED
MON-B-01220,p6-4x2,Purple,#5E43B7,13,1196,-69.0,21.0,46.8,90,CONCEPT_NOT_FIT_VALIDATED
MON-B-01221,p6-4x2,Purple,#5E43B7,13,1197,-57.0,21.0,46.8,90,CONCEPT_NOT_FIT_VALIDATED
MON-B-01222,p6-4x2,Purple,#5E43B7,13,1198,-45.0,21.0,46.8,90,CONCEPT_NOT_FIT_VALIDATED
MON-B-01223,p6-4x2,Purple,#5E43B7,13,1199,-33.0,21.0,46.8,90,CONCEPT_NOT_FIT_VALIDATED
MON-B-01224,p6-4x2,Purple,#5E43B7,13,1200,-21.0,21.0,46.8,90,CONCEPT_NOT_FIT_VALIDATED
MON-B-01225,p6-4x2,Purple,#5E43B7,13,1201,-9.0,21.0,46.8,90,CONCEPT_NOT_FIT_VALIDATED
MON-B-01226,p6-4x2,Purple,#5E43B7,13,1202,3.0,21.0,46.8,90,CONCEPT_NOT_FIT_VALIDATED
MON-B-01227,p6-4x2,Purple,#5E43B7,13,1203,15.0,21.0,46.8,90,CONCEPT_NOT_FIT_VALIDATED
MON-B-01228,p6-4x2,Purple,#5E43B7,13,1204,27.0,21.0,46.8,90,CONCEPT_NOT_FIT_VALIDATED
MON-B-01229,p6-4x2,Purple,#5E43B7,13,1205,39.0,21.0,46.8,90,CONCEPT_NOT_FIT_VALIDATED
MON-B-01230,p6-4x2,Purple,#5E43B7,13,1206,51.0,21.0,46.8,90,CONCEPT_NOT_FIT_VALIDATED
MON-B-01231,p6-4x2,Purple,#5E43B7,13,1207,63.0,21.0,46.8,90,CONCEPT_NOT_FIT_VALIDATED
MON-B-01232,p6-4x2,Purple,#5E43B7,13,1208,75.0,21.0,46.8,90,CONCEPT_NOT_FIT_VALIDATED
MON-B-01233,p6-4x1,Purple,#5E43B7,13,1209,84.0,21.0,46.8,90,CONCEPT_NOT_FIT_VALIDATED
MON-B-01234,p6-2x1,Purple,#5E43B7,13,1210,-78.0,39.0,46.8,90,CONCEPT_NOT_FIT_VALIDATED
MON-B-01235,p6-3x2,Purple,#5E43B7,13,1211,-69.0,42.0,46.8,90,CONCEPT_NOT_FIT_VALIDATED
MON-B-01236,p6-4x2,Purple,#5E43B7,13,1212,-57.0,45.0,46.8,90,CONCEPT_NOT_FIT_VALIDATED
MON-B-01237,p6-4x2,Purple,#5E43B7,13,1213,-45.0,45.0,46.8,90,CONCEPT_NOT_FIT_VALIDATED
MON-B-01238,p6-4x2,Purple,#5E43B7,13,1214,-33.0,45.0,46.8,90,CONCEPT_NOT_FIT_VALIDATED
MON-B-01239,p6-4x2,Purple,#5E43B7,13,1215,-21.0,45.0,46.8,90,CONCEPT_NOT_FIT_VALIDATED
MON-B-01240,p6-4x2,Purple,#5E43B7,13,1216,-9.0,45.0,46.8,90,CONCEPT_NOT_FIT_VALIDATED
MON-B-01241,p6-4x2,Purple,#5E43B7,13,1217,3.0,45.0,46.8,90,CONCEPT_NOT_FIT_VALIDATED
MON-B-01242,p6-4x2,Purple,#5E43B7,13,1218,15.0,45.0,46.8,90,CONCEPT_NOT_FIT_VALIDATED
MON-B-01243,p6-4x2,Purple,#5E43B7,13,1219,27.0,45.0,46.8,90,CONCEPT_NOT_FIT_VALIDATED
MON-B-01244,p6-4x2,Purple,#5E43B7,13,1220,39.0,45.0,46.8,90,CONCEPT_NOT_FIT_VALIDATED
MON-B-01245,p6-4x2,Purple,#5E43B7,13,1221,51.0,45.0,46.8,90,CONCEPT_NOT_FIT_VALIDATED
MON-B-01246,p6-4x2,Purple,#5E43B7,13,1222,63.0,45.0,46.8,90,CONCEPT_NOT_FIT_VALIDATED
MON-B-01247,p6-2x2,Purple,#5E43B7,13,1223,75.0,39.0,46.8,0,CONCEPT_NOT_FIT_VALIDATED
MON-B-01249,p6-1x1,Purple,#5E43B7,13,1224,-66.0,54.0,46.8,0,CONCEPT_NOT_FIT_VALIDATED
MON-B-01250,p6-2x1,Purple,#5E43B7,13,1225,-57.0,60.0,46.8,0,CONCEPT_NOT_FIT_VALIDATED
MON-B-01251,p6-3x2,Purple,#5E43B7,13,1226,-45.0,66.0,46.8,90,CONCEPT_NOT_FIT_VALIDATED
MON-B-01049,p6-1x1,Purple,#5E43B7,12,1227,-42.0,72.0,43.2,0,CONCEPT_NOT_FIT_VALIDATED
MON-B-01252,p6-3x2,Purple,#5E43B7,13,1228,-33.0,66.0,46.8,90,CONCEPT_NOT_FIT_VALIDATED
MON-B-01253,p6-4x2,Purple,#5E43B7,13,1229,-21.0,69.0,46.8,90,CONCEPT_NOT_FIT_VALIDATED
MON-B-01064,p6-2x1,Purple,#5E43B7,12,1230,-21.0,78.0,43.2,0,CONCEPT_NOT_FIT_VALIDATED
MON-B-01254,p6-4x2,Purple,#5E43B7,13,1231,-9.0,69.0,46.8,90,CONCEPT_NOT_FIT_VALIDATED
MON-B-01255,p6-4x2,Purple,#5E43B7,13,1232,3.0,69.0,46.8,90,CONCEPT_NOT_FIT_VALIDATED
MON-B-01256,p6-4x2,Purple,#5E43B7,13,1233,15.0,69.0,46.8,90,CONCEPT_NOT_FIT_VALIDATED
MON-B-01257,p6-4x2,Purple,#5E43B7,13,1234,27.0,69.0,46.8,90,CONCEPT_NOT_FIT_VALIDATED
MON-B-01258,p6-3x2,Purple,#5E43B7,13,1235,39.0,66.0,46.8,90,CONCEPT_NOT_FIT_VALIDATED
MON-B-01259,p6-2x2,Purple,#5E43B7,13,1236,51.0,63.0,46.8,0,CONCEPT_NOT_FIT_VALIDATED
MON-B-01261,p6-1x1,Purple,#5E43B7,13,1237,-54.0,66.0,46.8,0,CONCEPT_NOT_FIT_VALIDATED
MON-B-01263,p6-2x1,Purple,#5E43B7,14,1238,99.0,-30.0,50.4,0,CONCEPT_NOT_FIT_VALIDATED
MON-B-01264,p6-2x1,Purple,#5E43B7,14,1239,-99.0,-36.0,50.4,0,CONCEPT_NOT_FIT_VALIDATED
MON-B-01183,p6-2x1,Purple,#5E43B7,13,1240,-102.0,-33.0,46.8,90,CONCEPT_NOT_FIT_VALIDATED
MON-B-01265,p6-2x1,Purple,#5E43B7,14,1241,-99.0,-30.0,50.4,0,CONCEPT_NOT_FIT_VALIDATED
MON-B-01266,p6-4x2,Purple,#5E43B7,14,1242,-81.0,-39.0,50.4,0,CONCEPT_NOT_FIT_VALIDATED
MON-B-01267,p6-4x1,Purple,#5E43B7,14,1243,-81.0,-12.0,50.4,0,CONCEPT_NOT_FIT_VALIDATED
MON-B-01203,p6-4x1,Purple,#5E43B7,13,1244,-90.0,-3.0,46.8,90,CONCEPT_NOT_FIT_VALIDATED
MON-B-01018,p6-1x1,Purple,#5E43B7,12,1245,-90.0,-6.0,43.2,0,CONCEPT_NOT_FIT_VALIDATED
MON-B-01019,p6-1x1,Purple,#5E43B7,12,1246,-90.0,0.0,43.2,0,CONCEPT_NOT_FIT_VALIDATED
MON-B-01268,p6-4x2,Purple,#5E43B7,14,1247,-81.0,-3.0,50.4,0,CONCEPT_NOT_FIT_VALIDATED
MON-B-01269,p6-4x2,Purple,#5E43B7,14,1248,-81.0,9.0,50.4,0,CONCEPT_NOT_FIT_VALIDATED
MON-B-01270,p6-3x2,Purple,#5E43B7,14,1249,-78.0,-27.0,50.4,0,CONCEPT_NOT_FIT_VALIDATED
MON-B-01271,p6-3x1,Purple,#5E43B7,14,1250,-78.0,-18.0,50.4,0,CONCEPT_NOT_FIT_VALIDATED
MON-B-01272,p6-3x2,Purple,#5E43B7,14,1251,-78.0,21.0,50.4,0,CONCEPT_NOT_FIT_VALIDATED
MON-B-01273,p6-3x2,Purple,#5E43B7,14,1252,-78.0,33.0,50.4,0,CONCEPT_NOT_FIT_VALIDATED
MON-B-01274,p6-2x2,Purple,#5E43B7,14,1253,-75.0,45.0,50.4,0,CONCEPT_NOT_FIT_VALIDATED
MON-B-01275,p6-1x1,Purple,#5E43B7,14,1254,-72.0,-48.0,50.4,0,CONCEPT_NOT_FIT_VALIDATED
MON-B-01277,p6-1x1,Hot pink,#F5547C,14,1255,-66.0,-60.0,50.4,0,CONCEPT_NOT_FIT_VALIDATED
MON-B-01278,p6-1x1,Hot pink,#F5547C,14,1256,-66.0,-54.0,50.4,0,CONCEPT_NOT_FIT_VALIDATED
MON-B-01279,p6-4x1,Purple,#5E43B7,14,1257,-57.0,-48.0,50.4,0,CONCEPT_NOT_FIT_VALIDATED
MON-B-01280,p6-4x2,Purple,#5E43B7,14,1258,-57.0,-39.0,50.4,0,CONCEPT_NOT_FIT_VALIDATED
MON-B-01281,p6-4x2,Purple,#5E43B7,14,1259,-57.0,-27.0,50.4,0,CONCEPT_NOT_FIT_VALIDATED
MON-B-01282,p6-4x2,Purple,#5E43B7,14,1260,-57.0,-15.0,50.4,0,CONCEPT_NOT_FIT_VALIDATED
MON-B-01283,p6-4x2,Purple,#5E43B7,14,1261,-57.0,-3.0,50.4,0,CONCEPT_NOT_FIT_VALIDATED
MON-B-01284,p6-4x2,Purple,#5E43B7,14,1262,-57.0,9.0,50.4,0,CONCEPT_NOT_FIT_VALIDATED
MON-B-01285,p6-4x2,Purple,#5E43B7,14,1263,-57.0,21.0,50.4,0,CONCEPT_NOT_FIT_VALIDATED
MON-B-01286,p6-4x2,Purple,#5E43B7,14,1264,-57.0,33.0,50.4,0,CONCEPT_NOT_FIT_VALIDATED
MON-B-01287,p6-4x2,Purple,#5E43B7,14,1265,-57.0,45.0,50.4,0,CONCEPT_NOT_FIT_VALIDATED
MON-B-01288,p6-4x2,Purple,#5E43B7,14,1266,-57.0,57.0,50.4,0,CONCEPT_NOT_FIT_VALIDATED
MON-B-01290,p6-3x1,Purple,#5E43B7,14,1267,-54.0,-60.0,50.4,0,CONCEPT_NOT_FIT_VALIDATED
MON-B-01291,p6-3x1,Purple,#5E43B7,14,1268,-54.0,-54.0,50.4,0,CONCEPT_NOT_FIT_VALIDATED
MON-B-01292,p6-3x1,Purple,#5E43B7,14,1269,-54.0,66.0,50.4,0,CONCEPT_NOT_FIT_VALIDATED
MON-B-01293,p6-1x1,Hot pink,#F5547C,14,1270,-54.0,-72.0,50.4,0,CONCEPT_NOT_FIT_VALIDATED
MON-B-01294,p6-2x1,Purple,#5E43B7,14,1271,-51.0,-66.0,50.4,0,CONCEPT_NOT_FIT_VALIDATED
MON-B-01295,p6-1x1,Hot pink,#F5547C,14,1272,-48.0,-78.0,50.4,0,CONCEPT_NOT_FIT_VALIDATED
MON-B-01296,p6-1x1,Purple,#5E43B7,14,1273,-48.0,-72.0,50.4,0,CONCEPT_NOT_FIT_VALIDATED
MON-B-01297,p6-1x1,Purple,#5E43B7,14,1274,-48.0,72.0,50.4,0,CONCEPT_NOT_FIT_VALIDATED
MON-B-01298,p6-4x1,Hot pink,#F5547C,14,1275,-33.0,-78.0,50.4,0,CONCEPT_NOT_FIT_VALIDATED
MON-B-01299,p6-4x1,Purple,#5E43B7,14,1276,-33.0,-72.0,50.4,0,CONCEPT_NOT_FIT_VALIDATED
MON-B-01300,p6-4x2,Purple,#5E43B7,14,1277,-33.0,-63.0,50.4,0,CONCEPT_NOT_FIT_VALIDATED
MON-B-01301,p6-4x2,Purple,#5E43B7,14,1278,-33.0,-51.0,50.4,0,CONCEPT_NOT_FIT_VALIDATED
MON-B-01302,p6-4x2,Purple,#5E43B7,14,1279,-33.0,-39.0,50.4,0,CONCEPT_NOT_FIT_VALIDATED
MON-B-01303,p6-4x2,Purple,#5E43B7,14,1280,-33.0,-27.0,50.4,0,CONCEPT_NOT_FIT_VALIDATED
MON-B-01304,p6-4x2,Purple,#5E43B7,14,1281,-33.0,-15.0,50.4,0,CONCEPT_NOT_FIT_VALIDATED
MON-B-01305,p6-4x2,Purple,#5E43B7,14,1282,-33.0,-3.0,50.4,0,CONCEPT_NOT_FIT_VALIDATED
MON-B-01306,p6-4x2,Purple,#5E43B7,14,1283,-33.0,9.0,50.4,0,CONCEPT_NOT_FIT_VALIDATED
MON-B-01307,p6-4x2,Purple,#5E43B7,14,1284,-33.0,21.0,50.4,0,CONCEPT_NOT_FIT_VALIDATED
MON-B-01308,p6-4x2,Purple,#5E43B7,14,1285,-33.0,33.0,50.4,0,CONCEPT_NOT_FIT_VALIDATED
MON-B-01309,p6-4x2,Purple,#5E43B7,14,1286,-33.0,45.0,50.4,0,CONCEPT_NOT_FIT_VALIDATED
MON-B-01310,p6-4x2,Purple,#5E43B7,14,1287,-33.0,57.0,50.4,0,CONCEPT_NOT_FIT_VALIDATED
MON-B-01311,p6-4x2,Purple,#5E43B7,14,1288,-33.0,69.0,50.4,0,CONCEPT_NOT_FIT_VALIDATED
MON-B-01312,p6-3x1,Purple,#5E43B7,14,1289,-30.0,78.0,50.4,0,CONCEPT_NOT_FIT_VALIDATED
MON-B-01262,p6-1x1,Purple,#5E43B7,13,1290,-30.0,78.0,46.8,0,CONCEPT_NOT_FIT_VALIDATED
MON-B-01313,p6-1x1,Hot pink,#F5547C,14,1291,-18.0,-78.0,50.4,0,CONCEPT_NOT_FIT_VALIDATED
MON-B-01314,p6-4x1,Purple,#5E43B7,14,1292,-9.0,-72.0,50.4,0,CONCEPT_NOT_FIT_VALIDATED
MON-B-01315,p6-4x2,Purple,#5E43B7,14,1293,-9.0,-63.0,50.4,0,CONCEPT_NOT_FIT_VALIDATED
MON-B-01316,p6-4x2,Purple,#5E43B7,14,1294,-9.0,-51.0,50.4,0,CONCEPT_NOT_FIT_VALIDATED
MON-B-01317,p6-4x2,Purple,#5E43B7,14,1295,-9.0,-39.0,50.4,0,CONCEPT_NOT_FIT_VALIDATED
MON-B-01318,p6-4x2,Purple,#5E43B7,14,1296,-9.0,-27.0,50.4,0,CONCEPT_NOT_FIT_VALIDATED
MON-B-01319,p6-4x2,Purple,#5E43B7,14,1297,-9.0,-15.0,50.4,0,CONCEPT_NOT_FIT_VALIDATED
MON-B-01320,p6-4x2,Purple,#5E43B7,14,1298,-9.0,-3.0,50.4,0,CONCEPT_NOT_FIT_VALIDATED
MON-B-01321,p6-4x2,Purple,#5E43B7,14,1299,-9.0,9.0,50.4,0,CONCEPT_NOT_FIT_VALIDATED
MON-B-01322,p6-4x2,Purple,#5E43B7,14,1300,-9.0,21.0,50.4,0,CONCEPT_NOT_FIT_VALIDATED
MON-B-01323,p6-4x2,Purple,#5E43B7,14,1301,-9.0,33.0,50.4,0,CONCEPT_NOT_FIT_VALIDATED
MON-B-01324,p6-4x2,Purple,#5E43B7,14,1302,-9.0,45.0,50.4,0,CONCEPT_NOT_FIT_VALIDATED
MON-B-01325,p6-4x2,Purple,#5E43B7,14,1303,-9.0,57.0,50.4,0,CONCEPT_NOT_FIT_VALIDATED
MON-B-01326,p6-4x2,Purple,#5E43B7,14,1304,-9.0,69.0,50.4,0,CONCEPT_NOT_FIT_VALIDATED
MON-B-01327,p6-4x1,Purple,#5E43B7,14,1305,-9.0,78.0,50.4,0,CONCEPT_NOT_FIT_VALIDATED
MON-B-01328,p6-3x1,Hot pink,#F5547C,14,1306,-6.0,-84.0,50.4,0,CONCEPT_NOT_FIT_VALIDATED
MON-B-01329,p6-3x1,Purple,#5E43B7,14,1307,-6.0,-78.0,50.4,0,CONCEPT_NOT_FIT_VALIDATED
MON-B-01330,p6-3x1,Hot pink,#F5547C,14,1308,12.0,-84.0,50.4,0,CONCEPT_NOT_FIT_VALIDATED
MON-B-01331,p6-3x2,Purple,#5E43B7,14,1309,12.0,-75.0,50.4,0,CONCEPT_NOT_FIT_VALIDATED
MON-B-01332,p6-4x2,Purple,#5E43B7,14,1310,15.0,-63.0,50.4,0,CONCEPT_NOT_FIT_VALIDATED
MON-B-01333,p6-4x2,Purple,#5E43B7,14,1311,15.0,-51.0,50.4,0,CONCEPT_NOT_FIT_VALIDATED
MON-B-01334,p6-4x2,Purple,#5E43B7,14,1312,15.0,-39.0,50.4,0,CONCEPT_NOT_FIT_VALIDATED
MON-B-01335,p6-4x2,Purple,#5E43B7,14,1313,15.0,-27.0,50.4,0,CONCEPT_NOT_FIT_VALIDATED
MON-B-01336,p6-4x2,Purple,#5E43B7,14,1314,15.0,-15.0,50.4,0,CONCEPT_NOT_FIT_VALIDATED
MON-B-01337,p6-4x2,Purple,#5E43B7,14,1315,15.0,-3.0,50.4,0,CONCEPT_NOT_FIT_VALIDATED
MON-B-01338,p6-4x2,Purple,#5E43B7,14,1316,15.0,9.0,50.4,0,CONCEPT_NOT_FIT_VALIDATED
MON-B-01339,p6-4x2,Purple,#5E43B7,14,1317,15.0,21.0,50.4,0,CONCEPT_NOT_FIT_VALIDATED
MON-B-01340,p6-4x2,Purple,#5E43B7,14,1318,15.0,33.0,50.4,0,CONCEPT_NOT_FIT_VALIDATED
MON-B-01341,p6-4x2,Purple,#5E43B7,14,1319,15.0,45.0,50.4,0,CONCEPT_NOT_FIT_VALIDATED
MON-B-01342,p6-4x2,Purple,#5E43B7,14,1320,15.0,57.0,50.4,0,CONCEPT_NOT_FIT_VALIDATED
MON-B-01343,p6-4x2,Purple,#5E43B7,14,1321,15.0,69.0,50.4,0,CONCEPT_NOT_FIT_VALIDATED
MON-B-01344,p6-4x1,Purple,#5E43B7,14,1322,15.0,78.0,50.4,0,CONCEPT_NOT_FIT_VALIDATED
MON-B-01345,p6-1x1,Hot pink,#F5547C,14,1323,24.0,-78.0,50.4,0,CONCEPT_NOT_FIT_VALIDATED
MON-B-01346,p6-1x1,Purple,#5E43B7,14,1324,24.0,-72.0,50.4,0,CONCEPT_NOT_FIT_VALIDATED
MON-B-01347,p6-3x1,Hot pink,#F5547C,14,1325,36.0,-78.0,50.4,0,CONCEPT_NOT_FIT_VALIDATED
MON-B-01348,p6-3x1,Purple,#5E43B7,14,1326,36.0,-72.0,50.4,0,CONCEPT_NOT_FIT_VALIDATED
MON-B-01349,p6-4x2,Purple,#5E43B7,14,1327,39.0,-63.0,50.4,0,CONCEPT_NOT_FIT_VALIDATED
MON-B-01350,p6-4x2,Purple,#5E43B7,14,1328,39.0,-51.0,50.4,0,CONCEPT_NOT_FIT_VALIDATED
MON-B-01351,p6-4x2,Purple,#5E43B7,14,1329,39.0,-39.0,50.4,0,CONCEPT_NOT_FIT_VALIDATED
MON-B-01352,p6-4x2,Purple,#5E43B7,14,1330,39.0,-27.0,50.4,0,CONCEPT_NOT_FIT_VALIDATED
MON-B-01353,p6-4x2,Purple,#5E43B7,14,1331,39.0,-15.0,50.4,0,CONCEPT_NOT_FIT_VALIDATED
MON-B-01354,p6-4x2,Purple,#5E43B7,14,1332,39.0,-3.0,50.4,0,CONCEPT_NOT_FIT_VALIDATED
MON-B-01355,p6-4x2,Purple,#5E43B7,14,1333,39.0,9.0,50.4,0,CONCEPT_NOT_FIT_VALIDATED
MON-B-01356,p6-4x2,Purple,#5E43B7,14,1334,39.0,21.0,50.4,0,CONCEPT_NOT_FIT_VALIDATED
MON-B-01357,p6-4x2,Purple,#5E43B7,14,1335,39.0,33.0,50.4,0,CONCEPT_NOT_FIT_VALIDATED
MON-B-01358,p6-4x2,Purple,#5E43B7,14,1336,39.0,45.0,50.4,0,CONCEPT_NOT_FIT_VALIDATED
MON-B-01359,p6-4x2,Purple,#5E43B7,14,1337,39.0,57.0,50.4,0,CONCEPT_NOT_FIT_VALIDATED
MON-B-01360,p6-4x2,Purple,#5E43B7,14,1338,39.0,69.0,50.4,0,CONCEPT_NOT_FIT_VALIDATED
MON-B-01361,p6-2x1,Purple,#5E43B7,14,1339,33.0,78.0,50.4,0,CONCEPT_NOT_FIT_VALIDATED
MON-B-01362,p6-1x1,Hot pink,#F5547C,14,1340,48.0,-72.0,50.4,0,CONCEPT_NOT_FIT_VALIDATED
MON-B-01363,p6-1x1,Hot pink,#F5547C,14,1341,54.0,-72.0,50.4,0,CONCEPT_NOT_FIT_VALIDATED
MON-B-01364,p6-2x1,Purple,#5E43B7,14,1342,54.0,-63.0,50.4,90,CONCEPT_NOT_FIT_VALIDATED
MON-B-01365,p6-2x2,Purple,#5E43B7,14,1343,57.0,-51.0,50.4,0,CONCEPT_NOT_FIT_VALIDATED
MON-B-01366,p6-4x2,Purple,#5E43B7,14,1344,63.0,-39.0,50.4,0,CONCEPT_NOT_FIT_VALIDATED
MON-B-01367,p6-4x2,Purple,#5E43B7,14,1345,63.0,-27.0,50.4,0,CONCEPT_NOT_FIT_VALIDATED
MON-B-01368,p6-4x2,Purple,#5E43B7,14,1346,63.0,-15.0,50.4,0,CONCEPT_NOT_FIT_VALIDATED
MON-B-01369,p6-4x2,Purple,#5E43B7,14,1347,63.0,-3.0,50.4,0,CONCEPT_NOT_FIT_VALIDATED
MON-B-01370,p6-4x2,Purple,#5E43B7,14,1348,63.0,9.0,50.4,0,CONCEPT_NOT_FIT_VALIDATED
MON-B-01371,p6-4x2,Purple,#5E43B7,14,1349,63.0,21.0,50.4,0,CONCEPT_NOT_FIT_VALIDATED
MON-B-01372,p6-4x2,Purple,#5E43B7,14,1350,63.0,33.0,50.4,0,CONCEPT_NOT_FIT_VALIDATED
MON-B-01373,p6-4x2,Purple,#5E43B7,14,1351,63.0,45.0,50.4,0,CONCEPT_NOT_FIT_VALIDATED
MON-B-01248,p6-1x1,Purple,#5E43B7,13,1352,72.0,48.0,46.8,0,CONCEPT_NOT_FIT_VALIDATED
MON-B-01127,p6-1x1,Purple,#5E43B7,12,1353,72.0,48.0,43.2,0,CONCEPT_NOT_FIT_VALIDATED
MON-B-01374,p6-3x2,Purple,#5E43B7,14,1354,60.0,57.0,50.4,0,CONCEPT_NOT_FIT_VALIDATED
MON-B-01260,p6-1x1,Purple,#5E43B7,13,1355,60.0,60.0,46.8,0,CONCEPT_NOT_FIT_VALIDATED
MON-B-01125,p6-1x1,Purple,#5E43B7,12,1356,60.0,60.0,43.2,0,CONCEPT_NOT_FIT_VALIDATED
MON-B-01375,p6-1x1,Purple,#5E43B7,14,1357,54.0,66.0,50.4,0,CONCEPT_NOT_FIT_VALIDATED
MON-B-01377,p6-1x1,Purple,#5E43B7,14,1358,60.0,-60.0,50.4,0,CONCEPT_NOT_FIT_VALIDATED
MON-B-01380,p6-2x1,Purple,#5E43B7,14,1359,69.0,-48.0,50.4,0,CONCEPT_NOT_FIT_VALIDATED
MON-B-01382,p6-2x2,Purple,#5E43B7,14,1360,81.0,-39.0,50.4,0,CONCEPT_NOT_FIT_VALIDATED
MON-B-01383,p6-2x2,Purple,#5E43B7,14,1361,81.0,-27.0,50.4,0,CONCEPT_NOT_FIT_VALIDATED
MON-B-01384,p6-2x2,Purple,#5E43B7,14,1362,81.0,-15.0,50.4,0,CONCEPT_NOT_FIT_VALIDATED
MON-B-01385,p6-2x2,Purple,#5E43B7,14,1363,81.0,-3.0,50.4,0,CONCEPT_NOT_FIT_VALIDATED
MON-B-01386,p6-2x2,Purple,#5E43B7,14,1364,81.0,9.0,50.4,0,CONCEPT_NOT_FIT_VALIDATED
MON-B-01387,p6-2x2,Purple,#5E43B7,14,1365,81.0,21.0,50.4,0,CONCEPT_NOT_FIT_VALIDATED
MON-B-01388,p6-2x1,Purple,#5E43B7,14,1366,81.0,30.0,50.4,0,CONCEPT_NOT_FIT_VALIDATED
MON-B-01389,p6-1x1,Purple,#5E43B7,14,1367,78.0,36.0,50.4,0,CONCEPT_NOT_FIT_VALIDATED
MON-B-01390,p6-1x1,Purple,#5E43B7,14,1368,78.0,42.0,50.4,0,CONCEPT_NOT_FIT_VALIDATED
MON-B-01391,p6-2x1,Purple,#5E43B7,14,1369,93.0,-36.0,50.4,0,CONCEPT_NOT_FIT_VALIDATED
MON-B-01394,p6-1x1,Hot pink,#F5547C,15,1370,-12.0,-84.0,54.0,0,CONCEPT_NOT_FIT_VALIDATED
MON-B-01395,p6-2x1,Hot pink,#F5547C,15,1371,-3.0,-84.0,54.0,0,CONCEPT_NOT_FIT_VALIDATED
MON-B-01396,p6-2x1,Hot pink,#F5547C,15,1372,9.0,-84.0,54.0,0,CONCEPT_NOT_FIT_VALIDATED
MON-B-01397,p6-1x1,Hot pink,#F5547C,15,1373,18.0,-84.0,54.0,0,CONCEPT_NOT_FIT_VALIDATED
MON-B-01398,p6-2x1,Hot pink,#F5547C,15,1374,-39.0,-78.0,54.0,0,CONCEPT_NOT_FIT_VALIDATED
MON-B-01399,p6-2x1,Hot pink,#F5547C,15,1375,-27.0,-78.0,54.0,0,CONCEPT_NOT_FIT_VALIDATED
MON-B-01400,p6-1x1,Hot pink,#F5547C,15,1376,-18.0,-78.0,54.0,0,CONCEPT_NOT_FIT_VALIDATED
MON-B-01401,p6-2x1,Purple,#5E43B7,15,1377,-12.0,-75.0,54.0,90,CONCEPT_NOT_FIT_VALIDATED
MON-B-01402,p6-2x2,Purple,#5E43B7,15,1378,-3.0,-75.0,54.0,0,CONCEPT_NOT_FIT_VALIDATED
MON-B-01403,p6-2x2,Purple,#5E43B7,15,1379,9.0,-75.0,54.0,0,CONCEPT_NOT_FIT_VALIDATED
MON-B-01404,p6-2x1,Purple,#5E43B7,15,1380,18.0,-75.0,54.0,90,CONCEPT_NOT_FIT_VALIDATED
MON-B-01405,p6-1x1,Hot pink,#F5547C,15,1381,24.0,-78.0,54.0,0,CONCEPT_NOT_FIT_VALIDATED
MON-B-01406,p6-2x1,Hot pink,#F5547C,15,1382,33.0,-78.0,54.0,0,CONCEPT_NOT_FIT_VALIDATED
MON-B-01407,p6-1x1,Hot pink,#F5547C,15,1383,42.0,-78.0,54.0,0,CONCEPT_NOT_FIT_VALIDATED
MON-B-01408,p6-2x1,Hot pink,#F5547C,15,1384,-51.0,-72.0,54.0,0,CONCEPT_NOT_FIT_VALIDATED
MON-B-01409,p6-2x1,Purple,#5E43B7,15,1385,-39.0,-72.0,54.0,0,CONCEPT_NOT_FIT_VALIDATED
MON-B-01410,p6-2x1,Purple,#5E43B7,15,1386,-27.0,-72.0,54.0,0,CONCEPT_NOT_FIT_VALIDATED
MON-B-01411,p6-1x1,Purple,#5E43B7,15,1387,-18.0,-72.0,54.0,0,CONCEPT_NOT_FIT_VALIDATED
MON-B-01412,p6-1x1,Purple,#5E43B7,15,1388,24.0,-72.0,54.0,0,CONCEPT_NOT_FIT_VALIDATED
MON-B-01413,p6-2x1,Purple,#5E43B7,15,1389,33.0,-72.0,54.0,0,CONCEPT_NOT_FIT_VALIDATED
MON-B-01414,p6-1x1,Purple,#5E43B7,15,1390,42.0,-72.0,54.0,0,CONCEPT_NOT_FIT_VALIDATED
MON-B-01415,p6-1x1,Hot pink,#F5547C,15,1391,48.0,-72.0,54.0,0,CONCEPT_NOT_FIT_VALIDATED
MON-B-01416,p6-1x1,Hot pink,#F5547C,15,1392,54.0,-72.0,54.0,0,CONCEPT_NOT_FIT_VALIDATED
MON-B-01418,p6-4x2,Purple,#5E43B7,15,1393,-51.0,-57.0,54.0,90,CONCEPT_NOT_FIT_VALIDATED
MON-B-01419,p6-4x2,Purple,#5E43B7,15,1394,-39.0,-57.0,54.0,90,CONCEPT_NOT_FIT_VALIDATED
MON-B-01420,p6-4x2,Purple,#5E43B7,15,1395,-27.0,-57.0,54.0,90,CONCEPT_NOT_FIT_VALIDATED
MON-B-01421,p6-4x2,Purple,#5E43B7,15,1396,-15.0,-57.0,54.0,90,CONCEPT_NOT_FIT_VALIDATED
MON-B-01422,p6-4x2,Purple,#5E43B7,15,1397,-3.0,-57.0,54.0,90,CONCEPT_NOT_FIT_VALIDATED
MON-B-01423,p6-4x2,Purple,#5E43B7,15,1398,9.0,-57.0,54.0,90,CONCEPT_NOT_FIT_VALIDATED
MON-B-01424,p6-4x2,Purple,#5E43B7,15,1399,21.0,-57.0,54.0,90,CONCEPT_NOT_FIT_VALIDATED
MON-B-01425,p6-4x2,Purple,#5E43B7,15,1400,33.0,-57.0,54.0,90,CONCEPT_NOT_FIT_VALIDATED
MON-B-01426,p6-4x2,Purple,#5E43B7,15,1401,45.0,-57.0,54.0,90,CONCEPT_NOT_FIT_VALIDATED
MON-B-01427,p6-4x1,Purple,#5E43B7,15,1402,54.0,-57.0,54.0,90,CONCEPT_NOT_FIT_VALIDATED
MON-B-01428,p6-2x1,Hot pink,#F5547C,15,1403,60.0,-63.0,54.0,90,CONCEPT_NOT_FIT_VALIDATED
MON-B-01376,p6-1x1,Hot pink,#F5547C,14,1404,60.0,-66.0,50.4,0,CONCEPT_NOT_FIT_VALIDATED
MON-B-01162,p6-1x1,Hot pink,#F5547C,13,1405,60.0,-66.0,46.8,0,CONCEPT_NOT_FIT_VALIDATED
MON-B-01114,p6-1x1,Hot pink,#F5547C,12,1406,60.0,-66.0,43.2,0,CONCEPT_NOT_FIT_VALIDATED
MON-B-00915,p6-1x1,Hot pink,#F5547C,11,1407,60.0,-66.0,39.6,0,CONCEPT_NOT_FIT_VALIDATED
MON-B-00871,p6-1x1,Hot pink,#F5547C,10,1408,60.0,-66.0,36.0,0,CONCEPT_NOT_FIT_VALIDATED
MON-B-01429,p6-2x1,Hot pink,#F5547C,15,1409,-66.0,-57.0,54.0,90,CONCEPT_NOT_FIT_VALIDATED
MON-B-01430,p6-3x1,Purple,#5E43B7,15,1410,-60.0,-54.0,54.0,90,CONCEPT_NOT_FIT_VALIDATED
MON-B-01431,p6-2x1,Purple,#5E43B7,15,1411,60.0,-51.0,54.0,90,CONCEPT_NOT_FIT_VALIDATED
MON-B-01432,p6-2x1,Hot pink,#F5547C,15,1412,66.0,-51.0,54.0,90,CONCEPT_NOT_FIT_VALIDATED
MON-B-01379,p6-1x1,Hot pink,#F5547C,14,1413,66.0,-54.0,50.4,0,CONCEPT_NOT_FIT_VALIDATED
MON-B-01175,p6-2x1,Hot pink,#F5547C,13,1414,66.0,-57.0,46.8,90,CONCEPT_NOT_FIT_VALIDATED
MON-B-01126,p6-2x1,Hot pink,#F5547C,12,1415,66.0,-57.0,43.2,90,CONCEPT_NOT_FIT_VALIDATED
MON-B-00919,p6-1x1,Hot pink,#F5547C,11,1416,66.0,-60.0,39.6,0,CONCEPT_NOT_FIT_VALIDATED
MON-B-00874,p6-1x1,Hot pink,#F5547C,10,1417,66.0,-60.0,36.0,0,CONCEPT_NOT_FIT_VALIDATED
MON-B-00932,p6-1x1,Hot pink,#F5547C,11,1418,66.0,-54.0,39.6,0,CONCEPT_NOT_FIT_VALIDATED
MON-B-00875,p6-1x1,Hot pink,#F5547C,10,1419,66.0,-54.0,36.0,0,CONCEPT_NOT_FIT_VALIDATED
MON-B-00689,p6-1x1,Hot pink,#F5547C,9,1420,66.0,-54.0,32.4,0,CONCEPT_NOT_FIT_VALIDATED
MON-B-00652,p6-1x1,Hot pink,#F5547C,8,1421,66.0,-54.0,28.8,0,CONCEPT_NOT_FIT_VALIDATED
MON-B-01378,p6-1x1,Hot pink,#F5547C,14,1422,66.0,-60.0,50.4,0,CONCEPT_NOT_FIT_VALIDATED
MON-B-01433,p6-1x1,Purple,#5E43B7,15,1423,-72.0,-48.0,54.0,0,CONCEPT_NOT_FIT_VALIDATED
MON-B-01434,p6-1x1,Purple,#5E43B7,15,1424,-66.0,-48.0,54.0,0,CONCEPT_NOT_FIT_VALIDATED
MON-B-01435,p6-4x1,Purple,#5E43B7,15,1425,-72.0,-33.0,54.0,90,CONCEPT_NOT_FIT_VALIDATED
MON-B-01436,p6-4x2,Purple,#5E43B7,15,1426,-63.0,-33.0,54.0,90,CONCEPT_NOT_FIT_VALIDATED
MON-B-01437,p6-4x2,Purple,#5E43B7,15,1427,-51.0,-33.0,54.0,90,CONCEPT_NOT_FIT_VALIDATED
MON-B-01438,p6-4x2,Purple,#5E43B7,15,1428,-39.0,-33.0,54.0,90,CONCEPT_NOT_FIT_VALIDATED
MON-B-01439,p6-4x2,Purple,#5E43B7,15,1429,-27.0,-33.0,54.0,90,CONCEPT_NOT_FIT_VALIDATED
MON-B-01440,p6-4x2,Purple,#5E43B7,15,1430,-15.0,-33.0,54.0,90,CONCEPT_NOT_FIT_VALIDATED
MON-B-01441,p6-4x2,Purple,#5E43B7,15,1431,-3.0,-33.0,54.0,90,CONCEPT_NOT_FIT_VALIDATED
MON-B-01442,p6-4x2,Purple,#5E43B7,15,1432,9.0,-33.0,54.0,90,CONCEPT_NOT_FIT_VALIDATED
MON-B-01443,p6-4x2,Purple,#5E43B7,15,1433,21.0,-33.0,54.0,90,CONCEPT_NOT_FIT_VALIDATED
MON-B-01444,p6-4x2,Purple,#5E43B7,15,1434,33.0,-33.0,54.0,90,CONCEPT_NOT_FIT_VALIDATED
MON-B-01445,p6-4x2,Purple,#5E43B7,15,1435,45.0,-33.0,54.0,90,CONCEPT_NOT_FIT_VALIDATED
MON-B-01446,p6-4x2,Purple,#5E43B7,15,1436,57.0,-33.0,54.0,90,CONCEPT_NOT_FIT_VALIDATED
MON-B-01447,p6-4x2,Purple,#5E43B7,15,1437,69.0,-33.0,54.0,90,CONCEPT_NOT_FIT_VALIDATED
MON-B-01448,p6-3x1,Purple,#5E43B7,15,1438,-78.0,-30.0,54.0,90,CONCEPT_NOT_FIT_VALIDATED
MON-B-01449,p6-3x1,Purple,#5E43B7,15,1439,78.0,-30.0,54.0,90,CONCEPT_NOT_FIT_VALIDATED
MON-B-01450,p6-1x1,Purple,#5E43B7,15,1440,84.0,-36.0,54.0,0,CONCEPT_NOT_FIT_VALIDATED
MON-B-01451,p6-2x2,Purple,#5E43B7,15,1441,93.0,-33.0,54.0,0,CONCEPT_NOT_FIT_VALIDATED
MON-B-01392,p6-1x1,Purple,#5E43B7,14,1442,90.0,-30.0,50.4,0,CONCEPT_NOT_FIT_VALIDATED
MON-B-01452,p6-2x1,Purple,#5E43B7,15,1443,102.0,-33.0,54.0,90,CONCEPT_NOT_FIT_VALIDATED
MON-B-01393,p6-1x1,Purple,#5E43B7,14,1444,102.0,-36.0,50.4,0,CONCEPT_NOT_FIT_VALIDATED
MON-B-01453,p6-2x1,Purple,#5E43B7,15,1445,-84.0,-27.0,54.0,90,CONCEPT_NOT_FIT_VALIDATED
MON-B-01454,p6-1x1,Purple,#5E43B7,15,1446,84.0,-24.0,54.0,0,CONCEPT_NOT_FIT_VALIDATED
MON-B-01455,p6-4x1,Purple,#5E43B7,15,1447,-84.0,-9.0,54.0,90,CONCEPT_NOT_FIT_VALIDATED
MON-B-01456,p6-4x2,Purple,#5E43B7,15,1448,-75.0,-9.0,54.0,90,CONCEPT_NOT_FIT_VALIDATED
MON-B-01457,p6-4x2,Purple,#5E43B7,15,1449,-63.0,-9.0,54.0,90,CONCEPT_NOT_FIT_VALIDATED
MON-B-01458,p6-4x2,Purple,#5E43B7,15,1450,-51.0,-9.0,54.0,90,CONCEPT_NOT_FIT_VALIDATED
MON-B-01459,p6-4x2,Purple,#5E43B7,15,1451,-39.0,-9.0,54.0,90,CONCEPT_NOT_FIT_VALIDATED
MON-B-01460,p6-4x2,Purple,#5E43B7,15,1452,-27.0,-9.0,54.0,90,CONCEPT_NOT_FIT_VALIDATED
MON-B-01461,p6-4x2,Purple,#5E43B7,15,1453,-15.0,-9.0,54.0,90,CONCEPT_NOT_FIT_VALIDATED
MON-B-01462,p6-4x2,Purple,#5E43B7,15,1454,-3.0,-9.0,54.0,90,CONCEPT_NOT_FIT_VALIDATED
MON-B-01463,p6-4x2,Purple,#5E43B7,15,1455,9.0,-9.0,54.0,90,CONCEPT_NOT_FIT_VALIDATED
MON-B-01464,p6-4x2,Purple,#5E43B7,15,1456,21.0,-9.0,54.0,90,CONCEPT_NOT_FIT_VALIDATED
MON-B-01465,p6-4x2,Purple,#5E43B7,15,1457,33.0,-9.0,54.0,90,CONCEPT_NOT_FIT_VALIDATED
MON-B-01466,p6-4x2,Purple,#5E43B7,15,1458,45.0,-9.0,54.0,90,CONCEPT_NOT_FIT_VALIDATED
MON-B-01467,p6-4x2,Purple,#5E43B7,15,1459,57.0,-9.0,54.0,90,CONCEPT_NOT_FIT_VALIDATED
MON-B-01468,p6-4x2,Purple,#5E43B7,15,1460,69.0,-9.0,54.0,90,CONCEPT_NOT_FIT_VALIDATED
MON-B-01469,p6-4x2,Purple,#5E43B7,15,1461,81.0,-9.0,54.0,90,CONCEPT_NOT_FIT_VALIDATED
MON-B-01470,p6-3x1,Purple,#5E43B7,15,1462,-90.0,-6.0,54.0,90,CONCEPT_NOT_FIT_VALIDATED
MON-B-01472,p6-3x2,Purple,#5E43B7,15,1463,-87.0,12.0,54.0,90,CONCEPT_NOT_FIT_VALIDATED
MON-B-01473,p6-4x2,Purple,#5E43B7,15,1464,-75.0,15.0,54.0,90,CONCEPT_NOT_FIT_VALIDATED
MON-B-01474,p6-4x2,Purple,#5E43B7,15,1465,-63.0,15.0,54.0,90,CONCEPT_NOT_FIT_VALIDATED
MON-B-01475,p6-4x2,Purple,#5E43B7,15,1466,-51.0,15.0,54.0,90,CONCEPT_NOT_FIT_VALIDATED
MON-B-01476,p6-4x2,Purple,#5E43B7,15,1467,-39.0,15.0,54.0,90,CONCEPT_NOT_FIT_VALIDATED
MON-B-01477,p6-4x2,Purple,#5E43B7,15,1468,-27.0,15.0,54.0,90,CONCEPT_NOT_FIT_VALIDATED
MON-B-01478,p6-4x2,Purple,#5E43B7,15,1469,-15.0,15.0,54.0,90,CONCEPT_NOT_FIT_VALIDATED
MON-B-01479,p6-4x2,Purple,#5E43B7,15,1470,-3.0,15.0,54.0,90,CONCEPT_NOT_FIT_VALIDATED
MON-B-01480,p6-4x2,Purple,#5E43B7,15,1471,9.0,15.0,54.0,90,CONCEPT_NOT_FIT_VALIDATED
MON-B-01481,p6-4x2,Purple,#5E43B7,15,1472,21.0,15.0,54.0,90,CONCEPT_NOT_FIT_VALIDATED
MON-B-01482,p6-4x2,Purple,#5E43B7,15,1473,33.0,15.0,54.0,90,CONCEPT_NOT_FIT_VALIDATED
MON-B-01483,p6-4x2,Purple,#5E43B7,15,1474,45.0,15.0,54.0,90,CONCEPT_NOT_FIT_VALIDATED
MON-B-01484,p6-4x2,Purple,#5E43B7,15,1475,57.0,15.0,54.0,90,CONCEPT_NOT_FIT_VALIDATED
MON-B-01485,p6-4x2,Purple,#5E43B7,15,1476,69.0,15.0,54.0,90,CONCEPT_NOT_FIT_VALIDATED
MON-B-01486,p6-4x2,Purple,#5E43B7,15,1477,81.0,15.0,54.0,90,CONCEPT_NOT_FIT_VALIDATED
MON-B-01488,p6-1x1,Purple,#5E43B7,15,1478,-84.0,24.0,54.0,0,CONCEPT_NOT_FIT_VALIDATED
MON-B-01489,p6-2x1,Purple,#5E43B7,15,1479,-84.0,33.0,54.0,90,CONCEPT_NOT_FIT_VALIDATED
MON-B-01490,p6-4x2,Purple,#5E43B7,15,1480,-75.0,39.0,54.0,90,CONCEPT_NOT_FIT_VALIDATED
MON-B-01491,p6-4x2,Purple,#5E43B7,15,1481,-63.0,39.0,54.0,90,CONCEPT_NOT_FIT_VALIDATED
MON-B-01492,p6-4x2,Purple,#5E43B7,15,1482,-51.0,39.0,54.0,90,CONCEPT_NOT_FIT_VALIDATED
MON-B-01493,p6-4x2,Purple,#5E43B7,15,1483,-39.0,39.0,54.0,90,CONCEPT_NOT_FIT_VALIDATED
MON-B-01494,p6-4x2,Purple,#5E43B7,15,1484,-27.0,39.0,54.0,90,CONCEPT_NOT_FIT_VALIDATED
MON-B-01495,p6-4x2,Purple,#5E43B7,15,1485,-15.0,39.0,54.0,90,CONCEPT_NOT_FIT_VALIDATED
MON-B-01496,p6-4x2,Purple,#5E43B7,15,1486,-3.0,39.0,54.0,90,CONCEPT_NOT_FIT_VALIDATED
MON-B-01497,p6-4x2,Purple,#5E43B7,15,1487,9.0,39.0,54.0,90,CONCEPT_NOT_FIT_VALIDATED
MON-B-01498,p6-4x2,Purple,#5E43B7,15,1488,21.0,39.0,54.0,90,CONCEPT_NOT_FIT_VALIDATED
MON-B-01499,p6-4x2,Purple,#5E43B7,15,1489,33.0,39.0,54.0,90,CONCEPT_NOT_FIT_VALIDATED
MON-B-01500,p6-4x2,Purple,#5E43B7,15,1490,45.0,39.0,54.0,90,CONCEPT_NOT_FIT_VALIDATED
MON-B-01501,p6-4x2,Purple,#5E43B7,15,1491,57.0,39.0,54.0,90,CONCEPT_NOT_FIT_VALIDATED
MON-B-01502,p6-4x2,Purple,#5E43B7,15,1492,69.0,39.0,54.0,90,CONCEPT_NOT_FIT_VALIDATED
MON-B-01503,p6-4x1,Purple,#5E43B7,15,1493,78.0,39.0,54.0,90,CONCEPT_NOT_FIT_VALIDATED
MON-B-01504,p6-1x1,Purple,#5E43B7,15,1494,84.0,30.0,54.0,0,CONCEPT_NOT_FIT_VALIDATED
MON-B-01506,p6-2x2,Purple,#5E43B7,15,1495,-63.0,57.0,54.0,0,CONCEPT_NOT_FIT_VALIDATED
MON-B-01507,p6-3x2,Purple,#5E43B7,15,1496,-51.0,60.0,54.0,90,CONCEPT_NOT_FIT_VALIDATED
MON-B-01508,p6-4x2,Purple,#5E43B7,15,1497,-39.0,63.0,54.0,90,CONCEPT_NOT_FIT_VALIDATED
MON-B-01509,p6-4x2,Purple,#5E43B7,15,1498,-27.0,63.0,54.0,90,CONCEPT_NOT_FIT_VALIDATED
MON-B-01510,p6-4x2,Purple,#5E43B7,15,1499,-15.0,63.0,54.0,90,CONCEPT_NOT_FIT_VALIDATED
MON-B-01511,p6-4x2,Purple,#5E43B7,15,1500,-3.0,63.0,54.0,90,CONCEPT_NOT_FIT_VALIDATED
MON-B-01512,p6-4x2,Purple,#5E43B7,15,1501,9.0,63.0,54.0,90,CONCEPT_NOT_FIT_VALIDATED
MON-B-01513,p6-4x2,Purple,#5E43B7,15,1502,21.0,63.0,54.0,90,CONCEPT_NOT_FIT_VALIDATED
MON-B-01514,p6-4x2,Purple,#5E43B7,15,1503,33.0,63.0,54.0,90,CONCEPT_NOT_FIT_VALIDATED
MON-B-01515,p6-4x2,Purple,#5E43B7,15,1504,45.0,63.0,54.0,90,CONCEPT_NOT_FIT_VALIDATED
MON-B-01516,p6-3x2,Purple,#5E43B7,15,1505,57.0,60.0,54.0,90,CONCEPT_NOT_FIT_VALIDATED
MON-B-01517,p6-2x1,Purple,#5E43B7,15,1506,69.0,54.0,54.0,0,CONCEPT_NOT_FIT_VALIDATED
MON-B-01381,p6-1x1,Purple,#5E43B7,14,1507,72.0,54.0,50.4,0,CONCEPT_NOT_FIT_VALIDATED
MON-B-01518,p6-1x1,Purple,#5E43B7,15,1508,66.0,60.0,54.0,0,CONCEPT_NOT_FIT_VALIDATED
MON-B-01519,p6-1x1,Purple,#5E43B7,15,1509,-60.0,66.0,54.0,0,CONCEPT_NOT_FIT_VALIDATED
MON-B-01520,p6-1x1,Purple,#5E43B7,15,1510,-48.0,72.0,54.0,0,CONCEPT_NOT_FIT_VALIDATED
MON-B-01521,p6-1x1,Purple,#5E43B7,15,1511,-36.0,78.0,54.0,0,CONCEPT_NOT_FIT_VALIDATED
MON-B-01522,p6-2x1,Purple,#5E43B7,15,1512,-27.0,78.0,54.0,0,CONCEPT_NOT_FIT_VALIDATED
MON-B-01523,p6-2x1,Purple,#5E43B7,15,1513,-15.0,78.0,54.0,0,CONCEPT_NOT_FIT_VALIDATED
MON-B-01524,p6-2x2,Purple,#5E43B7,15,1514,-3.0,81.0,54.0,0,CONCEPT_NOT_FIT_VALIDATED
MON-B-01525,p6-2x2,Purple,#5E43B7,15,1515,9.0,81.0,54.0,0,CONCEPT_NOT_FIT_VALIDATED
MON-B-01526,p6-2x1,Purple,#5E43B7,15,1516,21.0,78.0,54.0,0,CONCEPT_NOT_FIT_VALIDATED
MON-B-01527,p6-2x1,Purple,#5E43B7,15,1517,33.0,78.0,54.0,0,CONCEPT_NOT_FIT_VALIDATED
MON-B-01529,p6-3x2,Purple,#5E43B7,16,1518,-84.0,-9.0,57.6,0,CONCEPT_NOT_FIT_VALIDATED
MON-B-01530,p6-3x2,Purple,#5E43B7,16,1519,-84.0,3.0,57.6,0,CONCEPT_NOT_FIT_VALIDATED
MON-B-01531,p6-3x2,Purple,#5E43B7,16,1520,-84.0,15.0,57.6,0,CONCEPT_NOT_FIT_VALIDATED
MON-B-01532,p6-2x1,Purple,#5E43B7,16,1521,-81.0,-30.0,57.6,0,CONCEPT_NOT_FIT_VALIDATED
MON-B-01533,p6-2x2,Purple,#5E43B7,16,1522,-81.0,-21.0,57.6,0,CONCEPT_NOT_FIT_VALIDATED
MON-B-01534,p6-2x2,Purple,#5E43B7,16,1523,-81.0,27.0,57.6,0,CONCEPT_NOT_FIT_VALIDATED
MON-B-01535,p6-2x1,Purple,#5E43B7,16,1524,-81.0,36.0,57.6,0,CONCEPT_NOT_FIT_VALIDATED
MON-B-01536,p6-1x1,Purple,#5E43B7,16,1525,-78.0,-36.0,57.6,0,CONCEPT_NOT_FIT_VALIDATED
MON-B-01537,p6-1x1,Purple,#5E43B7,16,1526,-78.0,42.0,57.6,0,CONCEPT_NOT_FIT_VALIDATED
MON-B-01538,p6-1x1,Purple,#5E43B7,16,1527,-78.0,48.0,57.6,0,CONCEPT_NOT_FIT_VALIDATED
MON-B-01539,p6-4x1,Purple,#5E43B7,16,1528,-63.0,-42.0,57.6,0,CONCEPT_NOT_FIT_VALIDATED
MON-B-01540,p6-4x2,Purple,#5E43B7,16,1529,-63.0,-33.0,57.6,0,CONCEPT_NOT_FIT_VALIDATED
MON-B-01541,p6-4x2,Purple,#5E43B7,16,1530,-63.0,-21.0,57.6,0,CONCEPT_NOT_FIT_VALIDATED
MON-B-01542,p6-4x2,Purple,#5E43B7,16,1531,-63.0,-9.0,57.6,0,CONCEPT_NOT_FIT_VALIDATED
MON-B-01543,p6-4x2,Purple,#5E43B7,16,1532,-63.0,3.0,57.6,0,CONCEPT_NOT_FIT_VALIDATED
MON-B-01544,p6-4x2,Purple,#5E43B7,16,1533,-63.0,15.0,57.6,0,CONCEPT_NOT_FIT_VALIDATED
MON-B-01545,p6-4x2,Purple,#5E43B7,16,1534,-63.0,27.0,57.6,0,CONCEPT_NOT_FIT_VALIDATED
MON-B-01546,p6-4x2,Purple,#5E43B7,16,1535,-63.0,39.0,57.6,0,CONCEPT_NOT_FIT_VALIDATED
MON-B-01547,p6-4x2,Purple,#5E43B7,16,1536,-63.0,51.0,57.6,0,CONCEPT_NOT_FIT_VALIDATED
MON-B-01505,p6-1x1,Purple,#5E43B7,15,1537,-72.0,54.0,54.0,0,CONCEPT_NOT_FIT_VALIDATED
MON-B-01276,p6-1x1,Purple,#5E43B7,14,1538,-72.0,54.0,50.4,0,CONCEPT_NOT_FIT_VALIDATED
MON-B-01548,p6-1x1,Hot pink,#F5547C,16,1539,-66.0,-54.0,57.6,0,CONCEPT_NOT_FIT_VALIDATED
MON-B-01549,p6-1x1,Hot pink,#F5547C,16,1540,-66.0,-48.0,57.6,0,CONCEPT_NOT_FIT_VALIDATED
MON-B-01550,p6-3x1,Purple,#5E43B7,16,1541,-60.0,60.0,57.6,0,CONCEPT_NOT_FIT_VALIDATED
MON-B-01551,p6-2x1,Hot pink,#F5547C,16,1542,-57.0,-66.0,57.6,0,CONCEPT_NOT_FIT_VALIDATED
MON-B-01417,p6-1x1,Hot pink,#F5547C,15,1543,-60.0,-66.0,54.0,0,CONCEPT_NOT_FIT_VALIDATED
MON-B-01289,p6-1x1,Hot pink,#F5547C,14,1544,-60.0,-66.0,50.4,0,CONCEPT_NOT_FIT_VALIDATED
MON-B-01159,p6-1x1,Hot pink,#F5547C,13,1545,-60.0,-66.0,46.8,0,CONCEPT_NOT_FIT_VALIDATED
MON-B-01032,p6-1x1,Hot pink,#F5547C,12,1546,-60.0,-66.0,43.2,0,CONCEPT_NOT_FIT_VALIDATED
MON-B-00912,p6-1x1,Hot pink,#F5547C,11,1547,-60.0,-66.0,39.6,0,CONCEPT_NOT_FIT_VALIDATED
MON-B-00791,p6-1x1,Hot pink,#F5547C,10,1548,-60.0,-66.0,36.0,0,CONCEPT_NOT_FIT_VALIDATED
MON-B-01552,p6-1x1,Hot pink,#F5547C,16,1549,-60.0,-60.0,57.6,0,CONCEPT_NOT_FIT_VALIDATED
MON-B-01553,p6-2x1,Purple,#5E43B7,16,1550,-57.0,-54.0,57.6,0,CONCEPT_NOT_FIT_VALIDATED
MON-B-01554,p6-2x1,Purple,#5E43B7,16,1551,-57.0,-48.0,57.6,0,CONCEPT_NOT_FIT_VALIDATED
MON-B-01555,p6-2x1,Purple,#5E43B7,16,1552,-57.0,66.0,57.6,0,CONCEPT_NOT_FIT_VALIDATED
MON-B-01556,p6-1x1,Purple,#5E43B7,16,1553,-54.0,-60.0,57.6,0,CONCEPT_NOT_FIT_VALIDATED
MON-B-01558,p6-2x1,Hot pink,#F5547C,16,1554,-45.0,-72.0,57.6,0,CONCEPT_NOT_FIT_VALIDATED
MON-B-01559,p6-4x1,Purple,#5E43B7,16,1555,-39.0,-66.0,57.6,0,CONCEPT_NOT_FIT_VALIDATED
MON-B-01560,p6-4x2,Purple,#5E43B7,16,1556,-39.0,-57.0,57.6,0,CONCEPT_NOT_FIT_VALIDATED
MON-B-01561,p6-4x2,Purple,#5E43B7,16,1557,-39.0,-45.0,57.6,0,CONCEPT_NOT_FIT_VALIDATED
MON-B-01562,p6-4x2,Purple,#5E43B7,16,1558,-39.0,-33.0,57.6,0,CONCEPT_NOT_FIT_VALIDATED
MON-B-01563,p6-4x2,Purple,#5E43B7,16,1559,-39.0,-21.0,57.6,0,CONCEPT_NOT_FIT_VALIDATED
MON-B-01564,p6-4x2,Purple,#5E43B7,16,1560,-39.0,-9.0,57.6,0,CONCEPT_NOT_FIT_VALIDATED
MON-B-01565,p6-4x2,Purple,#5E43B7,16,1561,-39.0,3.0,57.6,0,CONCEPT_NOT_FIT_VALIDATED
MON-B-01566,p6-4x2,Purple,#5E43B7,16,1562,-39.0,15.0,57.6,0,CONCEPT_NOT_FIT_VALIDATED
MON-B-01567,p6-4x2,Purple,#5E43B7,16,1563,-39.0,27.0,57.6,0,CONCEPT_NOT_FIT_VALIDATED
MON-B-01568,p6-4x2,Purple,#5E43B7,16,1564,-39.0,39.0,57.6,0,CONCEPT_NOT_FIT_VALIDATED
MON-B-01569,p6-4x2,Purple,#5E43B7,16,1565,-39.0,51.0,57.6,0,CONCEPT_NOT_FIT_VALIDATED
MON-B-01570,p6-4x2,Purple,#5E43B7,16,1566,-39.0,63.0,57.6,0,CONCEPT_NOT_FIT_VALIDATED
MON-B-01571,p6-4x1,Purple,#5E43B7,16,1567,-39.0,72.0,57.6,0,CONCEPT_NOT_FIT_VALIDATED
MON-B-01572,p6-3x1,Purple,#5E43B7,16,1568,-36.0,78.0,57.6,0,CONCEPT_NOT_FIT_VALIDATED
MON-B-01573,p6-2x1,Hot pink,#F5547C,16,1569,-33.0,-78.0,57.6,0,CONCEPT_NOT_FIT_VALIDATED
MON-B-01574,p6-2x1,Purple,#5E43B7,16,1570,-33.0,-72.0,57.6,0,CONCEPT_NOT_FIT_VALIDATED
MON-B-01575,p6-3x1,Hot pink,#F5547C,16,1571,-18.0,-78.0,57.6,0,CONCEPT_NOT_FIT_VALIDATED
MON-B-01576,p6-4x2,Purple,#5E43B7,16,1572,-15.0,-69.0,57.6,0,CONCEPT_NOT_FIT_VALIDATED
MON-B-01577,p6-4x2,Purple,#5E43B7,16,1573,-15.0,-57.0,57.6,0,CONCEPT_NOT_FIT_VALIDATED
MON-B-01578,p6-4x2,Purple,#5E43B7,16,1574,-15.0,-45.0,57.6,0,CONCEPT_NOT_FIT_VALIDATED
MON-B-01579,p6-4x2,Purple,#5E43B7,16,1575,-15.0,-33.0,57.6,0,CONCEPT_NOT_FIT_VALIDATED
MON-B-01580,p6-4x2,Purple,#5E43B7,16,1576,-15.0,-21.0,57.6,0,CONCEPT_NOT_FIT_VALIDATED
MON-B-01581,p6-4x2,Purple,#5E43B7,16,1577,-15.0,-9.0,57.6,0,CONCEPT_NOT_FIT_VALIDATED
MON-B-01582,p6-4x2,Purple,#5E43B7,16,1578,-15.0,3.0,57.6,0,CONCEPT_NOT_FIT_VALIDATED
MON-B-01583,p6-4x2,Purple,#5E43B7,16,1579,-15.0,15.0,57.6,0,CONCEPT_NOT_FIT_VALIDATED
MON-B-01584,p6-4x2,Purple,#5E43B7,16,1580,-15.0,27.0,57.6,0,CONCEPT_NOT_FIT_VALIDATED
MON-B-01585,p6-4x2,Purple,#5E43B7,16,1581,-15.0,39.0,57.6,0,CONCEPT_NOT_FIT_VALIDATED
MON-B-01586,p6-4x2,Purple,#5E43B7,16,1582,-15.0,51.0,57.6,0,CONCEPT_NOT_FIT_VALIDATED
MON-B-01587,p6-4x2,Purple,#5E43B7,16,1583,-15.0,63.0,57.6,0,CONCEPT_NOT_FIT_VALIDATED
MON-B-01588,p6-4x2,Purple,#5E43B7,16,1584,-15.0,75.0,57.6,0,CONCEPT_NOT_FIT_VALIDATED
MON-B-01589,p6-3x1,Purple,#5E43B7,16,1585,-12.0,84.0,57.6,0,CONCEPT_NOT_FIT_VALIDATED
MON-B-01528,p6-1x1,Purple,#5E43B7,15,1586,-12.0,84.0,54.0,0,CONCEPT_NOT_FIT_VALIDATED
MON-B-01590,p6-1x1,Hot pink,#F5547C,16,1587,-6.0,-84.0,57.6,0,CONCEPT_NOT_FIT_VALIDATED
MON-B-01591,p6-1x1,Purple,#5E43B7,16,1588,-6.0,-78.0,57.6,0,CONCEPT_NOT_FIT_VALIDATED
MON-B-01592,p6-3x1,Hot pink,#F5547C,16,1589,6.0,-84.0,57.6,0,CONCEPT_NOT_FIT_VALIDATED
MON-B-01593,p6-3x1,Purple,#5E43B7,16,1590,6.0,-78.0,57.6,0,CONCEPT_NOT_FIT_VALIDATED
MON-B-01594,p6-4x2,Purple,#5E43B7,16,1591,9.0,-69.0,57.6,0,CONCEPT_NOT_FIT_VALIDATED
MON-B-01595,p6-4x2,Purple,#5E43B7,16,1592,9.0,-57.0,57.6,0,CONCEPT_NOT_FIT_VALIDATED
MON-B-01596,p6-4x2,Purple,#5E43B7,16,1593,9.0,-45.0,57.6,0,CONCEPT_NOT_FIT_VALIDATED
MON-B-01597,p6-4x2,Purple,#5E43B7,16,1594,9.0,-33.0,57.6,0,CONCEPT_NOT_FIT_VALIDATED
MON-B-01598,p6-4x2,Purple,#5E43B7,16,1595,9.0,-21.0,57.6,0,CONCEPT_NOT_FIT_VALIDATED
MON-B-01599,p6-4x2,Purple,#5E43B7,16,1596,9.0,-9.0,57.6,0,CONCEPT_NOT_FIT_VALIDATED
MON-B-01600,p6-4x2,Purple,#5E43B7,16,1597,9.0,3.0,57.6,0,CONCEPT_NOT_FIT_VALIDATED
MON-B-01601,p6-4x2,Purple,#5E43B7,16,1598,9.0,15.0,57.6,0,CONCEPT_NOT_FIT_VALIDATED
MON-B-01602,p6-4x2,Purple,#5E43B7,16,1599,9.0,27.0,57.6,0,CONCEPT_NOT_FIT_VALIDATED
MON-B-01603,p6-4x2,Purple,#5E43B7,16,1600,9.0,39.0,57.6,0,CONCEPT_NOT_FIT_VALIDATED
MON-B-01604,p6-4x2,Purple,#5E43B7,16,1601,9.0,51.0,57.6,0,CONCEPT_NOT_FIT_VALIDATED
MON-B-01605,p6-4x2,Purple,#5E43B7,16,1602,9.0,63.0,57.6,0,CONCEPT_NOT_FIT_VALIDATED
MON-B-01606,p6-4x2,Purple,#5E43B7,16,1603,9.0,75.0,57.6,0,CONCEPT_NOT_FIT_VALIDATED
MON-B-01607,p6-4x1,Purple,#5E43B7,16,1604,9.0,84.0,57.6,0,CONCEPT_NOT_FIT_VALIDATED
MON-B-01608,p6-1x1,Hot pink,#F5547C,16,1605,18.0,-78.0,57.6,0,CONCEPT_NOT_FIT_VALIDATED
MON-B-01609,p6-3x1,Hot pink,#F5547C,16,1606,30.0,-78.0,57.6,0,CONCEPT_NOT_FIT_VALIDATED
MON-B-01610,p6-3x2,Purple,#5E43B7,16,1607,30.0,-69.0,57.6,0,CONCEPT_NOT_FIT_VALIDATED
MON-B-01611,p6-4x2,Purple,#5E43B7,16,1608,33.0,-57.0,57.6,0,CONCEPT_NOT_FIT_VALIDATED
MON-B-01612,p6-4x2,Purple,#5E43B7,16,1609,33.0,-45.0,57.6,0,CONCEPT_NOT_FIT_VALIDATED
MON-B-01613,p6-4x2,Purple,#5E43B7,16,1610,33.0,-33.0,57.6,0,CONCEPT_NOT_FIT_VALIDATED
MON-B-01614,p6-4x2,Purple,#5E43B7,16,1611,33.0,-21.0,57.6,0,CONCEPT_NOT_FIT_VALIDATED
MON-B-01615,p6-4x2,Purple,#5E43B7,16,1612,33.0,-9.0,57.6,0,CONCEPT_NOT_FIT_VALIDATED
MON-B-01616,p6-4x2,Purple,#5E43B7,16,1613,33.0,3.0,57.6,0,CONCEPT_NOT_FIT_VALIDATED
MON-B-01617,p6-4x2,Purple,#5E43B7,16,1614,33.0,15.0,57.6,0,CONCEPT_NOT_FIT_VALIDATED
MON-B-01618,p6-4x2,Purple,#5E43B7,16,1615,33.0,27.0,57.6,0,CONCEPT_NOT_FIT_VALIDATED
MON-B-01619,p6-4x2,Purple,#5E43B7,16,1616,33.0,39.0,57.6,0,CONCEPT_NOT_FIT_VALIDATED
MON-B-01620,p6-4x2,Purple,#5E43B7,16,1617,33.0,51.0,57.6,0,CONCEPT_NOT_FIT_VALIDATED
MON-B-01621,p6-4x2,Purple,#5E43B7,16,1618,33.0,63.0,57.6,0,CONCEPT_NOT_FIT_VALIDATED
MON-B-01622,p6-4x2,Purple,#5E43B7,16,1619,33.0,75.0,57.6,0,CONCEPT_NOT_FIT_VALIDATED
MON-B-01623,p6-1x1,Hot pink,#F5547C,16,1620,42.0,-72.0,57.6,0,CONCEPT_NOT_FIT_VALIDATED
MON-B-01624,p6-1x1,Purple,#5E43B7,16,1621,42.0,-66.0,57.6,0,CONCEPT_NOT_FIT_VALIDATED
MON-B-01625,p6-1x1,Hot pink,#F5547C,16,1622,48.0,-72.0,57.6,0,CONCEPT_NOT_FIT_VALIDATED
MON-B-01626,p6-1x1,Purple,#5E43B7,16,1623,48.0,-66.0,57.6,0,CONCEPT_NOT_FIT_VALIDATED
MON-B-01627,p6-2x2,Purple,#5E43B7,16,1624,51.0,-57.0,57.6,0,CONCEPT_NOT_FIT_VALIDATED
MON-B-01628,p6-3x2,Purple,#5E43B7,16,1625,54.0,-45.0,57.6,0,CONCEPT_NOT_FIT_VALIDATED
MON-B-01629,p6-4x2,Purple,#5E43B7,16,1626,57.0,-33.0,57.6,0,CONCEPT_NOT_FIT_VALIDATED
MON-B-01630,p6-4x2,Purple,#5E43B7,16,1627,57.0,-21.0,57.6,0,CONCEPT_NOT_FIT_VALIDATED
MON-B-01631,p6-4x2,Purple,#5E43B7,16,1628,57.0,-9.0,57.6,0,CONCEPT_NOT_FIT_VALIDATED
MON-B-01632,p6-4x2,Purple,#5E43B7,16,1629,57.0,3.0,57.6,0,CONCEPT_NOT_FIT_VALIDATED
MON-B-01633,p6-4x2,Purple,#5E43B7,16,1630,57.0,15.0,57.6,0,CONCEPT_NOT_FIT_VALIDATED
MON-B-01634,p6-4x2,Purple,#5E43B7,16,1631,57.0,27.0,57.6,0,CONCEPT_NOT_FIT_VALIDATED
MON-B-01635,p6-4x2,Purple,#5E43B7,16,1632,57.0,39.0,57.6,0,CONCEPT_NOT_FIT_VALIDATED
MON-B-01636,p6-4x2,Purple,#5E43B7,16,1633,57.0,51.0,57.6,0,CONCEPT_NOT_FIT_VALIDATED
MON-B-01637,p6-3x2,Purple,#5E43B7,16,1634,54.0,63.0,57.6,0,CONCEPT_NOT_FIT_VALIDATED
MON-B-01638,p6-2x1,Purple,#5E43B7,16,1635,51.0,72.0,57.6,0,CONCEPT_NOT_FIT_VALIDATED
MON-B-01639,p6-1x1,Hot pink,#F5547C,16,1636,54.0,-66.0,57.6,0,CONCEPT_NOT_FIT_VALIDATED
MON-B-01640,p6-1x1,Hot pink,#F5547C,16,1637,60.0,-60.0,57.6,0,CONCEPT_NOT_FIT_VALIDATED
MON-B-01641,p6-1x1,Purple,#5E43B7,16,1638,60.0,-54.0,57.6,0,CONCEPT_NOT_FIT_VALIDATED
MON-B-01642,p6-1x1,Hot pink,#F5547C,16,1639,66.0,-54.0,57.6,0,CONCEPT_NOT_FIT_VALIDATED
MON-B-01643,p6-1x1,Hot pink,#F5547C,16,1640,66.0,-48.0,57.6,0,CONCEPT_NOT_FIT_VALIDATED
MON-B-01644,p6-1x1,Purple,#5E43B7,16,1641,66.0,-42.0,57.6,0,CONCEPT_NOT_FIT_VALIDATED
MON-B-01645,p6-1x1,Purple,#5E43B7,16,1642,66.0,60.0,57.6,0,CONCEPT_NOT_FIT_VALIDATED
MON-B-01646,p6-1x1,Purple,#5E43B7,16,1643,72.0,-42.0,57.6,0,CONCEPT_NOT_FIT_VALIDATED
MON-B-01647,p6-2x2,Purple,#5E43B7,16,1644,75.0,-33.0,57.6,0,CONCEPT_NOT_FIT_VALIDATED
MON-B-01648,p6-3x2,Purple,#5E43B7,16,1645,78.0,-21.0,57.6,0,CONCEPT_NOT_FIT_VALIDATED
MON-B-01649,p6-3x2,Purple,#5E43B7,16,1646,78.0,-9.0,57.6,0,CONCEPT_NOT_FIT_VALIDATED
MON-B-01650,p6-4x2,Purple,#5E43B7,16,1647,81.0,3.0,57.6,0,CONCEPT_NOT_FIT_VALIDATED
MON-B-01471,p6-1x1,Purple,#5E43B7,15,1648,90.0,0.0,54.0,0,CONCEPT_NOT_FIT_VALIDATED
MON-B-01487,p6-1x1,Purple,#5E43B7,15,1649,90.0,6.0,54.0,0,CONCEPT_NOT_FIT_VALIDATED
MON-B-01651,p6-3x2,Purple,#5E43B7,16,1650,78.0,15.0,57.6,0,CONCEPT_NOT_FIT_VALIDATED
MON-B-01652,p6-3x2,Purple,#5E43B7,16,1651,78.0,27.0,57.6,0,CONCEPT_NOT_FIT_VALIDATED
MON-B-01653,p6-2x2,Purple,#5E43B7,16,1652,75.0,39.0,57.6,0,CONCEPT_NOT_FIT_VALIDATED
MON-B-01654,p6-2x1,Purple,#5E43B7,16,1653,75.0,48.0,57.6,0,CONCEPT_NOT_FIT_VALIDATED
MON-B-01655,p6-1x1,Purple,#5E43B7,16,1654,72.0,54.0,57.6,0,CONCEPT_NOT_FIT_VALIDATED
MON-B-01657,p6-1x1,Black,#000000,17,1655,-6.0,-84.0,61.2,0,CONCEPT_NOT_FIT_VALIDATED
MON-B-01658,p6-2x1,Black,#000000,17,1656,3.0,-84.0,61.2,0,CONCEPT_NOT_FIT_VALIDATED
MON-B-01659,p6-1x1,Hot pink,#F5547C,17,1657,-18.0,-78.0,61.2,0,CONCEPT_NOT_FIT_VALIDATED
MON-B-01660,p6-1x1,Hot pink,#F5547C,17,1658,-12.0,-78.0,61.2,0,CONCEPT_NOT_FIT_VALIDATED
MON-B-01661,p6-1x1,Purple,#5E43B7,17,1659,-6.0,-78.0,61.2,0,CONCEPT_NOT_FIT_VALIDATED
MON-B-01662,p6-2x1,Purple,#5E43B7,17,1660,3.0,-78.0,61.2,0,CONCEPT_NOT_FIT_VALIDATED
MON-B-01663,p6-2x1,Hot pink,#F5547C,17,1661,15.0,-78.0,61.2,0,CONCEPT_NOT_FIT_VALIDATED
MON-B-01664,p6-1x1,Hot pink,#F5547C,17,1662,-42.0,-72.0,61.2,0,CONCEPT_NOT_FIT_VALIDATED
MON-B-01665,p6-1x1,Hot pink,#F5547C,17,1663,-36.0,-72.0,61.2,0,CONCEPT_NOT_FIT_VALIDATED
MON-B-01666,p6-1x1,Black,#000000,17,1664,-30.0,-72.0,61.2,0,CONCEPT_NOT_FIT_VALIDATED
MON-B-01667,p6-1x1,Black,#000000,17,1665,-24.0,-72.0,61.2,0,CONCEPT_NOT_FIT_VALIDATED
MON-B-01668,p6-4x1,Purple,#5E43B7,17,1666,-18.0,-63.0,61.2,90,CONCEPT_NOT_FIT_VALIDATED
MON-B-01669,p6-4x2,Purple,#5E43B7,17,1667,-9.0,-63.0,61.2,90,CONCEPT_NOT_FIT_VALIDATED
MON-B-01670,p6-4x2,Purple,#5E43B7,17,1668,3.0,-63.0,61.2,90,CONCEPT_NOT_FIT_VALIDATED
MON-B-01671,p6-4x2,Purple,#5E43B7,17,1669,15.0,-63.0,61.2,90,CONCEPT_NOT_FIT_VALIDATED
MON-B-01672,p6-1x1,Black,#000000,17,1670,24.0,-72.0,61.2,0,CONCEPT_NOT_FIT_VALIDATED
MON-B-01673,p6-1x1,Hot pink,#F5547C,17,1671,30.0,-72.0,61.2,0,CONCEPT_NOT_FIT_VALIDATED
MON-B-01674,p6-2x1,Hot pink,#F5547C,17,1672,39.0,-72.0,61.2,0,CONCEPT_NOT_FIT_VALIDATED
MON-B-01675,p6-1x1,Hot pink,#F5547C,17,1673,-54.0,-66.0,61.2,0,CONCEPT_NOT_FIT_VALIDATED
MON-B-01676,p6-1x1,Hot pink,#F5547C,17,1674,-48.0,-66.0,61.2,0,CONCEPT_NOT_FIT_VALIDATED
MON-B-01677,p6-3x1,Purple,#5E43B7,17,1675,-42.0,-60.0,61.2,90,CONCEPT_NOT_FIT_VALIDATED
MON-B-01678,p6-3x2,Purple,#5E43B7,17,1676,-33.0,-60.0,61.2,90,CONCEPT_NOT_FIT_VALIDATED
MON-B-01679,p6-3x1,Purple,#5E43B7,17,1677,-24.0,-60.0,61.2,90,CONCEPT_NOT_FIT_VALIDATED
MON-B-01680,p6-3x2,Purple,#5E43B7,17,1678,27.0,-60.0,61.2,90,CONCEPT_NOT_FIT_VALIDATED
MON-B-01681,p6-3x2,Purple,#5E43B7,17,1679,39.0,-60.0,61.2,90,CONCEPT_NOT_FIT_VALIDATED
MON-B-01682,p6-1x1,Hot pink,#F5547C,17,1680,48.0,-66.0,61.2,0,CONCEPT_NOT_FIT_VALIDATED
MON-B-01683,p6-1x1,Hot pink,#F5547C,17,1681,-60.0,-60.0,61.2,0,CONCEPT_NOT_FIT_VALIDATED
MON-B-01684,p6-2x1,Purple,#5E43B7,17,1682,-54.0,-57.0,61.2,90,CONCEPT_NOT_FIT_VALIDATED
MON-B-01685,p6-2x1,Purple,#5E43B7,17,1683,-48.0,-57.0,61.2,90,CONCEPT_NOT_FIT_VALIDATED
MON-B-01686,p6-2x1,Purple,#5E43B7,17,1684,48.0,-57.0,61.2,90,CONCEPT_NOT_FIT_VALIDATED
MON-B-01687,p6-1x1,Hot pink,#F5547C,17,1685,54.0,-60.0,61.2,0,CONCEPT_NOT_FIT_VALIDATED
MON-B-01688,p6-1x1,Hot pink,#F5547C,17,1686,60.0,-60.0,61.2,0,CONCEPT_NOT_FIT_VALIDATED
MON-B-01689,p6-1x1,Hot pink,#F5547C,17,1687,-66.0,-54.0,61.2,0,CONCEPT_NOT_FIT_VALIDATED
MON-B-01690,p6-1x1,Purple,#5E43B7,17,1688,-60.0,-54.0,61.2,0,CONCEPT_NOT_FIT_VALIDATED
MON-B-01691,p6-1x1,Purple,#5E43B7,17,1689,54.0,-54.0,61.2,0,CONCEPT_NOT_FIT_VALIDATED
MON-B-01692,p6-1x1,Purple,#5E43B7,17,1690,60.0,-54.0,61.2,0,CONCEPT_NOT_FIT_VALIDATED
MON-B-01693,p6-1x1,Hot pink,#F5547C,17,1691,66.0,-54.0,61.2,0,CONCEPT_NOT_FIT_VALIDATED
MON-B-01695,p6-4x1,Purple,#5E43B7,17,1692,-66.0,-39.0,61.2,90,CONCEPT_NOT_FIT_VALIDATED
MON-B-01696,p6-4x2,Purple,#5E43B7,17,1693,-57.0,-39.0,61.2,90,CONCEPT_NOT_FIT_VALIDATED
MON-B-01697,p6-4x2,Purple,#5E43B7,17,1694,-45.0,-39.0,61.2,90,CONCEPT_NOT_FIT_VALIDATED
MON-B-01698,p6-4x2,Purple,#5E43B7,17,1695,-33.0,-39.0,61.2,90,CONCEPT_NOT_FIT_VALIDATED
MON-B-01699,p6-4x2,Purple,#5E43B7,17,1696,-21.0,-39.0,61.2,90,CONCEPT_NOT_FIT_VALIDATED
MON-B-01700,p6-4x2,Purple,#5E43B7,17,1697,-9.0,-39.0,61.2,90,CONCEPT_NOT_FIT_VALIDATED
MON-B-01701,p6-4x2,Purple,#5E43B7,17,1698,3.0,-39.0,61.2,90,CONCEPT_NOT_FIT_VALIDATED
MON-B-01702,p6-4x2,Purple,#5E43B7,17,1699,15.0,-39.0,61.2,90,CONCEPT_NOT_FIT_VALIDATED
MON-B-01703,p6-4x2,Purple,#5E43B7,17,1700,27.0,-39.0,61.2,90,CONCEPT_NOT_FIT_VALIDATED
MON-B-01704,p6-4x2,Purple,#5E43B7,17,1701,39.0,-39.0,61.2,90,CONCEPT_NOT_FIT_VALIDATED
MON-B-01705,p6-4x2,Purple,#5E43B7,17,1702,51.0,-39.0,61.2,90,CONCEPT_NOT_FIT_VALIDATED
MON-B-01706,p6-4x1,Purple,#5E43B7,17,1703,60.0,-39.0,61.2,90,CONCEPT_NOT_FIT_VALIDATED
MON-B-01707,p6-1x1,Hot pink,#F5547C,17,1704,66.0,-48.0,61.2,0,CONCEPT_NOT_FIT_VALIDATED
MON-B-01708,p6-3x1,Purple,#5E43B7,17,1705,-72.0,-36.0,61.2,90,CONCEPT_NOT_FIT_VALIDATED
MON-B-01709,p6-3x1,Purple,#5E43B7,17,1706,66.0,-36.0,61.2,90,CONCEPT_NOT_FIT_VALIDATED
MON-B-01710,p6-3x1,Purple,#5E43B7,17,1707,72.0,-36.0,61.2,90,CONCEPT_NOT_FIT_VALIDATED
MON-B-01711,p6-2x1,Purple,#5E43B7,17,1708,-78.0,-33.0,61.2,90,CONCEPT_NOT_FIT_VALIDATED
MON-B-01712,p6-2x1,Purple,#5E43B7,17,1709,78.0,-33.0,61.2,90,CONCEPT_NOT_FIT_VALIDATED
MON-B-01713,p6-1x1,Purple,#5E43B7,17,1710,-84.0,-30.0,61.2,0,CONCEPT_NOT_FIT_VALIDATED
MON-B-01714,p6-4x2,Purple,#5E43B7,17,1711,-81.0,-15.0,61.2,90,CONCEPT_NOT_FIT_VALIDATED
MON-B-01715,p6-4x2,Purple,#5E43B7,17,1712,-69.0,-15.0,61.2,90,CONCEPT_NOT_FIT_VALIDATED
MON-B-01716,p6-4x2,Purple,#5E43B7,17,1713,-57.0,-15.0,61.2,90,CONCEPT_NOT_FIT_VALIDATED
MON-B-01717,p6-4x2,Purple,#5E43B7,17,1714,-45.0,-15.0,61.2,90,CONCEPT_NOT_FIT_VALIDATED
MON-B-01718,p6-4x2,Purple,#5E43B7,17,1715,-33.0,-15.0,61.2,90,CONCEPT_NOT_FIT_VALIDATED
MON-B-01719,p6-4x2,Purple,#5E43B7,17,1716,-21.0,-15.0,61.2,90,CONCEPT_NOT_FIT_VALIDATED
MON-B-01720,p6-4x2,Purple,#5E43B7,17,1717,-9.0,-15.0,61.2,90,CONCEPT_NOT_FIT_VALIDATED
MON-B-01721,p6-4x2,Purple,#5E43B7,17,1718,3.0,-15.0,61.2,90,CONCEPT_NOT_FIT_VALIDATED
MON-B-01722,p6-4x2,Purple,#5E43B7,17,1719,15.0,-15.0,61.2,90,CONCEPT_NOT_FIT_VALIDATED
MON-B-01723,p6-4x2,Purple,#5E43B7,17,1720,27.0,-15.0,61.2,90,CONCEPT_NOT_FIT_VALIDATED
MON-B-01724,p6-4x2,Purple,#5E43B7,17,1721,39.0,-15.0,61.2,90,CONCEPT_NOT_FIT_VALIDATED
MON-B-01725,p6-4x2,Purple,#5E43B7,17,1722,51.0,-15.0,61.2,90,CONCEPT_NOT_FIT_VALIDATED
MON-B-01726,p6-4x2,Purple,#5E43B7,17,1723,63.0,-15.0,61.2,90,CONCEPT_NOT_FIT_VALIDATED
MON-B-01727,p6-4x2,Purple,#5E43B7,17,1724,75.0,-15.0,61.2,90,CONCEPT_NOT_FIT_VALIDATED
MON-B-01728,p6-4x1,Purple,#5E43B7,17,1725,84.0,-15.0,61.2,90,CONCEPT_NOT_FIT_VALIDATED
MON-B-01729,p6-2x1,Purple,#5E43B7,17,1726,-90.0,-9.0,61.2,90,CONCEPT_NOT_FIT_VALIDATED
MON-B-01730,p6-4x1,Purple,#5E43B7,17,1727,-90.0,9.0,61.2,90,CONCEPT_NOT_FIT_VALIDATED
MON-B-01731,p6-4x2,Purple,#5E43B7,17,1728,-81.0,9.0,61.2,90,CONCEPT_NOT_FIT_VALIDATED
MON-B-01732,p6-4x2,Purple,#5E43B7,17,1729,-69.0,9.0,61.2,90,CONCEPT_NOT_FIT_VALIDATED
MON-B-01733,p6-4x2,Purple,#5E43B7,17,1730,-57.0,9.0,61.2,90,CONCEPT_NOT_FIT_VALIDATED
MON-B-01734,p6-4x2,Purple,#5E43B7,17,1731,-45.0,9.0,61.2,90,CONCEPT_NOT_FIT_VALIDATED
MON-B-01735,p6-4x2,Purple,#5E43B7,17,1732,-33.0,9.0,61.2,90,CONCEPT_NOT_FIT_VALIDATED
MON-B-01736,p6-4x2,Purple,#5E43B7,17,1733,-21.0,9.0,61.2,90,CONCEPT_NOT_FIT_VALIDATED
MON-B-01737,p6-4x2,Purple,#5E43B7,17,1734,-9.0,9.0,61.2,90,CONCEPT_NOT_FIT_VALIDATED
MON-B-01738,p6-4x2,Purple,#5E43B7,17,1735,3.0,9.0,61.2,90,CONCEPT_NOT_FIT_VALIDATED
MON-B-01739,p6-4x2,Purple,#5E43B7,17,1736,15.0,9.0,61.2,90,CONCEPT_NOT_FIT_VALIDATED
MON-B-01740,p6-4x2,Purple,#5E43B7,17,1737,27.0,9.0,61.2,90,CONCEPT_NOT_FIT_VALIDATED
MON-B-01741,p6-4x2,Purple,#5E43B7,17,1738,39.0,9.0,61.2,90,CONCEPT_NOT_FIT_VALIDATED
MON-B-01742,p6-4x2,Purple,#5E43B7,17,1739,51.0,9.0,61.2,90,CONCEPT_NOT_FIT_VALIDATED
MON-B-01743,p6-4x2,Purple,#5E43B7,17,1740,63.0,9.0,61.2,90,CONCEPT_NOT_FIT_VALIDATED
MON-B-01744,p6-4x2,Purple,#5E43B7,17,1741,75.0,9.0,61.2,90,CONCEPT_NOT_FIT_VALIDATED
MON-B-01745,p6-3x2,Purple,#5E43B7,17,1742,87.0,6.0,61.2,90,CONCEPT_NOT_FIT_VALIDATED
MON-B-01746,p6-1x1,Purple,#5E43B7,17,1743,84.0,18.0,61.2,0,CONCEPT_NOT_FIT_VALIDATED
MON-B-01748,p6-3x2,Purple,#5E43B7,17,1744,-81.0,30.0,61.2,90,CONCEPT_NOT_FIT_VALIDATED
MON-B-01749,p6-4x2,Purple,#5E43B7,17,1745,-69.0,33.0,61.2,90,CONCEPT_NOT_FIT_VALIDATED
MON-B-01750,p6-4x2,Purple,#5E43B7,17,1746,-57.0,33.0,61.2,90,CONCEPT_NOT_FIT_VALIDATED
MON-B-01751,p6-4x2,Purple,#5E43B7,17,1747,-45.0,33.0,61.2,90,CONCEPT_NOT_FIT_VALIDATED
MON-B-01752,p6-4x2,Purple,#5E43B7,17,1748,-33.0,33.0,61.2,90,CONCEPT_NOT_FIT_VALIDATED
MON-B-01753,p6-4x2,Purple,#5E43B7,17,1749,-21.0,33.0,61.2,90,CONCEPT_NOT_FIT_VALIDATED
MON-B-01754,p6-4x2,Purple,#5E43B7,17,1750,-9.0,33.0,61.2,90,CONCEPT_NOT_FIT_VALIDATED
MON-B-01755,p6-4x2,Purple,#5E43B7,17,1751,3.0,33.0,61.2,90,CONCEPT_NOT_FIT_VALIDATED
MON-B-01756,p6-4x2,Purple,#5E43B7,17,1752,15.0,33.0,61.2,90,CONCEPT_NOT_FIT_VALIDATED
MON-B-01757,p6-4x2,Purple,#5E43B7,17,1753,27.0,33.0,61.2,90,CONCEPT_NOT_FIT_VALIDATED
MON-B-01758,p6-4x2,Purple,#5E43B7,17,1754,39.0,33.0,61.2,90,CONCEPT_NOT_FIT_VALIDATED
MON-B-01759,p6-4x2,Purple,#5E43B7,17,1755,51.0,33.0,61.2,90,CONCEPT_NOT_FIT_VALIDATED
MON-B-01760,p6-4x2,Purple,#5E43B7,17,1756,63.0,33.0,61.2,90,CONCEPT_NOT_FIT_VALIDATED
MON-B-01761,p6-4x2,Purple,#5E43B7,17,1757,75.0,33.0,61.2,90,CONCEPT_NOT_FIT_VALIDATED
MON-B-01762,p6-3x1,Purple,#5E43B7,17,1758,84.0,30.0,61.2,90,CONCEPT_NOT_FIT_VALIDATED
MON-B-01656,p6-1x1,Purple,#5E43B7,16,1759,84.0,36.0,57.6,0,CONCEPT_NOT_FIT_VALIDATED
MON-B-01763,p6-1x1,Purple,#5E43B7,17,1760,-78.0,42.0,61.2,0,CONCEPT_NOT_FIT_VALIDATED
MON-B-01764,p6-1x1,Purple,#5E43B7,17,1761,-78.0,48.0,61.2,0,CONCEPT_NOT_FIT_VALIDATED
MON-B-01765,p6-2x2,Purple,#5E43B7,17,1762,-69.0,51.0,61.2,0,CONCEPT_NOT_FIT_VALIDATED
MON-B-01766,p6-4x2,Purple,#5E43B7,17,1763,-57.0,57.0,61.2,90,CONCEPT_NOT_FIT_VALIDATED
MON-B-01767,p6-4x2,Purple,#5E43B7,17,1764,-45.0,57.0,61.2,90,CONCEPT_NOT_FIT_VALIDATED
MON-B-01768,p6-4x2,Purple,#5E43B7,17,1765,-33.0,57.0,61.2,90,CONCEPT_NOT_FIT_VALIDATED
MON-B-01769,p6-4x2,Purple,#5E43B7,17,1766,-21.0,57.0,61.2,90,CONCEPT_NOT_FIT_VALIDATED
MON-B-01770,p6-4x2,Purple,#5E43B7,17,1767,-9.0,57.0,61.2,90,CONCEPT_NOT_FIT_VALIDATED
MON-B-01771,p6-4x2,Purple,#5E43B7,17,1768,3.0,57.0,61.2,90,CONCEPT_NOT_FIT_VALIDATED
MON-B-01772,p6-4x2,Purple,#5E43B7,17,1769,15.0,57.0,61.2,90,CONCEPT_NOT_FIT_VALIDATED
MON-B-01773,p6-4x2,Purple,#5E43B7,17,1770,27.0,57.0,61.2,90,CONCEPT_NOT_FIT_VALIDATED
MON-B-01774,p6-4x2,Purple,#5E43B7,17,1771,39.0,57.0,61.2,90,CONCEPT_NOT_FIT_VALIDATED
MON-B-01775,p6-4x2,Purple,#5E43B7,17,1772,51.0,57.0,61.2,90,CONCEPT_NOT_FIT_VALIDATED
MON-B-01776,p6-3x2,Purple,#5E43B7,17,1773,63.0,54.0,61.2,90,CONCEPT_NOT_FIT_VALIDATED
MON-B-01777,p6-2x1,Purple,#5E43B7,17,1774,72.0,51.0,61.2,90,CONCEPT_NOT_FIT_VALIDATED
MON-B-01778,p6-1x1,Purple,#5E43B7,17,1775,78.0,48.0,61.2,0,CONCEPT_NOT_FIT_VALIDATED
MON-B-01779,p6-1x1,Purple,#5E43B7,17,1776,-66.0,60.0,61.2,0,CONCEPT_NOT_FIT_VALIDATED
MON-B-01780,p6-1x1,Purple,#5E43B7,17,1777,60.0,66.0,61.2,0,CONCEPT_NOT_FIT_VALIDATED
MON-B-01782,p6-2x1,Purple,#5E43B7,17,1778,-45.0,72.0,61.2,0,CONCEPT_NOT_FIT_VALIDATED
MON-B-01783,p6-2x2,Purple,#5E43B7,17,1779,-33.0,75.0,61.2,0,CONCEPT_NOT_FIT_VALIDATED
MON-B-01784,p6-3x2,Purple,#5E43B7,17,1780,-21.0,78.0,61.2,90,CONCEPT_NOT_FIT_VALIDATED
MON-B-01785,p6-3x2,Purple,#5E43B7,17,1781,-9.0,78.0,61.2,90,CONCEPT_NOT_FIT_VALIDATED
MON-B-01786,p6-3x2,Purple,#5E43B7,17,1782,3.0,78.0,61.2,90,CONCEPT_NOT_FIT_VALIDATED
MON-B-01787,p6-3x2,Purple,#5E43B7,17,1783,15.0,78.0,61.2,90,CONCEPT_NOT_FIT_VALIDATED
MON-B-01788,p6-2x2,Purple,#5E43B7,17,1784,27.0,75.0,61.2,0,CONCEPT_NOT_FIT_VALIDATED
MON-B-01789,p6-2x2,Purple,#5E43B7,17,1785,39.0,75.0,61.2,0,CONCEPT_NOT_FIT_VALIDATED
MON-B-01790,p6-2x1,Purple,#5E43B7,17,1786,51.0,72.0,61.2,0,CONCEPT_NOT_FIT_VALIDATED
MON-B-01791,p6-1x1,Purple,#5E43B7,17,1787,-42.0,78.0,61.2,0,CONCEPT_NOT_FIT_VALIDATED
MON-B-01793,p6-2x1,Purple,#5E43B7,18,1788,-87.0,-12.0,64.8,0,CONCEPT_NOT_FIT_VALIDATED
MON-B-01794,p6-2x2,Purple,#5E43B7,18,1789,-87.0,-3.0,64.8,0,CONCEPT_NOT_FIT_VALIDATED
MON-B-01795,p6-2x2,Purple,#5E43B7,18,1790,-87.0,9.0,64.8,0,CONCEPT_NOT_FIT_VALIDATED
MON-B-01796,p6-2x2,Purple,#5E43B7,18,1791,-87.0,21.0,64.8,0,CONCEPT_NOT_FIT_VALIDATED
MON-B-01747,p6-1x1,Purple,#5E43B7,17,1792,-90.0,24.0,61.2,0,CONCEPT_NOT_FIT_VALIDATED
MON-B-01797,p6-2x1,Purple,#5E43B7,18,1793,-84.0,-27.0,64.8,90,CONCEPT_NOT_FIT_VALIDATED
MON-B-01798,p6-1x1,Purple,#5E43B7,18,1794,-84.0,-18.0,64.8,0,CONCEPT_NOT_FIT_VALIDATED
MON-B-01799,p6-2x1,Purple,#5E43B7,18,1795,-84.0,33.0,64.8,90,CONCEPT_NOT_FIT_VALIDATED
MON-B-01801,p6-4x1,Purple,#5E43B7,18,1796,-69.0,-36.0,64.8,0,CONCEPT_NOT_FIT_VALIDATED
MON-B-01802,p6-4x2,Purple,#5E43B7,18,1797,-69.0,-27.0,64.8,0,CONCEPT_NOT_FIT_VALIDATED
MON-B-01803,p6-4x2,Purple,#5E43B7,18,1798,-69.0,-15.0,64.8,0,CONCEPT_NOT_FIT_VALIDATED
MON-B-01804,p6-4x2,Purple,#5E43B7,18,1799,-69.0,-3.0,64.8,0,CONCEPT_NOT_FIT_VALIDATED
MON-B-01805,p6-4x2,Purple,#5E43B7,18,1800,-69.0,9.0,64.8,0,CONCEPT_NOT_FIT_VALIDATED
MON-B-01806,p6-4x2,Purple,#5E43B7,18,1801,-69.0,21.0,64.8,0,CONCEPT_NOT_FIT_VALIDATED
MON-B-01807,p6-4x2,Purple,#5E43B7,18,1802,-69.0,33.0,64.8,0,CONCEPT_NOT_FIT_VALIDATED
MON-B-01808,p6-4x2,Purple,#5E43B7,18,1803,-69.0,45.0,64.8,0,CONCEPT_NOT_FIT_VALIDATED
MON-B-01810,p6-1x1,Hot pink,#F5547C,18,1804,-72.0,-42.0,64.8,0,CONCEPT_NOT_FIT_VALIDATED
MON-B-01811,p6-3x1,Purple,#5E43B7,18,1805,-66.0,54.0,64.8,0,CONCEPT_NOT_FIT_VALIDATED
MON-B-01812,p6-1x1,Hot pink,#F5547C,18,1806,-66.0,-54.0,64.8,0,CONCEPT_NOT_FIT_VALIDATED
MON-B-01813,p6-2x1,Purple,#5E43B7,18,1807,-63.0,-48.0,64.8,0,CONCEPT_NOT_FIT_VALIDATED
MON-B-01814,p6-2x1,Purple,#5E43B7,18,1808,-63.0,-42.0,64.8,0,CONCEPT_NOT_FIT_VALIDATED
MON-B-01815,p6-2x1,Purple,#5E43B7,18,1809,-63.0,60.0,64.8,0,CONCEPT_NOT_FIT_VALIDATED
MON-B-01816,p6-1x1,Hot pink,#F5547C,18,1810,-60.0,-60.0,64.8,0,CONCEPT_NOT_FIT_VALIDATED
MON-B-01817,p6-1x1,Purple,#5E43B7,18,1811,-60.0,-54.0,64.8,0,CONCEPT_NOT_FIT_VALIDATED
MON-B-01818,p6-1x1,Purple,#5E43B7,18,1812,-60.0,66.0,64.8,0,CONCEPT_NOT_FIT_VALIDATED
MON-B-01819,p6-1x1,Hot pink,#F5547C,18,1813,-54.0,-60.0,64.8,0,CONCEPT_NOT_FIT_VALIDATED
MON-B-01820,p6-4x2,Purple,#5E43B7,18,1814,-45.0,-51.0,64.8,0,CONCEPT_NOT_FIT_VALIDATED
MON-B-01821,p6-4x2,Purple,#5E43B7,18,1815,-45.0,-39.0,64.8,0,CONCEPT_NOT_FIT_VALIDATED
MON-B-01822,p6-4x2,Purple,#5E43B7,18,1816,-45.0,-27.0,64.8,0,CONCEPT_NOT_FIT_VALIDATED
MON-B-01823,p6-4x2,Purple,#5E43B7,18,1817,-45.0,-15.0,64.8,0,CONCEPT_NOT_FIT_VALIDATED
MON-B-01824,p6-4x2,Purple,#5E43B7,18,1818,-45.0,-3.0,64.8,0,CONCEPT_NOT_FIT_VALIDATED
MON-B-01825,p6-4x2,Purple,#5E43B7,18,1819,-45.0,9.0,64.8,0,CONCEPT_NOT_FIT_VALIDATED
MON-B-01826,p6-4x2,Purple,#5E43B7,18,1820,-45.0,21.0,64.8,0,CONCEPT_NOT_FIT_VALIDATED
MON-B-01827,p6-4x2,Purple,#5E43B7,18,1821,-45.0,33.0,64.8,0,CONCEPT_NOT_FIT_VALIDATED
MON-B-01828,p6-4x2,Purple,#5E43B7,18,1822,-45.0,45.0,64.8,0,CONCEPT_NOT_FIT_VALIDATED
MON-B-01829,p6-4x2,Purple,#5E43B7,18,1823,-45.0,57.0,64.8,0,CONCEPT_NOT_FIT_VALIDATED
MON-B-01830,p6-4x2,Purple,#5E43B7,18,1824,-45.0,69.0,64.8,0,CONCEPT_NOT_FIT_VALIDATED
MON-B-01781,p6-1x1,Purple,#5E43B7,17,1825,-54.0,72.0,61.2,0,CONCEPT_NOT_FIT_VALIDATED
MON-B-01557,p6-1x1,Purple,#5E43B7,16,1826,-54.0,72.0,57.6,0,CONCEPT_NOT_FIT_VALIDATED
MON-B-01831,p6-1x1,Black,#000000,18,1827,-48.0,-66.0,64.8,0,CONCEPT_NOT_FIT_VALIDATED
MON-B-01832,p6-3x1,Purple,#5E43B7,18,1828,-42.0,-60.0,64.8,0,CONCEPT_NOT_FIT_VALIDATED
MON-B-01833,p6-2x1,Black,#000000,18,1829,-39.0,-72.0,64.8,0,CONCEPT_NOT_FIT_VALIDATED
MON-B-01834,p6-2x1,Purple,#5E43B7,18,1830,-39.0,-66.0,64.8,0,CONCEPT_NOT_FIT_VALIDATED
MON-B-01835,p6-2x1,Purple,#5E43B7,18,1831,-39.0,78.0,64.8,0,CONCEPT_NOT_FIT_VALIDATED
MON-B-01836,p6-2x1,Black,#000000,18,1832,-27.0,-72.0,64.8,0,CONCEPT_NOT_FIT_VALIDATED
MON-B-01837,p6-4x2,Purple,#5E43B7,18,1833,-21.0,-63.0,64.8,0,CONCEPT_NOT_FIT_VALIDATED
MON-B-01838,p6-4x2,Purple,#5E43B7,18,1834,-21.0,-51.0,64.8,0,CONCEPT_NOT_FIT_VALIDATED
MON-B-01839,p6-4x2,Purple,#5E43B7,18,1835,-21.0,-39.0,64.8,0,CONCEPT_NOT_FIT_VALIDATED
MON-B-01840,p6-4x2,Purple,#5E43B7,18,1836,-21.0,-27.0,64.8,0,CONCEPT_NOT_FIT_VALIDATED
MON-B-01841,p6-4x2,Purple,#5E43B7,18,1837,-21.0,-15.0,64.8,0,CONCEPT_NOT_FIT_VALIDATED
MON-B-01842,p6-4x2,Purple,#5E43B7,18,1838,-21.0,-3.0,64.8,0,CONCEPT_NOT_FIT_VALIDATED
MON-B-01843,p6-4x2,Purple,#5E43B7,18,1839,-21.0,9.0,64.8,0,CONCEPT_NOT_FIT_VALIDATED
MON-B-01844,p6-4x2,Purple,#5E43B7,18,1840,-21.0,21.0,64.8,0,CONCEPT_NOT_FIT_VALIDATED
MON-B-01845,p6-4x2,Purple,#5E43B7,18,1841,-21.0,33.0,64.8,0,CONCEPT_NOT_FIT_VALIDATED
MON-B-01846,p6-4x2,Purple,#5E43B7,18,1842,-21.0,45.0,64.8,0,CONCEPT_NOT_FIT_VALIDATED
MON-B-01847,p6-4x2,Purple,#5E43B7,18,1843,-21.0,57.0,64.8,0,CONCEPT_NOT_FIT_VALIDATED
MON-B-01848,p6-4x2,Purple,#5E43B7,18,1844,-21.0,69.0,64.8,0,CONCEPT_NOT_FIT_VALIDATED
MON-B-01849,p6-4x1,Purple,#5E43B7,18,1845,-21.0,78.0,64.8,0,CONCEPT_NOT_FIT_VALIDATED
MON-B-01850,p6-3x1,Purple,#5E43B7,18,1846,-18.0,84.0,64.8,0,CONCEPT_NOT_FIT_VALIDATED
MON-B-01851,p6-2x1,Hot pink,#F5547C,18,1847,-15.0,-78.0,64.8,0,CONCEPT_NOT_FIT_VALIDATED
MON-B-01852,p6-2x1,Purple,#5E43B7,18,1848,-15.0,-72.0,64.8,0,CONCEPT_NOT_FIT_VALIDATED
MON-B-01853,p6-3x1,Black,#000000,18,1849,0.0,-84.0,64.8,0,CONCEPT_NOT_FIT_VALIDATED
MON-B-01854,p6-3x2,Purple,#5E43B7,18,1850,0.0,-75.0,64.8,0,CONCEPT_NOT_FIT_VALIDATED
MON-B-01855,p6-4x2,Purple,#5E43B7,18,1851,3.0,-63.0,64.8,0,CONCEPT_NOT_FIT_VALIDATED
MON-B-01856,p6-4x2,Purple,#5E43B7,18,1852,3.0,-51.0,64.8,0,CONCEPT_NOT_FIT_VALIDATED
MON-B-01857,p6-4x2,Purple,#5E43B7,18,1853,3.0,-39.0,64.8,0,CONCEPT_NOT_FIT_VALIDATED
MON-B-01858,p6-4x2,Purple,#5E43B7,18,1854,3.0,-27.0,64.8,0,CONCEPT_NOT_FIT_VALIDATED
MON-B-01859,p6-4x2,Purple,#5E43B7,18,1855,3.0,-15.0,64.8,0,CONCEPT_NOT_FIT_VALIDATED
MON-B-01860,p6-4x2,Purple,#5E43B7,18,1856,3.0,-3.0,64.8,0,CONCEPT_NOT_FIT_VALIDATED
MON-B-01861,p6-4x2,Purple,#5E43B7,18,1857,3.0,9.0,64.8,0,CONCEPT_NOT_FIT_VALIDATED
MON-B-01862,p6-4x2,Purple,#5E43B7,18,1858,3.0,21.0,64.8,0,CONCEPT_NOT_FIT_VALIDATED
MON-B-01863,p6-4x2,Purple,#5E43B7,18,1859,3.0,33.0,64.8,0,CONCEPT_NOT_FIT_VALIDATED
MON-B-01864,p6-4x2,Purple,#5E43B7,18,1860,3.0,45.0,64.8,0,CONCEPT_NOT_FIT_VALIDATED
MON-B-01865,p6-4x2,Purple,#5E43B7,18,1861,3.0,57.0,64.8,0,CONCEPT_NOT_FIT_VALIDATED
MON-B-01866,p6-4x2,Purple,#5E43B7,18,1862,3.0,69.0,64.8,0,CONCEPT_NOT_FIT_VALIDATED
MON-B-01867,p6-4x2,Purple,#5E43B7,18,1863,3.0,81.0,64.8,0,CONCEPT_NOT_FIT_VALIDATED
MON-B-01868,p6-1x1,Hot pink,#F5547C,18,1864,12.0,-78.0,64.8,0,CONCEPT_NOT_FIT_VALIDATED
MON-B-01869,p6-1x1,Purple,#5E43B7,18,1865,12.0,-72.0,64.8,0,CONCEPT_NOT_FIT_VALIDATED
MON-B-01870,p6-1x1,Hot pink,#F5547C,18,1866,18.0,-78.0,64.8,0,CONCEPT_NOT_FIT_VALIDATED
MON-B-01871,p6-1x1,Purple,#5E43B7,18,1867,18.0,-72.0,64.8,0,CONCEPT_NOT_FIT_VALIDATED
MON-B-01872,p6-4x2,Purple,#5E43B7,18,1868,27.0,-63.0,64.8,0,CONCEPT_NOT_FIT_VALIDATED
MON-B-01873,p6-4x2,Purple,#5E43B7,18,1869,27.0,-51.0,64.8,0,CONCEPT_NOT_FIT_VALIDATED
MON-B-01874,p6-4x2,Purple,#5E43B7,18,1870,27.0,-39.0,64.8,0,CONCEPT_NOT_FIT_VALIDATED
MON-B-01875,p6-4x2,Purple,#5E43B7,18,1871,27.0,-27.0,64.8,0,CONCEPT_NOT_FIT_VALIDATED
MON-B-01876,p6-4x2,Purple,#5E43B7,18,1872,27.0,-15.0,64.8,0,CONCEPT_NOT_FIT_VALIDATED
MON-B-01877,p6-4x2,Purple,#5E43B7,18,1873,27.0,-3.0,64.8,0,CONCEPT_NOT_FIT_VALIDATED
MON-B-01878,p6-4x2,Purple,#5E43B7,18,1874,27.0,9.0,64.8,0,CONCEPT_NOT_FIT_VALIDATED
MON-B-01879,p6-4x2,Purple,#5E43B7,18,1875,27.0,21.0,64.8,0,CONCEPT_NOT_FIT_VALIDATED
MON-B-01880,p6-4x2,Purple,#5E43B7,18,1876,27.0,33.0,64.8,0,CONCEPT_NOT_FIT_VALIDATED
MON-B-01881,p6-4x2,Purple,#5E43B7,18,1877,27.0,45.0,64.8,0,CONCEPT_NOT_FIT_VALIDATED
MON-B-01882,p6-4x2,Purple,#5E43B7,18,1878,27.0,57.0,64.8,0,CONCEPT_NOT_FIT_VALIDATED
MON-B-01883,p6-4x2,Purple,#5E43B7,18,1879,27.0,69.0,64.8,0,CONCEPT_NOT_FIT_VALIDATED
MON-B-01884,p6-4x1,Purple,#5E43B7,18,1880,27.0,78.0,64.8,0,CONCEPT_NOT_FIT_VALIDATED
MON-B-01885,p6-2x1,Purple,#5E43B7,18,1881,21.0,84.0,64.8,0,CONCEPT_NOT_FIT_VALIDATED
MON-B-01792,p6-1x1,Purple,#5E43B7,17,1882,24.0,84.0,61.2,0,CONCEPT_NOT_FIT_VALIDATED
MON-B-01886,p6-3x1,Black,#000000,18,1883,30.0,-72.0,64.8,0,CONCEPT_NOT_FIT_VALIDATED
MON-B-01887,p6-2x1,Black,#000000,18,1884,45.0,-66.0,64.8,0,CONCEPT_NOT_FIT_VALIDATED
MON-B-01888,p6-2x1,Purple,#5E43B7,18,1885,45.0,-60.0,64.8,0,CONCEPT_NOT_FIT_VALIDATED
MON-B-01889,p6-4x2,Purple,#5E43B7,18,1886,51.0,-51.0,64.8,0,CONCEPT_NOT_FIT_VALIDATED
MON-B-01890,p6-4x2,Purple,#5E43B7,18,1887,51.0,-39.0,64.8,0,CONCEPT_NOT_FIT_VALIDATED
MON-B-01891,p6-4x2,Purple,#5E43B7,18,1888,51.0,-27.0,64.8,0,CONCEPT_NOT_FIT_VALIDATED
MON-B-01892,p6-4x2,Purple,#5E43B7,18,1889,51.0,-15.0,64.8,0,CONCEPT_NOT_FIT_VALIDATED
MON-B-01893,p6-4x2,Purple,#5E43B7,18,1890,51.0,-3.0,64.8,0,CONCEPT_NOT_FIT_VALIDATED
MON-B-01894,p6-4x2,Purple,#5E43B7,18,1891,51.0,9.0,64.8,0,CONCEPT_NOT_FIT_VALIDATED
MON-B-01895,p6-4x2,Purple,#5E43B7,18,1892,51.0,21.0,64.8,0,CONCEPT_NOT_FIT_VALIDATED
MON-B-01896,p6-4x2,Purple,#5E43B7,18,1893,51.0,33.0,64.8,0,CONCEPT_NOT_FIT_VALIDATED
MON-B-01897,p6-4x2,Purple,#5E43B7,18,1894,51.0,45.0,64.8,0,CONCEPT_NOT_FIT_VALIDATED
MON-B-01898,p6-4x2,Purple,#5E43B7,18,1895,51.0,57.0,64.8,0,CONCEPT_NOT_FIT_VALIDATED
MON-B-01899,p6-3x2,Purple,#5E43B7,18,1896,48.0,69.0,64.8,0,CONCEPT_NOT_FIT_VALIDATED
MON-B-01900,p6-1x1,Purple,#5E43B7,18,1897,42.0,78.0,64.8,0,CONCEPT_NOT_FIT_VALIDATED
MON-B-01901,p6-2x1,Hot pink,#F5547C,18,1898,57.0,-60.0,64.8,0,CONCEPT_NOT_FIT_VALIDATED
MON-B-01902,p6-1x1,Purple,#5E43B7,18,1899,60.0,66.0,64.8,0,CONCEPT_NOT_FIT_VALIDATED
MON-B-01903,p6-2x1,Hot pink,#F5547C,18,1900,66.0,-51.0,64.8,90,CONCEPT_NOT_FIT_VALIDATED
MON-B-01904,p6-2x1,Purple,#5E43B7,18,1901,66.0,-39.0,64.8,90,CONCEPT_NOT_FIT_VALIDATED
MON-B-01905,p6-3x2,Purple,#5E43B7,18,1902,72.0,-27.0,64.8,0,CONCEPT_NOT_FIT_VALIDATED
MON-B-01906,p6-4x2,Purple,#5E43B7,18,1903,75.0,-15.0,64.8,0,CONCEPT_NOT_FIT_VALIDATED
MON-B-01907,p6-4x2,Purple,#5E43B7,18,1904,75.0,-3.0,64.8,0,CONCEPT_NOT_FIT_VALIDATED
MON-B-01908,p6-4x2,Purple,#5E43B7,18,1905,75.0,9.0,64.8,0,CONCEPT_NOT_FIT_VALIDATED
MON-B-01909,p6-4x2,Purple,#5E43B7,18,1906,75.0,21.0,64.8,0,CONCEPT_NOT_FIT_VALIDATED
MON-B-01910,p6-4x2,Purple,#5E43B7,18,1907,75.0,33.0,64.8,0,CONCEPT_NOT_FIT_VALIDATED
MON-B-01911,p6-3x2,Purple,#5E43B7,18,1908,72.0,45.0,64.8,0,CONCEPT_NOT_FIT_VALIDATED
MON-B-01912,p6-2x1,Purple,#5E43B7,18,1909,69.0,54.0,64.8,0,CONCEPT_NOT_FIT_VALIDATED
MON-B-01913,p6-1x1,Purple,#5E43B7,18,1910,66.0,60.0,64.8,0,CONCEPT_NOT_FIT_VALIDATED
MON-B-01914,p6-1x1,Hot pink,#F5547C,18,1911,72.0,-42.0,64.8,0,CONCEPT_NOT_FIT_VALIDATED
MON-B-01915,p6-2x1,Purple,#5E43B7,18,1912,75.0,-36.0,64.8,0,CONCEPT_NOT_FIT_VALIDATED
MON-B-01916,p6-1x1,Purple,#5E43B7,18,1913,84.0,-24.0,64.8,0,CONCEPT_NOT_FIT_VALIDATED
MON-B-01917,p6-1x1,Purple,#5E43B7,18,1914,90.0,0.0,64.8,0,CONCEPT_NOT_FIT_VALIDATED
MON-B-01918,p6-2x1,Purple,#5E43B7,18,1915,90.0,9.0,64.8,90,CONCEPT_NOT_FIT_VALIDATED
MON-B-01919,p6-1x1,Hot pink,#F5547C,19,1916,-12.0,-78.0,68.4,0,CONCEPT_NOT_FIT_VALIDATED
MON-B-01920,p6-2x1,Hot pink,#F5547C,19,1917,-3.0,-78.0,68.4,0,CONCEPT_NOT_FIT_VALIDATED
MON-B-01921,p6-2x1,Hot pink,#F5547C,19,1918,9.0,-78.0,68.4,0,CONCEPT_NOT_FIT_VALIDATED
MON-B-01922,p6-2x1,Black,#000000,19,1919,-39.0,-72.0,68.4,0,CONCEPT_NOT_FIT_VALIDATED
MON-B-01923,p6-2x1,Black,#000000,19,1920,-27.0,-72.0,68.4,0,CONCEPT_NOT_FIT_VALIDATED
MON-B-01924,p6-1x1,Hot pink,#F5547C,19,1921,-18.0,-72.0,68.4,0,CONCEPT_NOT_FIT_VALIDATED
MON-B-01925,p6-3x1,Purple,#5E43B7,19,1922,-12.0,-66.0,68.4,90,CONCEPT_NOT_FIT_VALIDATED
MON-B-01926,p6-3x2,Purple,#5E43B7,19,1923,-3.0,-66.0,68.4,90,CONCEPT_NOT_FIT_VALIDATED
MON-B-01927,p6-3x2,Purple,#5E43B7,19,1924,9.0,-66.0,68.4,90,CONCEPT_NOT_FIT_VALIDATED
MON-B-01928,p6-1x1,Hot pink,#F5547C,19,1925,18.0,-72.0,68.4,0,CONCEPT_NOT_FIT_VALIDATED
MON-B-01929,p6-1x1,Black,#000000,19,1926,24.0,-72.0,68.4,0,CONCEPT_NOT_FIT_VALIDATED
MON-B-01930,p6-2x1,Black,#000000,19,1927,33.0,-72.0,68.4,0,CONCEPT_NOT_FIT_VALIDATED
MON-B-01932,p6-1x1,Black,#000000,19,1928,-48.0,-66.0,68.4,0,CONCEPT_NOT_FIT_VALIDATED
MON-B-01933,p6-2x2,Purple,#5E43B7,19,1929,-39.0,-63.0,68.4,0,CONCEPT_NOT_FIT_VALIDATED
MON-B-01934,p6-2x2,Purple,#5E43B7,19,1930,-27.0,-63.0,68.4,0,CONCEPT_NOT_FIT_VALIDATED
MON-B-01935,p6-2x1,Purple,#5E43B7,19,1931,-18.0,-63.0,68.4,90,CONCEPT_NOT_FIT_VALIDATED
MON-B-01936,p6-2x2,Purple,#5E43B7,19,1932,21.0,-63.0,68.4,0,CONCEPT_NOT_FIT_VALIDATED
MON-B-01937,p6-2x2,Purple,#5E43B7,19,1933,33.0,-63.0,68.4,0,CONCEPT_NOT_FIT_VALIDATED
MON-B-01938,p6-2x1,Purple,#5E43B7,19,1934,42.0,-63.0,68.4,90,CONCEPT_NOT_FIT_VALIDATED
MON-B-01939,p6-1x1,Black,#000000,19,1935,48.0,-66.0,68.4,0,CONCEPT_NOT_FIT_VALIDATED
MON-B-01940,p6-1x1,Hot pink,#F5547C,19,1936,-60.0,-60.0,68.4,0,CONCEPT_NOT_FIT_VALIDATED
MON-B-01941,p6-1x1,Hot pink,#F5547C,19,1937,-54.0,-60.0,68.4,0,CONCEPT_NOT_FIT_VALIDATED
MON-B-01942,p6-1x1,Purple,#5E43B7,19,1938,-48.0,-60.0,68.4,0,CONCEPT_NOT_FIT_VALIDATED
MON-B-01943,p6-1x1,Purple,#5E43B7,19,1939,48.0,-60.0,68.4,0,CONCEPT_NOT_FIT_VALIDATED
MON-B-01944,p6-2x1,Hot pink,#F5547C,19,1940,57.0,-60.0,68.4,0,CONCEPT_NOT_FIT_VALIDATED
MON-B-01945,p6-1x1,Hot pink,#F5547C,19,1941,-66.0,-54.0,68.4,0,CONCEPT_NOT_FIT_VALIDATED
MON-B-01946,p6-4x1,Purple,#5E43B7,19,1942,-60.0,-45.0,68.4,90,CONCEPT_NOT_FIT_VALIDATED
MON-B-01947,p6-4x2,Purple,#5E43B7,19,1943,-51.0,-45.0,68.4,90,CONCEPT_NOT_FIT_VALIDATED
MON-B-01948,p6-4x2,Purple,#5E43B7,19,1944,-39.0,-45.0,68.4,90,CONCEPT_NOT_FIT_VALIDATED
MON-B-01949,p6-4x2,Purple,#5E43B7,19,1945,-27.0,-45.0,68.4,90,CONCEPT_NOT_FIT_VALIDATED
MON-B-01950,p6-4x2,Purple,#5E43B7,19,1946,-15.0,-45.0,68.4,90,CONCEPT_NOT_FIT_VALIDATED
MON-B-01951,p6-4x2,Purple,#5E43B7,19,1947,-3.0,-45.0,68.4,90,CONCEPT_NOT_FIT_VALIDATED
MON-B-01952,p6-4x2,Purple,#5E43B7,19,1948,9.0,-45.0,68.4,90,CONCEPT_NOT_FIT_VALIDATED
MON-B-01953,p6-4x2,Purple,#5E43B7,19,1949,21.0,-45.0,68.4,90,CONCEPT_NOT_FIT_VALIDATED
MON-B-01954,p6-4x2,Purple,#5E43B7,19,1950,33.0,-45.0,68.4,90,CONCEPT_NOT_FIT_VALIDATED
MON-B-01955,p6-4x2,Purple,#5E43B7,19,1951,45.0,-45.0,68.4,90,CONCEPT_NOT_FIT_VALIDATED
MON-B-01956,p6-4x2,Purple,#5E43B7,19,1952,57.0,-45.0,68.4,90,CONCEPT_NOT_FIT_VALIDATED
MON-B-01957,p6-2x1,Hot pink,#F5547C,19,1953,66.0,-51.0,68.4,90,CONCEPT_NOT_FIT_VALIDATED
MON-B-01958,p6-2x1,Hot pink,#F5547C,19,1954,-72.0,-45.0,68.4,90,CONCEPT_NOT_FIT_VALIDATED
MON-B-01809,p6-1x1,Hot pink,#F5547C,18,1955,-72.0,-48.0,64.8,0,CONCEPT_NOT_FIT_VALIDATED
MON-B-01694,p6-1x1,Hot pink,#F5547C,17,1956,-72.0,-48.0,61.2,0,CONCEPT_NOT_FIT_VALIDATED
MON-B-01959,p6-3x1,Purple,#5E43B7,19,1957,-66.0,-42.0,68.4,90,CONCEPT_NOT_FIT_VALIDATED
MON-B-01960,p6-2x1,Purple,#5E43B7,19,1958,66.0,-39.0,68.4,90,CONCEPT_NOT_FIT_VALIDATED
MON-B-01961,p6-1x1,Hot pink,#F5547C,19,1959,72.0,-42.0,68.4,0,CONCEPT_NOT_FIT_VALIDATED
MON-B-01962,p6-2x1,Purple,#5E43B7,19,1960,-75.0,-36.0,68.4,0,CONCEPT_NOT_FIT_VALIDATED
MON-B-01963,p6-1x1,Purple,#5E43B7,19,1961,72.0,-36.0,68.4,0,CONCEPT_NOT_FIT_VALIDATED
MON-B-01964,p6-1x1,Purple,#5E43B7,19,1962,78.0,-36.0,68.4,0,CONCEPT_NOT_FIT_VALIDATED
MON-B-01965,p6-4x2,Purple,#5E43B7,19,1963,-75.0,-21.0,68.4,90,CONCEPT_NOT_FIT_VALIDATED
MON-B-01966,p6-4x2,Purple,#5E43B7,19,1964,-63.0,-21.0,68.4,90,CONCEPT_NOT_FIT_VALIDATED
MON-B-01967,p6-4x2,Purple,#5E43B7,19,1965,-51.0,-21.0,68.4,90,CONCEPT_NOT_FIT_VALIDATED
MON-B-01968,p6-4x2,Purple,#5E43B7,19,1966,-39.0,-21.0,68.4,90,CONCEPT_NOT_FIT_VALIDATED
MON-B-01969,p6-4x2,Purple,#5E43B7,19,1967,-27.0,-21.0,68.4,90,CONCEPT_NOT_FIT_VALIDATED
MON-B-01970,p6-4x2,Purple,#5E43B7,19,1968,-15.0,-21.0,68.4,90,CONCEPT_NOT_FIT_VALIDATED
MON-B-01971,p6-4x2,Purple,#5E43B7,19,1969,-3.0,-21.0,68.4,90,CONCEPT_NOT_FIT_VALIDATED
MON-B-01972,p6-4x2,Purple,#5E43B7,19,1970,9.0,-21.0,68.4,90,CONCEPT_NOT_FIT_VALIDATED
MON-B-01973,p6-4x2,Purple,#5E43B7,19,1971,21.0,-21.0,68.4,90,CONCEPT_NOT_FIT_VALIDATED
MON-B-01974,p6-4x2,Purple,#5E43B7,19,1972,33.0,-21.0,68.4,90,CONCEPT_NOT_FIT_VALIDATED
MON-B-01975,p6-4x2,Purple,#5E43B7,19,1973,45.0,-21.0,68.4,90,CONCEPT_NOT_FIT_VALIDATED
MON-B-01976,p6-4x2,Purple,#5E43B7,19,1974,57.0,-21.0,68.4,90,CONCEPT_NOT_FIT_VALIDATED
MON-B-01977,p6-4x2,Purple,#5E43B7,19,1975,69.0,-21.0,68.4,90,CONCEPT_NOT_FIT_VALIDATED
MON-B-01978,p6-4x1,Purple,#5E43B7,19,1976,78.0,-21.0,68.4,90,CONCEPT_NOT_FIT_VALIDATED
MON-B-01979,p6-3x1,Purple,#5E43B7,19,1977,-84.0,-18.0,68.4,90,CONCEPT_NOT_FIT_VALIDATED
MON-B-01980,p6-3x1,Purple,#5E43B7,19,1978,84.0,-18.0,68.4,90,CONCEPT_NOT_FIT_VALIDATED
MON-B-01981,p6-4x2,Purple,#5E43B7,19,1979,-87.0,3.0,68.4,90,CONCEPT_NOT_FIT_VALIDATED
MON-B-01982,p6-4x2,Purple,#5E43B7,19,1980,-75.0,3.0,68.4,90,CONCEPT_NOT_FIT_VALIDATED
MON-B-01983,p6-4x2,Purple,#5E43B7,19,1981,-63.0,3.0,68.4,90,CONCEPT_NOT_FIT_VALIDATED
MON-B-01984,p6-4x2,Purple,#5E43B7,19,1982,-51.0,3.0,68.4,90,CONCEPT_NOT_FIT_VALIDATED
MON-B-01985,p6-4x2,Purple,#5E43B7,19,1983,-39.0,3.0,68.4,90,CONCEPT_NOT_FIT_VALIDATED
MON-B-01986,p6-4x2,Purple,#5E43B7,19,1984,-27.0,3.0,68.4,90,CONCEPT_NOT_FIT_VALIDATED
MON-B-01987,p6-4x2,Purple,#5E43B7,19,1985,-15.0,3.0,68.4,90,CONCEPT_NOT_FIT_VALIDATED
MON-B-01988,p6-4x2,Purple,#5E43B7,19,1986,-3.0,3.0,68.4,90,CONCEPT_NOT_FIT_VALIDATED
MON-B-01989,p6-4x2,Purple,#5E43B7,19,1987,9.0,3.0,68.4,90,CONCEPT_NOT_FIT_VALIDATED
MON-B-01990,p6-4x2,Purple,#5E43B7,19,1988,21.0,3.0,68.4,90,CONCEPT_NOT_FIT_VALIDATED
MON-B-01991,p6-4x2,Purple,#5E43B7,19,1989,33.0,3.0,68.4,90,CONCEPT_NOT_FIT_VALIDATED
MON-B-01992,p6-4x2,Purple,#5E43B7,19,1990,45.0,3.0,68.4,90,CONCEPT_NOT_FIT_VALIDATED
MON-B-01993,p6-4x2,Purple,#5E43B7,19,1991,57.0,3.0,68.4,90,CONCEPT_NOT_FIT_VALIDATED
MON-B-01994,p6-4x2,Purple,#5E43B7,19,1992,69.0,3.0,68.4,90,CONCEPT_NOT_FIT_VALIDATED
MON-B-01995,p6-4x2,Purple,#5E43B7,19,1993,81.0,3.0,68.4,90,CONCEPT_NOT_FIT_VALIDATED
MON-B-01996,p6-3x1,Purple,#5E43B7,19,1994,90.0,6.0,68.4,90,CONCEPT_NOT_FIT_VALIDATED
MON-B-01997,p6-2x2,Purple,#5E43B7,19,1995,-87.0,21.0,68.4,0,CONCEPT_NOT_FIT_VALIDATED
MON-B-01998,p6-4x2,Purple,#5E43B7,19,1996,-75.0,27.0,68.4,90,CONCEPT_NOT_FIT_VALIDATED
MON-B-01999,p6-4x2,Purple,#5E43B7,19,1997,-63.0,27.0,68.4,90,CONCEPT_NOT_FIT_VALIDATED
MON-B-02000,p6-4x2,Purple,#5E43B7,19,1998,-51.0,27.0,68.4,90,CONCEPT_NOT_FIT_VALIDATED
MON-B-02001,p6-4x2,Purple,#5E43B7,19,1999,-39.0,27.0,68.4,90,CONCEPT_NOT_FIT_VALIDATED
MON-B-02002,p6-4x2,Purple,#5E43B7,19,2000,-27.0,27.0,68.4,90,CONCEPT_NOT_FIT_VALIDATED
MON-B-02003,p6-4x2,Purple,#5E43B7,19,2001,-15.0,27.0,68.4,90,CONCEPT_NOT_FIT_VALIDATED
MON-B-02004,p6-4x2,Purple,#5E43B7,19,2002,-3.0,27.0,68.4,90,CONCEPT_NOT_FIT_VALIDATED
MON-B-02005,p6-4x2,Purple,#5E43B7,19,2003,9.0,27.0,68.4,90,CONCEPT_NOT_FIT_VALIDATED
MON-B-02006,p6-4x2,Purple,#5E43B7,19,2004,21.0,27.0,68.4,90,CONCEPT_NOT_FIT_VALIDATED
MON-B-02007,p6-4x2,Purple,#5E43B7,19,2005,33.0,27.0,68.4,90,CONCEPT_NOT_FIT_VALIDATED
MON-B-02008,p6-4x2,Purple,#5E43B7,19,2006,45.0,27.0,68.4,90,CONCEPT_NOT_FIT_VALIDATED
MON-B-02009,p6-4x2,Purple,#5E43B7,19,2007,57.0,27.0,68.4,90,CONCEPT_NOT_FIT_VALIDATED
MON-B-02010,p6-4x2,Purple,#5E43B7,19,2008,69.0,27.0,68.4,90,CONCEPT_NOT_FIT_VALIDATED
MON-B-02011,p6-4x2,Purple,#5E43B7,19,2009,81.0,27.0,68.4,90,CONCEPT_NOT_FIT_VALIDATED
MON-B-02012,p6-2x1,Purple,#5E43B7,19,2010,-84.0,33.0,68.4,90,CONCEPT_NOT_FIT_VALIDATED
MON-B-02014,p6-2x2,Purple,#5E43B7,19,2011,-75.0,45.0,68.4,0,CONCEPT_NOT_FIT_VALIDATED
MON-B-02015,p6-4x2,Purple,#5E43B7,19,2012,-63.0,51.0,68.4,90,CONCEPT_NOT_FIT_VALIDATED
MON-B-02016,p6-4x2,Purple,#5E43B7,19,2013,-51.0,51.0,68.4,90,CONCEPT_NOT_FIT_VALIDATED
MON-B-02017,p6-4x2,Purple,#5E43B7,19,2014,-39.0,51.0,68.4,90,CONCEPT_NOT_FIT_VALIDATED
MON-B-02018,p6-4x2,Purple,#5E43B7,19,2015,-27.0,51.0,68.4,90,CONCEPT_NOT_FIT_VALIDATED
MON-B-02019,p6-4x2,Purple,#5E43B7,19,2016,-15.0,51.0,68.4,90,CONCEPT_NOT_FIT_VALIDATED
MON-B-02020,p6-4x2,Purple,#5E43B7,19,2017,-3.0,51.0,68.4,90,CONCEPT_NOT_FIT_VALIDATED
MON-B-02021,p6-4x2,Purple,#5E43B7,19,2018,9.0,51.0,68.4,90,CONCEPT_NOT_FIT_VALIDATED
MON-B-02022,p6-4x2,Purple,#5E43B7,19,2019,21.0,51.0,68.4,90,CONCEPT_NOT_FIT_VALIDATED
MON-B-02023,p6-4x2,Purple,#5E43B7,19,2020,33.0,51.0,68.4,90,CONCEPT_NOT_FIT_VALIDATED
MON-B-02024,p6-4x2,Purple,#5E43B7,19,2021,45.0,51.0,68.4,90,CONCEPT_NOT_FIT_VALIDATED
MON-B-02025,p6-4x2,Purple,#5E43B7,19,2022,57.0,51.0,68.4,90,CONCEPT_NOT_FIT_VALIDATED
MON-B-02026,p6-3x2,Purple,#5E43B7,19,2023,69.0,48.0,68.4,90,CONCEPT_NOT_FIT_VALIDATED
MON-B-02027,p6-2x1,Purple,#5E43B7,19,2024,78.0,45.0,68.4,90,CONCEPT_NOT_FIT_VALIDATED
MON-B-02028,p6-1x1,Purple,#5E43B7,19,2025,-72.0,54.0,68.4,0,CONCEPT_NOT_FIT_VALIDATED
MON-B-02029,p6-1x1,Purple,#5E43B7,19,2026,66.0,60.0,68.4,0,CONCEPT_NOT_FIT_VALIDATED
MON-B-02030,p6-1x1,Purple,#5E43B7,19,2027,-60.0,66.0,68.4,0,CONCEPT_NOT_FIT_VALIDATED
MON-B-02031,p6-2x2,Purple,#5E43B7,19,2028,-51.0,69.0,68.4,0,CONCEPT_NOT_FIT_VALIDATED
MON-B-02032,p6-3x2,Purple,#5E43B7,19,2029,-39.0,72.0,68.4,90,CONCEPT_NOT_FIT_VALIDATED
MON-B-02033,p6-3x2,Purple,#5E43B7,19,2030,-27.0,72.0,68.4,90,CONCEPT_NOT_FIT_VALIDATED
MON-B-02034,p6-4x2,Purple,#5E43B7,19,2031,-15.0,75.0,68.4,90,CONCEPT_NOT_FIT_VALIDATED
MON-B-02035,p6-4x2,Purple,#5E43B7,19,2032,-3.0,75.0,68.4,90,CONCEPT_NOT_FIT_VALIDATED
MON-B-02036,p6-4x2,Purple,#5E43B7,19,2033,9.0,75.0,68.4,90,CONCEPT_NOT_FIT_VALIDATED
MON-B-02037,p6-4x2,Purple,#5E43B7,19,2034,21.0,75.0,68.4,90,CONCEPT_NOT_FIT_VALIDATED
MON-B-02038,p6-3x2,Purple,#5E43B7,19,2035,33.0,72.0,68.4,90,CONCEPT_NOT_FIT_VALIDATED
MON-B-02039,p6-2x2,Purple,#5E43B7,19,2036,45.0,69.0,68.4,0,CONCEPT_NOT_FIT_VALIDATED
MON-B-02040,p6-2x1,Purple,#5E43B7,19,2037,57.0,66.0,68.4,0,CONCEPT_NOT_FIT_VALIDATED
MON-B-02041,p6-1x1,Purple,#5E43B7,19,2038,54.0,72.0,68.4,0,CONCEPT_NOT_FIT_VALIDATED
MON-B-02042,p6-1x1,Purple,#5E43B7,19,2039,42.0,78.0,68.4,0,CONCEPT_NOT_FIT_VALIDATED
MON-B-02043,p6-1x1,Purple,#5E43B7,19,2040,-24.0,84.0,68.4,0,CONCEPT_NOT_FIT_VALIDATED
MON-B-02044,p6-1x1,Purple,#5E43B7,20,2041,-90.0,-6.0,72.0,0,CONCEPT_NOT_FIT_VALIDATED
MON-B-02045,p6-2x1,Purple,#5E43B7,20,2042,-90.0,3.0,72.0,90,CONCEPT_NOT_FIT_VALIDATED
MON-B-02046,p6-2x1,Purple,#5E43B7,20,2043,-90.0,15.0,72.0,90,CONCEPT_NOT_FIT_VALIDATED
MON-B-02047,p6-1x1,Purple,#5E43B7,20,2044,-90.0,24.0,72.0,0,CONCEPT_NOT_FIT_VALIDATED
MON-B-02048,p6-4x2,Purple,#5E43B7,20,2045,-75.0,-21.0,72.0,0,CONCEPT_NOT_FIT_VALIDATED
MON-B-02049,p6-4x2,Purple,#5E43B7,20,2046,-75.0,-9.0,72.0,0,CONCEPT_NOT_FIT_VALIDATED
MON-B-02050,p6-4x2,Purple,#5E43B7,20,2047,-75.0,3.0,72.0,0,CONCEPT_NOT_FIT_VALIDATED
MON-B-02051,p6-4x2,Purple,#5E43B7,20,2048,-75.0,15.0,72.0,0,CONCEPT_NOT_FIT_VALIDATED
MON-B-02052,p6-4x2,Purple,#5E43B7,20,2049,-75.0,27.0,72.0,0,CONCEPT_NOT_FIT_VALIDATED
MON-B-02053,p6-4x2,Purple,#5E43B7,20,2050,-75.0,39.0,72.0,0,CONCEPT_NOT_FIT_VALIDATED
MON-B-02013,p6-1x1,Purple,#5E43B7,19,2051,-84.0,42.0,68.4,0,CONCEPT_NOT_FIT_VALIDATED
MON-B-01800,p6-1x1,Purple,#5E43B7,18,2052,-84.0,42.0,64.8,0,CONCEPT_NOT_FIT_VALIDATED
MON-B-02054,p6-3x2,Purple,#5E43B7,20,2053,-72.0,-33.0,72.0,0,CONCEPT_NOT_FIT_VALIDATED
MON-B-02055,p6-3x1,Purple,#5E43B7,20,2054,-72.0,48.0,72.0,0,CONCEPT_NOT_FIT_VALIDATED
MON-B-02056,p6-2x1,Hot pink,#F5547C,20,2055,-72.0,-45.0,72.0,90,CONCEPT_NOT_FIT_VALIDATED
MON-B-02057,p6-2x1,Purple,#5E43B7,20,2056,-69.0,54.0,72.0,0,CONCEPT_NOT_FIT_VALIDATED
MON-B-02058,p6-1x1,Hot pink,#F5547C,20,2057,-66.0,-54.0,72.0,0,CONCEPT_NOT_FIT_VALIDATED
MON-B-02059,p6-2x1,Purple,#5E43B7,20,2058,-66.0,-45.0,72.0,90,CONCEPT_NOT_FIT_VALIDATED
MON-B-02060,p6-2x1,Purple,#5E43B7,20,2059,-66.0,63.0,72.0,90,CONCEPT_NOT_FIT_VALIDATED
MON-B-02061,p6-2x1,Hot pink,#F5547C,20,2060,-57.0,-60.0,72.0,0,CONCEPT_NOT_FIT_VALIDATED
MON-B-02062,p6-4x1,Purple,#5E43B7,20,2061,-51.0,-54.0,72.0,0,CONCEPT_NOT_FIT_VALIDATED
MON-B-02063,p6-4x2,Purple,#5E43B7,20,2062,-51.0,-45.0,72.0,0,CONCEPT_NOT_FIT_VALIDATED
MON-B-02064,p6-4x2,Purple,#5E43B7,20,2063,-51.0,-33.0,72.0,0,CONCEPT_NOT_FIT_VALIDATED
MON-B-02065,p6-4x2,Purple,#5E43B7,20,2064,-51.0,-21.0,72.0,0,CONCEPT_NOT_FIT_VALIDATED
MON-B-02066,p6-4x2,Purple,#5E43B7,20,2065,-51.0,-9.0,72.0,0,CONCEPT_NOT_FIT_VALIDATED
MON-B-02067,p6-4x2,Purple,#5E43B7,20,2066,-51.0,3.0,72.0,0,CONCEPT_NOT_FIT_VALIDATED
MON-B-02068,p6-4x2,Purple,#5E43B7,20,2067,-51.0,15.0,72.0,0,CONCEPT_NOT_FIT_VALIDATED
MON-B-02069,p6-4x2,Purple,#5E43B7,20,2068,-51.0,27.0,72.0,0,CONCEPT_NOT_FIT_VALIDATED
MON-B-02070,p6-4x2,Purple,#5E43B7,20,2069,-51.0,39.0,72.0,0,CONCEPT_NOT_FIT_VALIDATED
MON-B-02071,p6-4x2,Purple,#5E43B7,20,2070,-51.0,51.0,72.0,0,CONCEPT_NOT_FIT_VALIDATED
MON-B-02072,p6-4x2,Purple,#5E43B7,20,2071,-51.0,63.0,72.0,0,CONCEPT_NOT_FIT_VALIDATED
MON-B-02073,p6-3x1,Purple,#5E43B7,20,2072,-48.0,72.0,72.0,0,CONCEPT_NOT_FIT_VALIDATED
MON-B-02074,p6-1x1,Black,#000000,20,2073,-48.0,-66.0,72.0,0,CONCEPT_NOT_FIT_VALIDATED
MON-B-02075,p6-2x1,Purple,#5E43B7,20,2074,-45.0,-60.0,72.0,0,CONCEPT_NOT_FIT_VALIDATED
MON-B-02076,p6-1x1,Black,#000000,20,2075,-42.0,-72.0,72.0,0,CONCEPT_NOT_FIT_VALIDATED
MON-B-02077,p6-1x1,Purple,#5E43B7,20,2076,-42.0,-66.0,72.0,0,CONCEPT_NOT_FIT_VALIDATED
MON-B-02078,p6-1x1,Purple,#5E43B7,20,2077,-42.0,78.0,72.0,0,CONCEPT_NOT_FIT_VALIDATED
MON-B-02079,p6-3x1,Black,#000000,20,2078,-30.0,-72.0,72.0,0,CONCEPT_NOT_FIT_VALIDATED
MON-B-02080,p6-4x1,Purple,#5E43B7,20,2079,-27.0,-66.0,72.0,0,CONCEPT_NOT_FIT_VALIDATED
MON-B-02081,p6-4x2,Purple,#5E43B7,20,2080,-27.0,-57.0,72.0,0,CONCEPT_NOT_FIT_VALIDATED
MON-B-02082,p6-4x2,Purple,#5E43B7,20,2081,-27.0,-45.0,72.0,0,CONCEPT_NOT_FIT_VALIDATED
MON-B-02083,p6-4x2,Purple,#5E43B7,20,2082,-27.0,-33.0,72.0,0,CONCEPT_NOT_FIT_VALIDATED
MON-B-02084,p6-4x2,Purple,#5E43B7,20,2083,-27.0,-21.0,72.0,0,CONCEPT_NOT_FIT_VALIDATED
MON-B-02085,p6-4x2,Purple,#5E43B7,20,2084,-27.0,-9.0,72.0,0,CONCEPT_NOT_FIT_VALIDATED
MON-B-02086,p6-4x2,Purple,#5E43B7,20,2085,-27.0,3.0,72.0,0,CONCEPT_NOT_FIT_VALIDATED
MON-B-02087,p6-4x2,Purple,#5E43B7,20,2086,-27.0,15.0,72.0,0,CONCEPT_NOT_FIT_VALIDATED
MON-B-02088,p6-4x2,Purple,#5E43B7,20,2087,-27.0,27.0,72.0,0,CONCEPT_NOT_FIT_VALIDATED
MON-B-02089,p6-4x2,Purple,#5E43B7,20,2088,-27.0,39.0,72.0,0,CONCEPT_NOT_FIT_VALIDATED
MON-B-02090,p6-4x2,Purple,#5E43B7,20,2089,-27.0,51.0,72.0,0,CONCEPT_NOT_FIT_VALIDATED
MON-B-02091,p6-4x2,Purple,#5E43B7,20,2090,-27.0,63.0,72.0,0,CONCEPT_NOT_FIT_VALIDATED
MON-B-02092,p6-4x2,Purple,#5E43B7,20,2091,-27.0,75.0,72.0,0,CONCEPT_NOT_FIT_VALIDATED
MON-B-02093,p6-3x1,Purple,#5E43B7,20,2092,-24.0,84.0,72.0,0,CONCEPT_NOT_FIT_VALIDATED
MON-B-02094,p6-1x1,Hot pink,#F5547C,20,2093,-18.0,-72.0,72.0,0,CONCEPT_NOT_FIT_VALIDATED
MON-B-02095,p6-4x1,Hot pink,#F5547C,20,2094,-3.0,-78.0,72.0,0,CONCEPT_NOT_FIT_VALIDATED
MON-B-02096,p6-4x2,Purple,#5E43B7,20,2095,-3.0,-69.0,72.0,0,CONCEPT_NOT_FIT_VALIDATED
MON-B-02097,p6-4x2,Purple,#5E43B7,20,2096,-3.0,-57.0,72.0,0,CONCEPT_NOT_FIT_VALIDATED
MON-B-02098,p6-4x2,Purple,#5E43B7,20,2097,-3.0,-45.0,72.0,0,CONCEPT_NOT_FIT_VALIDATED
MON-B-02099,p6-4x2,Purple,#5E43B7,20,2098,-3.0,-33.0,72.0,0,CONCEPT_NOT_FIT_VALIDATED
MON-B-02100,p6-4x2,Purple,#5E43B7,20,2099,-3.0,-21.0,72.0,0,CONCEPT_NOT_FIT_VALIDATED
MON-B-02101,p6-4x2,Purple,#5E43B7,20,2100,-3.0,-9.0,72.0,0,CONCEPT_NOT_FIT_VALIDATED
MON-B-02102,p6-4x2,Purple,#5E43B7,20,2101,-3.0,3.0,72.0,0,CONCEPT_NOT_FIT_VALIDATED
MON-B-02103,p6-4x2,Purple,#5E43B7,20,2102,-3.0,15.0,72.0,0,CONCEPT_NOT_FIT_VALIDATED
MON-B-02104,p6-4x2,Purple,#5E43B7,20,2103,-3.0,27.0,72.0,0,CONCEPT_NOT_FIT_VALIDATED
MON-B-02105,p6-4x2,Purple,#5E43B7,20,2104,-3.0,39.0,72.0,0,CONCEPT_NOT_FIT_VALIDATED
MON-B-02106,p6-4x2,Purple,#5E43B7,20,2105,-3.0,51.0,72.0,0,CONCEPT_NOT_FIT_VALIDATED
MON-B-02107,p6-4x2,Purple,#5E43B7,20,2106,-3.0,63.0,72.0,0,CONCEPT_NOT_FIT_VALIDATED
MON-B-02108,p6-4x2,Purple,#5E43B7,20,2107,-3.0,75.0,72.0,0,CONCEPT_NOT_FIT_VALIDATED
MON-B-02109,p6-4x1,Purple,#5E43B7,20,2108,-3.0,84.0,72.0,0,CONCEPT_NOT_FIT_VALIDATED
MON-B-02110,p6-1x1,Hot pink,#F5547C,20,2109,12.0,-78.0,72.0,0,CONCEPT_NOT_FIT_VALIDATED
MON-B-02111,p6-2x1,Purple,#5E43B7,20,2110,12.0,-69.0,72.0,90,CONCEPT_NOT_FIT_VALIDATED
MON-B-02112,p6-4x2,Purple,#5E43B7,20,2111,21.0,-57.0,72.0,0,CONCEPT_NOT_FIT_VALIDATED
MON-B-02113,p6-4x2,Purple,#5E43B7,20,2112,21.0,-45.0,72.0,0,CONCEPT_NOT_FIT_VALIDATED
MON-B-02114,p6-4x2,Purple,#5E43B7,20,2113,21.0,-33.0,72.0,0,CONCEPT_NOT_FIT_VALIDATED
MON-B-02115,p6-4x2,Purple,#5E43B7,20,2114,21.0,-21.0,72.0,0,CONCEPT_NOT_FIT_VALIDATED
MON-B-02116,p6-4x2,Purple,#5E43B7,20,2115,21.0,-9.0,72.0,0,CONCEPT_NOT_FIT_VALIDATED
MON-B-02117,p6-4x2,Purple,#5E43B7,20,2116,21.0,3.0,72.0,0,CONCEPT_NOT_FIT_VALIDATED
MON-B-02118,p6-4x2,Purple,#5E43B7,20,2117,21.0,15.0,72.0,0,CONCEPT_NOT_FIT_VALIDATED
MON-B-02119,p6-4x2,Purple,#5E43B7,20,2118,21.0,27.0,72.0,0,CONCEPT_NOT_FIT_VALIDATED
MON-B-02120,p6-4x2,Purple,#5E43B7,20,2119,21.0,39.0,72.0,0,CONCEPT_NOT_FIT_VALIDATED
MON-B-02121,p6-4x2,Purple,#5E43B7,20,2120,21.0,51.0,72.0,0,CONCEPT_NOT_FIT_VALIDATED
MON-B-02122,p6-4x2,Purple,#5E43B7,20,2121,21.0,63.0,72.0,0,CONCEPT_NOT_FIT_VALIDATED
MON-B-02123,p6-4x2,Purple,#5E43B7,20,2122,21.0,75.0,72.0,0,CONCEPT_NOT_FIT_VALIDATED
MON-B-02124,p6-3x1,Purple,#5E43B7,20,2123,18.0,84.0,72.0,0,CONCEPT_NOT_FIT_VALIDATED
MON-B-02125,p6-1x1,Hot pink,#F5547C,20,2124,18.0,-72.0,72.0,0,CONCEPT_NOT_FIT_VALIDATED
MON-B-02126,p6-3x1,Purple,#5E43B7,20,2125,24.0,-66.0,72.0,0,CONCEPT_NOT_FIT_VALIDATED
MON-B-02127,p6-2x1,Black,#000000,20,2126,27.0,-72.0,72.0,0,CONCEPT_NOT_FIT_VALIDATED
MON-B-02128,p6-2x1,Black,#000000,20,2127,39.0,-72.0,72.0,0,CONCEPT_NOT_FIT_VALIDATED
MON-B-01931,p6-1x1,Black,#000000,19,2128,42.0,-72.0,68.4,0,CONCEPT_NOT_FIT_VALIDATED
MON-B-02129,p6-2x1,Purple,#5E43B7,20,2129,39.0,-66.0,72.0,0,CONCEPT_NOT_FIT_VALIDATED
MON-B-02130,p6-3x2,Purple,#5E43B7,20,2130,42.0,-57.0,72.0,0,CONCEPT_NOT_FIT_VALIDATED
MON-B-02131,p6-4x2,Purple,#5E43B7,20,2131,45.0,-45.0,72.0,0,CONCEPT_NOT_FIT_VALIDATED
MON-B-02132,p6-4x2,Purple,#5E43B7,20,2132,45.0,-33.0,72.0,0,CONCEPT_NOT_FIT_VALIDATED
MON-B-02133,p6-4x2,Purple,#5E43B7,20,2133,45.0,-21.0,72.0,0,CONCEPT_NOT_FIT_VALIDATED
MON-B-02134,p6-4x2,Purple,#5E43B7,20,2134,45.0,-9.0,72.0,0,CONCEPT_NOT_FIT_VALIDATED
MON-B-02135,p6-4x2,Purple,#5E43B7,20,2135,45.0,3.0,72.0,0,CONCEPT_NOT_FIT_VALIDATED
MON-B-02136,p6-4x2,Purple,#5E43B7,20,2136,45.0,15.0,72.0,0,CONCEPT_NOT_FIT_VALIDATED
MON-B-02137,p6-4x2,Purple,#5E43B7,20,2137,45.0,27.0,72.0,0,CONCEPT_NOT_FIT_VALIDATED
MON-B-02138,p6-4x2,Purple,#5E43B7,20,2138,45.0,39.0,72.0,0,CONCEPT_NOT_FIT_VALIDATED
MON-B-02139,p6-4x2,Purple,#5E43B7,20,2139,45.0,51.0,72.0,0,CONCEPT_NOT_FIT_VALIDATED
MON-B-02140,p6-4x2,Purple,#5E43B7,20,2140,45.0,63.0,72.0,0,CONCEPT_NOT_FIT_VALIDATED
MON-B-02141,p6-4x1,Purple,#5E43B7,20,2141,45.0,72.0,72.0,0,CONCEPT_NOT_FIT_VALIDATED
MON-B-02142,p6-2x1,Purple,#5E43B7,20,2142,39.0,78.0,72.0,0,CONCEPT_NOT_FIT_VALIDATED
MON-B-02143,p6-1x1,Black,#000000,20,2143,48.0,-66.0,72.0,0,CONCEPT_NOT_FIT_VALIDATED
MON-B-02144,p6-1x1,Hot pink,#F5547C,20,2144,54.0,-60.0,72.0,0,CONCEPT_NOT_FIT_VALIDATED
MON-B-02145,p6-1x1,Purple,#5E43B7,20,2145,54.0,-54.0,72.0,0,CONCEPT_NOT_FIT_VALIDATED
MON-B-02146,p6-2x1,Hot pink,#F5547C,20,2146,63.0,-54.0,72.0,0,CONCEPT_NOT_FIT_VALIDATED
MON-B-02147,p6-2x2,Purple,#5E43B7,20,2147,63.0,-45.0,72.0,0,CONCEPT_NOT_FIT_VALIDATED
MON-B-02148,p6-3x2,Purple,#5E43B7,20,2148,66.0,-33.0,72.0,0,CONCEPT_NOT_FIT_VALIDATED
MON-B-02149,p6-4x2,Purple,#5E43B7,20,2149,69.0,-21.0,72.0,0,CONCEPT_NOT_FIT_VALIDATED
MON-B-02150,p6-4x2,Purple,#5E43B7,20,2150,69.0,-9.0,72.0,0,CONCEPT_NOT_FIT_VALIDATED
MON-B-02151,p6-4x2,Purple,#5E43B7,20,2151,69.0,3.0,72.0,0,CONCEPT_NOT_FIT_VALIDATED
MON-B-02152,p6-4x2,Purple,#5E43B7,20,2152,69.0,15.0,72.0,0,CONCEPT_NOT_FIT_VALIDATED
MON-B-02153,p6-4x2,Purple,#5E43B7,20,2153,69.0,27.0,72.0,0,CONCEPT_NOT_FIT_VALIDATED
MON-B-02154,p6-4x2,Purple,#5E43B7,20,2154,69.0,39.0,72.0,0,CONCEPT_NOT_FIT_VALIDATED
MON-B-02155,p6-3x2,Purple,#5E43B7,20,2155,66.0,51.0,72.0,0,CONCEPT_NOT_FIT_VALIDATED
MON-B-02156,p6-2x1,Purple,#5E43B7,20,2156,63.0,60.0,72.0,0,CONCEPT_NOT_FIT_VALIDATED
MON-B-02157,p6-1x1,Purple,#5E43B7,20,2157,60.0,66.0,72.0,0,CONCEPT_NOT_FIT_VALIDATED
MON-B-02158,p6-2x1,Hot pink,#F5547C,20,2158,72.0,-45.0,72.0,90,CONCEPT_NOT_FIT_VALIDATED
MON-B-02159,p6-1x1,Hot pink,#F5547C,20,2159,78.0,-36.0,72.0,0,CONCEPT_NOT_FIT_VALIDATED
MON-B-02160,p6-1x1,Purple,#5E43B7,20,2160,78.0,-30.0,72.0,0,CONCEPT_NOT_FIT_VALIDATED
MON-B-02161,p6-1x1,Purple,#5E43B7,20,2161,78.0,48.0,72.0,0,CONCEPT_NOT_FIT_VALIDATED
MON-B-02162,p6-2x1,Purple,#5E43B7,20,2162,84.0,-21.0,72.0,90,CONCEPT_NOT_FIT_VALIDATED
MON-B-02163,p6-2x1,Purple,#5E43B7,20,2163,84.0,-9.0,72.0,90,CONCEPT_NOT_FIT_VALIDATED
MON-B-02164,p6-2x1,Purple,#5E43B7,20,2164,84.0,3.0,72.0,90,CONCEPT_NOT_FIT_VALIDATED
MON-B-02165,p6-2x1,Purple,#5E43B7,20,2165,84.0,15.0,72.0,90,CONCEPT_NOT_FIT_VALIDATED
MON-B-02166,p6-2x1,Purple,#5E43B7,20,2166,84.0,27.0,72.0,90,CONCEPT_NOT_FIT_VALIDATED
MON-B-02167,p6-1x1,Purple,#5E43B7,20,2167,84.0,36.0,72.0,0,CONCEPT_NOT_FIT_VALIDATED
MON-B-02168,p6-2x1,Hot pink,#F5547C,21,2168,-9.0,-78.0,75.6,0,CONCEPT_NOT_FIT_VALIDATED
MON-B-02169,p6-2x1,Hot pink,#F5547C,21,2169,3.0,-78.0,75.6,0,CONCEPT_NOT_FIT_VALIDATED
MON-B-02170,p6-1x1,Hot pink,#F5547C,21,2170,12.0,-78.0,75.6,0,CONCEPT_NOT_FIT_VALIDATED
MON-B-02171,p6-1x1,Black,#000000,21,2171,-42.0,-72.0,75.6,0,CONCEPT_NOT_FIT_VALIDATED
MON-B-02172,p6-2x1,Black,#000000,21,2172,-33.0,-72.0,75.6,0,CONCEPT_NOT_FIT_VALIDATED
MON-B-02173,p6-1x1,Black,#000000,21,2173,-24.0,-72.0,75.6,0,CONCEPT_NOT_FIT_VALIDATED
MON-B-02174,p6-1x1,Hot pink,#F5547C,21,2174,-18.0,-72.0,75.6,0,CONCEPT_NOT_FIT_VALIDATED
MON-B-02175,p6-2x2,Purple,#5E43B7,21,2175,-9.0,-69.0,75.6,0,CONCEPT_NOT_FIT_VALIDATED
MON-B-02176,p6-2x2,Purple,#5E43B7,21,2176,3.0,-69.0,75.6,0,CONCEPT_NOT_FIT_VALIDATED
MON-B-02177,p6-2x1,Purple,#5E43B7,21,2177,12.0,-69.0,75.6,90,CONCEPT_NOT_FIT_VALIDATED
MON-B-02178,p6-1x1,Hot pink,#F5547C,21,2178,18.0,-72.0,75.6,0,CONCEPT_NOT_FIT_VALIDATED
MON-B-02179,p6-2x1,Black,#000000,21,2179,27.0,-72.0,75.6,0,CONCEPT_NOT_FIT_VALIDATED
MON-B-02180,p6-2x1,Black,#000000,21,2180,39.0,-72.0,75.6,0,CONCEPT_NOT_FIT_VALIDATED
MON-B-02181,p6-1x1,Black,#000000,21,2181,-48.0,-66.0,75.6,0,CONCEPT_NOT_FIT_VALIDATED
MON-B-02182,p6-1x1,Purple,#5E43B7,21,2182,-42.0,-66.0,75.6,0,CONCEPT_NOT_FIT_VALIDATED
MON-B-02183,p6-2x1,Purple,#5E43B7,21,2183,-33.0,-66.0,75.6,0,CONCEPT_NOT_FIT_VALIDATED
MON-B-02184,p6-2x1,Purple,#5E43B7,21,2184,-21.0,-66.0,75.6,0,CONCEPT_NOT_FIT_VALIDATED
MON-B-02185,p6-1x1,Purple,#5E43B7,21,2185,18.0,-66.0,75.6,0,CONCEPT_NOT_FIT_VALIDATED
MON-B-02186,p6-2x1,Purple,#5E43B7,21,2186,27.0,-66.0,75.6,0,CONCEPT_NOT_FIT_VALIDATED
MON-B-02187,p6-2x1,Purple,#5E43B7,21,2187,39.0,-66.0,75.6,0,CONCEPT_NOT_FIT_VALIDATED
MON-B-02188,p6-1x1,Black,#000000,21,2188,48.0,-66.0,75.6,0,CONCEPT_NOT_FIT_VALIDATED
MON-B-02189,p6-4x1,Purple,#5E43B7,21,2189,-54.0,-51.0,75.6,90,CONCEPT_NOT_FIT_VALIDATED
MON-B-02190,p6-4x2,Purple,#5E43B7,21,2190,-45.0,-51.0,75.6,90,CONCEPT_NOT_FIT_VALIDATED
MON-B-02191,p6-4x2,Purple,#5E43B7,21,2191,-33.0,-51.0,75.6,90,CONCEPT_NOT_FIT_VALIDATED
MON-B-02192,p6-4x2,Purple,#5E43B7,21,2192,-21.0,-51.0,75.6,90,CONCEPT_NOT_FIT_VALIDATED
MON-B-02193,p6-4x2,Purple,#5E43B7,21,2193,-9.0,-51.0,75.6,90,CONCEPT_NOT_FIT_VALIDATED
MON-B-02194,p6-4x2,Purple,#5E43B7,21,2194,3.0,-51.0,75.6,90,CONCEPT_NOT_FIT_VALIDATED
MON-B-02195,p6-4x2,Purple,#5E43B7,21,2195,15.0,-51.0,75.6,90,CONCEPT_NOT_FIT_VALIDATED
MON-B-02196,p6-4x2,Purple,#5E43B7,21,2196,27.0,-51.0,75.6,90,CONCEPT_NOT_FIT_VALIDATED
MON-B-02197,p6-4x2,Purple,#5E43B7,21,2197,39.0,-51.0,75.6,90,CONCEPT_NOT_FIT_VALIDATED
MON-B-02198,p6-4x1,Purple,#5E43B7,21,2198,48.0,-51.0,75.6,90,CONCEPT_NOT_FIT_VALIDATED
MON-B-02199,p6-1x1,Jade white,#FFFFFF,21,2199,54.0,-60.0,75.6,0,CONCEPT_NOT_FIT_VALIDATED
MON-B-02200,p6-1x1,Hot pink,#F5547C,21,2200,-66.0,-54.0,75.6,0,CONCEPT_NOT_FIT_VALIDATED
MON-B-02201,p6-1x1,Hot pink,#F5547C,21,2201,-60.0,-54.0,75.6,0,CONCEPT_NOT_FIT_VALIDATED
MON-B-02202,p6-3x1,Purple,#5E43B7,21,2202,54.0,-48.0,75.6,90,CONCEPT_NOT_FIT_VALIDATED
MON-B-02203,p6-2x1,Hot pink,#F5547C,21,2203,63.0,-54.0,75.6,0,CONCEPT_NOT_FIT_VALIDATED
MON-B-02204,p6-2x1,Hot pink,#F5547C,21,2204,-72.0,-45.0,75.6,90,CONCEPT_NOT_FIT_VALIDATED
MON-B-02205,p6-2x1,Purple,#5E43B7,21,2205,-66.0,-45.0,75.6,90,CONCEPT_NOT_FIT_VALIDATED
MON-B-02206,p6-2x1,Purple,#5E43B7,21,2206,-60.0,-45.0,75.6,90,CONCEPT_NOT_FIT_VALIDATED
MON-B-02207,p6-2x2,Purple,#5E43B7,21,2207,63.0,-45.0,75.6,0,CONCEPT_NOT_FIT_VALIDATED
MON-B-02208,p6-2x1,Hot pink,#F5547C,21,2208,72.0,-45.0,75.6,90,CONCEPT_NOT_FIT_VALIDATED
MON-B-02209,p6-1x1,Hot pink,#F5547C,21,2209,-78.0,-36.0,75.6,0,CONCEPT_NOT_FIT_VALIDATED
MON-B-02210,p6-4x2,Purple,#5E43B7,21,2210,-69.0,-27.0,75.6,90,CONCEPT_NOT_FIT_VALIDATED
MON-B-02211,p6-4x2,Purple,#5E43B7,21,2211,-57.0,-27.0,75.6,90,CONCEPT_NOT_FIT_VALIDATED
MON-B-02212,p6-4x2,Purple,#5E43B7,21,2212,-45.0,-27.0,75.6,90,CONCEPT_NOT_FIT_VALIDATED
MON-B-02213,p6-4x2,Purple,#5E43B7,21,2213,-33.0,-27.0,75.6,90,CONCEPT_NOT_FIT_VALIDATED
MON-B-02214,p6-4x2,Purple,#5E43B7,21,2214,-21.0,-27.0,75.6,90,CONCEPT_NOT_FIT_VALIDATED
MON-B-02215,p6-4x2,Purple,#5E43B7,21,2215,-9.0,-27.0,75.6,90,CONCEPT_NOT_FIT_VALIDATED
MON-B-02216,p6-4x2,Purple,#5E43B7,21,2216,3.0,-27.0,75.6,90,CONCEPT_NOT_FIT_VALIDATED
MON-B-02217,p6-4x2,Purple,#5E43B7,21,2217,15.0,-27.0,75.6,90,CONCEPT_NOT_FIT_VALIDATED
MON-B-02218,p6-4x2,Purple,#5E43B7,21,2218,27.0,-27.0,75.6,90,CONCEPT_NOT_FIT_VALIDATED
MON-B-02219,p6-4x2,Purple,#5E43B7,21,2219,39.0,-27.0,75.6,90,CONCEPT_NOT_FIT_VALIDATED
MON-B-02220,p6-4x2,Purple,#5E43B7,21,2220,51.0,-27.0,75.6,90,CONCEPT_NOT_FIT_VALIDATED
MON-B-02221,p6-4x2,Purple,#5E43B7,21,2221,63.0,-27.0,75.6,90,CONCEPT_NOT_FIT_VALIDATED
MON-B-02222,p6-4x1,Purple,#5E43B7,21,2222,72.0,-27.0,75.6,90,CONCEPT_NOT_FIT_VALIDATED
MON-B-02223,p6-1x1,Hot pink,#F5547C,21,2223,78.0,-36.0,75.6,0,CONCEPT_NOT_FIT_VALIDATED
MON-B-02224,p6-3x1,Purple,#5E43B7,21,2224,-78.0,-24.0,75.6,90,CONCEPT_NOT_FIT_VALIDATED
MON-B-02225,p6-3x1,Purple,#5E43B7,21,2225,78.0,-24.0,75.6,90,CONCEPT_NOT_FIT_VALIDATED
MON-B-02226,p6-2x1,Purple,#5E43B7,21,2226,-84.0,-21.0,75.6,90,CONCEPT_NOT_FIT_VALIDATED
MON-B-02227,p6-2x1,Purple,#5E43B7,21,2227,84.0,-21.0,75.6,90,CONCEPT_NOT_FIT_VALIDATED
MON-B-02228,p6-4x2,Purple,#5E43B7,21,2228,-81.0,-3.0,75.6,90,CONCEPT_NOT_FIT_VALIDATED
MON-B-02229,p6-4x2,Purple,#5E43B7,21,2229,-69.0,-3.0,75.6,90,CONCEPT_NOT_FIT_VALIDATED
MON-B-02230,p6-4x2,Purple,#5E43B7,21,2230,-57.0,-3.0,75.6,90,CONCEPT_NOT_FIT_VALIDATED
MON-B-02231,p6-4x2,Purple,#5E43B7,21,2231,-45.0,-3.0,75.6,90,CONCEPT_NOT_FIT_VALIDATED
MON-B-02232,p6-4x2,Purple,#5E43B7,21,2232,-33.0,-3.0,75.6,90,CONCEPT_NOT_FIT_VALIDATED
MON-B-02233,p6-4x2,Purple,#5E43B7,21,2233,-21.0,-3.0,75.6,90,CONCEPT_NOT_FIT_VALIDATED
MON-B-02234,p6-4x2,Purple,#5E43B7,21,2234,-9.0,-3.0,75.6,90,CONCEPT_NOT_FIT_VALIDATED
MON-B-02235,p6-4x2,Purple,#5E43B7,21,2235,3.0,-3.0,75.6,90,CONCEPT_NOT_FIT_VALIDATED
MON-B-02236,p6-4x2,Purple,#5E43B7,21,2236,15.0,-3.0,75.6,90,CONCEPT_NOT_FIT_VALIDATED
MON-B-02237,p6-4x2,Purple,#5E43B7,21,2237,27.0,-3.0,75.6,90,CONCEPT_NOT_FIT_VALIDATED
MON-B-02238,p6-4x2,Purple,#5E43B7,21,2238,39.0,-3.0,75.6,90,CONCEPT_NOT_FIT_VALIDATED
MON-B-02239,p6-4x2,Purple,#5E43B7,21,2239,51.0,-3.0,75.6,90,CONCEPT_NOT_FIT_VALIDATED
MON-B-02240,p6-4x2,Purple,#5E43B7,21,2240,63.0,-3.0,75.6,90,CONCEPT_NOT_FIT_VALIDATED
MON-B-02241,p6-4x2,Purple,#5E43B7,21,2241,75.0,-3.0,75.6,90,CONCEPT_NOT_FIT_VALIDATED
MON-B-02242,p6-4x1,Purple,#5E43B7,21,2242,84.0,-3.0,75.6,90,CONCEPT_NOT_FIT_VALIDATED
MON-B-02243,p6-3x1,Purple,#5E43B7,21,2243,-90.0,0.0,75.6,90,CONCEPT_NOT_FIT_VALIDATED
MON-B-02244,p6-3x1,Purple,#5E43B7,21,2244,-90.0,18.0,75.6,90,CONCEPT_NOT_FIT_VALIDATED
MON-B-02245,p6-4x2,Purple,#5E43B7,21,2245,-81.0,21.0,75.6,90,CONCEPT_NOT_FIT_VALIDATED
MON-B-02246,p6-4x2,Purple,#5E43B7,21,2246,-69.0,21.0,75.6,90,CONCEPT_NOT_FIT_VALIDATED
MON-B-02247,p6-4x2,Purple,#5E43B7,21,2247,-57.0,21.0,75.6,90,CONCEPT_NOT_FIT_VALIDATED
MON-B-02248,p6-4x2,Purple,#5E43B7,21,2248,-45.0,21.0,75.6,90,CONCEPT_NOT_FIT_VALIDATED
MON-B-02249,p6-4x2,Purple,#5E43B7,21,2249,-33.0,21.0,75.6,90,CONCEPT_NOT_FIT_VALIDATED
MON-B-02250,p6-4x2,Purple,#5E43B7,21,2250,-21.0,21.0,75.6,90,CONCEPT_NOT_FIT_VALIDATED
MON-B-02251,p6-4x2,Purple,#5E43B7,21,2251,-9.0,21.0,75.6,90,CONCEPT_NOT_FIT_VALIDATED
MON-B-02252,p6-4x2,Purple,#5E43B7,21,2252,3.0,21.0,75.6,90,CONCEPT_NOT_FIT_VALIDATED
MON-B-02253,p6-4x2,Purple,#5E43B7,21,2253,15.0,21.0,75.6,90,CONCEPT_NOT_FIT_VALIDATED
MON-B-02254,p6-4x2,Purple,#5E43B7,21,2254,27.0,21.0,75.6,90,CONCEPT_NOT_FIT_VALIDATED
MON-B-02255,p6-4x2,Purple,#5E43B7,21,2255,39.0,21.0,75.6,90,CONCEPT_NOT_FIT_VALIDATED
MON-B-02256,p6-4x2,Purple,#5E43B7,21,2256,51.0,21.0,75.6,90,CONCEPT_NOT_FIT_VALIDATED
MON-B-02257,p6-4x2,Purple,#5E43B7,21,2257,63.0,21.0,75.6,90,CONCEPT_NOT_FIT_VALIDATED
MON-B-02258,p6-4x2,Purple,#5E43B7,21,2258,75.0,21.0,75.6,90,CONCEPT_NOT_FIT_VALIDATED
MON-B-02259,p6-4x1,Purple,#5E43B7,21,2259,84.0,21.0,75.6,90,CONCEPT_NOT_FIT_VALIDATED
MON-B-02260,p6-2x2,Purple,#5E43B7,21,2260,-81.0,39.0,75.6,0,CONCEPT_NOT_FIT_VALIDATED
MON-B-02261,p6-4x2,Purple,#5E43B7,21,2261,-69.0,45.0,75.6,90,CONCEPT_NOT_FIT_VALIDATED
MON-B-02262,p6-4x2,Purple,#5E43B7,21,2262,-57.0,45.0,75.6,90,CONCEPT_NOT_FIT_VALIDATED
MON-B-02263,p6-4x2,Purple,#5E43B7,21,2263,-45.0,45.0,75.6,90,CONCEPT_NOT_FIT_VALIDATED
MON-B-02264,p6-4x2,Purple,#5E43B7,21,2264,-33.0,45.0,75.6,90,CONCEPT_NOT_FIT_VALIDATED
MON-B-02265,p6-4x2,Purple,#5E43B7,21,2265,-21.0,45.0,75.6,90,CONCEPT_NOT_FIT_VALIDATED
MON-B-02266,p6-4x2,Purple,#5E43B7,21,2266,-9.0,45.0,75.6,90,CONCEPT_NOT_FIT_VALIDATED
MON-B-02267,p6-4x2,Purple,#5E43B7,21,2267,3.0,45.0,75.6,90,CONCEPT_NOT_FIT_VALIDATED
MON-B-02268,p6-4x2,Purple,#5E43B7,21,2268,15.0,45.0,75.6,90,CONCEPT_NOT_FIT_VALIDATED
MON-B-02269,p6-4x2,Purple,#5E43B7,21,2269,27.0,45.0,75.6,90,CONCEPT_NOT_FIT_VALIDATED
MON-B-02270,p6-4x2,Purple,#5E43B7,21,2270,39.0,45.0,75.6,90,CONCEPT_NOT_FIT_VALIDATED
MON-B-02271,p6-4x2,Purple,#5E43B7,21,2271,51.0,45.0,75.6,90,CONCEPT_NOT_FIT_VALIDATED
MON-B-02272,p6-4x2,Purple,#5E43B7,21,2272,63.0,45.0,75.6,90,CONCEPT_NOT_FIT_VALIDATED
MON-B-02273,p6-3x2,Purple,#5E43B7,21,2273,75.0,42.0,75.6,90,CONCEPT_NOT_FIT_VALIDATED
MON-B-02274,p6-1x1,Purple,#5E43B7,21,2274,84.0,36.0,75.6,0,CONCEPT_NOT_FIT_VALIDATED
MON-B-02275,p6-1x1,Purple,#5E43B7,21,2275,-78.0,48.0,75.6,0,CONCEPT_NOT_FIT_VALIDATED
MON-B-02276,p6-1x1,Purple,#5E43B7,21,2276,72.0,54.0,75.6,0,CONCEPT_NOT_FIT_VALIDATED
MON-B-02277,p6-2x1,Purple,#5E43B7,21,2277,-69.0,60.0,75.6,0,CONCEPT_NOT_FIT_VALIDATED
MON-B-02278,p6-2x2,Purple,#5E43B7,21,2278,-57.0,63.0,75.6,0,CONCEPT_NOT_FIT_VALIDATED
MON-B-02279,p6-4x2,Purple,#5E43B7,21,2279,-45.0,69.0,75.6,90,CONCEPT_NOT_FIT_VALIDATED
MON-B-02280,p6-4x2,Purple,#5E43B7,21,2280,-33.0,69.0,75.6,90,CONCEPT_NOT_FIT_VALIDATED
MON-B-02281,p6-4x2,Purple,#5E43B7,21,2281,-21.0,69.0,75.6,90,CONCEPT_NOT_FIT_VALIDATED
MON-B-02282,p6-4x2,Purple,#5E43B7,21,2282,-9.0,69.0,75.6,90,CONCEPT_NOT_FIT_VALIDATED
MON-B-02283,p6-4x2,Purple,#5E43B7,21,2283,3.0,69.0,75.6,90,CONCEPT_NOT_FIT_VALIDATED
MON-B-02284,p6-4x2,Purple,#5E43B7,21,2284,15.0,69.0,75.6,90,CONCEPT_NOT_FIT_VALIDATED
MON-B-02285,p6-4x2,Purple,#5E43B7,21,2285,27.0,69.0,75.6,90,CONCEPT_NOT_FIT_VALIDATED
MON-B-02286,p6-4x2,Purple,#5E43B7,21,2286,39.0,69.0,75.6,90,CONCEPT_NOT_FIT_VALIDATED
MON-B-02287,p6-3x2,Purple,#5E43B7,21,2287,51.0,66.0,75.6,90,CONCEPT_NOT_FIT_VALIDATED
MON-B-02288,p6-2x1,Purple,#5E43B7,21,2288,60.0,63.0,75.6,90,CONCEPT_NOT_FIT_VALIDATED
MON-B-02289,p6-1x1,Purple,#5E43B7,21,2289,66.0,60.0,75.6,0,CONCEPT_NOT_FIT_VALIDATED
MON-B-02290,p6-1x1,Purple,#5E43B7,21,2290,-66.0,66.0,75.6,0,CONCEPT_NOT_FIT_VALIDATED
MON-B-02291,p6-1x1,Purple,#5E43B7,21,2291,-54.0,72.0,75.6,0,CONCEPT_NOT_FIT_VALIDATED
MON-B-02292,p6-1x1,Purple,#5E43B7,21,2292,-30.0,84.0,75.6,0,CONCEPT_NOT_FIT_VALIDATED
MON-B-02293,p6-2x1,Purple,#5E43B7,21,2293,-21.0,84.0,75.6,0,CONCEPT_NOT_FIT_VALIDATED
MON-B-02294,p6-2x1,Purple,#5E43B7,21,2294,-9.0,84.0,75.6,0,CONCEPT_NOT_FIT_VALIDATED
MON-B-02295,p6-2x1,Purple,#5E43B7,21,2295,3.0,84.0,75.6,0,CONCEPT_NOT_FIT_VALIDATED
MON-B-02296,p6-2x1,Purple,#5E43B7,21,2296,15.0,84.0,75.6,0,CONCEPT_NOT_FIT_VALIDATED
MON-B-02297,p6-2x1,Purple,#5E43B7,21,2297,27.0,84.0,75.6,0,CONCEPT_NOT_FIT_VALIDATED
MON-B-02298,p6-4x2,Purple,#5E43B7,22,2298,-81.0,-3.0,79.2,0,CONCEPT_NOT_FIT_VALIDATED
MON-B-02299,p6-4x2,Purple,#5E43B7,22,2299,-81.0,9.0,79.2,0,CONCEPT_NOT_FIT_VALIDATED
MON-B-02300,p6-4x2,Purple,#5E43B7,22,2300,-81.0,21.0,79.2,0,CONCEPT_NOT_FIT_VALIDATED
MON-B-02301,p6-3x1,Purple,#5E43B7,22,2301,-78.0,-24.0,79.2,0,CONCEPT_NOT_FIT_VALIDATED
MON-B-02302,p6-3x2,Purple,#5E43B7,22,2302,-78.0,-15.0,79.2,0,CONCEPT_NOT_FIT_VALIDATED
MON-B-02303,p6-3x2,Purple,#5E43B7,22,2303,-78.0,33.0,79.2,0,CONCEPT_NOT_FIT_VALIDATED
MON-B-02304,p6-3x1,Purple,#5E43B7,22,2304,-78.0,42.0,79.2,0,CONCEPT_NOT_FIT_VALIDATED
MON-B-02305,p6-1x1,Hot pink,#F5547C,22,2305,-78.0,-36.0,79.2,0,CONCEPT_NOT_FIT_VALIDATED
MON-B-02306,p6-2x1,Purple,#5E43B7,22,2306,-75.0,-30.0,79.2,0,CONCEPT_NOT_FIT_VALIDATED
MON-B-02307,p6-2x1,Purple,#5E43B7,22,2307,-75.0,48.0,79.2,0,CONCEPT_NOT_FIT_VALIDATED
MON-B-02308,p6-1x1,Hot pink,#F5547C,22,2308,-72.0,-48.0,79.2,0,CONCEPT_NOT_FIT_VALIDATED
MON-B-02309,p6-1x1,Hot pink,#F5547C,22,2309,-72.0,-42.0,79.2,0,CONCEPT_NOT_FIT_VALIDATED
MON-B-02310,p6-1x1,Purple,#5E43B7,22,2310,-72.0,-36.0,79.2,0,CONCEPT_NOT_FIT_VALIDATED
MON-B-02311,p6-2x1,Purple,#5E43B7,22,2311,-72.0,57.0,79.2,90,CONCEPT_NOT_FIT_VALIDATED
MON-B-02312,p6-2x1,Hot pink,#F5547C,22,2312,-63.0,-54.0,79.2,0,CONCEPT_NOT_FIT_VALIDATED
MON-B-02313,p6-4x1,Purple,#5E43B7,22,2313,-57.0,-48.0,79.2,0,CONCEPT_NOT_FIT_VALIDATED
MON-B-02314,p6-4x2,Purple,#5E43B7,22,2314,-57.0,-39.0,79.2,0,CONCEPT_NOT_FIT_VALIDATED
MON-B-02315,p6-4x2,Purple,#5E43B7,22,2315,-57.0,-27.0,79.2,0,CONCEPT_NOT_FIT_VALIDATED
MON-B-02316,p6-4x2,Purple,#5E43B7,22,2316,-57.0,-15.0,79.2,0,CONCEPT_NOT_FIT_VALIDATED
MON-B-02317,p6-4x2,Purple,#5E43B7,22,2317,-57.0,-3.0,79.2,0,CONCEPT_NOT_FIT_VALIDATED
MON-B-02318,p6-4x2,Purple,#5E43B7,22,2318,-57.0,9.0,79.2,0,CONCEPT_NOT_FIT_VALIDATED
MON-B-02319,p6-4x2,Purple,#5E43B7,22,2319,-57.0,21.0,79.2,0,CONCEPT_NOT_FIT_VALIDATED
MON-B-02320,p6-4x2,Purple,#5E43B7,22,2320,-57.0,33.0,79.2,0,CONCEPT_NOT_FIT_VALIDATED
MON-B-02321,p6-4x2,Purple,#5E43B7,22,2321,-57.0,45.0,79.2,0,CONCEPT_NOT_FIT_VALIDATED
MON-B-02322,p6-4x2,Purple,#5E43B7,22,2322,-57.0,57.0,79.2,0,CONCEPT_NOT_FIT_VALIDATED
MON-B-02323,p6-3x1,Purple,#5E43B7,22,2323,-54.0,66.0,79.2,0,CONCEPT_NOT_FIT_VALIDATED
MON-B-02324,p6-2x1,Purple,#5E43B7,22,2324,-51.0,-60.0,79.2,0,CONCEPT_NOT_FIT_VALIDATED
MON-B-02325,p6-2x1,Purple,#5E43B7,22,2325,-51.0,-54.0,79.2,0,CONCEPT_NOT_FIT_VALIDATED
MON-B-02326,p6-2x1,Purple,#5E43B7,22,2326,-51.0,72.0,79.2,0,CONCEPT_NOT_FIT_VALIDATED
MON-B-02327,p6-1x1,Black,#000000,22,2327,-48.0,-66.0,79.2,0,CONCEPT_NOT_FIT_VALIDATED
MON-B-02328,p6-4x1,Black,#000000,22,2328,-33.0,-72.0,79.2,0,CONCEPT_NOT_FIT_VALIDATED
MON-B-02329,p6-4x2,Purple,#5E43B7,22,2329,-33.0,-63.0,79.2,0,CONCEPT_NOT_FIT_VALIDATED
MON-B-02330,p6-4x2,Purple,#5E43B7,22,2330,-33.0,-51.0,79.2,0,CONCEPT_NOT_FIT_VALIDATED
MON-B-02331,p6-4x2,Purple,#5E43B7,22,2331,-33.0,-39.0,79.2,0,CONCEPT_NOT_FIT_VALIDATED
MON-B-02332,p6-4x2,Purple,#5E43B7,22,2332,-33.0,-27.0,79.2,0,CONCEPT_NOT_FIT_VALIDATED
MON-B-02333,p6-4x2,Purple,#5E43B7,22,2333,-33.0,-15.0,79.2,0,CONCEPT_NOT_FIT_VALIDATED
MON-B-02334,p6-4x2,Purple,#5E43B7,22,2334,-33.0,-3.0,79.2,0,CONCEPT_NOT_FIT_VALIDATED
MON-B-02335,p6-4x2,Purple,#5E43B7,22,2335,-33.0,9.0,79.2,0,CONCEPT_NOT_FIT_VALIDATED
MON-B-02336,p6-4x2,Purple,#5E43B7,22,2336,-33.0,21.0,79.2,0,CONCEPT_NOT_FIT_VALIDATED
MON-B-02337,p6-4x2,Purple,#5E43B7,22,2337,-33.0,33.0,79.2,0,CONCEPT_NOT_FIT_VALIDATED
MON-B-02338,p6-4x2,Purple,#5E43B7,22,2338,-33.0,45.0,79.2,0,CONCEPT_NOT_FIT_VALIDATED
MON-B-02339,p6-4x2,Purple,#5E43B7,22,2339,-33.0,57.0,79.2,0,CONCEPT_NOT_FIT_VALIDATED
MON-B-02340,p6-4x2,Purple,#5E43B7,22,2340,-33.0,69.0,79.2,0,CONCEPT_NOT_FIT_VALIDATED
MON-B-02341,p6-4x1,Purple,#5E43B7,22,2341,-33.0,78.0,79.2,0,CONCEPT_NOT_FIT_VALIDATED
MON-B-02342,p6-2x1,Purple,#5E43B7,22,2342,-27.0,84.0,79.2,0,CONCEPT_NOT_FIT_VALIDATED
MON-B-02343,p6-1x1,Hot pink,#F5547C,22,2343,-18.0,-72.0,79.2,0,CONCEPT_NOT_FIT_VALIDATED
MON-B-02344,p6-4x2,Purple,#5E43B7,22,2344,-9.0,-63.0,79.2,0,CONCEPT_NOT_FIT_VALIDATED
MON-B-02345,p6-4x2,Purple,#5E43B7,22,2345,-9.0,-51.0,79.2,0,CONCEPT_NOT_FIT_VALIDATED
MON-B-02346,p6-4x2,Purple,#5E43B7,22,2346,-9.0,-39.0,79.2,0,CONCEPT_NOT_FIT_VALIDATED
MON-B-02347,p6-4x2,Purple,#5E43B7,22,2347,-9.0,-27.0,79.2,0,CONCEPT_NOT_FIT_VALIDATED
MON-B-02348,p6-4x2,Purple,#5E43B7,22,2348,-9.0,-15.0,79.2,0,CONCEPT_NOT_FIT_VALIDATED
MON-B-02349,p6-4x2,Purple,#5E43B7,22,2349,-9.0,-3.0,79.2,0,CONCEPT_NOT_FIT_VALIDATED
MON-B-02350,p6-4x2,Purple,#5E43B7,22,2350,-9.0,9.0,79.2,0,CONCEPT_NOT_FIT_VALIDATED
MON-B-02351,p6-4x2,Purple,#5E43B7,22,2351,-9.0,21.0,79.2,0,CONCEPT_NOT_FIT_VALIDATED
MON-B-02352,p6-4x2,Purple,#5E43B7,22,2352,-9.0,33.0,79.2,0,CONCEPT_NOT_FIT_VALIDATED
MON-B-02353,p6-4x2,Purple,#5E43B7,22,2353,-9.0,45.0,79.2,0,CONCEPT_NOT_FIT_VALIDATED
MON-B-02354,p6-4x2,Purple,#5E43B7,22,2354,-9.0,57.0,79.2,0,CONCEPT_NOT_FIT_VALIDATED
MON-B-02355,p6-4x2,Purple,#5E43B7,22,2355,-9.0,69.0,79.2,0,CONCEPT_NOT_FIT_VALIDATED
MON-B-02356,p6-4x2,Purple,#5E43B7,22,2356,-9.0,81.0,79.2,0,CONCEPT_NOT_FIT_VALIDATED
MON-B-02357,p6-3x1,Hot pink,#F5547C,22,2357,-6.0,-78.0,79.2,0,CONCEPT_NOT_FIT_VALIDATED
MON-B-02358,p6-3x1,Purple,#5E43B7,22,2358,-6.0,-72.0,79.2,0,CONCEPT_NOT_FIT_VALIDATED
MON-B-02359,p6-2x1,Hot pink,#F5547C,22,2359,9.0,-78.0,79.2,0,CONCEPT_NOT_FIT_VALIDATED
MON-B-02360,p6-2x1,Purple,#5E43B7,22,2360,9.0,-72.0,79.2,0,CONCEPT_NOT_FIT_VALIDATED
MON-B-02361,p6-4x2,Purple,#5E43B7,22,2361,15.0,-63.0,79.2,0,CONCEPT_NOT_FIT_VALIDATED
MON-B-02362,p6-4x2,Purple,#5E43B7,22,2362,15.0,-51.0,79.2,0,CONCEPT_NOT_FIT_VALIDATED
MON-B-02363,p6-4x2,Purple,#5E43B7,22,2363,15.0,-39.0,79.2,0,CONCEPT_NOT_FIT_VALIDATED
MON-B-02364,p6-4x2,Purple,#5E43B7,22,2364,15.0,-27.0,79.2,0,CONCEPT_NOT_FIT_VALIDATED
MON-B-02365,p6-4x2,Purple,#5E43B7,22,2365,15.0,-15.0,79.2,0,CONCEPT_NOT_FIT_VALIDATED
MON-B-02366,p6-4x2,Purple,#5E43B7,22,2366,15.0,-3.0,79.2,0,CONCEPT_NOT_FIT_VALIDATED
MON-B-02367,p6-4x2,Purple,#5E43B7,22,2367,15.0,9.0,79.2,0,CONCEPT_NOT_FIT_VALIDATED
MON-B-02368,p6-4x2,Purple,#5E43B7,22,2368,15.0,21.0,79.2,0,CONCEPT_NOT_FIT_VALIDATED
MON-B-02369,p6-4x2,Purple,#5E43B7,22,2369,15.0,33.0,79.2,0,CONCEPT_NOT_FIT_VALIDATED
MON-B-02370,p6-4x2,Purple,#5E43B7,22,2370,15.0,45.0,79.2,0,CONCEPT_NOT_FIT_VALIDATED
MON-B-02371,p6-4x2,Purple,#5E43B7,22,2371,15.0,57.0,79.2,0,CONCEPT_NOT_FIT_VALIDATED
MON-B-02372,p6-4x2,Purple,#5E43B7,22,2372,15.0,69.0,79.2,0,CONCEPT_NOT_FIT_VALIDATED
MON-B-02373,p6-4x2,Purple,#5E43B7,22,2373,15.0,81.0,79.2,0,CONCEPT_NOT_FIT_VALIDATED
MON-B-02374,p6-1x1,Hot pink,#F5547C,22,2374,18.0,-72.0,79.2,0,CONCEPT_NOT_FIT_VALIDATED
MON-B-02375,p6-1x1,Black,#000000,22,2375,24.0,-72.0,79.2,0,CONCEPT_NOT_FIT_VALIDATED
MON-B-02376,p6-3x1,Black,#000000,22,2376,36.0,-72.0,79.2,0,CONCEPT_NOT_FIT_VALIDATED
MON-B-02377,p6-3x2,Purple,#5E43B7,22,2377,36.0,-63.0,79.2,0,CONCEPT_NOT_FIT_VALIDATED
MON-B-02378,p6-4x2,Purple,#5E43B7,22,2378,39.0,-51.0,79.2,0,CONCEPT_NOT_FIT_VALIDATED
MON-B-02379,p6-4x2,Purple,#5E43B7,22,2379,39.0,-39.0,79.2,0,CONCEPT_NOT_FIT_VALIDATED
MON-B-02380,p6-4x2,Purple,#5E43B7,22,2380,39.0,-27.0,79.2,0,CONCEPT_NOT_FIT_VALIDATED
MON-B-02381,p6-4x2,Purple,#5E43B7,22,2381,39.0,-15.0,79.2,0,CONCEPT_NOT_FIT_VALIDATED
MON-B-02382,p6-4x2,Purple,#5E43B7,22,2382,39.0,-3.0,79.2,0,CONCEPT_NOT_FIT_VALIDATED
MON-B-02383,p6-4x2,Purple,#5E43B7,22,2383,39.0,9.0,79.2,0,CONCEPT_NOT_FIT_VALIDATED
MON-B-02384,p6-4x2,Purple,#5E43B7,22,2384,39.0,21.0,79.2,0,CONCEPT_NOT_FIT_VALIDATED
MON-B-02385,p6-4x2,Purple,#5E43B7,22,2385,39.0,33.0,79.2,0,CONCEPT_NOT_FIT_VALIDATED
MON-B-02386,p6-4x2,Purple,#5E43B7,22,2386,39.0,45.0,79.2,0,CONCEPT_NOT_FIT_VALIDATED
MON-B-02387,p6-4x2,Purple,#5E43B7,22,2387,39.0,57.0,79.2,0,CONCEPT_NOT_FIT_VALIDATED
MON-B-02388,p6-4x2,Purple,#5E43B7,22,2388,39.0,69.0,79.2,0,CONCEPT_NOT_FIT_VALIDATED
MON-B-02389,p6-3x1,Purple,#5E43B7,22,2389,36.0,78.0,79.2,0,CONCEPT_NOT_FIT_VALIDATED
MON-B-02390,p6-1x1,Purple,#5E43B7,22,2390,30.0,84.0,79.2,0,CONCEPT_NOT_FIT_VALIDATED
MON-B-02391,p6-1x1,Black,#000000,22,2391,48.0,-66.0,79.2,0,CONCEPT_NOT_FIT_VALIDATED
MON-B-02392,p6-1x1,Purple,#5E43B7,22,2392,48.0,-60.0,79.2,0,CONCEPT_NOT_FIT_VALIDATED
MON-B-02393,p6-1x1,Jade white,#FFFFFF,22,2393,54.0,-60.0,79.2,0,CONCEPT_NOT_FIT_VALIDATED
MON-B-02394,p6-2x1,Purple,#5E43B7,22,2394,54.0,-51.0,79.2,90,CONCEPT_NOT_FIT_VALIDATED
MON-B-02395,p6-3x2,Purple,#5E43B7,22,2395,60.0,-39.0,79.2,0,CONCEPT_NOT_FIT_VALIDATED
MON-B-02396,p6-4x2,Purple,#5E43B7,22,2396,63.0,-27.0,79.2,0,CONCEPT_NOT_FIT_VALIDATED
MON-B-02397,p6-4x2,Purple,#5E43B7,22,2397,63.0,-15.0,79.2,0,CONCEPT_NOT_FIT_VALIDATED
MON-B-02398,p6-4x2,Purple,#5E43B7,22,2398,63.0,-3.0,79.2,0,CONCEPT_NOT_FIT_VALIDATED
MON-B-02399,p6-4x2,Purple,#5E43B7,22,2399,63.0,9.0,79.2,0,CONCEPT_NOT_FIT_VALIDATED
MON-B-02400,p6-4x2,Purple,#5E43B7,22,2400,63.0,21.0,79.2,0,CONCEPT_NOT_FIT_VALIDATED
MON-B-02401,p6-4x2,Purple,#5E43B7,22,2401,63.0,33.0,79.2,0,CONCEPT_NOT_FIT_VALIDATED
MON-B-02402,p6-4x2,Purple,#5E43B7,22,2402,63.0,45.0,79.2,0,CONCEPT_NOT_FIT_VALIDATED
MON-B-02403,p6-3x2,Purple,#5E43B7,22,2403,60.0,57.0,79.2,0,CONCEPT_NOT_FIT_VALIDATED
MON-B-02404,p6-2x1,Purple,#5E43B7,22,2404,57.0,66.0,79.2,0,CONCEPT_NOT_FIT_VALIDATED
MON-B-02405,p6-1x1,Purple,#5E43B7,22,2405,54.0,72.0,79.2,0,CONCEPT_NOT_FIT_VALIDATED
MON-B-02406,p6-2x1,Hot pink,#F5547C,22,2406,63.0,-54.0,79.2,0,CONCEPT_NOT_FIT_VALIDATED
MON-B-02407,p6-2x1,Purple,#5E43B7,22,2407,63.0,-48.0,79.2,0,CONCEPT_NOT_FIT_VALIDATED
MON-B-02408,p6-1x1,Hot pink,#F5547C,22,2408,72.0,-48.0,79.2,0,CONCEPT_NOT_FIT_VALIDATED
MON-B-02409,p6-1x1,Hot pink,#F5547C,22,2409,72.0,-42.0,79.2,0,CONCEPT_NOT_FIT_VALIDATED
MON-B-02410,p6-1x1,Purple,#5E43B7,22,2410,72.0,-36.0,79.2,0,CONCEPT_NOT_FIT_VALIDATED
MON-B-02411,p6-1x1,Purple,#5E43B7,22,2411,72.0,54.0,79.2,0,CONCEPT_NOT_FIT_VALIDATED
MON-B-02412,p6-1x1,Hot pink,#F5547C,22,2412,78.0,-36.0,79.2,0,CONCEPT_NOT_FIT_VALIDATED
MON-B-02413,p6-2x1,Purple,#5E43B7,22,2413,78.0,-27.0,79.2,90,CONCEPT_NOT_FIT_VALIDATED
MON-B-02414,p6-2x2,Purple,#5E43B7,22,2414,81.0,-15.0,79.2,0,CONCEPT_NOT_FIT_VALIDATED
MON-B-02415,p6-2x2,Purple,#5E43B7,22,2415,81.0,-3.0,79.2,0,CONCEPT_NOT_FIT_VALIDATED
MON-B-02416,p6-2x2,Purple,#5E43B7,22,2416,81.0,9.0,79.2,0,CONCEPT_NOT_FIT_VALIDATED
MON-B-02417,p6-2x2,Purple,#5E43B7,22,2417,81.0,21.0,79.2,0,CONCEPT_NOT_FIT_VALIDATED
MON-B-02418,p6-2x2,Purple,#5E43B7,22,2418,81.0,33.0,79.2,0,CONCEPT_NOT_FIT_VALIDATED
MON-B-02419,p6-2x1,Purple,#5E43B7,22,2419,78.0,45.0,79.2,90,CONCEPT_NOT_FIT_VALIDATED
MON-B-02420,p6-1x1,Hot pink,#F5547C,23,2420,-12.0,-78.0,82.8,0,CONCEPT_NOT_FIT_VALIDATED
MON-B-02421,p6-2x1,Hot pink,#F5547C,23,2421,-3.0,-78.0,82.8,0,CONCEPT_NOT_FIT_VALIDATED
MON-B-02422,p6-2x1,Hot pink,#F5547C,23,2422,9.0,-78.0,82.8,0,CONCEPT_NOT_FIT_VALIDATED
MON-B-02423,p6-2x1,Black,#000000,23,2423,-39.0,-72.0,82.8,0,CONCEPT_NOT_FIT_VALIDATED
MON-B-02424,p6-2x1,Black,#000000,23,2424,-27.0,-72.0,82.8,0,CONCEPT_NOT_FIT_VALIDATED
MON-B-02425,p6-1x1,Hot pink,#F5547C,23,2425,-18.0,-72.0,82.8,0,CONCEPT_NOT_FIT_VALIDATED
MON-B-02426,p6-1x1,Purple,#5E43B7,23,2426,-12.0,-72.0,82.8,0,CONCEPT_NOT_FIT_VALIDATED
MON-B-02427,p6-2x1,Purple,#5E43B7,23,2427,-3.0,-72.0,82.8,0,CONCEPT_NOT_FIT_VALIDATED
MON-B-02428,p6-2x1,Purple,#5E43B7,23,2428,9.0,-72.0,82.8,0,CONCEPT_NOT_FIT_VALIDATED
MON-B-02429,p6-1x1,Hot pink,#F5547C,23,2429,18.0,-72.0,82.8,0,CONCEPT_NOT_FIT_VALIDATED
MON-B-02430,p6-1x1,Black,#000000,23,2430,24.0,-72.0,82.8,0,CONCEPT_NOT_FIT_VALIDATED
MON-B-02431,p6-2x1,Black,#000000,23,2431,33.0,-72.0,82.8,0,CONCEPT_NOT_FIT_VALIDATED
MON-B-02432,p6-1x1,Black,#000000,23,2432,42.0,-72.0,82.8,0,CONCEPT_NOT_FIT_VALIDATED
MON-B-02433,p6-1x1,Black,#000000,23,2433,-48.0,-66.0,82.8,0,CONCEPT_NOT_FIT_VALIDATED
MON-B-02434,p6-4x2,Purple,#5E43B7,23,2434,-39.0,-57.0,82.8,90,CONCEPT_NOT_FIT_VALIDATED
MON-B-02435,p6-4x2,Purple,#5E43B7,23,2435,-27.0,-57.0,82.8,90,CONCEPT_NOT_FIT_VALIDATED
MON-B-02436,p6-4x2,Purple,#5E43B7,23,2436,-15.0,-57.0,82.8,90,CONCEPT_NOT_FIT_VALIDATED
MON-B-02437,p6-4x2,Purple,#5E43B7,23,2437,-3.0,-57.0,82.8,90,CONCEPT_NOT_FIT_VALIDATED
MON-B-02438,p6-4x2,Purple,#5E43B7,23,2438,9.0,-57.0,82.8,90,CONCEPT_NOT_FIT_VALIDATED
MON-B-02439,p6-4x2,Purple,#5E43B7,23,2439,21.0,-57.0,82.8,90,CONCEPT_NOT_FIT_VALIDATED
MON-B-02440,p6-4x2,Purple,#5E43B7,23,2440,33.0,-57.0,82.8,90,CONCEPT_NOT_FIT_VALIDATED
MON-B-02441,p6-4x1,Purple,#5E43B7,23,2441,42.0,-57.0,82.8,90,CONCEPT_NOT_FIT_VALIDATED
MON-B-02442,p6-1x1,Black,#000000,23,2442,48.0,-66.0,82.8,0,CONCEPT_NOT_FIT_VALIDATED
MON-B-02443,p6-3x2,Purple,#5E43B7,23,2443,-51.0,-54.0,82.8,90,CONCEPT_NOT_FIT_VALIDATED
MON-B-02444,p6-3x1,Purple,#5E43B7,23,2444,48.0,-54.0,82.8,90,CONCEPT_NOT_FIT_VALIDATED
MON-B-02445,p6-1x1,Jade white,#FFFFFF,23,2445,54.0,-60.0,82.8,0,CONCEPT_NOT_FIT_VALIDATED
MON-B-02446,p6-2x1,Hot pink,#F5547C,23,2446,-63.0,-54.0,82.8,0,CONCEPT_NOT_FIT_VALIDATED
MON-B-02447,p6-2x1,Purple,#5E43B7,23,2447,54.0,-51.0,82.8,90,CONCEPT_NOT_FIT_VALIDATED
MON-B-02448,p6-1x1,Hot pink,#F5547C,23,2448,60.0,-54.0,82.8,0,CONCEPT_NOT_FIT_VALIDATED
MON-B-02449,p6-1x1,Hot pink,#F5547C,23,2449,66.0,-54.0,82.8,0,CONCEPT_NOT_FIT_VALIDATED
MON-B-02450,p6-1x1,Hot pink,#F5547C,23,2450,-72.0,-48.0,82.8,0,CONCEPT_NOT_FIT_VALIDATED
MON-B-02451,p6-2x1,Purple,#5E43B7,23,2451,-63.0,-48.0,82.8,0,CONCEPT_NOT_FIT_VALIDATED
MON-B-02452,p6-1x1,Purple,#5E43B7,23,2452,60.0,-48.0,82.8,0,CONCEPT_NOT_FIT_VALIDATED
MON-B-02453,p6-1x1,Purple,#5E43B7,23,2453,66.0,-48.0,82.8,0,CONCEPT_NOT_FIT_VALIDATED
MON-B-02454,p6-1x1,Hot pink,#F5547C,23,2454,72.0,-48.0,82.8,0,CONCEPT_NOT_FIT_VALIDATED
MON-B-02455,p6-1x1,Hot pink,#F5547C,23,2455,-72.0,-42.0,82.8,0,CONCEPT_NOT_FIT_VALIDATED
MON-B-02456,p6-4x2,Purple,#5E43B7,23,2456,-63.0,-33.0,82.8,90,CONCEPT_NOT_FIT_VALIDATED
MON-B-02457,p6-4x2,Purple,#5E43B7,23,2457,-51.0,-33.0,82.8,90,CONCEPT_NOT_FIT_VALIDATED
MON-B-02458,p6-4x2,Purple,#5E43B7,23,2458,-39.0,-33.0,82.8,90,CONCEPT_NOT_FIT_VALIDATED
MON-B-02459,p6-4x2,Purple,#5E43B7,23,2459,-27.0,-33.0,82.8,90,CONCEPT_NOT_FIT_VALIDATED
MON-B-02460,p6-4x2,Purple,#5E43B7,23,2460,-15.0,-33.0,82.8,90,CONCEPT_NOT_FIT_VALIDATED
MON-B-02461,p6-4x2,Purple,#5E43B7,23,2461,-3.0,-33.0,82.8,90,CONCEPT_NOT_FIT_VALIDATED
MON-B-02462,p6-4x2,Purple,#5E43B7,23,2462,9.0,-33.0,82.8,90,CONCEPT_NOT_FIT_VALIDATED
MON-B-02463,p6-4x2,Purple,#5E43B7,23,2463,21.0,-33.0,82.8,90,CONCEPT_NOT_FIT_VALIDATED
MON-B-02464,p6-4x2,Purple,#5E43B7,23,2464,33.0,-33.0,82.8,90,CONCEPT_NOT_FIT_VALIDATED
MON-B-02465,p6-4x2,Purple,#5E43B7,23,2465,45.0,-33.0,82.8,90,CONCEPT_NOT_FIT_VALIDATED
MON-B-02466,p6-4x2,Purple,#5E43B7,23,2466,57.0,-33.0,82.8,90,CONCEPT_NOT_FIT_VALIDATED
MON-B-02467,p6-4x1,Purple,#5E43B7,23,2467,66.0,-33.0,82.8,90,CONCEPT_NOT_FIT_VALIDATED
MON-B-02468,p6-1x1,Hot pink,#F5547C,23,2468,72.0,-42.0,82.8,0,CONCEPT_NOT_FIT_VALIDATED
MON-B-02469,p6-1x1,Hot pink,#F5547C,23,2469,-78.0,-36.0,82.8,0,CONCEPT_NOT_FIT_VALIDATED
MON-B-02470,p6-3x1,Purple,#5E43B7,23,2470,-72.0,-30.0,82.8,90,CONCEPT_NOT_FIT_VALIDATED
MON-B-02471,p6-3x1,Purple,#5E43B7,23,2471,72.0,-30.0,82.8,90,CONCEPT_NOT_FIT_VALIDATED
MON-B-02472,p6-1x1,Hot pink,#F5547C,23,2472,78.0,-36.0,82.8,0,CONCEPT_NOT_FIT_VALIDATED
MON-B-02473,p6-2x1,Purple,#5E43B7,23,2473,-78.0,-27.0,82.8,90,CONCEPT_NOT_FIT_VALIDATED
MON-B-02474,p6-2x1,Purple,#5E43B7,23,2474,78.0,-27.0,82.8,90,CONCEPT_NOT_FIT_VALIDATED
MON-B-02475,p6-1x1,Purple,#5E43B7,23,2475,-84.0,-24.0,82.8,0,CONCEPT_NOT_FIT_VALIDATED
MON-B-02476,p6-4x1,Purple,#5E43B7,23,2476,-84.0,-9.0,82.8,90,CONCEPT_NOT_FIT_VALIDATED
MON-B-02477,p6-4x2,Purple,#5E43B7,23,2477,-75.0,-9.0,82.8,90,CONCEPT_NOT_FIT_VALIDATED
MON-B-02478,p6-4x2,Purple,#5E43B7,23,2478,-63.0,-9.0,82.8,90,CONCEPT_NOT_FIT_VALIDATED
MON-B-02479,p6-4x2,Purple,#5E43B7,23,2479,-51.0,-9.0,82.8,90,CONCEPT_NOT_FIT_VALIDATED
MON-B-02480,p6-4x2,Purple,#5E43B7,23,2480,-39.0,-9.0,82.8,90,CONCEPT_NOT_FIT_VALIDATED
MON-B-02481,p6-4x2,Purple,#5E43B7,23,2481,-27.0,-9.0,82.8,90,CONCEPT_NOT_FIT_VALIDATED
MON-B-02482,p6-4x2,Purple,#5E43B7,23,2482,-15.0,-9.0,82.8,90,CONCEPT_NOT_FIT_VALIDATED
MON-B-02483,p6-4x2,Purple,#5E43B7,23,2483,-3.0,-9.0,82.8,90,CONCEPT_NOT_FIT_VALIDATED
MON-B-02484,p6-4x2,Purple,#5E43B7,23,2484,9.0,-9.0,82.8,90,CONCEPT_NOT_FIT_VALIDATED
MON-B-02485,p6-4x2,Purple,#5E43B7,23,2485,21.0,-9.0,82.8,90,CONCEPT_NOT_FIT_VALIDATED
MON-B-02486,p6-4x2,Purple,#5E43B7,23,2486,33.0,-9.0,82.8,90,CONCEPT_NOT_FIT_VALIDATED
MON-B-02487,p6-4x2,Purple,#5E43B7,23,2487,45.0,-9.0,82.8,90,CONCEPT_NOT_FIT_VALIDATED
MON-B-02488,p6-4x2,Purple,#5E43B7,23,2488,57.0,-9.0,82.8,90,CONCEPT_NOT_FIT_VALIDATED
MON-B-02489,p6-4x2,Purple,#5E43B7,23,2489,69.0,-9.0,82.8,90,CONCEPT_NOT_FIT_VALIDATED
MON-B-02490,p6-4x2,Purple,#5E43B7,23,2490,81.0,-9.0,82.8,90,CONCEPT_NOT_FIT_VALIDATED
MON-B-02491,p6-2x1,Purple,#5E43B7,23,2491,-90.0,-3.0,82.8,90,CONCEPT_NOT_FIT_VALIDATED
MON-B-02492,p6-3x2,Purple,#5E43B7,23,2492,-87.0,12.0,82.8,90,CONCEPT_NOT_FIT_VALIDATED
MON-B-02493,p6-4x2,Purple,#5E43B7,23,2493,-75.0,15.0,82.8,90,CONCEPT_NOT_FIT_VALIDATED
MON-B-02494,p6-4x2,Purple,#5E43B7,23,2494,-63.0,15.0,82.8,90,CONCEPT_NOT_FIT_VALIDATED
MON-B-02495,p6-4x2,Purple,#5E43B7,23,2495,-51.0,15.0,82.8,90,CONCEPT_NOT_FIT_VALIDATED
MON-B-02496,p6-4x2,Purple,#5E43B7,23,2496,-39.0,15.0,82.8,90,CONCEPT_NOT_FIT_VALIDATED
MON-B-02497,p6-4x2,Purple,#5E43B7,23,2497,-27.0,15.0,82.8,90,CONCEPT_NOT_FIT_VALIDATED
MON-B-02498,p6-4x2,Purple,#5E43B7,23,2498,-15.0,15.0,82.8,90,CONCEPT_NOT_FIT_VALIDATED
MON-B-02499,p6-4x2,Purple,#5E43B7,23,2499,-3.0,15.0,82.8,90,CONCEPT_NOT_FIT_VALIDATED
MON-B-02500,p6-4x2,Purple,#5E43B7,23,2500,9.0,15.0,82.8,90,CONCEPT_NOT_FIT_VALIDATED
MON-B-02501,p6-4x2,Purple,#5E43B7,23,2501,21.0,15.0,82.8,90,CONCEPT_NOT_FIT_VALIDATED
MON-B-02502,p6-4x2,Purple,#5E43B7,23,2502,33.0,15.0,82.8,90,CONCEPT_NOT_FIT_VALIDATED
MON-B-02503,p6-4x2,Purple,#5E43B7,23,2503,45.0,15.0,82.8,90,CONCEPT_NOT_FIT_VALIDATED
MON-B-02504,p6-4x2,Purple,#5E43B7,23,2504,57.0,15.0,82.8,90,CONCEPT_NOT_FIT_VALIDATED
MON-B-02505,p6-4x2,Purple,#5E43B7,23,2505,69.0,15.0,82.8,90,CONCEPT_NOT_FIT_VALIDATED
MON-B-02506,p6-4x2,Purple,#5E43B7,23,2506,81.0,15.0,82.8,90,CONCEPT_NOT_FIT_VALIDATED
MON-B-02507,p6-1x1,Purple,#5E43B7,23,2507,-84.0,24.0,82.8,0,CONCEPT_NOT_FIT_VALIDATED
MON-B-02508,p6-3x1,Purple,#5E43B7,23,2508,-84.0,36.0,82.8,90,CONCEPT_NOT_FIT_VALIDATED
MON-B-02509,p6-4x2,Purple,#5E43B7,23,2509,-75.0,39.0,82.8,90,CONCEPT_NOT_FIT_VALIDATED
MON-B-02510,p6-4x2,Purple,#5E43B7,23,2510,-63.0,39.0,82.8,90,CONCEPT_NOT_FIT_VALIDATED
MON-B-02511,p6-4x2,Purple,#5E43B7,23,2511,-51.0,39.0,82.8,90,CONCEPT_NOT_FIT_VALIDATED
MON-B-02512,p6-4x2,Purple,#5E43B7,23,2512,-39.0,39.0,82.8,90,CONCEPT_NOT_FIT_VALIDATED
MON-B-02513,p6-4x2,Purple,#5E43B7,23,2513,-27.0,39.0,82.8,90,CONCEPT_NOT_FIT_VALIDATED
MON-B-02514,p6-4x2,Purple,#5E43B7,23,2514,-15.0,39.0,82.8,90,CONCEPT_NOT_FIT_VALIDATED
MON-B-02515,p6-4x2,Purple,#5E43B7,23,2515,-3.0,39.0,82.8,90,CONCEPT_NOT_FIT_VALIDATED
MON-B-02516,p6-4x2,Purple,#5E43B7,23,2516,9.0,39.0,82.8,90,CONCEPT_NOT_FIT_VALIDATED
MON-B-02517,p6-4x2,Purple,#5E43B7,23,2517,21.0,39.0,82.8,90,CONCEPT_NOT_FIT_VALIDATED
MON-B-02518,p6-4x2,Purple,#5E43B7,23,2518,33.0,39.0,82.8,90,CONCEPT_NOT_FIT_VALIDATED
MON-B-02519,p6-4x2,Purple,#5E43B7,23,2519,45.0,39.0,82.8,90,CONCEPT_NOT_FIT_VALIDATED
MON-B-02520,p6-4x2,Purple,#5E43B7,23,2520,57.0,39.0,82.8,90,CONCEPT_NOT_FIT_VALIDATED
MON-B-02521,p6-4x2,Purple,#5E43B7,23,2521,69.0,39.0,82.8,90,CONCEPT_NOT_FIT_VALIDATED
MON-B-02522,p6-4x1,Purple,#5E43B7,23,2522,78.0,39.0,82.8,90,CONCEPT_NOT_FIT_VALIDATED
MON-B-02523,p6-2x1,Purple,#5E43B7,23,2523,84.0,33.0,82.8,90,CONCEPT_NOT_FIT_VALIDATED
MON-B-02524,p6-2x1,Purple,#5E43B7,23,2524,-72.0,57.0,82.8,90,CONCEPT_NOT_FIT_VALIDATED
MON-B-02525,p6-3x2,Purple,#5E43B7,23,2525,-63.0,60.0,82.8,90,CONCEPT_NOT_FIT_VALIDATED
MON-B-02526,p6-4x2,Purple,#5E43B7,23,2526,-51.0,63.0,82.8,90,CONCEPT_NOT_FIT_VALIDATED
MON-B-02527,p6-4x2,Purple,#5E43B7,23,2527,-39.0,63.0,82.8,90,CONCEPT_NOT_FIT_VALIDATED
MON-B-02528,p6-4x2,Purple,#5E43B7,23,2528,-27.0,63.0,82.8,90,CONCEPT_NOT_FIT_VALIDATED
MON-B-02529,p6-4x2,Purple,#5E43B7,23,2529,-15.0,63.0,82.8,90,CONCEPT_NOT_FIT_VALIDATED
MON-B-02530,p6-4x2,Purple,#5E43B7,23,2530,-3.0,63.0,82.8,90,CONCEPT_NOT_FIT_VALIDATED
MON-B-02531,p6-4x2,Purple,#5E43B7,23,2531,9.0,63.0,82.8,90,CONCEPT_NOT_FIT_VALIDATED
MON-B-02532,p6-4x2,Purple,#5E43B7,23,2532,21.0,63.0,82.8,90,CONCEPT_NOT_FIT_VALIDATED
MON-B-02533,p6-4x2,Purple,#5E43B7,23,2533,33.0,63.0,82.8,90,CONCEPT_NOT_FIT_VALIDATED
MON-B-02534,p6-4x2,Purple,#5E43B7,23,2534,45.0,63.0,82.8,90,CONCEPT_NOT_FIT_VALIDATED
MON-B-02535,p6-3x2,Purple,#5E43B7,23,2535,57.0,60.0,82.8,90,CONCEPT_NOT_FIT_VALIDATED
MON-B-02536,p6-2x1,Purple,#5E43B7,23,2536,69.0,54.0,82.8,0,CONCEPT_NOT_FIT_VALIDATED
MON-B-02537,p6-1x1,Purple,#5E43B7,23,2537,66.0,60.0,82.8,0,CONCEPT_NOT_FIT_VALIDATED
MON-B-02538,p6-1x1,Purple,#5E43B7,23,2538,54.0,72.0,82.8,0,CONCEPT_NOT_FIT_VALIDATED
MON-B-02539,p6-2x1,Purple,#5E43B7,23,2539,-39.0,78.0,82.8,0,CONCEPT_NOT_FIT_VALIDATED
MON-B-02540,p6-2x2,Purple,#5E43B7,23,2540,-27.0,81.0,82.8,0,CONCEPT_NOT_FIT_VALIDATED
MON-B-02541,p6-2x2,Purple,#5E43B7,23,2541,-15.0,81.0,82.8,0,CONCEPT_NOT_FIT_VALIDATED
MON-B-02542,p6-2x2,Purple,#5E43B7,23,2542,-3.0,81.0,82.8,0,CONCEPT_NOT_FIT_VALIDATED
MON-B-02543,p6-2x2,Purple,#5E43B7,23,2543,9.0,81.0,82.8,0,CONCEPT_NOT_FIT_VALIDATED
MON-B-02544,p6-2x2,Purple,#5E43B7,23,2544,21.0,81.0,82.8,0,CONCEPT_NOT_FIT_VALIDATED
MON-B-02545,p6-2x1,Purple,#5E43B7,23,2545,30.0,81.0,82.8,90,CONCEPT_NOT_FIT_VALIDATED
MON-B-02546,p6-1x1,Purple,#5E43B7,23,2546,36.0,78.0,82.8,0,CONCEPT_NOT_FIT_VALIDATED
MON-B-02547,p6-1x1,Purple,#5E43B7,23,2547,42.0,78.0,82.8,0,CONCEPT_NOT_FIT_VALIDATED
MON-B-02548,p6-3x2,Purple,#5E43B7,24,2548,-84.0,3.0,86.4,0,CONCEPT_NOT_FIT_VALIDATED
MON-B-02549,p6-3x2,Purple,#5E43B7,24,2549,-84.0,15.0,86.4,0,CONCEPT_NOT_FIT_VALIDATED
MON-B-02550,p6-2x2,Purple,#5E43B7,24,2550,-81.0,-21.0,86.4,0,CONCEPT_NOT_FIT_VALIDATED
MON-B-02551,p6-2x2,Purple,#5E43B7,24,2551,-81.0,-9.0,86.4,0,CONCEPT_NOT_FIT_VALIDATED
MON-B-02552,p6-2x2,Purple,#5E43B7,24,2552,-81.0,27.0,86.4,0,CONCEPT_NOT_FIT_VALIDATED
MON-B-02553,p6-2x2,Purple,#5E43B7,24,2553,-81.0,39.0,86.4,0,CONCEPT_NOT_FIT_VALIDATED
MON-B-02554,p6-1x1,Hot pink,#F5547C,24,2554,-78.0,-36.0,86.4,0,CONCEPT_NOT_FIT_VALIDATED
MON-B-02555,p6-1x1,Purple,#5E43B7,24,2555,-78.0,-30.0,86.4,0,CONCEPT_NOT_FIT_VALIDATED
MON-B-02556,p6-1x1,Purple,#5E43B7,24,2556,-78.0,48.0,86.4,0,CONCEPT_NOT_FIT_VALIDATED
MON-B-02557,p6-2x1,Hot pink,#F5547C,24,2557,-72.0,-45.0,86.4,90,CONCEPT_NOT_FIT_VALIDATED
MON-B-02558,p6-4x2,Purple,#5E43B7,24,2558,-63.0,-33.0,86.4,0,CONCEPT_NOT_FIT_VALIDATED
MON-B-02559,p6-4x2,Purple,#5E43B7,24,2559,-63.0,-21.0,86.4,0,CONCEPT_NOT_FIT_VALIDATED
MON-B-02560,p6-4x2,Purple,#5E43B7,24,2560,-63.0,-9.0,86.4,0,CONCEPT_NOT_FIT_VALIDATED
MON-B-02561,p6-4x2,Purple,#5E43B7,24,2561,-63.0,3.0,86.4,0,CONCEPT_NOT_FIT_VALIDATED
MON-B-02562,p6-4x2,Purple,#5E43B7,24,2562,-63.0,15.0,86.4,0,CONCEPT_NOT_FIT_VALIDATED
MON-B-02563,p6-4x2,Purple,#5E43B7,24,2563,-63.0,27.0,86.4,0,CONCEPT_NOT_FIT_VALIDATED
MON-B-02564,p6-4x2,Purple,#5E43B7,24,2564,-63.0,39.0,86.4,0,CONCEPT_NOT_FIT_VALIDATED
MON-B-02565,p6-4x2,Purple,#5E43B7,24,2565,-63.0,51.0,86.4,0,CONCEPT_NOT_FIT_VALIDATED
MON-B-02566,p6-4x1,Purple,#5E43B7,24,2566,-63.0,60.0,86.4,0,CONCEPT_NOT_FIT_VALIDATED
MON-B-02567,p6-2x1,Hot pink,#F5547C,24,2567,-63.0,-54.0,86.4,0,CONCEPT_NOT_FIT_VALIDATED
MON-B-02568,p6-3x2,Purple,#5E43B7,24,2568,-60.0,-45.0,86.4,0,CONCEPT_NOT_FIT_VALIDATED
MON-B-02569,p6-3x1,Purple,#5E43B7,24,2569,-60.0,66.0,86.4,0,CONCEPT_NOT_FIT_VALIDATED
MON-B-02570,p6-2x1,Purple,#5E43B7,24,2570,-54.0,-57.0,86.4,90,CONCEPT_NOT_FIT_VALIDATED
MON-B-02571,p6-1x1,Purple,#5E43B7,24,2571,-54.0,72.0,86.4,0,CONCEPT_NOT_FIT_VALIDATED
MON-B-02572,p6-1x1,Jade white,#FFFFFF,24,2572,-48.0,-66.0,86.4,0,CONCEPT_NOT_FIT_VALIDATED
MON-B-02573,p6-4x2,Purple,#5E43B7,24,2573,-39.0,-57.0,86.4,0,CONCEPT_NOT_FIT_VALIDATED
MON-B-02574,p6-4x2,Purple,#5E43B7,24,2574,-39.0,-45.0,86.4,0,CONCEPT_NOT_FIT_VALIDATED
MON-B-02575,p6-4x2,Purple,#5E43B7,24,2575,-39.0,-33.0,86.4,0,CONCEPT_NOT_FIT_VALIDATED
MON-B-02576,p6-4x2,Purple,#5E43B7,24,2576,-39.0,-21.0,86.4,0,CONCEPT_NOT_FIT_VALIDATED
MON-B-02577,p6-4x2,Purple,#5E43B7,24,2577,-39.0,-9.0,86.4,0,CONCEPT_NOT_FIT_VALIDATED
MON-B-02578,p6-4x2,Purple,#5E43B7,24,2578,-39.0,3.0,86.4,0,CONCEPT_NOT_FIT_VALIDATED
MON-B-02579,p6-4x2,Purple,#5E43B7,24,2579,-39.0,15.0,86.4,0,CONCEPT_NOT_FIT_VALIDATED
MON-B-02580,p6-4x2,Purple,#5E43B7,24,2580,-39.0,27.0,86.4,0,CONCEPT_NOT_FIT_VALIDATED
MON-B-02581,p6-4x2,Purple,#5E43B7,24,2581,-39.0,39.0,86.4,0,CONCEPT_NOT_FIT_VALIDATED
MON-B-02582,p6-4x2,Purple,#5E43B7,24,2582,-39.0,51.0,86.4,0,CONCEPT_NOT_FIT_VALIDATED
MON-B-02583,p6-4x2,Purple,#5E43B7,24,2583,-39.0,63.0,86.4,0,CONCEPT_NOT_FIT_VALIDATED
MON-B-02584,p6-4x1,Purple,#5E43B7,24,2584,-39.0,72.0,86.4,0,CONCEPT_NOT_FIT_VALIDATED
MON-B-02585,p6-3x1,Black,#000000,24,2585,-36.0,-72.0,86.4,0,CONCEPT_NOT_FIT_VALIDATED
MON-B-02586,p6-3x1,Purple,#5E43B7,24,2586,-36.0,-66.0,86.4,0,CONCEPT_NOT_FIT_VALIDATED
MON-B-02587,p6-3x1,Purple,#5E43B7,24,2587,-36.0,78.0,86.4,0,CONCEPT_NOT_FIT_VALIDATED
MON-B-02588,p6-1x1,Black,#000000,24,2588,-24.0,-72.0,86.4,0,CONCEPT_NOT_FIT_VALIDATED
MON-B-02589,p6-4x1,Purple,#5E43B7,24,2589,-15.0,-66.0,86.4,0,CONCEPT_NOT_FIT_VALIDATED
MON-B-02590,p6-4x2,Purple,#5E43B7,24,2590,-15.0,-57.0,86.4,0,CONCEPT_NOT_FIT_VALIDATED
MON-B-02591,p6-4x2,Purple,#5E43B7,24,2591,-15.0,-45.0,86.4,0,CONCEPT_NOT_FIT_VALIDATED
MON-B-02592,p6-4x2,Purple,#5E43B7,24,2592,-15.0,-33.0,86.4,0,CONCEPT_NOT_FIT_VALIDATED
MON-B-02593,p6-4x2,Purple,#5E43B7,24,2593,-15.0,-21.0,86.4,0,CONCEPT_NOT_FIT_VALIDATED
MON-B-02594,p6-4x2,Purple,#5E43B7,24,2594,-15.0,-9.0,86.4,0,CONCEPT_NOT_FIT_VALIDATED
MON-B-02595,p6-4x2,Purple,#5E43B7,24,2595,-15.0,3.0,86.4,0,CONCEPT_NOT_FIT_VALIDATED
MON-B-02596,p6-4x2,Purple,#5E43B7,24,2596,-15.0,15.0,86.4,0,CONCEPT_NOT_FIT_VALIDATED
MON-B-02597,p6-4x2,Purple,#5E43B7,24,2597,-15.0,27.0,86.4,0,CONCEPT_NOT_FIT_VALIDATED
MON-B-02598,p6-4x2,Purple,#5E43B7,24,2598,-15.0,39.0,86.4,0,CONCEPT_NOT_FIT_VALIDATED
MON-B-02599,p6-4x2,Purple,#5E43B7,24,2599,-15.0,51.0,86.4,0,CONCEPT_NOT_FIT_VALIDATED
MON-B-02600,p6-4x2,Purple,#5E43B7,24,2600,-15.0,63.0,86.4,0,CONCEPT_NOT_FIT_VALIDATED
MON-B-02601,p6-4x2,Purple,#5E43B7,24,2601,-15.0,75.0,86.4,0,CONCEPT_NOT_FIT_VALIDATED
MON-B-02602,p6-4x1,Purple,#5E43B7,24,2602,-15.0,84.0,86.4,0,CONCEPT_NOT_FIT_VALIDATED
MON-B-02603,p6-1x1,Hot pink,#F5547C,24,2603,-18.0,-72.0,86.4,0,CONCEPT_NOT_FIT_VALIDATED
MON-B-02604,p6-2x1,Hot pink,#F5547C,24,2604,-9.0,-78.0,86.4,0,CONCEPT_NOT_FIT_VALIDATED
MON-B-02605,p6-2x1,Purple,#5E43B7,24,2605,-9.0,-72.0,86.4,0,CONCEPT_NOT_FIT_VALIDATED
MON-B-02606,p6-3x1,Hot pink,#F5547C,24,2606,6.0,-78.0,86.4,0,CONCEPT_NOT_FIT_VALIDATED
MON-B-02607,p6-3x2,Purple,#5E43B7,24,2607,6.0,-69.0,86.4,0,CONCEPT_NOT_FIT_VALIDATED
MON-B-02608,p6-4x2,Purple,#5E43B7,24,2608,9.0,-57.0,86.4,0,CONCEPT_NOT_FIT_VALIDATED
MON-B-02609,p6-4x2,Purple,#5E43B7,24,2609,9.0,-45.0,86.4,0,CONCEPT_NOT_FIT_VALIDATED
MON-B-02610,p6-4x2,Purple,#5E43B7,24,2610,9.0,-33.0,86.4,0,CONCEPT_NOT_FIT_VALIDATED
MON-B-02611,p6-4x2,Purple,#5E43B7,24,2611,9.0,-21.0,86.4,0,CONCEPT_NOT_FIT_VALIDATED
MON-B-02612,p6-4x2,Purple,#5E43B7,24,2612,9.0,-9.0,86.4,0,CONCEPT_NOT_FIT_VALIDATED
MON-B-02613,p6-4x2,Purple,#5E43B7,24,2613,9.0,3.0,86.4,0,CONCEPT_NOT_FIT_VALIDATED
MON-B-02614,p6-4x2,Purple,#5E43B7,24,2614,9.0,15.0,86.4,0,CONCEPT_NOT_FIT_VALIDATED
MON-B-02615,p6-4x2,Purple,#5E43B7,24,2615,9.0,27.0,86.4,0,CONCEPT_NOT_FIT_VALIDATED
MON-B-02616,p6-4x2,Purple,#5E43B7,24,2616,9.0,39.0,86.4,0,CONCEPT_NOT_FIT_VALIDATED
MON-B-02617,p6-4x2,Purple,#5E43B7,24,2617,9.0,51.0,86.4,0,CONCEPT_NOT_FIT_VALIDATED
MON-B-02618,p6-4x2,Purple,#5E43B7,24,2618,9.0,63.0,86.4,0,CONCEPT_NOT_FIT_VALIDATED
MON-B-02619,p6-4x2,Purple,#5E43B7,24,2619,9.0,75.0,86.4,0,CONCEPT_NOT_FIT_VALIDATED
MON-B-02620,p6-4x1,Purple,#5E43B7,24,2620,9.0,84.0,86.4,0,CONCEPT_NOT_FIT_VALIDATED
MON-B-02621,p6-1x1,Hot pink,#F5547C,24,2621,18.0,-72.0,86.4,0,CONCEPT_NOT_FIT_VALIDATED
MON-B-02622,p6-1x1,Purple,#5E43B7,24,2622,18.0,-66.0,86.4,0,CONCEPT_NOT_FIT_VALIDATED
MON-B-02623,p6-3x1,Black,#000000,24,2623,30.0,-72.0,86.4,0,CONCEPT_NOT_FIT_VALIDATED
MON-B-02624,p6-3x1,Purple,#5E43B7,24,2624,30.0,-66.0,86.4,0,CONCEPT_NOT_FIT_VALIDATED
MON-B-02625,p6-4x2,Purple,#5E43B7,24,2625,33.0,-57.0,86.4,0,CONCEPT_NOT_FIT_VALIDATED
MON-B-02626,p6-4x2,Purple,#5E43B7,24,2626,33.0,-45.0,86.4,0,CONCEPT_NOT_FIT_VALIDATED
MON-B-02627,p6-4x2,Purple,#5E43B7,24,2627,33.0,-33.0,86.4,0,CONCEPT_NOT_FIT_VALIDATED
MON-B-02628,p6-4x2,Purple,#5E43B7,24,2628,33.0,-21.0,86.4,0,CONCEPT_NOT_FIT_VALIDATED
MON-B-02629,p6-4x2,Purple,#5E43B7,24,2629,33.0,-9.0,86.4,0,CONCEPT_NOT_FIT_VALIDATED
MON-B-02630,p6-4x2,Purple,#5E43B7,24,2630,33.0,3.0,86.4,0,CONCEPT_NOT_FIT_VALIDATED
MON-B-02631,p6-4x2,Purple,#5E43B7,24,2631,33.0,15.0,86.4,0,CONCEPT_NOT_FIT_VALIDATED
MON-B-02632,p6-4x2,Purple,#5E43B7,24,2632,33.0,27.0,86.4,0,CONCEPT_NOT_FIT_VALIDATED
MON-B-02633,p6-4x2,Purple,#5E43B7,24,2633,33.0,39.0,86.4,0,CONCEPT_NOT_FIT_VALIDATED
MON-B-02634,p6-4x2,Purple,#5E43B7,24,2634,33.0,51.0,86.4,0,CONCEPT_NOT_FIT_VALIDATED
MON-B-02635,p6-4x2,Purple,#5E43B7,24,2635,33.0,63.0,86.4,0,CONCEPT_NOT_FIT_VALIDATED
MON-B-02636,p6-4x2,Purple,#5E43B7,24,2636,33.0,75.0,86.4,0,CONCEPT_NOT_FIT_VALIDATED
MON-B-02637,p6-1x1,Purple,#5E43B7,24,2637,24.0,84.0,86.4,0,CONCEPT_NOT_FIT_VALIDATED
MON-B-02638,p6-1x1,Black,#000000,24,2638,42.0,-66.0,86.4,0,CONCEPT_NOT_FIT_VALIDATED
MON-B-02639,p6-1x1,Jade white,#FFFFFF,24,2639,48.0,-66.0,86.4,0,CONCEPT_NOT_FIT_VALIDATED
MON-B-02640,p6-2x1,Purple,#5E43B7,24,2640,48.0,-57.0,86.4,90,CONCEPT_NOT_FIT_VALIDATED
MON-B-02641,p6-4x2,Purple,#5E43B7,24,2641,57.0,-45.0,86.4,0,CONCEPT_NOT_FIT_VALIDATED
MON-B-02642,p6-4x2,Purple,#5E43B7,24,2642,57.0,-33.0,86.4,0,CONCEPT_NOT_FIT_VALIDATED
MON-B-02643,p6-4x2,Purple,#5E43B7,24,2643,57.0,-21.0,86.4,0,CONCEPT_NOT_FIT_VALIDATED
MON-B-02644,p6-4x2,Purple,#5E43B7,24,2644,57.0,-9.0,86.4,0,CONCEPT_NOT_FIT_VALIDATED
MON-B-02645,p6-4x2,Purple,#5E43B7,24,2645,57.0,3.0,86.4,0,CONCEPT_NOT_FIT_VALIDATED
MON-B-02646,p6-4x2,Purple,#5E43B7,24,2646,57.0,15.0,86.4,0,CONCEPT_NOT_FIT_VALIDATED
MON-B-02647,p6-4x2,Purple,#5E43B7,24,2647,57.0,27.0,86.4,0,CONCEPT_NOT_FIT_VALIDATED
MON-B-02648,p6-4x2,Purple,#5E43B7,24,2648,57.0,39.0,86.4,0,CONCEPT_NOT_FIT_VALIDATED
MON-B-02649,p6-4x2,Purple,#5E43B7,24,2649,57.0,51.0,86.4,0,CONCEPT_NOT_FIT_VALIDATED
MON-B-02650,p6-3x2,Purple,#5E43B7,24,2650,54.0,63.0,86.4,0,CONCEPT_NOT_FIT_VALIDATED
MON-B-02651,p6-2x1,Purple,#5E43B7,24,2651,51.0,72.0,86.4,0,CONCEPT_NOT_FIT_VALIDATED
MON-B-02652,p6-1x1,Jade white,#FFFFFF,24,2652,54.0,-60.0,86.4,0,CONCEPT_NOT_FIT_VALIDATED
MON-B-02653,p6-1x1,Purple,#5E43B7,24,2653,54.0,-54.0,86.4,0,CONCEPT_NOT_FIT_VALIDATED
MON-B-02654,p6-2x1,Hot pink,#F5547C,24,2654,63.0,-54.0,86.4,0,CONCEPT_NOT_FIT_VALIDATED
MON-B-02655,p6-1x1,Purple,#5E43B7,24,2655,66.0,60.0,86.4,0,CONCEPT_NOT_FIT_VALIDATED
MON-B-02656,p6-2x1,Hot pink,#F5547C,24,2656,72.0,-45.0,86.4,90,CONCEPT_NOT_FIT_VALIDATED
MON-B-02657,p6-2x1,Purple,#5E43B7,24,2657,72.0,-33.0,86.4,90,CONCEPT_NOT_FIT_VALIDATED
MON-B-02658,p6-2x2,Purple,#5E43B7,24,2658,75.0,-21.0,86.4,0,CONCEPT_NOT_FIT_VALIDATED
MON-B-02659,p6-3x2,Purple,#5E43B7,24,2659,78.0,-9.0,86.4,0,CONCEPT_NOT_FIT_VALIDATED
MON-B-02660,p6-3x2,Purple,#5E43B7,24,2660,78.0,3.0,86.4,0,CONCEPT_NOT_FIT_VALIDATED
MON-B-02661,p6-3x2,Purple,#5E43B7,24,2661,78.0,15.0,86.4,0,CONCEPT_NOT_FIT_VALIDATED
MON-B-02662,p6-3x2,Purple,#5E43B7,24,2662,78.0,27.0,86.4,0,CONCEPT_NOT_FIT_VALIDATED
MON-B-02663,p6-2x2,Purple,#5E43B7,24,2663,75.0,39.0,86.4,0,CONCEPT_NOT_FIT_VALIDATED
MON-B-02664,p6-2x1,Purple,#5E43B7,24,2664,75.0,48.0,86.4,0,CONCEPT_NOT_FIT_VALIDATED
MON-B-02665,p6-1x1,Purple,#5E43B7,24,2665,72.0,54.0,86.4,0,CONCEPT_NOT_FIT_VALIDATED
MON-B-02666,p6-2x1,Hot pink,#F5547C,24,2666,78.0,-33.0,86.4,90,CONCEPT_NOT_FIT_VALIDATED
MON-B-02667,p6-1x1,Purple,#5E43B7,24,2667,84.0,-18.0,86.4,0,CONCEPT_NOT_FIT_VALIDATED
MON-B-02668,p6-1x1,Purple,#5E43B7,24,2668,84.0,36.0,86.4,0,CONCEPT_NOT_FIT_VALIDATED
MON-B-02669,p6-2x1,Hot pink,#F5547C,25,2669,-9.0,-78.0,90.0,0,CONCEPT_NOT_FIT_VALIDATED
MON-B-02670,p6-2x1,Hot pink,#F5547C,25,2670,3.0,-78.0,90.0,0,CONCEPT_NOT_FIT_VALIDATED
MON-B-02671,p6-1x1,Hot pink,#F5547C,25,2671,12.0,-78.0,90.0,0,CONCEPT_NOT_FIT_VALIDATED
MON-B-02672,p6-2x1,Black,#000000,25,2672,-33.0,-72.0,90.0,0,CONCEPT_NOT_FIT_VALIDATED
MON-B-02673,p6-1x1,Jade white,#FFFFFF,25,2673,-24.0,-72.0,90.0,0,CONCEPT_NOT_FIT_VALIDATED
MON-B-02674,p6-1x1,Hot pink,#F5547C,25,2674,-18.0,-72.0,90.0,0,CONCEPT_NOT_FIT_VALIDATED
MON-B-02675,p6-4x2,Purple,#5E43B7,25,2675,-9.0,-63.0,90.0,90,CONCEPT_NOT_FIT_VALIDATED
MON-B-02676,p6-4x2,Purple,#5E43B7,25,2676,3.0,-63.0,90.0,90,CONCEPT_NOT_FIT_VALIDATED
MON-B-02677,p6-4x1,Purple,#5E43B7,25,2677,12.0,-63.0,90.0,90,CONCEPT_NOT_FIT_VALIDATED
MON-B-02678,p6-1x1,Hot pink,#F5547C,25,2678,18.0,-72.0,90.0,0,CONCEPT_NOT_FIT_VALIDATED
MON-B-02679,p6-1x1,Jade white,#FFFFFF,25,2679,24.0,-72.0,90.0,0,CONCEPT_NOT_FIT_VALIDATED
MON-B-02680,p6-1x1,Black,#000000,25,2680,30.0,-72.0,90.0,0,CONCEPT_NOT_FIT_VALIDATED
MON-B-02681,p6-1x1,Black,#000000,25,2681,36.0,-72.0,90.0,0,CONCEPT_NOT_FIT_VALIDATED
MON-B-02682,p6-2x1,Jade white,#FFFFFF,25,2682,-45.0,-66.0,90.0,0,CONCEPT_NOT_FIT_VALIDATED
MON-B-02683,p6-3x2,Purple,#5E43B7,25,2683,-33.0,-60.0,90.0,90,CONCEPT_NOT_FIT_VALIDATED
MON-B-02684,p6-3x2,Purple,#5E43B7,25,2684,-21.0,-60.0,90.0,90,CONCEPT_NOT_FIT_VALIDATED
MON-B-02685,p6-3x1,Purple,#5E43B7,25,2685,18.0,-60.0,90.0,90,CONCEPT_NOT_FIT_VALIDATED
MON-B-02686,p6-3x2,Purple,#5E43B7,25,2686,27.0,-60.0,90.0,90,CONCEPT_NOT_FIT_VALIDATED
MON-B-02687,p6-3x1,Purple,#5E43B7,25,2687,36.0,-60.0,90.0,90,CONCEPT_NOT_FIT_VALIDATED
MON-B-02688,p6-1x1,Jade white,#FFFFFF,25,2688,42.0,-66.0,90.0,0,CONCEPT_NOT_FIT_VALIDATED
MON-B-02689,p6-1x1,Jade white,#FFFFFF,25,2689,48.0,-66.0,90.0,0,CONCEPT_NOT_FIT_VALIDATED
MON-B-02691,p6-2x1,Purple,#5E43B7,25,2690,-54.0,-57.0,90.0,90,CONCEPT_NOT_FIT_VALIDATED
MON-B-02692,p6-2x2,Purple,#5E43B7,25,2691,-45.0,-57.0,90.0,0,CONCEPT_NOT_FIT_VALIDATED
MON-B-02693,p6-2x1,Purple,#5E43B7,25,2692,42.0,-57.0,90.0,90,CONCEPT_NOT_FIT_VALIDATED
MON-B-02694,p6-2x2,Purple,#5E43B7,25,2693,51.0,-57.0,90.0,0,CONCEPT_NOT_FIT_VALIDATED
MON-B-02695,p6-1x1,Hot pink,#F5547C,25,2694,-66.0,-54.0,90.0,0,CONCEPT_NOT_FIT_VALIDATED
MON-B-02696,p6-1x1,Purple,#5E43B7,25,2695,-60.0,-54.0,90.0,0,CONCEPT_NOT_FIT_VALIDATED
MON-B-02697,p6-2x1,Hot pink,#F5547C,25,2696,63.0,-54.0,90.0,0,CONCEPT_NOT_FIT_VALIDATED
MON-B-02698,p6-2x1,Hot pink,#F5547C,25,2697,-72.0,-45.0,90.0,90,CONCEPT_NOT_FIT_VALIDATED
MON-B-02699,p6-4x1,Purple,#5E43B7,25,2698,-66.0,-39.0,90.0,90,CONCEPT_NOT_FIT_VALIDATED
MON-B-02700,p6-4x2,Purple,#5E43B7,25,2699,-57.0,-39.0,90.0,90,CONCEPT_NOT_FIT_VALIDATED
MON-B-02701,p6-4x2,Purple,#5E43B7,25,2700,-45.0,-39.0,90.0,90,CONCEPT_NOT_FIT_VALIDATED
MON-B-02702,p6-4x2,Purple,#5E43B7,25,2701,-33.0,-39.0,90.0,90,CONCEPT_NOT_FIT_VALIDATED
MON-B-02703,p6-4x2,Purple,#5E43B7,25,2702,-21.0,-39.0,90.0,90,CONCEPT_NOT_FIT_VALIDATED
MON-B-02704,p6-4x2,Purple,#5E43B7,25,2703,-9.0,-39.0,90.0,90,CONCEPT_NOT_FIT_VALIDATED
MON-B-02705,p6-4x2,Purple,#5E43B7,25,2704,3.0,-39.0,90.0,90,CONCEPT_NOT_FIT_VALIDATED
MON-B-02706,p6-4x2,Purple,#5E43B7,25,2705,15.0,-39.0,90.0,90,CONCEPT_NOT_FIT_VALIDATED
MON-B-02707,p6-4x2,Purple,#5E43B7,25,2706,27.0,-39.0,90.0,90,CONCEPT_NOT_FIT_VALIDATED
MON-B-02708,p6-4x2,Purple,#5E43B7,25,2707,39.0,-39.0,90.0,90,CONCEPT_NOT_FIT_VALIDATED
MON-B-02709,p6-4x2,Purple,#5E43B7,25,2708,51.0,-39.0,90.0,90,CONCEPT_NOT_FIT_VALIDATED
MON-B-02710,p6-4x2,Purple,#5E43B7,25,2709,63.0,-39.0,90.0,90,CONCEPT_NOT_FIT_VALIDATED
MON-B-02711,p6-3x1,Hot pink,#F5547C,25,2710,72.0,-42.0,90.0,90,CONCEPT_NOT_FIT_VALIDATED
MON-B-02712,p6-1x1,Hot pink,#F5547C,25,2711,-78.0,-36.0,90.0,0,CONCEPT_NOT_FIT_VALIDATED
MON-B-02713,p6-2x1,Purple,#5E43B7,25,2712,-72.0,-33.0,90.0,90,CONCEPT_NOT_FIT_VALIDATED
MON-B-02714,p6-1x1,Purple,#5E43B7,25,2713,-78.0,-30.0,90.0,0,CONCEPT_NOT_FIT_VALIDATED
MON-B-02715,p6-1x1,Purple,#5E43B7,25,2714,72.0,-30.0,90.0,0,CONCEPT_NOT_FIT_VALIDATED
MON-B-02716,p6-1x1,Hot pink,#F5547C,25,2715,78.0,-30.0,90.0,0,CONCEPT_NOT_FIT_VALIDATED
MON-B-02717,p6-4x1,Purple,#5E43B7,25,2716,-78.0,-15.0,90.0,90,CONCEPT_NOT_FIT_VALIDATED
MON-B-02718,p6-4x2,Purple,#5E43B7,25,2717,-69.0,-15.0,90.0,90,CONCEPT_NOT_FIT_VALIDATED
MON-B-02719,p6-4x2,Purple,#5E43B7,25,2718,-57.0,-15.0,90.0,90,CONCEPT_NOT_FIT_VALIDATED
MON-B-02720,p6-4x2,Purple,#5E43B7,25,2719,-45.0,-15.0,90.0,90,CONCEPT_NOT_FIT_VALIDATED
MON-B-02721,p6-4x2,Purple,#5E43B7,25,2720,-33.0,-15.0,90.0,90,CONCEPT_NOT_FIT_VALIDATED
MON-B-02722,p6-4x2,Purple,#5E43B7,25,2721,-21.0,-15.0,90.0,90,CONCEPT_NOT_FIT_VALIDATED
MON-B-02723,p6-4x2,Purple,#5E43B7,25,2722,-9.0,-15.0,90.0,90,CONCEPT_NOT_FIT_VALIDATED
MON-B-02724,p6-4x2,Purple,#5E43B7,25,2723,3.0,-15.0,90.0,90,CONCEPT_NOT_FIT_VALIDATED
MON-B-02725,p6-4x2,Purple,#5E43B7,25,2724,15.0,-15.0,90.0,90,CONCEPT_NOT_FIT_VALIDATED
MON-B-02726,p6-4x2,Purple,#5E43B7,25,2725,27.0,-15.0,90.0,90,CONCEPT_NOT_FIT_VALIDATED
MON-B-02727,p6-4x2,Purple,#5E43B7,25,2726,39.0,-15.0,90.0,90,CONCEPT_NOT_FIT_VALIDATED
MON-B-02728,p6-4x2,Purple,#5E43B7,25,2727,51.0,-15.0,90.0,90,CONCEPT_NOT_FIT_VALIDATED
MON-B-02729,p6-4x2,Purple,#5E43B7,25,2728,63.0,-15.0,90.0,90,CONCEPT_NOT_FIT_VALIDATED
MON-B-02730,p6-4x2,Purple,#5E43B7,25,2729,75.0,-15.0,90.0,90,CONCEPT_NOT_FIT_VALIDATED
MON-B-02731,p6-3x1,Purple,#5E43B7,25,2730,-84.0,-12.0,90.0,90,CONCEPT_NOT_FIT_VALIDATED
MON-B-02732,p6-3x1,Purple,#5E43B7,25,2731,84.0,-12.0,90.0,90,CONCEPT_NOT_FIT_VALIDATED
MON-B-02733,p6-3x1,Purple,#5E43B7,25,2732,-90.0,6.0,90.0,90,CONCEPT_NOT_FIT_VALIDATED
MON-B-02734,p6-4x2,Purple,#5E43B7,25,2733,-81.0,9.0,90.0,90,CONCEPT_NOT_FIT_VALIDATED
MON-B-02735,p6-4x2,Purple,#5E43B7,25,2734,-69.0,9.0,90.0,90,CONCEPT_NOT_FIT_VALIDATED
MON-B-02736,p6-4x2,Purple,#5E43B7,25,2735,-57.0,9.0,90.0,90,CONCEPT_NOT_FIT_VALIDATED
MON-B-02737,p6-4x2,Purple,#5E43B7,25,2736,-45.0,9.0,90.0,90,CONCEPT_NOT_FIT_VALIDATED
MON-B-02738,p6-4x2,Purple,#5E43B7,25,2737,-33.0,9.0,90.0,90,CONCEPT_NOT_FIT_VALIDATED
MON-B-02739,p6-4x2,Purple,#5E43B7,25,2738,-21.0,9.0,90.0,90,CONCEPT_NOT_FIT_VALIDATED
MON-B-02740,p6-4x2,Purple,#5E43B7,25,2739,-9.0,9.0,90.0,90,CONCEPT_NOT_FIT_VALIDATED
MON-B-02741,p6-4x2,Purple,#5E43B7,25,2740,3.0,9.0,90.0,90,CONCEPT_NOT_FIT_VALIDATED
MON-B-02742,p6-4x2,Purple,#5E43B7,25,2741,15.0,9.0,90.0,90,CONCEPT_NOT_FIT_VALIDATED
MON-B-02743,p6-4x2,Purple,#5E43B7,25,2742,27.0,9.0,90.0,90,CONCEPT_NOT_FIT_VALIDATED
MON-B-02744,p6-4x2,Purple,#5E43B7,25,2743,39.0,9.0,90.0,90,CONCEPT_NOT_FIT_VALIDATED
MON-B-02745,p6-4x2,Purple,#5E43B7,25,2744,51.0,9.0,90.0,90,CONCEPT_NOT_FIT_VALIDATED
MON-B-02746,p6-4x2,Purple,#5E43B7,25,2745,63.0,9.0,90.0,90,CONCEPT_NOT_FIT_VALIDATED
MON-B-02747,p6-4x2,Purple,#5E43B7,25,2746,75.0,9.0,90.0,90,CONCEPT_NOT_FIT_VALIDATED
MON-B-02748,p6-4x1,Purple,#5E43B7,25,2747,84.0,9.0,90.0,90,CONCEPT_NOT_FIT_VALIDATED
MON-B-02749,p6-3x2,Purple,#5E43B7,25,2748,-81.0,30.0,90.0,90,CONCEPT_NOT_FIT_VALIDATED
MON-B-02750,p6-4x2,Purple,#5E43B7,25,2749,-69.0,33.0,90.0,90,CONCEPT_NOT_FIT_VALIDATED
MON-B-02751,p6-4x2,Purple,#5E43B7,25,2750,-57.0,33.0,90.0,90,CONCEPT_NOT_FIT_VALIDATED
MON-B-02752,p6-4x2,Purple,#5E43B7,25,2751,-45.0,33.0,90.0,90,CONCEPT_NOT_FIT_VALIDATED
MON-B-02753,p6-4x2,Purple,#5E43B7,25,2752,-33.0,33.0,90.0,90,CONCEPT_NOT_FIT_VALIDATED
MON-B-02754,p6-4x2,Purple,#5E43B7,25,2753,-21.0,33.0,90.0,90,CONCEPT_NOT_FIT_VALIDATED
MON-B-02755,p6-4x2,Purple,#5E43B7,25,2754,-9.0,33.0,90.0,90,CONCEPT_NOT_FIT_VALIDATED
MON-B-02756,p6-4x2,Purple,#5E43B7,25,2755,3.0,33.0,90.0,90,CONCEPT_NOT_FIT_VALIDATED
MON-B-02757,p6-4x2,Purple,#5E43B7,25,2756,15.0,33.0,90.0,90,CONCEPT_NOT_FIT_VALIDATED
MON-B-02758,p6-4x2,Purple,#5E43B7,25,2757,27.0,33.0,90.0,90,CONCEPT_NOT_FIT_VALIDATED
MON-B-02759,p6-4x2,Purple,#5E43B7,25,2758,39.0,33.0,90.0,90,CONCEPT_NOT_FIT_VALIDATED
MON-B-02760,p6-4x2,Purple,#5E43B7,25,2759,51.0,33.0,90.0,90,CONCEPT_NOT_FIT_VALIDATED
MON-B-02761,p6-4x2,Purple,#5E43B7,25,2760,63.0,33.0,90.0,90,CONCEPT_NOT_FIT_VALIDATED
MON-B-02762,p6-4x2,Purple,#5E43B7,25,2761,75.0,33.0,90.0,90,CONCEPT_NOT_FIT_VALIDATED
MON-B-02763,p6-3x1,Purple,#5E43B7,25,2762,84.0,30.0,90.0,90,CONCEPT_NOT_FIT_VALIDATED
MON-B-02764,p6-1x1,Purple,#5E43B7,25,2763,-78.0,42.0,90.0,0,CONCEPT_NOT_FIT_VALIDATED
MON-B-02765,p6-1x1,Purple,#5E43B7,25,2764,-78.0,48.0,90.0,0,CONCEPT_NOT_FIT_VALIDATED
MON-B-02766,p6-2x2,Purple,#5E43B7,25,2765,-69.0,51.0,90.0,0,CONCEPT_NOT_FIT_VALIDATED
MON-B-02767,p6-4x2,Purple,#5E43B7,25,2766,-57.0,57.0,90.0,90,CONCEPT_NOT_FIT_VALIDATED
MON-B-02768,p6-4x2,Purple,#5E43B7,25,2767,-45.0,57.0,90.0,90,CONCEPT_NOT_FIT_VALIDATED
MON-B-02769,p6-4x2,Purple,#5E43B7,25,2768,-33.0,57.0,90.0,90,CONCEPT_NOT_FIT_VALIDATED
MON-B-02770,p6-4x2,Purple,#5E43B7,25,2769,-21.0,57.0,90.0,90,CONCEPT_NOT_FIT_VALIDATED
MON-B-02771,p6-4x2,Purple,#5E43B7,25,2770,-9.0,57.0,90.0,90,CONCEPT_NOT_FIT_VALIDATED
MON-B-02772,p6-4x2,Purple,#5E43B7,25,2771,3.0,57.0,90.0,90,CONCEPT_NOT_FIT_VALIDATED
MON-B-02773,p6-4x2,Purple,#5E43B7,25,2772,15.0,57.0,90.0,90,CONCEPT_NOT_FIT_VALIDATED
MON-B-02774,p6-4x2,Purple,#5E43B7,25,2773,27.0,57.0,90.0,90,CONCEPT_NOT_FIT_VALIDATED
MON-B-02775,p6-4x2,Purple,#5E43B7,25,2774,39.0,57.0,90.0,90,CONCEPT_NOT_FIT_VALIDATED
MON-B-02776,p6-4x2,Purple,#5E43B7,25,2775,51.0,57.0,90.0,90,CONCEPT_NOT_FIT_VALIDATED
MON-B-02777,p6-3x2,Purple,#5E43B7,25,2776,63.0,54.0,90.0,90,CONCEPT_NOT_FIT_VALIDATED
MON-B-02778,p6-2x1,Purple,#5E43B7,25,2777,72.0,51.0,90.0,90,CONCEPT_NOT_FIT_VALIDATED
MON-B-02779,p6-1x1,Purple,#5E43B7,25,2778,78.0,48.0,90.0,0,CONCEPT_NOT_FIT_VALIDATED
MON-B-02780,p6-1x1,Purple,#5E43B7,25,2779,-66.0,60.0,90.0,0,CONCEPT_NOT_FIT_VALIDATED
MON-B-02781,p6-1x1,Purple,#5E43B7,25,2780,60.0,66.0,90.0,0,CONCEPT_NOT_FIT_VALIDATED
MON-B-02782,p6-1x1,Purple,#5E43B7,25,2781,-54.0,72.0,90.0,0,CONCEPT_NOT_FIT_VALIDATED
MON-B-02783,p6-2x1,Purple,#5E43B7,25,2782,-45.0,72.0,90.0,0,CONCEPT_NOT_FIT_VALIDATED
MON-B-02784,p6-2x2,Purple,#5E43B7,25,2783,-33.0,75.0,90.0,0,CONCEPT_NOT_FIT_VALIDATED
MON-B-02785,p6-3x2,Purple,#5E43B7,25,2784,-21.0,78.0,90.0,90,CONCEPT_NOT_FIT_VALIDATED
MON-B-02786,p6-3x2,Purple,#5E43B7,25,2785,-9.0,78.0,90.0,90,CONCEPT_NOT_FIT_VALIDATED
MON-B-02787,p6-3x2,Purple,#5E43B7,25,2786,3.0,78.0,90.0,90,CONCEPT_NOT_FIT_VALIDATED
MON-B-02788,p6-3x2,Purple,#5E43B7,25,2787,15.0,78.0,90.0,90,CONCEPT_NOT_FIT_VALIDATED
MON-B-02789,p6-2x2,Purple,#5E43B7,25,2788,27.0,75.0,90.0,0,CONCEPT_NOT_FIT_VALIDATED
MON-B-02790,p6-2x2,Purple,#5E43B7,25,2789,39.0,75.0,90.0,0,CONCEPT_NOT_FIT_VALIDATED
MON-B-02791,p6-2x1,Purple,#5E43B7,25,2790,51.0,72.0,90.0,0,CONCEPT_NOT_FIT_VALIDATED
MON-B-02792,p6-1x1,Purple,#5E43B7,25,2791,-42.0,78.0,90.0,0,CONCEPT_NOT_FIT_VALIDATED
MON-B-02793,p6-1x1,Purple,#5E43B7,25,2792,24.0,84.0,90.0,0,CONCEPT_NOT_FIT_VALIDATED
MON-B-02794,p6-2x1,Purple,#5E43B7,26,2793,-84.0,-15.0,93.6,90,CONCEPT_NOT_FIT_VALIDATED
MON-B-02795,p6-2x1,Purple,#5E43B7,26,2794,-84.0,-3.0,93.6,90,CONCEPT_NOT_FIT_VALIDATED
MON-B-02796,p6-2x1,Purple,#5E43B7,26,2795,-84.0,9.0,93.6,90,CONCEPT_NOT_FIT_VALIDATED
MON-B-02797,p6-2x1,Purple,#5E43B7,26,2796,-84.0,21.0,93.6,90,CONCEPT_NOT_FIT_VALIDATED
MON-B-02798,p6-2x1,Purple,#5E43B7,26,2797,-84.0,33.0,93.6,90,CONCEPT_NOT_FIT_VALIDATED
MON-B-02799,p6-1x1,Hot pink,#F5547C,26,2798,-78.0,-36.0,93.6,0,CONCEPT_NOT_FIT_VALIDATED
MON-B-02800,p6-4x2,Purple,#5E43B7,26,2799,-69.0,-27.0,93.6,0,CONCEPT_NOT_FIT_VALIDATED
MON-B-02801,p6-4x2,Purple,#5E43B7,26,2800,-69.0,-15.0,93.6,0,CONCEPT_NOT_FIT_VALIDATED
MON-B-02802,p6-4x2,Purple,#5E43B7,26,2801,-69.0,-3.0,93.6,0,CONCEPT_NOT_FIT_VALIDATED
MON-B-02803,p6-4x2,Purple,#5E43B7,26,2802,-69.0,9.0,93.6,0,CONCEPT_NOT_FIT_VALIDATED
MON-B-02804,p6-4x2,Purple,#5E43B7,26,2803,-69.0,21.0,93.6,0,CONCEPT_NOT_FIT_VALIDATED
MON-B-02805,p6-4x2,Purple,#5E43B7,26,2804,-69.0,33.0,93.6,0,CONCEPT_NOT_FIT_VALIDATED
MON-B-02806,p6-4x2,Purple,#5E43B7,26,2805,-69.0,45.0,93.6,0,CONCEPT_NOT_FIT_VALIDATED
MON-B-02807,p6-1x1,Hot pink,#F5547C,26,2806,-72.0,-48.0,93.6,0,CONCEPT_NOT_FIT_VALIDATED
MON-B-02808,p6-1x1,Hot pink,#F5547C,26,2807,-72.0,-42.0,93.6,0,CONCEPT_NOT_FIT_VALIDATED
MON-B-02809,p6-3x1,Purple,#5E43B7,26,2808,-66.0,-36.0,93.6,0,CONCEPT_NOT_FIT_VALIDATED
MON-B-02810,p6-3x1,Purple,#5E43B7,26,2809,-66.0,54.0,93.6,0,CONCEPT_NOT_FIT_VALIDATED
MON-B-02811,p6-1x1,Hot pink,#F5547C,26,2810,-66.0,-54.0,93.6,0,CONCEPT_NOT_FIT_VALIDATED
MON-B-02812,p6-2x1,Purple,#5E43B7,26,2811,-63.0,-48.0,93.6,0,CONCEPT_NOT_FIT_VALIDATED
MON-B-02813,p6-2x1,Purple,#5E43B7,26,2812,-63.0,-42.0,93.6,0,CONCEPT_NOT_FIT_VALIDATED
MON-B-02814,p6-2x1,Purple,#5E43B7,26,2813,-63.0,60.0,93.6,0,CONCEPT_NOT_FIT_VALIDATED
MON-B-02816,p6-1x1,Purple,#5E43B7,26,2814,-60.0,-54.0,93.6,0,CONCEPT_NOT_FIT_VALIDATED
MON-B-02817,p6-1x1,Purple,#5E43B7,26,2815,-60.0,66.0,93.6,0,CONCEPT_NOT_FIT_VALIDATED
MON-B-02818,p6-1x1,Hot pink,#F5547C,26,2816,-54.0,-60.0,93.6,0,CONCEPT_NOT_FIT_VALIDATED
MON-B-02819,p6-4x2,Purple,#5E43B7,26,2817,-45.0,-51.0,93.6,0,CONCEPT_NOT_FIT_VALIDATED
MON-B-02820,p6-4x2,Purple,#5E43B7,26,2818,-45.0,-39.0,93.6,0,CONCEPT_NOT_FIT_VALIDATED
MON-B-02821,p6-4x2,Purple,#5E43B7,26,2819,-45.0,-27.0,93.6,0,CONCEPT_NOT_FIT_VALIDATED
MON-B-02822,p6-4x2,Purple,#5E43B7,26,2820,-45.0,-15.0,93.6,0,CONCEPT_NOT_FIT_VALIDATED
MON-B-02823,p6-4x2,Purple,#5E43B7,26,2821,-45.0,-3.0,93.6,0,CONCEPT_NOT_FIT_VALIDATED
MON-B-02824,p6-4x2,Purple,#5E43B7,26,2822,-45.0,9.0,93.6,0,CONCEPT_NOT_FIT_VALIDATED
MON-B-02825,p6-4x2,Purple,#5E43B7,26,2823,-45.0,21.0,93.6,0,CONCEPT_NOT_FIT_VALIDATED
MON-B-02826,p6-4x2,Purple,#5E43B7,26,2824,-45.0,33.0,93.6,0,CONCEPT_NOT_FIT_VALIDATED
MON-B-02827,p6-4x2,Purple,#5E43B7,26,2825,-45.0,45.0,93.6,0,CONCEPT_NOT_FIT_VALIDATED
MON-B-02828,p6-4x2,Purple,#5E43B7,26,2826,-45.0,57.0,93.6,0,CONCEPT_NOT_FIT_VALIDATED
MON-B-02829,p6-4x2,Purple,#5E43B7,26,2827,-45.0,69.0,93.6,0,CONCEPT_NOT_FIT_VALIDATED
MON-B-02830,p6-2x1,Jade white,#FFFFFF,26,2828,-45.0,-66.0,93.6,0,CONCEPT_NOT_FIT_VALIDATED
MON-B-02831,p6-3x1,Purple,#5E43B7,26,2829,-42.0,-60.0,93.6,0,CONCEPT_NOT_FIT_VALIDATED
MON-B-02832,p6-2x1,Purple,#5E43B7,26,2830,-39.0,78.0,93.6,0,CONCEPT_NOT_FIT_VALIDATED
MON-B-02833,p6-1x1,Jade white,#FFFFFF,26,2831,-36.0,-72.0,93.6,0,CONCEPT_NOT_FIT_VALIDATED
MON-B-02834,p6-1x1,Purple,#5E43B7,26,2832,-36.0,-66.0,93.6,0,CONCEPT_NOT_FIT_VALIDATED
MON-B-02835,p6-1x1,Jade white,#FFFFFF,26,2833,-30.0,-72.0,93.6,0,CONCEPT_NOT_FIT_VALIDATED
MON-B-02836,p6-4x2,Purple,#5E43B7,26,2834,-21.0,-63.0,93.6,0,CONCEPT_NOT_FIT_VALIDATED
MON-B-02837,p6-4x2,Purple,#5E43B7,26,2835,-21.0,-51.0,93.6,0,CONCEPT_NOT_FIT_VALIDATED
MON-B-02838,p6-4x2,Purple,#5E43B7,26,2836,-21.0,-39.0,93.6,0,CONCEPT_NOT_FIT_VALIDATED
MON-B-02839,p6-4x2,Purple,#5E43B7,26,2837,-21.0,-27.0,93.6,0,CONCEPT_NOT_FIT_VALIDATED
MON-B-02840,p6-4x2,Purple,#5E43B7,26,2838,-21.0,-15.0,93.6,0,CONCEPT_NOT_FIT_VALIDATED
MON-B-02841,p6-4x2,Purple,#5E43B7,26,2839,-21.0,-3.0,93.6,0,CONCEPT_NOT_FIT_VALIDATED
MON-B-02842,p6-4x2,Purple,#5E43B7,26,2840,-21.0,9.0,93.6,0,CONCEPT_NOT_FIT_VALIDATED
MON-B-02843,p6-4x2,Purple,#5E43B7,26,2841,-21.0,21.0,93.6,0,CONCEPT_NOT_FIT_VALIDATED
MON-B-02844,p6-4x2,Purple,#5E43B7,26,2842,-21.0,33.0,93.6,0,CONCEPT_NOT_FIT_VALIDATED
MON-B-02845,p6-4x2,Purple,#5E43B7,26,2843,-21.0,45.0,93.6,0,CONCEPT_NOT_FIT_VALIDATED
MON-B-02846,p6-4x2,Purple,#5E43B7,26,2844,-21.0,57.0,93.6,0,CONCEPT_NOT_FIT_VALIDATED
MON-B-02847,p6-4x2,Purple,#5E43B7,26,2845,-21.0,69.0,93.6,0,CONCEPT_NOT_FIT_VALIDATED
MON-B-02848,p6-4x1,Purple,#5E43B7,26,2846,-21.0,78.0,93.6,0,CONCEPT_NOT_FIT_VALIDATED
MON-B-02849,p6-2x1,Hot pink,#F5547C,26,2847,-21.0,-72.0,93.6,0,CONCEPT_NOT_FIT_VALIDATED
MON-B-02850,p6-3x1,Purple,#5E43B7,26,2848,-18.0,84.0,93.6,0,CONCEPT_NOT_FIT_VALIDATED
MON-B-02851,p6-1x1,Hot pink,#F5547C,26,2849,-12.0,-78.0,93.6,0,CONCEPT_NOT_FIT_VALIDATED
MON-B-02852,p6-1x1,Purple,#5E43B7,26,2850,-12.0,-72.0,93.6,0,CONCEPT_NOT_FIT_VALIDATED
MON-B-02853,p6-4x1,Hot pink,#F5547C,26,2851,3.0,-78.0,93.6,0,CONCEPT_NOT_FIT_VALIDATED
MON-B-02854,p6-4x1,Purple,#5E43B7,26,2852,3.0,-72.0,93.6,0,CONCEPT_NOT_FIT_VALIDATED
MON-B-02855,p6-4x2,Purple,#5E43B7,26,2853,3.0,-63.0,93.6,0,CONCEPT_NOT_FIT_VALIDATED
MON-B-02856,p6-4x2,Purple,#5E43B7,26,2854,3.0,-51.0,93.6,0,CONCEPT_NOT_FIT_VALIDATED
MON-B-02857,p6-4x2,Purple,#5E43B7,26,2855,3.0,-39.0,93.6,0,CONCEPT_NOT_FIT_VALIDATED
MON-B-02858,p6-4x2,Purple,#5E43B7,26,2856,3.0,-27.0,93.6,0,CONCEPT_NOT_FIT_VALIDATED
MON-B-02859,p6-4x2,Purple,#5E43B7,26,2857,3.0,-15.0,93.6,0,CONCEPT_NOT_FIT_VALIDATED
MON-B-02860,p6-4x2,Purple,#5E43B7,26,2858,3.0,-3.0,93.6,0,CONCEPT_NOT_FIT_VALIDATED
MON-B-02861,p6-4x2,Purple,#5E43B7,26,2859,3.0,9.0,93.6,0,CONCEPT_NOT_FIT_VALIDATED
MON-B-02862,p6-4x2,Purple,#5E43B7,26,2860,3.0,21.0,93.6,0,CONCEPT_NOT_FIT_VALIDATED
MON-B-02863,p6-4x2,Purple,#5E43B7,26,2861,3.0,33.0,93.6,0,CONCEPT_NOT_FIT_VALIDATED
MON-B-02864,p6-4x2,Purple,#5E43B7,26,2862,3.0,45.0,93.6,0,CONCEPT_NOT_FIT_VALIDATED
MON-B-02865,p6-4x2,Purple,#5E43B7,26,2863,3.0,57.0,93.6,0,CONCEPT_NOT_FIT_VALIDATED
MON-B-02866,p6-4x2,Purple,#5E43B7,26,2864,3.0,69.0,93.6,0,CONCEPT_NOT_FIT_VALIDATED
MON-B-02867,p6-4x2,Purple,#5E43B7,26,2865,3.0,81.0,93.6,0,CONCEPT_NOT_FIT_VALIDATED
MON-B-02868,p6-2x1,Hot pink,#F5547C,26,2866,21.0,-72.0,93.6,0,CONCEPT_NOT_FIT_VALIDATED
MON-B-02869,p6-3x2,Purple,#5E43B7,26,2867,24.0,-63.0,93.6,0,CONCEPT_NOT_FIT_VALIDATED
MON-B-02870,p6-4x2,Purple,#5E43B7,26,2868,27.0,-51.0,93.6,0,CONCEPT_NOT_FIT_VALIDATED
MON-B-02871,p6-4x2,Purple,#5E43B7,26,2869,27.0,-39.0,93.6,0,CONCEPT_NOT_FIT_VALIDATED
MON-B-02872,p6-4x2,Purple,#5E43B7,26,2870,27.0,-27.0,93.6,0,CONCEPT_NOT_FIT_VALIDATED
MON-B-02873,p6-4x2,Purple,#5E43B7,26,2871,27.0,-15.0,93.6,0,CONCEPT_NOT_FIT_VALIDATED
MON-B-02874,p6-4x2,Purple,#5E43B7,26,2872,27.0,-3.0,93.6,0,CONCEPT_NOT_FIT_VALIDATED
MON-B-02875,p6-4x2,Purple,#5E43B7,26,2873,27.0,9.0,93.6,0,CONCEPT_NOT_FIT_VALIDATED
MON-B-02876,p6-4x2,Purple,#5E43B7,26,2874,27.0,21.0,93.6,0,CONCEPT_NOT_FIT_VALIDATED
MON-B-02877,p6-4x2,Purple,#5E43B7,26,2875,27.0,33.0,93.6,0,CONCEPT_NOT_FIT_VALIDATED
MON-B-02878,p6-4x2,Purple,#5E43B7,26,2876,27.0,45.0,93.6,0,CONCEPT_NOT_FIT_VALIDATED
MON-B-02879,p6-4x2,Purple,#5E43B7,26,2877,27.0,57.0,93.6,0,CONCEPT_NOT_FIT_VALIDATED
MON-B-02880,p6-4x2,Purple,#5E43B7,26,2878,27.0,69.0,93.6,0,CONCEPT_NOT_FIT_VALIDATED
MON-B-02881,p6-4x1,Purple,#5E43B7,26,2879,27.0,78.0,93.6,0,CONCEPT_NOT_FIT_VALIDATED
MON-B-02882,p6-2x1,Purple,#5E43B7,26,2880,21.0,84.0,93.6,0,CONCEPT_NOT_FIT_VALIDATED
MON-B-02883,p6-1x1,Jade white,#FFFFFF,26,2881,30.0,-72.0,93.6,0,CONCEPT_NOT_FIT_VALIDATED
MON-B-02884,p6-1x1,Jade white,#FFFFFF,26,2882,36.0,-66.0,93.6,0,CONCEPT_NOT_FIT_VALIDATED
MON-B-02885,p6-1x1,Purple,#5E43B7,26,2883,36.0,-60.0,93.6,0,CONCEPT_NOT_FIT_VALIDATED
MON-B-02886,p6-2x1,Jade white,#FFFFFF,26,2884,45.0,-66.0,93.6,0,CONCEPT_NOT_FIT_VALIDATED
MON-B-02887,p6-3x1,Purple,#5E43B7,26,2885,48.0,-60.0,93.6,0,CONCEPT_NOT_FIT_VALIDATED
MON-B-02888,p6-3x2,Purple,#5E43B7,26,2886,48.0,-51.0,93.6,0,CONCEPT_NOT_FIT_VALIDATED
MON-B-02889,p6-4x2,Purple,#5E43B7,26,2887,51.0,-39.0,93.6,0,CONCEPT_NOT_FIT_VALIDATED
MON-B-02890,p6-4x2,Purple,#5E43B7,26,2888,51.0,-27.0,93.6,0,CONCEPT_NOT_FIT_VALIDATED
MON-B-02891,p6-4x2,Purple,#5E43B7,26,2889,51.0,-15.0,93.6,0,CONCEPT_NOT_FIT_VALIDATED
MON-B-02892,p6-4x2,Purple,#5E43B7,26,2890,51.0,-3.0,93.6,0,CONCEPT_NOT_FIT_VALIDATED
MON-B-02893,p6-4x2,Purple,#5E43B7,26,2891,51.0,9.0,93.6,0,CONCEPT_NOT_FIT_VALIDATED
MON-B-02894,p6-4x2,Purple,#5E43B7,26,2892,51.0,21.0,93.6,0,CONCEPT_NOT_FIT_VALIDATED
MON-B-02895,p6-4x2,Purple,#5E43B7,26,2893,51.0,33.0,93.6,0,CONCEPT_NOT_FIT_VALIDATED
MON-B-02896,p6-4x2,Purple,#5E43B7,26,2894,51.0,45.0,93.6,0,CONCEPT_NOT_FIT_VALIDATED
MON-B-02897,p6-4x2,Purple,#5E43B7,26,2895,51.0,57.0,93.6,0,CONCEPT_NOT_FIT_VALIDATED
MON-B-02898,p6-3x2,Purple,#5E43B7,26,2896,48.0,69.0,93.6,0,CONCEPT_NOT_FIT_VALIDATED
MON-B-02899,p6-1x1,Purple,#5E43B7,26,2897,42.0,78.0,93.6,0,CONCEPT_NOT_FIT_VALIDATED
MON-B-02900,p6-1x1,Hot pink,#F5547C,26,2898,60.0,-54.0,93.6,0,CONCEPT_NOT_FIT_VALIDATED
MON-B-02901,p6-1x1,Purple,#5E43B7,26,2899,60.0,-48.0,93.6,0,CONCEPT_NOT_FIT_VALIDATED
MON-B-02902,p6-1x1,Purple,#5E43B7,26,2900,60.0,66.0,93.6,0,CONCEPT_NOT_FIT_VALIDATED
MON-B-02903,p6-2x1,Hot pink,#F5547C,26,2901,66.0,-51.0,93.6,90,CONCEPT_NOT_FIT_VALIDATED
MON-B-02904,p6-2x1,Purple,#5E43B7,26,2902,66.0,-39.0,93.6,90,CONCEPT_NOT_FIT_VALIDATED
MON-B-02905,p6-2x2,Purple,#5E43B7,26,2903,69.0,-27.0,93.6,0,CONCEPT_NOT_FIT_VALIDATED
MON-B-02906,p6-3x2,Purple,#5E43B7,26,2904,72.0,-15.0,93.6,0,CONCEPT_NOT_FIT_VALIDATED
MON-B-02907,p6-4x2,Purple,#5E43B7,26,2905,75.0,-3.0,93.6,0,CONCEPT_NOT_FIT_VALIDATED
MON-B-02908,p6-4x2,Purple,#5E43B7,26,2906,75.0,9.0,93.6,0,CONCEPT_NOT_FIT_VALIDATED
MON-B-02909,p6-4x2,Purple,#5E43B7,26,2907,75.0,21.0,93.6,0,CONCEPT_NOT_FIT_VALIDATED
MON-B-02910,p6-4x2,Purple,#5E43B7,26,2908,75.0,33.0,93.6,0,CONCEPT_NOT_FIT_VALIDATED
MON-B-02911,p6-3x2,Purple,#5E43B7,26,2909,72.0,45.0,93.6,0,CONCEPT_NOT_FIT_VALIDATED
MON-B-02912,p6-2x1,Purple,#5E43B7,26,2910,69.0,54.0,93.6,0,CONCEPT_NOT_FIT_VALIDATED
MON-B-02913,p6-1x1,Purple,#5E43B7,26,2911,66.0,60.0,93.6,0,CONCEPT_NOT_FIT_VALIDATED
MON-B-02914,p6-2x1,Hot pink,#F5547C,26,2912,72.0,-39.0,93.6,90,CONCEPT_NOT_FIT_VALIDATED
MON-B-02915,p6-1x1,Hot pink,#F5547C,26,2913,78.0,-30.0,93.6,0,CONCEPT_NOT_FIT_VALIDATED
MON-B-02916,p6-1x1,Purple,#5E43B7,26,2914,78.0,-24.0,93.6,0,CONCEPT_NOT_FIT_VALIDATED
MON-B-02917,p6-1x1,Purple,#5E43B7,26,2915,84.0,-12.0,93.6,0,CONCEPT_NOT_FIT_VALIDATED
MON-B-02918,p6-1x1,Hot pink,#F5547C,27,2916,-12.0,-78.0,97.2,0,CONCEPT_NOT_FIT_VALIDATED
MON-B-02919,p6-2x1,Hot pink,#F5547C,27,2917,-3.0,-78.0,97.2,0,CONCEPT_NOT_FIT_VALIDATED
MON-B-02920,p6-2x1,Hot pink,#F5547C,27,2918,9.0,-78.0,97.2,0,CONCEPT_NOT_FIT_VALIDATED
MON-B-02921,p6-1x1,Jade white,#FFFFFF,27,2919,-30.0,-72.0,97.2,0,CONCEPT_NOT_FIT_VALIDATED
MON-B-02922,p6-1x1,Hot pink,#F5547C,27,2920,-24.0,-72.0,97.2,0,CONCEPT_NOT_FIT_VALIDATED
MON-B-02923,p6-1x1,Hot pink,#F5547C,27,2921,-18.0,-72.0,97.2,0,CONCEPT_NOT_FIT_VALIDATED
MON-B-02924,p6-3x1,Purple,#5E43B7,27,2922,-12.0,-66.0,97.2,90,CONCEPT_NOT_FIT_VALIDATED
MON-B-02925,p6-3x2,Purple,#5E43B7,27,2923,-3.0,-66.0,97.2,90,CONCEPT_NOT_FIT_VALIDATED
MON-B-02926,p6-3x2,Purple,#5E43B7,27,2924,9.0,-66.0,97.2,90,CONCEPT_NOT_FIT_VALIDATED
MON-B-02927,p6-2x1,Hot pink,#F5547C,27,2925,21.0,-72.0,97.2,0,CONCEPT_NOT_FIT_VALIDATED
MON-B-02928,p6-2x1,Jade white,#FFFFFF,27,2926,-39.0,-66.0,97.2,0,CONCEPT_NOT_FIT_VALIDATED
MON-B-02929,p6-2x2,Purple,#5E43B7,27,2927,-27.0,-63.0,97.2,0,CONCEPT_NOT_FIT_VALIDATED
MON-B-02930,p6-2x1,Purple,#5E43B7,27,2928,-18.0,-63.0,97.2,90,CONCEPT_NOT_FIT_VALIDATED
MON-B-02931,p6-2x2,Purple,#5E43B7,27,2929,21.0,-63.0,97.2,0,CONCEPT_NOT_FIT_VALIDATED
MON-B-02932,p6-2x1,Jade white,#FFFFFF,27,2930,33.0,-66.0,97.2,0,CONCEPT_NOT_FIT_VALIDATED
MON-B-02933,p6-1x1,Jade white,#FFFFFF,27,2931,42.0,-66.0,97.2,0,CONCEPT_NOT_FIT_VALIDATED
MON-B-02935,p6-1x1,Hot pink,#F5547C,27,2932,-54.0,-60.0,97.2,0,CONCEPT_NOT_FIT_VALIDATED
MON-B-02936,p6-1x1,Jade white,#FFFFFF,27,2933,-48.0,-60.0,97.2,0,CONCEPT_NOT_FIT_VALIDATED
MON-B-02937,p6-2x1,Purple,#5E43B7,27,2934,-39.0,-60.0,97.2,0,CONCEPT_NOT_FIT_VALIDATED
MON-B-02938,p6-2x1,Purple,#5E43B7,27,2935,33.0,-60.0,97.2,0,CONCEPT_NOT_FIT_VALIDATED
MON-B-02939,p6-2x1,Purple,#5E43B7,27,2936,45.0,-60.0,97.2,0,CONCEPT_NOT_FIT_VALIDATED
MON-B-02940,p6-1x1,Hot pink,#F5547C,27,2937,54.0,-60.0,97.2,0,CONCEPT_NOT_FIT_VALIDATED
MON-B-02941,p6-1x1,Hot pink,#F5547C,27,2938,-66.0,-54.0,97.2,0,CONCEPT_NOT_FIT_VALIDATED
MON-B-02942,p6-4x1,Purple,#5E43B7,27,2939,-60.0,-45.0,97.2,90,CONCEPT_NOT_FIT_VALIDATED
MON-B-02943,p6-4x2,Purple,#5E43B7,27,2940,-51.0,-45.0,97.2,90,CONCEPT_NOT_FIT_VALIDATED
MON-B-02944,p6-4x2,Purple,#5E43B7,27,2941,-39.0,-45.0,97.2,90,CONCEPT_NOT_FIT_VALIDATED
MON-B-02945,p6-4x2,Purple,#5E43B7,27,2942,-27.0,-45.0,97.2,90,CONCEPT_NOT_FIT_VALIDATED
MON-B-02946,p6-4x2,Purple,#5E43B7,27,2943,-15.0,-45.0,97.2,90,CONCEPT_NOT_FIT_VALIDATED
MON-B-02947,p6-4x2,Purple,#5E43B7,27,2944,-3.0,-45.0,97.2,90,CONCEPT_NOT_FIT_VALIDATED
MON-B-02948,p6-4x2,Purple,#5E43B7,27,2945,9.0,-45.0,97.2,90,CONCEPT_NOT_FIT_VALIDATED
MON-B-02949,p6-4x2,Purple,#5E43B7,27,2946,21.0,-45.0,97.2,90,CONCEPT_NOT_FIT_VALIDATED
MON-B-02950,p6-4x2,Purple,#5E43B7,27,2947,33.0,-45.0,97.2,90,CONCEPT_NOT_FIT_VALIDATED
MON-B-02951,p6-4x2,Purple,#5E43B7,27,2948,45.0,-45.0,97.2,90,CONCEPT_NOT_FIT_VALIDATED
MON-B-02952,p6-4x1,Purple,#5E43B7,27,2949,54.0,-45.0,97.2,90,CONCEPT_NOT_FIT_VALIDATED
MON-B-02953,p6-1x1,Hot pink,#F5547C,27,2950,60.0,-54.0,97.2,0,CONCEPT_NOT_FIT_VALIDATED
MON-B-02954,p6-2x1,Hot pink,#F5547C,27,2951,66.0,-51.0,97.2,90,CONCEPT_NOT_FIT_VALIDATED
MON-B-02955,p6-3x1,Hot pink,#F5547C,27,2952,-72.0,-42.0,97.2,90,CONCEPT_NOT_FIT_VALIDATED
MON-B-02956,p6-3x1,Purple,#5E43B7,27,2953,-66.0,-42.0,97.2,90,CONCEPT_NOT_FIT_VALIDATED
MON-B-02957,p6-3x1,Purple,#5E43B7,27,2954,60.0,-42.0,97.2,90,CONCEPT_NOT_FIT_VALIDATED
MON-B-02958,p6-2x1,Purple,#5E43B7,27,2955,66.0,-39.0,97.2,90,CONCEPT_NOT_FIT_VALIDATED
MON-B-02959,p6-2x1,Hot pink,#F5547C,27,2956,72.0,-39.0,97.2,90,CONCEPT_NOT_FIT_VALIDATED
MON-B-02960,p6-4x2,Purple,#5E43B7,27,2957,-75.0,-21.0,97.2,90,CONCEPT_NOT_FIT_VALIDATED
MON-B-02961,p6-4x2,Purple,#5E43B7,27,2958,-63.0,-21.0,97.2,90,CONCEPT_NOT_FIT_VALIDATED
MON-B-02962,p6-4x2,Purple,#5E43B7,27,2959,-51.0,-21.0,97.2,90,CONCEPT_NOT_FIT_VALIDATED
MON-B-02963,p6-4x2,Purple,#5E43B7,27,2960,-39.0,-21.0,97.2,90,CONCEPT_NOT_FIT_VALIDATED
MON-B-02964,p6-4x2,Purple,#5E43B7,27,2961,-27.0,-21.0,97.2,90,CONCEPT_NOT_FIT_VALIDATED
MON-B-02965,p6-4x2,Purple,#5E43B7,27,2962,-15.0,-21.0,97.2,90,CONCEPT_NOT_FIT_VALIDATED
MON-B-02966,p6-4x2,Purple,#5E43B7,27,2963,-3.0,-21.0,97.2,90,CONCEPT_NOT_FIT_VALIDATED
MON-B-02967,p6-4x2,Purple,#5E43B7,27,2964,9.0,-21.0,97.2,90,CONCEPT_NOT_FIT_VALIDATED
MON-B-02968,p6-4x2,Purple,#5E43B7,27,2965,21.0,-21.0,97.2,90,CONCEPT_NOT_FIT_VALIDATED
MON-B-02969,p6-4x2,Purple,#5E43B7,27,2966,33.0,-21.0,97.2,90,CONCEPT_NOT_FIT_VALIDATED
MON-B-02970,p6-4x2,Purple,#5E43B7,27,2967,45.0,-21.0,97.2,90,CONCEPT_NOT_FIT_VALIDATED
MON-B-02971,p6-4x2,Purple,#5E43B7,27,2968,57.0,-21.0,97.2,90,CONCEPT_NOT_FIT_VALIDATED
MON-B-02972,p6-4x2,Purple,#5E43B7,27,2969,69.0,-21.0,97.2,90,CONCEPT_NOT_FIT_VALIDATED
MON-B-02973,p6-1x1,Hot pink,#F5547C,27,2970,78.0,-30.0,97.2,0,CONCEPT_NOT_FIT_VALIDATED
MON-B-02974,p6-3x1,Purple,#5E43B7,27,2971,78.0,-18.0,97.2,90,CONCEPT_NOT_FIT_VALIDATED
MON-B-02975,p6-2x1,Purple,#5E43B7,27,2972,-84.0,-15.0,97.2,90,CONCEPT_NOT_FIT_VALIDATED
MON-B-02976,p6-1x1,Purple,#5E43B7,27,2973,84.0,-12.0,97.2,0,CONCEPT_NOT_FIT_VALIDATED
MON-B-02977,p6-4x1,Purple,#5E43B7,27,2974,-84.0,3.0,97.2,90,CONCEPT_NOT_FIT_VALIDATED
MON-B-02978,p6-4x2,Purple,#5E43B7,27,2975,-75.0,3.0,97.2,90,CONCEPT_NOT_FIT_VALIDATED
MON-B-02979,p6-4x2,Purple,#5E43B7,27,2976,-63.0,3.0,97.2,90,CONCEPT_NOT_FIT_VALIDATED
MON-B-02980,p6-4x2,Purple,#5E43B7,27,2977,-51.0,3.0,97.2,90,CONCEPT_NOT_FIT_VALIDATED
MON-B-02981,p6-4x2,Purple,#5E43B7,27,2978,-39.0,3.0,97.2,90,CONCEPT_NOT_FIT_VALIDATED
MON-B-02982,p6-4x2,Purple,#5E43B7,27,2979,-27.0,3.0,97.2,90,CONCEPT_NOT_FIT_VALIDATED
MON-B-02983,p6-4x2,Purple,#5E43B7,27,2980,-15.0,3.0,97.2,90,CONCEPT_NOT_FIT_VALIDATED
MON-B-02984,p6-4x2,Purple,#5E43B7,27,2981,-3.0,3.0,97.2,90,CONCEPT_NOT_FIT_VALIDATED
MON-B-02985,p6-4x2,Purple,#5E43B7,27,2982,9.0,3.0,97.2,90,CONCEPT_NOT_FIT_VALIDATED
MON-B-02986,p6-4x2,Purple,#5E43B7,27,2983,21.0,3.0,97.2,90,CONCEPT_NOT_FIT_VALIDATED
MON-B-02987,p6-4x2,Purple,#5E43B7,27,2984,33.0,3.0,97.2,90,CONCEPT_NOT_FIT_VALIDATED
MON-B-02988,p6-4x2,Purple,#5E43B7,27,2985,45.0,3.0,97.2,90,CONCEPT_NOT_FIT_VALIDATED
MON-B-02989,p6-4x2,Purple,#5E43B7,27,2986,57.0,3.0,97.2,90,CONCEPT_NOT_FIT_VALIDATED
MON-B-02990,p6-4x2,Purple,#5E43B7,27,2987,69.0,3.0,97.2,90,CONCEPT_NOT_FIT_VALIDATED
MON-B-02991,p6-4x2,Purple,#5E43B7,27,2988,81.0,3.0,97.2,90,CONCEPT_NOT_FIT_VALIDATED
MON-B-02992,p6-4x1,Purple,#5E43B7,27,2989,-84.0,27.0,97.2,90,CONCEPT_NOT_FIT_VALIDATED
MON-B-02993,p6-4x2,Purple,#5E43B7,27,2990,-75.0,27.0,97.2,90,CONCEPT_NOT_FIT_VALIDATED
MON-B-02994,p6-4x2,Purple,#5E43B7,27,2991,-63.0,27.0,97.2,90,CONCEPT_NOT_FIT_VALIDATED
MON-B-02995,p6-4x2,Purple,#5E43B7,27,2992,-51.0,27.0,97.2,90,CONCEPT_NOT_FIT_VALIDATED
MON-B-02996,p6-4x2,Purple,#5E43B7,27,2993,-39.0,27.0,97.2,90,CONCEPT_NOT_FIT_VALIDATED
MON-B-02997,p6-4x2,Purple,#5E43B7,27,2994,-27.0,27.0,97.2,90,CONCEPT_NOT_FIT_VALIDATED
MON-B-02998,p6-4x2,Purple,#5E43B7,27,2995,-15.0,27.0,97.2,90,CONCEPT_NOT_FIT_VALIDATED
MON-B-02999,p6-4x2,Purple,#5E43B7,27,2996,-3.0,27.0,97.2,90,CONCEPT_NOT_FIT_VALIDATED
MON-B-03000,p6-4x2,Purple,#5E43B7,27,2997,9.0,27.0,97.2,90,CONCEPT_NOT_FIT_VALIDATED
MON-B-03001,p6-4x2,Purple,#5E43B7,27,2998,21.0,27.0,97.2,90,CONCEPT_NOT_FIT_VALIDATED
MON-B-03002,p6-4x2,Purple,#5E43B7,27,2999,33.0,27.0,97.2,90,CONCEPT_NOT_FIT_VALIDATED
MON-B-03003,p6-4x2,Purple,#5E43B7,27,3000,45.0,27.0,97.2,90,CONCEPT_NOT_FIT_VALIDATED
MON-B-03004,p6-4x2,Purple,#5E43B7,27,3001,57.0,27.0,97.2,90,CONCEPT_NOT_FIT_VALIDATED
MON-B-03005,p6-4x2,Purple,#5E43B7,27,3002,69.0,27.0,97.2,90,CONCEPT_NOT_FIT_VALIDATED
MON-B-03006,p6-3x2,Purple,#5E43B7,27,3003,81.0,24.0,97.2,90,CONCEPT_NOT_FIT_VALIDATED
MON-B-03007,p6-1x1,Purple,#5E43B7,27,3004,78.0,36.0,97.2,0,CONCEPT_NOT_FIT_VALIDATED
MON-B-03008,p6-2x2,Purple,#5E43B7,27,3005,-75.0,45.0,97.2,0,CONCEPT_NOT_FIT_VALIDATED
MON-B-03009,p6-4x2,Purple,#5E43B7,27,3006,-63.0,51.0,97.2,90,CONCEPT_NOT_FIT_VALIDATED
MON-B-03010,p6-4x2,Purple,#5E43B7,27,3007,-51.0,51.0,97.2,90,CONCEPT_NOT_FIT_VALIDATED
MON-B-03011,p6-4x2,Purple,#5E43B7,27,3008,-39.0,51.0,97.2,90,CONCEPT_NOT_FIT_VALIDATED
MON-B-03012,p6-4x2,Purple,#5E43B7,27,3009,-27.0,51.0,97.2,90,CONCEPT_NOT_FIT_VALIDATED
MON-B-03013,p6-4x2,Purple,#5E43B7,27,3010,-15.0,51.0,97.2,90,CONCEPT_NOT_FIT_VALIDATED
MON-B-03014,p6-4x2,Purple,#5E43B7,27,3011,-3.0,51.0,97.2,90,CONCEPT_NOT_FIT_VALIDATED
MON-B-03015,p6-4x2,Purple,#5E43B7,27,3012,9.0,51.0,97.2,90,CONCEPT_NOT_FIT_VALIDATED
MON-B-03016,p6-4x2,Purple,#5E43B7,27,3013,21.0,51.0,97.2,90,CONCEPT_NOT_FIT_VALIDATED
MON-B-03017,p6-4x2,Purple,#5E43B7,27,3014,33.0,51.0,97.2,90,CONCEPT_NOT_FIT_VALIDATED
MON-B-03018,p6-4x2,Purple,#5E43B7,27,3015,45.0,51.0,97.2,90,CONCEPT_NOT_FIT_VALIDATED
MON-B-03019,p6-4x2,Purple,#5E43B7,27,3016,57.0,51.0,97.2,90,CONCEPT_NOT_FIT_VALIDATED
MON-B-03020,p6-3x2,Purple,#5E43B7,27,3017,69.0,48.0,97.2,90,CONCEPT_NOT_FIT_VALIDATED
MON-B-03021,p6-1x1,Purple,#5E43B7,27,3018,78.0,42.0,97.2,0,CONCEPT_NOT_FIT_VALIDATED
MON-B-03022,p6-1x1,Purple,#5E43B7,27,3019,-72.0,54.0,97.2,0,CONCEPT_NOT_FIT_VALIDATED
MON-B-03023,p6-1x1,Purple,#5E43B7,27,3020,66.0,60.0,97.2,0,CONCEPT_NOT_FIT_VALIDATED
MON-B-03024,p6-1x1,Purple,#5E43B7,27,3021,-60.0,66.0,97.2,0,CONCEPT_NOT_FIT_VALIDATED
MON-B-03025,p6-2x2,Purple,#5E43B7,27,3022,-51.0,69.0,97.2,0,CONCEPT_NOT_FIT_VALIDATED
MON-B-03026,p6-3x2,Purple,#5E43B7,27,3023,-39.0,72.0,97.2,90,CONCEPT_NOT_FIT_VALIDATED
MON-B-03027,p6-3x2,Purple,#5E43B7,27,3024,-27.0,72.0,97.2,90,CONCEPT_NOT_FIT_VALIDATED
MON-B-03028,p6-4x2,Purple,#5E43B7,27,3025,-15.0,75.0,97.2,90,CONCEPT_NOT_FIT_VALIDATED
MON-B-03029,p6-4x2,Purple,#5E43B7,27,3026,-3.0,75.0,97.2,90,CONCEPT_NOT_FIT_VALIDATED
MON-B-03030,p6-4x2,Purple,#5E43B7,27,3027,9.0,75.0,97.2,90,CONCEPT_NOT_FIT_VALIDATED
MON-B-03031,p6-3x2,Purple,#5E43B7,27,3028,21.0,72.0,97.2,90,CONCEPT_NOT_FIT_VALIDATED
MON-B-03032,p6-3x2,Purple,#5E43B7,27,3029,33.0,72.0,97.2,90,CONCEPT_NOT_FIT_VALIDATED
MON-B-03033,p6-2x2,Purple,#5E43B7,27,3030,45.0,69.0,97.2,0,CONCEPT_NOT_FIT_VALIDATED
MON-B-03034,p6-2x1,Purple,#5E43B7,27,3031,57.0,66.0,97.2,0,CONCEPT_NOT_FIT_VALIDATED
MON-B-03035,p6-1x1,Purple,#5E43B7,27,3032,54.0,72.0,97.2,0,CONCEPT_NOT_FIT_VALIDATED
MON-B-03036,p6-1x1,Purple,#5E43B7,27,3033,42.0,78.0,97.2,0,CONCEPT_NOT_FIT_VALIDATED
MON-B-03037,p6-1x1,Purple,#5E43B7,27,3034,18.0,84.0,97.2,0,CONCEPT_NOT_FIT_VALIDATED
MON-B-03038,p6-4x1,Purple,#5E43B7,28,3035,-75.0,-18.0,100.8,0,CONCEPT_NOT_FIT_VALIDATED
MON-B-03039,p6-4x2,Purple,#5E43B7,28,3036,-75.0,-9.0,100.8,0,CONCEPT_NOT_FIT_VALIDATED
MON-B-03040,p6-4x2,Purple,#5E43B7,28,3037,-75.0,3.0,100.8,0,CONCEPT_NOT_FIT_VALIDATED
MON-B-03041,p6-4x2,Purple,#5E43B7,28,3038,-75.0,15.0,100.8,0,CONCEPT_NOT_FIT_VALIDATED
MON-B-03042,p6-4x2,Purple,#5E43B7,28,3039,-75.0,27.0,100.8,0,CONCEPT_NOT_FIT_VALIDATED
MON-B-03043,p6-4x1,Purple,#5E43B7,28,3040,-75.0,36.0,100.8,0,CONCEPT_NOT_FIT_VALIDATED
MON-B-03044,p6-3x1,Purple,#5E43B7,28,3041,-72.0,-30.0,100.8,0,CONCEPT_NOT_FIT_VALIDATED
MON-B-03045,p6-3x1,Purple,#5E43B7,28,3042,-72.0,-24.0,100.8,0,CONCEPT_NOT_FIT_VALIDATED
MON-B-03046,p6-3x1,Purple,#5E43B7,28,3043,-72.0,42.0,100.8,0,CONCEPT_NOT_FIT_VALIDATED
MON-B-03047,p6-3x1,Purple,#5E43B7,28,3044,-72.0,48.0,100.8,0,CONCEPT_NOT_FIT_VALIDATED
MON-B-03048,p6-2x1,Hot pink,#F5547C,28,3045,-72.0,-45.0,100.8,90,CONCEPT_NOT_FIT_VALIDATED
MON-B-03049,p6-1x1,Hot pink,#F5547C,28,3046,-72.0,-36.0,100.8,0,CONCEPT_NOT_FIT_VALIDATED
MON-B-03050,p6-2x1,Purple,#5E43B7,28,3047,-69.0,54.0,100.8,0,CONCEPT_NOT_FIT_VALIDATED
MON-B-03051,p6-1x1,Hot pink,#F5547C,28,3048,-66.0,-54.0,100.8,0,CONCEPT_NOT_FIT_VALIDATED
MON-B-03052,p6-2x1,Purple,#5E43B7,28,3049,-66.0,-45.0,100.8,90,CONCEPT_NOT_FIT_VALIDATED
MON-B-03053,p6-1x1,Purple,#5E43B7,28,3050,-66.0,-36.0,100.8,0,CONCEPT_NOT_FIT_VALIDATED
MON-B-03054,p6-1x1,Purple,#5E43B7,28,3051,-66.0,60.0,100.8,0,CONCEPT_NOT_FIT_VALIDATED
MON-B-03055,p6-3x1,Hot pink,#F5547C,28,3052,-54.0,-60.0,100.8,0,CONCEPT_NOT_FIT_VALIDATED
MON-B-02934,p6-1x1,Hot pink,#F5547C,27,3053,-60.0,-60.0,97.2,0,CONCEPT_NOT_FIT_VALIDATED
MON-B-02815,p6-1x1,Hot pink,#F5547C,26,3054,-60.0,-60.0,93.6,0,CONCEPT_NOT_FIT_VALIDATED
MON-B-02690,p6-1x1,Hot pink,#F5547C,25,3055,-60.0,-60.0,90.0,0,CONCEPT_NOT_FIT_VALIDATED
MON-B-03056,p6-4x1,Purple,#5E43B7,28,3056,-51.0,-54.0,100.8,0,CONCEPT_NOT_FIT_VALIDATED
MON-B-03057,p6-4x2,Purple,#5E43B7,28,3057,-51.0,-45.0,100.8,0,CONCEPT_NOT_FIT_VALIDATED
MON-B-03058,p6-4x2,Purple,#5E43B7,28,3058,-51.0,-33.0,100.8,0,CONCEPT_NOT_FIT_VALIDATED
MON-B-03059,p6-4x2,Purple,#5E43B7,28,3059,-51.0,-21.0,100.8,0,CONCEPT_NOT_FIT_VALIDATED
MON-B-03060,p6-4x2,Purple,#5E43B7,28,3060,-51.0,-9.0,100.8,0,CONCEPT_NOT_FIT_VALIDATED
MON-B-03061,p6-4x2,Purple,#5E43B7,28,3061,-51.0,3.0,100.8,0,CONCEPT_NOT_FIT_VALIDATED
MON-B-03062,p6-4x2,Purple,#5E43B7,28,3062,-51.0,15.0,100.8,0,CONCEPT_NOT_FIT_VALIDATED
MON-B-03063,p6-4x2,Purple,#5E43B7,28,3063,-51.0,27.0,100.8,0,CONCEPT_NOT_FIT_VALIDATED
MON-B-03064,p6-4x2,Purple,#5E43B7,28,3064,-51.0,39.0,100.8,0,CONCEPT_NOT_FIT_VALIDATED
MON-B-03065,p6-4x2,Purple,#5E43B7,28,3065,-51.0,51.0,100.8,0,CONCEPT_NOT_FIT_VALIDATED
MON-B-03066,p6-4x2,Purple,#5E43B7,28,3066,-51.0,63.0,100.8,0,CONCEPT_NOT_FIT_VALIDATED
MON-B-03067,p6-3x1,Purple,#5E43B7,28,3067,-48.0,72.0,100.8,0,CONCEPT_NOT_FIT_VALIDATED
MON-B-03068,p6-1x1,Purple,#5E43B7,28,3068,-42.0,-66.0,100.8,0,CONCEPT_NOT_FIT_VALIDATED
MON-B-03069,p6-1x1,Purple,#5E43B7,28,3069,-42.0,-60.0,100.8,0,CONCEPT_NOT_FIT_VALIDATED
MON-B-03070,p6-4x1,Purple,#5E43B7,28,3070,-27.0,-66.0,100.8,0,CONCEPT_NOT_FIT_VALIDATED
MON-B-03071,p6-4x2,Purple,#5E43B7,28,3071,-27.0,-57.0,100.8,0,CONCEPT_NOT_FIT_VALIDATED
MON-B-03072,p6-4x2,Purple,#5E43B7,28,3072,-27.0,-45.0,100.8,0,CONCEPT_NOT_FIT_VALIDATED
MON-B-03073,p6-4x2,Purple,#5E43B7,28,3073,-27.0,-33.0,100.8,0,CONCEPT_NOT_FIT_VALIDATED
MON-B-03074,p6-4x2,Purple,#5E43B7,28,3074,-27.0,-21.0,100.8,0,CONCEPT_NOT_FIT_VALIDATED
MON-B-03075,p6-4x2,Purple,#5E43B7,28,3075,-27.0,-9.0,100.8,0,CONCEPT_NOT_FIT_VALIDATED
MON-B-03076,p6-4x2,Purple,#5E43B7,28,3076,-27.0,3.0,100.8,0,CONCEPT_NOT_FIT_VALIDATED
MON-B-03077,p6-4x2,Purple,#5E43B7,28,3077,-27.0,15.0,100.8,0,CONCEPT_NOT_FIT_VALIDATED
MON-B-03078,p6-4x2,Purple,#5E43B7,28,3078,-27.0,27.0,100.8,0,CONCEPT_NOT_FIT_VALIDATED
MON-B-03079,p6-4x2,Purple,#5E43B7,28,3079,-27.0,39.0,100.8,0,CONCEPT_NOT_FIT_VALIDATED
MON-B-03080,p6-4x2,Purple,#5E43B7,28,3080,-27.0,51.0,100.8,0,CONCEPT_NOT_FIT_VALIDATED
MON-B-03081,p6-4x2,Purple,#5E43B7,28,3081,-27.0,63.0,100.8,0,CONCEPT_NOT_FIT_VALIDATED
MON-B-03082,p6-4x2,Purple,#5E43B7,28,3082,-27.0,75.0,100.8,0,CONCEPT_NOT_FIT_VALIDATED
MON-B-03083,p6-2x1,Hot pink,#F5547C,28,3083,-27.0,-72.0,100.8,0,CONCEPT_NOT_FIT_VALIDATED
MON-B-03085,p6-1x1,Purple,#5E43B7,28,3084,-18.0,-72.0,100.8,0,CONCEPT_NOT_FIT_VALIDATED
MON-B-03086,p6-4x1,Hot pink,#F5547C,28,3085,-3.0,-78.0,100.8,0,CONCEPT_NOT_FIT_VALIDATED
MON-B-03087,p6-4x2,Purple,#5E43B7,28,3086,-3.0,-69.0,100.8,0,CONCEPT_NOT_FIT_VALIDATED
MON-B-03088,p6-4x2,Purple,#5E43B7,28,3087,-3.0,-57.0,100.8,0,CONCEPT_NOT_FIT_VALIDATED
MON-B-03089,p6-4x2,Purple,#5E43B7,28,3088,-3.0,-45.0,100.8,0,CONCEPT_NOT_FIT_VALIDATED
MON-B-03090,p6-4x2,Purple,#5E43B7,28,3089,-3.0,-33.0,100.8,0,CONCEPT_NOT_FIT_VALIDATED
MON-B-03091,p6-4x2,Purple,#5E43B7,28,3090,-3.0,-21.0,100.8,0,CONCEPT_NOT_FIT_VALIDATED
MON-B-03092,p6-4x2,Purple,#5E43B7,28,3091,-3.0,-9.0,100.8,0,CONCEPT_NOT_FIT_VALIDATED
MON-B-03093,p6-4x2,Purple,#5E43B7,28,3092,-3.0,3.0,100.8,0,CONCEPT_NOT_FIT_VALIDATED
MON-B-03094,p6-4x2,Purple,#5E43B7,28,3093,-3.0,15.0,100.8,0,CONCEPT_NOT_FIT_VALIDATED
MON-B-03095,p6-4x2,Purple,#5E43B7,28,3094,-3.0,27.0,100.8,0,CONCEPT_NOT_FIT_VALIDATED
MON-B-03096,p6-4x2,Purple,#5E43B7,28,3095,-3.0,39.0,100.8,0,CONCEPT_NOT_FIT_VALIDATED
MON-B-03097,p6-4x2,Purple,#5E43B7,28,3096,-3.0,51.0,100.8,0,CONCEPT_NOT_FIT_VALIDATED
MON-B-03098,p6-4x2,Purple,#5E43B7,28,3097,-3.0,63.0,100.8,0,CONCEPT_NOT_FIT_VALIDATED
MON-B-03099,p6-4x2,Purple,#5E43B7,28,3098,-3.0,75.0,100.8,0,CONCEPT_NOT_FIT_VALIDATED
MON-B-03100,p6-4x1,Purple,#5E43B7,28,3099,-3.0,84.0,100.8,0,CONCEPT_NOT_FIT_VALIDATED
MON-B-03101,p6-2x1,Hot pink,#F5547C,28,3100,15.0,-78.0,100.8,0,CONCEPT_NOT_FIT_VALIDATED
MON-B-03102,p6-2x2,Purple,#5E43B7,28,3101,15.0,-69.0,100.8,0,CONCEPT_NOT_FIT_VALIDATED
MON-B-03103,p6-4x2,Purple,#5E43B7,28,3102,21.0,-57.0,100.8,0,CONCEPT_NOT_FIT_VALIDATED
MON-B-03104,p6-4x2,Purple,#5E43B7,28,3103,21.0,-45.0,100.8,0,CONCEPT_NOT_FIT_VALIDATED
MON-B-03105,p6-4x2,Purple,#5E43B7,28,3104,21.0,-33.0,100.8,0,CONCEPT_NOT_FIT_VALIDATED
MON-B-03106,p6-4x2,Purple,#5E43B7,28,3105,21.0,-21.0,100.8,0,CONCEPT_NOT_FIT_VALIDATED
MON-B-03107,p6-4x2,Purple,#5E43B7,28,3106,21.0,-9.0,100.8,0,CONCEPT_NOT_FIT_VALIDATED
MON-B-03108,p6-4x2,Purple,#5E43B7,28,3107,21.0,3.0,100.8,0,CONCEPT_NOT_FIT_VALIDATED
MON-B-03109,p6-4x2,Purple,#5E43B7,28,3108,21.0,15.0,100.8,0,CONCEPT_NOT_FIT_VALIDATED
MON-B-03110,p6-4x2,Purple,#5E43B7,28,3109,21.0,27.0,100.8,0,CONCEPT_NOT_FIT_VALIDATED
MON-B-03111,p6-4x2,Purple,#5E43B7,28,3110,21.0,39.0,100.8,0,CONCEPT_NOT_FIT_VALIDATED
MON-B-03112,p6-4x2,Purple,#5E43B7,28,3111,21.0,51.0,100.8,0,CONCEPT_NOT_FIT_VALIDATED
MON-B-03113,p6-4x2,Purple,#5E43B7,28,3112,21.0,63.0,100.8,0,CONCEPT_NOT_FIT_VALIDATED
MON-B-03114,p6-4x2,Purple,#5E43B7,28,3113,21.0,75.0,100.8,0,CONCEPT_NOT_FIT_VALIDATED
MON-B-03115,p6-1x1,Purple,#5E43B7,28,3114,12.0,84.0,100.8,0,CONCEPT_NOT_FIT_VALIDATED
MON-B-03116,p6-2x1,Hot pink,#F5547C,28,3115,27.0,-72.0,100.8,0,CONCEPT_NOT_FIT_VALIDATED
MON-B-03117,p6-2x1,Purple,#5E43B7,28,3116,27.0,-66.0,100.8,0,CONCEPT_NOT_FIT_VALIDATED
MON-B-03118,p6-1x1,Purple,#5E43B7,28,3117,36.0,-66.0,100.8,0,CONCEPT_NOT_FIT_VALIDATED
MON-B-03119,p6-2x2,Purple,#5E43B7,28,3118,39.0,-57.0,100.8,0,CONCEPT_NOT_FIT_VALIDATED
MON-B-03120,p6-4x2,Purple,#5E43B7,28,3119,45.0,-45.0,100.8,0,CONCEPT_NOT_FIT_VALIDATED
MON-B-03121,p6-4x2,Purple,#5E43B7,28,3120,45.0,-33.0,100.8,0,CONCEPT_NOT_FIT_VALIDATED
MON-B-03122,p6-4x2,Purple,#5E43B7,28,3121,45.0,-21.0,100.8,0,CONCEPT_NOT_FIT_VALIDATED
MON-B-03123,p6-4x2,Purple,#5E43B7,28,3122,45.0,-9.0,100.8,0,CONCEPT_NOT_FIT_VALIDATED
MON-B-03124,p6-4x2,Purple,#5E43B7,28,3123,45.0,3.0,100.8,0,CONCEPT_NOT_FIT_VALIDATED
MON-B-03125,p6-4x2,Purple,#5E43B7,28,3124,45.0,15.0,100.8,0,CONCEPT_NOT_FIT_VALIDATED
MON-B-03126,p6-4x2,Purple,#5E43B7,28,3125,45.0,27.0,100.8,0,CONCEPT_NOT_FIT_VALIDATED
MON-B-03127,p6-4x2,Purple,#5E43B7,28,3126,45.0,39.0,100.8,0,CONCEPT_NOT_FIT_VALIDATED
MON-B-03128,p6-4x2,Purple,#5E43B7,28,3127,45.0,51.0,100.8,0,CONCEPT_NOT_FIT_VALIDATED
MON-B-03129,p6-4x2,Purple,#5E43B7,28,3128,45.0,63.0,100.8,0,CONCEPT_NOT_FIT_VALIDATED
MON-B-03130,p6-3x1,Purple,#5E43B7,28,3129,42.0,72.0,100.8,0,CONCEPT_NOT_FIT_VALIDATED
MON-B-03131,p6-1x1,Purple,#5E43B7,28,3130,36.0,78.0,100.8,0,CONCEPT_NOT_FIT_VALIDATED
MON-B-03132,p6-1x1,Jade white,#FFFFFF,28,3131,42.0,-66.0,100.8,0,CONCEPT_NOT_FIT_VALIDATED
MON-B-03133,p6-2x1,Hot pink,#F5547C,28,3132,51.0,-60.0,100.8,0,CONCEPT_NOT_FIT_VALIDATED
MON-B-03134,p6-2x1,Purple,#5E43B7,28,3133,51.0,-54.0,100.8,0,CONCEPT_NOT_FIT_VALIDATED
MON-B-03135,p6-2x1,Hot pink,#F5547C,28,3134,63.0,-54.0,100.8,0,CONCEPT_NOT_FIT_VALIDATED
MON-B-03136,p6-2x1,Purple,#5E43B7,28,3135,60.0,-45.0,100.8,90,CONCEPT_NOT_FIT_VALIDATED
MON-B-03137,p6-2x2,Purple,#5E43B7,28,3136,63.0,-33.0,100.8,0,CONCEPT_NOT_FIT_VALIDATED
MON-B-03138,p6-4x2,Purple,#5E43B7,28,3137,69.0,-21.0,100.8,0,CONCEPT_NOT_FIT_VALIDATED
MON-B-03139,p6-4x2,Purple,#5E43B7,28,3138,69.0,-9.0,100.8,0,CONCEPT_NOT_FIT_VALIDATED
MON-B-03140,p6-4x2,Purple,#5E43B7,28,3139,69.0,3.0,100.8,0,CONCEPT_NOT_FIT_VALIDATED
MON-B-03141,p6-4x2,Purple,#5E43B7,28,3140,69.0,15.0,100.8,0,CONCEPT_NOT_FIT_VALIDATED
MON-B-03142,p6-4x2,Purple,#5E43B7,28,3141,69.0,27.0,100.8,0,CONCEPT_NOT_FIT_VALIDATED
MON-B-03143,p6-4x2,Purple,#5E43B7,28,3142,69.0,39.0,100.8,0,CONCEPT_NOT_FIT_VALIDATED
MON-B-03144,p6-3x2,Purple,#5E43B7,28,3143,66.0,51.0,100.8,0,CONCEPT_NOT_FIT_VALIDATED
MON-B-03145,p6-2x1,Purple,#5E43B7,28,3144,63.0,60.0,100.8,0,CONCEPT_NOT_FIT_VALIDATED
MON-B-03146,p6-1x1,Purple,#5E43B7,28,3145,60.0,66.0,100.8,0,CONCEPT_NOT_FIT_VALIDATED
MON-B-03147,p6-1x1,Hot pink,#F5547C,28,3146,66.0,-48.0,100.8,0,CONCEPT_NOT_FIT_VALIDATED
MON-B-03148,p6-1x1,Purple,#5E43B7,28,3147,66.0,-42.0,100.8,0,CONCEPT_NOT_FIT_VALIDATED
MON-B-03149,p6-1x1,Hot pink,#F5547C,28,3148,72.0,-42.0,100.8,0,CONCEPT_NOT_FIT_VALIDATED
MON-B-03150,p6-2x1,Hot pink,#F5547C,28,3149,72.0,-33.0,100.8,90,CONCEPT_NOT_FIT_VALIDATED
MON-B-03151,p6-2x1,Purple,#5E43B7,28,3150,84.0,-9.0,100.8,90,CONCEPT_NOT_FIT_VALIDATED
MON-B-03152,p6-2x1,Purple,#5E43B7,28,3151,84.0,3.0,100.8,90,CONCEPT_NOT_FIT_VALIDATED
MON-B-03153,p6-2x1,Purple,#5E43B7,28,3152,84.0,15.0,100.8,90,CONCEPT_NOT_FIT_VALIDATED
MON-B-03154,p6-2x1,Purple,#5E43B7,28,3153,84.0,27.0,100.8,90,CONCEPT_NOT_FIT_VALIDATED
MON-B-03156,p6-2x1,Hot pink,#F5547C,29,3154,-9.0,-78.0,104.4,0,CONCEPT_NOT_FIT_VALIDATED
MON-B-03157,p6-2x1,Hot pink,#F5547C,29,3155,3.0,-78.0,104.4,0,CONCEPT_NOT_FIT_VALIDATED
MON-B-03158,p6-2x1,Hot pink,#F5547C,29,3156,15.0,-78.0,104.4,0,CONCEPT_NOT_FIT_VALIDATED
MON-B-03159,p6-1x1,Hot pink,#F5547C,29,3157,-30.0,-72.0,104.4,0,CONCEPT_NOT_FIT_VALIDATED
MON-B-03160,p6-1x1,Hot pink,#F5547C,29,3158,-24.0,-72.0,104.4,0,CONCEPT_NOT_FIT_VALIDATED
MON-B-03161,p6-2x1,Purple,#5E43B7,29,3159,-18.0,-69.0,104.4,90,CONCEPT_NOT_FIT_VALIDATED
MON-B-03162,p6-2x2,Purple,#5E43B7,29,3160,-9.0,-69.0,104.4,0,CONCEPT_NOT_FIT_VALIDATED
MON-B-03163,p6-2x2,Purple,#5E43B7,29,3161,3.0,-69.0,104.4,0,CONCEPT_NOT_FIT_VALIDATED
MON-B-03164,p6-2x2,Purple,#5E43B7,29,3162,15.0,-69.0,104.4,0,CONCEPT_NOT_FIT_VALIDATED
MON-B-03165,p6-2x1,Hot pink,#F5547C,29,3163,27.0,-72.0,104.4,0,CONCEPT_NOT_FIT_VALIDATED
MON-B-03166,p6-2x1,Hot pink,#F5547C,29,3164,-45.0,-66.0,104.4,0,CONCEPT_NOT_FIT_VALIDATED
MON-B-03167,p6-1x1,Hot pink,#F5547C,29,3165,-36.0,-66.0,104.4,0,CONCEPT_NOT_FIT_VALIDATED
MON-B-03168,p6-1x1,Purple,#5E43B7,29,3166,-30.0,-66.0,104.4,0,CONCEPT_NOT_FIT_VALIDATED
MON-B-03169,p6-1x1,Purple,#5E43B7,29,3167,-24.0,-66.0,104.4,0,CONCEPT_NOT_FIT_VALIDATED
MON-B-03170,p6-2x1,Purple,#5E43B7,29,3168,27.0,-66.0,104.4,0,CONCEPT_NOT_FIT_VALIDATED
MON-B-03171,p6-2x1,Hot pink,#F5547C,29,3169,39.0,-66.0,104.4,0,CONCEPT_NOT_FIT_VALIDATED
MON-B-03172,p6-2x1,Hot pink,#F5547C,29,3170,-57.0,-60.0,104.4,0,CONCEPT_NOT_FIT_VALIDATED
MON-B-03173,p6-4x2,Purple,#5E43B7,29,3171,-45.0,-51.0,104.4,90,CONCEPT_NOT_FIT_VALIDATED
MON-B-03174,p6-4x2,Purple,#5E43B7,29,3172,-33.0,-51.0,104.4,90,CONCEPT_NOT_FIT_VALIDATED
MON-B-03175,p6-4x2,Purple,#5E43B7,29,3173,-21.0,-51.0,104.4,90,CONCEPT_NOT_FIT_VALIDATED
MON-B-03176,p6-4x2,Purple,#5E43B7,29,3174,-9.0,-51.0,104.4,90,CONCEPT_NOT_FIT_VALIDATED
MON-B-03177,p6-4x2,Purple,#5E43B7,29,3175,3.0,-51.0,104.4,90,CONCEPT_NOT_FIT_VALIDATED
MON-B-03178,p6-4x2,Purple,#5E43B7,29,3176,15.0,-51.0,104.4,90,CONCEPT_NOT_FIT_VALIDATED
MON-B-03179,p6-4x2,Purple,#5E43B7,29,3177,27.0,-51.0,104.4,90,CONCEPT_NOT_FIT_VALIDATED
MON-B-03180,p6-4x2,Purple,#5E43B7,29,3178,39.0,-51.0,104.4,90,CONCEPT_NOT_FIT_VALIDATED
MON-B-03181,p6-2x1,Hot pink,#F5547C,29,3179,51.0,-60.0,104.4,0,CONCEPT_NOT_FIT_VALIDATED
MON-B-03182,p6-2x1,Hot pink,#F5547C,29,3180,-66.0,-51.0,104.4,90,CONCEPT_NOT_FIT_VALIDATED
MON-B-03183,p6-3x2,Purple,#5E43B7,29,3181,-57.0,-48.0,104.4,90,CONCEPT_NOT_FIT_VALIDATED
MON-B-03184,p6-3x2,Purple,#5E43B7,29,3182,51.0,-48.0,104.4,90,CONCEPT_NOT_FIT_VALIDATED
MON-B-03185,p6-1x1,Hot pink,#F5547C,29,3183,60.0,-54.0,104.4,0,CONCEPT_NOT_FIT_VALIDATED
MON-B-03186,p6-2x1,Purple,#5E43B7,29,3184,60.0,-45.0,104.4,90,CONCEPT_NOT_FIT_VALIDATED
MON-B-03187,p6-1x1,Hot pink,#F5547C,29,3185,66.0,-48.0,104.4,0,CONCEPT_NOT_FIT_VALIDATED
MON-B-03188,p6-1x1,Hot pink,#F5547C,29,3186,-72.0,-42.0,104.4,0,CONCEPT_NOT_FIT_VALIDATED
MON-B-03189,p6-1x1,Purple,#5E43B7,29,3187,-66.0,-42.0,104.4,0,CONCEPT_NOT_FIT_VALIDATED
MON-B-03190,p6-1x1,Purple,#5E43B7,29,3188,66.0,-42.0,104.4,0,CONCEPT_NOT_FIT_VALIDATED
MON-B-03191,p6-1x1,Hot pink,#F5547C,29,3189,72.0,-42.0,104.4,0,CONCEPT_NOT_FIT_VALIDATED
MON-B-03192,p6-1x1,Hot pink,#F5547C,29,3190,-72.0,-36.0,104.4,0,CONCEPT_NOT_FIT_VALIDATED
MON-B-03193,p6-4x1,Purple,#5E43B7,29,3191,-66.0,-27.0,104.4,90,CONCEPT_NOT_FIT_VALIDATED
MON-B-03194,p6-4x2,Purple,#5E43B7,29,3192,-57.0,-27.0,104.4,90,CONCEPT_NOT_FIT_VALIDATED
MON-B-03195,p6-4x2,Purple,#5E43B7,29,3193,-45.0,-27.0,104.4,90,CONCEPT_NOT_FIT_VALIDATED
MON-B-03196,p6-4x2,Purple,#5E43B7,29,3194,-33.0,-27.0,104.4,90,CONCEPT_NOT_FIT_VALIDATED
MON-B-03197,p6-4x2,Purple,#5E43B7,29,3195,-21.0,-27.0,104.4,90,CONCEPT_NOT_FIT_VALIDATED
MON-B-03198,p6-4x2,Purple,#5E43B7,29,3196,-9.0,-27.0,104.4,90,CONCEPT_NOT_FIT_VALIDATED
MON-B-03199,p6-4x2,Purple,#5E43B7,29,3197,3.0,-27.0,104.4,90,CONCEPT_NOT_FIT_VALIDATED
MON-B-03200,p6-4x2,Purple,#5E43B7,29,3198,15.0,-27.0,104.4,90,CONCEPT_NOT_FIT_VALIDATED
MON-B-03201,p6-4x2,Purple,#5E43B7,29,3199,27.0,-27.0,104.4,90,CONCEPT_NOT_FIT_VALIDATED
MON-B-03202,p6-4x2,Purple,#5E43B7,29,3200,39.0,-27.0,104.4,90,CONCEPT_NOT_FIT_VALIDATED
MON-B-03203,p6-4x2,Purple,#5E43B7,29,3201,51.0,-27.0,104.4,90,CONCEPT_NOT_FIT_VALIDATED
MON-B-03204,p6-4x2,Purple,#5E43B7,29,3202,63.0,-27.0,104.4,90,CONCEPT_NOT_FIT_VALIDATED
MON-B-03205,p6-2x1,Hot pink,#F5547C,29,3203,72.0,-33.0,104.4,90,CONCEPT_NOT_FIT_VALIDATED
MON-B-03206,p6-3x1,Purple,#5E43B7,29,3204,-78.0,-24.0,104.4,90,CONCEPT_NOT_FIT_VALIDATED
MON-B-03207,p6-3x1,Purple,#5E43B7,29,3205,-72.0,-24.0,104.4,90,CONCEPT_NOT_FIT_VALIDATED
MON-B-03208,p6-2x2,Purple,#5E43B7,29,3206,75.0,-21.0,104.4,0,CONCEPT_NOT_FIT_VALIDATED
MON-B-03209,p6-1x1,Purple,#5E43B7,29,3207,-84.0,-18.0,104.4,0,CONCEPT_NOT_FIT_VALIDATED
MON-B-03210,p6-4x2,Purple,#5E43B7,29,3208,-81.0,-3.0,104.4,90,CONCEPT_NOT_FIT_VALIDATED
MON-B-03211,p6-4x2,Purple,#5E43B7,29,3209,-69.0,-3.0,104.4,90,CONCEPT_NOT_FIT_VALIDATED
MON-B-03212,p6-4x2,Purple,#5E43B7,29,3210,-57.0,-3.0,104.4,90,CONCEPT_NOT_FIT_VALIDATED
MON-B-03213,p6-4x2,Purple,#5E43B7,29,3211,-45.0,-3.0,104.4,90,CONCEPT_NOT_FIT_VALIDATED
MON-B-03214,p6-4x2,Purple,#5E43B7,29,3212,-33.0,-3.0,104.4,90,CONCEPT_NOT_FIT_VALIDATED
MON-B-03215,p6-4x2,Purple,#5E43B7,29,3213,-21.0,-3.0,104.4,90,CONCEPT_NOT_FIT_VALIDATED
MON-B-03216,p6-4x2,Purple,#5E43B7,29,3214,-9.0,-3.0,104.4,90,CONCEPT_NOT_FIT_VALIDATED
MON-B-03217,p6-4x2,Purple,#5E43B7,29,3215,3.0,-3.0,104.4,90,CONCEPT_NOT_FIT_VALIDATED
MON-B-03218,p6-4x2,Purple,#5E43B7,29,3216,15.0,-3.0,104.4,90,CONCEPT_NOT_FIT_VALIDATED
MON-B-03219,p6-4x2,Purple,#5E43B7,29,3217,27.0,-3.0,104.4,90,CONCEPT_NOT_FIT_VALIDATED
MON-B-03220,p6-4x2,Purple,#5E43B7,29,3218,39.0,-3.0,104.4,90,CONCEPT_NOT_FIT_VALIDATED
MON-B-03221,p6-4x2,Purple,#5E43B7,29,3219,51.0,-3.0,104.4,90,CONCEPT_NOT_FIT_VALIDATED
MON-B-03222,p6-4x2,Purple,#5E43B7,29,3220,63.0,-3.0,104.4,90,CONCEPT_NOT_FIT_VALIDATED
MON-B-03223,p6-4x2,Purple,#5E43B7,29,3221,75.0,-3.0,104.4,90,CONCEPT_NOT_FIT_VALIDATED
MON-B-03224,p6-3x1,Purple,#5E43B7,29,3222,84.0,0.0,104.4,90,CONCEPT_NOT_FIT_VALIDATED
MON-B-03225,p6-4x2,Purple,#5E43B7,29,3223,-81.0,21.0,104.4,90,CONCEPT_NOT_FIT_VALIDATED
MON-B-03226,p6-4x2,Purple,#5E43B7,29,3224,-69.0,21.0,104.4,90,CONCEPT_NOT_FIT_VALIDATED
MON-B-03227,p6-4x2,Purple,#5E43B7,29,3225,-57.0,21.0,104.4,90,CONCEPT_NOT_FIT_VALIDATED
MON-B-03228,p6-4x2,Purple,#5E43B7,29,3226,-45.0,21.0,104.4,90,CONCEPT_NOT_FIT_VALIDATED
MON-B-03229,p6-4x2,Purple,#5E43B7,29,3227,-33.0,21.0,104.4,90,CONCEPT_NOT_FIT_VALIDATED
MON-B-03230,p6-4x2,Purple,#5E43B7,29,3228,-21.0,21.0,104.4,90,CONCEPT_NOT_FIT_VALIDATED
MON-B-03231,p6-4x2,Purple,#5E43B7,29,3229,-9.0,21.0,104.4,90,CONCEPT_NOT_FIT_VALIDATED
MON-B-03232,p6-4x2,Purple,#5E43B7,29,3230,3.0,21.0,104.4,90,CONCEPT_NOT_FIT_VALIDATED
MON-B-03233,p6-4x2,Purple,#5E43B7,29,3231,15.0,21.0,104.4,90,CONCEPT_NOT_FIT_VALIDATED
MON-B-03234,p6-4x2,Purple,#5E43B7,29,3232,27.0,21.0,104.4,90,CONCEPT_NOT_FIT_VALIDATED
MON-B-03235,p6-4x2,Purple,#5E43B7,29,3233,39.0,21.0,104.4,90,CONCEPT_NOT_FIT_VALIDATED
MON-B-03236,p6-4x2,Purple,#5E43B7,29,3234,51.0,21.0,104.4,90,CONCEPT_NOT_FIT_VALIDATED
MON-B-03237,p6-4x2,Purple,#5E43B7,29,3235,63.0,21.0,104.4,90,CONCEPT_NOT_FIT_VALIDATED
MON-B-03238,p6-4x2,Purple,#5E43B7,29,3236,75.0,21.0,104.4,90,CONCEPT_NOT_FIT_VALIDATED
MON-B-03239,p6-3x1,Purple,#5E43B7,29,3237,84.0,18.0,104.4,90,CONCEPT_NOT_FIT_VALIDATED
MON-B-03240,p6-3x1,Purple,#5E43B7,29,3238,-78.0,42.0,104.4,90,CONCEPT_NOT_FIT_VALIDATED
MON-B-03241,p6-4x2,Purple,#5E43B7,29,3239,-69.0,45.0,104.4,90,CONCEPT_NOT_FIT_VALIDATED
MON-B-03242,p6-4x2,Purple,#5E43B7,29,3240,-57.0,45.0,104.4,90,CONCEPT_NOT_FIT_VALIDATED
MON-B-03243,p6-4x2,Purple,#5E43B7,29,3241,-45.0,45.0,104.4,90,CONCEPT_NOT_FIT_VALIDATED
MON-B-03244,p6-4x2,Purple,#5E43B7,29,3242,-33.0,45.0,104.4,90,CONCEPT_NOT_FIT_VALIDATED
MON-B-03245,p6-4x2,Purple,#5E43B7,29,3243,-21.0,45.0,104.4,90,CONCEPT_NOT_FIT_VALIDATED
MON-B-03246,p6-4x2,Purple,#5E43B7,29,3244,-9.0,45.0,104.4,90,CONCEPT_NOT_FIT_VALIDATED
MON-B-03247,p6-4x2,Purple,#5E43B7,29,3245,3.0,45.0,104.4,90,CONCEPT_NOT_FIT_VALIDATED
MON-B-03248,p6-4x2,Purple,#5E43B7,29,3246,15.0,45.0,104.4,90,CONCEPT_NOT_FIT_VALIDATED
MON-B-03249,p6-4x2,Purple,#5E43B7,29,3247,27.0,45.0,104.4,90,CONCEPT_NOT_FIT_VALIDATED
MON-B-03250,p6-4x2,Purple,#5E43B7,29,3248,39.0,45.0,104.4,90,CONCEPT_NOT_FIT_VALIDATED
MON-B-03251,p6-4x2,Purple,#5E43B7,29,3249,51.0,45.0,104.4,90,CONCEPT_NOT_FIT_VALIDATED
MON-B-03252,p6-4x2,Purple,#5E43B7,29,3250,63.0,45.0,104.4,90,CONCEPT_NOT_FIT_VALIDATED
MON-B-03253,p6-2x2,Purple,#5E43B7,29,3251,75.0,39.0,104.4,0,CONCEPT_NOT_FIT_VALIDATED
MON-B-03254,p6-1x1,Purple,#5E43B7,29,3252,72.0,48.0,104.4,0,CONCEPT_NOT_FIT_VALIDATED
MON-B-03255,p6-1x1,Purple,#5E43B7,29,3253,-66.0,60.0,104.4,0,CONCEPT_NOT_FIT_VALIDATED
MON-B-03256,p6-2x2,Purple,#5E43B7,29,3254,-57.0,63.0,104.4,0,CONCEPT_NOT_FIT_VALIDATED
MON-B-03257,p6-3x2,Purple,#5E43B7,29,3255,-45.0,66.0,104.4,90,CONCEPT_NOT_FIT_VALIDATED
MON-B-03258,p6-4x2,Purple,#5E43B7,29,3256,-33.0,69.0,104.4,90,CONCEPT_NOT_FIT_VALIDATED
MON-B-03259,p6-4x2,Purple,#5E43B7,29,3257,-21.0,69.0,104.4,90,CONCEPT_NOT_FIT_VALIDATED
MON-B-03260,p6-4x2,Purple,#5E43B7,29,3258,-9.0,69.0,104.4,90,CONCEPT_NOT_FIT_VALIDATED
MON-B-03261,p6-4x2,Purple,#5E43B7,29,3259,3.0,69.0,104.4,90,CONCEPT_NOT_FIT_VALIDATED
MON-B-03262,p6-4x2,Purple,#5E43B7,29,3260,15.0,69.0,104.4,90,CONCEPT_NOT_FIT_VALIDATED
MON-B-03263,p6-4x2,Purple,#5E43B7,29,3261,27.0,69.0,104.4,90,CONCEPT_NOT_FIT_VALIDATED
MON-B-03264,p6-3x2,Purple,#5E43B7,29,3262,39.0,66.0,104.4,90,CONCEPT_NOT_FIT_VALIDATED
MON-B-03265,p6-2x2,Purple,#5E43B7,29,3263,51.0,63.0,104.4,0,CONCEPT_NOT_FIT_VALIDATED
MON-B-03266,p6-2x1,Purple,#5E43B7,29,3264,60.0,63.0,104.4,90,CONCEPT_NOT_FIT_VALIDATED
MON-B-03267,p6-1x1,Purple,#5E43B7,29,3265,66.0,60.0,104.4,0,CONCEPT_NOT_FIT_VALIDATED
MON-B-03268,p6-1x1,Purple,#5E43B7,29,3266,48.0,72.0,104.4,0,CONCEPT_NOT_FIT_VALIDATED
MON-B-03269,p6-1x1,Purple,#5E43B7,29,3267,36.0,78.0,104.4,0,CONCEPT_NOT_FIT_VALIDATED
MON-B-03270,p6-1x1,Purple,#5E43B7,29,3268,0.0,84.0,104.4,0,CONCEPT_NOT_FIT_VALIDATED
MON-B-03271,p6-3x1,Purple,#5E43B7,30,3269,-78.0,-12.0,108.0,0,CONCEPT_NOT_FIT_VALIDATED
MON-B-03272,p6-3x2,Purple,#5E43B7,30,3270,-78.0,-3.0,108.0,0,CONCEPT_NOT_FIT_VALIDATED
MON-B-03273,p6-3x2,Purple,#5E43B7,30,3271,-78.0,9.0,108.0,0,CONCEPT_NOT_FIT_VALIDATED
MON-B-03274,p6-3x2,Purple,#5E43B7,30,3272,-78.0,21.0,108.0,0,CONCEPT_NOT_FIT_VALIDATED
MON-B-03275,p6-3x1,Purple,#5E43B7,30,3273,-78.0,30.0,108.0,0,CONCEPT_NOT_FIT_VALIDATED
MON-B-03276,p6-2x1,Purple,#5E43B7,30,3274,-75.0,-24.0,108.0,0,CONCEPT_NOT_FIT_VALIDATED
MON-B-03277,p6-2x1,Purple,#5E43B7,30,3275,-75.0,-18.0,108.0,0,CONCEPT_NOT_FIT_VALIDATED
MON-B-03278,p6-2x1,Purple,#5E43B7,30,3276,-75.0,36.0,108.0,0,CONCEPT_NOT_FIT_VALIDATED
MON-B-03279,p6-2x1,Purple,#5E43B7,30,3277,-75.0,42.0,108.0,0,CONCEPT_NOT_FIT_VALIDATED
MON-B-03280,p6-2x1,Hot pink,#F5547C,30,3278,-72.0,-39.0,108.0,90,CONCEPT_NOT_FIT_VALIDATED
MON-B-03281,p6-1x1,Purple,#5E43B7,30,3279,-72.0,-30.0,108.0,0,CONCEPT_NOT_FIT_VALIDATED
MON-B-03282,p6-1x1,Purple,#5E43B7,30,3280,-72.0,48.0,108.0,0,CONCEPT_NOT_FIT_VALIDATED
MON-B-03283,p6-2x1,Hot pink,#F5547C,30,3281,-66.0,-51.0,108.0,90,CONCEPT_NOT_FIT_VALIDATED
MON-B-03284,p6-4x2,Purple,#5E43B7,30,3282,-57.0,-39.0,108.0,0,CONCEPT_NOT_FIT_VALIDATED
MON-B-03285,p6-4x2,Purple,#5E43B7,30,3283,-57.0,-27.0,108.0,0,CONCEPT_NOT_FIT_VALIDATED
MON-B-03286,p6-4x2,Purple,#5E43B7,30,3284,-57.0,-15.0,108.0,0,CONCEPT_NOT_FIT_VALIDATED
MON-B-03287,p6-4x2,Purple,#5E43B7,30,3285,-57.0,-3.0,108.0,0,CONCEPT_NOT_FIT_VALIDATED
MON-B-03288,p6-4x2,Purple,#5E43B7,30,3286,-57.0,9.0,108.0,0,CONCEPT_NOT_FIT_VALIDATED
MON-B-03289,p6-4x2,Purple,#5E43B7,30,3287,-57.0,21.0,108.0,0,CONCEPT_NOT_FIT_VALIDATED
MON-B-03290,p6-4x2,Purple,#5E43B7,30,3288,-57.0,33.0,108.0,0,CONCEPT_NOT_FIT_VALIDATED
MON-B-03291,p6-4x2,Purple,#5E43B7,30,3289,-57.0,45.0,108.0,0,CONCEPT_NOT_FIT_VALIDATED
MON-B-03292,p6-4x2,Purple,#5E43B7,30,3290,-57.0,57.0,108.0,0,CONCEPT_NOT_FIT_VALIDATED
MON-B-03293,p6-2x1,Hot pink,#F5547C,30,3291,-57.0,-60.0,108.0,0,CONCEPT_NOT_FIT_VALIDATED
MON-B-03294,p6-3x2,Purple,#5E43B7,30,3292,-54.0,-51.0,108.0,0,CONCEPT_NOT_FIT_VALIDATED
MON-B-03295,p6-2x1,Purple,#5E43B7,30,3293,-51.0,66.0,108.0,0,CONCEPT_NOT_FIT_VALIDATED
MON-B-03296,p6-1x1,Hot pink,#F5547C,30,3294,-48.0,-66.0,108.0,0,CONCEPT_NOT_FIT_VALIDATED
MON-B-03297,p6-1x1,Purple,#5E43B7,30,3295,-48.0,-60.0,108.0,0,CONCEPT_NOT_FIT_VALIDATED
MON-B-03298,p6-1x1,Purple,#5E43B7,30,3296,-48.0,72.0,108.0,0,CONCEPT_NOT_FIT_VALIDATED
MON-B-03299,p6-1x1,Hot pink,#F5547C,30,3297,-42.0,-66.0,108.0,0,CONCEPT_NOT_FIT_VALIDATED
MON-B-03300,p6-4x1,Purple,#5E43B7,30,3298,-33.0,-60.0,108.0,0,CONCEPT_NOT_FIT_VALIDATED
MON-B-03301,p6-4x2,Purple,#5E43B7,30,3299,-33.0,-51.0,108.0,0,CONCEPT_NOT_FIT_VALIDATED
MON-B-03302,p6-4x2,Purple,#5E43B7,30,3300,-33.0,-39.0,108.0,0,CONCEPT_NOT_FIT_VALIDATED
MON-B-03303,p6-4x2,Purple,#5E43B7,30,3301,-33.0,-27.0,108.0,0,CONCEPT_NOT_FIT_VALIDATED
MON-B-03304,p6-4x2,Purple,#5E43B7,30,3302,-33.0,-15.0,108.0,0,CONCEPT_NOT_FIT_VALIDATED
MON-B-03305,p6-4x2,Purple,#5E43B7,30,3303,-33.0,-3.0,108.0,0,CONCEPT_NOT_FIT_VALIDATED
MON-B-03306,p6-4x2,Purple,#5E43B7,30,3304,-33.0,9.0,108.0,0,CONCEPT_NOT_FIT_VALIDATED
MON-B-03307,p6-4x2,Purple,#5E43B7,30,3305,-33.0,21.0,108.0,0,CONCEPT_NOT_FIT_VALIDATED
MON-B-03308,p6-4x2,Purple,#5E43B7,30,3306,-33.0,33.0,108.0,0,CONCEPT_NOT_FIT_VALIDATED
MON-B-03309,p6-4x2,Purple,#5E43B7,30,3307,-33.0,45.0,108.0,0,CONCEPT_NOT_FIT_VALIDATED
MON-B-03310,p6-4x2,Purple,#5E43B7,30,3308,-33.0,57.0,108.0,0,CONCEPT_NOT_FIT_VALIDATED
MON-B-03311,p6-4x2,Purple,#5E43B7,30,3309,-33.0,69.0,108.0,0,CONCEPT_NOT_FIT_VALIDATED
MON-B-03312,p6-3x1,Hot pink,#F5547C,30,3310,-30.0,-72.0,108.0,0,CONCEPT_NOT_FIT_VALIDATED
MON-B-03313,p6-3x1,Purple,#5E43B7,30,3311,-30.0,-66.0,108.0,0,CONCEPT_NOT_FIT_VALIDATED
MON-B-03314,p6-3x1,Purple,#5E43B7,30,3312,-30.0,78.0,108.0,0,CONCEPT_NOT_FIT_VALIDATED
MON-B-03315,p6-4x1,Hot pink,#F5547C,30,3313,-9.0,-78.0,108.0,0,CONCEPT_NOT_FIT_VALIDATED
MON-B-03155,p6-1x1,Hot pink,#F5547C,29,3314,-18.0,-78.0,104.4,0,CONCEPT_NOT_FIT_VALIDATED
MON-B-03084,p6-1x1,Hot pink,#F5547C,28,3315,-18.0,-78.0,100.8,0,CONCEPT_NOT_FIT_VALIDATED
MON-B-03316,p6-4x1,Purple,#5E43B7,30,3316,-9.0,-72.0,108.0,0,CONCEPT_NOT_FIT_VALIDATED
MON-B-03317,p6-4x2,Purple,#5E43B7,30,3317,-9.0,-63.0,108.0,0,CONCEPT_NOT_FIT_VALIDATED
MON-B-03318,p6-4x2,Purple,#5E43B7,30,3318,-9.0,-51.0,108.0,0,CONCEPT_NOT_FIT_VALIDATED
MON-B-03319,p6-4x2,Purple,#5E43B7,30,3319,-9.0,-39.0,108.0,0,CONCEPT_NOT_FIT_VALIDATED
MON-B-03320,p6-4x2,Purple,#5E43B7,30,3320,-9.0,-27.0,108.0,0,CONCEPT_NOT_FIT_VALIDATED
MON-B-03321,p6-4x2,Purple,#5E43B7,30,3321,-9.0,-15.0,108.0,0,CONCEPT_NOT_FIT_VALIDATED
MON-B-03322,p6-4x2,Purple,#5E43B7,30,3322,-9.0,-3.0,108.0,0,CONCEPT_NOT_FIT_VALIDATED
MON-B-03323,p6-4x2,Purple,#5E43B7,30,3323,-9.0,9.0,108.0,0,CONCEPT_NOT_FIT_VALIDATED
MON-B-03324,p6-4x2,Purple,#5E43B7,30,3324,-9.0,21.0,108.0,0,CONCEPT_NOT_FIT_VALIDATED
MON-B-03325,p6-4x2,Purple,#5E43B7,30,3325,-9.0,33.0,108.0,0,CONCEPT_NOT_FIT_VALIDATED
MON-B-03326,p6-4x2,Purple,#5E43B7,30,3326,-9.0,45.0,108.0,0,CONCEPT_NOT_FIT_VALIDATED
MON-B-03327,p6-4x2,Purple,#5E43B7,30,3327,-9.0,57.0,108.0,0,CONCEPT_NOT_FIT_VALIDATED
MON-B-03328,p6-4x2,Purple,#5E43B7,30,3328,-9.0,69.0,108.0,0,CONCEPT_NOT_FIT_VALIDATED
MON-B-03329,p6-4x1,Purple,#5E43B7,30,3329,-9.0,78.0,108.0,0,CONCEPT_NOT_FIT_VALIDATED
MON-B-03330,p6-3x1,Hot pink,#F5547C,30,3330,12.0,-78.0,108.0,0,CONCEPT_NOT_FIT_VALIDATED
MON-B-03331,p6-3x1,Purple,#5E43B7,30,3331,12.0,-72.0,108.0,0,CONCEPT_NOT_FIT_VALIDATED
MON-B-03332,p6-4x2,Purple,#5E43B7,30,3332,15.0,-63.0,108.0,0,CONCEPT_NOT_FIT_VALIDATED
MON-B-03333,p6-4x2,Purple,#5E43B7,30,3333,15.0,-51.0,108.0,0,CONCEPT_NOT_FIT_VALIDATED
MON-B-03334,p6-4x2,Purple,#5E43B7,30,3334,15.0,-39.0,108.0,0,CONCEPT_NOT_FIT_VALIDATED
MON-B-03335,p6-4x2,Purple,#5E43B7,30,3335,15.0,-27.0,108.0,0,CONCEPT_NOT_FIT_VALIDATED
MON-B-03336,p6-4x2,Purple,#5E43B7,30,3336,15.0,-15.0,108.0,0,CONCEPT_NOT_FIT_VALIDATED
MON-B-03337,p6-4x2,Purple,#5E43B7,30,3337,15.0,-3.0,108.0,0,CONCEPT_NOT_FIT_VALIDATED
MON-B-03338,p6-4x2,Purple,#5E43B7,30,3338,15.0,9.0,108.0,0,CONCEPT_NOT_FIT_VALIDATED
MON-B-03339,p6-4x2,Purple,#5E43B7,30,3339,15.0,21.0,108.0,0,CONCEPT_NOT_FIT_VALIDATED
MON-B-03340,p6-4x2,Purple,#5E43B7,30,3340,15.0,33.0,108.0,0,CONCEPT_NOT_FIT_VALIDATED
MON-B-03341,p6-4x2,Purple,#5E43B7,30,3341,15.0,45.0,108.0,0,CONCEPT_NOT_FIT_VALIDATED
MON-B-03342,p6-4x2,Purple,#5E43B7,30,3342,15.0,57.0,108.0,0,CONCEPT_NOT_FIT_VALIDATED
MON-B-03343,p6-4x2,Purple,#5E43B7,30,3343,15.0,69.0,108.0,0,CONCEPT_NOT_FIT_VALIDATED
MON-B-03344,p6-4x1,Purple,#5E43B7,30,3344,15.0,78.0,108.0,0,CONCEPT_NOT_FIT_VALIDATED
MON-B-03345,p6-1x1,Hot pink,#F5547C,30,3345,24.0,-72.0,108.0,0,CONCEPT_NOT_FIT_VALIDATED
MON-B-03346,p6-1x1,Hot pink,#F5547C,30,3346,30.0,-72.0,108.0,0,CONCEPT_NOT_FIT_VALIDATED
MON-B-03347,p6-2x1,Purple,#5E43B7,30,3347,30.0,-63.0,108.0,90,CONCEPT_NOT_FIT_VALIDATED
MON-B-03348,p6-4x2,Purple,#5E43B7,30,3348,39.0,-51.0,108.0,0,CONCEPT_NOT_FIT_VALIDATED
MON-B-03349,p6-4x2,Purple,#5E43B7,30,3349,39.0,-39.0,108.0,0,CONCEPT_NOT_FIT_VALIDATED
MON-B-03350,p6-4x2,Purple,#5E43B7,30,3350,39.0,-27.0,108.0,0,CONCEPT_NOT_FIT_VALIDATED
MON-B-03351,p6-4x2,Purple,#5E43B7,30,3351,39.0,-15.0,108.0,0,CONCEPT_NOT_FIT_VALIDATED
MON-B-03352,p6-4x2,Purple,#5E43B7,30,3352,39.0,-3.0,108.0,0,CONCEPT_NOT_FIT_VALIDATED
MON-B-03353,p6-4x2,Purple,#5E43B7,30,3353,39.0,9.0,108.0,0,CONCEPT_NOT_FIT_VALIDATED
MON-B-03354,p6-4x2,Purple,#5E43B7,30,3354,39.0,21.0,108.0,0,CONCEPT_NOT_FIT_VALIDATED
MON-B-03355,p6-4x2,Purple,#5E43B7,30,3355,39.0,33.0,108.0,0,CONCEPT_NOT_FIT_VALIDATED
MON-B-03356,p6-4x2,Purple,#5E43B7,30,3356,39.0,45.0,108.0,0,CONCEPT_NOT_FIT_VALIDATED
MON-B-03357,p6-4x2,Purple,#5E43B7,30,3357,39.0,57.0,108.0,0,CONCEPT_NOT_FIT_VALIDATED
MON-B-03358,p6-4x2,Purple,#5E43B7,30,3358,39.0,69.0,108.0,0,CONCEPT_NOT_FIT_VALIDATED
MON-B-03359,p6-1x1,Purple,#5E43B7,30,3359,30.0,78.0,108.0,0,CONCEPT_NOT_FIT_VALIDATED
MON-B-03360,p6-2x1,Hot pink,#F5547C,30,3360,39.0,-66.0,108.0,0,CONCEPT_NOT_FIT_VALIDATED
MON-B-03361,p6-2x1,Purple,#5E43B7,30,3361,39.0,-60.0,108.0,0,CONCEPT_NOT_FIT_VALIDATED
MON-B-03362,p6-1x1,Hot pink,#F5547C,30,3362,48.0,-60.0,108.0,0,CONCEPT_NOT_FIT_VALIDATED
MON-B-03363,p6-1x1,Hot pink,#F5547C,30,3363,54.0,-60.0,108.0,0,CONCEPT_NOT_FIT_VALIDATED
MON-B-03364,p6-2x1,Purple,#5E43B7,30,3364,54.0,-51.0,108.0,90,CONCEPT_NOT_FIT_VALIDATED
MON-B-03365,p6-2x2,Purple,#5E43B7,30,3365,57.0,-39.0,108.0,0,CONCEPT_NOT_FIT_VALIDATED
MON-B-03366,p6-4x2,Purple,#5E43B7,30,3366,63.0,-27.0,108.0,0,CONCEPT_NOT_FIT_VALIDATED
MON-B-03367,p6-4x2,Purple,#5E43B7,30,3367,63.0,-15.0,108.0,0,CONCEPT_NOT_FIT_VALIDATED
MON-B-03368,p6-4x2,Purple,#5E43B7,30,3368,63.0,-3.0,108.0,0,CONCEPT_NOT_FIT_VALIDATED
MON-B-03369,p6-4x2,Purple,#5E43B7,30,3369,63.0,9.0,108.0,0,CONCEPT_NOT_FIT_VALIDATED
MON-B-03370,p6-4x2,Purple,#5E43B7,30,3370,63.0,21.0,108.0,0,CONCEPT_NOT_FIT_VALIDATED
MON-B-03371,p6-4x2,Purple,#5E43B7,30,3371,63.0,33.0,108.0,0,CONCEPT_NOT_FIT_VALIDATED
MON-B-03372,p6-4x2,Purple,#5E43B7,30,3372,63.0,45.0,108.0,0,CONCEPT_NOT_FIT_VALIDATED
MON-B-03373,p6-2x2,Purple,#5E43B7,30,3373,57.0,57.0,108.0,0,CONCEPT_NOT_FIT_VALIDATED
MON-B-03374,p6-1x1,Purple,#5E43B7,30,3374,54.0,66.0,108.0,0,CONCEPT_NOT_FIT_VALIDATED
MON-B-03375,p6-1x1,Hot pink,#F5547C,30,3375,60.0,-54.0,108.0,0,CONCEPT_NOT_FIT_VALIDATED
MON-B-03376,p6-1x1,Purple,#5E43B7,30,3376,60.0,-48.0,108.0,0,CONCEPT_NOT_FIT_VALIDATED
MON-B-03377,p6-1x1,Hot pink,#F5547C,30,3377,66.0,-48.0,108.0,0,CONCEPT_NOT_FIT_VALIDATED
MON-B-03378,p6-1x1,Hot pink,#F5547C,30,3378,66.0,-42.0,108.0,0,CONCEPT_NOT_FIT_VALIDATED
MON-B-03379,p6-1x1,Purple,#5E43B7,30,3379,66.0,-36.0,108.0,0,CONCEPT_NOT_FIT_VALIDATED
MON-B-03380,p6-1x1,Purple,#5E43B7,30,3380,66.0,54.0,108.0,0,CONCEPT_NOT_FIT_VALIDATED
MON-B-03381,p6-1x1,Hot pink,#F5547C,30,3381,72.0,-36.0,108.0,0,CONCEPT_NOT_FIT_VALIDATED
MON-B-03382,p6-1x1,Purple,#5E43B7,30,3382,78.0,-24.0,108.0,0,CONCEPT_NOT_FIT_VALIDATED
MON-B-03383,p6-2x1,Purple,#5E43B7,30,3383,78.0,-15.0,108.0,90,CONCEPT_NOT_FIT_VALIDATED
MON-B-03384,p6-2x2,Purple,#5E43B7,30,3384,81.0,-3.0,108.0,0,CONCEPT_NOT_FIT_VALIDATED
MON-B-03385,p6-2x2,Purple,#5E43B7,30,3385,81.0,9.0,108.0,0,CONCEPT_NOT_FIT_VALIDATED
MON-B-03386,p6-2x2,Purple,#5E43B7,30,3386,81.0,21.0,108.0,0,CONCEPT_NOT_FIT_VALIDATED
MON-B-03387,p6-2x1,Purple,#5E43B7,30,3387,78.0,33.0,108.0,90,CONCEPT_NOT_FIT_VALIDATED
MON-B-03388,p6-1x1,Purple,#5E43B7,30,3388,78.0,42.0,108.0,0,CONCEPT_NOT_FIT_VALIDATED
MON-B-03389,p6-2x1,Hot pink,#F5547C,31,3389,-15.0,-78.0,111.6,0,CONCEPT_NOT_FIT_VALIDATED
MON-B-03390,p6-2x1,Hot pink,#F5547C,31,3390,-3.0,-78.0,111.6,0,CONCEPT_NOT_FIT_VALIDATED
MON-B-03391,p6-2x1,Hot pink,#F5547C,31,3391,9.0,-78.0,111.6,0,CONCEPT_NOT_FIT_VALIDATED
MON-B-03392,p6-1x1,Hot pink,#F5547C,31,3392,18.0,-78.0,111.6,0,CONCEPT_NOT_FIT_VALIDATED
MON-B-03393,p6-1x1,Hot pink,#F5547C,31,3393,-36.0,-72.0,111.6,0,CONCEPT_NOT_FIT_VALIDATED
MON-B-03394,p6-2x1,Hot pink,#F5547C,31,3394,-27.0,-72.0,111.6,0,CONCEPT_NOT_FIT_VALIDATED
MON-B-03395,p6-2x1,Purple,#5E43B7,31,3395,-15.0,-72.0,111.6,0,CONCEPT_NOT_FIT_VALIDATED
MON-B-03396,p6-2x1,Purple,#5E43B7,31,3396,-3.0,-72.0,111.6,0,CONCEPT_NOT_FIT_VALIDATED
MON-B-03397,p6-2x1,Purple,#5E43B7,31,3397,9.0,-72.0,111.6,0,CONCEPT_NOT_FIT_VALIDATED
MON-B-03398,p6-1x1,Purple,#5E43B7,31,3398,18.0,-72.0,111.6,0,CONCEPT_NOT_FIT_VALIDATED
MON-B-03399,p6-1x1,Hot pink,#F5547C,31,3399,24.0,-72.0,111.6,0,CONCEPT_NOT_FIT_VALIDATED
MON-B-03400,p6-1x1,Hot pink,#F5547C,31,3400,30.0,-72.0,111.6,0,CONCEPT_NOT_FIT_VALIDATED
MON-B-03401,p6-1x1,Hot pink,#F5547C,31,3401,-48.0,-66.0,111.6,0,CONCEPT_NOT_FIT_VALIDATED
MON-B-03402,p6-1x1,Hot pink,#F5547C,31,3402,-42.0,-66.0,111.6,0,CONCEPT_NOT_FIT_VALIDATED
MON-B-03403,p6-4x1,Purple,#5E43B7,31,3403,-36.0,-57.0,111.6,90,CONCEPT_NOT_FIT_VALIDATED
MON-B-03404,p6-4x2,Purple,#5E43B7,31,3404,-27.0,-57.0,111.6,90,CONCEPT_NOT_FIT_VALIDATED
MON-B-03405,p6-4x2,Purple,#5E43B7,31,3405,-15.0,-57.0,111.6,90,CONCEPT_NOT_FIT_VALIDATED
MON-B-03406,p6-4x2,Purple,#5E43B7,31,3406,-3.0,-57.0,111.6,90,CONCEPT_NOT_FIT_VALIDATED
MON-B-03407,p6-4x2,Purple,#5E43B7,31,3407,9.0,-57.0,111.6,90,CONCEPT_NOT_FIT_VALIDATED
MON-B-03408,p6-4x2,Purple,#5E43B7,31,3408,21.0,-57.0,111.6,90,CONCEPT_NOT_FIT_VALIDATED
MON-B-03409,p6-4x1,Purple,#5E43B7,31,3409,30.0,-57.0,111.6,90,CONCEPT_NOT_FIT_VALIDATED
MON-B-03410,p6-1x1,Hot pink,#F5547C,31,3410,36.0,-66.0,111.6,0,CONCEPT_NOT_FIT_VALIDATED
MON-B-03411,p6-1x1,Hot pink,#F5547C,31,3411,42.0,-66.0,111.6,0,CONCEPT_NOT_FIT_VALIDATED
MON-B-03412,p6-1x1,Hot pink,#F5547C,31,3412,-54.0,-60.0,111.6,0,CONCEPT_NOT_FIT_VALIDATED
MON-B-03413,p6-3x1,Purple,#5E43B7,31,3413,-48.0,-54.0,111.6,90,CONCEPT_NOT_FIT_VALIDATED
MON-B-03414,p6-3x1,Purple,#5E43B7,31,3414,-42.0,-54.0,111.6,90,CONCEPT_NOT_FIT_VALIDATED
MON-B-03415,p6-3x1,Purple,#5E43B7,31,3415,36.0,-54.0,111.6,90,CONCEPT_NOT_FIT_VALIDATED
MON-B-03416,p6-3x1,Purple,#5E43B7,31,3416,42.0,-54.0,111.6,90,CONCEPT_NOT_FIT_VALIDATED
MON-B-03417,p6-1x1,Hot pink,#F5547C,31,3417,48.0,-60.0,111.6,0,CONCEPT_NOT_FIT_VALIDATED
MON-B-03418,p6-1x1,Hot pink,#F5547C,31,3418,54.0,-60.0,111.6,0,CONCEPT_NOT_FIT_VALIDATED
MON-B-03419,p6-1x1,Hot pink,#F5547C,31,3419,-60.0,-54.0,111.6,0,CONCEPT_NOT_FIT_VALIDATED
MON-B-03420,p6-2x1,Purple,#5E43B7,31,3420,-54.0,-51.0,111.6,90,CONCEPT_NOT_FIT_VALIDATED
MON-B-03421,p6-2x1,Purple,#5E43B7,31,3421,48.0,-51.0,111.6,90,CONCEPT_NOT_FIT_VALIDATED
MON-B-03422,p6-2x1,Purple,#5E43B7,31,3422,54.0,-51.0,111.6,90,CONCEPT_NOT_FIT_VALIDATED
MON-B-03423,p6-1x1,Hot pink,#F5547C,31,3423,60.0,-54.0,111.6,0,CONCEPT_NOT_FIT_VALIDATED
MON-B-03424,p6-1x1,Hot pink,#F5547C,31,3424,-66.0,-48.0,111.6,0,CONCEPT_NOT_FIT_VALIDATED
MON-B-03425,p6-1x1,Purple,#5E43B7,31,3425,-60.0,-48.0,111.6,0,CONCEPT_NOT_FIT_VALIDATED
MON-B-03426,p6-1x1,Purple,#5E43B7,31,3426,60.0,-48.0,111.6,0,CONCEPT_NOT_FIT_VALIDATED
MON-B-03427,p6-1x1,Hot pink,#F5547C,31,3427,66.0,-48.0,111.6,0,CONCEPT_NOT_FIT_VALIDATED
MON-B-03428,p6-1x1,Hot pink,#F5547C,31,3428,-66.0,-42.0,111.6,0,CONCEPT_NOT_FIT_VALIDATED
MON-B-03429,p6-4x1,Purple,#5E43B7,31,3429,-60.0,-33.0,111.6,90,CONCEPT_NOT_FIT_VALIDATED
MON-B-03430,p6-4x2,Purple,#5E43B7,31,3430,-51.0,-33.0,111.6,90,CONCEPT_NOT_FIT_VALIDATED
MON-B-03431,p6-4x2,Purple,#5E43B7,31,3431,-39.0,-33.0,111.6,90,CONCEPT_NOT_FIT_VALIDATED
MON-B-03432,p6-4x2,Purple,#5E43B7,31,3432,-27.0,-33.0,111.6,90,CONCEPT_NOT_FIT_VALIDATED
MON-B-03433,p6-4x2,Purple,#5E43B7,31,3433,-15.0,-33.0,111.6,90,CONCEPT_NOT_FIT_VALIDATED
MON-B-03434,p6-4x2,Purple,#5E43B7,31,3434,-3.0,-33.0,111.6,90,CONCEPT_NOT_FIT_VALIDATED
MON-B-03435,p6-4x2,Purple,#5E43B7,31,3435,9.0,-33.0,111.6,90,CONCEPT_NOT_FIT_VALIDATED
MON-B-03436,p6-4x2,Purple,#5E43B7,31,3436,21.0,-33.0,111.6,90,CONCEPT_NOT_FIT_VALIDATED
MON-B-03437,p6-4x2,Purple,#5E43B7,31,3437,33.0,-33.0,111.6,90,CONCEPT_NOT_FIT_VALIDATED
MON-B-03438,p6-4x2,Purple,#5E43B7,31,3438,45.0,-33.0,111.6,90,CONCEPT_NOT_FIT_VALIDATED
MON-B-03439,p6-4x2,Purple,#5E43B7,31,3439,57.0,-33.0,111.6,90,CONCEPT_NOT_FIT_VALIDATED
MON-B-03440,p6-2x1,Hot pink,#F5547C,31,3440,66.0,-39.0,111.6,90,CONCEPT_NOT_FIT_VALIDATED
MON-B-03441,p6-1x1,Hot pink,#F5547C,31,3441,-72.0,-36.0,111.6,0,CONCEPT_NOT_FIT_VALIDATED
MON-B-03442,p6-3x1,Purple,#5E43B7,31,3442,-66.0,-30.0,111.6,90,CONCEPT_NOT_FIT_VALIDATED
MON-B-03443,p6-2x1,Purple,#5E43B7,31,3443,-72.0,-27.0,111.6,90,CONCEPT_NOT_FIT_VALIDATED
MON-B-03444,p6-2x2,Purple,#5E43B7,31,3444,69.0,-27.0,111.6,0,CONCEPT_NOT_FIT_VALIDATED
MON-B-03445,p6-1x1,Purple,#5E43B7,31,3445,-78.0,-24.0,111.6,0,CONCEPT_NOT_FIT_VALIDATED
MON-B-03446,p6-4x2,Purple,#5E43B7,31,3446,-75.0,-9.0,111.6,90,CONCEPT_NOT_FIT_VALIDATED
MON-B-03447,p6-4x2,Purple,#5E43B7,31,3447,-63.0,-9.0,111.6,90,CONCEPT_NOT_FIT_VALIDATED
MON-B-03448,p6-4x2,Purple,#5E43B7,31,3448,-51.0,-9.0,111.6,90,CONCEPT_NOT_FIT_VALIDATED
MON-B-03449,p6-4x2,Purple,#5E43B7,31,3449,-39.0,-9.0,111.6,90,CONCEPT_NOT_FIT_VALIDATED
MON-B-03450,p6-4x2,Purple,#5E43B7,31,3450,-27.0,-9.0,111.6,90,CONCEPT_NOT_FIT_VALIDATED
MON-B-03451,p6-4x2,Purple,#5E43B7,31,3451,-15.0,-9.0,111.6,90,CONCEPT_NOT_FIT_VALIDATED
MON-B-03452,p6-4x2,Purple,#5E43B7,31,3452,-3.0,-9.0,111.6,90,CONCEPT_NOT_FIT_VALIDATED
MON-B-03453,p6-4x2,Purple,#5E43B7,31,3453,9.0,-9.0,111.6,90,CONCEPT_NOT_FIT_VALIDATED
MON-B-03454,p6-4x2,Purple,#5E43B7,31,3454,21.0,-9.0,111.6,90,CONCEPT_NOT_FIT_VALIDATED
MON-B-03455,p6-4x2,Purple,#5E43B7,31,3455,33.0,-9.0,111.6,90,CONCEPT_NOT_FIT_VALIDATED
MON-B-03456,p6-4x2,Purple,#5E43B7,31,3456,45.0,-9.0,111.6,90,CONCEPT_NOT_FIT_VALIDATED
MON-B-03457,p6-4x2,Purple,#5E43B7,31,3457,57.0,-9.0,111.6,90,CONCEPT_NOT_FIT_VALIDATED
MON-B-03458,p6-4x2,Purple,#5E43B7,31,3458,69.0,-9.0,111.6,90,CONCEPT_NOT_FIT_VALIDATED
MON-B-03459,p6-4x1,Purple,#5E43B7,31,3459,78.0,-9.0,111.6,90,CONCEPT_NOT_FIT_VALIDATED
MON-B-03460,p6-3x1,Purple,#5E43B7,31,3460,-84.0,-6.0,111.6,90,CONCEPT_NOT_FIT_VALIDATED
MON-B-03461,p6-1x1,Purple,#5E43B7,31,3461,84.0,0.0,111.6,0,CONCEPT_NOT_FIT_VALIDATED
MON-B-03462,p6-4x1,Purple,#5E43B7,31,3462,-84.0,15.0,111.6,90,CONCEPT_NOT_FIT_VALIDATED
MON-B-03463,p6-4x2,Purple,#5E43B7,31,3463,-75.0,15.0,111.6,90,CONCEPT_NOT_FIT_VALIDATED
MON-B-03464,p6-4x2,Purple,#5E43B7,31,3464,-63.0,15.0,111.6,90,CONCEPT_NOT_FIT_VALIDATED
MON-B-03465,p6-4x2,Purple,#5E43B7,31,3465,-51.0,15.0,111.6,90,CONCEPT_NOT_FIT_VALIDATED
MON-B-03466,p6-4x2,Purple,#5E43B7,31,3466,-39.0,15.0,111.6,90,CONCEPT_NOT_FIT_VALIDATED
MON-B-03467,p6-4x2,Purple,#5E43B7,31,3467,-27.0,15.0,111.6,90,CONCEPT_NOT_FIT_VALIDATED
MON-B-03468,p6-4x2,Purple,#5E43B7,31,3468,-15.0,15.0,111.6,90,CONCEPT_NOT_FIT_VALIDATED
MON-B-03469,p6-4x2,Purple,#5E43B7,31,3469,-3.0,15.0,111.6,90,CONCEPT_NOT_FIT_VALIDATED
MON-B-03470,p6-4x2,Purple,#5E43B7,31,3470,9.0,15.0,111.6,90,CONCEPT_NOT_FIT_VALIDATED
MON-B-03471,p6-4x2,Purple,#5E43B7,31,3471,21.0,15.0,111.6,90,CONCEPT_NOT_FIT_VALIDATED
MON-B-03472,p6-4x2,Purple,#5E43B7,31,3472,33.0,15.0,111.6,90,CONCEPT_NOT_FIT_VALIDATED
MON-B-03473,p6-4x2,Purple,#5E43B7,31,3473,45.0,15.0,111.6,90,CONCEPT_NOT_FIT_VALIDATED
MON-B-03474,p6-4x2,Purple,#5E43B7,31,3474,57.0,15.0,111.6,90,CONCEPT_NOT_FIT_VALIDATED
MON-B-03475,p6-4x2,Purple,#5E43B7,31,3475,69.0,15.0,111.6,90,CONCEPT_NOT_FIT_VALIDATED
MON-B-03476,p6-3x2,Purple,#5E43B7,31,3476,81.0,12.0,111.6,90,CONCEPT_NOT_FIT_VALIDATED
MON-B-03477,p6-1x1,Purple,#5E43B7,31,3477,78.0,24.0,111.6,0,CONCEPT_NOT_FIT_VALIDATED
MON-B-03478,p6-1x1,Purple,#5E43B7,31,3478,-84.0,30.0,111.6,0,CONCEPT_NOT_FIT_VALIDATED
MON-B-03479,p6-3x2,Purple,#5E43B7,31,3479,-75.0,36.0,111.6,90,CONCEPT_NOT_FIT_VALIDATED
MON-B-03480,p6-4x2,Purple,#5E43B7,31,3480,-63.0,39.0,111.6,90,CONCEPT_NOT_FIT_VALIDATED
MON-B-03481,p6-4x2,Purple,#5E43B7,31,3481,-51.0,39.0,111.6,90,CONCEPT_NOT_FIT_VALIDATED
MON-B-03482,p6-4x2,Purple,#5E43B7,31,3482,-39.0,39.0,111.6,90,CONCEPT_NOT_FIT_VALIDATED
MON-B-03483,p6-4x2,Purple,#5E43B7,31,3483,-27.0,39.0,111.6,90,CONCEPT_NOT_FIT_VALIDATED
MON-B-03484,p6-4x2,Purple,#5E43B7,31,3484,-15.0,39.0,111.6,90,CONCEPT_NOT_FIT_VALIDATED
MON-B-03485,p6-4x2,Purple,#5E43B7,31,3485,-3.0,39.0,111.6,90,CONCEPT_NOT_FIT_VALIDATED
MON-B-03486,p6-4x2,Purple,#5E43B7,31,3486,9.0,39.0,111.6,90,CONCEPT_NOT_FIT_VALIDATED
MON-B-03487,p6-4x2,Purple,#5E43B7,31,3487,21.0,39.0,111.6,90,CONCEPT_NOT_FIT_VALIDATED
MON-B-03488,p6-4x2,Purple,#5E43B7,31,3488,33.0,39.0,111.6,90,CONCEPT_NOT_FIT_VALIDATED
MON-B-03489,p6-4x2,Purple,#5E43B7,31,3489,45.0,39.0,111.6,90,CONCEPT_NOT_FIT_VALIDATED
MON-B-03490,p6-4x2,Purple,#5E43B7,31,3490,57.0,39.0,111.6,90,CONCEPT_NOT_FIT_VALIDATED
MON-B-03491,p6-4x2,Purple,#5E43B7,31,3491,69.0,39.0,111.6,90,CONCEPT_NOT_FIT_VALIDATED
MON-B-03492,p6-2x1,Purple,#5E43B7,31,3492,78.0,33.0,111.6,90,CONCEPT_NOT_FIT_VALIDATED
MON-B-03493,p6-1x1,Purple,#5E43B7,31,3493,-72.0,48.0,111.6,0,CONCEPT_NOT_FIT_VALIDATED
MON-B-03494,p6-2x1,Purple,#5E43B7,31,3494,-63.0,54.0,111.6,0,CONCEPT_NOT_FIT_VALIDATED
MON-B-03495,p6-3x2,Purple,#5E43B7,31,3495,-51.0,60.0,111.6,90,CONCEPT_NOT_FIT_VALIDATED
MON-B-03496,p6-4x2,Purple,#5E43B7,31,3496,-39.0,63.0,111.6,90,CONCEPT_NOT_FIT_VALIDATED
MON-B-03497,p6-4x2,Purple,#5E43B7,31,3497,-27.0,63.0,111.6,90,CONCEPT_NOT_FIT_VALIDATED
MON-B-03498,p6-4x2,Purple,#5E43B7,31,3498,-15.0,63.0,111.6,90,CONCEPT_NOT_FIT_VALIDATED
MON-B-03499,p6-4x2,Purple,#5E43B7,31,3499,-3.0,63.0,111.6,90,CONCEPT_NOT_FIT_VALIDATED
MON-B-03500,p6-4x2,Purple,#5E43B7,31,3500,9.0,63.0,111.6,90,CONCEPT_NOT_FIT_VALIDATED
MON-B-03501,p6-4x2,Purple,#5E43B7,31,3501,21.0,63.0,111.6,90,CONCEPT_NOT_FIT_VALIDATED
MON-B-03502,p6-4x2,Purple,#5E43B7,31,3502,33.0,63.0,111.6,90,CONCEPT_NOT_FIT_VALIDATED
MON-B-03503,p6-3x2,Purple,#5E43B7,31,3503,45.0,60.0,111.6,90,CONCEPT_NOT_FIT_VALIDATED
MON-B-03504,p6-2x2,Purple,#5E43B7,31,3504,57.0,57.0,111.6,0,CONCEPT_NOT_FIT_VALIDATED
MON-B-03505,p6-1x1,Purple,#5E43B7,31,3505,66.0,54.0,111.6,0,CONCEPT_NOT_FIT_VALIDATED
MON-B-03506,p6-1x1,Purple,#5E43B7,31,3506,-60.0,60.0,111.6,0,CONCEPT_NOT_FIT_VALIDATED
MON-B-03507,p6-1x1,Purple,#5E43B7,31,3507,54.0,66.0,111.6,0,CONCEPT_NOT_FIT_VALIDATED
MON-B-03508,p6-1x1,Purple,#5E43B7,31,3508,42.0,72.0,111.6,0,CONCEPT_NOT_FIT_VALIDATED
MON-B-03509,p6-2x1,Purple,#5E43B7,31,3509,-27.0,78.0,111.6,0,CONCEPT_NOT_FIT_VALIDATED
MON-B-03510,p6-2x1,Purple,#5E43B7,31,3510,-15.0,78.0,111.6,0,CONCEPT_NOT_FIT_VALIDATED
MON-B-03511,p6-2x1,Purple,#5E43B7,31,3511,-3.0,78.0,111.6,0,CONCEPT_NOT_FIT_VALIDATED
MON-B-03512,p6-2x1,Purple,#5E43B7,31,3512,9.0,78.0,111.6,0,CONCEPT_NOT_FIT_VALIDATED
MON-B-03513,p6-2x1,Purple,#5E43B7,31,3513,21.0,78.0,111.6,0,CONCEPT_NOT_FIT_VALIDATED
MON-B-03514,p6-1x1,Purple,#5E43B7,31,3514,30.0,78.0,111.6,0,CONCEPT_NOT_FIT_VALIDATED
MON-B-03515,p6-2x1,Purple,#5E43B7,32,3515,-81.0,-6.0,115.2,0,CONCEPT_NOT_FIT_VALIDATED
MON-B-03516,p6-2x2,Purple,#5E43B7,32,3516,-81.0,3.0,115.2,0,CONCEPT_NOT_FIT_VALIDATED
MON-B-03517,p6-2x2,Purple,#5E43B7,32,3517,-81.0,15.0,115.2,0,CONCEPT_NOT_FIT_VALIDATED
MON-B-03518,p6-2x1,Purple,#5E43B7,32,3518,-81.0,24.0,115.2,0,CONCEPT_NOT_FIT_VALIDATED
MON-B-03519,p6-2x1,Purple,#5E43B7,32,3519,-78.0,-21.0,115.2,90,CONCEPT_NOT_FIT_VALIDATED
MON-B-03520,p6-1x1,Purple,#5E43B7,32,3520,-78.0,-12.0,115.2,0,CONCEPT_NOT_FIT_VALIDATED
MON-B-03521,p6-1x1,Purple,#5E43B7,32,3521,-78.0,30.0,115.2,0,CONCEPT_NOT_FIT_VALIDATED
MON-B-03522,p6-2x1,Purple,#5E43B7,32,3522,-78.0,39.0,115.2,90,CONCEPT_NOT_FIT_VALIDATED
MON-B-03523,p6-4x2,Purple,#5E43B7,32,3523,-63.0,-33.0,115.2,0,CONCEPT_NOT_FIT_VALIDATED
MON-B-03524,p6-4x2,Purple,#5E43B7,32,3524,-63.0,-21.0,115.2,0,CONCEPT_NOT_FIT_VALIDATED
MON-B-03525,p6-4x2,Purple,#5E43B7,32,3525,-63.0,-9.0,115.2,0,CONCEPT_NOT_FIT_VALIDATED
MON-B-03526,p6-4x2,Purple,#5E43B7,32,3526,-63.0,3.0,115.2,0,CONCEPT_NOT_FIT_VALIDATED
MON-B-03527,p6-4x2,Purple,#5E43B7,32,3527,-63.0,15.0,115.2,0,CONCEPT_NOT_FIT_VALIDATED
MON-B-03528,p6-4x2,Purple,#5E43B7,32,3528,-63.0,27.0,115.2,0,CONCEPT_NOT_FIT_VALIDATED
MON-B-03529,p6-4x2,Purple,#5E43B7,32,3529,-63.0,39.0,115.2,0,CONCEPT_NOT_FIT_VALIDATED
MON-B-03530,p6-4x1,Purple,#5E43B7,32,3530,-63.0,48.0,115.2,0,CONCEPT_NOT_FIT_VALIDATED
MON-B-03531,p6-2x1,Hot pink,#F5547C,32,3531,-66.0,-45.0,115.2,90,CONCEPT_NOT_FIT_VALIDATED
MON-B-03532,p6-3x1,Purple,#5E43B7,32,3532,-60.0,54.0,115.2,0,CONCEPT_NOT_FIT_VALIDATED
MON-B-03533,p6-1x1,Hot pink,#F5547C,32,3533,-60.0,-54.0,115.2,0,CONCEPT_NOT_FIT_VALIDATED
MON-B-03534,p6-2x2,Purple,#5E43B7,32,3534,-57.0,-45.0,115.2,0,CONCEPT_NOT_FIT_VALIDATED
MON-B-03535,p6-2x1,Purple,#5E43B7,32,3535,-57.0,60.0,115.2,0,CONCEPT_NOT_FIT_VALIDATED
MON-B-03536,p6-1x1,Hot pink,#F5547C,32,3536,-54.0,-60.0,115.2,0,CONCEPT_NOT_FIT_VALIDATED
MON-B-03537,p6-1x1,Purple,#5E43B7,32,3537,-54.0,-54.0,115.2,0,CONCEPT_NOT_FIT_VALIDATED
MON-B-03538,p6-1x1,Purple,#5E43B7,32,3538,-54.0,66.0,115.2,0,CONCEPT_NOT_FIT_VALIDATED
MON-B-03539,p6-2x1,Hot pink,#F5547C,32,3539,-45.0,-66.0,115.2,0,CONCEPT_NOT_FIT_VALIDATED
MON-B-03540,p6-4x2,Purple,#5E43B7,32,3540,-39.0,-57.0,115.2,0,CONCEPT_NOT_FIT_VALIDATED
MON-B-03541,p6-4x2,Purple,#5E43B7,32,3541,-39.0,-45.0,115.2,0,CONCEPT_NOT_FIT_VALIDATED
MON-B-03542,p6-4x2,Purple,#5E43B7,32,3542,-39.0,-33.0,115.2,0,CONCEPT_NOT_FIT_VALIDATED
MON-B-03543,p6-4x2,Purple,#5E43B7,32,3543,-39.0,-21.0,115.2,0,CONCEPT_NOT_FIT_VALIDATED
MON-B-03544,p6-4x2,Purple,#5E43B7,32,3544,-39.0,-9.0,115.2,0,CONCEPT_NOT_FIT_VALIDATED
MON-B-03545,p6-4x2,Purple,#5E43B7,32,3545,-39.0,3.0,115.2,0,CONCEPT_NOT_FIT_VALIDATED
MON-B-03546,p6-4x2,Purple,#5E43B7,32,3546,-39.0,15.0,115.2,0,CONCEPT_NOT_FIT_VALIDATED
MON-B-03547,p6-4x2,Purple,#5E43B7,32,3547,-39.0,27.0,115.2,0,CONCEPT_NOT_FIT_VALIDATED
MON-B-03548,p6-4x2,Purple,#5E43B7,32,3548,-39.0,39.0,115.2,0,CONCEPT_NOT_FIT_VALIDATED
MON-B-03549,p6-4x2,Purple,#5E43B7,32,3549,-39.0,51.0,115.2,0,CONCEPT_NOT_FIT_VALIDATED
MON-B-03550,p6-4x2,Purple,#5E43B7,32,3550,-39.0,63.0,115.2,0,CONCEPT_NOT_FIT_VALIDATED
MON-B-03551,p6-3x1,Purple,#5E43B7,32,3551,-36.0,72.0,115.2,0,CONCEPT_NOT_FIT_VALIDATED
MON-B-03552,p6-2x1,Hot pink,#F5547C,32,3552,-33.0,-72.0,115.2,0,CONCEPT_NOT_FIT_VALIDATED
MON-B-03553,p6-2x1,Purple,#5E43B7,32,3553,-33.0,-66.0,115.2,0,CONCEPT_NOT_FIT_VALIDATED
MON-B-03554,p6-2x1,Hot pink,#F5547C,32,3554,-21.0,-72.0,115.2,0,CONCEPT_NOT_FIT_VALIDATED
MON-B-03555,p6-4x1,Purple,#5E43B7,32,3555,-15.0,-66.0,115.2,0,CONCEPT_NOT_FIT_VALIDATED
MON-B-03556,p6-4x2,Purple,#5E43B7,32,3556,-15.0,-57.0,115.2,0,CONCEPT_NOT_FIT_VALIDATED
MON-B-03557,p6-4x2,Purple,#5E43B7,32,3557,-15.0,-45.0,115.2,0,CONCEPT_NOT_FIT_VALIDATED
MON-B-03558,p6-4x2,Purple,#5E43B7,32,3558,-15.0,-33.0,115.2,0,CONCEPT_NOT_FIT_VALIDATED
MON-B-03559,p6-4x2,Purple,#5E43B7,32,3559,-15.0,-21.0,115.2,0,CONCEPT_NOT_FIT_VALIDATED
MON-B-03560,p6-4x2,Purple,#5E43B7,32,3560,-15.0,-9.0,115.2,0,CONCEPT_NOT_FIT_VALIDATED
MON-B-03561,p6-4x2,Purple,#5E43B7,32,3561,-15.0,3.0,115.2,0,CONCEPT_NOT_FIT_VALIDATED
MON-B-03562,p6-4x2,Purple,#5E43B7,32,3562,-15.0,15.0,115.2,0,CONCEPT_NOT_FIT_VALIDATED
MON-B-03563,p6-4x2,Purple,#5E43B7,32,3563,-15.0,27.0,115.2,0,CONCEPT_NOT_FIT_VALIDATED
MON-B-03564,p6-4x2,Purple,#5E43B7,32,3564,-15.0,39.0,115.2,0,CONCEPT_NOT_FIT_VALIDATED
MON-B-03565,p6-4x2,Purple,#5E43B7,32,3565,-15.0,51.0,115.2,0,CONCEPT_NOT_FIT_VALIDATED
MON-B-03566,p6-4x2,Purple,#5E43B7,32,3566,-15.0,63.0,115.2,0,CONCEPT_NOT_FIT_VALIDATED
MON-B-03567,p6-4x2,Purple,#5E43B7,32,3567,-15.0,75.0,115.2,0,CONCEPT_NOT_FIT_VALIDATED
MON-B-03568,p6-2x1,Hot pink,#F5547C,32,3568,-9.0,-78.0,115.2,0,CONCEPT_NOT_FIT_VALIDATED
MON-B-03569,p6-2x1,Purple,#5E43B7,32,3569,-9.0,-72.0,115.2,0,CONCEPT_NOT_FIT_VALIDATED
MON-B-03570,p6-3x1,Hot pink,#F5547C,32,3570,6.0,-78.0,115.2,0,CONCEPT_NOT_FIT_VALIDATED
MON-B-03571,p6-3x2,Purple,#5E43B7,32,3571,6.0,-69.0,115.2,0,CONCEPT_NOT_FIT_VALIDATED
MON-B-03572,p6-4x2,Purple,#5E43B7,32,3572,9.0,-57.0,115.2,0,CONCEPT_NOT_FIT_VALIDATED
MON-B-03573,p6-4x2,Purple,#5E43B7,32,3573,9.0,-45.0,115.2,0,CONCEPT_NOT_FIT_VALIDATED
MON-B-03574,p6-4x2,Purple,#5E43B7,32,3574,9.0,-33.0,115.2,0,CONCEPT_NOT_FIT_VALIDATED
MON-B-03575,p6-4x2,Purple,#5E43B7,32,3575,9.0,-21.0,115.2,0,CONCEPT_NOT_FIT_VALIDATED
MON-B-03576,p6-4x2,Purple,#5E43B7,32,3576,9.0,-9.0,115.2,0,CONCEPT_NOT_FIT_VALIDATED
MON-B-03577,p6-4x2,Purple,#5E43B7,32,3577,9.0,3.0,115.2,0,CONCEPT_NOT_FIT_VALIDATED
MON-B-03578,p6-4x2,Purple,#5E43B7,32,3578,9.0,15.0,115.2,0,CONCEPT_NOT_FIT_VALIDATED
MON-B-03579,p6-4x2,Purple,#5E43B7,32,3579,9.0,27.0,115.2,0,CONCEPT_NOT_FIT_VALIDATED
MON-B-03580,p6-4x2,Purple,#5E43B7,32,3580,9.0,39.0,115.2,0,CONCEPT_NOT_FIT_VALIDATED
MON-B-03581,p6-4x2,Purple,#5E43B7,32,3581,9.0,51.0,115.2,0,CONCEPT_NOT_FIT_VALIDATED
MON-B-03582,p6-4x2,Purple,#5E43B7,32,3582,9.0,63.0,115.2,0,CONCEPT_NOT_FIT_VALIDATED
MON-B-03583,p6-4x2,Purple,#5E43B7,32,3583,9.0,75.0,115.2,0,CONCEPT_NOT_FIT_VALIDATED
MON-B-03584,p6-1x1,Hot pink,#F5547C,32,3584,18.0,-72.0,115.2,0,CONCEPT_NOT_FIT_VALIDATED
MON-B-03585,p6-1x1,Purple,#5E43B7,32,3585,18.0,-66.0,115.2,0,CONCEPT_NOT_FIT_VALIDATED
MON-B-03586,p6-2x1,Hot pink,#F5547C,32,3586,27.0,-72.0,115.2,0,CONCEPT_NOT_FIT_VALIDATED
MON-B-03587,p6-2x1,Purple,#5E43B7,32,3587,27.0,-66.0,115.2,0,CONCEPT_NOT_FIT_VALIDATED
MON-B-03588,p6-4x2,Purple,#5E43B7,32,3588,33.0,-57.0,115.2,0,CONCEPT_NOT_FIT_VALIDATED
MON-B-03589,p6-4x2,Purple,#5E43B7,32,3589,33.0,-45.0,115.2,0,CONCEPT_NOT_FIT_VALIDATED
MON-B-03590,p6-4x2,Purple,#5E43B7,32,3590,33.0,-33.0,115.2,0,CONCEPT_NOT_FIT_VALIDATED
MON-B-03591,p6-4x2,Purple,#5E43B7,32,3591,33.0,-21.0,115.2,0,CONCEPT_NOT_FIT_VALIDATED
MON-B-03592,p6-4x2,Purple,#5E43B7,32,3592,33.0,-9.0,115.2,0,CONCEPT_NOT_FIT_VALIDATED
MON-B-03593,p6-4x2,Purple,#5E43B7,32,3593,33.0,3.0,115.2,0,CONCEPT_NOT_FIT_VALIDATED
MON-B-03594,p6-4x2,Purple,#5E43B7,32,3594,33.0,15.0,115.2,0,CONCEPT_NOT_FIT_VALIDATED
MON-B-03595,p6-4x2,Purple,#5E43B7,32,3595,33.0,27.0,115.2,0,CONCEPT_NOT_FIT_VALIDATED
MON-B-03596,p6-4x2,Purple,#5E43B7,32,3596,33.0,39.0,115.2,0,CONCEPT_NOT_FIT_VALIDATED
MON-B-03597,p6-4x2,Purple,#5E43B7,32,3597,33.0,51.0,115.2,0,CONCEPT_NOT_FIT_VALIDATED
MON-B-03598,p6-4x2,Purple,#5E43B7,32,3598,33.0,63.0,115.2,0,CONCEPT_NOT_FIT_VALIDATED
MON-B-03599,p6-4x1,Purple,#5E43B7,32,3599,33.0,72.0,115.2,0,CONCEPT_NOT_FIT_VALIDATED
MON-B-03600,p6-1x1,Purple,#5E43B7,32,3600,24.0,78.0,115.2,0,CONCEPT_NOT_FIT_VALIDATED
MON-B-03601,p6-2x1,Hot pink,#F5547C,32,3601,39.0,-66.0,115.2,0,CONCEPT_NOT_FIT_VALIDATED
MON-B-03602,p6-2x1,Hot pink,#F5547C,32,3602,51.0,-60.0,115.2,0,CONCEPT_NOT_FIT_VALIDATED
MON-B-03603,p6-2x1,Purple,#5E43B7,32,3603,51.0,-54.0,115.2,0,CONCEPT_NOT_FIT_VALIDATED
MON-B-03604,p6-3x2,Purple,#5E43B7,32,3604,54.0,-45.0,115.2,0,CONCEPT_NOT_FIT_VALIDATED
MON-B-03605,p6-3x2,Purple,#5E43B7,32,3605,54.0,-33.0,115.2,0,CONCEPT_NOT_FIT_VALIDATED
MON-B-03606,p6-4x2,Purple,#5E43B7,32,3606,57.0,-21.0,115.2,0,CONCEPT_NOT_FIT_VALIDATED
MON-B-03607,p6-4x2,Purple,#5E43B7,32,3607,57.0,-9.0,115.2,0,CONCEPT_NOT_FIT_VALIDATED
MON-B-03608,p6-4x2,Purple,#5E43B7,32,3608,57.0,3.0,115.2,0,CONCEPT_NOT_FIT_VALIDATED
MON-B-03609,p6-4x2,Purple,#5E43B7,32,3609,57.0,15.0,115.2,0,CONCEPT_NOT_FIT_VALIDATED
MON-B-03610,p6-4x2,Purple,#5E43B7,32,3610,57.0,27.0,115.2,0,CONCEPT_NOT_FIT_VALIDATED
MON-B-03611,p6-4x2,Purple,#5E43B7,32,3611,57.0,39.0,115.2,0,CONCEPT_NOT_FIT_VALIDATED
MON-B-03612,p6-4x2,Purple,#5E43B7,32,3612,57.0,51.0,115.2,0,CONCEPT_NOT_FIT_VALIDATED
MON-B-03613,p6-2x2,Purple,#5E43B7,32,3613,51.0,63.0,115.2,0,CONCEPT_NOT_FIT_VALIDATED
MON-B-03614,p6-1x1,Hot pink,#F5547C,32,3614,60.0,-54.0,115.2,0,CONCEPT_NOT_FIT_VALIDATED
MON-B-03615,p6-1x1,Purple,#5E43B7,32,3615,60.0,60.0,115.2,0,CONCEPT_NOT_FIT_VALIDATED
MON-B-03616,p6-2x1,Hot pink,#F5547C,32,3616,66.0,-45.0,115.2,90,CONCEPT_NOT_FIT_VALIDATED
MON-B-03617,p6-1x1,Hot pink,#F5547C,32,3617,66.0,-36.0,115.2,0,CONCEPT_NOT_FIT_VALIDATED
MON-B-03618,p6-1x1,Purple,#5E43B7,32,3618,66.0,-30.0,115.2,0,CONCEPT_NOT_FIT_VALIDATED
MON-B-03619,p6-1x1,Purple,#5E43B7,32,3619,72.0,-30.0,115.2,0,CONCEPT_NOT_FIT_VALIDATED
MON-B-03620,p6-2x1,Purple,#5E43B7,32,3620,72.0,-21.0,115.2,90,CONCEPT_NOT_FIT_VALIDATED
MON-B-03621,p6-2x2,Purple,#5E43B7,32,3621,75.0,-9.0,115.2,0,CONCEPT_NOT_FIT_VALIDATED
MON-B-03622,p6-3x2,Purple,#5E43B7,32,3622,78.0,3.0,115.2,0,CONCEPT_NOT_FIT_VALIDATED
MON-B-03623,p6-2x2,Purple,#5E43B7,32,3623,75.0,15.0,115.2,0,CONCEPT_NOT_FIT_VALIDATED
MON-B-03624,p6-2x2,Purple,#5E43B7,32,3624,75.0,27.0,115.2,0,CONCEPT_NOT_FIT_VALIDATED
MON-B-03625,p6-2x1,Purple,#5E43B7,32,3625,75.0,36.0,115.2,0,CONCEPT_NOT_FIT_VALIDATED
MON-B-03626,p6-1x1,Purple,#5E43B7,32,3626,72.0,42.0,115.2,0,CONCEPT_NOT_FIT_VALIDATED
MON-B-03627,p6-1x1,Purple,#5E43B7,32,3627,72.0,48.0,115.2,0,CONCEPT_NOT_FIT_VALIDATED
MON-B-03628,p6-1x1,Purple,#5E43B7,32,3628,78.0,-18.0,115.2,0,CONCEPT_NOT_FIT_VALIDATED
MON-B-03629,p6-1x1,Purple,#5E43B7,32,3629,84.0,12.0,115.2,0,CONCEPT_NOT_FIT_VALIDATED
MON-B-03630,p6-1x1,Hot pink,#F5547C,33,3630,-6.0,-78.0,118.8,0,CONCEPT_NOT_FIT_VALIDATED
MON-B-03631,p6-1x1,Hot pink,#F5547C,33,3631,0.0,-78.0,118.8,0,CONCEPT_NOT_FIT_VALIDATED
MON-B-03632,p6-1x1,Hot pink,#F5547C,33,3632,-30.0,-72.0,118.8,0,CONCEPT_NOT_FIT_VALIDATED
MON-B-03633,p6-2x1,Hot pink,#F5547C,33,3633,-21.0,-72.0,118.8,0,CONCEPT_NOT_FIT_VALIDATED
MON-B-03634,p6-1x1,Hot pink,#F5547C,33,3634,-12.0,-72.0,118.8,0,CONCEPT_NOT_FIT_VALIDATED
MON-B-03635,p6-4x1,Purple,#5E43B7,33,3635,-6.0,-63.0,118.8,90,CONCEPT_NOT_FIT_VALIDATED
MON-B-03636,p6-4x1,Purple,#5E43B7,33,3636,0.0,-63.0,118.8,90,CONCEPT_NOT_FIT_VALIDATED
MON-B-03637,p6-1x1,Hot pink,#F5547C,33,3637,6.0,-72.0,118.8,0,CONCEPT_NOT_FIT_VALIDATED
MON-B-03638,p6-2x1,Hot pink,#F5547C,33,3638,15.0,-72.0,118.8,0,CONCEPT_NOT_FIT_VALIDATED
MON-B-03639,p6-2x1,Hot pink,#F5547C,33,3639,27.0,-72.0,118.8,0,CONCEPT_NOT_FIT_VALIDATED
MON-B-03640,p6-1x1,Hot pink,#F5547C,33,3640,-42.0,-66.0,118.8,0,CONCEPT_NOT_FIT_VALIDATED
MON-B-03641,p6-1x1,Hot pink,#F5547C,33,3641,-36.0,-66.0,118.8,0,CONCEPT_NOT_FIT_VALIDATED
MON-B-03642,p6-3x1,Purple,#5E43B7,33,3642,-30.0,-60.0,118.8,90,CONCEPT_NOT_FIT_VALIDATED
MON-B-03643,p6-3x2,Purple,#5E43B7,33,3643,-21.0,-60.0,118.8,90,CONCEPT_NOT_FIT_VALIDATED
MON-B-03644,p6-3x1,Purple,#5E43B7,33,3644,-12.0,-60.0,118.8,90,CONCEPT_NOT_FIT_VALIDATED
MON-B-03645,p6-3x1,Purple,#5E43B7,33,3645,6.0,-60.0,118.8,90,CONCEPT_NOT_FIT_VALIDATED
MON-B-03646,p6-3x2,Purple,#5E43B7,33,3646,15.0,-60.0,118.8,90,CONCEPT_NOT_FIT_VALIDATED
MON-B-03647,p6-3x2,Purple,#5E43B7,33,3647,27.0,-60.0,118.8,90,CONCEPT_NOT_FIT_VALIDATED
MON-B-03648,p6-2x1,Hot pink,#F5547C,33,3648,39.0,-66.0,118.8,0,CONCEPT_NOT_FIT_VALIDATED
MON-B-03649,p6-1x1,Hot pink,#F5547C,33,3649,-54.0,-60.0,118.8,0,CONCEPT_NOT_FIT_VALIDATED
MON-B-03650,p6-1x1,Hot pink,#F5547C,33,3650,-48.0,-60.0,118.8,0,CONCEPT_NOT_FIT_VALIDATED
MON-B-03651,p6-2x1,Purple,#5E43B7,33,3651,-42.0,-57.0,118.8,90,CONCEPT_NOT_FIT_VALIDATED
MON-B-03652,p6-2x1,Purple,#5E43B7,33,3652,-36.0,-57.0,118.8,90,CONCEPT_NOT_FIT_VALIDATED
MON-B-03653,p6-2x2,Purple,#5E43B7,33,3653,39.0,-57.0,118.8,0,CONCEPT_NOT_FIT_VALIDATED
MON-B-03654,p6-2x1,Hot pink,#F5547C,33,3654,51.0,-60.0,118.8,0,CONCEPT_NOT_FIT_VALIDATED
MON-B-03655,p6-1x1,Hot pink,#F5547C,33,3655,-60.0,-54.0,118.8,0,CONCEPT_NOT_FIT_VALIDATED
MON-B-03656,p6-1x1,Purple,#5E43B7,33,3656,-54.0,-54.0,118.8,0,CONCEPT_NOT_FIT_VALIDATED
MON-B-03657,p6-1x1,Purple,#5E43B7,33,3657,-48.0,-54.0,118.8,0,CONCEPT_NOT_FIT_VALIDATED
MON-B-03658,p6-2x1,Purple,#5E43B7,33,3658,51.0,-54.0,118.8,0,CONCEPT_NOT_FIT_VALIDATED
MON-B-03659,p6-1x1,Hot pink,#F5547C,33,3659,60.0,-54.0,118.8,0,CONCEPT_NOT_FIT_VALIDATED
MON-B-03660,p6-2x1,Hot pink,#F5547C,33,3660,-66.0,-45.0,118.8,90,CONCEPT_NOT_FIT_VALIDATED
MON-B-03661,p6-4x2,Purple,#5E43B7,33,3661,-57.0,-39.0,118.8,90,CONCEPT_NOT_FIT_VALIDATED
MON-B-03662,p6-4x2,Purple,#5E43B7,33,3662,-45.0,-39.0,118.8,90,CONCEPT_NOT_FIT_VALIDATED
MON-B-03663,p6-4x2,Purple,#5E43B7,33,3663,-33.0,-39.0,118.8,90,CONCEPT_NOT_FIT_VALIDATED
MON-B-03664,p6-4x2,Purple,#5E43B7,33,3664,-21.0,-39.0,118.8,90,CONCEPT_NOT_FIT_VALIDATED
MON-B-03665,p6-4x2,Purple,#5E43B7,33,3665,-9.0,-39.0,118.8,90,CONCEPT_NOT_FIT_VALIDATED
MON-B-03666,p6-4x2,Purple,#5E43B7,33,3666,3.0,-39.0,118.8,90,CONCEPT_NOT_FIT_VALIDATED
MON-B-03667,p6-4x2,Purple,#5E43B7,33,3667,15.0,-39.0,118.8,90,CONCEPT_NOT_FIT_VALIDATED
MON-B-03668,p6-4x2,Purple,#5E43B7,33,3668,27.0,-39.0,118.8,90,CONCEPT_NOT_FIT_VALIDATED
MON-B-03669,p6-4x2,Purple,#5E43B7,33,3669,39.0,-39.0,118.8,90,CONCEPT_NOT_FIT_VALIDATED
MON-B-03670,p6-4x2,Purple,#5E43B7,33,3670,51.0,-39.0,118.8,90,CONCEPT_NOT_FIT_VALIDATED
MON-B-03671,p6-1x1,Hot pink,#F5547C,33,3671,60.0,-48.0,118.8,0,CONCEPT_NOT_FIT_VALIDATED
MON-B-03672,p6-3x1,Purple,#5E43B7,33,3672,60.0,-36.0,118.8,90,CONCEPT_NOT_FIT_VALIDATED
MON-B-03673,p6-1x1,Hot pink,#F5547C,33,3673,66.0,-42.0,118.8,0,CONCEPT_NOT_FIT_VALIDATED
MON-B-03674,p6-2x1,Purple,#5E43B7,33,3674,-66.0,-33.0,118.8,90,CONCEPT_NOT_FIT_VALIDATED
MON-B-03675,p6-2x1,Purple,#5E43B7,33,3675,66.0,-33.0,118.8,90,CONCEPT_NOT_FIT_VALIDATED
MON-B-03676,p6-1x1,Purple,#5E43B7,33,3676,-72.0,-30.0,118.8,0,CONCEPT_NOT_FIT_VALIDATED
MON-B-03677,p6-1x1,Purple,#5E43B7,33,3677,72.0,-30.0,118.8,0,CONCEPT_NOT_FIT_VALIDATED
MON-B-03678,p6-4x2,Purple,#5E43B7,33,3678,-69.0,-15.0,118.8,90,CONCEPT_NOT_FIT_VALIDATED
MON-B-03679,p6-4x2,Purple,#5E43B7,33,3679,-57.0,-15.0,118.8,90,CONCEPT_NOT_FIT_VALIDATED
MON-B-03680,p6-4x2,Purple,#5E43B7,33,3680,-45.0,-15.0,118.8,90,CONCEPT_NOT_FIT_VALIDATED
MON-B-03681,p6-4x2,Purple,#5E43B7,33,3681,-33.0,-15.0,118.8,90,CONCEPT_NOT_FIT_VALIDATED
MON-B-03682,p6-4x2,Purple,#5E43B7,33,3682,-21.0,-15.0,118.8,90,CONCEPT_NOT_FIT_VALIDATED
MON-B-03683,p6-4x2,Purple,#5E43B7,33,3683,-9.0,-15.0,118.8,90,CONCEPT_NOT_FIT_VALIDATED
MON-B-03684,p6-4x2,Purple,#5E43B7,33,3684,3.0,-15.0,118.8,90,CONCEPT_NOT_FIT_VALIDATED
MON-B-03685,p6-4x2,Purple,#5E43B7,33,3685,15.0,-15.0,118.8,90,CONCEPT_NOT_FIT_VALIDATED
MON-B-03686,p6-4x2,Purple,#5E43B7,33,3686,27.0,-15.0,118.8,90,CONCEPT_NOT_FIT_VALIDATED
MON-B-03687,p6-4x2,Purple,#5E43B7,33,3687,39.0,-15.0,118.8,90,CONCEPT_NOT_FIT_VALIDATED
MON-B-03688,p6-4x2,Purple,#5E43B7,33,3688,51.0,-15.0,118.8,90,CONCEPT_NOT_FIT_VALIDATED
MON-B-03689,p6-4x2,Purple,#5E43B7,33,3689,63.0,-15.0,118.8,90,CONCEPT_NOT_FIT_VALIDATED
MON-B-03690,p6-4x1,Purple,#5E43B7,33,3690,72.0,-15.0,118.8,90,CONCEPT_NOT_FIT_VALIDATED
MON-B-03691,p6-3x1,Purple,#5E43B7,33,3691,-78.0,-12.0,118.8,90,CONCEPT_NOT_FIT_VALIDATED
MON-B-03692,p6-3x1,Purple,#5E43B7,33,3692,78.0,-12.0,118.8,90,CONCEPT_NOT_FIT_VALIDATED
MON-B-03693,p6-1x1,Purple,#5E43B7,33,3693,-84.0,-6.0,118.8,0,CONCEPT_NOT_FIT_VALIDATED
MON-B-03694,p6-4x2,Purple,#5E43B7,33,3694,-81.0,9.0,118.8,90,CONCEPT_NOT_FIT_VALIDATED
MON-B-03695,p6-4x2,Purple,#5E43B7,33,3695,-69.0,9.0,118.8,90,CONCEPT_NOT_FIT_VALIDATED
MON-B-03696,p6-4x2,Purple,#5E43B7,33,3696,-57.0,9.0,118.8,90,CONCEPT_NOT_FIT_VALIDATED
MON-B-03697,p6-4x2,Purple,#5E43B7,33,3697,-45.0,9.0,118.8,90,CONCEPT_NOT_FIT_VALIDATED
MON-B-03698,p6-4x2,Purple,#5E43B7,33,3698,-33.0,9.0,118.8,90,CONCEPT_NOT_FIT_VALIDATED
MON-B-03699,p6-4x2,Purple,#5E43B7,33,3699,-21.0,9.0,118.8,90,CONCEPT_NOT_FIT_VALIDATED
MON-B-03700,p6-4x2,Purple,#5E43B7,33,3700,-9.0,9.0,118.8,90,CONCEPT_NOT_FIT_VALIDATED
MON-B-03701,p6-4x2,Purple,#5E43B7,33,3701,3.0,9.0,118.8,90,CONCEPT_NOT_FIT_VALIDATED
MON-B-03702,p6-4x2,Purple,#5E43B7,33,3702,15.0,9.0,118.8,90,CONCEPT_NOT_FIT_VALIDATED
MON-B-03703,p6-4x2,Purple,#5E43B7,33,3703,27.0,9.0,118.8,90,CONCEPT_NOT_FIT_VALIDATED
MON-B-03704,p6-4x2,Purple,#5E43B7,33,3704,39.0,9.0,118.8,90,CONCEPT_NOT_FIT_VALIDATED
MON-B-03705,p6-4x2,Purple,#5E43B7,33,3705,51.0,9.0,118.8,90,CONCEPT_NOT_FIT_VALIDATED
MON-B-03706,p6-4x2,Purple,#5E43B7,33,3706,63.0,9.0,118.8,90,CONCEPT_NOT_FIT_VALIDATED
MON-B-03707,p6-4x2,Purple,#5E43B7,33,3707,75.0,9.0,118.8,90,CONCEPT_NOT_FIT_VALIDATED
MON-B-03708,p6-3x1,Purple,#5E43B7,33,3708,-78.0,30.0,118.8,90,CONCEPT_NOT_FIT_VALIDATED
MON-B-03709,p6-4x2,Purple,#5E43B7,33,3709,-69.0,33.0,118.8,90,CONCEPT_NOT_FIT_VALIDATED
MON-B-03710,p6-4x2,Purple,#5E43B7,33,3710,-57.0,33.0,118.8,90,CONCEPT_NOT_FIT_VALIDATED
MON-B-03711,p6-4x2,Purple,#5E43B7,33,3711,-45.0,33.0,118.8,90,CONCEPT_NOT_FIT_VALIDATED
MON-B-03712,p6-4x2,Purple,#5E43B7,33,3712,-33.0,33.0,118.8,90,CONCEPT_NOT_FIT_VALIDATED
MON-B-03713,p6-4x2,Purple,#5E43B7,33,3713,-21.0,33.0,118.8,90,CONCEPT_NOT_FIT_VALIDATED
MON-B-03714,p6-4x2,Purple,#5E43B7,33,3714,-9.0,33.0,118.8,90,CONCEPT_NOT_FIT_VALIDATED
MON-B-03715,p6-4x2,Purple,#5E43B7,33,3715,3.0,33.0,118.8,90,CONCEPT_NOT_FIT_VALIDATED
MON-B-03716,p6-4x2,Purple,#5E43B7,33,3716,15.0,33.0,118.8,90,CONCEPT_NOT_FIT_VALIDATED
MON-B-03717,p6-4x2,Purple,#5E43B7,33,3717,27.0,33.0,118.8,90,CONCEPT_NOT_FIT_VALIDATED
MON-B-03718,p6-4x2,Purple,#5E43B7,33,3718,39.0,33.0,118.8,90,CONCEPT_NOT_FIT_VALIDATED
MON-B-03719,p6-4x2,Purple,#5E43B7,33,3719,51.0,33.0,118.8,90,CONCEPT_NOT_FIT_VALIDATED
MON-B-03720,p6-4x2,Purple,#5E43B7,33,3720,63.0,33.0,118.8,90,CONCEPT_NOT_FIT_VALIDATED
MON-B-03721,p6-4x1,Purple,#5E43B7,33,3721,72.0,33.0,118.8,90,CONCEPT_NOT_FIT_VALIDATED
MON-B-03722,p6-2x1,Purple,#5E43B7,33,3722,78.0,27.0,118.8,90,CONCEPT_NOT_FIT_VALIDATED
MON-B-03723,p6-2x1,Purple,#5E43B7,33,3723,-69.0,48.0,118.8,0,CONCEPT_NOT_FIT_VALIDATED
MON-B-03724,p6-3x2,Purple,#5E43B7,33,3724,-57.0,54.0,118.8,90,CONCEPT_NOT_FIT_VALIDATED
MON-B-03725,p6-4x2,Purple,#5E43B7,33,3725,-45.0,57.0,118.8,90,CONCEPT_NOT_FIT_VALIDATED
MON-B-03726,p6-4x2,Purple,#5E43B7,33,3726,-33.0,57.0,118.8,90,CONCEPT_NOT_FIT_VALIDATED
MON-B-03727,p6-4x2,Purple,#5E43B7,33,3727,-21.0,57.0,118.8,90,CONCEPT_NOT_FIT_VALIDATED
MON-B-03728,p6-4x2,Purple,#5E43B7,33,3728,-9.0,57.0,118.8,90,CONCEPT_NOT_FIT_VALIDATED
MON-B-03729,p6-4x2,Purple,#5E43B7,33,3729,3.0,57.0,118.8,90,CONCEPT_NOT_FIT_VALIDATED
MON-B-03730,p6-4x2,Purple,#5E43B7,33,3730,15.0,57.0,118.8,90,CONCEPT_NOT_FIT_VALIDATED
MON-B-03731,p6-4x2,Purple,#5E43B7,33,3731,27.0,57.0,118.8,90,CONCEPT_NOT_FIT_VALIDATED
MON-B-03732,p6-4x2,Purple,#5E43B7,33,3732,39.0,57.0,118.8,90,CONCEPT_NOT_FIT_VALIDATED
MON-B-03733,p6-3x2,Purple,#5E43B7,33,3733,51.0,54.0,118.8,90,CONCEPT_NOT_FIT_VALIDATED
MON-B-03734,p6-3x1,Purple,#5E43B7,33,3734,60.0,54.0,118.8,90,CONCEPT_NOT_FIT_VALIDATED
MON-B-03735,p6-1x1,Purple,#5E43B7,33,3735,66.0,48.0,118.8,0,CONCEPT_NOT_FIT_VALIDATED
MON-B-03736,p6-1x1,Purple,#5E43B7,33,3736,-66.0,54.0,118.8,0,CONCEPT_NOT_FIT_VALIDATED
MON-B-03737,p6-1x1,Purple,#5E43B7,33,3737,48.0,66.0,118.8,0,CONCEPT_NOT_FIT_VALIDATED
MON-B-03738,p6-2x1,Purple,#5E43B7,33,3738,-33.0,72.0,118.8,0,CONCEPT_NOT_FIT_VALIDATED
MON-B-03739,p6-2x1,Purple,#5E43B7,33,3739,-21.0,72.0,118.8,0,CONCEPT_NOT_FIT_VALIDATED
MON-B-03740,p6-2x2,Purple,#5E43B7,33,3740,-9.0,75.0,118.8,0,CONCEPT_NOT_FIT_VALIDATED
MON-B-03741,p6-2x2,Purple,#5E43B7,33,3741,3.0,75.0,118.8,0,CONCEPT_NOT_FIT_VALIDATED
MON-B-03742,p6-2x2,Purple,#5E43B7,33,3742,15.0,75.0,118.8,0,CONCEPT_NOT_FIT_VALIDATED
MON-B-03743,p6-2x1,Purple,#5E43B7,33,3743,27.0,72.0,118.8,0,CONCEPT_NOT_FIT_VALIDATED
MON-B-03744,p6-1x1,Purple,#5E43B7,33,3744,36.0,72.0,118.8,0,CONCEPT_NOT_FIT_VALIDATED
MON-B-03745,p6-1x1,Purple,#5E43B7,33,3745,-18.0,78.0,118.8,0,CONCEPT_NOT_FIT_VALIDATED
MON-B-03746,p6-2x1,Purple,#5E43B7,34,3746,-84.0,-3.0,122.4,90,CONCEPT_NOT_FIT_VALIDATED
MON-B-03747,p6-2x1,Purple,#5E43B7,34,3747,-84.0,9.0,122.4,90,CONCEPT_NOT_FIT_VALIDATED
MON-B-03748,p6-1x1,Purple,#5E43B7,34,3748,-84.0,18.0,122.4,0,CONCEPT_NOT_FIT_VALIDATED
MON-B-03749,p6-4x2,Purple,#5E43B7,34,3749,-69.0,-15.0,122.4,0,CONCEPT_NOT_FIT_VALIDATED
MON-B-03750,p6-4x2,Purple,#5E43B7,34,3750,-69.0,-3.0,122.4,0,CONCEPT_NOT_FIT_VALIDATED
MON-B-03751,p6-4x2,Purple,#5E43B7,34,3751,-69.0,9.0,122.4,0,CONCEPT_NOT_FIT_VALIDATED
MON-B-03752,p6-4x2,Purple,#5E43B7,34,3752,-69.0,21.0,122.4,0,CONCEPT_NOT_FIT_VALIDATED
MON-B-03753,p6-4x2,Purple,#5E43B7,34,3753,-69.0,33.0,122.4,0,CONCEPT_NOT_FIT_VALIDATED
MON-B-03754,p6-3x2,Purple,#5E43B7,34,3754,-66.0,-27.0,122.4,0,CONCEPT_NOT_FIT_VALIDATED
MON-B-03755,p6-3x1,Purple,#5E43B7,34,3755,-66.0,42.0,122.4,0,CONCEPT_NOT_FIT_VALIDATED
MON-B-03756,p6-2x2,Purple,#5E43B7,34,3756,-63.0,-39.0,122.4,0,CONCEPT_NOT_FIT_VALIDATED
MON-B-03757,p6-2x1,Purple,#5E43B7,34,3757,-63.0,48.0,122.4,0,CONCEPT_NOT_FIT_VALIDATED
MON-B-03758,p6-2x1,Hot pink,#F5547C,34,3758,-60.0,-51.0,122.4,90,CONCEPT_NOT_FIT_VALIDATED
MON-B-03759,p6-1x1,Purple,#5E43B7,34,3759,-60.0,54.0,122.4,0,CONCEPT_NOT_FIT_VALIDATED
MON-B-03760,p6-1x1,Hot pink,#F5547C,34,3760,-54.0,-54.0,122.4,0,CONCEPT_NOT_FIT_VALIDATED
MON-B-03761,p6-4x1,Purple,#5E43B7,34,3761,-45.0,-48.0,122.4,0,CONCEPT_NOT_FIT_VALIDATED
MON-B-03762,p6-4x2,Purple,#5E43B7,34,3762,-45.0,-39.0,122.4,0,CONCEPT_NOT_FIT_VALIDATED
MON-B-03763,p6-4x2,Purple,#5E43B7,34,3763,-45.0,-27.0,122.4,0,CONCEPT_NOT_FIT_VALIDATED
MON-B-03764,p6-4x2,Purple,#5E43B7,34,3764,-45.0,-15.0,122.4,0,CONCEPT_NOT_FIT_VALIDATED
MON-B-03765,p6-4x2,Purple,#5E43B7,34,3765,-45.0,-3.0,122.4,0,CONCEPT_NOT_FIT_VALIDATED
MON-B-03766,p6-4x2,Purple,#5E43B7,34,3766,-45.0,9.0,122.4,0,CONCEPT_NOT_FIT_VALIDATED
MON-B-03767,p6-4x2,Purple,#5E43B7,34,3767,-45.0,21.0,122.4,0,CONCEPT_NOT_FIT_VALIDATED
MON-B-03768,p6-4x2,Purple,#5E43B7,34,3768,-45.0,33.0,122.4,0,CONCEPT_NOT_FIT_VALIDATED
MON-B-03769,p6-4x2,Purple,#5E43B7,34,3769,-45.0,45.0,122.4,0,CONCEPT_NOT_FIT_VALIDATED
MON-B-03770,p6-4x2,Purple,#5E43B7,34,3770,-45.0,57.0,122.4,0,CONCEPT_NOT_FIT_VALIDATED
MON-B-03771,p6-1x1,Hot pink,#F5547C,34,3771,-48.0,-60.0,122.4,0,CONCEPT_NOT_FIT_VALIDATED
MON-B-03772,p6-3x1,Purple,#5E43B7,34,3772,-42.0,-54.0,122.4,0,CONCEPT_NOT_FIT_VALIDATED
MON-B-03773,p6-3x1,Purple,#5E43B7,34,3773,-42.0,66.0,122.4,0,CONCEPT_NOT_FIT_VALIDATED
MON-B-03774,p6-2x1,Hot pink,#F5547C,34,3774,-39.0,-66.0,122.4,0,CONCEPT_NOT_FIT_VALIDATED
MON-B-03775,p6-2x1,Purple,#5E43B7,34,3775,-39.0,-60.0,122.4,0,CONCEPT_NOT_FIT_VALIDATED
MON-B-03776,p6-4x1,Hot pink,#F5547C,34,3776,-21.0,-72.0,122.4,0,CONCEPT_NOT_FIT_VALIDATED
MON-B-03777,p6-4x2,Purple,#5E43B7,34,3777,-21.0,-63.0,122.4,0,CONCEPT_NOT_FIT_VALIDATED
MON-B-03778,p6-4x2,Purple,#5E43B7,34,3778,-21.0,-51.0,122.4,0,CONCEPT_NOT_FIT_VALIDATED
MON-B-03779,p6-4x2,Purple,#5E43B7,34,3779,-21.0,-39.0,122.4,0,CONCEPT_NOT_FIT_VALIDATED
MON-B-03780,p6-4x2,Purple,#5E43B7,34,3780,-21.0,-27.0,122.4,0,CONCEPT_NOT_FIT_VALIDATED
MON-B-03781,p6-4x2,Purple,#5E43B7,34,3781,-21.0,-15.0,122.4,0,CONCEPT_NOT_FIT_VALIDATED
MON-B-03782,p6-4x2,Purple,#5E43B7,34,3782,-21.0,-3.0,122.4,0,CONCEPT_NOT_FIT_VALIDATED
MON-B-03783,p6-4x2,Purple,#5E43B7,34,3783,-21.0,9.0,122.4,0,CONCEPT_NOT_FIT_VALIDATED
MON-B-03784,p6-4x2,Purple,#5E43B7,34,3784,-21.0,21.0,122.4,0,CONCEPT_NOT_FIT_VALIDATED
MON-B-03785,p6-4x2,Purple,#5E43B7,34,3785,-21.0,33.0,122.4,0,CONCEPT_NOT_FIT_VALIDATED
MON-B-03786,p6-4x2,Purple,#5E43B7,34,3786,-21.0,45.0,122.4,0,CONCEPT_NOT_FIT_VALIDATED
MON-B-03787,p6-4x2,Purple,#5E43B7,34,3787,-21.0,57.0,122.4,0,CONCEPT_NOT_FIT_VALIDATED
MON-B-03788,p6-4x2,Purple,#5E43B7,34,3788,-21.0,69.0,122.4,0,CONCEPT_NOT_FIT_VALIDATED
MON-B-03789,p6-4x1,Hot pink,#F5547C,34,3789,3.0,-72.0,122.4,0,CONCEPT_NOT_FIT_VALIDATED
MON-B-03790,p6-4x2,Purple,#5E43B7,34,3790,3.0,-63.0,122.4,0,CONCEPT_NOT_FIT_VALIDATED
MON-B-03791,p6-4x2,Purple,#5E43B7,34,3791,3.0,-51.0,122.4,0,CONCEPT_NOT_FIT_VALIDATED
MON-B-03792,p6-4x2,Purple,#5E43B7,34,3792,3.0,-39.0,122.4,0,CONCEPT_NOT_FIT_VALIDATED
MON-B-03793,p6-4x2,Purple,#5E43B7,34,3793,3.0,-27.0,122.4,0,CONCEPT_NOT_FIT_VALIDATED
MON-B-03794,p6-4x2,Purple,#5E43B7,34,3794,3.0,-15.0,122.4,0,CONCEPT_NOT_FIT_VALIDATED
MON-B-03795,p6-4x2,Purple,#5E43B7,34,3795,3.0,-3.0,122.4,0,CONCEPT_NOT_FIT_VALIDATED
MON-B-03796,p6-4x2,Purple,#5E43B7,34,3796,3.0,9.0,122.4,0,CONCEPT_NOT_FIT_VALIDATED
MON-B-03797,p6-4x2,Purple,#5E43B7,34,3797,3.0,21.0,122.4,0,CONCEPT_NOT_FIT_VALIDATED
MON-B-03798,p6-4x2,Purple,#5E43B7,34,3798,3.0,33.0,122.4,0,CONCEPT_NOT_FIT_VALIDATED
MON-B-03799,p6-4x2,Purple,#5E43B7,34,3799,3.0,45.0,122.4,0,CONCEPT_NOT_FIT_VALIDATED
MON-B-03800,p6-4x2,Purple,#5E43B7,34,3800,3.0,57.0,122.4,0,CONCEPT_NOT_FIT_VALIDATED
MON-B-03801,p6-4x2,Purple,#5E43B7,34,3801,3.0,69.0,122.4,0,CONCEPT_NOT_FIT_VALIDATED
MON-B-03802,p6-2x1,Hot pink,#F5547C,34,3802,21.0,-72.0,122.4,0,CONCEPT_NOT_FIT_VALIDATED
MON-B-03803,p6-2x2,Purple,#5E43B7,34,3803,21.0,-63.0,122.4,0,CONCEPT_NOT_FIT_VALIDATED
MON-B-03804,p6-4x2,Purple,#5E43B7,34,3804,27.0,-51.0,122.4,0,CONCEPT_NOT_FIT_VALIDATED
MON-B-03805,p6-4x2,Purple,#5E43B7,34,3805,27.0,-39.0,122.4,0,CONCEPT_NOT_FIT_VALIDATED
MON-B-03806,p6-4x2,Purple,#5E43B7,34,3806,27.0,-27.0,122.4,0,CONCEPT_NOT_FIT_VALIDATED
MON-B-03807,p6-4x2,Purple,#5E43B7,34,3807,27.0,-15.0,122.4,0,CONCEPT_NOT_FIT_VALIDATED
MON-B-03808,p6-4x2,Purple,#5E43B7,34,3808,27.0,-3.0,122.4,0,CONCEPT_NOT_FIT_VALIDATED
MON-B-03809,p6-4x2,Purple,#5E43B7,34,3809,27.0,9.0,122.4,0,CONCEPT_NOT_FIT_VALIDATED
MON-B-03810,p6-4x2,Purple,#5E43B7,34,3810,27.0,21.0,122.4,0,CONCEPT_NOT_FIT_VALIDATED
MON-B-03811,p6-4x2,Purple,#5E43B7,34,3811,27.0,33.0,122.4,0,CONCEPT_NOT_FIT_VALIDATED
MON-B-03812,p6-4x2,Purple,#5E43B7,34,3812,27.0,45.0,122.4,0,CONCEPT_NOT_FIT_VALIDATED
MON-B-03813,p6-4x2,Purple,#5E43B7,34,3813,27.0,57.0,122.4,0,CONCEPT_NOT_FIT_VALIDATED
MON-B-03814,p6-3x2,Purple,#5E43B7,34,3814,24.0,69.0,122.4,0,CONCEPT_NOT_FIT_VALIDATED
MON-B-03815,p6-2x1,Hot pink,#F5547C,34,3815,33.0,-66.0,122.4,0,CONCEPT_NOT_FIT_VALIDATED
MON-B-03816,p6-2x1,Purple,#5E43B7,34,3816,33.0,-60.0,122.4,0,CONCEPT_NOT_FIT_VALIDATED
MON-B-03817,p6-1x1,Purple,#5E43B7,34,3817,36.0,66.0,122.4,0,CONCEPT_NOT_FIT_VALIDATED
MON-B-03818,p6-1x1,Hot pink,#F5547C,34,3818,42.0,-66.0,122.4,0,CONCEPT_NOT_FIT_VALIDATED
MON-B-03819,p6-1x1,Purple,#5E43B7,34,3819,42.0,-60.0,122.4,0,CONCEPT_NOT_FIT_VALIDATED
MON-B-03820,p6-2x2,Purple,#5E43B7,34,3820,45.0,-51.0,122.4,0,CONCEPT_NOT_FIT_VALIDATED
MON-B-03821,p6-3x2,Purple,#5E43B7,34,3821,48.0,-39.0,122.4,0,CONCEPT_NOT_FIT_VALIDATED
MON-B-03822,p6-4x2,Purple,#5E43B7,34,3822,51.0,-27.0,122.4,0,CONCEPT_NOT_FIT_VALIDATED
MON-B-03823,p6-4x2,Purple,#5E43B7,34,3823,51.0,-15.0,122.4,0,CONCEPT_NOT_FIT_VALIDATED
MON-B-03824,p6-4x2,Purple,#5E43B7,34,3824,51.0,-3.0,122.4,0,CONCEPT_NOT_FIT_VALIDATED
MON-B-03825,p6-4x2,Purple,#5E43B7,34,3825,51.0,9.0,122.4,0,CONCEPT_NOT_FIT_VALIDATED
MON-B-03826,p6-4x2,Purple,#5E43B7,34,3826,51.0,21.0,122.4,0,CONCEPT_NOT_FIT_VALIDATED
MON-B-03827,p6-4x2,Purple,#5E43B7,34,3827,51.0,33.0,122.4,0,CONCEPT_NOT_FIT_VALIDATED
MON-B-03828,p6-4x2,Purple,#5E43B7,34,3828,51.0,45.0,122.4,0,CONCEPT_NOT_FIT_VALIDATED
MON-B-03829,p6-3x2,Purple,#5E43B7,34,3829,48.0,57.0,122.4,0,CONCEPT_NOT_FIT_VALIDATED
MON-B-03830,p6-1x1,Purple,#5E43B7,34,3830,42.0,66.0,122.4,0,CONCEPT_NOT_FIT_VALIDATED
MON-B-03831,p6-1x1,Hot pink,#F5547C,34,3831,48.0,-60.0,122.4,0,CONCEPT_NOT_FIT_VALIDATED
MON-B-03832,p6-1x1,Hot pink,#F5547C,34,3832,54.0,-54.0,122.4,0,CONCEPT_NOT_FIT_VALIDATED
MON-B-03833,p6-1x1,Purple,#5E43B7,34,3833,54.0,-48.0,122.4,0,CONCEPT_NOT_FIT_VALIDATED
MON-B-03834,p6-1x1,Hot pink,#F5547C,34,3834,60.0,-48.0,122.4,0,CONCEPT_NOT_FIT_VALIDATED
MON-B-03835,p6-1x1,Hot pink,#F5547C,34,3835,60.0,-42.0,122.4,0,CONCEPT_NOT_FIT_VALIDATED
MON-B-03836,p6-1x1,Purple,#5E43B7,34,3836,60.0,-36.0,122.4,0,CONCEPT_NOT_FIT_VALIDATED
MON-B-03837,p6-1x1,Purple,#5E43B7,34,3837,60.0,54.0,122.4,0,CONCEPT_NOT_FIT_VALIDATED
MON-B-03838,p6-1x1,Purple,#5E43B7,34,3838,66.0,-36.0,122.4,0,CONCEPT_NOT_FIT_VALIDATED
MON-B-03839,p6-2x1,Purple,#5E43B7,34,3839,66.0,-27.0,122.4,90,CONCEPT_NOT_FIT_VALIDATED
MON-B-03840,p6-2x2,Purple,#5E43B7,34,3840,69.0,-15.0,122.4,0,CONCEPT_NOT_FIT_VALIDATED
MON-B-03841,p6-3x2,Purple,#5E43B7,34,3841,72.0,-3.0,122.4,0,CONCEPT_NOT_FIT_VALIDATED
MON-B-03842,p6-3x2,Purple,#5E43B7,34,3842,72.0,9.0,122.4,0,CONCEPT_NOT_FIT_VALIDATED
MON-B-03843,p6-3x2,Purple,#5E43B7,34,3843,72.0,21.0,122.4,0,CONCEPT_NOT_FIT_VALIDATED
MON-B-03844,p6-2x2,Purple,#5E43B7,34,3844,69.0,33.0,122.4,0,CONCEPT_NOT_FIT_VALIDATED
MON-B-03845,p6-2x1,Purple,#5E43B7,34,3845,69.0,42.0,122.4,0,CONCEPT_NOT_FIT_VALIDATED
MON-B-03846,p6-1x1,Purple,#5E43B7,34,3846,66.0,48.0,122.4,0,CONCEPT_NOT_FIT_VALIDATED
MON-B-03847,p6-1x1,Purple,#5E43B7,34,3847,72.0,-24.0,122.4,0,CONCEPT_NOT_FIT_VALIDATED
MON-B-03848,p6-1x1,Purple,#5E43B7,34,3848,78.0,-12.0,122.4,0,CONCEPT_NOT_FIT_VALIDATED
MON-B-03849,p6-1x1,Purple,#5E43B7,34,3849,78.0,30.0,122.4,0,CONCEPT_NOT_FIT_VALIDATED
MON-B-03850,p6-1x1,Hot pink,#F5547C,35,3850,-24.0,-72.0,126.0,0,CONCEPT_NOT_FIT_VALIDATED
MON-B-03851,p6-2x1,Hot pink,#F5547C,35,3851,-15.0,-72.0,126.0,0,CONCEPT_NOT_FIT_VALIDATED
MON-B-03852,p6-1x1,Hot pink,#F5547C,35,3852,-6.0,-72.0,126.0,0,CONCEPT_NOT_FIT_VALIDATED
MON-B-03853,p6-3x1,Purple,#5E43B7,35,3853,0.0,-66.0,126.0,90,CONCEPT_NOT_FIT_VALIDATED
MON-B-03854,p6-2x1,Hot pink,#F5547C,35,3854,9.0,-72.0,126.0,0,CONCEPT_NOT_FIT_VALIDATED
MON-B-03855,p6-1x1,Hot pink,#F5547C,35,3855,18.0,-72.0,126.0,0,CONCEPT_NOT_FIT_VALIDATED
MON-B-03856,p6-2x1,Hot pink,#F5547C,35,3856,-39.0,-66.0,126.0,0,CONCEPT_NOT_FIT_VALIDATED
MON-B-03857,p6-1x1,Hot pink,#F5547C,35,3857,-30.0,-66.0,126.0,0,CONCEPT_NOT_FIT_VALIDATED
MON-B-03858,p6-2x1,Purple,#5E43B7,35,3858,-24.0,-63.0,126.0,90,CONCEPT_NOT_FIT_VALIDATED
MON-B-03859,p6-2x2,Purple,#5E43B7,35,3859,-15.0,-63.0,126.0,0,CONCEPT_NOT_FIT_VALIDATED
MON-B-03860,p6-2x1,Purple,#5E43B7,35,3860,-6.0,-63.0,126.0,90,CONCEPT_NOT_FIT_VALIDATED
MON-B-03861,p6-2x2,Purple,#5E43B7,35,3861,9.0,-63.0,126.0,0,CONCEPT_NOT_FIT_VALIDATED
MON-B-03862,p6-2x1,Purple,#5E43B7,35,3862,18.0,-63.0,126.0,90,CONCEPT_NOT_FIT_VALIDATED
MON-B-03863,p6-1x1,Hot pink,#F5547C,35,3863,24.0,-66.0,126.0,0,CONCEPT_NOT_FIT_VALIDATED
MON-B-03864,p6-2x1,Hot pink,#F5547C,35,3864,33.0,-66.0,126.0,0,CONCEPT_NOT_FIT_VALIDATED
MON-B-03865,p6-1x1,Hot pink,#F5547C,35,3865,-48.0,-60.0,126.0,0,CONCEPT_NOT_FIT_VALIDATED
MON-B-03866,p6-2x1,Purple,#5E43B7,35,3866,-39.0,-60.0,126.0,0,CONCEPT_NOT_FIT_VALIDATED
MON-B-03867,p6-1x1,Purple,#5E43B7,35,3867,-30.0,-60.0,126.0,0,CONCEPT_NOT_FIT_VALIDATED
MON-B-03868,p6-1x1,Purple,#5E43B7,35,3868,24.0,-60.0,126.0,0,CONCEPT_NOT_FIT_VALIDATED
MON-B-03869,p6-2x1,Purple,#5E43B7,35,3869,33.0,-60.0,126.0,0,CONCEPT_NOT_FIT_VALIDATED
MON-B-03870,p6-2x1,Hot pink,#F5547C,35,3870,45.0,-60.0,126.0,0,CONCEPT_NOT_FIT_VALIDATED
MON-B-03871,p6-1x1,Hot pink,#F5547C,35,3871,-54.0,-54.0,126.0,0,CONCEPT_NOT_FIT_VALIDATED
MON-B-03872,p6-4x1,Purple,#5E43B7,35,3872,-48.0,-45.0,126.0,90,CONCEPT_NOT_FIT_VALIDATED
MON-B-03873,p6-4x2,Purple,#5E43B7,35,3873,-39.0,-45.0,126.0,90,CONCEPT_NOT_FIT_VALIDATED
MON-B-03874,p6-4x2,Purple,#5E43B7,35,3874,-27.0,-45.0,126.0,90,CONCEPT_NOT_FIT_VALIDATED
MON-B-03875,p6-4x2,Purple,#5E43B7,35,3875,-15.0,-45.0,126.0,90,CONCEPT_NOT_FIT_VALIDATED
MON-B-03876,p6-4x2,Purple,#5E43B7,35,3876,-3.0,-45.0,126.0,90,CONCEPT_NOT_FIT_VALIDATED
MON-B-03877,p6-4x2,Purple,#5E43B7,35,3877,9.0,-45.0,126.0,90,CONCEPT_NOT_FIT_VALIDATED
MON-B-03878,p6-4x2,Purple,#5E43B7,35,3878,21.0,-45.0,126.0,90,CONCEPT_NOT_FIT_VALIDATED
MON-B-03879,p6-4x2,Purple,#5E43B7,35,3879,33.0,-45.0,126.0,90,CONCEPT_NOT_FIT_VALIDATED
MON-B-03880,p6-4x2,Purple,#5E43B7,35,3880,45.0,-45.0,126.0,90,CONCEPT_NOT_FIT_VALIDATED
MON-B-03881,p6-2x1,Hot pink,#F5547C,35,3881,54.0,-51.0,126.0,90,CONCEPT_NOT_FIT_VALIDATED
MON-B-03882,p6-1x1,Hot pink,#F5547C,35,3882,-60.0,-48.0,126.0,0,CONCEPT_NOT_FIT_VALIDATED
MON-B-03883,p6-3x1,Purple,#5E43B7,35,3883,-54.0,-42.0,126.0,90,CONCEPT_NOT_FIT_VALIDATED
MON-B-03884,p6-2x1,Purple,#5E43B7,35,3884,-60.0,-39.0,126.0,90,CONCEPT_NOT_FIT_VALIDATED
MON-B-03885,p6-2x2,Purple,#5E43B7,35,3885,57.0,-39.0,126.0,0,CONCEPT_NOT_FIT_VALIDATED
MON-B-03886,p6-1x1,Purple,#5E43B7,35,3886,-66.0,-36.0,126.0,0,CONCEPT_NOT_FIT_VALIDATED
MON-B-03887,p6-1x1,Purple,#5E43B7,35,3887,66.0,-36.0,126.0,0,CONCEPT_NOT_FIT_VALIDATED
MON-B-03888,p6-4x2,Purple,#5E43B7,35,3888,-63.0,-21.0,126.0,90,CONCEPT_NOT_FIT_VALIDATED
MON-B-03889,p6-4x2,Purple,#5E43B7,35,3889,-51.0,-21.0,126.0,90,CONCEPT_NOT_FIT_VALIDATED
MON-B-03890,p6-4x2,Purple,#5E43B7,35,3890,-39.0,-21.0,126.0,90,CONCEPT_NOT_FIT_VALIDATED
MON-B-03891,p6-4x2,Purple,#5E43B7,35,3891,-27.0,-21.0,126.0,90,CONCEPT_NOT_FIT_VALIDATED
MON-B-03892,p6-4x2,Purple,#5E43B7,35,3892,-15.0,-21.0,126.0,90,CONCEPT_NOT_FIT_VALIDATED
MON-B-03893,p6-4x2,Purple,#5E43B7,35,3893,-3.0,-21.0,126.0,90,CONCEPT_NOT_FIT_VALIDATED
MON-B-03894,p6-4x2,Purple,#5E43B7,35,3894,9.0,-21.0,126.0,90,CONCEPT_NOT_FIT_VALIDATED
MON-B-03895,p6-4x2,Purple,#5E43B7,35,3895,21.0,-21.0,126.0,90,CONCEPT_NOT_FIT_VALIDATED
MON-B-03896,p6-4x2,Purple,#5E43B7,35,3896,33.0,-21.0,126.0,90,CONCEPT_NOT_FIT_VALIDATED
MON-B-03897,p6-4x2,Purple,#5E43B7,35,3897,45.0,-21.0,126.0,90,CONCEPT_NOT_FIT_VALIDATED
MON-B-03898,p6-4x2,Purple,#5E43B7,35,3898,57.0,-21.0,126.0,90,CONCEPT_NOT_FIT_VALIDATED
MON-B-03899,p6-4x1,Purple,#5E43B7,35,3899,66.0,-21.0,126.0,90,CONCEPT_NOT_FIT_VALIDATED
MON-B-03900,p6-3x1,Purple,#5E43B7,35,3900,-72.0,-18.0,126.0,90,CONCEPT_NOT_FIT_VALIDATED
MON-B-03901,p6-3x1,Purple,#5E43B7,35,3901,72.0,-18.0,126.0,90,CONCEPT_NOT_FIT_VALIDATED
MON-B-03902,p6-2x1,Purple,#5E43B7,35,3902,-78.0,-15.0,126.0,90,CONCEPT_NOT_FIT_VALIDATED
MON-B-03903,p6-1x1,Purple,#5E43B7,35,3903,78.0,-12.0,126.0,0,CONCEPT_NOT_FIT_VALIDATED
MON-B-03904,p6-4x2,Purple,#5E43B7,35,3904,-75.0,3.0,126.0,90,CONCEPT_NOT_FIT_VALIDATED
MON-B-03905,p6-4x2,Purple,#5E43B7,35,3905,-63.0,3.0,126.0,90,CONCEPT_NOT_FIT_VALIDATED
MON-B-03906,p6-4x2,Purple,#5E43B7,35,3906,-51.0,3.0,126.0,90,CONCEPT_NOT_FIT_VALIDATED
MON-B-03907,p6-4x2,Purple,#5E43B7,35,3907,-39.0,3.0,126.0,90,CONCEPT_NOT_FIT_VALIDATED
MON-B-03908,p6-4x2,Purple,#5E43B7,35,3908,-27.0,3.0,126.0,90,CONCEPT_NOT_FIT_VALIDATED
MON-B-03909,p6-4x2,Purple,#5E43B7,35,3909,-15.0,3.0,126.0,90,CONCEPT_NOT_FIT_VALIDATED
MON-B-03910,p6-4x2,Purple,#5E43B7,35,3910,-3.0,3.0,126.0,90,CONCEPT_NOT_FIT_VALIDATED
MON-B-03911,p6-4x2,Purple,#5E43B7,35,3911,9.0,3.0,126.0,90,CONCEPT_NOT_FIT_VALIDATED
MON-B-03912,p6-4x2,Purple,#5E43B7,35,3912,21.0,3.0,126.0,90,CONCEPT_NOT_FIT_VALIDATED
MON-B-03913,p6-4x2,Purple,#5E43B7,35,3913,33.0,3.0,126.0,90,CONCEPT_NOT_FIT_VALIDATED
MON-B-03914,p6-4x2,Purple,#5E43B7,35,3914,45.0,3.0,126.0,90,CONCEPT_NOT_FIT_VALIDATED
MON-B-03915,p6-4x2,Purple,#5E43B7,35,3915,57.0,3.0,126.0,90,CONCEPT_NOT_FIT_VALIDATED
MON-B-03916,p6-4x2,Purple,#5E43B7,35,3916,69.0,3.0,126.0,90,CONCEPT_NOT_FIT_VALIDATED
MON-B-03917,p6-4x1,Purple,#5E43B7,35,3917,78.0,3.0,126.0,90,CONCEPT_NOT_FIT_VALIDATED
MON-B-03918,p6-2x1,Purple,#5E43B7,35,3918,-84.0,3.0,126.0,90,CONCEPT_NOT_FIT_VALIDATED
MON-B-03919,p6-3x2,Purple,#5E43B7,35,3919,-75.0,24.0,126.0,90,CONCEPT_NOT_FIT_VALIDATED
MON-B-03920,p6-4x2,Purple,#5E43B7,35,3920,-63.0,27.0,126.0,90,CONCEPT_NOT_FIT_VALIDATED
MON-B-03921,p6-4x2,Purple,#5E43B7,35,3921,-51.0,27.0,126.0,90,CONCEPT_NOT_FIT_VALIDATED
MON-B-03922,p6-4x2,Purple,#5E43B7,35,3922,-39.0,27.0,126.0,90,CONCEPT_NOT_FIT_VALIDATED
MON-B-03923,p6-4x2,Purple,#5E43B7,35,3923,-27.0,27.0,126.0,90,CONCEPT_NOT_FIT_VALIDATED
MON-B-03924,p6-4x2,Purple,#5E43B7,35,3924,-15.0,27.0,126.0,90,CONCEPT_NOT_FIT_VALIDATED
MON-B-03925,p6-4x2,Purple,#5E43B7,35,3925,-3.0,27.0,126.0,90,CONCEPT_NOT_FIT_VALIDATED
MON-B-03926,p6-4x2,Purple,#5E43B7,35,3926,9.0,27.0,126.0,90,CONCEPT_NOT_FIT_VALIDATED
MON-B-03927,p6-4x2,Purple,#5E43B7,35,3927,21.0,27.0,126.0,90,CONCEPT_NOT_FIT_VALIDATED
MON-B-03928,p6-4x2,Purple,#5E43B7,35,3928,33.0,27.0,126.0,90,CONCEPT_NOT_FIT_VALIDATED
MON-B-03929,p6-4x2,Purple,#5E43B7,35,3929,45.0,27.0,126.0,90,CONCEPT_NOT_FIT_VALIDATED
MON-B-03930,p6-4x2,Purple,#5E43B7,35,3930,57.0,27.0,126.0,90,CONCEPT_NOT_FIT_VALIDATED
MON-B-03931,p6-4x2,Purple,#5E43B7,35,3931,69.0,27.0,126.0,90,CONCEPT_NOT_FIT_VALIDATED
MON-B-03932,p6-2x1,Purple,#5E43B7,35,3932,78.0,21.0,126.0,90,CONCEPT_NOT_FIT_VALIDATED
MON-B-03933,p6-1x1,Purple,#5E43B7,35,3933,-72.0,36.0,126.0,0,CONCEPT_NOT_FIT_VALIDATED
MON-B-03934,p6-1x1,Purple,#5E43B7,35,3934,-72.0,42.0,126.0,0,CONCEPT_NOT_FIT_VALIDATED
MON-B-03935,p6-2x2,Purple,#5E43B7,35,3935,-63.0,45.0,126.0,0,CONCEPT_NOT_FIT_VALIDATED
MON-B-03936,p6-4x2,Purple,#5E43B7,35,3936,-51.0,51.0,126.0,90,CONCEPT_NOT_FIT_VALIDATED
MON-B-03937,p6-4x2,Purple,#5E43B7,35,3937,-39.0,51.0,126.0,90,CONCEPT_NOT_FIT_VALIDATED
MON-B-03938,p6-4x2,Purple,#5E43B7,35,3938,-27.0,51.0,126.0,90,CONCEPT_NOT_FIT_VALIDATED
MON-B-03939,p6-4x2,Purple,#5E43B7,35,3939,-15.0,51.0,126.0,90,CONCEPT_NOT_FIT_VALIDATED
MON-B-03940,p6-4x2,Purple,#5E43B7,35,3940,-3.0,51.0,126.0,90,CONCEPT_NOT_FIT_VALIDATED
MON-B-03941,p6-4x2,Purple,#5E43B7,35,3941,9.0,51.0,126.0,90,CONCEPT_NOT_FIT_VALIDATED
MON-B-03942,p6-4x2,Purple,#5E43B7,35,3942,21.0,51.0,126.0,90,CONCEPT_NOT_FIT_VALIDATED
MON-B-03943,p6-4x2,Purple,#5E43B7,35,3943,33.0,51.0,126.0,90,CONCEPT_NOT_FIT_VALIDATED
MON-B-03944,p6-4x2,Purple,#5E43B7,35,3944,45.0,51.0,126.0,90,CONCEPT_NOT_FIT_VALIDATED
MON-B-03945,p6-3x2,Purple,#5E43B7,35,3945,57.0,48.0,126.0,90,CONCEPT_NOT_FIT_VALIDATED
MON-B-03946,p6-2x1,Purple,#5E43B7,35,3946,66.0,45.0,126.0,90,CONCEPT_NOT_FIT_VALIDATED
MON-B-03947,p6-1x1,Purple,#5E43B7,35,3947,72.0,42.0,126.0,0,CONCEPT_NOT_FIT_VALIDATED
MON-B-03948,p6-1x1,Purple,#5E43B7,35,3948,-60.0,54.0,126.0,0,CONCEPT_NOT_FIT_VALIDATED
MON-B-03949,p6-2x1,Purple,#5E43B7,35,3949,-39.0,66.0,126.0,0,CONCEPT_NOT_FIT_VALIDATED
MON-B-03950,p6-2x1,Purple,#5E43B7,35,3950,-27.0,66.0,126.0,0,CONCEPT_NOT_FIT_VALIDATED
MON-B-03951,p6-2x2,Purple,#5E43B7,35,3951,-15.0,69.0,126.0,0,CONCEPT_NOT_FIT_VALIDATED
MON-B-03952,p6-2x2,Purple,#5E43B7,35,3952,-3.0,69.0,126.0,0,CONCEPT_NOT_FIT_VALIDATED
MON-B-03953,p6-2x2,Purple,#5E43B7,35,3953,9.0,69.0,126.0,0,CONCEPT_NOT_FIT_VALIDATED
MON-B-03954,p6-2x2,Purple,#5E43B7,35,3954,21.0,69.0,126.0,0,CONCEPT_NOT_FIT_VALIDATED
MON-B-03955,p6-2x1,Purple,#5E43B7,35,3955,33.0,66.0,126.0,0,CONCEPT_NOT_FIT_VALIDATED
MON-B-03956,p6-1x1,Purple,#5E43B7,35,3956,42.0,66.0,126.0,0,CONCEPT_NOT_FIT_VALIDATED
MON-B-03957,p6-1x1,Purple,#5E43B7,35,3957,-24.0,72.0,126.0,0,CONCEPT_NOT_FIT_VALIDATED
MON-B-03958,p6-4x1,Purple,#5E43B7,36,3958,-75.0,-6.0,129.6,0,CONCEPT_NOT_FIT_VALIDATED
MON-B-03959,p6-4x2,Purple,#5E43B7,36,3959,-75.0,3.0,129.6,0,CONCEPT_NOT_FIT_VALIDATED
MON-B-03960,p6-3x1,Purple,#5E43B7,36,3960,-72.0,-12.0,129.6,0,CONCEPT_NOT_FIT_VALIDATED
MON-B-03961,p6-3x2,Purple,#5E43B7,36,3961,-72.0,15.0,129.6,0,CONCEPT_NOT_FIT_VALIDATED
MON-B-03962,p6-3x2,Purple,#5E43B7,36,3962,-72.0,27.0,129.6,0,CONCEPT_NOT_FIT_VALIDATED
MON-B-03963,p6-2x2,Purple,#5E43B7,36,3963,-69.0,-21.0,129.6,0,CONCEPT_NOT_FIT_VALIDATED
MON-B-03964,p6-2x1,Purple,#5E43B7,36,3964,-69.0,36.0,129.6,0,CONCEPT_NOT_FIT_VALIDATED
MON-B-03965,p6-2x1,Purple,#5E43B7,36,3965,-66.0,-33.0,129.6,90,CONCEPT_NOT_FIT_VALIDATED
MON-B-03966,p6-1x1,Purple,#5E43B7,36,3966,-66.0,42.0,129.6,0,CONCEPT_NOT_FIT_VALIDATED
MON-B-03967,p6-4x1,Purple,#5E43B7,36,3967,-51.0,-42.0,129.6,0,CONCEPT_NOT_FIT_VALIDATED
MON-B-03968,p6-4x2,Purple,#5E43B7,36,3968,-51.0,-33.0,129.6,0,CONCEPT_NOT_FIT_VALIDATED
MON-B-03969,p6-4x2,Purple,#5E43B7,36,3969,-51.0,-21.0,129.6,0,CONCEPT_NOT_FIT_VALIDATED
MON-B-03970,p6-4x2,Purple,#5E43B7,36,3970,-51.0,-9.0,129.6,0,CONCEPT_NOT_FIT_VALIDATED
MON-B-03971,p6-4x2,Purple,#5E43B7,36,3971,-51.0,3.0,129.6,0,CONCEPT_NOT_FIT_VALIDATED
MON-B-03972,p6-4x2,Purple,#5E43B7,36,3972,-51.0,15.0,129.6,0,CONCEPT_NOT_FIT_VALIDATED
MON-B-03973,p6-4x2,Purple,#5E43B7,36,3973,-51.0,27.0,129.6,0,CONCEPT_NOT_FIT_VALIDATED
MON-B-03974,p6-4x2,Purple,#5E43B7,36,3974,-51.0,39.0,129.6,0,CONCEPT_NOT_FIT_VALIDATED
MON-B-03975,p6-4x1,Purple,#5E43B7,36,3975,-51.0,48.0,129.6,0,CONCEPT_NOT_FIT_VALIDATED
MON-B-03976,p6-3x1,Purple,#5E43B7,36,3976,-48.0,-48.0,129.6,0,CONCEPT_NOT_FIT_VALIDATED
MON-B-03977,p6-3x1,Purple,#5E43B7,36,3977,-48.0,54.0,129.6,0,CONCEPT_NOT_FIT_VALIDATED
MON-B-03978,p6-1x1,Hot pink,#F5547C,36,3978,-48.0,-54.0,129.6,0,CONCEPT_NOT_FIT_VALIDATED
MON-B-03979,p6-2x1,Purple,#5E43B7,36,3979,-45.0,60.0,129.6,0,CONCEPT_NOT_FIT_VALIDATED
MON-B-03980,p6-1x1,Hot pink,#F5547C,36,3980,-42.0,-60.0,129.6,0,CONCEPT_NOT_FIT_VALIDATED
MON-B-03981,p6-1x1,Purple,#5E43B7,36,3981,-42.0,-54.0,129.6,0,CONCEPT_NOT_FIT_VALIDATED
MON-B-03982,p6-2x1,Hot pink,#F5547C,36,3982,-33.0,-66.0,129.6,0,CONCEPT_NOT_FIT_VALIDATED
MON-B-03983,p6-4x2,Purple,#5E43B7,36,3983,-27.0,-57.0,129.6,0,CONCEPT_NOT_FIT_VALIDATED
MON-B-03984,p6-4x2,Purple,#5E43B7,36,3984,-27.0,-45.0,129.6,0,CONCEPT_NOT_FIT_VALIDATED
MON-B-03985,p6-4x2,Purple,#5E43B7,36,3985,-27.0,-33.0,129.6,0,CONCEPT_NOT_FIT_VALIDATED
MON-B-03986,p6-4x2,Purple,#5E43B7,36,3986,-27.0,-21.0,129.6,0,CONCEPT_NOT_FIT_VALIDATED
MON-B-03987,p6-4x2,Purple,#5E43B7,36,3987,-27.0,-9.0,129.6,0,CONCEPT_NOT_FIT_VALIDATED
MON-B-03988,p6-4x2,Purple,#5E43B7,36,3988,-27.0,3.0,129.6,0,CONCEPT_NOT_FIT_VALIDATED
MON-B-03989,p6-4x2,Purple,#5E43B7,36,3989,-27.0,15.0,129.6,0,CONCEPT_NOT_FIT_VALIDATED
MON-B-03990,p6-4x2,Purple,#5E43B7,36,3990,-27.0,27.0,129.6,0,CONCEPT_NOT_FIT_VALIDATED
MON-B-03991,p6-4x2,Purple,#5E43B7,36,3991,-27.0,39.0,129.6,0,CONCEPT_NOT_FIT_VALIDATED
MON-B-03992,p6-4x2,Purple,#5E43B7,36,3992,-27.0,51.0,129.6,0,CONCEPT_NOT_FIT_VALIDATED
MON-B-03993,p6-4x2,Purple,#5E43B7,36,3993,-27.0,63.0,129.6,0,CONCEPT_NOT_FIT_VALIDATED
MON-B-03994,p6-2x1,Purple,#5E43B7,36,3994,-21.0,-66.0,129.6,0,CONCEPT_NOT_FIT_VALIDATED
MON-B-03995,p6-1x1,Purple,#5E43B7,36,3995,-18.0,72.0,129.6,0,CONCEPT_NOT_FIT_VALIDATED
MON-B-03996,p6-4x1,Purple,#5E43B7,36,3996,-3.0,-66.0,129.6,0,CONCEPT_NOT_FIT_VALIDATED
MON-B-03997,p6-4x2,Purple,#5E43B7,36,3997,-3.0,-57.0,129.6,0,CONCEPT_NOT_FIT_VALIDATED
MON-B-03998,p6-4x2,Purple,#5E43B7,36,3998,-3.0,-45.0,129.6,0,CONCEPT_NOT_FIT_VALIDATED
MON-B-03999,p6-4x2,Purple,#5E43B7,36,3999,-3.0,-33.0,129.6,0,CONCEPT_NOT_FIT_VALIDATED
MON-B-04000,p6-4x2,Purple,#5E43B7,36,4000,-3.0,-21.0,129.6,0,CONCEPT_NOT_FIT_VALIDATED
MON-B-04001,p6-4x2,Purple,#5E43B7,36,4001,-3.0,-9.0,129.6,0,CONCEPT_NOT_FIT_VALIDATED
MON-B-04002,p6-4x2,Purple,#5E43B7,36,4002,-3.0,3.0,129.6,0,CONCEPT_NOT_FIT_VALIDATED
MON-B-04003,p6-4x2,Purple,#5E43B7,36,4003,-3.0,15.0,129.6,0,CONCEPT_NOT_FIT_VALIDATED
MON-B-04004,p6-4x2,Purple,#5E43B7,36,4004,-3.0,27.0,129.6,0,CONCEPT_NOT_FIT_VALIDATED
MON-B-04005,p6-4x2,Purple,#5E43B7,36,4005,-3.0,39.0,129.6,0,CONCEPT_NOT_FIT_VALIDATED
MON-B-04006,p6-4x2,Purple,#5E43B7,36,4006,-3.0,51.0,129.6,0,CONCEPT_NOT_FIT_VALIDATED
MON-B-04007,p6-4x2,Purple,#5E43B7,36,4007,-3.0,63.0,129.6,0,CONCEPT_NOT_FIT_VALIDATED
MON-B-04008,p6-4x1,Purple,#5E43B7,36,4008,-3.0,72.0,129.6,0,CONCEPT_NOT_FIT_VALIDATED
MON-B-04009,p6-3x1,Purple,#5E43B7,36,4009,0.0,-72.0,129.6,0,CONCEPT_NOT_FIT_VALIDATED
MON-B-04010,p6-2x1,Purple,#5E43B7,36,4010,15.0,-66.0,129.6,0,CONCEPT_NOT_FIT_VALIDATED
MON-B-04011,p6-4x2,Purple,#5E43B7,36,4011,21.0,-57.0,129.6,0,CONCEPT_NOT_FIT_VALIDATED
MON-B-04012,p6-4x2,Purple,#5E43B7,36,4012,21.0,-45.0,129.6,0,CONCEPT_NOT_FIT_VALIDATED
MON-B-04013,p6-4x2,Purple,#5E43B7,36,4013,21.0,-33.0,129.6,0,CONCEPT_NOT_FIT_VALIDATED
MON-B-04014,p6-4x2,Purple,#5E43B7,36,4014,21.0,-21.0,129.6,0,CONCEPT_NOT_FIT_VALIDATED
MON-B-04015,p6-4x2,Purple,#5E43B7,36,4015,21.0,-9.0,129.6,0,CONCEPT_NOT_FIT_VALIDATED
MON-B-04016,p6-4x2,Purple,#5E43B7,36,4016,21.0,3.0,129.6,0,CONCEPT_NOT_FIT_VALIDATED
MON-B-04017,p6-4x2,Purple,#5E43B7,36,4017,21.0,15.0,129.6,0,CONCEPT_NOT_FIT_VALIDATED
MON-B-04018,p6-4x2,Purple,#5E43B7,36,4018,21.0,27.0,129.6,0,CONCEPT_NOT_FIT_VALIDATED
MON-B-04019,p6-4x2,Purple,#5E43B7,36,4019,21.0,39.0,129.6,0,CONCEPT_NOT_FIT_VALIDATED
MON-B-04020,p6-4x2,Purple,#5E43B7,36,4020,21.0,51.0,129.6,0,CONCEPT_NOT_FIT_VALIDATED
MON-B-04021,p6-4x2,Purple,#5E43B7,36,4021,21.0,63.0,129.6,0,CONCEPT_NOT_FIT_VALIDATED
MON-B-04022,p6-2x1,Purple,#5E43B7,36,4022,15.0,72.0,129.6,0,CONCEPT_NOT_FIT_VALIDATED
MON-B-04023,p6-2x1,Hot pink,#F5547C,36,4023,27.0,-66.0,129.6,0,CONCEPT_NOT_FIT_VALIDATED
MON-B-04024,p6-1x1,Hot pink,#F5547C,36,4024,36.0,-66.0,129.6,0,CONCEPT_NOT_FIT_VALIDATED
MON-B-04025,p6-2x1,Purple,#5E43B7,36,4025,36.0,-57.0,129.6,90,CONCEPT_NOT_FIT_VALIDATED
MON-B-04026,p6-4x2,Purple,#5E43B7,36,4026,45.0,-45.0,129.6,0,CONCEPT_NOT_FIT_VALIDATED
MON-B-04027,p6-4x2,Purple,#5E43B7,36,4027,45.0,-33.0,129.6,0,CONCEPT_NOT_FIT_VALIDATED
MON-B-04028,p6-4x2,Purple,#5E43B7,36,4028,45.0,-21.0,129.6,0,CONCEPT_NOT_FIT_VALIDATED
MON-B-04029,p6-4x2,Purple,#5E43B7,36,4029,45.0,-9.0,129.6,0,CONCEPT_NOT_FIT_VALIDATED
MON-B-04030,p6-4x2,Purple,#5E43B7,36,4030,45.0,3.0,129.6,0,CONCEPT_NOT_FIT_VALIDATED
MON-B-04031,p6-4x2,Purple,#5E43B7,36,4031,45.0,15.0,129.6,0,CONCEPT_NOT_FIT_VALIDATED
MON-B-04032,p6-4x2,Purple,#5E43B7,36,4032,45.0,27.0,129.6,0,CONCEPT_NOT_FIT_VALIDATED
MON-B-04033,p6-4x2,Purple,#5E43B7,36,4033,45.0,39.0,129.6,0,CONCEPT_NOT_FIT_VALIDATED
MON-B-04034,p6-4x2,Purple,#5E43B7,36,4034,45.0,51.0,129.6,0,CONCEPT_NOT_FIT_VALIDATED
MON-B-04035,p6-3x1,Purple,#5E43B7,36,4035,42.0,60.0,129.6,0,CONCEPT_NOT_FIT_VALIDATED
MON-B-04036,p6-1x1,Purple,#5E43B7,36,4036,36.0,66.0,129.6,0,CONCEPT_NOT_FIT_VALIDATED
MON-B-04037,p6-1x1,Hot pink,#F5547C,36,4037,42.0,-60.0,129.6,0,CONCEPT_NOT_FIT_VALIDATED
MON-B-04038,p6-1x1,Purple,#5E43B7,36,4038,42.0,-54.0,129.6,0,CONCEPT_NOT_FIT_VALIDATED
MON-B-04039,p6-1x1,Hot pink,#F5547C,36,4039,48.0,-54.0,129.6,0,CONCEPT_NOT_FIT_VALIDATED
MON-B-04040,p6-1x1,Purple,#5E43B7,36,4040,60.0,-42.0,129.6,0,CONCEPT_NOT_FIT_VALIDATED
MON-B-04041,p6-2x1,Purple,#5E43B7,36,4041,60.0,-33.0,129.6,90,CONCEPT_NOT_FIT_VALIDATED
MON-B-04042,p6-2x2,Purple,#5E43B7,36,4042,63.0,-21.0,129.6,0,CONCEPT_NOT_FIT_VALIDATED
MON-B-04043,p6-3x2,Purple,#5E43B7,36,4043,66.0,-9.0,129.6,0,CONCEPT_NOT_FIT_VALIDATED
MON-B-04044,p6-4x2,Purple,#5E43B7,36,4044,69.0,3.0,129.6,0,CONCEPT_NOT_FIT_VALIDATED
MON-B-04045,p6-4x2,Purple,#5E43B7,36,4045,69.0,15.0,129.6,0,CONCEPT_NOT_FIT_VALIDATED
MON-B-04046,p6-3x2,Purple,#5E43B7,36,4046,66.0,27.0,129.6,0,CONCEPT_NOT_FIT_VALIDATED
MON-B-04047,p6-2x2,Purple,#5E43B7,36,4047,63.0,39.0,129.6,0,CONCEPT_NOT_FIT_VALIDATED
MON-B-04048,p6-1x1,Purple,#5E43B7,36,4048,60.0,48.0,129.6,0,CONCEPT_NOT_FIT_VALIDATED
MON-B-04049,p6-1x1,Purple,#5E43B7,36,4049,66.0,-30.0,129.6,0,CONCEPT_NOT_FIT_VALIDATED
MON-B-04050,p6-1x1,Purple,#5E43B7,36,4050,72.0,-18.0,129.6,0,CONCEPT_NOT_FIT_VALIDATED
MON-B-04051,p6-1x1,Purple,#5E43B7,36,4051,72.0,36.0,129.6,0,CONCEPT_NOT_FIT_VALIDATED
MON-B-04052,p6-1x1,Purple,#5E43B7,36,4052,78.0,-6.0,129.6,0,CONCEPT_NOT_FIT_VALIDATED
MON-B-04053,p6-1x1,Purple,#5E43B7,36,4053,78.0,24.0,129.6,0,CONCEPT_NOT_FIT_VALIDATED
MON-B-04054,p6-1x1,Purple,#5E43B7,37,4054,-30.0,-66.0,133.2,0,CONCEPT_NOT_FIT_VALIDATED
MON-B-04055,p6-2x1,Purple,#5E43B7,37,4055,-21.0,-66.0,133.2,0,CONCEPT_NOT_FIT_VALIDATED
MON-B-04056,p6-2x1,Purple,#5E43B7,37,4056,-9.0,-66.0,133.2,0,CONCEPT_NOT_FIT_VALIDATED
MON-B-04057,p6-2x1,Purple,#5E43B7,37,4057,3.0,-66.0,133.2,0,CONCEPT_NOT_FIT_VALIDATED
MON-B-04058,p6-2x1,Purple,#5E43B7,37,4058,15.0,-66.0,133.2,0,CONCEPT_NOT_FIT_VALIDATED
MON-B-04059,p6-1x1,Purple,#5E43B7,37,4059,24.0,-66.0,133.2,0,CONCEPT_NOT_FIT_VALIDATED
MON-B-04060,p6-4x1,Purple,#5E43B7,37,4060,-42.0,-51.0,133.2,90,CONCEPT_NOT_FIT_VALIDATED
MON-B-04061,p6-4x2,Purple,#5E43B7,37,4061,-33.0,-51.0,133.2,90,CONCEPT_NOT_FIT_VALIDATED
MON-B-04062,p6-4x2,Purple,#5E43B7,37,4062,-21.0,-51.0,133.2,90,CONCEPT_NOT_FIT_VALIDATED
MON-B-04063,p6-4x2,Purple,#5E43B7,37,4063,-9.0,-51.0,133.2,90,CONCEPT_NOT_FIT_VALIDATED
MON-B-04064,p6-4x2,Purple,#5E43B7,37,4064,3.0,-51.0,133.2,90,CONCEPT_NOT_FIT_VALIDATED
MON-B-04065,p6-4x2,Purple,#5E43B7,37,4065,15.0,-51.0,133.2,90,CONCEPT_NOT_FIT_VALIDATED
MON-B-04066,p6-4x2,Purple,#5E43B7,37,4066,27.0,-51.0,133.2,90,CONCEPT_NOT_FIT_VALIDATED
MON-B-04067,p6-4x1,Purple,#5E43B7,37,4067,36.0,-51.0,133.2,90,CONCEPT_NOT_FIT_VALIDATED
MON-B-04068,p6-3x1,Purple,#5E43B7,37,4068,-48.0,-48.0,133.2,90,CONCEPT_NOT_FIT_VALIDATED
MON-B-04069,p6-3x1,Purple,#5E43B7,37,4069,42.0,-48.0,133.2,90,CONCEPT_NOT_FIT_VALIDATED
MON-B-04070,p6-3x1,Purple,#5E43B7,37,4070,48.0,-48.0,133.2,90,CONCEPT_NOT_FIT_VALIDATED
MON-B-04071,p6-2x1,Purple,#5E43B7,37,4071,-54.0,-45.0,133.2,90,CONCEPT_NOT_FIT_VALIDATED
MON-B-04072,p6-2x1,Purple,#5E43B7,37,4072,54.0,-45.0,133.2,90,CONCEPT_NOT_FIT_VALIDATED
MON-B-04073,p6-1x1,Purple,#5E43B7,37,4073,-60.0,-42.0,133.2,0,CONCEPT_NOT_FIT_VALIDATED
MON-B-04074,p6-4x2,Purple,#5E43B7,37,4074,-57.0,-27.0,133.2,90,CONCEPT_NOT_FIT_VALIDATED
MON-B-04075,p6-4x2,Purple,#5E43B7,37,4075,-45.0,-27.0,133.2,90,CONCEPT_NOT_FIT_VALIDATED
MON-B-04076,p6-4x2,Purple,#5E43B7,37,4076,-33.0,-27.0,133.2,90,CONCEPT_NOT_FIT_VALIDATED
MON-B-04077,p6-4x2,Purple,#5E43B7,37,4077,-21.0,-27.0,133.2,90,CONCEPT_NOT_FIT_VALIDATED
MON-B-04078,p6-4x2,Purple,#5E43B7,37,4078,-9.0,-27.0,133.2,90,CONCEPT_NOT_FIT_VALIDATED
MON-B-04079,p6-4x2,Purple,#5E43B7,37,4079,3.0,-27.0,133.2,90,CONCEPT_NOT_FIT_VALIDATED
MON-B-04080,p6-4x2,Purple,#5E43B7,37,4080,15.0,-27.0,133.2,90,CONCEPT_NOT_FIT_VALIDATED
MON-B-04081,p6-4x2,Purple,#5E43B7,37,4081,27.0,-27.0,133.2,90,CONCEPT_NOT_FIT_VALIDATED
MON-B-04082,p6-4x2,Purple,#5E43B7,37,4082,39.0,-27.0,133.2,90,CONCEPT_NOT_FIT_VALIDATED
MON-B-04083,p6-4x2,Purple,#5E43B7,37,4083,51.0,-27.0,133.2,90,CONCEPT_NOT_FIT_VALIDATED
MON-B-04084,p6-4x1,Purple,#5E43B7,37,4084,60.0,-27.0,133.2,90,CONCEPT_NOT_FIT_VALIDATED
MON-B-04085,p6-3x1,Purple,#5E43B7,37,4085,-66.0,-24.0,133.2,90,CONCEPT_NOT_FIT_VALIDATED
MON-B-04086,p6-3x1,Purple,#5E43B7,37,4086,66.0,-24.0,133.2,90,CONCEPT_NOT_FIT_VALIDATED
MON-B-04087,p6-1x1,Purple,#5E43B7,37,4087,-72.0,-18.0,133.2,0,CONCEPT_NOT_FIT_VALIDATED
MON-B-04088,p6-1x1,Purple,#5E43B7,37,4088,72.0,-18.0,133.2,0,CONCEPT_NOT_FIT_VALIDATED
MON-B-04089,p6-4x1,Purple,#5E43B7,37,4089,-78.0,-3.0,133.2,90,CONCEPT_NOT_FIT_VALIDATED
MON-B-04090,p6-4x2,Purple,#5E43B7,37,4090,-69.0,-3.0,133.2,90,CONCEPT_NOT_FIT_VALIDATED
MON-B-04091,p6-4x2,Purple,#5E43B7,37,4091,-57.0,-3.0,133.2,90,CONCEPT_NOT_FIT_VALIDATED
MON-B-04092,p6-4x2,Purple,#5E43B7,37,4092,-45.0,-3.0,133.2,90,CONCEPT_NOT_FIT_VALIDATED
MON-B-04093,p6-4x2,Purple,#5E43B7,37,4093,-33.0,-3.0,133.2,90,CONCEPT_NOT_FIT_VALIDATED
MON-B-04094,p6-4x2,Purple,#5E43B7,37,4094,-21.0,-3.0,133.2,90,CONCEPT_NOT_FIT_VALIDATED
MON-B-04095,p6-4x2,Purple,#5E43B7,37,4095,-9.0,-3.0,133.2,90,CONCEPT_NOT_FIT_VALIDATED
MON-B-04096,p6-4x2,Purple,#5E43B7,37,4096,3.0,-3.0,133.2,90,CONCEPT_NOT_FIT_VALIDATED
MON-B-04097,p6-4x2,Purple,#5E43B7,37,4097,15.0,-3.0,133.2,90,CONCEPT_NOT_FIT_VALIDATED
MON-B-04098,p6-4x2,Purple,#5E43B7,37,4098,27.0,-3.0,133.2,90,CONCEPT_NOT_FIT_VALIDATED
MON-B-04099,p6-4x2,Purple,#5E43B7,37,4099,39.0,-3.0,133.2,90,CONCEPT_NOT_FIT_VALIDATED
MON-B-04100,p6-4x2,Purple,#5E43B7,37,4100,51.0,-3.0,133.2,90,CONCEPT_NOT_FIT_VALIDATED
MON-B-04101,p6-4x2,Purple,#5E43B7,37,4101,63.0,-3.0,133.2,90,CONCEPT_NOT_FIT_VALIDATED
MON-B-04102,p6-4x1,Purple,#5E43B7,37,4102,72.0,-3.0,133.2,90,CONCEPT_NOT_FIT_VALIDATED
MON-B-04103,p6-3x1,Purple,#5E43B7,37,4103,-84.0,0.0,133.2,90,CONCEPT_NOT_FIT_VALIDATED
MON-B-04104,p6-3x1,Purple,#5E43B7,37,4104,78.0,0.0,133.2,90,CONCEPT_NOT_FIT_VALIDATED
MON-B-04105,p6-3x1,Purple,#5E43B7,37,4105,-78.0,18.0,133.2,90,CONCEPT_NOT_FIT_VALIDATED
MON-B-04106,p6-4x2,Purple,#5E43B7,37,4106,-69.0,21.0,133.2,90,CONCEPT_NOT_FIT_VALIDATED
MON-B-04107,p6-4x2,Purple,#5E43B7,37,4107,-57.0,21.0,133.2,90,CONCEPT_NOT_FIT_VALIDATED
MON-B-04108,p6-4x2,Purple,#5E43B7,37,4108,-45.0,21.0,133.2,90,CONCEPT_NOT_FIT_VALIDATED
MON-B-04109,p6-4x2,Purple,#5E43B7,37,4109,-33.0,21.0,133.2,90,CONCEPT_NOT_FIT_VALIDATED
MON-B-04110,p6-4x2,Purple,#5E43B7,37,4110,-21.0,21.0,133.2,90,CONCEPT_NOT_FIT_VALIDATED
MON-B-04111,p6-4x2,Purple,#5E43B7,37,4111,-9.0,21.0,133.2,90,CONCEPT_NOT_FIT_VALIDATED
MON-B-04112,p6-4x2,Purple,#5E43B7,37,4112,3.0,21.0,133.2,90,CONCEPT_NOT_FIT_VALIDATED
MON-B-04113,p6-4x2,Purple,#5E43B7,37,4113,15.0,21.0,133.2,90,CONCEPT_NOT_FIT_VALIDATED
MON-B-04114,p6-4x2,Purple,#5E43B7,37,4114,27.0,21.0,133.2,90,CONCEPT_NOT_FIT_VALIDATED
MON-B-04115,p6-4x2,Purple,#5E43B7,37,4115,39.0,21.0,133.2,90,CONCEPT_NOT_FIT_VALIDATED
MON-B-04116,p6-4x2,Purple,#5E43B7,37,4116,51.0,21.0,133.2,90,CONCEPT_NOT_FIT_VALIDATED
MON-B-04117,p6-4x2,Purple,#5E43B7,37,4117,63.0,21.0,133.2,90,CONCEPT_NOT_FIT_VALIDATED
MON-B-04118,p6-4x1,Purple,#5E43B7,37,4118,72.0,21.0,133.2,90,CONCEPT_NOT_FIT_VALIDATED
MON-B-04119,p6-2x1,Purple,#5E43B7,37,4119,78.0,15.0,133.2,90,CONCEPT_NOT_FIT_VALIDATED
MON-B-04120,p6-2x1,Purple,#5E43B7,37,4120,-69.0,36.0,133.2,0,CONCEPT_NOT_FIT_VALIDATED
MON-B-04121,p6-3x2,Purple,#5E43B7,37,4121,-57.0,42.0,133.2,90,CONCEPT_NOT_FIT_VALIDATED
MON-B-04122,p6-4x2,Purple,#5E43B7,37,4122,-45.0,45.0,133.2,90,CONCEPT_NOT_FIT_VALIDATED
MON-B-04123,p6-4x2,Purple,#5E43B7,37,4123,-33.0,45.0,133.2,90,CONCEPT_NOT_FIT_VALIDATED
MON-B-04124,p6-4x2,Purple,#5E43B7,37,4124,-21.0,45.0,133.2,90,CONCEPT_NOT_FIT_VALIDATED
MON-B-04125,p6-4x2,Purple,#5E43B7,37,4125,-9.0,45.0,133.2,90,CONCEPT_NOT_FIT_VALIDATED
MON-B-04126,p6-4x2,Purple,#5E43B7,37,4126,3.0,45.0,133.2,90,CONCEPT_NOT_FIT_VALIDATED
MON-B-04127,p6-4x2,Purple,#5E43B7,37,4127,15.0,45.0,133.2,90,CONCEPT_NOT_FIT_VALIDATED
MON-B-04128,p6-4x2,Purple,#5E43B7,37,4128,27.0,45.0,133.2,90,CONCEPT_NOT_FIT_VALIDATED
MON-B-04129,p6-4x2,Purple,#5E43B7,37,4129,39.0,45.0,133.2,90,CONCEPT_NOT_FIT_VALIDATED
MON-B-04130,p6-4x2,Purple,#5E43B7,37,4130,51.0,45.0,133.2,90,CONCEPT_NOT_FIT_VALIDATED
MON-B-04131,p6-2x2,Purple,#5E43B7,37,4131,63.0,39.0,133.2,0,CONCEPT_NOT_FIT_VALIDATED
MON-B-04132,p6-1x1,Purple,#5E43B7,37,4132,-66.0,42.0,133.2,0,CONCEPT_NOT_FIT_VALIDATED
MON-B-04133,p6-1x1,Purple,#5E43B7,37,4133,60.0,48.0,133.2,0,CONCEPT_NOT_FIT_VALIDATED
MON-B-04134,p6-1x1,Purple,#5E43B7,37,4134,-54.0,54.0,133.2,0,CONCEPT_NOT_FIT_VALIDATED
MON-B-04135,p6-1x1,Purple,#5E43B7,37,4135,-42.0,60.0,133.2,0,CONCEPT_NOT_FIT_VALIDATED
MON-B-04136,p6-2x1,Purple,#5E43B7,37,4136,-33.0,60.0,133.2,0,CONCEPT_NOT_FIT_VALIDATED
MON-B-04137,p6-2x2,Purple,#5E43B7,37,4137,-21.0,63.0,133.2,0,CONCEPT_NOT_FIT_VALIDATED
MON-B-04138,p6-2x2,Purple,#5E43B7,37,4138,-9.0,63.0,133.2,0,CONCEPT_NOT_FIT_VALIDATED
MON-B-04139,p6-2x2,Purple,#5E43B7,37,4139,3.0,63.0,133.2,0,CONCEPT_NOT_FIT_VALIDATED
MON-B-04140,p6-2x2,Purple,#5E43B7,37,4140,15.0,63.0,133.2,0,CONCEPT_NOT_FIT_VALIDATED
MON-B-04141,p6-2x2,Purple,#5E43B7,37,4141,27.0,63.0,133.2,0,CONCEPT_NOT_FIT_VALIDATED
MON-B-04142,p6-2x1,Purple,#5E43B7,37,4142,39.0,60.0,133.2,0,CONCEPT_NOT_FIT_VALIDATED
MON-B-04143,p6-1x1,Purple,#5E43B7,37,4143,-30.0,66.0,133.2,0,CONCEPT_NOT_FIT_VALIDATED
MON-B-04144,p6-3x2,Purple,#5E43B7,38,4144,-78.0,-3.0,136.8,0,CONCEPT_NOT_FIT_VALIDATED
MON-B-04145,p6-3x1,Purple,#5E43B7,38,4145,-78.0,6.0,136.8,0,CONCEPT_NOT_FIT_VALIDATED
MON-B-04146,p6-1x1,Hot pink,#F5547C,38,4146,-78.0,-12.0,136.8,0,CONCEPT_NOT_FIT_VALIDATED
MON-B-04147,p6-2x1,Purple,#5E43B7,38,4147,-75.0,12.0,136.8,0,CONCEPT_NOT_FIT_VALIDATED
MON-B-04148,p6-2x1,Purple,#5E43B7,38,4148,-75.0,18.0,136.8,0,CONCEPT_NOT_FIT_VALIDATED
MON-B-04149,p6-2x1,Purple,#5E43B7,38,4149,-72.0,-15.0,136.8,90,CONCEPT_NOT_FIT_VALIDATED
MON-B-04150,p6-1x1,Purple,#5E43B7,38,4150,-72.0,24.0,136.8,0,CONCEPT_NOT_FIT_VALIDATED
MON-B-04151,p6-1x1,Purple,#5E43B7,38,4151,-72.0,30.0,136.8,0,CONCEPT_NOT_FIT_VALIDATED
MON-B-04152,p6-4x2,Purple,#5E43B7,38,4152,-57.0,-27.0,136.8,0,CONCEPT_NOT_FIT_VALIDATED
MON-B-04153,p6-4x2,Purple,#5E43B7,38,4153,-57.0,-15.0,136.8,0,CONCEPT_NOT_FIT_VALIDATED
MON-B-04154,p6-4x2,Purple,#5E43B7,38,4154,-57.0,-3.0,136.8,0,CONCEPT_NOT_FIT_VALIDATED
MON-B-04155,p6-4x2,Purple,#5E43B7,38,4155,-57.0,9.0,136.8,0,CONCEPT_NOT_FIT_VALIDATED
MON-B-04156,p6-4x2,Purple,#5E43B7,38,4156,-57.0,21.0,136.8,0,CONCEPT_NOT_FIT_VALIDATED
MON-B-04157,p6-4x2,Purple,#5E43B7,38,4157,-57.0,33.0,136.8,0,CONCEPT_NOT_FIT_VALIDATED
MON-B-04158,p6-3x1,Purple,#5E43B7,38,4158,-54.0,-36.0,136.8,0,CONCEPT_NOT_FIT_VALIDATED
MON-B-04159,p6-3x1,Purple,#5E43B7,38,4159,-54.0,42.0,136.8,0,CONCEPT_NOT_FIT_VALIDATED
MON-B-04160,p6-2x1,Purple,#5E43B7,38,4160,-51.0,-48.0,136.8,0,CONCEPT_NOT_FIT_VALIDATED
MON-B-04161,p6-2x1,Purple,#5E43B7,38,4161,-51.0,-42.0,136.8,0,CONCEPT_NOT_FIT_VALIDATED
MON-B-04162,p6-2x1,Purple,#5E43B7,38,4162,-51.0,48.0,136.8,0,CONCEPT_NOT_FIT_VALIDATED
MON-B-04163,p6-1x1,Purple,#5E43B7,38,4163,-48.0,-54.0,136.8,0,CONCEPT_NOT_FIT_VALIDATED
MON-B-04164,p6-1x1,Purple,#5E43B7,38,4164,-48.0,54.0,136.8,0,CONCEPT_NOT_FIT_VALIDATED
MON-B-04165,p6-4x2,Purple,#5E43B7,38,4165,-33.0,-51.0,136.8,0,CONCEPT_NOT_FIT_VALIDATED
MON-B-04166,p6-4x2,Purple,#5E43B7,38,4166,-33.0,-39.0,136.8,0,CONCEPT_NOT_FIT_VALIDATED
MON-B-04167,p6-4x2,Purple,#5E43B7,38,4167,-33.0,-27.0,136.8,0,CONCEPT_NOT_FIT_VALIDATED
MON-B-04168,p6-4x2,Purple,#5E43B7,38,4168,-33.0,-15.0,136.8,0,CONCEPT_NOT_FIT_VALIDATED
MON-B-04169,p6-4x2,Purple,#5E43B7,38,4169,-33.0,-3.0,136.8,0,CONCEPT_NOT_FIT_VALIDATED
MON-B-04170,p6-4x2,Purple,#5E43B7,38,4170,-33.0,9.0,136.8,0,CONCEPT_NOT_FIT_VALIDATED
MON-B-04171,p6-4x2,Purple,#5E43B7,38,4171,-33.0,21.0,136.8,0,CONCEPT_NOT_FIT_VALIDATED
MON-B-04172,p6-4x2,Purple,#5E43B7,38,4172,-33.0,33.0,136.8,0,CONCEPT_NOT_FIT_VALIDATED
MON-B-04173,p6-4x2,Purple,#5E43B7,38,4173,-33.0,45.0,136.8,0,CONCEPT_NOT_FIT_VALIDATED
MON-B-04174,p6-4x1,Purple,#5E43B7,38,4174,-33.0,54.0,136.8,0,CONCEPT_NOT_FIT_VALIDATED
MON-B-04175,p6-3x1,Purple,#5E43B7,38,4175,-30.0,-60.0,136.8,0,CONCEPT_NOT_FIT_VALIDATED
MON-B-04176,p6-3x1,Purple,#5E43B7,38,4176,-30.0,60.0,136.8,0,CONCEPT_NOT_FIT_VALIDATED
MON-B-04177,p6-1x1,Purple,#5E43B7,38,4177,-24.0,-66.0,136.8,0,CONCEPT_NOT_FIT_VALIDATED
MON-B-04178,p6-1x1,Purple,#5E43B7,38,4178,-24.0,66.0,136.8,0,CONCEPT_NOT_FIT_VALIDATED
MON-B-04179,p6-4x2,Purple,#5E43B7,38,4179,-9.0,-63.0,136.8,0,CONCEPT_NOT_FIT_VALIDATED
MON-B-04180,p6-4x2,Purple,#5E43B7,38,4180,-9.0,-51.0,136.8,0,CONCEPT_NOT_FIT_VALIDATED
MON-B-04181,p6-4x2,Purple,#5E43B7,38,4181,-9.0,-39.0,136.8,0,CONCEPT_NOT_FIT_VALIDATED
MON-B-04182,p6-4x2,Purple,#5E43B7,38,4182,-9.0,-27.0,136.8,0,CONCEPT_NOT_FIT_VALIDATED
MON-B-04183,p6-4x2,Purple,#5E43B7,38,4183,-9.0,-15.0,136.8,0,CONCEPT_NOT_FIT_VALIDATED
MON-B-04184,p6-4x2,Purple,#5E43B7,38,4184,-9.0,-3.0,136.8,0,CONCEPT_NOT_FIT_VALIDATED
MON-B-04185,p6-4x2,Purple,#5E43B7,38,4185,-9.0,9.0,136.8,0,CONCEPT_NOT_FIT_VALIDATED
MON-B-04186,p6-4x2,Purple,#5E43B7,38,4186,-9.0,21.0,136.8,0,CONCEPT_NOT_FIT_VALIDATED
MON-B-04187,p6-4x2,Purple,#5E43B7,38,4187,-9.0,33.0,136.8,0,CONCEPT_NOT_FIT_VALIDATED
MON-B-04188,p6-4x2,Purple,#5E43B7,38,4188,-9.0,45.0,136.8,0,CONCEPT_NOT_FIT_VALIDATED
MON-B-04189,p6-4x2,Purple,#5E43B7,38,4189,-9.0,57.0,136.8,0,CONCEPT_NOT_FIT_VALIDATED
MON-B-04190,p6-4x1,Purple,#5E43B7,38,4190,-9.0,66.0,136.8,0,CONCEPT_NOT_FIT_VALIDATED
MON-B-04191,p6-3x2,Purple,#5E43B7,38,4191,12.0,-63.0,136.8,0,CONCEPT_NOT_FIT_VALIDATED
MON-B-04192,p6-4x2,Purple,#5E43B7,38,4192,15.0,-51.0,136.8,0,CONCEPT_NOT_FIT_VALIDATED
MON-B-04193,p6-4x2,Purple,#5E43B7,38,4193,15.0,-39.0,136.8,0,CONCEPT_NOT_FIT_VALIDATED
MON-B-04194,p6-4x2,Purple,#5E43B7,38,4194,15.0,-27.0,136.8,0,CONCEPT_NOT_FIT_VALIDATED
MON-B-04195,p6-4x2,Purple,#5E43B7,38,4195,15.0,-15.0,136.8,0,CONCEPT_NOT_FIT_VALIDATED
MON-B-04196,p6-4x2,Purple,#5E43B7,38,4196,15.0,-3.0,136.8,0,CONCEPT_NOT_FIT_VALIDATED
MON-B-04197,p6-4x2,Purple,#5E43B7,38,4197,15.0,9.0,136.8,0,CONCEPT_NOT_FIT_VALIDATED
MON-B-04198,p6-4x2,Purple,#5E43B7,38,4198,15.0,21.0,136.8,0,CONCEPT_NOT_FIT_VALIDATED
MON-B-04199,p6-4x2,Purple,#5E43B7,38,4199,15.0,33.0,136.8,0,CONCEPT_NOT_FIT_VALIDATED
MON-B-04200,p6-4x2,Purple,#5E43B7,38,4200,15.0,45.0,136.8,0,CONCEPT_NOT_FIT_VALIDATED
MON-B-04201,p6-4x2,Purple,#5E43B7,38,4201,15.0,57.0,136.8,0,CONCEPT_NOT_FIT_VALIDATED
MON-B-04202,p6-4x1,Purple,#5E43B7,38,4202,15.0,66.0,136.8,0,CONCEPT_NOT_FIT_VALIDATED
MON-B-04203,p6-1x1,Purple,#5E43B7,38,4203,24.0,-60.0,136.8,0,CONCEPT_NOT_FIT_VALIDATED
MON-B-04204,p6-2x1,Purple,#5E43B7,38,4204,33.0,-60.0,136.8,0,CONCEPT_NOT_FIT_VALIDATED
MON-B-04205,p6-3x2,Purple,#5E43B7,38,4205,36.0,-51.0,136.8,0,CONCEPT_NOT_FIT_VALIDATED
MON-B-04206,p6-4x2,Purple,#5E43B7,38,4206,39.0,-39.0,136.8,0,CONCEPT_NOT_FIT_VALIDATED
MON-B-04207,p6-4x2,Purple,#5E43B7,38,4207,39.0,-27.0,136.8,0,CONCEPT_NOT_FIT_VALIDATED
MON-B-04208,p6-4x2,Purple,#5E43B7,38,4208,39.0,-15.0,136.8,0,CONCEPT_NOT_FIT_VALIDATED
MON-B-04209,p6-4x2,Purple,#5E43B7,38,4209,39.0,-3.0,136.8,0,CONCEPT_NOT_FIT_VALIDATED
MON-B-04210,p6-4x2,Purple,#5E43B7,38,4210,39.0,9.0,136.8,0,CONCEPT_NOT_FIT_VALIDATED
MON-B-04211,p6-4x2,Purple,#5E43B7,38,4211,39.0,21.0,136.8,0,CONCEPT_NOT_FIT_VALIDATED
MON-B-04212,p6-4x2,Purple,#5E43B7,38,4212,39.0,33.0,136.8,0,CONCEPT_NOT_FIT_VALIDATED
MON-B-04213,p6-4x2,Purple,#5E43B7,38,4213,39.0,45.0,136.8,0,CONCEPT_NOT_FIT_VALIDATED
MON-B-04214,p6-2x2,Purple,#5E43B7,38,4214,33.0,57.0,136.8,0,CONCEPT_NOT_FIT_VALIDATED
MON-B-04215,p6-2x1,Purple,#5E43B7,38,4215,45.0,54.0,136.8,0,CONCEPT_NOT_FIT_VALIDATED
MON-B-04216,p6-1x1,Purple,#5E43B7,38,4216,48.0,-48.0,136.8,0,CONCEPT_NOT_FIT_VALIDATED
MON-B-04217,p6-2x1,Purple,#5E43B7,38,4217,54.0,-39.0,136.8,90,CONCEPT_NOT_FIT_VALIDATED
MON-B-04218,p6-2x2,Purple,#5E43B7,38,4218,57.0,-27.0,136.8,0,CONCEPT_NOT_FIT_VALIDATED
MON-B-04219,p6-3x2,Purple,#5E43B7,38,4219,60.0,-15.0,136.8,0,CONCEPT_NOT_FIT_VALIDATED
MON-B-04220,p6-4x2,Purple,#5E43B7,38,4220,63.0,-3.0,136.8,0,CONCEPT_NOT_FIT_VALIDATED
MON-B-04221,p6-4x2,Purple,#5E43B7,38,4221,63.0,9.0,136.8,0,CONCEPT_NOT_FIT_VALIDATED
MON-B-04222,p6-4x2,Purple,#5E43B7,38,4222,63.0,21.0,136.8,0,CONCEPT_NOT_FIT_VALIDATED
MON-B-04223,p6-3x2,Purple,#5E43B7,38,4223,60.0,33.0,136.8,0,CONCEPT_NOT_FIT_VALIDATED
MON-B-04224,p6-2x1,Purple,#5E43B7,38,4224,57.0,42.0,136.8,0,CONCEPT_NOT_FIT_VALIDATED
MON-B-04225,p6-1x1,Purple,#5E43B7,38,4225,54.0,48.0,136.8,0,CONCEPT_NOT_FIT_VALIDATED
MON-B-04226,p6-1x1,Purple,#5E43B7,38,4226,60.0,-36.0,136.8,0,CONCEPT_NOT_FIT_VALIDATED
MON-B-04227,p6-1x1,Purple,#5E43B7,38,4227,66.0,-24.0,136.8,0,CONCEPT_NOT_FIT_VALIDATED
MON-B-04228,p6-1x1,Purple,#5E43B7,38,4228,72.0,-12.0,136.8,0,CONCEPT_NOT_FIT_VALIDATED
MON-B-04229,p6-1x1,Purple,#5E43B7,38,4229,72.0,30.0,136.8,0,CONCEPT_NOT_FIT_VALIDATED
MON-B-04230,p6-2x1,Purple,#5E43B7,38,4230,78.0,-3.0,136.8,90,CONCEPT_NOT_FIT_VALIDATED
MON-B-04231,p6-2x1,Purple,#5E43B7,38,4231,78.0,9.0,136.8,90,CONCEPT_NOT_FIT_VALIDATED
MON-B-04232,p6-1x1,Purple,#5E43B7,38,4232,78.0,18.0,136.8,0,CONCEPT_NOT_FIT_VALIDATED
MON-B-04233,p6-4x1,Purple,#5E43B7,39,4233,-12.0,-57.0,140.4,90,CONCEPT_NOT_FIT_VALIDATED
MON-B-04234,p6-4x2,Purple,#5E43B7,39,4234,-3.0,-57.0,140.4,90,CONCEPT_NOT_FIT_VALIDATED
MON-B-04235,p6-4x2,Purple,#5E43B7,39,4235,9.0,-57.0,140.4,90,CONCEPT_NOT_FIT_VALIDATED
MON-B-04236,p6-3x1,Purple,#5E43B7,39,4236,-36.0,-54.0,140.4,90,CONCEPT_NOT_FIT_VALIDATED
MON-B-04237,p6-3x2,Purple,#5E43B7,39,4237,-27.0,-54.0,140.4,90,CONCEPT_NOT_FIT_VALIDATED
MON-B-04238,p6-3x1,Purple,#5E43B7,39,4238,-18.0,-54.0,140.4,90,CONCEPT_NOT_FIT_VALIDATED
MON-B-04239,p6-3x2,Purple,#5E43B7,39,4239,21.0,-54.0,140.4,90,CONCEPT_NOT_FIT_VALIDATED
MON-B-04240,p6-3x2,Purple,#5E43B7,39,4240,33.0,-54.0,140.4,90,CONCEPT_NOT_FIT_VALIDATED
MON-B-04241,p6-2x1,Purple,#5E43B7,39,4241,-42.0,-51.0,140.4,90,CONCEPT_NOT_FIT_VALIDATED
MON-B-04242,p6-2x1,Purple,#5E43B7,39,4242,42.0,-51.0,140.4,90,CONCEPT_NOT_FIT_VALIDATED
MON-B-04243,p6-1x1,Purple,#5E43B7,39,4243,-48.0,-48.0,140.4,0,CONCEPT_NOT_FIT_VALIDATED
MON-B-04244,p6-1x1,Purple,#5E43B7,39,4244,48.0,-48.0,140.4,0,CONCEPT_NOT_FIT_VALIDATED
MON-B-04245,p6-4x2,Purple,#5E43B7,39,4245,-51.0,-33.0,140.4,90,CONCEPT_NOT_FIT_VALIDATED
MON-B-04246,p6-4x2,Purple,#5E43B7,39,4246,-39.0,-33.0,140.4,90,CONCEPT_NOT_FIT_VALIDATED
MON-B-04247,p6-4x2,Purple,#5E43B7,39,4247,-27.0,-33.0,140.4,90,CONCEPT_NOT_FIT_VALIDATED
MON-B-04248,p6-4x2,Purple,#5E43B7,39,4248,-15.0,-33.0,140.4,90,CONCEPT_NOT_FIT_VALIDATED
MON-B-04249,p6-4x2,Purple,#5E43B7,39,4249,-3.0,-33.0,140.4,90,CONCEPT_NOT_FIT_VALIDATED
MON-B-04250,p6-4x2,Purple,#5E43B7,39,4250,9.0,-33.0,140.4,90,CONCEPT_NOT_FIT_VALIDATED
MON-B-04251,p6-4x2,Purple,#5E43B7,39,4251,21.0,-33.0,140.4,90,CONCEPT_NOT_FIT_VALIDATED
MON-B-04252,p6-4x2,Purple,#5E43B7,39,4252,33.0,-33.0,140.4,90,CONCEPT_NOT_FIT_VALIDATED
MON-B-04253,p6-4x2,Purple,#5E43B7,39,4253,45.0,-33.0,140.4,90,CONCEPT_NOT_FIT_VALIDATED
MON-B-04254,p6-4x1,Purple,#5E43B7,39,4254,54.0,-33.0,140.4,90,CONCEPT_NOT_FIT_VALIDATED
MON-B-04255,p6-3x1,Purple,#5E43B7,39,4255,-60.0,-30.0,140.4,90,CONCEPT_NOT_FIT_VALIDATED
MON-B-04256,p6-2x1,Purple,#5E43B7,39,4256,60.0,-27.0,140.4,90,CONCEPT_NOT_FIT_VALIDATED
MON-B-04257,p6-1x1,Purple,#5E43B7,39,4257,-66.0,-24.0,140.4,0,CONCEPT_NOT_FIT_VALIDATED
MON-B-04258,p6-4x2,Purple,#5E43B7,39,4258,-63.0,-9.0,140.4,90,CONCEPT_NOT_FIT_VALIDATED
MON-B-04259,p6-4x2,Purple,#5E43B7,39,4259,-51.0,-9.0,140.4,90,CONCEPT_NOT_FIT_VALIDATED
MON-B-04260,p6-4x2,Purple,#5E43B7,39,4260,-39.0,-9.0,140.4,90,CONCEPT_NOT_FIT_VALIDATED
MON-B-04261,p6-4x2,Purple,#5E43B7,39,4261,-27.0,-9.0,140.4,90,CONCEPT_NOT_FIT_VALIDATED
MON-B-04262,p6-4x2,Purple,#5E43B7,39,4262,-15.0,-9.0,140.4,90,CONCEPT_NOT_FIT_VALIDATED
MON-B-04263,p6-4x2,Purple,#5E43B7,39,4263,-3.0,-9.0,140.4,90,CONCEPT_NOT_FIT_VALIDATED
MON-B-04264,p6-4x2,Purple,#5E43B7,39,4264,9.0,-9.0,140.4,90,CONCEPT_NOT_FIT_VALIDATED
MON-B-04265,p6-4x2,Purple,#5E43B7,39,4265,21.0,-9.0,140.4,90,CONCEPT_NOT_FIT_VALIDATED
MON-B-04266,p6-4x2,Purple,#5E43B7,39,4266,33.0,-9.0,140.4,90,CONCEPT_NOT_FIT_VALIDATED
MON-B-04267,p6-4x2,Purple,#5E43B7,39,4267,45.0,-9.0,140.4,90,CONCEPT_NOT_FIT_VALIDATED
MON-B-04268,p6-4x2,Purple,#5E43B7,39,4268,57.0,-9.0,140.4,90,CONCEPT_NOT_FIT_VALIDATED
MON-B-04269,p6-4x1,Purple,#5E43B7,39,4269,66.0,-9.0,140.4,90,CONCEPT_NOT_FIT_VALIDATED
MON-B-04270,p6-2x1,Hot pink,#F5547C,39,4270,-75.0,-12.0,140.4,0,CONCEPT_NOT_FIT_VALIDATED
MON-B-04271,p6-3x1,Purple,#5E43B7,39,4271,72.0,-6.0,140.4,90,CONCEPT_NOT_FIT_VALIDATED
MON-B-04272,p6-2x1,Purple,#5E43B7,39,4272,-84.0,-3.0,140.4,90,CONCEPT_NOT_FIT_VALIDATED
MON-B-04273,p6-2x2,Purple,#5E43B7,39,4273,-75.0,-3.0,140.4,0,CONCEPT_NOT_FIT_VALIDATED
MON-B-04274,p6-2x1,Purple,#5E43B7,39,4274,78.0,-3.0,140.4,90,CONCEPT_NOT_FIT_VALIDATED
MON-B-04276,p6-1x1,Purple,#5E43B7,39,4275,-84.0,6.0,140.4,0,CONCEPT_NOT_FIT_VALIDATED
MON-B-04277,p6-3x2,Purple,#5E43B7,39,4276,-75.0,12.0,140.4,90,CONCEPT_NOT_FIT_VALIDATED
MON-B-04278,p6-4x2,Purple,#5E43B7,39,4277,-63.0,15.0,140.4,90,CONCEPT_NOT_FIT_VALIDATED
MON-B-04279,p6-4x2,Purple,#5E43B7,39,4278,-51.0,15.0,140.4,90,CONCEPT_NOT_FIT_VALIDATED
MON-B-04280,p6-4x2,Purple,#5E43B7,39,4279,-39.0,15.0,140.4,90,CONCEPT_NOT_FIT_VALIDATED
MON-B-04281,p6-4x2,Purple,#5E43B7,39,4280,-27.0,15.0,140.4,90,CONCEPT_NOT_FIT_VALIDATED
MON-B-04282,p6-4x2,Purple,#5E43B7,39,4281,-15.0,15.0,140.4,90,CONCEPT_NOT_FIT_VALIDATED
MON-B-04283,p6-4x2,Purple,#5E43B7,39,4282,-3.0,15.0,140.4,90,CONCEPT_NOT_FIT_VALIDATED
MON-B-04284,p6-4x2,Purple,#5E43B7,39,4283,9.0,15.0,140.4,90,CONCEPT_NOT_FIT_VALIDATED
MON-B-04285,p6-4x2,Purple,#5E43B7,39,4284,21.0,15.0,140.4,90,CONCEPT_NOT_FIT_VALIDATED
MON-B-04286,p6-4x2,Purple,#5E43B7,39,4285,33.0,15.0,140.4,90,CONCEPT_NOT_FIT_VALIDATED
MON-B-04287,p6-4x2,Purple,#5E43B7,39,4286,45.0,15.0,140.4,90,CONCEPT_NOT_FIT_VALIDATED
MON-B-04288,p6-4x2,Purple,#5E43B7,39,4287,57.0,15.0,140.4,90,CONCEPT_NOT_FIT_VALIDATED
MON-B-04289,p6-4x2,Purple,#5E43B7,39,4288,69.0,15.0,140.4,90,CONCEPT_NOT_FIT_VALIDATED
MON-B-04290,p6-2x1,Purple,#5E43B7,39,4289,78.0,9.0,140.4,90,CONCEPT_NOT_FIT_VALIDATED
MON-B-04291,p6-1x1,Purple,#5E43B7,39,4290,-72.0,24.0,140.4,0,CONCEPT_NOT_FIT_VALIDATED
MON-B-04292,p6-1x1,Purple,#5E43B7,39,4291,-72.0,30.0,140.4,0,CONCEPT_NOT_FIT_VALIDATED
MON-B-04293,p6-2x2,Purple,#5E43B7,39,4292,-63.0,33.0,140.4,0,CONCEPT_NOT_FIT_VALIDATED
MON-B-04294,p6-3x2,Purple,#5E43B7,39,4293,-51.0,36.0,140.4,90,CONCEPT_NOT_FIT_VALIDATED
MON-B-04295,p6-4x2,Purple,#5E43B7,39,4294,-39.0,39.0,140.4,90,CONCEPT_NOT_FIT_VALIDATED
MON-B-04296,p6-4x2,Purple,#5E43B7,39,4295,-27.0,39.0,140.4,90,CONCEPT_NOT_FIT_VALIDATED
MON-B-04297,p6-4x2,Purple,#5E43B7,39,4296,-15.0,39.0,140.4,90,CONCEPT_NOT_FIT_VALIDATED
MON-B-04298,p6-4x2,Purple,#5E43B7,39,4297,-3.0,39.0,140.4,90,CONCEPT_NOT_FIT_VALIDATED
MON-B-04299,p6-4x2,Purple,#5E43B7,39,4298,9.0,39.0,140.4,90,CONCEPT_NOT_FIT_VALIDATED
MON-B-04300,p6-4x2,Purple,#5E43B7,39,4299,21.0,39.0,140.4,90,CONCEPT_NOT_FIT_VALIDATED
MON-B-04301,p6-4x2,Purple,#5E43B7,39,4300,33.0,39.0,140.4,90,CONCEPT_NOT_FIT_VALIDATED
MON-B-04302,p6-4x2,Purple,#5E43B7,39,4301,45.0,39.0,140.4,90,CONCEPT_NOT_FIT_VALIDATED
MON-B-04303,p6-3x2,Purple,#5E43B7,39,4302,57.0,36.0,140.4,90,CONCEPT_NOT_FIT_VALIDATED
MON-B-04304,p6-2x1,Purple,#5E43B7,39,4303,66.0,33.0,140.4,90,CONCEPT_NOT_FIT_VALIDATED
MON-B-04305,p6-1x1,Purple,#5E43B7,39,4304,-60.0,42.0,140.4,0,CONCEPT_NOT_FIT_VALIDATED
MON-B-04306,p6-1x1,Purple,#5E43B7,39,4305,-48.0,48.0,140.4,0,CONCEPT_NOT_FIT_VALIDATED
MON-B-04307,p6-1x1,Purple,#5E43B7,39,4306,54.0,48.0,140.4,0,CONCEPT_NOT_FIT_VALIDATED
MON-B-04308,p6-2x1,Purple,#5E43B7,39,4307,-39.0,54.0,140.4,0,CONCEPT_NOT_FIT_VALIDATED
MON-B-04309,p6-2x2,Purple,#5E43B7,39,4308,-27.0,57.0,140.4,0,CONCEPT_NOT_FIT_VALIDATED
MON-B-04310,p6-2x2,Purple,#5E43B7,39,4309,-15.0,57.0,140.4,0,CONCEPT_NOT_FIT_VALIDATED
MON-B-04311,p6-3x2,Purple,#5E43B7,39,4310,-3.0,60.0,140.4,90,CONCEPT_NOT_FIT_VALIDATED
MON-B-04312,p6-2x2,Purple,#5E43B7,39,4311,9.0,57.0,140.4,0,CONCEPT_NOT_FIT_VALIDATED
MON-B-04313,p6-2x2,Purple,#5E43B7,39,4312,21.0,57.0,140.4,0,CONCEPT_NOT_FIT_VALIDATED
MON-B-04314,p6-2x1,Purple,#5E43B7,39,4313,30.0,57.0,140.4,90,CONCEPT_NOT_FIT_VALIDATED
MON-B-04315,p6-1x1,Purple,#5E43B7,39,4314,36.0,54.0,140.4,0,CONCEPT_NOT_FIT_VALIDATED
MON-B-04316,p6-1x1,Purple,#5E43B7,39,4315,42.0,54.0,140.4,0,CONCEPT_NOT_FIT_VALIDATED
MON-B-04317,p6-1x1,Purple,#5E43B7,39,4316,6.0,66.0,140.4,0,CONCEPT_NOT_FIT_VALIDATED
MON-B-04318,p6-2x1,Purple,#5E43B7,40,4317,-81.0,-6.0,144.0,0,CONCEPT_NOT_FIT_VALIDATED
MON-B-04319,p6-2x2,Purple,#5E43B7,40,4318,-81.0,3.0,144.0,0,CONCEPT_NOT_FIT_VALIDATED
MON-B-04320,p6-1x1,Hot pink,#F5547C,40,4319,-78.0,-12.0,144.0,0,CONCEPT_NOT_FIT_VALIDATED
MON-B-04321,p6-2x1,Purple,#5E43B7,40,4320,-78.0,15.0,144.0,90,CONCEPT_NOT_FIT_VALIDATED
MON-B-04322,p6-1x1,Hot pink,#F5547C,40,4321,-72.0,-12.0,144.0,0,CONCEPT_NOT_FIT_VALIDATED
MON-B-04323,p6-4x1,Purple,#5E43B7,40,4322,-63.0,-6.0,144.0,0,CONCEPT_NOT_FIT_VALIDATED
MON-B-04324,p6-4x2,Purple,#5E43B7,40,4323,-63.0,3.0,144.0,0,CONCEPT_NOT_FIT_VALIDATED
MON-B-04325,p6-4x2,Purple,#5E43B7,40,4324,-63.0,15.0,144.0,0,CONCEPT_NOT_FIT_VALIDATED
MON-B-04326,p6-4x1,Purple,#5E43B7,40,4325,-63.0,24.0,144.0,0,CONCEPT_NOT_FIT_VALIDATED
MON-B-04327,p6-3x1,Purple,#5E43B7,40,4326,-60.0,-18.0,144.0,0,CONCEPT_NOT_FIT_VALIDATED
MON-B-04328,p6-3x1,Purple,#5E43B7,40,4327,-60.0,-12.0,144.0,0,CONCEPT_NOT_FIT_VALIDATED
MON-B-04329,p6-3x1,Purple,#5E43B7,40,4328,-60.0,30.0,144.0,0,CONCEPT_NOT_FIT_VALIDATED
MON-B-04330,p6-2x1,Purple,#5E43B7,40,4329,-57.0,-30.0,144.0,0,CONCEPT_NOT_FIT_VALIDATED
MON-B-04331,p6-2x1,Purple,#5E43B7,40,4330,-57.0,-24.0,144.0,0,CONCEPT_NOT_FIT_VALIDATED
MON-B-04332,p6-2x1,Purple,#5E43B7,40,4331,-57.0,36.0,144.0,0,CONCEPT_NOT_FIT_VALIDATED
MON-B-04333,p6-1x1,Purple,#5E43B7,40,4332,-54.0,-42.0,144.0,0,CONCEPT_NOT_FIT_VALIDATED
MON-B-04334,p6-1x1,Purple,#5E43B7,40,4333,-54.0,-36.0,144.0,0,CONCEPT_NOT_FIT_VALIDATED
MON-B-04335,p6-1x1,Purple,#5E43B7,40,4334,-54.0,42.0,144.0,0,CONCEPT_NOT_FIT_VALIDATED
MON-B-04336,p6-4x2,Purple,#5E43B7,40,4335,-39.0,-45.0,144.0,0,CONCEPT_NOT_FIT_VALIDATED
MON-B-04337,p6-4x2,Purple,#5E43B7,40,4336,-39.0,-33.0,144.0,0,CONCEPT_NOT_FIT_VALIDATED
MON-B-04338,p6-4x2,Purple,#5E43B7,40,4337,-39.0,-21.0,144.0,0,CONCEPT_NOT_FIT_VALIDATED
MON-B-04339,p6-4x2,Purple,#5E43B7,40,4338,-39.0,-9.0,144.0,0,CONCEPT_NOT_FIT_VALIDATED
MON-B-04340,p6-4x2,Purple,#5E43B7,40,4339,-39.0,3.0,144.0,0,CONCEPT_NOT_FIT_VALIDATED
MON-B-04341,p6-4x2,Purple,#5E43B7,40,4340,-39.0,15.0,144.0,0,CONCEPT_NOT_FIT_VALIDATED
MON-B-04342,p6-4x2,Purple,#5E43B7,40,4341,-39.0,27.0,144.0,0,CONCEPT_NOT_FIT_VALIDATED
MON-B-04343,p6-4x2,Purple,#5E43B7,40,4342,-39.0,39.0,144.0,0,CONCEPT_NOT_FIT_VALIDATED
MON-B-04344,p6-4x1,Purple,#5E43B7,40,4343,-39.0,48.0,144.0,0,CONCEPT_NOT_FIT_VALIDATED
MON-B-04345,p6-2x1,Purple,#5E43B7,40,4344,-33.0,-54.0,144.0,0,CONCEPT_NOT_FIT_VALIDATED
MON-B-04346,p6-2x1,Purple,#5E43B7,40,4345,-33.0,54.0,144.0,0,CONCEPT_NOT_FIT_VALIDATED
MON-B-04347,p6-1x1,Purple,#5E43B7,40,4346,-30.0,-60.0,144.0,0,CONCEPT_NOT_FIT_VALIDATED
MON-B-04348,p6-4x2,Purple,#5E43B7,40,4347,-15.0,-57.0,144.0,0,CONCEPT_NOT_FIT_VALIDATED
MON-B-04349,p6-4x2,Purple,#5E43B7,40,4348,-15.0,-45.0,144.0,0,CONCEPT_NOT_FIT_VALIDATED
MON-B-04350,p6-4x2,Purple,#5E43B7,40,4349,-15.0,-33.0,144.0,0,CONCEPT_NOT_FIT_VALIDATED
MON-B-04351,p6-4x2,Purple,#5E43B7,40,4350,-15.0,-21.0,144.0,0,CONCEPT_NOT_FIT_VALIDATED
MON-B-04352,p6-4x2,Purple,#5E43B7,40,4351,-15.0,-9.0,144.0,0,CONCEPT_NOT_FIT_VALIDATED
MON-B-04353,p6-4x2,Purple,#5E43B7,40,4352,-15.0,3.0,144.0,0,CONCEPT_NOT_FIT_VALIDATED
MON-B-04354,p6-4x2,Purple,#5E43B7,40,4353,-15.0,15.0,144.0,0,CONCEPT_NOT_FIT_VALIDATED
MON-B-04355,p6-4x2,Purple,#5E43B7,40,4354,-15.0,27.0,144.0,0,CONCEPT_NOT_FIT_VALIDATED
MON-B-04356,p6-4x2,Purple,#5E43B7,40,4355,-15.0,39.0,144.0,0,CONCEPT_NOT_FIT_VALIDATED
MON-B-04357,p6-4x2,Purple,#5E43B7,40,4356,-15.0,51.0,144.0,0,CONCEPT_NOT_FIT_VALIDATED
MON-B-04358,p6-3x1,Purple,#5E43B7,40,4357,-12.0,60.0,144.0,0,CONCEPT_NOT_FIT_VALIDATED
MON-B-04359,p6-4x2,Purple,#5E43B7,40,4358,9.0,-57.0,144.0,0,CONCEPT_NOT_FIT_VALIDATED
MON-B-04360,p6-4x2,Purple,#5E43B7,40,4359,9.0,-45.0,144.0,0,CONCEPT_NOT_FIT_VALIDATED
MON-B-04361,p6-4x2,Purple,#5E43B7,40,4360,9.0,-33.0,144.0,0,CONCEPT_NOT_FIT_VALIDATED
MON-B-04362,p6-4x2,Purple,#5E43B7,40,4361,9.0,-21.0,144.0,0,CONCEPT_NOT_FIT_VALIDATED
MON-B-04363,p6-4x2,Purple,#5E43B7,40,4362,9.0,-9.0,144.0,0,CONCEPT_NOT_FIT_VALIDATED
MON-B-04364,p6-4x2,Purple,#5E43B7,40,4363,9.0,3.0,144.0,0,CONCEPT_NOT_FIT_VALIDATED
MON-B-04365,p6-4x2,Purple,#5E43B7,40,4364,9.0,15.0,144.0,0,CONCEPT_NOT_FIT_VALIDATED
MON-B-04366,p6-4x2,Purple,#5E43B7,40,4365,9.0,27.0,144.0,0,CONCEPT_NOT_FIT_VALIDATED
MON-B-04367,p6-4x2,Purple,#5E43B7,40,4366,9.0,39.0,144.0,0,CONCEPT_NOT_FIT_VALIDATED
MON-B-04368,p6-4x2,Purple,#5E43B7,40,4367,9.0,51.0,144.0,0,CONCEPT_NOT_FIT_VALIDATED
MON-B-04369,p6-4x1,Purple,#5E43B7,40,4368,9.0,60.0,144.0,0,CONCEPT_NOT_FIT_VALIDATED
MON-B-04370,p6-2x1,Purple,#5E43B7,40,4369,24.0,-57.0,144.0,90,CONCEPT_NOT_FIT_VALIDATED
MON-B-04371,p6-4x2,Purple,#5E43B7,40,4370,33.0,-45.0,144.0,0,CONCEPT_NOT_FIT_VALIDATED
MON-B-04372,p6-4x2,Purple,#5E43B7,40,4371,33.0,-33.0,144.0,0,CONCEPT_NOT_FIT_VALIDATED
MON-B-04373,p6-4x2,Purple,#5E43B7,40,4372,33.0,-21.0,144.0,0,CONCEPT_NOT_FIT_VALIDATED
MON-B-04374,p6-4x2,Purple,#5E43B7,40,4373,33.0,-9.0,144.0,0,CONCEPT_NOT_FIT_VALIDATED
MON-B-04375,p6-4x2,Purple,#5E43B7,40,4374,33.0,3.0,144.0,0,CONCEPT_NOT_FIT_VALIDATED
MON-B-04376,p6-4x2,Purple,#5E43B7,40,4375,33.0,15.0,144.0,0,CONCEPT_NOT_FIT_VALIDATED
MON-B-04377,p6-4x2,Purple,#5E43B7,40,4376,33.0,27.0,144.0,0,CONCEPT_NOT_FIT_VALIDATED
MON-B-04378,p6-4x2,Purple,#5E43B7,40,4377,33.0,39.0,144.0,0,CONCEPT_NOT_FIT_VALIDATED
MON-B-04379,p6-3x2,Purple,#5E43B7,40,4378,30.0,51.0,144.0,0,CONCEPT_NOT_FIT_VALIDATED
MON-B-04380,p6-2x1,Purple,#5E43B7,40,4379,33.0,-54.0,144.0,0,CONCEPT_NOT_FIT_VALIDATED
MON-B-04381,p6-1x1,Purple,#5E43B7,40,4380,42.0,48.0,144.0,0,CONCEPT_NOT_FIT_VALIDATED
MON-B-04382,p6-1x1,Purple,#5E43B7,40,4381,48.0,-42.0,144.0,0,CONCEPT_NOT_FIT_VALIDATED
MON-B-04383,p6-2x2,Purple,#5E43B7,40,4382,51.0,-33.0,144.0,0,CONCEPT_NOT_FIT_VALIDATED
MON-B-04384,p6-3x2,Purple,#5E43B7,40,4383,54.0,-21.0,144.0,0,CONCEPT_NOT_FIT_VALIDATED
MON-B-04385,p6-4x2,Purple,#5E43B7,40,4384,57.0,-9.0,144.0,0,CONCEPT_NOT_FIT_VALIDATED
MON-B-04386,p6-4x2,Purple,#5E43B7,40,4385,57.0,3.0,144.0,0,CONCEPT_NOT_FIT_VALIDATED
MON-B-04387,p6-4x2,Purple,#5E43B7,40,4386,57.0,15.0,144.0,0,CONCEPT_NOT_FIT_VALIDATED
MON-B-04388,p6-4x2,Purple,#5E43B7,40,4387,57.0,27.0,144.0,0,CONCEPT_NOT_FIT_VALIDATED
MON-B-04389,p6-2x2,Purple,#5E43B7,40,4388,51.0,39.0,144.0,0,CONCEPT_NOT_FIT_VALIDATED
MON-B-04390,p6-1x1,Purple,#5E43B7,40,4389,48.0,48.0,144.0,0,CONCEPT_NOT_FIT_VALIDATED
MON-B-04391,p6-1x1,Purple,#5E43B7,40,4390,60.0,36.0,144.0,0,CONCEPT_NOT_FIT_VALIDATED
MON-B-04392,p6-2x1,Hot pink,#F5547C,40,4391,75.0,-6.0,144.0,0,CONCEPT_NOT_FIT_VALIDATED
MON-B-04393,p6-3x2,Purple,#5E43B7,40,4392,78.0,3.0,144.0,0,CONCEPT_NOT_FIT_VALIDATED
MON-B-04275,p6-1x1,Purple,#5E43B7,39,4393,84.0,0.0,140.4,0,CONCEPT_NOT_FIT_VALIDATED
MON-B-04394,p6-2x1,Purple,#5E43B7,40,4394,75.0,12.0,144.0,0,CONCEPT_NOT_FIT_VALIDATED
MON-B-04395,p6-1x1,Purple,#5E43B7,40,4395,72.0,18.0,144.0,0,CONCEPT_NOT_FIT_VALIDATED
MON-B-04396,p6-1x1,Purple,#5E43B7,40,4396,72.0,24.0,144.0,0,CONCEPT_NOT_FIT_VALIDATED
MON-B-04398,p6-2x2,Purple,#5E43B7,41,4397,-9.0,-57.0,147.6,0,CONCEPT_NOT_FIT_VALIDATED
MON-B-04399,p6-2x2,Purple,#5E43B7,41,4398,3.0,-57.0,147.6,0,CONCEPT_NOT_FIT_VALIDATED
MON-B-04400,p6-1x1,Purple,#5E43B7,41,4399,-30.0,-54.0,147.6,0,CONCEPT_NOT_FIT_VALIDATED
MON-B-04401,p6-2x1,Purple,#5E43B7,41,4400,-21.0,-54.0,147.6,0,CONCEPT_NOT_FIT_VALIDATED
MON-B-04402,p6-2x1,Purple,#5E43B7,41,4401,15.0,-54.0,147.6,0,CONCEPT_NOT_FIT_VALIDATED
MON-B-04403,p6-2x1,Purple,#5E43B7,41,4402,27.0,-54.0,147.6,0,CONCEPT_NOT_FIT_VALIDATED
MON-B-04404,p6-4x1,Purple,#5E43B7,41,4403,-42.0,-39.0,147.6,90,CONCEPT_NOT_FIT_VALIDATED
MON-B-04405,p6-4x2,Purple,#5E43B7,41,4404,-33.0,-39.0,147.6,90,CONCEPT_NOT_FIT_VALIDATED
MON-B-04406,p6-4x2,Purple,#5E43B7,41,4405,-21.0,-39.0,147.6,90,CONCEPT_NOT_FIT_VALIDATED
MON-B-04407,p6-4x2,Purple,#5E43B7,41,4406,-9.0,-39.0,147.6,90,CONCEPT_NOT_FIT_VALIDATED
MON-B-04408,p6-4x2,Purple,#5E43B7,41,4407,3.0,-39.0,147.6,90,CONCEPT_NOT_FIT_VALIDATED
MON-B-04409,p6-4x2,Purple,#5E43B7,41,4408,15.0,-39.0,147.6,90,CONCEPT_NOT_FIT_VALIDATED
MON-B-04410,p6-4x2,Purple,#5E43B7,41,4409,27.0,-39.0,147.6,90,CONCEPT_NOT_FIT_VALIDATED
MON-B-04411,p6-4x1,Purple,#5E43B7,41,4410,36.0,-39.0,147.6,90,CONCEPT_NOT_FIT_VALIDATED
MON-B-04412,p6-3x1,Purple,#5E43B7,41,4411,42.0,-36.0,147.6,90,CONCEPT_NOT_FIT_VALIDATED
MON-B-04413,p6-2x1,Purple,#5E43B7,41,4412,-54.0,-33.0,147.6,90,CONCEPT_NOT_FIT_VALIDATED
MON-B-04414,p6-2x1,Purple,#5E43B7,41,4413,-48.0,-33.0,147.6,90,CONCEPT_NOT_FIT_VALIDATED
MON-B-04415,p6-2x1,Purple,#5E43B7,41,4414,48.0,-33.0,147.6,90,CONCEPT_NOT_FIT_VALIDATED
MON-B-04416,p6-1x1,Purple,#5E43B7,41,4415,54.0,-30.0,147.6,0,CONCEPT_NOT_FIT_VALIDATED
MON-B-04417,p6-4x2,Purple,#5E43B7,41,4416,-57.0,-15.0,147.6,90,CONCEPT_NOT_FIT_VALIDATED
MON-B-04418,p6-4x2,Purple,#5E43B7,41,4417,-45.0,-15.0,147.6,90,CONCEPT_NOT_FIT_VALIDATED
MON-B-04419,p6-4x2,Purple,#5E43B7,41,4418,-33.0,-15.0,147.6,90,CONCEPT_NOT_FIT_VALIDATED
MON-B-04420,p6-4x2,Purple,#5E43B7,41,4419,-21.0,-15.0,147.6,90,CONCEPT_NOT_FIT_VALIDATED
MON-B-04421,p6-4x2,Purple,#5E43B7,41,4420,-9.0,-15.0,147.6,90,CONCEPT_NOT_FIT_VALIDATED
MON-B-04422,p6-4x2,Purple,#5E43B7,41,4421,3.0,-15.0,147.6,90,CONCEPT_NOT_FIT_VALIDATED
MON-B-04423,p6-4x2,Purple,#5E43B7,41,4422,15.0,-15.0,147.6,90,CONCEPT_NOT_FIT_VALIDATED
MON-B-04424,p6-4x2,Purple,#5E43B7,41,4423,27.0,-15.0,147.6,90,CONCEPT_NOT_FIT_VALIDATED
MON-B-04425,p6-4x2,Purple,#5E43B7,41,4424,39.0,-15.0,147.6,90,CONCEPT_NOT_FIT_VALIDATED
MON-B-04426,p6-4x2,Purple,#5E43B7,41,4425,51.0,-15.0,147.6,90,CONCEPT_NOT_FIT_VALIDATED
MON-B-04427,p6-3x1,Purple,#5E43B7,41,4426,60.0,-12.0,147.6,90,CONCEPT_NOT_FIT_VALIDATED
MON-B-04428,p6-1x1,Hot pink,#F5547C,41,4427,-78.0,-12.0,147.6,0,CONCEPT_NOT_FIT_VALIDATED
MON-B-04429,p6-2x1,Hot pink,#F5547C,41,4428,-69.0,-12.0,147.6,0,CONCEPT_NOT_FIT_VALIDATED
MON-B-04430,p6-1x1,Hot pink,#F5547C,41,4429,66.0,-12.0,147.6,0,CONCEPT_NOT_FIT_VALIDATED
MON-B-04431,p6-2x1,Purple,#5E43B7,41,4430,-81.0,-6.0,147.6,0,CONCEPT_NOT_FIT_VALIDATED
MON-B-04432,p6-2x1,Purple,#5E43B7,41,4431,-69.0,-6.0,147.6,0,CONCEPT_NOT_FIT_VALIDATED
MON-B-04433,p6-1x1,Purple,#5E43B7,41,4432,66.0,-6.0,147.6,0,CONCEPT_NOT_FIT_VALIDATED
MON-B-04434,p6-2x1,Hot pink,#F5547C,41,4433,75.0,-6.0,147.6,0,CONCEPT_NOT_FIT_VALIDATED
MON-B-04436,p6-2x2,Purple,#5E43B7,41,4434,-81.0,3.0,147.6,0,CONCEPT_NOT_FIT_VALIDATED
MON-B-04437,p6-4x2,Purple,#5E43B7,41,4435,-69.0,9.0,147.6,90,CONCEPT_NOT_FIT_VALIDATED
MON-B-04438,p6-4x2,Purple,#5E43B7,41,4436,-57.0,9.0,147.6,90,CONCEPT_NOT_FIT_VALIDATED
MON-B-04439,p6-4x2,Purple,#5E43B7,41,4437,-45.0,9.0,147.6,90,CONCEPT_NOT_FIT_VALIDATED
MON-B-04440,p6-4x2,Purple,#5E43B7,41,4438,-33.0,9.0,147.6,90,CONCEPT_NOT_FIT_VALIDATED
MON-B-04441,p6-4x2,Purple,#5E43B7,41,4439,-21.0,9.0,147.6,90,CONCEPT_NOT_FIT_VALIDATED
MON-B-04442,p6-4x2,Purple,#5E43B7,41,4440,-9.0,9.0,147.6,90,CONCEPT_NOT_FIT_VALIDATED
MON-B-04443,p6-4x2,Purple,#5E43B7,41,4441,3.0,9.0,147.6,90,CONCEPT_NOT_FIT_VALIDATED
MON-B-04444,p6-4x2,Purple,#5E43B7,41,4442,15.0,9.0,147.6,90,CONCEPT_NOT_FIT_VALIDATED
MON-B-04445,p6-4x2,Purple,#5E43B7,41,4443,27.0,9.0,147.6,90,CONCEPT_NOT_FIT_VALIDATED
MON-B-04446,p6-4x2,Purple,#5E43B7,41,4444,39.0,9.0,147.6,90,CONCEPT_NOT_FIT_VALIDATED
MON-B-04447,p6-4x2,Purple,#5E43B7,41,4445,51.0,9.0,147.6,90,CONCEPT_NOT_FIT_VALIDATED
MON-B-04448,p6-4x2,Purple,#5E43B7,41,4446,63.0,9.0,147.6,90,CONCEPT_NOT_FIT_VALIDATED
MON-B-04449,p6-3x2,Purple,#5E43B7,41,4447,75.0,6.0,147.6,90,CONCEPT_NOT_FIT_VALIDATED
MON-B-04450,p6-2x1,Purple,#5E43B7,41,4448,84.0,3.0,147.6,90,CONCEPT_NOT_FIT_VALIDATED
MON-B-04451,p6-2x1,Purple,#5E43B7,41,4449,-78.0,15.0,147.6,90,CONCEPT_NOT_FIT_VALIDATED
MON-B-04452,p6-1x1,Purple,#5E43B7,41,4450,72.0,18.0,147.6,0,CONCEPT_NOT_FIT_VALIDATED
MON-B-04453,p6-2x1,Purple,#5E43B7,41,4451,-69.0,24.0,147.6,0,CONCEPT_NOT_FIT_VALIDATED
MON-B-04454,p6-3x2,Purple,#5E43B7,41,4452,-57.0,30.0,147.6,90,CONCEPT_NOT_FIT_VALIDATED
MON-B-04455,p6-4x2,Purple,#5E43B7,41,4453,-45.0,33.0,147.6,90,CONCEPT_NOT_FIT_VALIDATED
MON-B-04456,p6-4x2,Purple,#5E43B7,41,4454,-33.0,33.0,147.6,90,CONCEPT_NOT_FIT_VALIDATED
MON-B-04457,p6-4x2,Purple,#5E43B7,41,4455,-21.0,33.0,147.6,90,CONCEPT_NOT_FIT_VALIDATED
MON-B-04458,p6-4x2,Purple,#5E43B7,41,4456,-9.0,33.0,147.6,90,CONCEPT_NOT_FIT_VALIDATED
MON-B-04459,p6-4x2,Purple,#5E43B7,41,4457,3.0,33.0,147.6,90,CONCEPT_NOT_FIT_VALIDATED
MON-B-04460,p6-4x2,Purple,#5E43B7,41,4458,15.0,33.0,147.6,90,CONCEPT_NOT_FIT_VALIDATED
MON-B-04461,p6-4x2,Purple,#5E43B7,41,4459,27.0,33.0,147.6,90,CONCEPT_NOT_FIT_VALIDATED
MON-B-04462,p6-4x2,Purple,#5E43B7,41,4460,39.0,33.0,147.6,90,CONCEPT_NOT_FIT_VALIDATED
MON-B-04463,p6-3x2,Purple,#5E43B7,41,4461,51.0,30.0,147.6,90,CONCEPT_NOT_FIT_VALIDATED
MON-B-04464,p6-2x2,Purple,#5E43B7,41,4462,63.0,27.0,147.6,0,CONCEPT_NOT_FIT_VALIDATED
MON-B-04465,p6-1x1,Purple,#5E43B7,41,4463,72.0,24.0,147.6,0,CONCEPT_NOT_FIT_VALIDATED
MON-B-04466,p6-1x1,Purple,#5E43B7,41,4464,-66.0,30.0,147.6,0,CONCEPT_NOT_FIT_VALIDATED
MON-B-04467,p6-1x1,Purple,#5E43B7,41,4465,60.0,36.0,147.6,0,CONCEPT_NOT_FIT_VALIDATED
MON-B-04468,p6-1x1,Purple,#5E43B7,41,4466,48.0,42.0,147.6,0,CONCEPT_NOT_FIT_VALIDATED
MON-B-04469,p6-1x1,Purple,#5E43B7,41,4467,-42.0,48.0,147.6,0,CONCEPT_NOT_FIT_VALIDATED
MON-B-04470,p6-2x1,Purple,#5E43B7,41,4468,-33.0,48.0,147.6,0,CONCEPT_NOT_FIT_VALIDATED
MON-B-04471,p6-2x2,Purple,#5E43B7,41,4469,-21.0,51.0,147.6,0,CONCEPT_NOT_FIT_VALIDATED
MON-B-04472,p6-2x2,Purple,#5E43B7,41,4470,-9.0,51.0,147.6,0,CONCEPT_NOT_FIT_VALIDATED
MON-B-04473,p6-2x2,Purple,#5E43B7,41,4471,3.0,51.0,147.6,0,CONCEPT_NOT_FIT_VALIDATED
MON-B-04474,p6-2x2,Purple,#5E43B7,41,4472,15.0,51.0,147.6,0,CONCEPT_NOT_FIT_VALIDATED
MON-B-04475,p6-2x1,Purple,#5E43B7,41,4473,24.0,51.0,147.6,90,CONCEPT_NOT_FIT_VALIDATED
MON-B-04476,p6-1x1,Purple,#5E43B7,41,4474,30.0,48.0,147.6,0,CONCEPT_NOT_FIT_VALIDATED
MON-B-04477,p6-2x1,Purple,#5E43B7,41,4475,39.0,48.0,147.6,0,CONCEPT_NOT_FIT_VALIDATED
MON-B-04478,p6-2x2,Purple,#5E43B7,42,4476,-87.0,-3.0,151.2,0,CONCEPT_NOT_FIT_VALIDATED
MON-B-04479,p6-1x1,Purple,#5E43B7,42,4477,-84.0,6.0,151.2,0,CONCEPT_NOT_FIT_VALIDATED
MON-B-04480,p6-3x1,Hot pink,#F5547C,42,4478,-72.0,-12.0,151.2,0,CONCEPT_NOT_FIT_VALIDATED
MON-B-04481,p6-4x2,Purple,#5E43B7,42,4479,-69.0,-3.0,151.2,0,CONCEPT_NOT_FIT_VALIDATED
MON-B-04482,p6-4x2,Purple,#5E43B7,42,4480,-69.0,9.0,151.2,0,CONCEPT_NOT_FIT_VALIDATED
MON-B-04483,p6-3x1,Purple,#5E43B7,42,4481,-66.0,18.0,151.2,0,CONCEPT_NOT_FIT_VALIDATED
MON-B-04484,p6-2x1,Purple,#5E43B7,42,4482,-63.0,24.0,151.2,0,CONCEPT_NOT_FIT_VALIDATED
MON-B-04485,p6-2x1,Purple,#5E43B7,42,4483,-60.0,-15.0,151.2,90,CONCEPT_NOT_FIT_VALIDATED
MON-B-04486,p6-1x1,Purple,#5E43B7,42,4484,-60.0,30.0,151.2,0,CONCEPT_NOT_FIT_VALIDATED
MON-B-04487,p6-4x1,Purple,#5E43B7,42,4485,-45.0,-24.0,151.2,0,CONCEPT_NOT_FIT_VALIDATED
MON-B-04488,p6-4x2,Purple,#5E43B7,42,4486,-45.0,-15.0,151.2,0,CONCEPT_NOT_FIT_VALIDATED
MON-B-04489,p6-4x2,Purple,#5E43B7,42,4487,-45.0,-3.0,151.2,0,CONCEPT_NOT_FIT_VALIDATED
MON-B-04490,p6-4x2,Purple,#5E43B7,42,4488,-45.0,9.0,151.2,0,CONCEPT_NOT_FIT_VALIDATED
MON-B-04491,p6-4x2,Purple,#5E43B7,42,4489,-45.0,21.0,151.2,0,CONCEPT_NOT_FIT_VALIDATED
MON-B-04492,p6-4x2,Purple,#5E43B7,42,4490,-45.0,33.0,151.2,0,CONCEPT_NOT_FIT_VALIDATED
MON-B-04493,p6-3x1,Purple,#5E43B7,42,4491,-42.0,-36.0,151.2,0,CONCEPT_NOT_FIT_VALIDATED
MON-B-04494,p6-3x1,Purple,#5E43B7,42,4492,-42.0,-30.0,151.2,0,CONCEPT_NOT_FIT_VALIDATED
MON-B-04495,p6-2x1,Purple,#5E43B7,42,4493,-39.0,-42.0,151.2,0,CONCEPT_NOT_FIT_VALIDATED
MON-B-04496,p6-2x1,Purple,#5E43B7,42,4494,-39.0,42.0,151.2,0,CONCEPT_NOT_FIT_VALIDATED
MON-B-04497,p6-4x1,Purple,#5E43B7,42,4495,-21.0,-48.0,151.2,0,CONCEPT_NOT_FIT_VALIDATED
MON-B-04498,p6-4x2,Purple,#5E43B7,42,4496,-21.0,-39.0,151.2,0,CONCEPT_NOT_FIT_VALIDATED
MON-B-04499,p6-4x2,Purple,#5E43B7,42,4497,-21.0,-27.0,151.2,0,CONCEPT_NOT_FIT_VALIDATED
MON-B-04500,p6-4x2,Purple,#5E43B7,42,4498,-21.0,-15.0,151.2,0,CONCEPT_NOT_FIT_VALIDATED
MON-B-04501,p6-4x2,Purple,#5E43B7,42,4499,-21.0,-3.0,151.2,0,CONCEPT_NOT_FIT_VALIDATED
MON-B-04502,p6-4x2,Purple,#5E43B7,42,4500,-21.0,9.0,151.2,0,CONCEPT_NOT_FIT_VALIDATED
MON-B-04503,p6-4x2,Purple,#5E43B7,42,4501,-21.0,21.0,151.2,0,CONCEPT_NOT_FIT_VALIDATED
MON-B-04504,p6-4x2,Purple,#5E43B7,42,4502,-21.0,33.0,151.2,0,CONCEPT_NOT_FIT_VALIDATED
MON-B-04505,p6-4x2,Purple,#5E43B7,42,4503,-21.0,45.0,151.2,0,CONCEPT_NOT_FIT_VALIDATED
MON-B-04506,p6-2x1,Purple,#5E43B7,42,4504,-15.0,-54.0,151.2,0,CONCEPT_NOT_FIT_VALIDATED
MON-B-04507,p6-4x2,Purple,#5E43B7,42,4505,3.0,-51.0,151.2,0,CONCEPT_NOT_FIT_VALIDATED
MON-B-04508,p6-4x2,Purple,#5E43B7,42,4506,3.0,-39.0,151.2,0,CONCEPT_NOT_FIT_VALIDATED
MON-B-04509,p6-4x2,Purple,#5E43B7,42,4507,3.0,-27.0,151.2,0,CONCEPT_NOT_FIT_VALIDATED
MON-B-04510,p6-4x2,Purple,#5E43B7,42,4508,3.0,-15.0,151.2,0,CONCEPT_NOT_FIT_VALIDATED
MON-B-04511,p6-4x2,Purple,#5E43B7,42,4509,3.0,-3.0,151.2,0,CONCEPT_NOT_FIT_VALIDATED
MON-B-04512,p6-4x2,Purple,#5E43B7,42,4510,3.0,9.0,151.2,0,CONCEPT_NOT_FIT_VALIDATED
MON-B-04513,p6-4x2,Purple,#5E43B7,42,4511,3.0,21.0,151.2,0,CONCEPT_NOT_FIT_VALIDATED
MON-B-04514,p6-4x2,Purple,#5E43B7,42,4512,3.0,33.0,151.2,0,CONCEPT_NOT_FIT_VALIDATED
MON-B-04515,p6-4x2,Purple,#5E43B7,42,4513,3.0,45.0,151.2,0,CONCEPT_NOT_FIT_VALIDATED
MON-B-04516,p6-2x1,Purple,#5E43B7,42,4514,18.0,-51.0,151.2,90,CONCEPT_NOT_FIT_VALIDATED
MON-B-04517,p6-4x2,Purple,#5E43B7,42,4515,27.0,-39.0,151.2,0,CONCEPT_NOT_FIT_VALIDATED
MON-B-04518,p6-4x2,Purple,#5E43B7,42,4516,27.0,-27.0,151.2,0,CONCEPT_NOT_FIT_VALIDATED
MON-B-04519,p6-4x2,Purple,#5E43B7,42,4517,27.0,-15.0,151.2,0,CONCEPT_NOT_FIT_VALIDATED
MON-B-04520,p6-4x2,Purple,#5E43B7,42,4518,27.0,-3.0,151.2,0,CONCEPT_NOT_FIT_VALIDATED
MON-B-04521,p6-4x2,Purple,#5E43B7,42,4519,27.0,9.0,151.2,0,CONCEPT_NOT_FIT_VALIDATED
MON-B-04522,p6-4x2,Purple,#5E43B7,42,4520,27.0,21.0,151.2,0,CONCEPT_NOT_FIT_VALIDATED
MON-B-04523,p6-4x2,Purple,#5E43B7,42,4521,27.0,33.0,151.2,0,CONCEPT_NOT_FIT_VALIDATED
MON-B-04524,p6-3x2,Purple,#5E43B7,42,4522,24.0,45.0,151.2,0,CONCEPT_NOT_FIT_VALIDATED
MON-B-04525,p6-2x1,Purple,#5E43B7,42,4523,27.0,-48.0,151.2,0,CONCEPT_NOT_FIT_VALIDATED
MON-B-04526,p6-1x1,Purple,#5E43B7,42,4524,36.0,42.0,151.2,0,CONCEPT_NOT_FIT_VALIDATED
MON-B-04527,p6-2x1,Purple,#5E43B7,42,4525,42.0,-39.0,151.2,90,CONCEPT_NOT_FIT_VALIDATED
MON-B-04528,p6-2x2,Purple,#5E43B7,42,4526,45.0,-27.0,151.2,0,CONCEPT_NOT_FIT_VALIDATED
MON-B-04529,p6-3x2,Purple,#5E43B7,42,4527,48.0,-15.0,151.2,0,CONCEPT_NOT_FIT_VALIDATED
MON-B-04530,p6-4x2,Purple,#5E43B7,42,4528,51.0,-3.0,151.2,0,CONCEPT_NOT_FIT_VALIDATED
MON-B-04531,p6-4x2,Purple,#5E43B7,42,4529,51.0,9.0,151.2,0,CONCEPT_NOT_FIT_VALIDATED
MON-B-04532,p6-4x2,Purple,#5E43B7,42,4530,51.0,21.0,151.2,0,CONCEPT_NOT_FIT_VALIDATED
MON-B-04533,p6-3x2,Purple,#5E43B7,42,4531,48.0,33.0,151.2,0,CONCEPT_NOT_FIT_VALIDATED
MON-B-04534,p6-1x1,Purple,#5E43B7,42,4532,42.0,42.0,151.2,0,CONCEPT_NOT_FIT_VALIDATED
MON-B-04535,p6-1x1,Purple,#5E43B7,42,4533,54.0,-24.0,151.2,0,CONCEPT_NOT_FIT_VALIDATED
MON-B-04536,p6-1x1,Hot pink,#F5547C,42,4534,60.0,-12.0,151.2,0,CONCEPT_NOT_FIT_VALIDATED
MON-B-04537,p6-1x1,Purple,#5E43B7,42,4535,60.0,30.0,151.2,0,CONCEPT_NOT_FIT_VALIDATED
MON-B-04538,p6-1x1,Hot pink,#F5547C,42,4536,66.0,-12.0,151.2,0,CONCEPT_NOT_FIT_VALIDATED
MON-B-04539,p6-2x1,Purple,#5E43B7,42,4537,66.0,-3.0,151.2,90,CONCEPT_NOT_FIT_VALIDATED
MON-B-04540,p6-3x2,Purple,#5E43B7,42,4538,72.0,9.0,151.2,0,CONCEPT_NOT_FIT_VALIDATED
MON-B-04541,p6-2x1,Purple,#5E43B7,42,4539,69.0,18.0,151.2,0,CONCEPT_NOT_FIT_VALIDATED
MON-B-04542,p6-1x1,Purple,#5E43B7,42,4540,66.0,24.0,151.2,0,CONCEPT_NOT_FIT_VALIDATED
MON-B-04543,p6-2x1,Hot pink,#F5547C,42,4541,75.0,-6.0,151.2,0,CONCEPT_NOT_FIT_VALIDATED
MON-B-04544,p6-3x1,Purple,#5E43B7,42,4542,78.0,0.0,151.2,0,CONCEPT_NOT_FIT_VALIDATED
MON-B-04546,p6-1x1,Purple,#5E43B7,42,4543,84.0,6.0,151.2,0,CONCEPT_NOT_FIT_VALIDATED
MON-B-04547,p6-3x2,Purple,#5E43B7,43,4544,-15.0,-42.0,154.8,90,CONCEPT_NOT_FIT_VALIDATED
MON-B-04548,p6-3x2,Purple,#5E43B7,43,4545,-3.0,-42.0,154.8,90,CONCEPT_NOT_FIT_VALIDATED
MON-B-04549,p6-3x2,Purple,#5E43B7,43,4546,9.0,-42.0,154.8,90,CONCEPT_NOT_FIT_VALIDATED
MON-B-04550,p6-3x1,Purple,#5E43B7,43,4547,18.0,-42.0,154.8,90,CONCEPT_NOT_FIT_VALIDATED
MON-B-04551,p6-2x2,Purple,#5E43B7,43,4548,-27.0,-39.0,154.8,0,CONCEPT_NOT_FIT_VALIDATED
MON-B-04552,p6-2x1,Purple,#5E43B7,43,4549,24.0,-39.0,154.8,90,CONCEPT_NOT_FIT_VALIDATED
MON-B-04553,p6-2x1,Purple,#5E43B7,43,4550,30.0,-39.0,154.8,90,CONCEPT_NOT_FIT_VALIDATED
MON-B-04554,p6-2x1,Purple,#5E43B7,43,4551,-39.0,-36.0,154.8,0,CONCEPT_NOT_FIT_VALIDATED
MON-B-04555,p6-1x1,Purple,#5E43B7,43,4552,36.0,-36.0,154.8,0,CONCEPT_NOT_FIT_VALIDATED
MON-B-04556,p6-1x1,Purple,#5E43B7,43,4553,42.0,-36.0,154.8,0,CONCEPT_NOT_FIT_VALIDATED
MON-B-04557,p6-4x1,Purple,#5E43B7,43,4554,-48.0,-21.0,154.8,90,CONCEPT_NOT_FIT_VALIDATED
MON-B-04558,p6-4x2,Purple,#5E43B7,43,4555,-39.0,-21.0,154.8,90,CONCEPT_NOT_FIT_VALIDATED
MON-B-04559,p6-4x2,Purple,#5E43B7,43,4556,-27.0,-21.0,154.8,90,CONCEPT_NOT_FIT_VALIDATED
MON-B-04560,p6-4x2,Purple,#5E43B7,43,4557,-15.0,-21.0,154.8,90,CONCEPT_NOT_FIT_VALIDATED
MON-B-04561,p6-4x2,Purple,#5E43B7,43,4558,-3.0,-21.0,154.8,90,CONCEPT_NOT_FIT_VALIDATED
MON-B-04562,p6-4x2,Purple,#5E43B7,43,4559,9.0,-21.0,154.8,90,CONCEPT_NOT_FIT_VALIDATED
MON-B-04563,p6-4x2,Purple,#5E43B7,43,4560,21.0,-21.0,154.8,90,CONCEPT_NOT_FIT_VALIDATED
MON-B-04564,p6-4x2,Purple,#5E43B7,43,4561,33.0,-21.0,154.8,90,CONCEPT_NOT_FIT_VALIDATED
MON-B-04565,p6-4x1,Purple,#5E43B7,43,4562,42.0,-21.0,154.8,90,CONCEPT_NOT_FIT_VALIDATED
MON-B-04566,p6-3x1,Purple,#5E43B7,43,4563,48.0,-18.0,154.8,90,CONCEPT_NOT_FIT_VALIDATED
MON-B-04567,p6-2x1,Purple,#5E43B7,43,4564,-54.0,-15.0,154.8,90,CONCEPT_NOT_FIT_VALIDATED
MON-B-04568,p6-2x1,Purple,#5E43B7,43,4565,54.0,-15.0,154.8,90,CONCEPT_NOT_FIT_VALIDATED
MON-B-04569,p6-2x1,Hot pink,#F5547C,43,4566,-75.0,-12.0,154.8,0,CONCEPT_NOT_FIT_VALIDATED
MON-B-04570,p6-2x1,Hot pink,#F5547C,43,4567,-63.0,-12.0,154.8,0,CONCEPT_NOT_FIT_VALIDATED
MON-B-04571,p6-1x1,Hot pink,#F5547C,43,4568,60.0,-12.0,154.8,0,CONCEPT_NOT_FIT_VALIDATED
MON-B-04572,p6-1x1,Hot pink,#F5547C,43,4569,66.0,-12.0,154.8,0,CONCEPT_NOT_FIT_VALIDATED
MON-B-04573,p6-2x2,Purple,#5E43B7,43,4570,-87.0,-3.0,154.8,0,CONCEPT_NOT_FIT_VALIDATED
MON-B-04574,p6-4x2,Purple,#5E43B7,43,4571,-75.0,3.0,154.8,90,CONCEPT_NOT_FIT_VALIDATED
MON-B-04575,p6-4x2,Purple,#5E43B7,43,4572,-63.0,3.0,154.8,90,CONCEPT_NOT_FIT_VALIDATED
MON-B-04576,p6-4x2,Purple,#5E43B7,43,4573,-51.0,3.0,154.8,90,CONCEPT_NOT_FIT_VALIDATED
MON-B-04577,p6-4x2,Purple,#5E43B7,43,4574,-39.0,3.0,154.8,90,CONCEPT_NOT_FIT_VALIDATED
MON-B-04578,p6-4x2,Purple,#5E43B7,43,4575,-27.0,3.0,154.8,90,CONCEPT_NOT_FIT_VALIDATED
MON-B-04579,p6-4x2,Purple,#5E43B7,43,4576,-15.0,3.0,154.8,90,CONCEPT_NOT_FIT_VALIDATED
MON-B-04580,p6-4x2,Purple,#5E43B7,43,4577,-3.0,3.0,154.8,90,CONCEPT_NOT_FIT_VALIDATED
MON-B-04581,p6-4x2,Purple,#5E43B7,43,4578,9.0,3.0,154.8,90,CONCEPT_NOT_FIT_VALIDATED
MON-B-04582,p6-4x2,Purple,#5E43B7,43,4579,21.0,3.0,154.8,90,CONCEPT_NOT_FIT_VALIDATED
MON-B-04583,p6-4x2,Purple,#5E43B7,43,4580,33.0,3.0,154.8,90,CONCEPT_NOT_FIT_VALIDATED
MON-B-04584,p6-4x2,Purple,#5E43B7,43,4581,45.0,3.0,154.8,90,CONCEPT_NOT_FIT_VALIDATED
MON-B-04585,p6-4x2,Purple,#5E43B7,43,4582,57.0,3.0,154.8,90,CONCEPT_NOT_FIT_VALIDATED
MON-B-04586,p6-4x1,Purple,#5E43B7,43,4583,66.0,3.0,154.8,90,CONCEPT_NOT_FIT_VALIDATED
MON-B-04587,p6-1x1,Hot pink,#F5547C,43,4584,72.0,-6.0,154.8,0,CONCEPT_NOT_FIT_VALIDATED
MON-B-04588,p6-1x1,Hot pink,#F5547C,43,4585,78.0,-6.0,154.8,0,CONCEPT_NOT_FIT_VALIDATED
MON-B-04589,p6-3x1,Purple,#5E43B7,43,4586,84.0,0.0,154.8,90,CONCEPT_NOT_FIT_VALIDATED
MON-B-04545,p6-1x1,Purple,#5E43B7,42,4587,84.0,-6.0,151.2,0,CONCEPT_NOT_FIT_VALIDATED
MON-B-04435,p6-1x1,Purple,#5E43B7,41,4588,84.0,-6.0,147.6,0,CONCEPT_NOT_FIT_VALIDATED
MON-B-04397,p6-1x1,Purple,#5E43B7,40,4589,84.0,-6.0,144.0,0,CONCEPT_NOT_FIT_VALIDATED
MON-B-04590,p6-3x1,Purple,#5E43B7,43,4590,72.0,6.0,154.8,90,CONCEPT_NOT_FIT_VALIDATED
MON-B-04591,p6-3x1,Purple,#5E43B7,43,4591,78.0,6.0,154.8,90,CONCEPT_NOT_FIT_VALIDATED
MON-B-04592,p6-1x1,Purple,#5E43B7,43,4592,-84.0,6.0,154.8,0,CONCEPT_NOT_FIT_VALIDATED
MON-B-04593,p6-1x1,Purple,#5E43B7,43,4593,-72.0,18.0,154.8,0,CONCEPT_NOT_FIT_VALIDATED
MON-B-04594,p6-2x2,Purple,#5E43B7,43,4594,-63.0,21.0,154.8,0,CONCEPT_NOT_FIT_VALIDATED
MON-B-04595,p6-3x2,Purple,#5E43B7,43,4595,-51.0,24.0,154.8,90,CONCEPT_NOT_FIT_VALIDATED
MON-B-04596,p6-4x2,Purple,#5E43B7,43,4596,-39.0,27.0,154.8,90,CONCEPT_NOT_FIT_VALIDATED
MON-B-04597,p6-4x2,Purple,#5E43B7,43,4597,-27.0,27.0,154.8,90,CONCEPT_NOT_FIT_VALIDATED
MON-B-04598,p6-4x2,Purple,#5E43B7,43,4598,-15.0,27.0,154.8,90,CONCEPT_NOT_FIT_VALIDATED
MON-B-04599,p6-4x2,Purple,#5E43B7,43,4599,-3.0,27.0,154.8,90,CONCEPT_NOT_FIT_VALIDATED
MON-B-04600,p6-4x2,Purple,#5E43B7,43,4600,9.0,27.0,154.8,90,CONCEPT_NOT_FIT_VALIDATED
MON-B-04601,p6-4x2,Purple,#5E43B7,43,4601,21.0,27.0,154.8,90,CONCEPT_NOT_FIT_VALIDATED
MON-B-04602,p6-4x2,Purple,#5E43B7,43,4602,33.0,27.0,154.8,90,CONCEPT_NOT_FIT_VALIDATED
MON-B-04603,p6-4x2,Purple,#5E43B7,43,4603,45.0,27.0,154.8,90,CONCEPT_NOT_FIT_VALIDATED
MON-B-04604,p6-3x2,Purple,#5E43B7,43,4604,57.0,24.0,154.8,90,CONCEPT_NOT_FIT_VALIDATED
MON-B-04605,p6-2x1,Purple,#5E43B7,43,4605,66.0,21.0,154.8,90,CONCEPT_NOT_FIT_VALIDATED
MON-B-04606,p6-1x1,Purple,#5E43B7,43,4606,72.0,18.0,154.8,0,CONCEPT_NOT_FIT_VALIDATED
MON-B-04607,p6-1x1,Purple,#5E43B7,43,4607,-60.0,30.0,154.8,0,CONCEPT_NOT_FIT_VALIDATED
MON-B-04608,p6-1x1,Purple,#5E43B7,43,4608,-48.0,36.0,154.8,0,CONCEPT_NOT_FIT_VALIDATED
MON-B-04609,p6-2x1,Purple,#5E43B7,43,4609,-27.0,42.0,154.8,0,CONCEPT_NOT_FIT_VALIDATED
MON-B-04610,p6-2x1,Purple,#5E43B7,43,4610,-15.0,42.0,154.8,0,CONCEPT_NOT_FIT_VALIDATED
MON-B-04611,p6-2x1,Purple,#5E43B7,43,4611,-3.0,42.0,154.8,0,CONCEPT_NOT_FIT_VALIDATED
MON-B-04612,p6-2x1,Purple,#5E43B7,43,4612,9.0,42.0,154.8,0,CONCEPT_NOT_FIT_VALIDATED
MON-B-04613,p6-2x1,Purple,#5E43B7,43,4613,21.0,42.0,154.8,0,CONCEPT_NOT_FIT_VALIDATED
MON-B-04614,p6-1x1,Purple,#5E43B7,43,4614,30.0,42.0,154.8,0,CONCEPT_NOT_FIT_VALIDATED
MON-B-04615,p6-1x1,Purple,#5E43B7,44,4615,-90.0,-6.0,158.4,0,CONCEPT_NOT_FIT_VALIDATED
MON-B-04616,p6-1x1,Purple,#5E43B7,44,4616,-90.0,0.0,158.4,0,CONCEPT_NOT_FIT_VALIDATED
MON-B-04617,p6-4x1,Purple,#5E43B7,44,4617,-75.0,-6.0,158.4,0,CONCEPT_NOT_FIT_VALIDATED
MON-B-04618,p6-4x2,Purple,#5E43B7,44,4618,-75.0,3.0,158.4,0,CONCEPT_NOT_FIT_VALIDATED
MON-B-04619,p6-3x1,Hot pink,#F5547C,44,4619,-72.0,-12.0,158.4,0,CONCEPT_NOT_FIT_VALIDATED
MON-B-04620,p6-3x1,Purple,#5E43B7,44,4620,-72.0,12.0,158.4,0,CONCEPT_NOT_FIT_VALIDATED
MON-B-04621,p6-2x1,Purple,#5E43B7,44,4621,-69.0,18.0,158.4,0,CONCEPT_NOT_FIT_VALIDATED
MON-B-04622,p6-1x1,Purple,#5E43B7,44,4622,-66.0,24.0,158.4,0,CONCEPT_NOT_FIT_VALIDATED
MON-B-04623,p6-1x1,Hot pink,#F5547C,44,4623,-60.0,-12.0,158.4,0,CONCEPT_NOT_FIT_VALIDATED
MON-B-04624,p6-4x1,Purple,#5E43B7,44,4624,-51.0,-6.0,158.4,0,CONCEPT_NOT_FIT_VALIDATED
MON-B-04625,p6-4x2,Purple,#5E43B7,44,4625,-51.0,3.0,158.4,0,CONCEPT_NOT_FIT_VALIDATED
MON-B-04626,p6-4x2,Purple,#5E43B7,44,4626,-51.0,15.0,158.4,0,CONCEPT_NOT_FIT_VALIDATED
MON-B-04627,p6-4x1,Purple,#5E43B7,44,4627,-51.0,24.0,158.4,0,CONCEPT_NOT_FIT_VALIDATED
MON-B-04628,p6-1x1,Hot pink,#F5547C,44,4628,-54.0,-18.0,158.4,0,CONCEPT_NOT_FIT_VALIDATED
MON-B-04629,p6-3x1,Purple,#5E43B7,44,4629,-48.0,-12.0,158.4,0,CONCEPT_NOT_FIT_VALIDATED
MON-B-04630,p6-2x1,Purple,#5E43B7,44,4630,-45.0,-18.0,158.4,0,CONCEPT_NOT_FIT_VALIDATED
MON-B-04631,p6-2x1,Purple,#5E43B7,44,4631,-45.0,30.0,158.4,0,CONCEPT_NOT_FIT_VALIDATED
MON-B-04632,p6-1x1,Purple,#5E43B7,44,4632,-42.0,-24.0,158.4,0,CONCEPT_NOT_FIT_VALIDATED
MON-B-04633,p6-4x1,Purple,#5E43B7,44,4633,-27.0,-30.0,158.4,0,CONCEPT_NOT_FIT_VALIDATED
MON-B-04634,p6-4x2,Purple,#5E43B7,44,4634,-27.0,-21.0,158.4,0,CONCEPT_NOT_FIT_VALIDATED
MON-B-04635,p6-4x2,Purple,#5E43B7,44,4635,-27.0,-9.0,158.4,0,CONCEPT_NOT_FIT_VALIDATED
MON-B-04636,p6-4x2,Purple,#5E43B7,44,4636,-27.0,3.0,158.4,0,CONCEPT_NOT_FIT_VALIDATED
MON-B-04637,p6-4x2,Purple,#5E43B7,44,4637,-27.0,15.0,158.4,0,CONCEPT_NOT_FIT_VALIDATED
MON-B-04638,p6-4x2,Purple,#5E43B7,44,4638,-27.0,27.0,158.4,0,CONCEPT_NOT_FIT_VALIDATED
MON-B-04639,p6-3x1,Purple,#5E43B7,44,4639,-24.0,-36.0,158.4,0,CONCEPT_NOT_FIT_VALIDATED
MON-B-04640,p6-3x1,Purple,#5E43B7,44,4640,-24.0,36.0,158.4,0,CONCEPT_NOT_FIT_VALIDATED
MON-B-04641,p6-1x1,Purple,#5E43B7,44,4641,-18.0,-42.0,158.4,0,CONCEPT_NOT_FIT_VALIDATED
MON-B-04642,p6-4x1,Purple,#5E43B7,44,4642,-3.0,-42.0,158.4,0,CONCEPT_NOT_FIT_VALIDATED
MON-B-04643,p6-4x2,Purple,#5E43B7,44,4643,-3.0,-33.0,158.4,0,CONCEPT_NOT_FIT_VALIDATED
MON-B-04644,p6-4x2,Purple,#5E43B7,44,4644,-3.0,-21.0,158.4,0,CONCEPT_NOT_FIT_VALIDATED
MON-B-04645,p6-4x2,Purple,#5E43B7,44,4645,-3.0,-9.0,158.4,0,CONCEPT_NOT_FIT_VALIDATED
MON-B-04646,p6-4x2,Purple,#5E43B7,44,4646,-3.0,3.0,158.4,0,CONCEPT_NOT_FIT_VALIDATED
MON-B-04647,p6-4x2,Purple,#5E43B7,44,4647,-3.0,15.0,158.4,0,CONCEPT_NOT_FIT_VALIDATED
MON-B-04648,p6-4x2,Purple,#5E43B7,44,4648,-3.0,27.0,158.4,0,CONCEPT_NOT_FIT_VALIDATED
MON-B-04649,p6-4x1,Purple,#5E43B7,44,4649,-3.0,36.0,158.4,0,CONCEPT_NOT_FIT_VALIDATED
MON-B-04650,p6-2x1,Purple,#5E43B7,44,4650,15.0,-42.0,158.4,0,CONCEPT_NOT_FIT_VALIDATED
MON-B-04651,p6-4x2,Purple,#5E43B7,44,4651,21.0,-33.0,158.4,0,CONCEPT_NOT_FIT_VALIDATED
MON-B-04652,p6-4x2,Purple,#5E43B7,44,4652,21.0,-21.0,158.4,0,CONCEPT_NOT_FIT_VALIDATED
MON-B-04653,p6-4x2,Purple,#5E43B7,44,4653,21.0,-9.0,158.4,0,CONCEPT_NOT_FIT_VALIDATED
MON-B-04654,p6-4x2,Purple,#5E43B7,44,4654,21.0,3.0,158.4,0,CONCEPT_NOT_FIT_VALIDATED
MON-B-04655,p6-4x2,Purple,#5E43B7,44,4655,21.0,15.0,158.4,0,CONCEPT_NOT_FIT_VALIDATED
MON-B-04656,p6-4x2,Purple,#5E43B7,44,4656,21.0,27.0,158.4,0,CONCEPT_NOT_FIT_VALIDATED
MON-B-04657,p6-4x1,Purple,#5E43B7,44,4657,21.0,36.0,158.4,0,CONCEPT_NOT_FIT_VALIDATED
MON-B-04658,p6-1x1,Purple,#5E43B7,44,4658,36.0,-30.0,158.4,0,CONCEPT_NOT_FIT_VALIDATED
MON-B-04659,p6-2x2,Purple,#5E43B7,44,4659,39.0,-21.0,158.4,0,CONCEPT_NOT_FIT_VALIDATED
MON-B-04660,p6-3x2,Purple,#5E43B7,44,4660,42.0,-9.0,158.4,0,CONCEPT_NOT_FIT_VALIDATED
MON-B-04661,p6-4x2,Purple,#5E43B7,44,4661,45.0,3.0,158.4,0,CONCEPT_NOT_FIT_VALIDATED
MON-B-04662,p6-4x2,Purple,#5E43B7,44,4662,45.0,15.0,158.4,0,CONCEPT_NOT_FIT_VALIDATED
MON-B-04663,p6-4x2,Purple,#5E43B7,44,4663,45.0,27.0,158.4,0,CONCEPT_NOT_FIT_VALIDATED
MON-B-04664,p6-1x1,Purple,#5E43B7,44,4664,48.0,-18.0,158.4,0,CONCEPT_NOT_FIT_VALIDATED
MON-B-04665,p6-1x1,Hot pink,#F5547C,44,4665,54.0,-12.0,158.4,0,CONCEPT_NOT_FIT_VALIDATED
MON-B-04666,p6-1x1,Purple,#5E43B7,44,4666,54.0,-6.0,158.4,0,CONCEPT_NOT_FIT_VALIDATED
MON-B-04667,p6-2x1,Hot pink,#F5547C,44,4667,63.0,-12.0,158.4,0,CONCEPT_NOT_FIT_VALIDATED
MON-B-04668,p6-2x1,Purple,#5E43B7,44,4668,63.0,-6.0,158.4,0,CONCEPT_NOT_FIT_VALIDATED
MON-B-04669,p6-4x2,Purple,#5E43B7,44,4669,69.0,3.0,158.4,0,CONCEPT_NOT_FIT_VALIDATED
MON-B-04670,p6-3x2,Purple,#5E43B7,44,4670,66.0,15.0,158.4,0,CONCEPT_NOT_FIT_VALIDATED
MON-B-04671,p6-2x1,Purple,#5E43B7,44,4671,63.0,24.0,158.4,0,CONCEPT_NOT_FIT_VALIDATED
MON-B-04672,p6-2x1,Hot pink,#F5547C,44,4672,75.0,-6.0,158.4,0,CONCEPT_NOT_FIT_VALIDATED
MON-B-04673,p6-1x1,Purple,#5E43B7,44,4673,78.0,12.0,158.4,0,CONCEPT_NOT_FIT_VALIDATED
MON-B-04674,p6-1x1,Purple,#5E43B7,44,4674,84.0,-6.0,158.4,0,CONCEPT_NOT_FIT_VALIDATED
MON-B-04675,p6-2x1,Purple,#5E43B7,44,4675,84.0,3.0,158.4,90,CONCEPT_NOT_FIT_VALIDATED
MON-B-04676,p6-4x1,Purple,#5E43B7,45,4676,-18.0,-27.0,162.0,90,CONCEPT_NOT_FIT_VALIDATED
MON-B-04677,p6-4x2,Purple,#5E43B7,45,4677,-9.0,-27.0,162.0,90,CONCEPT_NOT_FIT_VALIDATED
MON-B-04678,p6-4x2,Purple,#5E43B7,45,4678,3.0,-27.0,162.0,90,CONCEPT_NOT_FIT_VALIDATED
MON-B-04679,p6-4x1,Purple,#5E43B7,45,4679,12.0,-27.0,162.0,90,CONCEPT_NOT_FIT_VALIDATED
MON-B-04680,p6-3x1,Purple,#5E43B7,45,4680,-30.0,-24.0,162.0,90,CONCEPT_NOT_FIT_VALIDATED
MON-B-04681,p6-3x1,Purple,#5E43B7,45,4681,-24.0,-24.0,162.0,90,CONCEPT_NOT_FIT_VALIDATED
MON-B-04682,p6-3x1,Purple,#5E43B7,45,4682,18.0,-24.0,162.0,90,CONCEPT_NOT_FIT_VALIDATED
MON-B-04683,p6-3x1,Purple,#5E43B7,45,4683,24.0,-24.0,162.0,90,CONCEPT_NOT_FIT_VALIDATED
MON-B-04684,p6-2x1,Purple,#5E43B7,45,4684,30.0,-21.0,162.0,90,CONCEPT_NOT_FIT_VALIDATED
MON-B-04685,p6-1x1,Hot pink,#F5547C,45,4685,-54.0,-18.0,162.0,0,CONCEPT_NOT_FIT_VALIDATED
MON-B-04686,p6-2x1,Purple,#5E43B7,45,4686,-45.0,-18.0,162.0,0,CONCEPT_NOT_FIT_VALIDATED
MON-B-04687,p6-1x1,Purple,#5E43B7,45,4687,-36.0,-18.0,162.0,0,CONCEPT_NOT_FIT_VALIDATED
MON-B-04688,p6-2x1,Purple,#5E43B7,45,4688,39.0,-18.0,162.0,0,CONCEPT_NOT_FIT_VALIDATED
MON-B-04689,p6-1x1,Hot pink,#F5547C,45,4689,-78.0,-12.0,162.0,0,CONCEPT_NOT_FIT_VALIDATED
MON-B-04690,p6-2x1,Hot pink,#F5547C,45,4690,-69.0,-12.0,162.0,0,CONCEPT_NOT_FIT_VALIDATED
MON-B-04691,p6-1x1,Hot pink,#F5547C,45,4691,-60.0,-12.0,162.0,0,CONCEPT_NOT_FIT_VALIDATED
MON-B-04692,p6-4x1,Purple,#5E43B7,45,4692,-54.0,-3.0,162.0,90,CONCEPT_NOT_FIT_VALIDATED
MON-B-04693,p6-4x2,Purple,#5E43B7,45,4693,-45.0,-3.0,162.0,90,CONCEPT_NOT_FIT_VALIDATED
MON-B-04694,p6-4x2,Purple,#5E43B7,45,4694,-33.0,-3.0,162.0,90,CONCEPT_NOT_FIT_VALIDATED
MON-B-04695,p6-4x2,Purple,#5E43B7,45,4695,-21.0,-3.0,162.0,90,CONCEPT_NOT_FIT_VALIDATED
MON-B-04696,p6-4x2,Purple,#5E43B7,45,4696,-9.0,-3.0,162.0,90,CONCEPT_NOT_FIT_VALIDATED
MON-B-04697,p6-4x2,Purple,#5E43B7,45,4697,3.0,-3.0,162.0,90,CONCEPT_NOT_FIT_VALIDATED
MON-B-04698,p6-4x2,Purple,#5E43B7,45,4698,15.0,-3.0,162.0,90,CONCEPT_NOT_FIT_VALIDATED
MON-B-04699,p6-4x2,Purple,#5E43B7,45,4699,27.0,-3.0,162.0,90,CONCEPT_NOT_FIT_VALIDATED
MON-B-04700,p6-4x2,Purple,#5E43B7,45,4700,39.0,-3.0,162.0,90,CONCEPT_NOT_FIT_VALIDATED
MON-B-04701,p6-2x1,Hot pink,#F5547C,45,4701,51.0,-12.0,162.0,0,CONCEPT_NOT_FIT_VALIDATED
MON-B-04702,p6-2x1,Hot pink,#F5547C,45,4702,63.0,-12.0,162.0,0,CONCEPT_NOT_FIT_VALIDATED
MON-B-04703,p6-2x1,Purple,#5E43B7,45,4703,-90.0,-3.0,162.0,90,CONCEPT_NOT_FIT_VALIDATED
MON-B-04704,p6-1x1,Hot pink,#F5547C,45,4704,-84.0,-6.0,162.0,0,CONCEPT_NOT_FIT_VALIDATED
MON-B-04705,p6-3x1,Purple,#5E43B7,45,4705,-78.0,0.0,162.0,90,CONCEPT_NOT_FIT_VALIDATED
MON-B-04706,p6-3x2,Purple,#5E43B7,45,4706,-69.0,0.0,162.0,90,CONCEPT_NOT_FIT_VALIDATED
MON-B-04707,p6-3x1,Purple,#5E43B7,45,4707,-60.0,0.0,162.0,90,CONCEPT_NOT_FIT_VALIDATED
MON-B-04708,p6-3x2,Purple,#5E43B7,45,4708,51.0,0.0,162.0,90,CONCEPT_NOT_FIT_VALIDATED
MON-B-04709,p6-3x2,Purple,#5E43B7,45,4709,63.0,0.0,162.0,90,CONCEPT_NOT_FIT_VALIDATED
MON-B-04710,p6-2x1,Hot pink,#F5547C,45,4710,75.0,-6.0,162.0,0,CONCEPT_NOT_FIT_VALIDATED
MON-B-04711,p6-3x1,Purple,#5E43B7,45,4711,84.0,0.0,162.0,90,CONCEPT_NOT_FIT_VALIDATED
MON-B-04712,p6-2x1,Purple,#5E43B7,45,4712,-84.0,3.0,162.0,90,CONCEPT_NOT_FIT_VALIDATED
MON-B-04713,p6-2x2,Purple,#5E43B7,45,4713,75.0,3.0,162.0,0,CONCEPT_NOT_FIT_VALIDATED
MON-B-04714,p6-1x1,Purple,#5E43B7,45,4714,-78.0,12.0,162.0,0,CONCEPT_NOT_FIT_VALIDATED
MON-B-04715,p6-2x2,Purple,#5E43B7,45,4715,-69.0,15.0,162.0,0,CONCEPT_NOT_FIT_VALIDATED
MON-B-04716,p6-3x2,Purple,#5E43B7,45,4716,-57.0,18.0,162.0,90,CONCEPT_NOT_FIT_VALIDATED
MON-B-04717,p6-3x2,Purple,#5E43B7,45,4717,-45.0,18.0,162.0,90,CONCEPT_NOT_FIT_VALIDATED
MON-B-04718,p6-3x2,Purple,#5E43B7,45,4718,-33.0,18.0,162.0,90,CONCEPT_NOT_FIT_VALIDATED
MON-B-04719,p6-3x2,Purple,#5E43B7,45,4719,-21.0,18.0,162.0,90,CONCEPT_NOT_FIT_VALIDATED
MON-B-04720,p6-4x2,Purple,#5E43B7,45,4720,-9.0,21.0,162.0,90,CONCEPT_NOT_FIT_VALIDATED
MON-B-04721,p6-4x2,Purple,#5E43B7,45,4721,3.0,21.0,162.0,90,CONCEPT_NOT_FIT_VALIDATED
MON-B-04722,p6-4x2,Purple,#5E43B7,45,4722,15.0,21.0,162.0,90,CONCEPT_NOT_FIT_VALIDATED
MON-B-04723,p6-3x2,Purple,#5E43B7,45,4723,27.0,18.0,162.0,90,CONCEPT_NOT_FIT_VALIDATED
MON-B-04724,p6-3x2,Purple,#5E43B7,45,4724,39.0,18.0,162.0,90,CONCEPT_NOT_FIT_VALIDATED
MON-B-04725,p6-3x2,Purple,#5E43B7,45,4725,51.0,18.0,162.0,90,CONCEPT_NOT_FIT_VALIDATED
MON-B-04726,p6-2x2,Purple,#5E43B7,45,4726,63.0,15.0,162.0,0,CONCEPT_NOT_FIT_VALIDATED
MON-B-04727,p6-2x1,Purple,#5E43B7,45,4727,75.0,12.0,162.0,0,CONCEPT_NOT_FIT_VALIDATED
MON-B-04728,p6-1x1,Purple,#5E43B7,45,4728,72.0,18.0,162.0,0,CONCEPT_NOT_FIT_VALIDATED
MON-B-04729,p6-1x1,Purple,#5E43B7,45,4729,60.0,24.0,162.0,0,CONCEPT_NOT_FIT_VALIDATED
MON-B-04730,p6-1x1,Purple,#5E43B7,45,4730,24.0,30.0,162.0,0,CONCEPT_NOT_FIT_VALIDATED
MON-B-04731,p6-2x1,Purple,#5E43B7,46,4731,-90.0,-3.0,165.6,90,CONCEPT_NOT_FIT_VALIDATED
MON-B-04732,p6-1x1,Hot pink,#F5547C,46,4732,-84.0,-6.0,165.6,0,CONCEPT_NOT_FIT_VALIDATED
MON-B-04733,p6-3x1,Purple,#5E43B7,46,4733,-78.0,0.0,165.6,0,CONCEPT_NOT_FIT_VALIDATED
MON-B-04734,p6-3x1,Purple,#5E43B7,46,4734,-78.0,6.0,165.6,0,CONCEPT_NOT_FIT_VALIDATED
MON-B-04735,p6-2x1,Hot pink,#F5547C,46,4735,-75.0,-12.0,165.6,0,CONCEPT_NOT_FIT_VALIDATED
MON-B-04736,p6-2x1,Purple,#5E43B7,46,4736,-75.0,-6.0,165.6,0,CONCEPT_NOT_FIT_VALIDATED
MON-B-04737,p6-2x1,Purple,#5E43B7,46,4737,-75.0,12.0,165.6,0,CONCEPT_NOT_FIT_VALIDATED
MON-B-04738,p6-1x1,Purple,#5E43B7,46,4738,-72.0,18.0,165.6,0,CONCEPT_NOT_FIT_VALIDATED
MON-B-04739,p6-2x1,Hot pink,#F5547C,46,4739,-63.0,-12.0,165.6,0,CONCEPT_NOT_FIT_VALIDATED
MON-B-04740,p6-4x2,Purple,#5E43B7,46,4740,-57.0,-3.0,165.6,0,CONCEPT_NOT_FIT_VALIDATED
MON-B-04741,p6-4x2,Purple,#5E43B7,46,4741,-57.0,9.0,165.6,0,CONCEPT_NOT_FIT_VALIDATED
MON-B-04742,p6-4x1,Purple,#5E43B7,46,4742,-57.0,18.0,165.6,0,CONCEPT_NOT_FIT_VALIDATED
MON-B-04743,p6-2x2,Purple,#5E43B7,46,4743,-51.0,-15.0,165.6,0,CONCEPT_NOT_FIT_VALIDATED
MON-B-04744,p6-1x1,Purple,#5E43B7,46,4744,-42.0,-12.0,165.6,0,CONCEPT_NOT_FIT_VALIDATED
MON-B-04745,p6-2x2,Purple,#5E43B7,46,4745,-39.0,-3.0,165.6,0,CONCEPT_NOT_FIT_VALIDATED
MON-B-04746,p6-4x1,Purple,#5E43B7,46,4746,-33.0,6.0,165.6,0,CONCEPT_NOT_FIT_VALIDATED
MON-B-04747,p6-1x1,Purple,#5E43B7,46,4747,-42.0,12.0,165.6,0,CONCEPT_NOT_FIT_VALIDATED
MON-B-04748,p6-2x1,Purple,#5E43B7,46,4748,-27.0,0.0,165.6,0,CONCEPT_NOT_FIT_VALIDATED
MON-B-04749,p6-1x1,Purple,#5E43B7,46,4749,-24.0,-12.0,165.6,0,CONCEPT_NOT_FIT_VALIDATED
MON-B-04750,p6-1x1,Purple,#5E43B7,46,4750,-24.0,-6.0,165.6,0,CONCEPT_NOT_FIT_VALIDATED
MON-B-04751,p6-1x1,Purple,#5E43B7,46,4751,-24.0,12.0,165.6,0,CONCEPT_NOT_FIT_VALIDATED
MON-B-04752,p6-4x2,Purple,#5E43B7,46,4752,-9.0,-15.0,165.6,0,CONCEPT_NOT_FIT_VALIDATED
MON-B-04753,p6-4x2,Purple,#5E43B7,46,4753,-9.0,-3.0,165.6,0,CONCEPT_NOT_FIT_VALIDATED
MON-B-04754,p6-4x2,Purple,#5E43B7,46,4754,-9.0,9.0,165.6,0,CONCEPT_NOT_FIT_VALIDATED
MON-B-04755,p6-2x1,Purple,#5E43B7,46,4755,-3.0,-24.0,165.6,0,CONCEPT_NOT_FIT_VALIDATED
MON-B-04756,p6-2x1,Purple,#5E43B7,46,4756,9.0,-24.0,165.6,0,CONCEPT_NOT_FIT_VALIDATED
MON-B-04757,p6-3x2,Purple,#5E43B7,46,4757,12.0,-15.0,165.6,0,CONCEPT_NOT_FIT_VALIDATED
MON-B-04758,p6-4x2,Purple,#5E43B7,46,4758,15.0,-3.0,165.6,0,CONCEPT_NOT_FIT_VALIDATED
MON-B-04759,p6-4x2,Purple,#5E43B7,46,4759,15.0,9.0,165.6,0,CONCEPT_NOT_FIT_VALIDATED
MON-B-04760,p6-2x1,Purple,#5E43B7,46,4760,9.0,18.0,165.6,0,CONCEPT_NOT_FIT_VALIDATED
MON-B-04761,p6-1x1,Purple,#5E43B7,46,4761,24.0,-12.0,165.6,0,CONCEPT_NOT_FIT_VALIDATED
MON-B-04762,p6-4x2,Purple,#5E43B7,46,4762,39.0,-3.0,165.6,0,CONCEPT_NOT_FIT_VALIDATED
MON-B-04763,p6-4x2,Purple,#5E43B7,46,4763,39.0,9.0,165.6,0,CONCEPT_NOT_FIT_VALIDATED
MON-B-04764,p6-3x1,Purple,#5E43B7,46,4764,42.0,-12.0,165.6,0,CONCEPT_NOT_FIT_VALIDATED
MON-B-04765,p6-3x1,Purple,#5E43B7,46,4765,42.0,18.0,165.6,0,CONCEPT_NOT_FIT_VALIDATED
MON-B-04766,p6-3x1,Hot pink,#F5547C,46,4766,60.0,-12.0,165.6,0,CONCEPT_NOT_FIT_VALIDATED
MON-B-04767,p6-3x2,Purple,#5E43B7,46,4767,60.0,-3.0,165.6,0,CONCEPT_NOT_FIT_VALIDATED
MON-B-04768,p6-4x2,Purple,#5E43B7,46,4768,63.0,9.0,165.6,0,CONCEPT_NOT_FIT_VALIDATED
MON-B-04769,p6-4x1,Purple,#5E43B7,46,4769,63.0,18.0,165.6,0,CONCEPT_NOT_FIT_VALIDATED
MON-B-04770,p6-1x1,Hot pink,#F5547C,46,4770,72.0,-6.0,165.6,0,CONCEPT_NOT_FIT_VALIDATED
MON-B-04771,p6-1x1,Purple,#5E43B7,46,4771,72.0,0.0,165.6,0,CONCEPT_NOT_FIT_VALIDATED
MON-B-04772,p6-1x1,Hot pink,#F5547C,46,4772,78.0,-6.0,165.6,0,CONCEPT_NOT_FIT_VALIDATED
MON-B-04773,p6-2x1,Purple,#5E43B7,46,4773,81.0,0.0,165.6,0,CONCEPT_NOT_FIT_VALIDATED
MON-B-04774,p6-2x1,Purple,#5E43B7,46,4774,81.0,6.0,165.6,0,CONCEPT_NOT_FIT_VALIDATED
MON-B-04775,p6-1x1,Purple,#5E43B7,46,4775,78.0,12.0,165.6,0,CONCEPT_NOT_FIT_VALIDATED
MON-B-04776,p6-1x1,Purple,#5E43B7,46,4776,84.0,-6.0,165.6,0,CONCEPT_NOT_FIT_VALIDATED
MON-B-04777,p6-2x1,Hot pink,#F5547C,47,4777,-75.0,-12.0,169.2,0,CONCEPT_NOT_FIT_VALIDATED
MON-B-04778,p6-1x1,Hot pink,#F5547C,47,4778,-66.0,-12.0,169.2,0,CONCEPT_NOT_FIT_VALIDATED
MON-B-04779,p6-3x1,Purple,#5E43B7,47,4779,-60.0,-6.0,169.2,90,CONCEPT_NOT_FIT_VALIDATED
MON-B-04780,p6-3x2,Purple,#5E43B7,47,4780,-51.0,-6.0,169.2,90,CONCEPT_NOT_FIT_VALIDATED
MON-B-04781,p6-3x1,Purple,#5E43B7,47,4781,48.0,-6.0,169.2,90,CONCEPT_NOT_FIT_VALIDATED
MON-B-04782,p6-3x1,Purple,#5E43B7,47,4782,54.0,-6.0,169.2,90,CONCEPT_NOT_FIT_VALIDATED
MON-B-04783,p6-1x1,Hot pink,#F5547C,47,4783,60.0,-12.0,169.2,0,CONCEPT_NOT_FIT_VALIDATED
MON-B-04784,p6-2x1,Hot pink,#F5547C,47,4784,69.0,-12.0,169.2,0,CONCEPT_NOT_FIT_VALIDATED
MON-B-04785,p6-2x1,Purple,#5E43B7,47,4785,-90.0,-3.0,169.2,90,CONCEPT_NOT_FIT_VALIDATED
MON-B-04786,p6-1x1,Hot pink,#F5547C,47,4786,-84.0,-6.0,169.2,0,CONCEPT_NOT_FIT_VALIDATED
MON-B-04787,p6-2x2,Purple,#5E43B7,47,4787,-75.0,-3.0,169.2,0,CONCEPT_NOT_FIT_VALIDATED
MON-B-04788,p6-2x1,Purple,#5E43B7,47,4788,-66.0,-3.0,169.2,90,CONCEPT_NOT_FIT_VALIDATED
MON-B-04789,p6-2x1,Purple,#5E43B7,47,4789,42.0,-3.0,169.2,90,CONCEPT_NOT_FIT_VALIDATED
MON-B-04790,p6-2x1,Purple,#5E43B7,47,4790,60.0,-3.0,169.2,90,CONCEPT_NOT_FIT_VALIDATED
MON-B-04791,p6-2x2,Purple,#5E43B7,47,4791,69.0,-3.0,169.2,0,CONCEPT_NOT_FIT_VALIDATED
MON-B-04792,p6-1x1,Hot pink,#F5547C,47,4792,78.0,-6.0,169.2,0,CONCEPT_NOT_FIT_VALIDATED
MON-B-04793,p6-2x1,Purple,#5E43B7,47,4793,84.0,-3.0,169.2,90,CONCEPT_NOT_FIT_VALIDATED
MON-B-04794,p6-1x1,Purple,#5E43B7,47,4794,-84.0,0.0,169.2,0,CONCEPT_NOT_FIT_VALIDATED
MON-B-04795,p6-1x1,Purple,#5E43B7,47,4795,78.0,0.0,169.2,0,CONCEPT_NOT_FIT_VALIDATED
MON-B-04796,p6-1x1,Purple,#5E43B7,47,4796,-84.0,6.0,169.2,0,CONCEPT_NOT_FIT_VALIDATED
MON-B-04797,p6-2x2,Purple,#5E43B7,47,4797,-75.0,9.0,169.2,0,CONCEPT_NOT_FIT_VALIDATED
MON-B-04798,p6-2x2,Purple,#5E43B7,47,4798,-63.0,9.0,169.2,0,CONCEPT_NOT_FIT_VALIDATED
MON-B-04799,p6-2x1,Purple,#5E43B7,47,4799,-54.0,9.0,169.2,90,CONCEPT_NOT_FIT_VALIDATED
MON-B-04800,p6-1x1,Purple,#5E43B7,47,4800,-48.0,6.0,169.2,0,CONCEPT_NOT_FIT_VALIDATED
MON-B-04801,p6-2x1,Purple,#5E43B7,47,4801,45.0,6.0,169.2,0,CONCEPT_NOT_FIT_VALIDATED
MON-B-04802,p6-3x2,Purple,#5E43B7,47,4802,57.0,12.0,169.2,90,CONCEPT_NOT_FIT_VALIDATED
MON-B-04803,p6-2x2,Purple,#5E43B7,47,4803,69.0,9.0,169.2,0,CONCEPT_NOT_FIT_VALIDATED
MON-B-04804,p6-2x1,Purple,#5E43B7,47,4804,78.0,9.0,169.2,90,CONCEPT_NOT_FIT_VALIDATED
MON-B-04805,p6-1x1,Purple,#5E43B7,47,4805,84.0,6.0,169.2,0,CONCEPT_NOT_FIT_VALIDATED
MON-B-04806,p6-2x1,Purple,#5E43B7,47,4806,48.0,15.0,169.2,90,CONCEPT_NOT_FIT_VALIDATED
MON-B-04807,p6-1x1,Purple,#5E43B7,47,4807,66.0,18.0,169.2,0,CONCEPT_NOT_FIT_VALIDATED
MON-B-04808,p6-3x1,Purple,#5E43B7,48,4808,-84.0,-6.0,172.8,0,CONCEPT_NOT_FIT_VALIDATED
MON-B-04809,p6-3x1,Purple,#5E43B7,48,4809,-84.0,0.0,172.8,0,CONCEPT_NOT_FIT_VALIDATED
MON-B-04810,p6-1x1,Hot pink,#F5547C,48,4810,-78.0,-12.0,172.8,0,CONCEPT_NOT_FIT_VALIDATED
MON-B-04811,p6-1x1,Purple,#5E43B7,48,4811,-78.0,6.0,172.8,0,CONCEPT_NOT_FIT_VALIDATED
MON-B-04812,p6-4x2,Purple,#5E43B7,48,4812,-63.0,-9.0,172.8,0,CONCEPT_NOT_FIT_VALIDATED
MON-B-04813,p6-3x2,Purple,#5E43B7,48,4813,-66.0,3.0,172.8,0,CONCEPT_NOT_FIT_VALIDATED
MON-B-04814,p6-1x1,Purple,#5E43B7,48,4814,-66.0,12.0,172.8,0,CONCEPT_NOT_FIT_VALIDATED
MON-B-04815,p6-1x1,Purple,#5E43B7,48,4815,-54.0,0.0,172.8,0,CONCEPT_NOT_FIT_VALIDATED
MON-B-04816,p6-4x1,Purple,#5E43B7,48,4816,57.0,0.0,172.8,0,CONCEPT_NOT_FIT_VALIDATED
MON-B-04817,p6-2x2,Purple,#5E43B7,48,4817,57.0,-9.0,172.8,0,CONCEPT_NOT_FIT_VALIDATED
MON-B-04818,p6-3x1,Purple,#5E43B7,48,4818,60.0,6.0,172.8,0,CONCEPT_NOT_FIT_VALIDATED
MON-B-04819,p6-3x1,Purple,#5E43B7,48,4819,60.0,12.0,172.8,0,CONCEPT_NOT_FIT_VALIDATED
MON-B-04820,p6-1x1,Hot pink,#F5547C,48,4820,66.0,-12.0,172.8,0,CONCEPT_NOT_FIT_VALIDATED
MON-B-04821,p6-1x1,Purple,#5E43B7,48,4821,66.0,-6.0,172.8,0,CONCEPT_NOT_FIT_VALIDATED
MON-B-04822,p6-1x1,Hot pink,#F5547C,48,4822,72.0,-12.0,172.8,0,CONCEPT_NOT_FIT_VALIDATED
MON-B-04823,p6-1x1,Purple,#5E43B7,48,4823,72.0,-6.0,172.8,0,CONCEPT_NOT_FIT_VALIDATED
MON-B-04824,p6-3x2,Purple,#5E43B7,48,4824,78.0,3.0,172.8,0,CONCEPT_NOT_FIT_VALIDATED
MON-B-04825,p6-1x1,Purple,#5E43B7,48,4825,72.0,12.0,172.8,0,CONCEPT_NOT_FIT_VALIDATED
MON-B-04826,p6-1x1,Hot pink,#F5547C,48,4826,78.0,-6.0,172.8,0,CONCEPT_NOT_FIT_VALIDATED
MON-B-04827,p6-1x1,Purple,#5E43B7,48,4827,84.0,-6.0,172.8,0,CONCEPT_NOT_FIT_VALIDATED
MON-B-04828,p6-2x2,Purple,#5E43B7,49,4828,-69.0,-9.0,176.4,0,CONCEPT_NOT_FIT_VALIDATED
MON-B-04829,p6-2x1,Purple,#5E43B7,49,4829,66.0,-9.0,176.4,90,CONCEPT_NOT_FIT_VALIDATED
MON-B-04830,p6-2x1,Purple,#5E43B7,49,4830,-81.0,-6.0,176.4,0,CONCEPT_NOT_FIT_VALIDATED
MON-B-04831,p6-1x1,Purple,#5E43B7,49,4831,60.0,-6.0,176.4,0,CONCEPT_NOT_FIT_VALIDATED
MON-B-04832,p6-2x1,Purple,#5E43B7,49,4832,75.0,-6.0,176.4,0,CONCEPT_NOT_FIT_VALIDATED
MON-B-04833,p6-1x1,Purple,#5E43B7,49,4833,84.0,-6.0,176.4,0,CONCEPT_NOT_FIT_VALIDATED
MON-B-04834,p6-2x1,Purple,#5E43B7,49,4834,-81.0,0.0,176.4,0,CONCEPT_NOT_FIT_VALIDATED
MON-B-04835,p6-2x1,Purple,#5E43B7,49,4835,-69.0,0.0,176.4,0,CONCEPT_NOT_FIT_VALIDATED
MON-B-04836,p6-2x2,Purple,#5E43B7,49,4836,63.0,3.0,176.4,0,CONCEPT_NOT_FIT_VALIDATED
MON-B-04837,p6-2x2,Purple,#5E43B7,49,4837,75.0,3.0,176.4,0,CONCEPT_NOT_FIT_VALIDATED
MON-B-04838,p6-1x1,Purple,#5E43B7,49,4838,84.0,0.0,176.4,0,CONCEPT_NOT_FIT_VALIDATED
