part_id,type_id,color,hex,layer,assembly_step,x_mm,y_mm,z_mm,rotation_z_deg,status
DUC-B-00001,p6-2x1,Yellow,#F4EE2A,0,1,-33.0,-6.0,0.0,0,CONCEPT_NOT_FIT_VALIDATED
DUC-B-00002,p6-2x2,Yellow,#F4EE2A,0,2,-33.0,3.0,0.0,0,CONCEPT_NOT_FIT_VALIDATED
DUC-B-00003,p6-2x2,Yellow,#F4EE2A,0,3,-33.0,15.0,0.0,0,CONCEPT_NOT_FIT_VALIDATED
DUC-B-00004,p6-1x1,Yellow,#F4EE2A,0,4,-30.0,-18.0,0.0,0,CONCEPT_NOT_FIT_VALIDATED
DUC-B-00005,p6-1x1,Yellow,#F4EE2A,0,5,-30.0,-12.0,0.0,0,CONCEPT_NOT_FIT_VALIDATED
DUC-B-00006,p6-2x1,Yellow,#F4EE2A,0,6,-30.0,27.0,0.0,90,CONCEPT_NOT_FIT_VALIDATED
DUC-B-00007,p6-4x2,Yellow,#F4EE2A,0,7,-15.0,-21.0,0.0,0,CONCEPT_NOT_FIT_VALIDATED
DUC-B-00008,p6-4x2,Yellow,#F4EE2A,0,8,-15.0,-9.0,0.0,0,CONCEPT_NOT_FIT_VALIDATED
DUC-B-00009,p6-4x2,Yellow,#F4EE2A,0,9,-15.0,3.0,0.0,0,CONCEPT_NOT_FIT_VALIDATED
DUC-B-00010,p6-4x2,Yellow,#F4EE2A,0,10,-15.0,15.0,0.0,0,CONCEPT_NOT_FIT_VALIDATED
DUC-B-00011,p6-4x2,Yellow,#F4EE2A,0,11,-15.0,27.0,0.0,0,CONCEPT_NOT_FIT_VALIDATED
DUC-B-00012,p6-4x1,Yellow,#F4EE2A,0,12,-15.0,36.0,0.0,0,CONCEPT_NOT_FIT_VALIDATED
DUC-B-00013,p6-3x1,Yellow,#F4EE2A,0,13,-12.0,-30.0,0.0,0,CONCEPT_NOT_FIT_VALIDATED
DUC-B-00014,p6-2x1,Yellow,#F4EE2A,0,14,-9.0,42.0,0.0,0,CONCEPT_NOT_FIT_VALIDATED
DUC-B-00015,p6-4x1,Yellow,#F4EE2A,0,15,9.0,-30.0,0.0,0,CONCEPT_NOT_FIT_VALIDATED
DUC-B-00016,p6-4x2,Yellow,#F4EE2A,0,16,9.0,-21.0,0.0,0,CONCEPT_NOT_FIT_VALIDATED
DUC-B-00017,p6-4x2,Yellow,#F4EE2A,0,17,9.0,-9.0,0.0,0,CONCEPT_NOT_FIT_VALIDATED
DUC-B-00018,p6-4x2,Yellow,#F4EE2A,0,18,9.0,3.0,0.0,0,CONCEPT_NOT_FIT_VALIDATED
DUC-B-00019,p6-4x2,Yellow,#F4EE2A,0,19,9.0,15.0,0.0,0,CONCEPT_NOT_FIT_VALIDATED
DUC-B-00020,p6-4x2,Yellow,#F4EE2A,0,20,9.0,27.0,0.0,0,CONCEPT_NOT_FIT_VALIDATED
DUC-B-00021,p6-3x2,Yellow,#F4EE2A,0,21,6.0,39.0,0.0,0,CONCEPT_NOT_FIT_VALIDATED
DUC-B-00022,p6-1x1,Yellow,#F4EE2A,0,22,18.0,36.0,0.0,0,CONCEPT_NOT_FIT_VALIDATED
DUC-B-00023,p6-2x1,Yellow,#F4EE2A,0,23,24.0,-21.0,0.0,90,CONCEPT_NOT_FIT_VALIDATED
DUC-B-00024,p6-2x2,Yellow,#F4EE2A,0,24,27.0,-9.0,0.0,0,CONCEPT_NOT_FIT_VALIDATED
DUC-B-00025,p6-3x2,Yellow,#F4EE2A,0,25,30.0,3.0,0.0,0,CONCEPT_NOT_FIT_VALIDATED
DUC-B-00026,p6-3x2,Yellow,#F4EE2A,0,26,30.0,15.0,0.0,0,CONCEPT_NOT_FIT_VALIDATED
DUC-B-00027,p6-2x2,Yellow,#F4EE2A,0,27,27.0,27.0,0.0,0,CONCEPT_NOT_FIT_VALIDATED
DUC-B-00028,p6-1x1,Yellow,#F4EE2A,0,28,24.0,36.0,0.0,0,CONCEPT_NOT_FIT_VALIDATED
DUC-B-00029,p6-1x1,Yellow,#F4EE2A,0,29,30.0,-18.0,0.0,0,CONCEPT_NOT_FIT_VALIDATED
DUC-B-00030,p6-1x1,Yellow,#F4EE2A,0,30,36.0,-6.0,0.0,0,CONCEPT_NOT_FIT_VALIDATED
DUC-B-00031,p6-2x2,Yellow,#F4EE2A,1,31,-21.0,-33.0,3.6,0,CONCEPT_NOT_FIT_VALIDATED
DUC-B-00032,p6-2x2,Yellow,#F4EE2A,1,32,-9.0,-33.0,3.6,0,CONCEPT_NOT_FIT_VALIDATED
DUC-B-00033,p6-2x2,Yellow,#F4EE2A,1,33,3.0,-33.0,3.6,0,CONCEPT_NOT_FIT_VALIDATED
DUC-B-00034,p6-2x2,Yellow,#F4EE2A,1,34,15.0,-33.0,3.6,0,CONCEPT_NOT_FIT_VALIDATED
DUC-B-00038,p6-4x2,Yellow,#F4EE2A,1,35,-33.0,-15.0,3.6,90,CONCEPT_NOT_FIT_VALIDATED
DUC-B-00039,p6-4x2,Yellow,#F4EE2A,1,36,-21.0,-15.0,3.6,90,CONCEPT_NOT_FIT_VALIDATED
DUC-B-00040,p6-4x2,Yellow,#F4EE2A,1,37,-9.0,-15.0,3.6,90,CONCEPT_NOT_FIT_VALIDATED
DUC-B-00041,p6-4x2,Yellow,#F4EE2A,1,38,3.0,-15.0,3.6,90,CONCEPT_NOT_FIT_VALIDATED
DUC-B-00042,p6-4x2,Yellow,#F4EE2A,1,39,15.0,-15.0,3.6,90,CONCEPT_NOT_FIT_VALIDATED
DUC-B-00043,p6-4x2,Yellow,#F4EE2A,1,40,27.0,-15.0,3.6,90,CONCEPT_NOT_FIT_VALIDATED
DUC-B-00044,p6-4x1,Yellow,#F4EE2A,1,41,36.0,-15.0,3.6,90,CONCEPT_NOT_FIT_VALIDATED
DUC-B-00048,p6-4x2,Yellow,#F4EE2A,1,42,-33.0,9.0,3.6,90,CONCEPT_NOT_FIT_VALIDATED
DUC-B-00049,p6-4x2,Yellow,#F4EE2A,1,43,-21.0,9.0,3.6,90,CONCEPT_NOT_FIT_VALIDATED
DUC-B-00050,p6-4x2,Yellow,#F4EE2A,1,44,-9.0,9.0,3.6,90,CONCEPT_NOT_FIT_VALIDATED
DUC-B-00051,p6-4x2,Yellow,#F4EE2A,1,45,3.0,9.0,3.6,90,CONCEPT_NOT_FIT_VALIDATED
DUC-B-00052,p6-4x2,Yellow,#F4EE2A,1,46,15.0,9.0,3.6,90,CONCEPT_NOT_FIT_VALIDATED
DUC-B-00053,p6-4x2,Yellow,#F4EE2A,1,47,27.0,9.0,3.6,90,CONCEPT_NOT_FIT_VALIDATED
DUC-B-00054,p6-4x2,Yellow,#F4EE2A,1,48,39.0,9.0,3.6,90,CONCEPT_NOT_FIT_VALIDATED
DUC-B-00056,p6-3x2,Yellow,#F4EE2A,1,49,-33.0,30.0,3.6,90,CONCEPT_NOT_FIT_VALIDATED
DUC-B-00057,p6-4x2,Yellow,#F4EE2A,1,50,-21.0,33.0,3.6,90,CONCEPT_NOT_FIT_VALIDATED
DUC-B-00058,p6-4x2,Yellow,#F4EE2A,1,51,-9.0,33.0,3.6,90,CONCEPT_NOT_FIT_VALIDATED
DUC-B-00059,p6-4x2,Yellow,#F4EE2A,1,52,3.0,33.0,3.6,90,CONCEPT_NOT_FIT_VALIDATED
DUC-B-00060,p6-4x2,Yellow,#F4EE2A,1,53,15.0,33.0,3.6,90,CONCEPT_NOT_FIT_VALIDATED
DUC-B-00061,p6-4x2,Yellow,#F4EE2A,1,54,27.0,33.0,3.6,90,CONCEPT_NOT_FIT_VALIDATED
DUC-B-00067,p6-3x1,Yellow,#F4EE2A,2,55,-42.0,-12.0,7.2,0,CONCEPT_NOT_FIT_VALIDATED
DUC-B-00045,p6-2x1,Yellow,#F4EE2A,1,56,-42.0,-9.0,3.6,90,CONCEPT_NOT_FIT_VALIDATED
DUC-B-00068,p6-3x2,Yellow,#F4EE2A,2,57,-42.0,-3.0,7.2,0,CONCEPT_NOT_FIT_VALIDATED
DUC-B-00047,p6-4x1,Yellow,#F4EE2A,1,58,-42.0,9.0,3.6,90,CONCEPT_NOT_FIT_VALIDATED
DUC-B-00069,p6-3x2,Yellow,#F4EE2A,2,59,-42.0,9.0,7.2,0,CONCEPT_NOT_FIT_VALIDATED
DUC-B-00070,p6-3x2,Yellow,#F4EE2A,2,60,-42.0,21.0,7.2,0,CONCEPT_NOT_FIT_VALIDATED
DUC-B-00055,p6-1x1,Yellow,#F4EE2A,1,61,-42.0,24.0,3.6,0,CONCEPT_NOT_FIT_VALIDATED
DUC-B-00071,p6-2x1,Yellow,#F4EE2A,2,62,-39.0,-24.0,7.2,0,CONCEPT_NOT_FIT_VALIDATED
DUC-B-00072,p6-2x1,Yellow,#F4EE2A,2,63,-39.0,-18.0,7.2,0,CONCEPT_NOT_FIT_VALIDATED
DUC-B-00073,p6-2x2,Yellow,#F4EE2A,2,64,-39.0,33.0,7.2,0,CONCEPT_NOT_FIT_VALIDATED
DUC-B-00076,p6-4x1,Yellow,#F4EE2A,2,65,-21.0,-36.0,7.2,0,CONCEPT_NOT_FIT_VALIDATED
DUC-B-00077,p6-4x2,Yellow,#F4EE2A,2,66,-21.0,-27.0,7.2,0,CONCEPT_NOT_FIT_VALIDATED
DUC-B-00036,p6-1x1,Yellow,#F4EE2A,1,67,-30.0,-30.0,3.6,0,CONCEPT_NOT_FIT_VALIDATED
DUC-B-00078,p6-4x2,Yellow,#F4EE2A,2,68,-21.0,-15.0,7.2,0,CONCEPT_NOT_FIT_VALIDATED
DUC-B-00079,p6-4x2,Yellow,#F4EE2A,2,69,-21.0,-3.0,7.2,0,CONCEPT_NOT_FIT_VALIDATED
DUC-B-00080,p6-4x2,Yellow,#F4EE2A,2,70,-21.0,9.0,7.2,0,CONCEPT_NOT_FIT_VALIDATED
DUC-B-00081,p6-4x2,Yellow,#F4EE2A,2,71,-21.0,21.0,7.2,0,CONCEPT_NOT_FIT_VALIDATED
DUC-B-00082,p6-4x2,Yellow,#F4EE2A,2,72,-21.0,33.0,7.2,0,CONCEPT_NOT_FIT_VALIDATED
DUC-B-00083,p6-4x2,Yellow,#F4EE2A,2,73,-21.0,45.0,7.2,0,CONCEPT_NOT_FIT_VALIDATED
DUC-B-00064,p6-2x1,Yellow,#F4EE2A,1,74,-9.0,48.0,3.6,0,CONCEPT_NOT_FIT_VALIDATED
DUC-B-00086,p6-4x2,Yellow,#F4EE2A,2,75,3.0,-39.0,7.2,0,CONCEPT_NOT_FIT_VALIDATED
DUC-B-00087,p6-4x2,Yellow,#F4EE2A,2,76,3.0,-27.0,7.2,0,CONCEPT_NOT_FIT_VALIDATED
DUC-B-00088,p6-4x2,Yellow,#F4EE2A,2,77,3.0,-15.0,7.2,0,CONCEPT_NOT_FIT_VALIDATED
DUC-B-00089,p6-4x2,Yellow,#F4EE2A,2,78,3.0,-3.0,7.2,0,CONCEPT_NOT_FIT_VALIDATED
DUC-B-00090,p6-4x2,Yellow,#F4EE2A,2,79,3.0,9.0,7.2,0,CONCEPT_NOT_FIT_VALIDATED
DUC-B-00091,p6-4x2,Yellow,#F4EE2A,2,80,3.0,21.0,7.2,0,CONCEPT_NOT_FIT_VALIDATED
DUC-B-00092,p6-4x2,Yellow,#F4EE2A,2,81,3.0,33.0,7.2,0,CONCEPT_NOT_FIT_VALIDATED
DUC-B-00093,p6-4x2,Yellow,#F4EE2A,2,82,3.0,45.0,7.2,0,CONCEPT_NOT_FIT_VALIDATED
DUC-B-00065,p6-2x1,Yellow,#F4EE2A,1,83,3.0,48.0,3.6,0,CONCEPT_NOT_FIT_VALIDATED
DUC-B-00066,p6-1x1,Yellow,#F4EE2A,1,84,12.0,48.0,3.6,0,CONCEPT_NOT_FIT_VALIDATED
DUC-B-00095,p6-2x2,Yellow,#F4EE2A,2,85,21.0,-39.0,7.2,0,CONCEPT_NOT_FIT_VALIDATED
DUC-B-00035,p6-2x1,Yellow,#F4EE2A,1,86,24.0,-33.0,3.6,90,CONCEPT_NOT_FIT_VALIDATED
DUC-B-00096,p6-4x2,Yellow,#F4EE2A,2,87,27.0,-27.0,7.2,0,CONCEPT_NOT_FIT_VALIDATED
DUC-B-00037,p6-1x1,Yellow,#F4EE2A,1,88,30.0,-30.0,3.6,0,CONCEPT_NOT_FIT_VALIDATED
DUC-B-00097,p6-4x2,Yellow,#F4EE2A,2,89,27.0,-15.0,7.2,0,CONCEPT_NOT_FIT_VALIDATED
DUC-B-00098,p6-4x2,Yellow,#F4EE2A,2,90,27.0,-3.0,7.2,0,CONCEPT_NOT_FIT_VALIDATED
DUC-B-00099,p6-4x2,Yellow,#F4EE2A,2,91,27.0,9.0,7.2,0,CONCEPT_NOT_FIT_VALIDATED
DUC-B-00100,p6-4x2,Yellow,#F4EE2A,2,92,27.0,21.0,7.2,0,CONCEPT_NOT_FIT_VALIDATED
DUC-B-00062,p6-3x1,Yellow,#F4EE2A,1,93,36.0,30.0,3.6,90,CONCEPT_NOT_FIT_VALIDATED
DUC-B-00101,p6-4x2,Yellow,#F4EE2A,2,94,27.0,33.0,7.2,0,CONCEPT_NOT_FIT_VALIDATED
DUC-B-00102,p6-3x2,Yellow,#F4EE2A,2,95,24.0,45.0,7.2,0,CONCEPT_NOT_FIT_VALIDATED
DUC-B-00108,p6-2x2,Yellow,#F4EE2A,2,96,45.0,-3.0,7.2,0,CONCEPT_NOT_FIT_VALIDATED
DUC-B-00046,p6-2x1,Yellow,#F4EE2A,1,97,42.0,-9.0,3.6,90,CONCEPT_NOT_FIT_VALIDATED
DUC-B-00107,p6-2x1,Yellow,#F4EE2A,2,98,42.0,-15.0,7.2,90,CONCEPT_NOT_FIT_VALIDATED
DUC-B-00109,p6-2x2,Yellow,#F4EE2A,2,99,45.0,9.0,7.2,0,CONCEPT_NOT_FIT_VALIDATED
DUC-B-00110,p6-2x2,Yellow,#F4EE2A,2,100,45.0,21.0,7.2,0,CONCEPT_NOT_FIT_VALIDATED
DUC-B-00063,p6-1x1,Yellow,#F4EE2A,1,101,42.0,24.0,3.6,0,CONCEPT_NOT_FIT_VALIDATED
DUC-B-00113,p6-3x1,Yellow,#F4EE2A,3,102,-24.0,-42.0,10.8,90,CONCEPT_NOT_FIT_VALIDATED
DUC-B-00084,p6-3x1,Yellow,#F4EE2A,2,103,-18.0,-42.0,7.2,0,CONCEPT_NOT_FIT_VALIDATED
DUC-B-00114,p6-3x2,Yellow,#F4EE2A,3,104,-15.0,-42.0,10.8,90,CONCEPT_NOT_FIT_VALIDATED
DUC-B-00115,p6-3x2,Yellow,#F4EE2A,3,105,-3.0,-42.0,10.8,90,CONCEPT_NOT_FIT_VALIDATED
DUC-B-00116,p6-3x2,Yellow,#F4EE2A,3,106,9.0,-42.0,10.8,90,CONCEPT_NOT_FIT_VALIDATED
DUC-B-00117,p6-3x2,Yellow,#F4EE2A,3,107,21.0,-42.0,10.8,90,CONCEPT_NOT_FIT_VALIDATED
DUC-B-00118,p6-2x1,Yellow,#F4EE2A,3,108,-30.0,-39.0,10.8,90,CONCEPT_NOT_FIT_VALIDATED
DUC-B-00122,p6-4x2,Yellow,#F4EE2A,3,109,-39.0,-21.0,10.8,90,CONCEPT_NOT_FIT_VALIDATED
DUC-B-00074,p6-1x1,Yellow,#F4EE2A,2,110,-36.0,-30.0,7.2,0,CONCEPT_NOT_FIT_VALIDATED
DUC-B-00123,p6-4x2,Yellow,#F4EE2A,3,111,-27.0,-21.0,10.8,90,CONCEPT_NOT_FIT_VALIDATED
DUC-B-00124,p6-4x2,Yellow,#F4EE2A,3,112,-15.0,-21.0,10.8,90,CONCEPT_NOT_FIT_VALIDATED
DUC-B-00125,p6-4x2,Yellow,#F4EE2A,3,113,-3.0,-21.0,10.8,90,CONCEPT_NOT_FIT_VALIDATED
DUC-B-00126,p6-4x2,Yellow,#F4EE2A,3,114,9.0,-21.0,10.8,90,CONCEPT_NOT_FIT_VALIDATED
DUC-B-00127,p6-4x2,Yellow,#F4EE2A,3,115,21.0,-21.0,10.8,90,CONCEPT_NOT_FIT_VALIDATED
DUC-B-00128,p6-4x2,Yellow,#F4EE2A,3,116,33.0,-21.0,10.8,90,CONCEPT_NOT_FIT_VALIDATED
DUC-B-00129,p6-4x1,Yellow,#F4EE2A,3,117,42.0,-21.0,10.8,90,CONCEPT_NOT_FIT_VALIDATED
DUC-B-00106,p6-1x1,Yellow,#F4EE2A,2,118,42.0,-24.0,7.2,0,CONCEPT_NOT_FIT_VALIDATED
DUC-B-00130,p6-3x1,Yellow,#F4EE2A,3,119,-48.0,-18.0,10.8,90,CONCEPT_NOT_FIT_VALIDATED
DUC-B-00132,p6-4x2,Yellow,#F4EE2A,3,120,-51.0,3.0,10.8,90,CONCEPT_NOT_FIT_VALIDATED
DUC-B-00133,p6-4x2,Yellow,#F4EE2A,3,121,-39.0,3.0,10.8,90,CONCEPT_NOT_FIT_VALIDATED
DUC-B-00134,p6-4x2,Yellow,#F4EE2A,3,122,-27.0,3.0,10.8,90,CONCEPT_NOT_FIT_VALIDATED
DUC-B-00135,p6-4x2,Yellow,#F4EE2A,3,123,-15.0,3.0,10.8,90,CONCEPT_NOT_FIT_VALIDATED
DUC-B-00136,p6-4x2,Yellow,#F4EE2A,3,124,-3.0,3.0,10.8,90,CONCEPT_NOT_FIT_VALIDATED
DUC-B-00137,p6-4x2,Yellow,#F4EE2A,3,125,9.0,3.0,10.8,90,CONCEPT_NOT_FIT_VALIDATED
DUC-B-00138,p6-4x2,Yellow,#F4EE2A,3,126,21.0,3.0,10.8,90,CONCEPT_NOT_FIT_VALIDATED
DUC-B-00139,p6-4x2,Yellow,#F4EE2A,3,127,33.0,3.0,10.8,90,CONCEPT_NOT_FIT_VALIDATED
DUC-B-00140,p6-4x2,Yellow,#F4EE2A,3,128,45.0,3.0,10.8,90,CONCEPT_NOT_FIT_VALIDATED
DUC-B-00142,p6-2x2,Yellow,#F4EE2A,3,129,-51.0,21.0,10.8,0,CONCEPT_NOT_FIT_VALIDATED
DUC-B-00143,p6-4x2,Yellow,#F4EE2A,3,130,-39.0,27.0,10.8,90,CONCEPT_NOT_FIT_VALIDATED
DUC-B-00144,p6-4x2,Yellow,#F4EE2A,3,131,-27.0,27.0,10.8,90,CONCEPT_NOT_FIT_VALIDATED
DUC-B-00145,p6-4x2,Yellow,#F4EE2A,3,132,-15.0,27.0,10.8,90,CONCEPT_NOT_FIT_VALIDATED
DUC-B-00146,p6-4x2,Yellow,#F4EE2A,3,133,-3.0,27.0,10.8,90,CONCEPT_NOT_FIT_VALIDATED
DUC-B-00147,p6-4x2,Yellow,#F4EE2A,3,134,9.0,27.0,10.8,90,CONCEPT_NOT_FIT_VALIDATED
DUC-B-00148,p6-4x2,Yellow,#F4EE2A,3,135,21.0,27.0,10.8,90,CONCEPT_NOT_FIT_VALIDATED
DUC-B-00149,p6-4x2,Yellow,#F4EE2A,3,136,33.0,27.0,10.8,90,CONCEPT_NOT_FIT_VALIDATED
DUC-B-00150,p6-4x2,Yellow,#F4EE2A,3,137,45.0,27.0,10.8,90,CONCEPT_NOT_FIT_VALIDATED
DUC-B-00111,p6-2x1,Yellow,#F4EE2A,2,138,42.0,33.0,7.2,90,CONCEPT_NOT_FIT_VALIDATED
DUC-B-00154,p6-3x2,Yellow,#F4EE2A,3,139,-27.0,48.0,10.8,90,CONCEPT_NOT_FIT_VALIDATED
DUC-B-00155,p6-3x2,Yellow,#F4EE2A,3,140,-15.0,48.0,10.8,90,CONCEPT_NOT_FIT_VALIDATED
DUC-B-00085,p6-2x1,Yellow,#F4EE2A,2,141,-15.0,54.0,7.2,0,CONCEPT_NOT_FIT_VALIDATED
DUC-B-00156,p6-4x2,Yellow,#F4EE2A,3,142,-3.0,51.0,10.8,90,CONCEPT_NOT_FIT_VALIDATED
DUC-B-00094,p6-4x1,Yellow,#F4EE2A,2,143,3.0,54.0,7.2,0,CONCEPT_NOT_FIT_VALIDATED
DUC-B-00157,p6-4x2,Yellow,#F4EE2A,3,144,9.0,51.0,10.8,90,CONCEPT_NOT_FIT_VALIDATED
DUC-B-00158,p6-3x2,Yellow,#F4EE2A,3,145,21.0,48.0,10.8,90,CONCEPT_NOT_FIT_VALIDATED
DUC-B-00103,p6-1x1,Yellow,#F4EE2A,2,146,18.0,54.0,7.2,0,CONCEPT_NOT_FIT_VALIDATED
DUC-B-00159,p6-2x2,Yellow,#F4EE2A,3,147,33.0,45.0,10.8,0,CONCEPT_NOT_FIT_VALIDATED
DUC-B-00105,p6-1x1,Yellow,#F4EE2A,2,148,36.0,42.0,7.2,0,CONCEPT_NOT_FIT_VALIDATED
DUC-B-00163,p6-3x1,Yellow,#F4EE2A,4,149,-48.0,-18.0,14.4,0,CONCEPT_NOT_FIT_VALIDATED
DUC-B-00164,p6-3x2,Yellow,#F4EE2A,4,150,-48.0,-9.0,14.4,0,CONCEPT_NOT_FIT_VALIDATED
DUC-B-00165,p6-3x2,Yellow,#F4EE2A,4,151,-48.0,3.0,14.4,0,CONCEPT_NOT_FIT_VALIDATED
DUC-B-00166,p6-3x2,Yellow,#F4EE2A,4,152,-48.0,15.0,14.4,0,CONCEPT_NOT_FIT_VALIDATED
DUC-B-00167,p6-3x2,Yellow,#F4EE2A,4,153,-48.0,27.0,14.4,0,CONCEPT_NOT_FIT_VALIDATED
DUC-B-00152,p6-2x1,Yellow,#F4EE2A,3,154,-48.0,33.0,10.8,90,CONCEPT_NOT_FIT_VALIDATED
DUC-B-00168,p6-2x1,Yellow,#F4EE2A,4,155,-45.0,-30.0,14.4,0,CONCEPT_NOT_FIT_VALIDATED
DUC-B-00169,p6-2x1,Yellow,#F4EE2A,4,156,-45.0,-24.0,14.4,0,CONCEPT_NOT_FIT_VALIDATED
DUC-B-00170,p6-2x2,Yellow,#F4EE2A,4,157,-45.0,39.0,14.4,0,CONCEPT_NOT_FIT_VALIDATED
DUC-B-00153,p6-2x1,Yellow,#F4EE2A,3,158,-39.0,42.0,10.8,0,CONCEPT_NOT_FIT_VALIDATED
DUC-B-00075,p6-1x1,Yellow,#F4EE2A,2,159,-36.0,42.0,7.2,0,CONCEPT_NOT_FIT_VALIDATED
DUC-B-00173,p6-4x1,Yellow,#F4EE2A,4,160,-27.0,-42.0,14.4,0,CONCEPT_NOT_FIT_VALIDATED
DUC-B-00174,p6-4x2,Yellow,#F4EE2A,4,161,-27.0,-33.0,14.4,0,CONCEPT_NOT_FIT_VALIDATED
DUC-B-00120,p6-1x1,Yellow,#F4EE2A,3,162,-36.0,-36.0,10.8,0,CONCEPT_NOT_FIT_VALIDATED
DUC-B-00175,p6-4x2,Yellow,#F4EE2A,4,163,-27.0,-21.0,14.4,0,CONCEPT_NOT_FIT_VALIDATED
DUC-B-00176,p6-4x2,Yellow,#F4EE2A,4,164,-27.0,-9.0,14.4,0,CONCEPT_NOT_FIT_VALIDATED
DUC-B-00177,p6-4x2,Yellow,#F4EE2A,4,165,-27.0,3.0,14.4,0,CONCEPT_NOT_FIT_VALIDATED
DUC-B-00178,p6-4x2,Yellow,#F4EE2A,4,166,-27.0,15.0,14.4,0,CONCEPT_NOT_FIT_VALIDATED
DUC-B-00179,p6-4x2,Yellow,#F4EE2A,4,167,-27.0,27.0,14.4,0,CONCEPT_NOT_FIT_VALIDATED
DUC-B-00180,p6-4x2,Yellow,#F4EE2A,4,168,-27.0,39.0,14.4,0,CONCEPT_NOT_FIT_VALIDATED
DUC-B-00181,p6-4x2,Yellow,#F4EE2A,4,169,-27.0,51.0,14.4,0,CONCEPT_NOT_FIT_VALIDATED
DUC-B-00161,p6-1x1,Yellow,#F4EE2A,3,170,-36.0,48.0,10.8,0,CONCEPT_NOT_FIT_VALIDATED
DUC-B-00182,p6-3x1,Yellow,#F4EE2A,4,171,-24.0,-48.0,14.4,0,CONCEPT_NOT_FIT_VALIDATED
DUC-B-00186,p6-4x2,Yellow,#F4EE2A,4,172,-3.0,-45.0,14.4,0,CONCEPT_NOT_FIT_VALIDATED
DUC-B-00187,p6-4x2,Yellow,#F4EE2A,4,173,-3.0,-33.0,14.4,0,CONCEPT_NOT_FIT_VALIDATED
DUC-B-00188,p6-4x2,Yellow,#F4EE2A,4,174,-3.0,-21.0,14.4,0,CONCEPT_NOT_FIT_VALIDATED
DUC-B-00189,p6-4x2,Yellow,#F4EE2A,4,175,-3.0,-9.0,14.4,0,CONCEPT_NOT_FIT_VALIDATED
DUC-B-00190,p6-4x2,Yellow,#F4EE2A,4,176,-3.0,3.0,14.4,0,CONCEPT_NOT_FIT_VALIDATED
DUC-B-00191,p6-4x2,Yellow,#F4EE2A,4,177,-3.0,15.0,14.4,0,CONCEPT_NOT_FIT_VALIDATED
DUC-B-00192,p6-4x2,Yellow,#F4EE2A,4,178,-3.0,27.0,14.4,0,CONCEPT_NOT_FIT_VALIDATED
DUC-B-00193,p6-4x2,Yellow,#F4EE2A,4,179,-3.0,39.0,14.4,0,CONCEPT_NOT_FIT_VALIDATED
DUC-B-00194,p6-4x2,Yellow,#F4EE2A,4,180,-3.0,51.0,14.4,0,CONCEPT_NOT_FIT_VALIDATED
DUC-B-00195,p6-4x1,Yellow,#F4EE2A,4,181,-3.0,60.0,14.4,0,CONCEPT_NOT_FIT_VALIDATED
DUC-B-00162,p6-1x1,Yellow,#F4EE2A,3,182,-12.0,60.0,10.8,0,CONCEPT_NOT_FIT_VALIDATED
DUC-B-00198,p6-4x2,Yellow,#F4EE2A,4,183,21.0,-45.0,14.4,0,CONCEPT_NOT_FIT_VALIDATED
DUC-B-00119,p6-2x1,Yellow,#F4EE2A,3,184,30.0,-39.0,10.8,90,CONCEPT_NOT_FIT_VALIDATED
DUC-B-00104,p6-1x1,Yellow,#F4EE2A,2,185,30.0,-36.0,7.2,0,CONCEPT_NOT_FIT_VALIDATED
DUC-B-00199,p6-4x2,Yellow,#F4EE2A,4,186,21.0,-33.0,14.4,0,CONCEPT_NOT_FIT_VALIDATED
DUC-B-00200,p6-4x2,Yellow,#F4EE2A,4,187,21.0,-21.0,14.4,0,CONCEPT_NOT_FIT_VALIDATED
DUC-B-00201,p6-4x2,Yellow,#F4EE2A,4,188,21.0,-9.0,14.4,0,CONCEPT_NOT_FIT_VALIDATED
DUC-B-00202,p6-4x2,Yellow,#F4EE2A,4,189,21.0,3.0,14.4,0,CONCEPT_NOT_FIT_VALIDATED
DUC-B-00203,p6-4x2,Yellow,#F4EE2A,4,190,21.0,15.0,14.4,0,CONCEPT_NOT_FIT_VALIDATED
DUC-B-00204,p6-4x2,Yellow,#F4EE2A,4,191,21.0,27.0,14.4,0,CONCEPT_NOT_FIT_VALIDATED
DUC-B-00205,p6-4x2,Yellow,#F4EE2A,4,192,21.0,39.0,14.4,0,CONCEPT_NOT_FIT_VALIDATED
DUC-B-00206,p6-4x2,Yellow,#F4EE2A,4,193,21.0,51.0,14.4,0,CONCEPT_NOT_FIT_VALIDATED
DUC-B-00207,p6-3x1,Yellow,#F4EE2A,4,194,18.0,60.0,14.4,0,CONCEPT_NOT_FIT_VALIDATED
DUC-B-00209,p6-2x2,Yellow,#F4EE2A,4,195,39.0,-33.0,14.4,0,CONCEPT_NOT_FIT_VALIDATED
DUC-B-00121,p6-1x1,Yellow,#F4EE2A,3,196,36.0,-36.0,10.8,0,CONCEPT_NOT_FIT_VALIDATED
DUC-B-00210,p6-3x2,Yellow,#F4EE2A,4,197,42.0,-21.0,14.4,0,CONCEPT_NOT_FIT_VALIDATED
DUC-B-00131,p6-3x1,Yellow,#F4EE2A,3,198,48.0,-18.0,10.8,90,CONCEPT_NOT_FIT_VALIDATED
DUC-B-00112,p6-1x1,Yellow,#F4EE2A,2,199,48.0,-12.0,7.2,0,CONCEPT_NOT_FIT_VALIDATED
DUC-B-00211,p6-4x2,Yellow,#F4EE2A,4,200,45.0,-9.0,14.4,0,CONCEPT_NOT_FIT_VALIDATED
DUC-B-00141,p6-4x1,Yellow,#F4EE2A,3,201,54.0,3.0,10.8,90,CONCEPT_NOT_FIT_VALIDATED
DUC-B-00212,p6-4x2,Yellow,#F4EE2A,4,202,45.0,3.0,14.4,0,CONCEPT_NOT_FIT_VALIDATED
DUC-B-00213,p6-4x2,Yellow,#F4EE2A,4,203,45.0,15.0,14.4,0,CONCEPT_NOT_FIT_VALIDATED
DUC-B-00151,p6-2x1,Yellow,#F4EE2A,3,204,54.0,21.0,10.8,90,CONCEPT_NOT_FIT_VALIDATED
DUC-B-00214,p6-4x2,Yellow,#F4EE2A,4,205,45.0,27.0,14.4,0,CONCEPT_NOT_FIT_VALIDATED
DUC-B-00215,p6-3x2,Yellow,#F4EE2A,4,206,42.0,39.0,14.4,0,CONCEPT_NOT_FIT_VALIDATED
DUC-B-00160,p6-1x1,Yellow,#F4EE2A,3,207,42.0,42.0,10.8,0,CONCEPT_NOT_FIT_VALIDATED
DUC-B-00216,p6-2x1,Yellow,#F4EE2A,4,208,39.0,48.0,14.4,0,CONCEPT_NOT_FIT_VALIDATED
DUC-B-00220,p6-4x2,Yellow,#F4EE2A,5,209,-9.0,-51.0,18.0,90,CONCEPT_NOT_FIT_VALIDATED
DUC-B-00185,p6-4x1,Yellow,#F4EE2A,4,210,-3.0,-54.0,14.4,0,CONCEPT_NOT_FIT_VALIDATED
DUC-B-00221,p6-4x2,Yellow,#F4EE2A,5,211,3.0,-51.0,18.0,90,CONCEPT_NOT_FIT_VALIDATED
DUC-B-00222,p6-4x1,Yellow,#F4EE2A,5,212,12.0,-51.0,18.0,90,CONCEPT_NOT_FIT_VALIDATED
DUC-B-00197,p6-2x1,Yellow,#F4EE2A,4,213,15.0,-54.0,14.4,0,CONCEPT_NOT_FIT_VALIDATED
DUC-B-00223,p6-3x1,Yellow,#F4EE2A,5,214,-30.0,-48.0,18.0,90,CONCEPT_NOT_FIT_VALIDATED
DUC-B-00224,p6-3x2,Yellow,#F4EE2A,5,215,-21.0,-48.0,18.0,90,CONCEPT_NOT_FIT_VALIDATED
DUC-B-00184,p6-1x1,Yellow,#F4EE2A,4,216,-18.0,-54.0,14.4,0,CONCEPT_NOT_FIT_VALIDATED
DUC-B-00225,p6-3x1,Yellow,#F4EE2A,5,217,18.0,-48.0,18.0,90,CONCEPT_NOT_FIT_VALIDATED
DUC-B-00226,p6-3x2,Yellow,#F4EE2A,5,218,27.0,-48.0,18.0,90,CONCEPT_NOT_FIT_VALIDATED
DUC-B-00227,p6-2x1,Yellow,#F4EE2A,5,219,-36.0,-45.0,18.0,90,CONCEPT_NOT_FIT_VALIDATED
DUC-B-00231,p6-4x2,Yellow,#F4EE2A,5,220,-45.0,-27.0,18.0,90,CONCEPT_NOT_FIT_VALIDATED
DUC-B-00171,p6-1x1,Yellow,#F4EE2A,4,221,-42.0,-36.0,14.4,0,CONCEPT_NOT_FIT_VALIDATED
DUC-B-00232,p6-4x2,Yellow,#F4EE2A,5,222,-33.0,-27.0,18.0,90,CONCEPT_NOT_FIT_VALIDATED
DUC-B-00233,p6-4x2,Yellow,#F4EE2A,5,223,-21.0,-27.0,18.0,90,CONCEPT_NOT_FIT_VALIDATED
DUC-B-00234,p6-4x2,Yellow,#F4EE2A,5,224,-9.0,-27.0,18.0,90,CONCEPT_NOT_FIT_VALIDATED
DUC-B-00235,p6-4x2,Yellow,#F4EE2A,5,225,3.0,-27.0,18.0,90,CONCEPT_NOT_FIT_VALIDATED
DUC-B-00236,p6-4x2,Yellow,#F4EE2A,5,226,15.0,-27.0,18.0,90,CONCEPT_NOT_FIT_VALIDATED
DUC-B-00237,p6-4x2,Yellow,#F4EE2A,5,227,27.0,-27.0,18.0,90,CONCEPT_NOT_FIT_VALIDATED
DUC-B-00238,p6-4x2,Yellow,#F4EE2A,5,228,39.0,-27.0,18.0,90,CONCEPT_NOT_FIT_VALIDATED
DUC-B-00239,p6-4x1,Yellow,#F4EE2A,5,229,48.0,-27.0,18.0,90,CONCEPT_NOT_FIT_VALIDATED
DUC-B-00218,p6-1x1,Yellow,#F4EE2A,4,230,48.0,-30.0,14.4,0,CONCEPT_NOT_FIT_VALIDATED
DUC-B-00240,p6-2x1,Yellow,#F4EE2A,5,231,-54.0,-21.0,18.0,90,CONCEPT_NOT_FIT_VALIDATED
DUC-B-00242,p6-4x2,Yellow,#F4EE2A,5,232,-57.0,-3.0,18.0,90,CONCEPT_NOT_FIT_VALIDATED
DUC-B-00243,p6-4x2,Yellow,#F4EE2A,5,233,-45.0,-3.0,18.0,90,CONCEPT_NOT_FIT_VALIDATED
DUC-B-00244,p6-4x2,Yellow,#F4EE2A,5,234,-33.0,-3.0,18.0,90,CONCEPT_NOT_FIT_VALIDATED
DUC-B-00245,p6-4x2,Yellow,#F4EE2A,5,235,-21.0,-3.0,18.0,90,CONCEPT_NOT_FIT_VALIDATED
DUC-B-00246,p6-4x2,Yellow,#F4EE2A,5,236,-9.0,-3.0,18.0,90,CONCEPT_NOT_FIT_VALIDATED
DUC-B-00247,p6-4x2,Yellow,#F4EE2A,5,237,3.0,-3.0,18.0,90,CONCEPT_NOT_FIT_VALIDATED
DUC-B-00248,p6-4x2,Yellow,#F4EE2A,5,238,15.0,-3.0,18.0,90,CONCEPT_NOT_FIT_VALIDATED
DUC-B-00249,p6-4x2,Yellow,#F4EE2A,5,239,27.0,-3.0,18.0,90,CONCEPT_NOT_FIT_VALIDATED
DUC-B-00250,p6-4x2,Yellow,#F4EE2A,5,240,39.0,-3.0,18.0,90,CONCEPT_NOT_FIT_VALIDATED
DUC-B-00251,p6-4x2,Yellow,#F4EE2A,5,241,51.0,-3.0,18.0,90,CONCEPT_NOT_FIT_VALIDATED
DUC-B-00253,p6-3x2,Yellow,#F4EE2A,5,242,-57.0,18.0,18.0,90,CONCEPT_NOT_FIT_VALIDATED
DUC-B-00254,p6-4x2,Yellow,#F4EE2A,5,243,-45.0,21.0,18.0,90,CONCEPT_NOT_FIT_VALIDATED
DUC-B-00255,p6-4x2,Yellow,#F4EE2A,5,244,-33.0,21.0,18.0,90,CONCEPT_NOT_FIT_VALIDATED
DUC-B-00256,p6-4x2,Yellow,#F4EE2A,5,245,-21.0,21.0,18.0,90,CONCEPT_NOT_FIT_VALIDATED
DUC-B-00257,p6-4x2,Yellow,#F4EE2A,5,246,-9.0,21.0,18.0,90,CONCEPT_NOT_FIT_VALIDATED
DUC-B-00258,p6-4x2,Yellow,#F4EE2A,5,247,3.0,21.0,18.0,90,CONCEPT_NOT_FIT_VALIDATED
DUC-B-00259,p6-4x2,Yellow,#F4EE2A,5,248,15.0,21.0,18.0,90,CONCEPT_NOT_FIT_VALIDATED
DUC-B-00260,p6-4x2,Yellow,#F4EE2A,5,249,27.0,21.0,18.0,90,CONCEPT_NOT_FIT_VALIDATED
DUC-B-00261,p6-4x2,Yellow,#F4EE2A,5,250,39.0,21.0,18.0,90,CONCEPT_NOT_FIT_VALIDATED
DUC-B-00262,p6-4x2,Yellow,#F4EE2A,5,251,51.0,21.0,18.0,90,CONCEPT_NOT_FIT_VALIDATED
DUC-B-00264,p6-1x1,Yellow,#F4EE2A,5,252,-54.0,30.0,18.0,0,CONCEPT_NOT_FIT_VALIDATED
DUC-B-00266,p6-3x2,Yellow,#F4EE2A,5,253,-45.0,42.0,18.0,90,CONCEPT_NOT_FIT_VALIDATED
DUC-B-00172,p6-1x1,Yellow,#F4EE2A,4,254,-42.0,48.0,14.4,0,CONCEPT_NOT_FIT_VALIDATED
DUC-B-00267,p6-4x2,Yellow,#F4EE2A,5,255,-33.0,45.0,18.0,90,CONCEPT_NOT_FIT_VALIDATED
DUC-B-00268,p6-4x2,Yellow,#F4EE2A,5,256,-21.0,45.0,18.0,90,CONCEPT_NOT_FIT_VALIDATED
DUC-B-00269,p6-4x2,Yellow,#F4EE2A,5,257,-9.0,45.0,18.0,90,CONCEPT_NOT_FIT_VALIDATED
DUC-B-00270,p6-4x2,Yellow,#F4EE2A,5,258,3.0,45.0,18.0,90,CONCEPT_NOT_FIT_VALIDATED
DUC-B-00271,p6-4x2,Yellow,#F4EE2A,5,259,15.0,45.0,18.0,90,CONCEPT_NOT_FIT_VALIDATED
DUC-B-00272,p6-4x2,Yellow,#F4EE2A,5,260,27.0,45.0,18.0,90,CONCEPT_NOT_FIT_VALIDATED
DUC-B-00273,p6-4x2,Yellow,#F4EE2A,5,261,39.0,45.0,18.0,90,CONCEPT_NOT_FIT_VALIDATED
DUC-B-00217,p6-1x1,Yellow,#F4EE2A,4,262,36.0,54.0,14.4,0,CONCEPT_NOT_FIT_VALIDATED
DUC-B-00274,p6-3x1,Yellow,#F4EE2A,5,263,48.0,42.0,18.0,90,CONCEPT_NOT_FIT_VALIDATED
DUC-B-00279,p6-2x2,Yellow,#F4EE2A,5,264,-9.0,63.0,18.0,0,CONCEPT_NOT_FIT_VALIDATED
DUC-B-00196,p6-3x1,Yellow,#F4EE2A,4,265,0.0,66.0,14.4,0,CONCEPT_NOT_FIT_VALIDATED
DUC-B-00280,p6-2x2,Yellow,#F4EE2A,5,266,3.0,63.0,18.0,0,CONCEPT_NOT_FIT_VALIDATED
DUC-B-00281,p6-2x2,Yellow,#F4EE2A,5,267,15.0,63.0,18.0,0,CONCEPT_NOT_FIT_VALIDATED
DUC-B-00282,p6-2x1,Yellow,#F4EE2A,5,268,27.0,60.0,18.0,0,CONCEPT_NOT_FIT_VALIDATED
DUC-B-00284,p6-3x2,Yellow,#F4EE2A,6,269,-54.0,-15.0,21.6,0,CONCEPT_NOT_FIT_VALIDATED
DUC-B-00285,p6-3x2,Yellow,#F4EE2A,6,270,-54.0,-3.0,21.6,0,CONCEPT_NOT_FIT_VALIDATED
DUC-B-00286,p6-3x2,Yellow,#F4EE2A,6,271,-54.0,9.0,21.6,0,CONCEPT_NOT_FIT_VALIDATED
DUC-B-00287,p6-3x2,Yellow,#F4EE2A,6,272,-54.0,21.0,21.6,0,CONCEPT_NOT_FIT_VALIDATED
DUC-B-00288,p6-3x1,Yellow,#F4EE2A,6,273,-54.0,30.0,21.6,0,CONCEPT_NOT_FIT_VALIDATED
DUC-B-00289,p6-2x2,Yellow,#F4EE2A,6,274,-51.0,-27.0,21.6,0,CONCEPT_NOT_FIT_VALIDATED
DUC-B-00290,p6-2x1,Yellow,#F4EE2A,6,275,-51.0,36.0,21.6,0,CONCEPT_NOT_FIT_VALIDATED
DUC-B-00265,p6-1x1,Yellow,#F4EE2A,5,276,-54.0,36.0,18.0,0,CONCEPT_NOT_FIT_VALIDATED
DUC-B-00291,p6-2x1,Yellow,#F4EE2A,6,277,-51.0,42.0,21.6,0,CONCEPT_NOT_FIT_VALIDATED
DUC-B-00292,p6-2x1,Yellow,#F4EE2A,6,278,-48.0,-39.0,21.6,90,CONCEPT_NOT_FIT_VALIDATED
DUC-B-00293,p6-1x1,Yellow,#F4EE2A,6,279,-48.0,48.0,21.6,0,CONCEPT_NOT_FIT_VALIDATED
DUC-B-00294,p6-4x1,Yellow,#F4EE2A,6,280,-33.0,-48.0,21.6,0,CONCEPT_NOT_FIT_VALIDATED
DUC-B-00295,p6-4x2,Yellow,#F4EE2A,6,281,-33.0,-39.0,21.6,0,CONCEPT_NOT_FIT_VALIDATED
DUC-B-00229,p6-1x1,Yellow,#F4EE2A,5,282,-42.0,-42.0,18.0,0,CONCEPT_NOT_FIT_VALIDATED
DUC-B-00296,p6-4x2,Yellow,#F4EE2A,6,283,-33.0,-27.0,21.6,0,CONCEPT_NOT_FIT_VALIDATED
DUC-B-00297,p6-4x2,Yellow,#F4EE2A,6,284,-33.0,-15.0,21.6,0,CONCEPT_NOT_FIT_VALIDATED
DUC-B-00298,p6-4x2,Yellow,#F4EE2A,6,285,-33.0,-3.0,21.6,0,CONCEPT_NOT_FIT_VALIDATED
DUC-B-00299,p6-4x2,Yellow,#F4EE2A,6,286,-33.0,9.0,21.6,0,CONCEPT_NOT_FIT_VALIDATED
DUC-B-00300,p6-4x2,Yellow,#F4EE2A,6,287,-33.0,21.0,21.6,0,CONCEPT_NOT_FIT_VALIDATED
DUC-B-00301,p6-4x2,Yellow,#F4EE2A,6,288,-33.0,33.0,21.6,0,CONCEPT_NOT_FIT_VALIDATED
DUC-B-00302,p6-4x2,Yellow,#F4EE2A,6,289,-33.0,45.0,21.6,0,CONCEPT_NOT_FIT_VALIDATED
DUC-B-00303,p6-4x1,Yellow,#F4EE2A,6,290,-33.0,54.0,21.6,0,CONCEPT_NOT_FIT_VALIDATED
DUC-B-00276,p6-1x1,Yellow,#F4EE2A,5,291,-42.0,54.0,18.0,0,CONCEPT_NOT_FIT_VALIDATED
DUC-B-00305,p6-2x1,Yellow,#F4EE2A,6,292,-27.0,-54.0,21.6,0,CONCEPT_NOT_FIT_VALIDATED
DUC-B-00308,p6-4x1,Yellow,#F4EE2A,6,293,-9.0,-60.0,21.6,0,CONCEPT_NOT_FIT_VALIDATED
DUC-B-00309,p6-4x2,Yellow,#F4EE2A,6,294,-9.0,-51.0,21.6,0,CONCEPT_NOT_FIT_VALIDATED
DUC-B-00310,p6-4x2,Yellow,#F4EE2A,6,295,-9.0,-39.0,21.6,0,CONCEPT_NOT_FIT_VALIDATED
DUC-B-00311,p6-4x2,Yellow,#F4EE2A,6,296,-9.0,-27.0,21.6,0,CONCEPT_NOT_FIT_VALIDATED
DUC-B-00312,p6-4x2,Yellow,#F4EE2A,6,297,-9.0,-15.0,21.6,0,CONCEPT_NOT_FIT_VALIDATED
DUC-B-00313,p6-4x2,Yellow,#F4EE2A,6,298,-9.0,-3.0,21.6,0,CONCEPT_NOT_FIT_VALIDATED
DUC-B-00314,p6-4x2,Yellow,#F4EE2A,6,299,-9.0,9.0,21.6,0,CONCEPT_NOT_FIT_VALIDATED
DUC-B-00315,p6-4x2,Yellow,#F4EE2A,6,300,-9.0,21.0,21.6,0,CONCEPT_NOT_FIT_VALIDATED
DUC-B-00316,p6-4x2,Yellow,#F4EE2A,6,301,-9.0,33.0,21.6,0,CONCEPT_NOT_FIT_VALIDATED
DUC-B-00317,p6-4x2,Yellow,#F4EE2A,6,302,-9.0,45.0,21.6,0,CONCEPT_NOT_FIT_VALIDATED
DUC-B-00318,p6-4x2,Yellow,#F4EE2A,6,303,-9.0,57.0,21.6,0,CONCEPT_NOT_FIT_VALIDATED
DUC-B-00278,p6-2x1,Yellow,#F4EE2A,5,304,-21.0,60.0,18.0,0,CONCEPT_NOT_FIT_VALIDATED
DUC-B-00183,p6-2x1,Yellow,#F4EE2A,4,305,-21.0,60.0,14.4,0,CONCEPT_NOT_FIT_VALIDATED
DUC-B-00304,p6-3x1,Yellow,#F4EE2A,6,306,-30.0,60.0,21.6,0,CONCEPT_NOT_FIT_VALIDATED
DUC-B-00277,p6-1x1,Yellow,#F4EE2A,5,307,-30.0,60.0,18.0,0,CONCEPT_NOT_FIT_VALIDATED
DUC-B-00319,p6-4x1,Yellow,#F4EE2A,6,308,-9.0,66.0,21.6,0,CONCEPT_NOT_FIT_VALIDATED
DUC-B-00283,p6-1x1,Yellow,#F4EE2A,5,309,-18.0,66.0,18.0,0,CONCEPT_NOT_FIT_VALIDATED
DUC-B-00321,p6-4x1,Yellow,#F4EE2A,6,310,15.0,-60.0,21.6,0,CONCEPT_NOT_FIT_VALIDATED
DUC-B-00322,p6-4x2,Yellow,#F4EE2A,6,311,15.0,-51.0,21.6,0,CONCEPT_NOT_FIT_VALIDATED
DUC-B-00323,p6-4x2,Yellow,#F4EE2A,6,312,15.0,-39.0,21.6,0,CONCEPT_NOT_FIT_VALIDATED
DUC-B-00324,p6-4x2,Yellow,#F4EE2A,6,313,15.0,-27.0,21.6,0,CONCEPT_NOT_FIT_VALIDATED
DUC-B-00325,p6-4x2,Yellow,#F4EE2A,6,314,15.0,-15.0,21.6,0,CONCEPT_NOT_FIT_VALIDATED
DUC-B-00326,p6-4x2,Yellow,#F4EE2A,6,315,15.0,-3.0,21.6,0,CONCEPT_NOT_FIT_VALIDATED
DUC-B-00327,p6-4x2,Yellow,#F4EE2A,6,316,15.0,9.0,21.6,0,CONCEPT_NOT_FIT_VALIDATED
DUC-B-00328,p6-4x2,Yellow,#F4EE2A,6,317,15.0,21.0,21.6,0,CONCEPT_NOT_FIT_VALIDATED
DUC-B-00329,p6-4x2,Yellow,#F4EE2A,6,318,15.0,33.0,21.6,0,CONCEPT_NOT_FIT_VALIDATED
DUC-B-00330,p6-4x2,Yellow,#F4EE2A,6,319,15.0,45.0,21.6,0,CONCEPT_NOT_FIT_VALIDATED
DUC-B-00331,p6-4x2,Yellow,#F4EE2A,6,320,15.0,57.0,21.6,0,CONCEPT_NOT_FIT_VALIDATED
DUC-B-00332,p6-4x1,Yellow,#F4EE2A,6,321,15.0,66.0,21.6,0,CONCEPT_NOT_FIT_VALIDATED
DUC-B-00334,p6-2x1,Yellow,#F4EE2A,6,322,30.0,-51.0,21.6,90,CONCEPT_NOT_FIT_VALIDATED
DUC-B-00335,p6-4x2,Yellow,#F4EE2A,6,323,39.0,-39.0,21.6,0,CONCEPT_NOT_FIT_VALIDATED
DUC-B-00228,p6-2x1,Yellow,#F4EE2A,5,324,36.0,-45.0,18.0,90,CONCEPT_NOT_FIT_VALIDATED
DUC-B-00208,p6-1x1,Yellow,#F4EE2A,4,325,36.0,-42.0,14.4,0,CONCEPT_NOT_FIT_VALIDATED
DUC-B-00230,p6-1x1,Yellow,#F4EE2A,5,326,42.0,-42.0,18.0,0,CONCEPT_NOT_FIT_VALIDATED
DUC-B-00336,p6-4x2,Yellow,#F4EE2A,6,327,39.0,-27.0,21.6,0,CONCEPT_NOT_FIT_VALIDATED
DUC-B-00337,p6-4x2,Yellow,#F4EE2A,6,328,39.0,-15.0,21.6,0,CONCEPT_NOT_FIT_VALIDATED
DUC-B-00338,p6-4x2,Yellow,#F4EE2A,6,329,39.0,-3.0,21.6,0,CONCEPT_NOT_FIT_VALIDATED
DUC-B-00339,p6-4x2,Yellow,#F4EE2A,6,330,39.0,9.0,21.6,0,CONCEPT_NOT_FIT_VALIDATED
DUC-B-00340,p6-4x2,Yellow,#F4EE2A,6,331,39.0,21.0,21.6,0,CONCEPT_NOT_FIT_VALIDATED
DUC-B-00341,p6-4x2,Yellow,#F4EE2A,6,332,39.0,33.0,21.6,0,CONCEPT_NOT_FIT_VALIDATED
DUC-B-00342,p6-4x2,Yellow,#F4EE2A,6,333,39.0,45.0,21.6,0,CONCEPT_NOT_FIT_VALIDATED
DUC-B-00343,p6-2x2,Yellow,#F4EE2A,6,334,33.0,57.0,21.6,0,CONCEPT_NOT_FIT_VALIDATED
DUC-B-00345,p6-2x1,Yellow,#F4EE2A,6,335,39.0,-48.0,21.6,0,CONCEPT_NOT_FIT_VALIDATED
DUC-B-00346,p6-1x1,Yellow,#F4EE2A,6,336,42.0,54.0,21.6,0,CONCEPT_NOT_FIT_VALIDATED
DUC-B-00348,p6-2x2,Yellow,#F4EE2A,6,337,57.0,-15.0,21.6,0,CONCEPT_NOT_FIT_VALIDATED
DUC-B-00241,p6-2x1,Yellow,#F4EE2A,5,338,54.0,-21.0,18.0,90,CONCEPT_NOT_FIT_VALIDATED
DUC-B-00219,p6-1x1,Yellow,#F4EE2A,4,339,54.0,-18.0,14.4,0,CONCEPT_NOT_FIT_VALIDATED
DUC-B-00252,p6-4x1,Yellow,#F4EE2A,5,340,60.0,-3.0,18.0,90,CONCEPT_NOT_FIT_VALIDATED
DUC-B-00347,p6-2x1,Yellow,#F4EE2A,6,341,54.0,-27.0,21.6,90,CONCEPT_NOT_FIT_VALIDATED
DUC-B-00349,p6-2x2,Yellow,#F4EE2A,6,342,57.0,-3.0,21.6,0,CONCEPT_NOT_FIT_VALIDATED
DUC-B-00350,p6-2x2,Yellow,#F4EE2A,6,343,57.0,9.0,21.6,0,CONCEPT_NOT_FIT_VALIDATED
DUC-B-00263,p6-3x1,Yellow,#F4EE2A,5,344,60.0,18.0,18.0,90,CONCEPT_NOT_FIT_VALIDATED
DUC-B-00351,p6-2x2,Yellow,#F4EE2A,6,345,57.0,21.0,21.6,0,CONCEPT_NOT_FIT_VALIDATED
DUC-B-00352,p6-2x1,Yellow,#F4EE2A,6,346,54.0,33.0,21.6,90,CONCEPT_NOT_FIT_VALIDATED
DUC-B-00275,p6-1x1,Yellow,#F4EE2A,5,347,54.0,36.0,18.0,0,CONCEPT_NOT_FIT_VALIDATED
DUC-B-00355,p6-4x1,Yellow,#F4EE2A,7,348,-12.0,-57.0,25.2,90,CONCEPT_NOT_FIT_VALIDATED
DUC-B-00356,p6-4x2,Yellow,#F4EE2A,7,349,-3.0,-57.0,25.2,90,CONCEPT_NOT_FIT_VALIDATED
DUC-B-00357,p6-4x2,Yellow,#F4EE2A,7,350,9.0,-57.0,25.2,90,CONCEPT_NOT_FIT_VALIDATED
DUC-B-00358,p6-3x2,Yellow,#F4EE2A,7,351,-27.0,-54.0,25.2,90,CONCEPT_NOT_FIT_VALIDATED
DUC-B-00307,p6-1x1,Yellow,#F4EE2A,6,352,-24.0,-60.0,21.6,0,CONCEPT_NOT_FIT_VALIDATED
DUC-B-00359,p6-3x1,Yellow,#F4EE2A,7,353,-18.0,-54.0,25.2,90,CONCEPT_NOT_FIT_VALIDATED
DUC-B-00360,p6-3x2,Yellow,#F4EE2A,7,354,21.0,-54.0,25.2,90,CONCEPT_NOT_FIT_VALIDATED
DUC-B-00361,p6-3x1,Yellow,#F4EE2A,7,355,30.0,-54.0,25.2,90,CONCEPT_NOT_FIT_VALIDATED
DUC-B-00362,p6-2x1,Yellow,#F4EE2A,7,356,-36.0,-51.0,25.2,90,CONCEPT_NOT_FIT_VALIDATED
DUC-B-00363,p6-2x1,Yellow,#F4EE2A,7,357,36.0,-51.0,25.2,90,CONCEPT_NOT_FIT_VALIDATED
DUC-B-00364,p6-1x1,Yellow,#F4EE2A,7,358,-42.0,-48.0,25.2,0,CONCEPT_NOT_FIT_VALIDATED
DUC-B-00365,p6-1x1,Yellow,#F4EE2A,7,359,42.0,-48.0,25.2,0,CONCEPT_NOT_FIT_VALIDATED
DUC-B-00366,p6-4x1,Yellow,#F4EE2A,7,360,-48.0,-33.0,25.2,90,CONCEPT_NOT_FIT_VALIDATED
DUC-B-00367,p6-4x2,Yellow,#F4EE2A,7,361,-39.0,-33.0,25.2,90,CONCEPT_NOT_FIT_VALIDATED
DUC-B-00368,p6-4x2,Yellow,#F4EE2A,7,362,-27.0,-33.0,25.2,90,CONCEPT_NOT_FIT_VALIDATED
DUC-B-00369,p6-4x2,Yellow,#F4EE2A,7,363,-15.0,-33.0,25.2,90,CONCEPT_NOT_FIT_VALIDATED
DUC-B-00370,p6-4x2,Yellow,#F4EE2A,7,364,-3.0,-33.0,25.2,90,CONCEPT_NOT_FIT_VALIDATED
DUC-B-00371,p6-4x2,Yellow,#F4EE2A,7,365,9.0,-33.0,25.2,90,CONCEPT_NOT_FIT_VALIDATED
DUC-B-00372,p6-4x2,Yellow,#F4EE2A,7,366,21.0,-33.0,25.2,90,CONCEPT_NOT_FIT_VALIDATED
DUC-B-00373,p6-4x2,Yellow,#F4EE2A,7,367,33.0,-33.0,25.2,90,CONCEPT_NOT_FIT_VALIDATED
DUC-B-00374,p6-4x2,Yellow,#F4EE2A,7,368,45.0,-33.0,25.2,90,CONCEPT_NOT_FIT_VALIDATED
DUC-B-00375,p6-3x1,Yellow,#F4EE2A,7,369,-54.0,-30.0,25.2,90,CONCEPT_NOT_FIT_VALIDATED
DUC-B-00376,p6-3x1,Yellow,#F4EE2A,7,370,54.0,-30.0,25.2,90,CONCEPT_NOT_FIT_VALIDATED
DUC-B-00379,p6-4x1,Yellow,#F4EE2A,7,371,-60.0,-9.0,25.2,90,CONCEPT_NOT_FIT_VALIDATED
DUC-B-00380,p6-4x2,Yellow,#F4EE2A,7,372,-51.0,-9.0,25.2,90,CONCEPT_NOT_FIT_VALIDATED
DUC-B-00381,p6-4x2,Yellow,#F4EE2A,7,373,-39.0,-9.0,25.2,90,CONCEPT_NOT_FIT_VALIDATED
DUC-B-00382,p6-4x2,Yellow,#F4EE2A,7,374,-27.0,-9.0,25.2,90,CONCEPT_NOT_FIT_VALIDATED
DUC-B-00383,p6-4x2,Yellow,#F4EE2A,7,375,-15.0,-9.0,25.2,90,CONCEPT_NOT_FIT_VALIDATED
DUC-B-00384,p6-4x2,Yellow,#F4EE2A,7,376,-3.0,-9.0,25.2,90,CONCEPT_NOT_FIT_VALIDATED
DUC-B-00385,p6-4x2,Yellow,#F4EE2A,7,377,9.0,-9.0,25.2,90,CONCEPT_NOT_FIT_VALIDATED
DUC-B-00386,p6-4x2,Yellow,#F4EE2A,7,378,21.0,-9.0,25.2,90,CONCEPT_NOT_FIT_VALIDATED
DUC-B-00387,p6-4x2,Yellow,#F4EE2A,7,379,33.0,-9.0,25.2,90,CONCEPT_NOT_FIT_VALIDATED
DUC-B-00388,p6-4x2,Yellow,#F4EE2A,7,380,45.0,-9.0,25.2,90,CONCEPT_NOT_FIT_VALIDATED
DUC-B-00389,p6-4x2,Yellow,#F4EE2A,7,381,57.0,-9.0,25.2,90,CONCEPT_NOT_FIT_VALIDATED
DUC-B-00392,p6-2x2,Yellow,#F4EE2A,7,382,-63.0,9.0,25.2,0,CONCEPT_NOT_FIT_VALIDATED
DUC-B-00393,p6-4x2,Yellow,#F4EE2A,7,383,-51.0,15.0,25.2,90,CONCEPT_NOT_FIT_VALIDATED
DUC-B-00394,p6-4x2,Yellow,#F4EE2A,7,384,-39.0,15.0,25.2,90,CONCEPT_NOT_FIT_VALIDATED
DUC-B-00395,p6-4x2,Yellow,#F4EE2A,7,385,-27.0,15.0,25.2,90,CONCEPT_NOT_FIT_VALIDATED
DUC-B-00396,p6-4x2,Yellow,#F4EE2A,7,386,-15.0,15.0,25.2,90,CONCEPT_NOT_FIT_VALIDATED
DUC-B-00397,p6-4x2,Yellow,#F4EE2A,7,387,-3.0,15.0,25.2,90,CONCEPT_NOT_FIT_VALIDATED
DUC-B-00398,p6-4x2,Yellow,#F4EE2A,7,388,9.0,15.0,25.2,90,CONCEPT_NOT_FIT_VALIDATED
DUC-B-00399,p6-4x2,Yellow,#F4EE2A,7,389,21.0,15.0,25.2,90,CONCEPT_NOT_FIT_VALIDATED
DUC-B-00400,p6-4x2,Yellow,#F4EE2A,7,390,33.0,15.0,25.2,90,CONCEPT_NOT_FIT_VALIDATED
DUC-B-00401,p6-4x2,Yellow,#F4EE2A,7,391,45.0,15.0,25.2,90,CONCEPT_NOT_FIT_VALIDATED
DUC-B-00402,p6-4x2,Yellow,#F4EE2A,7,392,57.0,15.0,25.2,90,CONCEPT_NOT_FIT_VALIDATED
DUC-B-00404,p6-2x1,Yellow,#F4EE2A,7,393,-60.0,21.0,25.2,90,CONCEPT_NOT_FIT_VALIDATED
DUC-B-00405,p6-2x1,Yellow,#F4EE2A,7,394,-60.0,33.0,25.2,90,CONCEPT_NOT_FIT_VALIDATED
DUC-B-00406,p6-4x2,Yellow,#F4EE2A,7,395,-51.0,39.0,25.2,90,CONCEPT_NOT_FIT_VALIDATED
DUC-B-00407,p6-4x2,Yellow,#F4EE2A,7,396,-39.0,39.0,25.2,90,CONCEPT_NOT_FIT_VALIDATED
DUC-B-00408,p6-4x2,Yellow,#F4EE2A,7,397,-27.0,39.0,25.2,90,CONCEPT_NOT_FIT_VALIDATED
DUC-B-00409,p6-4x2,Yellow,#F4EE2A,7,398,-15.0,39.0,25.2,90,CONCEPT_NOT_FIT_VALIDATED
DUC-B-00410,p6-4x2,Yellow,#F4EE2A,7,399,-3.0,39.0,25.2,90,CONCEPT_NOT_FIT_VALIDATED
DUC-B-00411,p6-4x2,Yellow,#F4EE2A,7,400,9.0,39.0,25.2,90,CONCEPT_NOT_FIT_VALIDATED
DUC-B-00412,p6-4x2,Yellow,#F4EE2A,7,401,21.0,39.0,25.2,90,CONCEPT_NOT_FIT_VALIDATED
DUC-B-00413,p6-4x2,Yellow,#F4EE2A,7,402,33.0,39.0,25.2,90,CONCEPT_NOT_FIT_VALIDATED
DUC-B-00414,p6-4x2,Yellow,#F4EE2A,7,403,45.0,39.0,25.2,90,CONCEPT_NOT_FIT_VALIDATED
DUC-B-00415,p6-4x1,Yellow,#F4EE2A,7,404,54.0,39.0,25.2,90,CONCEPT_NOT_FIT_VALIDATED
DUC-B-00353,p6-1x1,Yellow,#F4EE2A,6,405,54.0,42.0,21.6,0,CONCEPT_NOT_FIT_VALIDATED
DUC-B-00418,p6-2x2,Yellow,#F4EE2A,7,406,-39.0,57.0,25.2,0,CONCEPT_NOT_FIT_VALIDATED
DUC-B-00419,p6-3x2,Yellow,#F4EE2A,7,407,-27.0,60.0,25.2,90,CONCEPT_NOT_FIT_VALIDATED
DUC-B-00306,p6-2x1,Yellow,#F4EE2A,6,408,-27.0,66.0,21.6,0,CONCEPT_NOT_FIT_VALIDATED
DUC-B-00420,p6-4x2,Yellow,#F4EE2A,7,409,-15.0,63.0,25.2,90,CONCEPT_NOT_FIT_VALIDATED
DUC-B-00320,p6-3x1,Yellow,#F4EE2A,6,410,-6.0,72.0,21.6,0,CONCEPT_NOT_FIT_VALIDATED
DUC-B-00421,p6-4x2,Yellow,#F4EE2A,7,411,-3.0,63.0,25.2,90,CONCEPT_NOT_FIT_VALIDATED
DUC-B-00422,p6-4x2,Yellow,#F4EE2A,7,412,9.0,63.0,25.2,90,CONCEPT_NOT_FIT_VALIDATED
DUC-B-00333,p6-2x1,Yellow,#F4EE2A,6,413,9.0,72.0,21.6,0,CONCEPT_NOT_FIT_VALIDATED
DUC-B-00423,p6-3x2,Yellow,#F4EE2A,7,414,21.0,60.0,25.2,90,CONCEPT_NOT_FIT_VALIDATED
DUC-B-00424,p6-2x2,Yellow,#F4EE2A,7,415,33.0,57.0,25.2,0,CONCEPT_NOT_FIT_VALIDATED
DUC-B-00425,p6-2x1,Yellow,#F4EE2A,7,416,42.0,57.0,25.2,90,CONCEPT_NOT_FIT_VALIDATED
DUC-B-00430,p6-3x2,Yellow,#F4EE2A,8,417,-60.0,-9.0,28.8,0,CONCEPT_NOT_FIT_VALIDATED
DUC-B-00431,p6-3x2,Yellow,#F4EE2A,8,418,-60.0,3.0,28.8,0,CONCEPT_NOT_FIT_VALIDATED
DUC-B-00390,p6-1x1,Yellow,#F4EE2A,7,419,-66.0,0.0,25.2,0,CONCEPT_NOT_FIT_VALIDATED
DUC-B-00432,p6-3x2,Yellow,#F4EE2A,8,420,-60.0,15.0,28.8,0,CONCEPT_NOT_FIT_VALIDATED
DUC-B-00433,p6-3x1,Yellow,#F4EE2A,8,421,-60.0,24.0,28.8,0,CONCEPT_NOT_FIT_VALIDATED
DUC-B-00434,p6-2x1,Yellow,#F4EE2A,8,422,-57.0,-30.0,28.8,0,CONCEPT_NOT_FIT_VALIDATED
DUC-B-00435,p6-2x2,Yellow,#F4EE2A,8,423,-57.0,-21.0,28.8,0,CONCEPT_NOT_FIT_VALIDATED
DUC-B-00377,p6-1x1,Yellow,#F4EE2A,7,424,-60.0,-24.0,25.2,0,CONCEPT_NOT_FIT_VALIDATED
DUC-B-00436,p6-2x1,Yellow,#F4EE2A,8,425,-57.0,30.0,28.8,0,CONCEPT_NOT_FIT_VALIDATED
DUC-B-00437,p6-2x2,Yellow,#F4EE2A,8,426,-57.0,39.0,28.8,0,CONCEPT_NOT_FIT_VALIDATED
DUC-B-00438,p6-1x1,Yellow,#F4EE2A,8,427,-54.0,-36.0,28.8,0,CONCEPT_NOT_FIT_VALIDATED
DUC-B-00439,p6-1x1,Yellow,#F4EE2A,8,428,-54.0,48.0,28.8,0,CONCEPT_NOT_FIT_VALIDATED
DUC-B-00440,p6-4x2,Yellow,#F4EE2A,8,429,-39.0,-45.0,28.8,0,CONCEPT_NOT_FIT_VALIDATED
DUC-B-00441,p6-4x2,Yellow,#F4EE2A,8,430,-39.0,-33.0,28.8,0,CONCEPT_NOT_FIT_VALIDATED
DUC-B-00442,p6-4x2,Yellow,#F4EE2A,8,431,-39.0,-21.0,28.8,0,CONCEPT_NOT_FIT_VALIDATED
DUC-B-00443,p6-4x2,Yellow,#F4EE2A,8,432,-39.0,-9.0,28.8,0,CONCEPT_NOT_FIT_VALIDATED
DUC-B-00444,p6-4x2,Yellow,#F4EE2A,8,433,-39.0,3.0,28.8,0,CONCEPT_NOT_FIT_VALIDATED
DUC-B-00445,p6-4x2,Yellow,#F4EE2A,8,434,-39.0,15.0,28.8,0,CONCEPT_NOT_FIT_VALIDATED
DUC-B-00446,p6-4x2,Yellow,#F4EE2A,8,435,-39.0,27.0,28.8,0,CONCEPT_NOT_FIT_VALIDATED
DUC-B-00447,p6-4x2,Yellow,#F4EE2A,8,436,-39.0,39.0,28.8,0,CONCEPT_NOT_FIT_VALIDATED
DUC-B-00448,p6-4x2,Yellow,#F4EE2A,8,437,-39.0,51.0,28.8,0,CONCEPT_NOT_FIT_VALIDATED
DUC-B-00417,p6-1x1,Yellow,#F4EE2A,7,438,-48.0,54.0,25.2,0,CONCEPT_NOT_FIT_VALIDATED
DUC-B-00449,p6-3x1,Yellow,#F4EE2A,8,439,-36.0,-54.0,28.8,0,CONCEPT_NOT_FIT_VALIDATED
DUC-B-00450,p6-3x1,Yellow,#F4EE2A,8,440,-36.0,60.0,28.8,0,CONCEPT_NOT_FIT_VALIDATED
DUC-B-00451,p6-2x1,Yellow,#F4EE2A,8,441,-33.0,66.0,28.8,0,CONCEPT_NOT_FIT_VALIDATED
DUC-B-00452,p6-1x1,Yellow,#F4EE2A,8,442,-30.0,-60.0,28.8,0,CONCEPT_NOT_FIT_VALIDATED
DUC-B-00453,p6-4x2,Yellow,#F4EE2A,8,443,-15.0,-57.0,28.8,0,CONCEPT_NOT_FIT_VALIDATED
DUC-B-00454,p6-4x2,Yellow,#F4EE2A,8,444,-15.0,-45.0,28.8,0,CONCEPT_NOT_FIT_VALIDATED
DUC-B-00455,p6-4x2,Yellow,#F4EE2A,8,445,-15.0,-33.0,28.8,0,CONCEPT_NOT_FIT_VALIDATED
DUC-B-00456,p6-4x2,Yellow,#F4EE2A,8,446,-15.0,-21.0,28.8,0,CONCEPT_NOT_FIT_VALIDATED
DUC-B-00457,p6-4x2,Yellow,#F4EE2A,8,447,-15.0,-9.0,28.8,0,CONCEPT_NOT_FIT_VALIDATED
DUC-B-00458,p6-4x2,Yellow,#F4EE2A,8,448,-15.0,3.0,28.8,0,CONCEPT_NOT_FIT_VALIDATED
DUC-B-00459,p6-4x2,Yellow,#F4EE2A,8,449,-15.0,15.0,28.8,0,CONCEPT_NOT_FIT_VALIDATED
DUC-B-00460,p6-4x2,Yellow,#F4EE2A,8,450,-15.0,27.0,28.8,0,CONCEPT_NOT_FIT_VALIDATED
DUC-B-00461,p6-4x2,Yellow,#F4EE2A,8,451,-15.0,39.0,28.8,0,CONCEPT_NOT_FIT_VALIDATED
DUC-B-00462,p6-4x2,Yellow,#F4EE2A,8,452,-15.0,51.0,28.8,0,CONCEPT_NOT_FIT_VALIDATED
DUC-B-00463,p6-4x2,Yellow,#F4EE2A,8,453,-15.0,63.0,28.8,0,CONCEPT_NOT_FIT_VALIDATED
DUC-B-00464,p6-4x1,Yellow,#F4EE2A,8,454,-15.0,72.0,28.8,0,CONCEPT_NOT_FIT_VALIDATED
DUC-B-00428,p6-1x1,Yellow,#F4EE2A,7,455,-24.0,72.0,25.2,0,CONCEPT_NOT_FIT_VALIDATED
DUC-B-00465,p6-3x1,Yellow,#F4EE2A,8,456,-12.0,-66.0,28.8,0,CONCEPT_NOT_FIT_VALIDATED
DUC-B-00467,p6-4x1,Yellow,#F4EE2A,8,457,9.0,-66.0,28.8,0,CONCEPT_NOT_FIT_VALIDATED
DUC-B-00468,p6-4x2,Yellow,#F4EE2A,8,458,9.0,-57.0,28.8,0,CONCEPT_NOT_FIT_VALIDATED
DUC-B-00469,p6-4x2,Yellow,#F4EE2A,8,459,9.0,-45.0,28.8,0,CONCEPT_NOT_FIT_VALIDATED
DUC-B-00470,p6-4x2,Yellow,#F4EE2A,8,460,9.0,-33.0,28.8,0,CONCEPT_NOT_FIT_VALIDATED
DUC-B-00471,p6-4x2,Yellow,#F4EE2A,8,461,9.0,-21.0,28.8,0,CONCEPT_NOT_FIT_VALIDATED
DUC-B-00472,p6-4x2,Yellow,#F4EE2A,8,462,9.0,-9.0,28.8,0,CONCEPT_NOT_FIT_VALIDATED
DUC-B-00473,p6-4x2,Yellow,#F4EE2A,8,463,9.0,3.0,28.8,0,CONCEPT_NOT_FIT_VALIDATED
DUC-B-00474,p6-4x2,Yellow,#F4EE2A,8,464,9.0,15.0,28.8,0,CONCEPT_NOT_FIT_VALIDATED
DUC-B-00475,p6-4x2,Yellow,#F4EE2A,8,465,9.0,27.0,28.8,0,CONCEPT_NOT_FIT_VALIDATED
DUC-B-00476,p6-4x2,Yellow,#F4EE2A,8,466,9.0,39.0,28.8,0,CONCEPT_NOT_FIT_VALIDATED
DUC-B-00477,p6-4x2,Yellow,#F4EE2A,8,467,9.0,51.0,28.8,0,CONCEPT_NOT_FIT_VALIDATED
DUC-B-00478,p6-4x2,Yellow,#F4EE2A,8,468,9.0,63.0,28.8,0,CONCEPT_NOT_FIT_VALIDATED
DUC-B-00479,p6-3x2,Yellow,#F4EE2A,8,469,6.0,75.0,28.8,0,CONCEPT_NOT_FIT_VALIDATED
DUC-B-00481,p6-2x2,Yellow,#F4EE2A,8,470,27.0,-57.0,28.8,0,CONCEPT_NOT_FIT_VALIDATED
DUC-B-00482,p6-4x2,Yellow,#F4EE2A,8,471,33.0,-45.0,28.8,0,CONCEPT_NOT_FIT_VALIDATED
DUC-B-00483,p6-4x2,Yellow,#F4EE2A,8,472,33.0,-33.0,28.8,0,CONCEPT_NOT_FIT_VALIDATED
DUC-B-00484,p6-4x2,Yellow,#F4EE2A,8,473,33.0,-21.0,28.8,0,CONCEPT_NOT_FIT_VALIDATED
DUC-B-00485,p6-4x2,Yellow,#F4EE2A,8,474,33.0,-9.0,28.8,0,CONCEPT_NOT_FIT_VALIDATED
DUC-B-00486,p6-4x2,Yellow,#F4EE2A,8,475,33.0,3.0,28.8,0,CONCEPT_NOT_FIT_VALIDATED
DUC-B-00487,p6-4x2,Yellow,#F4EE2A,8,476,33.0,15.0,28.8,0,CONCEPT_NOT_FIT_VALIDATED
DUC-B-00488,p6-4x2,Yellow,#F4EE2A,8,477,33.0,27.0,28.8,0,CONCEPT_NOT_FIT_VALIDATED
DUC-B-00489,p6-4x2,Yellow,#F4EE2A,8,478,33.0,39.0,28.8,0,CONCEPT_NOT_FIT_VALIDATED
DUC-B-00490,p6-4x2,Yellow,#F4EE2A,8,479,33.0,51.0,28.8,0,CONCEPT_NOT_FIT_VALIDATED
DUC-B-00491,p6-3x2,Yellow,#F4EE2A,8,480,30.0,63.0,28.8,0,CONCEPT_NOT_FIT_VALIDATED
DUC-B-00427,p6-1x1,Yellow,#F4EE2A,7,481,30.0,66.0,25.2,0,CONCEPT_NOT_FIT_VALIDATED
DUC-B-00344,p6-1x1,Yellow,#F4EE2A,6,482,30.0,66.0,21.6,0,CONCEPT_NOT_FIT_VALIDATED
DUC-B-00493,p6-2x1,Yellow,#F4EE2A,8,483,39.0,-54.0,28.8,0,CONCEPT_NOT_FIT_VALIDATED
DUC-B-00494,p6-1x1,Yellow,#F4EE2A,8,484,42.0,60.0,28.8,0,CONCEPT_NOT_FIT_VALIDATED
DUC-B-00495,p6-2x1,Yellow,#F4EE2A,8,485,48.0,-45.0,28.8,90,CONCEPT_NOT_FIT_VALIDATED
DUC-B-00496,p6-2x2,Yellow,#F4EE2A,8,486,51.0,-33.0,28.8,0,CONCEPT_NOT_FIT_VALIDATED
DUC-B-00497,p6-3x2,Yellow,#F4EE2A,8,487,54.0,-21.0,28.8,0,CONCEPT_NOT_FIT_VALIDATED
DUC-B-00378,p6-1x1,Yellow,#F4EE2A,7,488,60.0,-24.0,25.2,0,CONCEPT_NOT_FIT_VALIDATED
DUC-B-00498,p6-4x2,Yellow,#F4EE2A,8,489,57.0,-9.0,28.8,0,CONCEPT_NOT_FIT_VALIDATED
DUC-B-00499,p6-4x2,Yellow,#F4EE2A,8,490,57.0,3.0,28.8,0,CONCEPT_NOT_FIT_VALIDATED
DUC-B-00391,p6-1x1,Yellow,#F4EE2A,7,491,66.0,0.0,25.2,0,CONCEPT_NOT_FIT_VALIDATED
DUC-B-00403,p6-2x1,Yellow,#F4EE2A,7,492,66.0,9.0,25.2,90,CONCEPT_NOT_FIT_VALIDATED
DUC-B-00500,p6-4x2,Yellow,#F4EE2A,8,493,57.0,15.0,28.8,0,CONCEPT_NOT_FIT_VALIDATED
DUC-B-00501,p6-3x2,Yellow,#F4EE2A,8,494,54.0,27.0,28.8,0,CONCEPT_NOT_FIT_VALIDATED
DUC-B-00416,p6-2x1,Yellow,#F4EE2A,7,495,60.0,33.0,25.2,90,CONCEPT_NOT_FIT_VALIDATED
DUC-B-00354,p6-1x1,Yellow,#F4EE2A,6,496,60.0,30.0,21.6,0,CONCEPT_NOT_FIT_VALIDATED
DUC-B-00502,p6-3x2,Yellow,#F4EE2A,8,497,54.0,39.0,28.8,0,CONCEPT_NOT_FIT_VALIDATED
DUC-B-00503,p6-2x1,Yellow,#F4EE2A,8,498,51.0,48.0,28.8,0,CONCEPT_NOT_FIT_VALIDATED
DUC-B-00507,p6-3x2,Yellow,#F4EE2A,9,499,-21.0,-60.0,32.4,90,CONCEPT_NOT_FIT_VALIDATED
DUC-B-00508,p6-3x2,Yellow,#F4EE2A,9,500,-9.0,-60.0,32.4,90,CONCEPT_NOT_FIT_VALIDATED
DUC-B-00509,p6-3x2,Yellow,#F4EE2A,9,501,3.0,-60.0,32.4,90,CONCEPT_NOT_FIT_VALIDATED
DUC-B-00510,p6-3x2,Yellow,#F4EE2A,9,502,15.0,-60.0,32.4,90,CONCEPT_NOT_FIT_VALIDATED
DUC-B-00511,p6-3x1,Yellow,#F4EE2A,9,503,24.0,-60.0,32.4,90,CONCEPT_NOT_FIT_VALIDATED
DUC-B-00512,p6-2x2,Yellow,#F4EE2A,9,504,-33.0,-57.0,32.4,0,CONCEPT_NOT_FIT_VALIDATED
DUC-B-00513,p6-2x1,Yellow,#F4EE2A,9,505,30.0,-57.0,32.4,90,CONCEPT_NOT_FIT_VALIDATED
DUC-B-00514,p6-2x1,Yellow,#F4EE2A,9,506,36.0,-57.0,32.4,90,CONCEPT_NOT_FIT_VALIDATED
DUC-B-00515,p6-1x1,Yellow,#F4EE2A,9,507,-42.0,-54.0,32.4,0,CONCEPT_NOT_FIT_VALIDATED
DUC-B-00516,p6-1x1,Yellow,#F4EE2A,9,508,42.0,-54.0,32.4,0,CONCEPT_NOT_FIT_VALIDATED
DUC-B-00517,p6-4x2,Yellow,#F4EE2A,9,509,-45.0,-39.0,32.4,90,CONCEPT_NOT_FIT_VALIDATED
DUC-B-00518,p6-4x2,Yellow,#F4EE2A,9,510,-33.0,-39.0,32.4,90,CONCEPT_NOT_FIT_VALIDATED
DUC-B-00519,p6-4x2,Yellow,#F4EE2A,9,511,-21.0,-39.0,32.4,90,CONCEPT_NOT_FIT_VALIDATED
DUC-B-00520,p6-4x2,Yellow,#F4EE2A,9,512,-9.0,-39.0,32.4,90,CONCEPT_NOT_FIT_VALIDATED
DUC-B-00521,p6-4x2,Yellow,#F4EE2A,9,513,3.0,-39.0,32.4,90,CONCEPT_NOT_FIT_VALIDATED
DUC-B-00522,p6-4x2,Yellow,#F4EE2A,9,514,15.0,-39.0,32.4,90,CONCEPT_NOT_FIT_VALIDATED
DUC-B-00523,p6-4x2,Yellow,#F4EE2A,9,515,27.0,-39.0,32.4,90,CONCEPT_NOT_FIT_VALIDATED
DUC-B-00524,p6-4x2,Yellow,#F4EE2A,9,516,39.0,-39.0,32.4,90,CONCEPT_NOT_FIT_VALIDATED
DUC-B-00525,p6-4x1,Yellow,#F4EE2A,9,517,48.0,-39.0,32.4,90,CONCEPT_NOT_FIT_VALIDATED
DUC-B-00526,p6-3x1,Yellow,#F4EE2A,9,518,-54.0,-36.0,32.4,90,CONCEPT_NOT_FIT_VALIDATED
DUC-B-00527,p6-3x1,Yellow,#F4EE2A,9,519,54.0,-36.0,32.4,90,CONCEPT_NOT_FIT_VALIDATED
DUC-B-00528,p6-1x1,Yellow,#F4EE2A,9,520,-60.0,-30.0,32.4,0,CONCEPT_NOT_FIT_VALIDATED
DUC-B-00530,p6-4x2,Yellow,#F4EE2A,9,521,-57.0,-15.0,32.4,90,CONCEPT_NOT_FIT_VALIDATED
DUC-B-00531,p6-4x2,Yellow,#F4EE2A,9,522,-45.0,-15.0,32.4,90,CONCEPT_NOT_FIT_VALIDATED
DUC-B-00532,p6-4x2,Yellow,#F4EE2A,9,523,-33.0,-15.0,32.4,90,CONCEPT_NOT_FIT_VALIDATED
DUC-B-00533,p6-4x2,Yellow,#F4EE2A,9,524,-21.0,-15.0,32.4,90,CONCEPT_NOT_FIT_VALIDATED
DUC-B-00534,p6-4x2,Yellow,#F4EE2A,9,525,-9.0,-15.0,32.4,90,CONCEPT_NOT_FIT_VALIDATED
DUC-B-00535,p6-4x2,Yellow,#F4EE2A,9,526,3.0,-15.0,32.4,90,CONCEPT_NOT_FIT_VALIDATED
DUC-B-00536,p6-4x2,Yellow,#F4EE2A,9,527,15.0,-15.0,32.4,90,CONCEPT_NOT_FIT_VALIDATED
DUC-B-00537,p6-4x2,Yellow,#F4EE2A,9,528,27.0,-15.0,32.4,90,CONCEPT_NOT_FIT_VALIDATED
DUC-B-00538,p6-4x2,Yellow,#F4EE2A,9,529,39.0,-15.0,32.4,90,CONCEPT_NOT_FIT_VALIDATED
DUC-B-00539,p6-4x2,Yellow,#F4EE2A,9,530,51.0,-15.0,32.4,90,CONCEPT_NOT_FIT_VALIDATED
DUC-B-00540,p6-4x1,Yellow,#F4EE2A,9,531,60.0,-15.0,32.4,90,CONCEPT_NOT_FIT_VALIDATED
DUC-B-00541,p6-3x1,Yellow,#F4EE2A,9,532,-66.0,-12.0,32.4,90,CONCEPT_NOT_FIT_VALIDATED
DUC-B-00542,p6-3x1,Yellow,#F4EE2A,9,533,66.0,-12.0,32.4,90,CONCEPT_NOT_FIT_VALIDATED
DUC-B-00543,p6-4x1,Yellow,#F4EE2A,9,534,-66.0,9.0,32.4,90,CONCEPT_NOT_FIT_VALIDATED
DUC-B-00544,p6-4x2,Yellow,#F4EE2A,9,535,-57.0,9.0,32.4,90,CONCEPT_NOT_FIT_VALIDATED
DUC-B-00545,p6-4x2,Yellow,#F4EE2A,9,536,-45.0,9.0,32.4,90,CONCEPT_NOT_FIT_VALIDATED
DUC-B-00546,p6-4x2,Yellow,#F4EE2A,9,537,-33.0,9.0,32.4,90,CONCEPT_NOT_FIT_VALIDATED
DUC-B-00547,p6-4x2,Yellow,#F4EE2A,9,538,-21.0,9.0,32.4,90,CONCEPT_NOT_FIT_VALIDATED
DUC-B-00548,p6-4x2,Yellow,#F4EE2A,9,539,-9.0,9.0,32.4,90,CONCEPT_NOT_FIT_VALIDATED
DUC-B-00549,p6-4x2,Yellow,#F4EE2A,9,540,3.0,9.0,32.4,90,CONCEPT_NOT_FIT_VALIDATED
DUC-B-00550,p6-4x2,Yellow,#F4EE2A,9,541,15.0,9.0,32.4,90,CONCEPT_NOT_FIT_VALIDATED
DUC-B-00551,p6-4x2,Yellow,#F4EE2A,9,542,27.0,9.0,32.4,90,CONCEPT_NOT_FIT_VALIDATED
DUC-B-00552,p6-4x2,Yellow,#F4EE2A,9,543,39.0,9.0,32.4,90,CONCEPT_NOT_FIT_VALIDATED
DUC-B-00553,p6-4x2,Yellow,#F4EE2A,9,544,51.0,9.0,32.4,90,CONCEPT_NOT_FIT_VALIDATED
DUC-B-00554,p6-4x2,Yellow,#F4EE2A,9,545,63.0,9.0,32.4,90,CONCEPT_NOT_FIT_VALIDATED
DUC-B-00555,p6-1x1,Yellow,#F4EE2A,9,546,-66.0,24.0,32.4,0,CONCEPT_NOT_FIT_VALIDATED
DUC-B-00556,p6-4x2,Yellow,#F4EE2A,9,547,-57.0,33.0,32.4,90,CONCEPT_NOT_FIT_VALIDATED
DUC-B-00557,p6-4x2,Yellow,#F4EE2A,9,548,-45.0,33.0,32.4,90,CONCEPT_NOT_FIT_VALIDATED
DUC-B-00558,p6-4x2,Yellow,#F4EE2A,9,549,-33.0,33.0,32.4,90,CONCEPT_NOT_FIT_VALIDATED
DUC-B-00559,p6-4x2,Yellow,#F4EE2A,9,550,-21.0,33.0,32.4,90,CONCEPT_NOT_FIT_VALIDATED
DUC-B-00560,p6-4x2,Yellow,#F4EE2A,9,551,-9.0,33.0,32.4,90,CONCEPT_NOT_FIT_VALIDATED
DUC-B-00561,p6-4x2,Yellow,#F4EE2A,9,552,3.0,33.0,32.4,90,CONCEPT_NOT_FIT_VALIDATED
DUC-B-00562,p6-4x2,Yellow,#F4EE2A,9,553,15.0,33.0,32.4,90,CONCEPT_NOT_FIT_VALIDATED
DUC-B-00563,p6-4x2,Yellow,#F4EE2A,9,554,27.0,33.0,32.4,90,CONCEPT_NOT_FIT_VALIDATED
DUC-B-00564,p6-4x2,Yellow,#F4EE2A,9,555,39.0,33.0,32.4,90,CONCEPT_NOT_FIT_VALIDATED
DUC-B-00565,p6-4x2,Yellow,#F4EE2A,9,556,51.0,33.0,32.4,90,CONCEPT_NOT_FIT_VALIDATED
DUC-B-00566,p6-4x1,Yellow,#F4EE2A,9,557,60.0,33.0,32.4,90,CONCEPT_NOT_FIT_VALIDATED
DUC-B-00568,p6-1x1,Yellow,#F4EE2A,9,558,-54.0,48.0,32.4,0,CONCEPT_NOT_FIT_VALIDATED
DUC-B-00569,p6-3x2,Yellow,#F4EE2A,9,559,-45.0,54.0,32.4,90,CONCEPT_NOT_FIT_VALIDATED
DUC-B-00570,p6-4x2,Yellow,#F4EE2A,9,560,-33.0,57.0,32.4,90,CONCEPT_NOT_FIT_VALIDATED
DUC-B-00571,p6-4x2,Yellow,#F4EE2A,9,561,-21.0,57.0,32.4,90,CONCEPT_NOT_FIT_VALIDATED
DUC-B-00572,p6-4x2,Yellow,#F4EE2A,9,562,-9.0,57.0,32.4,90,CONCEPT_NOT_FIT_VALIDATED
DUC-B-00573,p6-4x2,Yellow,#F4EE2A,9,563,3.0,57.0,32.4,90,CONCEPT_NOT_FIT_VALIDATED
DUC-B-00574,p6-4x2,Yellow,#F4EE2A,9,564,15.0,57.0,32.4,90,CONCEPT_NOT_FIT_VALIDATED
DUC-B-00575,p6-4x2,Yellow,#F4EE2A,9,565,27.0,57.0,32.4,90,CONCEPT_NOT_FIT_VALIDATED
DUC-B-00576,p6-3x2,Yellow,#F4EE2A,9,566,39.0,54.0,32.4,90,CONCEPT_NOT_FIT_VALIDATED
DUC-B-00577,p6-3x1,Yellow,#F4EE2A,9,567,48.0,54.0,32.4,90,CONCEPT_NOT_FIT_VALIDATED
DUC-B-00504,p6-1x1,Yellow,#F4EE2A,8,568,48.0,54.0,28.8,0,CONCEPT_NOT_FIT_VALIDATED
DUC-B-00426,p6-1x1,Yellow,#F4EE2A,7,569,48.0,54.0,25.2,0,CONCEPT_NOT_FIT_VALIDATED
DUC-B-00578,p6-1x1,Yellow,#F4EE2A,9,570,54.0,48.0,32.4,0,CONCEPT_NOT_FIT_VALIDATED
DUC-B-00579,p6-1x1,Yellow,#F4EE2A,9,571,36.0,66.0,32.4,0,CONCEPT_NOT_FIT_VALIDATED
DUC-B-00581,p6-2x1,Yellow,#F4EE2A,9,572,-21.0,72.0,32.4,0,CONCEPT_NOT_FIT_VALIDATED
DUC-B-00582,p6-2x2,Yellow,#F4EE2A,9,573,-9.0,75.0,32.4,0,CONCEPT_NOT_FIT_VALIDATED
DUC-B-00466,p6-2x1,Yellow,#F4EE2A,8,574,-9.0,78.0,28.8,0,CONCEPT_NOT_FIT_VALIDATED
DUC-B-00583,p6-2x2,Yellow,#F4EE2A,9,575,3.0,75.0,32.4,0,CONCEPT_NOT_FIT_VALIDATED
DUC-B-00584,p6-2x2,Yellow,#F4EE2A,9,576,15.0,75.0,32.4,0,CONCEPT_NOT_FIT_VALIDATED
DUC-B-00480,p6-1x1,Yellow,#F4EE2A,8,577,18.0,72.0,28.8,0,CONCEPT_NOT_FIT_VALIDATED
DUC-B-00429,p6-1x1,Yellow,#F4EE2A,7,578,18.0,72.0,25.2,0,CONCEPT_NOT_FIT_VALIDATED
DUC-B-00587,p6-2x2,Yellow,#F4EE2A,10,579,-63.0,-15.0,36.0,0,CONCEPT_NOT_FIT_VALIDATED
DUC-B-00588,p6-2x2,Yellow,#F4EE2A,10,580,-63.0,-3.0,36.0,0,CONCEPT_NOT_FIT_VALIDATED
DUC-B-00589,p6-2x2,Yellow,#F4EE2A,10,581,-63.0,9.0,36.0,0,CONCEPT_NOT_FIT_VALIDATED
DUC-B-00590,p6-2x2,Yellow,#F4EE2A,10,582,-63.0,21.0,36.0,0,CONCEPT_NOT_FIT_VALIDATED
DUC-B-00591,p6-2x1,Yellow,#F4EE2A,10,583,-63.0,30.0,36.0,0,CONCEPT_NOT_FIT_VALIDATED
DUC-B-00592,p6-2x1,Yellow,#F4EE2A,10,584,-60.0,-27.0,36.0,90,CONCEPT_NOT_FIT_VALIDATED
DUC-B-00593,p6-1x1,Yellow,#F4EE2A,10,585,-60.0,36.0,36.0,0,CONCEPT_NOT_FIT_VALIDATED
DUC-B-00594,p6-1x1,Yellow,#F4EE2A,10,586,-60.0,42.0,36.0,0,CONCEPT_NOT_FIT_VALIDATED
DUC-B-00595,p6-4x2,Yellow,#F4EE2A,10,587,-45.0,-39.0,36.0,0,CONCEPT_NOT_FIT_VALIDATED
DUC-B-00596,p6-4x2,Yellow,#F4EE2A,10,588,-45.0,-27.0,36.0,0,CONCEPT_NOT_FIT_VALIDATED
DUC-B-00597,p6-4x2,Yellow,#F4EE2A,10,589,-45.0,-15.0,36.0,0,CONCEPT_NOT_FIT_VALIDATED
DUC-B-00598,p6-4x2,Yellow,#F4EE2A,10,590,-45.0,-3.0,36.0,0,CONCEPT_NOT_FIT_VALIDATED
DUC-B-00599,p6-4x2,Yellow,#F4EE2A,10,591,-45.0,9.0,36.0,0,CONCEPT_NOT_FIT_VALIDATED
DUC-B-00600,p6-4x2,Yellow,#F4EE2A,10,592,-45.0,21.0,36.0,0,CONCEPT_NOT_FIT_VALIDATED
DUC-B-00601,p6-4x2,Yellow,#F4EE2A,10,593,-45.0,33.0,36.0,0,CONCEPT_NOT_FIT_VALIDATED
DUC-B-00602,p6-4x2,Yellow,#F4EE2A,10,594,-45.0,45.0,36.0,0,CONCEPT_NOT_FIT_VALIDATED
DUC-B-00603,p6-4x1,Yellow,#F4EE2A,10,595,-45.0,54.0,36.0,0,CONCEPT_NOT_FIT_VALIDATED
DUC-B-00604,p6-3x1,Yellow,#F4EE2A,10,596,-42.0,-48.0,36.0,0,CONCEPT_NOT_FIT_VALIDATED
DUC-B-00605,p6-3x1,Yellow,#F4EE2A,10,597,-42.0,60.0,36.0,0,CONCEPT_NOT_FIT_VALIDATED
DUC-B-00606,p6-2x1,Yellow,#F4EE2A,10,598,-39.0,-54.0,36.0,0,CONCEPT_NOT_FIT_VALIDATED
DUC-B-00607,p6-2x1,Yellow,#F4EE2A,10,599,-39.0,66.0,36.0,0,CONCEPT_NOT_FIT_VALIDATED
DUC-B-00608,p6-1x1,Yellow,#F4EE2A,10,600,-36.0,-60.0,36.0,0,CONCEPT_NOT_FIT_VALIDATED
DUC-B-00610,p6-4x2,Yellow,#F4EE2A,10,601,-21.0,-63.0,36.0,0,CONCEPT_NOT_FIT_VALIDATED
DUC-B-00611,p6-4x2,Yellow,#F4EE2A,10,602,-21.0,-51.0,36.0,0,CONCEPT_NOT_FIT_VALIDATED
DUC-B-00612,p6-4x2,Yellow,#F4EE2A,10,603,-21.0,-39.0,36.0,0,CONCEPT_NOT_FIT_VALIDATED
DUC-B-00613,p6-4x2,Yellow,#F4EE2A,10,604,-21.0,-27.0,36.0,0,CONCEPT_NOT_FIT_VALIDATED
DUC-B-00614,p6-4x2,Yellow,#F4EE2A,10,605,-21.0,-15.0,36.0,0,CONCEPT_NOT_FIT_VALIDATED
DUC-B-00615,p6-4x2,Yellow,#F4EE2A,10,606,-21.0,-3.0,36.0,0,CONCEPT_NOT_FIT_VALIDATED
DUC-B-00616,p6-4x2,Yellow,#F4EE2A,10,607,-21.0,9.0,36.0,0,CONCEPT_NOT_FIT_VALIDATED
DUC-B-00617,p6-4x2,Yellow,#F4EE2A,10,608,-21.0,21.0,36.0,0,CONCEPT_NOT_FIT_VALIDATED
DUC-B-00618,p6-4x2,Yellow,#F4EE2A,10,609,-21.0,33.0,36.0,0,CONCEPT_NOT_FIT_VALIDATED
DUC-B-00619,p6-4x2,Yellow,#F4EE2A,10,610,-21.0,45.0,36.0,0,CONCEPT_NOT_FIT_VALIDATED
DUC-B-00620,p6-4x2,Yellow,#F4EE2A,10,611,-21.0,57.0,36.0,0,CONCEPT_NOT_FIT_VALIDATED
DUC-B-00621,p6-4x2,Yellow,#F4EE2A,10,612,-21.0,69.0,36.0,0,CONCEPT_NOT_FIT_VALIDATED
DUC-B-00580,p6-1x1,Yellow,#F4EE2A,9,613,-30.0,72.0,32.4,0,CONCEPT_NOT_FIT_VALIDATED
DUC-B-00622,p6-3x1,Yellow,#F4EE2A,10,614,-18.0,78.0,36.0,0,CONCEPT_NOT_FIT_VALIDATED
DUC-B-00586,p6-1x1,Yellow,#F4EE2A,9,615,-18.0,78.0,32.4,0,CONCEPT_NOT_FIT_VALIDATED
DUC-B-00624,p6-4x2,Yellow,#F4EE2A,10,616,3.0,-63.0,36.0,0,CONCEPT_NOT_FIT_VALIDATED
DUC-B-00625,p6-4x2,Yellow,#F4EE2A,10,617,3.0,-51.0,36.0,0,CONCEPT_NOT_FIT_VALIDATED
DUC-B-00626,p6-4x2,Yellow,#F4EE2A,10,618,3.0,-39.0,36.0,0,CONCEPT_NOT_FIT_VALIDATED
DUC-B-00627,p6-4x2,Yellow,#F4EE2A,10,619,3.0,-27.0,36.0,0,CONCEPT_NOT_FIT_VALIDATED
DUC-B-00628,p6-4x2,Yellow,#F4EE2A,10,620,3.0,-15.0,36.0,0,CONCEPT_NOT_FIT_VALIDATED
DUC-B-00629,p6-4x2,Yellow,#F4EE2A,10,621,3.0,-3.0,36.0,0,CONCEPT_NOT_FIT_VALIDATED
DUC-B-00630,p6-4x2,Yellow,#F4EE2A,10,622,3.0,9.0,36.0,0,CONCEPT_NOT_FIT_VALIDATED
DUC-B-00631,p6-4x2,Yellow,#F4EE2A,10,623,3.0,21.0,36.0,0,CONCEPT_NOT_FIT_VALIDATED
DUC-B-00632,p6-4x2,Yellow,#F4EE2A,10,624,3.0,33.0,36.0,0,CONCEPT_NOT_FIT_VALIDATED
DUC-B-00633,p6-4x2,Yellow,#F4EE2A,10,625,3.0,45.0,36.0,0,CONCEPT_NOT_FIT_VALIDATED
DUC-B-00634,p6-4x2,Yellow,#F4EE2A,10,626,3.0,57.0,36.0,0,CONCEPT_NOT_FIT_VALIDATED
DUC-B-00635,p6-4x2,Yellow,#F4EE2A,10,627,3.0,69.0,36.0,0,CONCEPT_NOT_FIT_VALIDATED
DUC-B-00636,p6-3x2,Yellow,#F4EE2A,10,628,0.0,81.0,36.0,0,CONCEPT_NOT_FIT_VALIDATED
DUC-B-00637,p6-1x1,Yellow,#F4EE2A,10,629,12.0,78.0,36.0,0,CONCEPT_NOT_FIT_VALIDATED
DUC-B-00638,p6-3x2,Yellow,#F4EE2A,10,630,24.0,-63.0,36.0,0,CONCEPT_NOT_FIT_VALIDATED
DUC-B-00639,p6-4x2,Yellow,#F4EE2A,10,631,27.0,-51.0,36.0,0,CONCEPT_NOT_FIT_VALIDATED
DUC-B-00640,p6-4x2,Yellow,#F4EE2A,10,632,27.0,-39.0,36.0,0,CONCEPT_NOT_FIT_VALIDATED
DUC-B-00641,p6-4x2,Yellow,#F4EE2A,10,633,27.0,-27.0,36.0,0,CONCEPT_NOT_FIT_VALIDATED
DUC-B-00642,p6-4x2,Yellow,#F4EE2A,10,634,27.0,-15.0,36.0,0,CONCEPT_NOT_FIT_VALIDATED
DUC-B-00643,p6-4x2,Yellow,#F4EE2A,10,635,27.0,-3.0,36.0,0,CONCEPT_NOT_FIT_VALIDATED
DUC-B-00644,p6-4x2,Yellow,#F4EE2A,10,636,27.0,9.0,36.0,0,CONCEPT_NOT_FIT_VALIDATED
DUC-B-00645,p6-4x2,Yellow,#F4EE2A,10,637,27.0,21.0,36.0,0,CONCEPT_NOT_FIT_VALIDATED
DUC-B-00646,p6-4x2,Yellow,#F4EE2A,10,638,27.0,33.0,36.0,0,CONCEPT_NOT_FIT_VALIDATED
DUC-B-00647,p6-4x2,Yellow,#F4EE2A,10,639,27.0,45.0,36.0,0,CONCEPT_NOT_FIT_VALIDATED
DUC-B-00648,p6-4x2,Yellow,#F4EE2A,10,640,27.0,57.0,36.0,0,CONCEPT_NOT_FIT_VALIDATED
DUC-B-00649,p6-4x2,Yellow,#F4EE2A,10,641,27.0,69.0,36.0,0,CONCEPT_NOT_FIT_VALIDATED
DUC-B-00585,p6-2x1,Yellow,#F4EE2A,9,642,27.0,72.0,32.4,0,CONCEPT_NOT_FIT_VALIDATED
DUC-B-00492,p6-1x1,Yellow,#F4EE2A,8,643,24.0,72.0,28.8,0,CONCEPT_NOT_FIT_VALIDATED
DUC-B-00650,p6-2x1,Yellow,#F4EE2A,10,644,21.0,78.0,36.0,0,CONCEPT_NOT_FIT_VALIDATED
DUC-B-00651,p6-1x1,Yellow,#F4EE2A,10,645,36.0,-60.0,36.0,0,CONCEPT_NOT_FIT_VALIDATED
DUC-B-00652,p6-2x1,Yellow,#F4EE2A,10,646,42.0,-51.0,36.0,90,CONCEPT_NOT_FIT_VALIDATED
DUC-B-00653,p6-3x2,Yellow,#F4EE2A,10,647,48.0,-39.0,36.0,0,CONCEPT_NOT_FIT_VALIDATED
DUC-B-00654,p6-4x2,Yellow,#F4EE2A,10,648,51.0,-27.0,36.0,0,CONCEPT_NOT_FIT_VALIDATED
DUC-B-00529,p6-1x1,Yellow,#F4EE2A,9,649,60.0,-30.0,32.4,0,CONCEPT_NOT_FIT_VALIDATED
DUC-B-00505,p6-1x1,Yellow,#F4EE2A,8,650,60.0,-30.0,28.8,0,CONCEPT_NOT_FIT_VALIDATED
DUC-B-00655,p6-4x2,Yellow,#F4EE2A,10,651,51.0,-15.0,36.0,0,CONCEPT_NOT_FIT_VALIDATED
DUC-B-00656,p6-4x2,Yellow,#F4EE2A,10,652,51.0,-3.0,36.0,0,CONCEPT_NOT_FIT_VALIDATED
DUC-B-00657,p6-4x2,Yellow,#F4EE2A,10,653,51.0,9.0,36.0,0,CONCEPT_NOT_FIT_VALIDATED
DUC-B-00658,p6-4x2,Yellow,#F4EE2A,10,654,51.0,21.0,36.0,0,CONCEPT_NOT_FIT_VALIDATED
DUC-B-00659,p6-4x2,Yellow,#F4EE2A,10,655,51.0,33.0,36.0,0,CONCEPT_NOT_FIT_VALIDATED
DUC-B-00660,p6-3x2,Yellow,#F4EE2A,10,656,48.0,45.0,36.0,0,CONCEPT_NOT_FIT_VALIDATED
DUC-B-00661,p6-2x2,Yellow,#F4EE2A,10,657,45.0,57.0,36.0,0,CONCEPT_NOT_FIT_VALIDATED
DUC-B-00663,p6-1x1,Yellow,#F4EE2A,10,658,48.0,-48.0,36.0,0,CONCEPT_NOT_FIT_VALIDATED
DUC-B-00665,p6-1x1,Yellow,#F4EE2A,10,659,60.0,42.0,36.0,0,CONCEPT_NOT_FIT_VALIDATED
DUC-B-00666,p6-2x1,Yellow,#F4EE2A,10,660,66.0,-15.0,36.0,90,CONCEPT_NOT_FIT_VALIDATED
DUC-B-00667,p6-2x1,Yellow,#F4EE2A,10,661,66.0,-3.0,36.0,90,CONCEPT_NOT_FIT_VALIDATED
DUC-B-00668,p6-2x1,Yellow,#F4EE2A,10,662,66.0,9.0,36.0,90,CONCEPT_NOT_FIT_VALIDATED
DUC-B-00669,p6-2x1,Yellow,#F4EE2A,10,663,66.0,21.0,36.0,90,CONCEPT_NOT_FIT_VALIDATED
DUC-B-00567,p6-1x1,Yellow,#F4EE2A,9,664,66.0,24.0,32.4,0,CONCEPT_NOT_FIT_VALIDATED
DUC-B-00506,p6-1x1,Yellow,#F4EE2A,8,665,66.0,24.0,28.8,0,CONCEPT_NOT_FIT_VALIDATED
DUC-B-00671,p6-3x1,Yellow,#F4EE2A,11,666,-12.0,-66.0,39.6,90,CONCEPT_NOT_FIT_VALIDATED
DUC-B-00672,p6-3x2,Yellow,#F4EE2A,11,667,-3.0,-66.0,39.6,90,CONCEPT_NOT_FIT_VALIDATED
DUC-B-00623,p6-3x1,Yellow,#F4EE2A,10,668,0.0,-72.0,36.0,0,CONCEPT_NOT_FIT_VALIDATED
DUC-B-00673,p6-3x2,Yellow,#F4EE2A,11,669,9.0,-66.0,39.6,90,CONCEPT_NOT_FIT_VALIDATED
DUC-B-00674,p6-2x2,Yellow,#F4EE2A,11,670,-27.0,-63.0,39.6,0,CONCEPT_NOT_FIT_VALIDATED
DUC-B-00675,p6-2x1,Yellow,#F4EE2A,11,671,-18.0,-63.0,39.6,90,CONCEPT_NOT_FIT_VALIDATED
DUC-B-00676,p6-2x2,Yellow,#F4EE2A,11,672,21.0,-63.0,39.6,0,CONCEPT_NOT_FIT_VALIDATED
DUC-B-00677,p6-2x1,Yellow,#F4EE2A,11,673,30.0,-63.0,39.6,90,CONCEPT_NOT_FIT_VALIDATED
DUC-B-00678,p6-2x1,Yellow,#F4EE2A,11,674,-39.0,-60.0,39.6,0,CONCEPT_NOT_FIT_VALIDATED
DUC-B-00679,p6-1x1,Yellow,#F4EE2A,11,675,36.0,-60.0,39.6,0,CONCEPT_NOT_FIT_VALIDATED
DUC-B-00681,p6-4x1,Yellow,#F4EE2A,11,676,-48.0,-45.0,39.6,90,CONCEPT_NOT_FIT_VALIDATED
DUC-B-00682,p6-4x2,Yellow,#F4EE2A,11,677,-39.0,-45.0,39.6,90,CONCEPT_NOT_FIT_VALIDATED
DUC-B-00683,p6-4x2,Yellow,#F4EE2A,11,678,-27.0,-45.0,39.6,90,CONCEPT_NOT_FIT_VALIDATED
DUC-B-00684,p6-4x2,Yellow,#F4EE2A,11,679,-15.0,-45.0,39.6,90,CONCEPT_NOT_FIT_VALIDATED
DUC-B-00685,p6-4x2,Yellow,#F4EE2A,11,680,-3.0,-45.0,39.6,90,CONCEPT_NOT_FIT_VALIDATED
DUC-B-00686,p6-4x2,Yellow,#F4EE2A,11,681,9.0,-45.0,39.6,90,CONCEPT_NOT_FIT_VALIDATED
DUC-B-00687,p6-4x2,Yellow,#F4EE2A,11,682,21.0,-45.0,39.6,90,CONCEPT_NOT_FIT_VALIDATED
DUC-B-00688,p6-4x2,Yellow,#F4EE2A,11,683,33.0,-45.0,39.6,90,CONCEPT_NOT_FIT_VALIDATED
DUC-B-00689,p6-4x2,Yellow,#F4EE2A,11,684,45.0,-45.0,39.6,90,CONCEPT_NOT_FIT_VALIDATED
DUC-B-00690,p6-3x1,Yellow,#F4EE2A,11,685,-54.0,-42.0,39.6,90,CONCEPT_NOT_FIT_VALIDATED
DUC-B-00691,p6-2x1,Yellow,#F4EE2A,11,686,54.0,-39.0,39.6,90,CONCEPT_NOT_FIT_VALIDATED
DUC-B-00694,p6-4x1,Yellow,#F4EE2A,11,687,-60.0,-21.0,39.6,90,CONCEPT_NOT_FIT_VALIDATED
DUC-B-00695,p6-4x2,Yellow,#F4EE2A,11,688,-51.0,-21.0,39.6,90,CONCEPT_NOT_FIT_VALIDATED
DUC-B-00696,p6-4x2,Yellow,#F4EE2A,11,689,-39.0,-21.0,39.6,90,CONCEPT_NOT_FIT_VALIDATED
DUC-B-00697,p6-4x2,Yellow,#F4EE2A,11,690,-27.0,-21.0,39.6,90,CONCEPT_NOT_FIT_VALIDATED
DUC-B-00698,p6-4x2,Yellow,#F4EE2A,11,691,-15.0,-21.0,39.6,90,CONCEPT_NOT_FIT_VALIDATED
DUC-B-00699,p6-4x2,Yellow,#F4EE2A,11,692,-3.0,-21.0,39.6,90,CONCEPT_NOT_FIT_VALIDATED
DUC-B-00700,p6-4x2,Yellow,#F4EE2A,11,693,9.0,-21.0,39.6,90,CONCEPT_NOT_FIT_VALIDATED
DUC-B-00701,p6-4x2,Yellow,#F4EE2A,11,694,21.0,-21.0,39.6,90,CONCEPT_NOT_FIT_VALIDATED
DUC-B-00702,p6-4x2,Yellow,#F4EE2A,11,695,33.0,-21.0,39.6,90,CONCEPT_NOT_FIT_VALIDATED
DUC-B-00703,p6-4x2,Yellow,#F4EE2A,11,696,45.0,-21.0,39.6,90,CONCEPT_NOT_FIT_VALIDATED
DUC-B-00704,p6-4x2,Yellow,#F4EE2A,11,697,57.0,-21.0,39.6,90,CONCEPT_NOT_FIT_VALIDATED
DUC-B-00705,p6-3x1,Yellow,#F4EE2A,11,698,-66.0,-18.0,39.6,90,CONCEPT_NOT_FIT_VALIDATED
DUC-B-00706,p6-3x1,Yellow,#F4EE2A,11,699,66.0,-18.0,39.6,90,CONCEPT_NOT_FIT_VALIDATED
DUC-B-00707,p6-4x2,Yellow,#F4EE2A,11,700,-63.0,3.0,39.6,90,CONCEPT_NOT_FIT_VALIDATED
DUC-B-00708,p6-4x2,Yellow,#F4EE2A,11,701,-51.0,3.0,39.6,90,CONCEPT_NOT_FIT_VALIDATED
DUC-B-00709,p6-4x2,Yellow,#F4EE2A,11,702,-39.0,3.0,39.6,90,CONCEPT_NOT_FIT_VALIDATED
DUC-B-00710,p6-4x2,Yellow,#F4EE2A,11,703,-27.0,3.0,39.6,90,CONCEPT_NOT_FIT_VALIDATED
DUC-B-00711,p6-4x2,Yellow,#F4EE2A,11,704,-15.0,3.0,39.6,90,CONCEPT_NOT_FIT_VALIDATED
DUC-B-00712,p6-4x2,Yellow,#F4EE2A,11,705,-3.0,3.0,39.6,90,CONCEPT_NOT_FIT_VALIDATED
DUC-B-00713,p6-4x2,Yellow,#F4EE2A,11,706,9.0,3.0,39.6,90,CONCEPT_NOT_FIT_VALIDATED
DUC-B-00714,p6-4x2,Yellow,#F4EE2A,11,707,21.0,3.0,39.6,90,CONCEPT_NOT_FIT_VALIDATED
DUC-B-00715,p6-4x2,Yellow,#F4EE2A,11,708,33.0,3.0,39.6,90,CONCEPT_NOT_FIT_VALIDATED
DUC-B-00716,p6-4x2,Yellow,#F4EE2A,11,709,45.0,3.0,39.6,90,CONCEPT_NOT_FIT_VALIDATED
DUC-B-00717,p6-4x2,Yellow,#F4EE2A,11,710,57.0,3.0,39.6,90,CONCEPT_NOT_FIT_VALIDATED
DUC-B-00718,p6-4x1,Yellow,#F4EE2A,11,711,66.0,3.0,39.6,90,CONCEPT_NOT_FIT_VALIDATED
DUC-B-00719,p6-3x2,Yellow,#F4EE2A,11,712,-63.0,24.0,39.6,90,CONCEPT_NOT_FIT_VALIDATED
DUC-B-00720,p6-4x2,Yellow,#F4EE2A,11,713,-51.0,27.0,39.6,90,CONCEPT_NOT_FIT_VALIDATED
DUC-B-00721,p6-4x2,Yellow,#F4EE2A,11,714,-39.0,27.0,39.6,90,CONCEPT_NOT_FIT_VALIDATED
DUC-B-00722,p6-4x2,Yellow,#F4EE2A,11,715,-27.0,27.0,39.6,90,CONCEPT_NOT_FIT_VALIDATED
DUC-B-00723,p6-4x2,Yellow,#F4EE2A,11,716,-15.0,27.0,39.6,90,CONCEPT_NOT_FIT_VALIDATED
DUC-B-00724,p6-4x2,Yellow,#F4EE2A,11,717,-3.0,27.0,39.6,90,CONCEPT_NOT_FIT_VALIDATED
DUC-B-00725,p6-4x2,Yellow,#F4EE2A,11,718,9.0,27.0,39.6,90,CONCEPT_NOT_FIT_VALIDATED
DUC-B-00726,p6-4x2,Yellow,#F4EE2A,11,719,21.0,27.0,39.6,90,CONCEPT_NOT_FIT_VALIDATED
DUC-B-00727,p6-4x2,Yellow,#F4EE2A,11,720,33.0,27.0,39.6,90,CONCEPT_NOT_FIT_VALIDATED
DUC-B-00728,p6-4x2,Yellow,#F4EE2A,11,721,45.0,27.0,39.6,90,CONCEPT_NOT_FIT_VALIDATED
DUC-B-00729,p6-4x2,Yellow,#F4EE2A,11,722,57.0,27.0,39.6,90,CONCEPT_NOT_FIT_VALIDATED
DUC-B-00730,p6-3x1,Yellow,#F4EE2A,11,723,66.0,24.0,39.6,90,CONCEPT_NOT_FIT_VALIDATED
DUC-B-00670,p6-1x1,Yellow,#F4EE2A,10,724,66.0,30.0,36.0,0,CONCEPT_NOT_FIT_VALIDATED
DUC-B-00731,p6-1x1,Yellow,#F4EE2A,11,725,-60.0,36.0,39.6,0,CONCEPT_NOT_FIT_VALIDATED
DUC-B-00732,p6-2x1,Yellow,#F4EE2A,11,726,-60.0,45.0,39.6,90,CONCEPT_NOT_FIT_VALIDATED
DUC-B-00733,p6-3x2,Yellow,#F4EE2A,11,727,-51.0,48.0,39.6,90,CONCEPT_NOT_FIT_VALIDATED
DUC-B-00734,p6-4x2,Yellow,#F4EE2A,11,728,-39.0,51.0,39.6,90,CONCEPT_NOT_FIT_VALIDATED
DUC-B-00735,p6-4x2,Yellow,#F4EE2A,11,729,-27.0,51.0,39.6,90,CONCEPT_NOT_FIT_VALIDATED
DUC-B-00736,p6-4x2,Yellow,#F4EE2A,11,730,-15.0,51.0,39.6,90,CONCEPT_NOT_FIT_VALIDATED
DUC-B-00737,p6-4x2,Yellow,#F4EE2A,11,731,-3.0,51.0,39.6,90,CONCEPT_NOT_FIT_VALIDATED
DUC-B-00738,p6-4x2,Yellow,#F4EE2A,11,732,9.0,51.0,39.6,90,CONCEPT_NOT_FIT_VALIDATED
DUC-B-00739,p6-4x2,Yellow,#F4EE2A,11,733,21.0,51.0,39.6,90,CONCEPT_NOT_FIT_VALIDATED
DUC-B-00740,p6-4x2,Yellow,#F4EE2A,11,734,33.0,51.0,39.6,90,CONCEPT_NOT_FIT_VALIDATED
DUC-B-00741,p6-4x2,Yellow,#F4EE2A,11,735,45.0,51.0,39.6,90,CONCEPT_NOT_FIT_VALIDATED
DUC-B-00742,p6-2x2,Yellow,#F4EE2A,11,736,57.0,45.0,39.6,0,CONCEPT_NOT_FIT_VALIDATED
DUC-B-00744,p6-1x1,Yellow,#F4EE2A,11,737,-48.0,60.0,39.6,0,CONCEPT_NOT_FIT_VALIDATED
DUC-B-00745,p6-2x1,Yellow,#F4EE2A,11,738,-39.0,66.0,39.6,0,CONCEPT_NOT_FIT_VALIDATED
DUC-B-00746,p6-3x2,Yellow,#F4EE2A,11,739,-27.0,72.0,39.6,90,CONCEPT_NOT_FIT_VALIDATED
DUC-B-00747,p6-4x2,Yellow,#F4EE2A,11,740,-15.0,75.0,39.6,90,CONCEPT_NOT_FIT_VALIDATED
DUC-B-00748,p6-4x2,Yellow,#F4EE2A,11,741,-3.0,75.0,39.6,90,CONCEPT_NOT_FIT_VALIDATED
DUC-B-00749,p6-4x2,Yellow,#F4EE2A,11,742,9.0,75.0,39.6,90,CONCEPT_NOT_FIT_VALIDATED
DUC-B-00750,p6-3x2,Yellow,#F4EE2A,11,743,21.0,72.0,39.6,90,CONCEPT_NOT_FIT_VALIDATED
DUC-B-00751,p6-2x2,Yellow,#F4EE2A,11,744,33.0,69.0,39.6,0,CONCEPT_NOT_FIT_VALIDATED
DUC-B-00756,p6-2x1,Yellow,#F4EE2A,12,745,-66.0,-21.0,43.2,90,CONCEPT_NOT_FIT_VALIDATED
DUC-B-00757,p6-2x1,Yellow,#F4EE2A,12,746,-66.0,-9.0,43.2,90,CONCEPT_NOT_FIT_VALIDATED
DUC-B-00758,p6-2x1,Yellow,#F4EE2A,12,747,-66.0,3.0,43.2,90,CONCEPT_NOT_FIT_VALIDATED
DUC-B-00759,p6-2x1,Yellow,#F4EE2A,12,748,-66.0,15.0,43.2,90,CONCEPT_NOT_FIT_VALIDATED
DUC-B-00760,p6-2x1,Yellow,#F4EE2A,12,749,-66.0,27.0,43.2,90,CONCEPT_NOT_FIT_VALIDATED
DUC-B-00762,p6-4x2,Yellow,#F4EE2A,12,750,-51.0,-33.0,43.2,0,CONCEPT_NOT_FIT_VALIDATED
DUC-B-00692,p6-1x1,Yellow,#F4EE2A,11,751,-60.0,-36.0,39.6,0,CONCEPT_NOT_FIT_VALIDATED
DUC-B-00763,p6-4x2,Yellow,#F4EE2A,12,752,-51.0,-21.0,43.2,0,CONCEPT_NOT_FIT_VALIDATED
DUC-B-00764,p6-4x2,Yellow,#F4EE2A,12,753,-51.0,-9.0,43.2,0,CONCEPT_NOT_FIT_VALIDATED
DUC-B-00765,p6-4x2,Yellow,#F4EE2A,12,754,-51.0,3.0,43.2,0,CONCEPT_NOT_FIT_VALIDATED
DUC-B-00766,p6-4x2,Yellow,#F4EE2A,12,755,-51.0,15.0,43.2,0,CONCEPT_NOT_FIT_VALIDATED
DUC-B-00767,p6-4x2,Yellow,#F4EE2A,12,756,-51.0,27.0,43.2,0,CONCEPT_NOT_FIT_VALIDATED
DUC-B-00768,p6-4x2,Yellow,#F4EE2A,12,757,-51.0,39.0,43.2,0,CONCEPT_NOT_FIT_VALIDATED
DUC-B-00769,p6-4x1,Yellow,#F4EE2A,12,758,-51.0,48.0,43.2,0,CONCEPT_NOT_FIT_VALIDATED
DUC-B-00770,p6-3x2,Yellow,#F4EE2A,12,759,-48.0,-45.0,43.2,0,CONCEPT_NOT_FIT_VALIDATED
DUC-B-00771,p6-3x1,Yellow,#F4EE2A,12,760,-48.0,54.0,43.2,0,CONCEPT_NOT_FIT_VALIDATED
DUC-B-00772,p6-2x1,Yellow,#F4EE2A,12,761,-45.0,-54.0,43.2,0,CONCEPT_NOT_FIT_VALIDATED
DUC-B-00773,p6-2x2,Yellow,#F4EE2A,12,762,-45.0,63.0,43.2,0,CONCEPT_NOT_FIT_VALIDATED
DUC-B-00774,p6-1x1,Yellow,#F4EE2A,12,763,-42.0,-60.0,43.2,0,CONCEPT_NOT_FIT_VALIDATED
DUC-B-00776,p6-4x2,Yellow,#F4EE2A,12,764,-27.0,-57.0,43.2,0,CONCEPT_NOT_FIT_VALIDATED
DUC-B-00777,p6-4x2,Yellow,#F4EE2A,12,765,-27.0,-45.0,43.2,0,CONCEPT_NOT_FIT_VALIDATED
DUC-B-00778,p6-4x2,Yellow,#F4EE2A,12,766,-27.0,-33.0,43.2,0,CONCEPT_NOT_FIT_VALIDATED
DUC-B-00779,p6-4x2,Yellow,#F4EE2A,12,767,-27.0,-21.0,43.2,0,CONCEPT_NOT_FIT_VALIDATED
DUC-B-00780,p6-4x2,Yellow,#F4EE2A,12,768,-27.0,-9.0,43.2,0,CONCEPT_NOT_FIT_VALIDATED
DUC-B-00781,p6-4x2,Yellow,#F4EE2A,12,769,-27.0,3.0,43.2,0,CONCEPT_NOT_FIT_VALIDATED
DUC-B-00782,p6-4x2,Yellow,#F4EE2A,12,770,-27.0,15.0,43.2,0,CONCEPT_NOT_FIT_VALIDATED
DUC-B-00783,p6-4x2,Yellow,#F4EE2A,12,771,-27.0,27.0,43.2,0,CONCEPT_NOT_FIT_VALIDATED
DUC-B-00784,p6-4x2,Yellow,#F4EE2A,12,772,-27.0,39.0,43.2,0,CONCEPT_NOT_FIT_VALIDATED
DUC-B-00785,p6-4x2,Yellow,#F4EE2A,12,773,-27.0,51.0,43.2,0,CONCEPT_NOT_FIT_VALIDATED
DUC-B-00786,p6-4x2,Yellow,#F4EE2A,12,774,-27.0,63.0,43.2,0,CONCEPT_NOT_FIT_VALIDATED
DUC-B-00787,p6-4x1,Yellow,#F4EE2A,12,775,-27.0,72.0,43.2,0,CONCEPT_NOT_FIT_VALIDATED
DUC-B-00753,p6-1x1,Yellow,#F4EE2A,11,776,-36.0,72.0,39.6,0,CONCEPT_NOT_FIT_VALIDATED
DUC-B-00609,p6-1x1,Yellow,#F4EE2A,10,777,-36.0,72.0,36.0,0,CONCEPT_NOT_FIT_VALIDATED
DUC-B-00788,p6-3x1,Yellow,#F4EE2A,12,778,-24.0,-66.0,43.2,0,CONCEPT_NOT_FIT_VALIDATED
DUC-B-00789,p6-3x1,Yellow,#F4EE2A,12,779,-24.0,78.0,43.2,0,CONCEPT_NOT_FIT_VALIDATED
DUC-B-00791,p6-1x1,Yellow,#F4EE2A,12,780,-18.0,84.0,43.2,0,CONCEPT_NOT_FIT_VALIDATED
DUC-B-00792,p6-4x2,Yellow,#F4EE2A,12,781,-3.0,-69.0,43.2,0,CONCEPT_NOT_FIT_VALIDATED
DUC-B-00793,p6-4x2,Yellow,#F4EE2A,12,782,-3.0,-57.0,43.2,0,CONCEPT_NOT_FIT_VALIDATED
DUC-B-00794,p6-4x2,Yellow,#F4EE2A,12,783,-3.0,-45.0,43.2,0,CONCEPT_NOT_FIT_VALIDATED
DUC-B-00795,p6-4x2,Yellow,#F4EE2A,12,784,-3.0,-33.0,43.2,0,CONCEPT_NOT_FIT_VALIDATED
DUC-B-00796,p6-4x2,Yellow,#F4EE2A,12,785,-3.0,-21.0,43.2,0,CONCEPT_NOT_FIT_VALIDATED
DUC-B-00797,p6-4x2,Yellow,#F4EE2A,12,786,-3.0,-9.0,43.2,0,CONCEPT_NOT_FIT_VALIDATED
DUC-B-00798,p6-4x2,Yellow,#F4EE2A,12,787,-3.0,3.0,43.2,0,CONCEPT_NOT_FIT_VALIDATED
DUC-B-00799,p6-4x2,Yellow,#F4EE2A,12,788,-3.0,15.0,43.2,0,CONCEPT_NOT_FIT_VALIDATED
DUC-B-00800,p6-4x2,Yellow,#F4EE2A,12,789,-3.0,27.0,43.2,0,CONCEPT_NOT_FIT_VALIDATED
DUC-B-00801,p6-4x2,Yellow,#F4EE2A,12,790,-3.0,39.0,43.2,0,CONCEPT_NOT_FIT_VALIDATED
DUC-B-00802,p6-4x2,Yellow,#F4EE2A,12,791,-3.0,51.0,43.2,0,CONCEPT_NOT_FIT_VALIDATED
DUC-B-00803,p6-4x2,Yellow,#F4EE2A,12,792,-3.0,63.0,43.2,0,CONCEPT_NOT_FIT_VALIDATED
DUC-B-00804,p6-4x2,Yellow,#F4EE2A,12,793,-3.0,75.0,43.2,0,CONCEPT_NOT_FIT_VALIDATED
DUC-B-00805,p6-4x1,Yellow,#F4EE2A,12,794,-3.0,84.0,43.2,0,CONCEPT_NOT_FIT_VALIDATED
DUC-B-00806,p6-2x1,Yellow,#F4EE2A,12,795,12.0,-69.0,43.2,90,CONCEPT_NOT_FIT_VALIDATED
DUC-B-00807,p6-4x2,Yellow,#F4EE2A,12,796,21.0,-57.0,43.2,0,CONCEPT_NOT_FIT_VALIDATED
DUC-B-00808,p6-4x2,Yellow,#F4EE2A,12,797,21.0,-45.0,43.2,0,CONCEPT_NOT_FIT_VALIDATED
DUC-B-00809,p6-4x2,Yellow,#F4EE2A,12,798,21.0,-33.0,43.2,0,CONCEPT_NOT_FIT_VALIDATED
DUC-B-00810,p6-4x2,Yellow,#F4EE2A,12,799,21.0,-21.0,43.2,0,CONCEPT_NOT_FIT_VALIDATED
DUC-B-00811,p6-4x2,Yellow,#F4EE2A,12,800,21.0,-9.0,43.2,0,CONCEPT_NOT_FIT_VALIDATED
DUC-B-00812,p6-4x2,Yellow,#F4EE2A,12,801,21.0,3.0,43.2,0,CONCEPT_NOT_FIT_VALIDATED
DUC-B-00813,p6-4x2,Yellow,#F4EE2A,12,802,21.0,15.0,43.2,0,CONCEPT_NOT_FIT_VALIDATED
DUC-B-00814,p6-4x2,Yellow,#F4EE2A,12,803,21.0,27.0,43.2,0,CONCEPT_NOT_FIT_VALIDATED
DUC-B-00815,p6-4x2,Yellow,#F4EE2A,12,804,21.0,39.0,43.2,0,CONCEPT_NOT_FIT_VALIDATED
DUC-B-00816,p6-4x2,Yellow,#F4EE2A,12,805,21.0,51.0,43.2,0,CONCEPT_NOT_FIT_VALIDATED
DUC-B-00817,p6-4x2,Yellow,#F4EE2A,12,806,21.0,63.0,43.2,0,CONCEPT_NOT_FIT_VALIDATED
DUC-B-00818,p6-4x2,Yellow,#F4EE2A,12,807,21.0,75.0,43.2,0,CONCEPT_NOT_FIT_VALIDATED
DUC-B-00754,p6-1x1,Yellow,#F4EE2A,11,808,30.0,78.0,39.6,0,CONCEPT_NOT_FIT_VALIDATED
DUC-B-00819,p6-2x1,Yellow,#F4EE2A,12,809,15.0,84.0,43.2,0,CONCEPT_NOT_FIT_VALIDATED
DUC-B-00755,p6-1x1,Yellow,#F4EE2A,11,810,18.0,84.0,39.6,0,CONCEPT_NOT_FIT_VALIDATED
DUC-B-00820,p6-3x1,Yellow,#F4EE2A,12,811,24.0,-66.0,43.2,0,CONCEPT_NOT_FIT_VALIDATED
DUC-B-00821,p6-2x2,Yellow,#F4EE2A,12,812,39.0,-57.0,43.2,0,CONCEPT_NOT_FIT_VALIDATED
DUC-B-00680,p6-1x1,Yellow,#F4EE2A,11,813,42.0,-60.0,39.6,0,CONCEPT_NOT_FIT_VALIDATED
DUC-B-00822,p6-4x2,Yellow,#F4EE2A,12,814,45.0,-45.0,43.2,0,CONCEPT_NOT_FIT_VALIDATED
DUC-B-00823,p6-4x2,Yellow,#F4EE2A,12,815,45.0,-33.0,43.2,0,CONCEPT_NOT_FIT_VALIDATED
DUC-B-00824,p6-4x2,Yellow,#F4EE2A,12,816,45.0,-21.0,43.2,0,CONCEPT_NOT_FIT_VALIDATED
DUC-B-00825,p6-4x2,Yellow,#F4EE2A,12,817,45.0,-9.0,43.2,0,CONCEPT_NOT_FIT_VALIDATED
DUC-B-00826,p6-4x2,Yellow,#F4EE2A,12,818,45.0,3.0,43.2,0,CONCEPT_NOT_FIT_VALIDATED
DUC-B-00827,p6-4x2,Yellow,#F4EE2A,12,819,45.0,15.0,43.2,0,CONCEPT_NOT_FIT_VALIDATED
DUC-B-00828,p6-4x2,Yellow,#F4EE2A,12,820,45.0,27.0,43.2,0,CONCEPT_NOT_FIT_VALIDATED
DUC-B-00829,p6-4x2,Yellow,#F4EE2A,12,821,45.0,39.0,43.2,0,CONCEPT_NOT_FIT_VALIDATED
DUC-B-00830,p6-4x2,Yellow,#F4EE2A,12,822,45.0,51.0,43.2,0,CONCEPT_NOT_FIT_VALIDATED
DUC-B-00743,p6-1x1,Yellow,#F4EE2A,11,823,54.0,54.0,39.6,0,CONCEPT_NOT_FIT_VALIDATED
DUC-B-00664,p6-1x1,Yellow,#F4EE2A,10,824,54.0,54.0,36.0,0,CONCEPT_NOT_FIT_VALIDATED
DUC-B-00831,p6-3x2,Yellow,#F4EE2A,12,825,42.0,63.0,43.2,0,CONCEPT_NOT_FIT_VALIDATED
DUC-B-00752,p6-1x1,Yellow,#F4EE2A,11,826,42.0,66.0,39.6,0,CONCEPT_NOT_FIT_VALIDATED
DUC-B-00662,p6-1x1,Yellow,#F4EE2A,10,827,42.0,66.0,36.0,0,CONCEPT_NOT_FIT_VALIDATED
DUC-B-00832,p6-2x1,Yellow,#F4EE2A,12,828,39.0,72.0,43.2,0,CONCEPT_NOT_FIT_VALIDATED
DUC-B-00833,p6-1x1,Yellow,#F4EE2A,12,829,48.0,-54.0,43.2,0,CONCEPT_NOT_FIT_VALIDATED
DUC-B-00834,p6-2x1,Yellow,#F4EE2A,12,830,60.0,-33.0,43.2,90,CONCEPT_NOT_FIT_VALIDATED
DUC-B-00693,p6-1x1,Yellow,#F4EE2A,11,831,60.0,-36.0,39.6,0,CONCEPT_NOT_FIT_VALIDATED
DUC-B-00835,p6-2x2,Yellow,#F4EE2A,12,832,63.0,-21.0,43.2,0,CONCEPT_NOT_FIT_VALIDATED
DUC-B-00836,p6-2x2,Yellow,#F4EE2A,12,833,63.0,-9.0,43.2,0,CONCEPT_NOT_FIT_VALIDATED
DUC-B-00837,p6-2x2,Yellow,#F4EE2A,12,834,63.0,3.0,43.2,0,CONCEPT_NOT_FIT_VALIDATED
DUC-B-00838,p6-2x2,Yellow,#F4EE2A,12,835,63.0,15.0,43.2,0,CONCEPT_NOT_FIT_VALIDATED
DUC-B-00839,p6-2x2,Yellow,#F4EE2A,12,836,63.0,27.0,43.2,0,CONCEPT_NOT_FIT_VALIDATED
DUC-B-00840,p6-2x1,Yellow,#F4EE2A,12,837,60.0,39.0,43.2,90,CONCEPT_NOT_FIT_VALIDATED
DUC-B-00841,p6-1x1,Yellow,#F4EE2A,12,838,60.0,48.0,43.2,0,CONCEPT_NOT_FIT_VALIDATED
DUC-B-00843,p6-2x1,Yellow,#F4EE2A,13,839,-18.0,-69.0,46.8,90,CONCEPT_NOT_FIT_VALIDATED
DUC-B-00790,p6-1x1,Yellow,#F4EE2A,12,840,-18.0,-72.0,43.2,0,CONCEPT_NOT_FIT_VALIDATED
DUC-B-00844,p6-2x2,Yellow,#F4EE2A,13,841,-9.0,-69.0,46.8,0,CONCEPT_NOT_FIT_VALIDATED
DUC-B-00845,p6-2x2,Yellow,#F4EE2A,13,842,3.0,-69.0,46.8,0,CONCEPT_NOT_FIT_VALIDATED
DUC-B-00846,p6-2x2,Yellow,#F4EE2A,13,843,15.0,-69.0,46.8,0,CONCEPT_NOT_FIT_VALIDATED
DUC-B-00847,p6-1x1,Yellow,#F4EE2A,13,844,-30.0,-66.0,46.8,0,CONCEPT_NOT_FIT_VALIDATED
DUC-B-00848,p6-1x1,Yellow,#F4EE2A,13,845,-24.0,-66.0,46.8,0,CONCEPT_NOT_FIT_VALIDATED
DUC-B-00849,p6-2x1,Yellow,#F4EE2A,13,846,27.0,-66.0,46.8,0,CONCEPT_NOT_FIT_VALIDATED
DUC-B-00850,p6-4x1,Yellow,#F4EE2A,13,847,-42.0,-51.0,46.8,90,CONCEPT_NOT_FIT_VALIDATED
DUC-B-00851,p6-4x2,Yellow,#F4EE2A,13,848,-33.0,-51.0,46.8,90,CONCEPT_NOT_FIT_VALIDATED
DUC-B-00852,p6-4x2,Yellow,#F4EE2A,13,849,-21.0,-51.0,46.8,90,CONCEPT_NOT_FIT_VALIDATED
DUC-B-00853,p6-4x2,Yellow,#F4EE2A,13,850,-9.0,-51.0,46.8,90,CONCEPT_NOT_FIT_VALIDATED
DUC-B-00854,p6-4x2,Yellow,#F4EE2A,13,851,3.0,-51.0,46.8,90,CONCEPT_NOT_FIT_VALIDATED
DUC-B-00855,p6-4x2,Yellow,#F4EE2A,13,852,15.0,-51.0,46.8,90,CONCEPT_NOT_FIT_VALIDATED
DUC-B-00856,p6-4x2,Yellow,#F4EE2A,13,853,27.0,-51.0,46.8,90,CONCEPT_NOT_FIT_VALIDATED
DUC-B-00857,p6-4x2,Yellow,#F4EE2A,13,854,39.0,-51.0,46.8,90,CONCEPT_NOT_FIT_VALIDATED
DUC-B-00858,p6-3x1,Yellow,#F4EE2A,13,855,-48.0,-48.0,46.8,90,CONCEPT_NOT_FIT_VALIDATED
DUC-B-00859,p6-3x1,Yellow,#F4EE2A,13,856,48.0,-48.0,46.8,90,CONCEPT_NOT_FIT_VALIDATED
DUC-B-00860,p6-2x1,Yellow,#F4EE2A,13,857,-54.0,-45.0,46.8,90,CONCEPT_NOT_FIT_VALIDATED
DUC-B-00861,p6-2x1,Yellow,#F4EE2A,13,858,54.0,-45.0,46.8,90,CONCEPT_NOT_FIT_VALIDATED
DUC-B-00862,p6-4x2,Yellow,#F4EE2A,13,859,-57.0,-27.0,46.8,90,CONCEPT_NOT_FIT_VALIDATED
DUC-B-00863,p6-4x2,Yellow,#F4EE2A,13,860,-45.0,-27.0,46.8,90,CONCEPT_NOT_FIT_VALIDATED
DUC-B-00864,p6-4x2,Yellow,#F4EE2A,13,861,-33.0,-27.0,46.8,90,CONCEPT_NOT_FIT_VALIDATED
DUC-B-00865,p6-4x2,Yellow,#F4EE2A,13,862,-21.0,-27.0,46.8,90,CONCEPT_NOT_FIT_VALIDATED
DUC-B-00866,p6-4x2,Yellow,#F4EE2A,13,863,-9.0,-27.0,46.8,90,CONCEPT_NOT_FIT_VALIDATED
DUC-B-00867,p6-4x2,Yellow,#F4EE2A,13,864,3.0,-27.0,46.8,90,CONCEPT_NOT_FIT_VALIDATED
DUC-B-00868,p6-4x2,Yellow,#F4EE2A,13,865,15.0,-27.0,46.8,90,CONCEPT_NOT_FIT_VALIDATED
DUC-B-00869,p6-4x2,Yellow,#F4EE2A,13,866,27.0,-27.0,46.8,90,CONCEPT_NOT_FIT_VALIDATED
DUC-B-00870,p6-4x2,Yellow,#F4EE2A,13,867,39.0,-27.0,46.8,90,CONCEPT_NOT_FIT_VALIDATED
DUC-B-00871,p6-4x2,Yellow,#F4EE2A,13,868,51.0,-27.0,46.8,90,CONCEPT_NOT_FIT_VALIDATED
DUC-B-00872,p6-4x1,Yellow,#F4EE2A,13,869,60.0,-27.0,46.8,90,CONCEPT_NOT_FIT_VALIDATED
DUC-B-00873,p6-2x1,Yellow,#F4EE2A,13,870,-66.0,-21.0,46.8,90,CONCEPT_NOT_FIT_VALIDATED
DUC-B-00874,p6-2x1,Yellow,#F4EE2A,13,871,66.0,-21.0,46.8,90,CONCEPT_NOT_FIT_VALIDATED
DUC-B-00875,p6-4x1,Yellow,#F4EE2A,13,872,-66.0,-3.0,46.8,90,CONCEPT_NOT_FIT_VALIDATED
DUC-B-00876,p6-4x2,Yellow,#F4EE2A,13,873,-57.0,-3.0,46.8,90,CONCEPT_NOT_FIT_VALIDATED
DUC-B-00877,p6-4x2,Yellow,#F4EE2A,13,874,-45.0,-3.0,46.8,90,CONCEPT_NOT_FIT_VALIDATED
DUC-B-00878,p6-4x2,Yellow,#F4EE2A,13,875,-33.0,-3.0,46.8,90,CONCEPT_NOT_FIT_VALIDATED
DUC-B-00879,p6-4x2,Yellow,#F4EE2A,13,876,-21.0,-3.0,46.8,90,CONCEPT_NOT_FIT_VALIDATED
DUC-B-00880,p6-4x2,Yellow,#F4EE2A,13,877,-9.0,-3.0,46.8,90,CONCEPT_NOT_FIT_VALIDATED
DUC-B-00881,p6-4x2,Yellow,#F4EE2A,13,878,3.0,-3.0,46.8,90,CONCEPT_NOT_FIT_VALIDATED
DUC-B-00882,p6-4x2,Yellow,#F4EE2A,13,879,15.0,-3.0,46.8,90,CONCEPT_NOT_FIT_VALIDATED
DUC-B-00883,p6-4x2,Yellow,#F4EE2A,13,880,27.0,-3.0,46.8,90,CONCEPT_NOT_FIT_VALIDATED
DUC-B-00884,p6-4x2,Yellow,#F4EE2A,13,881,39.0,-3.0,46.8,90,CONCEPT_NOT_FIT_VALIDATED
DUC-B-00885,p6-4x2,Yellow,#F4EE2A,13,882,51.0,-3.0,46.8,90,CONCEPT_NOT_FIT_VALIDATED
DUC-B-00886,p6-4x2,Yellow,#F4EE2A,13,883,63.0,-3.0,46.8,90,CONCEPT_NOT_FIT_VALIDATED
DUC-B-00887,p6-4x1,Yellow,#F4EE2A,13,884,-66.0,21.0,46.8,90,CONCEPT_NOT_FIT_VALIDATED
DUC-B-00888,p6-4x2,Yellow,#F4EE2A,13,885,-57.0,21.0,46.8,90,CONCEPT_NOT_FIT_VALIDATED
DUC-B-00889,p6-4x2,Yellow,#F4EE2A,13,886,-45.0,21.0,46.8,90,CONCEPT_NOT_FIT_VALIDATED
DUC-B-00890,p6-4x2,Yellow,#F4EE2A,13,887,-33.0,21.0,46.8,90,CONCEPT_NOT_FIT_VALIDATED
DUC-B-00891,p6-4x2,Yellow,#F4EE2A,13,888,-21.0,21.0,46.8,90,CONCEPT_NOT_FIT_VALIDATED
DUC-B-00892,p6-4x2,Yellow,#F4EE2A,13,889,-9.0,21.0,46.8,90,CONCEPT_NOT_FIT_VALIDATED
DUC-B-00893,p6-4x2,Yellow,#F4EE2A,13,890,3.0,21.0,46.8,90,CONCEPT_NOT_FIT_VALIDATED
DUC-B-00894,p6-4x2,Yellow,#F4EE2A,13,891,15.0,21.0,46.8,90,CONCEPT_NOT_FIT_VALIDATED
DUC-B-00895,p6-4x2,Yellow,#F4EE2A,13,892,27.0,21.0,46.8,90,CONCEPT_NOT_FIT_VALIDATED
DUC-B-00896,p6-4x2,Yellow,#F4EE2A,13,893,39.0,21.0,46.8,90,CONCEPT_NOT_FIT_VALIDATED
DUC-B-00897,p6-4x2,Yellow,#F4EE2A,13,894,51.0,21.0,46.8,90,CONCEPT_NOT_FIT_VALIDATED
DUC-B-00898,p6-4x2,Yellow,#F4EE2A,13,895,63.0,21.0,46.8,90,CONCEPT_NOT_FIT_VALIDATED
DUC-B-00900,p6-3x2,Yellow,#F4EE2A,13,896,-57.0,42.0,46.8,90,CONCEPT_NOT_FIT_VALIDATED
DUC-B-00901,p6-4x2,Yellow,#F4EE2A,13,897,-45.0,45.0,46.8,90,CONCEPT_NOT_FIT_VALIDATED
DUC-B-00902,p6-4x2,Yellow,#F4EE2A,13,898,-33.0,45.0,46.8,90,CONCEPT_NOT_FIT_VALIDATED
DUC-B-00903,p6-4x2,Yellow,#F4EE2A,13,899,-21.0,45.0,46.8,90,CONCEPT_NOT_FIT_VALIDATED
DUC-B-00904,p6-4x2,Yellow,#F4EE2A,13,900,-9.0,45.0,46.8,90,CONCEPT_NOT_FIT_VALIDATED
DUC-B-00905,p6-4x2,Yellow,#F4EE2A,13,901,3.0,45.0,46.8,90,CONCEPT_NOT_FIT_VALIDATED
DUC-B-00906,p6-4x2,Yellow,#F4EE2A,13,902,15.0,45.0,46.8,90,CONCEPT_NOT_FIT_VALIDATED
DUC-B-00907,p6-4x2,Yellow,#F4EE2A,13,903,27.0,45.0,46.8,90,CONCEPT_NOT_FIT_VALIDATED
DUC-B-00908,p6-4x2,Yellow,#F4EE2A,13,904,39.0,45.0,46.8,90,CONCEPT_NOT_FIT_VALIDATED
DUC-B-00909,p6-4x2,Yellow,#F4EE2A,13,905,51.0,45.0,46.8,90,CONCEPT_NOT_FIT_VALIDATED
DUC-B-00910,p6-2x2,Yellow,#F4EE2A,13,906,63.0,39.0,46.8,0,CONCEPT_NOT_FIT_VALIDATED
DUC-B-00842,p6-1x1,Yellow,#F4EE2A,12,907,66.0,36.0,43.2,0,CONCEPT_NOT_FIT_VALIDATED
DUC-B-00911,p6-1x1,Yellow,#F4EE2A,13,908,60.0,48.0,46.8,0,CONCEPT_NOT_FIT_VALIDATED
DUC-B-00912,p6-1x1,Yellow,#F4EE2A,13,909,-54.0,54.0,46.8,0,CONCEPT_NOT_FIT_VALIDATED
DUC-B-00914,p6-2x2,Yellow,#F4EE2A,13,910,-45.0,63.0,46.8,0,CONCEPT_NOT_FIT_VALIDATED
DUC-B-00915,p6-4x2,Yellow,#F4EE2A,13,911,-33.0,69.0,46.8,90,CONCEPT_NOT_FIT_VALIDATED
DUC-B-00916,p6-4x2,Yellow,#F4EE2A,13,912,-21.0,69.0,46.8,90,CONCEPT_NOT_FIT_VALIDATED
DUC-B-00917,p6-4x2,Yellow,#F4EE2A,13,913,-9.0,69.0,46.8,90,CONCEPT_NOT_FIT_VALIDATED
DUC-B-00918,p6-4x2,Yellow,#F4EE2A,13,914,3.0,69.0,46.8,90,CONCEPT_NOT_FIT_VALIDATED
DUC-B-00919,p6-4x2,Yellow,#F4EE2A,13,915,15.0,69.0,46.8,90,CONCEPT_NOT_FIT_VALIDATED
DUC-B-00920,p6-4x2,Yellow,#F4EE2A,13,916,27.0,69.0,46.8,90,CONCEPT_NOT_FIT_VALIDATED
DUC-B-00921,p6-3x2,Yellow,#F4EE2A,13,917,39.0,66.0,46.8,90,CONCEPT_NOT_FIT_VALIDATED
DUC-B-00922,p6-2x1,Yellow,#F4EE2A,13,918,48.0,63.0,46.8,90,CONCEPT_NOT_FIT_VALIDATED
DUC-B-00926,p6-2x1,Yellow,#F4EE2A,13,919,-21.0,84.0,46.8,0,CONCEPT_NOT_FIT_VALIDATED
DUC-B-00927,p6-2x2,Yellow,#F4EE2A,13,920,-9.0,87.0,46.8,0,CONCEPT_NOT_FIT_VALIDATED
DUC-B-00928,p6-2x2,Yellow,#F4EE2A,13,921,3.0,87.0,46.8,0,CONCEPT_NOT_FIT_VALIDATED
DUC-B-00929,p6-2x1,Yellow,#F4EE2A,13,922,12.0,87.0,46.8,90,CONCEPT_NOT_FIT_VALIDATED
DUC-B-00930,p6-1x1,Yellow,#F4EE2A,13,923,18.0,84.0,46.8,0,CONCEPT_NOT_FIT_VALIDATED
DUC-B-00935,p6-4x1,Yellow,#F4EE2A,14,924,-57.0,-24.0,50.4,0,CONCEPT_NOT_FIT_VALIDATED
DUC-B-00936,p6-4x2,Yellow,#F4EE2A,14,925,-57.0,-15.0,50.4,0,CONCEPT_NOT_FIT_VALIDATED
DUC-B-00937,p6-4x2,Yellow,#F4EE2A,14,926,-57.0,-3.0,50.4,0,CONCEPT_NOT_FIT_VALIDATED
DUC-B-00938,p6-4x2,Yellow,#F4EE2A,14,927,-57.0,9.0,50.4,0,CONCEPT_NOT_FIT_VALIDATED
DUC-B-00939,p6-4x2,Yellow,#F4EE2A,14,928,-57.0,21.0,50.4,0,CONCEPT_NOT_FIT_VALIDATED
DUC-B-00940,p6-4x2,Yellow,#F4EE2A,14,929,-57.0,33.0,50.4,0,CONCEPT_NOT_FIT_VALIDATED
DUC-B-00899,p6-2x1,Yellow,#F4EE2A,13,930,-66.0,39.0,46.8,90,CONCEPT_NOT_FIT_VALIDATED
DUC-B-00761,p6-1x1,Yellow,#F4EE2A,12,931,-66.0,36.0,43.2,0,CONCEPT_NOT_FIT_VALIDATED
DUC-B-00941,p6-4x2,Yellow,#F4EE2A,14,932,-57.0,45.0,50.4,0,CONCEPT_NOT_FIT_VALIDATED
DUC-B-00942,p6-4x1,Yellow,#F4EE2A,14,933,-57.0,54.0,50.4,0,CONCEPT_NOT_FIT_VALIDATED
DUC-B-00943,p6-3x1,Yellow,#F4EE2A,14,934,-54.0,-36.0,50.4,0,CONCEPT_NOT_FIT_VALIDATED
DUC-B-00944,p6-3x1,Yellow,#F4EE2A,14,935,-54.0,-30.0,50.4,0,CONCEPT_NOT_FIT_VALIDATED
DUC-B-00945,p6-3x1,Yellow,#F4EE2A,14,936,-54.0,60.0,50.4,0,CONCEPT_NOT_FIT_VALIDATED
DUC-B-00913,p6-1x1,Yellow,#F4EE2A,13,937,-54.0,60.0,46.8,0,CONCEPT_NOT_FIT_VALIDATED
DUC-B-00946,p6-2x1,Yellow,#F4EE2A,14,938,-51.0,-48.0,50.4,0,CONCEPT_NOT_FIT_VALIDATED
DUC-B-00947,p6-2x1,Yellow,#F4EE2A,14,939,-51.0,-42.0,50.4,0,CONCEPT_NOT_FIT_VALIDATED
DUC-B-00948,p6-1x1,Yellow,#F4EE2A,14,940,-48.0,-54.0,50.4,0,CONCEPT_NOT_FIT_VALIDATED
DUC-B-00949,p6-1x1,Yellow,#F4EE2A,14,941,-48.0,66.0,50.4,0,CONCEPT_NOT_FIT_VALIDATED
DUC-B-00950,p6-4x1,Yellow,#F4EE2A,14,942,-33.0,-60.0,50.4,0,CONCEPT_NOT_FIT_VALIDATED
DUC-B-00951,p6-4x2,Yellow,#F4EE2A,14,943,-33.0,-51.0,50.4,0,CONCEPT_NOT_FIT_VALIDATED
DUC-B-00952,p6-4x2,Yellow,#F4EE2A,14,944,-33.0,-39.0,50.4,0,CONCEPT_NOT_FIT_VALIDATED
DUC-B-00953,p6-4x2,Yellow,#F4EE2A,14,945,-33.0,-27.0,50.4,0,CONCEPT_NOT_FIT_VALIDATED
DUC-B-00954,p6-4x2,Yellow,#F4EE2A,14,946,-33.0,-15.0,50.4,0,CONCEPT_NOT_FIT_VALIDATED
DUC-B-00955,p6-4x2,Yellow,#F4EE2A,14,947,-33.0,-3.0,50.4,0,CONCEPT_NOT_FIT_VALIDATED
DUC-B-00956,p6-4x2,Yellow,#F4EE2A,14,948,-33.0,9.0,50.4,0,CONCEPT_NOT_FIT_VALIDATED
DUC-B-00957,p6-4x2,Yellow,#F4EE2A,14,949,-33.0,21.0,50.4,0,CONCEPT_NOT_FIT_VALIDATED
DUC-B-00958,p6-4x2,Yellow,#F4EE2A,14,950,-33.0,33.0,50.4,0,CONCEPT_NOT_FIT_VALIDATED
DUC-B-00959,p6-4x2,Yellow,#F4EE2A,14,951,-33.0,45.0,50.4,0,CONCEPT_NOT_FIT_VALIDATED
DUC-B-00960,p6-4x2,Yellow,#F4EE2A,14,952,-33.0,57.0,50.4,0,CONCEPT_NOT_FIT_VALIDATED
DUC-B-00961,p6-4x2,Yellow,#F4EE2A,14,953,-33.0,69.0,50.4,0,CONCEPT_NOT_FIT_VALIDATED
DUC-B-00924,p6-1x1,Yellow,#F4EE2A,13,954,-42.0,72.0,46.8,0,CONCEPT_NOT_FIT_VALIDATED
DUC-B-00775,p6-1x1,Yellow,#F4EE2A,12,955,-42.0,72.0,43.2,0,CONCEPT_NOT_FIT_VALIDATED
DUC-B-00962,p6-3x1,Yellow,#F4EE2A,14,956,-30.0,78.0,50.4,0,CONCEPT_NOT_FIT_VALIDATED
DUC-B-00963,p6-2x1,Yellow,#F4EE2A,14,957,-27.0,-66.0,50.4,0,CONCEPT_NOT_FIT_VALIDATED
DUC-B-00964,p6-2x1,Yellow,#F4EE2A,14,958,-27.0,84.0,50.4,0,CONCEPT_NOT_FIT_VALIDATED
DUC-B-00965,p6-4x1,Yellow,#F4EE2A,14,959,-9.0,-72.0,50.4,0,CONCEPT_NOT_FIT_VALIDATED
DUC-B-00966,p6-4x2,Yellow,#F4EE2A,14,960,-9.0,-63.0,50.4,0,CONCEPT_NOT_FIT_VALIDATED
DUC-B-00967,p6-4x2,Yellow,#F4EE2A,14,961,-9.0,-51.0,50.4,0,CONCEPT_NOT_FIT_VALIDATED
DUC-B-00968,p6-4x2,Yellow,#F4EE2A,14,962,-9.0,-39.0,50.4,0,CONCEPT_NOT_FIT_VALIDATED
DUC-B-00969,p6-4x2,Yellow,#F4EE2A,14,963,-9.0,-27.0,50.4,0,CONCEPT_NOT_FIT_VALIDATED
DUC-B-00970,p6-4x2,Yellow,#F4EE2A,14,964,-9.0,-15.0,50.4,0,CONCEPT_NOT_FIT_VALIDATED
DUC-B-00971,p6-4x2,Yellow,#F4EE2A,14,965,-9.0,-3.0,50.4,0,CONCEPT_NOT_FIT_VALIDATED
DUC-B-00972,p6-4x2,Yellow,#F4EE2A,14,966,-9.0,9.0,50.4,0,CONCEPT_NOT_FIT_VALIDATED
DUC-B-00973,p6-4x2,Yellow,#F4EE2A,14,967,-9.0,21.0,50.4,0,CONCEPT_NOT_FIT_VALIDATED
DUC-B-00974,p6-4x2,Yellow,#F4EE2A,14,968,-9.0,33.0,50.4,0,CONCEPT_NOT_FIT_VALIDATED
DUC-B-00975,p6-4x2,Yellow,#F4EE2A,14,969,-9.0,45.0,50.4,0,CONCEPT_NOT_FIT_VALIDATED
DUC-B-00976,p6-4x2,Yellow,#F4EE2A,14,970,-9.0,57.0,50.4,0,CONCEPT_NOT_FIT_VALIDATED
DUC-B-00977,p6-4x2,Yellow,#F4EE2A,14,971,-9.0,69.0,50.4,0,CONCEPT_NOT_FIT_VALIDATED
DUC-B-00978,p6-4x2,Yellow,#F4EE2A,14,972,-9.0,81.0,50.4,0,CONCEPT_NOT_FIT_VALIDATED
DUC-B-00979,p6-4x1,Yellow,#F4EE2A,14,973,-9.0,90.0,50.4,0,CONCEPT_NOT_FIT_VALIDATED
DUC-B-00980,p6-3x1,Yellow,#F4EE2A,14,974,12.0,-72.0,50.4,0,CONCEPT_NOT_FIT_VALIDATED
DUC-B-00981,p6-4x2,Yellow,#F4EE2A,14,975,15.0,-63.0,50.4,0,CONCEPT_NOT_FIT_VALIDATED
DUC-B-00982,p6-4x2,Yellow,#F4EE2A,14,976,15.0,-51.0,50.4,0,CONCEPT_NOT_FIT_VALIDATED
DUC-B-00983,p6-4x2,Yellow,#F4EE2A,14,977,15.0,-39.0,50.4,0,CONCEPT_NOT_FIT_VALIDATED
DUC-B-00984,p6-4x2,Yellow,#F4EE2A,14,978,15.0,-27.0,50.4,0,CONCEPT_NOT_FIT_VALIDATED
DUC-B-00985,p6-4x2,Yellow,#F4EE2A,14,979,15.0,-15.0,50.4,0,CONCEPT_NOT_FIT_VALIDATED
DUC-B-00986,p6-4x2,Yellow,#F4EE2A,14,980,15.0,-3.0,50.4,0,CONCEPT_NOT_FIT_VALIDATED
DUC-B-00987,p6-4x2,Yellow,#F4EE2A,14,981,15.0,9.0,50.4,0,CONCEPT_NOT_FIT_VALIDATED
DUC-B-00988,p6-4x2,Yellow,#F4EE2A,14,982,15.0,21.0,50.4,0,CONCEPT_NOT_FIT_VALIDATED
DUC-B-00989,p6-4x2,Yellow,#F4EE2A,14,983,15.0,33.0,50.4,0,CONCEPT_NOT_FIT_VALIDATED
DUC-B-00990,p6-4x2,Yellow,#F4EE2A,14,984,15.0,45.0,50.4,0,CONCEPT_NOT_FIT_VALIDATED
DUC-B-00991,p6-4x2,Yellow,#F4EE2A,14,985,15.0,57.0,50.4,0,CONCEPT_NOT_FIT_VALIDATED
DUC-B-00992,p6-4x2,Yellow,#F4EE2A,14,986,15.0,69.0,50.4,0,CONCEPT_NOT_FIT_VALIDATED
DUC-B-00993,p6-4x2,Yellow,#F4EE2A,14,987,15.0,81.0,50.4,0,CONCEPT_NOT_FIT_VALIDATED
DUC-B-00931,p6-1x1,Yellow,#F4EE2A,13,988,24.0,84.0,46.8,0,CONCEPT_NOT_FIT_VALIDATED
DUC-B-00994,p6-3x1,Yellow,#F4EE2A,14,989,12.0,90.0,50.4,0,CONCEPT_NOT_FIT_VALIDATED
DUC-B-00995,p6-2x1,Yellow,#F4EE2A,14,990,30.0,-63.0,50.4,90,CONCEPT_NOT_FIT_VALIDATED
DUC-B-00996,p6-4x2,Yellow,#F4EE2A,14,991,39.0,-51.0,50.4,0,CONCEPT_NOT_FIT_VALIDATED
DUC-B-00997,p6-4x2,Yellow,#F4EE2A,14,992,39.0,-39.0,50.4,0,CONCEPT_NOT_FIT_VALIDATED
DUC-B-00998,p6-4x2,Yellow,#F4EE2A,14,993,39.0,-27.0,50.4,0,CONCEPT_NOT_FIT_VALIDATED
DUC-B-00999,p6-4x2,Yellow,#F4EE2A,14,994,39.0,-15.0,50.4,0,CONCEPT_NOT_FIT_VALIDATED
DUC-B-01000,p6-4x2,Yellow,#F4EE2A,14,995,39.0,-3.0,50.4,0,CONCEPT_NOT_FIT_VALIDATED
DUC-B-01001,p6-4x2,Yellow,#F4EE2A,14,996,39.0,9.0,50.4,0,CONCEPT_NOT_FIT_VALIDATED
DUC-B-01002,p6-4x2,Yellow,#F4EE2A,14,997,39.0,21.0,50.4,0,CONCEPT_NOT_FIT_VALIDATED
DUC-B-01003,p6-4x2,Yellow,#F4EE2A,14,998,39.0,33.0,50.4,0,CONCEPT_NOT_FIT_VALIDATED
DUC-B-01004,p6-4x2,Yellow,#F4EE2A,14,999,39.0,45.0,50.4,0,CONCEPT_NOT_FIT_VALIDATED
DUC-B-01005,p6-4x2,Yellow,#F4EE2A,14,1000,39.0,57.0,50.4,0,CONCEPT_NOT_FIT_VALIDATED
DUC-B-01006,p6-3x2,Yellow,#F4EE2A,14,1001,36.0,69.0,50.4,0,CONCEPT_NOT_FIT_VALIDATED
DUC-B-01007,p6-2x1,Yellow,#F4EE2A,14,1002,33.0,78.0,50.4,0,CONCEPT_NOT_FIT_VALIDATED
DUC-B-00925,p6-1x1,Yellow,#F4EE2A,13,1003,36.0,78.0,46.8,0,CONCEPT_NOT_FIT_VALIDATED
DUC-B-01009,p6-2x1,Yellow,#F4EE2A,14,1004,39.0,-60.0,50.4,0,CONCEPT_NOT_FIT_VALIDATED
DUC-B-01010,p6-1x1,Yellow,#F4EE2A,14,1005,48.0,66.0,50.4,0,CONCEPT_NOT_FIT_VALIDATED
DUC-B-01011,p6-1x1,Yellow,#F4EE2A,14,1006,54.0,-48.0,50.4,0,CONCEPT_NOT_FIT_VALIDATED
DUC-B-01012,p6-2x1,Yellow,#F4EE2A,14,1007,54.0,-39.0,50.4,90,CONCEPT_NOT_FIT_VALIDATED
DUC-B-01013,p6-2x2,Yellow,#F4EE2A,14,1008,57.0,-27.0,50.4,0,CONCEPT_NOT_FIT_VALIDATED
DUC-B-01014,p6-3x2,Yellow,#F4EE2A,14,1009,60.0,-15.0,50.4,0,CONCEPT_NOT_FIT_VALIDATED
DUC-B-01015,p6-3x2,Yellow,#F4EE2A,14,1010,60.0,-3.0,50.4,0,CONCEPT_NOT_FIT_VALIDATED
DUC-B-01016,p6-3x2,Yellow,#F4EE2A,14,1011,60.0,9.0,50.4,0,CONCEPT_NOT_FIT_VALIDATED
DUC-B-01017,p6-3x2,Yellow,#F4EE2A,14,1012,60.0,21.0,50.4,0,CONCEPT_NOT_FIT_VALIDATED
DUC-B-01018,p6-4x2,Yellow,#F4EE2A,14,1013,63.0,33.0,50.4,0,CONCEPT_NOT_FIT_VALIDATED
DUC-B-01019,p6-3x2,Yellow,#F4EE2A,14,1014,60.0,45.0,50.4,0,CONCEPT_NOT_FIT_VALIDATED
DUC-B-01020,p6-2x2,Yellow,#F4EE2A,14,1015,57.0,57.0,50.4,0,CONCEPT_NOT_FIT_VALIDATED
DUC-B-00923,p6-1x1,Yellow,#F4EE2A,13,1016,54.0,60.0,46.8,0,CONCEPT_NOT_FIT_VALIDATED
DUC-B-01021,p6-1x1,Yellow,#F4EE2A,14,1017,60.0,-36.0,50.4,0,CONCEPT_NOT_FIT_VALIDATED
DUC-B-01022,p6-1x1,Yellow,#F4EE2A,14,1018,66.0,-24.0,50.4,0,CONCEPT_NOT_FIT_VALIDATED
DUC-B-01026,p6-2x1,Yellow,#F4EE2A,15,1019,-15.0,-72.0,54.0,0,CONCEPT_NOT_FIT_VALIDATED
DUC-B-01027,p6-2x1,Yellow,#F4EE2A,15,1020,-3.0,-72.0,54.0,0,CONCEPT_NOT_FIT_VALIDATED
DUC-B-01028,p6-2x1,Yellow,#F4EE2A,15,1021,9.0,-72.0,54.0,0,CONCEPT_NOT_FIT_VALIDATED
DUC-B-01029,p6-1x1,Yellow,#F4EE2A,15,1022,18.0,-72.0,54.0,0,CONCEPT_NOT_FIT_VALIDATED
DUC-B-01030,p6-4x2,Yellow,#F4EE2A,15,1023,-27.0,-57.0,54.0,90,CONCEPT_NOT_FIT_VALIDATED
DUC-B-01031,p6-4x2,Yellow,#F4EE2A,15,1024,-15.0,-57.0,54.0,90,CONCEPT_NOT_FIT_VALIDATED
DUC-B-01032,p6-4x2,Yellow,#F4EE2A,15,1025,-3.0,-57.0,54.0,90,CONCEPT_NOT_FIT_VALIDATED
DUC-B-01033,p6-4x2,Yellow,#F4EE2A,15,1026,9.0,-57.0,54.0,90,CONCEPT_NOT_FIT_VALIDATED
DUC-B-01034,p6-4x2,Yellow,#F4EE2A,15,1027,21.0,-57.0,54.0,90,CONCEPT_NOT_FIT_VALIDATED
DUC-B-01035,p6-4x1,Yellow,#F4EE2A,15,1028,30.0,-57.0,54.0,90,CONCEPT_NOT_FIT_VALIDATED
DUC-B-01036,p6-3x2,Yellow,#F4EE2A,15,1029,-39.0,-54.0,54.0,90,CONCEPT_NOT_FIT_VALIDATED
DUC-B-01037,p6-3x1,Yellow,#F4EE2A,15,1030,36.0,-54.0,54.0,90,CONCEPT_NOT_FIT_VALIDATED
DUC-B-01038,p6-3x1,Yellow,#F4EE2A,15,1031,42.0,-54.0,54.0,90,CONCEPT_NOT_FIT_VALIDATED
DUC-B-01039,p6-2x1,Yellow,#F4EE2A,15,1032,-48.0,-51.0,54.0,90,CONCEPT_NOT_FIT_VALIDATED
DUC-B-01040,p6-2x1,Yellow,#F4EE2A,15,1033,48.0,-51.0,54.0,90,CONCEPT_NOT_FIT_VALIDATED
DUC-B-01041,p6-1x1,Yellow,#F4EE2A,15,1034,-54.0,-48.0,54.0,0,CONCEPT_NOT_FIT_VALIDATED
DUC-B-01042,p6-1x1,Yellow,#F4EE2A,15,1035,54.0,-48.0,54.0,0,CONCEPT_NOT_FIT_VALIDATED
DUC-B-01043,p6-4x2,Yellow,#F4EE2A,15,1036,-51.0,-33.0,54.0,90,CONCEPT_NOT_FIT_VALIDATED
DUC-B-01044,p6-4x2,Yellow,#F4EE2A,15,1037,-39.0,-33.0,54.0,90,CONCEPT_NOT_FIT_VALIDATED
DUC-B-01045,p6-4x2,Yellow,#F4EE2A,15,1038,-27.0,-33.0,54.0,90,CONCEPT_NOT_FIT_VALIDATED
DUC-B-01046,p6-4x2,Yellow,#F4EE2A,15,1039,-15.0,-33.0,54.0,90,CONCEPT_NOT_FIT_VALIDATED
DUC-B-01047,p6-4x2,Yellow,#F4EE2A,15,1040,-3.0,-33.0,54.0,90,CONCEPT_NOT_FIT_VALIDATED
DUC-B-01048,p6-4x2,Yellow,#F4EE2A,15,1041,9.0,-33.0,54.0,90,CONCEPT_NOT_FIT_VALIDATED
DUC-B-01049,p6-4x2,Yellow,#F4EE2A,15,1042,21.0,-33.0,54.0,90,CONCEPT_NOT_FIT_VALIDATED
DUC-B-01050,p6-4x2,Yellow,#F4EE2A,15,1043,33.0,-33.0,54.0,90,CONCEPT_NOT_FIT_VALIDATED
DUC-B-01051,p6-4x2,Yellow,#F4EE2A,15,1044,45.0,-33.0,54.0,90,CONCEPT_NOT_FIT_VALIDATED
DUC-B-01052,p6-4x1,Yellow,#F4EE2A,15,1045,54.0,-33.0,54.0,90,CONCEPT_NOT_FIT_VALIDATED
DUC-B-01053,p6-3x1,Yellow,#F4EE2A,15,1046,-60.0,-30.0,54.0,90,CONCEPT_NOT_FIT_VALIDATED
DUC-B-01054,p6-3x1,Yellow,#F4EE2A,15,1047,60.0,-30.0,54.0,90,CONCEPT_NOT_FIT_VALIDATED
DUC-B-01055,p6-1x1,Yellow,#F4EE2A,15,1048,-66.0,-24.0,54.0,0,CONCEPT_NOT_FIT_VALIDATED
DUC-B-01056,p6-1x1,Yellow,#F4EE2A,15,1049,66.0,-24.0,54.0,0,CONCEPT_NOT_FIT_VALIDATED
DUC-B-01057,p6-4x2,Yellow,#F4EE2A,15,1050,-63.0,-9.0,54.0,90,CONCEPT_NOT_FIT_VALIDATED
DUC-B-01058,p6-4x2,Yellow,#F4EE2A,15,1051,-51.0,-9.0,54.0,90,CONCEPT_NOT_FIT_VALIDATED
DUC-B-01059,p6-4x2,Yellow,#F4EE2A,15,1052,-39.0,-9.0,54.0,90,CONCEPT_NOT_FIT_VALIDATED
DUC-B-01060,p6-4x2,Yellow,#F4EE2A,15,1053,-27.0,-9.0,54.0,90,CONCEPT_NOT_FIT_VALIDATED
DUC-B-01061,p6-4x2,Yellow,#F4EE2A,15,1054,-15.0,-9.0,54.0,90,CONCEPT_NOT_FIT_VALIDATED
DUC-B-01062,p6-4x2,Yellow,#F4EE2A,15,1055,-3.0,-9.0,54.0,90,CONCEPT_NOT_FIT_VALIDATED
DUC-B-01063,p6-4x2,Yellow,#F4EE2A,15,1056,9.0,-9.0,54.0,90,CONCEPT_NOT_FIT_VALIDATED
DUC-B-01064,p6-4x2,Yellow,#F4EE2A,15,1057,21.0,-9.0,54.0,90,CONCEPT_NOT_FIT_VALIDATED
DUC-B-01065,p6-4x2,Yellow,#F4EE2A,15,1058,33.0,-9.0,54.0,90,CONCEPT_NOT_FIT_VALIDATED
DUC-B-01066,p6-4x2,Yellow,#F4EE2A,15,1059,45.0,-9.0,54.0,90,CONCEPT_NOT_FIT_VALIDATED
DUC-B-01067,p6-4x2,Yellow,#F4EE2A,15,1060,57.0,-9.0,54.0,90,CONCEPT_NOT_FIT_VALIDATED
DUC-B-01068,p6-4x1,Yellow,#F4EE2A,15,1061,66.0,-9.0,54.0,90,CONCEPT_NOT_FIT_VALIDATED
DUC-B-01069,p6-4x2,Yellow,#F4EE2A,15,1062,-63.0,15.0,54.0,90,CONCEPT_NOT_FIT_VALIDATED
DUC-B-01070,p6-4x2,Yellow,#F4EE2A,15,1063,-51.0,15.0,54.0,90,CONCEPT_NOT_FIT_VALIDATED
DUC-B-01071,p6-4x2,Yellow,#F4EE2A,15,1064,-39.0,15.0,54.0,90,CONCEPT_NOT_FIT_VALIDATED
DUC-B-01072,p6-4x2,Yellow,#F4EE2A,15,1065,-27.0,15.0,54.0,90,CONCEPT_NOT_FIT_VALIDATED
DUC-B-01073,p6-4x2,Yellow,#F4EE2A,15,1066,-15.0,15.0,54.0,90,CONCEPT_NOT_FIT_VALIDATED
DUC-B-01074,p6-4x2,Yellow,#F4EE2A,15,1067,-3.0,15.0,54.0,90,CONCEPT_NOT_FIT_VALIDATED
DUC-B-01075,p6-4x2,Yellow,#F4EE2A,15,1068,9.0,15.0,54.0,90,CONCEPT_NOT_FIT_VALIDATED
DUC-B-01076,p6-4x2,Yellow,#F4EE2A,15,1069,21.0,15.0,54.0,90,CONCEPT_NOT_FIT_VALIDATED
DUC-B-01077,p6-4x2,Yellow,#F4EE2A,15,1070,33.0,15.0,54.0,90,CONCEPT_NOT_FIT_VALIDATED
DUC-B-01078,p6-4x2,Yellow,#F4EE2A,15,1071,45.0,15.0,54.0,90,CONCEPT_NOT_FIT_VALIDATED
DUC-B-01079,p6-4x2,Yellow,#F4EE2A,15,1072,57.0,15.0,54.0,90,CONCEPT_NOT_FIT_VALIDATED
DUC-B-01080,p6-4x1,Yellow,#F4EE2A,15,1073,66.0,15.0,54.0,90,CONCEPT_NOT_FIT_VALIDATED
DUC-B-01084,p6-4x2,Yellow,#F4EE2A,15,1074,-63.0,39.0,54.0,90,CONCEPT_NOT_FIT_VALIDATED
DUC-B-01085,p6-4x2,Yellow,#F4EE2A,15,1075,-51.0,39.0,54.0,90,CONCEPT_NOT_FIT_VALIDATED
DUC-B-01086,p6-4x2,Yellow,#F4EE2A,15,1076,-39.0,39.0,54.0,90,CONCEPT_NOT_FIT_VALIDATED
DUC-B-01087,p6-4x2,Yellow,#F4EE2A,15,1077,-27.0,39.0,54.0,90,CONCEPT_NOT_FIT_VALIDATED
DUC-B-01088,p6-4x2,Yellow,#F4EE2A,15,1078,-15.0,39.0,54.0,90,CONCEPT_NOT_FIT_VALIDATED
DUC-B-01089,p6-4x2,Yellow,#F4EE2A,15,1079,-3.0,39.0,54.0,90,CONCEPT_NOT_FIT_VALIDATED
DUC-B-01090,p6-4x2,Yellow,#F4EE2A,15,1080,9.0,39.0,54.0,90,CONCEPT_NOT_FIT_VALIDATED
DUC-B-01091,p6-4x2,Yellow,#F4EE2A,15,1081,21.0,39.0,54.0,90,CONCEPT_NOT_FIT_VALIDATED
DUC-B-01092,p6-4x2,Yellow,#F4EE2A,15,1082,33.0,39.0,54.0,90,CONCEPT_NOT_FIT_VALIDATED
DUC-B-01093,p6-4x2,Yellow,#F4EE2A,15,1083,45.0,39.0,54.0,90,CONCEPT_NOT_FIT_VALIDATED
DUC-B-01094,p6-4x2,Yellow,#F4EE2A,15,1084,57.0,39.0,54.0,90,CONCEPT_NOT_FIT_VALIDATED
DUC-B-01095,p6-3x2,Yellow,#F4EE2A,15,1085,69.0,36.0,54.0,90,CONCEPT_NOT_FIT_VALIDATED
DUC-B-01025,p6-1x1,Yellow,#F4EE2A,14,1086,72.0,42.0,50.4,0,CONCEPT_NOT_FIT_VALIDATED
DUC-B-01096,p6-1x1,Yellow,#F4EE2A,15,1087,66.0,48.0,54.0,0,CONCEPT_NOT_FIT_VALIDATED
DUC-B-01097,p6-2x2,Yellow,#F4EE2A,15,1088,-63.0,57.0,54.0,0,CONCEPT_NOT_FIT_VALIDATED
DUC-B-01098,p6-3x2,Yellow,#F4EE2A,15,1089,-51.0,60.0,54.0,90,CONCEPT_NOT_FIT_VALIDATED
DUC-B-01099,p6-4x2,Yellow,#F4EE2A,15,1090,-39.0,63.0,54.0,90,CONCEPT_NOT_FIT_VALIDATED
DUC-B-01100,p6-4x2,Yellow,#F4EE2A,15,1091,-27.0,63.0,54.0,90,CONCEPT_NOT_FIT_VALIDATED
DUC-B-01101,p6-4x2,Yellow,#F4EE2A,15,1092,-15.0,63.0,54.0,90,CONCEPT_NOT_FIT_VALIDATED
DUC-B-01102,p6-4x2,Yellow,#F4EE2A,15,1093,-3.0,63.0,54.0,90,CONCEPT_NOT_FIT_VALIDATED
DUC-B-01103,p6-4x2,Yellow,#F4EE2A,15,1094,9.0,63.0,54.0,90,CONCEPT_NOT_FIT_VALIDATED
DUC-B-01104,p6-4x2,Yellow,#F4EE2A,15,1095,21.0,63.0,54.0,90,CONCEPT_NOT_FIT_VALIDATED
DUC-B-01105,p6-4x2,Yellow,#F4EE2A,15,1096,33.0,63.0,54.0,90,CONCEPT_NOT_FIT_VALIDATED
DUC-B-01106,p6-3x2,Yellow,#F4EE2A,15,1097,45.0,60.0,54.0,90,CONCEPT_NOT_FIT_VALIDATED
DUC-B-01107,p6-2x2,Yellow,#F4EE2A,15,1098,57.0,57.0,54.0,0,CONCEPT_NOT_FIT_VALIDATED
DUC-B-01111,p6-1x1,Yellow,#F4EE2A,15,1099,42.0,72.0,54.0,0,CONCEPT_NOT_FIT_VALIDATED
DUC-B-01112,p6-1x1,Yellow,#F4EE2A,15,1100,-36.0,78.0,54.0,0,CONCEPT_NOT_FIT_VALIDATED
DUC-B-01113,p6-2x2,Yellow,#F4EE2A,15,1101,-27.0,81.0,54.0,0,CONCEPT_NOT_FIT_VALIDATED
DUC-B-01114,p6-3x2,Yellow,#F4EE2A,15,1102,-15.0,84.0,54.0,90,CONCEPT_NOT_FIT_VALIDATED
DUC-B-01115,p6-4x2,Yellow,#F4EE2A,15,1103,-3.0,87.0,54.0,90,CONCEPT_NOT_FIT_VALIDATED
DUC-B-01116,p6-4x2,Yellow,#F4EE2A,15,1104,9.0,87.0,54.0,90,CONCEPT_NOT_FIT_VALIDATED
DUC-B-01117,p6-3x2,Yellow,#F4EE2A,15,1105,21.0,84.0,54.0,90,CONCEPT_NOT_FIT_VALIDATED
DUC-B-01118,p6-2x1,Yellow,#F4EE2A,15,1106,30.0,81.0,54.0,90,CONCEPT_NOT_FIT_VALIDATED
DUC-B-01008,p6-1x1,Yellow,#F4EE2A,14,1107,30.0,84.0,50.4,0,CONCEPT_NOT_FIT_VALIDATED
DUC-B-01119,p6-1x1,Yellow,#F4EE2A,15,1108,36.0,78.0,54.0,0,CONCEPT_NOT_FIT_VALIDATED
DUC-B-01122,p6-4x1,Yellow,#F4EE2A,16,1109,-63.0,18.0,57.6,0,CONCEPT_NOT_FIT_VALIDATED
DUC-B-01081,p6-2x1,Yellow,#F4EE2A,15,1110,-72.0,21.0,54.0,90,CONCEPT_NOT_FIT_VALIDATED
DUC-B-00932,p6-1x1,Yellow,#F4EE2A,14,1111,-72.0,24.0,50.4,0,CONCEPT_NOT_FIT_VALIDATED
DUC-B-01123,p6-4x2,Yellow,#F4EE2A,16,1112,-63.0,27.0,57.6,0,CONCEPT_NOT_FIT_VALIDATED
DUC-B-01083,p6-4x1,Yellow,#F4EE2A,15,1113,-72.0,39.0,54.0,90,CONCEPT_NOT_FIT_VALIDATED
DUC-B-00933,p6-2x1,Yellow,#F4EE2A,14,1114,-72.0,33.0,50.4,90,CONCEPT_NOT_FIT_VALIDATED
DUC-B-00934,p6-1x1,Yellow,#F4EE2A,14,1115,-72.0,42.0,50.4,0,CONCEPT_NOT_FIT_VALIDATED
DUC-B-01124,p6-4x2,Yellow,#F4EE2A,16,1116,-63.0,39.0,57.6,0,CONCEPT_NOT_FIT_VALIDATED
DUC-B-01125,p6-4x1,Yellow,#F4EE2A,16,1117,-63.0,48.0,57.6,0,CONCEPT_NOT_FIT_VALIDATED
DUC-B-01126,p6-3x1,Yellow,#F4EE2A,16,1118,-60.0,-18.0,57.6,0,CONCEPT_NOT_FIT_VALIDATED
DUC-B-01127,p6-3x2,Yellow,#F4EE2A,16,1119,-60.0,-9.0,57.6,0,CONCEPT_NOT_FIT_VALIDATED
DUC-B-01128,p6-3x2,Yellow,#F4EE2A,16,1120,-60.0,3.0,57.6,0,CONCEPT_NOT_FIT_VALIDATED
DUC-B-01129,p6-3x1,Yellow,#F4EE2A,16,1121,-60.0,12.0,57.6,0,CONCEPT_NOT_FIT_VALIDATED
DUC-B-01130,p6-3x1,Yellow,#F4EE2A,16,1122,-60.0,54.0,57.6,0,CONCEPT_NOT_FIT_VALIDATED
DUC-B-01131,p6-3x1,Yellow,#F4EE2A,16,1123,-60.0,60.0,57.6,0,CONCEPT_NOT_FIT_VALIDATED
DUC-B-01132,p6-2x2,Yellow,#F4EE2A,16,1124,-57.0,-33.0,57.6,0,CONCEPT_NOT_FIT_VALIDATED
DUC-B-01133,p6-2x1,Yellow,#F4EE2A,16,1125,-57.0,-24.0,57.6,0,CONCEPT_NOT_FIT_VALIDATED
DUC-B-01134,p6-2x1,Yellow,#F4EE2A,16,1126,-57.0,66.0,57.6,0,CONCEPT_NOT_FIT_VALIDATED
DUC-B-01109,p6-1x1,Yellow,#F4EE2A,15,1127,-60.0,66.0,54.0,0,CONCEPT_NOT_FIT_VALIDATED
DUC-B-01135,p6-1x1,Yellow,#F4EE2A,16,1128,-54.0,-42.0,57.6,0,CONCEPT_NOT_FIT_VALIDATED
DUC-B-01137,p6-4x1,Yellow,#F4EE2A,16,1129,-39.0,-54.0,57.6,0,CONCEPT_NOT_FIT_VALIDATED
DUC-B-01138,p6-4x2,Yellow,#F4EE2A,16,1130,-39.0,-45.0,57.6,0,CONCEPT_NOT_FIT_VALIDATED
DUC-B-01139,p6-4x2,Yellow,#F4EE2A,16,1131,-39.0,-33.0,57.6,0,CONCEPT_NOT_FIT_VALIDATED
DUC-B-01140,p6-4x2,Yellow,#F4EE2A,16,1132,-39.0,-21.0,57.6,0,CONCEPT_NOT_FIT_VALIDATED
DUC-B-01141,p6-4x2,Yellow,#F4EE2A,16,1133,-39.0,-9.0,57.6,0,CONCEPT_NOT_FIT_VALIDATED
DUC-B-01142,p6-4x2,Yellow,#F4EE2A,16,1134,-39.0,3.0,57.6,0,CONCEPT_NOT_FIT_VALIDATED
DUC-B-01143,p6-4x2,Yellow,#F4EE2A,16,1135,-39.0,15.0,57.6,0,CONCEPT_NOT_FIT_VALIDATED
DUC-B-01144,p6-4x2,Yellow,#F4EE2A,16,1136,-39.0,27.0,57.6,0,CONCEPT_NOT_FIT_VALIDATED
DUC-B-01145,p6-4x2,Yellow,#F4EE2A,16,1137,-39.0,39.0,57.6,0,CONCEPT_NOT_FIT_VALIDATED
DUC-B-01146,p6-4x2,Yellow,#F4EE2A,16,1138,-39.0,51.0,57.6,0,CONCEPT_NOT_FIT_VALIDATED
DUC-B-01147,p6-4x2,Yellow,#F4EE2A,16,1139,-39.0,63.0,57.6,0,CONCEPT_NOT_FIT_VALIDATED
DUC-B-01148,p6-4x1,Yellow,#F4EE2A,16,1140,-39.0,72.0,57.6,0,CONCEPT_NOT_FIT_VALIDATED
DUC-B-01149,p6-3x1,Yellow,#F4EE2A,16,1141,-36.0,78.0,57.6,0,CONCEPT_NOT_FIT_VALIDATED
DUC-B-01150,p6-2x1,Yellow,#F4EE2A,16,1142,-33.0,-60.0,57.6,0,CONCEPT_NOT_FIT_VALIDATED
DUC-B-01151,p6-1x1,Yellow,#F4EE2A,16,1143,-30.0,-66.0,57.6,0,CONCEPT_NOT_FIT_VALIDATED
DUC-B-01152,p6-1x1,Yellow,#F4EE2A,16,1144,-30.0,84.0,57.6,0,CONCEPT_NOT_FIT_VALIDATED
DUC-B-01153,p6-4x1,Yellow,#F4EE2A,16,1145,-15.0,-66.0,57.6,0,CONCEPT_NOT_FIT_VALIDATED
DUC-B-01154,p6-4x2,Yellow,#F4EE2A,16,1146,-15.0,-57.0,57.6,0,CONCEPT_NOT_FIT_VALIDATED
DUC-B-01155,p6-4x2,Yellow,#F4EE2A,16,1147,-15.0,-45.0,57.6,0,CONCEPT_NOT_FIT_VALIDATED
DUC-B-01156,p6-4x2,Yellow,#F4EE2A,16,1148,-15.0,-33.0,57.6,0,CONCEPT_NOT_FIT_VALIDATED
DUC-B-01157,p6-4x2,Yellow,#F4EE2A,16,1149,-15.0,-21.0,57.6,0,CONCEPT_NOT_FIT_VALIDATED
DUC-B-01158,p6-4x2,Yellow,#F4EE2A,16,1150,-15.0,-9.0,57.6,0,CONCEPT_NOT_FIT_VALIDATED
DUC-B-01159,p6-4x2,Yellow,#F4EE2A,16,1151,-15.0,3.0,57.6,0,CONCEPT_NOT_FIT_VALIDATED
DUC-B-01160,p6-4x2,Yellow,#F4EE2A,16,1152,-15.0,15.0,57.6,0,CONCEPT_NOT_FIT_VALIDATED
DUC-B-01161,p6-4x2,Yellow,#F4EE2A,16,1153,-15.0,27.0,57.6,0,CONCEPT_NOT_FIT_VALIDATED
DUC-B-01162,p6-4x2,Yellow,#F4EE2A,16,1154,-15.0,39.0,57.6,0,CONCEPT_NOT_FIT_VALIDATED
DUC-B-01163,p6-4x2,Yellow,#F4EE2A,16,1155,-15.0,51.0,57.6,0,CONCEPT_NOT_FIT_VALIDATED
DUC-B-01164,p6-4x2,Yellow,#F4EE2A,16,1156,-15.0,63.0,57.6,0,CONCEPT_NOT_FIT_VALIDATED
DUC-B-01165,p6-4x2,Yellow,#F4EE2A,16,1157,-15.0,75.0,57.6,0,CONCEPT_NOT_FIT_VALIDATED
DUC-B-01166,p6-4x2,Yellow,#F4EE2A,16,1158,-15.0,87.0,57.6,0,CONCEPT_NOT_FIT_VALIDATED
DUC-B-01120,p6-1x1,Yellow,#F4EE2A,15,1159,-24.0,90.0,54.0,0,CONCEPT_NOT_FIT_VALIDATED
DUC-B-01167,p6-3x1,Yellow,#F4EE2A,16,1160,-12.0,96.0,57.6,0,CONCEPT_NOT_FIT_VALIDATED
DUC-B-01121,p6-1x1,Yellow,#F4EE2A,15,1161,-12.0,96.0,54.0,0,CONCEPT_NOT_FIT_VALIDATED
DUC-B-01168,p6-2x1,Yellow,#F4EE2A,16,1162,-9.0,-72.0,57.6,0,CONCEPT_NOT_FIT_VALIDATED
DUC-B-01169,p6-3x2,Yellow,#F4EE2A,16,1163,6.0,-69.0,57.6,0,CONCEPT_NOT_FIT_VALIDATED
DUC-B-01170,p6-4x2,Yellow,#F4EE2A,16,1164,9.0,-57.0,57.6,0,CONCEPT_NOT_FIT_VALIDATED
DUC-B-01171,p6-4x2,Yellow,#F4EE2A,16,1165,9.0,-45.0,57.6,0,CONCEPT_NOT_FIT_VALIDATED
DUC-B-01172,p6-4x2,Yellow,#F4EE2A,16,1166,9.0,-33.0,57.6,0,CONCEPT_NOT_FIT_VALIDATED
DUC-B-01173,p6-4x2,Yellow,#F4EE2A,16,1167,9.0,-21.0,57.6,0,CONCEPT_NOT_FIT_VALIDATED
DUC-B-01174,p6-4x2,Yellow,#F4EE2A,16,1168,9.0,-9.0,57.6,0,CONCEPT_NOT_FIT_VALIDATED
DUC-B-01175,p6-4x2,Yellow,#F4EE2A,16,1169,9.0,3.0,57.6,0,CONCEPT_NOT_FIT_VALIDATED
DUC-B-01176,p6-4x2,Yellow,#F4EE2A,16,1170,9.0,15.0,57.6,0,CONCEPT_NOT_FIT_VALIDATED
DUC-B-01177,p6-4x2,Yellow,#F4EE2A,16,1171,9.0,27.0,57.6,0,CONCEPT_NOT_FIT_VALIDATED
DUC-B-01178,p6-4x2,Yellow,#F4EE2A,16,1172,9.0,39.0,57.6,0,CONCEPT_NOT_FIT_VALIDATED
DUC-B-01179,p6-4x2,Yellow,#F4EE2A,16,1173,9.0,51.0,57.6,0,CONCEPT_NOT_FIT_VALIDATED
DUC-B-01180,p6-4x2,Yellow,#F4EE2A,16,1174,9.0,63.0,57.6,0,CONCEPT_NOT_FIT_VALIDATED
DUC-B-01181,p6-4x2,Yellow,#F4EE2A,16,1175,9.0,75.0,57.6,0,CONCEPT_NOT_FIT_VALIDATED
DUC-B-01182,p6-4x2,Yellow,#F4EE2A,16,1176,9.0,87.0,57.6,0,CONCEPT_NOT_FIT_VALIDATED
DUC-B-01183,p6-4x1,Yellow,#F4EE2A,16,1177,9.0,96.0,57.6,0,CONCEPT_NOT_FIT_VALIDATED
DUC-B-01185,p6-1x1,Yellow,#F4EE2A,16,1178,18.0,-66.0,57.6,0,CONCEPT_NOT_FIT_VALIDATED
DUC-B-01186,p6-2x1,Yellow,#F4EE2A,16,1179,27.0,-66.0,57.6,0,CONCEPT_NOT_FIT_VALIDATED
DUC-B-01187,p6-3x2,Yellow,#F4EE2A,16,1180,30.0,-57.0,57.6,0,CONCEPT_NOT_FIT_VALIDATED
DUC-B-01188,p6-4x2,Yellow,#F4EE2A,16,1181,33.0,-45.0,57.6,0,CONCEPT_NOT_FIT_VALIDATED
DUC-B-01189,p6-4x2,Yellow,#F4EE2A,16,1182,33.0,-33.0,57.6,0,CONCEPT_NOT_FIT_VALIDATED
DUC-B-01190,p6-4x2,Yellow,#F4EE2A,16,1183,33.0,-21.0,57.6,0,CONCEPT_NOT_FIT_VALIDATED
DUC-B-01191,p6-4x2,Yellow,#F4EE2A,16,1184,33.0,-9.0,57.6,0,CONCEPT_NOT_FIT_VALIDATED
DUC-B-01192,p6-4x2,Yellow,#F4EE2A,16,1185,33.0,3.0,57.6,0,CONCEPT_NOT_FIT_VALIDATED
DUC-B-01193,p6-4x2,Yellow,#F4EE2A,16,1186,33.0,15.0,57.6,0,CONCEPT_NOT_FIT_VALIDATED
DUC-B-01194,p6-4x2,Yellow,#F4EE2A,16,1187,33.0,27.0,57.6,0,CONCEPT_NOT_FIT_VALIDATED
DUC-B-01195,p6-4x2,Yellow,#F4EE2A,16,1188,33.0,39.0,57.6,0,CONCEPT_NOT_FIT_VALIDATED
DUC-B-01196,p6-4x2,Yellow,#F4EE2A,16,1189,33.0,51.0,57.6,0,CONCEPT_NOT_FIT_VALIDATED
DUC-B-01197,p6-4x2,Yellow,#F4EE2A,16,1190,33.0,63.0,57.6,0,CONCEPT_NOT_FIT_VALIDATED
DUC-B-01198,p6-4x2,Yellow,#F4EE2A,16,1191,33.0,75.0,57.6,0,CONCEPT_NOT_FIT_VALIDATED
DUC-B-01199,p6-2x1,Yellow,#F4EE2A,16,1192,27.0,84.0,57.6,0,CONCEPT_NOT_FIT_VALIDATED
DUC-B-01200,p6-1x1,Yellow,#F4EE2A,16,1193,24.0,90.0,57.6,0,CONCEPT_NOT_FIT_VALIDATED
DUC-B-01201,p6-1x1,Yellow,#F4EE2A,16,1194,42.0,-54.0,57.6,0,CONCEPT_NOT_FIT_VALIDATED
DUC-B-01202,p6-1x1,Yellow,#F4EE2A,16,1195,48.0,-54.0,57.6,0,CONCEPT_NOT_FIT_VALIDATED
DUC-B-01203,p6-2x1,Yellow,#F4EE2A,16,1196,48.0,-45.0,57.6,90,CONCEPT_NOT_FIT_VALIDATED
DUC-B-01204,p6-3x2,Yellow,#F4EE2A,16,1197,54.0,-33.0,57.6,0,CONCEPT_NOT_FIT_VALIDATED
DUC-B-01205,p6-3x2,Yellow,#F4EE2A,16,1198,54.0,-21.0,57.6,0,CONCEPT_NOT_FIT_VALIDATED
DUC-B-01206,p6-4x2,Yellow,#F4EE2A,16,1199,57.0,-9.0,57.6,0,CONCEPT_NOT_FIT_VALIDATED
DUC-B-01207,p6-4x2,Yellow,#F4EE2A,16,1200,57.0,3.0,57.6,0,CONCEPT_NOT_FIT_VALIDATED
DUC-B-01208,p6-4x2,Yellow,#F4EE2A,16,1201,57.0,15.0,57.6,0,CONCEPT_NOT_FIT_VALIDATED
DUC-B-01209,p6-4x2,Yellow,#F4EE2A,16,1202,57.0,27.0,57.6,0,CONCEPT_NOT_FIT_VALIDATED
DUC-B-01210,p6-4x2,Yellow,#F4EE2A,16,1203,57.0,39.0,57.6,0,CONCEPT_NOT_FIT_VALIDATED
DUC-B-01211,p6-4x2,Yellow,#F4EE2A,16,1204,57.0,51.0,57.6,0,CONCEPT_NOT_FIT_VALIDATED
DUC-B-01108,p6-2x1,Yellow,#F4EE2A,15,1205,66.0,57.0,54.0,90,CONCEPT_NOT_FIT_VALIDATED
DUC-B-01023,p6-1x1,Yellow,#F4EE2A,14,1206,66.0,54.0,50.4,0,CONCEPT_NOT_FIT_VALIDATED
DUC-B-01212,p6-3x2,Yellow,#F4EE2A,16,1207,54.0,63.0,57.6,0,CONCEPT_NOT_FIT_VALIDATED
DUC-B-01110,p6-1x1,Yellow,#F4EE2A,15,1208,54.0,66.0,54.0,0,CONCEPT_NOT_FIT_VALIDATED
DUC-B-01214,p6-1x1,Yellow,#F4EE2A,16,1209,54.0,-42.0,57.6,0,CONCEPT_NOT_FIT_VALIDATED
DUC-B-01215,p6-1x1,Yellow,#F4EE2A,16,1210,66.0,-18.0,57.6,0,CONCEPT_NOT_FIT_VALIDATED
DUC-B-01216,p6-1x1,Yellow,#F4EE2A,16,1211,66.0,60.0,57.6,0,CONCEPT_NOT_FIT_VALIDATED
DUC-B-01218,p6-2x1,Yellow,#F4EE2A,16,1212,72.0,27.0,57.6,90,CONCEPT_NOT_FIT_VALIDATED
DUC-B-01082,p6-2x1,Yellow,#F4EE2A,15,1213,72.0,21.0,54.0,90,CONCEPT_NOT_FIT_VALIDATED
DUC-B-01024,p6-1x1,Yellow,#F4EE2A,14,1214,72.0,24.0,50.4,0,CONCEPT_NOT_FIT_VALIDATED
DUC-B-01217,p6-1x1,Yellow,#F4EE2A,16,1215,72.0,18.0,57.6,0,CONCEPT_NOT_FIT_VALIDATED
DUC-B-01219,p6-2x1,Yellow,#F4EE2A,16,1216,72.0,39.0,57.6,90,CONCEPT_NOT_FIT_VALIDATED
DUC-B-01221,p6-4x1,Yellow,#F4EE2A,17,1217,-6.0,-63.0,61.2,90,CONCEPT_NOT_FIT_VALIDATED
DUC-B-01222,p6-4x2,Yellow,#F4EE2A,17,1218,3.0,-63.0,61.2,90,CONCEPT_NOT_FIT_VALIDATED
DUC-B-01223,p6-3x2,Yellow,#F4EE2A,17,1219,-21.0,-60.0,61.2,90,CONCEPT_NOT_FIT_VALIDATED
DUC-B-01224,p6-3x1,Yellow,#F4EE2A,17,1220,-12.0,-60.0,61.2,90,CONCEPT_NOT_FIT_VALIDATED
DUC-B-01225,p6-3x2,Yellow,#F4EE2A,17,1221,15.0,-60.0,61.2,90,CONCEPT_NOT_FIT_VALIDATED
DUC-B-01226,p6-3x1,Yellow,#F4EE2A,17,1222,24.0,-60.0,61.2,90,CONCEPT_NOT_FIT_VALIDATED
DUC-B-01227,p6-2x2,Yellow,#F4EE2A,17,1223,-33.0,-57.0,61.2,0,CONCEPT_NOT_FIT_VALIDATED
DUC-B-01228,p6-2x1,Yellow,#F4EE2A,17,1224,30.0,-57.0,61.2,90,CONCEPT_NOT_FIT_VALIDATED
DUC-B-01229,p6-2x1,Yellow,#F4EE2A,17,1225,36.0,-57.0,61.2,90,CONCEPT_NOT_FIT_VALIDATED
DUC-B-01230,p6-1x1,Yellow,#F4EE2A,17,1226,-42.0,-54.0,61.2,0,CONCEPT_NOT_FIT_VALIDATED
DUC-B-01231,p6-1x1,Yellow,#F4EE2A,17,1227,42.0,-54.0,61.2,0,CONCEPT_NOT_FIT_VALIDATED
DUC-B-01232,p6-4x2,Yellow,#F4EE2A,17,1228,-45.0,-39.0,61.2,90,CONCEPT_NOT_FIT_VALIDATED
DUC-B-01233,p6-4x2,Yellow,#F4EE2A,17,1229,-33.0,-39.0,61.2,90,CONCEPT_NOT_FIT_VALIDATED
DUC-B-01234,p6-4x2,Yellow,#F4EE2A,17,1230,-21.0,-39.0,61.2,90,CONCEPT_NOT_FIT_VALIDATED
DUC-B-01235,p6-4x2,Yellow,#F4EE2A,17,1231,-9.0,-39.0,61.2,90,CONCEPT_NOT_FIT_VALIDATED
DUC-B-01236,p6-4x2,Yellow,#F4EE2A,17,1232,3.0,-39.0,61.2,90,CONCEPT_NOT_FIT_VALIDATED
DUC-B-01237,p6-4x2,Yellow,#F4EE2A,17,1233,15.0,-39.0,61.2,90,CONCEPT_NOT_FIT_VALIDATED
DUC-B-01238,p6-4x2,Yellow,#F4EE2A,17,1234,27.0,-39.0,61.2,90,CONCEPT_NOT_FIT_VALIDATED
DUC-B-01239,p6-4x2,Yellow,#F4EE2A,17,1235,39.0,-39.0,61.2,90,CONCEPT_NOT_FIT_VALIDATED
DUC-B-01240,p6-4x1,Yellow,#F4EE2A,17,1236,48.0,-39.0,61.2,90,CONCEPT_NOT_FIT_VALIDATED
DUC-B-01241,p6-3x1,Yellow,#F4EE2A,17,1237,-54.0,-36.0,61.2,90,CONCEPT_NOT_FIT_VALIDATED
DUC-B-01242,p6-3x1,Yellow,#F4EE2A,17,1238,54.0,-36.0,61.2,90,CONCEPT_NOT_FIT_VALIDATED
DUC-B-01243,p6-1x1,Yellow,#F4EE2A,17,1239,-60.0,-30.0,61.2,0,CONCEPT_NOT_FIT_VALIDATED
DUC-B-01244,p6-1x1,Yellow,#F4EE2A,17,1240,60.0,-30.0,61.2,0,CONCEPT_NOT_FIT_VALIDATED
DUC-B-01245,p6-4x2,Yellow,#F4EE2A,17,1241,-57.0,-15.0,61.2,90,CONCEPT_NOT_FIT_VALIDATED
DUC-B-01246,p6-4x2,Yellow,#F4EE2A,17,1242,-45.0,-15.0,61.2,90,CONCEPT_NOT_FIT_VALIDATED
DUC-B-01247,p6-4x2,Yellow,#F4EE2A,17,1243,-33.0,-15.0,61.2,90,CONCEPT_NOT_FIT_VALIDATED
DUC-B-01248,p6-4x2,Yellow,#F4EE2A,17,1244,-21.0,-15.0,61.2,90,CONCEPT_NOT_FIT_VALIDATED
DUC-B-01249,p6-4x2,Yellow,#F4EE2A,17,1245,-9.0,-15.0,61.2,90,CONCEPT_NOT_FIT_VALIDATED
DUC-B-01250,p6-4x2,Yellow,#F4EE2A,17,1246,3.0,-15.0,61.2,90,CONCEPT_NOT_FIT_VALIDATED
DUC-B-01251,p6-4x2,Yellow,#F4EE2A,17,1247,15.0,-15.0,61.2,90,CONCEPT_NOT_FIT_VALIDATED
DUC-B-01252,p6-4x2,Yellow,#F4EE2A,17,1248,27.0,-15.0,61.2,90,CONCEPT_NOT_FIT_VALIDATED
DUC-B-01253,p6-4x2,Yellow,#F4EE2A,17,1249,39.0,-15.0,61.2,90,CONCEPT_NOT_FIT_VALIDATED
DUC-B-01254,p6-4x2,Yellow,#F4EE2A,17,1250,51.0,-15.0,61.2,90,CONCEPT_NOT_FIT_VALIDATED
DUC-B-01255,p6-4x1,Yellow,#F4EE2A,17,1251,60.0,-15.0,61.2,90,CONCEPT_NOT_FIT_VALIDATED
DUC-B-01256,p6-3x1,Yellow,#F4EE2A,17,1252,-66.0,-12.0,61.2,90,CONCEPT_NOT_FIT_VALIDATED
DUC-B-01257,p6-3x1,Yellow,#F4EE2A,17,1253,66.0,-12.0,61.2,90,CONCEPT_NOT_FIT_VALIDATED
DUC-B-01258,p6-4x1,Yellow,#F4EE2A,17,1254,-66.0,9.0,61.2,90,CONCEPT_NOT_FIT_VALIDATED
DUC-B-01259,p6-4x2,Yellow,#F4EE2A,17,1255,-57.0,9.0,61.2,90,CONCEPT_NOT_FIT_VALIDATED
DUC-B-01260,p6-4x2,Yellow,#F4EE2A,17,1256,-45.0,9.0,61.2,90,CONCEPT_NOT_FIT_VALIDATED
DUC-B-01261,p6-4x2,Yellow,#F4EE2A,17,1257,-33.0,9.0,61.2,90,CONCEPT_NOT_FIT_VALIDATED
DUC-B-01262,p6-4x2,Yellow,#F4EE2A,17,1258,-21.0,9.0,61.2,90,CONCEPT_NOT_FIT_VALIDATED
DUC-B-01263,p6-4x2,Yellow,#F4EE2A,17,1259,-9.0,9.0,61.2,90,CONCEPT_NOT_FIT_VALIDATED
DUC-B-01264,p6-4x2,Yellow,#F4EE2A,17,1260,3.0,9.0,61.2,90,CONCEPT_NOT_FIT_VALIDATED
DUC-B-01265,p6-4x2,Yellow,#F4EE2A,17,1261,15.0,9.0,61.2,90,CONCEPT_NOT_FIT_VALIDATED
DUC-B-01266,p6-4x2,Yellow,#F4EE2A,17,1262,27.0,9.0,61.2,90,CONCEPT_NOT_FIT_VALIDATED
DUC-B-01267,p6-4x2,Yellow,#F4EE2A,17,1263,39.0,9.0,61.2,90,CONCEPT_NOT_FIT_VALIDATED
DUC-B-01268,p6-4x2,Yellow,#F4EE2A,17,1264,51.0,9.0,61.2,90,CONCEPT_NOT_FIT_VALIDATED
DUC-B-01269,p6-4x2,Yellow,#F4EE2A,17,1265,63.0,9.0,61.2,90,CONCEPT_NOT_FIT_VALIDATED
DUC-B-01270,p6-1x1,Yellow,#F4EE2A,17,1266,-72.0,18.0,61.2,0,CONCEPT_NOT_FIT_VALIDATED
DUC-B-01271,p6-1x1,Yellow,#F4EE2A,17,1267,72.0,18.0,61.2,0,CONCEPT_NOT_FIT_VALIDATED
DUC-B-01272,p6-4x2,Yellow,#F4EE2A,17,1268,-69.0,33.0,61.2,90,CONCEPT_NOT_FIT_VALIDATED
DUC-B-01273,p6-4x2,Yellow,#F4EE2A,17,1269,-57.0,33.0,61.2,90,CONCEPT_NOT_FIT_VALIDATED
DUC-B-01274,p6-4x2,Yellow,#F4EE2A,17,1270,-45.0,33.0,61.2,90,CONCEPT_NOT_FIT_VALIDATED
DUC-B-01275,p6-4x2,Yellow,#F4EE2A,17,1271,-33.0,33.0,61.2,90,CONCEPT_NOT_FIT_VALIDATED
DUC-B-01276,p6-4x2,Yellow,#F4EE2A,17,1272,-21.0,33.0,61.2,90,CONCEPT_NOT_FIT_VALIDATED
DUC-B-01277,p6-4x2,Yellow,#F4EE2A,17,1273,-9.0,33.0,61.2,90,CONCEPT_NOT_FIT_VALIDATED
DUC-B-01278,p6-4x2,Yellow,#F4EE2A,17,1274,3.0,33.0,61.2,90,CONCEPT_NOT_FIT_VALIDATED
DUC-B-01279,p6-4x2,Yellow,#F4EE2A,17,1275,15.0,33.0,61.2,90,CONCEPT_NOT_FIT_VALIDATED
DUC-B-01280,p6-4x2,Yellow,#F4EE2A,17,1276,27.0,33.0,61.2,90,CONCEPT_NOT_FIT_VALIDATED
DUC-B-01281,p6-4x2,Yellow,#F4EE2A,17,1277,39.0,33.0,61.2,90,CONCEPT_NOT_FIT_VALIDATED
DUC-B-01282,p6-4x2,Yellow,#F4EE2A,17,1278,51.0,33.0,61.2,90,CONCEPT_NOT_FIT_VALIDATED
DUC-B-01283,p6-4x2,Yellow,#F4EE2A,17,1279,63.0,33.0,61.2,90,CONCEPT_NOT_FIT_VALIDATED
DUC-B-01284,p6-4x1,Yellow,#F4EE2A,17,1280,72.0,33.0,61.2,90,CONCEPT_NOT_FIT_VALIDATED
DUC-B-01285,p6-2x1,Yellow,#F4EE2A,17,1281,-69.0,48.0,61.2,0,CONCEPT_NOT_FIT_VALIDATED
DUC-B-01286,p6-4x2,Yellow,#F4EE2A,17,1282,-57.0,57.0,61.2,90,CONCEPT_NOT_FIT_VALIDATED
DUC-B-01287,p6-4x2,Yellow,#F4EE2A,17,1283,-45.0,57.0,61.2,90,CONCEPT_NOT_FIT_VALIDATED
DUC-B-01288,p6-4x2,Yellow,#F4EE2A,17,1284,-33.0,57.0,61.2,90,CONCEPT_NOT_FIT_VALIDATED
DUC-B-01289,p6-4x2,Yellow,#F4EE2A,17,1285,-21.0,57.0,61.2,90,CONCEPT_NOT_FIT_VALIDATED
DUC-B-01290,p6-4x2,Yellow,#F4EE2A,17,1286,-9.0,57.0,61.2,90,CONCEPT_NOT_FIT_VALIDATED
DUC-B-01291,p6-4x2,Yellow,#F4EE2A,17,1287,3.0,57.0,61.2,90,CONCEPT_NOT_FIT_VALIDATED
DUC-B-01292,p6-4x2,Yellow,#F4EE2A,17,1288,15.0,57.0,61.2,90,CONCEPT_NOT_FIT_VALIDATED
DUC-B-01293,p6-4x2,Yellow,#F4EE2A,17,1289,27.0,57.0,61.2,90,CONCEPT_NOT_FIT_VALIDATED
DUC-B-01294,p6-4x2,Yellow,#F4EE2A,17,1290,39.0,57.0,61.2,90,CONCEPT_NOT_FIT_VALIDATED
DUC-B-01295,p6-4x2,Yellow,#F4EE2A,17,1291,51.0,57.0,61.2,90,CONCEPT_NOT_FIT_VALIDATED
DUC-B-01296,p6-4x2,Yellow,#F4EE2A,17,1292,63.0,57.0,61.2,90,CONCEPT_NOT_FIT_VALIDATED
DUC-B-01298,p6-3x1,Yellow,#F4EE2A,17,1293,-66.0,60.0,61.2,90,CONCEPT_NOT_FIT_VALIDATED
DUC-B-01300,p6-2x1,Yellow,#F4EE2A,17,1294,-45.0,72.0,61.2,0,CONCEPT_NOT_FIT_VALIDATED
DUC-B-01301,p6-3x2,Yellow,#F4EE2A,17,1295,-33.0,78.0,61.2,90,CONCEPT_NOT_FIT_VALIDATED
DUC-B-01302,p6-4x2,Yellow,#F4EE2A,17,1296,-21.0,81.0,61.2,90,CONCEPT_NOT_FIT_VALIDATED
DUC-B-01303,p6-4x2,Yellow,#F4EE2A,17,1297,-9.0,81.0,61.2,90,CONCEPT_NOT_FIT_VALIDATED
DUC-B-01304,p6-4x2,Yellow,#F4EE2A,17,1298,3.0,81.0,61.2,90,CONCEPT_NOT_FIT_VALIDATED
DUC-B-01305,p6-4x2,Yellow,#F4EE2A,17,1299,15.0,81.0,61.2,90,CONCEPT_NOT_FIT_VALIDATED
DUC-B-01306,p6-4x2,Yellow,#F4EE2A,17,1300,27.0,81.0,61.2,90,CONCEPT_NOT_FIT_VALIDATED
DUC-B-01307,p6-2x2,Yellow,#F4EE2A,17,1301,39.0,75.0,61.2,0,CONCEPT_NOT_FIT_VALIDATED
DUC-B-01310,p6-1x1,Yellow,#F4EE2A,17,1302,-42.0,78.0,61.2,0,CONCEPT_NOT_FIT_VALIDATED
DUC-B-01313,p6-2x1,Yellow,#F4EE2A,17,1303,-21.0,96.0,61.2,0,CONCEPT_NOT_FIT_VALIDATED
DUC-B-01314,p6-2x2,Yellow,#F4EE2A,17,1304,-9.0,99.0,61.2,0,CONCEPT_NOT_FIT_VALIDATED
DUC-B-01315,p6-2x2,Yellow,#F4EE2A,17,1305,3.0,99.0,61.2,0,CONCEPT_NOT_FIT_VALIDATED
DUC-B-01184,p6-1x1,Yellow,#F4EE2A,16,1306,0.0,102.0,57.6,0,CONCEPT_NOT_FIT_VALIDATED
DUC-B-01316,p6-2x1,Yellow,#F4EE2A,17,1307,12.0,99.0,61.2,90,CONCEPT_NOT_FIT_VALIDATED
DUC-B-01317,p6-1x1,Yellow,#F4EE2A,17,1308,18.0,96.0,61.2,0,CONCEPT_NOT_FIT_VALIDATED
DUC-B-01319,p6-3x2,Yellow,#F4EE2A,18,1309,-66.0,21.0,64.8,0,CONCEPT_NOT_FIT_VALIDATED
DUC-B-01320,p6-3x2,Yellow,#F4EE2A,18,1310,-66.0,33.0,64.8,0,CONCEPT_NOT_FIT_VALIDATED
DUC-B-01321,p6-3x2,Yellow,#F4EE2A,18,1311,-66.0,45.0,64.8,0,CONCEPT_NOT_FIT_VALIDATED
DUC-B-01322,p6-3x1,Yellow,#F4EE2A,18,1312,-66.0,54.0,64.8,0,CONCEPT_NOT_FIT_VALIDATED
DUC-B-01323,p6-2x1,Yellow,#F4EE2A,18,1313,-63.0,-12.0,64.8,0,CONCEPT_NOT_FIT_VALIDATED
DUC-B-01324,p6-2x2,Yellow,#F4EE2A,18,1314,-63.0,-3.0,64.8,0,CONCEPT_NOT_FIT_VALIDATED
DUC-B-01325,p6-2x2,Yellow,#F4EE2A,18,1315,-63.0,9.0,64.8,0,CONCEPT_NOT_FIT_VALIDATED
DUC-B-01326,p6-2x1,Yellow,#F4EE2A,18,1316,-63.0,60.0,64.8,0,CONCEPT_NOT_FIT_VALIDATED
DUC-B-01327,p6-2x1,Yellow,#F4EE2A,18,1317,-63.0,66.0,64.8,0,CONCEPT_NOT_FIT_VALIDATED
DUC-B-01328,p6-2x1,Yellow,#F4EE2A,18,1318,-60.0,-27.0,64.8,90,CONCEPT_NOT_FIT_VALIDATED
DUC-B-01329,p6-1x1,Yellow,#F4EE2A,18,1319,-60.0,-18.0,64.8,0,CONCEPT_NOT_FIT_VALIDATED
DUC-B-01331,p6-4x2,Yellow,#F4EE2A,18,1320,-45.0,-39.0,64.8,0,CONCEPT_NOT_FIT_VALIDATED
DUC-B-01332,p6-4x2,Yellow,#F4EE2A,18,1321,-45.0,-27.0,64.8,0,CONCEPT_NOT_FIT_VALIDATED
DUC-B-01333,p6-4x2,Yellow,#F4EE2A,18,1322,-45.0,-15.0,64.8,0,CONCEPT_NOT_FIT_VALIDATED
DUC-B-01334,p6-4x2,Yellow,#F4EE2A,18,1323,-45.0,-3.0,64.8,0,CONCEPT_NOT_FIT_VALIDATED
DUC-B-01335,p6-4x2,Yellow,#F4EE2A,18,1324,-45.0,9.0,64.8,0,CONCEPT_NOT_FIT_VALIDATED
DUC-B-01336,p6-4x2,Yellow,#F4EE2A,18,1325,-45.0,21.0,64.8,0,CONCEPT_NOT_FIT_VALIDATED
DUC-B-01337,p6-4x2,Yellow,#F4EE2A,18,1326,-45.0,33.0,64.8,0,CONCEPT_NOT_FIT_VALIDATED
DUC-B-01338,p6-4x2,Yellow,#F4EE2A,18,1327,-45.0,45.0,64.8,0,CONCEPT_NOT_FIT_VALIDATED
DUC-B-01339,p6-4x2,Yellow,#F4EE2A,18,1328,-45.0,57.0,64.8,0,CONCEPT_NOT_FIT_VALIDATED
DUC-B-01340,p6-4x2,Yellow,#F4EE2A,18,1329,-45.0,69.0,64.8,0,CONCEPT_NOT_FIT_VALIDATED
DUC-B-01299,p6-2x1,Yellow,#F4EE2A,17,1330,-57.0,72.0,61.2,0,CONCEPT_NOT_FIT_VALIDATED
DUC-B-01136,p6-1x1,Yellow,#F4EE2A,16,1331,-54.0,72.0,57.6,0,CONCEPT_NOT_FIT_VALIDATED
DUC-B-01330,p6-1x1,Yellow,#F4EE2A,18,1332,-60.0,72.0,64.8,0,CONCEPT_NOT_FIT_VALIDATED
DUC-B-01341,p6-4x1,Yellow,#F4EE2A,18,1333,-45.0,78.0,64.8,0,CONCEPT_NOT_FIT_VALIDATED
DUC-B-01342,p6-3x1,Yellow,#F4EE2A,18,1334,-42.0,-48.0,64.8,0,CONCEPT_NOT_FIT_VALIDATED
DUC-B-01343,p6-2x1,Yellow,#F4EE2A,18,1335,-39.0,-54.0,64.8,0,CONCEPT_NOT_FIT_VALIDATED
DUC-B-01344,p6-1x1,Yellow,#F4EE2A,18,1336,-36.0,84.0,64.8,0,CONCEPT_NOT_FIT_VALIDATED
DUC-B-01345,p6-4x1,Yellow,#F4EE2A,18,1337,-21.0,-60.0,64.8,0,CONCEPT_NOT_FIT_VALIDATED
DUC-B-01346,p6-4x2,Yellow,#F4EE2A,18,1338,-21.0,-51.0,64.8,0,CONCEPT_NOT_FIT_VALIDATED
DUC-B-01347,p6-4x2,Yellow,#F4EE2A,18,1339,-21.0,-39.0,64.8,0,CONCEPT_NOT_FIT_VALIDATED
DUC-B-01348,p6-4x2,Yellow,#F4EE2A,18,1340,-21.0,-27.0,64.8,0,CONCEPT_NOT_FIT_VALIDATED
DUC-B-01349,p6-4x2,Yellow,#F4EE2A,18,1341,-21.0,-15.0,64.8,0,CONCEPT_NOT_FIT_VALIDATED
DUC-B-01350,p6-4x2,Yellow,#F4EE2A,18,1342,-21.0,-3.0,64.8,0,CONCEPT_NOT_FIT_VALIDATED
DUC-B-01351,p6-4x2,Yellow,#F4EE2A,18,1343,-21.0,9.0,64.8,0,CONCEPT_NOT_FIT_VALIDATED
DUC-B-01352,p6-4x2,Yellow,#F4EE2A,18,1344,-21.0,21.0,64.8,0,CONCEPT_NOT_FIT_VALIDATED
DUC-B-01353,p6-4x2,Yellow,#F4EE2A,18,1345,-21.0,33.0,64.8,0,CONCEPT_NOT_FIT_VALIDATED
DUC-B-01354,p6-4x2,Yellow,#F4EE2A,18,1346,-21.0,45.0,64.8,0,CONCEPT_NOT_FIT_VALIDATED
DUC-B-01355,p6-4x2,Yellow,#F4EE2A,18,1347,-21.0,57.0,64.8,0,CONCEPT_NOT_FIT_VALIDATED
DUC-B-01356,p6-4x2,Yellow,#F4EE2A,18,1348,-21.0,69.0,64.8,0,CONCEPT_NOT_FIT_VALIDATED
DUC-B-01357,p6-4x2,Yellow,#F4EE2A,18,1349,-21.0,81.0,64.8,0,CONCEPT_NOT_FIT_VALIDATED
DUC-B-01358,p6-4x1,Yellow,#F4EE2A,18,1350,-21.0,90.0,64.8,0,CONCEPT_NOT_FIT_VALIDATED
DUC-B-01312,p6-1x1,Yellow,#F4EE2A,17,1351,-30.0,90.0,61.2,0,CONCEPT_NOT_FIT_VALIDATED
DUC-B-01359,p6-3x1,Yellow,#F4EE2A,18,1352,-18.0,-66.0,64.8,0,CONCEPT_NOT_FIT_VALIDATED
DUC-B-01360,p6-3x1,Yellow,#F4EE2A,18,1353,-18.0,96.0,64.8,0,CONCEPT_NOT_FIT_VALIDATED
DUC-B-01361,p6-2x1,Yellow,#F4EE2A,18,1354,-15.0,102.0,64.8,0,CONCEPT_NOT_FIT_VALIDATED
DUC-B-01362,p6-4x2,Yellow,#F4EE2A,18,1355,3.0,-63.0,64.8,0,CONCEPT_NOT_FIT_VALIDATED
DUC-B-01363,p6-4x2,Yellow,#F4EE2A,18,1356,3.0,-51.0,64.8,0,CONCEPT_NOT_FIT_VALIDATED
DUC-B-01364,p6-4x2,Yellow,#F4EE2A,18,1357,3.0,-39.0,64.8,0,CONCEPT_NOT_FIT_VALIDATED
DUC-B-01365,p6-4x2,Yellow,#F4EE2A,18,1358,3.0,-27.0,64.8,0,CONCEPT_NOT_FIT_VALIDATED
DUC-B-01366,p6-4x2,Yellow,#F4EE2A,18,1359,3.0,-15.0,64.8,0,CONCEPT_NOT_FIT_VALIDATED
DUC-B-01367,p6-4x2,Yellow,#F4EE2A,18,1360,3.0,-3.0,64.8,0,CONCEPT_NOT_FIT_VALIDATED
DUC-B-01368,p6-4x2,Yellow,#F4EE2A,18,1361,3.0,9.0,64.8,0,CONCEPT_NOT_FIT_VALIDATED
DUC-B-01369,p6-4x2,Yellow,#F4EE2A,18,1362,3.0,21.0,64.8,0,CONCEPT_NOT_FIT_VALIDATED
DUC-B-01370,p6-4x2,Yellow,#F4EE2A,18,1363,3.0,33.0,64.8,0,CONCEPT_NOT_FIT_VALIDATED
DUC-B-01371,p6-4x2,Yellow,#F4EE2A,18,1364,3.0,45.0,64.8,0,CONCEPT_NOT_FIT_VALIDATED
DUC-B-01372,p6-4x2,Yellow,#F4EE2A,18,1365,3.0,57.0,64.8,0,CONCEPT_NOT_FIT_VALIDATED
DUC-B-01373,p6-4x2,Yellow,#F4EE2A,18,1366,3.0,69.0,64.8,0,CONCEPT_NOT_FIT_VALIDATED
DUC-B-01374,p6-4x2,Yellow,#F4EE2A,18,1367,3.0,81.0,64.8,0,CONCEPT_NOT_FIT_VALIDATED
DUC-B-01375,p6-4x2,Yellow,#F4EE2A,18,1368,3.0,93.0,64.8,0,CONCEPT_NOT_FIT_VALIDATED
DUC-B-01376,p6-4x1,Yellow,#F4EE2A,18,1369,3.0,102.0,64.8,0,CONCEPT_NOT_FIT_VALIDATED
DUC-B-01377,p6-2x2,Yellow,#F4EE2A,18,1370,21.0,-63.0,64.8,0,CONCEPT_NOT_FIT_VALIDATED
DUC-B-01378,p6-4x2,Yellow,#F4EE2A,18,1371,27.0,-51.0,64.8,0,CONCEPT_NOT_FIT_VALIDATED
DUC-B-01379,p6-4x2,Yellow,#F4EE2A,18,1372,27.0,-39.0,64.8,0,CONCEPT_NOT_FIT_VALIDATED
DUC-B-01380,p6-4x2,Yellow,#F4EE2A,18,1373,27.0,-27.0,64.8,0,CONCEPT_NOT_FIT_VALIDATED
DUC-B-01381,p6-4x2,Yellow,#F4EE2A,18,1374,27.0,-15.0,64.8,0,CONCEPT_NOT_FIT_VALIDATED
DUC-B-01382,p6-4x2,Yellow,#F4EE2A,18,1375,27.0,-3.0,64.8,0,CONCEPT_NOT_FIT_VALIDATED
DUC-B-01383,p6-4x2,Yellow,#F4EE2A,18,1376,27.0,9.0,64.8,0,CONCEPT_NOT_FIT_VALIDATED
DUC-B-01384,p6-4x2,Yellow,#F4EE2A,18,1377,27.0,21.0,64.8,0,CONCEPT_NOT_FIT_VALIDATED
DUC-B-01385,p6-4x2,Yellow,#F4EE2A,18,1378,27.0,33.0,64.8,0,CONCEPT_NOT_FIT_VALIDATED
DUC-B-01386,p6-4x2,Yellow,#F4EE2A,18,1379,27.0,45.0,64.8,0,CONCEPT_NOT_FIT_VALIDATED
DUC-B-01387,p6-4x2,Yellow,#F4EE2A,18,1380,27.0,57.0,64.8,0,CONCEPT_NOT_FIT_VALIDATED
DUC-B-01388,p6-4x2,Yellow,#F4EE2A,18,1381,27.0,69.0,64.8,0,CONCEPT_NOT_FIT_VALIDATED
DUC-B-01389,p6-4x2,Yellow,#F4EE2A,18,1382,27.0,81.0,64.8,0,CONCEPT_NOT_FIT_VALIDATED
DUC-B-01311,p6-1x1,Yellow,#F4EE2A,17,1383,36.0,84.0,61.2,0,CONCEPT_NOT_FIT_VALIDATED
DUC-B-01390,p6-2x2,Yellow,#F4EE2A,18,1384,21.0,93.0,64.8,0,CONCEPT_NOT_FIT_VALIDATED
DUC-B-01318,p6-1x1,Yellow,#F4EE2A,17,1385,24.0,96.0,61.2,0,CONCEPT_NOT_FIT_VALIDATED
DUC-B-01392,p6-1x1,Yellow,#F4EE2A,18,1386,30.0,-60.0,64.8,0,CONCEPT_NOT_FIT_VALIDATED
DUC-B-01393,p6-1x1,Yellow,#F4EE2A,18,1387,30.0,90.0,64.8,0,CONCEPT_NOT_FIT_VALIDATED
DUC-B-01394,p6-2x1,Yellow,#F4EE2A,18,1388,42.0,-51.0,64.8,90,CONCEPT_NOT_FIT_VALIDATED
DUC-B-01395,p6-3x2,Yellow,#F4EE2A,18,1389,48.0,-39.0,64.8,0,CONCEPT_NOT_FIT_VALIDATED
DUC-B-01396,p6-4x2,Yellow,#F4EE2A,18,1390,51.0,-27.0,64.8,0,CONCEPT_NOT_FIT_VALIDATED
DUC-B-01397,p6-4x2,Yellow,#F4EE2A,18,1391,51.0,-15.0,64.8,0,CONCEPT_NOT_FIT_VALIDATED
DUC-B-01398,p6-4x2,Yellow,#F4EE2A,18,1392,51.0,-3.0,64.8,0,CONCEPT_NOT_FIT_VALIDATED
DUC-B-01399,p6-4x2,Yellow,#F4EE2A,18,1393,51.0,9.0,64.8,0,CONCEPT_NOT_FIT_VALIDATED
DUC-B-01400,p6-4x2,Yellow,#F4EE2A,18,1394,51.0,21.0,64.8,0,CONCEPT_NOT_FIT_VALIDATED
DUC-B-01401,p6-4x2,Yellow,#F4EE2A,18,1395,51.0,33.0,64.8,0,CONCEPT_NOT_FIT_VALIDATED
DUC-B-01402,p6-4x2,Yellow,#F4EE2A,18,1396,51.0,45.0,64.8,0,CONCEPT_NOT_FIT_VALIDATED
DUC-B-01403,p6-4x2,Yellow,#F4EE2A,18,1397,51.0,57.0,64.8,0,CONCEPT_NOT_FIT_VALIDATED
DUC-B-01404,p6-4x2,Yellow,#F4EE2A,18,1398,51.0,69.0,64.8,0,CONCEPT_NOT_FIT_VALIDATED
DUC-B-01308,p6-2x1,Yellow,#F4EE2A,17,1399,51.0,72.0,61.2,0,CONCEPT_NOT_FIT_VALIDATED
DUC-B-01213,p6-2x1,Yellow,#F4EE2A,16,1400,51.0,72.0,57.6,0,CONCEPT_NOT_FIT_VALIDATED
DUC-B-01309,p6-1x1,Yellow,#F4EE2A,17,1401,60.0,72.0,61.2,0,CONCEPT_NOT_FIT_VALIDATED
DUC-B-01405,p6-3x1,Yellow,#F4EE2A,18,1402,48.0,78.0,64.8,0,CONCEPT_NOT_FIT_VALIDATED
DUC-B-01406,p6-1x1,Yellow,#F4EE2A,18,1403,48.0,-48.0,64.8,0,CONCEPT_NOT_FIT_VALIDATED
DUC-B-01407,p6-1x1,Yellow,#F4EE2A,18,1404,66.0,-12.0,64.8,0,CONCEPT_NOT_FIT_VALIDATED
DUC-B-01408,p6-2x1,Yellow,#F4EE2A,18,1405,66.0,-3.0,64.8,90,CONCEPT_NOT_FIT_VALIDATED
DUC-B-01409,p6-2x1,Yellow,#F4EE2A,18,1406,66.0,9.0,64.8,90,CONCEPT_NOT_FIT_VALIDATED
DUC-B-01410,p6-2x2,Yellow,#F4EE2A,18,1407,69.0,21.0,64.8,0,CONCEPT_NOT_FIT_VALIDATED
DUC-B-01411,p6-2x2,Yellow,#F4EE2A,18,1408,69.0,33.0,64.8,0,CONCEPT_NOT_FIT_VALIDATED
DUC-B-01412,p6-2x2,Yellow,#F4EE2A,18,1409,69.0,45.0,64.8,0,CONCEPT_NOT_FIT_VALIDATED
DUC-B-01297,p6-1x1,Yellow,#F4EE2A,17,1410,72.0,48.0,61.2,0,CONCEPT_NOT_FIT_VALIDATED
DUC-B-01220,p6-1x1,Yellow,#F4EE2A,16,1411,72.0,48.0,57.6,0,CONCEPT_NOT_FIT_VALIDATED
DUC-B-01413,p6-2x1,Yellow,#F4EE2A,18,1412,69.0,54.0,64.8,0,CONCEPT_NOT_FIT_VALIDATED
DUC-B-01414,p6-1x1,Yellow,#F4EE2A,18,1413,66.0,60.0,64.8,0,CONCEPT_NOT_FIT_VALIDATED
DUC-B-01415,p6-1x1,Yellow,#F4EE2A,18,1414,66.0,66.0,64.8,0,CONCEPT_NOT_FIT_VALIDATED
DUC-B-01416,p6-2x1,Yellow,#F4EE2A,19,1415,-12.0,-63.0,68.4,90,CONCEPT_NOT_FIT_VALIDATED
DUC-B-01417,p6-2x2,Yellow,#F4EE2A,19,1416,-3.0,-63.0,68.4,0,CONCEPT_NOT_FIT_VALIDATED
DUC-B-01418,p6-2x2,Yellow,#F4EE2A,19,1417,9.0,-63.0,68.4,0,CONCEPT_NOT_FIT_VALIDATED
DUC-B-01419,p6-2x1,Yellow,#F4EE2A,19,1418,-27.0,-60.0,68.4,0,CONCEPT_NOT_FIT_VALIDATED
DUC-B-01420,p6-1x1,Yellow,#F4EE2A,19,1419,-18.0,-60.0,68.4,0,CONCEPT_NOT_FIT_VALIDATED
DUC-B-01421,p6-2x1,Yellow,#F4EE2A,19,1420,21.0,-60.0,68.4,0,CONCEPT_NOT_FIT_VALIDATED
DUC-B-01422,p6-1x1,Yellow,#F4EE2A,19,1421,30.0,-60.0,68.4,0,CONCEPT_NOT_FIT_VALIDATED
DUC-B-01423,p6-4x1,Yellow,#F4EE2A,19,1422,-36.0,-45.0,68.4,90,CONCEPT_NOT_FIT_VALIDATED
DUC-B-01424,p6-4x2,Yellow,#F4EE2A,19,1423,-27.0,-45.0,68.4,90,CONCEPT_NOT_FIT_VALIDATED
DUC-B-01425,p6-4x2,Yellow,#F4EE2A,19,1424,-15.0,-45.0,68.4,90,CONCEPT_NOT_FIT_VALIDATED
DUC-B-01426,p6-4x2,Yellow,#F4EE2A,19,1425,-3.0,-45.0,68.4,90,CONCEPT_NOT_FIT_VALIDATED
DUC-B-01427,p6-4x2,Yellow,#F4EE2A,19,1426,9.0,-45.0,68.4,90,CONCEPT_NOT_FIT_VALIDATED
DUC-B-01428,p6-4x2,Yellow,#F4EE2A,19,1427,21.0,-45.0,68.4,90,CONCEPT_NOT_FIT_VALIDATED
DUC-B-01429,p6-4x2,Yellow,#F4EE2A,19,1428,33.0,-45.0,68.4,90,CONCEPT_NOT_FIT_VALIDATED
DUC-B-01430,p6-3x1,Yellow,#F4EE2A,19,1429,-48.0,-42.0,68.4,90,CONCEPT_NOT_FIT_VALIDATED
DUC-B-01431,p6-3x1,Yellow,#F4EE2A,19,1430,-42.0,-42.0,68.4,90,CONCEPT_NOT_FIT_VALIDATED
DUC-B-01432,p6-3x2,Yellow,#F4EE2A,19,1431,45.0,-42.0,68.4,90,CONCEPT_NOT_FIT_VALIDATED
DUC-B-01433,p6-1x1,Yellow,#F4EE2A,19,1432,-54.0,-36.0,68.4,0,CONCEPT_NOT_FIT_VALIDATED
DUC-B-01434,p6-1x1,Yellow,#F4EE2A,19,1433,54.0,-36.0,68.4,0,CONCEPT_NOT_FIT_VALIDATED
DUC-B-01435,p6-4x2,Yellow,#F4EE2A,19,1434,-51.0,-21.0,68.4,90,CONCEPT_NOT_FIT_VALIDATED
DUC-B-01436,p6-4x2,Yellow,#F4EE2A,19,1435,-39.0,-21.0,68.4,90,CONCEPT_NOT_FIT_VALIDATED
DUC-B-01437,p6-4x2,Yellow,#F4EE2A,19,1436,-27.0,-21.0,68.4,90,CONCEPT_NOT_FIT_VALIDATED
DUC-B-01438,p6-4x2,Yellow,#F4EE2A,19,1437,-15.0,-21.0,68.4,90,CONCEPT_NOT_FIT_VALIDATED
DUC-B-01439,p6-4x2,Yellow,#F4EE2A,19,1438,-3.0,-21.0,68.4,90,CONCEPT_NOT_FIT_VALIDATED
DUC-B-01440,p6-4x2,Yellow,#F4EE2A,19,1439,9.0,-21.0,68.4,90,CONCEPT_NOT_FIT_VALIDATED
DUC-B-01441,p6-4x2,Yellow,#F4EE2A,19,1440,21.0,-21.0,68.4,90,CONCEPT_NOT_FIT_VALIDATED
DUC-B-01442,p6-4x2,Yellow,#F4EE2A,19,1441,33.0,-21.0,68.4,90,CONCEPT_NOT_FIT_VALIDATED
DUC-B-01443,p6-4x2,Yellow,#F4EE2A,19,1442,45.0,-21.0,68.4,90,CONCEPT_NOT_FIT_VALIDATED
DUC-B-01444,p6-4x1,Yellow,#F4EE2A,19,1443,54.0,-21.0,68.4,90,CONCEPT_NOT_FIT_VALIDATED
DUC-B-01445,p6-3x1,Yellow,#F4EE2A,19,1444,-60.0,-18.0,68.4,90,CONCEPT_NOT_FIT_VALIDATED
DUC-B-01446,p6-3x1,Yellow,#F4EE2A,19,1445,60.0,-18.0,68.4,90,CONCEPT_NOT_FIT_VALIDATED
DUC-B-01447,p6-4x1,Yellow,#F4EE2A,19,1446,-60.0,3.0,68.4,90,CONCEPT_NOT_FIT_VALIDATED
DUC-B-01448,p6-4x2,Yellow,#F4EE2A,19,1447,-51.0,3.0,68.4,90,CONCEPT_NOT_FIT_VALIDATED
DUC-B-01449,p6-4x2,Yellow,#F4EE2A,19,1448,-39.0,3.0,68.4,90,CONCEPT_NOT_FIT_VALIDATED
DUC-B-01450,p6-4x2,Yellow,#F4EE2A,19,1449,-27.0,3.0,68.4,90,CONCEPT_NOT_FIT_VALIDATED
DUC-B-01451,p6-4x2,Yellow,#F4EE2A,19,1450,-15.0,3.0,68.4,90,CONCEPT_NOT_FIT_VALIDATED
DUC-B-01452,p6-4x2,Yellow,#F4EE2A,19,1451,-3.0,3.0,68.4,90,CONCEPT_NOT_FIT_VALIDATED
DUC-B-01453,p6-4x2,Yellow,#F4EE2A,19,1452,9.0,3.0,68.4,90,CONCEPT_NOT_FIT_VALIDATED
DUC-B-01454,p6-4x2,Yellow,#F4EE2A,19,1453,21.0,3.0,68.4,90,CONCEPT_NOT_FIT_VALIDATED
DUC-B-01455,p6-4x2,Yellow,#F4EE2A,19,1454,33.0,3.0,68.4,90,CONCEPT_NOT_FIT_VALIDATED
DUC-B-01456,p6-4x2,Yellow,#F4EE2A,19,1455,45.0,3.0,68.4,90,CONCEPT_NOT_FIT_VALIDATED
DUC-B-01457,p6-4x2,Yellow,#F4EE2A,19,1456,57.0,3.0,68.4,90,CONCEPT_NOT_FIT_VALIDATED
DUC-B-01458,p6-3x1,Yellow,#F4EE2A,19,1457,-66.0,6.0,68.4,90,CONCEPT_NOT_FIT_VALIDATED
DUC-B-01459,p6-1x1,Yellow,#F4EE2A,19,1458,66.0,0.0,68.4,0,CONCEPT_NOT_FIT_VALIDATED
DUC-B-01460,p6-1x1,Yellow,#F4EE2A,19,1459,66.0,12.0,68.4,0,CONCEPT_NOT_FIT_VALIDATED
DUC-B-01461,p6-4x1,Yellow,#F4EE2A,19,1460,-72.0,27.0,68.4,90,CONCEPT_NOT_FIT_VALIDATED
DUC-B-01462,p6-4x2,Yellow,#F4EE2A,19,1461,-63.0,27.0,68.4,90,CONCEPT_NOT_FIT_VALIDATED
DUC-B-01463,p6-4x2,Yellow,#F4EE2A,19,1462,-51.0,27.0,68.4,90,CONCEPT_NOT_FIT_VALIDATED
DUC-B-01464,p6-4x2,Yellow,#F4EE2A,19,1463,-39.0,27.0,68.4,90,CONCEPT_NOT_FIT_VALIDATED
DUC-B-01465,p6-4x2,Yellow,#F4EE2A,19,1464,-27.0,27.0,68.4,90,CONCEPT_NOT_FIT_VALIDATED
DUC-B-01466,p6-4x2,Yellow,#F4EE2A,19,1465,-15.0,27.0,68.4,90,CONCEPT_NOT_FIT_VALIDATED
DUC-B-01467,p6-4x2,Yellow,#F4EE2A,19,1466,-3.0,27.0,68.4,90,CONCEPT_NOT_FIT_VALIDATED
DUC-B-01468,p6-4x2,Yellow,#F4EE2A,19,1467,9.0,27.0,68.4,90,CONCEPT_NOT_FIT_VALIDATED
DUC-B-01469,p6-4x2,Yellow,#F4EE2A,19,1468,21.0,27.0,68.4,90,CONCEPT_NOT_FIT_VALIDATED
DUC-B-01470,p6-4x2,Yellow,#F4EE2A,19,1469,33.0,27.0,68.4,90,CONCEPT_NOT_FIT_VALIDATED
DUC-B-01471,p6-4x2,Yellow,#F4EE2A,19,1470,45.0,27.0,68.4,90,CONCEPT_NOT_FIT_VALIDATED
DUC-B-01472,p6-4x2,Yellow,#F4EE2A,19,1471,57.0,27.0,68.4,90,CONCEPT_NOT_FIT_VALIDATED
DUC-B-01473,p6-4x2,Yellow,#F4EE2A,19,1472,69.0,27.0,68.4,90,CONCEPT_NOT_FIT_VALIDATED
DUC-B-01474,p6-3x1,Yellow,#F4EE2A,19,1473,-72.0,48.0,68.4,90,CONCEPT_NOT_FIT_VALIDATED
DUC-B-01475,p6-4x2,Yellow,#F4EE2A,19,1474,-63.0,51.0,68.4,90,CONCEPT_NOT_FIT_VALIDATED
DUC-B-01476,p6-4x2,Yellow,#F4EE2A,19,1475,-51.0,51.0,68.4,90,CONCEPT_NOT_FIT_VALIDATED
DUC-B-01477,p6-4x2,Yellow,#F4EE2A,19,1476,-39.0,51.0,68.4,90,CONCEPT_NOT_FIT_VALIDATED
DUC-B-01478,p6-4x2,Yellow,#F4EE2A,19,1477,-27.0,51.0,68.4,90,CONCEPT_NOT_FIT_VALIDATED
DUC-B-01479,p6-4x2,Yellow,#F4EE2A,19,1478,-15.0,51.0,68.4,90,CONCEPT_NOT_FIT_VALIDATED
DUC-B-01480,p6-4x2,Yellow,#F4EE2A,19,1479,-3.0,51.0,68.4,90,CONCEPT_NOT_FIT_VALIDATED
DUC-B-01481,p6-4x2,Yellow,#F4EE2A,19,1480,9.0,51.0,68.4,90,CONCEPT_NOT_FIT_VALIDATED
DUC-B-01482,p6-4x2,Yellow,#F4EE2A,19,1481,21.0,51.0,68.4,90,CONCEPT_NOT_FIT_VALIDATED
DUC-B-01483,p6-4x2,Yellow,#F4EE2A,19,1482,33.0,51.0,68.4,90,CONCEPT_NOT_FIT_VALIDATED
DUC-B-01484,p6-4x2,Yellow,#F4EE2A,19,1483,45.0,51.0,68.4,90,CONCEPT_NOT_FIT_VALIDATED
DUC-B-01485,p6-4x2,Yellow,#F4EE2A,19,1484,57.0,51.0,68.4,90,CONCEPT_NOT_FIT_VALIDATED
DUC-B-01486,p6-3x2,Yellow,#F4EE2A,19,1485,69.0,48.0,68.4,90,CONCEPT_NOT_FIT_VALIDATED
DUC-B-01487,p6-1x1,Yellow,#F4EE2A,19,1486,66.0,60.0,68.4,0,CONCEPT_NOT_FIT_VALIDATED
DUC-B-01488,p6-2x1,Yellow,#F4EE2A,19,1487,-63.0,66.0,68.4,0,CONCEPT_NOT_FIT_VALIDATED
DUC-B-01489,p6-3x2,Yellow,#F4EE2A,19,1488,-51.0,72.0,68.4,90,CONCEPT_NOT_FIT_VALIDATED
DUC-B-01490,p6-3x2,Yellow,#F4EE2A,19,1489,-39.0,72.0,68.4,90,CONCEPT_NOT_FIT_VALIDATED
DUC-B-01491,p6-4x2,Yellow,#F4EE2A,19,1490,-27.0,75.0,68.4,90,CONCEPT_NOT_FIT_VALIDATED
DUC-B-01492,p6-4x2,Yellow,#F4EE2A,19,1491,-15.0,75.0,68.4,90,CONCEPT_NOT_FIT_VALIDATED
DUC-B-01493,p6-4x2,Yellow,#F4EE2A,19,1492,-3.0,75.0,68.4,90,CONCEPT_NOT_FIT_VALIDATED
DUC-B-01494,p6-4x2,Yellow,#F4EE2A,19,1493,9.0,75.0,68.4,90,CONCEPT_NOT_FIT_VALIDATED
DUC-B-01495,p6-4x2,Yellow,#F4EE2A,19,1494,21.0,75.0,68.4,90,CONCEPT_NOT_FIT_VALIDATED
DUC-B-01496,p6-4x2,Yellow,#F4EE2A,19,1495,33.0,75.0,68.4,90,CONCEPT_NOT_FIT_VALIDATED
DUC-B-01497,p6-3x2,Yellow,#F4EE2A,19,1496,45.0,72.0,68.4,90,CONCEPT_NOT_FIT_VALIDATED
DUC-B-01498,p6-3x2,Yellow,#F4EE2A,19,1497,57.0,72.0,68.4,90,CONCEPT_NOT_FIT_VALIDATED
DUC-B-01499,p6-1x1,Yellow,#F4EE2A,19,1498,66.0,66.0,68.4,0,CONCEPT_NOT_FIT_VALIDATED
DUC-B-01500,p6-2x1,Yellow,#F4EE2A,19,1499,-60.0,75.0,68.4,90,CONCEPT_NOT_FIT_VALIDATED
DUC-B-01501,p6-1x1,Yellow,#F4EE2A,19,1500,-36.0,84.0,68.4,0,CONCEPT_NOT_FIT_VALIDATED
DUC-B-01502,p6-2x1,Yellow,#F4EE2A,19,1501,-27.0,90.0,68.4,0,CONCEPT_NOT_FIT_VALIDATED
DUC-B-01503,p6-3x2,Yellow,#F4EE2A,19,1502,-15.0,96.0,68.4,90,CONCEPT_NOT_FIT_VALIDATED
DUC-B-01504,p6-4x2,Yellow,#F4EE2A,19,1503,-3.0,99.0,68.4,90,CONCEPT_NOT_FIT_VALIDATED
DUC-B-01505,p6-3x2,Yellow,#F4EE2A,19,1504,9.0,96.0,68.4,90,CONCEPT_NOT_FIT_VALIDATED
DUC-B-01506,p6-2x2,Yellow,#F4EE2A,19,1505,21.0,93.0,68.4,0,CONCEPT_NOT_FIT_VALIDATED
DUC-B-01507,p6-1x1,Yellow,#F4EE2A,19,1506,30.0,90.0,68.4,0,CONCEPT_NOT_FIT_VALIDATED
DUC-B-01508,p6-1x1,Yellow,#F4EE2A,19,1507,-24.0,96.0,68.4,0,CONCEPT_NOT_FIT_VALIDATED
DUC-B-01511,p6-2x2,Yellow,#F4EE2A,20,1508,-69.0,27.0,72.0,0,CONCEPT_NOT_FIT_VALIDATED
DUC-B-01512,p6-2x2,Yellow,#F4EE2A,20,1509,-69.0,39.0,72.0,0,CONCEPT_NOT_FIT_VALIDATED
DUC-B-01513,p6-2x2,Yellow,#F4EE2A,20,1510,-69.0,51.0,72.0,0,CONCEPT_NOT_FIT_VALIDATED
DUC-B-01514,p6-1x1,Yellow,#F4EE2A,20,1511,-66.0,18.0,72.0,0,CONCEPT_NOT_FIT_VALIDATED
DUC-B-01515,p6-2x1,Yellow,#F4EE2A,20,1512,-66.0,63.0,72.0,90,CONCEPT_NOT_FIT_VALIDATED
DUC-B-01516,p6-4x2,Yellow,#F4EE2A,20,1513,-51.0,-21.0,72.0,0,CONCEPT_NOT_FIT_VALIDATED
DUC-B-01517,p6-4x2,Yellow,#F4EE2A,20,1514,-51.0,-9.0,72.0,0,CONCEPT_NOT_FIT_VALIDATED
DUC-B-01518,p6-4x2,Yellow,#F4EE2A,20,1515,-51.0,3.0,72.0,0,CONCEPT_NOT_FIT_VALIDATED
DUC-B-01519,p6-4x2,Yellow,#F4EE2A,20,1516,-51.0,15.0,72.0,0,CONCEPT_NOT_FIT_VALIDATED
DUC-B-01520,p6-4x2,Yellow,#F4EE2A,20,1517,-51.0,27.0,72.0,0,CONCEPT_NOT_FIT_VALIDATED
DUC-B-01521,p6-4x2,Yellow,#F4EE2A,20,1518,-51.0,39.0,72.0,0,CONCEPT_NOT_FIT_VALIDATED
DUC-B-01522,p6-4x2,Yellow,#F4EE2A,20,1519,-51.0,51.0,72.0,0,CONCEPT_NOT_FIT_VALIDATED
DUC-B-01523,p6-4x2,Yellow,#F4EE2A,20,1520,-51.0,63.0,72.0,0,CONCEPT_NOT_FIT_VALIDATED
DUC-B-01524,p6-4x2,Yellow,#F4EE2A,20,1521,-51.0,75.0,72.0,0,CONCEPT_NOT_FIT_VALIDATED
DUC-B-01525,p6-3x2,Yellow,#F4EE2A,20,1522,-48.0,-33.0,72.0,0,CONCEPT_NOT_FIT_VALIDATED
DUC-B-01527,p6-2x1,Yellow,#F4EE2A,20,1523,-45.0,-42.0,72.0,0,CONCEPT_NOT_FIT_VALIDATED
DUC-B-01528,p6-1x1,Yellow,#F4EE2A,20,1524,-42.0,-48.0,72.0,0,CONCEPT_NOT_FIT_VALIDATED
DUC-B-01529,p6-4x1,Yellow,#F4EE2A,20,1525,-27.0,-54.0,72.0,0,CONCEPT_NOT_FIT_VALIDATED
DUC-B-01530,p6-4x2,Yellow,#F4EE2A,20,1526,-27.0,-45.0,72.0,0,CONCEPT_NOT_FIT_VALIDATED
DUC-B-01531,p6-4x2,Yellow,#F4EE2A,20,1527,-27.0,-33.0,72.0,0,CONCEPT_NOT_FIT_VALIDATED
DUC-B-01532,p6-4x2,Yellow,#F4EE2A,20,1528,-27.0,-21.0,72.0,0,CONCEPT_NOT_FIT_VALIDATED
DUC-B-01533,p6-4x2,Yellow,#F4EE2A,20,1529,-27.0,-9.0,72.0,0,CONCEPT_NOT_FIT_VALIDATED
DUC-B-01534,p6-4x2,Yellow,#F4EE2A,20,1530,-27.0,3.0,72.0,0,CONCEPT_NOT_FIT_VALIDATED
DUC-B-01535,p6-4x2,Yellow,#F4EE2A,20,1531,-27.0,15.0,72.0,0,CONCEPT_NOT_FIT_VALIDATED
DUC-B-01536,p6-4x2,Yellow,#F4EE2A,20,1532,-27.0,27.0,72.0,0,CONCEPT_NOT_FIT_VALIDATED
DUC-B-01537,p6-4x2,Yellow,#F4EE2A,20,1533,-27.0,39.0,72.0,0,CONCEPT_NOT_FIT_VALIDATED
DUC-B-01538,p6-4x2,Yellow,#F4EE2A,20,1534,-27.0,51.0,72.0,0,CONCEPT_NOT_FIT_VALIDATED
DUC-B-01539,p6-4x2,Yellow,#F4EE2A,20,1535,-27.0,63.0,72.0,0,CONCEPT_NOT_FIT_VALIDATED
DUC-B-01540,p6-4x2,Yellow,#F4EE2A,20,1536,-27.0,75.0,72.0,0,CONCEPT_NOT_FIT_VALIDATED
DUC-B-01541,p6-4x1,Yellow,#F4EE2A,20,1537,-27.0,84.0,72.0,0,CONCEPT_NOT_FIT_VALIDATED
DUC-B-01542,p6-3x1,Yellow,#F4EE2A,20,1538,-24.0,90.0,72.0,0,CONCEPT_NOT_FIT_VALIDATED
DUC-B-01543,p6-3x1,Yellow,#F4EE2A,20,1539,-24.0,96.0,72.0,0,CONCEPT_NOT_FIT_VALIDATED
DUC-B-01544,p6-2x1,Yellow,#F4EE2A,20,1540,-21.0,-60.0,72.0,0,CONCEPT_NOT_FIT_VALIDATED
DUC-B-01546,p6-1x1,Yellow,#F4EE2A,20,1541,-18.0,102.0,72.0,0,CONCEPT_NOT_FIT_VALIDATED
DUC-B-01549,p6-4x1,Yellow,#F4EE2A,20,1542,-3.0,-66.0,72.0,0,CONCEPT_NOT_FIT_VALIDATED
DUC-B-01550,p6-4x2,Yellow,#F4EE2A,20,1543,-3.0,-57.0,72.0,0,CONCEPT_NOT_FIT_VALIDATED
DUC-B-01551,p6-4x2,Yellow,#F4EE2A,20,1544,-3.0,-45.0,72.0,0,CONCEPT_NOT_FIT_VALIDATED
DUC-B-01552,p6-4x2,Yellow,#F4EE2A,20,1545,-3.0,-33.0,72.0,0,CONCEPT_NOT_FIT_VALIDATED
DUC-B-01553,p6-4x2,Yellow,#F4EE2A,20,1546,-3.0,-21.0,72.0,0,CONCEPT_NOT_FIT_VALIDATED
DUC-B-01554,p6-4x2,Yellow,#F4EE2A,20,1547,-3.0,-9.0,72.0,0,CONCEPT_NOT_FIT_VALIDATED
DUC-B-01555,p6-4x2,Yellow,#F4EE2A,20,1548,-3.0,3.0,72.0,0,CONCEPT_NOT_FIT_VALIDATED
DUC-B-01556,p6-4x2,Yellow,#F4EE2A,20,1549,-3.0,15.0,72.0,0,CONCEPT_NOT_FIT_VALIDATED
DUC-B-01557,p6-4x2,Yellow,#F4EE2A,20,1550,-3.0,27.0,72.0,0,CONCEPT_NOT_FIT_VALIDATED
DUC-B-01558,p6-4x2,Yellow,#F4EE2A,20,1551,-3.0,39.0,72.0,0,CONCEPT_NOT_FIT_VALIDATED
DUC-B-01559,p6-4x2,Yellow,#F4EE2A,20,1552,-3.0,51.0,72.0,0,CONCEPT_NOT_FIT_VALIDATED
DUC-B-01560,p6-4x2,Yellow,#F4EE2A,20,1553,-3.0,63.0,72.0,0,CONCEPT_NOT_FIT_VALIDATED
DUC-B-01561,p6-4x2,Yellow,#F4EE2A,20,1554,-3.0,75.0,72.0,0,CONCEPT_NOT_FIT_VALIDATED
DUC-B-01562,p6-4x2,Yellow,#F4EE2A,20,1555,-3.0,87.0,72.0,0,CONCEPT_NOT_FIT_VALIDATED
DUC-B-01563,p6-4x2,Yellow,#F4EE2A,20,1556,-3.0,99.0,72.0,0,CONCEPT_NOT_FIT_VALIDATED
DUC-B-01565,p6-3x1,Yellow,#F4EE2A,20,1557,0.0,108.0,72.0,0,CONCEPT_NOT_FIT_VALIDATED
DUC-B-01510,p6-1x1,Yellow,#F4EE2A,19,1558,6.0,108.0,68.4,0,CONCEPT_NOT_FIT_VALIDATED
DUC-B-01568,p6-1x1,Yellow,#F4EE2A,20,1559,12.0,-66.0,72.0,0,CONCEPT_NOT_FIT_VALIDATED
DUC-B-01569,p6-3x2,Yellow,#F4EE2A,20,1560,18.0,-57.0,72.0,0,CONCEPT_NOT_FIT_VALIDATED
DUC-B-01570,p6-4x2,Yellow,#F4EE2A,20,1561,21.0,-45.0,72.0,0,CONCEPT_NOT_FIT_VALIDATED
DUC-B-01571,p6-4x2,Yellow,#F4EE2A,20,1562,21.0,-33.0,72.0,0,CONCEPT_NOT_FIT_VALIDATED
DUC-B-01572,p6-4x2,Yellow,#F4EE2A,20,1563,21.0,-21.0,72.0,0,CONCEPT_NOT_FIT_VALIDATED
DUC-B-01573,p6-4x2,Yellow,#F4EE2A,20,1564,21.0,-9.0,72.0,0,CONCEPT_NOT_FIT_VALIDATED
DUC-B-01574,p6-4x2,Yellow,#F4EE2A,20,1565,21.0,3.0,72.0,0,CONCEPT_NOT_FIT_VALIDATED
DUC-B-01575,p6-4x2,Yellow,#F4EE2A,20,1566,21.0,15.0,72.0,0,CONCEPT_NOT_FIT_VALIDATED
DUC-B-01576,p6-4x2,Yellow,#F4EE2A,20,1567,21.0,27.0,72.0,0,CONCEPT_NOT_FIT_VALIDATED
DUC-B-01577,p6-4x2,Yellow,#F4EE2A,20,1568,21.0,39.0,72.0,0,CONCEPT_NOT_FIT_VALIDATED
DUC-B-01578,p6-4x2,Yellow,#F4EE2A,20,1569,21.0,51.0,72.0,0,CONCEPT_NOT_FIT_VALIDATED
DUC-B-01579,p6-4x2,Yellow,#F4EE2A,20,1570,21.0,63.0,72.0,0,CONCEPT_NOT_FIT_VALIDATED
DUC-B-01580,p6-4x2,Yellow,#F4EE2A,20,1571,21.0,75.0,72.0,0,CONCEPT_NOT_FIT_VALIDATED
DUC-B-01581,p6-4x2,Yellow,#F4EE2A,20,1572,21.0,87.0,72.0,0,CONCEPT_NOT_FIT_VALIDATED
DUC-B-01582,p6-2x2,Yellow,#F4EE2A,20,1573,15.0,99.0,72.0,0,CONCEPT_NOT_FIT_VALIDATED
DUC-B-01509,p6-1x1,Yellow,#F4EE2A,19,1574,18.0,102.0,68.4,0,CONCEPT_NOT_FIT_VALIDATED
DUC-B-01391,p6-1x1,Yellow,#F4EE2A,18,1575,18.0,102.0,64.8,0,CONCEPT_NOT_FIT_VALIDATED
DUC-B-01584,p6-2x1,Yellow,#F4EE2A,20,1576,27.0,96.0,72.0,0,CONCEPT_NOT_FIT_VALIDATED
DUC-B-01585,p6-1x1,Yellow,#F4EE2A,20,1577,30.0,-54.0,72.0,0,CONCEPT_NOT_FIT_VALIDATED
DUC-B-01586,p6-1x1,Yellow,#F4EE2A,20,1578,36.0,-54.0,72.0,0,CONCEPT_NOT_FIT_VALIDATED
DUC-B-01587,p6-2x2,Yellow,#F4EE2A,20,1579,39.0,-45.0,72.0,0,CONCEPT_NOT_FIT_VALIDATED
DUC-B-01588,p6-4x2,Yellow,#F4EE2A,20,1580,45.0,-33.0,72.0,0,CONCEPT_NOT_FIT_VALIDATED
DUC-B-01589,p6-4x2,Yellow,#F4EE2A,20,1581,45.0,-21.0,72.0,0,CONCEPT_NOT_FIT_VALIDATED
DUC-B-01590,p6-4x2,Yellow,#F4EE2A,20,1582,45.0,-9.0,72.0,0,CONCEPT_NOT_FIT_VALIDATED
DUC-B-01591,p6-4x2,Yellow,#F4EE2A,20,1583,45.0,3.0,72.0,0,CONCEPT_NOT_FIT_VALIDATED
DUC-B-01592,p6-4x2,Yellow,#F4EE2A,20,1584,45.0,15.0,72.0,0,CONCEPT_NOT_FIT_VALIDATED
DUC-B-01593,p6-4x2,Yellow,#F4EE2A,20,1585,45.0,27.0,72.0,0,CONCEPT_NOT_FIT_VALIDATED
DUC-B-01594,p6-4x2,Yellow,#F4EE2A,20,1586,45.0,39.0,72.0,0,CONCEPT_NOT_FIT_VALIDATED
DUC-B-01595,p6-4x2,Yellow,#F4EE2A,20,1587,45.0,51.0,72.0,0,CONCEPT_NOT_FIT_VALIDATED
DUC-B-01596,p6-4x2,Yellow,#F4EE2A,20,1588,45.0,63.0,72.0,0,CONCEPT_NOT_FIT_VALIDATED
DUC-B-01597,p6-4x2,Yellow,#F4EE2A,20,1589,45.0,75.0,72.0,0,CONCEPT_NOT_FIT_VALIDATED
DUC-B-01598,p6-4x1,Yellow,#F4EE2A,20,1590,45.0,84.0,72.0,0,CONCEPT_NOT_FIT_VALIDATED
DUC-B-01599,p6-1x1,Yellow,#F4EE2A,20,1591,48.0,-42.0,72.0,0,CONCEPT_NOT_FIT_VALIDATED
DUC-B-01600,p6-2x1,Yellow,#F4EE2A,20,1592,60.0,-21.0,72.0,90,CONCEPT_NOT_FIT_VALIDATED
DUC-B-01601,p6-2x1,Yellow,#F4EE2A,20,1593,60.0,-9.0,72.0,90,CONCEPT_NOT_FIT_VALIDATED
DUC-B-01602,p6-2x1,Yellow,#F4EE2A,20,1594,60.0,3.0,72.0,90,CONCEPT_NOT_FIT_VALIDATED
DUC-B-01603,p6-2x1,Yellow,#F4EE2A,20,1595,60.0,15.0,72.0,90,CONCEPT_NOT_FIT_VALIDATED
DUC-B-01604,p6-3x2,Yellow,#F4EE2A,20,1596,66.0,27.0,72.0,0,CONCEPT_NOT_FIT_VALIDATED
DUC-B-01605,p6-3x2,Yellow,#F4EE2A,20,1597,66.0,39.0,72.0,0,CONCEPT_NOT_FIT_VALIDATED
DUC-B-01606,p6-3x2,Yellow,#F4EE2A,20,1598,66.0,51.0,72.0,0,CONCEPT_NOT_FIT_VALIDATED
DUC-B-01607,p6-2x2,Yellow,#F4EE2A,20,1599,63.0,63.0,72.0,0,CONCEPT_NOT_FIT_VALIDATED
DUC-B-01608,p6-2x1,Yellow,#F4EE2A,20,1600,60.0,75.0,72.0,90,CONCEPT_NOT_FIT_VALIDATED
DUC-B-01609,p6-1x1,Yellow,#F4EE2A,20,1601,66.0,18.0,72.0,0,CONCEPT_NOT_FIT_VALIDATED
DUC-B-01614,p6-4x1,Yellow,#F4EE2A,21,1602,-6.0,-75.0,75.6,90,CONCEPT_NOT_FIT_VALIDATED
DUC-B-01547,p6-4x1,Pumpkin orange,#FF9016,20,1603,-3.0,-78.0,72.0,0,CONCEPT_NOT_FIT_VALIDATED
DUC-B-01548,p6-4x1,Pumpkin orange,#FF9016,20,1604,-3.0,-72.0,72.0,0,CONCEPT_NOT_FIT_VALIDATED
DUC-B-01564,p6-3x1,Pumpkin orange,#FF9016,20,1605,0.0,-84.0,72.0,0,CONCEPT_NOT_FIT_VALIDATED
DUC-B-01615,p6-4x2,Yellow,#F4EE2A,21,1606,3.0,-75.0,75.6,90,CONCEPT_NOT_FIT_VALIDATED
DUC-B-01618,p6-3x1,Yellow,#F4EE2A,21,1607,-12.0,-72.0,75.6,90,CONCEPT_NOT_FIT_VALIDATED
DUC-B-01619,p6-3x1,Yellow,#F4EE2A,21,1608,12.0,-72.0,75.6,90,CONCEPT_NOT_FIT_VALIDATED
DUC-B-01566,p6-1x1,Pumpkin orange,#FF9016,20,1609,12.0,-78.0,72.0,0,CONCEPT_NOT_FIT_VALIDATED
DUC-B-01567,p6-1x1,Pumpkin orange,#FF9016,20,1610,12.0,-72.0,72.0,0,CONCEPT_NOT_FIT_VALIDATED
DUC-B-01621,p6-1x1,Pumpkin orange,#FF9016,21,1611,-18.0,-60.0,75.6,0,CONCEPT_NOT_FIT_VALIDATED
DUC-B-01622,p6-4x2,Yellow,#F4EE2A,21,1612,-9.0,-51.0,75.6,90,CONCEPT_NOT_FIT_VALIDATED
DUC-B-01623,p6-4x2,Yellow,#F4EE2A,21,1613,3.0,-51.0,75.6,90,CONCEPT_NOT_FIT_VALIDATED
DUC-B-01624,p6-4x1,Yellow,#F4EE2A,21,1614,12.0,-51.0,75.6,90,CONCEPT_NOT_FIT_VALIDATED
DUC-B-01625,p6-1x1,Pumpkin orange,#FF9016,21,1615,18.0,-60.0,75.6,0,CONCEPT_NOT_FIT_VALIDATED
DUC-B-01626,p6-3x2,Yellow,#F4EE2A,21,1616,-33.0,-48.0,75.6,90,CONCEPT_NOT_FIT_VALIDATED
DUC-B-01627,p6-3x2,Yellow,#F4EE2A,21,1617,-21.0,-48.0,75.6,90,CONCEPT_NOT_FIT_VALIDATED
DUC-B-01628,p6-3x1,Yellow,#F4EE2A,21,1618,18.0,-48.0,75.6,90,CONCEPT_NOT_FIT_VALIDATED
DUC-B-01629,p6-3x2,Yellow,#F4EE2A,21,1619,27.0,-48.0,75.6,90,CONCEPT_NOT_FIT_VALIDATED
DUC-B-01630,p6-3x1,Yellow,#F4EE2A,21,1620,36.0,-48.0,75.6,90,CONCEPT_NOT_FIT_VALIDATED
DUC-B-01631,p6-2x1,Yellow,#F4EE2A,21,1621,-42.0,-45.0,75.6,90,CONCEPT_NOT_FIT_VALIDATED
DUC-B-01632,p6-2x1,Yellow,#F4EE2A,21,1622,42.0,-45.0,75.6,90,CONCEPT_NOT_FIT_VALIDATED
DUC-B-01633,p6-1x1,Yellow,#F4EE2A,21,1623,-48.0,-42.0,75.6,0,CONCEPT_NOT_FIT_VALIDATED
DUC-B-01634,p6-1x1,Yellow,#F4EE2A,21,1624,48.0,-42.0,75.6,0,CONCEPT_NOT_FIT_VALIDATED
DUC-B-01635,p6-4x1,Yellow,#F4EE2A,21,1625,-54.0,-27.0,75.6,90,CONCEPT_NOT_FIT_VALIDATED
DUC-B-01636,p6-4x2,Yellow,#F4EE2A,21,1626,-45.0,-27.0,75.6,90,CONCEPT_NOT_FIT_VALIDATED
DUC-B-01637,p6-4x2,Yellow,#F4EE2A,21,1627,-33.0,-27.0,75.6,90,CONCEPT_NOT_FIT_VALIDATED
DUC-B-01638,p6-4x2,Yellow,#F4EE2A,21,1628,-21.0,-27.0,75.6,90,CONCEPT_NOT_FIT_VALIDATED
DUC-B-01639,p6-4x2,Yellow,#F4EE2A,21,1629,-9.0,-27.0,75.6,90,CONCEPT_NOT_FIT_VALIDATED
DUC-B-01640,p6-4x2,Yellow,#F4EE2A,21,1630,3.0,-27.0,75.6,90,CONCEPT_NOT_FIT_VALIDATED
DUC-B-01641,p6-4x2,Yellow,#F4EE2A,21,1631,15.0,-27.0,75.6,90,CONCEPT_NOT_FIT_VALIDATED
DUC-B-01642,p6-4x2,Yellow,#F4EE2A,21,1632,27.0,-27.0,75.6,90,CONCEPT_NOT_FIT_VALIDATED
DUC-B-01643,p6-4x2,Yellow,#F4EE2A,21,1633,39.0,-27.0,75.6,90,CONCEPT_NOT_FIT_VALIDATED
DUC-B-01644,p6-4x2,Yellow,#F4EE2A,21,1634,51.0,-27.0,75.6,90,CONCEPT_NOT_FIT_VALIDATED
DUC-B-01645,p6-2x1,Yellow,#F4EE2A,21,1635,-60.0,-21.0,75.6,90,CONCEPT_NOT_FIT_VALIDATED
DUC-B-01646,p6-2x1,Yellow,#F4EE2A,21,1636,60.0,-21.0,75.6,90,CONCEPT_NOT_FIT_VALIDATED
DUC-B-01647,p6-4x2,Yellow,#F4EE2A,21,1637,-57.0,-3.0,75.6,90,CONCEPT_NOT_FIT_VALIDATED
DUC-B-01648,p6-4x2,Yellow,#F4EE2A,21,1638,-45.0,-3.0,75.6,90,CONCEPT_NOT_FIT_VALIDATED
DUC-B-01649,p6-4x2,Yellow,#F4EE2A,21,1639,-33.0,-3.0,75.6,90,CONCEPT_NOT_FIT_VALIDATED
DUC-B-01650,p6-4x2,Yellow,#F4EE2A,21,1640,-21.0,-3.0,75.6,90,CONCEPT_NOT_FIT_VALIDATED
DUC-B-01651,p6-4x2,Yellow,#F4EE2A,21,1641,-9.0,-3.0,75.6,90,CONCEPT_NOT_FIT_VALIDATED
DUC-B-01652,p6-4x2,Yellow,#F4EE2A,21,1642,3.0,-3.0,75.6,90,CONCEPT_NOT_FIT_VALIDATED
DUC-B-01653,p6-4x2,Yellow,#F4EE2A,21,1643,15.0,-3.0,75.6,90,CONCEPT_NOT_FIT_VALIDATED
DUC-B-01654,p6-4x2,Yellow,#F4EE2A,21,1644,27.0,-3.0,75.6,90,CONCEPT_NOT_FIT_VALIDATED
DUC-B-01655,p6-4x2,Yellow,#F4EE2A,21,1645,39.0,-3.0,75.6,90,CONCEPT_NOT_FIT_VALIDATED
DUC-B-01656,p6-4x2,Yellow,#F4EE2A,21,1646,51.0,-3.0,75.6,90,CONCEPT_NOT_FIT_VALIDATED
DUC-B-01657,p6-4x1,Yellow,#F4EE2A,21,1647,60.0,-3.0,75.6,90,CONCEPT_NOT_FIT_VALIDATED
DUC-B-01658,p6-4x2,Yellow,#F4EE2A,21,1648,-57.0,21.0,75.6,90,CONCEPT_NOT_FIT_VALIDATED
DUC-B-01659,p6-4x2,Yellow,#F4EE2A,21,1649,-45.0,21.0,75.6,90,CONCEPT_NOT_FIT_VALIDATED
DUC-B-01660,p6-4x2,Yellow,#F4EE2A,21,1650,-33.0,21.0,75.6,90,CONCEPT_NOT_FIT_VALIDATED
DUC-B-01661,p6-4x2,Yellow,#F4EE2A,21,1651,-21.0,21.0,75.6,90,CONCEPT_NOT_FIT_VALIDATED
DUC-B-01662,p6-4x2,Yellow,#F4EE2A,21,1652,-9.0,21.0,75.6,90,CONCEPT_NOT_FIT_VALIDATED
DUC-B-01663,p6-4x2,Yellow,#F4EE2A,21,1653,3.0,21.0,75.6,90,CONCEPT_NOT_FIT_VALIDATED
DUC-B-01664,p6-4x2,Yellow,#F4EE2A,21,1654,15.0,21.0,75.6,90,CONCEPT_NOT_FIT_VALIDATED
DUC-B-01665,p6-4x2,Yellow,#F4EE2A,21,1655,27.0,21.0,75.6,90,CONCEPT_NOT_FIT_VALIDATED
DUC-B-01666,p6-4x2,Yellow,#F4EE2A,21,1656,39.0,21.0,75.6,90,CONCEPT_NOT_FIT_VALIDATED
DUC-B-01667,p6-4x2,Yellow,#F4EE2A,21,1657,51.0,21.0,75.6,90,CONCEPT_NOT_FIT_VALIDATED
DUC-B-01668,p6-4x1,Yellow,#F4EE2A,21,1658,60.0,21.0,75.6,90,CONCEPT_NOT_FIT_VALIDATED
DUC-B-01669,p6-3x1,Yellow,#F4EE2A,21,1659,-66.0,24.0,75.6,90,CONCEPT_NOT_FIT_VALIDATED
DUC-B-01670,p6-3x1,Yellow,#F4EE2A,21,1660,66.0,24.0,75.6,90,CONCEPT_NOT_FIT_VALIDATED
DUC-B-01671,p6-2x1,Yellow,#F4EE2A,21,1661,-72.0,27.0,75.6,90,CONCEPT_NOT_FIT_VALIDATED
DUC-B-01672,p6-2x1,Yellow,#F4EE2A,21,1662,72.0,27.0,75.6,90,CONCEPT_NOT_FIT_VALIDATED
DUC-B-01673,p6-3x2,Yellow,#F4EE2A,21,1663,-69.0,42.0,75.6,90,CONCEPT_NOT_FIT_VALIDATED
DUC-B-01674,p6-4x2,Yellow,#F4EE2A,21,1664,-57.0,45.0,75.6,90,CONCEPT_NOT_FIT_VALIDATED
DUC-B-01675,p6-4x2,Yellow,#F4EE2A,21,1665,-45.0,45.0,75.6,90,CONCEPT_NOT_FIT_VALIDATED
DUC-B-01676,p6-4x2,Yellow,#F4EE2A,21,1666,-33.0,45.0,75.6,90,CONCEPT_NOT_FIT_VALIDATED
DUC-B-01677,p6-4x2,Yellow,#F4EE2A,21,1667,-21.0,45.0,75.6,90,CONCEPT_NOT_FIT_VALIDATED
DUC-B-01678,p6-4x2,Yellow,#F4EE2A,21,1668,-9.0,45.0,75.6,90,CONCEPT_NOT_FIT_VALIDATED
DUC-B-01679,p6-4x2,Yellow,#F4EE2A,21,1669,3.0,45.0,75.6,90,CONCEPT_NOT_FIT_VALIDATED
DUC-B-01680,p6-4x2,Yellow,#F4EE2A,21,1670,15.0,45.0,75.6,90,CONCEPT_NOT_FIT_VALIDATED
DUC-B-01681,p6-4x2,Yellow,#F4EE2A,21,1671,27.0,45.0,75.6,90,CONCEPT_NOT_FIT_VALIDATED
DUC-B-01682,p6-4x2,Yellow,#F4EE2A,21,1672,39.0,45.0,75.6,90,CONCEPT_NOT_FIT_VALIDATED
DUC-B-01683,p6-4x2,Yellow,#F4EE2A,21,1673,51.0,45.0,75.6,90,CONCEPT_NOT_FIT_VALIDATED
DUC-B-01684,p6-4x2,Yellow,#F4EE2A,21,1674,63.0,45.0,75.6,90,CONCEPT_NOT_FIT_VALIDATED
DUC-B-01685,p6-3x1,Yellow,#F4EE2A,21,1675,72.0,42.0,75.6,90,CONCEPT_NOT_FIT_VALIDATED
DUC-B-01686,p6-1x1,Yellow,#F4EE2A,21,1676,-66.0,54.0,75.6,0,CONCEPT_NOT_FIT_VALIDATED
DUC-B-01687,p6-2x1,Yellow,#F4EE2A,21,1677,-66.0,63.0,75.6,90,CONCEPT_NOT_FIT_VALIDATED
DUC-B-01688,p6-4x2,Yellow,#F4EE2A,21,1678,-57.0,69.0,75.6,90,CONCEPT_NOT_FIT_VALIDATED
DUC-B-01689,p6-4x2,Yellow,#F4EE2A,21,1679,-45.0,69.0,75.6,90,CONCEPT_NOT_FIT_VALIDATED
DUC-B-01690,p6-4x2,Yellow,#F4EE2A,21,1680,-33.0,69.0,75.6,90,CONCEPT_NOT_FIT_VALIDATED
DUC-B-01691,p6-4x2,Yellow,#F4EE2A,21,1681,-21.0,69.0,75.6,90,CONCEPT_NOT_FIT_VALIDATED
DUC-B-01692,p6-4x2,Yellow,#F4EE2A,21,1682,-9.0,69.0,75.6,90,CONCEPT_NOT_FIT_VALIDATED
DUC-B-01693,p6-4x2,Yellow,#F4EE2A,21,1683,3.0,69.0,75.6,90,CONCEPT_NOT_FIT_VALIDATED
DUC-B-01694,p6-4x2,Yellow,#F4EE2A,21,1684,15.0,69.0,75.6,90,CONCEPT_NOT_FIT_VALIDATED
DUC-B-01695,p6-4x2,Yellow,#F4EE2A,21,1685,27.0,69.0,75.6,90,CONCEPT_NOT_FIT_VALIDATED
DUC-B-01696,p6-4x2,Yellow,#F4EE2A,21,1686,39.0,69.0,75.6,90,CONCEPT_NOT_FIT_VALIDATED
DUC-B-01697,p6-4x2,Yellow,#F4EE2A,21,1687,51.0,69.0,75.6,90,CONCEPT_NOT_FIT_VALIDATED
DUC-B-01698,p6-4x1,Yellow,#F4EE2A,21,1688,60.0,69.0,75.6,90,CONCEPT_NOT_FIT_VALIDATED
DUC-B-01699,p6-2x1,Yellow,#F4EE2A,21,1689,66.0,63.0,75.6,90,CONCEPT_NOT_FIT_VALIDATED
DUC-B-01702,p6-2x1,Yellow,#F4EE2A,21,1690,-33.0,84.0,75.6,0,CONCEPT_NOT_FIT_VALIDATED
DUC-B-01703,p6-3x2,Yellow,#F4EE2A,21,1691,-21.0,90.0,75.6,90,CONCEPT_NOT_FIT_VALIDATED
DUC-B-01704,p6-4x2,Yellow,#F4EE2A,21,1692,-9.0,93.0,75.6,90,CONCEPT_NOT_FIT_VALIDATED
DUC-B-01705,p6-4x2,Yellow,#F4EE2A,21,1693,3.0,93.0,75.6,90,CONCEPT_NOT_FIT_VALIDATED
DUC-B-01706,p6-4x2,Yellow,#F4EE2A,21,1694,15.0,93.0,75.6,90,CONCEPT_NOT_FIT_VALIDATED
DUC-B-01707,p6-2x2,Yellow,#F4EE2A,21,1695,27.0,87.0,75.6,0,CONCEPT_NOT_FIT_VALIDATED
DUC-B-01708,p6-2x1,Yellow,#F4EE2A,21,1696,39.0,84.0,75.6,0,CONCEPT_NOT_FIT_VALIDATED
DUC-B-01709,p6-2x1,Yellow,#F4EE2A,21,1697,51.0,84.0,75.6,0,CONCEPT_NOT_FIT_VALIDATED
DUC-B-01710,p6-1x1,Yellow,#F4EE2A,21,1698,-30.0,90.0,75.6,0,CONCEPT_NOT_FIT_VALIDATED
DUC-B-01711,p6-1x1,Yellow,#F4EE2A,21,1699,24.0,96.0,75.6,0,CONCEPT_NOT_FIT_VALIDATED
DUC-B-01712,p6-1x1,Yellow,#F4EE2A,21,1700,-18.0,102.0,75.6,0,CONCEPT_NOT_FIT_VALIDATED
DUC-B-01713,p6-1x1,Yellow,#F4EE2A,21,1701,-6.0,108.0,75.6,0,CONCEPT_NOT_FIT_VALIDATED
DUC-B-01714,p6-2x1,Yellow,#F4EE2A,21,1702,3.0,108.0,75.6,0,CONCEPT_NOT_FIT_VALIDATED
DUC-B-01716,p6-1x1,Yellow,#F4EE2A,22,1703,-72.0,36.0,79.2,0,CONCEPT_NOT_FIT_VALIDATED
DUC-B-01717,p6-4x1,Yellow,#F4EE2A,22,1704,-57.0,24.0,79.2,0,CONCEPT_NOT_FIT_VALIDATED
DUC-B-01718,p6-4x2,Yellow,#F4EE2A,22,1705,-57.0,33.0,79.2,0,CONCEPT_NOT_FIT_VALIDATED
DUC-B-01719,p6-4x2,Yellow,#F4EE2A,22,1706,-57.0,45.0,79.2,0,CONCEPT_NOT_FIT_VALIDATED
DUC-B-01720,p6-4x2,Yellow,#F4EE2A,22,1707,-57.0,57.0,79.2,0,CONCEPT_NOT_FIT_VALIDATED
DUC-B-01721,p6-3x1,Yellow,#F4EE2A,22,1708,-54.0,-24.0,79.2,0,CONCEPT_NOT_FIT_VALIDATED
DUC-B-01722,p6-3x2,Yellow,#F4EE2A,22,1709,-54.0,-15.0,79.2,0,CONCEPT_NOT_FIT_VALIDATED
DUC-B-01723,p6-3x2,Yellow,#F4EE2A,22,1710,-54.0,-3.0,79.2,0,CONCEPT_NOT_FIT_VALIDATED
DUC-B-01724,p6-3x2,Yellow,#F4EE2A,22,1711,-54.0,9.0,79.2,0,CONCEPT_NOT_FIT_VALIDATED
DUC-B-01725,p6-3x1,Yellow,#F4EE2A,22,1712,-54.0,18.0,79.2,0,CONCEPT_NOT_FIT_VALIDATED
DUC-B-01726,p6-3x2,Yellow,#F4EE2A,22,1713,-54.0,69.0,79.2,0,CONCEPT_NOT_FIT_VALIDATED
DUC-B-01727,p6-3x1,Yellow,#F4EE2A,22,1714,-54.0,78.0,79.2,0,CONCEPT_NOT_FIT_VALIDATED
DUC-B-01728,p6-2x2,Yellow,#F4EE2A,22,1715,-51.0,-39.0,79.2,0,CONCEPT_NOT_FIT_VALIDATED
DUC-B-01729,p6-2x1,Yellow,#F4EE2A,22,1716,-51.0,-30.0,79.2,0,CONCEPT_NOT_FIT_VALIDATED
DUC-B-01732,p6-4x2,Yellow,#F4EE2A,22,1717,-33.0,-51.0,79.2,0,CONCEPT_NOT_FIT_VALIDATED
DUC-B-01733,p6-4x2,Yellow,#F4EE2A,22,1718,-33.0,-39.0,79.2,0,CONCEPT_NOT_FIT_VALIDATED
DUC-B-01734,p6-4x2,Yellow,#F4EE2A,22,1719,-33.0,-27.0,79.2,0,CONCEPT_NOT_FIT_VALIDATED
DUC-B-01735,p6-4x2,Yellow,#F4EE2A,22,1720,-33.0,-15.0,79.2,0,CONCEPT_NOT_FIT_VALIDATED
DUC-B-01736,p6-4x2,Yellow,#F4EE2A,22,1721,-33.0,-3.0,79.2,0,CONCEPT_NOT_FIT_VALIDATED
DUC-B-01737,p6-4x2,Yellow,#F4EE2A,22,1722,-33.0,9.0,79.2,0,CONCEPT_NOT_FIT_VALIDATED
DUC-B-01738,p6-4x2,Yellow,#F4EE2A,22,1723,-33.0,21.0,79.2,0,CONCEPT_NOT_FIT_VALIDATED
DUC-B-01739,p6-4x2,Yellow,#F4EE2A,22,1724,-33.0,33.0,79.2,0,CONCEPT_NOT_FIT_VALIDATED
DUC-B-01740,p6-4x2,Yellow,#F4EE2A,22,1725,-33.0,45.0,79.2,0,CONCEPT_NOT_FIT_VALIDATED
DUC-B-01741,p6-4x2,Yellow,#F4EE2A,22,1726,-33.0,57.0,79.2,0,CONCEPT_NOT_FIT_VALIDATED
DUC-B-01742,p6-4x2,Yellow,#F4EE2A,22,1727,-33.0,69.0,79.2,0,CONCEPT_NOT_FIT_VALIDATED
DUC-B-01743,p6-4x2,Yellow,#F4EE2A,22,1728,-33.0,81.0,79.2,0,CONCEPT_NOT_FIT_VALIDATED
DUC-B-01701,p6-2x1,Yellow,#F4EE2A,21,1729,-45.0,84.0,75.6,0,CONCEPT_NOT_FIT_VALIDATED
DUC-B-01526,p6-3x1,Yellow,#F4EE2A,20,1730,-48.0,84.0,72.0,0,CONCEPT_NOT_FIT_VALIDATED
DUC-B-01700,p6-1x1,Yellow,#F4EE2A,21,1731,-54.0,84.0,75.6,0,CONCEPT_NOT_FIT_VALIDATED
DUC-B-01730,p6-2x1,Yellow,#F4EE2A,22,1732,-51.0,84.0,79.2,0,CONCEPT_NOT_FIT_VALIDATED
DUC-B-01745,p6-2x1,Yellow,#F4EE2A,22,1733,-27.0,90.0,79.2,0,CONCEPT_NOT_FIT_VALIDATED
DUC-B-01748,p6-1x1,Yellow,#F4EE2A,22,1734,-24.0,96.0,79.2,0,CONCEPT_NOT_FIT_VALIDATED
DUC-B-01751,p6-4x2,Yellow,#F4EE2A,22,1735,-9.0,-75.0,79.2,0,CONCEPT_NOT_FIT_VALIDATED
DUC-B-01617,p6-3x1,Pumpkin orange,#FF9016,21,1736,-18.0,-72.0,75.6,90,CONCEPT_NOT_FIT_VALIDATED
DUC-B-01545,p6-1x1,Pumpkin orange,#FF9016,20,1737,-18.0,-66.0,72.0,0,CONCEPT_NOT_FIT_VALIDATED
DUC-B-01752,p6-4x2,Yellow,#F4EE2A,22,1738,-9.0,-63.0,79.2,0,CONCEPT_NOT_FIT_VALIDATED
DUC-B-01753,p6-4x2,Yellow,#F4EE2A,22,1739,-9.0,-51.0,79.2,0,CONCEPT_NOT_FIT_VALIDATED
DUC-B-01754,p6-4x2,Yellow,#F4EE2A,22,1740,-9.0,-39.0,79.2,0,CONCEPT_NOT_FIT_VALIDATED
DUC-B-01755,p6-4x2,Yellow,#F4EE2A,22,1741,-9.0,-27.0,79.2,0,CONCEPT_NOT_FIT_VALIDATED
DUC-B-01756,p6-4x2,Yellow,#F4EE2A,22,1742,-9.0,-15.0,79.2,0,CONCEPT_NOT_FIT_VALIDATED
DUC-B-01757,p6-4x2,Yellow,#F4EE2A,22,1743,-9.0,-3.0,79.2,0,CONCEPT_NOT_FIT_VALIDATED
DUC-B-01758,p6-4x2,Yellow,#F4EE2A,22,1744,-9.0,9.0,79.2,0,CONCEPT_NOT_FIT_VALIDATED
DUC-B-01759,p6-4x2,Yellow,#F4EE2A,22,1745,-9.0,21.0,79.2,0,CONCEPT_NOT_FIT_VALIDATED
DUC-B-01760,p6-4x2,Yellow,#F4EE2A,22,1746,-9.0,33.0,79.2,0,CONCEPT_NOT_FIT_VALIDATED
DUC-B-01761,p6-4x2,Yellow,#F4EE2A,22,1747,-9.0,45.0,79.2,0,CONCEPT_NOT_FIT_VALIDATED
DUC-B-01762,p6-4x2,Yellow,#F4EE2A,22,1748,-9.0,57.0,79.2,0,CONCEPT_NOT_FIT_VALIDATED
DUC-B-01763,p6-4x2,Yellow,#F4EE2A,22,1749,-9.0,69.0,79.2,0,CONCEPT_NOT_FIT_VALIDATED
DUC-B-01764,p6-4x2,Yellow,#F4EE2A,22,1750,-9.0,81.0,79.2,0,CONCEPT_NOT_FIT_VALIDATED
DUC-B-01765,p6-4x2,Yellow,#F4EE2A,22,1751,-9.0,93.0,79.2,0,CONCEPT_NOT_FIT_VALIDATED
DUC-B-01766,p6-4x1,Yellow,#F4EE2A,22,1752,-9.0,102.0,79.2,0,CONCEPT_NOT_FIT_VALIDATED
DUC-B-01767,p6-3x1,Yellow,#F4EE2A,22,1753,-6.0,-84.0,79.2,0,CONCEPT_NOT_FIT_VALIDATED
DUC-B-01613,p6-1x1,Pumpkin orange,#FF9016,21,1754,-12.0,-84.0,75.6,0,CONCEPT_NOT_FIT_VALIDATED
DUC-B-01768,p6-1x1,Yellow,#F4EE2A,22,1755,0.0,108.0,79.2,0,CONCEPT_NOT_FIT_VALIDATED
DUC-B-01770,p6-2x1,Yellow,#F4EE2A,22,1756,9.0,-84.0,79.2,0,CONCEPT_NOT_FIT_VALIDATED
DUC-B-01616,p6-1x1,Pumpkin orange,#FF9016,21,1757,12.0,-84.0,75.6,0,CONCEPT_NOT_FIT_VALIDATED
DUC-B-01771,p6-3x2,Yellow,#F4EE2A,22,1758,12.0,-75.0,79.2,0,CONCEPT_NOT_FIT_VALIDATED
DUC-B-01620,p6-3x1,Pumpkin orange,#FF9016,21,1759,18.0,-72.0,75.6,90,CONCEPT_NOT_FIT_VALIDATED
DUC-B-01583,p6-1x1,Pumpkin orange,#FF9016,20,1760,18.0,-66.0,72.0,0,CONCEPT_NOT_FIT_VALIDATED
DUC-B-01772,p6-3x2,Yellow,#F4EE2A,22,1761,12.0,-63.0,79.2,0,CONCEPT_NOT_FIT_VALIDATED
DUC-B-01773,p6-4x2,Yellow,#F4EE2A,22,1762,15.0,-51.0,79.2,0,CONCEPT_NOT_FIT_VALIDATED
DUC-B-01774,p6-4x2,Yellow,#F4EE2A,22,1763,15.0,-39.0,79.2,0,CONCEPT_NOT_FIT_VALIDATED
DUC-B-01775,p6-4x2,Yellow,#F4EE2A,22,1764,15.0,-27.0,79.2,0,CONCEPT_NOT_FIT_VALIDATED
DUC-B-01776,p6-4x2,Yellow,#F4EE2A,22,1765,15.0,-15.0,79.2,0,CONCEPT_NOT_FIT_VALIDATED
DUC-B-01777,p6-4x2,Yellow,#F4EE2A,22,1766,15.0,-3.0,79.2,0,CONCEPT_NOT_FIT_VALIDATED
DUC-B-01778,p6-4x2,Yellow,#F4EE2A,22,1767,15.0,9.0,79.2,0,CONCEPT_NOT_FIT_VALIDATED
DUC-B-01779,p6-4x2,Yellow,#F4EE2A,22,1768,15.0,21.0,79.2,0,CONCEPT_NOT_FIT_VALIDATED
DUC-B-01780,p6-4x2,Yellow,#F4EE2A,22,1769,15.0,33.0,79.2,0,CONCEPT_NOT_FIT_VALIDATED
DUC-B-01781,p6-4x2,Yellow,#F4EE2A,22,1770,15.0,45.0,79.2,0,CONCEPT_NOT_FIT_VALIDATED
DUC-B-01782,p6-4x2,Yellow,#F4EE2A,22,1771,15.0,57.0,79.2,0,CONCEPT_NOT_FIT_VALIDATED
DUC-B-01783,p6-4x2,Yellow,#F4EE2A,22,1772,15.0,69.0,79.2,0,CONCEPT_NOT_FIT_VALIDATED
DUC-B-01784,p6-4x2,Yellow,#F4EE2A,22,1773,15.0,81.0,79.2,0,CONCEPT_NOT_FIT_VALIDATED
DUC-B-01785,p6-4x2,Yellow,#F4EE2A,22,1774,15.0,93.0,79.2,0,CONCEPT_NOT_FIT_VALIDATED
DUC-B-01786,p6-3x1,Yellow,#F4EE2A,22,1775,12.0,102.0,79.2,0,CONCEPT_NOT_FIT_VALIDATED
DUC-B-01791,p6-3x2,Yellow,#F4EE2A,22,1776,36.0,-51.0,79.2,0,CONCEPT_NOT_FIT_VALIDATED
DUC-B-01792,p6-4x2,Yellow,#F4EE2A,22,1777,39.0,-39.0,79.2,0,CONCEPT_NOT_FIT_VALIDATED
DUC-B-01793,p6-4x2,Yellow,#F4EE2A,22,1778,39.0,-27.0,79.2,0,CONCEPT_NOT_FIT_VALIDATED
DUC-B-01794,p6-4x2,Yellow,#F4EE2A,22,1779,39.0,-15.0,79.2,0,CONCEPT_NOT_FIT_VALIDATED
DUC-B-01795,p6-4x2,Yellow,#F4EE2A,22,1780,39.0,-3.0,79.2,0,CONCEPT_NOT_FIT_VALIDATED
DUC-B-01796,p6-4x2,Yellow,#F4EE2A,22,1781,39.0,9.0,79.2,0,CONCEPT_NOT_FIT_VALIDATED
DUC-B-01797,p6-4x2,Yellow,#F4EE2A,22,1782,39.0,21.0,79.2,0,CONCEPT_NOT_FIT_VALIDATED
DUC-B-01798,p6-4x2,Yellow,#F4EE2A,22,1783,39.0,33.0,79.2,0,CONCEPT_NOT_FIT_VALIDATED
DUC-B-01799,p6-4x2,Yellow,#F4EE2A,22,1784,39.0,45.0,79.2,0,CONCEPT_NOT_FIT_VALIDATED
DUC-B-01800,p6-4x2,Yellow,#F4EE2A,22,1785,39.0,57.0,79.2,0,CONCEPT_NOT_FIT_VALIDATED
DUC-B-01801,p6-4x2,Yellow,#F4EE2A,22,1786,39.0,69.0,79.2,0,CONCEPT_NOT_FIT_VALIDATED
DUC-B-01802,p6-4x2,Yellow,#F4EE2A,22,1787,39.0,81.0,79.2,0,CONCEPT_NOT_FIT_VALIDATED
DUC-B-01803,p6-1x1,Yellow,#F4EE2A,22,1788,30.0,90.0,79.2,0,CONCEPT_NOT_FIT_VALIDATED
DUC-B-01805,p6-2x1,Yellow,#F4EE2A,22,1789,54.0,-39.0,79.2,90,CONCEPT_NOT_FIT_VALIDATED
DUC-B-01806,p6-2x1,Yellow,#F4EE2A,22,1790,54.0,-27.0,79.2,90,CONCEPT_NOT_FIT_VALIDATED
DUC-B-01807,p6-2x2,Yellow,#F4EE2A,22,1791,57.0,-15.0,79.2,0,CONCEPT_NOT_FIT_VALIDATED
DUC-B-01808,p6-2x2,Yellow,#F4EE2A,22,1792,57.0,-3.0,79.2,0,CONCEPT_NOT_FIT_VALIDATED
DUC-B-01809,p6-2x2,Yellow,#F4EE2A,22,1793,57.0,9.0,79.2,0,CONCEPT_NOT_FIT_VALIDATED
DUC-B-01810,p6-2x2,Yellow,#F4EE2A,22,1794,57.0,21.0,79.2,0,CONCEPT_NOT_FIT_VALIDATED
DUC-B-01811,p6-3x2,Yellow,#F4EE2A,22,1795,60.0,33.0,79.2,0,CONCEPT_NOT_FIT_VALIDATED
DUC-B-01812,p6-3x2,Yellow,#F4EE2A,22,1796,60.0,45.0,79.2,0,CONCEPT_NOT_FIT_VALIDATED
DUC-B-01813,p6-3x2,Yellow,#F4EE2A,22,1797,60.0,57.0,79.2,0,CONCEPT_NOT_FIT_VALIDATED
DUC-B-01814,p6-2x2,Yellow,#F4EE2A,22,1798,57.0,69.0,79.2,0,CONCEPT_NOT_FIT_VALIDATED
DUC-B-01815,p6-2x1,Yellow,#F4EE2A,22,1799,57.0,78.0,79.2,0,CONCEPT_NOT_FIT_VALIDATED
DUC-B-01816,p6-1x1,Yellow,#F4EE2A,22,1800,54.0,84.0,79.2,0,CONCEPT_NOT_FIT_VALIDATED
DUC-B-01817,p6-1x1,Yellow,#F4EE2A,22,1801,60.0,-24.0,79.2,0,CONCEPT_NOT_FIT_VALIDATED
DUC-B-01818,p6-1x1,Yellow,#F4EE2A,22,1802,66.0,24.0,79.2,0,CONCEPT_NOT_FIT_VALIDATED
DUC-B-01819,p6-1x1,Yellow,#F4EE2A,22,1803,72.0,36.0,79.2,0,CONCEPT_NOT_FIT_VALIDATED
DUC-B-01827,p6-4x1,Yellow,#F4EE2A,23,1804,-12.0,-81.0,82.8,90,CONCEPT_NOT_FIT_VALIDATED
DUC-B-01749,p6-4x1,Pumpkin orange,#FF9016,22,1805,-9.0,-90.0,79.2,0,CONCEPT_NOT_FIT_VALIDATED
DUC-B-01610,p6-2x1,Pumpkin orange,#FF9016,21,1806,-9.0,-90.0,75.6,0,CONCEPT_NOT_FIT_VALIDATED
DUC-B-01611,p6-2x1,Pumpkin orange,#FF9016,21,1807,3.0,-90.0,75.6,0,CONCEPT_NOT_FIT_VALIDATED
DUC-B-01769,p6-3x1,Pumpkin orange,#FF9016,22,1808,12.0,-90.0,79.2,0,CONCEPT_NOT_FIT_VALIDATED
DUC-B-01612,p6-1x1,Pumpkin orange,#FF9016,21,1809,12.0,-90.0,75.6,0,CONCEPT_NOT_FIT_VALIDATED
DUC-B-01826,p6-1x1,Pumpkin orange,#FF9016,23,1810,-18.0,-90.0,82.8,0,CONCEPT_NOT_FIT_VALIDATED
DUC-B-01828,p6-4x2,Yellow,#F4EE2A,23,1811,-3.0,-81.0,82.8,90,CONCEPT_NOT_FIT_VALIDATED
DUC-B-01829,p6-4x2,Yellow,#F4EE2A,23,1812,9.0,-81.0,82.8,90,CONCEPT_NOT_FIT_VALIDATED
DUC-B-01830,p6-1x1,Pumpkin orange,#FF9016,23,1813,18.0,-90.0,82.8,0,CONCEPT_NOT_FIT_VALIDATED
DUC-B-01832,p6-3x1,Yellow,#F4EE2A,23,1814,-18.0,-78.0,82.8,90,CONCEPT_NOT_FIT_VALIDATED
DUC-B-01750,p6-1x1,Pumpkin orange,#FF9016,22,1815,-18.0,-84.0,79.2,0,CONCEPT_NOT_FIT_VALIDATED
DUC-B-01833,p6-3x1,Yellow,#F4EE2A,23,1816,18.0,-78.0,82.8,90,CONCEPT_NOT_FIT_VALIDATED
DUC-B-01787,p6-2x1,Pumpkin orange,#FF9016,22,1817,21.0,-84.0,79.2,0,CONCEPT_NOT_FIT_VALIDATED
DUC-B-01834,p6-3x1,Pumpkin orange,#FF9016,23,1818,24.0,-78.0,82.8,90,CONCEPT_NOT_FIT_VALIDATED
DUC-B-01788,p6-2x1,Pumpkin orange,#FF9016,22,1819,24.0,-75.0,79.2,90,CONCEPT_NOT_FIT_VALIDATED
DUC-B-01836,p6-4x1,Yellow,#F4EE2A,23,1820,-24.0,-57.0,82.8,90,CONCEPT_NOT_FIT_VALIDATED
DUC-B-01715,p6-2x1,Pumpkin orange,#FF9016,22,1821,-24.0,-69.0,79.2,90,CONCEPT_NOT_FIT_VALIDATED
DUC-B-01744,p6-2x1,Pumpkin orange,#FF9016,22,1822,-27.0,-60.0,79.2,0,CONCEPT_NOT_FIT_VALIDATED
DUC-B-01831,p6-3x1,Pumpkin orange,#FF9016,23,1823,-24.0,-78.0,82.8,90,CONCEPT_NOT_FIT_VALIDATED
DUC-B-01746,p6-1x1,Pumpkin orange,#FF9016,22,1824,-24.0,-84.0,79.2,0,CONCEPT_NOT_FIT_VALIDATED
DUC-B-01747,p6-1x1,Pumpkin orange,#FF9016,22,1825,-24.0,-78.0,79.2,0,CONCEPT_NOT_FIT_VALIDATED
DUC-B-01837,p6-4x2,Yellow,#F4EE2A,23,1826,-15.0,-57.0,82.8,90,CONCEPT_NOT_FIT_VALIDATED
DUC-B-01838,p6-4x2,Yellow,#F4EE2A,23,1827,-3.0,-57.0,82.8,90,CONCEPT_NOT_FIT_VALIDATED
DUC-B-01839,p6-4x2,Yellow,#F4EE2A,23,1828,9.0,-57.0,82.8,90,CONCEPT_NOT_FIT_VALIDATED
DUC-B-01840,p6-4x2,Yellow,#F4EE2A,23,1829,21.0,-57.0,82.8,90,CONCEPT_NOT_FIT_VALIDATED
DUC-B-01789,p6-2x1,Pumpkin orange,#FF9016,22,1830,24.0,-63.0,79.2,90,CONCEPT_NOT_FIT_VALIDATED
DUC-B-01842,p6-3x1,Yellow,#F4EE2A,23,1831,-36.0,-54.0,82.8,90,CONCEPT_NOT_FIT_VALIDATED
DUC-B-01843,p6-3x1,Yellow,#F4EE2A,23,1832,-30.0,-54.0,82.8,90,CONCEPT_NOT_FIT_VALIDATED
DUC-B-01844,p6-3x2,Yellow,#F4EE2A,23,1833,33.0,-54.0,82.8,90,CONCEPT_NOT_FIT_VALIDATED
DUC-B-01790,p6-1x1,Pumpkin orange,#FF9016,22,1834,30.0,-60.0,79.2,0,CONCEPT_NOT_FIT_VALIDATED
DUC-B-01845,p6-2x1,Yellow,#F4EE2A,23,1835,-42.0,-51.0,82.8,90,CONCEPT_NOT_FIT_VALIDATED
DUC-B-01846,p6-2x1,Yellow,#F4EE2A,23,1836,42.0,-51.0,82.8,90,CONCEPT_NOT_FIT_VALIDATED
DUC-B-01849,p6-4x2,Yellow,#F4EE2A,23,1837,-51.0,-33.0,82.8,90,CONCEPT_NOT_FIT_VALIDATED
DUC-B-01850,p6-4x2,Yellow,#F4EE2A,23,1838,-39.0,-33.0,82.8,90,CONCEPT_NOT_FIT_VALIDATED
DUC-B-01851,p6-4x2,Yellow,#F4EE2A,23,1839,-27.0,-33.0,82.8,90,CONCEPT_NOT_FIT_VALIDATED
DUC-B-01852,p6-4x2,Yellow,#F4EE2A,23,1840,-15.0,-33.0,82.8,90,CONCEPT_NOT_FIT_VALIDATED
DUC-B-01853,p6-4x2,Yellow,#F4EE2A,23,1841,-3.0,-33.0,82.8,90,CONCEPT_NOT_FIT_VALIDATED
DUC-B-01854,p6-4x2,Yellow,#F4EE2A,23,1842,9.0,-33.0,82.8,90,CONCEPT_NOT_FIT_VALIDATED
DUC-B-01855,p6-4x2,Yellow,#F4EE2A,23,1843,21.0,-33.0,82.8,90,CONCEPT_NOT_FIT_VALIDATED
DUC-B-01856,p6-4x2,Yellow,#F4EE2A,23,1844,33.0,-33.0,82.8,90,CONCEPT_NOT_FIT_VALIDATED
DUC-B-01857,p6-4x2,Yellow,#F4EE2A,23,1845,45.0,-33.0,82.8,90,CONCEPT_NOT_FIT_VALIDATED
DUC-B-01858,p6-4x1,Yellow,#F4EE2A,23,1846,54.0,-33.0,82.8,90,CONCEPT_NOT_FIT_VALIDATED
DUC-B-01859,p6-2x1,Yellow,#F4EE2A,23,1847,-60.0,-27.0,82.8,90,CONCEPT_NOT_FIT_VALIDATED
DUC-B-01860,p6-2x1,Yellow,#F4EE2A,23,1848,60.0,-27.0,82.8,90,CONCEPT_NOT_FIT_VALIDATED
DUC-B-01861,p6-4x1,Yellow,#F4EE2A,23,1849,-60.0,-9.0,82.8,90,CONCEPT_NOT_FIT_VALIDATED
DUC-B-01862,p6-4x2,Yellow,#F4EE2A,23,1850,-51.0,-9.0,82.8,90,CONCEPT_NOT_FIT_VALIDATED
DUC-B-01863,p6-4x2,Yellow,#F4EE2A,23,1851,-39.0,-9.0,82.8,90,CONCEPT_NOT_FIT_VALIDATED
DUC-B-01864,p6-4x2,Yellow,#F4EE2A,23,1852,-27.0,-9.0,82.8,90,CONCEPT_NOT_FIT_VALIDATED
DUC-B-01865,p6-4x2,Yellow,#F4EE2A,23,1853,-15.0,-9.0,82.8,90,CONCEPT_NOT_FIT_VALIDATED
DUC-B-01866,p6-4x2,Yellow,#F4EE2A,23,1854,-3.0,-9.0,82.8,90,CONCEPT_NOT_FIT_VALIDATED
DUC-B-01867,p6-4x2,Yellow,#F4EE2A,23,1855,9.0,-9.0,82.8,90,CONCEPT_NOT_FIT_VALIDATED
DUC-B-01868,p6-4x2,Yellow,#F4EE2A,23,1856,21.0,-9.0,82.8,90,CONCEPT_NOT_FIT_VALIDATED
DUC-B-01869,p6-4x2,Yellow,#F4EE2A,23,1857,33.0,-9.0,82.8,90,CONCEPT_NOT_FIT_VALIDATED
DUC-B-01870,p6-4x2,Yellow,#F4EE2A,23,1858,45.0,-9.0,82.8,90,CONCEPT_NOT_FIT_VALIDATED
DUC-B-01871,p6-4x2,Yellow,#F4EE2A,23,1859,57.0,-9.0,82.8,90,CONCEPT_NOT_FIT_VALIDATED
DUC-B-01872,p6-2x1,Yellow,#F4EE2A,23,1860,-60.0,9.0,82.8,90,CONCEPT_NOT_FIT_VALIDATED
DUC-B-01873,p6-4x2,Yellow,#F4EE2A,23,1861,-51.0,15.0,82.8,90,CONCEPT_NOT_FIT_VALIDATED
DUC-B-01874,p6-4x2,Yellow,#F4EE2A,23,1862,-39.0,15.0,82.8,90,CONCEPT_NOT_FIT_VALIDATED
DUC-B-01875,p6-4x2,Yellow,#F4EE2A,23,1863,-27.0,15.0,82.8,90,CONCEPT_NOT_FIT_VALIDATED
DUC-B-01876,p6-4x2,Yellow,#F4EE2A,23,1864,-15.0,15.0,82.8,90,CONCEPT_NOT_FIT_VALIDATED
DUC-B-01877,p6-4x2,Yellow,#F4EE2A,23,1865,-3.0,15.0,82.8,90,CONCEPT_NOT_FIT_VALIDATED
DUC-B-01878,p6-4x2,Yellow,#F4EE2A,23,1866,9.0,15.0,82.8,90,CONCEPT_NOT_FIT_VALIDATED
DUC-B-01879,p6-4x2,Yellow,#F4EE2A,23,1867,21.0,15.0,82.8,90,CONCEPT_NOT_FIT_VALIDATED
DUC-B-01880,p6-4x2,Yellow,#F4EE2A,23,1868,33.0,15.0,82.8,90,CONCEPT_NOT_FIT_VALIDATED
DUC-B-01881,p6-4x2,Yellow,#F4EE2A,23,1869,45.0,15.0,82.8,90,CONCEPT_NOT_FIT_VALIDATED
DUC-B-01882,p6-4x1,Yellow,#F4EE2A,23,1870,54.0,15.0,82.8,90,CONCEPT_NOT_FIT_VALIDATED
DUC-B-01883,p6-2x1,Yellow,#F4EE2A,23,1871,60.0,9.0,82.8,90,CONCEPT_NOT_FIT_VALIDATED
DUC-B-01884,p6-1x1,Yellow,#F4EE2A,23,1872,-60.0,24.0,82.8,0,CONCEPT_NOT_FIT_VALIDATED
DUC-B-01885,p6-1x1,Yellow,#F4EE2A,23,1873,60.0,24.0,82.8,0,CONCEPT_NOT_FIT_VALIDATED
DUC-B-01886,p6-4x2,Yellow,#F4EE2A,23,1874,-63.0,39.0,82.8,90,CONCEPT_NOT_FIT_VALIDATED
DUC-B-01887,p6-4x2,Yellow,#F4EE2A,23,1875,-51.0,39.0,82.8,90,CONCEPT_NOT_FIT_VALIDATED
DUC-B-01888,p6-4x2,Yellow,#F4EE2A,23,1876,-39.0,39.0,82.8,90,CONCEPT_NOT_FIT_VALIDATED
DUC-B-01889,p6-4x2,Yellow,#F4EE2A,23,1877,-27.0,39.0,82.8,90,CONCEPT_NOT_FIT_VALIDATED
DUC-B-01890,p6-4x2,Yellow,#F4EE2A,23,1878,-15.0,39.0,82.8,90,CONCEPT_NOT_FIT_VALIDATED
DUC-B-01891,p6-4x2,Yellow,#F4EE2A,23,1879,-3.0,39.0,82.8,90,CONCEPT_NOT_FIT_VALIDATED
DUC-B-01892,p6-4x2,Yellow,#F4EE2A,23,1880,9.0,39.0,82.8,90,CONCEPT_NOT_FIT_VALIDATED
DUC-B-01893,p6-4x2,Yellow,#F4EE2A,23,1881,21.0,39.0,82.8,90,CONCEPT_NOT_FIT_VALIDATED
DUC-B-01894,p6-4x2,Yellow,#F4EE2A,23,1882,33.0,39.0,82.8,90,CONCEPT_NOT_FIT_VALIDATED
DUC-B-01895,p6-4x2,Yellow,#F4EE2A,23,1883,45.0,39.0,82.8,90,CONCEPT_NOT_FIT_VALIDATED
DUC-B-01896,p6-4x2,Yellow,#F4EE2A,23,1884,57.0,39.0,82.8,90,CONCEPT_NOT_FIT_VALIDATED
DUC-B-01897,p6-4x1,Yellow,#F4EE2A,23,1885,66.0,39.0,82.8,90,CONCEPT_NOT_FIT_VALIDATED
DUC-B-01898,p6-2x1,Yellow,#F4EE2A,23,1886,-63.0,54.0,82.8,0,CONCEPT_NOT_FIT_VALIDATED
DUC-B-01899,p6-4x2,Yellow,#F4EE2A,23,1887,-51.0,63.0,82.8,90,CONCEPT_NOT_FIT_VALIDATED
DUC-B-01900,p6-4x2,Yellow,#F4EE2A,23,1888,-39.0,63.0,82.8,90,CONCEPT_NOT_FIT_VALIDATED
DUC-B-01901,p6-4x2,Yellow,#F4EE2A,23,1889,-27.0,63.0,82.8,90,CONCEPT_NOT_FIT_VALIDATED
DUC-B-01902,p6-4x2,Yellow,#F4EE2A,23,1890,-15.0,63.0,82.8,90,CONCEPT_NOT_FIT_VALIDATED
DUC-B-01903,p6-4x2,Yellow,#F4EE2A,23,1891,-3.0,63.0,82.8,90,CONCEPT_NOT_FIT_VALIDATED
DUC-B-01904,p6-4x2,Yellow,#F4EE2A,23,1892,9.0,63.0,82.8,90,CONCEPT_NOT_FIT_VALIDATED
DUC-B-01905,p6-4x2,Yellow,#F4EE2A,23,1893,21.0,63.0,82.8,90,CONCEPT_NOT_FIT_VALIDATED
DUC-B-01906,p6-4x2,Yellow,#F4EE2A,23,1894,33.0,63.0,82.8,90,CONCEPT_NOT_FIT_VALIDATED
DUC-B-01907,p6-4x2,Yellow,#F4EE2A,23,1895,45.0,63.0,82.8,90,CONCEPT_NOT_FIT_VALIDATED
DUC-B-01908,p6-4x2,Yellow,#F4EE2A,23,1896,57.0,63.0,82.8,90,CONCEPT_NOT_FIT_VALIDATED
DUC-B-01909,p6-1x1,Yellow,#F4EE2A,23,1897,66.0,54.0,82.8,0,CONCEPT_NOT_FIT_VALIDATED
DUC-B-01910,p6-3x1,Yellow,#F4EE2A,23,1898,-60.0,66.0,82.8,90,CONCEPT_NOT_FIT_VALIDATED
DUC-B-01911,p6-1x1,Yellow,#F4EE2A,23,1899,-60.0,78.0,82.8,0,CONCEPT_NOT_FIT_VALIDATED
DUC-B-01912,p6-2x2,Yellow,#F4EE2A,23,1900,-51.0,81.0,82.8,0,CONCEPT_NOT_FIT_VALIDATED
DUC-B-01913,p6-2x2,Yellow,#F4EE2A,23,1901,-39.0,81.0,82.8,0,CONCEPT_NOT_FIT_VALIDATED
DUC-B-01914,p6-3x2,Yellow,#F4EE2A,23,1902,-27.0,84.0,82.8,90,CONCEPT_NOT_FIT_VALIDATED
DUC-B-01915,p6-4x2,Yellow,#F4EE2A,23,1903,-15.0,87.0,82.8,90,CONCEPT_NOT_FIT_VALIDATED
DUC-B-01916,p6-4x2,Yellow,#F4EE2A,23,1904,-3.0,87.0,82.8,90,CONCEPT_NOT_FIT_VALIDATED
DUC-B-01917,p6-4x2,Yellow,#F4EE2A,23,1905,9.0,87.0,82.8,90,CONCEPT_NOT_FIT_VALIDATED
DUC-B-01918,p6-4x2,Yellow,#F4EE2A,23,1906,21.0,87.0,82.8,90,CONCEPT_NOT_FIT_VALIDATED
DUC-B-01919,p6-2x2,Yellow,#F4EE2A,23,1907,33.0,81.0,82.8,0,CONCEPT_NOT_FIT_VALIDATED
DUC-B-01920,p6-2x2,Yellow,#F4EE2A,23,1908,45.0,81.0,82.8,0,CONCEPT_NOT_FIT_VALIDATED
DUC-B-01921,p6-2x1,Yellow,#F4EE2A,23,1909,54.0,81.0,82.8,90,CONCEPT_NOT_FIT_VALIDATED
DUC-B-01922,p6-1x1,Yellow,#F4EE2A,23,1910,60.0,78.0,82.8,0,CONCEPT_NOT_FIT_VALIDATED
DUC-B-01923,p6-1x1,Yellow,#F4EE2A,23,1911,30.0,90.0,82.8,0,CONCEPT_NOT_FIT_VALIDATED
DUC-B-01924,p6-1x1,Yellow,#F4EE2A,23,1912,-24.0,96.0,82.8,0,CONCEPT_NOT_FIT_VALIDATED
DUC-B-01925,p6-2x1,Yellow,#F4EE2A,23,1913,-15.0,102.0,82.8,0,CONCEPT_NOT_FIT_VALIDATED
DUC-B-01926,p6-2x1,Yellow,#F4EE2A,23,1914,-3.0,102.0,82.8,0,CONCEPT_NOT_FIT_VALIDATED
DUC-B-01927,p6-2x1,Yellow,#F4EE2A,23,1915,9.0,102.0,82.8,0,CONCEPT_NOT_FIT_VALIDATED
DUC-B-01928,p6-1x1,Yellow,#F4EE2A,23,1916,18.0,102.0,82.8,0,CONCEPT_NOT_FIT_VALIDATED
DUC-B-01929,p6-3x2,Yellow,#F4EE2A,24,1917,-60.0,39.0,86.4,0,CONCEPT_NOT_FIT_VALIDATED
DUC-B-01930,p6-3x2,Yellow,#F4EE2A,24,1918,-60.0,51.0,86.4,0,CONCEPT_NOT_FIT_VALIDATED
DUC-B-01931,p6-2x2,Yellow,#F4EE2A,24,1919,-57.0,-33.0,86.4,0,CONCEPT_NOT_FIT_VALIDATED
DUC-B-01932,p6-2x2,Yellow,#F4EE2A,24,1920,-57.0,-21.0,86.4,0,CONCEPT_NOT_FIT_VALIDATED
DUC-B-01933,p6-2x2,Yellow,#F4EE2A,24,1921,-57.0,-9.0,86.4,0,CONCEPT_NOT_FIT_VALIDATED
DUC-B-01934,p6-2x2,Yellow,#F4EE2A,24,1922,-57.0,3.0,86.4,0,CONCEPT_NOT_FIT_VALIDATED
DUC-B-01935,p6-2x1,Yellow,#F4EE2A,24,1923,-57.0,12.0,86.4,0,CONCEPT_NOT_FIT_VALIDATED
DUC-B-01936,p6-2x1,Yellow,#F4EE2A,24,1924,-57.0,30.0,86.4,0,CONCEPT_NOT_FIT_VALIDATED
DUC-B-01937,p6-2x2,Yellow,#F4EE2A,24,1925,-57.0,63.0,86.4,0,CONCEPT_NOT_FIT_VALIDATED
DUC-B-01938,p6-2x1,Yellow,#F4EE2A,24,1926,-57.0,72.0,86.4,0,CONCEPT_NOT_FIT_VALIDATED
DUC-B-01939,p6-1x1,Yellow,#F4EE2A,24,1927,-54.0,-42.0,86.4,0,CONCEPT_NOT_FIT_VALIDATED
DUC-B-01940,p6-1x1,Yellow,#F4EE2A,24,1928,-54.0,18.0,86.4,0,CONCEPT_NOT_FIT_VALIDATED
DUC-B-01941,p6-1x1,Yellow,#F4EE2A,24,1929,-54.0,24.0,86.4,0,CONCEPT_NOT_FIT_VALIDATED
DUC-B-01942,p6-1x1,Yellow,#F4EE2A,24,1930,-54.0,78.0,86.4,0,CONCEPT_NOT_FIT_VALIDATED
DUC-B-01943,p6-1x1,Yellow,#F4EE2A,24,1931,-54.0,84.0,86.4,0,CONCEPT_NOT_FIT_VALIDATED
DUC-B-01944,p6-4x1,Yellow,#F4EE2A,24,1932,-39.0,-54.0,86.4,0,CONCEPT_NOT_FIT_VALIDATED
DUC-B-01945,p6-4x2,Yellow,#F4EE2A,24,1933,-39.0,-45.0,86.4,0,CONCEPT_NOT_FIT_VALIDATED
DUC-B-01847,p6-1x1,Yellow,#F4EE2A,23,1934,-48.0,-48.0,82.8,0,CONCEPT_NOT_FIT_VALIDATED
DUC-B-01731,p6-1x1,Yellow,#F4EE2A,22,1935,-48.0,-48.0,79.2,0,CONCEPT_NOT_FIT_VALIDATED
DUC-B-01946,p6-4x2,Yellow,#F4EE2A,24,1936,-39.0,-33.0,86.4,0,CONCEPT_NOT_FIT_VALIDATED
DUC-B-01947,p6-4x2,Yellow,#F4EE2A,24,1937,-39.0,-21.0,86.4,0,CONCEPT_NOT_FIT_VALIDATED
DUC-B-01948,p6-4x2,Yellow,#F4EE2A,24,1938,-39.0,-9.0,86.4,0,CONCEPT_NOT_FIT_VALIDATED
DUC-B-01949,p6-4x2,Yellow,#F4EE2A,24,1939,-39.0,3.0,86.4,0,CONCEPT_NOT_FIT_VALIDATED
DUC-B-01950,p6-4x2,Yellow,#F4EE2A,24,1940,-39.0,15.0,86.4,0,CONCEPT_NOT_FIT_VALIDATED
DUC-B-01951,p6-4x2,Yellow,#F4EE2A,24,1941,-39.0,27.0,86.4,0,CONCEPT_NOT_FIT_VALIDATED
DUC-B-01952,p6-4x2,Yellow,#F4EE2A,24,1942,-39.0,39.0,86.4,0,CONCEPT_NOT_FIT_VALIDATED
DUC-B-01953,p6-4x2,Yellow,#F4EE2A,24,1943,-39.0,51.0,86.4,0,CONCEPT_NOT_FIT_VALIDATED
DUC-B-01954,p6-4x2,Yellow,#F4EE2A,24,1944,-39.0,63.0,86.4,0,CONCEPT_NOT_FIT_VALIDATED
DUC-B-01955,p6-4x2,Yellow,#F4EE2A,24,1945,-39.0,75.0,86.4,0,CONCEPT_NOT_FIT_VALIDATED
DUC-B-01956,p6-2x1,Yellow,#F4EE2A,24,1946,-45.0,84.0,86.4,0,CONCEPT_NOT_FIT_VALIDATED
DUC-B-01957,p6-2x1,Yellow,#F4EE2A,24,1947,-33.0,-60.0,86.4,0,CONCEPT_NOT_FIT_VALIDATED
DUC-B-01959,p6-1x1,Yellow,#F4EE2A,24,1948,-30.0,84.0,86.4,0,CONCEPT_NOT_FIT_VALIDATED
DUC-B-01960,p6-2x1,Pumpkin orange,#FF9016,24,1949,-24.0,-81.0,86.4,90,CONCEPT_NOT_FIT_VALIDATED
DUC-B-01961,p6-1x1,Pumpkin orange,#FF9016,24,1950,-24.0,-72.0,86.4,0,CONCEPT_NOT_FIT_VALIDATED
DUC-B-01962,p6-4x1,Yellow,#F4EE2A,24,1951,-15.0,-66.0,86.4,0,CONCEPT_NOT_FIT_VALIDATED
DUC-B-01963,p6-4x2,Yellow,#F4EE2A,24,1952,-15.0,-57.0,86.4,0,CONCEPT_NOT_FIT_VALIDATED
DUC-B-01964,p6-4x2,Yellow,#F4EE2A,24,1953,-15.0,-45.0,86.4,0,CONCEPT_NOT_FIT_VALIDATED
DUC-B-01965,p6-4x2,Yellow,#F4EE2A,24,1954,-15.0,-33.0,86.4,0,CONCEPT_NOT_FIT_VALIDATED
DUC-B-01966,p6-4x2,Yellow,#F4EE2A,24,1955,-15.0,-21.0,86.4,0,CONCEPT_NOT_FIT_VALIDATED
DUC-B-01967,p6-4x2,Yellow,#F4EE2A,24,1956,-15.0,-9.0,86.4,0,CONCEPT_NOT_FIT_VALIDATED
DUC-B-01968,p6-4x2,Yellow,#F4EE2A,24,1957,-15.0,3.0,86.4,0,CONCEPT_NOT_FIT_VALIDATED
DUC-B-01969,p6-4x2,Yellow,#F4EE2A,24,1958,-15.0,15.0,86.4,0,CONCEPT_NOT_FIT_VALIDATED
DUC-B-01970,p6-4x2,Yellow,#F4EE2A,24,1959,-15.0,27.0,86.4,0,CONCEPT_NOT_FIT_VALIDATED
DUC-B-01971,p6-4x2,Yellow,#F4EE2A,24,1960,-15.0,39.0,86.4,0,CONCEPT_NOT_FIT_VALIDATED
DUC-B-01972,p6-4x2,Yellow,#F4EE2A,24,1961,-15.0,51.0,86.4,0,CONCEPT_NOT_FIT_VALIDATED
DUC-B-01973,p6-4x2,Yellow,#F4EE2A,24,1962,-15.0,63.0,86.4,0,CONCEPT_NOT_FIT_VALIDATED
DUC-B-01974,p6-4x2,Yellow,#F4EE2A,24,1963,-15.0,75.0,86.4,0,CONCEPT_NOT_FIT_VALIDATED
DUC-B-01975,p6-4x2,Yellow,#F4EE2A,24,1964,-15.0,87.0,86.4,0,CONCEPT_NOT_FIT_VALIDATED
DUC-B-01977,p6-2x1,Pumpkin orange,#FF9016,24,1965,-18.0,-93.0,86.4,90,CONCEPT_NOT_FIT_VALIDATED
DUC-B-01823,p6-1x1,Pumpkin orange,#FF9016,23,1966,-18.0,-96.0,82.8,0,CONCEPT_NOT_FIT_VALIDATED
DUC-B-01978,p6-3x2,Yellow,#F4EE2A,24,1967,-12.0,-81.0,86.4,0,CONCEPT_NOT_FIT_VALIDATED
DUC-B-01979,p6-3x1,Yellow,#F4EE2A,24,1968,-12.0,-72.0,86.4,0,CONCEPT_NOT_FIT_VALIDATED
DUC-B-01980,p6-2x2,Yellow,#F4EE2A,24,1969,-9.0,-93.0,86.4,0,CONCEPT_NOT_FIT_VALIDATED
DUC-B-01820,p6-2x1,Pumpkin orange,#FF9016,23,1970,-12.0,-99.0,82.8,90,CONCEPT_NOT_FIT_VALIDATED
DUC-B-01821,p6-2x1,Pumpkin orange,#FF9016,23,1971,-6.0,-99.0,82.8,90,CONCEPT_NOT_FIT_VALIDATED
DUC-B-01976,p6-3x1,Pumpkin orange,#FF9016,24,1972,-12.0,-102.0,86.4,0,CONCEPT_NOT_FIT_VALIDATED
DUC-B-01981,p6-2x1,Yellow,#F4EE2A,24,1973,-9.0,96.0,86.4,0,CONCEPT_NOT_FIT_VALIDATED
DUC-B-01983,p6-3x2,Yellow,#F4EE2A,24,1974,6.0,-93.0,86.4,0,CONCEPT_NOT_FIT_VALIDATED
DUC-B-01822,p6-2x2,Pumpkin orange,#FF9016,23,1975,9.0,-99.0,82.8,0,CONCEPT_NOT_FIT_VALIDATED
DUC-B-01824,p6-1x1,Pumpkin orange,#FF9016,23,1976,0.0,-96.0,82.8,0,CONCEPT_NOT_FIT_VALIDATED
DUC-B-01982,p6-4x1,Pumpkin orange,#FF9016,24,1977,9.0,-102.0,86.4,0,CONCEPT_NOT_FIT_VALIDATED
DUC-B-01984,p6-4x2,Yellow,#F4EE2A,24,1978,9.0,-81.0,86.4,0,CONCEPT_NOT_FIT_VALIDATED
DUC-B-01985,p6-4x2,Yellow,#F4EE2A,24,1979,9.0,-69.0,86.4,0,CONCEPT_NOT_FIT_VALIDATED
DUC-B-01986,p6-4x2,Yellow,#F4EE2A,24,1980,9.0,-57.0,86.4,0,CONCEPT_NOT_FIT_VALIDATED
DUC-B-01987,p6-4x2,Yellow,#F4EE2A,24,1981,9.0,-45.0,86.4,0,CONCEPT_NOT_FIT_VALIDATED
DUC-B-01988,p6-4x2,Yellow,#F4EE2A,24,1982,9.0,-33.0,86.4,0,CONCEPT_NOT_FIT_VALIDATED
DUC-B-01989,p6-4x2,Yellow,#F4EE2A,24,1983,9.0,-21.0,86.4,0,CONCEPT_NOT_FIT_VALIDATED
DUC-B-01990,p6-4x2,Yellow,#F4EE2A,24,1984,9.0,-9.0,86.4,0,CONCEPT_NOT_FIT_VALIDATED
DUC-B-01991,p6-4x2,Yellow,#F4EE2A,24,1985,9.0,3.0,86.4,0,CONCEPT_NOT_FIT_VALIDATED
DUC-B-01992,p6-4x2,Yellow,#F4EE2A,24,1986,9.0,15.0,86.4,0,CONCEPT_NOT_FIT_VALIDATED
DUC-B-01993,p6-4x2,Yellow,#F4EE2A,24,1987,9.0,27.0,86.4,0,CONCEPT_NOT_FIT_VALIDATED
DUC-B-01994,p6-4x2,Yellow,#F4EE2A,24,1988,9.0,39.0,86.4,0,CONCEPT_NOT_FIT_VALIDATED
DUC-B-01995,p6-4x2,Yellow,#F4EE2A,24,1989,9.0,51.0,86.4,0,CONCEPT_NOT_FIT_VALIDATED
DUC-B-01996,p6-4x2,Yellow,#F4EE2A,24,1990,9.0,63.0,86.4,0,CONCEPT_NOT_FIT_VALIDATED
DUC-B-01997,p6-4x2,Yellow,#F4EE2A,24,1991,9.0,75.0,86.4,0,CONCEPT_NOT_FIT_VALIDATED
DUC-B-01998,p6-4x2,Yellow,#F4EE2A,24,1992,9.0,87.0,86.4,0,CONCEPT_NOT_FIT_VALIDATED
DUC-B-01999,p6-3x1,Yellow,#F4EE2A,24,1993,6.0,96.0,86.4,0,CONCEPT_NOT_FIT_VALIDATED
DUC-B-02000,p6-2x1,Pumpkin orange,#FF9016,24,1994,18.0,-93.0,86.4,90,CONCEPT_NOT_FIT_VALIDATED
DUC-B-01825,p6-1x1,Pumpkin orange,#FF9016,23,1995,18.0,-96.0,82.8,0,CONCEPT_NOT_FIT_VALIDATED
DUC-B-02001,p6-2x1,Pumpkin orange,#FF9016,24,1996,24.0,-81.0,86.4,90,CONCEPT_NOT_FIT_VALIDATED
DUC-B-02002,p6-1x1,Pumpkin orange,#FF9016,24,1997,24.0,-72.0,86.4,0,CONCEPT_NOT_FIT_VALIDATED
DUC-B-02003,p6-1x1,Yellow,#F4EE2A,24,1998,24.0,-66.0,86.4,0,CONCEPT_NOT_FIT_VALIDATED
DUC-B-02004,p6-3x2,Yellow,#F4EE2A,24,1999,30.0,-57.0,86.4,0,CONCEPT_NOT_FIT_VALIDATED
DUC-B-02005,p6-4x2,Yellow,#F4EE2A,24,2000,33.0,-45.0,86.4,0,CONCEPT_NOT_FIT_VALIDATED
DUC-B-02006,p6-4x2,Yellow,#F4EE2A,24,2001,33.0,-33.0,86.4,0,CONCEPT_NOT_FIT_VALIDATED
DUC-B-02007,p6-4x2,Yellow,#F4EE2A,24,2002,33.0,-21.0,86.4,0,CONCEPT_NOT_FIT_VALIDATED
DUC-B-02008,p6-4x2,Yellow,#F4EE2A,24,2003,33.0,-9.0,86.4,0,CONCEPT_NOT_FIT_VALIDATED
DUC-B-02009,p6-4x2,Yellow,#F4EE2A,24,2004,33.0,3.0,86.4,0,CONCEPT_NOT_FIT_VALIDATED
DUC-B-02010,p6-4x2,Yellow,#F4EE2A,24,2005,33.0,15.0,86.4,0,CONCEPT_NOT_FIT_VALIDATED
DUC-B-02011,p6-4x2,Yellow,#F4EE2A,24,2006,33.0,27.0,86.4,0,CONCEPT_NOT_FIT_VALIDATED
DUC-B-02012,p6-4x2,Yellow,#F4EE2A,24,2007,33.0,39.0,86.4,0,CONCEPT_NOT_FIT_VALIDATED
DUC-B-02013,p6-4x2,Yellow,#F4EE2A,24,2008,33.0,51.0,86.4,0,CONCEPT_NOT_FIT_VALIDATED
DUC-B-02014,p6-4x2,Yellow,#F4EE2A,24,2009,33.0,63.0,86.4,0,CONCEPT_NOT_FIT_VALIDATED
DUC-B-02015,p6-4x2,Yellow,#F4EE2A,24,2010,33.0,75.0,86.4,0,CONCEPT_NOT_FIT_VALIDATED
DUC-B-02016,p6-2x1,Yellow,#F4EE2A,24,2011,27.0,84.0,86.4,0,CONCEPT_NOT_FIT_VALIDATED
DUC-B-02017,p6-1x1,Yellow,#F4EE2A,24,2012,24.0,90.0,86.4,0,CONCEPT_NOT_FIT_VALIDATED
DUC-B-02019,p6-1x1,Yellow,#F4EE2A,24,2013,42.0,-54.0,86.4,0,CONCEPT_NOT_FIT_VALIDATED
DUC-B-02020,p6-1x1,Yellow,#F4EE2A,24,2014,42.0,84.0,86.4,0,CONCEPT_NOT_FIT_VALIDATED
DUC-B-02022,p6-2x1,Yellow,#F4EE2A,24,2015,48.0,-45.0,86.4,90,CONCEPT_NOT_FIT_VALIDATED
DUC-B-01848,p6-1x1,Yellow,#F4EE2A,23,2016,48.0,-48.0,82.8,0,CONCEPT_NOT_FIT_VALIDATED
DUC-B-01804,p6-1x1,Yellow,#F4EE2A,22,2017,48.0,-48.0,79.2,0,CONCEPT_NOT_FIT_VALIDATED
DUC-B-02023,p6-3x2,Yellow,#F4EE2A,24,2018,54.0,-33.0,86.4,0,CONCEPT_NOT_FIT_VALIDATED
DUC-B-02024,p6-3x2,Yellow,#F4EE2A,24,2019,54.0,-21.0,86.4,0,CONCEPT_NOT_FIT_VALIDATED
DUC-B-02025,p6-3x2,Yellow,#F4EE2A,24,2020,54.0,-9.0,86.4,0,CONCEPT_NOT_FIT_VALIDATED
DUC-B-02026,p6-3x2,Yellow,#F4EE2A,24,2021,54.0,3.0,86.4,0,CONCEPT_NOT_FIT_VALIDATED
DUC-B-02027,p6-2x2,Yellow,#F4EE2A,24,2022,51.0,15.0,86.4,0,CONCEPT_NOT_FIT_VALIDATED
DUC-B-02028,p6-2x2,Yellow,#F4EE2A,24,2023,51.0,27.0,86.4,0,CONCEPT_NOT_FIT_VALIDATED
DUC-B-02029,p6-4x2,Yellow,#F4EE2A,24,2024,57.0,39.0,86.4,0,CONCEPT_NOT_FIT_VALIDATED
DUC-B-02030,p6-4x2,Yellow,#F4EE2A,24,2025,57.0,51.0,86.4,0,CONCEPT_NOT_FIT_VALIDATED
DUC-B-02031,p6-3x2,Yellow,#F4EE2A,24,2026,54.0,63.0,86.4,0,CONCEPT_NOT_FIT_VALIDATED
DUC-B-02032,p6-2x2,Yellow,#F4EE2A,24,2027,51.0,75.0,86.4,0,CONCEPT_NOT_FIT_VALIDATED
DUC-B-02033,p6-2x1,Yellow,#F4EE2A,24,2028,51.0,84.0,86.4,0,CONCEPT_NOT_FIT_VALIDATED
DUC-B-02034,p6-1x1,Yellow,#F4EE2A,24,2029,54.0,-42.0,86.4,0,CONCEPT_NOT_FIT_VALIDATED
DUC-B-02035,p6-1x1,Yellow,#F4EE2A,24,2030,60.0,12.0,86.4,0,CONCEPT_NOT_FIT_VALIDATED
DUC-B-02036,p6-1x1,Yellow,#F4EE2A,24,2031,60.0,30.0,86.4,0,CONCEPT_NOT_FIT_VALIDATED
DUC-B-02037,p6-1x1,Yellow,#F4EE2A,24,2032,60.0,72.0,86.4,0,CONCEPT_NOT_FIT_VALIDATED
DUC-B-02040,p6-1x1,Pumpkin orange,#FF9016,25,2033,-18.0,-102.0,90.0,0,CONCEPT_NOT_FIT_VALIDATED
DUC-B-02041,p6-1x1,Pumpkin orange,#FF9016,25,2034,-12.0,-102.0,90.0,0,CONCEPT_NOT_FIT_VALIDATED
DUC-B-02042,p6-1x1,Yellow,#F4EE2A,25,2035,-6.0,-102.0,90.0,0,CONCEPT_NOT_FIT_VALIDATED
DUC-B-02043,p6-2x1,Yellow,#F4EE2A,25,2036,3.0,-102.0,90.0,0,CONCEPT_NOT_FIT_VALIDATED
DUC-B-02044,p6-2x1,Pumpkin orange,#FF9016,25,2037,15.0,-102.0,90.0,0,CONCEPT_NOT_FIT_VALIDATED
DUC-B-02045,p6-4x1,Pumpkin orange,#FF9016,25,2038,-18.0,-87.0,90.0,90,CONCEPT_NOT_FIT_VALIDATED
DUC-B-02046,p6-3x1,Pumpkin orange,#FF9016,25,2039,-12.0,-90.0,90.0,90,CONCEPT_NOT_FIT_VALIDATED
DUC-B-02047,p6-4x1,Yellow,#F4EE2A,25,2040,-6.0,-87.0,90.0,90,CONCEPT_NOT_FIT_VALIDATED
DUC-B-02048,p6-4x2,Yellow,#F4EE2A,25,2041,3.0,-87.0,90.0,90,CONCEPT_NOT_FIT_VALIDATED
DUC-B-02049,p6-3x2,Pumpkin orange,#FF9016,25,2042,15.0,-90.0,90.0,90,CONCEPT_NOT_FIT_VALIDATED
DUC-B-02050,p6-1x1,Yellow,#F4EE2A,25,2043,-12.0,-78.0,90.0,0,CONCEPT_NOT_FIT_VALIDATED
DUC-B-02051,p6-1x1,Yellow,#F4EE2A,25,2044,12.0,-78.0,90.0,0,CONCEPT_NOT_FIT_VALIDATED
DUC-B-02052,p6-1x1,Pumpkin orange,#FF9016,25,2045,18.0,-78.0,90.0,0,CONCEPT_NOT_FIT_VALIDATED
DUC-B-02053,p6-1x1,Pumpkin orange,#FF9016,25,2046,-18.0,-72.0,90.0,0,CONCEPT_NOT_FIT_VALIDATED
DUC-B-02054,p6-4x2,Yellow,#F4EE2A,25,2047,-9.0,-63.0,90.0,90,CONCEPT_NOT_FIT_VALIDATED
DUC-B-02055,p6-4x2,Yellow,#F4EE2A,25,2048,3.0,-63.0,90.0,90,CONCEPT_NOT_FIT_VALIDATED
DUC-B-02056,p6-4x1,Yellow,#F4EE2A,25,2049,12.0,-63.0,90.0,90,CONCEPT_NOT_FIT_VALIDATED
DUC-B-02057,p6-1x1,Pumpkin orange,#FF9016,25,2050,18.0,-72.0,90.0,0,CONCEPT_NOT_FIT_VALIDATED
DUC-B-02058,p6-3x1,Yellow,#F4EE2A,25,2051,-30.0,-60.0,90.0,90,CONCEPT_NOT_FIT_VALIDATED
DUC-B-01958,p6-1x1,Pumpkin orange,#FF9016,24,2052,-30.0,-66.0,86.4,0,CONCEPT_NOT_FIT_VALIDATED
DUC-B-01835,p6-1x1,Pumpkin orange,#FF9016,23,2053,-30.0,-66.0,82.8,0,CONCEPT_NOT_FIT_VALIDATED
DUC-B-02059,p6-3x2,Yellow,#F4EE2A,25,2054,-21.0,-60.0,90.0,90,CONCEPT_NOT_FIT_VALIDATED
DUC-B-02060,p6-3x1,Yellow,#F4EE2A,25,2055,18.0,-60.0,90.0,90,CONCEPT_NOT_FIT_VALIDATED
DUC-B-02061,p6-3x2,Yellow,#F4EE2A,25,2056,27.0,-60.0,90.0,90,CONCEPT_NOT_FIT_VALIDATED
DUC-B-02018,p6-1x1,Pumpkin orange,#FF9016,24,2057,30.0,-66.0,86.4,0,CONCEPT_NOT_FIT_VALIDATED
DUC-B-01841,p6-1x1,Pumpkin orange,#FF9016,23,2058,30.0,-66.0,82.8,0,CONCEPT_NOT_FIT_VALIDATED
DUC-B-02062,p6-1x1,Black,#000000,25,2059,-36.0,-60.0,90.0,0,CONCEPT_NOT_FIT_VALIDATED
DUC-B-02063,p6-1x1,Black,#000000,25,2060,36.0,-60.0,90.0,0,CONCEPT_NOT_FIT_VALIDATED
DUC-B-02064,p6-2x1,Yellow,#F4EE2A,25,2061,-45.0,-54.0,90.0,0,CONCEPT_NOT_FIT_VALIDATED
DUC-B-02065,p6-1x1,Yellow,#F4EE2A,25,2062,-36.0,-54.0,90.0,0,CONCEPT_NOT_FIT_VALIDATED
DUC-B-02066,p6-2x1,Yellow,#F4EE2A,25,2063,39.0,-54.0,90.0,0,CONCEPT_NOT_FIT_VALIDATED
DUC-B-02068,p6-4x1,Yellow,#F4EE2A,25,2064,-54.0,-39.0,90.0,90,CONCEPT_NOT_FIT_VALIDATED
DUC-B-02069,p6-4x2,Yellow,#F4EE2A,25,2065,-45.0,-39.0,90.0,90,CONCEPT_NOT_FIT_VALIDATED
DUC-B-02070,p6-4x2,Yellow,#F4EE2A,25,2066,-33.0,-39.0,90.0,90,CONCEPT_NOT_FIT_VALIDATED
DUC-B-02071,p6-4x2,Yellow,#F4EE2A,25,2067,-21.0,-39.0,90.0,90,CONCEPT_NOT_FIT_VALIDATED
DUC-B-02072,p6-4x2,Yellow,#F4EE2A,25,2068,-9.0,-39.0,90.0,90,CONCEPT_NOT_FIT_VALIDATED
DUC-B-02073,p6-4x2,Yellow,#F4EE2A,25,2069,3.0,-39.0,90.0,90,CONCEPT_NOT_FIT_VALIDATED
DUC-B-02074,p6-4x2,Yellow,#F4EE2A,25,2070,15.0,-39.0,90.0,90,CONCEPT_NOT_FIT_VALIDATED
DUC-B-02075,p6-4x2,Yellow,#F4EE2A,25,2071,27.0,-39.0,90.0,90,CONCEPT_NOT_FIT_VALIDATED
DUC-B-02076,p6-4x2,Yellow,#F4EE2A,25,2072,39.0,-39.0,90.0,90,CONCEPT_NOT_FIT_VALIDATED
DUC-B-02077,p6-4x2,Yellow,#F4EE2A,25,2073,51.0,-39.0,90.0,90,CONCEPT_NOT_FIT_VALIDATED
DUC-B-02078,p6-2x1,Yellow,#F4EE2A,25,2074,-60.0,-33.0,90.0,90,CONCEPT_NOT_FIT_VALIDATED
DUC-B-02079,p6-2x1,Yellow,#F4EE2A,25,2075,60.0,-33.0,90.0,90,CONCEPT_NOT_FIT_VALIDATED
DUC-B-02080,p6-4x2,Yellow,#F4EE2A,25,2076,-57.0,-15.0,90.0,90,CONCEPT_NOT_FIT_VALIDATED
DUC-B-02081,p6-4x2,Yellow,#F4EE2A,25,2077,-45.0,-15.0,90.0,90,CONCEPT_NOT_FIT_VALIDATED
DUC-B-02082,p6-4x2,Yellow,#F4EE2A,25,2078,-33.0,-15.0,90.0,90,CONCEPT_NOT_FIT_VALIDATED
DUC-B-02083,p6-4x2,Yellow,#F4EE2A,25,2079,-21.0,-15.0,90.0,90,CONCEPT_NOT_FIT_VALIDATED
DUC-B-02084,p6-4x2,Yellow,#F4EE2A,25,2080,-9.0,-15.0,90.0,90,CONCEPT_NOT_FIT_VALIDATED
DUC-B-02085,p6-4x2,Yellow,#F4EE2A,25,2081,3.0,-15.0,90.0,90,CONCEPT_NOT_FIT_VALIDATED
DUC-B-02086,p6-4x2,Yellow,#F4EE2A,25,2082,15.0,-15.0,90.0,90,CONCEPT_NOT_FIT_VALIDATED
DUC-B-02087,p6-4x2,Yellow,#F4EE2A,25,2083,27.0,-15.0,90.0,90,CONCEPT_NOT_FIT_VALIDATED
DUC-B-02088,p6-4x2,Yellow,#F4EE2A,25,2084,39.0,-15.0,90.0,90,CONCEPT_NOT_FIT_VALIDATED
DUC-B-02089,p6-4x2,Yellow,#F4EE2A,25,2085,51.0,-15.0,90.0,90,CONCEPT_NOT_FIT_VALIDATED
DUC-B-02090,p6-4x1,Yellow,#F4EE2A,25,2086,60.0,-15.0,90.0,90,CONCEPT_NOT_FIT_VALIDATED
DUC-B-02091,p6-4x2,Yellow,#F4EE2A,25,2087,-57.0,9.0,90.0,90,CONCEPT_NOT_FIT_VALIDATED
DUC-B-02092,p6-4x2,Yellow,#F4EE2A,25,2088,-45.0,9.0,90.0,90,CONCEPT_NOT_FIT_VALIDATED
DUC-B-02093,p6-4x2,Yellow,#F4EE2A,25,2089,-33.0,9.0,90.0,90,CONCEPT_NOT_FIT_VALIDATED
DUC-B-02094,p6-4x2,Yellow,#F4EE2A,25,2090,-21.0,9.0,90.0,90,CONCEPT_NOT_FIT_VALIDATED
DUC-B-02095,p6-4x2,Yellow,#F4EE2A,25,2091,-9.0,9.0,90.0,90,CONCEPT_NOT_FIT_VALIDATED
DUC-B-02096,p6-4x2,Yellow,#F4EE2A,25,2092,3.0,9.0,90.0,90,CONCEPT_NOT_FIT_VALIDATED
DUC-B-02097,p6-4x2,Yellow,#F4EE2A,25,2093,15.0,9.0,90.0,90,CONCEPT_NOT_FIT_VALIDATED
DUC-B-02098,p6-4x2,Yellow,#F4EE2A,25,2094,27.0,9.0,90.0,90,CONCEPT_NOT_FIT_VALIDATED
DUC-B-02099,p6-4x2,Yellow,#F4EE2A,25,2095,39.0,9.0,90.0,90,CONCEPT_NOT_FIT_VALIDATED
DUC-B-02100,p6-4x2,Yellow,#F4EE2A,25,2096,51.0,9.0,90.0,90,CONCEPT_NOT_FIT_VALIDATED
DUC-B-02101,p6-4x1,Yellow,#F4EE2A,25,2097,60.0,9.0,90.0,90,CONCEPT_NOT_FIT_VALIDATED
DUC-B-02102,p6-4x1,Yellow,#F4EE2A,25,2098,-54.0,33.0,90.0,90,CONCEPT_NOT_FIT_VALIDATED
DUC-B-02103,p6-4x2,Yellow,#F4EE2A,25,2099,-45.0,33.0,90.0,90,CONCEPT_NOT_FIT_VALIDATED
DUC-B-02104,p6-4x2,Yellow,#F4EE2A,25,2100,-33.0,33.0,90.0,90,CONCEPT_NOT_FIT_VALIDATED
DUC-B-02105,p6-4x2,Yellow,#F4EE2A,25,2101,-21.0,33.0,90.0,90,CONCEPT_NOT_FIT_VALIDATED
DUC-B-02106,p6-4x2,Yellow,#F4EE2A,25,2102,-9.0,33.0,90.0,90,CONCEPT_NOT_FIT_VALIDATED
DUC-B-02107,p6-4x2,Yellow,#F4EE2A,25,2103,3.0,33.0,90.0,90,CONCEPT_NOT_FIT_VALIDATED
DUC-B-02108,p6-4x2,Yellow,#F4EE2A,25,2104,15.0,33.0,90.0,90,CONCEPT_NOT_FIT_VALIDATED
DUC-B-02109,p6-4x2,Yellow,#F4EE2A,25,2105,27.0,33.0,90.0,90,CONCEPT_NOT_FIT_VALIDATED
DUC-B-02110,p6-4x2,Yellow,#F4EE2A,25,2106,39.0,33.0,90.0,90,CONCEPT_NOT_FIT_VALIDATED
DUC-B-02111,p6-4x2,Yellow,#F4EE2A,25,2107,51.0,33.0,90.0,90,CONCEPT_NOT_FIT_VALIDATED
DUC-B-02112,p6-2x1,Yellow,#F4EE2A,25,2108,-60.0,39.0,90.0,90,CONCEPT_NOT_FIT_VALIDATED
DUC-B-02113,p6-2x1,Yellow,#F4EE2A,25,2109,60.0,39.0,90.0,90,CONCEPT_NOT_FIT_VALIDATED
DUC-B-02114,p6-4x2,Yellow,#F4EE2A,25,2110,-57.0,57.0,90.0,90,CONCEPT_NOT_FIT_VALIDATED
DUC-B-02115,p6-4x2,Yellow,#F4EE2A,25,2111,-45.0,57.0,90.0,90,CONCEPT_NOT_FIT_VALIDATED
DUC-B-02116,p6-1x1,Yellow,#F4EE2A,25,2112,-30.0,48.0,90.0,0,CONCEPT_NOT_FIT_VALIDATED
DUC-B-02117,p6-2x1,Yellow,#F4EE2A,25,2113,-21.0,48.0,90.0,0,CONCEPT_NOT_FIT_VALIDATED
DUC-B-02118,p6-2x2,Yellow,#F4EE2A,25,2114,-9.0,51.0,90.0,0,CONCEPT_NOT_FIT_VALIDATED
DUC-B-02119,p6-2x2,Yellow,#F4EE2A,25,2115,3.0,51.0,90.0,0,CONCEPT_NOT_FIT_VALIDATED
DUC-B-02120,p6-2x1,Yellow,#F4EE2A,25,2116,12.0,51.0,90.0,90,CONCEPT_NOT_FIT_VALIDATED
DUC-B-02121,p6-1x1,Yellow,#F4EE2A,25,2117,18.0,48.0,90.0,0,CONCEPT_NOT_FIT_VALIDATED
DUC-B-02122,p6-2x1,Yellow,#F4EE2A,25,2118,27.0,48.0,90.0,0,CONCEPT_NOT_FIT_VALIDATED
DUC-B-02123,p6-4x1,Yellow,#F4EE2A,25,2119,42.0,57.0,90.0,90,CONCEPT_NOT_FIT_VALIDATED
DUC-B-02124,p6-4x2,Yellow,#F4EE2A,25,2120,51.0,57.0,90.0,90,CONCEPT_NOT_FIT_VALIDATED
DUC-B-02125,p6-4x1,Yellow,#F4EE2A,25,2121,60.0,57.0,90.0,90,CONCEPT_NOT_FIT_VALIDATED
DUC-B-02126,p6-2x1,Yellow,#F4EE2A,25,2122,-54.0,75.0,90.0,90,CONCEPT_NOT_FIT_VALIDATED
DUC-B-02127,p6-3x2,Yellow,#F4EE2A,25,2123,-45.0,78.0,90.0,90,CONCEPT_NOT_FIT_VALIDATED
DUC-B-02128,p6-3x1,Yellow,#F4EE2A,25,2124,42.0,78.0,90.0,90,CONCEPT_NOT_FIT_VALIDATED
DUC-B-02129,p6-2x2,Yellow,#F4EE2A,25,2125,51.0,75.0,90.0,0,CONCEPT_NOT_FIT_VALIDATED
DUC-B-02130,p6-1x1,Yellow,#F4EE2A,25,2126,48.0,84.0,90.0,0,CONCEPT_NOT_FIT_VALIDATED
DUC-B-02131,p6-2x1,Pumpkin orange,#FF9016,26,2127,6.0,-105.0,93.6,90,CONCEPT_NOT_FIT_VALIDATED
DUC-B-02039,p6-2x1,Pumpkin orange,#FF9016,25,2128,3.0,-108.0,90.0,0,CONCEPT_NOT_FIT_VALIDATED
DUC-B-02132,p6-2x2,Yellow,#F4EE2A,26,2129,-63.0,-15.0,93.6,0,CONCEPT_NOT_FIT_VALIDATED
DUC-B-02133,p6-2x2,Yellow,#F4EE2A,26,2130,-63.0,-3.0,93.6,0,CONCEPT_NOT_FIT_VALIDATED
DUC-B-02134,p6-1x1,Yellow,#F4EE2A,26,2131,-60.0,-36.0,93.6,0,CONCEPT_NOT_FIT_VALIDATED
DUC-B-02135,p6-2x1,Yellow,#F4EE2A,26,2132,-60.0,-27.0,93.6,90,CONCEPT_NOT_FIT_VALIDATED
DUC-B-02136,p6-2x1,Yellow,#F4EE2A,26,2133,-60.0,9.0,93.6,90,CONCEPT_NOT_FIT_VALIDATED
DUC-B-02137,p6-1x1,Yellow,#F4EE2A,26,2134,-60.0,18.0,93.6,0,CONCEPT_NOT_FIT_VALIDATED
DUC-B-02138,p6-1x1,Yellow,#F4EE2A,26,2135,-60.0,48.0,93.6,0,CONCEPT_NOT_FIT_VALIDATED
DUC-B-02139,p6-2x1,Yellow,#F4EE2A,26,2136,-60.0,57.0,93.6,90,CONCEPT_NOT_FIT_VALIDATED
DUC-B-02140,p6-4x1,Yellow,#F4EE2A,26,2137,-45.0,-48.0,93.6,0,CONCEPT_NOT_FIT_VALIDATED
DUC-B-02141,p6-4x2,Yellow,#F4EE2A,26,2138,-45.0,-39.0,93.6,0,CONCEPT_NOT_FIT_VALIDATED
DUC-B-02142,p6-4x2,Yellow,#F4EE2A,26,2139,-45.0,-27.0,93.6,0,CONCEPT_NOT_FIT_VALIDATED
DUC-B-02143,p6-4x2,Yellow,#F4EE2A,26,2140,-45.0,-15.0,93.6,0,CONCEPT_NOT_FIT_VALIDATED
DUC-B-02144,p6-4x2,Yellow,#F4EE2A,26,2141,-45.0,-3.0,93.6,0,CONCEPT_NOT_FIT_VALIDATED
DUC-B-02145,p6-4x2,Yellow,#F4EE2A,26,2142,-45.0,9.0,93.6,0,CONCEPT_NOT_FIT_VALIDATED
DUC-B-02146,p6-4x2,Yellow,#F4EE2A,26,2143,-45.0,21.0,93.6,0,CONCEPT_NOT_FIT_VALIDATED
DUC-B-02147,p6-4x1,Yellow,#F4EE2A,26,2144,-45.0,30.0,93.6,0,CONCEPT_NOT_FIT_VALIDATED
DUC-B-02148,p6-2x1,Yellow,#F4EE2A,26,2145,-51.0,48.0,93.6,0,CONCEPT_NOT_FIT_VALIDATED
DUC-B-02149,p6-3x2,Yellow,#F4EE2A,26,2146,-48.0,57.0,93.6,0,CONCEPT_NOT_FIT_VALIDATED
DUC-B-02150,p6-3x2,Yellow,#F4EE2A,26,2147,-48.0,69.0,93.6,0,CONCEPT_NOT_FIT_VALIDATED
DUC-B-02151,p6-1x1,Black,#000000,26,2148,-48.0,-54.0,93.6,0,CONCEPT_NOT_FIT_VALIDATED
DUC-B-02152,p6-3x1,Yellow,#F4EE2A,26,2149,-42.0,36.0,93.6,0,CONCEPT_NOT_FIT_VALIDATED
DUC-B-02153,p6-1x1,Yellow,#F4EE2A,26,2150,-48.0,78.0,93.6,0,CONCEPT_NOT_FIT_VALIDATED
DUC-B-02154,p6-2x1,Black,#000000,26,2151,-39.0,-60.0,93.6,0,CONCEPT_NOT_FIT_VALIDATED
DUC-B-02155,p6-2x1,Yellow,#F4EE2A,26,2152,-39.0,-54.0,93.6,0,CONCEPT_NOT_FIT_VALIDATED
DUC-B-02156,p6-2x1,Yellow,#F4EE2A,26,2153,-39.0,42.0,93.6,0,CONCEPT_NOT_FIT_VALIDATED
DUC-B-02157,p6-1x1,Black,#000000,26,2154,-30.0,-66.0,93.6,0,CONCEPT_NOT_FIT_VALIDATED
DUC-B-02158,p6-4x1,Yellow,#F4EE2A,26,2155,-21.0,-60.0,93.6,0,CONCEPT_NOT_FIT_VALIDATED
DUC-B-02159,p6-4x2,Yellow,#F4EE2A,26,2156,-21.0,-51.0,93.6,0,CONCEPT_NOT_FIT_VALIDATED
DUC-B-02160,p6-4x2,Yellow,#F4EE2A,26,2157,-21.0,-39.0,93.6,0,CONCEPT_NOT_FIT_VALIDATED
DUC-B-02161,p6-4x2,Yellow,#F4EE2A,26,2158,-21.0,-27.0,93.6,0,CONCEPT_NOT_FIT_VALIDATED
DUC-B-02162,p6-4x2,Yellow,#F4EE2A,26,2159,-21.0,-15.0,93.6,0,CONCEPT_NOT_FIT_VALIDATED
DUC-B-02163,p6-4x2,Yellow,#F4EE2A,26,2160,-21.0,-3.0,93.6,0,CONCEPT_NOT_FIT_VALIDATED
DUC-B-02164,p6-4x2,Yellow,#F4EE2A,26,2161,-21.0,9.0,93.6,0,CONCEPT_NOT_FIT_VALIDATED
DUC-B-02165,p6-4x2,Yellow,#F4EE2A,26,2162,-21.0,21.0,93.6,0,CONCEPT_NOT_FIT_VALIDATED
DUC-B-02166,p6-4x2,Yellow,#F4EE2A,26,2163,-21.0,33.0,93.6,0,CONCEPT_NOT_FIT_VALIDATED
DUC-B-02167,p6-4x2,Yellow,#F4EE2A,26,2164,-21.0,45.0,93.6,0,CONCEPT_NOT_FIT_VALIDATED
DUC-B-02168,p6-3x1,Yellow,#F4EE2A,26,2165,-18.0,-66.0,93.6,0,CONCEPT_NOT_FIT_VALIDATED
DUC-B-02169,p6-1x1,Pumpkin orange,#FF9016,26,2166,-12.0,-102.0,93.6,0,CONCEPT_NOT_FIT_VALIDATED
DUC-B-02170,p6-2x1,Pumpkin orange,#FF9016,26,2167,-12.0,-75.0,93.6,90,CONCEPT_NOT_FIT_VALIDATED
DUC-B-02171,p6-2x1,Pumpkin orange,#FF9016,26,2168,-3.0,-108.0,93.6,0,CONCEPT_NOT_FIT_VALIDATED
DUC-B-02038,p6-1x1,Pumpkin orange,#FF9016,25,2169,-6.0,-108.0,90.0,0,CONCEPT_NOT_FIT_VALIDATED
DUC-B-02172,p6-2x2,Pumpkin orange,#FF9016,26,2170,-3.0,-99.0,93.6,0,CONCEPT_NOT_FIT_VALIDATED
DUC-B-02173,p6-3x2,Pumpkin orange,#FF9016,26,2171,0.0,-87.0,93.6,0,CONCEPT_NOT_FIT_VALIDATED
DUC-B-02174,p6-4x1,Pumpkin orange,#FF9016,26,2172,3.0,-78.0,93.6,0,CONCEPT_NOT_FIT_VALIDATED
DUC-B-02175,p6-3x1,Yellow,#F4EE2A,26,2173,0.0,-72.0,93.6,0,CONCEPT_NOT_FIT_VALIDATED
DUC-B-02176,p6-4x2,Yellow,#F4EE2A,26,2174,3.0,-63.0,93.6,0,CONCEPT_NOT_FIT_VALIDATED
DUC-B-02177,p6-4x2,Yellow,#F4EE2A,26,2175,3.0,-51.0,93.6,0,CONCEPT_NOT_FIT_VALIDATED
DUC-B-02178,p6-4x2,Yellow,#F4EE2A,26,2176,3.0,-39.0,93.6,0,CONCEPT_NOT_FIT_VALIDATED
DUC-B-02179,p6-4x2,Yellow,#F4EE2A,26,2177,3.0,-27.0,93.6,0,CONCEPT_NOT_FIT_VALIDATED
DUC-B-02180,p6-4x2,Yellow,#F4EE2A,26,2178,3.0,-15.0,93.6,0,CONCEPT_NOT_FIT_VALIDATED
DUC-B-02181,p6-4x2,Yellow,#F4EE2A,26,2179,3.0,-3.0,93.6,0,CONCEPT_NOT_FIT_VALIDATED
DUC-B-02182,p6-4x2,Yellow,#F4EE2A,26,2180,3.0,9.0,93.6,0,CONCEPT_NOT_FIT_VALIDATED
DUC-B-02183,p6-4x2,Yellow,#F4EE2A,26,2181,3.0,21.0,93.6,0,CONCEPT_NOT_FIT_VALIDATED
DUC-B-02184,p6-4x2,Yellow,#F4EE2A,26,2182,3.0,33.0,93.6,0,CONCEPT_NOT_FIT_VALIDATED
DUC-B-02185,p6-4x2,Yellow,#F4EE2A,26,2183,3.0,45.0,93.6,0,CONCEPT_NOT_FIT_VALIDATED
DUC-B-02186,p6-1x1,Pumpkin orange,#FF9016,26,2184,6.0,-96.0,93.6,0,CONCEPT_NOT_FIT_VALIDATED
DUC-B-02187,p6-1x1,Pumpkin orange,#FF9016,26,2185,12.0,-102.0,93.6,0,CONCEPT_NOT_FIT_VALIDATED
DUC-B-02188,p6-1x1,Pumpkin orange,#FF9016,26,2186,12.0,-72.0,93.6,0,CONCEPT_NOT_FIT_VALIDATED
DUC-B-02189,p6-2x2,Yellow,#F4EE2A,26,2187,21.0,-63.0,93.6,0,CONCEPT_NOT_FIT_VALIDATED
DUC-B-02190,p6-4x2,Yellow,#F4EE2A,26,2188,27.0,-51.0,93.6,0,CONCEPT_NOT_FIT_VALIDATED
DUC-B-02191,p6-4x2,Yellow,#F4EE2A,26,2189,27.0,-39.0,93.6,0,CONCEPT_NOT_FIT_VALIDATED
DUC-B-02192,p6-4x2,Yellow,#F4EE2A,26,2190,27.0,-27.0,93.6,0,CONCEPT_NOT_FIT_VALIDATED
DUC-B-02193,p6-4x2,Yellow,#F4EE2A,26,2191,27.0,-15.0,93.6,0,CONCEPT_NOT_FIT_VALIDATED
DUC-B-02194,p6-4x2,Yellow,#F4EE2A,26,2192,27.0,-3.0,93.6,0,CONCEPT_NOT_FIT_VALIDATED
DUC-B-02195,p6-4x2,Yellow,#F4EE2A,26,2193,27.0,9.0,93.6,0,CONCEPT_NOT_FIT_VALIDATED
DUC-B-02196,p6-4x2,Yellow,#F4EE2A,26,2194,27.0,21.0,93.6,0,CONCEPT_NOT_FIT_VALIDATED
DUC-B-02197,p6-4x2,Yellow,#F4EE2A,26,2195,27.0,33.0,93.6,0,CONCEPT_NOT_FIT_VALIDATED
DUC-B-02198,p6-3x2,Yellow,#F4EE2A,26,2196,24.0,45.0,93.6,0,CONCEPT_NOT_FIT_VALIDATED
DUC-B-02199,p6-1x1,Black,#000000,26,2197,30.0,-66.0,93.6,0,CONCEPT_NOT_FIT_VALIDATED
DUC-B-02200,p6-1x1,Yellow,#F4EE2A,26,2198,30.0,-60.0,93.6,0,CONCEPT_NOT_FIT_VALIDATED
DUC-B-02201,p6-1x1,Black,#000000,26,2199,36.0,-60.0,93.6,0,CONCEPT_NOT_FIT_VALIDATED
DUC-B-02202,p6-1x1,Yellow,#F4EE2A,26,2200,36.0,42.0,93.6,0,CONCEPT_NOT_FIT_VALIDATED
DUC-B-02204,p6-2x1,Yellow,#F4EE2A,26,2201,42.0,-51.0,93.6,90,CONCEPT_NOT_FIT_VALIDATED
DUC-B-02205,p6-4x2,Yellow,#F4EE2A,26,2202,51.0,-39.0,93.6,0,CONCEPT_NOT_FIT_VALIDATED
DUC-B-02206,p6-4x2,Yellow,#F4EE2A,26,2203,51.0,-27.0,93.6,0,CONCEPT_NOT_FIT_VALIDATED
DUC-B-02207,p6-4x2,Yellow,#F4EE2A,26,2204,51.0,-15.0,93.6,0,CONCEPT_NOT_FIT_VALIDATED
DUC-B-02208,p6-4x2,Yellow,#F4EE2A,26,2205,51.0,-3.0,93.6,0,CONCEPT_NOT_FIT_VALIDATED
DUC-B-02209,p6-4x2,Yellow,#F4EE2A,26,2206,51.0,9.0,93.6,0,CONCEPT_NOT_FIT_VALIDATED
DUC-B-02210,p6-3x2,Yellow,#F4EE2A,26,2207,48.0,21.0,93.6,0,CONCEPT_NOT_FIT_VALIDATED
DUC-B-02211,p6-2x2,Yellow,#F4EE2A,26,2208,45.0,33.0,93.6,0,CONCEPT_NOT_FIT_VALIDATED
DUC-B-02212,p6-1x1,Yellow,#F4EE2A,26,2209,42.0,42.0,93.6,0,CONCEPT_NOT_FIT_VALIDATED
DUC-B-02213,p6-4x2,Yellow,#F4EE2A,26,2210,51.0,57.0,93.6,0,CONCEPT_NOT_FIT_VALIDATED
DUC-B-02214,p6-3x2,Yellow,#F4EE2A,26,2211,48.0,69.0,93.6,0,CONCEPT_NOT_FIT_VALIDATED
DUC-B-02216,p6-2x1,Yellow,#F4EE2A,26,2212,51.0,-48.0,93.6,0,CONCEPT_NOT_FIT_VALIDATED
DUC-B-02217,p6-3x1,Yellow,#F4EE2A,26,2213,54.0,48.0,93.6,0,CONCEPT_NOT_FIT_VALIDATED
DUC-B-02218,p6-1x1,Yellow,#F4EE2A,26,2214,48.0,78.0,93.6,0,CONCEPT_NOT_FIT_VALIDATED
DUC-B-02219,p6-1x1,Yellow,#F4EE2A,26,2215,54.0,30.0,93.6,0,CONCEPT_NOT_FIT_VALIDATED
DUC-B-02220,p6-1x1,Yellow,#F4EE2A,26,2216,60.0,18.0,93.6,0,CONCEPT_NOT_FIT_VALIDATED
DUC-B-02224,p6-3x2,Yellow,#F4EE2A,27,2217,-15.0,-66.0,97.2,90,CONCEPT_NOT_FIT_VALIDATED
DUC-B-02225,p6-2x1,Pumpkin orange,#FF9016,27,2218,-3.0,-72.0,97.2,0,CONCEPT_NOT_FIT_VALIDATED
DUC-B-02226,p6-1x1,Pumpkin orange,#FF9016,27,2219,6.0,-72.0,97.2,0,CONCEPT_NOT_FIT_VALIDATED
DUC-B-02227,p6-3x1,Yellow,#F4EE2A,27,2220,12.0,-66.0,97.2,90,CONCEPT_NOT_FIT_VALIDATED
DUC-B-02228,p6-1x1,Black,#000000,27,2221,-30.0,-66.0,97.2,0,CONCEPT_NOT_FIT_VALIDATED
DUC-B-02229,p6-2x1,Yellow,#F4EE2A,27,2222,-24.0,-63.0,97.2,90,CONCEPT_NOT_FIT_VALIDATED
DUC-B-02230,p6-2x2,Yellow,#F4EE2A,27,2223,-3.0,-63.0,97.2,0,CONCEPT_NOT_FIT_VALIDATED
DUC-B-02231,p6-2x1,Yellow,#F4EE2A,27,2224,6.0,-63.0,97.2,90,CONCEPT_NOT_FIT_VALIDATED
DUC-B-02232,p6-2x2,Yellow,#F4EE2A,27,2225,21.0,-63.0,97.2,0,CONCEPT_NOT_FIT_VALIDATED
DUC-B-02233,p6-1x1,Black,#000000,27,2226,30.0,-66.0,97.2,0,CONCEPT_NOT_FIT_VALIDATED
DUC-B-02234,p6-2x1,Black,#000000,27,2227,-39.0,-60.0,97.2,0,CONCEPT_NOT_FIT_VALIDATED
DUC-B-02235,p6-1x1,Yellow,#F4EE2A,27,2228,-30.0,-60.0,97.2,0,CONCEPT_NOT_FIT_VALIDATED
DUC-B-02236,p6-1x1,Yellow,#F4EE2A,27,2229,30.0,-60.0,97.2,0,CONCEPT_NOT_FIT_VALIDATED
DUC-B-02237,p6-1x1,Black,#000000,27,2230,36.0,-60.0,97.2,0,CONCEPT_NOT_FIT_VALIDATED
DUC-B-02239,p6-1x1,Black,#000000,27,2231,-48.0,-54.0,97.2,0,CONCEPT_NOT_FIT_VALIDATED
DUC-B-02240,p6-4x2,Yellow,#F4EE2A,27,2232,-39.0,-45.0,97.2,90,CONCEPT_NOT_FIT_VALIDATED
DUC-B-02241,p6-4x2,Yellow,#F4EE2A,27,2233,-27.0,-45.0,97.2,90,CONCEPT_NOT_FIT_VALIDATED
DUC-B-02242,p6-4x2,Yellow,#F4EE2A,27,2234,-15.0,-45.0,97.2,90,CONCEPT_NOT_FIT_VALIDATED
DUC-B-02243,p6-4x2,Yellow,#F4EE2A,27,2235,-3.0,-45.0,97.2,90,CONCEPT_NOT_FIT_VALIDATED
DUC-B-02244,p6-4x2,Yellow,#F4EE2A,27,2236,9.0,-45.0,97.2,90,CONCEPT_NOT_FIT_VALIDATED
DUC-B-02245,p6-4x2,Yellow,#F4EE2A,27,2237,21.0,-45.0,97.2,90,CONCEPT_NOT_FIT_VALIDATED
DUC-B-02246,p6-4x2,Yellow,#F4EE2A,27,2238,33.0,-45.0,97.2,90,CONCEPT_NOT_FIT_VALIDATED
DUC-B-02247,p6-4x1,Yellow,#F4EE2A,27,2239,42.0,-45.0,97.2,90,CONCEPT_NOT_FIT_VALIDATED
DUC-B-02249,p6-3x2,Yellow,#F4EE2A,27,2240,-51.0,-42.0,97.2,90,CONCEPT_NOT_FIT_VALIDATED
DUC-B-02250,p6-3x1,Yellow,#F4EE2A,27,2241,48.0,-42.0,97.2,90,CONCEPT_NOT_FIT_VALIDATED
DUC-B-02251,p6-3x1,Yellow,#F4EE2A,27,2242,54.0,-42.0,97.2,90,CONCEPT_NOT_FIT_VALIDATED
DUC-B-02252,p6-2x1,Yellow,#F4EE2A,27,2243,-60.0,-39.0,97.2,90,CONCEPT_NOT_FIT_VALIDATED
DUC-B-02253,p6-2x1,Yellow,#F4EE2A,27,2244,60.0,-39.0,97.2,90,CONCEPT_NOT_FIT_VALIDATED
DUC-B-02254,p6-4x1,Yellow,#F4EE2A,27,2245,-60.0,-21.0,97.2,90,CONCEPT_NOT_FIT_VALIDATED
DUC-B-02255,p6-4x2,Yellow,#F4EE2A,27,2246,-51.0,-21.0,97.2,90,CONCEPT_NOT_FIT_VALIDATED
DUC-B-02256,p6-4x2,Yellow,#F4EE2A,27,2247,-39.0,-21.0,97.2,90,CONCEPT_NOT_FIT_VALIDATED
DUC-B-02257,p6-4x2,Yellow,#F4EE2A,27,2248,-27.0,-21.0,97.2,90,CONCEPT_NOT_FIT_VALIDATED
DUC-B-02258,p6-4x2,Yellow,#F4EE2A,27,2249,-15.0,-21.0,97.2,90,CONCEPT_NOT_FIT_VALIDATED
DUC-B-02259,p6-4x2,Yellow,#F4EE2A,27,2250,-3.0,-21.0,97.2,90,CONCEPT_NOT_FIT_VALIDATED
DUC-B-02260,p6-4x2,Yellow,#F4EE2A,27,2251,9.0,-21.0,97.2,90,CONCEPT_NOT_FIT_VALIDATED
DUC-B-02261,p6-4x2,Yellow,#F4EE2A,27,2252,21.0,-21.0,97.2,90,CONCEPT_NOT_FIT_VALIDATED
DUC-B-02262,p6-4x2,Yellow,#F4EE2A,27,2253,33.0,-21.0,97.2,90,CONCEPT_NOT_FIT_VALIDATED
DUC-B-02263,p6-4x2,Yellow,#F4EE2A,27,2254,45.0,-21.0,97.2,90,CONCEPT_NOT_FIT_VALIDATED
DUC-B-02264,p6-4x2,Yellow,#F4EE2A,27,2255,57.0,-21.0,97.2,90,CONCEPT_NOT_FIT_VALIDATED
DUC-B-02265,p6-3x1,Yellow,#F4EE2A,27,2256,-66.0,-18.0,97.2,90,CONCEPT_NOT_FIT_VALIDATED
DUC-B-02267,p6-3x2,Yellow,#F4EE2A,27,2257,-63.0,0.0,97.2,90,CONCEPT_NOT_FIT_VALIDATED
DUC-B-02268,p6-4x2,Yellow,#F4EE2A,27,2258,-51.0,3.0,97.2,90,CONCEPT_NOT_FIT_VALIDATED
DUC-B-02269,p6-4x2,Yellow,#F4EE2A,27,2259,-39.0,3.0,97.2,90,CONCEPT_NOT_FIT_VALIDATED
DUC-B-02270,p6-4x2,Yellow,#F4EE2A,27,2260,-27.0,3.0,97.2,90,CONCEPT_NOT_FIT_VALIDATED
DUC-B-02271,p6-4x2,Yellow,#F4EE2A,27,2261,-15.0,3.0,97.2,90,CONCEPT_NOT_FIT_VALIDATED
DUC-B-02272,p6-4x2,Yellow,#F4EE2A,27,2262,-3.0,3.0,97.2,90,CONCEPT_NOT_FIT_VALIDATED
DUC-B-02273,p6-4x2,Yellow,#F4EE2A,27,2263,9.0,3.0,97.2,90,CONCEPT_NOT_FIT_VALIDATED
DUC-B-02274,p6-4x2,Yellow,#F4EE2A,27,2264,21.0,3.0,97.2,90,CONCEPT_NOT_FIT_VALIDATED
DUC-B-02275,p6-4x2,Yellow,#F4EE2A,27,2265,33.0,3.0,97.2,90,CONCEPT_NOT_FIT_VALIDATED
DUC-B-02276,p6-4x2,Yellow,#F4EE2A,27,2266,45.0,3.0,97.2,90,CONCEPT_NOT_FIT_VALIDATED
DUC-B-02277,p6-4x2,Yellow,#F4EE2A,27,2267,57.0,3.0,97.2,90,CONCEPT_NOT_FIT_VALIDATED
DUC-B-02279,p6-1x1,Yellow,#F4EE2A,27,2268,-60.0,12.0,97.2,0,CONCEPT_NOT_FIT_VALIDATED
DUC-B-02280,p6-2x1,Yellow,#F4EE2A,27,2269,-60.0,21.0,97.2,90,CONCEPT_NOT_FIT_VALIDATED
DUC-B-02281,p6-3x2,Yellow,#F4EE2A,27,2270,-51.0,24.0,97.2,90,CONCEPT_NOT_FIT_VALIDATED
DUC-B-02282,p6-4x2,Yellow,#F4EE2A,27,2271,-39.0,27.0,97.2,90,CONCEPT_NOT_FIT_VALIDATED
DUC-B-02283,p6-4x2,Yellow,#F4EE2A,27,2272,-27.0,27.0,97.2,90,CONCEPT_NOT_FIT_VALIDATED
DUC-B-02284,p6-4x2,Yellow,#F4EE2A,27,2273,-15.0,27.0,97.2,90,CONCEPT_NOT_FIT_VALIDATED
DUC-B-02285,p6-4x2,Yellow,#F4EE2A,27,2274,-3.0,27.0,97.2,90,CONCEPT_NOT_FIT_VALIDATED
DUC-B-02286,p6-4x2,Yellow,#F4EE2A,27,2275,9.0,27.0,97.2,90,CONCEPT_NOT_FIT_VALIDATED
DUC-B-02287,p6-4x2,Yellow,#F4EE2A,27,2276,21.0,27.0,97.2,90,CONCEPT_NOT_FIT_VALIDATED
DUC-B-02288,p6-4x2,Yellow,#F4EE2A,27,2277,33.0,27.0,97.2,90,CONCEPT_NOT_FIT_VALIDATED
DUC-B-02289,p6-4x2,Yellow,#F4EE2A,27,2278,45.0,27.0,97.2,90,CONCEPT_NOT_FIT_VALIDATED
DUC-B-02290,p6-2x2,Yellow,#F4EE2A,27,2279,57.0,21.0,97.2,0,CONCEPT_NOT_FIT_VALIDATED
DUC-B-02291,p6-1x1,Yellow,#F4EE2A,27,2280,54.0,30.0,97.2,0,CONCEPT_NOT_FIT_VALIDATED
DUC-B-02292,p6-1x1,Yellow,#F4EE2A,27,2281,-48.0,36.0,97.2,0,CONCEPT_NOT_FIT_VALIDATED
DUC-B-02293,p6-2x1,Yellow,#F4EE2A,27,2282,-39.0,42.0,97.2,0,CONCEPT_NOT_FIT_VALIDATED
DUC-B-02294,p6-2x2,Yellow,#F4EE2A,27,2283,-27.0,45.0,97.2,0,CONCEPT_NOT_FIT_VALIDATED
DUC-B-02295,p6-2x2,Yellow,#F4EE2A,27,2284,-15.0,45.0,97.2,0,CONCEPT_NOT_FIT_VALIDATED
DUC-B-02296,p6-3x2,Yellow,#F4EE2A,27,2285,-3.0,48.0,97.2,90,CONCEPT_NOT_FIT_VALIDATED
DUC-B-02297,p6-3x2,Yellow,#F4EE2A,27,2286,9.0,48.0,97.2,90,CONCEPT_NOT_FIT_VALIDATED
DUC-B-02298,p6-2x2,Yellow,#F4EE2A,27,2287,21.0,45.0,97.2,0,CONCEPT_NOT_FIT_VALIDATED
DUC-B-02299,p6-2x1,Yellow,#F4EE2A,27,2288,33.0,42.0,97.2,0,CONCEPT_NOT_FIT_VALIDATED
DUC-B-02300,p6-1x1,Yellow,#F4EE2A,27,2289,42.0,42.0,97.2,0,CONCEPT_NOT_FIT_VALIDATED
DUC-B-02301,p6-1x1,Yellow,#F4EE2A,27,2290,30.0,48.0,97.2,0,CONCEPT_NOT_FIT_VALIDATED
DUC-B-02302,p6-2x2,Yellow,#F4EE2A,27,2291,-51.0,57.0,97.2,0,CONCEPT_NOT_FIT_VALIDATED
DUC-B-02304,p6-2x1,Yellow,#F4EE2A,27,2292,48.0,57.0,97.2,90,CONCEPT_NOT_FIT_VALIDATED
DUC-B-02305,p6-2x1,Yellow,#F4EE2A,27,2293,54.0,57.0,97.2,90,CONCEPT_NOT_FIT_VALIDATED
DUC-B-02306,p6-1x1,Yellow,#F4EE2A,27,2294,42.0,60.0,97.2,0,CONCEPT_NOT_FIT_VALIDATED
DUC-B-02307,p6-2x1,Yellow,#F4EE2A,27,2295,-51.0,66.0,97.2,0,CONCEPT_NOT_FIT_VALIDATED
DUC-B-02308,p6-1x1,Yellow,#F4EE2A,27,2296,-42.0,66.0,97.2,0,CONCEPT_NOT_FIT_VALIDATED
DUC-B-02309,p6-2x1,Yellow,#F4EE2A,27,2297,45.0,66.0,97.2,0,CONCEPT_NOT_FIT_VALIDATED
DUC-B-02310,p6-1x1,Yellow,#F4EE2A,27,2298,54.0,66.0,97.2,0,CONCEPT_NOT_FIT_VALIDATED
DUC-B-02312,p6-2x1,Yellow,#F4EE2A,28,2299,-66.0,-21.0,100.8,90,CONCEPT_NOT_FIT_VALIDATED
DUC-B-02313,p6-2x1,Yellow,#F4EE2A,28,2300,-66.0,-9.0,100.8,90,CONCEPT_NOT_FIT_VALIDATED
DUC-B-02314,p6-2x1,Yellow,#F4EE2A,28,2301,-66.0,3.0,100.8,90,CONCEPT_NOT_FIT_VALIDATED
DUC-B-02316,p6-4x1,Yellow,#F4EE2A,28,2302,-51.0,-42.0,100.8,0,CONCEPT_NOT_FIT_VALIDATED
DUC-B-02317,p6-4x2,Yellow,#F4EE2A,28,2303,-51.0,-33.0,100.8,0,CONCEPT_NOT_FIT_VALIDATED
DUC-B-02318,p6-4x2,Yellow,#F4EE2A,28,2304,-51.0,-21.0,100.8,0,CONCEPT_NOT_FIT_VALIDATED
DUC-B-02319,p6-4x2,Yellow,#F4EE2A,28,2305,-51.0,-9.0,100.8,0,CONCEPT_NOT_FIT_VALIDATED
DUC-B-02320,p6-4x2,Yellow,#F4EE2A,28,2306,-51.0,3.0,100.8,0,CONCEPT_NOT_FIT_VALIDATED
DUC-B-02321,p6-4x2,Yellow,#F4EE2A,28,2307,-51.0,15.0,100.8,0,CONCEPT_NOT_FIT_VALIDATED
DUC-B-02322,p6-4x1,Yellow,#F4EE2A,28,2308,-51.0,24.0,100.8,0,CONCEPT_NOT_FIT_VALIDATED
DUC-B-02323,p6-3x1,Yellow,#F4EE2A,28,2309,-48.0,-48.0,100.8,0,CONCEPT_NOT_FIT_VALIDATED
DUC-B-02324,p6-3x1,Yellow,#F4EE2A,28,2310,-48.0,30.0,100.8,0,CONCEPT_NOT_FIT_VALIDATED
DUC-B-02325,p6-1x1,Black,#000000,28,2311,-48.0,-54.0,100.8,0,CONCEPT_NOT_FIT_VALIDATED
DUC-B-02326,p6-2x1,Yellow,#F4EE2A,28,2312,-45.0,36.0,100.8,0,CONCEPT_NOT_FIT_VALIDATED
DUC-B-02327,p6-1x1,Black,#000000,28,2313,-42.0,-60.0,100.8,0,CONCEPT_NOT_FIT_VALIDATED
DUC-B-02328,p6-1x1,Yellow,#F4EE2A,28,2314,-42.0,-54.0,100.8,0,CONCEPT_NOT_FIT_VALIDATED
DUC-B-02329,p6-1x1,Yellow,#F4EE2A,28,2315,-42.0,42.0,100.8,0,CONCEPT_NOT_FIT_VALIDATED
DUC-B-02330,p6-1x1,Black,#000000,28,2316,-36.0,-60.0,100.8,0,CONCEPT_NOT_FIT_VALIDATED
DUC-B-02331,p6-4x1,Yellow,#F4EE2A,28,2317,-27.0,-54.0,100.8,0,CONCEPT_NOT_FIT_VALIDATED
DUC-B-02332,p6-4x2,Yellow,#F4EE2A,28,2318,-27.0,-45.0,100.8,0,CONCEPT_NOT_FIT_VALIDATED
DUC-B-02333,p6-4x2,Yellow,#F4EE2A,28,2319,-27.0,-33.0,100.8,0,CONCEPT_NOT_FIT_VALIDATED
DUC-B-02334,p6-4x2,Yellow,#F4EE2A,28,2320,-27.0,-21.0,100.8,0,CONCEPT_NOT_FIT_VALIDATED
DUC-B-02335,p6-4x2,Yellow,#F4EE2A,28,2321,-27.0,-9.0,100.8,0,CONCEPT_NOT_FIT_VALIDATED
DUC-B-02336,p6-4x2,Yellow,#F4EE2A,28,2322,-27.0,3.0,100.8,0,CONCEPT_NOT_FIT_VALIDATED
DUC-B-02337,p6-4x2,Yellow,#F4EE2A,28,2323,-27.0,15.0,100.8,0,CONCEPT_NOT_FIT_VALIDATED
DUC-B-02338,p6-4x2,Yellow,#F4EE2A,28,2324,-27.0,27.0,100.8,0,CONCEPT_NOT_FIT_VALIDATED
DUC-B-02339,p6-4x2,Yellow,#F4EE2A,28,2325,-27.0,39.0,100.8,0,CONCEPT_NOT_FIT_VALIDATED
DUC-B-02340,p6-4x1,Yellow,#F4EE2A,28,2326,-27.0,48.0,100.8,0,CONCEPT_NOT_FIT_VALIDATED
DUC-B-02341,p6-1x1,Black,#000000,28,2327,-30.0,-66.0,100.8,0,CONCEPT_NOT_FIT_VALIDATED
DUC-B-02342,p6-3x1,Yellow,#F4EE2A,28,2328,-24.0,-60.0,100.8,0,CONCEPT_NOT_FIT_VALIDATED
DUC-B-02343,p6-2x1,Yellow,#F4EE2A,28,2329,-21.0,-66.0,100.8,0,CONCEPT_NOT_FIT_VALIDATED
DUC-B-02344,p6-1x1,Yellow,#F4EE2A,28,2330,-18.0,-72.0,100.8,0,CONCEPT_NOT_FIT_VALIDATED
DUC-B-02346,p6-4x2,Yellow,#F4EE2A,28,2331,-3.0,-69.0,100.8,0,CONCEPT_NOT_FIT_VALIDATED
DUC-B-02347,p6-4x2,Yellow,#F4EE2A,28,2332,-3.0,-57.0,100.8,0,CONCEPT_NOT_FIT_VALIDATED
DUC-B-02348,p6-4x2,Yellow,#F4EE2A,28,2333,-3.0,-45.0,100.8,0,CONCEPT_NOT_FIT_VALIDATED
DUC-B-02349,p6-4x2,Yellow,#F4EE2A,28,2334,-3.0,-33.0,100.8,0,CONCEPT_NOT_FIT_VALIDATED
DUC-B-02350,p6-4x2,Yellow,#F4EE2A,28,2335,-3.0,-21.0,100.8,0,CONCEPT_NOT_FIT_VALIDATED
DUC-B-02351,p6-4x2,Yellow,#F4EE2A,28,2336,-3.0,-9.0,100.8,0,CONCEPT_NOT_FIT_VALIDATED
DUC-B-02352,p6-4x2,Yellow,#F4EE2A,28,2337,-3.0,3.0,100.8,0,CONCEPT_NOT_FIT_VALIDATED
DUC-B-02353,p6-4x2,Yellow,#F4EE2A,28,2338,-3.0,15.0,100.8,0,CONCEPT_NOT_FIT_VALIDATED
DUC-B-02354,p6-4x2,Yellow,#F4EE2A,28,2339,-3.0,27.0,100.8,0,CONCEPT_NOT_FIT_VALIDATED
DUC-B-02355,p6-4x2,Yellow,#F4EE2A,28,2340,-3.0,39.0,100.8,0,CONCEPT_NOT_FIT_VALIDATED
DUC-B-02356,p6-4x2,Yellow,#F4EE2A,28,2341,-3.0,51.0,100.8,0,CONCEPT_NOT_FIT_VALIDATED
DUC-B-02303,p6-1x1,Yellow,#F4EE2A,27,2342,-12.0,54.0,97.2,0,CONCEPT_NOT_FIT_VALIDATED
DUC-B-02357,p6-2x2,Yellow,#F4EE2A,28,2343,15.0,-69.0,100.8,0,CONCEPT_NOT_FIT_VALIDATED
DUC-B-02358,p6-4x2,Yellow,#F4EE2A,28,2344,21.0,-57.0,100.8,0,CONCEPT_NOT_FIT_VALIDATED
DUC-B-02359,p6-4x2,Yellow,#F4EE2A,28,2345,21.0,-45.0,100.8,0,CONCEPT_NOT_FIT_VALIDATED
DUC-B-02360,p6-4x2,Yellow,#F4EE2A,28,2346,21.0,-33.0,100.8,0,CONCEPT_NOT_FIT_VALIDATED
DUC-B-02361,p6-4x2,Yellow,#F4EE2A,28,2347,21.0,-21.0,100.8,0,CONCEPT_NOT_FIT_VALIDATED
DUC-B-02362,p6-4x2,Yellow,#F4EE2A,28,2348,21.0,-9.0,100.8,0,CONCEPT_NOT_FIT_VALIDATED
DUC-B-02363,p6-4x2,Yellow,#F4EE2A,28,2349,21.0,3.0,100.8,0,CONCEPT_NOT_FIT_VALIDATED
DUC-B-02364,p6-4x2,Yellow,#F4EE2A,28,2350,21.0,15.0,100.8,0,CONCEPT_NOT_FIT_VALIDATED
DUC-B-02365,p6-4x2,Yellow,#F4EE2A,28,2351,21.0,27.0,100.8,0,CONCEPT_NOT_FIT_VALIDATED
DUC-B-02366,p6-4x2,Yellow,#F4EE2A,28,2352,21.0,39.0,100.8,0,CONCEPT_NOT_FIT_VALIDATED
DUC-B-02367,p6-4x1,Yellow,#F4EE2A,28,2353,21.0,48.0,100.8,0,CONCEPT_NOT_FIT_VALIDATED
DUC-B-02368,p6-2x1,Yellow,#F4EE2A,28,2354,15.0,54.0,100.8,0,CONCEPT_NOT_FIT_VALIDATED
DUC-B-02369,p6-1x1,Yellow,#F4EE2A,28,2355,24.0,-66.0,100.8,0,CONCEPT_NOT_FIT_VALIDATED
DUC-B-02370,p6-1x1,Black,#000000,28,2356,30.0,-66.0,100.8,0,CONCEPT_NOT_FIT_VALIDATED
DUC-B-02371,p6-2x1,Black,#000000,28,2357,39.0,-60.0,100.8,0,CONCEPT_NOT_FIT_VALIDATED
DUC-B-02238,p6-1x1,Black,#000000,27,2358,42.0,-60.0,97.2,0,CONCEPT_NOT_FIT_VALIDATED
DUC-B-02203,p6-1x1,Black,#000000,26,2359,42.0,-60.0,93.6,0,CONCEPT_NOT_FIT_VALIDATED
DUC-B-02372,p6-2x1,Yellow,#F4EE2A,28,2360,39.0,-54.0,100.8,0,CONCEPT_NOT_FIT_VALIDATED
DUC-B-02373,p6-4x2,Yellow,#F4EE2A,28,2361,45.0,-45.0,100.8,0,CONCEPT_NOT_FIT_VALIDATED
DUC-B-02374,p6-4x2,Yellow,#F4EE2A,28,2362,45.0,-33.0,100.8,0,CONCEPT_NOT_FIT_VALIDATED
DUC-B-02375,p6-4x2,Yellow,#F4EE2A,28,2363,45.0,-21.0,100.8,0,CONCEPT_NOT_FIT_VALIDATED
DUC-B-02376,p6-4x2,Yellow,#F4EE2A,28,2364,45.0,-9.0,100.8,0,CONCEPT_NOT_FIT_VALIDATED
DUC-B-02377,p6-4x2,Yellow,#F4EE2A,28,2365,45.0,3.0,100.8,0,CONCEPT_NOT_FIT_VALIDATED
DUC-B-02378,p6-4x2,Yellow,#F4EE2A,28,2366,45.0,15.0,100.8,0,CONCEPT_NOT_FIT_VALIDATED
DUC-B-02379,p6-4x2,Yellow,#F4EE2A,28,2367,45.0,27.0,100.8,0,CONCEPT_NOT_FIT_VALIDATED
DUC-B-02380,p6-2x2,Yellow,#F4EE2A,28,2368,39.0,39.0,100.8,0,CONCEPT_NOT_FIT_VALIDATED
DUC-B-02383,p6-1x1,Yellow,#F4EE2A,28,2369,48.0,36.0,100.8,0,CONCEPT_NOT_FIT_VALIDATED
DUC-B-02384,p6-1x1,Yellow,#F4EE2A,28,2370,60.0,-42.0,100.8,0,CONCEPT_NOT_FIT_VALIDATED
DUC-B-02385,p6-2x1,Yellow,#F4EE2A,28,2371,60.0,-33.0,100.8,90,CONCEPT_NOT_FIT_VALIDATED
DUC-B-02386,p6-2x2,Yellow,#F4EE2A,28,2372,63.0,-21.0,100.8,0,CONCEPT_NOT_FIT_VALIDATED
DUC-B-02266,p6-3x1,Yellow,#F4EE2A,27,2373,66.0,-18.0,97.2,90,CONCEPT_NOT_FIT_VALIDATED
DUC-B-02221,p6-1x1,Yellow,#F4EE2A,26,2374,66.0,-24.0,93.6,0,CONCEPT_NOT_FIT_VALIDATED
DUC-B-02222,p6-2x1,Yellow,#F4EE2A,26,2375,66.0,-15.0,93.6,90,CONCEPT_NOT_FIT_VALIDATED
DUC-B-02387,p6-2x2,Yellow,#F4EE2A,28,2376,63.0,-9.0,100.8,0,CONCEPT_NOT_FIT_VALIDATED
DUC-B-02278,p6-3x1,Yellow,#F4EE2A,27,2377,66.0,0.0,97.2,90,CONCEPT_NOT_FIT_VALIDATED
DUC-B-02223,p6-2x1,Yellow,#F4EE2A,26,2378,66.0,-3.0,93.6,90,CONCEPT_NOT_FIT_VALIDATED
DUC-B-02388,p6-2x2,Yellow,#F4EE2A,28,2379,63.0,3.0,100.8,0,CONCEPT_NOT_FIT_VALIDATED
DUC-B-02389,p6-2x1,Yellow,#F4EE2A,28,2380,60.0,15.0,100.8,90,CONCEPT_NOT_FIT_VALIDATED
DUC-B-02390,p6-1x1,Yellow,#F4EE2A,28,2381,60.0,24.0,100.8,0,CONCEPT_NOT_FIT_VALIDATED
DUC-B-02393,p6-2x1,Yellow,#F4EE2A,29,2382,-18.0,-69.0,104.4,90,CONCEPT_NOT_FIT_VALIDATED
DUC-B-02394,p6-2x2,Yellow,#F4EE2A,29,2383,-9.0,-69.0,104.4,0,CONCEPT_NOT_FIT_VALIDATED
DUC-B-02395,p6-2x2,Yellow,#F4EE2A,29,2384,3.0,-69.0,104.4,0,CONCEPT_NOT_FIT_VALIDATED
DUC-B-02396,p6-2x2,Yellow,#F4EE2A,29,2385,15.0,-69.0,104.4,0,CONCEPT_NOT_FIT_VALIDATED
DUC-B-02397,p6-1x1,Black,#000000,29,2386,-30.0,-66.0,104.4,0,CONCEPT_NOT_FIT_VALIDATED
DUC-B-02398,p6-1x1,Yellow,#F4EE2A,29,2387,-24.0,-66.0,104.4,0,CONCEPT_NOT_FIT_VALIDATED
DUC-B-02399,p6-1x1,Yellow,#F4EE2A,29,2388,24.0,-66.0,104.4,0,CONCEPT_NOT_FIT_VALIDATED
DUC-B-02400,p6-1x1,Black,#000000,29,2389,30.0,-66.0,104.4,0,CONCEPT_NOT_FIT_VALIDATED
DUC-B-02401,p6-1x1,Black,#000000,29,2390,-42.0,-60.0,104.4,0,CONCEPT_NOT_FIT_VALIDATED
DUC-B-02402,p6-1x1,Black,#000000,29,2391,-36.0,-60.0,104.4,0,CONCEPT_NOT_FIT_VALIDATED
DUC-B-02403,p6-4x1,Yellow,#F4EE2A,29,2392,-30.0,-51.0,104.4,90,CONCEPT_NOT_FIT_VALIDATED
DUC-B-02404,p6-4x2,Yellow,#F4EE2A,29,2393,-21.0,-51.0,104.4,90,CONCEPT_NOT_FIT_VALIDATED
DUC-B-02405,p6-4x2,Yellow,#F4EE2A,29,2394,-9.0,-51.0,104.4,90,CONCEPT_NOT_FIT_VALIDATED
DUC-B-02406,p6-4x2,Yellow,#F4EE2A,29,2395,3.0,-51.0,104.4,90,CONCEPT_NOT_FIT_VALIDATED
DUC-B-02407,p6-4x2,Yellow,#F4EE2A,29,2396,15.0,-51.0,104.4,90,CONCEPT_NOT_FIT_VALIDATED
DUC-B-02408,p6-4x2,Yellow,#F4EE2A,29,2397,27.0,-51.0,104.4,90,CONCEPT_NOT_FIT_VALIDATED
DUC-B-02409,p6-2x1,Black,#000000,29,2398,39.0,-60.0,104.4,0,CONCEPT_NOT_FIT_VALIDATED
DUC-B-02410,p6-1x1,Black,#000000,29,2399,-48.0,-54.0,104.4,0,CONCEPT_NOT_FIT_VALIDATED
DUC-B-02411,p6-3x1,Yellow,#F4EE2A,29,2400,-42.0,-48.0,104.4,90,CONCEPT_NOT_FIT_VALIDATED
DUC-B-02412,p6-3x1,Yellow,#F4EE2A,29,2401,-36.0,-48.0,104.4,90,CONCEPT_NOT_FIT_VALIDATED
DUC-B-02413,p6-3x2,Yellow,#F4EE2A,29,2402,39.0,-48.0,104.4,90,CONCEPT_NOT_FIT_VALIDATED
DUC-B-02415,p6-2x1,Yellow,#F4EE2A,29,2403,-54.0,-45.0,104.4,90,CONCEPT_NOT_FIT_VALIDATED
DUC-B-02416,p6-2x1,Yellow,#F4EE2A,29,2404,-48.0,-45.0,104.4,90,CONCEPT_NOT_FIT_VALIDATED
DUC-B-02417,p6-2x2,Yellow,#F4EE2A,29,2405,51.0,-45.0,104.4,0,CONCEPT_NOT_FIT_VALIDATED
DUC-B-02418,p6-1x1,Yellow,#F4EE2A,29,2406,-60.0,-42.0,104.4,0,CONCEPT_NOT_FIT_VALIDATED
DUC-B-02419,p6-1x1,Yellow,#F4EE2A,29,2407,60.0,-42.0,104.4,0,CONCEPT_NOT_FIT_VALIDATED
DUC-B-02420,p6-4x2,Yellow,#F4EE2A,29,2408,-57.0,-27.0,104.4,90,CONCEPT_NOT_FIT_VALIDATED
DUC-B-02421,p6-4x2,Yellow,#F4EE2A,29,2409,-45.0,-27.0,104.4,90,CONCEPT_NOT_FIT_VALIDATED
DUC-B-02422,p6-4x2,Yellow,#F4EE2A,29,2410,-33.0,-27.0,104.4,90,CONCEPT_NOT_FIT_VALIDATED
DUC-B-02423,p6-4x2,Yellow,#F4EE2A,29,2411,-21.0,-27.0,104.4,90,CONCEPT_NOT_FIT_VALIDATED
DUC-B-02424,p6-4x2,Yellow,#F4EE2A,29,2412,-9.0,-27.0,104.4,90,CONCEPT_NOT_FIT_VALIDATED
DUC-B-02425,p6-4x2,Yellow,#F4EE2A,29,2413,3.0,-27.0,104.4,90,CONCEPT_NOT_FIT_VALIDATED
DUC-B-02426,p6-4x2,Yellow,#F4EE2A,29,2414,15.0,-27.0,104.4,90,CONCEPT_NOT_FIT_VALIDATED
DUC-B-02427,p6-4x2,Yellow,#F4EE2A,29,2415,27.0,-27.0,104.4,90,CONCEPT_NOT_FIT_VALIDATED
DUC-B-02428,p6-4x2,Yellow,#F4EE2A,29,2416,39.0,-27.0,104.4,90,CONCEPT_NOT_FIT_VALIDATED
DUC-B-02429,p6-4x2,Yellow,#F4EE2A,29,2417,51.0,-27.0,104.4,90,CONCEPT_NOT_FIT_VALIDATED
DUC-B-02430,p6-4x1,Yellow,#F4EE2A,29,2418,60.0,-27.0,104.4,90,CONCEPT_NOT_FIT_VALIDATED
DUC-B-02431,p6-3x1,Yellow,#F4EE2A,29,2419,-66.0,-24.0,104.4,90,CONCEPT_NOT_FIT_VALIDATED
DUC-B-02311,p6-1x1,Yellow,#F4EE2A,28,2420,-66.0,-30.0,100.8,0,CONCEPT_NOT_FIT_VALIDATED
DUC-B-02432,p6-3x1,Yellow,#F4EE2A,29,2421,66.0,-24.0,104.4,90,CONCEPT_NOT_FIT_VALIDATED
DUC-B-02391,p6-1x1,Yellow,#F4EE2A,28,2422,66.0,-30.0,100.8,0,CONCEPT_NOT_FIT_VALIDATED
DUC-B-02433,p6-4x1,Yellow,#F4EE2A,29,2423,-66.0,-3.0,104.4,90,CONCEPT_NOT_FIT_VALIDATED
DUC-B-02434,p6-4x2,Yellow,#F4EE2A,29,2424,-57.0,-3.0,104.4,90,CONCEPT_NOT_FIT_VALIDATED
DUC-B-02435,p6-4x2,Yellow,#F4EE2A,29,2425,-45.0,-3.0,104.4,90,CONCEPT_NOT_FIT_VALIDATED
DUC-B-02436,p6-4x2,Yellow,#F4EE2A,29,2426,-33.0,-3.0,104.4,90,CONCEPT_NOT_FIT_VALIDATED
DUC-B-02437,p6-4x2,Yellow,#F4EE2A,29,2427,-21.0,-3.0,104.4,90,CONCEPT_NOT_FIT_VALIDATED
DUC-B-02438,p6-4x2,Yellow,#F4EE2A,29,2428,-9.0,-3.0,104.4,90,CONCEPT_NOT_FIT_VALIDATED
DUC-B-02439,p6-4x2,Yellow,#F4EE2A,29,2429,3.0,-3.0,104.4,90,CONCEPT_NOT_FIT_VALIDATED
DUC-B-02440,p6-4x2,Yellow,#F4EE2A,29,2430,15.0,-3.0,104.4,90,CONCEPT_NOT_FIT_VALIDATED
DUC-B-02441,p6-4x2,Yellow,#F4EE2A,29,2431,27.0,-3.0,104.4,90,CONCEPT_NOT_FIT_VALIDATED
DUC-B-02442,p6-4x2,Yellow,#F4EE2A,29,2432,39.0,-3.0,104.4,90,CONCEPT_NOT_FIT_VALIDATED
DUC-B-02443,p6-4x2,Yellow,#F4EE2A,29,2433,51.0,-3.0,104.4,90,CONCEPT_NOT_FIT_VALIDATED
DUC-B-02444,p6-4x2,Yellow,#F4EE2A,29,2434,63.0,-3.0,104.4,90,CONCEPT_NOT_FIT_VALIDATED
DUC-B-02446,p6-3x2,Yellow,#F4EE2A,29,2435,-57.0,18.0,104.4,90,CONCEPT_NOT_FIT_VALIDATED
DUC-B-02447,p6-4x2,Yellow,#F4EE2A,29,2436,-45.0,21.0,104.4,90,CONCEPT_NOT_FIT_VALIDATED
DUC-B-02448,p6-4x2,Yellow,#F4EE2A,29,2437,-33.0,21.0,104.4,90,CONCEPT_NOT_FIT_VALIDATED
DUC-B-02449,p6-4x2,Yellow,#F4EE2A,29,2438,-21.0,21.0,104.4,90,CONCEPT_NOT_FIT_VALIDATED
DUC-B-02450,p6-4x2,Yellow,#F4EE2A,29,2439,-9.0,21.0,104.4,90,CONCEPT_NOT_FIT_VALIDATED
DUC-B-02451,p6-4x2,Yellow,#F4EE2A,29,2440,3.0,21.0,104.4,90,CONCEPT_NOT_FIT_VALIDATED
DUC-B-02452,p6-4x2,Yellow,#F4EE2A,29,2441,15.0,21.0,104.4,90,CONCEPT_NOT_FIT_VALIDATED
DUC-B-02453,p6-4x2,Yellow,#F4EE2A,29,2442,27.0,21.0,104.4,90,CONCEPT_NOT_FIT_VALIDATED
DUC-B-02454,p6-4x2,Yellow,#F4EE2A,29,2443,39.0,21.0,104.4,90,CONCEPT_NOT_FIT_VALIDATED
DUC-B-02455,p6-4x2,Yellow,#F4EE2A,29,2444,51.0,21.0,104.4,90,CONCEPT_NOT_FIT_VALIDATED
DUC-B-02456,p6-3x1,Yellow,#F4EE2A,29,2445,60.0,18.0,104.4,90,CONCEPT_NOT_FIT_VALIDATED
DUC-B-02458,p6-1x1,Yellow,#F4EE2A,29,2446,-54.0,30.0,104.4,0,CONCEPT_NOT_FIT_VALIDATED
DUC-B-02460,p6-2x2,Yellow,#F4EE2A,29,2447,-45.0,39.0,104.4,0,CONCEPT_NOT_FIT_VALIDATED
DUC-B-02461,p6-3x2,Yellow,#F4EE2A,29,2448,-33.0,42.0,104.4,90,CONCEPT_NOT_FIT_VALIDATED
DUC-B-02462,p6-4x2,Yellow,#F4EE2A,29,2449,-21.0,45.0,104.4,90,CONCEPT_NOT_FIT_VALIDATED
DUC-B-02345,p6-1x1,Yellow,#F4EE2A,28,2450,-18.0,54.0,100.8,0,CONCEPT_NOT_FIT_VALIDATED
DUC-B-02463,p6-4x2,Yellow,#F4EE2A,29,2451,-9.0,45.0,104.4,90,CONCEPT_NOT_FIT_VALIDATED
DUC-B-02464,p6-4x2,Yellow,#F4EE2A,29,2452,3.0,45.0,104.4,90,CONCEPT_NOT_FIT_VALIDATED
DUC-B-02465,p6-4x2,Yellow,#F4EE2A,29,2453,15.0,45.0,104.4,90,CONCEPT_NOT_FIT_VALIDATED
DUC-B-02466,p6-3x2,Yellow,#F4EE2A,29,2454,27.0,42.0,104.4,90,CONCEPT_NOT_FIT_VALIDATED
DUC-B-02467,p6-2x2,Yellow,#F4EE2A,29,2455,39.0,39.0,104.4,0,CONCEPT_NOT_FIT_VALIDATED
DUC-B-02468,p6-2x1,Yellow,#F4EE2A,29,2456,48.0,39.0,104.4,90,CONCEPT_NOT_FIT_VALIDATED
DUC-B-02472,p6-4x2,Yellow,#F4EE2A,30,2457,-57.0,-27.0,108.0,0,CONCEPT_NOT_FIT_VALIDATED
DUC-B-02473,p6-4x2,Yellow,#F4EE2A,30,2458,-57.0,-15.0,108.0,0,CONCEPT_NOT_FIT_VALIDATED
DUC-B-02474,p6-4x2,Yellow,#F4EE2A,30,2459,-57.0,-3.0,108.0,0,CONCEPT_NOT_FIT_VALIDATED
DUC-B-02475,p6-4x2,Yellow,#F4EE2A,30,2460,-57.0,9.0,108.0,0,CONCEPT_NOT_FIT_VALIDATED
DUC-B-02445,p6-1x1,Yellow,#F4EE2A,29,2461,-66.0,12.0,104.4,0,CONCEPT_NOT_FIT_VALIDATED
DUC-B-02315,p6-1x1,Yellow,#F4EE2A,28,2462,-66.0,12.0,100.8,0,CONCEPT_NOT_FIT_VALIDATED
DUC-B-02476,p6-3x2,Yellow,#F4EE2A,30,2463,-54.0,-39.0,108.0,0,CONCEPT_NOT_FIT_VALIDATED
DUC-B-02477,p6-3x2,Yellow,#F4EE2A,30,2464,-54.0,21.0,108.0,0,CONCEPT_NOT_FIT_VALIDATED
DUC-B-02478,p6-2x1,Yellow,#F4EE2A,30,2465,-51.0,-48.0,108.0,0,CONCEPT_NOT_FIT_VALIDATED
DUC-B-02479,p6-2x2,Yellow,#F4EE2A,30,2466,-51.0,33.0,108.0,0,CONCEPT_NOT_FIT_VALIDATED
DUC-B-02459,p6-1x1,Yellow,#F4EE2A,29,2467,-54.0,36.0,104.4,0,CONCEPT_NOT_FIT_VALIDATED
DUC-B-02480,p6-1x1,Black,#000000,30,2468,-48.0,-54.0,108.0,0,CONCEPT_NOT_FIT_VALIDATED
DUC-B-02481,p6-1x1,Yellow,#F4EE2A,30,2469,-48.0,42.0,108.0,0,CONCEPT_NOT_FIT_VALIDATED
DUC-B-02482,p6-1x1,Black,#000000,30,2470,-42.0,-60.0,108.0,0,CONCEPT_NOT_FIT_VALIDATED
DUC-B-02483,p6-4x2,Yellow,#F4EE2A,30,2471,-33.0,-51.0,108.0,0,CONCEPT_NOT_FIT_VALIDATED
DUC-B-02484,p6-4x2,Yellow,#F4EE2A,30,2472,-33.0,-39.0,108.0,0,CONCEPT_NOT_FIT_VALIDATED
DUC-B-02485,p6-4x2,Yellow,#F4EE2A,30,2473,-33.0,-27.0,108.0,0,CONCEPT_NOT_FIT_VALIDATED
DUC-B-02486,p6-4x2,Yellow,#F4EE2A,30,2474,-33.0,-15.0,108.0,0,CONCEPT_NOT_FIT_VALIDATED
DUC-B-02487,p6-4x2,Yellow,#F4EE2A,30,2475,-33.0,-3.0,108.0,0,CONCEPT_NOT_FIT_VALIDATED
DUC-B-02488,p6-4x2,Yellow,#F4EE2A,30,2476,-33.0,9.0,108.0,0,CONCEPT_NOT_FIT_VALIDATED
DUC-B-02489,p6-4x2,Yellow,#F4EE2A,30,2477,-33.0,21.0,108.0,0,CONCEPT_NOT_FIT_VALIDATED
DUC-B-02490,p6-4x2,Yellow,#F4EE2A,30,2478,-33.0,33.0,108.0,0,CONCEPT_NOT_FIT_VALIDATED
DUC-B-02491,p6-4x1,Yellow,#F4EE2A,30,2479,-33.0,42.0,108.0,0,CONCEPT_NOT_FIT_VALIDATED
DUC-B-02492,p6-2x1,Black,#000000,30,2480,-33.0,-66.0,108.0,0,CONCEPT_NOT_FIT_VALIDATED
DUC-B-02493,p6-3x1,Yellow,#F4EE2A,30,2481,-30.0,-60.0,108.0,0,CONCEPT_NOT_FIT_VALIDATED
DUC-B-02494,p6-3x1,Yellow,#F4EE2A,30,2482,-30.0,48.0,108.0,0,CONCEPT_NOT_FIT_VALIDATED
DUC-B-02496,p6-1x1,Yellow,#F4EE2A,30,2483,-24.0,-66.0,108.0,0,CONCEPT_NOT_FIT_VALIDATED
DUC-B-02497,p6-1x1,Yellow,#F4EE2A,30,2484,-24.0,54.0,108.0,0,CONCEPT_NOT_FIT_VALIDATED
DUC-B-02498,p6-4x1,Yellow,#F4EE2A,30,2485,-9.0,-72.0,108.0,0,CONCEPT_NOT_FIT_VALIDATED
DUC-B-02499,p6-4x2,Yellow,#F4EE2A,30,2486,-9.0,-63.0,108.0,0,CONCEPT_NOT_FIT_VALIDATED
DUC-B-02500,p6-4x2,Yellow,#F4EE2A,30,2487,-9.0,-51.0,108.0,0,CONCEPT_NOT_FIT_VALIDATED
DUC-B-02501,p6-4x2,Yellow,#F4EE2A,30,2488,-9.0,-39.0,108.0,0,CONCEPT_NOT_FIT_VALIDATED
DUC-B-02502,p6-4x2,Yellow,#F4EE2A,30,2489,-9.0,-27.0,108.0,0,CONCEPT_NOT_FIT_VALIDATED
DUC-B-02503,p6-4x2,Yellow,#F4EE2A,30,2490,-9.0,-15.0,108.0,0,CONCEPT_NOT_FIT_VALIDATED
DUC-B-02504,p6-4x2,Yellow,#F4EE2A,30,2491,-9.0,-3.0,108.0,0,CONCEPT_NOT_FIT_VALIDATED
DUC-B-02505,p6-4x2,Yellow,#F4EE2A,30,2492,-9.0,9.0,108.0,0,CONCEPT_NOT_FIT_VALIDATED
DUC-B-02506,p6-4x2,Yellow,#F4EE2A,30,2493,-9.0,21.0,108.0,0,CONCEPT_NOT_FIT_VALIDATED
DUC-B-02507,p6-4x2,Yellow,#F4EE2A,30,2494,-9.0,33.0,108.0,0,CONCEPT_NOT_FIT_VALIDATED
DUC-B-02508,p6-4x2,Yellow,#F4EE2A,30,2495,-9.0,45.0,108.0,0,CONCEPT_NOT_FIT_VALIDATED
DUC-B-02509,p6-4x1,Yellow,#F4EE2A,30,2496,-9.0,54.0,108.0,0,CONCEPT_NOT_FIT_VALIDATED
DUC-B-02510,p6-4x1,Yellow,#F4EE2A,30,2497,15.0,-72.0,108.0,0,CONCEPT_NOT_FIT_VALIDATED
DUC-B-02511,p6-4x2,Yellow,#F4EE2A,30,2498,15.0,-63.0,108.0,0,CONCEPT_NOT_FIT_VALIDATED
DUC-B-02512,p6-4x2,Yellow,#F4EE2A,30,2499,15.0,-51.0,108.0,0,CONCEPT_NOT_FIT_VALIDATED
DUC-B-02513,p6-4x2,Yellow,#F4EE2A,30,2500,15.0,-39.0,108.0,0,CONCEPT_NOT_FIT_VALIDATED
DUC-B-02514,p6-4x2,Yellow,#F4EE2A,30,2501,15.0,-27.0,108.0,0,CONCEPT_NOT_FIT_VALIDATED
DUC-B-02515,p6-4x2,Yellow,#F4EE2A,30,2502,15.0,-15.0,108.0,0,CONCEPT_NOT_FIT_VALIDATED
DUC-B-02516,p6-4x2,Yellow,#F4EE2A,30,2503,15.0,-3.0,108.0,0,CONCEPT_NOT_FIT_VALIDATED
DUC-B-02517,p6-4x2,Yellow,#F4EE2A,30,2504,15.0,9.0,108.0,0,CONCEPT_NOT_FIT_VALIDATED
DUC-B-02518,p6-4x2,Yellow,#F4EE2A,30,2505,15.0,21.0,108.0,0,CONCEPT_NOT_FIT_VALIDATED
DUC-B-02519,p6-4x2,Yellow,#F4EE2A,30,2506,15.0,33.0,108.0,0,CONCEPT_NOT_FIT_VALIDATED
DUC-B-02520,p6-4x2,Yellow,#F4EE2A,30,2507,15.0,45.0,108.0,0,CONCEPT_NOT_FIT_VALIDATED
DUC-B-02521,p6-4x1,Yellow,#F4EE2A,30,2508,15.0,54.0,108.0,0,CONCEPT_NOT_FIT_VALIDATED
DUC-B-02471,p6-1x1,Yellow,#F4EE2A,29,2509,24.0,54.0,104.4,0,CONCEPT_NOT_FIT_VALIDATED
DUC-B-02522,p6-2x1,Black,#000000,30,2510,33.0,-66.0,108.0,0,CONCEPT_NOT_FIT_VALIDATED
DUC-B-02523,p6-2x1,Yellow,#F4EE2A,30,2511,33.0,-60.0,108.0,0,CONCEPT_NOT_FIT_VALIDATED
DUC-B-02524,p6-3x2,Yellow,#F4EE2A,30,2512,36.0,-51.0,108.0,0,CONCEPT_NOT_FIT_VALIDATED
DUC-B-02525,p6-4x2,Yellow,#F4EE2A,30,2513,39.0,-39.0,108.0,0,CONCEPT_NOT_FIT_VALIDATED
DUC-B-02526,p6-4x2,Yellow,#F4EE2A,30,2514,39.0,-27.0,108.0,0,CONCEPT_NOT_FIT_VALIDATED
DUC-B-02527,p6-4x2,Yellow,#F4EE2A,30,2515,39.0,-15.0,108.0,0,CONCEPT_NOT_FIT_VALIDATED
DUC-B-02528,p6-4x2,Yellow,#F4EE2A,30,2516,39.0,-3.0,108.0,0,CONCEPT_NOT_FIT_VALIDATED
DUC-B-02529,p6-4x2,Yellow,#F4EE2A,30,2517,39.0,9.0,108.0,0,CONCEPT_NOT_FIT_VALIDATED
DUC-B-02530,p6-4x2,Yellow,#F4EE2A,30,2518,39.0,21.0,108.0,0,CONCEPT_NOT_FIT_VALIDATED
DUC-B-02531,p6-4x2,Yellow,#F4EE2A,30,2519,39.0,33.0,108.0,0,CONCEPT_NOT_FIT_VALIDATED
DUC-B-02532,p6-4x1,Yellow,#F4EE2A,30,2520,39.0,42.0,108.0,0,CONCEPT_NOT_FIT_VALIDATED
DUC-B-02533,p6-2x1,Yellow,#F4EE2A,30,2521,33.0,48.0,108.0,0,CONCEPT_NOT_FIT_VALIDATED
DUC-B-02470,p6-1x1,Yellow,#F4EE2A,29,2522,36.0,48.0,104.4,0,CONCEPT_NOT_FIT_VALIDATED
DUC-B-02381,p6-1x1,Yellow,#F4EE2A,28,2523,36.0,48.0,100.8,0,CONCEPT_NOT_FIT_VALIDATED
DUC-B-02534,p6-1x1,Black,#000000,30,2524,42.0,-60.0,108.0,0,CONCEPT_NOT_FIT_VALIDATED
DUC-B-02536,p6-1x1,Yellow,#F4EE2A,30,2525,48.0,-48.0,108.0,0,CONCEPT_NOT_FIT_VALIDATED
DUC-B-02537,p6-1x1,Yellow,#F4EE2A,30,2526,54.0,-48.0,108.0,0,CONCEPT_NOT_FIT_VALIDATED
DUC-B-02538,p6-2x2,Yellow,#F4EE2A,30,2527,57.0,-39.0,108.0,0,CONCEPT_NOT_FIT_VALIDATED
DUC-B-02539,p6-3x2,Yellow,#F4EE2A,30,2528,60.0,-27.0,108.0,0,CONCEPT_NOT_FIT_VALIDATED
DUC-B-02540,p6-3x2,Yellow,#F4EE2A,30,2529,60.0,-15.0,108.0,0,CONCEPT_NOT_FIT_VALIDATED
DUC-B-02541,p6-3x2,Yellow,#F4EE2A,30,2530,60.0,-3.0,108.0,0,CONCEPT_NOT_FIT_VALIDATED
DUC-B-02542,p6-3x2,Yellow,#F4EE2A,30,2531,60.0,9.0,108.0,0,CONCEPT_NOT_FIT_VALIDATED
DUC-B-02457,p6-1x1,Yellow,#F4EE2A,29,2532,66.0,12.0,104.4,0,CONCEPT_NOT_FIT_VALIDATED
DUC-B-02392,p6-1x1,Yellow,#F4EE2A,28,2533,66.0,12.0,100.8,0,CONCEPT_NOT_FIT_VALIDATED
DUC-B-02543,p6-2x2,Yellow,#F4EE2A,30,2534,57.0,21.0,108.0,0,CONCEPT_NOT_FIT_VALIDATED
DUC-B-02544,p6-2x1,Yellow,#F4EE2A,30,2535,54.0,33.0,108.0,90,CONCEPT_NOT_FIT_VALIDATED
DUC-B-02469,p6-1x1,Yellow,#F4EE2A,29,2536,54.0,36.0,104.4,0,CONCEPT_NOT_FIT_VALIDATED
DUC-B-02546,p6-2x1,Yellow,#F4EE2A,31,2537,-15.0,-72.0,111.6,0,CONCEPT_NOT_FIT_VALIDATED
DUC-B-02547,p6-2x1,Yellow,#F4EE2A,31,2538,-3.0,-72.0,111.6,0,CONCEPT_NOT_FIT_VALIDATED
DUC-B-02548,p6-2x1,Yellow,#F4EE2A,31,2539,9.0,-72.0,111.6,0,CONCEPT_NOT_FIT_VALIDATED
DUC-B-02549,p6-2x1,Yellow,#F4EE2A,31,2540,21.0,-72.0,111.6,0,CONCEPT_NOT_FIT_VALIDATED
DUC-B-02550,p6-1x1,Black,#000000,31,2541,-36.0,-66.0,111.6,0,CONCEPT_NOT_FIT_VALIDATED
DUC-B-02551,p6-4x2,Yellow,#F4EE2A,31,2542,-27.0,-57.0,111.6,90,CONCEPT_NOT_FIT_VALIDATED
DUC-B-02552,p6-4x2,Yellow,#F4EE2A,31,2543,-15.0,-57.0,111.6,90,CONCEPT_NOT_FIT_VALIDATED
DUC-B-02553,p6-4x2,Yellow,#F4EE2A,31,2544,-3.0,-57.0,111.6,90,CONCEPT_NOT_FIT_VALIDATED
DUC-B-02554,p6-4x2,Yellow,#F4EE2A,31,2545,9.0,-57.0,111.6,90,CONCEPT_NOT_FIT_VALIDATED
DUC-B-02555,p6-4x2,Yellow,#F4EE2A,31,2546,21.0,-57.0,111.6,90,CONCEPT_NOT_FIT_VALIDATED
DUC-B-02556,p6-4x1,Yellow,#F4EE2A,31,2547,30.0,-57.0,111.6,90,CONCEPT_NOT_FIT_VALIDATED
DUC-B-02557,p6-1x1,Black,#000000,31,2548,36.0,-66.0,111.6,0,CONCEPT_NOT_FIT_VALIDATED
DUC-B-02558,p6-1x1,Black,#000000,31,2549,-42.0,-60.0,111.6,0,CONCEPT_NOT_FIT_VALIDATED
DUC-B-02559,p6-3x1,Yellow,#F4EE2A,31,2550,-36.0,-54.0,111.6,90,CONCEPT_NOT_FIT_VALIDATED
DUC-B-02560,p6-3x1,Yellow,#F4EE2A,31,2551,36.0,-54.0,111.6,90,CONCEPT_NOT_FIT_VALIDATED
DUC-B-02561,p6-1x1,Black,#000000,31,2552,42.0,-60.0,111.6,0,CONCEPT_NOT_FIT_VALIDATED
DUC-B-02562,p6-2x1,Yellow,#F4EE2A,31,2553,-48.0,-51.0,111.6,90,CONCEPT_NOT_FIT_VALIDATED
DUC-B-02563,p6-2x1,Yellow,#F4EE2A,31,2554,-42.0,-51.0,111.6,90,CONCEPT_NOT_FIT_VALIDATED
DUC-B-02564,p6-2x2,Yellow,#F4EE2A,31,2555,45.0,-51.0,111.6,0,CONCEPT_NOT_FIT_VALIDATED
DUC-B-02535,p6-1x1,Black,#000000,30,2556,48.0,-54.0,108.0,0,CONCEPT_NOT_FIT_VALIDATED
DUC-B-02414,p6-1x1,Black,#000000,29,2557,48.0,-54.0,104.4,0,CONCEPT_NOT_FIT_VALIDATED
DUC-B-02382,p6-1x1,Black,#000000,28,2558,48.0,-54.0,100.8,0,CONCEPT_NOT_FIT_VALIDATED
DUC-B-02248,p6-1x1,Black,#000000,27,2559,48.0,-54.0,97.2,0,CONCEPT_NOT_FIT_VALIDATED
DUC-B-02215,p6-1x1,Black,#000000,26,2560,48.0,-54.0,93.6,0,CONCEPT_NOT_FIT_VALIDATED
DUC-B-02067,p6-1x1,Yellow,#F4EE2A,25,2561,48.0,-54.0,90.0,0,CONCEPT_NOT_FIT_VALIDATED
DUC-B-02021,p6-1x1,Yellow,#F4EE2A,24,2562,48.0,-54.0,86.4,0,CONCEPT_NOT_FIT_VALIDATED
DUC-B-02565,p6-1x1,Yellow,#F4EE2A,31,2563,-54.0,-48.0,111.6,0,CONCEPT_NOT_FIT_VALIDATED
DUC-B-02566,p6-1x1,Yellow,#F4EE2A,31,2564,54.0,-48.0,111.6,0,CONCEPT_NOT_FIT_VALIDATED
DUC-B-02567,p6-4x1,Yellow,#F4EE2A,31,2565,-60.0,-33.0,111.6,90,CONCEPT_NOT_FIT_VALIDATED
DUC-B-02568,p6-4x2,Yellow,#F4EE2A,31,2566,-51.0,-33.0,111.6,90,CONCEPT_NOT_FIT_VALIDATED
DUC-B-02569,p6-4x2,Yellow,#F4EE2A,31,2567,-39.0,-33.0,111.6,90,CONCEPT_NOT_FIT_VALIDATED
DUC-B-02570,p6-4x2,Yellow,#F4EE2A,31,2568,-27.0,-33.0,111.6,90,CONCEPT_NOT_FIT_VALIDATED
DUC-B-02571,p6-4x2,Yellow,#F4EE2A,31,2569,-15.0,-33.0,111.6,90,CONCEPT_NOT_FIT_VALIDATED
DUC-B-02572,p6-4x2,Yellow,#F4EE2A,31,2570,-3.0,-33.0,111.6,90,CONCEPT_NOT_FIT_VALIDATED
DUC-B-02573,p6-4x2,Yellow,#F4EE2A,31,2571,9.0,-33.0,111.6,90,CONCEPT_NOT_FIT_VALIDATED
DUC-B-02574,p6-4x2,Yellow,#F4EE2A,31,2572,21.0,-33.0,111.6,90,CONCEPT_NOT_FIT_VALIDATED
DUC-B-02575,p6-4x2,Yellow,#F4EE2A,31,2573,33.0,-33.0,111.6,90,CONCEPT_NOT_FIT_VALIDATED
DUC-B-02576,p6-4x2,Yellow,#F4EE2A,31,2574,45.0,-33.0,111.6,90,CONCEPT_NOT_FIT_VALIDATED
DUC-B-02577,p6-4x2,Yellow,#F4EE2A,31,2575,57.0,-33.0,111.6,90,CONCEPT_NOT_FIT_VALIDATED
DUC-B-02578,p6-3x1,Yellow,#F4EE2A,31,2576,-66.0,-30.0,111.6,90,CONCEPT_NOT_FIT_VALIDATED
DUC-B-02579,p6-3x1,Yellow,#F4EE2A,31,2577,66.0,-30.0,111.6,90,CONCEPT_NOT_FIT_VALIDATED
DUC-B-02580,p6-4x2,Yellow,#F4EE2A,31,2578,-63.0,-9.0,111.6,90,CONCEPT_NOT_FIT_VALIDATED
DUC-B-02581,p6-4x2,Yellow,#F4EE2A,31,2579,-51.0,-9.0,111.6,90,CONCEPT_NOT_FIT_VALIDATED
DUC-B-02582,p6-4x2,Yellow,#F4EE2A,31,2580,-39.0,-9.0,111.6,90,CONCEPT_NOT_FIT_VALIDATED
DUC-B-02583,p6-4x2,Yellow,#F4EE2A,31,2581,-27.0,-9.0,111.6,90,CONCEPT_NOT_FIT_VALIDATED
DUC-B-02584,p6-4x2,Yellow,#F4EE2A,31,2582,-15.0,-9.0,111.6,90,CONCEPT_NOT_FIT_VALIDATED
DUC-B-02585,p6-4x2,Yellow,#F4EE2A,31,2583,-3.0,-9.0,111.6,90,CONCEPT_NOT_FIT_VALIDATED
DUC-B-02586,p6-4x2,Yellow,#F4EE2A,31,2584,9.0,-9.0,111.6,90,CONCEPT_NOT_FIT_VALIDATED
DUC-B-02587,p6-4x2,Yellow,#F4EE2A,31,2585,21.0,-9.0,111.6,90,CONCEPT_NOT_FIT_VALIDATED
DUC-B-02588,p6-4x2,Yellow,#F4EE2A,31,2586,33.0,-9.0,111.6,90,CONCEPT_NOT_FIT_VALIDATED
DUC-B-02589,p6-4x2,Yellow,#F4EE2A,31,2587,45.0,-9.0,111.6,90,CONCEPT_NOT_FIT_VALIDATED
DUC-B-02590,p6-4x2,Yellow,#F4EE2A,31,2588,57.0,-9.0,111.6,90,CONCEPT_NOT_FIT_VALIDATED
DUC-B-02591,p6-4x1,Yellow,#F4EE2A,31,2589,66.0,-9.0,111.6,90,CONCEPT_NOT_FIT_VALIDATED
DUC-B-02592,p6-3x2,Yellow,#F4EE2A,31,2590,-63.0,12.0,111.6,90,CONCEPT_NOT_FIT_VALIDATED
DUC-B-02593,p6-4x2,Yellow,#F4EE2A,31,2591,-51.0,15.0,111.6,90,CONCEPT_NOT_FIT_VALIDATED
DUC-B-02594,p6-4x2,Yellow,#F4EE2A,31,2592,-39.0,15.0,111.6,90,CONCEPT_NOT_FIT_VALIDATED
DUC-B-02595,p6-4x2,Yellow,#F4EE2A,31,2593,-27.0,15.0,111.6,90,CONCEPT_NOT_FIT_VALIDATED
DUC-B-02596,p6-4x2,Yellow,#F4EE2A,31,2594,-15.0,15.0,111.6,90,CONCEPT_NOT_FIT_VALIDATED
DUC-B-02597,p6-4x2,Yellow,#F4EE2A,31,2595,-3.0,15.0,111.6,90,CONCEPT_NOT_FIT_VALIDATED
DUC-B-02598,p6-4x2,Yellow,#F4EE2A,31,2596,9.0,15.0,111.6,90,CONCEPT_NOT_FIT_VALIDATED
DUC-B-02599,p6-4x2,Yellow,#F4EE2A,31,2597,21.0,15.0,111.6,90,CONCEPT_NOT_FIT_VALIDATED
DUC-B-02600,p6-4x2,Yellow,#F4EE2A,31,2598,33.0,15.0,111.6,90,CONCEPT_NOT_FIT_VALIDATED
DUC-B-02601,p6-4x2,Yellow,#F4EE2A,31,2599,45.0,15.0,111.6,90,CONCEPT_NOT_FIT_VALIDATED
DUC-B-02602,p6-4x2,Yellow,#F4EE2A,31,2600,57.0,15.0,111.6,90,CONCEPT_NOT_FIT_VALIDATED
DUC-B-02603,p6-3x1,Yellow,#F4EE2A,31,2601,66.0,12.0,111.6,90,CONCEPT_NOT_FIT_VALIDATED
DUC-B-02604,p6-1x1,Yellow,#F4EE2A,31,2602,-60.0,24.0,111.6,0,CONCEPT_NOT_FIT_VALIDATED
DUC-B-02606,p6-2x2,Yellow,#F4EE2A,31,2603,-51.0,33.0,111.6,0,CONCEPT_NOT_FIT_VALIDATED
DUC-B-02607,p6-4x2,Yellow,#F4EE2A,31,2604,-39.0,39.0,111.6,90,CONCEPT_NOT_FIT_VALIDATED
DUC-B-02608,p6-4x2,Yellow,#F4EE2A,31,2605,-27.0,39.0,111.6,90,CONCEPT_NOT_FIT_VALIDATED
DUC-B-02609,p6-4x2,Yellow,#F4EE2A,31,2606,-15.0,39.0,111.6,90,CONCEPT_NOT_FIT_VALIDATED
DUC-B-02610,p6-4x2,Yellow,#F4EE2A,31,2607,-3.0,39.0,111.6,90,CONCEPT_NOT_FIT_VALIDATED
DUC-B-02611,p6-4x2,Yellow,#F4EE2A,31,2608,9.0,39.0,111.6,90,CONCEPT_NOT_FIT_VALIDATED
DUC-B-02612,p6-4x2,Yellow,#F4EE2A,31,2609,21.0,39.0,111.6,90,CONCEPT_NOT_FIT_VALIDATED
DUC-B-02613,p6-4x2,Yellow,#F4EE2A,31,2610,33.0,39.0,111.6,90,CONCEPT_NOT_FIT_VALIDATED
DUC-B-02614,p6-3x2,Yellow,#F4EE2A,31,2611,45.0,36.0,111.6,90,CONCEPT_NOT_FIT_VALIDATED
DUC-B-02615,p6-2x1,Yellow,#F4EE2A,31,2612,54.0,33.0,111.6,90,CONCEPT_NOT_FIT_VALIDATED
DUC-B-02616,p6-1x1,Yellow,#F4EE2A,31,2613,-48.0,42.0,111.6,0,CONCEPT_NOT_FIT_VALIDATED
DUC-B-02618,p6-2x1,Yellow,#F4EE2A,31,2614,-27.0,54.0,111.6,0,CONCEPT_NOT_FIT_VALIDATED
DUC-B-02619,p6-2x1,Yellow,#F4EE2A,31,2615,-15.0,54.0,111.6,0,CONCEPT_NOT_FIT_VALIDATED
DUC-B-02620,p6-2x1,Yellow,#F4EE2A,31,2616,-3.0,54.0,111.6,0,CONCEPT_NOT_FIT_VALIDATED
DUC-B-02621,p6-2x1,Yellow,#F4EE2A,31,2617,9.0,54.0,111.6,0,CONCEPT_NOT_FIT_VALIDATED
DUC-B-02622,p6-2x1,Yellow,#F4EE2A,31,2618,21.0,54.0,111.6,0,CONCEPT_NOT_FIT_VALIDATED
DUC-B-02624,p6-3x2,Yellow,#F4EE2A,32,2619,-60.0,-33.0,115.2,0,CONCEPT_NOT_FIT_VALIDATED
DUC-B-02625,p6-3x2,Yellow,#F4EE2A,32,2620,-60.0,-21.0,115.2,0,CONCEPT_NOT_FIT_VALIDATED
DUC-B-02626,p6-3x2,Yellow,#F4EE2A,32,2621,-60.0,-9.0,115.2,0,CONCEPT_NOT_FIT_VALIDATED
DUC-B-02627,p6-3x2,Yellow,#F4EE2A,32,2622,-60.0,3.0,115.2,0,CONCEPT_NOT_FIT_VALIDATED
DUC-B-02628,p6-3x2,Yellow,#F4EE2A,32,2623,-60.0,15.0,115.2,0,CONCEPT_NOT_FIT_VALIDATED
DUC-B-02629,p6-2x2,Yellow,#F4EE2A,32,2624,-57.0,-45.0,115.2,0,CONCEPT_NOT_FIT_VALIDATED
DUC-B-02630,p6-2x2,Yellow,#F4EE2A,32,2625,-57.0,27.0,115.2,0,CONCEPT_NOT_FIT_VALIDATED
DUC-B-02605,p6-1x1,Yellow,#F4EE2A,31,2626,-60.0,30.0,111.6,0,CONCEPT_NOT_FIT_VALIDATED
DUC-B-02631,p6-1x1,Yellow,#F4EE2A,32,2627,-54.0,36.0,115.2,0,CONCEPT_NOT_FIT_VALIDATED
DUC-B-02632,p6-4x1,Yellow,#F4EE2A,32,2628,-39.0,-54.0,115.2,0,CONCEPT_NOT_FIT_VALIDATED
DUC-B-02633,p6-4x2,Yellow,#F4EE2A,32,2629,-39.0,-45.0,115.2,0,CONCEPT_NOT_FIT_VALIDATED
DUC-B-02634,p6-4x2,Yellow,#F4EE2A,32,2630,-39.0,-33.0,115.2,0,CONCEPT_NOT_FIT_VALIDATED
DUC-B-02635,p6-4x2,Yellow,#F4EE2A,32,2631,-39.0,-21.0,115.2,0,CONCEPT_NOT_FIT_VALIDATED
DUC-B-02636,p6-4x2,Yellow,#F4EE2A,32,2632,-39.0,-9.0,115.2,0,CONCEPT_NOT_FIT_VALIDATED
DUC-B-02637,p6-4x2,Yellow,#F4EE2A,32,2633,-39.0,3.0,115.2,0,CONCEPT_NOT_FIT_VALIDATED
DUC-B-02638,p6-4x2,Yellow,#F4EE2A,32,2634,-39.0,15.0,115.2,0,CONCEPT_NOT_FIT_VALIDATED
DUC-B-02639,p6-4x2,Yellow,#F4EE2A,32,2635,-39.0,27.0,115.2,0,CONCEPT_NOT_FIT_VALIDATED
DUC-B-02640,p6-4x2,Yellow,#F4EE2A,32,2636,-39.0,39.0,115.2,0,CONCEPT_NOT_FIT_VALIDATED
DUC-B-02641,p6-1x1,Black,#000000,32,2637,-42.0,-60.0,115.2,0,CONCEPT_NOT_FIT_VALIDATED
DUC-B-02642,p6-3x1,Yellow,#F4EE2A,32,2638,-36.0,48.0,115.2,0,CONCEPT_NOT_FIT_VALIDATED
DUC-B-02643,p6-2x1,Yellow,#F4EE2A,32,2639,-33.0,-66.0,115.2,0,CONCEPT_NOT_FIT_VALIDATED
DUC-B-02644,p6-2x1,Yellow,#F4EE2A,32,2640,-33.0,-60.0,115.2,0,CONCEPT_NOT_FIT_VALIDATED
DUC-B-02645,p6-1x1,Yellow,#F4EE2A,32,2641,-30.0,54.0,115.2,0,CONCEPT_NOT_FIT_VALIDATED
DUC-B-02646,p6-4x2,Yellow,#F4EE2A,32,2642,-15.0,-69.0,115.2,0,CONCEPT_NOT_FIT_VALIDATED
DUC-B-02545,p6-1x1,Yellow,#F4EE2A,31,2643,-24.0,-72.0,111.6,0,CONCEPT_NOT_FIT_VALIDATED
DUC-B-02495,p6-1x1,Yellow,#F4EE2A,30,2644,-24.0,-72.0,108.0,0,CONCEPT_NOT_FIT_VALIDATED
DUC-B-02647,p6-4x2,Yellow,#F4EE2A,32,2645,-15.0,-57.0,115.2,0,CONCEPT_NOT_FIT_VALIDATED
DUC-B-02648,p6-4x2,Yellow,#F4EE2A,32,2646,-15.0,-45.0,115.2,0,CONCEPT_NOT_FIT_VALIDATED
DUC-B-02649,p6-4x2,Yellow,#F4EE2A,32,2647,-15.0,-33.0,115.2,0,CONCEPT_NOT_FIT_VALIDATED
DUC-B-02650,p6-4x2,Yellow,#F4EE2A,32,2648,-15.0,-21.0,115.2,0,CONCEPT_NOT_FIT_VALIDATED
DUC-B-02651,p6-4x2,Yellow,#F4EE2A,32,2649,-15.0,-9.0,115.2,0,CONCEPT_NOT_FIT_VALIDATED
DUC-B-02652,p6-4x2,Yellow,#F4EE2A,32,2650,-15.0,3.0,115.2,0,CONCEPT_NOT_FIT_VALIDATED
DUC-B-02653,p6-4x2,Yellow,#F4EE2A,32,2651,-15.0,15.0,115.2,0,CONCEPT_NOT_FIT_VALIDATED
DUC-B-02654,p6-4x2,Yellow,#F4EE2A,32,2652,-15.0,27.0,115.2,0,CONCEPT_NOT_FIT_VALIDATED
DUC-B-02655,p6-4x2,Yellow,#F4EE2A,32,2653,-15.0,39.0,115.2,0,CONCEPT_NOT_FIT_VALIDATED
DUC-B-02656,p6-4x2,Yellow,#F4EE2A,32,2654,-15.0,51.0,115.2,0,CONCEPT_NOT_FIT_VALIDATED
DUC-B-02657,p6-4x2,Yellow,#F4EE2A,32,2655,9.0,-69.0,115.2,0,CONCEPT_NOT_FIT_VALIDATED
DUC-B-02658,p6-4x2,Yellow,#F4EE2A,32,2656,9.0,-57.0,115.2,0,CONCEPT_NOT_FIT_VALIDATED
DUC-B-02659,p6-4x2,Yellow,#F4EE2A,32,2657,9.0,-45.0,115.2,0,CONCEPT_NOT_FIT_VALIDATED
DUC-B-02660,p6-4x2,Yellow,#F4EE2A,32,2658,9.0,-33.0,115.2,0,CONCEPT_NOT_FIT_VALIDATED
DUC-B-02661,p6-4x2,Yellow,#F4EE2A,32,2659,9.0,-21.0,115.2,0,CONCEPT_NOT_FIT_VALIDATED
DUC-B-02662,p6-4x2,Yellow,#F4EE2A,32,2660,9.0,-9.0,115.2,0,CONCEPT_NOT_FIT_VALIDATED
DUC-B-02663,p6-4x2,Yellow,#F4EE2A,32,2661,9.0,3.0,115.2,0,CONCEPT_NOT_FIT_VALIDATED
DUC-B-02664,p6-4x2,Yellow,#F4EE2A,32,2662,9.0,15.0,115.2,0,CONCEPT_NOT_FIT_VALIDATED
DUC-B-02665,p6-4x2,Yellow,#F4EE2A,32,2663,9.0,27.0,115.2,0,CONCEPT_NOT_FIT_VALIDATED
DUC-B-02666,p6-4x2,Yellow,#F4EE2A,32,2664,9.0,39.0,115.2,0,CONCEPT_NOT_FIT_VALIDATED
DUC-B-02667,p6-4x2,Yellow,#F4EE2A,32,2665,9.0,51.0,115.2,0,CONCEPT_NOT_FIT_VALIDATED
DUC-B-02668,p6-2x1,Yellow,#F4EE2A,32,2666,24.0,-69.0,115.2,90,CONCEPT_NOT_FIT_VALIDATED
DUC-B-02669,p6-3x2,Yellow,#F4EE2A,32,2667,30.0,-57.0,115.2,0,CONCEPT_NOT_FIT_VALIDATED
DUC-B-02670,p6-4x2,Yellow,#F4EE2A,32,2668,33.0,-45.0,115.2,0,CONCEPT_NOT_FIT_VALIDATED
DUC-B-02671,p6-4x2,Yellow,#F4EE2A,32,2669,33.0,-33.0,115.2,0,CONCEPT_NOT_FIT_VALIDATED
DUC-B-02672,p6-4x2,Yellow,#F4EE2A,32,2670,33.0,-21.0,115.2,0,CONCEPT_NOT_FIT_VALIDATED
DUC-B-02673,p6-4x2,Yellow,#F4EE2A,32,2671,33.0,-9.0,115.2,0,CONCEPT_NOT_FIT_VALIDATED
DUC-B-02674,p6-4x2,Yellow,#F4EE2A,32,2672,33.0,3.0,115.2,0,CONCEPT_NOT_FIT_VALIDATED
DUC-B-02675,p6-4x2,Yellow,#F4EE2A,32,2673,33.0,15.0,115.2,0,CONCEPT_NOT_FIT_VALIDATED
DUC-B-02676,p6-4x2,Yellow,#F4EE2A,32,2674,33.0,27.0,115.2,0,CONCEPT_NOT_FIT_VALIDATED
DUC-B-02677,p6-4x2,Yellow,#F4EE2A,32,2675,33.0,39.0,115.2,0,CONCEPT_NOT_FIT_VALIDATED
DUC-B-02678,p6-2x2,Yellow,#F4EE2A,32,2676,27.0,51.0,115.2,0,CONCEPT_NOT_FIT_VALIDATED
DUC-B-02623,p6-1x1,Yellow,#F4EE2A,31,2677,30.0,54.0,111.6,0,CONCEPT_NOT_FIT_VALIDATED
DUC-B-02679,p6-2x1,Yellow,#F4EE2A,32,2678,33.0,-66.0,115.2,0,CONCEPT_NOT_FIT_VALIDATED
DUC-B-02680,p6-2x1,Yellow,#F4EE2A,32,2679,39.0,48.0,115.2,0,CONCEPT_NOT_FIT_VALIDATED
DUC-B-02617,p6-1x1,Yellow,#F4EE2A,31,2680,42.0,48.0,111.6,0,CONCEPT_NOT_FIT_VALIDATED
DUC-B-02681,p6-1x1,Black,#000000,32,2681,42.0,-60.0,115.2,0,CONCEPT_NOT_FIT_VALIDATED
DUC-B-02682,p6-1x1,Yellow,#F4EE2A,32,2682,42.0,-54.0,115.2,0,CONCEPT_NOT_FIT_VALIDATED
DUC-B-02683,p6-1x1,Yellow,#F4EE2A,32,2683,48.0,-54.0,115.2,0,CONCEPT_NOT_FIT_VALIDATED
DUC-B-02684,p6-3x2,Yellow,#F4EE2A,32,2684,54.0,-45.0,115.2,0,CONCEPT_NOT_FIT_VALIDATED
DUC-B-02685,p6-4x2,Yellow,#F4EE2A,32,2685,57.0,-33.0,115.2,0,CONCEPT_NOT_FIT_VALIDATED
DUC-B-02686,p6-4x2,Yellow,#F4EE2A,32,2686,57.0,-21.0,115.2,0,CONCEPT_NOT_FIT_VALIDATED
DUC-B-02687,p6-4x2,Yellow,#F4EE2A,32,2687,57.0,-9.0,115.2,0,CONCEPT_NOT_FIT_VALIDATED
DUC-B-02688,p6-4x2,Yellow,#F4EE2A,32,2688,57.0,3.0,115.2,0,CONCEPT_NOT_FIT_VALIDATED
DUC-B-02689,p6-4x2,Yellow,#F4EE2A,32,2689,57.0,15.0,115.2,0,CONCEPT_NOT_FIT_VALIDATED
DUC-B-02690,p6-3x2,Yellow,#F4EE2A,32,2690,54.0,27.0,115.2,0,CONCEPT_NOT_FIT_VALIDATED
DUC-B-02691,p6-2x1,Yellow,#F4EE2A,32,2691,51.0,36.0,115.2,0,CONCEPT_NOT_FIT_VALIDATED
DUC-B-02692,p6-1x1,Yellow,#F4EE2A,32,2692,48.0,42.0,115.2,0,CONCEPT_NOT_FIT_VALIDATED
DUC-B-02693,p6-4x2,Yellow,#F4EE2A,33,2693,-21.0,-63.0,118.8,90,CONCEPT_NOT_FIT_VALIDATED
DUC-B-02694,p6-4x2,Yellow,#F4EE2A,33,2694,-9.0,-63.0,118.8,90,CONCEPT_NOT_FIT_VALIDATED
DUC-B-02695,p6-4x2,Yellow,#F4EE2A,33,2695,3.0,-63.0,118.8,90,CONCEPT_NOT_FIT_VALIDATED
DUC-B-02696,p6-4x2,Yellow,#F4EE2A,33,2696,15.0,-63.0,118.8,90,CONCEPT_NOT_FIT_VALIDATED
DUC-B-02697,p6-4x1,Yellow,#F4EE2A,33,2697,24.0,-63.0,118.8,90,CONCEPT_NOT_FIT_VALIDATED
DUC-B-02698,p6-3x2,Yellow,#F4EE2A,33,2698,-33.0,-60.0,118.8,90,CONCEPT_NOT_FIT_VALIDATED
DUC-B-02699,p6-3x1,Yellow,#F4EE2A,33,2699,30.0,-60.0,118.8,90,CONCEPT_NOT_FIT_VALIDATED
DUC-B-02700,p6-3x1,Yellow,#F4EE2A,33,2700,36.0,-60.0,118.8,90,CONCEPT_NOT_FIT_VALIDATED
DUC-B-02701,p6-2x1,Yellow,#F4EE2A,33,2701,-42.0,-57.0,118.8,90,CONCEPT_NOT_FIT_VALIDATED
DUC-B-02702,p6-2x1,Yellow,#F4EE2A,33,2702,42.0,-57.0,118.8,90,CONCEPT_NOT_FIT_VALIDATED
DUC-B-02704,p6-1x1,Yellow,#F4EE2A,33,2703,-48.0,-54.0,118.8,0,CONCEPT_NOT_FIT_VALIDATED
DUC-B-02705,p6-2x1,Yellow,#F4EE2A,33,2704,51.0,-54.0,118.8,0,CONCEPT_NOT_FIT_VALIDATED
DUC-B-02706,p6-4x2,Yellow,#F4EE2A,33,2705,-57.0,-39.0,118.8,90,CONCEPT_NOT_FIT_VALIDATED
DUC-B-02707,p6-4x2,Yellow,#F4EE2A,33,2706,-45.0,-39.0,118.8,90,CONCEPT_NOT_FIT_VALIDATED
DUC-B-02708,p6-4x2,Yellow,#F4EE2A,33,2707,-33.0,-39.0,118.8,90,CONCEPT_NOT_FIT_VALIDATED
DUC-B-02709,p6-4x2,Yellow,#F4EE2A,33,2708,-21.0,-39.0,118.8,90,CONCEPT_NOT_FIT_VALIDATED
DUC-B-02710,p6-4x2,Yellow,#F4EE2A,33,2709,-9.0,-39.0,118.8,90,CONCEPT_NOT_FIT_VALIDATED
DUC-B-02711,p6-4x2,Yellow,#F4EE2A,33,2710,3.0,-39.0,118.8,90,CONCEPT_NOT_FIT_VALIDATED
DUC-B-02712,p6-4x2,Yellow,#F4EE2A,33,2711,15.0,-39.0,118.8,90,CONCEPT_NOT_FIT_VALIDATED
DUC-B-02713,p6-4x2,Yellow,#F4EE2A,33,2712,27.0,-39.0,118.8,90,CONCEPT_NOT_FIT_VALIDATED
DUC-B-02714,p6-4x2,Yellow,#F4EE2A,33,2713,39.0,-39.0,118.8,90,CONCEPT_NOT_FIT_VALIDATED
DUC-B-02715,p6-4x2,Yellow,#F4EE2A,33,2714,51.0,-39.0,118.8,90,CONCEPT_NOT_FIT_VALIDATED
DUC-B-02716,p6-4x1,Yellow,#F4EE2A,33,2715,60.0,-39.0,118.8,90,CONCEPT_NOT_FIT_VALIDATED
DUC-B-02717,p6-2x1,Yellow,#F4EE2A,33,2716,-66.0,-33.0,118.8,90,CONCEPT_NOT_FIT_VALIDATED
DUC-B-02718,p6-2x1,Yellow,#F4EE2A,33,2717,66.0,-33.0,118.8,90,CONCEPT_NOT_FIT_VALIDATED
DUC-B-02719,p6-4x1,Yellow,#F4EE2A,33,2718,-66.0,-15.0,118.8,90,CONCEPT_NOT_FIT_VALIDATED
DUC-B-02720,p6-4x2,Yellow,#F4EE2A,33,2719,-57.0,-15.0,118.8,90,CONCEPT_NOT_FIT_VALIDATED
DUC-B-02721,p6-4x2,Yellow,#F4EE2A,33,2720,-45.0,-15.0,118.8,90,CONCEPT_NOT_FIT_VALIDATED
DUC-B-02722,p6-4x2,Yellow,#F4EE2A,33,2721,-33.0,-15.0,118.8,90,CONCEPT_NOT_FIT_VALIDATED
DUC-B-02723,p6-4x2,Yellow,#F4EE2A,33,2722,-21.0,-15.0,118.8,90,CONCEPT_NOT_FIT_VALIDATED
DUC-B-02724,p6-4x2,Yellow,#F4EE2A,33,2723,-9.0,-15.0,118.8,90,CONCEPT_NOT_FIT_VALIDATED
DUC-B-02725,p6-4x2,Yellow,#F4EE2A,33,2724,3.0,-15.0,118.8,90,CONCEPT_NOT_FIT_VALIDATED
DUC-B-02726,p6-4x2,Yellow,#F4EE2A,33,2725,15.0,-15.0,118.8,90,CONCEPT_NOT_FIT_VALIDATED
DUC-B-02727,p6-4x2,Yellow,#F4EE2A,33,2726,27.0,-15.0,118.8,90,CONCEPT_NOT_FIT_VALIDATED
DUC-B-02728,p6-4x2,Yellow,#F4EE2A,33,2727,39.0,-15.0,118.8,90,CONCEPT_NOT_FIT_VALIDATED
DUC-B-02729,p6-4x2,Yellow,#F4EE2A,33,2728,51.0,-15.0,118.8,90,CONCEPT_NOT_FIT_VALIDATED
DUC-B-02730,p6-4x2,Yellow,#F4EE2A,33,2729,63.0,-15.0,118.8,90,CONCEPT_NOT_FIT_VALIDATED
DUC-B-02731,p6-4x1,Yellow,#F4EE2A,33,2730,-66.0,9.0,118.8,90,CONCEPT_NOT_FIT_VALIDATED
DUC-B-02732,p6-4x2,Yellow,#F4EE2A,33,2731,-57.0,9.0,118.8,90,CONCEPT_NOT_FIT_VALIDATED
DUC-B-02733,p6-4x2,Yellow,#F4EE2A,33,2732,-45.0,9.0,118.8,90,CONCEPT_NOT_FIT_VALIDATED
DUC-B-02734,p6-4x2,Yellow,#F4EE2A,33,2733,-33.0,9.0,118.8,90,CONCEPT_NOT_FIT_VALIDATED
DUC-B-02735,p6-4x2,Yellow,#F4EE2A,33,2734,-21.0,9.0,118.8,90,CONCEPT_NOT_FIT_VALIDATED
DUC-B-02736,p6-4x2,Yellow,#F4EE2A,33,2735,-9.0,9.0,118.8,90,CONCEPT_NOT_FIT_VALIDATED
DUC-B-02737,p6-4x2,Yellow,#F4EE2A,33,2736,3.0,9.0,118.8,90,CONCEPT_NOT_FIT_VALIDATED
DUC-B-02738,p6-4x2,Yellow,#F4EE2A,33,2737,15.0,9.0,118.8,90,CONCEPT_NOT_FIT_VALIDATED
DUC-B-02739,p6-4x2,Yellow,#F4EE2A,33,2738,27.0,9.0,118.8,90,CONCEPT_NOT_FIT_VALIDATED
DUC-B-02740,p6-4x2,Yellow,#F4EE2A,33,2739,39.0,9.0,118.8,90,CONCEPT_NOT_FIT_VALIDATED
DUC-B-02741,p6-4x2,Yellow,#F4EE2A,33,2740,51.0,9.0,118.8,90,CONCEPT_NOT_FIT_VALIDATED
DUC-B-02742,p6-4x2,Yellow,#F4EE2A,33,2741,63.0,9.0,118.8,90,CONCEPT_NOT_FIT_VALIDATED
DUC-B-02743,p6-2x2,Yellow,#F4EE2A,33,2742,-57.0,27.0,118.8,0,CONCEPT_NOT_FIT_VALIDATED
DUC-B-02744,p6-4x2,Yellow,#F4EE2A,33,2743,-45.0,33.0,118.8,90,CONCEPT_NOT_FIT_VALIDATED
DUC-B-02745,p6-4x2,Yellow,#F4EE2A,33,2744,-33.0,33.0,118.8,90,CONCEPT_NOT_FIT_VALIDATED
DUC-B-02746,p6-4x2,Yellow,#F4EE2A,33,2745,-21.0,33.0,118.8,90,CONCEPT_NOT_FIT_VALIDATED
DUC-B-02747,p6-4x2,Yellow,#F4EE2A,33,2746,-9.0,33.0,118.8,90,CONCEPT_NOT_FIT_VALIDATED
DUC-B-02748,p6-4x2,Yellow,#F4EE2A,33,2747,3.0,33.0,118.8,90,CONCEPT_NOT_FIT_VALIDATED
DUC-B-02749,p6-4x2,Yellow,#F4EE2A,33,2748,15.0,33.0,118.8,90,CONCEPT_NOT_FIT_VALIDATED
DUC-B-02750,p6-4x2,Yellow,#F4EE2A,33,2749,27.0,33.0,118.8,90,CONCEPT_NOT_FIT_VALIDATED
DUC-B-02751,p6-4x2,Yellow,#F4EE2A,33,2750,39.0,33.0,118.8,90,CONCEPT_NOT_FIT_VALIDATED
DUC-B-02752,p6-3x2,Yellow,#F4EE2A,33,2751,51.0,30.0,118.8,90,CONCEPT_NOT_FIT_VALIDATED
DUC-B-02753,p6-2x1,Yellow,#F4EE2A,33,2752,60.0,27.0,118.8,90,CONCEPT_NOT_FIT_VALIDATED
DUC-B-02754,p6-1x1,Yellow,#F4EE2A,33,2753,-54.0,36.0,118.8,0,CONCEPT_NOT_FIT_VALIDATED
DUC-B-02755,p6-1x1,Yellow,#F4EE2A,33,2754,48.0,42.0,118.8,0,CONCEPT_NOT_FIT_VALIDATED
DUC-B-02756,p6-1x1,Yellow,#F4EE2A,33,2755,-42.0,48.0,118.8,0,CONCEPT_NOT_FIT_VALIDATED
DUC-B-02757,p6-2x1,Yellow,#F4EE2A,33,2756,-33.0,48.0,118.8,0,CONCEPT_NOT_FIT_VALIDATED
DUC-B-02758,p6-2x2,Yellow,#F4EE2A,33,2757,-21.0,51.0,118.8,0,CONCEPT_NOT_FIT_VALIDATED
DUC-B-02759,p6-2x2,Yellow,#F4EE2A,33,2758,-9.0,51.0,118.8,0,CONCEPT_NOT_FIT_VALIDATED
DUC-B-02760,p6-2x2,Yellow,#F4EE2A,33,2759,3.0,51.0,118.8,0,CONCEPT_NOT_FIT_VALIDATED
DUC-B-02761,p6-2x2,Yellow,#F4EE2A,33,2760,15.0,51.0,118.8,0,CONCEPT_NOT_FIT_VALIDATED
DUC-B-02762,p6-2x2,Yellow,#F4EE2A,33,2761,27.0,51.0,118.8,0,CONCEPT_NOT_FIT_VALIDATED
DUC-B-02763,p6-2x1,Yellow,#F4EE2A,33,2762,39.0,48.0,118.8,0,CONCEPT_NOT_FIT_VALIDATED
DUC-B-02764,p6-1x1,Yellow,#F4EE2A,33,2763,-30.0,54.0,118.8,0,CONCEPT_NOT_FIT_VALIDATED
DUC-B-02765,p6-2x1,Yellow,#F4EE2A,34,2764,-63.0,-36.0,122.4,0,CONCEPT_NOT_FIT_VALIDATED
DUC-B-02766,p6-2x2,Yellow,#F4EE2A,34,2765,-63.0,-27.0,122.4,0,CONCEPT_NOT_FIT_VALIDATED
DUC-B-02767,p6-2x2,Yellow,#F4EE2A,34,2766,-63.0,-15.0,122.4,0,CONCEPT_NOT_FIT_VALIDATED
DUC-B-02768,p6-2x2,Yellow,#F4EE2A,34,2767,-63.0,-3.0,122.4,0,CONCEPT_NOT_FIT_VALIDATED
DUC-B-02769,p6-2x2,Yellow,#F4EE2A,34,2768,-63.0,9.0,122.4,0,CONCEPT_NOT_FIT_VALIDATED
DUC-B-02770,p6-2x1,Yellow,#F4EE2A,34,2769,-63.0,18.0,122.4,0,CONCEPT_NOT_FIT_VALIDATED
DUC-B-02771,p6-1x1,Yellow,#F4EE2A,34,2770,-60.0,-48.0,122.4,0,CONCEPT_NOT_FIT_VALIDATED
DUC-B-02772,p6-1x1,Yellow,#F4EE2A,34,2771,-60.0,-42.0,122.4,0,CONCEPT_NOT_FIT_VALIDATED
DUC-B-02773,p6-1x1,Yellow,#F4EE2A,34,2772,-60.0,24.0,122.4,0,CONCEPT_NOT_FIT_VALIDATED
DUC-B-02774,p6-1x1,Yellow,#F4EE2A,34,2773,-60.0,30.0,122.4,0,CONCEPT_NOT_FIT_VALIDATED
DUC-B-02775,p6-4x2,Yellow,#F4EE2A,34,2774,-45.0,-51.0,122.4,0,CONCEPT_NOT_FIT_VALIDATED
DUC-B-02703,p6-1x1,Yellow,#F4EE2A,33,2775,-54.0,-54.0,118.8,0,CONCEPT_NOT_FIT_VALIDATED
DUC-B-02776,p6-4x2,Yellow,#F4EE2A,34,2776,-45.0,-39.0,122.4,0,CONCEPT_NOT_FIT_VALIDATED
DUC-B-02777,p6-4x2,Yellow,#F4EE2A,34,2777,-45.0,-27.0,122.4,0,CONCEPT_NOT_FIT_VALIDATED
DUC-B-02778,p6-4x2,Yellow,#F4EE2A,34,2778,-45.0,-15.0,122.4,0,CONCEPT_NOT_FIT_VALIDATED
DUC-B-02779,p6-4x2,Yellow,#F4EE2A,34,2779,-45.0,-3.0,122.4,0,CONCEPT_NOT_FIT_VALIDATED
DUC-B-02780,p6-4x2,Yellow,#F4EE2A,34,2780,-45.0,9.0,122.4,0,CONCEPT_NOT_FIT_VALIDATED
DUC-B-02781,p6-4x2,Yellow,#F4EE2A,34,2781,-45.0,21.0,122.4,0,CONCEPT_NOT_FIT_VALIDATED
DUC-B-02782,p6-4x2,Yellow,#F4EE2A,34,2782,-45.0,33.0,122.4,0,CONCEPT_NOT_FIT_VALIDATED
DUC-B-02783,p6-3x1,Yellow,#F4EE2A,34,2783,-42.0,42.0,122.4,0,CONCEPT_NOT_FIT_VALIDATED
DUC-B-02784,p6-2x1,Yellow,#F4EE2A,34,2784,-39.0,-60.0,122.4,0,CONCEPT_NOT_FIT_VALIDATED
DUC-B-02785,p6-2x1,Yellow,#F4EE2A,34,2785,-39.0,48.0,122.4,0,CONCEPT_NOT_FIT_VALIDATED
DUC-B-02786,p6-1x1,Yellow,#F4EE2A,34,2786,-36.0,-66.0,122.4,0,CONCEPT_NOT_FIT_VALIDATED
DUC-B-02787,p6-4x2,Yellow,#F4EE2A,34,2787,-21.0,-63.0,122.4,0,CONCEPT_NOT_FIT_VALIDATED
DUC-B-02788,p6-4x2,Yellow,#F4EE2A,34,2788,-21.0,-51.0,122.4,0,CONCEPT_NOT_FIT_VALIDATED
DUC-B-02789,p6-4x2,Yellow,#F4EE2A,34,2789,-21.0,-39.0,122.4,0,CONCEPT_NOT_FIT_VALIDATED
DUC-B-02790,p6-4x2,Yellow,#F4EE2A,34,2790,-21.0,-27.0,122.4,0,CONCEPT_NOT_FIT_VALIDATED
DUC-B-02791,p6-4x2,Yellow,#F4EE2A,34,2791,-21.0,-15.0,122.4,0,CONCEPT_NOT_FIT_VALIDATED
DUC-B-02792,p6-4x2,Yellow,#F4EE2A,34,2792,-21.0,-3.0,122.4,0,CONCEPT_NOT_FIT_VALIDATED
DUC-B-02793,p6-4x2,Yellow,#F4EE2A,34,2793,-21.0,9.0,122.4,0,CONCEPT_NOT_FIT_VALIDATED
DUC-B-02794,p6-4x2,Yellow,#F4EE2A,34,2794,-21.0,21.0,122.4,0,CONCEPT_NOT_FIT_VALIDATED
DUC-B-02795,p6-4x2,Yellow,#F4EE2A,34,2795,-21.0,33.0,122.4,0,CONCEPT_NOT_FIT_VALIDATED
DUC-B-02796,p6-4x2,Yellow,#F4EE2A,34,2796,-21.0,45.0,122.4,0,CONCEPT_NOT_FIT_VALIDATED
DUC-B-02797,p6-4x1,Yellow,#F4EE2A,34,2797,-21.0,54.0,122.4,0,CONCEPT_NOT_FIT_VALIDATED
DUC-B-02798,p6-3x1,Yellow,#F4EE2A,34,2798,-18.0,-72.0,122.4,0,CONCEPT_NOT_FIT_VALIDATED
DUC-B-02799,p6-4x1,Yellow,#F4EE2A,34,2799,3.0,-72.0,122.4,0,CONCEPT_NOT_FIT_VALIDATED
DUC-B-02800,p6-4x2,Yellow,#F4EE2A,34,2800,3.0,-63.0,122.4,0,CONCEPT_NOT_FIT_VALIDATED
DUC-B-02801,p6-4x2,Yellow,#F4EE2A,34,2801,3.0,-51.0,122.4,0,CONCEPT_NOT_FIT_VALIDATED
DUC-B-02802,p6-4x2,Yellow,#F4EE2A,34,2802,3.0,-39.0,122.4,0,CONCEPT_NOT_FIT_VALIDATED
DUC-B-02803,p6-4x2,Yellow,#F4EE2A,34,2803,3.0,-27.0,122.4,0,CONCEPT_NOT_FIT_VALIDATED
DUC-B-02804,p6-4x2,Yellow,#F4EE2A,34,2804,3.0,-15.0,122.4,0,CONCEPT_NOT_FIT_VALIDATED
DUC-B-02805,p6-4x2,Yellow,#F4EE2A,34,2805,3.0,-3.0,122.4,0,CONCEPT_NOT_FIT_VALIDATED
DUC-B-02806,p6-4x2,Yellow,#F4EE2A,34,2806,3.0,9.0,122.4,0,CONCEPT_NOT_FIT_VALIDATED
DUC-B-02807,p6-4x2,Yellow,#F4EE2A,34,2807,3.0,21.0,122.4,0,CONCEPT_NOT_FIT_VALIDATED
DUC-B-02808,p6-4x2,Yellow,#F4EE2A,34,2808,3.0,33.0,122.4,0,CONCEPT_NOT_FIT_VALIDATED
DUC-B-02809,p6-4x2,Yellow,#F4EE2A,34,2809,3.0,45.0,122.4,0,CONCEPT_NOT_FIT_VALIDATED
DUC-B-02810,p6-4x1,Yellow,#F4EE2A,34,2810,3.0,54.0,122.4,0,CONCEPT_NOT_FIT_VALIDATED
DUC-B-02811,p6-2x1,Yellow,#F4EE2A,34,2811,21.0,-72.0,122.4,0,CONCEPT_NOT_FIT_VALIDATED
DUC-B-02812,p6-4x2,Yellow,#F4EE2A,34,2812,27.0,-63.0,122.4,0,CONCEPT_NOT_FIT_VALIDATED
DUC-B-02813,p6-4x2,Yellow,#F4EE2A,34,2813,27.0,-51.0,122.4,0,CONCEPT_NOT_FIT_VALIDATED
DUC-B-02814,p6-4x2,Yellow,#F4EE2A,34,2814,27.0,-39.0,122.4,0,CONCEPT_NOT_FIT_VALIDATED
DUC-B-02815,p6-4x2,Yellow,#F4EE2A,34,2815,27.0,-27.0,122.4,0,CONCEPT_NOT_FIT_VALIDATED
DUC-B-02816,p6-4x2,Yellow,#F4EE2A,34,2816,27.0,-15.0,122.4,0,CONCEPT_NOT_FIT_VALIDATED
DUC-B-02817,p6-4x2,Yellow,#F4EE2A,34,2817,27.0,-3.0,122.4,0,CONCEPT_NOT_FIT_VALIDATED
DUC-B-02818,p6-4x2,Yellow,#F4EE2A,34,2818,27.0,9.0,122.4,0,CONCEPT_NOT_FIT_VALIDATED
DUC-B-02819,p6-4x2,Yellow,#F4EE2A,34,2819,27.0,21.0,122.4,0,CONCEPT_NOT_FIT_VALIDATED
DUC-B-02820,p6-4x2,Yellow,#F4EE2A,34,2820,27.0,33.0,122.4,0,CONCEPT_NOT_FIT_VALIDATED
DUC-B-02821,p6-4x2,Yellow,#F4EE2A,34,2821,27.0,45.0,122.4,0,CONCEPT_NOT_FIT_VALIDATED
DUC-B-02822,p6-3x1,Yellow,#F4EE2A,34,2822,24.0,54.0,122.4,0,CONCEPT_NOT_FIT_VALIDATED
DUC-B-02823,p6-2x1,Yellow,#F4EE2A,34,2823,45.0,-60.0,122.4,0,CONCEPT_NOT_FIT_VALIDATED
DUC-B-02824,p6-3x2,Yellow,#F4EE2A,34,2824,48.0,-51.0,122.4,0,CONCEPT_NOT_FIT_VALIDATED
DUC-B-02825,p6-4x2,Yellow,#F4EE2A,34,2825,51.0,-39.0,122.4,0,CONCEPT_NOT_FIT_VALIDATED
DUC-B-02826,p6-4x2,Yellow,#F4EE2A,34,2826,51.0,-27.0,122.4,0,CONCEPT_NOT_FIT_VALIDATED
DUC-B-02827,p6-4x2,Yellow,#F4EE2A,34,2827,51.0,-15.0,122.4,0,CONCEPT_NOT_FIT_VALIDATED
DUC-B-02828,p6-4x2,Yellow,#F4EE2A,34,2828,51.0,-3.0,122.4,0,CONCEPT_NOT_FIT_VALIDATED
DUC-B-02829,p6-4x2,Yellow,#F4EE2A,34,2829,51.0,9.0,122.4,0,CONCEPT_NOT_FIT_VALIDATED
DUC-B-02830,p6-4x2,Yellow,#F4EE2A,34,2830,51.0,21.0,122.4,0,CONCEPT_NOT_FIT_VALIDATED
DUC-B-02831,p6-3x2,Yellow,#F4EE2A,34,2831,48.0,33.0,122.4,0,CONCEPT_NOT_FIT_VALIDATED
DUC-B-02832,p6-2x1,Yellow,#F4EE2A,34,2832,45.0,42.0,122.4,0,CONCEPT_NOT_FIT_VALIDATED
DUC-B-02833,p6-1x1,Yellow,#F4EE2A,34,2833,42.0,48.0,122.4,0,CONCEPT_NOT_FIT_VALIDATED
DUC-B-02834,p6-1x1,Yellow,#F4EE2A,34,2834,60.0,-48.0,122.4,0,CONCEPT_NOT_FIT_VALIDATED
DUC-B-02835,p6-1x1,Yellow,#F4EE2A,34,2835,60.0,30.0,122.4,0,CONCEPT_NOT_FIT_VALIDATED
DUC-B-02836,p6-1x1,Yellow,#F4EE2A,34,2836,66.0,-36.0,122.4,0,CONCEPT_NOT_FIT_VALIDATED
DUC-B-02837,p6-2x1,Yellow,#F4EE2A,34,2837,66.0,-27.0,122.4,90,CONCEPT_NOT_FIT_VALIDATED
DUC-B-02838,p6-2x1,Yellow,#F4EE2A,34,2838,66.0,-15.0,122.4,90,CONCEPT_NOT_FIT_VALIDATED
DUC-B-02839,p6-2x1,Yellow,#F4EE2A,34,2839,66.0,-3.0,122.4,90,CONCEPT_NOT_FIT_VALIDATED
DUC-B-02840,p6-2x1,Yellow,#F4EE2A,34,2840,66.0,9.0,122.4,90,CONCEPT_NOT_FIT_VALIDATED
DUC-B-02841,p6-1x1,Yellow,#F4EE2A,34,2841,66.0,18.0,122.4,0,CONCEPT_NOT_FIT_VALIDATED
DUC-B-02842,p6-2x1,Yellow,#F4EE2A,35,2842,-45.0,-60.0,126.0,0,CONCEPT_NOT_FIT_VALIDATED
DUC-B-02843,p6-3x1,Yellow,#F4EE2A,35,2843,-24.0,-66.0,126.0,90,CONCEPT_NOT_FIT_VALIDATED
DUC-B-02844,p6-3x2,Yellow,#F4EE2A,35,2844,-15.0,-66.0,126.0,90,CONCEPT_NOT_FIT_VALIDATED
DUC-B-02845,p6-3x2,Yellow,#F4EE2A,35,2845,-3.0,-66.0,126.0,90,CONCEPT_NOT_FIT_VALIDATED
DUC-B-02846,p6-3x2,Yellow,#F4EE2A,35,2846,9.0,-66.0,126.0,90,CONCEPT_NOT_FIT_VALIDATED
DUC-B-02847,p6-3x2,Yellow,#F4EE2A,35,2847,21.0,-66.0,126.0,90,CONCEPT_NOT_FIT_VALIDATED
DUC-B-02848,p6-2x1,Yellow,#F4EE2A,35,2848,-36.0,-63.0,126.0,90,CONCEPT_NOT_FIT_VALIDATED
DUC-B-02849,p6-2x1,Yellow,#F4EE2A,35,2849,-30.0,-63.0,126.0,90,CONCEPT_NOT_FIT_VALIDATED
DUC-B-02850,p6-2x2,Yellow,#F4EE2A,35,2850,33.0,-63.0,126.0,0,CONCEPT_NOT_FIT_VALIDATED
DUC-B-02851,p6-2x1,Yellow,#F4EE2A,35,2851,45.0,-60.0,126.0,0,CONCEPT_NOT_FIT_VALIDATED
DUC-B-02852,p6-4x2,Yellow,#F4EE2A,35,2852,-51.0,-45.0,126.0,90,CONCEPT_NOT_FIT_VALIDATED
DUC-B-02853,p6-4x2,Yellow,#F4EE2A,35,2853,-39.0,-45.0,126.0,90,CONCEPT_NOT_FIT_VALIDATED
DUC-B-02854,p6-4x2,Yellow,#F4EE2A,35,2854,-27.0,-45.0,126.0,90,CONCEPT_NOT_FIT_VALIDATED
DUC-B-02855,p6-4x2,Yellow,#F4EE2A,35,2855,-15.0,-45.0,126.0,90,CONCEPT_NOT_FIT_VALIDATED
DUC-B-02856,p6-4x2,Yellow,#F4EE2A,35,2856,-3.0,-45.0,126.0,90,CONCEPT_NOT_FIT_VALIDATED
DUC-B-02857,p6-4x2,Yellow,#F4EE2A,35,2857,9.0,-45.0,126.0,90,CONCEPT_NOT_FIT_VALIDATED
DUC-B-02858,p6-4x2,Yellow,#F4EE2A,35,2858,21.0,-45.0,126.0,90,CONCEPT_NOT_FIT_VALIDATED
DUC-B-02859,p6-4x2,Yellow,#F4EE2A,35,2859,33.0,-45.0,126.0,90,CONCEPT_NOT_FIT_VALIDATED
DUC-B-02860,p6-4x2,Yellow,#F4EE2A,35,2860,45.0,-45.0,126.0,90,CONCEPT_NOT_FIT_VALIDATED
DUC-B-02861,p6-4x1,Yellow,#F4EE2A,35,2861,54.0,-45.0,126.0,90,CONCEPT_NOT_FIT_VALIDATED
DUC-B-02862,p6-3x1,Yellow,#F4EE2A,35,2862,-60.0,-42.0,126.0,90,CONCEPT_NOT_FIT_VALIDATED
DUC-B-02863,p6-3x1,Yellow,#F4EE2A,35,2863,60.0,-42.0,126.0,90,CONCEPT_NOT_FIT_VALIDATED
DUC-B-02864,p6-1x1,Yellow,#F4EE2A,35,2864,-66.0,-36.0,126.0,0,CONCEPT_NOT_FIT_VALIDATED
DUC-B-02865,p6-1x1,Yellow,#F4EE2A,35,2865,66.0,-36.0,126.0,0,CONCEPT_NOT_FIT_VALIDATED
DUC-B-02866,p6-4x2,Yellow,#F4EE2A,35,2866,-63.0,-21.0,126.0,90,CONCEPT_NOT_FIT_VALIDATED
DUC-B-02867,p6-4x2,Yellow,#F4EE2A,35,2867,-51.0,-21.0,126.0,90,CONCEPT_NOT_FIT_VALIDATED
DUC-B-02868,p6-4x2,Yellow,#F4EE2A,35,2868,-39.0,-21.0,126.0,90,CONCEPT_NOT_FIT_VALIDATED
DUC-B-02869,p6-4x2,Yellow,#F4EE2A,35,2869,-27.0,-21.0,126.0,90,CONCEPT_NOT_FIT_VALIDATED
DUC-B-02870,p6-4x2,Yellow,#F4EE2A,35,2870,-15.0,-21.0,126.0,90,CONCEPT_NOT_FIT_VALIDATED
DUC-B-02871,p6-4x2,Yellow,#F4EE2A,35,2871,-3.0,-21.0,126.0,90,CONCEPT_NOT_FIT_VALIDATED
DUC-B-02872,p6-4x2,Yellow,#F4EE2A,35,2872,9.0,-21.0,126.0,90,CONCEPT_NOT_FIT_VALIDATED
DUC-B-02873,p6-4x2,Yellow,#F4EE2A,35,2873,21.0,-21.0,126.0,90,CONCEPT_NOT_FIT_VALIDATED
DUC-B-02874,p6-4x2,Yellow,#F4EE2A,35,2874,33.0,-21.0,126.0,90,CONCEPT_NOT_FIT_VALIDATED
DUC-B-02875,p6-4x2,Yellow,#F4EE2A,35,2875,45.0,-21.0,126.0,90,CONCEPT_NOT_FIT_VALIDATED
DUC-B-02876,p6-4x2,Yellow,#F4EE2A,35,2876,57.0,-21.0,126.0,90,CONCEPT_NOT_FIT_VALIDATED
DUC-B-02877,p6-4x1,Yellow,#F4EE2A,35,2877,66.0,-21.0,126.0,90,CONCEPT_NOT_FIT_VALIDATED
DUC-B-02878,p6-4x2,Yellow,#F4EE2A,35,2878,-63.0,3.0,126.0,90,CONCEPT_NOT_FIT_VALIDATED
DUC-B-02879,p6-4x2,Yellow,#F4EE2A,35,2879,-51.0,3.0,126.0,90,CONCEPT_NOT_FIT_VALIDATED
DUC-B-02880,p6-4x2,Yellow,#F4EE2A,35,2880,-39.0,3.0,126.0,90,CONCEPT_NOT_FIT_VALIDATED
DUC-B-02881,p6-4x2,Yellow,#F4EE2A,35,2881,-27.0,3.0,126.0,90,CONCEPT_NOT_FIT_VALIDATED
DUC-B-02882,p6-4x2,Yellow,#F4EE2A,35,2882,-15.0,3.0,126.0,90,CONCEPT_NOT_FIT_VALIDATED
DUC-B-02883,p6-4x2,Yellow,#F4EE2A,35,2883,-3.0,3.0,126.0,90,CONCEPT_NOT_FIT_VALIDATED
DUC-B-02884,p6-4x2,Yellow,#F4EE2A,35,2884,9.0,3.0,126.0,90,CONCEPT_NOT_FIT_VALIDATED
DUC-B-02885,p6-4x2,Yellow,#F4EE2A,35,2885,21.0,3.0,126.0,90,CONCEPT_NOT_FIT_VALIDATED
DUC-B-02886,p6-4x2,Yellow,#F4EE2A,35,2886,33.0,3.0,126.0,90,CONCEPT_NOT_FIT_VALIDATED
DUC-B-02887,p6-4x2,Yellow,#F4EE2A,35,2887,45.0,3.0,126.0,90,CONCEPT_NOT_FIT_VALIDATED
DUC-B-02888,p6-4x2,Yellow,#F4EE2A,35,2888,57.0,3.0,126.0,90,CONCEPT_NOT_FIT_VALIDATED
DUC-B-02889,p6-4x1,Yellow,#F4EE2A,35,2889,66.0,3.0,126.0,90,CONCEPT_NOT_FIT_VALIDATED
DUC-B-02890,p6-2x1,Yellow,#F4EE2A,35,2890,-63.0,18.0,126.0,0,CONCEPT_NOT_FIT_VALIDATED
DUC-B-02891,p6-4x2,Yellow,#F4EE2A,35,2891,-51.0,27.0,126.0,90,CONCEPT_NOT_FIT_VALIDATED
DUC-B-02892,p6-4x2,Yellow,#F4EE2A,35,2892,-39.0,27.0,126.0,90,CONCEPT_NOT_FIT_VALIDATED
DUC-B-02893,p6-4x2,Yellow,#F4EE2A,35,2893,-27.0,27.0,126.0,90,CONCEPT_NOT_FIT_VALIDATED
DUC-B-02894,p6-4x2,Yellow,#F4EE2A,35,2894,-15.0,27.0,126.0,90,CONCEPT_NOT_FIT_VALIDATED
DUC-B-02895,p6-4x2,Yellow,#F4EE2A,35,2895,-3.0,27.0,126.0,90,CONCEPT_NOT_FIT_VALIDATED
DUC-B-02896,p6-4x2,Yellow,#F4EE2A,35,2896,9.0,27.0,126.0,90,CONCEPT_NOT_FIT_VALIDATED
DUC-B-02897,p6-4x2,Yellow,#F4EE2A,35,2897,21.0,27.0,126.0,90,CONCEPT_NOT_FIT_VALIDATED
DUC-B-02898,p6-4x2,Yellow,#F4EE2A,35,2898,33.0,27.0,126.0,90,CONCEPT_NOT_FIT_VALIDATED
DUC-B-02899,p6-4x2,Yellow,#F4EE2A,35,2899,45.0,27.0,126.0,90,CONCEPT_NOT_FIT_VALIDATED
DUC-B-02900,p6-3x2,Yellow,#F4EE2A,35,2900,57.0,24.0,126.0,90,CONCEPT_NOT_FIT_VALIDATED
DUC-B-02901,p6-1x1,Yellow,#F4EE2A,35,2901,66.0,18.0,126.0,0,CONCEPT_NOT_FIT_VALIDATED
DUC-B-02902,p6-2x1,Yellow,#F4EE2A,35,2902,-60.0,27.0,126.0,90,CONCEPT_NOT_FIT_VALIDATED
DUC-B-02903,p6-1x1,Yellow,#F4EE2A,35,2903,54.0,36.0,126.0,0,CONCEPT_NOT_FIT_VALIDATED
DUC-B-02904,p6-1x1,Yellow,#F4EE2A,35,2904,-48.0,42.0,126.0,0,CONCEPT_NOT_FIT_VALIDATED
DUC-B-02905,p6-2x2,Yellow,#F4EE2A,35,2905,-39.0,45.0,126.0,0,CONCEPT_NOT_FIT_VALIDATED
DUC-B-02906,p6-3x2,Yellow,#F4EE2A,35,2906,-27.0,48.0,126.0,90,CONCEPT_NOT_FIT_VALIDATED
DUC-B-02907,p6-3x2,Yellow,#F4EE2A,35,2907,-15.0,48.0,126.0,90,CONCEPT_NOT_FIT_VALIDATED
DUC-B-02908,p6-3x2,Yellow,#F4EE2A,35,2908,-3.0,48.0,126.0,90,CONCEPT_NOT_FIT_VALIDATED
DUC-B-02909,p6-3x2,Yellow,#F4EE2A,35,2909,9.0,48.0,126.0,90,CONCEPT_NOT_FIT_VALIDATED
DUC-B-02910,p6-3x2,Yellow,#F4EE2A,35,2910,21.0,48.0,126.0,90,CONCEPT_NOT_FIT_VALIDATED
DUC-B-02911,p6-2x2,Yellow,#F4EE2A,35,2911,33.0,45.0,126.0,0,CONCEPT_NOT_FIT_VALIDATED
DUC-B-02912,p6-2x1,Yellow,#F4EE2A,35,2912,42.0,45.0,126.0,90,CONCEPT_NOT_FIT_VALIDATED
DUC-B-02913,p6-1x1,Yellow,#F4EE2A,35,2913,48.0,42.0,126.0,0,CONCEPT_NOT_FIT_VALIDATED
DUC-B-02914,p6-1x1,Yellow,#F4EE2A,35,2914,30.0,54.0,126.0,0,CONCEPT_NOT_FIT_VALIDATED
DUC-B-02915,p6-2x1,Yellow,#F4EE2A,36,2915,-66.0,-33.0,129.6,90,CONCEPT_NOT_FIT_VALIDATED
DUC-B-02916,p6-2x1,Yellow,#F4EE2A,36,2916,-66.0,-21.0,129.6,90,CONCEPT_NOT_FIT_VALIDATED
DUC-B-02917,p6-2x1,Yellow,#F4EE2A,36,2917,-66.0,-9.0,129.6,90,CONCEPT_NOT_FIT_VALIDATED
DUC-B-02918,p6-2x1,Yellow,#F4EE2A,36,2918,-66.0,3.0,129.6,90,CONCEPT_NOT_FIT_VALIDATED
DUC-B-02919,p6-2x1,Yellow,#F4EE2A,36,2919,-66.0,15.0,129.6,90,CONCEPT_NOT_FIT_VALIDATED
DUC-B-02920,p6-4x1,Yellow,#F4EE2A,36,2920,-51.0,-42.0,129.6,0,CONCEPT_NOT_FIT_VALIDATED
DUC-B-02921,p6-4x2,Yellow,#F4EE2A,36,2921,-51.0,-33.0,129.6,0,CONCEPT_NOT_FIT_VALIDATED
DUC-B-02922,p6-4x2,Yellow,#F4EE2A,36,2922,-51.0,-21.0,129.6,0,CONCEPT_NOT_FIT_VALIDATED
DUC-B-02923,p6-4x2,Yellow,#F4EE2A,36,2923,-51.0,-9.0,129.6,0,CONCEPT_NOT_FIT_VALIDATED
DUC-B-02924,p6-4x2,Yellow,#F4EE2A,36,2924,-51.0,3.0,129.6,0,CONCEPT_NOT_FIT_VALIDATED
DUC-B-02925,p6-4x2,Yellow,#F4EE2A,36,2925,-51.0,15.0,129.6,0,CONCEPT_NOT_FIT_VALIDATED
DUC-B-02926,p6-4x1,Yellow,#F4EE2A,36,2926,-51.0,24.0,129.6,0,CONCEPT_NOT_FIT_VALIDATED
DUC-B-02927,p6-3x1,Yellow,#F4EE2A,36,2927,-48.0,-54.0,129.6,0,CONCEPT_NOT_FIT_VALIDATED
DUC-B-02928,p6-3x1,Yellow,#F4EE2A,36,2928,-48.0,-48.0,129.6,0,CONCEPT_NOT_FIT_VALIDATED
DUC-B-02929,p6-3x1,Yellow,#F4EE2A,36,2929,-48.0,30.0,129.6,0,CONCEPT_NOT_FIT_VALIDATED
DUC-B-02930,p6-3x1,Yellow,#F4EE2A,36,2930,-48.0,36.0,129.6,0,CONCEPT_NOT_FIT_VALIDATED
DUC-B-02931,p6-2x1,Yellow,#F4EE2A,36,2931,-45.0,42.0,129.6,0,CONCEPT_NOT_FIT_VALIDATED
DUC-B-02932,p6-1x1,Yellow,#F4EE2A,36,2932,-42.0,-60.0,129.6,0,CONCEPT_NOT_FIT_VALIDATED
DUC-B-02933,p6-4x1,Yellow,#F4EE2A,36,2933,-27.0,-66.0,129.6,0,CONCEPT_NOT_FIT_VALIDATED
DUC-B-02934,p6-4x2,Yellow,#F4EE2A,36,2934,-27.0,-57.0,129.6,0,CONCEPT_NOT_FIT_VALIDATED
DUC-B-02935,p6-4x2,Yellow,#F4EE2A,36,2935,-27.0,-45.0,129.6,0,CONCEPT_NOT_FIT_VALIDATED
DUC-B-02936,p6-4x2,Yellow,#F4EE2A,36,2936,-27.0,-33.0,129.6,0,CONCEPT_NOT_FIT_VALIDATED
DUC-B-02937,p6-4x2,Yellow,#F4EE2A,36,2937,-27.0,-21.0,129.6,0,CONCEPT_NOT_FIT_VALIDATED
DUC-B-02938,p6-4x2,Yellow,#F4EE2A,36,2938,-27.0,-9.0,129.6,0,CONCEPT_NOT_FIT_VALIDATED
DUC-B-02939,p6-4x2,Yellow,#F4EE2A,36,2939,-27.0,3.0,129.6,0,CONCEPT_NOT_FIT_VALIDATED
DUC-B-02940,p6-4x2,Yellow,#F4EE2A,36,2940,-27.0,15.0,129.6,0,CONCEPT_NOT_FIT_VALIDATED
DUC-B-02941,p6-4x2,Yellow,#F4EE2A,36,2941,-27.0,27.0,129.6,0,CONCEPT_NOT_FIT_VALIDATED
DUC-B-02942,p6-4x2,Yellow,#F4EE2A,36,2942,-27.0,39.0,129.6,0,CONCEPT_NOT_FIT_VALIDATED
DUC-B-02943,p6-4x1,Yellow,#F4EE2A,36,2943,-27.0,48.0,129.6,0,CONCEPT_NOT_FIT_VALIDATED
DUC-B-02944,p6-3x1,Yellow,#F4EE2A,36,2944,-24.0,54.0,129.6,0,CONCEPT_NOT_FIT_VALIDATED
DUC-B-02945,p6-1x1,Yellow,#F4EE2A,36,2945,-18.0,-72.0,129.6,0,CONCEPT_NOT_FIT_VALIDATED
DUC-B-02946,p6-4x2,Yellow,#F4EE2A,36,2946,-3.0,-69.0,129.6,0,CONCEPT_NOT_FIT_VALIDATED
DUC-B-02947,p6-4x2,Yellow,#F4EE2A,36,2947,-3.0,-57.0,129.6,0,CONCEPT_NOT_FIT_VALIDATED
DUC-B-02948,p6-4x2,Yellow,#F4EE2A,36,2948,-3.0,-45.0,129.6,0,CONCEPT_NOT_FIT_VALIDATED
DUC-B-02949,p6-4x2,Yellow,#F4EE2A,36,2949,-3.0,-33.0,129.6,0,CONCEPT_NOT_FIT_VALIDATED
DUC-B-02950,p6-4x2,Yellow,#F4EE2A,36,2950,-3.0,-21.0,129.6,0,CONCEPT_NOT_FIT_VALIDATED
DUC-B-02951,p6-4x2,Yellow,#F4EE2A,36,2951,-3.0,-9.0,129.6,0,CONCEPT_NOT_FIT_VALIDATED
DUC-B-02952,p6-4x2,Yellow,#F4EE2A,36,2952,-3.0,3.0,129.6,0,CONCEPT_NOT_FIT_VALIDATED
DUC-B-02953,p6-4x2,Yellow,#F4EE2A,36,2953,-3.0,15.0,129.6,0,CONCEPT_NOT_FIT_VALIDATED
DUC-B-02954,p6-4x2,Yellow,#F4EE2A,36,2954,-3.0,27.0,129.6,0,CONCEPT_NOT_FIT_VALIDATED
DUC-B-02955,p6-4x2,Yellow,#F4EE2A,36,2955,-3.0,39.0,129.6,0,CONCEPT_NOT_FIT_VALIDATED
DUC-B-02956,p6-4x2,Yellow,#F4EE2A,36,2956,-3.0,51.0,129.6,0,CONCEPT_NOT_FIT_VALIDATED
DUC-B-02957,p6-2x2,Yellow,#F4EE2A,36,2957,15.0,-69.0,129.6,0,CONCEPT_NOT_FIT_VALIDATED
DUC-B-02958,p6-4x2,Yellow,#F4EE2A,36,2958,21.0,-57.0,129.6,0,CONCEPT_NOT_FIT_VALIDATED
DUC-B-02959,p6-4x2,Yellow,#F4EE2A,36,2959,21.0,-45.0,129.6,0,CONCEPT_NOT_FIT_VALIDATED
DUC-B-02960,p6-4x2,Yellow,#F4EE2A,36,2960,21.0,-33.0,129.6,0,CONCEPT_NOT_FIT_VALIDATED
DUC-B-02961,p6-4x2,Yellow,#F4EE2A,36,2961,21.0,-21.0,129.6,0,CONCEPT_NOT_FIT_VALIDATED
DUC-B-02962,p6-4x2,Yellow,#F4EE2A,36,2962,21.0,-9.0,129.6,0,CONCEPT_NOT_FIT_VALIDATED
DUC-B-02963,p6-4x2,Yellow,#F4EE2A,36,2963,21.0,3.0,129.6,0,CONCEPT_NOT_FIT_VALIDATED
DUC-B-02964,p6-4x2,Yellow,#F4EE2A,36,2964,21.0,15.0,129.6,0,CONCEPT_NOT_FIT_VALIDATED
DUC-B-02965,p6-4x2,Yellow,#F4EE2A,36,2965,21.0,27.0,129.6,0,CONCEPT_NOT_FIT_VALIDATED
DUC-B-02966,p6-4x2,Yellow,#F4EE2A,36,2966,21.0,39.0,129.6,0,CONCEPT_NOT_FIT_VALIDATED
DUC-B-02967,p6-4x2,Yellow,#F4EE2A,36,2967,21.0,51.0,129.6,0,CONCEPT_NOT_FIT_VALIDATED
DUC-B-02968,p6-2x1,Yellow,#F4EE2A,36,2968,27.0,-66.0,129.6,0,CONCEPT_NOT_FIT_VALIDATED
DUC-B-02969,p6-1x1,Yellow,#F4EE2A,36,2969,36.0,-66.0,129.6,0,CONCEPT_NOT_FIT_VALIDATED
DUC-B-02970,p6-2x2,Yellow,#F4EE2A,36,2970,39.0,-57.0,129.6,0,CONCEPT_NOT_FIT_VALIDATED
DUC-B-02971,p6-4x2,Yellow,#F4EE2A,36,2971,45.0,-45.0,129.6,0,CONCEPT_NOT_FIT_VALIDATED
DUC-B-02972,p6-4x2,Yellow,#F4EE2A,36,2972,45.0,-33.0,129.6,0,CONCEPT_NOT_FIT_VALIDATED
DUC-B-02973,p6-4x2,Yellow,#F4EE2A,36,2973,45.0,-21.0,129.6,0,CONCEPT_NOT_FIT_VALIDATED
DUC-B-02974,p6-4x2,Yellow,#F4EE2A,36,2974,45.0,-9.0,129.6,0,CONCEPT_NOT_FIT_VALIDATED
DUC-B-02975,p6-4x2,Yellow,#F4EE2A,36,2975,45.0,3.0,129.6,0,CONCEPT_NOT_FIT_VALIDATED
DUC-B-02976,p6-4x2,Yellow,#F4EE2A,36,2976,45.0,15.0,129.6,0,CONCEPT_NOT_FIT_VALIDATED
DUC-B-02977,p6-4x2,Yellow,#F4EE2A,36,2977,45.0,27.0,129.6,0,CONCEPT_NOT_FIT_VALIDATED
DUC-B-02978,p6-3x2,Yellow,#F4EE2A,36,2978,42.0,39.0,129.6,0,CONCEPT_NOT_FIT_VALIDATED
DUC-B-02979,p6-1x1,Yellow,#F4EE2A,36,2979,36.0,48.0,129.6,0,CONCEPT_NOT_FIT_VALIDATED
DUC-B-02980,p6-2x1,Yellow,#F4EE2A,36,2980,51.0,-54.0,129.6,0,CONCEPT_NOT_FIT_VALIDATED
DUC-B-02981,p6-1x1,Yellow,#F4EE2A,36,2981,54.0,36.0,129.6,0,CONCEPT_NOT_FIT_VALIDATED
DUC-B-02982,p6-1x1,Yellow,#F4EE2A,36,2982,60.0,-42.0,129.6,0,CONCEPT_NOT_FIT_VALIDATED
DUC-B-02983,p6-2x2,Yellow,#F4EE2A,36,2983,63.0,-33.0,129.6,0,CONCEPT_NOT_FIT_VALIDATED
DUC-B-02984,p6-2x2,Yellow,#F4EE2A,36,2984,63.0,-21.0,129.6,0,CONCEPT_NOT_FIT_VALIDATED
DUC-B-02985,p6-2x2,Yellow,#F4EE2A,36,2985,63.0,-9.0,129.6,0,CONCEPT_NOT_FIT_VALIDATED
DUC-B-02986,p6-2x2,Yellow,#F4EE2A,36,2986,63.0,3.0,129.6,0,CONCEPT_NOT_FIT_VALIDATED
DUC-B-02987,p6-2x2,Yellow,#F4EE2A,36,2987,63.0,15.0,129.6,0,CONCEPT_NOT_FIT_VALIDATED
DUC-B-02988,p6-1x1,Yellow,#F4EE2A,36,2988,60.0,24.0,129.6,0,CONCEPT_NOT_FIT_VALIDATED
DUC-B-02989,p6-2x1,Yellow,#F4EE2A,37,2989,-18.0,-69.0,133.2,90,CONCEPT_NOT_FIT_VALIDATED
DUC-B-02990,p6-2x2,Yellow,#F4EE2A,37,2990,-9.0,-69.0,133.2,0,CONCEPT_NOT_FIT_VALIDATED
DUC-B-02991,p6-2x2,Yellow,#F4EE2A,37,2991,3.0,-69.0,133.2,0,CONCEPT_NOT_FIT_VALIDATED
DUC-B-02992,p6-2x2,Yellow,#F4EE2A,37,2992,15.0,-69.0,133.2,0,CONCEPT_NOT_FIT_VALIDATED
DUC-B-02993,p6-2x1,Yellow,#F4EE2A,37,2993,-33.0,-66.0,133.2,0,CONCEPT_NOT_FIT_VALIDATED
DUC-B-02994,p6-1x1,Yellow,#F4EE2A,37,2994,-24.0,-66.0,133.2,0,CONCEPT_NOT_FIT_VALIDATED
DUC-B-02995,p6-2x1,Yellow,#F4EE2A,37,2995,27.0,-66.0,133.2,0,CONCEPT_NOT_FIT_VALIDATED
DUC-B-02996,p6-1x1,Yellow,#F4EE2A,37,2996,36.0,-66.0,133.2,0,CONCEPT_NOT_FIT_VALIDATED
DUC-B-02997,p6-4x1,Yellow,#F4EE2A,37,2997,-42.0,-51.0,133.2,90,CONCEPT_NOT_FIT_VALIDATED
DUC-B-02998,p6-4x2,Yellow,#F4EE2A,37,2998,-33.0,-51.0,133.2,90,CONCEPT_NOT_FIT_VALIDATED
DUC-B-02999,p6-4x2,Yellow,#F4EE2A,37,2999,-21.0,-51.0,133.2,90,CONCEPT_NOT_FIT_VALIDATED
DUC-B-03000,p6-4x2,Yellow,#F4EE2A,37,3000,-9.0,-51.0,133.2,90,CONCEPT_NOT_FIT_VALIDATED
DUC-B-03001,p6-4x2,Yellow,#F4EE2A,37,3001,3.0,-51.0,133.2,90,CONCEPT_NOT_FIT_VALIDATED
DUC-B-03002,p6-4x2,Yellow,#F4EE2A,37,3002,15.0,-51.0,133.2,90,CONCEPT_NOT_FIT_VALIDATED
DUC-B-03003,p6-4x2,Yellow,#F4EE2A,37,3003,27.0,-51.0,133.2,90,CONCEPT_NOT_FIT_VALIDATED
DUC-B-03004,p6-4x2,Yellow,#F4EE2A,37,3004,39.0,-51.0,133.2,90,CONCEPT_NOT_FIT_VALIDATED
DUC-B-03005,p6-3x1,Yellow,#F4EE2A,37,3005,-48.0,-48.0,133.2,90,CONCEPT_NOT_FIT_VALIDATED
DUC-B-03006,p6-3x1,Yellow,#F4EE2A,37,3006,48.0,-48.0,133.2,90,CONCEPT_NOT_FIT_VALIDATED
DUC-B-03007,p6-2x1,Yellow,#F4EE2A,37,3007,-54.0,-45.0,133.2,90,CONCEPT_NOT_FIT_VALIDATED
DUC-B-03008,p6-2x1,Yellow,#F4EE2A,37,3008,54.0,-45.0,133.2,90,CONCEPT_NOT_FIT_VALIDATED
DUC-B-03009,p6-1x1,Yellow,#F4EE2A,37,3009,-60.0,-42.0,133.2,0,CONCEPT_NOT_FIT_VALIDATED
DUC-B-03010,p6-1x1,Yellow,#F4EE2A,37,3010,60.0,-42.0,133.2,0,CONCEPT_NOT_FIT_VALIDATED
DUC-B-03011,p6-4x2,Yellow,#F4EE2A,37,3011,-57.0,-27.0,133.2,90,CONCEPT_NOT_FIT_VALIDATED
DUC-B-03012,p6-4x2,Yellow,#F4EE2A,37,3012,-45.0,-27.0,133.2,90,CONCEPT_NOT_FIT_VALIDATED
DUC-B-03013,p6-4x2,Yellow,#F4EE2A,37,3013,-33.0,-27.0,133.2,90,CONCEPT_NOT_FIT_VALIDATED
DUC-B-03014,p6-4x2,Yellow,#F4EE2A,37,3014,-21.0,-27.0,133.2,90,CONCEPT_NOT_FIT_VALIDATED
DUC-B-03015,p6-4x2,Yellow,#F4EE2A,37,3015,-9.0,-27.0,133.2,90,CONCEPT_NOT_FIT_VALIDATED
DUC-B-03016,p6-4x2,Yellow,#F4EE2A,37,3016,3.0,-27.0,133.2,90,CONCEPT_NOT_FIT_VALIDATED
DUC-B-03017,p6-4x2,Yellow,#F4EE2A,37,3017,15.0,-27.0,133.2,90,CONCEPT_NOT_FIT_VALIDATED
DUC-B-03018,p6-4x2,Yellow,#F4EE2A,37,3018,27.0,-27.0,133.2,90,CONCEPT_NOT_FIT_VALIDATED
DUC-B-03019,p6-4x2,Yellow,#F4EE2A,37,3019,39.0,-27.0,133.2,90,CONCEPT_NOT_FIT_VALIDATED
DUC-B-03020,p6-4x2,Yellow,#F4EE2A,37,3020,51.0,-27.0,133.2,90,CONCEPT_NOT_FIT_VALIDATED
DUC-B-03021,p6-4x1,Yellow,#F4EE2A,37,3021,60.0,-27.0,133.2,90,CONCEPT_NOT_FIT_VALIDATED
DUC-B-03022,p6-3x1,Yellow,#F4EE2A,37,3022,-66.0,-24.0,133.2,90,CONCEPT_NOT_FIT_VALIDATED
DUC-B-03023,p6-3x1,Yellow,#F4EE2A,37,3023,66.0,-24.0,133.2,90,CONCEPT_NOT_FIT_VALIDATED
DUC-B-03024,p6-4x1,Yellow,#F4EE2A,37,3024,-66.0,-3.0,133.2,90,CONCEPT_NOT_FIT_VALIDATED
DUC-B-03025,p6-4x2,Yellow,#F4EE2A,37,3025,-57.0,-3.0,133.2,90,CONCEPT_NOT_FIT_VALIDATED
DUC-B-03026,p6-4x2,Yellow,#F4EE2A,37,3026,-45.0,-3.0,133.2,90,CONCEPT_NOT_FIT_VALIDATED
DUC-B-03027,p6-4x2,Yellow,#F4EE2A,37,3027,-33.0,-3.0,133.2,90,CONCEPT_NOT_FIT_VALIDATED
DUC-B-03028,p6-4x2,Yellow,#F4EE2A,37,3028,-21.0,-3.0,133.2,90,CONCEPT_NOT_FIT_VALIDATED
DUC-B-03029,p6-4x2,Yellow,#F4EE2A,37,3029,-9.0,-3.0,133.2,90,CONCEPT_NOT_FIT_VALIDATED
DUC-B-03030,p6-4x2,Yellow,#F4EE2A,37,3030,3.0,-3.0,133.2,90,CONCEPT_NOT_FIT_VALIDATED
DUC-B-03031,p6-4x2,Yellow,#F4EE2A,37,3031,15.0,-3.0,133.2,90,CONCEPT_NOT_FIT_VALIDATED
DUC-B-03032,p6-4x2,Yellow,#F4EE2A,37,3032,27.0,-3.0,133.2,90,CONCEPT_NOT_FIT_VALIDATED
DUC-B-03033,p6-4x2,Yellow,#F4EE2A,37,3033,39.0,-3.0,133.2,90,CONCEPT_NOT_FIT_VALIDATED
DUC-B-03034,p6-4x2,Yellow,#F4EE2A,37,3034,51.0,-3.0,133.2,90,CONCEPT_NOT_FIT_VALIDATED
DUC-B-03035,p6-4x2,Yellow,#F4EE2A,37,3035,63.0,-3.0,133.2,90,CONCEPT_NOT_FIT_VALIDATED
DUC-B-03036,p6-1x1,Yellow,#F4EE2A,37,3036,-66.0,12.0,133.2,0,CONCEPT_NOT_FIT_VALIDATED
DUC-B-03037,p6-3x2,Yellow,#F4EE2A,37,3037,-57.0,18.0,133.2,90,CONCEPT_NOT_FIT_VALIDATED
DUC-B-03038,p6-4x2,Yellow,#F4EE2A,37,3038,-45.0,21.0,133.2,90,CONCEPT_NOT_FIT_VALIDATED
DUC-B-03039,p6-4x2,Yellow,#F4EE2A,37,3039,-33.0,21.0,133.2,90,CONCEPT_NOT_FIT_VALIDATED
DUC-B-03040,p6-4x2,Yellow,#F4EE2A,37,3040,-21.0,21.0,133.2,90,CONCEPT_NOT_FIT_VALIDATED
DUC-B-03041,p6-4x2,Yellow,#F4EE2A,37,3041,-9.0,21.0,133.2,90,CONCEPT_NOT_FIT_VALIDATED
DUC-B-03042,p6-4x2,Yellow,#F4EE2A,37,3042,3.0,21.0,133.2,90,CONCEPT_NOT_FIT_VALIDATED
DUC-B-03043,p6-4x2,Yellow,#F4EE2A,37,3043,15.0,21.0,133.2,90,CONCEPT_NOT_FIT_VALIDATED
DUC-B-03044,p6-4x2,Yellow,#F4EE2A,37,3044,27.0,21.0,133.2,90,CONCEPT_NOT_FIT_VALIDATED
DUC-B-03045,p6-4x2,Yellow,#F4EE2A,37,3045,39.0,21.0,133.2,90,CONCEPT_NOT_FIT_VALIDATED
DUC-B-03046,p6-4x2,Yellow,#F4EE2A,37,3046,51.0,21.0,133.2,90,CONCEPT_NOT_FIT_VALIDATED
DUC-B-03047,p6-3x1,Yellow,#F4EE2A,37,3047,60.0,18.0,133.2,90,CONCEPT_NOT_FIT_VALIDATED
DUC-B-03048,p6-1x1,Yellow,#F4EE2A,37,3048,66.0,12.0,133.2,0,CONCEPT_NOT_FIT_VALIDATED
DUC-B-03049,p6-1x1,Yellow,#F4EE2A,37,3049,-54.0,30.0,133.2,0,CONCEPT_NOT_FIT_VALIDATED
DUC-B-03050,p6-1x1,Yellow,#F4EE2A,37,3050,-54.0,36.0,133.2,0,CONCEPT_NOT_FIT_VALIDATED
DUC-B-03051,p6-2x2,Yellow,#F4EE2A,37,3051,-45.0,39.0,133.2,0,CONCEPT_NOT_FIT_VALIDATED
DUC-B-03052,p6-3x2,Yellow,#F4EE2A,37,3052,-33.0,42.0,133.2,90,CONCEPT_NOT_FIT_VALIDATED
DUC-B-03053,p6-4x2,Yellow,#F4EE2A,37,3053,-21.0,45.0,133.2,90,CONCEPT_NOT_FIT_VALIDATED
DUC-B-03054,p6-4x2,Yellow,#F4EE2A,37,3054,-9.0,45.0,133.2,90,CONCEPT_NOT_FIT_VALIDATED
DUC-B-03055,p6-4x2,Yellow,#F4EE2A,37,3055,3.0,45.0,133.2,90,CONCEPT_NOT_FIT_VALIDATED
DUC-B-03056,p6-4x2,Yellow,#F4EE2A,37,3056,15.0,45.0,133.2,90,CONCEPT_NOT_FIT_VALIDATED
DUC-B-03057,p6-3x2,Yellow,#F4EE2A,37,3057,27.0,42.0,133.2,90,CONCEPT_NOT_FIT_VALIDATED
DUC-B-03058,p6-2x2,Yellow,#F4EE2A,37,3058,39.0,39.0,133.2,0,CONCEPT_NOT_FIT_VALIDATED
DUC-B-03059,p6-2x1,Yellow,#F4EE2A,37,3059,51.0,36.0,133.2,0,CONCEPT_NOT_FIT_VALIDATED
DUC-B-03060,p6-1x1,Yellow,#F4EE2A,37,3060,48.0,42.0,133.2,0,CONCEPT_NOT_FIT_VALIDATED
DUC-B-03061,p6-1x1,Yellow,#F4EE2A,37,3061,36.0,48.0,133.2,0,CONCEPT_NOT_FIT_VALIDATED
DUC-B-03062,p6-1x1,Yellow,#F4EE2A,37,3062,24.0,54.0,133.2,0,CONCEPT_NOT_FIT_VALIDATED
DUC-B-03063,p6-4x2,Yellow,#F4EE2A,38,3063,-57.0,-27.0,136.8,0,CONCEPT_NOT_FIT_VALIDATED
DUC-B-03064,p6-4x2,Yellow,#F4EE2A,38,3064,-57.0,-15.0,136.8,0,CONCEPT_NOT_FIT_VALIDATED
DUC-B-03065,p6-4x2,Yellow,#F4EE2A,38,3065,-57.0,-3.0,136.8,0,CONCEPT_NOT_FIT_VALIDATED
DUC-B-03066,p6-4x2,Yellow,#F4EE2A,38,3066,-57.0,9.0,136.8,0,CONCEPT_NOT_FIT_VALIDATED
DUC-B-03067,p6-3x2,Yellow,#F4EE2A,38,3067,-54.0,-39.0,136.8,0,CONCEPT_NOT_FIT_VALIDATED
DUC-B-03068,p6-3x2,Yellow,#F4EE2A,38,3068,-54.0,21.0,136.8,0,CONCEPT_NOT_FIT_VALIDATED
DUC-B-03069,p6-2x1,Yellow,#F4EE2A,38,3069,-51.0,-48.0,136.8,0,CONCEPT_NOT_FIT_VALIDATED
DUC-B-03070,p6-2x1,Yellow,#F4EE2A,38,3070,-51.0,30.0,136.8,0,CONCEPT_NOT_FIT_VALIDATED
DUC-B-03071,p6-1x1,Yellow,#F4EE2A,38,3071,-48.0,-54.0,136.8,0,CONCEPT_NOT_FIT_VALIDATED
DUC-B-03072,p6-1x1,Yellow,#F4EE2A,38,3072,-48.0,36.0,136.8,0,CONCEPT_NOT_FIT_VALIDATED
DUC-B-03073,p6-4x1,Yellow,#F4EE2A,38,3073,-33.0,-60.0,136.8,0,CONCEPT_NOT_FIT_VALIDATED
DUC-B-03074,p6-4x2,Yellow,#F4EE2A,38,3074,-33.0,-51.0,136.8,0,CONCEPT_NOT_FIT_VALIDATED
DUC-B-03075,p6-4x2,Yellow,#F4EE2A,38,3075,-33.0,-39.0,136.8,0,CONCEPT_NOT_FIT_VALIDATED
DUC-B-03076,p6-4x2,Yellow,#F4EE2A,38,3076,-33.0,-27.0,136.8,0,CONCEPT_NOT_FIT_VALIDATED
DUC-B-03077,p6-4x2,Yellow,#F4EE2A,38,3077,-33.0,-15.0,136.8,0,CONCEPT_NOT_FIT_VALIDATED
DUC-B-03078,p6-4x2,Yellow,#F4EE2A,38,3078,-33.0,-3.0,136.8,0,CONCEPT_NOT_FIT_VALIDATED
DUC-B-03079,p6-4x2,Yellow,#F4EE2A,38,3079,-33.0,9.0,136.8,0,CONCEPT_NOT_FIT_VALIDATED
DUC-B-03080,p6-4x2,Yellow,#F4EE2A,38,3080,-33.0,21.0,136.8,0,CONCEPT_NOT_FIT_VALIDATED
DUC-B-03081,p6-4x2,Yellow,#F4EE2A,38,3081,-33.0,33.0,136.8,0,CONCEPT_NOT_FIT_VALIDATED
DUC-B-03082,p6-4x1,Yellow,#F4EE2A,38,3082,-33.0,42.0,136.8,0,CONCEPT_NOT_FIT_VALIDATED
DUC-B-03083,p6-3x1,Yellow,#F4EE2A,38,3083,-30.0,48.0,136.8,0,CONCEPT_NOT_FIT_VALIDATED
DUC-B-03084,p6-2x1,Yellow,#F4EE2A,38,3084,-27.0,-66.0,136.8,0,CONCEPT_NOT_FIT_VALIDATED
DUC-B-03085,p6-1x1,Yellow,#F4EE2A,38,3085,-24.0,54.0,136.8,0,CONCEPT_NOT_FIT_VALIDATED
DUC-B-03086,p6-4x2,Yellow,#F4EE2A,38,3086,-9.0,-63.0,136.8,0,CONCEPT_NOT_FIT_VALIDATED
DUC-B-03087,p6-4x2,Yellow,#F4EE2A,38,3087,-9.0,-51.0,136.8,0,CONCEPT_NOT_FIT_VALIDATED
DUC-B-03088,p6-4x2,Yellow,#F4EE2A,38,3088,-9.0,-39.0,136.8,0,CONCEPT_NOT_FIT_VALIDATED
DUC-B-03089,p6-4x2,Yellow,#F4EE2A,38,3089,-9.0,-27.0,136.8,0,CONCEPT_NOT_FIT_VALIDATED
DUC-B-03090,p6-4x2,Yellow,#F4EE2A,38,3090,-9.0,-15.0,136.8,0,CONCEPT_NOT_FIT_VALIDATED
DUC-B-03091,p6-4x2,Yellow,#F4EE2A,38,3091,-9.0,-3.0,136.8,0,CONCEPT_NOT_FIT_VALIDATED
DUC-B-03092,p6-4x2,Yellow,#F4EE2A,38,3092,-9.0,9.0,136.8,0,CONCEPT_NOT_FIT_VALIDATED
DUC-B-03093,p6-4x2,Yellow,#F4EE2A,38,3093,-9.0,21.0,136.8,0,CONCEPT_NOT_FIT_VALIDATED
DUC-B-03094,p6-4x2,Yellow,#F4EE2A,38,3094,-9.0,33.0,136.8,0,CONCEPT_NOT_FIT_VALIDATED
DUC-B-03095,p6-4x2,Yellow,#F4EE2A,38,3095,-9.0,45.0,136.8,0,CONCEPT_NOT_FIT_VALIDATED
DUC-B-03096,p6-4x1,Yellow,#F4EE2A,38,3096,-9.0,54.0,136.8,0,CONCEPT_NOT_FIT_VALIDATED
DUC-B-03097,p6-3x1,Yellow,#F4EE2A,38,3097,-6.0,-72.0,136.8,0,CONCEPT_NOT_FIT_VALIDATED
DUC-B-03098,p6-2x1,Yellow,#F4EE2A,38,3098,9.0,-72.0,136.8,0,CONCEPT_NOT_FIT_VALIDATED
DUC-B-03099,p6-4x2,Yellow,#F4EE2A,38,3099,15.0,-63.0,136.8,0,CONCEPT_NOT_FIT_VALIDATED
DUC-B-03100,p6-4x2,Yellow,#F4EE2A,38,3100,15.0,-51.0,136.8,0,CONCEPT_NOT_FIT_VALIDATED
DUC-B-03101,p6-4x2,Yellow,#F4EE2A,38,3101,15.0,-39.0,136.8,0,CONCEPT_NOT_FIT_VALIDATED
DUC-B-03102,p6-4x2,Yellow,#F4EE2A,38,3102,15.0,-27.0,136.8,0,CONCEPT_NOT_FIT_VALIDATED
DUC-B-03103,p6-4x2,Yellow,#F4EE2A,38,3103,15.0,-15.0,136.8,0,CONCEPT_NOT_FIT_VALIDATED
DUC-B-03104,p6-4x2,Yellow,#F4EE2A,38,3104,15.0,-3.0,136.8,0,CONCEPT_NOT_FIT_VALIDATED
DUC-B-03105,p6-4x2,Yellow,#F4EE2A,38,3105,15.0,9.0,136.8,0,CONCEPT_NOT_FIT_VALIDATED
DUC-B-03106,p6-4x2,Yellow,#F4EE2A,38,3106,15.0,21.0,136.8,0,CONCEPT_NOT_FIT_VALIDATED
DUC-B-03107,p6-4x2,Yellow,#F4EE2A,38,3107,15.0,33.0,136.8,0,CONCEPT_NOT_FIT_VALIDATED
DUC-B-03108,p6-4x2,Yellow,#F4EE2A,38,3108,15.0,45.0,136.8,0,CONCEPT_NOT_FIT_VALIDATED
DUC-B-03109,p6-4x1,Yellow,#F4EE2A,38,3109,15.0,54.0,136.8,0,CONCEPT_NOT_FIT_VALIDATED
DUC-B-03110,p6-2x1,Yellow,#F4EE2A,38,3110,30.0,-63.0,136.8,90,CONCEPT_NOT_FIT_VALIDATED
DUC-B-03111,p6-4x2,Yellow,#F4EE2A,38,3111,39.0,-51.0,136.8,0,CONCEPT_NOT_FIT_VALIDATED
DUC-B-03112,p6-4x2,Yellow,#F4EE2A,38,3112,39.0,-39.0,136.8,0,CONCEPT_NOT_FIT_VALIDATED
DUC-B-03113,p6-4x2,Yellow,#F4EE2A,38,3113,39.0,-27.0,136.8,0,CONCEPT_NOT_FIT_VALIDATED
DUC-B-03114,p6-4x2,Yellow,#F4EE2A,38,3114,39.0,-15.0,136.8,0,CONCEPT_NOT_FIT_VALIDATED
DUC-B-03115,p6-4x2,Yellow,#F4EE2A,38,3115,39.0,-3.0,136.8,0,CONCEPT_NOT_FIT_VALIDATED
DUC-B-03116,p6-4x2,Yellow,#F4EE2A,38,3116,39.0,9.0,136.8,0,CONCEPT_NOT_FIT_VALIDATED
DUC-B-03117,p6-4x2,Yellow,#F4EE2A,38,3117,39.0,21.0,136.8,0,CONCEPT_NOT_FIT_VALIDATED
DUC-B-03118,p6-4x2,Yellow,#F4EE2A,38,3118,39.0,33.0,136.8,0,CONCEPT_NOT_FIT_VALIDATED
DUC-B-03119,p6-2x2,Yellow,#F4EE2A,38,3119,33.0,45.0,136.8,0,CONCEPT_NOT_FIT_VALIDATED
DUC-B-03120,p6-2x1,Yellow,#F4EE2A,38,3120,39.0,-60.0,136.8,0,CONCEPT_NOT_FIT_VALIDATED
DUC-B-03121,p6-1x1,Yellow,#F4EE2A,38,3121,42.0,42.0,136.8,0,CONCEPT_NOT_FIT_VALIDATED
DUC-B-03122,p6-1x1,Yellow,#F4EE2A,38,3122,54.0,-48.0,136.8,0,CONCEPT_NOT_FIT_VALIDATED
DUC-B-03123,p6-2x2,Yellow,#F4EE2A,38,3123,57.0,-39.0,136.8,0,CONCEPT_NOT_FIT_VALIDATED
DUC-B-03124,p6-3x2,Yellow,#F4EE2A,38,3124,60.0,-27.0,136.8,0,CONCEPT_NOT_FIT_VALIDATED
DUC-B-03125,p6-3x2,Yellow,#F4EE2A,38,3125,60.0,-15.0,136.8,0,CONCEPT_NOT_FIT_VALIDATED
DUC-B-03126,p6-3x2,Yellow,#F4EE2A,38,3126,60.0,-3.0,136.8,0,CONCEPT_NOT_FIT_VALIDATED
DUC-B-03127,p6-3x2,Yellow,#F4EE2A,38,3127,60.0,9.0,136.8,0,CONCEPT_NOT_FIT_VALIDATED
DUC-B-03128,p6-2x2,Yellow,#F4EE2A,38,3128,57.0,21.0,136.8,0,CONCEPT_NOT_FIT_VALIDATED
DUC-B-03129,p6-1x1,Yellow,#F4EE2A,38,3129,54.0,30.0,136.8,0,CONCEPT_NOT_FIT_VALIDATED
DUC-B-03130,p6-4x2,Yellow,#F4EE2A,39,3130,-27.0,-57.0,140.4,90,CONCEPT_NOT_FIT_VALIDATED
DUC-B-03131,p6-4x2,Yellow,#F4EE2A,39,3131,-15.0,-57.0,140.4,90,CONCEPT_NOT_FIT_VALIDATED
DUC-B-03132,p6-4x2,Yellow,#F4EE2A,39,3132,-3.0,-57.0,140.4,90,CONCEPT_NOT_FIT_VALIDATED
DUC-B-03133,p6-4x2,Yellow,#F4EE2A,39,3133,9.0,-57.0,140.4,90,CONCEPT_NOT_FIT_VALIDATED
DUC-B-03134,p6-4x2,Yellow,#F4EE2A,39,3134,21.0,-57.0,140.4,90,CONCEPT_NOT_FIT_VALIDATED
DUC-B-03135,p6-4x1,Yellow,#F4EE2A,39,3135,30.0,-57.0,140.4,90,CONCEPT_NOT_FIT_VALIDATED
DUC-B-03136,p6-3x2,Yellow,#F4EE2A,39,3136,-39.0,-54.0,140.4,90,CONCEPT_NOT_FIT_VALIDATED
DUC-B-03137,p6-3x1,Yellow,#F4EE2A,39,3137,36.0,-54.0,140.4,90,CONCEPT_NOT_FIT_VALIDATED
DUC-B-03138,p6-3x1,Yellow,#F4EE2A,39,3138,42.0,-54.0,140.4,90,CONCEPT_NOT_FIT_VALIDATED
DUC-B-03139,p6-2x1,Yellow,#F4EE2A,39,3139,-48.0,-51.0,140.4,90,CONCEPT_NOT_FIT_VALIDATED
DUC-B-03140,p6-2x1,Yellow,#F4EE2A,39,3140,48.0,-51.0,140.4,90,CONCEPT_NOT_FIT_VALIDATED
DUC-B-03141,p6-1x1,Yellow,#F4EE2A,39,3141,-54.0,-48.0,140.4,0,CONCEPT_NOT_FIT_VALIDATED
DUC-B-03142,p6-1x1,Yellow,#F4EE2A,39,3142,54.0,-48.0,140.4,0,CONCEPT_NOT_FIT_VALIDATED
DUC-B-03143,p6-4x1,Yellow,#F4EE2A,39,3143,-60.0,-33.0,140.4,90,CONCEPT_NOT_FIT_VALIDATED
DUC-B-03144,p6-4x2,Yellow,#F4EE2A,39,3144,-51.0,-33.0,140.4,90,CONCEPT_NOT_FIT_VALIDATED
DUC-B-03145,p6-4x2,Yellow,#F4EE2A,39,3145,-39.0,-33.0,140.4,90,CONCEPT_NOT_FIT_VALIDATED
DUC-B-03146,p6-4x2,Yellow,#F4EE2A,39,3146,-27.0,-33.0,140.4,90,CONCEPT_NOT_FIT_VALIDATED
DUC-B-03147,p6-4x2,Yellow,#F4EE2A,39,3147,-15.0,-33.0,140.4,90,CONCEPT_NOT_FIT_VALIDATED
DUC-B-03148,p6-4x2,Yellow,#F4EE2A,39,3148,-3.0,-33.0,140.4,90,CONCEPT_NOT_FIT_VALIDATED
DUC-B-03149,p6-4x2,Yellow,#F4EE2A,39,3149,9.0,-33.0,140.4,90,CONCEPT_NOT_FIT_VALIDATED
DUC-B-03150,p6-4x2,Yellow,#F4EE2A,39,3150,21.0,-33.0,140.4,90,CONCEPT_NOT_FIT_VALIDATED
DUC-B-03151,p6-4x2,Yellow,#F4EE2A,39,3151,33.0,-33.0,140.4,90,CONCEPT_NOT_FIT_VALIDATED
DUC-B-03152,p6-4x2,Yellow,#F4EE2A,39,3152,45.0,-33.0,140.4,90,CONCEPT_NOT_FIT_VALIDATED
DUC-B-03153,p6-4x2,Yellow,#F4EE2A,39,3153,57.0,-33.0,140.4,90,CONCEPT_NOT_FIT_VALIDATED
DUC-B-03154,p6-1x1,Yellow,#F4EE2A,39,3154,-66.0,-24.0,140.4,0,CONCEPT_NOT_FIT_VALIDATED
DUC-B-03155,p6-1x1,Yellow,#F4EE2A,39,3155,66.0,-24.0,140.4,0,CONCEPT_NOT_FIT_VALIDATED
DUC-B-03156,p6-4x2,Yellow,#F4EE2A,39,3156,-63.0,-9.0,140.4,90,CONCEPT_NOT_FIT_VALIDATED
DUC-B-03157,p6-4x2,Yellow,#F4EE2A,39,3157,-51.0,-9.0,140.4,90,CONCEPT_NOT_FIT_VALIDATED
DUC-B-03158,p6-4x2,Yellow,#F4EE2A,39,3158,-39.0,-9.0,140.4,90,CONCEPT_NOT_FIT_VALIDATED
DUC-B-03159,p6-4x2,Yellow,#F4EE2A,39,3159,-27.0,-9.0,140.4,90,CONCEPT_NOT_FIT_VALIDATED
DUC-B-03160,p6-4x2,Yellow,#F4EE2A,39,3160,-15.0,-9.0,140.4,90,CONCEPT_NOT_FIT_VALIDATED
DUC-B-03161,p6-4x2,Yellow,#F4EE2A,39,3161,-3.0,-9.0,140.4,90,CONCEPT_NOT_FIT_VALIDATED
DUC-B-03162,p6-4x2,Yellow,#F4EE2A,39,3162,9.0,-9.0,140.4,90,CONCEPT_NOT_FIT_VALIDATED
DUC-B-03163,p6-4x2,Yellow,#F4EE2A,39,3163,21.0,-9.0,140.4,90,CONCEPT_NOT_FIT_VALIDATED
DUC-B-03164,p6-4x2,Yellow,#F4EE2A,39,3164,33.0,-9.0,140.4,90,CONCEPT_NOT_FIT_VALIDATED
DUC-B-03165,p6-4x2,Yellow,#F4EE2A,39,3165,45.0,-9.0,140.4,90,CONCEPT_NOT_FIT_VALIDATED
DUC-B-03166,p6-4x2,Yellow,#F4EE2A,39,3166,57.0,-9.0,140.4,90,CONCEPT_NOT_FIT_VALIDATED
DUC-B-03167,p6-4x1,Yellow,#F4EE2A,39,3167,66.0,-9.0,140.4,90,CONCEPT_NOT_FIT_VALIDATED
DUC-B-03168,p6-2x1,Yellow,#F4EE2A,39,3168,-63.0,6.0,140.4,0,CONCEPT_NOT_FIT_VALIDATED
DUC-B-03169,p6-4x2,Yellow,#F4EE2A,39,3169,-51.0,15.0,140.4,90,CONCEPT_NOT_FIT_VALIDATED
DUC-B-03170,p6-4x2,Yellow,#F4EE2A,39,3170,-39.0,15.0,140.4,90,CONCEPT_NOT_FIT_VALIDATED
DUC-B-03171,p6-4x2,Yellow,#F4EE2A,39,3171,-27.0,15.0,140.4,90,CONCEPT_NOT_FIT_VALIDATED
DUC-B-03172,p6-4x2,Yellow,#F4EE2A,39,3172,-15.0,15.0,140.4,90,CONCEPT_NOT_FIT_VALIDATED
DUC-B-03173,p6-4x2,Yellow,#F4EE2A,39,3173,-3.0,15.0,140.4,90,CONCEPT_NOT_FIT_VALIDATED
DUC-B-03174,p6-4x2,Yellow,#F4EE2A,39,3174,9.0,15.0,140.4,90,CONCEPT_NOT_FIT_VALIDATED
DUC-B-03175,p6-4x2,Yellow,#F4EE2A,39,3175,21.0,15.0,140.4,90,CONCEPT_NOT_FIT_VALIDATED
DUC-B-03176,p6-4x2,Yellow,#F4EE2A,39,3176,33.0,15.0,140.4,90,CONCEPT_NOT_FIT_VALIDATED
DUC-B-03177,p6-4x2,Yellow,#F4EE2A,39,3177,45.0,15.0,140.4,90,CONCEPT_NOT_FIT_VALIDATED
DUC-B-03178,p6-4x2,Yellow,#F4EE2A,39,3178,57.0,15.0,140.4,90,CONCEPT_NOT_FIT_VALIDATED
DUC-B-03179,p6-1x1,Yellow,#F4EE2A,39,3179,66.0,6.0,140.4,0,CONCEPT_NOT_FIT_VALIDATED
DUC-B-03180,p6-3x1,Yellow,#F4EE2A,39,3180,-60.0,18.0,140.4,90,CONCEPT_NOT_FIT_VALIDATED
DUC-B-03181,p6-2x1,Yellow,#F4EE2A,39,3181,-51.0,30.0,140.4,0,CONCEPT_NOT_FIT_VALIDATED
DUC-B-03182,p6-3x2,Yellow,#F4EE2A,39,3182,-39.0,36.0,140.4,90,CONCEPT_NOT_FIT_VALIDATED
DUC-B-03183,p6-4x2,Yellow,#F4EE2A,39,3183,-27.0,39.0,140.4,90,CONCEPT_NOT_FIT_VALIDATED
DUC-B-03184,p6-4x2,Yellow,#F4EE2A,39,3184,-15.0,39.0,140.4,90,CONCEPT_NOT_FIT_VALIDATED
DUC-B-03185,p6-4x2,Yellow,#F4EE2A,39,3185,-3.0,39.0,140.4,90,CONCEPT_NOT_FIT_VALIDATED
DUC-B-03186,p6-4x2,Yellow,#F4EE2A,39,3186,9.0,39.0,140.4,90,CONCEPT_NOT_FIT_VALIDATED
DUC-B-03187,p6-4x2,Yellow,#F4EE2A,39,3187,21.0,39.0,140.4,90,CONCEPT_NOT_FIT_VALIDATED
DUC-B-03188,p6-4x2,Yellow,#F4EE2A,39,3188,33.0,39.0,140.4,90,CONCEPT_NOT_FIT_VALIDATED
DUC-B-03189,p6-2x2,Yellow,#F4EE2A,39,3189,45.0,33.0,140.4,0,CONCEPT_NOT_FIT_VALIDATED
DUC-B-03190,p6-1x1,Yellow,#F4EE2A,39,3190,54.0,30.0,140.4,0,CONCEPT_NOT_FIT_VALIDATED
DUC-B-03191,p6-1x1,Yellow,#F4EE2A,39,3191,-48.0,36.0,140.4,0,CONCEPT_NOT_FIT_VALIDATED
DUC-B-03192,p6-1x1,Yellow,#F4EE2A,39,3192,42.0,42.0,140.4,0,CONCEPT_NOT_FIT_VALIDATED
DUC-B-03193,p6-1x1,Yellow,#F4EE2A,39,3193,-36.0,48.0,140.4,0,CONCEPT_NOT_FIT_VALIDATED
DUC-B-03194,p6-2x1,Yellow,#F4EE2A,39,3194,-15.0,54.0,140.4,0,CONCEPT_NOT_FIT_VALIDATED
DUC-B-03195,p6-2x1,Yellow,#F4EE2A,39,3195,-3.0,54.0,140.4,0,CONCEPT_NOT_FIT_VALIDATED
DUC-B-03196,p6-2x1,Yellow,#F4EE2A,39,3196,9.0,54.0,140.4,0,CONCEPT_NOT_FIT_VALIDATED
DUC-B-03197,p6-1x1,Yellow,#F4EE2A,39,3197,18.0,54.0,140.4,0,CONCEPT_NOT_FIT_VALIDATED
DUC-B-03198,p6-3x1,Yellow,#F4EE2A,40,3198,-60.0,-18.0,144.0,0,CONCEPT_NOT_FIT_VALIDATED
DUC-B-03199,p6-3x2,Yellow,#F4EE2A,40,3199,-60.0,-9.0,144.0,0,CONCEPT_NOT_FIT_VALIDATED
DUC-B-03200,p6-3x1,Yellow,#F4EE2A,40,3200,-60.0,0.0,144.0,0,CONCEPT_NOT_FIT_VALIDATED
DUC-B-03201,p6-2x2,Yellow,#F4EE2A,40,3201,-57.0,-33.0,144.0,0,CONCEPT_NOT_FIT_VALIDATED
DUC-B-03202,p6-2x1,Yellow,#F4EE2A,40,3202,-57.0,-24.0,144.0,0,CONCEPT_NOT_FIT_VALIDATED
DUC-B-03203,p6-2x1,Yellow,#F4EE2A,40,3203,-57.0,6.0,144.0,0,CONCEPT_NOT_FIT_VALIDATED
DUC-B-03204,p6-2x2,Yellow,#F4EE2A,40,3204,-57.0,15.0,144.0,0,CONCEPT_NOT_FIT_VALIDATED
DUC-B-03205,p6-2x1,Yellow,#F4EE2A,40,3205,-54.0,-45.0,144.0,90,CONCEPT_NOT_FIT_VALIDATED
DUC-B-03206,p6-2x1,Yellow,#F4EE2A,40,3206,-54.0,27.0,144.0,90,CONCEPT_NOT_FIT_VALIDATED
DUC-B-03207,p6-4x2,Yellow,#F4EE2A,40,3207,-39.0,-45.0,144.0,0,CONCEPT_NOT_FIT_VALIDATED
DUC-B-03208,p6-4x2,Yellow,#F4EE2A,40,3208,-39.0,-33.0,144.0,0,CONCEPT_NOT_FIT_VALIDATED
DUC-B-03209,p6-4x2,Yellow,#F4EE2A,40,3209,-39.0,-21.0,144.0,0,CONCEPT_NOT_FIT_VALIDATED
DUC-B-03210,p6-4x2,Yellow,#F4EE2A,40,3210,-39.0,-9.0,144.0,0,CONCEPT_NOT_FIT_VALIDATED
DUC-B-03211,p6-4x2,Yellow,#F4EE2A,40,3211,-39.0,3.0,144.0,0,CONCEPT_NOT_FIT_VALIDATED
DUC-B-03212,p6-4x2,Yellow,#F4EE2A,40,3212,-39.0,15.0,144.0,0,CONCEPT_NOT_FIT_VALIDATED
DUC-B-03213,p6-4x2,Yellow,#F4EE2A,40,3213,-39.0,27.0,144.0,0,CONCEPT_NOT_FIT_VALIDATED
DUC-B-03214,p6-4x1,Yellow,#F4EE2A,40,3214,-39.0,36.0,144.0,0,CONCEPT_NOT_FIT_VALIDATED
DUC-B-03215,p6-3x1,Yellow,#F4EE2A,40,3215,-36.0,-54.0,144.0,0,CONCEPT_NOT_FIT_VALIDATED
DUC-B-03216,p6-3x1,Yellow,#F4EE2A,40,3216,-36.0,42.0,144.0,0,CONCEPT_NOT_FIT_VALIDATED
DUC-B-03217,p6-2x1,Yellow,#F4EE2A,40,3217,-33.0,-60.0,144.0,0,CONCEPT_NOT_FIT_VALIDATED
DUC-B-03218,p6-1x1,Yellow,#F4EE2A,40,3218,-30.0,48.0,144.0,0,CONCEPT_NOT_FIT_VALIDATED
DUC-B-03219,p6-4x1,Yellow,#F4EE2A,40,3219,-15.0,-66.0,144.0,0,CONCEPT_NOT_FIT_VALIDATED
DUC-B-03220,p6-4x2,Yellow,#F4EE2A,40,3220,-15.0,-57.0,144.0,0,CONCEPT_NOT_FIT_VALIDATED
DUC-B-03221,p6-4x2,Yellow,#F4EE2A,40,3221,-15.0,-45.0,144.0,0,CONCEPT_NOT_FIT_VALIDATED
DUC-B-03222,p6-4x2,Yellow,#F4EE2A,40,3222,-15.0,-33.0,144.0,0,CONCEPT_NOT_FIT_VALIDATED
DUC-B-03223,p6-4x2,Yellow,#F4EE2A,40,3223,-15.0,-21.0,144.0,0,CONCEPT_NOT_FIT_VALIDATED
DUC-B-03224,p6-4x2,Yellow,#F4EE2A,40,3224,-15.0,-9.0,144.0,0,CONCEPT_NOT_FIT_VALIDATED
DUC-B-03225,p6-4x2,Yellow,#F4EE2A,40,3225,-15.0,3.0,144.0,0,CONCEPT_NOT_FIT_VALIDATED
DUC-B-03226,p6-4x2,Yellow,#F4EE2A,40,3226,-15.0,15.0,144.0,0,CONCEPT_NOT_FIT_VALIDATED
DUC-B-03227,p6-4x2,Yellow,#F4EE2A,40,3227,-15.0,27.0,144.0,0,CONCEPT_NOT_FIT_VALIDATED
DUC-B-03228,p6-4x2,Yellow,#F4EE2A,40,3228,-15.0,39.0,144.0,0,CONCEPT_NOT_FIT_VALIDATED
DUC-B-03229,p6-4x1,Yellow,#F4EE2A,40,3229,-15.0,48.0,144.0,0,CONCEPT_NOT_FIT_VALIDATED
DUC-B-03230,p6-3x1,Yellow,#F4EE2A,40,3230,-12.0,54.0,144.0,0,CONCEPT_NOT_FIT_VALIDATED
DUC-B-03231,p6-4x1,Yellow,#F4EE2A,40,3231,9.0,-66.0,144.0,0,CONCEPT_NOT_FIT_VALIDATED
DUC-B-03232,p6-4x2,Yellow,#F4EE2A,40,3232,9.0,-57.0,144.0,0,CONCEPT_NOT_FIT_VALIDATED
DUC-B-03233,p6-4x2,Yellow,#F4EE2A,40,3233,9.0,-45.0,144.0,0,CONCEPT_NOT_FIT_VALIDATED
DUC-B-03234,p6-4x2,Yellow,#F4EE2A,40,3234,9.0,-33.0,144.0,0,CONCEPT_NOT_FIT_VALIDATED
DUC-B-03235,p6-4x2,Yellow,#F4EE2A,40,3235,9.0,-21.0,144.0,0,CONCEPT_NOT_FIT_VALIDATED
DUC-B-03236,p6-4x2,Yellow,#F4EE2A,40,3236,9.0,-9.0,144.0,0,CONCEPT_NOT_FIT_VALIDATED
DUC-B-03237,p6-4x2,Yellow,#F4EE2A,40,3237,9.0,3.0,144.0,0,CONCEPT_NOT_FIT_VALIDATED
DUC-B-03238,p6-4x2,Yellow,#F4EE2A,40,3238,9.0,15.0,144.0,0,CONCEPT_NOT_FIT_VALIDATED
DUC-B-03239,p6-4x2,Yellow,#F4EE2A,40,3239,9.0,27.0,144.0,0,CONCEPT_NOT_FIT_VALIDATED
DUC-B-03240,p6-4x2,Yellow,#F4EE2A,40,3240,9.0,39.0,144.0,0,CONCEPT_NOT_FIT_VALIDATED
DUC-B-03241,p6-4x2,Yellow,#F4EE2A,40,3241,9.0,51.0,144.0,0,CONCEPT_NOT_FIT_VALIDATED
DUC-B-03242,p6-1x1,Yellow,#F4EE2A,40,3242,24.0,-66.0,144.0,0,CONCEPT_NOT_FIT_VALIDATED
DUC-B-03243,p6-3x2,Yellow,#F4EE2A,40,3243,30.0,-57.0,144.0,0,CONCEPT_NOT_FIT_VALIDATED
DUC-B-03244,p6-4x2,Yellow,#F4EE2A,40,3244,33.0,-45.0,144.0,0,CONCEPT_NOT_FIT_VALIDATED
DUC-B-03245,p6-4x2,Yellow,#F4EE2A,40,3245,33.0,-33.0,144.0,0,CONCEPT_NOT_FIT_VALIDATED
DUC-B-03246,p6-4x2,Yellow,#F4EE2A,40,3246,33.0,-21.0,144.0,0,CONCEPT_NOT_FIT_VALIDATED
DUC-B-03247,p6-4x2,Yellow,#F4EE2A,40,3247,33.0,-9.0,144.0,0,CONCEPT_NOT_FIT_VALIDATED
DUC-B-03248,p6-4x2,Yellow,#F4EE2A,40,3248,33.0,3.0,144.0,0,CONCEPT_NOT_FIT_VALIDATED
DUC-B-03249,p6-4x2,Yellow,#F4EE2A,40,3249,33.0,15.0,144.0,0,CONCEPT_NOT_FIT_VALIDATED
DUC-B-03250,p6-4x2,Yellow,#F4EE2A,40,3250,33.0,27.0,144.0,0,CONCEPT_NOT_FIT_VALIDATED
DUC-B-03251,p6-4x2,Yellow,#F4EE2A,40,3251,33.0,39.0,144.0,0,CONCEPT_NOT_FIT_VALIDATED
DUC-B-03252,p6-2x1,Yellow,#F4EE2A,40,3252,27.0,48.0,144.0,0,CONCEPT_NOT_FIT_VALIDATED
DUC-B-03253,p6-1x1,Yellow,#F4EE2A,40,3253,42.0,-54.0,144.0,0,CONCEPT_NOT_FIT_VALIDATED
DUC-B-03254,p6-2x2,Yellow,#F4EE2A,40,3254,51.0,-45.0,144.0,0,CONCEPT_NOT_FIT_VALIDATED
DUC-B-03255,p6-3x2,Yellow,#F4EE2A,40,3255,54.0,-33.0,144.0,0,CONCEPT_NOT_FIT_VALIDATED
DUC-B-03256,p6-3x2,Yellow,#F4EE2A,40,3256,54.0,-21.0,144.0,0,CONCEPT_NOT_FIT_VALIDATED
DUC-B-03257,p6-4x2,Yellow,#F4EE2A,40,3257,57.0,-9.0,144.0,0,CONCEPT_NOT_FIT_VALIDATED
DUC-B-03258,p6-3x2,Yellow,#F4EE2A,40,3258,54.0,3.0,144.0,0,CONCEPT_NOT_FIT_VALIDATED
DUC-B-03259,p6-3x2,Yellow,#F4EE2A,40,3259,54.0,15.0,144.0,0,CONCEPT_NOT_FIT_VALIDATED
DUC-B-03260,p6-2x2,Yellow,#F4EE2A,40,3260,51.0,27.0,144.0,0,CONCEPT_NOT_FIT_VALIDATED
DUC-B-03261,p6-1x1,Yellow,#F4EE2A,40,3261,48.0,36.0,144.0,0,CONCEPT_NOT_FIT_VALIDATED
DUC-B-03262,p6-1x1,Yellow,#F4EE2A,40,3262,66.0,-18.0,144.0,0,CONCEPT_NOT_FIT_VALIDATED
DUC-B-03263,p6-1x1,Yellow,#F4EE2A,40,3263,66.0,0.0,144.0,0,CONCEPT_NOT_FIT_VALIDATED
DUC-B-03264,p6-3x1,Yellow,#F4EE2A,41,3264,-18.0,-60.0,147.6,90,CONCEPT_NOT_FIT_VALIDATED
DUC-B-03265,p6-3x2,Yellow,#F4EE2A,41,3265,-9.0,-60.0,147.6,90,CONCEPT_NOT_FIT_VALIDATED
DUC-B-03266,p6-3x2,Yellow,#F4EE2A,41,3266,3.0,-60.0,147.6,90,CONCEPT_NOT_FIT_VALIDATED
DUC-B-03267,p6-3x2,Yellow,#F4EE2A,41,3267,15.0,-60.0,147.6,90,CONCEPT_NOT_FIT_VALIDATED
DUC-B-03268,p6-2x2,Yellow,#F4EE2A,41,3268,-33.0,-57.0,147.6,0,CONCEPT_NOT_FIT_VALIDATED
DUC-B-03269,p6-2x1,Yellow,#F4EE2A,41,3269,-24.0,-57.0,147.6,90,CONCEPT_NOT_FIT_VALIDATED
DUC-B-03270,p6-2x2,Yellow,#F4EE2A,41,3270,27.0,-57.0,147.6,0,CONCEPT_NOT_FIT_VALIDATED
DUC-B-03271,p6-2x1,Yellow,#F4EE2A,41,3271,36.0,-57.0,147.6,90,CONCEPT_NOT_FIT_VALIDATED
DUC-B-03272,p6-1x1,Yellow,#F4EE2A,41,3272,-42.0,-54.0,147.6,0,CONCEPT_NOT_FIT_VALIDATED
DUC-B-03273,p6-1x1,Yellow,#F4EE2A,41,3273,42.0,-54.0,147.6,0,CONCEPT_NOT_FIT_VALIDATED
DUC-B-03274,p6-4x2,Yellow,#F4EE2A,41,3274,-45.0,-39.0,147.6,90,CONCEPT_NOT_FIT_VALIDATED
DUC-B-03275,p6-4x2,Yellow,#F4EE2A,41,3275,-33.0,-39.0,147.6,90,CONCEPT_NOT_FIT_VALIDATED
DUC-B-03276,p6-4x2,Yellow,#F4EE2A,41,3276,-21.0,-39.0,147.6,90,CONCEPT_NOT_FIT_VALIDATED
DUC-B-03277,p6-4x2,Yellow,#F4EE2A,41,3277,-9.0,-39.0,147.6,90,CONCEPT_NOT_FIT_VALIDATED
DUC-B-03278,p6-4x2,Yellow,#F4EE2A,41,3278,3.0,-39.0,147.6,90,CONCEPT_NOT_FIT_VALIDATED
DUC-B-03279,p6-4x2,Yellow,#F4EE2A,41,3279,15.0,-39.0,147.6,90,CONCEPT_NOT_FIT_VALIDATED
DUC-B-03280,p6-4x2,Yellow,#F4EE2A,41,3280,27.0,-39.0,147.6,90,CONCEPT_NOT_FIT_VALIDATED
DUC-B-03281,p6-4x2,Yellow,#F4EE2A,41,3281,39.0,-39.0,147.6,90,CONCEPT_NOT_FIT_VALIDATED
DUC-B-03282,p6-4x1,Yellow,#F4EE2A,41,3282,48.0,-39.0,147.6,90,CONCEPT_NOT_FIT_VALIDATED
DUC-B-03283,p6-3x1,Yellow,#F4EE2A,41,3283,-54.0,-36.0,147.6,90,CONCEPT_NOT_FIT_VALIDATED
DUC-B-03284,p6-3x1,Yellow,#F4EE2A,41,3284,54.0,-36.0,147.6,90,CONCEPT_NOT_FIT_VALIDATED
DUC-B-03285,p6-2x1,Yellow,#F4EE2A,41,3285,60.0,-33.0,147.6,90,CONCEPT_NOT_FIT_VALIDATED
DUC-B-03286,p6-1x1,Yellow,#F4EE2A,41,3286,-60.0,-30.0,147.6,0,CONCEPT_NOT_FIT_VALIDATED
DUC-B-03287,p6-4x2,Yellow,#F4EE2A,41,3287,-57.0,-15.0,147.6,90,CONCEPT_NOT_FIT_VALIDATED
DUC-B-03288,p6-4x2,Yellow,#F4EE2A,41,3288,-45.0,-15.0,147.6,90,CONCEPT_NOT_FIT_VALIDATED
DUC-B-03289,p6-4x2,Yellow,#F4EE2A,41,3289,-33.0,-15.0,147.6,90,CONCEPT_NOT_FIT_VALIDATED
DUC-B-03290,p6-4x2,Yellow,#F4EE2A,41,3290,-21.0,-15.0,147.6,90,CONCEPT_NOT_FIT_VALIDATED
DUC-B-03291,p6-4x2,Yellow,#F4EE2A,41,3291,-9.0,-15.0,147.6,90,CONCEPT_NOT_FIT_VALIDATED
DUC-B-03292,p6-4x2,Yellow,#F4EE2A,41,3292,3.0,-15.0,147.6,90,CONCEPT_NOT_FIT_VALIDATED
DUC-B-03293,p6-4x2,Yellow,#F4EE2A,41,3293,15.0,-15.0,147.6,90,CONCEPT_NOT_FIT_VALIDATED
DUC-B-03294,p6-4x2,Yellow,#F4EE2A,41,3294,27.0,-15.0,147.6,90,CONCEPT_NOT_FIT_VALIDATED
DUC-B-03295,p6-4x2,Yellow,#F4EE2A,41,3295,39.0,-15.0,147.6,90,CONCEPT_NOT_FIT_VALIDATED
DUC-B-03296,p6-4x2,Yellow,#F4EE2A,41,3296,51.0,-15.0,147.6,90,CONCEPT_NOT_FIT_VALIDATED
DUC-B-03297,p6-4x1,Yellow,#F4EE2A,41,3297,60.0,-15.0,147.6,90,CONCEPT_NOT_FIT_VALIDATED
DUC-B-03298,p6-4x2,Yellow,#F4EE2A,41,3298,-57.0,9.0,147.6,90,CONCEPT_NOT_FIT_VALIDATED
DUC-B-03299,p6-4x2,Yellow,#F4EE2A,41,3299,-45.0,9.0,147.6,90,CONCEPT_NOT_FIT_VALIDATED
DUC-B-03300,p6-4x2,Yellow,#F4EE2A,41,3300,-33.0,9.0,147.6,90,CONCEPT_NOT_FIT_VALIDATED
DUC-B-03301,p6-4x2,Yellow,#F4EE2A,41,3301,-21.0,9.0,147.6,90,CONCEPT_NOT_FIT_VALIDATED
DUC-B-03302,p6-4x2,Yellow,#F4EE2A,41,3302,-9.0,9.0,147.6,90,CONCEPT_NOT_FIT_VALIDATED
DUC-B-03303,p6-4x2,Yellow,#F4EE2A,41,3303,3.0,9.0,147.6,90,CONCEPT_NOT_FIT_VALIDATED
DUC-B-03304,p6-4x2,Yellow,#F4EE2A,41,3304,15.0,9.0,147.6,90,CONCEPT_NOT_FIT_VALIDATED
DUC-B-03305,p6-4x2,Yellow,#F4EE2A,41,3305,27.0,9.0,147.6,90,CONCEPT_NOT_FIT_VALIDATED
DUC-B-03306,p6-4x2,Yellow,#F4EE2A,41,3306,39.0,9.0,147.6,90,CONCEPT_NOT_FIT_VALIDATED
DUC-B-03307,p6-4x2,Yellow,#F4EE2A,41,3307,51.0,9.0,147.6,90,CONCEPT_NOT_FIT_VALIDATED
DUC-B-03308,p6-3x1,Yellow,#F4EE2A,41,3308,60.0,6.0,147.6,90,CONCEPT_NOT_FIT_VALIDATED
DUC-B-03309,p6-1x1,Yellow,#F4EE2A,41,3309,-54.0,24.0,147.6,0,CONCEPT_NOT_FIT_VALIDATED
DUC-B-03310,p6-2x2,Yellow,#F4EE2A,41,3310,-45.0,27.0,147.6,0,CONCEPT_NOT_FIT_VALIDATED
DUC-B-03311,p6-4x2,Yellow,#F4EE2A,41,3311,-33.0,33.0,147.6,90,CONCEPT_NOT_FIT_VALIDATED
DUC-B-03312,p6-4x2,Yellow,#F4EE2A,41,3312,-21.0,33.0,147.6,90,CONCEPT_NOT_FIT_VALIDATED
DUC-B-03313,p6-4x2,Yellow,#F4EE2A,41,3313,-9.0,33.0,147.6,90,CONCEPT_NOT_FIT_VALIDATED
DUC-B-03314,p6-4x2,Yellow,#F4EE2A,41,3314,3.0,33.0,147.6,90,CONCEPT_NOT_FIT_VALIDATED
DUC-B-03315,p6-4x2,Yellow,#F4EE2A,41,3315,15.0,33.0,147.6,90,CONCEPT_NOT_FIT_VALIDATED
DUC-B-03316,p6-4x2,Yellow,#F4EE2A,41,3316,27.0,33.0,147.6,90,CONCEPT_NOT_FIT_VALIDATED
DUC-B-03317,p6-3x2,Yellow,#F4EE2A,41,3317,39.0,30.0,147.6,90,CONCEPT_NOT_FIT_VALIDATED
DUC-B-03318,p6-2x1,Yellow,#F4EE2A,41,3318,48.0,27.0,147.6,90,CONCEPT_NOT_FIT_VALIDATED
DUC-B-03319,p6-1x1,Yellow,#F4EE2A,41,3319,54.0,24.0,147.6,0,CONCEPT_NOT_FIT_VALIDATED
DUC-B-03320,p6-1x1,Yellow,#F4EE2A,41,3320,-42.0,36.0,147.6,0,CONCEPT_NOT_FIT_VALIDATED
DUC-B-03321,p6-1x1,Yellow,#F4EE2A,41,3321,36.0,42.0,147.6,0,CONCEPT_NOT_FIT_VALIDATED
DUC-B-03322,p6-1x1,Yellow,#F4EE2A,41,3322,-30.0,48.0,147.6,0,CONCEPT_NOT_FIT_VALIDATED
DUC-B-03323,p6-2x1,Yellow,#F4EE2A,41,3323,-21.0,48.0,147.6,0,CONCEPT_NOT_FIT_VALIDATED
DUC-B-03324,p6-2x1,Yellow,#F4EE2A,41,3324,-9.0,48.0,147.6,0,CONCEPT_NOT_FIT_VALIDATED
DUC-B-03325,p6-2x1,Yellow,#F4EE2A,41,3325,3.0,48.0,147.6,0,CONCEPT_NOT_FIT_VALIDATED
DUC-B-03326,p6-2x1,Yellow,#F4EE2A,41,3326,15.0,48.0,147.6,0,CONCEPT_NOT_FIT_VALIDATED
DUC-B-03327,p6-2x1,Yellow,#F4EE2A,41,3327,27.0,48.0,147.6,0,CONCEPT_NOT_FIT_VALIDATED
DUC-B-03328,p6-1x1,Yellow,#F4EE2A,42,3328,-60.0,-24.0,151.2,0,CONCEPT_NOT_FIT_VALIDATED
DUC-B-03329,p6-2x1,Yellow,#F4EE2A,42,3329,-60.0,-15.0,151.2,90,CONCEPT_NOT_FIT_VALIDATED
DUC-B-03330,p6-2x1,Yellow,#F4EE2A,42,3330,-60.0,-3.0,151.2,90,CONCEPT_NOT_FIT_VALIDATED
DUC-B-03331,p6-2x1,Yellow,#F4EE2A,42,3331,-60.0,9.0,151.2,90,CONCEPT_NOT_FIT_VALIDATED
DUC-B-03332,p6-4x1,Yellow,#F4EE2A,42,3332,-45.0,-36.0,151.2,0,CONCEPT_NOT_FIT_VALIDATED
DUC-B-03333,p6-4x2,Yellow,#F4EE2A,42,3333,-45.0,-27.0,151.2,0,CONCEPT_NOT_FIT_VALIDATED
DUC-B-03334,p6-4x2,Yellow,#F4EE2A,42,3334,-45.0,-15.0,151.2,0,CONCEPT_NOT_FIT_VALIDATED
DUC-B-03335,p6-4x2,Yellow,#F4EE2A,42,3335,-45.0,-3.0,151.2,0,CONCEPT_NOT_FIT_VALIDATED
DUC-B-03336,p6-4x2,Yellow,#F4EE2A,42,3336,-45.0,9.0,151.2,0,CONCEPT_NOT_FIT_VALIDATED
DUC-B-03337,p6-4x2,Yellow,#F4EE2A,42,3337,-45.0,21.0,151.2,0,CONCEPT_NOT_FIT_VALIDATED
DUC-B-03338,p6-3x1,Yellow,#F4EE2A,42,3338,-42.0,-48.0,151.2,0,CONCEPT_NOT_FIT_VALIDATED
DUC-B-03339,p6-3x1,Yellow,#F4EE2A,42,3339,-42.0,-42.0,151.2,0,CONCEPT_NOT_FIT_VALIDATED
DUC-B-03340,p6-3x1,Yellow,#F4EE2A,42,3340,-42.0,30.0,151.2,0,CONCEPT_NOT_FIT_VALIDATED
DUC-B-03341,p6-2x1,Yellow,#F4EE2A,42,3341,-39.0,36.0,151.2,0,CONCEPT_NOT_FIT_VALIDATED
DUC-B-03342,p6-1x1,Yellow,#F4EE2A,42,3342,-36.0,-54.0,151.2,0,CONCEPT_NOT_FIT_VALIDATED
DUC-B-03343,p6-4x1,Yellow,#F4EE2A,42,3343,-21.0,-60.0,151.2,0,CONCEPT_NOT_FIT_VALIDATED
DUC-B-03344,p6-4x2,Yellow,#F4EE2A,42,3344,-21.0,-51.0,151.2,0,CONCEPT_NOT_FIT_VALIDATED
DUC-B-03345,p6-4x2,Yellow,#F4EE2A,42,3345,-21.0,-39.0,151.2,0,CONCEPT_NOT_FIT_VALIDATED
DUC-B-03346,p6-4x2,Yellow,#F4EE2A,42,3346,-21.0,-27.0,151.2,0,CONCEPT_NOT_FIT_VALIDATED
DUC-B-03347,p6-4x2,Yellow,#F4EE2A,42,3347,-21.0,-15.0,151.2,0,CONCEPT_NOT_FIT_VALIDATED
DUC-B-03348,p6-4x2,Yellow,#F4EE2A,42,3348,-21.0,-3.0,151.2,0,CONCEPT_NOT_FIT_VALIDATED
DUC-B-03349,p6-4x2,Yellow,#F4EE2A,42,3349,-21.0,9.0,151.2,0,CONCEPT_NOT_FIT_VALIDATED
DUC-B-03350,p6-4x2,Yellow,#F4EE2A,42,3350,-21.0,21.0,151.2,0,CONCEPT_NOT_FIT_VALIDATED
DUC-B-03351,p6-4x2,Yellow,#F4EE2A,42,3351,-21.0,33.0,151.2,0,CONCEPT_NOT_FIT_VALIDATED
DUC-B-03352,p6-4x1,Yellow,#F4EE2A,42,3352,-21.0,42.0,151.2,0,CONCEPT_NOT_FIT_VALIDATED
DUC-B-03353,p6-2x1,Yellow,#F4EE2A,42,3353,-15.0,48.0,151.2,0,CONCEPT_NOT_FIT_VALIDATED
DUC-B-03354,p6-3x2,Yellow,#F4EE2A,42,3354,0.0,-63.0,151.2,0,CONCEPT_NOT_FIT_VALIDATED
DUC-B-03355,p6-4x2,Yellow,#F4EE2A,42,3355,3.0,-51.0,151.2,0,CONCEPT_NOT_FIT_VALIDATED
DUC-B-03356,p6-4x2,Yellow,#F4EE2A,42,3356,3.0,-39.0,151.2,0,CONCEPT_NOT_FIT_VALIDATED
DUC-B-03357,p6-4x2,Yellow,#F4EE2A,42,3357,3.0,-27.0,151.2,0,CONCEPT_NOT_FIT_VALIDATED
DUC-B-03358,p6-4x2,Yellow,#F4EE2A,42,3358,3.0,-15.0,151.2,0,CONCEPT_NOT_FIT_VALIDATED
DUC-B-03359,p6-4x2,Yellow,#F4EE2A,42,3359,3.0,-3.0,151.2,0,CONCEPT_NOT_FIT_VALIDATED
DUC-B-03360,p6-4x2,Yellow,#F4EE2A,42,3360,3.0,9.0,151.2,0,CONCEPT_NOT_FIT_VALIDATED
DUC-B-03361,p6-4x2,Yellow,#F4EE2A,42,3361,3.0,21.0,151.2,0,CONCEPT_NOT_FIT_VALIDATED
DUC-B-03362,p6-4x2,Yellow,#F4EE2A,42,3362,3.0,33.0,151.2,0,CONCEPT_NOT_FIT_VALIDATED
DUC-B-03363,p6-4x2,Yellow,#F4EE2A,42,3363,3.0,45.0,151.2,0,CONCEPT_NOT_FIT_VALIDATED
DUC-B-03364,p6-1x1,Yellow,#F4EE2A,42,3364,12.0,-60.0,151.2,0,CONCEPT_NOT_FIT_VALIDATED
DUC-B-03365,p6-3x1,Yellow,#F4EE2A,42,3365,24.0,-60.0,151.2,0,CONCEPT_NOT_FIT_VALIDATED
DUC-B-03366,p6-4x2,Yellow,#F4EE2A,42,3366,27.0,-51.0,151.2,0,CONCEPT_NOT_FIT_VALIDATED
DUC-B-03367,p6-4x2,Yellow,#F4EE2A,42,3367,27.0,-39.0,151.2,0,CONCEPT_NOT_FIT_VALIDATED
DUC-B-03368,p6-4x2,Yellow,#F4EE2A,42,3368,27.0,-27.0,151.2,0,CONCEPT_NOT_FIT_VALIDATED
DUC-B-03369,p6-4x2,Yellow,#F4EE2A,42,3369,27.0,-15.0,151.2,0,CONCEPT_NOT_FIT_VALIDATED
DUC-B-03370,p6-4x2,Yellow,#F4EE2A,42,3370,27.0,-3.0,151.2,0,CONCEPT_NOT_FIT_VALIDATED
DUC-B-03371,p6-4x2,Yellow,#F4EE2A,42,3371,27.0,9.0,151.2,0,CONCEPT_NOT_FIT_VALIDATED
DUC-B-03372,p6-4x2,Yellow,#F4EE2A,42,3372,27.0,21.0,151.2,0,CONCEPT_NOT_FIT_VALIDATED
DUC-B-03373,p6-4x2,Yellow,#F4EE2A,42,3373,27.0,33.0,151.2,0,CONCEPT_NOT_FIT_VALIDATED
DUC-B-03374,p6-3x1,Yellow,#F4EE2A,42,3374,24.0,42.0,151.2,0,CONCEPT_NOT_FIT_VALIDATED
DUC-B-03375,p6-1x1,Yellow,#F4EE2A,42,3375,18.0,48.0,151.2,0,CONCEPT_NOT_FIT_VALIDATED
DUC-B-03376,p6-2x1,Yellow,#F4EE2A,42,3376,45.0,-48.0,151.2,0,CONCEPT_NOT_FIT_VALIDATED
DUC-B-03377,p6-2x2,Yellow,#F4EE2A,42,3377,45.0,-39.0,151.2,0,CONCEPT_NOT_FIT_VALIDATED
DUC-B-03378,p6-3x2,Yellow,#F4EE2A,42,3378,48.0,-27.0,151.2,0,CONCEPT_NOT_FIT_VALIDATED
DUC-B-03379,p6-4x2,Yellow,#F4EE2A,42,3379,51.0,-15.0,151.2,0,CONCEPT_NOT_FIT_VALIDATED
DUC-B-03380,p6-4x2,Yellow,#F4EE2A,42,3380,51.0,-3.0,151.2,0,CONCEPT_NOT_FIT_VALIDATED
DUC-B-03381,p6-4x2,Yellow,#F4EE2A,42,3381,51.0,9.0,151.2,0,CONCEPT_NOT_FIT_VALIDATED
DUC-B-03382,p6-3x2,Yellow,#F4EE2A,42,3382,48.0,21.0,151.2,0,CONCEPT_NOT_FIT_VALIDATED
DUC-B-03383,p6-2x1,Yellow,#F4EE2A,42,3383,45.0,30.0,151.2,0,CONCEPT_NOT_FIT_VALIDATED
DUC-B-03384,p6-1x1,Yellow,#F4EE2A,42,3384,42.0,36.0,151.2,0,CONCEPT_NOT_FIT_VALIDATED
DUC-B-03385,p6-1x1,Yellow,#F4EE2A,42,3385,54.0,-36.0,151.2,0,CONCEPT_NOT_FIT_VALIDATED
DUC-B-03386,p6-1x1,Yellow,#F4EE2A,42,3386,60.0,-24.0,151.2,0,CONCEPT_NOT_FIT_VALIDATED
DUC-B-03387,p6-1x1,Yellow,#F4EE2A,43,3387,-24.0,-60.0,154.8,0,CONCEPT_NOT_FIT_VALIDATED
DUC-B-03388,p6-2x1,Yellow,#F4EE2A,43,3388,-15.0,-60.0,154.8,0,CONCEPT_NOT_FIT_VALIDATED
DUC-B-03389,p6-2x1,Yellow,#F4EE2A,43,3389,-3.0,-60.0,154.8,0,CONCEPT_NOT_FIT_VALIDATED
DUC-B-03390,p6-2x1,Yellow,#F4EE2A,43,3390,9.0,-60.0,154.8,0,CONCEPT_NOT_FIT_VALIDATED
DUC-B-03391,p6-2x1,Yellow,#F4EE2A,43,3391,21.0,-60.0,154.8,0,CONCEPT_NOT_FIT_VALIDATED
DUC-B-03392,p6-4x1,Yellow,#F4EE2A,43,3392,-36.0,-45.0,154.8,90,CONCEPT_NOT_FIT_VALIDATED
DUC-B-03393,p6-4x2,Yellow,#F4EE2A,43,3393,-27.0,-45.0,154.8,90,CONCEPT_NOT_FIT_VALIDATED
DUC-B-03394,p6-4x2,Yellow,#F4EE2A,43,3394,-15.0,-45.0,154.8,90,CONCEPT_NOT_FIT_VALIDATED
DUC-B-03395,p6-4x2,Yellow,#F4EE2A,43,3395,-3.0,-45.0,154.8,90,CONCEPT_NOT_FIT_VALIDATED
DUC-B-03396,p6-4x2,Yellow,#F4EE2A,43,3396,9.0,-45.0,154.8,90,CONCEPT_NOT_FIT_VALIDATED
DUC-B-03397,p6-4x2,Yellow,#F4EE2A,43,3397,21.0,-45.0,154.8,90,CONCEPT_NOT_FIT_VALIDATED
DUC-B-03398,p6-4x2,Yellow,#F4EE2A,43,3398,33.0,-45.0,154.8,90,CONCEPT_NOT_FIT_VALIDATED
DUC-B-03399,p6-3x1,Yellow,#F4EE2A,43,3399,-42.0,-42.0,154.8,90,CONCEPT_NOT_FIT_VALIDATED
DUC-B-03400,p6-3x1,Yellow,#F4EE2A,43,3400,42.0,-42.0,154.8,90,CONCEPT_NOT_FIT_VALIDATED
DUC-B-03401,p6-2x1,Yellow,#F4EE2A,43,3401,-48.0,-39.0,154.8,90,CONCEPT_NOT_FIT_VALIDATED
DUC-B-03402,p6-2x1,Yellow,#F4EE2A,43,3402,48.0,-39.0,154.8,90,CONCEPT_NOT_FIT_VALIDATED
DUC-B-03403,p6-1x1,Yellow,#F4EE2A,43,3403,-54.0,-36.0,154.8,0,CONCEPT_NOT_FIT_VALIDATED
DUC-B-03404,p6-1x1,Yellow,#F4EE2A,43,3404,54.0,-36.0,154.8,0,CONCEPT_NOT_FIT_VALIDATED
DUC-B-03405,p6-4x2,Yellow,#F4EE2A,43,3405,-51.0,-21.0,154.8,90,CONCEPT_NOT_FIT_VALIDATED
DUC-B-03406,p6-4x2,Yellow,#F4EE2A,43,3406,-39.0,-21.0,154.8,90,CONCEPT_NOT_FIT_VALIDATED
DUC-B-03407,p6-4x2,Yellow,#F4EE2A,43,3407,-27.0,-21.0,154.8,90,CONCEPT_NOT_FIT_VALIDATED
DUC-B-03408,p6-4x2,Yellow,#F4EE2A,43,3408,-15.0,-21.0,154.8,90,CONCEPT_NOT_FIT_VALIDATED
DUC-B-03409,p6-4x2,Yellow,#F4EE2A,43,3409,-3.0,-21.0,154.8,90,CONCEPT_NOT_FIT_VALIDATED
DUC-B-03410,p6-4x2,Yellow,#F4EE2A,43,3410,9.0,-21.0,154.8,90,CONCEPT_NOT_FIT_VALIDATED
DUC-B-03411,p6-4x2,Yellow,#F4EE2A,43,3411,21.0,-21.0,154.8,90,CONCEPT_NOT_FIT_VALIDATED
DUC-B-03412,p6-4x2,Yellow,#F4EE2A,43,3412,33.0,-21.0,154.8,90,CONCEPT_NOT_FIT_VALIDATED
DUC-B-03413,p6-4x2,Yellow,#F4EE2A,43,3413,45.0,-21.0,154.8,90,CONCEPT_NOT_FIT_VALIDATED
DUC-B-03414,p6-4x1,Yellow,#F4EE2A,43,3414,54.0,-21.0,154.8,90,CONCEPT_NOT_FIT_VALIDATED
DUC-B-03415,p6-1x1,Yellow,#F4EE2A,43,3415,-60.0,-12.0,154.8,0,CONCEPT_NOT_FIT_VALIDATED
DUC-B-03416,p6-4x2,Yellow,#F4EE2A,43,3416,-51.0,3.0,154.8,90,CONCEPT_NOT_FIT_VALIDATED
DUC-B-03417,p6-4x2,Yellow,#F4EE2A,43,3417,-39.0,3.0,154.8,90,CONCEPT_NOT_FIT_VALIDATED
DUC-B-03418,p6-4x2,Yellow,#F4EE2A,43,3418,-27.0,3.0,154.8,90,CONCEPT_NOT_FIT_VALIDATED
DUC-B-03419,p6-4x2,Yellow,#F4EE2A,43,3419,-15.0,3.0,154.8,90,CONCEPT_NOT_FIT_VALIDATED
DUC-B-03420,p6-4x2,Yellow,#F4EE2A,43,3420,-3.0,3.0,154.8,90,CONCEPT_NOT_FIT_VALIDATED
DUC-B-03421,p6-4x2,Yellow,#F4EE2A,43,3421,9.0,3.0,154.8,90,CONCEPT_NOT_FIT_VALIDATED
DUC-B-03422,p6-4x2,Yellow,#F4EE2A,43,3422,21.0,3.0,154.8,90,CONCEPT_NOT_FIT_VALIDATED
DUC-B-03423,p6-4x2,Yellow,#F4EE2A,43,3423,33.0,3.0,154.8,90,CONCEPT_NOT_FIT_VALIDATED
DUC-B-03424,p6-4x2,Yellow,#F4EE2A,43,3424,45.0,3.0,154.8,90,CONCEPT_NOT_FIT_VALIDATED
DUC-B-03425,p6-4x1,Yellow,#F4EE2A,43,3425,54.0,3.0,154.8,90,CONCEPT_NOT_FIT_VALIDATED
DUC-B-03426,p6-1x1,Yellow,#F4EE2A,43,3426,60.0,-6.0,154.8,0,CONCEPT_NOT_FIT_VALIDATED
DUC-B-03427,p6-2x1,Yellow,#F4EE2A,43,3427,-51.0,18.0,154.8,0,CONCEPT_NOT_FIT_VALIDATED
DUC-B-03428,p6-3x2,Yellow,#F4EE2A,43,3428,-39.0,24.0,154.8,90,CONCEPT_NOT_FIT_VALIDATED
DUC-B-03429,p6-4x2,Yellow,#F4EE2A,43,3429,-27.0,27.0,154.8,90,CONCEPT_NOT_FIT_VALIDATED
DUC-B-03430,p6-4x2,Yellow,#F4EE2A,43,3430,-15.0,27.0,154.8,90,CONCEPT_NOT_FIT_VALIDATED
DUC-B-03431,p6-4x2,Yellow,#F4EE2A,43,3431,-3.0,27.0,154.8,90,CONCEPT_NOT_FIT_VALIDATED
DUC-B-03432,p6-4x2,Yellow,#F4EE2A,43,3432,9.0,27.0,154.8,90,CONCEPT_NOT_FIT_VALIDATED
DUC-B-03433,p6-4x2,Yellow,#F4EE2A,43,3433,21.0,27.0,154.8,90,CONCEPT_NOT_FIT_VALIDATED
DUC-B-03434,p6-4x2,Yellow,#F4EE2A,43,3434,33.0,27.0,154.8,90,CONCEPT_NOT_FIT_VALIDATED
DUC-B-03435,p6-2x2,Yellow,#F4EE2A,43,3435,45.0,21.0,154.8,0,CONCEPT_NOT_FIT_VALIDATED
DUC-B-03436,p6-1x1,Yellow,#F4EE2A,43,3436,54.0,18.0,154.8,0,CONCEPT_NOT_FIT_VALIDATED
DUC-B-03437,p6-1x1,Yellow,#F4EE2A,43,3437,-48.0,24.0,154.8,0,CONCEPT_NOT_FIT_VALIDATED
DUC-B-03438,p6-1x1,Yellow,#F4EE2A,43,3438,42.0,30.0,154.8,0,CONCEPT_NOT_FIT_VALIDATED
DUC-B-03439,p6-1x1,Yellow,#F4EE2A,43,3439,-36.0,36.0,154.8,0,CONCEPT_NOT_FIT_VALIDATED
DUC-B-03440,p6-2x1,Yellow,#F4EE2A,43,3440,-27.0,42.0,154.8,0,CONCEPT_NOT_FIT_VALIDATED
DUC-B-03441,p6-2x1,Yellow,#F4EE2A,43,3441,-15.0,42.0,154.8,0,CONCEPT_NOT_FIT_VALIDATED
DUC-B-03442,p6-2x2,Yellow,#F4EE2A,43,3442,-3.0,45.0,154.8,0,CONCEPT_NOT_FIT_VALIDATED
DUC-B-03443,p6-2x2,Yellow,#F4EE2A,43,3443,9.0,45.0,154.8,0,CONCEPT_NOT_FIT_VALIDATED
DUC-B-03444,p6-2x1,Yellow,#F4EE2A,43,3444,21.0,42.0,154.8,0,CONCEPT_NOT_FIT_VALIDATED
DUC-B-03445,p6-1x1,Yellow,#F4EE2A,43,3445,30.0,42.0,154.8,0,CONCEPT_NOT_FIT_VALIDATED
DUC-B-03446,p6-1x1,Yellow,#F4EE2A,43,3446,-12.0,48.0,154.8,0,CONCEPT_NOT_FIT_VALIDATED
DUC-B-03447,p6-3x2,Yellow,#F4EE2A,44,3447,-48.0,-21.0,158.4,0,CONCEPT_NOT_FIT_VALIDATED
DUC-B-03448,p6-3x2,Yellow,#F4EE2A,44,3448,-48.0,-9.0,158.4,0,CONCEPT_NOT_FIT_VALIDATED
DUC-B-03449,p6-3x2,Yellow,#F4EE2A,44,3449,-48.0,3.0,158.4,0,CONCEPT_NOT_FIT_VALIDATED
DUC-B-03450,p6-2x2,Yellow,#F4EE2A,44,3450,-45.0,-33.0,158.4,0,CONCEPT_NOT_FIT_VALIDATED
DUC-B-03451,p6-2x2,Yellow,#F4EE2A,44,3451,-45.0,15.0,158.4,0,CONCEPT_NOT_FIT_VALIDATED
DUC-B-03452,p6-1x1,Yellow,#F4EE2A,44,3452,-42.0,-42.0,158.4,0,CONCEPT_NOT_FIT_VALIDATED
DUC-B-03453,p6-2x1,Yellow,#F4EE2A,44,3453,-42.0,27.0,158.4,90,CONCEPT_NOT_FIT_VALIDATED
DUC-B-03454,p6-4x2,Yellow,#F4EE2A,44,3454,-27.0,-45.0,158.4,0,CONCEPT_NOT_FIT_VALIDATED
DUC-B-03455,p6-4x2,Yellow,#F4EE2A,44,3455,-27.0,-33.0,158.4,0,CONCEPT_NOT_FIT_VALIDATED
DUC-B-03456,p6-4x2,Yellow,#F4EE2A,44,3456,-27.0,-21.0,158.4,0,CONCEPT_NOT_FIT_VALIDATED
DUC-B-03457,p6-4x2,Yellow,#F4EE2A,44,3457,-27.0,-9.0,158.4,0,CONCEPT_NOT_FIT_VALIDATED
DUC-B-03458,p6-4x2,Yellow,#F4EE2A,44,3458,-27.0,3.0,158.4,0,CONCEPT_NOT_FIT_VALIDATED
DUC-B-03459,p6-4x2,Yellow,#F4EE2A,44,3459,-27.0,15.0,158.4,0,CONCEPT_NOT_FIT_VALIDATED
DUC-B-03460,p6-4x2,Yellow,#F4EE2A,44,3460,-27.0,27.0,158.4,0,CONCEPT_NOT_FIT_VALIDATED
DUC-B-03461,p6-4x1,Yellow,#F4EE2A,44,3461,-27.0,36.0,158.4,0,CONCEPT_NOT_FIT_VALIDATED
DUC-B-03462,p6-3x1,Yellow,#F4EE2A,44,3462,-24.0,-54.0,158.4,0,CONCEPT_NOT_FIT_VALIDATED
DUC-B-03463,p6-2x1,Yellow,#F4EE2A,44,3463,-21.0,42.0,158.4,0,CONCEPT_NOT_FIT_VALIDATED
DUC-B-03464,p6-4x2,Yellow,#F4EE2A,44,3464,-3.0,-57.0,158.4,0,CONCEPT_NOT_FIT_VALIDATED
DUC-B-03465,p6-4x2,Yellow,#F4EE2A,44,3465,-3.0,-45.0,158.4,0,CONCEPT_NOT_FIT_VALIDATED
DUC-B-03466,p6-4x2,Yellow,#F4EE2A,44,3466,-3.0,-33.0,158.4,0,CONCEPT_NOT_FIT_VALIDATED
DUC-B-03467,p6-4x2,Yellow,#F4EE2A,44,3467,-3.0,-21.0,158.4,0,CONCEPT_NOT_FIT_VALIDATED
DUC-B-03468,p6-4x2,Yellow,#F4EE2A,44,3468,-3.0,-9.0,158.4,0,CONCEPT_NOT_FIT_VALIDATED
DUC-B-03469,p6-4x2,Yellow,#F4EE2A,44,3469,-3.0,3.0,158.4,0,CONCEPT_NOT_FIT_VALIDATED
DUC-B-03470,p6-4x2,Yellow,#F4EE2A,44,3470,-3.0,15.0,158.4,0,CONCEPT_NOT_FIT_VALIDATED
DUC-B-03471,p6-4x2,Yellow,#F4EE2A,44,3471,-3.0,27.0,158.4,0,CONCEPT_NOT_FIT_VALIDATED
DUC-B-03472,p6-4x2,Yellow,#F4EE2A,44,3472,-3.0,39.0,158.4,0,CONCEPT_NOT_FIT_VALIDATED
DUC-B-03473,p6-2x1,Yellow,#F4EE2A,44,3473,12.0,-57.0,158.4,90,CONCEPT_NOT_FIT_VALIDATED
DUC-B-03474,p6-4x2,Yellow,#F4EE2A,44,3474,21.0,-45.0,158.4,0,CONCEPT_NOT_FIT_VALIDATED
DUC-B-03475,p6-4x2,Yellow,#F4EE2A,44,3475,21.0,-33.0,158.4,0,CONCEPT_NOT_FIT_VALIDATED
DUC-B-03476,p6-4x2,Yellow,#F4EE2A,44,3476,21.0,-21.0,158.4,0,CONCEPT_NOT_FIT_VALIDATED
DUC-B-03477,p6-4x2,Yellow,#F4EE2A,44,3477,21.0,-9.0,158.4,0,CONCEPT_NOT_FIT_VALIDATED
DUC-B-03478,p6-4x2,Yellow,#F4EE2A,44,3478,21.0,3.0,158.4,0,CONCEPT_NOT_FIT_VALIDATED
DUC-B-03479,p6-4x2,Yellow,#F4EE2A,44,3479,21.0,15.0,158.4,0,CONCEPT_NOT_FIT_VALIDATED
DUC-B-03480,p6-4x2,Yellow,#F4EE2A,44,3480,21.0,27.0,158.4,0,CONCEPT_NOT_FIT_VALIDATED
DUC-B-03481,p6-3x2,Yellow,#F4EE2A,44,3481,18.0,39.0,158.4,0,CONCEPT_NOT_FIT_VALIDATED
DUC-B-03482,p6-3x1,Yellow,#F4EE2A,44,3482,24.0,-54.0,158.4,0,CONCEPT_NOT_FIT_VALIDATED
DUC-B-03483,p6-1x1,Yellow,#F4EE2A,44,3483,30.0,36.0,158.4,0,CONCEPT_NOT_FIT_VALIDATED
DUC-B-03484,p6-2x1,Yellow,#F4EE2A,44,3484,36.0,-45.0,158.4,90,CONCEPT_NOT_FIT_VALIDATED
DUC-B-03485,p6-3x2,Yellow,#F4EE2A,44,3485,42.0,-33.0,158.4,0,CONCEPT_NOT_FIT_VALIDATED
DUC-B-03486,p6-4x2,Yellow,#F4EE2A,44,3486,45.0,-21.0,158.4,0,CONCEPT_NOT_FIT_VALIDATED
DUC-B-03487,p6-4x2,Yellow,#F4EE2A,44,3487,45.0,-9.0,158.4,0,CONCEPT_NOT_FIT_VALIDATED
DUC-B-03488,p6-4x2,Yellow,#F4EE2A,44,3488,45.0,3.0,158.4,0,CONCEPT_NOT_FIT_VALIDATED
DUC-B-03489,p6-3x2,Yellow,#F4EE2A,44,3489,42.0,15.0,158.4,0,CONCEPT_NOT_FIT_VALIDATED
DUC-B-03490,p6-2x2,Yellow,#F4EE2A,44,3490,39.0,27.0,158.4,0,CONCEPT_NOT_FIT_VALIDATED
DUC-B-03491,p6-1x1,Yellow,#F4EE2A,44,3491,36.0,36.0,158.4,0,CONCEPT_NOT_FIT_VALIDATED
DUC-B-03492,p6-1x1,Yellow,#F4EE2A,44,3492,42.0,-42.0,158.4,0,CONCEPT_NOT_FIT_VALIDATED
DUC-B-03493,p6-3x1,Yellow,#F4EE2A,45,3493,-18.0,-48.0,162.0,90,CONCEPT_NOT_FIT_VALIDATED
DUC-B-03494,p6-3x2,Yellow,#F4EE2A,45,3494,-9.0,-48.0,162.0,90,CONCEPT_NOT_FIT_VALIDATED
DUC-B-03495,p6-3x2,Yellow,#F4EE2A,45,3495,3.0,-48.0,162.0,90,CONCEPT_NOT_FIT_VALIDATED
DUC-B-03496,p6-3x2,Yellow,#F4EE2A,45,3496,15.0,-48.0,162.0,90,CONCEPT_NOT_FIT_VALIDATED
DUC-B-03497,p6-2x1,Yellow,#F4EE2A,45,3497,-30.0,-45.0,162.0,90,CONCEPT_NOT_FIT_VALIDATED
DUC-B-03498,p6-2x1,Yellow,#F4EE2A,45,3498,-24.0,-45.0,162.0,90,CONCEPT_NOT_FIT_VALIDATED
DUC-B-03499,p6-2x2,Yellow,#F4EE2A,45,3499,27.0,-45.0,162.0,0,CONCEPT_NOT_FIT_VALIDATED
DUC-B-03500,p6-1x1,Yellow,#F4EE2A,45,3500,-36.0,-42.0,162.0,0,CONCEPT_NOT_FIT_VALIDATED
DUC-B-03501,p6-1x1,Yellow,#F4EE2A,45,3501,36.0,-42.0,162.0,0,CONCEPT_NOT_FIT_VALIDATED
DUC-B-03502,p6-4x1,Yellow,#F4EE2A,45,3502,-42.0,-27.0,162.0,90,CONCEPT_NOT_FIT_VALIDATED
DUC-B-03503,p6-4x2,Yellow,#F4EE2A,45,3503,-33.0,-27.0,162.0,90,CONCEPT_NOT_FIT_VALIDATED
DUC-B-03504,p6-4x2,Yellow,#F4EE2A,45,3504,-21.0,-27.0,162.0,90,CONCEPT_NOT_FIT_VALIDATED
DUC-B-03505,p6-4x2,Yellow,#F4EE2A,45,3505,-9.0,-27.0,162.0,90,CONCEPT_NOT_FIT_VALIDATED
DUC-B-03506,p6-4x2,Yellow,#F4EE2A,45,3506,3.0,-27.0,162.0,90,CONCEPT_NOT_FIT_VALIDATED
DUC-B-03507,p6-4x2,Yellow,#F4EE2A,45,3507,15.0,-27.0,162.0,90,CONCEPT_NOT_FIT_VALIDATED
DUC-B-03508,p6-4x2,Yellow,#F4EE2A,45,3508,27.0,-27.0,162.0,90,CONCEPT_NOT_FIT_VALIDATED
DUC-B-03509,p6-4x2,Yellow,#F4EE2A,45,3509,39.0,-27.0,162.0,90,CONCEPT_NOT_FIT_VALIDATED
DUC-B-03510,p6-3x1,Yellow,#F4EE2A,45,3510,-48.0,-24.0,162.0,90,CONCEPT_NOT_FIT_VALIDATED
DUC-B-03511,p6-3x1,Yellow,#F4EE2A,45,3511,48.0,-24.0,162.0,90,CONCEPT_NOT_FIT_VALIDATED
DUC-B-03512,p6-4x2,Yellow,#F4EE2A,45,3512,-45.0,-3.0,162.0,90,CONCEPT_NOT_FIT_VALIDATED
DUC-B-03513,p6-4x2,Yellow,#F4EE2A,45,3513,-33.0,-3.0,162.0,90,CONCEPT_NOT_FIT_VALIDATED
DUC-B-03514,p6-4x2,Yellow,#F4EE2A,45,3514,-21.0,-3.0,162.0,90,CONCEPT_NOT_FIT_VALIDATED
DUC-B-03515,p6-4x2,Yellow,#F4EE2A,45,3515,-9.0,-3.0,162.0,90,CONCEPT_NOT_FIT_VALIDATED
DUC-B-03516,p6-4x2,Yellow,#F4EE2A,45,3516,3.0,-3.0,162.0,90,CONCEPT_NOT_FIT_VALIDATED
DUC-B-03517,p6-4x2,Yellow,#F4EE2A,45,3517,15.0,-3.0,162.0,90,CONCEPT_NOT_FIT_VALIDATED
DUC-B-03518,p6-4x2,Yellow,#F4EE2A,45,3518,27.0,-3.0,162.0,90,CONCEPT_NOT_FIT_VALIDATED
DUC-B-03519,p6-4x2,Yellow,#F4EE2A,45,3519,39.0,-3.0,162.0,90,CONCEPT_NOT_FIT_VALIDATED
DUC-B-03520,p6-4x1,Yellow,#F4EE2A,45,3520,48.0,-3.0,162.0,90,CONCEPT_NOT_FIT_VALIDATED
DUC-B-03521,p6-2x1,Yellow,#F4EE2A,45,3521,-45.0,12.0,162.0,0,CONCEPT_NOT_FIT_VALIDATED
DUC-B-03522,p6-4x2,Yellow,#F4EE2A,45,3522,-33.0,21.0,162.0,90,CONCEPT_NOT_FIT_VALIDATED
DUC-B-03523,p6-4x2,Yellow,#F4EE2A,45,3523,-21.0,21.0,162.0,90,CONCEPT_NOT_FIT_VALIDATED
DUC-B-03524,p6-4x2,Yellow,#F4EE2A,45,3524,-9.0,21.0,162.0,90,CONCEPT_NOT_FIT_VALIDATED
DUC-B-03525,p6-4x2,Yellow,#F4EE2A,45,3525,3.0,21.0,162.0,90,CONCEPT_NOT_FIT_VALIDATED
DUC-B-03526,p6-4x2,Yellow,#F4EE2A,45,3526,15.0,21.0,162.0,90,CONCEPT_NOT_FIT_VALIDATED
DUC-B-03527,p6-4x2,Yellow,#F4EE2A,45,3527,27.0,21.0,162.0,90,CONCEPT_NOT_FIT_VALIDATED
DUC-B-03528,p6-3x2,Yellow,#F4EE2A,45,3528,39.0,18.0,162.0,90,CONCEPT_NOT_FIT_VALIDATED
DUC-B-03529,p6-1x1,Yellow,#F4EE2A,45,3529,48.0,12.0,162.0,0,CONCEPT_NOT_FIT_VALIDATED
DUC-B-03530,p6-2x1,Yellow,#F4EE2A,45,3530,-42.0,21.0,162.0,90,CONCEPT_NOT_FIT_VALIDATED
DUC-B-03531,p6-1x1,Yellow,#F4EE2A,45,3531,36.0,30.0,162.0,0,CONCEPT_NOT_FIT_VALIDATED
DUC-B-03532,p6-2x1,Yellow,#F4EE2A,45,3532,-21.0,36.0,162.0,0,CONCEPT_NOT_FIT_VALIDATED
DUC-B-03533,p6-2x2,Yellow,#F4EE2A,45,3533,-9.0,39.0,162.0,0,CONCEPT_NOT_FIT_VALIDATED
DUC-B-03534,p6-2x2,Yellow,#F4EE2A,45,3534,3.0,39.0,162.0,0,CONCEPT_NOT_FIT_VALIDATED
DUC-B-03535,p6-2x1,Yellow,#F4EE2A,45,3535,12.0,39.0,162.0,90,CONCEPT_NOT_FIT_VALIDATED
DUC-B-03536,p6-1x1,Yellow,#F4EE2A,45,3536,18.0,36.0,162.0,0,CONCEPT_NOT_FIT_VALIDATED
DUC-B-03537,p6-1x1,Yellow,#F4EE2A,45,3537,24.0,36.0,162.0,0,CONCEPT_NOT_FIT_VALIDATED
DUC-B-03538,p6-2x1,Yellow,#F4EE2A,46,3538,-48.0,-15.0,165.6,90,CONCEPT_NOT_FIT_VALIDATED
DUC-B-03539,p6-2x1,Yellow,#F4EE2A,46,3539,-48.0,-3.0,165.6,90,CONCEPT_NOT_FIT_VALIDATED
DUC-B-03540,p6-4x2,Yellow,#F4EE2A,46,3540,-33.0,-27.0,165.6,0,CONCEPT_NOT_FIT_VALIDATED
DUC-B-03541,p6-4x2,Yellow,#F4EE2A,46,3541,-33.0,-15.0,165.6,0,CONCEPT_NOT_FIT_VALIDATED
DUC-B-03542,p6-4x2,Yellow,#F4EE2A,46,3542,-33.0,-3.0,165.6,0,CONCEPT_NOT_FIT_VALIDATED
DUC-B-03543,p6-4x2,Yellow,#F4EE2A,46,3543,-33.0,9.0,165.6,0,CONCEPT_NOT_FIT_VALIDATED
DUC-B-03544,p6-3x1,Yellow,#F4EE2A,46,3544,-30.0,-36.0,165.6,0,CONCEPT_NOT_FIT_VALIDATED
DUC-B-03545,p6-3x2,Yellow,#F4EE2A,46,3545,-30.0,21.0,165.6,0,CONCEPT_NOT_FIT_VALIDATED
DUC-B-03546,p6-2x1,Yellow,#F4EE2A,46,3546,-27.0,-42.0,165.6,0,CONCEPT_NOT_FIT_VALIDATED
DUC-B-03547,p6-2x1,Yellow,#F4EE2A,46,3547,-27.0,30.0,165.6,0,CONCEPT_NOT_FIT_VALIDATED
DUC-B-03548,p6-1x1,Yellow,#F4EE2A,46,3548,-24.0,-48.0,165.6,0,CONCEPT_NOT_FIT_VALIDATED
DUC-B-03549,p6-4x1,Yellow,#F4EE2A,46,3549,-9.0,-48.0,165.6,0,CONCEPT_NOT_FIT_VALIDATED
DUC-B-03550,p6-4x2,Yellow,#F4EE2A,46,3550,-9.0,-39.0,165.6,0,CONCEPT_NOT_FIT_VALIDATED
DUC-B-03551,p6-4x2,Yellow,#F4EE2A,46,3551,-9.0,-27.0,165.6,0,CONCEPT_NOT_FIT_VALIDATED
DUC-B-03552,p6-4x2,Yellow,#F4EE2A,46,3552,-9.0,-15.0,165.6,0,CONCEPT_NOT_FIT_VALIDATED
DUC-B-03553,p6-4x2,Yellow,#F4EE2A,46,3553,-9.0,-3.0,165.6,0,CONCEPT_NOT_FIT_VALIDATED
DUC-B-03554,p6-4x2,Yellow,#F4EE2A,46,3554,-9.0,9.0,165.6,0,CONCEPT_NOT_FIT_VALIDATED
DUC-B-03555,p6-4x2,Yellow,#F4EE2A,46,3555,-9.0,21.0,165.6,0,CONCEPT_NOT_FIT_VALIDATED
DUC-B-03556,p6-4x2,Yellow,#F4EE2A,46,3556,-9.0,33.0,165.6,0,CONCEPT_NOT_FIT_VALIDATED
DUC-B-03557,p6-4x1,Yellow,#F4EE2A,46,3557,15.0,-48.0,165.6,0,CONCEPT_NOT_FIT_VALIDATED
DUC-B-03558,p6-4x2,Yellow,#F4EE2A,46,3558,15.0,-39.0,165.6,0,CONCEPT_NOT_FIT_VALIDATED
DUC-B-03559,p6-4x2,Yellow,#F4EE2A,46,3559,15.0,-27.0,165.6,0,CONCEPT_NOT_FIT_VALIDATED
DUC-B-03560,p6-4x2,Yellow,#F4EE2A,46,3560,15.0,-15.0,165.6,0,CONCEPT_NOT_FIT_VALIDATED
DUC-B-03561,p6-4x2,Yellow,#F4EE2A,46,3561,15.0,-3.0,165.6,0,CONCEPT_NOT_FIT_VALIDATED
DUC-B-03562,p6-4x2,Yellow,#F4EE2A,46,3562,15.0,9.0,165.6,0,CONCEPT_NOT_FIT_VALIDATED
DUC-B-03563,p6-4x2,Yellow,#F4EE2A,46,3563,15.0,21.0,165.6,0,CONCEPT_NOT_FIT_VALIDATED
DUC-B-03564,p6-3x2,Yellow,#F4EE2A,46,3564,12.0,33.0,165.6,0,CONCEPT_NOT_FIT_VALIDATED
DUC-B-03565,p6-1x1,Yellow,#F4EE2A,46,3565,24.0,30.0,165.6,0,CONCEPT_NOT_FIT_VALIDATED
DUC-B-03566,p6-2x1,Yellow,#F4EE2A,46,3566,30.0,-39.0,165.6,90,CONCEPT_NOT_FIT_VALIDATED
DUC-B-03567,p6-3x2,Yellow,#F4EE2A,46,3567,36.0,-27.0,165.6,0,CONCEPT_NOT_FIT_VALIDATED
DUC-B-03568,p6-4x2,Yellow,#F4EE2A,46,3568,39.0,-15.0,165.6,0,CONCEPT_NOT_FIT_VALIDATED
DUC-B-03569,p6-4x2,Yellow,#F4EE2A,46,3569,39.0,-3.0,165.6,0,CONCEPT_NOT_FIT_VALIDATED
DUC-B-03570,p6-3x2,Yellow,#F4EE2A,46,3570,36.0,9.0,165.6,0,CONCEPT_NOT_FIT_VALIDATED
DUC-B-03571,p6-2x2,Yellow,#F4EE2A,46,3571,33.0,21.0,165.6,0,CONCEPT_NOT_FIT_VALIDATED
DUC-B-03572,p6-1x1,Yellow,#F4EE2A,46,3572,30.0,30.0,165.6,0,CONCEPT_NOT_FIT_VALIDATED
DUC-B-03573,p6-1x1,Yellow,#F4EE2A,46,3573,36.0,-36.0,165.6,0,CONCEPT_NOT_FIT_VALIDATED
DUC-B-03574,p6-2x1,Yellow,#F4EE2A,47,3574,-3.0,-48.0,169.2,0,CONCEPT_NOT_FIT_VALIDATED
DUC-B-03575,p6-1x1,Yellow,#F4EE2A,47,3575,6.0,-48.0,169.2,0,CONCEPT_NOT_FIT_VALIDATED
DUC-B-03576,p6-4x1,Yellow,#F4EE2A,47,3576,-24.0,-33.0,169.2,90,CONCEPT_NOT_FIT_VALIDATED
DUC-B-03577,p6-4x2,Yellow,#F4EE2A,47,3577,-15.0,-33.0,169.2,90,CONCEPT_NOT_FIT_VALIDATED
DUC-B-03578,p6-4x2,Yellow,#F4EE2A,47,3578,-3.0,-33.0,169.2,90,CONCEPT_NOT_FIT_VALIDATED
DUC-B-03579,p6-4x2,Yellow,#F4EE2A,47,3579,9.0,-33.0,169.2,90,CONCEPT_NOT_FIT_VALIDATED
DUC-B-03580,p6-4x2,Yellow,#F4EE2A,47,3580,21.0,-33.0,169.2,90,CONCEPT_NOT_FIT_VALIDATED
DUC-B-03581,p6-3x1,Yellow,#F4EE2A,47,3581,-30.0,-30.0,169.2,90,CONCEPT_NOT_FIT_VALIDATED
DUC-B-03582,p6-3x1,Yellow,#F4EE2A,47,3582,30.0,-30.0,169.2,90,CONCEPT_NOT_FIT_VALIDATED
DUC-B-03583,p6-2x1,Yellow,#F4EE2A,47,3583,-36.0,-27.0,169.2,90,CONCEPT_NOT_FIT_VALIDATED
DUC-B-03584,p6-2x1,Yellow,#F4EE2A,47,3584,36.0,-27.0,169.2,90,CONCEPT_NOT_FIT_VALIDATED
DUC-B-03585,p6-4x2,Yellow,#F4EE2A,47,3585,-39.0,-9.0,169.2,90,CONCEPT_NOT_FIT_VALIDATED
DUC-B-03586,p6-4x2,Yellow,#F4EE2A,47,3586,-27.0,-9.0,169.2,90,CONCEPT_NOT_FIT_VALIDATED
DUC-B-03587,p6-4x2,Yellow,#F4EE2A,47,3587,-15.0,-9.0,169.2,90,CONCEPT_NOT_FIT_VALIDATED
DUC-B-03588,p6-4x2,Yellow,#F4EE2A,47,3588,-3.0,-9.0,169.2,90,CONCEPT_NOT_FIT_VALIDATED
DUC-B-03589,p6-4x2,Yellow,#F4EE2A,47,3589,9.0,-9.0,169.2,90,CONCEPT_NOT_FIT_VALIDATED
DUC-B-03590,p6-4x2,Yellow,#F4EE2A,47,3590,21.0,-9.0,169.2,90,CONCEPT_NOT_FIT_VALIDATED
DUC-B-03591,p6-4x2,Yellow,#F4EE2A,47,3591,33.0,-9.0,169.2,90,CONCEPT_NOT_FIT_VALIDATED
DUC-B-03592,p6-4x1,Yellow,#F4EE2A,47,3592,42.0,-9.0,169.2,90,CONCEPT_NOT_FIT_VALIDATED
DUC-B-03593,p6-2x1,Yellow,#F4EE2A,47,3593,-36.0,9.0,169.2,90,CONCEPT_NOT_FIT_VALIDATED
DUC-B-03594,p6-3x2,Yellow,#F4EE2A,47,3594,-27.0,12.0,169.2,90,CONCEPT_NOT_FIT_VALIDATED
DUC-B-03595,p6-4x2,Yellow,#F4EE2A,47,3595,-15.0,15.0,169.2,90,CONCEPT_NOT_FIT_VALIDATED
DUC-B-03596,p6-4x2,Yellow,#F4EE2A,47,3596,-3.0,15.0,169.2,90,CONCEPT_NOT_FIT_VALIDATED
DUC-B-03597,p6-4x2,Yellow,#F4EE2A,47,3597,9.0,15.0,169.2,90,CONCEPT_NOT_FIT_VALIDATED
DUC-B-03598,p6-4x2,Yellow,#F4EE2A,47,3598,21.0,15.0,169.2,90,CONCEPT_NOT_FIT_VALIDATED
DUC-B-03599,p6-2x2,Yellow,#F4EE2A,47,3599,33.0,9.0,169.2,0,CONCEPT_NOT_FIT_VALIDATED
DUC-B-03600,p6-1x1,Yellow,#F4EE2A,47,3600,30.0,18.0,169.2,0,CONCEPT_NOT_FIT_VALIDATED
DUC-B-03601,p6-1x1,Yellow,#F4EE2A,47,3601,-24.0,24.0,169.2,0,CONCEPT_NOT_FIT_VALIDATED
DUC-B-03602,p6-2x1,Yellow,#F4EE2A,47,3602,-15.0,30.0,169.2,0,CONCEPT_NOT_FIT_VALIDATED
DUC-B-03603,p6-2x1,Yellow,#F4EE2A,47,3603,-3.0,30.0,169.2,0,CONCEPT_NOT_FIT_VALIDATED
DUC-B-03604,p6-2x1,Yellow,#F4EE2A,47,3604,9.0,30.0,169.2,0,CONCEPT_NOT_FIT_VALIDATED
DUC-B-03605,p6-1x1,Yellow,#F4EE2A,47,3605,18.0,30.0,169.2,0,CONCEPT_NOT_FIT_VALIDATED
DUC-B-03606,p6-2x2,Yellow,#F4EE2A,48,3606,-33.0,-9.0,172.8,0,CONCEPT_NOT_FIT_VALIDATED
DUC-B-03607,p6-2x1,Yellow,#F4EE2A,48,3607,-33.0,0.0,172.8,0,CONCEPT_NOT_FIT_VALIDATED
DUC-B-03608,p6-2x1,Yellow,#F4EE2A,48,3608,-30.0,-21.0,172.8,90,CONCEPT_NOT_FIT_VALIDATED
DUC-B-03609,p6-1x1,Yellow,#F4EE2A,48,3609,-30.0,6.0,172.8,0,CONCEPT_NOT_FIT_VALIDATED
DUC-B-03610,p6-1x1,Yellow,#F4EE2A,48,3610,-30.0,12.0,172.8,0,CONCEPT_NOT_FIT_VALIDATED
DUC-B-03611,p6-4x1,Yellow,#F4EE2A,48,3611,-15.0,-30.0,172.8,0,CONCEPT_NOT_FIT_VALIDATED
DUC-B-03612,p6-4x2,Yellow,#F4EE2A,48,3612,-15.0,-21.0,172.8,0,CONCEPT_NOT_FIT_VALIDATED
DUC-B-03613,p6-4x2,Yellow,#F4EE2A,48,3613,-15.0,-9.0,172.8,0,CONCEPT_NOT_FIT_VALIDATED
DUC-B-03614,p6-4x2,Yellow,#F4EE2A,48,3614,-15.0,3.0,172.8,0,CONCEPT_NOT_FIT_VALIDATED
DUC-B-03615,p6-4x2,Yellow,#F4EE2A,48,3615,-15.0,15.0,172.8,0,CONCEPT_NOT_FIT_VALIDATED
DUC-B-03616,p6-3x1,Yellow,#F4EE2A,48,3616,-12.0,-36.0,172.8,0,CONCEPT_NOT_FIT_VALIDATED
DUC-B-03617,p6-2x1,Yellow,#F4EE2A,48,3617,-9.0,24.0,172.8,0,CONCEPT_NOT_FIT_VALIDATED
DUC-B-03618,p6-4x2,Yellow,#F4EE2A,48,3618,9.0,-33.0,172.8,0,CONCEPT_NOT_FIT_VALIDATED
DUC-B-03619,p6-4x2,Yellow,#F4EE2A,48,3619,9.0,-21.0,172.8,0,CONCEPT_NOT_FIT_VALIDATED
DUC-B-03620,p6-4x2,Yellow,#F4EE2A,48,3620,9.0,-9.0,172.8,0,CONCEPT_NOT_FIT_VALIDATED
DUC-B-03621,p6-4x2,Yellow,#F4EE2A,48,3621,9.0,3.0,172.8,0,CONCEPT_NOT_FIT_VALIDATED
DUC-B-03622,p6-4x2,Yellow,#F4EE2A,48,3622,9.0,15.0,172.8,0,CONCEPT_NOT_FIT_VALIDATED
DUC-B-03623,p6-3x1,Yellow,#F4EE2A,48,3623,6.0,24.0,172.8,0,CONCEPT_NOT_FIT_VALIDATED
DUC-B-03624,p6-1x1,Yellow,#F4EE2A,48,3624,24.0,-30.0,172.8,0,CONCEPT_NOT_FIT_VALIDATED
DUC-B-03625,p6-2x2,Yellow,#F4EE2A,48,3625,27.0,-21.0,172.8,0,CONCEPT_NOT_FIT_VALIDATED
DUC-B-03626,p6-3x2,Yellow,#F4EE2A,48,3626,30.0,-9.0,172.8,0,CONCEPT_NOT_FIT_VALIDATED
DUC-B-03627,p6-2x2,Yellow,#F4EE2A,48,3627,27.0,3.0,172.8,0,CONCEPT_NOT_FIT_VALIDATED
DUC-B-03628,p6-2x1,Yellow,#F4EE2A,48,3628,27.0,12.0,172.8,0,CONCEPT_NOT_FIT_VALIDATED
DUC-B-03629,p6-1x1,Yellow,#F4EE2A,48,3629,24.0,18.0,172.8,0,CONCEPT_NOT_FIT_VALIDATED
DUC-B-03630,p6-1x1,Yellow,#F4EE2A,48,3630,36.0,0.0,172.8,0,CONCEPT_NOT_FIT_VALIDATED
DUC-B-03631,p6-2x1,Yellow,#F4EE2A,49,3631,-9.0,-30.0,176.4,0,CONCEPT_NOT_FIT_VALIDATED
DUC-B-03632,p6-2x1,Yellow,#F4EE2A,49,3632,3.0,-30.0,176.4,0,CONCEPT_NOT_FIT_VALIDATED
DUC-B-03633,p6-1x1,Yellow,#F4EE2A,49,3633,12.0,-30.0,176.4,0,CONCEPT_NOT_FIT_VALIDATED
DUC-B-03634,p6-4x1,Yellow,#F4EE2A,49,3634,-18.0,-15.0,176.4,90,CONCEPT_NOT_FIT_VALIDATED
DUC-B-03635,p6-4x2,Yellow,#F4EE2A,49,3635,-9.0,-15.0,176.4,90,CONCEPT_NOT_FIT_VALIDATED
DUC-B-03636,p6-4x2,Yellow,#F4EE2A,49,3636,3.0,-15.0,176.4,90,CONCEPT_NOT_FIT_VALIDATED
DUC-B-03637,p6-4x2,Yellow,#F4EE2A,49,3637,15.0,-15.0,176.4,90,CONCEPT_NOT_FIT_VALIDATED
DUC-B-03638,p6-3x1,Yellow,#F4EE2A,49,3638,-24.0,-12.0,176.4,90,CONCEPT_NOT_FIT_VALIDATED
DUC-B-03639,p6-3x1,Yellow,#F4EE2A,49,3639,24.0,-12.0,176.4,90,CONCEPT_NOT_FIT_VALIDATED
DUC-B-03640,p6-2x1,Yellow,#F4EE2A,49,3640,-21.0,0.0,176.4,0,CONCEPT_NOT_FIT_VALIDATED
DUC-B-03641,p6-3x2,Yellow,#F4EE2A,49,3641,-9.0,6.0,176.4,90,CONCEPT_NOT_FIT_VALIDATED
DUC-B-03642,p6-3x2,Yellow,#F4EE2A,49,3642,3.0,6.0,176.4,90,CONCEPT_NOT_FIT_VALIDATED
DUC-B-03643,p6-2x2,Yellow,#F4EE2A,49,3643,15.0,3.0,176.4,0,CONCEPT_NOT_FIT_VALIDATED
DUC-B-03644,p6-1x1,Yellow,#F4EE2A,49,3644,24.0,0.0,176.4,0,CONCEPT_NOT_FIT_VALIDATED
DUC-B-03645,p6-2x1,Yellow,#F4EE2A,49,3645,-18.0,9.0,176.4,90,CONCEPT_NOT_FIT_VALIDATED
DUC-B-03646,p6-1x1,Yellow,#F4EE2A,49,3646,12.0,12.0,176.4,0,CONCEPT_NOT_FIT_VALIDATED
