part_id,type_id,color,hex,layer,assembly_step,x_mm,y_mm,z_mm,rotation_z_deg,status
MON-C-00001,p8-1x1,Purple,#5E43B7,0,1,-40.0,-24.0,0.0,0,CONCEPT_NOT_FIT_VALIDATED
MON-C-00002,p8-2x1,Purple,#5E43B7,0,2,-40.0,-12.0,0.0,90,CONCEPT_NOT_FIT_VALIDATED
MON-C-00003,p8-2x1,Purple,#5E43B7,0,3,-40.0,4.0,0.0,90,CONCEPT_NOT_FIT_VALIDATED
MON-C-00004,p8-4x2,Purple,#5E43B7,0,4,-20.0,-28.0,0.0,0,CONCEPT_NOT_FIT_VALIDATED
MON-C-00005,p8-4x2,Purple,#5E43B7,0,5,-20.0,-12.0,0.0,0,CONCEPT_NOT_FIT_VALIDATED
MON-C-00006,p8-4x2,Purple,#5E43B7,0,6,-20.0,4.0,0.0,0,CONCEPT_NOT_FIT_VALIDATED
MON-C-00007,p8-4x1,Purple,#5E43B7,0,7,-20.0,16.0,0.0,0,CONCEPT_NOT_FIT_VALIDATED
MON-C-00008,p8-3x1,Purple,#5E43B7,0,8,-16.0,-40.0,0.0,0,CONCEPT_NOT_FIT_VALIDATED
MON-C-00009,p8-3x1,Purple,#5E43B7,0,9,-16.0,24.0,0.0,0,CONCEPT_NOT_FIT_VALIDATED
MON-C-00010,p8-1x1,Purple,#5E43B7,0,10,-8.0,-48.0,0.0,0,CONCEPT_NOT_FIT_VALIDATED
MON-C-00011,p8-2x1,Purple,#5E43B7,0,11,0.0,-44.0,0.0,90,CONCEPT_NOT_FIT_VALIDATED
MON-C-00012,p8-4x2,Purple,#5E43B7,0,12,12.0,-28.0,0.0,0,CONCEPT_NOT_FIT_VALIDATED
MON-C-00013,p8-4x2,Purple,#5E43B7,0,13,12.0,-12.0,0.0,0,CONCEPT_NOT_FIT_VALIDATED
MON-C-00014,p8-4x2,Purple,#5E43B7,0,14,12.0,4.0,0.0,0,CONCEPT_NOT_FIT_VALIDATED
MON-C-00015,p8-3x2,Purple,#5E43B7,0,15,8.0,20.0,0.0,0,CONCEPT_NOT_FIT_VALIDATED
MON-C-00016,p8-3x1,Purple,#5E43B7,0,16,16.0,-40.0,0.0,0,CONCEPT_NOT_FIT_VALIDATED
MON-C-00017,p8-1x1,Purple,#5E43B7,0,17,24.0,16.0,0.0,0,CONCEPT_NOT_FIT_VALIDATED
MON-C-00018,p8-2x1,Purple,#5E43B7,0,18,32.0,-28.0,0.0,90,CONCEPT_NOT_FIT_VALIDATED
MON-C-00019,p8-2x2,Purple,#5E43B7,0,19,36.0,-12.0,0.0,0,CONCEPT_NOT_FIT_VALIDATED
MON-C-00020,p8-2x1,Purple,#5E43B7,0,20,36.0,0.0,0.0,0,CONCEPT_NOT_FIT_VALIDATED
MON-C-00021,p8-1x1,Purple,#5E43B7,0,21,32.0,8.0,0.0,0,CONCEPT_NOT_FIT_VALIDATED
MON-C-00022,p8-1x1,Purple,#5E43B7,0,22,40.0,-24.0,0.0,0,CONCEPT_NOT_FIT_VALIDATED
MON-C-00023,p8-3x1,Purple,#5E43B7,1,23,-24.0,-48.0,4.8,90,CONCEPT_NOT_FIT_VALIDATED
MON-C-00024,p8-3x2,Purple,#5E43B7,1,24,-12.0,-48.0,4.8,90,CONCEPT_NOT_FIT_VALIDATED
MON-C-00025,p8-3x2,Purple,#5E43B7,1,25,4.0,-48.0,4.8,90,CONCEPT_NOT_FIT_VALIDATED
MON-C-00026,p8-3x2,Purple,#5E43B7,1,26,20.0,-48.0,4.8,90,CONCEPT_NOT_FIT_VALIDATED
MON-C-00032,p8-4x2,Purple,#5E43B7,1,27,-44.0,-20.0,4.8,90,CONCEPT_NOT_FIT_VALIDATED
MON-C-00033,p8-4x2,Purple,#5E43B7,1,28,-28.0,-20.0,4.8,90,CONCEPT_NOT_FIT_VALIDATED
MON-C-00034,p8-4x2,Purple,#5E43B7,1,29,-12.0,-20.0,4.8,90,CONCEPT_NOT_FIT_VALIDATED
MON-C-00035,p8-4x2,Purple,#5E43B7,1,30,4.0,-20.0,4.8,90,CONCEPT_NOT_FIT_VALIDATED
MON-C-00036,p8-4x2,Purple,#5E43B7,1,31,20.0,-20.0,4.8,90,CONCEPT_NOT_FIT_VALIDATED
MON-C-00037,p8-4x2,Purple,#5E43B7,1,32,36.0,-20.0,4.8,90,CONCEPT_NOT_FIT_VALIDATED
MON-C-00042,p8-3x2,Purple,#5E43B7,1,33,-44.0,8.0,4.8,90,CONCEPT_NOT_FIT_VALIDATED
MON-C-00043,p8-4x2,Purple,#5E43B7,1,34,-28.0,12.0,4.8,90,CONCEPT_NOT_FIT_VALIDATED
MON-C-00044,p8-4x2,Purple,#5E43B7,1,35,-12.0,12.0,4.8,90,CONCEPT_NOT_FIT_VALIDATED
MON-C-00045,p8-4x2,Purple,#5E43B7,1,36,4.0,12.0,4.8,90,CONCEPT_NOT_FIT_VALIDATED
MON-C-00046,p8-4x2,Purple,#5E43B7,1,37,20.0,12.0,4.8,90,CONCEPT_NOT_FIT_VALIDATED
MON-C-00047,p8-4x2,Purple,#5E43B7,1,38,36.0,12.0,4.8,90,CONCEPT_NOT_FIT_VALIDATED
MON-C-00056,p8-3x1,Purple,#5E43B7,2,39,-56.0,-32.0,9.6,0,CONCEPT_NOT_FIT_VALIDATED
MON-C-00057,p8-3x2,Purple,#5E43B7,2,40,-56.0,-20.0,9.6,0,CONCEPT_NOT_FIT_VALIDATED
MON-C-00039,p8-3x1,Purple,#5E43B7,1,41,-56.0,-16.0,4.8,90,CONCEPT_NOT_FIT_VALIDATED
MON-C-00058,p8-3x2,Purple,#5E43B7,2,42,-56.0,-4.0,9.6,0,CONCEPT_NOT_FIT_VALIDATED
MON-C-00041,p8-1x1,Purple,#5E43B7,1,43,-56.0,0.0,4.8,0,CONCEPT_NOT_FIT_VALIDATED
MON-C-00060,p8-2x2,Purple,#5E43B7,2,44,-52.0,12.0,9.6,0,CONCEPT_NOT_FIT_VALIDATED
MON-C-00064,p8-4x2,Purple,#5E43B7,2,45,-28.0,-52.0,9.6,0,CONCEPT_NOT_FIT_VALIDATED
MON-C-00027,p8-2x1,Purple,#5E43B7,1,46,-40.0,-44.0,4.8,90,CONCEPT_NOT_FIT_VALIDATED
MON-C-00028,p8-2x1,Purple,#5E43B7,1,47,-32.0,-44.0,4.8,90,CONCEPT_NOT_FIT_VALIDATED
MON-C-00065,p8-4x2,Purple,#5E43B7,2,48,-28.0,-36.0,9.6,0,CONCEPT_NOT_FIT_VALIDATED
MON-C-00066,p8-4x2,Purple,#5E43B7,2,49,-28.0,-20.0,9.6,0,CONCEPT_NOT_FIT_VALIDATED
MON-C-00067,p8-4x2,Purple,#5E43B7,2,50,-28.0,-4.0,9.6,0,CONCEPT_NOT_FIT_VALIDATED
MON-C-00068,p8-4x2,Purple,#5E43B7,2,51,-28.0,12.0,9.6,0,CONCEPT_NOT_FIT_VALIDATED
MON-C-00069,p8-4x2,Purple,#5E43B7,2,52,-28.0,28.0,9.6,0,CONCEPT_NOT_FIT_VALIDATED
MON-C-00049,p8-1x1,Purple,#5E43B7,1,53,-40.0,24.0,4.8,0,CONCEPT_NOT_FIT_VALIDATED
MON-C-00050,p8-2x1,Purple,#5E43B7,1,54,-28.0,32.0,4.8,0,CONCEPT_NOT_FIT_VALIDATED
MON-C-00051,p8-2x2,Purple,#5E43B7,1,55,-12.0,36.0,4.8,0,CONCEPT_NOT_FIT_VALIDATED
MON-C-00070,p8-4x1,Purple,#5E43B7,2,56,-28.0,40.0,9.6,0,CONCEPT_NOT_FIT_VALIDATED
MON-C-00075,p8-4x2,Purple,#5E43B7,2,57,4.0,-52.0,9.6,0,CONCEPT_NOT_FIT_VALIDATED
MON-C-00076,p8-4x2,Purple,#5E43B7,2,58,4.0,-36.0,9.6,0,CONCEPT_NOT_FIT_VALIDATED
MON-C-00077,p8-4x2,Purple,#5E43B7,2,59,4.0,-20.0,9.6,0,CONCEPT_NOT_FIT_VALIDATED
MON-C-00078,p8-4x2,Purple,#5E43B7,2,60,4.0,-4.0,9.6,0,CONCEPT_NOT_FIT_VALIDATED
MON-C-00079,p8-4x2,Purple,#5E43B7,2,61,4.0,12.0,9.6,0,CONCEPT_NOT_FIT_VALIDATED
MON-C-00080,p8-4x2,Purple,#5E43B7,2,62,4.0,28.0,9.6,0,CONCEPT_NOT_FIT_VALIDATED
MON-C-00052,p8-2x2,Purple,#5E43B7,1,63,4.0,36.0,4.8,0,CONCEPT_NOT_FIT_VALIDATED
MON-C-00053,p8-2x1,Purple,#5E43B7,1,64,16.0,36.0,4.8,90,CONCEPT_NOT_FIT_VALIDATED
MON-C-00081,p8-4x2,Purple,#5E43B7,2,65,4.0,44.0,9.6,0,CONCEPT_NOT_FIT_VALIDATED
MON-C-00083,p8-3x2,Purple,#5E43B7,2,66,32.0,-52.0,9.6,0,CONCEPT_NOT_FIT_VALIDATED
MON-C-00029,p8-2x2,Purple,#5E43B7,1,67,36.0,-44.0,4.8,0,CONCEPT_NOT_FIT_VALIDATED
MON-C-00084,p8-4x2,Purple,#5E43B7,2,68,36.0,-36.0,9.6,0,CONCEPT_NOT_FIT_VALIDATED
MON-C-00031,p8-1x1,Purple,#5E43B7,1,69,48.0,-40.0,4.8,0,CONCEPT_NOT_FIT_VALIDATED
MON-C-00038,p8-4x1,Purple,#5E43B7,1,70,48.0,-20.0,4.8,90,CONCEPT_NOT_FIT_VALIDATED
MON-C-00085,p8-4x2,Purple,#5E43B7,2,71,36.0,-20.0,9.6,0,CONCEPT_NOT_FIT_VALIDATED
MON-C-00086,p8-4x2,Purple,#5E43B7,2,72,36.0,-4.0,9.6,0,CONCEPT_NOT_FIT_VALIDATED
MON-C-00048,p8-3x1,Purple,#5E43B7,1,73,48.0,8.0,4.8,90,CONCEPT_NOT_FIT_VALIDATED
MON-C-00087,p8-4x2,Purple,#5E43B7,2,74,36.0,12.0,9.6,0,CONCEPT_NOT_FIT_VALIDATED
MON-C-00088,p8-4x2,Purple,#5E43B7,2,75,36.0,28.0,9.6,0,CONCEPT_NOT_FIT_VALIDATED
MON-C-00054,p8-1x1,Purple,#5E43B7,1,76,24.0,32.0,4.8,0,CONCEPT_NOT_FIT_VALIDATED
MON-C-00055,p8-1x1,Purple,#5E43B7,1,77,32.0,32.0,4.8,0,CONCEPT_NOT_FIT_VALIDATED
MON-C-00099,p8-3x2,Purple,#5E43B7,3,78,-20.0,-56.0,14.4,90,CONCEPT_NOT_FIT_VALIDATED
MON-C-00071,p8-1x1,Hot pink,#F5547C,2,79,-24.0,-64.0,9.6,0,CONCEPT_NOT_FIT_VALIDATED
MON-C-00073,p8-1x1,Purple,#5E43B7,2,80,-16.0,-64.0,9.6,0,CONCEPT_NOT_FIT_VALIDATED
MON-C-00100,p8-3x2,Purple,#5E43B7,3,81,-4.0,-56.0,14.4,90,CONCEPT_NOT_FIT_VALIDATED
MON-C-00074,p8-4x1,Purple,#5E43B7,2,82,4.0,-64.0,9.6,0,CONCEPT_NOT_FIT_VALIDATED
MON-C-00101,p8-3x2,Purple,#5E43B7,3,83,12.0,-56.0,14.4,90,CONCEPT_NOT_FIT_VALIDATED
MON-C-00105,p8-2x2,Purple,#5E43B7,3,84,-36.0,-52.0,14.4,0,CONCEPT_NOT_FIT_VALIDATED
MON-C-00106,p8-2x2,Purple,#5E43B7,3,85,28.0,-52.0,14.4,0,CONCEPT_NOT_FIT_VALIDATED
MON-C-00107,p8-2x2,Purple,#5E43B7,3,86,44.0,-52.0,14.4,0,CONCEPT_NOT_FIT_VALIDATED
MON-C-00090,p8-1x1,Purple,#5E43B7,2,87,48.0,-48.0,9.6,0,CONCEPT_NOT_FIT_VALIDATED
MON-C-00110,p8-4x1,Purple,#5E43B7,3,88,-64.0,-28.0,14.4,90,CONCEPT_NOT_FIT_VALIDATED
MON-C-00111,p8-4x2,Purple,#5E43B7,3,89,-52.0,-28.0,14.4,90,CONCEPT_NOT_FIT_VALIDATED
MON-C-00059,p8-2x1,Purple,#5E43B7,2,90,-52.0,-40.0,9.6,0,CONCEPT_NOT_FIT_VALIDATED
MON-C-00030,p8-1x1,Purple,#5E43B7,1,91,-48.0,-40.0,4.8,0,CONCEPT_NOT_FIT_VALIDATED
MON-C-00112,p8-4x2,Purple,#5E43B7,3,92,-36.0,-28.0,14.4,90,CONCEPT_NOT_FIT_VALIDATED
MON-C-00113,p8-4x2,Purple,#5E43B7,3,93,-20.0,-28.0,14.4,90,CONCEPT_NOT_FIT_VALIDATED
MON-C-00114,p8-4x2,Purple,#5E43B7,3,94,-4.0,-28.0,14.4,90,CONCEPT_NOT_FIT_VALIDATED
MON-C-00115,p8-4x2,Purple,#5E43B7,3,95,12.0,-28.0,14.4,90,CONCEPT_NOT_FIT_VALIDATED
MON-C-00116,p8-4x2,Purple,#5E43B7,3,96,28.0,-28.0,14.4,90,CONCEPT_NOT_FIT_VALIDATED
MON-C-00117,p8-4x2,Purple,#5E43B7,3,97,44.0,-28.0,14.4,90,CONCEPT_NOT_FIT_VALIDATED
MON-C-00121,p8-2x2,Purple,#5E43B7,3,98,-68.0,-4.0,14.4,0,CONCEPT_NOT_FIT_VALIDATED
MON-C-00122,p8-4x2,Purple,#5E43B7,3,99,-52.0,4.0,14.4,90,CONCEPT_NOT_FIT_VALIDATED
MON-C-00123,p8-4x2,Purple,#5E43B7,3,100,-36.0,4.0,14.4,90,CONCEPT_NOT_FIT_VALIDATED
MON-C-00124,p8-4x2,Purple,#5E43B7,3,101,-20.0,4.0,14.4,90,CONCEPT_NOT_FIT_VALIDATED
MON-C-00125,p8-4x2,Purple,#5E43B7,3,102,-4.0,4.0,14.4,90,CONCEPT_NOT_FIT_VALIDATED
MON-C-00126,p8-4x2,Purple,#5E43B7,3,103,12.0,4.0,14.4,90,CONCEPT_NOT_FIT_VALIDATED
MON-C-00127,p8-4x2,Purple,#5E43B7,3,104,28.0,4.0,14.4,90,CONCEPT_NOT_FIT_VALIDATED
MON-C-00128,p8-4x2,Purple,#5E43B7,3,105,44.0,4.0,14.4,90,CONCEPT_NOT_FIT_VALIDATED
MON-C-00134,p8-4x2,Purple,#5E43B7,3,106,-36.0,36.0,14.4,90,CONCEPT_NOT_FIT_VALIDATED
MON-C-00135,p8-4x2,Purple,#5E43B7,3,107,-20.0,36.0,14.4,90,CONCEPT_NOT_FIT_VALIDATED
MON-C-00072,p8-2x1,Purple,#5E43B7,2,108,-20.0,48.0,9.6,0,CONCEPT_NOT_FIT_VALIDATED
MON-C-00136,p8-4x2,Purple,#5E43B7,3,109,-4.0,36.0,14.4,90,CONCEPT_NOT_FIT_VALIDATED
MON-C-00137,p8-4x2,Purple,#5E43B7,3,110,12.0,36.0,14.4,90,CONCEPT_NOT_FIT_VALIDATED
MON-C-00138,p8-4x2,Purple,#5E43B7,3,111,28.0,36.0,14.4,90,CONCEPT_NOT_FIT_VALIDATED
MON-C-00089,p8-3x1,Purple,#5E43B7,2,112,32.0,40.0,9.6,0,CONCEPT_NOT_FIT_VALIDATED
MON-C-00139,p8-3x2,Purple,#5E43B7,3,113,44.0,32.0,14.4,90,CONCEPT_NOT_FIT_VALIDATED
MON-C-00146,p8-3x1,Purple,#5E43B7,4,114,-64.0,-40.0,19.2,0,CONCEPT_NOT_FIT_VALIDATED
MON-C-00147,p8-3x2,Purple,#5E43B7,4,115,-64.0,-28.0,19.2,0,CONCEPT_NOT_FIT_VALIDATED
MON-C-00119,p8-2x1,Purple,#5E43B7,3,116,-72.0,-20.0,14.4,90,CONCEPT_NOT_FIT_VALIDATED
MON-C-00148,p8-3x2,Purple,#5E43B7,4,117,-64.0,-12.0,19.2,0,CONCEPT_NOT_FIT_VALIDATED
MON-C-00149,p8-3x2,Purple,#5E43B7,4,118,-64.0,4.0,19.2,0,CONCEPT_NOT_FIT_VALIDATED
MON-C-00131,p8-2x1,Purple,#5E43B7,3,119,-64.0,12.0,14.4,90,CONCEPT_NOT_FIT_VALIDATED
MON-C-00150,p8-3x1,Purple,#5E43B7,4,120,-64.0,16.0,19.2,0,CONCEPT_NOT_FIT_VALIDATED
MON-C-00157,p8-4x1,Purple,#5E43B7,4,121,-36.0,-56.0,19.2,0,CONCEPT_NOT_FIT_VALIDATED
MON-C-00104,p8-2x2,Purple,#5E43B7,3,122,-52.0,-52.0,14.4,0,CONCEPT_NOT_FIT_VALIDATED
MON-C-00062,p8-1x1,Purple,#5E43B7,2,123,-48.0,-48.0,9.6,0,CONCEPT_NOT_FIT_VALIDATED
MON-C-00151,p8-2x1,Purple,#5E43B7,4,124,-60.0,-48.0,19.2,0,CONCEPT_NOT_FIT_VALIDATED
MON-C-00108,p8-1x1,Purple,#5E43B7,3,125,-64.0,-48.0,14.4,0,CONCEPT_NOT_FIT_VALIDATED
MON-C-00154,p8-1x1,Purple,#5E43B7,4,126,-56.0,-56.0,19.2,0,CONCEPT_NOT_FIT_VALIDATED
MON-C-00158,p8-4x2,Purple,#5E43B7,4,127,-36.0,-44.0,19.2,0,CONCEPT_NOT_FIT_VALIDATED
MON-C-00159,p8-4x2,Purple,#5E43B7,4,128,-36.0,-28.0,19.2,0,CONCEPT_NOT_FIT_VALIDATED
MON-C-00160,p8-4x2,Purple,#5E43B7,4,129,-36.0,-12.0,19.2,0,CONCEPT_NOT_FIT_VALIDATED
MON-C-00161,p8-4x2,Purple,#5E43B7,4,130,-36.0,4.0,19.2,0,CONCEPT_NOT_FIT_VALIDATED
MON-C-00162,p8-4x2,Purple,#5E43B7,4,131,-36.0,20.0,19.2,0,CONCEPT_NOT_FIT_VALIDATED
MON-C-00133,p8-2x2,Purple,#5E43B7,3,132,-52.0,28.0,14.4,0,CONCEPT_NOT_FIT_VALIDATED
MON-C-00061,p8-2x1,Purple,#5E43B7,2,133,-52.0,24.0,9.6,0,CONCEPT_NOT_FIT_VALIDATED
MON-C-00063,p8-1x1,Purple,#5E43B7,2,134,-48.0,32.0,9.6,0,CONCEPT_NOT_FIT_VALIDATED
MON-C-00152,p8-2x1,Purple,#5E43B7,4,135,-60.0,24.0,19.2,0,CONCEPT_NOT_FIT_VALIDATED
MON-C-00132,p8-1x1,Purple,#5E43B7,3,136,-64.0,24.0,14.4,0,CONCEPT_NOT_FIT_VALIDATED
MON-C-00153,p8-2x1,Purple,#5E43B7,4,137,-60.0,32.0,19.2,0,CONCEPT_NOT_FIT_VALIDATED
MON-C-00163,p8-4x2,Purple,#5E43B7,4,138,-36.0,36.0,19.2,0,CONCEPT_NOT_FIT_VALIDATED
MON-C-00141,p8-1x1,Purple,#5E43B7,3,139,-48.0,40.0,14.4,0,CONCEPT_NOT_FIT_VALIDATED
MON-C-00164,p8-4x1,Purple,#5E43B7,4,140,-36.0,48.0,19.2,0,CONCEPT_NOT_FIT_VALIDATED
MON-C-00167,p8-2x1,Purple,#5E43B7,4,141,-28.0,-64.0,19.2,0,CONCEPT_NOT_FIT_VALIDATED
MON-C-00098,p8-2x1,Hot pink,#F5547C,3,142,-36.0,-64.0,14.4,0,CONCEPT_NOT_FIT_VALIDATED
MON-C-00156,p8-2x1,Hot pink,#F5547C,4,143,-44.0,-64.0,19.2,0,CONCEPT_NOT_FIT_VALIDATED
MON-C-00169,p8-4x2,Purple,#5E43B7,4,144,-4.0,-60.0,19.2,0,CONCEPT_NOT_FIT_VALIDATED
MON-C-00170,p8-4x2,Purple,#5E43B7,4,145,-4.0,-44.0,19.2,0,CONCEPT_NOT_FIT_VALIDATED
MON-C-00171,p8-4x2,Purple,#5E43B7,4,146,-4.0,-28.0,19.2,0,CONCEPT_NOT_FIT_VALIDATED
MON-C-00172,p8-4x2,Purple,#5E43B7,4,147,-4.0,-12.0,19.2,0,CONCEPT_NOT_FIT_VALIDATED
MON-C-00173,p8-4x2,Purple,#5E43B7,4,148,-4.0,4.0,19.2,0,CONCEPT_NOT_FIT_VALIDATED
MON-C-00174,p8-4x2,Purple,#5E43B7,4,149,-4.0,20.0,19.2,0,CONCEPT_NOT_FIT_VALIDATED
MON-C-00175,p8-4x2,Purple,#5E43B7,4,150,-4.0,36.0,19.2,0,CONCEPT_NOT_FIT_VALIDATED
MON-C-00176,p8-4x2,Purple,#5E43B7,4,151,-4.0,52.0,19.2,0,CONCEPT_NOT_FIT_VALIDATED
MON-C-00143,p8-2x1,Purple,#5E43B7,3,152,-20.0,56.0,14.4,0,CONCEPT_NOT_FIT_VALIDATED
MON-C-00144,p8-2x1,Purple,#5E43B7,3,153,-4.0,56.0,14.4,0,CONCEPT_NOT_FIT_VALIDATED
MON-C-00145,p8-2x1,Purple,#5E43B7,3,154,12.0,56.0,14.4,0,CONCEPT_NOT_FIT_VALIDATED
MON-C-00165,p8-3x1,Purple,#5E43B7,4,155,-32.0,56.0,19.2,0,CONCEPT_NOT_FIT_VALIDATED
MON-C-00179,p8-3x2,Purple,#5E43B7,4,156,24.0,-60.0,19.2,0,CONCEPT_NOT_FIT_VALIDATED
MON-C-00102,p8-2x1,Hot pink,#F5547C,3,157,28.0,-64.0,14.4,0,CONCEPT_NOT_FIT_VALIDATED
MON-C-00082,p8-1x1,Hot pink,#F5547C,2,158,24.0,-64.0,9.6,0,CONCEPT_NOT_FIT_VALIDATED
MON-C-00180,p8-4x2,Purple,#5E43B7,4,159,28.0,-44.0,19.2,0,CONCEPT_NOT_FIT_VALIDATED
MON-C-00181,p8-4x2,Purple,#5E43B7,4,160,28.0,-28.0,19.2,0,CONCEPT_NOT_FIT_VALIDATED
MON-C-00182,p8-4x2,Purple,#5E43B7,4,161,28.0,-12.0,19.2,0,CONCEPT_NOT_FIT_VALIDATED
MON-C-00183,p8-4x2,Purple,#5E43B7,4,162,28.0,4.0,19.2,0,CONCEPT_NOT_FIT_VALIDATED
MON-C-00184,p8-4x2,Purple,#5E43B7,4,163,28.0,20.0,19.2,0,CONCEPT_NOT_FIT_VALIDATED
MON-C-00185,p8-4x2,Purple,#5E43B7,4,164,28.0,36.0,19.2,0,CONCEPT_NOT_FIT_VALIDATED
MON-C-00186,p8-3x2,Purple,#5E43B7,4,165,24.0,52.0,19.2,0,CONCEPT_NOT_FIT_VALIDATED
MON-C-00188,p8-1x1,Purple,#5E43B7,4,166,40.0,-56.0,19.2,0,CONCEPT_NOT_FIT_VALIDATED
MON-C-00191,p8-2x1,Purple,#5E43B7,4,167,52.0,-56.0,19.2,0,CONCEPT_NOT_FIT_VALIDATED
MON-C-00192,p8-3x2,Purple,#5E43B7,4,168,56.0,-44.0,19.2,0,CONCEPT_NOT_FIT_VALIDATED
MON-C-00109,p8-1x1,Purple,#5E43B7,3,169,56.0,-48.0,14.4,0,CONCEPT_NOT_FIT_VALIDATED
MON-C-00118,p8-4x2,Purple,#5E43B7,3,170,60.0,-28.0,14.4,90,CONCEPT_NOT_FIT_VALIDATED
MON-C-00091,p8-2x1,Purple,#5E43B7,2,171,56.0,-36.0,9.6,90,CONCEPT_NOT_FIT_VALIDATED
MON-C-00092,p8-2x2,Purple,#5E43B7,2,172,60.0,-20.0,9.6,0,CONCEPT_NOT_FIT_VALIDATED
MON-C-00040,p8-2x1,Purple,#5E43B7,1,173,56.0,-20.0,4.8,90,CONCEPT_NOT_FIT_VALIDATED
MON-C-00193,p8-4x2,Purple,#5E43B7,4,174,60.0,-28.0,19.2,0,CONCEPT_NOT_FIT_VALIDATED
MON-C-00194,p8-4x2,Purple,#5E43B7,4,175,60.0,-12.0,19.2,0,CONCEPT_NOT_FIT_VALIDATED
MON-C-00120,p8-1x1,Purple,#5E43B7,3,176,72.0,-16.0,14.4,0,CONCEPT_NOT_FIT_VALIDATED
MON-C-00129,p8-4x2,Purple,#5E43B7,3,177,60.0,4.0,14.4,90,CONCEPT_NOT_FIT_VALIDATED
MON-C-00093,p8-2x2,Purple,#5E43B7,2,178,60.0,-4.0,9.6,0,CONCEPT_NOT_FIT_VALIDATED
MON-C-00094,p8-2x1,Purple,#5E43B7,2,179,56.0,12.0,9.6,90,CONCEPT_NOT_FIT_VALIDATED
MON-C-00130,p8-1x1,Purple,#5E43B7,3,180,72.0,-8.0,14.4,0,CONCEPT_NOT_FIT_VALIDATED
MON-C-00195,p8-4x2,Purple,#5E43B7,4,181,60.0,4.0,19.2,0,CONCEPT_NOT_FIT_VALIDATED
MON-C-00196,p8-3x2,Purple,#5E43B7,4,182,56.0,20.0,19.2,0,CONCEPT_NOT_FIT_VALIDATED
MON-C-00140,p8-2x1,Purple,#5E43B7,3,183,56.0,28.0,14.4,90,CONCEPT_NOT_FIT_VALIDATED
MON-C-00197,p8-2x2,Purple,#5E43B7,4,184,52.0,36.0,19.2,0,CONCEPT_NOT_FIT_VALIDATED
MON-C-00208,p8-3x1,Purple,#5E43B7,5,185,-24.0,-64.0,24.0,90,CONCEPT_NOT_FIT_VALIDATED
MON-C-00166,p8-2x1,Hot pink,#F5547C,4,186,-28.0,-72.0,19.2,0,CONCEPT_NOT_FIT_VALIDATED
MON-C-00095,p8-2x1,Hot pink,#F5547C,3,187,-20.0,-72.0,14.4,0,CONCEPT_NOT_FIT_VALIDATED
MON-C-00168,p8-4x1,Hot pink,#F5547C,4,188,-4.0,-72.0,19.2,0,CONCEPT_NOT_FIT_VALIDATED
MON-C-00096,p8-2x1,Hot pink,#F5547C,3,189,-4.0,-72.0,14.4,0,CONCEPT_NOT_FIT_VALIDATED
MON-C-00097,p8-2x1,Hot pink,#F5547C,3,190,12.0,-72.0,14.4,0,CONCEPT_NOT_FIT_VALIDATED
MON-C-00178,p8-3x1,Hot pink,#F5547C,4,191,24.0,-72.0,19.2,0,CONCEPT_NOT_FIT_VALIDATED
MON-C-00207,p8-1x1,Hot pink,#F5547C,5,192,-32.0,-72.0,24.0,0,CONCEPT_NOT_FIT_VALIDATED
MON-C-00209,p8-3x2,Purple,#5E43B7,5,193,-12.0,-64.0,24.0,90,CONCEPT_NOT_FIT_VALIDATED
MON-C-00210,p8-3x2,Purple,#5E43B7,5,194,4.0,-64.0,24.0,90,CONCEPT_NOT_FIT_VALIDATED
MON-C-00211,p8-3x2,Purple,#5E43B7,5,195,20.0,-64.0,24.0,90,CONCEPT_NOT_FIT_VALIDATED
MON-C-00212,p8-2x1,Hot pink,#F5547C,5,196,36.0,-72.0,24.0,0,CONCEPT_NOT_FIT_VALIDATED
MON-C-00214,p8-1x1,Hot pink,#F5547C,5,197,-48.0,-64.0,24.0,0,CONCEPT_NOT_FIT_VALIDATED
MON-C-00215,p8-2x1,Purple,#5E43B7,5,198,-40.0,-60.0,24.0,90,CONCEPT_NOT_FIT_VALIDATED
MON-C-00216,p8-2x1,Purple,#5E43B7,5,199,-32.0,-60.0,24.0,90,CONCEPT_NOT_FIT_VALIDATED
MON-C-00217,p8-2x2,Purple,#5E43B7,5,200,36.0,-60.0,24.0,0,CONCEPT_NOT_FIT_VALIDATED
MON-C-00187,p8-1x1,Hot pink,#F5547C,4,201,40.0,-64.0,19.2,0,CONCEPT_NOT_FIT_VALIDATED
MON-C-00103,p8-1x1,Hot pink,#F5547C,3,202,40.0,-64.0,14.4,0,CONCEPT_NOT_FIT_VALIDATED
MON-C-00219,p8-2x1,Purple,#5E43B7,5,203,-60.0,-56.0,24.0,0,CONCEPT_NOT_FIT_VALIDATED
MON-C-00220,p8-1x1,Purple,#5E43B7,5,204,-48.0,-56.0,24.0,0,CONCEPT_NOT_FIT_VALIDATED
MON-C-00221,p8-1x1,Purple,#5E43B7,5,205,48.0,-56.0,24.0,0,CONCEPT_NOT_FIT_VALIDATED
MON-C-00222,p8-1x1,Hot pink,#F5547C,5,206,56.0,-56.0,24.0,0,CONCEPT_NOT_FIT_VALIDATED
MON-C-00223,p8-4x1,Purple,#5E43B7,5,207,-72.0,-36.0,24.0,90,CONCEPT_NOT_FIT_VALIDATED
MON-C-00224,p8-4x2,Purple,#5E43B7,5,208,-60.0,-36.0,24.0,90,CONCEPT_NOT_FIT_VALIDATED
MON-C-00225,p8-4x2,Purple,#5E43B7,5,209,-44.0,-36.0,24.0,90,CONCEPT_NOT_FIT_VALIDATED
MON-C-00226,p8-4x2,Purple,#5E43B7,5,210,-28.0,-36.0,24.0,90,CONCEPT_NOT_FIT_VALIDATED
MON-C-00227,p8-4x2,Purple,#5E43B7,5,211,-12.0,-36.0,24.0,90,CONCEPT_NOT_FIT_VALIDATED
MON-C-00228,p8-4x2,Purple,#5E43B7,5,212,4.0,-36.0,24.0,90,CONCEPT_NOT_FIT_VALIDATED
MON-C-00229,p8-4x2,Purple,#5E43B7,5,213,20.0,-36.0,24.0,90,CONCEPT_NOT_FIT_VALIDATED
MON-C-00230,p8-4x2,Purple,#5E43B7,5,214,36.0,-36.0,24.0,90,CONCEPT_NOT_FIT_VALIDATED
MON-C-00231,p8-4x2,Purple,#5E43B7,5,215,52.0,-36.0,24.0,90,CONCEPT_NOT_FIT_VALIDATED
MON-C-00232,p8-4x2,Purple,#5E43B7,5,216,68.0,-36.0,24.0,90,CONCEPT_NOT_FIT_VALIDATED
MON-C-00200,p8-1x1,Purple,#5E43B7,4,217,72.0,-40.0,19.2,0,CONCEPT_NOT_FIT_VALIDATED
MON-C-00234,p8-4x2,Purple,#5E43B7,5,218,-76.0,-4.0,24.0,90,CONCEPT_NOT_FIT_VALIDATED
MON-C-00235,p8-4x2,Purple,#5E43B7,5,219,-60.0,-4.0,24.0,90,CONCEPT_NOT_FIT_VALIDATED
MON-C-00236,p8-4x2,Purple,#5E43B7,5,220,-44.0,-4.0,24.0,90,CONCEPT_NOT_FIT_VALIDATED
MON-C-00237,p8-4x2,Purple,#5E43B7,5,221,-28.0,-4.0,24.0,90,CONCEPT_NOT_FIT_VALIDATED
MON-C-00238,p8-4x2,Purple,#5E43B7,5,222,-12.0,-4.0,24.0,90,CONCEPT_NOT_FIT_VALIDATED
MON-C-00239,p8-4x2,Purple,#5E43B7,5,223,4.0,-4.0,24.0,90,CONCEPT_NOT_FIT_VALIDATED
MON-C-00240,p8-4x2,Purple,#5E43B7,5,224,20.0,-4.0,24.0,90,CONCEPT_NOT_FIT_VALIDATED
MON-C-00241,p8-4x2,Purple,#5E43B7,5,225,36.0,-4.0,24.0,90,CONCEPT_NOT_FIT_VALIDATED
MON-C-00242,p8-4x2,Purple,#5E43B7,5,226,52.0,-4.0,24.0,90,CONCEPT_NOT_FIT_VALIDATED
MON-C-00243,p8-4x2,Purple,#5E43B7,5,227,68.0,-4.0,24.0,90,CONCEPT_NOT_FIT_VALIDATED
MON-C-00245,p8-2x1,Purple,#5E43B7,5,228,-76.0,16.0,24.0,0,CONCEPT_NOT_FIT_VALIDATED
MON-C-00246,p8-4x2,Purple,#5E43B7,5,229,-60.0,28.0,24.0,90,CONCEPT_NOT_FIT_VALIDATED
MON-C-00155,p8-1x1,Purple,#5E43B7,4,230,-56.0,40.0,19.2,0,CONCEPT_NOT_FIT_VALIDATED
MON-C-00247,p8-4x2,Purple,#5E43B7,5,231,-44.0,28.0,24.0,90,CONCEPT_NOT_FIT_VALIDATED
MON-C-00248,p8-4x2,Purple,#5E43B7,5,232,-28.0,28.0,24.0,90,CONCEPT_NOT_FIT_VALIDATED
MON-C-00249,p8-4x2,Purple,#5E43B7,5,233,-12.0,28.0,24.0,90,CONCEPT_NOT_FIT_VALIDATED
MON-C-00250,p8-4x2,Purple,#5E43B7,5,234,4.0,28.0,24.0,90,CONCEPT_NOT_FIT_VALIDATED
MON-C-00251,p8-4x2,Purple,#5E43B7,5,235,20.0,28.0,24.0,90,CONCEPT_NOT_FIT_VALIDATED
MON-C-00252,p8-4x2,Purple,#5E43B7,5,236,36.0,28.0,24.0,90,CONCEPT_NOT_FIT_VALIDATED
MON-C-00253,p8-4x2,Purple,#5E43B7,5,237,52.0,28.0,24.0,90,CONCEPT_NOT_FIT_VALIDATED
MON-C-00254,p8-4x1,Purple,#5E43B7,5,238,64.0,28.0,24.0,90,CONCEPT_NOT_FIT_VALIDATED
MON-C-00199,p8-1x1,Purple,#5E43B7,4,239,64.0,32.0,19.2,0,CONCEPT_NOT_FIT_VALIDATED
MON-C-00258,p8-2x2,Purple,#5E43B7,5,240,-44.0,52.0,24.0,0,CONCEPT_NOT_FIT_VALIDATED
MON-C-00259,p8-3x2,Purple,#5E43B7,5,241,-28.0,56.0,24.0,90,CONCEPT_NOT_FIT_VALIDATED
MON-C-00260,p8-3x2,Purple,#5E43B7,5,242,-12.0,56.0,24.0,90,CONCEPT_NOT_FIT_VALIDATED
MON-C-00177,p8-3x1,Purple,#5E43B7,4,243,0.0,64.0,19.2,0,CONCEPT_NOT_FIT_VALIDATED
MON-C-00261,p8-3x2,Purple,#5E43B7,5,244,4.0,56.0,24.0,90,CONCEPT_NOT_FIT_VALIDATED
MON-C-00262,p8-3x2,Purple,#5E43B7,5,245,20.0,56.0,24.0,90,CONCEPT_NOT_FIT_VALIDATED
MON-C-00263,p8-2x2,Purple,#5E43B7,5,246,36.0,52.0,24.0,0,CONCEPT_NOT_FIT_VALIDATED
MON-C-00189,p8-1x1,Purple,#5E43B7,4,247,40.0,48.0,19.2,0,CONCEPT_NOT_FIT_VALIDATED
MON-C-00142,p8-1x1,Purple,#5E43B7,3,248,40.0,48.0,14.4,0,CONCEPT_NOT_FIT_VALIDATED
MON-C-00267,p8-3x2,Purple,#5E43B7,6,249,-72.0,-36.0,28.8,0,CONCEPT_NOT_FIT_VALIDATED
MON-C-00268,p8-3x2,Purple,#5E43B7,6,250,-72.0,-20.0,28.8,0,CONCEPT_NOT_FIT_VALIDATED
MON-C-00233,p8-1x1,Purple,#5E43B7,5,251,-80.0,-24.0,24.0,0,CONCEPT_NOT_FIT_VALIDATED
MON-C-00269,p8-3x2,Purple,#5E43B7,6,252,-72.0,-4.0,28.8,0,CONCEPT_NOT_FIT_VALIDATED
MON-C-00270,p8-3x2,Purple,#5E43B7,6,253,-72.0,12.0,28.8,0,CONCEPT_NOT_FIT_VALIDATED
MON-C-00271,p8-3x1,Purple,#5E43B7,6,254,-72.0,24.0,28.8,0,CONCEPT_NOT_FIT_VALIDATED
MON-C-00256,p8-2x1,Purple,#5E43B7,5,255,-72.0,28.0,24.0,90,CONCEPT_NOT_FIT_VALIDATED
MON-C-00272,p8-2x1,Purple,#5E43B7,6,256,-68.0,-48.0,28.8,0,CONCEPT_NOT_FIT_VALIDATED
MON-C-00273,p8-2x1,Purple,#5E43B7,6,257,-68.0,32.0,28.8,0,CONCEPT_NOT_FIT_VALIDATED
MON-C-00274,p8-2x1,Purple,#5E43B7,6,258,-68.0,40.0,28.8,0,CONCEPT_NOT_FIT_VALIDATED
MON-C-00275,p8-1x1,Hot pink,#F5547C,6,259,-64.0,-56.0,28.8,0,CONCEPT_NOT_FIT_VALIDATED
MON-C-00278,p8-4x2,Purple,#5E43B7,6,260,-44.0,-52.0,28.8,0,CONCEPT_NOT_FIT_VALIDATED
MON-C-00279,p8-4x2,Purple,#5E43B7,6,261,-44.0,-36.0,28.8,0,CONCEPT_NOT_FIT_VALIDATED
MON-C-00280,p8-4x2,Purple,#5E43B7,6,262,-44.0,-20.0,28.8,0,CONCEPT_NOT_FIT_VALIDATED
MON-C-00281,p8-4x2,Purple,#5E43B7,6,263,-44.0,-4.0,28.8,0,CONCEPT_NOT_FIT_VALIDATED
MON-C-00282,p8-4x2,Purple,#5E43B7,6,264,-44.0,12.0,28.8,0,CONCEPT_NOT_FIT_VALIDATED
MON-C-00283,p8-4x2,Purple,#5E43B7,6,265,-44.0,28.0,28.8,0,CONCEPT_NOT_FIT_VALIDATED
MON-C-00284,p8-4x2,Purple,#5E43B7,6,266,-44.0,44.0,28.8,0,CONCEPT_NOT_FIT_VALIDATED
MON-C-00257,p8-1x1,Purple,#5E43B7,5,267,-56.0,48.0,24.0,0,CONCEPT_NOT_FIT_VALIDATED
MON-C-00285,p8-4x1,Purple,#5E43B7,6,268,-44.0,56.0,28.8,0,CONCEPT_NOT_FIT_VALIDATED
MON-C-00287,p8-3x1,Purple,#5E43B7,6,269,-40.0,-64.0,28.8,0,CONCEPT_NOT_FIT_VALIDATED
MON-C-00288,p8-2x1,Purple,#5E43B7,6,270,-36.0,64.0,28.8,0,CONCEPT_NOT_FIT_VALIDATED
MON-C-00290,p8-1x1,Purple,#5E43B7,6,271,-32.0,-72.0,28.8,0,CONCEPT_NOT_FIT_VALIDATED
MON-C-00292,p8-4x2,Purple,#5E43B7,6,272,-12.0,-68.0,28.8,0,CONCEPT_NOT_FIT_VALIDATED
MON-C-00293,p8-4x2,Purple,#5E43B7,6,273,-12.0,-52.0,28.8,0,CONCEPT_NOT_FIT_VALIDATED
MON-C-00294,p8-4x2,Purple,#5E43B7,6,274,-12.0,-36.0,28.8,0,CONCEPT_NOT_FIT_VALIDATED
MON-C-00295,p8-4x2,Purple,#5E43B7,6,275,-12.0,-20.0,28.8,0,CONCEPT_NOT_FIT_VALIDATED
MON-C-00296,p8-4x2,Purple,#5E43B7,6,276,-12.0,-4.0,28.8,0,CONCEPT_NOT_FIT_VALIDATED
MON-C-00297,p8-4x2,Purple,#5E43B7,6,277,-12.0,12.0,28.8,0,CONCEPT_NOT_FIT_VALIDATED
MON-C-00298,p8-4x2,Purple,#5E43B7,6,278,-12.0,28.0,28.8,0,CONCEPT_NOT_FIT_VALIDATED
MON-C-00299,p8-4x2,Purple,#5E43B7,6,279,-12.0,44.0,28.8,0,CONCEPT_NOT_FIT_VALIDATED
MON-C-00300,p8-4x2,Purple,#5E43B7,6,280,-12.0,60.0,28.8,0,CONCEPT_NOT_FIT_VALIDATED
MON-C-00303,p8-4x2,Purple,#5E43B7,6,281,20.0,-68.0,28.8,0,CONCEPT_NOT_FIT_VALIDATED
MON-C-00304,p8-4x2,Purple,#5E43B7,6,282,20.0,-52.0,28.8,0,CONCEPT_NOT_FIT_VALIDATED
MON-C-00305,p8-4x2,Purple,#5E43B7,6,283,20.0,-36.0,28.8,0,CONCEPT_NOT_FIT_VALIDATED
MON-C-00306,p8-4x2,Purple,#5E43B7,6,284,20.0,-20.0,28.8,0,CONCEPT_NOT_FIT_VALIDATED
MON-C-00307,p8-4x2,Purple,#5E43B7,6,285,20.0,-4.0,28.8,0,CONCEPT_NOT_FIT_VALIDATED
MON-C-00308,p8-4x2,Purple,#5E43B7,6,286,20.0,12.0,28.8,0,CONCEPT_NOT_FIT_VALIDATED
MON-C-00309,p8-4x2,Purple,#5E43B7,6,287,20.0,28.0,28.8,0,CONCEPT_NOT_FIT_VALIDATED
MON-C-00310,p8-4x2,Purple,#5E43B7,6,288,20.0,44.0,28.8,0,CONCEPT_NOT_FIT_VALIDATED
MON-C-00311,p8-4x2,Purple,#5E43B7,6,289,20.0,60.0,28.8,0,CONCEPT_NOT_FIT_VALIDATED
MON-C-00266,p8-1x1,Purple,#5E43B7,5,290,32.0,64.0,24.0,0,CONCEPT_NOT_FIT_VALIDATED
MON-C-00313,p8-2x1,Hot pink,#F5547C,6,291,44.0,-72.0,28.8,0,CONCEPT_NOT_FIT_VALIDATED
MON-C-00314,p8-2x1,Purple,#5E43B7,6,292,44.0,-64.0,28.8,0,CONCEPT_NOT_FIT_VALIDATED
MON-C-00218,p8-2x1,Hot pink,#F5547C,5,293,52.0,-64.0,24.0,0,CONCEPT_NOT_FIT_VALIDATED
MON-C-00190,p8-1x1,Hot pink,#F5547C,4,294,48.0,-64.0,19.2,0,CONCEPT_NOT_FIT_VALIDATED
MON-C-00315,p8-3x2,Purple,#5E43B7,6,295,48.0,-52.0,28.8,0,CONCEPT_NOT_FIT_VALIDATED
MON-C-00316,p8-4x2,Purple,#5E43B7,6,296,52.0,-36.0,28.8,0,CONCEPT_NOT_FIT_VALIDATED
MON-C-00317,p8-4x2,Purple,#5E43B7,6,297,52.0,-20.0,28.8,0,CONCEPT_NOT_FIT_VALIDATED
MON-C-00318,p8-4x2,Purple,#5E43B7,6,298,52.0,-4.0,28.8,0,CONCEPT_NOT_FIT_VALIDATED
MON-C-00319,p8-4x2,Purple,#5E43B7,6,299,52.0,12.0,28.8,0,CONCEPT_NOT_FIT_VALIDATED
MON-C-00320,p8-4x2,Purple,#5E43B7,6,300,52.0,28.0,28.8,0,CONCEPT_NOT_FIT_VALIDATED
MON-C-00321,p8-4x2,Purple,#5E43B7,6,301,52.0,44.0,28.8,0,CONCEPT_NOT_FIT_VALIDATED
MON-C-00264,p8-2x1,Purple,#5E43B7,5,302,48.0,52.0,24.0,90,CONCEPT_NOT_FIT_VALIDATED
MON-C-00198,p8-1x1,Purple,#5E43B7,4,303,48.0,48.0,19.2,0,CONCEPT_NOT_FIT_VALIDATED
MON-C-00265,p8-1x1,Purple,#5E43B7,5,304,56.0,48.0,24.0,0,CONCEPT_NOT_FIT_VALIDATED
MON-C-00322,p8-3x1,Purple,#5E43B7,6,305,48.0,56.0,28.8,0,CONCEPT_NOT_FIT_VALIDATED
MON-C-00324,p8-1x1,Hot pink,#F5547C,6,306,56.0,-64.0,28.8,0,CONCEPT_NOT_FIT_VALIDATED
MON-C-00326,p8-1x1,Purple,#5E43B7,6,307,64.0,-48.0,28.8,0,CONCEPT_NOT_FIT_VALIDATED
MON-C-00327,p8-1x1,Purple,#5E43B7,6,308,72.0,-48.0,28.8,0,CONCEPT_NOT_FIT_VALIDATED
MON-C-00328,p8-2x1,Purple,#5E43B7,6,309,72.0,-36.0,28.8,90,CONCEPT_NOT_FIT_VALIDATED
MON-C-00329,p8-2x2,Purple,#5E43B7,6,310,76.0,-20.0,28.8,0,CONCEPT_NOT_FIT_VALIDATED
MON-C-00244,p8-4x1,Purple,#5E43B7,5,311,80.0,-4.0,24.0,90,CONCEPT_NOT_FIT_VALIDATED
MON-C-00330,p8-2x2,Purple,#5E43B7,6,312,76.0,-4.0,28.8,0,CONCEPT_NOT_FIT_VALIDATED
MON-C-00331,p8-2x2,Purple,#5E43B7,6,313,76.0,12.0,28.8,0,CONCEPT_NOT_FIT_VALIDATED
MON-C-00255,p8-2x1,Purple,#5E43B7,5,314,72.0,20.0,24.0,90,CONCEPT_NOT_FIT_VALIDATED
MON-C-00201,p8-1x1,Purple,#5E43B7,4,315,72.0,16.0,19.2,0,CONCEPT_NOT_FIT_VALIDATED
MON-C-00332,p8-2x1,Purple,#5E43B7,6,316,72.0,28.0,28.8,90,CONCEPT_NOT_FIT_VALIDATED
MON-C-00341,p8-2x2,Purple,#5E43B7,7,317,-36.0,-68.0,33.6,0,CONCEPT_NOT_FIT_VALIDATED
MON-C-00286,p8-2x1,Hot pink,#F5547C,6,318,-44.0,-72.0,28.8,0,CONCEPT_NOT_FIT_VALIDATED
MON-C-00206,p8-1x1,Hot pink,#F5547C,5,319,-40.0,-72.0,24.0,0,CONCEPT_NOT_FIT_VALIDATED
MON-C-00340,p8-2x1,Hot pink,#F5547C,7,320,-52.0,-72.0,33.6,0,CONCEPT_NOT_FIT_VALIDATED
MON-C-00342,p8-2x2,Purple,#5E43B7,7,321,-20.0,-68.0,33.6,0,CONCEPT_NOT_FIT_VALIDATED
MON-C-00343,p8-2x2,Purple,#5E43B7,7,322,-4.0,-68.0,33.6,0,CONCEPT_NOT_FIT_VALIDATED
MON-C-00344,p8-2x2,Purple,#5E43B7,7,323,12.0,-68.0,33.6,0,CONCEPT_NOT_FIT_VALIDATED
MON-C-00345,p8-2x2,Purple,#5E43B7,7,324,28.0,-68.0,33.6,0,CONCEPT_NOT_FIT_VALIDATED
MON-C-00346,p8-2x1,Purple,#5E43B7,7,325,40.0,-68.0,33.6,90,CONCEPT_NOT_FIT_VALIDATED
MON-C-00347,p8-1x1,Hot pink,#F5547C,7,326,48.0,-72.0,33.6,0,CONCEPT_NOT_FIT_VALIDATED
MON-C-00348,p8-2x1,Hot pink,#F5547C,7,327,56.0,-68.0,33.6,90,CONCEPT_NOT_FIT_VALIDATED
MON-C-00350,p8-2x1,Purple,#5E43B7,7,328,-52.0,-64.0,33.6,0,CONCEPT_NOT_FIT_VALIDATED
MON-C-00277,p8-1x1,Hot pink,#F5547C,6,329,-56.0,-64.0,28.8,0,CONCEPT_NOT_FIT_VALIDATED
MON-C-00213,p8-1x1,Hot pink,#F5547C,5,330,-56.0,-64.0,24.0,0,CONCEPT_NOT_FIT_VALIDATED
MON-C-00351,p8-1x1,Purple,#5E43B7,7,331,48.0,-64.0,33.6,0,CONCEPT_NOT_FIT_VALIDATED
MON-C-00352,p8-1x1,Hot pink,#F5547C,7,332,-64.0,-56.0,33.6,0,CONCEPT_NOT_FIT_VALIDATED
MON-C-00353,p8-4x2,Purple,#5E43B7,7,333,-52.0,-44.0,33.6,90,CONCEPT_NOT_FIT_VALIDATED
MON-C-00354,p8-4x2,Purple,#5E43B7,7,334,-36.0,-44.0,33.6,90,CONCEPT_NOT_FIT_VALIDATED
MON-C-00355,p8-4x2,Purple,#5E43B7,7,335,-20.0,-44.0,33.6,90,CONCEPT_NOT_FIT_VALIDATED
MON-C-00356,p8-4x2,Purple,#5E43B7,7,336,-4.0,-44.0,33.6,90,CONCEPT_NOT_FIT_VALIDATED
MON-C-00357,p8-4x2,Purple,#5E43B7,7,337,12.0,-44.0,33.6,90,CONCEPT_NOT_FIT_VALIDATED
MON-C-00358,p8-4x2,Purple,#5E43B7,7,338,28.0,-44.0,33.6,90,CONCEPT_NOT_FIT_VALIDATED
MON-C-00359,p8-4x2,Purple,#5E43B7,7,339,44.0,-44.0,33.6,90,CONCEPT_NOT_FIT_VALIDATED
MON-C-00360,p8-4x1,Purple,#5E43B7,7,340,56.0,-44.0,33.6,90,CONCEPT_NOT_FIT_VALIDATED
MON-C-00362,p8-3x2,Purple,#5E43B7,7,341,-68.0,-40.0,33.6,90,CONCEPT_NOT_FIT_VALIDATED
MON-C-00363,p8-3x1,Purple,#5E43B7,7,342,64.0,-40.0,33.6,90,CONCEPT_NOT_FIT_VALIDATED
MON-C-00364,p8-3x1,Purple,#5E43B7,7,343,72.0,-40.0,33.6,90,CONCEPT_NOT_FIT_VALIDATED
MON-C-00366,p8-2x1,Purple,#5E43B7,7,344,-80.0,-36.0,33.6,90,CONCEPT_NOT_FIT_VALIDATED
MON-C-00368,p8-4x1,Purple,#5E43B7,7,345,-80.0,-12.0,33.6,90,CONCEPT_NOT_FIT_VALIDATED
MON-C-00369,p8-4x2,Purple,#5E43B7,7,346,-68.0,-12.0,33.6,90,CONCEPT_NOT_FIT_VALIDATED
MON-C-00370,p8-4x2,Purple,#5E43B7,7,347,-52.0,-12.0,33.6,90,CONCEPT_NOT_FIT_VALIDATED
MON-C-00371,p8-4x2,Purple,#5E43B7,7,348,-36.0,-12.0,33.6,90,CONCEPT_NOT_FIT_VALIDATED
MON-C-00372,p8-4x2,Purple,#5E43B7,7,349,-20.0,-12.0,33.6,90,CONCEPT_NOT_FIT_VALIDATED
MON-C-00373,p8-4x2,Purple,#5E43B7,7,350,-4.0,-12.0,33.6,90,CONCEPT_NOT_FIT_VALIDATED
MON-C-00374,p8-4x2,Purple,#5E43B7,7,351,12.0,-12.0,33.6,90,CONCEPT_NOT_FIT_VALIDATED
MON-C-00375,p8-4x2,Purple,#5E43B7,7,352,28.0,-12.0,33.6,90,CONCEPT_NOT_FIT_VALIDATED
MON-C-00376,p8-4x2,Purple,#5E43B7,7,353,44.0,-12.0,33.6,90,CONCEPT_NOT_FIT_VALIDATED
MON-C-00377,p8-4x2,Purple,#5E43B7,7,354,60.0,-12.0,33.6,90,CONCEPT_NOT_FIT_VALIDATED
MON-C-00378,p8-4x2,Purple,#5E43B7,7,355,76.0,-12.0,33.6,90,CONCEPT_NOT_FIT_VALIDATED
MON-C-00380,p8-4x1,Purple,#5E43B7,7,356,-80.0,20.0,33.6,90,CONCEPT_NOT_FIT_VALIDATED
MON-C-00381,p8-4x2,Purple,#5E43B7,7,357,-68.0,20.0,33.6,90,CONCEPT_NOT_FIT_VALIDATED
MON-C-00382,p8-4x2,Purple,#5E43B7,7,358,-52.0,20.0,33.6,90,CONCEPT_NOT_FIT_VALIDATED
MON-C-00383,p8-4x2,Purple,#5E43B7,7,359,-36.0,20.0,33.6,90,CONCEPT_NOT_FIT_VALIDATED
MON-C-00384,p8-4x2,Purple,#5E43B7,7,360,-20.0,20.0,33.6,90,CONCEPT_NOT_FIT_VALIDATED
MON-C-00385,p8-4x2,Purple,#5E43B7,7,361,-4.0,20.0,33.6,90,CONCEPT_NOT_FIT_VALIDATED
MON-C-00386,p8-4x2,Purple,#5E43B7,7,362,12.0,20.0,33.6,90,CONCEPT_NOT_FIT_VALIDATED
MON-C-00387,p8-4x2,Purple,#5E43B7,7,363,28.0,20.0,33.6,90,CONCEPT_NOT_FIT_VALIDATED
MON-C-00388,p8-4x2,Purple,#5E43B7,7,364,44.0,20.0,33.6,90,CONCEPT_NOT_FIT_VALIDATED
MON-C-00389,p8-4x2,Purple,#5E43B7,7,365,60.0,20.0,33.6,90,CONCEPT_NOT_FIT_VALIDATED
MON-C-00390,p8-4x2,Purple,#5E43B7,7,366,76.0,20.0,33.6,90,CONCEPT_NOT_FIT_VALIDATED
MON-C-00391,p8-2x1,Purple,#5E43B7,7,367,-68.0,40.0,33.6,0,CONCEPT_NOT_FIT_VALIDATED
MON-C-00392,p8-3x2,Purple,#5E43B7,7,368,-52.0,48.0,33.6,90,CONCEPT_NOT_FIT_VALIDATED
MON-C-00393,p8-4x2,Purple,#5E43B7,7,369,-36.0,52.0,33.6,90,CONCEPT_NOT_FIT_VALIDATED
MON-C-00394,p8-4x2,Purple,#5E43B7,7,370,-20.0,52.0,33.6,90,CONCEPT_NOT_FIT_VALIDATED
MON-C-00395,p8-4x2,Purple,#5E43B7,7,371,-4.0,52.0,33.6,90,CONCEPT_NOT_FIT_VALIDATED
MON-C-00396,p8-4x2,Purple,#5E43B7,7,372,12.0,52.0,33.6,90,CONCEPT_NOT_FIT_VALIDATED
MON-C-00397,p8-4x2,Purple,#5E43B7,7,373,28.0,52.0,33.6,90,CONCEPT_NOT_FIT_VALIDATED
MON-C-00398,p8-4x2,Purple,#5E43B7,7,374,44.0,52.0,33.6,90,CONCEPT_NOT_FIT_VALIDATED
MON-C-00323,p8-1x1,Purple,#5E43B7,6,375,40.0,64.0,28.8,0,CONCEPT_NOT_FIT_VALIDATED
MON-C-00399,p8-2x2,Purple,#5E43B7,7,376,60.0,44.0,33.6,0,CONCEPT_NOT_FIT_VALIDATED
MON-C-00402,p8-1x1,Purple,#5E43B7,7,377,56.0,56.0,33.6,0,CONCEPT_NOT_FIT_VALIDATED
MON-C-00411,p8-3x1,Purple,#5E43B7,8,378,-80.0,-40.0,38.4,0,CONCEPT_NOT_FIT_VALIDATED
MON-C-00412,p8-3x2,Purple,#5E43B7,8,379,-80.0,-12.0,38.4,0,CONCEPT_NOT_FIT_VALIDATED
MON-C-00379,p8-2x1,Purple,#5E43B7,7,380,-88.0,-4.0,33.6,90,CONCEPT_NOT_FIT_VALIDATED
MON-C-00413,p8-3x2,Purple,#5E43B7,8,381,-80.0,4.0,38.4,0,CONCEPT_NOT_FIT_VALIDATED
MON-C-00414,p8-3x1,Purple,#5E43B7,8,382,-80.0,16.0,38.4,0,CONCEPT_NOT_FIT_VALIDATED
MON-C-00415,p8-2x1,Purple,#5E43B7,8,383,-76.0,-48.0,38.4,0,CONCEPT_NOT_FIT_VALIDATED
MON-C-00416,p8-2x2,Purple,#5E43B7,8,384,-76.0,-28.0,38.4,0,CONCEPT_NOT_FIT_VALIDATED
MON-C-00417,p8-2x1,Purple,#5E43B7,8,385,-76.0,24.0,38.4,0,CONCEPT_NOT_FIT_VALIDATED
MON-C-00418,p8-2x2,Purple,#5E43B7,8,386,-76.0,36.0,38.4,0,CONCEPT_NOT_FIT_VALIDATED
MON-C-00420,p8-2x1,Hot pink,#F5547C,8,387,-64.0,-60.0,38.4,90,CONCEPT_NOT_FIT_VALIDATED
MON-C-00349,p8-1x1,Hot pink,#F5547C,7,388,-64.0,-64.0,33.6,0,CONCEPT_NOT_FIT_VALIDATED
MON-C-00421,p8-4x2,Purple,#5E43B7,8,389,-52.0,-44.0,38.4,0,CONCEPT_NOT_FIT_VALIDATED
MON-C-00422,p8-4x2,Purple,#5E43B7,8,390,-52.0,-28.0,38.4,0,CONCEPT_NOT_FIT_VALIDATED
MON-C-00423,p8-4x2,Purple,#5E43B7,8,391,-52.0,-12.0,38.4,0,CONCEPT_NOT_FIT_VALIDATED
MON-C-00424,p8-4x2,Purple,#5E43B7,8,392,-52.0,4.0,38.4,0,CONCEPT_NOT_FIT_VALIDATED
MON-C-00425,p8-4x2,Purple,#5E43B7,8,393,-52.0,20.0,38.4,0,CONCEPT_NOT_FIT_VALIDATED
MON-C-00426,p8-4x2,Purple,#5E43B7,8,394,-52.0,36.0,38.4,0,CONCEPT_NOT_FIT_VALIDATED
MON-C-00427,p8-4x2,Purple,#5E43B7,8,395,-52.0,52.0,38.4,0,CONCEPT_NOT_FIT_VALIDATED
MON-C-00401,p8-1x1,Purple,#5E43B7,7,396,-64.0,48.0,33.6,0,CONCEPT_NOT_FIT_VALIDATED
MON-C-00276,p8-1x1,Purple,#5E43B7,6,397,-64.0,48.0,28.8,0,CONCEPT_NOT_FIT_VALIDATED
MON-C-00428,p8-1x1,Hot pink,#F5547C,8,398,-56.0,-72.0,38.4,0,CONCEPT_NOT_FIT_VALIDATED
MON-C-00429,p8-3x2,Purple,#5E43B7,8,399,-48.0,-60.0,38.4,0,CONCEPT_NOT_FIT_VALIDATED
MON-C-00430,p8-3x1,Purple,#5E43B7,8,400,-48.0,64.0,38.4,0,CONCEPT_NOT_FIT_VALIDATED
MON-C-00403,p8-1x1,Purple,#5E43B7,7,401,-48.0,64.0,33.6,0,CONCEPT_NOT_FIT_VALIDATED
MON-C-00432,p8-2x1,Purple,#5E43B7,8,402,-44.0,-72.0,38.4,0,CONCEPT_NOT_FIT_VALIDATED
MON-C-00435,p8-4x1,Purple,#5E43B7,8,403,-20.0,-72.0,38.4,0,CONCEPT_NOT_FIT_VALIDATED
MON-C-00436,p8-4x2,Purple,#5E43B7,8,404,-20.0,-60.0,38.4,0,CONCEPT_NOT_FIT_VALIDATED
MON-C-00437,p8-4x2,Purple,#5E43B7,8,405,-20.0,-44.0,38.4,0,CONCEPT_NOT_FIT_VALIDATED
MON-C-00438,p8-4x2,Purple,#5E43B7,8,406,-20.0,-28.0,38.4,0,CONCEPT_NOT_FIT_VALIDATED
MON-C-00439,p8-4x2,Purple,#5E43B7,8,407,-20.0,-12.0,38.4,0,CONCEPT_NOT_FIT_VALIDATED
MON-C-00440,p8-4x2,Purple,#5E43B7,8,408,-20.0,4.0,38.4,0,CONCEPT_NOT_FIT_VALIDATED
MON-C-00441,p8-4x2,Purple,#5E43B7,8,409,-20.0,20.0,38.4,0,CONCEPT_NOT_FIT_VALIDATED
MON-C-00442,p8-4x2,Purple,#5E43B7,8,410,-20.0,36.0,38.4,0,CONCEPT_NOT_FIT_VALIDATED
MON-C-00443,p8-4x2,Purple,#5E43B7,8,411,-20.0,52.0,38.4,0,CONCEPT_NOT_FIT_VALIDATED
MON-C-00444,p8-4x2,Purple,#5E43B7,8,412,-20.0,68.0,38.4,0,CONCEPT_NOT_FIT_VALIDATED
MON-C-00404,p8-1x1,Purple,#5E43B7,7,413,-32.0,72.0,33.6,0,CONCEPT_NOT_FIT_VALIDATED
MON-C-00405,p8-2x1,Purple,#5E43B7,7,414,-20.0,72.0,33.6,0,CONCEPT_NOT_FIT_VALIDATED
MON-C-00301,p8-3x1,Purple,#5E43B7,6,415,-8.0,72.0,28.8,0,CONCEPT_NOT_FIT_VALIDATED
MON-C-00406,p8-2x1,Purple,#5E43B7,7,416,-4.0,72.0,33.6,0,CONCEPT_NOT_FIT_VALIDATED
MON-C-00446,p8-4x1,Purple,#5E43B7,8,417,12.0,-72.0,38.4,0,CONCEPT_NOT_FIT_VALIDATED
MON-C-00447,p8-4x2,Purple,#5E43B7,8,418,12.0,-60.0,38.4,0,CONCEPT_NOT_FIT_VALIDATED
MON-C-00448,p8-4x2,Purple,#5E43B7,8,419,12.0,-44.0,38.4,0,CONCEPT_NOT_FIT_VALIDATED
MON-C-00449,p8-4x2,Purple,#5E43B7,8,420,12.0,-28.0,38.4,0,CONCEPT_NOT_FIT_VALIDATED
MON-C-00450,p8-4x2,Purple,#5E43B7,8,421,12.0,-12.0,38.4,0,CONCEPT_NOT_FIT_VALIDATED
MON-C-00451,p8-4x2,Purple,#5E43B7,8,422,12.0,4.0,38.4,0,CONCEPT_NOT_FIT_VALIDATED
MON-C-00452,p8-4x2,Purple,#5E43B7,8,423,12.0,20.0,38.4,0,CONCEPT_NOT_FIT_VALIDATED
MON-C-00453,p8-4x2,Purple,#5E43B7,8,424,12.0,36.0,38.4,0,CONCEPT_NOT_FIT_VALIDATED
MON-C-00454,p8-4x2,Purple,#5E43B7,8,425,12.0,52.0,38.4,0,CONCEPT_NOT_FIT_VALIDATED
MON-C-00455,p8-4x2,Purple,#5E43B7,8,426,12.0,68.0,38.4,0,CONCEPT_NOT_FIT_VALIDATED
MON-C-00407,p8-2x1,Purple,#5E43B7,7,427,12.0,72.0,33.6,0,CONCEPT_NOT_FIT_VALIDATED
MON-C-00312,p8-2x1,Purple,#5E43B7,6,428,12.0,72.0,28.8,0,CONCEPT_NOT_FIT_VALIDATED
MON-C-00408,p8-2x1,Purple,#5E43B7,7,429,28.0,72.0,33.6,0,CONCEPT_NOT_FIT_VALIDATED
MON-C-00457,p8-2x1,Purple,#5E43B7,8,430,36.0,-72.0,38.4,0,CONCEPT_NOT_FIT_VALIDATED
MON-C-00458,p8-4x2,Purple,#5E43B7,8,431,44.0,-60.0,38.4,0,CONCEPT_NOT_FIT_VALIDATED
MON-C-00459,p8-4x2,Purple,#5E43B7,8,432,44.0,-44.0,38.4,0,CONCEPT_NOT_FIT_VALIDATED
MON-C-00460,p8-4x2,Purple,#5E43B7,8,433,44.0,-28.0,38.4,0,CONCEPT_NOT_FIT_VALIDATED
MON-C-00461,p8-4x2,Purple,#5E43B7,8,434,44.0,-12.0,38.4,0,CONCEPT_NOT_FIT_VALIDATED
MON-C-00462,p8-4x2,Purple,#5E43B7,8,435,44.0,4.0,38.4,0,CONCEPT_NOT_FIT_VALIDATED
MON-C-00463,p8-4x2,Purple,#5E43B7,8,436,44.0,20.0,38.4,0,CONCEPT_NOT_FIT_VALIDATED
MON-C-00464,p8-4x2,Purple,#5E43B7,8,437,44.0,36.0,38.4,0,CONCEPT_NOT_FIT_VALIDATED
MON-C-00465,p8-4x2,Purple,#5E43B7,8,438,44.0,52.0,38.4,0,CONCEPT_NOT_FIT_VALIDATED
MON-C-00466,p8-2x2,Purple,#5E43B7,8,439,36.0,68.0,38.4,0,CONCEPT_NOT_FIT_VALIDATED
MON-C-00467,p8-2x1,Hot pink,#F5547C,8,440,52.0,-72.0,38.4,0,CONCEPT_NOT_FIT_VALIDATED
MON-C-00468,p8-2x1,Purple,#5E43B7,8,441,52.0,64.0,38.4,0,CONCEPT_NOT_FIT_VALIDATED
MON-C-00470,p8-2x2,Purple,#5E43B7,8,442,68.0,-44.0,38.4,0,CONCEPT_NOT_FIT_VALIDATED
MON-C-00471,p8-3x2,Purple,#5E43B7,8,443,72.0,-28.0,38.4,0,CONCEPT_NOT_FIT_VALIDATED
MON-C-00367,p8-2x1,Purple,#5E43B7,7,444,80.0,-36.0,33.6,90,CONCEPT_NOT_FIT_VALIDATED
MON-C-00333,p8-1x1,Purple,#5E43B7,6,445,80.0,-32.0,28.8,0,CONCEPT_NOT_FIT_VALIDATED
MON-C-00472,p8-4x2,Purple,#5E43B7,8,446,76.0,-12.0,38.4,0,CONCEPT_NOT_FIT_VALIDATED
MON-C-00473,p8-4x2,Purple,#5E43B7,8,447,76.0,4.0,38.4,0,CONCEPT_NOT_FIT_VALIDATED
MON-C-00474,p8-3x2,Purple,#5E43B7,8,448,72.0,20.0,38.4,0,CONCEPT_NOT_FIT_VALIDATED
MON-C-00475,p8-2x2,Purple,#5E43B7,8,449,68.0,36.0,38.4,0,CONCEPT_NOT_FIT_VALIDATED
MON-C-00400,p8-1x1,Purple,#5E43B7,7,450,72.0,40.0,33.6,0,CONCEPT_NOT_FIT_VALIDATED
MON-C-00476,p8-2x1,Purple,#5E43B7,8,451,68.0,48.0,38.4,0,CONCEPT_NOT_FIT_VALIDATED
MON-C-00478,p8-2x1,Purple,#5E43B7,8,452,84.0,-40.0,38.4,0,CONCEPT_NOT_FIT_VALIDATED
MON-C-00479,p8-1x1,Purple,#5E43B7,8,453,80.0,32.0,38.4,0,CONCEPT_NOT_FIT_VALIDATED
MON-C-00488,p8-2x1,Purple,#5E43B7,9,454,0.0,-76.0,43.2,90,CONCEPT_NOT_FIT_VALIDATED
MON-C-00445,p8-4x1,Hot pink,#F5547C,8,455,12.0,-80.0,38.4,0,CONCEPT_NOT_FIT_VALIDATED
MON-C-00336,p8-2x1,Hot pink,#F5547C,7,456,-4.0,-80.0,33.6,0,CONCEPT_NOT_FIT_VALIDATED
MON-C-00291,p8-4x1,Hot pink,#F5547C,6,457,-12.0,-80.0,28.8,0,CONCEPT_NOT_FIT_VALIDATED
MON-C-00202,p8-1x1,Hot pink,#F5547C,5,458,-24.0,-80.0,24.0,0,CONCEPT_NOT_FIT_VALIDATED
MON-C-00203,p8-2x1,Hot pink,#F5547C,5,459,-12.0,-80.0,24.0,0,CONCEPT_NOT_FIT_VALIDATED
MON-C-00204,p8-2x1,Hot pink,#F5547C,5,460,4.0,-80.0,24.0,0,CONCEPT_NOT_FIT_VALIDATED
MON-C-00302,p8-4x1,Hot pink,#F5547C,6,461,20.0,-80.0,28.8,0,CONCEPT_NOT_FIT_VALIDATED
MON-C-00205,p8-2x1,Hot pink,#F5547C,5,462,20.0,-80.0,24.0,0,CONCEPT_NOT_FIT_VALIDATED
MON-C-00335,p8-2x1,Hot pink,#F5547C,7,463,-20.0,-80.0,33.6,0,CONCEPT_NOT_FIT_VALIDATED
MON-C-00337,p8-2x1,Hot pink,#F5547C,7,464,12.0,-80.0,33.6,0,CONCEPT_NOT_FIT_VALIDATED
MON-C-00338,p8-2x1,Hot pink,#F5547C,7,465,28.0,-80.0,33.6,0,CONCEPT_NOT_FIT_VALIDATED
MON-C-00434,p8-4x1,Hot pink,#F5547C,8,466,-20.0,-80.0,38.4,0,CONCEPT_NOT_FIT_VALIDATED
MON-C-00334,p8-2x1,Hot pink,#F5547C,7,467,-36.0,-80.0,33.6,0,CONCEPT_NOT_FIT_VALIDATED
MON-C-00289,p8-1x1,Hot pink,#F5547C,6,468,-32.0,-80.0,28.8,0,CONCEPT_NOT_FIT_VALIDATED
MON-C-00431,p8-2x1,Hot pink,#F5547C,8,469,-44.0,-80.0,38.4,0,CONCEPT_NOT_FIT_VALIDATED
MON-C-00456,p8-2x1,Hot pink,#F5547C,8,470,36.0,-80.0,38.4,0,CONCEPT_NOT_FIT_VALIDATED
MON-C-00339,p8-1x1,Hot pink,#F5547C,7,471,40.0,-80.0,33.6,0,CONCEPT_NOT_FIT_VALIDATED
MON-C-00483,p8-2x1,Hot pink,#F5547C,9,472,44.0,-80.0,43.2,0,CONCEPT_NOT_FIT_VALIDATED
MON-C-00484,p8-2x1,Hot pink,#F5547C,9,473,-44.0,-80.0,43.2,0,CONCEPT_NOT_FIT_VALIDATED
MON-C-00485,p8-2x1,Hot pink,#F5547C,9,474,-28.0,-80.0,43.2,0,CONCEPT_NOT_FIT_VALIDATED
MON-C-00486,p8-1x1,Hot pink,#F5547C,9,475,-16.0,-80.0,43.2,0,CONCEPT_NOT_FIT_VALIDATED
MON-C-00487,p8-1x1,Black,#000000,9,476,-8.0,-80.0,43.2,0,CONCEPT_NOT_FIT_VALIDATED
MON-C-00489,p8-1x1,Black,#000000,9,477,8.0,-80.0,43.2,0,CONCEPT_NOT_FIT_VALIDATED
MON-C-00490,p8-2x1,Hot pink,#F5547C,9,478,20.0,-80.0,43.2,0,CONCEPT_NOT_FIT_VALIDATED
MON-C-00491,p8-1x1,Hot pink,#F5547C,9,479,32.0,-80.0,43.2,0,CONCEPT_NOT_FIT_VALIDATED
MON-C-00492,p8-1x1,Hot pink,#F5547C,9,480,-56.0,-72.0,43.2,0,CONCEPT_NOT_FIT_VALIDATED
MON-C-00493,p8-2x1,Purple,#5E43B7,9,481,-44.0,-72.0,43.2,0,CONCEPT_NOT_FIT_VALIDATED
MON-C-00494,p8-2x1,Purple,#5E43B7,9,482,-28.0,-72.0,43.2,0,CONCEPT_NOT_FIT_VALIDATED
MON-C-00495,p8-2x1,Purple,#5E43B7,9,483,-12.0,-72.0,43.2,0,CONCEPT_NOT_FIT_VALIDATED
MON-C-00496,p8-1x1,Purple,#5E43B7,9,484,8.0,-72.0,43.2,0,CONCEPT_NOT_FIT_VALIDATED
MON-C-00497,p8-2x1,Purple,#5E43B7,9,485,20.0,-72.0,43.2,0,CONCEPT_NOT_FIT_VALIDATED
MON-C-00498,p8-2x1,Purple,#5E43B7,9,486,36.0,-72.0,43.2,0,CONCEPT_NOT_FIT_VALIDATED
MON-C-00499,p8-1x1,Purple,#5E43B7,9,487,48.0,-72.0,43.2,0,CONCEPT_NOT_FIT_VALIDATED
MON-C-00500,p8-1x1,Hot pink,#F5547C,9,488,56.0,-72.0,43.2,0,CONCEPT_NOT_FIT_VALIDATED
MON-C-00501,p8-2x1,Hot pink,#F5547C,9,489,-64.0,-60.0,43.2,90,CONCEPT_NOT_FIT_VALIDATED
MON-C-00502,p8-4x1,Purple,#5E43B7,9,490,-56.0,-52.0,43.2,90,CONCEPT_NOT_FIT_VALIDATED
MON-C-00503,p8-4x2,Purple,#5E43B7,9,491,-44.0,-52.0,43.2,90,CONCEPT_NOT_FIT_VALIDATED
MON-C-00504,p8-4x2,Purple,#5E43B7,9,492,-28.0,-52.0,43.2,90,CONCEPT_NOT_FIT_VALIDATED
MON-C-00505,p8-4x2,Purple,#5E43B7,9,493,-12.0,-52.0,43.2,90,CONCEPT_NOT_FIT_VALIDATED
MON-C-00506,p8-4x2,Purple,#5E43B7,9,494,4.0,-52.0,43.2,90,CONCEPT_NOT_FIT_VALIDATED
MON-C-00507,p8-4x2,Purple,#5E43B7,9,495,20.0,-52.0,43.2,90,CONCEPT_NOT_FIT_VALIDATED
MON-C-00508,p8-4x2,Purple,#5E43B7,9,496,36.0,-52.0,43.2,90,CONCEPT_NOT_FIT_VALIDATED
MON-C-00509,p8-4x2,Purple,#5E43B7,9,497,52.0,-52.0,43.2,90,CONCEPT_NOT_FIT_VALIDATED
MON-C-00511,p8-2x2,Purple,#5E43B7,9,498,-76.0,-44.0,43.2,0,CONCEPT_NOT_FIT_VALIDATED
MON-C-00512,p8-2x1,Purple,#5E43B7,9,499,-64.0,-44.0,43.2,90,CONCEPT_NOT_FIT_VALIDATED
MON-C-00513,p8-2x2,Purple,#5E43B7,9,500,68.0,-44.0,43.2,0,CONCEPT_NOT_FIT_VALIDATED
MON-C-00514,p8-2x1,Purple,#5E43B7,9,501,-92.0,-40.0,43.2,0,CONCEPT_NOT_FIT_VALIDATED
MON-C-00409,p8-2x1,Purple,#5E43B7,8,502,-96.0,-36.0,38.4,90,CONCEPT_NOT_FIT_VALIDATED
MON-C-00365,p8-2x1,Purple,#5E43B7,7,503,-100.0,-40.0,33.6,0,CONCEPT_NOT_FIT_VALIDATED
MON-C-00410,p8-1x1,Purple,#5E43B7,8,504,-104.0,-40.0,38.4,0,CONCEPT_NOT_FIT_VALIDATED
MON-C-00515,p8-2x1,Purple,#5E43B7,9,505,84.0,-40.0,43.2,0,CONCEPT_NOT_FIT_VALIDATED
MON-C-00517,p8-4x2,Purple,#5E43B7,9,506,-76.0,-20.0,43.2,90,CONCEPT_NOT_FIT_VALIDATED
MON-C-00518,p8-4x2,Purple,#5E43B7,9,507,-60.0,-20.0,43.2,90,CONCEPT_NOT_FIT_VALIDATED
MON-C-00519,p8-4x2,Purple,#5E43B7,9,508,-44.0,-20.0,43.2,90,CONCEPT_NOT_FIT_VALIDATED
MON-C-00520,p8-4x2,Purple,#5E43B7,9,509,-28.0,-20.0,43.2,90,CONCEPT_NOT_FIT_VALIDATED
MON-C-00521,p8-4x2,Purple,#5E43B7,9,510,-12.0,-20.0,43.2,90,CONCEPT_NOT_FIT_VALIDATED
MON-C-00522,p8-4x2,Purple,#5E43B7,9,511,4.0,-20.0,43.2,90,CONCEPT_NOT_FIT_VALIDATED
MON-C-00523,p8-4x2,Purple,#5E43B7,9,512,20.0,-20.0,43.2,90,CONCEPT_NOT_FIT_VALIDATED
MON-C-00524,p8-4x2,Purple,#5E43B7,9,513,36.0,-20.0,43.2,90,CONCEPT_NOT_FIT_VALIDATED
MON-C-00525,p8-4x2,Purple,#5E43B7,9,514,52.0,-20.0,43.2,90,CONCEPT_NOT_FIT_VALIDATED
MON-C-00526,p8-4x2,Purple,#5E43B7,9,515,68.0,-20.0,43.2,90,CONCEPT_NOT_FIT_VALIDATED
MON-C-00527,p8-4x1,Purple,#5E43B7,9,516,80.0,-20.0,43.2,90,CONCEPT_NOT_FIT_VALIDATED
MON-C-00530,p8-3x1,Purple,#5E43B7,9,517,-88.0,-16.0,43.2,90,CONCEPT_NOT_FIT_VALIDATED
MON-C-00531,p8-2x1,Purple,#5E43B7,9,518,88.0,-12.0,43.2,90,CONCEPT_NOT_FIT_VALIDATED
MON-C-00532,p8-4x1,Purple,#5E43B7,9,519,-88.0,12.0,43.2,90,CONCEPT_NOT_FIT_VALIDATED
MON-C-00533,p8-4x2,Purple,#5E43B7,9,520,-76.0,12.0,43.2,90,CONCEPT_NOT_FIT_VALIDATED
MON-C-00534,p8-4x2,Purple,#5E43B7,9,521,-60.0,12.0,43.2,90,CONCEPT_NOT_FIT_VALIDATED
MON-C-00535,p8-4x2,Purple,#5E43B7,9,522,-44.0,12.0,43.2,90,CONCEPT_NOT_FIT_VALIDATED
MON-C-00536,p8-4x2,Purple,#5E43B7,9,523,-28.0,12.0,43.2,90,CONCEPT_NOT_FIT_VALIDATED
MON-C-00537,p8-4x2,Purple,#5E43B7,9,524,-12.0,12.0,43.2,90,CONCEPT_NOT_FIT_VALIDATED
MON-C-00538,p8-4x2,Purple,#5E43B7,9,525,4.0,12.0,43.2,90,CONCEPT_NOT_FIT_VALIDATED
MON-C-00539,p8-4x2,Purple,#5E43B7,9,526,20.0,12.0,43.2,90,CONCEPT_NOT_FIT_VALIDATED
MON-C-00540,p8-4x2,Purple,#5E43B7,9,527,36.0,12.0,43.2,90,CONCEPT_NOT_FIT_VALIDATED
MON-C-00541,p8-4x2,Purple,#5E43B7,9,528,52.0,12.0,43.2,90,CONCEPT_NOT_FIT_VALIDATED
MON-C-00542,p8-4x2,Purple,#5E43B7,9,529,68.0,12.0,43.2,90,CONCEPT_NOT_FIT_VALIDATED
MON-C-00543,p8-3x2,Purple,#5E43B7,9,530,84.0,8.0,43.2,90,CONCEPT_NOT_FIT_VALIDATED
MON-C-00544,p8-1x1,Purple,#5E43B7,9,531,80.0,24.0,43.2,0,CONCEPT_NOT_FIT_VALIDATED
MON-C-00545,p8-2x2,Purple,#5E43B7,9,532,-76.0,36.0,43.2,0,CONCEPT_NOT_FIT_VALIDATED
MON-C-00546,p8-4x2,Purple,#5E43B7,9,533,-60.0,44.0,43.2,90,CONCEPT_NOT_FIT_VALIDATED
MON-C-00547,p8-4x2,Purple,#5E43B7,9,534,-44.0,44.0,43.2,90,CONCEPT_NOT_FIT_VALIDATED
MON-C-00548,p8-4x2,Purple,#5E43B7,9,535,-28.0,44.0,43.2,90,CONCEPT_NOT_FIT_VALIDATED
MON-C-00549,p8-4x2,Purple,#5E43B7,9,536,-12.0,44.0,43.2,90,CONCEPT_NOT_FIT_VALIDATED
MON-C-00550,p8-4x2,Purple,#5E43B7,9,537,4.0,44.0,43.2,90,CONCEPT_NOT_FIT_VALIDATED
MON-C-00551,p8-4x2,Purple,#5E43B7,9,538,20.0,44.0,43.2,90,CONCEPT_NOT_FIT_VALIDATED
MON-C-00552,p8-4x2,Purple,#5E43B7,9,539,36.0,44.0,43.2,90,CONCEPT_NOT_FIT_VALIDATED
MON-C-00553,p8-4x2,Purple,#5E43B7,9,540,52.0,44.0,43.2,90,CONCEPT_NOT_FIT_VALIDATED
MON-C-00554,p8-3x2,Purple,#5E43B7,9,541,68.0,40.0,43.2,90,CONCEPT_NOT_FIT_VALIDATED
MON-C-00555,p8-2x1,Purple,#5E43B7,9,542,80.0,36.0,43.2,90,CONCEPT_NOT_FIT_VALIDATED
MON-C-00558,p8-1x1,Purple,#5E43B7,9,543,-56.0,64.0,43.2,0,CONCEPT_NOT_FIT_VALIDATED
MON-C-00559,p8-2x2,Purple,#5E43B7,9,544,-44.0,68.0,43.2,0,CONCEPT_NOT_FIT_VALIDATED
MON-C-00433,p8-1x1,Purple,#5E43B7,8,545,-40.0,72.0,38.4,0,CONCEPT_NOT_FIT_VALIDATED
MON-C-00560,p8-2x2,Purple,#5E43B7,9,546,-28.0,68.0,43.2,0,CONCEPT_NOT_FIT_VALIDATED
MON-C-00561,p8-3x2,Purple,#5E43B7,9,547,-12.0,72.0,43.2,90,CONCEPT_NOT_FIT_VALIDATED
MON-C-00562,p8-3x2,Purple,#5E43B7,9,548,4.0,72.0,43.2,90,CONCEPT_NOT_FIT_VALIDATED
MON-C-00563,p8-3x2,Purple,#5E43B7,9,549,20.0,72.0,43.2,90,CONCEPT_NOT_FIT_VALIDATED
MON-C-00564,p8-2x2,Purple,#5E43B7,9,550,36.0,68.0,43.2,0,CONCEPT_NOT_FIT_VALIDATED
MON-C-00565,p8-2x1,Purple,#5E43B7,9,551,48.0,68.0,43.2,90,CONCEPT_NOT_FIT_VALIDATED
MON-C-00566,p8-1x1,Purple,#5E43B7,9,552,56.0,64.0,43.2,0,CONCEPT_NOT_FIT_VALIDATED
MON-C-00569,p8-2x1,Hot pink,#F5547C,10,553,0.0,-84.0,48.0,90,CONCEPT_NOT_FIT_VALIDATED
MON-C-00570,p8-4x1,Purple,#5E43B7,10,554,-92.0,-32.0,48.0,0,CONCEPT_NOT_FIT_VALIDATED
MON-C-00571,p8-3x1,Purple,#5E43B7,10,555,-88.0,-40.0,48.0,0,CONCEPT_NOT_FIT_VALIDATED
MON-C-00572,p8-2x2,Purple,#5E43B7,10,556,-84.0,-20.0,48.0,0,CONCEPT_NOT_FIT_VALIDATED
MON-C-00573,p8-2x2,Purple,#5E43B7,10,557,-84.0,-4.0,48.0,0,CONCEPT_NOT_FIT_VALIDATED
MON-C-00574,p8-2x2,Purple,#5E43B7,10,558,-84.0,12.0,48.0,0,CONCEPT_NOT_FIT_VALIDATED
MON-C-00575,p8-2x1,Purple,#5E43B7,10,559,-84.0,24.0,48.0,0,CONCEPT_NOT_FIT_VALIDATED
MON-C-00576,p8-1x1,Purple,#5E43B7,10,560,-80.0,32.0,48.0,0,CONCEPT_NOT_FIT_VALIDATED
MON-C-00577,p8-1x1,Purple,#5E43B7,10,561,-80.0,40.0,48.0,0,CONCEPT_NOT_FIT_VALIDATED
MON-C-00578,p8-4x1,Purple,#5E43B7,10,562,-60.0,-48.0,48.0,0,CONCEPT_NOT_FIT_VALIDATED
MON-C-00579,p8-4x2,Purple,#5E43B7,10,563,-60.0,-36.0,48.0,0,CONCEPT_NOT_FIT_VALIDATED
MON-C-00580,p8-4x2,Purple,#5E43B7,10,564,-60.0,-20.0,48.0,0,CONCEPT_NOT_FIT_VALIDATED
MON-C-00581,p8-4x2,Purple,#5E43B7,10,565,-60.0,-4.0,48.0,0,CONCEPT_NOT_FIT_VALIDATED
MON-C-00582,p8-4x2,Purple,#5E43B7,10,566,-60.0,12.0,48.0,0,CONCEPT_NOT_FIT_VALIDATED
MON-C-00583,p8-4x2,Purple,#5E43B7,10,567,-60.0,28.0,48.0,0,CONCEPT_NOT_FIT_VALIDATED
MON-C-00584,p8-4x2,Purple,#5E43B7,10,568,-60.0,44.0,48.0,0,CONCEPT_NOT_FIT_VALIDATED
MON-C-00556,p8-1x1,Purple,#5E43B7,9,569,-72.0,48.0,43.2,0,CONCEPT_NOT_FIT_VALIDATED
MON-C-00419,p8-1x1,Purple,#5E43B7,8,570,-72.0,48.0,38.4,0,CONCEPT_NOT_FIT_VALIDATED
MON-C-00585,p8-4x1,Purple,#5E43B7,10,571,-60.0,56.0,48.0,0,CONCEPT_NOT_FIT_VALIDATED
MON-C-00586,p8-1x1,Hot pink,#F5547C,10,572,-64.0,-64.0,48.0,0,CONCEPT_NOT_FIT_VALIDATED
MON-C-00587,p8-1x1,Hot pink,#F5547C,10,573,-64.0,-56.0,48.0,0,CONCEPT_NOT_FIT_VALIDATED
MON-C-00588,p8-1x1,Hot pink,#F5547C,10,574,-56.0,-72.0,48.0,0,CONCEPT_NOT_FIT_VALIDATED
MON-C-00589,p8-2x1,Purple,#5E43B7,10,575,-52.0,-64.0,48.0,0,CONCEPT_NOT_FIT_VALIDATED
MON-C-00590,p8-2x1,Purple,#5E43B7,10,576,-52.0,-56.0,48.0,0,CONCEPT_NOT_FIT_VALIDATED
MON-C-00591,p8-2x1,Purple,#5E43B7,10,577,-52.0,64.0,48.0,0,CONCEPT_NOT_FIT_VALIDATED
MON-C-00592,p8-1x1,Hot pink,#F5547C,10,578,-48.0,-80.0,48.0,0,CONCEPT_NOT_FIT_VALIDATED
MON-C-00593,p8-1x1,Purple,#5E43B7,10,579,-48.0,-72.0,48.0,0,CONCEPT_NOT_FIT_VALIDATED
MON-C-00594,p8-1x1,Purple,#5E43B7,10,580,-48.0,72.0,48.0,0,CONCEPT_NOT_FIT_VALIDATED
MON-C-00595,p8-4x1,Hot pink,#F5547C,10,581,-28.0,-80.0,48.0,0,CONCEPT_NOT_FIT_VALIDATED
MON-C-00596,p8-4x2,Purple,#5E43B7,10,582,-28.0,-68.0,48.0,0,CONCEPT_NOT_FIT_VALIDATED
MON-C-00597,p8-4x2,Purple,#5E43B7,10,583,-28.0,-52.0,48.0,0,CONCEPT_NOT_FIT_VALIDATED
MON-C-00598,p8-4x2,Purple,#5E43B7,10,584,-28.0,-36.0,48.0,0,CONCEPT_NOT_FIT_VALIDATED
MON-C-00599,p8-4x2,Purple,#5E43B7,10,585,-28.0,-20.0,48.0,0,CONCEPT_NOT_FIT_VALIDATED
MON-C-00600,p8-4x2,Purple,#5E43B7,10,586,-28.0,-4.0,48.0,0,CONCEPT_NOT_FIT_VALIDATED
MON-C-00601,p8-4x2,Purple,#5E43B7,10,587,-28.0,12.0,48.0,0,CONCEPT_NOT_FIT_VALIDATED
MON-C-00602,p8-4x2,Purple,#5E43B7,10,588,-28.0,28.0,48.0,0,CONCEPT_NOT_FIT_VALIDATED
MON-C-00603,p8-4x2,Purple,#5E43B7,10,589,-28.0,44.0,48.0,0,CONCEPT_NOT_FIT_VALIDATED
MON-C-00604,p8-4x2,Purple,#5E43B7,10,590,-28.0,60.0,48.0,0,CONCEPT_NOT_FIT_VALIDATED
MON-C-00605,p8-4x1,Purple,#5E43B7,10,591,-28.0,72.0,48.0,0,CONCEPT_NOT_FIT_VALIDATED
MON-C-00606,p8-3x1,Purple,#5E43B7,10,592,-24.0,80.0,48.0,0,CONCEPT_NOT_FIT_VALIDATED
MON-C-00567,p8-1x1,Purple,#5E43B7,9,593,-24.0,80.0,43.2,0,CONCEPT_NOT_FIT_VALIDATED
MON-C-00607,p8-1x1,Hot pink,#F5547C,10,594,-8.0,-80.0,48.0,0,CONCEPT_NOT_FIT_VALIDATED
MON-C-00608,p8-4x2,Purple,#5E43B7,10,595,4.0,-68.0,48.0,0,CONCEPT_NOT_FIT_VALIDATED
MON-C-00609,p8-4x2,Purple,#5E43B7,10,596,4.0,-52.0,48.0,0,CONCEPT_NOT_FIT_VALIDATED
MON-C-00610,p8-4x2,Purple,#5E43B7,10,597,4.0,-36.0,48.0,0,CONCEPT_NOT_FIT_VALIDATED
MON-C-00611,p8-4x2,Purple,#5E43B7,10,598,4.0,-20.0,48.0,0,CONCEPT_NOT_FIT_VALIDATED
MON-C-00612,p8-4x2,Purple,#5E43B7,10,599,4.0,-4.0,48.0,0,CONCEPT_NOT_FIT_VALIDATED
MON-C-00613,p8-4x2,Purple,#5E43B7,10,600,4.0,12.0,48.0,0,CONCEPT_NOT_FIT_VALIDATED
MON-C-00614,p8-4x2,Purple,#5E43B7,10,601,4.0,28.0,48.0,0,CONCEPT_NOT_FIT_VALIDATED
MON-C-00615,p8-4x2,Purple,#5E43B7,10,602,4.0,44.0,48.0,0,CONCEPT_NOT_FIT_VALIDATED
MON-C-00616,p8-4x2,Purple,#5E43B7,10,603,4.0,60.0,48.0,0,CONCEPT_NOT_FIT_VALIDATED
MON-C-00617,p8-4x2,Purple,#5E43B7,10,604,4.0,76.0,48.0,0,CONCEPT_NOT_FIT_VALIDATED
MON-C-00618,p8-1x1,Hot pink,#F5547C,10,605,8.0,-80.0,48.0,0,CONCEPT_NOT_FIT_VALIDATED
MON-C-00619,p8-1x1,Black,#000000,10,606,16.0,-80.0,48.0,0,CONCEPT_NOT_FIT_VALIDATED
MON-C-00620,p8-3x1,Hot pink,#F5547C,10,607,32.0,-80.0,48.0,0,CONCEPT_NOT_FIT_VALIDATED
MON-C-00621,p8-3x2,Purple,#5E43B7,10,608,32.0,-68.0,48.0,0,CONCEPT_NOT_FIT_VALIDATED
MON-C-00622,p8-4x2,Purple,#5E43B7,10,609,36.0,-52.0,48.0,0,CONCEPT_NOT_FIT_VALIDATED
MON-C-00623,p8-4x2,Purple,#5E43B7,10,610,36.0,-36.0,48.0,0,CONCEPT_NOT_FIT_VALIDATED
MON-C-00624,p8-4x2,Purple,#5E43B7,10,611,36.0,-20.0,48.0,0,CONCEPT_NOT_FIT_VALIDATED
MON-C-00625,p8-4x2,Purple,#5E43B7,10,612,36.0,-4.0,48.0,0,CONCEPT_NOT_FIT_VALIDATED
MON-C-00626,p8-4x2,Purple,#5E43B7,10,613,36.0,12.0,48.0,0,CONCEPT_NOT_FIT_VALIDATED
MON-C-00627,p8-4x2,Purple,#5E43B7,10,614,36.0,28.0,48.0,0,CONCEPT_NOT_FIT_VALIDATED
MON-C-00628,p8-4x2,Purple,#5E43B7,10,615,36.0,44.0,48.0,0,CONCEPT_NOT_FIT_VALIDATED
MON-C-00629,p8-4x2,Purple,#5E43B7,10,616,36.0,60.0,48.0,0,CONCEPT_NOT_FIT_VALIDATED
MON-C-00630,p8-4x1,Purple,#5E43B7,10,617,36.0,72.0,48.0,0,CONCEPT_NOT_FIT_VALIDATED
MON-C-00631,p8-2x1,Purple,#5E43B7,10,618,28.0,80.0,48.0,0,CONCEPT_NOT_FIT_VALIDATED
MON-C-00632,p8-1x1,Hot pink,#F5547C,10,619,48.0,-72.0,48.0,0,CONCEPT_NOT_FIT_VALIDATED
MON-C-00633,p8-1x1,Purple,#5E43B7,10,620,48.0,-64.0,48.0,0,CONCEPT_NOT_FIT_VALIDATED
MON-C-00634,p8-1x1,Hot pink,#F5547C,10,621,56.0,-72.0,48.0,0,CONCEPT_NOT_FIT_VALIDATED
MON-C-00635,p8-1x1,Purple,#5E43B7,10,622,56.0,-64.0,48.0,0,CONCEPT_NOT_FIT_VALIDATED
MON-C-00636,p8-2x1,Purple,#5E43B7,10,623,56.0,-52.0,48.0,90,CONCEPT_NOT_FIT_VALIDATED
MON-C-00637,p8-4x2,Purple,#5E43B7,10,624,68.0,-36.0,48.0,0,CONCEPT_NOT_FIT_VALIDATED
MON-C-00638,p8-4x2,Purple,#5E43B7,10,625,68.0,-20.0,48.0,0,CONCEPT_NOT_FIT_VALIDATED
MON-C-00639,p8-4x2,Purple,#5E43B7,10,626,68.0,-4.0,48.0,0,CONCEPT_NOT_FIT_VALIDATED
MON-C-00640,p8-4x2,Purple,#5E43B7,10,627,68.0,12.0,48.0,0,CONCEPT_NOT_FIT_VALIDATED
MON-C-00641,p8-4x2,Purple,#5E43B7,10,628,68.0,28.0,48.0,0,CONCEPT_NOT_FIT_VALIDATED
MON-C-00642,p8-3x2,Purple,#5E43B7,10,629,64.0,44.0,48.0,0,CONCEPT_NOT_FIT_VALIDATED
MON-C-00643,p8-2x1,Purple,#5E43B7,10,630,60.0,56.0,48.0,0,CONCEPT_NOT_FIT_VALIDATED
MON-C-00557,p8-1x1,Purple,#5E43B7,9,631,64.0,56.0,43.2,0,CONCEPT_NOT_FIT_VALIDATED
MON-C-00477,p8-1x1,Purple,#5E43B7,8,632,64.0,56.0,38.4,0,CONCEPT_NOT_FIT_VALIDATED
MON-C-00644,p8-1x1,Purple,#5E43B7,10,633,56.0,64.0,48.0,0,CONCEPT_NOT_FIT_VALIDATED
MON-C-00647,p8-2x1,Purple,#5E43B7,10,634,68.0,-48.0,48.0,0,CONCEPT_NOT_FIT_VALIDATED
MON-C-00648,p8-1x1,Purple,#5E43B7,10,635,80.0,40.0,48.0,0,CONCEPT_NOT_FIT_VALIDATED
MON-C-00649,p8-2x1,Purple,#5E43B7,10,636,92.0,-40.0,48.0,0,CONCEPT_NOT_FIT_VALIDATED
MON-C-00516,p8-1x1,Purple,#5E43B7,9,637,96.0,-40.0,43.2,0,CONCEPT_NOT_FIT_VALIDATED
MON-C-00481,p8-2x1,Purple,#5E43B7,8,638,100.0,-40.0,38.4,0,CONCEPT_NOT_FIT_VALIDATED
MON-C-00651,p8-1x1,Purple,#5E43B7,10,639,88.0,-16.0,48.0,0,CONCEPT_NOT_FIT_VALIDATED
MON-C-00652,p8-2x1,Purple,#5E43B7,10,640,88.0,-4.0,48.0,90,CONCEPT_NOT_FIT_VALIDATED
MON-C-00653,p8-2x1,Purple,#5E43B7,10,641,88.0,12.0,48.0,90,CONCEPT_NOT_FIT_VALIDATED
MON-C-00654,p8-1x1,Hot pink,#F5547C,11,642,0.0,-88.0,52.8,0,CONCEPT_NOT_FIT_VALIDATED
MON-C-00655,p8-2x1,Hot pink,#F5547C,11,643,-36.0,-80.0,52.8,0,CONCEPT_NOT_FIT_VALIDATED
MON-C-00656,p8-2x1,Hot pink,#F5547C,11,644,-20.0,-80.0,52.8,0,CONCEPT_NOT_FIT_VALIDATED
MON-C-00657,p8-1x1,Hot pink,#F5547C,11,645,-8.0,-80.0,52.8,0,CONCEPT_NOT_FIT_VALIDATED
MON-C-00658,p8-1x1,Purple,#5E43B7,11,646,0.0,-80.0,52.8,0,CONCEPT_NOT_FIT_VALIDATED
MON-C-00659,p8-2x1,Hot pink,#F5547C,11,647,12.0,-80.0,52.8,0,CONCEPT_NOT_FIT_VALIDATED
MON-C-00660,p8-2x1,Hot pink,#F5547C,11,648,28.0,-80.0,52.8,0,CONCEPT_NOT_FIT_VALIDATED
MON-C-00661,p8-1x1,Hot pink,#F5547C,11,649,40.0,-80.0,52.8,0,CONCEPT_NOT_FIT_VALIDATED
MON-C-00662,p8-2x1,Hot pink,#F5547C,11,650,-52.0,-72.0,52.8,0,CONCEPT_NOT_FIT_VALIDATED
MON-C-00663,p8-4x2,Purple,#5E43B7,11,651,-36.0,-60.0,52.8,90,CONCEPT_NOT_FIT_VALIDATED
MON-C-00664,p8-4x2,Purple,#5E43B7,11,652,-20.0,-60.0,52.8,90,CONCEPT_NOT_FIT_VALIDATED
MON-C-00665,p8-4x2,Purple,#5E43B7,11,653,-4.0,-60.0,52.8,90,CONCEPT_NOT_FIT_VALIDATED
MON-C-00666,p8-4x2,Purple,#5E43B7,11,654,12.0,-60.0,52.8,90,CONCEPT_NOT_FIT_VALIDATED
MON-C-00667,p8-4x2,Purple,#5E43B7,11,655,28.0,-60.0,52.8,90,CONCEPT_NOT_FIT_VALIDATED
MON-C-00668,p8-4x1,Purple,#5E43B7,11,656,40.0,-60.0,52.8,90,CONCEPT_NOT_FIT_VALIDATED
MON-C-00669,p8-1x1,Hot pink,#F5547C,11,657,48.0,-72.0,52.8,0,CONCEPT_NOT_FIT_VALIDATED
MON-C-00670,p8-2x1,Hot pink,#F5547C,11,658,56.0,-68.0,52.8,90,CONCEPT_NOT_FIT_VALIDATED
MON-C-00671,p8-2x1,Hot pink,#F5547C,11,659,-64.0,-60.0,52.8,90,CONCEPT_NOT_FIT_VALIDATED
MON-C-00672,p8-3x2,Purple,#5E43B7,11,660,-52.0,-56.0,52.8,90,CONCEPT_NOT_FIT_VALIDATED
MON-C-00673,p8-3x1,Purple,#5E43B7,11,661,48.0,-56.0,52.8,90,CONCEPT_NOT_FIT_VALIDATED
MON-C-00674,p8-2x1,Purple,#5E43B7,11,662,56.0,-52.0,52.8,90,CONCEPT_NOT_FIT_VALIDATED
MON-C-00676,p8-2x1,Purple,#5E43B7,11,663,-68.0,-48.0,52.8,0,CONCEPT_NOT_FIT_VALIDATED
MON-C-00677,p8-1x1,Purple,#5E43B7,11,664,64.0,-48.0,52.8,0,CONCEPT_NOT_FIT_VALIDATED
MON-C-00678,p8-1x1,Purple,#5E43B7,11,665,72.0,-48.0,52.8,0,CONCEPT_NOT_FIT_VALIDATED
MON-C-00679,p8-2x1,Purple,#5E43B7,11,666,-96.0,-36.0,52.8,90,CONCEPT_NOT_FIT_VALIDATED
MON-C-00680,p8-2x1,Purple,#5E43B7,11,667,-84.0,-40.0,52.8,0,CONCEPT_NOT_FIT_VALIDATED
MON-C-00681,p8-4x2,Purple,#5E43B7,11,668,-68.0,-28.0,52.8,90,CONCEPT_NOT_FIT_VALIDATED
MON-C-00682,p8-4x2,Purple,#5E43B7,11,669,-52.0,-28.0,52.8,90,CONCEPT_NOT_FIT_VALIDATED
MON-C-00683,p8-4x2,Purple,#5E43B7,11,670,-36.0,-28.0,52.8,90,CONCEPT_NOT_FIT_VALIDATED
MON-C-00684,p8-4x2,Purple,#5E43B7,11,671,-20.0,-28.0,52.8,90,CONCEPT_NOT_FIT_VALIDATED
MON-C-00685,p8-4x2,Purple,#5E43B7,11,672,-4.0,-28.0,52.8,90,CONCEPT_NOT_FIT_VALIDATED
MON-C-00686,p8-4x2,Purple,#5E43B7,11,673,12.0,-28.0,52.8,90,CONCEPT_NOT_FIT_VALIDATED
MON-C-00687,p8-4x2,Purple,#5E43B7,11,674,28.0,-28.0,52.8,90,CONCEPT_NOT_FIT_VALIDATED
MON-C-00688,p8-4x2,Purple,#5E43B7,11,675,44.0,-28.0,52.8,90,CONCEPT_NOT_FIT_VALIDATED
MON-C-00689,p8-4x2,Purple,#5E43B7,11,676,60.0,-28.0,52.8,90,CONCEPT_NOT_FIT_VALIDATED
MON-C-00690,p8-4x2,Purple,#5E43B7,11,677,76.0,-28.0,52.8,90,CONCEPT_NOT_FIT_VALIDATED
MON-C-00691,p8-2x2,Purple,#5E43B7,11,678,92.0,-36.0,52.8,0,CONCEPT_NOT_FIT_VALIDATED
MON-C-00568,p8-2x1,Purple,#5E43B7,10,679,100.0,-32.0,48.0,0,CONCEPT_NOT_FIT_VALIDATED
MON-C-00529,p8-1x1,Purple,#5E43B7,9,680,96.0,-32.0,43.2,0,CONCEPT_NOT_FIT_VALIDATED
MON-C-00482,p8-2x1,Purple,#5E43B7,8,681,100.0,-32.0,38.4,0,CONCEPT_NOT_FIT_VALIDATED
MON-C-00650,p8-1x1,Purple,#5E43B7,10,682,88.0,-32.0,48.0,0,CONCEPT_NOT_FIT_VALIDATED
MON-C-00528,p8-1x1,Purple,#5E43B7,9,683,88.0,-32.0,43.2,0,CONCEPT_NOT_FIT_VALIDATED
MON-C-00480,p8-1x1,Purple,#5E43B7,8,684,88.0,-32.0,38.4,0,CONCEPT_NOT_FIT_VALIDATED
MON-C-00692,p8-3x1,Purple,#5E43B7,11,685,-80.0,-24.0,52.8,90,CONCEPT_NOT_FIT_VALIDATED
MON-C-00693,p8-1x1,Purple,#5E43B7,11,686,104.0,-32.0,52.8,0,CONCEPT_NOT_FIT_VALIDATED
MON-C-00694,p8-2x1,Purple,#5E43B7,11,687,-88.0,-20.0,52.8,90,CONCEPT_NOT_FIT_VALIDATED
MON-C-00695,p8-1x1,Purple,#5E43B7,11,688,88.0,-16.0,52.8,0,CONCEPT_NOT_FIT_VALIDATED
MON-C-00696,p8-4x2,Purple,#5E43B7,11,689,-84.0,4.0,52.8,90,CONCEPT_NOT_FIT_VALIDATED
MON-C-00697,p8-4x2,Purple,#5E43B7,11,690,-68.0,4.0,52.8,90,CONCEPT_NOT_FIT_VALIDATED
MON-C-00698,p8-4x2,Purple,#5E43B7,11,691,-52.0,4.0,52.8,90,CONCEPT_NOT_FIT_VALIDATED
MON-C-00699,p8-4x2,Purple,#5E43B7,11,692,-36.0,4.0,52.8,90,CONCEPT_NOT_FIT_VALIDATED
MON-C-00700,p8-4x2,Purple,#5E43B7,11,693,-20.0,4.0,52.8,90,CONCEPT_NOT_FIT_VALIDATED
MON-C-00701,p8-4x2,Purple,#5E43B7,11,694,-4.0,4.0,52.8,90,CONCEPT_NOT_FIT_VALIDATED
MON-C-00702,p8-4x2,Purple,#5E43B7,11,695,12.0,4.0,52.8,90,CONCEPT_NOT_FIT_VALIDATED
MON-C-00703,p8-4x2,Purple,#5E43B7,11,696,28.0,4.0,52.8,90,CONCEPT_NOT_FIT_VALIDATED
MON-C-00704,p8-4x2,Purple,#5E43B7,11,697,44.0,4.0,52.8,90,CONCEPT_NOT_FIT_VALIDATED
MON-C-00705,p8-4x2,Purple,#5E43B7,11,698,60.0,4.0,52.8,90,CONCEPT_NOT_FIT_VALIDATED
MON-C-00706,p8-4x2,Purple,#5E43B7,11,699,76.0,4.0,52.8,90,CONCEPT_NOT_FIT_VALIDATED
MON-C-00707,p8-4x1,Purple,#5E43B7,11,700,88.0,4.0,52.8,90,CONCEPT_NOT_FIT_VALIDATED
MON-C-00708,p8-2x2,Purple,#5E43B7,11,701,-84.0,28.0,52.8,0,CONCEPT_NOT_FIT_VALIDATED
MON-C-00709,p8-4x2,Purple,#5E43B7,11,702,-68.0,36.0,52.8,90,CONCEPT_NOT_FIT_VALIDATED
MON-C-00710,p8-4x2,Purple,#5E43B7,11,703,-52.0,36.0,52.8,90,CONCEPT_NOT_FIT_VALIDATED
MON-C-00711,p8-4x2,Purple,#5E43B7,11,704,-36.0,36.0,52.8,90,CONCEPT_NOT_FIT_VALIDATED
MON-C-00712,p8-4x2,Purple,#5E43B7,11,705,-20.0,36.0,52.8,90,CONCEPT_NOT_FIT_VALIDATED
MON-C-00713,p8-4x2,Purple,#5E43B7,11,706,-4.0,36.0,52.8,90,CONCEPT_NOT_FIT_VALIDATED
MON-C-00714,p8-4x2,Purple,#5E43B7,11,707,12.0,36.0,52.8,90,CONCEPT_NOT_FIT_VALIDATED
MON-C-00715,p8-4x2,Purple,#5E43B7,11,708,28.0,36.0,52.8,90,CONCEPT_NOT_FIT_VALIDATED
MON-C-00716,p8-4x2,Purple,#5E43B7,11,709,44.0,36.0,52.8,90,CONCEPT_NOT_FIT_VALIDATED
MON-C-00717,p8-4x2,Purple,#5E43B7,11,710,60.0,36.0,52.8,90,CONCEPT_NOT_FIT_VALIDATED
MON-C-00718,p8-3x2,Purple,#5E43B7,11,711,76.0,32.0,52.8,90,CONCEPT_NOT_FIT_VALIDATED
MON-C-00720,p8-2x1,Purple,#5E43B7,11,712,-80.0,44.0,52.8,90,CONCEPT_NOT_FIT_VALIDATED
MON-C-00721,p8-1x1,Purple,#5E43B7,11,713,72.0,48.0,52.8,0,CONCEPT_NOT_FIT_VALIDATED
MON-C-00722,p8-2x1,Purple,#5E43B7,11,714,-68.0,56.0,52.8,0,CONCEPT_NOT_FIT_VALIDATED
MON-C-00723,p8-2x2,Purple,#5E43B7,11,715,-52.0,60.0,52.8,0,CONCEPT_NOT_FIT_VALIDATED
MON-C-00724,p8-3x2,Purple,#5E43B7,11,716,-36.0,64.0,52.8,90,CONCEPT_NOT_FIT_VALIDATED
MON-C-00725,p8-4x2,Purple,#5E43B7,11,717,-20.0,68.0,52.8,90,CONCEPT_NOT_FIT_VALIDATED
MON-C-00726,p8-4x2,Purple,#5E43B7,11,718,-4.0,68.0,52.8,90,CONCEPT_NOT_FIT_VALIDATED
MON-C-00727,p8-4x2,Purple,#5E43B7,11,719,12.0,68.0,52.8,90,CONCEPT_NOT_FIT_VALIDATED
MON-C-00728,p8-4x2,Purple,#5E43B7,11,720,28.0,68.0,52.8,90,CONCEPT_NOT_FIT_VALIDATED
MON-C-00729,p8-3x2,Purple,#5E43B7,11,721,44.0,64.0,52.8,90,CONCEPT_NOT_FIT_VALIDATED
MON-C-00730,p8-2x2,Purple,#5E43B7,11,722,60.0,60.0,52.8,0,CONCEPT_NOT_FIT_VALIDATED
MON-C-00733,p8-1x1,Purple,#5E43B7,11,723,-48.0,72.0,52.8,0,CONCEPT_NOT_FIT_VALIDATED
MON-C-00734,p8-1x1,Purple,#5E43B7,11,724,-32.0,80.0,52.8,0,CONCEPT_NOT_FIT_VALIDATED
MON-C-00735,p8-1x1,Purple,#5E43B7,12,725,-88.0,-24.0,57.6,0,CONCEPT_NOT_FIT_VALIDATED
MON-C-00736,p8-2x1,Purple,#5E43B7,12,726,-88.0,-12.0,57.6,90,CONCEPT_NOT_FIT_VALIDATED
MON-C-00737,p8-2x1,Purple,#5E43B7,12,727,-88.0,4.0,57.6,90,CONCEPT_NOT_FIT_VALIDATED
MON-C-00738,p8-2x1,Purple,#5E43B7,12,728,-88.0,20.0,57.6,90,CONCEPT_NOT_FIT_VALIDATED
MON-C-00739,p8-1x1,Purple,#5E43B7,12,729,-88.0,32.0,57.6,0,CONCEPT_NOT_FIT_VALIDATED
MON-C-00740,p8-4x2,Purple,#5E43B7,12,730,-68.0,-28.0,57.6,0,CONCEPT_NOT_FIT_VALIDATED
MON-C-00741,p8-4x2,Purple,#5E43B7,12,731,-68.0,-12.0,57.6,0,CONCEPT_NOT_FIT_VALIDATED
MON-C-00742,p8-4x2,Purple,#5E43B7,12,732,-68.0,4.0,57.6,0,CONCEPT_NOT_FIT_VALIDATED
MON-C-00743,p8-4x2,Purple,#5E43B7,12,733,-68.0,20.0,57.6,0,CONCEPT_NOT_FIT_VALIDATED
MON-C-00744,p8-4x2,Purple,#5E43B7,12,734,-68.0,36.0,57.6,0,CONCEPT_NOT_FIT_VALIDATED
MON-C-00745,p8-4x1,Purple,#5E43B7,12,735,-68.0,48.0,57.6,0,CONCEPT_NOT_FIT_VALIDATED
MON-C-00746,p8-1x1,Hot pink,#F5547C,12,736,-72.0,-48.0,57.6,0,CONCEPT_NOT_FIT_VALIDATED
MON-C-00747,p8-3x1,Purple,#5E43B7,12,737,-64.0,-40.0,57.6,0,CONCEPT_NOT_FIT_VALIDATED
MON-C-00748,p8-3x1,Purple,#5E43B7,12,738,-64.0,56.0,57.6,0,CONCEPT_NOT_FIT_VALIDATED
MON-C-00749,p8-2x1,Hot pink,#F5547C,12,739,-60.0,-64.0,57.6,0,CONCEPT_NOT_FIT_VALIDATED
MON-C-00750,p8-1x1,Hot pink,#F5547C,12,740,-64.0,-56.0,57.6,0,CONCEPT_NOT_FIT_VALIDATED
MON-C-00751,p8-2x1,Purple,#5E43B7,12,741,-60.0,-48.0,57.6,0,CONCEPT_NOT_FIT_VALIDATED
MON-C-00752,p8-2x1,Purple,#5E43B7,12,742,-60.0,64.0,57.6,0,CONCEPT_NOT_FIT_VALIDATED
MON-C-00732,p8-1x1,Purple,#5E43B7,11,743,-64.0,64.0,52.8,0,CONCEPT_NOT_FIT_VALIDATED
MON-C-00753,p8-1x1,Purple,#5E43B7,12,744,-56.0,-56.0,57.6,0,CONCEPT_NOT_FIT_VALIDATED
MON-C-00755,p8-2x1,Hot pink,#F5547C,12,745,-44.0,-72.0,57.6,0,CONCEPT_NOT_FIT_VALIDATED
MON-C-00756,p8-4x2,Purple,#5E43B7,12,746,-36.0,-60.0,57.6,0,CONCEPT_NOT_FIT_VALIDATED
MON-C-00757,p8-4x2,Purple,#5E43B7,12,747,-36.0,-44.0,57.6,0,CONCEPT_NOT_FIT_VALIDATED
MON-C-00758,p8-4x2,Purple,#5E43B7,12,748,-36.0,-28.0,57.6,0,CONCEPT_NOT_FIT_VALIDATED
MON-C-00759,p8-4x2,Purple,#5E43B7,12,749,-36.0,-12.0,57.6,0,CONCEPT_NOT_FIT_VALIDATED
MON-C-00760,p8-4x2,Purple,#5E43B7,12,750,-36.0,4.0,57.6,0,CONCEPT_NOT_FIT_VALIDATED
MON-C-00761,p8-4x2,Purple,#5E43B7,12,751,-36.0,20.0,57.6,0,CONCEPT_NOT_FIT_VALIDATED
MON-C-00762,p8-4x2,Purple,#5E43B7,12,752,-36.0,36.0,57.6,0,CONCEPT_NOT_FIT_VALIDATED
MON-C-00763,p8-4x2,Purple,#5E43B7,12,753,-36.0,52.0,57.6,0,CONCEPT_NOT_FIT_VALIDATED
MON-C-00764,p8-4x2,Purple,#5E43B7,12,754,-36.0,68.0,57.6,0,CONCEPT_NOT_FIT_VALIDATED
MON-C-00765,p8-3x1,Purple,#5E43B7,12,755,-32.0,80.0,57.6,0,CONCEPT_NOT_FIT_VALIDATED
MON-C-00766,p8-2x1,Hot pink,#F5547C,12,756,-28.0,-80.0,57.6,0,CONCEPT_NOT_FIT_VALIDATED
MON-C-00767,p8-2x1,Purple,#5E43B7,12,757,-28.0,-72.0,57.6,0,CONCEPT_NOT_FIT_VALIDATED
MON-C-00768,p8-4x1,Hot pink,#F5547C,12,758,-4.0,-80.0,57.6,0,CONCEPT_NOT_FIT_VALIDATED
MON-C-00769,p8-4x1,Purple,#5E43B7,12,759,-4.0,-72.0,57.6,0,CONCEPT_NOT_FIT_VALIDATED
MON-C-00770,p8-4x2,Purple,#5E43B7,12,760,-4.0,-60.0,57.6,0,CONCEPT_NOT_FIT_VALIDATED
MON-C-00771,p8-4x2,Purple,#5E43B7,12,761,-4.0,-44.0,57.6,0,CONCEPT_NOT_FIT_VALIDATED
MON-C-00772,p8-4x2,Purple,#5E43B7,12,762,-4.0,-28.0,57.6,0,CONCEPT_NOT_FIT_VALIDATED
MON-C-00773,p8-4x2,Purple,#5E43B7,12,763,-4.0,-12.0,57.6,0,CONCEPT_NOT_FIT_VALIDATED
MON-C-00774,p8-4x2,Purple,#5E43B7,12,764,-4.0,4.0,57.6,0,CONCEPT_NOT_FIT_VALIDATED
MON-C-00775,p8-4x2,Purple,#5E43B7,12,765,-4.0,20.0,57.6,0,CONCEPT_NOT_FIT_VALIDATED
MON-C-00776,p8-4x2,Purple,#5E43B7,12,766,-4.0,36.0,57.6,0,CONCEPT_NOT_FIT_VALIDATED
MON-C-00777,p8-4x2,Purple,#5E43B7,12,767,-4.0,52.0,57.6,0,CONCEPT_NOT_FIT_VALIDATED
MON-C-00778,p8-4x2,Purple,#5E43B7,12,768,-4.0,68.0,57.6,0,CONCEPT_NOT_FIT_VALIDATED
MON-C-00779,p8-4x1,Purple,#5E43B7,12,769,-4.0,80.0,57.6,0,CONCEPT_NOT_FIT_VALIDATED
MON-C-00780,p8-3x1,Hot pink,#F5547C,12,770,24.0,-80.0,57.6,0,CONCEPT_NOT_FIT_VALIDATED
MON-C-00781,p8-3x1,Purple,#5E43B7,12,771,24.0,-72.0,57.6,0,CONCEPT_NOT_FIT_VALIDATED
MON-C-00782,p8-4x2,Purple,#5E43B7,12,772,28.0,-60.0,57.6,0,CONCEPT_NOT_FIT_VALIDATED
MON-C-00783,p8-4x2,Purple,#5E43B7,12,773,28.0,-44.0,57.6,0,CONCEPT_NOT_FIT_VALIDATED
MON-C-00784,p8-4x2,Purple,#5E43B7,12,774,28.0,-28.0,57.6,0,CONCEPT_NOT_FIT_VALIDATED
MON-C-00785,p8-4x2,Purple,#5E43B7,12,775,28.0,-12.0,57.6,0,CONCEPT_NOT_FIT_VALIDATED
MON-C-00786,p8-4x2,Purple,#5E43B7,12,776,28.0,4.0,57.6,0,CONCEPT_NOT_FIT_VALIDATED
MON-C-00787,p8-4x2,Purple,#5E43B7,12,777,28.0,20.0,57.6,0,CONCEPT_NOT_FIT_VALIDATED
MON-C-00788,p8-4x2,Purple,#5E43B7,12,778,28.0,36.0,57.6,0,CONCEPT_NOT_FIT_VALIDATED
MON-C-00789,p8-4x2,Purple,#5E43B7,12,779,28.0,52.0,57.6,0,CONCEPT_NOT_FIT_VALIDATED
MON-C-00790,p8-4x2,Purple,#5E43B7,12,780,28.0,68.0,57.6,0,CONCEPT_NOT_FIT_VALIDATED
MON-C-00791,p8-3x1,Purple,#5E43B7,12,781,24.0,80.0,57.6,0,CONCEPT_NOT_FIT_VALIDATED
MON-C-00792,p8-1x1,Hot pink,#F5547C,12,782,40.0,-72.0,57.6,0,CONCEPT_NOT_FIT_VALIDATED
MON-C-00793,p8-1x1,Hot pink,#F5547C,12,783,48.0,-72.0,57.6,0,CONCEPT_NOT_FIT_VALIDATED
MON-C-00794,p8-2x1,Purple,#5E43B7,12,784,48.0,-60.0,57.6,90,CONCEPT_NOT_FIT_VALIDATED
MON-C-00795,p8-3x2,Purple,#5E43B7,12,785,56.0,-44.0,57.6,0,CONCEPT_NOT_FIT_VALIDATED
MON-C-00796,p8-4x2,Purple,#5E43B7,12,786,60.0,-28.0,57.6,0,CONCEPT_NOT_FIT_VALIDATED
MON-C-00797,p8-4x2,Purple,#5E43B7,12,787,60.0,-12.0,57.6,0,CONCEPT_NOT_FIT_VALIDATED
MON-C-00798,p8-4x2,Purple,#5E43B7,12,788,60.0,4.0,57.6,0,CONCEPT_NOT_FIT_VALIDATED
MON-C-00799,p8-4x2,Purple,#5E43B7,12,789,60.0,20.0,57.6,0,CONCEPT_NOT_FIT_VALIDATED
MON-C-00800,p8-4x2,Purple,#5E43B7,12,790,60.0,36.0,57.6,0,CONCEPT_NOT_FIT_VALIDATED
MON-C-00801,p8-4x2,Purple,#5E43B7,12,791,60.0,52.0,57.6,0,CONCEPT_NOT_FIT_VALIDATED
MON-C-00731,p8-1x1,Purple,#5E43B7,11,792,72.0,56.0,52.8,0,CONCEPT_NOT_FIT_VALIDATED
MON-C-00802,p8-3x1,Purple,#5E43B7,12,793,56.0,64.0,57.6,0,CONCEPT_NOT_FIT_VALIDATED
MON-C-00803,p8-1x1,Purple,#5E43B7,12,794,48.0,72.0,57.6,0,CONCEPT_NOT_FIT_VALIDATED
MON-C-00804,p8-1x1,Hot pink,#F5547C,12,795,56.0,-64.0,57.6,0,CONCEPT_NOT_FIT_VALIDATED
MON-C-00805,p8-1x1,Purple,#5E43B7,12,796,56.0,-56.0,57.6,0,CONCEPT_NOT_FIT_VALIDATED
MON-C-00807,p8-1x1,Hot pink,#F5547C,12,797,72.0,-48.0,57.6,0,CONCEPT_NOT_FIT_VALIDATED
MON-C-00808,p8-1x1,Purple,#5E43B7,12,798,72.0,-40.0,57.6,0,CONCEPT_NOT_FIT_VALIDATED
MON-C-00809,p8-2x1,Purple,#5E43B7,12,799,80.0,-28.0,57.6,90,CONCEPT_NOT_FIT_VALIDATED
MON-C-00810,p8-2x2,Purple,#5E43B7,12,800,84.0,-12.0,57.6,0,CONCEPT_NOT_FIT_VALIDATED
MON-C-00811,p8-2x2,Purple,#5E43B7,12,801,84.0,4.0,57.6,0,CONCEPT_NOT_FIT_VALIDATED
MON-C-00812,p8-2x2,Purple,#5E43B7,12,802,84.0,20.0,57.6,0,CONCEPT_NOT_FIT_VALIDATED
MON-C-00719,p8-1x1,Purple,#5E43B7,11,803,88.0,24.0,52.8,0,CONCEPT_NOT_FIT_VALIDATED
MON-C-00813,p8-2x1,Purple,#5E43B7,12,804,80.0,36.0,57.6,90,CONCEPT_NOT_FIT_VALIDATED
MON-C-00814,p8-2x1,Hot pink,#F5547C,13,805,-12.0,-80.0,62.4,0,CONCEPT_NOT_FIT_VALIDATED
MON-C-00815,p8-1x1,Black,#000000,13,806,0.0,-80.0,62.4,0,CONCEPT_NOT_FIT_VALIDATED
MON-C-00816,p8-1x1,Hot pink,#F5547C,13,807,8.0,-80.0,62.4,0,CONCEPT_NOT_FIT_VALIDATED
MON-C-00817,p8-1x1,Hot pink,#F5547C,13,808,16.0,-80.0,62.4,0,CONCEPT_NOT_FIT_VALIDATED
MON-C-00818,p8-1x1,Black,#000000,13,809,-40.0,-72.0,62.4,0,CONCEPT_NOT_FIT_VALIDATED
MON-C-00819,p8-2x1,Black,#000000,13,810,-28.0,-72.0,62.4,0,CONCEPT_NOT_FIT_VALIDATED
MON-C-00820,p8-3x2,Purple,#5E43B7,13,811,-12.0,-64.0,62.4,90,CONCEPT_NOT_FIT_VALIDATED
MON-C-00821,p8-3x2,Purple,#5E43B7,13,812,4.0,-64.0,62.4,90,CONCEPT_NOT_FIT_VALIDATED
MON-C-00822,p8-3x1,Purple,#5E43B7,13,813,16.0,-64.0,62.4,90,CONCEPT_NOT_FIT_VALIDATED
MON-C-00823,p8-1x1,Black,#000000,13,814,24.0,-72.0,62.4,0,CONCEPT_NOT_FIT_VALIDATED
MON-C-00824,p8-1x1,Black,#000000,13,815,32.0,-72.0,62.4,0,CONCEPT_NOT_FIT_VALIDATED
MON-C-00825,p8-1x1,Hot pink,#F5547C,13,816,40.0,-72.0,62.4,0,CONCEPT_NOT_FIT_VALIDATED
MON-C-00826,p8-1x1,Hot pink,#F5547C,13,817,-56.0,-64.0,62.4,0,CONCEPT_NOT_FIT_VALIDATED
MON-C-00827,p8-1x1,Hot pink,#F5547C,13,818,-48.0,-64.0,62.4,0,CONCEPT_NOT_FIT_VALIDATED
MON-C-00828,p8-2x1,Purple,#5E43B7,13,819,-40.0,-60.0,62.4,90,CONCEPT_NOT_FIT_VALIDATED
MON-C-00829,p8-2x2,Purple,#5E43B7,13,820,-28.0,-60.0,62.4,0,CONCEPT_NOT_FIT_VALIDATED
MON-C-00830,p8-2x1,Purple,#5E43B7,13,821,24.0,-60.0,62.4,90,CONCEPT_NOT_FIT_VALIDATED
MON-C-00831,p8-2x2,Purple,#5E43B7,13,822,36.0,-60.0,62.4,0,CONCEPT_NOT_FIT_VALIDATED
MON-C-00832,p8-2x1,Hot pink,#F5547C,13,823,52.0,-64.0,62.4,0,CONCEPT_NOT_FIT_VALIDATED
MON-C-00833,p8-1x1,Hot pink,#F5547C,13,824,-64.0,-56.0,62.4,0,CONCEPT_NOT_FIT_VALIDATED
MON-C-00834,p8-1x1,Purple,#5E43B7,13,825,-56.0,-56.0,62.4,0,CONCEPT_NOT_FIT_VALIDATED
MON-C-00835,p8-1x1,Purple,#5E43B7,13,826,-48.0,-56.0,62.4,0,CONCEPT_NOT_FIT_VALIDATED
MON-C-00836,p8-2x1,Purple,#5E43B7,13,827,52.0,-56.0,62.4,0,CONCEPT_NOT_FIT_VALIDATED
MON-C-00838,p8-1x1,Hot pink,#F5547C,13,828,-72.0,-48.0,62.4,0,CONCEPT_NOT_FIT_VALIDATED
MON-C-00839,p8-4x2,Purple,#5E43B7,13,829,-60.0,-36.0,62.4,90,CONCEPT_NOT_FIT_VALIDATED
MON-C-00840,p8-4x2,Purple,#5E43B7,13,830,-44.0,-36.0,62.4,90,CONCEPT_NOT_FIT_VALIDATED
MON-C-00841,p8-4x2,Purple,#5E43B7,13,831,-28.0,-36.0,62.4,90,CONCEPT_NOT_FIT_VALIDATED
MON-C-00842,p8-4x2,Purple,#5E43B7,13,832,-12.0,-36.0,62.4,90,CONCEPT_NOT_FIT_VALIDATED
MON-C-00843,p8-4x2,Purple,#5E43B7,13,833,4.0,-36.0,62.4,90,CONCEPT_NOT_FIT_VALIDATED
MON-C-00844,p8-4x2,Purple,#5E43B7,13,834,20.0,-36.0,62.4,90,CONCEPT_NOT_FIT_VALIDATED
MON-C-00845,p8-4x2,Purple,#5E43B7,13,835,36.0,-36.0,62.4,90,CONCEPT_NOT_FIT_VALIDATED
MON-C-00846,p8-4x2,Purple,#5E43B7,13,836,52.0,-36.0,62.4,90,CONCEPT_NOT_FIT_VALIDATED
MON-C-00847,p8-4x1,Purple,#5E43B7,13,837,64.0,-36.0,62.4,90,CONCEPT_NOT_FIT_VALIDATED
MON-C-00848,p8-1x1,Hot pink,#F5547C,13,838,72.0,-48.0,62.4,0,CONCEPT_NOT_FIT_VALIDATED
MON-C-00849,p8-3x1,Purple,#5E43B7,13,839,-72.0,-32.0,62.4,90,CONCEPT_NOT_FIT_VALIDATED
MON-C-00850,p8-3x1,Purple,#5E43B7,13,840,72.0,-32.0,62.4,90,CONCEPT_NOT_FIT_VALIDATED
MON-C-00851,p8-2x1,Purple,#5E43B7,13,841,-80.0,-28.0,62.4,90,CONCEPT_NOT_FIT_VALIDATED
MON-C-00852,p8-2x1,Purple,#5E43B7,13,842,80.0,-28.0,62.4,90,CONCEPT_NOT_FIT_VALIDATED
MON-C-00853,p8-1x1,Purple,#5E43B7,13,843,-88.0,-24.0,62.4,0,CONCEPT_NOT_FIT_VALIDATED
MON-C-00854,p8-4x1,Purple,#5E43B7,13,844,-88.0,-4.0,62.4,90,CONCEPT_NOT_FIT_VALIDATED
MON-C-00855,p8-4x2,Purple,#5E43B7,13,845,-76.0,-4.0,62.4,90,CONCEPT_NOT_FIT_VALIDATED
MON-C-00856,p8-4x2,Purple,#5E43B7,13,846,-60.0,-4.0,62.4,90,CONCEPT_NOT_FIT_VALIDATED
MON-C-00857,p8-4x2,Purple,#5E43B7,13,847,-44.0,-4.0,62.4,90,CONCEPT_NOT_FIT_VALIDATED
MON-C-00858,p8-4x2,Purple,#5E43B7,13,848,-28.0,-4.0,62.4,90,CONCEPT_NOT_FIT_VALIDATED
MON-C-00859,p8-4x2,Purple,#5E43B7,13,849,-12.0,-4.0,62.4,90,CONCEPT_NOT_FIT_VALIDATED
MON-C-00860,p8-4x2,Purple,#5E43B7,13,850,4.0,-4.0,62.4,90,CONCEPT_NOT_FIT_VALIDATED
MON-C-00861,p8-4x2,Purple,#5E43B7,13,851,20.0,-4.0,62.4,90,CONCEPT_NOT_FIT_VALIDATED
MON-C-00862,p8-4x2,Purple,#5E43B7,13,852,36.0,-4.0,62.4,90,CONCEPT_NOT_FIT_VALIDATED
MON-C-00863,p8-4x2,Purple,#5E43B7,13,853,52.0,-4.0,62.4,90,CONCEPT_NOT_FIT_VALIDATED
MON-C-00864,p8-4x2,Purple,#5E43B7,13,854,68.0,-4.0,62.4,90,CONCEPT_NOT_FIT_VALIDATED
MON-C-00865,p8-4x2,Purple,#5E43B7,13,855,84.0,-4.0,62.4,90,CONCEPT_NOT_FIT_VALIDATED
MON-C-00866,p8-3x1,Purple,#5E43B7,13,856,-88.0,24.0,62.4,90,CONCEPT_NOT_FIT_VALIDATED
MON-C-00867,p8-4x2,Purple,#5E43B7,13,857,-76.0,28.0,62.4,90,CONCEPT_NOT_FIT_VALIDATED
MON-C-00868,p8-4x2,Purple,#5E43B7,13,858,-60.0,28.0,62.4,90,CONCEPT_NOT_FIT_VALIDATED
MON-C-00869,p8-4x2,Purple,#5E43B7,13,859,-44.0,28.0,62.4,90,CONCEPT_NOT_FIT_VALIDATED
MON-C-00870,p8-4x2,Purple,#5E43B7,13,860,-28.0,28.0,62.4,90,CONCEPT_NOT_FIT_VALIDATED
MON-C-00871,p8-4x2,Purple,#5E43B7,13,861,-12.0,28.0,62.4,90,CONCEPT_NOT_FIT_VALIDATED
MON-C-00872,p8-4x2,Purple,#5E43B7,13,862,4.0,28.0,62.4,90,CONCEPT_NOT_FIT_VALIDATED
MON-C-00873,p8-4x2,Purple,#5E43B7,13,863,20.0,28.0,62.4,90,CONCEPT_NOT_FIT_VALIDATED
MON-C-00874,p8-4x2,Purple,#5E43B7,13,864,36.0,28.0,62.4,90,CONCEPT_NOT_FIT_VALIDATED
MON-C-00875,p8-4x2,Purple,#5E43B7,13,865,52.0,28.0,62.4,90,CONCEPT_NOT_FIT_VALIDATED
MON-C-00876,p8-4x2,Purple,#5E43B7,13,866,68.0,28.0,62.4,90,CONCEPT_NOT_FIT_VALIDATED
MON-C-00877,p8-4x1,Purple,#5E43B7,13,867,80.0,28.0,62.4,90,CONCEPT_NOT_FIT_VALIDATED
MON-C-00878,p8-2x1,Purple,#5E43B7,13,868,88.0,20.0,62.4,90,CONCEPT_NOT_FIT_VALIDATED
MON-C-00879,p8-2x1,Purple,#5E43B7,13,869,-76.0,48.0,62.4,0,CONCEPT_NOT_FIT_VALIDATED
MON-C-00880,p8-3x2,Purple,#5E43B7,13,870,-60.0,56.0,62.4,90,CONCEPT_NOT_FIT_VALIDATED
MON-C-00881,p8-4x2,Purple,#5E43B7,13,871,-44.0,60.0,62.4,90,CONCEPT_NOT_FIT_VALIDATED
MON-C-00882,p8-4x2,Purple,#5E43B7,13,872,-28.0,60.0,62.4,90,CONCEPT_NOT_FIT_VALIDATED
MON-C-00883,p8-4x2,Purple,#5E43B7,13,873,-12.0,60.0,62.4,90,CONCEPT_NOT_FIT_VALIDATED
MON-C-00884,p8-4x2,Purple,#5E43B7,13,874,4.0,60.0,62.4,90,CONCEPT_NOT_FIT_VALIDATED
MON-C-00885,p8-4x2,Purple,#5E43B7,13,875,20.0,60.0,62.4,90,CONCEPT_NOT_FIT_VALIDATED
MON-C-00886,p8-4x2,Purple,#5E43B7,13,876,36.0,60.0,62.4,90,CONCEPT_NOT_FIT_VALIDATED
MON-C-00887,p8-4x2,Purple,#5E43B7,13,877,52.0,60.0,62.4,90,CONCEPT_NOT_FIT_VALIDATED
MON-C-00888,p8-2x2,Purple,#5E43B7,13,878,68.0,52.0,62.4,0,CONCEPT_NOT_FIT_VALIDATED
MON-C-00890,p8-1x1,Purple,#5E43B7,13,879,-72.0,56.0,62.4,0,CONCEPT_NOT_FIT_VALIDATED
MON-C-00891,p8-1x1,Purple,#5E43B7,13,880,64.0,64.0,62.4,0,CONCEPT_NOT_FIT_VALIDATED
MON-C-00893,p8-1x1,Purple,#5E43B7,13,881,-40.0,80.0,62.4,0,CONCEPT_NOT_FIT_VALIDATED
MON-C-00894,p8-2x1,Purple,#5E43B7,13,882,-28.0,80.0,62.4,0,CONCEPT_NOT_FIT_VALIDATED
MON-C-00895,p8-2x1,Purple,#5E43B7,13,883,-12.0,80.0,62.4,0,CONCEPT_NOT_FIT_VALIDATED
MON-C-00896,p8-2x1,Purple,#5E43B7,13,884,4.0,80.0,62.4,0,CONCEPT_NOT_FIT_VALIDATED
MON-C-00897,p8-2x1,Purple,#5E43B7,13,885,20.0,80.0,62.4,0,CONCEPT_NOT_FIT_VALIDATED
MON-C-00898,p8-2x1,Purple,#5E43B7,13,886,36.0,80.0,62.4,0,CONCEPT_NOT_FIT_VALIDATED
MON-C-00899,p8-4x1,Purple,#5E43B7,14,887,-76.0,-16.0,67.2,0,CONCEPT_NOT_FIT_VALIDATED
MON-C-00900,p8-4x2,Purple,#5E43B7,14,888,-76.0,-4.0,67.2,0,CONCEPT_NOT_FIT_VALIDATED
MON-C-00901,p8-4x2,Purple,#5E43B7,14,889,-76.0,12.0,67.2,0,CONCEPT_NOT_FIT_VALIDATED
MON-C-00902,p8-4x2,Purple,#5E43B7,14,890,-76.0,28.0,67.2,0,CONCEPT_NOT_FIT_VALIDATED
MON-C-00903,p8-3x1,Purple,#5E43B7,14,891,-72.0,-32.0,67.2,0,CONCEPT_NOT_FIT_VALIDATED
MON-C-00904,p8-3x1,Purple,#5E43B7,14,892,-72.0,-24.0,67.2,0,CONCEPT_NOT_FIT_VALIDATED
MON-C-00905,p8-3x2,Purple,#5E43B7,14,893,-72.0,44.0,67.2,0,CONCEPT_NOT_FIT_VALIDATED
MON-C-00906,p8-1x1,Hot pink,#F5547C,14,894,-72.0,-48.0,67.2,0,CONCEPT_NOT_FIT_VALIDATED
MON-C-00907,p8-1x1,Hot pink,#F5547C,14,895,-72.0,-40.0,67.2,0,CONCEPT_NOT_FIT_VALIDATED
MON-C-00908,p8-2x1,Purple,#5E43B7,14,896,-68.0,56.0,67.2,0,CONCEPT_NOT_FIT_VALIDATED
MON-C-00909,p8-1x1,Hot pink,#F5547C,14,897,-64.0,-56.0,67.2,0,CONCEPT_NOT_FIT_VALIDATED
MON-C-00910,p8-1x1,Purple,#5E43B7,14,898,-64.0,-48.0,67.2,0,CONCEPT_NOT_FIT_VALIDATED
MON-C-00911,p8-1x1,Purple,#5E43B7,14,899,-64.0,-40.0,67.2,0,CONCEPT_NOT_FIT_VALIDATED
MON-C-00912,p8-1x1,Purple,#5E43B7,14,900,-64.0,64.0,67.2,0,CONCEPT_NOT_FIT_VALIDATED
MON-C-00913,p8-1x1,Hot pink,#F5547C,14,901,-56.0,-64.0,67.2,0,CONCEPT_NOT_FIT_VALIDATED
MON-C-00914,p8-4x2,Purple,#5E43B7,14,902,-44.0,-52.0,67.2,0,CONCEPT_NOT_FIT_VALIDATED
MON-C-00915,p8-4x2,Purple,#5E43B7,14,903,-44.0,-36.0,67.2,0,CONCEPT_NOT_FIT_VALIDATED
MON-C-00916,p8-4x2,Purple,#5E43B7,14,904,-44.0,-20.0,67.2,0,CONCEPT_NOT_FIT_VALIDATED
MON-C-00917,p8-4x2,Purple,#5E43B7,14,905,-44.0,-4.0,67.2,0,CONCEPT_NOT_FIT_VALIDATED
MON-C-00918,p8-4x2,Purple,#5E43B7,14,906,-44.0,12.0,67.2,0,CONCEPT_NOT_FIT_VALIDATED
MON-C-00919,p8-4x2,Purple,#5E43B7,14,907,-44.0,28.0,67.2,0,CONCEPT_NOT_FIT_VALIDATED
MON-C-00920,p8-4x2,Purple,#5E43B7,14,908,-44.0,44.0,67.2,0,CONCEPT_NOT_FIT_VALIDATED
MON-C-00921,p8-4x2,Purple,#5E43B7,14,909,-44.0,60.0,67.2,0,CONCEPT_NOT_FIT_VALIDATED
MON-C-00922,p8-4x1,Purple,#5E43B7,14,910,-44.0,72.0,67.2,0,CONCEPT_NOT_FIT_VALIDATED
MON-C-00892,p8-1x1,Purple,#5E43B7,13,911,-56.0,72.0,62.4,0,CONCEPT_NOT_FIT_VALIDATED
MON-C-00754,p8-1x1,Purple,#5E43B7,12,912,-56.0,72.0,57.6,0,CONCEPT_NOT_FIT_VALIDATED
MON-C-00923,p8-1x1,Jade white,#FFFFFF,14,913,-48.0,-64.0,67.2,0,CONCEPT_NOT_FIT_VALIDATED
MON-C-00924,p8-2x1,Black,#000000,14,914,-36.0,-72.0,67.2,0,CONCEPT_NOT_FIT_VALIDATED
MON-C-00925,p8-2x1,Purple,#5E43B7,14,915,-36.0,-64.0,67.2,0,CONCEPT_NOT_FIT_VALIDATED
MON-C-00926,p8-2x1,Purple,#5E43B7,14,916,-36.0,80.0,67.2,0,CONCEPT_NOT_FIT_VALIDATED
MON-C-00927,p8-1x1,Black,#000000,14,917,-24.0,-72.0,67.2,0,CONCEPT_NOT_FIT_VALIDATED
MON-C-00928,p8-4x1,Purple,#5E43B7,14,918,-12.0,-64.0,67.2,0,CONCEPT_NOT_FIT_VALIDATED
MON-C-00929,p8-4x2,Purple,#5E43B7,14,919,-12.0,-52.0,67.2,0,CONCEPT_NOT_FIT_VALIDATED
MON-C-00930,p8-4x2,Purple,#5E43B7,14,920,-12.0,-36.0,67.2,0,CONCEPT_NOT_FIT_VALIDATED
MON-C-00931,p8-4x2,Purple,#5E43B7,14,921,-12.0,-20.0,67.2,0,CONCEPT_NOT_FIT_VALIDATED
MON-C-00932,p8-4x2,Purple,#5E43B7,14,922,-12.0,-4.0,67.2,0,CONCEPT_NOT_FIT_VALIDATED
MON-C-00933,p8-4x2,Purple,#5E43B7,14,923,-12.0,12.0,67.2,0,CONCEPT_NOT_FIT_VALIDATED
MON-C-00934,p8-4x2,Purple,#5E43B7,14,924,-12.0,28.0,67.2,0,CONCEPT_NOT_FIT_VALIDATED
MON-C-00935,p8-4x2,Purple,#5E43B7,14,925,-12.0,44.0,67.2,0,CONCEPT_NOT_FIT_VALIDATED
MON-C-00936,p8-4x2,Purple,#5E43B7,14,926,-12.0,60.0,67.2,0,CONCEPT_NOT_FIT_VALIDATED
MON-C-00937,p8-4x2,Purple,#5E43B7,14,927,-12.0,76.0,67.2,0,CONCEPT_NOT_FIT_VALIDATED
MON-C-00938,p8-1x1,Hot pink,#F5547C,14,928,-16.0,-72.0,67.2,0,CONCEPT_NOT_FIT_VALIDATED
MON-C-00939,p8-1x1,Hot pink,#F5547C,14,929,-8.0,-80.0,67.2,0,CONCEPT_NOT_FIT_VALIDATED
MON-C-00940,p8-2x1,Purple,#5E43B7,14,930,-4.0,-72.0,67.2,0,CONCEPT_NOT_FIT_VALIDATED
MON-C-00941,p8-1x1,Black,#000000,14,931,0.0,-80.0,67.2,0,CONCEPT_NOT_FIT_VALIDATED
MON-C-00942,p8-1x1,Hot pink,#F5547C,14,932,8.0,-80.0,67.2,0,CONCEPT_NOT_FIT_VALIDATED
MON-C-00943,p8-2x1,Purple,#5E43B7,14,933,8.0,-68.0,67.2,90,CONCEPT_NOT_FIT_VALIDATED
MON-C-00944,p8-4x2,Purple,#5E43B7,14,934,20.0,-52.0,67.2,0,CONCEPT_NOT_FIT_VALIDATED
MON-C-00945,p8-4x2,Purple,#5E43B7,14,935,20.0,-36.0,67.2,0,CONCEPT_NOT_FIT_VALIDATED
MON-C-00946,p8-4x2,Purple,#5E43B7,14,936,20.0,-20.0,67.2,0,CONCEPT_NOT_FIT_VALIDATED
MON-C-00947,p8-4x2,Purple,#5E43B7,14,937,20.0,-4.0,67.2,0,CONCEPT_NOT_FIT_VALIDATED
MON-C-00948,p8-4x2,Purple,#5E43B7,14,938,20.0,12.0,67.2,0,CONCEPT_NOT_FIT_VALIDATED
MON-C-00949,p8-4x2,Purple,#5E43B7,14,939,20.0,28.0,67.2,0,CONCEPT_NOT_FIT_VALIDATED
MON-C-00950,p8-4x2,Purple,#5E43B7,14,940,20.0,44.0,67.2,0,CONCEPT_NOT_FIT_VALIDATED
MON-C-00951,p8-4x2,Purple,#5E43B7,14,941,20.0,60.0,67.2,0,CONCEPT_NOT_FIT_VALIDATED
MON-C-00952,p8-4x2,Purple,#5E43B7,14,942,20.0,76.0,67.2,0,CONCEPT_NOT_FIT_VALIDATED
MON-C-00953,p8-1x1,Hot pink,#F5547C,14,943,16.0,-72.0,67.2,0,CONCEPT_NOT_FIT_VALIDATED
MON-C-00954,p8-3x1,Purple,#5E43B7,14,944,24.0,-64.0,67.2,0,CONCEPT_NOT_FIT_VALIDATED
MON-C-00955,p8-2x1,Black,#000000,14,945,28.0,-72.0,67.2,0,CONCEPT_NOT_FIT_VALIDATED
MON-C-00956,p8-1x1,Black,#000000,14,946,40.0,-72.0,67.2,0,CONCEPT_NOT_FIT_VALIDATED
MON-C-00957,p8-1x1,Purple,#5E43B7,14,947,40.0,-64.0,67.2,0,CONCEPT_NOT_FIT_VALIDATED
MON-C-00958,p8-2x2,Purple,#5E43B7,14,948,44.0,-52.0,67.2,0,CONCEPT_NOT_FIT_VALIDATED
MON-C-00959,p8-4x2,Purple,#5E43B7,14,949,52.0,-36.0,67.2,0,CONCEPT_NOT_FIT_VALIDATED
MON-C-00960,p8-4x2,Purple,#5E43B7,14,950,52.0,-20.0,67.2,0,CONCEPT_NOT_FIT_VALIDATED
MON-C-00961,p8-4x2,Purple,#5E43B7,14,951,52.0,-4.0,67.2,0,CONCEPT_NOT_FIT_VALIDATED
MON-C-00962,p8-4x2,Purple,#5E43B7,14,952,52.0,12.0,67.2,0,CONCEPT_NOT_FIT_VALIDATED
MON-C-00963,p8-4x2,Purple,#5E43B7,14,953,52.0,28.0,67.2,0,CONCEPT_NOT_FIT_VALIDATED
MON-C-00964,p8-4x2,Purple,#5E43B7,14,954,52.0,44.0,67.2,0,CONCEPT_NOT_FIT_VALIDATED
MON-C-00965,p8-4x2,Purple,#5E43B7,14,955,52.0,60.0,67.2,0,CONCEPT_NOT_FIT_VALIDATED
MON-C-00966,p8-3x1,Purple,#5E43B7,14,956,48.0,72.0,67.2,0,CONCEPT_NOT_FIT_VALIDATED
MON-C-00967,p8-1x1,Purple,#5E43B7,14,957,40.0,80.0,67.2,0,CONCEPT_NOT_FIT_VALIDATED
MON-C-00968,p8-1x1,Black,#000000,14,958,48.0,-64.0,67.2,0,CONCEPT_NOT_FIT_VALIDATED
MON-C-00969,p8-2x1,Hot pink,#F5547C,14,959,60.0,-56.0,67.2,0,CONCEPT_NOT_FIT_VALIDATED
MON-C-00837,p8-1x1,Hot pink,#F5547C,13,960,64.0,-56.0,62.4,0,CONCEPT_NOT_FIT_VALIDATED
MON-C-00806,p8-1x1,Hot pink,#F5547C,12,961,64.0,-56.0,57.6,0,CONCEPT_NOT_FIT_VALIDATED
MON-C-00675,p8-1x1,Hot pink,#F5547C,11,962,64.0,-56.0,52.8,0,CONCEPT_NOT_FIT_VALIDATED
MON-C-00646,p8-1x1,Hot pink,#F5547C,10,963,64.0,-56.0,48.0,0,CONCEPT_NOT_FIT_VALIDATED
MON-C-00510,p8-2x1,Hot pink,#F5547C,9,964,64.0,-60.0,43.2,90,CONCEPT_NOT_FIT_VALIDATED
MON-C-00469,p8-2x1,Hot pink,#F5547C,8,965,64.0,-60.0,38.4,90,CONCEPT_NOT_FIT_VALIDATED
MON-C-00361,p8-1x1,Hot pink,#F5547C,7,966,64.0,-56.0,33.6,0,CONCEPT_NOT_FIT_VALIDATED
MON-C-00325,p8-1x1,Hot pink,#F5547C,6,967,64.0,-56.0,28.8,0,CONCEPT_NOT_FIT_VALIDATED
MON-C-00645,p8-1x1,Hot pink,#F5547C,10,968,64.0,-64.0,48.0,0,CONCEPT_NOT_FIT_VALIDATED
MON-C-00970,p8-2x1,Purple,#5E43B7,14,969,60.0,-48.0,67.2,0,CONCEPT_NOT_FIT_VALIDATED
MON-C-00971,p8-1x1,Hot pink,#F5547C,14,970,72.0,-48.0,67.2,0,CONCEPT_NOT_FIT_VALIDATED
MON-C-00972,p8-1x1,Hot pink,#F5547C,14,971,72.0,-40.0,67.2,0,CONCEPT_NOT_FIT_VALIDATED
MON-C-00973,p8-2x1,Purple,#5E43B7,14,972,76.0,-32.0,67.2,0,CONCEPT_NOT_FIT_VALIDATED
MON-C-00974,p8-2x2,Purple,#5E43B7,14,973,76.0,-20.0,67.2,0,CONCEPT_NOT_FIT_VALIDATED
MON-C-00975,p8-3x2,Purple,#5E43B7,14,974,80.0,-4.0,67.2,0,CONCEPT_NOT_FIT_VALIDATED
MON-C-00976,p8-3x2,Purple,#5E43B7,14,975,80.0,12.0,67.2,0,CONCEPT_NOT_FIT_VALIDATED
MON-C-00977,p8-2x2,Purple,#5E43B7,14,976,76.0,28.0,67.2,0,CONCEPT_NOT_FIT_VALIDATED
MON-C-00978,p8-2x2,Purple,#5E43B7,14,977,76.0,44.0,67.2,0,CONCEPT_NOT_FIT_VALIDATED
MON-C-00889,p8-1x1,Purple,#5E43B7,13,978,80.0,48.0,62.4,0,CONCEPT_NOT_FIT_VALIDATED
MON-C-00979,p8-1x1,Purple,#5E43B7,14,979,72.0,56.0,67.2,0,CONCEPT_NOT_FIT_VALIDATED
MON-C-00980,p8-1x1,Purple,#5E43B7,14,980,88.0,-16.0,67.2,0,CONCEPT_NOT_FIT_VALIDATED
MON-C-00981,p8-1x1,Purple,#5E43B7,14,981,88.0,24.0,67.2,0,CONCEPT_NOT_FIT_VALIDATED
MON-C-00982,p8-2x1,Purple,#5E43B7,15,982,0.0,84.0,72.0,90,CONCEPT_NOT_FIT_VALIDATED
MON-C-00983,p8-2x1,Hot pink,#F5547C,15,983,-4.0,-80.0,72.0,0,CONCEPT_NOT_FIT_VALIDATED
MON-C-00984,p8-1x1,Hot pink,#F5547C,15,984,8.0,-80.0,72.0,0,CONCEPT_NOT_FIT_VALIDATED
MON-C-00985,p8-2x1,Black,#000000,15,985,-36.0,-72.0,72.0,0,CONCEPT_NOT_FIT_VALIDATED
MON-C-00986,p8-1x1,Black,#000000,15,986,-24.0,-72.0,72.0,0,CONCEPT_NOT_FIT_VALIDATED
MON-C-00987,p8-1x1,Hot pink,#F5547C,15,987,-16.0,-72.0,72.0,0,CONCEPT_NOT_FIT_VALIDATED
MON-C-00988,p8-2x2,Purple,#5E43B7,15,988,-4.0,-68.0,72.0,0,CONCEPT_NOT_FIT_VALIDATED
MON-C-00989,p8-2x1,Purple,#5E43B7,15,989,8.0,-68.0,72.0,90,CONCEPT_NOT_FIT_VALIDATED
MON-C-00990,p8-1x1,Hot pink,#F5547C,15,990,16.0,-72.0,72.0,0,CONCEPT_NOT_FIT_VALIDATED
MON-C-00991,p8-2x1,Black,#000000,15,991,28.0,-72.0,72.0,0,CONCEPT_NOT_FIT_VALIDATED
MON-C-00992,p8-1x1,Black,#000000,15,992,40.0,-72.0,72.0,0,CONCEPT_NOT_FIT_VALIDATED
MON-C-00993,p8-1x1,Black,#000000,15,993,-48.0,-64.0,72.0,0,CONCEPT_NOT_FIT_VALIDATED
MON-C-00994,p8-2x1,Purple,#5E43B7,15,994,-36.0,-64.0,72.0,0,CONCEPT_NOT_FIT_VALIDATED
MON-C-00995,p8-2x1,Purple,#5E43B7,15,995,-20.0,-64.0,72.0,0,CONCEPT_NOT_FIT_VALIDATED
MON-C-00996,p8-1x1,Purple,#5E43B7,15,996,16.0,-64.0,72.0,0,CONCEPT_NOT_FIT_VALIDATED
MON-C-00997,p8-2x1,Purple,#5E43B7,15,997,28.0,-64.0,72.0,0,CONCEPT_NOT_FIT_VALIDATED
MON-C-00998,p8-1x1,Purple,#5E43B7,15,998,40.0,-64.0,72.0,0,CONCEPT_NOT_FIT_VALIDATED
MON-C-00999,p8-1x1,Black,#000000,15,999,48.0,-64.0,72.0,0,CONCEPT_NOT_FIT_VALIDATED
MON-C-01000,p8-1x1,Hot pink,#F5547C,15,1000,-64.0,-56.0,72.0,0,CONCEPT_NOT_FIT_VALIDATED
MON-C-01001,p8-1x1,Hot pink,#F5547C,15,1001,-56.0,-56.0,72.0,0,CONCEPT_NOT_FIT_VALIDATED
MON-C-01002,p8-4x1,Purple,#5E43B7,15,1002,-48.0,-44.0,72.0,90,CONCEPT_NOT_FIT_VALIDATED
MON-C-01003,p8-4x2,Purple,#5E43B7,15,1003,-36.0,-44.0,72.0,90,CONCEPT_NOT_FIT_VALIDATED
MON-C-01004,p8-4x2,Purple,#5E43B7,15,1004,-20.0,-44.0,72.0,90,CONCEPT_NOT_FIT_VALIDATED
MON-C-01005,p8-4x2,Purple,#5E43B7,15,1005,-4.0,-44.0,72.0,90,CONCEPT_NOT_FIT_VALIDATED
MON-C-01006,p8-4x2,Purple,#5E43B7,15,1006,12.0,-44.0,72.0,90,CONCEPT_NOT_FIT_VALIDATED
MON-C-01007,p8-4x2,Purple,#5E43B7,15,1007,28.0,-44.0,72.0,90,CONCEPT_NOT_FIT_VALIDATED
MON-C-01008,p8-4x2,Purple,#5E43B7,15,1008,44.0,-44.0,72.0,90,CONCEPT_NOT_FIT_VALIDATED
MON-C-01009,p8-2x1,Hot pink,#F5547C,15,1009,60.0,-56.0,72.0,0,CONCEPT_NOT_FIT_VALIDATED
MON-C-01010,p8-2x1,Hot pink,#F5547C,15,1010,-72.0,-44.0,72.0,90,CONCEPT_NOT_FIT_VALIDATED
MON-C-01011,p8-3x1,Purple,#5E43B7,15,1011,-64.0,-40.0,72.0,90,CONCEPT_NOT_FIT_VALIDATED
MON-C-01012,p8-3x1,Purple,#5E43B7,15,1012,-56.0,-40.0,72.0,90,CONCEPT_NOT_FIT_VALIDATED
MON-C-01013,p8-3x2,Purple,#5E43B7,15,1013,60.0,-40.0,72.0,90,CONCEPT_NOT_FIT_VALIDATED
MON-C-01014,p8-2x1,Hot pink,#F5547C,15,1014,72.0,-44.0,72.0,90,CONCEPT_NOT_FIT_VALIDATED
MON-C-01015,p8-1x1,Purple,#5E43B7,15,1015,-80.0,-32.0,72.0,0,CONCEPT_NOT_FIT_VALIDATED
MON-C-01016,p8-1x1,Purple,#5E43B7,15,1016,-72.0,-32.0,72.0,0,CONCEPT_NOT_FIT_VALIDATED
MON-C-01017,p8-2x1,Purple,#5E43B7,15,1017,76.0,-32.0,72.0,0,CONCEPT_NOT_FIT_VALIDATED
MON-C-01018,p8-4x1,Purple,#5E43B7,15,1018,-80.0,-12.0,72.0,90,CONCEPT_NOT_FIT_VALIDATED
MON-C-01019,p8-4x2,Purple,#5E43B7,15,1019,-68.0,-12.0,72.0,90,CONCEPT_NOT_FIT_VALIDATED
MON-C-01020,p8-4x2,Purple,#5E43B7,15,1020,-52.0,-12.0,72.0,90,CONCEPT_NOT_FIT_VALIDATED
MON-C-01021,p8-4x2,Purple,#5E43B7,15,1021,-36.0,-12.0,72.0,90,CONCEPT_NOT_FIT_VALIDATED
MON-C-01022,p8-4x2,Purple,#5E43B7,15,1022,-20.0,-12.0,72.0,90,CONCEPT_NOT_FIT_VALIDATED
MON-C-01023,p8-4x2,Purple,#5E43B7,15,1023,-4.0,-12.0,72.0,90,CONCEPT_NOT_FIT_VALIDATED
MON-C-01024,p8-4x2,Purple,#5E43B7,15,1024,12.0,-12.0,72.0,90,CONCEPT_NOT_FIT_VALIDATED
MON-C-01025,p8-4x2,Purple,#5E43B7,15,1025,28.0,-12.0,72.0,90,CONCEPT_NOT_FIT_VALIDATED
MON-C-01026,p8-4x2,Purple,#5E43B7,15,1026,44.0,-12.0,72.0,90,CONCEPT_NOT_FIT_VALIDATED
MON-C-01027,p8-4x2,Purple,#5E43B7,15,1027,60.0,-12.0,72.0,90,CONCEPT_NOT_FIT_VALIDATED
MON-C-01028,p8-4x2,Purple,#5E43B7,15,1028,76.0,-12.0,72.0,90,CONCEPT_NOT_FIT_VALIDATED
MON-C-01029,p8-3x1,Purple,#5E43B7,15,1029,-88.0,-8.0,72.0,90,CONCEPT_NOT_FIT_VALIDATED
MON-C-01030,p8-3x1,Purple,#5E43B7,15,1030,88.0,-8.0,72.0,90,CONCEPT_NOT_FIT_VALIDATED
MON-C-01031,p8-4x2,Purple,#5E43B7,15,1031,-84.0,20.0,72.0,90,CONCEPT_NOT_FIT_VALIDATED
MON-C-01032,p8-4x2,Purple,#5E43B7,15,1032,-68.0,20.0,72.0,90,CONCEPT_NOT_FIT_VALIDATED
MON-C-01033,p8-4x2,Purple,#5E43B7,15,1033,-52.0,20.0,72.0,90,CONCEPT_NOT_FIT_VALIDATED
MON-C-01034,p8-4x2,Purple,#5E43B7,15,1034,-36.0,20.0,72.0,90,CONCEPT_NOT_FIT_VALIDATED
MON-C-01035,p8-4x2,Purple,#5E43B7,15,1035,-20.0,20.0,72.0,90,CONCEPT_NOT_FIT_VALIDATED
MON-C-01036,p8-4x2,Purple,#5E43B7,15,1036,-4.0,20.0,72.0,90,CONCEPT_NOT_FIT_VALIDATED
MON-C-01037,p8-4x2,Purple,#5E43B7,15,1037,12.0,20.0,72.0,90,CONCEPT_NOT_FIT_VALIDATED
MON-C-01038,p8-4x2,Purple,#5E43B7,15,1038,28.0,20.0,72.0,90,CONCEPT_NOT_FIT_VALIDATED
MON-C-01039,p8-4x2,Purple,#5E43B7,15,1039,44.0,20.0,72.0,90,CONCEPT_NOT_FIT_VALIDATED
MON-C-01040,p8-4x2,Purple,#5E43B7,15,1040,60.0,20.0,72.0,90,CONCEPT_NOT_FIT_VALIDATED
MON-C-01041,p8-4x2,Purple,#5E43B7,15,1041,76.0,20.0,72.0,90,CONCEPT_NOT_FIT_VALIDATED
MON-C-01042,p8-4x1,Purple,#5E43B7,15,1042,88.0,20.0,72.0,90,CONCEPT_NOT_FIT_VALIDATED
MON-C-01043,p8-2x1,Purple,#5E43B7,15,1043,-80.0,44.0,72.0,90,CONCEPT_NOT_FIT_VALIDATED
MON-C-01044,p8-3x2,Purple,#5E43B7,15,1044,-68.0,48.0,72.0,90,CONCEPT_NOT_FIT_VALIDATED
MON-C-01045,p8-4x2,Purple,#5E43B7,15,1045,-52.0,52.0,72.0,90,CONCEPT_NOT_FIT_VALIDATED
MON-C-01046,p8-4x2,Purple,#5E43B7,15,1046,-36.0,52.0,72.0,90,CONCEPT_NOT_FIT_VALIDATED
MON-C-01047,p8-4x2,Purple,#5E43B7,15,1047,-20.0,52.0,72.0,90,CONCEPT_NOT_FIT_VALIDATED
MON-C-01048,p8-4x2,Purple,#5E43B7,15,1048,-4.0,52.0,72.0,90,CONCEPT_NOT_FIT_VALIDATED
MON-C-01049,p8-4x2,Purple,#5E43B7,15,1049,12.0,52.0,72.0,90,CONCEPT_NOT_FIT_VALIDATED
MON-C-01050,p8-4x2,Purple,#5E43B7,15,1050,28.0,52.0,72.0,90,CONCEPT_NOT_FIT_VALIDATED
MON-C-01051,p8-4x2,Purple,#5E43B7,15,1051,44.0,52.0,72.0,90,CONCEPT_NOT_FIT_VALIDATED
MON-C-01052,p8-4x2,Purple,#5E43B7,15,1052,60.0,52.0,72.0,90,CONCEPT_NOT_FIT_VALIDATED
MON-C-01053,p8-2x2,Purple,#5E43B7,15,1053,76.0,44.0,72.0,0,CONCEPT_NOT_FIT_VALIDATED
MON-C-01054,p8-1x1,Purple,#5E43B7,15,1054,72.0,56.0,72.0,0,CONCEPT_NOT_FIT_VALIDATED
MON-C-01055,p8-1x1,Purple,#5E43B7,15,1055,-64.0,64.0,72.0,0,CONCEPT_NOT_FIT_VALIDATED
MON-C-01056,p8-2x1,Purple,#5E43B7,15,1056,-52.0,72.0,72.0,0,CONCEPT_NOT_FIT_VALIDATED
MON-C-01057,p8-2x2,Purple,#5E43B7,15,1057,-36.0,76.0,72.0,0,CONCEPT_NOT_FIT_VALIDATED
MON-C-01058,p8-2x2,Purple,#5E43B7,15,1058,-20.0,76.0,72.0,0,CONCEPT_NOT_FIT_VALIDATED
MON-C-01059,p8-2x1,Purple,#5E43B7,15,1059,-8.0,76.0,72.0,90,CONCEPT_NOT_FIT_VALIDATED
MON-C-01060,p8-1x1,Purple,#5E43B7,15,1060,0.0,72.0,72.0,0,CONCEPT_NOT_FIT_VALIDATED
MON-C-01061,p8-2x2,Purple,#5E43B7,15,1061,12.0,76.0,72.0,0,CONCEPT_NOT_FIT_VALIDATED
MON-C-01062,p8-2x2,Purple,#5E43B7,15,1062,28.0,76.0,72.0,0,CONCEPT_NOT_FIT_VALIDATED
MON-C-01063,p8-2x1,Purple,#5E43B7,15,1063,40.0,76.0,72.0,90,CONCEPT_NOT_FIT_VALIDATED
MON-C-01064,p8-1x1,Purple,#5E43B7,15,1064,48.0,72.0,72.0,0,CONCEPT_NOT_FIT_VALIDATED
MON-C-01065,p8-1x1,Purple,#5E43B7,15,1065,56.0,72.0,72.0,0,CONCEPT_NOT_FIT_VALIDATED
MON-C-01066,p8-3x2,Purple,#5E43B7,16,1066,-80.0,-12.0,76.8,0,CONCEPT_NOT_FIT_VALIDATED
MON-C-01067,p8-3x2,Purple,#5E43B7,16,1067,-80.0,4.0,76.8,0,CONCEPT_NOT_FIT_VALIDATED
MON-C-01068,p8-3x2,Purple,#5E43B7,16,1068,-80.0,20.0,76.8,0,CONCEPT_NOT_FIT_VALIDATED
MON-C-01069,p8-3x1,Purple,#5E43B7,16,1069,-80.0,32.0,76.8,0,CONCEPT_NOT_FIT_VALIDATED
MON-C-01070,p8-2x2,Purple,#5E43B7,16,1070,-76.0,-28.0,76.8,0,CONCEPT_NOT_FIT_VALIDATED
MON-C-01071,p8-2x1,Purple,#5E43B7,16,1071,-76.0,40.0,76.8,0,CONCEPT_NOT_FIT_VALIDATED
MON-C-01072,p8-2x1,Purple,#5E43B7,16,1072,-76.0,48.0,76.8,0,CONCEPT_NOT_FIT_VALIDATED
MON-C-01073,p8-2x1,Hot pink,#F5547C,16,1073,-72.0,-44.0,76.8,90,CONCEPT_NOT_FIT_VALIDATED
MON-C-01074,p8-1x1,Purple,#5E43B7,16,1074,-72.0,56.0,76.8,0,CONCEPT_NOT_FIT_VALIDATED
MON-C-01075,p8-2x1,Hot pink,#F5547C,16,1075,-60.0,-56.0,76.8,0,CONCEPT_NOT_FIT_VALIDATED
MON-C-01076,p8-4x2,Purple,#5E43B7,16,1076,-52.0,-44.0,76.8,0,CONCEPT_NOT_FIT_VALIDATED
MON-C-01077,p8-4x2,Purple,#5E43B7,16,1077,-52.0,-28.0,76.8,0,CONCEPT_NOT_FIT_VALIDATED
MON-C-01078,p8-4x2,Purple,#5E43B7,16,1078,-52.0,-12.0,76.8,0,CONCEPT_NOT_FIT_VALIDATED
MON-C-01079,p8-4x2,Purple,#5E43B7,16,1079,-52.0,4.0,76.8,0,CONCEPT_NOT_FIT_VALIDATED
MON-C-01080,p8-4x2,Purple,#5E43B7,16,1080,-52.0,20.0,76.8,0,CONCEPT_NOT_FIT_VALIDATED
MON-C-01081,p8-4x2,Purple,#5E43B7,16,1081,-52.0,36.0,76.8,0,CONCEPT_NOT_FIT_VALIDATED
MON-C-01082,p8-4x2,Purple,#5E43B7,16,1082,-52.0,52.0,76.8,0,CONCEPT_NOT_FIT_VALIDATED
MON-C-01083,p8-4x1,Purple,#5E43B7,16,1083,-52.0,64.0,76.8,0,CONCEPT_NOT_FIT_VALIDATED
MON-C-01084,p8-3x1,Purple,#5E43B7,16,1084,-48.0,72.0,76.8,0,CONCEPT_NOT_FIT_VALIDATED
MON-C-01085,p8-1x1,Jade white,#FFFFFF,16,1085,-48.0,-64.0,76.8,0,CONCEPT_NOT_FIT_VALIDATED
MON-C-01086,p8-2x1,Purple,#5E43B7,16,1086,-44.0,-56.0,76.8,0,CONCEPT_NOT_FIT_VALIDATED
MON-C-01087,p8-1x1,Black,#000000,16,1087,-40.0,-72.0,76.8,0,CONCEPT_NOT_FIT_VALIDATED
MON-C-01088,p8-1x1,Purple,#5E43B7,16,1088,-40.0,-64.0,76.8,0,CONCEPT_NOT_FIT_VALIDATED
MON-C-01089,p8-1x1,Purple,#5E43B7,16,1089,-40.0,80.0,76.8,0,CONCEPT_NOT_FIT_VALIDATED
MON-C-01090,p8-2x1,Black,#000000,16,1090,-28.0,-72.0,76.8,0,CONCEPT_NOT_FIT_VALIDATED
MON-C-01091,p8-4x2,Purple,#5E43B7,16,1091,-20.0,-60.0,76.8,0,CONCEPT_NOT_FIT_VALIDATED
MON-C-01092,p8-4x2,Purple,#5E43B7,16,1092,-20.0,-44.0,76.8,0,CONCEPT_NOT_FIT_VALIDATED
MON-C-01093,p8-4x2,Purple,#5E43B7,16,1093,-20.0,-28.0,76.8,0,CONCEPT_NOT_FIT_VALIDATED
MON-C-01094,p8-4x2,Purple,#5E43B7,16,1094,-20.0,-12.0,76.8,0,CONCEPT_NOT_FIT_VALIDATED
MON-C-01095,p8-4x2,Purple,#5E43B7,16,1095,-20.0,4.0,76.8,0,CONCEPT_NOT_FIT_VALIDATED
MON-C-01096,p8-4x2,Purple,#5E43B7,16,1096,-20.0,20.0,76.8,0,CONCEPT_NOT_FIT_VALIDATED
MON-C-01097,p8-4x2,Purple,#5E43B7,16,1097,-20.0,36.0,76.8,0,CONCEPT_NOT_FIT_VALIDATED
MON-C-01098,p8-4x2,Purple,#5E43B7,16,1098,-20.0,52.0,76.8,0,CONCEPT_NOT_FIT_VALIDATED
MON-C-01099,p8-4x2,Purple,#5E43B7,16,1099,-20.0,68.0,76.8,0,CONCEPT_NOT_FIT_VALIDATED
MON-C-01100,p8-4x1,Purple,#5E43B7,16,1100,-20.0,80.0,76.8,0,CONCEPT_NOT_FIT_VALIDATED
MON-C-01101,p8-1x1,Hot pink,#F5547C,16,1101,-16.0,-72.0,76.8,0,CONCEPT_NOT_FIT_VALIDATED
MON-C-01102,p8-1x1,Hot pink,#F5547C,16,1102,-8.0,-80.0,76.8,0,CONCEPT_NOT_FIT_VALIDATED
MON-C-01103,p8-1x1,Purple,#5E43B7,16,1103,-8.0,-72.0,76.8,0,CONCEPT_NOT_FIT_VALIDATED
MON-C-01104,p8-2x1,Hot pink,#F5547C,16,1104,4.0,-80.0,76.8,0,CONCEPT_NOT_FIT_VALIDATED
MON-C-01105,p8-2x1,Purple,#5E43B7,16,1105,4.0,-72.0,76.8,0,CONCEPT_NOT_FIT_VALIDATED
MON-C-01106,p8-4x2,Purple,#5E43B7,16,1106,12.0,-60.0,76.8,0,CONCEPT_NOT_FIT_VALIDATED
MON-C-01107,p8-4x2,Purple,#5E43B7,16,1107,12.0,-44.0,76.8,0,CONCEPT_NOT_FIT_VALIDATED
MON-C-01108,p8-4x2,Purple,#5E43B7,16,1108,12.0,-28.0,76.8,0,CONCEPT_NOT_FIT_VALIDATED
MON-C-01109,p8-4x2,Purple,#5E43B7,16,1109,12.0,-12.0,76.8,0,CONCEPT_NOT_FIT_VALIDATED
MON-C-01110,p8-4x2,Purple,#5E43B7,16,1110,12.0,4.0,76.8,0,CONCEPT_NOT_FIT_VALIDATED
MON-C-01111,p8-4x2,Purple,#5E43B7,16,1111,12.0,20.0,76.8,0,CONCEPT_NOT_FIT_VALIDATED
MON-C-01112,p8-4x2,Purple,#5E43B7,16,1112,12.0,36.0,76.8,0,CONCEPT_NOT_FIT_VALIDATED
MON-C-01113,p8-4x2,Purple,#5E43B7,16,1113,12.0,52.0,76.8,0,CONCEPT_NOT_FIT_VALIDATED
MON-C-01114,p8-4x2,Purple,#5E43B7,16,1114,12.0,68.0,76.8,0,CONCEPT_NOT_FIT_VALIDATED
MON-C-01115,p8-4x1,Purple,#5E43B7,16,1115,12.0,80.0,76.8,0,CONCEPT_NOT_FIT_VALIDATED
MON-C-01116,p8-1x1,Purple,#5E43B7,16,1116,0.0,88.0,76.8,0,CONCEPT_NOT_FIT_VALIDATED
MON-C-01117,p8-1x1,Hot pink,#F5547C,16,1117,16.0,-72.0,76.8,0,CONCEPT_NOT_FIT_VALIDATED
MON-C-01118,p8-1x1,Black,#000000,16,1118,24.0,-72.0,76.8,0,CONCEPT_NOT_FIT_VALIDATED
MON-C-01119,p8-2x1,Black,#000000,16,1119,36.0,-72.0,76.8,0,CONCEPT_NOT_FIT_VALIDATED
MON-C-01120,p8-2x2,Purple,#5E43B7,16,1120,36.0,-60.0,76.8,0,CONCEPT_NOT_FIT_VALIDATED
MON-C-01121,p8-4x2,Purple,#5E43B7,16,1121,44.0,-44.0,76.8,0,CONCEPT_NOT_FIT_VALIDATED
MON-C-01122,p8-4x2,Purple,#5E43B7,16,1122,44.0,-28.0,76.8,0,CONCEPT_NOT_FIT_VALIDATED
MON-C-01123,p8-4x2,Purple,#5E43B7,16,1123,44.0,-12.0,76.8,0,CONCEPT_NOT_FIT_VALIDATED
MON-C-01124,p8-4x2,Purple,#5E43B7,16,1124,44.0,4.0,76.8,0,CONCEPT_NOT_FIT_VALIDATED
MON-C-01125,p8-4x2,Purple,#5E43B7,16,1125,44.0,20.0,76.8,0,CONCEPT_NOT_FIT_VALIDATED
MON-C-01126,p8-4x2,Purple,#5E43B7,16,1126,44.0,36.0,76.8,0,CONCEPT_NOT_FIT_VALIDATED
MON-C-01127,p8-4x2,Purple,#5E43B7,16,1127,44.0,52.0,76.8,0,CONCEPT_NOT_FIT_VALIDATED
MON-C-01128,p8-4x2,Purple,#5E43B7,16,1128,44.0,68.0,76.8,0,CONCEPT_NOT_FIT_VALIDATED
MON-C-01129,p8-2x1,Purple,#5E43B7,16,1129,36.0,80.0,76.8,0,CONCEPT_NOT_FIT_VALIDATED
MON-C-01130,p8-1x1,Black,#000000,16,1130,48.0,-64.0,76.8,0,CONCEPT_NOT_FIT_VALIDATED
MON-C-01131,p8-1x1,Purple,#5E43B7,16,1131,48.0,-56.0,76.8,0,CONCEPT_NOT_FIT_VALIDATED
MON-C-01132,p8-1x1,Hot pink,#F5547C,16,1132,56.0,-56.0,76.8,0,CONCEPT_NOT_FIT_VALIDATED
MON-C-01133,p8-1x1,Hot pink,#F5547C,16,1133,64.0,-56.0,76.8,0,CONCEPT_NOT_FIT_VALIDATED
MON-C-01134,p8-2x1,Purple,#5E43B7,16,1134,64.0,-44.0,76.8,90,CONCEPT_NOT_FIT_VALIDATED
MON-C-01135,p8-3x2,Purple,#5E43B7,16,1135,72.0,-28.0,76.8,0,CONCEPT_NOT_FIT_VALIDATED
MON-C-01136,p8-3x2,Purple,#5E43B7,16,1136,72.0,-12.0,76.8,0,CONCEPT_NOT_FIT_VALIDATED
MON-C-01137,p8-4x2,Purple,#5E43B7,16,1137,76.0,4.0,76.8,0,CONCEPT_NOT_FIT_VALIDATED
MON-C-01138,p8-4x2,Purple,#5E43B7,16,1138,76.0,20.0,76.8,0,CONCEPT_NOT_FIT_VALIDATED
MON-C-01139,p8-3x2,Purple,#5E43B7,16,1139,72.0,36.0,76.8,0,CONCEPT_NOT_FIT_VALIDATED
MON-C-01140,p8-2x2,Purple,#5E43B7,16,1140,68.0,52.0,76.8,0,CONCEPT_NOT_FIT_VALIDATED
MON-C-01141,p8-1x1,Purple,#5E43B7,16,1141,64.0,64.0,76.8,0,CONCEPT_NOT_FIT_VALIDATED
MON-C-01142,p8-2x1,Hot pink,#F5547C,16,1142,72.0,-44.0,76.8,90,CONCEPT_NOT_FIT_VALIDATED
MON-C-01143,p8-1x1,Purple,#5E43B7,16,1143,80.0,48.0,76.8,0,CONCEPT_NOT_FIT_VALIDATED
MON-C-01144,p8-1x1,Purple,#5E43B7,16,1144,88.0,-8.0,76.8,0,CONCEPT_NOT_FIT_VALIDATED
MON-C-01145,p8-1x1,Hot pink,#F5547C,17,1145,-8.0,-80.0,81.6,0,CONCEPT_NOT_FIT_VALIDATED
MON-C-01146,p8-2x1,Hot pink,#F5547C,17,1146,4.0,-80.0,81.6,0,CONCEPT_NOT_FIT_VALIDATED
MON-C-01147,p8-1x1,Black,#000000,17,1147,-40.0,-72.0,81.6,0,CONCEPT_NOT_FIT_VALIDATED
MON-C-01148,p8-2x1,Black,#000000,17,1148,-28.0,-72.0,81.6,0,CONCEPT_NOT_FIT_VALIDATED
MON-C-01149,p8-1x1,Hot pink,#F5547C,17,1149,-16.0,-72.0,81.6,0,CONCEPT_NOT_FIT_VALIDATED
MON-C-01150,p8-1x1,Purple,#5E43B7,17,1150,-8.0,-72.0,81.6,0,CONCEPT_NOT_FIT_VALIDATED
MON-C-01151,p8-2x1,Purple,#5E43B7,17,1151,4.0,-72.0,81.6,0,CONCEPT_NOT_FIT_VALIDATED
MON-C-01152,p8-1x1,Hot pink,#F5547C,17,1152,16.0,-72.0,81.6,0,CONCEPT_NOT_FIT_VALIDATED
MON-C-01153,p8-1x1,Black,#000000,17,1153,24.0,-72.0,81.6,0,CONCEPT_NOT_FIT_VALIDATED
MON-C-01154,p8-2x1,Black,#000000,17,1154,36.0,-72.0,81.6,0,CONCEPT_NOT_FIT_VALIDATED
MON-C-01155,p8-1x1,Jade white,#FFFFFF,17,1155,-48.0,-64.0,81.6,0,CONCEPT_NOT_FIT_VALIDATED
MON-C-01156,p8-4x1,Purple,#5E43B7,17,1156,-40.0,-52.0,81.6,90,CONCEPT_NOT_FIT_VALIDATED
MON-C-01157,p8-4x2,Purple,#5E43B7,17,1157,-28.0,-52.0,81.6,90,CONCEPT_NOT_FIT_VALIDATED
MON-C-01158,p8-4x2,Purple,#5E43B7,17,1158,-12.0,-52.0,81.6,90,CONCEPT_NOT_FIT_VALIDATED
MON-C-01159,p8-4x2,Purple,#5E43B7,17,1159,4.0,-52.0,81.6,90,CONCEPT_NOT_FIT_VALIDATED
MON-C-01160,p8-4x2,Purple,#5E43B7,17,1160,20.0,-52.0,81.6,90,CONCEPT_NOT_FIT_VALIDATED
MON-C-01161,p8-4x2,Purple,#5E43B7,17,1161,36.0,-52.0,81.6,90,CONCEPT_NOT_FIT_VALIDATED
MON-C-01162,p8-1x1,Black,#000000,17,1162,48.0,-64.0,81.6,0,CONCEPT_NOT_FIT_VALIDATED
MON-C-01163,p8-2x1,Hot pink,#F5547C,17,1163,-60.0,-56.0,81.6,0,CONCEPT_NOT_FIT_VALIDATED
MON-C-01164,p8-3x1,Purple,#5E43B7,17,1164,-48.0,-48.0,81.6,90,CONCEPT_NOT_FIT_VALIDATED
MON-C-01165,p8-3x1,Purple,#5E43B7,17,1165,48.0,-48.0,81.6,90,CONCEPT_NOT_FIT_VALIDATED
MON-C-01166,p8-1x1,Hot pink,#F5547C,17,1166,56.0,-56.0,81.6,0,CONCEPT_NOT_FIT_VALIDATED
MON-C-01167,p8-1x1,Hot pink,#F5547C,17,1167,64.0,-56.0,81.6,0,CONCEPT_NOT_FIT_VALIDATED
MON-C-01168,p8-2x1,Hot pink,#F5547C,17,1168,-72.0,-44.0,81.6,90,CONCEPT_NOT_FIT_VALIDATED
MON-C-01169,p8-2x2,Purple,#5E43B7,17,1169,-60.0,-44.0,81.6,0,CONCEPT_NOT_FIT_VALIDATED
MON-C-01170,p8-2x1,Purple,#5E43B7,17,1170,56.0,-44.0,81.6,90,CONCEPT_NOT_FIT_VALIDATED
MON-C-01171,p8-2x1,Purple,#5E43B7,17,1171,64.0,-44.0,81.6,90,CONCEPT_NOT_FIT_VALIDATED
MON-C-01172,p8-2x1,Hot pink,#F5547C,17,1172,72.0,-44.0,81.6,90,CONCEPT_NOT_FIT_VALIDATED
MON-C-01173,p8-4x2,Purple,#5E43B7,17,1173,-76.0,-20.0,81.6,90,CONCEPT_NOT_FIT_VALIDATED
MON-C-01174,p8-4x2,Purple,#5E43B7,17,1174,-60.0,-20.0,81.6,90,CONCEPT_NOT_FIT_VALIDATED
MON-C-01175,p8-4x2,Purple,#5E43B7,17,1175,-44.0,-20.0,81.6,90,CONCEPT_NOT_FIT_VALIDATED
MON-C-01176,p8-4x2,Purple,#5E43B7,17,1176,-28.0,-20.0,81.6,90,CONCEPT_NOT_FIT_VALIDATED
MON-C-01177,p8-4x2,Purple,#5E43B7,17,1177,-12.0,-20.0,81.6,90,CONCEPT_NOT_FIT_VALIDATED
MON-C-01178,p8-4x2,Purple,#5E43B7,17,1178,4.0,-20.0,81.6,90,CONCEPT_NOT_FIT_VALIDATED
MON-C-01179,p8-4x2,Purple,#5E43B7,17,1179,20.0,-20.0,81.6,90,CONCEPT_NOT_FIT_VALIDATED
MON-C-01180,p8-4x2,Purple,#5E43B7,17,1180,36.0,-20.0,81.6,90,CONCEPT_NOT_FIT_VALIDATED
MON-C-01181,p8-4x2,Purple,#5E43B7,17,1181,52.0,-20.0,81.6,90,CONCEPT_NOT_FIT_VALIDATED
MON-C-01182,p8-4x2,Purple,#5E43B7,17,1182,68.0,-20.0,81.6,90,CONCEPT_NOT_FIT_VALIDATED
MON-C-01183,p8-1x1,Hot pink,#F5547C,17,1183,80.0,-32.0,81.6,0,CONCEPT_NOT_FIT_VALIDATED
MON-C-01184,p8-3x1,Purple,#5E43B7,17,1184,80.0,-16.0,81.6,90,CONCEPT_NOT_FIT_VALIDATED
MON-C-01185,p8-2x1,Purple,#5E43B7,17,1185,-88.0,-12.0,81.6,90,CONCEPT_NOT_FIT_VALIDATED
MON-C-01186,p8-1x1,Purple,#5E43B7,17,1186,88.0,-8.0,81.6,0,CONCEPT_NOT_FIT_VALIDATED
MON-C-01187,p8-4x1,Purple,#5E43B7,17,1187,-88.0,12.0,81.6,90,CONCEPT_NOT_FIT_VALIDATED
MON-C-01188,p8-4x2,Purple,#5E43B7,17,1188,-76.0,12.0,81.6,90,CONCEPT_NOT_FIT_VALIDATED
MON-C-01189,p8-4x2,Purple,#5E43B7,17,1189,-60.0,12.0,81.6,90,CONCEPT_NOT_FIT_VALIDATED
MON-C-01190,p8-4x2,Purple,#5E43B7,17,1190,-44.0,12.0,81.6,90,CONCEPT_NOT_FIT_VALIDATED
MON-C-01191,p8-4x2,Purple,#5E43B7,17,1191,-28.0,12.0,81.6,90,CONCEPT_NOT_FIT_VALIDATED
MON-C-01192,p8-4x2,Purple,#5E43B7,17,1192,-12.0,12.0,81.6,90,CONCEPT_NOT_FIT_VALIDATED
MON-C-01193,p8-4x2,Purple,#5E43B7,17,1193,4.0,12.0,81.6,90,CONCEPT_NOT_FIT_VALIDATED
MON-C-01194,p8-4x2,Purple,#5E43B7,17,1194,20.0,12.0,81.6,90,CONCEPT_NOT_FIT_VALIDATED
MON-C-01195,p8-4x2,Purple,#5E43B7,17,1195,36.0,12.0,81.6,90,CONCEPT_NOT_FIT_VALIDATED
MON-C-01196,p8-4x2,Purple,#5E43B7,17,1196,52.0,12.0,81.6,90,CONCEPT_NOT_FIT_VALIDATED
MON-C-01197,p8-4x2,Purple,#5E43B7,17,1197,68.0,12.0,81.6,90,CONCEPT_NOT_FIT_VALIDATED
MON-C-01198,p8-4x2,Purple,#5E43B7,17,1198,84.0,12.0,81.6,90,CONCEPT_NOT_FIT_VALIDATED
MON-C-01199,p8-1x1,Purple,#5E43B7,17,1199,-88.0,32.0,81.6,0,CONCEPT_NOT_FIT_VALIDATED
MON-C-01200,p8-3x2,Purple,#5E43B7,17,1200,-76.0,40.0,81.6,90,CONCEPT_NOT_FIT_VALIDATED
MON-C-01201,p8-4x2,Purple,#5E43B7,17,1201,-60.0,44.0,81.6,90,CONCEPT_NOT_FIT_VALIDATED
MON-C-01202,p8-4x2,Purple,#5E43B7,17,1202,-44.0,44.0,81.6,90,CONCEPT_NOT_FIT_VALIDATED
MON-C-01203,p8-4x2,Purple,#5E43B7,17,1203,-28.0,44.0,81.6,90,CONCEPT_NOT_FIT_VALIDATED
MON-C-01204,p8-4x2,Purple,#5E43B7,17,1204,-12.0,44.0,81.6,90,CONCEPT_NOT_FIT_VALIDATED
MON-C-01205,p8-4x2,Purple,#5E43B7,17,1205,4.0,44.0,81.6,90,CONCEPT_NOT_FIT_VALIDATED
MON-C-01206,p8-4x2,Purple,#5E43B7,17,1206,20.0,44.0,81.6,90,CONCEPT_NOT_FIT_VALIDATED
MON-C-01207,p8-4x2,Purple,#5E43B7,17,1207,36.0,44.0,81.6,90,CONCEPT_NOT_FIT_VALIDATED
MON-C-01208,p8-4x2,Purple,#5E43B7,17,1208,52.0,44.0,81.6,90,CONCEPT_NOT_FIT_VALIDATED
MON-C-01209,p8-4x2,Purple,#5E43B7,17,1209,68.0,44.0,81.6,90,CONCEPT_NOT_FIT_VALIDATED
MON-C-01210,p8-3x1,Purple,#5E43B7,17,1210,80.0,40.0,81.6,90,CONCEPT_NOT_FIT_VALIDATED
MON-C-01211,p8-1x1,Purple,#5E43B7,17,1211,-72.0,56.0,81.6,0,CONCEPT_NOT_FIT_VALIDATED
MON-C-01212,p8-2x1,Purple,#5E43B7,17,1212,-60.0,64.0,81.6,0,CONCEPT_NOT_FIT_VALIDATED
MON-C-01213,p8-2x2,Purple,#5E43B7,17,1213,-44.0,68.0,81.6,0,CONCEPT_NOT_FIT_VALIDATED
MON-C-01214,p8-3x2,Purple,#5E43B7,17,1214,-28.0,72.0,81.6,90,CONCEPT_NOT_FIT_VALIDATED
MON-C-01215,p8-3x2,Purple,#5E43B7,17,1215,-12.0,72.0,81.6,90,CONCEPT_NOT_FIT_VALIDATED
MON-C-01216,p8-3x2,Purple,#5E43B7,17,1216,4.0,72.0,81.6,90,CONCEPT_NOT_FIT_VALIDATED
MON-C-01217,p8-3x2,Purple,#5E43B7,17,1217,20.0,72.0,81.6,90,CONCEPT_NOT_FIT_VALIDATED
MON-C-01218,p8-3x2,Purple,#5E43B7,17,1218,36.0,72.0,81.6,90,CONCEPT_NOT_FIT_VALIDATED
MON-C-01219,p8-2x2,Purple,#5E43B7,17,1219,52.0,68.0,81.6,0,CONCEPT_NOT_FIT_VALIDATED
MON-C-01220,p8-1x1,Purple,#5E43B7,17,1220,64.0,64.0,81.6,0,CONCEPT_NOT_FIT_VALIDATED
MON-C-01221,p8-1x1,Purple,#5E43B7,17,1221,-56.0,72.0,81.6,0,CONCEPT_NOT_FIT_VALIDATED
MON-C-01222,p8-1x1,Purple,#5E43B7,17,1222,-40.0,80.0,81.6,0,CONCEPT_NOT_FIT_VALIDATED
MON-C-01223,p8-1x1,Purple,#5E43B7,17,1223,0.0,88.0,81.6,0,CONCEPT_NOT_FIT_VALIDATED
MON-C-01224,p8-2x1,Purple,#5E43B7,18,1224,-84.0,-16.0,86.4,0,CONCEPT_NOT_FIT_VALIDATED
MON-C-01225,p8-2x2,Purple,#5E43B7,18,1225,-84.0,-4.0,86.4,0,CONCEPT_NOT_FIT_VALIDATED
MON-C-01226,p8-2x2,Purple,#5E43B7,18,1226,-84.0,12.0,86.4,0,CONCEPT_NOT_FIT_VALIDATED
MON-C-01227,p8-2x2,Purple,#5E43B7,18,1227,-84.0,28.0,86.4,0,CONCEPT_NOT_FIT_VALIDATED
MON-C-01228,p8-1x1,Hot pink,#F5547C,18,1228,-80.0,-32.0,86.4,0,CONCEPT_NOT_FIT_VALIDATED
MON-C-01229,p8-1x1,Purple,#5E43B7,18,1229,-80.0,-24.0,86.4,0,CONCEPT_NOT_FIT_VALIDATED
MON-C-01230,p8-2x1,Purple,#5E43B7,18,1230,-80.0,44.0,86.4,90,CONCEPT_NOT_FIT_VALIDATED
MON-C-01231,p8-1x1,Hot pink,#F5547C,18,1231,-72.0,-48.0,86.4,0,CONCEPT_NOT_FIT_VALIDATED
MON-C-01232,p8-1x1,Hot pink,#F5547C,18,1232,-72.0,-40.0,86.4,0,CONCEPT_NOT_FIT_VALIDATED
MON-C-01233,p8-4x1,Purple,#5E43B7,18,1233,-60.0,-32.0,86.4,0,CONCEPT_NOT_FIT_VALIDATED
MON-C-01234,p8-4x2,Purple,#5E43B7,18,1234,-60.0,-20.0,86.4,0,CONCEPT_NOT_FIT_VALIDATED
MON-C-01235,p8-4x2,Purple,#5E43B7,18,1235,-60.0,-4.0,86.4,0,CONCEPT_NOT_FIT_VALIDATED
MON-C-01236,p8-4x2,Purple,#5E43B7,18,1236,-60.0,12.0,86.4,0,CONCEPT_NOT_FIT_VALIDATED
MON-C-01237,p8-4x2,Purple,#5E43B7,18,1237,-60.0,28.0,86.4,0,CONCEPT_NOT_FIT_VALIDATED
MON-C-01238,p8-4x2,Purple,#5E43B7,18,1238,-60.0,44.0,86.4,0,CONCEPT_NOT_FIT_VALIDATED
MON-C-01239,p8-4x1,Purple,#5E43B7,18,1239,-60.0,56.0,86.4,0,CONCEPT_NOT_FIT_VALIDATED
MON-C-01240,p8-2x1,Hot pink,#F5547C,18,1240,-60.0,-56.0,86.4,0,CONCEPT_NOT_FIT_VALIDATED
MON-C-01241,p8-3x1,Purple,#5E43B7,18,1241,-56.0,-48.0,86.4,0,CONCEPT_NOT_FIT_VALIDATED
MON-C-01242,p8-3x1,Purple,#5E43B7,18,1242,-56.0,-40.0,86.4,0,CONCEPT_NOT_FIT_VALIDATED
MON-C-01243,p8-3x1,Purple,#5E43B7,18,1243,-56.0,64.0,86.4,0,CONCEPT_NOT_FIT_VALIDATED
MON-C-01244,p8-2x1,Purple,#5E43B7,18,1244,-52.0,72.0,86.4,0,CONCEPT_NOT_FIT_VALIDATED
MON-C-01245,p8-1x1,Jade white,#FFFFFF,18,1245,-48.0,-64.0,86.4,0,CONCEPT_NOT_FIT_VALIDATED
MON-C-01246,p8-1x1,Purple,#5E43B7,18,1246,-48.0,-56.0,86.4,0,CONCEPT_NOT_FIT_VALIDATED
MON-C-01247,p8-3x1,Black,#000000,18,1247,-32.0,-72.0,86.4,0,CONCEPT_NOT_FIT_VALIDATED
MON-C-01248,p8-4x1,Purple,#5E43B7,18,1248,-28.0,-64.0,86.4,0,CONCEPT_NOT_FIT_VALIDATED
MON-C-01249,p8-4x2,Purple,#5E43B7,18,1249,-28.0,-52.0,86.4,0,CONCEPT_NOT_FIT_VALIDATED
MON-C-01250,p8-4x2,Purple,#5E43B7,18,1250,-28.0,-36.0,86.4,0,CONCEPT_NOT_FIT_VALIDATED
MON-C-01251,p8-4x2,Purple,#5E43B7,18,1251,-28.0,-20.0,86.4,0,CONCEPT_NOT_FIT_VALIDATED
MON-C-01252,p8-4x2,Purple,#5E43B7,18,1252,-28.0,-4.0,86.4,0,CONCEPT_NOT_FIT_VALIDATED
MON-C-01253,p8-4x2,Purple,#5E43B7,18,1253,-28.0,12.0,86.4,0,CONCEPT_NOT_FIT_VALIDATED
MON-C-01254,p8-4x2,Purple,#5E43B7,18,1254,-28.0,28.0,86.4,0,CONCEPT_NOT_FIT_VALIDATED
MON-C-01255,p8-4x2,Purple,#5E43B7,18,1255,-28.0,44.0,86.4,0,CONCEPT_NOT_FIT_VALIDATED
MON-C-01256,p8-4x2,Purple,#5E43B7,18,1256,-28.0,60.0,86.4,0,CONCEPT_NOT_FIT_VALIDATED
MON-C-01257,p8-4x2,Purple,#5E43B7,18,1257,-28.0,76.0,86.4,0,CONCEPT_NOT_FIT_VALIDATED
MON-C-01258,p8-1x1,Hot pink,#F5547C,18,1258,-16.0,-72.0,86.4,0,CONCEPT_NOT_FIT_VALIDATED
MON-C-01259,p8-3x1,Hot pink,#F5547C,18,1259,0.0,-80.0,86.4,0,CONCEPT_NOT_FIT_VALIDATED
MON-C-01260,p8-3x2,Purple,#5E43B7,18,1260,0.0,-68.0,86.4,0,CONCEPT_NOT_FIT_VALIDATED
MON-C-01261,p8-4x2,Purple,#5E43B7,18,1261,4.0,-52.0,86.4,0,CONCEPT_NOT_FIT_VALIDATED
MON-C-01262,p8-4x2,Purple,#5E43B7,18,1262,4.0,-36.0,86.4,0,CONCEPT_NOT_FIT_VALIDATED
MON-C-01263,p8-4x2,Purple,#5E43B7,18,1263,4.0,-20.0,86.4,0,CONCEPT_NOT_FIT_VALIDATED
MON-C-01264,p8-4x2,Purple,#5E43B7,18,1264,4.0,-4.0,86.4,0,CONCEPT_NOT_FIT_VALIDATED
MON-C-01265,p8-4x2,Purple,#5E43B7,18,1265,4.0,12.0,86.4,0,CONCEPT_NOT_FIT_VALIDATED
MON-C-01266,p8-4x2,Purple,#5E43B7,18,1266,4.0,28.0,86.4,0,CONCEPT_NOT_FIT_VALIDATED
MON-C-01267,p8-4x2,Purple,#5E43B7,18,1267,4.0,44.0,86.4,0,CONCEPT_NOT_FIT_VALIDATED
MON-C-01268,p8-4x2,Purple,#5E43B7,18,1268,4.0,60.0,86.4,0,CONCEPT_NOT_FIT_VALIDATED
MON-C-01269,p8-4x2,Purple,#5E43B7,18,1269,4.0,76.0,86.4,0,CONCEPT_NOT_FIT_VALIDATED
MON-C-01270,p8-1x1,Hot pink,#F5547C,18,1270,16.0,-72.0,86.4,0,CONCEPT_NOT_FIT_VALIDATED
MON-C-01271,p8-1x1,Purple,#5E43B7,18,1271,16.0,-64.0,86.4,0,CONCEPT_NOT_FIT_VALIDATED
MON-C-01272,p8-3x1,Black,#000000,18,1272,32.0,-72.0,86.4,0,CONCEPT_NOT_FIT_VALIDATED
MON-C-01273,p8-3x1,Purple,#5E43B7,18,1273,32.0,-64.0,86.4,0,CONCEPT_NOT_FIT_VALIDATED
MON-C-01274,p8-4x2,Purple,#5E43B7,18,1274,36.0,-52.0,86.4,0,CONCEPT_NOT_FIT_VALIDATED
MON-C-01275,p8-4x2,Purple,#5E43B7,18,1275,36.0,-36.0,86.4,0,CONCEPT_NOT_FIT_VALIDATED
MON-C-01276,p8-4x2,Purple,#5E43B7,18,1276,36.0,-20.0,86.4,0,CONCEPT_NOT_FIT_VALIDATED
MON-C-01277,p8-4x2,Purple,#5E43B7,18,1277,36.0,-4.0,86.4,0,CONCEPT_NOT_FIT_VALIDATED
MON-C-01278,p8-4x2,Purple,#5E43B7,18,1278,36.0,12.0,86.4,0,CONCEPT_NOT_FIT_VALIDATED
MON-C-01279,p8-4x2,Purple,#5E43B7,18,1279,36.0,28.0,86.4,0,CONCEPT_NOT_FIT_VALIDATED
MON-C-01280,p8-4x2,Purple,#5E43B7,18,1280,36.0,44.0,86.4,0,CONCEPT_NOT_FIT_VALIDATED
MON-C-01281,p8-4x2,Purple,#5E43B7,18,1281,36.0,60.0,86.4,0,CONCEPT_NOT_FIT_VALIDATED
MON-C-01282,p8-3x2,Purple,#5E43B7,18,1282,32.0,76.0,86.4,0,CONCEPT_NOT_FIT_VALIDATED
MON-C-01283,p8-1x1,Jade white,#FFFFFF,18,1283,48.0,-64.0,86.4,0,CONCEPT_NOT_FIT_VALIDATED
MON-C-01284,p8-1x1,Purple,#5E43B7,18,1284,48.0,72.0,86.4,0,CONCEPT_NOT_FIT_VALIDATED
MON-C-01285,p8-2x1,Hot pink,#F5547C,18,1285,60.0,-56.0,86.4,0,CONCEPT_NOT_FIT_VALIDATED
MON-C-01286,p8-2x1,Purple,#5E43B7,18,1286,60.0,-48.0,86.4,0,CONCEPT_NOT_FIT_VALIDATED
MON-C-01287,p8-2x2,Purple,#5E43B7,18,1287,60.0,-36.0,86.4,0,CONCEPT_NOT_FIT_VALIDATED
MON-C-01288,p8-4x2,Purple,#5E43B7,18,1288,68.0,-20.0,86.4,0,CONCEPT_NOT_FIT_VALIDATED
MON-C-01289,p8-4x2,Purple,#5E43B7,18,1289,68.0,-4.0,86.4,0,CONCEPT_NOT_FIT_VALIDATED
MON-C-01290,p8-4x2,Purple,#5E43B7,18,1290,68.0,12.0,86.4,0,CONCEPT_NOT_FIT_VALIDATED
MON-C-01291,p8-4x2,Purple,#5E43B7,18,1291,68.0,28.0,86.4,0,CONCEPT_NOT_FIT_VALIDATED
MON-C-01292,p8-4x2,Purple,#5E43B7,18,1292,68.0,44.0,86.4,0,CONCEPT_NOT_FIT_VALIDATED
MON-C-01293,p8-2x2,Purple,#5E43B7,18,1293,60.0,60.0,86.4,0,CONCEPT_NOT_FIT_VALIDATED
MON-C-01294,p8-1x1,Purple,#5E43B7,18,1294,56.0,72.0,86.4,0,CONCEPT_NOT_FIT_VALIDATED
MON-C-01295,p8-1x1,Hot pink,#F5547C,18,1295,72.0,-48.0,86.4,0,CONCEPT_NOT_FIT_VALIDATED
MON-C-01296,p8-1x1,Hot pink,#F5547C,18,1296,72.0,-40.0,86.4,0,CONCEPT_NOT_FIT_VALIDATED
MON-C-01297,p8-1x1,Purple,#5E43B7,18,1297,72.0,-32.0,86.4,0,CONCEPT_NOT_FIT_VALIDATED
MON-C-01298,p8-1x1,Purple,#5E43B7,18,1298,72.0,56.0,86.4,0,CONCEPT_NOT_FIT_VALIDATED
MON-C-01299,p8-1x1,Hot pink,#F5547C,18,1299,80.0,-32.0,86.4,0,CONCEPT_NOT_FIT_VALIDATED
MON-C-01300,p8-2x1,Purple,#5E43B7,18,1300,88.0,-4.0,86.4,90,CONCEPT_NOT_FIT_VALIDATED
MON-C-01301,p8-2x1,Purple,#5E43B7,18,1301,88.0,12.0,86.4,90,CONCEPT_NOT_FIT_VALIDATED
MON-C-01302,p8-1x1,Purple,#5E43B7,18,1302,88.0,24.0,86.4,0,CONCEPT_NOT_FIT_VALIDATED
MON-C-01303,p8-2x1,Hot pink,#F5547C,19,1303,-4.0,-80.0,91.2,0,CONCEPT_NOT_FIT_VALIDATED
MON-C-01304,p8-1x1,Hot pink,#F5547C,19,1304,8.0,-80.0,91.2,0,CONCEPT_NOT_FIT_VALIDATED
MON-C-01305,p8-1x1,Black,#000000,19,1305,-40.0,-72.0,91.2,0,CONCEPT_NOT_FIT_VALIDATED
MON-C-01306,p8-1x1,Jade white,#FFFFFF,19,1306,-32.0,-72.0,91.2,0,CONCEPT_NOT_FIT_VALIDATED
MON-C-01307,p8-4x1,Purple,#5E43B7,19,1307,-24.0,-60.0,91.2,90,CONCEPT_NOT_FIT_VALIDATED
MON-C-01308,p8-1x1,Hot pink,#F5547C,19,1308,-16.0,-72.0,91.2,0,CONCEPT_NOT_FIT_VALIDATED
MON-C-01309,p8-4x2,Purple,#5E43B7,19,1309,-4.0,-60.0,91.2,90,CONCEPT_NOT_FIT_VALIDATED
MON-C-01310,p8-4x1,Purple,#5E43B7,19,1310,8.0,-60.0,91.2,90,CONCEPT_NOT_FIT_VALIDATED
MON-C-01311,p8-1x1,Hot pink,#F5547C,19,1311,16.0,-72.0,91.2,0,CONCEPT_NOT_FIT_VALIDATED
MON-C-01312,p8-4x1,Purple,#5E43B7,19,1312,24.0,-60.0,91.2,90,CONCEPT_NOT_FIT_VALIDATED
MON-C-01313,p8-1x1,Black,#000000,19,1313,32.0,-72.0,91.2,0,CONCEPT_NOT_FIT_VALIDATED
MON-C-01314,p8-1x1,Black,#000000,19,1314,40.0,-72.0,91.2,0,CONCEPT_NOT_FIT_VALIDATED
MON-C-01315,p8-1x1,Jade white,#FFFFFF,19,1315,-48.0,-64.0,91.2,0,CONCEPT_NOT_FIT_VALIDATED
MON-C-01316,p8-3x2,Purple,#5E43B7,19,1316,-36.0,-56.0,91.2,90,CONCEPT_NOT_FIT_VALIDATED
MON-C-01317,p8-3x1,Purple,#5E43B7,19,1317,-16.0,-56.0,91.2,90,CONCEPT_NOT_FIT_VALIDATED
MON-C-01318,p8-3x1,Purple,#5E43B7,19,1318,16.0,-56.0,91.2,90,CONCEPT_NOT_FIT_VALIDATED
MON-C-01319,p8-3x1,Purple,#5E43B7,19,1319,32.0,-56.0,91.2,90,CONCEPT_NOT_FIT_VALIDATED
MON-C-01320,p8-3x1,Purple,#5E43B7,19,1320,40.0,-56.0,91.2,90,CONCEPT_NOT_FIT_VALIDATED
MON-C-01321,p8-1x1,Jade white,#FFFFFF,19,1321,48.0,-64.0,91.2,0,CONCEPT_NOT_FIT_VALIDATED
MON-C-01322,p8-1x1,Hot pink,#F5547C,19,1322,-64.0,-56.0,91.2,0,CONCEPT_NOT_FIT_VALIDATED
MON-C-01323,p8-1x1,Hot pink,#F5547C,19,1323,-56.0,-56.0,91.2,0,CONCEPT_NOT_FIT_VALIDATED
MON-C-01324,p8-2x1,Purple,#5E43B7,19,1324,-48.0,-52.0,91.2,90,CONCEPT_NOT_FIT_VALIDATED
MON-C-01325,p8-2x1,Purple,#5E43B7,19,1325,48.0,-52.0,91.2,90,CONCEPT_NOT_FIT_VALIDATED
MON-C-01326,p8-2x1,Hot pink,#F5547C,19,1326,60.0,-56.0,91.2,0,CONCEPT_NOT_FIT_VALIDATED
MON-C-01327,p8-1x1,Hot pink,#F5547C,19,1327,-72.0,-48.0,91.2,0,CONCEPT_NOT_FIT_VALIDATED
MON-C-01328,p8-1x1,Purple,#5E43B7,19,1328,-64.0,-48.0,91.2,0,CONCEPT_NOT_FIT_VALIDATED
MON-C-01329,p8-1x1,Purple,#5E43B7,19,1329,-56.0,-48.0,91.2,0,CONCEPT_NOT_FIT_VALIDATED
MON-C-01330,p8-2x1,Purple,#5E43B7,19,1330,60.0,-48.0,91.2,0,CONCEPT_NOT_FIT_VALIDATED
MON-C-01331,p8-1x1,Hot pink,#F5547C,19,1331,72.0,-48.0,91.2,0,CONCEPT_NOT_FIT_VALIDATED
MON-C-01332,p8-1x1,Hot pink,#F5547C,19,1332,-72.0,-40.0,91.2,0,CONCEPT_NOT_FIT_VALIDATED
MON-C-01333,p8-4x1,Purple,#5E43B7,19,1333,-64.0,-28.0,91.2,90,CONCEPT_NOT_FIT_VALIDATED
MON-C-01334,p8-4x2,Purple,#5E43B7,19,1334,-52.0,-28.0,91.2,90,CONCEPT_NOT_FIT_VALIDATED
MON-C-01335,p8-4x2,Purple,#5E43B7,19,1335,-36.0,-28.0,91.2,90,CONCEPT_NOT_FIT_VALIDATED
MON-C-01336,p8-4x2,Purple,#5E43B7,19,1336,-20.0,-28.0,91.2,90,CONCEPT_NOT_FIT_VALIDATED
MON-C-01337,p8-4x2,Purple,#5E43B7,19,1337,-4.0,-28.0,91.2,90,CONCEPT_NOT_FIT_VALIDATED
MON-C-01338,p8-4x2,Purple,#5E43B7,19,1338,12.0,-28.0,91.2,90,CONCEPT_NOT_FIT_VALIDATED
MON-C-01339,p8-4x2,Purple,#5E43B7,19,1339,28.0,-28.0,91.2,90,CONCEPT_NOT_FIT_VALIDATED
MON-C-01340,p8-4x2,Purple,#5E43B7,19,1340,44.0,-28.0,91.2,90,CONCEPT_NOT_FIT_VALIDATED
MON-C-01341,p8-4x2,Purple,#5E43B7,19,1341,60.0,-28.0,91.2,90,CONCEPT_NOT_FIT_VALIDATED
MON-C-01342,p8-2x1,Hot pink,#F5547C,19,1342,72.0,-36.0,91.2,90,CONCEPT_NOT_FIT_VALIDATED
MON-C-01343,p8-1x1,Hot pink,#F5547C,19,1343,-80.0,-32.0,91.2,0,CONCEPT_NOT_FIT_VALIDATED
MON-C-01344,p8-3x1,Purple,#5E43B7,19,1344,-72.0,-24.0,91.2,90,CONCEPT_NOT_FIT_VALIDATED
MON-C-01345,p8-2x1,Purple,#5E43B7,19,1345,-80.0,-20.0,91.2,90,CONCEPT_NOT_FIT_VALIDATED
MON-C-01346,p8-2x2,Purple,#5E43B7,19,1346,76.0,-20.0,91.2,0,CONCEPT_NOT_FIT_VALIDATED
MON-C-01347,p8-1x1,Purple,#5E43B7,19,1347,-88.0,-16.0,91.2,0,CONCEPT_NOT_FIT_VALIDATED
MON-C-01348,p8-4x2,Purple,#5E43B7,19,1348,-84.0,4.0,91.2,90,CONCEPT_NOT_FIT_VALIDATED
MON-C-01349,p8-4x2,Purple,#5E43B7,19,1349,-68.0,4.0,91.2,90,CONCEPT_NOT_FIT_VALIDATED
MON-C-01350,p8-4x2,Purple,#5E43B7,19,1350,-52.0,4.0,91.2,90,CONCEPT_NOT_FIT_VALIDATED
MON-C-01351,p8-4x2,Purple,#5E43B7,19,1351,-36.0,4.0,91.2,90,CONCEPT_NOT_FIT_VALIDATED
MON-C-01352,p8-4x2,Purple,#5E43B7,19,1352,-20.0,4.0,91.2,90,CONCEPT_NOT_FIT_VALIDATED
MON-C-01353,p8-4x2,Purple,#5E43B7,19,1353,-4.0,4.0,91.2,90,CONCEPT_NOT_FIT_VALIDATED
MON-C-01354,p8-4x2,Purple,#5E43B7,19,1354,12.0,4.0,91.2,90,CONCEPT_NOT_FIT_VALIDATED
MON-C-01355,p8-4x2,Purple,#5E43B7,19,1355,28.0,4.0,91.2,90,CONCEPT_NOT_FIT_VALIDATED
MON-C-01356,p8-4x2,Purple,#5E43B7,19,1356,44.0,4.0,91.2,90,CONCEPT_NOT_FIT_VALIDATED
MON-C-01357,p8-4x2,Purple,#5E43B7,19,1357,60.0,4.0,91.2,90,CONCEPT_NOT_FIT_VALIDATED
MON-C-01358,p8-4x2,Purple,#5E43B7,19,1358,76.0,4.0,91.2,90,CONCEPT_NOT_FIT_VALIDATED
MON-C-01359,p8-4x1,Purple,#5E43B7,19,1359,88.0,4.0,91.2,90,CONCEPT_NOT_FIT_VALIDATED
MON-C-01360,p8-2x2,Purple,#5E43B7,19,1360,-84.0,28.0,91.2,0,CONCEPT_NOT_FIT_VALIDATED
MON-C-01361,p8-4x2,Purple,#5E43B7,19,1361,-68.0,36.0,91.2,90,CONCEPT_NOT_FIT_VALIDATED
MON-C-01362,p8-4x2,Purple,#5E43B7,19,1362,-52.0,36.0,91.2,90,CONCEPT_NOT_FIT_VALIDATED
MON-C-01363,p8-4x2,Purple,#5E43B7,19,1363,-36.0,36.0,91.2,90,CONCEPT_NOT_FIT_VALIDATED
MON-C-01364,p8-4x2,Purple,#5E43B7,19,1364,-20.0,36.0,91.2,90,CONCEPT_NOT_FIT_VALIDATED
MON-C-01365,p8-4x2,Purple,#5E43B7,19,1365,-4.0,36.0,91.2,90,CONCEPT_NOT_FIT_VALIDATED
MON-C-01366,p8-4x2,Purple,#5E43B7,19,1366,12.0,36.0,91.2,90,CONCEPT_NOT_FIT_VALIDATED
MON-C-01367,p8-4x2,Purple,#5E43B7,19,1367,28.0,36.0,91.2,90,CONCEPT_NOT_FIT_VALIDATED
MON-C-01368,p8-4x2,Purple,#5E43B7,19,1368,44.0,36.0,91.2,90,CONCEPT_NOT_FIT_VALIDATED
MON-C-01369,p8-4x2,Purple,#5E43B7,19,1369,60.0,36.0,91.2,90,CONCEPT_NOT_FIT_VALIDATED
MON-C-01370,p8-4x2,Purple,#5E43B7,19,1370,76.0,36.0,91.2,90,CONCEPT_NOT_FIT_VALIDATED
MON-C-01371,p8-1x1,Purple,#5E43B7,19,1371,88.0,24.0,91.2,0,CONCEPT_NOT_FIT_VALIDATED
MON-C-01372,p8-2x1,Purple,#5E43B7,19,1372,-80.0,44.0,91.2,90,CONCEPT_NOT_FIT_VALIDATED
MON-C-01373,p8-2x1,Purple,#5E43B7,19,1373,-68.0,56.0,91.2,0,CONCEPT_NOT_FIT_VALIDATED
MON-C-01374,p8-3x2,Purple,#5E43B7,19,1374,-52.0,64.0,91.2,90,CONCEPT_NOT_FIT_VALIDATED
MON-C-01375,p8-4x2,Purple,#5E43B7,19,1375,-36.0,68.0,91.2,90,CONCEPT_NOT_FIT_VALIDATED
MON-C-01376,p8-4x2,Purple,#5E43B7,19,1376,-20.0,68.0,91.2,90,CONCEPT_NOT_FIT_VALIDATED
MON-C-01377,p8-4x2,Purple,#5E43B7,19,1377,-4.0,68.0,91.2,90,CONCEPT_NOT_FIT_VALIDATED
MON-C-01378,p8-4x2,Purple,#5E43B7,19,1378,12.0,68.0,91.2,90,CONCEPT_NOT_FIT_VALIDATED
MON-C-01379,p8-4x2,Purple,#5E43B7,19,1379,28.0,68.0,91.2,90,CONCEPT_NOT_FIT_VALIDATED
MON-C-01380,p8-3x2,Purple,#5E43B7,19,1380,44.0,64.0,91.2,90,CONCEPT_NOT_FIT_VALIDATED
MON-C-01381,p8-2x2,Purple,#5E43B7,19,1381,60.0,60.0,91.2,0,CONCEPT_NOT_FIT_VALIDATED
MON-C-01382,p8-1x1,Purple,#5E43B7,19,1382,72.0,56.0,91.2,0,CONCEPT_NOT_FIT_VALIDATED
MON-C-01383,p8-1x1,Purple,#5E43B7,19,1383,-64.0,64.0,91.2,0,CONCEPT_NOT_FIT_VALIDATED
MON-C-01384,p8-1x1,Purple,#5E43B7,19,1384,56.0,72.0,91.2,0,CONCEPT_NOT_FIT_VALIDATED
MON-C-01385,p8-1x1,Purple,#5E43B7,19,1385,40.0,80.0,91.2,0,CONCEPT_NOT_FIT_VALIDATED
MON-C-01386,p8-1x1,Purple,#5E43B7,20,1386,-88.0,-8.0,96.0,0,CONCEPT_NOT_FIT_VALIDATED
MON-C-01387,p8-2x1,Purple,#5E43B7,20,1387,-88.0,4.0,96.0,90,CONCEPT_NOT_FIT_VALIDATED
MON-C-01388,p8-2x1,Purple,#5E43B7,20,1388,-88.0,20.0,96.0,90,CONCEPT_NOT_FIT_VALIDATED
MON-C-01389,p8-1x1,Hot pink,#F5547C,20,1389,-80.0,-32.0,96.0,0,CONCEPT_NOT_FIT_VALIDATED
MON-C-01390,p8-4x1,Purple,#5E43B7,20,1390,-68.0,-24.0,96.0,0,CONCEPT_NOT_FIT_VALIDATED
MON-C-01391,p8-4x2,Purple,#5E43B7,20,1391,-68.0,-12.0,96.0,0,CONCEPT_NOT_FIT_VALIDATED
MON-C-01392,p8-4x2,Purple,#5E43B7,20,1392,-68.0,4.0,96.0,0,CONCEPT_NOT_FIT_VALIDATED
MON-C-01393,p8-4x2,Purple,#5E43B7,20,1393,-68.0,20.0,96.0,0,CONCEPT_NOT_FIT_VALIDATED
MON-C-01394,p8-4x2,Purple,#5E43B7,20,1394,-68.0,36.0,96.0,0,CONCEPT_NOT_FIT_VALIDATED
MON-C-01395,p8-4x1,Purple,#5E43B7,20,1395,-68.0,48.0,96.0,0,CONCEPT_NOT_FIT_VALIDATED
MON-C-01396,p8-2x1,Hot pink,#F5547C,20,1396,-72.0,-44.0,96.0,90,CONCEPT_NOT_FIT_VALIDATED
MON-C-01397,p8-3x1,Purple,#5E43B7,20,1397,-64.0,-32.0,96.0,0,CONCEPT_NOT_FIT_VALIDATED
MON-C-01398,p8-3x1,Purple,#5E43B7,20,1398,-64.0,56.0,96.0,0,CONCEPT_NOT_FIT_VALIDATED
MON-C-01399,p8-2x1,Hot pink,#F5547C,20,1399,-60.0,-56.0,96.0,0,CONCEPT_NOT_FIT_VALIDATED
MON-C-01400,p8-2x2,Purple,#5E43B7,20,1400,-60.0,-44.0,96.0,0,CONCEPT_NOT_FIT_VALIDATED
MON-C-01401,p8-2x1,Purple,#5E43B7,20,1401,-60.0,64.0,96.0,0,CONCEPT_NOT_FIT_VALIDATED
MON-C-01402,p8-1x1,Purple,#5E43B7,20,1402,-56.0,72.0,96.0,0,CONCEPT_NOT_FIT_VALIDATED
MON-C-01403,p8-2x1,Purple,#5E43B7,20,1403,-48.0,-60.0,96.0,90,CONCEPT_NOT_FIT_VALIDATED
MON-C-01404,p8-4x2,Purple,#5E43B7,20,1404,-36.0,-44.0,96.0,0,CONCEPT_NOT_FIT_VALIDATED
MON-C-01405,p8-4x2,Purple,#5E43B7,20,1405,-36.0,-28.0,96.0,0,CONCEPT_NOT_FIT_VALIDATED
MON-C-01406,p8-4x2,Purple,#5E43B7,20,1406,-36.0,-12.0,96.0,0,CONCEPT_NOT_FIT_VALIDATED
MON-C-01407,p8-4x2,Purple,#5E43B7,20,1407,-36.0,4.0,96.0,0,CONCEPT_NOT_FIT_VALIDATED
MON-C-01408,p8-4x2,Purple,#5E43B7,20,1408,-36.0,20.0,96.0,0,CONCEPT_NOT_FIT_VALIDATED
MON-C-01409,p8-4x2,Purple,#5E43B7,20,1409,-36.0,36.0,96.0,0,CONCEPT_NOT_FIT_VALIDATED
MON-C-01410,p8-4x2,Purple,#5E43B7,20,1410,-36.0,52.0,96.0,0,CONCEPT_NOT_FIT_VALIDATED
MON-C-01411,p8-4x2,Purple,#5E43B7,20,1411,-36.0,68.0,96.0,0,CONCEPT_NOT_FIT_VALIDATED
MON-C-01412,p8-1x1,Jade white,#FFFFFF,20,1412,-40.0,-64.0,96.0,0,CONCEPT_NOT_FIT_VALIDATED
MON-C-01413,p8-3x1,Purple,#5E43B7,20,1413,-32.0,-56.0,96.0,0,CONCEPT_NOT_FIT_VALIDATED
MON-C-01414,p8-3x1,Purple,#5E43B7,20,1414,-32.0,80.0,96.0,0,CONCEPT_NOT_FIT_VALIDATED
MON-C-01415,p8-1x1,Jade white,#FFFFFF,20,1415,-32.0,-72.0,96.0,0,CONCEPT_NOT_FIT_VALIDATED
MON-C-01416,p8-2x1,Purple,#5E43B7,20,1416,-28.0,-64.0,96.0,0,CONCEPT_NOT_FIT_VALIDATED
MON-C-01417,p8-1x1,Hot pink,#F5547C,20,1417,-24.0,-72.0,96.0,0,CONCEPT_NOT_FIT_VALIDATED
MON-C-01418,p8-1x1,Hot pink,#F5547C,20,1418,-16.0,-72.0,96.0,0,CONCEPT_NOT_FIT_VALIDATED
MON-C-01419,p8-4x2,Purple,#5E43B7,20,1419,-4.0,-60.0,96.0,0,CONCEPT_NOT_FIT_VALIDATED
MON-C-01420,p8-4x2,Purple,#5E43B7,20,1420,-4.0,-44.0,96.0,0,CONCEPT_NOT_FIT_VALIDATED
MON-C-01421,p8-4x2,Purple,#5E43B7,20,1421,-4.0,-28.0,96.0,0,CONCEPT_NOT_FIT_VALIDATED
MON-C-01422,p8-4x2,Purple,#5E43B7,20,1422,-4.0,-12.0,96.0,0,CONCEPT_NOT_FIT_VALIDATED
MON-C-01423,p8-4x2,Purple,#5E43B7,20,1423,-4.0,4.0,96.0,0,CONCEPT_NOT_FIT_VALIDATED
MON-C-01424,p8-4x2,Purple,#5E43B7,20,1424,-4.0,20.0,96.0,0,CONCEPT_NOT_FIT_VALIDATED
MON-C-01425,p8-4x2,Purple,#5E43B7,20,1425,-4.0,36.0,96.0,0,CONCEPT_NOT_FIT_VALIDATED
MON-C-01426,p8-4x2,Purple,#5E43B7,20,1426,-4.0,52.0,96.0,0,CONCEPT_NOT_FIT_VALIDATED
MON-C-01427,p8-4x2,Purple,#5E43B7,20,1427,-4.0,68.0,96.0,0,CONCEPT_NOT_FIT_VALIDATED
MON-C-01428,p8-4x1,Purple,#5E43B7,20,1428,-4.0,80.0,96.0,0,CONCEPT_NOT_FIT_VALIDATED
MON-C-01429,p8-3x1,Hot pink,#F5547C,20,1429,0.0,-80.0,96.0,0,CONCEPT_NOT_FIT_VALIDATED
MON-C-01430,p8-3x1,Purple,#5E43B7,20,1430,0.0,-72.0,96.0,0,CONCEPT_NOT_FIT_VALIDATED
MON-C-01431,p8-2x1,Hot pink,#F5547C,20,1431,20.0,-72.0,96.0,0,CONCEPT_NOT_FIT_VALIDATED
MON-C-01432,p8-3x2,Purple,#5E43B7,20,1432,24.0,-60.0,96.0,0,CONCEPT_NOT_FIT_VALIDATED
MON-C-01433,p8-4x2,Purple,#5E43B7,20,1433,28.0,-44.0,96.0,0,CONCEPT_NOT_FIT_VALIDATED
MON-C-01434,p8-4x2,Purple,#5E43B7,20,1434,28.0,-28.0,96.0,0,CONCEPT_NOT_FIT_VALIDATED
MON-C-01435,p8-4x2,Purple,#5E43B7,20,1435,28.0,-12.0,96.0,0,CONCEPT_NOT_FIT_VALIDATED
MON-C-01436,p8-4x2,Purple,#5E43B7,20,1436,28.0,4.0,96.0,0,CONCEPT_NOT_FIT_VALIDATED
MON-C-01437,p8-4x2,Purple,#5E43B7,20,1437,28.0,20.0,96.0,0,CONCEPT_NOT_FIT_VALIDATED
MON-C-01438,p8-4x2,Purple,#5E43B7,20,1438,28.0,36.0,96.0,0,CONCEPT_NOT_FIT_VALIDATED
MON-C-01439,p8-4x2,Purple,#5E43B7,20,1439,28.0,52.0,96.0,0,CONCEPT_NOT_FIT_VALIDATED
MON-C-01440,p8-4x2,Purple,#5E43B7,20,1440,28.0,68.0,96.0,0,CONCEPT_NOT_FIT_VALIDATED
MON-C-01441,p8-4x1,Purple,#5E43B7,20,1441,28.0,80.0,96.0,0,CONCEPT_NOT_FIT_VALIDATED
MON-C-01442,p8-1x1,Jade white,#FFFFFF,20,1442,32.0,-72.0,96.0,0,CONCEPT_NOT_FIT_VALIDATED
MON-C-01443,p8-1x1,Jade white,#FFFFFF,20,1443,40.0,-64.0,96.0,0,CONCEPT_NOT_FIT_VALIDATED
MON-C-01444,p8-1x1,Purple,#5E43B7,20,1444,40.0,-56.0,96.0,0,CONCEPT_NOT_FIT_VALIDATED
MON-C-01445,p8-1x1,Jade white,#FFFFFF,20,1445,48.0,-64.0,96.0,0,CONCEPT_NOT_FIT_VALIDATED
MON-C-01446,p8-1x1,Purple,#5E43B7,20,1446,48.0,-56.0,96.0,0,CONCEPT_NOT_FIT_VALIDATED
MON-C-01447,p8-3x2,Purple,#5E43B7,20,1447,56.0,-44.0,96.0,0,CONCEPT_NOT_FIT_VALIDATED
MON-C-01448,p8-3x2,Purple,#5E43B7,20,1448,56.0,-28.0,96.0,0,CONCEPT_NOT_FIT_VALIDATED
MON-C-01449,p8-4x2,Purple,#5E43B7,20,1449,60.0,-12.0,96.0,0,CONCEPT_NOT_FIT_VALIDATED
MON-C-01450,p8-4x2,Purple,#5E43B7,20,1450,60.0,4.0,96.0,0,CONCEPT_NOT_FIT_VALIDATED
MON-C-01451,p8-4x2,Purple,#5E43B7,20,1451,60.0,20.0,96.0,0,CONCEPT_NOT_FIT_VALIDATED
MON-C-01452,p8-4x2,Purple,#5E43B7,20,1452,60.0,36.0,96.0,0,CONCEPT_NOT_FIT_VALIDATED
MON-C-01453,p8-4x2,Purple,#5E43B7,20,1453,60.0,52.0,96.0,0,CONCEPT_NOT_FIT_VALIDATED
MON-C-01454,p8-2x2,Purple,#5E43B7,20,1454,52.0,68.0,96.0,0,CONCEPT_NOT_FIT_VALIDATED
MON-C-01455,p8-2x1,Hot pink,#F5547C,20,1455,60.0,-56.0,96.0,0,CONCEPT_NOT_FIT_VALIDATED
MON-C-01456,p8-1x1,Purple,#5E43B7,20,1456,64.0,64.0,96.0,0,CONCEPT_NOT_FIT_VALIDATED
MON-C-01457,p8-2x1,Hot pink,#F5547C,20,1457,72.0,-44.0,96.0,90,CONCEPT_NOT_FIT_VALIDATED
MON-C-01458,p8-1x1,Hot pink,#F5547C,20,1458,72.0,-32.0,96.0,0,CONCEPT_NOT_FIT_VALIDATED
MON-C-01459,p8-1x1,Purple,#5E43B7,20,1459,72.0,-24.0,96.0,0,CONCEPT_NOT_FIT_VALIDATED
MON-C-01460,p8-1x1,Purple,#5E43B7,20,1460,80.0,-24.0,96.0,0,CONCEPT_NOT_FIT_VALIDATED
MON-C-01461,p8-2x1,Purple,#5E43B7,20,1461,80.0,-12.0,96.0,90,CONCEPT_NOT_FIT_VALIDATED
MON-C-01462,p8-2x2,Purple,#5E43B7,20,1462,84.0,4.0,96.0,0,CONCEPT_NOT_FIT_VALIDATED
MON-C-01463,p8-2x1,Purple,#5E43B7,20,1463,84.0,16.0,96.0,0,CONCEPT_NOT_FIT_VALIDATED
MON-C-01464,p8-1x1,Purple,#5E43B7,20,1464,80.0,24.0,96.0,0,CONCEPT_NOT_FIT_VALIDATED
MON-C-01465,p8-2x1,Purple,#5E43B7,20,1465,80.0,36.0,96.0,90,CONCEPT_NOT_FIT_VALIDATED
MON-C-01466,p8-2x1,Hot pink,#F5547C,21,1466,12.0,-80.0,100.8,0,CONCEPT_NOT_FIT_VALIDATED
MON-C-01467,p8-2x1,Hot pink,#F5547C,21,1467,-12.0,-80.0,100.8,0,CONCEPT_NOT_FIT_VALIDATED
MON-C-01468,p8-1x1,Hot pink,#F5547C,21,1468,0.0,-80.0,100.8,0,CONCEPT_NOT_FIT_VALIDATED
MON-C-01469,p8-2x1,Hot pink,#F5547C,21,1469,-28.0,-72.0,100.8,0,CONCEPT_NOT_FIT_VALIDATED
MON-C-01470,p8-3x2,Purple,#5E43B7,21,1470,-12.0,-64.0,100.8,90,CONCEPT_NOT_FIT_VALIDATED
MON-C-01471,p8-3x2,Purple,#5E43B7,21,1471,4.0,-64.0,100.8,90,CONCEPT_NOT_FIT_VALIDATED
MON-C-01472,p8-3x1,Purple,#5E43B7,21,1472,16.0,-64.0,100.8,90,CONCEPT_NOT_FIT_VALIDATED
MON-C-01473,p8-1x1,Hot pink,#F5547C,21,1473,24.0,-72.0,100.8,0,CONCEPT_NOT_FIT_VALIDATED
MON-C-01474,p8-1x1,Hot pink,#F5547C,21,1474,32.0,-72.0,100.8,0,CONCEPT_NOT_FIT_VALIDATED
MON-C-01476,p8-1x1,Hot pink,#F5547C,21,1475,-48.0,-64.0,100.8,0,CONCEPT_NOT_FIT_VALIDATED
MON-C-01477,p8-2x1,Purple,#5E43B7,21,1476,-40.0,-60.0,100.8,90,CONCEPT_NOT_FIT_VALIDATED
MON-C-01478,p8-2x2,Purple,#5E43B7,21,1477,-28.0,-60.0,100.8,0,CONCEPT_NOT_FIT_VALIDATED
MON-C-01479,p8-2x1,Purple,#5E43B7,21,1478,24.0,-60.0,100.8,90,CONCEPT_NOT_FIT_VALIDATED
MON-C-01480,p8-2x2,Purple,#5E43B7,21,1479,36.0,-60.0,100.8,0,CONCEPT_NOT_FIT_VALIDATED
MON-C-01481,p8-2x1,Purple,#5E43B7,21,1480,48.0,-60.0,100.8,90,CONCEPT_NOT_FIT_VALIDATED
MON-C-01482,p8-1x1,Hot pink,#F5547C,21,1481,-64.0,-56.0,100.8,0,CONCEPT_NOT_FIT_VALIDATED
MON-C-01483,p8-1x1,Purple,#5E43B7,21,1482,-56.0,-56.0,100.8,0,CONCEPT_NOT_FIT_VALIDATED
MON-C-01484,p8-1x1,Purple,#5E43B7,21,1483,-48.0,-56.0,100.8,0,CONCEPT_NOT_FIT_VALIDATED
MON-C-01485,p8-1x1,Hot pink,#F5547C,21,1484,56.0,-56.0,100.8,0,CONCEPT_NOT_FIT_VALIDATED
MON-C-01486,p8-1x1,Hot pink,#F5547C,21,1485,64.0,-56.0,100.8,0,CONCEPT_NOT_FIT_VALIDATED
MON-C-01487,p8-3x1,Hot pink,#F5547C,21,1486,-72.0,-40.0,100.8,90,CONCEPT_NOT_FIT_VALIDATED
MON-C-01488,p8-4x2,Purple,#5E43B7,21,1487,-60.0,-36.0,100.8,90,CONCEPT_NOT_FIT_VALIDATED
MON-C-01489,p8-4x2,Purple,#5E43B7,21,1488,-44.0,-36.0,100.8,90,CONCEPT_NOT_FIT_VALIDATED
MON-C-01490,p8-4x2,Purple,#5E43B7,21,1489,-28.0,-36.0,100.8,90,CONCEPT_NOT_FIT_VALIDATED
MON-C-01491,p8-4x2,Purple,#5E43B7,21,1490,-12.0,-36.0,100.8,90,CONCEPT_NOT_FIT_VALIDATED
MON-C-01492,p8-4x2,Purple,#5E43B7,21,1491,4.0,-36.0,100.8,90,CONCEPT_NOT_FIT_VALIDATED
MON-C-01493,p8-4x2,Purple,#5E43B7,21,1492,20.0,-36.0,100.8,90,CONCEPT_NOT_FIT_VALIDATED
MON-C-01494,p8-4x2,Purple,#5E43B7,21,1493,36.0,-36.0,100.8,90,CONCEPT_NOT_FIT_VALIDATED
MON-C-01495,p8-4x2,Purple,#5E43B7,21,1494,52.0,-36.0,100.8,90,CONCEPT_NOT_FIT_VALIDATED
MON-C-01496,p8-4x1,Purple,#5E43B7,21,1495,64.0,-36.0,100.8,90,CONCEPT_NOT_FIT_VALIDATED
MON-C-01497,p8-3x1,Hot pink,#F5547C,21,1496,72.0,-40.0,100.8,90,CONCEPT_NOT_FIT_VALIDATED
MON-C-01498,p8-2x1,Purple,#5E43B7,21,1497,-76.0,-24.0,100.8,0,CONCEPT_NOT_FIT_VALIDATED
MON-C-01499,p8-1x1,Purple,#5E43B7,21,1498,72.0,-24.0,100.8,0,CONCEPT_NOT_FIT_VALIDATED
MON-C-01500,p8-1x1,Purple,#5E43B7,21,1499,80.0,-24.0,100.8,0,CONCEPT_NOT_FIT_VALIDATED
MON-C-01501,p8-4x2,Purple,#5E43B7,21,1500,-76.0,-4.0,100.8,90,CONCEPT_NOT_FIT_VALIDATED
MON-C-01502,p8-4x2,Purple,#5E43B7,21,1501,-60.0,-4.0,100.8,90,CONCEPT_NOT_FIT_VALIDATED
MON-C-01503,p8-4x2,Purple,#5E43B7,21,1502,-44.0,-4.0,100.8,90,CONCEPT_NOT_FIT_VALIDATED
MON-C-01504,p8-4x2,Purple,#5E43B7,21,1503,-28.0,-4.0,100.8,90,CONCEPT_NOT_FIT_VALIDATED
MON-C-01505,p8-4x2,Purple,#5E43B7,21,1504,-12.0,-4.0,100.8,90,CONCEPT_NOT_FIT_VALIDATED
MON-C-01506,p8-4x2,Purple,#5E43B7,21,1505,4.0,-4.0,100.8,90,CONCEPT_NOT_FIT_VALIDATED
MON-C-01507,p8-4x2,Purple,#5E43B7,21,1506,20.0,-4.0,100.8,90,CONCEPT_NOT_FIT_VALIDATED
MON-C-01508,p8-4x2,Purple,#5E43B7,21,1507,36.0,-4.0,100.8,90,CONCEPT_NOT_FIT_VALIDATED
MON-C-01509,p8-4x2,Purple,#5E43B7,21,1508,52.0,-4.0,100.8,90,CONCEPT_NOT_FIT_VALIDATED
MON-C-01510,p8-4x2,Purple,#5E43B7,21,1509,68.0,-4.0,100.8,90,CONCEPT_NOT_FIT_VALIDATED
MON-C-01511,p8-4x1,Purple,#5E43B7,21,1510,80.0,-4.0,100.8,90,CONCEPT_NOT_FIT_VALIDATED
MON-C-01512,p8-3x1,Purple,#5E43B7,21,1511,-88.0,0.0,100.8,90,CONCEPT_NOT_FIT_VALIDATED
MON-C-01513,p8-2x1,Purple,#5E43B7,21,1512,-88.0,20.0,100.8,90,CONCEPT_NOT_FIT_VALIDATED
MON-C-01514,p8-4x2,Purple,#5E43B7,21,1513,-76.0,28.0,100.8,90,CONCEPT_NOT_FIT_VALIDATED
MON-C-01515,p8-4x2,Purple,#5E43B7,21,1514,-60.0,28.0,100.8,90,CONCEPT_NOT_FIT_VALIDATED
MON-C-01516,p8-4x2,Purple,#5E43B7,21,1515,-44.0,28.0,100.8,90,CONCEPT_NOT_FIT_VALIDATED
MON-C-01517,p8-4x2,Purple,#5E43B7,21,1516,-28.0,28.0,100.8,90,CONCEPT_NOT_FIT_VALIDATED
MON-C-01518,p8-4x2,Purple,#5E43B7,21,1517,-12.0,28.0,100.8,90,CONCEPT_NOT_FIT_VALIDATED
MON-C-01519,p8-4x2,Purple,#5E43B7,21,1518,4.0,28.0,100.8,90,CONCEPT_NOT_FIT_VALIDATED
MON-C-01520,p8-4x2,Purple,#5E43B7,21,1519,20.0,28.0,100.8,90,CONCEPT_NOT_FIT_VALIDATED
MON-C-01521,p8-4x2,Purple,#5E43B7,21,1520,36.0,28.0,100.8,90,CONCEPT_NOT_FIT_VALIDATED
MON-C-01522,p8-4x2,Purple,#5E43B7,21,1521,52.0,28.0,100.8,90,CONCEPT_NOT_FIT_VALIDATED
MON-C-01523,p8-4x2,Purple,#5E43B7,21,1522,68.0,28.0,100.8,90,CONCEPT_NOT_FIT_VALIDATED
MON-C-01524,p8-4x1,Purple,#5E43B7,21,1523,80.0,28.0,100.8,90,CONCEPT_NOT_FIT_VALIDATED
MON-C-01525,p8-2x1,Purple,#5E43B7,21,1524,-76.0,48.0,100.8,0,CONCEPT_NOT_FIT_VALIDATED
MON-C-01526,p8-3x2,Purple,#5E43B7,21,1525,-60.0,56.0,100.8,90,CONCEPT_NOT_FIT_VALIDATED
MON-C-01527,p8-4x2,Purple,#5E43B7,21,1526,-44.0,60.0,100.8,90,CONCEPT_NOT_FIT_VALIDATED
MON-C-01528,p8-4x2,Purple,#5E43B7,21,1527,-28.0,60.0,100.8,90,CONCEPT_NOT_FIT_VALIDATED
MON-C-01529,p8-4x2,Purple,#5E43B7,21,1528,-12.0,60.0,100.8,90,CONCEPT_NOT_FIT_VALIDATED
MON-C-01530,p8-4x2,Purple,#5E43B7,21,1529,4.0,60.0,100.8,90,CONCEPT_NOT_FIT_VALIDATED
MON-C-01531,p8-4x2,Purple,#5E43B7,21,1530,20.0,60.0,100.8,90,CONCEPT_NOT_FIT_VALIDATED
MON-C-01532,p8-4x2,Purple,#5E43B7,21,1531,36.0,60.0,100.8,90,CONCEPT_NOT_FIT_VALIDATED
MON-C-01533,p8-3x2,Purple,#5E43B7,21,1532,52.0,56.0,100.8,90,CONCEPT_NOT_FIT_VALIDATED
MON-C-01534,p8-2x2,Purple,#5E43B7,21,1533,68.0,52.0,100.8,0,CONCEPT_NOT_FIT_VALIDATED
MON-C-01535,p8-1x1,Purple,#5E43B7,21,1534,-72.0,56.0,100.8,0,CONCEPT_NOT_FIT_VALIDATED
MON-C-01536,p8-1x1,Purple,#5E43B7,21,1535,64.0,64.0,100.8,0,CONCEPT_NOT_FIT_VALIDATED
MON-C-01537,p8-1x1,Purple,#5E43B7,21,1536,-56.0,72.0,100.8,0,CONCEPT_NOT_FIT_VALIDATED
MON-C-01538,p8-1x1,Purple,#5E43B7,21,1537,48.0,72.0,100.8,0,CONCEPT_NOT_FIT_VALIDATED
MON-C-01539,p8-1x1,Purple,#5E43B7,21,1538,-40.0,80.0,100.8,0,CONCEPT_NOT_FIT_VALIDATED
MON-C-01540,p8-2x1,Purple,#5E43B7,21,1539,-28.0,80.0,100.8,0,CONCEPT_NOT_FIT_VALIDATED
MON-C-01541,p8-2x1,Purple,#5E43B7,21,1540,-12.0,80.0,100.8,0,CONCEPT_NOT_FIT_VALIDATED
MON-C-01542,p8-2x1,Purple,#5E43B7,21,1541,4.0,80.0,100.8,0,CONCEPT_NOT_FIT_VALIDATED
MON-C-01543,p8-2x1,Purple,#5E43B7,21,1542,20.0,80.0,100.8,0,CONCEPT_NOT_FIT_VALIDATED
MON-C-01544,p8-1x1,Purple,#5E43B7,21,1543,32.0,80.0,100.8,0,CONCEPT_NOT_FIT_VALIDATED
MON-C-01545,p8-4x1,Purple,#5E43B7,22,1544,-76.0,0.0,105.6,0,CONCEPT_NOT_FIT_VALIDATED
MON-C-01546,p8-4x2,Purple,#5E43B7,22,1545,-76.0,12.0,105.6,0,CONCEPT_NOT_FIT_VALIDATED
MON-C-01547,p8-3x2,Purple,#5E43B7,22,1546,-72.0,-20.0,105.6,0,CONCEPT_NOT_FIT_VALIDATED
MON-C-01548,p8-3x1,Purple,#5E43B7,22,1547,-72.0,-8.0,105.6,0,CONCEPT_NOT_FIT_VALIDATED
MON-C-01549,p8-3x2,Purple,#5E43B7,22,1548,-72.0,28.0,105.6,0,CONCEPT_NOT_FIT_VALIDATED
MON-C-01550,p8-3x1,Purple,#5E43B7,22,1549,-72.0,40.0,105.6,0,CONCEPT_NOT_FIT_VALIDATED
MON-C-01551,p8-1x1,Hot pink,#F5547C,22,1550,-72.0,-48.0,105.6,0,CONCEPT_NOT_FIT_VALIDATED
MON-C-01552,p8-1x1,Hot pink,#F5547C,22,1551,-72.0,-40.0,105.6,0,CONCEPT_NOT_FIT_VALIDATED
MON-C-01553,p8-2x1,Purple,#5E43B7,22,1552,-68.0,-32.0,105.6,0,CONCEPT_NOT_FIT_VALIDATED
MON-C-01554,p8-2x1,Purple,#5E43B7,22,1553,-68.0,48.0,105.6,0,CONCEPT_NOT_FIT_VALIDATED
MON-C-01555,p8-2x1,Purple,#5E43B7,22,1554,-68.0,56.0,105.6,0,CONCEPT_NOT_FIT_VALIDATED
MON-C-01556,p8-1x1,Hot pink,#F5547C,22,1555,-64.0,-56.0,105.6,0,CONCEPT_NOT_FIT_VALIDATED
MON-C-01557,p8-1x1,Purple,#5E43B7,22,1556,-64.0,-48.0,105.6,0,CONCEPT_NOT_FIT_VALIDATED
MON-C-01558,p8-1x1,Purple,#5E43B7,22,1557,-64.0,-40.0,105.6,0,CONCEPT_NOT_FIT_VALIDATED
MON-C-01559,p8-1x1,Purple,#5E43B7,22,1558,-64.0,64.0,105.6,0,CONCEPT_NOT_FIT_VALIDATED
MON-C-01560,p8-3x1,Hot pink,#F5547C,22,1559,-48.0,-64.0,105.6,0,CONCEPT_NOT_FIT_VALIDATED
MON-C-01475,p8-1x1,Hot pink,#F5547C,21,1560,-56.0,-64.0,100.8,0,CONCEPT_NOT_FIT_VALIDATED
MON-C-01561,p8-4x2,Purple,#5E43B7,22,1561,-44.0,-52.0,105.6,0,CONCEPT_NOT_FIT_VALIDATED
MON-C-01562,p8-4x2,Purple,#5E43B7,22,1562,-44.0,-36.0,105.6,0,CONCEPT_NOT_FIT_VALIDATED
MON-C-01563,p8-4x2,Purple,#5E43B7,22,1563,-44.0,-20.0,105.6,0,CONCEPT_NOT_FIT_VALIDATED
MON-C-01564,p8-4x2,Purple,#5E43B7,22,1564,-44.0,-4.0,105.6,0,CONCEPT_NOT_FIT_VALIDATED
MON-C-01565,p8-4x2,Purple,#5E43B7,22,1565,-44.0,12.0,105.6,0,CONCEPT_NOT_FIT_VALIDATED
MON-C-01566,p8-4x2,Purple,#5E43B7,22,1566,-44.0,28.0,105.6,0,CONCEPT_NOT_FIT_VALIDATED
MON-C-01567,p8-4x2,Purple,#5E43B7,22,1567,-44.0,44.0,105.6,0,CONCEPT_NOT_FIT_VALIDATED
MON-C-01568,p8-4x2,Purple,#5E43B7,22,1568,-44.0,60.0,105.6,0,CONCEPT_NOT_FIT_VALIDATED
MON-C-01569,p8-3x1,Purple,#5E43B7,22,1569,-40.0,72.0,105.6,0,CONCEPT_NOT_FIT_VALIDATED
MON-C-01570,p8-1x1,Hot pink,#F5547C,22,1570,-32.0,-72.0,105.6,0,CONCEPT_NOT_FIT_VALIDATED
MON-C-01571,p8-1x1,Purple,#5E43B7,22,1571,-32.0,-64.0,105.6,0,CONCEPT_NOT_FIT_VALIDATED
MON-C-01572,p8-1x1,Purple,#5E43B7,22,1572,-32.0,80.0,105.6,0,CONCEPT_NOT_FIT_VALIDATED
MON-C-01573,p8-1x1,Hot pink,#F5547C,22,1573,-24.0,-72.0,105.6,0,CONCEPT_NOT_FIT_VALIDATED
MON-C-01574,p8-4x1,Purple,#5E43B7,22,1574,-12.0,-64.0,105.6,0,CONCEPT_NOT_FIT_VALIDATED
MON-C-01575,p8-4x2,Purple,#5E43B7,22,1575,-12.0,-52.0,105.6,0,CONCEPT_NOT_FIT_VALIDATED
MON-C-01576,p8-4x2,Purple,#5E43B7,22,1576,-12.0,-36.0,105.6,0,CONCEPT_NOT_FIT_VALIDATED
MON-C-01577,p8-4x2,Purple,#5E43B7,22,1577,-12.0,-20.0,105.6,0,CONCEPT_NOT_FIT_VALIDATED
MON-C-01578,p8-4x2,Purple,#5E43B7,22,1578,-12.0,-4.0,105.6,0,CONCEPT_NOT_FIT_VALIDATED
MON-C-01579,p8-4x2,Purple,#5E43B7,22,1579,-12.0,12.0,105.6,0,CONCEPT_NOT_FIT_VALIDATED
MON-C-01580,p8-4x2,Purple,#5E43B7,22,1580,-12.0,28.0,105.6,0,CONCEPT_NOT_FIT_VALIDATED
MON-C-01581,p8-4x2,Purple,#5E43B7,22,1581,-12.0,44.0,105.6,0,CONCEPT_NOT_FIT_VALIDATED
MON-C-01582,p8-4x2,Purple,#5E43B7,22,1582,-12.0,60.0,105.6,0,CONCEPT_NOT_FIT_VALIDATED
MON-C-01583,p8-4x2,Purple,#5E43B7,22,1583,-12.0,76.0,105.6,0,CONCEPT_NOT_FIT_VALIDATED
MON-C-01584,p8-3x1,Hot pink,#F5547C,22,1584,-8.0,-80.0,105.6,0,CONCEPT_NOT_FIT_VALIDATED
MON-C-01585,p8-3x1,Purple,#5E43B7,22,1585,-8.0,-72.0,105.6,0,CONCEPT_NOT_FIT_VALIDATED
MON-C-01586,p8-1x1,Hot pink,#F5547C,22,1586,8.0,-80.0,105.6,0,CONCEPT_NOT_FIT_VALIDATED
MON-C-01587,p8-2x1,Purple,#5E43B7,22,1587,8.0,-68.0,105.6,90,CONCEPT_NOT_FIT_VALIDATED
MON-C-01588,p8-4x2,Purple,#5E43B7,22,1588,20.0,-52.0,105.6,0,CONCEPT_NOT_FIT_VALIDATED
MON-C-01589,p8-4x2,Purple,#5E43B7,22,1589,20.0,-36.0,105.6,0,CONCEPT_NOT_FIT_VALIDATED
MON-C-01590,p8-4x2,Purple,#5E43B7,22,1590,20.0,-20.0,105.6,0,CONCEPT_NOT_FIT_VALIDATED
MON-C-01591,p8-4x2,Purple,#5E43B7,22,1591,20.0,-4.0,105.6,0,CONCEPT_NOT_FIT_VALIDATED
MON-C-01592,p8-4x2,Purple,#5E43B7,22,1592,20.0,12.0,105.6,0,CONCEPT_NOT_FIT_VALIDATED
MON-C-01593,p8-4x2,Purple,#5E43B7,22,1593,20.0,28.0,105.6,0,CONCEPT_NOT_FIT_VALIDATED
MON-C-01594,p8-4x2,Purple,#5E43B7,22,1594,20.0,44.0,105.6,0,CONCEPT_NOT_FIT_VALIDATED
MON-C-01595,p8-4x2,Purple,#5E43B7,22,1595,20.0,60.0,105.6,0,CONCEPT_NOT_FIT_VALIDATED
MON-C-01596,p8-4x2,Purple,#5E43B7,22,1596,20.0,76.0,105.6,0,CONCEPT_NOT_FIT_VALIDATED
MON-C-01597,p8-3x1,Hot pink,#F5547C,22,1597,24.0,-72.0,105.6,0,CONCEPT_NOT_FIT_VALIDATED
MON-C-01598,p8-3x1,Purple,#5E43B7,22,1598,24.0,-64.0,105.6,0,CONCEPT_NOT_FIT_VALIDATED
MON-C-01599,p8-2x1,Hot pink,#F5547C,22,1599,44.0,-64.0,105.6,0,CONCEPT_NOT_FIT_VALIDATED
MON-C-01600,p8-2x2,Purple,#5E43B7,22,1600,44.0,-52.0,105.6,0,CONCEPT_NOT_FIT_VALIDATED
MON-C-01601,p8-4x2,Purple,#5E43B7,22,1601,52.0,-36.0,105.6,0,CONCEPT_NOT_FIT_VALIDATED
MON-C-01602,p8-4x2,Purple,#5E43B7,22,1602,52.0,-20.0,105.6,0,CONCEPT_NOT_FIT_VALIDATED
MON-C-01603,p8-4x2,Purple,#5E43B7,22,1603,52.0,-4.0,105.6,0,CONCEPT_NOT_FIT_VALIDATED
MON-C-01604,p8-4x2,Purple,#5E43B7,22,1604,52.0,12.0,105.6,0,CONCEPT_NOT_FIT_VALIDATED
MON-C-01605,p8-4x2,Purple,#5E43B7,22,1605,52.0,28.0,105.6,0,CONCEPT_NOT_FIT_VALIDATED
MON-C-01606,p8-4x2,Purple,#5E43B7,22,1606,52.0,44.0,105.6,0,CONCEPT_NOT_FIT_VALIDATED
MON-C-01607,p8-3x2,Purple,#5E43B7,22,1607,48.0,60.0,105.6,0,CONCEPT_NOT_FIT_VALIDATED
MON-C-01608,p8-2x1,Purple,#5E43B7,22,1608,44.0,72.0,105.6,0,CONCEPT_NOT_FIT_VALIDATED
MON-C-01609,p8-2x1,Hot pink,#F5547C,22,1609,60.0,-56.0,105.6,0,CONCEPT_NOT_FIT_VALIDATED
MON-C-01610,p8-1x1,Purple,#5E43B7,22,1610,56.0,-48.0,105.6,0,CONCEPT_NOT_FIT_VALIDATED
MON-C-01611,p8-1x1,Hot pink,#F5547C,22,1611,64.0,-48.0,105.6,0,CONCEPT_NOT_FIT_VALIDATED
MON-C-01612,p8-1x1,Purple,#5E43B7,22,1612,64.0,56.0,105.6,0,CONCEPT_NOT_FIT_VALIDATED
MON-C-01613,p8-2x1,Hot pink,#F5547C,22,1613,72.0,-36.0,105.6,90,CONCEPT_NOT_FIT_VALIDATED
MON-C-01614,p8-2x2,Purple,#5E43B7,22,1614,76.0,-20.0,105.6,0,CONCEPT_NOT_FIT_VALIDATED
MON-C-01615,p8-2x2,Purple,#5E43B7,22,1615,76.0,-4.0,105.6,0,CONCEPT_NOT_FIT_VALIDATED
MON-C-01616,p8-2x2,Purple,#5E43B7,22,1616,76.0,12.0,105.6,0,CONCEPT_NOT_FIT_VALIDATED
MON-C-01617,p8-2x2,Purple,#5E43B7,22,1617,76.0,28.0,105.6,0,CONCEPT_NOT_FIT_VALIDATED
MON-C-01618,p8-2x1,Purple,#5E43B7,22,1618,76.0,40.0,105.6,0,CONCEPT_NOT_FIT_VALIDATED
MON-C-01619,p8-1x1,Purple,#5E43B7,22,1619,72.0,48.0,105.6,0,CONCEPT_NOT_FIT_VALIDATED
MON-C-01620,p8-1x1,Hot pink,#F5547C,23,1620,-16.0,-80.0,110.4,0,CONCEPT_NOT_FIT_VALIDATED
MON-C-01621,p8-2x1,Hot pink,#F5547C,23,1621,-4.0,-80.0,110.4,0,CONCEPT_NOT_FIT_VALIDATED
MON-C-01622,p8-1x1,Hot pink,#F5547C,23,1622,8.0,-80.0,110.4,0,CONCEPT_NOT_FIT_VALIDATED
MON-C-01623,p8-2x1,Hot pink,#F5547C,23,1623,-36.0,-72.0,110.4,0,CONCEPT_NOT_FIT_VALIDATED
MON-C-01624,p8-1x1,Hot pink,#F5547C,23,1624,-24.0,-72.0,110.4,0,CONCEPT_NOT_FIT_VALIDATED
MON-C-01625,p8-2x1,Purple,#5E43B7,23,1625,-16.0,-68.0,110.4,90,CONCEPT_NOT_FIT_VALIDATED
MON-C-01626,p8-2x2,Purple,#5E43B7,23,1626,-4.0,-68.0,110.4,0,CONCEPT_NOT_FIT_VALIDATED
MON-C-01627,p8-2x1,Purple,#5E43B7,23,1627,8.0,-68.0,110.4,90,CONCEPT_NOT_FIT_VALIDATED
MON-C-01628,p8-1x1,Hot pink,#F5547C,23,1628,16.0,-72.0,110.4,0,CONCEPT_NOT_FIT_VALIDATED
MON-C-01629,p8-2x1,Hot pink,#F5547C,23,1629,28.0,-72.0,110.4,0,CONCEPT_NOT_FIT_VALIDATED
MON-C-01630,p8-2x1,Hot pink,#F5547C,23,1630,-52.0,-64.0,110.4,0,CONCEPT_NOT_FIT_VALIDATED
MON-C-01631,p8-2x1,Purple,#5E43B7,23,1631,-36.0,-64.0,110.4,0,CONCEPT_NOT_FIT_VALIDATED
MON-C-01632,p8-1x1,Purple,#5E43B7,23,1632,-24.0,-64.0,110.4,0,CONCEPT_NOT_FIT_VALIDATED
MON-C-01633,p8-1x1,Purple,#5E43B7,23,1633,16.0,-64.0,110.4,0,CONCEPT_NOT_FIT_VALIDATED
MON-C-01634,p8-2x1,Purple,#5E43B7,23,1634,28.0,-64.0,110.4,0,CONCEPT_NOT_FIT_VALIDATED
MON-C-01635,p8-2x1,Hot pink,#F5547C,23,1635,44.0,-64.0,110.4,0,CONCEPT_NOT_FIT_VALIDATED
MON-C-01636,p8-2x1,Hot pink,#F5547C,23,1636,-64.0,-52.0,110.4,90,CONCEPT_NOT_FIT_VALIDATED
MON-C-01637,p8-4x2,Purple,#5E43B7,23,1637,-52.0,-44.0,110.4,90,CONCEPT_NOT_FIT_VALIDATED
MON-C-01638,p8-4x2,Purple,#5E43B7,23,1638,-36.0,-44.0,110.4,90,CONCEPT_NOT_FIT_VALIDATED
MON-C-01639,p8-4x2,Purple,#5E43B7,23,1639,-20.0,-44.0,110.4,90,CONCEPT_NOT_FIT_VALIDATED
MON-C-01640,p8-4x2,Purple,#5E43B7,23,1640,-4.0,-44.0,110.4,90,CONCEPT_NOT_FIT_VALIDATED
MON-C-01641,p8-4x2,Purple,#5E43B7,23,1641,12.0,-44.0,110.4,90,CONCEPT_NOT_FIT_VALIDATED
MON-C-01642,p8-4x2,Purple,#5E43B7,23,1642,28.0,-44.0,110.4,90,CONCEPT_NOT_FIT_VALIDATED
MON-C-01643,p8-4x2,Purple,#5E43B7,23,1643,44.0,-44.0,110.4,90,CONCEPT_NOT_FIT_VALIDATED
MON-C-01644,p8-2x1,Hot pink,#F5547C,23,1644,60.0,-56.0,110.4,0,CONCEPT_NOT_FIT_VALIDATED
MON-C-01645,p8-3x1,Purple,#5E43B7,23,1645,56.0,-40.0,110.4,90,CONCEPT_NOT_FIT_VALIDATED
MON-C-01646,p8-1x1,Hot pink,#F5547C,23,1646,64.0,-48.0,110.4,0,CONCEPT_NOT_FIT_VALIDATED
MON-C-01647,p8-1x1,Hot pink,#F5547C,23,1647,-72.0,-40.0,110.4,0,CONCEPT_NOT_FIT_VALIDATED
MON-C-01648,p8-2x1,Purple,#5E43B7,23,1648,-64.0,-36.0,110.4,90,CONCEPT_NOT_FIT_VALIDATED
MON-C-01649,p8-2x1,Purple,#5E43B7,23,1649,64.0,-36.0,110.4,90,CONCEPT_NOT_FIT_VALIDATED
MON-C-01650,p8-1x1,Hot pink,#F5547C,23,1650,72.0,-40.0,110.4,0,CONCEPT_NOT_FIT_VALIDATED
MON-C-01651,p8-1x1,Purple,#5E43B7,23,1651,-72.0,-32.0,110.4,0,CONCEPT_NOT_FIT_VALIDATED
MON-C-01652,p8-1x1,Purple,#5E43B7,23,1652,72.0,-32.0,110.4,0,CONCEPT_NOT_FIT_VALIDATED
MON-C-01653,p8-4x1,Purple,#5E43B7,23,1653,-80.0,-12.0,110.4,90,CONCEPT_NOT_FIT_VALIDATED
MON-C-01654,p8-4x2,Purple,#5E43B7,23,1654,-68.0,-12.0,110.4,90,CONCEPT_NOT_FIT_VALIDATED
MON-C-01655,p8-4x2,Purple,#5E43B7,23,1655,-52.0,-12.0,110.4,90,CONCEPT_NOT_FIT_VALIDATED
MON-C-01656,p8-4x2,Purple,#5E43B7,23,1656,-36.0,-12.0,110.4,90,CONCEPT_NOT_FIT_VALIDATED
MON-C-01657,p8-4x2,Purple,#5E43B7,23,1657,-20.0,-12.0,110.4,90,CONCEPT_NOT_FIT_VALIDATED
MON-C-01658,p8-4x2,Purple,#5E43B7,23,1658,-4.0,-12.0,110.4,90,CONCEPT_NOT_FIT_VALIDATED
MON-C-01659,p8-4x2,Purple,#5E43B7,23,1659,12.0,-12.0,110.4,90,CONCEPT_NOT_FIT_VALIDATED
MON-C-01660,p8-4x2,Purple,#5E43B7,23,1660,28.0,-12.0,110.4,90,CONCEPT_NOT_FIT_VALIDATED
MON-C-01661,p8-4x2,Purple,#5E43B7,23,1661,44.0,-12.0,110.4,90,CONCEPT_NOT_FIT_VALIDATED
MON-C-01662,p8-4x2,Purple,#5E43B7,23,1662,60.0,-12.0,110.4,90,CONCEPT_NOT_FIT_VALIDATED
MON-C-01663,p8-4x1,Purple,#5E43B7,23,1663,72.0,-12.0,110.4,90,CONCEPT_NOT_FIT_VALIDATED
MON-C-01664,p8-3x1,Purple,#5E43B7,23,1664,80.0,-8.0,110.4,90,CONCEPT_NOT_FIT_VALIDATED
MON-C-01665,p8-1x1,Purple,#5E43B7,23,1665,-88.0,0.0,110.4,0,CONCEPT_NOT_FIT_VALIDATED
MON-C-01666,p8-2x1,Purple,#5E43B7,23,1666,-84.0,8.0,110.4,0,CONCEPT_NOT_FIT_VALIDATED
MON-C-01667,p8-4x2,Purple,#5E43B7,23,1667,-68.0,20.0,110.4,90,CONCEPT_NOT_FIT_VALIDATED
MON-C-01668,p8-4x2,Purple,#5E43B7,23,1668,-52.0,20.0,110.4,90,CONCEPT_NOT_FIT_VALIDATED
MON-C-01669,p8-4x2,Purple,#5E43B7,23,1669,-36.0,20.0,110.4,90,CONCEPT_NOT_FIT_VALIDATED
MON-C-01670,p8-4x2,Purple,#5E43B7,23,1670,-20.0,20.0,110.4,90,CONCEPT_NOT_FIT_VALIDATED
MON-C-01671,p8-4x2,Purple,#5E43B7,23,1671,-4.0,20.0,110.4,90,CONCEPT_NOT_FIT_VALIDATED
MON-C-01672,p8-4x2,Purple,#5E43B7,23,1672,12.0,20.0,110.4,90,CONCEPT_NOT_FIT_VALIDATED
MON-C-01673,p8-4x2,Purple,#5E43B7,23,1673,28.0,20.0,110.4,90,CONCEPT_NOT_FIT_VALIDATED
MON-C-01674,p8-4x2,Purple,#5E43B7,23,1674,44.0,20.0,110.4,90,CONCEPT_NOT_FIT_VALIDATED
MON-C-01675,p8-4x2,Purple,#5E43B7,23,1675,60.0,20.0,110.4,90,CONCEPT_NOT_FIT_VALIDATED
MON-C-01676,p8-4x2,Purple,#5E43B7,23,1676,76.0,20.0,110.4,90,CONCEPT_NOT_FIT_VALIDATED
MON-C-01677,p8-3x1,Purple,#5E43B7,23,1677,-80.0,24.0,110.4,90,CONCEPT_NOT_FIT_VALIDATED
MON-C-01678,p8-1x1,Purple,#5E43B7,23,1678,-80.0,40.0,110.4,0,CONCEPT_NOT_FIT_VALIDATED
MON-C-01679,p8-2x2,Purple,#5E43B7,23,1679,-68.0,44.0,110.4,0,CONCEPT_NOT_FIT_VALIDATED
MON-C-01680,p8-4x2,Purple,#5E43B7,23,1680,-52.0,52.0,110.4,90,CONCEPT_NOT_FIT_VALIDATED
MON-C-01681,p8-4x2,Purple,#5E43B7,23,1681,-36.0,52.0,110.4,90,CONCEPT_NOT_FIT_VALIDATED
MON-C-01682,p8-4x2,Purple,#5E43B7,23,1682,-20.0,52.0,110.4,90,CONCEPT_NOT_FIT_VALIDATED
MON-C-01683,p8-4x2,Purple,#5E43B7,23,1683,-4.0,52.0,110.4,90,CONCEPT_NOT_FIT_VALIDATED
MON-C-01684,p8-4x2,Purple,#5E43B7,23,1684,12.0,52.0,110.4,90,CONCEPT_NOT_FIT_VALIDATED
MON-C-01685,p8-4x2,Purple,#5E43B7,23,1685,28.0,52.0,110.4,90,CONCEPT_NOT_FIT_VALIDATED
MON-C-01686,p8-4x2,Purple,#5E43B7,23,1686,44.0,52.0,110.4,90,CONCEPT_NOT_FIT_VALIDATED
MON-C-01687,p8-3x2,Purple,#5E43B7,23,1687,60.0,48.0,110.4,90,CONCEPT_NOT_FIT_VALIDATED
MON-C-01688,p8-2x1,Purple,#5E43B7,23,1688,72.0,44.0,110.4,90,CONCEPT_NOT_FIT_VALIDATED
MON-C-01689,p8-1x1,Purple,#5E43B7,23,1689,80.0,40.0,110.4,0,CONCEPT_NOT_FIT_VALIDATED
MON-C-01690,p8-1x1,Purple,#5E43B7,23,1690,-64.0,56.0,110.4,0,CONCEPT_NOT_FIT_VALIDATED
MON-C-01691,p8-1x1,Purple,#5E43B7,23,1691,56.0,64.0,110.4,0,CONCEPT_NOT_FIT_VALIDATED
MON-C-01692,p8-1x1,Purple,#5E43B7,23,1692,-48.0,72.0,110.4,0,CONCEPT_NOT_FIT_VALIDATED
MON-C-01693,p8-2x1,Purple,#5E43B7,23,1693,-36.0,72.0,110.4,0,CONCEPT_NOT_FIT_VALIDATED
MON-C-01694,p8-2x2,Purple,#5E43B7,23,1694,-20.0,76.0,110.4,0,CONCEPT_NOT_FIT_VALIDATED
MON-C-01695,p8-2x2,Purple,#5E43B7,23,1695,-4.0,76.0,110.4,0,CONCEPT_NOT_FIT_VALIDATED
MON-C-01696,p8-2x2,Purple,#5E43B7,23,1696,12.0,76.0,110.4,0,CONCEPT_NOT_FIT_VALIDATED
MON-C-01697,p8-2x1,Purple,#5E43B7,23,1697,24.0,76.0,110.4,90,CONCEPT_NOT_FIT_VALIDATED
MON-C-01698,p8-1x1,Purple,#5E43B7,23,1698,32.0,72.0,110.4,0,CONCEPT_NOT_FIT_VALIDATED
MON-C-01699,p8-2x1,Purple,#5E43B7,23,1699,44.0,72.0,110.4,0,CONCEPT_NOT_FIT_VALIDATED
MON-C-01700,p8-2x1,Purple,#5E43B7,24,1700,-76.0,-24.0,115.2,0,CONCEPT_NOT_FIT_VALIDATED
MON-C-01701,p8-2x2,Purple,#5E43B7,24,1701,-76.0,-12.0,115.2,0,CONCEPT_NOT_FIT_VALIDATED
MON-C-01702,p8-2x2,Purple,#5E43B7,24,1702,-76.0,4.0,115.2,0,CONCEPT_NOT_FIT_VALIDATED
MON-C-01703,p8-2x2,Purple,#5E43B7,24,1703,-76.0,20.0,115.2,0,CONCEPT_NOT_FIT_VALIDATED
MON-C-01704,p8-2x2,Purple,#5E43B7,24,1704,-76.0,36.0,115.2,0,CONCEPT_NOT_FIT_VALIDATED
MON-C-01705,p8-1x1,Purple,#5E43B7,24,1705,-72.0,-32.0,115.2,0,CONCEPT_NOT_FIT_VALIDATED
MON-C-01706,p8-1x1,Purple,#5E43B7,24,1706,-72.0,48.0,115.2,0,CONCEPT_NOT_FIT_VALIDATED
MON-C-01707,p8-2x1,Hot pink,#F5547C,24,1707,-60.0,-56.0,115.2,0,CONCEPT_NOT_FIT_VALIDATED
MON-C-01708,p8-2x1,Hot pink,#F5547C,24,1708,-64.0,-44.0,115.2,90,CONCEPT_NOT_FIT_VALIDATED
MON-C-01709,p8-4x2,Purple,#5E43B7,24,1709,-52.0,-28.0,115.2,0,CONCEPT_NOT_FIT_VALIDATED
MON-C-01710,p8-4x2,Purple,#5E43B7,24,1710,-52.0,-12.0,115.2,0,CONCEPT_NOT_FIT_VALIDATED
MON-C-01711,p8-4x2,Purple,#5E43B7,24,1711,-52.0,4.0,115.2,0,CONCEPT_NOT_FIT_VALIDATED
MON-C-01712,p8-4x2,Purple,#5E43B7,24,1712,-52.0,20.0,115.2,0,CONCEPT_NOT_FIT_VALIDATED
MON-C-01713,p8-4x2,Purple,#5E43B7,24,1713,-52.0,36.0,115.2,0,CONCEPT_NOT_FIT_VALIDATED
MON-C-01714,p8-4x2,Purple,#5E43B7,24,1714,-52.0,52.0,115.2,0,CONCEPT_NOT_FIT_VALIDATED
MON-C-01715,p8-3x2,Purple,#5E43B7,24,1715,-48.0,-44.0,115.2,0,CONCEPT_NOT_FIT_VALIDATED
MON-C-01716,p8-3x1,Purple,#5E43B7,24,1716,-48.0,64.0,115.2,0,CONCEPT_NOT_FIT_VALIDATED
MON-C-01717,p8-2x1,Hot pink,#F5547C,24,1717,-44.0,-64.0,115.2,0,CONCEPT_NOT_FIT_VALIDATED
MON-C-01718,p8-2x1,Purple,#5E43B7,24,1718,-44.0,-56.0,115.2,0,CONCEPT_NOT_FIT_VALIDATED
MON-C-01719,p8-1x1,Purple,#5E43B7,24,1719,-40.0,72.0,115.2,0,CONCEPT_NOT_FIT_VALIDATED
MON-C-01720,p8-3x1,Hot pink,#F5547C,24,1720,-24.0,-72.0,115.2,0,CONCEPT_NOT_FIT_VALIDATED
MON-C-01721,p8-4x2,Purple,#5E43B7,24,1721,-20.0,-60.0,115.2,0,CONCEPT_NOT_FIT_VALIDATED
MON-C-01722,p8-4x2,Purple,#5E43B7,24,1722,-20.0,-44.0,115.2,0,CONCEPT_NOT_FIT_VALIDATED
MON-C-01723,p8-4x2,Purple,#5E43B7,24,1723,-20.0,-28.0,115.2,0,CONCEPT_NOT_FIT_VALIDATED
MON-C-01724,p8-4x2,Purple,#5E43B7,24,1724,-20.0,-12.0,115.2,0,CONCEPT_NOT_FIT_VALIDATED
MON-C-01725,p8-4x2,Purple,#5E43B7,24,1725,-20.0,4.0,115.2,0,CONCEPT_NOT_FIT_VALIDATED
MON-C-01726,p8-4x2,Purple,#5E43B7,24,1726,-20.0,20.0,115.2,0,CONCEPT_NOT_FIT_VALIDATED
MON-C-01727,p8-4x2,Purple,#5E43B7,24,1727,-20.0,36.0,115.2,0,CONCEPT_NOT_FIT_VALIDATED
MON-C-01728,p8-4x2,Purple,#5E43B7,24,1728,-20.0,52.0,115.2,0,CONCEPT_NOT_FIT_VALIDATED
MON-C-01729,p8-4x2,Purple,#5E43B7,24,1729,-20.0,68.0,115.2,0,CONCEPT_NOT_FIT_VALIDATED
MON-C-01730,p8-2x1,Purple,#5E43B7,24,1730,-12.0,80.0,115.2,0,CONCEPT_NOT_FIT_VALIDATED
MON-C-01731,p8-1x1,Hot pink,#F5547C,24,1731,-8.0,-80.0,115.2,0,CONCEPT_NOT_FIT_VALIDATED
MON-C-01732,p8-1x1,Purple,#5E43B7,24,1732,-8.0,-72.0,115.2,0,CONCEPT_NOT_FIT_VALIDATED
MON-C-01733,p8-2x1,Hot pink,#F5547C,24,1733,4.0,-80.0,115.2,0,CONCEPT_NOT_FIT_VALIDATED
MON-C-01734,p8-2x1,Purple,#5E43B7,24,1734,4.0,-72.0,115.2,0,CONCEPT_NOT_FIT_VALIDATED
MON-C-01735,p8-4x2,Purple,#5E43B7,24,1735,12.0,-60.0,115.2,0,CONCEPT_NOT_FIT_VALIDATED
MON-C-01736,p8-4x2,Purple,#5E43B7,24,1736,12.0,-44.0,115.2,0,CONCEPT_NOT_FIT_VALIDATED
MON-C-01737,p8-4x2,Purple,#5E43B7,24,1737,12.0,-28.0,115.2,0,CONCEPT_NOT_FIT_VALIDATED
MON-C-01738,p8-4x2,Purple,#5E43B7,24,1738,12.0,-12.0,115.2,0,CONCEPT_NOT_FIT_VALIDATED
MON-C-01739,p8-4x2,Purple,#5E43B7,24,1739,12.0,4.0,115.2,0,CONCEPT_NOT_FIT_VALIDATED
MON-C-01740,p8-4x2,Purple,#5E43B7,24,1740,12.0,20.0,115.2,0,CONCEPT_NOT_FIT_VALIDATED
MON-C-01741,p8-4x2,Purple,#5E43B7,24,1741,12.0,36.0,115.2,0,CONCEPT_NOT_FIT_VALIDATED
MON-C-01742,p8-4x2,Purple,#5E43B7,24,1742,12.0,52.0,115.2,0,CONCEPT_NOT_FIT_VALIDATED
MON-C-01743,p8-4x2,Purple,#5E43B7,24,1743,12.0,68.0,115.2,0,CONCEPT_NOT_FIT_VALIDATED
MON-C-01744,p8-3x1,Purple,#5E43B7,24,1744,8.0,80.0,115.2,0,CONCEPT_NOT_FIT_VALIDATED
MON-C-01745,p8-2x1,Hot pink,#F5547C,24,1745,20.0,-72.0,115.2,0,CONCEPT_NOT_FIT_VALIDATED
MON-C-01746,p8-1x1,Hot pink,#F5547C,24,1746,32.0,-72.0,115.2,0,CONCEPT_NOT_FIT_VALIDATED
MON-C-01747,p8-2x1,Purple,#5E43B7,24,1747,32.0,-60.0,115.2,90,CONCEPT_NOT_FIT_VALIDATED
MON-C-01748,p8-4x2,Purple,#5E43B7,24,1748,44.0,-44.0,115.2,0,CONCEPT_NOT_FIT_VALIDATED
MON-C-01749,p8-4x2,Purple,#5E43B7,24,1749,44.0,-28.0,115.2,0,CONCEPT_NOT_FIT_VALIDATED
MON-C-01750,p8-4x2,Purple,#5E43B7,24,1750,44.0,-12.0,115.2,0,CONCEPT_NOT_FIT_VALIDATED
MON-C-01751,p8-4x2,Purple,#5E43B7,24,1751,44.0,4.0,115.2,0,CONCEPT_NOT_FIT_VALIDATED
MON-C-01752,p8-4x2,Purple,#5E43B7,24,1752,44.0,20.0,115.2,0,CONCEPT_NOT_FIT_VALIDATED
MON-C-01753,p8-4x2,Purple,#5E43B7,24,1753,44.0,36.0,115.2,0,CONCEPT_NOT_FIT_VALIDATED
MON-C-01754,p8-4x2,Purple,#5E43B7,24,1754,44.0,52.0,115.2,0,CONCEPT_NOT_FIT_VALIDATED
MON-C-01755,p8-2x2,Purple,#5E43B7,24,1755,36.0,68.0,115.2,0,CONCEPT_NOT_FIT_VALIDATED
MON-C-01756,p8-2x1,Hot pink,#F5547C,24,1756,44.0,-64.0,115.2,0,CONCEPT_NOT_FIT_VALIDATED
MON-C-01757,p8-2x1,Purple,#5E43B7,24,1757,44.0,-56.0,115.2,0,CONCEPT_NOT_FIT_VALIDATED
MON-C-01758,p8-2x1,Purple,#5E43B7,24,1758,52.0,64.0,115.2,0,CONCEPT_NOT_FIT_VALIDATED
MON-C-01759,p8-1x1,Hot pink,#F5547C,24,1759,56.0,-56.0,115.2,0,CONCEPT_NOT_FIT_VALIDATED
MON-C-01760,p8-2x1,Hot pink,#F5547C,24,1760,64.0,-44.0,115.2,90,CONCEPT_NOT_FIT_VALIDATED
MON-C-01761,p8-2x2,Purple,#5E43B7,24,1761,68.0,-28.0,115.2,0,CONCEPT_NOT_FIT_VALIDATED
MON-C-01762,p8-3x2,Purple,#5E43B7,24,1762,72.0,-12.0,115.2,0,CONCEPT_NOT_FIT_VALIDATED
MON-C-01763,p8-3x2,Purple,#5E43B7,24,1763,72.0,4.0,115.2,0,CONCEPT_NOT_FIT_VALIDATED
MON-C-01764,p8-3x2,Purple,#5E43B7,24,1764,72.0,20.0,115.2,0,CONCEPT_NOT_FIT_VALIDATED
MON-C-01765,p8-2x2,Purple,#5E43B7,24,1765,68.0,36.0,115.2,0,CONCEPT_NOT_FIT_VALIDATED
MON-C-01766,p8-2x1,Purple,#5E43B7,24,1766,68.0,48.0,115.2,0,CONCEPT_NOT_FIT_VALIDATED
MON-C-01767,p8-1x1,Purple,#5E43B7,24,1767,64.0,56.0,115.2,0,CONCEPT_NOT_FIT_VALIDATED
MON-C-01768,p8-1x1,Purple,#5E43B7,24,1768,80.0,32.0,115.2,0,CONCEPT_NOT_FIT_VALIDATED
MON-C-01769,p8-2x1,Hot pink,#F5547C,25,1769,-28.0,-72.0,120.0,0,CONCEPT_NOT_FIT_VALIDATED
MON-C-01770,p8-2x1,Hot pink,#F5547C,25,1770,-12.0,-72.0,120.0,0,CONCEPT_NOT_FIT_VALIDATED
MON-C-01771,p8-2x1,Hot pink,#F5547C,25,1771,4.0,-72.0,120.0,0,CONCEPT_NOT_FIT_VALIDATED
MON-C-01772,p8-2x1,Hot pink,#F5547C,25,1772,20.0,-72.0,120.0,0,CONCEPT_NOT_FIT_VALIDATED
MON-C-01773,p8-1x1,Hot pink,#F5547C,25,1773,32.0,-72.0,120.0,0,CONCEPT_NOT_FIT_VALIDATED
MON-C-01774,p8-2x1,Hot pink,#F5547C,25,1774,-44.0,-64.0,120.0,0,CONCEPT_NOT_FIT_VALIDATED
MON-C-01775,p8-4x2,Purple,#5E43B7,25,1775,-28.0,-52.0,120.0,90,CONCEPT_NOT_FIT_VALIDATED
MON-C-01776,p8-4x2,Purple,#5E43B7,25,1776,-12.0,-52.0,120.0,90,CONCEPT_NOT_FIT_VALIDATED
MON-C-01777,p8-4x2,Purple,#5E43B7,25,1777,4.0,-52.0,120.0,90,CONCEPT_NOT_FIT_VALIDATED
MON-C-01778,p8-4x2,Purple,#5E43B7,25,1778,20.0,-52.0,120.0,90,CONCEPT_NOT_FIT_VALIDATED
MON-C-01779,p8-4x1,Purple,#5E43B7,25,1779,32.0,-52.0,120.0,90,CONCEPT_NOT_FIT_VALIDATED
MON-C-01780,p8-1x1,Hot pink,#F5547C,25,1780,40.0,-64.0,120.0,0,CONCEPT_NOT_FIT_VALIDATED
MON-C-01781,p8-1x1,Hot pink,#F5547C,25,1781,48.0,-64.0,120.0,0,CONCEPT_NOT_FIT_VALIDATED
MON-C-01782,p8-1x1,Hot pink,#F5547C,25,1782,-56.0,-56.0,120.0,0,CONCEPT_NOT_FIT_VALIDATED
MON-C-01783,p8-3x2,Purple,#5E43B7,25,1783,-44.0,-48.0,120.0,90,CONCEPT_NOT_FIT_VALIDATED
MON-C-01784,p8-3x1,Purple,#5E43B7,25,1784,40.0,-48.0,120.0,90,CONCEPT_NOT_FIT_VALIDATED
MON-C-01785,p8-3x1,Purple,#5E43B7,25,1785,48.0,-48.0,120.0,90,CONCEPT_NOT_FIT_VALIDATED
MON-C-01786,p8-1x1,Hot pink,#F5547C,25,1786,56.0,-56.0,120.0,0,CONCEPT_NOT_FIT_VALIDATED
MON-C-01787,p8-1x1,Hot pink,#F5547C,25,1787,-64.0,-48.0,120.0,0,CONCEPT_NOT_FIT_VALIDATED
MON-C-01788,p8-2x1,Purple,#5E43B7,25,1788,-56.0,-44.0,120.0,90,CONCEPT_NOT_FIT_VALIDATED
MON-C-01789,p8-2x1,Purple,#5E43B7,25,1789,56.0,-44.0,120.0,90,CONCEPT_NOT_FIT_VALIDATED
MON-C-01790,p8-2x1,Hot pink,#F5547C,25,1790,64.0,-44.0,120.0,90,CONCEPT_NOT_FIT_VALIDATED
MON-C-01791,p8-1x1,Purple,#5E43B7,25,1791,-64.0,-40.0,120.0,0,CONCEPT_NOT_FIT_VALIDATED
MON-C-01792,p8-4x1,Purple,#5E43B7,25,1792,-72.0,-20.0,120.0,90,CONCEPT_NOT_FIT_VALIDATED
MON-C-01793,p8-4x2,Purple,#5E43B7,25,1793,-60.0,-20.0,120.0,90,CONCEPT_NOT_FIT_VALIDATED
MON-C-01794,p8-4x2,Purple,#5E43B7,25,1794,-44.0,-20.0,120.0,90,CONCEPT_NOT_FIT_VALIDATED
MON-C-01795,p8-4x2,Purple,#5E43B7,25,1795,-28.0,-20.0,120.0,90,CONCEPT_NOT_FIT_VALIDATED
MON-C-01796,p8-4x2,Purple,#5E43B7,25,1796,-12.0,-20.0,120.0,90,CONCEPT_NOT_FIT_VALIDATED
MON-C-01797,p8-4x2,Purple,#5E43B7,25,1797,4.0,-20.0,120.0,90,CONCEPT_NOT_FIT_VALIDATED
MON-C-01798,p8-4x2,Purple,#5E43B7,25,1798,20.0,-20.0,120.0,90,CONCEPT_NOT_FIT_VALIDATED
MON-C-01799,p8-4x2,Purple,#5E43B7,25,1799,36.0,-20.0,120.0,90,CONCEPT_NOT_FIT_VALIDATED
MON-C-01800,p8-4x2,Purple,#5E43B7,25,1800,52.0,-20.0,120.0,90,CONCEPT_NOT_FIT_VALIDATED
MON-C-01801,p8-4x2,Purple,#5E43B7,25,1801,68.0,-20.0,120.0,90,CONCEPT_NOT_FIT_VALIDATED
MON-C-01802,p8-2x1,Purple,#5E43B7,25,1802,-80.0,-12.0,120.0,90,CONCEPT_NOT_FIT_VALIDATED
MON-C-01803,p8-2x1,Purple,#5E43B7,25,1803,80.0,-12.0,120.0,90,CONCEPT_NOT_FIT_VALIDATED
MON-C-01804,p8-4x2,Purple,#5E43B7,25,1804,-76.0,12.0,120.0,90,CONCEPT_NOT_FIT_VALIDATED
MON-C-01805,p8-4x2,Purple,#5E43B7,25,1805,-60.0,12.0,120.0,90,CONCEPT_NOT_FIT_VALIDATED
MON-C-01806,p8-4x2,Purple,#5E43B7,25,1806,-44.0,12.0,120.0,90,CONCEPT_NOT_FIT_VALIDATED
MON-C-01807,p8-4x2,Purple,#5E43B7,25,1807,-28.0,12.0,120.0,90,CONCEPT_NOT_FIT_VALIDATED
MON-C-01808,p8-4x2,Purple,#5E43B7,25,1808,-12.0,12.0,120.0,90,CONCEPT_NOT_FIT_VALIDATED
MON-C-01809,p8-4x2,Purple,#5E43B7,25,1809,4.0,12.0,120.0,90,CONCEPT_NOT_FIT_VALIDATED
MON-C-01810,p8-4x2,Purple,#5E43B7,25,1810,20.0,12.0,120.0,90,CONCEPT_NOT_FIT_VALIDATED
MON-C-01811,p8-4x2,Purple,#5E43B7,25,1811,36.0,12.0,120.0,90,CONCEPT_NOT_FIT_VALIDATED
MON-C-01812,p8-4x2,Purple,#5E43B7,25,1812,52.0,12.0,120.0,90,CONCEPT_NOT_FIT_VALIDATED
MON-C-01813,p8-4x2,Purple,#5E43B7,25,1813,68.0,12.0,120.0,90,CONCEPT_NOT_FIT_VALIDATED
MON-C-01814,p8-4x1,Purple,#5E43B7,25,1814,80.0,12.0,120.0,90,CONCEPT_NOT_FIT_VALIDATED
MON-C-01815,p8-2x1,Purple,#5E43B7,25,1815,-76.0,32.0,120.0,0,CONCEPT_NOT_FIT_VALIDATED
MON-C-01816,p8-4x2,Purple,#5E43B7,25,1816,-60.0,44.0,120.0,90,CONCEPT_NOT_FIT_VALIDATED
MON-C-01817,p8-4x2,Purple,#5E43B7,25,1817,-44.0,44.0,120.0,90,CONCEPT_NOT_FIT_VALIDATED
MON-C-01818,p8-4x2,Purple,#5E43B7,25,1818,-28.0,44.0,120.0,90,CONCEPT_NOT_FIT_VALIDATED
MON-C-01819,p8-4x2,Purple,#5E43B7,25,1819,-12.0,44.0,120.0,90,CONCEPT_NOT_FIT_VALIDATED
MON-C-01820,p8-4x2,Purple,#5E43B7,25,1820,4.0,44.0,120.0,90,CONCEPT_NOT_FIT_VALIDATED
MON-C-01821,p8-4x2,Purple,#5E43B7,25,1821,20.0,44.0,120.0,90,CONCEPT_NOT_FIT_VALIDATED
MON-C-01822,p8-4x2,Purple,#5E43B7,25,1822,36.0,44.0,120.0,90,CONCEPT_NOT_FIT_VALIDATED
MON-C-01823,p8-4x2,Purple,#5E43B7,25,1823,52.0,44.0,120.0,90,CONCEPT_NOT_FIT_VALIDATED
MON-C-01824,p8-3x2,Purple,#5E43B7,25,1824,68.0,40.0,120.0,90,CONCEPT_NOT_FIT_VALIDATED
MON-C-01825,p8-2x1,Purple,#5E43B7,25,1825,-72.0,44.0,120.0,90,CONCEPT_NOT_FIT_VALIDATED
MON-C-01826,p8-1x1,Purple,#5E43B7,25,1826,64.0,56.0,120.0,0,CONCEPT_NOT_FIT_VALIDATED
MON-C-01827,p8-1x1,Purple,#5E43B7,25,1827,-56.0,64.0,120.0,0,CONCEPT_NOT_FIT_VALIDATED
MON-C-01828,p8-2x1,Purple,#5E43B7,25,1828,-44.0,64.0,120.0,0,CONCEPT_NOT_FIT_VALIDATED
MON-C-01829,p8-2x2,Purple,#5E43B7,25,1829,-28.0,68.0,120.0,0,CONCEPT_NOT_FIT_VALIDATED
MON-C-01830,p8-2x2,Purple,#5E43B7,25,1830,-12.0,68.0,120.0,0,CONCEPT_NOT_FIT_VALIDATED
MON-C-01831,p8-2x2,Purple,#5E43B7,25,1831,4.0,68.0,120.0,0,CONCEPT_NOT_FIT_VALIDATED
MON-C-01832,p8-2x2,Purple,#5E43B7,25,1832,20.0,68.0,120.0,0,CONCEPT_NOT_FIT_VALIDATED
MON-C-01833,p8-2x2,Purple,#5E43B7,25,1833,36.0,68.0,120.0,0,CONCEPT_NOT_FIT_VALIDATED
MON-C-01834,p8-1x1,Purple,#5E43B7,25,1834,48.0,64.0,120.0,0,CONCEPT_NOT_FIT_VALIDATED
MON-C-01835,p8-1x1,Purple,#5E43B7,25,1835,-40.0,72.0,120.0,0,CONCEPT_NOT_FIT_VALIDATED
MON-C-01836,p8-1x1,Purple,#5E43B7,26,1836,-80.0,-16.0,124.8,0,CONCEPT_NOT_FIT_VALIDATED
MON-C-01837,p8-2x1,Purple,#5E43B7,26,1837,-80.0,-4.0,124.8,90,CONCEPT_NOT_FIT_VALIDATED
MON-C-01838,p8-2x1,Purple,#5E43B7,26,1838,-80.0,12.0,124.8,90,CONCEPT_NOT_FIT_VALIDATED
MON-C-01839,p8-2x1,Purple,#5E43B7,26,1839,-80.0,28.0,124.8,90,CONCEPT_NOT_FIT_VALIDATED
MON-C-01840,p8-4x2,Purple,#5E43B7,26,1840,-60.0,-20.0,124.8,0,CONCEPT_NOT_FIT_VALIDATED
MON-C-01841,p8-4x2,Purple,#5E43B7,26,1841,-60.0,-4.0,124.8,0,CONCEPT_NOT_FIT_VALIDATED
MON-C-01842,p8-4x2,Purple,#5E43B7,26,1842,-60.0,12.0,124.8,0,CONCEPT_NOT_FIT_VALIDATED
MON-C-01843,p8-4x2,Purple,#5E43B7,26,1843,-60.0,28.0,124.8,0,CONCEPT_NOT_FIT_VALIDATED
MON-C-01844,p8-4x1,Purple,#5E43B7,26,1844,-60.0,40.0,124.8,0,CONCEPT_NOT_FIT_VALIDATED
MON-C-01845,p8-3x2,Purple,#5E43B7,26,1845,-56.0,-36.0,124.8,0,CONCEPT_NOT_FIT_VALIDATED
MON-C-01846,p8-3x1,Purple,#5E43B7,26,1846,-56.0,48.0,124.8,0,CONCEPT_NOT_FIT_VALIDATED
MON-C-01847,p8-2x1,Hot pink,#F5547C,26,1847,-56.0,-52.0,124.8,90,CONCEPT_NOT_FIT_VALIDATED
MON-C-01848,p8-2x1,Purple,#5E43B7,26,1848,-52.0,56.0,124.8,0,CONCEPT_NOT_FIT_VALIDATED
MON-C-01849,p8-1x1,Hot pink,#F5547C,26,1849,-48.0,-64.0,124.8,0,CONCEPT_NOT_FIT_VALIDATED
MON-C-01850,p8-2x1,Purple,#5E43B7,26,1850,-48.0,-52.0,124.8,90,CONCEPT_NOT_FIT_VALIDATED
MON-C-01851,p8-1x1,Purple,#5E43B7,26,1851,-48.0,64.0,124.8,0,CONCEPT_NOT_FIT_VALIDATED
MON-C-01852,p8-1x1,Hot pink,#F5547C,26,1852,-40.0,-64.0,124.8,0,CONCEPT_NOT_FIT_VALIDATED
MON-C-01853,p8-4x2,Purple,#5E43B7,26,1853,-28.0,-52.0,124.8,0,CONCEPT_NOT_FIT_VALIDATED
MON-C-01854,p8-4x2,Purple,#5E43B7,26,1854,-28.0,-36.0,124.8,0,CONCEPT_NOT_FIT_VALIDATED
MON-C-01855,p8-4x2,Purple,#5E43B7,26,1855,-28.0,-20.0,124.8,0,CONCEPT_NOT_FIT_VALIDATED
MON-C-01856,p8-4x2,Purple,#5E43B7,26,1856,-28.0,-4.0,124.8,0,CONCEPT_NOT_FIT_VALIDATED
MON-C-01857,p8-4x2,Purple,#5E43B7,26,1857,-28.0,12.0,124.8,0,CONCEPT_NOT_FIT_VALIDATED
MON-C-01858,p8-4x2,Purple,#5E43B7,26,1858,-28.0,28.0,124.8,0,CONCEPT_NOT_FIT_VALIDATED
MON-C-01859,p8-4x2,Purple,#5E43B7,26,1859,-28.0,44.0,124.8,0,CONCEPT_NOT_FIT_VALIDATED
MON-C-01860,p8-4x2,Purple,#5E43B7,26,1860,-28.0,60.0,124.8,0,CONCEPT_NOT_FIT_VALIDATED
MON-C-01861,p8-3x1,Hot pink,#F5547C,26,1861,-24.0,-72.0,124.8,0,CONCEPT_NOT_FIT_VALIDATED
MON-C-01862,p8-3x1,Purple,#5E43B7,26,1862,-24.0,-64.0,124.8,0,CONCEPT_NOT_FIT_VALIDATED
MON-C-01863,p8-3x1,Purple,#5E43B7,26,1863,-24.0,72.0,124.8,0,CONCEPT_NOT_FIT_VALIDATED
MON-C-01864,p8-4x1,Hot pink,#F5547C,26,1864,4.0,-72.0,124.8,0,CONCEPT_NOT_FIT_VALIDATED
MON-C-01865,p8-4x1,Purple,#5E43B7,26,1865,4.0,-64.0,124.8,0,CONCEPT_NOT_FIT_VALIDATED
MON-C-01866,p8-4x2,Purple,#5E43B7,26,1866,4.0,-52.0,124.8,0,CONCEPT_NOT_FIT_VALIDATED
MON-C-01867,p8-4x2,Purple,#5E43B7,26,1867,4.0,-36.0,124.8,0,CONCEPT_NOT_FIT_VALIDATED
MON-C-01868,p8-4x2,Purple,#5E43B7,26,1868,4.0,-20.0,124.8,0,CONCEPT_NOT_FIT_VALIDATED
MON-C-01869,p8-4x2,Purple,#5E43B7,26,1869,4.0,-4.0,124.8,0,CONCEPT_NOT_FIT_VALIDATED
MON-C-01870,p8-4x2,Purple,#5E43B7,26,1870,4.0,12.0,124.8,0,CONCEPT_NOT_FIT_VALIDATED
MON-C-01871,p8-4x2,Purple,#5E43B7,26,1871,4.0,28.0,124.8,0,CONCEPT_NOT_FIT_VALIDATED
MON-C-01872,p8-4x2,Purple,#5E43B7,26,1872,4.0,44.0,124.8,0,CONCEPT_NOT_FIT_VALIDATED
MON-C-01873,p8-4x2,Purple,#5E43B7,26,1873,4.0,60.0,124.8,0,CONCEPT_NOT_FIT_VALIDATED
MON-C-01874,p8-4x1,Purple,#5E43B7,26,1874,4.0,72.0,124.8,0,CONCEPT_NOT_FIT_VALIDATED
MON-C-01875,p8-1x1,Hot pink,#F5547C,26,1875,24.0,-72.0,124.8,0,CONCEPT_NOT_FIT_VALIDATED
MON-C-01876,p8-1x1,Purple,#5E43B7,26,1876,24.0,-64.0,124.8,0,CONCEPT_NOT_FIT_VALIDATED
MON-C-01877,p8-3x2,Purple,#5E43B7,26,1877,32.0,-52.0,124.8,0,CONCEPT_NOT_FIT_VALIDATED
MON-C-01878,p8-4x2,Purple,#5E43B7,26,1878,36.0,-36.0,124.8,0,CONCEPT_NOT_FIT_VALIDATED
MON-C-01879,p8-4x2,Purple,#5E43B7,26,1879,36.0,-20.0,124.8,0,CONCEPT_NOT_FIT_VALIDATED
MON-C-01880,p8-4x2,Purple,#5E43B7,26,1880,36.0,-4.0,124.8,0,CONCEPT_NOT_FIT_VALIDATED
MON-C-01881,p8-4x2,Purple,#5E43B7,26,1881,36.0,12.0,124.8,0,CONCEPT_NOT_FIT_VALIDATED
MON-C-01882,p8-4x2,Purple,#5E43B7,26,1882,36.0,28.0,124.8,0,CONCEPT_NOT_FIT_VALIDATED
MON-C-01883,p8-4x2,Purple,#5E43B7,26,1883,36.0,44.0,124.8,0,CONCEPT_NOT_FIT_VALIDATED
MON-C-01884,p8-4x2,Purple,#5E43B7,26,1884,36.0,60.0,124.8,0,CONCEPT_NOT_FIT_VALIDATED
MON-C-01885,p8-2x1,Purple,#5E43B7,26,1885,28.0,72.0,124.8,0,CONCEPT_NOT_FIT_VALIDATED
MON-C-01886,p8-2x1,Hot pink,#F5547C,26,1886,36.0,-64.0,124.8,0,CONCEPT_NOT_FIT_VALIDATED
MON-C-01887,p8-1x1,Hot pink,#F5547C,26,1887,48.0,-56.0,124.8,0,CONCEPT_NOT_FIT_VALIDATED
MON-C-01888,p8-1x1,Purple,#5E43B7,26,1888,48.0,-48.0,124.8,0,CONCEPT_NOT_FIT_VALIDATED
MON-C-01889,p8-2x1,Hot pink,#F5547C,26,1889,56.0,-52.0,124.8,90,CONCEPT_NOT_FIT_VALIDATED
MON-C-01890,p8-2x2,Purple,#5E43B7,26,1890,60.0,-36.0,124.8,0,CONCEPT_NOT_FIT_VALIDATED
MON-C-01891,p8-3x2,Purple,#5E43B7,26,1891,64.0,-20.0,124.8,0,CONCEPT_NOT_FIT_VALIDATED
MON-C-01892,p8-4x2,Purple,#5E43B7,26,1892,68.0,-4.0,124.8,0,CONCEPT_NOT_FIT_VALIDATED
MON-C-01893,p8-4x2,Purple,#5E43B7,26,1893,68.0,12.0,124.8,0,CONCEPT_NOT_FIT_VALIDATED
MON-C-01894,p8-3x2,Purple,#5E43B7,26,1894,64.0,28.0,124.8,0,CONCEPT_NOT_FIT_VALIDATED
MON-C-01895,p8-2x2,Purple,#5E43B7,26,1895,60.0,44.0,124.8,0,CONCEPT_NOT_FIT_VALIDATED
MON-C-01896,p8-1x1,Purple,#5E43B7,26,1896,56.0,56.0,124.8,0,CONCEPT_NOT_FIT_VALIDATED
MON-C-01897,p8-1x1,Purple,#5E43B7,26,1897,72.0,40.0,124.8,0,CONCEPT_NOT_FIT_VALIDATED
MON-C-01898,p8-1x1,Purple,#5E43B7,26,1898,80.0,24.0,124.8,0,CONCEPT_NOT_FIT_VALIDATED
MON-C-01899,p8-4x1,Purple,#5E43B7,27,1899,-16.0,-60.0,129.6,90,CONCEPT_NOT_FIT_VALIDATED
MON-C-01900,p8-4x2,Purple,#5E43B7,27,1900,-4.0,-60.0,129.6,90,CONCEPT_NOT_FIT_VALIDATED
MON-C-01901,p8-4x1,Purple,#5E43B7,27,1901,8.0,-60.0,129.6,90,CONCEPT_NOT_FIT_VALIDATED
MON-C-01902,p8-2x1,Hot pink,#F5547C,27,1902,-36.0,-64.0,129.6,0,CONCEPT_NOT_FIT_VALIDATED
MON-C-01903,p8-3x1,Purple,#5E43B7,27,1903,-24.0,-56.0,129.6,90,CONCEPT_NOT_FIT_VALIDATED
MON-C-01904,p8-3x1,Purple,#5E43B7,27,1904,16.0,-56.0,129.6,90,CONCEPT_NOT_FIT_VALIDATED
MON-C-01905,p8-3x1,Purple,#5E43B7,27,1905,24.0,-56.0,129.6,90,CONCEPT_NOT_FIT_VALIDATED
MON-C-01906,p8-1x1,Hot pink,#F5547C,27,1906,32.0,-64.0,129.6,0,CONCEPT_NOT_FIT_VALIDATED
MON-C-01907,p8-1x1,Hot pink,#F5547C,27,1907,40.0,-64.0,129.6,0,CONCEPT_NOT_FIT_VALIDATED
MON-C-01908,p8-1x1,Hot pink,#F5547C,27,1908,-48.0,-56.0,129.6,0,CONCEPT_NOT_FIT_VALIDATED
MON-C-01909,p8-2x2,Purple,#5E43B7,27,1909,-36.0,-52.0,129.6,0,CONCEPT_NOT_FIT_VALIDATED
MON-C-01910,p8-2x1,Purple,#5E43B7,27,1910,32.0,-52.0,129.6,90,CONCEPT_NOT_FIT_VALIDATED
MON-C-01911,p8-2x1,Purple,#5E43B7,27,1911,40.0,-52.0,129.6,90,CONCEPT_NOT_FIT_VALIDATED
MON-C-01912,p8-1x1,Hot pink,#F5547C,27,1912,48.0,-56.0,129.6,0,CONCEPT_NOT_FIT_VALIDATED
MON-C-01913,p8-2x1,Purple,#5E43B7,27,1913,-52.0,-48.0,129.6,0,CONCEPT_NOT_FIT_VALIDATED
MON-C-01914,p8-1x1,Purple,#5E43B7,27,1914,48.0,-48.0,129.6,0,CONCEPT_NOT_FIT_VALIDATED
MON-C-01915,p8-1x1,Purple,#5E43B7,27,1915,56.0,-48.0,129.6,0,CONCEPT_NOT_FIT_VALIDATED
MON-C-01916,p8-4x1,Purple,#5E43B7,27,1916,-64.0,-28.0,129.6,90,CONCEPT_NOT_FIT_VALIDATED
MON-C-01917,p8-4x2,Purple,#5E43B7,27,1917,-52.0,-28.0,129.6,90,CONCEPT_NOT_FIT_VALIDATED
MON-C-01918,p8-4x2,Purple,#5E43B7,27,1918,-36.0,-28.0,129.6,90,CONCEPT_NOT_FIT_VALIDATED
MON-C-01919,p8-4x2,Purple,#5E43B7,27,1919,-20.0,-28.0,129.6,90,CONCEPT_NOT_FIT_VALIDATED
MON-C-01920,p8-4x2,Purple,#5E43B7,27,1920,-4.0,-28.0,129.6,90,CONCEPT_NOT_FIT_VALIDATED
MON-C-01921,p8-4x2,Purple,#5E43B7,27,1921,12.0,-28.0,129.6,90,CONCEPT_NOT_FIT_VALIDATED
MON-C-01922,p8-4x2,Purple,#5E43B7,27,1922,28.0,-28.0,129.6,90,CONCEPT_NOT_FIT_VALIDATED
MON-C-01923,p8-4x2,Purple,#5E43B7,27,1923,44.0,-28.0,129.6,90,CONCEPT_NOT_FIT_VALIDATED
MON-C-01924,p8-4x2,Purple,#5E43B7,27,1924,60.0,-28.0,129.6,90,CONCEPT_NOT_FIT_VALIDATED
MON-C-01925,p8-2x1,Purple,#5E43B7,27,1925,-72.0,-20.0,129.6,90,CONCEPT_NOT_FIT_VALIDATED
MON-C-01926,p8-2x1,Purple,#5E43B7,27,1926,72.0,-20.0,129.6,90,CONCEPT_NOT_FIT_VALIDATED
MON-C-01927,p8-4x1,Purple,#5E43B7,27,1927,-80.0,4.0,129.6,90,CONCEPT_NOT_FIT_VALIDATED
MON-C-01928,p8-4x2,Purple,#5E43B7,27,1928,-68.0,4.0,129.6,90,CONCEPT_NOT_FIT_VALIDATED
MON-C-01929,p8-4x2,Purple,#5E43B7,27,1929,-52.0,4.0,129.6,90,CONCEPT_NOT_FIT_VALIDATED
MON-C-01930,p8-4x2,Purple,#5E43B7,27,1930,-36.0,4.0,129.6,90,CONCEPT_NOT_FIT_VALIDATED
MON-C-01931,p8-4x2,Purple,#5E43B7,27,1931,-20.0,4.0,129.6,90,CONCEPT_NOT_FIT_VALIDATED
MON-C-01932,p8-4x2,Purple,#5E43B7,27,1932,-4.0,4.0,129.6,90,CONCEPT_NOT_FIT_VALIDATED
MON-C-01933,p8-4x2,Purple,#5E43B7,27,1933,12.0,4.0,129.6,90,CONCEPT_NOT_FIT_VALIDATED
MON-C-01934,p8-4x2,Purple,#5E43B7,27,1934,28.0,4.0,129.6,90,CONCEPT_NOT_FIT_VALIDATED
MON-C-01935,p8-4x2,Purple,#5E43B7,27,1935,44.0,4.0,129.6,90,CONCEPT_NOT_FIT_VALIDATED
MON-C-01936,p8-4x2,Purple,#5E43B7,27,1936,60.0,4.0,129.6,90,CONCEPT_NOT_FIT_VALIDATED
MON-C-01937,p8-4x2,Purple,#5E43B7,27,1937,76.0,4.0,129.6,90,CONCEPT_NOT_FIT_VALIDATED
MON-C-01938,p8-1x1,Purple,#5E43B7,27,1938,-80.0,24.0,129.6,0,CONCEPT_NOT_FIT_VALIDATED
MON-C-01939,p8-3x2,Purple,#5E43B7,27,1939,-68.0,32.0,129.6,90,CONCEPT_NOT_FIT_VALIDATED
MON-C-01940,p8-4x2,Purple,#5E43B7,27,1940,-52.0,36.0,129.6,90,CONCEPT_NOT_FIT_VALIDATED
MON-C-01941,p8-4x2,Purple,#5E43B7,27,1941,-36.0,36.0,129.6,90,CONCEPT_NOT_FIT_VALIDATED
MON-C-01942,p8-4x2,Purple,#5E43B7,27,1942,-20.0,36.0,129.6,90,CONCEPT_NOT_FIT_VALIDATED
MON-C-01943,p8-4x2,Purple,#5E43B7,27,1943,-4.0,36.0,129.6,90,CONCEPT_NOT_FIT_VALIDATED
MON-C-01944,p8-4x2,Purple,#5E43B7,27,1944,12.0,36.0,129.6,90,CONCEPT_NOT_FIT_VALIDATED
MON-C-01945,p8-4x2,Purple,#5E43B7,27,1945,28.0,36.0,129.6,90,CONCEPT_NOT_FIT_VALIDATED
MON-C-01946,p8-4x2,Purple,#5E43B7,27,1946,44.0,36.0,129.6,90,CONCEPT_NOT_FIT_VALIDATED
MON-C-01947,p8-4x2,Purple,#5E43B7,27,1947,60.0,36.0,129.6,90,CONCEPT_NOT_FIT_VALIDATED
MON-C-01948,p8-3x1,Purple,#5E43B7,27,1948,72.0,32.0,129.6,90,CONCEPT_NOT_FIT_VALIDATED
MON-C-01949,p8-1x1,Purple,#5E43B7,27,1949,-64.0,48.0,129.6,0,CONCEPT_NOT_FIT_VALIDATED
MON-C-01950,p8-2x1,Purple,#5E43B7,27,1950,-52.0,56.0,129.6,0,CONCEPT_NOT_FIT_VALIDATED
MON-C-01951,p8-2x2,Purple,#5E43B7,27,1951,-36.0,60.0,129.6,0,CONCEPT_NOT_FIT_VALIDATED
MON-C-01952,p8-3x2,Purple,#5E43B7,27,1952,-20.0,64.0,129.6,90,CONCEPT_NOT_FIT_VALIDATED
MON-C-01953,p8-3x2,Purple,#5E43B7,27,1953,-4.0,64.0,129.6,90,CONCEPT_NOT_FIT_VALIDATED
MON-C-01954,p8-3x2,Purple,#5E43B7,27,1954,12.0,64.0,129.6,90,CONCEPT_NOT_FIT_VALIDATED
MON-C-01955,p8-2x2,Purple,#5E43B7,27,1955,28.0,60.0,129.6,0,CONCEPT_NOT_FIT_VALIDATED
MON-C-01956,p8-2x1,Purple,#5E43B7,27,1956,40.0,60.0,129.6,90,CONCEPT_NOT_FIT_VALIDATED
MON-C-01957,p8-1x1,Purple,#5E43B7,27,1957,48.0,56.0,129.6,0,CONCEPT_NOT_FIT_VALIDATED
MON-C-01958,p8-1x1,Purple,#5E43B7,27,1958,56.0,56.0,129.6,0,CONCEPT_NOT_FIT_VALIDATED
MON-C-01959,p8-4x1,Purple,#5E43B7,28,1959,-68.0,-8.0,134.4,0,CONCEPT_NOT_FIT_VALIDATED
MON-C-01960,p8-4x2,Purple,#5E43B7,28,1960,-68.0,4.0,134.4,0,CONCEPT_NOT_FIT_VALIDATED
MON-C-01961,p8-4x1,Purple,#5E43B7,28,1961,-68.0,16.0,134.4,0,CONCEPT_NOT_FIT_VALIDATED
MON-C-01962,p8-3x1,Purple,#5E43B7,28,1962,-64.0,-24.0,134.4,0,CONCEPT_NOT_FIT_VALIDATED
MON-C-01963,p8-3x1,Purple,#5E43B7,28,1963,-64.0,-16.0,134.4,0,CONCEPT_NOT_FIT_VALIDATED
MON-C-01964,p8-3x1,Purple,#5E43B7,28,1964,-64.0,24.0,134.4,0,CONCEPT_NOT_FIT_VALIDATED
MON-C-01965,p8-3x1,Purple,#5E43B7,28,1965,-64.0,32.0,134.4,0,CONCEPT_NOT_FIT_VALIDATED
MON-C-01966,p8-2x1,Purple,#5E43B7,28,1966,-60.0,-32.0,134.4,0,CONCEPT_NOT_FIT_VALIDATED
MON-C-01967,p8-2x1,Purple,#5E43B7,28,1967,-60.0,40.0,134.4,0,CONCEPT_NOT_FIT_VALIDATED
MON-C-01968,p8-2x1,Purple,#5E43B7,28,1968,-56.0,-44.0,134.4,90,CONCEPT_NOT_FIT_VALIDATED
MON-C-01969,p8-1x1,Purple,#5E43B7,28,1969,-56.0,48.0,134.4,0,CONCEPT_NOT_FIT_VALIDATED
MON-C-01970,p8-4x1,Purple,#5E43B7,28,1970,-36.0,-56.0,134.4,0,CONCEPT_NOT_FIT_VALIDATED
MON-C-01971,p8-4x2,Purple,#5E43B7,28,1971,-36.0,-44.0,134.4,0,CONCEPT_NOT_FIT_VALIDATED
MON-C-01972,p8-4x2,Purple,#5E43B7,28,1972,-36.0,-28.0,134.4,0,CONCEPT_NOT_FIT_VALIDATED
MON-C-01973,p8-4x2,Purple,#5E43B7,28,1973,-36.0,-12.0,134.4,0,CONCEPT_NOT_FIT_VALIDATED
MON-C-01974,p8-4x2,Purple,#5E43B7,28,1974,-36.0,4.0,134.4,0,CONCEPT_NOT_FIT_VALIDATED
MON-C-01975,p8-4x2,Purple,#5E43B7,28,1975,-36.0,20.0,134.4,0,CONCEPT_NOT_FIT_VALIDATED
MON-C-01976,p8-4x2,Purple,#5E43B7,28,1976,-36.0,36.0,134.4,0,CONCEPT_NOT_FIT_VALIDATED
MON-C-01977,p8-4x2,Purple,#5E43B7,28,1977,-36.0,52.0,134.4,0,CONCEPT_NOT_FIT_VALIDATED
MON-C-01978,p8-2x1,Purple,#5E43B7,28,1978,-28.0,-64.0,134.4,0,CONCEPT_NOT_FIT_VALIDATED
MON-C-01979,p8-2x1,Purple,#5E43B7,28,1979,-28.0,64.0,134.4,0,CONCEPT_NOT_FIT_VALIDATED
MON-C-01980,p8-4x2,Purple,#5E43B7,28,1980,-4.0,-60.0,134.4,0,CONCEPT_NOT_FIT_VALIDATED
MON-C-01981,p8-4x2,Purple,#5E43B7,28,1981,-4.0,-44.0,134.4,0,CONCEPT_NOT_FIT_VALIDATED
MON-C-01982,p8-4x2,Purple,#5E43B7,28,1982,-4.0,-28.0,134.4,0,CONCEPT_NOT_FIT_VALIDATED
MON-C-01983,p8-4x2,Purple,#5E43B7,28,1983,-4.0,-12.0,134.4,0,CONCEPT_NOT_FIT_VALIDATED
MON-C-01984,p8-4x2,Purple,#5E43B7,28,1984,-4.0,4.0,134.4,0,CONCEPT_NOT_FIT_VALIDATED
MON-C-01985,p8-4x2,Purple,#5E43B7,28,1985,-4.0,20.0,134.4,0,CONCEPT_NOT_FIT_VALIDATED
MON-C-01986,p8-4x2,Purple,#5E43B7,28,1986,-4.0,36.0,134.4,0,CONCEPT_NOT_FIT_VALIDATED
MON-C-01987,p8-4x2,Purple,#5E43B7,28,1987,-4.0,52.0,134.4,0,CONCEPT_NOT_FIT_VALIDATED
MON-C-01988,p8-4x1,Purple,#5E43B7,28,1988,-4.0,64.0,134.4,0,CONCEPT_NOT_FIT_VALIDATED
MON-C-01989,p8-1x1,Purple,#5E43B7,28,1989,0.0,-72.0,134.4,0,CONCEPT_NOT_FIT_VALIDATED
MON-C-01990,p8-3x2,Purple,#5E43B7,28,1990,24.0,-60.0,134.4,0,CONCEPT_NOT_FIT_VALIDATED
MON-C-01991,p8-4x2,Purple,#5E43B7,28,1991,28.0,-44.0,134.4,0,CONCEPT_NOT_FIT_VALIDATED
MON-C-01992,p8-4x2,Purple,#5E43B7,28,1992,28.0,-28.0,134.4,0,CONCEPT_NOT_FIT_VALIDATED
MON-C-01993,p8-4x2,Purple,#5E43B7,28,1993,28.0,-12.0,134.4,0,CONCEPT_NOT_FIT_VALIDATED
MON-C-01994,p8-4x2,Purple,#5E43B7,28,1994,28.0,4.0,134.4,0,CONCEPT_NOT_FIT_VALIDATED
MON-C-01995,p8-4x2,Purple,#5E43B7,28,1995,28.0,20.0,134.4,0,CONCEPT_NOT_FIT_VALIDATED
MON-C-01996,p8-4x2,Purple,#5E43B7,28,1996,28.0,36.0,134.4,0,CONCEPT_NOT_FIT_VALIDATED
MON-C-01997,p8-4x2,Purple,#5E43B7,28,1997,28.0,52.0,134.4,0,CONCEPT_NOT_FIT_VALIDATED
MON-C-01998,p8-3x1,Purple,#5E43B7,28,1998,24.0,64.0,134.4,0,CONCEPT_NOT_FIT_VALIDATED
MON-C-01999,p8-1x1,Purple,#5E43B7,28,1999,40.0,-56.0,134.4,0,CONCEPT_NOT_FIT_VALIDATED
MON-C-02000,p8-1x1,Purple,#5E43B7,28,2000,48.0,-56.0,134.4,0,CONCEPT_NOT_FIT_VALIDATED
MON-C-02001,p8-2x2,Purple,#5E43B7,28,2001,52.0,-44.0,134.4,0,CONCEPT_NOT_FIT_VALIDATED
MON-C-02002,p8-3x2,Purple,#5E43B7,28,2002,56.0,-28.0,134.4,0,CONCEPT_NOT_FIT_VALIDATED
MON-C-02003,p8-4x2,Purple,#5E43B7,28,2003,60.0,-12.0,134.4,0,CONCEPT_NOT_FIT_VALIDATED
MON-C-02004,p8-4x2,Purple,#5E43B7,28,2004,60.0,4.0,134.4,0,CONCEPT_NOT_FIT_VALIDATED
MON-C-02005,p8-4x2,Purple,#5E43B7,28,2005,60.0,20.0,134.4,0,CONCEPT_NOT_FIT_VALIDATED
MON-C-02006,p8-3x2,Purple,#5E43B7,28,2006,56.0,36.0,134.4,0,CONCEPT_NOT_FIT_VALIDATED
MON-C-02007,p8-2x1,Purple,#5E43B7,28,2007,52.0,48.0,134.4,0,CONCEPT_NOT_FIT_VALIDATED
MON-C-02008,p8-1x1,Purple,#5E43B7,28,2008,48.0,56.0,134.4,0,CONCEPT_NOT_FIT_VALIDATED
MON-C-02009,p8-1x1,Purple,#5E43B7,28,2009,72.0,32.0,134.4,0,CONCEPT_NOT_FIT_VALIDATED
MON-C-02010,p8-1x1,Purple,#5E43B7,28,2010,80.0,-8.0,134.4,0,CONCEPT_NOT_FIT_VALIDATED
MON-C-02011,p8-2x1,Purple,#5E43B7,28,2011,80.0,4.0,134.4,90,CONCEPT_NOT_FIT_VALIDATED
MON-C-02012,p8-1x1,Purple,#5E43B7,28,2012,80.0,16.0,134.4,0,CONCEPT_NOT_FIT_VALIDATED
MON-C-02013,p8-2x2,Purple,#5E43B7,29,2013,-28.0,-60.0,139.2,0,CONCEPT_NOT_FIT_VALIDATED
MON-C-02014,p8-2x2,Purple,#5E43B7,29,2014,-12.0,-60.0,139.2,0,CONCEPT_NOT_FIT_VALIDATED
MON-C-02015,p8-2x2,Purple,#5E43B7,29,2015,4.0,-60.0,139.2,0,CONCEPT_NOT_FIT_VALIDATED
MON-C-02016,p8-2x2,Purple,#5E43B7,29,2016,20.0,-60.0,139.2,0,CONCEPT_NOT_FIT_VALIDATED
MON-C-02017,p8-1x1,Purple,#5E43B7,29,2017,-40.0,-56.0,139.2,0,CONCEPT_NOT_FIT_VALIDATED
MON-C-02018,p8-2x1,Purple,#5E43B7,29,2018,36.0,-56.0,139.2,0,CONCEPT_NOT_FIT_VALIDATED
MON-C-02019,p8-4x2,Purple,#5E43B7,29,2019,-44.0,-36.0,139.2,90,CONCEPT_NOT_FIT_VALIDATED
MON-C-02020,p8-4x2,Purple,#5E43B7,29,2020,-28.0,-36.0,139.2,90,CONCEPT_NOT_FIT_VALIDATED
MON-C-02021,p8-4x2,Purple,#5E43B7,29,2021,-12.0,-36.0,139.2,90,CONCEPT_NOT_FIT_VALIDATED
MON-C-02022,p8-4x2,Purple,#5E43B7,29,2022,4.0,-36.0,139.2,90,CONCEPT_NOT_FIT_VALIDATED
MON-C-02023,p8-4x2,Purple,#5E43B7,29,2023,20.0,-36.0,139.2,90,CONCEPT_NOT_FIT_VALIDATED
MON-C-02024,p8-4x2,Purple,#5E43B7,29,2024,36.0,-36.0,139.2,90,CONCEPT_NOT_FIT_VALIDATED
MON-C-02025,p8-4x1,Purple,#5E43B7,29,2025,48.0,-36.0,139.2,90,CONCEPT_NOT_FIT_VALIDATED
MON-C-02026,p8-3x1,Purple,#5E43B7,29,2026,-56.0,-32.0,139.2,90,CONCEPT_NOT_FIT_VALIDATED
MON-C-02027,p8-3x1,Purple,#5E43B7,29,2027,56.0,-32.0,139.2,90,CONCEPT_NOT_FIT_VALIDATED
MON-C-02028,p8-2x1,Purple,#5E43B7,29,2028,-64.0,-28.0,139.2,90,CONCEPT_NOT_FIT_VALIDATED
MON-C-02029,p8-1x1,Purple,#5E43B7,29,2029,64.0,-24.0,139.2,0,CONCEPT_NOT_FIT_VALIDATED
MON-C-02030,p8-4x1,Purple,#5E43B7,29,2030,-72.0,-4.0,139.2,90,CONCEPT_NOT_FIT_VALIDATED
MON-C-02031,p8-4x2,Purple,#5E43B7,29,2031,-60.0,-4.0,139.2,90,CONCEPT_NOT_FIT_VALIDATED
MON-C-02032,p8-4x2,Purple,#5E43B7,29,2032,-44.0,-4.0,139.2,90,CONCEPT_NOT_FIT_VALIDATED
MON-C-02033,p8-4x2,Purple,#5E43B7,29,2033,-28.0,-4.0,139.2,90,CONCEPT_NOT_FIT_VALIDATED
MON-C-02034,p8-4x2,Purple,#5E43B7,29,2034,-12.0,-4.0,139.2,90,CONCEPT_NOT_FIT_VALIDATED
MON-C-02035,p8-4x2,Purple,#5E43B7,29,2035,4.0,-4.0,139.2,90,CONCEPT_NOT_FIT_VALIDATED
MON-C-02036,p8-4x2,Purple,#5E43B7,29,2036,20.0,-4.0,139.2,90,CONCEPT_NOT_FIT_VALIDATED
MON-C-02037,p8-4x2,Purple,#5E43B7,29,2037,36.0,-4.0,139.2,90,CONCEPT_NOT_FIT_VALIDATED
MON-C-02038,p8-4x2,Purple,#5E43B7,29,2038,52.0,-4.0,139.2,90,CONCEPT_NOT_FIT_VALIDATED
MON-C-02039,p8-4x1,Purple,#5E43B7,29,2039,64.0,-4.0,139.2,90,CONCEPT_NOT_FIT_VALIDATED
MON-C-02041,p8-1x1,Hot pink,#F5547C,29,2040,-80.0,-8.0,139.2,0,CONCEPT_NOT_FIT_VALIDATED
MON-C-02042,p8-1x1,Hot pink,#F5547C,29,2041,72.0,-8.0,139.2,0,CONCEPT_NOT_FIT_VALIDATED
MON-C-02043,p8-3x1,Purple,#5E43B7,29,2042,80.0,0.0,139.2,90,CONCEPT_NOT_FIT_VALIDATED
MON-C-02044,p8-2x1,Purple,#5E43B7,29,2043,-80.0,4.0,139.2,90,CONCEPT_NOT_FIT_VALIDATED
MON-C-02045,p8-2x1,Purple,#5E43B7,29,2044,72.0,4.0,139.2,90,CONCEPT_NOT_FIT_VALIDATED
MON-C-02046,p8-2x1,Purple,#5E43B7,29,2045,-76.0,16.0,139.2,0,CONCEPT_NOT_FIT_VALIDATED
MON-C-02047,p8-4x2,Purple,#5E43B7,29,2046,-60.0,28.0,139.2,90,CONCEPT_NOT_FIT_VALIDATED
MON-C-02048,p8-4x2,Purple,#5E43B7,29,2047,-44.0,28.0,139.2,90,CONCEPT_NOT_FIT_VALIDATED
MON-C-02049,p8-4x2,Purple,#5E43B7,29,2048,-28.0,28.0,139.2,90,CONCEPT_NOT_FIT_VALIDATED
MON-C-02050,p8-4x2,Purple,#5E43B7,29,2049,-12.0,28.0,139.2,90,CONCEPT_NOT_FIT_VALIDATED
MON-C-02051,p8-4x2,Purple,#5E43B7,29,2050,4.0,28.0,139.2,90,CONCEPT_NOT_FIT_VALIDATED
MON-C-02052,p8-4x2,Purple,#5E43B7,29,2051,20.0,28.0,139.2,90,CONCEPT_NOT_FIT_VALIDATED
MON-C-02053,p8-4x2,Purple,#5E43B7,29,2052,36.0,28.0,139.2,90,CONCEPT_NOT_FIT_VALIDATED
MON-C-02054,p8-4x2,Purple,#5E43B7,29,2053,52.0,28.0,139.2,90,CONCEPT_NOT_FIT_VALIDATED
MON-C-02055,p8-3x2,Purple,#5E43B7,29,2054,68.0,24.0,139.2,90,CONCEPT_NOT_FIT_VALIDATED
MON-C-02056,p8-1x1,Purple,#5E43B7,29,2055,80.0,16.0,139.2,0,CONCEPT_NOT_FIT_VALIDATED
MON-C-02057,p8-2x1,Purple,#5E43B7,29,2056,-72.0,28.0,139.2,90,CONCEPT_NOT_FIT_VALIDATED
MON-C-02058,p8-1x1,Purple,#5E43B7,29,2057,64.0,40.0,139.2,0,CONCEPT_NOT_FIT_VALIDATED
MON-C-02059,p8-1x1,Purple,#5E43B7,29,2058,-56.0,48.0,139.2,0,CONCEPT_NOT_FIT_VALIDATED
MON-C-02060,p8-2x1,Purple,#5E43B7,29,2059,-44.0,48.0,139.2,0,CONCEPT_NOT_FIT_VALIDATED
MON-C-02061,p8-2x2,Purple,#5E43B7,29,2060,-28.0,52.0,139.2,0,CONCEPT_NOT_FIT_VALIDATED
MON-C-02062,p8-3x2,Purple,#5E43B7,29,2061,-12.0,56.0,139.2,90,CONCEPT_NOT_FIT_VALIDATED
MON-C-02063,p8-3x2,Purple,#5E43B7,29,2062,4.0,56.0,139.2,90,CONCEPT_NOT_FIT_VALIDATED
MON-C-02064,p8-3x2,Purple,#5E43B7,29,2063,20.0,56.0,139.2,90,CONCEPT_NOT_FIT_VALIDATED
MON-C-02065,p8-2x2,Purple,#5E43B7,29,2064,36.0,52.0,139.2,0,CONCEPT_NOT_FIT_VALIDATED
MON-C-02066,p8-2x1,Purple,#5E43B7,29,2065,52.0,48.0,139.2,0,CONCEPT_NOT_FIT_VALIDATED
MON-C-02067,p8-1x1,Purple,#5E43B7,29,2066,-40.0,56.0,139.2,0,CONCEPT_NOT_FIT_VALIDATED
MON-C-02068,p8-1x1,Purple,#5E43B7,29,2067,-24.0,64.0,139.2,0,CONCEPT_NOT_FIT_VALIDATED
MON-C-02070,p8-2x1,Hot pink,#F5547C,30,2068,-76.0,-8.0,144.0,0,CONCEPT_NOT_FIT_VALIDATED
MON-C-02071,p8-3x1,Purple,#5E43B7,30,2069,-72.0,0.0,144.0,0,CONCEPT_NOT_FIT_VALIDATED
MON-C-02072,p8-3x2,Purple,#5E43B7,30,2070,-72.0,12.0,144.0,0,CONCEPT_NOT_FIT_VALIDATED
MON-C-02073,p8-2x1,Purple,#5E43B7,30,2071,-68.0,24.0,144.0,0,CONCEPT_NOT_FIT_VALIDATED
MON-C-02074,p8-2x1,Purple,#5E43B7,30,2072,-64.0,-20.0,144.0,90,CONCEPT_NOT_FIT_VALIDATED
MON-C-02075,p8-1x1,Purple,#5E43B7,30,2073,-64.0,-8.0,144.0,0,CONCEPT_NOT_FIT_VALIDATED
MON-C-02076,p8-1x1,Purple,#5E43B7,30,2074,-64.0,32.0,144.0,0,CONCEPT_NOT_FIT_VALIDATED
MON-C-02077,p8-4x2,Purple,#5E43B7,30,2075,-44.0,-36.0,144.0,0,CONCEPT_NOT_FIT_VALIDATED
MON-C-02078,p8-4x2,Purple,#5E43B7,30,2076,-44.0,-20.0,144.0,0,CONCEPT_NOT_FIT_VALIDATED
MON-C-02079,p8-4x2,Purple,#5E43B7,30,2077,-44.0,-4.0,144.0,0,CONCEPT_NOT_FIT_VALIDATED
MON-C-02080,p8-4x2,Purple,#5E43B7,30,2078,-44.0,12.0,144.0,0,CONCEPT_NOT_FIT_VALIDATED
MON-C-02081,p8-4x2,Purple,#5E43B7,30,2079,-44.0,28.0,144.0,0,CONCEPT_NOT_FIT_VALIDATED
MON-C-02082,p8-4x1,Purple,#5E43B7,30,2080,-44.0,40.0,144.0,0,CONCEPT_NOT_FIT_VALIDATED
MON-C-02083,p8-3x1,Purple,#5E43B7,30,2081,-40.0,-48.0,144.0,0,CONCEPT_NOT_FIT_VALIDATED
MON-C-02084,p8-3x1,Purple,#5E43B7,30,2082,-40.0,48.0,144.0,0,CONCEPT_NOT_FIT_VALIDATED
MON-C-02085,p8-2x1,Purple,#5E43B7,30,2083,-36.0,-56.0,144.0,0,CONCEPT_NOT_FIT_VALIDATED
MON-C-02086,p8-1x1,Purple,#5E43B7,30,2084,-32.0,56.0,144.0,0,CONCEPT_NOT_FIT_VALIDATED
MON-C-02087,p8-4x2,Purple,#5E43B7,30,2085,-12.0,-52.0,144.0,0,CONCEPT_NOT_FIT_VALIDATED
MON-C-02088,p8-4x2,Purple,#5E43B7,30,2086,-12.0,-36.0,144.0,0,CONCEPT_NOT_FIT_VALIDATED
MON-C-02089,p8-4x2,Purple,#5E43B7,30,2087,-12.0,-20.0,144.0,0,CONCEPT_NOT_FIT_VALIDATED
MON-C-02090,p8-4x2,Purple,#5E43B7,30,2088,-12.0,-4.0,144.0,0,CONCEPT_NOT_FIT_VALIDATED
MON-C-02091,p8-4x2,Purple,#5E43B7,30,2089,-12.0,12.0,144.0,0,CONCEPT_NOT_FIT_VALIDATED
MON-C-02092,p8-4x2,Purple,#5E43B7,30,2090,-12.0,28.0,144.0,0,CONCEPT_NOT_FIT_VALIDATED
MON-C-02093,p8-4x2,Purple,#5E43B7,30,2091,-12.0,44.0,144.0,0,CONCEPT_NOT_FIT_VALIDATED
MON-C-02094,p8-4x1,Purple,#5E43B7,30,2092,-12.0,56.0,144.0,0,CONCEPT_NOT_FIT_VALIDATED
MON-C-02095,p8-3x1,Purple,#5E43B7,30,2093,-8.0,-64.0,144.0,0,CONCEPT_NOT_FIT_VALIDATED
MON-C-02096,p8-1x1,Purple,#5E43B7,30,2094,8.0,-64.0,144.0,0,CONCEPT_NOT_FIT_VALIDATED
MON-C-02097,p8-4x2,Purple,#5E43B7,30,2095,20.0,-52.0,144.0,0,CONCEPT_NOT_FIT_VALIDATED
MON-C-02098,p8-4x2,Purple,#5E43B7,30,2096,20.0,-36.0,144.0,0,CONCEPT_NOT_FIT_VALIDATED
MON-C-02099,p8-4x2,Purple,#5E43B7,30,2097,20.0,-20.0,144.0,0,CONCEPT_NOT_FIT_VALIDATED
MON-C-02100,p8-4x2,Purple,#5E43B7,30,2098,20.0,-4.0,144.0,0,CONCEPT_NOT_FIT_VALIDATED
MON-C-02101,p8-4x2,Purple,#5E43B7,30,2099,20.0,12.0,144.0,0,CONCEPT_NOT_FIT_VALIDATED
MON-C-02102,p8-4x2,Purple,#5E43B7,30,2100,20.0,28.0,144.0,0,CONCEPT_NOT_FIT_VALIDATED
MON-C-02103,p8-4x2,Purple,#5E43B7,30,2101,20.0,44.0,144.0,0,CONCEPT_NOT_FIT_VALIDATED
MON-C-02104,p8-4x1,Purple,#5E43B7,30,2102,20.0,56.0,144.0,0,CONCEPT_NOT_FIT_VALIDATED
MON-C-02105,p8-2x1,Purple,#5E43B7,30,2103,44.0,-48.0,144.0,0,CONCEPT_NOT_FIT_VALIDATED
MON-C-02106,p8-2x2,Purple,#5E43B7,30,2104,44.0,-36.0,144.0,0,CONCEPT_NOT_FIT_VALIDATED
MON-C-02107,p8-4x2,Purple,#5E43B7,30,2105,52.0,-20.0,144.0,0,CONCEPT_NOT_FIT_VALIDATED
MON-C-02108,p8-4x2,Purple,#5E43B7,30,2106,52.0,-4.0,144.0,0,CONCEPT_NOT_FIT_VALIDATED
MON-C-02109,p8-4x2,Purple,#5E43B7,30,2107,52.0,12.0,144.0,0,CONCEPT_NOT_FIT_VALIDATED
MON-C-02110,p8-4x2,Purple,#5E43B7,30,2108,52.0,28.0,144.0,0,CONCEPT_NOT_FIT_VALIDATED
MON-C-02111,p8-2x2,Purple,#5E43B7,30,2109,44.0,44.0,144.0,0,CONCEPT_NOT_FIT_VALIDATED
MON-C-02112,p8-1x1,Purple,#5E43B7,30,2110,56.0,-32.0,144.0,0,CONCEPT_NOT_FIT_VALIDATED
MON-C-02113,p8-1x1,Purple,#5E43B7,30,2111,56.0,40.0,144.0,0,CONCEPT_NOT_FIT_VALIDATED
MON-C-02114,p8-1x1,Hot pink,#F5547C,30,2112,72.0,-8.0,144.0,0,CONCEPT_NOT_FIT_VALIDATED
MON-C-02115,p8-2x1,Purple,#5E43B7,30,2113,76.0,0.0,144.0,0,CONCEPT_NOT_FIT_VALIDATED
MON-C-02116,p8-2x1,Purple,#5E43B7,30,2114,76.0,8.0,144.0,0,CONCEPT_NOT_FIT_VALIDATED
MON-C-02117,p8-1x1,Purple,#5E43B7,30,2115,72.0,16.0,144.0,0,CONCEPT_NOT_FIT_VALIDATED
MON-C-02118,p8-1x1,Purple,#5E43B7,30,2116,72.0,24.0,144.0,0,CONCEPT_NOT_FIT_VALIDATED
MON-C-02119,p8-1x1,Purple,#5E43B7,30,2117,80.0,-8.0,144.0,0,CONCEPT_NOT_FIT_VALIDATED
MON-C-02120,p8-4x2,Purple,#5E43B7,31,2118,-20.0,-44.0,148.8,90,CONCEPT_NOT_FIT_VALIDATED
MON-C-02121,p8-4x2,Purple,#5E43B7,31,2119,-4.0,-44.0,148.8,90,CONCEPT_NOT_FIT_VALIDATED
MON-C-02122,p8-4x2,Purple,#5E43B7,31,2120,12.0,-44.0,148.8,90,CONCEPT_NOT_FIT_VALIDATED
MON-C-02123,p8-4x1,Purple,#5E43B7,31,2121,24.0,-44.0,148.8,90,CONCEPT_NOT_FIT_VALIDATED
MON-C-02124,p8-3x2,Purple,#5E43B7,31,2122,-36.0,-40.0,148.8,90,CONCEPT_NOT_FIT_VALIDATED
MON-C-02125,p8-3x1,Purple,#5E43B7,31,2123,32.0,-40.0,148.8,90,CONCEPT_NOT_FIT_VALIDATED
MON-C-02126,p8-3x1,Purple,#5E43B7,31,2124,40.0,-40.0,148.8,90,CONCEPT_NOT_FIT_VALIDATED
MON-C-02127,p8-2x1,Purple,#5E43B7,31,2125,-48.0,-36.0,148.8,90,CONCEPT_NOT_FIT_VALIDATED
MON-C-02128,p8-2x1,Purple,#5E43B7,31,2126,48.0,-36.0,148.8,90,CONCEPT_NOT_FIT_VALIDATED
MON-C-02129,p8-1x1,Purple,#5E43B7,31,2127,-56.0,-32.0,148.8,0,CONCEPT_NOT_FIT_VALIDATED
MON-C-02130,p8-4x2,Purple,#5E43B7,31,2128,-52.0,-12.0,148.8,90,CONCEPT_NOT_FIT_VALIDATED
MON-C-02131,p8-4x2,Purple,#5E43B7,31,2129,-36.0,-12.0,148.8,90,CONCEPT_NOT_FIT_VALIDATED
MON-C-02132,p8-4x2,Purple,#5E43B7,31,2130,-20.0,-12.0,148.8,90,CONCEPT_NOT_FIT_VALIDATED
MON-C-02133,p8-4x2,Purple,#5E43B7,31,2131,-4.0,-12.0,148.8,90,CONCEPT_NOT_FIT_VALIDATED
MON-C-02134,p8-4x2,Purple,#5E43B7,31,2132,12.0,-12.0,148.8,90,CONCEPT_NOT_FIT_VALIDATED
MON-C-02135,p8-4x2,Purple,#5E43B7,31,2133,28.0,-12.0,148.8,90,CONCEPT_NOT_FIT_VALIDATED
MON-C-02136,p8-4x2,Purple,#5E43B7,31,2134,44.0,-12.0,148.8,90,CONCEPT_NOT_FIT_VALIDATED
MON-C-02137,p8-4x1,Purple,#5E43B7,31,2135,56.0,-12.0,148.8,90,CONCEPT_NOT_FIT_VALIDATED
MON-C-02138,p8-3x1,Purple,#5E43B7,31,2136,-64.0,-8.0,148.8,90,CONCEPT_NOT_FIT_VALIDATED
MON-C-02139,p8-3x1,Purple,#5E43B7,31,2137,64.0,-8.0,148.8,90,CONCEPT_NOT_FIT_VALIDATED
MON-C-02141,p8-1x1,Hot pink,#F5547C,31,2138,-80.0,-8.0,148.8,0,CONCEPT_NOT_FIT_VALIDATED
MON-C-02142,p8-1x1,Hot pink,#F5547C,31,2139,-72.0,-8.0,148.8,0,CONCEPT_NOT_FIT_VALIDATED
MON-C-02143,p8-2x1,Hot pink,#F5547C,31,2140,76.0,-8.0,148.8,0,CONCEPT_NOT_FIT_VALIDATED
MON-C-02144,p8-1x1,Purple,#5E43B7,31,2141,-80.0,0.0,148.8,0,CONCEPT_NOT_FIT_VALIDATED
MON-C-02145,p8-1x1,Purple,#5E43B7,31,2142,-72.0,0.0,148.8,0,CONCEPT_NOT_FIT_VALIDATED
MON-C-02146,p8-2x1,Purple,#5E43B7,31,2143,76.0,0.0,148.8,0,CONCEPT_NOT_FIT_VALIDATED
MON-C-02148,p8-2x1,Purple,#5E43B7,31,2144,-80.0,12.0,148.8,90,CONCEPT_NOT_FIT_VALIDATED
MON-C-02149,p8-3x2,Purple,#5E43B7,31,2145,-68.0,16.0,148.8,90,CONCEPT_NOT_FIT_VALIDATED
MON-C-02150,p8-4x2,Purple,#5E43B7,31,2146,-52.0,20.0,148.8,90,CONCEPT_NOT_FIT_VALIDATED
MON-C-02151,p8-4x2,Purple,#5E43B7,31,2147,-36.0,20.0,148.8,90,CONCEPT_NOT_FIT_VALIDATED
MON-C-02152,p8-4x2,Purple,#5E43B7,31,2148,-20.0,20.0,148.8,90,CONCEPT_NOT_FIT_VALIDATED
MON-C-02153,p8-4x2,Purple,#5E43B7,31,2149,-4.0,20.0,148.8,90,CONCEPT_NOT_FIT_VALIDATED
MON-C-02154,p8-4x2,Purple,#5E43B7,31,2150,12.0,20.0,148.8,90,CONCEPT_NOT_FIT_VALIDATED
MON-C-02155,p8-4x2,Purple,#5E43B7,31,2151,28.0,20.0,148.8,90,CONCEPT_NOT_FIT_VALIDATED
MON-C-02156,p8-4x2,Purple,#5E43B7,31,2152,44.0,20.0,148.8,90,CONCEPT_NOT_FIT_VALIDATED
MON-C-02157,p8-4x2,Purple,#5E43B7,31,2153,60.0,20.0,148.8,90,CONCEPT_NOT_FIT_VALIDATED
MON-C-02158,p8-2x2,Purple,#5E43B7,31,2154,76.0,12.0,148.8,0,CONCEPT_NOT_FIT_VALIDATED
MON-C-02159,p8-1x1,Purple,#5E43B7,31,2155,72.0,24.0,148.8,0,CONCEPT_NOT_FIT_VALIDATED
MON-C-02160,p8-1x1,Purple,#5E43B7,31,2156,-64.0,32.0,148.8,0,CONCEPT_NOT_FIT_VALIDATED
MON-C-02161,p8-2x1,Purple,#5E43B7,31,2157,-52.0,40.0,148.8,0,CONCEPT_NOT_FIT_VALIDATED
MON-C-02162,p8-2x2,Purple,#5E43B7,31,2158,-36.0,44.0,148.8,0,CONCEPT_NOT_FIT_VALIDATED
MON-C-02163,p8-2x2,Purple,#5E43B7,31,2159,-20.0,44.0,148.8,0,CONCEPT_NOT_FIT_VALIDATED
MON-C-02164,p8-3x2,Purple,#5E43B7,31,2160,-4.0,48.0,148.8,90,CONCEPT_NOT_FIT_VALIDATED
MON-C-02165,p8-3x2,Purple,#5E43B7,31,2161,12.0,48.0,148.8,90,CONCEPT_NOT_FIT_VALIDATED
MON-C-02166,p8-2x2,Purple,#5E43B7,31,2162,28.0,44.0,148.8,0,CONCEPT_NOT_FIT_VALIDATED
MON-C-02167,p8-2x1,Purple,#5E43B7,31,2163,40.0,44.0,148.8,90,CONCEPT_NOT_FIT_VALIDATED
MON-C-02168,p8-1x1,Purple,#5E43B7,31,2164,48.0,40.0,148.8,0,CONCEPT_NOT_FIT_VALIDATED
MON-C-02169,p8-1x1,Purple,#5E43B7,31,2165,56.0,40.0,148.8,0,CONCEPT_NOT_FIT_VALIDATED
MON-C-02170,p8-1x1,Purple,#5E43B7,31,2166,-16.0,56.0,148.8,0,CONCEPT_NOT_FIT_VALIDATED
MON-C-02172,p8-3x2,Purple,#5E43B7,32,2167,-80.0,4.0,153.6,0,CONCEPT_NOT_FIT_VALIDATED
MON-C-02140,p8-2x1,Purple,#5E43B7,31,2168,-88.0,-4.0,148.8,90,CONCEPT_NOT_FIT_VALIDATED
MON-C-02069,p8-2x1,Purple,#5E43B7,30,2169,-88.0,-4.0,144.0,90,CONCEPT_NOT_FIT_VALIDATED
MON-C-02040,p8-2x1,Purple,#5E43B7,29,2170,-88.0,-4.0,139.2,90,CONCEPT_NOT_FIT_VALIDATED
MON-C-02171,p8-1x1,Purple,#5E43B7,32,2171,-88.0,-8.0,153.6,0,CONCEPT_NOT_FIT_VALIDATED
MON-C-02173,p8-2x1,Hot pink,#F5547C,32,2172,-76.0,-8.0,153.6,0,CONCEPT_NOT_FIT_VALIDATED
MON-C-02174,p8-2x1,Purple,#5E43B7,32,2173,-76.0,16.0,153.6,0,CONCEPT_NOT_FIT_VALIDATED
MON-C-02175,p8-1x1,Purple,#5E43B7,32,2174,-72.0,24.0,153.6,0,CONCEPT_NOT_FIT_VALIDATED
MON-C-02176,p8-1x1,Hot pink,#F5547C,32,2175,-64.0,-16.0,153.6,0,CONCEPT_NOT_FIT_VALIDATED
MON-C-02177,p8-4x1,Purple,#5E43B7,32,2176,-52.0,-8.0,153.6,0,CONCEPT_NOT_FIT_VALIDATED
MON-C-02178,p8-4x2,Purple,#5E43B7,32,2177,-52.0,4.0,153.6,0,CONCEPT_NOT_FIT_VALIDATED
MON-C-02179,p8-4x2,Purple,#5E43B7,32,2178,-52.0,20.0,153.6,0,CONCEPT_NOT_FIT_VALIDATED
MON-C-02180,p8-3x1,Purple,#5E43B7,32,2179,-48.0,-16.0,153.6,0,CONCEPT_NOT_FIT_VALIDATED
MON-C-02181,p8-3x1,Purple,#5E43B7,32,2180,-48.0,32.0,153.6,0,CONCEPT_NOT_FIT_VALIDATED
MON-C-02182,p8-2x2,Purple,#5E43B7,32,2181,-44.0,-28.0,153.6,0,CONCEPT_NOT_FIT_VALIDATED
MON-C-02183,p8-1x1,Purple,#5E43B7,32,2182,-40.0,-40.0,153.6,0,CONCEPT_NOT_FIT_VALIDATED
MON-C-02184,p8-1x1,Purple,#5E43B7,32,2183,-40.0,40.0,153.6,0,CONCEPT_NOT_FIT_VALIDATED
MON-C-02185,p8-4x1,Purple,#5E43B7,32,2184,-20.0,-40.0,153.6,0,CONCEPT_NOT_FIT_VALIDATED
MON-C-02186,p8-4x2,Purple,#5E43B7,32,2185,-20.0,-28.0,153.6,0,CONCEPT_NOT_FIT_VALIDATED
MON-C-02187,p8-4x2,Purple,#5E43B7,32,2186,-20.0,-12.0,153.6,0,CONCEPT_NOT_FIT_VALIDATED
MON-C-02188,p8-4x2,Purple,#5E43B7,32,2187,-20.0,4.0,153.6,0,CONCEPT_NOT_FIT_VALIDATED
MON-C-02189,p8-4x2,Purple,#5E43B7,32,2188,-20.0,20.0,153.6,0,CONCEPT_NOT_FIT_VALIDATED
MON-C-02190,p8-4x2,Purple,#5E43B7,32,2189,-20.0,36.0,153.6,0,CONCEPT_NOT_FIT_VALIDATED
MON-C-02191,p8-3x1,Purple,#5E43B7,32,2190,-16.0,-48.0,153.6,0,CONCEPT_NOT_FIT_VALIDATED
MON-C-02192,p8-2x1,Purple,#5E43B7,32,2191,-12.0,48.0,153.6,0,CONCEPT_NOT_FIT_VALIDATED
MON-C-02193,p8-4x2,Purple,#5E43B7,32,2192,12.0,-44.0,153.6,0,CONCEPT_NOT_FIT_VALIDATED
MON-C-02194,p8-4x2,Purple,#5E43B7,32,2193,12.0,-28.0,153.6,0,CONCEPT_NOT_FIT_VALIDATED
MON-C-02195,p8-4x2,Purple,#5E43B7,32,2194,12.0,-12.0,153.6,0,CONCEPT_NOT_FIT_VALIDATED
MON-C-02196,p8-4x2,Purple,#5E43B7,32,2195,12.0,4.0,153.6,0,CONCEPT_NOT_FIT_VALIDATED
MON-C-02197,p8-4x2,Purple,#5E43B7,32,2196,12.0,20.0,153.6,0,CONCEPT_NOT_FIT_VALIDATED
MON-C-02198,p8-4x2,Purple,#5E43B7,32,2197,12.0,36.0,153.6,0,CONCEPT_NOT_FIT_VALIDATED
MON-C-02199,p8-4x1,Purple,#5E43B7,32,2198,12.0,48.0,153.6,0,CONCEPT_NOT_FIT_VALIDATED
MON-C-02200,p8-2x1,Purple,#5E43B7,32,2199,36.0,-40.0,153.6,0,CONCEPT_NOT_FIT_VALIDATED
MON-C-02201,p8-3x2,Purple,#5E43B7,32,2200,40.0,-28.0,153.6,0,CONCEPT_NOT_FIT_VALIDATED
MON-C-02202,p8-4x2,Purple,#5E43B7,32,2201,44.0,-12.0,153.6,0,CONCEPT_NOT_FIT_VALIDATED
MON-C-02203,p8-4x2,Purple,#5E43B7,32,2202,44.0,4.0,153.6,0,CONCEPT_NOT_FIT_VALIDATED
MON-C-02204,p8-4x2,Purple,#5E43B7,32,2203,44.0,20.0,153.6,0,CONCEPT_NOT_FIT_VALIDATED
MON-C-02205,p8-2x2,Purple,#5E43B7,32,2204,36.0,36.0,153.6,0,CONCEPT_NOT_FIT_VALIDATED
MON-C-02206,p8-2x1,Purple,#5E43B7,32,2205,52.0,32.0,153.6,0,CONCEPT_NOT_FIT_VALIDATED
MON-C-02207,p8-3x1,Hot pink,#F5547C,32,2206,72.0,-8.0,153.6,0,CONCEPT_NOT_FIT_VALIDATED
MON-C-02208,p8-3x2,Purple,#5E43B7,32,2207,72.0,4.0,153.6,0,CONCEPT_NOT_FIT_VALIDATED
MON-C-02209,p8-2x2,Purple,#5E43B7,32,2208,68.0,20.0,153.6,0,CONCEPT_NOT_FIT_VALIDATED
MON-C-02210,p8-1x1,Purple,#5E43B7,32,2209,80.0,16.0,153.6,0,CONCEPT_NOT_FIT_VALIDATED
MON-C-02212,p8-1x1,Purple,#5E43B7,33,2210,-24.0,-40.0,158.4,0,CONCEPT_NOT_FIT_VALIDATED
MON-C-02213,p8-2x1,Purple,#5E43B7,33,2211,-12.0,-40.0,158.4,0,CONCEPT_NOT_FIT_VALIDATED
MON-C-02214,p8-2x1,Purple,#5E43B7,33,2212,4.0,-40.0,158.4,0,CONCEPT_NOT_FIT_VALIDATED
MON-C-02215,p8-2x1,Purple,#5E43B7,33,2213,20.0,-40.0,158.4,0,CONCEPT_NOT_FIT_VALIDATED
MON-C-02216,p8-4x1,Purple,#5E43B7,33,2214,-40.0,-20.0,158.4,90,CONCEPT_NOT_FIT_VALIDATED
MON-C-02217,p8-4x2,Purple,#5E43B7,33,2215,-28.0,-20.0,158.4,90,CONCEPT_NOT_FIT_VALIDATED
MON-C-02218,p8-4x2,Purple,#5E43B7,33,2216,-12.0,-20.0,158.4,90,CONCEPT_NOT_FIT_VALIDATED
MON-C-02219,p8-4x2,Purple,#5E43B7,33,2217,4.0,-20.0,158.4,90,CONCEPT_NOT_FIT_VALIDATED
MON-C-02220,p8-4x2,Purple,#5E43B7,33,2218,20.0,-20.0,158.4,90,CONCEPT_NOT_FIT_VALIDATED
MON-C-02221,p8-4x1,Purple,#5E43B7,33,2219,32.0,-20.0,158.4,90,CONCEPT_NOT_FIT_VALIDATED
MON-C-02222,p8-3x1,Purple,#5E43B7,33,2220,-48.0,-16.0,158.4,90,CONCEPT_NOT_FIT_VALIDATED
MON-C-02223,p8-3x1,Purple,#5E43B7,33,2221,40.0,-16.0,158.4,90,CONCEPT_NOT_FIT_VALIDATED
MON-C-02224,p8-2x1,Hot pink,#F5547C,33,2222,-60.0,-16.0,158.4,0,CONCEPT_NOT_FIT_VALIDATED
MON-C-02225,p8-2x1,Hot pink,#F5547C,33,2223,52.0,-16.0,158.4,0,CONCEPT_NOT_FIT_VALIDATED
MON-C-02226,p8-1x1,Purple,#5E43B7,33,2224,-88.0,-8.0,158.4,0,CONCEPT_NOT_FIT_VALIDATED
MON-C-02227,p8-2x1,Hot pink,#F5547C,33,2225,-76.0,-8.0,158.4,0,CONCEPT_NOT_FIT_VALIDATED
MON-C-02228,p8-2x1,Purple,#5E43B7,33,2226,-60.0,-8.0,158.4,0,CONCEPT_NOT_FIT_VALIDATED
MON-C-02229,p8-2x1,Purple,#5E43B7,33,2227,52.0,-8.0,158.4,0,CONCEPT_NOT_FIT_VALIDATED
MON-C-02230,p8-2x1,Hot pink,#F5547C,33,2228,68.0,-8.0,158.4,0,CONCEPT_NOT_FIT_VALIDATED
MON-C-02231,p8-1x1,Hot pink,#F5547C,33,2229,80.0,-8.0,158.4,0,CONCEPT_NOT_FIT_VALIDATED
MON-C-02232,p8-2x1,Purple,#5E43B7,33,2230,-88.0,4.0,158.4,90,CONCEPT_NOT_FIT_VALIDATED
MON-C-02233,p8-3x2,Purple,#5E43B7,33,2231,-76.0,8.0,158.4,90,CONCEPT_NOT_FIT_VALIDATED
MON-C-02234,p8-4x2,Purple,#5E43B7,33,2232,-60.0,12.0,158.4,90,CONCEPT_NOT_FIT_VALIDATED
MON-C-02235,p8-4x2,Purple,#5E43B7,33,2233,-44.0,12.0,158.4,90,CONCEPT_NOT_FIT_VALIDATED
MON-C-02236,p8-4x2,Purple,#5E43B7,33,2234,-28.0,12.0,158.4,90,CONCEPT_NOT_FIT_VALIDATED
MON-C-02237,p8-4x2,Purple,#5E43B7,33,2235,-12.0,12.0,158.4,90,CONCEPT_NOT_FIT_VALIDATED
MON-C-02238,p8-4x2,Purple,#5E43B7,33,2236,4.0,12.0,158.4,90,CONCEPT_NOT_FIT_VALIDATED
MON-C-02239,p8-4x2,Purple,#5E43B7,33,2237,20.0,12.0,158.4,90,CONCEPT_NOT_FIT_VALIDATED
MON-C-02240,p8-4x2,Purple,#5E43B7,33,2238,36.0,12.0,158.4,90,CONCEPT_NOT_FIT_VALIDATED
MON-C-02241,p8-4x2,Purple,#5E43B7,33,2239,52.0,12.0,158.4,90,CONCEPT_NOT_FIT_VALIDATED
MON-C-02242,p8-3x2,Purple,#5E43B7,33,2240,68.0,8.0,158.4,90,CONCEPT_NOT_FIT_VALIDATED
MON-C-02243,p8-3x1,Purple,#5E43B7,33,2241,80.0,8.0,158.4,90,CONCEPT_NOT_FIT_VALIDATED
MON-C-02245,p8-1x1,Purple,#5E43B7,33,2242,64.0,24.0,158.4,0,CONCEPT_NOT_FIT_VALIDATED
MON-C-02246,p8-1x1,Purple,#5E43B7,33,2243,-40.0,32.0,158.4,0,CONCEPT_NOT_FIT_VALIDATED
MON-C-02247,p8-2x1,Purple,#5E43B7,33,2244,-28.0,32.0,158.4,0,CONCEPT_NOT_FIT_VALIDATED
MON-C-02248,p8-2x2,Purple,#5E43B7,33,2245,-12.0,36.0,158.4,0,CONCEPT_NOT_FIT_VALIDATED
MON-C-02249,p8-2x2,Purple,#5E43B7,33,2246,4.0,36.0,158.4,0,CONCEPT_NOT_FIT_VALIDATED
MON-C-02250,p8-2x2,Purple,#5E43B7,33,2247,20.0,36.0,158.4,0,CONCEPT_NOT_FIT_VALIDATED
MON-C-02251,p8-2x1,Purple,#5E43B7,33,2248,36.0,32.0,158.4,0,CONCEPT_NOT_FIT_VALIDATED
MON-C-02252,p8-1x1,Purple,#5E43B7,33,2249,48.0,32.0,158.4,0,CONCEPT_NOT_FIT_VALIDATED
MON-C-02253,p8-2x1,Purple,#5E43B7,34,2250,-88.0,-4.0,163.2,90,CONCEPT_NOT_FIT_VALIDATED
MON-C-02254,p8-2x1,Purple,#5E43B7,34,2251,-84.0,8.0,163.2,0,CONCEPT_NOT_FIT_VALIDATED
MON-C-02255,p8-1x1,Hot pink,#F5547C,34,2252,-80.0,-8.0,163.2,0,CONCEPT_NOT_FIT_VALIDATED
MON-C-02256,p8-1x1,Purple,#5E43B7,34,2253,-80.0,0.0,163.2,0,CONCEPT_NOT_FIT_VALIDATED
MON-C-02257,p8-1x1,Hot pink,#F5547C,34,2254,-72.0,-8.0,163.2,0,CONCEPT_NOT_FIT_VALIDATED
MON-C-02258,p8-4x1,Purple,#5E43B7,34,2255,-60.0,0.0,163.2,0,CONCEPT_NOT_FIT_VALIDATED
MON-C-02259,p8-4x2,Purple,#5E43B7,34,2256,-60.0,12.0,163.2,0,CONCEPT_NOT_FIT_VALIDATED
MON-C-02260,p8-2x1,Hot pink,#F5547C,34,2257,-60.0,-16.0,163.2,0,CONCEPT_NOT_FIT_VALIDATED
MON-C-02261,p8-3x1,Purple,#5E43B7,34,2258,-56.0,-8.0,163.2,0,CONCEPT_NOT_FIT_VALIDATED
MON-C-02262,p8-1x1,Purple,#5E43B7,34,2259,-56.0,24.0,163.2,0,CONCEPT_NOT_FIT_VALIDATED
MON-C-02263,p8-1x1,Purple,#5E43B7,34,2260,-48.0,-16.0,163.2,0,CONCEPT_NOT_FIT_VALIDATED
MON-C-02264,p8-4x1,Purple,#5E43B7,34,2261,-28.0,-16.0,163.2,0,CONCEPT_NOT_FIT_VALIDATED
MON-C-02265,p8-4x2,Purple,#5E43B7,34,2262,-28.0,-4.0,163.2,0,CONCEPT_NOT_FIT_VALIDATED
MON-C-02266,p8-4x2,Purple,#5E43B7,34,2263,-28.0,12.0,163.2,0,CONCEPT_NOT_FIT_VALIDATED
MON-C-02267,p8-3x1,Purple,#5E43B7,34,2264,-24.0,-24.0,163.2,0,CONCEPT_NOT_FIT_VALIDATED
MON-C-02268,p8-2x1,Purple,#5E43B7,34,2265,-20.0,24.0,163.2,0,CONCEPT_NOT_FIT_VALIDATED
MON-C-02269,p8-1x1,Purple,#5E43B7,34,2266,-16.0,-32.0,163.2,0,CONCEPT_NOT_FIT_VALIDATED
MON-C-02270,p8-4x1,Purple,#5E43B7,34,2267,4.0,-32.0,163.2,0,CONCEPT_NOT_FIT_VALIDATED
MON-C-02271,p8-4x2,Purple,#5E43B7,34,2268,4.0,-20.0,163.2,0,CONCEPT_NOT_FIT_VALIDATED
MON-C-02272,p8-4x2,Purple,#5E43B7,34,2269,4.0,-4.0,163.2,0,CONCEPT_NOT_FIT_VALIDATED
MON-C-02273,p8-4x2,Purple,#5E43B7,34,2270,4.0,12.0,163.2,0,CONCEPT_NOT_FIT_VALIDATED
MON-C-02274,p8-4x1,Purple,#5E43B7,34,2271,4.0,24.0,163.2,0,CONCEPT_NOT_FIT_VALIDATED
MON-C-02275,p8-1x1,Purple,#5E43B7,34,2272,24.0,-32.0,163.2,0,CONCEPT_NOT_FIT_VALIDATED
MON-C-02276,p8-2x2,Purple,#5E43B7,34,2273,28.0,-20.0,163.2,0,CONCEPT_NOT_FIT_VALIDATED
MON-C-02277,p8-4x2,Purple,#5E43B7,34,2274,36.0,-4.0,163.2,0,CONCEPT_NOT_FIT_VALIDATED
MON-C-02278,p8-4x2,Purple,#5E43B7,34,2275,36.0,12.0,163.2,0,CONCEPT_NOT_FIT_VALIDATED
MON-C-02279,p8-4x1,Purple,#5E43B7,34,2276,36.0,24.0,163.2,0,CONCEPT_NOT_FIT_VALIDATED
MON-C-02280,p8-1x1,Purple,#5E43B7,34,2277,40.0,-16.0,163.2,0,CONCEPT_NOT_FIT_VALIDATED
MON-C-02281,p8-1x1,Hot pink,#F5547C,34,2278,48.0,-16.0,163.2,0,CONCEPT_NOT_FIT_VALIDATED
MON-C-02282,p8-1x1,Hot pink,#F5547C,34,2279,56.0,-16.0,163.2,0,CONCEPT_NOT_FIT_VALIDATED
MON-C-02283,p8-2x1,Purple,#5E43B7,34,2280,56.0,-4.0,163.2,90,CONCEPT_NOT_FIT_VALIDATED
MON-C-02284,p8-3x2,Purple,#5E43B7,34,2281,64.0,12.0,163.2,0,CONCEPT_NOT_FIT_VALIDATED
MON-C-02285,p8-2x1,Purple,#5E43B7,34,2282,60.0,24.0,163.2,0,CONCEPT_NOT_FIT_VALIDATED
MON-C-02286,p8-3x1,Hot pink,#F5547C,34,2283,72.0,-8.0,163.2,0,CONCEPT_NOT_FIT_VALIDATED
MON-C-02287,p8-3x1,Purple,#5E43B7,34,2284,72.0,0.0,163.2,0,CONCEPT_NOT_FIT_VALIDATED
MON-C-02288,p8-1x1,Purple,#5E43B7,34,2285,80.0,8.0,163.2,0,CONCEPT_NOT_FIT_VALIDATED
MON-C-02290,p8-2x1,Hot pink,#F5547C,35,2286,-68.0,-16.0,168.0,0,CONCEPT_NOT_FIT_VALIDATED
MON-C-02291,p8-2x1,Purple,#5E43B7,35,2287,-52.0,-16.0,168.0,0,CONCEPT_NOT_FIT_VALIDATED
MON-C-02292,p8-1x1,Purple,#5E43B7,35,2288,48.0,-16.0,168.0,0,CONCEPT_NOT_FIT_VALIDATED
MON-C-02293,p8-1x1,Hot pink,#F5547C,35,2289,56.0,-16.0,168.0,0,CONCEPT_NOT_FIT_VALIDATED
MON-C-02294,p8-2x1,Purple,#5E43B7,35,2290,-88.0,-4.0,168.0,90,CONCEPT_NOT_FIT_VALIDATED
MON-C-02295,p8-1x1,Hot pink,#F5547C,35,2291,-80.0,-8.0,168.0,0,CONCEPT_NOT_FIT_VALIDATED
MON-C-02296,p8-4x2,Purple,#5E43B7,35,2292,-68.0,4.0,168.0,90,CONCEPT_NOT_FIT_VALIDATED
MON-C-02297,p8-3x2,Purple,#5E43B7,35,2293,-52.0,0.0,168.0,90,CONCEPT_NOT_FIT_VALIDATED
MON-C-02298,p8-3x2,Purple,#5E43B7,35,2294,44.0,0.0,168.0,90,CONCEPT_NOT_FIT_VALIDATED
MON-C-02299,p8-4x1,Purple,#5E43B7,35,2295,56.0,4.0,168.0,90,CONCEPT_NOT_FIT_VALIDATED
MON-C-02300,p8-1x1,Hot pink,#F5547C,35,2296,64.0,-8.0,168.0,0,CONCEPT_NOT_FIT_VALIDATED
MON-C-02301,p8-2x1,Hot pink,#F5547C,35,2297,76.0,-8.0,168.0,0,CONCEPT_NOT_FIT_VALIDATED
MON-C-02303,p8-2x1,Purple,#5E43B7,35,2298,-80.0,4.0,168.0,90,CONCEPT_NOT_FIT_VALIDATED
MON-C-02304,p8-3x1,Purple,#5E43B7,35,2299,64.0,8.0,168.0,90,CONCEPT_NOT_FIT_VALIDATED
MON-C-02305,p8-2x2,Purple,#5E43B7,35,2300,76.0,4.0,168.0,0,CONCEPT_NOT_FIT_VALIDATED
MON-C-02306,p8-1x1,Purple,#5E43B7,35,2301,-56.0,16.0,168.0,0,CONCEPT_NOT_FIT_VALIDATED
MON-C-02307,p8-1x1,Purple,#5E43B7,35,2302,48.0,16.0,168.0,0,CONCEPT_NOT_FIT_VALIDATED
MON-C-02308,p8-1x1,Purple,#5E43B7,35,2303,72.0,16.0,168.0,0,CONCEPT_NOT_FIT_VALIDATED
MON-C-02309,p8-1x1,Purple,#5E43B7,36,2304,-88.0,-8.0,172.8,0,CONCEPT_NOT_FIT_VALIDATED
MON-C-02310,p8-1x1,Purple,#5E43B7,36,2305,-88.0,0.0,172.8,0,CONCEPT_NOT_FIT_VALIDATED
MON-C-02311,p8-4x1,Purple,#5E43B7,36,2306,-68.0,-8.0,172.8,0,CONCEPT_NOT_FIT_VALIDATED
MON-C-02312,p8-4x2,Purple,#5E43B7,36,2307,-68.0,4.0,172.8,0,CONCEPT_NOT_FIT_VALIDATED
MON-C-02313,p8-1x1,Purple,#5E43B7,36,2308,-64.0,-16.0,172.8,0,CONCEPT_NOT_FIT_VALIDATED
MON-C-02314,p8-3x1,Purple,#5E43B7,36,2309,56.0,-8.0,172.8,0,CONCEPT_NOT_FIT_VALIDATED
MON-C-02315,p8-4x2,Purple,#5E43B7,36,2310,60.0,4.0,172.8,0,CONCEPT_NOT_FIT_VALIDATED
MON-C-02316,p8-1x1,Purple,#5E43B7,36,2311,64.0,16.0,172.8,0,CONCEPT_NOT_FIT_VALIDATED
MON-C-02317,p8-1x1,Hot pink,#F5547C,36,2312,72.0,-8.0,172.8,0,CONCEPT_NOT_FIT_VALIDATED
MON-C-02318,p8-1x1,Hot pink,#F5547C,36,2313,80.0,-8.0,172.8,0,CONCEPT_NOT_FIT_VALIDATED
MON-C-02319,p8-2x1,Purple,#5E43B7,36,2314,84.0,0.0,172.8,0,CONCEPT_NOT_FIT_VALIDATED
MON-C-02302,p8-2x1,Purple,#5E43B7,35,2315,88.0,-4.0,168.0,90,CONCEPT_NOT_FIT_VALIDATED
MON-C-02289,p8-2x1,Purple,#5E43B7,34,2316,88.0,-4.0,163.2,90,CONCEPT_NOT_FIT_VALIDATED
MON-C-02244,p8-1x1,Purple,#5E43B7,33,2317,88.0,0.0,158.4,0,CONCEPT_NOT_FIT_VALIDATED
MON-C-02211,p8-1x1,Purple,#5E43B7,32,2318,88.0,0.0,153.6,0,CONCEPT_NOT_FIT_VALIDATED
MON-C-02147,p8-1x1,Purple,#5E43B7,31,2319,88.0,0.0,148.8,0,CONCEPT_NOT_FIT_VALIDATED
MON-C-02320,p8-1x1,Purple,#5E43B7,36,2320,80.0,8.0,172.8,0,CONCEPT_NOT_FIT_VALIDATED
MON-C-02321,p8-1x1,Purple,#5E43B7,37,2321,-88.0,-8.0,177.6,0,CONCEPT_NOT_FIT_VALIDATED
MON-C-02322,p8-2x2,Purple,#5E43B7,37,2322,-76.0,-4.0,177.6,0,CONCEPT_NOT_FIT_VALIDATED
MON-C-02323,p8-2x2,Purple,#5E43B7,37,2323,68.0,-4.0,177.6,0,CONCEPT_NOT_FIT_VALIDATED
MON-C-02324,p8-2x1,Purple,#5E43B7,37,2324,80.0,-4.0,177.6,90,CONCEPT_NOT_FIT_VALIDATED
MON-C-02325,p8-1x1,Purple,#5E43B7,37,2325,72.0,8.0,177.6,0,CONCEPT_NOT_FIT_VALIDATED
