ISO-10303-21;
HEADER;
FILE_DESCRIPTION(('FreeCAD Model'),'2;1');
FILE_NAME('Open CASCADE Shape Model','2026-09-20T21:09:06',('FreeCAD'),(
    'FreeCAD'),'Open CASCADE STEP processor 7.8','FreeCAD','Unknown');
FILE_SCHEMA(('AUTOMOTIVE_DESIGN { 1 0 10303 214 1 1 1 1 }'));
ENDSEC;
DATA;
#1 = APPLICATION_PROTOCOL_DEFINITION('international standard',
  'automotive_design',2000,#2);
#2 = APPLICATION_CONTEXT(
  'core data for automotive mechanical design processes');
#3 = SHAPE_DEFINITION_REPRESENTATION(#4,#10);
#4 = PRODUCT_DEFINITION_SHAPE('','',#5);
#5 = PRODUCT_DEFINITION('design','',#6,#9);
#6 = PRODUCT_DEFINITION_FORMATION('','',#7);
#7 = PRODUCT('Open CASCADE STEP translator 7.8 16',
  'Open CASCADE STEP translator 7.8 16','',(#8));
#8 = PRODUCT_CONTEXT('',#2,'mechanical');
#9 = PRODUCT_DEFINITION_CONTEXT('part definition',#2,'design');
#10 = ADVANCED_BREP_SHAPE_REPRESENTATION('',(#11,#15),#5704);
#11 = AXIS2_PLACEMENT_3D('',#12,#13,#14);
#12 = CARTESIAN_POINT('',(0.,0.,0.));
#13 = DIRECTION('',(0.,0.,1.));
#14 = DIRECTION('',(1.,0.,-0.));
#15 = MANIFOLD_SOLID_BREP('',#16);
#16 = CLOSED_SHELL('',(#17,#50,#258,#283,#314,#338,#362,#379,#404,#429,
    #454,#479,#504,#529,#554,#579,#604,#629,#654,#679,#704,#729,#754,
    #763,#809,#834,#859,#884,#909,#934,#959,#984,#1009,#1034,#1059,#1084
    ,#1109,#1134,#1159,#1184,#1213,#1236,#1259,#1276,#1285,#1294,#1303,
    #1312,#1321,#1330,#1339,#1348,#1357,#1366,#1375,#1384,#1393,#1402,
    #1411,#1538,#1658,#1778,#1891,#1924,#1948,#1973,#1997,#2039,#2063,
    #2088,#2112,#2154,#2178,#2203,#2227,#2253,#2277,#2311,#2335,#2377,
    #2401,#2435,#2459,#2501,#2525,#2559,#2583,#2609,#2633,#2658,#2682,
    #2724,#2748,#2773,#2797,#2839,#2863,#2888,#2912,#2938,#2962,#2987,
    #3011,#3053,#3077,#3102,#3126,#3168,#3192,#3217,#3234,#3325,#3454,
    #3471,#3570,#3587,#3611,#3725,#3749,#3833,#3857,#3979,#4003,#4095,
    #4224,#4241,#4258,#4283,#4301,#4318,#4359,#4376,#4388,#4413,#4431,
    #4448,#4489,#4513,#4538,#4555,#4580,#4597,#4609,#4634,#4658,#4692,
    #4716,#4755,#4772,#4784,#4809,#4826,#4839,#4864,#4888,#4913,#4937,
    #4976,#4993,#5006,#5031,#5048,#5060,#5085,#5118,#5135,#5152,#5172,
    #5213,#5233,#5253,#5273,#5293,#5313,#5333,#5353,#5378,#5403,#5428,
    #5453,#5478,#5503,#5528,#5553,#5578,#5587,#5607,#5616,#5625,#5634,
    #5643,#5652,#5661,#5670,#5695));
#17 = ADVANCED_FACE('',(#18),#45,.T.);
#18 = FACE_BOUND('',#19,.F.);
#19 = EDGE_LOOP('',(#20,#30,#37,#38));
#20 = ORIENTED_EDGE('',*,*,#21,.T.);
#21 = EDGE_CURVE('',#22,#24,#26,.T.);
#22 = VERTEX_POINT('',#23);
#23 = CARTESIAN_POINT('',(-9.6,-12.,9.6));
#24 = VERTEX_POINT('',#25);
#25 = CARTESIAN_POINT('',(-9.6,-12.,11.15));
#26 = LINE('',#27,#28);
#27 = CARTESIAN_POINT('',(-9.6,-12.,9.6));
#28 = VECTOR('',#29,1.);
#29 = DIRECTION('',(0.,0.,1.));
#30 = ORIENTED_EDGE('',*,*,#31,.T.);
#31 = EDGE_CURVE('',#24,#24,#32,.T.);
#32 = CIRCLE('',#33,2.4);
#33 = AXIS2_PLACEMENT_3D('',#34,#35,#36);
#34 = CARTESIAN_POINT('',(-12.,-12.,11.15));
#35 = DIRECTION('',(0.,0.,1.));
#36 = DIRECTION('',(1.,0.,0.));
#37 = ORIENTED_EDGE('',*,*,#21,.F.);
#38 = ORIENTED_EDGE('',*,*,#39,.F.);
#39 = EDGE_CURVE('',#22,#22,#40,.T.);
#40 = CIRCLE('',#41,2.4);
#41 = AXIS2_PLACEMENT_3D('',#42,#43,#44);
#42 = CARTESIAN_POINT('',(-12.,-12.,9.6));
#43 = DIRECTION('',(0.,0.,1.));
#44 = DIRECTION('',(1.,0.,0.));
#45 = CYLINDRICAL_SURFACE('',#46,2.4);
#46 = AXIS2_PLACEMENT_3D('',#47,#48,#49);
#47 = CARTESIAN_POINT('',(-12.,-12.,9.6));
#48 = DIRECTION('',(-0.,-0.,-1.));
#49 = DIRECTION('',(1.,0.,0.));
#50 = ADVANCED_FACE('',(#51,#85,#88,#99,#110,#121,#132,#143,#154,#165,
    #176,#187,#198,#209,#220,#231,#242),#253,.T.);
#51 = FACE_BOUND('',#52,.T.);
#52 = EDGE_LOOP('',(#53,#63,#71,#79));
#53 = ORIENTED_EDGE('',*,*,#54,.F.);
#54 = EDGE_CURVE('',#55,#57,#59,.T.);
#55 = VERTEX_POINT('',#56);
#56 = CARTESIAN_POINT('',(-15.9,-15.9,9.6));
#57 = VERTEX_POINT('',#58);
#58 = CARTESIAN_POINT('',(-15.9,15.9,9.6));
#59 = LINE('',#60,#61);
#60 = CARTESIAN_POINT('',(-15.9,-15.9,9.6));
#61 = VECTOR('',#62,1.);
#62 = DIRECTION('',(0.,1.,0.));
#63 = ORIENTED_EDGE('',*,*,#64,.T.);
#64 = EDGE_CURVE('',#55,#65,#67,.T.);
#65 = VERTEX_POINT('',#66);
#66 = CARTESIAN_POINT('',(15.9,-15.9,9.6));
#67 = LINE('',#68,#69);
#68 = CARTESIAN_POINT('',(-15.9,-15.9,9.6));
#69 = VECTOR('',#70,1.);
#70 = DIRECTION('',(1.,0.,0.));
#71 = ORIENTED_EDGE('',*,*,#72,.T.);
#72 = EDGE_CURVE('',#65,#73,#75,.T.);
#73 = VERTEX_POINT('',#74);
#74 = CARTESIAN_POINT('',(15.9,15.9,9.6));
#75 = LINE('',#76,#77);
#76 = CARTESIAN_POINT('',(15.9,-15.9,9.6));
#77 = VECTOR('',#78,1.);
#78 = DIRECTION('',(0.,1.,0.));
#79 = ORIENTED_EDGE('',*,*,#80,.F.);
#80 = EDGE_CURVE('',#57,#73,#81,.T.);
#81 = LINE('',#82,#83);
#82 = CARTESIAN_POINT('',(-15.9,15.9,9.6));
#83 = VECTOR('',#84,1.);
#84 = DIRECTION('',(1.,0.,0.));
#85 = FACE_BOUND('',#86,.T.);
#86 = EDGE_LOOP('',(#87));
#87 = ORIENTED_EDGE('',*,*,#39,.F.);
#88 = FACE_BOUND('',#89,.T.);
#89 = EDGE_LOOP('',(#90));
#90 = ORIENTED_EDGE('',*,*,#91,.F.);
#91 = EDGE_CURVE('',#92,#92,#94,.T.);
#92 = VERTEX_POINT('',#93);
#93 = CARTESIAN_POINT('',(-1.6,-12.,9.6));
#94 = CIRCLE('',#95,2.4);
#95 = AXIS2_PLACEMENT_3D('',#96,#97,#98);
#96 = CARTESIAN_POINT('',(-4.,-12.,9.6));
#97 = DIRECTION('',(0.,0.,1.));
#98 = DIRECTION('',(1.,0.,0.));
#99 = FACE_BOUND('',#100,.T.);
#100 = EDGE_LOOP('',(#101));
#101 = ORIENTED_EDGE('',*,*,#102,.F.);
#102 = EDGE_CURVE('',#103,#103,#105,.T.);
#103 = VERTEX_POINT('',#104);
#104 = CARTESIAN_POINT('',(-9.6,-4.,9.6));
#105 = CIRCLE('',#106,2.4);
#106 = AXIS2_PLACEMENT_3D('',#107,#108,#109);
#107 = CARTESIAN_POINT('',(-12.,-4.,9.6));
#108 = DIRECTION('',(0.,0.,1.));
#109 = DIRECTION('',(1.,0.,0.));
#110 = FACE_BOUND('',#111,.T.);
#111 = EDGE_LOOP('',(#112));
#112 = ORIENTED_EDGE('',*,*,#113,.F.);
#113 = EDGE_CURVE('',#114,#114,#116,.T.);
#114 = VERTEX_POINT('',#115);
#115 = CARTESIAN_POINT('',(-1.6,-4.,9.6));
#116 = CIRCLE('',#117,2.4);
#117 = AXIS2_PLACEMENT_3D('',#118,#119,#120);
#118 = CARTESIAN_POINT('',(-4.,-4.,9.6));
#119 = DIRECTION('',(0.,0.,1.));
#120 = DIRECTION('',(1.,0.,0.));
#121 = FACE_BOUND('',#122,.T.);
#122 = EDGE_LOOP('',(#123));
#123 = ORIENTED_EDGE('',*,*,#124,.F.);
#124 = EDGE_CURVE('',#125,#125,#127,.T.);
#125 = VERTEX_POINT('',#126);
#126 = CARTESIAN_POINT('',(6.4,-12.,9.6));
#127 = CIRCLE('',#128,2.4);
#128 = AXIS2_PLACEMENT_3D('',#129,#130,#131);
#129 = CARTESIAN_POINT('',(4.,-12.,9.6));
#130 = DIRECTION('',(0.,0.,1.));
#131 = DIRECTION('',(1.,0.,0.));
#132 = FACE_BOUND('',#133,.T.);
#133 = EDGE_LOOP('',(#134));
#134 = ORIENTED_EDGE('',*,*,#135,.F.);
#135 = EDGE_CURVE('',#136,#136,#138,.T.);
#136 = VERTEX_POINT('',#137);
#137 = CARTESIAN_POINT('',(14.4,-12.,9.6));
#138 = CIRCLE('',#139,2.4);
#139 = AXIS2_PLACEMENT_3D('',#140,#141,#142);
#140 = CARTESIAN_POINT('',(12.,-12.,9.6));
#141 = DIRECTION('',(0.,0.,1.));
#142 = DIRECTION('',(1.,0.,0.));
#143 = FACE_BOUND('',#144,.T.);
#144 = EDGE_LOOP('',(#145));
#145 = ORIENTED_EDGE('',*,*,#146,.F.);
#146 = EDGE_CURVE('',#147,#147,#149,.T.);
#147 = VERTEX_POINT('',#148);
#148 = CARTESIAN_POINT('',(6.4,-4.,9.6));
#149 = CIRCLE('',#150,2.4);
#150 = AXIS2_PLACEMENT_3D('',#151,#152,#153);
#151 = CARTESIAN_POINT('',(4.,-4.,9.6));
#152 = DIRECTION('',(0.,0.,1.));
#153 = DIRECTION('',(1.,0.,0.));
#154 = FACE_BOUND('',#155,.T.);
#155 = EDGE_LOOP('',(#156));
#156 = ORIENTED_EDGE('',*,*,#157,.F.);
#157 = EDGE_CURVE('',#158,#158,#160,.T.);
#158 = VERTEX_POINT('',#159);
#159 = CARTESIAN_POINT('',(14.4,-4.,9.6));
#160 = CIRCLE('',#161,2.4);
#161 = AXIS2_PLACEMENT_3D('',#162,#163,#164);
#162 = CARTESIAN_POINT('',(12.,-4.,9.6));
#163 = DIRECTION('',(0.,0.,1.));
#164 = DIRECTION('',(1.,0.,0.));
#165 = FACE_BOUND('',#166,.T.);
#166 = EDGE_LOOP('',(#167));
#167 = ORIENTED_EDGE('',*,*,#168,.F.);
#168 = EDGE_CURVE('',#169,#169,#171,.T.);
#169 = VERTEX_POINT('',#170);
#170 = CARTESIAN_POINT('',(-9.6,4.,9.6));
#171 = CIRCLE('',#172,2.4);
#172 = AXIS2_PLACEMENT_3D('',#173,#174,#175);
#173 = CARTESIAN_POINT('',(-12.,4.,9.6));
#174 = DIRECTION('',(0.,0.,1.));
#175 = DIRECTION('',(1.,0.,0.));
#176 = FACE_BOUND('',#177,.T.);
#177 = EDGE_LOOP('',(#178));
#178 = ORIENTED_EDGE('',*,*,#179,.F.);
#179 = EDGE_CURVE('',#180,#180,#182,.T.);
#180 = VERTEX_POINT('',#181);
#181 = CARTESIAN_POINT('',(-1.6,4.,9.6));
#182 = CIRCLE('',#183,2.4);
#183 = AXIS2_PLACEMENT_3D('',#184,#185,#186);
#184 = CARTESIAN_POINT('',(-4.,4.,9.6));
#185 = DIRECTION('',(0.,0.,1.));
#186 = DIRECTION('',(1.,0.,0.));
#187 = FACE_BOUND('',#188,.T.);
#188 = EDGE_LOOP('',(#189));
#189 = ORIENTED_EDGE('',*,*,#190,.F.);
#190 = EDGE_CURVE('',#191,#191,#193,.T.);
#191 = VERTEX_POINT('',#192);
#192 = CARTESIAN_POINT('',(-9.6,12.,9.6));
#193 = CIRCLE('',#194,2.4);
#194 = AXIS2_PLACEMENT_3D('',#195,#196,#197);
#195 = CARTESIAN_POINT('',(-12.,12.,9.6));
#196 = DIRECTION('',(0.,0.,1.));
#197 = DIRECTION('',(1.,0.,0.));
#198 = FACE_BOUND('',#199,.T.);
#199 = EDGE_LOOP('',(#200));
#200 = ORIENTED_EDGE('',*,*,#201,.F.);
#201 = EDGE_CURVE('',#202,#202,#204,.T.);
#202 = VERTEX_POINT('',#203);
#203 = CARTESIAN_POINT('',(-1.6,12.,9.6));
#204 = CIRCLE('',#205,2.4);
#205 = AXIS2_PLACEMENT_3D('',#206,#207,#208);
#206 = CARTESIAN_POINT('',(-4.,12.,9.6));
#207 = DIRECTION('',(0.,0.,1.));
#208 = DIRECTION('',(1.,0.,0.));
#209 = FACE_BOUND('',#210,.T.);
#210 = EDGE_LOOP('',(#211));
#211 = ORIENTED_EDGE('',*,*,#212,.F.);
#212 = EDGE_CURVE('',#213,#213,#215,.T.);
#213 = VERTEX_POINT('',#214);
#214 = CARTESIAN_POINT('',(6.4,4.,9.6));
#215 = CIRCLE('',#216,2.4);
#216 = AXIS2_PLACEMENT_3D('',#217,#218,#219);
#217 = CARTESIAN_POINT('',(4.,4.,9.6));
#218 = DIRECTION('',(0.,0.,1.));
#219 = DIRECTION('',(1.,0.,0.));
#220 = FACE_BOUND('',#221,.T.);
#221 = EDGE_LOOP('',(#222));
#222 = ORIENTED_EDGE('',*,*,#223,.F.);
#223 = EDGE_CURVE('',#224,#224,#226,.T.);
#224 = VERTEX_POINT('',#225);
#225 = CARTESIAN_POINT('',(14.4,4.,9.6));
#226 = CIRCLE('',#227,2.4);
#227 = AXIS2_PLACEMENT_3D('',#228,#229,#230);
#228 = CARTESIAN_POINT('',(12.,4.,9.6));
#229 = DIRECTION('',(0.,0.,1.));
#230 = DIRECTION('',(1.,0.,0.));
#231 = FACE_BOUND('',#232,.T.);
#232 = EDGE_LOOP('',(#233));
#233 = ORIENTED_EDGE('',*,*,#234,.F.);
#234 = EDGE_CURVE('',#235,#235,#237,.T.);
#235 = VERTEX_POINT('',#236);
#236 = CARTESIAN_POINT('',(6.4,12.,9.6));
#237 = CIRCLE('',#238,2.4);
#238 = AXIS2_PLACEMENT_3D('',#239,#240,#241);
#239 = CARTESIAN_POINT('',(4.,12.,9.6));
#240 = DIRECTION('',(0.,0.,1.));
#241 = DIRECTION('',(1.,0.,0.));
#242 = FACE_BOUND('',#243,.T.);
#243 = EDGE_LOOP('',(#244));
#244 = ORIENTED_EDGE('',*,*,#245,.F.);
#245 = EDGE_CURVE('',#246,#246,#248,.T.);
#246 = VERTEX_POINT('',#247);
#247 = CARTESIAN_POINT('',(14.4,12.,9.6));
#248 = CIRCLE('',#249,2.4);
#249 = AXIS2_PLACEMENT_3D('',#250,#251,#252);
#250 = CARTESIAN_POINT('',(12.,12.,9.6));
#251 = DIRECTION('',(0.,0.,1.));
#252 = DIRECTION('',(1.,0.,0.));
#253 = PLANE('',#254);
#254 = AXIS2_PLACEMENT_3D('',#255,#256,#257);
#255 = CARTESIAN_POINT('',(-15.9,-15.9,9.6));
#256 = DIRECTION('',(0.,0.,1.));
#257 = DIRECTION('',(1.,0.,0.));
#258 = ADVANCED_FACE('',(#259),#278,.T.);
#259 = FACE_BOUND('',#260,.T.);
#260 = EDGE_LOOP('',(#261,#270,#276,#277));
#261 = ORIENTED_EDGE('',*,*,#262,.F.);
#262 = EDGE_CURVE('',#263,#263,#265,.T.);
#263 = VERTEX_POINT('',#264);
#264 = CARTESIAN_POINT('',(-9.85,-12.,11.4));
#265 = CIRCLE('',#266,2.15);
#266 = AXIS2_PLACEMENT_3D('',#267,#268,#269);
#267 = CARTESIAN_POINT('',(-12.,-12.,11.4));
#268 = DIRECTION('',(0.,0.,1.));
#269 = DIRECTION('',(1.,0.,0.));
#270 = ORIENTED_EDGE('',*,*,#271,.F.);
#271 = EDGE_CURVE('',#24,#263,#272,.T.);
#272 = LINE('',#273,#274);
#273 = CARTESIAN_POINT('',(-9.6,-12.,11.15));
#274 = VECTOR('',#275,1.);
#275 = DIRECTION('',(-0.707106781187,1.731912112471E-16,0.707106781187)
  );
#276 = ORIENTED_EDGE('',*,*,#31,.T.);
#277 = ORIENTED_EDGE('',*,*,#271,.T.);
#278 = CONICAL_SURFACE('',#279,2.4,0.785398163397);
#279 = AXIS2_PLACEMENT_3D('',#280,#281,#282);
#280 = CARTESIAN_POINT('',(-12.,-12.,11.15));
#281 = DIRECTION('',(-0.,-0.,-1.));
#282 = DIRECTION('',(1.,0.,0.));
#283 = ADVANCED_FACE('',(#284),#309,.F.);
#284 = FACE_BOUND('',#285,.F.);
#285 = EDGE_LOOP('',(#286,#294,#302,#308));
#286 = ORIENTED_EDGE('',*,*,#287,.F.);
#287 = EDGE_CURVE('',#288,#55,#290,.T.);
#288 = VERTEX_POINT('',#289);
#289 = CARTESIAN_POINT('',(-15.9,-15.9,0.));
#290 = LINE('',#291,#292);
#291 = CARTESIAN_POINT('',(-15.9,-15.9,0.));
#292 = VECTOR('',#293,1.);
#293 = DIRECTION('',(0.,0.,1.));
#294 = ORIENTED_EDGE('',*,*,#295,.T.);
#295 = EDGE_CURVE('',#288,#296,#298,.T.);
#296 = VERTEX_POINT('',#297);
#297 = CARTESIAN_POINT('',(-15.9,15.9,0.));
#298 = LINE('',#299,#300);
#299 = CARTESIAN_POINT('',(-15.9,-15.9,0.));
#300 = VECTOR('',#301,1.);
#301 = DIRECTION('',(0.,1.,0.));
#302 = ORIENTED_EDGE('',*,*,#303,.T.);
#303 = EDGE_CURVE('',#296,#57,#304,.T.);
#304 = LINE('',#305,#306);
#305 = CARTESIAN_POINT('',(-15.9,15.9,0.));
#306 = VECTOR('',#307,1.);
#307 = DIRECTION('',(0.,0.,1.));
#308 = ORIENTED_EDGE('',*,*,#54,.F.);
#309 = PLANE('',#310);
#310 = AXIS2_PLACEMENT_3D('',#311,#312,#313);
#311 = CARTESIAN_POINT('',(-15.9,-15.9,0.));
#312 = DIRECTION('',(1.,0.,0.));
#313 = DIRECTION('',(0.,0.,1.));
#314 = ADVANCED_FACE('',(#315),#333,.T.);
#315 = FACE_BOUND('',#316,.T.);
#316 = EDGE_LOOP('',(#317,#325,#326,#327));
#317 = ORIENTED_EDGE('',*,*,#318,.F.);
#318 = EDGE_CURVE('',#296,#319,#321,.T.);
#319 = VERTEX_POINT('',#320);
#320 = CARTESIAN_POINT('',(15.9,15.9,0.));
#321 = LINE('',#322,#323);
#322 = CARTESIAN_POINT('',(-15.9,15.9,0.));
#323 = VECTOR('',#324,1.);
#324 = DIRECTION('',(1.,0.,0.));
#325 = ORIENTED_EDGE('',*,*,#303,.T.);
#326 = ORIENTED_EDGE('',*,*,#80,.T.);
#327 = ORIENTED_EDGE('',*,*,#328,.F.);
#328 = EDGE_CURVE('',#319,#73,#329,.T.);
#329 = LINE('',#330,#331);
#330 = CARTESIAN_POINT('',(15.9,15.9,0.));
#331 = VECTOR('',#332,1.);
#332 = DIRECTION('',(0.,0.,1.));
#333 = PLANE('',#334);
#334 = AXIS2_PLACEMENT_3D('',#335,#336,#337);
#335 = CARTESIAN_POINT('',(-15.9,15.9,0.));
#336 = DIRECTION('',(0.,1.,0.));
#337 = DIRECTION('',(0.,0.,1.));
#338 = ADVANCED_FACE('',(#339),#357,.F.);
#339 = FACE_BOUND('',#340,.F.);
#340 = EDGE_LOOP('',(#341,#349,#350,#351));
#341 = ORIENTED_EDGE('',*,*,#342,.F.);
#342 = EDGE_CURVE('',#288,#343,#345,.T.);
#343 = VERTEX_POINT('',#344);
#344 = CARTESIAN_POINT('',(15.9,-15.9,0.));
#345 = LINE('',#346,#347);
#346 = CARTESIAN_POINT('',(-15.9,-15.9,0.));
#347 = VECTOR('',#348,1.);
#348 = DIRECTION('',(1.,0.,0.));
#349 = ORIENTED_EDGE('',*,*,#287,.T.);
#350 = ORIENTED_EDGE('',*,*,#64,.T.);
#351 = ORIENTED_EDGE('',*,*,#352,.F.);
#352 = EDGE_CURVE('',#343,#65,#353,.T.);
#353 = LINE('',#354,#355);
#354 = CARTESIAN_POINT('',(15.9,-15.9,0.));
#355 = VECTOR('',#356,1.);
#356 = DIRECTION('',(0.,0.,1.));
#357 = PLANE('',#358);
#358 = AXIS2_PLACEMENT_3D('',#359,#360,#361);
#359 = CARTESIAN_POINT('',(-15.9,-15.9,0.));
#360 = DIRECTION('',(0.,1.,0.));
#361 = DIRECTION('',(0.,0.,1.));
#362 = ADVANCED_FACE('',(#363),#374,.T.);
#363 = FACE_BOUND('',#364,.T.);
#364 = EDGE_LOOP('',(#365,#366,#372,#373));
#365 = ORIENTED_EDGE('',*,*,#352,.F.);
#366 = ORIENTED_EDGE('',*,*,#367,.T.);
#367 = EDGE_CURVE('',#343,#319,#368,.T.);
#368 = LINE('',#369,#370);
#369 = CARTESIAN_POINT('',(15.9,-15.9,0.));
#370 = VECTOR('',#371,1.);
#371 = DIRECTION('',(0.,1.,0.));
#372 = ORIENTED_EDGE('',*,*,#328,.T.);
#373 = ORIENTED_EDGE('',*,*,#72,.F.);
#374 = PLANE('',#375);
#375 = AXIS2_PLACEMENT_3D('',#376,#377,#378);
#376 = CARTESIAN_POINT('',(15.9,-15.9,0.));
#377 = DIRECTION('',(1.,0.,0.));
#378 = DIRECTION('',(0.,0.,1.));
#379 = ADVANCED_FACE('',(#380),#399,.T.);
#380 = FACE_BOUND('',#381,.F.);
#381 = EDGE_LOOP('',(#382,#390,#397,#398));
#382 = ORIENTED_EDGE('',*,*,#383,.T.);
#383 = EDGE_CURVE('',#92,#384,#386,.T.);
#384 = VERTEX_POINT('',#385);
#385 = CARTESIAN_POINT('',(-1.6,-12.,11.15));
#386 = LINE('',#387,#388);
#387 = CARTESIAN_POINT('',(-1.6,-12.,9.6));
#388 = VECTOR('',#389,1.);
#389 = DIRECTION('',(0.,0.,1.));
#390 = ORIENTED_EDGE('',*,*,#391,.T.);
#391 = EDGE_CURVE('',#384,#384,#392,.T.);
#392 = CIRCLE('',#393,2.4);
#393 = AXIS2_PLACEMENT_3D('',#394,#395,#396);
#394 = CARTESIAN_POINT('',(-4.,-12.,11.15));
#395 = DIRECTION('',(0.,0.,1.));
#396 = DIRECTION('',(1.,0.,0.));
#397 = ORIENTED_EDGE('',*,*,#383,.F.);
#398 = ORIENTED_EDGE('',*,*,#91,.F.);
#399 = CYLINDRICAL_SURFACE('',#400,2.4);
#400 = AXIS2_PLACEMENT_3D('',#401,#402,#403);
#401 = CARTESIAN_POINT('',(-4.,-12.,9.6));
#402 = DIRECTION('',(-0.,-0.,-1.));
#403 = DIRECTION('',(1.,0.,0.));
#404 = ADVANCED_FACE('',(#405),#424,.T.);
#405 = FACE_BOUND('',#406,.F.);
#406 = EDGE_LOOP('',(#407,#415,#422,#423));
#407 = ORIENTED_EDGE('',*,*,#408,.T.);
#408 = EDGE_CURVE('',#103,#409,#411,.T.);
#409 = VERTEX_POINT('',#410);
#410 = CARTESIAN_POINT('',(-9.6,-4.,11.15));
#411 = LINE('',#412,#413);
#412 = CARTESIAN_POINT('',(-9.6,-4.,9.6));
#413 = VECTOR('',#414,1.);
#414 = DIRECTION('',(0.,0.,1.));
#415 = ORIENTED_EDGE('',*,*,#416,.T.);
#416 = EDGE_CURVE('',#409,#409,#417,.T.);
#417 = CIRCLE('',#418,2.4);
#418 = AXIS2_PLACEMENT_3D('',#419,#420,#421);
#419 = CARTESIAN_POINT('',(-12.,-4.,11.15));
#420 = DIRECTION('',(0.,0.,1.));
#421 = DIRECTION('',(1.,0.,0.));
#422 = ORIENTED_EDGE('',*,*,#408,.F.);
#423 = ORIENTED_EDGE('',*,*,#102,.F.);
#424 = CYLINDRICAL_SURFACE('',#425,2.4);
#425 = AXIS2_PLACEMENT_3D('',#426,#427,#428);
#426 = CARTESIAN_POINT('',(-12.,-4.,9.6));
#427 = DIRECTION('',(-0.,-0.,-1.));
#428 = DIRECTION('',(1.,0.,0.));
#429 = ADVANCED_FACE('',(#430),#449,.T.);
#430 = FACE_BOUND('',#431,.F.);
#431 = EDGE_LOOP('',(#432,#440,#447,#448));
#432 = ORIENTED_EDGE('',*,*,#433,.T.);
#433 = EDGE_CURVE('',#114,#434,#436,.T.);
#434 = VERTEX_POINT('',#435);
#435 = CARTESIAN_POINT('',(-1.6,-4.,11.15));
#436 = LINE('',#437,#438);
#437 = CARTESIAN_POINT('',(-1.6,-4.,9.6));
#438 = VECTOR('',#439,1.);
#439 = DIRECTION('',(0.,0.,1.));
#440 = ORIENTED_EDGE('',*,*,#441,.T.);
#441 = EDGE_CURVE('',#434,#434,#442,.T.);
#442 = CIRCLE('',#443,2.4);
#443 = AXIS2_PLACEMENT_3D('',#444,#445,#446);
#444 = CARTESIAN_POINT('',(-4.,-4.,11.15));
#445 = DIRECTION('',(0.,0.,1.));
#446 = DIRECTION('',(1.,0.,0.));
#447 = ORIENTED_EDGE('',*,*,#433,.F.);
#448 = ORIENTED_EDGE('',*,*,#113,.F.);
#449 = CYLINDRICAL_SURFACE('',#450,2.4);
#450 = AXIS2_PLACEMENT_3D('',#451,#452,#453);
#451 = CARTESIAN_POINT('',(-4.,-4.,9.6));
#452 = DIRECTION('',(-0.,-0.,-1.));
#453 = DIRECTION('',(1.,0.,0.));
#454 = ADVANCED_FACE('',(#455),#474,.T.);
#455 = FACE_BOUND('',#456,.F.);
#456 = EDGE_LOOP('',(#457,#465,#472,#473));
#457 = ORIENTED_EDGE('',*,*,#458,.T.);
#458 = EDGE_CURVE('',#125,#459,#461,.T.);
#459 = VERTEX_POINT('',#460);
#460 = CARTESIAN_POINT('',(6.4,-12.,11.15));
#461 = LINE('',#462,#463);
#462 = CARTESIAN_POINT('',(6.4,-12.,9.6));
#463 = VECTOR('',#464,1.);
#464 = DIRECTION('',(0.,0.,1.));
#465 = ORIENTED_EDGE('',*,*,#466,.T.);
#466 = EDGE_CURVE('',#459,#459,#467,.T.);
#467 = CIRCLE('',#468,2.4);
#468 = AXIS2_PLACEMENT_3D('',#469,#470,#471);
#469 = CARTESIAN_POINT('',(4.,-12.,11.15));
#470 = DIRECTION('',(0.,0.,1.));
#471 = DIRECTION('',(1.,0.,0.));
#472 = ORIENTED_EDGE('',*,*,#458,.F.);
#473 = ORIENTED_EDGE('',*,*,#124,.F.);
#474 = CYLINDRICAL_SURFACE('',#475,2.4);
#475 = AXIS2_PLACEMENT_3D('',#476,#477,#478);
#476 = CARTESIAN_POINT('',(4.,-12.,9.6));
#477 = DIRECTION('',(-0.,-0.,-1.));
#478 = DIRECTION('',(1.,0.,0.));
#479 = ADVANCED_FACE('',(#480),#499,.T.);
#480 = FACE_BOUND('',#481,.F.);
#481 = EDGE_LOOP('',(#482,#490,#497,#498));
#482 = ORIENTED_EDGE('',*,*,#483,.T.);
#483 = EDGE_CURVE('',#136,#484,#486,.T.);
#484 = VERTEX_POINT('',#485);
#485 = CARTESIAN_POINT('',(14.4,-12.,11.15));
#486 = LINE('',#487,#488);
#487 = CARTESIAN_POINT('',(14.4,-12.,9.6));
#488 = VECTOR('',#489,1.);
#489 = DIRECTION('',(0.,0.,1.));
#490 = ORIENTED_EDGE('',*,*,#491,.T.);
#491 = EDGE_CURVE('',#484,#484,#492,.T.);
#492 = CIRCLE('',#493,2.4);
#493 = AXIS2_PLACEMENT_3D('',#494,#495,#496);
#494 = CARTESIAN_POINT('',(12.,-12.,11.15));
#495 = DIRECTION('',(0.,0.,1.));
#496 = DIRECTION('',(1.,0.,0.));
#497 = ORIENTED_EDGE('',*,*,#483,.F.);
#498 = ORIENTED_EDGE('',*,*,#135,.F.);
#499 = CYLINDRICAL_SURFACE('',#500,2.4);
#500 = AXIS2_PLACEMENT_3D('',#501,#502,#503);
#501 = CARTESIAN_POINT('',(12.,-12.,9.6));
#502 = DIRECTION('',(-0.,-0.,-1.));
#503 = DIRECTION('',(1.,0.,0.));
#504 = ADVANCED_FACE('',(#505),#524,.T.);
#505 = FACE_BOUND('',#506,.F.);
#506 = EDGE_LOOP('',(#507,#515,#522,#523));
#507 = ORIENTED_EDGE('',*,*,#508,.T.);
#508 = EDGE_CURVE('',#147,#509,#511,.T.);
#509 = VERTEX_POINT('',#510);
#510 = CARTESIAN_POINT('',(6.4,-4.,11.15));
#511 = LINE('',#512,#513);
#512 = CARTESIAN_POINT('',(6.4,-4.,9.6));
#513 = VECTOR('',#514,1.);
#514 = DIRECTION('',(0.,0.,1.));
#515 = ORIENTED_EDGE('',*,*,#516,.T.);
#516 = EDGE_CURVE('',#509,#509,#517,.T.);
#517 = CIRCLE('',#518,2.4);
#518 = AXIS2_PLACEMENT_3D('',#519,#520,#521);
#519 = CARTESIAN_POINT('',(4.,-4.,11.15));
#520 = DIRECTION('',(0.,0.,1.));
#521 = DIRECTION('',(1.,0.,0.));
#522 = ORIENTED_EDGE('',*,*,#508,.F.);
#523 = ORIENTED_EDGE('',*,*,#146,.F.);
#524 = CYLINDRICAL_SURFACE('',#525,2.4);
#525 = AXIS2_PLACEMENT_3D('',#526,#527,#528);
#526 = CARTESIAN_POINT('',(4.,-4.,9.6));
#527 = DIRECTION('',(-0.,-0.,-1.));
#528 = DIRECTION('',(1.,0.,0.));
#529 = ADVANCED_FACE('',(#530),#549,.T.);
#530 = FACE_BOUND('',#531,.F.);
#531 = EDGE_LOOP('',(#532,#540,#547,#548));
#532 = ORIENTED_EDGE('',*,*,#533,.T.);
#533 = EDGE_CURVE('',#158,#534,#536,.T.);
#534 = VERTEX_POINT('',#535);
#535 = CARTESIAN_POINT('',(14.4,-4.,11.15));
#536 = LINE('',#537,#538);
#537 = CARTESIAN_POINT('',(14.4,-4.,9.6));
#538 = VECTOR('',#539,1.);
#539 = DIRECTION('',(0.,0.,1.));
#540 = ORIENTED_EDGE('',*,*,#541,.T.);
#541 = EDGE_CURVE('',#534,#534,#542,.T.);
#542 = CIRCLE('',#543,2.4);
#543 = AXIS2_PLACEMENT_3D('',#544,#545,#546);
#544 = CARTESIAN_POINT('',(12.,-4.,11.15));
#545 = DIRECTION('',(0.,0.,1.));
#546 = DIRECTION('',(1.,0.,0.));
#547 = ORIENTED_EDGE('',*,*,#533,.F.);
#548 = ORIENTED_EDGE('',*,*,#157,.F.);
#549 = CYLINDRICAL_SURFACE('',#550,2.4);
#550 = AXIS2_PLACEMENT_3D('',#551,#552,#553);
#551 = CARTESIAN_POINT('',(12.,-4.,9.6));
#552 = DIRECTION('',(-0.,-0.,-1.));
#553 = DIRECTION('',(1.,0.,0.));
#554 = ADVANCED_FACE('',(#555),#574,.T.);
#555 = FACE_BOUND('',#556,.F.);
#556 = EDGE_LOOP('',(#557,#565,#572,#573));
#557 = ORIENTED_EDGE('',*,*,#558,.T.);
#558 = EDGE_CURVE('',#169,#559,#561,.T.);
#559 = VERTEX_POINT('',#560);
#560 = CARTESIAN_POINT('',(-9.6,4.,11.15));
#561 = LINE('',#562,#563);
#562 = CARTESIAN_POINT('',(-9.6,4.,9.6));
#563 = VECTOR('',#564,1.);
#564 = DIRECTION('',(0.,0.,1.));
#565 = ORIENTED_EDGE('',*,*,#566,.T.);
#566 = EDGE_CURVE('',#559,#559,#567,.T.);
#567 = CIRCLE('',#568,2.4);
#568 = AXIS2_PLACEMENT_3D('',#569,#570,#571);
#569 = CARTESIAN_POINT('',(-12.,4.,11.15));
#570 = DIRECTION('',(0.,0.,1.));
#571 = DIRECTION('',(1.,0.,0.));
#572 = ORIENTED_EDGE('',*,*,#558,.F.);
#573 = ORIENTED_EDGE('',*,*,#168,.F.);
#574 = CYLINDRICAL_SURFACE('',#575,2.4);
#575 = AXIS2_PLACEMENT_3D('',#576,#577,#578);
#576 = CARTESIAN_POINT('',(-12.,4.,9.6));
#577 = DIRECTION('',(-0.,-0.,-1.));
#578 = DIRECTION('',(1.,0.,0.));
#579 = ADVANCED_FACE('',(#580),#599,.T.);
#580 = FACE_BOUND('',#581,.F.);
#581 = EDGE_LOOP('',(#582,#590,#597,#598));
#582 = ORIENTED_EDGE('',*,*,#583,.T.);
#583 = EDGE_CURVE('',#180,#584,#586,.T.);
#584 = VERTEX_POINT('',#585);
#585 = CARTESIAN_POINT('',(-1.6,4.,11.15));
#586 = LINE('',#587,#588);
#587 = CARTESIAN_POINT('',(-1.6,4.,9.6));
#588 = VECTOR('',#589,1.);
#589 = DIRECTION('',(0.,0.,1.));
#590 = ORIENTED_EDGE('',*,*,#591,.T.);
#591 = EDGE_CURVE('',#584,#584,#592,.T.);
#592 = CIRCLE('',#593,2.4);
#593 = AXIS2_PLACEMENT_3D('',#594,#595,#596);
#594 = CARTESIAN_POINT('',(-4.,4.,11.15));
#595 = DIRECTION('',(0.,0.,1.));
#596 = DIRECTION('',(1.,0.,0.));
#597 = ORIENTED_EDGE('',*,*,#583,.F.);
#598 = ORIENTED_EDGE('',*,*,#179,.F.);
#599 = CYLINDRICAL_SURFACE('',#600,2.4);
#600 = AXIS2_PLACEMENT_3D('',#601,#602,#603);
#601 = CARTESIAN_POINT('',(-4.,4.,9.6));
#602 = DIRECTION('',(-0.,-0.,-1.));
#603 = DIRECTION('',(1.,0.,0.));
#604 = ADVANCED_FACE('',(#605),#624,.T.);
#605 = FACE_BOUND('',#606,.F.);
#606 = EDGE_LOOP('',(#607,#615,#622,#623));
#607 = ORIENTED_EDGE('',*,*,#608,.T.);
#608 = EDGE_CURVE('',#191,#609,#611,.T.);
#609 = VERTEX_POINT('',#610);
#610 = CARTESIAN_POINT('',(-9.6,12.,11.15));
#611 = LINE('',#612,#613);
#612 = CARTESIAN_POINT('',(-9.6,12.,9.6));
#613 = VECTOR('',#614,1.);
#614 = DIRECTION('',(0.,0.,1.));
#615 = ORIENTED_EDGE('',*,*,#616,.T.);
#616 = EDGE_CURVE('',#609,#609,#617,.T.);
#617 = CIRCLE('',#618,2.4);
#618 = AXIS2_PLACEMENT_3D('',#619,#620,#621);
#619 = CARTESIAN_POINT('',(-12.,12.,11.15));
#620 = DIRECTION('',(0.,0.,1.));
#621 = DIRECTION('',(1.,0.,0.));
#622 = ORIENTED_EDGE('',*,*,#608,.F.);
#623 = ORIENTED_EDGE('',*,*,#190,.F.);
#624 = CYLINDRICAL_SURFACE('',#625,2.4);
#625 = AXIS2_PLACEMENT_3D('',#626,#627,#628);
#626 = CARTESIAN_POINT('',(-12.,12.,9.6));
#627 = DIRECTION('',(-0.,-0.,-1.));
#628 = DIRECTION('',(1.,0.,0.));
#629 = ADVANCED_FACE('',(#630),#649,.T.);
#630 = FACE_BOUND('',#631,.F.);
#631 = EDGE_LOOP('',(#632,#640,#647,#648));
#632 = ORIENTED_EDGE('',*,*,#633,.T.);
#633 = EDGE_CURVE('',#202,#634,#636,.T.);
#634 = VERTEX_POINT('',#635);
#635 = CARTESIAN_POINT('',(-1.6,12.,11.15));
#636 = LINE('',#637,#638);
#637 = CARTESIAN_POINT('',(-1.6,12.,9.6));
#638 = VECTOR('',#639,1.);
#639 = DIRECTION('',(0.,0.,1.));
#640 = ORIENTED_EDGE('',*,*,#641,.T.);
#641 = EDGE_CURVE('',#634,#634,#642,.T.);
#642 = CIRCLE('',#643,2.4);
#643 = AXIS2_PLACEMENT_3D('',#644,#645,#646);
#644 = CARTESIAN_POINT('',(-4.,12.,11.15));
#645 = DIRECTION('',(0.,0.,1.));
#646 = DIRECTION('',(1.,0.,0.));
#647 = ORIENTED_EDGE('',*,*,#633,.F.);
#648 = ORIENTED_EDGE('',*,*,#201,.F.);
#649 = CYLINDRICAL_SURFACE('',#650,2.4);
#650 = AXIS2_PLACEMENT_3D('',#651,#652,#653);
#651 = CARTESIAN_POINT('',(-4.,12.,9.6));
#652 = DIRECTION('',(-0.,-0.,-1.));
#653 = DIRECTION('',(1.,0.,0.));
#654 = ADVANCED_FACE('',(#655),#674,.T.);
#655 = FACE_BOUND('',#656,.F.);
#656 = EDGE_LOOP('',(#657,#665,#672,#673));
#657 = ORIENTED_EDGE('',*,*,#658,.T.);
#658 = EDGE_CURVE('',#213,#659,#661,.T.);
#659 = VERTEX_POINT('',#660);
#660 = CARTESIAN_POINT('',(6.4,4.,11.15));
#661 = LINE('',#662,#663);
#662 = CARTESIAN_POINT('',(6.4,4.,9.6));
#663 = VECTOR('',#664,1.);
#664 = DIRECTION('',(0.,0.,1.));
#665 = ORIENTED_EDGE('',*,*,#666,.T.);
#666 = EDGE_CURVE('',#659,#659,#667,.T.);
#667 = CIRCLE('',#668,2.4);
#668 = AXIS2_PLACEMENT_3D('',#669,#670,#671);
#669 = CARTESIAN_POINT('',(4.,4.,11.15));
#670 = DIRECTION('',(0.,0.,1.));
#671 = DIRECTION('',(1.,0.,0.));
#672 = ORIENTED_EDGE('',*,*,#658,.F.);
#673 = ORIENTED_EDGE('',*,*,#212,.F.);
#674 = CYLINDRICAL_SURFACE('',#675,2.4);
#675 = AXIS2_PLACEMENT_3D('',#676,#677,#678);
#676 = CARTESIAN_POINT('',(4.,4.,9.6));
#677 = DIRECTION('',(-0.,-0.,-1.));
#678 = DIRECTION('',(1.,0.,0.));
#679 = ADVANCED_FACE('',(#680),#699,.T.);
#680 = FACE_BOUND('',#681,.F.);
#681 = EDGE_LOOP('',(#682,#690,#697,#698));
#682 = ORIENTED_EDGE('',*,*,#683,.T.);
#683 = EDGE_CURVE('',#224,#684,#686,.T.);
#684 = VERTEX_POINT('',#685);
#685 = CARTESIAN_POINT('',(14.4,4.,11.15));
#686 = LINE('',#687,#688);
#687 = CARTESIAN_POINT('',(14.4,4.,9.6));
#688 = VECTOR('',#689,1.);
#689 = DIRECTION('',(0.,0.,1.));
#690 = ORIENTED_EDGE('',*,*,#691,.T.);
#691 = EDGE_CURVE('',#684,#684,#692,.T.);
#692 = CIRCLE('',#693,2.4);
#693 = AXIS2_PLACEMENT_3D('',#694,#695,#696);
#694 = CARTESIAN_POINT('',(12.,4.,11.15));
#695 = DIRECTION('',(0.,0.,1.));
#696 = DIRECTION('',(1.,0.,0.));
#697 = ORIENTED_EDGE('',*,*,#683,.F.);
#698 = ORIENTED_EDGE('',*,*,#223,.F.);
#699 = CYLINDRICAL_SURFACE('',#700,2.4);
#700 = AXIS2_PLACEMENT_3D('',#701,#702,#703);
#701 = CARTESIAN_POINT('',(12.,4.,9.6));
#702 = DIRECTION('',(-0.,-0.,-1.));
#703 = DIRECTION('',(1.,0.,0.));
#704 = ADVANCED_FACE('',(#705),#724,.T.);
#705 = FACE_BOUND('',#706,.F.);
#706 = EDGE_LOOP('',(#707,#715,#722,#723));
#707 = ORIENTED_EDGE('',*,*,#708,.T.);
#708 = EDGE_CURVE('',#235,#709,#711,.T.);
#709 = VERTEX_POINT('',#710);
#710 = CARTESIAN_POINT('',(6.4,12.,11.15));
#711 = LINE('',#712,#713);
#712 = CARTESIAN_POINT('',(6.4,12.,9.6));
#713 = VECTOR('',#714,1.);
#714 = DIRECTION('',(0.,0.,1.));
#715 = ORIENTED_EDGE('',*,*,#716,.T.);
#716 = EDGE_CURVE('',#709,#709,#717,.T.);
#717 = CIRCLE('',#718,2.4);
#718 = AXIS2_PLACEMENT_3D('',#719,#720,#721);
#719 = CARTESIAN_POINT('',(4.,12.,11.15));
#720 = DIRECTION('',(0.,0.,1.));
#721 = DIRECTION('',(1.,0.,0.));
#722 = ORIENTED_EDGE('',*,*,#708,.F.);
#723 = ORIENTED_EDGE('',*,*,#234,.F.);
#724 = CYLINDRICAL_SURFACE('',#725,2.4);
#725 = AXIS2_PLACEMENT_3D('',#726,#727,#728);
#726 = CARTESIAN_POINT('',(4.,12.,9.6));
#727 = DIRECTION('',(-0.,-0.,-1.));
#728 = DIRECTION('',(1.,0.,0.));
#729 = ADVANCED_FACE('',(#730),#749,.T.);
#730 = FACE_BOUND('',#731,.F.);
#731 = EDGE_LOOP('',(#732,#740,#747,#748));
#732 = ORIENTED_EDGE('',*,*,#733,.T.);
#733 = EDGE_CURVE('',#246,#734,#736,.T.);
#734 = VERTEX_POINT('',#735);
#735 = CARTESIAN_POINT('',(14.4,12.,11.15));
#736 = LINE('',#737,#738);
#737 = CARTESIAN_POINT('',(14.4,12.,9.6));
#738 = VECTOR('',#739,1.);
#739 = DIRECTION('',(0.,0.,1.));
#740 = ORIENTED_EDGE('',*,*,#741,.T.);
#741 = EDGE_CURVE('',#734,#734,#742,.T.);
#742 = CIRCLE('',#743,2.4);
#743 = AXIS2_PLACEMENT_3D('',#744,#745,#746);
#744 = CARTESIAN_POINT('',(12.,12.,11.15));
#745 = DIRECTION('',(0.,0.,1.));
#746 = DIRECTION('',(1.,0.,0.));
#747 = ORIENTED_EDGE('',*,*,#733,.F.);
#748 = ORIENTED_EDGE('',*,*,#245,.F.);
#749 = CYLINDRICAL_SURFACE('',#750,2.4);
#750 = AXIS2_PLACEMENT_3D('',#751,#752,#753);
#751 = CARTESIAN_POINT('',(12.,12.,9.6));
#752 = DIRECTION('',(-0.,-0.,-1.));
#753 = DIRECTION('',(1.,0.,0.));
#754 = ADVANCED_FACE('',(#755),#758,.T.);
#755 = FACE_BOUND('',#756,.T.);
#756 = EDGE_LOOP('',(#757));
#757 = ORIENTED_EDGE('',*,*,#262,.T.);
#758 = PLANE('',#759);
#759 = AXIS2_PLACEMENT_3D('',#760,#761,#762);
#760 = CARTESIAN_POINT('',(-12.,-12.,11.4));
#761 = DIRECTION('',(0.,0.,1.));
#762 = DIRECTION('',(1.,0.,0.));
#763 = ADVANCED_FACE('',(#764,#770),#804,.F.);
#764 = FACE_BOUND('',#765,.F.);
#765 = EDGE_LOOP('',(#766,#767,#768,#769));
#766 = ORIENTED_EDGE('',*,*,#295,.F.);
#767 = ORIENTED_EDGE('',*,*,#342,.T.);
#768 = ORIENTED_EDGE('',*,*,#367,.T.);
#769 = ORIENTED_EDGE('',*,*,#318,.F.);
#770 = FACE_BOUND('',#771,.F.);
#771 = EDGE_LOOP('',(#772,#782,#790,#798));
#772 = ORIENTED_EDGE('',*,*,#773,.F.);
#773 = EDGE_CURVE('',#774,#776,#778,.T.);
#774 = VERTEX_POINT('',#775);
#775 = CARTESIAN_POINT('',(-14.64,-14.64,0.));
#776 = VERTEX_POINT('',#777);
#777 = CARTESIAN_POINT('',(14.64,-14.64,0.));
#778 = LINE('',#779,#780);
#779 = CARTESIAN_POINT('',(-14.64,-14.64,0.));
#780 = VECTOR('',#781,1.);
#781 = DIRECTION('',(1.,0.,0.));
#782 = ORIENTED_EDGE('',*,*,#783,.T.);
#783 = EDGE_CURVE('',#774,#784,#786,.T.);
#784 = VERTEX_POINT('',#785);
#785 = CARTESIAN_POINT('',(-14.64,14.64,0.));
#786 = LINE('',#787,#788);
#787 = CARTESIAN_POINT('',(-14.64,-14.64,0.));
#788 = VECTOR('',#789,1.);
#789 = DIRECTION('',(0.,1.,0.));
#790 = ORIENTED_EDGE('',*,*,#791,.T.);
#791 = EDGE_CURVE('',#784,#792,#794,.T.);
#792 = VERTEX_POINT('',#793);
#793 = CARTESIAN_POINT('',(14.64,14.64,0.));
#794 = LINE('',#795,#796);
#795 = CARTESIAN_POINT('',(-14.64,14.64,0.));
#796 = VECTOR('',#797,1.);
#797 = DIRECTION('',(1.,0.,0.));
#798 = ORIENTED_EDGE('',*,*,#799,.F.);
#799 = EDGE_CURVE('',#776,#792,#800,.T.);
#800 = LINE('',#801,#802);
#801 = CARTESIAN_POINT('',(14.64,-14.64,0.));
#802 = VECTOR('',#803,1.);
#803 = DIRECTION('',(0.,1.,0.));
#804 = PLANE('',#805);
#805 = AXIS2_PLACEMENT_3D('',#806,#807,#808);
#806 = CARTESIAN_POINT('',(-15.9,-15.9,0.));
#807 = DIRECTION('',(0.,0.,1.));
#808 = DIRECTION('',(1.,0.,0.));
#809 = ADVANCED_FACE('',(#810),#829,.T.);
#810 = FACE_BOUND('',#811,.T.);
#811 = EDGE_LOOP('',(#812,#821,#827,#828));
#812 = ORIENTED_EDGE('',*,*,#813,.F.);
#813 = EDGE_CURVE('',#814,#814,#816,.T.);
#814 = VERTEX_POINT('',#815);
#815 = CARTESIAN_POINT('',(-1.85,-12.,11.4));
#816 = CIRCLE('',#817,2.15);
#817 = AXIS2_PLACEMENT_3D('',#818,#819,#820);
#818 = CARTESIAN_POINT('',(-4.,-12.,11.4));
#819 = DIRECTION('',(0.,0.,1.));
#820 = DIRECTION('',(1.,0.,0.));
#821 = ORIENTED_EDGE('',*,*,#822,.F.);
#822 = EDGE_CURVE('',#384,#814,#823,.T.);
#823 = LINE('',#824,#825);
#824 = CARTESIAN_POINT('',(-1.6,-12.,11.15));
#825 = VECTOR('',#826,1.);
#826 = DIRECTION('',(-0.707106781187,1.731912112471E-16,0.707106781187)
  );
#827 = ORIENTED_EDGE('',*,*,#391,.T.);
#828 = ORIENTED_EDGE('',*,*,#822,.T.);
#829 = CONICAL_SURFACE('',#830,2.4,0.785398163397);
#830 = AXIS2_PLACEMENT_3D('',#831,#832,#833);
#831 = CARTESIAN_POINT('',(-4.,-12.,11.15));
#832 = DIRECTION('',(-0.,-0.,-1.));
#833 = DIRECTION('',(1.,0.,0.));
#834 = ADVANCED_FACE('',(#835),#854,.T.);
#835 = FACE_BOUND('',#836,.T.);
#836 = EDGE_LOOP('',(#837,#846,#852,#853));
#837 = ORIENTED_EDGE('',*,*,#838,.F.);
#838 = EDGE_CURVE('',#839,#839,#841,.T.);
#839 = VERTEX_POINT('',#840);
#840 = CARTESIAN_POINT('',(-9.85,-4.,11.4));
#841 = CIRCLE('',#842,2.15);
#842 = AXIS2_PLACEMENT_3D('',#843,#844,#845);
#843 = CARTESIAN_POINT('',(-12.,-4.,11.4));
#844 = DIRECTION('',(0.,0.,1.));
#845 = DIRECTION('',(1.,0.,0.));
#846 = ORIENTED_EDGE('',*,*,#847,.F.);
#847 = EDGE_CURVE('',#409,#839,#848,.T.);
#848 = LINE('',#849,#850);
#849 = CARTESIAN_POINT('',(-9.6,-4.,11.15));
#850 = VECTOR('',#851,1.);
#851 = DIRECTION('',(-0.707106781187,1.731912112471E-16,0.707106781187)
  );
#852 = ORIENTED_EDGE('',*,*,#416,.T.);
#853 = ORIENTED_EDGE('',*,*,#847,.T.);
#854 = CONICAL_SURFACE('',#855,2.4,0.785398163397);
#855 = AXIS2_PLACEMENT_3D('',#856,#857,#858);
#856 = CARTESIAN_POINT('',(-12.,-4.,11.15));
#857 = DIRECTION('',(-0.,-0.,-1.));
#858 = DIRECTION('',(1.,0.,0.));
#859 = ADVANCED_FACE('',(#860),#879,.T.);
#860 = FACE_BOUND('',#861,.T.);
#861 = EDGE_LOOP('',(#862,#871,#877,#878));
#862 = ORIENTED_EDGE('',*,*,#863,.F.);
#863 = EDGE_CURVE('',#864,#864,#866,.T.);
#864 = VERTEX_POINT('',#865);
#865 = CARTESIAN_POINT('',(-1.85,-4.,11.4));
#866 = CIRCLE('',#867,2.15);
#867 = AXIS2_PLACEMENT_3D('',#868,#869,#870);
#868 = CARTESIAN_POINT('',(-4.,-4.,11.4));
#869 = DIRECTION('',(0.,0.,1.));
#870 = DIRECTION('',(1.,0.,0.));
#871 = ORIENTED_EDGE('',*,*,#872,.F.);
#872 = EDGE_CURVE('',#434,#864,#873,.T.);
#873 = LINE('',#874,#875);
#874 = CARTESIAN_POINT('',(-1.6,-4.,11.15));
#875 = VECTOR('',#876,1.);
#876 = DIRECTION('',(-0.707106781187,1.731912112471E-16,0.707106781187)
  );
#877 = ORIENTED_EDGE('',*,*,#441,.T.);
#878 = ORIENTED_EDGE('',*,*,#872,.T.);
#879 = CONICAL_SURFACE('',#880,2.4,0.785398163397);
#880 = AXIS2_PLACEMENT_3D('',#881,#882,#883);
#881 = CARTESIAN_POINT('',(-4.,-4.,11.15));
#882 = DIRECTION('',(-0.,-0.,-1.));
#883 = DIRECTION('',(1.,0.,0.));
#884 = ADVANCED_FACE('',(#885),#904,.T.);
#885 = FACE_BOUND('',#886,.T.);
#886 = EDGE_LOOP('',(#887,#896,#902,#903));
#887 = ORIENTED_EDGE('',*,*,#888,.F.);
#888 = EDGE_CURVE('',#889,#889,#891,.T.);
#889 = VERTEX_POINT('',#890);
#890 = CARTESIAN_POINT('',(6.15,-12.,11.4));
#891 = CIRCLE('',#892,2.15);
#892 = AXIS2_PLACEMENT_3D('',#893,#894,#895);
#893 = CARTESIAN_POINT('',(4.,-12.,11.4));
#894 = DIRECTION('',(0.,0.,1.));
#895 = DIRECTION('',(1.,0.,0.));
#896 = ORIENTED_EDGE('',*,*,#897,.F.);
#897 = EDGE_CURVE('',#459,#889,#898,.T.);
#898 = LINE('',#899,#900);
#899 = CARTESIAN_POINT('',(6.4,-12.,11.15));
#900 = VECTOR('',#901,1.);
#901 = DIRECTION('',(-0.707106781187,1.731912112471E-16,0.707106781187)
  );
#902 = ORIENTED_EDGE('',*,*,#466,.T.);
#903 = ORIENTED_EDGE('',*,*,#897,.T.);
#904 = CONICAL_SURFACE('',#905,2.4,0.785398163397);
#905 = AXIS2_PLACEMENT_3D('',#906,#907,#908);
#906 = CARTESIAN_POINT('',(4.,-12.,11.15));
#907 = DIRECTION('',(-0.,-0.,-1.));
#908 = DIRECTION('',(1.,0.,0.));
#909 = ADVANCED_FACE('',(#910),#929,.T.);
#910 = FACE_BOUND('',#911,.T.);
#911 = EDGE_LOOP('',(#912,#921,#927,#928));
#912 = ORIENTED_EDGE('',*,*,#913,.F.);
#913 = EDGE_CURVE('',#914,#914,#916,.T.);
#914 = VERTEX_POINT('',#915);
#915 = CARTESIAN_POINT('',(14.15,-12.,11.4));
#916 = CIRCLE('',#917,2.15);
#917 = AXIS2_PLACEMENT_3D('',#918,#919,#920);
#918 = CARTESIAN_POINT('',(12.,-12.,11.4));
#919 = DIRECTION('',(0.,0.,1.));
#920 = DIRECTION('',(1.,0.,0.));
#921 = ORIENTED_EDGE('',*,*,#922,.F.);
#922 = EDGE_CURVE('',#484,#914,#923,.T.);
#923 = LINE('',#924,#925);
#924 = CARTESIAN_POINT('',(14.4,-12.,11.15));
#925 = VECTOR('',#926,1.);
#926 = DIRECTION('',(-0.707106781187,1.731912112471E-16,0.707106781187)
  );
#927 = ORIENTED_EDGE('',*,*,#491,.T.);
#928 = ORIENTED_EDGE('',*,*,#922,.T.);
#929 = CONICAL_SURFACE('',#930,2.4,0.785398163397);
#930 = AXIS2_PLACEMENT_3D('',#931,#932,#933);
#931 = CARTESIAN_POINT('',(12.,-12.,11.15));
#932 = DIRECTION('',(-0.,-0.,-1.));
#933 = DIRECTION('',(1.,0.,0.));
#934 = ADVANCED_FACE('',(#935),#954,.T.);
#935 = FACE_BOUND('',#936,.T.);
#936 = EDGE_LOOP('',(#937,#946,#952,#953));
#937 = ORIENTED_EDGE('',*,*,#938,.F.);
#938 = EDGE_CURVE('',#939,#939,#941,.T.);
#939 = VERTEX_POINT('',#940);
#940 = CARTESIAN_POINT('',(6.15,-4.,11.4));
#941 = CIRCLE('',#942,2.15);
#942 = AXIS2_PLACEMENT_3D('',#943,#944,#945);
#943 = CARTESIAN_POINT('',(4.,-4.,11.4));
#944 = DIRECTION('',(0.,0.,1.));
#945 = DIRECTION('',(1.,0.,0.));
#946 = ORIENTED_EDGE('',*,*,#947,.F.);
#947 = EDGE_CURVE('',#509,#939,#948,.T.);
#948 = LINE('',#949,#950);
#949 = CARTESIAN_POINT('',(6.4,-4.,11.15));
#950 = VECTOR('',#951,1.);
#951 = DIRECTION('',(-0.707106781187,1.731912112471E-16,0.707106781187)
  );
#952 = ORIENTED_EDGE('',*,*,#516,.T.);
#953 = ORIENTED_EDGE('',*,*,#947,.T.);
#954 = CONICAL_SURFACE('',#955,2.4,0.785398163397);
#955 = AXIS2_PLACEMENT_3D('',#956,#957,#958);
#956 = CARTESIAN_POINT('',(4.,-4.,11.15));
#957 = DIRECTION('',(-0.,-0.,-1.));
#958 = DIRECTION('',(1.,0.,0.));
#959 = ADVANCED_FACE('',(#960),#979,.T.);
#960 = FACE_BOUND('',#961,.T.);
#961 = EDGE_LOOP('',(#962,#971,#977,#978));
#962 = ORIENTED_EDGE('',*,*,#963,.F.);
#963 = EDGE_CURVE('',#964,#964,#966,.T.);
#964 = VERTEX_POINT('',#965);
#965 = CARTESIAN_POINT('',(14.15,-4.,11.4));
#966 = CIRCLE('',#967,2.15);
#967 = AXIS2_PLACEMENT_3D('',#968,#969,#970);
#968 = CARTESIAN_POINT('',(12.,-4.,11.4));
#969 = DIRECTION('',(0.,0.,1.));
#970 = DIRECTION('',(1.,0.,0.));
#971 = ORIENTED_EDGE('',*,*,#972,.F.);
#972 = EDGE_CURVE('',#534,#964,#973,.T.);
#973 = LINE('',#974,#975);
#974 = CARTESIAN_POINT('',(14.4,-4.,11.15));
#975 = VECTOR('',#976,1.);
#976 = DIRECTION('',(-0.707106781187,1.731912112471E-16,0.707106781187)
  );
#977 = ORIENTED_EDGE('',*,*,#541,.T.);
#978 = ORIENTED_EDGE('',*,*,#972,.T.);
#979 = CONICAL_SURFACE('',#980,2.4,0.785398163397);
#980 = AXIS2_PLACEMENT_3D('',#981,#982,#983);
#981 = CARTESIAN_POINT('',(12.,-4.,11.15));
#982 = DIRECTION('',(-0.,-0.,-1.));
#983 = DIRECTION('',(1.,0.,0.));
#984 = ADVANCED_FACE('',(#985),#1004,.T.);
#985 = FACE_BOUND('',#986,.T.);
#986 = EDGE_LOOP('',(#987,#996,#1002,#1003));
#987 = ORIENTED_EDGE('',*,*,#988,.F.);
#988 = EDGE_CURVE('',#989,#989,#991,.T.);
#989 = VERTEX_POINT('',#990);
#990 = CARTESIAN_POINT('',(-9.85,4.,11.4));
#991 = CIRCLE('',#992,2.15);
#992 = AXIS2_PLACEMENT_3D('',#993,#994,#995);
#993 = CARTESIAN_POINT('',(-12.,4.,11.4));
#994 = DIRECTION('',(0.,0.,1.));
#995 = DIRECTION('',(1.,0.,0.));
#996 = ORIENTED_EDGE('',*,*,#997,.F.);
#997 = EDGE_CURVE('',#559,#989,#998,.T.);
#998 = LINE('',#999,#1000);
#999 = CARTESIAN_POINT('',(-9.6,4.,11.15));
#1000 = VECTOR('',#1001,1.);
#1001 = DIRECTION('',(-0.707106781187,1.731912112471E-16,0.707106781187)
  );
#1002 = ORIENTED_EDGE('',*,*,#566,.T.);
#1003 = ORIENTED_EDGE('',*,*,#997,.T.);
#1004 = CONICAL_SURFACE('',#1005,2.4,0.785398163397);
#1005 = AXIS2_PLACEMENT_3D('',#1006,#1007,#1008);
#1006 = CARTESIAN_POINT('',(-12.,4.,11.15));
#1007 = DIRECTION('',(-0.,-0.,-1.));
#1008 = DIRECTION('',(1.,0.,0.));
#1009 = ADVANCED_FACE('',(#1010),#1029,.T.);
#1010 = FACE_BOUND('',#1011,.T.);
#1011 = EDGE_LOOP('',(#1012,#1021,#1027,#1028));
#1012 = ORIENTED_EDGE('',*,*,#1013,.F.);
#1013 = EDGE_CURVE('',#1014,#1014,#1016,.T.);
#1014 = VERTEX_POINT('',#1015);
#1015 = CARTESIAN_POINT('',(-1.85,4.,11.4));
#1016 = CIRCLE('',#1017,2.15);
#1017 = AXIS2_PLACEMENT_3D('',#1018,#1019,#1020);
#1018 = CARTESIAN_POINT('',(-4.,4.,11.4));
#1019 = DIRECTION('',(0.,0.,1.));
#1020 = DIRECTION('',(1.,0.,0.));
#1021 = ORIENTED_EDGE('',*,*,#1022,.F.);
#1022 = EDGE_CURVE('',#584,#1014,#1023,.T.);
#1023 = LINE('',#1024,#1025);
#1024 = CARTESIAN_POINT('',(-1.6,4.,11.15));
#1025 = VECTOR('',#1026,1.);
#1026 = DIRECTION('',(-0.707106781187,1.731912112471E-16,0.707106781187)
  );
#1027 = ORIENTED_EDGE('',*,*,#591,.T.);
#1028 = ORIENTED_EDGE('',*,*,#1022,.T.);
#1029 = CONICAL_SURFACE('',#1030,2.4,0.785398163397);
#1030 = AXIS2_PLACEMENT_3D('',#1031,#1032,#1033);
#1031 = CARTESIAN_POINT('',(-4.,4.,11.15));
#1032 = DIRECTION('',(-0.,-0.,-1.));
#1033 = DIRECTION('',(1.,0.,0.));
#1034 = ADVANCED_FACE('',(#1035),#1054,.T.);
#1035 = FACE_BOUND('',#1036,.T.);
#1036 = EDGE_LOOP('',(#1037,#1046,#1052,#1053));
#1037 = ORIENTED_EDGE('',*,*,#1038,.F.);
#1038 = EDGE_CURVE('',#1039,#1039,#1041,.T.);
#1039 = VERTEX_POINT('',#1040);
#1040 = CARTESIAN_POINT('',(-9.85,12.,11.4));
#1041 = CIRCLE('',#1042,2.15);
#1042 = AXIS2_PLACEMENT_3D('',#1043,#1044,#1045);
#1043 = CARTESIAN_POINT('',(-12.,12.,11.4));
#1044 = DIRECTION('',(0.,0.,1.));
#1045 = DIRECTION('',(1.,0.,0.));
#1046 = ORIENTED_EDGE('',*,*,#1047,.F.);
#1047 = EDGE_CURVE('',#609,#1039,#1048,.T.);
#1048 = LINE('',#1049,#1050);
#1049 = CARTESIAN_POINT('',(-9.6,12.,11.15));
#1050 = VECTOR('',#1051,1.);
#1051 = DIRECTION('',(-0.707106781187,1.731912112471E-16,0.707106781187)
  );
#1052 = ORIENTED_EDGE('',*,*,#616,.T.);
#1053 = ORIENTED_EDGE('',*,*,#1047,.T.);
#1054 = CONICAL_SURFACE('',#1055,2.4,0.785398163397);
#1055 = AXIS2_PLACEMENT_3D('',#1056,#1057,#1058);
#1056 = CARTESIAN_POINT('',(-12.,12.,11.15));
#1057 = DIRECTION('',(-0.,-0.,-1.));
#1058 = DIRECTION('',(1.,0.,0.));
#1059 = ADVANCED_FACE('',(#1060),#1079,.T.);
#1060 = FACE_BOUND('',#1061,.T.);
#1061 = EDGE_LOOP('',(#1062,#1071,#1077,#1078));
#1062 = ORIENTED_EDGE('',*,*,#1063,.F.);
#1063 = EDGE_CURVE('',#1064,#1064,#1066,.T.);
#1064 = VERTEX_POINT('',#1065);
#1065 = CARTESIAN_POINT('',(-1.85,12.,11.4));
#1066 = CIRCLE('',#1067,2.15);
#1067 = AXIS2_PLACEMENT_3D('',#1068,#1069,#1070);
#1068 = CARTESIAN_POINT('',(-4.,12.,11.4));
#1069 = DIRECTION('',(0.,0.,1.));
#1070 = DIRECTION('',(1.,0.,0.));
#1071 = ORIENTED_EDGE('',*,*,#1072,.F.);
#1072 = EDGE_CURVE('',#634,#1064,#1073,.T.);
#1073 = LINE('',#1074,#1075);
#1074 = CARTESIAN_POINT('',(-1.6,12.,11.15));
#1075 = VECTOR('',#1076,1.);
#1076 = DIRECTION('',(-0.707106781187,1.731912112471E-16,0.707106781187)
  );
#1077 = ORIENTED_EDGE('',*,*,#641,.T.);
#1078 = ORIENTED_EDGE('',*,*,#1072,.T.);
#1079 = CONICAL_SURFACE('',#1080,2.4,0.785398163397);
#1080 = AXIS2_PLACEMENT_3D('',#1081,#1082,#1083);
#1081 = CARTESIAN_POINT('',(-4.,12.,11.15));
#1082 = DIRECTION('',(-0.,-0.,-1.));
#1083 = DIRECTION('',(1.,0.,0.));
#1084 = ADVANCED_FACE('',(#1085),#1104,.T.);
#1085 = FACE_BOUND('',#1086,.T.);
#1086 = EDGE_LOOP('',(#1087,#1096,#1102,#1103));
#1087 = ORIENTED_EDGE('',*,*,#1088,.F.);
#1088 = EDGE_CURVE('',#1089,#1089,#1091,.T.);
#1089 = VERTEX_POINT('',#1090);
#1090 = CARTESIAN_POINT('',(6.15,4.,11.4));
#1091 = CIRCLE('',#1092,2.15);
#1092 = AXIS2_PLACEMENT_3D('',#1093,#1094,#1095);
#1093 = CARTESIAN_POINT('',(4.,4.,11.4));
#1094 = DIRECTION('',(0.,0.,1.));
#1095 = DIRECTION('',(1.,0.,0.));
#1096 = ORIENTED_EDGE('',*,*,#1097,.F.);
#1097 = EDGE_CURVE('',#659,#1089,#1098,.T.);
#1098 = LINE('',#1099,#1100);
#1099 = CARTESIAN_POINT('',(6.4,4.,11.15));
#1100 = VECTOR('',#1101,1.);
#1101 = DIRECTION('',(-0.707106781187,1.731912112471E-16,0.707106781187)
  );
#1102 = ORIENTED_EDGE('',*,*,#666,.T.);
#1103 = ORIENTED_EDGE('',*,*,#1097,.T.);
#1104 = CONICAL_SURFACE('',#1105,2.4,0.785398163397);
#1105 = AXIS2_PLACEMENT_3D('',#1106,#1107,#1108);
#1106 = CARTESIAN_POINT('',(4.,4.,11.15));
#1107 = DIRECTION('',(-0.,-0.,-1.));
#1108 = DIRECTION('',(1.,0.,0.));
#1109 = ADVANCED_FACE('',(#1110),#1129,.T.);
#1110 = FACE_BOUND('',#1111,.T.);
#1111 = EDGE_LOOP('',(#1112,#1121,#1127,#1128));
#1112 = ORIENTED_EDGE('',*,*,#1113,.F.);
#1113 = EDGE_CURVE('',#1114,#1114,#1116,.T.);
#1114 = VERTEX_POINT('',#1115);
#1115 = CARTESIAN_POINT('',(14.15,4.,11.4));
#1116 = CIRCLE('',#1117,2.15);
#1117 = AXIS2_PLACEMENT_3D('',#1118,#1119,#1120);
#1118 = CARTESIAN_POINT('',(12.,4.,11.4));
#1119 = DIRECTION('',(0.,0.,1.));
#1120 = DIRECTION('',(1.,0.,0.));
#1121 = ORIENTED_EDGE('',*,*,#1122,.F.);
#1122 = EDGE_CURVE('',#684,#1114,#1123,.T.);
#1123 = LINE('',#1124,#1125);
#1124 = CARTESIAN_POINT('',(14.4,4.,11.15));
#1125 = VECTOR('',#1126,1.);
#1126 = DIRECTION('',(-0.707106781187,1.731912112471E-16,0.707106781187)
  );
#1127 = ORIENTED_EDGE('',*,*,#691,.T.);
#1128 = ORIENTED_EDGE('',*,*,#1122,.T.);
#1129 = CONICAL_SURFACE('',#1130,2.4,0.785398163397);
#1130 = AXIS2_PLACEMENT_3D('',#1131,#1132,#1133);
#1131 = CARTESIAN_POINT('',(12.,4.,11.15));
#1132 = DIRECTION('',(-0.,-0.,-1.));
#1133 = DIRECTION('',(1.,0.,0.));
#1134 = ADVANCED_FACE('',(#1135),#1154,.T.);
#1135 = FACE_BOUND('',#1136,.T.);
#1136 = EDGE_LOOP('',(#1137,#1146,#1152,#1153));
#1137 = ORIENTED_EDGE('',*,*,#1138,.F.);
#1138 = EDGE_CURVE('',#1139,#1139,#1141,.T.);
#1139 = VERTEX_POINT('',#1140);
#1140 = CARTESIAN_POINT('',(6.15,12.,11.4));
#1141 = CIRCLE('',#1142,2.15);
#1142 = AXIS2_PLACEMENT_3D('',#1143,#1144,#1145);
#1143 = CARTESIAN_POINT('',(4.,12.,11.4));
#1144 = DIRECTION('',(0.,0.,1.));
#1145 = DIRECTION('',(1.,0.,0.));
#1146 = ORIENTED_EDGE('',*,*,#1147,.F.);
#1147 = EDGE_CURVE('',#709,#1139,#1148,.T.);
#1148 = LINE('',#1149,#1150);
#1149 = CARTESIAN_POINT('',(6.4,12.,11.15));
#1150 = VECTOR('',#1151,1.);
#1151 = DIRECTION('',(-0.707106781187,1.731912112471E-16,0.707106781187)
  );
#1152 = ORIENTED_EDGE('',*,*,#716,.T.);
#1153 = ORIENTED_EDGE('',*,*,#1147,.T.);
#1154 = CONICAL_SURFACE('',#1155,2.4,0.785398163397);
#1155 = AXIS2_PLACEMENT_3D('',#1156,#1157,#1158);
#1156 = CARTESIAN_POINT('',(4.,12.,11.15));
#1157 = DIRECTION('',(-0.,-0.,-1.));
#1158 = DIRECTION('',(1.,0.,0.));
#1159 = ADVANCED_FACE('',(#1160),#1179,.T.);
#1160 = FACE_BOUND('',#1161,.T.);
#1161 = EDGE_LOOP('',(#1162,#1171,#1177,#1178));
#1162 = ORIENTED_EDGE('',*,*,#1163,.F.);
#1163 = EDGE_CURVE('',#1164,#1164,#1166,.T.);
#1164 = VERTEX_POINT('',#1165);
#1165 = CARTESIAN_POINT('',(14.15,12.,11.4));
#1166 = CIRCLE('',#1167,2.15);
#1167 = AXIS2_PLACEMENT_3D('',#1168,#1169,#1170);
#1168 = CARTESIAN_POINT('',(12.,12.,11.4));
#1169 = DIRECTION('',(0.,0.,1.));
#1170 = DIRECTION('',(1.,0.,0.));
#1171 = ORIENTED_EDGE('',*,*,#1172,.F.);
#1172 = EDGE_CURVE('',#734,#1164,#1173,.T.);
#1173 = LINE('',#1174,#1175);
#1174 = CARTESIAN_POINT('',(14.4,12.,11.15));
#1175 = VECTOR('',#1176,1.);
#1176 = DIRECTION('',(-0.707106781187,1.731912112471E-16,0.707106781187)
  );
#1177 = ORIENTED_EDGE('',*,*,#741,.T.);
#1178 = ORIENTED_EDGE('',*,*,#1172,.T.);
#1179 = CONICAL_SURFACE('',#1180,2.4,0.785398163397);
#1180 = AXIS2_PLACEMENT_3D('',#1181,#1182,#1183);
#1181 = CARTESIAN_POINT('',(12.,12.,11.15));
#1182 = DIRECTION('',(-0.,-0.,-1.));
#1183 = DIRECTION('',(1.,0.,0.));
#1184 = ADVANCED_FACE('',(#1185),#1208,.F.);
#1185 = FACE_BOUND('',#1186,.F.);
#1186 = EDGE_LOOP('',(#1187,#1188,#1195,#1203));
#1187 = ORIENTED_EDGE('',*,*,#773,.T.);
#1188 = ORIENTED_EDGE('',*,*,#1189,.T.);
#1189 = EDGE_CURVE('',#776,#1190,#1192,.T.);
#1190 = VERTEX_POINT('',#1191);
#1191 = CARTESIAN_POINT('',(14.44,-14.44,0.3));
#1192 = B_SPLINE_CURVE_WITH_KNOTS('',1,(#1193,#1194),.UNSPECIFIED.,.F.,
  .F.,(2,2),(0.,1.),.PIECEWISE_BEZIER_KNOTS.);
#1193 = CARTESIAN_POINT('',(14.64,-14.64,0.));
#1194 = CARTESIAN_POINT('',(14.44,-14.44,0.3));
#1195 = ORIENTED_EDGE('',*,*,#1196,.F.);
#1196 = EDGE_CURVE('',#1197,#1190,#1199,.T.);
#1197 = VERTEX_POINT('',#1198);
#1198 = CARTESIAN_POINT('',(-14.44,-14.44,0.3));
#1199 = LINE('',#1200,#1201);
#1200 = CARTESIAN_POINT('',(-14.44,-14.44,0.3));
#1201 = VECTOR('',#1202,1.);
#1202 = DIRECTION('',(1.,0.,0.));
#1203 = ORIENTED_EDGE('',*,*,#1204,.F.);
#1204 = EDGE_CURVE('',#774,#1197,#1205,.T.);
#1205 = B_SPLINE_CURVE_WITH_KNOTS('',1,(#1206,#1207),.UNSPECIFIED.,.F.,
  .F.,(2,2),(0.,1.),.PIECEWISE_BEZIER_KNOTS.);
#1206 = CARTESIAN_POINT('',(-14.64,-14.64,0.));
#1207 = CARTESIAN_POINT('',(-14.44,-14.44,0.3));
#1208 = B_SPLINE_SURFACE_WITH_KNOTS('',1,1,(
    (#1209,#1210)
    ,(#1211,#1212
    )),.UNSPECIFIED.,.F.,.F.,.F.,(2,2),(2,2),(0.,29.28),(0.,1.),
  .PIECEWISE_BEZIER_KNOTS.);
#1209 = CARTESIAN_POINT('',(-14.64,-14.64,0.));
#1210 = CARTESIAN_POINT('',(-14.44,-14.44,0.3));
#1211 = CARTESIAN_POINT('',(14.64,-14.64,0.));
#1212 = CARTESIAN_POINT('',(14.44,-14.44,0.3));
#1213 = ADVANCED_FACE('',(#1214),#1231,.F.);
#1214 = FACE_BOUND('',#1215,.F.);
#1215 = EDGE_LOOP('',(#1216,#1217,#1224,#1230));
#1216 = ORIENTED_EDGE('',*,*,#799,.T.);
#1217 = ORIENTED_EDGE('',*,*,#1218,.T.);
#1218 = EDGE_CURVE('',#792,#1219,#1221,.T.);
#1219 = VERTEX_POINT('',#1220);
#1220 = CARTESIAN_POINT('',(14.44,14.44,0.3));
#1221 = B_SPLINE_CURVE_WITH_KNOTS('',1,(#1222,#1223),.UNSPECIFIED.,.F.,
  .F.,(2,2),(0.,1.),.PIECEWISE_BEZIER_KNOTS.);
#1222 = CARTESIAN_POINT('',(14.64,14.64,0.));
#1223 = CARTESIAN_POINT('',(14.44,14.44,0.3));
#1224 = ORIENTED_EDGE('',*,*,#1225,.F.);
#1225 = EDGE_CURVE('',#1190,#1219,#1226,.T.);
#1226 = LINE('',#1227,#1228);
#1227 = CARTESIAN_POINT('',(14.44,-14.44,0.3));
#1228 = VECTOR('',#1229,1.);
#1229 = DIRECTION('',(0.,1.,0.));
#1230 = ORIENTED_EDGE('',*,*,#1189,.F.);
#1231 = B_SPLINE_SURFACE_WITH_KNOTS('',1,1,(
    (#1232,#1233)
    ,(#1234,#1235
    )),.UNSPECIFIED.,.F.,.F.,.F.,(2,2),(2,2),(0.,29.28),(0.,1.),
  .PIECEWISE_BEZIER_KNOTS.);
#1232 = CARTESIAN_POINT('',(14.64,-14.64,0.));
#1233 = CARTESIAN_POINT('',(14.44,-14.44,0.3));
#1234 = CARTESIAN_POINT('',(14.64,14.64,0.));
#1235 = CARTESIAN_POINT('',(14.44,14.44,0.3));
#1236 = ADVANCED_FACE('',(#1237),#1254,.F.);
#1237 = FACE_BOUND('',#1238,.F.);
#1238 = EDGE_LOOP('',(#1239,#1240,#1247,#1253));
#1239 = ORIENTED_EDGE('',*,*,#791,.F.);
#1240 = ORIENTED_EDGE('',*,*,#1241,.T.);
#1241 = EDGE_CURVE('',#784,#1242,#1244,.T.);
#1242 = VERTEX_POINT('',#1243);
#1243 = CARTESIAN_POINT('',(-14.44,14.44,0.3));
#1244 = B_SPLINE_CURVE_WITH_KNOTS('',1,(#1245,#1246),.UNSPECIFIED.,.F.,
  .F.,(2,2),(0.,1.),.PIECEWISE_BEZIER_KNOTS.);
#1245 = CARTESIAN_POINT('',(-14.64,14.64,0.));
#1246 = CARTESIAN_POINT('',(-14.44,14.44,0.3));
#1247 = ORIENTED_EDGE('',*,*,#1248,.T.);
#1248 = EDGE_CURVE('',#1242,#1219,#1249,.T.);
#1249 = LINE('',#1250,#1251);
#1250 = CARTESIAN_POINT('',(-14.44,14.44,0.3));
#1251 = VECTOR('',#1252,1.);
#1252 = DIRECTION('',(1.,0.,0.));
#1253 = ORIENTED_EDGE('',*,*,#1218,.F.);
#1254 = B_SPLINE_SURFACE_WITH_KNOTS('',1,1,(
    (#1255,#1256)
    ,(#1257,#1258
    )),.UNSPECIFIED.,.F.,.F.,.F.,(2,2),(2,2),(-29.28,0.),(0.,1.),
  .PIECEWISE_BEZIER_KNOTS.);
#1255 = CARTESIAN_POINT('',(14.64,14.64,0.));
#1256 = CARTESIAN_POINT('',(14.44,14.44,0.3));
#1257 = CARTESIAN_POINT('',(-14.64,14.64,0.));
#1258 = CARTESIAN_POINT('',(-14.44,14.44,0.3));
#1259 = ADVANCED_FACE('',(#1260),#1271,.F.);
#1260 = FACE_BOUND('',#1261,.F.);
#1261 = EDGE_LOOP('',(#1262,#1263,#1264,#1270));
#1262 = ORIENTED_EDGE('',*,*,#783,.F.);
#1263 = ORIENTED_EDGE('',*,*,#1204,.T.);
#1264 = ORIENTED_EDGE('',*,*,#1265,.T.);
#1265 = EDGE_CURVE('',#1197,#1242,#1266,.T.);
#1266 = LINE('',#1267,#1268);
#1267 = CARTESIAN_POINT('',(-14.44,-14.44,0.3));
#1268 = VECTOR('',#1269,1.);
#1269 = DIRECTION('',(0.,1.,0.));
#1270 = ORIENTED_EDGE('',*,*,#1241,.F.);
#1271 = B_SPLINE_SURFACE_WITH_KNOTS('',1,1,(
    (#1272,#1273)
    ,(#1274,#1275
    )),.UNSPECIFIED.,.F.,.F.,.F.,(2,2),(2,2),(-29.28,0.),(0.,1.),
  .PIECEWISE_BEZIER_KNOTS.);
#1272 = CARTESIAN_POINT('',(-14.64,14.64,0.));
#1273 = CARTESIAN_POINT('',(-14.44,14.44,0.3));
#1274 = CARTESIAN_POINT('',(-14.64,-14.64,0.));
#1275 = CARTESIAN_POINT('',(-14.44,-14.44,0.3));
#1276 = ADVANCED_FACE('',(#1277),#1280,.T.);
#1277 = FACE_BOUND('',#1278,.T.);
#1278 = EDGE_LOOP('',(#1279));
#1279 = ORIENTED_EDGE('',*,*,#813,.T.);
#1280 = PLANE('',#1281);
#1281 = AXIS2_PLACEMENT_3D('',#1282,#1283,#1284);
#1282 = CARTESIAN_POINT('',(-4.,-12.,11.4));
#1283 = DIRECTION('',(0.,0.,1.));
#1284 = DIRECTION('',(1.,0.,0.));
#1285 = ADVANCED_FACE('',(#1286),#1289,.T.);
#1286 = FACE_BOUND('',#1287,.T.);
#1287 = EDGE_LOOP('',(#1288));
#1288 = ORIENTED_EDGE('',*,*,#838,.T.);
#1289 = PLANE('',#1290);
#1290 = AXIS2_PLACEMENT_3D('',#1291,#1292,#1293);
#1291 = CARTESIAN_POINT('',(-12.,-4.,11.4));
#1292 = DIRECTION('',(0.,0.,1.));
#1293 = DIRECTION('',(1.,0.,0.));
#1294 = ADVANCED_FACE('',(#1295),#1298,.T.);
#1295 = FACE_BOUND('',#1296,.T.);
#1296 = EDGE_LOOP('',(#1297));
#1297 = ORIENTED_EDGE('',*,*,#863,.T.);
#1298 = PLANE('',#1299);
#1299 = AXIS2_PLACEMENT_3D('',#1300,#1301,#1302);
#1300 = CARTESIAN_POINT('',(-4.,-4.,11.4));
#1301 = DIRECTION('',(0.,0.,1.));
#1302 = DIRECTION('',(1.,0.,0.));
#1303 = ADVANCED_FACE('',(#1304),#1307,.T.);
#1304 = FACE_BOUND('',#1305,.T.);
#1305 = EDGE_LOOP('',(#1306));
#1306 = ORIENTED_EDGE('',*,*,#888,.T.);
#1307 = PLANE('',#1308);
#1308 = AXIS2_PLACEMENT_3D('',#1309,#1310,#1311);
#1309 = CARTESIAN_POINT('',(4.,-12.,11.4));
#1310 = DIRECTION('',(0.,0.,1.));
#1311 = DIRECTION('',(1.,0.,0.));
#1312 = ADVANCED_FACE('',(#1313),#1316,.T.);
#1313 = FACE_BOUND('',#1314,.T.);
#1314 = EDGE_LOOP('',(#1315));
#1315 = ORIENTED_EDGE('',*,*,#913,.T.);
#1316 = PLANE('',#1317);
#1317 = AXIS2_PLACEMENT_3D('',#1318,#1319,#1320);
#1318 = CARTESIAN_POINT('',(12.,-12.,11.4));
#1319 = DIRECTION('',(0.,0.,1.));
#1320 = DIRECTION('',(1.,0.,0.));
#1321 = ADVANCED_FACE('',(#1322),#1325,.T.);
#1322 = FACE_BOUND('',#1323,.T.);
#1323 = EDGE_LOOP('',(#1324));
#1324 = ORIENTED_EDGE('',*,*,#938,.T.);
#1325 = PLANE('',#1326);
#1326 = AXIS2_PLACEMENT_3D('',#1327,#1328,#1329);
#1327 = CARTESIAN_POINT('',(4.,-4.,11.4));
#1328 = DIRECTION('',(0.,0.,1.));
#1329 = DIRECTION('',(1.,0.,0.));
#1330 = ADVANCED_FACE('',(#1331),#1334,.T.);
#1331 = FACE_BOUND('',#1332,.T.);
#1332 = EDGE_LOOP('',(#1333));
#1333 = ORIENTED_EDGE('',*,*,#963,.T.);
#1334 = PLANE('',#1335);
#1335 = AXIS2_PLACEMENT_3D('',#1336,#1337,#1338);
#1336 = CARTESIAN_POINT('',(12.,-4.,11.4));
#1337 = DIRECTION('',(0.,0.,1.));
#1338 = DIRECTION('',(1.,0.,0.));
#1339 = ADVANCED_FACE('',(#1340),#1343,.T.);
#1340 = FACE_BOUND('',#1341,.T.);
#1341 = EDGE_LOOP('',(#1342));
#1342 = ORIENTED_EDGE('',*,*,#988,.T.);
#1343 = PLANE('',#1344);
#1344 = AXIS2_PLACEMENT_3D('',#1345,#1346,#1347);
#1345 = CARTESIAN_POINT('',(-12.,4.,11.4));
#1346 = DIRECTION('',(0.,0.,1.));
#1347 = DIRECTION('',(1.,0.,0.));
#1348 = ADVANCED_FACE('',(#1349),#1352,.T.);
#1349 = FACE_BOUND('',#1350,.T.);
#1350 = EDGE_LOOP('',(#1351));
#1351 = ORIENTED_EDGE('',*,*,#1013,.T.);
#1352 = PLANE('',#1353);
#1353 = AXIS2_PLACEMENT_3D('',#1354,#1355,#1356);
#1354 = CARTESIAN_POINT('',(-4.,4.,11.4));
#1355 = DIRECTION('',(0.,0.,1.));
#1356 = DIRECTION('',(1.,0.,0.));
#1357 = ADVANCED_FACE('',(#1358),#1361,.T.);
#1358 = FACE_BOUND('',#1359,.T.);
#1359 = EDGE_LOOP('',(#1360));
#1360 = ORIENTED_EDGE('',*,*,#1038,.T.);
#1361 = PLANE('',#1362);
#1362 = AXIS2_PLACEMENT_3D('',#1363,#1364,#1365);
#1363 = CARTESIAN_POINT('',(-12.,12.,11.4));
#1364 = DIRECTION('',(0.,0.,1.));
#1365 = DIRECTION('',(1.,0.,0.));
#1366 = ADVANCED_FACE('',(#1367),#1370,.T.);
#1367 = FACE_BOUND('',#1368,.T.);
#1368 = EDGE_LOOP('',(#1369));
#1369 = ORIENTED_EDGE('',*,*,#1063,.T.);
#1370 = PLANE('',#1371);
#1371 = AXIS2_PLACEMENT_3D('',#1372,#1373,#1374);
#1372 = CARTESIAN_POINT('',(-4.,12.,11.4));
#1373 = DIRECTION('',(0.,0.,1.));
#1374 = DIRECTION('',(1.,0.,0.));
#1375 = ADVANCED_FACE('',(#1376),#1379,.T.);
#1376 = FACE_BOUND('',#1377,.T.);
#1377 = EDGE_LOOP('',(#1378));
#1378 = ORIENTED_EDGE('',*,*,#1088,.T.);
#1379 = PLANE('',#1380);
#1380 = AXIS2_PLACEMENT_3D('',#1381,#1382,#1383);
#1381 = CARTESIAN_POINT('',(4.,4.,11.4));
#1382 = DIRECTION('',(0.,0.,1.));
#1383 = DIRECTION('',(1.,0.,0.));
#1384 = ADVANCED_FACE('',(#1385),#1388,.T.);
#1385 = FACE_BOUND('',#1386,.T.);
#1386 = EDGE_LOOP('',(#1387));
#1387 = ORIENTED_EDGE('',*,*,#1113,.T.);
#1388 = PLANE('',#1389);
#1389 = AXIS2_PLACEMENT_3D('',#1390,#1391,#1392);
#1390 = CARTESIAN_POINT('',(12.,4.,11.4));
#1391 = DIRECTION('',(0.,0.,1.));
#1392 = DIRECTION('',(1.,0.,0.));
#1393 = ADVANCED_FACE('',(#1394),#1397,.T.);
#1394 = FACE_BOUND('',#1395,.T.);
#1395 = EDGE_LOOP('',(#1396));
#1396 = ORIENTED_EDGE('',*,*,#1138,.T.);
#1397 = PLANE('',#1398);
#1398 = AXIS2_PLACEMENT_3D('',#1399,#1400,#1401);
#1399 = CARTESIAN_POINT('',(4.,12.,11.4));
#1400 = DIRECTION('',(0.,0.,1.));
#1401 = DIRECTION('',(1.,0.,0.));
#1402 = ADVANCED_FACE('',(#1403),#1406,.T.);
#1403 = FACE_BOUND('',#1404,.T.);
#1404 = EDGE_LOOP('',(#1405));
#1405 = ORIENTED_EDGE('',*,*,#1163,.T.);
#1406 = PLANE('',#1407);
#1407 = AXIS2_PLACEMENT_3D('',#1408,#1409,#1410);
#1408 = CARTESIAN_POINT('',(12.,12.,11.4));
#1409 = DIRECTION('',(0.,0.,1.));
#1410 = DIRECTION('',(1.,0.,0.));
#1411 = ADVANCED_FACE('',(#1412),#1533,.T.);
#1412 = FACE_BOUND('',#1413,.T.);
#1413 = EDGE_LOOP('',(#1414,#1415,#1423,#1431,#1439,#1447,#1455,#1463,
    #1471,#1479,#1487,#1495,#1503,#1511,#1519,#1527));
#1414 = ORIENTED_EDGE('',*,*,#1196,.F.);
#1415 = ORIENTED_EDGE('',*,*,#1416,.T.);
#1416 = EDGE_CURVE('',#1197,#1417,#1419,.T.);
#1417 = VERTEX_POINT('',#1418);
#1418 = CARTESIAN_POINT('',(-14.44,-14.44,8.));
#1419 = LINE('',#1420,#1421);
#1420 = CARTESIAN_POINT('',(-14.44,-14.44,0.));
#1421 = VECTOR('',#1422,1.);
#1422 = DIRECTION('',(0.,0.,1.));
#1423 = ORIENTED_EDGE('',*,*,#1424,.T.);
#1424 = EDGE_CURVE('',#1417,#1425,#1427,.T.);
#1425 = VERTEX_POINT('',#1426);
#1426 = CARTESIAN_POINT('',(-8.6,-14.44,8.));
#1427 = LINE('',#1428,#1429);
#1428 = CARTESIAN_POINT('',(-14.44,-14.44,8.));
#1429 = VECTOR('',#1430,1.);
#1430 = DIRECTION('',(1.,0.,0.));
#1431 = ORIENTED_EDGE('',*,*,#1432,.F.);
#1432 = EDGE_CURVE('',#1433,#1425,#1435,.T.);
#1433 = VERTEX_POINT('',#1434);
#1434 = CARTESIAN_POINT('',(-8.6,-14.44,6.8));
#1435 = LINE('',#1436,#1437);
#1436 = CARTESIAN_POINT('',(-8.6,-14.44,3.4));
#1437 = VECTOR('',#1438,1.);
#1438 = DIRECTION('',(0.,0.,1.));
#1439 = ORIENTED_EDGE('',*,*,#1440,.T.);
#1440 = EDGE_CURVE('',#1433,#1441,#1443,.T.);
#1441 = VERTEX_POINT('',#1442);
#1442 = CARTESIAN_POINT('',(-7.4,-14.44,6.8));
#1443 = LINE('',#1444,#1445);
#1444 = CARTESIAN_POINT('',(-7.22,-14.44,6.8));
#1445 = VECTOR('',#1446,1.);
#1446 = DIRECTION('',(1.,0.,0.));
#1447 = ORIENTED_EDGE('',*,*,#1448,.T.);
#1448 = EDGE_CURVE('',#1441,#1449,#1451,.T.);
#1449 = VERTEX_POINT('',#1450);
#1450 = CARTESIAN_POINT('',(-7.4,-14.44,8.));
#1451 = LINE('',#1452,#1453);
#1452 = CARTESIAN_POINT('',(-7.4,-14.44,3.4));
#1453 = VECTOR('',#1454,1.);
#1454 = DIRECTION('',(0.,0.,1.));
#1455 = ORIENTED_EDGE('',*,*,#1456,.T.);
#1456 = EDGE_CURVE('',#1449,#1457,#1459,.T.);
#1457 = VERTEX_POINT('',#1458);
#1458 = CARTESIAN_POINT('',(-0.6,-14.44,8.));
#1459 = LINE('',#1460,#1461);
#1460 = CARTESIAN_POINT('',(-14.44,-14.44,8.));
#1461 = VECTOR('',#1462,1.);
#1462 = DIRECTION('',(1.,0.,0.));
#1463 = ORIENTED_EDGE('',*,*,#1464,.F.);
#1464 = EDGE_CURVE('',#1465,#1457,#1467,.T.);
#1465 = VERTEX_POINT('',#1466);
#1466 = CARTESIAN_POINT('',(-0.6,-14.44,6.8));
#1467 = LINE('',#1468,#1469);
#1468 = CARTESIAN_POINT('',(-0.6,-14.44,3.4));
#1469 = VECTOR('',#1470,1.);
#1470 = DIRECTION('',(0.,0.,1.));
#1471 = ORIENTED_EDGE('',*,*,#1472,.T.);
#1472 = EDGE_CURVE('',#1465,#1473,#1475,.T.);
#1473 = VERTEX_POINT('',#1474);
#1474 = CARTESIAN_POINT('',(0.6,-14.44,6.8));
#1475 = LINE('',#1476,#1477);
#1476 = CARTESIAN_POINT('',(-7.22,-14.44,6.8));
#1477 = VECTOR('',#1478,1.);
#1478 = DIRECTION('',(1.,0.,0.));
#1479 = ORIENTED_EDGE('',*,*,#1480,.T.);
#1480 = EDGE_CURVE('',#1473,#1481,#1483,.T.);
#1481 = VERTEX_POINT('',#1482);
#1482 = CARTESIAN_POINT('',(0.6,-14.44,8.));
#1483 = LINE('',#1484,#1485);
#1484 = CARTESIAN_POINT('',(0.6,-14.44,3.4));
#1485 = VECTOR('',#1486,1.);
#1486 = DIRECTION('',(0.,0.,1.));
#1487 = ORIENTED_EDGE('',*,*,#1488,.T.);
#1488 = EDGE_CURVE('',#1481,#1489,#1491,.T.);
#1489 = VERTEX_POINT('',#1490);
#1490 = CARTESIAN_POINT('',(7.4,-14.44,8.));
#1491 = LINE('',#1492,#1493);
#1492 = CARTESIAN_POINT('',(-14.44,-14.44,8.));
#1493 = VECTOR('',#1494,1.);
#1494 = DIRECTION('',(1.,0.,0.));
#1495 = ORIENTED_EDGE('',*,*,#1496,.F.);
#1496 = EDGE_CURVE('',#1497,#1489,#1499,.T.);
#1497 = VERTEX_POINT('',#1498);
#1498 = CARTESIAN_POINT('',(7.4,-14.44,6.8));
#1499 = LINE('',#1500,#1501);
#1500 = CARTESIAN_POINT('',(7.4,-14.44,3.4));
#1501 = VECTOR('',#1502,1.);
#1502 = DIRECTION('',(0.,0.,1.));
#1503 = ORIENTED_EDGE('',*,*,#1504,.T.);
#1504 = EDGE_CURVE('',#1497,#1505,#1507,.T.);
#1505 = VERTEX_POINT('',#1506);
#1506 = CARTESIAN_POINT('',(8.6,-14.44,6.8));
#1507 = LINE('',#1508,#1509);
#1508 = CARTESIAN_POINT('',(-7.22,-14.44,6.8));
#1509 = VECTOR('',#1510,1.);
#1510 = DIRECTION('',(1.,0.,0.));
#1511 = ORIENTED_EDGE('',*,*,#1512,.T.);
#1512 = EDGE_CURVE('',#1505,#1513,#1515,.T.);
#1513 = VERTEX_POINT('',#1514);
#1514 = CARTESIAN_POINT('',(8.6,-14.44,8.));
#1515 = LINE('',#1516,#1517);
#1516 = CARTESIAN_POINT('',(8.6,-14.44,3.4));
#1517 = VECTOR('',#1518,1.);
#1518 = DIRECTION('',(0.,0.,1.));
#1519 = ORIENTED_EDGE('',*,*,#1520,.T.);
#1520 = EDGE_CURVE('',#1513,#1521,#1523,.T.);
#1521 = VERTEX_POINT('',#1522);
#1522 = CARTESIAN_POINT('',(14.44,-14.44,8.));
#1523 = LINE('',#1524,#1525);
#1524 = CARTESIAN_POINT('',(-14.44,-14.44,8.));
#1525 = VECTOR('',#1526,1.);
#1526 = DIRECTION('',(1.,0.,0.));
#1527 = ORIENTED_EDGE('',*,*,#1528,.F.);
#1528 = EDGE_CURVE('',#1190,#1521,#1529,.T.);
#1529 = LINE('',#1530,#1531);
#1530 = CARTESIAN_POINT('',(14.44,-14.44,0.));
#1531 = VECTOR('',#1532,1.);
#1532 = DIRECTION('',(0.,0.,1.));
#1533 = PLANE('',#1534);
#1534 = AXIS2_PLACEMENT_3D('',#1535,#1536,#1537);
#1535 = CARTESIAN_POINT('',(-14.44,-14.44,0.));
#1536 = DIRECTION('',(0.,1.,0.));
#1537 = DIRECTION('',(0.,0.,1.));
#1538 = ADVANCED_FACE('',(#1539),#1653,.F.);
#1539 = FACE_BOUND('',#1540,.F.);
#1540 = EDGE_LOOP('',(#1541,#1542,#1543,#1551,#1559,#1567,#1575,#1583,
    #1591,#1599,#1607,#1615,#1623,#1631,#1639,#1647));
#1541 = ORIENTED_EDGE('',*,*,#1528,.F.);
#1542 = ORIENTED_EDGE('',*,*,#1225,.T.);
#1543 = ORIENTED_EDGE('',*,*,#1544,.T.);
#1544 = EDGE_CURVE('',#1219,#1545,#1547,.T.);
#1545 = VERTEX_POINT('',#1546);
#1546 = CARTESIAN_POINT('',(14.44,14.44,8.));
#1547 = LINE('',#1548,#1549);
#1548 = CARTESIAN_POINT('',(14.44,14.44,0.));
#1549 = VECTOR('',#1550,1.);
#1550 = DIRECTION('',(0.,0.,1.));
#1551 = ORIENTED_EDGE('',*,*,#1552,.F.);
#1552 = EDGE_CURVE('',#1553,#1545,#1555,.T.);
#1553 = VERTEX_POINT('',#1554);
#1554 = CARTESIAN_POINT('',(14.44,8.6,8.));
#1555 = LINE('',#1556,#1557);
#1556 = CARTESIAN_POINT('',(14.44,-14.44,8.));
#1557 = VECTOR('',#1558,1.);
#1558 = DIRECTION('',(0.,1.,0.));
#1559 = ORIENTED_EDGE('',*,*,#1560,.T.);
#1560 = EDGE_CURVE('',#1553,#1561,#1563,.T.);
#1561 = VERTEX_POINT('',#1562);
#1562 = CARTESIAN_POINT('',(14.44,8.6,6.8));
#1563 = LINE('',#1564,#1565);
#1564 = CARTESIAN_POINT('',(14.44,8.6,3.4));
#1565 = VECTOR('',#1566,1.);
#1566 = DIRECTION('',(0.,0.,-1.));
#1567 = ORIENTED_EDGE('',*,*,#1568,.T.);
#1568 = EDGE_CURVE('',#1561,#1569,#1571,.T.);
#1569 = VERTEX_POINT('',#1570);
#1570 = CARTESIAN_POINT('',(14.44,7.4,6.8));
#1571 = LINE('',#1572,#1573);
#1572 = CARTESIAN_POINT('',(14.44,-7.22,6.8));
#1573 = VECTOR('',#1574,1.);
#1574 = DIRECTION('',(0.,-1.,0.));
#1575 = ORIENTED_EDGE('',*,*,#1576,.F.);
#1576 = EDGE_CURVE('',#1577,#1569,#1579,.T.);
#1577 = VERTEX_POINT('',#1578);
#1578 = CARTESIAN_POINT('',(14.44,7.4,8.));
#1579 = LINE('',#1580,#1581);
#1580 = CARTESIAN_POINT('',(14.44,7.4,3.4));
#1581 = VECTOR('',#1582,1.);
#1582 = DIRECTION('',(0.,0.,-1.));
#1583 = ORIENTED_EDGE('',*,*,#1584,.F.);
#1584 = EDGE_CURVE('',#1585,#1577,#1587,.T.);
#1585 = VERTEX_POINT('',#1586);
#1586 = CARTESIAN_POINT('',(14.44,0.6,8.));
#1587 = LINE('',#1588,#1589);
#1588 = CARTESIAN_POINT('',(14.44,-14.44,8.));
#1589 = VECTOR('',#1590,1.);
#1590 = DIRECTION('',(0.,1.,0.));
#1591 = ORIENTED_EDGE('',*,*,#1592,.T.);
#1592 = EDGE_CURVE('',#1585,#1593,#1595,.T.);
#1593 = VERTEX_POINT('',#1594);
#1594 = CARTESIAN_POINT('',(14.44,0.6,6.8));
#1595 = LINE('',#1596,#1597);
#1596 = CARTESIAN_POINT('',(14.44,0.6,3.4));
#1597 = VECTOR('',#1598,1.);
#1598 = DIRECTION('',(0.,0.,-1.));
#1599 = ORIENTED_EDGE('',*,*,#1600,.T.);
#1600 = EDGE_CURVE('',#1593,#1601,#1603,.T.);
#1601 = VERTEX_POINT('',#1602);
#1602 = CARTESIAN_POINT('',(14.44,-0.6,6.8));
#1603 = LINE('',#1604,#1605);
#1604 = CARTESIAN_POINT('',(14.44,-7.22,6.8));
#1605 = VECTOR('',#1606,1.);
#1606 = DIRECTION('',(0.,-1.,0.));
#1607 = ORIENTED_EDGE('',*,*,#1608,.F.);
#1608 = EDGE_CURVE('',#1609,#1601,#1611,.T.);
#1609 = VERTEX_POINT('',#1610);
#1610 = CARTESIAN_POINT('',(14.44,-0.6,8.));
#1611 = LINE('',#1612,#1613);
#1612 = CARTESIAN_POINT('',(14.44,-0.6,3.4));
#1613 = VECTOR('',#1614,1.);
#1614 = DIRECTION('',(0.,0.,-1.));
#1615 = ORIENTED_EDGE('',*,*,#1616,.F.);
#1616 = EDGE_CURVE('',#1617,#1609,#1619,.T.);
#1617 = VERTEX_POINT('',#1618);
#1618 = CARTESIAN_POINT('',(14.44,-7.4,8.));
#1619 = LINE('',#1620,#1621);
#1620 = CARTESIAN_POINT('',(14.44,-14.44,8.));
#1621 = VECTOR('',#1622,1.);
#1622 = DIRECTION('',(0.,1.,0.));
#1623 = ORIENTED_EDGE('',*,*,#1624,.T.);
#1624 = EDGE_CURVE('',#1617,#1625,#1627,.T.);
#1625 = VERTEX_POINT('',#1626);
#1626 = CARTESIAN_POINT('',(14.44,-7.4,6.8));
#1627 = LINE('',#1628,#1629);
#1628 = CARTESIAN_POINT('',(14.44,-7.4,3.4));
#1629 = VECTOR('',#1630,1.);
#1630 = DIRECTION('',(0.,0.,-1.));
#1631 = ORIENTED_EDGE('',*,*,#1632,.T.);
#1632 = EDGE_CURVE('',#1625,#1633,#1635,.T.);
#1633 = VERTEX_POINT('',#1634);
#1634 = CARTESIAN_POINT('',(14.44,-8.6,6.8));
#1635 = LINE('',#1636,#1637);
#1636 = CARTESIAN_POINT('',(14.44,-7.22,6.8));
#1637 = VECTOR('',#1638,1.);
#1638 = DIRECTION('',(0.,-1.,0.));
#1639 = ORIENTED_EDGE('',*,*,#1640,.F.);
#1640 = EDGE_CURVE('',#1641,#1633,#1643,.T.);
#1641 = VERTEX_POINT('',#1642);
#1642 = CARTESIAN_POINT('',(14.44,-8.6,8.));
#1643 = LINE('',#1644,#1645);
#1644 = CARTESIAN_POINT('',(14.44,-8.6,3.4));
#1645 = VECTOR('',#1646,1.);
#1646 = DIRECTION('',(0.,0.,-1.));
#1647 = ORIENTED_EDGE('',*,*,#1648,.F.);
#1648 = EDGE_CURVE('',#1521,#1641,#1649,.T.);
#1649 = LINE('',#1650,#1651);
#1650 = CARTESIAN_POINT('',(14.44,-14.44,8.));
#1651 = VECTOR('',#1652,1.);
#1652 = DIRECTION('',(0.,1.,0.));
#1653 = PLANE('',#1654);
#1654 = AXIS2_PLACEMENT_3D('',#1655,#1656,#1657);
#1655 = CARTESIAN_POINT('',(14.44,-14.44,0.));
#1656 = DIRECTION('',(1.,0.,0.));
#1657 = DIRECTION('',(0.,0.,1.));
#1658 = ADVANCED_FACE('',(#1659),#1773,.F.);
#1659 = FACE_BOUND('',#1660,.F.);
#1660 = EDGE_LOOP('',(#1661,#1662,#1670,#1678,#1686,#1694,#1702,#1710,
    #1718,#1726,#1734,#1742,#1750,#1758,#1766,#1772));
#1661 = ORIENTED_EDGE('',*,*,#1248,.F.);
#1662 = ORIENTED_EDGE('',*,*,#1663,.T.);
#1663 = EDGE_CURVE('',#1242,#1664,#1666,.T.);
#1664 = VERTEX_POINT('',#1665);
#1665 = CARTESIAN_POINT('',(-14.44,14.44,8.));
#1666 = LINE('',#1667,#1668);
#1667 = CARTESIAN_POINT('',(-14.44,14.44,0.));
#1668 = VECTOR('',#1669,1.);
#1669 = DIRECTION('',(0.,0.,1.));
#1670 = ORIENTED_EDGE('',*,*,#1671,.T.);
#1671 = EDGE_CURVE('',#1664,#1672,#1674,.T.);
#1672 = VERTEX_POINT('',#1673);
#1673 = CARTESIAN_POINT('',(-8.6,14.44,8.));
#1674 = LINE('',#1675,#1676);
#1675 = CARTESIAN_POINT('',(-14.44,14.44,8.));
#1676 = VECTOR('',#1677,1.);
#1677 = DIRECTION('',(1.,0.,0.));
#1678 = ORIENTED_EDGE('',*,*,#1679,.F.);
#1679 = EDGE_CURVE('',#1680,#1672,#1682,.T.);
#1680 = VERTEX_POINT('',#1681);
#1681 = CARTESIAN_POINT('',(-8.6,14.44,6.8));
#1682 = LINE('',#1683,#1684);
#1683 = CARTESIAN_POINT('',(-8.6,14.44,3.4));
#1684 = VECTOR('',#1685,1.);
#1685 = DIRECTION('',(0.,0.,1.));
#1686 = ORIENTED_EDGE('',*,*,#1687,.T.);
#1687 = EDGE_CURVE('',#1680,#1688,#1690,.T.);
#1688 = VERTEX_POINT('',#1689);
#1689 = CARTESIAN_POINT('',(-7.4,14.44,6.8));
#1690 = LINE('',#1691,#1692);
#1691 = CARTESIAN_POINT('',(-7.22,14.44,6.8));
#1692 = VECTOR('',#1693,1.);
#1693 = DIRECTION('',(1.,0.,0.));
#1694 = ORIENTED_EDGE('',*,*,#1695,.T.);
#1695 = EDGE_CURVE('',#1688,#1696,#1698,.T.);
#1696 = VERTEX_POINT('',#1697);
#1697 = CARTESIAN_POINT('',(-7.4,14.44,8.));
#1698 = LINE('',#1699,#1700);
#1699 = CARTESIAN_POINT('',(-7.4,14.44,3.4));
#1700 = VECTOR('',#1701,1.);
#1701 = DIRECTION('',(0.,0.,1.));
#1702 = ORIENTED_EDGE('',*,*,#1703,.T.);
#1703 = EDGE_CURVE('',#1696,#1704,#1706,.T.);
#1704 = VERTEX_POINT('',#1705);
#1705 = CARTESIAN_POINT('',(-0.6,14.44,8.));
#1706 = LINE('',#1707,#1708);
#1707 = CARTESIAN_POINT('',(-14.44,14.44,8.));
#1708 = VECTOR('',#1709,1.);
#1709 = DIRECTION('',(1.,0.,0.));
#1710 = ORIENTED_EDGE('',*,*,#1711,.F.);
#1711 = EDGE_CURVE('',#1712,#1704,#1714,.T.);
#1712 = VERTEX_POINT('',#1713);
#1713 = CARTESIAN_POINT('',(-0.6,14.44,6.8));
#1714 = LINE('',#1715,#1716);
#1715 = CARTESIAN_POINT('',(-0.6,14.44,3.4));
#1716 = VECTOR('',#1717,1.);
#1717 = DIRECTION('',(0.,0.,1.));
#1718 = ORIENTED_EDGE('',*,*,#1719,.T.);
#1719 = EDGE_CURVE('',#1712,#1720,#1722,.T.);
#1720 = VERTEX_POINT('',#1721);
#1721 = CARTESIAN_POINT('',(0.6,14.44,6.8));
#1722 = LINE('',#1723,#1724);
#1723 = CARTESIAN_POINT('',(-7.22,14.44,6.8));
#1724 = VECTOR('',#1725,1.);
#1725 = DIRECTION('',(1.,0.,0.));
#1726 = ORIENTED_EDGE('',*,*,#1727,.T.);
#1727 = EDGE_CURVE('',#1720,#1728,#1730,.T.);
#1728 = VERTEX_POINT('',#1729);
#1729 = CARTESIAN_POINT('',(0.6,14.44,8.));
#1730 = LINE('',#1731,#1732);
#1731 = CARTESIAN_POINT('',(0.6,14.44,3.4));
#1732 = VECTOR('',#1733,1.);
#1733 = DIRECTION('',(0.,0.,1.));
#1734 = ORIENTED_EDGE('',*,*,#1735,.T.);
#1735 = EDGE_CURVE('',#1728,#1736,#1738,.T.);
#1736 = VERTEX_POINT('',#1737);
#1737 = CARTESIAN_POINT('',(7.4,14.44,8.));
#1738 = LINE('',#1739,#1740);
#1739 = CARTESIAN_POINT('',(-14.44,14.44,8.));
#1740 = VECTOR('',#1741,1.);
#1741 = DIRECTION('',(1.,0.,0.));
#1742 = ORIENTED_EDGE('',*,*,#1743,.F.);
#1743 = EDGE_CURVE('',#1744,#1736,#1746,.T.);
#1744 = VERTEX_POINT('',#1745);
#1745 = CARTESIAN_POINT('',(7.4,14.44,6.8));
#1746 = LINE('',#1747,#1748);
#1747 = CARTESIAN_POINT('',(7.4,14.44,3.4));
#1748 = VECTOR('',#1749,1.);
#1749 = DIRECTION('',(0.,0.,1.));
#1750 = ORIENTED_EDGE('',*,*,#1751,.T.);
#1751 = EDGE_CURVE('',#1744,#1752,#1754,.T.);
#1752 = VERTEX_POINT('',#1753);
#1753 = CARTESIAN_POINT('',(8.6,14.44,6.8));
#1754 = LINE('',#1755,#1756);
#1755 = CARTESIAN_POINT('',(-7.22,14.44,6.8));
#1756 = VECTOR('',#1757,1.);
#1757 = DIRECTION('',(1.,0.,0.));
#1758 = ORIENTED_EDGE('',*,*,#1759,.T.);
#1759 = EDGE_CURVE('',#1752,#1760,#1762,.T.);
#1760 = VERTEX_POINT('',#1761);
#1761 = CARTESIAN_POINT('',(8.6,14.44,8.));
#1762 = LINE('',#1763,#1764);
#1763 = CARTESIAN_POINT('',(8.6,14.44,3.4));
#1764 = VECTOR('',#1765,1.);
#1765 = DIRECTION('',(0.,0.,1.));
#1766 = ORIENTED_EDGE('',*,*,#1767,.T.);
#1767 = EDGE_CURVE('',#1760,#1545,#1768,.T.);
#1768 = LINE('',#1769,#1770);
#1769 = CARTESIAN_POINT('',(-14.44,14.44,8.));
#1770 = VECTOR('',#1771,1.);
#1771 = DIRECTION('',(1.,0.,0.));
#1772 = ORIENTED_EDGE('',*,*,#1544,.F.);
#1773 = PLANE('',#1774);
#1774 = AXIS2_PLACEMENT_3D('',#1775,#1776,#1777);
#1775 = CARTESIAN_POINT('',(-14.44,14.44,0.));
#1776 = DIRECTION('',(0.,1.,0.));
#1777 = DIRECTION('',(0.,0.,1.));
#1778 = ADVANCED_FACE('',(#1779),#1886,.T.);
#1779 = FACE_BOUND('',#1780,.T.);
#1780 = EDGE_LOOP('',(#1781,#1782,#1783,#1784,#1792,#1800,#1808,#1816,
    #1824,#1832,#1840,#1848,#1856,#1864,#1872,#1880));
#1781 = ORIENTED_EDGE('',*,*,#1416,.F.);
#1782 = ORIENTED_EDGE('',*,*,#1265,.T.);
#1783 = ORIENTED_EDGE('',*,*,#1663,.T.);
#1784 = ORIENTED_EDGE('',*,*,#1785,.F.);
#1785 = EDGE_CURVE('',#1786,#1664,#1788,.T.);
#1786 = VERTEX_POINT('',#1787);
#1787 = CARTESIAN_POINT('',(-14.44,8.6,8.));
#1788 = LINE('',#1789,#1790);
#1789 = CARTESIAN_POINT('',(-14.44,-14.44,8.));
#1790 = VECTOR('',#1791,1.);
#1791 = DIRECTION('',(0.,1.,0.));
#1792 = ORIENTED_EDGE('',*,*,#1793,.T.);
#1793 = EDGE_CURVE('',#1786,#1794,#1796,.T.);
#1794 = VERTEX_POINT('',#1795);
#1795 = CARTESIAN_POINT('',(-14.44,8.6,6.8));
#1796 = LINE('',#1797,#1798);
#1797 = CARTESIAN_POINT('',(-14.44,8.6,3.4));
#1798 = VECTOR('',#1799,1.);
#1799 = DIRECTION('',(0.,0.,-1.));
#1800 = ORIENTED_EDGE('',*,*,#1801,.T.);
#1801 = EDGE_CURVE('',#1794,#1802,#1804,.T.);
#1802 = VERTEX_POINT('',#1803);
#1803 = CARTESIAN_POINT('',(-14.44,7.4,6.8));
#1804 = LINE('',#1805,#1806);
#1805 = CARTESIAN_POINT('',(-14.44,-7.22,6.8));
#1806 = VECTOR('',#1807,1.);
#1807 = DIRECTION('',(0.,-1.,0.));
#1808 = ORIENTED_EDGE('',*,*,#1809,.F.);
#1809 = EDGE_CURVE('',#1810,#1802,#1812,.T.);
#1810 = VERTEX_POINT('',#1811);
#1811 = CARTESIAN_POINT('',(-14.44,7.4,8.));
#1812 = LINE('',#1813,#1814);
#1813 = CARTESIAN_POINT('',(-14.44,7.4,3.4));
#1814 = VECTOR('',#1815,1.);
#1815 = DIRECTION('',(0.,0.,-1.));
#1816 = ORIENTED_EDGE('',*,*,#1817,.F.);
#1817 = EDGE_CURVE('',#1818,#1810,#1820,.T.);
#1818 = VERTEX_POINT('',#1819);
#1819 = CARTESIAN_POINT('',(-14.44,0.6,8.));
#1820 = LINE('',#1821,#1822);
#1821 = CARTESIAN_POINT('',(-14.44,-14.44,8.));
#1822 = VECTOR('',#1823,1.);
#1823 = DIRECTION('',(0.,1.,0.));
#1824 = ORIENTED_EDGE('',*,*,#1825,.T.);
#1825 = EDGE_CURVE('',#1818,#1826,#1828,.T.);
#1826 = VERTEX_POINT('',#1827);
#1827 = CARTESIAN_POINT('',(-14.44,0.6,6.8));
#1828 = LINE('',#1829,#1830);
#1829 = CARTESIAN_POINT('',(-14.44,0.6,3.4));
#1830 = VECTOR('',#1831,1.);
#1831 = DIRECTION('',(0.,0.,-1.));
#1832 = ORIENTED_EDGE('',*,*,#1833,.T.);
#1833 = EDGE_CURVE('',#1826,#1834,#1836,.T.);
#1834 = VERTEX_POINT('',#1835);
#1835 = CARTESIAN_POINT('',(-14.44,-0.6,6.8));
#1836 = LINE('',#1837,#1838);
#1837 = CARTESIAN_POINT('',(-14.44,-7.22,6.8));
#1838 = VECTOR('',#1839,1.);
#1839 = DIRECTION('',(0.,-1.,0.));
#1840 = ORIENTED_EDGE('',*,*,#1841,.F.);
#1841 = EDGE_CURVE('',#1842,#1834,#1844,.T.);
#1842 = VERTEX_POINT('',#1843);
#1843 = CARTESIAN_POINT('',(-14.44,-0.6,8.));
#1844 = LINE('',#1845,#1846);
#1845 = CARTESIAN_POINT('',(-14.44,-0.6,3.4));
#1846 = VECTOR('',#1847,1.);
#1847 = DIRECTION('',(0.,0.,-1.));
#1848 = ORIENTED_EDGE('',*,*,#1849,.F.);
#1849 = EDGE_CURVE('',#1850,#1842,#1852,.T.);
#1850 = VERTEX_POINT('',#1851);
#1851 = CARTESIAN_POINT('',(-14.44,-7.4,8.));
#1852 = LINE('',#1853,#1854);
#1853 = CARTESIAN_POINT('',(-14.44,-14.44,8.));
#1854 = VECTOR('',#1855,1.);
#1855 = DIRECTION('',(0.,1.,0.));
#1856 = ORIENTED_EDGE('',*,*,#1857,.T.);
#1857 = EDGE_CURVE('',#1850,#1858,#1860,.T.);
#1858 = VERTEX_POINT('',#1859);
#1859 = CARTESIAN_POINT('',(-14.44,-7.4,6.8));
#1860 = LINE('',#1861,#1862);
#1861 = CARTESIAN_POINT('',(-14.44,-7.4,3.4));
#1862 = VECTOR('',#1863,1.);
#1863 = DIRECTION('',(0.,0.,-1.));
#1864 = ORIENTED_EDGE('',*,*,#1865,.T.);
#1865 = EDGE_CURVE('',#1858,#1866,#1868,.T.);
#1866 = VERTEX_POINT('',#1867);
#1867 = CARTESIAN_POINT('',(-14.44,-8.6,6.8));
#1868 = LINE('',#1869,#1870);
#1869 = CARTESIAN_POINT('',(-14.44,-7.22,6.8));
#1870 = VECTOR('',#1871,1.);
#1871 = DIRECTION('',(0.,-1.,0.));
#1872 = ORIENTED_EDGE('',*,*,#1873,.F.);
#1873 = EDGE_CURVE('',#1874,#1866,#1876,.T.);
#1874 = VERTEX_POINT('',#1875);
#1875 = CARTESIAN_POINT('',(-14.44,-8.6,8.));
#1876 = LINE('',#1877,#1878);
#1877 = CARTESIAN_POINT('',(-14.44,-8.6,3.4));
#1878 = VECTOR('',#1879,1.);
#1879 = DIRECTION('',(0.,0.,-1.));
#1880 = ORIENTED_EDGE('',*,*,#1881,.F.);
#1881 = EDGE_CURVE('',#1417,#1874,#1882,.T.);
#1882 = LINE('',#1883,#1884);
#1883 = CARTESIAN_POINT('',(-14.44,-14.44,8.));
#1884 = VECTOR('',#1885,1.);
#1885 = DIRECTION('',(0.,1.,0.));
#1886 = PLANE('',#1887);
#1887 = AXIS2_PLACEMENT_3D('',#1888,#1889,#1890);
#1888 = CARTESIAN_POINT('',(-14.44,-14.44,0.));
#1889 = DIRECTION('',(1.,0.,0.));
#1890 = DIRECTION('',(0.,0.,1.));
#1891 = ADVANCED_FACE('',(#1892),#1919,.F.);
#1892 = FACE_BOUND('',#1893,.F.);
#1893 = EDGE_LOOP('',(#1894,#1902,#1903,#1904,#1912));
#1894 = ORIENTED_EDGE('',*,*,#1895,.F.);
#1895 = EDGE_CURVE('',#1513,#1896,#1898,.T.);
#1896 = VERTEX_POINT('',#1897);
#1897 = CARTESIAN_POINT('',(8.6,-11.16040365499,8.));
#1898 = LINE('',#1899,#1900);
#1899 = CARTESIAN_POINT('',(8.6,-15.9,8.));
#1900 = VECTOR('',#1901,1.);
#1901 = DIRECTION('',(0.,1.,0.));
#1902 = ORIENTED_EDGE('',*,*,#1520,.T.);
#1903 = ORIENTED_EDGE('',*,*,#1648,.T.);
#1904 = ORIENTED_EDGE('',*,*,#1905,.F.);
#1905 = EDGE_CURVE('',#1906,#1641,#1908,.T.);
#1906 = VERTEX_POINT('',#1907);
#1907 = CARTESIAN_POINT('',(11.16040365499,-8.6,8.));
#1908 = LINE('',#1909,#1910);
#1909 = CARTESIAN_POINT('',(-15.9,-8.6,8.));
#1910 = VECTOR('',#1911,1.);
#1911 = DIRECTION('',(1.,0.,0.));
#1912 = ORIENTED_EDGE('',*,*,#1913,.F.);
#1913 = EDGE_CURVE('',#1896,#1906,#1914,.T.);
#1914 = CIRCLE('',#1915,3.216854249492);
#1915 = AXIS2_PLACEMENT_3D('',#1916,#1917,#1918);
#1916 = CARTESIAN_POINT('',(8.,-8.,8.));
#1917 = DIRECTION('',(0.,0.,1.));
#1918 = DIRECTION('',(1.,0.,0.));
#1919 = PLANE('',#1920);
#1920 = AXIS2_PLACEMENT_3D('',#1921,#1922,#1923);
#1921 = CARTESIAN_POINT('',(-14.44,-14.44,8.));
#1922 = DIRECTION('',(0.,0.,1.));
#1923 = DIRECTION('',(1.,0.,0.));
#1924 = ADVANCED_FACE('',(#1925),#1943,.T.);
#1925 = FACE_BOUND('',#1926,.T.);
#1926 = EDGE_LOOP('',(#1927,#1928,#1929,#1937));
#1927 = ORIENTED_EDGE('',*,*,#1895,.F.);
#1928 = ORIENTED_EDGE('',*,*,#1512,.F.);
#1929 = ORIENTED_EDGE('',*,*,#1930,.T.);
#1930 = EDGE_CURVE('',#1505,#1931,#1933,.T.);
#1931 = VERTEX_POINT('',#1932);
#1932 = CARTESIAN_POINT('',(8.6,-11.16040365499,6.8));
#1933 = LINE('',#1934,#1935);
#1934 = CARTESIAN_POINT('',(8.6,-15.9,6.8));
#1935 = VECTOR('',#1936,1.);
#1936 = DIRECTION('',(0.,1.,0.));
#1937 = ORIENTED_EDGE('',*,*,#1938,.F.);
#1938 = EDGE_CURVE('',#1896,#1931,#1939,.T.);
#1939 = LINE('',#1940,#1941);
#1940 = CARTESIAN_POINT('',(8.6,-11.16040365499,0.3));
#1941 = VECTOR('',#1942,1.);
#1942 = DIRECTION('',(-0.,-0.,-1.));
#1943 = PLANE('',#1944);
#1944 = AXIS2_PLACEMENT_3D('',#1945,#1946,#1947);
#1945 = CARTESIAN_POINT('',(8.6,-15.9,6.8));
#1946 = DIRECTION('',(1.,0.,0.));
#1947 = DIRECTION('',(0.,0.,1.));
#1948 = ADVANCED_FACE('',(#1949),#1968,.T.);
#1949 = FACE_BOUND('',#1950,.T.);
#1950 = EDGE_LOOP('',(#1951,#1959,#1966,#1967));
#1951 = ORIENTED_EDGE('',*,*,#1952,.T.);
#1952 = EDGE_CURVE('',#1497,#1953,#1955,.T.);
#1953 = VERTEX_POINT('',#1954);
#1954 = CARTESIAN_POINT('',(7.4,-11.16040365499,6.8));
#1955 = LINE('',#1956,#1957);
#1956 = CARTESIAN_POINT('',(7.4,-15.9,6.8));
#1957 = VECTOR('',#1958,1.);
#1958 = DIRECTION('',(0.,1.,0.));
#1959 = ORIENTED_EDGE('',*,*,#1960,.F.);
#1960 = EDGE_CURVE('',#1931,#1953,#1961,.T.);
#1961 = CIRCLE('',#1962,3.216854249492);
#1962 = AXIS2_PLACEMENT_3D('',#1963,#1964,#1965);
#1963 = CARTESIAN_POINT('',(8.,-8.,6.8));
#1964 = DIRECTION('',(0.,0.,-1.));
#1965 = DIRECTION('',(1.,0.,0.));
#1966 = ORIENTED_EDGE('',*,*,#1930,.F.);
#1967 = ORIENTED_EDGE('',*,*,#1504,.F.);
#1968 = PLANE('',#1969);
#1969 = AXIS2_PLACEMENT_3D('',#1970,#1971,#1972);
#1970 = CARTESIAN_POINT('',(-7.09814720662E-16,-7.425754000772E-16,6.8)
  );
#1971 = DIRECTION('',(-0.,-0.,-1.));
#1972 = DIRECTION('',(-1.,0.,0.));
#1973 = ADVANCED_FACE('',(#1974),#1992,.F.);
#1974 = FACE_BOUND('',#1975,.F.);
#1975 = EDGE_LOOP('',(#1976,#1984,#1985,#1986));
#1976 = ORIENTED_EDGE('',*,*,#1977,.F.);
#1977 = EDGE_CURVE('',#1489,#1978,#1980,.T.);
#1978 = VERTEX_POINT('',#1979);
#1979 = CARTESIAN_POINT('',(7.4,-11.16040365499,8.));
#1980 = LINE('',#1981,#1982);
#1981 = CARTESIAN_POINT('',(7.4,-15.9,8.));
#1982 = VECTOR('',#1983,1.);
#1983 = DIRECTION('',(0.,1.,0.));
#1984 = ORIENTED_EDGE('',*,*,#1496,.F.);
#1985 = ORIENTED_EDGE('',*,*,#1952,.T.);
#1986 = ORIENTED_EDGE('',*,*,#1987,.F.);
#1987 = EDGE_CURVE('',#1978,#1953,#1988,.T.);
#1988 = LINE('',#1989,#1990);
#1989 = CARTESIAN_POINT('',(7.4,-11.16040365499,0.3));
#1990 = VECTOR('',#1991,1.);
#1991 = DIRECTION('',(-0.,-0.,-1.));
#1992 = PLANE('',#1993);
#1993 = AXIS2_PLACEMENT_3D('',#1994,#1995,#1996);
#1994 = CARTESIAN_POINT('',(7.4,-15.9,6.8));
#1995 = DIRECTION('',(1.,0.,0.));
#1996 = DIRECTION('',(0.,0.,1.));
#1997 = ADVANCED_FACE('',(#1998),#2034,.F.);
#1998 = FACE_BOUND('',#1999,.F.);
#1999 = EDGE_LOOP('',(#2000,#2008,#2009,#2010,#2019,#2027));
#2000 = ORIENTED_EDGE('',*,*,#2001,.F.);
#2001 = EDGE_CURVE('',#1481,#2002,#2004,.T.);
#2002 = VERTEX_POINT('',#2003);
#2003 = CARTESIAN_POINT('',(0.6,-11.16040365499,8.));
#2004 = LINE('',#2005,#2006);
#2005 = CARTESIAN_POINT('',(0.6,-15.9,8.));
#2006 = VECTOR('',#2007,1.);
#2007 = DIRECTION('',(0.,1.,0.));
#2008 = ORIENTED_EDGE('',*,*,#1488,.T.);
#2009 = ORIENTED_EDGE('',*,*,#1977,.T.);
#2010 = ORIENTED_EDGE('',*,*,#2011,.F.);
#2011 = EDGE_CURVE('',#2012,#1978,#2014,.T.);
#2012 = VERTEX_POINT('',#2013);
#2013 = CARTESIAN_POINT('',(4.83959634501,-8.6,8.));
#2014 = CIRCLE('',#2015,3.216854249492);
#2015 = AXIS2_PLACEMENT_3D('',#2016,#2017,#2018);
#2016 = CARTESIAN_POINT('',(8.,-8.,8.));
#2017 = DIRECTION('',(0.,0.,1.));
#2018 = DIRECTION('',(1.,0.,0.));
#2019 = ORIENTED_EDGE('',*,*,#2020,.F.);
#2020 = EDGE_CURVE('',#2021,#2012,#2023,.T.);
#2021 = VERTEX_POINT('',#2022);
#2022 = CARTESIAN_POINT('',(3.16040365499,-8.6,8.));
#2023 = LINE('',#2024,#2025);
#2024 = CARTESIAN_POINT('',(-15.9,-8.6,8.));
#2025 = VECTOR('',#2026,1.);
#2026 = DIRECTION('',(1.,0.,0.));
#2027 = ORIENTED_EDGE('',*,*,#2028,.F.);
#2028 = EDGE_CURVE('',#2002,#2021,#2029,.T.);
#2029 = CIRCLE('',#2030,3.216854249492);
#2030 = AXIS2_PLACEMENT_3D('',#2031,#2032,#2033);
#2031 = CARTESIAN_POINT('',(0.,-8.,8.));
#2032 = DIRECTION('',(0.,0.,1.));
#2033 = DIRECTION('',(1.,0.,0.));
#2034 = PLANE('',#2035);
#2035 = AXIS2_PLACEMENT_3D('',#2036,#2037,#2038);
#2036 = CARTESIAN_POINT('',(-14.44,-14.44,8.));
#2037 = DIRECTION('',(0.,0.,1.));
#2038 = DIRECTION('',(1.,0.,0.));
#2039 = ADVANCED_FACE('',(#2040),#2058,.T.);
#2040 = FACE_BOUND('',#2041,.T.);
#2041 = EDGE_LOOP('',(#2042,#2043,#2044,#2052));
#2042 = ORIENTED_EDGE('',*,*,#2001,.F.);
#2043 = ORIENTED_EDGE('',*,*,#1480,.F.);
#2044 = ORIENTED_EDGE('',*,*,#2045,.T.);
#2045 = EDGE_CURVE('',#1473,#2046,#2048,.T.);
#2046 = VERTEX_POINT('',#2047);
#2047 = CARTESIAN_POINT('',(0.6,-11.16040365499,6.8));
#2048 = LINE('',#2049,#2050);
#2049 = CARTESIAN_POINT('',(0.6,-15.9,6.8));
#2050 = VECTOR('',#2051,1.);
#2051 = DIRECTION('',(0.,1.,0.));
#2052 = ORIENTED_EDGE('',*,*,#2053,.F.);
#2053 = EDGE_CURVE('',#2002,#2046,#2054,.T.);
#2054 = LINE('',#2055,#2056);
#2055 = CARTESIAN_POINT('',(0.6,-11.16040365499,0.3));
#2056 = VECTOR('',#2057,1.);
#2057 = DIRECTION('',(-0.,-0.,-1.));
#2058 = PLANE('',#2059);
#2059 = AXIS2_PLACEMENT_3D('',#2060,#2061,#2062);
#2060 = CARTESIAN_POINT('',(0.6,-15.9,6.8));
#2061 = DIRECTION('',(1.,0.,0.));
#2062 = DIRECTION('',(0.,0.,1.));
#2063 = ADVANCED_FACE('',(#2064),#2083,.T.);
#2064 = FACE_BOUND('',#2065,.T.);
#2065 = EDGE_LOOP('',(#2066,#2074,#2081,#2082));
#2066 = ORIENTED_EDGE('',*,*,#2067,.T.);
#2067 = EDGE_CURVE('',#1465,#2068,#2070,.T.);
#2068 = VERTEX_POINT('',#2069);
#2069 = CARTESIAN_POINT('',(-0.6,-11.16040365499,6.8));
#2070 = LINE('',#2071,#2072);
#2071 = CARTESIAN_POINT('',(-0.6,-15.9,6.8));
#2072 = VECTOR('',#2073,1.);
#2073 = DIRECTION('',(0.,1.,0.));
#2074 = ORIENTED_EDGE('',*,*,#2075,.F.);
#2075 = EDGE_CURVE('',#2046,#2068,#2076,.T.);
#2076 = CIRCLE('',#2077,3.216854249492);
#2077 = AXIS2_PLACEMENT_3D('',#2078,#2079,#2080);
#2078 = CARTESIAN_POINT('',(0.,-8.,6.8));
#2079 = DIRECTION('',(0.,0.,-1.));
#2080 = DIRECTION('',(1.,0.,0.));
#2081 = ORIENTED_EDGE('',*,*,#2045,.F.);
#2082 = ORIENTED_EDGE('',*,*,#1472,.F.);
#2083 = PLANE('',#2084);
#2084 = AXIS2_PLACEMENT_3D('',#2085,#2086,#2087);
#2085 = CARTESIAN_POINT('',(-7.09814720662E-16,-7.425754000772E-16,6.8)
  );
#2086 = DIRECTION('',(-0.,-0.,-1.));
#2087 = DIRECTION('',(-1.,0.,0.));
#2088 = ADVANCED_FACE('',(#2089),#2107,.F.);
#2089 = FACE_BOUND('',#2090,.F.);
#2090 = EDGE_LOOP('',(#2091,#2099,#2100,#2101));
#2091 = ORIENTED_EDGE('',*,*,#2092,.F.);
#2092 = EDGE_CURVE('',#1457,#2093,#2095,.T.);
#2093 = VERTEX_POINT('',#2094);
#2094 = CARTESIAN_POINT('',(-0.6,-11.16040365499,8.));
#2095 = LINE('',#2096,#2097);
#2096 = CARTESIAN_POINT('',(-0.6,-15.9,8.));
#2097 = VECTOR('',#2098,1.);
#2098 = DIRECTION('',(0.,1.,0.));
#2099 = ORIENTED_EDGE('',*,*,#1464,.F.);
#2100 = ORIENTED_EDGE('',*,*,#2067,.T.);
#2101 = ORIENTED_EDGE('',*,*,#2102,.F.);
#2102 = EDGE_CURVE('',#2093,#2068,#2103,.T.);
#2103 = LINE('',#2104,#2105);
#2104 = CARTESIAN_POINT('',(-0.6,-11.16040365499,0.3));
#2105 = VECTOR('',#2106,1.);
#2106 = DIRECTION('',(-0.,-0.,-1.));
#2107 = PLANE('',#2108);
#2108 = AXIS2_PLACEMENT_3D('',#2109,#2110,#2111);
#2109 = CARTESIAN_POINT('',(-0.6,-15.9,6.8));
#2110 = DIRECTION('',(1.,0.,0.));
#2111 = DIRECTION('',(0.,0.,1.));
#2112 = ADVANCED_FACE('',(#2113),#2149,.F.);
#2113 = FACE_BOUND('',#2114,.F.);
#2114 = EDGE_LOOP('',(#2115,#2123,#2124,#2125,#2134,#2142));
#2115 = ORIENTED_EDGE('',*,*,#2116,.F.);
#2116 = EDGE_CURVE('',#1449,#2117,#2119,.T.);
#2117 = VERTEX_POINT('',#2118);
#2118 = CARTESIAN_POINT('',(-7.4,-11.16040365499,8.));
#2119 = LINE('',#2120,#2121);
#2120 = CARTESIAN_POINT('',(-7.4,-15.9,8.));
#2121 = VECTOR('',#2122,1.);
#2122 = DIRECTION('',(0.,1.,0.));
#2123 = ORIENTED_EDGE('',*,*,#1456,.T.);
#2124 = ORIENTED_EDGE('',*,*,#2092,.T.);
#2125 = ORIENTED_EDGE('',*,*,#2126,.F.);
#2126 = EDGE_CURVE('',#2127,#2093,#2129,.T.);
#2127 = VERTEX_POINT('',#2128);
#2128 = CARTESIAN_POINT('',(-3.16040365499,-8.6,8.));
#2129 = CIRCLE('',#2130,3.216854249492);
#2130 = AXIS2_PLACEMENT_3D('',#2131,#2132,#2133);
#2131 = CARTESIAN_POINT('',(0.,-8.,8.));
#2132 = DIRECTION('',(0.,0.,1.));
#2133 = DIRECTION('',(1.,0.,0.));
#2134 = ORIENTED_EDGE('',*,*,#2135,.F.);
#2135 = EDGE_CURVE('',#2136,#2127,#2138,.T.);
#2136 = VERTEX_POINT('',#2137);
#2137 = CARTESIAN_POINT('',(-4.83959634501,-8.6,8.));
#2138 = LINE('',#2139,#2140);
#2139 = CARTESIAN_POINT('',(-15.9,-8.6,8.));
#2140 = VECTOR('',#2141,1.);
#2141 = DIRECTION('',(1.,0.,0.));
#2142 = ORIENTED_EDGE('',*,*,#2143,.F.);
#2143 = EDGE_CURVE('',#2117,#2136,#2144,.T.);
#2144 = CIRCLE('',#2145,3.216854249492);
#2145 = AXIS2_PLACEMENT_3D('',#2146,#2147,#2148);
#2146 = CARTESIAN_POINT('',(-8.,-8.,8.));
#2147 = DIRECTION('',(0.,0.,1.));
#2148 = DIRECTION('',(1.,0.,0.));
#2149 = PLANE('',#2150);
#2150 = AXIS2_PLACEMENT_3D('',#2151,#2152,#2153);
#2151 = CARTESIAN_POINT('',(-14.44,-14.44,8.));
#2152 = DIRECTION('',(0.,0.,1.));
#2153 = DIRECTION('',(1.,0.,0.));
#2154 = ADVANCED_FACE('',(#2155),#2173,.T.);
#2155 = FACE_BOUND('',#2156,.T.);
#2156 = EDGE_LOOP('',(#2157,#2158,#2159,#2167));
#2157 = ORIENTED_EDGE('',*,*,#2116,.F.);
#2158 = ORIENTED_EDGE('',*,*,#1448,.F.);
#2159 = ORIENTED_EDGE('',*,*,#2160,.T.);
#2160 = EDGE_CURVE('',#1441,#2161,#2163,.T.);
#2161 = VERTEX_POINT('',#2162);
#2162 = CARTESIAN_POINT('',(-7.4,-11.16040365499,6.8));
#2163 = LINE('',#2164,#2165);
#2164 = CARTESIAN_POINT('',(-7.4,-15.9,6.8));
#2165 = VECTOR('',#2166,1.);
#2166 = DIRECTION('',(0.,1.,0.));
#2167 = ORIENTED_EDGE('',*,*,#2168,.F.);
#2168 = EDGE_CURVE('',#2117,#2161,#2169,.T.);
#2169 = LINE('',#2170,#2171);
#2170 = CARTESIAN_POINT('',(-7.4,-11.16040365499,0.3));
#2171 = VECTOR('',#2172,1.);
#2172 = DIRECTION('',(-0.,-0.,-1.));
#2173 = PLANE('',#2174);
#2174 = AXIS2_PLACEMENT_3D('',#2175,#2176,#2177);
#2175 = CARTESIAN_POINT('',(-7.4,-15.9,6.8));
#2176 = DIRECTION('',(1.,0.,0.));
#2177 = DIRECTION('',(0.,0.,1.));
#2178 = ADVANCED_FACE('',(#2179),#2198,.T.);
#2179 = FACE_BOUND('',#2180,.T.);
#2180 = EDGE_LOOP('',(#2181,#2182,#2190,#2197));
#2181 = ORIENTED_EDGE('',*,*,#1440,.F.);
#2182 = ORIENTED_EDGE('',*,*,#2183,.T.);
#2183 = EDGE_CURVE('',#1433,#2184,#2186,.T.);
#2184 = VERTEX_POINT('',#2185);
#2185 = CARTESIAN_POINT('',(-8.6,-11.16040365499,6.8));
#2186 = LINE('',#2187,#2188);
#2187 = CARTESIAN_POINT('',(-8.6,-15.9,6.8));
#2188 = VECTOR('',#2189,1.);
#2189 = DIRECTION('',(0.,1.,0.));
#2190 = ORIENTED_EDGE('',*,*,#2191,.F.);
#2191 = EDGE_CURVE('',#2161,#2184,#2192,.T.);
#2192 = CIRCLE('',#2193,3.216854249492);
#2193 = AXIS2_PLACEMENT_3D('',#2194,#2195,#2196);
#2194 = CARTESIAN_POINT('',(-8.,-8.,6.8));
#2195 = DIRECTION('',(0.,0.,-1.));
#2196 = DIRECTION('',(1.,0.,0.));
#2197 = ORIENTED_EDGE('',*,*,#2160,.F.);
#2198 = PLANE('',#2199);
#2199 = AXIS2_PLACEMENT_3D('',#2200,#2201,#2202);
#2200 = CARTESIAN_POINT('',(-7.09814720662E-16,-7.425754000772E-16,6.8)
  );
#2201 = DIRECTION('',(-0.,-0.,-1.));
#2202 = DIRECTION('',(-1.,0.,0.));
#2203 = ADVANCED_FACE('',(#2204),#2222,.F.);
#2204 = FACE_BOUND('',#2205,.F.);
#2205 = EDGE_LOOP('',(#2206,#2214,#2215,#2216));
#2206 = ORIENTED_EDGE('',*,*,#2207,.F.);
#2207 = EDGE_CURVE('',#1425,#2208,#2210,.T.);
#2208 = VERTEX_POINT('',#2209);
#2209 = CARTESIAN_POINT('',(-8.6,-11.16040365499,8.));
#2210 = LINE('',#2211,#2212);
#2211 = CARTESIAN_POINT('',(-8.6,-15.9,8.));
#2212 = VECTOR('',#2213,1.);
#2213 = DIRECTION('',(0.,1.,0.));
#2214 = ORIENTED_EDGE('',*,*,#1432,.F.);
#2215 = ORIENTED_EDGE('',*,*,#2183,.T.);
#2216 = ORIENTED_EDGE('',*,*,#2217,.F.);
#2217 = EDGE_CURVE('',#2208,#2184,#2218,.T.);
#2218 = LINE('',#2219,#2220);
#2219 = CARTESIAN_POINT('',(-8.6,-11.16040365499,0.3));
#2220 = VECTOR('',#2221,1.);
#2221 = DIRECTION('',(-0.,-0.,-1.));
#2222 = PLANE('',#2223);
#2223 = AXIS2_PLACEMENT_3D('',#2224,#2225,#2226);
#2224 = CARTESIAN_POINT('',(-8.6,-15.9,6.8));
#2225 = DIRECTION('',(1.,0.,0.));
#2226 = DIRECTION('',(0.,0.,1.));
#2227 = ADVANCED_FACE('',(#2228),#2248,.F.);
#2228 = FACE_BOUND('',#2229,.F.);
#2229 = EDGE_LOOP('',(#2230,#2231,#2232,#2233,#2242));
#2230 = ORIENTED_EDGE('',*,*,#1881,.F.);
#2231 = ORIENTED_EDGE('',*,*,#1424,.T.);
#2232 = ORIENTED_EDGE('',*,*,#2207,.T.);
#2233 = ORIENTED_EDGE('',*,*,#2234,.F.);
#2234 = EDGE_CURVE('',#2235,#2208,#2237,.T.);
#2235 = VERTEX_POINT('',#2236);
#2236 = CARTESIAN_POINT('',(-11.16040365499,-8.6,8.));
#2237 = CIRCLE('',#2238,3.216854249492);
#2238 = AXIS2_PLACEMENT_3D('',#2239,#2240,#2241);
#2239 = CARTESIAN_POINT('',(-8.,-8.,8.));
#2240 = DIRECTION('',(0.,0.,1.));
#2241 = DIRECTION('',(1.,0.,0.));
#2242 = ORIENTED_EDGE('',*,*,#2243,.F.);
#2243 = EDGE_CURVE('',#1874,#2235,#2244,.T.);
#2244 = LINE('',#2245,#2246);
#2245 = CARTESIAN_POINT('',(-15.9,-8.6,8.));
#2246 = VECTOR('',#2247,1.);
#2247 = DIRECTION('',(1.,0.,0.));
#2248 = PLANE('',#2249);
#2249 = AXIS2_PLACEMENT_3D('',#2250,#2251,#2252);
#2250 = CARTESIAN_POINT('',(-14.44,-14.44,8.));
#2251 = DIRECTION('',(0.,0.,1.));
#2252 = DIRECTION('',(1.,0.,0.));
#2253 = ADVANCED_FACE('',(#2254),#2272,.F.);
#2254 = FACE_BOUND('',#2255,.F.);
#2255 = EDGE_LOOP('',(#2256,#2264,#2270,#2271));
#2256 = ORIENTED_EDGE('',*,*,#2257,.F.);
#2257 = EDGE_CURVE('',#2258,#1633,#2260,.T.);
#2258 = VERTEX_POINT('',#2259);
#2259 = CARTESIAN_POINT('',(11.16040365499,-8.6,6.8));
#2260 = LINE('',#2261,#2262);
#2261 = CARTESIAN_POINT('',(-15.9,-8.6,6.8));
#2262 = VECTOR('',#2263,1.);
#2263 = DIRECTION('',(1.,0.,0.));
#2264 = ORIENTED_EDGE('',*,*,#2265,.F.);
#2265 = EDGE_CURVE('',#1906,#2258,#2266,.T.);
#2266 = LINE('',#2267,#2268);
#2267 = CARTESIAN_POINT('',(11.16040365499,-8.6,0.3));
#2268 = VECTOR('',#2269,1.);
#2269 = DIRECTION('',(-0.,-0.,-1.));
#2270 = ORIENTED_EDGE('',*,*,#1905,.T.);
#2271 = ORIENTED_EDGE('',*,*,#1640,.T.);
#2272 = PLANE('',#2273);
#2273 = AXIS2_PLACEMENT_3D('',#2274,#2275,#2276);
#2274 = CARTESIAN_POINT('',(-15.9,-8.6,6.8));
#2275 = DIRECTION('',(0.,1.,0.));
#2276 = DIRECTION('',(0.,0.,1.));
#2277 = ADVANCED_FACE('',(#2278),#2306,.T.);
#2278 = FACE_BOUND('',#2279,.T.);
#2279 = EDGE_LOOP('',(#2280,#2281,#2290,#2299,#2305));
#2280 = ORIENTED_EDGE('',*,*,#2257,.F.);
#2281 = ORIENTED_EDGE('',*,*,#2282,.F.);
#2282 = EDGE_CURVE('',#2283,#2258,#2285,.T.);
#2283 = VERTEX_POINT('',#2284);
#2284 = CARTESIAN_POINT('',(11.216854249492,-8.,6.8));
#2285 = CIRCLE('',#2286,3.216854249492);
#2286 = AXIS2_PLACEMENT_3D('',#2287,#2288,#2289);
#2287 = CARTESIAN_POINT('',(8.,-8.,6.8));
#2288 = DIRECTION('',(0.,0.,-1.));
#2289 = DIRECTION('',(1.,0.,0.));
#2290 = ORIENTED_EDGE('',*,*,#2291,.F.);
#2291 = EDGE_CURVE('',#2292,#2283,#2294,.T.);
#2292 = VERTEX_POINT('',#2293);
#2293 = CARTESIAN_POINT('',(11.16040365499,-7.4,6.8));
#2294 = CIRCLE('',#2295,3.216854249492);
#2295 = AXIS2_PLACEMENT_3D('',#2296,#2297,#2298);
#2296 = CARTESIAN_POINT('',(8.,-8.,6.8));
#2297 = DIRECTION('',(0.,0.,-1.));
#2298 = DIRECTION('',(1.,0.,0.));
#2299 = ORIENTED_EDGE('',*,*,#2300,.T.);
#2300 = EDGE_CURVE('',#2292,#1625,#2301,.T.);
#2301 = LINE('',#2302,#2303);
#2302 = CARTESIAN_POINT('',(-15.9,-7.4,6.8));
#2303 = VECTOR('',#2304,1.);
#2304 = DIRECTION('',(1.,0.,0.));
#2305 = ORIENTED_EDGE('',*,*,#1632,.T.);
#2306 = PLANE('',#2307);
#2307 = AXIS2_PLACEMENT_3D('',#2308,#2309,#2310);
#2308 = CARTESIAN_POINT('',(-7.09814720662E-16,-7.425754000772E-16,6.8)
  );
#2309 = DIRECTION('',(-0.,-0.,-1.));
#2310 = DIRECTION('',(-1.,0.,0.));
#2311 = ADVANCED_FACE('',(#2312),#2330,.T.);
#2312 = FACE_BOUND('',#2313,.T.);
#2313 = EDGE_LOOP('',(#2314,#2315,#2323,#2329));
#2314 = ORIENTED_EDGE('',*,*,#2300,.F.);
#2315 = ORIENTED_EDGE('',*,*,#2316,.F.);
#2316 = EDGE_CURVE('',#2317,#2292,#2319,.T.);
#2317 = VERTEX_POINT('',#2318);
#2318 = CARTESIAN_POINT('',(11.16040365499,-7.4,8.));
#2319 = LINE('',#2320,#2321);
#2320 = CARTESIAN_POINT('',(11.16040365499,-7.4,0.3));
#2321 = VECTOR('',#2322,1.);
#2322 = DIRECTION('',(-0.,-0.,-1.));
#2323 = ORIENTED_EDGE('',*,*,#2324,.T.);
#2324 = EDGE_CURVE('',#2317,#1617,#2325,.T.);
#2325 = LINE('',#2326,#2327);
#2326 = CARTESIAN_POINT('',(-15.9,-7.4,8.));
#2327 = VECTOR('',#2328,1.);
#2328 = DIRECTION('',(1.,0.,0.));
#2329 = ORIENTED_EDGE('',*,*,#1624,.T.);
#2330 = PLANE('',#2331);
#2331 = AXIS2_PLACEMENT_3D('',#2332,#2333,#2334);
#2332 = CARTESIAN_POINT('',(-15.9,-7.4,6.8));
#2333 = DIRECTION('',(0.,1.,0.));
#2334 = DIRECTION('',(0.,0.,1.));
#2335 = ADVANCED_FACE('',(#2336),#2372,.F.);
#2336 = FACE_BOUND('',#2337,.F.);
#2337 = EDGE_LOOP('',(#2338,#2339,#2340,#2348,#2357,#2365));
#2338 = ORIENTED_EDGE('',*,*,#2324,.T.);
#2339 = ORIENTED_EDGE('',*,*,#1616,.T.);
#2340 = ORIENTED_EDGE('',*,*,#2341,.F.);
#2341 = EDGE_CURVE('',#2342,#1609,#2344,.T.);
#2342 = VERTEX_POINT('',#2343);
#2343 = CARTESIAN_POINT('',(11.16040365499,-0.6,8.));
#2344 = LINE('',#2345,#2346);
#2345 = CARTESIAN_POINT('',(-15.9,-0.6,8.));
#2346 = VECTOR('',#2347,1.);
#2347 = DIRECTION('',(1.,0.,0.));
#2348 = ORIENTED_EDGE('',*,*,#2349,.F.);
#2349 = EDGE_CURVE('',#2350,#2342,#2352,.T.);
#2350 = VERTEX_POINT('',#2351);
#2351 = CARTESIAN_POINT('',(8.6,-3.16040365499,8.));
#2352 = CIRCLE('',#2353,3.216854249492);
#2353 = AXIS2_PLACEMENT_3D('',#2354,#2355,#2356);
#2354 = CARTESIAN_POINT('',(8.,0.,8.));
#2355 = DIRECTION('',(0.,0.,1.));
#2356 = DIRECTION('',(1.,0.,0.));
#2357 = ORIENTED_EDGE('',*,*,#2358,.F.);
#2358 = EDGE_CURVE('',#2359,#2350,#2361,.T.);
#2359 = VERTEX_POINT('',#2360);
#2360 = CARTESIAN_POINT('',(8.6,-4.83959634501,8.));
#2361 = LINE('',#2362,#2363);
#2362 = CARTESIAN_POINT('',(8.6,-15.9,8.));
#2363 = VECTOR('',#2364,1.);
#2364 = DIRECTION('',(0.,1.,0.));
#2365 = ORIENTED_EDGE('',*,*,#2366,.F.);
#2366 = EDGE_CURVE('',#2317,#2359,#2367,.T.);
#2367 = CIRCLE('',#2368,3.216854249492);
#2368 = AXIS2_PLACEMENT_3D('',#2369,#2370,#2371);
#2369 = CARTESIAN_POINT('',(8.,-8.,8.));
#2370 = DIRECTION('',(0.,0.,1.));
#2371 = DIRECTION('',(1.,0.,0.));
#2372 = PLANE('',#2373);
#2373 = AXIS2_PLACEMENT_3D('',#2374,#2375,#2376);
#2374 = CARTESIAN_POINT('',(-14.44,-14.44,8.));
#2375 = DIRECTION('',(0.,0.,1.));
#2376 = DIRECTION('',(1.,0.,0.));
#2377 = ADVANCED_FACE('',(#2378),#2396,.F.);
#2378 = FACE_BOUND('',#2379,.F.);
#2379 = EDGE_LOOP('',(#2380,#2388,#2394,#2395));
#2380 = ORIENTED_EDGE('',*,*,#2381,.F.);
#2381 = EDGE_CURVE('',#2382,#1601,#2384,.T.);
#2382 = VERTEX_POINT('',#2383);
#2383 = CARTESIAN_POINT('',(11.16040365499,-0.6,6.8));
#2384 = LINE('',#2385,#2386);
#2385 = CARTESIAN_POINT('',(-15.9,-0.6,6.8));
#2386 = VECTOR('',#2387,1.);
#2387 = DIRECTION('',(1.,0.,0.));
#2388 = ORIENTED_EDGE('',*,*,#2389,.F.);
#2389 = EDGE_CURVE('',#2342,#2382,#2390,.T.);
#2390 = LINE('',#2391,#2392);
#2391 = CARTESIAN_POINT('',(11.16040365499,-0.6,0.3));
#2392 = VECTOR('',#2393,1.);
#2393 = DIRECTION('',(-0.,-0.,-1.));
#2394 = ORIENTED_EDGE('',*,*,#2341,.T.);
#2395 = ORIENTED_EDGE('',*,*,#1608,.T.);
#2396 = PLANE('',#2397);
#2397 = AXIS2_PLACEMENT_3D('',#2398,#2399,#2400);
#2398 = CARTESIAN_POINT('',(-15.9,-0.6,6.8));
#2399 = DIRECTION('',(0.,1.,0.));
#2400 = DIRECTION('',(0.,0.,1.));
#2401 = ADVANCED_FACE('',(#2402),#2430,.T.);
#2402 = FACE_BOUND('',#2403,.T.);
#2403 = EDGE_LOOP('',(#2404,#2405,#2414,#2423,#2429));
#2404 = ORIENTED_EDGE('',*,*,#2381,.F.);
#2405 = ORIENTED_EDGE('',*,*,#2406,.F.);
#2406 = EDGE_CURVE('',#2407,#2382,#2409,.T.);
#2407 = VERTEX_POINT('',#2408);
#2408 = CARTESIAN_POINT('',(11.216854249492,-7.879020519929E-16,6.8));
#2409 = CIRCLE('',#2410,3.216854249492);
#2410 = AXIS2_PLACEMENT_3D('',#2411,#2412,#2413);
#2411 = CARTESIAN_POINT('',(8.,0.,6.8));
#2412 = DIRECTION('',(0.,0.,-1.));
#2413 = DIRECTION('',(1.,0.,0.));
#2414 = ORIENTED_EDGE('',*,*,#2415,.F.);
#2415 = EDGE_CURVE('',#2416,#2407,#2418,.T.);
#2416 = VERTEX_POINT('',#2417);
#2417 = CARTESIAN_POINT('',(11.16040365499,0.6,6.8));
#2418 = CIRCLE('',#2419,3.216854249492);
#2419 = AXIS2_PLACEMENT_3D('',#2420,#2421,#2422);
#2420 = CARTESIAN_POINT('',(8.,0.,6.8));
#2421 = DIRECTION('',(0.,0.,-1.));
#2422 = DIRECTION('',(1.,0.,0.));
#2423 = ORIENTED_EDGE('',*,*,#2424,.T.);
#2424 = EDGE_CURVE('',#2416,#1593,#2425,.T.);
#2425 = LINE('',#2426,#2427);
#2426 = CARTESIAN_POINT('',(-15.9,0.6,6.8));
#2427 = VECTOR('',#2428,1.);
#2428 = DIRECTION('',(1.,0.,0.));
#2429 = ORIENTED_EDGE('',*,*,#1600,.T.);
#2430 = PLANE('',#2431);
#2431 = AXIS2_PLACEMENT_3D('',#2432,#2433,#2434);
#2432 = CARTESIAN_POINT('',(-7.09814720662E-16,-7.425754000772E-16,6.8)
  );
#2433 = DIRECTION('',(-0.,-0.,-1.));
#2434 = DIRECTION('',(-1.,0.,0.));
#2435 = ADVANCED_FACE('',(#2436),#2454,.T.);
#2436 = FACE_BOUND('',#2437,.T.);
#2437 = EDGE_LOOP('',(#2438,#2439,#2447,#2453));
#2438 = ORIENTED_EDGE('',*,*,#2424,.F.);
#2439 = ORIENTED_EDGE('',*,*,#2440,.F.);
#2440 = EDGE_CURVE('',#2441,#2416,#2443,.T.);
#2441 = VERTEX_POINT('',#2442);
#2442 = CARTESIAN_POINT('',(11.16040365499,0.6,8.));
#2443 = LINE('',#2444,#2445);
#2444 = CARTESIAN_POINT('',(11.16040365499,0.6,0.3));
#2445 = VECTOR('',#2446,1.);
#2446 = DIRECTION('',(-0.,-0.,-1.));
#2447 = ORIENTED_EDGE('',*,*,#2448,.T.);
#2448 = EDGE_CURVE('',#2441,#1585,#2449,.T.);
#2449 = LINE('',#2450,#2451);
#2450 = CARTESIAN_POINT('',(-15.9,0.6,8.));
#2451 = VECTOR('',#2452,1.);
#2452 = DIRECTION('',(1.,0.,0.));
#2453 = ORIENTED_EDGE('',*,*,#1592,.T.);
#2454 = PLANE('',#2455);
#2455 = AXIS2_PLACEMENT_3D('',#2456,#2457,#2458);
#2456 = CARTESIAN_POINT('',(-15.9,0.6,6.8));
#2457 = DIRECTION('',(0.,1.,0.));
#2458 = DIRECTION('',(0.,0.,1.));
#2459 = ADVANCED_FACE('',(#2460),#2496,.F.);
#2460 = FACE_BOUND('',#2461,.F.);
#2461 = EDGE_LOOP('',(#2462,#2463,#2464,#2472,#2481,#2489));
#2462 = ORIENTED_EDGE('',*,*,#2448,.T.);
#2463 = ORIENTED_EDGE('',*,*,#1584,.T.);
#2464 = ORIENTED_EDGE('',*,*,#2465,.F.);
#2465 = EDGE_CURVE('',#2466,#1577,#2468,.T.);
#2466 = VERTEX_POINT('',#2467);
#2467 = CARTESIAN_POINT('',(11.16040365499,7.4,8.));
#2468 = LINE('',#2469,#2470);
#2469 = CARTESIAN_POINT('',(-15.9,7.4,8.));
#2470 = VECTOR('',#2471,1.);
#2471 = DIRECTION('',(1.,0.,0.));
#2472 = ORIENTED_EDGE('',*,*,#2473,.F.);
#2473 = EDGE_CURVE('',#2474,#2466,#2476,.T.);
#2474 = VERTEX_POINT('',#2475);
#2475 = CARTESIAN_POINT('',(8.6,4.83959634501,8.));
#2476 = CIRCLE('',#2477,3.216854249492);
#2477 = AXIS2_PLACEMENT_3D('',#2478,#2479,#2480);
#2478 = CARTESIAN_POINT('',(8.,8.,8.));
#2479 = DIRECTION('',(0.,0.,1.));
#2480 = DIRECTION('',(1.,0.,0.));
#2481 = ORIENTED_EDGE('',*,*,#2482,.F.);
#2482 = EDGE_CURVE('',#2483,#2474,#2485,.T.);
#2483 = VERTEX_POINT('',#2484);
#2484 = CARTESIAN_POINT('',(8.6,3.16040365499,8.));
#2485 = LINE('',#2486,#2487);
#2486 = CARTESIAN_POINT('',(8.6,-15.9,8.));
#2487 = VECTOR('',#2488,1.);
#2488 = DIRECTION('',(0.,1.,0.));
#2489 = ORIENTED_EDGE('',*,*,#2490,.F.);
#2490 = EDGE_CURVE('',#2441,#2483,#2491,.T.);
#2491 = CIRCLE('',#2492,3.216854249492);
#2492 = AXIS2_PLACEMENT_3D('',#2493,#2494,#2495);
#2493 = CARTESIAN_POINT('',(8.,0.,8.));
#2494 = DIRECTION('',(0.,0.,1.));
#2495 = DIRECTION('',(1.,0.,0.));
#2496 = PLANE('',#2497);
#2497 = AXIS2_PLACEMENT_3D('',#2498,#2499,#2500);
#2498 = CARTESIAN_POINT('',(-14.44,-14.44,8.));
#2499 = DIRECTION('',(0.,0.,1.));
#2500 = DIRECTION('',(1.,0.,0.));
#2501 = ADVANCED_FACE('',(#2502),#2520,.F.);
#2502 = FACE_BOUND('',#2503,.F.);
#2503 = EDGE_LOOP('',(#2504,#2512,#2518,#2519));
#2504 = ORIENTED_EDGE('',*,*,#2505,.F.);
#2505 = EDGE_CURVE('',#2506,#1569,#2508,.T.);
#2506 = VERTEX_POINT('',#2507);
#2507 = CARTESIAN_POINT('',(11.16040365499,7.4,6.8));
#2508 = LINE('',#2509,#2510);
#2509 = CARTESIAN_POINT('',(-15.9,7.4,6.8));
#2510 = VECTOR('',#2511,1.);
#2511 = DIRECTION('',(1.,0.,0.));
#2512 = ORIENTED_EDGE('',*,*,#2513,.F.);
#2513 = EDGE_CURVE('',#2466,#2506,#2514,.T.);
#2514 = LINE('',#2515,#2516);
#2515 = CARTESIAN_POINT('',(11.16040365499,7.4,0.3));
#2516 = VECTOR('',#2517,1.);
#2517 = DIRECTION('',(-0.,-0.,-1.));
#2518 = ORIENTED_EDGE('',*,*,#2465,.T.);
#2519 = ORIENTED_EDGE('',*,*,#1576,.T.);
#2520 = PLANE('',#2521);
#2521 = AXIS2_PLACEMENT_3D('',#2522,#2523,#2524);
#2522 = CARTESIAN_POINT('',(-15.9,7.4,6.8));
#2523 = DIRECTION('',(0.,1.,0.));
#2524 = DIRECTION('',(0.,0.,1.));
#2525 = ADVANCED_FACE('',(#2526),#2554,.T.);
#2526 = FACE_BOUND('',#2527,.T.);
#2527 = EDGE_LOOP('',(#2528,#2529,#2538,#2547,#2553));
#2528 = ORIENTED_EDGE('',*,*,#2505,.F.);
#2529 = ORIENTED_EDGE('',*,*,#2530,.F.);
#2530 = EDGE_CURVE('',#2531,#2506,#2533,.T.);
#2531 = VERTEX_POINT('',#2532);
#2532 = CARTESIAN_POINT('',(11.216854249492,8.,6.8));
#2533 = CIRCLE('',#2534,3.216854249492);
#2534 = AXIS2_PLACEMENT_3D('',#2535,#2536,#2537);
#2535 = CARTESIAN_POINT('',(8.,8.,6.8));
#2536 = DIRECTION('',(0.,0.,-1.));
#2537 = DIRECTION('',(1.,0.,0.));
#2538 = ORIENTED_EDGE('',*,*,#2539,.F.);
#2539 = EDGE_CURVE('',#2540,#2531,#2542,.T.);
#2540 = VERTEX_POINT('',#2541);
#2541 = CARTESIAN_POINT('',(11.16040365499,8.6,6.8));
#2542 = CIRCLE('',#2543,3.216854249492);
#2543 = AXIS2_PLACEMENT_3D('',#2544,#2545,#2546);
#2544 = CARTESIAN_POINT('',(8.,8.,6.8));
#2545 = DIRECTION('',(0.,0.,-1.));
#2546 = DIRECTION('',(1.,0.,0.));
#2547 = ORIENTED_EDGE('',*,*,#2548,.T.);
#2548 = EDGE_CURVE('',#2540,#1561,#2549,.T.);
#2549 = LINE('',#2550,#2551);
#2550 = CARTESIAN_POINT('',(-15.9,8.6,6.8));
#2551 = VECTOR('',#2552,1.);
#2552 = DIRECTION('',(1.,0.,0.));
#2553 = ORIENTED_EDGE('',*,*,#1568,.T.);
#2554 = PLANE('',#2555);
#2555 = AXIS2_PLACEMENT_3D('',#2556,#2557,#2558);
#2556 = CARTESIAN_POINT('',(-7.09814720662E-16,-7.425754000772E-16,6.8)
  );
#2557 = DIRECTION('',(-0.,-0.,-1.));
#2558 = DIRECTION('',(-1.,0.,0.));
#2559 = ADVANCED_FACE('',(#2560),#2578,.T.);
#2560 = FACE_BOUND('',#2561,.T.);
#2561 = EDGE_LOOP('',(#2562,#2563,#2571,#2577));
#2562 = ORIENTED_EDGE('',*,*,#2548,.F.);
#2563 = ORIENTED_EDGE('',*,*,#2564,.F.);
#2564 = EDGE_CURVE('',#2565,#2540,#2567,.T.);
#2565 = VERTEX_POINT('',#2566);
#2566 = CARTESIAN_POINT('',(11.16040365499,8.6,8.));
#2567 = LINE('',#2568,#2569);
#2568 = CARTESIAN_POINT('',(11.16040365499,8.6,0.3));
#2569 = VECTOR('',#2570,1.);
#2570 = DIRECTION('',(-0.,-0.,-1.));
#2571 = ORIENTED_EDGE('',*,*,#2572,.T.);
#2572 = EDGE_CURVE('',#2565,#1553,#2573,.T.);
#2573 = LINE('',#2574,#2575);
#2574 = CARTESIAN_POINT('',(-15.9,8.6,8.));
#2575 = VECTOR('',#2576,1.);
#2576 = DIRECTION('',(1.,0.,0.));
#2577 = ORIENTED_EDGE('',*,*,#1560,.T.);
#2578 = PLANE('',#2579);
#2579 = AXIS2_PLACEMENT_3D('',#2580,#2581,#2582);
#2580 = CARTESIAN_POINT('',(-15.9,8.6,6.8));
#2581 = DIRECTION('',(0.,1.,0.));
#2582 = DIRECTION('',(0.,0.,1.));
#2583 = ADVANCED_FACE('',(#2584),#2604,.F.);
#2584 = FACE_BOUND('',#2585,.F.);
#2585 = EDGE_LOOP('',(#2586,#2587,#2595,#2602,#2603));
#2586 = ORIENTED_EDGE('',*,*,#1767,.F.);
#2587 = ORIENTED_EDGE('',*,*,#2588,.F.);
#2588 = EDGE_CURVE('',#2589,#1760,#2591,.T.);
#2589 = VERTEX_POINT('',#2590);
#2590 = CARTESIAN_POINT('',(8.6,11.16040365499,8.));
#2591 = LINE('',#2592,#2593);
#2592 = CARTESIAN_POINT('',(8.6,-15.9,8.));
#2593 = VECTOR('',#2594,1.);
#2594 = DIRECTION('',(0.,1.,0.));
#2595 = ORIENTED_EDGE('',*,*,#2596,.F.);
#2596 = EDGE_CURVE('',#2565,#2589,#2597,.T.);
#2597 = CIRCLE('',#2598,3.216854249492);
#2598 = AXIS2_PLACEMENT_3D('',#2599,#2600,#2601);
#2599 = CARTESIAN_POINT('',(8.,8.,8.));
#2600 = DIRECTION('',(0.,0.,1.));
#2601 = DIRECTION('',(1.,0.,0.));
#2602 = ORIENTED_EDGE('',*,*,#2572,.T.);
#2603 = ORIENTED_EDGE('',*,*,#1552,.T.);
#2604 = PLANE('',#2605);
#2605 = AXIS2_PLACEMENT_3D('',#2606,#2607,#2608);
#2606 = CARTESIAN_POINT('',(-14.44,-14.44,8.));
#2607 = DIRECTION('',(0.,0.,1.));
#2608 = DIRECTION('',(1.,0.,0.));
#2609 = ADVANCED_FACE('',(#2610),#2628,.T.);
#2610 = FACE_BOUND('',#2611,.T.);
#2611 = EDGE_LOOP('',(#2612,#2613,#2621,#2627));
#2612 = ORIENTED_EDGE('',*,*,#2588,.F.);
#2613 = ORIENTED_EDGE('',*,*,#2614,.T.);
#2614 = EDGE_CURVE('',#2589,#2615,#2617,.T.);
#2615 = VERTEX_POINT('',#2616);
#2616 = CARTESIAN_POINT('',(8.6,11.16040365499,6.8));
#2617 = LINE('',#2618,#2619);
#2618 = CARTESIAN_POINT('',(8.6,11.16040365499,0.3));
#2619 = VECTOR('',#2620,1.);
#2620 = DIRECTION('',(-0.,-0.,-1.));
#2621 = ORIENTED_EDGE('',*,*,#2622,.T.);
#2622 = EDGE_CURVE('',#2615,#1752,#2623,.T.);
#2623 = LINE('',#2624,#2625);
#2624 = CARTESIAN_POINT('',(8.6,-15.9,6.8));
#2625 = VECTOR('',#2626,1.);
#2626 = DIRECTION('',(0.,1.,0.));
#2627 = ORIENTED_EDGE('',*,*,#1759,.T.);
#2628 = PLANE('',#2629);
#2629 = AXIS2_PLACEMENT_3D('',#2630,#2631,#2632);
#2630 = CARTESIAN_POINT('',(8.6,-15.9,6.8));
#2631 = DIRECTION('',(1.,0.,0.));
#2632 = DIRECTION('',(0.,0.,1.));
#2633 = ADVANCED_FACE('',(#2634),#2653,.T.);
#2634 = FACE_BOUND('',#2635,.T.);
#2635 = EDGE_LOOP('',(#2636,#2645,#2651,#2652));
#2636 = ORIENTED_EDGE('',*,*,#2637,.F.);
#2637 = EDGE_CURVE('',#2638,#2615,#2640,.T.);
#2638 = VERTEX_POINT('',#2639);
#2639 = CARTESIAN_POINT('',(7.4,11.16040365499,6.8));
#2640 = CIRCLE('',#2641,3.216854249492);
#2641 = AXIS2_PLACEMENT_3D('',#2642,#2643,#2644);
#2642 = CARTESIAN_POINT('',(8.,8.,6.8));
#2643 = DIRECTION('',(0.,0.,-1.));
#2644 = DIRECTION('',(1.,0.,0.));
#2645 = ORIENTED_EDGE('',*,*,#2646,.T.);
#2646 = EDGE_CURVE('',#2638,#1744,#2647,.T.);
#2647 = LINE('',#2648,#2649);
#2648 = CARTESIAN_POINT('',(7.4,-15.9,6.8));
#2649 = VECTOR('',#2650,1.);
#2650 = DIRECTION('',(0.,1.,0.));
#2651 = ORIENTED_EDGE('',*,*,#1751,.T.);
#2652 = ORIENTED_EDGE('',*,*,#2622,.F.);
#2653 = PLANE('',#2654);
#2654 = AXIS2_PLACEMENT_3D('',#2655,#2656,#2657);
#2655 = CARTESIAN_POINT('',(-7.09814720662E-16,-7.425754000772E-16,6.8)
  );
#2656 = DIRECTION('',(-0.,-0.,-1.));
#2657 = DIRECTION('',(-1.,0.,0.));
#2658 = ADVANCED_FACE('',(#2659),#2677,.F.);
#2659 = FACE_BOUND('',#2660,.F.);
#2660 = EDGE_LOOP('',(#2661,#2669,#2675,#2676));
#2661 = ORIENTED_EDGE('',*,*,#2662,.F.);
#2662 = EDGE_CURVE('',#2663,#1736,#2665,.T.);
#2663 = VERTEX_POINT('',#2664);
#2664 = CARTESIAN_POINT('',(7.4,11.160403654991,8.));
#2665 = LINE('',#2666,#2667);
#2666 = CARTESIAN_POINT('',(7.4,-15.9,8.));
#2667 = VECTOR('',#2668,1.);
#2668 = DIRECTION('',(0.,1.,0.));
#2669 = ORIENTED_EDGE('',*,*,#2670,.T.);
#2670 = EDGE_CURVE('',#2663,#2638,#2671,.T.);
#2671 = LINE('',#2672,#2673);
#2672 = CARTESIAN_POINT('',(7.4,11.16040365499,0.3));
#2673 = VECTOR('',#2674,1.);
#2674 = DIRECTION('',(-0.,-0.,-1.));
#2675 = ORIENTED_EDGE('',*,*,#2646,.T.);
#2676 = ORIENTED_EDGE('',*,*,#1743,.T.);
#2677 = PLANE('',#2678);
#2678 = AXIS2_PLACEMENT_3D('',#2679,#2680,#2681);
#2679 = CARTESIAN_POINT('',(7.4,-15.9,6.8));
#2680 = DIRECTION('',(1.,0.,0.));
#2681 = DIRECTION('',(0.,0.,1.));
#2682 = ADVANCED_FACE('',(#2683),#2719,.F.);
#2683 = FACE_BOUND('',#2684,.F.);
#2684 = EDGE_LOOP('',(#2685,#2686,#2694,#2703,#2711,#2718));
#2685 = ORIENTED_EDGE('',*,*,#1735,.F.);
#2686 = ORIENTED_EDGE('',*,*,#2687,.F.);
#2687 = EDGE_CURVE('',#2688,#1728,#2690,.T.);
#2688 = VERTEX_POINT('',#2689);
#2689 = CARTESIAN_POINT('',(0.6,11.16040365499,8.));
#2690 = LINE('',#2691,#2692);
#2691 = CARTESIAN_POINT('',(0.6,-15.9,8.));
#2692 = VECTOR('',#2693,1.);
#2693 = DIRECTION('',(0.,1.,0.));
#2694 = ORIENTED_EDGE('',*,*,#2695,.F.);
#2695 = EDGE_CURVE('',#2696,#2688,#2698,.T.);
#2696 = VERTEX_POINT('',#2697);
#2697 = CARTESIAN_POINT('',(3.16040365499,8.6,8.));
#2698 = CIRCLE('',#2699,3.216854249492);
#2699 = AXIS2_PLACEMENT_3D('',#2700,#2701,#2702);
#2700 = CARTESIAN_POINT('',(0.,8.,8.));
#2701 = DIRECTION('',(0.,0.,1.));
#2702 = DIRECTION('',(1.,0.,0.));
#2703 = ORIENTED_EDGE('',*,*,#2704,.T.);
#2704 = EDGE_CURVE('',#2696,#2705,#2707,.T.);
#2705 = VERTEX_POINT('',#2706);
#2706 = CARTESIAN_POINT('',(4.83959634501,8.6,8.));
#2707 = LINE('',#2708,#2709);
#2708 = CARTESIAN_POINT('',(-15.9,8.6,8.));
#2709 = VECTOR('',#2710,1.);
#2710 = DIRECTION('',(1.,0.,0.));
#2711 = ORIENTED_EDGE('',*,*,#2712,.F.);
#2712 = EDGE_CURVE('',#2663,#2705,#2713,.T.);
#2713 = CIRCLE('',#2714,3.216854249492);
#2714 = AXIS2_PLACEMENT_3D('',#2715,#2716,#2717);
#2715 = CARTESIAN_POINT('',(8.,8.,8.));
#2716 = DIRECTION('',(0.,0.,1.));
#2717 = DIRECTION('',(1.,0.,0.));
#2718 = ORIENTED_EDGE('',*,*,#2662,.T.);
#2719 = PLANE('',#2720);
#2720 = AXIS2_PLACEMENT_3D('',#2721,#2722,#2723);
#2721 = CARTESIAN_POINT('',(-14.44,-14.44,8.));
#2722 = DIRECTION('',(0.,0.,1.));
#2723 = DIRECTION('',(1.,0.,0.));
#2724 = ADVANCED_FACE('',(#2725),#2743,.T.);
#2725 = FACE_BOUND('',#2726,.T.);
#2726 = EDGE_LOOP('',(#2727,#2728,#2736,#2742));
#2727 = ORIENTED_EDGE('',*,*,#2687,.F.);
#2728 = ORIENTED_EDGE('',*,*,#2729,.T.);
#2729 = EDGE_CURVE('',#2688,#2730,#2732,.T.);
#2730 = VERTEX_POINT('',#2731);
#2731 = CARTESIAN_POINT('',(0.6,11.16040365499,6.8));
#2732 = LINE('',#2733,#2734);
#2733 = CARTESIAN_POINT('',(0.6,11.16040365499,0.3));
#2734 = VECTOR('',#2735,1.);
#2735 = DIRECTION('',(-0.,-0.,-1.));
#2736 = ORIENTED_EDGE('',*,*,#2737,.T.);
#2737 = EDGE_CURVE('',#2730,#1720,#2738,.T.);
#2738 = LINE('',#2739,#2740);
#2739 = CARTESIAN_POINT('',(0.6,-15.9,6.8));
#2740 = VECTOR('',#2741,1.);
#2741 = DIRECTION('',(0.,1.,0.));
#2742 = ORIENTED_EDGE('',*,*,#1727,.T.);
#2743 = PLANE('',#2744);
#2744 = AXIS2_PLACEMENT_3D('',#2745,#2746,#2747);
#2745 = CARTESIAN_POINT('',(0.6,-15.9,6.8));
#2746 = DIRECTION('',(1.,0.,0.));
#2747 = DIRECTION('',(0.,0.,1.));
#2748 = ADVANCED_FACE('',(#2749),#2768,.T.);
#2749 = FACE_BOUND('',#2750,.T.);
#2750 = EDGE_LOOP('',(#2751,#2760,#2766,#2767));
#2751 = ORIENTED_EDGE('',*,*,#2752,.F.);
#2752 = EDGE_CURVE('',#2753,#2730,#2755,.T.);
#2753 = VERTEX_POINT('',#2754);
#2754 = CARTESIAN_POINT('',(-0.6,11.16040365499,6.8));
#2755 = CIRCLE('',#2756,3.216854249492);
#2756 = AXIS2_PLACEMENT_3D('',#2757,#2758,#2759);
#2757 = CARTESIAN_POINT('',(0.,8.,6.8));
#2758 = DIRECTION('',(0.,0.,-1.));
#2759 = DIRECTION('',(1.,0.,0.));
#2760 = ORIENTED_EDGE('',*,*,#2761,.T.);
#2761 = EDGE_CURVE('',#2753,#1712,#2762,.T.);
#2762 = LINE('',#2763,#2764);
#2763 = CARTESIAN_POINT('',(-0.6,-15.9,6.8));
#2764 = VECTOR('',#2765,1.);
#2765 = DIRECTION('',(0.,1.,0.));
#2766 = ORIENTED_EDGE('',*,*,#1719,.T.);
#2767 = ORIENTED_EDGE('',*,*,#2737,.F.);
#2768 = PLANE('',#2769);
#2769 = AXIS2_PLACEMENT_3D('',#2770,#2771,#2772);
#2770 = CARTESIAN_POINT('',(-7.09814720662E-16,-7.425754000772E-16,6.8)
  );
#2771 = DIRECTION('',(-0.,-0.,-1.));
#2772 = DIRECTION('',(-1.,0.,0.));
#2773 = ADVANCED_FACE('',(#2774),#2792,.F.);
#2774 = FACE_BOUND('',#2775,.F.);
#2775 = EDGE_LOOP('',(#2776,#2784,#2790,#2791));
#2776 = ORIENTED_EDGE('',*,*,#2777,.F.);
#2777 = EDGE_CURVE('',#2778,#1704,#2780,.T.);
#2778 = VERTEX_POINT('',#2779);
#2779 = CARTESIAN_POINT('',(-0.6,11.160403654991,8.));
#2780 = LINE('',#2781,#2782);
#2781 = CARTESIAN_POINT('',(-0.6,-15.9,8.));
#2782 = VECTOR('',#2783,1.);
#2783 = DIRECTION('',(0.,1.,0.));
#2784 = ORIENTED_EDGE('',*,*,#2785,.T.);
#2785 = EDGE_CURVE('',#2778,#2753,#2786,.T.);
#2786 = LINE('',#2787,#2788);
#2787 = CARTESIAN_POINT('',(-0.6,11.16040365499,0.3));
#2788 = VECTOR('',#2789,1.);
#2789 = DIRECTION('',(-0.,-0.,-1.));
#2790 = ORIENTED_EDGE('',*,*,#2761,.T.);
#2791 = ORIENTED_EDGE('',*,*,#1711,.T.);
#2792 = PLANE('',#2793);
#2793 = AXIS2_PLACEMENT_3D('',#2794,#2795,#2796);
#2794 = CARTESIAN_POINT('',(-0.6,-15.9,6.8));
#2795 = DIRECTION('',(1.,0.,0.));
#2796 = DIRECTION('',(0.,0.,1.));
#2797 = ADVANCED_FACE('',(#2798),#2834,.F.);
#2798 = FACE_BOUND('',#2799,.F.);
#2799 = EDGE_LOOP('',(#2800,#2801,#2809,#2818,#2826,#2833));
#2800 = ORIENTED_EDGE('',*,*,#1703,.F.);
#2801 = ORIENTED_EDGE('',*,*,#2802,.F.);
#2802 = EDGE_CURVE('',#2803,#1696,#2805,.T.);
#2803 = VERTEX_POINT('',#2804);
#2804 = CARTESIAN_POINT('',(-7.4,11.16040365499,8.));
#2805 = LINE('',#2806,#2807);
#2806 = CARTESIAN_POINT('',(-7.4,-15.9,8.));
#2807 = VECTOR('',#2808,1.);
#2808 = DIRECTION('',(0.,1.,0.));
#2809 = ORIENTED_EDGE('',*,*,#2810,.F.);
#2810 = EDGE_CURVE('',#2811,#2803,#2813,.T.);
#2811 = VERTEX_POINT('',#2812);
#2812 = CARTESIAN_POINT('',(-4.83959634501,8.6,8.));
#2813 = CIRCLE('',#2814,3.216854249492);
#2814 = AXIS2_PLACEMENT_3D('',#2815,#2816,#2817);
#2815 = CARTESIAN_POINT('',(-8.,8.,8.));
#2816 = DIRECTION('',(0.,0.,1.));
#2817 = DIRECTION('',(1.,0.,0.));
#2818 = ORIENTED_EDGE('',*,*,#2819,.T.);
#2819 = EDGE_CURVE('',#2811,#2820,#2822,.T.);
#2820 = VERTEX_POINT('',#2821);
#2821 = CARTESIAN_POINT('',(-3.16040365499,8.6,8.));
#2822 = LINE('',#2823,#2824);
#2823 = CARTESIAN_POINT('',(-15.9,8.6,8.));
#2824 = VECTOR('',#2825,1.);
#2825 = DIRECTION('',(1.,0.,0.));
#2826 = ORIENTED_EDGE('',*,*,#2827,.F.);
#2827 = EDGE_CURVE('',#2778,#2820,#2828,.T.);
#2828 = CIRCLE('',#2829,3.216854249492);
#2829 = AXIS2_PLACEMENT_3D('',#2830,#2831,#2832);
#2830 = CARTESIAN_POINT('',(0.,8.,8.));
#2831 = DIRECTION('',(0.,0.,1.));
#2832 = DIRECTION('',(1.,0.,0.));
#2833 = ORIENTED_EDGE('',*,*,#2777,.T.);
#2834 = PLANE('',#2835);
#2835 = AXIS2_PLACEMENT_3D('',#2836,#2837,#2838);
#2836 = CARTESIAN_POINT('',(-14.44,-14.44,8.));
#2837 = DIRECTION('',(0.,0.,1.));
#2838 = DIRECTION('',(1.,0.,0.));
#2839 = ADVANCED_FACE('',(#2840),#2858,.T.);
#2840 = FACE_BOUND('',#2841,.T.);
#2841 = EDGE_LOOP('',(#2842,#2843,#2851,#2857));
#2842 = ORIENTED_EDGE('',*,*,#2802,.F.);
#2843 = ORIENTED_EDGE('',*,*,#2844,.T.);
#2844 = EDGE_CURVE('',#2803,#2845,#2847,.T.);
#2845 = VERTEX_POINT('',#2846);
#2846 = CARTESIAN_POINT('',(-7.4,11.16040365499,6.8));
#2847 = LINE('',#2848,#2849);
#2848 = CARTESIAN_POINT('',(-7.4,11.16040365499,0.3));
#2849 = VECTOR('',#2850,1.);
#2850 = DIRECTION('',(-0.,-0.,-1.));
#2851 = ORIENTED_EDGE('',*,*,#2852,.T.);
#2852 = EDGE_CURVE('',#2845,#1688,#2853,.T.);
#2853 = LINE('',#2854,#2855);
#2854 = CARTESIAN_POINT('',(-7.4,-15.9,6.8));
#2855 = VECTOR('',#2856,1.);
#2856 = DIRECTION('',(0.,1.,0.));
#2857 = ORIENTED_EDGE('',*,*,#1695,.T.);
#2858 = PLANE('',#2859);
#2859 = AXIS2_PLACEMENT_3D('',#2860,#2861,#2862);
#2860 = CARTESIAN_POINT('',(-7.4,-15.9,6.8));
#2861 = DIRECTION('',(1.,0.,0.));
#2862 = DIRECTION('',(0.,0.,1.));
#2863 = ADVANCED_FACE('',(#2864),#2883,.T.);
#2864 = FACE_BOUND('',#2865,.T.);
#2865 = EDGE_LOOP('',(#2866,#2875,#2881,#2882));
#2866 = ORIENTED_EDGE('',*,*,#2867,.F.);
#2867 = EDGE_CURVE('',#2868,#2845,#2870,.T.);
#2868 = VERTEX_POINT('',#2869);
#2869 = CARTESIAN_POINT('',(-8.6,11.16040365499,6.8));
#2870 = CIRCLE('',#2871,3.216854249492);
#2871 = AXIS2_PLACEMENT_3D('',#2872,#2873,#2874);
#2872 = CARTESIAN_POINT('',(-8.,8.,6.8));
#2873 = DIRECTION('',(0.,0.,-1.));
#2874 = DIRECTION('',(1.,0.,0.));
#2875 = ORIENTED_EDGE('',*,*,#2876,.T.);
#2876 = EDGE_CURVE('',#2868,#1680,#2877,.T.);
#2877 = LINE('',#2878,#2879);
#2878 = CARTESIAN_POINT('',(-8.6,-15.9,6.8));
#2879 = VECTOR('',#2880,1.);
#2880 = DIRECTION('',(0.,1.,0.));
#2881 = ORIENTED_EDGE('',*,*,#1687,.T.);
#2882 = ORIENTED_EDGE('',*,*,#2852,.F.);
#2883 = PLANE('',#2884);
#2884 = AXIS2_PLACEMENT_3D('',#2885,#2886,#2887);
#2885 = CARTESIAN_POINT('',(-7.09814720662E-16,-7.425754000772E-16,6.8)
  );
#2886 = DIRECTION('',(-0.,-0.,-1.));
#2887 = DIRECTION('',(-1.,0.,0.));
#2888 = ADVANCED_FACE('',(#2889),#2907,.F.);
#2889 = FACE_BOUND('',#2890,.F.);
#2890 = EDGE_LOOP('',(#2891,#2899,#2905,#2906));
#2891 = ORIENTED_EDGE('',*,*,#2892,.F.);
#2892 = EDGE_CURVE('',#2893,#1672,#2895,.T.);
#2893 = VERTEX_POINT('',#2894);
#2894 = CARTESIAN_POINT('',(-8.6,11.160403654991,8.));
#2895 = LINE('',#2896,#2897);
#2896 = CARTESIAN_POINT('',(-8.6,-15.9,8.));
#2897 = VECTOR('',#2898,1.);
#2898 = DIRECTION('',(0.,1.,0.));
#2899 = ORIENTED_EDGE('',*,*,#2900,.T.);
#2900 = EDGE_CURVE('',#2893,#2868,#2901,.T.);
#2901 = LINE('',#2902,#2903);
#2902 = CARTESIAN_POINT('',(-8.6,11.16040365499,0.3));
#2903 = VECTOR('',#2904,1.);
#2904 = DIRECTION('',(-0.,-0.,-1.));
#2905 = ORIENTED_EDGE('',*,*,#2876,.T.);
#2906 = ORIENTED_EDGE('',*,*,#1679,.T.);
#2907 = PLANE('',#2908);
#2908 = AXIS2_PLACEMENT_3D('',#2909,#2910,#2911);
#2909 = CARTESIAN_POINT('',(-8.6,-15.9,6.8));
#2910 = DIRECTION('',(1.,0.,0.));
#2911 = DIRECTION('',(0.,0.,1.));
#2912 = ADVANCED_FACE('',(#2913),#2933,.F.);
#2913 = FACE_BOUND('',#2914,.F.);
#2914 = EDGE_LOOP('',(#2915,#2916,#2924,#2931,#2932));
#2915 = ORIENTED_EDGE('',*,*,#1785,.F.);
#2916 = ORIENTED_EDGE('',*,*,#2917,.T.);
#2917 = EDGE_CURVE('',#1786,#2918,#2920,.T.);
#2918 = VERTEX_POINT('',#2919);
#2919 = CARTESIAN_POINT('',(-11.16040365499,8.6,8.));
#2920 = LINE('',#2921,#2922);
#2921 = CARTESIAN_POINT('',(-15.9,8.6,8.));
#2922 = VECTOR('',#2923,1.);
#2923 = DIRECTION('',(1.,0.,0.));
#2924 = ORIENTED_EDGE('',*,*,#2925,.F.);
#2925 = EDGE_CURVE('',#2893,#2918,#2926,.T.);
#2926 = CIRCLE('',#2927,3.216854249492);
#2927 = AXIS2_PLACEMENT_3D('',#2928,#2929,#2930);
#2928 = CARTESIAN_POINT('',(-8.,8.,8.));
#2929 = DIRECTION('',(0.,0.,1.));
#2930 = DIRECTION('',(1.,0.,0.));
#2931 = ORIENTED_EDGE('',*,*,#2892,.T.);
#2932 = ORIENTED_EDGE('',*,*,#1671,.F.);
#2933 = PLANE('',#2934);
#2934 = AXIS2_PLACEMENT_3D('',#2935,#2936,#2937);
#2935 = CARTESIAN_POINT('',(-14.44,-14.44,8.));
#2936 = DIRECTION('',(0.,0.,1.));
#2937 = DIRECTION('',(1.,0.,0.));
#2938 = ADVANCED_FACE('',(#2939),#2957,.F.);
#2939 = FACE_BOUND('',#2940,.F.);
#2940 = EDGE_LOOP('',(#2941,#2949,#2950,#2951));
#2941 = ORIENTED_EDGE('',*,*,#2942,.F.);
#2942 = EDGE_CURVE('',#1866,#2943,#2945,.T.);
#2943 = VERTEX_POINT('',#2944);
#2944 = CARTESIAN_POINT('',(-11.16040365499,-8.6,6.8));
#2945 = LINE('',#2946,#2947);
#2946 = CARTESIAN_POINT('',(-15.9,-8.6,6.8));
#2947 = VECTOR('',#2948,1.);
#2948 = DIRECTION('',(1.,0.,0.));
#2949 = ORIENTED_EDGE('',*,*,#1873,.F.);
#2950 = ORIENTED_EDGE('',*,*,#2243,.T.);
#2951 = ORIENTED_EDGE('',*,*,#2952,.T.);
#2952 = EDGE_CURVE('',#2235,#2943,#2953,.T.);
#2953 = LINE('',#2954,#2955);
#2954 = CARTESIAN_POINT('',(-11.16040365499,-8.6,0.3));
#2955 = VECTOR('',#2956,1.);
#2956 = DIRECTION('',(-0.,-0.,-1.));
#2957 = PLANE('',#2958);
#2958 = AXIS2_PLACEMENT_3D('',#2959,#2960,#2961);
#2959 = CARTESIAN_POINT('',(-15.9,-8.6,6.8));
#2960 = DIRECTION('',(0.,1.,0.));
#2961 = DIRECTION('',(0.,0.,1.));
#2962 = ADVANCED_FACE('',(#2963),#2982,.T.);
#2963 = FACE_BOUND('',#2964,.T.);
#2964 = EDGE_LOOP('',(#2965,#2974,#2975,#2976));
#2965 = ORIENTED_EDGE('',*,*,#2966,.F.);
#2966 = EDGE_CURVE('',#2943,#2967,#2969,.T.);
#2967 = VERTEX_POINT('',#2968);
#2968 = CARTESIAN_POINT('',(-11.16040365499,-7.4,6.8));
#2969 = CIRCLE('',#2970,3.216854249492);
#2970 = AXIS2_PLACEMENT_3D('',#2971,#2972,#2973);
#2971 = CARTESIAN_POINT('',(-8.,-8.,6.8));
#2972 = DIRECTION('',(0.,0.,-1.));
#2973 = DIRECTION('',(1.,0.,0.));
#2974 = ORIENTED_EDGE('',*,*,#2942,.F.);
#2975 = ORIENTED_EDGE('',*,*,#1865,.F.);
#2976 = ORIENTED_EDGE('',*,*,#2977,.T.);
#2977 = EDGE_CURVE('',#1858,#2967,#2978,.T.);
#2978 = LINE('',#2979,#2980);
#2979 = CARTESIAN_POINT('',(-15.9,-7.4,6.8));
#2980 = VECTOR('',#2981,1.);
#2981 = DIRECTION('',(1.,0.,0.));
#2982 = PLANE('',#2983);
#2983 = AXIS2_PLACEMENT_3D('',#2984,#2985,#2986);
#2984 = CARTESIAN_POINT('',(-7.09814720662E-16,-7.425754000772E-16,6.8)
  );
#2985 = DIRECTION('',(-0.,-0.,-1.));
#2986 = DIRECTION('',(-1.,0.,0.));
#2987 = ADVANCED_FACE('',(#2988),#3006,.T.);
#2988 = FACE_BOUND('',#2989,.T.);
#2989 = EDGE_LOOP('',(#2990,#2991,#2992,#3000));
#2990 = ORIENTED_EDGE('',*,*,#2977,.F.);
#2991 = ORIENTED_EDGE('',*,*,#1857,.F.);
#2992 = ORIENTED_EDGE('',*,*,#2993,.T.);
#2993 = EDGE_CURVE('',#1850,#2994,#2996,.T.);
#2994 = VERTEX_POINT('',#2995);
#2995 = CARTESIAN_POINT('',(-11.16040365499,-7.4,8.));
#2996 = LINE('',#2997,#2998);
#2997 = CARTESIAN_POINT('',(-15.9,-7.4,8.));
#2998 = VECTOR('',#2999,1.);
#2999 = DIRECTION('',(1.,0.,0.));
#3000 = ORIENTED_EDGE('',*,*,#3001,.T.);
#3001 = EDGE_CURVE('',#2994,#2967,#3002,.T.);
#3002 = LINE('',#3003,#3004);
#3003 = CARTESIAN_POINT('',(-11.16040365499,-7.4,0.3));
#3004 = VECTOR('',#3005,1.);
#3005 = DIRECTION('',(-0.,-0.,-1.));
#3006 = PLANE('',#3007);
#3007 = AXIS2_PLACEMENT_3D('',#3008,#3009,#3010);
#3008 = CARTESIAN_POINT('',(-15.9,-7.4,6.8));
#3009 = DIRECTION('',(0.,1.,0.));
#3010 = DIRECTION('',(0.,0.,1.));
#3011 = ADVANCED_FACE('',(#3012),#3048,.F.);
#3012 = FACE_BOUND('',#3013,.F.);
#3013 = EDGE_LOOP('',(#3014,#3015,#3016,#3025,#3033,#3042));
#3014 = ORIENTED_EDGE('',*,*,#1849,.F.);
#3015 = ORIENTED_EDGE('',*,*,#2993,.T.);
#3016 = ORIENTED_EDGE('',*,*,#3017,.F.);
#3017 = EDGE_CURVE('',#3018,#2994,#3020,.T.);
#3018 = VERTEX_POINT('',#3019);
#3019 = CARTESIAN_POINT('',(-8.6,-4.839596345009,8.));
#3020 = CIRCLE('',#3021,3.216854249492);
#3021 = AXIS2_PLACEMENT_3D('',#3022,#3023,#3024);
#3022 = CARTESIAN_POINT('',(-8.,-8.,8.));
#3023 = DIRECTION('',(0.,0.,1.));
#3024 = DIRECTION('',(1.,0.,0.));
#3025 = ORIENTED_EDGE('',*,*,#3026,.T.);
#3026 = EDGE_CURVE('',#3018,#3027,#3029,.T.);
#3027 = VERTEX_POINT('',#3028);
#3028 = CARTESIAN_POINT('',(-8.6,-3.160403654991,8.));
#3029 = LINE('',#3030,#3031);
#3030 = CARTESIAN_POINT('',(-8.6,-15.9,8.));
#3031 = VECTOR('',#3032,1.);
#3032 = DIRECTION('',(0.,1.,0.));
#3033 = ORIENTED_EDGE('',*,*,#3034,.F.);
#3034 = EDGE_CURVE('',#3035,#3027,#3037,.T.);
#3035 = VERTEX_POINT('',#3036);
#3036 = CARTESIAN_POINT('',(-11.16040365499,-0.6,8.));
#3037 = CIRCLE('',#3038,3.216854249492);
#3038 = AXIS2_PLACEMENT_3D('',#3039,#3040,#3041);
#3039 = CARTESIAN_POINT('',(-8.,0.,8.));
#3040 = DIRECTION('',(0.,0.,1.));
#3041 = DIRECTION('',(1.,0.,0.));
#3042 = ORIENTED_EDGE('',*,*,#3043,.F.);
#3043 = EDGE_CURVE('',#1842,#3035,#3044,.T.);
#3044 = LINE('',#3045,#3046);
#3045 = CARTESIAN_POINT('',(-15.9,-0.6,8.));
#3046 = VECTOR('',#3047,1.);
#3047 = DIRECTION('',(1.,0.,0.));
#3048 = PLANE('',#3049);
#3049 = AXIS2_PLACEMENT_3D('',#3050,#3051,#3052);
#3050 = CARTESIAN_POINT('',(-14.44,-14.44,8.));
#3051 = DIRECTION('',(0.,0.,1.));
#3052 = DIRECTION('',(1.,0.,0.));
#3053 = ADVANCED_FACE('',(#3054),#3072,.F.);
#3054 = FACE_BOUND('',#3055,.F.);
#3055 = EDGE_LOOP('',(#3056,#3064,#3065,#3066));
#3056 = ORIENTED_EDGE('',*,*,#3057,.F.);
#3057 = EDGE_CURVE('',#1834,#3058,#3060,.T.);
#3058 = VERTEX_POINT('',#3059);
#3059 = CARTESIAN_POINT('',(-11.16040365499,-0.6,6.8));
#3060 = LINE('',#3061,#3062);
#3061 = CARTESIAN_POINT('',(-15.9,-0.6,6.8));
#3062 = VECTOR('',#3063,1.);
#3063 = DIRECTION('',(1.,0.,0.));
#3064 = ORIENTED_EDGE('',*,*,#1841,.F.);
#3065 = ORIENTED_EDGE('',*,*,#3043,.T.);
#3066 = ORIENTED_EDGE('',*,*,#3067,.T.);
#3067 = EDGE_CURVE('',#3035,#3058,#3068,.T.);
#3068 = LINE('',#3069,#3070);
#3069 = CARTESIAN_POINT('',(-11.16040365499,-0.6,0.3));
#3070 = VECTOR('',#3071,1.);
#3071 = DIRECTION('',(-0.,-0.,-1.));
#3072 = PLANE('',#3073);
#3073 = AXIS2_PLACEMENT_3D('',#3074,#3075,#3076);
#3074 = CARTESIAN_POINT('',(-15.9,-0.6,6.8));
#3075 = DIRECTION('',(0.,1.,0.));
#3076 = DIRECTION('',(0.,0.,1.));
#3077 = ADVANCED_FACE('',(#3078),#3097,.T.);
#3078 = FACE_BOUND('',#3079,.T.);
#3079 = EDGE_LOOP('',(#3080,#3089,#3090,#3091));
#3080 = ORIENTED_EDGE('',*,*,#3081,.F.);
#3081 = EDGE_CURVE('',#3058,#3082,#3084,.T.);
#3082 = VERTEX_POINT('',#3083);
#3083 = CARTESIAN_POINT('',(-11.16040365499,0.6,6.8));
#3084 = CIRCLE('',#3085,3.216854249492);
#3085 = AXIS2_PLACEMENT_3D('',#3086,#3087,#3088);
#3086 = CARTESIAN_POINT('',(-8.,0.,6.8));
#3087 = DIRECTION('',(0.,0.,-1.));
#3088 = DIRECTION('',(1.,0.,0.));
#3089 = ORIENTED_EDGE('',*,*,#3057,.F.);
#3090 = ORIENTED_EDGE('',*,*,#1833,.F.);
#3091 = ORIENTED_EDGE('',*,*,#3092,.T.);
#3092 = EDGE_CURVE('',#1826,#3082,#3093,.T.);
#3093 = LINE('',#3094,#3095);
#3094 = CARTESIAN_POINT('',(-15.9,0.6,6.8));
#3095 = VECTOR('',#3096,1.);
#3096 = DIRECTION('',(1.,0.,0.));
#3097 = PLANE('',#3098);
#3098 = AXIS2_PLACEMENT_3D('',#3099,#3100,#3101);
#3099 = CARTESIAN_POINT('',(-7.09814720662E-16,-7.425754000772E-16,6.8)
  );
#3100 = DIRECTION('',(-0.,-0.,-1.));
#3101 = DIRECTION('',(-1.,0.,0.));
#3102 = ADVANCED_FACE('',(#3103),#3121,.T.);
#3103 = FACE_BOUND('',#3104,.T.);
#3104 = EDGE_LOOP('',(#3105,#3106,#3107,#3115));
#3105 = ORIENTED_EDGE('',*,*,#3092,.F.);
#3106 = ORIENTED_EDGE('',*,*,#1825,.F.);
#3107 = ORIENTED_EDGE('',*,*,#3108,.T.);
#3108 = EDGE_CURVE('',#1818,#3109,#3111,.T.);
#3109 = VERTEX_POINT('',#3110);
#3110 = CARTESIAN_POINT('',(-11.16040365499,0.6,8.));
#3111 = LINE('',#3112,#3113);
#3112 = CARTESIAN_POINT('',(-15.9,0.6,8.));
#3113 = VECTOR('',#3114,1.);
#3114 = DIRECTION('',(1.,0.,0.));
#3115 = ORIENTED_EDGE('',*,*,#3116,.T.);
#3116 = EDGE_CURVE('',#3109,#3082,#3117,.T.);
#3117 = LINE('',#3118,#3119);
#3118 = CARTESIAN_POINT('',(-11.16040365499,0.6,0.3));
#3119 = VECTOR('',#3120,1.);
#3120 = DIRECTION('',(-0.,-0.,-1.));
#3121 = PLANE('',#3122);
#3122 = AXIS2_PLACEMENT_3D('',#3123,#3124,#3125);
#3123 = CARTESIAN_POINT('',(-15.9,0.6,6.8));
#3124 = DIRECTION('',(0.,1.,0.));
#3125 = DIRECTION('',(0.,0.,1.));
#3126 = ADVANCED_FACE('',(#3127),#3163,.F.);
#3127 = FACE_BOUND('',#3128,.F.);
#3128 = EDGE_LOOP('',(#3129,#3130,#3131,#3140,#3148,#3157));
#3129 = ORIENTED_EDGE('',*,*,#1817,.F.);
#3130 = ORIENTED_EDGE('',*,*,#3108,.T.);
#3131 = ORIENTED_EDGE('',*,*,#3132,.F.);
#3132 = EDGE_CURVE('',#3133,#3109,#3135,.T.);
#3133 = VERTEX_POINT('',#3134);
#3134 = CARTESIAN_POINT('',(-8.6,3.160403654991,8.));
#3135 = CIRCLE('',#3136,3.216854249492);
#3136 = AXIS2_PLACEMENT_3D('',#3137,#3138,#3139);
#3137 = CARTESIAN_POINT('',(-8.,0.,8.));
#3138 = DIRECTION('',(0.,0.,1.));
#3139 = DIRECTION('',(1.,0.,0.));
#3140 = ORIENTED_EDGE('',*,*,#3141,.T.);
#3141 = EDGE_CURVE('',#3133,#3142,#3144,.T.);
#3142 = VERTEX_POINT('',#3143);
#3143 = CARTESIAN_POINT('',(-8.6,4.839596345009,8.));
#3144 = LINE('',#3145,#3146);
#3145 = CARTESIAN_POINT('',(-8.6,-15.9,8.));
#3146 = VECTOR('',#3147,1.);
#3147 = DIRECTION('',(0.,1.,0.));
#3148 = ORIENTED_EDGE('',*,*,#3149,.F.);
#3149 = EDGE_CURVE('',#3150,#3142,#3152,.T.);
#3150 = VERTEX_POINT('',#3151);
#3151 = CARTESIAN_POINT('',(-11.16040365499,7.4,8.));
#3152 = CIRCLE('',#3153,3.216854249492);
#3153 = AXIS2_PLACEMENT_3D('',#3154,#3155,#3156);
#3154 = CARTESIAN_POINT('',(-8.,8.,8.));
#3155 = DIRECTION('',(0.,0.,1.));
#3156 = DIRECTION('',(1.,0.,0.));
#3157 = ORIENTED_EDGE('',*,*,#3158,.F.);
#3158 = EDGE_CURVE('',#1810,#3150,#3159,.T.);
#3159 = LINE('',#3160,#3161);
#3160 = CARTESIAN_POINT('',(-15.9,7.4,8.));
#3161 = VECTOR('',#3162,1.);
#3162 = DIRECTION('',(1.,0.,0.));
#3163 = PLANE('',#3164);
#3164 = AXIS2_PLACEMENT_3D('',#3165,#3166,#3167);
#3165 = CARTESIAN_POINT('',(-14.44,-14.44,8.));
#3166 = DIRECTION('',(0.,0.,1.));
#3167 = DIRECTION('',(1.,0.,0.));
#3168 = ADVANCED_FACE('',(#3169),#3187,.F.);
#3169 = FACE_BOUND('',#3170,.F.);
#3170 = EDGE_LOOP('',(#3171,#3179,#3180,#3181));
#3171 = ORIENTED_EDGE('',*,*,#3172,.F.);
#3172 = EDGE_CURVE('',#1802,#3173,#3175,.T.);
#3173 = VERTEX_POINT('',#3174);
#3174 = CARTESIAN_POINT('',(-11.16040365499,7.4,6.8));
#3175 = LINE('',#3176,#3177);
#3176 = CARTESIAN_POINT('',(-15.9,7.4,6.8));
#3177 = VECTOR('',#3178,1.);
#3178 = DIRECTION('',(1.,0.,0.));
#3179 = ORIENTED_EDGE('',*,*,#1809,.F.);
#3180 = ORIENTED_EDGE('',*,*,#3158,.T.);
#3181 = ORIENTED_EDGE('',*,*,#3182,.T.);
#3182 = EDGE_CURVE('',#3150,#3173,#3183,.T.);
#3183 = LINE('',#3184,#3185);
#3184 = CARTESIAN_POINT('',(-11.16040365499,7.4,0.3));
#3185 = VECTOR('',#3186,1.);
#3186 = DIRECTION('',(-0.,-0.,-1.));
#3187 = PLANE('',#3188);
#3188 = AXIS2_PLACEMENT_3D('',#3189,#3190,#3191);
#3189 = CARTESIAN_POINT('',(-15.9,7.4,6.8));
#3190 = DIRECTION('',(0.,1.,0.));
#3191 = DIRECTION('',(0.,0.,1.));
#3192 = ADVANCED_FACE('',(#3193),#3212,.T.);
#3193 = FACE_BOUND('',#3194,.T.);
#3194 = EDGE_LOOP('',(#3195,#3204,#3205,#3206));
#3195 = ORIENTED_EDGE('',*,*,#3196,.F.);
#3196 = EDGE_CURVE('',#3173,#3197,#3199,.T.);
#3197 = VERTEX_POINT('',#3198);
#3198 = CARTESIAN_POINT('',(-11.16040365499,8.6,6.8));
#3199 = CIRCLE('',#3200,3.216854249492);
#3200 = AXIS2_PLACEMENT_3D('',#3201,#3202,#3203);
#3201 = CARTESIAN_POINT('',(-8.,8.,6.8));
#3202 = DIRECTION('',(0.,0.,-1.));
#3203 = DIRECTION('',(1.,0.,0.));
#3204 = ORIENTED_EDGE('',*,*,#3172,.F.);
#3205 = ORIENTED_EDGE('',*,*,#1801,.F.);
#3206 = ORIENTED_EDGE('',*,*,#3207,.T.);
#3207 = EDGE_CURVE('',#1794,#3197,#3208,.T.);
#3208 = LINE('',#3209,#3210);
#3209 = CARTESIAN_POINT('',(-15.9,8.6,6.8));
#3210 = VECTOR('',#3211,1.);
#3211 = DIRECTION('',(1.,0.,0.));
#3212 = PLANE('',#3213);
#3213 = AXIS2_PLACEMENT_3D('',#3214,#3215,#3216);
#3214 = CARTESIAN_POINT('',(-7.09814720662E-16,-7.425754000772E-16,6.8)
  );
#3215 = DIRECTION('',(-0.,-0.,-1.));
#3216 = DIRECTION('',(-1.,0.,0.));
#3217 = ADVANCED_FACE('',(#3218),#3229,.T.);
#3218 = FACE_BOUND('',#3219,.T.);
#3219 = EDGE_LOOP('',(#3220,#3221,#3222,#3223));
#3220 = ORIENTED_EDGE('',*,*,#3207,.F.);
#3221 = ORIENTED_EDGE('',*,*,#1793,.F.);
#3222 = ORIENTED_EDGE('',*,*,#2917,.T.);
#3223 = ORIENTED_EDGE('',*,*,#3224,.T.);
#3224 = EDGE_CURVE('',#2918,#3197,#3225,.T.);
#3225 = LINE('',#3226,#3227);
#3226 = CARTESIAN_POINT('',(-11.16040365499,8.6,0.3));
#3227 = VECTOR('',#3228,1.);
#3228 = DIRECTION('',(-0.,-0.,-1.));
#3229 = PLANE('',#3230);
#3230 = AXIS2_PLACEMENT_3D('',#3231,#3232,#3233);
#3231 = CARTESIAN_POINT('',(-15.9,8.6,6.8));
#3232 = DIRECTION('',(0.,1.,0.));
#3233 = DIRECTION('',(0.,0.,1.));
#3234 = ADVANCED_FACE('',(#3235),#3320,.T.);
#3235 = FACE_BOUND('',#3236,.F.);
#3236 = EDGE_LOOP('',(#3237,#3246,#3252,#3253,#3254,#3255,#3263,#3272,
    #3280,#3289,#3297,#3306,#3312,#3313,#3314,#3315,#3316,#3317,#3318,
    #3319));
#3237 = ORIENTED_EDGE('',*,*,#3238,.F.);
#3238 = EDGE_CURVE('',#3239,#3239,#3241,.T.);
#3239 = VERTEX_POINT('',#3240);
#3240 = CARTESIAN_POINT('',(11.216854249492,-8.,0.3));
#3241 = CIRCLE('',#3242,3.216854249492);
#3242 = AXIS2_PLACEMENT_3D('',#3243,#3244,#3245);
#3243 = CARTESIAN_POINT('',(8.,-8.,0.3));
#3244 = DIRECTION('',(0.,0.,1.));
#3245 = DIRECTION('',(1.,0.,0.));
#3246 = ORIENTED_EDGE('',*,*,#3247,.T.);
#3247 = EDGE_CURVE('',#3239,#2283,#3248,.T.);
#3248 = LINE('',#3249,#3250);
#3249 = CARTESIAN_POINT('',(11.216854249492,-8.,0.3));
#3250 = VECTOR('',#3251,1.);
#3251 = DIRECTION('',(0.,0.,1.));
#3252 = ORIENTED_EDGE('',*,*,#2291,.F.);
#3253 = ORIENTED_EDGE('',*,*,#2316,.F.);
#3254 = ORIENTED_EDGE('',*,*,#2366,.T.);
#3255 = ORIENTED_EDGE('',*,*,#3256,.T.);
#3256 = EDGE_CURVE('',#2359,#3257,#3259,.T.);
#3257 = VERTEX_POINT('',#3258);
#3258 = CARTESIAN_POINT('',(8.6,-4.83959634501,6.8));
#3259 = LINE('',#3260,#3261);
#3260 = CARTESIAN_POINT('',(8.6,-4.83959634501,0.3));
#3261 = VECTOR('',#3262,1.);
#3262 = DIRECTION('',(-0.,-0.,-1.));
#3263 = ORIENTED_EDGE('',*,*,#3264,.F.);
#3264 = EDGE_CURVE('',#3265,#3257,#3267,.T.);
#3265 = VERTEX_POINT('',#3266);
#3266 = CARTESIAN_POINT('',(7.4,-4.83959634501,6.8));
#3267 = CIRCLE('',#3268,3.216854249492);
#3268 = AXIS2_PLACEMENT_3D('',#3269,#3270,#3271);
#3269 = CARTESIAN_POINT('',(8.,-8.,6.8));
#3270 = DIRECTION('',(0.,0.,-1.));
#3271 = DIRECTION('',(1.,0.,0.));
#3272 = ORIENTED_EDGE('',*,*,#3273,.F.);
#3273 = EDGE_CURVE('',#3274,#3265,#3276,.T.);
#3274 = VERTEX_POINT('',#3275);
#3275 = CARTESIAN_POINT('',(7.4,-4.839596345009,8.));
#3276 = LINE('',#3277,#3278);
#3277 = CARTESIAN_POINT('',(7.4,-4.83959634501,0.3));
#3278 = VECTOR('',#3279,1.);
#3279 = DIRECTION('',(-0.,-0.,-1.));
#3280 = ORIENTED_EDGE('',*,*,#3281,.T.);
#3281 = EDGE_CURVE('',#3274,#3282,#3284,.T.);
#3282 = VERTEX_POINT('',#3283);
#3283 = CARTESIAN_POINT('',(4.83959634501,-7.4,8.));
#3284 = CIRCLE('',#3285,3.216854249492);
#3285 = AXIS2_PLACEMENT_3D('',#3286,#3287,#3288);
#3286 = CARTESIAN_POINT('',(8.,-8.,8.));
#3287 = DIRECTION('',(0.,0.,1.));
#3288 = DIRECTION('',(1.,0.,0.));
#3289 = ORIENTED_EDGE('',*,*,#3290,.T.);
#3290 = EDGE_CURVE('',#3282,#3291,#3293,.T.);
#3291 = VERTEX_POINT('',#3292);
#3292 = CARTESIAN_POINT('',(4.83959634501,-7.4,6.8));
#3293 = LINE('',#3294,#3295);
#3294 = CARTESIAN_POINT('',(4.83959634501,-7.4,0.3));
#3295 = VECTOR('',#3296,1.);
#3296 = DIRECTION('',(-0.,-0.,-1.));
#3297 = ORIENTED_EDGE('',*,*,#3298,.F.);
#3298 = EDGE_CURVE('',#3299,#3291,#3301,.T.);
#3299 = VERTEX_POINT('',#3300);
#3300 = CARTESIAN_POINT('',(4.83959634501,-8.6,6.8));
#3301 = CIRCLE('',#3302,3.216854249492);
#3302 = AXIS2_PLACEMENT_3D('',#3303,#3304,#3305);
#3303 = CARTESIAN_POINT('',(8.,-8.,6.8));
#3304 = DIRECTION('',(0.,0.,-1.));
#3305 = DIRECTION('',(1.,0.,0.));
#3306 = ORIENTED_EDGE('',*,*,#3307,.F.);
#3307 = EDGE_CURVE('',#2012,#3299,#3308,.T.);
#3308 = LINE('',#3309,#3310);
#3309 = CARTESIAN_POINT('',(4.83959634501,-8.6,0.3));
#3310 = VECTOR('',#3311,1.);
#3311 = DIRECTION('',(-0.,-0.,-1.));
#3312 = ORIENTED_EDGE('',*,*,#2011,.T.);
#3313 = ORIENTED_EDGE('',*,*,#1987,.T.);
#3314 = ORIENTED_EDGE('',*,*,#1960,.F.);
#3315 = ORIENTED_EDGE('',*,*,#1938,.F.);
#3316 = ORIENTED_EDGE('',*,*,#1913,.T.);
#3317 = ORIENTED_EDGE('',*,*,#2265,.T.);
#3318 = ORIENTED_EDGE('',*,*,#2282,.F.);
#3319 = ORIENTED_EDGE('',*,*,#3247,.F.);
#3320 = CYLINDRICAL_SURFACE('',#3321,3.216854249492);
#3321 = AXIS2_PLACEMENT_3D('',#3322,#3323,#3324);
#3322 = CARTESIAN_POINT('',(8.,-8.,0.3));
#3323 = DIRECTION('',(-0.,-0.,-1.));
#3324 = DIRECTION('',(1.,0.,0.));
#3325 = ADVANCED_FACE('',(#3326),#3449,.T.);
#3326 = FACE_BOUND('',#3327,.F.);
#3327 = EDGE_LOOP('',(#3328,#3337,#3345,#3354,#3362,#3371,#3379,#3388,
    #3396,#3405,#3413,#3422,#3428,#3429,#3430,#3431,#3432,#3433,#3441,
    #3448));
#3328 = ORIENTED_EDGE('',*,*,#3329,.F.);
#3329 = EDGE_CURVE('',#3330,#3330,#3332,.T.);
#3330 = VERTEX_POINT('',#3331);
#3331 = CARTESIAN_POINT('',(3.216854249492,-8.,0.3));
#3332 = CIRCLE('',#3333,3.216854249492);
#3333 = AXIS2_PLACEMENT_3D('',#3334,#3335,#3336);
#3334 = CARTESIAN_POINT('',(0.,-8.,0.3));
#3335 = DIRECTION('',(0.,0.,1.));
#3336 = DIRECTION('',(1.,0.,0.));
#3337 = ORIENTED_EDGE('',*,*,#3338,.T.);
#3338 = EDGE_CURVE('',#3330,#3339,#3341,.T.);
#3339 = VERTEX_POINT('',#3340);
#3340 = CARTESIAN_POINT('',(3.216854249492,-8.,6.8));
#3341 = LINE('',#3342,#3343);
#3342 = CARTESIAN_POINT('',(3.216854249492,-8.,0.3));
#3343 = VECTOR('',#3344,1.);
#3344 = DIRECTION('',(0.,0.,1.));
#3345 = ORIENTED_EDGE('',*,*,#3346,.F.);
#3346 = EDGE_CURVE('',#3347,#3339,#3349,.T.);
#3347 = VERTEX_POINT('',#3348);
#3348 = CARTESIAN_POINT('',(3.16040365499,-7.4,6.8));
#3349 = CIRCLE('',#3350,3.216854249492);
#3350 = AXIS2_PLACEMENT_3D('',#3351,#3352,#3353);
#3351 = CARTESIAN_POINT('',(0.,-8.,6.8));
#3352 = DIRECTION('',(0.,0.,-1.));
#3353 = DIRECTION('',(1.,0.,0.));
#3354 = ORIENTED_EDGE('',*,*,#3355,.F.);
#3355 = EDGE_CURVE('',#3356,#3347,#3358,.T.);
#3356 = VERTEX_POINT('',#3357);
#3357 = CARTESIAN_POINT('',(3.16040365499,-7.4,8.));
#3358 = LINE('',#3359,#3360);
#3359 = CARTESIAN_POINT('',(3.16040365499,-7.4,0.3));
#3360 = VECTOR('',#3361,1.);
#3361 = DIRECTION('',(-0.,-0.,-1.));
#3362 = ORIENTED_EDGE('',*,*,#3363,.T.);
#3363 = EDGE_CURVE('',#3356,#3364,#3366,.T.);
#3364 = VERTEX_POINT('',#3365);
#3365 = CARTESIAN_POINT('',(0.6,-4.83959634501,8.));
#3366 = CIRCLE('',#3367,3.216854249492);
#3367 = AXIS2_PLACEMENT_3D('',#3368,#3369,#3370);
#3368 = CARTESIAN_POINT('',(0.,-8.,8.));
#3369 = DIRECTION('',(0.,0.,1.));
#3370 = DIRECTION('',(1.,0.,0.));
#3371 = ORIENTED_EDGE('',*,*,#3372,.T.);
#3372 = EDGE_CURVE('',#3364,#3373,#3375,.T.);
#3373 = VERTEX_POINT('',#3374);
#3374 = CARTESIAN_POINT('',(0.6,-4.83959634501,6.8));
#3375 = LINE('',#3376,#3377);
#3376 = CARTESIAN_POINT('',(0.6,-4.83959634501,0.3));
#3377 = VECTOR('',#3378,1.);
#3378 = DIRECTION('',(-0.,-0.,-1.));
#3379 = ORIENTED_EDGE('',*,*,#3380,.F.);
#3380 = EDGE_CURVE('',#3381,#3373,#3383,.T.);
#3381 = VERTEX_POINT('',#3382);
#3382 = CARTESIAN_POINT('',(-0.6,-4.83959634501,6.8));
#3383 = CIRCLE('',#3384,3.216854249492);
#3384 = AXIS2_PLACEMENT_3D('',#3385,#3386,#3387);
#3385 = CARTESIAN_POINT('',(0.,-8.,6.8));
#3386 = DIRECTION('',(0.,0.,-1.));
#3387 = DIRECTION('',(1.,0.,0.));
#3388 = ORIENTED_EDGE('',*,*,#3389,.F.);
#3389 = EDGE_CURVE('',#3390,#3381,#3392,.T.);
#3390 = VERTEX_POINT('',#3391);
#3391 = CARTESIAN_POINT('',(-0.6,-4.839596345009,8.));
#3392 = LINE('',#3393,#3394);
#3393 = CARTESIAN_POINT('',(-0.6,-4.83959634501,0.3));
#3394 = VECTOR('',#3395,1.);
#3395 = DIRECTION('',(-0.,-0.,-1.));
#3396 = ORIENTED_EDGE('',*,*,#3397,.T.);
#3397 = EDGE_CURVE('',#3390,#3398,#3400,.T.);
#3398 = VERTEX_POINT('',#3399);
#3399 = CARTESIAN_POINT('',(-3.16040365499,-7.4,8.));
#3400 = CIRCLE('',#3401,3.216854249492);
#3401 = AXIS2_PLACEMENT_3D('',#3402,#3403,#3404);
#3402 = CARTESIAN_POINT('',(0.,-8.,8.));
#3403 = DIRECTION('',(0.,0.,1.));
#3404 = DIRECTION('',(1.,0.,0.));
#3405 = ORIENTED_EDGE('',*,*,#3406,.T.);
#3406 = EDGE_CURVE('',#3398,#3407,#3409,.T.);
#3407 = VERTEX_POINT('',#3408);
#3408 = CARTESIAN_POINT('',(-3.16040365499,-7.4,6.8));
#3409 = LINE('',#3410,#3411);
#3410 = CARTESIAN_POINT('',(-3.16040365499,-7.4,0.3));
#3411 = VECTOR('',#3412,1.);
#3412 = DIRECTION('',(-0.,-0.,-1.));
#3413 = ORIENTED_EDGE('',*,*,#3414,.F.);
#3414 = EDGE_CURVE('',#3415,#3407,#3417,.T.);
#3415 = VERTEX_POINT('',#3416);
#3416 = CARTESIAN_POINT('',(-3.16040365499,-8.6,6.8));
#3417 = CIRCLE('',#3418,3.216854249492);
#3418 = AXIS2_PLACEMENT_3D('',#3419,#3420,#3421);
#3419 = CARTESIAN_POINT('',(0.,-8.,6.8));
#3420 = DIRECTION('',(0.,0.,-1.));
#3421 = DIRECTION('',(1.,0.,0.));
#3422 = ORIENTED_EDGE('',*,*,#3423,.F.);
#3423 = EDGE_CURVE('',#2127,#3415,#3424,.T.);
#3424 = LINE('',#3425,#3426);
#3425 = CARTESIAN_POINT('',(-3.16040365499,-8.6,0.3));
#3426 = VECTOR('',#3427,1.);
#3427 = DIRECTION('',(-0.,-0.,-1.));
#3428 = ORIENTED_EDGE('',*,*,#2126,.T.);
#3429 = ORIENTED_EDGE('',*,*,#2102,.T.);
#3430 = ORIENTED_EDGE('',*,*,#2075,.F.);
#3431 = ORIENTED_EDGE('',*,*,#2053,.F.);
#3432 = ORIENTED_EDGE('',*,*,#2028,.T.);
#3433 = ORIENTED_EDGE('',*,*,#3434,.T.);
#3434 = EDGE_CURVE('',#2021,#3435,#3437,.T.);
#3435 = VERTEX_POINT('',#3436);
#3436 = CARTESIAN_POINT('',(3.16040365499,-8.6,6.8));
#3437 = LINE('',#3438,#3439);
#3438 = CARTESIAN_POINT('',(3.16040365499,-8.6,0.3));
#3439 = VECTOR('',#3440,1.);
#3440 = DIRECTION('',(-0.,-0.,-1.));
#3441 = ORIENTED_EDGE('',*,*,#3442,.F.);
#3442 = EDGE_CURVE('',#3339,#3435,#3443,.T.);
#3443 = CIRCLE('',#3444,3.216854249492);
#3444 = AXIS2_PLACEMENT_3D('',#3445,#3446,#3447);
#3445 = CARTESIAN_POINT('',(0.,-8.,6.8));
#3446 = DIRECTION('',(0.,0.,-1.));
#3447 = DIRECTION('',(1.,0.,0.));
#3448 = ORIENTED_EDGE('',*,*,#3338,.F.);
#3449 = CYLINDRICAL_SURFACE('',#3450,3.216854249492);
#3450 = AXIS2_PLACEMENT_3D('',#3451,#3452,#3453);
#3451 = CARTESIAN_POINT('',(0.,-8.,0.3));
#3452 = DIRECTION('',(-0.,-0.,-1.));
#3453 = DIRECTION('',(1.,0.,0.));
#3454 = ADVANCED_FACE('',(#3455),#3466,.F.);
#3455 = FACE_BOUND('',#3456,.F.);
#3456 = EDGE_LOOP('',(#3457,#3463,#3464,#3465));
#3457 = ORIENTED_EDGE('',*,*,#3458,.F.);
#3458 = EDGE_CURVE('',#3435,#3299,#3459,.T.);
#3459 = LINE('',#3460,#3461);
#3460 = CARTESIAN_POINT('',(-15.9,-8.6,6.8));
#3461 = VECTOR('',#3462,1.);
#3462 = DIRECTION('',(1.,0.,0.));
#3463 = ORIENTED_EDGE('',*,*,#3434,.F.);
#3464 = ORIENTED_EDGE('',*,*,#2020,.T.);
#3465 = ORIENTED_EDGE('',*,*,#3307,.T.);
#3466 = PLANE('',#3467);
#3467 = AXIS2_PLACEMENT_3D('',#3468,#3469,#3470);
#3468 = CARTESIAN_POINT('',(-15.9,-8.6,6.8));
#3469 = DIRECTION('',(0.,1.,0.));
#3470 = DIRECTION('',(0.,0.,1.));
#3471 = ADVANCED_FACE('',(#3472),#3565,.T.);
#3472 = FACE_BOUND('',#3473,.F.);
#3473 = EDGE_LOOP('',(#3474,#3483,#3491,#3500,#3508,#3517,#3525,#3534,
    #3540,#3541,#3542,#3543,#3544,#3545,#3546,#3547,#3548,#3549,#3557,
    #3564));
#3474 = ORIENTED_EDGE('',*,*,#3475,.F.);
#3475 = EDGE_CURVE('',#3476,#3476,#3478,.T.);
#3476 = VERTEX_POINT('',#3477);
#3477 = CARTESIAN_POINT('',(-4.783145750508,-8.,0.3));
#3478 = CIRCLE('',#3479,3.216854249492);
#3479 = AXIS2_PLACEMENT_3D('',#3480,#3481,#3482);
#3480 = CARTESIAN_POINT('',(-8.,-8.,0.3));
#3481 = DIRECTION('',(0.,0.,1.));
#3482 = DIRECTION('',(1.,0.,0.));
#3483 = ORIENTED_EDGE('',*,*,#3484,.T.);
#3484 = EDGE_CURVE('',#3476,#3485,#3487,.T.);
#3485 = VERTEX_POINT('',#3486);
#3486 = CARTESIAN_POINT('',(-4.783145750508,-8.,6.8));
#3487 = LINE('',#3488,#3489);
#3488 = CARTESIAN_POINT('',(-4.783145750508,-8.,0.3));
#3489 = VECTOR('',#3490,1.);
#3490 = DIRECTION('',(0.,0.,1.));
#3491 = ORIENTED_EDGE('',*,*,#3492,.F.);
#3492 = EDGE_CURVE('',#3493,#3485,#3495,.T.);
#3493 = VERTEX_POINT('',#3494);
#3494 = CARTESIAN_POINT('',(-4.83959634501,-7.4,6.8));
#3495 = CIRCLE('',#3496,3.216854249492);
#3496 = AXIS2_PLACEMENT_3D('',#3497,#3498,#3499);
#3497 = CARTESIAN_POINT('',(-8.,-8.,6.8));
#3498 = DIRECTION('',(0.,0.,-1.));
#3499 = DIRECTION('',(1.,0.,0.));
#3500 = ORIENTED_EDGE('',*,*,#3501,.F.);
#3501 = EDGE_CURVE('',#3502,#3493,#3504,.T.);
#3502 = VERTEX_POINT('',#3503);
#3503 = CARTESIAN_POINT('',(-4.83959634501,-7.4,8.));
#3504 = LINE('',#3505,#3506);
#3505 = CARTESIAN_POINT('',(-4.83959634501,-7.4,0.3));
#3506 = VECTOR('',#3507,1.);
#3507 = DIRECTION('',(-0.,-0.,-1.));
#3508 = ORIENTED_EDGE('',*,*,#3509,.T.);
#3509 = EDGE_CURVE('',#3502,#3510,#3512,.T.);
#3510 = VERTEX_POINT('',#3511);
#3511 = CARTESIAN_POINT('',(-7.4,-4.83959634501,8.));
#3512 = CIRCLE('',#3513,3.216854249492);
#3513 = AXIS2_PLACEMENT_3D('',#3514,#3515,#3516);
#3514 = CARTESIAN_POINT('',(-8.,-8.,8.));
#3515 = DIRECTION('',(0.,0.,1.));
#3516 = DIRECTION('',(1.,0.,0.));
#3517 = ORIENTED_EDGE('',*,*,#3518,.T.);
#3518 = EDGE_CURVE('',#3510,#3519,#3521,.T.);
#3519 = VERTEX_POINT('',#3520);
#3520 = CARTESIAN_POINT('',(-7.4,-4.83959634501,6.8));
#3521 = LINE('',#3522,#3523);
#3522 = CARTESIAN_POINT('',(-7.4,-4.83959634501,0.3));
#3523 = VECTOR('',#3524,1.);
#3524 = DIRECTION('',(-0.,-0.,-1.));
#3525 = ORIENTED_EDGE('',*,*,#3526,.F.);
#3526 = EDGE_CURVE('',#3527,#3519,#3529,.T.);
#3527 = VERTEX_POINT('',#3528);
#3528 = CARTESIAN_POINT('',(-8.6,-4.83959634501,6.8));
#3529 = CIRCLE('',#3530,3.216854249492);
#3530 = AXIS2_PLACEMENT_3D('',#3531,#3532,#3533);
#3531 = CARTESIAN_POINT('',(-8.,-8.,6.8));
#3532 = DIRECTION('',(0.,0.,-1.));
#3533 = DIRECTION('',(1.,0.,0.));
#3534 = ORIENTED_EDGE('',*,*,#3535,.F.);
#3535 = EDGE_CURVE('',#3018,#3527,#3536,.T.);
#3536 = LINE('',#3537,#3538);
#3537 = CARTESIAN_POINT('',(-8.6,-4.83959634501,0.3));
#3538 = VECTOR('',#3539,1.);
#3539 = DIRECTION('',(-0.,-0.,-1.));
#3540 = ORIENTED_EDGE('',*,*,#3017,.T.);
#3541 = ORIENTED_EDGE('',*,*,#3001,.T.);
#3542 = ORIENTED_EDGE('',*,*,#2966,.F.);
#3543 = ORIENTED_EDGE('',*,*,#2952,.F.);
#3544 = ORIENTED_EDGE('',*,*,#2234,.T.);
#3545 = ORIENTED_EDGE('',*,*,#2217,.T.);
#3546 = ORIENTED_EDGE('',*,*,#2191,.F.);
#3547 = ORIENTED_EDGE('',*,*,#2168,.F.);
#3548 = ORIENTED_EDGE('',*,*,#2143,.T.);
#3549 = ORIENTED_EDGE('',*,*,#3550,.T.);
#3550 = EDGE_CURVE('',#2136,#3551,#3553,.T.);
#3551 = VERTEX_POINT('',#3552);
#3552 = CARTESIAN_POINT('',(-4.83959634501,-8.6,6.8));
#3553 = LINE('',#3554,#3555);
#3554 = CARTESIAN_POINT('',(-4.83959634501,-8.6,0.3));
#3555 = VECTOR('',#3556,1.);
#3556 = DIRECTION('',(-0.,-0.,-1.));
#3557 = ORIENTED_EDGE('',*,*,#3558,.F.);
#3558 = EDGE_CURVE('',#3485,#3551,#3559,.T.);
#3559 = CIRCLE('',#3560,3.216854249492);
#3560 = AXIS2_PLACEMENT_3D('',#3561,#3562,#3563);
#3561 = CARTESIAN_POINT('',(-8.,-8.,6.8));
#3562 = DIRECTION('',(0.,0.,-1.));
#3563 = DIRECTION('',(1.,0.,0.));
#3564 = ORIENTED_EDGE('',*,*,#3484,.F.);
#3565 = CYLINDRICAL_SURFACE('',#3566,3.216854249492);
#3566 = AXIS2_PLACEMENT_3D('',#3567,#3568,#3569);
#3567 = CARTESIAN_POINT('',(-8.,-8.,0.3));
#3568 = DIRECTION('',(-0.,-0.,-1.));
#3569 = DIRECTION('',(1.,0.,0.));
#3570 = ADVANCED_FACE('',(#3571),#3582,.F.);
#3571 = FACE_BOUND('',#3572,.F.);
#3572 = EDGE_LOOP('',(#3573,#3579,#3580,#3581));
#3573 = ORIENTED_EDGE('',*,*,#3574,.F.);
#3574 = EDGE_CURVE('',#3551,#3415,#3575,.T.);
#3575 = LINE('',#3576,#3577);
#3576 = CARTESIAN_POINT('',(-15.9,-8.6,6.8));
#3577 = VECTOR('',#3578,1.);
#3578 = DIRECTION('',(1.,0.,0.));
#3579 = ORIENTED_EDGE('',*,*,#3550,.F.);
#3580 = ORIENTED_EDGE('',*,*,#2135,.T.);
#3581 = ORIENTED_EDGE('',*,*,#3423,.T.);
#3582 = PLANE('',#3583);
#3583 = AXIS2_PLACEMENT_3D('',#3584,#3585,#3586);
#3584 = CARTESIAN_POINT('',(-15.9,-8.6,6.8));
#3585 = DIRECTION('',(0.,1.,0.));
#3586 = DIRECTION('',(0.,0.,1.));
#3587 = ADVANCED_FACE('',(#3588),#3606,.T.);
#3588 = FACE_BOUND('',#3589,.T.);
#3589 = EDGE_LOOP('',(#3590,#3591,#3592,#3600));
#3590 = ORIENTED_EDGE('',*,*,#2358,.F.);
#3591 = ORIENTED_EDGE('',*,*,#3256,.T.);
#3592 = ORIENTED_EDGE('',*,*,#3593,.T.);
#3593 = EDGE_CURVE('',#3257,#3594,#3596,.T.);
#3594 = VERTEX_POINT('',#3595);
#3595 = CARTESIAN_POINT('',(8.6,-3.16040365499,6.8));
#3596 = LINE('',#3597,#3598);
#3597 = CARTESIAN_POINT('',(8.6,-15.9,6.8));
#3598 = VECTOR('',#3599,1.);
#3599 = DIRECTION('',(0.,1.,0.));
#3600 = ORIENTED_EDGE('',*,*,#3601,.F.);
#3601 = EDGE_CURVE('',#2350,#3594,#3602,.T.);
#3602 = LINE('',#3603,#3604);
#3603 = CARTESIAN_POINT('',(8.6,-3.16040365499,0.3));
#3604 = VECTOR('',#3605,1.);
#3605 = DIRECTION('',(-0.,-0.,-1.));
#3606 = PLANE('',#3607);
#3607 = AXIS2_PLACEMENT_3D('',#3608,#3609,#3610);
#3608 = CARTESIAN_POINT('',(8.6,-15.9,6.8));
#3609 = DIRECTION('',(1.,0.,0.));
#3610 = DIRECTION('',(0.,0.,1.));
#3611 = ADVANCED_FACE('',(#3612),#3720,.T.);
#3612 = FACE_BOUND('',#3613,.F.);
#3613 = EDGE_LOOP('',(#3614,#3623,#3629,#3630,#3631,#3632,#3640,#3649,
    #3657,#3666,#3674,#3683,#3691,#3700,#3708,#3715,#3716,#3717,#3718,
    #3719));
#3614 = ORIENTED_EDGE('',*,*,#3615,.F.);
#3615 = EDGE_CURVE('',#3616,#3616,#3618,.T.);
#3616 = VERTEX_POINT('',#3617);
#3617 = CARTESIAN_POINT('',(11.216854249492,-7.879020519929E-16,0.3));
#3618 = CIRCLE('',#3619,3.216854249492);
#3619 = AXIS2_PLACEMENT_3D('',#3620,#3621,#3622);
#3620 = CARTESIAN_POINT('',(8.,0.,0.3));
#3621 = DIRECTION('',(0.,0.,1.));
#3622 = DIRECTION('',(1.,0.,0.));
#3623 = ORIENTED_EDGE('',*,*,#3624,.T.);
#3624 = EDGE_CURVE('',#3616,#2407,#3625,.T.);
#3625 = LINE('',#3626,#3627);
#3626 = CARTESIAN_POINT('',(11.216854249492,-7.879020519929E-16,0.3));
#3627 = VECTOR('',#3628,1.);
#3628 = DIRECTION('',(0.,0.,1.));
#3629 = ORIENTED_EDGE('',*,*,#2415,.F.);
#3630 = ORIENTED_EDGE('',*,*,#2440,.F.);
#3631 = ORIENTED_EDGE('',*,*,#2490,.T.);
#3632 = ORIENTED_EDGE('',*,*,#3633,.T.);
#3633 = EDGE_CURVE('',#2483,#3634,#3636,.T.);
#3634 = VERTEX_POINT('',#3635);
#3635 = CARTESIAN_POINT('',(8.6,3.16040365499,6.8));
#3636 = LINE('',#3637,#3638);
#3637 = CARTESIAN_POINT('',(8.6,3.16040365499,0.3));
#3638 = VECTOR('',#3639,1.);
#3639 = DIRECTION('',(-0.,-0.,-1.));
#3640 = ORIENTED_EDGE('',*,*,#3641,.F.);
#3641 = EDGE_CURVE('',#3642,#3634,#3644,.T.);
#3642 = VERTEX_POINT('',#3643);
#3643 = CARTESIAN_POINT('',(7.4,3.16040365499,6.8));
#3644 = CIRCLE('',#3645,3.216854249492);
#3645 = AXIS2_PLACEMENT_3D('',#3646,#3647,#3648);
#3646 = CARTESIAN_POINT('',(8.,0.,6.8));
#3647 = DIRECTION('',(0.,0.,-1.));
#3648 = DIRECTION('',(1.,0.,0.));
#3649 = ORIENTED_EDGE('',*,*,#3650,.F.);
#3650 = EDGE_CURVE('',#3651,#3642,#3653,.T.);
#3651 = VERTEX_POINT('',#3652);
#3652 = CARTESIAN_POINT('',(7.4,3.160403654991,8.));
#3653 = LINE('',#3654,#3655);
#3654 = CARTESIAN_POINT('',(7.4,3.16040365499,0.3));
#3655 = VECTOR('',#3656,1.);
#3656 = DIRECTION('',(-0.,-0.,-1.));
#3657 = ORIENTED_EDGE('',*,*,#3658,.T.);
#3658 = EDGE_CURVE('',#3651,#3659,#3661,.T.);
#3659 = VERTEX_POINT('',#3660);
#3660 = CARTESIAN_POINT('',(4.83959634501,0.6,8.));
#3661 = CIRCLE('',#3662,3.216854249492);
#3662 = AXIS2_PLACEMENT_3D('',#3663,#3664,#3665);
#3663 = CARTESIAN_POINT('',(8.,0.,8.));
#3664 = DIRECTION('',(0.,0.,1.));
#3665 = DIRECTION('',(1.,0.,0.));
#3666 = ORIENTED_EDGE('',*,*,#3667,.T.);
#3667 = EDGE_CURVE('',#3659,#3668,#3670,.T.);
#3668 = VERTEX_POINT('',#3669);
#3669 = CARTESIAN_POINT('',(4.83959634501,0.6,6.8));
#3670 = LINE('',#3671,#3672);
#3671 = CARTESIAN_POINT('',(4.83959634501,0.6,0.3));
#3672 = VECTOR('',#3673,1.);
#3673 = DIRECTION('',(-0.,-0.,-1.));
#3674 = ORIENTED_EDGE('',*,*,#3675,.F.);
#3675 = EDGE_CURVE('',#3676,#3668,#3678,.T.);
#3676 = VERTEX_POINT('',#3677);
#3677 = CARTESIAN_POINT('',(4.83959634501,-0.6,6.8));
#3678 = CIRCLE('',#3679,3.216854249492);
#3679 = AXIS2_PLACEMENT_3D('',#3680,#3681,#3682);
#3680 = CARTESIAN_POINT('',(8.,0.,6.8));
#3681 = DIRECTION('',(0.,0.,-1.));
#3682 = DIRECTION('',(1.,0.,0.));
#3683 = ORIENTED_EDGE('',*,*,#3684,.F.);
#3684 = EDGE_CURVE('',#3685,#3676,#3687,.T.);
#3685 = VERTEX_POINT('',#3686);
#3686 = CARTESIAN_POINT('',(4.83959634501,-0.6,8.));
#3687 = LINE('',#3688,#3689);
#3688 = CARTESIAN_POINT('',(4.83959634501,-0.6,0.3));
#3689 = VECTOR('',#3690,1.);
#3690 = DIRECTION('',(-0.,-0.,-1.));
#3691 = ORIENTED_EDGE('',*,*,#3692,.T.);
#3692 = EDGE_CURVE('',#3685,#3693,#3695,.T.);
#3693 = VERTEX_POINT('',#3694);
#3694 = CARTESIAN_POINT('',(7.4,-3.160403654991,8.));
#3695 = CIRCLE('',#3696,3.216854249492);
#3696 = AXIS2_PLACEMENT_3D('',#3697,#3698,#3699);
#3697 = CARTESIAN_POINT('',(8.,0.,8.));
#3698 = DIRECTION('',(0.,0.,1.));
#3699 = DIRECTION('',(1.,0.,0.));
#3700 = ORIENTED_EDGE('',*,*,#3701,.T.);
#3701 = EDGE_CURVE('',#3693,#3702,#3704,.T.);
#3702 = VERTEX_POINT('',#3703);
#3703 = CARTESIAN_POINT('',(7.4,-3.16040365499,6.8));
#3704 = LINE('',#3705,#3706);
#3705 = CARTESIAN_POINT('',(7.4,-3.16040365499,0.3));
#3706 = VECTOR('',#3707,1.);
#3707 = DIRECTION('',(-0.,-0.,-1.));
#3708 = ORIENTED_EDGE('',*,*,#3709,.F.);
#3709 = EDGE_CURVE('',#3594,#3702,#3710,.T.);
#3710 = CIRCLE('',#3711,3.216854249492);
#3711 = AXIS2_PLACEMENT_3D('',#3712,#3713,#3714);
#3712 = CARTESIAN_POINT('',(8.,0.,6.8));
#3713 = DIRECTION('',(0.,0.,-1.));
#3714 = DIRECTION('',(1.,0.,0.));
#3715 = ORIENTED_EDGE('',*,*,#3601,.F.);
#3716 = ORIENTED_EDGE('',*,*,#2349,.T.);
#3717 = ORIENTED_EDGE('',*,*,#2389,.T.);
#3718 = ORIENTED_EDGE('',*,*,#2406,.F.);
#3719 = ORIENTED_EDGE('',*,*,#3624,.F.);
#3720 = CYLINDRICAL_SURFACE('',#3721,3.216854249492);
#3721 = AXIS2_PLACEMENT_3D('',#3722,#3723,#3724);
#3722 = CARTESIAN_POINT('',(8.,0.,0.3));
#3723 = DIRECTION('',(-0.,-0.,-1.));
#3724 = DIRECTION('',(1.,0.,0.));
#3725 = ADVANCED_FACE('',(#3726),#3744,.T.);
#3726 = FACE_BOUND('',#3727,.T.);
#3727 = EDGE_LOOP('',(#3728,#3729,#3730,#3738));
#3728 = ORIENTED_EDGE('',*,*,#2482,.F.);
#3729 = ORIENTED_EDGE('',*,*,#3633,.T.);
#3730 = ORIENTED_EDGE('',*,*,#3731,.T.);
#3731 = EDGE_CURVE('',#3634,#3732,#3734,.T.);
#3732 = VERTEX_POINT('',#3733);
#3733 = CARTESIAN_POINT('',(8.6,4.83959634501,6.8));
#3734 = LINE('',#3735,#3736);
#3735 = CARTESIAN_POINT('',(8.6,-15.9,6.8));
#3736 = VECTOR('',#3737,1.);
#3737 = DIRECTION('',(0.,1.,0.));
#3738 = ORIENTED_EDGE('',*,*,#3739,.F.);
#3739 = EDGE_CURVE('',#2474,#3732,#3740,.T.);
#3740 = LINE('',#3741,#3742);
#3741 = CARTESIAN_POINT('',(8.6,4.83959634501,0.3));
#3742 = VECTOR('',#3743,1.);
#3743 = DIRECTION('',(-0.,-0.,-1.));
#3744 = PLANE('',#3745);
#3745 = AXIS2_PLACEMENT_3D('',#3746,#3747,#3748);
#3746 = CARTESIAN_POINT('',(8.6,-15.9,6.8));
#3747 = DIRECTION('',(1.,0.,0.));
#3748 = DIRECTION('',(0.,0.,1.));
#3749 = ADVANCED_FACE('',(#3750),#3828,.T.);
#3750 = FACE_BOUND('',#3751,.F.);
#3751 = EDGE_LOOP('',(#3752,#3761,#3767,#3768,#3769,#3770,#3771,#3772,
    #3773,#3774,#3782,#3791,#3799,#3808,#3816,#3823,#3824,#3825,#3826,
    #3827));
#3752 = ORIENTED_EDGE('',*,*,#3753,.F.);
#3753 = EDGE_CURVE('',#3754,#3754,#3756,.T.);
#3754 = VERTEX_POINT('',#3755);
#3755 = CARTESIAN_POINT('',(11.216854249492,8.,0.3));
#3756 = CIRCLE('',#3757,3.216854249492);
#3757 = AXIS2_PLACEMENT_3D('',#3758,#3759,#3760);
#3758 = CARTESIAN_POINT('',(8.,8.,0.3));
#3759 = DIRECTION('',(0.,0.,1.));
#3760 = DIRECTION('',(1.,0.,0.));
#3761 = ORIENTED_EDGE('',*,*,#3762,.T.);
#3762 = EDGE_CURVE('',#3754,#2531,#3763,.T.);
#3763 = LINE('',#3764,#3765);
#3764 = CARTESIAN_POINT('',(11.216854249492,8.,0.3));
#3765 = VECTOR('',#3766,1.);
#3766 = DIRECTION('',(0.,0.,1.));
#3767 = ORIENTED_EDGE('',*,*,#2539,.F.);
#3768 = ORIENTED_EDGE('',*,*,#2564,.F.);
#3769 = ORIENTED_EDGE('',*,*,#2596,.T.);
#3770 = ORIENTED_EDGE('',*,*,#2614,.T.);
#3771 = ORIENTED_EDGE('',*,*,#2637,.F.);
#3772 = ORIENTED_EDGE('',*,*,#2670,.F.);
#3773 = ORIENTED_EDGE('',*,*,#2712,.T.);
#3774 = ORIENTED_EDGE('',*,*,#3775,.T.);
#3775 = EDGE_CURVE('',#2705,#3776,#3778,.T.);
#3776 = VERTEX_POINT('',#3777);
#3777 = CARTESIAN_POINT('',(4.83959634501,8.6,6.8));
#3778 = LINE('',#3779,#3780);
#3779 = CARTESIAN_POINT('',(4.83959634501,8.6,0.3));
#3780 = VECTOR('',#3781,1.);
#3781 = DIRECTION('',(-0.,-0.,-1.));
#3782 = ORIENTED_EDGE('',*,*,#3783,.F.);
#3783 = EDGE_CURVE('',#3784,#3776,#3786,.T.);
#3784 = VERTEX_POINT('',#3785);
#3785 = CARTESIAN_POINT('',(4.83959634501,7.4,6.8));
#3786 = CIRCLE('',#3787,3.216854249492);
#3787 = AXIS2_PLACEMENT_3D('',#3788,#3789,#3790);
#3788 = CARTESIAN_POINT('',(8.,8.,6.8));
#3789 = DIRECTION('',(0.,0.,-1.));
#3790 = DIRECTION('',(1.,0.,0.));
#3791 = ORIENTED_EDGE('',*,*,#3792,.F.);
#3792 = EDGE_CURVE('',#3793,#3784,#3795,.T.);
#3793 = VERTEX_POINT('',#3794);
#3794 = CARTESIAN_POINT('',(4.83959634501,7.4,8.));
#3795 = LINE('',#3796,#3797);
#3796 = CARTESIAN_POINT('',(4.83959634501,7.4,0.3));
#3797 = VECTOR('',#3798,1.);
#3798 = DIRECTION('',(-0.,-0.,-1.));
#3799 = ORIENTED_EDGE('',*,*,#3800,.T.);
#3800 = EDGE_CURVE('',#3793,#3801,#3803,.T.);
#3801 = VERTEX_POINT('',#3802);
#3802 = CARTESIAN_POINT('',(7.4,4.839596345009,8.));
#3803 = CIRCLE('',#3804,3.216854249492);
#3804 = AXIS2_PLACEMENT_3D('',#3805,#3806,#3807);
#3805 = CARTESIAN_POINT('',(8.,8.,8.));
#3806 = DIRECTION('',(0.,0.,1.));
#3807 = DIRECTION('',(1.,0.,0.));
#3808 = ORIENTED_EDGE('',*,*,#3809,.T.);
#3809 = EDGE_CURVE('',#3801,#3810,#3812,.T.);
#3810 = VERTEX_POINT('',#3811);
#3811 = CARTESIAN_POINT('',(7.4,4.83959634501,6.8));
#3812 = LINE('',#3813,#3814);
#3813 = CARTESIAN_POINT('',(7.4,4.83959634501,0.3));
#3814 = VECTOR('',#3815,1.);
#3815 = DIRECTION('',(-0.,-0.,-1.));
#3816 = ORIENTED_EDGE('',*,*,#3817,.F.);
#3817 = EDGE_CURVE('',#3732,#3810,#3818,.T.);
#3818 = CIRCLE('',#3819,3.216854249492);
#3819 = AXIS2_PLACEMENT_3D('',#3820,#3821,#3822);
#3820 = CARTESIAN_POINT('',(8.,8.,6.8));
#3821 = DIRECTION('',(0.,0.,-1.));
#3822 = DIRECTION('',(1.,0.,0.));
#3823 = ORIENTED_EDGE('',*,*,#3739,.F.);
#3824 = ORIENTED_EDGE('',*,*,#2473,.T.);
#3825 = ORIENTED_EDGE('',*,*,#2513,.T.);
#3826 = ORIENTED_EDGE('',*,*,#2530,.F.);
#3827 = ORIENTED_EDGE('',*,*,#3762,.F.);
#3828 = CYLINDRICAL_SURFACE('',#3829,3.216854249492);
#3829 = AXIS2_PLACEMENT_3D('',#3830,#3831,#3832);
#3830 = CARTESIAN_POINT('',(8.,8.,0.3));
#3831 = DIRECTION('',(-0.,-0.,-1.));
#3832 = DIRECTION('',(1.,0.,0.));
#3833 = ADVANCED_FACE('',(#3834),#3852,.T.);
#3834 = FACE_BOUND('',#3835,.T.);
#3835 = EDGE_LOOP('',(#3836,#3844,#3850,#3851));
#3836 = ORIENTED_EDGE('',*,*,#3837,.F.);
#3837 = EDGE_CURVE('',#3838,#3776,#3840,.T.);
#3838 = VERTEX_POINT('',#3839);
#3839 = CARTESIAN_POINT('',(3.16040365499,8.6,6.8));
#3840 = LINE('',#3841,#3842);
#3841 = CARTESIAN_POINT('',(-15.9,8.6,6.8));
#3842 = VECTOR('',#3843,1.);
#3843 = DIRECTION('',(1.,0.,0.));
#3844 = ORIENTED_EDGE('',*,*,#3845,.F.);
#3845 = EDGE_CURVE('',#2696,#3838,#3846,.T.);
#3846 = LINE('',#3847,#3848);
#3847 = CARTESIAN_POINT('',(3.16040365499,8.6,0.3));
#3848 = VECTOR('',#3849,1.);
#3849 = DIRECTION('',(-0.,-0.,-1.));
#3850 = ORIENTED_EDGE('',*,*,#2704,.T.);
#3851 = ORIENTED_EDGE('',*,*,#3775,.T.);
#3852 = PLANE('',#3853);
#3853 = AXIS2_PLACEMENT_3D('',#3854,#3855,#3856);
#3854 = CARTESIAN_POINT('',(-15.9,8.6,6.8));
#3855 = DIRECTION('',(0.,1.,0.));
#3856 = DIRECTION('',(0.,0.,1.));
#3857 = ADVANCED_FACE('',(#3858),#3974,.T.);
#3858 = FACE_BOUND('',#3859,.F.);
#3859 = EDGE_LOOP('',(#3860,#3869,#3877,#3884,#3885,#3886,#3887,#3888,
    #3889,#3890,#3898,#3907,#3915,#3924,#3932,#3941,#3949,#3958,#3966,
    #3973));
#3860 = ORIENTED_EDGE('',*,*,#3861,.F.);
#3861 = EDGE_CURVE('',#3862,#3862,#3864,.T.);
#3862 = VERTEX_POINT('',#3863);
#3863 = CARTESIAN_POINT('',(3.216854249492,8.,0.3));
#3864 = CIRCLE('',#3865,3.216854249492);
#3865 = AXIS2_PLACEMENT_3D('',#3866,#3867,#3868);
#3866 = CARTESIAN_POINT('',(0.,8.,0.3));
#3867 = DIRECTION('',(0.,0.,1.));
#3868 = DIRECTION('',(1.,0.,0.));
#3869 = ORIENTED_EDGE('',*,*,#3870,.T.);
#3870 = EDGE_CURVE('',#3862,#3871,#3873,.T.);
#3871 = VERTEX_POINT('',#3872);
#3872 = CARTESIAN_POINT('',(3.216854249492,8.,6.8));
#3873 = LINE('',#3874,#3875);
#3874 = CARTESIAN_POINT('',(3.216854249492,8.,0.3));
#3875 = VECTOR('',#3876,1.);
#3876 = DIRECTION('',(0.,0.,1.));
#3877 = ORIENTED_EDGE('',*,*,#3878,.F.);
#3878 = EDGE_CURVE('',#3838,#3871,#3879,.T.);
#3879 = CIRCLE('',#3880,3.216854249492);
#3880 = AXIS2_PLACEMENT_3D('',#3881,#3882,#3883);
#3881 = CARTESIAN_POINT('',(0.,8.,6.8));
#3882 = DIRECTION('',(0.,0.,-1.));
#3883 = DIRECTION('',(1.,0.,0.));
#3884 = ORIENTED_EDGE('',*,*,#3845,.F.);
#3885 = ORIENTED_EDGE('',*,*,#2695,.T.);
#3886 = ORIENTED_EDGE('',*,*,#2729,.T.);
#3887 = ORIENTED_EDGE('',*,*,#2752,.F.);
#3888 = ORIENTED_EDGE('',*,*,#2785,.F.);
#3889 = ORIENTED_EDGE('',*,*,#2827,.T.);
#3890 = ORIENTED_EDGE('',*,*,#3891,.T.);
#3891 = EDGE_CURVE('',#2820,#3892,#3894,.T.);
#3892 = VERTEX_POINT('',#3893);
#3893 = CARTESIAN_POINT('',(-3.16040365499,8.6,6.8));
#3894 = LINE('',#3895,#3896);
#3895 = CARTESIAN_POINT('',(-3.16040365499,8.6,0.3));
#3896 = VECTOR('',#3897,1.);
#3897 = DIRECTION('',(-0.,-0.,-1.));
#3898 = ORIENTED_EDGE('',*,*,#3899,.F.);
#3899 = EDGE_CURVE('',#3900,#3892,#3902,.T.);
#3900 = VERTEX_POINT('',#3901);
#3901 = CARTESIAN_POINT('',(-3.16040365499,7.4,6.8));
#3902 = CIRCLE('',#3903,3.216854249492);
#3903 = AXIS2_PLACEMENT_3D('',#3904,#3905,#3906);
#3904 = CARTESIAN_POINT('',(0.,8.,6.8));
#3905 = DIRECTION('',(0.,0.,-1.));
#3906 = DIRECTION('',(1.,0.,0.));
#3907 = ORIENTED_EDGE('',*,*,#3908,.F.);
#3908 = EDGE_CURVE('',#3909,#3900,#3911,.T.);
#3909 = VERTEX_POINT('',#3910);
#3910 = CARTESIAN_POINT('',(-3.16040365499,7.4,8.));
#3911 = LINE('',#3912,#3913);
#3912 = CARTESIAN_POINT('',(-3.16040365499,7.4,0.3));
#3913 = VECTOR('',#3914,1.);
#3914 = DIRECTION('',(-0.,-0.,-1.));
#3915 = ORIENTED_EDGE('',*,*,#3916,.T.);
#3916 = EDGE_CURVE('',#3909,#3917,#3919,.T.);
#3917 = VERTEX_POINT('',#3918);
#3918 = CARTESIAN_POINT('',(-0.6,4.839596345009,8.));
#3919 = CIRCLE('',#3920,3.216854249492);
#3920 = AXIS2_PLACEMENT_3D('',#3921,#3922,#3923);
#3921 = CARTESIAN_POINT('',(0.,8.,8.));
#3922 = DIRECTION('',(0.,0.,1.));
#3923 = DIRECTION('',(1.,0.,0.));
#3924 = ORIENTED_EDGE('',*,*,#3925,.T.);
#3925 = EDGE_CURVE('',#3917,#3926,#3928,.T.);
#3926 = VERTEX_POINT('',#3927);
#3927 = CARTESIAN_POINT('',(-0.6,4.83959634501,6.8));
#3928 = LINE('',#3929,#3930);
#3929 = CARTESIAN_POINT('',(-0.6,4.83959634501,0.3));
#3930 = VECTOR('',#3931,1.);
#3931 = DIRECTION('',(-0.,-0.,-1.));
#3932 = ORIENTED_EDGE('',*,*,#3933,.F.);
#3933 = EDGE_CURVE('',#3934,#3926,#3936,.T.);
#3934 = VERTEX_POINT('',#3935);
#3935 = CARTESIAN_POINT('',(0.6,4.83959634501,6.8));
#3936 = CIRCLE('',#3937,3.216854249492);
#3937 = AXIS2_PLACEMENT_3D('',#3938,#3939,#3940);
#3938 = CARTESIAN_POINT('',(0.,8.,6.8));
#3939 = DIRECTION('',(0.,0.,-1.));
#3940 = DIRECTION('',(1.,0.,0.));
#3941 = ORIENTED_EDGE('',*,*,#3942,.F.);
#3942 = EDGE_CURVE('',#3943,#3934,#3945,.T.);
#3943 = VERTEX_POINT('',#3944);
#3944 = CARTESIAN_POINT('',(0.6,4.83959634501,8.));
#3945 = LINE('',#3946,#3947);
#3946 = CARTESIAN_POINT('',(0.6,4.83959634501,0.3));
#3947 = VECTOR('',#3948,1.);
#3948 = DIRECTION('',(-0.,-0.,-1.));
#3949 = ORIENTED_EDGE('',*,*,#3950,.T.);
#3950 = EDGE_CURVE('',#3943,#3951,#3953,.T.);
#3951 = VERTEX_POINT('',#3952);
#3952 = CARTESIAN_POINT('',(3.16040365499,7.4,8.));
#3953 = CIRCLE('',#3954,3.216854249492);
#3954 = AXIS2_PLACEMENT_3D('',#3955,#3956,#3957);
#3955 = CARTESIAN_POINT('',(0.,8.,8.));
#3956 = DIRECTION('',(0.,0.,1.));
#3957 = DIRECTION('',(1.,0.,0.));
#3958 = ORIENTED_EDGE('',*,*,#3959,.T.);
#3959 = EDGE_CURVE('',#3951,#3960,#3962,.T.);
#3960 = VERTEX_POINT('',#3961);
#3961 = CARTESIAN_POINT('',(3.16040365499,7.4,6.8));
#3962 = LINE('',#3963,#3964);
#3963 = CARTESIAN_POINT('',(3.16040365499,7.4,0.3));
#3964 = VECTOR('',#3965,1.);
#3965 = DIRECTION('',(-0.,-0.,-1.));
#3966 = ORIENTED_EDGE('',*,*,#3967,.F.);
#3967 = EDGE_CURVE('',#3871,#3960,#3968,.T.);
#3968 = CIRCLE('',#3969,3.216854249492);
#3969 = AXIS2_PLACEMENT_3D('',#3970,#3971,#3972);
#3970 = CARTESIAN_POINT('',(0.,8.,6.8));
#3971 = DIRECTION('',(0.,0.,-1.));
#3972 = DIRECTION('',(1.,0.,0.));
#3973 = ORIENTED_EDGE('',*,*,#3870,.F.);
#3974 = CYLINDRICAL_SURFACE('',#3975,3.216854249492);
#3975 = AXIS2_PLACEMENT_3D('',#3976,#3977,#3978);
#3976 = CARTESIAN_POINT('',(0.,8.,0.3));
#3977 = DIRECTION('',(-0.,-0.,-1.));
#3978 = DIRECTION('',(1.,0.,0.));
#3979 = ADVANCED_FACE('',(#3980),#3998,.T.);
#3980 = FACE_BOUND('',#3981,.T.);
#3981 = EDGE_LOOP('',(#3982,#3990,#3996,#3997));
#3982 = ORIENTED_EDGE('',*,*,#3983,.F.);
#3983 = EDGE_CURVE('',#3984,#3892,#3986,.T.);
#3984 = VERTEX_POINT('',#3985);
#3985 = CARTESIAN_POINT('',(-4.83959634501,8.6,6.8));
#3986 = LINE('',#3987,#3988);
#3987 = CARTESIAN_POINT('',(-15.9,8.6,6.8));
#3988 = VECTOR('',#3989,1.);
#3989 = DIRECTION('',(1.,0.,0.));
#3990 = ORIENTED_EDGE('',*,*,#3991,.F.);
#3991 = EDGE_CURVE('',#2811,#3984,#3992,.T.);
#3992 = LINE('',#3993,#3994);
#3993 = CARTESIAN_POINT('',(-4.83959634501,8.6,0.3));
#3994 = VECTOR('',#3995,1.);
#3995 = DIRECTION('',(-0.,-0.,-1.));
#3996 = ORIENTED_EDGE('',*,*,#2819,.T.);
#3997 = ORIENTED_EDGE('',*,*,#3891,.T.);
#3998 = PLANE('',#3999);
#3999 = AXIS2_PLACEMENT_3D('',#4000,#4001,#4002);
#4000 = CARTESIAN_POINT('',(-15.9,8.6,6.8));
#4001 = DIRECTION('',(0.,1.,0.));
#4002 = DIRECTION('',(0.,0.,1.));
#4003 = ADVANCED_FACE('',(#4004),#4090,.T.);
#4004 = FACE_BOUND('',#4005,.F.);
#4005 = EDGE_LOOP('',(#4006,#4015,#4023,#4030,#4031,#4032,#4033,#4034,
    #4035,#4036,#4037,#4038,#4039,#4040,#4048,#4057,#4065,#4074,#4082,
    #4089));
#4006 = ORIENTED_EDGE('',*,*,#4007,.F.);
#4007 = EDGE_CURVE('',#4008,#4008,#4010,.T.);
#4008 = VERTEX_POINT('',#4009);
#4009 = CARTESIAN_POINT('',(-4.783145750508,8.,0.3));
#4010 = CIRCLE('',#4011,3.216854249492);
#4011 = AXIS2_PLACEMENT_3D('',#4012,#4013,#4014);
#4012 = CARTESIAN_POINT('',(-8.,8.,0.3));
#4013 = DIRECTION('',(0.,0.,1.));
#4014 = DIRECTION('',(1.,0.,0.));
#4015 = ORIENTED_EDGE('',*,*,#4016,.T.);
#4016 = EDGE_CURVE('',#4008,#4017,#4019,.T.);
#4017 = VERTEX_POINT('',#4018);
#4018 = CARTESIAN_POINT('',(-4.783145750508,8.,6.8));
#4019 = LINE('',#4020,#4021);
#4020 = CARTESIAN_POINT('',(-4.783145750508,8.,0.3));
#4021 = VECTOR('',#4022,1.);
#4022 = DIRECTION('',(0.,0.,1.));
#4023 = ORIENTED_EDGE('',*,*,#4024,.F.);
#4024 = EDGE_CURVE('',#3984,#4017,#4025,.T.);
#4025 = CIRCLE('',#4026,3.216854249492);
#4026 = AXIS2_PLACEMENT_3D('',#4027,#4028,#4029);
#4027 = CARTESIAN_POINT('',(-8.,8.,6.8));
#4028 = DIRECTION('',(0.,0.,-1.));
#4029 = DIRECTION('',(1.,0.,0.));
#4030 = ORIENTED_EDGE('',*,*,#3991,.F.);
#4031 = ORIENTED_EDGE('',*,*,#2810,.T.);
#4032 = ORIENTED_EDGE('',*,*,#2844,.T.);
#4033 = ORIENTED_EDGE('',*,*,#2867,.F.);
#4034 = ORIENTED_EDGE('',*,*,#2900,.F.);
#4035 = ORIENTED_EDGE('',*,*,#2925,.T.);
#4036 = ORIENTED_EDGE('',*,*,#3224,.T.);
#4037 = ORIENTED_EDGE('',*,*,#3196,.F.);
#4038 = ORIENTED_EDGE('',*,*,#3182,.F.);
#4039 = ORIENTED_EDGE('',*,*,#3149,.T.);
#4040 = ORIENTED_EDGE('',*,*,#4041,.T.);
#4041 = EDGE_CURVE('',#3142,#4042,#4044,.T.);
#4042 = VERTEX_POINT('',#4043);
#4043 = CARTESIAN_POINT('',(-8.6,4.83959634501,6.8));
#4044 = LINE('',#4045,#4046);
#4045 = CARTESIAN_POINT('',(-8.6,4.83959634501,0.3));
#4046 = VECTOR('',#4047,1.);
#4047 = DIRECTION('',(-0.,-0.,-1.));
#4048 = ORIENTED_EDGE('',*,*,#4049,.F.);
#4049 = EDGE_CURVE('',#4050,#4042,#4052,.T.);
#4050 = VERTEX_POINT('',#4051);
#4051 = CARTESIAN_POINT('',(-7.4,4.83959634501,6.8));
#4052 = CIRCLE('',#4053,3.216854249492);
#4053 = AXIS2_PLACEMENT_3D('',#4054,#4055,#4056);
#4054 = CARTESIAN_POINT('',(-8.,8.,6.8));
#4055 = DIRECTION('',(0.,0.,-1.));
#4056 = DIRECTION('',(1.,0.,0.));
#4057 = ORIENTED_EDGE('',*,*,#4058,.F.);
#4058 = EDGE_CURVE('',#4059,#4050,#4061,.T.);
#4059 = VERTEX_POINT('',#4060);
#4060 = CARTESIAN_POINT('',(-7.4,4.83959634501,8.));
#4061 = LINE('',#4062,#4063);
#4062 = CARTESIAN_POINT('',(-7.4,4.83959634501,0.3));
#4063 = VECTOR('',#4064,1.);
#4064 = DIRECTION('',(-0.,-0.,-1.));
#4065 = ORIENTED_EDGE('',*,*,#4066,.T.);
#4066 = EDGE_CURVE('',#4059,#4067,#4069,.T.);
#4067 = VERTEX_POINT('',#4068);
#4068 = CARTESIAN_POINT('',(-4.83959634501,7.4,8.));
#4069 = CIRCLE('',#4070,3.216854249492);
#4070 = AXIS2_PLACEMENT_3D('',#4071,#4072,#4073);
#4071 = CARTESIAN_POINT('',(-8.,8.,8.));
#4072 = DIRECTION('',(0.,0.,1.));
#4073 = DIRECTION('',(1.,0.,0.));
#4074 = ORIENTED_EDGE('',*,*,#4075,.T.);
#4075 = EDGE_CURVE('',#4067,#4076,#4078,.T.);
#4076 = VERTEX_POINT('',#4077);
#4077 = CARTESIAN_POINT('',(-4.83959634501,7.4,6.8));
#4078 = LINE('',#4079,#4080);
#4079 = CARTESIAN_POINT('',(-4.83959634501,7.4,0.3));
#4080 = VECTOR('',#4081,1.);
#4081 = DIRECTION('',(-0.,-0.,-1.));
#4082 = ORIENTED_EDGE('',*,*,#4083,.F.);
#4083 = EDGE_CURVE('',#4017,#4076,#4084,.T.);
#4084 = CIRCLE('',#4085,3.216854249492);
#4085 = AXIS2_PLACEMENT_3D('',#4086,#4087,#4088);
#4086 = CARTESIAN_POINT('',(-8.,8.,6.8));
#4087 = DIRECTION('',(0.,0.,-1.));
#4088 = DIRECTION('',(1.,0.,0.));
#4089 = ORIENTED_EDGE('',*,*,#4016,.F.);
#4090 = CYLINDRICAL_SURFACE('',#4091,3.216854249492);
#4091 = AXIS2_PLACEMENT_3D('',#4092,#4093,#4094);
#4092 = CARTESIAN_POINT('',(-8.,8.,0.3));
#4093 = DIRECTION('',(-0.,-0.,-1.));
#4094 = DIRECTION('',(1.,0.,0.));
#4095 = ADVANCED_FACE('',(#4096),#4219,.T.);
#4096 = FACE_BOUND('',#4097,.F.);
#4097 = EDGE_LOOP('',(#4098,#4107,#4115,#4124,#4132,#4141,#4149,#4158,
    #4164,#4165,#4166,#4167,#4168,#4169,#4177,#4186,#4194,#4203,#4211,
    #4218));
#4098 = ORIENTED_EDGE('',*,*,#4099,.F.);
#4099 = EDGE_CURVE('',#4100,#4100,#4102,.T.);
#4100 = VERTEX_POINT('',#4101);
#4101 = CARTESIAN_POINT('',(-4.783145750508,-7.879020519929E-16,0.3));
#4102 = CIRCLE('',#4103,3.216854249492);
#4103 = AXIS2_PLACEMENT_3D('',#4104,#4105,#4106);
#4104 = CARTESIAN_POINT('',(-8.,0.,0.3));
#4105 = DIRECTION('',(0.,0.,1.));
#4106 = DIRECTION('',(1.,0.,0.));
#4107 = ORIENTED_EDGE('',*,*,#4108,.T.);
#4108 = EDGE_CURVE('',#4100,#4109,#4111,.T.);
#4109 = VERTEX_POINT('',#4110);
#4110 = CARTESIAN_POINT('',(-4.783145750508,-7.879020519929E-16,6.8));
#4111 = LINE('',#4112,#4113);
#4112 = CARTESIAN_POINT('',(-4.783145750508,-7.879020519929E-16,0.3));
#4113 = VECTOR('',#4114,1.);
#4114 = DIRECTION('',(0.,0.,1.));
#4115 = ORIENTED_EDGE('',*,*,#4116,.F.);
#4116 = EDGE_CURVE('',#4117,#4109,#4119,.T.);
#4117 = VERTEX_POINT('',#4118);
#4118 = CARTESIAN_POINT('',(-4.83959634501,0.6,6.8));
#4119 = CIRCLE('',#4120,3.216854249492);
#4120 = AXIS2_PLACEMENT_3D('',#4121,#4122,#4123);
#4121 = CARTESIAN_POINT('',(-8.,0.,6.8));
#4122 = DIRECTION('',(0.,0.,-1.));
#4123 = DIRECTION('',(1.,0.,0.));
#4124 = ORIENTED_EDGE('',*,*,#4125,.F.);
#4125 = EDGE_CURVE('',#4126,#4117,#4128,.T.);
#4126 = VERTEX_POINT('',#4127);
#4127 = CARTESIAN_POINT('',(-4.83959634501,0.6,8.));
#4128 = LINE('',#4129,#4130);
#4129 = CARTESIAN_POINT('',(-4.83959634501,0.6,0.3));
#4130 = VECTOR('',#4131,1.);
#4131 = DIRECTION('',(-0.,-0.,-1.));
#4132 = ORIENTED_EDGE('',*,*,#4133,.T.);
#4133 = EDGE_CURVE('',#4126,#4134,#4136,.T.);
#4134 = VERTEX_POINT('',#4135);
#4135 = CARTESIAN_POINT('',(-7.4,3.16040365499,8.));
#4136 = CIRCLE('',#4137,3.216854249492);
#4137 = AXIS2_PLACEMENT_3D('',#4138,#4139,#4140);
#4138 = CARTESIAN_POINT('',(-8.,0.,8.));
#4139 = DIRECTION('',(0.,0.,1.));
#4140 = DIRECTION('',(1.,0.,0.));
#4141 = ORIENTED_EDGE('',*,*,#4142,.T.);
#4142 = EDGE_CURVE('',#4134,#4143,#4145,.T.);
#4143 = VERTEX_POINT('',#4144);
#4144 = CARTESIAN_POINT('',(-7.4,3.16040365499,6.8));
#4145 = LINE('',#4146,#4147);
#4146 = CARTESIAN_POINT('',(-7.4,3.16040365499,0.3));
#4147 = VECTOR('',#4148,1.);
#4148 = DIRECTION('',(-0.,-0.,-1.));
#4149 = ORIENTED_EDGE('',*,*,#4150,.F.);
#4150 = EDGE_CURVE('',#4151,#4143,#4153,.T.);
#4151 = VERTEX_POINT('',#4152);
#4152 = CARTESIAN_POINT('',(-8.6,3.16040365499,6.8));
#4153 = CIRCLE('',#4154,3.216854249492);
#4154 = AXIS2_PLACEMENT_3D('',#4155,#4156,#4157);
#4155 = CARTESIAN_POINT('',(-8.,0.,6.8));
#4156 = DIRECTION('',(0.,0.,-1.));
#4157 = DIRECTION('',(1.,0.,0.));
#4158 = ORIENTED_EDGE('',*,*,#4159,.F.);
#4159 = EDGE_CURVE('',#3133,#4151,#4160,.T.);
#4160 = LINE('',#4161,#4162);
#4161 = CARTESIAN_POINT('',(-8.6,3.16040365499,0.3));
#4162 = VECTOR('',#4163,1.);
#4163 = DIRECTION('',(-0.,-0.,-1.));
#4164 = ORIENTED_EDGE('',*,*,#3132,.T.);
#4165 = ORIENTED_EDGE('',*,*,#3116,.T.);
#4166 = ORIENTED_EDGE('',*,*,#3081,.F.);
#4167 = ORIENTED_EDGE('',*,*,#3067,.F.);
#4168 = ORIENTED_EDGE('',*,*,#3034,.T.);
#4169 = ORIENTED_EDGE('',*,*,#4170,.T.);
#4170 = EDGE_CURVE('',#3027,#4171,#4173,.T.);
#4171 = VERTEX_POINT('',#4172);
#4172 = CARTESIAN_POINT('',(-8.6,-3.16040365499,6.8));
#4173 = LINE('',#4174,#4175);
#4174 = CARTESIAN_POINT('',(-8.6,-3.16040365499,0.3));
#4175 = VECTOR('',#4176,1.);
#4176 = DIRECTION('',(-0.,-0.,-1.));
#4177 = ORIENTED_EDGE('',*,*,#4178,.F.);
#4178 = EDGE_CURVE('',#4179,#4171,#4181,.T.);
#4179 = VERTEX_POINT('',#4180);
#4180 = CARTESIAN_POINT('',(-7.4,-3.16040365499,6.8));
#4181 = CIRCLE('',#4182,3.216854249492);
#4182 = AXIS2_PLACEMENT_3D('',#4183,#4184,#4185);
#4183 = CARTESIAN_POINT('',(-8.,0.,6.8));
#4184 = DIRECTION('',(0.,0.,-1.));
#4185 = DIRECTION('',(1.,0.,0.));
#4186 = ORIENTED_EDGE('',*,*,#4187,.F.);
#4187 = EDGE_CURVE('',#4188,#4179,#4190,.T.);
#4188 = VERTEX_POINT('',#4189);
#4189 = CARTESIAN_POINT('',(-7.4,-3.16040365499,8.));
#4190 = LINE('',#4191,#4192);
#4191 = CARTESIAN_POINT('',(-7.4,-3.16040365499,0.3));
#4192 = VECTOR('',#4193,1.);
#4193 = DIRECTION('',(-0.,-0.,-1.));
#4194 = ORIENTED_EDGE('',*,*,#4195,.T.);
#4195 = EDGE_CURVE('',#4188,#4196,#4198,.T.);
#4196 = VERTEX_POINT('',#4197);
#4197 = CARTESIAN_POINT('',(-4.83959634501,-0.6,8.));
#4198 = CIRCLE('',#4199,3.216854249492);
#4199 = AXIS2_PLACEMENT_3D('',#4200,#4201,#4202);
#4200 = CARTESIAN_POINT('',(-8.,0.,8.));
#4201 = DIRECTION('',(0.,0.,1.));
#4202 = DIRECTION('',(1.,0.,0.));
#4203 = ORIENTED_EDGE('',*,*,#4204,.T.);
#4204 = EDGE_CURVE('',#4196,#4205,#4207,.T.);
#4205 = VERTEX_POINT('',#4206);
#4206 = CARTESIAN_POINT('',(-4.83959634501,-0.6,6.8));
#4207 = LINE('',#4208,#4209);
#4208 = CARTESIAN_POINT('',(-4.83959634501,-0.6,0.3));
#4209 = VECTOR('',#4210,1.);
#4210 = DIRECTION('',(-0.,-0.,-1.));
#4211 = ORIENTED_EDGE('',*,*,#4212,.F.);
#4212 = EDGE_CURVE('',#4109,#4205,#4213,.T.);
#4213 = CIRCLE('',#4214,3.216854249492);
#4214 = AXIS2_PLACEMENT_3D('',#4215,#4216,#4217);
#4215 = CARTESIAN_POINT('',(-8.,0.,6.8));
#4216 = DIRECTION('',(0.,0.,-1.));
#4217 = DIRECTION('',(1.,0.,0.));
#4218 = ORIENTED_EDGE('',*,*,#4108,.F.);
#4219 = CYLINDRICAL_SURFACE('',#4220,3.216854249492);
#4220 = AXIS2_PLACEMENT_3D('',#4221,#4222,#4223);
#4221 = CARTESIAN_POINT('',(-8.,0.,0.3));
#4222 = DIRECTION('',(-0.,-0.,-1.));
#4223 = DIRECTION('',(1.,0.,0.));
#4224 = ADVANCED_FACE('',(#4225),#4236,.F.);
#4225 = FACE_BOUND('',#4226,.F.);
#4226 = EDGE_LOOP('',(#4227,#4228,#4229,#4235));
#4227 = ORIENTED_EDGE('',*,*,#3026,.F.);
#4228 = ORIENTED_EDGE('',*,*,#3535,.T.);
#4229 = ORIENTED_EDGE('',*,*,#4230,.T.);
#4230 = EDGE_CURVE('',#3527,#4171,#4231,.T.);
#4231 = LINE('',#4232,#4233);
#4232 = CARTESIAN_POINT('',(-8.6,-15.9,6.8));
#4233 = VECTOR('',#4234,1.);
#4234 = DIRECTION('',(0.,1.,0.));
#4235 = ORIENTED_EDGE('',*,*,#4170,.F.);
#4236 = PLANE('',#4237);
#4237 = AXIS2_PLACEMENT_3D('',#4238,#4239,#4240);
#4238 = CARTESIAN_POINT('',(-8.6,-15.9,6.8));
#4239 = DIRECTION('',(1.,0.,0.));
#4240 = DIRECTION('',(0.,0.,1.));
#4241 = ADVANCED_FACE('',(#4242),#4253,.F.);
#4242 = FACE_BOUND('',#4243,.F.);
#4243 = EDGE_LOOP('',(#4244,#4245,#4246,#4252));
#4244 = ORIENTED_EDGE('',*,*,#3141,.F.);
#4245 = ORIENTED_EDGE('',*,*,#4159,.T.);
#4246 = ORIENTED_EDGE('',*,*,#4247,.T.);
#4247 = EDGE_CURVE('',#4151,#4042,#4248,.T.);
#4248 = LINE('',#4249,#4250);
#4249 = CARTESIAN_POINT('',(-8.6,-15.9,6.8));
#4250 = VECTOR('',#4251,1.);
#4251 = DIRECTION('',(0.,1.,0.));
#4252 = ORIENTED_EDGE('',*,*,#4041,.F.);
#4253 = PLANE('',#4254);
#4254 = AXIS2_PLACEMENT_3D('',#4255,#4256,#4257);
#4255 = CARTESIAN_POINT('',(-8.6,-15.9,6.8));
#4256 = DIRECTION('',(1.,0.,0.));
#4257 = DIRECTION('',(0.,0.,1.));
#4258 = ADVANCED_FACE('',(#4259),#4278,.T.);
#4259 = FACE_BOUND('',#4260,.T.);
#4260 = EDGE_LOOP('',(#4261,#4262,#4270,#4277));
#4261 = ORIENTED_EDGE('',*,*,#3238,.F.);
#4262 = ORIENTED_EDGE('',*,*,#4263,.F.);
#4263 = EDGE_CURVE('',#4264,#3239,#4266,.T.);
#4264 = VERTEX_POINT('',#4265);
#4265 = CARTESIAN_POINT('',(11.016854249492,-8.,0.));
#4266 = LINE('',#4267,#4268);
#4267 = CARTESIAN_POINT('',(11.016854249492,-8.,0.));
#4268 = VECTOR('',#4269,1.);
#4269 = DIRECTION('',(0.554700196225,-1.358623639587E-16,0.832050294338)
  );
#4270 = ORIENTED_EDGE('',*,*,#4271,.T.);
#4271 = EDGE_CURVE('',#4264,#4264,#4272,.T.);
#4272 = CIRCLE('',#4273,3.016854249492);
#4273 = AXIS2_PLACEMENT_3D('',#4274,#4275,#4276);
#4274 = CARTESIAN_POINT('',(8.,-8.,0.));
#4275 = DIRECTION('',(0.,0.,1.));
#4276 = DIRECTION('',(1.,0.,0.));
#4277 = ORIENTED_EDGE('',*,*,#4263,.T.);
#4278 = CONICAL_SURFACE('',#4279,3.016854249492,0.588002603548);
#4279 = AXIS2_PLACEMENT_3D('',#4280,#4281,#4282);
#4280 = CARTESIAN_POINT('',(8.,-8.,0.));
#4281 = DIRECTION('',(0.,0.,1.));
#4282 = DIRECTION('',(1.,0.,0.));
#4283 = ADVANCED_FACE('',(#4284),#4296,.T.);
#4284 = FACE_BOUND('',#4285,.T.);
#4285 = EDGE_LOOP('',(#4286,#4287,#4288,#4289,#4295));
#4286 = ORIENTED_EDGE('',*,*,#3458,.F.);
#4287 = ORIENTED_EDGE('',*,*,#3442,.F.);
#4288 = ORIENTED_EDGE('',*,*,#3346,.F.);
#4289 = ORIENTED_EDGE('',*,*,#4290,.T.);
#4290 = EDGE_CURVE('',#3347,#3291,#4291,.T.);
#4291 = LINE('',#4292,#4293);
#4292 = CARTESIAN_POINT('',(-15.9,-7.4,6.8));
#4293 = VECTOR('',#4294,1.);
#4294 = DIRECTION('',(1.,0.,0.));
#4295 = ORIENTED_EDGE('',*,*,#3298,.F.);
#4296 = PLANE('',#4297);
#4297 = AXIS2_PLACEMENT_3D('',#4298,#4299,#4300);
#4298 = CARTESIAN_POINT('',(-7.09814720662E-16,-7.425754000772E-16,6.8)
  );
#4299 = DIRECTION('',(-0.,-0.,-1.));
#4300 = DIRECTION('',(-1.,0.,0.));
#4301 = ADVANCED_FACE('',(#4302),#4313,.T.);
#4302 = FACE_BOUND('',#4303,.T.);
#4303 = EDGE_LOOP('',(#4304,#4305,#4306,#4312));
#4304 = ORIENTED_EDGE('',*,*,#4290,.F.);
#4305 = ORIENTED_EDGE('',*,*,#3355,.F.);
#4306 = ORIENTED_EDGE('',*,*,#4307,.T.);
#4307 = EDGE_CURVE('',#3356,#3282,#4308,.T.);
#4308 = LINE('',#4309,#4310);
#4309 = CARTESIAN_POINT('',(-15.9,-7.4,8.));
#4310 = VECTOR('',#4311,1.);
#4311 = DIRECTION('',(1.,0.,0.));
#4312 = ORIENTED_EDGE('',*,*,#3290,.T.);
#4313 = PLANE('',#4314);
#4314 = AXIS2_PLACEMENT_3D('',#4315,#4316,#4317);
#4315 = CARTESIAN_POINT('',(-15.9,-7.4,6.8));
#4316 = DIRECTION('',(0.,1.,0.));
#4317 = DIRECTION('',(0.,0.,1.));
#4318 = ADVANCED_FACE('',(#4319),#4354,.F.);
#4319 = FACE_BOUND('',#4320,.F.);
#4320 = EDGE_LOOP('',(#4321,#4322,#4323,#4329,#4330,#4338,#4347,#4353));
#4321 = ORIENTED_EDGE('',*,*,#4307,.T.);
#4322 = ORIENTED_EDGE('',*,*,#3281,.F.);
#4323 = ORIENTED_EDGE('',*,*,#4324,.T.);
#4324 = EDGE_CURVE('',#3274,#3693,#4325,.T.);
#4325 = LINE('',#4326,#4327);
#4326 = CARTESIAN_POINT('',(7.4,-15.9,8.));
#4327 = VECTOR('',#4328,1.);
#4328 = DIRECTION('',(0.,1.,0.));
#4329 = ORIENTED_EDGE('',*,*,#3692,.F.);
#4330 = ORIENTED_EDGE('',*,*,#4331,.F.);
#4331 = EDGE_CURVE('',#4332,#3685,#4334,.T.);
#4332 = VERTEX_POINT('',#4333);
#4333 = CARTESIAN_POINT('',(3.16040365499,-0.6,8.));
#4334 = LINE('',#4335,#4336);
#4335 = CARTESIAN_POINT('',(-15.9,-0.6,8.));
#4336 = VECTOR('',#4337,1.);
#4337 = DIRECTION('',(1.,0.,0.));
#4338 = ORIENTED_EDGE('',*,*,#4339,.F.);
#4339 = EDGE_CURVE('',#4340,#4332,#4342,.T.);
#4340 = VERTEX_POINT('',#4341);
#4341 = CARTESIAN_POINT('',(0.6,-3.16040365499,8.));
#4342 = CIRCLE('',#4343,3.216854249492);
#4343 = AXIS2_PLACEMENT_3D('',#4344,#4345,#4346);
#4344 = CARTESIAN_POINT('',(0.,0.,8.));
#4345 = DIRECTION('',(0.,0.,1.));
#4346 = DIRECTION('',(1.,0.,0.));
#4347 = ORIENTED_EDGE('',*,*,#4348,.F.);
#4348 = EDGE_CURVE('',#3364,#4340,#4349,.T.);
#4349 = LINE('',#4350,#4351);
#4350 = CARTESIAN_POINT('',(0.6,-15.9,8.));
#4351 = VECTOR('',#4352,1.);
#4352 = DIRECTION('',(0.,1.,0.));
#4353 = ORIENTED_EDGE('',*,*,#3363,.F.);
#4354 = PLANE('',#4355);
#4355 = AXIS2_PLACEMENT_3D('',#4356,#4357,#4358);
#4356 = CARTESIAN_POINT('',(-14.44,-14.44,8.));
#4357 = DIRECTION('',(0.,0.,1.));
#4358 = DIRECTION('',(1.,0.,0.));
#4359 = ADVANCED_FACE('',(#4360),#4371,.F.);
#4360 = FACE_BOUND('',#4361,.F.);
#4361 = EDGE_LOOP('',(#4362,#4363,#4364,#4370));
#4362 = ORIENTED_EDGE('',*,*,#4324,.F.);
#4363 = ORIENTED_EDGE('',*,*,#3273,.T.);
#4364 = ORIENTED_EDGE('',*,*,#4365,.T.);
#4365 = EDGE_CURVE('',#3265,#3702,#4366,.T.);
#4366 = LINE('',#4367,#4368);
#4367 = CARTESIAN_POINT('',(7.4,-15.9,6.8));
#4368 = VECTOR('',#4369,1.);
#4369 = DIRECTION('',(0.,1.,0.));
#4370 = ORIENTED_EDGE('',*,*,#3701,.F.);
#4371 = PLANE('',#4372);
#4372 = AXIS2_PLACEMENT_3D('',#4373,#4374,#4375);
#4373 = CARTESIAN_POINT('',(7.4,-15.9,6.8));
#4374 = DIRECTION('',(1.,0.,0.));
#4375 = DIRECTION('',(0.,0.,1.));
#4376 = ADVANCED_FACE('',(#4377),#4383,.T.);
#4377 = FACE_BOUND('',#4378,.T.);
#4378 = EDGE_LOOP('',(#4379,#4380,#4381,#4382));
#4379 = ORIENTED_EDGE('',*,*,#3264,.F.);
#4380 = ORIENTED_EDGE('',*,*,#4365,.T.);
#4381 = ORIENTED_EDGE('',*,*,#3709,.F.);
#4382 = ORIENTED_EDGE('',*,*,#3593,.F.);
#4383 = PLANE('',#4384);
#4384 = AXIS2_PLACEMENT_3D('',#4385,#4386,#4387);
#4385 = CARTESIAN_POINT('',(-7.09814720662E-16,-7.425754000772E-16,6.8)
  );
#4386 = DIRECTION('',(-0.,-0.,-1.));
#4387 = DIRECTION('',(-1.,0.,0.));
#4388 = ADVANCED_FACE('',(#4389),#4408,.T.);
#4389 = FACE_BOUND('',#4390,.T.);
#4390 = EDGE_LOOP('',(#4391,#4392,#4400,#4407));
#4391 = ORIENTED_EDGE('',*,*,#3329,.F.);
#4392 = ORIENTED_EDGE('',*,*,#4393,.F.);
#4393 = EDGE_CURVE('',#4394,#3330,#4396,.T.);
#4394 = VERTEX_POINT('',#4395);
#4395 = CARTESIAN_POINT('',(3.016854249492,-8.,0.));
#4396 = LINE('',#4397,#4398);
#4397 = CARTESIAN_POINT('',(3.016854249492,-8.,0.));
#4398 = VECTOR('',#4399,1.);
#4399 = DIRECTION('',(0.554700196225,-1.358623639587E-16,0.832050294338)
  );
#4400 = ORIENTED_EDGE('',*,*,#4401,.T.);
#4401 = EDGE_CURVE('',#4394,#4394,#4402,.T.);
#4402 = CIRCLE('',#4403,3.016854249492);
#4403 = AXIS2_PLACEMENT_3D('',#4404,#4405,#4406);
#4404 = CARTESIAN_POINT('',(0.,-8.,0.));
#4405 = DIRECTION('',(0.,0.,1.));
#4406 = DIRECTION('',(1.,0.,0.));
#4407 = ORIENTED_EDGE('',*,*,#4393,.T.);
#4408 = CONICAL_SURFACE('',#4409,3.016854249492,0.588002603548);
#4409 = AXIS2_PLACEMENT_3D('',#4410,#4411,#4412);
#4410 = CARTESIAN_POINT('',(0.,-8.,0.));
#4411 = DIRECTION('',(0.,0.,1.));
#4412 = DIRECTION('',(1.,0.,0.));
#4413 = ADVANCED_FACE('',(#4414),#4426,.T.);
#4414 = FACE_BOUND('',#4415,.T.);
#4415 = EDGE_LOOP('',(#4416,#4417,#4418,#4419,#4425));
#4416 = ORIENTED_EDGE('',*,*,#3574,.F.);
#4417 = ORIENTED_EDGE('',*,*,#3558,.F.);
#4418 = ORIENTED_EDGE('',*,*,#3492,.F.);
#4419 = ORIENTED_EDGE('',*,*,#4420,.T.);
#4420 = EDGE_CURVE('',#3493,#3407,#4421,.T.);
#4421 = LINE('',#4422,#4423);
#4422 = CARTESIAN_POINT('',(-15.9,-7.4,6.8));
#4423 = VECTOR('',#4424,1.);
#4424 = DIRECTION('',(1.,0.,0.));
#4425 = ORIENTED_EDGE('',*,*,#3414,.F.);
#4426 = PLANE('',#4427);
#4427 = AXIS2_PLACEMENT_3D('',#4428,#4429,#4430);
#4428 = CARTESIAN_POINT('',(-7.09814720662E-16,-7.425754000772E-16,6.8)
  );
#4429 = DIRECTION('',(-0.,-0.,-1.));
#4430 = DIRECTION('',(-1.,0.,0.));
#4431 = ADVANCED_FACE('',(#4432),#4443,.T.);
#4432 = FACE_BOUND('',#4433,.T.);
#4433 = EDGE_LOOP('',(#4434,#4435,#4436,#4442));
#4434 = ORIENTED_EDGE('',*,*,#4420,.F.);
#4435 = ORIENTED_EDGE('',*,*,#3501,.F.);
#4436 = ORIENTED_EDGE('',*,*,#4437,.T.);
#4437 = EDGE_CURVE('',#3502,#3398,#4438,.T.);
#4438 = LINE('',#4439,#4440);
#4439 = CARTESIAN_POINT('',(-15.9,-7.4,8.));
#4440 = VECTOR('',#4441,1.);
#4441 = DIRECTION('',(1.,0.,0.));
#4442 = ORIENTED_EDGE('',*,*,#3406,.T.);
#4443 = PLANE('',#4444);
#4444 = AXIS2_PLACEMENT_3D('',#4445,#4446,#4447);
#4445 = CARTESIAN_POINT('',(-15.9,-7.4,6.8));
#4446 = DIRECTION('',(0.,1.,0.));
#4447 = DIRECTION('',(0.,0.,1.));
#4448 = ADVANCED_FACE('',(#4449),#4484,.F.);
#4449 = FACE_BOUND('',#4450,.F.);
#4450 = EDGE_LOOP('',(#4451,#4457,#4458,#4459,#4460,#4468,#4477,#4483));
#4451 = ORIENTED_EDGE('',*,*,#4452,.F.);
#4452 = EDGE_CURVE('',#3510,#4188,#4453,.T.);
#4453 = LINE('',#4454,#4455);
#4454 = CARTESIAN_POINT('',(-7.4,-15.9,8.));
#4455 = VECTOR('',#4456,1.);
#4456 = DIRECTION('',(0.,1.,0.));
#4457 = ORIENTED_EDGE('',*,*,#3509,.F.);
#4458 = ORIENTED_EDGE('',*,*,#4437,.T.);
#4459 = ORIENTED_EDGE('',*,*,#3397,.F.);
#4460 = ORIENTED_EDGE('',*,*,#4461,.T.);
#4461 = EDGE_CURVE('',#3390,#4462,#4464,.T.);
#4462 = VERTEX_POINT('',#4463);
#4463 = CARTESIAN_POINT('',(-0.6,-3.160403654991,8.));
#4464 = LINE('',#4465,#4466);
#4465 = CARTESIAN_POINT('',(-0.6,-15.9,8.));
#4466 = VECTOR('',#4467,1.);
#4467 = DIRECTION('',(0.,1.,0.));
#4468 = ORIENTED_EDGE('',*,*,#4469,.F.);
#4469 = EDGE_CURVE('',#4470,#4462,#4472,.T.);
#4470 = VERTEX_POINT('',#4471);
#4471 = CARTESIAN_POINT('',(-3.16040365499,-0.6,8.));
#4472 = CIRCLE('',#4473,3.216854249492);
#4473 = AXIS2_PLACEMENT_3D('',#4474,#4475,#4476);
#4474 = CARTESIAN_POINT('',(0.,0.,8.));
#4475 = DIRECTION('',(0.,0.,1.));
#4476 = DIRECTION('',(1.,0.,0.));
#4477 = ORIENTED_EDGE('',*,*,#4478,.F.);
#4478 = EDGE_CURVE('',#4196,#4470,#4479,.T.);
#4479 = LINE('',#4480,#4481);
#4480 = CARTESIAN_POINT('',(-15.9,-0.6,8.));
#4481 = VECTOR('',#4482,1.);
#4482 = DIRECTION('',(1.,0.,0.));
#4483 = ORIENTED_EDGE('',*,*,#4195,.F.);
#4484 = PLANE('',#4485);
#4485 = AXIS2_PLACEMENT_3D('',#4486,#4487,#4488);
#4486 = CARTESIAN_POINT('',(-14.44,-14.44,8.));
#4487 = DIRECTION('',(0.,0.,1.));
#4488 = DIRECTION('',(1.,0.,0.));
#4489 = ADVANCED_FACE('',(#4490),#4508,.F.);
#4490 = FACE_BOUND('',#4491,.F.);
#4491 = EDGE_LOOP('',(#4492,#4493,#4494,#4502));
#4492 = ORIENTED_EDGE('',*,*,#4461,.F.);
#4493 = ORIENTED_EDGE('',*,*,#3389,.T.);
#4494 = ORIENTED_EDGE('',*,*,#4495,.T.);
#4495 = EDGE_CURVE('',#3381,#4496,#4498,.T.);
#4496 = VERTEX_POINT('',#4497);
#4497 = CARTESIAN_POINT('',(-0.6,-3.16040365499,6.8));
#4498 = LINE('',#4499,#4500);
#4499 = CARTESIAN_POINT('',(-0.6,-15.9,6.8));
#4500 = VECTOR('',#4501,1.);
#4501 = DIRECTION('',(0.,1.,0.));
#4502 = ORIENTED_EDGE('',*,*,#4503,.F.);
#4503 = EDGE_CURVE('',#4462,#4496,#4504,.T.);
#4504 = LINE('',#4505,#4506);
#4505 = CARTESIAN_POINT('',(-0.6,-3.16040365499,0.3));
#4506 = VECTOR('',#4507,1.);
#4507 = DIRECTION('',(-0.,-0.,-1.));
#4508 = PLANE('',#4509);
#4509 = AXIS2_PLACEMENT_3D('',#4510,#4511,#4512);
#4510 = CARTESIAN_POINT('',(-0.6,-15.9,6.8));
#4511 = DIRECTION('',(1.,0.,0.));
#4512 = DIRECTION('',(0.,0.,1.));
#4513 = ADVANCED_FACE('',(#4514),#4533,.T.);
#4514 = FACE_BOUND('',#4515,.T.);
#4515 = EDGE_LOOP('',(#4516,#4517,#4518,#4527));
#4516 = ORIENTED_EDGE('',*,*,#3380,.F.);
#4517 = ORIENTED_EDGE('',*,*,#4495,.T.);
#4518 = ORIENTED_EDGE('',*,*,#4519,.F.);
#4519 = EDGE_CURVE('',#4520,#4496,#4522,.T.);
#4520 = VERTEX_POINT('',#4521);
#4521 = CARTESIAN_POINT('',(0.6,-3.16040365499,6.8));
#4522 = CIRCLE('',#4523,3.216854249492);
#4523 = AXIS2_PLACEMENT_3D('',#4524,#4525,#4526);
#4524 = CARTESIAN_POINT('',(0.,0.,6.8));
#4525 = DIRECTION('',(0.,0.,-1.));
#4526 = DIRECTION('',(1.,0.,0.));
#4527 = ORIENTED_EDGE('',*,*,#4528,.F.);
#4528 = EDGE_CURVE('',#3373,#4520,#4529,.T.);
#4529 = LINE('',#4530,#4531);
#4530 = CARTESIAN_POINT('',(0.6,-15.9,6.8));
#4531 = VECTOR('',#4532,1.);
#4532 = DIRECTION('',(0.,1.,0.));
#4533 = PLANE('',#4534);
#4534 = AXIS2_PLACEMENT_3D('',#4535,#4536,#4537);
#4535 = CARTESIAN_POINT('',(-7.09814720662E-16,-7.425754000772E-16,6.8)
  );
#4536 = DIRECTION('',(-0.,-0.,-1.));
#4537 = DIRECTION('',(-1.,0.,0.));
#4538 = ADVANCED_FACE('',(#4539),#4550,.T.);
#4539 = FACE_BOUND('',#4540,.T.);
#4540 = EDGE_LOOP('',(#4541,#4542,#4543,#4544));
#4541 = ORIENTED_EDGE('',*,*,#4348,.F.);
#4542 = ORIENTED_EDGE('',*,*,#3372,.T.);
#4543 = ORIENTED_EDGE('',*,*,#4528,.T.);
#4544 = ORIENTED_EDGE('',*,*,#4545,.F.);
#4545 = EDGE_CURVE('',#4340,#4520,#4546,.T.);
#4546 = LINE('',#4547,#4548);
#4547 = CARTESIAN_POINT('',(0.6,-3.16040365499,0.3));
#4548 = VECTOR('',#4549,1.);
#4549 = DIRECTION('',(-0.,-0.,-1.));
#4550 = PLANE('',#4551);
#4551 = AXIS2_PLACEMENT_3D('',#4552,#4553,#4554);
#4552 = CARTESIAN_POINT('',(0.6,-15.9,6.8));
#4553 = DIRECTION('',(1.,0.,0.));
#4554 = DIRECTION('',(0.,0.,1.));
#4555 = ADVANCED_FACE('',(#4556),#4575,.T.);
#4556 = FACE_BOUND('',#4557,.T.);
#4557 = EDGE_LOOP('',(#4558,#4559,#4567,#4574));
#4558 = ORIENTED_EDGE('',*,*,#3475,.F.);
#4559 = ORIENTED_EDGE('',*,*,#4560,.F.);
#4560 = EDGE_CURVE('',#4561,#3476,#4563,.T.);
#4561 = VERTEX_POINT('',#4562);
#4562 = CARTESIAN_POINT('',(-4.983145750508,-8.,0.));
#4563 = LINE('',#4564,#4565);
#4564 = CARTESIAN_POINT('',(-4.983145750508,-8.,0.));
#4565 = VECTOR('',#4566,1.);
#4566 = DIRECTION('',(0.554700196225,-1.358623639587E-16,0.832050294338)
  );
#4567 = ORIENTED_EDGE('',*,*,#4568,.T.);
#4568 = EDGE_CURVE('',#4561,#4561,#4569,.T.);
#4569 = CIRCLE('',#4570,3.016854249492);
#4570 = AXIS2_PLACEMENT_3D('',#4571,#4572,#4573);
#4571 = CARTESIAN_POINT('',(-8.,-8.,0.));
#4572 = DIRECTION('',(0.,0.,1.));
#4573 = DIRECTION('',(1.,0.,0.));
#4574 = ORIENTED_EDGE('',*,*,#4560,.T.);
#4575 = CONICAL_SURFACE('',#4576,3.016854249492,0.588002603548);
#4576 = AXIS2_PLACEMENT_3D('',#4577,#4578,#4579);
#4577 = CARTESIAN_POINT('',(-8.,-8.,0.));
#4578 = DIRECTION('',(0.,0.,1.));
#4579 = DIRECTION('',(1.,0.,0.));
#4580 = ADVANCED_FACE('',(#4581),#4592,.T.);
#4581 = FACE_BOUND('',#4582,.T.);
#4582 = EDGE_LOOP('',(#4583,#4584,#4585,#4586));
#4583 = ORIENTED_EDGE('',*,*,#3526,.F.);
#4584 = ORIENTED_EDGE('',*,*,#4230,.T.);
#4585 = ORIENTED_EDGE('',*,*,#4178,.F.);
#4586 = ORIENTED_EDGE('',*,*,#4587,.F.);
#4587 = EDGE_CURVE('',#3519,#4179,#4588,.T.);
#4588 = LINE('',#4589,#4590);
#4589 = CARTESIAN_POINT('',(-7.4,-15.9,6.8));
#4590 = VECTOR('',#4591,1.);
#4591 = DIRECTION('',(0.,1.,0.));
#4592 = PLANE('',#4593);
#4593 = AXIS2_PLACEMENT_3D('',#4594,#4595,#4596);
#4594 = CARTESIAN_POINT('',(-7.09814720662E-16,-7.425754000772E-16,6.8)
  );
#4595 = DIRECTION('',(-0.,-0.,-1.));
#4596 = DIRECTION('',(-1.,0.,0.));
#4597 = ADVANCED_FACE('',(#4598),#4604,.T.);
#4598 = FACE_BOUND('',#4599,.T.);
#4599 = EDGE_LOOP('',(#4600,#4601,#4602,#4603));
#4600 = ORIENTED_EDGE('',*,*,#4452,.F.);
#4601 = ORIENTED_EDGE('',*,*,#3518,.T.);
#4602 = ORIENTED_EDGE('',*,*,#4587,.T.);
#4603 = ORIENTED_EDGE('',*,*,#4187,.F.);
#4604 = PLANE('',#4605);
#4605 = AXIS2_PLACEMENT_3D('',#4606,#4607,#4608);
#4606 = CARTESIAN_POINT('',(-7.4,-15.9,6.8));
#4607 = DIRECTION('',(1.,0.,0.));
#4608 = DIRECTION('',(0.,0.,1.));
#4609 = ADVANCED_FACE('',(#4610),#4629,.T.);
#4610 = FACE_BOUND('',#4611,.T.);
#4611 = EDGE_LOOP('',(#4612,#4613,#4621,#4628));
#4612 = ORIENTED_EDGE('',*,*,#3615,.F.);
#4613 = ORIENTED_EDGE('',*,*,#4614,.F.);
#4614 = EDGE_CURVE('',#4615,#3616,#4617,.T.);
#4615 = VERTEX_POINT('',#4616);
#4616 = CARTESIAN_POINT('',(11.016854249492,-7.38916180027E-16,0.));
#4617 = LINE('',#4618,#4619);
#4618 = CARTESIAN_POINT('',(11.016854249492,-7.38916180027E-16,0.));
#4619 = VECTOR('',#4620,1.);
#4620 = DIRECTION('',(0.554700196225,-1.358623639587E-16,0.832050294338)
  );
#4621 = ORIENTED_EDGE('',*,*,#4622,.T.);
#4622 = EDGE_CURVE('',#4615,#4615,#4623,.T.);
#4623 = CIRCLE('',#4624,3.016854249492);
#4624 = AXIS2_PLACEMENT_3D('',#4625,#4626,#4627);
#4625 = CARTESIAN_POINT('',(8.,0.,0.));
#4626 = DIRECTION('',(0.,0.,1.));
#4627 = DIRECTION('',(1.,0.,0.));
#4628 = ORIENTED_EDGE('',*,*,#4614,.T.);
#4629 = CONICAL_SURFACE('',#4630,3.016854249492,0.588002603548);
#4630 = AXIS2_PLACEMENT_3D('',#4631,#4632,#4633);
#4631 = CARTESIAN_POINT('',(8.,0.,0.));
#4632 = DIRECTION('',(0.,0.,1.));
#4633 = DIRECTION('',(1.,0.,0.));
#4634 = ADVANCED_FACE('',(#4635),#4653,.F.);
#4635 = FACE_BOUND('',#4636,.F.);
#4636 = EDGE_LOOP('',(#4637,#4645,#4651,#4652));
#4637 = ORIENTED_EDGE('',*,*,#4638,.F.);
#4638 = EDGE_CURVE('',#4639,#3676,#4641,.T.);
#4639 = VERTEX_POINT('',#4640);
#4640 = CARTESIAN_POINT('',(3.16040365499,-0.6,6.8));
#4641 = LINE('',#4642,#4643);
#4642 = CARTESIAN_POINT('',(-15.9,-0.6,6.8));
#4643 = VECTOR('',#4644,1.);
#4644 = DIRECTION('',(1.,0.,0.));
#4645 = ORIENTED_EDGE('',*,*,#4646,.F.);
#4646 = EDGE_CURVE('',#4332,#4639,#4647,.T.);
#4647 = LINE('',#4648,#4649);
#4648 = CARTESIAN_POINT('',(3.16040365499,-0.6,0.3));
#4649 = VECTOR('',#4650,1.);
#4650 = DIRECTION('',(-0.,-0.,-1.));
#4651 = ORIENTED_EDGE('',*,*,#4331,.T.);
#4652 = ORIENTED_EDGE('',*,*,#3684,.T.);
#4653 = PLANE('',#4654);
#4654 = AXIS2_PLACEMENT_3D('',#4655,#4656,#4657);
#4655 = CARTESIAN_POINT('',(-15.9,-0.6,6.8));
#4656 = DIRECTION('',(0.,1.,0.));
#4657 = DIRECTION('',(0.,0.,1.));
#4658 = ADVANCED_FACE('',(#4659),#4687,.T.);
#4659 = FACE_BOUND('',#4660,.T.);
#4660 = EDGE_LOOP('',(#4661,#4662,#4671,#4680,#4686));
#4661 = ORIENTED_EDGE('',*,*,#4638,.F.);
#4662 = ORIENTED_EDGE('',*,*,#4663,.F.);
#4663 = EDGE_CURVE('',#4664,#4639,#4666,.T.);
#4664 = VERTEX_POINT('',#4665);
#4665 = CARTESIAN_POINT('',(3.216854249492,-7.879020519929E-16,6.8));
#4666 = CIRCLE('',#4667,3.216854249492);
#4667 = AXIS2_PLACEMENT_3D('',#4668,#4669,#4670);
#4668 = CARTESIAN_POINT('',(0.,0.,6.8));
#4669 = DIRECTION('',(0.,0.,-1.));
#4670 = DIRECTION('',(1.,0.,0.));
#4671 = ORIENTED_EDGE('',*,*,#4672,.F.);
#4672 = EDGE_CURVE('',#4673,#4664,#4675,.T.);
#4673 = VERTEX_POINT('',#4674);
#4674 = CARTESIAN_POINT('',(3.16040365499,0.6,6.8));
#4675 = CIRCLE('',#4676,3.216854249492);
#4676 = AXIS2_PLACEMENT_3D('',#4677,#4678,#4679);
#4677 = CARTESIAN_POINT('',(0.,0.,6.8));
#4678 = DIRECTION('',(0.,0.,-1.));
#4679 = DIRECTION('',(1.,0.,0.));
#4680 = ORIENTED_EDGE('',*,*,#4681,.T.);
#4681 = EDGE_CURVE('',#4673,#3668,#4682,.T.);
#4682 = LINE('',#4683,#4684);
#4683 = CARTESIAN_POINT('',(-15.9,0.6,6.8));
#4684 = VECTOR('',#4685,1.);
#4685 = DIRECTION('',(1.,0.,0.));
#4686 = ORIENTED_EDGE('',*,*,#3675,.F.);
#4687 = PLANE('',#4688);
#4688 = AXIS2_PLACEMENT_3D('',#4689,#4690,#4691);
#4689 = CARTESIAN_POINT('',(-7.09814720662E-16,-7.425754000772E-16,6.8)
  );
#4690 = DIRECTION('',(-0.,-0.,-1.));
#4691 = DIRECTION('',(-1.,0.,0.));
#4692 = ADVANCED_FACE('',(#4693),#4711,.T.);
#4693 = FACE_BOUND('',#4694,.T.);
#4694 = EDGE_LOOP('',(#4695,#4696,#4704,#4710));
#4695 = ORIENTED_EDGE('',*,*,#4681,.F.);
#4696 = ORIENTED_EDGE('',*,*,#4697,.F.);
#4697 = EDGE_CURVE('',#4698,#4673,#4700,.T.);
#4698 = VERTEX_POINT('',#4699);
#4699 = CARTESIAN_POINT('',(3.16040365499,0.6,8.));
#4700 = LINE('',#4701,#4702);
#4701 = CARTESIAN_POINT('',(3.16040365499,0.6,0.3));
#4702 = VECTOR('',#4703,1.);
#4703 = DIRECTION('',(-0.,-0.,-1.));
#4704 = ORIENTED_EDGE('',*,*,#4705,.T.);
#4705 = EDGE_CURVE('',#4698,#3659,#4706,.T.);
#4706 = LINE('',#4707,#4708);
#4707 = CARTESIAN_POINT('',(-15.9,0.6,8.));
#4708 = VECTOR('',#4709,1.);
#4709 = DIRECTION('',(1.,0.,0.));
#4710 = ORIENTED_EDGE('',*,*,#3667,.T.);
#4711 = PLANE('',#4712);
#4712 = AXIS2_PLACEMENT_3D('',#4713,#4714,#4715);
#4713 = CARTESIAN_POINT('',(-15.9,0.6,6.8));
#4714 = DIRECTION('',(0.,1.,0.));
#4715 = DIRECTION('',(0.,0.,1.));
#4716 = ADVANCED_FACE('',(#4717),#4750,.F.);
#4717 = FACE_BOUND('',#4718,.F.);
#4718 = EDGE_LOOP('',(#4719,#4727,#4734,#4735,#4736,#4742,#4743,#4749));
#4719 = ORIENTED_EDGE('',*,*,#4720,.F.);
#4720 = EDGE_CURVE('',#4721,#3943,#4723,.T.);
#4721 = VERTEX_POINT('',#4722);
#4722 = CARTESIAN_POINT('',(0.6,3.16040365499,8.));
#4723 = LINE('',#4724,#4725);
#4724 = CARTESIAN_POINT('',(0.6,-15.9,8.));
#4725 = VECTOR('',#4726,1.);
#4726 = DIRECTION('',(0.,1.,0.));
#4727 = ORIENTED_EDGE('',*,*,#4728,.F.);
#4728 = EDGE_CURVE('',#4698,#4721,#4729,.T.);
#4729 = CIRCLE('',#4730,3.216854249492);
#4730 = AXIS2_PLACEMENT_3D('',#4731,#4732,#4733);
#4731 = CARTESIAN_POINT('',(0.,0.,8.));
#4732 = DIRECTION('',(0.,0.,1.));
#4733 = DIRECTION('',(1.,0.,0.));
#4734 = ORIENTED_EDGE('',*,*,#4705,.T.);
#4735 = ORIENTED_EDGE('',*,*,#3658,.F.);
#4736 = ORIENTED_EDGE('',*,*,#4737,.T.);
#4737 = EDGE_CURVE('',#3651,#3801,#4738,.T.);
#4738 = LINE('',#4739,#4740);
#4739 = CARTESIAN_POINT('',(7.4,-15.9,8.));
#4740 = VECTOR('',#4741,1.);
#4741 = DIRECTION('',(0.,1.,0.));
#4742 = ORIENTED_EDGE('',*,*,#3800,.F.);
#4743 = ORIENTED_EDGE('',*,*,#4744,.F.);
#4744 = EDGE_CURVE('',#3951,#3793,#4745,.T.);
#4745 = LINE('',#4746,#4747);
#4746 = CARTESIAN_POINT('',(-15.9,7.4,8.));
#4747 = VECTOR('',#4748,1.);
#4748 = DIRECTION('',(1.,0.,0.));
#4749 = ORIENTED_EDGE('',*,*,#3950,.F.);
#4750 = PLANE('',#4751);
#4751 = AXIS2_PLACEMENT_3D('',#4752,#4753,#4754);
#4752 = CARTESIAN_POINT('',(-14.44,-14.44,8.));
#4753 = DIRECTION('',(0.,0.,1.));
#4754 = DIRECTION('',(1.,0.,0.));
#4755 = ADVANCED_FACE('',(#4756),#4767,.F.);
#4756 = FACE_BOUND('',#4757,.F.);
#4757 = EDGE_LOOP('',(#4758,#4759,#4760,#4766));
#4758 = ORIENTED_EDGE('',*,*,#4737,.F.);
#4759 = ORIENTED_EDGE('',*,*,#3650,.T.);
#4760 = ORIENTED_EDGE('',*,*,#4761,.T.);
#4761 = EDGE_CURVE('',#3642,#3810,#4762,.T.);
#4762 = LINE('',#4763,#4764);
#4763 = CARTESIAN_POINT('',(7.4,-15.9,6.8));
#4764 = VECTOR('',#4765,1.);
#4765 = DIRECTION('',(0.,1.,0.));
#4766 = ORIENTED_EDGE('',*,*,#3809,.F.);
#4767 = PLANE('',#4768);
#4768 = AXIS2_PLACEMENT_3D('',#4769,#4770,#4771);
#4769 = CARTESIAN_POINT('',(7.4,-15.9,6.8));
#4770 = DIRECTION('',(1.,0.,0.));
#4771 = DIRECTION('',(0.,0.,1.));
#4772 = ADVANCED_FACE('',(#4773),#4779,.T.);
#4773 = FACE_BOUND('',#4774,.T.);
#4774 = EDGE_LOOP('',(#4775,#4776,#4777,#4778));
#4775 = ORIENTED_EDGE('',*,*,#3641,.F.);
#4776 = ORIENTED_EDGE('',*,*,#4761,.T.);
#4777 = ORIENTED_EDGE('',*,*,#3817,.F.);
#4778 = ORIENTED_EDGE('',*,*,#3731,.F.);
#4779 = PLANE('',#4780);
#4780 = AXIS2_PLACEMENT_3D('',#4781,#4782,#4783);
#4781 = CARTESIAN_POINT('',(-7.09814720662E-16,-7.425754000772E-16,6.8)
  );
#4782 = DIRECTION('',(-0.,-0.,-1.));
#4783 = DIRECTION('',(-1.,0.,0.));
#4784 = ADVANCED_FACE('',(#4785),#4804,.T.);
#4785 = FACE_BOUND('',#4786,.T.);
#4786 = EDGE_LOOP('',(#4787,#4788,#4796,#4803));
#4787 = ORIENTED_EDGE('',*,*,#3753,.F.);
#4788 = ORIENTED_EDGE('',*,*,#4789,.F.);
#4789 = EDGE_CURVE('',#4790,#3754,#4792,.T.);
#4790 = VERTEX_POINT('',#4791);
#4791 = CARTESIAN_POINT('',(11.016854249492,8.,0.));
#4792 = LINE('',#4793,#4794);
#4793 = CARTESIAN_POINT('',(11.016854249492,8.,0.));
#4794 = VECTOR('',#4795,1.);
#4795 = DIRECTION('',(0.554700196225,-1.358623639587E-16,0.832050294338)
  );
#4796 = ORIENTED_EDGE('',*,*,#4797,.T.);
#4797 = EDGE_CURVE('',#4790,#4790,#4798,.T.);
#4798 = CIRCLE('',#4799,3.016854249492);
#4799 = AXIS2_PLACEMENT_3D('',#4800,#4801,#4802);
#4800 = CARTESIAN_POINT('',(8.,8.,0.));
#4801 = DIRECTION('',(0.,0.,1.));
#4802 = DIRECTION('',(1.,0.,0.));
#4803 = ORIENTED_EDGE('',*,*,#4789,.T.);
#4804 = CONICAL_SURFACE('',#4805,3.016854249492,0.588002603548);
#4805 = AXIS2_PLACEMENT_3D('',#4806,#4807,#4808);
#4806 = CARTESIAN_POINT('',(8.,8.,0.));
#4807 = DIRECTION('',(0.,0.,1.));
#4808 = DIRECTION('',(1.,0.,0.));
#4809 = ADVANCED_FACE('',(#4810),#4821,.F.);
#4810 = FACE_BOUND('',#4811,.F.);
#4811 = EDGE_LOOP('',(#4812,#4818,#4819,#4820));
#4812 = ORIENTED_EDGE('',*,*,#4813,.F.);
#4813 = EDGE_CURVE('',#3960,#3784,#4814,.T.);
#4814 = LINE('',#4815,#4816);
#4815 = CARTESIAN_POINT('',(-15.9,7.4,6.8));
#4816 = VECTOR('',#4817,1.);
#4817 = DIRECTION('',(1.,0.,0.));
#4818 = ORIENTED_EDGE('',*,*,#3959,.F.);
#4819 = ORIENTED_EDGE('',*,*,#4744,.T.);
#4820 = ORIENTED_EDGE('',*,*,#3792,.T.);
#4821 = PLANE('',#4822);
#4822 = AXIS2_PLACEMENT_3D('',#4823,#4824,#4825);
#4823 = CARTESIAN_POINT('',(-15.9,7.4,6.8));
#4824 = DIRECTION('',(0.,1.,0.));
#4825 = DIRECTION('',(0.,0.,1.));
#4826 = ADVANCED_FACE('',(#4827),#4834,.T.);
#4827 = FACE_BOUND('',#4828,.T.);
#4828 = EDGE_LOOP('',(#4829,#4830,#4831,#4832,#4833));
#4829 = ORIENTED_EDGE('',*,*,#4813,.F.);
#4830 = ORIENTED_EDGE('',*,*,#3967,.F.);
#4831 = ORIENTED_EDGE('',*,*,#3878,.F.);
#4832 = ORIENTED_EDGE('',*,*,#3837,.T.);
#4833 = ORIENTED_EDGE('',*,*,#3783,.F.);
#4834 = PLANE('',#4835);
#4835 = AXIS2_PLACEMENT_3D('',#4836,#4837,#4838);
#4836 = CARTESIAN_POINT('',(-7.09814720662E-16,-7.425754000772E-16,6.8)
  );
#4837 = DIRECTION('',(-0.,-0.,-1.));
#4838 = DIRECTION('',(-1.,0.,0.));
#4839 = ADVANCED_FACE('',(#4840),#4859,.T.);
#4840 = FACE_BOUND('',#4841,.T.);
#4841 = EDGE_LOOP('',(#4842,#4843,#4851,#4858));
#4842 = ORIENTED_EDGE('',*,*,#3861,.F.);
#4843 = ORIENTED_EDGE('',*,*,#4844,.F.);
#4844 = EDGE_CURVE('',#4845,#3862,#4847,.T.);
#4845 = VERTEX_POINT('',#4846);
#4846 = CARTESIAN_POINT('',(3.016854249492,8.,0.));
#4847 = LINE('',#4848,#4849);
#4848 = CARTESIAN_POINT('',(3.016854249492,8.,0.));
#4849 = VECTOR('',#4850,1.);
#4850 = DIRECTION('',(0.554700196225,-1.358623639587E-16,0.832050294338)
  );
#4851 = ORIENTED_EDGE('',*,*,#4852,.T.);
#4852 = EDGE_CURVE('',#4845,#4845,#4853,.T.);
#4853 = CIRCLE('',#4854,3.016854249492);
#4854 = AXIS2_PLACEMENT_3D('',#4855,#4856,#4857);
#4855 = CARTESIAN_POINT('',(0.,8.,0.));
#4856 = DIRECTION('',(0.,0.,1.));
#4857 = DIRECTION('',(1.,0.,0.));
#4858 = ORIENTED_EDGE('',*,*,#4844,.T.);
#4859 = CONICAL_SURFACE('',#4860,3.016854249492,0.588002603548);
#4860 = AXIS2_PLACEMENT_3D('',#4861,#4862,#4863);
#4861 = CARTESIAN_POINT('',(0.,8.,0.));
#4862 = DIRECTION('',(0.,0.,1.));
#4863 = DIRECTION('',(1.,0.,0.));
#4864 = ADVANCED_FACE('',(#4865),#4883,.T.);
#4865 = FACE_BOUND('',#4866,.T.);
#4866 = EDGE_LOOP('',(#4867,#4868,#4876,#4882));
#4867 = ORIENTED_EDGE('',*,*,#4720,.F.);
#4868 = ORIENTED_EDGE('',*,*,#4869,.T.);
#4869 = EDGE_CURVE('',#4721,#4870,#4872,.T.);
#4870 = VERTEX_POINT('',#4871);
#4871 = CARTESIAN_POINT('',(0.6,3.16040365499,6.8));
#4872 = LINE('',#4873,#4874);
#4873 = CARTESIAN_POINT('',(0.6,3.16040365499,0.3));
#4874 = VECTOR('',#4875,1.);
#4875 = DIRECTION('',(-0.,-0.,-1.));
#4876 = ORIENTED_EDGE('',*,*,#4877,.T.);
#4877 = EDGE_CURVE('',#4870,#3934,#4878,.T.);
#4878 = LINE('',#4879,#4880);
#4879 = CARTESIAN_POINT('',(0.6,-15.9,6.8));
#4880 = VECTOR('',#4881,1.);
#4881 = DIRECTION('',(0.,1.,0.));
#4882 = ORIENTED_EDGE('',*,*,#3942,.F.);
#4883 = PLANE('',#4884);
#4884 = AXIS2_PLACEMENT_3D('',#4885,#4886,#4887);
#4885 = CARTESIAN_POINT('',(0.6,-15.9,6.8));
#4886 = DIRECTION('',(1.,0.,0.));
#4887 = DIRECTION('',(0.,0.,1.));
#4888 = ADVANCED_FACE('',(#4889),#4908,.T.);
#4889 = FACE_BOUND('',#4890,.T.);
#4890 = EDGE_LOOP('',(#4891,#4900,#4906,#4907));
#4891 = ORIENTED_EDGE('',*,*,#4892,.F.);
#4892 = EDGE_CURVE('',#4893,#4870,#4895,.T.);
#4893 = VERTEX_POINT('',#4894);
#4894 = CARTESIAN_POINT('',(-0.6,3.16040365499,6.8));
#4895 = CIRCLE('',#4896,3.216854249492);
#4896 = AXIS2_PLACEMENT_3D('',#4897,#4898,#4899);
#4897 = CARTESIAN_POINT('',(0.,0.,6.8));
#4898 = DIRECTION('',(0.,0.,-1.));
#4899 = DIRECTION('',(1.,0.,0.));
#4900 = ORIENTED_EDGE('',*,*,#4901,.T.);
#4901 = EDGE_CURVE('',#4893,#3926,#4902,.T.);
#4902 = LINE('',#4903,#4904);
#4903 = CARTESIAN_POINT('',(-0.6,-15.9,6.8));
#4904 = VECTOR('',#4905,1.);
#4905 = DIRECTION('',(0.,1.,0.));
#4906 = ORIENTED_EDGE('',*,*,#3933,.F.);
#4907 = ORIENTED_EDGE('',*,*,#4877,.F.);
#4908 = PLANE('',#4909);
#4909 = AXIS2_PLACEMENT_3D('',#4910,#4911,#4912);
#4910 = CARTESIAN_POINT('',(-7.09814720662E-16,-7.425754000772E-16,6.8)
  );
#4911 = DIRECTION('',(-0.,-0.,-1.));
#4912 = DIRECTION('',(-1.,0.,0.));
#4913 = ADVANCED_FACE('',(#4914),#4932,.F.);
#4914 = FACE_BOUND('',#4915,.F.);
#4915 = EDGE_LOOP('',(#4916,#4924,#4930,#4931));
#4916 = ORIENTED_EDGE('',*,*,#4917,.F.);
#4917 = EDGE_CURVE('',#4918,#3917,#4920,.T.);
#4918 = VERTEX_POINT('',#4919);
#4919 = CARTESIAN_POINT('',(-0.6,3.160403654991,8.));
#4920 = LINE('',#4921,#4922);
#4921 = CARTESIAN_POINT('',(-0.6,-15.9,8.));
#4922 = VECTOR('',#4923,1.);
#4923 = DIRECTION('',(0.,1.,0.));
#4924 = ORIENTED_EDGE('',*,*,#4925,.T.);
#4925 = EDGE_CURVE('',#4918,#4893,#4926,.T.);
#4926 = LINE('',#4927,#4928);
#4927 = CARTESIAN_POINT('',(-0.6,3.16040365499,0.3));
#4928 = VECTOR('',#4929,1.);
#4929 = DIRECTION('',(-0.,-0.,-1.));
#4930 = ORIENTED_EDGE('',*,*,#4901,.T.);
#4931 = ORIENTED_EDGE('',*,*,#3925,.F.);
#4932 = PLANE('',#4933);
#4933 = AXIS2_PLACEMENT_3D('',#4934,#4935,#4936);
#4934 = CARTESIAN_POINT('',(-0.6,-15.9,6.8));
#4935 = DIRECTION('',(1.,0.,0.));
#4936 = DIRECTION('',(0.,0.,1.));
#4937 = ADVANCED_FACE('',(#4938),#4971,.F.);
#4938 = FACE_BOUND('',#4939,.F.);
#4939 = EDGE_LOOP('',(#4940,#4946,#4947,#4955,#4962,#4963,#4964,#4970));
#4940 = ORIENTED_EDGE('',*,*,#4941,.F.);
#4941 = EDGE_CURVE('',#4134,#4059,#4942,.T.);
#4942 = LINE('',#4943,#4944);
#4943 = CARTESIAN_POINT('',(-7.4,-15.9,8.));
#4944 = VECTOR('',#4945,1.);
#4945 = DIRECTION('',(0.,1.,0.));
#4946 = ORIENTED_EDGE('',*,*,#4133,.F.);
#4947 = ORIENTED_EDGE('',*,*,#4948,.T.);
#4948 = EDGE_CURVE('',#4126,#4949,#4951,.T.);
#4949 = VERTEX_POINT('',#4950);
#4950 = CARTESIAN_POINT('',(-3.16040365499,0.6,8.));
#4951 = LINE('',#4952,#4953);
#4952 = CARTESIAN_POINT('',(-15.9,0.6,8.));
#4953 = VECTOR('',#4954,1.);
#4954 = DIRECTION('',(1.,0.,0.));
#4955 = ORIENTED_EDGE('',*,*,#4956,.F.);
#4956 = EDGE_CURVE('',#4918,#4949,#4957,.T.);
#4957 = CIRCLE('',#4958,3.216854249492);
#4958 = AXIS2_PLACEMENT_3D('',#4959,#4960,#4961);
#4959 = CARTESIAN_POINT('',(0.,0.,8.));
#4960 = DIRECTION('',(0.,0.,1.));
#4961 = DIRECTION('',(1.,0.,0.));
#4962 = ORIENTED_EDGE('',*,*,#4917,.T.);
#4963 = ORIENTED_EDGE('',*,*,#3916,.F.);
#4964 = ORIENTED_EDGE('',*,*,#4965,.F.);
#4965 = EDGE_CURVE('',#4067,#3909,#4966,.T.);
#4966 = LINE('',#4967,#4968);
#4967 = CARTESIAN_POINT('',(-15.9,7.4,8.));
#4968 = VECTOR('',#4969,1.);
#4969 = DIRECTION('',(1.,0.,0.));
#4970 = ORIENTED_EDGE('',*,*,#4066,.F.);
#4971 = PLANE('',#4972);
#4972 = AXIS2_PLACEMENT_3D('',#4973,#4974,#4975);
#4973 = CARTESIAN_POINT('',(-14.44,-14.44,8.));
#4974 = DIRECTION('',(0.,0.,1.));
#4975 = DIRECTION('',(1.,0.,0.));
#4976 = ADVANCED_FACE('',(#4977),#4988,.F.);
#4977 = FACE_BOUND('',#4978,.F.);
#4978 = EDGE_LOOP('',(#4979,#4985,#4986,#4987));
#4979 = ORIENTED_EDGE('',*,*,#4980,.F.);
#4980 = EDGE_CURVE('',#4076,#3900,#4981,.T.);
#4981 = LINE('',#4982,#4983);
#4982 = CARTESIAN_POINT('',(-15.9,7.4,6.8));
#4983 = VECTOR('',#4984,1.);
#4984 = DIRECTION('',(1.,0.,0.));
#4985 = ORIENTED_EDGE('',*,*,#4075,.F.);
#4986 = ORIENTED_EDGE('',*,*,#4965,.T.);
#4987 = ORIENTED_EDGE('',*,*,#3908,.T.);
#4988 = PLANE('',#4989);
#4989 = AXIS2_PLACEMENT_3D('',#4990,#4991,#4992);
#4990 = CARTESIAN_POINT('',(-15.9,7.4,6.8));
#4991 = DIRECTION('',(0.,1.,0.));
#4992 = DIRECTION('',(0.,0.,1.));
#4993 = ADVANCED_FACE('',(#4994),#5001,.T.);
#4994 = FACE_BOUND('',#4995,.T.);
#4995 = EDGE_LOOP('',(#4996,#4997,#4998,#4999,#5000));
#4996 = ORIENTED_EDGE('',*,*,#4980,.F.);
#4997 = ORIENTED_EDGE('',*,*,#4083,.F.);
#4998 = ORIENTED_EDGE('',*,*,#4024,.F.);
#4999 = ORIENTED_EDGE('',*,*,#3983,.T.);
#5000 = ORIENTED_EDGE('',*,*,#3899,.F.);
#5001 = PLANE('',#5002);
#5002 = AXIS2_PLACEMENT_3D('',#5003,#5004,#5005);
#5003 = CARTESIAN_POINT('',(-7.09814720662E-16,-7.425754000772E-16,6.8)
  );
#5004 = DIRECTION('',(-0.,-0.,-1.));
#5005 = DIRECTION('',(-1.,0.,0.));
#5006 = ADVANCED_FACE('',(#5007),#5026,.T.);
#5007 = FACE_BOUND('',#5008,.T.);
#5008 = EDGE_LOOP('',(#5009,#5010,#5018,#5025));
#5009 = ORIENTED_EDGE('',*,*,#4007,.F.);
#5010 = ORIENTED_EDGE('',*,*,#5011,.F.);
#5011 = EDGE_CURVE('',#5012,#4008,#5014,.T.);
#5012 = VERTEX_POINT('',#5013);
#5013 = CARTESIAN_POINT('',(-4.983145750508,8.,0.));
#5014 = LINE('',#5015,#5016);
#5015 = CARTESIAN_POINT('',(-4.983145750508,8.,0.));
#5016 = VECTOR('',#5017,1.);
#5017 = DIRECTION('',(0.554700196225,-1.358623639587E-16,0.832050294338)
  );
#5018 = ORIENTED_EDGE('',*,*,#5019,.T.);
#5019 = EDGE_CURVE('',#5012,#5012,#5020,.T.);
#5020 = CIRCLE('',#5021,3.016854249492);
#5021 = AXIS2_PLACEMENT_3D('',#5022,#5023,#5024);
#5022 = CARTESIAN_POINT('',(-8.,8.,0.));
#5023 = DIRECTION('',(0.,0.,1.));
#5024 = DIRECTION('',(1.,0.,0.));
#5025 = ORIENTED_EDGE('',*,*,#5011,.T.);
#5026 = CONICAL_SURFACE('',#5027,3.016854249492,0.588002603548);
#5027 = AXIS2_PLACEMENT_3D('',#5028,#5029,#5030);
#5028 = CARTESIAN_POINT('',(-8.,8.,0.));
#5029 = DIRECTION('',(0.,0.,1.));
#5030 = DIRECTION('',(1.,0.,0.));
#5031 = ADVANCED_FACE('',(#5032),#5043,.T.);
#5032 = FACE_BOUND('',#5033,.T.);
#5033 = EDGE_LOOP('',(#5034,#5035,#5036,#5042));
#5034 = ORIENTED_EDGE('',*,*,#4941,.F.);
#5035 = ORIENTED_EDGE('',*,*,#4142,.T.);
#5036 = ORIENTED_EDGE('',*,*,#5037,.T.);
#5037 = EDGE_CURVE('',#4143,#4050,#5038,.T.);
#5038 = LINE('',#5039,#5040);
#5039 = CARTESIAN_POINT('',(-7.4,-15.9,6.8));
#5040 = VECTOR('',#5041,1.);
#5041 = DIRECTION('',(0.,1.,0.));
#5042 = ORIENTED_EDGE('',*,*,#4058,.F.);
#5043 = PLANE('',#5044);
#5044 = AXIS2_PLACEMENT_3D('',#5045,#5046,#5047);
#5045 = CARTESIAN_POINT('',(-7.4,-15.9,6.8));
#5046 = DIRECTION('',(1.,0.,0.));
#5047 = DIRECTION('',(0.,0.,1.));
#5048 = ADVANCED_FACE('',(#5049),#5055,.T.);
#5049 = FACE_BOUND('',#5050,.T.);
#5050 = EDGE_LOOP('',(#5051,#5052,#5053,#5054));
#5051 = ORIENTED_EDGE('',*,*,#4150,.F.);
#5052 = ORIENTED_EDGE('',*,*,#4247,.T.);
#5053 = ORIENTED_EDGE('',*,*,#4049,.F.);
#5054 = ORIENTED_EDGE('',*,*,#5037,.F.);
#5055 = PLANE('',#5056);
#5056 = AXIS2_PLACEMENT_3D('',#5057,#5058,#5059);
#5057 = CARTESIAN_POINT('',(-7.09814720662E-16,-7.425754000772E-16,6.8)
  );
#5058 = DIRECTION('',(-0.,-0.,-1.));
#5059 = DIRECTION('',(-1.,0.,0.));
#5060 = ADVANCED_FACE('',(#5061),#5080,.T.);
#5061 = FACE_BOUND('',#5062,.T.);
#5062 = EDGE_LOOP('',(#5063,#5064,#5072,#5079));
#5063 = ORIENTED_EDGE('',*,*,#4099,.F.);
#5064 = ORIENTED_EDGE('',*,*,#5065,.F.);
#5065 = EDGE_CURVE('',#5066,#4100,#5068,.T.);
#5066 = VERTEX_POINT('',#5067);
#5067 = CARTESIAN_POINT('',(-4.983145750508,-7.38916180027E-16,0.));
#5068 = LINE('',#5069,#5070);
#5069 = CARTESIAN_POINT('',(-4.983145750508,-7.38916180027E-16,0.));
#5070 = VECTOR('',#5071,1.);
#5071 = DIRECTION('',(0.554700196225,-1.358623639587E-16,0.832050294338)
  );
#5072 = ORIENTED_EDGE('',*,*,#5073,.T.);
#5073 = EDGE_CURVE('',#5066,#5066,#5074,.T.);
#5074 = CIRCLE('',#5075,3.016854249492);
#5075 = AXIS2_PLACEMENT_3D('',#5076,#5077,#5078);
#5076 = CARTESIAN_POINT('',(-8.,0.,0.));
#5077 = DIRECTION('',(0.,0.,1.));
#5078 = DIRECTION('',(1.,0.,0.));
#5079 = ORIENTED_EDGE('',*,*,#5065,.T.);
#5080 = CONICAL_SURFACE('',#5081,3.016854249492,0.588002603548);
#5081 = AXIS2_PLACEMENT_3D('',#5082,#5083,#5084);
#5082 = CARTESIAN_POINT('',(-8.,0.,0.));
#5083 = DIRECTION('',(0.,0.,1.));
#5084 = DIRECTION('',(1.,0.,0.));
#5085 = ADVANCED_FACE('',(#5086),#5113,.T.);
#5086 = FACE_BOUND('',#5087,.T.);
#5087 = EDGE_LOOP('',(#5088,#5096,#5097,#5098,#5106));
#5088 = ORIENTED_EDGE('',*,*,#5089,.F.);
#5089 = EDGE_CURVE('',#4205,#5090,#5092,.T.);
#5090 = VERTEX_POINT('',#5091);
#5091 = CARTESIAN_POINT('',(-3.16040365499,-0.6,6.8));
#5092 = LINE('',#5093,#5094);
#5093 = CARTESIAN_POINT('',(-15.9,-0.6,6.8));
#5094 = VECTOR('',#5095,1.);
#5095 = DIRECTION('',(1.,0.,0.));
#5096 = ORIENTED_EDGE('',*,*,#4212,.F.);
#5097 = ORIENTED_EDGE('',*,*,#4116,.F.);
#5098 = ORIENTED_EDGE('',*,*,#5099,.T.);
#5099 = EDGE_CURVE('',#4117,#5100,#5102,.T.);
#5100 = VERTEX_POINT('',#5101);
#5101 = CARTESIAN_POINT('',(-3.16040365499,0.6,6.8));
#5102 = LINE('',#5103,#5104);
#5103 = CARTESIAN_POINT('',(-15.9,0.6,6.8));
#5104 = VECTOR('',#5105,1.);
#5105 = DIRECTION('',(1.,0.,0.));
#5106 = ORIENTED_EDGE('',*,*,#5107,.F.);
#5107 = EDGE_CURVE('',#5090,#5100,#5108,.T.);
#5108 = CIRCLE('',#5109,3.216854249492);
#5109 = AXIS2_PLACEMENT_3D('',#5110,#5111,#5112);
#5110 = CARTESIAN_POINT('',(0.,0.,6.8));
#5111 = DIRECTION('',(0.,0.,-1.));
#5112 = DIRECTION('',(1.,0.,0.));
#5113 = PLANE('',#5114);
#5114 = AXIS2_PLACEMENT_3D('',#5115,#5116,#5117);
#5115 = CARTESIAN_POINT('',(-7.09814720662E-16,-7.425754000772E-16,6.8)
  );
#5116 = DIRECTION('',(-0.,-0.,-1.));
#5117 = DIRECTION('',(-1.,0.,0.));
#5118 = ADVANCED_FACE('',(#5119),#5130,.F.);
#5119 = FACE_BOUND('',#5120,.F.);
#5120 = EDGE_LOOP('',(#5121,#5122,#5123,#5124));
#5121 = ORIENTED_EDGE('',*,*,#5089,.F.);
#5122 = ORIENTED_EDGE('',*,*,#4204,.F.);
#5123 = ORIENTED_EDGE('',*,*,#4478,.T.);
#5124 = ORIENTED_EDGE('',*,*,#5125,.T.);
#5125 = EDGE_CURVE('',#4470,#5090,#5126,.T.);
#5126 = LINE('',#5127,#5128);
#5127 = CARTESIAN_POINT('',(-3.16040365499,-0.6,0.3));
#5128 = VECTOR('',#5129,1.);
#5129 = DIRECTION('',(-0.,-0.,-1.));
#5130 = PLANE('',#5131);
#5131 = AXIS2_PLACEMENT_3D('',#5132,#5133,#5134);
#5132 = CARTESIAN_POINT('',(-15.9,-0.6,6.8));
#5133 = DIRECTION('',(0.,1.,0.));
#5134 = DIRECTION('',(0.,0.,1.));
#5135 = ADVANCED_FACE('',(#5136),#5147,.T.);
#5136 = FACE_BOUND('',#5137,.T.);
#5137 = EDGE_LOOP('',(#5138,#5139,#5140,#5141));
#5138 = ORIENTED_EDGE('',*,*,#5099,.F.);
#5139 = ORIENTED_EDGE('',*,*,#4125,.F.);
#5140 = ORIENTED_EDGE('',*,*,#4948,.T.);
#5141 = ORIENTED_EDGE('',*,*,#5142,.T.);
#5142 = EDGE_CURVE('',#4949,#5100,#5143,.T.);
#5143 = LINE('',#5144,#5145);
#5144 = CARTESIAN_POINT('',(-3.16040365499,0.6,0.3));
#5145 = VECTOR('',#5146,1.);
#5146 = DIRECTION('',(-0.,-0.,-1.));
#5147 = PLANE('',#5148);
#5148 = AXIS2_PLACEMENT_3D('',#5149,#5150,#5151);
#5149 = CARTESIAN_POINT('',(-15.9,0.6,6.8));
#5150 = DIRECTION('',(0.,1.,0.));
#5151 = DIRECTION('',(0.,0.,1.));
#5152 = ADVANCED_FACE('',(#5153,#5156),#5167,.F.);
#5153 = FACE_BOUND('',#5154,.F.);
#5154 = EDGE_LOOP('',(#5155));
#5155 = ORIENTED_EDGE('',*,*,#4271,.T.);
#5156 = FACE_BOUND('',#5157,.F.);
#5157 = EDGE_LOOP('',(#5158));
#5158 = ORIENTED_EDGE('',*,*,#5159,.F.);
#5159 = EDGE_CURVE('',#5160,#5160,#5162,.T.);
#5160 = VERTEX_POINT('',#5161);
#5161 = CARTESIAN_POINT('',(9.6,-8.,0.));
#5162 = CIRCLE('',#5163,1.6);
#5163 = AXIS2_PLACEMENT_3D('',#5164,#5165,#5166);
#5164 = CARTESIAN_POINT('',(8.,-8.,0.));
#5165 = DIRECTION('',(0.,0.,1.));
#5166 = DIRECTION('',(1.,0.,0.));
#5167 = PLANE('',#5168);
#5168 = AXIS2_PLACEMENT_3D('',#5169,#5170,#5171);
#5169 = CARTESIAN_POINT('',(8.,-8.,0.));
#5170 = DIRECTION('',(0.,0.,1.));
#5171 = DIRECTION('',(1.,0.,0.));
#5172 = ADVANCED_FACE('',(#5173),#5208,.T.);
#5173 = FACE_BOUND('',#5174,.F.);
#5174 = EDGE_LOOP('',(#5175,#5184,#5190,#5191,#5192,#5193,#5194,#5195,
    #5196,#5197,#5198,#5199,#5200,#5201,#5202,#5203,#5204,#5205,#5206,
    #5207));
#5175 = ORIENTED_EDGE('',*,*,#5176,.F.);
#5176 = EDGE_CURVE('',#5177,#5177,#5179,.T.);
#5177 = VERTEX_POINT('',#5178);
#5178 = CARTESIAN_POINT('',(3.216854249492,-7.879020519929E-16,0.3));
#5179 = CIRCLE('',#5180,3.216854249492);
#5180 = AXIS2_PLACEMENT_3D('',#5181,#5182,#5183);
#5181 = CARTESIAN_POINT('',(0.,0.,0.3));
#5182 = DIRECTION('',(0.,0.,1.));
#5183 = DIRECTION('',(1.,0.,0.));
#5184 = ORIENTED_EDGE('',*,*,#5185,.T.);
#5185 = EDGE_CURVE('',#5177,#4664,#5186,.T.);
#5186 = LINE('',#5187,#5188);
#5187 = CARTESIAN_POINT('',(3.216854249492,-7.879020519929E-16,0.3));
#5188 = VECTOR('',#5189,1.);
#5189 = DIRECTION('',(0.,0.,1.));
#5190 = ORIENTED_EDGE('',*,*,#4672,.F.);
#5191 = ORIENTED_EDGE('',*,*,#4697,.F.);
#5192 = ORIENTED_EDGE('',*,*,#4728,.T.);
#5193 = ORIENTED_EDGE('',*,*,#4869,.T.);
#5194 = ORIENTED_EDGE('',*,*,#4892,.F.);
#5195 = ORIENTED_EDGE('',*,*,#4925,.F.);
#5196 = ORIENTED_EDGE('',*,*,#4956,.T.);
#5197 = ORIENTED_EDGE('',*,*,#5142,.T.);
#5198 = ORIENTED_EDGE('',*,*,#5107,.F.);
#5199 = ORIENTED_EDGE('',*,*,#5125,.F.);
#5200 = ORIENTED_EDGE('',*,*,#4469,.T.);
#5201 = ORIENTED_EDGE('',*,*,#4503,.T.);
#5202 = ORIENTED_EDGE('',*,*,#4519,.F.);
#5203 = ORIENTED_EDGE('',*,*,#4545,.F.);
#5204 = ORIENTED_EDGE('',*,*,#4339,.T.);
#5205 = ORIENTED_EDGE('',*,*,#4646,.T.);
#5206 = ORIENTED_EDGE('',*,*,#4663,.F.);
#5207 = ORIENTED_EDGE('',*,*,#5185,.F.);
#5208 = CYLINDRICAL_SURFACE('',#5209,3.216854249492);
#5209 = AXIS2_PLACEMENT_3D('',#5210,#5211,#5212);
#5210 = CARTESIAN_POINT('',(0.,0.,0.3));
#5211 = DIRECTION('',(-0.,-0.,-1.));
#5212 = DIRECTION('',(1.,0.,0.));
#5213 = ADVANCED_FACE('',(#5214,#5217),#5228,.F.);
#5214 = FACE_BOUND('',#5215,.F.);
#5215 = EDGE_LOOP('',(#5216));
#5216 = ORIENTED_EDGE('',*,*,#4401,.T.);
#5217 = FACE_BOUND('',#5218,.F.);
#5218 = EDGE_LOOP('',(#5219));
#5219 = ORIENTED_EDGE('',*,*,#5220,.F.);
#5220 = EDGE_CURVE('',#5221,#5221,#5223,.T.);
#5221 = VERTEX_POINT('',#5222);
#5222 = CARTESIAN_POINT('',(1.6,-8.,0.));
#5223 = CIRCLE('',#5224,1.6);
#5224 = AXIS2_PLACEMENT_3D('',#5225,#5226,#5227);
#5225 = CARTESIAN_POINT('',(0.,-8.,0.));
#5226 = DIRECTION('',(0.,0.,1.));
#5227 = DIRECTION('',(1.,0.,0.));
#5228 = PLANE('',#5229);
#5229 = AXIS2_PLACEMENT_3D('',#5230,#5231,#5232);
#5230 = CARTESIAN_POINT('',(0.,-8.,0.));
#5231 = DIRECTION('',(0.,0.,1.));
#5232 = DIRECTION('',(1.,0.,0.));
#5233 = ADVANCED_FACE('',(#5234,#5237),#5248,.F.);
#5234 = FACE_BOUND('',#5235,.F.);
#5235 = EDGE_LOOP('',(#5236));
#5236 = ORIENTED_EDGE('',*,*,#4568,.T.);
#5237 = FACE_BOUND('',#5238,.F.);
#5238 = EDGE_LOOP('',(#5239));
#5239 = ORIENTED_EDGE('',*,*,#5240,.F.);
#5240 = EDGE_CURVE('',#5241,#5241,#5243,.T.);
#5241 = VERTEX_POINT('',#5242);
#5242 = CARTESIAN_POINT('',(-6.4,-8.,0.));
#5243 = CIRCLE('',#5244,1.6);
#5244 = AXIS2_PLACEMENT_3D('',#5245,#5246,#5247);
#5245 = CARTESIAN_POINT('',(-8.,-8.,0.));
#5246 = DIRECTION('',(0.,0.,1.));
#5247 = DIRECTION('',(1.,0.,0.));
#5248 = PLANE('',#5249);
#5249 = AXIS2_PLACEMENT_3D('',#5250,#5251,#5252);
#5250 = CARTESIAN_POINT('',(-8.,-8.,0.));
#5251 = DIRECTION('',(0.,0.,1.));
#5252 = DIRECTION('',(1.,0.,0.));
#5253 = ADVANCED_FACE('',(#5254,#5257),#5268,.F.);
#5254 = FACE_BOUND('',#5255,.F.);
#5255 = EDGE_LOOP('',(#5256));
#5256 = ORIENTED_EDGE('',*,*,#4622,.T.);
#5257 = FACE_BOUND('',#5258,.F.);
#5258 = EDGE_LOOP('',(#5259));
#5259 = ORIENTED_EDGE('',*,*,#5260,.F.);
#5260 = EDGE_CURVE('',#5261,#5261,#5263,.T.);
#5261 = VERTEX_POINT('',#5262);
#5262 = CARTESIAN_POINT('',(9.6,-3.918869757272E-16,0.));
#5263 = CIRCLE('',#5264,1.6);
#5264 = AXIS2_PLACEMENT_3D('',#5265,#5266,#5267);
#5265 = CARTESIAN_POINT('',(8.,0.,0.));
#5266 = DIRECTION('',(0.,0.,1.));
#5267 = DIRECTION('',(1.,0.,0.));
#5268 = PLANE('',#5269);
#5269 = AXIS2_PLACEMENT_3D('',#5270,#5271,#5272);
#5270 = CARTESIAN_POINT('',(8.,0.,0.));
#5271 = DIRECTION('',(0.,0.,1.));
#5272 = DIRECTION('',(1.,0.,0.));
#5273 = ADVANCED_FACE('',(#5274,#5277),#5288,.F.);
#5274 = FACE_BOUND('',#5275,.F.);
#5275 = EDGE_LOOP('',(#5276));
#5276 = ORIENTED_EDGE('',*,*,#4797,.T.);
#5277 = FACE_BOUND('',#5278,.F.);
#5278 = EDGE_LOOP('',(#5279));
#5279 = ORIENTED_EDGE('',*,*,#5280,.F.);
#5280 = EDGE_CURVE('',#5281,#5281,#5283,.T.);
#5281 = VERTEX_POINT('',#5282);
#5282 = CARTESIAN_POINT('',(9.6,8.,0.));
#5283 = CIRCLE('',#5284,1.6);
#5284 = AXIS2_PLACEMENT_3D('',#5285,#5286,#5287);
#5285 = CARTESIAN_POINT('',(8.,8.,0.));
#5286 = DIRECTION('',(0.,0.,1.));
#5287 = DIRECTION('',(1.,0.,0.));
#5288 = PLANE('',#5289);
#5289 = AXIS2_PLACEMENT_3D('',#5290,#5291,#5292);
#5290 = CARTESIAN_POINT('',(8.,8.,0.));
#5291 = DIRECTION('',(0.,0.,1.));
#5292 = DIRECTION('',(1.,0.,0.));
#5293 = ADVANCED_FACE('',(#5294,#5297),#5308,.F.);
#5294 = FACE_BOUND('',#5295,.F.);
#5295 = EDGE_LOOP('',(#5296));
#5296 = ORIENTED_EDGE('',*,*,#4852,.T.);
#5297 = FACE_BOUND('',#5298,.F.);
#5298 = EDGE_LOOP('',(#5299));
#5299 = ORIENTED_EDGE('',*,*,#5300,.F.);
#5300 = EDGE_CURVE('',#5301,#5301,#5303,.T.);
#5301 = VERTEX_POINT('',#5302);
#5302 = CARTESIAN_POINT('',(1.6,8.,0.));
#5303 = CIRCLE('',#5304,1.6);
#5304 = AXIS2_PLACEMENT_3D('',#5305,#5306,#5307);
#5305 = CARTESIAN_POINT('',(0.,8.,0.));
#5306 = DIRECTION('',(0.,0.,1.));
#5307 = DIRECTION('',(1.,0.,0.));
#5308 = PLANE('',#5309);
#5309 = AXIS2_PLACEMENT_3D('',#5310,#5311,#5312);
#5310 = CARTESIAN_POINT('',(0.,8.,0.));
#5311 = DIRECTION('',(0.,0.,1.));
#5312 = DIRECTION('',(1.,0.,0.));
#5313 = ADVANCED_FACE('',(#5314,#5317),#5328,.F.);
#5314 = FACE_BOUND('',#5315,.F.);
#5315 = EDGE_LOOP('',(#5316));
#5316 = ORIENTED_EDGE('',*,*,#5019,.T.);
#5317 = FACE_BOUND('',#5318,.F.);
#5318 = EDGE_LOOP('',(#5319));
#5319 = ORIENTED_EDGE('',*,*,#5320,.F.);
#5320 = EDGE_CURVE('',#5321,#5321,#5323,.T.);
#5321 = VERTEX_POINT('',#5322);
#5322 = CARTESIAN_POINT('',(-6.4,8.,0.));
#5323 = CIRCLE('',#5324,1.6);
#5324 = AXIS2_PLACEMENT_3D('',#5325,#5326,#5327);
#5325 = CARTESIAN_POINT('',(-8.,8.,0.));
#5326 = DIRECTION('',(0.,0.,1.));
#5327 = DIRECTION('',(1.,0.,0.));
#5328 = PLANE('',#5329);
#5329 = AXIS2_PLACEMENT_3D('',#5330,#5331,#5332);
#5330 = CARTESIAN_POINT('',(-8.,8.,0.));
#5331 = DIRECTION('',(0.,0.,1.));
#5332 = DIRECTION('',(1.,0.,0.));
#5333 = ADVANCED_FACE('',(#5334,#5337),#5348,.F.);
#5334 = FACE_BOUND('',#5335,.F.);
#5335 = EDGE_LOOP('',(#5336));
#5336 = ORIENTED_EDGE('',*,*,#5073,.T.);
#5337 = FACE_BOUND('',#5338,.F.);
#5338 = EDGE_LOOP('',(#5339));
#5339 = ORIENTED_EDGE('',*,*,#5340,.F.);
#5340 = EDGE_CURVE('',#5341,#5341,#5343,.T.);
#5341 = VERTEX_POINT('',#5342);
#5342 = CARTESIAN_POINT('',(-6.4,-3.918869757272E-16,0.));
#5343 = CIRCLE('',#5344,1.6);
#5344 = AXIS2_PLACEMENT_3D('',#5345,#5346,#5347);
#5345 = CARTESIAN_POINT('',(-8.,0.,0.));
#5346 = DIRECTION('',(0.,0.,1.));
#5347 = DIRECTION('',(1.,0.,0.));
#5348 = PLANE('',#5349);
#5349 = AXIS2_PLACEMENT_3D('',#5350,#5351,#5352);
#5350 = CARTESIAN_POINT('',(-8.,0.,0.));
#5351 = DIRECTION('',(0.,0.,1.));
#5352 = DIRECTION('',(1.,0.,0.));
#5353 = ADVANCED_FACE('',(#5354),#5373,.F.);
#5354 = FACE_BOUND('',#5355,.T.);
#5355 = EDGE_LOOP('',(#5356,#5364,#5371,#5372));
#5356 = ORIENTED_EDGE('',*,*,#5357,.T.);
#5357 = EDGE_CURVE('',#5160,#5358,#5360,.T.);
#5358 = VERTEX_POINT('',#5359);
#5359 = CARTESIAN_POINT('',(9.6,-8.,8.));
#5360 = LINE('',#5361,#5362);
#5361 = CARTESIAN_POINT('',(9.6,-8.,0.));
#5362 = VECTOR('',#5363,1.);
#5363 = DIRECTION('',(0.,0.,1.));
#5364 = ORIENTED_EDGE('',*,*,#5365,.T.);
#5365 = EDGE_CURVE('',#5358,#5358,#5366,.T.);
#5366 = CIRCLE('',#5367,1.6);
#5367 = AXIS2_PLACEMENT_3D('',#5368,#5369,#5370);
#5368 = CARTESIAN_POINT('',(8.,-8.,8.));
#5369 = DIRECTION('',(0.,0.,1.));
#5370 = DIRECTION('',(1.,0.,0.));
#5371 = ORIENTED_EDGE('',*,*,#5357,.F.);
#5372 = ORIENTED_EDGE('',*,*,#5159,.F.);
#5373 = CYLINDRICAL_SURFACE('',#5374,1.6);
#5374 = AXIS2_PLACEMENT_3D('',#5375,#5376,#5377);
#5375 = CARTESIAN_POINT('',(8.,-8.,0.));
#5376 = DIRECTION('',(-0.,-0.,-1.));
#5377 = DIRECTION('',(1.,0.,0.));
#5378 = ADVANCED_FACE('',(#5379),#5398,.T.);
#5379 = FACE_BOUND('',#5380,.T.);
#5380 = EDGE_LOOP('',(#5381,#5382,#5390,#5397));
#5381 = ORIENTED_EDGE('',*,*,#5176,.F.);
#5382 = ORIENTED_EDGE('',*,*,#5383,.F.);
#5383 = EDGE_CURVE('',#5384,#5177,#5386,.T.);
#5384 = VERTEX_POINT('',#5385);
#5385 = CARTESIAN_POINT('',(3.016854249492,-7.38916180027E-16,0.));
#5386 = LINE('',#5387,#5388);
#5387 = CARTESIAN_POINT('',(3.016854249492,-7.38916180027E-16,0.));
#5388 = VECTOR('',#5389,1.);
#5389 = DIRECTION('',(0.554700196225,-1.358623639587E-16,0.832050294338)
  );
#5390 = ORIENTED_EDGE('',*,*,#5391,.T.);
#5391 = EDGE_CURVE('',#5384,#5384,#5392,.T.);
#5392 = CIRCLE('',#5393,3.016854249492);
#5393 = AXIS2_PLACEMENT_3D('',#5394,#5395,#5396);
#5394 = CARTESIAN_POINT('',(0.,0.,0.));
#5395 = DIRECTION('',(0.,0.,1.));
#5396 = DIRECTION('',(1.,0.,0.));
#5397 = ORIENTED_EDGE('',*,*,#5383,.T.);
#5398 = CONICAL_SURFACE('',#5399,3.016854249492,0.588002603548);
#5399 = AXIS2_PLACEMENT_3D('',#5400,#5401,#5402);
#5400 = CARTESIAN_POINT('',(0.,0.,0.));
#5401 = DIRECTION('',(0.,0.,1.));
#5402 = DIRECTION('',(1.,0.,0.));
#5403 = ADVANCED_FACE('',(#5404),#5423,.F.);
#5404 = FACE_BOUND('',#5405,.T.);
#5405 = EDGE_LOOP('',(#5406,#5414,#5421,#5422));
#5406 = ORIENTED_EDGE('',*,*,#5407,.T.);
#5407 = EDGE_CURVE('',#5221,#5408,#5410,.T.);
#5408 = VERTEX_POINT('',#5409);
#5409 = CARTESIAN_POINT('',(1.6,-8.,8.));
#5410 = LINE('',#5411,#5412);
#5411 = CARTESIAN_POINT('',(1.6,-8.,0.));
#5412 = VECTOR('',#5413,1.);
#5413 = DIRECTION('',(0.,0.,1.));
#5414 = ORIENTED_EDGE('',*,*,#5415,.T.);
#5415 = EDGE_CURVE('',#5408,#5408,#5416,.T.);
#5416 = CIRCLE('',#5417,1.6);
#5417 = AXIS2_PLACEMENT_3D('',#5418,#5419,#5420);
#5418 = CARTESIAN_POINT('',(0.,-8.,8.));
#5419 = DIRECTION('',(0.,0.,1.));
#5420 = DIRECTION('',(1.,0.,0.));
#5421 = ORIENTED_EDGE('',*,*,#5407,.F.);
#5422 = ORIENTED_EDGE('',*,*,#5220,.F.);
#5423 = CYLINDRICAL_SURFACE('',#5424,1.6);
#5424 = AXIS2_PLACEMENT_3D('',#5425,#5426,#5427);
#5425 = CARTESIAN_POINT('',(0.,-8.,0.));
#5426 = DIRECTION('',(-0.,-0.,-1.));
#5427 = DIRECTION('',(1.,0.,0.));
#5428 = ADVANCED_FACE('',(#5429),#5448,.F.);
#5429 = FACE_BOUND('',#5430,.T.);
#5430 = EDGE_LOOP('',(#5431,#5439,#5446,#5447));
#5431 = ORIENTED_EDGE('',*,*,#5432,.T.);
#5432 = EDGE_CURVE('',#5241,#5433,#5435,.T.);
#5433 = VERTEX_POINT('',#5434);
#5434 = CARTESIAN_POINT('',(-6.4,-8.,8.));
#5435 = LINE('',#5436,#5437);
#5436 = CARTESIAN_POINT('',(-6.4,-8.,0.));
#5437 = VECTOR('',#5438,1.);
#5438 = DIRECTION('',(0.,0.,1.));
#5439 = ORIENTED_EDGE('',*,*,#5440,.T.);
#5440 = EDGE_CURVE('',#5433,#5433,#5441,.T.);
#5441 = CIRCLE('',#5442,1.6);
#5442 = AXIS2_PLACEMENT_3D('',#5443,#5444,#5445);
#5443 = CARTESIAN_POINT('',(-8.,-8.,8.));
#5444 = DIRECTION('',(0.,0.,1.));
#5445 = DIRECTION('',(1.,0.,0.));
#5446 = ORIENTED_EDGE('',*,*,#5432,.F.);
#5447 = ORIENTED_EDGE('',*,*,#5240,.F.);
#5448 = CYLINDRICAL_SURFACE('',#5449,1.6);
#5449 = AXIS2_PLACEMENT_3D('',#5450,#5451,#5452);
#5450 = CARTESIAN_POINT('',(-8.,-8.,0.));
#5451 = DIRECTION('',(-0.,-0.,-1.));
#5452 = DIRECTION('',(1.,0.,0.));
#5453 = ADVANCED_FACE('',(#5454),#5473,.F.);
#5454 = FACE_BOUND('',#5455,.T.);
#5455 = EDGE_LOOP('',(#5456,#5464,#5471,#5472));
#5456 = ORIENTED_EDGE('',*,*,#5457,.T.);
#5457 = EDGE_CURVE('',#5261,#5458,#5460,.T.);
#5458 = VERTEX_POINT('',#5459);
#5459 = CARTESIAN_POINT('',(9.6,-3.918869757272E-16,8.));
#5460 = LINE('',#5461,#5462);
#5461 = CARTESIAN_POINT('',(9.6,-3.918869757272E-16,0.));
#5462 = VECTOR('',#5463,1.);
#5463 = DIRECTION('',(0.,0.,1.));
#5464 = ORIENTED_EDGE('',*,*,#5465,.T.);
#5465 = EDGE_CURVE('',#5458,#5458,#5466,.T.);
#5466 = CIRCLE('',#5467,1.6);
#5467 = AXIS2_PLACEMENT_3D('',#5468,#5469,#5470);
#5468 = CARTESIAN_POINT('',(8.,0.,8.));
#5469 = DIRECTION('',(0.,0.,1.));
#5470 = DIRECTION('',(1.,0.,0.));
#5471 = ORIENTED_EDGE('',*,*,#5457,.F.);
#5472 = ORIENTED_EDGE('',*,*,#5260,.F.);
#5473 = CYLINDRICAL_SURFACE('',#5474,1.6);
#5474 = AXIS2_PLACEMENT_3D('',#5475,#5476,#5477);
#5475 = CARTESIAN_POINT('',(8.,0.,0.));
#5476 = DIRECTION('',(-0.,-0.,-1.));
#5477 = DIRECTION('',(1.,0.,0.));
#5478 = ADVANCED_FACE('',(#5479),#5498,.F.);
#5479 = FACE_BOUND('',#5480,.T.);
#5480 = EDGE_LOOP('',(#5481,#5489,#5496,#5497));
#5481 = ORIENTED_EDGE('',*,*,#5482,.T.);
#5482 = EDGE_CURVE('',#5281,#5483,#5485,.T.);
#5483 = VERTEX_POINT('',#5484);
#5484 = CARTESIAN_POINT('',(9.6,8.,8.));
#5485 = LINE('',#5486,#5487);
#5486 = CARTESIAN_POINT('',(9.6,8.,0.));
#5487 = VECTOR('',#5488,1.);
#5488 = DIRECTION('',(0.,0.,1.));
#5489 = ORIENTED_EDGE('',*,*,#5490,.T.);
#5490 = EDGE_CURVE('',#5483,#5483,#5491,.T.);
#5491 = CIRCLE('',#5492,1.6);
#5492 = AXIS2_PLACEMENT_3D('',#5493,#5494,#5495);
#5493 = CARTESIAN_POINT('',(8.,8.,8.));
#5494 = DIRECTION('',(0.,0.,1.));
#5495 = DIRECTION('',(1.,0.,0.));
#5496 = ORIENTED_EDGE('',*,*,#5482,.F.);
#5497 = ORIENTED_EDGE('',*,*,#5280,.F.);
#5498 = CYLINDRICAL_SURFACE('',#5499,1.6);
#5499 = AXIS2_PLACEMENT_3D('',#5500,#5501,#5502);
#5500 = CARTESIAN_POINT('',(8.,8.,0.));
#5501 = DIRECTION('',(-0.,-0.,-1.));
#5502 = DIRECTION('',(1.,0.,0.));
#5503 = ADVANCED_FACE('',(#5504),#5523,.F.);
#5504 = FACE_BOUND('',#5505,.T.);
#5505 = EDGE_LOOP('',(#5506,#5514,#5521,#5522));
#5506 = ORIENTED_EDGE('',*,*,#5507,.T.);
#5507 = EDGE_CURVE('',#5301,#5508,#5510,.T.);
#5508 = VERTEX_POINT('',#5509);
#5509 = CARTESIAN_POINT('',(1.6,8.,8.));
#5510 = LINE('',#5511,#5512);
#5511 = CARTESIAN_POINT('',(1.6,8.,0.));
#5512 = VECTOR('',#5513,1.);
#5513 = DIRECTION('',(0.,0.,1.));
#5514 = ORIENTED_EDGE('',*,*,#5515,.T.);
#5515 = EDGE_CURVE('',#5508,#5508,#5516,.T.);
#5516 = CIRCLE('',#5517,1.6);
#5517 = AXIS2_PLACEMENT_3D('',#5518,#5519,#5520);
#5518 = CARTESIAN_POINT('',(0.,8.,8.));
#5519 = DIRECTION('',(0.,0.,1.));
#5520 = DIRECTION('',(1.,0.,0.));
#5521 = ORIENTED_EDGE('',*,*,#5507,.F.);
#5522 = ORIENTED_EDGE('',*,*,#5300,.F.);
#5523 = CYLINDRICAL_SURFACE('',#5524,1.6);
#5524 = AXIS2_PLACEMENT_3D('',#5525,#5526,#5527);
#5525 = CARTESIAN_POINT('',(0.,8.,0.));
#5526 = DIRECTION('',(-0.,-0.,-1.));
#5527 = DIRECTION('',(1.,0.,0.));
#5528 = ADVANCED_FACE('',(#5529),#5548,.F.);
#5529 = FACE_BOUND('',#5530,.T.);
#5530 = EDGE_LOOP('',(#5531,#5539,#5546,#5547));
#5531 = ORIENTED_EDGE('',*,*,#5532,.T.);
#5532 = EDGE_CURVE('',#5321,#5533,#5535,.T.);
#5533 = VERTEX_POINT('',#5534);
#5534 = CARTESIAN_POINT('',(-6.4,8.,8.));
#5535 = LINE('',#5536,#5537);
#5536 = CARTESIAN_POINT('',(-6.4,8.,0.));
#5537 = VECTOR('',#5538,1.);
#5538 = DIRECTION('',(0.,0.,1.));
#5539 = ORIENTED_EDGE('',*,*,#5540,.T.);
#5540 = EDGE_CURVE('',#5533,#5533,#5541,.T.);
#5541 = CIRCLE('',#5542,1.6);
#5542 = AXIS2_PLACEMENT_3D('',#5543,#5544,#5545);
#5543 = CARTESIAN_POINT('',(-8.,8.,8.));
#5544 = DIRECTION('',(0.,0.,1.));
#5545 = DIRECTION('',(1.,0.,0.));
#5546 = ORIENTED_EDGE('',*,*,#5532,.F.);
#5547 = ORIENTED_EDGE('',*,*,#5320,.F.);
#5548 = CYLINDRICAL_SURFACE('',#5549,1.6);
#5549 = AXIS2_PLACEMENT_3D('',#5550,#5551,#5552);
#5550 = CARTESIAN_POINT('',(-8.,8.,0.));
#5551 = DIRECTION('',(-0.,-0.,-1.));
#5552 = DIRECTION('',(1.,0.,0.));
#5553 = ADVANCED_FACE('',(#5554),#5573,.F.);
#5554 = FACE_BOUND('',#5555,.T.);
#5555 = EDGE_LOOP('',(#5556,#5564,#5571,#5572));
#5556 = ORIENTED_EDGE('',*,*,#5557,.T.);
#5557 = EDGE_CURVE('',#5341,#5558,#5560,.T.);
#5558 = VERTEX_POINT('',#5559);
#5559 = CARTESIAN_POINT('',(-6.4,-3.918869757272E-16,8.));
#5560 = LINE('',#5561,#5562);
#5561 = CARTESIAN_POINT('',(-6.4,-3.918869757272E-16,0.));
#5562 = VECTOR('',#5563,1.);
#5563 = DIRECTION('',(0.,0.,1.));
#5564 = ORIENTED_EDGE('',*,*,#5565,.T.);
#5565 = EDGE_CURVE('',#5558,#5558,#5566,.T.);
#5566 = CIRCLE('',#5567,1.6);
#5567 = AXIS2_PLACEMENT_3D('',#5568,#5569,#5570);
#5568 = CARTESIAN_POINT('',(-8.,0.,8.));
#5569 = DIRECTION('',(0.,0.,1.));
#5570 = DIRECTION('',(1.,0.,0.));
#5571 = ORIENTED_EDGE('',*,*,#5557,.F.);
#5572 = ORIENTED_EDGE('',*,*,#5340,.F.);
#5573 = CYLINDRICAL_SURFACE('',#5574,1.6);
#5574 = AXIS2_PLACEMENT_3D('',#5575,#5576,#5577);
#5575 = CARTESIAN_POINT('',(-8.,0.,0.));
#5576 = DIRECTION('',(-0.,-0.,-1.));
#5577 = DIRECTION('',(1.,0.,0.));
#5578 = ADVANCED_FACE('',(#5579),#5582,.F.);
#5579 = FACE_BOUND('',#5580,.T.);
#5580 = EDGE_LOOP('',(#5581));
#5581 = ORIENTED_EDGE('',*,*,#5365,.F.);
#5582 = PLANE('',#5583);
#5583 = AXIS2_PLACEMENT_3D('',#5584,#5585,#5586);
#5584 = CARTESIAN_POINT('',(8.,-8.,8.));
#5585 = DIRECTION('',(0.,0.,1.));
#5586 = DIRECTION('',(1.,0.,0.));
#5587 = ADVANCED_FACE('',(#5588,#5591),#5602,.F.);
#5588 = FACE_BOUND('',#5589,.F.);
#5589 = EDGE_LOOP('',(#5590));
#5590 = ORIENTED_EDGE('',*,*,#5391,.T.);
#5591 = FACE_BOUND('',#5592,.F.);
#5592 = EDGE_LOOP('',(#5593));
#5593 = ORIENTED_EDGE('',*,*,#5594,.F.);
#5594 = EDGE_CURVE('',#5595,#5595,#5597,.T.);
#5595 = VERTEX_POINT('',#5596);
#5596 = CARTESIAN_POINT('',(1.6,-3.918869757272E-16,0.));
#5597 = CIRCLE('',#5598,1.6);
#5598 = AXIS2_PLACEMENT_3D('',#5599,#5600,#5601);
#5599 = CARTESIAN_POINT('',(0.,0.,0.));
#5600 = DIRECTION('',(0.,0.,1.));
#5601 = DIRECTION('',(1.,0.,0.));
#5602 = PLANE('',#5603);
#5603 = AXIS2_PLACEMENT_3D('',#5604,#5605,#5606);
#5604 = CARTESIAN_POINT('',(0.,0.,0.));
#5605 = DIRECTION('',(0.,0.,1.));
#5606 = DIRECTION('',(1.,0.,0.));
#5607 = ADVANCED_FACE('',(#5608),#5611,.F.);
#5608 = FACE_BOUND('',#5609,.T.);
#5609 = EDGE_LOOP('',(#5610));
#5610 = ORIENTED_EDGE('',*,*,#5415,.F.);
#5611 = PLANE('',#5612);
#5612 = AXIS2_PLACEMENT_3D('',#5613,#5614,#5615);
#5613 = CARTESIAN_POINT('',(0.,-8.,8.));
#5614 = DIRECTION('',(0.,0.,1.));
#5615 = DIRECTION('',(1.,0.,0.));
#5616 = ADVANCED_FACE('',(#5617),#5620,.F.);
#5617 = FACE_BOUND('',#5618,.T.);
#5618 = EDGE_LOOP('',(#5619));
#5619 = ORIENTED_EDGE('',*,*,#5440,.F.);
#5620 = PLANE('',#5621);
#5621 = AXIS2_PLACEMENT_3D('',#5622,#5623,#5624);
#5622 = CARTESIAN_POINT('',(-8.,-8.,8.));
#5623 = DIRECTION('',(0.,0.,1.));
#5624 = DIRECTION('',(1.,0.,0.));
#5625 = ADVANCED_FACE('',(#5626),#5629,.F.);
#5626 = FACE_BOUND('',#5627,.T.);
#5627 = EDGE_LOOP('',(#5628));
#5628 = ORIENTED_EDGE('',*,*,#5465,.F.);
#5629 = PLANE('',#5630);
#5630 = AXIS2_PLACEMENT_3D('',#5631,#5632,#5633);
#5631 = CARTESIAN_POINT('',(8.,0.,8.));
#5632 = DIRECTION('',(0.,0.,1.));
#5633 = DIRECTION('',(1.,0.,0.));
#5634 = ADVANCED_FACE('',(#5635),#5638,.F.);
#5635 = FACE_BOUND('',#5636,.T.);
#5636 = EDGE_LOOP('',(#5637));
#5637 = ORIENTED_EDGE('',*,*,#5490,.F.);
#5638 = PLANE('',#5639);
#5639 = AXIS2_PLACEMENT_3D('',#5640,#5641,#5642);
#5640 = CARTESIAN_POINT('',(8.,8.,8.));
#5641 = DIRECTION('',(0.,0.,1.));
#5642 = DIRECTION('',(1.,0.,0.));
#5643 = ADVANCED_FACE('',(#5644),#5647,.F.);
#5644 = FACE_BOUND('',#5645,.T.);
#5645 = EDGE_LOOP('',(#5646));
#5646 = ORIENTED_EDGE('',*,*,#5515,.F.);
#5647 = PLANE('',#5648);
#5648 = AXIS2_PLACEMENT_3D('',#5649,#5650,#5651);
#5649 = CARTESIAN_POINT('',(0.,8.,8.));
#5650 = DIRECTION('',(0.,0.,1.));
#5651 = DIRECTION('',(1.,0.,0.));
#5652 = ADVANCED_FACE('',(#5653),#5656,.F.);
#5653 = FACE_BOUND('',#5654,.T.);
#5654 = EDGE_LOOP('',(#5655));
#5655 = ORIENTED_EDGE('',*,*,#5540,.F.);
#5656 = PLANE('',#5657);
#5657 = AXIS2_PLACEMENT_3D('',#5658,#5659,#5660);
#5658 = CARTESIAN_POINT('',(-8.,8.,8.));
#5659 = DIRECTION('',(0.,0.,1.));
#5660 = DIRECTION('',(1.,0.,0.));
#5661 = ADVANCED_FACE('',(#5662),#5665,.F.);
#5662 = FACE_BOUND('',#5663,.T.);
#5663 = EDGE_LOOP('',(#5664));
#5664 = ORIENTED_EDGE('',*,*,#5565,.F.);
#5665 = PLANE('',#5666);
#5666 = AXIS2_PLACEMENT_3D('',#5667,#5668,#5669);
#5667 = CARTESIAN_POINT('',(-8.,0.,8.));
#5668 = DIRECTION('',(0.,0.,1.));
#5669 = DIRECTION('',(1.,0.,0.));
#5670 = ADVANCED_FACE('',(#5671),#5690,.F.);
#5671 = FACE_BOUND('',#5672,.T.);
#5672 = EDGE_LOOP('',(#5673,#5681,#5688,#5689));
#5673 = ORIENTED_EDGE('',*,*,#5674,.T.);
#5674 = EDGE_CURVE('',#5595,#5675,#5677,.T.);
#5675 = VERTEX_POINT('',#5676);
#5676 = CARTESIAN_POINT('',(1.6,-3.918869757272E-16,8.));
#5677 = LINE('',#5678,#5679);
#5678 = CARTESIAN_POINT('',(1.6,-3.918869757272E-16,0.));
#5679 = VECTOR('',#5680,1.);
#5680 = DIRECTION('',(0.,0.,1.));
#5681 = ORIENTED_EDGE('',*,*,#5682,.T.);
#5682 = EDGE_CURVE('',#5675,#5675,#5683,.T.);
#5683 = CIRCLE('',#5684,1.6);
#5684 = AXIS2_PLACEMENT_3D('',#5685,#5686,#5687);
#5685 = CARTESIAN_POINT('',(0.,0.,8.));
#5686 = DIRECTION('',(0.,0.,1.));
#5687 = DIRECTION('',(1.,0.,0.));
#5688 = ORIENTED_EDGE('',*,*,#5674,.F.);
#5689 = ORIENTED_EDGE('',*,*,#5594,.F.);
#5690 = CYLINDRICAL_SURFACE('',#5691,1.6);
#5691 = AXIS2_PLACEMENT_3D('',#5692,#5693,#5694);
#5692 = CARTESIAN_POINT('',(0.,0.,0.));
#5693 = DIRECTION('',(-0.,-0.,-1.));
#5694 = DIRECTION('',(1.,0.,0.));
#5695 = ADVANCED_FACE('',(#5696),#5699,.F.);
#5696 = FACE_BOUND('',#5697,.T.);
#5697 = EDGE_LOOP('',(#5698));
#5698 = ORIENTED_EDGE('',*,*,#5682,.F.);
#5699 = PLANE('',#5700);
#5700 = AXIS2_PLACEMENT_3D('',#5701,#5702,#5703);
#5701 = CARTESIAN_POINT('',(0.,0.,8.));
#5702 = DIRECTION('',(0.,0.,1.));
#5703 = DIRECTION('',(1.,0.,0.));
#5704 = ( GEOMETRIC_REPRESENTATION_CONTEXT(3) 
GLOBAL_UNCERTAINTY_ASSIGNED_CONTEXT((#5708)) 
GLOBAL_UNIT_ASSIGNED_CONTEXT((#5705,#5706,#5707)) REPRESENTATION_CONTEXT
('Context #1','3D Context with UNIT and UNCERTAINTY') );
#5705 = ( LENGTH_UNIT() NAMED_UNIT(*) SI_UNIT(.MILLI.,.METRE.) );
#5706 = ( NAMED_UNIT(*) PLANE_ANGLE_UNIT() SI_UNIT($,.RADIAN.) );
#5707 = ( NAMED_UNIT(*) SI_UNIT($,.STERADIAN.) SOLID_ANGLE_UNIT() );
#5708 = UNCERTAINTY_MEASURE_WITH_UNIT(LENGTH_MEASURE(2.E-06),#5705,
  'distance_accuracy_value','confusion accuracy');
#5709 = PRODUCT_RELATED_PRODUCT_CATEGORY('part',$,(#7));
ENDSEC;
END-ISO-10303-21;
