ISO-10303-21;
HEADER;
FILE_DESCRIPTION(('FreeCAD Model'),'2;1');
FILE_NAME('Open CASCADE Shape Model','2026-09-20T21:10:50',('FreeCAD'),(
    'FreeCAD'),'Open CASCADE STEP processor 7.8','FreeCAD','Unknown');
FILE_SCHEMA(('AUTOMOTIVE_DESIGN { 1 0 10303 214 1 1 1 1 }'));
ENDSEC;
DATA;
#1 = APPLICATION_PROTOCOL_DEFINITION('international standard',
  'automotive_design',2000,#2);
#2 = APPLICATION_CONTEXT(
  'core data for automotive mechanical design processes');
#3 = SHAPE_DEFINITION_REPRESENTATION(#4,#10);
#4 = PRODUCT_DEFINITION_SHAPE('','',#5);
#5 = PRODUCT_DEFINITION('design','',#6,#9);
#6 = PRODUCT_DEFINITION_FORMATION('','',#7);
#7 = PRODUCT('Open CASCADE STEP translator 7.8 59',
  'Open CASCADE STEP translator 7.8 59','',(#8));
#8 = PRODUCT_CONTEXT('',#2,'mechanical');
#9 = PRODUCT_DEFINITION_CONTEXT('part definition',#2,'design');
#10 = ADVANCED_BREP_SHAPE_REPRESENTATION('',(#11,#15),#2903);
#11 = AXIS2_PLACEMENT_3D('',#12,#13,#14);
#12 = CARTESIAN_POINT('',(0.,0.,0.));
#13 = DIRECTION('',(0.,0.,1.));
#14 = DIRECTION('',(1.,0.,-0.));
#15 = MANIFOLD_SOLID_BREP('',#16);
#16 = CLOSED_SHELL('',(#17,#50,#186,#211,#242,#266,#290,#314,#338,#355,
    #380,#405,#430,#455,#480,#505,#530,#539,#691,#716,#741,#766,#791,
    #816,#841,#866,#895,#918,#941,#964,#987,#1010,#1033,#1056,#1079,
    #1102,#1125,#1148,#1171,#1194,#1217,#1240,#1257,#1266,#1275,#1284,
    #1293,#1302,#1311,#1320,#1453,#1541,#1599,#1687,#1778,#1795,#1828,
    #1852,#1877,#1901,#1934,#1951,#1968,#1985,#2002,#2019,#2036,#2053,
    #2065,#2098,#2122,#2147,#2171,#2213,#2237,#2262,#2279,#2312,#2336,
    #2370,#2387,#2411,#2436,#2460,#2502,#2526,#2551,#2568,#2637,#2698,
    #2715,#2732,#2757,#2770,#2795,#2815,#2835,#2860,#2885,#2894));
#17 = ADVANCED_FACE('',(#18),#45,.T.);
#18 = FACE_BOUND('',#19,.F.);
#19 = EDGE_LOOP('',(#20,#30,#37,#38));
#20 = ORIENTED_EDGE('',*,*,#21,.T.);
#21 = EDGE_CURVE('',#22,#24,#26,.T.);
#22 = VERTEX_POINT('',#23);
#23 = CARTESIAN_POINT('',(-5.6,-12.,9.6));
#24 = VERTEX_POINT('',#25);
#25 = CARTESIAN_POINT('',(-5.6,-12.,11.15));
#26 = LINE('',#27,#28);
#27 = CARTESIAN_POINT('',(-5.6,-12.,9.6));
#28 = VECTOR('',#29,1.);
#29 = DIRECTION('',(0.,0.,1.));
#30 = ORIENTED_EDGE('',*,*,#31,.T.);
#31 = EDGE_CURVE('',#24,#24,#32,.T.);
#32 = CIRCLE('',#33,2.4);
#33 = AXIS2_PLACEMENT_3D('',#34,#35,#36);
#34 = CARTESIAN_POINT('',(-8.,-12.,11.15));
#35 = DIRECTION('',(0.,0.,1.));
#36 = DIRECTION('',(1.,0.,0.));
#37 = ORIENTED_EDGE('',*,*,#21,.F.);
#38 = ORIENTED_EDGE('',*,*,#39,.F.);
#39 = EDGE_CURVE('',#22,#22,#40,.T.);
#40 = CIRCLE('',#41,2.4);
#41 = AXIS2_PLACEMENT_3D('',#42,#43,#44);
#42 = CARTESIAN_POINT('',(-8.,-12.,9.6));
#43 = DIRECTION('',(0.,0.,1.));
#44 = DIRECTION('',(1.,0.,0.));
#45 = CYLINDRICAL_SURFACE('',#46,2.4);
#46 = AXIS2_PLACEMENT_3D('',#47,#48,#49);
#47 = CARTESIAN_POINT('',(-8.,-12.,9.6));
#48 = DIRECTION('',(-0.,-0.,-1.));
#49 = DIRECTION('',(1.,0.,0.));
#50 = ADVANCED_FACE('',(#51,#101,#104,#115,#126,#137,#148,#159,#170),
  #181,.T.);
#51 = FACE_BOUND('',#52,.T.);
#52 = EDGE_LOOP('',(#53,#63,#71,#79,#87,#95));
#53 = ORIENTED_EDGE('',*,*,#54,.F.);
#54 = EDGE_CURVE('',#55,#57,#59,.T.);
#55 = VERTEX_POINT('',#56);
#56 = CARTESIAN_POINT('',(-11.9,-15.9,9.6));
#57 = VERTEX_POINT('',#58);
#58 = CARTESIAN_POINT('',(-11.9,15.9,9.6));
#59 = LINE('',#60,#61);
#60 = CARTESIAN_POINT('',(-11.9,-15.9,9.6));
#61 = VECTOR('',#62,1.);
#62 = DIRECTION('',(0.,1.,0.));
#63 = ORIENTED_EDGE('',*,*,#64,.T.);
#64 = EDGE_CURVE('',#55,#65,#67,.T.);
#65 = VERTEX_POINT('',#66);
#66 = CARTESIAN_POINT('',(-4.1,-15.9,9.6));
#67 = LINE('',#68,#69);
#68 = CARTESIAN_POINT('',(-11.9,-15.9,9.6));
#69 = VECTOR('',#70,1.);
#70 = DIRECTION('',(1.,0.,0.));
#71 = ORIENTED_EDGE('',*,*,#72,.T.);
#72 = EDGE_CURVE('',#65,#73,#75,.T.);
#73 = VERTEX_POINT('',#74);
#74 = CARTESIAN_POINT('',(-4.1,1.E-01,9.6));
#75 = LINE('',#76,#77);
#76 = CARTESIAN_POINT('',(-4.1,-15.9,9.6));
#77 = VECTOR('',#78,1.);
#78 = DIRECTION('',(0.,1.,0.));
#79 = ORIENTED_EDGE('',*,*,#80,.T.);
#80 = EDGE_CURVE('',#73,#81,#83,.T.);
#81 = VERTEX_POINT('',#82);
#82 = CARTESIAN_POINT('',(11.9,0.1,9.6));
#83 = LINE('',#84,#85);
#84 = CARTESIAN_POINT('',(-11.9,0.1,9.6));
#85 = VECTOR('',#86,1.);
#86 = DIRECTION('',(1.,0.,0.));
#87 = ORIENTED_EDGE('',*,*,#88,.T.);
#88 = EDGE_CURVE('',#81,#89,#91,.T.);
#89 = VERTEX_POINT('',#90);
#90 = CARTESIAN_POINT('',(11.9,15.9,9.6));
#91 = LINE('',#92,#93);
#92 = CARTESIAN_POINT('',(11.9,0.1,9.6));
#93 = VECTOR('',#94,1.);
#94 = DIRECTION('',(0.,1.,0.));
#95 = ORIENTED_EDGE('',*,*,#96,.F.);
#96 = EDGE_CURVE('',#57,#89,#97,.T.);
#97 = LINE('',#98,#99);
#98 = CARTESIAN_POINT('',(-11.9,15.9,9.6));
#99 = VECTOR('',#100,1.);
#100 = DIRECTION('',(1.,0.,0.));
#101 = FACE_BOUND('',#102,.T.);
#102 = EDGE_LOOP('',(#103));
#103 = ORIENTED_EDGE('',*,*,#39,.F.);
#104 = FACE_BOUND('',#105,.T.);
#105 = EDGE_LOOP('',(#106));
#106 = ORIENTED_EDGE('',*,*,#107,.F.);
#107 = EDGE_CURVE('',#108,#108,#110,.T.);
#108 = VERTEX_POINT('',#109);
#109 = CARTESIAN_POINT('',(-5.6,-4.,9.6));
#110 = CIRCLE('',#111,2.4);
#111 = AXIS2_PLACEMENT_3D('',#112,#113,#114);
#112 = CARTESIAN_POINT('',(-8.,-4.,9.6));
#113 = DIRECTION('',(0.,0.,1.));
#114 = DIRECTION('',(1.,0.,0.));
#115 = FACE_BOUND('',#116,.T.);
#116 = EDGE_LOOP('',(#117));
#117 = ORIENTED_EDGE('',*,*,#118,.F.);
#118 = EDGE_CURVE('',#119,#119,#121,.T.);
#119 = VERTEX_POINT('',#120);
#120 = CARTESIAN_POINT('',(-5.6,4.,9.6));
#121 = CIRCLE('',#122,2.4);
#122 = AXIS2_PLACEMENT_3D('',#123,#124,#125);
#123 = CARTESIAN_POINT('',(-8.,4.,9.6));
#124 = DIRECTION('',(0.,0.,1.));
#125 = DIRECTION('',(1.,0.,0.));
#126 = FACE_BOUND('',#127,.T.);
#127 = EDGE_LOOP('',(#128));
#128 = ORIENTED_EDGE('',*,*,#129,.F.);
#129 = EDGE_CURVE('',#130,#130,#132,.T.);
#130 = VERTEX_POINT('',#131);
#131 = CARTESIAN_POINT('',(-5.6,12.,9.6));
#132 = CIRCLE('',#133,2.4);
#133 = AXIS2_PLACEMENT_3D('',#134,#135,#136);
#134 = CARTESIAN_POINT('',(-8.,12.,9.6));
#135 = DIRECTION('',(0.,0.,1.));
#136 = DIRECTION('',(1.,0.,0.));
#137 = FACE_BOUND('',#138,.T.);
#138 = EDGE_LOOP('',(#139));
#139 = ORIENTED_EDGE('',*,*,#140,.F.);
#140 = EDGE_CURVE('',#141,#141,#143,.T.);
#141 = VERTEX_POINT('',#142);
#142 = CARTESIAN_POINT('',(2.4,4.,9.6));
#143 = CIRCLE('',#144,2.4);
#144 = AXIS2_PLACEMENT_3D('',#145,#146,#147);
#145 = CARTESIAN_POINT('',(0.,4.,9.6));
#146 = DIRECTION('',(0.,0.,1.));
#147 = DIRECTION('',(1.,0.,0.));
#148 = FACE_BOUND('',#149,.T.);
#149 = EDGE_LOOP('',(#150));
#150 = ORIENTED_EDGE('',*,*,#151,.F.);
#151 = EDGE_CURVE('',#152,#152,#154,.T.);
#152 = VERTEX_POINT('',#153);
#153 = CARTESIAN_POINT('',(10.4,4.,9.6));
#154 = CIRCLE('',#155,2.4);
#155 = AXIS2_PLACEMENT_3D('',#156,#157,#158);
#156 = CARTESIAN_POINT('',(8.,4.,9.6));
#157 = DIRECTION('',(0.,0.,1.));
#158 = DIRECTION('',(1.,0.,0.));
#159 = FACE_BOUND('',#160,.T.);
#160 = EDGE_LOOP('',(#161));
#161 = ORIENTED_EDGE('',*,*,#162,.F.);
#162 = EDGE_CURVE('',#163,#163,#165,.T.);
#163 = VERTEX_POINT('',#164);
#164 = CARTESIAN_POINT('',(2.4,12.,9.6));
#165 = CIRCLE('',#166,2.4);
#166 = AXIS2_PLACEMENT_3D('',#167,#168,#169);
#167 = CARTESIAN_POINT('',(0.,12.,9.6));
#168 = DIRECTION('',(0.,0.,1.));
#169 = DIRECTION('',(1.,0.,0.));
#170 = FACE_BOUND('',#171,.T.);
#171 = EDGE_LOOP('',(#172));
#172 = ORIENTED_EDGE('',*,*,#173,.F.);
#173 = EDGE_CURVE('',#174,#174,#176,.T.);
#174 = VERTEX_POINT('',#175);
#175 = CARTESIAN_POINT('',(10.4,12.,9.6));
#176 = CIRCLE('',#177,2.4);
#177 = AXIS2_PLACEMENT_3D('',#178,#179,#180);
#178 = CARTESIAN_POINT('',(8.,12.,9.6));
#179 = DIRECTION('',(0.,0.,1.));
#180 = DIRECTION('',(1.,0.,0.));
#181 = PLANE('',#182);
#182 = AXIS2_PLACEMENT_3D('',#183,#184,#185);
#183 = CARTESIAN_POINT('',(-2.302158273381,2.302158273381,9.6));
#184 = DIRECTION('',(0.,0.,1.));
#185 = DIRECTION('',(1.,0.,0.));
#186 = ADVANCED_FACE('',(#187),#206,.T.);
#187 = FACE_BOUND('',#188,.T.);
#188 = EDGE_LOOP('',(#189,#198,#204,#205));
#189 = ORIENTED_EDGE('',*,*,#190,.F.);
#190 = EDGE_CURVE('',#191,#191,#193,.T.);
#191 = VERTEX_POINT('',#192);
#192 = CARTESIAN_POINT('',(-5.85,-12.,11.4));
#193 = CIRCLE('',#194,2.15);
#194 = AXIS2_PLACEMENT_3D('',#195,#196,#197);
#195 = CARTESIAN_POINT('',(-8.,-12.,11.4));
#196 = DIRECTION('',(0.,0.,1.));
#197 = DIRECTION('',(1.,0.,0.));
#198 = ORIENTED_EDGE('',*,*,#199,.F.);
#199 = EDGE_CURVE('',#24,#191,#200,.T.);
#200 = LINE('',#201,#202);
#201 = CARTESIAN_POINT('',(-5.6,-12.,11.15));
#202 = VECTOR('',#203,1.);
#203 = DIRECTION('',(-0.707106781187,1.731912112471E-16,0.707106781187)
  );
#204 = ORIENTED_EDGE('',*,*,#31,.T.);
#205 = ORIENTED_EDGE('',*,*,#199,.T.);
#206 = CONICAL_SURFACE('',#207,2.4,0.785398163397);
#207 = AXIS2_PLACEMENT_3D('',#208,#209,#210);
#208 = CARTESIAN_POINT('',(-8.,-12.,11.15));
#209 = DIRECTION('',(-0.,-0.,-1.));
#210 = DIRECTION('',(1.,0.,0.));
#211 = ADVANCED_FACE('',(#212),#237,.T.);
#212 = FACE_BOUND('',#213,.T.);
#213 = EDGE_LOOP('',(#214,#222,#223,#231));
#214 = ORIENTED_EDGE('',*,*,#215,.T.);
#215 = EDGE_CURVE('',#216,#55,#218,.T.);
#216 = VERTEX_POINT('',#217);
#217 = CARTESIAN_POINT('',(-11.9,-15.9,0.));
#218 = LINE('',#219,#220);
#219 = CARTESIAN_POINT('',(-11.9,-15.9,0.));
#220 = VECTOR('',#221,1.);
#221 = DIRECTION('',(0.,0.,1.));
#222 = ORIENTED_EDGE('',*,*,#54,.T.);
#223 = ORIENTED_EDGE('',*,*,#224,.F.);
#224 = EDGE_CURVE('',#225,#57,#227,.T.);
#225 = VERTEX_POINT('',#226);
#226 = CARTESIAN_POINT('',(-11.9,15.9,0.));
#227 = LINE('',#228,#229);
#228 = CARTESIAN_POINT('',(-11.9,15.9,0.));
#229 = VECTOR('',#230,1.);
#230 = DIRECTION('',(0.,0.,1.));
#231 = ORIENTED_EDGE('',*,*,#232,.F.);
#232 = EDGE_CURVE('',#216,#225,#233,.T.);
#233 = LINE('',#234,#235);
#234 = CARTESIAN_POINT('',(-11.9,8.1,0.));
#235 = VECTOR('',#236,1.);
#236 = DIRECTION('',(0.,1.,0.));
#237 = PLANE('',#238);
#238 = AXIS2_PLACEMENT_3D('',#239,#240,#241);
#239 = CARTESIAN_POINT('',(-11.9,-3.003501902368E-16,4.8));
#240 = DIRECTION('',(-1.,-0.,-0.));
#241 = DIRECTION('',(0.,0.,-1.));
#242 = ADVANCED_FACE('',(#243),#261,.F.);
#243 = FACE_BOUND('',#244,.F.);
#244 = EDGE_LOOP('',(#245,#253,#254,#255));
#245 = ORIENTED_EDGE('',*,*,#246,.F.);
#246 = EDGE_CURVE('',#216,#247,#249,.T.);
#247 = VERTEX_POINT('',#248);
#248 = CARTESIAN_POINT('',(-4.1,-15.9,0.));
#249 = LINE('',#250,#251);
#250 = CARTESIAN_POINT('',(-11.9,-15.9,0.));
#251 = VECTOR('',#252,1.);
#252 = DIRECTION('',(1.,0.,0.));
#253 = ORIENTED_EDGE('',*,*,#215,.T.);
#254 = ORIENTED_EDGE('',*,*,#64,.T.);
#255 = ORIENTED_EDGE('',*,*,#256,.F.);
#256 = EDGE_CURVE('',#247,#65,#257,.T.);
#257 = LINE('',#258,#259);
#258 = CARTESIAN_POINT('',(-4.1,-15.9,0.));
#259 = VECTOR('',#260,1.);
#260 = DIRECTION('',(0.,0.,1.));
#261 = PLANE('',#262);
#262 = AXIS2_PLACEMENT_3D('',#263,#264,#265);
#263 = CARTESIAN_POINT('',(-11.9,-15.9,0.));
#264 = DIRECTION('',(0.,1.,0.));
#265 = DIRECTION('',(0.,0.,1.));
#266 = ADVANCED_FACE('',(#267),#285,.T.);
#267 = FACE_BOUND('',#268,.T.);
#268 = EDGE_LOOP('',(#269,#277,#278,#279));
#269 = ORIENTED_EDGE('',*,*,#270,.F.);
#270 = EDGE_CURVE('',#225,#271,#273,.T.);
#271 = VERTEX_POINT('',#272);
#272 = CARTESIAN_POINT('',(11.9,15.9,0.));
#273 = LINE('',#274,#275);
#274 = CARTESIAN_POINT('',(-11.9,15.9,0.));
#275 = VECTOR('',#276,1.);
#276 = DIRECTION('',(1.,0.,0.));
#277 = ORIENTED_EDGE('',*,*,#224,.T.);
#278 = ORIENTED_EDGE('',*,*,#96,.T.);
#279 = ORIENTED_EDGE('',*,*,#280,.F.);
#280 = EDGE_CURVE('',#271,#89,#281,.T.);
#281 = LINE('',#282,#283);
#282 = CARTESIAN_POINT('',(11.9,15.9,0.));
#283 = VECTOR('',#284,1.);
#284 = DIRECTION('',(0.,0.,1.));
#285 = PLANE('',#286);
#286 = AXIS2_PLACEMENT_3D('',#287,#288,#289);
#287 = CARTESIAN_POINT('',(-11.9,15.9,0.));
#288 = DIRECTION('',(0.,1.,0.));
#289 = DIRECTION('',(0.,0.,1.));
#290 = ADVANCED_FACE('',(#291),#309,.T.);
#291 = FACE_BOUND('',#292,.T.);
#292 = EDGE_LOOP('',(#293,#294,#302,#308));
#293 = ORIENTED_EDGE('',*,*,#256,.F.);
#294 = ORIENTED_EDGE('',*,*,#295,.T.);
#295 = EDGE_CURVE('',#247,#296,#298,.T.);
#296 = VERTEX_POINT('',#297);
#297 = CARTESIAN_POINT('',(-4.1,1.E-01,0.));
#298 = LINE('',#299,#300);
#299 = CARTESIAN_POINT('',(-4.1,-0.1,0.));
#300 = VECTOR('',#301,1.);
#301 = DIRECTION('',(0.,1.,0.));
#302 = ORIENTED_EDGE('',*,*,#303,.T.);
#303 = EDGE_CURVE('',#296,#73,#304,.T.);
#304 = LINE('',#305,#306);
#305 = CARTESIAN_POINT('',(-4.1,1.E-01,0.));
#306 = VECTOR('',#307,1.);
#307 = DIRECTION('',(0.,0.,1.));
#308 = ORIENTED_EDGE('',*,*,#72,.F.);
#309 = PLANE('',#310);
#310 = AXIS2_PLACEMENT_3D('',#311,#312,#313);
#311 = CARTESIAN_POINT('',(-4.1,-7.9,4.8));
#312 = DIRECTION('',(1.,0.,0.));
#313 = DIRECTION('',(0.,0.,1.));
#314 = ADVANCED_FACE('',(#315),#333,.T.);
#315 = FACE_BOUND('',#316,.T.);
#316 = EDGE_LOOP('',(#317,#325,#331,#332));
#317 = ORIENTED_EDGE('',*,*,#318,.F.);
#318 = EDGE_CURVE('',#319,#81,#321,.T.);
#319 = VERTEX_POINT('',#320);
#320 = CARTESIAN_POINT('',(11.9,0.1,0.));
#321 = LINE('',#322,#323);
#322 = CARTESIAN_POINT('',(11.9,0.1,0.));
#323 = VECTOR('',#324,1.);
#324 = DIRECTION('',(0.,0.,1.));
#325 = ORIENTED_EDGE('',*,*,#326,.T.);
#326 = EDGE_CURVE('',#319,#271,#327,.T.);
#327 = LINE('',#328,#329);
#328 = CARTESIAN_POINT('',(11.9,8.1,0.));
#329 = VECTOR('',#330,1.);
#330 = DIRECTION('',(0.,1.,0.));
#331 = ORIENTED_EDGE('',*,*,#280,.T.);
#332 = ORIENTED_EDGE('',*,*,#88,.F.);
#333 = PLANE('',#334);
#334 = AXIS2_PLACEMENT_3D('',#335,#336,#337);
#335 = CARTESIAN_POINT('',(11.9,8.,4.8));
#336 = DIRECTION('',(1.,0.,0.));
#337 = DIRECTION('',(0.,0.,1.));
#338 = ADVANCED_FACE('',(#339),#350,.F.);
#339 = FACE_BOUND('',#340,.F.);
#340 = EDGE_LOOP('',(#341,#347,#348,#349));
#341 = ORIENTED_EDGE('',*,*,#342,.F.);
#342 = EDGE_CURVE('',#296,#319,#343,.T.);
#343 = LINE('',#344,#345);
#344 = CARTESIAN_POINT('',(-11.9,0.1,0.));
#345 = VECTOR('',#346,1.);
#346 = DIRECTION('',(1.,0.,0.));
#347 = ORIENTED_EDGE('',*,*,#303,.T.);
#348 = ORIENTED_EDGE('',*,*,#80,.T.);
#349 = ORIENTED_EDGE('',*,*,#318,.F.);
#350 = PLANE('',#351);
#351 = AXIS2_PLACEMENT_3D('',#352,#353,#354);
#352 = CARTESIAN_POINT('',(-11.9,0.1,0.));
#353 = DIRECTION('',(0.,1.,0.));
#354 = DIRECTION('',(0.,0.,1.));
#355 = ADVANCED_FACE('',(#356),#375,.T.);
#356 = FACE_BOUND('',#357,.F.);
#357 = EDGE_LOOP('',(#358,#366,#373,#374));
#358 = ORIENTED_EDGE('',*,*,#359,.T.);
#359 = EDGE_CURVE('',#108,#360,#362,.T.);
#360 = VERTEX_POINT('',#361);
#361 = CARTESIAN_POINT('',(-5.6,-4.,11.15));
#362 = LINE('',#363,#364);
#363 = CARTESIAN_POINT('',(-5.6,-4.,9.6));
#364 = VECTOR('',#365,1.);
#365 = DIRECTION('',(0.,0.,1.));
#366 = ORIENTED_EDGE('',*,*,#367,.T.);
#367 = EDGE_CURVE('',#360,#360,#368,.T.);
#368 = CIRCLE('',#369,2.4);
#369 = AXIS2_PLACEMENT_3D('',#370,#371,#372);
#370 = CARTESIAN_POINT('',(-8.,-4.,11.15));
#371 = DIRECTION('',(0.,0.,1.));
#372 = DIRECTION('',(1.,0.,0.));
#373 = ORIENTED_EDGE('',*,*,#359,.F.);
#374 = ORIENTED_EDGE('',*,*,#107,.F.);
#375 = CYLINDRICAL_SURFACE('',#376,2.4);
#376 = AXIS2_PLACEMENT_3D('',#377,#378,#379);
#377 = CARTESIAN_POINT('',(-8.,-4.,9.6));
#378 = DIRECTION('',(-0.,-0.,-1.));
#379 = DIRECTION('',(1.,0.,0.));
#380 = ADVANCED_FACE('',(#381),#400,.T.);
#381 = FACE_BOUND('',#382,.F.);
#382 = EDGE_LOOP('',(#383,#391,#398,#399));
#383 = ORIENTED_EDGE('',*,*,#384,.T.);
#384 = EDGE_CURVE('',#119,#385,#387,.T.);
#385 = VERTEX_POINT('',#386);
#386 = CARTESIAN_POINT('',(-5.6,4.,11.15));
#387 = LINE('',#388,#389);
#388 = CARTESIAN_POINT('',(-5.6,4.,9.6));
#389 = VECTOR('',#390,1.);
#390 = DIRECTION('',(0.,0.,1.));
#391 = ORIENTED_EDGE('',*,*,#392,.T.);
#392 = EDGE_CURVE('',#385,#385,#393,.T.);
#393 = CIRCLE('',#394,2.4);
#394 = AXIS2_PLACEMENT_3D('',#395,#396,#397);
#395 = CARTESIAN_POINT('',(-8.,4.,11.15));
#396 = DIRECTION('',(0.,0.,1.));
#397 = DIRECTION('',(1.,0.,0.));
#398 = ORIENTED_EDGE('',*,*,#384,.F.);
#399 = ORIENTED_EDGE('',*,*,#118,.F.);
#400 = CYLINDRICAL_SURFACE('',#401,2.4);
#401 = AXIS2_PLACEMENT_3D('',#402,#403,#404);
#402 = CARTESIAN_POINT('',(-8.,4.,9.6));
#403 = DIRECTION('',(-0.,-0.,-1.));
#404 = DIRECTION('',(1.,0.,0.));
#405 = ADVANCED_FACE('',(#406),#425,.T.);
#406 = FACE_BOUND('',#407,.F.);
#407 = EDGE_LOOP('',(#408,#416,#423,#424));
#408 = ORIENTED_EDGE('',*,*,#409,.T.);
#409 = EDGE_CURVE('',#130,#410,#412,.T.);
#410 = VERTEX_POINT('',#411);
#411 = CARTESIAN_POINT('',(-5.6,12.,11.15));
#412 = LINE('',#413,#414);
#413 = CARTESIAN_POINT('',(-5.6,12.,9.6));
#414 = VECTOR('',#415,1.);
#415 = DIRECTION('',(0.,0.,1.));
#416 = ORIENTED_EDGE('',*,*,#417,.T.);
#417 = EDGE_CURVE('',#410,#410,#418,.T.);
#418 = CIRCLE('',#419,2.4);
#419 = AXIS2_PLACEMENT_3D('',#420,#421,#422);
#420 = CARTESIAN_POINT('',(-8.,12.,11.15));
#421 = DIRECTION('',(0.,0.,1.));
#422 = DIRECTION('',(1.,0.,0.));
#423 = ORIENTED_EDGE('',*,*,#409,.F.);
#424 = ORIENTED_EDGE('',*,*,#129,.F.);
#425 = CYLINDRICAL_SURFACE('',#426,2.4);
#426 = AXIS2_PLACEMENT_3D('',#427,#428,#429);
#427 = CARTESIAN_POINT('',(-8.,12.,9.6));
#428 = DIRECTION('',(-0.,-0.,-1.));
#429 = DIRECTION('',(1.,0.,0.));
#430 = ADVANCED_FACE('',(#431),#450,.T.);
#431 = FACE_BOUND('',#432,.F.);
#432 = EDGE_LOOP('',(#433,#441,#448,#449));
#433 = ORIENTED_EDGE('',*,*,#434,.T.);
#434 = EDGE_CURVE('',#141,#435,#437,.T.);
#435 = VERTEX_POINT('',#436);
#436 = CARTESIAN_POINT('',(2.4,4.,11.15));
#437 = LINE('',#438,#439);
#438 = CARTESIAN_POINT('',(2.4,4.,9.6));
#439 = VECTOR('',#440,1.);
#440 = DIRECTION('',(0.,0.,1.));
#441 = ORIENTED_EDGE('',*,*,#442,.T.);
#442 = EDGE_CURVE('',#435,#435,#443,.T.);
#443 = CIRCLE('',#444,2.4);
#444 = AXIS2_PLACEMENT_3D('',#445,#446,#447);
#445 = CARTESIAN_POINT('',(0.,4.,11.15));
#446 = DIRECTION('',(0.,0.,1.));
#447 = DIRECTION('',(1.,0.,0.));
#448 = ORIENTED_EDGE('',*,*,#434,.F.);
#449 = ORIENTED_EDGE('',*,*,#140,.F.);
#450 = CYLINDRICAL_SURFACE('',#451,2.4);
#451 = AXIS2_PLACEMENT_3D('',#452,#453,#454);
#452 = CARTESIAN_POINT('',(0.,4.,9.6));
#453 = DIRECTION('',(-0.,-0.,-1.));
#454 = DIRECTION('',(1.,0.,0.));
#455 = ADVANCED_FACE('',(#456),#475,.T.);
#456 = FACE_BOUND('',#457,.F.);
#457 = EDGE_LOOP('',(#458,#466,#473,#474));
#458 = ORIENTED_EDGE('',*,*,#459,.T.);
#459 = EDGE_CURVE('',#152,#460,#462,.T.);
#460 = VERTEX_POINT('',#461);
#461 = CARTESIAN_POINT('',(10.4,4.,11.15));
#462 = LINE('',#463,#464);
#463 = CARTESIAN_POINT('',(10.4,4.,9.6));
#464 = VECTOR('',#465,1.);
#465 = DIRECTION('',(0.,0.,1.));
#466 = ORIENTED_EDGE('',*,*,#467,.T.);
#467 = EDGE_CURVE('',#460,#460,#468,.T.);
#468 = CIRCLE('',#469,2.4);
#469 = AXIS2_PLACEMENT_3D('',#470,#471,#472);
#470 = CARTESIAN_POINT('',(8.,4.,11.15));
#471 = DIRECTION('',(0.,0.,1.));
#472 = DIRECTION('',(1.,0.,0.));
#473 = ORIENTED_EDGE('',*,*,#459,.F.);
#474 = ORIENTED_EDGE('',*,*,#151,.F.);
#475 = CYLINDRICAL_SURFACE('',#476,2.4);
#476 = AXIS2_PLACEMENT_3D('',#477,#478,#479);
#477 = CARTESIAN_POINT('',(8.,4.,9.6));
#478 = DIRECTION('',(-0.,-0.,-1.));
#479 = DIRECTION('',(1.,0.,0.));
#480 = ADVANCED_FACE('',(#481),#500,.T.);
#481 = FACE_BOUND('',#482,.F.);
#482 = EDGE_LOOP('',(#483,#491,#498,#499));
#483 = ORIENTED_EDGE('',*,*,#484,.T.);
#484 = EDGE_CURVE('',#163,#485,#487,.T.);
#485 = VERTEX_POINT('',#486);
#486 = CARTESIAN_POINT('',(2.4,12.,11.15));
#487 = LINE('',#488,#489);
#488 = CARTESIAN_POINT('',(2.4,12.,9.6));
#489 = VECTOR('',#490,1.);
#490 = DIRECTION('',(0.,0.,1.));
#491 = ORIENTED_EDGE('',*,*,#492,.T.);
#492 = EDGE_CURVE('',#485,#485,#493,.T.);
#493 = CIRCLE('',#494,2.4);
#494 = AXIS2_PLACEMENT_3D('',#495,#496,#497);
#495 = CARTESIAN_POINT('',(0.,12.,11.15));
#496 = DIRECTION('',(0.,0.,1.));
#497 = DIRECTION('',(1.,0.,0.));
#498 = ORIENTED_EDGE('',*,*,#484,.F.);
#499 = ORIENTED_EDGE('',*,*,#162,.F.);
#500 = CYLINDRICAL_SURFACE('',#501,2.4);
#501 = AXIS2_PLACEMENT_3D('',#502,#503,#504);
#502 = CARTESIAN_POINT('',(0.,12.,9.6));
#503 = DIRECTION('',(-0.,-0.,-1.));
#504 = DIRECTION('',(1.,0.,0.));
#505 = ADVANCED_FACE('',(#506),#525,.T.);
#506 = FACE_BOUND('',#507,.F.);
#507 = EDGE_LOOP('',(#508,#516,#523,#524));
#508 = ORIENTED_EDGE('',*,*,#509,.T.);
#509 = EDGE_CURVE('',#174,#510,#512,.T.);
#510 = VERTEX_POINT('',#511);
#511 = CARTESIAN_POINT('',(10.4,12.,11.15));
#512 = LINE('',#513,#514);
#513 = CARTESIAN_POINT('',(10.4,12.,9.6));
#514 = VECTOR('',#515,1.);
#515 = DIRECTION('',(0.,0.,1.));
#516 = ORIENTED_EDGE('',*,*,#517,.T.);
#517 = EDGE_CURVE('',#510,#510,#518,.T.);
#518 = CIRCLE('',#519,2.4);
#519 = AXIS2_PLACEMENT_3D('',#520,#521,#522);
#520 = CARTESIAN_POINT('',(8.,12.,11.15));
#521 = DIRECTION('',(0.,0.,1.));
#522 = DIRECTION('',(1.,0.,0.));
#523 = ORIENTED_EDGE('',*,*,#509,.F.);
#524 = ORIENTED_EDGE('',*,*,#173,.F.);
#525 = CYLINDRICAL_SURFACE('',#526,2.4);
#526 = AXIS2_PLACEMENT_3D('',#527,#528,#529);
#527 = CARTESIAN_POINT('',(8.,12.,9.6));
#528 = DIRECTION('',(-0.,-0.,-1.));
#529 = DIRECTION('',(1.,0.,0.));
#530 = ADVANCED_FACE('',(#531),#534,.T.);
#531 = FACE_BOUND('',#532,.T.);
#532 = EDGE_LOOP('',(#533));
#533 = ORIENTED_EDGE('',*,*,#190,.T.);
#534 = PLANE('',#535);
#535 = AXIS2_PLACEMENT_3D('',#536,#537,#538);
#536 = CARTESIAN_POINT('',(-8.,-12.,11.4));
#537 = DIRECTION('',(0.,0.,1.));
#538 = DIRECTION('',(1.,0.,0.));
#539 = ADVANCED_FACE('',(#540,#548),#686,.T.);
#540 = FACE_BOUND('',#541,.T.);
#541 = EDGE_LOOP('',(#542,#543,#544,#545,#546,#547));
#542 = ORIENTED_EDGE('',*,*,#232,.T.);
#543 = ORIENTED_EDGE('',*,*,#270,.T.);
#544 = ORIENTED_EDGE('',*,*,#326,.F.);
#545 = ORIENTED_EDGE('',*,*,#342,.F.);
#546 = ORIENTED_EDGE('',*,*,#295,.F.);
#547 = ORIENTED_EDGE('',*,*,#246,.F.);
#548 = FACE_BOUND('',#549,.T.);
#549 = EDGE_LOOP('',(#550,#560,#568,#576,#584,#592,#600,#608,#616,#624,
    #632,#640,#648,#656,#664,#672,#680));
#550 = ORIENTED_EDGE('',*,*,#551,.F.);
#551 = EDGE_CURVE('',#552,#554,#556,.T.);
#552 = VERTEX_POINT('',#553);
#553 = CARTESIAN_POINT('',(-10.64,-14.64,0.));
#554 = VERTEX_POINT('',#555);
#555 = CARTESIAN_POINT('',(-10.64,-9.36,0.));
#556 = LINE('',#557,#558);
#557 = CARTESIAN_POINT('',(-10.64,-14.64,0.));
#558 = VECTOR('',#559,1.);
#559 = DIRECTION('',(0.,1.,0.));
#560 = ORIENTED_EDGE('',*,*,#561,.T.);
#561 = EDGE_CURVE('',#552,#562,#564,.T.);
#562 = VERTEX_POINT('',#563);
#563 = CARTESIAN_POINT('',(-5.36,-14.64,0.));
#564 = LINE('',#565,#566);
#565 = CARTESIAN_POINT('',(-10.64,-14.64,0.));
#566 = VECTOR('',#567,1.);
#567 = DIRECTION('',(1.,0.,0.));
#568 = ORIENTED_EDGE('',*,*,#569,.T.);
#569 = EDGE_CURVE('',#562,#570,#572,.T.);
#570 = VERTEX_POINT('',#571);
#571 = CARTESIAN_POINT('',(-5.36,-9.36,0.));
#572 = LINE('',#573,#574);
#573 = CARTESIAN_POINT('',(-5.36,-14.64,0.));
#574 = VECTOR('',#575,1.);
#575 = DIRECTION('',(0.,1.,0.));
#576 = ORIENTED_EDGE('',*,*,#577,.T.);
#577 = EDGE_CURVE('',#570,#578,#580,.T.);
#578 = VERTEX_POINT('',#579);
#579 = CARTESIAN_POINT('',(-5.36,-6.64,0.));
#580 = LINE('',#581,#582);
#581 = CARTESIAN_POINT('',(-5.36,-9.36,0.));
#582 = VECTOR('',#583,1.);
#583 = DIRECTION('',(0.,1.,0.));
#584 = ORIENTED_EDGE('',*,*,#585,.T.);
#585 = EDGE_CURVE('',#578,#586,#588,.T.);
#586 = VERTEX_POINT('',#587);
#587 = CARTESIAN_POINT('',(-5.36,-1.36,0.));
#588 = LINE('',#589,#590);
#589 = CARTESIAN_POINT('',(-5.36,-6.64,0.));
#590 = VECTOR('',#591,1.);
#591 = DIRECTION('',(0.,1.,0.));
#592 = ORIENTED_EDGE('',*,*,#593,.T.);
#593 = EDGE_CURVE('',#586,#594,#596,.T.);
#594 = VERTEX_POINT('',#595);
#595 = CARTESIAN_POINT('',(-5.36,1.36,0.));
#596 = LINE('',#597,#598);
#597 = CARTESIAN_POINT('',(-5.36,-1.36,0.));
#598 = VECTOR('',#599,1.);
#599 = DIRECTION('',(0.,1.,0.));
#600 = ORIENTED_EDGE('',*,*,#601,.T.);
#601 = EDGE_CURVE('',#594,#602,#604,.T.);
#602 = VERTEX_POINT('',#603);
#603 = CARTESIAN_POINT('',(10.64,1.36,0.));
#604 = LINE('',#605,#606);
#605 = CARTESIAN_POINT('',(-10.64,1.36,0.));
#606 = VECTOR('',#607,1.);
#607 = DIRECTION('',(1.,0.,0.));
#608 = ORIENTED_EDGE('',*,*,#609,.T.);
#609 = EDGE_CURVE('',#602,#610,#612,.T.);
#610 = VERTEX_POINT('',#611);
#611 = CARTESIAN_POINT('',(10.64,6.64,0.));
#612 = LINE('',#613,#614);
#613 = CARTESIAN_POINT('',(10.64,1.36,0.));
#614 = VECTOR('',#615,1.);
#615 = DIRECTION('',(0.,1.,0.));
#616 = ORIENTED_EDGE('',*,*,#617,.T.);
#617 = EDGE_CURVE('',#610,#618,#620,.T.);
#618 = VERTEX_POINT('',#619);
#619 = CARTESIAN_POINT('',(10.64,9.36,0.));
#620 = LINE('',#621,#622);
#621 = CARTESIAN_POINT('',(10.64,6.64,0.));
#622 = VECTOR('',#623,1.);
#623 = DIRECTION('',(0.,1.,0.));
#624 = ORIENTED_EDGE('',*,*,#625,.T.);
#625 = EDGE_CURVE('',#618,#626,#628,.T.);
#626 = VERTEX_POINT('',#627);
#627 = CARTESIAN_POINT('',(10.64,14.64,0.));
#628 = LINE('',#629,#630);
#629 = CARTESIAN_POINT('',(10.64,9.36,0.));
#630 = VECTOR('',#631,1.);
#631 = DIRECTION('',(0.,1.,0.));
#632 = ORIENTED_EDGE('',*,*,#633,.F.);
#633 = EDGE_CURVE('',#634,#626,#636,.T.);
#634 = VERTEX_POINT('',#635);
#635 = CARTESIAN_POINT('',(-10.64,14.64,0.));
#636 = LINE('',#637,#638);
#637 = CARTESIAN_POINT('',(-10.64,14.64,0.));
#638 = VECTOR('',#639,1.);
#639 = DIRECTION('',(1.,0.,0.));
#640 = ORIENTED_EDGE('',*,*,#641,.F.);
#641 = EDGE_CURVE('',#642,#634,#644,.T.);
#642 = VERTEX_POINT('',#643);
#643 = CARTESIAN_POINT('',(-10.64,9.36,0.));
#644 = LINE('',#645,#646);
#645 = CARTESIAN_POINT('',(-10.64,9.36,0.));
#646 = VECTOR('',#647,1.);
#647 = DIRECTION('',(0.,1.,0.));
#648 = ORIENTED_EDGE('',*,*,#649,.F.);
#649 = EDGE_CURVE('',#650,#642,#652,.T.);
#650 = VERTEX_POINT('',#651);
#651 = CARTESIAN_POINT('',(-10.64,6.64,0.));
#652 = LINE('',#653,#654);
#653 = CARTESIAN_POINT('',(-10.64,6.64,0.));
#654 = VECTOR('',#655,1.);
#655 = DIRECTION('',(0.,1.,0.));
#656 = ORIENTED_EDGE('',*,*,#657,.F.);
#657 = EDGE_CURVE('',#658,#650,#660,.T.);
#658 = VERTEX_POINT('',#659);
#659 = CARTESIAN_POINT('',(-10.64,1.36,0.));
#660 = LINE('',#661,#662);
#661 = CARTESIAN_POINT('',(-10.64,1.36,0.));
#662 = VECTOR('',#663,1.);
#663 = DIRECTION('',(0.,1.,0.));
#664 = ORIENTED_EDGE('',*,*,#665,.F.);
#665 = EDGE_CURVE('',#666,#658,#668,.T.);
#666 = VERTEX_POINT('',#667);
#667 = CARTESIAN_POINT('',(-10.64,-1.36,0.));
#668 = LINE('',#669,#670);
#669 = CARTESIAN_POINT('',(-10.64,-1.36,0.));
#670 = VECTOR('',#671,1.);
#671 = DIRECTION('',(0.,1.,0.));
#672 = ORIENTED_EDGE('',*,*,#673,.F.);
#673 = EDGE_CURVE('',#674,#666,#676,.T.);
#674 = VERTEX_POINT('',#675);
#675 = CARTESIAN_POINT('',(-10.64,-6.64,0.));
#676 = LINE('',#677,#678);
#677 = CARTESIAN_POINT('',(-10.64,-6.64,0.));
#678 = VECTOR('',#679,1.);
#679 = DIRECTION('',(0.,1.,0.));
#680 = ORIENTED_EDGE('',*,*,#681,.F.);
#681 = EDGE_CURVE('',#554,#674,#682,.T.);
#682 = LINE('',#683,#684);
#683 = CARTESIAN_POINT('',(-10.64,-9.36,0.));
#684 = VECTOR('',#685,1.);
#685 = DIRECTION('',(0.,1.,0.));
#686 = PLANE('',#687);
#687 = AXIS2_PLACEMENT_3D('',#688,#689,#690);
#688 = CARTESIAN_POINT('',(-2.302158273381,2.302158273381,0.));
#689 = DIRECTION('',(-0.,-0.,-1.));
#690 = DIRECTION('',(-1.,0.,0.));
#691 = ADVANCED_FACE('',(#692),#711,.T.);
#692 = FACE_BOUND('',#693,.T.);
#693 = EDGE_LOOP('',(#694,#703,#709,#710));
#694 = ORIENTED_EDGE('',*,*,#695,.F.);
#695 = EDGE_CURVE('',#696,#696,#698,.T.);
#696 = VERTEX_POINT('',#697);
#697 = CARTESIAN_POINT('',(-5.85,-4.,11.4));
#698 = CIRCLE('',#699,2.15);
#699 = AXIS2_PLACEMENT_3D('',#700,#701,#702);
#700 = CARTESIAN_POINT('',(-8.,-4.,11.4));
#701 = DIRECTION('',(0.,0.,1.));
#702 = DIRECTION('',(1.,0.,0.));
#703 = ORIENTED_EDGE('',*,*,#704,.F.);
#704 = EDGE_CURVE('',#360,#696,#705,.T.);
#705 = LINE('',#706,#707);
#706 = CARTESIAN_POINT('',(-5.6,-4.,11.15));
#707 = VECTOR('',#708,1.);
#708 = DIRECTION('',(-0.707106781187,1.731912112471E-16,0.707106781187)
  );
#709 = ORIENTED_EDGE('',*,*,#367,.T.);
#710 = ORIENTED_EDGE('',*,*,#704,.T.);
#711 = CONICAL_SURFACE('',#712,2.4,0.785398163397);
#712 = AXIS2_PLACEMENT_3D('',#713,#714,#715);
#713 = CARTESIAN_POINT('',(-8.,-4.,11.15));
#714 = DIRECTION('',(-0.,-0.,-1.));
#715 = DIRECTION('',(1.,0.,0.));
#716 = ADVANCED_FACE('',(#717),#736,.T.);
#717 = FACE_BOUND('',#718,.T.);
#718 = EDGE_LOOP('',(#719,#728,#734,#735));
#719 = ORIENTED_EDGE('',*,*,#720,.F.);
#720 = EDGE_CURVE('',#721,#721,#723,.T.);
#721 = VERTEX_POINT('',#722);
#722 = CARTESIAN_POINT('',(-5.85,4.,11.4));
#723 = CIRCLE('',#724,2.15);
#724 = AXIS2_PLACEMENT_3D('',#725,#726,#727);
#725 = CARTESIAN_POINT('',(-8.,4.,11.4));
#726 = DIRECTION('',(0.,0.,1.));
#727 = DIRECTION('',(1.,0.,0.));
#728 = ORIENTED_EDGE('',*,*,#729,.F.);
#729 = EDGE_CURVE('',#385,#721,#730,.T.);
#730 = LINE('',#731,#732);
#731 = CARTESIAN_POINT('',(-5.6,4.,11.15));
#732 = VECTOR('',#733,1.);
#733 = DIRECTION('',(-0.707106781187,1.731912112471E-16,0.707106781187)
  );
#734 = ORIENTED_EDGE('',*,*,#392,.T.);
#735 = ORIENTED_EDGE('',*,*,#729,.T.);
#736 = CONICAL_SURFACE('',#737,2.4,0.785398163397);
#737 = AXIS2_PLACEMENT_3D('',#738,#739,#740);
#738 = CARTESIAN_POINT('',(-8.,4.,11.15));
#739 = DIRECTION('',(-0.,-0.,-1.));
#740 = DIRECTION('',(1.,0.,0.));
#741 = ADVANCED_FACE('',(#742),#761,.T.);
#742 = FACE_BOUND('',#743,.T.);
#743 = EDGE_LOOP('',(#744,#753,#759,#760));
#744 = ORIENTED_EDGE('',*,*,#745,.F.);
#745 = EDGE_CURVE('',#746,#746,#748,.T.);
#746 = VERTEX_POINT('',#747);
#747 = CARTESIAN_POINT('',(-5.85,12.,11.4));
#748 = CIRCLE('',#749,2.15);
#749 = AXIS2_PLACEMENT_3D('',#750,#751,#752);
#750 = CARTESIAN_POINT('',(-8.,12.,11.4));
#751 = DIRECTION('',(0.,0.,1.));
#752 = DIRECTION('',(1.,0.,0.));
#753 = ORIENTED_EDGE('',*,*,#754,.F.);
#754 = EDGE_CURVE('',#410,#746,#755,.T.);
#755 = LINE('',#756,#757);
#756 = CARTESIAN_POINT('',(-5.6,12.,11.15));
#757 = VECTOR('',#758,1.);
#758 = DIRECTION('',(-0.707106781187,1.731912112471E-16,0.707106781187)
  );
#759 = ORIENTED_EDGE('',*,*,#417,.T.);
#760 = ORIENTED_EDGE('',*,*,#754,.T.);
#761 = CONICAL_SURFACE('',#762,2.4,0.785398163397);
#762 = AXIS2_PLACEMENT_3D('',#763,#764,#765);
#763 = CARTESIAN_POINT('',(-8.,12.,11.15));
#764 = DIRECTION('',(-0.,-0.,-1.));
#765 = DIRECTION('',(1.,0.,0.));
#766 = ADVANCED_FACE('',(#767),#786,.T.);
#767 = FACE_BOUND('',#768,.T.);
#768 = EDGE_LOOP('',(#769,#778,#784,#785));
#769 = ORIENTED_EDGE('',*,*,#770,.F.);
#770 = EDGE_CURVE('',#771,#771,#773,.T.);
#771 = VERTEX_POINT('',#772);
#772 = CARTESIAN_POINT('',(2.15,4.,11.4));
#773 = CIRCLE('',#774,2.15);
#774 = AXIS2_PLACEMENT_3D('',#775,#776,#777);
#775 = CARTESIAN_POINT('',(0.,4.,11.4));
#776 = DIRECTION('',(0.,0.,1.));
#777 = DIRECTION('',(1.,0.,0.));
#778 = ORIENTED_EDGE('',*,*,#779,.F.);
#779 = EDGE_CURVE('',#435,#771,#780,.T.);
#780 = LINE('',#781,#782);
#781 = CARTESIAN_POINT('',(2.4,4.,11.15));
#782 = VECTOR('',#783,1.);
#783 = DIRECTION('',(-0.707106781187,1.731912112471E-16,0.707106781187)
  );
#784 = ORIENTED_EDGE('',*,*,#442,.T.);
#785 = ORIENTED_EDGE('',*,*,#779,.T.);
#786 = CONICAL_SURFACE('',#787,2.4,0.785398163397);
#787 = AXIS2_PLACEMENT_3D('',#788,#789,#790);
#788 = CARTESIAN_POINT('',(0.,4.,11.15));
#789 = DIRECTION('',(-0.,-0.,-1.));
#790 = DIRECTION('',(1.,0.,0.));
#791 = ADVANCED_FACE('',(#792),#811,.T.);
#792 = FACE_BOUND('',#793,.T.);
#793 = EDGE_LOOP('',(#794,#803,#809,#810));
#794 = ORIENTED_EDGE('',*,*,#795,.F.);
#795 = EDGE_CURVE('',#796,#796,#798,.T.);
#796 = VERTEX_POINT('',#797);
#797 = CARTESIAN_POINT('',(10.15,4.,11.4));
#798 = CIRCLE('',#799,2.15);
#799 = AXIS2_PLACEMENT_3D('',#800,#801,#802);
#800 = CARTESIAN_POINT('',(8.,4.,11.4));
#801 = DIRECTION('',(0.,0.,1.));
#802 = DIRECTION('',(1.,0.,0.));
#803 = ORIENTED_EDGE('',*,*,#804,.F.);
#804 = EDGE_CURVE('',#460,#796,#805,.T.);
#805 = LINE('',#806,#807);
#806 = CARTESIAN_POINT('',(10.4,4.,11.15));
#807 = VECTOR('',#808,1.);
#808 = DIRECTION('',(-0.707106781187,1.731912112471E-16,0.707106781187)
  );
#809 = ORIENTED_EDGE('',*,*,#467,.T.);
#810 = ORIENTED_EDGE('',*,*,#804,.T.);
#811 = CONICAL_SURFACE('',#812,2.4,0.785398163397);
#812 = AXIS2_PLACEMENT_3D('',#813,#814,#815);
#813 = CARTESIAN_POINT('',(8.,4.,11.15));
#814 = DIRECTION('',(-0.,-0.,-1.));
#815 = DIRECTION('',(1.,0.,0.));
#816 = ADVANCED_FACE('',(#817),#836,.T.);
#817 = FACE_BOUND('',#818,.T.);
#818 = EDGE_LOOP('',(#819,#828,#834,#835));
#819 = ORIENTED_EDGE('',*,*,#820,.F.);
#820 = EDGE_CURVE('',#821,#821,#823,.T.);
#821 = VERTEX_POINT('',#822);
#822 = CARTESIAN_POINT('',(2.15,12.,11.4));
#823 = CIRCLE('',#824,2.15);
#824 = AXIS2_PLACEMENT_3D('',#825,#826,#827);
#825 = CARTESIAN_POINT('',(0.,12.,11.4));
#826 = DIRECTION('',(0.,0.,1.));
#827 = DIRECTION('',(1.,0.,0.));
#828 = ORIENTED_EDGE('',*,*,#829,.F.);
#829 = EDGE_CURVE('',#485,#821,#830,.T.);
#830 = LINE('',#831,#832);
#831 = CARTESIAN_POINT('',(2.4,12.,11.15));
#832 = VECTOR('',#833,1.);
#833 = DIRECTION('',(-0.707106781187,1.731912112471E-16,0.707106781187)
  );
#834 = ORIENTED_EDGE('',*,*,#492,.T.);
#835 = ORIENTED_EDGE('',*,*,#829,.T.);
#836 = CONICAL_SURFACE('',#837,2.4,0.785398163397);
#837 = AXIS2_PLACEMENT_3D('',#838,#839,#840);
#838 = CARTESIAN_POINT('',(0.,12.,11.15));
#839 = DIRECTION('',(-0.,-0.,-1.));
#840 = DIRECTION('',(1.,0.,0.));
#841 = ADVANCED_FACE('',(#842),#861,.T.);
#842 = FACE_BOUND('',#843,.T.);
#843 = EDGE_LOOP('',(#844,#853,#859,#860));
#844 = ORIENTED_EDGE('',*,*,#845,.F.);
#845 = EDGE_CURVE('',#846,#846,#848,.T.);
#846 = VERTEX_POINT('',#847);
#847 = CARTESIAN_POINT('',(10.15,12.,11.4));
#848 = CIRCLE('',#849,2.15);
#849 = AXIS2_PLACEMENT_3D('',#850,#851,#852);
#850 = CARTESIAN_POINT('',(8.,12.,11.4));
#851 = DIRECTION('',(0.,0.,1.));
#852 = DIRECTION('',(1.,0.,0.));
#853 = ORIENTED_EDGE('',*,*,#854,.F.);
#854 = EDGE_CURVE('',#510,#846,#855,.T.);
#855 = LINE('',#856,#857);
#856 = CARTESIAN_POINT('',(10.4,12.,11.15));
#857 = VECTOR('',#858,1.);
#858 = DIRECTION('',(-0.707106781187,1.731912112471E-16,0.707106781187)
  );
#859 = ORIENTED_EDGE('',*,*,#517,.T.);
#860 = ORIENTED_EDGE('',*,*,#854,.T.);
#861 = CONICAL_SURFACE('',#862,2.4,0.785398163397);
#862 = AXIS2_PLACEMENT_3D('',#863,#864,#865);
#863 = CARTESIAN_POINT('',(8.,12.,11.15));
#864 = DIRECTION('',(-0.,-0.,-1.));
#865 = DIRECTION('',(1.,0.,0.));
#866 = ADVANCED_FACE('',(#867),#890,.F.);
#867 = FACE_BOUND('',#868,.F.);
#868 = EDGE_LOOP('',(#869,#870,#877,#885));
#869 = ORIENTED_EDGE('',*,*,#551,.F.);
#870 = ORIENTED_EDGE('',*,*,#871,.T.);
#871 = EDGE_CURVE('',#552,#872,#874,.T.);
#872 = VERTEX_POINT('',#873);
#873 = CARTESIAN_POINT('',(-10.44,-14.44,0.3));
#874 = B_SPLINE_CURVE_WITH_KNOTS('',1,(#875,#876),.UNSPECIFIED.,.F.,.F.,
  (2,2),(0.,1.),.PIECEWISE_BEZIER_KNOTS.);
#875 = CARTESIAN_POINT('',(-10.64,-14.64,0.));
#876 = CARTESIAN_POINT('',(-10.44,-14.44,0.3));
#877 = ORIENTED_EDGE('',*,*,#878,.T.);
#878 = EDGE_CURVE('',#872,#879,#881,.T.);
#879 = VERTEX_POINT('',#880);
#880 = CARTESIAN_POINT('',(-10.44,-9.56,0.3));
#881 = LINE('',#882,#883);
#882 = CARTESIAN_POINT('',(-10.44,-14.44,0.3));
#883 = VECTOR('',#884,1.);
#884 = DIRECTION('',(0.,1.,0.));
#885 = ORIENTED_EDGE('',*,*,#886,.F.);
#886 = EDGE_CURVE('',#554,#879,#887,.T.);
#887 = B_SPLINE_CURVE_WITH_KNOTS('',1,(#888,#889),.UNSPECIFIED.,.F.,.F.,
  (2,2),(0.,1.),.PIECEWISE_BEZIER_KNOTS.);
#888 = CARTESIAN_POINT('',(-10.64,-9.36,0.));
#889 = CARTESIAN_POINT('',(-10.44,-9.56,0.3));
#890 = B_SPLINE_SURFACE_WITH_KNOTS('',1,1,(
    (#891,#892)
    ,(#893,#894
    )),.UNSPECIFIED.,.F.,.F.,.F.,(2,2),(2,2),(-5.28,0.),(0.,1.),
  .PIECEWISE_BEZIER_KNOTS.);
#891 = CARTESIAN_POINT('',(-10.64,-9.36,0.));
#892 = CARTESIAN_POINT('',(-10.44,-9.56,0.3));
#893 = CARTESIAN_POINT('',(-10.64,-14.64,0.));
#894 = CARTESIAN_POINT('',(-10.44,-14.44,0.3));
#895 = ADVANCED_FACE('',(#896),#913,.F.);
#896 = FACE_BOUND('',#897,.F.);
#897 = EDGE_LOOP('',(#898,#899,#900,#908));
#898 = ORIENTED_EDGE('',*,*,#681,.F.);
#899 = ORIENTED_EDGE('',*,*,#886,.T.);
#900 = ORIENTED_EDGE('',*,*,#901,.T.);
#901 = EDGE_CURVE('',#879,#902,#904,.T.);
#902 = VERTEX_POINT('',#903);
#903 = CARTESIAN_POINT('',(-10.44,-6.44,0.3));
#904 = LINE('',#905,#906);
#905 = CARTESIAN_POINT('',(-10.44,-9.56,0.3));
#906 = VECTOR('',#907,1.);
#907 = DIRECTION('',(0.,1.,0.));
#908 = ORIENTED_EDGE('',*,*,#909,.F.);
#909 = EDGE_CURVE('',#674,#902,#910,.T.);
#910 = B_SPLINE_CURVE_WITH_KNOTS('',1,(#911,#912),.UNSPECIFIED.,.F.,.F.,
  (2,2),(0.,1.),.PIECEWISE_BEZIER_KNOTS.);
#911 = CARTESIAN_POINT('',(-10.64,-6.64,0.));
#912 = CARTESIAN_POINT('',(-10.44,-6.44,0.3));
#913 = B_SPLINE_SURFACE_WITH_KNOTS('',1,1,(
    (#914,#915)
    ,(#916,#917
    )),.UNSPECIFIED.,.F.,.F.,.F.,(2,2),(2,2),(-3.12,0.),(0.,1.),
  .PIECEWISE_BEZIER_KNOTS.);
#914 = CARTESIAN_POINT('',(-10.64,-6.64,0.));
#915 = CARTESIAN_POINT('',(-10.44,-6.44,0.3));
#916 = CARTESIAN_POINT('',(-10.64,-9.36,0.));
#917 = CARTESIAN_POINT('',(-10.44,-9.56,0.3));
#918 = ADVANCED_FACE('',(#919),#936,.F.);
#919 = FACE_BOUND('',#920,.F.);
#920 = EDGE_LOOP('',(#921,#922,#923,#931));
#921 = ORIENTED_EDGE('',*,*,#673,.F.);
#922 = ORIENTED_EDGE('',*,*,#909,.T.);
#923 = ORIENTED_EDGE('',*,*,#924,.T.);
#924 = EDGE_CURVE('',#902,#925,#927,.T.);
#925 = VERTEX_POINT('',#926);
#926 = CARTESIAN_POINT('',(-10.44,-1.56,0.3));
#927 = LINE('',#928,#929);
#928 = CARTESIAN_POINT('',(-10.44,-6.44,0.3));
#929 = VECTOR('',#930,1.);
#930 = DIRECTION('',(0.,1.,0.));
#931 = ORIENTED_EDGE('',*,*,#932,.F.);
#932 = EDGE_CURVE('',#666,#925,#933,.T.);
#933 = B_SPLINE_CURVE_WITH_KNOTS('',1,(#934,#935),.UNSPECIFIED.,.F.,.F.,
  (2,2),(0.,1.),.PIECEWISE_BEZIER_KNOTS.);
#934 = CARTESIAN_POINT('',(-10.64,-1.36,0.));
#935 = CARTESIAN_POINT('',(-10.44,-1.56,0.3));
#936 = B_SPLINE_SURFACE_WITH_KNOTS('',1,1,(
    (#937,#938)
    ,(#939,#940
    )),.UNSPECIFIED.,.F.,.F.,.F.,(2,2),(2,2),(-5.28,0.),(0.,1.),
  .PIECEWISE_BEZIER_KNOTS.);
#937 = CARTESIAN_POINT('',(-10.64,-1.36,0.));
#938 = CARTESIAN_POINT('',(-10.44,-1.56,0.3));
#939 = CARTESIAN_POINT('',(-10.64,-6.64,0.));
#940 = CARTESIAN_POINT('',(-10.44,-6.44,0.3));
#941 = ADVANCED_FACE('',(#942),#959,.F.);
#942 = FACE_BOUND('',#943,.F.);
#943 = EDGE_LOOP('',(#944,#945,#946,#954));
#944 = ORIENTED_EDGE('',*,*,#665,.F.);
#945 = ORIENTED_EDGE('',*,*,#932,.T.);
#946 = ORIENTED_EDGE('',*,*,#947,.T.);
#947 = EDGE_CURVE('',#925,#948,#950,.T.);
#948 = VERTEX_POINT('',#949);
#949 = CARTESIAN_POINT('',(-10.44,1.56,0.3));
#950 = LINE('',#951,#952);
#951 = CARTESIAN_POINT('',(-10.44,-1.56,0.3));
#952 = VECTOR('',#953,1.);
#953 = DIRECTION('',(0.,1.,0.));
#954 = ORIENTED_EDGE('',*,*,#955,.F.);
#955 = EDGE_CURVE('',#658,#948,#956,.T.);
#956 = B_SPLINE_CURVE_WITH_KNOTS('',1,(#957,#958),.UNSPECIFIED.,.F.,.F.,
  (2,2),(0.,1.),.PIECEWISE_BEZIER_KNOTS.);
#957 = CARTESIAN_POINT('',(-10.64,1.36,0.));
#958 = CARTESIAN_POINT('',(-10.44,1.56,0.3));
#959 = B_SPLINE_SURFACE_WITH_KNOTS('',1,1,(
    (#960,#961)
    ,(#962,#963
    )),.UNSPECIFIED.,.F.,.F.,.F.,(2,2),(2,2),(-3.12,0.),(0.,1.),
  .PIECEWISE_BEZIER_KNOTS.);
#960 = CARTESIAN_POINT('',(-10.64,1.36,0.));
#961 = CARTESIAN_POINT('',(-10.44,1.56,0.3));
#962 = CARTESIAN_POINT('',(-10.64,-1.36,0.));
#963 = CARTESIAN_POINT('',(-10.44,-1.56,0.3));
#964 = ADVANCED_FACE('',(#965),#982,.F.);
#965 = FACE_BOUND('',#966,.F.);
#966 = EDGE_LOOP('',(#967,#968,#969,#977));
#967 = ORIENTED_EDGE('',*,*,#657,.F.);
#968 = ORIENTED_EDGE('',*,*,#955,.T.);
#969 = ORIENTED_EDGE('',*,*,#970,.T.);
#970 = EDGE_CURVE('',#948,#971,#973,.T.);
#971 = VERTEX_POINT('',#972);
#972 = CARTESIAN_POINT('',(-10.44,6.44,0.3));
#973 = LINE('',#974,#975);
#974 = CARTESIAN_POINT('',(-10.44,1.56,0.3));
#975 = VECTOR('',#976,1.);
#976 = DIRECTION('',(0.,1.,0.));
#977 = ORIENTED_EDGE('',*,*,#978,.F.);
#978 = EDGE_CURVE('',#650,#971,#979,.T.);
#979 = B_SPLINE_CURVE_WITH_KNOTS('',1,(#980,#981),.UNSPECIFIED.,.F.,.F.,
  (2,2),(0.,1.),.PIECEWISE_BEZIER_KNOTS.);
#980 = CARTESIAN_POINT('',(-10.64,6.64,0.));
#981 = CARTESIAN_POINT('',(-10.44,6.44,0.3));
#982 = B_SPLINE_SURFACE_WITH_KNOTS('',1,1,(
    (#983,#984)
    ,(#985,#986
    )),.UNSPECIFIED.,.F.,.F.,.F.,(2,2),(2,2),(-5.28,0.),(0.,1.),
  .PIECEWISE_BEZIER_KNOTS.);
#983 = CARTESIAN_POINT('',(-10.64,6.64,0.));
#984 = CARTESIAN_POINT('',(-10.44,6.44,0.3));
#985 = CARTESIAN_POINT('',(-10.64,1.36,0.));
#986 = CARTESIAN_POINT('',(-10.44,1.56,0.3));
#987 = ADVANCED_FACE('',(#988),#1005,.F.);
#988 = FACE_BOUND('',#989,.F.);
#989 = EDGE_LOOP('',(#990,#991,#992,#1000));
#990 = ORIENTED_EDGE('',*,*,#649,.F.);
#991 = ORIENTED_EDGE('',*,*,#978,.T.);
#992 = ORIENTED_EDGE('',*,*,#993,.T.);
#993 = EDGE_CURVE('',#971,#994,#996,.T.);
#994 = VERTEX_POINT('',#995);
#995 = CARTESIAN_POINT('',(-10.44,9.56,0.3));
#996 = LINE('',#997,#998);
#997 = CARTESIAN_POINT('',(-10.44,6.44,0.3));
#998 = VECTOR('',#999,1.);
#999 = DIRECTION('',(0.,1.,0.));
#1000 = ORIENTED_EDGE('',*,*,#1001,.F.);
#1001 = EDGE_CURVE('',#642,#994,#1002,.T.);
#1002 = B_SPLINE_CURVE_WITH_KNOTS('',1,(#1003,#1004),.UNSPECIFIED.,.F.,
  .F.,(2,2),(0.,1.),.PIECEWISE_BEZIER_KNOTS.);
#1003 = CARTESIAN_POINT('',(-10.64,9.36,0.));
#1004 = CARTESIAN_POINT('',(-10.44,9.56,0.3));
#1005 = B_SPLINE_SURFACE_WITH_KNOTS('',1,1,(
    (#1006,#1007)
    ,(#1008,#1009
    )),.UNSPECIFIED.,.F.,.F.,.F.,(2,2),(2,2),(-3.12,0.),(0.,1.),
  .PIECEWISE_BEZIER_KNOTS.);
#1006 = CARTESIAN_POINT('',(-10.64,9.36,0.));
#1007 = CARTESIAN_POINT('',(-10.44,9.56,0.3));
#1008 = CARTESIAN_POINT('',(-10.64,6.64,0.));
#1009 = CARTESIAN_POINT('',(-10.44,6.44,0.3));
#1010 = ADVANCED_FACE('',(#1011),#1028,.F.);
#1011 = FACE_BOUND('',#1012,.F.);
#1012 = EDGE_LOOP('',(#1013,#1014,#1015,#1023));
#1013 = ORIENTED_EDGE('',*,*,#641,.F.);
#1014 = ORIENTED_EDGE('',*,*,#1001,.T.);
#1015 = ORIENTED_EDGE('',*,*,#1016,.T.);
#1016 = EDGE_CURVE('',#994,#1017,#1019,.T.);
#1017 = VERTEX_POINT('',#1018);
#1018 = CARTESIAN_POINT('',(-10.44,14.44,0.3));
#1019 = LINE('',#1020,#1021);
#1020 = CARTESIAN_POINT('',(-10.44,9.56,0.3));
#1021 = VECTOR('',#1022,1.);
#1022 = DIRECTION('',(0.,1.,0.));
#1023 = ORIENTED_EDGE('',*,*,#1024,.F.);
#1024 = EDGE_CURVE('',#634,#1017,#1025,.T.);
#1025 = B_SPLINE_CURVE_WITH_KNOTS('',1,(#1026,#1027),.UNSPECIFIED.,.F.,
  .F.,(2,2),(0.,1.),.PIECEWISE_BEZIER_KNOTS.);
#1026 = CARTESIAN_POINT('',(-10.64,14.64,0.));
#1027 = CARTESIAN_POINT('',(-10.44,14.44,0.3));
#1028 = B_SPLINE_SURFACE_WITH_KNOTS('',1,1,(
    (#1029,#1030)
    ,(#1031,#1032
    )),.UNSPECIFIED.,.F.,.F.,.F.,(2,2),(2,2),(-5.28,0.),(0.,1.),
  .PIECEWISE_BEZIER_KNOTS.);
#1029 = CARTESIAN_POINT('',(-10.64,14.64,0.));
#1030 = CARTESIAN_POINT('',(-10.44,14.44,0.3));
#1031 = CARTESIAN_POINT('',(-10.64,9.36,0.));
#1032 = CARTESIAN_POINT('',(-10.44,9.56,0.3));
#1033 = ADVANCED_FACE('',(#1034),#1051,.F.);
#1034 = FACE_BOUND('',#1035,.F.);
#1035 = EDGE_LOOP('',(#1036,#1037,#1038,#1046));
#1036 = ORIENTED_EDGE('',*,*,#633,.F.);
#1037 = ORIENTED_EDGE('',*,*,#1024,.T.);
#1038 = ORIENTED_EDGE('',*,*,#1039,.T.);
#1039 = EDGE_CURVE('',#1017,#1040,#1042,.T.);
#1040 = VERTEX_POINT('',#1041);
#1041 = CARTESIAN_POINT('',(10.44,14.44,0.3));
#1042 = LINE('',#1043,#1044);
#1043 = CARTESIAN_POINT('',(-10.44,14.44,0.3));
#1044 = VECTOR('',#1045,1.);
#1045 = DIRECTION('',(1.,0.,0.));
#1046 = ORIENTED_EDGE('',*,*,#1047,.F.);
#1047 = EDGE_CURVE('',#626,#1040,#1048,.T.);
#1048 = B_SPLINE_CURVE_WITH_KNOTS('',1,(#1049,#1050),.UNSPECIFIED.,.F.,
  .F.,(2,2),(0.,1.),.PIECEWISE_BEZIER_KNOTS.);
#1049 = CARTESIAN_POINT('',(10.64,14.64,0.));
#1050 = CARTESIAN_POINT('',(10.44,14.44,0.3));
#1051 = B_SPLINE_SURFACE_WITH_KNOTS('',1,1,(
    (#1052,#1053)
    ,(#1054,#1055
    )),.UNSPECIFIED.,.F.,.F.,.F.,(2,2),(2,2),(-21.28,0.),(0.,1.),
  .PIECEWISE_BEZIER_KNOTS.);
#1052 = CARTESIAN_POINT('',(10.64,14.64,0.));
#1053 = CARTESIAN_POINT('',(10.44,14.44,0.3));
#1054 = CARTESIAN_POINT('',(-10.64,14.64,0.));
#1055 = CARTESIAN_POINT('',(-10.44,14.44,0.3));
#1056 = ADVANCED_FACE('',(#1057),#1074,.F.);
#1057 = FACE_BOUND('',#1058,.F.);
#1058 = EDGE_LOOP('',(#1059,#1060,#1061,#1069));
#1059 = ORIENTED_EDGE('',*,*,#625,.T.);
#1060 = ORIENTED_EDGE('',*,*,#1047,.T.);
#1061 = ORIENTED_EDGE('',*,*,#1062,.F.);
#1062 = EDGE_CURVE('',#1063,#1040,#1065,.T.);
#1063 = VERTEX_POINT('',#1064);
#1064 = CARTESIAN_POINT('',(10.44,9.56,0.3));
#1065 = LINE('',#1066,#1067);
#1066 = CARTESIAN_POINT('',(10.44,9.56,0.3));
#1067 = VECTOR('',#1068,1.);
#1068 = DIRECTION('',(0.,1.,0.));
#1069 = ORIENTED_EDGE('',*,*,#1070,.F.);
#1070 = EDGE_CURVE('',#618,#1063,#1071,.T.);
#1071 = B_SPLINE_CURVE_WITH_KNOTS('',1,(#1072,#1073),.UNSPECIFIED.,.F.,
  .F.,(2,2),(0.,1.),.PIECEWISE_BEZIER_KNOTS.);
#1072 = CARTESIAN_POINT('',(10.64,9.36,0.));
#1073 = CARTESIAN_POINT('',(10.44,9.56,0.3));
#1074 = B_SPLINE_SURFACE_WITH_KNOTS('',1,1,(
    (#1075,#1076)
    ,(#1077,#1078
    )),.UNSPECIFIED.,.F.,.F.,.F.,(2,2),(2,2),(0.,5.28),(0.,1.),
  .PIECEWISE_BEZIER_KNOTS.);
#1075 = CARTESIAN_POINT('',(10.64,9.36,0.));
#1076 = CARTESIAN_POINT('',(10.44,9.56,0.3));
#1077 = CARTESIAN_POINT('',(10.64,14.64,0.));
#1078 = CARTESIAN_POINT('',(10.44,14.44,0.3));
#1079 = ADVANCED_FACE('',(#1080),#1097,.F.);
#1080 = FACE_BOUND('',#1081,.F.);
#1081 = EDGE_LOOP('',(#1082,#1083,#1084,#1092));
#1082 = ORIENTED_EDGE('',*,*,#617,.T.);
#1083 = ORIENTED_EDGE('',*,*,#1070,.T.);
#1084 = ORIENTED_EDGE('',*,*,#1085,.F.);
#1085 = EDGE_CURVE('',#1086,#1063,#1088,.T.);
#1086 = VERTEX_POINT('',#1087);
#1087 = CARTESIAN_POINT('',(10.44,6.44,0.3));
#1088 = LINE('',#1089,#1090);
#1089 = CARTESIAN_POINT('',(10.44,6.44,0.3));
#1090 = VECTOR('',#1091,1.);
#1091 = DIRECTION('',(0.,1.,0.));
#1092 = ORIENTED_EDGE('',*,*,#1093,.F.);
#1093 = EDGE_CURVE('',#610,#1086,#1094,.T.);
#1094 = B_SPLINE_CURVE_WITH_KNOTS('',1,(#1095,#1096),.UNSPECIFIED.,.F.,
  .F.,(2,2),(0.,1.),.PIECEWISE_BEZIER_KNOTS.);
#1095 = CARTESIAN_POINT('',(10.64,6.64,0.));
#1096 = CARTESIAN_POINT('',(10.44,6.44,0.3));
#1097 = B_SPLINE_SURFACE_WITH_KNOTS('',1,1,(
    (#1098,#1099)
    ,(#1100,#1101
    )),.UNSPECIFIED.,.F.,.F.,.F.,(2,2),(2,2),(0.,3.12),(0.,1.),
  .PIECEWISE_BEZIER_KNOTS.);
#1098 = CARTESIAN_POINT('',(10.64,6.64,0.));
#1099 = CARTESIAN_POINT('',(10.44,6.44,0.3));
#1100 = CARTESIAN_POINT('',(10.64,9.36,0.));
#1101 = CARTESIAN_POINT('',(10.44,9.56,0.3));
#1102 = ADVANCED_FACE('',(#1103),#1120,.F.);
#1103 = FACE_BOUND('',#1104,.F.);
#1104 = EDGE_LOOP('',(#1105,#1106,#1107,#1115));
#1105 = ORIENTED_EDGE('',*,*,#609,.T.);
#1106 = ORIENTED_EDGE('',*,*,#1093,.T.);
#1107 = ORIENTED_EDGE('',*,*,#1108,.F.);
#1108 = EDGE_CURVE('',#1109,#1086,#1111,.T.);
#1109 = VERTEX_POINT('',#1110);
#1110 = CARTESIAN_POINT('',(10.44,1.56,0.3));
#1111 = LINE('',#1112,#1113);
#1112 = CARTESIAN_POINT('',(10.44,1.56,0.3));
#1113 = VECTOR('',#1114,1.);
#1114 = DIRECTION('',(0.,1.,0.));
#1115 = ORIENTED_EDGE('',*,*,#1116,.F.);
#1116 = EDGE_CURVE('',#602,#1109,#1117,.T.);
#1117 = B_SPLINE_CURVE_WITH_KNOTS('',1,(#1118,#1119),.UNSPECIFIED.,.F.,
  .F.,(2,2),(0.,1.),.PIECEWISE_BEZIER_KNOTS.);
#1118 = CARTESIAN_POINT('',(10.64,1.36,0.));
#1119 = CARTESIAN_POINT('',(10.44,1.56,0.3));
#1120 = B_SPLINE_SURFACE_WITH_KNOTS('',1,1,(
    (#1121,#1122)
    ,(#1123,#1124
    )),.UNSPECIFIED.,.F.,.F.,.F.,(2,2),(2,2),(0.,5.28),(0.,1.),
  .PIECEWISE_BEZIER_KNOTS.);
#1121 = CARTESIAN_POINT('',(10.64,1.36,0.));
#1122 = CARTESIAN_POINT('',(10.44,1.56,0.3));
#1123 = CARTESIAN_POINT('',(10.64,6.64,0.));
#1124 = CARTESIAN_POINT('',(10.44,6.44,0.3));
#1125 = ADVANCED_FACE('',(#1126),#1143,.F.);
#1126 = FACE_BOUND('',#1127,.F.);
#1127 = EDGE_LOOP('',(#1128,#1135,#1136,#1137));
#1128 = ORIENTED_EDGE('',*,*,#1129,.F.);
#1129 = EDGE_CURVE('',#594,#1130,#1132,.T.);
#1130 = VERTEX_POINT('',#1131);
#1131 = CARTESIAN_POINT('',(-5.56,1.56,0.3));
#1132 = B_SPLINE_CURVE_WITH_KNOTS('',1,(#1133,#1134),.UNSPECIFIED.,.F.,
  .F.,(2,2),(0.,1.),.PIECEWISE_BEZIER_KNOTS.);
#1133 = CARTESIAN_POINT('',(-5.36,1.36,0.));
#1134 = CARTESIAN_POINT('',(-5.56,1.56,0.3));
#1135 = ORIENTED_EDGE('',*,*,#601,.T.);
#1136 = ORIENTED_EDGE('',*,*,#1116,.T.);
#1137 = ORIENTED_EDGE('',*,*,#1138,.F.);
#1138 = EDGE_CURVE('',#1130,#1109,#1139,.T.);
#1139 = LINE('',#1140,#1141);
#1140 = CARTESIAN_POINT('',(-10.44,1.56,0.3));
#1141 = VECTOR('',#1142,1.);
#1142 = DIRECTION('',(1.,0.,0.));
#1143 = B_SPLINE_SURFACE_WITH_KNOTS('',1,1,(
    (#1144,#1145)
    ,(#1146,#1147
    )),.UNSPECIFIED.,.F.,.F.,.F.,(2,2),(2,2),(0.,21.28),(0.,1.),
  .PIECEWISE_BEZIER_KNOTS.);
#1144 = CARTESIAN_POINT('',(-10.64,1.36,0.));
#1145 = CARTESIAN_POINT('',(-10.44,1.56,0.3));
#1146 = CARTESIAN_POINT('',(10.64,1.36,0.));
#1147 = CARTESIAN_POINT('',(10.44,1.56,0.3));
#1148 = ADVANCED_FACE('',(#1149),#1166,.F.);
#1149 = FACE_BOUND('',#1150,.F.);
#1150 = EDGE_LOOP('',(#1151,#1152,#1153,#1161));
#1151 = ORIENTED_EDGE('',*,*,#593,.T.);
#1152 = ORIENTED_EDGE('',*,*,#1129,.T.);
#1153 = ORIENTED_EDGE('',*,*,#1154,.F.);
#1154 = EDGE_CURVE('',#1155,#1130,#1157,.T.);
#1155 = VERTEX_POINT('',#1156);
#1156 = CARTESIAN_POINT('',(-5.56,-1.56,0.3));
#1157 = LINE('',#1158,#1159);
#1158 = CARTESIAN_POINT('',(-5.56,-1.56,0.3));
#1159 = VECTOR('',#1160,1.);
#1160 = DIRECTION('',(0.,1.,0.));
#1161 = ORIENTED_EDGE('',*,*,#1162,.F.);
#1162 = EDGE_CURVE('',#586,#1155,#1163,.T.);
#1163 = B_SPLINE_CURVE_WITH_KNOTS('',1,(#1164,#1165),.UNSPECIFIED.,.F.,
  .F.,(2,2),(0.,1.),.PIECEWISE_BEZIER_KNOTS.);
#1164 = CARTESIAN_POINT('',(-5.36,-1.36,0.));
#1165 = CARTESIAN_POINT('',(-5.56,-1.56,0.3));
#1166 = B_SPLINE_SURFACE_WITH_KNOTS('',1,1,(
    (#1167,#1168)
    ,(#1169,#1170
    )),.UNSPECIFIED.,.F.,.F.,.F.,(2,2),(2,2),(0.,3.12),(0.,1.),
  .PIECEWISE_BEZIER_KNOTS.);
#1167 = CARTESIAN_POINT('',(-5.36,-1.36,0.));
#1168 = CARTESIAN_POINT('',(-5.56,-1.56,0.3));
#1169 = CARTESIAN_POINT('',(-5.36,1.36,0.));
#1170 = CARTESIAN_POINT('',(-5.56,1.56,0.3));
#1171 = ADVANCED_FACE('',(#1172),#1189,.F.);
#1172 = FACE_BOUND('',#1173,.F.);
#1173 = EDGE_LOOP('',(#1174,#1175,#1176,#1184));
#1174 = ORIENTED_EDGE('',*,*,#585,.T.);
#1175 = ORIENTED_EDGE('',*,*,#1162,.T.);
#1176 = ORIENTED_EDGE('',*,*,#1177,.F.);
#1177 = EDGE_CURVE('',#1178,#1155,#1180,.T.);
#1178 = VERTEX_POINT('',#1179);
#1179 = CARTESIAN_POINT('',(-5.56,-6.44,0.3));
#1180 = LINE('',#1181,#1182);
#1181 = CARTESIAN_POINT('',(-5.56,-6.44,0.3));
#1182 = VECTOR('',#1183,1.);
#1183 = DIRECTION('',(0.,1.,0.));
#1184 = ORIENTED_EDGE('',*,*,#1185,.F.);
#1185 = EDGE_CURVE('',#578,#1178,#1186,.T.);
#1186 = B_SPLINE_CURVE_WITH_KNOTS('',1,(#1187,#1188),.UNSPECIFIED.,.F.,
  .F.,(2,2),(0.,1.),.PIECEWISE_BEZIER_KNOTS.);
#1187 = CARTESIAN_POINT('',(-5.36,-6.64,0.));
#1188 = CARTESIAN_POINT('',(-5.56,-6.44,0.3));
#1189 = B_SPLINE_SURFACE_WITH_KNOTS('',1,1,(
    (#1190,#1191)
    ,(#1192,#1193
    )),.UNSPECIFIED.,.F.,.F.,.F.,(2,2),(2,2),(0.,5.28),(0.,1.),
  .PIECEWISE_BEZIER_KNOTS.);
#1190 = CARTESIAN_POINT('',(-5.36,-6.64,0.));
#1191 = CARTESIAN_POINT('',(-5.56,-6.44,0.3));
#1192 = CARTESIAN_POINT('',(-5.36,-1.36,0.));
#1193 = CARTESIAN_POINT('',(-5.56,-1.56,0.3));
#1194 = ADVANCED_FACE('',(#1195),#1212,.F.);
#1195 = FACE_BOUND('',#1196,.F.);
#1196 = EDGE_LOOP('',(#1197,#1198,#1199,#1207));
#1197 = ORIENTED_EDGE('',*,*,#577,.T.);
#1198 = ORIENTED_EDGE('',*,*,#1185,.T.);
#1199 = ORIENTED_EDGE('',*,*,#1200,.F.);
#1200 = EDGE_CURVE('',#1201,#1178,#1203,.T.);
#1201 = VERTEX_POINT('',#1202);
#1202 = CARTESIAN_POINT('',(-5.56,-9.56,0.3));
#1203 = LINE('',#1204,#1205);
#1204 = CARTESIAN_POINT('',(-5.56,-9.56,0.3));
#1205 = VECTOR('',#1206,1.);
#1206 = DIRECTION('',(0.,1.,0.));
#1207 = ORIENTED_EDGE('',*,*,#1208,.F.);
#1208 = EDGE_CURVE('',#570,#1201,#1209,.T.);
#1209 = B_SPLINE_CURVE_WITH_KNOTS('',1,(#1210,#1211),.UNSPECIFIED.,.F.,
  .F.,(2,2),(0.,1.),.PIECEWISE_BEZIER_KNOTS.);
#1210 = CARTESIAN_POINT('',(-5.36,-9.36,0.));
#1211 = CARTESIAN_POINT('',(-5.56,-9.56,0.3));
#1212 = B_SPLINE_SURFACE_WITH_KNOTS('',1,1,(
    (#1213,#1214)
    ,(#1215,#1216
    )),.UNSPECIFIED.,.F.,.F.,.F.,(2,2),(2,2),(0.,3.12),(0.,1.),
  .PIECEWISE_BEZIER_KNOTS.);
#1213 = CARTESIAN_POINT('',(-5.36,-9.36,0.));
#1214 = CARTESIAN_POINT('',(-5.56,-9.56,0.3));
#1215 = CARTESIAN_POINT('',(-5.36,-6.64,0.));
#1216 = CARTESIAN_POINT('',(-5.56,-6.44,0.3));
#1217 = ADVANCED_FACE('',(#1218),#1235,.F.);
#1218 = FACE_BOUND('',#1219,.F.);
#1219 = EDGE_LOOP('',(#1220,#1221,#1222,#1230));
#1220 = ORIENTED_EDGE('',*,*,#569,.T.);
#1221 = ORIENTED_EDGE('',*,*,#1208,.T.);
#1222 = ORIENTED_EDGE('',*,*,#1223,.F.);
#1223 = EDGE_CURVE('',#1224,#1201,#1226,.T.);
#1224 = VERTEX_POINT('',#1225);
#1225 = CARTESIAN_POINT('',(-5.56,-14.44,0.3));
#1226 = LINE('',#1227,#1228);
#1227 = CARTESIAN_POINT('',(-5.56,-14.44,0.3));
#1228 = VECTOR('',#1229,1.);
#1229 = DIRECTION('',(0.,1.,0.));
#1230 = ORIENTED_EDGE('',*,*,#1231,.F.);
#1231 = EDGE_CURVE('',#562,#1224,#1232,.T.);
#1232 = B_SPLINE_CURVE_WITH_KNOTS('',1,(#1233,#1234),.UNSPECIFIED.,.F.,
  .F.,(2,2),(0.,1.),.PIECEWISE_BEZIER_KNOTS.);
#1233 = CARTESIAN_POINT('',(-5.36,-14.64,0.));
#1234 = CARTESIAN_POINT('',(-5.56,-14.44,0.3));
#1235 = B_SPLINE_SURFACE_WITH_KNOTS('',1,1,(
    (#1236,#1237)
    ,(#1238,#1239
    )),.UNSPECIFIED.,.F.,.F.,.F.,(2,2),(2,2),(0.,5.28),(0.,1.),
  .PIECEWISE_BEZIER_KNOTS.);
#1236 = CARTESIAN_POINT('',(-5.36,-14.64,0.));
#1237 = CARTESIAN_POINT('',(-5.56,-14.44,0.3));
#1238 = CARTESIAN_POINT('',(-5.36,-9.36,0.));
#1239 = CARTESIAN_POINT('',(-5.56,-9.56,0.3));
#1240 = ADVANCED_FACE('',(#1241),#1252,.F.);
#1241 = FACE_BOUND('',#1242,.F.);
#1242 = EDGE_LOOP('',(#1243,#1244,#1245,#1251));
#1243 = ORIENTED_EDGE('',*,*,#561,.T.);
#1244 = ORIENTED_EDGE('',*,*,#1231,.T.);
#1245 = ORIENTED_EDGE('',*,*,#1246,.F.);
#1246 = EDGE_CURVE('',#872,#1224,#1247,.T.);
#1247 = LINE('',#1248,#1249);
#1248 = CARTESIAN_POINT('',(-10.44,-14.44,0.3));
#1249 = VECTOR('',#1250,1.);
#1250 = DIRECTION('',(1.,0.,0.));
#1251 = ORIENTED_EDGE('',*,*,#871,.F.);
#1252 = B_SPLINE_SURFACE_WITH_KNOTS('',1,1,(
    (#1253,#1254)
    ,(#1255,#1256
    )),.UNSPECIFIED.,.F.,.F.,.F.,(2,2),(2,2),(0.,5.28),(0.,1.),
  .PIECEWISE_BEZIER_KNOTS.);
#1253 = CARTESIAN_POINT('',(-10.64,-14.64,0.));
#1254 = CARTESIAN_POINT('',(-10.44,-14.44,0.3));
#1255 = CARTESIAN_POINT('',(-5.36,-14.64,0.));
#1256 = CARTESIAN_POINT('',(-5.56,-14.44,0.3));
#1257 = ADVANCED_FACE('',(#1258),#1261,.T.);
#1258 = FACE_BOUND('',#1259,.T.);
#1259 = EDGE_LOOP('',(#1260));
#1260 = ORIENTED_EDGE('',*,*,#695,.T.);
#1261 = PLANE('',#1262);
#1262 = AXIS2_PLACEMENT_3D('',#1263,#1264,#1265);
#1263 = CARTESIAN_POINT('',(-8.,-4.,11.4));
#1264 = DIRECTION('',(0.,0.,1.));
#1265 = DIRECTION('',(1.,0.,0.));
#1266 = ADVANCED_FACE('',(#1267),#1270,.T.);
#1267 = FACE_BOUND('',#1268,.T.);
#1268 = EDGE_LOOP('',(#1269));
#1269 = ORIENTED_EDGE('',*,*,#720,.T.);
#1270 = PLANE('',#1271);
#1271 = AXIS2_PLACEMENT_3D('',#1272,#1273,#1274);
#1272 = CARTESIAN_POINT('',(-8.,4.,11.4));
#1273 = DIRECTION('',(0.,0.,1.));
#1274 = DIRECTION('',(1.,0.,0.));
#1275 = ADVANCED_FACE('',(#1276),#1279,.T.);
#1276 = FACE_BOUND('',#1277,.T.);
#1277 = EDGE_LOOP('',(#1278));
#1278 = ORIENTED_EDGE('',*,*,#745,.T.);
#1279 = PLANE('',#1280);
#1280 = AXIS2_PLACEMENT_3D('',#1281,#1282,#1283);
#1281 = CARTESIAN_POINT('',(-8.,12.,11.4));
#1282 = DIRECTION('',(0.,0.,1.));
#1283 = DIRECTION('',(1.,0.,0.));
#1284 = ADVANCED_FACE('',(#1285),#1288,.T.);
#1285 = FACE_BOUND('',#1286,.T.);
#1286 = EDGE_LOOP('',(#1287));
#1287 = ORIENTED_EDGE('',*,*,#770,.T.);
#1288 = PLANE('',#1289);
#1289 = AXIS2_PLACEMENT_3D('',#1290,#1291,#1292);
#1290 = CARTESIAN_POINT('',(0.,4.,11.4));
#1291 = DIRECTION('',(0.,0.,1.));
#1292 = DIRECTION('',(1.,0.,0.));
#1293 = ADVANCED_FACE('',(#1294),#1297,.T.);
#1294 = FACE_BOUND('',#1295,.T.);
#1295 = EDGE_LOOP('',(#1296));
#1296 = ORIENTED_EDGE('',*,*,#795,.T.);
#1297 = PLANE('',#1298);
#1298 = AXIS2_PLACEMENT_3D('',#1299,#1300,#1301);
#1299 = CARTESIAN_POINT('',(8.,4.,11.4));
#1300 = DIRECTION('',(0.,0.,1.));
#1301 = DIRECTION('',(1.,0.,0.));
#1302 = ADVANCED_FACE('',(#1303),#1306,.T.);
#1303 = FACE_BOUND('',#1304,.T.);
#1304 = EDGE_LOOP('',(#1305));
#1305 = ORIENTED_EDGE('',*,*,#820,.T.);
#1306 = PLANE('',#1307);
#1307 = AXIS2_PLACEMENT_3D('',#1308,#1309,#1310);
#1308 = CARTESIAN_POINT('',(0.,12.,11.4));
#1309 = DIRECTION('',(0.,0.,1.));
#1310 = DIRECTION('',(1.,0.,0.));
#1311 = ADVANCED_FACE('',(#1312),#1315,.T.);
#1312 = FACE_BOUND('',#1313,.T.);
#1313 = EDGE_LOOP('',(#1314));
#1314 = ORIENTED_EDGE('',*,*,#845,.T.);
#1315 = PLANE('',#1316);
#1316 = AXIS2_PLACEMENT_3D('',#1317,#1318,#1319);
#1317 = CARTESIAN_POINT('',(8.,12.,11.4));
#1318 = DIRECTION('',(0.,0.,1.));
#1319 = DIRECTION('',(1.,0.,0.));
#1320 = ADVANCED_FACE('',(#1321),#1448,.F.);
#1321 = FACE_BOUND('',#1322,.F.);
#1322 = EDGE_LOOP('',(#1323,#1324,#1332,#1340,#1348,#1356,#1364,#1372,
    #1380,#1388,#1396,#1404,#1412,#1420,#1428,#1436,#1442,#1443,#1444,
    #1445,#1446,#1447));
#1323 = ORIENTED_EDGE('',*,*,#878,.F.);
#1324 = ORIENTED_EDGE('',*,*,#1325,.T.);
#1325 = EDGE_CURVE('',#872,#1326,#1328,.T.);
#1326 = VERTEX_POINT('',#1327);
#1327 = CARTESIAN_POINT('',(-10.44,-14.44,8.));
#1328 = LINE('',#1329,#1330);
#1329 = CARTESIAN_POINT('',(-10.44,-14.44,0.));
#1330 = VECTOR('',#1331,1.);
#1331 = DIRECTION('',(0.,0.,1.));
#1332 = ORIENTED_EDGE('',*,*,#1333,.T.);
#1333 = EDGE_CURVE('',#1326,#1334,#1336,.T.);
#1334 = VERTEX_POINT('',#1335);
#1335 = CARTESIAN_POINT('',(-10.44,-8.6,8.));
#1336 = LINE('',#1337,#1338);
#1337 = CARTESIAN_POINT('',(-10.44,-14.44,8.));
#1338 = VECTOR('',#1339,1.);
#1339 = DIRECTION('',(0.,1.,0.));
#1340 = ORIENTED_EDGE('',*,*,#1341,.F.);
#1341 = EDGE_CURVE('',#1342,#1334,#1344,.T.);
#1342 = VERTEX_POINT('',#1343);
#1343 = CARTESIAN_POINT('',(-10.44,-8.6,6.8));
#1344 = LINE('',#1345,#1346);
#1345 = CARTESIAN_POINT('',(-10.44,-8.6,5.4));
#1346 = VECTOR('',#1347,1.);
#1347 = DIRECTION('',(0.,0.,1.));
#1348 = ORIENTED_EDGE('',*,*,#1349,.T.);
#1349 = EDGE_CURVE('',#1342,#1350,#1352,.T.);
#1350 = VERTEX_POINT('',#1351);
#1351 = CARTESIAN_POINT('',(-10.44,-7.4,6.8));
#1352 = LINE('',#1353,#1354);
#1353 = CARTESIAN_POINT('',(-10.44,2.135966817193E-17,6.8));
#1354 = VECTOR('',#1355,1.);
#1355 = DIRECTION('',(0.,1.,0.));
#1356 = ORIENTED_EDGE('',*,*,#1357,.T.);
#1357 = EDGE_CURVE('',#1350,#1358,#1360,.T.);
#1358 = VERTEX_POINT('',#1359);
#1359 = CARTESIAN_POINT('',(-10.44,-7.4,8.));
#1360 = LINE('',#1361,#1362);
#1361 = CARTESIAN_POINT('',(-10.44,-7.4,5.4));
#1362 = VECTOR('',#1363,1.);
#1363 = DIRECTION('',(0.,0.,1.));
#1364 = ORIENTED_EDGE('',*,*,#1365,.T.);
#1365 = EDGE_CURVE('',#1358,#1366,#1368,.T.);
#1366 = VERTEX_POINT('',#1367);
#1367 = CARTESIAN_POINT('',(-10.44,-0.6,8.));
#1368 = LINE('',#1369,#1370);
#1369 = CARTESIAN_POINT('',(-10.44,-14.44,8.));
#1370 = VECTOR('',#1371,1.);
#1371 = DIRECTION('',(0.,1.,0.));
#1372 = ORIENTED_EDGE('',*,*,#1373,.F.);
#1373 = EDGE_CURVE('',#1374,#1366,#1376,.T.);
#1374 = VERTEX_POINT('',#1375);
#1375 = CARTESIAN_POINT('',(-10.44,-0.6,6.8));
#1376 = LINE('',#1377,#1378);
#1377 = CARTESIAN_POINT('',(-10.44,-0.6,5.4));
#1378 = VECTOR('',#1379,1.);
#1379 = DIRECTION('',(0.,0.,1.));
#1380 = ORIENTED_EDGE('',*,*,#1381,.T.);
#1381 = EDGE_CURVE('',#1374,#1382,#1384,.T.);
#1382 = VERTEX_POINT('',#1383);
#1383 = CARTESIAN_POINT('',(-10.44,0.6,6.8));
#1384 = LINE('',#1385,#1386);
#1385 = CARTESIAN_POINT('',(-10.44,2.135966817193E-17,6.8));
#1386 = VECTOR('',#1387,1.);
#1387 = DIRECTION('',(0.,1.,0.));
#1388 = ORIENTED_EDGE('',*,*,#1389,.T.);
#1389 = EDGE_CURVE('',#1382,#1390,#1392,.T.);
#1390 = VERTEX_POINT('',#1391);
#1391 = CARTESIAN_POINT('',(-10.44,0.6,8.));
#1392 = LINE('',#1393,#1394);
#1393 = CARTESIAN_POINT('',(-10.44,0.6,5.4));
#1394 = VECTOR('',#1395,1.);
#1395 = DIRECTION('',(0.,0.,1.));
#1396 = ORIENTED_EDGE('',*,*,#1397,.T.);
#1397 = EDGE_CURVE('',#1390,#1398,#1400,.T.);
#1398 = VERTEX_POINT('',#1399);
#1399 = CARTESIAN_POINT('',(-10.44,7.4,8.));
#1400 = LINE('',#1401,#1402);
#1401 = CARTESIAN_POINT('',(-10.44,-14.44,8.));
#1402 = VECTOR('',#1403,1.);
#1403 = DIRECTION('',(0.,1.,0.));
#1404 = ORIENTED_EDGE('',*,*,#1405,.F.);
#1405 = EDGE_CURVE('',#1406,#1398,#1408,.T.);
#1406 = VERTEX_POINT('',#1407);
#1407 = CARTESIAN_POINT('',(-10.44,7.4,6.8));
#1408 = LINE('',#1409,#1410);
#1409 = CARTESIAN_POINT('',(-10.44,7.4,5.4));
#1410 = VECTOR('',#1411,1.);
#1411 = DIRECTION('',(0.,0.,1.));
#1412 = ORIENTED_EDGE('',*,*,#1413,.T.);
#1413 = EDGE_CURVE('',#1406,#1414,#1416,.T.);
#1414 = VERTEX_POINT('',#1415);
#1415 = CARTESIAN_POINT('',(-10.44,8.6,6.8));
#1416 = LINE('',#1417,#1418);
#1417 = CARTESIAN_POINT('',(-10.44,2.135966817193E-17,6.8));
#1418 = VECTOR('',#1419,1.);
#1419 = DIRECTION('',(0.,1.,0.));
#1420 = ORIENTED_EDGE('',*,*,#1421,.T.);
#1421 = EDGE_CURVE('',#1414,#1422,#1424,.T.);
#1422 = VERTEX_POINT('',#1423);
#1423 = CARTESIAN_POINT('',(-10.44,8.6,8.));
#1424 = LINE('',#1425,#1426);
#1425 = CARTESIAN_POINT('',(-10.44,8.6,5.4));
#1426 = VECTOR('',#1427,1.);
#1427 = DIRECTION('',(0.,0.,1.));
#1428 = ORIENTED_EDGE('',*,*,#1429,.T.);
#1429 = EDGE_CURVE('',#1422,#1430,#1432,.T.);
#1430 = VERTEX_POINT('',#1431);
#1431 = CARTESIAN_POINT('',(-10.44,14.44,8.));
#1432 = LINE('',#1433,#1434);
#1433 = CARTESIAN_POINT('',(-10.44,-14.44,8.));
#1434 = VECTOR('',#1435,1.);
#1435 = DIRECTION('',(0.,1.,0.));
#1436 = ORIENTED_EDGE('',*,*,#1437,.F.);
#1437 = EDGE_CURVE('',#1017,#1430,#1438,.T.);
#1438 = LINE('',#1439,#1440);
#1439 = CARTESIAN_POINT('',(-10.44,14.44,0.));
#1440 = VECTOR('',#1441,1.);
#1441 = DIRECTION('',(0.,0.,1.));
#1442 = ORIENTED_EDGE('',*,*,#1016,.F.);
#1443 = ORIENTED_EDGE('',*,*,#993,.F.);
#1444 = ORIENTED_EDGE('',*,*,#970,.F.);
#1445 = ORIENTED_EDGE('',*,*,#947,.F.);
#1446 = ORIENTED_EDGE('',*,*,#924,.F.);
#1447 = ORIENTED_EDGE('',*,*,#901,.F.);
#1448 = PLANE('',#1449);
#1449 = AXIS2_PLACEMENT_3D('',#1450,#1451,#1452);
#1450 = CARTESIAN_POINT('',(-10.44,9.633171580262E-17,4.));
#1451 = DIRECTION('',(-1.,-0.,-0.));
#1452 = DIRECTION('',(0.,0.,-1.));
#1453 = ADVANCED_FACE('',(#1454),#1536,.F.);
#1454 = FACE_BOUND('',#1455,.F.);
#1455 = EDGE_LOOP('',(#1456,#1457,#1458,#1466,#1474,#1482,#1490,#1498,
    #1506,#1514,#1522,#1530));
#1456 = ORIENTED_EDGE('',*,*,#1039,.F.);
#1457 = ORIENTED_EDGE('',*,*,#1437,.T.);
#1458 = ORIENTED_EDGE('',*,*,#1459,.T.);
#1459 = EDGE_CURVE('',#1430,#1460,#1462,.T.);
#1460 = VERTEX_POINT('',#1461);
#1461 = CARTESIAN_POINT('',(-4.6,14.44,8.));
#1462 = LINE('',#1463,#1464);
#1463 = CARTESIAN_POINT('',(-10.44,14.44,8.));
#1464 = VECTOR('',#1465,1.);
#1465 = DIRECTION('',(1.,0.,0.));
#1466 = ORIENTED_EDGE('',*,*,#1467,.F.);
#1467 = EDGE_CURVE('',#1468,#1460,#1470,.T.);
#1468 = VERTEX_POINT('',#1469);
#1469 = CARTESIAN_POINT('',(-4.6,14.44,6.8));
#1470 = LINE('',#1471,#1472);
#1471 = CARTESIAN_POINT('',(-4.6,14.44,3.4));
#1472 = VECTOR('',#1473,1.);
#1473 = DIRECTION('',(0.,0.,1.));
#1474 = ORIENTED_EDGE('',*,*,#1475,.T.);
#1475 = EDGE_CURVE('',#1468,#1476,#1478,.T.);
#1476 = VERTEX_POINT('',#1477);
#1477 = CARTESIAN_POINT('',(-3.4,14.44,6.8));
#1478 = LINE('',#1479,#1480);
#1479 = CARTESIAN_POINT('',(-5.22,14.44,6.8));
#1480 = VECTOR('',#1481,1.);
#1481 = DIRECTION('',(1.,0.,0.));
#1482 = ORIENTED_EDGE('',*,*,#1483,.T.);
#1483 = EDGE_CURVE('',#1476,#1484,#1486,.T.);
#1484 = VERTEX_POINT('',#1485);
#1485 = CARTESIAN_POINT('',(-3.4,14.44,8.));
#1486 = LINE('',#1487,#1488);
#1487 = CARTESIAN_POINT('',(-3.4,14.44,3.4));
#1488 = VECTOR('',#1489,1.);
#1489 = DIRECTION('',(0.,0.,1.));
#1490 = ORIENTED_EDGE('',*,*,#1491,.T.);
#1491 = EDGE_CURVE('',#1484,#1492,#1494,.T.);
#1492 = VERTEX_POINT('',#1493);
#1493 = CARTESIAN_POINT('',(3.4,14.44,8.));
#1494 = LINE('',#1495,#1496);
#1495 = CARTESIAN_POINT('',(-10.44,14.44,8.));
#1496 = VECTOR('',#1497,1.);
#1497 = DIRECTION('',(1.,0.,0.));
#1498 = ORIENTED_EDGE('',*,*,#1499,.F.);
#1499 = EDGE_CURVE('',#1500,#1492,#1502,.T.);
#1500 = VERTEX_POINT('',#1501);
#1501 = CARTESIAN_POINT('',(3.4,14.44,6.8));
#1502 = LINE('',#1503,#1504);
#1503 = CARTESIAN_POINT('',(3.4,14.44,3.4));
#1504 = VECTOR('',#1505,1.);
#1505 = DIRECTION('',(0.,0.,1.));
#1506 = ORIENTED_EDGE('',*,*,#1507,.T.);
#1507 = EDGE_CURVE('',#1500,#1508,#1510,.T.);
#1508 = VERTEX_POINT('',#1509);
#1509 = CARTESIAN_POINT('',(4.6,14.44,6.8));
#1510 = LINE('',#1511,#1512);
#1511 = CARTESIAN_POINT('',(-5.22,14.44,6.8));
#1512 = VECTOR('',#1513,1.);
#1513 = DIRECTION('',(1.,0.,0.));
#1514 = ORIENTED_EDGE('',*,*,#1515,.T.);
#1515 = EDGE_CURVE('',#1508,#1516,#1518,.T.);
#1516 = VERTEX_POINT('',#1517);
#1517 = CARTESIAN_POINT('',(4.6,14.44,8.));
#1518 = LINE('',#1519,#1520);
#1519 = CARTESIAN_POINT('',(4.6,14.44,3.4));
#1520 = VECTOR('',#1521,1.);
#1521 = DIRECTION('',(0.,0.,1.));
#1522 = ORIENTED_EDGE('',*,*,#1523,.T.);
#1523 = EDGE_CURVE('',#1516,#1524,#1526,.T.);
#1524 = VERTEX_POINT('',#1525);
#1525 = CARTESIAN_POINT('',(10.44,14.44,8.));
#1526 = LINE('',#1527,#1528);
#1527 = CARTESIAN_POINT('',(-10.44,14.44,8.));
#1528 = VECTOR('',#1529,1.);
#1529 = DIRECTION('',(1.,0.,0.));
#1530 = ORIENTED_EDGE('',*,*,#1531,.F.);
#1531 = EDGE_CURVE('',#1040,#1524,#1532,.T.);
#1532 = LINE('',#1533,#1534);
#1533 = CARTESIAN_POINT('',(10.44,14.44,0.));
#1534 = VECTOR('',#1535,1.);
#1535 = DIRECTION('',(0.,0.,1.));
#1536 = PLANE('',#1537);
#1537 = AXIS2_PLACEMENT_3D('',#1538,#1539,#1540);
#1538 = CARTESIAN_POINT('',(-10.44,14.44,0.));
#1539 = DIRECTION('',(0.,1.,0.));
#1540 = DIRECTION('',(0.,0.,1.));
#1541 = ADVANCED_FACE('',(#1542),#1594,.F.);
#1542 = FACE_BOUND('',#1543,.F.);
#1543 = EDGE_LOOP('',(#1544,#1552,#1553,#1554,#1555,#1556,#1564,#1572,
    #1580,#1588));
#1544 = ORIENTED_EDGE('',*,*,#1545,.F.);
#1545 = EDGE_CURVE('',#1109,#1546,#1548,.T.);
#1546 = VERTEX_POINT('',#1547);
#1547 = CARTESIAN_POINT('',(10.44,1.56,8.));
#1548 = LINE('',#1549,#1550);
#1549 = CARTESIAN_POINT('',(10.44,1.56,0.));
#1550 = VECTOR('',#1551,1.);
#1551 = DIRECTION('',(0.,0.,1.));
#1552 = ORIENTED_EDGE('',*,*,#1108,.T.);
#1553 = ORIENTED_EDGE('',*,*,#1085,.T.);
#1554 = ORIENTED_EDGE('',*,*,#1062,.T.);
#1555 = ORIENTED_EDGE('',*,*,#1531,.T.);
#1556 = ORIENTED_EDGE('',*,*,#1557,.F.);
#1557 = EDGE_CURVE('',#1558,#1524,#1560,.T.);
#1558 = VERTEX_POINT('',#1559);
#1559 = CARTESIAN_POINT('',(10.44,8.6,8.));
#1560 = LINE('',#1561,#1562);
#1561 = CARTESIAN_POINT('',(10.44,1.56,8.));
#1562 = VECTOR('',#1563,1.);
#1563 = DIRECTION('',(0.,1.,0.));
#1564 = ORIENTED_EDGE('',*,*,#1565,.T.);
#1565 = EDGE_CURVE('',#1558,#1566,#1568,.T.);
#1566 = VERTEX_POINT('',#1567);
#1567 = CARTESIAN_POINT('',(10.44,8.6,6.8));
#1568 = LINE('',#1569,#1570);
#1569 = CARTESIAN_POINT('',(10.44,8.6,5.4));
#1570 = VECTOR('',#1571,1.);
#1571 = DIRECTION('',(0.,0.,-1.));
#1572 = ORIENTED_EDGE('',*,*,#1573,.T.);
#1573 = EDGE_CURVE('',#1566,#1574,#1576,.T.);
#1574 = VERTEX_POINT('',#1575);
#1575 = CARTESIAN_POINT('',(10.44,7.4,6.8));
#1576 = LINE('',#1577,#1578);
#1577 = CARTESIAN_POINT('',(10.44,4.,6.8));
#1578 = VECTOR('',#1579,1.);
#1579 = DIRECTION('',(0.,-1.,0.));
#1580 = ORIENTED_EDGE('',*,*,#1581,.F.);
#1581 = EDGE_CURVE('',#1582,#1574,#1584,.T.);
#1582 = VERTEX_POINT('',#1583);
#1583 = CARTESIAN_POINT('',(10.44,7.4,8.));
#1584 = LINE('',#1585,#1586);
#1585 = CARTESIAN_POINT('',(10.44,7.4,5.4));
#1586 = VECTOR('',#1587,1.);
#1587 = DIRECTION('',(0.,0.,-1.));
#1588 = ORIENTED_EDGE('',*,*,#1589,.F.);
#1589 = EDGE_CURVE('',#1546,#1582,#1590,.T.);
#1590 = LINE('',#1591,#1592);
#1591 = CARTESIAN_POINT('',(10.44,1.56,8.));
#1592 = VECTOR('',#1593,1.);
#1593 = DIRECTION('',(0.,1.,0.));
#1594 = PLANE('',#1595);
#1595 = AXIS2_PLACEMENT_3D('',#1596,#1597,#1598);
#1596 = CARTESIAN_POINT('',(10.44,8.,4.));
#1597 = DIRECTION('',(1.,0.,0.));
#1598 = DIRECTION('',(0.,0.,1.));
#1599 = ADVANCED_FACE('',(#1600),#1682,.T.);
#1600 = FACE_BOUND('',#1601,.T.);
#1601 = EDGE_LOOP('',(#1602,#1603,#1611,#1619,#1627,#1635,#1643,#1651,
    #1659,#1667,#1675,#1681));
#1602 = ORIENTED_EDGE('',*,*,#1138,.F.);
#1603 = ORIENTED_EDGE('',*,*,#1604,.T.);
#1604 = EDGE_CURVE('',#1130,#1605,#1607,.T.);
#1605 = VERTEX_POINT('',#1606);
#1606 = CARTESIAN_POINT('',(-5.56,1.56,8.));
#1607 = LINE('',#1608,#1609);
#1608 = CARTESIAN_POINT('',(-5.56,1.56,0.));
#1609 = VECTOR('',#1610,1.);
#1610 = DIRECTION('',(0.,0.,1.));
#1611 = ORIENTED_EDGE('',*,*,#1612,.T.);
#1612 = EDGE_CURVE('',#1605,#1613,#1615,.T.);
#1613 = VERTEX_POINT('',#1614);
#1614 = CARTESIAN_POINT('',(-4.6,1.56,8.));
#1615 = LINE('',#1616,#1617);
#1616 = CARTESIAN_POINT('',(-10.44,1.56,8.));
#1617 = VECTOR('',#1618,1.);
#1618 = DIRECTION('',(1.,0.,0.));
#1619 = ORIENTED_EDGE('',*,*,#1620,.F.);
#1620 = EDGE_CURVE('',#1621,#1613,#1623,.T.);
#1621 = VERTEX_POINT('',#1622);
#1622 = CARTESIAN_POINT('',(-4.6,1.56,6.8));
#1623 = LINE('',#1624,#1625);
#1624 = CARTESIAN_POINT('',(-4.6,1.56,3.4));
#1625 = VECTOR('',#1626,1.);
#1626 = DIRECTION('',(0.,0.,1.));
#1627 = ORIENTED_EDGE('',*,*,#1628,.T.);
#1628 = EDGE_CURVE('',#1621,#1629,#1631,.T.);
#1629 = VERTEX_POINT('',#1630);
#1630 = CARTESIAN_POINT('',(-3.4,1.56,6.8));
#1631 = LINE('',#1632,#1633);
#1632 = CARTESIAN_POINT('',(-5.22,1.56,6.8));
#1633 = VECTOR('',#1634,1.);
#1634 = DIRECTION('',(1.,0.,0.));
#1635 = ORIENTED_EDGE('',*,*,#1636,.T.);
#1636 = EDGE_CURVE('',#1629,#1637,#1639,.T.);
#1637 = VERTEX_POINT('',#1638);
#1638 = CARTESIAN_POINT('',(-3.4,1.56,8.));
#1639 = LINE('',#1640,#1641);
#1640 = CARTESIAN_POINT('',(-3.4,1.56,3.4));
#1641 = VECTOR('',#1642,1.);
#1642 = DIRECTION('',(0.,0.,1.));
#1643 = ORIENTED_EDGE('',*,*,#1644,.T.);
#1644 = EDGE_CURVE('',#1637,#1645,#1647,.T.);
#1645 = VERTEX_POINT('',#1646);
#1646 = CARTESIAN_POINT('',(3.4,1.56,8.));
#1647 = LINE('',#1648,#1649);
#1648 = CARTESIAN_POINT('',(-10.44,1.56,8.));
#1649 = VECTOR('',#1650,1.);
#1650 = DIRECTION('',(1.,0.,0.));
#1651 = ORIENTED_EDGE('',*,*,#1652,.F.);
#1652 = EDGE_CURVE('',#1653,#1645,#1655,.T.);
#1653 = VERTEX_POINT('',#1654);
#1654 = CARTESIAN_POINT('',(3.4,1.56,6.8));
#1655 = LINE('',#1656,#1657);
#1656 = CARTESIAN_POINT('',(3.4,1.56,3.4));
#1657 = VECTOR('',#1658,1.);
#1658 = DIRECTION('',(0.,0.,1.));
#1659 = ORIENTED_EDGE('',*,*,#1660,.T.);
#1660 = EDGE_CURVE('',#1653,#1661,#1663,.T.);
#1661 = VERTEX_POINT('',#1662);
#1662 = CARTESIAN_POINT('',(4.6,1.56,6.8));
#1663 = LINE('',#1664,#1665);
#1664 = CARTESIAN_POINT('',(-5.22,1.56,6.8));
#1665 = VECTOR('',#1666,1.);
#1666 = DIRECTION('',(1.,0.,0.));
#1667 = ORIENTED_EDGE('',*,*,#1668,.T.);
#1668 = EDGE_CURVE('',#1661,#1669,#1671,.T.);
#1669 = VERTEX_POINT('',#1670);
#1670 = CARTESIAN_POINT('',(4.6,1.56,8.));
#1671 = LINE('',#1672,#1673);
#1672 = CARTESIAN_POINT('',(4.6,1.56,3.4));
#1673 = VECTOR('',#1674,1.);
#1674 = DIRECTION('',(0.,0.,1.));
#1675 = ORIENTED_EDGE('',*,*,#1676,.T.);
#1676 = EDGE_CURVE('',#1669,#1546,#1677,.T.);
#1677 = LINE('',#1678,#1679);
#1678 = CARTESIAN_POINT('',(-10.44,1.56,8.));
#1679 = VECTOR('',#1680,1.);
#1680 = DIRECTION('',(1.,0.,0.));
#1681 = ORIENTED_EDGE('',*,*,#1545,.F.);
#1682 = PLANE('',#1683);
#1683 = AXIS2_PLACEMENT_3D('',#1684,#1685,#1686);
#1684 = CARTESIAN_POINT('',(-10.44,1.56,0.));
#1685 = DIRECTION('',(0.,1.,0.));
#1686 = DIRECTION('',(0.,0.,1.));
#1687 = ADVANCED_FACE('',(#1688),#1773,.F.);
#1688 = FACE_BOUND('',#1689,.F.);
#1689 = EDGE_LOOP('',(#1690,#1698,#1699,#1700,#1701,#1702,#1703,#1711,
    #1719,#1727,#1735,#1743,#1751,#1759,#1767));
#1690 = ORIENTED_EDGE('',*,*,#1691,.F.);
#1691 = EDGE_CURVE('',#1224,#1692,#1694,.T.);
#1692 = VERTEX_POINT('',#1693);
#1693 = CARTESIAN_POINT('',(-5.56,-14.44,8.));
#1694 = LINE('',#1695,#1696);
#1695 = CARTESIAN_POINT('',(-5.56,-14.44,0.));
#1696 = VECTOR('',#1697,1.);
#1697 = DIRECTION('',(0.,0.,1.));
#1698 = ORIENTED_EDGE('',*,*,#1223,.T.);
#1699 = ORIENTED_EDGE('',*,*,#1200,.T.);
#1700 = ORIENTED_EDGE('',*,*,#1177,.T.);
#1701 = ORIENTED_EDGE('',*,*,#1154,.T.);
#1702 = ORIENTED_EDGE('',*,*,#1604,.T.);
#1703 = ORIENTED_EDGE('',*,*,#1704,.F.);
#1704 = EDGE_CURVE('',#1705,#1605,#1707,.T.);
#1705 = VERTEX_POINT('',#1706);
#1706 = CARTESIAN_POINT('',(-5.56,0.6,8.));
#1707 = LINE('',#1708,#1709);
#1708 = CARTESIAN_POINT('',(-5.56,-14.44,8.));
#1709 = VECTOR('',#1710,1.);
#1710 = DIRECTION('',(0.,1.,0.));
#1711 = ORIENTED_EDGE('',*,*,#1712,.T.);
#1712 = EDGE_CURVE('',#1705,#1713,#1715,.T.);
#1713 = VERTEX_POINT('',#1714);
#1714 = CARTESIAN_POINT('',(-5.56,0.6,6.8));
#1715 = LINE('',#1716,#1717);
#1716 = CARTESIAN_POINT('',(-5.56,0.6,5.4));
#1717 = VECTOR('',#1718,1.);
#1718 = DIRECTION('',(0.,0.,-1.));
#1719 = ORIENTED_EDGE('',*,*,#1720,.T.);
#1720 = EDGE_CURVE('',#1713,#1721,#1723,.T.);
#1721 = VERTEX_POINT('',#1722);
#1722 = CARTESIAN_POINT('',(-5.56,-0.6,6.8));
#1723 = LINE('',#1724,#1725);
#1724 = CARTESIAN_POINT('',(-5.56,-3.22,6.8));
#1725 = VECTOR('',#1726,1.);
#1726 = DIRECTION('',(0.,-1.,0.));
#1727 = ORIENTED_EDGE('',*,*,#1728,.F.);
#1728 = EDGE_CURVE('',#1729,#1721,#1731,.T.);
#1729 = VERTEX_POINT('',#1730);
#1730 = CARTESIAN_POINT('',(-5.56,-0.6,8.));
#1731 = LINE('',#1732,#1733);
#1732 = CARTESIAN_POINT('',(-5.56,-0.6,5.4));
#1733 = VECTOR('',#1734,1.);
#1734 = DIRECTION('',(0.,0.,-1.));
#1735 = ORIENTED_EDGE('',*,*,#1736,.F.);
#1736 = EDGE_CURVE('',#1737,#1729,#1739,.T.);
#1737 = VERTEX_POINT('',#1738);
#1738 = CARTESIAN_POINT('',(-5.56,-7.4,8.));
#1739 = LINE('',#1740,#1741);
#1740 = CARTESIAN_POINT('',(-5.56,-14.44,8.));
#1741 = VECTOR('',#1742,1.);
#1742 = DIRECTION('',(0.,1.,0.));
#1743 = ORIENTED_EDGE('',*,*,#1744,.T.);
#1744 = EDGE_CURVE('',#1737,#1745,#1747,.T.);
#1745 = VERTEX_POINT('',#1746);
#1746 = CARTESIAN_POINT('',(-5.56,-7.4,6.8));
#1747 = LINE('',#1748,#1749);
#1748 = CARTESIAN_POINT('',(-5.56,-7.4,5.4));
#1749 = VECTOR('',#1750,1.);
#1750 = DIRECTION('',(0.,0.,-1.));
#1751 = ORIENTED_EDGE('',*,*,#1752,.T.);
#1752 = EDGE_CURVE('',#1745,#1753,#1755,.T.);
#1753 = VERTEX_POINT('',#1754);
#1754 = CARTESIAN_POINT('',(-5.56,-8.6,6.8));
#1755 = LINE('',#1756,#1757);
#1756 = CARTESIAN_POINT('',(-5.56,-3.22,6.8));
#1757 = VECTOR('',#1758,1.);
#1758 = DIRECTION('',(0.,-1.,0.));
#1759 = ORIENTED_EDGE('',*,*,#1760,.F.);
#1760 = EDGE_CURVE('',#1761,#1753,#1763,.T.);
#1761 = VERTEX_POINT('',#1762);
#1762 = CARTESIAN_POINT('',(-5.56,-8.6,8.));
#1763 = LINE('',#1764,#1765);
#1764 = CARTESIAN_POINT('',(-5.56,-8.6,5.4));
#1765 = VECTOR('',#1766,1.);
#1766 = DIRECTION('',(0.,0.,-1.));
#1767 = ORIENTED_EDGE('',*,*,#1768,.F.);
#1768 = EDGE_CURVE('',#1692,#1761,#1769,.T.);
#1769 = LINE('',#1770,#1771);
#1770 = CARTESIAN_POINT('',(-5.56,-14.44,8.));
#1771 = VECTOR('',#1772,1.);
#1772 = DIRECTION('',(0.,1.,0.));
#1773 = PLANE('',#1774);
#1774 = AXIS2_PLACEMENT_3D('',#1775,#1776,#1777);
#1775 = CARTESIAN_POINT('',(-5.56,-6.44,4.));
#1776 = DIRECTION('',(1.,0.,0.));
#1777 = DIRECTION('',(0.,0.,1.));
#1778 = ADVANCED_FACE('',(#1779),#1790,.T.);
#1779 = FACE_BOUND('',#1780,.T.);
#1780 = EDGE_LOOP('',(#1781,#1782,#1783,#1789));
#1781 = ORIENTED_EDGE('',*,*,#1246,.F.);
#1782 = ORIENTED_EDGE('',*,*,#1325,.T.);
#1783 = ORIENTED_EDGE('',*,*,#1784,.T.);
#1784 = EDGE_CURVE('',#1326,#1692,#1785,.T.);
#1785 = LINE('',#1786,#1787);
#1786 = CARTESIAN_POINT('',(-10.44,-14.44,8.));
#1787 = VECTOR('',#1788,1.);
#1788 = DIRECTION('',(1.,0.,0.));
#1789 = ORIENTED_EDGE('',*,*,#1691,.F.);
#1790 = PLANE('',#1791);
#1791 = AXIS2_PLACEMENT_3D('',#1792,#1793,#1794);
#1792 = CARTESIAN_POINT('',(-10.44,-14.44,0.));
#1793 = DIRECTION('',(0.,1.,0.));
#1794 = DIRECTION('',(0.,0.,1.));
#1795 = ADVANCED_FACE('',(#1796),#1823,.F.);
#1796 = FACE_BOUND('',#1797,.F.);
#1797 = EDGE_LOOP('',(#1798,#1799,#1807,#1816,#1822));
#1798 = ORIENTED_EDGE('',*,*,#1429,.F.);
#1799 = ORIENTED_EDGE('',*,*,#1800,.T.);
#1800 = EDGE_CURVE('',#1422,#1801,#1803,.T.);
#1801 = VERTEX_POINT('',#1802);
#1802 = CARTESIAN_POINT('',(-7.160403654991,8.6,8.));
#1803 = LINE('',#1804,#1805);
#1804 = CARTESIAN_POINT('',(-11.9,8.6,8.));
#1805 = VECTOR('',#1806,1.);
#1806 = DIRECTION('',(1.,0.,0.));
#1807 = ORIENTED_EDGE('',*,*,#1808,.F.);
#1808 = EDGE_CURVE('',#1809,#1801,#1811,.T.);
#1809 = VERTEX_POINT('',#1810);
#1810 = CARTESIAN_POINT('',(-4.6,11.16040365499,8.));
#1811 = CIRCLE('',#1812,3.216854249492);
#1812 = AXIS2_PLACEMENT_3D('',#1813,#1814,#1815);
#1813 = CARTESIAN_POINT('',(-4.,8.,8.));
#1814 = DIRECTION('',(0.,0.,1.));
#1815 = DIRECTION('',(1.,0.,0.));
#1816 = ORIENTED_EDGE('',*,*,#1817,.T.);
#1817 = EDGE_CURVE('',#1809,#1460,#1818,.T.);
#1818 = LINE('',#1819,#1820);
#1819 = CARTESIAN_POINT('',(-4.6,-15.9,8.));
#1820 = VECTOR('',#1821,1.);
#1821 = DIRECTION('',(0.,1.,0.));
#1822 = ORIENTED_EDGE('',*,*,#1459,.F.);
#1823 = PLANE('',#1824);
#1824 = AXIS2_PLACEMENT_3D('',#1825,#1826,#1827);
#1825 = CARTESIAN_POINT('',(-2.572347266881,2.572347266881,8.));
#1826 = DIRECTION('',(0.,0.,1.));
#1827 = DIRECTION('',(1.,0.,0.));
#1828 = ADVANCED_FACE('',(#1829),#1847,.T.);
#1829 = FACE_BOUND('',#1830,.T.);
#1830 = EDGE_LOOP('',(#1831,#1839,#1840,#1841));
#1831 = ORIENTED_EDGE('',*,*,#1832,.F.);
#1832 = EDGE_CURVE('',#1414,#1833,#1835,.T.);
#1833 = VERTEX_POINT('',#1834);
#1834 = CARTESIAN_POINT('',(-7.16040365499,8.6,6.8));
#1835 = LINE('',#1836,#1837);
#1836 = CARTESIAN_POINT('',(-11.9,8.6,6.8));
#1837 = VECTOR('',#1838,1.);
#1838 = DIRECTION('',(1.,0.,0.));
#1839 = ORIENTED_EDGE('',*,*,#1421,.T.);
#1840 = ORIENTED_EDGE('',*,*,#1800,.T.);
#1841 = ORIENTED_EDGE('',*,*,#1842,.T.);
#1842 = EDGE_CURVE('',#1801,#1833,#1843,.T.);
#1843 = LINE('',#1844,#1845);
#1844 = CARTESIAN_POINT('',(-7.16040365499,8.6,0.3));
#1845 = VECTOR('',#1846,1.);
#1846 = DIRECTION('',(-0.,-0.,-1.));
#1847 = PLANE('',#1848);
#1848 = AXIS2_PLACEMENT_3D('',#1849,#1850,#1851);
#1849 = CARTESIAN_POINT('',(-11.9,8.6,6.8));
#1850 = DIRECTION('',(0.,1.,0.));
#1851 = DIRECTION('',(0.,0.,1.));
#1852 = ADVANCED_FACE('',(#1853),#1872,.T.);
#1853 = FACE_BOUND('',#1854,.T.);
#1854 = EDGE_LOOP('',(#1855,#1864,#1870,#1871));
#1855 = ORIENTED_EDGE('',*,*,#1856,.F.);
#1856 = EDGE_CURVE('',#1857,#1833,#1859,.T.);
#1857 = VERTEX_POINT('',#1858);
#1858 = CARTESIAN_POINT('',(-7.16040365499,7.4,6.8));
#1859 = CIRCLE('',#1860,3.216854249492);
#1860 = AXIS2_PLACEMENT_3D('',#1861,#1862,#1863);
#1861 = CARTESIAN_POINT('',(-4.,8.,6.8));
#1862 = DIRECTION('',(0.,0.,-1.));
#1863 = DIRECTION('',(1.,0.,0.));
#1864 = ORIENTED_EDGE('',*,*,#1865,.F.);
#1865 = EDGE_CURVE('',#1406,#1857,#1866,.T.);
#1866 = LINE('',#1867,#1868);
#1867 = CARTESIAN_POINT('',(-11.9,7.4,6.8));
#1868 = VECTOR('',#1869,1.);
#1869 = DIRECTION('',(1.,0.,0.));
#1870 = ORIENTED_EDGE('',*,*,#1413,.T.);
#1871 = ORIENTED_EDGE('',*,*,#1832,.T.);
#1872 = PLANE('',#1873);
#1873 = AXIS2_PLACEMENT_3D('',#1874,#1875,#1876);
#1874 = CARTESIAN_POINT('',(-6.41114704361E-16,-5.361237945876E-17,6.8)
  );
#1875 = DIRECTION('',(-0.,-0.,-1.));
#1876 = DIRECTION('',(-1.,0.,0.));
#1877 = ADVANCED_FACE('',(#1878),#1896,.F.);
#1878 = FACE_BOUND('',#1879,.F.);
#1879 = EDGE_LOOP('',(#1880,#1881,#1882,#1890));
#1880 = ORIENTED_EDGE('',*,*,#1865,.F.);
#1881 = ORIENTED_EDGE('',*,*,#1405,.T.);
#1882 = ORIENTED_EDGE('',*,*,#1883,.T.);
#1883 = EDGE_CURVE('',#1398,#1884,#1886,.T.);
#1884 = VERTEX_POINT('',#1885);
#1885 = CARTESIAN_POINT('',(-7.160403654991,7.4,8.));
#1886 = LINE('',#1887,#1888);
#1887 = CARTESIAN_POINT('',(-11.9,7.4,8.));
#1888 = VECTOR('',#1889,1.);
#1889 = DIRECTION('',(1.,0.,0.));
#1890 = ORIENTED_EDGE('',*,*,#1891,.T.);
#1891 = EDGE_CURVE('',#1884,#1857,#1892,.T.);
#1892 = LINE('',#1893,#1894);
#1893 = CARTESIAN_POINT('',(-7.16040365499,7.4,0.3));
#1894 = VECTOR('',#1895,1.);
#1895 = DIRECTION('',(-0.,-0.,-1.));
#1896 = PLANE('',#1897);
#1897 = AXIS2_PLACEMENT_3D('',#1898,#1899,#1900);
#1898 = CARTESIAN_POINT('',(-11.9,7.4,6.8));
#1899 = DIRECTION('',(0.,1.,0.));
#1900 = DIRECTION('',(0.,0.,1.));
#1901 = ADVANCED_FACE('',(#1902),#1929,.F.);
#1902 = FACE_BOUND('',#1903,.F.);
#1903 = EDGE_LOOP('',(#1904,#1905,#1911,#1912,#1913,#1921,#1928));
#1904 = ORIENTED_EDGE('',*,*,#1397,.F.);
#1905 = ORIENTED_EDGE('',*,*,#1906,.T.);
#1906 = EDGE_CURVE('',#1390,#1705,#1907,.T.);
#1907 = LINE('',#1908,#1909);
#1908 = CARTESIAN_POINT('',(-11.9,0.6,8.));
#1909 = VECTOR('',#1910,1.);
#1910 = DIRECTION('',(1.,0.,0.));
#1911 = ORIENTED_EDGE('',*,*,#1704,.T.);
#1912 = ORIENTED_EDGE('',*,*,#1612,.T.);
#1913 = ORIENTED_EDGE('',*,*,#1914,.T.);
#1914 = EDGE_CURVE('',#1613,#1915,#1917,.T.);
#1915 = VERTEX_POINT('',#1916);
#1916 = CARTESIAN_POINT('',(-4.6,4.83959634501,8.));
#1917 = LINE('',#1918,#1919);
#1918 = CARTESIAN_POINT('',(-4.6,-15.9,8.));
#1919 = VECTOR('',#1920,1.);
#1920 = DIRECTION('',(0.,1.,0.));
#1921 = ORIENTED_EDGE('',*,*,#1922,.F.);
#1922 = EDGE_CURVE('',#1884,#1915,#1923,.T.);
#1923 = CIRCLE('',#1924,3.216854249492);
#1924 = AXIS2_PLACEMENT_3D('',#1925,#1926,#1927);
#1925 = CARTESIAN_POINT('',(-4.,8.,8.));
#1926 = DIRECTION('',(0.,0.,1.));
#1927 = DIRECTION('',(1.,0.,0.));
#1928 = ORIENTED_EDGE('',*,*,#1883,.F.);
#1929 = PLANE('',#1930);
#1930 = AXIS2_PLACEMENT_3D('',#1931,#1932,#1933);
#1931 = CARTESIAN_POINT('',(-2.572347266881,2.572347266881,8.));
#1932 = DIRECTION('',(0.,0.,1.));
#1933 = DIRECTION('',(1.,0.,0.));
#1934 = ADVANCED_FACE('',(#1935),#1946,.T.);
#1935 = FACE_BOUND('',#1936,.T.);
#1936 = EDGE_LOOP('',(#1937,#1943,#1944,#1945));
#1937 = ORIENTED_EDGE('',*,*,#1938,.F.);
#1938 = EDGE_CURVE('',#1382,#1713,#1939,.T.);
#1939 = LINE('',#1940,#1941);
#1940 = CARTESIAN_POINT('',(-11.9,0.6,6.8));
#1941 = VECTOR('',#1942,1.);
#1942 = DIRECTION('',(1.,0.,0.));
#1943 = ORIENTED_EDGE('',*,*,#1389,.T.);
#1944 = ORIENTED_EDGE('',*,*,#1906,.T.);
#1945 = ORIENTED_EDGE('',*,*,#1712,.T.);
#1946 = PLANE('',#1947);
#1947 = AXIS2_PLACEMENT_3D('',#1948,#1949,#1950);
#1948 = CARTESIAN_POINT('',(-11.9,0.6,6.8));
#1949 = DIRECTION('',(0.,1.,0.));
#1950 = DIRECTION('',(0.,0.,1.));
#1951 = ADVANCED_FACE('',(#1952),#1963,.T.);
#1952 = FACE_BOUND('',#1953,.T.);
#1953 = EDGE_LOOP('',(#1954,#1955,#1961,#1962));
#1954 = ORIENTED_EDGE('',*,*,#1720,.T.);
#1955 = ORIENTED_EDGE('',*,*,#1956,.F.);
#1956 = EDGE_CURVE('',#1374,#1721,#1957,.T.);
#1957 = LINE('',#1958,#1959);
#1958 = CARTESIAN_POINT('',(-11.9,-0.6,6.8));
#1959 = VECTOR('',#1960,1.);
#1960 = DIRECTION('',(1.,0.,0.));
#1961 = ORIENTED_EDGE('',*,*,#1381,.T.);
#1962 = ORIENTED_EDGE('',*,*,#1938,.T.);
#1963 = PLANE('',#1964);
#1964 = AXIS2_PLACEMENT_3D('',#1965,#1966,#1967);
#1965 = CARTESIAN_POINT('',(-6.41114704361E-16,-5.361237945876E-17,6.8)
  );
#1966 = DIRECTION('',(-0.,-0.,-1.));
#1967 = DIRECTION('',(-1.,0.,0.));
#1968 = ADVANCED_FACE('',(#1969),#1980,.F.);
#1969 = FACE_BOUND('',#1970,.F.);
#1970 = EDGE_LOOP('',(#1971,#1972,#1973,#1979));
#1971 = ORIENTED_EDGE('',*,*,#1956,.F.);
#1972 = ORIENTED_EDGE('',*,*,#1373,.T.);
#1973 = ORIENTED_EDGE('',*,*,#1974,.T.);
#1974 = EDGE_CURVE('',#1366,#1729,#1975,.T.);
#1975 = LINE('',#1976,#1977);
#1976 = CARTESIAN_POINT('',(-11.9,-0.6,8.));
#1977 = VECTOR('',#1978,1.);
#1978 = DIRECTION('',(1.,0.,0.));
#1979 = ORIENTED_EDGE('',*,*,#1728,.T.);
#1980 = PLANE('',#1981);
#1981 = AXIS2_PLACEMENT_3D('',#1982,#1983,#1984);
#1982 = CARTESIAN_POINT('',(-11.9,-0.6,6.8));
#1983 = DIRECTION('',(0.,1.,0.));
#1984 = DIRECTION('',(0.,0.,1.));
#1985 = ADVANCED_FACE('',(#1986),#1997,.F.);
#1986 = FACE_BOUND('',#1987,.F.);
#1987 = EDGE_LOOP('',(#1988,#1989,#1995,#1996));
#1988 = ORIENTED_EDGE('',*,*,#1365,.F.);
#1989 = ORIENTED_EDGE('',*,*,#1990,.T.);
#1990 = EDGE_CURVE('',#1358,#1737,#1991,.T.);
#1991 = LINE('',#1992,#1993);
#1992 = CARTESIAN_POINT('',(-11.9,-7.4,8.));
#1993 = VECTOR('',#1994,1.);
#1994 = DIRECTION('',(1.,0.,0.));
#1995 = ORIENTED_EDGE('',*,*,#1736,.T.);
#1996 = ORIENTED_EDGE('',*,*,#1974,.F.);
#1997 = PLANE('',#1998);
#1998 = AXIS2_PLACEMENT_3D('',#1999,#2000,#2001);
#1999 = CARTESIAN_POINT('',(-2.572347266881,2.572347266881,8.));
#2000 = DIRECTION('',(0.,0.,1.));
#2001 = DIRECTION('',(1.,0.,0.));
#2002 = ADVANCED_FACE('',(#2003),#2014,.T.);
#2003 = FACE_BOUND('',#2004,.T.);
#2004 = EDGE_LOOP('',(#2005,#2011,#2012,#2013));
#2005 = ORIENTED_EDGE('',*,*,#2006,.F.);
#2006 = EDGE_CURVE('',#1350,#1745,#2007,.T.);
#2007 = LINE('',#2008,#2009);
#2008 = CARTESIAN_POINT('',(-11.9,-7.4,6.8));
#2009 = VECTOR('',#2010,1.);
#2010 = DIRECTION('',(1.,0.,0.));
#2011 = ORIENTED_EDGE('',*,*,#1357,.T.);
#2012 = ORIENTED_EDGE('',*,*,#1990,.T.);
#2013 = ORIENTED_EDGE('',*,*,#1744,.T.);
#2014 = PLANE('',#2015);
#2015 = AXIS2_PLACEMENT_3D('',#2016,#2017,#2018);
#2016 = CARTESIAN_POINT('',(-11.9,-7.4,6.8));
#2017 = DIRECTION('',(0.,1.,0.));
#2018 = DIRECTION('',(0.,0.,1.));
#2019 = ADVANCED_FACE('',(#2020),#2031,.T.);
#2020 = FACE_BOUND('',#2021,.T.);
#2021 = EDGE_LOOP('',(#2022,#2023,#2029,#2030));
#2022 = ORIENTED_EDGE('',*,*,#1752,.T.);
#2023 = ORIENTED_EDGE('',*,*,#2024,.F.);
#2024 = EDGE_CURVE('',#1342,#1753,#2025,.T.);
#2025 = LINE('',#2026,#2027);
#2026 = CARTESIAN_POINT('',(-11.9,-8.6,6.8));
#2027 = VECTOR('',#2028,1.);
#2028 = DIRECTION('',(1.,0.,0.));
#2029 = ORIENTED_EDGE('',*,*,#1349,.T.);
#2030 = ORIENTED_EDGE('',*,*,#2006,.T.);
#2031 = PLANE('',#2032);
#2032 = AXIS2_PLACEMENT_3D('',#2033,#2034,#2035);
#2033 = CARTESIAN_POINT('',(-6.41114704361E-16,-5.361237945876E-17,6.8)
  );
#2034 = DIRECTION('',(-0.,-0.,-1.));
#2035 = DIRECTION('',(-1.,0.,0.));
#2036 = ADVANCED_FACE('',(#2037),#2048,.F.);
#2037 = FACE_BOUND('',#2038,.F.);
#2038 = EDGE_LOOP('',(#2039,#2040,#2041,#2047));
#2039 = ORIENTED_EDGE('',*,*,#2024,.F.);
#2040 = ORIENTED_EDGE('',*,*,#1341,.T.);
#2041 = ORIENTED_EDGE('',*,*,#2042,.T.);
#2042 = EDGE_CURVE('',#1334,#1761,#2043,.T.);
#2043 = LINE('',#2044,#2045);
#2044 = CARTESIAN_POINT('',(-11.9,-8.6,8.));
#2045 = VECTOR('',#2046,1.);
#2046 = DIRECTION('',(1.,0.,0.));
#2047 = ORIENTED_EDGE('',*,*,#1760,.T.);
#2048 = PLANE('',#2049);
#2049 = AXIS2_PLACEMENT_3D('',#2050,#2051,#2052);
#2050 = CARTESIAN_POINT('',(-11.9,-8.6,6.8));
#2051 = DIRECTION('',(0.,1.,0.));
#2052 = DIRECTION('',(0.,0.,1.));
#2053 = ADVANCED_FACE('',(#2054),#2060,.F.);
#2054 = FACE_BOUND('',#2055,.F.);
#2055 = EDGE_LOOP('',(#2056,#2057,#2058,#2059));
#2056 = ORIENTED_EDGE('',*,*,#1333,.F.);
#2057 = ORIENTED_EDGE('',*,*,#1784,.T.);
#2058 = ORIENTED_EDGE('',*,*,#1768,.T.);
#2059 = ORIENTED_EDGE('',*,*,#2042,.F.);
#2060 = PLANE('',#2061);
#2061 = AXIS2_PLACEMENT_3D('',#2062,#2063,#2064);
#2062 = CARTESIAN_POINT('',(-2.572347266881,2.572347266881,8.));
#2063 = DIRECTION('',(0.,0.,1.));
#2064 = DIRECTION('',(1.,0.,0.));
#2065 = ADVANCED_FACE('',(#2066),#2093,.F.);
#2066 = FACE_BOUND('',#2067,.F.);
#2067 = EDGE_LOOP('',(#2068,#2069,#2077,#2086,#2092));
#2068 = ORIENTED_EDGE('',*,*,#1523,.F.);
#2069 = ORIENTED_EDGE('',*,*,#2070,.F.);
#2070 = EDGE_CURVE('',#2071,#1516,#2073,.T.);
#2071 = VERTEX_POINT('',#2072);
#2072 = CARTESIAN_POINT('',(4.6,11.16040365499,8.));
#2073 = LINE('',#2074,#2075);
#2074 = CARTESIAN_POINT('',(4.6,-15.9,8.));
#2075 = VECTOR('',#2076,1.);
#2076 = DIRECTION('',(0.,1.,0.));
#2077 = ORIENTED_EDGE('',*,*,#2078,.F.);
#2078 = EDGE_CURVE('',#2079,#2071,#2081,.T.);
#2079 = VERTEX_POINT('',#2080);
#2080 = CARTESIAN_POINT('',(7.16040365499,8.6,8.));
#2081 = CIRCLE('',#2082,3.216854249492);
#2082 = AXIS2_PLACEMENT_3D('',#2083,#2084,#2085);
#2083 = CARTESIAN_POINT('',(4.,8.,8.));
#2084 = DIRECTION('',(0.,0.,1.));
#2085 = DIRECTION('',(1.,0.,0.));
#2086 = ORIENTED_EDGE('',*,*,#2087,.T.);
#2087 = EDGE_CURVE('',#2079,#1558,#2088,.T.);
#2088 = LINE('',#2089,#2090);
#2089 = CARTESIAN_POINT('',(-11.9,8.6,8.));
#2090 = VECTOR('',#2091,1.);
#2091 = DIRECTION('',(1.,0.,0.));
#2092 = ORIENTED_EDGE('',*,*,#1557,.T.);
#2093 = PLANE('',#2094);
#2094 = AXIS2_PLACEMENT_3D('',#2095,#2096,#2097);
#2095 = CARTESIAN_POINT('',(-2.572347266881,2.572347266881,8.));
#2096 = DIRECTION('',(0.,0.,1.));
#2097 = DIRECTION('',(1.,0.,0.));
#2098 = ADVANCED_FACE('',(#2099),#2117,.T.);
#2099 = FACE_BOUND('',#2100,.T.);
#2100 = EDGE_LOOP('',(#2101,#2102,#2110,#2116));
#2101 = ORIENTED_EDGE('',*,*,#2070,.F.);
#2102 = ORIENTED_EDGE('',*,*,#2103,.T.);
#2103 = EDGE_CURVE('',#2071,#2104,#2106,.T.);
#2104 = VERTEX_POINT('',#2105);
#2105 = CARTESIAN_POINT('',(4.6,11.16040365499,6.8));
#2106 = LINE('',#2107,#2108);
#2107 = CARTESIAN_POINT('',(4.6,11.16040365499,0.3));
#2108 = VECTOR('',#2109,1.);
#2109 = DIRECTION('',(-0.,-0.,-1.));
#2110 = ORIENTED_EDGE('',*,*,#2111,.T.);
#2111 = EDGE_CURVE('',#2104,#1508,#2112,.T.);
#2112 = LINE('',#2113,#2114);
#2113 = CARTESIAN_POINT('',(4.6,-15.9,6.8));
#2114 = VECTOR('',#2115,1.);
#2115 = DIRECTION('',(0.,1.,0.));
#2116 = ORIENTED_EDGE('',*,*,#1515,.T.);
#2117 = PLANE('',#2118);
#2118 = AXIS2_PLACEMENT_3D('',#2119,#2120,#2121);
#2119 = CARTESIAN_POINT('',(4.6,-15.9,6.8));
#2120 = DIRECTION('',(1.,0.,0.));
#2121 = DIRECTION('',(0.,0.,1.));
#2122 = ADVANCED_FACE('',(#2123),#2142,.T.);
#2123 = FACE_BOUND('',#2124,.T.);
#2124 = EDGE_LOOP('',(#2125,#2134,#2140,#2141));
#2125 = ORIENTED_EDGE('',*,*,#2126,.F.);
#2126 = EDGE_CURVE('',#2127,#2104,#2129,.T.);
#2127 = VERTEX_POINT('',#2128);
#2128 = CARTESIAN_POINT('',(3.4,11.16040365499,6.8));
#2129 = CIRCLE('',#2130,3.216854249492);
#2130 = AXIS2_PLACEMENT_3D('',#2131,#2132,#2133);
#2131 = CARTESIAN_POINT('',(4.,8.,6.8));
#2132 = DIRECTION('',(0.,0.,-1.));
#2133 = DIRECTION('',(1.,0.,0.));
#2134 = ORIENTED_EDGE('',*,*,#2135,.T.);
#2135 = EDGE_CURVE('',#2127,#1500,#2136,.T.);
#2136 = LINE('',#2137,#2138);
#2137 = CARTESIAN_POINT('',(3.4,-15.9,6.8));
#2138 = VECTOR('',#2139,1.);
#2139 = DIRECTION('',(0.,1.,0.));
#2140 = ORIENTED_EDGE('',*,*,#1507,.T.);
#2141 = ORIENTED_EDGE('',*,*,#2111,.F.);
#2142 = PLANE('',#2143);
#2143 = AXIS2_PLACEMENT_3D('',#2144,#2145,#2146);
#2144 = CARTESIAN_POINT('',(-6.41114704361E-16,-5.361237945876E-17,6.8)
  );
#2145 = DIRECTION('',(-0.,-0.,-1.));
#2146 = DIRECTION('',(-1.,0.,0.));
#2147 = ADVANCED_FACE('',(#2148),#2166,.F.);
#2148 = FACE_BOUND('',#2149,.F.);
#2149 = EDGE_LOOP('',(#2150,#2158,#2164,#2165));
#2150 = ORIENTED_EDGE('',*,*,#2151,.F.);
#2151 = EDGE_CURVE('',#2152,#1492,#2154,.T.);
#2152 = VERTEX_POINT('',#2153);
#2153 = CARTESIAN_POINT('',(3.4,11.16040365499,8.));
#2154 = LINE('',#2155,#2156);
#2155 = CARTESIAN_POINT('',(3.4,-15.9,8.));
#2156 = VECTOR('',#2157,1.);
#2157 = DIRECTION('',(0.,1.,0.));
#2158 = ORIENTED_EDGE('',*,*,#2159,.T.);
#2159 = EDGE_CURVE('',#2152,#2127,#2160,.T.);
#2160 = LINE('',#2161,#2162);
#2161 = CARTESIAN_POINT('',(3.4,11.16040365499,0.3));
#2162 = VECTOR('',#2163,1.);
#2163 = DIRECTION('',(-0.,-0.,-1.));
#2164 = ORIENTED_EDGE('',*,*,#2135,.T.);
#2165 = ORIENTED_EDGE('',*,*,#1499,.T.);
#2166 = PLANE('',#2167);
#2167 = AXIS2_PLACEMENT_3D('',#2168,#2169,#2170);
#2168 = CARTESIAN_POINT('',(3.4,-15.9,6.8));
#2169 = DIRECTION('',(1.,0.,0.));
#2170 = DIRECTION('',(0.,0.,1.));
#2171 = ADVANCED_FACE('',(#2172),#2208,.F.);
#2172 = FACE_BOUND('',#2173,.F.);
#2173 = EDGE_LOOP('',(#2174,#2175,#2183,#2192,#2200,#2207));
#2174 = ORIENTED_EDGE('',*,*,#1491,.F.);
#2175 = ORIENTED_EDGE('',*,*,#2176,.F.);
#2176 = EDGE_CURVE('',#2177,#1484,#2179,.T.);
#2177 = VERTEX_POINT('',#2178);
#2178 = CARTESIAN_POINT('',(-3.4,11.16040365499,8.));
#2179 = LINE('',#2180,#2181);
#2180 = CARTESIAN_POINT('',(-3.4,-15.9,8.));
#2181 = VECTOR('',#2182,1.);
#2182 = DIRECTION('',(0.,1.,0.));
#2183 = ORIENTED_EDGE('',*,*,#2184,.F.);
#2184 = EDGE_CURVE('',#2185,#2177,#2187,.T.);
#2185 = VERTEX_POINT('',#2186);
#2186 = CARTESIAN_POINT('',(-0.83959634501,8.6,8.));
#2187 = CIRCLE('',#2188,3.216854249492);
#2188 = AXIS2_PLACEMENT_3D('',#2189,#2190,#2191);
#2189 = CARTESIAN_POINT('',(-4.,8.,8.));
#2190 = DIRECTION('',(0.,0.,1.));
#2191 = DIRECTION('',(1.,0.,0.));
#2192 = ORIENTED_EDGE('',*,*,#2193,.T.);
#2193 = EDGE_CURVE('',#2185,#2194,#2196,.T.);
#2194 = VERTEX_POINT('',#2195);
#2195 = CARTESIAN_POINT('',(0.839596345009,8.6,8.));
#2196 = LINE('',#2197,#2198);
#2197 = CARTESIAN_POINT('',(-11.9,8.6,8.));
#2198 = VECTOR('',#2199,1.);
#2199 = DIRECTION('',(1.,0.,0.));
#2200 = ORIENTED_EDGE('',*,*,#2201,.F.);
#2201 = EDGE_CURVE('',#2152,#2194,#2202,.T.);
#2202 = CIRCLE('',#2203,3.216854249492);
#2203 = AXIS2_PLACEMENT_3D('',#2204,#2205,#2206);
#2204 = CARTESIAN_POINT('',(4.,8.,8.));
#2205 = DIRECTION('',(0.,0.,1.));
#2206 = DIRECTION('',(1.,0.,0.));
#2207 = ORIENTED_EDGE('',*,*,#2151,.T.);
#2208 = PLANE('',#2209);
#2209 = AXIS2_PLACEMENT_3D('',#2210,#2211,#2212);
#2210 = CARTESIAN_POINT('',(-2.572347266881,2.572347266881,8.));
#2211 = DIRECTION('',(0.,0.,1.));
#2212 = DIRECTION('',(1.,0.,0.));
#2213 = ADVANCED_FACE('',(#2214),#2232,.T.);
#2214 = FACE_BOUND('',#2215,.T.);
#2215 = EDGE_LOOP('',(#2216,#2217,#2225,#2231));
#2216 = ORIENTED_EDGE('',*,*,#2176,.F.);
#2217 = ORIENTED_EDGE('',*,*,#2218,.T.);
#2218 = EDGE_CURVE('',#2177,#2219,#2221,.T.);
#2219 = VERTEX_POINT('',#2220);
#2220 = CARTESIAN_POINT('',(-3.4,11.16040365499,6.8));
#2221 = LINE('',#2222,#2223);
#2222 = CARTESIAN_POINT('',(-3.4,11.16040365499,0.3));
#2223 = VECTOR('',#2224,1.);
#2224 = DIRECTION('',(-0.,-0.,-1.));
#2225 = ORIENTED_EDGE('',*,*,#2226,.T.);
#2226 = EDGE_CURVE('',#2219,#1476,#2227,.T.);
#2227 = LINE('',#2228,#2229);
#2228 = CARTESIAN_POINT('',(-3.4,-15.9,6.8));
#2229 = VECTOR('',#2230,1.);
#2230 = DIRECTION('',(0.,1.,0.));
#2231 = ORIENTED_EDGE('',*,*,#1483,.T.);
#2232 = PLANE('',#2233);
#2233 = AXIS2_PLACEMENT_3D('',#2234,#2235,#2236);
#2234 = CARTESIAN_POINT('',(-3.4,-15.9,6.8));
#2235 = DIRECTION('',(1.,0.,0.));
#2236 = DIRECTION('',(0.,0.,1.));
#2237 = ADVANCED_FACE('',(#2238),#2257,.T.);
#2238 = FACE_BOUND('',#2239,.T.);
#2239 = EDGE_LOOP('',(#2240,#2249,#2255,#2256));
#2240 = ORIENTED_EDGE('',*,*,#2241,.F.);
#2241 = EDGE_CURVE('',#2242,#2219,#2244,.T.);
#2242 = VERTEX_POINT('',#2243);
#2243 = CARTESIAN_POINT('',(-4.6,11.16040365499,6.8));
#2244 = CIRCLE('',#2245,3.216854249492);
#2245 = AXIS2_PLACEMENT_3D('',#2246,#2247,#2248);
#2246 = CARTESIAN_POINT('',(-4.,8.,6.8));
#2247 = DIRECTION('',(0.,0.,-1.));
#2248 = DIRECTION('',(1.,0.,0.));
#2249 = ORIENTED_EDGE('',*,*,#2250,.T.);
#2250 = EDGE_CURVE('',#2242,#1468,#2251,.T.);
#2251 = LINE('',#2252,#2253);
#2252 = CARTESIAN_POINT('',(-4.6,-15.9,6.8));
#2253 = VECTOR('',#2254,1.);
#2254 = DIRECTION('',(0.,1.,0.));
#2255 = ORIENTED_EDGE('',*,*,#1475,.T.);
#2256 = ORIENTED_EDGE('',*,*,#2226,.F.);
#2257 = PLANE('',#2258);
#2258 = AXIS2_PLACEMENT_3D('',#2259,#2260,#2261);
#2259 = CARTESIAN_POINT('',(-6.41114704361E-16,-5.361237945876E-17,6.8)
  );
#2260 = DIRECTION('',(-0.,-0.,-1.));
#2261 = DIRECTION('',(-1.,0.,0.));
#2262 = ADVANCED_FACE('',(#2263),#2274,.F.);
#2263 = FACE_BOUND('',#2264,.F.);
#2264 = EDGE_LOOP('',(#2265,#2266,#2272,#2273));
#2265 = ORIENTED_EDGE('',*,*,#1817,.F.);
#2266 = ORIENTED_EDGE('',*,*,#2267,.T.);
#2267 = EDGE_CURVE('',#1809,#2242,#2268,.T.);
#2268 = LINE('',#2269,#2270);
#2269 = CARTESIAN_POINT('',(-4.6,11.16040365499,0.3));
#2270 = VECTOR('',#2271,1.);
#2271 = DIRECTION('',(-0.,-0.,-1.));
#2272 = ORIENTED_EDGE('',*,*,#2250,.T.);
#2273 = ORIENTED_EDGE('',*,*,#1467,.T.);
#2274 = PLANE('',#2275);
#2275 = AXIS2_PLACEMENT_3D('',#2276,#2277,#2278);
#2276 = CARTESIAN_POINT('',(-4.6,-15.9,6.8));
#2277 = DIRECTION('',(1.,0.,0.));
#2278 = DIRECTION('',(0.,0.,1.));
#2279 = ADVANCED_FACE('',(#2280),#2307,.F.);
#2280 = FACE_BOUND('',#2281,.F.);
#2281 = EDGE_LOOP('',(#2282,#2290,#2291,#2292,#2300));
#2282 = ORIENTED_EDGE('',*,*,#2283,.F.);
#2283 = EDGE_CURVE('',#1669,#2284,#2286,.T.);
#2284 = VERTEX_POINT('',#2285);
#2285 = CARTESIAN_POINT('',(4.6,4.83959634501,8.));
#2286 = LINE('',#2287,#2288);
#2287 = CARTESIAN_POINT('',(4.6,-15.9,8.));
#2288 = VECTOR('',#2289,1.);
#2289 = DIRECTION('',(0.,1.,0.));
#2290 = ORIENTED_EDGE('',*,*,#1676,.T.);
#2291 = ORIENTED_EDGE('',*,*,#1589,.T.);
#2292 = ORIENTED_EDGE('',*,*,#2293,.F.);
#2293 = EDGE_CURVE('',#2294,#1582,#2296,.T.);
#2294 = VERTEX_POINT('',#2295);
#2295 = CARTESIAN_POINT('',(7.16040365499,7.4,8.));
#2296 = LINE('',#2297,#2298);
#2297 = CARTESIAN_POINT('',(-11.9,7.4,8.));
#2298 = VECTOR('',#2299,1.);
#2299 = DIRECTION('',(1.,0.,0.));
#2300 = ORIENTED_EDGE('',*,*,#2301,.F.);
#2301 = EDGE_CURVE('',#2284,#2294,#2302,.T.);
#2302 = CIRCLE('',#2303,3.216854249492);
#2303 = AXIS2_PLACEMENT_3D('',#2304,#2305,#2306);
#2304 = CARTESIAN_POINT('',(4.,8.,8.));
#2305 = DIRECTION('',(0.,0.,1.));
#2306 = DIRECTION('',(1.,0.,0.));
#2307 = PLANE('',#2308);
#2308 = AXIS2_PLACEMENT_3D('',#2309,#2310,#2311);
#2309 = CARTESIAN_POINT('',(-2.572347266881,2.572347266881,8.));
#2310 = DIRECTION('',(0.,0.,1.));
#2311 = DIRECTION('',(1.,0.,0.));
#2312 = ADVANCED_FACE('',(#2313),#2331,.F.);
#2313 = FACE_BOUND('',#2314,.F.);
#2314 = EDGE_LOOP('',(#2315,#2323,#2329,#2330));
#2315 = ORIENTED_EDGE('',*,*,#2316,.F.);
#2316 = EDGE_CURVE('',#2317,#1574,#2319,.T.);
#2317 = VERTEX_POINT('',#2318);
#2318 = CARTESIAN_POINT('',(7.16040365499,7.4,6.8));
#2319 = LINE('',#2320,#2321);
#2320 = CARTESIAN_POINT('',(-11.9,7.4,6.8));
#2321 = VECTOR('',#2322,1.);
#2322 = DIRECTION('',(1.,0.,0.));
#2323 = ORIENTED_EDGE('',*,*,#2324,.F.);
#2324 = EDGE_CURVE('',#2294,#2317,#2325,.T.);
#2325 = LINE('',#2326,#2327);
#2326 = CARTESIAN_POINT('',(7.16040365499,7.4,0.3));
#2327 = VECTOR('',#2328,1.);
#2328 = DIRECTION('',(-0.,-0.,-1.));
#2329 = ORIENTED_EDGE('',*,*,#2293,.T.);
#2330 = ORIENTED_EDGE('',*,*,#1581,.T.);
#2331 = PLANE('',#2332);
#2332 = AXIS2_PLACEMENT_3D('',#2333,#2334,#2335);
#2333 = CARTESIAN_POINT('',(-11.9,7.4,6.8));
#2334 = DIRECTION('',(0.,1.,0.));
#2335 = DIRECTION('',(0.,0.,1.));
#2336 = ADVANCED_FACE('',(#2337),#2365,.T.);
#2337 = FACE_BOUND('',#2338,.T.);
#2338 = EDGE_LOOP('',(#2339,#2340,#2349,#2358,#2364));
#2339 = ORIENTED_EDGE('',*,*,#2316,.F.);
#2340 = ORIENTED_EDGE('',*,*,#2341,.F.);
#2341 = EDGE_CURVE('',#2342,#2317,#2344,.T.);
#2342 = VERTEX_POINT('',#2343);
#2343 = CARTESIAN_POINT('',(7.216854249492,8.,6.8));
#2344 = CIRCLE('',#2345,3.216854249492);
#2345 = AXIS2_PLACEMENT_3D('',#2346,#2347,#2348);
#2346 = CARTESIAN_POINT('',(4.,8.,6.8));
#2347 = DIRECTION('',(0.,0.,-1.));
#2348 = DIRECTION('',(1.,0.,0.));
#2349 = ORIENTED_EDGE('',*,*,#2350,.F.);
#2350 = EDGE_CURVE('',#2351,#2342,#2353,.T.);
#2351 = VERTEX_POINT('',#2352);
#2352 = CARTESIAN_POINT('',(7.16040365499,8.6,6.8));
#2353 = CIRCLE('',#2354,3.216854249492);
#2354 = AXIS2_PLACEMENT_3D('',#2355,#2356,#2357);
#2355 = CARTESIAN_POINT('',(4.,8.,6.8));
#2356 = DIRECTION('',(0.,0.,-1.));
#2357 = DIRECTION('',(1.,0.,0.));
#2358 = ORIENTED_EDGE('',*,*,#2359,.T.);
#2359 = EDGE_CURVE('',#2351,#1566,#2360,.T.);
#2360 = LINE('',#2361,#2362);
#2361 = CARTESIAN_POINT('',(-11.9,8.6,6.8));
#2362 = VECTOR('',#2363,1.);
#2363 = DIRECTION('',(1.,0.,0.));
#2364 = ORIENTED_EDGE('',*,*,#1573,.T.);
#2365 = PLANE('',#2366);
#2366 = AXIS2_PLACEMENT_3D('',#2367,#2368,#2369);
#2367 = CARTESIAN_POINT('',(-6.41114704361E-16,-5.361237945876E-17,6.8)
  );
#2368 = DIRECTION('',(-0.,-0.,-1.));
#2369 = DIRECTION('',(-1.,0.,0.));
#2370 = ADVANCED_FACE('',(#2371),#2382,.T.);
#2371 = FACE_BOUND('',#2372,.T.);
#2372 = EDGE_LOOP('',(#2373,#2374,#2380,#2381));
#2373 = ORIENTED_EDGE('',*,*,#2359,.F.);
#2374 = ORIENTED_EDGE('',*,*,#2375,.F.);
#2375 = EDGE_CURVE('',#2079,#2351,#2376,.T.);
#2376 = LINE('',#2377,#2378);
#2377 = CARTESIAN_POINT('',(7.16040365499,8.6,0.3));
#2378 = VECTOR('',#2379,1.);
#2379 = DIRECTION('',(-0.,-0.,-1.));
#2380 = ORIENTED_EDGE('',*,*,#2087,.T.);
#2381 = ORIENTED_EDGE('',*,*,#1565,.T.);
#2382 = PLANE('',#2383);
#2383 = AXIS2_PLACEMENT_3D('',#2384,#2385,#2386);
#2384 = CARTESIAN_POINT('',(-11.9,8.6,6.8));
#2385 = DIRECTION('',(0.,1.,0.));
#2386 = DIRECTION('',(0.,0.,1.));
#2387 = ADVANCED_FACE('',(#2388),#2406,.T.);
#2388 = FACE_BOUND('',#2389,.T.);
#2389 = EDGE_LOOP('',(#2390,#2391,#2392,#2400));
#2390 = ORIENTED_EDGE('',*,*,#2283,.F.);
#2391 = ORIENTED_EDGE('',*,*,#1668,.F.);
#2392 = ORIENTED_EDGE('',*,*,#2393,.T.);
#2393 = EDGE_CURVE('',#1661,#2394,#2396,.T.);
#2394 = VERTEX_POINT('',#2395);
#2395 = CARTESIAN_POINT('',(4.6,4.83959634501,6.8));
#2396 = LINE('',#2397,#2398);
#2397 = CARTESIAN_POINT('',(4.6,-15.9,6.8));
#2398 = VECTOR('',#2399,1.);
#2399 = DIRECTION('',(0.,1.,0.));
#2400 = ORIENTED_EDGE('',*,*,#2401,.F.);
#2401 = EDGE_CURVE('',#2284,#2394,#2402,.T.);
#2402 = LINE('',#2403,#2404);
#2403 = CARTESIAN_POINT('',(4.6,4.83959634501,0.3));
#2404 = VECTOR('',#2405,1.);
#2405 = DIRECTION('',(-0.,-0.,-1.));
#2406 = PLANE('',#2407);
#2407 = AXIS2_PLACEMENT_3D('',#2408,#2409,#2410);
#2408 = CARTESIAN_POINT('',(4.6,-15.9,6.8));
#2409 = DIRECTION('',(1.,0.,0.));
#2410 = DIRECTION('',(0.,0.,1.));
#2411 = ADVANCED_FACE('',(#2412),#2431,.T.);
#2412 = FACE_BOUND('',#2413,.T.);
#2413 = EDGE_LOOP('',(#2414,#2422,#2429,#2430));
#2414 = ORIENTED_EDGE('',*,*,#2415,.T.);
#2415 = EDGE_CURVE('',#1653,#2416,#2418,.T.);
#2416 = VERTEX_POINT('',#2417);
#2417 = CARTESIAN_POINT('',(3.4,4.83959634501,6.8));
#2418 = LINE('',#2419,#2420);
#2419 = CARTESIAN_POINT('',(3.4,-15.9,6.8));
#2420 = VECTOR('',#2421,1.);
#2421 = DIRECTION('',(0.,1.,0.));
#2422 = ORIENTED_EDGE('',*,*,#2423,.F.);
#2423 = EDGE_CURVE('',#2394,#2416,#2424,.T.);
#2424 = CIRCLE('',#2425,3.216854249492);
#2425 = AXIS2_PLACEMENT_3D('',#2426,#2427,#2428);
#2426 = CARTESIAN_POINT('',(4.,8.,6.8));
#2427 = DIRECTION('',(0.,0.,-1.));
#2428 = DIRECTION('',(1.,0.,0.));
#2429 = ORIENTED_EDGE('',*,*,#2393,.F.);
#2430 = ORIENTED_EDGE('',*,*,#1660,.F.);
#2431 = PLANE('',#2432);
#2432 = AXIS2_PLACEMENT_3D('',#2433,#2434,#2435);
#2433 = CARTESIAN_POINT('',(-6.41114704361E-16,-5.361237945876E-17,6.8)
  );
#2434 = DIRECTION('',(-0.,-0.,-1.));
#2435 = DIRECTION('',(-1.,0.,0.));
#2436 = ADVANCED_FACE('',(#2437),#2455,.F.);
#2437 = FACE_BOUND('',#2438,.F.);
#2438 = EDGE_LOOP('',(#2439,#2447,#2448,#2449));
#2439 = ORIENTED_EDGE('',*,*,#2440,.F.);
#2440 = EDGE_CURVE('',#1645,#2441,#2443,.T.);
#2441 = VERTEX_POINT('',#2442);
#2442 = CARTESIAN_POINT('',(3.4,4.83959634501,8.));
#2443 = LINE('',#2444,#2445);
#2444 = CARTESIAN_POINT('',(3.4,-15.9,8.));
#2445 = VECTOR('',#2446,1.);
#2446 = DIRECTION('',(0.,1.,0.));
#2447 = ORIENTED_EDGE('',*,*,#1652,.F.);
#2448 = ORIENTED_EDGE('',*,*,#2415,.T.);
#2449 = ORIENTED_EDGE('',*,*,#2450,.F.);
#2450 = EDGE_CURVE('',#2441,#2416,#2451,.T.);
#2451 = LINE('',#2452,#2453);
#2452 = CARTESIAN_POINT('',(3.4,4.83959634501,0.3));
#2453 = VECTOR('',#2454,1.);
#2454 = DIRECTION('',(-0.,-0.,-1.));
#2455 = PLANE('',#2456);
#2456 = AXIS2_PLACEMENT_3D('',#2457,#2458,#2459);
#2457 = CARTESIAN_POINT('',(3.4,-15.9,6.8));
#2458 = DIRECTION('',(1.,0.,0.));
#2459 = DIRECTION('',(0.,0.,1.));
#2460 = ADVANCED_FACE('',(#2461),#2497,.F.);
#2461 = FACE_BOUND('',#2462,.F.);
#2462 = EDGE_LOOP('',(#2463,#2474,#2480,#2481,#2482,#2491));
#2463 = ORIENTED_EDGE('',*,*,#2464,.F.);
#2464 = EDGE_CURVE('',#2465,#2467,#2469,.T.);
#2465 = VERTEX_POINT('',#2466);
#2466 = CARTESIAN_POINT('',(-3.4,4.83959634501,8.));
#2467 = VERTEX_POINT('',#2468);
#2468 = CARTESIAN_POINT('',(-0.83959634501,7.4,8.));
#2469 = CIRCLE('',#2470,3.216854249492);
#2470 = AXIS2_PLACEMENT_3D('',#2471,#2472,#2473);
#2471 = CARTESIAN_POINT('',(-4.,8.,8.));
#2472 = DIRECTION('',(0.,0.,1.));
#2473 = DIRECTION('',(1.,0.,0.));
#2474 = ORIENTED_EDGE('',*,*,#2475,.F.);
#2475 = EDGE_CURVE('',#1637,#2465,#2476,.T.);
#2476 = LINE('',#2477,#2478);
#2477 = CARTESIAN_POINT('',(-3.4,-15.9,8.));
#2478 = VECTOR('',#2479,1.);
#2479 = DIRECTION('',(0.,1.,0.));
#2480 = ORIENTED_EDGE('',*,*,#1644,.T.);
#2481 = ORIENTED_EDGE('',*,*,#2440,.T.);
#2482 = ORIENTED_EDGE('',*,*,#2483,.F.);
#2483 = EDGE_CURVE('',#2484,#2441,#2486,.T.);
#2484 = VERTEX_POINT('',#2485);
#2485 = CARTESIAN_POINT('',(0.839596345009,7.4,8.));
#2486 = CIRCLE('',#2487,3.216854249492);
#2487 = AXIS2_PLACEMENT_3D('',#2488,#2489,#2490);
#2488 = CARTESIAN_POINT('',(4.,8.,8.));
#2489 = DIRECTION('',(0.,0.,1.));
#2490 = DIRECTION('',(1.,0.,0.));
#2491 = ORIENTED_EDGE('',*,*,#2492,.F.);
#2492 = EDGE_CURVE('',#2467,#2484,#2493,.T.);
#2493 = LINE('',#2494,#2495);
#2494 = CARTESIAN_POINT('',(-11.9,7.4,8.));
#2495 = VECTOR('',#2496,1.);
#2496 = DIRECTION('',(1.,0.,0.));
#2497 = PLANE('',#2498);
#2498 = AXIS2_PLACEMENT_3D('',#2499,#2500,#2501);
#2499 = CARTESIAN_POINT('',(-2.572347266881,2.572347266881,8.));
#2500 = DIRECTION('',(0.,0.,1.));
#2501 = DIRECTION('',(1.,0.,0.));
#2502 = ADVANCED_FACE('',(#2503),#2521,.T.);
#2503 = FACE_BOUND('',#2504,.T.);
#2504 = EDGE_LOOP('',(#2505,#2506,#2507,#2515));
#2505 = ORIENTED_EDGE('',*,*,#2475,.F.);
#2506 = ORIENTED_EDGE('',*,*,#1636,.F.);
#2507 = ORIENTED_EDGE('',*,*,#2508,.T.);
#2508 = EDGE_CURVE('',#1629,#2509,#2511,.T.);
#2509 = VERTEX_POINT('',#2510);
#2510 = CARTESIAN_POINT('',(-3.4,4.83959634501,6.8));
#2511 = LINE('',#2512,#2513);
#2512 = CARTESIAN_POINT('',(-3.4,-15.9,6.8));
#2513 = VECTOR('',#2514,1.);
#2514 = DIRECTION('',(0.,1.,0.));
#2515 = ORIENTED_EDGE('',*,*,#2516,.F.);
#2516 = EDGE_CURVE('',#2465,#2509,#2517,.T.);
#2517 = LINE('',#2518,#2519);
#2518 = CARTESIAN_POINT('',(-3.4,4.83959634501,0.3));
#2519 = VECTOR('',#2520,1.);
#2520 = DIRECTION('',(-0.,-0.,-1.));
#2521 = PLANE('',#2522);
#2522 = AXIS2_PLACEMENT_3D('',#2523,#2524,#2525);
#2523 = CARTESIAN_POINT('',(-3.4,-15.9,6.8));
#2524 = DIRECTION('',(1.,0.,0.));
#2525 = DIRECTION('',(0.,0.,1.));
#2526 = ADVANCED_FACE('',(#2527),#2546,.T.);
#2527 = FACE_BOUND('',#2528,.T.);
#2528 = EDGE_LOOP('',(#2529,#2530,#2538,#2545));
#2529 = ORIENTED_EDGE('',*,*,#1628,.F.);
#2530 = ORIENTED_EDGE('',*,*,#2531,.T.);
#2531 = EDGE_CURVE('',#1621,#2532,#2534,.T.);
#2532 = VERTEX_POINT('',#2533);
#2533 = CARTESIAN_POINT('',(-4.6,4.83959634501,6.8));
#2534 = LINE('',#2535,#2536);
#2535 = CARTESIAN_POINT('',(-4.6,-15.9,6.8));
#2536 = VECTOR('',#2537,1.);
#2537 = DIRECTION('',(0.,1.,0.));
#2538 = ORIENTED_EDGE('',*,*,#2539,.F.);
#2539 = EDGE_CURVE('',#2509,#2532,#2540,.T.);
#2540 = CIRCLE('',#2541,3.216854249492);
#2541 = AXIS2_PLACEMENT_3D('',#2542,#2543,#2544);
#2542 = CARTESIAN_POINT('',(-4.,8.,6.8));
#2543 = DIRECTION('',(0.,0.,-1.));
#2544 = DIRECTION('',(1.,0.,0.));
#2545 = ORIENTED_EDGE('',*,*,#2508,.F.);
#2546 = PLANE('',#2547);
#2547 = AXIS2_PLACEMENT_3D('',#2548,#2549,#2550);
#2548 = CARTESIAN_POINT('',(-6.41114704361E-16,-5.361237945876E-17,6.8)
  );
#2549 = DIRECTION('',(-0.,-0.,-1.));
#2550 = DIRECTION('',(-1.,0.,0.));
#2551 = ADVANCED_FACE('',(#2552),#2563,.F.);
#2552 = FACE_BOUND('',#2553,.F.);
#2553 = EDGE_LOOP('',(#2554,#2555,#2556,#2557));
#2554 = ORIENTED_EDGE('',*,*,#1914,.F.);
#2555 = ORIENTED_EDGE('',*,*,#1620,.F.);
#2556 = ORIENTED_EDGE('',*,*,#2531,.T.);
#2557 = ORIENTED_EDGE('',*,*,#2558,.F.);
#2558 = EDGE_CURVE('',#1915,#2532,#2559,.T.);
#2559 = LINE('',#2560,#2561);
#2560 = CARTESIAN_POINT('',(-4.6,4.83959634501,0.3));
#2561 = VECTOR('',#2562,1.);
#2562 = DIRECTION('',(-0.,-0.,-1.));
#2563 = PLANE('',#2564);
#2564 = AXIS2_PLACEMENT_3D('',#2565,#2566,#2567);
#2565 = CARTESIAN_POINT('',(-4.6,-15.9,6.8));
#2566 = DIRECTION('',(1.,0.,0.));
#2567 = DIRECTION('',(0.,0.,1.));
#2568 = ADVANCED_FACE('',(#2569),#2632,.T.);
#2569 = FACE_BOUND('',#2570,.F.);
#2570 = EDGE_LOOP('',(#2571,#2580,#2588,#2597,#2603,#2604,#2605,#2606,
    #2607,#2608,#2609,#2610,#2611,#2612,#2613,#2614,#2615,#2616,#2624,
    #2631));
#2571 = ORIENTED_EDGE('',*,*,#2572,.F.);
#2572 = EDGE_CURVE('',#2573,#2573,#2575,.T.);
#2573 = VERTEX_POINT('',#2574);
#2574 = CARTESIAN_POINT('',(-0.783145750508,8.,0.3));
#2575 = CIRCLE('',#2576,3.216854249492);
#2576 = AXIS2_PLACEMENT_3D('',#2577,#2578,#2579);
#2577 = CARTESIAN_POINT('',(-4.,8.,0.3));
#2578 = DIRECTION('',(0.,0.,1.));
#2579 = DIRECTION('',(1.,0.,0.));
#2580 = ORIENTED_EDGE('',*,*,#2581,.T.);
#2581 = EDGE_CURVE('',#2573,#2582,#2584,.T.);
#2582 = VERTEX_POINT('',#2583);
#2583 = CARTESIAN_POINT('',(-0.783145750508,8.,6.8));
#2584 = LINE('',#2585,#2586);
#2585 = CARTESIAN_POINT('',(-0.783145750508,8.,0.3));
#2586 = VECTOR('',#2587,1.);
#2587 = DIRECTION('',(0.,0.,1.));
#2588 = ORIENTED_EDGE('',*,*,#2589,.F.);
#2589 = EDGE_CURVE('',#2590,#2582,#2592,.T.);
#2590 = VERTEX_POINT('',#2591);
#2591 = CARTESIAN_POINT('',(-0.83959634501,8.6,6.8));
#2592 = CIRCLE('',#2593,3.216854249492);
#2593 = AXIS2_PLACEMENT_3D('',#2594,#2595,#2596);
#2594 = CARTESIAN_POINT('',(-4.,8.,6.8));
#2595 = DIRECTION('',(0.,0.,-1.));
#2596 = DIRECTION('',(1.,0.,0.));
#2597 = ORIENTED_EDGE('',*,*,#2598,.F.);
#2598 = EDGE_CURVE('',#2185,#2590,#2599,.T.);
#2599 = LINE('',#2600,#2601);
#2600 = CARTESIAN_POINT('',(-0.83959634501,8.6,0.3));
#2601 = VECTOR('',#2602,1.);
#2602 = DIRECTION('',(-0.,-0.,-1.));
#2603 = ORIENTED_EDGE('',*,*,#2184,.T.);
#2604 = ORIENTED_EDGE('',*,*,#2218,.T.);
#2605 = ORIENTED_EDGE('',*,*,#2241,.F.);
#2606 = ORIENTED_EDGE('',*,*,#2267,.F.);
#2607 = ORIENTED_EDGE('',*,*,#1808,.T.);
#2608 = ORIENTED_EDGE('',*,*,#1842,.T.);
#2609 = ORIENTED_EDGE('',*,*,#1856,.F.);
#2610 = ORIENTED_EDGE('',*,*,#1891,.F.);
#2611 = ORIENTED_EDGE('',*,*,#1922,.T.);
#2612 = ORIENTED_EDGE('',*,*,#2558,.T.);
#2613 = ORIENTED_EDGE('',*,*,#2539,.F.);
#2614 = ORIENTED_EDGE('',*,*,#2516,.F.);
#2615 = ORIENTED_EDGE('',*,*,#2464,.T.);
#2616 = ORIENTED_EDGE('',*,*,#2617,.T.);
#2617 = EDGE_CURVE('',#2467,#2618,#2620,.T.);
#2618 = VERTEX_POINT('',#2619);
#2619 = CARTESIAN_POINT('',(-0.83959634501,7.4,6.8));
#2620 = LINE('',#2621,#2622);
#2621 = CARTESIAN_POINT('',(-0.83959634501,7.4,0.3));
#2622 = VECTOR('',#2623,1.);
#2623 = DIRECTION('',(-0.,-0.,-1.));
#2624 = ORIENTED_EDGE('',*,*,#2625,.F.);
#2625 = EDGE_CURVE('',#2582,#2618,#2626,.T.);
#2626 = CIRCLE('',#2627,3.216854249492);
#2627 = AXIS2_PLACEMENT_3D('',#2628,#2629,#2630);
#2628 = CARTESIAN_POINT('',(-4.,8.,6.8));
#2629 = DIRECTION('',(0.,0.,-1.));
#2630 = DIRECTION('',(1.,0.,0.));
#2631 = ORIENTED_EDGE('',*,*,#2581,.F.);
#2632 = CYLINDRICAL_SURFACE('',#2633,3.216854249492);
#2633 = AXIS2_PLACEMENT_3D('',#2634,#2635,#2636);
#2634 = CARTESIAN_POINT('',(-4.,8.,0.3));
#2635 = DIRECTION('',(-0.,-0.,-1.));
#2636 = DIRECTION('',(1.,0.,0.));
#2637 = ADVANCED_FACE('',(#2638),#2693,.T.);
#2638 = FACE_BOUND('',#2639,.F.);
#2639 = EDGE_LOOP('',(#2640,#2649,#2655,#2656,#2657,#2658,#2659,#2660,
    #2661,#2662,#2670,#2679,#2685,#2686,#2687,#2688,#2689,#2690,#2691,
    #2692));
#2640 = ORIENTED_EDGE('',*,*,#2641,.F.);
#2641 = EDGE_CURVE('',#2642,#2642,#2644,.T.);
#2642 = VERTEX_POINT('',#2643);
#2643 = CARTESIAN_POINT('',(7.216854249492,8.,0.3));
#2644 = CIRCLE('',#2645,3.216854249492);
#2645 = AXIS2_PLACEMENT_3D('',#2646,#2647,#2648);
#2646 = CARTESIAN_POINT('',(4.,8.,0.3));
#2647 = DIRECTION('',(0.,0.,1.));
#2648 = DIRECTION('',(1.,0.,0.));
#2649 = ORIENTED_EDGE('',*,*,#2650,.T.);
#2650 = EDGE_CURVE('',#2642,#2342,#2651,.T.);
#2651 = LINE('',#2652,#2653);
#2652 = CARTESIAN_POINT('',(7.216854249492,8.,0.3));
#2653 = VECTOR('',#2654,1.);
#2654 = DIRECTION('',(0.,0.,1.));
#2655 = ORIENTED_EDGE('',*,*,#2350,.F.);
#2656 = ORIENTED_EDGE('',*,*,#2375,.F.);
#2657 = ORIENTED_EDGE('',*,*,#2078,.T.);
#2658 = ORIENTED_EDGE('',*,*,#2103,.T.);
#2659 = ORIENTED_EDGE('',*,*,#2126,.F.);
#2660 = ORIENTED_EDGE('',*,*,#2159,.F.);
#2661 = ORIENTED_EDGE('',*,*,#2201,.T.);
#2662 = ORIENTED_EDGE('',*,*,#2663,.T.);
#2663 = EDGE_CURVE('',#2194,#2664,#2666,.T.);
#2664 = VERTEX_POINT('',#2665);
#2665 = CARTESIAN_POINT('',(0.83959634501,8.6,6.8));
#2666 = LINE('',#2667,#2668);
#2667 = CARTESIAN_POINT('',(0.83959634501,8.6,0.3));
#2668 = VECTOR('',#2669,1.);
#2669 = DIRECTION('',(-0.,-0.,-1.));
#2670 = ORIENTED_EDGE('',*,*,#2671,.F.);
#2671 = EDGE_CURVE('',#2672,#2664,#2674,.T.);
#2672 = VERTEX_POINT('',#2673);
#2673 = CARTESIAN_POINT('',(0.83959634501,7.4,6.8));
#2674 = CIRCLE('',#2675,3.216854249492);
#2675 = AXIS2_PLACEMENT_3D('',#2676,#2677,#2678);
#2676 = CARTESIAN_POINT('',(4.,8.,6.8));
#2677 = DIRECTION('',(0.,0.,-1.));
#2678 = DIRECTION('',(1.,0.,0.));
#2679 = ORIENTED_EDGE('',*,*,#2680,.F.);
#2680 = EDGE_CURVE('',#2484,#2672,#2681,.T.);
#2681 = LINE('',#2682,#2683);
#2682 = CARTESIAN_POINT('',(0.83959634501,7.4,0.3));
#2683 = VECTOR('',#2684,1.);
#2684 = DIRECTION('',(-0.,-0.,-1.));
#2685 = ORIENTED_EDGE('',*,*,#2483,.T.);
#2686 = ORIENTED_EDGE('',*,*,#2450,.T.);
#2687 = ORIENTED_EDGE('',*,*,#2423,.F.);
#2688 = ORIENTED_EDGE('',*,*,#2401,.F.);
#2689 = ORIENTED_EDGE('',*,*,#2301,.T.);
#2690 = ORIENTED_EDGE('',*,*,#2324,.T.);
#2691 = ORIENTED_EDGE('',*,*,#2341,.F.);
#2692 = ORIENTED_EDGE('',*,*,#2650,.F.);
#2693 = CYLINDRICAL_SURFACE('',#2694,3.216854249492);
#2694 = AXIS2_PLACEMENT_3D('',#2695,#2696,#2697);
#2695 = CARTESIAN_POINT('',(4.,8.,0.3));
#2696 = DIRECTION('',(-0.,-0.,-1.));
#2697 = DIRECTION('',(1.,0.,0.));
#2698 = ADVANCED_FACE('',(#2699),#2710,.T.);
#2699 = FACE_BOUND('',#2700,.T.);
#2700 = EDGE_LOOP('',(#2701,#2707,#2708,#2709));
#2701 = ORIENTED_EDGE('',*,*,#2702,.F.);
#2702 = EDGE_CURVE('',#2590,#2664,#2703,.T.);
#2703 = LINE('',#2704,#2705);
#2704 = CARTESIAN_POINT('',(-11.9,8.6,6.8));
#2705 = VECTOR('',#2706,1.);
#2706 = DIRECTION('',(1.,0.,0.));
#2707 = ORIENTED_EDGE('',*,*,#2598,.F.);
#2708 = ORIENTED_EDGE('',*,*,#2193,.T.);
#2709 = ORIENTED_EDGE('',*,*,#2663,.T.);
#2710 = PLANE('',#2711);
#2711 = AXIS2_PLACEMENT_3D('',#2712,#2713,#2714);
#2712 = CARTESIAN_POINT('',(-11.9,8.6,6.8));
#2713 = DIRECTION('',(0.,1.,0.));
#2714 = DIRECTION('',(0.,0.,1.));
#2715 = ADVANCED_FACE('',(#2716),#2727,.F.);
#2716 = FACE_BOUND('',#2717,.F.);
#2717 = EDGE_LOOP('',(#2718,#2724,#2725,#2726));
#2718 = ORIENTED_EDGE('',*,*,#2719,.F.);
#2719 = EDGE_CURVE('',#2618,#2672,#2720,.T.);
#2720 = LINE('',#2721,#2722);
#2721 = CARTESIAN_POINT('',(-11.9,7.4,6.8));
#2722 = VECTOR('',#2723,1.);
#2723 = DIRECTION('',(1.,0.,0.));
#2724 = ORIENTED_EDGE('',*,*,#2617,.F.);
#2725 = ORIENTED_EDGE('',*,*,#2492,.T.);
#2726 = ORIENTED_EDGE('',*,*,#2680,.T.);
#2727 = PLANE('',#2728);
#2728 = AXIS2_PLACEMENT_3D('',#2729,#2730,#2731);
#2729 = CARTESIAN_POINT('',(-11.9,7.4,6.8));
#2730 = DIRECTION('',(0.,1.,0.));
#2731 = DIRECTION('',(0.,0.,1.));
#2732 = ADVANCED_FACE('',(#2733),#2752,.T.);
#2733 = FACE_BOUND('',#2734,.T.);
#2734 = EDGE_LOOP('',(#2735,#2736,#2744,#2751));
#2735 = ORIENTED_EDGE('',*,*,#2572,.F.);
#2736 = ORIENTED_EDGE('',*,*,#2737,.F.);
#2737 = EDGE_CURVE('',#2738,#2573,#2740,.T.);
#2738 = VERTEX_POINT('',#2739);
#2739 = CARTESIAN_POINT('',(-0.983145750508,8.,0.));
#2740 = LINE('',#2741,#2742);
#2741 = CARTESIAN_POINT('',(-0.983145750508,8.,0.));
#2742 = VECTOR('',#2743,1.);
#2743 = DIRECTION('',(0.554700196225,-1.358623639587E-16,0.832050294338)
  );
#2744 = ORIENTED_EDGE('',*,*,#2745,.T.);
#2745 = EDGE_CURVE('',#2738,#2738,#2746,.T.);
#2746 = CIRCLE('',#2747,3.016854249492);
#2747 = AXIS2_PLACEMENT_3D('',#2748,#2749,#2750);
#2748 = CARTESIAN_POINT('',(-4.,8.,0.));
#2749 = DIRECTION('',(0.,0.,1.));
#2750 = DIRECTION('',(1.,0.,0.));
#2751 = ORIENTED_EDGE('',*,*,#2737,.T.);
#2752 = CONICAL_SURFACE('',#2753,3.016854249492,0.588002603548);
#2753 = AXIS2_PLACEMENT_3D('',#2754,#2755,#2756);
#2754 = CARTESIAN_POINT('',(-4.,8.,0.));
#2755 = DIRECTION('',(0.,0.,1.));
#2756 = DIRECTION('',(1.,0.,0.));
#2757 = ADVANCED_FACE('',(#2758),#2765,.T.);
#2758 = FACE_BOUND('',#2759,.T.);
#2759 = EDGE_LOOP('',(#2760,#2761,#2762,#2763,#2764));
#2760 = ORIENTED_EDGE('',*,*,#2719,.F.);
#2761 = ORIENTED_EDGE('',*,*,#2625,.F.);
#2762 = ORIENTED_EDGE('',*,*,#2589,.F.);
#2763 = ORIENTED_EDGE('',*,*,#2702,.T.);
#2764 = ORIENTED_EDGE('',*,*,#2671,.F.);
#2765 = PLANE('',#2766);
#2766 = AXIS2_PLACEMENT_3D('',#2767,#2768,#2769);
#2767 = CARTESIAN_POINT('',(-6.41114704361E-16,-5.361237945876E-17,6.8)
  );
#2768 = DIRECTION('',(-0.,-0.,-1.));
#2769 = DIRECTION('',(-1.,0.,0.));
#2770 = ADVANCED_FACE('',(#2771),#2790,.T.);
#2771 = FACE_BOUND('',#2772,.T.);
#2772 = EDGE_LOOP('',(#2773,#2774,#2782,#2789));
#2773 = ORIENTED_EDGE('',*,*,#2641,.F.);
#2774 = ORIENTED_EDGE('',*,*,#2775,.F.);
#2775 = EDGE_CURVE('',#2776,#2642,#2778,.T.);
#2776 = VERTEX_POINT('',#2777);
#2777 = CARTESIAN_POINT('',(7.016854249492,8.,0.));
#2778 = LINE('',#2779,#2780);
#2779 = CARTESIAN_POINT('',(7.016854249492,8.,0.));
#2780 = VECTOR('',#2781,1.);
#2781 = DIRECTION('',(0.554700196225,-1.358623639587E-16,0.832050294338)
  );
#2782 = ORIENTED_EDGE('',*,*,#2783,.T.);
#2783 = EDGE_CURVE('',#2776,#2776,#2784,.T.);
#2784 = CIRCLE('',#2785,3.016854249492);
#2785 = AXIS2_PLACEMENT_3D('',#2786,#2787,#2788);
#2786 = CARTESIAN_POINT('',(4.,8.,0.));
#2787 = DIRECTION('',(0.,0.,1.));
#2788 = DIRECTION('',(1.,0.,0.));
#2789 = ORIENTED_EDGE('',*,*,#2775,.T.);
#2790 = CONICAL_SURFACE('',#2791,3.016854249492,0.588002603548);
#2791 = AXIS2_PLACEMENT_3D('',#2792,#2793,#2794);
#2792 = CARTESIAN_POINT('',(4.,8.,0.));
#2793 = DIRECTION('',(0.,0.,1.));
#2794 = DIRECTION('',(1.,0.,0.));
#2795 = ADVANCED_FACE('',(#2796,#2799),#2810,.F.);
#2796 = FACE_BOUND('',#2797,.F.);
#2797 = EDGE_LOOP('',(#2798));
#2798 = ORIENTED_EDGE('',*,*,#2745,.T.);
#2799 = FACE_BOUND('',#2800,.F.);
#2800 = EDGE_LOOP('',(#2801));
#2801 = ORIENTED_EDGE('',*,*,#2802,.F.);
#2802 = EDGE_CURVE('',#2803,#2803,#2805,.T.);
#2803 = VERTEX_POINT('',#2804);
#2804 = CARTESIAN_POINT('',(-2.4,8.,0.));
#2805 = CIRCLE('',#2806,1.6);
#2806 = AXIS2_PLACEMENT_3D('',#2807,#2808,#2809);
#2807 = CARTESIAN_POINT('',(-4.,8.,0.));
#2808 = DIRECTION('',(0.,0.,1.));
#2809 = DIRECTION('',(1.,0.,0.));
#2810 = PLANE('',#2811);
#2811 = AXIS2_PLACEMENT_3D('',#2812,#2813,#2814);
#2812 = CARTESIAN_POINT('',(-4.,8.,0.));
#2813 = DIRECTION('',(0.,0.,1.));
#2814 = DIRECTION('',(1.,0.,0.));
#2815 = ADVANCED_FACE('',(#2816,#2819),#2830,.F.);
#2816 = FACE_BOUND('',#2817,.F.);
#2817 = EDGE_LOOP('',(#2818));
#2818 = ORIENTED_EDGE('',*,*,#2783,.T.);
#2819 = FACE_BOUND('',#2820,.F.);
#2820 = EDGE_LOOP('',(#2821));
#2821 = ORIENTED_EDGE('',*,*,#2822,.F.);
#2822 = EDGE_CURVE('',#2823,#2823,#2825,.T.);
#2823 = VERTEX_POINT('',#2824);
#2824 = CARTESIAN_POINT('',(5.6,8.,0.));
#2825 = CIRCLE('',#2826,1.6);
#2826 = AXIS2_PLACEMENT_3D('',#2827,#2828,#2829);
#2827 = CARTESIAN_POINT('',(4.,8.,0.));
#2828 = DIRECTION('',(0.,0.,1.));
#2829 = DIRECTION('',(1.,0.,0.));
#2830 = PLANE('',#2831);
#2831 = AXIS2_PLACEMENT_3D('',#2832,#2833,#2834);
#2832 = CARTESIAN_POINT('',(4.,8.,0.));
#2833 = DIRECTION('',(0.,0.,1.));
#2834 = DIRECTION('',(1.,0.,0.));
#2835 = ADVANCED_FACE('',(#2836),#2855,.F.);
#2836 = FACE_BOUND('',#2837,.T.);
#2837 = EDGE_LOOP('',(#2838,#2846,#2853,#2854));
#2838 = ORIENTED_EDGE('',*,*,#2839,.T.);
#2839 = EDGE_CURVE('',#2803,#2840,#2842,.T.);
#2840 = VERTEX_POINT('',#2841);
#2841 = CARTESIAN_POINT('',(-2.4,8.,8.));
#2842 = LINE('',#2843,#2844);
#2843 = CARTESIAN_POINT('',(-2.4,8.,0.));
#2844 = VECTOR('',#2845,1.);
#2845 = DIRECTION('',(0.,0.,1.));
#2846 = ORIENTED_EDGE('',*,*,#2847,.T.);
#2847 = EDGE_CURVE('',#2840,#2840,#2848,.T.);
#2848 = CIRCLE('',#2849,1.6);
#2849 = AXIS2_PLACEMENT_3D('',#2850,#2851,#2852);
#2850 = CARTESIAN_POINT('',(-4.,8.,8.));
#2851 = DIRECTION('',(0.,0.,1.));
#2852 = DIRECTION('',(1.,0.,0.));
#2853 = ORIENTED_EDGE('',*,*,#2839,.F.);
#2854 = ORIENTED_EDGE('',*,*,#2802,.F.);
#2855 = CYLINDRICAL_SURFACE('',#2856,1.6);
#2856 = AXIS2_PLACEMENT_3D('',#2857,#2858,#2859);
#2857 = CARTESIAN_POINT('',(-4.,8.,0.));
#2858 = DIRECTION('',(-0.,-0.,-1.));
#2859 = DIRECTION('',(1.,0.,0.));
#2860 = ADVANCED_FACE('',(#2861),#2880,.F.);
#2861 = FACE_BOUND('',#2862,.T.);
#2862 = EDGE_LOOP('',(#2863,#2871,#2878,#2879));
#2863 = ORIENTED_EDGE('',*,*,#2864,.T.);
#2864 = EDGE_CURVE('',#2823,#2865,#2867,.T.);
#2865 = VERTEX_POINT('',#2866);
#2866 = CARTESIAN_POINT('',(5.6,8.,8.));
#2867 = LINE('',#2868,#2869);
#2868 = CARTESIAN_POINT('',(5.6,8.,0.));
#2869 = VECTOR('',#2870,1.);
#2870 = DIRECTION('',(0.,0.,1.));
#2871 = ORIENTED_EDGE('',*,*,#2872,.T.);
#2872 = EDGE_CURVE('',#2865,#2865,#2873,.T.);
#2873 = CIRCLE('',#2874,1.6);
#2874 = AXIS2_PLACEMENT_3D('',#2875,#2876,#2877);
#2875 = CARTESIAN_POINT('',(4.,8.,8.));
#2876 = DIRECTION('',(0.,0.,1.));
#2877 = DIRECTION('',(1.,0.,0.));
#2878 = ORIENTED_EDGE('',*,*,#2864,.F.);
#2879 = ORIENTED_EDGE('',*,*,#2822,.F.);
#2880 = CYLINDRICAL_SURFACE('',#2881,1.6);
#2881 = AXIS2_PLACEMENT_3D('',#2882,#2883,#2884);
#2882 = CARTESIAN_POINT('',(4.,8.,0.));
#2883 = DIRECTION('',(-0.,-0.,-1.));
#2884 = DIRECTION('',(1.,0.,0.));
#2885 = ADVANCED_FACE('',(#2886),#2889,.F.);
#2886 = FACE_BOUND('',#2887,.T.);
#2887 = EDGE_LOOP('',(#2888));
#2888 = ORIENTED_EDGE('',*,*,#2847,.F.);
#2889 = PLANE('',#2890);
#2890 = AXIS2_PLACEMENT_3D('',#2891,#2892,#2893);
#2891 = CARTESIAN_POINT('',(-4.,8.,8.));
#2892 = DIRECTION('',(0.,0.,1.));
#2893 = DIRECTION('',(1.,0.,0.));
#2894 = ADVANCED_FACE('',(#2895),#2898,.F.);
#2895 = FACE_BOUND('',#2896,.T.);
#2896 = EDGE_LOOP('',(#2897));
#2897 = ORIENTED_EDGE('',*,*,#2872,.F.);
#2898 = PLANE('',#2899);
#2899 = AXIS2_PLACEMENT_3D('',#2900,#2901,#2902);
#2900 = CARTESIAN_POINT('',(4.,8.,8.));
#2901 = DIRECTION('',(0.,0.,1.));
#2902 = DIRECTION('',(1.,0.,0.));
#2903 = ( GEOMETRIC_REPRESENTATION_CONTEXT(3) 
GLOBAL_UNCERTAINTY_ASSIGNED_CONTEXT((#2907)) 
GLOBAL_UNIT_ASSIGNED_CONTEXT((#2904,#2905,#2906)) REPRESENTATION_CONTEXT
('Context #1','3D Context with UNIT and UNCERTAINTY') );
#2904 = ( LENGTH_UNIT() NAMED_UNIT(*) SI_UNIT(.MILLI.,.METRE.) );
#2905 = ( NAMED_UNIT(*) PLANE_ANGLE_UNIT() SI_UNIT($,.RADIAN.) );
#2906 = ( NAMED_UNIT(*) SI_UNIT($,.STERADIAN.) SOLID_ANGLE_UNIT() );
#2907 = UNCERTAINTY_MEASURE_WITH_UNIT(LENGTH_MEASURE(5.E-06),#2904,
  'distance_accuracy_value','confusion accuracy');
#2908 = PRODUCT_RELATED_PRODUCT_CATEGORY('part',$,(#7));
ENDSEC;
END-ISO-10303-21;
