ISO-10303-21;
HEADER;
FILE_DESCRIPTION(('FreeCAD Model'),'2;1');
FILE_NAME('Open CASCADE Shape Model','2026-09-20T21:10:41',('FreeCAD'),(
    'FreeCAD'),'Open CASCADE STEP processor 7.8','FreeCAD','Unknown');
FILE_SCHEMA(('AUTOMOTIVE_DESIGN { 1 0 10303 214 1 1 1 1 }'));
ENDSEC;
DATA;
#1 = APPLICATION_PROTOCOL_DEFINITION('international standard',
  'automotive_design',2000,#2);
#2 = APPLICATION_CONTEXT(
  'core data for automotive mechanical design processes');
#3 = SHAPE_DEFINITION_REPRESENTATION(#4,#10);
#4 = PRODUCT_DEFINITION_SHAPE('','',#5);
#5 = PRODUCT_DEFINITION('design','',#6,#9);
#6 = PRODUCT_DEFINITION_FORMATION('','',#7);
#7 = PRODUCT('Open CASCADE STEP translator 7.8 56',
  'Open CASCADE STEP translator 7.8 56','',(#8));
#8 = PRODUCT_CONTEXT('',#2,'mechanical');
#9 = PRODUCT_DEFINITION_CONTEXT('part definition',#2,'design');
#10 = ADVANCED_BREP_SHAPE_REPRESENTATION('',(#11,#15),#3031);
#11 = AXIS2_PLACEMENT_3D('',#12,#13,#14);
#12 = CARTESIAN_POINT('',(0.,0.,0.));
#13 = DIRECTION('',(0.,0.,1.));
#14 = DIRECTION('',(1.,0.,-0.));
#15 = MANIFOLD_SOLID_BREP('',#16);
#16 = CLOSED_SHELL('',(#17,#50,#186,#211,#242,#266,#290,#314,#338,#355,
    #380,#405,#430,#455,#480,#505,#530,#539,#723,#748,#773,#798,#823,
    #848,#873,#898,#927,#950,#973,#996,#1019,#1042,#1065,#1088,#1111,
    #1134,#1157,#1180,#1203,#1226,#1249,#1272,#1295,#1318,#1341,#1364,
    #1381,#1390,#1399,#1408,#1417,#1426,#1435,#1444,#1611,#1635,#1726,
    #1782,#1874,#1923,#1940,#1957,#1974,#1991,#2008,#2025,#2042,#2059,
    #2094,#2118,#2143,#2167,#2209,#2233,#2258,#2282,#2308,#2341,#2365,
    #2390,#2407,#2440,#2464,#2498,#2522,#2564,#2588,#2622,#2639,#2663,
    #2688,#2705,#2766,#2790,#2844,#2861,#2886,#2898,#2923,#2943,#2963,
    #2988,#3013,#3022));
#17 = ADVANCED_FACE('',(#18),#45,.T.);
#18 = FACE_BOUND('',#19,.F.);
#19 = EDGE_LOOP('',(#20,#30,#37,#38));
#20 = ORIENTED_EDGE('',*,*,#21,.T.);
#21 = EDGE_CURVE('',#22,#24,#26,.T.);
#22 = VERTEX_POINT('',#23);
#23 = CARTESIAN_POINT('',(-1.6,-16.,9.6));
#24 = VERTEX_POINT('',#25);
#25 = CARTESIAN_POINT('',(-1.6,-16.,11.15));
#26 = LINE('',#27,#28);
#27 = CARTESIAN_POINT('',(-1.6,-16.,9.6));
#28 = VECTOR('',#29,1.);
#29 = DIRECTION('',(0.,0.,1.));
#30 = ORIENTED_EDGE('',*,*,#31,.T.);
#31 = EDGE_CURVE('',#24,#24,#32,.T.);
#32 = CIRCLE('',#33,2.4);
#33 = AXIS2_PLACEMENT_3D('',#34,#35,#36);
#34 = CARTESIAN_POINT('',(-4.,-16.,11.15));
#35 = DIRECTION('',(0.,0.,1.));
#36 = DIRECTION('',(1.,0.,0.));
#37 = ORIENTED_EDGE('',*,*,#21,.F.);
#38 = ORIENTED_EDGE('',*,*,#39,.F.);
#39 = EDGE_CURVE('',#22,#22,#40,.T.);
#40 = CIRCLE('',#41,2.4);
#41 = AXIS2_PLACEMENT_3D('',#42,#43,#44);
#42 = CARTESIAN_POINT('',(-4.,-16.,9.6));
#43 = DIRECTION('',(0.,0.,1.));
#44 = DIRECTION('',(1.,0.,0.));
#45 = CYLINDRICAL_SURFACE('',#46,2.4);
#46 = AXIS2_PLACEMENT_3D('',#47,#48,#49);
#47 = CARTESIAN_POINT('',(-4.,-16.,9.6));
#48 = DIRECTION('',(-0.,-0.,-1.));
#49 = DIRECTION('',(1.,0.,0.));
#50 = ADVANCED_FACE('',(#51,#101,#104,#115,#126,#137,#148,#159,#170),
  #181,.T.);
#51 = FACE_BOUND('',#52,.T.);
#52 = EDGE_LOOP('',(#53,#63,#71,#79,#87,#95));
#53 = ORIENTED_EDGE('',*,*,#54,.F.);
#54 = EDGE_CURVE('',#55,#57,#59,.T.);
#55 = VERTEX_POINT('',#56);
#56 = CARTESIAN_POINT('',(-7.9,-19.9,9.6));
#57 = VERTEX_POINT('',#58);
#58 = CARTESIAN_POINT('',(-7.9,19.9,9.6));
#59 = LINE('',#60,#61);
#60 = CARTESIAN_POINT('',(-7.9,-19.9,9.6));
#61 = VECTOR('',#62,1.);
#62 = DIRECTION('',(0.,1.,0.));
#63 = ORIENTED_EDGE('',*,*,#64,.T.);
#64 = EDGE_CURVE('',#55,#65,#67,.T.);
#65 = VERTEX_POINT('',#66);
#66 = CARTESIAN_POINT('',(7.9,-19.9,9.6));
#67 = LINE('',#68,#69);
#68 = CARTESIAN_POINT('',(-7.9,-19.9,9.6));
#69 = VECTOR('',#70,1.);
#70 = DIRECTION('',(1.,0.,0.));
#71 = ORIENTED_EDGE('',*,*,#72,.T.);
#72 = EDGE_CURVE('',#65,#73,#75,.T.);
#73 = VERTEX_POINT('',#74);
#74 = CARTESIAN_POINT('',(7.9,3.9,9.6));
#75 = LINE('',#76,#77);
#76 = CARTESIAN_POINT('',(7.9,-19.9,9.6));
#77 = VECTOR('',#78,1.);
#78 = DIRECTION('',(0.,1.,0.));
#79 = ORIENTED_EDGE('',*,*,#80,.F.);
#80 = EDGE_CURVE('',#81,#73,#83,.T.);
#81 = VERTEX_POINT('',#82);
#82 = CARTESIAN_POINT('',(-0.1,3.9,9.6));
#83 = LINE('',#84,#85);
#84 = CARTESIAN_POINT('',(-7.9,3.9,9.6));
#85 = VECTOR('',#86,1.);
#86 = DIRECTION('',(1.,0.,0.));
#87 = ORIENTED_EDGE('',*,*,#88,.T.);
#88 = EDGE_CURVE('',#81,#89,#91,.T.);
#89 = VERTEX_POINT('',#90);
#90 = CARTESIAN_POINT('',(-0.1,19.9,9.6));
#91 = LINE('',#92,#93);
#92 = CARTESIAN_POINT('',(-0.1,3.9,9.6));
#93 = VECTOR('',#94,1.);
#94 = DIRECTION('',(0.,1.,0.));
#95 = ORIENTED_EDGE('',*,*,#96,.F.);
#96 = EDGE_CURVE('',#57,#89,#97,.T.);
#97 = LINE('',#98,#99);
#98 = CARTESIAN_POINT('',(-7.9,19.9,9.6));
#99 = VECTOR('',#100,1.);
#100 = DIRECTION('',(1.,0.,0.));
#101 = FACE_BOUND('',#102,.T.);
#102 = EDGE_LOOP('',(#103));
#103 = ORIENTED_EDGE('',*,*,#39,.F.);
#104 = FACE_BOUND('',#105,.T.);
#105 = EDGE_LOOP('',(#106));
#106 = ORIENTED_EDGE('',*,*,#107,.F.);
#107 = EDGE_CURVE('',#108,#108,#110,.T.);
#108 = VERTEX_POINT('',#109);
#109 = CARTESIAN_POINT('',(-1.6,-8.,9.6));
#110 = CIRCLE('',#111,2.4);
#111 = AXIS2_PLACEMENT_3D('',#112,#113,#114);
#112 = CARTESIAN_POINT('',(-4.,-8.,9.6));
#113 = DIRECTION('',(0.,0.,1.));
#114 = DIRECTION('',(1.,0.,0.));
#115 = FACE_BOUND('',#116,.T.);
#116 = EDGE_LOOP('',(#117));
#117 = ORIENTED_EDGE('',*,*,#118,.F.);
#118 = EDGE_CURVE('',#119,#119,#121,.T.);
#119 = VERTEX_POINT('',#120);
#120 = CARTESIAN_POINT('',(6.4,-16.,9.6));
#121 = CIRCLE('',#122,2.4);
#122 = AXIS2_PLACEMENT_3D('',#123,#124,#125);
#123 = CARTESIAN_POINT('',(4.,-16.,9.6));
#124 = DIRECTION('',(0.,0.,1.));
#125 = DIRECTION('',(1.,0.,0.));
#126 = FACE_BOUND('',#127,.T.);
#127 = EDGE_LOOP('',(#128));
#128 = ORIENTED_EDGE('',*,*,#129,.F.);
#129 = EDGE_CURVE('',#130,#130,#132,.T.);
#130 = VERTEX_POINT('',#131);
#131 = CARTESIAN_POINT('',(6.4,-8.,9.6));
#132 = CIRCLE('',#133,2.4);
#133 = AXIS2_PLACEMENT_3D('',#134,#135,#136);
#134 = CARTESIAN_POINT('',(4.,-8.,9.6));
#135 = DIRECTION('',(0.,0.,1.));
#136 = DIRECTION('',(1.,0.,0.));
#137 = FACE_BOUND('',#138,.T.);
#138 = EDGE_LOOP('',(#139));
#139 = ORIENTED_EDGE('',*,*,#140,.F.);
#140 = EDGE_CURVE('',#141,#141,#143,.T.);
#141 = VERTEX_POINT('',#142);
#142 = CARTESIAN_POINT('',(-1.6,-5.878304635907E-16,9.6));
#143 = CIRCLE('',#144,2.4);
#144 = AXIS2_PLACEMENT_3D('',#145,#146,#147);
#145 = CARTESIAN_POINT('',(-4.,0.,9.6));
#146 = DIRECTION('',(0.,0.,1.));
#147 = DIRECTION('',(1.,0.,0.));
#148 = FACE_BOUND('',#149,.T.);
#149 = EDGE_LOOP('',(#150));
#150 = ORIENTED_EDGE('',*,*,#151,.F.);
#151 = EDGE_CURVE('',#152,#152,#154,.T.);
#152 = VERTEX_POINT('',#153);
#153 = CARTESIAN_POINT('',(-1.6,8.,9.6));
#154 = CIRCLE('',#155,2.4);
#155 = AXIS2_PLACEMENT_3D('',#156,#157,#158);
#156 = CARTESIAN_POINT('',(-4.,8.,9.6));
#157 = DIRECTION('',(0.,0.,1.));
#158 = DIRECTION('',(1.,0.,0.));
#159 = FACE_BOUND('',#160,.T.);
#160 = EDGE_LOOP('',(#161));
#161 = ORIENTED_EDGE('',*,*,#162,.F.);
#162 = EDGE_CURVE('',#163,#163,#165,.T.);
#163 = VERTEX_POINT('',#164);
#164 = CARTESIAN_POINT('',(-1.6,16.,9.6));
#165 = CIRCLE('',#166,2.4);
#166 = AXIS2_PLACEMENT_3D('',#167,#168,#169);
#167 = CARTESIAN_POINT('',(-4.,16.,9.6));
#168 = DIRECTION('',(0.,0.,1.));
#169 = DIRECTION('',(1.,0.,0.));
#170 = FACE_BOUND('',#171,.T.);
#171 = EDGE_LOOP('',(#172));
#172 = ORIENTED_EDGE('',*,*,#173,.F.);
#173 = EDGE_CURVE('',#174,#174,#176,.T.);
#174 = VERTEX_POINT('',#175);
#175 = CARTESIAN_POINT('',(6.4,-5.878304635907E-16,9.6));
#176 = CIRCLE('',#177,2.4);
#177 = AXIS2_PLACEMENT_3D('',#178,#179,#180);
#178 = CARTESIAN_POINT('',(4.,0.,9.6));
#179 = DIRECTION('',(0.,0.,1.));
#180 = DIRECTION('',(1.,0.,0.));
#181 = PLANE('',#182);
#182 = AXIS2_PLACEMENT_3D('',#183,#184,#185);
#183 = CARTESIAN_POINT('',(-1.151079136691,-1.151079136691,9.6));
#184 = DIRECTION('',(0.,0.,1.));
#185 = DIRECTION('',(1.,0.,0.));
#186 = ADVANCED_FACE('',(#187),#206,.T.);
#187 = FACE_BOUND('',#188,.T.);
#188 = EDGE_LOOP('',(#189,#198,#204,#205));
#189 = ORIENTED_EDGE('',*,*,#190,.F.);
#190 = EDGE_CURVE('',#191,#191,#193,.T.);
#191 = VERTEX_POINT('',#192);
#192 = CARTESIAN_POINT('',(-1.85,-16.,11.4));
#193 = CIRCLE('',#194,2.15);
#194 = AXIS2_PLACEMENT_3D('',#195,#196,#197);
#195 = CARTESIAN_POINT('',(-4.,-16.,11.4));
#196 = DIRECTION('',(0.,0.,1.));
#197 = DIRECTION('',(1.,0.,0.));
#198 = ORIENTED_EDGE('',*,*,#199,.F.);
#199 = EDGE_CURVE('',#24,#191,#200,.T.);
#200 = LINE('',#201,#202);
#201 = CARTESIAN_POINT('',(-1.6,-16.,11.15));
#202 = VECTOR('',#203,1.);
#203 = DIRECTION('',(-0.707106781187,1.731912112471E-16,0.707106781187)
  );
#204 = ORIENTED_EDGE('',*,*,#31,.T.);
#205 = ORIENTED_EDGE('',*,*,#199,.T.);
#206 = CONICAL_SURFACE('',#207,2.4,0.785398163397);
#207 = AXIS2_PLACEMENT_3D('',#208,#209,#210);
#208 = CARTESIAN_POINT('',(-4.,-16.,11.15));
#209 = DIRECTION('',(-0.,-0.,-1.));
#210 = DIRECTION('',(1.,0.,0.));
#211 = ADVANCED_FACE('',(#212),#237,.T.);
#212 = FACE_BOUND('',#213,.T.);
#213 = EDGE_LOOP('',(#214,#222,#223,#231));
#214 = ORIENTED_EDGE('',*,*,#215,.T.);
#215 = EDGE_CURVE('',#216,#55,#218,.T.);
#216 = VERTEX_POINT('',#217);
#217 = CARTESIAN_POINT('',(-7.9,-19.9,0.));
#218 = LINE('',#219,#220);
#219 = CARTESIAN_POINT('',(-7.9,-19.9,0.));
#220 = VECTOR('',#221,1.);
#221 = DIRECTION('',(0.,0.,1.));
#222 = ORIENTED_EDGE('',*,*,#54,.T.);
#223 = ORIENTED_EDGE('',*,*,#224,.F.);
#224 = EDGE_CURVE('',#225,#57,#227,.T.);
#225 = VERTEX_POINT('',#226);
#226 = CARTESIAN_POINT('',(-7.9,19.9,0.));
#227 = LINE('',#228,#229);
#228 = CARTESIAN_POINT('',(-7.9,19.9,0.));
#229 = VECTOR('',#230,1.);
#230 = DIRECTION('',(0.,0.,1.));
#231 = ORIENTED_EDGE('',*,*,#232,.F.);
#232 = EDGE_CURVE('',#216,#225,#233,.T.);
#233 = LINE('',#234,#235);
#234 = CARTESIAN_POINT('',(-7.9,12.1,0.));
#235 = VECTOR('',#236,1.);
#236 = DIRECTION('',(0.,1.,0.));
#237 = PLANE('',#238);
#238 = AXIS2_PLACEMENT_3D('',#239,#240,#241);
#239 = CARTESIAN_POINT('',(-7.9,-8.630073713685E-16,4.8));
#240 = DIRECTION('',(-1.,-0.,-0.));
#241 = DIRECTION('',(0.,0.,-1.));
#242 = ADVANCED_FACE('',(#243),#261,.F.);
#243 = FACE_BOUND('',#244,.F.);
#244 = EDGE_LOOP('',(#245,#253,#254,#255));
#245 = ORIENTED_EDGE('',*,*,#246,.F.);
#246 = EDGE_CURVE('',#216,#247,#249,.T.);
#247 = VERTEX_POINT('',#248);
#248 = CARTESIAN_POINT('',(7.9,-19.9,0.));
#249 = LINE('',#250,#251);
#250 = CARTESIAN_POINT('',(-7.9,-19.9,0.));
#251 = VECTOR('',#252,1.);
#252 = DIRECTION('',(1.,0.,0.));
#253 = ORIENTED_EDGE('',*,*,#215,.T.);
#254 = ORIENTED_EDGE('',*,*,#64,.T.);
#255 = ORIENTED_EDGE('',*,*,#256,.F.);
#256 = EDGE_CURVE('',#247,#65,#257,.T.);
#257 = LINE('',#258,#259);
#258 = CARTESIAN_POINT('',(7.9,-19.9,0.));
#259 = VECTOR('',#260,1.);
#260 = DIRECTION('',(0.,0.,1.));
#261 = PLANE('',#262);
#262 = AXIS2_PLACEMENT_3D('',#263,#264,#265);
#263 = CARTESIAN_POINT('',(-7.9,-19.9,0.));
#264 = DIRECTION('',(0.,1.,0.));
#265 = DIRECTION('',(0.,0.,1.));
#266 = ADVANCED_FACE('',(#267),#285,.T.);
#267 = FACE_BOUND('',#268,.T.);
#268 = EDGE_LOOP('',(#269,#277,#278,#279));
#269 = ORIENTED_EDGE('',*,*,#270,.F.);
#270 = EDGE_CURVE('',#225,#271,#273,.T.);
#271 = VERTEX_POINT('',#272);
#272 = CARTESIAN_POINT('',(-0.1,19.9,0.));
#273 = LINE('',#274,#275);
#274 = CARTESIAN_POINT('',(-7.9,19.9,0.));
#275 = VECTOR('',#276,1.);
#276 = DIRECTION('',(1.,0.,0.));
#277 = ORIENTED_EDGE('',*,*,#224,.T.);
#278 = ORIENTED_EDGE('',*,*,#96,.T.);
#279 = ORIENTED_EDGE('',*,*,#280,.F.);
#280 = EDGE_CURVE('',#271,#89,#281,.T.);
#281 = LINE('',#282,#283);
#282 = CARTESIAN_POINT('',(-0.1,19.9,0.));
#283 = VECTOR('',#284,1.);
#284 = DIRECTION('',(0.,0.,1.));
#285 = PLANE('',#286);
#286 = AXIS2_PLACEMENT_3D('',#287,#288,#289);
#287 = CARTESIAN_POINT('',(-7.9,19.9,0.));
#288 = DIRECTION('',(0.,1.,0.));
#289 = DIRECTION('',(0.,0.,1.));
#290 = ADVANCED_FACE('',(#291),#309,.T.);
#291 = FACE_BOUND('',#292,.T.);
#292 = EDGE_LOOP('',(#293,#294,#302,#308));
#293 = ORIENTED_EDGE('',*,*,#256,.F.);
#294 = ORIENTED_EDGE('',*,*,#295,.T.);
#295 = EDGE_CURVE('',#247,#296,#298,.T.);
#296 = VERTEX_POINT('',#297);
#297 = CARTESIAN_POINT('',(7.9,3.9,0.));
#298 = LINE('',#299,#300);
#299 = CARTESIAN_POINT('',(7.9,-3.9,0.));
#300 = VECTOR('',#301,1.);
#301 = DIRECTION('',(0.,1.,0.));
#302 = ORIENTED_EDGE('',*,*,#303,.T.);
#303 = EDGE_CURVE('',#296,#73,#304,.T.);
#304 = LINE('',#305,#306);
#305 = CARTESIAN_POINT('',(7.9,3.9,0.));
#306 = VECTOR('',#307,1.);
#307 = DIRECTION('',(0.,0.,1.));
#308 = ORIENTED_EDGE('',*,*,#72,.F.);
#309 = PLANE('',#310);
#310 = AXIS2_PLACEMENT_3D('',#311,#312,#313);
#311 = CARTESIAN_POINT('',(7.9,-8.,4.8));
#312 = DIRECTION('',(1.,0.,0.));
#313 = DIRECTION('',(0.,0.,1.));
#314 = ADVANCED_FACE('',(#315),#333,.T.);
#315 = FACE_BOUND('',#316,.T.);
#316 = EDGE_LOOP('',(#317,#325,#331,#332));
#317 = ORIENTED_EDGE('',*,*,#318,.F.);
#318 = EDGE_CURVE('',#319,#81,#321,.T.);
#319 = VERTEX_POINT('',#320);
#320 = CARTESIAN_POINT('',(-0.1,3.9,0.));
#321 = LINE('',#322,#323);
#322 = CARTESIAN_POINT('',(-0.1,3.9,0.));
#323 = VECTOR('',#324,1.);
#324 = DIRECTION('',(0.,0.,1.));
#325 = ORIENTED_EDGE('',*,*,#326,.T.);
#326 = EDGE_CURVE('',#319,#271,#327,.T.);
#327 = LINE('',#328,#329);
#328 = CARTESIAN_POINT('',(-0.1,12.1,0.));
#329 = VECTOR('',#330,1.);
#330 = DIRECTION('',(0.,1.,0.));
#331 = ORIENTED_EDGE('',*,*,#280,.T.);
#332 = ORIENTED_EDGE('',*,*,#88,.F.);
#333 = PLANE('',#334);
#334 = AXIS2_PLACEMENT_3D('',#335,#336,#337);
#335 = CARTESIAN_POINT('',(-0.1,11.9,4.8));
#336 = DIRECTION('',(1.,0.,0.));
#337 = DIRECTION('',(0.,0.,1.));
#338 = ADVANCED_FACE('',(#339),#350,.T.);
#339 = FACE_BOUND('',#340,.T.);
#340 = EDGE_LOOP('',(#341,#347,#348,#349));
#341 = ORIENTED_EDGE('',*,*,#342,.F.);
#342 = EDGE_CURVE('',#319,#296,#343,.T.);
#343 = LINE('',#344,#345);
#344 = CARTESIAN_POINT('',(-7.9,3.9,0.));
#345 = VECTOR('',#346,1.);
#346 = DIRECTION('',(1.,0.,0.));
#347 = ORIENTED_EDGE('',*,*,#318,.T.);
#348 = ORIENTED_EDGE('',*,*,#80,.T.);
#349 = ORIENTED_EDGE('',*,*,#303,.F.);
#350 = PLANE('',#351);
#351 = AXIS2_PLACEMENT_3D('',#352,#353,#354);
#352 = CARTESIAN_POINT('',(-7.9,3.9,0.));
#353 = DIRECTION('',(0.,1.,0.));
#354 = DIRECTION('',(0.,0.,1.));
#355 = ADVANCED_FACE('',(#356),#375,.T.);
#356 = FACE_BOUND('',#357,.F.);
#357 = EDGE_LOOP('',(#358,#366,#373,#374));
#358 = ORIENTED_EDGE('',*,*,#359,.T.);
#359 = EDGE_CURVE('',#108,#360,#362,.T.);
#360 = VERTEX_POINT('',#361);
#361 = CARTESIAN_POINT('',(-1.6,-8.,11.15));
#362 = LINE('',#363,#364);
#363 = CARTESIAN_POINT('',(-1.6,-8.,9.6));
#364 = VECTOR('',#365,1.);
#365 = DIRECTION('',(0.,0.,1.));
#366 = ORIENTED_EDGE('',*,*,#367,.T.);
#367 = EDGE_CURVE('',#360,#360,#368,.T.);
#368 = CIRCLE('',#369,2.4);
#369 = AXIS2_PLACEMENT_3D('',#370,#371,#372);
#370 = CARTESIAN_POINT('',(-4.,-8.,11.15));
#371 = DIRECTION('',(0.,0.,1.));
#372 = DIRECTION('',(1.,0.,0.));
#373 = ORIENTED_EDGE('',*,*,#359,.F.);
#374 = ORIENTED_EDGE('',*,*,#107,.F.);
#375 = CYLINDRICAL_SURFACE('',#376,2.4);
#376 = AXIS2_PLACEMENT_3D('',#377,#378,#379);
#377 = CARTESIAN_POINT('',(-4.,-8.,9.6));
#378 = DIRECTION('',(-0.,-0.,-1.));
#379 = DIRECTION('',(1.,0.,0.));
#380 = ADVANCED_FACE('',(#381),#400,.T.);
#381 = FACE_BOUND('',#382,.F.);
#382 = EDGE_LOOP('',(#383,#391,#398,#399));
#383 = ORIENTED_EDGE('',*,*,#384,.T.);
#384 = EDGE_CURVE('',#119,#385,#387,.T.);
#385 = VERTEX_POINT('',#386);
#386 = CARTESIAN_POINT('',(6.4,-16.,11.15));
#387 = LINE('',#388,#389);
#388 = CARTESIAN_POINT('',(6.4,-16.,9.6));
#389 = VECTOR('',#390,1.);
#390 = DIRECTION('',(0.,0.,1.));
#391 = ORIENTED_EDGE('',*,*,#392,.T.);
#392 = EDGE_CURVE('',#385,#385,#393,.T.);
#393 = CIRCLE('',#394,2.4);
#394 = AXIS2_PLACEMENT_3D('',#395,#396,#397);
#395 = CARTESIAN_POINT('',(4.,-16.,11.15));
#396 = DIRECTION('',(0.,0.,1.));
#397 = DIRECTION('',(1.,0.,0.));
#398 = ORIENTED_EDGE('',*,*,#384,.F.);
#399 = ORIENTED_EDGE('',*,*,#118,.F.);
#400 = CYLINDRICAL_SURFACE('',#401,2.4);
#401 = AXIS2_PLACEMENT_3D('',#402,#403,#404);
#402 = CARTESIAN_POINT('',(4.,-16.,9.6));
#403 = DIRECTION('',(-0.,-0.,-1.));
#404 = DIRECTION('',(1.,0.,0.));
#405 = ADVANCED_FACE('',(#406),#425,.T.);
#406 = FACE_BOUND('',#407,.F.);
#407 = EDGE_LOOP('',(#408,#416,#423,#424));
#408 = ORIENTED_EDGE('',*,*,#409,.T.);
#409 = EDGE_CURVE('',#130,#410,#412,.T.);
#410 = VERTEX_POINT('',#411);
#411 = CARTESIAN_POINT('',(6.4,-8.,11.15));
#412 = LINE('',#413,#414);
#413 = CARTESIAN_POINT('',(6.4,-8.,9.6));
#414 = VECTOR('',#415,1.);
#415 = DIRECTION('',(0.,0.,1.));
#416 = ORIENTED_EDGE('',*,*,#417,.T.);
#417 = EDGE_CURVE('',#410,#410,#418,.T.);
#418 = CIRCLE('',#419,2.4);
#419 = AXIS2_PLACEMENT_3D('',#420,#421,#422);
#420 = CARTESIAN_POINT('',(4.,-8.,11.15));
#421 = DIRECTION('',(0.,0.,1.));
#422 = DIRECTION('',(1.,0.,0.));
#423 = ORIENTED_EDGE('',*,*,#409,.F.);
#424 = ORIENTED_EDGE('',*,*,#129,.F.);
#425 = CYLINDRICAL_SURFACE('',#426,2.4);
#426 = AXIS2_PLACEMENT_3D('',#427,#428,#429);
#427 = CARTESIAN_POINT('',(4.,-8.,9.6));
#428 = DIRECTION('',(-0.,-0.,-1.));
#429 = DIRECTION('',(1.,0.,0.));
#430 = ADVANCED_FACE('',(#431),#450,.T.);
#431 = FACE_BOUND('',#432,.F.);
#432 = EDGE_LOOP('',(#433,#441,#448,#449));
#433 = ORIENTED_EDGE('',*,*,#434,.T.);
#434 = EDGE_CURVE('',#141,#435,#437,.T.);
#435 = VERTEX_POINT('',#436);
#436 = CARTESIAN_POINT('',(-1.6,-5.878304635907E-16,11.15));
#437 = LINE('',#438,#439);
#438 = CARTESIAN_POINT('',(-1.6,-5.878304635907E-16,9.6));
#439 = VECTOR('',#440,1.);
#440 = DIRECTION('',(0.,0.,1.));
#441 = ORIENTED_EDGE('',*,*,#442,.T.);
#442 = EDGE_CURVE('',#435,#435,#443,.T.);
#443 = CIRCLE('',#444,2.4);
#444 = AXIS2_PLACEMENT_3D('',#445,#446,#447);
#445 = CARTESIAN_POINT('',(-4.,0.,11.15));
#446 = DIRECTION('',(0.,0.,1.));
#447 = DIRECTION('',(1.,0.,0.));
#448 = ORIENTED_EDGE('',*,*,#434,.F.);
#449 = ORIENTED_EDGE('',*,*,#140,.F.);
#450 = CYLINDRICAL_SURFACE('',#451,2.4);
#451 = AXIS2_PLACEMENT_3D('',#452,#453,#454);
#452 = CARTESIAN_POINT('',(-4.,0.,9.6));
#453 = DIRECTION('',(-0.,-0.,-1.));
#454 = DIRECTION('',(1.,0.,0.));
#455 = ADVANCED_FACE('',(#456),#475,.T.);
#456 = FACE_BOUND('',#457,.F.);
#457 = EDGE_LOOP('',(#458,#466,#473,#474));
#458 = ORIENTED_EDGE('',*,*,#459,.T.);
#459 = EDGE_CURVE('',#152,#460,#462,.T.);
#460 = VERTEX_POINT('',#461);
#461 = CARTESIAN_POINT('',(-1.6,8.,11.15));
#462 = LINE('',#463,#464);
#463 = CARTESIAN_POINT('',(-1.6,8.,9.6));
#464 = VECTOR('',#465,1.);
#465 = DIRECTION('',(0.,0.,1.));
#466 = ORIENTED_EDGE('',*,*,#467,.T.);
#467 = EDGE_CURVE('',#460,#460,#468,.T.);
#468 = CIRCLE('',#469,2.4);
#469 = AXIS2_PLACEMENT_3D('',#470,#471,#472);
#470 = CARTESIAN_POINT('',(-4.,8.,11.15));
#471 = DIRECTION('',(0.,0.,1.));
#472 = DIRECTION('',(1.,0.,0.));
#473 = ORIENTED_EDGE('',*,*,#459,.F.);
#474 = ORIENTED_EDGE('',*,*,#151,.F.);
#475 = CYLINDRICAL_SURFACE('',#476,2.4);
#476 = AXIS2_PLACEMENT_3D('',#477,#478,#479);
#477 = CARTESIAN_POINT('',(-4.,8.,9.6));
#478 = DIRECTION('',(-0.,-0.,-1.));
#479 = DIRECTION('',(1.,0.,0.));
#480 = ADVANCED_FACE('',(#481),#500,.T.);
#481 = FACE_BOUND('',#482,.F.);
#482 = EDGE_LOOP('',(#483,#491,#498,#499));
#483 = ORIENTED_EDGE('',*,*,#484,.T.);
#484 = EDGE_CURVE('',#163,#485,#487,.T.);
#485 = VERTEX_POINT('',#486);
#486 = CARTESIAN_POINT('',(-1.6,16.,11.15));
#487 = LINE('',#488,#489);
#488 = CARTESIAN_POINT('',(-1.6,16.,9.6));
#489 = VECTOR('',#490,1.);
#490 = DIRECTION('',(0.,0.,1.));
#491 = ORIENTED_EDGE('',*,*,#492,.T.);
#492 = EDGE_CURVE('',#485,#485,#493,.T.);
#493 = CIRCLE('',#494,2.4);
#494 = AXIS2_PLACEMENT_3D('',#495,#496,#497);
#495 = CARTESIAN_POINT('',(-4.,16.,11.15));
#496 = DIRECTION('',(0.,0.,1.));
#497 = DIRECTION('',(1.,0.,0.));
#498 = ORIENTED_EDGE('',*,*,#484,.F.);
#499 = ORIENTED_EDGE('',*,*,#162,.F.);
#500 = CYLINDRICAL_SURFACE('',#501,2.4);
#501 = AXIS2_PLACEMENT_3D('',#502,#503,#504);
#502 = CARTESIAN_POINT('',(-4.,16.,9.6));
#503 = DIRECTION('',(-0.,-0.,-1.));
#504 = DIRECTION('',(1.,0.,0.));
#505 = ADVANCED_FACE('',(#506),#525,.T.);
#506 = FACE_BOUND('',#507,.F.);
#507 = EDGE_LOOP('',(#508,#516,#523,#524));
#508 = ORIENTED_EDGE('',*,*,#509,.T.);
#509 = EDGE_CURVE('',#174,#510,#512,.T.);
#510 = VERTEX_POINT('',#511);
#511 = CARTESIAN_POINT('',(6.4,-5.878304635907E-16,11.15));
#512 = LINE('',#513,#514);
#513 = CARTESIAN_POINT('',(6.4,-5.878304635907E-16,9.6));
#514 = VECTOR('',#515,1.);
#515 = DIRECTION('',(0.,0.,1.));
#516 = ORIENTED_EDGE('',*,*,#517,.T.);
#517 = EDGE_CURVE('',#510,#510,#518,.T.);
#518 = CIRCLE('',#519,2.4);
#519 = AXIS2_PLACEMENT_3D('',#520,#521,#522);
#520 = CARTESIAN_POINT('',(4.,0.,11.15));
#521 = DIRECTION('',(0.,0.,1.));
#522 = DIRECTION('',(1.,0.,0.));
#523 = ORIENTED_EDGE('',*,*,#509,.F.);
#524 = ORIENTED_EDGE('',*,*,#173,.F.);
#525 = CYLINDRICAL_SURFACE('',#526,2.4);
#526 = AXIS2_PLACEMENT_3D('',#527,#528,#529);
#527 = CARTESIAN_POINT('',(4.,0.,9.6));
#528 = DIRECTION('',(-0.,-0.,-1.));
#529 = DIRECTION('',(1.,0.,0.));
#530 = ADVANCED_FACE('',(#531),#534,.T.);
#531 = FACE_BOUND('',#532,.T.);
#532 = EDGE_LOOP('',(#533));
#533 = ORIENTED_EDGE('',*,*,#190,.T.);
#534 = PLANE('',#535);
#535 = AXIS2_PLACEMENT_3D('',#536,#537,#538);
#536 = CARTESIAN_POINT('',(-4.,-16.,11.4));
#537 = DIRECTION('',(0.,0.,1.));
#538 = DIRECTION('',(1.,0.,0.));
#539 = ADVANCED_FACE('',(#540,#548),#718,.T.);
#540 = FACE_BOUND('',#541,.T.);
#541 = EDGE_LOOP('',(#542,#543,#544,#545,#546,#547));
#542 = ORIENTED_EDGE('',*,*,#232,.T.);
#543 = ORIENTED_EDGE('',*,*,#270,.T.);
#544 = ORIENTED_EDGE('',*,*,#326,.F.);
#545 = ORIENTED_EDGE('',*,*,#342,.T.);
#546 = ORIENTED_EDGE('',*,*,#295,.F.);
#547 = ORIENTED_EDGE('',*,*,#246,.F.);
#548 = FACE_BOUND('',#549,.T.);
#549 = EDGE_LOOP('',(#550,#560,#568,#576,#584,#592,#600,#608,#616,#624,
    #632,#640,#648,#656,#664,#672,#680,#688,#696,#704,#712));
#550 = ORIENTED_EDGE('',*,*,#551,.F.);
#551 = EDGE_CURVE('',#552,#554,#556,.T.);
#552 = VERTEX_POINT('',#553);
#553 = CARTESIAN_POINT('',(-6.64,-18.64,0.));
#554 = VERTEX_POINT('',#555);
#555 = CARTESIAN_POINT('',(-6.64,-13.36,0.));
#556 = LINE('',#557,#558);
#557 = CARTESIAN_POINT('',(-6.64,-18.64,0.));
#558 = VECTOR('',#559,1.);
#559 = DIRECTION('',(0.,1.,0.));
#560 = ORIENTED_EDGE('',*,*,#561,.T.);
#561 = EDGE_CURVE('',#552,#562,#564,.T.);
#562 = VERTEX_POINT('',#563);
#563 = CARTESIAN_POINT('',(6.64,-18.64,0.));
#564 = LINE('',#565,#566);
#565 = CARTESIAN_POINT('',(-6.64,-18.64,0.));
#566 = VECTOR('',#567,1.);
#567 = DIRECTION('',(1.,0.,0.));
#568 = ORIENTED_EDGE('',*,*,#569,.T.);
#569 = EDGE_CURVE('',#562,#570,#572,.T.);
#570 = VERTEX_POINT('',#571);
#571 = CARTESIAN_POINT('',(6.64,-13.36,0.));
#572 = LINE('',#573,#574);
#573 = CARTESIAN_POINT('',(6.64,-18.64,0.));
#574 = VECTOR('',#575,1.);
#575 = DIRECTION('',(0.,1.,0.));
#576 = ORIENTED_EDGE('',*,*,#577,.T.);
#577 = EDGE_CURVE('',#570,#578,#580,.T.);
#578 = VERTEX_POINT('',#579);
#579 = CARTESIAN_POINT('',(6.64,-10.64,0.));
#580 = LINE('',#581,#582);
#581 = CARTESIAN_POINT('',(6.64,-13.36,0.));
#582 = VECTOR('',#583,1.);
#583 = DIRECTION('',(0.,1.,0.));
#584 = ORIENTED_EDGE('',*,*,#585,.T.);
#585 = EDGE_CURVE('',#578,#586,#588,.T.);
#586 = VERTEX_POINT('',#587);
#587 = CARTESIAN_POINT('',(6.64,-5.36,0.));
#588 = LINE('',#589,#590);
#589 = CARTESIAN_POINT('',(6.64,-10.64,0.));
#590 = VECTOR('',#591,1.);
#591 = DIRECTION('',(0.,1.,0.));
#592 = ORIENTED_EDGE('',*,*,#593,.T.);
#593 = EDGE_CURVE('',#586,#594,#596,.T.);
#594 = VERTEX_POINT('',#595);
#595 = CARTESIAN_POINT('',(6.64,-2.64,0.));
#596 = LINE('',#597,#598);
#597 = CARTESIAN_POINT('',(6.64,-5.36,0.));
#598 = VECTOR('',#599,1.);
#599 = DIRECTION('',(0.,1.,0.));
#600 = ORIENTED_EDGE('',*,*,#601,.T.);
#601 = EDGE_CURVE('',#594,#602,#604,.T.);
#602 = VERTEX_POINT('',#603);
#603 = CARTESIAN_POINT('',(6.64,2.64,0.));
#604 = LINE('',#605,#606);
#605 = CARTESIAN_POINT('',(6.64,-2.64,0.));
#606 = VECTOR('',#607,1.);
#607 = DIRECTION('',(0.,1.,0.));
#608 = ORIENTED_EDGE('',*,*,#609,.F.);
#609 = EDGE_CURVE('',#610,#602,#612,.T.);
#610 = VERTEX_POINT('',#611);
#611 = CARTESIAN_POINT('',(-1.36,2.64,0.));
#612 = LINE('',#613,#614);
#613 = CARTESIAN_POINT('',(-6.64,2.64,0.));
#614 = VECTOR('',#615,1.);
#615 = DIRECTION('',(1.,0.,0.));
#616 = ORIENTED_EDGE('',*,*,#617,.T.);
#617 = EDGE_CURVE('',#610,#618,#620,.T.);
#618 = VERTEX_POINT('',#619);
#619 = CARTESIAN_POINT('',(-1.36,5.36,0.));
#620 = LINE('',#621,#622);
#621 = CARTESIAN_POINT('',(-1.36,2.64,0.));
#622 = VECTOR('',#623,1.);
#623 = DIRECTION('',(0.,1.,0.));
#624 = ORIENTED_EDGE('',*,*,#625,.T.);
#625 = EDGE_CURVE('',#618,#626,#628,.T.);
#626 = VERTEX_POINT('',#627);
#627 = CARTESIAN_POINT('',(-1.36,10.64,0.));
#628 = LINE('',#629,#630);
#629 = CARTESIAN_POINT('',(-1.36,5.36,0.));
#630 = VECTOR('',#631,1.);
#631 = DIRECTION('',(0.,1.,0.));
#632 = ORIENTED_EDGE('',*,*,#633,.T.);
#633 = EDGE_CURVE('',#626,#634,#636,.T.);
#634 = VERTEX_POINT('',#635);
#635 = CARTESIAN_POINT('',(-1.36,13.36,0.));
#636 = LINE('',#637,#638);
#637 = CARTESIAN_POINT('',(-1.36,10.64,0.));
#638 = VECTOR('',#639,1.);
#639 = DIRECTION('',(0.,1.,0.));
#640 = ORIENTED_EDGE('',*,*,#641,.T.);
#641 = EDGE_CURVE('',#634,#642,#644,.T.);
#642 = VERTEX_POINT('',#643);
#643 = CARTESIAN_POINT('',(-1.36,18.64,0.));
#644 = LINE('',#645,#646);
#645 = CARTESIAN_POINT('',(-1.36,13.36,0.));
#646 = VECTOR('',#647,1.);
#647 = DIRECTION('',(0.,1.,0.));
#648 = ORIENTED_EDGE('',*,*,#649,.F.);
#649 = EDGE_CURVE('',#650,#642,#652,.T.);
#650 = VERTEX_POINT('',#651);
#651 = CARTESIAN_POINT('',(-6.64,18.64,0.));
#652 = LINE('',#653,#654);
#653 = CARTESIAN_POINT('',(-6.64,18.64,0.));
#654 = VECTOR('',#655,1.);
#655 = DIRECTION('',(1.,0.,0.));
#656 = ORIENTED_EDGE('',*,*,#657,.F.);
#657 = EDGE_CURVE('',#658,#650,#660,.T.);
#658 = VERTEX_POINT('',#659);
#659 = CARTESIAN_POINT('',(-6.64,13.36,0.));
#660 = LINE('',#661,#662);
#661 = CARTESIAN_POINT('',(-6.64,13.36,0.));
#662 = VECTOR('',#663,1.);
#663 = DIRECTION('',(0.,1.,0.));
#664 = ORIENTED_EDGE('',*,*,#665,.F.);
#665 = EDGE_CURVE('',#666,#658,#668,.T.);
#666 = VERTEX_POINT('',#667);
#667 = CARTESIAN_POINT('',(-6.64,10.64,0.));
#668 = LINE('',#669,#670);
#669 = CARTESIAN_POINT('',(-6.64,10.64,0.));
#670 = VECTOR('',#671,1.);
#671 = DIRECTION('',(0.,1.,0.));
#672 = ORIENTED_EDGE('',*,*,#673,.F.);
#673 = EDGE_CURVE('',#674,#666,#676,.T.);
#674 = VERTEX_POINT('',#675);
#675 = CARTESIAN_POINT('',(-6.64,5.36,0.));
#676 = LINE('',#677,#678);
#677 = CARTESIAN_POINT('',(-6.64,5.36,0.));
#678 = VECTOR('',#679,1.);
#679 = DIRECTION('',(0.,1.,0.));
#680 = ORIENTED_EDGE('',*,*,#681,.F.);
#681 = EDGE_CURVE('',#682,#674,#684,.T.);
#682 = VERTEX_POINT('',#683);
#683 = CARTESIAN_POINT('',(-6.64,2.64,0.));
#684 = LINE('',#685,#686);
#685 = CARTESIAN_POINT('',(-6.64,2.64,0.));
#686 = VECTOR('',#687,1.);
#687 = DIRECTION('',(0.,1.,0.));
#688 = ORIENTED_EDGE('',*,*,#689,.F.);
#689 = EDGE_CURVE('',#690,#682,#692,.T.);
#690 = VERTEX_POINT('',#691);
#691 = CARTESIAN_POINT('',(-6.64,-2.64,0.));
#692 = LINE('',#693,#694);
#693 = CARTESIAN_POINT('',(-6.64,-2.64,0.));
#694 = VECTOR('',#695,1.);
#695 = DIRECTION('',(0.,1.,0.));
#696 = ORIENTED_EDGE('',*,*,#697,.F.);
#697 = EDGE_CURVE('',#698,#690,#700,.T.);
#698 = VERTEX_POINT('',#699);
#699 = CARTESIAN_POINT('',(-6.64,-5.36,0.));
#700 = LINE('',#701,#702);
#701 = CARTESIAN_POINT('',(-6.64,-5.36,0.));
#702 = VECTOR('',#703,1.);
#703 = DIRECTION('',(0.,1.,0.));
#704 = ORIENTED_EDGE('',*,*,#705,.F.);
#705 = EDGE_CURVE('',#706,#698,#708,.T.);
#706 = VERTEX_POINT('',#707);
#707 = CARTESIAN_POINT('',(-6.64,-10.64,0.));
#708 = LINE('',#709,#710);
#709 = CARTESIAN_POINT('',(-6.64,-10.64,0.));
#710 = VECTOR('',#711,1.);
#711 = DIRECTION('',(0.,1.,0.));
#712 = ORIENTED_EDGE('',*,*,#713,.F.);
#713 = EDGE_CURVE('',#554,#706,#714,.T.);
#714 = LINE('',#715,#716);
#715 = CARTESIAN_POINT('',(-6.64,-13.36,0.));
#716 = VECTOR('',#717,1.);
#717 = DIRECTION('',(0.,1.,0.));
#718 = PLANE('',#719);
#719 = AXIS2_PLACEMENT_3D('',#720,#721,#722);
#720 = CARTESIAN_POINT('',(-1.151079136691,-1.151079136691,0.));
#721 = DIRECTION('',(-0.,-0.,-1.));
#722 = DIRECTION('',(-1.,0.,0.));
#723 = ADVANCED_FACE('',(#724),#743,.T.);
#724 = FACE_BOUND('',#725,.T.);
#725 = EDGE_LOOP('',(#726,#735,#741,#742));
#726 = ORIENTED_EDGE('',*,*,#727,.F.);
#727 = EDGE_CURVE('',#728,#728,#730,.T.);
#728 = VERTEX_POINT('',#729);
#729 = CARTESIAN_POINT('',(-1.85,-8.,11.4));
#730 = CIRCLE('',#731,2.15);
#731 = AXIS2_PLACEMENT_3D('',#732,#733,#734);
#732 = CARTESIAN_POINT('',(-4.,-8.,11.4));
#733 = DIRECTION('',(0.,0.,1.));
#734 = DIRECTION('',(1.,0.,0.));
#735 = ORIENTED_EDGE('',*,*,#736,.F.);
#736 = EDGE_CURVE('',#360,#728,#737,.T.);
#737 = LINE('',#738,#739);
#738 = CARTESIAN_POINT('',(-1.6,-8.,11.15));
#739 = VECTOR('',#740,1.);
#740 = DIRECTION('',(-0.707106781187,1.731912112471E-16,0.707106781187)
  );
#741 = ORIENTED_EDGE('',*,*,#367,.T.);
#742 = ORIENTED_EDGE('',*,*,#736,.T.);
#743 = CONICAL_SURFACE('',#744,2.4,0.785398163397);
#744 = AXIS2_PLACEMENT_3D('',#745,#746,#747);
#745 = CARTESIAN_POINT('',(-4.,-8.,11.15));
#746 = DIRECTION('',(-0.,-0.,-1.));
#747 = DIRECTION('',(1.,0.,0.));
#748 = ADVANCED_FACE('',(#749),#768,.T.);
#749 = FACE_BOUND('',#750,.T.);
#750 = EDGE_LOOP('',(#751,#760,#766,#767));
#751 = ORIENTED_EDGE('',*,*,#752,.F.);
#752 = EDGE_CURVE('',#753,#753,#755,.T.);
#753 = VERTEX_POINT('',#754);
#754 = CARTESIAN_POINT('',(6.15,-16.,11.4));
#755 = CIRCLE('',#756,2.15);
#756 = AXIS2_PLACEMENT_3D('',#757,#758,#759);
#757 = CARTESIAN_POINT('',(4.,-16.,11.4));
#758 = DIRECTION('',(0.,0.,1.));
#759 = DIRECTION('',(1.,0.,0.));
#760 = ORIENTED_EDGE('',*,*,#761,.F.);
#761 = EDGE_CURVE('',#385,#753,#762,.T.);
#762 = LINE('',#763,#764);
#763 = CARTESIAN_POINT('',(6.4,-16.,11.15));
#764 = VECTOR('',#765,1.);
#765 = DIRECTION('',(-0.707106781187,1.731912112471E-16,0.707106781187)
  );
#766 = ORIENTED_EDGE('',*,*,#392,.T.);
#767 = ORIENTED_EDGE('',*,*,#761,.T.);
#768 = CONICAL_SURFACE('',#769,2.4,0.785398163397);
#769 = AXIS2_PLACEMENT_3D('',#770,#771,#772);
#770 = CARTESIAN_POINT('',(4.,-16.,11.15));
#771 = DIRECTION('',(-0.,-0.,-1.));
#772 = DIRECTION('',(1.,0.,0.));
#773 = ADVANCED_FACE('',(#774),#793,.T.);
#774 = FACE_BOUND('',#775,.T.);
#775 = EDGE_LOOP('',(#776,#785,#791,#792));
#776 = ORIENTED_EDGE('',*,*,#777,.F.);
#777 = EDGE_CURVE('',#778,#778,#780,.T.);
#778 = VERTEX_POINT('',#779);
#779 = CARTESIAN_POINT('',(6.15,-8.,11.4));
#780 = CIRCLE('',#781,2.15);
#781 = AXIS2_PLACEMENT_3D('',#782,#783,#784);
#782 = CARTESIAN_POINT('',(4.,-8.,11.4));
#783 = DIRECTION('',(0.,0.,1.));
#784 = DIRECTION('',(1.,0.,0.));
#785 = ORIENTED_EDGE('',*,*,#786,.F.);
#786 = EDGE_CURVE('',#410,#778,#787,.T.);
#787 = LINE('',#788,#789);
#788 = CARTESIAN_POINT('',(6.4,-8.,11.15));
#789 = VECTOR('',#790,1.);
#790 = DIRECTION('',(-0.707106781187,1.731912112471E-16,0.707106781187)
  );
#791 = ORIENTED_EDGE('',*,*,#417,.T.);
#792 = ORIENTED_EDGE('',*,*,#786,.T.);
#793 = CONICAL_SURFACE('',#794,2.4,0.785398163397);
#794 = AXIS2_PLACEMENT_3D('',#795,#796,#797);
#795 = CARTESIAN_POINT('',(4.,-8.,11.15));
#796 = DIRECTION('',(-0.,-0.,-1.));
#797 = DIRECTION('',(1.,0.,0.));
#798 = ADVANCED_FACE('',(#799),#818,.T.);
#799 = FACE_BOUND('',#800,.T.);
#800 = EDGE_LOOP('',(#801,#810,#816,#817));
#801 = ORIENTED_EDGE('',*,*,#802,.F.);
#802 = EDGE_CURVE('',#803,#803,#805,.T.);
#803 = VERTEX_POINT('',#804);
#804 = CARTESIAN_POINT('',(-1.85,-5.265981236334E-16,11.4));
#805 = CIRCLE('',#806,2.15);
#806 = AXIS2_PLACEMENT_3D('',#807,#808,#809);
#807 = CARTESIAN_POINT('',(-4.,0.,11.4));
#808 = DIRECTION('',(0.,0.,1.));
#809 = DIRECTION('',(1.,0.,0.));
#810 = ORIENTED_EDGE('',*,*,#811,.F.);
#811 = EDGE_CURVE('',#435,#803,#812,.T.);
#812 = LINE('',#813,#814);
#813 = CARTESIAN_POINT('',(-1.6,-5.878304635907E-16,11.15));
#814 = VECTOR('',#815,1.);
#815 = DIRECTION('',(-0.707106781187,1.731912112471E-16,0.707106781187)
  );
#816 = ORIENTED_EDGE('',*,*,#442,.T.);
#817 = ORIENTED_EDGE('',*,*,#811,.T.);
#818 = CONICAL_SURFACE('',#819,2.4,0.785398163397);
#819 = AXIS2_PLACEMENT_3D('',#820,#821,#822);
#820 = CARTESIAN_POINT('',(-4.,0.,11.15));
#821 = DIRECTION('',(-0.,-0.,-1.));
#822 = DIRECTION('',(1.,0.,0.));
#823 = ADVANCED_FACE('',(#824),#843,.T.);
#824 = FACE_BOUND('',#825,.T.);
#825 = EDGE_LOOP('',(#826,#835,#841,#842));
#826 = ORIENTED_EDGE('',*,*,#827,.F.);
#827 = EDGE_CURVE('',#828,#828,#830,.T.);
#828 = VERTEX_POINT('',#829);
#829 = CARTESIAN_POINT('',(-1.85,8.,11.4));
#830 = CIRCLE('',#831,2.15);
#831 = AXIS2_PLACEMENT_3D('',#832,#833,#834);
#832 = CARTESIAN_POINT('',(-4.,8.,11.4));
#833 = DIRECTION('',(0.,0.,1.));
#834 = DIRECTION('',(1.,0.,0.));
#835 = ORIENTED_EDGE('',*,*,#836,.F.);
#836 = EDGE_CURVE('',#460,#828,#837,.T.);
#837 = LINE('',#838,#839);
#838 = CARTESIAN_POINT('',(-1.6,8.,11.15));
#839 = VECTOR('',#840,1.);
#840 = DIRECTION('',(-0.707106781187,1.731912112471E-16,0.707106781187)
  );
#841 = ORIENTED_EDGE('',*,*,#467,.T.);
#842 = ORIENTED_EDGE('',*,*,#836,.T.);
#843 = CONICAL_SURFACE('',#844,2.4,0.785398163397);
#844 = AXIS2_PLACEMENT_3D('',#845,#846,#847);
#845 = CARTESIAN_POINT('',(-4.,8.,11.15));
#846 = DIRECTION('',(-0.,-0.,-1.));
#847 = DIRECTION('',(1.,0.,0.));
#848 = ADVANCED_FACE('',(#849),#868,.T.);
#849 = FACE_BOUND('',#850,.T.);
#850 = EDGE_LOOP('',(#851,#860,#866,#867));
#851 = ORIENTED_EDGE('',*,*,#852,.F.);
#852 = EDGE_CURVE('',#853,#853,#855,.T.);
#853 = VERTEX_POINT('',#854);
#854 = CARTESIAN_POINT('',(-1.85,16.,11.4));
#855 = CIRCLE('',#856,2.15);
#856 = AXIS2_PLACEMENT_3D('',#857,#858,#859);
#857 = CARTESIAN_POINT('',(-4.,16.,11.4));
#858 = DIRECTION('',(0.,0.,1.));
#859 = DIRECTION('',(1.,0.,0.));
#860 = ORIENTED_EDGE('',*,*,#861,.F.);
#861 = EDGE_CURVE('',#485,#853,#862,.T.);
#862 = LINE('',#863,#864);
#863 = CARTESIAN_POINT('',(-1.6,16.,11.15));
#864 = VECTOR('',#865,1.);
#865 = DIRECTION('',(-0.707106781187,1.731912112471E-16,0.707106781187)
  );
#866 = ORIENTED_EDGE('',*,*,#492,.T.);
#867 = ORIENTED_EDGE('',*,*,#861,.T.);
#868 = CONICAL_SURFACE('',#869,2.4,0.785398163397);
#869 = AXIS2_PLACEMENT_3D('',#870,#871,#872);
#870 = CARTESIAN_POINT('',(-4.,16.,11.15));
#871 = DIRECTION('',(-0.,-0.,-1.));
#872 = DIRECTION('',(1.,0.,0.));
#873 = ADVANCED_FACE('',(#874),#893,.T.);
#874 = FACE_BOUND('',#875,.T.);
#875 = EDGE_LOOP('',(#876,#885,#891,#892));
#876 = ORIENTED_EDGE('',*,*,#877,.F.);
#877 = EDGE_CURVE('',#878,#878,#880,.T.);
#878 = VERTEX_POINT('',#879);
#879 = CARTESIAN_POINT('',(6.15,-5.265981236334E-16,11.4));
#880 = CIRCLE('',#881,2.15);
#881 = AXIS2_PLACEMENT_3D('',#882,#883,#884);
#882 = CARTESIAN_POINT('',(4.,0.,11.4));
#883 = DIRECTION('',(0.,0.,1.));
#884 = DIRECTION('',(1.,0.,0.));
#885 = ORIENTED_EDGE('',*,*,#886,.F.);
#886 = EDGE_CURVE('',#510,#878,#887,.T.);
#887 = LINE('',#888,#889);
#888 = CARTESIAN_POINT('',(6.4,-5.878304635907E-16,11.15));
#889 = VECTOR('',#890,1.);
#890 = DIRECTION('',(-0.707106781187,1.731912112471E-16,0.707106781187)
  );
#891 = ORIENTED_EDGE('',*,*,#517,.T.);
#892 = ORIENTED_EDGE('',*,*,#886,.T.);
#893 = CONICAL_SURFACE('',#894,2.4,0.785398163397);
#894 = AXIS2_PLACEMENT_3D('',#895,#896,#897);
#895 = CARTESIAN_POINT('',(4.,0.,11.15));
#896 = DIRECTION('',(-0.,-0.,-1.));
#897 = DIRECTION('',(1.,0.,0.));
#898 = ADVANCED_FACE('',(#899),#922,.F.);
#899 = FACE_BOUND('',#900,.F.);
#900 = EDGE_LOOP('',(#901,#902,#909,#917));
#901 = ORIENTED_EDGE('',*,*,#551,.F.);
#902 = ORIENTED_EDGE('',*,*,#903,.T.);
#903 = EDGE_CURVE('',#552,#904,#906,.T.);
#904 = VERTEX_POINT('',#905);
#905 = CARTESIAN_POINT('',(-6.44,-18.44,0.3));
#906 = B_SPLINE_CURVE_WITH_KNOTS('',1,(#907,#908),.UNSPECIFIED.,.F.,.F.,
  (2,2),(0.,1.),.PIECEWISE_BEZIER_KNOTS.);
#907 = CARTESIAN_POINT('',(-6.64,-18.64,0.));
#908 = CARTESIAN_POINT('',(-6.44,-18.44,0.3));
#909 = ORIENTED_EDGE('',*,*,#910,.T.);
#910 = EDGE_CURVE('',#904,#911,#913,.T.);
#911 = VERTEX_POINT('',#912);
#912 = CARTESIAN_POINT('',(-6.44,-13.56,0.3));
#913 = LINE('',#914,#915);
#914 = CARTESIAN_POINT('',(-6.44,-18.44,0.3));
#915 = VECTOR('',#916,1.);
#916 = DIRECTION('',(0.,1.,0.));
#917 = ORIENTED_EDGE('',*,*,#918,.F.);
#918 = EDGE_CURVE('',#554,#911,#919,.T.);
#919 = B_SPLINE_CURVE_WITH_KNOTS('',1,(#920,#921),.UNSPECIFIED.,.F.,.F.,
  (2,2),(0.,1.),.PIECEWISE_BEZIER_KNOTS.);
#920 = CARTESIAN_POINT('',(-6.64,-13.36,0.));
#921 = CARTESIAN_POINT('',(-6.44,-13.56,0.3));
#922 = B_SPLINE_SURFACE_WITH_KNOTS('',1,1,(
    (#923,#924)
    ,(#925,#926
    )),.UNSPECIFIED.,.F.,.F.,.F.,(2,2),(2,2),(-5.28,0.),(0.,1.),
  .PIECEWISE_BEZIER_KNOTS.);
#923 = CARTESIAN_POINT('',(-6.64,-13.36,0.));
#924 = CARTESIAN_POINT('',(-6.44,-13.56,0.3));
#925 = CARTESIAN_POINT('',(-6.64,-18.64,0.));
#926 = CARTESIAN_POINT('',(-6.44,-18.44,0.3));
#927 = ADVANCED_FACE('',(#928),#945,.F.);
#928 = FACE_BOUND('',#929,.F.);
#929 = EDGE_LOOP('',(#930,#931,#932,#940));
#930 = ORIENTED_EDGE('',*,*,#713,.F.);
#931 = ORIENTED_EDGE('',*,*,#918,.T.);
#932 = ORIENTED_EDGE('',*,*,#933,.T.);
#933 = EDGE_CURVE('',#911,#934,#936,.T.);
#934 = VERTEX_POINT('',#935);
#935 = CARTESIAN_POINT('',(-6.44,-10.44,0.3));
#936 = LINE('',#937,#938);
#937 = CARTESIAN_POINT('',(-6.44,-13.56,0.3));
#938 = VECTOR('',#939,1.);
#939 = DIRECTION('',(0.,1.,0.));
#940 = ORIENTED_EDGE('',*,*,#941,.F.);
#941 = EDGE_CURVE('',#706,#934,#942,.T.);
#942 = B_SPLINE_CURVE_WITH_KNOTS('',1,(#943,#944),.UNSPECIFIED.,.F.,.F.,
  (2,2),(0.,1.),.PIECEWISE_BEZIER_KNOTS.);
#943 = CARTESIAN_POINT('',(-6.64,-10.64,0.));
#944 = CARTESIAN_POINT('',(-6.44,-10.44,0.3));
#945 = B_SPLINE_SURFACE_WITH_KNOTS('',1,1,(
    (#946,#947)
    ,(#948,#949
    )),.UNSPECIFIED.,.F.,.F.,.F.,(2,2),(2,2),(-3.12,0.),(0.,1.),
  .PIECEWISE_BEZIER_KNOTS.);
#946 = CARTESIAN_POINT('',(-6.64,-10.64,0.));
#947 = CARTESIAN_POINT('',(-6.44,-10.44,0.3));
#948 = CARTESIAN_POINT('',(-6.64,-13.36,0.));
#949 = CARTESIAN_POINT('',(-6.44,-13.56,0.3));
#950 = ADVANCED_FACE('',(#951),#968,.F.);
#951 = FACE_BOUND('',#952,.F.);
#952 = EDGE_LOOP('',(#953,#954,#955,#963));
#953 = ORIENTED_EDGE('',*,*,#705,.F.);
#954 = ORIENTED_EDGE('',*,*,#941,.T.);
#955 = ORIENTED_EDGE('',*,*,#956,.T.);
#956 = EDGE_CURVE('',#934,#957,#959,.T.);
#957 = VERTEX_POINT('',#958);
#958 = CARTESIAN_POINT('',(-6.44,-5.56,0.3));
#959 = LINE('',#960,#961);
#960 = CARTESIAN_POINT('',(-6.44,-10.44,0.3));
#961 = VECTOR('',#962,1.);
#962 = DIRECTION('',(0.,1.,0.));
#963 = ORIENTED_EDGE('',*,*,#964,.F.);
#964 = EDGE_CURVE('',#698,#957,#965,.T.);
#965 = B_SPLINE_CURVE_WITH_KNOTS('',1,(#966,#967),.UNSPECIFIED.,.F.,.F.,
  (2,2),(0.,1.),.PIECEWISE_BEZIER_KNOTS.);
#966 = CARTESIAN_POINT('',(-6.64,-5.36,0.));
#967 = CARTESIAN_POINT('',(-6.44,-5.56,0.3));
#968 = B_SPLINE_SURFACE_WITH_KNOTS('',1,1,(
    (#969,#970)
    ,(#971,#972
    )),.UNSPECIFIED.,.F.,.F.,.F.,(2,2),(2,2),(-5.28,0.),(0.,1.),
  .PIECEWISE_BEZIER_KNOTS.);
#969 = CARTESIAN_POINT('',(-6.64,-5.36,0.));
#970 = CARTESIAN_POINT('',(-6.44,-5.56,0.3));
#971 = CARTESIAN_POINT('',(-6.64,-10.64,0.));
#972 = CARTESIAN_POINT('',(-6.44,-10.44,0.3));
#973 = ADVANCED_FACE('',(#974),#991,.F.);
#974 = FACE_BOUND('',#975,.F.);
#975 = EDGE_LOOP('',(#976,#977,#978,#986));
#976 = ORIENTED_EDGE('',*,*,#697,.F.);
#977 = ORIENTED_EDGE('',*,*,#964,.T.);
#978 = ORIENTED_EDGE('',*,*,#979,.T.);
#979 = EDGE_CURVE('',#957,#980,#982,.T.);
#980 = VERTEX_POINT('',#981);
#981 = CARTESIAN_POINT('',(-6.44,-2.44,0.3));
#982 = LINE('',#983,#984);
#983 = CARTESIAN_POINT('',(-6.44,-5.56,0.3));
#984 = VECTOR('',#985,1.);
#985 = DIRECTION('',(0.,1.,0.));
#986 = ORIENTED_EDGE('',*,*,#987,.F.);
#987 = EDGE_CURVE('',#690,#980,#988,.T.);
#988 = B_SPLINE_CURVE_WITH_KNOTS('',1,(#989,#990),.UNSPECIFIED.,.F.,.F.,
  (2,2),(0.,1.),.PIECEWISE_BEZIER_KNOTS.);
#989 = CARTESIAN_POINT('',(-6.64,-2.64,0.));
#990 = CARTESIAN_POINT('',(-6.44,-2.44,0.3));
#991 = B_SPLINE_SURFACE_WITH_KNOTS('',1,1,(
    (#992,#993)
    ,(#994,#995
    )),.UNSPECIFIED.,.F.,.F.,.F.,(2,2),(2,2),(-3.12,0.),(0.,1.),
  .PIECEWISE_BEZIER_KNOTS.);
#992 = CARTESIAN_POINT('',(-6.64,-2.64,0.));
#993 = CARTESIAN_POINT('',(-6.44,-2.44,0.3));
#994 = CARTESIAN_POINT('',(-6.64,-5.36,0.));
#995 = CARTESIAN_POINT('',(-6.44,-5.56,0.3));
#996 = ADVANCED_FACE('',(#997),#1014,.F.);
#997 = FACE_BOUND('',#998,.F.);
#998 = EDGE_LOOP('',(#999,#1000,#1001,#1009));
#999 = ORIENTED_EDGE('',*,*,#689,.F.);
#1000 = ORIENTED_EDGE('',*,*,#987,.T.);
#1001 = ORIENTED_EDGE('',*,*,#1002,.T.);
#1002 = EDGE_CURVE('',#980,#1003,#1005,.T.);
#1003 = VERTEX_POINT('',#1004);
#1004 = CARTESIAN_POINT('',(-6.44,2.44,0.3));
#1005 = LINE('',#1006,#1007);
#1006 = CARTESIAN_POINT('',(-6.44,-2.44,0.3));
#1007 = VECTOR('',#1008,1.);
#1008 = DIRECTION('',(0.,1.,0.));
#1009 = ORIENTED_EDGE('',*,*,#1010,.F.);
#1010 = EDGE_CURVE('',#682,#1003,#1011,.T.);
#1011 = B_SPLINE_CURVE_WITH_KNOTS('',1,(#1012,#1013),.UNSPECIFIED.,.F.,
  .F.,(2,2),(0.,1.),.PIECEWISE_BEZIER_KNOTS.);
#1012 = CARTESIAN_POINT('',(-6.64,2.64,0.));
#1013 = CARTESIAN_POINT('',(-6.44,2.44,0.3));
#1014 = B_SPLINE_SURFACE_WITH_KNOTS('',1,1,(
    (#1015,#1016)
    ,(#1017,#1018
    )),.UNSPECIFIED.,.F.,.F.,.F.,(2,2),(2,2),(-5.28,0.),(0.,1.),
  .PIECEWISE_BEZIER_KNOTS.);
#1015 = CARTESIAN_POINT('',(-6.64,2.64,0.));
#1016 = CARTESIAN_POINT('',(-6.44,2.44,0.3));
#1017 = CARTESIAN_POINT('',(-6.64,-2.64,0.));
#1018 = CARTESIAN_POINT('',(-6.44,-2.44,0.3));
#1019 = ADVANCED_FACE('',(#1020),#1037,.F.);
#1020 = FACE_BOUND('',#1021,.F.);
#1021 = EDGE_LOOP('',(#1022,#1023,#1024,#1032));
#1022 = ORIENTED_EDGE('',*,*,#681,.F.);
#1023 = ORIENTED_EDGE('',*,*,#1010,.T.);
#1024 = ORIENTED_EDGE('',*,*,#1025,.T.);
#1025 = EDGE_CURVE('',#1003,#1026,#1028,.T.);
#1026 = VERTEX_POINT('',#1027);
#1027 = CARTESIAN_POINT('',(-6.44,5.56,0.3));
#1028 = LINE('',#1029,#1030);
#1029 = CARTESIAN_POINT('',(-6.44,2.44,0.3));
#1030 = VECTOR('',#1031,1.);
#1031 = DIRECTION('',(0.,1.,0.));
#1032 = ORIENTED_EDGE('',*,*,#1033,.F.);
#1033 = EDGE_CURVE('',#674,#1026,#1034,.T.);
#1034 = B_SPLINE_CURVE_WITH_KNOTS('',1,(#1035,#1036),.UNSPECIFIED.,.F.,
  .F.,(2,2),(0.,1.),.PIECEWISE_BEZIER_KNOTS.);
#1035 = CARTESIAN_POINT('',(-6.64,5.36,0.));
#1036 = CARTESIAN_POINT('',(-6.44,5.56,0.3));
#1037 = B_SPLINE_SURFACE_WITH_KNOTS('',1,1,(
    (#1038,#1039)
    ,(#1040,#1041
    )),.UNSPECIFIED.,.F.,.F.,.F.,(2,2),(2,2),(-3.12,0.),(0.,1.),
  .PIECEWISE_BEZIER_KNOTS.);
#1038 = CARTESIAN_POINT('',(-6.64,5.36,0.));
#1039 = CARTESIAN_POINT('',(-6.44,5.56,0.3));
#1040 = CARTESIAN_POINT('',(-6.64,2.64,0.));
#1041 = CARTESIAN_POINT('',(-6.44,2.44,0.3));
#1042 = ADVANCED_FACE('',(#1043),#1060,.F.);
#1043 = FACE_BOUND('',#1044,.F.);
#1044 = EDGE_LOOP('',(#1045,#1046,#1047,#1055));
#1045 = ORIENTED_EDGE('',*,*,#673,.F.);
#1046 = ORIENTED_EDGE('',*,*,#1033,.T.);
#1047 = ORIENTED_EDGE('',*,*,#1048,.T.);
#1048 = EDGE_CURVE('',#1026,#1049,#1051,.T.);
#1049 = VERTEX_POINT('',#1050);
#1050 = CARTESIAN_POINT('',(-6.44,10.44,0.3));
#1051 = LINE('',#1052,#1053);
#1052 = CARTESIAN_POINT('',(-6.44,5.56,0.3));
#1053 = VECTOR('',#1054,1.);
#1054 = DIRECTION('',(0.,1.,0.));
#1055 = ORIENTED_EDGE('',*,*,#1056,.F.);
#1056 = EDGE_CURVE('',#666,#1049,#1057,.T.);
#1057 = B_SPLINE_CURVE_WITH_KNOTS('',1,(#1058,#1059),.UNSPECIFIED.,.F.,
  .F.,(2,2),(0.,1.),.PIECEWISE_BEZIER_KNOTS.);
#1058 = CARTESIAN_POINT('',(-6.64,10.64,0.));
#1059 = CARTESIAN_POINT('',(-6.44,10.44,0.3));
#1060 = B_SPLINE_SURFACE_WITH_KNOTS('',1,1,(
    (#1061,#1062)
    ,(#1063,#1064
    )),.UNSPECIFIED.,.F.,.F.,.F.,(2,2),(2,2),(-5.28,0.),(0.,1.),
  .PIECEWISE_BEZIER_KNOTS.);
#1061 = CARTESIAN_POINT('',(-6.64,10.64,0.));
#1062 = CARTESIAN_POINT('',(-6.44,10.44,0.3));
#1063 = CARTESIAN_POINT('',(-6.64,5.36,0.));
#1064 = CARTESIAN_POINT('',(-6.44,5.56,0.3));
#1065 = ADVANCED_FACE('',(#1066),#1083,.F.);
#1066 = FACE_BOUND('',#1067,.F.);
#1067 = EDGE_LOOP('',(#1068,#1069,#1070,#1078));
#1068 = ORIENTED_EDGE('',*,*,#665,.F.);
#1069 = ORIENTED_EDGE('',*,*,#1056,.T.);
#1070 = ORIENTED_EDGE('',*,*,#1071,.T.);
#1071 = EDGE_CURVE('',#1049,#1072,#1074,.T.);
#1072 = VERTEX_POINT('',#1073);
#1073 = CARTESIAN_POINT('',(-6.44,13.56,0.3));
#1074 = LINE('',#1075,#1076);
#1075 = CARTESIAN_POINT('',(-6.44,10.44,0.3));
#1076 = VECTOR('',#1077,1.);
#1077 = DIRECTION('',(0.,1.,0.));
#1078 = ORIENTED_EDGE('',*,*,#1079,.F.);
#1079 = EDGE_CURVE('',#658,#1072,#1080,.T.);
#1080 = B_SPLINE_CURVE_WITH_KNOTS('',1,(#1081,#1082),.UNSPECIFIED.,.F.,
  .F.,(2,2),(0.,1.),.PIECEWISE_BEZIER_KNOTS.);
#1081 = CARTESIAN_POINT('',(-6.64,13.36,0.));
#1082 = CARTESIAN_POINT('',(-6.44,13.56,0.3));
#1083 = B_SPLINE_SURFACE_WITH_KNOTS('',1,1,(
    (#1084,#1085)
    ,(#1086,#1087
    )),.UNSPECIFIED.,.F.,.F.,.F.,(2,2),(2,2),(-3.12,0.),(0.,1.),
  .PIECEWISE_BEZIER_KNOTS.);
#1084 = CARTESIAN_POINT('',(-6.64,13.36,0.));
#1085 = CARTESIAN_POINT('',(-6.44,13.56,0.3));
#1086 = CARTESIAN_POINT('',(-6.64,10.64,0.));
#1087 = CARTESIAN_POINT('',(-6.44,10.44,0.3));
#1088 = ADVANCED_FACE('',(#1089),#1106,.F.);
#1089 = FACE_BOUND('',#1090,.F.);
#1090 = EDGE_LOOP('',(#1091,#1092,#1093,#1101));
#1091 = ORIENTED_EDGE('',*,*,#657,.F.);
#1092 = ORIENTED_EDGE('',*,*,#1079,.T.);
#1093 = ORIENTED_EDGE('',*,*,#1094,.T.);
#1094 = EDGE_CURVE('',#1072,#1095,#1097,.T.);
#1095 = VERTEX_POINT('',#1096);
#1096 = CARTESIAN_POINT('',(-6.44,18.44,0.3));
#1097 = LINE('',#1098,#1099);
#1098 = CARTESIAN_POINT('',(-6.44,13.56,0.3));
#1099 = VECTOR('',#1100,1.);
#1100 = DIRECTION('',(0.,1.,0.));
#1101 = ORIENTED_EDGE('',*,*,#1102,.F.);
#1102 = EDGE_CURVE('',#650,#1095,#1103,.T.);
#1103 = B_SPLINE_CURVE_WITH_KNOTS('',1,(#1104,#1105),.UNSPECIFIED.,.F.,
  .F.,(2,2),(0.,1.),.PIECEWISE_BEZIER_KNOTS.);
#1104 = CARTESIAN_POINT('',(-6.64,18.64,0.));
#1105 = CARTESIAN_POINT('',(-6.44,18.44,0.3));
#1106 = B_SPLINE_SURFACE_WITH_KNOTS('',1,1,(
    (#1107,#1108)
    ,(#1109,#1110
    )),.UNSPECIFIED.,.F.,.F.,.F.,(2,2),(2,2),(-5.28,0.),(0.,1.),
  .PIECEWISE_BEZIER_KNOTS.);
#1107 = CARTESIAN_POINT('',(-6.64,18.64,0.));
#1108 = CARTESIAN_POINT('',(-6.44,18.44,0.3));
#1109 = CARTESIAN_POINT('',(-6.64,13.36,0.));
#1110 = CARTESIAN_POINT('',(-6.44,13.56,0.3));
#1111 = ADVANCED_FACE('',(#1112),#1129,.F.);
#1112 = FACE_BOUND('',#1113,.F.);
#1113 = EDGE_LOOP('',(#1114,#1115,#1116,#1124));
#1114 = ORIENTED_EDGE('',*,*,#649,.F.);
#1115 = ORIENTED_EDGE('',*,*,#1102,.T.);
#1116 = ORIENTED_EDGE('',*,*,#1117,.T.);
#1117 = EDGE_CURVE('',#1095,#1118,#1120,.T.);
#1118 = VERTEX_POINT('',#1119);
#1119 = CARTESIAN_POINT('',(-1.56,18.44,0.3));
#1120 = LINE('',#1121,#1122);
#1121 = CARTESIAN_POINT('',(-6.44,18.44,0.3));
#1122 = VECTOR('',#1123,1.);
#1123 = DIRECTION('',(1.,0.,0.));
#1124 = ORIENTED_EDGE('',*,*,#1125,.F.);
#1125 = EDGE_CURVE('',#642,#1118,#1126,.T.);
#1126 = B_SPLINE_CURVE_WITH_KNOTS('',1,(#1127,#1128),.UNSPECIFIED.,.F.,
  .F.,(2,2),(0.,1.),.PIECEWISE_BEZIER_KNOTS.);
#1127 = CARTESIAN_POINT('',(-1.36,18.64,0.));
#1128 = CARTESIAN_POINT('',(-1.56,18.44,0.3));
#1129 = B_SPLINE_SURFACE_WITH_KNOTS('',1,1,(
    (#1130,#1131)
    ,(#1132,#1133
    )),.UNSPECIFIED.,.F.,.F.,.F.,(2,2),(2,2),(-5.28,0.),(0.,1.),
  .PIECEWISE_BEZIER_KNOTS.);
#1130 = CARTESIAN_POINT('',(-1.36,18.64,0.));
#1131 = CARTESIAN_POINT('',(-1.56,18.44,0.3));
#1132 = CARTESIAN_POINT('',(-6.64,18.64,0.));
#1133 = CARTESIAN_POINT('',(-6.44,18.44,0.3));
#1134 = ADVANCED_FACE('',(#1135),#1152,.F.);
#1135 = FACE_BOUND('',#1136,.F.);
#1136 = EDGE_LOOP('',(#1137,#1138,#1139,#1147));
#1137 = ORIENTED_EDGE('',*,*,#641,.T.);
#1138 = ORIENTED_EDGE('',*,*,#1125,.T.);
#1139 = ORIENTED_EDGE('',*,*,#1140,.F.);
#1140 = EDGE_CURVE('',#1141,#1118,#1143,.T.);
#1141 = VERTEX_POINT('',#1142);
#1142 = CARTESIAN_POINT('',(-1.56,13.56,0.3));
#1143 = LINE('',#1144,#1145);
#1144 = CARTESIAN_POINT('',(-1.56,13.56,0.3));
#1145 = VECTOR('',#1146,1.);
#1146 = DIRECTION('',(0.,1.,0.));
#1147 = ORIENTED_EDGE('',*,*,#1148,.F.);
#1148 = EDGE_CURVE('',#634,#1141,#1149,.T.);
#1149 = B_SPLINE_CURVE_WITH_KNOTS('',1,(#1150,#1151),.UNSPECIFIED.,.F.,
  .F.,(2,2),(0.,1.),.PIECEWISE_BEZIER_KNOTS.);
#1150 = CARTESIAN_POINT('',(-1.36,13.36,0.));
#1151 = CARTESIAN_POINT('',(-1.56,13.56,0.3));
#1152 = B_SPLINE_SURFACE_WITH_KNOTS('',1,1,(
    (#1153,#1154)
    ,(#1155,#1156
    )),.UNSPECIFIED.,.F.,.F.,.F.,(2,2),(2,2),(0.,5.28),(0.,1.),
  .PIECEWISE_BEZIER_KNOTS.);
#1153 = CARTESIAN_POINT('',(-1.36,13.36,0.));
#1154 = CARTESIAN_POINT('',(-1.56,13.56,0.3));
#1155 = CARTESIAN_POINT('',(-1.36,18.64,0.));
#1156 = CARTESIAN_POINT('',(-1.56,18.44,0.3));
#1157 = ADVANCED_FACE('',(#1158),#1175,.F.);
#1158 = FACE_BOUND('',#1159,.F.);
#1159 = EDGE_LOOP('',(#1160,#1161,#1162,#1170));
#1160 = ORIENTED_EDGE('',*,*,#633,.T.);
#1161 = ORIENTED_EDGE('',*,*,#1148,.T.);
#1162 = ORIENTED_EDGE('',*,*,#1163,.F.);
#1163 = EDGE_CURVE('',#1164,#1141,#1166,.T.);
#1164 = VERTEX_POINT('',#1165);
#1165 = CARTESIAN_POINT('',(-1.56,10.44,0.3));
#1166 = LINE('',#1167,#1168);
#1167 = CARTESIAN_POINT('',(-1.56,10.44,0.3));
#1168 = VECTOR('',#1169,1.);
#1169 = DIRECTION('',(0.,1.,0.));
#1170 = ORIENTED_EDGE('',*,*,#1171,.F.);
#1171 = EDGE_CURVE('',#626,#1164,#1172,.T.);
#1172 = B_SPLINE_CURVE_WITH_KNOTS('',1,(#1173,#1174),.UNSPECIFIED.,.F.,
  .F.,(2,2),(0.,1.),.PIECEWISE_BEZIER_KNOTS.);
#1173 = CARTESIAN_POINT('',(-1.36,10.64,0.));
#1174 = CARTESIAN_POINT('',(-1.56,10.44,0.3));
#1175 = B_SPLINE_SURFACE_WITH_KNOTS('',1,1,(
    (#1176,#1177)
    ,(#1178,#1179
    )),.UNSPECIFIED.,.F.,.F.,.F.,(2,2),(2,2),(0.,3.12),(0.,1.),
  .PIECEWISE_BEZIER_KNOTS.);
#1176 = CARTESIAN_POINT('',(-1.36,10.64,0.));
#1177 = CARTESIAN_POINT('',(-1.56,10.44,0.3));
#1178 = CARTESIAN_POINT('',(-1.36,13.36,0.));
#1179 = CARTESIAN_POINT('',(-1.56,13.56,0.3));
#1180 = ADVANCED_FACE('',(#1181),#1198,.F.);
#1181 = FACE_BOUND('',#1182,.F.);
#1182 = EDGE_LOOP('',(#1183,#1184,#1185,#1193));
#1183 = ORIENTED_EDGE('',*,*,#625,.T.);
#1184 = ORIENTED_EDGE('',*,*,#1171,.T.);
#1185 = ORIENTED_EDGE('',*,*,#1186,.F.);
#1186 = EDGE_CURVE('',#1187,#1164,#1189,.T.);
#1187 = VERTEX_POINT('',#1188);
#1188 = CARTESIAN_POINT('',(-1.56,5.56,0.3));
#1189 = LINE('',#1190,#1191);
#1190 = CARTESIAN_POINT('',(-1.56,5.56,0.3));
#1191 = VECTOR('',#1192,1.);
#1192 = DIRECTION('',(0.,1.,0.));
#1193 = ORIENTED_EDGE('',*,*,#1194,.F.);
#1194 = EDGE_CURVE('',#618,#1187,#1195,.T.);
#1195 = B_SPLINE_CURVE_WITH_KNOTS('',1,(#1196,#1197),.UNSPECIFIED.,.F.,
  .F.,(2,2),(0.,1.),.PIECEWISE_BEZIER_KNOTS.);
#1196 = CARTESIAN_POINT('',(-1.36,5.36,0.));
#1197 = CARTESIAN_POINT('',(-1.56,5.56,0.3));
#1198 = B_SPLINE_SURFACE_WITH_KNOTS('',1,1,(
    (#1199,#1200)
    ,(#1201,#1202
    )),.UNSPECIFIED.,.F.,.F.,.F.,(2,2),(2,2),(0.,5.28),(0.,1.),
  .PIECEWISE_BEZIER_KNOTS.);
#1199 = CARTESIAN_POINT('',(-1.36,5.36,0.));
#1200 = CARTESIAN_POINT('',(-1.56,5.56,0.3));
#1201 = CARTESIAN_POINT('',(-1.36,10.64,0.));
#1202 = CARTESIAN_POINT('',(-1.56,10.44,0.3));
#1203 = ADVANCED_FACE('',(#1204),#1221,.F.);
#1204 = FACE_BOUND('',#1205,.F.);
#1205 = EDGE_LOOP('',(#1206,#1207,#1208,#1216));
#1206 = ORIENTED_EDGE('',*,*,#617,.T.);
#1207 = ORIENTED_EDGE('',*,*,#1194,.T.);
#1208 = ORIENTED_EDGE('',*,*,#1209,.F.);
#1209 = EDGE_CURVE('',#1210,#1187,#1212,.T.);
#1210 = VERTEX_POINT('',#1211);
#1211 = CARTESIAN_POINT('',(-1.56,2.44,0.3));
#1212 = LINE('',#1213,#1214);
#1213 = CARTESIAN_POINT('',(-1.56,2.44,0.3));
#1214 = VECTOR('',#1215,1.);
#1215 = DIRECTION('',(0.,1.,0.));
#1216 = ORIENTED_EDGE('',*,*,#1217,.F.);
#1217 = EDGE_CURVE('',#610,#1210,#1218,.T.);
#1218 = B_SPLINE_CURVE_WITH_KNOTS('',1,(#1219,#1220),.UNSPECIFIED.,.F.,
  .F.,(2,2),(0.,1.),.PIECEWISE_BEZIER_KNOTS.);
#1219 = CARTESIAN_POINT('',(-1.36,2.64,0.));
#1220 = CARTESIAN_POINT('',(-1.56,2.44,0.3));
#1221 = B_SPLINE_SURFACE_WITH_KNOTS('',1,1,(
    (#1222,#1223)
    ,(#1224,#1225
    )),.UNSPECIFIED.,.F.,.F.,.F.,(2,2),(2,2),(0.,3.12),(0.,1.),
  .PIECEWISE_BEZIER_KNOTS.);
#1222 = CARTESIAN_POINT('',(-1.36,2.64,0.));
#1223 = CARTESIAN_POINT('',(-1.56,2.44,0.3));
#1224 = CARTESIAN_POINT('',(-1.36,5.36,0.));
#1225 = CARTESIAN_POINT('',(-1.56,5.56,0.3));
#1226 = ADVANCED_FACE('',(#1227),#1244,.F.);
#1227 = FACE_BOUND('',#1228,.F.);
#1228 = EDGE_LOOP('',(#1229,#1230,#1231,#1239));
#1229 = ORIENTED_EDGE('',*,*,#609,.F.);
#1230 = ORIENTED_EDGE('',*,*,#1217,.T.);
#1231 = ORIENTED_EDGE('',*,*,#1232,.T.);
#1232 = EDGE_CURVE('',#1210,#1233,#1235,.T.);
#1233 = VERTEX_POINT('',#1234);
#1234 = CARTESIAN_POINT('',(6.44,2.44,0.3));
#1235 = LINE('',#1236,#1237);
#1236 = CARTESIAN_POINT('',(-6.44,2.44,0.3));
#1237 = VECTOR('',#1238,1.);
#1238 = DIRECTION('',(1.,0.,0.));
#1239 = ORIENTED_EDGE('',*,*,#1240,.F.);
#1240 = EDGE_CURVE('',#602,#1233,#1241,.T.);
#1241 = B_SPLINE_CURVE_WITH_KNOTS('',1,(#1242,#1243),.UNSPECIFIED.,.F.,
  .F.,(2,2),(0.,1.),.PIECEWISE_BEZIER_KNOTS.);
#1242 = CARTESIAN_POINT('',(6.64,2.64,0.));
#1243 = CARTESIAN_POINT('',(6.44,2.44,0.3));
#1244 = B_SPLINE_SURFACE_WITH_KNOTS('',1,1,(
    (#1245,#1246)
    ,(#1247,#1248
    )),.UNSPECIFIED.,.F.,.F.,.F.,(2,2),(2,2),(-13.28,0.),(0.,1.),
  .PIECEWISE_BEZIER_KNOTS.);
#1245 = CARTESIAN_POINT('',(6.64,2.64,0.));
#1246 = CARTESIAN_POINT('',(6.44,2.44,0.3));
#1247 = CARTESIAN_POINT('',(-6.64,2.64,0.));
#1248 = CARTESIAN_POINT('',(-6.44,2.44,0.3));
#1249 = ADVANCED_FACE('',(#1250),#1267,.F.);
#1250 = FACE_BOUND('',#1251,.F.);
#1251 = EDGE_LOOP('',(#1252,#1253,#1254,#1262));
#1252 = ORIENTED_EDGE('',*,*,#601,.T.);
#1253 = ORIENTED_EDGE('',*,*,#1240,.T.);
#1254 = ORIENTED_EDGE('',*,*,#1255,.F.);
#1255 = EDGE_CURVE('',#1256,#1233,#1258,.T.);
#1256 = VERTEX_POINT('',#1257);
#1257 = CARTESIAN_POINT('',(6.44,-2.44,0.3));
#1258 = LINE('',#1259,#1260);
#1259 = CARTESIAN_POINT('',(6.44,-2.44,0.3));
#1260 = VECTOR('',#1261,1.);
#1261 = DIRECTION('',(0.,1.,0.));
#1262 = ORIENTED_EDGE('',*,*,#1263,.F.);
#1263 = EDGE_CURVE('',#594,#1256,#1264,.T.);
#1264 = B_SPLINE_CURVE_WITH_KNOTS('',1,(#1265,#1266),.UNSPECIFIED.,.F.,
  .F.,(2,2),(0.,1.),.PIECEWISE_BEZIER_KNOTS.);
#1265 = CARTESIAN_POINT('',(6.64,-2.64,0.));
#1266 = CARTESIAN_POINT('',(6.44,-2.44,0.3));
#1267 = B_SPLINE_SURFACE_WITH_KNOTS('',1,1,(
    (#1268,#1269)
    ,(#1270,#1271
    )),.UNSPECIFIED.,.F.,.F.,.F.,(2,2),(2,2),(0.,5.28),(0.,1.),
  .PIECEWISE_BEZIER_KNOTS.);
#1268 = CARTESIAN_POINT('',(6.64,-2.64,0.));
#1269 = CARTESIAN_POINT('',(6.44,-2.44,0.3));
#1270 = CARTESIAN_POINT('',(6.64,2.64,0.));
#1271 = CARTESIAN_POINT('',(6.44,2.44,0.3));
#1272 = ADVANCED_FACE('',(#1273),#1290,.F.);
#1273 = FACE_BOUND('',#1274,.F.);
#1274 = EDGE_LOOP('',(#1275,#1276,#1277,#1285));
#1275 = ORIENTED_EDGE('',*,*,#593,.T.);
#1276 = ORIENTED_EDGE('',*,*,#1263,.T.);
#1277 = ORIENTED_EDGE('',*,*,#1278,.F.);
#1278 = EDGE_CURVE('',#1279,#1256,#1281,.T.);
#1279 = VERTEX_POINT('',#1280);
#1280 = CARTESIAN_POINT('',(6.44,-5.56,0.3));
#1281 = LINE('',#1282,#1283);
#1282 = CARTESIAN_POINT('',(6.44,-5.56,0.3));
#1283 = VECTOR('',#1284,1.);
#1284 = DIRECTION('',(0.,1.,0.));
#1285 = ORIENTED_EDGE('',*,*,#1286,.F.);
#1286 = EDGE_CURVE('',#586,#1279,#1287,.T.);
#1287 = B_SPLINE_CURVE_WITH_KNOTS('',1,(#1288,#1289),.UNSPECIFIED.,.F.,
  .F.,(2,2),(0.,1.),.PIECEWISE_BEZIER_KNOTS.);
#1288 = CARTESIAN_POINT('',(6.64,-5.36,0.));
#1289 = CARTESIAN_POINT('',(6.44,-5.56,0.3));
#1290 = B_SPLINE_SURFACE_WITH_KNOTS('',1,1,(
    (#1291,#1292)
    ,(#1293,#1294
    )),.UNSPECIFIED.,.F.,.F.,.F.,(2,2),(2,2),(0.,3.12),(0.,1.),
  .PIECEWISE_BEZIER_KNOTS.);
#1291 = CARTESIAN_POINT('',(6.64,-5.36,0.));
#1292 = CARTESIAN_POINT('',(6.44,-5.56,0.3));
#1293 = CARTESIAN_POINT('',(6.64,-2.64,0.));
#1294 = CARTESIAN_POINT('',(6.44,-2.44,0.3));
#1295 = ADVANCED_FACE('',(#1296),#1313,.F.);
#1296 = FACE_BOUND('',#1297,.F.);
#1297 = EDGE_LOOP('',(#1298,#1299,#1300,#1308));
#1298 = ORIENTED_EDGE('',*,*,#585,.T.);
#1299 = ORIENTED_EDGE('',*,*,#1286,.T.);
#1300 = ORIENTED_EDGE('',*,*,#1301,.F.);
#1301 = EDGE_CURVE('',#1302,#1279,#1304,.T.);
#1302 = VERTEX_POINT('',#1303);
#1303 = CARTESIAN_POINT('',(6.44,-10.44,0.3));
#1304 = LINE('',#1305,#1306);
#1305 = CARTESIAN_POINT('',(6.44,-10.44,0.3));
#1306 = VECTOR('',#1307,1.);
#1307 = DIRECTION('',(0.,1.,0.));
#1308 = ORIENTED_EDGE('',*,*,#1309,.F.);
#1309 = EDGE_CURVE('',#578,#1302,#1310,.T.);
#1310 = B_SPLINE_CURVE_WITH_KNOTS('',1,(#1311,#1312),.UNSPECIFIED.,.F.,
  .F.,(2,2),(0.,1.),.PIECEWISE_BEZIER_KNOTS.);
#1311 = CARTESIAN_POINT('',(6.64,-10.64,0.));
#1312 = CARTESIAN_POINT('',(6.44,-10.44,0.3));
#1313 = B_SPLINE_SURFACE_WITH_KNOTS('',1,1,(
    (#1314,#1315)
    ,(#1316,#1317
    )),.UNSPECIFIED.,.F.,.F.,.F.,(2,2),(2,2),(0.,5.28),(0.,1.),
  .PIECEWISE_BEZIER_KNOTS.);
#1314 = CARTESIAN_POINT('',(6.64,-10.64,0.));
#1315 = CARTESIAN_POINT('',(6.44,-10.44,0.3));
#1316 = CARTESIAN_POINT('',(6.64,-5.36,0.));
#1317 = CARTESIAN_POINT('',(6.44,-5.56,0.3));
#1318 = ADVANCED_FACE('',(#1319),#1336,.F.);
#1319 = FACE_BOUND('',#1320,.F.);
#1320 = EDGE_LOOP('',(#1321,#1322,#1323,#1331));
#1321 = ORIENTED_EDGE('',*,*,#577,.T.);
#1322 = ORIENTED_EDGE('',*,*,#1309,.T.);
#1323 = ORIENTED_EDGE('',*,*,#1324,.F.);
#1324 = EDGE_CURVE('',#1325,#1302,#1327,.T.);
#1325 = VERTEX_POINT('',#1326);
#1326 = CARTESIAN_POINT('',(6.44,-13.56,0.3));
#1327 = LINE('',#1328,#1329);
#1328 = CARTESIAN_POINT('',(6.44,-13.56,0.3));
#1329 = VECTOR('',#1330,1.);
#1330 = DIRECTION('',(0.,1.,0.));
#1331 = ORIENTED_EDGE('',*,*,#1332,.F.);
#1332 = EDGE_CURVE('',#570,#1325,#1333,.T.);
#1333 = B_SPLINE_CURVE_WITH_KNOTS('',1,(#1334,#1335),.UNSPECIFIED.,.F.,
  .F.,(2,2),(0.,1.),.PIECEWISE_BEZIER_KNOTS.);
#1334 = CARTESIAN_POINT('',(6.64,-13.36,0.));
#1335 = CARTESIAN_POINT('',(6.44,-13.56,0.3));
#1336 = B_SPLINE_SURFACE_WITH_KNOTS('',1,1,(
    (#1337,#1338)
    ,(#1339,#1340
    )),.UNSPECIFIED.,.F.,.F.,.F.,(2,2),(2,2),(0.,3.12),(0.,1.),
  .PIECEWISE_BEZIER_KNOTS.);
#1337 = CARTESIAN_POINT('',(6.64,-13.36,0.));
#1338 = CARTESIAN_POINT('',(6.44,-13.56,0.3));
#1339 = CARTESIAN_POINT('',(6.64,-10.64,0.));
#1340 = CARTESIAN_POINT('',(6.44,-10.44,0.3));
#1341 = ADVANCED_FACE('',(#1342),#1359,.F.);
#1342 = FACE_BOUND('',#1343,.F.);
#1343 = EDGE_LOOP('',(#1344,#1345,#1346,#1354));
#1344 = ORIENTED_EDGE('',*,*,#569,.T.);
#1345 = ORIENTED_EDGE('',*,*,#1332,.T.);
#1346 = ORIENTED_EDGE('',*,*,#1347,.F.);
#1347 = EDGE_CURVE('',#1348,#1325,#1350,.T.);
#1348 = VERTEX_POINT('',#1349);
#1349 = CARTESIAN_POINT('',(6.44,-18.44,0.3));
#1350 = LINE('',#1351,#1352);
#1351 = CARTESIAN_POINT('',(6.44,-18.44,0.3));
#1352 = VECTOR('',#1353,1.);
#1353 = DIRECTION('',(0.,1.,0.));
#1354 = ORIENTED_EDGE('',*,*,#1355,.F.);
#1355 = EDGE_CURVE('',#562,#1348,#1356,.T.);
#1356 = B_SPLINE_CURVE_WITH_KNOTS('',1,(#1357,#1358),.UNSPECIFIED.,.F.,
  .F.,(2,2),(0.,1.),.PIECEWISE_BEZIER_KNOTS.);
#1357 = CARTESIAN_POINT('',(6.64,-18.64,0.));
#1358 = CARTESIAN_POINT('',(6.44,-18.44,0.3));
#1359 = B_SPLINE_SURFACE_WITH_KNOTS('',1,1,(
    (#1360,#1361)
    ,(#1362,#1363
    )),.UNSPECIFIED.,.F.,.F.,.F.,(2,2),(2,2),(0.,5.28),(0.,1.),
  .PIECEWISE_BEZIER_KNOTS.);
#1360 = CARTESIAN_POINT('',(6.64,-18.64,0.));
#1361 = CARTESIAN_POINT('',(6.44,-18.44,0.3));
#1362 = CARTESIAN_POINT('',(6.64,-13.36,0.));
#1363 = CARTESIAN_POINT('',(6.44,-13.56,0.3));
#1364 = ADVANCED_FACE('',(#1365),#1376,.F.);
#1365 = FACE_BOUND('',#1366,.F.);
#1366 = EDGE_LOOP('',(#1367,#1368,#1369,#1375));
#1367 = ORIENTED_EDGE('',*,*,#561,.T.);
#1368 = ORIENTED_EDGE('',*,*,#1355,.T.);
#1369 = ORIENTED_EDGE('',*,*,#1370,.F.);
#1370 = EDGE_CURVE('',#904,#1348,#1371,.T.);
#1371 = LINE('',#1372,#1373);
#1372 = CARTESIAN_POINT('',(-6.44,-18.44,0.3));
#1373 = VECTOR('',#1374,1.);
#1374 = DIRECTION('',(1.,0.,0.));
#1375 = ORIENTED_EDGE('',*,*,#903,.F.);
#1376 = B_SPLINE_SURFACE_WITH_KNOTS('',1,1,(
    (#1377,#1378)
    ,(#1379,#1380
    )),.UNSPECIFIED.,.F.,.F.,.F.,(2,2),(2,2),(0.,13.28),(0.,1.),
  .PIECEWISE_BEZIER_KNOTS.);
#1377 = CARTESIAN_POINT('',(-6.64,-18.64,0.));
#1378 = CARTESIAN_POINT('',(-6.44,-18.44,0.3));
#1379 = CARTESIAN_POINT('',(6.64,-18.64,0.));
#1380 = CARTESIAN_POINT('',(6.44,-18.44,0.3));
#1381 = ADVANCED_FACE('',(#1382),#1385,.T.);
#1382 = FACE_BOUND('',#1383,.T.);
#1383 = EDGE_LOOP('',(#1384));
#1384 = ORIENTED_EDGE('',*,*,#727,.T.);
#1385 = PLANE('',#1386);
#1386 = AXIS2_PLACEMENT_3D('',#1387,#1388,#1389);
#1387 = CARTESIAN_POINT('',(-4.,-8.,11.4));
#1388 = DIRECTION('',(0.,0.,1.));
#1389 = DIRECTION('',(1.,0.,0.));
#1390 = ADVANCED_FACE('',(#1391),#1394,.T.);
#1391 = FACE_BOUND('',#1392,.T.);
#1392 = EDGE_LOOP('',(#1393));
#1393 = ORIENTED_EDGE('',*,*,#752,.T.);
#1394 = PLANE('',#1395);
#1395 = AXIS2_PLACEMENT_3D('',#1396,#1397,#1398);
#1396 = CARTESIAN_POINT('',(4.,-16.,11.4));
#1397 = DIRECTION('',(0.,0.,1.));
#1398 = DIRECTION('',(1.,0.,0.));
#1399 = ADVANCED_FACE('',(#1400),#1403,.T.);
#1400 = FACE_BOUND('',#1401,.T.);
#1401 = EDGE_LOOP('',(#1402));
#1402 = ORIENTED_EDGE('',*,*,#777,.T.);
#1403 = PLANE('',#1404);
#1404 = AXIS2_PLACEMENT_3D('',#1405,#1406,#1407);
#1405 = CARTESIAN_POINT('',(4.,-8.,11.4));
#1406 = DIRECTION('',(0.,0.,1.));
#1407 = DIRECTION('',(1.,0.,0.));
#1408 = ADVANCED_FACE('',(#1409),#1412,.T.);
#1409 = FACE_BOUND('',#1410,.T.);
#1410 = EDGE_LOOP('',(#1411));
#1411 = ORIENTED_EDGE('',*,*,#802,.T.);
#1412 = PLANE('',#1413);
#1413 = AXIS2_PLACEMENT_3D('',#1414,#1415,#1416);
#1414 = CARTESIAN_POINT('',(-4.,0.,11.4));
#1415 = DIRECTION('',(0.,0.,1.));
#1416 = DIRECTION('',(1.,0.,0.));
#1417 = ADVANCED_FACE('',(#1418),#1421,.T.);
#1418 = FACE_BOUND('',#1419,.T.);
#1419 = EDGE_LOOP('',(#1420));
#1420 = ORIENTED_EDGE('',*,*,#827,.T.);
#1421 = PLANE('',#1422);
#1422 = AXIS2_PLACEMENT_3D('',#1423,#1424,#1425);
#1423 = CARTESIAN_POINT('',(-4.,8.,11.4));
#1424 = DIRECTION('',(0.,0.,1.));
#1425 = DIRECTION('',(1.,0.,0.));
#1426 = ADVANCED_FACE('',(#1427),#1430,.T.);
#1427 = FACE_BOUND('',#1428,.T.);
#1428 = EDGE_LOOP('',(#1429));
#1429 = ORIENTED_EDGE('',*,*,#852,.T.);
#1430 = PLANE('',#1431);
#1431 = AXIS2_PLACEMENT_3D('',#1432,#1433,#1434);
#1432 = CARTESIAN_POINT('',(-4.,16.,11.4));
#1433 = DIRECTION('',(0.,0.,1.));
#1434 = DIRECTION('',(1.,0.,0.));
#1435 = ADVANCED_FACE('',(#1436),#1439,.T.);
#1436 = FACE_BOUND('',#1437,.T.);
#1437 = EDGE_LOOP('',(#1438));
#1438 = ORIENTED_EDGE('',*,*,#877,.T.);
#1439 = PLANE('',#1440);
#1440 = AXIS2_PLACEMENT_3D('',#1441,#1442,#1443);
#1441 = CARTESIAN_POINT('',(4.,0.,11.4));
#1442 = DIRECTION('',(0.,0.,1.));
#1443 = DIRECTION('',(1.,0.,0.));
#1444 = ADVANCED_FACE('',(#1445),#1606,.F.);
#1445 = FACE_BOUND('',#1446,.F.);
#1446 = EDGE_LOOP('',(#1447,#1448,#1456,#1464,#1472,#1480,#1488,#1496,
    #1504,#1512,#1520,#1528,#1536,#1544,#1552,#1560,#1568,#1576,#1584,
    #1592,#1598,#1599,#1600,#1601,#1602,#1603,#1604,#1605));
#1447 = ORIENTED_EDGE('',*,*,#910,.F.);
#1448 = ORIENTED_EDGE('',*,*,#1449,.T.);
#1449 = EDGE_CURVE('',#904,#1450,#1452,.T.);
#1450 = VERTEX_POINT('',#1451);
#1451 = CARTESIAN_POINT('',(-6.44,-18.44,8.));
#1452 = LINE('',#1453,#1454);
#1453 = CARTESIAN_POINT('',(-6.44,-18.44,0.));
#1454 = VECTOR('',#1455,1.);
#1455 = DIRECTION('',(0.,0.,1.));
#1456 = ORIENTED_EDGE('',*,*,#1457,.T.);
#1457 = EDGE_CURVE('',#1450,#1458,#1460,.T.);
#1458 = VERTEX_POINT('',#1459);
#1459 = CARTESIAN_POINT('',(-6.44,-12.6,8.));
#1460 = LINE('',#1461,#1462);
#1461 = CARTESIAN_POINT('',(-6.44,-18.44,8.));
#1462 = VECTOR('',#1463,1.);
#1463 = DIRECTION('',(0.,1.,0.));
#1464 = ORIENTED_EDGE('',*,*,#1465,.F.);
#1465 = EDGE_CURVE('',#1466,#1458,#1468,.T.);
#1466 = VERTEX_POINT('',#1467);
#1467 = CARTESIAN_POINT('',(-6.44,-12.6,6.8));
#1468 = LINE('',#1469,#1470);
#1469 = CARTESIAN_POINT('',(-6.44,-12.6,5.4));
#1470 = VECTOR('',#1471,1.);
#1471 = DIRECTION('',(0.,0.,1.));
#1472 = ORIENTED_EDGE('',*,*,#1473,.T.);
#1473 = EDGE_CURVE('',#1466,#1474,#1476,.T.);
#1474 = VERTEX_POINT('',#1475);
#1475 = CARTESIAN_POINT('',(-6.44,-11.4,6.8));
#1476 = LINE('',#1477,#1478);
#1477 = CARTESIAN_POINT('',(-6.44,4.852191110611E-16,6.8));
#1478 = VECTOR('',#1479,1.);
#1479 = DIRECTION('',(0.,1.,0.));
#1480 = ORIENTED_EDGE('',*,*,#1481,.T.);
#1481 = EDGE_CURVE('',#1474,#1482,#1484,.T.);
#1482 = VERTEX_POINT('',#1483);
#1483 = CARTESIAN_POINT('',(-6.44,-11.4,8.));
#1484 = LINE('',#1485,#1486);
#1485 = CARTESIAN_POINT('',(-6.44,-11.4,5.4));
#1486 = VECTOR('',#1487,1.);
#1487 = DIRECTION('',(0.,0.,1.));
#1488 = ORIENTED_EDGE('',*,*,#1489,.T.);
#1489 = EDGE_CURVE('',#1482,#1490,#1492,.T.);
#1490 = VERTEX_POINT('',#1491);
#1491 = CARTESIAN_POINT('',(-6.44,-4.6,8.));
#1492 = LINE('',#1493,#1494);
#1493 = CARTESIAN_POINT('',(-6.44,-18.44,8.));
#1494 = VECTOR('',#1495,1.);
#1495 = DIRECTION('',(0.,1.,0.));
#1496 = ORIENTED_EDGE('',*,*,#1497,.F.);
#1497 = EDGE_CURVE('',#1498,#1490,#1500,.T.);
#1498 = VERTEX_POINT('',#1499);
#1499 = CARTESIAN_POINT('',(-6.44,-4.6,6.8));
#1500 = LINE('',#1501,#1502);
#1501 = CARTESIAN_POINT('',(-6.44,-4.6,5.4));
#1502 = VECTOR('',#1503,1.);
#1503 = DIRECTION('',(0.,0.,1.));
#1504 = ORIENTED_EDGE('',*,*,#1505,.T.);
#1505 = EDGE_CURVE('',#1498,#1506,#1508,.T.);
#1506 = VERTEX_POINT('',#1507);
#1507 = CARTESIAN_POINT('',(-6.44,-3.4,6.8));
#1508 = LINE('',#1509,#1510);
#1509 = CARTESIAN_POINT('',(-6.44,4.852191110611E-16,6.8));
#1510 = VECTOR('',#1511,1.);
#1511 = DIRECTION('',(0.,1.,0.));
#1512 = ORIENTED_EDGE('',*,*,#1513,.T.);
#1513 = EDGE_CURVE('',#1506,#1514,#1516,.T.);
#1514 = VERTEX_POINT('',#1515);
#1515 = CARTESIAN_POINT('',(-6.44,-3.4,8.));
#1516 = LINE('',#1517,#1518);
#1517 = CARTESIAN_POINT('',(-6.44,-3.4,5.4));
#1518 = VECTOR('',#1519,1.);
#1519 = DIRECTION('',(0.,0.,1.));
#1520 = ORIENTED_EDGE('',*,*,#1521,.T.);
#1521 = EDGE_CURVE('',#1514,#1522,#1524,.T.);
#1522 = VERTEX_POINT('',#1523);
#1523 = CARTESIAN_POINT('',(-6.44,3.4,8.));
#1524 = LINE('',#1525,#1526);
#1525 = CARTESIAN_POINT('',(-6.44,-18.44,8.));
#1526 = VECTOR('',#1527,1.);
#1527 = DIRECTION('',(0.,1.,0.));
#1528 = ORIENTED_EDGE('',*,*,#1529,.F.);
#1529 = EDGE_CURVE('',#1530,#1522,#1532,.T.);
#1530 = VERTEX_POINT('',#1531);
#1531 = CARTESIAN_POINT('',(-6.44,3.4,6.8));
#1532 = LINE('',#1533,#1534);
#1533 = CARTESIAN_POINT('',(-6.44,3.4,5.4));
#1534 = VECTOR('',#1535,1.);
#1535 = DIRECTION('',(0.,0.,1.));
#1536 = ORIENTED_EDGE('',*,*,#1537,.T.);
#1537 = EDGE_CURVE('',#1530,#1538,#1540,.T.);
#1538 = VERTEX_POINT('',#1539);
#1539 = CARTESIAN_POINT('',(-6.44,4.6,6.8));
#1540 = LINE('',#1541,#1542);
#1541 = CARTESIAN_POINT('',(-6.44,4.852191110611E-16,6.8));
#1542 = VECTOR('',#1543,1.);
#1543 = DIRECTION('',(0.,1.,0.));
#1544 = ORIENTED_EDGE('',*,*,#1545,.T.);
#1545 = EDGE_CURVE('',#1538,#1546,#1548,.T.);
#1546 = VERTEX_POINT('',#1547);
#1547 = CARTESIAN_POINT('',(-6.44,4.6,8.));
#1548 = LINE('',#1549,#1550);
#1549 = CARTESIAN_POINT('',(-6.44,4.6,5.4));
#1550 = VECTOR('',#1551,1.);
#1551 = DIRECTION('',(0.,0.,1.));
#1552 = ORIENTED_EDGE('',*,*,#1553,.T.);
#1553 = EDGE_CURVE('',#1546,#1554,#1556,.T.);
#1554 = VERTEX_POINT('',#1555);
#1555 = CARTESIAN_POINT('',(-6.44,11.4,8.));
#1556 = LINE('',#1557,#1558);
#1557 = CARTESIAN_POINT('',(-6.44,-18.44,8.));
#1558 = VECTOR('',#1559,1.);
#1559 = DIRECTION('',(0.,1.,0.));
#1560 = ORIENTED_EDGE('',*,*,#1561,.F.);
#1561 = EDGE_CURVE('',#1562,#1554,#1564,.T.);
#1562 = VERTEX_POINT('',#1563);
#1563 = CARTESIAN_POINT('',(-6.44,11.4,6.8));
#1564 = LINE('',#1565,#1566);
#1565 = CARTESIAN_POINT('',(-6.44,11.4,5.4));
#1566 = VECTOR('',#1567,1.);
#1567 = DIRECTION('',(0.,0.,1.));
#1568 = ORIENTED_EDGE('',*,*,#1569,.T.);
#1569 = EDGE_CURVE('',#1562,#1570,#1572,.T.);
#1570 = VERTEX_POINT('',#1571);
#1571 = CARTESIAN_POINT('',(-6.44,12.6,6.8));
#1572 = LINE('',#1573,#1574);
#1573 = CARTESIAN_POINT('',(-6.44,4.852191110611E-16,6.8));
#1574 = VECTOR('',#1575,1.);
#1575 = DIRECTION('',(0.,1.,0.));
#1576 = ORIENTED_EDGE('',*,*,#1577,.T.);
#1577 = EDGE_CURVE('',#1570,#1578,#1580,.T.);
#1578 = VERTEX_POINT('',#1579);
#1579 = CARTESIAN_POINT('',(-6.44,12.6,8.));
#1580 = LINE('',#1581,#1582);
#1581 = CARTESIAN_POINT('',(-6.44,12.6,5.4));
#1582 = VECTOR('',#1583,1.);
#1583 = DIRECTION('',(0.,0.,1.));
#1584 = ORIENTED_EDGE('',*,*,#1585,.T.);
#1585 = EDGE_CURVE('',#1578,#1586,#1588,.T.);
#1586 = VERTEX_POINT('',#1587);
#1587 = CARTESIAN_POINT('',(-6.44,18.44,8.));
#1588 = LINE('',#1589,#1590);
#1589 = CARTESIAN_POINT('',(-6.44,-18.44,8.));
#1590 = VECTOR('',#1591,1.);
#1591 = DIRECTION('',(0.,1.,0.));
#1592 = ORIENTED_EDGE('',*,*,#1593,.F.);
#1593 = EDGE_CURVE('',#1095,#1586,#1594,.T.);
#1594 = LINE('',#1595,#1596);
#1595 = CARTESIAN_POINT('',(-6.44,18.44,0.));
#1596 = VECTOR('',#1597,1.);
#1597 = DIRECTION('',(0.,0.,1.));
#1598 = ORIENTED_EDGE('',*,*,#1094,.F.);
#1599 = ORIENTED_EDGE('',*,*,#1071,.F.);
#1600 = ORIENTED_EDGE('',*,*,#1048,.F.);
#1601 = ORIENTED_EDGE('',*,*,#1025,.F.);
#1602 = ORIENTED_EDGE('',*,*,#1002,.F.);
#1603 = ORIENTED_EDGE('',*,*,#979,.F.);
#1604 = ORIENTED_EDGE('',*,*,#956,.F.);
#1605 = ORIENTED_EDGE('',*,*,#933,.F.);
#1606 = PLANE('',#1607);
#1607 = AXIS2_PLACEMENT_3D('',#1608,#1609,#1610);
#1608 = CARTESIAN_POINT('',(-6.44,1.345724878334E-15,4.));
#1609 = DIRECTION('',(-1.,-0.,-0.));
#1610 = DIRECTION('',(0.,0.,-1.));
#1611 = ADVANCED_FACE('',(#1612),#1630,.F.);
#1612 = FACE_BOUND('',#1613,.F.);
#1613 = EDGE_LOOP('',(#1614,#1615,#1616,#1624));
#1614 = ORIENTED_EDGE('',*,*,#1117,.F.);
#1615 = ORIENTED_EDGE('',*,*,#1593,.T.);
#1616 = ORIENTED_EDGE('',*,*,#1617,.T.);
#1617 = EDGE_CURVE('',#1586,#1618,#1620,.T.);
#1618 = VERTEX_POINT('',#1619);
#1619 = CARTESIAN_POINT('',(-1.56,18.44,8.));
#1620 = LINE('',#1621,#1622);
#1621 = CARTESIAN_POINT('',(-6.44,18.44,8.));
#1622 = VECTOR('',#1623,1.);
#1623 = DIRECTION('',(1.,0.,0.));
#1624 = ORIENTED_EDGE('',*,*,#1625,.F.);
#1625 = EDGE_CURVE('',#1118,#1618,#1626,.T.);
#1626 = LINE('',#1627,#1628);
#1627 = CARTESIAN_POINT('',(-1.56,18.44,0.));
#1628 = VECTOR('',#1629,1.);
#1629 = DIRECTION('',(0.,0.,1.));
#1630 = PLANE('',#1631);
#1631 = AXIS2_PLACEMENT_3D('',#1632,#1633,#1634);
#1632 = CARTESIAN_POINT('',(-6.44,18.44,0.));
#1633 = DIRECTION('',(0.,1.,0.));
#1634 = DIRECTION('',(0.,0.,1.));
#1635 = ADVANCED_FACE('',(#1636),#1721,.F.);
#1636 = FACE_BOUND('',#1637,.F.);
#1637 = EDGE_LOOP('',(#1638,#1646,#1647,#1648,#1649,#1650,#1651,#1659,
    #1667,#1675,#1683,#1691,#1699,#1707,#1715));
#1638 = ORIENTED_EDGE('',*,*,#1639,.F.);
#1639 = EDGE_CURVE('',#1210,#1640,#1642,.T.);
#1640 = VERTEX_POINT('',#1641);
#1641 = CARTESIAN_POINT('',(-1.56,2.44,8.));
#1642 = LINE('',#1643,#1644);
#1643 = CARTESIAN_POINT('',(-1.56,2.44,0.));
#1644 = VECTOR('',#1645,1.);
#1645 = DIRECTION('',(0.,0.,1.));
#1646 = ORIENTED_EDGE('',*,*,#1209,.T.);
#1647 = ORIENTED_EDGE('',*,*,#1186,.T.);
#1648 = ORIENTED_EDGE('',*,*,#1163,.T.);
#1649 = ORIENTED_EDGE('',*,*,#1140,.T.);
#1650 = ORIENTED_EDGE('',*,*,#1625,.T.);
#1651 = ORIENTED_EDGE('',*,*,#1652,.F.);
#1652 = EDGE_CURVE('',#1653,#1618,#1655,.T.);
#1653 = VERTEX_POINT('',#1654);
#1654 = CARTESIAN_POINT('',(-1.56,12.6,8.));
#1655 = LINE('',#1656,#1657);
#1656 = CARTESIAN_POINT('',(-1.56,2.44,8.));
#1657 = VECTOR('',#1658,1.);
#1658 = DIRECTION('',(0.,1.,0.));
#1659 = ORIENTED_EDGE('',*,*,#1660,.T.);
#1660 = EDGE_CURVE('',#1653,#1661,#1663,.T.);
#1661 = VERTEX_POINT('',#1662);
#1662 = CARTESIAN_POINT('',(-1.56,12.6,6.8));
#1663 = LINE('',#1664,#1665);
#1664 = CARTESIAN_POINT('',(-1.56,12.6,5.4));
#1665 = VECTOR('',#1666,1.);
#1666 = DIRECTION('',(0.,0.,-1.));
#1667 = ORIENTED_EDGE('',*,*,#1668,.T.);
#1668 = EDGE_CURVE('',#1661,#1669,#1671,.T.);
#1669 = VERTEX_POINT('',#1670);
#1670 = CARTESIAN_POINT('',(-1.56,11.4,6.8));
#1671 = LINE('',#1672,#1673);
#1672 = CARTESIAN_POINT('',(-1.56,5.22,6.8));
#1673 = VECTOR('',#1674,1.);
#1674 = DIRECTION('',(0.,-1.,0.));
#1675 = ORIENTED_EDGE('',*,*,#1676,.F.);
#1676 = EDGE_CURVE('',#1677,#1669,#1679,.T.);
#1677 = VERTEX_POINT('',#1678);
#1678 = CARTESIAN_POINT('',(-1.56,11.4,8.));
#1679 = LINE('',#1680,#1681);
#1680 = CARTESIAN_POINT('',(-1.56,11.4,5.4));
#1681 = VECTOR('',#1682,1.);
#1682 = DIRECTION('',(0.,0.,-1.));
#1683 = ORIENTED_EDGE('',*,*,#1684,.F.);
#1684 = EDGE_CURVE('',#1685,#1677,#1687,.T.);
#1685 = VERTEX_POINT('',#1686);
#1686 = CARTESIAN_POINT('',(-1.56,4.6,8.));
#1687 = LINE('',#1688,#1689);
#1688 = CARTESIAN_POINT('',(-1.56,2.44,8.));
#1689 = VECTOR('',#1690,1.);
#1690 = DIRECTION('',(0.,1.,0.));
#1691 = ORIENTED_EDGE('',*,*,#1692,.T.);
#1692 = EDGE_CURVE('',#1685,#1693,#1695,.T.);
#1693 = VERTEX_POINT('',#1694);
#1694 = CARTESIAN_POINT('',(-1.56,4.6,6.8));
#1695 = LINE('',#1696,#1697);
#1696 = CARTESIAN_POINT('',(-1.56,4.6,5.4));
#1697 = VECTOR('',#1698,1.);
#1698 = DIRECTION('',(0.,0.,-1.));
#1699 = ORIENTED_EDGE('',*,*,#1700,.T.);
#1700 = EDGE_CURVE('',#1693,#1701,#1703,.T.);
#1701 = VERTEX_POINT('',#1702);
#1702 = CARTESIAN_POINT('',(-1.56,3.4,6.8));
#1703 = LINE('',#1704,#1705);
#1704 = CARTESIAN_POINT('',(-1.56,5.22,6.8));
#1705 = VECTOR('',#1706,1.);
#1706 = DIRECTION('',(0.,-1.,0.));
#1707 = ORIENTED_EDGE('',*,*,#1708,.F.);
#1708 = EDGE_CURVE('',#1709,#1701,#1711,.T.);
#1709 = VERTEX_POINT('',#1710);
#1710 = CARTESIAN_POINT('',(-1.56,3.4,8.));
#1711 = LINE('',#1712,#1713);
#1712 = CARTESIAN_POINT('',(-1.56,3.4,5.4));
#1713 = VECTOR('',#1714,1.);
#1714 = DIRECTION('',(0.,0.,-1.));
#1715 = ORIENTED_EDGE('',*,*,#1716,.F.);
#1716 = EDGE_CURVE('',#1640,#1709,#1717,.T.);
#1717 = LINE('',#1718,#1719);
#1718 = CARTESIAN_POINT('',(-1.56,2.44,8.));
#1719 = VECTOR('',#1720,1.);
#1720 = DIRECTION('',(0.,1.,0.));
#1721 = PLANE('',#1722);
#1722 = AXIS2_PLACEMENT_3D('',#1723,#1724,#1725);
#1723 = CARTESIAN_POINT('',(-1.56,10.44,4.));
#1724 = DIRECTION('',(1.,0.,0.));
#1725 = DIRECTION('',(0.,0.,1.));
#1726 = ADVANCED_FACE('',(#1727),#1777,.F.);
#1727 = FACE_BOUND('',#1728,.F.);
#1728 = EDGE_LOOP('',(#1729,#1730,#1731,#1739,#1747,#1755,#1763,#1771));
#1729 = ORIENTED_EDGE('',*,*,#1232,.F.);
#1730 = ORIENTED_EDGE('',*,*,#1639,.T.);
#1731 = ORIENTED_EDGE('',*,*,#1732,.T.);
#1732 = EDGE_CURVE('',#1640,#1733,#1735,.T.);
#1733 = VERTEX_POINT('',#1734);
#1734 = CARTESIAN_POINT('',(-0.6,2.44,8.));
#1735 = LINE('',#1736,#1737);
#1736 = CARTESIAN_POINT('',(-6.44,2.44,8.));
#1737 = VECTOR('',#1738,1.);
#1738 = DIRECTION('',(1.,0.,0.));
#1739 = ORIENTED_EDGE('',*,*,#1740,.F.);
#1740 = EDGE_CURVE('',#1741,#1733,#1743,.T.);
#1741 = VERTEX_POINT('',#1742);
#1742 = CARTESIAN_POINT('',(-0.6,2.44,6.8));
#1743 = LINE('',#1744,#1745);
#1744 = CARTESIAN_POINT('',(-0.6,2.44,3.4));
#1745 = VECTOR('',#1746,1.);
#1746 = DIRECTION('',(0.,0.,1.));
#1747 = ORIENTED_EDGE('',*,*,#1748,.T.);
#1748 = EDGE_CURVE('',#1741,#1749,#1751,.T.);
#1749 = VERTEX_POINT('',#1750);
#1750 = CARTESIAN_POINT('',(0.6,2.44,6.8));
#1751 = LINE('',#1752,#1753);
#1752 = CARTESIAN_POINT('',(-3.22,2.44,6.8));
#1753 = VECTOR('',#1754,1.);
#1754 = DIRECTION('',(1.,0.,0.));
#1755 = ORIENTED_EDGE('',*,*,#1756,.T.);
#1756 = EDGE_CURVE('',#1749,#1757,#1759,.T.);
#1757 = VERTEX_POINT('',#1758);
#1758 = CARTESIAN_POINT('',(0.6,2.44,8.));
#1759 = LINE('',#1760,#1761);
#1760 = CARTESIAN_POINT('',(0.6,2.44,3.4));
#1761 = VECTOR('',#1762,1.);
#1762 = DIRECTION('',(0.,0.,1.));
#1763 = ORIENTED_EDGE('',*,*,#1764,.T.);
#1764 = EDGE_CURVE('',#1757,#1765,#1767,.T.);
#1765 = VERTEX_POINT('',#1766);
#1766 = CARTESIAN_POINT('',(6.44,2.44,8.));
#1767 = LINE('',#1768,#1769);
#1768 = CARTESIAN_POINT('',(-6.44,2.44,8.));
#1769 = VECTOR('',#1770,1.);
#1770 = DIRECTION('',(1.,0.,0.));
#1771 = ORIENTED_EDGE('',*,*,#1772,.F.);
#1772 = EDGE_CURVE('',#1233,#1765,#1773,.T.);
#1773 = LINE('',#1774,#1775);
#1774 = CARTESIAN_POINT('',(6.44,2.44,0.));
#1775 = VECTOR('',#1776,1.);
#1776 = DIRECTION('',(0.,0.,1.));
#1777 = PLANE('',#1778);
#1778 = AXIS2_PLACEMENT_3D('',#1779,#1780,#1781);
#1779 = CARTESIAN_POINT('',(-6.44,2.44,0.));
#1780 = DIRECTION('',(0.,1.,0.));
#1781 = DIRECTION('',(0.,0.,1.));
#1782 = ADVANCED_FACE('',(#1783),#1869,.F.);
#1783 = FACE_BOUND('',#1784,.F.);
#1784 = EDGE_LOOP('',(#1785,#1793,#1794,#1795,#1796,#1797,#1798,#1799,
    #1807,#1815,#1823,#1831,#1839,#1847,#1855,#1863));
#1785 = ORIENTED_EDGE('',*,*,#1786,.F.);
#1786 = EDGE_CURVE('',#1348,#1787,#1789,.T.);
#1787 = VERTEX_POINT('',#1788);
#1788 = CARTESIAN_POINT('',(6.44,-18.44,8.));
#1789 = LINE('',#1790,#1791);
#1790 = CARTESIAN_POINT('',(6.44,-18.44,0.));
#1791 = VECTOR('',#1792,1.);
#1792 = DIRECTION('',(0.,0.,1.));
#1793 = ORIENTED_EDGE('',*,*,#1347,.T.);
#1794 = ORIENTED_EDGE('',*,*,#1324,.T.);
#1795 = ORIENTED_EDGE('',*,*,#1301,.T.);
#1796 = ORIENTED_EDGE('',*,*,#1278,.T.);
#1797 = ORIENTED_EDGE('',*,*,#1255,.T.);
#1798 = ORIENTED_EDGE('',*,*,#1772,.T.);
#1799 = ORIENTED_EDGE('',*,*,#1800,.F.);
#1800 = EDGE_CURVE('',#1801,#1765,#1803,.T.);
#1801 = VERTEX_POINT('',#1802);
#1802 = CARTESIAN_POINT('',(6.44,-3.4,8.));
#1803 = LINE('',#1804,#1805);
#1804 = CARTESIAN_POINT('',(6.44,-18.44,8.));
#1805 = VECTOR('',#1806,1.);
#1806 = DIRECTION('',(0.,1.,0.));
#1807 = ORIENTED_EDGE('',*,*,#1808,.T.);
#1808 = EDGE_CURVE('',#1801,#1809,#1811,.T.);
#1809 = VERTEX_POINT('',#1810);
#1810 = CARTESIAN_POINT('',(6.44,-3.4,6.8));
#1811 = LINE('',#1812,#1813);
#1812 = CARTESIAN_POINT('',(6.44,-3.4,5.4));
#1813 = VECTOR('',#1814,1.);
#1814 = DIRECTION('',(0.,0.,-1.));
#1815 = ORIENTED_EDGE('',*,*,#1816,.T.);
#1816 = EDGE_CURVE('',#1809,#1817,#1819,.T.);
#1817 = VERTEX_POINT('',#1818);
#1818 = CARTESIAN_POINT('',(6.44,-4.6,6.8));
#1819 = LINE('',#1820,#1821);
#1820 = CARTESIAN_POINT('',(6.44,-4.,6.8));
#1821 = VECTOR('',#1822,1.);
#1822 = DIRECTION('',(0.,-1.,0.));
#1823 = ORIENTED_EDGE('',*,*,#1824,.F.);
#1824 = EDGE_CURVE('',#1825,#1817,#1827,.T.);
#1825 = VERTEX_POINT('',#1826);
#1826 = CARTESIAN_POINT('',(6.44,-4.6,8.));
#1827 = LINE('',#1828,#1829);
#1828 = CARTESIAN_POINT('',(6.44,-4.6,5.4));
#1829 = VECTOR('',#1830,1.);
#1830 = DIRECTION('',(0.,0.,-1.));
#1831 = ORIENTED_EDGE('',*,*,#1832,.F.);
#1832 = EDGE_CURVE('',#1833,#1825,#1835,.T.);
#1833 = VERTEX_POINT('',#1834);
#1834 = CARTESIAN_POINT('',(6.44,-11.4,8.));
#1835 = LINE('',#1836,#1837);
#1836 = CARTESIAN_POINT('',(6.44,-18.44,8.));
#1837 = VECTOR('',#1838,1.);
#1838 = DIRECTION('',(0.,1.,0.));
#1839 = ORIENTED_EDGE('',*,*,#1840,.T.);
#1840 = EDGE_CURVE('',#1833,#1841,#1843,.T.);
#1841 = VERTEX_POINT('',#1842);
#1842 = CARTESIAN_POINT('',(6.44,-11.4,6.8));
#1843 = LINE('',#1844,#1845);
#1844 = CARTESIAN_POINT('',(6.44,-11.4,5.4));
#1845 = VECTOR('',#1846,1.);
#1846 = DIRECTION('',(0.,0.,-1.));
#1847 = ORIENTED_EDGE('',*,*,#1848,.T.);
#1848 = EDGE_CURVE('',#1841,#1849,#1851,.T.);
#1849 = VERTEX_POINT('',#1850);
#1850 = CARTESIAN_POINT('',(6.44,-12.6,6.8));
#1851 = LINE('',#1852,#1853);
#1852 = CARTESIAN_POINT('',(6.44,-4.,6.8));
#1853 = VECTOR('',#1854,1.);
#1854 = DIRECTION('',(0.,-1.,0.));
#1855 = ORIENTED_EDGE('',*,*,#1856,.F.);
#1856 = EDGE_CURVE('',#1857,#1849,#1859,.T.);
#1857 = VERTEX_POINT('',#1858);
#1858 = CARTESIAN_POINT('',(6.44,-12.6,8.));
#1859 = LINE('',#1860,#1861);
#1860 = CARTESIAN_POINT('',(6.44,-12.6,5.4));
#1861 = VECTOR('',#1862,1.);
#1862 = DIRECTION('',(0.,0.,-1.));
#1863 = ORIENTED_EDGE('',*,*,#1864,.F.);
#1864 = EDGE_CURVE('',#1787,#1857,#1865,.T.);
#1865 = LINE('',#1866,#1867);
#1866 = CARTESIAN_POINT('',(6.44,-18.44,8.));
#1867 = VECTOR('',#1868,1.);
#1868 = DIRECTION('',(0.,1.,0.));
#1869 = PLANE('',#1870);
#1870 = AXIS2_PLACEMENT_3D('',#1871,#1872,#1873);
#1871 = CARTESIAN_POINT('',(6.44,-8.,4.));
#1872 = DIRECTION('',(1.,0.,0.));
#1873 = DIRECTION('',(0.,0.,1.));
#1874 = ADVANCED_FACE('',(#1875),#1918,.T.);
#1875 = FACE_BOUND('',#1876,.T.);
#1876 = EDGE_LOOP('',(#1877,#1878,#1879,#1887,#1895,#1903,#1911,#1917));
#1877 = ORIENTED_EDGE('',*,*,#1370,.F.);
#1878 = ORIENTED_EDGE('',*,*,#1449,.T.);
#1879 = ORIENTED_EDGE('',*,*,#1880,.T.);
#1880 = EDGE_CURVE('',#1450,#1881,#1883,.T.);
#1881 = VERTEX_POINT('',#1882);
#1882 = CARTESIAN_POINT('',(-0.6,-18.44,8.));
#1883 = LINE('',#1884,#1885);
#1884 = CARTESIAN_POINT('',(-6.44,-18.44,8.));
#1885 = VECTOR('',#1886,1.);
#1886 = DIRECTION('',(1.,0.,0.));
#1887 = ORIENTED_EDGE('',*,*,#1888,.F.);
#1888 = EDGE_CURVE('',#1889,#1881,#1891,.T.);
#1889 = VERTEX_POINT('',#1890);
#1890 = CARTESIAN_POINT('',(-0.6,-18.44,6.8));
#1891 = LINE('',#1892,#1893);
#1892 = CARTESIAN_POINT('',(-0.6,-18.44,3.4));
#1893 = VECTOR('',#1894,1.);
#1894 = DIRECTION('',(0.,0.,1.));
#1895 = ORIENTED_EDGE('',*,*,#1896,.T.);
#1896 = EDGE_CURVE('',#1889,#1897,#1899,.T.);
#1897 = VERTEX_POINT('',#1898);
#1898 = CARTESIAN_POINT('',(0.6,-18.44,6.8));
#1899 = LINE('',#1900,#1901);
#1900 = CARTESIAN_POINT('',(-3.22,-18.44,6.8));
#1901 = VECTOR('',#1902,1.);
#1902 = DIRECTION('',(1.,0.,0.));
#1903 = ORIENTED_EDGE('',*,*,#1904,.T.);
#1904 = EDGE_CURVE('',#1897,#1905,#1907,.T.);
#1905 = VERTEX_POINT('',#1906);
#1906 = CARTESIAN_POINT('',(0.6,-18.44,8.));
#1907 = LINE('',#1908,#1909);
#1908 = CARTESIAN_POINT('',(0.6,-18.44,3.4));
#1909 = VECTOR('',#1910,1.);
#1910 = DIRECTION('',(0.,0.,1.));
#1911 = ORIENTED_EDGE('',*,*,#1912,.T.);
#1912 = EDGE_CURVE('',#1905,#1787,#1913,.T.);
#1913 = LINE('',#1914,#1915);
#1914 = CARTESIAN_POINT('',(-6.44,-18.44,8.));
#1915 = VECTOR('',#1916,1.);
#1916 = DIRECTION('',(1.,0.,0.));
#1917 = ORIENTED_EDGE('',*,*,#1786,.F.);
#1918 = PLANE('',#1919);
#1919 = AXIS2_PLACEMENT_3D('',#1920,#1921,#1922);
#1920 = CARTESIAN_POINT('',(-6.44,-18.44,0.));
#1921 = DIRECTION('',(0.,1.,0.));
#1922 = DIRECTION('',(0.,0.,1.));
#1923 = ADVANCED_FACE('',(#1924),#1935,.F.);
#1924 = FACE_BOUND('',#1925,.F.);
#1925 = EDGE_LOOP('',(#1926,#1927,#1933,#1934));
#1926 = ORIENTED_EDGE('',*,*,#1585,.F.);
#1927 = ORIENTED_EDGE('',*,*,#1928,.T.);
#1928 = EDGE_CURVE('',#1578,#1653,#1929,.T.);
#1929 = LINE('',#1930,#1931);
#1930 = CARTESIAN_POINT('',(-7.9,12.6,8.));
#1931 = VECTOR('',#1932,1.);
#1932 = DIRECTION('',(1.,0.,0.));
#1933 = ORIENTED_EDGE('',*,*,#1652,.T.);
#1934 = ORIENTED_EDGE('',*,*,#1617,.F.);
#1935 = PLANE('',#1936);
#1936 = AXIS2_PLACEMENT_3D('',#1937,#1938,#1939);
#1937 = CARTESIAN_POINT('',(-1.286173633441,-1.286173633441,8.));
#1938 = DIRECTION('',(0.,0.,1.));
#1939 = DIRECTION('',(1.,0.,0.));
#1940 = ADVANCED_FACE('',(#1941),#1952,.T.);
#1941 = FACE_BOUND('',#1942,.T.);
#1942 = EDGE_LOOP('',(#1943,#1949,#1950,#1951));
#1943 = ORIENTED_EDGE('',*,*,#1944,.F.);
#1944 = EDGE_CURVE('',#1570,#1661,#1945,.T.);
#1945 = LINE('',#1946,#1947);
#1946 = CARTESIAN_POINT('',(-7.9,12.6,6.8));
#1947 = VECTOR('',#1948,1.);
#1948 = DIRECTION('',(1.,0.,0.));
#1949 = ORIENTED_EDGE('',*,*,#1577,.T.);
#1950 = ORIENTED_EDGE('',*,*,#1928,.T.);
#1951 = ORIENTED_EDGE('',*,*,#1660,.T.);
#1952 = PLANE('',#1953);
#1953 = AXIS2_PLACEMENT_3D('',#1954,#1955,#1956);
#1954 = CARTESIAN_POINT('',(-7.9,12.6,6.8));
#1955 = DIRECTION('',(0.,1.,0.));
#1956 = DIRECTION('',(0.,0.,1.));
#1957 = ADVANCED_FACE('',(#1958),#1969,.T.);
#1958 = FACE_BOUND('',#1959,.T.);
#1959 = EDGE_LOOP('',(#1960,#1961,#1967,#1968));
#1960 = ORIENTED_EDGE('',*,*,#1668,.T.);
#1961 = ORIENTED_EDGE('',*,*,#1962,.F.);
#1962 = EDGE_CURVE('',#1562,#1669,#1963,.T.);
#1963 = LINE('',#1964,#1965);
#1964 = CARTESIAN_POINT('',(-7.9,11.4,6.8));
#1965 = VECTOR('',#1966,1.);
#1966 = DIRECTION('',(1.,0.,0.));
#1967 = ORIENTED_EDGE('',*,*,#1569,.T.);
#1968 = ORIENTED_EDGE('',*,*,#1944,.T.);
#1969 = PLANE('',#1970);
#1970 = AXIS2_PLACEMENT_3D('',#1971,#1972,#1973);
#1971 = CARTESIAN_POINT('',(0.,-3.752866562113E-16,6.8));
#1972 = DIRECTION('',(-0.,-0.,-1.));
#1973 = DIRECTION('',(-1.,0.,0.));
#1974 = ADVANCED_FACE('',(#1975),#1986,.F.);
#1975 = FACE_BOUND('',#1976,.F.);
#1976 = EDGE_LOOP('',(#1977,#1978,#1979,#1985));
#1977 = ORIENTED_EDGE('',*,*,#1962,.F.);
#1978 = ORIENTED_EDGE('',*,*,#1561,.T.);
#1979 = ORIENTED_EDGE('',*,*,#1980,.T.);
#1980 = EDGE_CURVE('',#1554,#1677,#1981,.T.);
#1981 = LINE('',#1982,#1983);
#1982 = CARTESIAN_POINT('',(-7.9,11.4,8.));
#1983 = VECTOR('',#1984,1.);
#1984 = DIRECTION('',(1.,0.,0.));
#1985 = ORIENTED_EDGE('',*,*,#1676,.T.);
#1986 = PLANE('',#1987);
#1987 = AXIS2_PLACEMENT_3D('',#1988,#1989,#1990);
#1988 = CARTESIAN_POINT('',(-7.9,11.4,6.8));
#1989 = DIRECTION('',(0.,1.,0.));
#1990 = DIRECTION('',(0.,0.,1.));
#1991 = ADVANCED_FACE('',(#1992),#2003,.F.);
#1992 = FACE_BOUND('',#1993,.F.);
#1993 = EDGE_LOOP('',(#1994,#1995,#2001,#2002));
#1994 = ORIENTED_EDGE('',*,*,#1553,.F.);
#1995 = ORIENTED_EDGE('',*,*,#1996,.T.);
#1996 = EDGE_CURVE('',#1546,#1685,#1997,.T.);
#1997 = LINE('',#1998,#1999);
#1998 = CARTESIAN_POINT('',(-7.9,4.6,8.));
#1999 = VECTOR('',#2000,1.);
#2000 = DIRECTION('',(1.,0.,0.));
#2001 = ORIENTED_EDGE('',*,*,#1684,.T.);
#2002 = ORIENTED_EDGE('',*,*,#1980,.F.);
#2003 = PLANE('',#2004);
#2004 = AXIS2_PLACEMENT_3D('',#2005,#2006,#2007);
#2005 = CARTESIAN_POINT('',(-1.286173633441,-1.286173633441,8.));
#2006 = DIRECTION('',(0.,0.,1.));
#2007 = DIRECTION('',(1.,0.,0.));
#2008 = ADVANCED_FACE('',(#2009),#2020,.T.);
#2009 = FACE_BOUND('',#2010,.T.);
#2010 = EDGE_LOOP('',(#2011,#2017,#2018,#2019));
#2011 = ORIENTED_EDGE('',*,*,#2012,.F.);
#2012 = EDGE_CURVE('',#1538,#1693,#2013,.T.);
#2013 = LINE('',#2014,#2015);
#2014 = CARTESIAN_POINT('',(-7.9,4.6,6.8));
#2015 = VECTOR('',#2016,1.);
#2016 = DIRECTION('',(1.,0.,0.));
#2017 = ORIENTED_EDGE('',*,*,#1545,.T.);
#2018 = ORIENTED_EDGE('',*,*,#1996,.T.);
#2019 = ORIENTED_EDGE('',*,*,#1692,.T.);
#2020 = PLANE('',#2021);
#2021 = AXIS2_PLACEMENT_3D('',#2022,#2023,#2024);
#2022 = CARTESIAN_POINT('',(-7.9,4.6,6.8));
#2023 = DIRECTION('',(0.,1.,0.));
#2024 = DIRECTION('',(0.,0.,1.));
#2025 = ADVANCED_FACE('',(#2026),#2037,.T.);
#2026 = FACE_BOUND('',#2027,.T.);
#2027 = EDGE_LOOP('',(#2028,#2029,#2035,#2036));
#2028 = ORIENTED_EDGE('',*,*,#1700,.T.);
#2029 = ORIENTED_EDGE('',*,*,#2030,.F.);
#2030 = EDGE_CURVE('',#1530,#1701,#2031,.T.);
#2031 = LINE('',#2032,#2033);
#2032 = CARTESIAN_POINT('',(-7.9,3.4,6.8));
#2033 = VECTOR('',#2034,1.);
#2034 = DIRECTION('',(1.,0.,0.));
#2035 = ORIENTED_EDGE('',*,*,#1537,.T.);
#2036 = ORIENTED_EDGE('',*,*,#2012,.T.);
#2037 = PLANE('',#2038);
#2038 = AXIS2_PLACEMENT_3D('',#2039,#2040,#2041);
#2039 = CARTESIAN_POINT('',(0.,-3.752866562113E-16,6.8));
#2040 = DIRECTION('',(-0.,-0.,-1.));
#2041 = DIRECTION('',(-1.,0.,0.));
#2042 = ADVANCED_FACE('',(#2043),#2054,.F.);
#2043 = FACE_BOUND('',#2044,.F.);
#2044 = EDGE_LOOP('',(#2045,#2046,#2047,#2053));
#2045 = ORIENTED_EDGE('',*,*,#2030,.F.);
#2046 = ORIENTED_EDGE('',*,*,#1529,.T.);
#2047 = ORIENTED_EDGE('',*,*,#2048,.T.);
#2048 = EDGE_CURVE('',#1522,#1709,#2049,.T.);
#2049 = LINE('',#2050,#2051);
#2050 = CARTESIAN_POINT('',(-7.9,3.4,8.));
#2051 = VECTOR('',#2052,1.);
#2052 = DIRECTION('',(1.,0.,0.));
#2053 = ORIENTED_EDGE('',*,*,#1708,.T.);
#2054 = PLANE('',#2055);
#2055 = AXIS2_PLACEMENT_3D('',#2056,#2057,#2058);
#2056 = CARTESIAN_POINT('',(-7.9,3.4,6.8));
#2057 = DIRECTION('',(0.,1.,0.));
#2058 = DIRECTION('',(0.,0.,1.));
#2059 = ADVANCED_FACE('',(#2060),#2089,.F.);
#2060 = FACE_BOUND('',#2061,.F.);
#2061 = EDGE_LOOP('',(#2062,#2063,#2071,#2080,#2086,#2087,#2088));
#2062 = ORIENTED_EDGE('',*,*,#1521,.F.);
#2063 = ORIENTED_EDGE('',*,*,#2064,.T.);
#2064 = EDGE_CURVE('',#1514,#2065,#2067,.T.);
#2065 = VERTEX_POINT('',#2066);
#2066 = CARTESIAN_POINT('',(-3.16040365499,-3.4,8.));
#2067 = LINE('',#2068,#2069);
#2068 = CARTESIAN_POINT('',(-7.9,-3.4,8.));
#2069 = VECTOR('',#2070,1.);
#2070 = DIRECTION('',(1.,0.,0.));
#2071 = ORIENTED_EDGE('',*,*,#2072,.F.);
#2072 = EDGE_CURVE('',#2073,#2065,#2075,.T.);
#2073 = VERTEX_POINT('',#2074);
#2074 = CARTESIAN_POINT('',(-0.6,-0.83959634501,8.));
#2075 = CIRCLE('',#2076,3.216854249492);
#2076 = AXIS2_PLACEMENT_3D('',#2077,#2078,#2079);
#2077 = CARTESIAN_POINT('',(0.,-4.,8.));
#2078 = DIRECTION('',(0.,0.,1.));
#2079 = DIRECTION('',(1.,0.,0.));
#2080 = ORIENTED_EDGE('',*,*,#2081,.T.);
#2081 = EDGE_CURVE('',#2073,#1733,#2082,.T.);
#2082 = LINE('',#2083,#2084);
#2083 = CARTESIAN_POINT('',(-0.6,-19.9,8.));
#2084 = VECTOR('',#2085,1.);
#2085 = DIRECTION('',(0.,1.,0.));
#2086 = ORIENTED_EDGE('',*,*,#1732,.F.);
#2087 = ORIENTED_EDGE('',*,*,#1716,.T.);
#2088 = ORIENTED_EDGE('',*,*,#2048,.F.);
#2089 = PLANE('',#2090);
#2090 = AXIS2_PLACEMENT_3D('',#2091,#2092,#2093);
#2091 = CARTESIAN_POINT('',(-1.286173633441,-1.286173633441,8.));
#2092 = DIRECTION('',(0.,0.,1.));
#2093 = DIRECTION('',(1.,0.,0.));
#2094 = ADVANCED_FACE('',(#2095),#2113,.T.);
#2095 = FACE_BOUND('',#2096,.T.);
#2096 = EDGE_LOOP('',(#2097,#2105,#2106,#2107));
#2097 = ORIENTED_EDGE('',*,*,#2098,.F.);
#2098 = EDGE_CURVE('',#1506,#2099,#2101,.T.);
#2099 = VERTEX_POINT('',#2100);
#2100 = CARTESIAN_POINT('',(-3.16040365499,-3.4,6.8));
#2101 = LINE('',#2102,#2103);
#2102 = CARTESIAN_POINT('',(-7.9,-3.4,6.8));
#2103 = VECTOR('',#2104,1.);
#2104 = DIRECTION('',(1.,0.,0.));
#2105 = ORIENTED_EDGE('',*,*,#1513,.T.);
#2106 = ORIENTED_EDGE('',*,*,#2064,.T.);
#2107 = ORIENTED_EDGE('',*,*,#2108,.T.);
#2108 = EDGE_CURVE('',#2065,#2099,#2109,.T.);
#2109 = LINE('',#2110,#2111);
#2110 = CARTESIAN_POINT('',(-3.16040365499,-3.4,0.3));
#2111 = VECTOR('',#2112,1.);
#2112 = DIRECTION('',(-0.,-0.,-1.));
#2113 = PLANE('',#2114);
#2114 = AXIS2_PLACEMENT_3D('',#2115,#2116,#2117);
#2115 = CARTESIAN_POINT('',(-7.9,-3.4,6.8));
#2116 = DIRECTION('',(0.,1.,0.));
#2117 = DIRECTION('',(0.,0.,1.));
#2118 = ADVANCED_FACE('',(#2119),#2138,.T.);
#2119 = FACE_BOUND('',#2120,.T.);
#2120 = EDGE_LOOP('',(#2121,#2130,#2136,#2137));
#2121 = ORIENTED_EDGE('',*,*,#2122,.F.);
#2122 = EDGE_CURVE('',#2123,#2099,#2125,.T.);
#2123 = VERTEX_POINT('',#2124);
#2124 = CARTESIAN_POINT('',(-3.16040365499,-4.6,6.8));
#2125 = CIRCLE('',#2126,3.216854249492);
#2126 = AXIS2_PLACEMENT_3D('',#2127,#2128,#2129);
#2127 = CARTESIAN_POINT('',(0.,-4.,6.8));
#2128 = DIRECTION('',(0.,0.,-1.));
#2129 = DIRECTION('',(1.,0.,0.));
#2130 = ORIENTED_EDGE('',*,*,#2131,.F.);
#2131 = EDGE_CURVE('',#1498,#2123,#2132,.T.);
#2132 = LINE('',#2133,#2134);
#2133 = CARTESIAN_POINT('',(-7.9,-4.6,6.8));
#2134 = VECTOR('',#2135,1.);
#2135 = DIRECTION('',(1.,0.,0.));
#2136 = ORIENTED_EDGE('',*,*,#1505,.T.);
#2137 = ORIENTED_EDGE('',*,*,#2098,.T.);
#2138 = PLANE('',#2139);
#2139 = AXIS2_PLACEMENT_3D('',#2140,#2141,#2142);
#2140 = CARTESIAN_POINT('',(0.,-3.752866562113E-16,6.8));
#2141 = DIRECTION('',(-0.,-0.,-1.));
#2142 = DIRECTION('',(-1.,0.,0.));
#2143 = ADVANCED_FACE('',(#2144),#2162,.F.);
#2144 = FACE_BOUND('',#2145,.F.);
#2145 = EDGE_LOOP('',(#2146,#2147,#2148,#2156));
#2146 = ORIENTED_EDGE('',*,*,#2131,.F.);
#2147 = ORIENTED_EDGE('',*,*,#1497,.T.);
#2148 = ORIENTED_EDGE('',*,*,#2149,.T.);
#2149 = EDGE_CURVE('',#1490,#2150,#2152,.T.);
#2150 = VERTEX_POINT('',#2151);
#2151 = CARTESIAN_POINT('',(-3.16040365499,-4.6,8.));
#2152 = LINE('',#2153,#2154);
#2153 = CARTESIAN_POINT('',(-7.9,-4.6,8.));
#2154 = VECTOR('',#2155,1.);
#2155 = DIRECTION('',(1.,0.,0.));
#2156 = ORIENTED_EDGE('',*,*,#2157,.T.);
#2157 = EDGE_CURVE('',#2150,#2123,#2158,.T.);
#2158 = LINE('',#2159,#2160);
#2159 = CARTESIAN_POINT('',(-3.16040365499,-4.6,0.3));
#2160 = VECTOR('',#2161,1.);
#2161 = DIRECTION('',(-0.,-0.,-1.));
#2162 = PLANE('',#2163);
#2163 = AXIS2_PLACEMENT_3D('',#2164,#2165,#2166);
#2164 = CARTESIAN_POINT('',(-7.9,-4.6,6.8));
#2165 = DIRECTION('',(0.,1.,0.));
#2166 = DIRECTION('',(0.,0.,1.));
#2167 = ADVANCED_FACE('',(#2168),#2204,.F.);
#2168 = FACE_BOUND('',#2169,.F.);
#2169 = EDGE_LOOP('',(#2170,#2171,#2179,#2188,#2196,#2203));
#2170 = ORIENTED_EDGE('',*,*,#1489,.F.);
#2171 = ORIENTED_EDGE('',*,*,#2172,.T.);
#2172 = EDGE_CURVE('',#1482,#2173,#2175,.T.);
#2173 = VERTEX_POINT('',#2174);
#2174 = CARTESIAN_POINT('',(-3.16040365499,-11.4,8.));
#2175 = LINE('',#2176,#2177);
#2176 = CARTESIAN_POINT('',(-7.9,-11.4,8.));
#2177 = VECTOR('',#2178,1.);
#2178 = DIRECTION('',(1.,0.,0.));
#2179 = ORIENTED_EDGE('',*,*,#2180,.F.);
#2180 = EDGE_CURVE('',#2181,#2173,#2183,.T.);
#2181 = VERTEX_POINT('',#2182);
#2182 = CARTESIAN_POINT('',(-0.6,-8.83959634501,8.));
#2183 = CIRCLE('',#2184,3.216854249492);
#2184 = AXIS2_PLACEMENT_3D('',#2185,#2186,#2187);
#2185 = CARTESIAN_POINT('',(0.,-12.,8.));
#2186 = DIRECTION('',(0.,0.,1.));
#2187 = DIRECTION('',(1.,0.,0.));
#2188 = ORIENTED_EDGE('',*,*,#2189,.T.);
#2189 = EDGE_CURVE('',#2181,#2190,#2192,.T.);
#2190 = VERTEX_POINT('',#2191);
#2191 = CARTESIAN_POINT('',(-0.6,-7.16040365499,8.));
#2192 = LINE('',#2193,#2194);
#2193 = CARTESIAN_POINT('',(-0.6,-19.9,8.));
#2194 = VECTOR('',#2195,1.);
#2195 = DIRECTION('',(0.,1.,0.));
#2196 = ORIENTED_EDGE('',*,*,#2197,.F.);
#2197 = EDGE_CURVE('',#2150,#2190,#2198,.T.);
#2198 = CIRCLE('',#2199,3.216854249492);
#2199 = AXIS2_PLACEMENT_3D('',#2200,#2201,#2202);
#2200 = CARTESIAN_POINT('',(0.,-4.,8.));
#2201 = DIRECTION('',(0.,0.,1.));
#2202 = DIRECTION('',(1.,0.,0.));
#2203 = ORIENTED_EDGE('',*,*,#2149,.F.);
#2204 = PLANE('',#2205);
#2205 = AXIS2_PLACEMENT_3D('',#2206,#2207,#2208);
#2206 = CARTESIAN_POINT('',(-1.286173633441,-1.286173633441,8.));
#2207 = DIRECTION('',(0.,0.,1.));
#2208 = DIRECTION('',(1.,0.,0.));
#2209 = ADVANCED_FACE('',(#2210),#2228,.T.);
#2210 = FACE_BOUND('',#2211,.T.);
#2211 = EDGE_LOOP('',(#2212,#2220,#2221,#2222));
#2212 = ORIENTED_EDGE('',*,*,#2213,.F.);
#2213 = EDGE_CURVE('',#1474,#2214,#2216,.T.);
#2214 = VERTEX_POINT('',#2215);
#2215 = CARTESIAN_POINT('',(-3.16040365499,-11.4,6.8));
#2216 = LINE('',#2217,#2218);
#2217 = CARTESIAN_POINT('',(-7.9,-11.4,6.8));
#2218 = VECTOR('',#2219,1.);
#2219 = DIRECTION('',(1.,0.,0.));
#2220 = ORIENTED_EDGE('',*,*,#1481,.T.);
#2221 = ORIENTED_EDGE('',*,*,#2172,.T.);
#2222 = ORIENTED_EDGE('',*,*,#2223,.T.);
#2223 = EDGE_CURVE('',#2173,#2214,#2224,.T.);
#2224 = LINE('',#2225,#2226);
#2225 = CARTESIAN_POINT('',(-3.16040365499,-11.4,0.3));
#2226 = VECTOR('',#2227,1.);
#2227 = DIRECTION('',(-0.,-0.,-1.));
#2228 = PLANE('',#2229);
#2229 = AXIS2_PLACEMENT_3D('',#2230,#2231,#2232);
#2230 = CARTESIAN_POINT('',(-7.9,-11.4,6.8));
#2231 = DIRECTION('',(0.,1.,0.));
#2232 = DIRECTION('',(0.,0.,1.));
#2233 = ADVANCED_FACE('',(#2234),#2253,.T.);
#2234 = FACE_BOUND('',#2235,.T.);
#2235 = EDGE_LOOP('',(#2236,#2245,#2251,#2252));
#2236 = ORIENTED_EDGE('',*,*,#2237,.F.);
#2237 = EDGE_CURVE('',#2238,#2214,#2240,.T.);
#2238 = VERTEX_POINT('',#2239);
#2239 = CARTESIAN_POINT('',(-3.16040365499,-12.6,6.8));
#2240 = CIRCLE('',#2241,3.216854249492);
#2241 = AXIS2_PLACEMENT_3D('',#2242,#2243,#2244);
#2242 = CARTESIAN_POINT('',(0.,-12.,6.8));
#2243 = DIRECTION('',(0.,0.,-1.));
#2244 = DIRECTION('',(1.,0.,0.));
#2245 = ORIENTED_EDGE('',*,*,#2246,.F.);
#2246 = EDGE_CURVE('',#1466,#2238,#2247,.T.);
#2247 = LINE('',#2248,#2249);
#2248 = CARTESIAN_POINT('',(-7.9,-12.6,6.8));
#2249 = VECTOR('',#2250,1.);
#2250 = DIRECTION('',(1.,0.,0.));
#2251 = ORIENTED_EDGE('',*,*,#1473,.T.);
#2252 = ORIENTED_EDGE('',*,*,#2213,.T.);
#2253 = PLANE('',#2254);
#2254 = AXIS2_PLACEMENT_3D('',#2255,#2256,#2257);
#2255 = CARTESIAN_POINT('',(0.,-3.752866562113E-16,6.8));
#2256 = DIRECTION('',(-0.,-0.,-1.));
#2257 = DIRECTION('',(-1.,0.,0.));
#2258 = ADVANCED_FACE('',(#2259),#2277,.F.);
#2259 = FACE_BOUND('',#2260,.F.);
#2260 = EDGE_LOOP('',(#2261,#2262,#2263,#2271));
#2261 = ORIENTED_EDGE('',*,*,#2246,.F.);
#2262 = ORIENTED_EDGE('',*,*,#1465,.T.);
#2263 = ORIENTED_EDGE('',*,*,#2264,.T.);
#2264 = EDGE_CURVE('',#1458,#2265,#2267,.T.);
#2265 = VERTEX_POINT('',#2266);
#2266 = CARTESIAN_POINT('',(-3.16040365499,-12.6,8.));
#2267 = LINE('',#2268,#2269);
#2268 = CARTESIAN_POINT('',(-7.9,-12.6,8.));
#2269 = VECTOR('',#2270,1.);
#2270 = DIRECTION('',(1.,0.,0.));
#2271 = ORIENTED_EDGE('',*,*,#2272,.T.);
#2272 = EDGE_CURVE('',#2265,#2238,#2273,.T.);
#2273 = LINE('',#2274,#2275);
#2274 = CARTESIAN_POINT('',(-3.16040365499,-12.6,0.3));
#2275 = VECTOR('',#2276,1.);
#2276 = DIRECTION('',(-0.,-0.,-1.));
#2277 = PLANE('',#2278);
#2278 = AXIS2_PLACEMENT_3D('',#2279,#2280,#2281);
#2279 = CARTESIAN_POINT('',(-7.9,-12.6,6.8));
#2280 = DIRECTION('',(0.,1.,0.));
#2281 = DIRECTION('',(0.,0.,1.));
#2282 = ADVANCED_FACE('',(#2283),#2303,.F.);
#2283 = FACE_BOUND('',#2284,.F.);
#2284 = EDGE_LOOP('',(#2285,#2286,#2287,#2295,#2302));
#2285 = ORIENTED_EDGE('',*,*,#1457,.F.);
#2286 = ORIENTED_EDGE('',*,*,#1880,.T.);
#2287 = ORIENTED_EDGE('',*,*,#2288,.T.);
#2288 = EDGE_CURVE('',#1881,#2289,#2291,.T.);
#2289 = VERTEX_POINT('',#2290);
#2290 = CARTESIAN_POINT('',(-0.6,-15.16040365499,8.));
#2291 = LINE('',#2292,#2293);
#2292 = CARTESIAN_POINT('',(-0.6,-19.9,8.));
#2293 = VECTOR('',#2294,1.);
#2294 = DIRECTION('',(0.,1.,0.));
#2295 = ORIENTED_EDGE('',*,*,#2296,.F.);
#2296 = EDGE_CURVE('',#2265,#2289,#2297,.T.);
#2297 = CIRCLE('',#2298,3.216854249492);
#2298 = AXIS2_PLACEMENT_3D('',#2299,#2300,#2301);
#2299 = CARTESIAN_POINT('',(0.,-12.,8.));
#2300 = DIRECTION('',(0.,0.,1.));
#2301 = DIRECTION('',(1.,0.,0.));
#2302 = ORIENTED_EDGE('',*,*,#2264,.F.);
#2303 = PLANE('',#2304);
#2304 = AXIS2_PLACEMENT_3D('',#2305,#2306,#2307);
#2305 = CARTESIAN_POINT('',(-1.286173633441,-1.286173633441,8.));
#2306 = DIRECTION('',(0.,0.,1.));
#2307 = DIRECTION('',(1.,0.,0.));
#2308 = ADVANCED_FACE('',(#2309),#2336,.F.);
#2309 = FACE_BOUND('',#2310,.F.);
#2310 = EDGE_LOOP('',(#2311,#2319,#2328,#2334,#2335));
#2311 = ORIENTED_EDGE('',*,*,#2312,.F.);
#2312 = EDGE_CURVE('',#2313,#1757,#2315,.T.);
#2313 = VERTEX_POINT('',#2314);
#2314 = CARTESIAN_POINT('',(0.6,-0.839596345009,8.));
#2315 = LINE('',#2316,#2317);
#2316 = CARTESIAN_POINT('',(0.6,-19.9,8.));
#2317 = VECTOR('',#2318,1.);
#2318 = DIRECTION('',(0.,1.,0.));
#2319 = ORIENTED_EDGE('',*,*,#2320,.F.);
#2320 = EDGE_CURVE('',#2321,#2313,#2323,.T.);
#2321 = VERTEX_POINT('',#2322);
#2322 = CARTESIAN_POINT('',(3.16040365499,-3.4,8.));
#2323 = CIRCLE('',#2324,3.216854249492);
#2324 = AXIS2_PLACEMENT_3D('',#2325,#2326,#2327);
#2325 = CARTESIAN_POINT('',(0.,-4.,8.));
#2326 = DIRECTION('',(0.,0.,1.));
#2327 = DIRECTION('',(1.,0.,0.));
#2328 = ORIENTED_EDGE('',*,*,#2329,.T.);
#2329 = EDGE_CURVE('',#2321,#1801,#2330,.T.);
#2330 = LINE('',#2331,#2332);
#2331 = CARTESIAN_POINT('',(-7.9,-3.4,8.));
#2332 = VECTOR('',#2333,1.);
#2333 = DIRECTION('',(1.,0.,0.));
#2334 = ORIENTED_EDGE('',*,*,#1800,.T.);
#2335 = ORIENTED_EDGE('',*,*,#1764,.F.);
#2336 = PLANE('',#2337);
#2337 = AXIS2_PLACEMENT_3D('',#2338,#2339,#2340);
#2338 = CARTESIAN_POINT('',(-1.286173633441,-1.286173633441,8.));
#2339 = DIRECTION('',(0.,0.,1.));
#2340 = DIRECTION('',(1.,0.,0.));
#2341 = ADVANCED_FACE('',(#2342),#2360,.T.);
#2342 = FACE_BOUND('',#2343,.T.);
#2343 = EDGE_LOOP('',(#2344,#2345,#2353,#2359));
#2344 = ORIENTED_EDGE('',*,*,#2312,.F.);
#2345 = ORIENTED_EDGE('',*,*,#2346,.T.);
#2346 = EDGE_CURVE('',#2313,#2347,#2349,.T.);
#2347 = VERTEX_POINT('',#2348);
#2348 = CARTESIAN_POINT('',(0.6,-0.83959634501,6.8));
#2349 = LINE('',#2350,#2351);
#2350 = CARTESIAN_POINT('',(0.6,-0.83959634501,0.3));
#2351 = VECTOR('',#2352,1.);
#2352 = DIRECTION('',(-0.,-0.,-1.));
#2353 = ORIENTED_EDGE('',*,*,#2354,.T.);
#2354 = EDGE_CURVE('',#2347,#1749,#2355,.T.);
#2355 = LINE('',#2356,#2357);
#2356 = CARTESIAN_POINT('',(0.6,-19.9,6.8));
#2357 = VECTOR('',#2358,1.);
#2358 = DIRECTION('',(0.,1.,0.));
#2359 = ORIENTED_EDGE('',*,*,#1756,.T.);
#2360 = PLANE('',#2361);
#2361 = AXIS2_PLACEMENT_3D('',#2362,#2363,#2364);
#2362 = CARTESIAN_POINT('',(0.6,-19.9,6.8));
#2363 = DIRECTION('',(1.,0.,0.));
#2364 = DIRECTION('',(0.,0.,1.));
#2365 = ADVANCED_FACE('',(#2366),#2385,.T.);
#2366 = FACE_BOUND('',#2367,.T.);
#2367 = EDGE_LOOP('',(#2368,#2377,#2383,#2384));
#2368 = ORIENTED_EDGE('',*,*,#2369,.F.);
#2369 = EDGE_CURVE('',#2370,#2347,#2372,.T.);
#2370 = VERTEX_POINT('',#2371);
#2371 = CARTESIAN_POINT('',(-0.6,-0.83959634501,6.8));
#2372 = CIRCLE('',#2373,3.216854249492);
#2373 = AXIS2_PLACEMENT_3D('',#2374,#2375,#2376);
#2374 = CARTESIAN_POINT('',(0.,-4.,6.8));
#2375 = DIRECTION('',(0.,0.,-1.));
#2376 = DIRECTION('',(1.,0.,0.));
#2377 = ORIENTED_EDGE('',*,*,#2378,.T.);
#2378 = EDGE_CURVE('',#2370,#1741,#2379,.T.);
#2379 = LINE('',#2380,#2381);
#2380 = CARTESIAN_POINT('',(-0.6,-19.9,6.8));
#2381 = VECTOR('',#2382,1.);
#2382 = DIRECTION('',(0.,1.,0.));
#2383 = ORIENTED_EDGE('',*,*,#1748,.T.);
#2384 = ORIENTED_EDGE('',*,*,#2354,.F.);
#2385 = PLANE('',#2386);
#2386 = AXIS2_PLACEMENT_3D('',#2387,#2388,#2389);
#2387 = CARTESIAN_POINT('',(0.,-3.752866562113E-16,6.8));
#2388 = DIRECTION('',(-0.,-0.,-1.));
#2389 = DIRECTION('',(-1.,0.,0.));
#2390 = ADVANCED_FACE('',(#2391),#2402,.F.);
#2391 = FACE_BOUND('',#2392,.F.);
#2392 = EDGE_LOOP('',(#2393,#2394,#2400,#2401));
#2393 = ORIENTED_EDGE('',*,*,#2081,.F.);
#2394 = ORIENTED_EDGE('',*,*,#2395,.T.);
#2395 = EDGE_CURVE('',#2073,#2370,#2396,.T.);
#2396 = LINE('',#2397,#2398);
#2397 = CARTESIAN_POINT('',(-0.6,-0.83959634501,0.3));
#2398 = VECTOR('',#2399,1.);
#2399 = DIRECTION('',(-0.,-0.,-1.));
#2400 = ORIENTED_EDGE('',*,*,#2378,.T.);
#2401 = ORIENTED_EDGE('',*,*,#1740,.T.);
#2402 = PLANE('',#2403);
#2403 = AXIS2_PLACEMENT_3D('',#2404,#2405,#2406);
#2404 = CARTESIAN_POINT('',(-0.6,-19.9,6.8));
#2405 = DIRECTION('',(1.,0.,0.));
#2406 = DIRECTION('',(0.,0.,1.));
#2407 = ADVANCED_FACE('',(#2408),#2435,.F.);
#2408 = FACE_BOUND('',#2409,.F.);
#2409 = EDGE_LOOP('',(#2410,#2418,#2419,#2420,#2428));
#2410 = ORIENTED_EDGE('',*,*,#2411,.F.);
#2411 = EDGE_CURVE('',#1905,#2412,#2414,.T.);
#2412 = VERTEX_POINT('',#2413);
#2413 = CARTESIAN_POINT('',(0.6,-15.16040365499,8.));
#2414 = LINE('',#2415,#2416);
#2415 = CARTESIAN_POINT('',(0.6,-19.9,8.));
#2416 = VECTOR('',#2417,1.);
#2417 = DIRECTION('',(0.,1.,0.));
#2418 = ORIENTED_EDGE('',*,*,#1912,.T.);
#2419 = ORIENTED_EDGE('',*,*,#1864,.T.);
#2420 = ORIENTED_EDGE('',*,*,#2421,.F.);
#2421 = EDGE_CURVE('',#2422,#1857,#2424,.T.);
#2422 = VERTEX_POINT('',#2423);
#2423 = CARTESIAN_POINT('',(3.16040365499,-12.6,8.));
#2424 = LINE('',#2425,#2426);
#2425 = CARTESIAN_POINT('',(-7.9,-12.6,8.));
#2426 = VECTOR('',#2427,1.);
#2427 = DIRECTION('',(1.,0.,0.));
#2428 = ORIENTED_EDGE('',*,*,#2429,.F.);
#2429 = EDGE_CURVE('',#2412,#2422,#2430,.T.);
#2430 = CIRCLE('',#2431,3.216854249492);
#2431 = AXIS2_PLACEMENT_3D('',#2432,#2433,#2434);
#2432 = CARTESIAN_POINT('',(0.,-12.,8.));
#2433 = DIRECTION('',(0.,0.,1.));
#2434 = DIRECTION('',(1.,0.,0.));
#2435 = PLANE('',#2436);
#2436 = AXIS2_PLACEMENT_3D('',#2437,#2438,#2439);
#2437 = CARTESIAN_POINT('',(-1.286173633441,-1.286173633441,8.));
#2438 = DIRECTION('',(0.,0.,1.));
#2439 = DIRECTION('',(1.,0.,0.));
#2440 = ADVANCED_FACE('',(#2441),#2459,.F.);
#2441 = FACE_BOUND('',#2442,.F.);
#2442 = EDGE_LOOP('',(#2443,#2451,#2457,#2458));
#2443 = ORIENTED_EDGE('',*,*,#2444,.F.);
#2444 = EDGE_CURVE('',#2445,#1849,#2447,.T.);
#2445 = VERTEX_POINT('',#2446);
#2446 = CARTESIAN_POINT('',(3.16040365499,-12.6,6.8));
#2447 = LINE('',#2448,#2449);
#2448 = CARTESIAN_POINT('',(-7.9,-12.6,6.8));
#2449 = VECTOR('',#2450,1.);
#2450 = DIRECTION('',(1.,0.,0.));
#2451 = ORIENTED_EDGE('',*,*,#2452,.F.);
#2452 = EDGE_CURVE('',#2422,#2445,#2453,.T.);
#2453 = LINE('',#2454,#2455);
#2454 = CARTESIAN_POINT('',(3.16040365499,-12.6,0.3));
#2455 = VECTOR('',#2456,1.);
#2456 = DIRECTION('',(-0.,-0.,-1.));
#2457 = ORIENTED_EDGE('',*,*,#2421,.T.);
#2458 = ORIENTED_EDGE('',*,*,#1856,.T.);
#2459 = PLANE('',#2460);
#2460 = AXIS2_PLACEMENT_3D('',#2461,#2462,#2463);
#2461 = CARTESIAN_POINT('',(-7.9,-12.6,6.8));
#2462 = DIRECTION('',(0.,1.,0.));
#2463 = DIRECTION('',(0.,0.,1.));
#2464 = ADVANCED_FACE('',(#2465),#2493,.T.);
#2465 = FACE_BOUND('',#2466,.T.);
#2466 = EDGE_LOOP('',(#2467,#2468,#2477,#2486,#2492));
#2467 = ORIENTED_EDGE('',*,*,#2444,.F.);
#2468 = ORIENTED_EDGE('',*,*,#2469,.F.);
#2469 = EDGE_CURVE('',#2470,#2445,#2472,.T.);
#2470 = VERTEX_POINT('',#2471);
#2471 = CARTESIAN_POINT('',(3.216854249492,-12.,6.8));
#2472 = CIRCLE('',#2473,3.216854249492);
#2473 = AXIS2_PLACEMENT_3D('',#2474,#2475,#2476);
#2474 = CARTESIAN_POINT('',(0.,-12.,6.8));
#2475 = DIRECTION('',(0.,0.,-1.));
#2476 = DIRECTION('',(1.,0.,0.));
#2477 = ORIENTED_EDGE('',*,*,#2478,.F.);
#2478 = EDGE_CURVE('',#2479,#2470,#2481,.T.);
#2479 = VERTEX_POINT('',#2480);
#2480 = CARTESIAN_POINT('',(3.16040365499,-11.4,6.8));
#2481 = CIRCLE('',#2482,3.216854249492);
#2482 = AXIS2_PLACEMENT_3D('',#2483,#2484,#2485);
#2483 = CARTESIAN_POINT('',(0.,-12.,6.8));
#2484 = DIRECTION('',(0.,0.,-1.));
#2485 = DIRECTION('',(1.,0.,0.));
#2486 = ORIENTED_EDGE('',*,*,#2487,.T.);
#2487 = EDGE_CURVE('',#2479,#1841,#2488,.T.);
#2488 = LINE('',#2489,#2490);
#2489 = CARTESIAN_POINT('',(-7.9,-11.4,6.8));
#2490 = VECTOR('',#2491,1.);
#2491 = DIRECTION('',(1.,0.,0.));
#2492 = ORIENTED_EDGE('',*,*,#1848,.T.);
#2493 = PLANE('',#2494);
#2494 = AXIS2_PLACEMENT_3D('',#2495,#2496,#2497);
#2495 = CARTESIAN_POINT('',(0.,-3.752866562113E-16,6.8));
#2496 = DIRECTION('',(-0.,-0.,-1.));
#2497 = DIRECTION('',(-1.,0.,0.));
#2498 = ADVANCED_FACE('',(#2499),#2517,.T.);
#2499 = FACE_BOUND('',#2500,.T.);
#2500 = EDGE_LOOP('',(#2501,#2502,#2510,#2516));
#2501 = ORIENTED_EDGE('',*,*,#2487,.F.);
#2502 = ORIENTED_EDGE('',*,*,#2503,.F.);
#2503 = EDGE_CURVE('',#2504,#2479,#2506,.T.);
#2504 = VERTEX_POINT('',#2505);
#2505 = CARTESIAN_POINT('',(3.16040365499,-11.4,8.));
#2506 = LINE('',#2507,#2508);
#2507 = CARTESIAN_POINT('',(3.16040365499,-11.4,0.3));
#2508 = VECTOR('',#2509,1.);
#2509 = DIRECTION('',(-0.,-0.,-1.));
#2510 = ORIENTED_EDGE('',*,*,#2511,.T.);
#2511 = EDGE_CURVE('',#2504,#1833,#2512,.T.);
#2512 = LINE('',#2513,#2514);
#2513 = CARTESIAN_POINT('',(-7.9,-11.4,8.));
#2514 = VECTOR('',#2515,1.);
#2515 = DIRECTION('',(1.,0.,0.));
#2516 = ORIENTED_EDGE('',*,*,#1840,.T.);
#2517 = PLANE('',#2518);
#2518 = AXIS2_PLACEMENT_3D('',#2519,#2520,#2521);
#2519 = CARTESIAN_POINT('',(-7.9,-11.4,6.8));
#2520 = DIRECTION('',(0.,1.,0.));
#2521 = DIRECTION('',(0.,0.,1.));
#2522 = ADVANCED_FACE('',(#2523),#2559,.F.);
#2523 = FACE_BOUND('',#2524,.F.);
#2524 = EDGE_LOOP('',(#2525,#2535,#2542,#2543,#2544,#2552));
#2525 = ORIENTED_EDGE('',*,*,#2526,.F.);
#2526 = EDGE_CURVE('',#2527,#2529,#2531,.T.);
#2527 = VERTEX_POINT('',#2528);
#2528 = CARTESIAN_POINT('',(0.6,-8.839596345009,8.));
#2529 = VERTEX_POINT('',#2530);
#2530 = CARTESIAN_POINT('',(0.6,-7.160403654991,8.));
#2531 = LINE('',#2532,#2533);
#2532 = CARTESIAN_POINT('',(0.6,-19.9,8.));
#2533 = VECTOR('',#2534,1.);
#2534 = DIRECTION('',(0.,1.,0.));
#2535 = ORIENTED_EDGE('',*,*,#2536,.F.);
#2536 = EDGE_CURVE('',#2504,#2527,#2537,.T.);
#2537 = CIRCLE('',#2538,3.216854249492);
#2538 = AXIS2_PLACEMENT_3D('',#2539,#2540,#2541);
#2539 = CARTESIAN_POINT('',(0.,-12.,8.));
#2540 = DIRECTION('',(0.,0.,1.));
#2541 = DIRECTION('',(1.,0.,0.));
#2542 = ORIENTED_EDGE('',*,*,#2511,.T.);
#2543 = ORIENTED_EDGE('',*,*,#1832,.T.);
#2544 = ORIENTED_EDGE('',*,*,#2545,.F.);
#2545 = EDGE_CURVE('',#2546,#1825,#2548,.T.);
#2546 = VERTEX_POINT('',#2547);
#2547 = CARTESIAN_POINT('',(3.16040365499,-4.6,8.));
#2548 = LINE('',#2549,#2550);
#2549 = CARTESIAN_POINT('',(-7.9,-4.6,8.));
#2550 = VECTOR('',#2551,1.);
#2551 = DIRECTION('',(1.,0.,0.));
#2552 = ORIENTED_EDGE('',*,*,#2553,.F.);
#2553 = EDGE_CURVE('',#2529,#2546,#2554,.T.);
#2554 = CIRCLE('',#2555,3.216854249492);
#2555 = AXIS2_PLACEMENT_3D('',#2556,#2557,#2558);
#2556 = CARTESIAN_POINT('',(0.,-4.,8.));
#2557 = DIRECTION('',(0.,0.,1.));
#2558 = DIRECTION('',(1.,0.,0.));
#2559 = PLANE('',#2560);
#2560 = AXIS2_PLACEMENT_3D('',#2561,#2562,#2563);
#2561 = CARTESIAN_POINT('',(-1.286173633441,-1.286173633441,8.));
#2562 = DIRECTION('',(0.,0.,1.));
#2563 = DIRECTION('',(1.,0.,0.));
#2564 = ADVANCED_FACE('',(#2565),#2583,.F.);
#2565 = FACE_BOUND('',#2566,.F.);
#2566 = EDGE_LOOP('',(#2567,#2575,#2581,#2582));
#2567 = ORIENTED_EDGE('',*,*,#2568,.F.);
#2568 = EDGE_CURVE('',#2569,#1817,#2571,.T.);
#2569 = VERTEX_POINT('',#2570);
#2570 = CARTESIAN_POINT('',(3.16040365499,-4.6,6.8));
#2571 = LINE('',#2572,#2573);
#2572 = CARTESIAN_POINT('',(-7.9,-4.6,6.8));
#2573 = VECTOR('',#2574,1.);
#2574 = DIRECTION('',(1.,0.,0.));
#2575 = ORIENTED_EDGE('',*,*,#2576,.F.);
#2576 = EDGE_CURVE('',#2546,#2569,#2577,.T.);
#2577 = LINE('',#2578,#2579);
#2578 = CARTESIAN_POINT('',(3.16040365499,-4.6,0.3));
#2579 = VECTOR('',#2580,1.);
#2580 = DIRECTION('',(-0.,-0.,-1.));
#2581 = ORIENTED_EDGE('',*,*,#2545,.T.);
#2582 = ORIENTED_EDGE('',*,*,#1824,.T.);
#2583 = PLANE('',#2584);
#2584 = AXIS2_PLACEMENT_3D('',#2585,#2586,#2587);
#2585 = CARTESIAN_POINT('',(-7.9,-4.6,6.8));
#2586 = DIRECTION('',(0.,1.,0.));
#2587 = DIRECTION('',(0.,0.,1.));
#2588 = ADVANCED_FACE('',(#2589),#2617,.T.);
#2589 = FACE_BOUND('',#2590,.T.);
#2590 = EDGE_LOOP('',(#2591,#2592,#2601,#2610,#2616));
#2591 = ORIENTED_EDGE('',*,*,#2568,.F.);
#2592 = ORIENTED_EDGE('',*,*,#2593,.F.);
#2593 = EDGE_CURVE('',#2594,#2569,#2596,.T.);
#2594 = VERTEX_POINT('',#2595);
#2595 = CARTESIAN_POINT('',(3.216854249492,-4.,6.8));
#2596 = CIRCLE('',#2597,3.216854249492);
#2597 = AXIS2_PLACEMENT_3D('',#2598,#2599,#2600);
#2598 = CARTESIAN_POINT('',(0.,-4.,6.8));
#2599 = DIRECTION('',(0.,0.,-1.));
#2600 = DIRECTION('',(1.,0.,0.));
#2601 = ORIENTED_EDGE('',*,*,#2602,.F.);
#2602 = EDGE_CURVE('',#2603,#2594,#2605,.T.);
#2603 = VERTEX_POINT('',#2604);
#2604 = CARTESIAN_POINT('',(3.16040365499,-3.4,6.8));
#2605 = CIRCLE('',#2606,3.216854249492);
#2606 = AXIS2_PLACEMENT_3D('',#2607,#2608,#2609);
#2607 = CARTESIAN_POINT('',(0.,-4.,6.8));
#2608 = DIRECTION('',(0.,0.,-1.));
#2609 = DIRECTION('',(1.,0.,0.));
#2610 = ORIENTED_EDGE('',*,*,#2611,.T.);
#2611 = EDGE_CURVE('',#2603,#1809,#2612,.T.);
#2612 = LINE('',#2613,#2614);
#2613 = CARTESIAN_POINT('',(-7.9,-3.4,6.8));
#2614 = VECTOR('',#2615,1.);
#2615 = DIRECTION('',(1.,0.,0.));
#2616 = ORIENTED_EDGE('',*,*,#1816,.T.);
#2617 = PLANE('',#2618);
#2618 = AXIS2_PLACEMENT_3D('',#2619,#2620,#2621);
#2619 = CARTESIAN_POINT('',(0.,-3.752866562113E-16,6.8));
#2620 = DIRECTION('',(-0.,-0.,-1.));
#2621 = DIRECTION('',(-1.,0.,0.));
#2622 = ADVANCED_FACE('',(#2623),#2634,.T.);
#2623 = FACE_BOUND('',#2624,.T.);
#2624 = EDGE_LOOP('',(#2625,#2626,#2632,#2633));
#2625 = ORIENTED_EDGE('',*,*,#2611,.F.);
#2626 = ORIENTED_EDGE('',*,*,#2627,.F.);
#2627 = EDGE_CURVE('',#2321,#2603,#2628,.T.);
#2628 = LINE('',#2629,#2630);
#2629 = CARTESIAN_POINT('',(3.16040365499,-3.4,0.3));
#2630 = VECTOR('',#2631,1.);
#2631 = DIRECTION('',(-0.,-0.,-1.));
#2632 = ORIENTED_EDGE('',*,*,#2329,.T.);
#2633 = ORIENTED_EDGE('',*,*,#1808,.T.);
#2634 = PLANE('',#2635);
#2635 = AXIS2_PLACEMENT_3D('',#2636,#2637,#2638);
#2636 = CARTESIAN_POINT('',(-7.9,-3.4,6.8));
#2637 = DIRECTION('',(0.,1.,0.));
#2638 = DIRECTION('',(0.,0.,1.));
#2639 = ADVANCED_FACE('',(#2640),#2658,.T.);
#2640 = FACE_BOUND('',#2641,.T.);
#2641 = EDGE_LOOP('',(#2642,#2643,#2644,#2652));
#2642 = ORIENTED_EDGE('',*,*,#2411,.F.);
#2643 = ORIENTED_EDGE('',*,*,#1904,.F.);
#2644 = ORIENTED_EDGE('',*,*,#2645,.T.);
#2645 = EDGE_CURVE('',#1897,#2646,#2648,.T.);
#2646 = VERTEX_POINT('',#2647);
#2647 = CARTESIAN_POINT('',(0.6,-15.16040365499,6.8));
#2648 = LINE('',#2649,#2650);
#2649 = CARTESIAN_POINT('',(0.6,-19.9,6.8));
#2650 = VECTOR('',#2651,1.);
#2651 = DIRECTION('',(0.,1.,0.));
#2652 = ORIENTED_EDGE('',*,*,#2653,.F.);
#2653 = EDGE_CURVE('',#2412,#2646,#2654,.T.);
#2654 = LINE('',#2655,#2656);
#2655 = CARTESIAN_POINT('',(0.6,-15.16040365499,0.3));
#2656 = VECTOR('',#2657,1.);
#2657 = DIRECTION('',(-0.,-0.,-1.));
#2658 = PLANE('',#2659);
#2659 = AXIS2_PLACEMENT_3D('',#2660,#2661,#2662);
#2660 = CARTESIAN_POINT('',(0.6,-19.9,6.8));
#2661 = DIRECTION('',(1.,0.,0.));
#2662 = DIRECTION('',(0.,0.,1.));
#2663 = ADVANCED_FACE('',(#2664),#2683,.T.);
#2664 = FACE_BOUND('',#2665,.T.);
#2665 = EDGE_LOOP('',(#2666,#2667,#2675,#2682));
#2666 = ORIENTED_EDGE('',*,*,#1896,.F.);
#2667 = ORIENTED_EDGE('',*,*,#2668,.T.);
#2668 = EDGE_CURVE('',#1889,#2669,#2671,.T.);
#2669 = VERTEX_POINT('',#2670);
#2670 = CARTESIAN_POINT('',(-0.6,-15.16040365499,6.8));
#2671 = LINE('',#2672,#2673);
#2672 = CARTESIAN_POINT('',(-0.6,-19.9,6.8));
#2673 = VECTOR('',#2674,1.);
#2674 = DIRECTION('',(0.,1.,0.));
#2675 = ORIENTED_EDGE('',*,*,#2676,.F.);
#2676 = EDGE_CURVE('',#2646,#2669,#2677,.T.);
#2677 = CIRCLE('',#2678,3.216854249492);
#2678 = AXIS2_PLACEMENT_3D('',#2679,#2680,#2681);
#2679 = CARTESIAN_POINT('',(0.,-12.,6.8));
#2680 = DIRECTION('',(0.,0.,-1.));
#2681 = DIRECTION('',(1.,0.,0.));
#2682 = ORIENTED_EDGE('',*,*,#2645,.F.);
#2683 = PLANE('',#2684);
#2684 = AXIS2_PLACEMENT_3D('',#2685,#2686,#2687);
#2685 = CARTESIAN_POINT('',(0.,-3.752866562113E-16,6.8));
#2686 = DIRECTION('',(-0.,-0.,-1.));
#2687 = DIRECTION('',(-1.,0.,0.));
#2688 = ADVANCED_FACE('',(#2689),#2700,.F.);
#2689 = FACE_BOUND('',#2690,.F.);
#2690 = EDGE_LOOP('',(#2691,#2692,#2693,#2694));
#2691 = ORIENTED_EDGE('',*,*,#2288,.F.);
#2692 = ORIENTED_EDGE('',*,*,#1888,.F.);
#2693 = ORIENTED_EDGE('',*,*,#2668,.T.);
#2694 = ORIENTED_EDGE('',*,*,#2695,.F.);
#2695 = EDGE_CURVE('',#2289,#2669,#2696,.T.);
#2696 = LINE('',#2697,#2698);
#2697 = CARTESIAN_POINT('',(-0.6,-15.16040365499,0.3));
#2698 = VECTOR('',#2699,1.);
#2699 = DIRECTION('',(-0.,-0.,-1.));
#2700 = PLANE('',#2701);
#2701 = AXIS2_PLACEMENT_3D('',#2702,#2703,#2704);
#2702 = CARTESIAN_POINT('',(-0.6,-19.9,6.8));
#2703 = DIRECTION('',(1.,0.,0.));
#2704 = DIRECTION('',(0.,0.,1.));
#2705 = ADVANCED_FACE('',(#2706),#2761,.T.);
#2706 = FACE_BOUND('',#2707,.F.);
#2707 = EDGE_LOOP('',(#2708,#2717,#2723,#2724,#2725,#2726,#2727,#2728,
    #2729,#2730,#2731,#2732,#2733,#2734,#2742,#2751,#2757,#2758,#2759,
    #2760));
#2708 = ORIENTED_EDGE('',*,*,#2709,.F.);
#2709 = EDGE_CURVE('',#2710,#2710,#2712,.T.);
#2710 = VERTEX_POINT('',#2711);
#2711 = CARTESIAN_POINT('',(3.216854249492,-4.,0.3));
#2712 = CIRCLE('',#2713,3.216854249492);
#2713 = AXIS2_PLACEMENT_3D('',#2714,#2715,#2716);
#2714 = CARTESIAN_POINT('',(0.,-4.,0.3));
#2715 = DIRECTION('',(0.,0.,1.));
#2716 = DIRECTION('',(1.,0.,0.));
#2717 = ORIENTED_EDGE('',*,*,#2718,.T.);
#2718 = EDGE_CURVE('',#2710,#2594,#2719,.T.);
#2719 = LINE('',#2720,#2721);
#2720 = CARTESIAN_POINT('',(3.216854249492,-4.,0.3));
#2721 = VECTOR('',#2722,1.);
#2722 = DIRECTION('',(0.,0.,1.));
#2723 = ORIENTED_EDGE('',*,*,#2602,.F.);
#2724 = ORIENTED_EDGE('',*,*,#2627,.F.);
#2725 = ORIENTED_EDGE('',*,*,#2320,.T.);
#2726 = ORIENTED_EDGE('',*,*,#2346,.T.);
#2727 = ORIENTED_EDGE('',*,*,#2369,.F.);
#2728 = ORIENTED_EDGE('',*,*,#2395,.F.);
#2729 = ORIENTED_EDGE('',*,*,#2072,.T.);
#2730 = ORIENTED_EDGE('',*,*,#2108,.T.);
#2731 = ORIENTED_EDGE('',*,*,#2122,.F.);
#2732 = ORIENTED_EDGE('',*,*,#2157,.F.);
#2733 = ORIENTED_EDGE('',*,*,#2197,.T.);
#2734 = ORIENTED_EDGE('',*,*,#2735,.T.);
#2735 = EDGE_CURVE('',#2190,#2736,#2738,.T.);
#2736 = VERTEX_POINT('',#2737);
#2737 = CARTESIAN_POINT('',(-0.6,-7.16040365499,6.8));
#2738 = LINE('',#2739,#2740);
#2739 = CARTESIAN_POINT('',(-0.6,-7.16040365499,0.3));
#2740 = VECTOR('',#2741,1.);
#2741 = DIRECTION('',(-0.,-0.,-1.));
#2742 = ORIENTED_EDGE('',*,*,#2743,.F.);
#2743 = EDGE_CURVE('',#2744,#2736,#2746,.T.);
#2744 = VERTEX_POINT('',#2745);
#2745 = CARTESIAN_POINT('',(0.6,-7.16040365499,6.8));
#2746 = CIRCLE('',#2747,3.216854249492);
#2747 = AXIS2_PLACEMENT_3D('',#2748,#2749,#2750);
#2748 = CARTESIAN_POINT('',(0.,-4.,6.8));
#2749 = DIRECTION('',(0.,0.,-1.));
#2750 = DIRECTION('',(1.,0.,0.));
#2751 = ORIENTED_EDGE('',*,*,#2752,.F.);
#2752 = EDGE_CURVE('',#2529,#2744,#2753,.T.);
#2753 = LINE('',#2754,#2755);
#2754 = CARTESIAN_POINT('',(0.6,-7.16040365499,0.3));
#2755 = VECTOR('',#2756,1.);
#2756 = DIRECTION('',(-0.,-0.,-1.));
#2757 = ORIENTED_EDGE('',*,*,#2553,.T.);
#2758 = ORIENTED_EDGE('',*,*,#2576,.T.);
#2759 = ORIENTED_EDGE('',*,*,#2593,.F.);
#2760 = ORIENTED_EDGE('',*,*,#2718,.F.);
#2761 = CYLINDRICAL_SURFACE('',#2762,3.216854249492);
#2762 = AXIS2_PLACEMENT_3D('',#2763,#2764,#2765);
#2763 = CARTESIAN_POINT('',(0.,-4.,0.3));
#2764 = DIRECTION('',(-0.,-0.,-1.));
#2765 = DIRECTION('',(1.,0.,0.));
#2766 = ADVANCED_FACE('',(#2767),#2785,.F.);
#2767 = FACE_BOUND('',#2768,.F.);
#2768 = EDGE_LOOP('',(#2769,#2770,#2778,#2784));
#2769 = ORIENTED_EDGE('',*,*,#2189,.F.);
#2770 = ORIENTED_EDGE('',*,*,#2771,.T.);
#2771 = EDGE_CURVE('',#2181,#2772,#2774,.T.);
#2772 = VERTEX_POINT('',#2773);
#2773 = CARTESIAN_POINT('',(-0.6,-8.83959634501,6.8));
#2774 = LINE('',#2775,#2776);
#2775 = CARTESIAN_POINT('',(-0.6,-8.83959634501,0.3));
#2776 = VECTOR('',#2777,1.);
#2777 = DIRECTION('',(-0.,-0.,-1.));
#2778 = ORIENTED_EDGE('',*,*,#2779,.T.);
#2779 = EDGE_CURVE('',#2772,#2736,#2780,.T.);
#2780 = LINE('',#2781,#2782);
#2781 = CARTESIAN_POINT('',(-0.6,-19.9,6.8));
#2782 = VECTOR('',#2783,1.);
#2783 = DIRECTION('',(0.,1.,0.));
#2784 = ORIENTED_EDGE('',*,*,#2735,.F.);
#2785 = PLANE('',#2786);
#2786 = AXIS2_PLACEMENT_3D('',#2787,#2788,#2789);
#2787 = CARTESIAN_POINT('',(-0.6,-19.9,6.8));
#2788 = DIRECTION('',(1.,0.,0.));
#2789 = DIRECTION('',(0.,0.,1.));
#2790 = ADVANCED_FACE('',(#2791),#2839,.T.);
#2791 = FACE_BOUND('',#2792,.F.);
#2792 = EDGE_LOOP('',(#2793,#2802,#2808,#2809,#2810,#2811,#2819,#2826,
    #2827,#2828,#2829,#2830,#2831,#2832,#2833,#2834,#2835,#2836,#2837,
    #2838));
#2793 = ORIENTED_EDGE('',*,*,#2794,.F.);
#2794 = EDGE_CURVE('',#2795,#2795,#2797,.T.);
#2795 = VERTEX_POINT('',#2796);
#2796 = CARTESIAN_POINT('',(3.216854249492,-12.,0.3));
#2797 = CIRCLE('',#2798,3.216854249492);
#2798 = AXIS2_PLACEMENT_3D('',#2799,#2800,#2801);
#2799 = CARTESIAN_POINT('',(0.,-12.,0.3));
#2800 = DIRECTION('',(0.,0.,1.));
#2801 = DIRECTION('',(1.,0.,0.));
#2802 = ORIENTED_EDGE('',*,*,#2803,.T.);
#2803 = EDGE_CURVE('',#2795,#2470,#2804,.T.);
#2804 = LINE('',#2805,#2806);
#2805 = CARTESIAN_POINT('',(3.216854249492,-12.,0.3));
#2806 = VECTOR('',#2807,1.);
#2807 = DIRECTION('',(0.,0.,1.));
#2808 = ORIENTED_EDGE('',*,*,#2478,.F.);
#2809 = ORIENTED_EDGE('',*,*,#2503,.F.);
#2810 = ORIENTED_EDGE('',*,*,#2536,.T.);
#2811 = ORIENTED_EDGE('',*,*,#2812,.T.);
#2812 = EDGE_CURVE('',#2527,#2813,#2815,.T.);
#2813 = VERTEX_POINT('',#2814);
#2814 = CARTESIAN_POINT('',(0.6,-8.83959634501,6.8));
#2815 = LINE('',#2816,#2817);
#2816 = CARTESIAN_POINT('',(0.6,-8.83959634501,0.3));
#2817 = VECTOR('',#2818,1.);
#2818 = DIRECTION('',(-0.,-0.,-1.));
#2819 = ORIENTED_EDGE('',*,*,#2820,.F.);
#2820 = EDGE_CURVE('',#2772,#2813,#2821,.T.);
#2821 = CIRCLE('',#2822,3.216854249492);
#2822 = AXIS2_PLACEMENT_3D('',#2823,#2824,#2825);
#2823 = CARTESIAN_POINT('',(0.,-12.,6.8));
#2824 = DIRECTION('',(0.,0.,-1.));
#2825 = DIRECTION('',(1.,0.,0.));
#2826 = ORIENTED_EDGE('',*,*,#2771,.F.);
#2827 = ORIENTED_EDGE('',*,*,#2180,.T.);
#2828 = ORIENTED_EDGE('',*,*,#2223,.T.);
#2829 = ORIENTED_EDGE('',*,*,#2237,.F.);
#2830 = ORIENTED_EDGE('',*,*,#2272,.F.);
#2831 = ORIENTED_EDGE('',*,*,#2296,.T.);
#2832 = ORIENTED_EDGE('',*,*,#2695,.T.);
#2833 = ORIENTED_EDGE('',*,*,#2676,.F.);
#2834 = ORIENTED_EDGE('',*,*,#2653,.F.);
#2835 = ORIENTED_EDGE('',*,*,#2429,.T.);
#2836 = ORIENTED_EDGE('',*,*,#2452,.T.);
#2837 = ORIENTED_EDGE('',*,*,#2469,.F.);
#2838 = ORIENTED_EDGE('',*,*,#2803,.F.);
#2839 = CYLINDRICAL_SURFACE('',#2840,3.216854249492);
#2840 = AXIS2_PLACEMENT_3D('',#2841,#2842,#2843);
#2841 = CARTESIAN_POINT('',(0.,-12.,0.3));
#2842 = DIRECTION('',(-0.,-0.,-1.));
#2843 = DIRECTION('',(1.,0.,0.));
#2844 = ADVANCED_FACE('',(#2845),#2856,.T.);
#2845 = FACE_BOUND('',#2846,.T.);
#2846 = EDGE_LOOP('',(#2847,#2848,#2849,#2855));
#2847 = ORIENTED_EDGE('',*,*,#2526,.F.);
#2848 = ORIENTED_EDGE('',*,*,#2812,.T.);
#2849 = ORIENTED_EDGE('',*,*,#2850,.T.);
#2850 = EDGE_CURVE('',#2813,#2744,#2851,.T.);
#2851 = LINE('',#2852,#2853);
#2852 = CARTESIAN_POINT('',(0.6,-19.9,6.8));
#2853 = VECTOR('',#2854,1.);
#2854 = DIRECTION('',(0.,1.,0.));
#2855 = ORIENTED_EDGE('',*,*,#2752,.F.);
#2856 = PLANE('',#2857);
#2857 = AXIS2_PLACEMENT_3D('',#2858,#2859,#2860);
#2858 = CARTESIAN_POINT('',(0.6,-19.9,6.8));
#2859 = DIRECTION('',(1.,0.,0.));
#2860 = DIRECTION('',(0.,0.,1.));
#2861 = ADVANCED_FACE('',(#2862),#2881,.T.);
#2862 = FACE_BOUND('',#2863,.T.);
#2863 = EDGE_LOOP('',(#2864,#2865,#2873,#2880));
#2864 = ORIENTED_EDGE('',*,*,#2709,.F.);
#2865 = ORIENTED_EDGE('',*,*,#2866,.F.);
#2866 = EDGE_CURVE('',#2867,#2710,#2869,.T.);
#2867 = VERTEX_POINT('',#2868);
#2868 = CARTESIAN_POINT('',(3.016854249492,-4.,0.));
#2869 = LINE('',#2870,#2871);
#2870 = CARTESIAN_POINT('',(3.016854249492,-4.,0.));
#2871 = VECTOR('',#2872,1.);
#2872 = DIRECTION('',(0.554700196225,-1.358623639587E-16,0.832050294338)
  );
#2873 = ORIENTED_EDGE('',*,*,#2874,.T.);
#2874 = EDGE_CURVE('',#2867,#2867,#2875,.T.);
#2875 = CIRCLE('',#2876,3.016854249492);
#2876 = AXIS2_PLACEMENT_3D('',#2877,#2878,#2879);
#2877 = CARTESIAN_POINT('',(0.,-4.,0.));
#2878 = DIRECTION('',(0.,0.,1.));
#2879 = DIRECTION('',(1.,0.,0.));
#2880 = ORIENTED_EDGE('',*,*,#2866,.T.);
#2881 = CONICAL_SURFACE('',#2882,3.016854249492,0.588002603548);
#2882 = AXIS2_PLACEMENT_3D('',#2883,#2884,#2885);
#2883 = CARTESIAN_POINT('',(0.,-4.,0.));
#2884 = DIRECTION('',(0.,0.,1.));
#2885 = DIRECTION('',(1.,0.,0.));
#2886 = ADVANCED_FACE('',(#2887),#2893,.T.);
#2887 = FACE_BOUND('',#2888,.T.);
#2888 = EDGE_LOOP('',(#2889,#2890,#2891,#2892));
#2889 = ORIENTED_EDGE('',*,*,#2820,.F.);
#2890 = ORIENTED_EDGE('',*,*,#2779,.T.);
#2891 = ORIENTED_EDGE('',*,*,#2743,.F.);
#2892 = ORIENTED_EDGE('',*,*,#2850,.F.);
#2893 = PLANE('',#2894);
#2894 = AXIS2_PLACEMENT_3D('',#2895,#2896,#2897);
#2895 = CARTESIAN_POINT('',(0.,-3.752866562113E-16,6.8));
#2896 = DIRECTION('',(-0.,-0.,-1.));
#2897 = DIRECTION('',(-1.,0.,0.));
#2898 = ADVANCED_FACE('',(#2899),#2918,.T.);
#2899 = FACE_BOUND('',#2900,.T.);
#2900 = EDGE_LOOP('',(#2901,#2902,#2910,#2917));
#2901 = ORIENTED_EDGE('',*,*,#2794,.F.);
#2902 = ORIENTED_EDGE('',*,*,#2903,.F.);
#2903 = EDGE_CURVE('',#2904,#2795,#2906,.T.);
#2904 = VERTEX_POINT('',#2905);
#2905 = CARTESIAN_POINT('',(3.016854249492,-12.,0.));
#2906 = LINE('',#2907,#2908);
#2907 = CARTESIAN_POINT('',(3.016854249492,-12.,0.));
#2908 = VECTOR('',#2909,1.);
#2909 = DIRECTION('',(0.554700196225,-1.358623639587E-16,0.832050294338)
  );
#2910 = ORIENTED_EDGE('',*,*,#2911,.T.);
#2911 = EDGE_CURVE('',#2904,#2904,#2912,.T.);
#2912 = CIRCLE('',#2913,3.016854249492);
#2913 = AXIS2_PLACEMENT_3D('',#2914,#2915,#2916);
#2914 = CARTESIAN_POINT('',(0.,-12.,0.));
#2915 = DIRECTION('',(0.,0.,1.));
#2916 = DIRECTION('',(1.,0.,0.));
#2917 = ORIENTED_EDGE('',*,*,#2903,.T.);
#2918 = CONICAL_SURFACE('',#2919,3.016854249492,0.588002603548);
#2919 = AXIS2_PLACEMENT_3D('',#2920,#2921,#2922);
#2920 = CARTESIAN_POINT('',(0.,-12.,0.));
#2921 = DIRECTION('',(0.,0.,1.));
#2922 = DIRECTION('',(1.,0.,0.));
#2923 = ADVANCED_FACE('',(#2924,#2927),#2938,.F.);
#2924 = FACE_BOUND('',#2925,.F.);
#2925 = EDGE_LOOP('',(#2926));
#2926 = ORIENTED_EDGE('',*,*,#2874,.T.);
#2927 = FACE_BOUND('',#2928,.F.);
#2928 = EDGE_LOOP('',(#2929));
#2929 = ORIENTED_EDGE('',*,*,#2930,.F.);
#2930 = EDGE_CURVE('',#2931,#2931,#2933,.T.);
#2931 = VERTEX_POINT('',#2932);
#2932 = CARTESIAN_POINT('',(1.6,-4.,0.));
#2933 = CIRCLE('',#2934,1.6);
#2934 = AXIS2_PLACEMENT_3D('',#2935,#2936,#2937);
#2935 = CARTESIAN_POINT('',(0.,-4.,0.));
#2936 = DIRECTION('',(0.,0.,1.));
#2937 = DIRECTION('',(1.,0.,0.));
#2938 = PLANE('',#2939);
#2939 = AXIS2_PLACEMENT_3D('',#2940,#2941,#2942);
#2940 = CARTESIAN_POINT('',(0.,-4.,0.));
#2941 = DIRECTION('',(0.,0.,1.));
#2942 = DIRECTION('',(1.,0.,0.));
#2943 = ADVANCED_FACE('',(#2944,#2947),#2958,.F.);
#2944 = FACE_BOUND('',#2945,.F.);
#2945 = EDGE_LOOP('',(#2946));
#2946 = ORIENTED_EDGE('',*,*,#2911,.T.);
#2947 = FACE_BOUND('',#2948,.F.);
#2948 = EDGE_LOOP('',(#2949));
#2949 = ORIENTED_EDGE('',*,*,#2950,.F.);
#2950 = EDGE_CURVE('',#2951,#2951,#2953,.T.);
#2951 = VERTEX_POINT('',#2952);
#2952 = CARTESIAN_POINT('',(1.6,-12.,0.));
#2953 = CIRCLE('',#2954,1.6);
#2954 = AXIS2_PLACEMENT_3D('',#2955,#2956,#2957);
#2955 = CARTESIAN_POINT('',(0.,-12.,0.));
#2956 = DIRECTION('',(0.,0.,1.));
#2957 = DIRECTION('',(1.,0.,0.));
#2958 = PLANE('',#2959);
#2959 = AXIS2_PLACEMENT_3D('',#2960,#2961,#2962);
#2960 = CARTESIAN_POINT('',(0.,-12.,0.));
#2961 = DIRECTION('',(0.,0.,1.));
#2962 = DIRECTION('',(1.,0.,0.));
#2963 = ADVANCED_FACE('',(#2964),#2983,.F.);
#2964 = FACE_BOUND('',#2965,.T.);
#2965 = EDGE_LOOP('',(#2966,#2974,#2981,#2982));
#2966 = ORIENTED_EDGE('',*,*,#2967,.T.);
#2967 = EDGE_CURVE('',#2931,#2968,#2970,.T.);
#2968 = VERTEX_POINT('',#2969);
#2969 = CARTESIAN_POINT('',(1.6,-4.,8.));
#2970 = LINE('',#2971,#2972);
#2971 = CARTESIAN_POINT('',(1.6,-4.,0.));
#2972 = VECTOR('',#2973,1.);
#2973 = DIRECTION('',(0.,0.,1.));
#2974 = ORIENTED_EDGE('',*,*,#2975,.T.);
#2975 = EDGE_CURVE('',#2968,#2968,#2976,.T.);
#2976 = CIRCLE('',#2977,1.6);
#2977 = AXIS2_PLACEMENT_3D('',#2978,#2979,#2980);
#2978 = CARTESIAN_POINT('',(0.,-4.,8.));
#2979 = DIRECTION('',(0.,0.,1.));
#2980 = DIRECTION('',(1.,0.,0.));
#2981 = ORIENTED_EDGE('',*,*,#2967,.F.);
#2982 = ORIENTED_EDGE('',*,*,#2930,.F.);
#2983 = CYLINDRICAL_SURFACE('',#2984,1.6);
#2984 = AXIS2_PLACEMENT_3D('',#2985,#2986,#2987);
#2985 = CARTESIAN_POINT('',(0.,-4.,0.));
#2986 = DIRECTION('',(-0.,-0.,-1.));
#2987 = DIRECTION('',(1.,0.,0.));
#2988 = ADVANCED_FACE('',(#2989),#3008,.F.);
#2989 = FACE_BOUND('',#2990,.T.);
#2990 = EDGE_LOOP('',(#2991,#2999,#3006,#3007));
#2991 = ORIENTED_EDGE('',*,*,#2992,.T.);
#2992 = EDGE_CURVE('',#2951,#2993,#2995,.T.);
#2993 = VERTEX_POINT('',#2994);
#2994 = CARTESIAN_POINT('',(1.6,-12.,8.));
#2995 = LINE('',#2996,#2997);
#2996 = CARTESIAN_POINT('',(1.6,-12.,0.));
#2997 = VECTOR('',#2998,1.);
#2998 = DIRECTION('',(0.,0.,1.));
#2999 = ORIENTED_EDGE('',*,*,#3000,.T.);
#3000 = EDGE_CURVE('',#2993,#2993,#3001,.T.);
#3001 = CIRCLE('',#3002,1.6);
#3002 = AXIS2_PLACEMENT_3D('',#3003,#3004,#3005);
#3003 = CARTESIAN_POINT('',(0.,-12.,8.));
#3004 = DIRECTION('',(0.,0.,1.));
#3005 = DIRECTION('',(1.,0.,0.));
#3006 = ORIENTED_EDGE('',*,*,#2992,.F.);
#3007 = ORIENTED_EDGE('',*,*,#2950,.F.);
#3008 = CYLINDRICAL_SURFACE('',#3009,1.6);
#3009 = AXIS2_PLACEMENT_3D('',#3010,#3011,#3012);
#3010 = CARTESIAN_POINT('',(0.,-12.,0.));
#3011 = DIRECTION('',(-0.,-0.,-1.));
#3012 = DIRECTION('',(1.,0.,0.));
#3013 = ADVANCED_FACE('',(#3014),#3017,.F.);
#3014 = FACE_BOUND('',#3015,.T.);
#3015 = EDGE_LOOP('',(#3016));
#3016 = ORIENTED_EDGE('',*,*,#2975,.F.);
#3017 = PLANE('',#3018);
#3018 = AXIS2_PLACEMENT_3D('',#3019,#3020,#3021);
#3019 = CARTESIAN_POINT('',(0.,-4.,8.));
#3020 = DIRECTION('',(0.,0.,1.));
#3021 = DIRECTION('',(1.,0.,0.));
#3022 = ADVANCED_FACE('',(#3023),#3026,.F.);
#3023 = FACE_BOUND('',#3024,.T.);
#3024 = EDGE_LOOP('',(#3025));
#3025 = ORIENTED_EDGE('',*,*,#3000,.F.);
#3026 = PLANE('',#3027);
#3027 = AXIS2_PLACEMENT_3D('',#3028,#3029,#3030);
#3028 = CARTESIAN_POINT('',(0.,-12.,8.));
#3029 = DIRECTION('',(0.,0.,1.));
#3030 = DIRECTION('',(1.,0.,0.));
#3031 = ( GEOMETRIC_REPRESENTATION_CONTEXT(3) 
GLOBAL_UNCERTAINTY_ASSIGNED_CONTEXT((#3035)) 
GLOBAL_UNIT_ASSIGNED_CONTEXT((#3032,#3033,#3034)) REPRESENTATION_CONTEXT
('Context #1','3D Context with UNIT and UNCERTAINTY') );
#3032 = ( LENGTH_UNIT() NAMED_UNIT(*) SI_UNIT(.MILLI.,.METRE.) );
#3033 = ( NAMED_UNIT(*) PLANE_ANGLE_UNIT() SI_UNIT($,.RADIAN.) );
#3034 = ( NAMED_UNIT(*) SI_UNIT($,.STERADIAN.) SOLID_ANGLE_UNIT() );
#3035 = UNCERTAINTY_MEASURE_WITH_UNIT(LENGTH_MEASURE(5.E-06),#3032,
  'distance_accuracy_value','confusion accuracy');
#3036 = PRODUCT_RELATED_PRODUCT_CATEGORY('part',$,(#7));
ENDSEC;
END-ISO-10303-21;
