ISO-10303-21;
HEADER;
FILE_DESCRIPTION(('FreeCAD Model'),'2;1');
FILE_NAME('Open CASCADE Shape Model','2026-09-20T21:11:14',('FreeCAD'),(
    'FreeCAD'),'Open CASCADE STEP processor 7.8','FreeCAD','Unknown');
FILE_SCHEMA(('AUTOMOTIVE_DESIGN { 1 0 10303 214 1 1 1 1 }'));
ENDSEC;
DATA;
#1 = APPLICATION_PROTOCOL_DEFINITION('international standard',
  'automotive_design',2000,#2);
#2 = APPLICATION_CONTEXT(
  'core data for automotive mechanical design processes');
#3 = SHAPE_DEFINITION_REPRESENTATION(#4,#10);
#4 = PRODUCT_DEFINITION_SHAPE('','',#5);
#5 = PRODUCT_DEFINITION('design','',#6,#9);
#6 = PRODUCT_DEFINITION_FORMATION('','',#7);
#7 = PRODUCT('Open CASCADE STEP translator 7.8 65',
  'Open CASCADE STEP translator 7.8 65','',(#8));
#8 = PRODUCT_CONTEXT('',#2,'mechanical');
#9 = PRODUCT_DEFINITION_CONTEXT('part definition',#2,'design');
#10 = ADVANCED_BREP_SHAPE_REPRESENTATION('',(#11,#15),#3273);
#11 = AXIS2_PLACEMENT_3D('',#12,#13,#14);
#12 = CARTESIAN_POINT('',(0.,0.,0.));
#13 = DIRECTION('',(0.,0.,1.));
#14 = DIRECTION('',(1.,0.,-0.));
#15 = MANIFOLD_SOLID_BREP('',#16);
#16 = CLOSED_SHELL('',(#17,#50,#213,#238,#269,#293,#317,#341,#365,#389,
    #413,#430,#455,#480,#505,#530,#555,#580,#605,#630,#639,#929,#954,
    #979,#1004,#1029,#1054,#1079,#1104,#1129,#1158,#1181,#1204,#1227,
    #1250,#1273,#1296,#1319,#1342,#1365,#1388,#1411,#1434,#1457,#1480,
    #1503,#1526,#1549,#1572,#1595,#1618,#1641,#1664,#1687,#1710,#1733,
    #1756,#1779,#1802,#1825,#1848,#1871,#1894,#1911,#1920,#1929,#1938,
    #1947,#1956,#1965,#1974,#1983,#2252,#2276,#2367,#2423,#2447,#2503,
    #2696,#2713,#2730,#2747,#2764,#2781,#2798,#2815,#2832,#2849,#2875,
    #2892,#2909,#2926,#2943,#2960,#2977,#2994,#3011,#3028,#3045,#3062,
    #3079,#3096,#3113,#3130,#3147,#3164,#3181,#3198,#3210,#3227,#3244,
    #3261));
#17 = ADVANCED_FACE('',(#18),#45,.T.);
#18 = FACE_BOUND('',#19,.F.);
#19 = EDGE_LOOP('',(#20,#30,#37,#38));
#20 = ORIENTED_EDGE('',*,*,#21,.T.);
#21 = EDGE_CURVE('',#22,#24,#26,.T.);
#22 = VERTEX_POINT('',#23);
#23 = CARTESIAN_POINT('',(-1.6,-28.,9.6));
#24 = VERTEX_POINT('',#25);
#25 = CARTESIAN_POINT('',(-1.6,-28.,11.15));
#26 = LINE('',#27,#28);
#27 = CARTESIAN_POINT('',(-1.6,-28.,9.6));
#28 = VECTOR('',#29,1.);
#29 = DIRECTION('',(0.,0.,1.));
#30 = ORIENTED_EDGE('',*,*,#31,.T.);
#31 = EDGE_CURVE('',#24,#24,#32,.T.);
#32 = CIRCLE('',#33,2.4);
#33 = AXIS2_PLACEMENT_3D('',#34,#35,#36);
#34 = CARTESIAN_POINT('',(-4.,-28.,11.15));
#35 = DIRECTION('',(0.,0.,1.));
#36 = DIRECTION('',(1.,0.,0.));
#37 = ORIENTED_EDGE('',*,*,#21,.F.);
#38 = ORIENTED_EDGE('',*,*,#39,.F.);
#39 = EDGE_CURVE('',#22,#22,#40,.T.);
#40 = CIRCLE('',#41,2.4);
#41 = AXIS2_PLACEMENT_3D('',#42,#43,#44);
#42 = CARTESIAN_POINT('',(-4.,-28.,9.6));
#43 = DIRECTION('',(0.,0.,1.));
#44 = DIRECTION('',(1.,0.,0.));
#45 = CYLINDRICAL_SURFACE('',#46,2.4);
#46 = AXIS2_PLACEMENT_3D('',#47,#48,#49);
#47 = CARTESIAN_POINT('',(-4.,-28.,9.6));
#48 = DIRECTION('',(-0.,-0.,-1.));
#49 = DIRECTION('',(1.,0.,0.));
#50 = ADVANCED_FACE('',(#51,#117,#120,#131,#142,#153,#164,#175,#186,#197
    ),#208,.T.);
#51 = FACE_BOUND('',#52,.T.);
#52 = EDGE_LOOP('',(#53,#63,#71,#79,#87,#95,#103,#111));
#53 = ORIENTED_EDGE('',*,*,#54,.F.);
#54 = EDGE_CURVE('',#55,#57,#59,.T.);
#55 = VERTEX_POINT('',#56);
#56 = CARTESIAN_POINT('',(-7.9,-31.9,9.6));
#57 = VERTEX_POINT('',#58);
#58 = CARTESIAN_POINT('',(-7.9,31.9,9.6));
#59 = LINE('',#60,#61);
#60 = CARTESIAN_POINT('',(-7.9,-31.9,9.6));
#61 = VECTOR('',#62,1.);
#62 = DIRECTION('',(0.,1.,0.));
#63 = ORIENTED_EDGE('',*,*,#64,.T.);
#64 = EDGE_CURVE('',#55,#65,#67,.T.);
#65 = VERTEX_POINT('',#66);
#66 = CARTESIAN_POINT('',(-0.1,-31.9,9.6));
#67 = LINE('',#68,#69);
#68 = CARTESIAN_POINT('',(-7.9,-31.9,9.6));
#69 = VECTOR('',#70,1.);
#70 = DIRECTION('',(1.,0.,0.));
#71 = ORIENTED_EDGE('',*,*,#72,.T.);
#72 = EDGE_CURVE('',#65,#73,#75,.T.);
#73 = VERTEX_POINT('',#74);
#74 = CARTESIAN_POINT('',(-0.1,8.1,9.6));
#75 = LINE('',#76,#77);
#76 = CARTESIAN_POINT('',(-0.1,-31.9,9.6));
#77 = VECTOR('',#78,1.);
#78 = DIRECTION('',(0.,1.,0.));
#79 = ORIENTED_EDGE('',*,*,#80,.T.);
#80 = EDGE_CURVE('',#73,#81,#83,.T.);
#81 = VERTEX_POINT('',#82);
#82 = CARTESIAN_POINT('',(7.9,8.1,9.6));
#83 = LINE('',#84,#85);
#84 = CARTESIAN_POINT('',(-7.9,8.1,9.6));
#85 = VECTOR('',#86,1.);
#86 = DIRECTION('',(1.,0.,0.));
#87 = ORIENTED_EDGE('',*,*,#88,.T.);
#88 = EDGE_CURVE('',#81,#89,#91,.T.);
#89 = VERTEX_POINT('',#90);
#90 = CARTESIAN_POINT('',(7.9,15.9,9.6));
#91 = LINE('',#92,#93);
#92 = CARTESIAN_POINT('',(7.9,8.1,9.6));
#93 = VECTOR('',#94,1.);
#94 = DIRECTION('',(0.,1.,0.));
#95 = ORIENTED_EDGE('',*,*,#96,.F.);
#96 = EDGE_CURVE('',#97,#89,#99,.T.);
#97 = VERTEX_POINT('',#98);
#98 = CARTESIAN_POINT('',(-0.1,15.9,9.6));
#99 = LINE('',#100,#101);
#100 = CARTESIAN_POINT('',(-7.9,15.9,9.6));
#101 = VECTOR('',#102,1.);
#102 = DIRECTION('',(1.,0.,0.));
#103 = ORIENTED_EDGE('',*,*,#104,.T.);
#104 = EDGE_CURVE('',#97,#105,#107,.T.);
#105 = VERTEX_POINT('',#106);
#106 = CARTESIAN_POINT('',(-0.1,31.9,9.6));
#107 = LINE('',#108,#109);
#108 = CARTESIAN_POINT('',(-0.1,15.9,9.6));
#109 = VECTOR('',#110,1.);
#110 = DIRECTION('',(0.,1.,0.));
#111 = ORIENTED_EDGE('',*,*,#112,.F.);
#112 = EDGE_CURVE('',#57,#105,#113,.T.);
#113 = LINE('',#114,#115);
#114 = CARTESIAN_POINT('',(-7.9,31.9,9.6));
#115 = VECTOR('',#116,1.);
#116 = DIRECTION('',(1.,0.,0.));
#117 = FACE_BOUND('',#118,.T.);
#118 = EDGE_LOOP('',(#119));
#119 = ORIENTED_EDGE('',*,*,#39,.F.);
#120 = FACE_BOUND('',#121,.T.);
#121 = EDGE_LOOP('',(#122));
#122 = ORIENTED_EDGE('',*,*,#123,.F.);
#123 = EDGE_CURVE('',#124,#124,#126,.T.);
#124 = VERTEX_POINT('',#125);
#125 = CARTESIAN_POINT('',(-1.6,-20.,9.6));
#126 = CIRCLE('',#127,2.4);
#127 = AXIS2_PLACEMENT_3D('',#128,#129,#130);
#128 = CARTESIAN_POINT('',(-4.,-20.,9.6));
#129 = DIRECTION('',(0.,0.,1.));
#130 = DIRECTION('',(1.,0.,0.));
#131 = FACE_BOUND('',#132,.T.);
#132 = EDGE_LOOP('',(#133));
#133 = ORIENTED_EDGE('',*,*,#134,.F.);
#134 = EDGE_CURVE('',#135,#135,#137,.T.);
#135 = VERTEX_POINT('',#136);
#136 = CARTESIAN_POINT('',(-1.6,-12.,9.6));
#137 = CIRCLE('',#138,2.4);
#138 = AXIS2_PLACEMENT_3D('',#139,#140,#141);
#139 = CARTESIAN_POINT('',(-4.,-12.,9.6));
#140 = DIRECTION('',(0.,0.,1.));
#141 = DIRECTION('',(1.,0.,0.));
#142 = FACE_BOUND('',#143,.T.);
#143 = EDGE_LOOP('',(#144));
#144 = ORIENTED_EDGE('',*,*,#145,.F.);
#145 = EDGE_CURVE('',#146,#146,#148,.T.);
#146 = VERTEX_POINT('',#147);
#147 = CARTESIAN_POINT('',(-1.6,-4.,9.6));
#148 = CIRCLE('',#149,2.4);
#149 = AXIS2_PLACEMENT_3D('',#150,#151,#152);
#150 = CARTESIAN_POINT('',(-4.,-4.,9.6));
#151 = DIRECTION('',(0.,0.,1.));
#152 = DIRECTION('',(1.,0.,0.));
#153 = FACE_BOUND('',#154,.T.);
#154 = EDGE_LOOP('',(#155));
#155 = ORIENTED_EDGE('',*,*,#156,.F.);
#156 = EDGE_CURVE('',#157,#157,#159,.T.);
#157 = VERTEX_POINT('',#158);
#158 = CARTESIAN_POINT('',(-1.6,4.,9.6));
#159 = CIRCLE('',#160,2.4);
#160 = AXIS2_PLACEMENT_3D('',#161,#162,#163);
#161 = CARTESIAN_POINT('',(-4.,4.,9.6));
#162 = DIRECTION('',(0.,0.,1.));
#163 = DIRECTION('',(1.,0.,0.));
#164 = FACE_BOUND('',#165,.T.);
#165 = EDGE_LOOP('',(#166));
#166 = ORIENTED_EDGE('',*,*,#167,.F.);
#167 = EDGE_CURVE('',#168,#168,#170,.T.);
#168 = VERTEX_POINT('',#169);
#169 = CARTESIAN_POINT('',(-1.6,12.,9.6));
#170 = CIRCLE('',#171,2.4);
#171 = AXIS2_PLACEMENT_3D('',#172,#173,#174);
#172 = CARTESIAN_POINT('',(-4.,12.,9.6));
#173 = DIRECTION('',(0.,0.,1.));
#174 = DIRECTION('',(1.,0.,0.));
#175 = FACE_BOUND('',#176,.T.);
#176 = EDGE_LOOP('',(#177));
#177 = ORIENTED_EDGE('',*,*,#178,.F.);
#178 = EDGE_CURVE('',#179,#179,#181,.T.);
#179 = VERTEX_POINT('',#180);
#180 = CARTESIAN_POINT('',(-1.6,20.,9.6));
#181 = CIRCLE('',#182,2.4);
#182 = AXIS2_PLACEMENT_3D('',#183,#184,#185);
#183 = CARTESIAN_POINT('',(-4.,20.,9.6));
#184 = DIRECTION('',(0.,0.,1.));
#185 = DIRECTION('',(1.,0.,0.));
#186 = FACE_BOUND('',#187,.T.);
#187 = EDGE_LOOP('',(#188));
#188 = ORIENTED_EDGE('',*,*,#189,.F.);
#189 = EDGE_CURVE('',#190,#190,#192,.T.);
#190 = VERTEX_POINT('',#191);
#191 = CARTESIAN_POINT('',(-1.6,28.,9.6));
#192 = CIRCLE('',#193,2.4);
#193 = AXIS2_PLACEMENT_3D('',#194,#195,#196);
#194 = CARTESIAN_POINT('',(-4.,28.,9.6));
#195 = DIRECTION('',(0.,0.,1.));
#196 = DIRECTION('',(1.,0.,0.));
#197 = FACE_BOUND('',#198,.T.);
#198 = EDGE_LOOP('',(#199));
#199 = ORIENTED_EDGE('',*,*,#200,.F.);
#200 = EDGE_CURVE('',#201,#201,#203,.T.);
#201 = VERTEX_POINT('',#202);
#202 = CARTESIAN_POINT('',(6.4,12.,9.6));
#203 = CIRCLE('',#204,2.4);
#204 = AXIS2_PLACEMENT_3D('',#205,#206,#207);
#205 = CARTESIAN_POINT('',(4.,12.,9.6));
#206 = DIRECTION('',(0.,0.,1.));
#207 = DIRECTION('',(1.,0.,0.));
#208 = PLANE('',#209);
#209 = AXIS2_PLACEMENT_3D('',#210,#211,#212);
#210 = CARTESIAN_POINT('',(-2.814070351759,1.206030150754,9.6));
#211 = DIRECTION('',(0.,0.,1.));
#212 = DIRECTION('',(1.,0.,0.));
#213 = ADVANCED_FACE('',(#214),#233,.T.);
#214 = FACE_BOUND('',#215,.T.);
#215 = EDGE_LOOP('',(#216,#225,#231,#232));
#216 = ORIENTED_EDGE('',*,*,#217,.F.);
#217 = EDGE_CURVE('',#218,#218,#220,.T.);
#218 = VERTEX_POINT('',#219);
#219 = CARTESIAN_POINT('',(-1.85,-28.,11.4));
#220 = CIRCLE('',#221,2.15);
#221 = AXIS2_PLACEMENT_3D('',#222,#223,#224);
#222 = CARTESIAN_POINT('',(-4.,-28.,11.4));
#223 = DIRECTION('',(0.,0.,1.));
#224 = DIRECTION('',(1.,0.,0.));
#225 = ORIENTED_EDGE('',*,*,#226,.F.);
#226 = EDGE_CURVE('',#24,#218,#227,.T.);
#227 = LINE('',#228,#229);
#228 = CARTESIAN_POINT('',(-1.6,-28.,11.15));
#229 = VECTOR('',#230,1.);
#230 = DIRECTION('',(-0.707106781187,1.731912112471E-16,0.707106781187)
  );
#231 = ORIENTED_EDGE('',*,*,#31,.T.);
#232 = ORIENTED_EDGE('',*,*,#226,.T.);
#233 = CONICAL_SURFACE('',#234,2.4,0.785398163397);
#234 = AXIS2_PLACEMENT_3D('',#235,#236,#237);
#235 = CARTESIAN_POINT('',(-4.,-28.,11.15));
#236 = DIRECTION('',(-0.,-0.,-1.));
#237 = DIRECTION('',(1.,0.,0.));
#238 = ADVANCED_FACE('',(#239),#264,.T.);
#239 = FACE_BOUND('',#240,.T.);
#240 = EDGE_LOOP('',(#241,#249,#250,#258));
#241 = ORIENTED_EDGE('',*,*,#242,.T.);
#242 = EDGE_CURVE('',#243,#55,#245,.T.);
#243 = VERTEX_POINT('',#244);
#244 = CARTESIAN_POINT('',(-7.9,-31.9,0.));
#245 = LINE('',#246,#247);
#246 = CARTESIAN_POINT('',(-7.9,-31.9,0.));
#247 = VECTOR('',#248,1.);
#248 = DIRECTION('',(0.,0.,1.));
#249 = ORIENTED_EDGE('',*,*,#54,.T.);
#250 = ORIENTED_EDGE('',*,*,#251,.F.);
#251 = EDGE_CURVE('',#252,#57,#254,.T.);
#252 = VERTEX_POINT('',#253);
#253 = CARTESIAN_POINT('',(-7.9,31.9,0.));
#254 = LINE('',#255,#256);
#255 = CARTESIAN_POINT('',(-7.9,31.9,0.));
#256 = VECTOR('',#257,1.);
#257 = DIRECTION('',(0.,0.,1.));
#258 = ORIENTED_EDGE('',*,*,#259,.F.);
#259 = EDGE_CURVE('',#243,#252,#260,.T.);
#260 = LINE('',#261,#262);
#261 = CARTESIAN_POINT('',(-7.9,24.1,0.));
#262 = VECTOR('',#263,1.);
#263 = DIRECTION('',(0.,1.,0.));
#264 = PLANE('',#265);
#265 = AXIS2_PLACEMENT_3D('',#266,#267,#268);
#266 = CARTESIAN_POINT('',(-7.9,1.742475373799E-15,4.8));
#267 = DIRECTION('',(-1.,-0.,-0.));
#268 = DIRECTION('',(0.,0.,-1.));
#269 = ADVANCED_FACE('',(#270),#288,.F.);
#270 = FACE_BOUND('',#271,.F.);
#271 = EDGE_LOOP('',(#272,#280,#281,#282));
#272 = ORIENTED_EDGE('',*,*,#273,.F.);
#273 = EDGE_CURVE('',#243,#274,#276,.T.);
#274 = VERTEX_POINT('',#275);
#275 = CARTESIAN_POINT('',(-0.1,-31.9,0.));
#276 = LINE('',#277,#278);
#277 = CARTESIAN_POINT('',(-7.9,-31.9,0.));
#278 = VECTOR('',#279,1.);
#279 = DIRECTION('',(1.,0.,0.));
#280 = ORIENTED_EDGE('',*,*,#242,.T.);
#281 = ORIENTED_EDGE('',*,*,#64,.T.);
#282 = ORIENTED_EDGE('',*,*,#283,.F.);
#283 = EDGE_CURVE('',#274,#65,#284,.T.);
#284 = LINE('',#285,#286);
#285 = CARTESIAN_POINT('',(-0.1,-31.9,0.));
#286 = VECTOR('',#287,1.);
#287 = DIRECTION('',(0.,0.,1.));
#288 = PLANE('',#289);
#289 = AXIS2_PLACEMENT_3D('',#290,#291,#292);
#290 = CARTESIAN_POINT('',(-7.9,-31.9,0.));
#291 = DIRECTION('',(0.,1.,0.));
#292 = DIRECTION('',(0.,0.,1.));
#293 = ADVANCED_FACE('',(#294),#312,.T.);
#294 = FACE_BOUND('',#295,.T.);
#295 = EDGE_LOOP('',(#296,#304,#305,#306));
#296 = ORIENTED_EDGE('',*,*,#297,.F.);
#297 = EDGE_CURVE('',#252,#298,#300,.T.);
#298 = VERTEX_POINT('',#299);
#299 = CARTESIAN_POINT('',(-0.1,31.9,0.));
#300 = LINE('',#301,#302);
#301 = CARTESIAN_POINT('',(-7.9,31.9,0.));
#302 = VECTOR('',#303,1.);
#303 = DIRECTION('',(1.,0.,0.));
#304 = ORIENTED_EDGE('',*,*,#251,.T.);
#305 = ORIENTED_EDGE('',*,*,#112,.T.);
#306 = ORIENTED_EDGE('',*,*,#307,.F.);
#307 = EDGE_CURVE('',#298,#105,#308,.T.);
#308 = LINE('',#309,#310);
#309 = CARTESIAN_POINT('',(-0.1,31.9,0.));
#310 = VECTOR('',#311,1.);
#311 = DIRECTION('',(0.,0.,1.));
#312 = PLANE('',#313);
#313 = AXIS2_PLACEMENT_3D('',#314,#315,#316);
#314 = CARTESIAN_POINT('',(-7.9,31.9,0.));
#315 = DIRECTION('',(0.,1.,0.));
#316 = DIRECTION('',(0.,0.,1.));
#317 = ADVANCED_FACE('',(#318),#336,.T.);
#318 = FACE_BOUND('',#319,.T.);
#319 = EDGE_LOOP('',(#320,#321,#329,#335));
#320 = ORIENTED_EDGE('',*,*,#283,.F.);
#321 = ORIENTED_EDGE('',*,*,#322,.T.);
#322 = EDGE_CURVE('',#274,#323,#325,.T.);
#323 = VERTEX_POINT('',#324);
#324 = CARTESIAN_POINT('',(-0.1,8.1,0.));
#325 = LINE('',#326,#327);
#326 = CARTESIAN_POINT('',(-0.1,7.9,0.));
#327 = VECTOR('',#328,1.);
#328 = DIRECTION('',(0.,1.,0.));
#329 = ORIENTED_EDGE('',*,*,#330,.T.);
#330 = EDGE_CURVE('',#323,#73,#331,.T.);
#331 = LINE('',#332,#333);
#332 = CARTESIAN_POINT('',(-0.1,8.1,0.));
#333 = VECTOR('',#334,1.);
#334 = DIRECTION('',(0.,0.,1.));
#335 = ORIENTED_EDGE('',*,*,#72,.F.);
#336 = PLANE('',#337);
#337 = AXIS2_PLACEMENT_3D('',#338,#339,#340);
#338 = CARTESIAN_POINT('',(-0.1,-11.9,4.8));
#339 = DIRECTION('',(1.,0.,0.));
#340 = DIRECTION('',(0.,0.,1.));
#341 = ADVANCED_FACE('',(#342),#360,.T.);
#342 = FACE_BOUND('',#343,.T.);
#343 = EDGE_LOOP('',(#344,#352,#358,#359));
#344 = ORIENTED_EDGE('',*,*,#345,.F.);
#345 = EDGE_CURVE('',#346,#97,#348,.T.);
#346 = VERTEX_POINT('',#347);
#347 = CARTESIAN_POINT('',(-0.1,15.9,0.));
#348 = LINE('',#349,#350);
#349 = CARTESIAN_POINT('',(-0.1,15.9,0.));
#350 = VECTOR('',#351,1.);
#351 = DIRECTION('',(0.,0.,1.));
#352 = ORIENTED_EDGE('',*,*,#353,.T.);
#353 = EDGE_CURVE('',#346,#298,#354,.T.);
#354 = LINE('',#355,#356);
#355 = CARTESIAN_POINT('',(-0.1,24.1,0.));
#356 = VECTOR('',#357,1.);
#357 = DIRECTION('',(0.,1.,0.));
#358 = ORIENTED_EDGE('',*,*,#307,.T.);
#359 = ORIENTED_EDGE('',*,*,#104,.F.);
#360 = PLANE('',#361);
#361 = AXIS2_PLACEMENT_3D('',#362,#363,#364);
#362 = CARTESIAN_POINT('',(-0.1,23.9,4.8));
#363 = DIRECTION('',(1.,0.,0.));
#364 = DIRECTION('',(0.,0.,1.));
#365 = ADVANCED_FACE('',(#366),#384,.F.);
#366 = FACE_BOUND('',#367,.F.);
#367 = EDGE_LOOP('',(#368,#376,#377,#378));
#368 = ORIENTED_EDGE('',*,*,#369,.F.);
#369 = EDGE_CURVE('',#323,#370,#372,.T.);
#370 = VERTEX_POINT('',#371);
#371 = CARTESIAN_POINT('',(7.9,8.1,0.));
#372 = LINE('',#373,#374);
#373 = CARTESIAN_POINT('',(-7.9,8.1,0.));
#374 = VECTOR('',#375,1.);
#375 = DIRECTION('',(1.,0.,0.));
#376 = ORIENTED_EDGE('',*,*,#330,.T.);
#377 = ORIENTED_EDGE('',*,*,#80,.T.);
#378 = ORIENTED_EDGE('',*,*,#379,.F.);
#379 = EDGE_CURVE('',#370,#81,#380,.T.);
#380 = LINE('',#381,#382);
#381 = CARTESIAN_POINT('',(7.9,8.1,0.));
#382 = VECTOR('',#383,1.);
#383 = DIRECTION('',(0.,0.,1.));
#384 = PLANE('',#385);
#385 = AXIS2_PLACEMENT_3D('',#386,#387,#388);
#386 = CARTESIAN_POINT('',(-7.9,8.1,0.));
#387 = DIRECTION('',(0.,1.,0.));
#388 = DIRECTION('',(0.,0.,1.));
#389 = ADVANCED_FACE('',(#390),#408,.T.);
#390 = FACE_BOUND('',#391,.T.);
#391 = EDGE_LOOP('',(#392,#400,#401,#402));
#392 = ORIENTED_EDGE('',*,*,#393,.F.);
#393 = EDGE_CURVE('',#346,#394,#396,.T.);
#394 = VERTEX_POINT('',#395);
#395 = CARTESIAN_POINT('',(7.9,15.9,0.));
#396 = LINE('',#397,#398);
#397 = CARTESIAN_POINT('',(-7.9,15.9,0.));
#398 = VECTOR('',#399,1.);
#399 = DIRECTION('',(1.,0.,0.));
#400 = ORIENTED_EDGE('',*,*,#345,.T.);
#401 = ORIENTED_EDGE('',*,*,#96,.T.);
#402 = ORIENTED_EDGE('',*,*,#403,.F.);
#403 = EDGE_CURVE('',#394,#89,#404,.T.);
#404 = LINE('',#405,#406);
#405 = CARTESIAN_POINT('',(7.9,15.9,0.));
#406 = VECTOR('',#407,1.);
#407 = DIRECTION('',(0.,0.,1.));
#408 = PLANE('',#409);
#409 = AXIS2_PLACEMENT_3D('',#410,#411,#412);
#410 = CARTESIAN_POINT('',(-7.9,15.9,0.));
#411 = DIRECTION('',(0.,1.,0.));
#412 = DIRECTION('',(0.,0.,1.));
#413 = ADVANCED_FACE('',(#414),#425,.T.);
#414 = FACE_BOUND('',#415,.T.);
#415 = EDGE_LOOP('',(#416,#417,#423,#424));
#416 = ORIENTED_EDGE('',*,*,#379,.F.);
#417 = ORIENTED_EDGE('',*,*,#418,.T.);
#418 = EDGE_CURVE('',#370,#394,#419,.T.);
#419 = LINE('',#420,#421);
#420 = CARTESIAN_POINT('',(7.9,8.1,0.));
#421 = VECTOR('',#422,1.);
#422 = DIRECTION('',(0.,1.,0.));
#423 = ORIENTED_EDGE('',*,*,#403,.T.);
#424 = ORIENTED_EDGE('',*,*,#88,.F.);
#425 = PLANE('',#426);
#426 = AXIS2_PLACEMENT_3D('',#427,#428,#429);
#427 = CARTESIAN_POINT('',(7.9,8.1,0.));
#428 = DIRECTION('',(1.,0.,0.));
#429 = DIRECTION('',(0.,0.,1.));
#430 = ADVANCED_FACE('',(#431),#450,.T.);
#431 = FACE_BOUND('',#432,.F.);
#432 = EDGE_LOOP('',(#433,#441,#448,#449));
#433 = ORIENTED_EDGE('',*,*,#434,.T.);
#434 = EDGE_CURVE('',#124,#435,#437,.T.);
#435 = VERTEX_POINT('',#436);
#436 = CARTESIAN_POINT('',(-1.6,-20.,11.15));
#437 = LINE('',#438,#439);
#438 = CARTESIAN_POINT('',(-1.6,-20.,9.6));
#439 = VECTOR('',#440,1.);
#440 = DIRECTION('',(0.,0.,1.));
#441 = ORIENTED_EDGE('',*,*,#442,.T.);
#442 = EDGE_CURVE('',#435,#435,#443,.T.);
#443 = CIRCLE('',#444,2.4);
#444 = AXIS2_PLACEMENT_3D('',#445,#446,#447);
#445 = CARTESIAN_POINT('',(-4.,-20.,11.15));
#446 = DIRECTION('',(0.,0.,1.));
#447 = DIRECTION('',(1.,0.,0.));
#448 = ORIENTED_EDGE('',*,*,#434,.F.);
#449 = ORIENTED_EDGE('',*,*,#123,.F.);
#450 = CYLINDRICAL_SURFACE('',#451,2.4);
#451 = AXIS2_PLACEMENT_3D('',#452,#453,#454);
#452 = CARTESIAN_POINT('',(-4.,-20.,9.6));
#453 = DIRECTION('',(-0.,-0.,-1.));
#454 = DIRECTION('',(1.,0.,0.));
#455 = ADVANCED_FACE('',(#456),#475,.T.);
#456 = FACE_BOUND('',#457,.F.);
#457 = EDGE_LOOP('',(#458,#466,#473,#474));
#458 = ORIENTED_EDGE('',*,*,#459,.T.);
#459 = EDGE_CURVE('',#135,#460,#462,.T.);
#460 = VERTEX_POINT('',#461);
#461 = CARTESIAN_POINT('',(-1.6,-12.,11.15));
#462 = LINE('',#463,#464);
#463 = CARTESIAN_POINT('',(-1.6,-12.,9.6));
#464 = VECTOR('',#465,1.);
#465 = DIRECTION('',(0.,0.,1.));
#466 = ORIENTED_EDGE('',*,*,#467,.T.);
#467 = EDGE_CURVE('',#460,#460,#468,.T.);
#468 = CIRCLE('',#469,2.4);
#469 = AXIS2_PLACEMENT_3D('',#470,#471,#472);
#470 = CARTESIAN_POINT('',(-4.,-12.,11.15));
#471 = DIRECTION('',(0.,0.,1.));
#472 = DIRECTION('',(1.,0.,0.));
#473 = ORIENTED_EDGE('',*,*,#459,.F.);
#474 = ORIENTED_EDGE('',*,*,#134,.F.);
#475 = CYLINDRICAL_SURFACE('',#476,2.4);
#476 = AXIS2_PLACEMENT_3D('',#477,#478,#479);
#477 = CARTESIAN_POINT('',(-4.,-12.,9.6));
#478 = DIRECTION('',(-0.,-0.,-1.));
#479 = DIRECTION('',(1.,0.,0.));
#480 = ADVANCED_FACE('',(#481),#500,.T.);
#481 = FACE_BOUND('',#482,.F.);
#482 = EDGE_LOOP('',(#483,#491,#498,#499));
#483 = ORIENTED_EDGE('',*,*,#484,.T.);
#484 = EDGE_CURVE('',#146,#485,#487,.T.);
#485 = VERTEX_POINT('',#486);
#486 = CARTESIAN_POINT('',(-1.6,-4.,11.15));
#487 = LINE('',#488,#489);
#488 = CARTESIAN_POINT('',(-1.6,-4.,9.6));
#489 = VECTOR('',#490,1.);
#490 = DIRECTION('',(0.,0.,1.));
#491 = ORIENTED_EDGE('',*,*,#492,.T.);
#492 = EDGE_CURVE('',#485,#485,#493,.T.);
#493 = CIRCLE('',#494,2.4);
#494 = AXIS2_PLACEMENT_3D('',#495,#496,#497);
#495 = CARTESIAN_POINT('',(-4.,-4.,11.15));
#496 = DIRECTION('',(0.,0.,1.));
#497 = DIRECTION('',(1.,0.,0.));
#498 = ORIENTED_EDGE('',*,*,#484,.F.);
#499 = ORIENTED_EDGE('',*,*,#145,.F.);
#500 = CYLINDRICAL_SURFACE('',#501,2.4);
#501 = AXIS2_PLACEMENT_3D('',#502,#503,#504);
#502 = CARTESIAN_POINT('',(-4.,-4.,9.6));
#503 = DIRECTION('',(-0.,-0.,-1.));
#504 = DIRECTION('',(1.,0.,0.));
#505 = ADVANCED_FACE('',(#506),#525,.T.);
#506 = FACE_BOUND('',#507,.F.);
#507 = EDGE_LOOP('',(#508,#516,#523,#524));
#508 = ORIENTED_EDGE('',*,*,#509,.T.);
#509 = EDGE_CURVE('',#157,#510,#512,.T.);
#510 = VERTEX_POINT('',#511);
#511 = CARTESIAN_POINT('',(-1.6,4.,11.15));
#512 = LINE('',#513,#514);
#513 = CARTESIAN_POINT('',(-1.6,4.,9.6));
#514 = VECTOR('',#515,1.);
#515 = DIRECTION('',(0.,0.,1.));
#516 = ORIENTED_EDGE('',*,*,#517,.T.);
#517 = EDGE_CURVE('',#510,#510,#518,.T.);
#518 = CIRCLE('',#519,2.4);
#519 = AXIS2_PLACEMENT_3D('',#520,#521,#522);
#520 = CARTESIAN_POINT('',(-4.,4.,11.15));
#521 = DIRECTION('',(0.,0.,1.));
#522 = DIRECTION('',(1.,0.,0.));
#523 = ORIENTED_EDGE('',*,*,#509,.F.);
#524 = ORIENTED_EDGE('',*,*,#156,.F.);
#525 = CYLINDRICAL_SURFACE('',#526,2.4);
#526 = AXIS2_PLACEMENT_3D('',#527,#528,#529);
#527 = CARTESIAN_POINT('',(-4.,4.,9.6));
#528 = DIRECTION('',(-0.,-0.,-1.));
#529 = DIRECTION('',(1.,0.,0.));
#530 = ADVANCED_FACE('',(#531),#550,.T.);
#531 = FACE_BOUND('',#532,.F.);
#532 = EDGE_LOOP('',(#533,#541,#548,#549));
#533 = ORIENTED_EDGE('',*,*,#534,.T.);
#534 = EDGE_CURVE('',#168,#535,#537,.T.);
#535 = VERTEX_POINT('',#536);
#536 = CARTESIAN_POINT('',(-1.6,12.,11.15));
#537 = LINE('',#538,#539);
#538 = CARTESIAN_POINT('',(-1.6,12.,9.6));
#539 = VECTOR('',#540,1.);
#540 = DIRECTION('',(0.,0.,1.));
#541 = ORIENTED_EDGE('',*,*,#542,.T.);
#542 = EDGE_CURVE('',#535,#535,#543,.T.);
#543 = CIRCLE('',#544,2.4);
#544 = AXIS2_PLACEMENT_3D('',#545,#546,#547);
#545 = CARTESIAN_POINT('',(-4.,12.,11.15));
#546 = DIRECTION('',(0.,0.,1.));
#547 = DIRECTION('',(1.,0.,0.));
#548 = ORIENTED_EDGE('',*,*,#534,.F.);
#549 = ORIENTED_EDGE('',*,*,#167,.F.);
#550 = CYLINDRICAL_SURFACE('',#551,2.4);
#551 = AXIS2_PLACEMENT_3D('',#552,#553,#554);
#552 = CARTESIAN_POINT('',(-4.,12.,9.6));
#553 = DIRECTION('',(-0.,-0.,-1.));
#554 = DIRECTION('',(1.,0.,0.));
#555 = ADVANCED_FACE('',(#556),#575,.T.);
#556 = FACE_BOUND('',#557,.F.);
#557 = EDGE_LOOP('',(#558,#566,#573,#574));
#558 = ORIENTED_EDGE('',*,*,#559,.T.);
#559 = EDGE_CURVE('',#179,#560,#562,.T.);
#560 = VERTEX_POINT('',#561);
#561 = CARTESIAN_POINT('',(-1.6,20.,11.15));
#562 = LINE('',#563,#564);
#563 = CARTESIAN_POINT('',(-1.6,20.,9.6));
#564 = VECTOR('',#565,1.);
#565 = DIRECTION('',(0.,0.,1.));
#566 = ORIENTED_EDGE('',*,*,#567,.T.);
#567 = EDGE_CURVE('',#560,#560,#568,.T.);
#568 = CIRCLE('',#569,2.4);
#569 = AXIS2_PLACEMENT_3D('',#570,#571,#572);
#570 = CARTESIAN_POINT('',(-4.,20.,11.15));
#571 = DIRECTION('',(0.,0.,1.));
#572 = DIRECTION('',(1.,0.,0.));
#573 = ORIENTED_EDGE('',*,*,#559,.F.);
#574 = ORIENTED_EDGE('',*,*,#178,.F.);
#575 = CYLINDRICAL_SURFACE('',#576,2.4);
#576 = AXIS2_PLACEMENT_3D('',#577,#578,#579);
#577 = CARTESIAN_POINT('',(-4.,20.,9.6));
#578 = DIRECTION('',(-0.,-0.,-1.));
#579 = DIRECTION('',(1.,0.,0.));
#580 = ADVANCED_FACE('',(#581),#600,.T.);
#581 = FACE_BOUND('',#582,.F.);
#582 = EDGE_LOOP('',(#583,#591,#598,#599));
#583 = ORIENTED_EDGE('',*,*,#584,.T.);
#584 = EDGE_CURVE('',#190,#585,#587,.T.);
#585 = VERTEX_POINT('',#586);
#586 = CARTESIAN_POINT('',(-1.6,28.,11.15));
#587 = LINE('',#588,#589);
#588 = CARTESIAN_POINT('',(-1.6,28.,9.6));
#589 = VECTOR('',#590,1.);
#590 = DIRECTION('',(0.,0.,1.));
#591 = ORIENTED_EDGE('',*,*,#592,.T.);
#592 = EDGE_CURVE('',#585,#585,#593,.T.);
#593 = CIRCLE('',#594,2.4);
#594 = AXIS2_PLACEMENT_3D('',#595,#596,#597);
#595 = CARTESIAN_POINT('',(-4.,28.,11.15));
#596 = DIRECTION('',(0.,0.,1.));
#597 = DIRECTION('',(1.,0.,0.));
#598 = ORIENTED_EDGE('',*,*,#584,.F.);
#599 = ORIENTED_EDGE('',*,*,#189,.F.);
#600 = CYLINDRICAL_SURFACE('',#601,2.4);
#601 = AXIS2_PLACEMENT_3D('',#602,#603,#604);
#602 = CARTESIAN_POINT('',(-4.,28.,9.6));
#603 = DIRECTION('',(-0.,-0.,-1.));
#604 = DIRECTION('',(1.,0.,0.));
#605 = ADVANCED_FACE('',(#606),#625,.T.);
#606 = FACE_BOUND('',#607,.F.);
#607 = EDGE_LOOP('',(#608,#616,#623,#624));
#608 = ORIENTED_EDGE('',*,*,#609,.T.);
#609 = EDGE_CURVE('',#201,#610,#612,.T.);
#610 = VERTEX_POINT('',#611);
#611 = CARTESIAN_POINT('',(6.4,12.,11.15));
#612 = LINE('',#613,#614);
#613 = CARTESIAN_POINT('',(6.4,12.,9.6));
#614 = VECTOR('',#615,1.);
#615 = DIRECTION('',(0.,0.,1.));
#616 = ORIENTED_EDGE('',*,*,#617,.T.);
#617 = EDGE_CURVE('',#610,#610,#618,.T.);
#618 = CIRCLE('',#619,2.4);
#619 = AXIS2_PLACEMENT_3D('',#620,#621,#622);
#620 = CARTESIAN_POINT('',(4.,12.,11.15));
#621 = DIRECTION('',(0.,0.,1.));
#622 = DIRECTION('',(1.,0.,0.));
#623 = ORIENTED_EDGE('',*,*,#609,.F.);
#624 = ORIENTED_EDGE('',*,*,#200,.F.);
#625 = CYLINDRICAL_SURFACE('',#626,2.4);
#626 = AXIS2_PLACEMENT_3D('',#627,#628,#629);
#627 = CARTESIAN_POINT('',(4.,12.,9.6));
#628 = DIRECTION('',(-0.,-0.,-1.));
#629 = DIRECTION('',(1.,0.,0.));
#630 = ADVANCED_FACE('',(#631),#634,.T.);
#631 = FACE_BOUND('',#632,.T.);
#632 = EDGE_LOOP('',(#633));
#633 = ORIENTED_EDGE('',*,*,#217,.T.);
#634 = PLANE('',#635);
#635 = AXIS2_PLACEMENT_3D('',#636,#637,#638);
#636 = CARTESIAN_POINT('',(-4.,-28.,11.4));
#637 = DIRECTION('',(0.,0.,1.));
#638 = DIRECTION('',(1.,0.,0.));
#639 = ADVANCED_FACE('',(#640,#650),#924,.T.);
#640 = FACE_BOUND('',#641,.T.);
#641 = EDGE_LOOP('',(#642,#643,#644,#645,#646,#647,#648,#649));
#642 = ORIENTED_EDGE('',*,*,#259,.T.);
#643 = ORIENTED_EDGE('',*,*,#297,.T.);
#644 = ORIENTED_EDGE('',*,*,#353,.F.);
#645 = ORIENTED_EDGE('',*,*,#393,.T.);
#646 = ORIENTED_EDGE('',*,*,#418,.F.);
#647 = ORIENTED_EDGE('',*,*,#369,.F.);
#648 = ORIENTED_EDGE('',*,*,#322,.F.);
#649 = ORIENTED_EDGE('',*,*,#273,.F.);
#650 = FACE_BOUND('',#651,.T.);
#651 = EDGE_LOOP('',(#652,#662,#670,#678,#686,#694,#702,#710,#718,#726,
    #734,#742,#750,#758,#766,#774,#782,#790,#798,#806,#814,#822,#830,
    #838,#846,#854,#862,#870,#878,#886,#894,#902,#910,#918));
#652 = ORIENTED_EDGE('',*,*,#653,.F.);
#653 = EDGE_CURVE('',#654,#656,#658,.T.);
#654 = VERTEX_POINT('',#655);
#655 = CARTESIAN_POINT('',(-6.64,-30.64,0.));
#656 = VERTEX_POINT('',#657);
#657 = CARTESIAN_POINT('',(-6.64,-25.36,0.));
#658 = LINE('',#659,#660);
#659 = CARTESIAN_POINT('',(-6.64,-30.64,0.));
#660 = VECTOR('',#661,1.);
#661 = DIRECTION('',(0.,1.,0.));
#662 = ORIENTED_EDGE('',*,*,#663,.T.);
#663 = EDGE_CURVE('',#654,#664,#666,.T.);
#664 = VERTEX_POINT('',#665);
#665 = CARTESIAN_POINT('',(-1.36,-30.64,0.));
#666 = LINE('',#667,#668);
#667 = CARTESIAN_POINT('',(-6.64,-30.64,0.));
#668 = VECTOR('',#669,1.);
#669 = DIRECTION('',(1.,0.,0.));
#670 = ORIENTED_EDGE('',*,*,#671,.T.);
#671 = EDGE_CURVE('',#664,#672,#674,.T.);
#672 = VERTEX_POINT('',#673);
#673 = CARTESIAN_POINT('',(-1.36,-25.36,0.));
#674 = LINE('',#675,#676);
#675 = CARTESIAN_POINT('',(-1.36,-30.64,0.));
#676 = VECTOR('',#677,1.);
#677 = DIRECTION('',(0.,1.,0.));
#678 = ORIENTED_EDGE('',*,*,#679,.T.);
#679 = EDGE_CURVE('',#672,#680,#682,.T.);
#680 = VERTEX_POINT('',#681);
#681 = CARTESIAN_POINT('',(-1.36,-22.64,0.));
#682 = LINE('',#683,#684);
#683 = CARTESIAN_POINT('',(-1.36,-25.36,0.));
#684 = VECTOR('',#685,1.);
#685 = DIRECTION('',(0.,1.,0.));
#686 = ORIENTED_EDGE('',*,*,#687,.T.);
#687 = EDGE_CURVE('',#680,#688,#690,.T.);
#688 = VERTEX_POINT('',#689);
#689 = CARTESIAN_POINT('',(-1.36,-17.36,0.));
#690 = LINE('',#691,#692);
#691 = CARTESIAN_POINT('',(-1.36,-22.64,0.));
#692 = VECTOR('',#693,1.);
#693 = DIRECTION('',(0.,1.,0.));
#694 = ORIENTED_EDGE('',*,*,#695,.T.);
#695 = EDGE_CURVE('',#688,#696,#698,.T.);
#696 = VERTEX_POINT('',#697);
#697 = CARTESIAN_POINT('',(-1.36,-14.64,0.));
#698 = LINE('',#699,#700);
#699 = CARTESIAN_POINT('',(-1.36,-17.36,0.));
#700 = VECTOR('',#701,1.);
#701 = DIRECTION('',(0.,1.,0.));
#702 = ORIENTED_EDGE('',*,*,#703,.T.);
#703 = EDGE_CURVE('',#696,#704,#706,.T.);
#704 = VERTEX_POINT('',#705);
#705 = CARTESIAN_POINT('',(-1.36,-9.36,0.));
#706 = LINE('',#707,#708);
#707 = CARTESIAN_POINT('',(-1.36,-14.64,0.));
#708 = VECTOR('',#709,1.);
#709 = DIRECTION('',(0.,1.,0.));
#710 = ORIENTED_EDGE('',*,*,#711,.T.);
#711 = EDGE_CURVE('',#704,#712,#714,.T.);
#712 = VERTEX_POINT('',#713);
#713 = CARTESIAN_POINT('',(-1.36,-6.64,0.));
#714 = LINE('',#715,#716);
#715 = CARTESIAN_POINT('',(-1.36,-9.36,0.));
#716 = VECTOR('',#717,1.);
#717 = DIRECTION('',(0.,1.,0.));
#718 = ORIENTED_EDGE('',*,*,#719,.T.);
#719 = EDGE_CURVE('',#712,#720,#722,.T.);
#720 = VERTEX_POINT('',#721);
#721 = CARTESIAN_POINT('',(-1.36,-1.36,0.));
#722 = LINE('',#723,#724);
#723 = CARTESIAN_POINT('',(-1.36,-6.64,0.));
#724 = VECTOR('',#725,1.);
#725 = DIRECTION('',(0.,1.,0.));
#726 = ORIENTED_EDGE('',*,*,#727,.T.);
#727 = EDGE_CURVE('',#720,#728,#730,.T.);
#728 = VERTEX_POINT('',#729);
#729 = CARTESIAN_POINT('',(-1.36,1.36,0.));
#730 = LINE('',#731,#732);
#731 = CARTESIAN_POINT('',(-1.36,-1.36,0.));
#732 = VECTOR('',#733,1.);
#733 = DIRECTION('',(0.,1.,0.));
#734 = ORIENTED_EDGE('',*,*,#735,.T.);
#735 = EDGE_CURVE('',#728,#736,#738,.T.);
#736 = VERTEX_POINT('',#737);
#737 = CARTESIAN_POINT('',(-1.36,6.64,0.));
#738 = LINE('',#739,#740);
#739 = CARTESIAN_POINT('',(-1.36,1.36,0.));
#740 = VECTOR('',#741,1.);
#741 = DIRECTION('',(0.,1.,0.));
#742 = ORIENTED_EDGE('',*,*,#743,.T.);
#743 = EDGE_CURVE('',#736,#744,#746,.T.);
#744 = VERTEX_POINT('',#745);
#745 = CARTESIAN_POINT('',(-1.36,9.36,0.));
#746 = LINE('',#747,#748);
#747 = CARTESIAN_POINT('',(-1.36,6.64,0.));
#748 = VECTOR('',#749,1.);
#749 = DIRECTION('',(0.,1.,0.));
#750 = ORIENTED_EDGE('',*,*,#751,.T.);
#751 = EDGE_CURVE('',#744,#752,#754,.T.);
#752 = VERTEX_POINT('',#753);
#753 = CARTESIAN_POINT('',(6.64,9.36,0.));
#754 = LINE('',#755,#756);
#755 = CARTESIAN_POINT('',(-6.64,9.36,0.));
#756 = VECTOR('',#757,1.);
#757 = DIRECTION('',(1.,0.,0.));
#758 = ORIENTED_EDGE('',*,*,#759,.T.);
#759 = EDGE_CURVE('',#752,#760,#762,.T.);
#760 = VERTEX_POINT('',#761);
#761 = CARTESIAN_POINT('',(6.64,14.64,0.));
#762 = LINE('',#763,#764);
#763 = CARTESIAN_POINT('',(6.64,9.36,0.));
#764 = VECTOR('',#765,1.);
#765 = DIRECTION('',(0.,1.,0.));
#766 = ORIENTED_EDGE('',*,*,#767,.F.);
#767 = EDGE_CURVE('',#768,#760,#770,.T.);
#768 = VERTEX_POINT('',#769);
#769 = CARTESIAN_POINT('',(-1.36,14.64,0.));
#770 = LINE('',#771,#772);
#771 = CARTESIAN_POINT('',(-6.64,14.64,0.));
#772 = VECTOR('',#773,1.);
#773 = DIRECTION('',(1.,0.,0.));
#774 = ORIENTED_EDGE('',*,*,#775,.T.);
#775 = EDGE_CURVE('',#768,#776,#778,.T.);
#776 = VERTEX_POINT('',#777);
#777 = CARTESIAN_POINT('',(-1.36,17.36,0.));
#778 = LINE('',#779,#780);
#779 = CARTESIAN_POINT('',(-1.36,14.64,0.));
#780 = VECTOR('',#781,1.);
#781 = DIRECTION('',(0.,1.,0.));
#782 = ORIENTED_EDGE('',*,*,#783,.T.);
#783 = EDGE_CURVE('',#776,#784,#786,.T.);
#784 = VERTEX_POINT('',#785);
#785 = CARTESIAN_POINT('',(-1.36,22.64,0.));
#786 = LINE('',#787,#788);
#787 = CARTESIAN_POINT('',(-1.36,17.36,0.));
#788 = VECTOR('',#789,1.);
#789 = DIRECTION('',(0.,1.,0.));
#790 = ORIENTED_EDGE('',*,*,#791,.T.);
#791 = EDGE_CURVE('',#784,#792,#794,.T.);
#792 = VERTEX_POINT('',#793);
#793 = CARTESIAN_POINT('',(-1.36,25.36,0.));
#794 = LINE('',#795,#796);
#795 = CARTESIAN_POINT('',(-1.36,22.64,0.));
#796 = VECTOR('',#797,1.);
#797 = DIRECTION('',(0.,1.,0.));
#798 = ORIENTED_EDGE('',*,*,#799,.T.);
#799 = EDGE_CURVE('',#792,#800,#802,.T.);
#800 = VERTEX_POINT('',#801);
#801 = CARTESIAN_POINT('',(-1.36,30.64,0.));
#802 = LINE('',#803,#804);
#803 = CARTESIAN_POINT('',(-1.36,25.36,0.));
#804 = VECTOR('',#805,1.);
#805 = DIRECTION('',(0.,1.,0.));
#806 = ORIENTED_EDGE('',*,*,#807,.F.);
#807 = EDGE_CURVE('',#808,#800,#810,.T.);
#808 = VERTEX_POINT('',#809);
#809 = CARTESIAN_POINT('',(-6.64,30.64,0.));
#810 = LINE('',#811,#812);
#811 = CARTESIAN_POINT('',(-6.64,30.64,0.));
#812 = VECTOR('',#813,1.);
#813 = DIRECTION('',(1.,0.,0.));
#814 = ORIENTED_EDGE('',*,*,#815,.F.);
#815 = EDGE_CURVE('',#816,#808,#818,.T.);
#816 = VERTEX_POINT('',#817);
#817 = CARTESIAN_POINT('',(-6.64,25.36,0.));
#818 = LINE('',#819,#820);
#819 = CARTESIAN_POINT('',(-6.64,25.36,0.));
#820 = VECTOR('',#821,1.);
#821 = DIRECTION('',(0.,1.,0.));
#822 = ORIENTED_EDGE('',*,*,#823,.F.);
#823 = EDGE_CURVE('',#824,#816,#826,.T.);
#824 = VERTEX_POINT('',#825);
#825 = CARTESIAN_POINT('',(-6.64,22.64,0.));
#826 = LINE('',#827,#828);
#827 = CARTESIAN_POINT('',(-6.64,22.64,0.));
#828 = VECTOR('',#829,1.);
#829 = DIRECTION('',(0.,1.,0.));
#830 = ORIENTED_EDGE('',*,*,#831,.F.);
#831 = EDGE_CURVE('',#832,#824,#834,.T.);
#832 = VERTEX_POINT('',#833);
#833 = CARTESIAN_POINT('',(-6.64,17.36,0.));
#834 = LINE('',#835,#836);
#835 = CARTESIAN_POINT('',(-6.64,17.36,0.));
#836 = VECTOR('',#837,1.);
#837 = DIRECTION('',(0.,1.,0.));
#838 = ORIENTED_EDGE('',*,*,#839,.F.);
#839 = EDGE_CURVE('',#840,#832,#842,.T.);
#840 = VERTEX_POINT('',#841);
#841 = CARTESIAN_POINT('',(-6.64,14.64,0.));
#842 = LINE('',#843,#844);
#843 = CARTESIAN_POINT('',(-6.64,14.64,0.));
#844 = VECTOR('',#845,1.);
#845 = DIRECTION('',(0.,1.,0.));
#846 = ORIENTED_EDGE('',*,*,#847,.F.);
#847 = EDGE_CURVE('',#848,#840,#850,.T.);
#848 = VERTEX_POINT('',#849);
#849 = CARTESIAN_POINT('',(-6.64,9.36,0.));
#850 = LINE('',#851,#852);
#851 = CARTESIAN_POINT('',(-6.64,9.36,0.));
#852 = VECTOR('',#853,1.);
#853 = DIRECTION('',(0.,1.,0.));
#854 = ORIENTED_EDGE('',*,*,#855,.F.);
#855 = EDGE_CURVE('',#856,#848,#858,.T.);
#856 = VERTEX_POINT('',#857);
#857 = CARTESIAN_POINT('',(-6.64,6.64,0.));
#858 = LINE('',#859,#860);
#859 = CARTESIAN_POINT('',(-6.64,6.64,0.));
#860 = VECTOR('',#861,1.);
#861 = DIRECTION('',(0.,1.,0.));
#862 = ORIENTED_EDGE('',*,*,#863,.F.);
#863 = EDGE_CURVE('',#864,#856,#866,.T.);
#864 = VERTEX_POINT('',#865);
#865 = CARTESIAN_POINT('',(-6.64,1.36,0.));
#866 = LINE('',#867,#868);
#867 = CARTESIAN_POINT('',(-6.64,1.36,0.));
#868 = VECTOR('',#869,1.);
#869 = DIRECTION('',(0.,1.,0.));
#870 = ORIENTED_EDGE('',*,*,#871,.F.);
#871 = EDGE_CURVE('',#872,#864,#874,.T.);
#872 = VERTEX_POINT('',#873);
#873 = CARTESIAN_POINT('',(-6.64,-1.36,0.));
#874 = LINE('',#875,#876);
#875 = CARTESIAN_POINT('',(-6.64,-1.36,0.));
#876 = VECTOR('',#877,1.);
#877 = DIRECTION('',(0.,1.,0.));
#878 = ORIENTED_EDGE('',*,*,#879,.F.);
#879 = EDGE_CURVE('',#880,#872,#882,.T.);
#880 = VERTEX_POINT('',#881);
#881 = CARTESIAN_POINT('',(-6.64,-6.64,0.));
#882 = LINE('',#883,#884);
#883 = CARTESIAN_POINT('',(-6.64,-6.64,0.));
#884 = VECTOR('',#885,1.);
#885 = DIRECTION('',(0.,1.,0.));
#886 = ORIENTED_EDGE('',*,*,#887,.F.);
#887 = EDGE_CURVE('',#888,#880,#890,.T.);
#888 = VERTEX_POINT('',#889);
#889 = CARTESIAN_POINT('',(-6.64,-9.36,0.));
#890 = LINE('',#891,#892);
#891 = CARTESIAN_POINT('',(-6.64,-9.36,0.));
#892 = VECTOR('',#893,1.);
#893 = DIRECTION('',(0.,1.,0.));
#894 = ORIENTED_EDGE('',*,*,#895,.F.);
#895 = EDGE_CURVE('',#896,#888,#898,.T.);
#896 = VERTEX_POINT('',#897);
#897 = CARTESIAN_POINT('',(-6.64,-14.64,0.));
#898 = LINE('',#899,#900);
#899 = CARTESIAN_POINT('',(-6.64,-14.64,0.));
#900 = VECTOR('',#901,1.);
#901 = DIRECTION('',(0.,1.,0.));
#902 = ORIENTED_EDGE('',*,*,#903,.F.);
#903 = EDGE_CURVE('',#904,#896,#906,.T.);
#904 = VERTEX_POINT('',#905);
#905 = CARTESIAN_POINT('',(-6.64,-17.36,0.));
#906 = LINE('',#907,#908);
#907 = CARTESIAN_POINT('',(-6.64,-17.36,0.));
#908 = VECTOR('',#909,1.);
#909 = DIRECTION('',(0.,1.,0.));
#910 = ORIENTED_EDGE('',*,*,#911,.F.);
#911 = EDGE_CURVE('',#912,#904,#914,.T.);
#912 = VERTEX_POINT('',#913);
#913 = CARTESIAN_POINT('',(-6.64,-22.64,0.));
#914 = LINE('',#915,#916);
#915 = CARTESIAN_POINT('',(-6.64,-22.64,0.));
#916 = VECTOR('',#917,1.);
#917 = DIRECTION('',(0.,1.,0.));
#918 = ORIENTED_EDGE('',*,*,#919,.F.);
#919 = EDGE_CURVE('',#656,#912,#920,.T.);
#920 = LINE('',#921,#922);
#921 = CARTESIAN_POINT('',(-6.64,-25.36,0.));
#922 = VECTOR('',#923,1.);
#923 = DIRECTION('',(0.,1.,0.));
#924 = PLANE('',#925);
#925 = AXIS2_PLACEMENT_3D('',#926,#927,#928);
#926 = CARTESIAN_POINT('',(-2.814070351759,1.206030150754,0.));
#927 = DIRECTION('',(-0.,-0.,-1.));
#928 = DIRECTION('',(-1.,0.,0.));
#929 = ADVANCED_FACE('',(#930),#949,.T.);
#930 = FACE_BOUND('',#931,.T.);
#931 = EDGE_LOOP('',(#932,#941,#947,#948));
#932 = ORIENTED_EDGE('',*,*,#933,.F.);
#933 = EDGE_CURVE('',#934,#934,#936,.T.);
#934 = VERTEX_POINT('',#935);
#935 = CARTESIAN_POINT('',(-1.85,-20.,11.4));
#936 = CIRCLE('',#937,2.15);
#937 = AXIS2_PLACEMENT_3D('',#938,#939,#940);
#938 = CARTESIAN_POINT('',(-4.,-20.,11.4));
#939 = DIRECTION('',(0.,0.,1.));
#940 = DIRECTION('',(1.,0.,0.));
#941 = ORIENTED_EDGE('',*,*,#942,.F.);
#942 = EDGE_CURVE('',#435,#934,#943,.T.);
#943 = LINE('',#944,#945);
#944 = CARTESIAN_POINT('',(-1.6,-20.,11.15));
#945 = VECTOR('',#946,1.);
#946 = DIRECTION('',(-0.707106781187,1.731912112471E-16,0.707106781187)
  );
#947 = ORIENTED_EDGE('',*,*,#442,.T.);
#948 = ORIENTED_EDGE('',*,*,#942,.T.);
#949 = CONICAL_SURFACE('',#950,2.4,0.785398163397);
#950 = AXIS2_PLACEMENT_3D('',#951,#952,#953);
#951 = CARTESIAN_POINT('',(-4.,-20.,11.15));
#952 = DIRECTION('',(-0.,-0.,-1.));
#953 = DIRECTION('',(1.,0.,0.));
#954 = ADVANCED_FACE('',(#955),#974,.T.);
#955 = FACE_BOUND('',#956,.T.);
#956 = EDGE_LOOP('',(#957,#966,#972,#973));
#957 = ORIENTED_EDGE('',*,*,#958,.F.);
#958 = EDGE_CURVE('',#959,#959,#961,.T.);
#959 = VERTEX_POINT('',#960);
#960 = CARTESIAN_POINT('',(-1.85,-12.,11.4));
#961 = CIRCLE('',#962,2.15);
#962 = AXIS2_PLACEMENT_3D('',#963,#964,#965);
#963 = CARTESIAN_POINT('',(-4.,-12.,11.4));
#964 = DIRECTION('',(0.,0.,1.));
#965 = DIRECTION('',(1.,0.,0.));
#966 = ORIENTED_EDGE('',*,*,#967,.F.);
#967 = EDGE_CURVE('',#460,#959,#968,.T.);
#968 = LINE('',#969,#970);
#969 = CARTESIAN_POINT('',(-1.6,-12.,11.15));
#970 = VECTOR('',#971,1.);
#971 = DIRECTION('',(-0.707106781187,1.731912112471E-16,0.707106781187)
  );
#972 = ORIENTED_EDGE('',*,*,#467,.T.);
#973 = ORIENTED_EDGE('',*,*,#967,.T.);
#974 = CONICAL_SURFACE('',#975,2.4,0.785398163397);
#975 = AXIS2_PLACEMENT_3D('',#976,#977,#978);
#976 = CARTESIAN_POINT('',(-4.,-12.,11.15));
#977 = DIRECTION('',(-0.,-0.,-1.));
#978 = DIRECTION('',(1.,0.,0.));
#979 = ADVANCED_FACE('',(#980),#999,.T.);
#980 = FACE_BOUND('',#981,.T.);
#981 = EDGE_LOOP('',(#982,#991,#997,#998));
#982 = ORIENTED_EDGE('',*,*,#983,.F.);
#983 = EDGE_CURVE('',#984,#984,#986,.T.);
#984 = VERTEX_POINT('',#985);
#985 = CARTESIAN_POINT('',(-1.85,-4.,11.4));
#986 = CIRCLE('',#987,2.15);
#987 = AXIS2_PLACEMENT_3D('',#988,#989,#990);
#988 = CARTESIAN_POINT('',(-4.,-4.,11.4));
#989 = DIRECTION('',(0.,0.,1.));
#990 = DIRECTION('',(1.,0.,0.));
#991 = ORIENTED_EDGE('',*,*,#992,.F.);
#992 = EDGE_CURVE('',#485,#984,#993,.T.);
#993 = LINE('',#994,#995);
#994 = CARTESIAN_POINT('',(-1.6,-4.,11.15));
#995 = VECTOR('',#996,1.);
#996 = DIRECTION('',(-0.707106781187,1.731912112471E-16,0.707106781187)
  );
#997 = ORIENTED_EDGE('',*,*,#492,.T.);
#998 = ORIENTED_EDGE('',*,*,#992,.T.);
#999 = CONICAL_SURFACE('',#1000,2.4,0.785398163397);
#1000 = AXIS2_PLACEMENT_3D('',#1001,#1002,#1003);
#1001 = CARTESIAN_POINT('',(-4.,-4.,11.15));
#1002 = DIRECTION('',(-0.,-0.,-1.));
#1003 = DIRECTION('',(1.,0.,0.));
#1004 = ADVANCED_FACE('',(#1005),#1024,.T.);
#1005 = FACE_BOUND('',#1006,.T.);
#1006 = EDGE_LOOP('',(#1007,#1016,#1022,#1023));
#1007 = ORIENTED_EDGE('',*,*,#1008,.F.);
#1008 = EDGE_CURVE('',#1009,#1009,#1011,.T.);
#1009 = VERTEX_POINT('',#1010);
#1010 = CARTESIAN_POINT('',(-1.85,4.,11.4));
#1011 = CIRCLE('',#1012,2.15);
#1012 = AXIS2_PLACEMENT_3D('',#1013,#1014,#1015);
#1013 = CARTESIAN_POINT('',(-4.,4.,11.4));
#1014 = DIRECTION('',(0.,0.,1.));
#1015 = DIRECTION('',(1.,0.,0.));
#1016 = ORIENTED_EDGE('',*,*,#1017,.F.);
#1017 = EDGE_CURVE('',#510,#1009,#1018,.T.);
#1018 = LINE('',#1019,#1020);
#1019 = CARTESIAN_POINT('',(-1.6,4.,11.15));
#1020 = VECTOR('',#1021,1.);
#1021 = DIRECTION('',(-0.707106781187,1.731912112471E-16,0.707106781187)
  );
#1022 = ORIENTED_EDGE('',*,*,#517,.T.);
#1023 = ORIENTED_EDGE('',*,*,#1017,.T.);
#1024 = CONICAL_SURFACE('',#1025,2.4,0.785398163397);
#1025 = AXIS2_PLACEMENT_3D('',#1026,#1027,#1028);
#1026 = CARTESIAN_POINT('',(-4.,4.,11.15));
#1027 = DIRECTION('',(-0.,-0.,-1.));
#1028 = DIRECTION('',(1.,0.,0.));
#1029 = ADVANCED_FACE('',(#1030),#1049,.T.);
#1030 = FACE_BOUND('',#1031,.T.);
#1031 = EDGE_LOOP('',(#1032,#1041,#1047,#1048));
#1032 = ORIENTED_EDGE('',*,*,#1033,.F.);
#1033 = EDGE_CURVE('',#1034,#1034,#1036,.T.);
#1034 = VERTEX_POINT('',#1035);
#1035 = CARTESIAN_POINT('',(-1.85,12.,11.4));
#1036 = CIRCLE('',#1037,2.15);
#1037 = AXIS2_PLACEMENT_3D('',#1038,#1039,#1040);
#1038 = CARTESIAN_POINT('',(-4.,12.,11.4));
#1039 = DIRECTION('',(0.,0.,1.));
#1040 = DIRECTION('',(1.,0.,0.));
#1041 = ORIENTED_EDGE('',*,*,#1042,.F.);
#1042 = EDGE_CURVE('',#535,#1034,#1043,.T.);
#1043 = LINE('',#1044,#1045);
#1044 = CARTESIAN_POINT('',(-1.6,12.,11.15));
#1045 = VECTOR('',#1046,1.);
#1046 = DIRECTION('',(-0.707106781187,1.731912112471E-16,0.707106781187)
  );
#1047 = ORIENTED_EDGE('',*,*,#542,.T.);
#1048 = ORIENTED_EDGE('',*,*,#1042,.T.);
#1049 = CONICAL_SURFACE('',#1050,2.4,0.785398163397);
#1050 = AXIS2_PLACEMENT_3D('',#1051,#1052,#1053);
#1051 = CARTESIAN_POINT('',(-4.,12.,11.15));
#1052 = DIRECTION('',(-0.,-0.,-1.));
#1053 = DIRECTION('',(1.,0.,0.));
#1054 = ADVANCED_FACE('',(#1055),#1074,.T.);
#1055 = FACE_BOUND('',#1056,.T.);
#1056 = EDGE_LOOP('',(#1057,#1066,#1072,#1073));
#1057 = ORIENTED_EDGE('',*,*,#1058,.F.);
#1058 = EDGE_CURVE('',#1059,#1059,#1061,.T.);
#1059 = VERTEX_POINT('',#1060);
#1060 = CARTESIAN_POINT('',(-1.85,20.,11.4));
#1061 = CIRCLE('',#1062,2.15);
#1062 = AXIS2_PLACEMENT_3D('',#1063,#1064,#1065);
#1063 = CARTESIAN_POINT('',(-4.,20.,11.4));
#1064 = DIRECTION('',(0.,0.,1.));
#1065 = DIRECTION('',(1.,0.,0.));
#1066 = ORIENTED_EDGE('',*,*,#1067,.F.);
#1067 = EDGE_CURVE('',#560,#1059,#1068,.T.);
#1068 = LINE('',#1069,#1070);
#1069 = CARTESIAN_POINT('',(-1.6,20.,11.15));
#1070 = VECTOR('',#1071,1.);
#1071 = DIRECTION('',(-0.707106781187,1.731912112471E-16,0.707106781187)
  );
#1072 = ORIENTED_EDGE('',*,*,#567,.T.);
#1073 = ORIENTED_EDGE('',*,*,#1067,.T.);
#1074 = CONICAL_SURFACE('',#1075,2.4,0.785398163397);
#1075 = AXIS2_PLACEMENT_3D('',#1076,#1077,#1078);
#1076 = CARTESIAN_POINT('',(-4.,20.,11.15));
#1077 = DIRECTION('',(-0.,-0.,-1.));
#1078 = DIRECTION('',(1.,0.,0.));
#1079 = ADVANCED_FACE('',(#1080),#1099,.T.);
#1080 = FACE_BOUND('',#1081,.T.);
#1081 = EDGE_LOOP('',(#1082,#1091,#1097,#1098));
#1082 = ORIENTED_EDGE('',*,*,#1083,.F.);
#1083 = EDGE_CURVE('',#1084,#1084,#1086,.T.);
#1084 = VERTEX_POINT('',#1085);
#1085 = CARTESIAN_POINT('',(-1.85,28.,11.4));
#1086 = CIRCLE('',#1087,2.15);
#1087 = AXIS2_PLACEMENT_3D('',#1088,#1089,#1090);
#1088 = CARTESIAN_POINT('',(-4.,28.,11.4));
#1089 = DIRECTION('',(0.,0.,1.));
#1090 = DIRECTION('',(1.,0.,0.));
#1091 = ORIENTED_EDGE('',*,*,#1092,.F.);
#1092 = EDGE_CURVE('',#585,#1084,#1093,.T.);
#1093 = LINE('',#1094,#1095);
#1094 = CARTESIAN_POINT('',(-1.6,28.,11.15));
#1095 = VECTOR('',#1096,1.);
#1096 = DIRECTION('',(-0.707106781187,1.731912112471E-16,0.707106781187)
  );
#1097 = ORIENTED_EDGE('',*,*,#592,.T.);
#1098 = ORIENTED_EDGE('',*,*,#1092,.T.);
#1099 = CONICAL_SURFACE('',#1100,2.4,0.785398163397);
#1100 = AXIS2_PLACEMENT_3D('',#1101,#1102,#1103);
#1101 = CARTESIAN_POINT('',(-4.,28.,11.15));
#1102 = DIRECTION('',(-0.,-0.,-1.));
#1103 = DIRECTION('',(1.,0.,0.));
#1104 = ADVANCED_FACE('',(#1105),#1124,.T.);
#1105 = FACE_BOUND('',#1106,.T.);
#1106 = EDGE_LOOP('',(#1107,#1116,#1122,#1123));
#1107 = ORIENTED_EDGE('',*,*,#1108,.F.);
#1108 = EDGE_CURVE('',#1109,#1109,#1111,.T.);
#1109 = VERTEX_POINT('',#1110);
#1110 = CARTESIAN_POINT('',(6.15,12.,11.4));
#1111 = CIRCLE('',#1112,2.15);
#1112 = AXIS2_PLACEMENT_3D('',#1113,#1114,#1115);
#1113 = CARTESIAN_POINT('',(4.,12.,11.4));
#1114 = DIRECTION('',(0.,0.,1.));
#1115 = DIRECTION('',(1.,0.,0.));
#1116 = ORIENTED_EDGE('',*,*,#1117,.F.);
#1117 = EDGE_CURVE('',#610,#1109,#1118,.T.);
#1118 = LINE('',#1119,#1120);
#1119 = CARTESIAN_POINT('',(6.4,12.,11.15));
#1120 = VECTOR('',#1121,1.);
#1121 = DIRECTION('',(-0.707106781187,1.731912112471E-16,0.707106781187)
  );
#1122 = ORIENTED_EDGE('',*,*,#617,.T.);
#1123 = ORIENTED_EDGE('',*,*,#1117,.T.);
#1124 = CONICAL_SURFACE('',#1125,2.4,0.785398163397);
#1125 = AXIS2_PLACEMENT_3D('',#1126,#1127,#1128);
#1126 = CARTESIAN_POINT('',(4.,12.,11.15));
#1127 = DIRECTION('',(-0.,-0.,-1.));
#1128 = DIRECTION('',(1.,0.,0.));
#1129 = ADVANCED_FACE('',(#1130),#1153,.F.);
#1130 = FACE_BOUND('',#1131,.F.);
#1131 = EDGE_LOOP('',(#1132,#1133,#1140,#1148));
#1132 = ORIENTED_EDGE('',*,*,#653,.F.);
#1133 = ORIENTED_EDGE('',*,*,#1134,.T.);
#1134 = EDGE_CURVE('',#654,#1135,#1137,.T.);
#1135 = VERTEX_POINT('',#1136);
#1136 = CARTESIAN_POINT('',(-6.44,-30.44,0.3));
#1137 = B_SPLINE_CURVE_WITH_KNOTS('',1,(#1138,#1139),.UNSPECIFIED.,.F.,
  .F.,(2,2),(0.,1.),.PIECEWISE_BEZIER_KNOTS.);
#1138 = CARTESIAN_POINT('',(-6.64,-30.64,0.));
#1139 = CARTESIAN_POINT('',(-6.44,-30.44,0.3));
#1140 = ORIENTED_EDGE('',*,*,#1141,.T.);
#1141 = EDGE_CURVE('',#1135,#1142,#1144,.T.);
#1142 = VERTEX_POINT('',#1143);
#1143 = CARTESIAN_POINT('',(-6.44,-25.56,0.3));
#1144 = LINE('',#1145,#1146);
#1145 = CARTESIAN_POINT('',(-6.44,-30.44,0.3));
#1146 = VECTOR('',#1147,1.);
#1147 = DIRECTION('',(0.,1.,0.));
#1148 = ORIENTED_EDGE('',*,*,#1149,.F.);
#1149 = EDGE_CURVE('',#656,#1142,#1150,.T.);
#1150 = B_SPLINE_CURVE_WITH_KNOTS('',1,(#1151,#1152),.UNSPECIFIED.,.F.,
  .F.,(2,2),(0.,1.),.PIECEWISE_BEZIER_KNOTS.);
#1151 = CARTESIAN_POINT('',(-6.64,-25.36,0.));
#1152 = CARTESIAN_POINT('',(-6.44,-25.56,0.3));
#1153 = B_SPLINE_SURFACE_WITH_KNOTS('',1,1,(
    (#1154,#1155)
    ,(#1156,#1157
    )),.UNSPECIFIED.,.F.,.F.,.F.,(2,2),(2,2),(-5.28,0.),(0.,1.),
  .PIECEWISE_BEZIER_KNOTS.);
#1154 = CARTESIAN_POINT('',(-6.64,-25.36,0.));
#1155 = CARTESIAN_POINT('',(-6.44,-25.56,0.3));
#1156 = CARTESIAN_POINT('',(-6.64,-30.64,0.));
#1157 = CARTESIAN_POINT('',(-6.44,-30.44,0.3));
#1158 = ADVANCED_FACE('',(#1159),#1176,.F.);
#1159 = FACE_BOUND('',#1160,.F.);
#1160 = EDGE_LOOP('',(#1161,#1162,#1163,#1171));
#1161 = ORIENTED_EDGE('',*,*,#919,.F.);
#1162 = ORIENTED_EDGE('',*,*,#1149,.T.);
#1163 = ORIENTED_EDGE('',*,*,#1164,.T.);
#1164 = EDGE_CURVE('',#1142,#1165,#1167,.T.);
#1165 = VERTEX_POINT('',#1166);
#1166 = CARTESIAN_POINT('',(-6.44,-22.44,0.3));
#1167 = LINE('',#1168,#1169);
#1168 = CARTESIAN_POINT('',(-6.44,-25.56,0.3));
#1169 = VECTOR('',#1170,1.);
#1170 = DIRECTION('',(0.,1.,0.));
#1171 = ORIENTED_EDGE('',*,*,#1172,.F.);
#1172 = EDGE_CURVE('',#912,#1165,#1173,.T.);
#1173 = B_SPLINE_CURVE_WITH_KNOTS('',1,(#1174,#1175),.UNSPECIFIED.,.F.,
  .F.,(2,2),(0.,1.),.PIECEWISE_BEZIER_KNOTS.);
#1174 = CARTESIAN_POINT('',(-6.64,-22.64,0.));
#1175 = CARTESIAN_POINT('',(-6.44,-22.44,0.3));
#1176 = B_SPLINE_SURFACE_WITH_KNOTS('',1,1,(
    (#1177,#1178)
    ,(#1179,#1180
    )),.UNSPECIFIED.,.F.,.F.,.F.,(2,2),(2,2),(-3.12,0.),(0.,1.),
  .PIECEWISE_BEZIER_KNOTS.);
#1177 = CARTESIAN_POINT('',(-6.64,-22.64,0.));
#1178 = CARTESIAN_POINT('',(-6.44,-22.44,0.3));
#1179 = CARTESIAN_POINT('',(-6.64,-25.36,0.));
#1180 = CARTESIAN_POINT('',(-6.44,-25.56,0.3));
#1181 = ADVANCED_FACE('',(#1182),#1199,.F.);
#1182 = FACE_BOUND('',#1183,.F.);
#1183 = EDGE_LOOP('',(#1184,#1185,#1186,#1194));
#1184 = ORIENTED_EDGE('',*,*,#911,.F.);
#1185 = ORIENTED_EDGE('',*,*,#1172,.T.);
#1186 = ORIENTED_EDGE('',*,*,#1187,.T.);
#1187 = EDGE_CURVE('',#1165,#1188,#1190,.T.);
#1188 = VERTEX_POINT('',#1189);
#1189 = CARTESIAN_POINT('',(-6.44,-17.56,0.3));
#1190 = LINE('',#1191,#1192);
#1191 = CARTESIAN_POINT('',(-6.44,-22.44,0.3));
#1192 = VECTOR('',#1193,1.);
#1193 = DIRECTION('',(0.,1.,0.));
#1194 = ORIENTED_EDGE('',*,*,#1195,.F.);
#1195 = EDGE_CURVE('',#904,#1188,#1196,.T.);
#1196 = B_SPLINE_CURVE_WITH_KNOTS('',1,(#1197,#1198),.UNSPECIFIED.,.F.,
  .F.,(2,2),(0.,1.),.PIECEWISE_BEZIER_KNOTS.);
#1197 = CARTESIAN_POINT('',(-6.64,-17.36,0.));
#1198 = CARTESIAN_POINT('',(-6.44,-17.56,0.3));
#1199 = B_SPLINE_SURFACE_WITH_KNOTS('',1,1,(
    (#1200,#1201)
    ,(#1202,#1203
    )),.UNSPECIFIED.,.F.,.F.,.F.,(2,2),(2,2),(-5.28,0.),(0.,1.),
  .PIECEWISE_BEZIER_KNOTS.);
#1200 = CARTESIAN_POINT('',(-6.64,-17.36,0.));
#1201 = CARTESIAN_POINT('',(-6.44,-17.56,0.3));
#1202 = CARTESIAN_POINT('',(-6.64,-22.64,0.));
#1203 = CARTESIAN_POINT('',(-6.44,-22.44,0.3));
#1204 = ADVANCED_FACE('',(#1205),#1222,.F.);
#1205 = FACE_BOUND('',#1206,.F.);
#1206 = EDGE_LOOP('',(#1207,#1208,#1209,#1217));
#1207 = ORIENTED_EDGE('',*,*,#903,.F.);
#1208 = ORIENTED_EDGE('',*,*,#1195,.T.);
#1209 = ORIENTED_EDGE('',*,*,#1210,.T.);
#1210 = EDGE_CURVE('',#1188,#1211,#1213,.T.);
#1211 = VERTEX_POINT('',#1212);
#1212 = CARTESIAN_POINT('',(-6.44,-14.44,0.3));
#1213 = LINE('',#1214,#1215);
#1214 = CARTESIAN_POINT('',(-6.44,-17.56,0.3));
#1215 = VECTOR('',#1216,1.);
#1216 = DIRECTION('',(0.,1.,0.));
#1217 = ORIENTED_EDGE('',*,*,#1218,.F.);
#1218 = EDGE_CURVE('',#896,#1211,#1219,.T.);
#1219 = B_SPLINE_CURVE_WITH_KNOTS('',1,(#1220,#1221),.UNSPECIFIED.,.F.,
  .F.,(2,2),(0.,1.),.PIECEWISE_BEZIER_KNOTS.);
#1220 = CARTESIAN_POINT('',(-6.64,-14.64,0.));
#1221 = CARTESIAN_POINT('',(-6.44,-14.44,0.3));
#1222 = B_SPLINE_SURFACE_WITH_KNOTS('',1,1,(
    (#1223,#1224)
    ,(#1225,#1226
    )),.UNSPECIFIED.,.F.,.F.,.F.,(2,2),(2,2),(-3.12,0.),(0.,1.),
  .PIECEWISE_BEZIER_KNOTS.);
#1223 = CARTESIAN_POINT('',(-6.64,-14.64,0.));
#1224 = CARTESIAN_POINT('',(-6.44,-14.44,0.3));
#1225 = CARTESIAN_POINT('',(-6.64,-17.36,0.));
#1226 = CARTESIAN_POINT('',(-6.44,-17.56,0.3));
#1227 = ADVANCED_FACE('',(#1228),#1245,.F.);
#1228 = FACE_BOUND('',#1229,.F.);
#1229 = EDGE_LOOP('',(#1230,#1231,#1232,#1240));
#1230 = ORIENTED_EDGE('',*,*,#895,.F.);
#1231 = ORIENTED_EDGE('',*,*,#1218,.T.);
#1232 = ORIENTED_EDGE('',*,*,#1233,.T.);
#1233 = EDGE_CURVE('',#1211,#1234,#1236,.T.);
#1234 = VERTEX_POINT('',#1235);
#1235 = CARTESIAN_POINT('',(-6.44,-9.56,0.3));
#1236 = LINE('',#1237,#1238);
#1237 = CARTESIAN_POINT('',(-6.44,-14.44,0.3));
#1238 = VECTOR('',#1239,1.);
#1239 = DIRECTION('',(0.,1.,0.));
#1240 = ORIENTED_EDGE('',*,*,#1241,.F.);
#1241 = EDGE_CURVE('',#888,#1234,#1242,.T.);
#1242 = B_SPLINE_CURVE_WITH_KNOTS('',1,(#1243,#1244),.UNSPECIFIED.,.F.,
  .F.,(2,2),(0.,1.),.PIECEWISE_BEZIER_KNOTS.);
#1243 = CARTESIAN_POINT('',(-6.64,-9.36,0.));
#1244 = CARTESIAN_POINT('',(-6.44,-9.56,0.3));
#1245 = B_SPLINE_SURFACE_WITH_KNOTS('',1,1,(
    (#1246,#1247)
    ,(#1248,#1249
    )),.UNSPECIFIED.,.F.,.F.,.F.,(2,2),(2,2),(-5.28,0.),(0.,1.),
  .PIECEWISE_BEZIER_KNOTS.);
#1246 = CARTESIAN_POINT('',(-6.64,-9.36,0.));
#1247 = CARTESIAN_POINT('',(-6.44,-9.56,0.3));
#1248 = CARTESIAN_POINT('',(-6.64,-14.64,0.));
#1249 = CARTESIAN_POINT('',(-6.44,-14.44,0.3));
#1250 = ADVANCED_FACE('',(#1251),#1268,.F.);
#1251 = FACE_BOUND('',#1252,.F.);
#1252 = EDGE_LOOP('',(#1253,#1254,#1255,#1263));
#1253 = ORIENTED_EDGE('',*,*,#887,.F.);
#1254 = ORIENTED_EDGE('',*,*,#1241,.T.);
#1255 = ORIENTED_EDGE('',*,*,#1256,.T.);
#1256 = EDGE_CURVE('',#1234,#1257,#1259,.T.);
#1257 = VERTEX_POINT('',#1258);
#1258 = CARTESIAN_POINT('',(-6.44,-6.44,0.3));
#1259 = LINE('',#1260,#1261);
#1260 = CARTESIAN_POINT('',(-6.44,-9.56,0.3));
#1261 = VECTOR('',#1262,1.);
#1262 = DIRECTION('',(0.,1.,0.));
#1263 = ORIENTED_EDGE('',*,*,#1264,.F.);
#1264 = EDGE_CURVE('',#880,#1257,#1265,.T.);
#1265 = B_SPLINE_CURVE_WITH_KNOTS('',1,(#1266,#1267),.UNSPECIFIED.,.F.,
  .F.,(2,2),(0.,1.),.PIECEWISE_BEZIER_KNOTS.);
#1266 = CARTESIAN_POINT('',(-6.64,-6.64,0.));
#1267 = CARTESIAN_POINT('',(-6.44,-6.44,0.3));
#1268 = B_SPLINE_SURFACE_WITH_KNOTS('',1,1,(
    (#1269,#1270)
    ,(#1271,#1272
    )),.UNSPECIFIED.,.F.,.F.,.F.,(2,2),(2,2),(-3.12,0.),(0.,1.),
  .PIECEWISE_BEZIER_KNOTS.);
#1269 = CARTESIAN_POINT('',(-6.64,-6.64,0.));
#1270 = CARTESIAN_POINT('',(-6.44,-6.44,0.3));
#1271 = CARTESIAN_POINT('',(-6.64,-9.36,0.));
#1272 = CARTESIAN_POINT('',(-6.44,-9.56,0.3));
#1273 = ADVANCED_FACE('',(#1274),#1291,.F.);
#1274 = FACE_BOUND('',#1275,.F.);
#1275 = EDGE_LOOP('',(#1276,#1277,#1278,#1286));
#1276 = ORIENTED_EDGE('',*,*,#879,.F.);
#1277 = ORIENTED_EDGE('',*,*,#1264,.T.);
#1278 = ORIENTED_EDGE('',*,*,#1279,.T.);
#1279 = EDGE_CURVE('',#1257,#1280,#1282,.T.);
#1280 = VERTEX_POINT('',#1281);
#1281 = CARTESIAN_POINT('',(-6.44,-1.56,0.3));
#1282 = LINE('',#1283,#1284);
#1283 = CARTESIAN_POINT('',(-6.44,-6.44,0.3));
#1284 = VECTOR('',#1285,1.);
#1285 = DIRECTION('',(0.,1.,0.));
#1286 = ORIENTED_EDGE('',*,*,#1287,.F.);
#1287 = EDGE_CURVE('',#872,#1280,#1288,.T.);
#1288 = B_SPLINE_CURVE_WITH_KNOTS('',1,(#1289,#1290),.UNSPECIFIED.,.F.,
  .F.,(2,2),(0.,1.),.PIECEWISE_BEZIER_KNOTS.);
#1289 = CARTESIAN_POINT('',(-6.64,-1.36,0.));
#1290 = CARTESIAN_POINT('',(-6.44,-1.56,0.3));
#1291 = B_SPLINE_SURFACE_WITH_KNOTS('',1,1,(
    (#1292,#1293)
    ,(#1294,#1295
    )),.UNSPECIFIED.,.F.,.F.,.F.,(2,2),(2,2),(-5.28,0.),(0.,1.),
  .PIECEWISE_BEZIER_KNOTS.);
#1292 = CARTESIAN_POINT('',(-6.64,-1.36,0.));
#1293 = CARTESIAN_POINT('',(-6.44,-1.56,0.3));
#1294 = CARTESIAN_POINT('',(-6.64,-6.64,0.));
#1295 = CARTESIAN_POINT('',(-6.44,-6.44,0.3));
#1296 = ADVANCED_FACE('',(#1297),#1314,.F.);
#1297 = FACE_BOUND('',#1298,.F.);
#1298 = EDGE_LOOP('',(#1299,#1300,#1301,#1309));
#1299 = ORIENTED_EDGE('',*,*,#871,.F.);
#1300 = ORIENTED_EDGE('',*,*,#1287,.T.);
#1301 = ORIENTED_EDGE('',*,*,#1302,.T.);
#1302 = EDGE_CURVE('',#1280,#1303,#1305,.T.);
#1303 = VERTEX_POINT('',#1304);
#1304 = CARTESIAN_POINT('',(-6.44,1.56,0.3));
#1305 = LINE('',#1306,#1307);
#1306 = CARTESIAN_POINT('',(-6.44,-1.56,0.3));
#1307 = VECTOR('',#1308,1.);
#1308 = DIRECTION('',(0.,1.,0.));
#1309 = ORIENTED_EDGE('',*,*,#1310,.F.);
#1310 = EDGE_CURVE('',#864,#1303,#1311,.T.);
#1311 = B_SPLINE_CURVE_WITH_KNOTS('',1,(#1312,#1313),.UNSPECIFIED.,.F.,
  .F.,(2,2),(0.,1.),.PIECEWISE_BEZIER_KNOTS.);
#1312 = CARTESIAN_POINT('',(-6.64,1.36,0.));
#1313 = CARTESIAN_POINT('',(-6.44,1.56,0.3));
#1314 = B_SPLINE_SURFACE_WITH_KNOTS('',1,1,(
    (#1315,#1316)
    ,(#1317,#1318
    )),.UNSPECIFIED.,.F.,.F.,.F.,(2,2),(2,2),(-3.12,0.),(0.,1.),
  .PIECEWISE_BEZIER_KNOTS.);
#1315 = CARTESIAN_POINT('',(-6.64,1.36,0.));
#1316 = CARTESIAN_POINT('',(-6.44,1.56,0.3));
#1317 = CARTESIAN_POINT('',(-6.64,-1.36,0.));
#1318 = CARTESIAN_POINT('',(-6.44,-1.56,0.3));
#1319 = ADVANCED_FACE('',(#1320),#1337,.F.);
#1320 = FACE_BOUND('',#1321,.F.);
#1321 = EDGE_LOOP('',(#1322,#1323,#1324,#1332));
#1322 = ORIENTED_EDGE('',*,*,#863,.F.);
#1323 = ORIENTED_EDGE('',*,*,#1310,.T.);
#1324 = ORIENTED_EDGE('',*,*,#1325,.T.);
#1325 = EDGE_CURVE('',#1303,#1326,#1328,.T.);
#1326 = VERTEX_POINT('',#1327);
#1327 = CARTESIAN_POINT('',(-6.44,6.44,0.3));
#1328 = LINE('',#1329,#1330);
#1329 = CARTESIAN_POINT('',(-6.44,1.56,0.3));
#1330 = VECTOR('',#1331,1.);
#1331 = DIRECTION('',(0.,1.,0.));
#1332 = ORIENTED_EDGE('',*,*,#1333,.F.);
#1333 = EDGE_CURVE('',#856,#1326,#1334,.T.);
#1334 = B_SPLINE_CURVE_WITH_KNOTS('',1,(#1335,#1336),.UNSPECIFIED.,.F.,
  .F.,(2,2),(0.,1.),.PIECEWISE_BEZIER_KNOTS.);
#1335 = CARTESIAN_POINT('',(-6.64,6.64,0.));
#1336 = CARTESIAN_POINT('',(-6.44,6.44,0.3));
#1337 = B_SPLINE_SURFACE_WITH_KNOTS('',1,1,(
    (#1338,#1339)
    ,(#1340,#1341
    )),.UNSPECIFIED.,.F.,.F.,.F.,(2,2),(2,2),(-5.28,0.),(0.,1.),
  .PIECEWISE_BEZIER_KNOTS.);
#1338 = CARTESIAN_POINT('',(-6.64,6.64,0.));
#1339 = CARTESIAN_POINT('',(-6.44,6.44,0.3));
#1340 = CARTESIAN_POINT('',(-6.64,1.36,0.));
#1341 = CARTESIAN_POINT('',(-6.44,1.56,0.3));
#1342 = ADVANCED_FACE('',(#1343),#1360,.F.);
#1343 = FACE_BOUND('',#1344,.F.);
#1344 = EDGE_LOOP('',(#1345,#1346,#1347,#1355));
#1345 = ORIENTED_EDGE('',*,*,#855,.F.);
#1346 = ORIENTED_EDGE('',*,*,#1333,.T.);
#1347 = ORIENTED_EDGE('',*,*,#1348,.T.);
#1348 = EDGE_CURVE('',#1326,#1349,#1351,.T.);
#1349 = VERTEX_POINT('',#1350);
#1350 = CARTESIAN_POINT('',(-6.44,9.56,0.3));
#1351 = LINE('',#1352,#1353);
#1352 = CARTESIAN_POINT('',(-6.44,6.44,0.3));
#1353 = VECTOR('',#1354,1.);
#1354 = DIRECTION('',(0.,1.,0.));
#1355 = ORIENTED_EDGE('',*,*,#1356,.F.);
#1356 = EDGE_CURVE('',#848,#1349,#1357,.T.);
#1357 = B_SPLINE_CURVE_WITH_KNOTS('',1,(#1358,#1359),.UNSPECIFIED.,.F.,
  .F.,(2,2),(0.,1.),.PIECEWISE_BEZIER_KNOTS.);
#1358 = CARTESIAN_POINT('',(-6.64,9.36,0.));
#1359 = CARTESIAN_POINT('',(-6.44,9.56,0.3));
#1360 = B_SPLINE_SURFACE_WITH_KNOTS('',1,1,(
    (#1361,#1362)
    ,(#1363,#1364
    )),.UNSPECIFIED.,.F.,.F.,.F.,(2,2),(2,2),(-3.12,0.),(0.,1.),
  .PIECEWISE_BEZIER_KNOTS.);
#1361 = CARTESIAN_POINT('',(-6.64,9.36,0.));
#1362 = CARTESIAN_POINT('',(-6.44,9.56,0.3));
#1363 = CARTESIAN_POINT('',(-6.64,6.64,0.));
#1364 = CARTESIAN_POINT('',(-6.44,6.44,0.3));
#1365 = ADVANCED_FACE('',(#1366),#1383,.F.);
#1366 = FACE_BOUND('',#1367,.F.);
#1367 = EDGE_LOOP('',(#1368,#1369,#1370,#1378));
#1368 = ORIENTED_EDGE('',*,*,#847,.F.);
#1369 = ORIENTED_EDGE('',*,*,#1356,.T.);
#1370 = ORIENTED_EDGE('',*,*,#1371,.T.);
#1371 = EDGE_CURVE('',#1349,#1372,#1374,.T.);
#1372 = VERTEX_POINT('',#1373);
#1373 = CARTESIAN_POINT('',(-6.44,14.44,0.3));
#1374 = LINE('',#1375,#1376);
#1375 = CARTESIAN_POINT('',(-6.44,9.56,0.3));
#1376 = VECTOR('',#1377,1.);
#1377 = DIRECTION('',(0.,1.,0.));
#1378 = ORIENTED_EDGE('',*,*,#1379,.F.);
#1379 = EDGE_CURVE('',#840,#1372,#1380,.T.);
#1380 = B_SPLINE_CURVE_WITH_KNOTS('',1,(#1381,#1382),.UNSPECIFIED.,.F.,
  .F.,(2,2),(0.,1.),.PIECEWISE_BEZIER_KNOTS.);
#1381 = CARTESIAN_POINT('',(-6.64,14.64,0.));
#1382 = CARTESIAN_POINT('',(-6.44,14.44,0.3));
#1383 = B_SPLINE_SURFACE_WITH_KNOTS('',1,1,(
    (#1384,#1385)
    ,(#1386,#1387
    )),.UNSPECIFIED.,.F.,.F.,.F.,(2,2),(2,2),(-5.28,0.),(0.,1.),
  .PIECEWISE_BEZIER_KNOTS.);
#1384 = CARTESIAN_POINT('',(-6.64,14.64,0.));
#1385 = CARTESIAN_POINT('',(-6.44,14.44,0.3));
#1386 = CARTESIAN_POINT('',(-6.64,9.36,0.));
#1387 = CARTESIAN_POINT('',(-6.44,9.56,0.3));
#1388 = ADVANCED_FACE('',(#1389),#1406,.F.);
#1389 = FACE_BOUND('',#1390,.F.);
#1390 = EDGE_LOOP('',(#1391,#1392,#1393,#1401));
#1391 = ORIENTED_EDGE('',*,*,#839,.F.);
#1392 = ORIENTED_EDGE('',*,*,#1379,.T.);
#1393 = ORIENTED_EDGE('',*,*,#1394,.T.);
#1394 = EDGE_CURVE('',#1372,#1395,#1397,.T.);
#1395 = VERTEX_POINT('',#1396);
#1396 = CARTESIAN_POINT('',(-6.44,17.56,0.3));
#1397 = LINE('',#1398,#1399);
#1398 = CARTESIAN_POINT('',(-6.44,14.44,0.3));
#1399 = VECTOR('',#1400,1.);
#1400 = DIRECTION('',(0.,1.,0.));
#1401 = ORIENTED_EDGE('',*,*,#1402,.F.);
#1402 = EDGE_CURVE('',#832,#1395,#1403,.T.);
#1403 = B_SPLINE_CURVE_WITH_KNOTS('',1,(#1404,#1405),.UNSPECIFIED.,.F.,
  .F.,(2,2),(0.,1.),.PIECEWISE_BEZIER_KNOTS.);
#1404 = CARTESIAN_POINT('',(-6.64,17.36,0.));
#1405 = CARTESIAN_POINT('',(-6.44,17.56,0.3));
#1406 = B_SPLINE_SURFACE_WITH_KNOTS('',1,1,(
    (#1407,#1408)
    ,(#1409,#1410
    )),.UNSPECIFIED.,.F.,.F.,.F.,(2,2),(2,2),(-3.12,0.),(0.,1.),
  .PIECEWISE_BEZIER_KNOTS.);
#1407 = CARTESIAN_POINT('',(-6.64,17.36,0.));
#1408 = CARTESIAN_POINT('',(-6.44,17.56,0.3));
#1409 = CARTESIAN_POINT('',(-6.64,14.64,0.));
#1410 = CARTESIAN_POINT('',(-6.44,14.44,0.3));
#1411 = ADVANCED_FACE('',(#1412),#1429,.F.);
#1412 = FACE_BOUND('',#1413,.F.);
#1413 = EDGE_LOOP('',(#1414,#1415,#1416,#1424));
#1414 = ORIENTED_EDGE('',*,*,#831,.F.);
#1415 = ORIENTED_EDGE('',*,*,#1402,.T.);
#1416 = ORIENTED_EDGE('',*,*,#1417,.T.);
#1417 = EDGE_CURVE('',#1395,#1418,#1420,.T.);
#1418 = VERTEX_POINT('',#1419);
#1419 = CARTESIAN_POINT('',(-6.44,22.44,0.3));
#1420 = LINE('',#1421,#1422);
#1421 = CARTESIAN_POINT('',(-6.44,17.56,0.3));
#1422 = VECTOR('',#1423,1.);
#1423 = DIRECTION('',(0.,1.,0.));
#1424 = ORIENTED_EDGE('',*,*,#1425,.F.);
#1425 = EDGE_CURVE('',#824,#1418,#1426,.T.);
#1426 = B_SPLINE_CURVE_WITH_KNOTS('',1,(#1427,#1428),.UNSPECIFIED.,.F.,
  .F.,(2,2),(0.,1.),.PIECEWISE_BEZIER_KNOTS.);
#1427 = CARTESIAN_POINT('',(-6.64,22.64,0.));
#1428 = CARTESIAN_POINT('',(-6.44,22.44,0.3));
#1429 = B_SPLINE_SURFACE_WITH_KNOTS('',1,1,(
    (#1430,#1431)
    ,(#1432,#1433
    )),.UNSPECIFIED.,.F.,.F.,.F.,(2,2),(2,2),(-5.28,0.),(0.,1.),
  .PIECEWISE_BEZIER_KNOTS.);
#1430 = CARTESIAN_POINT('',(-6.64,22.64,0.));
#1431 = CARTESIAN_POINT('',(-6.44,22.44,0.3));
#1432 = CARTESIAN_POINT('',(-6.64,17.36,0.));
#1433 = CARTESIAN_POINT('',(-6.44,17.56,0.3));
#1434 = ADVANCED_FACE('',(#1435),#1452,.F.);
#1435 = FACE_BOUND('',#1436,.F.);
#1436 = EDGE_LOOP('',(#1437,#1438,#1439,#1447));
#1437 = ORIENTED_EDGE('',*,*,#823,.F.);
#1438 = ORIENTED_EDGE('',*,*,#1425,.T.);
#1439 = ORIENTED_EDGE('',*,*,#1440,.T.);
#1440 = EDGE_CURVE('',#1418,#1441,#1443,.T.);
#1441 = VERTEX_POINT('',#1442);
#1442 = CARTESIAN_POINT('',(-6.44,25.56,0.3));
#1443 = LINE('',#1444,#1445);
#1444 = CARTESIAN_POINT('',(-6.44,22.44,0.3));
#1445 = VECTOR('',#1446,1.);
#1446 = DIRECTION('',(0.,1.,0.));
#1447 = ORIENTED_EDGE('',*,*,#1448,.F.);
#1448 = EDGE_CURVE('',#816,#1441,#1449,.T.);
#1449 = B_SPLINE_CURVE_WITH_KNOTS('',1,(#1450,#1451),.UNSPECIFIED.,.F.,
  .F.,(2,2),(0.,1.),.PIECEWISE_BEZIER_KNOTS.);
#1450 = CARTESIAN_POINT('',(-6.64,25.36,0.));
#1451 = CARTESIAN_POINT('',(-6.44,25.56,0.3));
#1452 = B_SPLINE_SURFACE_WITH_KNOTS('',1,1,(
    (#1453,#1454)
    ,(#1455,#1456
    )),.UNSPECIFIED.,.F.,.F.,.F.,(2,2),(2,2),(-3.12,0.),(0.,1.),
  .PIECEWISE_BEZIER_KNOTS.);
#1453 = CARTESIAN_POINT('',(-6.64,25.36,0.));
#1454 = CARTESIAN_POINT('',(-6.44,25.56,0.3));
#1455 = CARTESIAN_POINT('',(-6.64,22.64,0.));
#1456 = CARTESIAN_POINT('',(-6.44,22.44,0.3));
#1457 = ADVANCED_FACE('',(#1458),#1475,.F.);
#1458 = FACE_BOUND('',#1459,.F.);
#1459 = EDGE_LOOP('',(#1460,#1461,#1462,#1470));
#1460 = ORIENTED_EDGE('',*,*,#815,.F.);
#1461 = ORIENTED_EDGE('',*,*,#1448,.T.);
#1462 = ORIENTED_EDGE('',*,*,#1463,.T.);
#1463 = EDGE_CURVE('',#1441,#1464,#1466,.T.);
#1464 = VERTEX_POINT('',#1465);
#1465 = CARTESIAN_POINT('',(-6.44,30.44,0.3));
#1466 = LINE('',#1467,#1468);
#1467 = CARTESIAN_POINT('',(-6.44,25.56,0.3));
#1468 = VECTOR('',#1469,1.);
#1469 = DIRECTION('',(0.,1.,0.));
#1470 = ORIENTED_EDGE('',*,*,#1471,.F.);
#1471 = EDGE_CURVE('',#808,#1464,#1472,.T.);
#1472 = B_SPLINE_CURVE_WITH_KNOTS('',1,(#1473,#1474),.UNSPECIFIED.,.F.,
  .F.,(2,2),(0.,1.),.PIECEWISE_BEZIER_KNOTS.);
#1473 = CARTESIAN_POINT('',(-6.64,30.64,0.));
#1474 = CARTESIAN_POINT('',(-6.44,30.44,0.3));
#1475 = B_SPLINE_SURFACE_WITH_KNOTS('',1,1,(
    (#1476,#1477)
    ,(#1478,#1479
    )),.UNSPECIFIED.,.F.,.F.,.F.,(2,2),(2,2),(-5.28,0.),(0.,1.),
  .PIECEWISE_BEZIER_KNOTS.);
#1476 = CARTESIAN_POINT('',(-6.64,30.64,0.));
#1477 = CARTESIAN_POINT('',(-6.44,30.44,0.3));
#1478 = CARTESIAN_POINT('',(-6.64,25.36,0.));
#1479 = CARTESIAN_POINT('',(-6.44,25.56,0.3));
#1480 = ADVANCED_FACE('',(#1481),#1498,.F.);
#1481 = FACE_BOUND('',#1482,.F.);
#1482 = EDGE_LOOP('',(#1483,#1484,#1485,#1493));
#1483 = ORIENTED_EDGE('',*,*,#807,.F.);
#1484 = ORIENTED_EDGE('',*,*,#1471,.T.);
#1485 = ORIENTED_EDGE('',*,*,#1486,.T.);
#1486 = EDGE_CURVE('',#1464,#1487,#1489,.T.);
#1487 = VERTEX_POINT('',#1488);
#1488 = CARTESIAN_POINT('',(-1.56,30.44,0.3));
#1489 = LINE('',#1490,#1491);
#1490 = CARTESIAN_POINT('',(-6.44,30.44,0.3));
#1491 = VECTOR('',#1492,1.);
#1492 = DIRECTION('',(1.,0.,0.));
#1493 = ORIENTED_EDGE('',*,*,#1494,.F.);
#1494 = EDGE_CURVE('',#800,#1487,#1495,.T.);
#1495 = B_SPLINE_CURVE_WITH_KNOTS('',1,(#1496,#1497),.UNSPECIFIED.,.F.,
  .F.,(2,2),(0.,1.),.PIECEWISE_BEZIER_KNOTS.);
#1496 = CARTESIAN_POINT('',(-1.36,30.64,0.));
#1497 = CARTESIAN_POINT('',(-1.56,30.44,0.3));
#1498 = B_SPLINE_SURFACE_WITH_KNOTS('',1,1,(
    (#1499,#1500)
    ,(#1501,#1502
    )),.UNSPECIFIED.,.F.,.F.,.F.,(2,2),(2,2),(-5.28,0.),(0.,1.),
  .PIECEWISE_BEZIER_KNOTS.);
#1499 = CARTESIAN_POINT('',(-1.36,30.64,0.));
#1500 = CARTESIAN_POINT('',(-1.56,30.44,0.3));
#1501 = CARTESIAN_POINT('',(-6.64,30.64,0.));
#1502 = CARTESIAN_POINT('',(-6.44,30.44,0.3));
#1503 = ADVANCED_FACE('',(#1504),#1521,.F.);
#1504 = FACE_BOUND('',#1505,.F.);
#1505 = EDGE_LOOP('',(#1506,#1507,#1508,#1516));
#1506 = ORIENTED_EDGE('',*,*,#799,.T.);
#1507 = ORIENTED_EDGE('',*,*,#1494,.T.);
#1508 = ORIENTED_EDGE('',*,*,#1509,.F.);
#1509 = EDGE_CURVE('',#1510,#1487,#1512,.T.);
#1510 = VERTEX_POINT('',#1511);
#1511 = CARTESIAN_POINT('',(-1.56,25.56,0.3));
#1512 = LINE('',#1513,#1514);
#1513 = CARTESIAN_POINT('',(-1.56,25.56,0.3));
#1514 = VECTOR('',#1515,1.);
#1515 = DIRECTION('',(0.,1.,0.));
#1516 = ORIENTED_EDGE('',*,*,#1517,.F.);
#1517 = EDGE_CURVE('',#792,#1510,#1518,.T.);
#1518 = B_SPLINE_CURVE_WITH_KNOTS('',1,(#1519,#1520),.UNSPECIFIED.,.F.,
  .F.,(2,2),(0.,1.),.PIECEWISE_BEZIER_KNOTS.);
#1519 = CARTESIAN_POINT('',(-1.36,25.36,0.));
#1520 = CARTESIAN_POINT('',(-1.56,25.56,0.3));
#1521 = B_SPLINE_SURFACE_WITH_KNOTS('',1,1,(
    (#1522,#1523)
    ,(#1524,#1525
    )),.UNSPECIFIED.,.F.,.F.,.F.,(2,2),(2,2),(0.,5.28),(0.,1.),
  .PIECEWISE_BEZIER_KNOTS.);
#1522 = CARTESIAN_POINT('',(-1.36,25.36,0.));
#1523 = CARTESIAN_POINT('',(-1.56,25.56,0.3));
#1524 = CARTESIAN_POINT('',(-1.36,30.64,0.));
#1525 = CARTESIAN_POINT('',(-1.56,30.44,0.3));
#1526 = ADVANCED_FACE('',(#1527),#1544,.F.);
#1527 = FACE_BOUND('',#1528,.F.);
#1528 = EDGE_LOOP('',(#1529,#1530,#1531,#1539));
#1529 = ORIENTED_EDGE('',*,*,#791,.T.);
#1530 = ORIENTED_EDGE('',*,*,#1517,.T.);
#1531 = ORIENTED_EDGE('',*,*,#1532,.F.);
#1532 = EDGE_CURVE('',#1533,#1510,#1535,.T.);
#1533 = VERTEX_POINT('',#1534);
#1534 = CARTESIAN_POINT('',(-1.56,22.44,0.3));
#1535 = LINE('',#1536,#1537);
#1536 = CARTESIAN_POINT('',(-1.56,22.44,0.3));
#1537 = VECTOR('',#1538,1.);
#1538 = DIRECTION('',(0.,1.,0.));
#1539 = ORIENTED_EDGE('',*,*,#1540,.F.);
#1540 = EDGE_CURVE('',#784,#1533,#1541,.T.);
#1541 = B_SPLINE_CURVE_WITH_KNOTS('',1,(#1542,#1543),.UNSPECIFIED.,.F.,
  .F.,(2,2),(0.,1.),.PIECEWISE_BEZIER_KNOTS.);
#1542 = CARTESIAN_POINT('',(-1.36,22.64,0.));
#1543 = CARTESIAN_POINT('',(-1.56,22.44,0.3));
#1544 = B_SPLINE_SURFACE_WITH_KNOTS('',1,1,(
    (#1545,#1546)
    ,(#1547,#1548
    )),.UNSPECIFIED.,.F.,.F.,.F.,(2,2),(2,2),(0.,3.12),(0.,1.),
  .PIECEWISE_BEZIER_KNOTS.);
#1545 = CARTESIAN_POINT('',(-1.36,22.64,0.));
#1546 = CARTESIAN_POINT('',(-1.56,22.44,0.3));
#1547 = CARTESIAN_POINT('',(-1.36,25.36,0.));
#1548 = CARTESIAN_POINT('',(-1.56,25.56,0.3));
#1549 = ADVANCED_FACE('',(#1550),#1567,.F.);
#1550 = FACE_BOUND('',#1551,.F.);
#1551 = EDGE_LOOP('',(#1552,#1553,#1554,#1562));
#1552 = ORIENTED_EDGE('',*,*,#783,.T.);
#1553 = ORIENTED_EDGE('',*,*,#1540,.T.);
#1554 = ORIENTED_EDGE('',*,*,#1555,.F.);
#1555 = EDGE_CURVE('',#1556,#1533,#1558,.T.);
#1556 = VERTEX_POINT('',#1557);
#1557 = CARTESIAN_POINT('',(-1.56,17.56,0.3));
#1558 = LINE('',#1559,#1560);
#1559 = CARTESIAN_POINT('',(-1.56,17.56,0.3));
#1560 = VECTOR('',#1561,1.);
#1561 = DIRECTION('',(0.,1.,0.));
#1562 = ORIENTED_EDGE('',*,*,#1563,.F.);
#1563 = EDGE_CURVE('',#776,#1556,#1564,.T.);
#1564 = B_SPLINE_CURVE_WITH_KNOTS('',1,(#1565,#1566),.UNSPECIFIED.,.F.,
  .F.,(2,2),(0.,1.),.PIECEWISE_BEZIER_KNOTS.);
#1565 = CARTESIAN_POINT('',(-1.36,17.36,0.));
#1566 = CARTESIAN_POINT('',(-1.56,17.56,0.3));
#1567 = B_SPLINE_SURFACE_WITH_KNOTS('',1,1,(
    (#1568,#1569)
    ,(#1570,#1571
    )),.UNSPECIFIED.,.F.,.F.,.F.,(2,2),(2,2),(0.,5.28),(0.,1.),
  .PIECEWISE_BEZIER_KNOTS.);
#1568 = CARTESIAN_POINT('',(-1.36,17.36,0.));
#1569 = CARTESIAN_POINT('',(-1.56,17.56,0.3));
#1570 = CARTESIAN_POINT('',(-1.36,22.64,0.));
#1571 = CARTESIAN_POINT('',(-1.56,22.44,0.3));
#1572 = ADVANCED_FACE('',(#1573),#1590,.F.);
#1573 = FACE_BOUND('',#1574,.F.);
#1574 = EDGE_LOOP('',(#1575,#1576,#1577,#1585));
#1575 = ORIENTED_EDGE('',*,*,#775,.T.);
#1576 = ORIENTED_EDGE('',*,*,#1563,.T.);
#1577 = ORIENTED_EDGE('',*,*,#1578,.F.);
#1578 = EDGE_CURVE('',#1579,#1556,#1581,.T.);
#1579 = VERTEX_POINT('',#1580);
#1580 = CARTESIAN_POINT('',(-1.56,14.44,0.3));
#1581 = LINE('',#1582,#1583);
#1582 = CARTESIAN_POINT('',(-1.56,14.44,0.3));
#1583 = VECTOR('',#1584,1.);
#1584 = DIRECTION('',(0.,1.,0.));
#1585 = ORIENTED_EDGE('',*,*,#1586,.F.);
#1586 = EDGE_CURVE('',#768,#1579,#1587,.T.);
#1587 = B_SPLINE_CURVE_WITH_KNOTS('',1,(#1588,#1589),.UNSPECIFIED.,.F.,
  .F.,(2,2),(0.,1.),.PIECEWISE_BEZIER_KNOTS.);
#1588 = CARTESIAN_POINT('',(-1.36,14.64,0.));
#1589 = CARTESIAN_POINT('',(-1.56,14.44,0.3));
#1590 = B_SPLINE_SURFACE_WITH_KNOTS('',1,1,(
    (#1591,#1592)
    ,(#1593,#1594
    )),.UNSPECIFIED.,.F.,.F.,.F.,(2,2),(2,2),(0.,3.12),(0.,1.),
  .PIECEWISE_BEZIER_KNOTS.);
#1591 = CARTESIAN_POINT('',(-1.36,14.64,0.));
#1592 = CARTESIAN_POINT('',(-1.56,14.44,0.3));
#1593 = CARTESIAN_POINT('',(-1.36,17.36,0.));
#1594 = CARTESIAN_POINT('',(-1.56,17.56,0.3));
#1595 = ADVANCED_FACE('',(#1596),#1613,.F.);
#1596 = FACE_BOUND('',#1597,.F.);
#1597 = EDGE_LOOP('',(#1598,#1599,#1600,#1608));
#1598 = ORIENTED_EDGE('',*,*,#767,.F.);
#1599 = ORIENTED_EDGE('',*,*,#1586,.T.);
#1600 = ORIENTED_EDGE('',*,*,#1601,.T.);
#1601 = EDGE_CURVE('',#1579,#1602,#1604,.T.);
#1602 = VERTEX_POINT('',#1603);
#1603 = CARTESIAN_POINT('',(6.44,14.44,0.3));
#1604 = LINE('',#1605,#1606);
#1605 = CARTESIAN_POINT('',(-6.44,14.44,0.3));
#1606 = VECTOR('',#1607,1.);
#1607 = DIRECTION('',(1.,0.,0.));
#1608 = ORIENTED_EDGE('',*,*,#1609,.F.);
#1609 = EDGE_CURVE('',#760,#1602,#1610,.T.);
#1610 = B_SPLINE_CURVE_WITH_KNOTS('',1,(#1611,#1612),.UNSPECIFIED.,.F.,
  .F.,(2,2),(0.,1.),.PIECEWISE_BEZIER_KNOTS.);
#1611 = CARTESIAN_POINT('',(6.64,14.64,0.));
#1612 = CARTESIAN_POINT('',(6.44,14.44,0.3));
#1613 = B_SPLINE_SURFACE_WITH_KNOTS('',1,1,(
    (#1614,#1615)
    ,(#1616,#1617
    )),.UNSPECIFIED.,.F.,.F.,.F.,(2,2),(2,2),(-13.28,0.),(0.,1.),
  .PIECEWISE_BEZIER_KNOTS.);
#1614 = CARTESIAN_POINT('',(6.64,14.64,0.));
#1615 = CARTESIAN_POINT('',(6.44,14.44,0.3));
#1616 = CARTESIAN_POINT('',(-6.64,14.64,0.));
#1617 = CARTESIAN_POINT('',(-6.44,14.44,0.3));
#1618 = ADVANCED_FACE('',(#1619),#1636,.F.);
#1619 = FACE_BOUND('',#1620,.F.);
#1620 = EDGE_LOOP('',(#1621,#1622,#1623,#1631));
#1621 = ORIENTED_EDGE('',*,*,#759,.T.);
#1622 = ORIENTED_EDGE('',*,*,#1609,.T.);
#1623 = ORIENTED_EDGE('',*,*,#1624,.F.);
#1624 = EDGE_CURVE('',#1625,#1602,#1627,.T.);
#1625 = VERTEX_POINT('',#1626);
#1626 = CARTESIAN_POINT('',(6.44,9.56,0.3));
#1627 = LINE('',#1628,#1629);
#1628 = CARTESIAN_POINT('',(6.44,9.56,0.3));
#1629 = VECTOR('',#1630,1.);
#1630 = DIRECTION('',(0.,1.,0.));
#1631 = ORIENTED_EDGE('',*,*,#1632,.F.);
#1632 = EDGE_CURVE('',#752,#1625,#1633,.T.);
#1633 = B_SPLINE_CURVE_WITH_KNOTS('',1,(#1634,#1635),.UNSPECIFIED.,.F.,
  .F.,(2,2),(0.,1.),.PIECEWISE_BEZIER_KNOTS.);
#1634 = CARTESIAN_POINT('',(6.64,9.36,0.));
#1635 = CARTESIAN_POINT('',(6.44,9.56,0.3));
#1636 = B_SPLINE_SURFACE_WITH_KNOTS('',1,1,(
    (#1637,#1638)
    ,(#1639,#1640
    )),.UNSPECIFIED.,.F.,.F.,.F.,(2,2),(2,2),(0.,5.28),(0.,1.),
  .PIECEWISE_BEZIER_KNOTS.);
#1637 = CARTESIAN_POINT('',(6.64,9.36,0.));
#1638 = CARTESIAN_POINT('',(6.44,9.56,0.3));
#1639 = CARTESIAN_POINT('',(6.64,14.64,0.));
#1640 = CARTESIAN_POINT('',(6.44,14.44,0.3));
#1641 = ADVANCED_FACE('',(#1642),#1659,.F.);
#1642 = FACE_BOUND('',#1643,.F.);
#1643 = EDGE_LOOP('',(#1644,#1651,#1652,#1653));
#1644 = ORIENTED_EDGE('',*,*,#1645,.F.);
#1645 = EDGE_CURVE('',#744,#1646,#1648,.T.);
#1646 = VERTEX_POINT('',#1647);
#1647 = CARTESIAN_POINT('',(-1.56,9.56,0.3));
#1648 = B_SPLINE_CURVE_WITH_KNOTS('',1,(#1649,#1650),.UNSPECIFIED.,.F.,
  .F.,(2,2),(0.,1.),.PIECEWISE_BEZIER_KNOTS.);
#1649 = CARTESIAN_POINT('',(-1.36,9.36,0.));
#1650 = CARTESIAN_POINT('',(-1.56,9.56,0.3));
#1651 = ORIENTED_EDGE('',*,*,#751,.T.);
#1652 = ORIENTED_EDGE('',*,*,#1632,.T.);
#1653 = ORIENTED_EDGE('',*,*,#1654,.F.);
#1654 = EDGE_CURVE('',#1646,#1625,#1655,.T.);
#1655 = LINE('',#1656,#1657);
#1656 = CARTESIAN_POINT('',(-6.44,9.56,0.3));
#1657 = VECTOR('',#1658,1.);
#1658 = DIRECTION('',(1.,0.,0.));
#1659 = B_SPLINE_SURFACE_WITH_KNOTS('',1,1,(
    (#1660,#1661)
    ,(#1662,#1663
    )),.UNSPECIFIED.,.F.,.F.,.F.,(2,2),(2,2),(0.,13.28),(0.,1.),
  .PIECEWISE_BEZIER_KNOTS.);
#1660 = CARTESIAN_POINT('',(-6.64,9.36,0.));
#1661 = CARTESIAN_POINT('',(-6.44,9.56,0.3));
#1662 = CARTESIAN_POINT('',(6.64,9.36,0.));
#1663 = CARTESIAN_POINT('',(6.44,9.56,0.3));
#1664 = ADVANCED_FACE('',(#1665),#1682,.F.);
#1665 = FACE_BOUND('',#1666,.F.);
#1666 = EDGE_LOOP('',(#1667,#1668,#1669,#1677));
#1667 = ORIENTED_EDGE('',*,*,#743,.T.);
#1668 = ORIENTED_EDGE('',*,*,#1645,.T.);
#1669 = ORIENTED_EDGE('',*,*,#1670,.F.);
#1670 = EDGE_CURVE('',#1671,#1646,#1673,.T.);
#1671 = VERTEX_POINT('',#1672);
#1672 = CARTESIAN_POINT('',(-1.56,6.44,0.3));
#1673 = LINE('',#1674,#1675);
#1674 = CARTESIAN_POINT('',(-1.56,6.44,0.3));
#1675 = VECTOR('',#1676,1.);
#1676 = DIRECTION('',(0.,1.,0.));
#1677 = ORIENTED_EDGE('',*,*,#1678,.F.);
#1678 = EDGE_CURVE('',#736,#1671,#1679,.T.);
#1679 = B_SPLINE_CURVE_WITH_KNOTS('',1,(#1680,#1681),.UNSPECIFIED.,.F.,
  .F.,(2,2),(0.,1.),.PIECEWISE_BEZIER_KNOTS.);
#1680 = CARTESIAN_POINT('',(-1.36,6.64,0.));
#1681 = CARTESIAN_POINT('',(-1.56,6.44,0.3));
#1682 = B_SPLINE_SURFACE_WITH_KNOTS('',1,1,(
    (#1683,#1684)
    ,(#1685,#1686
    )),.UNSPECIFIED.,.F.,.F.,.F.,(2,2),(2,2),(0.,3.12),(0.,1.),
  .PIECEWISE_BEZIER_KNOTS.);
#1683 = CARTESIAN_POINT('',(-1.36,6.64,0.));
#1684 = CARTESIAN_POINT('',(-1.56,6.44,0.3));
#1685 = CARTESIAN_POINT('',(-1.36,9.36,0.));
#1686 = CARTESIAN_POINT('',(-1.56,9.56,0.3));
#1687 = ADVANCED_FACE('',(#1688),#1705,.F.);
#1688 = FACE_BOUND('',#1689,.F.);
#1689 = EDGE_LOOP('',(#1690,#1691,#1692,#1700));
#1690 = ORIENTED_EDGE('',*,*,#735,.T.);
#1691 = ORIENTED_EDGE('',*,*,#1678,.T.);
#1692 = ORIENTED_EDGE('',*,*,#1693,.F.);
#1693 = EDGE_CURVE('',#1694,#1671,#1696,.T.);
#1694 = VERTEX_POINT('',#1695);
#1695 = CARTESIAN_POINT('',(-1.56,1.56,0.3));
#1696 = LINE('',#1697,#1698);
#1697 = CARTESIAN_POINT('',(-1.56,1.56,0.3));
#1698 = VECTOR('',#1699,1.);
#1699 = DIRECTION('',(0.,1.,0.));
#1700 = ORIENTED_EDGE('',*,*,#1701,.F.);
#1701 = EDGE_CURVE('',#728,#1694,#1702,.T.);
#1702 = B_SPLINE_CURVE_WITH_KNOTS('',1,(#1703,#1704),.UNSPECIFIED.,.F.,
  .F.,(2,2),(0.,1.),.PIECEWISE_BEZIER_KNOTS.);
#1703 = CARTESIAN_POINT('',(-1.36,1.36,0.));
#1704 = CARTESIAN_POINT('',(-1.56,1.56,0.3));
#1705 = B_SPLINE_SURFACE_WITH_KNOTS('',1,1,(
    (#1706,#1707)
    ,(#1708,#1709
    )),.UNSPECIFIED.,.F.,.F.,.F.,(2,2),(2,2),(0.,5.28),(0.,1.),
  .PIECEWISE_BEZIER_KNOTS.);
#1706 = CARTESIAN_POINT('',(-1.36,1.36,0.));
#1707 = CARTESIAN_POINT('',(-1.56,1.56,0.3));
#1708 = CARTESIAN_POINT('',(-1.36,6.64,0.));
#1709 = CARTESIAN_POINT('',(-1.56,6.44,0.3));
#1710 = ADVANCED_FACE('',(#1711),#1728,.F.);
#1711 = FACE_BOUND('',#1712,.F.);
#1712 = EDGE_LOOP('',(#1713,#1714,#1715,#1723));
#1713 = ORIENTED_EDGE('',*,*,#727,.T.);
#1714 = ORIENTED_EDGE('',*,*,#1701,.T.);
#1715 = ORIENTED_EDGE('',*,*,#1716,.F.);
#1716 = EDGE_CURVE('',#1717,#1694,#1719,.T.);
#1717 = VERTEX_POINT('',#1718);
#1718 = CARTESIAN_POINT('',(-1.56,-1.56,0.3));
#1719 = LINE('',#1720,#1721);
#1720 = CARTESIAN_POINT('',(-1.56,-1.56,0.3));
#1721 = VECTOR('',#1722,1.);
#1722 = DIRECTION('',(0.,1.,0.));
#1723 = ORIENTED_EDGE('',*,*,#1724,.F.);
#1724 = EDGE_CURVE('',#720,#1717,#1725,.T.);
#1725 = B_SPLINE_CURVE_WITH_KNOTS('',1,(#1726,#1727),.UNSPECIFIED.,.F.,
  .F.,(2,2),(0.,1.),.PIECEWISE_BEZIER_KNOTS.);
#1726 = CARTESIAN_POINT('',(-1.36,-1.36,0.));
#1727 = CARTESIAN_POINT('',(-1.56,-1.56,0.3));
#1728 = B_SPLINE_SURFACE_WITH_KNOTS('',1,1,(
    (#1729,#1730)
    ,(#1731,#1732
    )),.UNSPECIFIED.,.F.,.F.,.F.,(2,2),(2,2),(0.,3.12),(0.,1.),
  .PIECEWISE_BEZIER_KNOTS.);
#1729 = CARTESIAN_POINT('',(-1.36,-1.36,0.));
#1730 = CARTESIAN_POINT('',(-1.56,-1.56,0.3));
#1731 = CARTESIAN_POINT('',(-1.36,1.36,0.));
#1732 = CARTESIAN_POINT('',(-1.56,1.56,0.3));
#1733 = ADVANCED_FACE('',(#1734),#1751,.F.);
#1734 = FACE_BOUND('',#1735,.F.);
#1735 = EDGE_LOOP('',(#1736,#1737,#1738,#1746));
#1736 = ORIENTED_EDGE('',*,*,#719,.T.);
#1737 = ORIENTED_EDGE('',*,*,#1724,.T.);
#1738 = ORIENTED_EDGE('',*,*,#1739,.F.);
#1739 = EDGE_CURVE('',#1740,#1717,#1742,.T.);
#1740 = VERTEX_POINT('',#1741);
#1741 = CARTESIAN_POINT('',(-1.56,-6.44,0.3));
#1742 = LINE('',#1743,#1744);
#1743 = CARTESIAN_POINT('',(-1.56,-6.44,0.3));
#1744 = VECTOR('',#1745,1.);
#1745 = DIRECTION('',(0.,1.,0.));
#1746 = ORIENTED_EDGE('',*,*,#1747,.F.);
#1747 = EDGE_CURVE('',#712,#1740,#1748,.T.);
#1748 = B_SPLINE_CURVE_WITH_KNOTS('',1,(#1749,#1750),.UNSPECIFIED.,.F.,
  .F.,(2,2),(0.,1.),.PIECEWISE_BEZIER_KNOTS.);
#1749 = CARTESIAN_POINT('',(-1.36,-6.64,0.));
#1750 = CARTESIAN_POINT('',(-1.56,-6.44,0.3));
#1751 = B_SPLINE_SURFACE_WITH_KNOTS('',1,1,(
    (#1752,#1753)
    ,(#1754,#1755
    )),.UNSPECIFIED.,.F.,.F.,.F.,(2,2),(2,2),(0.,5.28),(0.,1.),
  .PIECEWISE_BEZIER_KNOTS.);
#1752 = CARTESIAN_POINT('',(-1.36,-6.64,0.));
#1753 = CARTESIAN_POINT('',(-1.56,-6.44,0.3));
#1754 = CARTESIAN_POINT('',(-1.36,-1.36,0.));
#1755 = CARTESIAN_POINT('',(-1.56,-1.56,0.3));
#1756 = ADVANCED_FACE('',(#1757),#1774,.F.);
#1757 = FACE_BOUND('',#1758,.F.);
#1758 = EDGE_LOOP('',(#1759,#1760,#1761,#1769));
#1759 = ORIENTED_EDGE('',*,*,#711,.T.);
#1760 = ORIENTED_EDGE('',*,*,#1747,.T.);
#1761 = ORIENTED_EDGE('',*,*,#1762,.F.);
#1762 = EDGE_CURVE('',#1763,#1740,#1765,.T.);
#1763 = VERTEX_POINT('',#1764);
#1764 = CARTESIAN_POINT('',(-1.56,-9.56,0.3));
#1765 = LINE('',#1766,#1767);
#1766 = CARTESIAN_POINT('',(-1.56,-9.56,0.3));
#1767 = VECTOR('',#1768,1.);
#1768 = DIRECTION('',(0.,1.,0.));
#1769 = ORIENTED_EDGE('',*,*,#1770,.F.);
#1770 = EDGE_CURVE('',#704,#1763,#1771,.T.);
#1771 = B_SPLINE_CURVE_WITH_KNOTS('',1,(#1772,#1773),.UNSPECIFIED.,.F.,
  .F.,(2,2),(0.,1.),.PIECEWISE_BEZIER_KNOTS.);
#1772 = CARTESIAN_POINT('',(-1.36,-9.36,0.));
#1773 = CARTESIAN_POINT('',(-1.56,-9.56,0.3));
#1774 = B_SPLINE_SURFACE_WITH_KNOTS('',1,1,(
    (#1775,#1776)
    ,(#1777,#1778
    )),.UNSPECIFIED.,.F.,.F.,.F.,(2,2),(2,2),(0.,3.12),(0.,1.),
  .PIECEWISE_BEZIER_KNOTS.);
#1775 = CARTESIAN_POINT('',(-1.36,-9.36,0.));
#1776 = CARTESIAN_POINT('',(-1.56,-9.56,0.3));
#1777 = CARTESIAN_POINT('',(-1.36,-6.64,0.));
#1778 = CARTESIAN_POINT('',(-1.56,-6.44,0.3));
#1779 = ADVANCED_FACE('',(#1780),#1797,.F.);
#1780 = FACE_BOUND('',#1781,.F.);
#1781 = EDGE_LOOP('',(#1782,#1783,#1784,#1792));
#1782 = ORIENTED_EDGE('',*,*,#703,.T.);
#1783 = ORIENTED_EDGE('',*,*,#1770,.T.);
#1784 = ORIENTED_EDGE('',*,*,#1785,.F.);
#1785 = EDGE_CURVE('',#1786,#1763,#1788,.T.);
#1786 = VERTEX_POINT('',#1787);
#1787 = CARTESIAN_POINT('',(-1.56,-14.44,0.3));
#1788 = LINE('',#1789,#1790);
#1789 = CARTESIAN_POINT('',(-1.56,-14.44,0.3));
#1790 = VECTOR('',#1791,1.);
#1791 = DIRECTION('',(0.,1.,0.));
#1792 = ORIENTED_EDGE('',*,*,#1793,.F.);
#1793 = EDGE_CURVE('',#696,#1786,#1794,.T.);
#1794 = B_SPLINE_CURVE_WITH_KNOTS('',1,(#1795,#1796),.UNSPECIFIED.,.F.,
  .F.,(2,2),(0.,1.),.PIECEWISE_BEZIER_KNOTS.);
#1795 = CARTESIAN_POINT('',(-1.36,-14.64,0.));
#1796 = CARTESIAN_POINT('',(-1.56,-14.44,0.3));
#1797 = B_SPLINE_SURFACE_WITH_KNOTS('',1,1,(
    (#1798,#1799)
    ,(#1800,#1801
    )),.UNSPECIFIED.,.F.,.F.,.F.,(2,2),(2,2),(0.,5.28),(0.,1.),
  .PIECEWISE_BEZIER_KNOTS.);
#1798 = CARTESIAN_POINT('',(-1.36,-14.64,0.));
#1799 = CARTESIAN_POINT('',(-1.56,-14.44,0.3));
#1800 = CARTESIAN_POINT('',(-1.36,-9.36,0.));
#1801 = CARTESIAN_POINT('',(-1.56,-9.56,0.3));
#1802 = ADVANCED_FACE('',(#1803),#1820,.F.);
#1803 = FACE_BOUND('',#1804,.F.);
#1804 = EDGE_LOOP('',(#1805,#1806,#1807,#1815));
#1805 = ORIENTED_EDGE('',*,*,#695,.T.);
#1806 = ORIENTED_EDGE('',*,*,#1793,.T.);
#1807 = ORIENTED_EDGE('',*,*,#1808,.F.);
#1808 = EDGE_CURVE('',#1809,#1786,#1811,.T.);
#1809 = VERTEX_POINT('',#1810);
#1810 = CARTESIAN_POINT('',(-1.56,-17.56,0.3));
#1811 = LINE('',#1812,#1813);
#1812 = CARTESIAN_POINT('',(-1.56,-17.56,0.3));
#1813 = VECTOR('',#1814,1.);
#1814 = DIRECTION('',(0.,1.,0.));
#1815 = ORIENTED_EDGE('',*,*,#1816,.F.);
#1816 = EDGE_CURVE('',#688,#1809,#1817,.T.);
#1817 = B_SPLINE_CURVE_WITH_KNOTS('',1,(#1818,#1819),.UNSPECIFIED.,.F.,
  .F.,(2,2),(0.,1.),.PIECEWISE_BEZIER_KNOTS.);
#1818 = CARTESIAN_POINT('',(-1.36,-17.36,0.));
#1819 = CARTESIAN_POINT('',(-1.56,-17.56,0.3));
#1820 = B_SPLINE_SURFACE_WITH_KNOTS('',1,1,(
    (#1821,#1822)
    ,(#1823,#1824
    )),.UNSPECIFIED.,.F.,.F.,.F.,(2,2),(2,2),(0.,3.12),(0.,1.),
  .PIECEWISE_BEZIER_KNOTS.);
#1821 = CARTESIAN_POINT('',(-1.36,-17.36,0.));
#1822 = CARTESIAN_POINT('',(-1.56,-17.56,0.3));
#1823 = CARTESIAN_POINT('',(-1.36,-14.64,0.));
#1824 = CARTESIAN_POINT('',(-1.56,-14.44,0.3));
#1825 = ADVANCED_FACE('',(#1826),#1843,.F.);
#1826 = FACE_BOUND('',#1827,.F.);
#1827 = EDGE_LOOP('',(#1828,#1829,#1830,#1838));
#1828 = ORIENTED_EDGE('',*,*,#687,.T.);
#1829 = ORIENTED_EDGE('',*,*,#1816,.T.);
#1830 = ORIENTED_EDGE('',*,*,#1831,.F.);
#1831 = EDGE_CURVE('',#1832,#1809,#1834,.T.);
#1832 = VERTEX_POINT('',#1833);
#1833 = CARTESIAN_POINT('',(-1.56,-22.44,0.3));
#1834 = LINE('',#1835,#1836);
#1835 = CARTESIAN_POINT('',(-1.56,-22.44,0.3));
#1836 = VECTOR('',#1837,1.);
#1837 = DIRECTION('',(0.,1.,0.));
#1838 = ORIENTED_EDGE('',*,*,#1839,.F.);
#1839 = EDGE_CURVE('',#680,#1832,#1840,.T.);
#1840 = B_SPLINE_CURVE_WITH_KNOTS('',1,(#1841,#1842),.UNSPECIFIED.,.F.,
  .F.,(2,2),(0.,1.),.PIECEWISE_BEZIER_KNOTS.);
#1841 = CARTESIAN_POINT('',(-1.36,-22.64,0.));
#1842 = CARTESIAN_POINT('',(-1.56,-22.44,0.3));
#1843 = B_SPLINE_SURFACE_WITH_KNOTS('',1,1,(
    (#1844,#1845)
    ,(#1846,#1847
    )),.UNSPECIFIED.,.F.,.F.,.F.,(2,2),(2,2),(0.,5.28),(0.,1.),
  .PIECEWISE_BEZIER_KNOTS.);
#1844 = CARTESIAN_POINT('',(-1.36,-22.64,0.));
#1845 = CARTESIAN_POINT('',(-1.56,-22.44,0.3));
#1846 = CARTESIAN_POINT('',(-1.36,-17.36,0.));
#1847 = CARTESIAN_POINT('',(-1.56,-17.56,0.3));
#1848 = ADVANCED_FACE('',(#1849),#1866,.F.);
#1849 = FACE_BOUND('',#1850,.F.);
#1850 = EDGE_LOOP('',(#1851,#1852,#1853,#1861));
#1851 = ORIENTED_EDGE('',*,*,#679,.T.);
#1852 = ORIENTED_EDGE('',*,*,#1839,.T.);
#1853 = ORIENTED_EDGE('',*,*,#1854,.F.);
#1854 = EDGE_CURVE('',#1855,#1832,#1857,.T.);
#1855 = VERTEX_POINT('',#1856);
#1856 = CARTESIAN_POINT('',(-1.56,-25.56,0.3));
#1857 = LINE('',#1858,#1859);
#1858 = CARTESIAN_POINT('',(-1.56,-25.56,0.3));
#1859 = VECTOR('',#1860,1.);
#1860 = DIRECTION('',(0.,1.,0.));
#1861 = ORIENTED_EDGE('',*,*,#1862,.F.);
#1862 = EDGE_CURVE('',#672,#1855,#1863,.T.);
#1863 = B_SPLINE_CURVE_WITH_KNOTS('',1,(#1864,#1865),.UNSPECIFIED.,.F.,
  .F.,(2,2),(0.,1.),.PIECEWISE_BEZIER_KNOTS.);
#1864 = CARTESIAN_POINT('',(-1.36,-25.36,0.));
#1865 = CARTESIAN_POINT('',(-1.56,-25.56,0.3));
#1866 = B_SPLINE_SURFACE_WITH_KNOTS('',1,1,(
    (#1867,#1868)
    ,(#1869,#1870
    )),.UNSPECIFIED.,.F.,.F.,.F.,(2,2),(2,2),(0.,3.12),(0.,1.),
  .PIECEWISE_BEZIER_KNOTS.);
#1867 = CARTESIAN_POINT('',(-1.36,-25.36,0.));
#1868 = CARTESIAN_POINT('',(-1.56,-25.56,0.3));
#1869 = CARTESIAN_POINT('',(-1.36,-22.64,0.));
#1870 = CARTESIAN_POINT('',(-1.56,-22.44,0.3));
#1871 = ADVANCED_FACE('',(#1872),#1889,.F.);
#1872 = FACE_BOUND('',#1873,.F.);
#1873 = EDGE_LOOP('',(#1874,#1875,#1876,#1884));
#1874 = ORIENTED_EDGE('',*,*,#671,.T.);
#1875 = ORIENTED_EDGE('',*,*,#1862,.T.);
#1876 = ORIENTED_EDGE('',*,*,#1877,.F.);
#1877 = EDGE_CURVE('',#1878,#1855,#1880,.T.);
#1878 = VERTEX_POINT('',#1879);
#1879 = CARTESIAN_POINT('',(-1.56,-30.44,0.3));
#1880 = LINE('',#1881,#1882);
#1881 = CARTESIAN_POINT('',(-1.56,-30.44,0.3));
#1882 = VECTOR('',#1883,1.);
#1883 = DIRECTION('',(0.,1.,0.));
#1884 = ORIENTED_EDGE('',*,*,#1885,.F.);
#1885 = EDGE_CURVE('',#664,#1878,#1886,.T.);
#1886 = B_SPLINE_CURVE_WITH_KNOTS('',1,(#1887,#1888),.UNSPECIFIED.,.F.,
  .F.,(2,2),(0.,1.),.PIECEWISE_BEZIER_KNOTS.);
#1887 = CARTESIAN_POINT('',(-1.36,-30.64,0.));
#1888 = CARTESIAN_POINT('',(-1.56,-30.44,0.3));
#1889 = B_SPLINE_SURFACE_WITH_KNOTS('',1,1,(
    (#1890,#1891)
    ,(#1892,#1893
    )),.UNSPECIFIED.,.F.,.F.,.F.,(2,2),(2,2),(0.,5.28),(0.,1.),
  .PIECEWISE_BEZIER_KNOTS.);
#1890 = CARTESIAN_POINT('',(-1.36,-30.64,0.));
#1891 = CARTESIAN_POINT('',(-1.56,-30.44,0.3));
#1892 = CARTESIAN_POINT('',(-1.36,-25.36,0.));
#1893 = CARTESIAN_POINT('',(-1.56,-25.56,0.3));
#1894 = ADVANCED_FACE('',(#1895),#1906,.F.);
#1895 = FACE_BOUND('',#1896,.F.);
#1896 = EDGE_LOOP('',(#1897,#1898,#1899,#1905));
#1897 = ORIENTED_EDGE('',*,*,#663,.T.);
#1898 = ORIENTED_EDGE('',*,*,#1885,.T.);
#1899 = ORIENTED_EDGE('',*,*,#1900,.F.);
#1900 = EDGE_CURVE('',#1135,#1878,#1901,.T.);
#1901 = LINE('',#1902,#1903);
#1902 = CARTESIAN_POINT('',(-6.44,-30.44,0.3));
#1903 = VECTOR('',#1904,1.);
#1904 = DIRECTION('',(1.,0.,0.));
#1905 = ORIENTED_EDGE('',*,*,#1134,.F.);
#1906 = B_SPLINE_SURFACE_WITH_KNOTS('',1,1,(
    (#1907,#1908)
    ,(#1909,#1910
    )),.UNSPECIFIED.,.F.,.F.,.F.,(2,2),(2,2),(0.,5.28),(0.,1.),
  .PIECEWISE_BEZIER_KNOTS.);
#1907 = CARTESIAN_POINT('',(-6.64,-30.64,0.));
#1908 = CARTESIAN_POINT('',(-6.44,-30.44,0.3));
#1909 = CARTESIAN_POINT('',(-1.36,-30.64,0.));
#1910 = CARTESIAN_POINT('',(-1.56,-30.44,0.3));
#1911 = ADVANCED_FACE('',(#1912),#1915,.T.);
#1912 = FACE_BOUND('',#1913,.T.);
#1913 = EDGE_LOOP('',(#1914));
#1914 = ORIENTED_EDGE('',*,*,#933,.T.);
#1915 = PLANE('',#1916);
#1916 = AXIS2_PLACEMENT_3D('',#1917,#1918,#1919);
#1917 = CARTESIAN_POINT('',(-4.,-20.,11.4));
#1918 = DIRECTION('',(0.,0.,1.));
#1919 = DIRECTION('',(1.,0.,0.));
#1920 = ADVANCED_FACE('',(#1921),#1924,.T.);
#1921 = FACE_BOUND('',#1922,.T.);
#1922 = EDGE_LOOP('',(#1923));
#1923 = ORIENTED_EDGE('',*,*,#958,.T.);
#1924 = PLANE('',#1925);
#1925 = AXIS2_PLACEMENT_3D('',#1926,#1927,#1928);
#1926 = CARTESIAN_POINT('',(-4.,-12.,11.4));
#1927 = DIRECTION('',(0.,0.,1.));
#1928 = DIRECTION('',(1.,0.,0.));
#1929 = ADVANCED_FACE('',(#1930),#1933,.T.);
#1930 = FACE_BOUND('',#1931,.T.);
#1931 = EDGE_LOOP('',(#1932));
#1932 = ORIENTED_EDGE('',*,*,#983,.T.);
#1933 = PLANE('',#1934);
#1934 = AXIS2_PLACEMENT_3D('',#1935,#1936,#1937);
#1935 = CARTESIAN_POINT('',(-4.,-4.,11.4));
#1936 = DIRECTION('',(0.,0.,1.));
#1937 = DIRECTION('',(1.,0.,0.));
#1938 = ADVANCED_FACE('',(#1939),#1942,.T.);
#1939 = FACE_BOUND('',#1940,.T.);
#1940 = EDGE_LOOP('',(#1941));
#1941 = ORIENTED_EDGE('',*,*,#1008,.T.);
#1942 = PLANE('',#1943);
#1943 = AXIS2_PLACEMENT_3D('',#1944,#1945,#1946);
#1944 = CARTESIAN_POINT('',(-4.,4.,11.4));
#1945 = DIRECTION('',(0.,0.,1.));
#1946 = DIRECTION('',(1.,0.,0.));
#1947 = ADVANCED_FACE('',(#1948),#1951,.T.);
#1948 = FACE_BOUND('',#1949,.T.);
#1949 = EDGE_LOOP('',(#1950));
#1950 = ORIENTED_EDGE('',*,*,#1033,.T.);
#1951 = PLANE('',#1952);
#1952 = AXIS2_PLACEMENT_3D('',#1953,#1954,#1955);
#1953 = CARTESIAN_POINT('',(-4.,12.,11.4));
#1954 = DIRECTION('',(0.,0.,1.));
#1955 = DIRECTION('',(1.,0.,0.));
#1956 = ADVANCED_FACE('',(#1957),#1960,.T.);
#1957 = FACE_BOUND('',#1958,.T.);
#1958 = EDGE_LOOP('',(#1959));
#1959 = ORIENTED_EDGE('',*,*,#1058,.T.);
#1960 = PLANE('',#1961);
#1961 = AXIS2_PLACEMENT_3D('',#1962,#1963,#1964);
#1962 = CARTESIAN_POINT('',(-4.,20.,11.4));
#1963 = DIRECTION('',(0.,0.,1.));
#1964 = DIRECTION('',(1.,0.,0.));
#1965 = ADVANCED_FACE('',(#1966),#1969,.T.);
#1966 = FACE_BOUND('',#1967,.T.);
#1967 = EDGE_LOOP('',(#1968));
#1968 = ORIENTED_EDGE('',*,*,#1083,.T.);
#1969 = PLANE('',#1970);
#1970 = AXIS2_PLACEMENT_3D('',#1971,#1972,#1973);
#1971 = CARTESIAN_POINT('',(-4.,28.,11.4));
#1972 = DIRECTION('',(0.,0.,1.));
#1973 = DIRECTION('',(1.,0.,0.));
#1974 = ADVANCED_FACE('',(#1975),#1978,.T.);
#1975 = FACE_BOUND('',#1976,.T.);
#1976 = EDGE_LOOP('',(#1977));
#1977 = ORIENTED_EDGE('',*,*,#1108,.T.);
#1978 = PLANE('',#1979);
#1979 = AXIS2_PLACEMENT_3D('',#1980,#1981,#1982);
#1980 = CARTESIAN_POINT('',(4.,12.,11.4));
#1981 = DIRECTION('',(0.,0.,1.));
#1982 = DIRECTION('',(1.,0.,0.));
#1983 = ADVANCED_FACE('',(#1984),#2247,.F.);
#1984 = FACE_BOUND('',#1985,.F.);
#1985 = EDGE_LOOP('',(#1986,#1987,#1995,#2003,#2011,#2019,#2027,#2035,
    #2043,#2051,#2059,#2067,#2075,#2083,#2091,#2099,#2107,#2115,#2123,
    #2131,#2139,#2147,#2155,#2163,#2171,#2179,#2187,#2195,#2203,#2211,
    #2219,#2227,#2233,#2234,#2235,#2236,#2237,#2238,#2239,#2240,#2241,
    #2242,#2243,#2244,#2245,#2246));
#1986 = ORIENTED_EDGE('',*,*,#1141,.F.);
#1987 = ORIENTED_EDGE('',*,*,#1988,.T.);
#1988 = EDGE_CURVE('',#1135,#1989,#1991,.T.);
#1989 = VERTEX_POINT('',#1990);
#1990 = CARTESIAN_POINT('',(-6.44,-30.44,8.));
#1991 = LINE('',#1992,#1993);
#1992 = CARTESIAN_POINT('',(-6.44,-30.44,0.));
#1993 = VECTOR('',#1994,1.);
#1994 = DIRECTION('',(0.,0.,1.));
#1995 = ORIENTED_EDGE('',*,*,#1996,.T.);
#1996 = EDGE_CURVE('',#1989,#1997,#1999,.T.);
#1997 = VERTEX_POINT('',#1998);
#1998 = CARTESIAN_POINT('',(-6.44,-24.6,8.));
#1999 = LINE('',#2000,#2001);
#2000 = CARTESIAN_POINT('',(-6.44,-30.44,8.));
#2001 = VECTOR('',#2002,1.);
#2002 = DIRECTION('',(0.,1.,0.));
#2003 = ORIENTED_EDGE('',*,*,#2004,.F.);
#2004 = EDGE_CURVE('',#2005,#1997,#2007,.T.);
#2005 = VERTEX_POINT('',#2006);
#2006 = CARTESIAN_POINT('',(-6.44,-24.6,6.8));
#2007 = LINE('',#2008,#2009);
#2008 = CARTESIAN_POINT('',(-6.44,-24.6,5.4));
#2009 = VECTOR('',#2010,1.);
#2010 = DIRECTION('',(0.,0.,1.));
#2011 = ORIENTED_EDGE('',*,*,#2012,.T.);
#2012 = EDGE_CURVE('',#2005,#2013,#2015,.T.);
#2013 = VERTEX_POINT('',#2014);
#2014 = CARTESIAN_POINT('',(-6.44,-23.4,6.8));
#2015 = LINE('',#2016,#2017);
#2016 = CARTESIAN_POINT('',(-6.44,-1.195987381556E-15,6.8));
#2017 = VECTOR('',#2018,1.);
#2018 = DIRECTION('',(0.,1.,0.));
#2019 = ORIENTED_EDGE('',*,*,#2020,.T.);
#2020 = EDGE_CURVE('',#2013,#2021,#2023,.T.);
#2021 = VERTEX_POINT('',#2022);
#2022 = CARTESIAN_POINT('',(-6.44,-23.4,8.));
#2023 = LINE('',#2024,#2025);
#2024 = CARTESIAN_POINT('',(-6.44,-23.4,5.4));
#2025 = VECTOR('',#2026,1.);
#2026 = DIRECTION('',(0.,0.,1.));
#2027 = ORIENTED_EDGE('',*,*,#2028,.T.);
#2028 = EDGE_CURVE('',#2021,#2029,#2031,.T.);
#2029 = VERTEX_POINT('',#2030);
#2030 = CARTESIAN_POINT('',(-6.44,-16.6,8.));
#2031 = LINE('',#2032,#2033);
#2032 = CARTESIAN_POINT('',(-6.44,-30.44,8.));
#2033 = VECTOR('',#2034,1.);
#2034 = DIRECTION('',(0.,1.,0.));
#2035 = ORIENTED_EDGE('',*,*,#2036,.F.);
#2036 = EDGE_CURVE('',#2037,#2029,#2039,.T.);
#2037 = VERTEX_POINT('',#2038);
#2038 = CARTESIAN_POINT('',(-6.44,-16.6,6.8));
#2039 = LINE('',#2040,#2041);
#2040 = CARTESIAN_POINT('',(-6.44,-16.6,5.4));
#2041 = VECTOR('',#2042,1.);
#2042 = DIRECTION('',(0.,0.,1.));
#2043 = ORIENTED_EDGE('',*,*,#2044,.T.);
#2044 = EDGE_CURVE('',#2037,#2045,#2047,.T.);
#2045 = VERTEX_POINT('',#2046);
#2046 = CARTESIAN_POINT('',(-6.44,-15.4,6.8));
#2047 = LINE('',#2048,#2049);
#2048 = CARTESIAN_POINT('',(-6.44,-1.195987381556E-15,6.8));
#2049 = VECTOR('',#2050,1.);
#2050 = DIRECTION('',(0.,1.,0.));
#2051 = ORIENTED_EDGE('',*,*,#2052,.T.);
#2052 = EDGE_CURVE('',#2045,#2053,#2055,.T.);
#2053 = VERTEX_POINT('',#2054);
#2054 = CARTESIAN_POINT('',(-6.44,-15.4,8.));
#2055 = LINE('',#2056,#2057);
#2056 = CARTESIAN_POINT('',(-6.44,-15.4,5.4));
#2057 = VECTOR('',#2058,1.);
#2058 = DIRECTION('',(0.,0.,1.));
#2059 = ORIENTED_EDGE('',*,*,#2060,.T.);
#2060 = EDGE_CURVE('',#2053,#2061,#2063,.T.);
#2061 = VERTEX_POINT('',#2062);
#2062 = CARTESIAN_POINT('',(-6.44,-8.6,8.));
#2063 = LINE('',#2064,#2065);
#2064 = CARTESIAN_POINT('',(-6.44,-30.44,8.));
#2065 = VECTOR('',#2066,1.);
#2066 = DIRECTION('',(0.,1.,0.));
#2067 = ORIENTED_EDGE('',*,*,#2068,.F.);
#2068 = EDGE_CURVE('',#2069,#2061,#2071,.T.);
#2069 = VERTEX_POINT('',#2070);
#2070 = CARTESIAN_POINT('',(-6.44,-8.6,6.8));
#2071 = LINE('',#2072,#2073);
#2072 = CARTESIAN_POINT('',(-6.44,-8.6,5.4));
#2073 = VECTOR('',#2074,1.);
#2074 = DIRECTION('',(0.,0.,1.));
#2075 = ORIENTED_EDGE('',*,*,#2076,.T.);
#2076 = EDGE_CURVE('',#2069,#2077,#2079,.T.);
#2077 = VERTEX_POINT('',#2078);
#2078 = CARTESIAN_POINT('',(-6.44,-7.4,6.8));
#2079 = LINE('',#2080,#2081);
#2080 = CARTESIAN_POINT('',(-6.44,-1.195987381556E-15,6.8));
#2081 = VECTOR('',#2082,1.);
#2082 = DIRECTION('',(0.,1.,0.));
#2083 = ORIENTED_EDGE('',*,*,#2084,.T.);
#2084 = EDGE_CURVE('',#2077,#2085,#2087,.T.);
#2085 = VERTEX_POINT('',#2086);
#2086 = CARTESIAN_POINT('',(-6.44,-7.4,8.));
#2087 = LINE('',#2088,#2089);
#2088 = CARTESIAN_POINT('',(-6.44,-7.4,5.4));
#2089 = VECTOR('',#2090,1.);
#2090 = DIRECTION('',(0.,0.,1.));
#2091 = ORIENTED_EDGE('',*,*,#2092,.T.);
#2092 = EDGE_CURVE('',#2085,#2093,#2095,.T.);
#2093 = VERTEX_POINT('',#2094);
#2094 = CARTESIAN_POINT('',(-6.44,-0.6,8.));
#2095 = LINE('',#2096,#2097);
#2096 = CARTESIAN_POINT('',(-6.44,-30.44,8.));
#2097 = VECTOR('',#2098,1.);
#2098 = DIRECTION('',(0.,1.,0.));
#2099 = ORIENTED_EDGE('',*,*,#2100,.F.);
#2100 = EDGE_CURVE('',#2101,#2093,#2103,.T.);
#2101 = VERTEX_POINT('',#2102);
#2102 = CARTESIAN_POINT('',(-6.44,-0.6,6.8));
#2103 = LINE('',#2104,#2105);
#2104 = CARTESIAN_POINT('',(-6.44,-0.6,5.4));
#2105 = VECTOR('',#2106,1.);
#2106 = DIRECTION('',(0.,0.,1.));
#2107 = ORIENTED_EDGE('',*,*,#2108,.T.);
#2108 = EDGE_CURVE('',#2101,#2109,#2111,.T.);
#2109 = VERTEX_POINT('',#2110);
#2110 = CARTESIAN_POINT('',(-6.44,0.6,6.8));
#2111 = LINE('',#2112,#2113);
#2112 = CARTESIAN_POINT('',(-6.44,-1.195987381556E-15,6.8));
#2113 = VECTOR('',#2114,1.);
#2114 = DIRECTION('',(0.,1.,0.));
#2115 = ORIENTED_EDGE('',*,*,#2116,.T.);
#2116 = EDGE_CURVE('',#2109,#2117,#2119,.T.);
#2117 = VERTEX_POINT('',#2118);
#2118 = CARTESIAN_POINT('',(-6.44,0.6,8.));
#2119 = LINE('',#2120,#2121);
#2120 = CARTESIAN_POINT('',(-6.44,0.6,5.4));
#2121 = VECTOR('',#2122,1.);
#2122 = DIRECTION('',(0.,0.,1.));
#2123 = ORIENTED_EDGE('',*,*,#2124,.T.);
#2124 = EDGE_CURVE('',#2117,#2125,#2127,.T.);
#2125 = VERTEX_POINT('',#2126);
#2126 = CARTESIAN_POINT('',(-6.44,7.4,8.));
#2127 = LINE('',#2128,#2129);
#2128 = CARTESIAN_POINT('',(-6.44,-30.44,8.));
#2129 = VECTOR('',#2130,1.);
#2130 = DIRECTION('',(0.,1.,0.));
#2131 = ORIENTED_EDGE('',*,*,#2132,.F.);
#2132 = EDGE_CURVE('',#2133,#2125,#2135,.T.);
#2133 = VERTEX_POINT('',#2134);
#2134 = CARTESIAN_POINT('',(-6.44,7.4,6.8));
#2135 = LINE('',#2136,#2137);
#2136 = CARTESIAN_POINT('',(-6.44,7.4,5.4));
#2137 = VECTOR('',#2138,1.);
#2138 = DIRECTION('',(0.,0.,1.));
#2139 = ORIENTED_EDGE('',*,*,#2140,.T.);
#2140 = EDGE_CURVE('',#2133,#2141,#2143,.T.);
#2141 = VERTEX_POINT('',#2142);
#2142 = CARTESIAN_POINT('',(-6.44,8.6,6.8));
#2143 = LINE('',#2144,#2145);
#2144 = CARTESIAN_POINT('',(-6.44,-1.195987381556E-15,6.8));
#2145 = VECTOR('',#2146,1.);
#2146 = DIRECTION('',(0.,1.,0.));
#2147 = ORIENTED_EDGE('',*,*,#2148,.T.);
#2148 = EDGE_CURVE('',#2141,#2149,#2151,.T.);
#2149 = VERTEX_POINT('',#2150);
#2150 = CARTESIAN_POINT('',(-6.44,8.6,8.));
#2151 = LINE('',#2152,#2153);
#2152 = CARTESIAN_POINT('',(-6.44,8.6,5.4));
#2153 = VECTOR('',#2154,1.);
#2154 = DIRECTION('',(0.,0.,1.));
#2155 = ORIENTED_EDGE('',*,*,#2156,.T.);
#2156 = EDGE_CURVE('',#2149,#2157,#2159,.T.);
#2157 = VERTEX_POINT('',#2158);
#2158 = CARTESIAN_POINT('',(-6.44,15.4,8.));
#2159 = LINE('',#2160,#2161);
#2160 = CARTESIAN_POINT('',(-6.44,-30.44,8.));
#2161 = VECTOR('',#2162,1.);
#2162 = DIRECTION('',(0.,1.,0.));
#2163 = ORIENTED_EDGE('',*,*,#2164,.F.);
#2164 = EDGE_CURVE('',#2165,#2157,#2167,.T.);
#2165 = VERTEX_POINT('',#2166);
#2166 = CARTESIAN_POINT('',(-6.44,15.4,6.8));
#2167 = LINE('',#2168,#2169);
#2168 = CARTESIAN_POINT('',(-6.44,15.4,5.4));
#2169 = VECTOR('',#2170,1.);
#2170 = DIRECTION('',(0.,0.,1.));
#2171 = ORIENTED_EDGE('',*,*,#2172,.T.);
#2172 = EDGE_CURVE('',#2165,#2173,#2175,.T.);
#2173 = VERTEX_POINT('',#2174);
#2174 = CARTESIAN_POINT('',(-6.44,16.6,6.8));
#2175 = LINE('',#2176,#2177);
#2176 = CARTESIAN_POINT('',(-6.44,-1.195987381556E-15,6.8));
#2177 = VECTOR('',#2178,1.);
#2178 = DIRECTION('',(0.,1.,0.));
#2179 = ORIENTED_EDGE('',*,*,#2180,.T.);
#2180 = EDGE_CURVE('',#2173,#2181,#2183,.T.);
#2181 = VERTEX_POINT('',#2182);
#2182 = CARTESIAN_POINT('',(-6.44,16.6,8.));
#2183 = LINE('',#2184,#2185);
#2184 = CARTESIAN_POINT('',(-6.44,16.6,5.4));
#2185 = VECTOR('',#2186,1.);
#2186 = DIRECTION('',(0.,0.,1.));
#2187 = ORIENTED_EDGE('',*,*,#2188,.T.);
#2188 = EDGE_CURVE('',#2181,#2189,#2191,.T.);
#2189 = VERTEX_POINT('',#2190);
#2190 = CARTESIAN_POINT('',(-6.44,23.4,8.));
#2191 = LINE('',#2192,#2193);
#2192 = CARTESIAN_POINT('',(-6.44,-30.44,8.));
#2193 = VECTOR('',#2194,1.);
#2194 = DIRECTION('',(0.,1.,0.));
#2195 = ORIENTED_EDGE('',*,*,#2196,.F.);
#2196 = EDGE_CURVE('',#2197,#2189,#2199,.T.);
#2197 = VERTEX_POINT('',#2198);
#2198 = CARTESIAN_POINT('',(-6.44,23.4,6.8));
#2199 = LINE('',#2200,#2201);
#2200 = CARTESIAN_POINT('',(-6.44,23.4,5.4));
#2201 = VECTOR('',#2202,1.);
#2202 = DIRECTION('',(0.,0.,1.));
#2203 = ORIENTED_EDGE('',*,*,#2204,.T.);
#2204 = EDGE_CURVE('',#2197,#2205,#2207,.T.);
#2205 = VERTEX_POINT('',#2206);
#2206 = CARTESIAN_POINT('',(-6.44,24.6,6.8));
#2207 = LINE('',#2208,#2209);
#2208 = CARTESIAN_POINT('',(-6.44,-1.195987381556E-15,6.8));
#2209 = VECTOR('',#2210,1.);
#2210 = DIRECTION('',(0.,1.,0.));
#2211 = ORIENTED_EDGE('',*,*,#2212,.T.);
#2212 = EDGE_CURVE('',#2205,#2213,#2215,.T.);
#2213 = VERTEX_POINT('',#2214);
#2214 = CARTESIAN_POINT('',(-6.44,24.6,8.));
#2215 = LINE('',#2216,#2217);
#2216 = CARTESIAN_POINT('',(-6.44,24.6,5.4));
#2217 = VECTOR('',#2218,1.);
#2218 = DIRECTION('',(0.,0.,1.));
#2219 = ORIENTED_EDGE('',*,*,#2220,.T.);
#2220 = EDGE_CURVE('',#2213,#2221,#2223,.T.);
#2221 = VERTEX_POINT('',#2222);
#2222 = CARTESIAN_POINT('',(-6.44,30.44,8.));
#2223 = LINE('',#2224,#2225);
#2224 = CARTESIAN_POINT('',(-6.44,-30.44,8.));
#2225 = VECTOR('',#2226,1.);
#2226 = DIRECTION('',(0.,1.,0.));
#2227 = ORIENTED_EDGE('',*,*,#2228,.F.);
#2228 = EDGE_CURVE('',#1464,#2221,#2229,.T.);
#2229 = LINE('',#2230,#2231);
#2230 = CARTESIAN_POINT('',(-6.44,30.44,0.));
#2231 = VECTOR('',#2232,1.);
#2232 = DIRECTION('',(0.,0.,1.));
#2233 = ORIENTED_EDGE('',*,*,#1463,.F.);
#2234 = ORIENTED_EDGE('',*,*,#1440,.F.);
#2235 = ORIENTED_EDGE('',*,*,#1417,.F.);
#2236 = ORIENTED_EDGE('',*,*,#1394,.F.);
#2237 = ORIENTED_EDGE('',*,*,#1371,.F.);
#2238 = ORIENTED_EDGE('',*,*,#1348,.F.);
#2239 = ORIENTED_EDGE('',*,*,#1325,.F.);
#2240 = ORIENTED_EDGE('',*,*,#1302,.F.);
#2241 = ORIENTED_EDGE('',*,*,#1279,.F.);
#2242 = ORIENTED_EDGE('',*,*,#1256,.F.);
#2243 = ORIENTED_EDGE('',*,*,#1233,.F.);
#2244 = ORIENTED_EDGE('',*,*,#1210,.F.);
#2245 = ORIENTED_EDGE('',*,*,#1187,.F.);
#2246 = ORIENTED_EDGE('',*,*,#1164,.F.);
#2247 = PLANE('',#2248);
#2248 = AXIS2_PLACEMENT_3D('',#2249,#2250,#2251);
#2249 = CARTESIAN_POINT('',(-6.44,5.157830544135E-17,4.));
#2250 = DIRECTION('',(-1.,-0.,-0.));
#2251 = DIRECTION('',(0.,0.,-1.));
#2252 = ADVANCED_FACE('',(#2253),#2271,.F.);
#2253 = FACE_BOUND('',#2254,.F.);
#2254 = EDGE_LOOP('',(#2255,#2256,#2257,#2265));
#2255 = ORIENTED_EDGE('',*,*,#1486,.F.);
#2256 = ORIENTED_EDGE('',*,*,#2228,.T.);
#2257 = ORIENTED_EDGE('',*,*,#2258,.T.);
#2258 = EDGE_CURVE('',#2221,#2259,#2261,.T.);
#2259 = VERTEX_POINT('',#2260);
#2260 = CARTESIAN_POINT('',(-1.56,30.44,8.));
#2261 = LINE('',#2262,#2263);
#2262 = CARTESIAN_POINT('',(-6.44,30.44,8.));
#2263 = VECTOR('',#2264,1.);
#2264 = DIRECTION('',(1.,0.,0.));
#2265 = ORIENTED_EDGE('',*,*,#2266,.F.);
#2266 = EDGE_CURVE('',#1487,#2259,#2267,.T.);
#2267 = LINE('',#2268,#2269);
#2268 = CARTESIAN_POINT('',(-1.56,30.44,0.));
#2269 = VECTOR('',#2270,1.);
#2270 = DIRECTION('',(0.,0.,1.));
#2271 = PLANE('',#2272);
#2272 = AXIS2_PLACEMENT_3D('',#2273,#2274,#2275);
#2273 = CARTESIAN_POINT('',(-6.44,30.44,0.));
#2274 = DIRECTION('',(0.,1.,0.));
#2275 = DIRECTION('',(0.,0.,1.));
#2276 = ADVANCED_FACE('',(#2277),#2362,.F.);
#2277 = FACE_BOUND('',#2278,.F.);
#2278 = EDGE_LOOP('',(#2279,#2287,#2288,#2289,#2290,#2291,#2292,#2300,
    #2308,#2316,#2324,#2332,#2340,#2348,#2356));
#2279 = ORIENTED_EDGE('',*,*,#2280,.F.);
#2280 = EDGE_CURVE('',#1579,#2281,#2283,.T.);
#2281 = VERTEX_POINT('',#2282);
#2282 = CARTESIAN_POINT('',(-1.56,14.44,8.));
#2283 = LINE('',#2284,#2285);
#2284 = CARTESIAN_POINT('',(-1.56,14.44,0.));
#2285 = VECTOR('',#2286,1.);
#2286 = DIRECTION('',(0.,0.,1.));
#2287 = ORIENTED_EDGE('',*,*,#1578,.T.);
#2288 = ORIENTED_EDGE('',*,*,#1555,.T.);
#2289 = ORIENTED_EDGE('',*,*,#1532,.T.);
#2290 = ORIENTED_EDGE('',*,*,#1509,.T.);
#2291 = ORIENTED_EDGE('',*,*,#2266,.T.);
#2292 = ORIENTED_EDGE('',*,*,#2293,.F.);
#2293 = EDGE_CURVE('',#2294,#2259,#2296,.T.);
#2294 = VERTEX_POINT('',#2295);
#2295 = CARTESIAN_POINT('',(-1.56,24.6,8.));
#2296 = LINE('',#2297,#2298);
#2297 = CARTESIAN_POINT('',(-1.56,14.44,8.));
#2298 = VECTOR('',#2299,1.);
#2299 = DIRECTION('',(0.,1.,0.));
#2300 = ORIENTED_EDGE('',*,*,#2301,.T.);
#2301 = EDGE_CURVE('',#2294,#2302,#2304,.T.);
#2302 = VERTEX_POINT('',#2303);
#2303 = CARTESIAN_POINT('',(-1.56,24.6,6.8));
#2304 = LINE('',#2305,#2306);
#2305 = CARTESIAN_POINT('',(-1.56,24.6,5.4));
#2306 = VECTOR('',#2307,1.);
#2307 = DIRECTION('',(0.,0.,-1.));
#2308 = ORIENTED_EDGE('',*,*,#2309,.T.);
#2309 = EDGE_CURVE('',#2302,#2310,#2312,.T.);
#2310 = VERTEX_POINT('',#2311);
#2311 = CARTESIAN_POINT('',(-1.56,23.4,6.8));
#2312 = LINE('',#2313,#2314);
#2313 = CARTESIAN_POINT('',(-1.56,11.22,6.8));
#2314 = VECTOR('',#2315,1.);
#2315 = DIRECTION('',(0.,-1.,0.));
#2316 = ORIENTED_EDGE('',*,*,#2317,.F.);
#2317 = EDGE_CURVE('',#2318,#2310,#2320,.T.);
#2318 = VERTEX_POINT('',#2319);
#2319 = CARTESIAN_POINT('',(-1.56,23.4,8.));
#2320 = LINE('',#2321,#2322);
#2321 = CARTESIAN_POINT('',(-1.56,23.4,5.4));
#2322 = VECTOR('',#2323,1.);
#2323 = DIRECTION('',(0.,0.,-1.));
#2324 = ORIENTED_EDGE('',*,*,#2325,.F.);
#2325 = EDGE_CURVE('',#2326,#2318,#2328,.T.);
#2326 = VERTEX_POINT('',#2327);
#2327 = CARTESIAN_POINT('',(-1.56,16.6,8.));
#2328 = LINE('',#2329,#2330);
#2329 = CARTESIAN_POINT('',(-1.56,14.44,8.));
#2330 = VECTOR('',#2331,1.);
#2331 = DIRECTION('',(0.,1.,0.));
#2332 = ORIENTED_EDGE('',*,*,#2333,.T.);
#2333 = EDGE_CURVE('',#2326,#2334,#2336,.T.);
#2334 = VERTEX_POINT('',#2335);
#2335 = CARTESIAN_POINT('',(-1.56,16.6,6.8));
#2336 = LINE('',#2337,#2338);
#2337 = CARTESIAN_POINT('',(-1.56,16.6,5.4));
#2338 = VECTOR('',#2339,1.);
#2339 = DIRECTION('',(0.,0.,-1.));
#2340 = ORIENTED_EDGE('',*,*,#2341,.T.);
#2341 = EDGE_CURVE('',#2334,#2342,#2344,.T.);
#2342 = VERTEX_POINT('',#2343);
#2343 = CARTESIAN_POINT('',(-1.56,15.4,6.8));
#2344 = LINE('',#2345,#2346);
#2345 = CARTESIAN_POINT('',(-1.56,11.22,6.8));
#2346 = VECTOR('',#2347,1.);
#2347 = DIRECTION('',(0.,-1.,0.));
#2348 = ORIENTED_EDGE('',*,*,#2349,.F.);
#2349 = EDGE_CURVE('',#2350,#2342,#2352,.T.);
#2350 = VERTEX_POINT('',#2351);
#2351 = CARTESIAN_POINT('',(-1.56,15.4,8.));
#2352 = LINE('',#2353,#2354);
#2353 = CARTESIAN_POINT('',(-1.56,15.4,5.4));
#2354 = VECTOR('',#2355,1.);
#2355 = DIRECTION('',(0.,0.,-1.));
#2356 = ORIENTED_EDGE('',*,*,#2357,.F.);
#2357 = EDGE_CURVE('',#2281,#2350,#2358,.T.);
#2358 = LINE('',#2359,#2360);
#2359 = CARTESIAN_POINT('',(-1.56,14.44,8.));
#2360 = VECTOR('',#2361,1.);
#2361 = DIRECTION('',(0.,1.,0.));
#2362 = PLANE('',#2363);
#2363 = AXIS2_PLACEMENT_3D('',#2364,#2365,#2366);
#2364 = CARTESIAN_POINT('',(-1.56,22.44,4.));
#2365 = DIRECTION('',(1.,0.,0.));
#2366 = DIRECTION('',(0.,0.,1.));
#2367 = ADVANCED_FACE('',(#2368),#2418,.F.);
#2368 = FACE_BOUND('',#2369,.F.);
#2369 = EDGE_LOOP('',(#2370,#2371,#2372,#2380,#2388,#2396,#2404,#2412));
#2370 = ORIENTED_EDGE('',*,*,#1601,.F.);
#2371 = ORIENTED_EDGE('',*,*,#2280,.T.);
#2372 = ORIENTED_EDGE('',*,*,#2373,.T.);
#2373 = EDGE_CURVE('',#2281,#2374,#2376,.T.);
#2374 = VERTEX_POINT('',#2375);
#2375 = CARTESIAN_POINT('',(-0.6,14.44,8.));
#2376 = LINE('',#2377,#2378);
#2377 = CARTESIAN_POINT('',(-6.44,14.44,8.));
#2378 = VECTOR('',#2379,1.);
#2379 = DIRECTION('',(1.,0.,0.));
#2380 = ORIENTED_EDGE('',*,*,#2381,.F.);
#2381 = EDGE_CURVE('',#2382,#2374,#2384,.T.);
#2382 = VERTEX_POINT('',#2383);
#2383 = CARTESIAN_POINT('',(-0.6,14.44,6.8));
#2384 = LINE('',#2385,#2386);
#2385 = CARTESIAN_POINT('',(-0.6,14.44,3.4));
#2386 = VECTOR('',#2387,1.);
#2387 = DIRECTION('',(0.,0.,1.));
#2388 = ORIENTED_EDGE('',*,*,#2389,.T.);
#2389 = EDGE_CURVE('',#2382,#2390,#2392,.T.);
#2390 = VERTEX_POINT('',#2391);
#2391 = CARTESIAN_POINT('',(0.6,14.44,6.8));
#2392 = LINE('',#2393,#2394);
#2393 = CARTESIAN_POINT('',(-3.22,14.44,6.8));
#2394 = VECTOR('',#2395,1.);
#2395 = DIRECTION('',(1.,0.,0.));
#2396 = ORIENTED_EDGE('',*,*,#2397,.T.);
#2397 = EDGE_CURVE('',#2390,#2398,#2400,.T.);
#2398 = VERTEX_POINT('',#2399);
#2399 = CARTESIAN_POINT('',(0.6,14.44,8.));
#2400 = LINE('',#2401,#2402);
#2401 = CARTESIAN_POINT('',(0.6,14.44,3.4));
#2402 = VECTOR('',#2403,1.);
#2403 = DIRECTION('',(0.,0.,1.));
#2404 = ORIENTED_EDGE('',*,*,#2405,.T.);
#2405 = EDGE_CURVE('',#2398,#2406,#2408,.T.);
#2406 = VERTEX_POINT('',#2407);
#2407 = CARTESIAN_POINT('',(6.44,14.44,8.));
#2408 = LINE('',#2409,#2410);
#2409 = CARTESIAN_POINT('',(-6.44,14.44,8.));
#2410 = VECTOR('',#2411,1.);
#2411 = DIRECTION('',(1.,0.,0.));
#2412 = ORIENTED_EDGE('',*,*,#2413,.F.);
#2413 = EDGE_CURVE('',#1602,#2406,#2414,.T.);
#2414 = LINE('',#2415,#2416);
#2415 = CARTESIAN_POINT('',(6.44,14.44,0.));
#2416 = VECTOR('',#2417,1.);
#2417 = DIRECTION('',(0.,0.,1.));
#2418 = PLANE('',#2419);
#2419 = AXIS2_PLACEMENT_3D('',#2420,#2421,#2422);
#2420 = CARTESIAN_POINT('',(-6.44,14.44,0.));
#2421 = DIRECTION('',(0.,1.,0.));
#2422 = DIRECTION('',(0.,0.,1.));
#2423 = ADVANCED_FACE('',(#2424),#2442,.F.);
#2424 = FACE_BOUND('',#2425,.F.);
#2425 = EDGE_LOOP('',(#2426,#2434,#2435,#2436));
#2426 = ORIENTED_EDGE('',*,*,#2427,.F.);
#2427 = EDGE_CURVE('',#1625,#2428,#2430,.T.);
#2428 = VERTEX_POINT('',#2429);
#2429 = CARTESIAN_POINT('',(6.44,9.56,8.));
#2430 = LINE('',#2431,#2432);
#2431 = CARTESIAN_POINT('',(6.44,9.56,0.));
#2432 = VECTOR('',#2433,1.);
#2433 = DIRECTION('',(0.,0.,1.));
#2434 = ORIENTED_EDGE('',*,*,#1624,.T.);
#2435 = ORIENTED_EDGE('',*,*,#2413,.T.);
#2436 = ORIENTED_EDGE('',*,*,#2437,.F.);
#2437 = EDGE_CURVE('',#2428,#2406,#2438,.T.);
#2438 = LINE('',#2439,#2440);
#2439 = CARTESIAN_POINT('',(6.44,9.56,8.));
#2440 = VECTOR('',#2441,1.);
#2441 = DIRECTION('',(0.,1.,0.));
#2442 = PLANE('',#2443);
#2443 = AXIS2_PLACEMENT_3D('',#2444,#2445,#2446);
#2444 = CARTESIAN_POINT('',(6.44,9.56,0.));
#2445 = DIRECTION('',(1.,0.,0.));
#2446 = DIRECTION('',(0.,0.,1.));
#2447 = ADVANCED_FACE('',(#2448),#2498,.T.);
#2448 = FACE_BOUND('',#2449,.T.);
#2449 = EDGE_LOOP('',(#2450,#2451,#2459,#2467,#2475,#2483,#2491,#2497));
#2450 = ORIENTED_EDGE('',*,*,#1654,.F.);
#2451 = ORIENTED_EDGE('',*,*,#2452,.T.);
#2452 = EDGE_CURVE('',#1646,#2453,#2455,.T.);
#2453 = VERTEX_POINT('',#2454);
#2454 = CARTESIAN_POINT('',(-1.56,9.56,8.));
#2455 = LINE('',#2456,#2457);
#2456 = CARTESIAN_POINT('',(-1.56,9.56,0.));
#2457 = VECTOR('',#2458,1.);
#2458 = DIRECTION('',(0.,0.,1.));
#2459 = ORIENTED_EDGE('',*,*,#2460,.T.);
#2460 = EDGE_CURVE('',#2453,#2461,#2463,.T.);
#2461 = VERTEX_POINT('',#2462);
#2462 = CARTESIAN_POINT('',(-0.6,9.56,8.));
#2463 = LINE('',#2464,#2465);
#2464 = CARTESIAN_POINT('',(-6.44,9.56,8.));
#2465 = VECTOR('',#2466,1.);
#2466 = DIRECTION('',(1.,0.,0.));
#2467 = ORIENTED_EDGE('',*,*,#2468,.F.);
#2468 = EDGE_CURVE('',#2469,#2461,#2471,.T.);
#2469 = VERTEX_POINT('',#2470);
#2470 = CARTESIAN_POINT('',(-0.6,9.56,6.8));
#2471 = LINE('',#2472,#2473);
#2472 = CARTESIAN_POINT('',(-0.6,9.56,3.4));
#2473 = VECTOR('',#2474,1.);
#2474 = DIRECTION('',(0.,0.,1.));
#2475 = ORIENTED_EDGE('',*,*,#2476,.T.);
#2476 = EDGE_CURVE('',#2469,#2477,#2479,.T.);
#2477 = VERTEX_POINT('',#2478);
#2478 = CARTESIAN_POINT('',(0.6,9.56,6.8));
#2479 = LINE('',#2480,#2481);
#2480 = CARTESIAN_POINT('',(-3.22,9.56,6.8));
#2481 = VECTOR('',#2482,1.);
#2482 = DIRECTION('',(1.,0.,0.));
#2483 = ORIENTED_EDGE('',*,*,#2484,.T.);
#2484 = EDGE_CURVE('',#2477,#2485,#2487,.T.);
#2485 = VERTEX_POINT('',#2486);
#2486 = CARTESIAN_POINT('',(0.6,9.56,8.));
#2487 = LINE('',#2488,#2489);
#2488 = CARTESIAN_POINT('',(0.6,9.56,3.4));
#2489 = VECTOR('',#2490,1.);
#2490 = DIRECTION('',(0.,0.,1.));
#2491 = ORIENTED_EDGE('',*,*,#2492,.T.);
#2492 = EDGE_CURVE('',#2485,#2428,#2493,.T.);
#2493 = LINE('',#2494,#2495);
#2494 = CARTESIAN_POINT('',(-6.44,9.56,8.));
#2495 = VECTOR('',#2496,1.);
#2496 = DIRECTION('',(1.,0.,0.));
#2497 = ORIENTED_EDGE('',*,*,#2427,.F.);
#2498 = PLANE('',#2499);
#2499 = AXIS2_PLACEMENT_3D('',#2500,#2501,#2502);
#2500 = CARTESIAN_POINT('',(-6.44,9.56,0.));
#2501 = DIRECTION('',(0.,1.,0.));
#2502 = DIRECTION('',(0.,0.,1.));
#2503 = ADVANCED_FACE('',(#2504),#2691,.F.);
#2504 = FACE_BOUND('',#2505,.F.);
#2505 = EDGE_LOOP('',(#2506,#2514,#2515,#2516,#2517,#2518,#2519,#2520,
    #2521,#2522,#2523,#2524,#2525,#2533,#2541,#2549,#2557,#2565,#2573,
    #2581,#2589,#2597,#2605,#2613,#2621,#2629,#2637,#2645,#2653,#2661,
    #2669,#2677,#2685));
#2506 = ORIENTED_EDGE('',*,*,#2507,.F.);
#2507 = EDGE_CURVE('',#1878,#2508,#2510,.T.);
#2508 = VERTEX_POINT('',#2509);
#2509 = CARTESIAN_POINT('',(-1.56,-30.44,8.));
#2510 = LINE('',#2511,#2512);
#2511 = CARTESIAN_POINT('',(-1.56,-30.44,0.));
#2512 = VECTOR('',#2513,1.);
#2513 = DIRECTION('',(0.,0.,1.));
#2514 = ORIENTED_EDGE('',*,*,#1877,.T.);
#2515 = ORIENTED_EDGE('',*,*,#1854,.T.);
#2516 = ORIENTED_EDGE('',*,*,#1831,.T.);
#2517 = ORIENTED_EDGE('',*,*,#1808,.T.);
#2518 = ORIENTED_EDGE('',*,*,#1785,.T.);
#2519 = ORIENTED_EDGE('',*,*,#1762,.T.);
#2520 = ORIENTED_EDGE('',*,*,#1739,.T.);
#2521 = ORIENTED_EDGE('',*,*,#1716,.T.);
#2522 = ORIENTED_EDGE('',*,*,#1693,.T.);
#2523 = ORIENTED_EDGE('',*,*,#1670,.T.);
#2524 = ORIENTED_EDGE('',*,*,#2452,.T.);
#2525 = ORIENTED_EDGE('',*,*,#2526,.F.);
#2526 = EDGE_CURVE('',#2527,#2453,#2529,.T.);
#2527 = VERTEX_POINT('',#2528);
#2528 = CARTESIAN_POINT('',(-1.56,8.6,8.));
#2529 = LINE('',#2530,#2531);
#2530 = CARTESIAN_POINT('',(-1.56,-30.44,8.));
#2531 = VECTOR('',#2532,1.);
#2532 = DIRECTION('',(0.,1.,0.));
#2533 = ORIENTED_EDGE('',*,*,#2534,.T.);
#2534 = EDGE_CURVE('',#2527,#2535,#2537,.T.);
#2535 = VERTEX_POINT('',#2536);
#2536 = CARTESIAN_POINT('',(-1.56,8.6,6.8));
#2537 = LINE('',#2538,#2539);
#2538 = CARTESIAN_POINT('',(-1.56,8.6,5.4));
#2539 = VECTOR('',#2540,1.);
#2540 = DIRECTION('',(0.,0.,-1.));
#2541 = ORIENTED_EDGE('',*,*,#2542,.T.);
#2542 = EDGE_CURVE('',#2535,#2543,#2545,.T.);
#2543 = VERTEX_POINT('',#2544);
#2544 = CARTESIAN_POINT('',(-1.56,7.4,6.8));
#2545 = LINE('',#2546,#2547);
#2546 = CARTESIAN_POINT('',(-1.56,-5.22,6.8));
#2547 = VECTOR('',#2548,1.);
#2548 = DIRECTION('',(0.,-1.,0.));
#2549 = ORIENTED_EDGE('',*,*,#2550,.F.);
#2550 = EDGE_CURVE('',#2551,#2543,#2553,.T.);
#2551 = VERTEX_POINT('',#2552);
#2552 = CARTESIAN_POINT('',(-1.56,7.4,8.));
#2553 = LINE('',#2554,#2555);
#2554 = CARTESIAN_POINT('',(-1.56,7.4,5.4));
#2555 = VECTOR('',#2556,1.);
#2556 = DIRECTION('',(0.,0.,-1.));
#2557 = ORIENTED_EDGE('',*,*,#2558,.F.);
#2558 = EDGE_CURVE('',#2559,#2551,#2561,.T.);
#2559 = VERTEX_POINT('',#2560);
#2560 = CARTESIAN_POINT('',(-1.56,0.6,8.));
#2561 = LINE('',#2562,#2563);
#2562 = CARTESIAN_POINT('',(-1.56,-30.44,8.));
#2563 = VECTOR('',#2564,1.);
#2564 = DIRECTION('',(0.,1.,0.));
#2565 = ORIENTED_EDGE('',*,*,#2566,.T.);
#2566 = EDGE_CURVE('',#2559,#2567,#2569,.T.);
#2567 = VERTEX_POINT('',#2568);
#2568 = CARTESIAN_POINT('',(-1.56,0.6,6.8));
#2569 = LINE('',#2570,#2571);
#2570 = CARTESIAN_POINT('',(-1.56,0.6,5.4));
#2571 = VECTOR('',#2572,1.);
#2572 = DIRECTION('',(0.,0.,-1.));
#2573 = ORIENTED_EDGE('',*,*,#2574,.T.);
#2574 = EDGE_CURVE('',#2567,#2575,#2577,.T.);
#2575 = VERTEX_POINT('',#2576);
#2576 = CARTESIAN_POINT('',(-1.56,-0.6,6.8));
#2577 = LINE('',#2578,#2579);
#2578 = CARTESIAN_POINT('',(-1.56,-5.22,6.8));
#2579 = VECTOR('',#2580,1.);
#2580 = DIRECTION('',(0.,-1.,0.));
#2581 = ORIENTED_EDGE('',*,*,#2582,.F.);
#2582 = EDGE_CURVE('',#2583,#2575,#2585,.T.);
#2583 = VERTEX_POINT('',#2584);
#2584 = CARTESIAN_POINT('',(-1.56,-0.6,8.));
#2585 = LINE('',#2586,#2587);
#2586 = CARTESIAN_POINT('',(-1.56,-0.6,5.4));
#2587 = VECTOR('',#2588,1.);
#2588 = DIRECTION('',(0.,0.,-1.));
#2589 = ORIENTED_EDGE('',*,*,#2590,.F.);
#2590 = EDGE_CURVE('',#2591,#2583,#2593,.T.);
#2591 = VERTEX_POINT('',#2592);
#2592 = CARTESIAN_POINT('',(-1.56,-7.4,8.));
#2593 = LINE('',#2594,#2595);
#2594 = CARTESIAN_POINT('',(-1.56,-30.44,8.));
#2595 = VECTOR('',#2596,1.);
#2596 = DIRECTION('',(0.,1.,0.));
#2597 = ORIENTED_EDGE('',*,*,#2598,.T.);
#2598 = EDGE_CURVE('',#2591,#2599,#2601,.T.);
#2599 = VERTEX_POINT('',#2600);
#2600 = CARTESIAN_POINT('',(-1.56,-7.4,6.8));
#2601 = LINE('',#2602,#2603);
#2602 = CARTESIAN_POINT('',(-1.56,-7.4,5.4));
#2603 = VECTOR('',#2604,1.);
#2604 = DIRECTION('',(0.,0.,-1.));
#2605 = ORIENTED_EDGE('',*,*,#2606,.T.);
#2606 = EDGE_CURVE('',#2599,#2607,#2609,.T.);
#2607 = VERTEX_POINT('',#2608);
#2608 = CARTESIAN_POINT('',(-1.56,-8.6,6.8));
#2609 = LINE('',#2610,#2611);
#2610 = CARTESIAN_POINT('',(-1.56,-5.22,6.8));
#2611 = VECTOR('',#2612,1.);
#2612 = DIRECTION('',(0.,-1.,0.));
#2613 = ORIENTED_EDGE('',*,*,#2614,.F.);
#2614 = EDGE_CURVE('',#2615,#2607,#2617,.T.);
#2615 = VERTEX_POINT('',#2616);
#2616 = CARTESIAN_POINT('',(-1.56,-8.6,8.));
#2617 = LINE('',#2618,#2619);
#2618 = CARTESIAN_POINT('',(-1.56,-8.6,5.4));
#2619 = VECTOR('',#2620,1.);
#2620 = DIRECTION('',(0.,0.,-1.));
#2621 = ORIENTED_EDGE('',*,*,#2622,.F.);
#2622 = EDGE_CURVE('',#2623,#2615,#2625,.T.);
#2623 = VERTEX_POINT('',#2624);
#2624 = CARTESIAN_POINT('',(-1.56,-15.4,8.));
#2625 = LINE('',#2626,#2627);
#2626 = CARTESIAN_POINT('',(-1.56,-30.44,8.));
#2627 = VECTOR('',#2628,1.);
#2628 = DIRECTION('',(0.,1.,0.));
#2629 = ORIENTED_EDGE('',*,*,#2630,.T.);
#2630 = EDGE_CURVE('',#2623,#2631,#2633,.T.);
#2631 = VERTEX_POINT('',#2632);
#2632 = CARTESIAN_POINT('',(-1.56,-15.4,6.8));
#2633 = LINE('',#2634,#2635);
#2634 = CARTESIAN_POINT('',(-1.56,-15.4,5.4));
#2635 = VECTOR('',#2636,1.);
#2636 = DIRECTION('',(0.,0.,-1.));
#2637 = ORIENTED_EDGE('',*,*,#2638,.T.);
#2638 = EDGE_CURVE('',#2631,#2639,#2641,.T.);
#2639 = VERTEX_POINT('',#2640);
#2640 = CARTESIAN_POINT('',(-1.56,-16.6,6.8));
#2641 = LINE('',#2642,#2643);
#2642 = CARTESIAN_POINT('',(-1.56,-5.22,6.8));
#2643 = VECTOR('',#2644,1.);
#2644 = DIRECTION('',(0.,-1.,0.));
#2645 = ORIENTED_EDGE('',*,*,#2646,.F.);
#2646 = EDGE_CURVE('',#2647,#2639,#2649,.T.);
#2647 = VERTEX_POINT('',#2648);
#2648 = CARTESIAN_POINT('',(-1.56,-16.6,8.));
#2649 = LINE('',#2650,#2651);
#2650 = CARTESIAN_POINT('',(-1.56,-16.6,5.4));
#2651 = VECTOR('',#2652,1.);
#2652 = DIRECTION('',(0.,0.,-1.));
#2653 = ORIENTED_EDGE('',*,*,#2654,.F.);
#2654 = EDGE_CURVE('',#2655,#2647,#2657,.T.);
#2655 = VERTEX_POINT('',#2656);
#2656 = CARTESIAN_POINT('',(-1.56,-23.4,8.));
#2657 = LINE('',#2658,#2659);
#2658 = CARTESIAN_POINT('',(-1.56,-30.44,8.));
#2659 = VECTOR('',#2660,1.);
#2660 = DIRECTION('',(0.,1.,0.));
#2661 = ORIENTED_EDGE('',*,*,#2662,.T.);
#2662 = EDGE_CURVE('',#2655,#2663,#2665,.T.);
#2663 = VERTEX_POINT('',#2664);
#2664 = CARTESIAN_POINT('',(-1.56,-23.4,6.8));
#2665 = LINE('',#2666,#2667);
#2666 = CARTESIAN_POINT('',(-1.56,-23.4,5.4));
#2667 = VECTOR('',#2668,1.);
#2668 = DIRECTION('',(0.,0.,-1.));
#2669 = ORIENTED_EDGE('',*,*,#2670,.T.);
#2670 = EDGE_CURVE('',#2663,#2671,#2673,.T.);
#2671 = VERTEX_POINT('',#2672);
#2672 = CARTESIAN_POINT('',(-1.56,-24.6,6.8));
#2673 = LINE('',#2674,#2675);
#2674 = CARTESIAN_POINT('',(-1.56,-5.22,6.8));
#2675 = VECTOR('',#2676,1.);
#2676 = DIRECTION('',(0.,-1.,0.));
#2677 = ORIENTED_EDGE('',*,*,#2678,.F.);
#2678 = EDGE_CURVE('',#2679,#2671,#2681,.T.);
#2679 = VERTEX_POINT('',#2680);
#2680 = CARTESIAN_POINT('',(-1.56,-24.6,8.));
#2681 = LINE('',#2682,#2683);
#2682 = CARTESIAN_POINT('',(-1.56,-24.6,5.4));
#2683 = VECTOR('',#2684,1.);
#2684 = DIRECTION('',(0.,0.,-1.));
#2685 = ORIENTED_EDGE('',*,*,#2686,.F.);
#2686 = EDGE_CURVE('',#2508,#2679,#2687,.T.);
#2687 = LINE('',#2688,#2689);
#2688 = CARTESIAN_POINT('',(-1.56,-30.44,8.));
#2689 = VECTOR('',#2690,1.);
#2690 = DIRECTION('',(0.,1.,0.));
#2691 = PLANE('',#2692);
#2692 = AXIS2_PLACEMENT_3D('',#2693,#2694,#2695);
#2693 = CARTESIAN_POINT('',(-1.56,-10.44,4.));
#2694 = DIRECTION('',(1.,0.,0.));
#2695 = DIRECTION('',(0.,0.,1.));
#2696 = ADVANCED_FACE('',(#2697),#2708,.T.);
#2697 = FACE_BOUND('',#2698,.T.);
#2698 = EDGE_LOOP('',(#2699,#2700,#2701,#2707));
#2699 = ORIENTED_EDGE('',*,*,#1900,.F.);
#2700 = ORIENTED_EDGE('',*,*,#1988,.T.);
#2701 = ORIENTED_EDGE('',*,*,#2702,.T.);
#2702 = EDGE_CURVE('',#1989,#2508,#2703,.T.);
#2703 = LINE('',#2704,#2705);
#2704 = CARTESIAN_POINT('',(-6.44,-30.44,8.));
#2705 = VECTOR('',#2706,1.);
#2706 = DIRECTION('',(1.,0.,0.));
#2707 = ORIENTED_EDGE('',*,*,#2507,.F.);
#2708 = PLANE('',#2709);
#2709 = AXIS2_PLACEMENT_3D('',#2710,#2711,#2712);
#2710 = CARTESIAN_POINT('',(-6.44,-30.44,0.));
#2711 = DIRECTION('',(0.,1.,0.));
#2712 = DIRECTION('',(0.,0.,1.));
#2713 = ADVANCED_FACE('',(#2714),#2725,.F.);
#2714 = FACE_BOUND('',#2715,.F.);
#2715 = EDGE_LOOP('',(#2716,#2717,#2723,#2724));
#2716 = ORIENTED_EDGE('',*,*,#2220,.F.);
#2717 = ORIENTED_EDGE('',*,*,#2718,.T.);
#2718 = EDGE_CURVE('',#2213,#2294,#2719,.T.);
#2719 = LINE('',#2720,#2721);
#2720 = CARTESIAN_POINT('',(-7.9,24.6,8.));
#2721 = VECTOR('',#2722,1.);
#2722 = DIRECTION('',(1.,0.,0.));
#2723 = ORIENTED_EDGE('',*,*,#2293,.T.);
#2724 = ORIENTED_EDGE('',*,*,#2258,.F.);
#2725 = PLANE('',#2726);
#2726 = AXIS2_PLACEMENT_3D('',#2727,#2728,#2729);
#2727 = CARTESIAN_POINT('',(-3.036876355748,1.301518438178,8.));
#2728 = DIRECTION('',(0.,0.,1.));
#2729 = DIRECTION('',(1.,0.,0.));
#2730 = ADVANCED_FACE('',(#2731),#2742,.T.);
#2731 = FACE_BOUND('',#2732,.T.);
#2732 = EDGE_LOOP('',(#2733,#2739,#2740,#2741));
#2733 = ORIENTED_EDGE('',*,*,#2734,.F.);
#2734 = EDGE_CURVE('',#2205,#2302,#2735,.T.);
#2735 = LINE('',#2736,#2737);
#2736 = CARTESIAN_POINT('',(-7.9,24.6,6.8));
#2737 = VECTOR('',#2738,1.);
#2738 = DIRECTION('',(1.,0.,0.));
#2739 = ORIENTED_EDGE('',*,*,#2212,.T.);
#2740 = ORIENTED_EDGE('',*,*,#2718,.T.);
#2741 = ORIENTED_EDGE('',*,*,#2301,.T.);
#2742 = PLANE('',#2743);
#2743 = AXIS2_PLACEMENT_3D('',#2744,#2745,#2746);
#2744 = CARTESIAN_POINT('',(-7.9,24.6,6.8));
#2745 = DIRECTION('',(0.,1.,0.));
#2746 = DIRECTION('',(0.,0.,1.));
#2747 = ADVANCED_FACE('',(#2748),#2759,.T.);
#2748 = FACE_BOUND('',#2749,.T.);
#2749 = EDGE_LOOP('',(#2750,#2751,#2757,#2758));
#2750 = ORIENTED_EDGE('',*,*,#2309,.T.);
#2751 = ORIENTED_EDGE('',*,*,#2752,.F.);
#2752 = EDGE_CURVE('',#2197,#2310,#2753,.T.);
#2753 = LINE('',#2754,#2755);
#2754 = CARTESIAN_POINT('',(-7.9,23.4,6.8));
#2755 = VECTOR('',#2756,1.);
#2756 = DIRECTION('',(1.,0.,0.));
#2757 = ORIENTED_EDGE('',*,*,#2204,.T.);
#2758 = ORIENTED_EDGE('',*,*,#2734,.T.);
#2759 = PLANE('',#2760);
#2760 = AXIS2_PLACEMENT_3D('',#2761,#2762,#2763);
#2761 = CARTESIAN_POINT('',(-1.726423363652E-16,-2.443553068553E-15,6.8)
  );
#2762 = DIRECTION('',(-0.,-0.,-1.));
#2763 = DIRECTION('',(-1.,0.,0.));
#2764 = ADVANCED_FACE('',(#2765),#2776,.F.);
#2765 = FACE_BOUND('',#2766,.F.);
#2766 = EDGE_LOOP('',(#2767,#2768,#2769,#2775));
#2767 = ORIENTED_EDGE('',*,*,#2752,.F.);
#2768 = ORIENTED_EDGE('',*,*,#2196,.T.);
#2769 = ORIENTED_EDGE('',*,*,#2770,.T.);
#2770 = EDGE_CURVE('',#2189,#2318,#2771,.T.);
#2771 = LINE('',#2772,#2773);
#2772 = CARTESIAN_POINT('',(-7.9,23.4,8.));
#2773 = VECTOR('',#2774,1.);
#2774 = DIRECTION('',(1.,0.,0.));
#2775 = ORIENTED_EDGE('',*,*,#2317,.T.);
#2776 = PLANE('',#2777);
#2777 = AXIS2_PLACEMENT_3D('',#2778,#2779,#2780);
#2778 = CARTESIAN_POINT('',(-7.9,23.4,6.8));
#2779 = DIRECTION('',(0.,1.,0.));
#2780 = DIRECTION('',(0.,0.,1.));
#2781 = ADVANCED_FACE('',(#2782),#2793,.F.);
#2782 = FACE_BOUND('',#2783,.F.);
#2783 = EDGE_LOOP('',(#2784,#2785,#2791,#2792));
#2784 = ORIENTED_EDGE('',*,*,#2188,.F.);
#2785 = ORIENTED_EDGE('',*,*,#2786,.T.);
#2786 = EDGE_CURVE('',#2181,#2326,#2787,.T.);
#2787 = LINE('',#2788,#2789);
#2788 = CARTESIAN_POINT('',(-7.9,16.6,8.));
#2789 = VECTOR('',#2790,1.);
#2790 = DIRECTION('',(1.,0.,0.));
#2791 = ORIENTED_EDGE('',*,*,#2325,.T.);
#2792 = ORIENTED_EDGE('',*,*,#2770,.F.);
#2793 = PLANE('',#2794);
#2794 = AXIS2_PLACEMENT_3D('',#2795,#2796,#2797);
#2795 = CARTESIAN_POINT('',(-3.036876355748,1.301518438178,8.));
#2796 = DIRECTION('',(0.,0.,1.));
#2797 = DIRECTION('',(1.,0.,0.));
#2798 = ADVANCED_FACE('',(#2799),#2810,.T.);
#2799 = FACE_BOUND('',#2800,.T.);
#2800 = EDGE_LOOP('',(#2801,#2807,#2808,#2809));
#2801 = ORIENTED_EDGE('',*,*,#2802,.F.);
#2802 = EDGE_CURVE('',#2173,#2334,#2803,.T.);
#2803 = LINE('',#2804,#2805);
#2804 = CARTESIAN_POINT('',(-7.9,16.6,6.8));
#2805 = VECTOR('',#2806,1.);
#2806 = DIRECTION('',(1.,0.,0.));
#2807 = ORIENTED_EDGE('',*,*,#2180,.T.);
#2808 = ORIENTED_EDGE('',*,*,#2786,.T.);
#2809 = ORIENTED_EDGE('',*,*,#2333,.T.);
#2810 = PLANE('',#2811);
#2811 = AXIS2_PLACEMENT_3D('',#2812,#2813,#2814);
#2812 = CARTESIAN_POINT('',(-7.9,16.6,6.8));
#2813 = DIRECTION('',(0.,1.,0.));
#2814 = DIRECTION('',(0.,0.,1.));
#2815 = ADVANCED_FACE('',(#2816),#2827,.T.);
#2816 = FACE_BOUND('',#2817,.T.);
#2817 = EDGE_LOOP('',(#2818,#2819,#2825,#2826));
#2818 = ORIENTED_EDGE('',*,*,#2341,.T.);
#2819 = ORIENTED_EDGE('',*,*,#2820,.F.);
#2820 = EDGE_CURVE('',#2165,#2342,#2821,.T.);
#2821 = LINE('',#2822,#2823);
#2822 = CARTESIAN_POINT('',(-7.9,15.4,6.8));
#2823 = VECTOR('',#2824,1.);
#2824 = DIRECTION('',(1.,0.,0.));
#2825 = ORIENTED_EDGE('',*,*,#2172,.T.);
#2826 = ORIENTED_EDGE('',*,*,#2802,.T.);
#2827 = PLANE('',#2828);
#2828 = AXIS2_PLACEMENT_3D('',#2829,#2830,#2831);
#2829 = CARTESIAN_POINT('',(-1.726423363652E-16,-2.443553068553E-15,6.8)
  );
#2830 = DIRECTION('',(-0.,-0.,-1.));
#2831 = DIRECTION('',(-1.,0.,0.));
#2832 = ADVANCED_FACE('',(#2833),#2844,.F.);
#2833 = FACE_BOUND('',#2834,.F.);
#2834 = EDGE_LOOP('',(#2835,#2836,#2837,#2843));
#2835 = ORIENTED_EDGE('',*,*,#2820,.F.);
#2836 = ORIENTED_EDGE('',*,*,#2164,.T.);
#2837 = ORIENTED_EDGE('',*,*,#2838,.T.);
#2838 = EDGE_CURVE('',#2157,#2350,#2839,.T.);
#2839 = LINE('',#2840,#2841);
#2840 = CARTESIAN_POINT('',(-7.9,15.4,8.));
#2841 = VECTOR('',#2842,1.);
#2842 = DIRECTION('',(1.,0.,0.));
#2843 = ORIENTED_EDGE('',*,*,#2349,.T.);
#2844 = PLANE('',#2845);
#2845 = AXIS2_PLACEMENT_3D('',#2846,#2847,#2848);
#2846 = CARTESIAN_POINT('',(-7.9,15.4,6.8));
#2847 = DIRECTION('',(0.,1.,0.));
#2848 = DIRECTION('',(0.,0.,1.));
#2849 = ADVANCED_FACE('',(#2850),#2870,.F.);
#2850 = FACE_BOUND('',#2851,.F.);
#2851 = EDGE_LOOP('',(#2852,#2853,#2859,#2860,#2861,#2867,#2868,#2869));
#2852 = ORIENTED_EDGE('',*,*,#2156,.F.);
#2853 = ORIENTED_EDGE('',*,*,#2854,.T.);
#2854 = EDGE_CURVE('',#2149,#2527,#2855,.T.);
#2855 = LINE('',#2856,#2857);
#2856 = CARTESIAN_POINT('',(-7.9,8.6,8.));
#2857 = VECTOR('',#2858,1.);
#2858 = DIRECTION('',(1.,0.,0.));
#2859 = ORIENTED_EDGE('',*,*,#2526,.T.);
#2860 = ORIENTED_EDGE('',*,*,#2460,.T.);
#2861 = ORIENTED_EDGE('',*,*,#2862,.T.);
#2862 = EDGE_CURVE('',#2461,#2374,#2863,.T.);
#2863 = LINE('',#2864,#2865);
#2864 = CARTESIAN_POINT('',(-0.6,-31.9,8.));
#2865 = VECTOR('',#2866,1.);
#2866 = DIRECTION('',(0.,1.,0.));
#2867 = ORIENTED_EDGE('',*,*,#2373,.F.);
#2868 = ORIENTED_EDGE('',*,*,#2357,.T.);
#2869 = ORIENTED_EDGE('',*,*,#2838,.F.);
#2870 = PLANE('',#2871);
#2871 = AXIS2_PLACEMENT_3D('',#2872,#2873,#2874);
#2872 = CARTESIAN_POINT('',(-3.036876355748,1.301518438178,8.));
#2873 = DIRECTION('',(0.,0.,1.));
#2874 = DIRECTION('',(1.,0.,0.));
#2875 = ADVANCED_FACE('',(#2876),#2887,.T.);
#2876 = FACE_BOUND('',#2877,.T.);
#2877 = EDGE_LOOP('',(#2878,#2884,#2885,#2886));
#2878 = ORIENTED_EDGE('',*,*,#2879,.F.);
#2879 = EDGE_CURVE('',#2141,#2535,#2880,.T.);
#2880 = LINE('',#2881,#2882);
#2881 = CARTESIAN_POINT('',(-7.9,8.6,6.8));
#2882 = VECTOR('',#2883,1.);
#2883 = DIRECTION('',(1.,0.,0.));
#2884 = ORIENTED_EDGE('',*,*,#2148,.T.);
#2885 = ORIENTED_EDGE('',*,*,#2854,.T.);
#2886 = ORIENTED_EDGE('',*,*,#2534,.T.);
#2887 = PLANE('',#2888);
#2888 = AXIS2_PLACEMENT_3D('',#2889,#2890,#2891);
#2889 = CARTESIAN_POINT('',(-7.9,8.6,6.8));
#2890 = DIRECTION('',(0.,1.,0.));
#2891 = DIRECTION('',(0.,0.,1.));
#2892 = ADVANCED_FACE('',(#2893),#2904,.T.);
#2893 = FACE_BOUND('',#2894,.T.);
#2894 = EDGE_LOOP('',(#2895,#2896,#2902,#2903));
#2895 = ORIENTED_EDGE('',*,*,#2542,.T.);
#2896 = ORIENTED_EDGE('',*,*,#2897,.F.);
#2897 = EDGE_CURVE('',#2133,#2543,#2898,.T.);
#2898 = LINE('',#2899,#2900);
#2899 = CARTESIAN_POINT('',(-7.9,7.4,6.8));
#2900 = VECTOR('',#2901,1.);
#2901 = DIRECTION('',(1.,0.,0.));
#2902 = ORIENTED_EDGE('',*,*,#2140,.T.);
#2903 = ORIENTED_EDGE('',*,*,#2879,.T.);
#2904 = PLANE('',#2905);
#2905 = AXIS2_PLACEMENT_3D('',#2906,#2907,#2908);
#2906 = CARTESIAN_POINT('',(-1.726423363652E-16,-2.443553068553E-15,6.8)
  );
#2907 = DIRECTION('',(-0.,-0.,-1.));
#2908 = DIRECTION('',(-1.,0.,0.));
#2909 = ADVANCED_FACE('',(#2910),#2921,.F.);
#2910 = FACE_BOUND('',#2911,.F.);
#2911 = EDGE_LOOP('',(#2912,#2913,#2914,#2920));
#2912 = ORIENTED_EDGE('',*,*,#2897,.F.);
#2913 = ORIENTED_EDGE('',*,*,#2132,.T.);
#2914 = ORIENTED_EDGE('',*,*,#2915,.T.);
#2915 = EDGE_CURVE('',#2125,#2551,#2916,.T.);
#2916 = LINE('',#2917,#2918);
#2917 = CARTESIAN_POINT('',(-7.9,7.4,8.));
#2918 = VECTOR('',#2919,1.);
#2919 = DIRECTION('',(1.,0.,0.));
#2920 = ORIENTED_EDGE('',*,*,#2550,.T.);
#2921 = PLANE('',#2922);
#2922 = AXIS2_PLACEMENT_3D('',#2923,#2924,#2925);
#2923 = CARTESIAN_POINT('',(-7.9,7.4,6.8));
#2924 = DIRECTION('',(0.,1.,0.));
#2925 = DIRECTION('',(0.,0.,1.));
#2926 = ADVANCED_FACE('',(#2927),#2938,.F.);
#2927 = FACE_BOUND('',#2928,.F.);
#2928 = EDGE_LOOP('',(#2929,#2930,#2936,#2937));
#2929 = ORIENTED_EDGE('',*,*,#2124,.F.);
#2930 = ORIENTED_EDGE('',*,*,#2931,.T.);
#2931 = EDGE_CURVE('',#2117,#2559,#2932,.T.);
#2932 = LINE('',#2933,#2934);
#2933 = CARTESIAN_POINT('',(-7.9,0.6,8.));
#2934 = VECTOR('',#2935,1.);
#2935 = DIRECTION('',(1.,0.,0.));
#2936 = ORIENTED_EDGE('',*,*,#2558,.T.);
#2937 = ORIENTED_EDGE('',*,*,#2915,.F.);
#2938 = PLANE('',#2939);
#2939 = AXIS2_PLACEMENT_3D('',#2940,#2941,#2942);
#2940 = CARTESIAN_POINT('',(-3.036876355748,1.301518438178,8.));
#2941 = DIRECTION('',(0.,0.,1.));
#2942 = DIRECTION('',(1.,0.,0.));
#2943 = ADVANCED_FACE('',(#2944),#2955,.T.);
#2944 = FACE_BOUND('',#2945,.T.);
#2945 = EDGE_LOOP('',(#2946,#2952,#2953,#2954));
#2946 = ORIENTED_EDGE('',*,*,#2947,.F.);
#2947 = EDGE_CURVE('',#2109,#2567,#2948,.T.);
#2948 = LINE('',#2949,#2950);
#2949 = CARTESIAN_POINT('',(-7.9,0.6,6.8));
#2950 = VECTOR('',#2951,1.);
#2951 = DIRECTION('',(1.,0.,0.));
#2952 = ORIENTED_EDGE('',*,*,#2116,.T.);
#2953 = ORIENTED_EDGE('',*,*,#2931,.T.);
#2954 = ORIENTED_EDGE('',*,*,#2566,.T.);
#2955 = PLANE('',#2956);
#2956 = AXIS2_PLACEMENT_3D('',#2957,#2958,#2959);
#2957 = CARTESIAN_POINT('',(-7.9,0.6,6.8));
#2958 = DIRECTION('',(0.,1.,0.));
#2959 = DIRECTION('',(0.,0.,1.));
#2960 = ADVANCED_FACE('',(#2961),#2972,.T.);
#2961 = FACE_BOUND('',#2962,.T.);
#2962 = EDGE_LOOP('',(#2963,#2964,#2970,#2971));
#2963 = ORIENTED_EDGE('',*,*,#2574,.T.);
#2964 = ORIENTED_EDGE('',*,*,#2965,.F.);
#2965 = EDGE_CURVE('',#2101,#2575,#2966,.T.);
#2966 = LINE('',#2967,#2968);
#2967 = CARTESIAN_POINT('',(-7.9,-0.6,6.8));
#2968 = VECTOR('',#2969,1.);
#2969 = DIRECTION('',(1.,0.,0.));
#2970 = ORIENTED_EDGE('',*,*,#2108,.T.);
#2971 = ORIENTED_EDGE('',*,*,#2947,.T.);
#2972 = PLANE('',#2973);
#2973 = AXIS2_PLACEMENT_3D('',#2974,#2975,#2976);
#2974 = CARTESIAN_POINT('',(-1.726423363652E-16,-2.443553068553E-15,6.8)
  );
#2975 = DIRECTION('',(-0.,-0.,-1.));
#2976 = DIRECTION('',(-1.,0.,0.));
#2977 = ADVANCED_FACE('',(#2978),#2989,.F.);
#2978 = FACE_BOUND('',#2979,.F.);
#2979 = EDGE_LOOP('',(#2980,#2981,#2982,#2988));
#2980 = ORIENTED_EDGE('',*,*,#2965,.F.);
#2981 = ORIENTED_EDGE('',*,*,#2100,.T.);
#2982 = ORIENTED_EDGE('',*,*,#2983,.T.);
#2983 = EDGE_CURVE('',#2093,#2583,#2984,.T.);
#2984 = LINE('',#2985,#2986);
#2985 = CARTESIAN_POINT('',(-7.9,-0.6,8.));
#2986 = VECTOR('',#2987,1.);
#2987 = DIRECTION('',(1.,0.,0.));
#2988 = ORIENTED_EDGE('',*,*,#2582,.T.);
#2989 = PLANE('',#2990);
#2990 = AXIS2_PLACEMENT_3D('',#2991,#2992,#2993);
#2991 = CARTESIAN_POINT('',(-7.9,-0.6,6.8));
#2992 = DIRECTION('',(0.,1.,0.));
#2993 = DIRECTION('',(0.,0.,1.));
#2994 = ADVANCED_FACE('',(#2995),#3006,.F.);
#2995 = FACE_BOUND('',#2996,.F.);
#2996 = EDGE_LOOP('',(#2997,#2998,#3004,#3005));
#2997 = ORIENTED_EDGE('',*,*,#2092,.F.);
#2998 = ORIENTED_EDGE('',*,*,#2999,.T.);
#2999 = EDGE_CURVE('',#2085,#2591,#3000,.T.);
#3000 = LINE('',#3001,#3002);
#3001 = CARTESIAN_POINT('',(-7.9,-7.4,8.));
#3002 = VECTOR('',#3003,1.);
#3003 = DIRECTION('',(1.,0.,0.));
#3004 = ORIENTED_EDGE('',*,*,#2590,.T.);
#3005 = ORIENTED_EDGE('',*,*,#2983,.F.);
#3006 = PLANE('',#3007);
#3007 = AXIS2_PLACEMENT_3D('',#3008,#3009,#3010);
#3008 = CARTESIAN_POINT('',(-3.036876355748,1.301518438178,8.));
#3009 = DIRECTION('',(0.,0.,1.));
#3010 = DIRECTION('',(1.,0.,0.));
#3011 = ADVANCED_FACE('',(#3012),#3023,.T.);
#3012 = FACE_BOUND('',#3013,.T.);
#3013 = EDGE_LOOP('',(#3014,#3020,#3021,#3022));
#3014 = ORIENTED_EDGE('',*,*,#3015,.F.);
#3015 = EDGE_CURVE('',#2077,#2599,#3016,.T.);
#3016 = LINE('',#3017,#3018);
#3017 = CARTESIAN_POINT('',(-7.9,-7.4,6.8));
#3018 = VECTOR('',#3019,1.);
#3019 = DIRECTION('',(1.,0.,0.));
#3020 = ORIENTED_EDGE('',*,*,#2084,.T.);
#3021 = ORIENTED_EDGE('',*,*,#2999,.T.);
#3022 = ORIENTED_EDGE('',*,*,#2598,.T.);
#3023 = PLANE('',#3024);
#3024 = AXIS2_PLACEMENT_3D('',#3025,#3026,#3027);
#3025 = CARTESIAN_POINT('',(-7.9,-7.4,6.8));
#3026 = DIRECTION('',(0.,1.,0.));
#3027 = DIRECTION('',(0.,0.,1.));
#3028 = ADVANCED_FACE('',(#3029),#3040,.T.);
#3029 = FACE_BOUND('',#3030,.T.);
#3030 = EDGE_LOOP('',(#3031,#3032,#3038,#3039));
#3031 = ORIENTED_EDGE('',*,*,#2606,.T.);
#3032 = ORIENTED_EDGE('',*,*,#3033,.F.);
#3033 = EDGE_CURVE('',#2069,#2607,#3034,.T.);
#3034 = LINE('',#3035,#3036);
#3035 = CARTESIAN_POINT('',(-7.9,-8.6,6.8));
#3036 = VECTOR('',#3037,1.);
#3037 = DIRECTION('',(1.,0.,0.));
#3038 = ORIENTED_EDGE('',*,*,#2076,.T.);
#3039 = ORIENTED_EDGE('',*,*,#3015,.T.);
#3040 = PLANE('',#3041);
#3041 = AXIS2_PLACEMENT_3D('',#3042,#3043,#3044);
#3042 = CARTESIAN_POINT('',(-1.726423363652E-16,-2.443553068553E-15,6.8)
  );
#3043 = DIRECTION('',(-0.,-0.,-1.));
#3044 = DIRECTION('',(-1.,0.,0.));
#3045 = ADVANCED_FACE('',(#3046),#3057,.F.);
#3046 = FACE_BOUND('',#3047,.F.);
#3047 = EDGE_LOOP('',(#3048,#3049,#3050,#3056));
#3048 = ORIENTED_EDGE('',*,*,#3033,.F.);
#3049 = ORIENTED_EDGE('',*,*,#2068,.T.);
#3050 = ORIENTED_EDGE('',*,*,#3051,.T.);
#3051 = EDGE_CURVE('',#2061,#2615,#3052,.T.);
#3052 = LINE('',#3053,#3054);
#3053 = CARTESIAN_POINT('',(-7.9,-8.6,8.));
#3054 = VECTOR('',#3055,1.);
#3055 = DIRECTION('',(1.,0.,0.));
#3056 = ORIENTED_EDGE('',*,*,#2614,.T.);
#3057 = PLANE('',#3058);
#3058 = AXIS2_PLACEMENT_3D('',#3059,#3060,#3061);
#3059 = CARTESIAN_POINT('',(-7.9,-8.6,6.8));
#3060 = DIRECTION('',(0.,1.,0.));
#3061 = DIRECTION('',(0.,0.,1.));
#3062 = ADVANCED_FACE('',(#3063),#3074,.F.);
#3063 = FACE_BOUND('',#3064,.F.);
#3064 = EDGE_LOOP('',(#3065,#3066,#3072,#3073));
#3065 = ORIENTED_EDGE('',*,*,#2060,.F.);
#3066 = ORIENTED_EDGE('',*,*,#3067,.T.);
#3067 = EDGE_CURVE('',#2053,#2623,#3068,.T.);
#3068 = LINE('',#3069,#3070);
#3069 = CARTESIAN_POINT('',(-7.9,-15.4,8.));
#3070 = VECTOR('',#3071,1.);
#3071 = DIRECTION('',(1.,0.,0.));
#3072 = ORIENTED_EDGE('',*,*,#2622,.T.);
#3073 = ORIENTED_EDGE('',*,*,#3051,.F.);
#3074 = PLANE('',#3075);
#3075 = AXIS2_PLACEMENT_3D('',#3076,#3077,#3078);
#3076 = CARTESIAN_POINT('',(-3.036876355748,1.301518438178,8.));
#3077 = DIRECTION('',(0.,0.,1.));
#3078 = DIRECTION('',(1.,0.,0.));
#3079 = ADVANCED_FACE('',(#3080),#3091,.T.);
#3080 = FACE_BOUND('',#3081,.T.);
#3081 = EDGE_LOOP('',(#3082,#3088,#3089,#3090));
#3082 = ORIENTED_EDGE('',*,*,#3083,.F.);
#3083 = EDGE_CURVE('',#2045,#2631,#3084,.T.);
#3084 = LINE('',#3085,#3086);
#3085 = CARTESIAN_POINT('',(-7.9,-15.4,6.8));
#3086 = VECTOR('',#3087,1.);
#3087 = DIRECTION('',(1.,0.,0.));
#3088 = ORIENTED_EDGE('',*,*,#2052,.T.);
#3089 = ORIENTED_EDGE('',*,*,#3067,.T.);
#3090 = ORIENTED_EDGE('',*,*,#2630,.T.);
#3091 = PLANE('',#3092);
#3092 = AXIS2_PLACEMENT_3D('',#3093,#3094,#3095);
#3093 = CARTESIAN_POINT('',(-7.9,-15.4,6.8));
#3094 = DIRECTION('',(0.,1.,0.));
#3095 = DIRECTION('',(0.,0.,1.));
#3096 = ADVANCED_FACE('',(#3097),#3108,.T.);
#3097 = FACE_BOUND('',#3098,.T.);
#3098 = EDGE_LOOP('',(#3099,#3100,#3106,#3107));
#3099 = ORIENTED_EDGE('',*,*,#2638,.T.);
#3100 = ORIENTED_EDGE('',*,*,#3101,.F.);
#3101 = EDGE_CURVE('',#2037,#2639,#3102,.T.);
#3102 = LINE('',#3103,#3104);
#3103 = CARTESIAN_POINT('',(-7.9,-16.6,6.8));
#3104 = VECTOR('',#3105,1.);
#3105 = DIRECTION('',(1.,0.,0.));
#3106 = ORIENTED_EDGE('',*,*,#2044,.T.);
#3107 = ORIENTED_EDGE('',*,*,#3083,.T.);
#3108 = PLANE('',#3109);
#3109 = AXIS2_PLACEMENT_3D('',#3110,#3111,#3112);
#3110 = CARTESIAN_POINT('',(-1.726423363652E-16,-2.443553068553E-15,6.8)
  );
#3111 = DIRECTION('',(-0.,-0.,-1.));
#3112 = DIRECTION('',(-1.,0.,0.));
#3113 = ADVANCED_FACE('',(#3114),#3125,.F.);
#3114 = FACE_BOUND('',#3115,.F.);
#3115 = EDGE_LOOP('',(#3116,#3117,#3118,#3124));
#3116 = ORIENTED_EDGE('',*,*,#3101,.F.);
#3117 = ORIENTED_EDGE('',*,*,#2036,.T.);
#3118 = ORIENTED_EDGE('',*,*,#3119,.T.);
#3119 = EDGE_CURVE('',#2029,#2647,#3120,.T.);
#3120 = LINE('',#3121,#3122);
#3121 = CARTESIAN_POINT('',(-7.9,-16.6,8.));
#3122 = VECTOR('',#3123,1.);
#3123 = DIRECTION('',(1.,0.,0.));
#3124 = ORIENTED_EDGE('',*,*,#2646,.T.);
#3125 = PLANE('',#3126);
#3126 = AXIS2_PLACEMENT_3D('',#3127,#3128,#3129);
#3127 = CARTESIAN_POINT('',(-7.9,-16.6,6.8));
#3128 = DIRECTION('',(0.,1.,0.));
#3129 = DIRECTION('',(0.,0.,1.));
#3130 = ADVANCED_FACE('',(#3131),#3142,.F.);
#3131 = FACE_BOUND('',#3132,.F.);
#3132 = EDGE_LOOP('',(#3133,#3134,#3140,#3141));
#3133 = ORIENTED_EDGE('',*,*,#2028,.F.);
#3134 = ORIENTED_EDGE('',*,*,#3135,.T.);
#3135 = EDGE_CURVE('',#2021,#2655,#3136,.T.);
#3136 = LINE('',#3137,#3138);
#3137 = CARTESIAN_POINT('',(-7.9,-23.4,8.));
#3138 = VECTOR('',#3139,1.);
#3139 = DIRECTION('',(1.,0.,0.));
#3140 = ORIENTED_EDGE('',*,*,#2654,.T.);
#3141 = ORIENTED_EDGE('',*,*,#3119,.F.);
#3142 = PLANE('',#3143);
#3143 = AXIS2_PLACEMENT_3D('',#3144,#3145,#3146);
#3144 = CARTESIAN_POINT('',(-3.036876355748,1.301518438178,8.));
#3145 = DIRECTION('',(0.,0.,1.));
#3146 = DIRECTION('',(1.,0.,0.));
#3147 = ADVANCED_FACE('',(#3148),#3159,.T.);
#3148 = FACE_BOUND('',#3149,.T.);
#3149 = EDGE_LOOP('',(#3150,#3156,#3157,#3158));
#3150 = ORIENTED_EDGE('',*,*,#3151,.F.);
#3151 = EDGE_CURVE('',#2013,#2663,#3152,.T.);
#3152 = LINE('',#3153,#3154);
#3153 = CARTESIAN_POINT('',(-7.9,-23.4,6.8));
#3154 = VECTOR('',#3155,1.);
#3155 = DIRECTION('',(1.,0.,0.));
#3156 = ORIENTED_EDGE('',*,*,#2020,.T.);
#3157 = ORIENTED_EDGE('',*,*,#3135,.T.);
#3158 = ORIENTED_EDGE('',*,*,#2662,.T.);
#3159 = PLANE('',#3160);
#3160 = AXIS2_PLACEMENT_3D('',#3161,#3162,#3163);
#3161 = CARTESIAN_POINT('',(-7.9,-23.4,6.8));
#3162 = DIRECTION('',(0.,1.,0.));
#3163 = DIRECTION('',(0.,0.,1.));
#3164 = ADVANCED_FACE('',(#3165),#3176,.T.);
#3165 = FACE_BOUND('',#3166,.T.);
#3166 = EDGE_LOOP('',(#3167,#3168,#3174,#3175));
#3167 = ORIENTED_EDGE('',*,*,#2670,.T.);
#3168 = ORIENTED_EDGE('',*,*,#3169,.F.);
#3169 = EDGE_CURVE('',#2005,#2671,#3170,.T.);
#3170 = LINE('',#3171,#3172);
#3171 = CARTESIAN_POINT('',(-7.9,-24.6,6.8));
#3172 = VECTOR('',#3173,1.);
#3173 = DIRECTION('',(1.,0.,0.));
#3174 = ORIENTED_EDGE('',*,*,#2012,.T.);
#3175 = ORIENTED_EDGE('',*,*,#3151,.T.);
#3176 = PLANE('',#3177);
#3177 = AXIS2_PLACEMENT_3D('',#3178,#3179,#3180);
#3178 = CARTESIAN_POINT('',(-1.726423363652E-16,-2.443553068553E-15,6.8)
  );
#3179 = DIRECTION('',(-0.,-0.,-1.));
#3180 = DIRECTION('',(-1.,0.,0.));
#3181 = ADVANCED_FACE('',(#3182),#3193,.F.);
#3182 = FACE_BOUND('',#3183,.F.);
#3183 = EDGE_LOOP('',(#3184,#3185,#3186,#3192));
#3184 = ORIENTED_EDGE('',*,*,#3169,.F.);
#3185 = ORIENTED_EDGE('',*,*,#2004,.T.);
#3186 = ORIENTED_EDGE('',*,*,#3187,.T.);
#3187 = EDGE_CURVE('',#1997,#2679,#3188,.T.);
#3188 = LINE('',#3189,#3190);
#3189 = CARTESIAN_POINT('',(-7.9,-24.6,8.));
#3190 = VECTOR('',#3191,1.);
#3191 = DIRECTION('',(1.,0.,0.));
#3192 = ORIENTED_EDGE('',*,*,#2678,.T.);
#3193 = PLANE('',#3194);
#3194 = AXIS2_PLACEMENT_3D('',#3195,#3196,#3197);
#3195 = CARTESIAN_POINT('',(-7.9,-24.6,6.8));
#3196 = DIRECTION('',(0.,1.,0.));
#3197 = DIRECTION('',(0.,0.,1.));
#3198 = ADVANCED_FACE('',(#3199),#3205,.F.);
#3199 = FACE_BOUND('',#3200,.F.);
#3200 = EDGE_LOOP('',(#3201,#3202,#3203,#3204));
#3201 = ORIENTED_EDGE('',*,*,#1996,.F.);
#3202 = ORIENTED_EDGE('',*,*,#2702,.T.);
#3203 = ORIENTED_EDGE('',*,*,#2686,.T.);
#3204 = ORIENTED_EDGE('',*,*,#3187,.F.);
#3205 = PLANE('',#3206);
#3206 = AXIS2_PLACEMENT_3D('',#3207,#3208,#3209);
#3207 = CARTESIAN_POINT('',(-3.036876355748,1.301518438178,8.));
#3208 = DIRECTION('',(0.,0.,1.));
#3209 = DIRECTION('',(1.,0.,0.));
#3210 = ADVANCED_FACE('',(#3211),#3222,.F.);
#3211 = FACE_BOUND('',#3212,.F.);
#3212 = EDGE_LOOP('',(#3213,#3219,#3220,#3221));
#3213 = ORIENTED_EDGE('',*,*,#3214,.F.);
#3214 = EDGE_CURVE('',#2485,#2398,#3215,.T.);
#3215 = LINE('',#3216,#3217);
#3216 = CARTESIAN_POINT('',(0.6,-31.9,8.));
#3217 = VECTOR('',#3218,1.);
#3218 = DIRECTION('',(0.,1.,0.));
#3219 = ORIENTED_EDGE('',*,*,#2492,.T.);
#3220 = ORIENTED_EDGE('',*,*,#2437,.T.);
#3221 = ORIENTED_EDGE('',*,*,#2405,.F.);
#3222 = PLANE('',#3223);
#3223 = AXIS2_PLACEMENT_3D('',#3224,#3225,#3226);
#3224 = CARTESIAN_POINT('',(-3.036876355748,1.301518438178,8.));
#3225 = DIRECTION('',(0.,0.,1.));
#3226 = DIRECTION('',(1.,0.,0.));
#3227 = ADVANCED_FACE('',(#3228),#3239,.T.);
#3228 = FACE_BOUND('',#3229,.T.);
#3229 = EDGE_LOOP('',(#3230,#3231,#3232,#3238));
#3230 = ORIENTED_EDGE('',*,*,#3214,.F.);
#3231 = ORIENTED_EDGE('',*,*,#2484,.F.);
#3232 = ORIENTED_EDGE('',*,*,#3233,.T.);
#3233 = EDGE_CURVE('',#2477,#2390,#3234,.T.);
#3234 = LINE('',#3235,#3236);
#3235 = CARTESIAN_POINT('',(0.6,-31.9,6.8));
#3236 = VECTOR('',#3237,1.);
#3237 = DIRECTION('',(0.,1.,0.));
#3238 = ORIENTED_EDGE('',*,*,#2397,.T.);
#3239 = PLANE('',#3240);
#3240 = AXIS2_PLACEMENT_3D('',#3241,#3242,#3243);
#3241 = CARTESIAN_POINT('',(0.6,-31.9,6.8));
#3242 = DIRECTION('',(1.,0.,0.));
#3243 = DIRECTION('',(0.,0.,1.));
#3244 = ADVANCED_FACE('',(#3245),#3256,.T.);
#3245 = FACE_BOUND('',#3246,.T.);
#3246 = EDGE_LOOP('',(#3247,#3248,#3254,#3255));
#3247 = ORIENTED_EDGE('',*,*,#2476,.F.);
#3248 = ORIENTED_EDGE('',*,*,#3249,.T.);
#3249 = EDGE_CURVE('',#2469,#2382,#3250,.T.);
#3250 = LINE('',#3251,#3252);
#3251 = CARTESIAN_POINT('',(-0.6,-31.9,6.8));
#3252 = VECTOR('',#3253,1.);
#3253 = DIRECTION('',(0.,1.,0.));
#3254 = ORIENTED_EDGE('',*,*,#2389,.T.);
#3255 = ORIENTED_EDGE('',*,*,#3233,.F.);
#3256 = PLANE('',#3257);
#3257 = AXIS2_PLACEMENT_3D('',#3258,#3259,#3260);
#3258 = CARTESIAN_POINT('',(-1.726423363652E-16,-2.443553068553E-15,6.8)
  );
#3259 = DIRECTION('',(-0.,-0.,-1.));
#3260 = DIRECTION('',(-1.,0.,0.));
#3261 = ADVANCED_FACE('',(#3262),#3268,.F.);
#3262 = FACE_BOUND('',#3263,.F.);
#3263 = EDGE_LOOP('',(#3264,#3265,#3266,#3267));
#3264 = ORIENTED_EDGE('',*,*,#2862,.F.);
#3265 = ORIENTED_EDGE('',*,*,#2468,.F.);
#3266 = ORIENTED_EDGE('',*,*,#3249,.T.);
#3267 = ORIENTED_EDGE('',*,*,#2381,.T.);
#3268 = PLANE('',#3269);
#3269 = AXIS2_PLACEMENT_3D('',#3270,#3271,#3272);
#3270 = CARTESIAN_POINT('',(-0.6,-31.9,6.8));
#3271 = DIRECTION('',(1.,0.,0.));
#3272 = DIRECTION('',(0.,0.,1.));
#3273 = ( GEOMETRIC_REPRESENTATION_CONTEXT(3) 
GLOBAL_UNCERTAINTY_ASSIGNED_CONTEXT((#3277)) 
GLOBAL_UNIT_ASSIGNED_CONTEXT((#3274,#3275,#3276)) REPRESENTATION_CONTEXT
('Context #1','3D Context with UNIT and UNCERTAINTY') );
#3274 = ( LENGTH_UNIT() NAMED_UNIT(*) SI_UNIT(.MILLI.,.METRE.) );
#3275 = ( NAMED_UNIT(*) PLANE_ANGLE_UNIT() SI_UNIT($,.RADIAN.) );
#3276 = ( NAMED_UNIT(*) SI_UNIT($,.STERADIAN.) SOLID_ANGLE_UNIT() );
#3277 = UNCERTAINTY_MEASURE_WITH_UNIT(LENGTH_MEASURE(1.E-05),#3274,
  'distance_accuracy_value','confusion accuracy');
#3278 = PRODUCT_RELATED_PRODUCT_CATEGORY('part',$,(#7));
ENDSEC;
END-ISO-10303-21;
