ISO-10303-21;
HEADER;
FILE_DESCRIPTION(('FreeCAD Model'),'2;1');
FILE_NAME('Open CASCADE Shape Model','2026-09-20T21:14:01',('FreeCAD'),(
    'FreeCAD'),'Open CASCADE STEP processor 7.8','FreeCAD','Unknown');
FILE_SCHEMA(('AUTOMOTIVE_DESIGN { 1 0 10303 214 1 1 1 1 }'));
ENDSEC;
DATA;
#1 = APPLICATION_PROTOCOL_DEFINITION('international standard',
  'automotive_design',2000,#2);
#2 = APPLICATION_CONTEXT(
  'core data for automotive mechanical design processes');
#3 = SHAPE_DEFINITION_REPRESENTATION(#4,#10);
#4 = PRODUCT_DEFINITION_SHAPE('','',#5);
#5 = PRODUCT_DEFINITION('design','',#6,#9);
#6 = PRODUCT_DEFINITION_FORMATION('','',#7);
#7 = PRODUCT('Open CASCADE STEP translator 7.8 95',
  'Open CASCADE STEP translator 7.8 95','',(#8));
#8 = PRODUCT_CONTEXT('',#2,'mechanical');
#9 = PRODUCT_DEFINITION_CONTEXT('part definition',#2,'design');
#10 = ADVANCED_BREP_SHAPE_REPRESENTATION('',(#11,#15),#6146);
#11 = AXIS2_PLACEMENT_3D('',#12,#13,#14);
#12 = CARTESIAN_POINT('',(0.,0.,0.));
#13 = DIRECTION('',(0.,0.,1.));
#14 = DIRECTION('',(1.,0.,-0.));
#15 = MANIFOLD_SOLID_BREP('',#16);
#16 = CLOSED_SHELL('',(#17,#50,#290,#315,#346,#370,#394,#418,#442,#466,
    #490,#507,#532,#557,#582,#607,#632,#657,#682,#707,#732,#757,#782,
    #807,#832,#857,#882,#891,#1117,#1142,#1167,#1192,#1217,#1242,#1267,
    #1292,#1317,#1342,#1367,#1392,#1417,#1442,#1467,#1492,#1521,#1544,
    #1567,#1590,#1613,#1636,#1659,#1682,#1705,#1728,#1751,#1774,#1797,
    #1820,#1843,#1866,#1889,#1912,#1935,#1958,#1981,#2004,#2027,#2050,
    #2073,#2090,#2099,#2108,#2117,#2126,#2135,#2144,#2153,#2162,#2171,
    #2180,#2189,#2198,#2207,#2216,#2225,#2426,#2482,#2539,#2627,#2685,
    #2773,#2898,#2947,#2980,#3004,#3029,#3053,#3095,#3119,#3144,#3168,
    #3210,#3234,#3259,#3283,#3325,#3349,#3374,#3398,#3440,#3464,#3489,
    #3513,#3539,#3572,#3596,#3621,#3638,#3705,#3729,#3763,#3780,#3813,
    #3837,#3862,#3886,#3928,#3952,#3977,#3994,#4027,#4051,#4085,#4102,
    #4126,#4151,#4175,#4217,#4241,#4266,#4290,#4350,#4383,#4407,#4441,
    #4465,#4507,#4531,#4565,#4589,#4631,#4655,#4689,#4706,#4730,#4755,
    #4772,#4833,#4857,#4959,#4983,#5057,#5081,#5155,#5179,#5233,#5250,
    #5339,#5356,#5417,#5434,#5451,#5468,#5485,#5502,#5519,#5544,#5556,
    #5581,#5594,#5606,#5631,#5643,#5668,#5680,#5705,#5730,#5743,#5768,
    #5788,#5808,#5828,#5848,#5868,#5888,#5908,#5933,#5958,#5983,#6008,
    #6033,#6058,#6083,#6092,#6101,#6110,#6119,#6128,#6137));
#17 = ADVANCED_FACE('',(#18),#45,.T.);
#18 = FACE_BOUND('',#19,.F.);
#19 = EDGE_LOOP('',(#20,#30,#37,#38));
#20 = ORIENTED_EDGE('',*,*,#21,.T.);
#21 = EDGE_CURVE('',#22,#24,#26,.T.);
#22 = VERTEX_POINT('',#23);
#23 = CARTESIAN_POINT('',(-9.6,-20.,9.6));
#24 = VERTEX_POINT('',#25);
#25 = CARTESIAN_POINT('',(-9.6,-20.,11.15));
#26 = LINE('',#27,#28);
#27 = CARTESIAN_POINT('',(-9.6,-20.,9.6));
#28 = VECTOR('',#29,1.);
#29 = DIRECTION('',(0.,0.,1.));
#30 = ORIENTED_EDGE('',*,*,#31,.T.);
#31 = EDGE_CURVE('',#24,#24,#32,.T.);
#32 = CIRCLE('',#33,2.4);
#33 = AXIS2_PLACEMENT_3D('',#34,#35,#36);
#34 = CARTESIAN_POINT('',(-12.,-20.,11.15));
#35 = DIRECTION('',(0.,0.,1.));
#36 = DIRECTION('',(1.,0.,0.));
#37 = ORIENTED_EDGE('',*,*,#21,.F.);
#38 = ORIENTED_EDGE('',*,*,#39,.F.);
#39 = EDGE_CURVE('',#22,#22,#40,.T.);
#40 = CIRCLE('',#41,2.4);
#41 = AXIS2_PLACEMENT_3D('',#42,#43,#44);
#42 = CARTESIAN_POINT('',(-12.,-20.,9.6));
#43 = DIRECTION('',(0.,0.,1.));
#44 = DIRECTION('',(1.,0.,0.));
#45 = CYLINDRICAL_SURFACE('',#46,2.4);
#46 = AXIS2_PLACEMENT_3D('',#47,#48,#49);
#47 = CARTESIAN_POINT('',(-12.,-20.,9.6));
#48 = DIRECTION('',(-0.,-0.,-1.));
#49 = DIRECTION('',(1.,0.,0.));
#50 = ADVANCED_FACE('',(#51,#117,#120,#131,#142,#153,#164,#175,#186,#197
    ,#208,#219,#230,#241,#252,#263,#274),#285,.T.);
#51 = FACE_BOUND('',#52,.T.);
#52 = EDGE_LOOP('',(#53,#63,#71,#79,#87,#95,#103,#111));
#53 = ORIENTED_EDGE('',*,*,#54,.F.);
#54 = EDGE_CURVE('',#55,#57,#59,.T.);
#55 = VERTEX_POINT('',#56);
#56 = CARTESIAN_POINT('',(-15.9,-23.9,9.6));
#57 = VERTEX_POINT('',#58);
#58 = CARTESIAN_POINT('',(-15.9,23.9,9.6));
#59 = LINE('',#60,#61);
#60 = CARTESIAN_POINT('',(-15.9,-23.9,9.6));
#61 = VECTOR('',#62,1.);
#62 = DIRECTION('',(0.,1.,0.));
#63 = ORIENTED_EDGE('',*,*,#64,.T.);
#64 = EDGE_CURVE('',#55,#65,#67,.T.);
#65 = VERTEX_POINT('',#66);
#66 = CARTESIAN_POINT('',(-1.E-01,-23.9,9.6));
#67 = LINE('',#68,#69);
#68 = CARTESIAN_POINT('',(-15.9,-23.9,9.6));
#69 = VECTOR('',#70,1.);
#70 = DIRECTION('',(1.,0.,0.));
#71 = ORIENTED_EDGE('',*,*,#72,.T.);
#72 = EDGE_CURVE('',#65,#73,#75,.T.);
#73 = VERTEX_POINT('',#74);
#74 = CARTESIAN_POINT('',(-1.E-01,1.E-01,9.6));
#75 = LINE('',#76,#77);
#76 = CARTESIAN_POINT('',(-1.E-01,-23.9,9.6));
#77 = VECTOR('',#78,1.);
#78 = DIRECTION('',(0.,1.,0.));
#79 = ORIENTED_EDGE('',*,*,#80,.T.);
#80 = EDGE_CURVE('',#73,#81,#83,.T.);
#81 = VERTEX_POINT('',#82);
#82 = CARTESIAN_POINT('',(15.9,0.1,9.6));
#83 = LINE('',#84,#85);
#84 = CARTESIAN_POINT('',(-15.9,0.1,9.6));
#85 = VECTOR('',#86,1.);
#86 = DIRECTION('',(1.,0.,0.));
#87 = ORIENTED_EDGE('',*,*,#88,.T.);
#88 = EDGE_CURVE('',#81,#89,#91,.T.);
#89 = VERTEX_POINT('',#90);
#90 = CARTESIAN_POINT('',(15.9,15.9,9.6));
#91 = LINE('',#92,#93);
#92 = CARTESIAN_POINT('',(15.9,0.1,9.6));
#93 = VECTOR('',#94,1.);
#94 = DIRECTION('',(0.,1.,0.));
#95 = ORIENTED_EDGE('',*,*,#96,.F.);
#96 = EDGE_CURVE('',#97,#89,#99,.T.);
#97 = VERTEX_POINT('',#98);
#98 = CARTESIAN_POINT('',(-1.E-01,15.9,9.6));
#99 = LINE('',#100,#101);
#100 = CARTESIAN_POINT('',(-15.9,15.9,9.6));
#101 = VECTOR('',#102,1.);
#102 = DIRECTION('',(1.,0.,0.));
#103 = ORIENTED_EDGE('',*,*,#104,.T.);
#104 = EDGE_CURVE('',#97,#105,#107,.T.);
#105 = VERTEX_POINT('',#106);
#106 = CARTESIAN_POINT('',(-1.E-01,23.9,9.6));
#107 = LINE('',#108,#109);
#108 = CARTESIAN_POINT('',(-1.E-01,15.9,9.6));
#109 = VECTOR('',#110,1.);
#110 = DIRECTION('',(0.,1.,0.));
#111 = ORIENTED_EDGE('',*,*,#112,.F.);
#112 = EDGE_CURVE('',#57,#105,#113,.T.);
#113 = LINE('',#114,#115);
#114 = CARTESIAN_POINT('',(-15.9,23.9,9.6));
#115 = VECTOR('',#116,1.);
#116 = DIRECTION('',(1.,0.,0.));
#117 = FACE_BOUND('',#118,.T.);
#118 = EDGE_LOOP('',(#119));
#119 = ORIENTED_EDGE('',*,*,#39,.F.);
#120 = FACE_BOUND('',#121,.T.);
#121 = EDGE_LOOP('',(#122));
#122 = ORIENTED_EDGE('',*,*,#123,.F.);
#123 = EDGE_CURVE('',#124,#124,#126,.T.);
#124 = VERTEX_POINT('',#125);
#125 = CARTESIAN_POINT('',(-9.6,-12.,9.6));
#126 = CIRCLE('',#127,2.4);
#127 = AXIS2_PLACEMENT_3D('',#128,#129,#130);
#128 = CARTESIAN_POINT('',(-12.,-12.,9.6));
#129 = DIRECTION('',(0.,0.,1.));
#130 = DIRECTION('',(1.,0.,0.));
#131 = FACE_BOUND('',#132,.T.);
#132 = EDGE_LOOP('',(#133));
#133 = ORIENTED_EDGE('',*,*,#134,.F.);
#134 = EDGE_CURVE('',#135,#135,#137,.T.);
#135 = VERTEX_POINT('',#136);
#136 = CARTESIAN_POINT('',(-1.6,-20.,9.6));
#137 = CIRCLE('',#138,2.4);
#138 = AXIS2_PLACEMENT_3D('',#139,#140,#141);
#139 = CARTESIAN_POINT('',(-4.,-20.,9.6));
#140 = DIRECTION('',(0.,0.,1.));
#141 = DIRECTION('',(1.,0.,0.));
#142 = FACE_BOUND('',#143,.T.);
#143 = EDGE_LOOP('',(#144));
#144 = ORIENTED_EDGE('',*,*,#145,.F.);
#145 = EDGE_CURVE('',#146,#146,#148,.T.);
#146 = VERTEX_POINT('',#147);
#147 = CARTESIAN_POINT('',(-1.6,-12.,9.6));
#148 = CIRCLE('',#149,2.4);
#149 = AXIS2_PLACEMENT_3D('',#150,#151,#152);
#150 = CARTESIAN_POINT('',(-4.,-12.,9.6));
#151 = DIRECTION('',(0.,0.,1.));
#152 = DIRECTION('',(1.,0.,0.));
#153 = FACE_BOUND('',#154,.T.);
#154 = EDGE_LOOP('',(#155));
#155 = ORIENTED_EDGE('',*,*,#156,.F.);
#156 = EDGE_CURVE('',#157,#157,#159,.T.);
#157 = VERTEX_POINT('',#158);
#158 = CARTESIAN_POINT('',(-9.6,-4.,9.6));
#159 = CIRCLE('',#160,2.4);
#160 = AXIS2_PLACEMENT_3D('',#161,#162,#163);
#161 = CARTESIAN_POINT('',(-12.,-4.,9.6));
#162 = DIRECTION('',(0.,0.,1.));
#163 = DIRECTION('',(1.,0.,0.));
#164 = FACE_BOUND('',#165,.T.);
#165 = EDGE_LOOP('',(#166));
#166 = ORIENTED_EDGE('',*,*,#167,.F.);
#167 = EDGE_CURVE('',#168,#168,#170,.T.);
#168 = VERTEX_POINT('',#169);
#169 = CARTESIAN_POINT('',(-1.6,-4.,9.6));
#170 = CIRCLE('',#171,2.4);
#171 = AXIS2_PLACEMENT_3D('',#172,#173,#174);
#172 = CARTESIAN_POINT('',(-4.,-4.,9.6));
#173 = DIRECTION('',(0.,0.,1.));
#174 = DIRECTION('',(1.,0.,0.));
#175 = FACE_BOUND('',#176,.T.);
#176 = EDGE_LOOP('',(#177));
#177 = ORIENTED_EDGE('',*,*,#178,.F.);
#178 = EDGE_CURVE('',#179,#179,#181,.T.);
#179 = VERTEX_POINT('',#180);
#180 = CARTESIAN_POINT('',(-9.6,4.,9.6));
#181 = CIRCLE('',#182,2.4);
#182 = AXIS2_PLACEMENT_3D('',#183,#184,#185);
#183 = CARTESIAN_POINT('',(-12.,4.,9.6));
#184 = DIRECTION('',(0.,0.,1.));
#185 = DIRECTION('',(1.,0.,0.));
#186 = FACE_BOUND('',#187,.T.);
#187 = EDGE_LOOP('',(#188));
#188 = ORIENTED_EDGE('',*,*,#189,.F.);
#189 = EDGE_CURVE('',#190,#190,#192,.T.);
#190 = VERTEX_POINT('',#191);
#191 = CARTESIAN_POINT('',(-1.6,4.,9.6));
#192 = CIRCLE('',#193,2.4);
#193 = AXIS2_PLACEMENT_3D('',#194,#195,#196);
#194 = CARTESIAN_POINT('',(-4.,4.,9.6));
#195 = DIRECTION('',(0.,0.,1.));
#196 = DIRECTION('',(1.,0.,0.));
#197 = FACE_BOUND('',#198,.T.);
#198 = EDGE_LOOP('',(#199));
#199 = ORIENTED_EDGE('',*,*,#200,.F.);
#200 = EDGE_CURVE('',#201,#201,#203,.T.);
#201 = VERTEX_POINT('',#202);
#202 = CARTESIAN_POINT('',(-9.6,12.,9.6));
#203 = CIRCLE('',#204,2.4);
#204 = AXIS2_PLACEMENT_3D('',#205,#206,#207);
#205 = CARTESIAN_POINT('',(-12.,12.,9.6));
#206 = DIRECTION('',(0.,0.,1.));
#207 = DIRECTION('',(1.,0.,0.));
#208 = FACE_BOUND('',#209,.T.);
#209 = EDGE_LOOP('',(#210));
#210 = ORIENTED_EDGE('',*,*,#211,.F.);
#211 = EDGE_CURVE('',#212,#212,#214,.T.);
#212 = VERTEX_POINT('',#213);
#213 = CARTESIAN_POINT('',(-9.6,20.,9.6));
#214 = CIRCLE('',#215,2.4);
#215 = AXIS2_PLACEMENT_3D('',#216,#217,#218);
#216 = CARTESIAN_POINT('',(-12.,20.,9.6));
#217 = DIRECTION('',(0.,0.,1.));
#218 = DIRECTION('',(1.,0.,0.));
#219 = FACE_BOUND('',#220,.T.);
#220 = EDGE_LOOP('',(#221));
#221 = ORIENTED_EDGE('',*,*,#222,.F.);
#222 = EDGE_CURVE('',#223,#223,#225,.T.);
#223 = VERTEX_POINT('',#224);
#224 = CARTESIAN_POINT('',(-1.6,12.,9.6));
#225 = CIRCLE('',#226,2.4);
#226 = AXIS2_PLACEMENT_3D('',#227,#228,#229);
#227 = CARTESIAN_POINT('',(-4.,12.,9.6));
#228 = DIRECTION('',(0.,0.,1.));
#229 = DIRECTION('',(1.,0.,0.));
#230 = FACE_BOUND('',#231,.T.);
#231 = EDGE_LOOP('',(#232));
#232 = ORIENTED_EDGE('',*,*,#233,.F.);
#233 = EDGE_CURVE('',#234,#234,#236,.T.);
#234 = VERTEX_POINT('',#235);
#235 = CARTESIAN_POINT('',(-1.6,20.,9.6));
#236 = CIRCLE('',#237,2.4);
#237 = AXIS2_PLACEMENT_3D('',#238,#239,#240);
#238 = CARTESIAN_POINT('',(-4.,20.,9.6));
#239 = DIRECTION('',(0.,0.,1.));
#240 = DIRECTION('',(1.,0.,0.));
#241 = FACE_BOUND('',#242,.T.);
#242 = EDGE_LOOP('',(#243));
#243 = ORIENTED_EDGE('',*,*,#244,.F.);
#244 = EDGE_CURVE('',#245,#245,#247,.T.);
#245 = VERTEX_POINT('',#246);
#246 = CARTESIAN_POINT('',(6.4,4.,9.6));
#247 = CIRCLE('',#248,2.4);
#248 = AXIS2_PLACEMENT_3D('',#249,#250,#251);
#249 = CARTESIAN_POINT('',(4.,4.,9.6));
#250 = DIRECTION('',(0.,0.,1.));
#251 = DIRECTION('',(1.,0.,0.));
#252 = FACE_BOUND('',#253,.T.);
#253 = EDGE_LOOP('',(#254));
#254 = ORIENTED_EDGE('',*,*,#255,.F.);
#255 = EDGE_CURVE('',#256,#256,#258,.T.);
#256 = VERTEX_POINT('',#257);
#257 = CARTESIAN_POINT('',(14.4,4.,9.6));
#258 = CIRCLE('',#259,2.4);
#259 = AXIS2_PLACEMENT_3D('',#260,#261,#262);
#260 = CARTESIAN_POINT('',(12.,4.,9.6));
#261 = DIRECTION('',(0.,0.,1.));
#262 = DIRECTION('',(1.,0.,0.));
#263 = FACE_BOUND('',#264,.T.);
#264 = EDGE_LOOP('',(#265));
#265 = ORIENTED_EDGE('',*,*,#266,.F.);
#266 = EDGE_CURVE('',#267,#267,#269,.T.);
#267 = VERTEX_POINT('',#268);
#268 = CARTESIAN_POINT('',(6.4,12.,9.6));
#269 = CIRCLE('',#270,2.4);
#270 = AXIS2_PLACEMENT_3D('',#271,#272,#273);
#271 = CARTESIAN_POINT('',(4.,12.,9.6));
#272 = DIRECTION('',(0.,0.,1.));
#273 = DIRECTION('',(1.,0.,0.));
#274 = FACE_BOUND('',#275,.T.);
#275 = EDGE_LOOP('',(#276));
#276 = ORIENTED_EDGE('',*,*,#277,.F.);
#277 = EDGE_CURVE('',#278,#278,#280,.T.);
#278 = VERTEX_POINT('',#279);
#279 = CARTESIAN_POINT('',(14.4,12.,9.6));
#280 = CIRCLE('',#281,2.4);
#281 = AXIS2_PLACEMENT_3D('',#282,#283,#284);
#282 = CARTESIAN_POINT('',(12.,12.,9.6));
#283 = DIRECTION('',(0.,0.,1.));
#284 = DIRECTION('',(1.,0.,0.));
#285 = PLANE('',#286);
#286 = AXIS2_PLACEMENT_3D('',#287,#288,#289);
#287 = CARTESIAN_POINT('',(-3.21608040201,1.608040201005,9.6));
#288 = DIRECTION('',(0.,0.,1.));
#289 = DIRECTION('',(1.,0.,0.));
#290 = ADVANCED_FACE('',(#291),#310,.T.);
#291 = FACE_BOUND('',#292,.T.);
#292 = EDGE_LOOP('',(#293,#302,#308,#309));
#293 = ORIENTED_EDGE('',*,*,#294,.F.);
#294 = EDGE_CURVE('',#295,#295,#297,.T.);
#295 = VERTEX_POINT('',#296);
#296 = CARTESIAN_POINT('',(-9.85,-20.,11.4));
#297 = CIRCLE('',#298,2.15);
#298 = AXIS2_PLACEMENT_3D('',#299,#300,#301);
#299 = CARTESIAN_POINT('',(-12.,-20.,11.4));
#300 = DIRECTION('',(0.,0.,1.));
#301 = DIRECTION('',(1.,0.,0.));
#302 = ORIENTED_EDGE('',*,*,#303,.F.);
#303 = EDGE_CURVE('',#24,#295,#304,.T.);
#304 = LINE('',#305,#306);
#305 = CARTESIAN_POINT('',(-9.6,-20.,11.15));
#306 = VECTOR('',#307,1.);
#307 = DIRECTION('',(-0.707106781187,1.731912112471E-16,0.707106781187)
  );
#308 = ORIENTED_EDGE('',*,*,#31,.T.);
#309 = ORIENTED_EDGE('',*,*,#303,.T.);
#310 = CONICAL_SURFACE('',#311,2.4,0.785398163397);
#311 = AXIS2_PLACEMENT_3D('',#312,#313,#314);
#312 = CARTESIAN_POINT('',(-12.,-20.,11.15));
#313 = DIRECTION('',(-0.,-0.,-1.));
#314 = DIRECTION('',(1.,0.,0.));
#315 = ADVANCED_FACE('',(#316),#341,.T.);
#316 = FACE_BOUND('',#317,.T.);
#317 = EDGE_LOOP('',(#318,#326,#327,#335));
#318 = ORIENTED_EDGE('',*,*,#319,.T.);
#319 = EDGE_CURVE('',#320,#55,#322,.T.);
#320 = VERTEX_POINT('',#321);
#321 = CARTESIAN_POINT('',(-15.9,-23.9,0.));
#322 = LINE('',#323,#324);
#323 = CARTESIAN_POINT('',(-15.9,-23.9,0.));
#324 = VECTOR('',#325,1.);
#325 = DIRECTION('',(0.,0.,1.));
#326 = ORIENTED_EDGE('',*,*,#54,.T.);
#327 = ORIENTED_EDGE('',*,*,#328,.F.);
#328 = EDGE_CURVE('',#329,#57,#331,.T.);
#329 = VERTEX_POINT('',#330);
#330 = CARTESIAN_POINT('',(-15.9,23.9,0.));
#331 = LINE('',#332,#333);
#332 = CARTESIAN_POINT('',(-15.9,23.9,0.));
#333 = VECTOR('',#334,1.);
#334 = DIRECTION('',(0.,0.,1.));
#335 = ORIENTED_EDGE('',*,*,#336,.F.);
#336 = EDGE_CURVE('',#320,#329,#337,.T.);
#337 = LINE('',#338,#339);
#338 = CARTESIAN_POINT('',(-15.9,16.1,0.));
#339 = VECTOR('',#340,1.);
#340 = DIRECTION('',(0.,1.,0.));
#341 = PLANE('',#342);
#342 = AXIS2_PLACEMENT_3D('',#343,#344,#345);
#343 = CARTESIAN_POINT('',(-15.9,1.6711370963E-15,4.8));
#344 = DIRECTION('',(-1.,-0.,-0.));
#345 = DIRECTION('',(0.,0.,-1.));
#346 = ADVANCED_FACE('',(#347),#365,.F.);
#347 = FACE_BOUND('',#348,.F.);
#348 = EDGE_LOOP('',(#349,#357,#358,#359));
#349 = ORIENTED_EDGE('',*,*,#350,.F.);
#350 = EDGE_CURVE('',#320,#351,#353,.T.);
#351 = VERTEX_POINT('',#352);
#352 = CARTESIAN_POINT('',(-1.E-01,-23.9,0.));
#353 = LINE('',#354,#355);
#354 = CARTESIAN_POINT('',(-15.9,-23.9,0.));
#355 = VECTOR('',#356,1.);
#356 = DIRECTION('',(1.,0.,0.));
#357 = ORIENTED_EDGE('',*,*,#319,.T.);
#358 = ORIENTED_EDGE('',*,*,#64,.T.);
#359 = ORIENTED_EDGE('',*,*,#360,.F.);
#360 = EDGE_CURVE('',#351,#65,#361,.T.);
#361 = LINE('',#362,#363);
#362 = CARTESIAN_POINT('',(-1.E-01,-23.9,0.));
#363 = VECTOR('',#364,1.);
#364 = DIRECTION('',(0.,0.,1.));
#365 = PLANE('',#366);
#366 = AXIS2_PLACEMENT_3D('',#367,#368,#369);
#367 = CARTESIAN_POINT('',(-15.9,-23.9,0.));
#368 = DIRECTION('',(0.,1.,0.));
#369 = DIRECTION('',(0.,0.,1.));
#370 = ADVANCED_FACE('',(#371),#389,.T.);
#371 = FACE_BOUND('',#372,.T.);
#372 = EDGE_LOOP('',(#373,#381,#382,#383));
#373 = ORIENTED_EDGE('',*,*,#374,.F.);
#374 = EDGE_CURVE('',#329,#375,#377,.T.);
#375 = VERTEX_POINT('',#376);
#376 = CARTESIAN_POINT('',(-1.E-01,23.9,0.));
#377 = LINE('',#378,#379);
#378 = CARTESIAN_POINT('',(-15.9,23.9,0.));
#379 = VECTOR('',#380,1.);
#380 = DIRECTION('',(1.,0.,0.));
#381 = ORIENTED_EDGE('',*,*,#328,.T.);
#382 = ORIENTED_EDGE('',*,*,#112,.T.);
#383 = ORIENTED_EDGE('',*,*,#384,.F.);
#384 = EDGE_CURVE('',#375,#105,#385,.T.);
#385 = LINE('',#386,#387);
#386 = CARTESIAN_POINT('',(-1.E-01,23.9,0.));
#387 = VECTOR('',#388,1.);
#388 = DIRECTION('',(0.,0.,1.));
#389 = PLANE('',#390);
#390 = AXIS2_PLACEMENT_3D('',#391,#392,#393);
#391 = CARTESIAN_POINT('',(-15.9,23.9,0.));
#392 = DIRECTION('',(0.,1.,0.));
#393 = DIRECTION('',(0.,0.,1.));
#394 = ADVANCED_FACE('',(#395),#413,.T.);
#395 = FACE_BOUND('',#396,.T.);
#396 = EDGE_LOOP('',(#397,#398,#406,#412));
#397 = ORIENTED_EDGE('',*,*,#360,.F.);
#398 = ORIENTED_EDGE('',*,*,#399,.T.);
#399 = EDGE_CURVE('',#351,#400,#402,.T.);
#400 = VERTEX_POINT('',#401);
#401 = CARTESIAN_POINT('',(-1.E-01,1.E-01,0.));
#402 = LINE('',#403,#404);
#403 = CARTESIAN_POINT('',(-1.E-01,-0.1,0.));
#404 = VECTOR('',#405,1.);
#405 = DIRECTION('',(0.,1.,0.));
#406 = ORIENTED_EDGE('',*,*,#407,.T.);
#407 = EDGE_CURVE('',#400,#73,#408,.T.);
#408 = LINE('',#409,#410);
#409 = CARTESIAN_POINT('',(-1.E-01,1.E-01,0.));
#410 = VECTOR('',#411,1.);
#411 = DIRECTION('',(0.,0.,1.));
#412 = ORIENTED_EDGE('',*,*,#72,.F.);
#413 = PLANE('',#414);
#414 = AXIS2_PLACEMENT_3D('',#415,#416,#417);
#415 = CARTESIAN_POINT('',(-1.E-01,-11.9,4.8));
#416 = DIRECTION('',(1.,0.,0.));
#417 = DIRECTION('',(0.,0.,1.));
#418 = ADVANCED_FACE('',(#419),#437,.T.);
#419 = FACE_BOUND('',#420,.T.);
#420 = EDGE_LOOP('',(#421,#429,#435,#436));
#421 = ORIENTED_EDGE('',*,*,#422,.F.);
#422 = EDGE_CURVE('',#423,#97,#425,.T.);
#423 = VERTEX_POINT('',#424);
#424 = CARTESIAN_POINT('',(-1.E-01,15.9,0.));
#425 = LINE('',#426,#427);
#426 = CARTESIAN_POINT('',(-1.E-01,15.9,0.));
#427 = VECTOR('',#428,1.);
#428 = DIRECTION('',(0.,0.,1.));
#429 = ORIENTED_EDGE('',*,*,#430,.T.);
#430 = EDGE_CURVE('',#423,#375,#431,.T.);
#431 = LINE('',#432,#433);
#432 = CARTESIAN_POINT('',(-1.E-01,16.1,0.));
#433 = VECTOR('',#434,1.);
#434 = DIRECTION('',(0.,1.,0.));
#435 = ORIENTED_EDGE('',*,*,#384,.T.);
#436 = ORIENTED_EDGE('',*,*,#104,.F.);
#437 = PLANE('',#438);
#438 = AXIS2_PLACEMENT_3D('',#439,#440,#441);
#439 = CARTESIAN_POINT('',(-1.E-01,19.9,4.8));
#440 = DIRECTION('',(1.,0.,0.));
#441 = DIRECTION('',(0.,0.,1.));
#442 = ADVANCED_FACE('',(#443),#461,.F.);
#443 = FACE_BOUND('',#444,.F.);
#444 = EDGE_LOOP('',(#445,#453,#454,#455));
#445 = ORIENTED_EDGE('',*,*,#446,.F.);
#446 = EDGE_CURVE('',#400,#447,#449,.T.);
#447 = VERTEX_POINT('',#448);
#448 = CARTESIAN_POINT('',(15.9,0.1,0.));
#449 = LINE('',#450,#451);
#450 = CARTESIAN_POINT('',(-15.9,0.1,0.));
#451 = VECTOR('',#452,1.);
#452 = DIRECTION('',(1.,0.,0.));
#453 = ORIENTED_EDGE('',*,*,#407,.T.);
#454 = ORIENTED_EDGE('',*,*,#80,.T.);
#455 = ORIENTED_EDGE('',*,*,#456,.F.);
#456 = EDGE_CURVE('',#447,#81,#457,.T.);
#457 = LINE('',#458,#459);
#458 = CARTESIAN_POINT('',(15.9,0.1,0.));
#459 = VECTOR('',#460,1.);
#460 = DIRECTION('',(0.,0.,1.));
#461 = PLANE('',#462);
#462 = AXIS2_PLACEMENT_3D('',#463,#464,#465);
#463 = CARTESIAN_POINT('',(-15.9,0.1,0.));
#464 = DIRECTION('',(0.,1.,0.));
#465 = DIRECTION('',(0.,0.,1.));
#466 = ADVANCED_FACE('',(#467),#485,.T.);
#467 = FACE_BOUND('',#468,.T.);
#468 = EDGE_LOOP('',(#469,#477,#478,#479));
#469 = ORIENTED_EDGE('',*,*,#470,.F.);
#470 = EDGE_CURVE('',#423,#471,#473,.T.);
#471 = VERTEX_POINT('',#472);
#472 = CARTESIAN_POINT('',(15.9,15.9,0.));
#473 = LINE('',#474,#475);
#474 = CARTESIAN_POINT('',(-15.9,15.9,0.));
#475 = VECTOR('',#476,1.);
#476 = DIRECTION('',(1.,0.,0.));
#477 = ORIENTED_EDGE('',*,*,#422,.T.);
#478 = ORIENTED_EDGE('',*,*,#96,.T.);
#479 = ORIENTED_EDGE('',*,*,#480,.F.);
#480 = EDGE_CURVE('',#471,#89,#481,.T.);
#481 = LINE('',#482,#483);
#482 = CARTESIAN_POINT('',(15.9,15.9,0.));
#483 = VECTOR('',#484,1.);
#484 = DIRECTION('',(0.,0.,1.));
#485 = PLANE('',#486);
#486 = AXIS2_PLACEMENT_3D('',#487,#488,#489);
#487 = CARTESIAN_POINT('',(-15.9,15.9,0.));
#488 = DIRECTION('',(0.,1.,0.));
#489 = DIRECTION('',(0.,0.,1.));
#490 = ADVANCED_FACE('',(#491),#502,.T.);
#491 = FACE_BOUND('',#492,.T.);
#492 = EDGE_LOOP('',(#493,#494,#500,#501));
#493 = ORIENTED_EDGE('',*,*,#456,.F.);
#494 = ORIENTED_EDGE('',*,*,#495,.T.);
#495 = EDGE_CURVE('',#447,#471,#496,.T.);
#496 = LINE('',#497,#498);
#497 = CARTESIAN_POINT('',(15.9,8.1,0.));
#498 = VECTOR('',#499,1.);
#499 = DIRECTION('',(0.,1.,0.));
#500 = ORIENTED_EDGE('',*,*,#480,.T.);
#501 = ORIENTED_EDGE('',*,*,#88,.F.);
#502 = PLANE('',#503);
#503 = AXIS2_PLACEMENT_3D('',#504,#505,#506);
#504 = CARTESIAN_POINT('',(15.9,8.,4.8));
#505 = DIRECTION('',(1.,0.,0.));
#506 = DIRECTION('',(0.,0.,1.));
#507 = ADVANCED_FACE('',(#508),#527,.T.);
#508 = FACE_BOUND('',#509,.F.);
#509 = EDGE_LOOP('',(#510,#518,#525,#526));
#510 = ORIENTED_EDGE('',*,*,#511,.T.);
#511 = EDGE_CURVE('',#124,#512,#514,.T.);
#512 = VERTEX_POINT('',#513);
#513 = CARTESIAN_POINT('',(-9.6,-12.,11.15));
#514 = LINE('',#515,#516);
#515 = CARTESIAN_POINT('',(-9.6,-12.,9.6));
#516 = VECTOR('',#517,1.);
#517 = DIRECTION('',(0.,0.,1.));
#518 = ORIENTED_EDGE('',*,*,#519,.T.);
#519 = EDGE_CURVE('',#512,#512,#520,.T.);
#520 = CIRCLE('',#521,2.4);
#521 = AXIS2_PLACEMENT_3D('',#522,#523,#524);
#522 = CARTESIAN_POINT('',(-12.,-12.,11.15));
#523 = DIRECTION('',(0.,0.,1.));
#524 = DIRECTION('',(1.,0.,0.));
#525 = ORIENTED_EDGE('',*,*,#511,.F.);
#526 = ORIENTED_EDGE('',*,*,#123,.F.);
#527 = CYLINDRICAL_SURFACE('',#528,2.4);
#528 = AXIS2_PLACEMENT_3D('',#529,#530,#531);
#529 = CARTESIAN_POINT('',(-12.,-12.,9.6));
#530 = DIRECTION('',(-0.,-0.,-1.));
#531 = DIRECTION('',(1.,0.,0.));
#532 = ADVANCED_FACE('',(#533),#552,.T.);
#533 = FACE_BOUND('',#534,.F.);
#534 = EDGE_LOOP('',(#535,#543,#550,#551));
#535 = ORIENTED_EDGE('',*,*,#536,.T.);
#536 = EDGE_CURVE('',#135,#537,#539,.T.);
#537 = VERTEX_POINT('',#538);
#538 = CARTESIAN_POINT('',(-1.6,-20.,11.15));
#539 = LINE('',#540,#541);
#540 = CARTESIAN_POINT('',(-1.6,-20.,9.6));
#541 = VECTOR('',#542,1.);
#542 = DIRECTION('',(0.,0.,1.));
#543 = ORIENTED_EDGE('',*,*,#544,.T.);
#544 = EDGE_CURVE('',#537,#537,#545,.T.);
#545 = CIRCLE('',#546,2.4);
#546 = AXIS2_PLACEMENT_3D('',#547,#548,#549);
#547 = CARTESIAN_POINT('',(-4.,-20.,11.15));
#548 = DIRECTION('',(0.,0.,1.));
#549 = DIRECTION('',(1.,0.,0.));
#550 = ORIENTED_EDGE('',*,*,#536,.F.);
#551 = ORIENTED_EDGE('',*,*,#134,.F.);
#552 = CYLINDRICAL_SURFACE('',#553,2.4);
#553 = AXIS2_PLACEMENT_3D('',#554,#555,#556);
#554 = CARTESIAN_POINT('',(-4.,-20.,9.6));
#555 = DIRECTION('',(-0.,-0.,-1.));
#556 = DIRECTION('',(1.,0.,0.));
#557 = ADVANCED_FACE('',(#558),#577,.T.);
#558 = FACE_BOUND('',#559,.F.);
#559 = EDGE_LOOP('',(#560,#568,#575,#576));
#560 = ORIENTED_EDGE('',*,*,#561,.T.);
#561 = EDGE_CURVE('',#146,#562,#564,.T.);
#562 = VERTEX_POINT('',#563);
#563 = CARTESIAN_POINT('',(-1.6,-12.,11.15));
#564 = LINE('',#565,#566);
#565 = CARTESIAN_POINT('',(-1.6,-12.,9.6));
#566 = VECTOR('',#567,1.);
#567 = DIRECTION('',(0.,0.,1.));
#568 = ORIENTED_EDGE('',*,*,#569,.T.);
#569 = EDGE_CURVE('',#562,#562,#570,.T.);
#570 = CIRCLE('',#571,2.4);
#571 = AXIS2_PLACEMENT_3D('',#572,#573,#574);
#572 = CARTESIAN_POINT('',(-4.,-12.,11.15));
#573 = DIRECTION('',(0.,0.,1.));
#574 = DIRECTION('',(1.,0.,0.));
#575 = ORIENTED_EDGE('',*,*,#561,.F.);
#576 = ORIENTED_EDGE('',*,*,#145,.F.);
#577 = CYLINDRICAL_SURFACE('',#578,2.4);
#578 = AXIS2_PLACEMENT_3D('',#579,#580,#581);
#579 = CARTESIAN_POINT('',(-4.,-12.,9.6));
#580 = DIRECTION('',(-0.,-0.,-1.));
#581 = DIRECTION('',(1.,0.,0.));
#582 = ADVANCED_FACE('',(#583),#602,.T.);
#583 = FACE_BOUND('',#584,.F.);
#584 = EDGE_LOOP('',(#585,#593,#600,#601));
#585 = ORIENTED_EDGE('',*,*,#586,.T.);
#586 = EDGE_CURVE('',#157,#587,#589,.T.);
#587 = VERTEX_POINT('',#588);
#588 = CARTESIAN_POINT('',(-9.6,-4.,11.15));
#589 = LINE('',#590,#591);
#590 = CARTESIAN_POINT('',(-9.6,-4.,9.6));
#591 = VECTOR('',#592,1.);
#592 = DIRECTION('',(0.,0.,1.));
#593 = ORIENTED_EDGE('',*,*,#594,.T.);
#594 = EDGE_CURVE('',#587,#587,#595,.T.);
#595 = CIRCLE('',#596,2.4);
#596 = AXIS2_PLACEMENT_3D('',#597,#598,#599);
#597 = CARTESIAN_POINT('',(-12.,-4.,11.15));
#598 = DIRECTION('',(0.,0.,1.));
#599 = DIRECTION('',(1.,0.,0.));
#600 = ORIENTED_EDGE('',*,*,#586,.F.);
#601 = ORIENTED_EDGE('',*,*,#156,.F.);
#602 = CYLINDRICAL_SURFACE('',#603,2.4);
#603 = AXIS2_PLACEMENT_3D('',#604,#605,#606);
#604 = CARTESIAN_POINT('',(-12.,-4.,9.6));
#605 = DIRECTION('',(-0.,-0.,-1.));
#606 = DIRECTION('',(1.,0.,0.));
#607 = ADVANCED_FACE('',(#608),#627,.T.);
#608 = FACE_BOUND('',#609,.F.);
#609 = EDGE_LOOP('',(#610,#618,#625,#626));
#610 = ORIENTED_EDGE('',*,*,#611,.T.);
#611 = EDGE_CURVE('',#168,#612,#614,.T.);
#612 = VERTEX_POINT('',#613);
#613 = CARTESIAN_POINT('',(-1.6,-4.,11.15));
#614 = LINE('',#615,#616);
#615 = CARTESIAN_POINT('',(-1.6,-4.,9.6));
#616 = VECTOR('',#617,1.);
#617 = DIRECTION('',(0.,0.,1.));
#618 = ORIENTED_EDGE('',*,*,#619,.T.);
#619 = EDGE_CURVE('',#612,#612,#620,.T.);
#620 = CIRCLE('',#621,2.4);
#621 = AXIS2_PLACEMENT_3D('',#622,#623,#624);
#622 = CARTESIAN_POINT('',(-4.,-4.,11.15));
#623 = DIRECTION('',(0.,0.,1.));
#624 = DIRECTION('',(1.,0.,0.));
#625 = ORIENTED_EDGE('',*,*,#611,.F.);
#626 = ORIENTED_EDGE('',*,*,#167,.F.);
#627 = CYLINDRICAL_SURFACE('',#628,2.4);
#628 = AXIS2_PLACEMENT_3D('',#629,#630,#631);
#629 = CARTESIAN_POINT('',(-4.,-4.,9.6));
#630 = DIRECTION('',(-0.,-0.,-1.));
#631 = DIRECTION('',(1.,0.,0.));
#632 = ADVANCED_FACE('',(#633),#652,.T.);
#633 = FACE_BOUND('',#634,.F.);
#634 = EDGE_LOOP('',(#635,#643,#650,#651));
#635 = ORIENTED_EDGE('',*,*,#636,.T.);
#636 = EDGE_CURVE('',#179,#637,#639,.T.);
#637 = VERTEX_POINT('',#638);
#638 = CARTESIAN_POINT('',(-9.6,4.,11.15));
#639 = LINE('',#640,#641);
#640 = CARTESIAN_POINT('',(-9.6,4.,9.6));
#641 = VECTOR('',#642,1.);
#642 = DIRECTION('',(0.,0.,1.));
#643 = ORIENTED_EDGE('',*,*,#644,.T.);
#644 = EDGE_CURVE('',#637,#637,#645,.T.);
#645 = CIRCLE('',#646,2.4);
#646 = AXIS2_PLACEMENT_3D('',#647,#648,#649);
#647 = CARTESIAN_POINT('',(-12.,4.,11.15));
#648 = DIRECTION('',(0.,0.,1.));
#649 = DIRECTION('',(1.,0.,0.));
#650 = ORIENTED_EDGE('',*,*,#636,.F.);
#651 = ORIENTED_EDGE('',*,*,#178,.F.);
#652 = CYLINDRICAL_SURFACE('',#653,2.4);
#653 = AXIS2_PLACEMENT_3D('',#654,#655,#656);
#654 = CARTESIAN_POINT('',(-12.,4.,9.6));
#655 = DIRECTION('',(-0.,-0.,-1.));
#656 = DIRECTION('',(1.,0.,0.));
#657 = ADVANCED_FACE('',(#658),#677,.T.);
#658 = FACE_BOUND('',#659,.F.);
#659 = EDGE_LOOP('',(#660,#668,#675,#676));
#660 = ORIENTED_EDGE('',*,*,#661,.T.);
#661 = EDGE_CURVE('',#190,#662,#664,.T.);
#662 = VERTEX_POINT('',#663);
#663 = CARTESIAN_POINT('',(-1.6,4.,11.15));
#664 = LINE('',#665,#666);
#665 = CARTESIAN_POINT('',(-1.6,4.,9.6));
#666 = VECTOR('',#667,1.);
#667 = DIRECTION('',(0.,0.,1.));
#668 = ORIENTED_EDGE('',*,*,#669,.T.);
#669 = EDGE_CURVE('',#662,#662,#670,.T.);
#670 = CIRCLE('',#671,2.4);
#671 = AXIS2_PLACEMENT_3D('',#672,#673,#674);
#672 = CARTESIAN_POINT('',(-4.,4.,11.15));
#673 = DIRECTION('',(0.,0.,1.));
#674 = DIRECTION('',(1.,0.,0.));
#675 = ORIENTED_EDGE('',*,*,#661,.F.);
#676 = ORIENTED_EDGE('',*,*,#189,.F.);
#677 = CYLINDRICAL_SURFACE('',#678,2.4);
#678 = AXIS2_PLACEMENT_3D('',#679,#680,#681);
#679 = CARTESIAN_POINT('',(-4.,4.,9.6));
#680 = DIRECTION('',(-0.,-0.,-1.));
#681 = DIRECTION('',(1.,0.,0.));
#682 = ADVANCED_FACE('',(#683),#702,.T.);
#683 = FACE_BOUND('',#684,.F.);
#684 = EDGE_LOOP('',(#685,#693,#700,#701));
#685 = ORIENTED_EDGE('',*,*,#686,.T.);
#686 = EDGE_CURVE('',#201,#687,#689,.T.);
#687 = VERTEX_POINT('',#688);
#688 = CARTESIAN_POINT('',(-9.6,12.,11.15));
#689 = LINE('',#690,#691);
#690 = CARTESIAN_POINT('',(-9.6,12.,9.6));
#691 = VECTOR('',#692,1.);
#692 = DIRECTION('',(0.,0.,1.));
#693 = ORIENTED_EDGE('',*,*,#694,.T.);
#694 = EDGE_CURVE('',#687,#687,#695,.T.);
#695 = CIRCLE('',#696,2.4);
#696 = AXIS2_PLACEMENT_3D('',#697,#698,#699);
#697 = CARTESIAN_POINT('',(-12.,12.,11.15));
#698 = DIRECTION('',(0.,0.,1.));
#699 = DIRECTION('',(1.,0.,0.));
#700 = ORIENTED_EDGE('',*,*,#686,.F.);
#701 = ORIENTED_EDGE('',*,*,#200,.F.);
#702 = CYLINDRICAL_SURFACE('',#703,2.4);
#703 = AXIS2_PLACEMENT_3D('',#704,#705,#706);
#704 = CARTESIAN_POINT('',(-12.,12.,9.6));
#705 = DIRECTION('',(-0.,-0.,-1.));
#706 = DIRECTION('',(1.,0.,0.));
#707 = ADVANCED_FACE('',(#708),#727,.T.);
#708 = FACE_BOUND('',#709,.F.);
#709 = EDGE_LOOP('',(#710,#718,#725,#726));
#710 = ORIENTED_EDGE('',*,*,#711,.T.);
#711 = EDGE_CURVE('',#212,#712,#714,.T.);
#712 = VERTEX_POINT('',#713);
#713 = CARTESIAN_POINT('',(-9.6,20.,11.15));
#714 = LINE('',#715,#716);
#715 = CARTESIAN_POINT('',(-9.6,20.,9.6));
#716 = VECTOR('',#717,1.);
#717 = DIRECTION('',(0.,0.,1.));
#718 = ORIENTED_EDGE('',*,*,#719,.T.);
#719 = EDGE_CURVE('',#712,#712,#720,.T.);
#720 = CIRCLE('',#721,2.4);
#721 = AXIS2_PLACEMENT_3D('',#722,#723,#724);
#722 = CARTESIAN_POINT('',(-12.,20.,11.15));
#723 = DIRECTION('',(0.,0.,1.));
#724 = DIRECTION('',(1.,0.,0.));
#725 = ORIENTED_EDGE('',*,*,#711,.F.);
#726 = ORIENTED_EDGE('',*,*,#211,.F.);
#727 = CYLINDRICAL_SURFACE('',#728,2.4);
#728 = AXIS2_PLACEMENT_3D('',#729,#730,#731);
#729 = CARTESIAN_POINT('',(-12.,20.,9.6));
#730 = DIRECTION('',(-0.,-0.,-1.));
#731 = DIRECTION('',(1.,0.,0.));
#732 = ADVANCED_FACE('',(#733),#752,.T.);
#733 = FACE_BOUND('',#734,.F.);
#734 = EDGE_LOOP('',(#735,#743,#750,#751));
#735 = ORIENTED_EDGE('',*,*,#736,.T.);
#736 = EDGE_CURVE('',#223,#737,#739,.T.);
#737 = VERTEX_POINT('',#738);
#738 = CARTESIAN_POINT('',(-1.6,12.,11.15));
#739 = LINE('',#740,#741);
#740 = CARTESIAN_POINT('',(-1.6,12.,9.6));
#741 = VECTOR('',#742,1.);
#742 = DIRECTION('',(0.,0.,1.));
#743 = ORIENTED_EDGE('',*,*,#744,.T.);
#744 = EDGE_CURVE('',#737,#737,#745,.T.);
#745 = CIRCLE('',#746,2.4);
#746 = AXIS2_PLACEMENT_3D('',#747,#748,#749);
#747 = CARTESIAN_POINT('',(-4.,12.,11.15));
#748 = DIRECTION('',(0.,0.,1.));
#749 = DIRECTION('',(1.,0.,0.));
#750 = ORIENTED_EDGE('',*,*,#736,.F.);
#751 = ORIENTED_EDGE('',*,*,#222,.F.);
#752 = CYLINDRICAL_SURFACE('',#753,2.4);
#753 = AXIS2_PLACEMENT_3D('',#754,#755,#756);
#754 = CARTESIAN_POINT('',(-4.,12.,9.6));
#755 = DIRECTION('',(-0.,-0.,-1.));
#756 = DIRECTION('',(1.,0.,0.));
#757 = ADVANCED_FACE('',(#758),#777,.T.);
#758 = FACE_BOUND('',#759,.F.);
#759 = EDGE_LOOP('',(#760,#768,#775,#776));
#760 = ORIENTED_EDGE('',*,*,#761,.T.);
#761 = EDGE_CURVE('',#234,#762,#764,.T.);
#762 = VERTEX_POINT('',#763);
#763 = CARTESIAN_POINT('',(-1.6,20.,11.15));
#764 = LINE('',#765,#766);
#765 = CARTESIAN_POINT('',(-1.6,20.,9.6));
#766 = VECTOR('',#767,1.);
#767 = DIRECTION('',(0.,0.,1.));
#768 = ORIENTED_EDGE('',*,*,#769,.T.);
#769 = EDGE_CURVE('',#762,#762,#770,.T.);
#770 = CIRCLE('',#771,2.4);
#771 = AXIS2_PLACEMENT_3D('',#772,#773,#774);
#772 = CARTESIAN_POINT('',(-4.,20.,11.15));
#773 = DIRECTION('',(0.,0.,1.));
#774 = DIRECTION('',(1.,0.,0.));
#775 = ORIENTED_EDGE('',*,*,#761,.F.);
#776 = ORIENTED_EDGE('',*,*,#233,.F.);
#777 = CYLINDRICAL_SURFACE('',#778,2.4);
#778 = AXIS2_PLACEMENT_3D('',#779,#780,#781);
#779 = CARTESIAN_POINT('',(-4.,20.,9.6));
#780 = DIRECTION('',(-0.,-0.,-1.));
#781 = DIRECTION('',(1.,0.,0.));
#782 = ADVANCED_FACE('',(#783),#802,.T.);
#783 = FACE_BOUND('',#784,.F.);
#784 = EDGE_LOOP('',(#785,#793,#800,#801));
#785 = ORIENTED_EDGE('',*,*,#786,.T.);
#786 = EDGE_CURVE('',#245,#787,#789,.T.);
#787 = VERTEX_POINT('',#788);
#788 = CARTESIAN_POINT('',(6.4,4.,11.15));
#789 = LINE('',#790,#791);
#790 = CARTESIAN_POINT('',(6.4,4.,9.6));
#791 = VECTOR('',#792,1.);
#792 = DIRECTION('',(0.,0.,1.));
#793 = ORIENTED_EDGE('',*,*,#794,.T.);
#794 = EDGE_CURVE('',#787,#787,#795,.T.);
#795 = CIRCLE('',#796,2.4);
#796 = AXIS2_PLACEMENT_3D('',#797,#798,#799);
#797 = CARTESIAN_POINT('',(4.,4.,11.15));
#798 = DIRECTION('',(0.,0.,1.));
#799 = DIRECTION('',(1.,0.,0.));
#800 = ORIENTED_EDGE('',*,*,#786,.F.);
#801 = ORIENTED_EDGE('',*,*,#244,.F.);
#802 = CYLINDRICAL_SURFACE('',#803,2.4);
#803 = AXIS2_PLACEMENT_3D('',#804,#805,#806);
#804 = CARTESIAN_POINT('',(4.,4.,9.6));
#805 = DIRECTION('',(-0.,-0.,-1.));
#806 = DIRECTION('',(1.,0.,0.));
#807 = ADVANCED_FACE('',(#808),#827,.T.);
#808 = FACE_BOUND('',#809,.F.);
#809 = EDGE_LOOP('',(#810,#818,#825,#826));
#810 = ORIENTED_EDGE('',*,*,#811,.T.);
#811 = EDGE_CURVE('',#256,#812,#814,.T.);
#812 = VERTEX_POINT('',#813);
#813 = CARTESIAN_POINT('',(14.4,4.,11.15));
#814 = LINE('',#815,#816);
#815 = CARTESIAN_POINT('',(14.4,4.,9.6));
#816 = VECTOR('',#817,1.);
#817 = DIRECTION('',(0.,0.,1.));
#818 = ORIENTED_EDGE('',*,*,#819,.T.);
#819 = EDGE_CURVE('',#812,#812,#820,.T.);
#820 = CIRCLE('',#821,2.4);
#821 = AXIS2_PLACEMENT_3D('',#822,#823,#824);
#822 = CARTESIAN_POINT('',(12.,4.,11.15));
#823 = DIRECTION('',(0.,0.,1.));
#824 = DIRECTION('',(1.,0.,0.));
#825 = ORIENTED_EDGE('',*,*,#811,.F.);
#826 = ORIENTED_EDGE('',*,*,#255,.F.);
#827 = CYLINDRICAL_SURFACE('',#828,2.4);
#828 = AXIS2_PLACEMENT_3D('',#829,#830,#831);
#829 = CARTESIAN_POINT('',(12.,4.,9.6));
#830 = DIRECTION('',(-0.,-0.,-1.));
#831 = DIRECTION('',(1.,0.,0.));
#832 = ADVANCED_FACE('',(#833),#852,.T.);
#833 = FACE_BOUND('',#834,.F.);
#834 = EDGE_LOOP('',(#835,#843,#850,#851));
#835 = ORIENTED_EDGE('',*,*,#836,.T.);
#836 = EDGE_CURVE('',#267,#837,#839,.T.);
#837 = VERTEX_POINT('',#838);
#838 = CARTESIAN_POINT('',(6.4,12.,11.15));
#839 = LINE('',#840,#841);
#840 = CARTESIAN_POINT('',(6.4,12.,9.6));
#841 = VECTOR('',#842,1.);
#842 = DIRECTION('',(0.,0.,1.));
#843 = ORIENTED_EDGE('',*,*,#844,.T.);
#844 = EDGE_CURVE('',#837,#837,#845,.T.);
#845 = CIRCLE('',#846,2.4);
#846 = AXIS2_PLACEMENT_3D('',#847,#848,#849);
#847 = CARTESIAN_POINT('',(4.,12.,11.15));
#848 = DIRECTION('',(0.,0.,1.));
#849 = DIRECTION('',(1.,0.,0.));
#850 = ORIENTED_EDGE('',*,*,#836,.F.);
#851 = ORIENTED_EDGE('',*,*,#266,.F.);
#852 = CYLINDRICAL_SURFACE('',#853,2.4);
#853 = AXIS2_PLACEMENT_3D('',#854,#855,#856);
#854 = CARTESIAN_POINT('',(4.,12.,9.6));
#855 = DIRECTION('',(-0.,-0.,-1.));
#856 = DIRECTION('',(1.,0.,0.));
#857 = ADVANCED_FACE('',(#858),#877,.T.);
#858 = FACE_BOUND('',#859,.F.);
#859 = EDGE_LOOP('',(#860,#868,#875,#876));
#860 = ORIENTED_EDGE('',*,*,#861,.T.);
#861 = EDGE_CURVE('',#278,#862,#864,.T.);
#862 = VERTEX_POINT('',#863);
#863 = CARTESIAN_POINT('',(14.4,12.,11.15));
#864 = LINE('',#865,#866);
#865 = CARTESIAN_POINT('',(14.4,12.,9.6));
#866 = VECTOR('',#867,1.);
#867 = DIRECTION('',(0.,0.,1.));
#868 = ORIENTED_EDGE('',*,*,#869,.T.);
#869 = EDGE_CURVE('',#862,#862,#870,.T.);
#870 = CIRCLE('',#871,2.4);
#871 = AXIS2_PLACEMENT_3D('',#872,#873,#874);
#872 = CARTESIAN_POINT('',(12.,12.,11.15));
#873 = DIRECTION('',(0.,0.,1.));
#874 = DIRECTION('',(1.,0.,0.));
#875 = ORIENTED_EDGE('',*,*,#861,.F.);
#876 = ORIENTED_EDGE('',*,*,#277,.F.);
#877 = CYLINDRICAL_SURFACE('',#878,2.4);
#878 = AXIS2_PLACEMENT_3D('',#879,#880,#881);
#879 = CARTESIAN_POINT('',(12.,12.,9.6));
#880 = DIRECTION('',(-0.,-0.,-1.));
#881 = DIRECTION('',(1.,0.,0.));
#882 = ADVANCED_FACE('',(#883),#886,.T.);
#883 = FACE_BOUND('',#884,.T.);
#884 = EDGE_LOOP('',(#885));
#885 = ORIENTED_EDGE('',*,*,#294,.T.);
#886 = PLANE('',#887);
#887 = AXIS2_PLACEMENT_3D('',#888,#889,#890);
#888 = CARTESIAN_POINT('',(-12.,-20.,11.4));
#889 = DIRECTION('',(0.,0.,1.));
#890 = DIRECTION('',(1.,0.,0.));
#891 = ADVANCED_FACE('',(#892,#902),#1112,.T.);
#892 = FACE_BOUND('',#893,.T.);
#893 = EDGE_LOOP('',(#894,#895,#896,#897,#898,#899,#900,#901));
#894 = ORIENTED_EDGE('',*,*,#336,.T.);
#895 = ORIENTED_EDGE('',*,*,#374,.T.);
#896 = ORIENTED_EDGE('',*,*,#430,.F.);
#897 = ORIENTED_EDGE('',*,*,#470,.T.);
#898 = ORIENTED_EDGE('',*,*,#495,.F.);
#899 = ORIENTED_EDGE('',*,*,#446,.F.);
#900 = ORIENTED_EDGE('',*,*,#399,.F.);
#901 = ORIENTED_EDGE('',*,*,#350,.F.);
#902 = FACE_BOUND('',#903,.T.);
#903 = EDGE_LOOP('',(#904,#914,#922,#930,#938,#946,#954,#962,#970,#978,
    #986,#994,#1002,#1010,#1018,#1026,#1034,#1042,#1050,#1058,#1066,
    #1074,#1082,#1090,#1098,#1106));
#904 = ORIENTED_EDGE('',*,*,#905,.F.);
#905 = EDGE_CURVE('',#906,#908,#910,.T.);
#906 = VERTEX_POINT('',#907);
#907 = CARTESIAN_POINT('',(-14.64,-22.64,0.));
#908 = VERTEX_POINT('',#909);
#909 = CARTESIAN_POINT('',(-14.64,-17.36,0.));
#910 = LINE('',#911,#912);
#911 = CARTESIAN_POINT('',(-14.64,-22.64,0.));
#912 = VECTOR('',#913,1.);
#913 = DIRECTION('',(0.,1.,0.));
#914 = ORIENTED_EDGE('',*,*,#915,.T.);
#915 = EDGE_CURVE('',#906,#916,#918,.T.);
#916 = VERTEX_POINT('',#917);
#917 = CARTESIAN_POINT('',(-1.36,-22.64,0.));
#918 = LINE('',#919,#920);
#919 = CARTESIAN_POINT('',(-14.64,-22.64,0.));
#920 = VECTOR('',#921,1.);
#921 = DIRECTION('',(1.,0.,0.));
#922 = ORIENTED_EDGE('',*,*,#923,.T.);
#923 = EDGE_CURVE('',#916,#924,#926,.T.);
#924 = VERTEX_POINT('',#925);
#925 = CARTESIAN_POINT('',(-1.36,-17.36,0.));
#926 = LINE('',#927,#928);
#927 = CARTESIAN_POINT('',(-1.36,-22.64,0.));
#928 = VECTOR('',#929,1.);
#929 = DIRECTION('',(0.,1.,0.));
#930 = ORIENTED_EDGE('',*,*,#931,.T.);
#931 = EDGE_CURVE('',#924,#932,#934,.T.);
#932 = VERTEX_POINT('',#933);
#933 = CARTESIAN_POINT('',(-1.36,-14.64,0.));
#934 = LINE('',#935,#936);
#935 = CARTESIAN_POINT('',(-1.36,-17.36,0.));
#936 = VECTOR('',#937,1.);
#937 = DIRECTION('',(0.,1.,0.));
#938 = ORIENTED_EDGE('',*,*,#939,.T.);
#939 = EDGE_CURVE('',#932,#940,#942,.T.);
#940 = VERTEX_POINT('',#941);
#941 = CARTESIAN_POINT('',(-1.36,-9.36,0.));
#942 = LINE('',#943,#944);
#943 = CARTESIAN_POINT('',(-1.36,-14.64,0.));
#944 = VECTOR('',#945,1.);
#945 = DIRECTION('',(0.,1.,0.));
#946 = ORIENTED_EDGE('',*,*,#947,.T.);
#947 = EDGE_CURVE('',#940,#948,#950,.T.);
#948 = VERTEX_POINT('',#949);
#949 = CARTESIAN_POINT('',(-1.36,-6.64,0.));
#950 = LINE('',#951,#952);
#951 = CARTESIAN_POINT('',(-1.36,-9.36,0.));
#952 = VECTOR('',#953,1.);
#953 = DIRECTION('',(0.,1.,0.));
#954 = ORIENTED_EDGE('',*,*,#955,.T.);
#955 = EDGE_CURVE('',#948,#956,#958,.T.);
#956 = VERTEX_POINT('',#957);
#957 = CARTESIAN_POINT('',(-1.36,-1.36,0.));
#958 = LINE('',#959,#960);
#959 = CARTESIAN_POINT('',(-1.36,-6.64,0.));
#960 = VECTOR('',#961,1.);
#961 = DIRECTION('',(0.,1.,0.));
#962 = ORIENTED_EDGE('',*,*,#963,.T.);
#963 = EDGE_CURVE('',#956,#964,#966,.T.);
#964 = VERTEX_POINT('',#965);
#965 = CARTESIAN_POINT('',(-1.36,1.36,0.));
#966 = LINE('',#967,#968);
#967 = CARTESIAN_POINT('',(-1.36,-1.36,0.));
#968 = VECTOR('',#969,1.);
#969 = DIRECTION('',(0.,1.,0.));
#970 = ORIENTED_EDGE('',*,*,#971,.T.);
#971 = EDGE_CURVE('',#964,#972,#974,.T.);
#972 = VERTEX_POINT('',#973);
#973 = CARTESIAN_POINT('',(14.64,1.36,0.));
#974 = LINE('',#975,#976);
#975 = CARTESIAN_POINT('',(-14.64,1.36,0.));
#976 = VECTOR('',#977,1.);
#977 = DIRECTION('',(1.,0.,0.));
#978 = ORIENTED_EDGE('',*,*,#979,.T.);
#979 = EDGE_CURVE('',#972,#980,#982,.T.);
#980 = VERTEX_POINT('',#981);
#981 = CARTESIAN_POINT('',(14.64,6.64,0.));
#982 = LINE('',#983,#984);
#983 = CARTESIAN_POINT('',(14.64,1.36,0.));
#984 = VECTOR('',#985,1.);
#985 = DIRECTION('',(0.,1.,0.));
#986 = ORIENTED_EDGE('',*,*,#987,.T.);
#987 = EDGE_CURVE('',#980,#988,#990,.T.);
#988 = VERTEX_POINT('',#989);
#989 = CARTESIAN_POINT('',(14.64,9.36,0.));
#990 = LINE('',#991,#992);
#991 = CARTESIAN_POINT('',(14.64,6.64,0.));
#992 = VECTOR('',#993,1.);
#993 = DIRECTION('',(0.,1.,0.));
#994 = ORIENTED_EDGE('',*,*,#995,.T.);
#995 = EDGE_CURVE('',#988,#996,#998,.T.);
#996 = VERTEX_POINT('',#997);
#997 = CARTESIAN_POINT('',(14.64,14.64,0.));
#998 = LINE('',#999,#1000);
#999 = CARTESIAN_POINT('',(14.64,9.36,0.));
#1000 = VECTOR('',#1001,1.);
#1001 = DIRECTION('',(0.,1.,0.));
#1002 = ORIENTED_EDGE('',*,*,#1003,.F.);
#1003 = EDGE_CURVE('',#1004,#996,#1006,.T.);
#1004 = VERTEX_POINT('',#1005);
#1005 = CARTESIAN_POINT('',(-1.36,14.64,0.));
#1006 = LINE('',#1007,#1008);
#1007 = CARTESIAN_POINT('',(-14.64,14.64,0.));
#1008 = VECTOR('',#1009,1.);
#1009 = DIRECTION('',(1.,0.,0.));
#1010 = ORIENTED_EDGE('',*,*,#1011,.T.);
#1011 = EDGE_CURVE('',#1004,#1012,#1014,.T.);
#1012 = VERTEX_POINT('',#1013);
#1013 = CARTESIAN_POINT('',(-1.36,17.36,0.));
#1014 = LINE('',#1015,#1016);
#1015 = CARTESIAN_POINT('',(-1.36,14.64,0.));
#1016 = VECTOR('',#1017,1.);
#1017 = DIRECTION('',(0.,1.,0.));
#1018 = ORIENTED_EDGE('',*,*,#1019,.T.);
#1019 = EDGE_CURVE('',#1012,#1020,#1022,.T.);
#1020 = VERTEX_POINT('',#1021);
#1021 = CARTESIAN_POINT('',(-1.36,22.64,0.));
#1022 = LINE('',#1023,#1024);
#1023 = CARTESIAN_POINT('',(-1.36,17.36,0.));
#1024 = VECTOR('',#1025,1.);
#1025 = DIRECTION('',(0.,1.,0.));
#1026 = ORIENTED_EDGE('',*,*,#1027,.F.);
#1027 = EDGE_CURVE('',#1028,#1020,#1030,.T.);
#1028 = VERTEX_POINT('',#1029);
#1029 = CARTESIAN_POINT('',(-14.64,22.64,0.));
#1030 = LINE('',#1031,#1032);
#1031 = CARTESIAN_POINT('',(-14.64,22.64,0.));
#1032 = VECTOR('',#1033,1.);
#1033 = DIRECTION('',(1.,0.,0.));
#1034 = ORIENTED_EDGE('',*,*,#1035,.F.);
#1035 = EDGE_CURVE('',#1036,#1028,#1038,.T.);
#1036 = VERTEX_POINT('',#1037);
#1037 = CARTESIAN_POINT('',(-14.64,17.36,0.));
#1038 = LINE('',#1039,#1040);
#1039 = CARTESIAN_POINT('',(-14.64,17.36,0.));
#1040 = VECTOR('',#1041,1.);
#1041 = DIRECTION('',(0.,1.,0.));
#1042 = ORIENTED_EDGE('',*,*,#1043,.F.);
#1043 = EDGE_CURVE('',#1044,#1036,#1046,.T.);
#1044 = VERTEX_POINT('',#1045);
#1045 = CARTESIAN_POINT('',(-14.64,14.64,0.));
#1046 = LINE('',#1047,#1048);
#1047 = CARTESIAN_POINT('',(-14.64,14.64,0.));
#1048 = VECTOR('',#1049,1.);
#1049 = DIRECTION('',(0.,1.,0.));
#1050 = ORIENTED_EDGE('',*,*,#1051,.F.);
#1051 = EDGE_CURVE('',#1052,#1044,#1054,.T.);
#1052 = VERTEX_POINT('',#1053);
#1053 = CARTESIAN_POINT('',(-14.64,9.36,0.));
#1054 = LINE('',#1055,#1056);
#1055 = CARTESIAN_POINT('',(-14.64,9.36,0.));
#1056 = VECTOR('',#1057,1.);
#1057 = DIRECTION('',(0.,1.,0.));
#1058 = ORIENTED_EDGE('',*,*,#1059,.F.);
#1059 = EDGE_CURVE('',#1060,#1052,#1062,.T.);
#1060 = VERTEX_POINT('',#1061);
#1061 = CARTESIAN_POINT('',(-14.64,6.64,0.));
#1062 = LINE('',#1063,#1064);
#1063 = CARTESIAN_POINT('',(-14.64,6.64,0.));
#1064 = VECTOR('',#1065,1.);
#1065 = DIRECTION('',(0.,1.,0.));
#1066 = ORIENTED_EDGE('',*,*,#1067,.F.);
#1067 = EDGE_CURVE('',#1068,#1060,#1070,.T.);
#1068 = VERTEX_POINT('',#1069);
#1069 = CARTESIAN_POINT('',(-14.64,1.36,0.));
#1070 = LINE('',#1071,#1072);
#1071 = CARTESIAN_POINT('',(-14.64,1.36,0.));
#1072 = VECTOR('',#1073,1.);
#1073 = DIRECTION('',(0.,1.,0.));
#1074 = ORIENTED_EDGE('',*,*,#1075,.F.);
#1075 = EDGE_CURVE('',#1076,#1068,#1078,.T.);
#1076 = VERTEX_POINT('',#1077);
#1077 = CARTESIAN_POINT('',(-14.64,-1.36,0.));
#1078 = LINE('',#1079,#1080);
#1079 = CARTESIAN_POINT('',(-14.64,-1.36,0.));
#1080 = VECTOR('',#1081,1.);
#1081 = DIRECTION('',(0.,1.,0.));
#1082 = ORIENTED_EDGE('',*,*,#1083,.F.);
#1083 = EDGE_CURVE('',#1084,#1076,#1086,.T.);
#1084 = VERTEX_POINT('',#1085);
#1085 = CARTESIAN_POINT('',(-14.64,-6.64,0.));
#1086 = LINE('',#1087,#1088);
#1087 = CARTESIAN_POINT('',(-14.64,-6.64,0.));
#1088 = VECTOR('',#1089,1.);
#1089 = DIRECTION('',(0.,1.,0.));
#1090 = ORIENTED_EDGE('',*,*,#1091,.F.);
#1091 = EDGE_CURVE('',#1092,#1084,#1094,.T.);
#1092 = VERTEX_POINT('',#1093);
#1093 = CARTESIAN_POINT('',(-14.64,-9.36,0.));
#1094 = LINE('',#1095,#1096);
#1095 = CARTESIAN_POINT('',(-14.64,-9.36,0.));
#1096 = VECTOR('',#1097,1.);
#1097 = DIRECTION('',(0.,1.,0.));
#1098 = ORIENTED_EDGE('',*,*,#1099,.F.);
#1099 = EDGE_CURVE('',#1100,#1092,#1102,.T.);
#1100 = VERTEX_POINT('',#1101);
#1101 = CARTESIAN_POINT('',(-14.64,-14.64,0.));
#1102 = LINE('',#1103,#1104);
#1103 = CARTESIAN_POINT('',(-14.64,-14.64,0.));
#1104 = VECTOR('',#1105,1.);
#1105 = DIRECTION('',(0.,1.,0.));
#1106 = ORIENTED_EDGE('',*,*,#1107,.F.);
#1107 = EDGE_CURVE('',#908,#1100,#1108,.T.);
#1108 = LINE('',#1109,#1110);
#1109 = CARTESIAN_POINT('',(-14.64,-17.36,0.));
#1110 = VECTOR('',#1111,1.);
#1111 = DIRECTION('',(0.,1.,0.));
#1112 = PLANE('',#1113);
#1113 = AXIS2_PLACEMENT_3D('',#1114,#1115,#1116);
#1114 = CARTESIAN_POINT('',(-3.21608040201,1.608040201005,0.));
#1115 = DIRECTION('',(-0.,-0.,-1.));
#1116 = DIRECTION('',(-1.,0.,0.));
#1117 = ADVANCED_FACE('',(#1118),#1137,.T.);
#1118 = FACE_BOUND('',#1119,.T.);
#1119 = EDGE_LOOP('',(#1120,#1129,#1135,#1136));
#1120 = ORIENTED_EDGE('',*,*,#1121,.F.);
#1121 = EDGE_CURVE('',#1122,#1122,#1124,.T.);
#1122 = VERTEX_POINT('',#1123);
#1123 = CARTESIAN_POINT('',(-9.85,-12.,11.4));
#1124 = CIRCLE('',#1125,2.15);
#1125 = AXIS2_PLACEMENT_3D('',#1126,#1127,#1128);
#1126 = CARTESIAN_POINT('',(-12.,-12.,11.4));
#1127 = DIRECTION('',(0.,0.,1.));
#1128 = DIRECTION('',(1.,0.,0.));
#1129 = ORIENTED_EDGE('',*,*,#1130,.F.);
#1130 = EDGE_CURVE('',#512,#1122,#1131,.T.);
#1131 = LINE('',#1132,#1133);
#1132 = CARTESIAN_POINT('',(-9.6,-12.,11.15));
#1133 = VECTOR('',#1134,1.);
#1134 = DIRECTION('',(-0.707106781187,1.731912112471E-16,0.707106781187)
  );
#1135 = ORIENTED_EDGE('',*,*,#519,.T.);
#1136 = ORIENTED_EDGE('',*,*,#1130,.T.);
#1137 = CONICAL_SURFACE('',#1138,2.4,0.785398163397);
#1138 = AXIS2_PLACEMENT_3D('',#1139,#1140,#1141);
#1139 = CARTESIAN_POINT('',(-12.,-12.,11.15));
#1140 = DIRECTION('',(-0.,-0.,-1.));
#1141 = DIRECTION('',(1.,0.,0.));
#1142 = ADVANCED_FACE('',(#1143),#1162,.T.);
#1143 = FACE_BOUND('',#1144,.T.);
#1144 = EDGE_LOOP('',(#1145,#1154,#1160,#1161));
#1145 = ORIENTED_EDGE('',*,*,#1146,.F.);
#1146 = EDGE_CURVE('',#1147,#1147,#1149,.T.);
#1147 = VERTEX_POINT('',#1148);
#1148 = CARTESIAN_POINT('',(-1.85,-20.,11.4));
#1149 = CIRCLE('',#1150,2.15);
#1150 = AXIS2_PLACEMENT_3D('',#1151,#1152,#1153);
#1151 = CARTESIAN_POINT('',(-4.,-20.,11.4));
#1152 = DIRECTION('',(0.,0.,1.));
#1153 = DIRECTION('',(1.,0.,0.));
#1154 = ORIENTED_EDGE('',*,*,#1155,.F.);
#1155 = EDGE_CURVE('',#537,#1147,#1156,.T.);
#1156 = LINE('',#1157,#1158);
#1157 = CARTESIAN_POINT('',(-1.6,-20.,11.15));
#1158 = VECTOR('',#1159,1.);
#1159 = DIRECTION('',(-0.707106781187,1.731912112471E-16,0.707106781187)
  );
#1160 = ORIENTED_EDGE('',*,*,#544,.T.);
#1161 = ORIENTED_EDGE('',*,*,#1155,.T.);
#1162 = CONICAL_SURFACE('',#1163,2.4,0.785398163397);
#1163 = AXIS2_PLACEMENT_3D('',#1164,#1165,#1166);
#1164 = CARTESIAN_POINT('',(-4.,-20.,11.15));
#1165 = DIRECTION('',(-0.,-0.,-1.));
#1166 = DIRECTION('',(1.,0.,0.));
#1167 = ADVANCED_FACE('',(#1168),#1187,.T.);
#1168 = FACE_BOUND('',#1169,.T.);
#1169 = EDGE_LOOP('',(#1170,#1179,#1185,#1186));
#1170 = ORIENTED_EDGE('',*,*,#1171,.F.);
#1171 = EDGE_CURVE('',#1172,#1172,#1174,.T.);
#1172 = VERTEX_POINT('',#1173);
#1173 = CARTESIAN_POINT('',(-1.85,-12.,11.4));
#1174 = CIRCLE('',#1175,2.15);
#1175 = AXIS2_PLACEMENT_3D('',#1176,#1177,#1178);
#1176 = CARTESIAN_POINT('',(-4.,-12.,11.4));
#1177 = DIRECTION('',(0.,0.,1.));
#1178 = DIRECTION('',(1.,0.,0.));
#1179 = ORIENTED_EDGE('',*,*,#1180,.F.);
#1180 = EDGE_CURVE('',#562,#1172,#1181,.T.);
#1181 = LINE('',#1182,#1183);
#1182 = CARTESIAN_POINT('',(-1.6,-12.,11.15));
#1183 = VECTOR('',#1184,1.);
#1184 = DIRECTION('',(-0.707106781187,1.731912112471E-16,0.707106781187)
  );
#1185 = ORIENTED_EDGE('',*,*,#569,.T.);
#1186 = ORIENTED_EDGE('',*,*,#1180,.T.);
#1187 = CONICAL_SURFACE('',#1188,2.4,0.785398163397);
#1188 = AXIS2_PLACEMENT_3D('',#1189,#1190,#1191);
#1189 = CARTESIAN_POINT('',(-4.,-12.,11.15));
#1190 = DIRECTION('',(-0.,-0.,-1.));
#1191 = DIRECTION('',(1.,0.,0.));
#1192 = ADVANCED_FACE('',(#1193),#1212,.T.);
#1193 = FACE_BOUND('',#1194,.T.);
#1194 = EDGE_LOOP('',(#1195,#1204,#1210,#1211));
#1195 = ORIENTED_EDGE('',*,*,#1196,.F.);
#1196 = EDGE_CURVE('',#1197,#1197,#1199,.T.);
#1197 = VERTEX_POINT('',#1198);
#1198 = CARTESIAN_POINT('',(-9.85,-4.,11.4));
#1199 = CIRCLE('',#1200,2.15);
#1200 = AXIS2_PLACEMENT_3D('',#1201,#1202,#1203);
#1201 = CARTESIAN_POINT('',(-12.,-4.,11.4));
#1202 = DIRECTION('',(0.,0.,1.));
#1203 = DIRECTION('',(1.,0.,0.));
#1204 = ORIENTED_EDGE('',*,*,#1205,.F.);
#1205 = EDGE_CURVE('',#587,#1197,#1206,.T.);
#1206 = LINE('',#1207,#1208);
#1207 = CARTESIAN_POINT('',(-9.6,-4.,11.15));
#1208 = VECTOR('',#1209,1.);
#1209 = DIRECTION('',(-0.707106781187,1.731912112471E-16,0.707106781187)
  );
#1210 = ORIENTED_EDGE('',*,*,#594,.T.);
#1211 = ORIENTED_EDGE('',*,*,#1205,.T.);
#1212 = CONICAL_SURFACE('',#1213,2.4,0.785398163397);
#1213 = AXIS2_PLACEMENT_3D('',#1214,#1215,#1216);
#1214 = CARTESIAN_POINT('',(-12.,-4.,11.15));
#1215 = DIRECTION('',(-0.,-0.,-1.));
#1216 = DIRECTION('',(1.,0.,0.));
#1217 = ADVANCED_FACE('',(#1218),#1237,.T.);
#1218 = FACE_BOUND('',#1219,.T.);
#1219 = EDGE_LOOP('',(#1220,#1229,#1235,#1236));
#1220 = ORIENTED_EDGE('',*,*,#1221,.F.);
#1221 = EDGE_CURVE('',#1222,#1222,#1224,.T.);
#1222 = VERTEX_POINT('',#1223);
#1223 = CARTESIAN_POINT('',(-1.85,-4.,11.4));
#1224 = CIRCLE('',#1225,2.15);
#1225 = AXIS2_PLACEMENT_3D('',#1226,#1227,#1228);
#1226 = CARTESIAN_POINT('',(-4.,-4.,11.4));
#1227 = DIRECTION('',(0.,0.,1.));
#1228 = DIRECTION('',(1.,0.,0.));
#1229 = ORIENTED_EDGE('',*,*,#1230,.F.);
#1230 = EDGE_CURVE('',#612,#1222,#1231,.T.);
#1231 = LINE('',#1232,#1233);
#1232 = CARTESIAN_POINT('',(-1.6,-4.,11.15));
#1233 = VECTOR('',#1234,1.);
#1234 = DIRECTION('',(-0.707106781187,1.731912112471E-16,0.707106781187)
  );
#1235 = ORIENTED_EDGE('',*,*,#619,.T.);
#1236 = ORIENTED_EDGE('',*,*,#1230,.T.);
#1237 = CONICAL_SURFACE('',#1238,2.4,0.785398163397);
#1238 = AXIS2_PLACEMENT_3D('',#1239,#1240,#1241);
#1239 = CARTESIAN_POINT('',(-4.,-4.,11.15));
#1240 = DIRECTION('',(-0.,-0.,-1.));
#1241 = DIRECTION('',(1.,0.,0.));
#1242 = ADVANCED_FACE('',(#1243),#1262,.T.);
#1243 = FACE_BOUND('',#1244,.T.);
#1244 = EDGE_LOOP('',(#1245,#1254,#1260,#1261));
#1245 = ORIENTED_EDGE('',*,*,#1246,.F.);
#1246 = EDGE_CURVE('',#1247,#1247,#1249,.T.);
#1247 = VERTEX_POINT('',#1248);
#1248 = CARTESIAN_POINT('',(-9.85,4.,11.4));
#1249 = CIRCLE('',#1250,2.15);
#1250 = AXIS2_PLACEMENT_3D('',#1251,#1252,#1253);
#1251 = CARTESIAN_POINT('',(-12.,4.,11.4));
#1252 = DIRECTION('',(0.,0.,1.));
#1253 = DIRECTION('',(1.,0.,0.));
#1254 = ORIENTED_EDGE('',*,*,#1255,.F.);
#1255 = EDGE_CURVE('',#637,#1247,#1256,.T.);
#1256 = LINE('',#1257,#1258);
#1257 = CARTESIAN_POINT('',(-9.6,4.,11.15));
#1258 = VECTOR('',#1259,1.);
#1259 = DIRECTION('',(-0.707106781187,1.731912112471E-16,0.707106781187)
  );
#1260 = ORIENTED_EDGE('',*,*,#644,.T.);
#1261 = ORIENTED_EDGE('',*,*,#1255,.T.);
#1262 = CONICAL_SURFACE('',#1263,2.4,0.785398163397);
#1263 = AXIS2_PLACEMENT_3D('',#1264,#1265,#1266);
#1264 = CARTESIAN_POINT('',(-12.,4.,11.15));
#1265 = DIRECTION('',(-0.,-0.,-1.));
#1266 = DIRECTION('',(1.,0.,0.));
#1267 = ADVANCED_FACE('',(#1268),#1287,.T.);
#1268 = FACE_BOUND('',#1269,.T.);
#1269 = EDGE_LOOP('',(#1270,#1279,#1285,#1286));
#1270 = ORIENTED_EDGE('',*,*,#1271,.F.);
#1271 = EDGE_CURVE('',#1272,#1272,#1274,.T.);
#1272 = VERTEX_POINT('',#1273);
#1273 = CARTESIAN_POINT('',(-1.85,4.,11.4));
#1274 = CIRCLE('',#1275,2.15);
#1275 = AXIS2_PLACEMENT_3D('',#1276,#1277,#1278);
#1276 = CARTESIAN_POINT('',(-4.,4.,11.4));
#1277 = DIRECTION('',(0.,0.,1.));
#1278 = DIRECTION('',(1.,0.,0.));
#1279 = ORIENTED_EDGE('',*,*,#1280,.F.);
#1280 = EDGE_CURVE('',#662,#1272,#1281,.T.);
#1281 = LINE('',#1282,#1283);
#1282 = CARTESIAN_POINT('',(-1.6,4.,11.15));
#1283 = VECTOR('',#1284,1.);
#1284 = DIRECTION('',(-0.707106781187,1.731912112471E-16,0.707106781187)
  );
#1285 = ORIENTED_EDGE('',*,*,#669,.T.);
#1286 = ORIENTED_EDGE('',*,*,#1280,.T.);
#1287 = CONICAL_SURFACE('',#1288,2.4,0.785398163397);
#1288 = AXIS2_PLACEMENT_3D('',#1289,#1290,#1291);
#1289 = CARTESIAN_POINT('',(-4.,4.,11.15));
#1290 = DIRECTION('',(-0.,-0.,-1.));
#1291 = DIRECTION('',(1.,0.,0.));
#1292 = ADVANCED_FACE('',(#1293),#1312,.T.);
#1293 = FACE_BOUND('',#1294,.T.);
#1294 = EDGE_LOOP('',(#1295,#1304,#1310,#1311));
#1295 = ORIENTED_EDGE('',*,*,#1296,.F.);
#1296 = EDGE_CURVE('',#1297,#1297,#1299,.T.);
#1297 = VERTEX_POINT('',#1298);
#1298 = CARTESIAN_POINT('',(-9.85,12.,11.4));
#1299 = CIRCLE('',#1300,2.15);
#1300 = AXIS2_PLACEMENT_3D('',#1301,#1302,#1303);
#1301 = CARTESIAN_POINT('',(-12.,12.,11.4));
#1302 = DIRECTION('',(0.,0.,1.));
#1303 = DIRECTION('',(1.,0.,0.));
#1304 = ORIENTED_EDGE('',*,*,#1305,.F.);
#1305 = EDGE_CURVE('',#687,#1297,#1306,.T.);
#1306 = LINE('',#1307,#1308);
#1307 = CARTESIAN_POINT('',(-9.6,12.,11.15));
#1308 = VECTOR('',#1309,1.);
#1309 = DIRECTION('',(-0.707106781187,1.731912112471E-16,0.707106781187)
  );
#1310 = ORIENTED_EDGE('',*,*,#694,.T.);
#1311 = ORIENTED_EDGE('',*,*,#1305,.T.);
#1312 = CONICAL_SURFACE('',#1313,2.4,0.785398163397);
#1313 = AXIS2_PLACEMENT_3D('',#1314,#1315,#1316);
#1314 = CARTESIAN_POINT('',(-12.,12.,11.15));
#1315 = DIRECTION('',(-0.,-0.,-1.));
#1316 = DIRECTION('',(1.,0.,0.));
#1317 = ADVANCED_FACE('',(#1318),#1337,.T.);
#1318 = FACE_BOUND('',#1319,.T.);
#1319 = EDGE_LOOP('',(#1320,#1329,#1335,#1336));
#1320 = ORIENTED_EDGE('',*,*,#1321,.F.);
#1321 = EDGE_CURVE('',#1322,#1322,#1324,.T.);
#1322 = VERTEX_POINT('',#1323);
#1323 = CARTESIAN_POINT('',(-9.85,20.,11.4));
#1324 = CIRCLE('',#1325,2.15);
#1325 = AXIS2_PLACEMENT_3D('',#1326,#1327,#1328);
#1326 = CARTESIAN_POINT('',(-12.,20.,11.4));
#1327 = DIRECTION('',(0.,0.,1.));
#1328 = DIRECTION('',(1.,0.,0.));
#1329 = ORIENTED_EDGE('',*,*,#1330,.F.);
#1330 = EDGE_CURVE('',#712,#1322,#1331,.T.);
#1331 = LINE('',#1332,#1333);
#1332 = CARTESIAN_POINT('',(-9.6,20.,11.15));
#1333 = VECTOR('',#1334,1.);
#1334 = DIRECTION('',(-0.707106781187,1.731912112471E-16,0.707106781187)
  );
#1335 = ORIENTED_EDGE('',*,*,#719,.T.);
#1336 = ORIENTED_EDGE('',*,*,#1330,.T.);
#1337 = CONICAL_SURFACE('',#1338,2.4,0.785398163397);
#1338 = AXIS2_PLACEMENT_3D('',#1339,#1340,#1341);
#1339 = CARTESIAN_POINT('',(-12.,20.,11.15));
#1340 = DIRECTION('',(-0.,-0.,-1.));
#1341 = DIRECTION('',(1.,0.,0.));
#1342 = ADVANCED_FACE('',(#1343),#1362,.T.);
#1343 = FACE_BOUND('',#1344,.T.);
#1344 = EDGE_LOOP('',(#1345,#1354,#1360,#1361));
#1345 = ORIENTED_EDGE('',*,*,#1346,.F.);
#1346 = EDGE_CURVE('',#1347,#1347,#1349,.T.);
#1347 = VERTEX_POINT('',#1348);
#1348 = CARTESIAN_POINT('',(-1.85,12.,11.4));
#1349 = CIRCLE('',#1350,2.15);
#1350 = AXIS2_PLACEMENT_3D('',#1351,#1352,#1353);
#1351 = CARTESIAN_POINT('',(-4.,12.,11.4));
#1352 = DIRECTION('',(0.,0.,1.));
#1353 = DIRECTION('',(1.,0.,0.));
#1354 = ORIENTED_EDGE('',*,*,#1355,.F.);
#1355 = EDGE_CURVE('',#737,#1347,#1356,.T.);
#1356 = LINE('',#1357,#1358);
#1357 = CARTESIAN_POINT('',(-1.6,12.,11.15));
#1358 = VECTOR('',#1359,1.);
#1359 = DIRECTION('',(-0.707106781187,1.731912112471E-16,0.707106781187)
  );
#1360 = ORIENTED_EDGE('',*,*,#744,.T.);
#1361 = ORIENTED_EDGE('',*,*,#1355,.T.);
#1362 = CONICAL_SURFACE('',#1363,2.4,0.785398163397);
#1363 = AXIS2_PLACEMENT_3D('',#1364,#1365,#1366);
#1364 = CARTESIAN_POINT('',(-4.,12.,11.15));
#1365 = DIRECTION('',(-0.,-0.,-1.));
#1366 = DIRECTION('',(1.,0.,0.));
#1367 = ADVANCED_FACE('',(#1368),#1387,.T.);
#1368 = FACE_BOUND('',#1369,.T.);
#1369 = EDGE_LOOP('',(#1370,#1379,#1385,#1386));
#1370 = ORIENTED_EDGE('',*,*,#1371,.F.);
#1371 = EDGE_CURVE('',#1372,#1372,#1374,.T.);
#1372 = VERTEX_POINT('',#1373);
#1373 = CARTESIAN_POINT('',(-1.85,20.,11.4));
#1374 = CIRCLE('',#1375,2.15);
#1375 = AXIS2_PLACEMENT_3D('',#1376,#1377,#1378);
#1376 = CARTESIAN_POINT('',(-4.,20.,11.4));
#1377 = DIRECTION('',(0.,0.,1.));
#1378 = DIRECTION('',(1.,0.,0.));
#1379 = ORIENTED_EDGE('',*,*,#1380,.F.);
#1380 = EDGE_CURVE('',#762,#1372,#1381,.T.);
#1381 = LINE('',#1382,#1383);
#1382 = CARTESIAN_POINT('',(-1.6,20.,11.15));
#1383 = VECTOR('',#1384,1.);
#1384 = DIRECTION('',(-0.707106781187,1.731912112471E-16,0.707106781187)
  );
#1385 = ORIENTED_EDGE('',*,*,#769,.T.);
#1386 = ORIENTED_EDGE('',*,*,#1380,.T.);
#1387 = CONICAL_SURFACE('',#1388,2.4,0.785398163397);
#1388 = AXIS2_PLACEMENT_3D('',#1389,#1390,#1391);
#1389 = CARTESIAN_POINT('',(-4.,20.,11.15));
#1390 = DIRECTION('',(-0.,-0.,-1.));
#1391 = DIRECTION('',(1.,0.,0.));
#1392 = ADVANCED_FACE('',(#1393),#1412,.T.);
#1393 = FACE_BOUND('',#1394,.T.);
#1394 = EDGE_LOOP('',(#1395,#1404,#1410,#1411));
#1395 = ORIENTED_EDGE('',*,*,#1396,.F.);
#1396 = EDGE_CURVE('',#1397,#1397,#1399,.T.);
#1397 = VERTEX_POINT('',#1398);
#1398 = CARTESIAN_POINT('',(6.15,4.,11.4));
#1399 = CIRCLE('',#1400,2.15);
#1400 = AXIS2_PLACEMENT_3D('',#1401,#1402,#1403);
#1401 = CARTESIAN_POINT('',(4.,4.,11.4));
#1402 = DIRECTION('',(0.,0.,1.));
#1403 = DIRECTION('',(1.,0.,0.));
#1404 = ORIENTED_EDGE('',*,*,#1405,.F.);
#1405 = EDGE_CURVE('',#787,#1397,#1406,.T.);
#1406 = LINE('',#1407,#1408);
#1407 = CARTESIAN_POINT('',(6.4,4.,11.15));
#1408 = VECTOR('',#1409,1.);
#1409 = DIRECTION('',(-0.707106781187,1.731912112471E-16,0.707106781187)
  );
#1410 = ORIENTED_EDGE('',*,*,#794,.T.);
#1411 = ORIENTED_EDGE('',*,*,#1405,.T.);
#1412 = CONICAL_SURFACE('',#1413,2.4,0.785398163397);
#1413 = AXIS2_PLACEMENT_3D('',#1414,#1415,#1416);
#1414 = CARTESIAN_POINT('',(4.,4.,11.15));
#1415 = DIRECTION('',(-0.,-0.,-1.));
#1416 = DIRECTION('',(1.,0.,0.));
#1417 = ADVANCED_FACE('',(#1418),#1437,.T.);
#1418 = FACE_BOUND('',#1419,.T.);
#1419 = EDGE_LOOP('',(#1420,#1429,#1435,#1436));
#1420 = ORIENTED_EDGE('',*,*,#1421,.F.);
#1421 = EDGE_CURVE('',#1422,#1422,#1424,.T.);
#1422 = VERTEX_POINT('',#1423);
#1423 = CARTESIAN_POINT('',(14.15,4.,11.4));
#1424 = CIRCLE('',#1425,2.15);
#1425 = AXIS2_PLACEMENT_3D('',#1426,#1427,#1428);
#1426 = CARTESIAN_POINT('',(12.,4.,11.4));
#1427 = DIRECTION('',(0.,0.,1.));
#1428 = DIRECTION('',(1.,0.,0.));
#1429 = ORIENTED_EDGE('',*,*,#1430,.F.);
#1430 = EDGE_CURVE('',#812,#1422,#1431,.T.);
#1431 = LINE('',#1432,#1433);
#1432 = CARTESIAN_POINT('',(14.4,4.,11.15));
#1433 = VECTOR('',#1434,1.);
#1434 = DIRECTION('',(-0.707106781187,1.731912112471E-16,0.707106781187)
  );
#1435 = ORIENTED_EDGE('',*,*,#819,.T.);
#1436 = ORIENTED_EDGE('',*,*,#1430,.T.);
#1437 = CONICAL_SURFACE('',#1438,2.4,0.785398163397);
#1438 = AXIS2_PLACEMENT_3D('',#1439,#1440,#1441);
#1439 = CARTESIAN_POINT('',(12.,4.,11.15));
#1440 = DIRECTION('',(-0.,-0.,-1.));
#1441 = DIRECTION('',(1.,0.,0.));
#1442 = ADVANCED_FACE('',(#1443),#1462,.T.);
#1443 = FACE_BOUND('',#1444,.T.);
#1444 = EDGE_LOOP('',(#1445,#1454,#1460,#1461));
#1445 = ORIENTED_EDGE('',*,*,#1446,.F.);
#1446 = EDGE_CURVE('',#1447,#1447,#1449,.T.);
#1447 = VERTEX_POINT('',#1448);
#1448 = CARTESIAN_POINT('',(6.15,12.,11.4));
#1449 = CIRCLE('',#1450,2.15);
#1450 = AXIS2_PLACEMENT_3D('',#1451,#1452,#1453);
#1451 = CARTESIAN_POINT('',(4.,12.,11.4));
#1452 = DIRECTION('',(0.,0.,1.));
#1453 = DIRECTION('',(1.,0.,0.));
#1454 = ORIENTED_EDGE('',*,*,#1455,.F.);
#1455 = EDGE_CURVE('',#837,#1447,#1456,.T.);
#1456 = LINE('',#1457,#1458);
#1457 = CARTESIAN_POINT('',(6.4,12.,11.15));
#1458 = VECTOR('',#1459,1.);
#1459 = DIRECTION('',(-0.707106781187,1.731912112471E-16,0.707106781187)
  );
#1460 = ORIENTED_EDGE('',*,*,#844,.T.);
#1461 = ORIENTED_EDGE('',*,*,#1455,.T.);
#1462 = CONICAL_SURFACE('',#1463,2.4,0.785398163397);
#1463 = AXIS2_PLACEMENT_3D('',#1464,#1465,#1466);
#1464 = CARTESIAN_POINT('',(4.,12.,11.15));
#1465 = DIRECTION('',(-0.,-0.,-1.));
#1466 = DIRECTION('',(1.,0.,0.));
#1467 = ADVANCED_FACE('',(#1468),#1487,.T.);
#1468 = FACE_BOUND('',#1469,.T.);
#1469 = EDGE_LOOP('',(#1470,#1479,#1485,#1486));
#1470 = ORIENTED_EDGE('',*,*,#1471,.F.);
#1471 = EDGE_CURVE('',#1472,#1472,#1474,.T.);
#1472 = VERTEX_POINT('',#1473);
#1473 = CARTESIAN_POINT('',(14.15,12.,11.4));
#1474 = CIRCLE('',#1475,2.15);
#1475 = AXIS2_PLACEMENT_3D('',#1476,#1477,#1478);
#1476 = CARTESIAN_POINT('',(12.,12.,11.4));
#1477 = DIRECTION('',(0.,0.,1.));
#1478 = DIRECTION('',(1.,0.,0.));
#1479 = ORIENTED_EDGE('',*,*,#1480,.F.);
#1480 = EDGE_CURVE('',#862,#1472,#1481,.T.);
#1481 = LINE('',#1482,#1483);
#1482 = CARTESIAN_POINT('',(14.4,12.,11.15));
#1483 = VECTOR('',#1484,1.);
#1484 = DIRECTION('',(-0.707106781187,1.731912112471E-16,0.707106781187)
  );
#1485 = ORIENTED_EDGE('',*,*,#869,.T.);
#1486 = ORIENTED_EDGE('',*,*,#1480,.T.);
#1487 = CONICAL_SURFACE('',#1488,2.4,0.785398163397);
#1488 = AXIS2_PLACEMENT_3D('',#1489,#1490,#1491);
#1489 = CARTESIAN_POINT('',(12.,12.,11.15));
#1490 = DIRECTION('',(-0.,-0.,-1.));
#1491 = DIRECTION('',(1.,0.,0.));
#1492 = ADVANCED_FACE('',(#1493),#1516,.F.);
#1493 = FACE_BOUND('',#1494,.F.);
#1494 = EDGE_LOOP('',(#1495,#1496,#1503,#1511));
#1495 = ORIENTED_EDGE('',*,*,#905,.F.);
#1496 = ORIENTED_EDGE('',*,*,#1497,.T.);
#1497 = EDGE_CURVE('',#906,#1498,#1500,.T.);
#1498 = VERTEX_POINT('',#1499);
#1499 = CARTESIAN_POINT('',(-14.44,-22.44,0.3));
#1500 = B_SPLINE_CURVE_WITH_KNOTS('',1,(#1501,#1502),.UNSPECIFIED.,.F.,
  .F.,(2,2),(0.,1.),.PIECEWISE_BEZIER_KNOTS.);
#1501 = CARTESIAN_POINT('',(-14.64,-22.64,0.));
#1502 = CARTESIAN_POINT('',(-14.44,-22.44,0.3));
#1503 = ORIENTED_EDGE('',*,*,#1504,.T.);
#1504 = EDGE_CURVE('',#1498,#1505,#1507,.T.);
#1505 = VERTEX_POINT('',#1506);
#1506 = CARTESIAN_POINT('',(-14.44,-17.56,0.3));
#1507 = LINE('',#1508,#1509);
#1508 = CARTESIAN_POINT('',(-14.44,-22.44,0.3));
#1509 = VECTOR('',#1510,1.);
#1510 = DIRECTION('',(0.,1.,0.));
#1511 = ORIENTED_EDGE('',*,*,#1512,.F.);
#1512 = EDGE_CURVE('',#908,#1505,#1513,.T.);
#1513 = B_SPLINE_CURVE_WITH_KNOTS('',1,(#1514,#1515),.UNSPECIFIED.,.F.,
  .F.,(2,2),(0.,1.),.PIECEWISE_BEZIER_KNOTS.);
#1514 = CARTESIAN_POINT('',(-14.64,-17.36,0.));
#1515 = CARTESIAN_POINT('',(-14.44,-17.56,0.3));
#1516 = B_SPLINE_SURFACE_WITH_KNOTS('',1,1,(
    (#1517,#1518)
    ,(#1519,#1520
    )),.UNSPECIFIED.,.F.,.F.,.F.,(2,2),(2,2),(-5.28,0.),(0.,1.),
  .PIECEWISE_BEZIER_KNOTS.);
#1517 = CARTESIAN_POINT('',(-14.64,-17.36,0.));
#1518 = CARTESIAN_POINT('',(-14.44,-17.56,0.3));
#1519 = CARTESIAN_POINT('',(-14.64,-22.64,0.));
#1520 = CARTESIAN_POINT('',(-14.44,-22.44,0.3));
#1521 = ADVANCED_FACE('',(#1522),#1539,.F.);
#1522 = FACE_BOUND('',#1523,.F.);
#1523 = EDGE_LOOP('',(#1524,#1525,#1526,#1534));
#1524 = ORIENTED_EDGE('',*,*,#1107,.F.);
#1525 = ORIENTED_EDGE('',*,*,#1512,.T.);
#1526 = ORIENTED_EDGE('',*,*,#1527,.T.);
#1527 = EDGE_CURVE('',#1505,#1528,#1530,.T.);
#1528 = VERTEX_POINT('',#1529);
#1529 = CARTESIAN_POINT('',(-14.44,-14.44,0.3));
#1530 = LINE('',#1531,#1532);
#1531 = CARTESIAN_POINT('',(-14.44,-17.56,0.3));
#1532 = VECTOR('',#1533,1.);
#1533 = DIRECTION('',(0.,1.,0.));
#1534 = ORIENTED_EDGE('',*,*,#1535,.F.);
#1535 = EDGE_CURVE('',#1100,#1528,#1536,.T.);
#1536 = B_SPLINE_CURVE_WITH_KNOTS('',1,(#1537,#1538),.UNSPECIFIED.,.F.,
  .F.,(2,2),(0.,1.),.PIECEWISE_BEZIER_KNOTS.);
#1537 = CARTESIAN_POINT('',(-14.64,-14.64,0.));
#1538 = CARTESIAN_POINT('',(-14.44,-14.44,0.3));
#1539 = B_SPLINE_SURFACE_WITH_KNOTS('',1,1,(
    (#1540,#1541)
    ,(#1542,#1543
    )),.UNSPECIFIED.,.F.,.F.,.F.,(2,2),(2,2),(-3.12,0.),(0.,1.),
  .PIECEWISE_BEZIER_KNOTS.);
#1540 = CARTESIAN_POINT('',(-14.64,-14.64,0.));
#1541 = CARTESIAN_POINT('',(-14.44,-14.44,0.3));
#1542 = CARTESIAN_POINT('',(-14.64,-17.36,0.));
#1543 = CARTESIAN_POINT('',(-14.44,-17.56,0.3));
#1544 = ADVANCED_FACE('',(#1545),#1562,.F.);
#1545 = FACE_BOUND('',#1546,.F.);
#1546 = EDGE_LOOP('',(#1547,#1548,#1549,#1557));
#1547 = ORIENTED_EDGE('',*,*,#1099,.F.);
#1548 = ORIENTED_EDGE('',*,*,#1535,.T.);
#1549 = ORIENTED_EDGE('',*,*,#1550,.T.);
#1550 = EDGE_CURVE('',#1528,#1551,#1553,.T.);
#1551 = VERTEX_POINT('',#1552);
#1552 = CARTESIAN_POINT('',(-14.44,-9.56,0.3));
#1553 = LINE('',#1554,#1555);
#1554 = CARTESIAN_POINT('',(-14.44,-14.44,0.3));
#1555 = VECTOR('',#1556,1.);
#1556 = DIRECTION('',(0.,1.,0.));
#1557 = ORIENTED_EDGE('',*,*,#1558,.F.);
#1558 = EDGE_CURVE('',#1092,#1551,#1559,.T.);
#1559 = B_SPLINE_CURVE_WITH_KNOTS('',1,(#1560,#1561),.UNSPECIFIED.,.F.,
  .F.,(2,2),(0.,1.),.PIECEWISE_BEZIER_KNOTS.);
#1560 = CARTESIAN_POINT('',(-14.64,-9.36,0.));
#1561 = CARTESIAN_POINT('',(-14.44,-9.56,0.3));
#1562 = B_SPLINE_SURFACE_WITH_KNOTS('',1,1,(
    (#1563,#1564)
    ,(#1565,#1566
    )),.UNSPECIFIED.,.F.,.F.,.F.,(2,2),(2,2),(-5.28,0.),(0.,1.),
  .PIECEWISE_BEZIER_KNOTS.);
#1563 = CARTESIAN_POINT('',(-14.64,-9.36,0.));
#1564 = CARTESIAN_POINT('',(-14.44,-9.56,0.3));
#1565 = CARTESIAN_POINT('',(-14.64,-14.64,0.));
#1566 = CARTESIAN_POINT('',(-14.44,-14.44,0.3));
#1567 = ADVANCED_FACE('',(#1568),#1585,.F.);
#1568 = FACE_BOUND('',#1569,.F.);
#1569 = EDGE_LOOP('',(#1570,#1571,#1572,#1580));
#1570 = ORIENTED_EDGE('',*,*,#1091,.F.);
#1571 = ORIENTED_EDGE('',*,*,#1558,.T.);
#1572 = ORIENTED_EDGE('',*,*,#1573,.T.);
#1573 = EDGE_CURVE('',#1551,#1574,#1576,.T.);
#1574 = VERTEX_POINT('',#1575);
#1575 = CARTESIAN_POINT('',(-14.44,-6.44,0.3));
#1576 = LINE('',#1577,#1578);
#1577 = CARTESIAN_POINT('',(-14.44,-9.56,0.3));
#1578 = VECTOR('',#1579,1.);
#1579 = DIRECTION('',(0.,1.,0.));
#1580 = ORIENTED_EDGE('',*,*,#1581,.F.);
#1581 = EDGE_CURVE('',#1084,#1574,#1582,.T.);
#1582 = B_SPLINE_CURVE_WITH_KNOTS('',1,(#1583,#1584),.UNSPECIFIED.,.F.,
  .F.,(2,2),(0.,1.),.PIECEWISE_BEZIER_KNOTS.);
#1583 = CARTESIAN_POINT('',(-14.64,-6.64,0.));
#1584 = CARTESIAN_POINT('',(-14.44,-6.44,0.3));
#1585 = B_SPLINE_SURFACE_WITH_KNOTS('',1,1,(
    (#1586,#1587)
    ,(#1588,#1589
    )),.UNSPECIFIED.,.F.,.F.,.F.,(2,2),(2,2),(-3.12,0.),(0.,1.),
  .PIECEWISE_BEZIER_KNOTS.);
#1586 = CARTESIAN_POINT('',(-14.64,-6.64,0.));
#1587 = CARTESIAN_POINT('',(-14.44,-6.44,0.3));
#1588 = CARTESIAN_POINT('',(-14.64,-9.36,0.));
#1589 = CARTESIAN_POINT('',(-14.44,-9.56,0.3));
#1590 = ADVANCED_FACE('',(#1591),#1608,.F.);
#1591 = FACE_BOUND('',#1592,.F.);
#1592 = EDGE_LOOP('',(#1593,#1594,#1595,#1603));
#1593 = ORIENTED_EDGE('',*,*,#1083,.F.);
#1594 = ORIENTED_EDGE('',*,*,#1581,.T.);
#1595 = ORIENTED_EDGE('',*,*,#1596,.T.);
#1596 = EDGE_CURVE('',#1574,#1597,#1599,.T.);
#1597 = VERTEX_POINT('',#1598);
#1598 = CARTESIAN_POINT('',(-14.44,-1.56,0.3));
#1599 = LINE('',#1600,#1601);
#1600 = CARTESIAN_POINT('',(-14.44,-6.44,0.3));
#1601 = VECTOR('',#1602,1.);
#1602 = DIRECTION('',(0.,1.,0.));
#1603 = ORIENTED_EDGE('',*,*,#1604,.F.);
#1604 = EDGE_CURVE('',#1076,#1597,#1605,.T.);
#1605 = B_SPLINE_CURVE_WITH_KNOTS('',1,(#1606,#1607),.UNSPECIFIED.,.F.,
  .F.,(2,2),(0.,1.),.PIECEWISE_BEZIER_KNOTS.);
#1606 = CARTESIAN_POINT('',(-14.64,-1.36,0.));
#1607 = CARTESIAN_POINT('',(-14.44,-1.56,0.3));
#1608 = B_SPLINE_SURFACE_WITH_KNOTS('',1,1,(
    (#1609,#1610)
    ,(#1611,#1612
    )),.UNSPECIFIED.,.F.,.F.,.F.,(2,2),(2,2),(-5.28,0.),(0.,1.),
  .PIECEWISE_BEZIER_KNOTS.);
#1609 = CARTESIAN_POINT('',(-14.64,-1.36,0.));
#1610 = CARTESIAN_POINT('',(-14.44,-1.56,0.3));
#1611 = CARTESIAN_POINT('',(-14.64,-6.64,0.));
#1612 = CARTESIAN_POINT('',(-14.44,-6.44,0.3));
#1613 = ADVANCED_FACE('',(#1614),#1631,.F.);
#1614 = FACE_BOUND('',#1615,.F.);
#1615 = EDGE_LOOP('',(#1616,#1617,#1618,#1626));
#1616 = ORIENTED_EDGE('',*,*,#1075,.F.);
#1617 = ORIENTED_EDGE('',*,*,#1604,.T.);
#1618 = ORIENTED_EDGE('',*,*,#1619,.T.);
#1619 = EDGE_CURVE('',#1597,#1620,#1622,.T.);
#1620 = VERTEX_POINT('',#1621);
#1621 = CARTESIAN_POINT('',(-14.44,1.56,0.3));
#1622 = LINE('',#1623,#1624);
#1623 = CARTESIAN_POINT('',(-14.44,-1.56,0.3));
#1624 = VECTOR('',#1625,1.);
#1625 = DIRECTION('',(0.,1.,0.));
#1626 = ORIENTED_EDGE('',*,*,#1627,.F.);
#1627 = EDGE_CURVE('',#1068,#1620,#1628,.T.);
#1628 = B_SPLINE_CURVE_WITH_KNOTS('',1,(#1629,#1630),.UNSPECIFIED.,.F.,
  .F.,(2,2),(0.,1.),.PIECEWISE_BEZIER_KNOTS.);
#1629 = CARTESIAN_POINT('',(-14.64,1.36,0.));
#1630 = CARTESIAN_POINT('',(-14.44,1.56,0.3));
#1631 = B_SPLINE_SURFACE_WITH_KNOTS('',1,1,(
    (#1632,#1633)
    ,(#1634,#1635
    )),.UNSPECIFIED.,.F.,.F.,.F.,(2,2),(2,2),(-3.12,0.),(0.,1.),
  .PIECEWISE_BEZIER_KNOTS.);
#1632 = CARTESIAN_POINT('',(-14.64,1.36,0.));
#1633 = CARTESIAN_POINT('',(-14.44,1.56,0.3));
#1634 = CARTESIAN_POINT('',(-14.64,-1.36,0.));
#1635 = CARTESIAN_POINT('',(-14.44,-1.56,0.3));
#1636 = ADVANCED_FACE('',(#1637),#1654,.F.);
#1637 = FACE_BOUND('',#1638,.F.);
#1638 = EDGE_LOOP('',(#1639,#1640,#1641,#1649));
#1639 = ORIENTED_EDGE('',*,*,#1067,.F.);
#1640 = ORIENTED_EDGE('',*,*,#1627,.T.);
#1641 = ORIENTED_EDGE('',*,*,#1642,.T.);
#1642 = EDGE_CURVE('',#1620,#1643,#1645,.T.);
#1643 = VERTEX_POINT('',#1644);
#1644 = CARTESIAN_POINT('',(-14.44,6.44,0.3));
#1645 = LINE('',#1646,#1647);
#1646 = CARTESIAN_POINT('',(-14.44,1.56,0.3));
#1647 = VECTOR('',#1648,1.);
#1648 = DIRECTION('',(0.,1.,0.));
#1649 = ORIENTED_EDGE('',*,*,#1650,.F.);
#1650 = EDGE_CURVE('',#1060,#1643,#1651,.T.);
#1651 = B_SPLINE_CURVE_WITH_KNOTS('',1,(#1652,#1653),.UNSPECIFIED.,.F.,
  .F.,(2,2),(0.,1.),.PIECEWISE_BEZIER_KNOTS.);
#1652 = CARTESIAN_POINT('',(-14.64,6.64,0.));
#1653 = CARTESIAN_POINT('',(-14.44,6.44,0.3));
#1654 = B_SPLINE_SURFACE_WITH_KNOTS('',1,1,(
    (#1655,#1656)
    ,(#1657,#1658
    )),.UNSPECIFIED.,.F.,.F.,.F.,(2,2),(2,2),(-5.28,0.),(0.,1.),
  .PIECEWISE_BEZIER_KNOTS.);
#1655 = CARTESIAN_POINT('',(-14.64,6.64,0.));
#1656 = CARTESIAN_POINT('',(-14.44,6.44,0.3));
#1657 = CARTESIAN_POINT('',(-14.64,1.36,0.));
#1658 = CARTESIAN_POINT('',(-14.44,1.56,0.3));
#1659 = ADVANCED_FACE('',(#1660),#1677,.F.);
#1660 = FACE_BOUND('',#1661,.F.);
#1661 = EDGE_LOOP('',(#1662,#1663,#1664,#1672));
#1662 = ORIENTED_EDGE('',*,*,#1059,.F.);
#1663 = ORIENTED_EDGE('',*,*,#1650,.T.);
#1664 = ORIENTED_EDGE('',*,*,#1665,.T.);
#1665 = EDGE_CURVE('',#1643,#1666,#1668,.T.);
#1666 = VERTEX_POINT('',#1667);
#1667 = CARTESIAN_POINT('',(-14.44,9.56,0.3));
#1668 = LINE('',#1669,#1670);
#1669 = CARTESIAN_POINT('',(-14.44,6.44,0.3));
#1670 = VECTOR('',#1671,1.);
#1671 = DIRECTION('',(0.,1.,0.));
#1672 = ORIENTED_EDGE('',*,*,#1673,.F.);
#1673 = EDGE_CURVE('',#1052,#1666,#1674,.T.);
#1674 = B_SPLINE_CURVE_WITH_KNOTS('',1,(#1675,#1676),.UNSPECIFIED.,.F.,
  .F.,(2,2),(0.,1.),.PIECEWISE_BEZIER_KNOTS.);
#1675 = CARTESIAN_POINT('',(-14.64,9.36,0.));
#1676 = CARTESIAN_POINT('',(-14.44,9.56,0.3));
#1677 = B_SPLINE_SURFACE_WITH_KNOTS('',1,1,(
    (#1678,#1679)
    ,(#1680,#1681
    )),.UNSPECIFIED.,.F.,.F.,.F.,(2,2),(2,2),(-3.12,0.),(0.,1.),
  .PIECEWISE_BEZIER_KNOTS.);
#1678 = CARTESIAN_POINT('',(-14.64,9.36,0.));
#1679 = CARTESIAN_POINT('',(-14.44,9.56,0.3));
#1680 = CARTESIAN_POINT('',(-14.64,6.64,0.));
#1681 = CARTESIAN_POINT('',(-14.44,6.44,0.3));
#1682 = ADVANCED_FACE('',(#1683),#1700,.F.);
#1683 = FACE_BOUND('',#1684,.F.);
#1684 = EDGE_LOOP('',(#1685,#1686,#1687,#1695));
#1685 = ORIENTED_EDGE('',*,*,#1051,.F.);
#1686 = ORIENTED_EDGE('',*,*,#1673,.T.);
#1687 = ORIENTED_EDGE('',*,*,#1688,.T.);
#1688 = EDGE_CURVE('',#1666,#1689,#1691,.T.);
#1689 = VERTEX_POINT('',#1690);
#1690 = CARTESIAN_POINT('',(-14.44,14.44,0.3));
#1691 = LINE('',#1692,#1693);
#1692 = CARTESIAN_POINT('',(-14.44,9.56,0.3));
#1693 = VECTOR('',#1694,1.);
#1694 = DIRECTION('',(0.,1.,0.));
#1695 = ORIENTED_EDGE('',*,*,#1696,.F.);
#1696 = EDGE_CURVE('',#1044,#1689,#1697,.T.);
#1697 = B_SPLINE_CURVE_WITH_KNOTS('',1,(#1698,#1699),.UNSPECIFIED.,.F.,
  .F.,(2,2),(0.,1.),.PIECEWISE_BEZIER_KNOTS.);
#1698 = CARTESIAN_POINT('',(-14.64,14.64,0.));
#1699 = CARTESIAN_POINT('',(-14.44,14.44,0.3));
#1700 = B_SPLINE_SURFACE_WITH_KNOTS('',1,1,(
    (#1701,#1702)
    ,(#1703,#1704
    )),.UNSPECIFIED.,.F.,.F.,.F.,(2,2),(2,2),(-5.28,0.),(0.,1.),
  .PIECEWISE_BEZIER_KNOTS.);
#1701 = CARTESIAN_POINT('',(-14.64,14.64,0.));
#1702 = CARTESIAN_POINT('',(-14.44,14.44,0.3));
#1703 = CARTESIAN_POINT('',(-14.64,9.36,0.));
#1704 = CARTESIAN_POINT('',(-14.44,9.56,0.3));
#1705 = ADVANCED_FACE('',(#1706),#1723,.F.);
#1706 = FACE_BOUND('',#1707,.F.);
#1707 = EDGE_LOOP('',(#1708,#1709,#1710,#1718));
#1708 = ORIENTED_EDGE('',*,*,#1043,.F.);
#1709 = ORIENTED_EDGE('',*,*,#1696,.T.);
#1710 = ORIENTED_EDGE('',*,*,#1711,.T.);
#1711 = EDGE_CURVE('',#1689,#1712,#1714,.T.);
#1712 = VERTEX_POINT('',#1713);
#1713 = CARTESIAN_POINT('',(-14.44,17.56,0.3));
#1714 = LINE('',#1715,#1716);
#1715 = CARTESIAN_POINT('',(-14.44,14.44,0.3));
#1716 = VECTOR('',#1717,1.);
#1717 = DIRECTION('',(0.,1.,0.));
#1718 = ORIENTED_EDGE('',*,*,#1719,.F.);
#1719 = EDGE_CURVE('',#1036,#1712,#1720,.T.);
#1720 = B_SPLINE_CURVE_WITH_KNOTS('',1,(#1721,#1722),.UNSPECIFIED.,.F.,
  .F.,(2,2),(0.,1.),.PIECEWISE_BEZIER_KNOTS.);
#1721 = CARTESIAN_POINT('',(-14.64,17.36,0.));
#1722 = CARTESIAN_POINT('',(-14.44,17.56,0.3));
#1723 = B_SPLINE_SURFACE_WITH_KNOTS('',1,1,(
    (#1724,#1725)
    ,(#1726,#1727
    )),.UNSPECIFIED.,.F.,.F.,.F.,(2,2),(2,2),(-3.12,0.),(0.,1.),
  .PIECEWISE_BEZIER_KNOTS.);
#1724 = CARTESIAN_POINT('',(-14.64,17.36,0.));
#1725 = CARTESIAN_POINT('',(-14.44,17.56,0.3));
#1726 = CARTESIAN_POINT('',(-14.64,14.64,0.));
#1727 = CARTESIAN_POINT('',(-14.44,14.44,0.3));
#1728 = ADVANCED_FACE('',(#1729),#1746,.F.);
#1729 = FACE_BOUND('',#1730,.F.);
#1730 = EDGE_LOOP('',(#1731,#1732,#1733,#1741));
#1731 = ORIENTED_EDGE('',*,*,#1035,.F.);
#1732 = ORIENTED_EDGE('',*,*,#1719,.T.);
#1733 = ORIENTED_EDGE('',*,*,#1734,.T.);
#1734 = EDGE_CURVE('',#1712,#1735,#1737,.T.);
#1735 = VERTEX_POINT('',#1736);
#1736 = CARTESIAN_POINT('',(-14.44,22.44,0.3));
#1737 = LINE('',#1738,#1739);
#1738 = CARTESIAN_POINT('',(-14.44,17.56,0.3));
#1739 = VECTOR('',#1740,1.);
#1740 = DIRECTION('',(0.,1.,0.));
#1741 = ORIENTED_EDGE('',*,*,#1742,.F.);
#1742 = EDGE_CURVE('',#1028,#1735,#1743,.T.);
#1743 = B_SPLINE_CURVE_WITH_KNOTS('',1,(#1744,#1745),.UNSPECIFIED.,.F.,
  .F.,(2,2),(0.,1.),.PIECEWISE_BEZIER_KNOTS.);
#1744 = CARTESIAN_POINT('',(-14.64,22.64,0.));
#1745 = CARTESIAN_POINT('',(-14.44,22.44,0.3));
#1746 = B_SPLINE_SURFACE_WITH_KNOTS('',1,1,(
    (#1747,#1748)
    ,(#1749,#1750
    )),.UNSPECIFIED.,.F.,.F.,.F.,(2,2),(2,2),(-5.28,0.),(0.,1.),
  .PIECEWISE_BEZIER_KNOTS.);
#1747 = CARTESIAN_POINT('',(-14.64,22.64,0.));
#1748 = CARTESIAN_POINT('',(-14.44,22.44,0.3));
#1749 = CARTESIAN_POINT('',(-14.64,17.36,0.));
#1750 = CARTESIAN_POINT('',(-14.44,17.56,0.3));
#1751 = ADVANCED_FACE('',(#1752),#1769,.F.);
#1752 = FACE_BOUND('',#1753,.F.);
#1753 = EDGE_LOOP('',(#1754,#1755,#1756,#1764));
#1754 = ORIENTED_EDGE('',*,*,#1027,.F.);
#1755 = ORIENTED_EDGE('',*,*,#1742,.T.);
#1756 = ORIENTED_EDGE('',*,*,#1757,.T.);
#1757 = EDGE_CURVE('',#1735,#1758,#1760,.T.);
#1758 = VERTEX_POINT('',#1759);
#1759 = CARTESIAN_POINT('',(-1.56,22.44,0.3));
#1760 = LINE('',#1761,#1762);
#1761 = CARTESIAN_POINT('',(-14.44,22.44,0.3));
#1762 = VECTOR('',#1763,1.);
#1763 = DIRECTION('',(1.,0.,0.));
#1764 = ORIENTED_EDGE('',*,*,#1765,.F.);
#1765 = EDGE_CURVE('',#1020,#1758,#1766,.T.);
#1766 = B_SPLINE_CURVE_WITH_KNOTS('',1,(#1767,#1768),.UNSPECIFIED.,.F.,
  .F.,(2,2),(0.,1.),.PIECEWISE_BEZIER_KNOTS.);
#1767 = CARTESIAN_POINT('',(-1.36,22.64,0.));
#1768 = CARTESIAN_POINT('',(-1.56,22.44,0.3));
#1769 = B_SPLINE_SURFACE_WITH_KNOTS('',1,1,(
    (#1770,#1771)
    ,(#1772,#1773
    )),.UNSPECIFIED.,.F.,.F.,.F.,(2,2),(2,2),(-13.28,0.),(0.,1.),
  .PIECEWISE_BEZIER_KNOTS.);
#1770 = CARTESIAN_POINT('',(-1.36,22.64,0.));
#1771 = CARTESIAN_POINT('',(-1.56,22.44,0.3));
#1772 = CARTESIAN_POINT('',(-14.64,22.64,0.));
#1773 = CARTESIAN_POINT('',(-14.44,22.44,0.3));
#1774 = ADVANCED_FACE('',(#1775),#1792,.F.);
#1775 = FACE_BOUND('',#1776,.F.);
#1776 = EDGE_LOOP('',(#1777,#1778,#1779,#1787));
#1777 = ORIENTED_EDGE('',*,*,#1019,.T.);
#1778 = ORIENTED_EDGE('',*,*,#1765,.T.);
#1779 = ORIENTED_EDGE('',*,*,#1780,.F.);
#1780 = EDGE_CURVE('',#1781,#1758,#1783,.T.);
#1781 = VERTEX_POINT('',#1782);
#1782 = CARTESIAN_POINT('',(-1.56,17.56,0.3));
#1783 = LINE('',#1784,#1785);
#1784 = CARTESIAN_POINT('',(-1.56,17.56,0.3));
#1785 = VECTOR('',#1786,1.);
#1786 = DIRECTION('',(0.,1.,0.));
#1787 = ORIENTED_EDGE('',*,*,#1788,.F.);
#1788 = EDGE_CURVE('',#1012,#1781,#1789,.T.);
#1789 = B_SPLINE_CURVE_WITH_KNOTS('',1,(#1790,#1791),.UNSPECIFIED.,.F.,
  .F.,(2,2),(0.,1.),.PIECEWISE_BEZIER_KNOTS.);
#1790 = CARTESIAN_POINT('',(-1.36,17.36,0.));
#1791 = CARTESIAN_POINT('',(-1.56,17.56,0.3));
#1792 = B_SPLINE_SURFACE_WITH_KNOTS('',1,1,(
    (#1793,#1794)
    ,(#1795,#1796
    )),.UNSPECIFIED.,.F.,.F.,.F.,(2,2),(2,2),(0.,5.28),(0.,1.),
  .PIECEWISE_BEZIER_KNOTS.);
#1793 = CARTESIAN_POINT('',(-1.36,17.36,0.));
#1794 = CARTESIAN_POINT('',(-1.56,17.56,0.3));
#1795 = CARTESIAN_POINT('',(-1.36,22.64,0.));
#1796 = CARTESIAN_POINT('',(-1.56,22.44,0.3));
#1797 = ADVANCED_FACE('',(#1798),#1815,.F.);
#1798 = FACE_BOUND('',#1799,.F.);
#1799 = EDGE_LOOP('',(#1800,#1801,#1802,#1810));
#1800 = ORIENTED_EDGE('',*,*,#1011,.T.);
#1801 = ORIENTED_EDGE('',*,*,#1788,.T.);
#1802 = ORIENTED_EDGE('',*,*,#1803,.F.);
#1803 = EDGE_CURVE('',#1804,#1781,#1806,.T.);
#1804 = VERTEX_POINT('',#1805);
#1805 = CARTESIAN_POINT('',(-1.56,14.44,0.3));
#1806 = LINE('',#1807,#1808);
#1807 = CARTESIAN_POINT('',(-1.56,14.44,0.3));
#1808 = VECTOR('',#1809,1.);
#1809 = DIRECTION('',(0.,1.,0.));
#1810 = ORIENTED_EDGE('',*,*,#1811,.F.);
#1811 = EDGE_CURVE('',#1004,#1804,#1812,.T.);
#1812 = B_SPLINE_CURVE_WITH_KNOTS('',1,(#1813,#1814),.UNSPECIFIED.,.F.,
  .F.,(2,2),(0.,1.),.PIECEWISE_BEZIER_KNOTS.);
#1813 = CARTESIAN_POINT('',(-1.36,14.64,0.));
#1814 = CARTESIAN_POINT('',(-1.56,14.44,0.3));
#1815 = B_SPLINE_SURFACE_WITH_KNOTS('',1,1,(
    (#1816,#1817)
    ,(#1818,#1819
    )),.UNSPECIFIED.,.F.,.F.,.F.,(2,2),(2,2),(0.,3.12),(0.,1.),
  .PIECEWISE_BEZIER_KNOTS.);
#1816 = CARTESIAN_POINT('',(-1.36,14.64,0.));
#1817 = CARTESIAN_POINT('',(-1.56,14.44,0.3));
#1818 = CARTESIAN_POINT('',(-1.36,17.36,0.));
#1819 = CARTESIAN_POINT('',(-1.56,17.56,0.3));
#1820 = ADVANCED_FACE('',(#1821),#1838,.F.);
#1821 = FACE_BOUND('',#1822,.F.);
#1822 = EDGE_LOOP('',(#1823,#1824,#1825,#1833));
#1823 = ORIENTED_EDGE('',*,*,#1003,.F.);
#1824 = ORIENTED_EDGE('',*,*,#1811,.T.);
#1825 = ORIENTED_EDGE('',*,*,#1826,.T.);
#1826 = EDGE_CURVE('',#1804,#1827,#1829,.T.);
#1827 = VERTEX_POINT('',#1828);
#1828 = CARTESIAN_POINT('',(14.44,14.44,0.3));
#1829 = LINE('',#1830,#1831);
#1830 = CARTESIAN_POINT('',(-14.44,14.44,0.3));
#1831 = VECTOR('',#1832,1.);
#1832 = DIRECTION('',(1.,0.,0.));
#1833 = ORIENTED_EDGE('',*,*,#1834,.F.);
#1834 = EDGE_CURVE('',#996,#1827,#1835,.T.);
#1835 = B_SPLINE_CURVE_WITH_KNOTS('',1,(#1836,#1837),.UNSPECIFIED.,.F.,
  .F.,(2,2),(0.,1.),.PIECEWISE_BEZIER_KNOTS.);
#1836 = CARTESIAN_POINT('',(14.64,14.64,0.));
#1837 = CARTESIAN_POINT('',(14.44,14.44,0.3));
#1838 = B_SPLINE_SURFACE_WITH_KNOTS('',1,1,(
    (#1839,#1840)
    ,(#1841,#1842
    )),.UNSPECIFIED.,.F.,.F.,.F.,(2,2),(2,2),(-29.28,0.),(0.,1.),
  .PIECEWISE_BEZIER_KNOTS.);
#1839 = CARTESIAN_POINT('',(14.64,14.64,0.));
#1840 = CARTESIAN_POINT('',(14.44,14.44,0.3));
#1841 = CARTESIAN_POINT('',(-14.64,14.64,0.));
#1842 = CARTESIAN_POINT('',(-14.44,14.44,0.3));
#1843 = ADVANCED_FACE('',(#1844),#1861,.F.);
#1844 = FACE_BOUND('',#1845,.F.);
#1845 = EDGE_LOOP('',(#1846,#1847,#1848,#1856));
#1846 = ORIENTED_EDGE('',*,*,#995,.T.);
#1847 = ORIENTED_EDGE('',*,*,#1834,.T.);
#1848 = ORIENTED_EDGE('',*,*,#1849,.F.);
#1849 = EDGE_CURVE('',#1850,#1827,#1852,.T.);
#1850 = VERTEX_POINT('',#1851);
#1851 = CARTESIAN_POINT('',(14.44,9.56,0.3));
#1852 = LINE('',#1853,#1854);
#1853 = CARTESIAN_POINT('',(14.44,9.56,0.3));
#1854 = VECTOR('',#1855,1.);
#1855 = DIRECTION('',(0.,1.,0.));
#1856 = ORIENTED_EDGE('',*,*,#1857,.F.);
#1857 = EDGE_CURVE('',#988,#1850,#1858,.T.);
#1858 = B_SPLINE_CURVE_WITH_KNOTS('',1,(#1859,#1860),.UNSPECIFIED.,.F.,
  .F.,(2,2),(0.,1.),.PIECEWISE_BEZIER_KNOTS.);
#1859 = CARTESIAN_POINT('',(14.64,9.36,0.));
#1860 = CARTESIAN_POINT('',(14.44,9.56,0.3));
#1861 = B_SPLINE_SURFACE_WITH_KNOTS('',1,1,(
    (#1862,#1863)
    ,(#1864,#1865
    )),.UNSPECIFIED.,.F.,.F.,.F.,(2,2),(2,2),(0.,5.28),(0.,1.),
  .PIECEWISE_BEZIER_KNOTS.);
#1862 = CARTESIAN_POINT('',(14.64,9.36,0.));
#1863 = CARTESIAN_POINT('',(14.44,9.56,0.3));
#1864 = CARTESIAN_POINT('',(14.64,14.64,0.));
#1865 = CARTESIAN_POINT('',(14.44,14.44,0.3));
#1866 = ADVANCED_FACE('',(#1867),#1884,.F.);
#1867 = FACE_BOUND('',#1868,.F.);
#1868 = EDGE_LOOP('',(#1869,#1870,#1871,#1879));
#1869 = ORIENTED_EDGE('',*,*,#987,.T.);
#1870 = ORIENTED_EDGE('',*,*,#1857,.T.);
#1871 = ORIENTED_EDGE('',*,*,#1872,.F.);
#1872 = EDGE_CURVE('',#1873,#1850,#1875,.T.);
#1873 = VERTEX_POINT('',#1874);
#1874 = CARTESIAN_POINT('',(14.44,6.44,0.3));
#1875 = LINE('',#1876,#1877);
#1876 = CARTESIAN_POINT('',(14.44,6.44,0.3));
#1877 = VECTOR('',#1878,1.);
#1878 = DIRECTION('',(0.,1.,0.));
#1879 = ORIENTED_EDGE('',*,*,#1880,.F.);
#1880 = EDGE_CURVE('',#980,#1873,#1881,.T.);
#1881 = B_SPLINE_CURVE_WITH_KNOTS('',1,(#1882,#1883),.UNSPECIFIED.,.F.,
  .F.,(2,2),(0.,1.),.PIECEWISE_BEZIER_KNOTS.);
#1882 = CARTESIAN_POINT('',(14.64,6.64,0.));
#1883 = CARTESIAN_POINT('',(14.44,6.44,0.3));
#1884 = B_SPLINE_SURFACE_WITH_KNOTS('',1,1,(
    (#1885,#1886)
    ,(#1887,#1888
    )),.UNSPECIFIED.,.F.,.F.,.F.,(2,2),(2,2),(0.,3.12),(0.,1.),
  .PIECEWISE_BEZIER_KNOTS.);
#1885 = CARTESIAN_POINT('',(14.64,6.64,0.));
#1886 = CARTESIAN_POINT('',(14.44,6.44,0.3));
#1887 = CARTESIAN_POINT('',(14.64,9.36,0.));
#1888 = CARTESIAN_POINT('',(14.44,9.56,0.3));
#1889 = ADVANCED_FACE('',(#1890),#1907,.F.);
#1890 = FACE_BOUND('',#1891,.F.);
#1891 = EDGE_LOOP('',(#1892,#1893,#1894,#1902));
#1892 = ORIENTED_EDGE('',*,*,#979,.T.);
#1893 = ORIENTED_EDGE('',*,*,#1880,.T.);
#1894 = ORIENTED_EDGE('',*,*,#1895,.F.);
#1895 = EDGE_CURVE('',#1896,#1873,#1898,.T.);
#1896 = VERTEX_POINT('',#1897);
#1897 = CARTESIAN_POINT('',(14.44,1.56,0.3));
#1898 = LINE('',#1899,#1900);
#1899 = CARTESIAN_POINT('',(14.44,1.56,0.3));
#1900 = VECTOR('',#1901,1.);
#1901 = DIRECTION('',(0.,1.,0.));
#1902 = ORIENTED_EDGE('',*,*,#1903,.F.);
#1903 = EDGE_CURVE('',#972,#1896,#1904,.T.);
#1904 = B_SPLINE_CURVE_WITH_KNOTS('',1,(#1905,#1906),.UNSPECIFIED.,.F.,
  .F.,(2,2),(0.,1.),.PIECEWISE_BEZIER_KNOTS.);
#1905 = CARTESIAN_POINT('',(14.64,1.36,0.));
#1906 = CARTESIAN_POINT('',(14.44,1.56,0.3));
#1907 = B_SPLINE_SURFACE_WITH_KNOTS('',1,1,(
    (#1908,#1909)
    ,(#1910,#1911
    )),.UNSPECIFIED.,.F.,.F.,.F.,(2,2),(2,2),(0.,5.28),(0.,1.),
  .PIECEWISE_BEZIER_KNOTS.);
#1908 = CARTESIAN_POINT('',(14.64,1.36,0.));
#1909 = CARTESIAN_POINT('',(14.44,1.56,0.3));
#1910 = CARTESIAN_POINT('',(14.64,6.64,0.));
#1911 = CARTESIAN_POINT('',(14.44,6.44,0.3));
#1912 = ADVANCED_FACE('',(#1913),#1930,.F.);
#1913 = FACE_BOUND('',#1914,.F.);
#1914 = EDGE_LOOP('',(#1915,#1922,#1923,#1924));
#1915 = ORIENTED_EDGE('',*,*,#1916,.F.);
#1916 = EDGE_CURVE('',#964,#1917,#1919,.T.);
#1917 = VERTEX_POINT('',#1918);
#1918 = CARTESIAN_POINT('',(-1.56,1.56,0.3));
#1919 = B_SPLINE_CURVE_WITH_KNOTS('',1,(#1920,#1921),.UNSPECIFIED.,.F.,
  .F.,(2,2),(0.,1.),.PIECEWISE_BEZIER_KNOTS.);
#1920 = CARTESIAN_POINT('',(-1.36,1.36,0.));
#1921 = CARTESIAN_POINT('',(-1.56,1.56,0.3));
#1922 = ORIENTED_EDGE('',*,*,#971,.T.);
#1923 = ORIENTED_EDGE('',*,*,#1903,.T.);
#1924 = ORIENTED_EDGE('',*,*,#1925,.F.);
#1925 = EDGE_CURVE('',#1917,#1896,#1926,.T.);
#1926 = LINE('',#1927,#1928);
#1927 = CARTESIAN_POINT('',(-14.44,1.56,0.3));
#1928 = VECTOR('',#1929,1.);
#1929 = DIRECTION('',(1.,0.,0.));
#1930 = B_SPLINE_SURFACE_WITH_KNOTS('',1,1,(
    (#1931,#1932)
    ,(#1933,#1934
    )),.UNSPECIFIED.,.F.,.F.,.F.,(2,2),(2,2),(0.,29.28),(0.,1.),
  .PIECEWISE_BEZIER_KNOTS.);
#1931 = CARTESIAN_POINT('',(-14.64,1.36,0.));
#1932 = CARTESIAN_POINT('',(-14.44,1.56,0.3));
#1933 = CARTESIAN_POINT('',(14.64,1.36,0.));
#1934 = CARTESIAN_POINT('',(14.44,1.56,0.3));
#1935 = ADVANCED_FACE('',(#1936),#1953,.F.);
#1936 = FACE_BOUND('',#1937,.F.);
#1937 = EDGE_LOOP('',(#1938,#1939,#1940,#1948));
#1938 = ORIENTED_EDGE('',*,*,#963,.T.);
#1939 = ORIENTED_EDGE('',*,*,#1916,.T.);
#1940 = ORIENTED_EDGE('',*,*,#1941,.F.);
#1941 = EDGE_CURVE('',#1942,#1917,#1944,.T.);
#1942 = VERTEX_POINT('',#1943);
#1943 = CARTESIAN_POINT('',(-1.56,-1.56,0.3));
#1944 = LINE('',#1945,#1946);
#1945 = CARTESIAN_POINT('',(-1.56,-1.56,0.3));
#1946 = VECTOR('',#1947,1.);
#1947 = DIRECTION('',(0.,1.,0.));
#1948 = ORIENTED_EDGE('',*,*,#1949,.F.);
#1949 = EDGE_CURVE('',#956,#1942,#1950,.T.);
#1950 = B_SPLINE_CURVE_WITH_KNOTS('',1,(#1951,#1952),.UNSPECIFIED.,.F.,
  .F.,(2,2),(0.,1.),.PIECEWISE_BEZIER_KNOTS.);
#1951 = CARTESIAN_POINT('',(-1.36,-1.36,0.));
#1952 = CARTESIAN_POINT('',(-1.56,-1.56,0.3));
#1953 = B_SPLINE_SURFACE_WITH_KNOTS('',1,1,(
    (#1954,#1955)
    ,(#1956,#1957
    )),.UNSPECIFIED.,.F.,.F.,.F.,(2,2),(2,2),(0.,3.12),(0.,1.),
  .PIECEWISE_BEZIER_KNOTS.);
#1954 = CARTESIAN_POINT('',(-1.36,-1.36,0.));
#1955 = CARTESIAN_POINT('',(-1.56,-1.56,0.3));
#1956 = CARTESIAN_POINT('',(-1.36,1.36,0.));
#1957 = CARTESIAN_POINT('',(-1.56,1.56,0.3));
#1958 = ADVANCED_FACE('',(#1959),#1976,.F.);
#1959 = FACE_BOUND('',#1960,.F.);
#1960 = EDGE_LOOP('',(#1961,#1962,#1963,#1971));
#1961 = ORIENTED_EDGE('',*,*,#955,.T.);
#1962 = ORIENTED_EDGE('',*,*,#1949,.T.);
#1963 = ORIENTED_EDGE('',*,*,#1964,.F.);
#1964 = EDGE_CURVE('',#1965,#1942,#1967,.T.);
#1965 = VERTEX_POINT('',#1966);
#1966 = CARTESIAN_POINT('',(-1.56,-6.44,0.3));
#1967 = LINE('',#1968,#1969);
#1968 = CARTESIAN_POINT('',(-1.56,-6.44,0.3));
#1969 = VECTOR('',#1970,1.);
#1970 = DIRECTION('',(0.,1.,0.));
#1971 = ORIENTED_EDGE('',*,*,#1972,.F.);
#1972 = EDGE_CURVE('',#948,#1965,#1973,.T.);
#1973 = B_SPLINE_CURVE_WITH_KNOTS('',1,(#1974,#1975),.UNSPECIFIED.,.F.,
  .F.,(2,2),(0.,1.),.PIECEWISE_BEZIER_KNOTS.);
#1974 = CARTESIAN_POINT('',(-1.36,-6.64,0.));
#1975 = CARTESIAN_POINT('',(-1.56,-6.44,0.3));
#1976 = B_SPLINE_SURFACE_WITH_KNOTS('',1,1,(
    (#1977,#1978)
    ,(#1979,#1980
    )),.UNSPECIFIED.,.F.,.F.,.F.,(2,2),(2,2),(0.,5.28),(0.,1.),
  .PIECEWISE_BEZIER_KNOTS.);
#1977 = CARTESIAN_POINT('',(-1.36,-6.64,0.));
#1978 = CARTESIAN_POINT('',(-1.56,-6.44,0.3));
#1979 = CARTESIAN_POINT('',(-1.36,-1.36,0.));
#1980 = CARTESIAN_POINT('',(-1.56,-1.56,0.3));
#1981 = ADVANCED_FACE('',(#1982),#1999,.F.);
#1982 = FACE_BOUND('',#1983,.F.);
#1983 = EDGE_LOOP('',(#1984,#1985,#1986,#1994));
#1984 = ORIENTED_EDGE('',*,*,#947,.T.);
#1985 = ORIENTED_EDGE('',*,*,#1972,.T.);
#1986 = ORIENTED_EDGE('',*,*,#1987,.F.);
#1987 = EDGE_CURVE('',#1988,#1965,#1990,.T.);
#1988 = VERTEX_POINT('',#1989);
#1989 = CARTESIAN_POINT('',(-1.56,-9.56,0.3));
#1990 = LINE('',#1991,#1992);
#1991 = CARTESIAN_POINT('',(-1.56,-9.56,0.3));
#1992 = VECTOR('',#1993,1.);
#1993 = DIRECTION('',(0.,1.,0.));
#1994 = ORIENTED_EDGE('',*,*,#1995,.F.);
#1995 = EDGE_CURVE('',#940,#1988,#1996,.T.);
#1996 = B_SPLINE_CURVE_WITH_KNOTS('',1,(#1997,#1998),.UNSPECIFIED.,.F.,
  .F.,(2,2),(0.,1.),.PIECEWISE_BEZIER_KNOTS.);
#1997 = CARTESIAN_POINT('',(-1.36,-9.36,0.));
#1998 = CARTESIAN_POINT('',(-1.56,-9.56,0.3));
#1999 = B_SPLINE_SURFACE_WITH_KNOTS('',1,1,(
    (#2000,#2001)
    ,(#2002,#2003
    )),.UNSPECIFIED.,.F.,.F.,.F.,(2,2),(2,2),(0.,3.12),(0.,1.),
  .PIECEWISE_BEZIER_KNOTS.);
#2000 = CARTESIAN_POINT('',(-1.36,-9.36,0.));
#2001 = CARTESIAN_POINT('',(-1.56,-9.56,0.3));
#2002 = CARTESIAN_POINT('',(-1.36,-6.64,0.));
#2003 = CARTESIAN_POINT('',(-1.56,-6.44,0.3));
#2004 = ADVANCED_FACE('',(#2005),#2022,.F.);
#2005 = FACE_BOUND('',#2006,.F.);
#2006 = EDGE_LOOP('',(#2007,#2008,#2009,#2017));
#2007 = ORIENTED_EDGE('',*,*,#939,.T.);
#2008 = ORIENTED_EDGE('',*,*,#1995,.T.);
#2009 = ORIENTED_EDGE('',*,*,#2010,.F.);
#2010 = EDGE_CURVE('',#2011,#1988,#2013,.T.);
#2011 = VERTEX_POINT('',#2012);
#2012 = CARTESIAN_POINT('',(-1.56,-14.44,0.3));
#2013 = LINE('',#2014,#2015);
#2014 = CARTESIAN_POINT('',(-1.56,-14.44,0.3));
#2015 = VECTOR('',#2016,1.);
#2016 = DIRECTION('',(0.,1.,0.));
#2017 = ORIENTED_EDGE('',*,*,#2018,.F.);
#2018 = EDGE_CURVE('',#932,#2011,#2019,.T.);
#2019 = B_SPLINE_CURVE_WITH_KNOTS('',1,(#2020,#2021),.UNSPECIFIED.,.F.,
  .F.,(2,2),(0.,1.),.PIECEWISE_BEZIER_KNOTS.);
#2020 = CARTESIAN_POINT('',(-1.36,-14.64,0.));
#2021 = CARTESIAN_POINT('',(-1.56,-14.44,0.3));
#2022 = B_SPLINE_SURFACE_WITH_KNOTS('',1,1,(
    (#2023,#2024)
    ,(#2025,#2026
    )),.UNSPECIFIED.,.F.,.F.,.F.,(2,2),(2,2),(0.,5.28),(0.,1.),
  .PIECEWISE_BEZIER_KNOTS.);
#2023 = CARTESIAN_POINT('',(-1.36,-14.64,0.));
#2024 = CARTESIAN_POINT('',(-1.56,-14.44,0.3));
#2025 = CARTESIAN_POINT('',(-1.36,-9.36,0.));
#2026 = CARTESIAN_POINT('',(-1.56,-9.56,0.3));
#2027 = ADVANCED_FACE('',(#2028),#2045,.F.);
#2028 = FACE_BOUND('',#2029,.F.);
#2029 = EDGE_LOOP('',(#2030,#2031,#2032,#2040));
#2030 = ORIENTED_EDGE('',*,*,#931,.T.);
#2031 = ORIENTED_EDGE('',*,*,#2018,.T.);
#2032 = ORIENTED_EDGE('',*,*,#2033,.F.);
#2033 = EDGE_CURVE('',#2034,#2011,#2036,.T.);
#2034 = VERTEX_POINT('',#2035);
#2035 = CARTESIAN_POINT('',(-1.56,-17.56,0.3));
#2036 = LINE('',#2037,#2038);
#2037 = CARTESIAN_POINT('',(-1.56,-17.56,0.3));
#2038 = VECTOR('',#2039,1.);
#2039 = DIRECTION('',(0.,1.,0.));
#2040 = ORIENTED_EDGE('',*,*,#2041,.F.);
#2041 = EDGE_CURVE('',#924,#2034,#2042,.T.);
#2042 = B_SPLINE_CURVE_WITH_KNOTS('',1,(#2043,#2044),.UNSPECIFIED.,.F.,
  .F.,(2,2),(0.,1.),.PIECEWISE_BEZIER_KNOTS.);
#2043 = CARTESIAN_POINT('',(-1.36,-17.36,0.));
#2044 = CARTESIAN_POINT('',(-1.56,-17.56,0.3));
#2045 = B_SPLINE_SURFACE_WITH_KNOTS('',1,1,(
    (#2046,#2047)
    ,(#2048,#2049
    )),.UNSPECIFIED.,.F.,.F.,.F.,(2,2),(2,2),(0.,3.12),(0.,1.),
  .PIECEWISE_BEZIER_KNOTS.);
#2046 = CARTESIAN_POINT('',(-1.36,-17.36,0.));
#2047 = CARTESIAN_POINT('',(-1.56,-17.56,0.3));
#2048 = CARTESIAN_POINT('',(-1.36,-14.64,0.));
#2049 = CARTESIAN_POINT('',(-1.56,-14.44,0.3));
#2050 = ADVANCED_FACE('',(#2051),#2068,.F.);
#2051 = FACE_BOUND('',#2052,.F.);
#2052 = EDGE_LOOP('',(#2053,#2054,#2055,#2063));
#2053 = ORIENTED_EDGE('',*,*,#923,.T.);
#2054 = ORIENTED_EDGE('',*,*,#2041,.T.);
#2055 = ORIENTED_EDGE('',*,*,#2056,.F.);
#2056 = EDGE_CURVE('',#2057,#2034,#2059,.T.);
#2057 = VERTEX_POINT('',#2058);
#2058 = CARTESIAN_POINT('',(-1.56,-22.44,0.3));
#2059 = LINE('',#2060,#2061);
#2060 = CARTESIAN_POINT('',(-1.56,-22.44,0.3));
#2061 = VECTOR('',#2062,1.);
#2062 = DIRECTION('',(0.,1.,0.));
#2063 = ORIENTED_EDGE('',*,*,#2064,.F.);
#2064 = EDGE_CURVE('',#916,#2057,#2065,.T.);
#2065 = B_SPLINE_CURVE_WITH_KNOTS('',1,(#2066,#2067),.UNSPECIFIED.,.F.,
  .F.,(2,2),(0.,1.),.PIECEWISE_BEZIER_KNOTS.);
#2066 = CARTESIAN_POINT('',(-1.36,-22.64,0.));
#2067 = CARTESIAN_POINT('',(-1.56,-22.44,0.3));
#2068 = B_SPLINE_SURFACE_WITH_KNOTS('',1,1,(
    (#2069,#2070)
    ,(#2071,#2072
    )),.UNSPECIFIED.,.F.,.F.,.F.,(2,2),(2,2),(0.,5.28),(0.,1.),
  .PIECEWISE_BEZIER_KNOTS.);
#2069 = CARTESIAN_POINT('',(-1.36,-22.64,0.));
#2070 = CARTESIAN_POINT('',(-1.56,-22.44,0.3));
#2071 = CARTESIAN_POINT('',(-1.36,-17.36,0.));
#2072 = CARTESIAN_POINT('',(-1.56,-17.56,0.3));
#2073 = ADVANCED_FACE('',(#2074),#2085,.F.);
#2074 = FACE_BOUND('',#2075,.F.);
#2075 = EDGE_LOOP('',(#2076,#2077,#2078,#2084));
#2076 = ORIENTED_EDGE('',*,*,#915,.T.);
#2077 = ORIENTED_EDGE('',*,*,#2064,.T.);
#2078 = ORIENTED_EDGE('',*,*,#2079,.F.);
#2079 = EDGE_CURVE('',#1498,#2057,#2080,.T.);
#2080 = LINE('',#2081,#2082);
#2081 = CARTESIAN_POINT('',(-14.44,-22.44,0.3));
#2082 = VECTOR('',#2083,1.);
#2083 = DIRECTION('',(1.,0.,0.));
#2084 = ORIENTED_EDGE('',*,*,#1497,.F.);
#2085 = B_SPLINE_SURFACE_WITH_KNOTS('',1,1,(
    (#2086,#2087)
    ,(#2088,#2089
    )),.UNSPECIFIED.,.F.,.F.,.F.,(2,2),(2,2),(0.,13.28),(0.,1.),
  .PIECEWISE_BEZIER_KNOTS.);
#2086 = CARTESIAN_POINT('',(-14.64,-22.64,0.));
#2087 = CARTESIAN_POINT('',(-14.44,-22.44,0.3));
#2088 = CARTESIAN_POINT('',(-1.36,-22.64,0.));
#2089 = CARTESIAN_POINT('',(-1.56,-22.44,0.3));
#2090 = ADVANCED_FACE('',(#2091),#2094,.T.);
#2091 = FACE_BOUND('',#2092,.T.);
#2092 = EDGE_LOOP('',(#2093));
#2093 = ORIENTED_EDGE('',*,*,#1121,.T.);
#2094 = PLANE('',#2095);
#2095 = AXIS2_PLACEMENT_3D('',#2096,#2097,#2098);
#2096 = CARTESIAN_POINT('',(-12.,-12.,11.4));
#2097 = DIRECTION('',(0.,0.,1.));
#2098 = DIRECTION('',(1.,0.,0.));
#2099 = ADVANCED_FACE('',(#2100),#2103,.T.);
#2100 = FACE_BOUND('',#2101,.T.);
#2101 = EDGE_LOOP('',(#2102));
#2102 = ORIENTED_EDGE('',*,*,#1146,.T.);
#2103 = PLANE('',#2104);
#2104 = AXIS2_PLACEMENT_3D('',#2105,#2106,#2107);
#2105 = CARTESIAN_POINT('',(-4.,-20.,11.4));
#2106 = DIRECTION('',(0.,0.,1.));
#2107 = DIRECTION('',(1.,0.,0.));
#2108 = ADVANCED_FACE('',(#2109),#2112,.T.);
#2109 = FACE_BOUND('',#2110,.T.);
#2110 = EDGE_LOOP('',(#2111));
#2111 = ORIENTED_EDGE('',*,*,#1171,.T.);
#2112 = PLANE('',#2113);
#2113 = AXIS2_PLACEMENT_3D('',#2114,#2115,#2116);
#2114 = CARTESIAN_POINT('',(-4.,-12.,11.4));
#2115 = DIRECTION('',(0.,0.,1.));
#2116 = DIRECTION('',(1.,0.,0.));
#2117 = ADVANCED_FACE('',(#2118),#2121,.T.);
#2118 = FACE_BOUND('',#2119,.T.);
#2119 = EDGE_LOOP('',(#2120));
#2120 = ORIENTED_EDGE('',*,*,#1196,.T.);
#2121 = PLANE('',#2122);
#2122 = AXIS2_PLACEMENT_3D('',#2123,#2124,#2125);
#2123 = CARTESIAN_POINT('',(-12.,-4.,11.4));
#2124 = DIRECTION('',(0.,0.,1.));
#2125 = DIRECTION('',(1.,0.,0.));
#2126 = ADVANCED_FACE('',(#2127),#2130,.T.);
#2127 = FACE_BOUND('',#2128,.T.);
#2128 = EDGE_LOOP('',(#2129));
#2129 = ORIENTED_EDGE('',*,*,#1221,.T.);
#2130 = PLANE('',#2131);
#2131 = AXIS2_PLACEMENT_3D('',#2132,#2133,#2134);
#2132 = CARTESIAN_POINT('',(-4.,-4.,11.4));
#2133 = DIRECTION('',(0.,0.,1.));
#2134 = DIRECTION('',(1.,0.,0.));
#2135 = ADVANCED_FACE('',(#2136),#2139,.T.);
#2136 = FACE_BOUND('',#2137,.T.);
#2137 = EDGE_LOOP('',(#2138));
#2138 = ORIENTED_EDGE('',*,*,#1246,.T.);
#2139 = PLANE('',#2140);
#2140 = AXIS2_PLACEMENT_3D('',#2141,#2142,#2143);
#2141 = CARTESIAN_POINT('',(-12.,4.,11.4));
#2142 = DIRECTION('',(0.,0.,1.));
#2143 = DIRECTION('',(1.,0.,0.));
#2144 = ADVANCED_FACE('',(#2145),#2148,.T.);
#2145 = FACE_BOUND('',#2146,.T.);
#2146 = EDGE_LOOP('',(#2147));
#2147 = ORIENTED_EDGE('',*,*,#1271,.T.);
#2148 = PLANE('',#2149);
#2149 = AXIS2_PLACEMENT_3D('',#2150,#2151,#2152);
#2150 = CARTESIAN_POINT('',(-4.,4.,11.4));
#2151 = DIRECTION('',(0.,0.,1.));
#2152 = DIRECTION('',(1.,0.,0.));
#2153 = ADVANCED_FACE('',(#2154),#2157,.T.);
#2154 = FACE_BOUND('',#2155,.T.);
#2155 = EDGE_LOOP('',(#2156));
#2156 = ORIENTED_EDGE('',*,*,#1296,.T.);
#2157 = PLANE('',#2158);
#2158 = AXIS2_PLACEMENT_3D('',#2159,#2160,#2161);
#2159 = CARTESIAN_POINT('',(-12.,12.,11.4));
#2160 = DIRECTION('',(0.,0.,1.));
#2161 = DIRECTION('',(1.,0.,0.));
#2162 = ADVANCED_FACE('',(#2163),#2166,.T.);
#2163 = FACE_BOUND('',#2164,.T.);
#2164 = EDGE_LOOP('',(#2165));
#2165 = ORIENTED_EDGE('',*,*,#1321,.T.);
#2166 = PLANE('',#2167);
#2167 = AXIS2_PLACEMENT_3D('',#2168,#2169,#2170);
#2168 = CARTESIAN_POINT('',(-12.,20.,11.4));
#2169 = DIRECTION('',(0.,0.,1.));
#2170 = DIRECTION('',(1.,0.,0.));
#2171 = ADVANCED_FACE('',(#2172),#2175,.T.);
#2172 = FACE_BOUND('',#2173,.T.);
#2173 = EDGE_LOOP('',(#2174));
#2174 = ORIENTED_EDGE('',*,*,#1346,.T.);
#2175 = PLANE('',#2176);
#2176 = AXIS2_PLACEMENT_3D('',#2177,#2178,#2179);
#2177 = CARTESIAN_POINT('',(-4.,12.,11.4));
#2178 = DIRECTION('',(0.,0.,1.));
#2179 = DIRECTION('',(1.,0.,0.));
#2180 = ADVANCED_FACE('',(#2181),#2184,.T.);
#2181 = FACE_BOUND('',#2182,.T.);
#2182 = EDGE_LOOP('',(#2183));
#2183 = ORIENTED_EDGE('',*,*,#1371,.T.);
#2184 = PLANE('',#2185);
#2185 = AXIS2_PLACEMENT_3D('',#2186,#2187,#2188);
#2186 = CARTESIAN_POINT('',(-4.,20.,11.4));
#2187 = DIRECTION('',(0.,0.,1.));
#2188 = DIRECTION('',(1.,0.,0.));
#2189 = ADVANCED_FACE('',(#2190),#2193,.T.);
#2190 = FACE_BOUND('',#2191,.T.);
#2191 = EDGE_LOOP('',(#2192));
#2192 = ORIENTED_EDGE('',*,*,#1396,.T.);
#2193 = PLANE('',#2194);
#2194 = AXIS2_PLACEMENT_3D('',#2195,#2196,#2197);
#2195 = CARTESIAN_POINT('',(4.,4.,11.4));
#2196 = DIRECTION('',(0.,0.,1.));
#2197 = DIRECTION('',(1.,0.,0.));
#2198 = ADVANCED_FACE('',(#2199),#2202,.T.);
#2199 = FACE_BOUND('',#2200,.T.);
#2200 = EDGE_LOOP('',(#2201));
#2201 = ORIENTED_EDGE('',*,*,#1421,.T.);
#2202 = PLANE('',#2203);
#2203 = AXIS2_PLACEMENT_3D('',#2204,#2205,#2206);
#2204 = CARTESIAN_POINT('',(12.,4.,11.4));
#2205 = DIRECTION('',(0.,0.,1.));
#2206 = DIRECTION('',(1.,0.,0.));
#2207 = ADVANCED_FACE('',(#2208),#2211,.T.);
#2208 = FACE_BOUND('',#2209,.T.);
#2209 = EDGE_LOOP('',(#2210));
#2210 = ORIENTED_EDGE('',*,*,#1446,.T.);
#2211 = PLANE('',#2212);
#2212 = AXIS2_PLACEMENT_3D('',#2213,#2214,#2215);
#2213 = CARTESIAN_POINT('',(4.,12.,11.4));
#2214 = DIRECTION('',(0.,0.,1.));
#2215 = DIRECTION('',(1.,0.,0.));
#2216 = ADVANCED_FACE('',(#2217),#2220,.T.);
#2217 = FACE_BOUND('',#2218,.T.);
#2218 = EDGE_LOOP('',(#2219));
#2219 = ORIENTED_EDGE('',*,*,#1471,.T.);
#2220 = PLANE('',#2221);
#2221 = AXIS2_PLACEMENT_3D('',#2222,#2223,#2224);
#2222 = CARTESIAN_POINT('',(12.,12.,11.4));
#2223 = DIRECTION('',(0.,0.,1.));
#2224 = DIRECTION('',(1.,0.,0.));
#2225 = ADVANCED_FACE('',(#2226),#2421,.F.);
#2226 = FACE_BOUND('',#2227,.F.);
#2227 = EDGE_LOOP('',(#2228,#2229,#2237,#2245,#2253,#2261,#2269,#2277,
    #2285,#2293,#2301,#2309,#2317,#2325,#2333,#2341,#2349,#2357,#2365,
    #2373,#2381,#2389,#2397,#2405,#2411,#2412,#2413,#2414,#2415,#2416,
    #2417,#2418,#2419,#2420));
#2228 = ORIENTED_EDGE('',*,*,#1504,.F.);
#2229 = ORIENTED_EDGE('',*,*,#2230,.T.);
#2230 = EDGE_CURVE('',#1498,#2231,#2233,.T.);
#2231 = VERTEX_POINT('',#2232);
#2232 = CARTESIAN_POINT('',(-14.44,-22.44,8.));
#2233 = LINE('',#2234,#2235);
#2234 = CARTESIAN_POINT('',(-14.44,-22.44,0.));
#2235 = VECTOR('',#2236,1.);
#2236 = DIRECTION('',(0.,0.,1.));
#2237 = ORIENTED_EDGE('',*,*,#2238,.T.);
#2238 = EDGE_CURVE('',#2231,#2239,#2241,.T.);
#2239 = VERTEX_POINT('',#2240);
#2240 = CARTESIAN_POINT('',(-14.44,-16.6,8.));
#2241 = LINE('',#2242,#2243);
#2242 = CARTESIAN_POINT('',(-14.44,-22.44,8.));
#2243 = VECTOR('',#2244,1.);
#2244 = DIRECTION('',(0.,1.,0.));
#2245 = ORIENTED_EDGE('',*,*,#2246,.F.);
#2246 = EDGE_CURVE('',#2247,#2239,#2249,.T.);
#2247 = VERTEX_POINT('',#2248);
#2248 = CARTESIAN_POINT('',(-14.44,-16.6,6.8));
#2249 = LINE('',#2250,#2251);
#2250 = CARTESIAN_POINT('',(-14.44,-16.6,5.4));
#2251 = VECTOR('',#2252,1.);
#2252 = DIRECTION('',(0.,0.,1.));
#2253 = ORIENTED_EDGE('',*,*,#2254,.T.);
#2254 = EDGE_CURVE('',#2247,#2255,#2257,.T.);
#2255 = VERTEX_POINT('',#2256);
#2256 = CARTESIAN_POINT('',(-14.44,-15.4,6.8));
#2257 = LINE('',#2258,#2259);
#2258 = CARTESIAN_POINT('',(-14.44,-7.147991438612E-16,6.8));
#2259 = VECTOR('',#2260,1.);
#2260 = DIRECTION('',(0.,1.,0.));
#2261 = ORIENTED_EDGE('',*,*,#2262,.T.);
#2262 = EDGE_CURVE('',#2255,#2263,#2265,.T.);
#2263 = VERTEX_POINT('',#2264);
#2264 = CARTESIAN_POINT('',(-14.44,-15.4,8.));
#2265 = LINE('',#2266,#2267);
#2266 = CARTESIAN_POINT('',(-14.44,-15.4,5.4));
#2267 = VECTOR('',#2268,1.);
#2268 = DIRECTION('',(0.,0.,1.));
#2269 = ORIENTED_EDGE('',*,*,#2270,.T.);
#2270 = EDGE_CURVE('',#2263,#2271,#2273,.T.);
#2271 = VERTEX_POINT('',#2272);
#2272 = CARTESIAN_POINT('',(-14.44,-8.6,8.));
#2273 = LINE('',#2274,#2275);
#2274 = CARTESIAN_POINT('',(-14.44,-22.44,8.));
#2275 = VECTOR('',#2276,1.);
#2276 = DIRECTION('',(0.,1.,0.));
#2277 = ORIENTED_EDGE('',*,*,#2278,.F.);
#2278 = EDGE_CURVE('',#2279,#2271,#2281,.T.);
#2279 = VERTEX_POINT('',#2280);
#2280 = CARTESIAN_POINT('',(-14.44,-8.6,6.8));
#2281 = LINE('',#2282,#2283);
#2282 = CARTESIAN_POINT('',(-14.44,-8.6,5.4));
#2283 = VECTOR('',#2284,1.);
#2284 = DIRECTION('',(0.,0.,1.));
#2285 = ORIENTED_EDGE('',*,*,#2286,.T.);
#2286 = EDGE_CURVE('',#2279,#2287,#2289,.T.);
#2287 = VERTEX_POINT('',#2288);
#2288 = CARTESIAN_POINT('',(-14.44,-7.4,6.8));
#2289 = LINE('',#2290,#2291);
#2290 = CARTESIAN_POINT('',(-14.44,-7.147991438612E-16,6.8));
#2291 = VECTOR('',#2292,1.);
#2292 = DIRECTION('',(0.,1.,0.));
#2293 = ORIENTED_EDGE('',*,*,#2294,.T.);
#2294 = EDGE_CURVE('',#2287,#2295,#2297,.T.);
#2295 = VERTEX_POINT('',#2296);
#2296 = CARTESIAN_POINT('',(-14.44,-7.4,8.));
#2297 = LINE('',#2298,#2299);
#2298 = CARTESIAN_POINT('',(-14.44,-7.4,5.4));
#2299 = VECTOR('',#2300,1.);
#2300 = DIRECTION('',(0.,0.,1.));
#2301 = ORIENTED_EDGE('',*,*,#2302,.T.);
#2302 = EDGE_CURVE('',#2295,#2303,#2305,.T.);
#2303 = VERTEX_POINT('',#2304);
#2304 = CARTESIAN_POINT('',(-14.44,-0.6,8.));
#2305 = LINE('',#2306,#2307);
#2306 = CARTESIAN_POINT('',(-14.44,-22.44,8.));
#2307 = VECTOR('',#2308,1.);
#2308 = DIRECTION('',(0.,1.,0.));
#2309 = ORIENTED_EDGE('',*,*,#2310,.F.);
#2310 = EDGE_CURVE('',#2311,#2303,#2313,.T.);
#2311 = VERTEX_POINT('',#2312);
#2312 = CARTESIAN_POINT('',(-14.44,-0.6,6.8));
#2313 = LINE('',#2314,#2315);
#2314 = CARTESIAN_POINT('',(-14.44,-0.6,5.4));
#2315 = VECTOR('',#2316,1.);
#2316 = DIRECTION('',(0.,0.,1.));
#2317 = ORIENTED_EDGE('',*,*,#2318,.T.);
#2318 = EDGE_CURVE('',#2311,#2319,#2321,.T.);
#2319 = VERTEX_POINT('',#2320);
#2320 = CARTESIAN_POINT('',(-14.44,0.6,6.8));
#2321 = LINE('',#2322,#2323);
#2322 = CARTESIAN_POINT('',(-14.44,-7.147991438612E-16,6.8));
#2323 = VECTOR('',#2324,1.);
#2324 = DIRECTION('',(0.,1.,0.));
#2325 = ORIENTED_EDGE('',*,*,#2326,.T.);
#2326 = EDGE_CURVE('',#2319,#2327,#2329,.T.);
#2327 = VERTEX_POINT('',#2328);
#2328 = CARTESIAN_POINT('',(-14.44,0.6,8.));
#2329 = LINE('',#2330,#2331);
#2330 = CARTESIAN_POINT('',(-14.44,0.6,5.4));
#2331 = VECTOR('',#2332,1.);
#2332 = DIRECTION('',(0.,0.,1.));
#2333 = ORIENTED_EDGE('',*,*,#2334,.T.);
#2334 = EDGE_CURVE('',#2327,#2335,#2337,.T.);
#2335 = VERTEX_POINT('',#2336);
#2336 = CARTESIAN_POINT('',(-14.44,7.4,8.));
#2337 = LINE('',#2338,#2339);
#2338 = CARTESIAN_POINT('',(-14.44,-22.44,8.));
#2339 = VECTOR('',#2340,1.);
#2340 = DIRECTION('',(0.,1.,0.));
#2341 = ORIENTED_EDGE('',*,*,#2342,.F.);
#2342 = EDGE_CURVE('',#2343,#2335,#2345,.T.);
#2343 = VERTEX_POINT('',#2344);
#2344 = CARTESIAN_POINT('',(-14.44,7.4,6.8));
#2345 = LINE('',#2346,#2347);
#2346 = CARTESIAN_POINT('',(-14.44,7.4,5.4));
#2347 = VECTOR('',#2348,1.);
#2348 = DIRECTION('',(0.,0.,1.));
#2349 = ORIENTED_EDGE('',*,*,#2350,.T.);
#2350 = EDGE_CURVE('',#2343,#2351,#2353,.T.);
#2351 = VERTEX_POINT('',#2352);
#2352 = CARTESIAN_POINT('',(-14.44,8.6,6.8));
#2353 = LINE('',#2354,#2355);
#2354 = CARTESIAN_POINT('',(-14.44,-7.147991438612E-16,6.8));
#2355 = VECTOR('',#2356,1.);
#2356 = DIRECTION('',(0.,1.,0.));
#2357 = ORIENTED_EDGE('',*,*,#2358,.T.);
#2358 = EDGE_CURVE('',#2351,#2359,#2361,.T.);
#2359 = VERTEX_POINT('',#2360);
#2360 = CARTESIAN_POINT('',(-14.44,8.6,8.));
#2361 = LINE('',#2362,#2363);
#2362 = CARTESIAN_POINT('',(-14.44,8.6,5.4));
#2363 = VECTOR('',#2364,1.);
#2364 = DIRECTION('',(0.,0.,1.));
#2365 = ORIENTED_EDGE('',*,*,#2366,.T.);
#2366 = EDGE_CURVE('',#2359,#2367,#2369,.T.);
#2367 = VERTEX_POINT('',#2368);
#2368 = CARTESIAN_POINT('',(-14.44,15.4,8.));
#2369 = LINE('',#2370,#2371);
#2370 = CARTESIAN_POINT('',(-14.44,-22.44,8.));
#2371 = VECTOR('',#2372,1.);
#2372 = DIRECTION('',(0.,1.,0.));
#2373 = ORIENTED_EDGE('',*,*,#2374,.F.);
#2374 = EDGE_CURVE('',#2375,#2367,#2377,.T.);
#2375 = VERTEX_POINT('',#2376);
#2376 = CARTESIAN_POINT('',(-14.44,15.4,6.8));
#2377 = LINE('',#2378,#2379);
#2378 = CARTESIAN_POINT('',(-14.44,15.4,5.4));
#2379 = VECTOR('',#2380,1.);
#2380 = DIRECTION('',(0.,0.,1.));
#2381 = ORIENTED_EDGE('',*,*,#2382,.T.);
#2382 = EDGE_CURVE('',#2375,#2383,#2385,.T.);
#2383 = VERTEX_POINT('',#2384);
#2384 = CARTESIAN_POINT('',(-14.44,16.6,6.8));
#2385 = LINE('',#2386,#2387);
#2386 = CARTESIAN_POINT('',(-14.44,-7.147991438612E-16,6.8));
#2387 = VECTOR('',#2388,1.);
#2388 = DIRECTION('',(0.,1.,0.));
#2389 = ORIENTED_EDGE('',*,*,#2390,.T.);
#2390 = EDGE_CURVE('',#2383,#2391,#2393,.T.);
#2391 = VERTEX_POINT('',#2392);
#2392 = CARTESIAN_POINT('',(-14.44,16.6,8.));
#2393 = LINE('',#2394,#2395);
#2394 = CARTESIAN_POINT('',(-14.44,16.6,5.4));
#2395 = VECTOR('',#2396,1.);
#2396 = DIRECTION('',(0.,0.,1.));
#2397 = ORIENTED_EDGE('',*,*,#2398,.T.);
#2398 = EDGE_CURVE('',#2391,#2399,#2401,.T.);
#2399 = VERTEX_POINT('',#2400);
#2400 = CARTESIAN_POINT('',(-14.44,22.44,8.));
#2401 = LINE('',#2402,#2403);
#2402 = CARTESIAN_POINT('',(-14.44,-22.44,8.));
#2403 = VECTOR('',#2404,1.);
#2404 = DIRECTION('',(0.,1.,0.));
#2405 = ORIENTED_EDGE('',*,*,#2406,.F.);
#2406 = EDGE_CURVE('',#1735,#2399,#2407,.T.);
#2407 = LINE('',#2408,#2409);
#2408 = CARTESIAN_POINT('',(-14.44,22.44,0.));
#2409 = VECTOR('',#2410,1.);
#2410 = DIRECTION('',(0.,0.,1.));
#2411 = ORIENTED_EDGE('',*,*,#1734,.F.);
#2412 = ORIENTED_EDGE('',*,*,#1711,.F.);
#2413 = ORIENTED_EDGE('',*,*,#1688,.F.);
#2414 = ORIENTED_EDGE('',*,*,#1665,.F.);
#2415 = ORIENTED_EDGE('',*,*,#1642,.F.);
#2416 = ORIENTED_EDGE('',*,*,#1619,.F.);
#2417 = ORIENTED_EDGE('',*,*,#1596,.F.);
#2418 = ORIENTED_EDGE('',*,*,#1573,.F.);
#2419 = ORIENTED_EDGE('',*,*,#1550,.F.);
#2420 = ORIENTED_EDGE('',*,*,#1527,.F.);
#2421 = PLANE('',#2422);
#2422 = AXIS2_PLACEMENT_3D('',#2423,#2424,#2425);
#2423 = CARTESIAN_POINT('',(-14.44,-7.390289422618E-16,4.));
#2424 = DIRECTION('',(-1.,-0.,-0.));
#2425 = DIRECTION('',(0.,0.,-1.));
#2426 = ADVANCED_FACE('',(#2427),#2477,.F.);
#2427 = FACE_BOUND('',#2428,.F.);
#2428 = EDGE_LOOP('',(#2429,#2430,#2431,#2439,#2447,#2455,#2463,#2471));
#2429 = ORIENTED_EDGE('',*,*,#1757,.F.);
#2430 = ORIENTED_EDGE('',*,*,#2406,.T.);
#2431 = ORIENTED_EDGE('',*,*,#2432,.T.);
#2432 = EDGE_CURVE('',#2399,#2433,#2435,.T.);
#2433 = VERTEX_POINT('',#2434);
#2434 = CARTESIAN_POINT('',(-8.6,22.44,8.));
#2435 = LINE('',#2436,#2437);
#2436 = CARTESIAN_POINT('',(-14.44,22.44,8.));
#2437 = VECTOR('',#2438,1.);
#2438 = DIRECTION('',(1.,0.,0.));
#2439 = ORIENTED_EDGE('',*,*,#2440,.F.);
#2440 = EDGE_CURVE('',#2441,#2433,#2443,.T.);
#2441 = VERTEX_POINT('',#2442);
#2442 = CARTESIAN_POINT('',(-8.6,22.44,6.8));
#2443 = LINE('',#2444,#2445);
#2444 = CARTESIAN_POINT('',(-8.6,22.44,3.4));
#2445 = VECTOR('',#2446,1.);
#2446 = DIRECTION('',(0.,0.,1.));
#2447 = ORIENTED_EDGE('',*,*,#2448,.T.);
#2448 = EDGE_CURVE('',#2441,#2449,#2451,.T.);
#2449 = VERTEX_POINT('',#2450);
#2450 = CARTESIAN_POINT('',(-7.4,22.44,6.8));
#2451 = LINE('',#2452,#2453);
#2452 = CARTESIAN_POINT('',(-7.22,22.44,6.8));
#2453 = VECTOR('',#2454,1.);
#2454 = DIRECTION('',(1.,0.,0.));
#2455 = ORIENTED_EDGE('',*,*,#2456,.T.);
#2456 = EDGE_CURVE('',#2449,#2457,#2459,.T.);
#2457 = VERTEX_POINT('',#2458);
#2458 = CARTESIAN_POINT('',(-7.4,22.44,8.));
#2459 = LINE('',#2460,#2461);
#2460 = CARTESIAN_POINT('',(-7.4,22.44,3.4));
#2461 = VECTOR('',#2462,1.);
#2462 = DIRECTION('',(0.,0.,1.));
#2463 = ORIENTED_EDGE('',*,*,#2464,.T.);
#2464 = EDGE_CURVE('',#2457,#2465,#2467,.T.);
#2465 = VERTEX_POINT('',#2466);
#2466 = CARTESIAN_POINT('',(-1.56,22.44,8.));
#2467 = LINE('',#2468,#2469);
#2468 = CARTESIAN_POINT('',(-14.44,22.44,8.));
#2469 = VECTOR('',#2470,1.);
#2470 = DIRECTION('',(1.,0.,0.));
#2471 = ORIENTED_EDGE('',*,*,#2472,.F.);
#2472 = EDGE_CURVE('',#1758,#2465,#2473,.T.);
#2473 = LINE('',#2474,#2475);
#2474 = CARTESIAN_POINT('',(-1.56,22.44,0.));
#2475 = VECTOR('',#2476,1.);
#2476 = DIRECTION('',(0.,0.,1.));
#2477 = PLANE('',#2478);
#2478 = AXIS2_PLACEMENT_3D('',#2479,#2480,#2481);
#2479 = CARTESIAN_POINT('',(-14.44,22.44,0.));
#2480 = DIRECTION('',(0.,1.,0.));
#2481 = DIRECTION('',(0.,0.,1.));
#2482 = ADVANCED_FACE('',(#2483),#2534,.F.);
#2483 = FACE_BOUND('',#2484,.F.);
#2484 = EDGE_LOOP('',(#2485,#2493,#2494,#2495,#2496,#2504,#2512,#2520,
    #2528));
#2485 = ORIENTED_EDGE('',*,*,#2486,.F.);
#2486 = EDGE_CURVE('',#1804,#2487,#2489,.T.);
#2487 = VERTEX_POINT('',#2488);
#2488 = CARTESIAN_POINT('',(-1.56,14.44,8.));
#2489 = LINE('',#2490,#2491);
#2490 = CARTESIAN_POINT('',(-1.56,14.44,0.));
#2491 = VECTOR('',#2492,1.);
#2492 = DIRECTION('',(0.,0.,1.));
#2493 = ORIENTED_EDGE('',*,*,#1803,.T.);
#2494 = ORIENTED_EDGE('',*,*,#1780,.T.);
#2495 = ORIENTED_EDGE('',*,*,#2472,.T.);
#2496 = ORIENTED_EDGE('',*,*,#2497,.F.);
#2497 = EDGE_CURVE('',#2498,#2465,#2500,.T.);
#2498 = VERTEX_POINT('',#2499);
#2499 = CARTESIAN_POINT('',(-1.56,16.6,8.));
#2500 = LINE('',#2501,#2502);
#2501 = CARTESIAN_POINT('',(-1.56,14.44,8.));
#2502 = VECTOR('',#2503,1.);
#2503 = DIRECTION('',(0.,1.,0.));
#2504 = ORIENTED_EDGE('',*,*,#2505,.T.);
#2505 = EDGE_CURVE('',#2498,#2506,#2508,.T.);
#2506 = VERTEX_POINT('',#2507);
#2507 = CARTESIAN_POINT('',(-1.56,16.6,6.8));
#2508 = LINE('',#2509,#2510);
#2509 = CARTESIAN_POINT('',(-1.56,16.6,5.4));
#2510 = VECTOR('',#2511,1.);
#2511 = DIRECTION('',(0.,0.,-1.));
#2512 = ORIENTED_EDGE('',*,*,#2513,.T.);
#2513 = EDGE_CURVE('',#2506,#2514,#2516,.T.);
#2514 = VERTEX_POINT('',#2515);
#2515 = CARTESIAN_POINT('',(-1.56,15.4,6.8));
#2516 = LINE('',#2517,#2518);
#2517 = CARTESIAN_POINT('',(-1.56,9.22,6.8));
#2518 = VECTOR('',#2519,1.);
#2519 = DIRECTION('',(0.,-1.,0.));
#2520 = ORIENTED_EDGE('',*,*,#2521,.F.);
#2521 = EDGE_CURVE('',#2522,#2514,#2524,.T.);
#2522 = VERTEX_POINT('',#2523);
#2523 = CARTESIAN_POINT('',(-1.56,15.4,8.));
#2524 = LINE('',#2525,#2526);
#2525 = CARTESIAN_POINT('',(-1.56,15.4,5.4));
#2526 = VECTOR('',#2527,1.);
#2527 = DIRECTION('',(0.,0.,-1.));
#2528 = ORIENTED_EDGE('',*,*,#2529,.F.);
#2529 = EDGE_CURVE('',#2487,#2522,#2530,.T.);
#2530 = LINE('',#2531,#2532);
#2531 = CARTESIAN_POINT('',(-1.56,14.44,8.));
#2532 = VECTOR('',#2533,1.);
#2533 = DIRECTION('',(0.,1.,0.));
#2534 = PLANE('',#2535);
#2535 = AXIS2_PLACEMENT_3D('',#2536,#2537,#2538);
#2536 = CARTESIAN_POINT('',(-1.56,18.44,4.));
#2537 = DIRECTION('',(1.,0.,0.));
#2538 = DIRECTION('',(0.,0.,1.));
#2539 = ADVANCED_FACE('',(#2540),#2622,.F.);
#2540 = FACE_BOUND('',#2541,.F.);
#2541 = EDGE_LOOP('',(#2542,#2543,#2544,#2552,#2560,#2568,#2576,#2584,
    #2592,#2600,#2608,#2616));
#2542 = ORIENTED_EDGE('',*,*,#1826,.F.);
#2543 = ORIENTED_EDGE('',*,*,#2486,.T.);
#2544 = ORIENTED_EDGE('',*,*,#2545,.T.);
#2545 = EDGE_CURVE('',#2487,#2546,#2548,.T.);
#2546 = VERTEX_POINT('',#2547);
#2547 = CARTESIAN_POINT('',(-0.6,14.44,8.));
#2548 = LINE('',#2549,#2550);
#2549 = CARTESIAN_POINT('',(-14.44,14.44,8.));
#2550 = VECTOR('',#2551,1.);
#2551 = DIRECTION('',(1.,0.,0.));
#2552 = ORIENTED_EDGE('',*,*,#2553,.F.);
#2553 = EDGE_CURVE('',#2554,#2546,#2556,.T.);
#2554 = VERTEX_POINT('',#2555);
#2555 = CARTESIAN_POINT('',(-0.6,14.44,6.8));
#2556 = LINE('',#2557,#2558);
#2557 = CARTESIAN_POINT('',(-0.6,14.44,3.4));
#2558 = VECTOR('',#2559,1.);
#2559 = DIRECTION('',(0.,0.,1.));
#2560 = ORIENTED_EDGE('',*,*,#2561,.T.);
#2561 = EDGE_CURVE('',#2554,#2562,#2564,.T.);
#2562 = VERTEX_POINT('',#2563);
#2563 = CARTESIAN_POINT('',(0.6,14.44,6.8));
#2564 = LINE('',#2565,#2566);
#2565 = CARTESIAN_POINT('',(-7.22,14.44,6.8));
#2566 = VECTOR('',#2567,1.);
#2567 = DIRECTION('',(1.,0.,0.));
#2568 = ORIENTED_EDGE('',*,*,#2569,.T.);
#2569 = EDGE_CURVE('',#2562,#2570,#2572,.T.);
#2570 = VERTEX_POINT('',#2571);
#2571 = CARTESIAN_POINT('',(0.6,14.44,8.));
#2572 = LINE('',#2573,#2574);
#2573 = CARTESIAN_POINT('',(0.6,14.44,3.4));
#2574 = VECTOR('',#2575,1.);
#2575 = DIRECTION('',(0.,0.,1.));
#2576 = ORIENTED_EDGE('',*,*,#2577,.T.);
#2577 = EDGE_CURVE('',#2570,#2578,#2580,.T.);
#2578 = VERTEX_POINT('',#2579);
#2579 = CARTESIAN_POINT('',(7.4,14.44,8.));
#2580 = LINE('',#2581,#2582);
#2581 = CARTESIAN_POINT('',(-14.44,14.44,8.));
#2582 = VECTOR('',#2583,1.);
#2583 = DIRECTION('',(1.,0.,0.));
#2584 = ORIENTED_EDGE('',*,*,#2585,.F.);
#2585 = EDGE_CURVE('',#2586,#2578,#2588,.T.);
#2586 = VERTEX_POINT('',#2587);
#2587 = CARTESIAN_POINT('',(7.4,14.44,6.8));
#2588 = LINE('',#2589,#2590);
#2589 = CARTESIAN_POINT('',(7.4,14.44,3.4));
#2590 = VECTOR('',#2591,1.);
#2591 = DIRECTION('',(0.,0.,1.));
#2592 = ORIENTED_EDGE('',*,*,#2593,.T.);
#2593 = EDGE_CURVE('',#2586,#2594,#2596,.T.);
#2594 = VERTEX_POINT('',#2595);
#2595 = CARTESIAN_POINT('',(8.6,14.44,6.8));
#2596 = LINE('',#2597,#2598);
#2597 = CARTESIAN_POINT('',(-7.22,14.44,6.8));
#2598 = VECTOR('',#2599,1.);
#2599 = DIRECTION('',(1.,0.,0.));
#2600 = ORIENTED_EDGE('',*,*,#2601,.T.);
#2601 = EDGE_CURVE('',#2594,#2602,#2604,.T.);
#2602 = VERTEX_POINT('',#2603);
#2603 = CARTESIAN_POINT('',(8.6,14.44,8.));
#2604 = LINE('',#2605,#2606);
#2605 = CARTESIAN_POINT('',(8.6,14.44,3.4));
#2606 = VECTOR('',#2607,1.);
#2607 = DIRECTION('',(0.,0.,1.));
#2608 = ORIENTED_EDGE('',*,*,#2609,.T.);
#2609 = EDGE_CURVE('',#2602,#2610,#2612,.T.);
#2610 = VERTEX_POINT('',#2611);
#2611 = CARTESIAN_POINT('',(14.44,14.44,8.));
#2612 = LINE('',#2613,#2614);
#2613 = CARTESIAN_POINT('',(-14.44,14.44,8.));
#2614 = VECTOR('',#2615,1.);
#2615 = DIRECTION('',(1.,0.,0.));
#2616 = ORIENTED_EDGE('',*,*,#2617,.F.);
#2617 = EDGE_CURVE('',#1827,#2610,#2618,.T.);
#2618 = LINE('',#2619,#2620);
#2619 = CARTESIAN_POINT('',(14.44,14.44,0.));
#2620 = VECTOR('',#2621,1.);
#2621 = DIRECTION('',(0.,0.,1.));
#2622 = PLANE('',#2623);
#2623 = AXIS2_PLACEMENT_3D('',#2624,#2625,#2626);
#2624 = CARTESIAN_POINT('',(-14.44,14.44,0.));
#2625 = DIRECTION('',(0.,1.,0.));
#2626 = DIRECTION('',(0.,0.,1.));
#2627 = ADVANCED_FACE('',(#2628),#2680,.F.);
#2628 = FACE_BOUND('',#2629,.F.);
#2629 = EDGE_LOOP('',(#2630,#2638,#2639,#2640,#2641,#2642,#2650,#2658,
    #2666,#2674));
#2630 = ORIENTED_EDGE('',*,*,#2631,.F.);
#2631 = EDGE_CURVE('',#1896,#2632,#2634,.T.);
#2632 = VERTEX_POINT('',#2633);
#2633 = CARTESIAN_POINT('',(14.44,1.56,8.));
#2634 = LINE('',#2635,#2636);
#2635 = CARTESIAN_POINT('',(14.44,1.56,0.));
#2636 = VECTOR('',#2637,1.);
#2637 = DIRECTION('',(0.,0.,1.));
#2638 = ORIENTED_EDGE('',*,*,#1895,.T.);
#2639 = ORIENTED_EDGE('',*,*,#1872,.T.);
#2640 = ORIENTED_EDGE('',*,*,#1849,.T.);
#2641 = ORIENTED_EDGE('',*,*,#2617,.T.);
#2642 = ORIENTED_EDGE('',*,*,#2643,.F.);
#2643 = EDGE_CURVE('',#2644,#2610,#2646,.T.);
#2644 = VERTEX_POINT('',#2645);
#2645 = CARTESIAN_POINT('',(14.44,8.6,8.));
#2646 = LINE('',#2647,#2648);
#2647 = CARTESIAN_POINT('',(14.44,1.56,8.));
#2648 = VECTOR('',#2649,1.);
#2649 = DIRECTION('',(0.,1.,0.));
#2650 = ORIENTED_EDGE('',*,*,#2651,.T.);
#2651 = EDGE_CURVE('',#2644,#2652,#2654,.T.);
#2652 = VERTEX_POINT('',#2653);
#2653 = CARTESIAN_POINT('',(14.44,8.6,6.8));
#2654 = LINE('',#2655,#2656);
#2655 = CARTESIAN_POINT('',(14.44,8.6,5.4));
#2656 = VECTOR('',#2657,1.);
#2657 = DIRECTION('',(0.,0.,-1.));
#2658 = ORIENTED_EDGE('',*,*,#2659,.T.);
#2659 = EDGE_CURVE('',#2652,#2660,#2662,.T.);
#2660 = VERTEX_POINT('',#2661);
#2661 = CARTESIAN_POINT('',(14.44,7.4,6.8));
#2662 = LINE('',#2663,#2664);
#2663 = CARTESIAN_POINT('',(14.44,4.,6.8));
#2664 = VECTOR('',#2665,1.);
#2665 = DIRECTION('',(0.,-1.,0.));
#2666 = ORIENTED_EDGE('',*,*,#2667,.F.);
#2667 = EDGE_CURVE('',#2668,#2660,#2670,.T.);
#2668 = VERTEX_POINT('',#2669);
#2669 = CARTESIAN_POINT('',(14.44,7.4,8.));
#2670 = LINE('',#2671,#2672);
#2671 = CARTESIAN_POINT('',(14.44,7.4,5.4));
#2672 = VECTOR('',#2673,1.);
#2673 = DIRECTION('',(0.,0.,-1.));
#2674 = ORIENTED_EDGE('',*,*,#2675,.F.);
#2675 = EDGE_CURVE('',#2632,#2668,#2676,.T.);
#2676 = LINE('',#2677,#2678);
#2677 = CARTESIAN_POINT('',(14.44,1.56,8.));
#2678 = VECTOR('',#2679,1.);
#2679 = DIRECTION('',(0.,1.,0.));
#2680 = PLANE('',#2681);
#2681 = AXIS2_PLACEMENT_3D('',#2682,#2683,#2684);
#2682 = CARTESIAN_POINT('',(14.44,8.,4.));
#2683 = DIRECTION('',(1.,0.,0.));
#2684 = DIRECTION('',(0.,0.,1.));
#2685 = ADVANCED_FACE('',(#2686),#2768,.T.);
#2686 = FACE_BOUND('',#2687,.T.);
#2687 = EDGE_LOOP('',(#2688,#2689,#2697,#2705,#2713,#2721,#2729,#2737,
    #2745,#2753,#2761,#2767));
#2688 = ORIENTED_EDGE('',*,*,#1925,.F.);
#2689 = ORIENTED_EDGE('',*,*,#2690,.T.);
#2690 = EDGE_CURVE('',#1917,#2691,#2693,.T.);
#2691 = VERTEX_POINT('',#2692);
#2692 = CARTESIAN_POINT('',(-1.56,1.56,8.));
#2693 = LINE('',#2694,#2695);
#2694 = CARTESIAN_POINT('',(-1.56,1.56,0.));
#2695 = VECTOR('',#2696,1.);
#2696 = DIRECTION('',(0.,0.,1.));
#2697 = ORIENTED_EDGE('',*,*,#2698,.T.);
#2698 = EDGE_CURVE('',#2691,#2699,#2701,.T.);
#2699 = VERTEX_POINT('',#2700);
#2700 = CARTESIAN_POINT('',(-0.6,1.56,8.));
#2701 = LINE('',#2702,#2703);
#2702 = CARTESIAN_POINT('',(-14.44,1.56,8.));
#2703 = VECTOR('',#2704,1.);
#2704 = DIRECTION('',(1.,0.,0.));
#2705 = ORIENTED_EDGE('',*,*,#2706,.F.);
#2706 = EDGE_CURVE('',#2707,#2699,#2709,.T.);
#2707 = VERTEX_POINT('',#2708);
#2708 = CARTESIAN_POINT('',(-0.6,1.56,6.8));
#2709 = LINE('',#2710,#2711);
#2710 = CARTESIAN_POINT('',(-0.6,1.56,3.4));
#2711 = VECTOR('',#2712,1.);
#2712 = DIRECTION('',(0.,0.,1.));
#2713 = ORIENTED_EDGE('',*,*,#2714,.T.);
#2714 = EDGE_CURVE('',#2707,#2715,#2717,.T.);
#2715 = VERTEX_POINT('',#2716);
#2716 = CARTESIAN_POINT('',(0.6,1.56,6.8));
#2717 = LINE('',#2718,#2719);
#2718 = CARTESIAN_POINT('',(-7.22,1.56,6.8));
#2719 = VECTOR('',#2720,1.);
#2720 = DIRECTION('',(1.,0.,0.));
#2721 = ORIENTED_EDGE('',*,*,#2722,.T.);
#2722 = EDGE_CURVE('',#2715,#2723,#2725,.T.);
#2723 = VERTEX_POINT('',#2724);
#2724 = CARTESIAN_POINT('',(0.6,1.56,8.));
#2725 = LINE('',#2726,#2727);
#2726 = CARTESIAN_POINT('',(0.6,1.56,3.4));
#2727 = VECTOR('',#2728,1.);
#2728 = DIRECTION('',(0.,0.,1.));
#2729 = ORIENTED_EDGE('',*,*,#2730,.T.);
#2730 = EDGE_CURVE('',#2723,#2731,#2733,.T.);
#2731 = VERTEX_POINT('',#2732);
#2732 = CARTESIAN_POINT('',(7.4,1.56,8.));
#2733 = LINE('',#2734,#2735);
#2734 = CARTESIAN_POINT('',(-14.44,1.56,8.));
#2735 = VECTOR('',#2736,1.);
#2736 = DIRECTION('',(1.,0.,0.));
#2737 = ORIENTED_EDGE('',*,*,#2738,.F.);
#2738 = EDGE_CURVE('',#2739,#2731,#2741,.T.);
#2739 = VERTEX_POINT('',#2740);
#2740 = CARTESIAN_POINT('',(7.4,1.56,6.8));
#2741 = LINE('',#2742,#2743);
#2742 = CARTESIAN_POINT('',(7.4,1.56,3.4));
#2743 = VECTOR('',#2744,1.);
#2744 = DIRECTION('',(0.,0.,1.));
#2745 = ORIENTED_EDGE('',*,*,#2746,.T.);
#2746 = EDGE_CURVE('',#2739,#2747,#2749,.T.);
#2747 = VERTEX_POINT('',#2748);
#2748 = CARTESIAN_POINT('',(8.6,1.56,6.8));
#2749 = LINE('',#2750,#2751);
#2750 = CARTESIAN_POINT('',(-7.22,1.56,6.8));
#2751 = VECTOR('',#2752,1.);
#2752 = DIRECTION('',(1.,0.,0.));
#2753 = ORIENTED_EDGE('',*,*,#2754,.T.);
#2754 = EDGE_CURVE('',#2747,#2755,#2757,.T.);
#2755 = VERTEX_POINT('',#2756);
#2756 = CARTESIAN_POINT('',(8.6,1.56,8.));
#2757 = LINE('',#2758,#2759);
#2758 = CARTESIAN_POINT('',(8.6,1.56,3.4));
#2759 = VECTOR('',#2760,1.);
#2760 = DIRECTION('',(0.,0.,1.));
#2761 = ORIENTED_EDGE('',*,*,#2762,.T.);
#2762 = EDGE_CURVE('',#2755,#2632,#2763,.T.);
#2763 = LINE('',#2764,#2765);
#2764 = CARTESIAN_POINT('',(-14.44,1.56,8.));
#2765 = VECTOR('',#2766,1.);
#2766 = DIRECTION('',(1.,0.,0.));
#2767 = ORIENTED_EDGE('',*,*,#2631,.F.);
#2768 = PLANE('',#2769);
#2769 = AXIS2_PLACEMENT_3D('',#2770,#2771,#2772);
#2770 = CARTESIAN_POINT('',(-14.44,1.56,0.));
#2771 = DIRECTION('',(0.,1.,0.));
#2772 = DIRECTION('',(0.,0.,1.));
#2773 = ADVANCED_FACE('',(#2774),#2893,.F.);
#2774 = FACE_BOUND('',#2775,.F.);
#2775 = EDGE_LOOP('',(#2776,#2784,#2785,#2786,#2787,#2788,#2789,#2790,
    #2791,#2799,#2807,#2815,#2823,#2831,#2839,#2847,#2855,#2863,#2871,
    #2879,#2887));
#2776 = ORIENTED_EDGE('',*,*,#2777,.F.);
#2777 = EDGE_CURVE('',#2057,#2778,#2780,.T.);
#2778 = VERTEX_POINT('',#2779);
#2779 = CARTESIAN_POINT('',(-1.56,-22.44,8.));
#2780 = LINE('',#2781,#2782);
#2781 = CARTESIAN_POINT('',(-1.56,-22.44,0.));
#2782 = VECTOR('',#2783,1.);
#2783 = DIRECTION('',(0.,0.,1.));
#2784 = ORIENTED_EDGE('',*,*,#2056,.T.);
#2785 = ORIENTED_EDGE('',*,*,#2033,.T.);
#2786 = ORIENTED_EDGE('',*,*,#2010,.T.);
#2787 = ORIENTED_EDGE('',*,*,#1987,.T.);
#2788 = ORIENTED_EDGE('',*,*,#1964,.T.);
#2789 = ORIENTED_EDGE('',*,*,#1941,.T.);
#2790 = ORIENTED_EDGE('',*,*,#2690,.T.);
#2791 = ORIENTED_EDGE('',*,*,#2792,.F.);
#2792 = EDGE_CURVE('',#2793,#2691,#2795,.T.);
#2793 = VERTEX_POINT('',#2794);
#2794 = CARTESIAN_POINT('',(-1.56,0.6,8.));
#2795 = LINE('',#2796,#2797);
#2796 = CARTESIAN_POINT('',(-1.56,-22.44,8.));
#2797 = VECTOR('',#2798,1.);
#2798 = DIRECTION('',(0.,1.,0.));
#2799 = ORIENTED_EDGE('',*,*,#2800,.T.);
#2800 = EDGE_CURVE('',#2793,#2801,#2803,.T.);
#2801 = VERTEX_POINT('',#2802);
#2802 = CARTESIAN_POINT('',(-1.56,0.6,6.8));
#2803 = LINE('',#2804,#2805);
#2804 = CARTESIAN_POINT('',(-1.56,0.6,5.4));
#2805 = VECTOR('',#2806,1.);
#2806 = DIRECTION('',(0.,0.,-1.));
#2807 = ORIENTED_EDGE('',*,*,#2808,.T.);
#2808 = EDGE_CURVE('',#2801,#2809,#2811,.T.);
#2809 = VERTEX_POINT('',#2810);
#2810 = CARTESIAN_POINT('',(-1.56,-0.6,6.8));
#2811 = LINE('',#2812,#2813);
#2812 = CARTESIAN_POINT('',(-1.56,-5.22,6.8));
#2813 = VECTOR('',#2814,1.);
#2814 = DIRECTION('',(0.,-1.,0.));
#2815 = ORIENTED_EDGE('',*,*,#2816,.F.);
#2816 = EDGE_CURVE('',#2817,#2809,#2819,.T.);
#2817 = VERTEX_POINT('',#2818);
#2818 = CARTESIAN_POINT('',(-1.56,-0.6,8.));
#2819 = LINE('',#2820,#2821);
#2820 = CARTESIAN_POINT('',(-1.56,-0.6,5.4));
#2821 = VECTOR('',#2822,1.);
#2822 = DIRECTION('',(0.,0.,-1.));
#2823 = ORIENTED_EDGE('',*,*,#2824,.F.);
#2824 = EDGE_CURVE('',#2825,#2817,#2827,.T.);
#2825 = VERTEX_POINT('',#2826);
#2826 = CARTESIAN_POINT('',(-1.56,-7.4,8.));
#2827 = LINE('',#2828,#2829);
#2828 = CARTESIAN_POINT('',(-1.56,-22.44,8.));
#2829 = VECTOR('',#2830,1.);
#2830 = DIRECTION('',(0.,1.,0.));
#2831 = ORIENTED_EDGE('',*,*,#2832,.T.);
#2832 = EDGE_CURVE('',#2825,#2833,#2835,.T.);
#2833 = VERTEX_POINT('',#2834);
#2834 = CARTESIAN_POINT('',(-1.56,-7.4,6.8));
#2835 = LINE('',#2836,#2837);
#2836 = CARTESIAN_POINT('',(-1.56,-7.4,5.4));
#2837 = VECTOR('',#2838,1.);
#2838 = DIRECTION('',(0.,0.,-1.));
#2839 = ORIENTED_EDGE('',*,*,#2840,.T.);
#2840 = EDGE_CURVE('',#2833,#2841,#2843,.T.);
#2841 = VERTEX_POINT('',#2842);
#2842 = CARTESIAN_POINT('',(-1.56,-8.6,6.8));
#2843 = LINE('',#2844,#2845);
#2844 = CARTESIAN_POINT('',(-1.56,-5.22,6.8));
#2845 = VECTOR('',#2846,1.);
#2846 = DIRECTION('',(0.,-1.,0.));
#2847 = ORIENTED_EDGE('',*,*,#2848,.F.);
#2848 = EDGE_CURVE('',#2849,#2841,#2851,.T.);
#2849 = VERTEX_POINT('',#2850);
#2850 = CARTESIAN_POINT('',(-1.56,-8.6,8.));
#2851 = LINE('',#2852,#2853);
#2852 = CARTESIAN_POINT('',(-1.56,-8.6,5.4));
#2853 = VECTOR('',#2854,1.);
#2854 = DIRECTION('',(0.,0.,-1.));
#2855 = ORIENTED_EDGE('',*,*,#2856,.F.);
#2856 = EDGE_CURVE('',#2857,#2849,#2859,.T.);
#2857 = VERTEX_POINT('',#2858);
#2858 = CARTESIAN_POINT('',(-1.56,-15.4,8.));
#2859 = LINE('',#2860,#2861);
#2860 = CARTESIAN_POINT('',(-1.56,-22.44,8.));
#2861 = VECTOR('',#2862,1.);
#2862 = DIRECTION('',(0.,1.,0.));
#2863 = ORIENTED_EDGE('',*,*,#2864,.T.);
#2864 = EDGE_CURVE('',#2857,#2865,#2867,.T.);
#2865 = VERTEX_POINT('',#2866);
#2866 = CARTESIAN_POINT('',(-1.56,-15.4,6.8));
#2867 = LINE('',#2868,#2869);
#2868 = CARTESIAN_POINT('',(-1.56,-15.4,5.4));
#2869 = VECTOR('',#2870,1.);
#2870 = DIRECTION('',(0.,0.,-1.));
#2871 = ORIENTED_EDGE('',*,*,#2872,.T.);
#2872 = EDGE_CURVE('',#2865,#2873,#2875,.T.);
#2873 = VERTEX_POINT('',#2874);
#2874 = CARTESIAN_POINT('',(-1.56,-16.6,6.8));
#2875 = LINE('',#2876,#2877);
#2876 = CARTESIAN_POINT('',(-1.56,-5.22,6.8));
#2877 = VECTOR('',#2878,1.);
#2878 = DIRECTION('',(0.,-1.,0.));
#2879 = ORIENTED_EDGE('',*,*,#2880,.F.);
#2880 = EDGE_CURVE('',#2881,#2873,#2883,.T.);
#2881 = VERTEX_POINT('',#2882);
#2882 = CARTESIAN_POINT('',(-1.56,-16.6,8.));
#2883 = LINE('',#2884,#2885);
#2884 = CARTESIAN_POINT('',(-1.56,-16.6,5.4));
#2885 = VECTOR('',#2886,1.);
#2886 = DIRECTION('',(0.,0.,-1.));
#2887 = ORIENTED_EDGE('',*,*,#2888,.F.);
#2888 = EDGE_CURVE('',#2778,#2881,#2889,.T.);
#2889 = LINE('',#2890,#2891);
#2890 = CARTESIAN_POINT('',(-1.56,-22.44,8.));
#2891 = VECTOR('',#2892,1.);
#2892 = DIRECTION('',(0.,1.,0.));
#2893 = PLANE('',#2894);
#2894 = AXIS2_PLACEMENT_3D('',#2895,#2896,#2897);
#2895 = CARTESIAN_POINT('',(-1.56,-10.44,4.));
#2896 = DIRECTION('',(1.,0.,0.));
#2897 = DIRECTION('',(0.,0.,1.));
#2898 = ADVANCED_FACE('',(#2899),#2942,.T.);
#2899 = FACE_BOUND('',#2900,.T.);
#2900 = EDGE_LOOP('',(#2901,#2902,#2903,#2911,#2919,#2927,#2935,#2941));
#2901 = ORIENTED_EDGE('',*,*,#2079,.F.);
#2902 = ORIENTED_EDGE('',*,*,#2230,.T.);
#2903 = ORIENTED_EDGE('',*,*,#2904,.T.);
#2904 = EDGE_CURVE('',#2231,#2905,#2907,.T.);
#2905 = VERTEX_POINT('',#2906);
#2906 = CARTESIAN_POINT('',(-8.6,-22.44,8.));
#2907 = LINE('',#2908,#2909);
#2908 = CARTESIAN_POINT('',(-14.44,-22.44,8.));
#2909 = VECTOR('',#2910,1.);
#2910 = DIRECTION('',(1.,0.,0.));
#2911 = ORIENTED_EDGE('',*,*,#2912,.F.);
#2912 = EDGE_CURVE('',#2913,#2905,#2915,.T.);
#2913 = VERTEX_POINT('',#2914);
#2914 = CARTESIAN_POINT('',(-8.6,-22.44,6.8));
#2915 = LINE('',#2916,#2917);
#2916 = CARTESIAN_POINT('',(-8.6,-22.44,3.4));
#2917 = VECTOR('',#2918,1.);
#2918 = DIRECTION('',(0.,0.,1.));
#2919 = ORIENTED_EDGE('',*,*,#2920,.T.);
#2920 = EDGE_CURVE('',#2913,#2921,#2923,.T.);
#2921 = VERTEX_POINT('',#2922);
#2922 = CARTESIAN_POINT('',(-7.4,-22.44,6.8));
#2923 = LINE('',#2924,#2925);
#2924 = CARTESIAN_POINT('',(-7.22,-22.44,6.8));
#2925 = VECTOR('',#2926,1.);
#2926 = DIRECTION('',(1.,0.,0.));
#2927 = ORIENTED_EDGE('',*,*,#2928,.T.);
#2928 = EDGE_CURVE('',#2921,#2929,#2931,.T.);
#2929 = VERTEX_POINT('',#2930);
#2930 = CARTESIAN_POINT('',(-7.4,-22.44,8.));
#2931 = LINE('',#2932,#2933);
#2932 = CARTESIAN_POINT('',(-7.4,-22.44,3.4));
#2933 = VECTOR('',#2934,1.);
#2934 = DIRECTION('',(0.,0.,1.));
#2935 = ORIENTED_EDGE('',*,*,#2936,.T.);
#2936 = EDGE_CURVE('',#2929,#2778,#2937,.T.);
#2937 = LINE('',#2938,#2939);
#2938 = CARTESIAN_POINT('',(-14.44,-22.44,8.));
#2939 = VECTOR('',#2940,1.);
#2940 = DIRECTION('',(1.,0.,0.));
#2941 = ORIENTED_EDGE('',*,*,#2777,.F.);
#2942 = PLANE('',#2943);
#2943 = AXIS2_PLACEMENT_3D('',#2944,#2945,#2946);
#2944 = CARTESIAN_POINT('',(-14.44,-22.44,0.));
#2945 = DIRECTION('',(0.,1.,0.));
#2946 = DIRECTION('',(0.,0.,1.));
#2947 = ADVANCED_FACE('',(#2948),#2975,.F.);
#2948 = FACE_BOUND('',#2949,.F.);
#2949 = EDGE_LOOP('',(#2950,#2951,#2959,#2968,#2974));
#2950 = ORIENTED_EDGE('',*,*,#2398,.F.);
#2951 = ORIENTED_EDGE('',*,*,#2952,.T.);
#2952 = EDGE_CURVE('',#2391,#2953,#2955,.T.);
#2953 = VERTEX_POINT('',#2954);
#2954 = CARTESIAN_POINT('',(-11.16040365499,16.6,8.));
#2955 = LINE('',#2956,#2957);
#2956 = CARTESIAN_POINT('',(-15.9,16.6,8.));
#2957 = VECTOR('',#2958,1.);
#2958 = DIRECTION('',(1.,0.,0.));
#2959 = ORIENTED_EDGE('',*,*,#2960,.F.);
#2960 = EDGE_CURVE('',#2961,#2953,#2963,.T.);
#2961 = VERTEX_POINT('',#2962);
#2962 = CARTESIAN_POINT('',(-8.6,19.16040365499,8.));
#2963 = CIRCLE('',#2964,3.216854249492);
#2964 = AXIS2_PLACEMENT_3D('',#2965,#2966,#2967);
#2965 = CARTESIAN_POINT('',(-8.,16.,8.));
#2966 = DIRECTION('',(0.,0.,1.));
#2967 = DIRECTION('',(1.,0.,0.));
#2968 = ORIENTED_EDGE('',*,*,#2969,.T.);
#2969 = EDGE_CURVE('',#2961,#2433,#2970,.T.);
#2970 = LINE('',#2971,#2972);
#2971 = CARTESIAN_POINT('',(-8.6,-23.9,8.));
#2972 = VECTOR('',#2973,1.);
#2973 = DIRECTION('',(0.,1.,0.));
#2974 = ORIENTED_EDGE('',*,*,#2432,.F.);
#2975 = PLANE('',#2976);
#2976 = AXIS2_PLACEMENT_3D('',#2977,#2978,#2979);
#2977 = CARTESIAN_POINT('',(-3.470715835141,1.73535791757,8.));
#2978 = DIRECTION('',(0.,0.,1.));
#2979 = DIRECTION('',(1.,0.,0.));
#2980 = ADVANCED_FACE('',(#2981),#2999,.T.);
#2981 = FACE_BOUND('',#2982,.T.);
#2982 = EDGE_LOOP('',(#2983,#2991,#2992,#2993));
#2983 = ORIENTED_EDGE('',*,*,#2984,.F.);
#2984 = EDGE_CURVE('',#2383,#2985,#2987,.T.);
#2985 = VERTEX_POINT('',#2986);
#2986 = CARTESIAN_POINT('',(-11.16040365499,16.6,6.8));
#2987 = LINE('',#2988,#2989);
#2988 = CARTESIAN_POINT('',(-15.9,16.6,6.8));
#2989 = VECTOR('',#2990,1.);
#2990 = DIRECTION('',(1.,0.,0.));
#2991 = ORIENTED_EDGE('',*,*,#2390,.T.);
#2992 = ORIENTED_EDGE('',*,*,#2952,.T.);
#2993 = ORIENTED_EDGE('',*,*,#2994,.T.);
#2994 = EDGE_CURVE('',#2953,#2985,#2995,.T.);
#2995 = LINE('',#2996,#2997);
#2996 = CARTESIAN_POINT('',(-11.16040365499,16.6,0.3));
#2997 = VECTOR('',#2998,1.);
#2998 = DIRECTION('',(-0.,-0.,-1.));
#2999 = PLANE('',#3000);
#3000 = AXIS2_PLACEMENT_3D('',#3001,#3002,#3003);
#3001 = CARTESIAN_POINT('',(-15.9,16.6,6.8));
#3002 = DIRECTION('',(0.,1.,0.));
#3003 = DIRECTION('',(0.,0.,1.));
#3004 = ADVANCED_FACE('',(#3005),#3024,.T.);
#3005 = FACE_BOUND('',#3006,.T.);
#3006 = EDGE_LOOP('',(#3007,#3016,#3022,#3023));
#3007 = ORIENTED_EDGE('',*,*,#3008,.F.);
#3008 = EDGE_CURVE('',#3009,#2985,#3011,.T.);
#3009 = VERTEX_POINT('',#3010);
#3010 = CARTESIAN_POINT('',(-11.16040365499,15.4,6.8));
#3011 = CIRCLE('',#3012,3.216854249492);
#3012 = AXIS2_PLACEMENT_3D('',#3013,#3014,#3015);
#3013 = CARTESIAN_POINT('',(-8.,16.,6.8));
#3014 = DIRECTION('',(0.,0.,-1.));
#3015 = DIRECTION('',(1.,0.,0.));
#3016 = ORIENTED_EDGE('',*,*,#3017,.F.);
#3017 = EDGE_CURVE('',#2375,#3009,#3018,.T.);
#3018 = LINE('',#3019,#3020);
#3019 = CARTESIAN_POINT('',(-15.9,15.4,6.8));
#3020 = VECTOR('',#3021,1.);
#3021 = DIRECTION('',(1.,0.,0.));
#3022 = ORIENTED_EDGE('',*,*,#2382,.T.);
#3023 = ORIENTED_EDGE('',*,*,#2984,.T.);
#3024 = PLANE('',#3025);
#3025 = AXIS2_PLACEMENT_3D('',#3026,#3027,#3028);
#3026 = CARTESIAN_POINT('',(-9.428927601482E-16,-6.905693454606E-16,6.8)
  );
#3027 = DIRECTION('',(-0.,-0.,-1.));
#3028 = DIRECTION('',(-1.,0.,0.));
#3029 = ADVANCED_FACE('',(#3030),#3048,.F.);
#3030 = FACE_BOUND('',#3031,.F.);
#3031 = EDGE_LOOP('',(#3032,#3033,#3034,#3042));
#3032 = ORIENTED_EDGE('',*,*,#3017,.F.);
#3033 = ORIENTED_EDGE('',*,*,#2374,.T.);
#3034 = ORIENTED_EDGE('',*,*,#3035,.T.);
#3035 = EDGE_CURVE('',#2367,#3036,#3038,.T.);
#3036 = VERTEX_POINT('',#3037);
#3037 = CARTESIAN_POINT('',(-11.16040365499,15.4,8.));
#3038 = LINE('',#3039,#3040);
#3039 = CARTESIAN_POINT('',(-15.9,15.4,8.));
#3040 = VECTOR('',#3041,1.);
#3041 = DIRECTION('',(1.,0.,0.));
#3042 = ORIENTED_EDGE('',*,*,#3043,.T.);
#3043 = EDGE_CURVE('',#3036,#3009,#3044,.T.);
#3044 = LINE('',#3045,#3046);
#3045 = CARTESIAN_POINT('',(-11.16040365499,15.4,0.3));
#3046 = VECTOR('',#3047,1.);
#3047 = DIRECTION('',(-0.,-0.,-1.));
#3048 = PLANE('',#3049);
#3049 = AXIS2_PLACEMENT_3D('',#3050,#3051,#3052);
#3050 = CARTESIAN_POINT('',(-15.9,15.4,6.8));
#3051 = DIRECTION('',(0.,1.,0.));
#3052 = DIRECTION('',(0.,0.,1.));
#3053 = ADVANCED_FACE('',(#3054),#3090,.F.);
#3054 = FACE_BOUND('',#3055,.F.);
#3055 = EDGE_LOOP('',(#3056,#3057,#3065,#3074,#3082,#3089));
#3056 = ORIENTED_EDGE('',*,*,#2366,.F.);
#3057 = ORIENTED_EDGE('',*,*,#3058,.T.);
#3058 = EDGE_CURVE('',#2359,#3059,#3061,.T.);
#3059 = VERTEX_POINT('',#3060);
#3060 = CARTESIAN_POINT('',(-11.16040365499,8.6,8.));
#3061 = LINE('',#3062,#3063);
#3062 = CARTESIAN_POINT('',(-15.9,8.6,8.));
#3063 = VECTOR('',#3064,1.);
#3064 = DIRECTION('',(1.,0.,0.));
#3065 = ORIENTED_EDGE('',*,*,#3066,.F.);
#3066 = EDGE_CURVE('',#3067,#3059,#3069,.T.);
#3067 = VERTEX_POINT('',#3068);
#3068 = CARTESIAN_POINT('',(-8.6,11.16040365499,8.));
#3069 = CIRCLE('',#3070,3.216854249492);
#3070 = AXIS2_PLACEMENT_3D('',#3071,#3072,#3073);
#3071 = CARTESIAN_POINT('',(-8.,8.,8.));
#3072 = DIRECTION('',(0.,0.,1.));
#3073 = DIRECTION('',(1.,0.,0.));
#3074 = ORIENTED_EDGE('',*,*,#3075,.T.);
#3075 = EDGE_CURVE('',#3067,#3076,#3078,.T.);
#3076 = VERTEX_POINT('',#3077);
#3077 = CARTESIAN_POINT('',(-8.6,12.83959634501,8.));
#3078 = LINE('',#3079,#3080);
#3079 = CARTESIAN_POINT('',(-8.6,-23.9,8.));
#3080 = VECTOR('',#3081,1.);
#3081 = DIRECTION('',(0.,1.,0.));
#3082 = ORIENTED_EDGE('',*,*,#3083,.F.);
#3083 = EDGE_CURVE('',#3036,#3076,#3084,.T.);
#3084 = CIRCLE('',#3085,3.216854249492);
#3085 = AXIS2_PLACEMENT_3D('',#3086,#3087,#3088);
#3086 = CARTESIAN_POINT('',(-8.,16.,8.));
#3087 = DIRECTION('',(0.,0.,1.));
#3088 = DIRECTION('',(1.,0.,0.));
#3089 = ORIENTED_EDGE('',*,*,#3035,.F.);
#3090 = PLANE('',#3091);
#3091 = AXIS2_PLACEMENT_3D('',#3092,#3093,#3094);
#3092 = CARTESIAN_POINT('',(-3.470715835141,1.73535791757,8.));
#3093 = DIRECTION('',(0.,0.,1.));
#3094 = DIRECTION('',(1.,0.,0.));
#3095 = ADVANCED_FACE('',(#3096),#3114,.T.);
#3096 = FACE_BOUND('',#3097,.T.);
#3097 = EDGE_LOOP('',(#3098,#3106,#3107,#3108));
#3098 = ORIENTED_EDGE('',*,*,#3099,.F.);
#3099 = EDGE_CURVE('',#2351,#3100,#3102,.T.);
#3100 = VERTEX_POINT('',#3101);
#3101 = CARTESIAN_POINT('',(-11.16040365499,8.6,6.8));
#3102 = LINE('',#3103,#3104);
#3103 = CARTESIAN_POINT('',(-15.9,8.6,6.8));
#3104 = VECTOR('',#3105,1.);
#3105 = DIRECTION('',(1.,0.,0.));
#3106 = ORIENTED_EDGE('',*,*,#2358,.T.);
#3107 = ORIENTED_EDGE('',*,*,#3058,.T.);
#3108 = ORIENTED_EDGE('',*,*,#3109,.T.);
#3109 = EDGE_CURVE('',#3059,#3100,#3110,.T.);
#3110 = LINE('',#3111,#3112);
#3111 = CARTESIAN_POINT('',(-11.16040365499,8.6,0.3));
#3112 = VECTOR('',#3113,1.);
#3113 = DIRECTION('',(-0.,-0.,-1.));
#3114 = PLANE('',#3115);
#3115 = AXIS2_PLACEMENT_3D('',#3116,#3117,#3118);
#3116 = CARTESIAN_POINT('',(-15.9,8.6,6.8));
#3117 = DIRECTION('',(0.,1.,0.));
#3118 = DIRECTION('',(0.,0.,1.));
#3119 = ADVANCED_FACE('',(#3120),#3139,.T.);
#3120 = FACE_BOUND('',#3121,.T.);
#3121 = EDGE_LOOP('',(#3122,#3131,#3137,#3138));
#3122 = ORIENTED_EDGE('',*,*,#3123,.F.);
#3123 = EDGE_CURVE('',#3124,#3100,#3126,.T.);
#3124 = VERTEX_POINT('',#3125);
#3125 = CARTESIAN_POINT('',(-11.16040365499,7.4,6.8));
#3126 = CIRCLE('',#3127,3.216854249492);
#3127 = AXIS2_PLACEMENT_3D('',#3128,#3129,#3130);
#3128 = CARTESIAN_POINT('',(-8.,8.,6.8));
#3129 = DIRECTION('',(0.,0.,-1.));
#3130 = DIRECTION('',(1.,0.,0.));
#3131 = ORIENTED_EDGE('',*,*,#3132,.F.);
#3132 = EDGE_CURVE('',#2343,#3124,#3133,.T.);
#3133 = LINE('',#3134,#3135);
#3134 = CARTESIAN_POINT('',(-15.9,7.4,6.8));
#3135 = VECTOR('',#3136,1.);
#3136 = DIRECTION('',(1.,0.,0.));
#3137 = ORIENTED_EDGE('',*,*,#2350,.T.);
#3138 = ORIENTED_EDGE('',*,*,#3099,.T.);
#3139 = PLANE('',#3140);
#3140 = AXIS2_PLACEMENT_3D('',#3141,#3142,#3143);
#3141 = CARTESIAN_POINT('',(-9.428927601482E-16,-6.905693454606E-16,6.8)
  );
#3142 = DIRECTION('',(-0.,-0.,-1.));
#3143 = DIRECTION('',(-1.,0.,0.));
#3144 = ADVANCED_FACE('',(#3145),#3163,.F.);
#3145 = FACE_BOUND('',#3146,.F.);
#3146 = EDGE_LOOP('',(#3147,#3148,#3149,#3157));
#3147 = ORIENTED_EDGE('',*,*,#3132,.F.);
#3148 = ORIENTED_EDGE('',*,*,#2342,.T.);
#3149 = ORIENTED_EDGE('',*,*,#3150,.T.);
#3150 = EDGE_CURVE('',#2335,#3151,#3153,.T.);
#3151 = VERTEX_POINT('',#3152);
#3152 = CARTESIAN_POINT('',(-11.16040365499,7.4,8.));
#3153 = LINE('',#3154,#3155);
#3154 = CARTESIAN_POINT('',(-15.9,7.4,8.));
#3155 = VECTOR('',#3156,1.);
#3156 = DIRECTION('',(1.,0.,0.));
#3157 = ORIENTED_EDGE('',*,*,#3158,.T.);
#3158 = EDGE_CURVE('',#3151,#3124,#3159,.T.);
#3159 = LINE('',#3160,#3161);
#3160 = CARTESIAN_POINT('',(-11.16040365499,7.4,0.3));
#3161 = VECTOR('',#3162,1.);
#3162 = DIRECTION('',(-0.,-0.,-1.));
#3163 = PLANE('',#3164);
#3164 = AXIS2_PLACEMENT_3D('',#3165,#3166,#3167);
#3165 = CARTESIAN_POINT('',(-15.9,7.4,6.8));
#3166 = DIRECTION('',(0.,1.,0.));
#3167 = DIRECTION('',(0.,0.,1.));
#3168 = ADVANCED_FACE('',(#3169),#3205,.F.);
#3169 = FACE_BOUND('',#3170,.F.);
#3170 = EDGE_LOOP('',(#3171,#3172,#3180,#3189,#3197,#3204));
#3171 = ORIENTED_EDGE('',*,*,#2334,.F.);
#3172 = ORIENTED_EDGE('',*,*,#3173,.T.);
#3173 = EDGE_CURVE('',#2327,#3174,#3176,.T.);
#3174 = VERTEX_POINT('',#3175);
#3175 = CARTESIAN_POINT('',(-11.16040365499,0.6,8.));
#3176 = LINE('',#3177,#3178);
#3177 = CARTESIAN_POINT('',(-15.9,0.6,8.));
#3178 = VECTOR('',#3179,1.);
#3179 = DIRECTION('',(1.,0.,0.));
#3180 = ORIENTED_EDGE('',*,*,#3181,.F.);
#3181 = EDGE_CURVE('',#3182,#3174,#3184,.T.);
#3182 = VERTEX_POINT('',#3183);
#3183 = CARTESIAN_POINT('',(-8.6,3.16040365499,8.));
#3184 = CIRCLE('',#3185,3.216854249492);
#3185 = AXIS2_PLACEMENT_3D('',#3186,#3187,#3188);
#3186 = CARTESIAN_POINT('',(-8.,0.,8.));
#3187 = DIRECTION('',(0.,0.,1.));
#3188 = DIRECTION('',(1.,0.,0.));
#3189 = ORIENTED_EDGE('',*,*,#3190,.T.);
#3190 = EDGE_CURVE('',#3182,#3191,#3193,.T.);
#3191 = VERTEX_POINT('',#3192);
#3192 = CARTESIAN_POINT('',(-8.6,4.83959634501,8.));
#3193 = LINE('',#3194,#3195);
#3194 = CARTESIAN_POINT('',(-8.6,-23.9,8.));
#3195 = VECTOR('',#3196,1.);
#3196 = DIRECTION('',(0.,1.,0.));
#3197 = ORIENTED_EDGE('',*,*,#3198,.F.);
#3198 = EDGE_CURVE('',#3151,#3191,#3199,.T.);
#3199 = CIRCLE('',#3200,3.216854249492);
#3200 = AXIS2_PLACEMENT_3D('',#3201,#3202,#3203);
#3201 = CARTESIAN_POINT('',(-8.,8.,8.));
#3202 = DIRECTION('',(0.,0.,1.));
#3203 = DIRECTION('',(1.,0.,0.));
#3204 = ORIENTED_EDGE('',*,*,#3150,.F.);
#3205 = PLANE('',#3206);
#3206 = AXIS2_PLACEMENT_3D('',#3207,#3208,#3209);
#3207 = CARTESIAN_POINT('',(-3.470715835141,1.73535791757,8.));
#3208 = DIRECTION('',(0.,0.,1.));
#3209 = DIRECTION('',(1.,0.,0.));
#3210 = ADVANCED_FACE('',(#3211),#3229,.T.);
#3211 = FACE_BOUND('',#3212,.T.);
#3212 = EDGE_LOOP('',(#3213,#3221,#3222,#3223));
#3213 = ORIENTED_EDGE('',*,*,#3214,.F.);
#3214 = EDGE_CURVE('',#2319,#3215,#3217,.T.);
#3215 = VERTEX_POINT('',#3216);
#3216 = CARTESIAN_POINT('',(-11.16040365499,0.6,6.8));
#3217 = LINE('',#3218,#3219);
#3218 = CARTESIAN_POINT('',(-15.9,0.6,6.8));
#3219 = VECTOR('',#3220,1.);
#3220 = DIRECTION('',(1.,0.,0.));
#3221 = ORIENTED_EDGE('',*,*,#2326,.T.);
#3222 = ORIENTED_EDGE('',*,*,#3173,.T.);
#3223 = ORIENTED_EDGE('',*,*,#3224,.T.);
#3224 = EDGE_CURVE('',#3174,#3215,#3225,.T.);
#3225 = LINE('',#3226,#3227);
#3226 = CARTESIAN_POINT('',(-11.16040365499,0.6,0.3));
#3227 = VECTOR('',#3228,1.);
#3228 = DIRECTION('',(-0.,-0.,-1.));
#3229 = PLANE('',#3230);
#3230 = AXIS2_PLACEMENT_3D('',#3231,#3232,#3233);
#3231 = CARTESIAN_POINT('',(-15.9,0.6,6.8));
#3232 = DIRECTION('',(0.,1.,0.));
#3233 = DIRECTION('',(0.,0.,1.));
#3234 = ADVANCED_FACE('',(#3235),#3254,.T.);
#3235 = FACE_BOUND('',#3236,.T.);
#3236 = EDGE_LOOP('',(#3237,#3246,#3252,#3253));
#3237 = ORIENTED_EDGE('',*,*,#3238,.F.);
#3238 = EDGE_CURVE('',#3239,#3215,#3241,.T.);
#3239 = VERTEX_POINT('',#3240);
#3240 = CARTESIAN_POINT('',(-11.16040365499,-0.6,6.8));
#3241 = CIRCLE('',#3242,3.216854249492);
#3242 = AXIS2_PLACEMENT_3D('',#3243,#3244,#3245);
#3243 = CARTESIAN_POINT('',(-8.,0.,6.8));
#3244 = DIRECTION('',(0.,0.,-1.));
#3245 = DIRECTION('',(1.,0.,0.));
#3246 = ORIENTED_EDGE('',*,*,#3247,.F.);
#3247 = EDGE_CURVE('',#2311,#3239,#3248,.T.);
#3248 = LINE('',#3249,#3250);
#3249 = CARTESIAN_POINT('',(-15.9,-0.6,6.8));
#3250 = VECTOR('',#3251,1.);
#3251 = DIRECTION('',(1.,0.,0.));
#3252 = ORIENTED_EDGE('',*,*,#2318,.T.);
#3253 = ORIENTED_EDGE('',*,*,#3214,.T.);
#3254 = PLANE('',#3255);
#3255 = AXIS2_PLACEMENT_3D('',#3256,#3257,#3258);
#3256 = CARTESIAN_POINT('',(-9.428927601482E-16,-6.905693454606E-16,6.8)
  );
#3257 = DIRECTION('',(-0.,-0.,-1.));
#3258 = DIRECTION('',(-1.,0.,0.));
#3259 = ADVANCED_FACE('',(#3260),#3278,.F.);
#3260 = FACE_BOUND('',#3261,.F.);
#3261 = EDGE_LOOP('',(#3262,#3263,#3264,#3272));
#3262 = ORIENTED_EDGE('',*,*,#3247,.F.);
#3263 = ORIENTED_EDGE('',*,*,#2310,.T.);
#3264 = ORIENTED_EDGE('',*,*,#3265,.T.);
#3265 = EDGE_CURVE('',#2303,#3266,#3268,.T.);
#3266 = VERTEX_POINT('',#3267);
#3267 = CARTESIAN_POINT('',(-11.16040365499,-0.6,8.));
#3268 = LINE('',#3269,#3270);
#3269 = CARTESIAN_POINT('',(-15.9,-0.6,8.));
#3270 = VECTOR('',#3271,1.);
#3271 = DIRECTION('',(1.,0.,0.));
#3272 = ORIENTED_EDGE('',*,*,#3273,.T.);
#3273 = EDGE_CURVE('',#3266,#3239,#3274,.T.);
#3274 = LINE('',#3275,#3276);
#3275 = CARTESIAN_POINT('',(-11.16040365499,-0.6,0.3));
#3276 = VECTOR('',#3277,1.);
#3277 = DIRECTION('',(-0.,-0.,-1.));
#3278 = PLANE('',#3279);
#3279 = AXIS2_PLACEMENT_3D('',#3280,#3281,#3282);
#3280 = CARTESIAN_POINT('',(-15.9,-0.6,6.8));
#3281 = DIRECTION('',(0.,1.,0.));
#3282 = DIRECTION('',(0.,0.,1.));
#3283 = ADVANCED_FACE('',(#3284),#3320,.F.);
#3284 = FACE_BOUND('',#3285,.F.);
#3285 = EDGE_LOOP('',(#3286,#3287,#3295,#3304,#3312,#3319));
#3286 = ORIENTED_EDGE('',*,*,#2302,.F.);
#3287 = ORIENTED_EDGE('',*,*,#3288,.T.);
#3288 = EDGE_CURVE('',#2295,#3289,#3291,.T.);
#3289 = VERTEX_POINT('',#3290);
#3290 = CARTESIAN_POINT('',(-11.16040365499,-7.4,8.));
#3291 = LINE('',#3292,#3293);
#3292 = CARTESIAN_POINT('',(-15.9,-7.4,8.));
#3293 = VECTOR('',#3294,1.);
#3294 = DIRECTION('',(1.,0.,0.));
#3295 = ORIENTED_EDGE('',*,*,#3296,.F.);
#3296 = EDGE_CURVE('',#3297,#3289,#3299,.T.);
#3297 = VERTEX_POINT('',#3298);
#3298 = CARTESIAN_POINT('',(-8.6,-4.83959634501,8.));
#3299 = CIRCLE('',#3300,3.216854249492);
#3300 = AXIS2_PLACEMENT_3D('',#3301,#3302,#3303);
#3301 = CARTESIAN_POINT('',(-8.,-8.,8.));
#3302 = DIRECTION('',(0.,0.,1.));
#3303 = DIRECTION('',(1.,0.,0.));
#3304 = ORIENTED_EDGE('',*,*,#3305,.T.);
#3305 = EDGE_CURVE('',#3297,#3306,#3308,.T.);
#3306 = VERTEX_POINT('',#3307);
#3307 = CARTESIAN_POINT('',(-8.6,-3.16040365499,8.));
#3308 = LINE('',#3309,#3310);
#3309 = CARTESIAN_POINT('',(-8.6,-23.9,8.));
#3310 = VECTOR('',#3311,1.);
#3311 = DIRECTION('',(0.,1.,0.));
#3312 = ORIENTED_EDGE('',*,*,#3313,.F.);
#3313 = EDGE_CURVE('',#3266,#3306,#3314,.T.);
#3314 = CIRCLE('',#3315,3.216854249492);
#3315 = AXIS2_PLACEMENT_3D('',#3316,#3317,#3318);
#3316 = CARTESIAN_POINT('',(-8.,0.,8.));
#3317 = DIRECTION('',(0.,0.,1.));
#3318 = DIRECTION('',(1.,0.,0.));
#3319 = ORIENTED_EDGE('',*,*,#3265,.F.);
#3320 = PLANE('',#3321);
#3321 = AXIS2_PLACEMENT_3D('',#3322,#3323,#3324);
#3322 = CARTESIAN_POINT('',(-3.470715835141,1.73535791757,8.));
#3323 = DIRECTION('',(0.,0.,1.));
#3324 = DIRECTION('',(1.,0.,0.));
#3325 = ADVANCED_FACE('',(#3326),#3344,.T.);
#3326 = FACE_BOUND('',#3327,.T.);
#3327 = EDGE_LOOP('',(#3328,#3336,#3337,#3338));
#3328 = ORIENTED_EDGE('',*,*,#3329,.F.);
#3329 = EDGE_CURVE('',#2287,#3330,#3332,.T.);
#3330 = VERTEX_POINT('',#3331);
#3331 = CARTESIAN_POINT('',(-11.16040365499,-7.4,6.8));
#3332 = LINE('',#3333,#3334);
#3333 = CARTESIAN_POINT('',(-15.9,-7.4,6.8));
#3334 = VECTOR('',#3335,1.);
#3335 = DIRECTION('',(1.,0.,0.));
#3336 = ORIENTED_EDGE('',*,*,#2294,.T.);
#3337 = ORIENTED_EDGE('',*,*,#3288,.T.);
#3338 = ORIENTED_EDGE('',*,*,#3339,.T.);
#3339 = EDGE_CURVE('',#3289,#3330,#3340,.T.);
#3340 = LINE('',#3341,#3342);
#3341 = CARTESIAN_POINT('',(-11.16040365499,-7.4,0.3));
#3342 = VECTOR('',#3343,1.);
#3343 = DIRECTION('',(-0.,-0.,-1.));
#3344 = PLANE('',#3345);
#3345 = AXIS2_PLACEMENT_3D('',#3346,#3347,#3348);
#3346 = CARTESIAN_POINT('',(-15.9,-7.4,6.8));
#3347 = DIRECTION('',(0.,1.,0.));
#3348 = DIRECTION('',(0.,0.,1.));
#3349 = ADVANCED_FACE('',(#3350),#3369,.T.);
#3350 = FACE_BOUND('',#3351,.T.);
#3351 = EDGE_LOOP('',(#3352,#3361,#3367,#3368));
#3352 = ORIENTED_EDGE('',*,*,#3353,.F.);
#3353 = EDGE_CURVE('',#3354,#3330,#3356,.T.);
#3354 = VERTEX_POINT('',#3355);
#3355 = CARTESIAN_POINT('',(-11.16040365499,-8.6,6.8));
#3356 = CIRCLE('',#3357,3.216854249492);
#3357 = AXIS2_PLACEMENT_3D('',#3358,#3359,#3360);
#3358 = CARTESIAN_POINT('',(-8.,-8.,6.8));
#3359 = DIRECTION('',(0.,0.,-1.));
#3360 = DIRECTION('',(1.,0.,0.));
#3361 = ORIENTED_EDGE('',*,*,#3362,.F.);
#3362 = EDGE_CURVE('',#2279,#3354,#3363,.T.);
#3363 = LINE('',#3364,#3365);
#3364 = CARTESIAN_POINT('',(-15.9,-8.6,6.8));
#3365 = VECTOR('',#3366,1.);
#3366 = DIRECTION('',(1.,0.,0.));
#3367 = ORIENTED_EDGE('',*,*,#2286,.T.);
#3368 = ORIENTED_EDGE('',*,*,#3329,.T.);
#3369 = PLANE('',#3370);
#3370 = AXIS2_PLACEMENT_3D('',#3371,#3372,#3373);
#3371 = CARTESIAN_POINT('',(-9.428927601482E-16,-6.905693454606E-16,6.8)
  );
#3372 = DIRECTION('',(-0.,-0.,-1.));
#3373 = DIRECTION('',(-1.,0.,0.));
#3374 = ADVANCED_FACE('',(#3375),#3393,.F.);
#3375 = FACE_BOUND('',#3376,.F.);
#3376 = EDGE_LOOP('',(#3377,#3378,#3379,#3387));
#3377 = ORIENTED_EDGE('',*,*,#3362,.F.);
#3378 = ORIENTED_EDGE('',*,*,#2278,.T.);
#3379 = ORIENTED_EDGE('',*,*,#3380,.T.);
#3380 = EDGE_CURVE('',#2271,#3381,#3383,.T.);
#3381 = VERTEX_POINT('',#3382);
#3382 = CARTESIAN_POINT('',(-11.16040365499,-8.6,8.));
#3383 = LINE('',#3384,#3385);
#3384 = CARTESIAN_POINT('',(-15.9,-8.6,8.));
#3385 = VECTOR('',#3386,1.);
#3386 = DIRECTION('',(1.,0.,0.));
#3387 = ORIENTED_EDGE('',*,*,#3388,.T.);
#3388 = EDGE_CURVE('',#3381,#3354,#3389,.T.);
#3389 = LINE('',#3390,#3391);
#3390 = CARTESIAN_POINT('',(-11.16040365499,-8.6,0.3));
#3391 = VECTOR('',#3392,1.);
#3392 = DIRECTION('',(-0.,-0.,-1.));
#3393 = PLANE('',#3394);
#3394 = AXIS2_PLACEMENT_3D('',#3395,#3396,#3397);
#3395 = CARTESIAN_POINT('',(-15.9,-8.6,6.8));
#3396 = DIRECTION('',(0.,1.,0.));
#3397 = DIRECTION('',(0.,0.,1.));
#3398 = ADVANCED_FACE('',(#3399),#3435,.F.);
#3399 = FACE_BOUND('',#3400,.F.);
#3400 = EDGE_LOOP('',(#3401,#3402,#3410,#3419,#3427,#3434));
#3401 = ORIENTED_EDGE('',*,*,#2270,.F.);
#3402 = ORIENTED_EDGE('',*,*,#3403,.T.);
#3403 = EDGE_CURVE('',#2263,#3404,#3406,.T.);
#3404 = VERTEX_POINT('',#3405);
#3405 = CARTESIAN_POINT('',(-11.16040365499,-15.4,8.));
#3406 = LINE('',#3407,#3408);
#3407 = CARTESIAN_POINT('',(-15.9,-15.4,8.));
#3408 = VECTOR('',#3409,1.);
#3409 = DIRECTION('',(1.,0.,0.));
#3410 = ORIENTED_EDGE('',*,*,#3411,.F.);
#3411 = EDGE_CURVE('',#3412,#3404,#3414,.T.);
#3412 = VERTEX_POINT('',#3413);
#3413 = CARTESIAN_POINT('',(-8.6,-12.83959634501,8.));
#3414 = CIRCLE('',#3415,3.216854249492);
#3415 = AXIS2_PLACEMENT_3D('',#3416,#3417,#3418);
#3416 = CARTESIAN_POINT('',(-8.,-16.,8.));
#3417 = DIRECTION('',(0.,0.,1.));
#3418 = DIRECTION('',(1.,0.,0.));
#3419 = ORIENTED_EDGE('',*,*,#3420,.T.);
#3420 = EDGE_CURVE('',#3412,#3421,#3423,.T.);
#3421 = VERTEX_POINT('',#3422);
#3422 = CARTESIAN_POINT('',(-8.6,-11.16040365499,8.));
#3423 = LINE('',#3424,#3425);
#3424 = CARTESIAN_POINT('',(-8.6,-23.9,8.));
#3425 = VECTOR('',#3426,1.);
#3426 = DIRECTION('',(0.,1.,0.));
#3427 = ORIENTED_EDGE('',*,*,#3428,.F.);
#3428 = EDGE_CURVE('',#3381,#3421,#3429,.T.);
#3429 = CIRCLE('',#3430,3.216854249492);
#3430 = AXIS2_PLACEMENT_3D('',#3431,#3432,#3433);
#3431 = CARTESIAN_POINT('',(-8.,-8.,8.));
#3432 = DIRECTION('',(0.,0.,1.));
#3433 = DIRECTION('',(1.,0.,0.));
#3434 = ORIENTED_EDGE('',*,*,#3380,.F.);
#3435 = PLANE('',#3436);
#3436 = AXIS2_PLACEMENT_3D('',#3437,#3438,#3439);
#3437 = CARTESIAN_POINT('',(-3.470715835141,1.73535791757,8.));
#3438 = DIRECTION('',(0.,0.,1.));
#3439 = DIRECTION('',(1.,0.,0.));
#3440 = ADVANCED_FACE('',(#3441),#3459,.T.);
#3441 = FACE_BOUND('',#3442,.T.);
#3442 = EDGE_LOOP('',(#3443,#3451,#3452,#3453));
#3443 = ORIENTED_EDGE('',*,*,#3444,.F.);
#3444 = EDGE_CURVE('',#2255,#3445,#3447,.T.);
#3445 = VERTEX_POINT('',#3446);
#3446 = CARTESIAN_POINT('',(-11.16040365499,-15.4,6.8));
#3447 = LINE('',#3448,#3449);
#3448 = CARTESIAN_POINT('',(-15.9,-15.4,6.8));
#3449 = VECTOR('',#3450,1.);
#3450 = DIRECTION('',(1.,0.,0.));
#3451 = ORIENTED_EDGE('',*,*,#2262,.T.);
#3452 = ORIENTED_EDGE('',*,*,#3403,.T.);
#3453 = ORIENTED_EDGE('',*,*,#3454,.T.);
#3454 = EDGE_CURVE('',#3404,#3445,#3455,.T.);
#3455 = LINE('',#3456,#3457);
#3456 = CARTESIAN_POINT('',(-11.16040365499,-15.4,0.3));
#3457 = VECTOR('',#3458,1.);
#3458 = DIRECTION('',(-0.,-0.,-1.));
#3459 = PLANE('',#3460);
#3460 = AXIS2_PLACEMENT_3D('',#3461,#3462,#3463);
#3461 = CARTESIAN_POINT('',(-15.9,-15.4,6.8));
#3462 = DIRECTION('',(0.,1.,0.));
#3463 = DIRECTION('',(0.,0.,1.));
#3464 = ADVANCED_FACE('',(#3465),#3484,.T.);
#3465 = FACE_BOUND('',#3466,.T.);
#3466 = EDGE_LOOP('',(#3467,#3476,#3482,#3483));
#3467 = ORIENTED_EDGE('',*,*,#3468,.F.);
#3468 = EDGE_CURVE('',#3469,#3445,#3471,.T.);
#3469 = VERTEX_POINT('',#3470);
#3470 = CARTESIAN_POINT('',(-11.16040365499,-16.6,6.8));
#3471 = CIRCLE('',#3472,3.216854249492);
#3472 = AXIS2_PLACEMENT_3D('',#3473,#3474,#3475);
#3473 = CARTESIAN_POINT('',(-8.,-16.,6.8));
#3474 = DIRECTION('',(0.,0.,-1.));
#3475 = DIRECTION('',(1.,0.,0.));
#3476 = ORIENTED_EDGE('',*,*,#3477,.F.);
#3477 = EDGE_CURVE('',#2247,#3469,#3478,.T.);
#3478 = LINE('',#3479,#3480);
#3479 = CARTESIAN_POINT('',(-15.9,-16.6,6.8));
#3480 = VECTOR('',#3481,1.);
#3481 = DIRECTION('',(1.,0.,0.));
#3482 = ORIENTED_EDGE('',*,*,#2254,.T.);
#3483 = ORIENTED_EDGE('',*,*,#3444,.T.);
#3484 = PLANE('',#3485);
#3485 = AXIS2_PLACEMENT_3D('',#3486,#3487,#3488);
#3486 = CARTESIAN_POINT('',(-9.428927601482E-16,-6.905693454606E-16,6.8)
  );
#3487 = DIRECTION('',(-0.,-0.,-1.));
#3488 = DIRECTION('',(-1.,0.,0.));
#3489 = ADVANCED_FACE('',(#3490),#3508,.F.);
#3490 = FACE_BOUND('',#3491,.F.);
#3491 = EDGE_LOOP('',(#3492,#3493,#3494,#3502));
#3492 = ORIENTED_EDGE('',*,*,#3477,.F.);
#3493 = ORIENTED_EDGE('',*,*,#2246,.T.);
#3494 = ORIENTED_EDGE('',*,*,#3495,.T.);
#3495 = EDGE_CURVE('',#2239,#3496,#3498,.T.);
#3496 = VERTEX_POINT('',#3497);
#3497 = CARTESIAN_POINT('',(-11.16040365499,-16.6,8.));
#3498 = LINE('',#3499,#3500);
#3499 = CARTESIAN_POINT('',(-15.9,-16.6,8.));
#3500 = VECTOR('',#3501,1.);
#3501 = DIRECTION('',(1.,0.,0.));
#3502 = ORIENTED_EDGE('',*,*,#3503,.T.);
#3503 = EDGE_CURVE('',#3496,#3469,#3504,.T.);
#3504 = LINE('',#3505,#3506);
#3505 = CARTESIAN_POINT('',(-11.16040365499,-16.6,0.3));
#3506 = VECTOR('',#3507,1.);
#3507 = DIRECTION('',(-0.,-0.,-1.));
#3508 = PLANE('',#3509);
#3509 = AXIS2_PLACEMENT_3D('',#3510,#3511,#3512);
#3510 = CARTESIAN_POINT('',(-15.9,-16.6,6.8));
#3511 = DIRECTION('',(0.,1.,0.));
#3512 = DIRECTION('',(0.,0.,1.));
#3513 = ADVANCED_FACE('',(#3514),#3534,.F.);
#3514 = FACE_BOUND('',#3515,.F.);
#3515 = EDGE_LOOP('',(#3516,#3517,#3518,#3526,#3533));
#3516 = ORIENTED_EDGE('',*,*,#2238,.F.);
#3517 = ORIENTED_EDGE('',*,*,#2904,.T.);
#3518 = ORIENTED_EDGE('',*,*,#3519,.T.);
#3519 = EDGE_CURVE('',#2905,#3520,#3522,.T.);
#3520 = VERTEX_POINT('',#3521);
#3521 = CARTESIAN_POINT('',(-8.6,-19.16040365499,8.));
#3522 = LINE('',#3523,#3524);
#3523 = CARTESIAN_POINT('',(-8.6,-23.9,8.));
#3524 = VECTOR('',#3525,1.);
#3525 = DIRECTION('',(0.,1.,0.));
#3526 = ORIENTED_EDGE('',*,*,#3527,.F.);
#3527 = EDGE_CURVE('',#3496,#3520,#3528,.T.);
#3528 = CIRCLE('',#3529,3.216854249492);
#3529 = AXIS2_PLACEMENT_3D('',#3530,#3531,#3532);
#3530 = CARTESIAN_POINT('',(-8.,-16.,8.));
#3531 = DIRECTION('',(0.,0.,1.));
#3532 = DIRECTION('',(1.,0.,0.));
#3533 = ORIENTED_EDGE('',*,*,#3495,.F.);
#3534 = PLANE('',#3535);
#3535 = AXIS2_PLACEMENT_3D('',#3536,#3537,#3538);
#3536 = CARTESIAN_POINT('',(-3.470715835141,1.73535791757,8.));
#3537 = DIRECTION('',(0.,0.,1.));
#3538 = DIRECTION('',(1.,0.,0.));
#3539 = ADVANCED_FACE('',(#3540),#3567,.F.);
#3540 = FACE_BOUND('',#3541,.F.);
#3541 = EDGE_LOOP('',(#3542,#3543,#3551,#3560,#3566));
#3542 = ORIENTED_EDGE('',*,*,#2464,.F.);
#3543 = ORIENTED_EDGE('',*,*,#3544,.F.);
#3544 = EDGE_CURVE('',#3545,#2457,#3547,.T.);
#3545 = VERTEX_POINT('',#3546);
#3546 = CARTESIAN_POINT('',(-7.4,19.160403654991,8.));
#3547 = LINE('',#3548,#3549);
#3548 = CARTESIAN_POINT('',(-7.4,-23.9,8.));
#3549 = VECTOR('',#3550,1.);
#3550 = DIRECTION('',(0.,1.,0.));
#3551 = ORIENTED_EDGE('',*,*,#3552,.F.);
#3552 = EDGE_CURVE('',#3553,#3545,#3555,.T.);
#3553 = VERTEX_POINT('',#3554);
#3554 = CARTESIAN_POINT('',(-4.83959634501,16.6,8.));
#3555 = CIRCLE('',#3556,3.216854249492);
#3556 = AXIS2_PLACEMENT_3D('',#3557,#3558,#3559);
#3557 = CARTESIAN_POINT('',(-8.,16.,8.));
#3558 = DIRECTION('',(0.,0.,1.));
#3559 = DIRECTION('',(1.,0.,0.));
#3560 = ORIENTED_EDGE('',*,*,#3561,.T.);
#3561 = EDGE_CURVE('',#3553,#2498,#3562,.T.);
#3562 = LINE('',#3563,#3564);
#3563 = CARTESIAN_POINT('',(-15.9,16.6,8.));
#3564 = VECTOR('',#3565,1.);
#3565 = DIRECTION('',(1.,0.,0.));
#3566 = ORIENTED_EDGE('',*,*,#2497,.T.);
#3567 = PLANE('',#3568);
#3568 = AXIS2_PLACEMENT_3D('',#3569,#3570,#3571);
#3569 = CARTESIAN_POINT('',(-3.470715835141,1.73535791757,8.));
#3570 = DIRECTION('',(0.,0.,1.));
#3571 = DIRECTION('',(1.,0.,0.));
#3572 = ADVANCED_FACE('',(#3573),#3591,.T.);
#3573 = FACE_BOUND('',#3574,.T.);
#3574 = EDGE_LOOP('',(#3575,#3576,#3584,#3590));
#3575 = ORIENTED_EDGE('',*,*,#3544,.F.);
#3576 = ORIENTED_EDGE('',*,*,#3577,.T.);
#3577 = EDGE_CURVE('',#3545,#3578,#3580,.T.);
#3578 = VERTEX_POINT('',#3579);
#3579 = CARTESIAN_POINT('',(-7.4,19.16040365499,6.8));
#3580 = LINE('',#3581,#3582);
#3581 = CARTESIAN_POINT('',(-7.4,19.16040365499,0.3));
#3582 = VECTOR('',#3583,1.);
#3583 = DIRECTION('',(-0.,-0.,-1.));
#3584 = ORIENTED_EDGE('',*,*,#3585,.T.);
#3585 = EDGE_CURVE('',#3578,#2449,#3586,.T.);
#3586 = LINE('',#3587,#3588);
#3587 = CARTESIAN_POINT('',(-7.4,-23.9,6.8));
#3588 = VECTOR('',#3589,1.);
#3589 = DIRECTION('',(0.,1.,0.));
#3590 = ORIENTED_EDGE('',*,*,#2456,.T.);
#3591 = PLANE('',#3592);
#3592 = AXIS2_PLACEMENT_3D('',#3593,#3594,#3595);
#3593 = CARTESIAN_POINT('',(-7.4,-23.9,6.8));
#3594 = DIRECTION('',(1.,0.,0.));
#3595 = DIRECTION('',(0.,0.,1.));
#3596 = ADVANCED_FACE('',(#3597),#3616,.T.);
#3597 = FACE_BOUND('',#3598,.T.);
#3598 = EDGE_LOOP('',(#3599,#3608,#3614,#3615));
#3599 = ORIENTED_EDGE('',*,*,#3600,.F.);
#3600 = EDGE_CURVE('',#3601,#3578,#3603,.T.);
#3601 = VERTEX_POINT('',#3602);
#3602 = CARTESIAN_POINT('',(-8.6,19.16040365499,6.8));
#3603 = CIRCLE('',#3604,3.216854249492);
#3604 = AXIS2_PLACEMENT_3D('',#3605,#3606,#3607);
#3605 = CARTESIAN_POINT('',(-8.,16.,6.8));
#3606 = DIRECTION('',(0.,0.,-1.));
#3607 = DIRECTION('',(1.,0.,0.));
#3608 = ORIENTED_EDGE('',*,*,#3609,.T.);
#3609 = EDGE_CURVE('',#3601,#2441,#3610,.T.);
#3610 = LINE('',#3611,#3612);
#3611 = CARTESIAN_POINT('',(-8.6,-23.9,6.8));
#3612 = VECTOR('',#3613,1.);
#3613 = DIRECTION('',(0.,1.,0.));
#3614 = ORIENTED_EDGE('',*,*,#2448,.T.);
#3615 = ORIENTED_EDGE('',*,*,#3585,.F.);
#3616 = PLANE('',#3617);
#3617 = AXIS2_PLACEMENT_3D('',#3618,#3619,#3620);
#3618 = CARTESIAN_POINT('',(-9.428927601482E-16,-6.905693454606E-16,6.8)
  );
#3619 = DIRECTION('',(-0.,-0.,-1.));
#3620 = DIRECTION('',(-1.,0.,0.));
#3621 = ADVANCED_FACE('',(#3622),#3633,.F.);
#3622 = FACE_BOUND('',#3623,.F.);
#3623 = EDGE_LOOP('',(#3624,#3625,#3631,#3632));
#3624 = ORIENTED_EDGE('',*,*,#2969,.F.);
#3625 = ORIENTED_EDGE('',*,*,#3626,.T.);
#3626 = EDGE_CURVE('',#2961,#3601,#3627,.T.);
#3627 = LINE('',#3628,#3629);
#3628 = CARTESIAN_POINT('',(-8.6,19.16040365499,0.3));
#3629 = VECTOR('',#3630,1.);
#3630 = DIRECTION('',(-0.,-0.,-1.));
#3631 = ORIENTED_EDGE('',*,*,#3609,.T.);
#3632 = ORIENTED_EDGE('',*,*,#2440,.T.);
#3633 = PLANE('',#3634);
#3634 = AXIS2_PLACEMENT_3D('',#3635,#3636,#3637);
#3635 = CARTESIAN_POINT('',(-8.6,-23.9,6.8));
#3636 = DIRECTION('',(1.,0.,0.));
#3637 = DIRECTION('',(0.,0.,1.));
#3638 = ADVANCED_FACE('',(#3639),#3700,.F.);
#3639 = FACE_BOUND('',#3640,.F.);
#3640 = EDGE_LOOP('',(#3641,#3651,#3660,#3668,#3677,#3683,#3684,#3685,
    #3693));
#3641 = ORIENTED_EDGE('',*,*,#3642,.F.);
#3642 = EDGE_CURVE('',#3643,#3645,#3647,.T.);
#3643 = VERTEX_POINT('',#3644);
#3644 = CARTESIAN_POINT('',(-7.4,11.160403654991,8.));
#3645 = VERTEX_POINT('',#3646);
#3646 = CARTESIAN_POINT('',(-7.4,12.839596345009,8.));
#3647 = LINE('',#3648,#3649);
#3648 = CARTESIAN_POINT('',(-7.4,-23.9,8.));
#3649 = VECTOR('',#3650,1.);
#3650 = DIRECTION('',(0.,1.,0.));
#3651 = ORIENTED_EDGE('',*,*,#3652,.F.);
#3652 = EDGE_CURVE('',#3653,#3643,#3655,.T.);
#3653 = VERTEX_POINT('',#3654);
#3654 = CARTESIAN_POINT('',(-4.83959634501,8.6,8.));
#3655 = CIRCLE('',#3656,3.216854249492);
#3656 = AXIS2_PLACEMENT_3D('',#3657,#3658,#3659);
#3657 = CARTESIAN_POINT('',(-8.,8.,8.));
#3658 = DIRECTION('',(0.,0.,1.));
#3659 = DIRECTION('',(1.,0.,0.));
#3660 = ORIENTED_EDGE('',*,*,#3661,.T.);
#3661 = EDGE_CURVE('',#3653,#3662,#3664,.T.);
#3662 = VERTEX_POINT('',#3663);
#3663 = CARTESIAN_POINT('',(-3.16040365499,8.6,8.));
#3664 = LINE('',#3665,#3666);
#3665 = CARTESIAN_POINT('',(-15.9,8.6,8.));
#3666 = VECTOR('',#3667,1.);
#3667 = DIRECTION('',(1.,0.,0.));
#3668 = ORIENTED_EDGE('',*,*,#3669,.F.);
#3669 = EDGE_CURVE('',#3670,#3662,#3672,.T.);
#3670 = VERTEX_POINT('',#3671);
#3671 = CARTESIAN_POINT('',(-0.6,11.16040365499,8.));
#3672 = CIRCLE('',#3673,3.216854249492);
#3673 = AXIS2_PLACEMENT_3D('',#3674,#3675,#3676);
#3674 = CARTESIAN_POINT('',(0.,8.,8.));
#3675 = DIRECTION('',(0.,0.,1.));
#3676 = DIRECTION('',(1.,0.,0.));
#3677 = ORIENTED_EDGE('',*,*,#3678,.T.);
#3678 = EDGE_CURVE('',#3670,#2546,#3679,.T.);
#3679 = LINE('',#3680,#3681);
#3680 = CARTESIAN_POINT('',(-0.6,-23.9,8.));
#3681 = VECTOR('',#3682,1.);
#3682 = DIRECTION('',(0.,1.,0.));
#3683 = ORIENTED_EDGE('',*,*,#2545,.F.);
#3684 = ORIENTED_EDGE('',*,*,#2529,.T.);
#3685 = ORIENTED_EDGE('',*,*,#3686,.F.);
#3686 = EDGE_CURVE('',#3687,#2522,#3689,.T.);
#3687 = VERTEX_POINT('',#3688);
#3688 = CARTESIAN_POINT('',(-4.83959634501,15.4,8.));
#3689 = LINE('',#3690,#3691);
#3690 = CARTESIAN_POINT('',(-15.9,15.4,8.));
#3691 = VECTOR('',#3692,1.);
#3692 = DIRECTION('',(1.,0.,0.));
#3693 = ORIENTED_EDGE('',*,*,#3694,.F.);
#3694 = EDGE_CURVE('',#3645,#3687,#3695,.T.);
#3695 = CIRCLE('',#3696,3.216854249492);
#3696 = AXIS2_PLACEMENT_3D('',#3697,#3698,#3699);
#3697 = CARTESIAN_POINT('',(-8.,16.,8.));
#3698 = DIRECTION('',(0.,0.,1.));
#3699 = DIRECTION('',(1.,0.,0.));
#3700 = PLANE('',#3701);
#3701 = AXIS2_PLACEMENT_3D('',#3702,#3703,#3704);
#3702 = CARTESIAN_POINT('',(-3.470715835141,1.73535791757,8.));
#3703 = DIRECTION('',(0.,0.,1.));
#3704 = DIRECTION('',(1.,0.,0.));
#3705 = ADVANCED_FACE('',(#3706),#3724,.F.);
#3706 = FACE_BOUND('',#3707,.F.);
#3707 = EDGE_LOOP('',(#3708,#3716,#3722,#3723));
#3708 = ORIENTED_EDGE('',*,*,#3709,.F.);
#3709 = EDGE_CURVE('',#3710,#2514,#3712,.T.);
#3710 = VERTEX_POINT('',#3711);
#3711 = CARTESIAN_POINT('',(-4.83959634501,15.4,6.8));
#3712 = LINE('',#3713,#3714);
#3713 = CARTESIAN_POINT('',(-15.9,15.4,6.8));
#3714 = VECTOR('',#3715,1.);
#3715 = DIRECTION('',(1.,0.,0.));
#3716 = ORIENTED_EDGE('',*,*,#3717,.F.);
#3717 = EDGE_CURVE('',#3687,#3710,#3718,.T.);
#3718 = LINE('',#3719,#3720);
#3719 = CARTESIAN_POINT('',(-4.83959634501,15.4,0.3));
#3720 = VECTOR('',#3721,1.);
#3721 = DIRECTION('',(-0.,-0.,-1.));
#3722 = ORIENTED_EDGE('',*,*,#3686,.T.);
#3723 = ORIENTED_EDGE('',*,*,#2521,.T.);
#3724 = PLANE('',#3725);
#3725 = AXIS2_PLACEMENT_3D('',#3726,#3727,#3728);
#3726 = CARTESIAN_POINT('',(-15.9,15.4,6.8));
#3727 = DIRECTION('',(0.,1.,0.));
#3728 = DIRECTION('',(0.,0.,1.));
#3729 = ADVANCED_FACE('',(#3730),#3758,.T.);
#3730 = FACE_BOUND('',#3731,.T.);
#3731 = EDGE_LOOP('',(#3732,#3733,#3742,#3751,#3757));
#3732 = ORIENTED_EDGE('',*,*,#3709,.F.);
#3733 = ORIENTED_EDGE('',*,*,#3734,.F.);
#3734 = EDGE_CURVE('',#3735,#3710,#3737,.T.);
#3735 = VERTEX_POINT('',#3736);
#3736 = CARTESIAN_POINT('',(-4.783145750508,16.,6.8));
#3737 = CIRCLE('',#3738,3.216854249492);
#3738 = AXIS2_PLACEMENT_3D('',#3739,#3740,#3741);
#3739 = CARTESIAN_POINT('',(-8.,16.,6.8));
#3740 = DIRECTION('',(0.,0.,-1.));
#3741 = DIRECTION('',(1.,0.,0.));
#3742 = ORIENTED_EDGE('',*,*,#3743,.F.);
#3743 = EDGE_CURVE('',#3744,#3735,#3746,.T.);
#3744 = VERTEX_POINT('',#3745);
#3745 = CARTESIAN_POINT('',(-4.83959634501,16.6,6.8));
#3746 = CIRCLE('',#3747,3.216854249492);
#3747 = AXIS2_PLACEMENT_3D('',#3748,#3749,#3750);
#3748 = CARTESIAN_POINT('',(-8.,16.,6.8));
#3749 = DIRECTION('',(0.,0.,-1.));
#3750 = DIRECTION('',(1.,0.,0.));
#3751 = ORIENTED_EDGE('',*,*,#3752,.T.);
#3752 = EDGE_CURVE('',#3744,#2506,#3753,.T.);
#3753 = LINE('',#3754,#3755);
#3754 = CARTESIAN_POINT('',(-15.9,16.6,6.8));
#3755 = VECTOR('',#3756,1.);
#3756 = DIRECTION('',(1.,0.,0.));
#3757 = ORIENTED_EDGE('',*,*,#2513,.T.);
#3758 = PLANE('',#3759);
#3759 = AXIS2_PLACEMENT_3D('',#3760,#3761,#3762);
#3760 = CARTESIAN_POINT('',(-9.428927601482E-16,-6.905693454606E-16,6.8)
  );
#3761 = DIRECTION('',(-0.,-0.,-1.));
#3762 = DIRECTION('',(-1.,0.,0.));
#3763 = ADVANCED_FACE('',(#3764),#3775,.T.);
#3764 = FACE_BOUND('',#3765,.T.);
#3765 = EDGE_LOOP('',(#3766,#3767,#3773,#3774));
#3766 = ORIENTED_EDGE('',*,*,#3752,.F.);
#3767 = ORIENTED_EDGE('',*,*,#3768,.F.);
#3768 = EDGE_CURVE('',#3553,#3744,#3769,.T.);
#3769 = LINE('',#3770,#3771);
#3770 = CARTESIAN_POINT('',(-4.83959634501,16.6,0.3));
#3771 = VECTOR('',#3772,1.);
#3772 = DIRECTION('',(-0.,-0.,-1.));
#3773 = ORIENTED_EDGE('',*,*,#3561,.T.);
#3774 = ORIENTED_EDGE('',*,*,#2505,.T.);
#3775 = PLANE('',#3776);
#3776 = AXIS2_PLACEMENT_3D('',#3777,#3778,#3779);
#3777 = CARTESIAN_POINT('',(-15.9,16.6,6.8));
#3778 = DIRECTION('',(0.,1.,0.));
#3779 = DIRECTION('',(0.,0.,1.));
#3780 = ADVANCED_FACE('',(#3781),#3808,.F.);
#3781 = FACE_BOUND('',#3782,.F.);
#3782 = EDGE_LOOP('',(#3783,#3791,#3792,#3793,#3801));
#3783 = ORIENTED_EDGE('',*,*,#3784,.T.);
#3784 = EDGE_CURVE('',#3785,#2644,#3787,.T.);
#3785 = VERTEX_POINT('',#3786);
#3786 = CARTESIAN_POINT('',(11.16040365499,8.6,8.));
#3787 = LINE('',#3788,#3789);
#3788 = CARTESIAN_POINT('',(-15.9,8.6,8.));
#3789 = VECTOR('',#3790,1.);
#3790 = DIRECTION('',(1.,0.,0.));
#3791 = ORIENTED_EDGE('',*,*,#2643,.T.);
#3792 = ORIENTED_EDGE('',*,*,#2609,.F.);
#3793 = ORIENTED_EDGE('',*,*,#3794,.F.);
#3794 = EDGE_CURVE('',#3795,#2602,#3797,.T.);
#3795 = VERTEX_POINT('',#3796);
#3796 = CARTESIAN_POINT('',(8.6,11.160403654991,8.));
#3797 = LINE('',#3798,#3799);
#3798 = CARTESIAN_POINT('',(8.6,-23.9,8.));
#3799 = VECTOR('',#3800,1.);
#3800 = DIRECTION('',(0.,1.,0.));
#3801 = ORIENTED_EDGE('',*,*,#3802,.F.);
#3802 = EDGE_CURVE('',#3785,#3795,#3803,.T.);
#3803 = CIRCLE('',#3804,3.216854249492);
#3804 = AXIS2_PLACEMENT_3D('',#3805,#3806,#3807);
#3805 = CARTESIAN_POINT('',(8.,8.,8.));
#3806 = DIRECTION('',(0.,0.,1.));
#3807 = DIRECTION('',(1.,0.,0.));
#3808 = PLANE('',#3809);
#3809 = AXIS2_PLACEMENT_3D('',#3810,#3811,#3812);
#3810 = CARTESIAN_POINT('',(-3.470715835141,1.73535791757,8.));
#3811 = DIRECTION('',(0.,0.,1.));
#3812 = DIRECTION('',(1.,0.,0.));
#3813 = ADVANCED_FACE('',(#3814),#3832,.T.);
#3814 = FACE_BOUND('',#3815,.T.);
#3815 = EDGE_LOOP('',(#3816,#3817,#3825,#3831));
#3816 = ORIENTED_EDGE('',*,*,#3794,.F.);
#3817 = ORIENTED_EDGE('',*,*,#3818,.T.);
#3818 = EDGE_CURVE('',#3795,#3819,#3821,.T.);
#3819 = VERTEX_POINT('',#3820);
#3820 = CARTESIAN_POINT('',(8.6,11.16040365499,6.8));
#3821 = LINE('',#3822,#3823);
#3822 = CARTESIAN_POINT('',(8.6,11.16040365499,0.3));
#3823 = VECTOR('',#3824,1.);
#3824 = DIRECTION('',(-0.,-0.,-1.));
#3825 = ORIENTED_EDGE('',*,*,#3826,.T.);
#3826 = EDGE_CURVE('',#3819,#2594,#3827,.T.);
#3827 = LINE('',#3828,#3829);
#3828 = CARTESIAN_POINT('',(8.6,-23.9,6.8));
#3829 = VECTOR('',#3830,1.);
#3830 = DIRECTION('',(0.,1.,0.));
#3831 = ORIENTED_EDGE('',*,*,#2601,.T.);
#3832 = PLANE('',#3833);
#3833 = AXIS2_PLACEMENT_3D('',#3834,#3835,#3836);
#3834 = CARTESIAN_POINT('',(8.6,-23.9,6.8));
#3835 = DIRECTION('',(1.,0.,0.));
#3836 = DIRECTION('',(0.,0.,1.));
#3837 = ADVANCED_FACE('',(#3838),#3857,.T.);
#3838 = FACE_BOUND('',#3839,.T.);
#3839 = EDGE_LOOP('',(#3840,#3849,#3855,#3856));
#3840 = ORIENTED_EDGE('',*,*,#3841,.F.);
#3841 = EDGE_CURVE('',#3842,#3819,#3844,.T.);
#3842 = VERTEX_POINT('',#3843);
#3843 = CARTESIAN_POINT('',(7.4,11.16040365499,6.8));
#3844 = CIRCLE('',#3845,3.216854249492);
#3845 = AXIS2_PLACEMENT_3D('',#3846,#3847,#3848);
#3846 = CARTESIAN_POINT('',(8.,8.,6.8));
#3847 = DIRECTION('',(0.,0.,-1.));
#3848 = DIRECTION('',(1.,0.,0.));
#3849 = ORIENTED_EDGE('',*,*,#3850,.T.);
#3850 = EDGE_CURVE('',#3842,#2586,#3851,.T.);
#3851 = LINE('',#3852,#3853);
#3852 = CARTESIAN_POINT('',(7.4,-23.9,6.8));
#3853 = VECTOR('',#3854,1.);
#3854 = DIRECTION('',(0.,1.,0.));
#3855 = ORIENTED_EDGE('',*,*,#2593,.T.);
#3856 = ORIENTED_EDGE('',*,*,#3826,.F.);
#3857 = PLANE('',#3858);
#3858 = AXIS2_PLACEMENT_3D('',#3859,#3860,#3861);
#3859 = CARTESIAN_POINT('',(-9.428927601482E-16,-6.905693454606E-16,6.8)
  );
#3860 = DIRECTION('',(-0.,-0.,-1.));
#3861 = DIRECTION('',(-1.,0.,0.));
#3862 = ADVANCED_FACE('',(#3863),#3881,.F.);
#3863 = FACE_BOUND('',#3864,.F.);
#3864 = EDGE_LOOP('',(#3865,#3873,#3879,#3880));
#3865 = ORIENTED_EDGE('',*,*,#3866,.F.);
#3866 = EDGE_CURVE('',#3867,#2578,#3869,.T.);
#3867 = VERTEX_POINT('',#3868);
#3868 = CARTESIAN_POINT('',(7.4,11.16040365499,8.));
#3869 = LINE('',#3870,#3871);
#3870 = CARTESIAN_POINT('',(7.4,-23.9,8.));
#3871 = VECTOR('',#3872,1.);
#3872 = DIRECTION('',(0.,1.,0.));
#3873 = ORIENTED_EDGE('',*,*,#3874,.T.);
#3874 = EDGE_CURVE('',#3867,#3842,#3875,.T.);
#3875 = LINE('',#3876,#3877);
#3876 = CARTESIAN_POINT('',(7.4,11.16040365499,0.3));
#3877 = VECTOR('',#3878,1.);
#3878 = DIRECTION('',(-0.,-0.,-1.));
#3879 = ORIENTED_EDGE('',*,*,#3850,.T.);
#3880 = ORIENTED_EDGE('',*,*,#2585,.T.);
#3881 = PLANE('',#3882);
#3882 = AXIS2_PLACEMENT_3D('',#3883,#3884,#3885);
#3883 = CARTESIAN_POINT('',(7.4,-23.9,6.8));
#3884 = DIRECTION('',(1.,0.,0.));
#3885 = DIRECTION('',(0.,0.,1.));
#3886 = ADVANCED_FACE('',(#3887),#3923,.F.);
#3887 = FACE_BOUND('',#3888,.F.);
#3888 = EDGE_LOOP('',(#3889,#3897,#3906,#3914,#3921,#3922));
#3889 = ORIENTED_EDGE('',*,*,#3890,.F.);
#3890 = EDGE_CURVE('',#3891,#2570,#3893,.T.);
#3891 = VERTEX_POINT('',#3892);
#3892 = CARTESIAN_POINT('',(0.6,11.160403654991,8.));
#3893 = LINE('',#3894,#3895);
#3894 = CARTESIAN_POINT('',(0.6,-23.9,8.));
#3895 = VECTOR('',#3896,1.);
#3896 = DIRECTION('',(0.,1.,0.));
#3897 = ORIENTED_EDGE('',*,*,#3898,.F.);
#3898 = EDGE_CURVE('',#3899,#3891,#3901,.T.);
#3899 = VERTEX_POINT('',#3900);
#3900 = CARTESIAN_POINT('',(3.16040365499,8.6,8.));
#3901 = CIRCLE('',#3902,3.216854249492);
#3902 = AXIS2_PLACEMENT_3D('',#3903,#3904,#3905);
#3903 = CARTESIAN_POINT('',(0.,8.,8.));
#3904 = DIRECTION('',(0.,0.,1.));
#3905 = DIRECTION('',(1.,0.,0.));
#3906 = ORIENTED_EDGE('',*,*,#3907,.T.);
#3907 = EDGE_CURVE('',#3899,#3908,#3910,.T.);
#3908 = VERTEX_POINT('',#3909);
#3909 = CARTESIAN_POINT('',(4.83959634501,8.6,8.));
#3910 = LINE('',#3911,#3912);
#3911 = CARTESIAN_POINT('',(-15.9,8.6,8.));
#3912 = VECTOR('',#3913,1.);
#3913 = DIRECTION('',(1.,0.,0.));
#3914 = ORIENTED_EDGE('',*,*,#3915,.F.);
#3915 = EDGE_CURVE('',#3867,#3908,#3916,.T.);
#3916 = CIRCLE('',#3917,3.216854249492);
#3917 = AXIS2_PLACEMENT_3D('',#3918,#3919,#3920);
#3918 = CARTESIAN_POINT('',(8.,8.,8.));
#3919 = DIRECTION('',(0.,0.,1.));
#3920 = DIRECTION('',(1.,0.,0.));
#3921 = ORIENTED_EDGE('',*,*,#3866,.T.);
#3922 = ORIENTED_EDGE('',*,*,#2577,.F.);
#3923 = PLANE('',#3924);
#3924 = AXIS2_PLACEMENT_3D('',#3925,#3926,#3927);
#3925 = CARTESIAN_POINT('',(-3.470715835141,1.73535791757,8.));
#3926 = DIRECTION('',(0.,0.,1.));
#3927 = DIRECTION('',(1.,0.,0.));
#3928 = ADVANCED_FACE('',(#3929),#3947,.T.);
#3929 = FACE_BOUND('',#3930,.T.);
#3930 = EDGE_LOOP('',(#3931,#3932,#3940,#3946));
#3931 = ORIENTED_EDGE('',*,*,#3890,.F.);
#3932 = ORIENTED_EDGE('',*,*,#3933,.T.);
#3933 = EDGE_CURVE('',#3891,#3934,#3936,.T.);
#3934 = VERTEX_POINT('',#3935);
#3935 = CARTESIAN_POINT('',(0.6,11.16040365499,6.8));
#3936 = LINE('',#3937,#3938);
#3937 = CARTESIAN_POINT('',(0.6,11.16040365499,0.3));
#3938 = VECTOR('',#3939,1.);
#3939 = DIRECTION('',(-0.,-0.,-1.));
#3940 = ORIENTED_EDGE('',*,*,#3941,.T.);
#3941 = EDGE_CURVE('',#3934,#2562,#3942,.T.);
#3942 = LINE('',#3943,#3944);
#3943 = CARTESIAN_POINT('',(0.6,-23.9,6.8));
#3944 = VECTOR('',#3945,1.);
#3945 = DIRECTION('',(0.,1.,0.));
#3946 = ORIENTED_EDGE('',*,*,#2569,.T.);
#3947 = PLANE('',#3948);
#3948 = AXIS2_PLACEMENT_3D('',#3949,#3950,#3951);
#3949 = CARTESIAN_POINT('',(0.6,-23.9,6.8));
#3950 = DIRECTION('',(1.,0.,0.));
#3951 = DIRECTION('',(0.,0.,1.));
#3952 = ADVANCED_FACE('',(#3953),#3972,.T.);
#3953 = FACE_BOUND('',#3954,.T.);
#3954 = EDGE_LOOP('',(#3955,#3964,#3970,#3971));
#3955 = ORIENTED_EDGE('',*,*,#3956,.F.);
#3956 = EDGE_CURVE('',#3957,#3934,#3959,.T.);
#3957 = VERTEX_POINT('',#3958);
#3958 = CARTESIAN_POINT('',(-0.6,11.16040365499,6.8));
#3959 = CIRCLE('',#3960,3.216854249492);
#3960 = AXIS2_PLACEMENT_3D('',#3961,#3962,#3963);
#3961 = CARTESIAN_POINT('',(0.,8.,6.8));
#3962 = DIRECTION('',(0.,0.,-1.));
#3963 = DIRECTION('',(1.,0.,0.));
#3964 = ORIENTED_EDGE('',*,*,#3965,.T.);
#3965 = EDGE_CURVE('',#3957,#2554,#3966,.T.);
#3966 = LINE('',#3967,#3968);
#3967 = CARTESIAN_POINT('',(-0.6,-23.9,6.8));
#3968 = VECTOR('',#3969,1.);
#3969 = DIRECTION('',(0.,1.,0.));
#3970 = ORIENTED_EDGE('',*,*,#2561,.T.);
#3971 = ORIENTED_EDGE('',*,*,#3941,.F.);
#3972 = PLANE('',#3973);
#3973 = AXIS2_PLACEMENT_3D('',#3974,#3975,#3976);
#3974 = CARTESIAN_POINT('',(-9.428927601482E-16,-6.905693454606E-16,6.8)
  );
#3975 = DIRECTION('',(-0.,-0.,-1.));
#3976 = DIRECTION('',(-1.,0.,0.));
#3977 = ADVANCED_FACE('',(#3978),#3989,.F.);
#3978 = FACE_BOUND('',#3979,.F.);
#3979 = EDGE_LOOP('',(#3980,#3981,#3987,#3988));
#3980 = ORIENTED_EDGE('',*,*,#3678,.F.);
#3981 = ORIENTED_EDGE('',*,*,#3982,.T.);
#3982 = EDGE_CURVE('',#3670,#3957,#3983,.T.);
#3983 = LINE('',#3984,#3985);
#3984 = CARTESIAN_POINT('',(-0.6,11.16040365499,0.3));
#3985 = VECTOR('',#3986,1.);
#3986 = DIRECTION('',(-0.,-0.,-1.));
#3987 = ORIENTED_EDGE('',*,*,#3965,.T.);
#3988 = ORIENTED_EDGE('',*,*,#2553,.T.);
#3989 = PLANE('',#3990);
#3990 = AXIS2_PLACEMENT_3D('',#3991,#3992,#3993);
#3991 = CARTESIAN_POINT('',(-0.6,-23.9,6.8));
#3992 = DIRECTION('',(1.,0.,0.));
#3993 = DIRECTION('',(0.,0.,1.));
#3994 = ADVANCED_FACE('',(#3995),#4022,.F.);
#3995 = FACE_BOUND('',#3996,.F.);
#3996 = EDGE_LOOP('',(#3997,#4005,#4006,#4007,#4015));
#3997 = ORIENTED_EDGE('',*,*,#3998,.F.);
#3998 = EDGE_CURVE('',#2755,#3999,#4001,.T.);
#3999 = VERTEX_POINT('',#4000);
#4000 = CARTESIAN_POINT('',(8.6,4.839596345009,8.));
#4001 = LINE('',#4002,#4003);
#4002 = CARTESIAN_POINT('',(8.6,-23.9,8.));
#4003 = VECTOR('',#4004,1.);
#4004 = DIRECTION('',(0.,1.,0.));
#4005 = ORIENTED_EDGE('',*,*,#2762,.T.);
#4006 = ORIENTED_EDGE('',*,*,#2675,.T.);
#4007 = ORIENTED_EDGE('',*,*,#4008,.F.);
#4008 = EDGE_CURVE('',#4009,#2668,#4011,.T.);
#4009 = VERTEX_POINT('',#4010);
#4010 = CARTESIAN_POINT('',(11.16040365499,7.4,8.));
#4011 = LINE('',#4012,#4013);
#4012 = CARTESIAN_POINT('',(-15.9,7.4,8.));
#4013 = VECTOR('',#4014,1.);
#4014 = DIRECTION('',(1.,0.,0.));
#4015 = ORIENTED_EDGE('',*,*,#4016,.F.);
#4016 = EDGE_CURVE('',#3999,#4009,#4017,.T.);
#4017 = CIRCLE('',#4018,3.216854249492);
#4018 = AXIS2_PLACEMENT_3D('',#4019,#4020,#4021);
#4019 = CARTESIAN_POINT('',(8.,8.,8.));
#4020 = DIRECTION('',(0.,0.,1.));
#4021 = DIRECTION('',(1.,0.,0.));
#4022 = PLANE('',#4023);
#4023 = AXIS2_PLACEMENT_3D('',#4024,#4025,#4026);
#4024 = CARTESIAN_POINT('',(-3.470715835141,1.73535791757,8.));
#4025 = DIRECTION('',(0.,0.,1.));
#4026 = DIRECTION('',(1.,0.,0.));
#4027 = ADVANCED_FACE('',(#4028),#4046,.F.);
#4028 = FACE_BOUND('',#4029,.F.);
#4029 = EDGE_LOOP('',(#4030,#4038,#4044,#4045));
#4030 = ORIENTED_EDGE('',*,*,#4031,.F.);
#4031 = EDGE_CURVE('',#4032,#2660,#4034,.T.);
#4032 = VERTEX_POINT('',#4033);
#4033 = CARTESIAN_POINT('',(11.16040365499,7.4,6.8));
#4034 = LINE('',#4035,#4036);
#4035 = CARTESIAN_POINT('',(-15.9,7.4,6.8));
#4036 = VECTOR('',#4037,1.);
#4037 = DIRECTION('',(1.,0.,0.));
#4038 = ORIENTED_EDGE('',*,*,#4039,.F.);
#4039 = EDGE_CURVE('',#4009,#4032,#4040,.T.);
#4040 = LINE('',#4041,#4042);
#4041 = CARTESIAN_POINT('',(11.16040365499,7.4,0.3));
#4042 = VECTOR('',#4043,1.);
#4043 = DIRECTION('',(-0.,-0.,-1.));
#4044 = ORIENTED_EDGE('',*,*,#4008,.T.);
#4045 = ORIENTED_EDGE('',*,*,#2667,.T.);
#4046 = PLANE('',#4047);
#4047 = AXIS2_PLACEMENT_3D('',#4048,#4049,#4050);
#4048 = CARTESIAN_POINT('',(-15.9,7.4,6.8));
#4049 = DIRECTION('',(0.,1.,0.));
#4050 = DIRECTION('',(0.,0.,1.));
#4051 = ADVANCED_FACE('',(#4052),#4080,.T.);
#4052 = FACE_BOUND('',#4053,.T.);
#4053 = EDGE_LOOP('',(#4054,#4055,#4064,#4073,#4079));
#4054 = ORIENTED_EDGE('',*,*,#4031,.F.);
#4055 = ORIENTED_EDGE('',*,*,#4056,.F.);
#4056 = EDGE_CURVE('',#4057,#4032,#4059,.T.);
#4057 = VERTEX_POINT('',#4058);
#4058 = CARTESIAN_POINT('',(11.216854249492,8.,6.8));
#4059 = CIRCLE('',#4060,3.216854249492);
#4060 = AXIS2_PLACEMENT_3D('',#4061,#4062,#4063);
#4061 = CARTESIAN_POINT('',(8.,8.,6.8));
#4062 = DIRECTION('',(0.,0.,-1.));
#4063 = DIRECTION('',(1.,0.,0.));
#4064 = ORIENTED_EDGE('',*,*,#4065,.F.);
#4065 = EDGE_CURVE('',#4066,#4057,#4068,.T.);
#4066 = VERTEX_POINT('',#4067);
#4067 = CARTESIAN_POINT('',(11.16040365499,8.6,6.8));
#4068 = CIRCLE('',#4069,3.216854249492);
#4069 = AXIS2_PLACEMENT_3D('',#4070,#4071,#4072);
#4070 = CARTESIAN_POINT('',(8.,8.,6.8));
#4071 = DIRECTION('',(0.,0.,-1.));
#4072 = DIRECTION('',(1.,0.,0.));
#4073 = ORIENTED_EDGE('',*,*,#4074,.T.);
#4074 = EDGE_CURVE('',#4066,#2652,#4075,.T.);
#4075 = LINE('',#4076,#4077);
#4076 = CARTESIAN_POINT('',(-15.9,8.6,6.8));
#4077 = VECTOR('',#4078,1.);
#4078 = DIRECTION('',(1.,0.,0.));
#4079 = ORIENTED_EDGE('',*,*,#2659,.T.);
#4080 = PLANE('',#4081);
#4081 = AXIS2_PLACEMENT_3D('',#4082,#4083,#4084);
#4082 = CARTESIAN_POINT('',(-9.428927601482E-16,-6.905693454606E-16,6.8)
  );
#4083 = DIRECTION('',(-0.,-0.,-1.));
#4084 = DIRECTION('',(-1.,0.,0.));
#4085 = ADVANCED_FACE('',(#4086),#4097,.T.);
#4086 = FACE_BOUND('',#4087,.T.);
#4087 = EDGE_LOOP('',(#4088,#4089,#4095,#4096));
#4088 = ORIENTED_EDGE('',*,*,#4074,.F.);
#4089 = ORIENTED_EDGE('',*,*,#4090,.F.);
#4090 = EDGE_CURVE('',#3785,#4066,#4091,.T.);
#4091 = LINE('',#4092,#4093);
#4092 = CARTESIAN_POINT('',(11.16040365499,8.6,0.3));
#4093 = VECTOR('',#4094,1.);
#4094 = DIRECTION('',(-0.,-0.,-1.));
#4095 = ORIENTED_EDGE('',*,*,#3784,.T.);
#4096 = ORIENTED_EDGE('',*,*,#2651,.T.);
#4097 = PLANE('',#4098);
#4098 = AXIS2_PLACEMENT_3D('',#4099,#4100,#4101);
#4099 = CARTESIAN_POINT('',(-15.9,8.6,6.8));
#4100 = DIRECTION('',(0.,1.,0.));
#4101 = DIRECTION('',(0.,0.,1.));
#4102 = ADVANCED_FACE('',(#4103),#4121,.T.);
#4103 = FACE_BOUND('',#4104,.T.);
#4104 = EDGE_LOOP('',(#4105,#4106,#4107,#4115));
#4105 = ORIENTED_EDGE('',*,*,#3998,.F.);
#4106 = ORIENTED_EDGE('',*,*,#2754,.F.);
#4107 = ORIENTED_EDGE('',*,*,#4108,.T.);
#4108 = EDGE_CURVE('',#2747,#4109,#4111,.T.);
#4109 = VERTEX_POINT('',#4110);
#4110 = CARTESIAN_POINT('',(8.6,4.83959634501,6.8));
#4111 = LINE('',#4112,#4113);
#4112 = CARTESIAN_POINT('',(8.6,-23.9,6.8));
#4113 = VECTOR('',#4114,1.);
#4114 = DIRECTION('',(0.,1.,0.));
#4115 = ORIENTED_EDGE('',*,*,#4116,.F.);
#4116 = EDGE_CURVE('',#3999,#4109,#4117,.T.);
#4117 = LINE('',#4118,#4119);
#4118 = CARTESIAN_POINT('',(8.6,4.83959634501,0.3));
#4119 = VECTOR('',#4120,1.);
#4120 = DIRECTION('',(-0.,-0.,-1.));
#4121 = PLANE('',#4122);
#4122 = AXIS2_PLACEMENT_3D('',#4123,#4124,#4125);
#4123 = CARTESIAN_POINT('',(8.6,-23.9,6.8));
#4124 = DIRECTION('',(1.,0.,0.));
#4125 = DIRECTION('',(0.,0.,1.));
#4126 = ADVANCED_FACE('',(#4127),#4146,.T.);
#4127 = FACE_BOUND('',#4128,.T.);
#4128 = EDGE_LOOP('',(#4129,#4137,#4144,#4145));
#4129 = ORIENTED_EDGE('',*,*,#4130,.T.);
#4130 = EDGE_CURVE('',#2739,#4131,#4133,.T.);
#4131 = VERTEX_POINT('',#4132);
#4132 = CARTESIAN_POINT('',(7.4,4.83959634501,6.8));
#4133 = LINE('',#4134,#4135);
#4134 = CARTESIAN_POINT('',(7.4,-23.9,6.8));
#4135 = VECTOR('',#4136,1.);
#4136 = DIRECTION('',(0.,1.,0.));
#4137 = ORIENTED_EDGE('',*,*,#4138,.F.);
#4138 = EDGE_CURVE('',#4109,#4131,#4139,.T.);
#4139 = CIRCLE('',#4140,3.216854249492);
#4140 = AXIS2_PLACEMENT_3D('',#4141,#4142,#4143);
#4141 = CARTESIAN_POINT('',(8.,8.,6.8));
#4142 = DIRECTION('',(0.,0.,-1.));
#4143 = DIRECTION('',(1.,0.,0.));
#4144 = ORIENTED_EDGE('',*,*,#4108,.F.);
#4145 = ORIENTED_EDGE('',*,*,#2746,.F.);
#4146 = PLANE('',#4147);
#4147 = AXIS2_PLACEMENT_3D('',#4148,#4149,#4150);
#4148 = CARTESIAN_POINT('',(-9.428927601482E-16,-6.905693454606E-16,6.8)
  );
#4149 = DIRECTION('',(-0.,-0.,-1.));
#4150 = DIRECTION('',(-1.,0.,0.));
#4151 = ADVANCED_FACE('',(#4152),#4170,.F.);
#4152 = FACE_BOUND('',#4153,.F.);
#4153 = EDGE_LOOP('',(#4154,#4162,#4163,#4164));
#4154 = ORIENTED_EDGE('',*,*,#4155,.F.);
#4155 = EDGE_CURVE('',#2731,#4156,#4158,.T.);
#4156 = VERTEX_POINT('',#4157);
#4157 = CARTESIAN_POINT('',(7.4,4.83959634501,8.));
#4158 = LINE('',#4159,#4160);
#4159 = CARTESIAN_POINT('',(7.4,-23.9,8.));
#4160 = VECTOR('',#4161,1.);
#4161 = DIRECTION('',(0.,1.,0.));
#4162 = ORIENTED_EDGE('',*,*,#2738,.F.);
#4163 = ORIENTED_EDGE('',*,*,#4130,.T.);
#4164 = ORIENTED_EDGE('',*,*,#4165,.F.);
#4165 = EDGE_CURVE('',#4156,#4131,#4166,.T.);
#4166 = LINE('',#4167,#4168);
#4167 = CARTESIAN_POINT('',(7.4,4.83959634501,0.3));
#4168 = VECTOR('',#4169,1.);
#4169 = DIRECTION('',(-0.,-0.,-1.));
#4170 = PLANE('',#4171);
#4171 = AXIS2_PLACEMENT_3D('',#4172,#4173,#4174);
#4172 = CARTESIAN_POINT('',(7.4,-23.9,6.8));
#4173 = DIRECTION('',(1.,0.,0.));
#4174 = DIRECTION('',(0.,0.,1.));
#4175 = ADVANCED_FACE('',(#4176),#4212,.F.);
#4176 = FACE_BOUND('',#4177,.F.);
#4177 = EDGE_LOOP('',(#4178,#4186,#4187,#4188,#4197,#4205));
#4178 = ORIENTED_EDGE('',*,*,#4179,.F.);
#4179 = EDGE_CURVE('',#2723,#4180,#4182,.T.);
#4180 = VERTEX_POINT('',#4181);
#4181 = CARTESIAN_POINT('',(0.6,4.839596345009,8.));
#4182 = LINE('',#4183,#4184);
#4183 = CARTESIAN_POINT('',(0.6,-23.9,8.));
#4184 = VECTOR('',#4185,1.);
#4185 = DIRECTION('',(0.,1.,0.));
#4186 = ORIENTED_EDGE('',*,*,#2730,.T.);
#4187 = ORIENTED_EDGE('',*,*,#4155,.T.);
#4188 = ORIENTED_EDGE('',*,*,#4189,.F.);
#4189 = EDGE_CURVE('',#4190,#4156,#4192,.T.);
#4190 = VERTEX_POINT('',#4191);
#4191 = CARTESIAN_POINT('',(4.83959634501,7.4,8.));
#4192 = CIRCLE('',#4193,3.216854249492);
#4193 = AXIS2_PLACEMENT_3D('',#4194,#4195,#4196);
#4194 = CARTESIAN_POINT('',(8.,8.,8.));
#4195 = DIRECTION('',(0.,0.,1.));
#4196 = DIRECTION('',(1.,0.,0.));
#4197 = ORIENTED_EDGE('',*,*,#4198,.F.);
#4198 = EDGE_CURVE('',#4199,#4190,#4201,.T.);
#4199 = VERTEX_POINT('',#4200);
#4200 = CARTESIAN_POINT('',(3.16040365499,7.4,8.));
#4201 = LINE('',#4202,#4203);
#4202 = CARTESIAN_POINT('',(-15.9,7.4,8.));
#4203 = VECTOR('',#4204,1.);
#4204 = DIRECTION('',(1.,0.,0.));
#4205 = ORIENTED_EDGE('',*,*,#4206,.F.);
#4206 = EDGE_CURVE('',#4180,#4199,#4207,.T.);
#4207 = CIRCLE('',#4208,3.216854249492);
#4208 = AXIS2_PLACEMENT_3D('',#4209,#4210,#4211);
#4209 = CARTESIAN_POINT('',(0.,8.,8.));
#4210 = DIRECTION('',(0.,0.,1.));
#4211 = DIRECTION('',(1.,0.,0.));
#4212 = PLANE('',#4213);
#4213 = AXIS2_PLACEMENT_3D('',#4214,#4215,#4216);
#4214 = CARTESIAN_POINT('',(-3.470715835141,1.73535791757,8.));
#4215 = DIRECTION('',(0.,0.,1.));
#4216 = DIRECTION('',(1.,0.,0.));
#4217 = ADVANCED_FACE('',(#4218),#4236,.T.);
#4218 = FACE_BOUND('',#4219,.T.);
#4219 = EDGE_LOOP('',(#4220,#4221,#4222,#4230));
#4220 = ORIENTED_EDGE('',*,*,#4179,.F.);
#4221 = ORIENTED_EDGE('',*,*,#2722,.F.);
#4222 = ORIENTED_EDGE('',*,*,#4223,.T.);
#4223 = EDGE_CURVE('',#2715,#4224,#4226,.T.);
#4224 = VERTEX_POINT('',#4225);
#4225 = CARTESIAN_POINT('',(0.6,4.83959634501,6.8));
#4226 = LINE('',#4227,#4228);
#4227 = CARTESIAN_POINT('',(0.6,-23.9,6.8));
#4228 = VECTOR('',#4229,1.);
#4229 = DIRECTION('',(0.,1.,0.));
#4230 = ORIENTED_EDGE('',*,*,#4231,.F.);
#4231 = EDGE_CURVE('',#4180,#4224,#4232,.T.);
#4232 = LINE('',#4233,#4234);
#4233 = CARTESIAN_POINT('',(0.6,4.83959634501,0.3));
#4234 = VECTOR('',#4235,1.);
#4235 = DIRECTION('',(-0.,-0.,-1.));
#4236 = PLANE('',#4237);
#4237 = AXIS2_PLACEMENT_3D('',#4238,#4239,#4240);
#4238 = CARTESIAN_POINT('',(0.6,-23.9,6.8));
#4239 = DIRECTION('',(1.,0.,0.));
#4240 = DIRECTION('',(0.,0.,1.));
#4241 = ADVANCED_FACE('',(#4242),#4261,.T.);
#4242 = FACE_BOUND('',#4243,.T.);
#4243 = EDGE_LOOP('',(#4244,#4252,#4259,#4260));
#4244 = ORIENTED_EDGE('',*,*,#4245,.T.);
#4245 = EDGE_CURVE('',#2707,#4246,#4248,.T.);
#4246 = VERTEX_POINT('',#4247);
#4247 = CARTESIAN_POINT('',(-0.6,4.83959634501,6.8));
#4248 = LINE('',#4249,#4250);
#4249 = CARTESIAN_POINT('',(-0.6,-23.9,6.8));
#4250 = VECTOR('',#4251,1.);
#4251 = DIRECTION('',(0.,1.,0.));
#4252 = ORIENTED_EDGE('',*,*,#4253,.F.);
#4253 = EDGE_CURVE('',#4224,#4246,#4254,.T.);
#4254 = CIRCLE('',#4255,3.216854249492);
#4255 = AXIS2_PLACEMENT_3D('',#4256,#4257,#4258);
#4256 = CARTESIAN_POINT('',(0.,8.,6.8));
#4257 = DIRECTION('',(0.,0.,-1.));
#4258 = DIRECTION('',(1.,0.,0.));
#4259 = ORIENTED_EDGE('',*,*,#4223,.F.);
#4260 = ORIENTED_EDGE('',*,*,#2714,.F.);
#4261 = PLANE('',#4262);
#4262 = AXIS2_PLACEMENT_3D('',#4263,#4264,#4265);
#4263 = CARTESIAN_POINT('',(-9.428927601482E-16,-6.905693454606E-16,6.8)
  );
#4264 = DIRECTION('',(-0.,-0.,-1.));
#4265 = DIRECTION('',(-1.,0.,0.));
#4266 = ADVANCED_FACE('',(#4267),#4285,.F.);
#4267 = FACE_BOUND('',#4268,.F.);
#4268 = EDGE_LOOP('',(#4269,#4277,#4278,#4279));
#4269 = ORIENTED_EDGE('',*,*,#4270,.F.);
#4270 = EDGE_CURVE('',#2699,#4271,#4273,.T.);
#4271 = VERTEX_POINT('',#4272);
#4272 = CARTESIAN_POINT('',(-0.6,4.83959634501,8.));
#4273 = LINE('',#4274,#4275);
#4274 = CARTESIAN_POINT('',(-0.6,-23.9,8.));
#4275 = VECTOR('',#4276,1.);
#4276 = DIRECTION('',(0.,1.,0.));
#4277 = ORIENTED_EDGE('',*,*,#2706,.F.);
#4278 = ORIENTED_EDGE('',*,*,#4245,.T.);
#4279 = ORIENTED_EDGE('',*,*,#4280,.F.);
#4280 = EDGE_CURVE('',#4271,#4246,#4281,.T.);
#4281 = LINE('',#4282,#4283);
#4282 = CARTESIAN_POINT('',(-0.6,4.83959634501,0.3));
#4283 = VECTOR('',#4284,1.);
#4284 = DIRECTION('',(-0.,-0.,-1.));
#4285 = PLANE('',#4286);
#4286 = AXIS2_PLACEMENT_3D('',#4287,#4288,#4289);
#4287 = CARTESIAN_POINT('',(-0.6,-23.9,6.8));
#4288 = DIRECTION('',(1.,0.,0.));
#4289 = DIRECTION('',(0.,0.,1.));
#4290 = ADVANCED_FACE('',(#4291),#4345,.F.);
#4291 = FACE_BOUND('',#4292,.F.);
#4292 = EDGE_LOOP('',(#4293,#4303,#4312,#4318,#4319,#4320,#4321,#4330,
    #4338));
#4293 = ORIENTED_EDGE('',*,*,#4294,.F.);
#4294 = EDGE_CURVE('',#4295,#4297,#4299,.T.);
#4295 = VERTEX_POINT('',#4296);
#4296 = CARTESIAN_POINT('',(-7.4,3.160403654991,8.));
#4297 = VERTEX_POINT('',#4298);
#4298 = CARTESIAN_POINT('',(-7.4,4.839596345009,8.));
#4299 = LINE('',#4300,#4301);
#4300 = CARTESIAN_POINT('',(-7.4,-23.9,8.));
#4301 = VECTOR('',#4302,1.);
#4302 = DIRECTION('',(0.,1.,0.));
#4303 = ORIENTED_EDGE('',*,*,#4304,.F.);
#4304 = EDGE_CURVE('',#4305,#4295,#4307,.T.);
#4305 = VERTEX_POINT('',#4306);
#4306 = CARTESIAN_POINT('',(-4.83959634501,0.6,8.));
#4307 = CIRCLE('',#4308,3.216854249492);
#4308 = AXIS2_PLACEMENT_3D('',#4309,#4310,#4311);
#4309 = CARTESIAN_POINT('',(-8.,0.,8.));
#4310 = DIRECTION('',(0.,0.,1.));
#4311 = DIRECTION('',(1.,0.,0.));
#4312 = ORIENTED_EDGE('',*,*,#4313,.T.);
#4313 = EDGE_CURVE('',#4305,#2793,#4314,.T.);
#4314 = LINE('',#4315,#4316);
#4315 = CARTESIAN_POINT('',(-15.9,0.6,8.));
#4316 = VECTOR('',#4317,1.);
#4317 = DIRECTION('',(1.,0.,0.));
#4318 = ORIENTED_EDGE('',*,*,#2792,.T.);
#4319 = ORIENTED_EDGE('',*,*,#2698,.T.);
#4320 = ORIENTED_EDGE('',*,*,#4270,.T.);
#4321 = ORIENTED_EDGE('',*,*,#4322,.F.);
#4322 = EDGE_CURVE('',#4323,#4271,#4325,.T.);
#4323 = VERTEX_POINT('',#4324);
#4324 = CARTESIAN_POINT('',(-3.16040365499,7.4,8.));
#4325 = CIRCLE('',#4326,3.216854249492);
#4326 = AXIS2_PLACEMENT_3D('',#4327,#4328,#4329);
#4327 = CARTESIAN_POINT('',(0.,8.,8.));
#4328 = DIRECTION('',(0.,0.,1.));
#4329 = DIRECTION('',(1.,0.,0.));
#4330 = ORIENTED_EDGE('',*,*,#4331,.F.);
#4331 = EDGE_CURVE('',#4332,#4323,#4334,.T.);
#4332 = VERTEX_POINT('',#4333);
#4333 = CARTESIAN_POINT('',(-4.83959634501,7.4,8.));
#4334 = LINE('',#4335,#4336);
#4335 = CARTESIAN_POINT('',(-15.9,7.4,8.));
#4336 = VECTOR('',#4337,1.);
#4337 = DIRECTION('',(1.,0.,0.));
#4338 = ORIENTED_EDGE('',*,*,#4339,.F.);
#4339 = EDGE_CURVE('',#4297,#4332,#4340,.T.);
#4340 = CIRCLE('',#4341,3.216854249492);
#4341 = AXIS2_PLACEMENT_3D('',#4342,#4343,#4344);
#4342 = CARTESIAN_POINT('',(-8.,8.,8.));
#4343 = DIRECTION('',(0.,0.,1.));
#4344 = DIRECTION('',(1.,0.,0.));
#4345 = PLANE('',#4346);
#4346 = AXIS2_PLACEMENT_3D('',#4347,#4348,#4349);
#4347 = CARTESIAN_POINT('',(-3.470715835141,1.73535791757,8.));
#4348 = DIRECTION('',(0.,0.,1.));
#4349 = DIRECTION('',(1.,0.,0.));
#4350 = ADVANCED_FACE('',(#4351),#4378,.F.);
#4351 = FACE_BOUND('',#4352,.F.);
#4352 = EDGE_LOOP('',(#4353,#4361,#4362,#4363,#4371));
#4353 = ORIENTED_EDGE('',*,*,#4354,.F.);
#4354 = EDGE_CURVE('',#2929,#4355,#4357,.T.);
#4355 = VERTEX_POINT('',#4356);
#4356 = CARTESIAN_POINT('',(-7.4,-19.16040365499,8.));
#4357 = LINE('',#4358,#4359);
#4358 = CARTESIAN_POINT('',(-7.4,-23.9,8.));
#4359 = VECTOR('',#4360,1.);
#4360 = DIRECTION('',(0.,1.,0.));
#4361 = ORIENTED_EDGE('',*,*,#2936,.T.);
#4362 = ORIENTED_EDGE('',*,*,#2888,.T.);
#4363 = ORIENTED_EDGE('',*,*,#4364,.F.);
#4364 = EDGE_CURVE('',#4365,#2881,#4367,.T.);
#4365 = VERTEX_POINT('',#4366);
#4366 = CARTESIAN_POINT('',(-4.83959634501,-16.6,8.));
#4367 = LINE('',#4368,#4369);
#4368 = CARTESIAN_POINT('',(-15.9,-16.6,8.));
#4369 = VECTOR('',#4370,1.);
#4370 = DIRECTION('',(1.,0.,0.));
#4371 = ORIENTED_EDGE('',*,*,#4372,.F.);
#4372 = EDGE_CURVE('',#4355,#4365,#4373,.T.);
#4373 = CIRCLE('',#4374,3.216854249492);
#4374 = AXIS2_PLACEMENT_3D('',#4375,#4376,#4377);
#4375 = CARTESIAN_POINT('',(-8.,-16.,8.));
#4376 = DIRECTION('',(0.,0.,1.));
#4377 = DIRECTION('',(1.,0.,0.));
#4378 = PLANE('',#4379);
#4379 = AXIS2_PLACEMENT_3D('',#4380,#4381,#4382);
#4380 = CARTESIAN_POINT('',(-3.470715835141,1.73535791757,8.));
#4381 = DIRECTION('',(0.,0.,1.));
#4382 = DIRECTION('',(1.,0.,0.));
#4383 = ADVANCED_FACE('',(#4384),#4402,.F.);
#4384 = FACE_BOUND('',#4385,.F.);
#4385 = EDGE_LOOP('',(#4386,#4394,#4400,#4401));
#4386 = ORIENTED_EDGE('',*,*,#4387,.F.);
#4387 = EDGE_CURVE('',#4388,#2873,#4390,.T.);
#4388 = VERTEX_POINT('',#4389);
#4389 = CARTESIAN_POINT('',(-4.83959634501,-16.6,6.8));
#4390 = LINE('',#4391,#4392);
#4391 = CARTESIAN_POINT('',(-15.9,-16.6,6.8));
#4392 = VECTOR('',#4393,1.);
#4393 = DIRECTION('',(1.,0.,0.));
#4394 = ORIENTED_EDGE('',*,*,#4395,.F.);
#4395 = EDGE_CURVE('',#4365,#4388,#4396,.T.);
#4396 = LINE('',#4397,#4398);
#4397 = CARTESIAN_POINT('',(-4.83959634501,-16.6,0.3));
#4398 = VECTOR('',#4399,1.);
#4399 = DIRECTION('',(-0.,-0.,-1.));
#4400 = ORIENTED_EDGE('',*,*,#4364,.T.);
#4401 = ORIENTED_EDGE('',*,*,#2880,.T.);
#4402 = PLANE('',#4403);
#4403 = AXIS2_PLACEMENT_3D('',#4404,#4405,#4406);
#4404 = CARTESIAN_POINT('',(-15.9,-16.6,6.8));
#4405 = DIRECTION('',(0.,1.,0.));
#4406 = DIRECTION('',(0.,0.,1.));
#4407 = ADVANCED_FACE('',(#4408),#4436,.T.);
#4408 = FACE_BOUND('',#4409,.T.);
#4409 = EDGE_LOOP('',(#4410,#4411,#4420,#4429,#4435));
#4410 = ORIENTED_EDGE('',*,*,#4387,.F.);
#4411 = ORIENTED_EDGE('',*,*,#4412,.F.);
#4412 = EDGE_CURVE('',#4413,#4388,#4415,.T.);
#4413 = VERTEX_POINT('',#4414);
#4414 = CARTESIAN_POINT('',(-4.783145750508,-16.,6.8));
#4415 = CIRCLE('',#4416,3.216854249492);
#4416 = AXIS2_PLACEMENT_3D('',#4417,#4418,#4419);
#4417 = CARTESIAN_POINT('',(-8.,-16.,6.8));
#4418 = DIRECTION('',(0.,0.,-1.));
#4419 = DIRECTION('',(1.,0.,0.));
#4420 = ORIENTED_EDGE('',*,*,#4421,.F.);
#4421 = EDGE_CURVE('',#4422,#4413,#4424,.T.);
#4422 = VERTEX_POINT('',#4423);
#4423 = CARTESIAN_POINT('',(-4.83959634501,-15.4,6.8));
#4424 = CIRCLE('',#4425,3.216854249492);
#4425 = AXIS2_PLACEMENT_3D('',#4426,#4427,#4428);
#4426 = CARTESIAN_POINT('',(-8.,-16.,6.8));
#4427 = DIRECTION('',(0.,0.,-1.));
#4428 = DIRECTION('',(1.,0.,0.));
#4429 = ORIENTED_EDGE('',*,*,#4430,.T.);
#4430 = EDGE_CURVE('',#4422,#2865,#4431,.T.);
#4431 = LINE('',#4432,#4433);
#4432 = CARTESIAN_POINT('',(-15.9,-15.4,6.8));
#4433 = VECTOR('',#4434,1.);
#4434 = DIRECTION('',(1.,0.,0.));
#4435 = ORIENTED_EDGE('',*,*,#2872,.T.);
#4436 = PLANE('',#4437);
#4437 = AXIS2_PLACEMENT_3D('',#4438,#4439,#4440);
#4438 = CARTESIAN_POINT('',(-9.428927601482E-16,-6.905693454606E-16,6.8)
  );
#4439 = DIRECTION('',(-0.,-0.,-1.));
#4440 = DIRECTION('',(-1.,0.,0.));
#4441 = ADVANCED_FACE('',(#4442),#4460,.T.);
#4442 = FACE_BOUND('',#4443,.T.);
#4443 = EDGE_LOOP('',(#4444,#4445,#4453,#4459));
#4444 = ORIENTED_EDGE('',*,*,#4430,.F.);
#4445 = ORIENTED_EDGE('',*,*,#4446,.F.);
#4446 = EDGE_CURVE('',#4447,#4422,#4449,.T.);
#4447 = VERTEX_POINT('',#4448);
#4448 = CARTESIAN_POINT('',(-4.83959634501,-15.4,8.));
#4449 = LINE('',#4450,#4451);
#4450 = CARTESIAN_POINT('',(-4.83959634501,-15.4,0.3));
#4451 = VECTOR('',#4452,1.);
#4452 = DIRECTION('',(-0.,-0.,-1.));
#4453 = ORIENTED_EDGE('',*,*,#4454,.T.);
#4454 = EDGE_CURVE('',#4447,#2857,#4455,.T.);
#4455 = LINE('',#4456,#4457);
#4456 = CARTESIAN_POINT('',(-15.9,-15.4,8.));
#4457 = VECTOR('',#4458,1.);
#4458 = DIRECTION('',(1.,0.,0.));
#4459 = ORIENTED_EDGE('',*,*,#2864,.T.);
#4460 = PLANE('',#4461);
#4461 = AXIS2_PLACEMENT_3D('',#4462,#4463,#4464);
#4462 = CARTESIAN_POINT('',(-15.9,-15.4,6.8));
#4463 = DIRECTION('',(0.,1.,0.));
#4464 = DIRECTION('',(0.,0.,1.));
#4465 = ADVANCED_FACE('',(#4466),#4502,.F.);
#4466 = FACE_BOUND('',#4467,.F.);
#4467 = EDGE_LOOP('',(#4468,#4478,#4485,#4486,#4487,#4495));
#4468 = ORIENTED_EDGE('',*,*,#4469,.F.);
#4469 = EDGE_CURVE('',#4470,#4472,#4474,.T.);
#4470 = VERTEX_POINT('',#4471);
#4471 = CARTESIAN_POINT('',(-7.4,-12.839596345,8.));
#4472 = VERTEX_POINT('',#4473);
#4473 = CARTESIAN_POINT('',(-7.4,-11.16040365499,8.));
#4474 = LINE('',#4475,#4476);
#4475 = CARTESIAN_POINT('',(-7.4,-23.9,8.));
#4476 = VECTOR('',#4477,1.);
#4477 = DIRECTION('',(0.,1.,0.));
#4478 = ORIENTED_EDGE('',*,*,#4479,.F.);
#4479 = EDGE_CURVE('',#4447,#4470,#4480,.T.);
#4480 = CIRCLE('',#4481,3.216854249492);
#4481 = AXIS2_PLACEMENT_3D('',#4482,#4483,#4484);
#4482 = CARTESIAN_POINT('',(-8.,-16.,8.));
#4483 = DIRECTION('',(0.,0.,1.));
#4484 = DIRECTION('',(1.,0.,0.));
#4485 = ORIENTED_EDGE('',*,*,#4454,.T.);
#4486 = ORIENTED_EDGE('',*,*,#2856,.T.);
#4487 = ORIENTED_EDGE('',*,*,#4488,.F.);
#4488 = EDGE_CURVE('',#4489,#2849,#4491,.T.);
#4489 = VERTEX_POINT('',#4490);
#4490 = CARTESIAN_POINT('',(-4.83959634501,-8.6,8.));
#4491 = LINE('',#4492,#4493);
#4492 = CARTESIAN_POINT('',(-15.9,-8.6,8.));
#4493 = VECTOR('',#4494,1.);
#4494 = DIRECTION('',(1.,0.,0.));
#4495 = ORIENTED_EDGE('',*,*,#4496,.F.);
#4496 = EDGE_CURVE('',#4472,#4489,#4497,.T.);
#4497 = CIRCLE('',#4498,3.216854249492);
#4498 = AXIS2_PLACEMENT_3D('',#4499,#4500,#4501);
#4499 = CARTESIAN_POINT('',(-8.,-8.,8.));
#4500 = DIRECTION('',(0.,0.,1.));
#4501 = DIRECTION('',(1.,0.,0.));
#4502 = PLANE('',#4503);
#4503 = AXIS2_PLACEMENT_3D('',#4504,#4505,#4506);
#4504 = CARTESIAN_POINT('',(-3.470715835141,1.73535791757,8.));
#4505 = DIRECTION('',(0.,0.,1.));
#4506 = DIRECTION('',(1.,0.,0.));
#4507 = ADVANCED_FACE('',(#4508),#4526,.F.);
#4508 = FACE_BOUND('',#4509,.F.);
#4509 = EDGE_LOOP('',(#4510,#4518,#4524,#4525));
#4510 = ORIENTED_EDGE('',*,*,#4511,.F.);
#4511 = EDGE_CURVE('',#4512,#2841,#4514,.T.);
#4512 = VERTEX_POINT('',#4513);
#4513 = CARTESIAN_POINT('',(-4.83959634501,-8.6,6.8));
#4514 = LINE('',#4515,#4516);
#4515 = CARTESIAN_POINT('',(-15.9,-8.6,6.8));
#4516 = VECTOR('',#4517,1.);
#4517 = DIRECTION('',(1.,0.,0.));
#4518 = ORIENTED_EDGE('',*,*,#4519,.F.);
#4519 = EDGE_CURVE('',#4489,#4512,#4520,.T.);
#4520 = LINE('',#4521,#4522);
#4521 = CARTESIAN_POINT('',(-4.83959634501,-8.6,0.3));
#4522 = VECTOR('',#4523,1.);
#4523 = DIRECTION('',(-0.,-0.,-1.));
#4524 = ORIENTED_EDGE('',*,*,#4488,.T.);
#4525 = ORIENTED_EDGE('',*,*,#2848,.T.);
#4526 = PLANE('',#4527);
#4527 = AXIS2_PLACEMENT_3D('',#4528,#4529,#4530);
#4528 = CARTESIAN_POINT('',(-15.9,-8.6,6.8));
#4529 = DIRECTION('',(0.,1.,0.));
#4530 = DIRECTION('',(0.,0.,1.));
#4531 = ADVANCED_FACE('',(#4532),#4560,.T.);
#4532 = FACE_BOUND('',#4533,.T.);
#4533 = EDGE_LOOP('',(#4534,#4535,#4544,#4553,#4559));
#4534 = ORIENTED_EDGE('',*,*,#4511,.F.);
#4535 = ORIENTED_EDGE('',*,*,#4536,.F.);
#4536 = EDGE_CURVE('',#4537,#4512,#4539,.T.);
#4537 = VERTEX_POINT('',#4538);
#4538 = CARTESIAN_POINT('',(-4.783145750508,-8.,6.8));
#4539 = CIRCLE('',#4540,3.216854249492);
#4540 = AXIS2_PLACEMENT_3D('',#4541,#4542,#4543);
#4541 = CARTESIAN_POINT('',(-8.,-8.,6.8));
#4542 = DIRECTION('',(0.,0.,-1.));
#4543 = DIRECTION('',(1.,0.,0.));
#4544 = ORIENTED_EDGE('',*,*,#4545,.F.);
#4545 = EDGE_CURVE('',#4546,#4537,#4548,.T.);
#4546 = VERTEX_POINT('',#4547);
#4547 = CARTESIAN_POINT('',(-4.83959634501,-7.4,6.8));
#4548 = CIRCLE('',#4549,3.216854249492);
#4549 = AXIS2_PLACEMENT_3D('',#4550,#4551,#4552);
#4550 = CARTESIAN_POINT('',(-8.,-8.,6.8));
#4551 = DIRECTION('',(0.,0.,-1.));
#4552 = DIRECTION('',(1.,0.,0.));
#4553 = ORIENTED_EDGE('',*,*,#4554,.T.);
#4554 = EDGE_CURVE('',#4546,#2833,#4555,.T.);
#4555 = LINE('',#4556,#4557);
#4556 = CARTESIAN_POINT('',(-15.9,-7.4,6.8));
#4557 = VECTOR('',#4558,1.);
#4558 = DIRECTION('',(1.,0.,0.));
#4559 = ORIENTED_EDGE('',*,*,#2840,.T.);
#4560 = PLANE('',#4561);
#4561 = AXIS2_PLACEMENT_3D('',#4562,#4563,#4564);
#4562 = CARTESIAN_POINT('',(-9.428927601482E-16,-6.905693454606E-16,6.8)
  );
#4563 = DIRECTION('',(-0.,-0.,-1.));
#4564 = DIRECTION('',(-1.,0.,0.));
#4565 = ADVANCED_FACE('',(#4566),#4584,.T.);
#4566 = FACE_BOUND('',#4567,.T.);
#4567 = EDGE_LOOP('',(#4568,#4569,#4577,#4583));
#4568 = ORIENTED_EDGE('',*,*,#4554,.F.);
#4569 = ORIENTED_EDGE('',*,*,#4570,.F.);
#4570 = EDGE_CURVE('',#4571,#4546,#4573,.T.);
#4571 = VERTEX_POINT('',#4572);
#4572 = CARTESIAN_POINT('',(-4.83959634501,-7.4,8.));
#4573 = LINE('',#4574,#4575);
#4574 = CARTESIAN_POINT('',(-4.83959634501,-7.4,0.3));
#4575 = VECTOR('',#4576,1.);
#4576 = DIRECTION('',(-0.,-0.,-1.));
#4577 = ORIENTED_EDGE('',*,*,#4578,.T.);
#4578 = EDGE_CURVE('',#4571,#2825,#4579,.T.);
#4579 = LINE('',#4580,#4581);
#4580 = CARTESIAN_POINT('',(-15.9,-7.4,8.));
#4581 = VECTOR('',#4582,1.);
#4582 = DIRECTION('',(1.,0.,0.));
#4583 = ORIENTED_EDGE('',*,*,#2832,.T.);
#4584 = PLANE('',#4585);
#4585 = AXIS2_PLACEMENT_3D('',#4586,#4587,#4588);
#4586 = CARTESIAN_POINT('',(-15.9,-7.4,6.8));
#4587 = DIRECTION('',(0.,1.,0.));
#4588 = DIRECTION('',(0.,0.,1.));
#4589 = ADVANCED_FACE('',(#4590),#4626,.F.);
#4590 = FACE_BOUND('',#4591,.F.);
#4591 = EDGE_LOOP('',(#4592,#4602,#4609,#4610,#4611,#4619));
#4592 = ORIENTED_EDGE('',*,*,#4593,.F.);
#4593 = EDGE_CURVE('',#4594,#4596,#4598,.T.);
#4594 = VERTEX_POINT('',#4595);
#4595 = CARTESIAN_POINT('',(-7.4,-4.839596345009,8.));
#4596 = VERTEX_POINT('',#4597);
#4597 = CARTESIAN_POINT('',(-7.4,-3.160403654991,8.));
#4598 = LINE('',#4599,#4600);
#4599 = CARTESIAN_POINT('',(-7.4,-23.9,8.));
#4600 = VECTOR('',#4601,1.);
#4601 = DIRECTION('',(0.,1.,0.));
#4602 = ORIENTED_EDGE('',*,*,#4603,.F.);
#4603 = EDGE_CURVE('',#4571,#4594,#4604,.T.);
#4604 = CIRCLE('',#4605,3.216854249492);
#4605 = AXIS2_PLACEMENT_3D('',#4606,#4607,#4608);
#4606 = CARTESIAN_POINT('',(-8.,-8.,8.));
#4607 = DIRECTION('',(0.,0.,1.));
#4608 = DIRECTION('',(1.,0.,0.));
#4609 = ORIENTED_EDGE('',*,*,#4578,.T.);
#4610 = ORIENTED_EDGE('',*,*,#2824,.T.);
#4611 = ORIENTED_EDGE('',*,*,#4612,.F.);
#4612 = EDGE_CURVE('',#4613,#2817,#4615,.T.);
#4613 = VERTEX_POINT('',#4614);
#4614 = CARTESIAN_POINT('',(-4.83959634501,-0.6,8.));
#4615 = LINE('',#4616,#4617);
#4616 = CARTESIAN_POINT('',(-15.9,-0.6,8.));
#4617 = VECTOR('',#4618,1.);
#4618 = DIRECTION('',(1.,0.,0.));
#4619 = ORIENTED_EDGE('',*,*,#4620,.F.);
#4620 = EDGE_CURVE('',#4596,#4613,#4621,.T.);
#4621 = CIRCLE('',#4622,3.216854249492);
#4622 = AXIS2_PLACEMENT_3D('',#4623,#4624,#4625);
#4623 = CARTESIAN_POINT('',(-8.,0.,8.));
#4624 = DIRECTION('',(0.,0.,1.));
#4625 = DIRECTION('',(1.,0.,0.));
#4626 = PLANE('',#4627);
#4627 = AXIS2_PLACEMENT_3D('',#4628,#4629,#4630);
#4628 = CARTESIAN_POINT('',(-3.470715835141,1.73535791757,8.));
#4629 = DIRECTION('',(0.,0.,1.));
#4630 = DIRECTION('',(1.,0.,0.));
#4631 = ADVANCED_FACE('',(#4632),#4650,.F.);
#4632 = FACE_BOUND('',#4633,.F.);
#4633 = EDGE_LOOP('',(#4634,#4642,#4648,#4649));
#4634 = ORIENTED_EDGE('',*,*,#4635,.F.);
#4635 = EDGE_CURVE('',#4636,#2809,#4638,.T.);
#4636 = VERTEX_POINT('',#4637);
#4637 = CARTESIAN_POINT('',(-4.83959634501,-0.6,6.8));
#4638 = LINE('',#4639,#4640);
#4639 = CARTESIAN_POINT('',(-15.9,-0.6,6.8));
#4640 = VECTOR('',#4641,1.);
#4641 = DIRECTION('',(1.,0.,0.));
#4642 = ORIENTED_EDGE('',*,*,#4643,.F.);
#4643 = EDGE_CURVE('',#4613,#4636,#4644,.T.);
#4644 = LINE('',#4645,#4646);
#4645 = CARTESIAN_POINT('',(-4.83959634501,-0.6,0.3));
#4646 = VECTOR('',#4647,1.);
#4647 = DIRECTION('',(-0.,-0.,-1.));
#4648 = ORIENTED_EDGE('',*,*,#4612,.T.);
#4649 = ORIENTED_EDGE('',*,*,#2816,.T.);
#4650 = PLANE('',#4651);
#4651 = AXIS2_PLACEMENT_3D('',#4652,#4653,#4654);
#4652 = CARTESIAN_POINT('',(-15.9,-0.6,6.8));
#4653 = DIRECTION('',(0.,1.,0.));
#4654 = DIRECTION('',(0.,0.,1.));
#4655 = ADVANCED_FACE('',(#4656),#4684,.T.);
#4656 = FACE_BOUND('',#4657,.T.);
#4657 = EDGE_LOOP('',(#4658,#4659,#4668,#4677,#4683));
#4658 = ORIENTED_EDGE('',*,*,#4635,.F.);
#4659 = ORIENTED_EDGE('',*,*,#4660,.F.);
#4660 = EDGE_CURVE('',#4661,#4636,#4663,.T.);
#4661 = VERTEX_POINT('',#4662);
#4662 = CARTESIAN_POINT('',(-4.783145750508,-7.879020519929E-16,6.8));
#4663 = CIRCLE('',#4664,3.216854249492);
#4664 = AXIS2_PLACEMENT_3D('',#4665,#4666,#4667);
#4665 = CARTESIAN_POINT('',(-8.,0.,6.8));
#4666 = DIRECTION('',(0.,0.,-1.));
#4667 = DIRECTION('',(1.,0.,0.));
#4668 = ORIENTED_EDGE('',*,*,#4669,.F.);
#4669 = EDGE_CURVE('',#4670,#4661,#4672,.T.);
#4670 = VERTEX_POINT('',#4671);
#4671 = CARTESIAN_POINT('',(-4.83959634501,0.6,6.8));
#4672 = CIRCLE('',#4673,3.216854249492);
#4673 = AXIS2_PLACEMENT_3D('',#4674,#4675,#4676);
#4674 = CARTESIAN_POINT('',(-8.,0.,6.8));
#4675 = DIRECTION('',(0.,0.,-1.));
#4676 = DIRECTION('',(1.,0.,0.));
#4677 = ORIENTED_EDGE('',*,*,#4678,.T.);
#4678 = EDGE_CURVE('',#4670,#2801,#4679,.T.);
#4679 = LINE('',#4680,#4681);
#4680 = CARTESIAN_POINT('',(-15.9,0.6,6.8));
#4681 = VECTOR('',#4682,1.);
#4682 = DIRECTION('',(1.,0.,0.));
#4683 = ORIENTED_EDGE('',*,*,#2808,.T.);
#4684 = PLANE('',#4685);
#4685 = AXIS2_PLACEMENT_3D('',#4686,#4687,#4688);
#4686 = CARTESIAN_POINT('',(-9.428927601482E-16,-6.905693454606E-16,6.8)
  );
#4687 = DIRECTION('',(-0.,-0.,-1.));
#4688 = DIRECTION('',(-1.,0.,0.));
#4689 = ADVANCED_FACE('',(#4690),#4701,.T.);
#4690 = FACE_BOUND('',#4691,.T.);
#4691 = EDGE_LOOP('',(#4692,#4693,#4699,#4700));
#4692 = ORIENTED_EDGE('',*,*,#4678,.F.);
#4693 = ORIENTED_EDGE('',*,*,#4694,.F.);
#4694 = EDGE_CURVE('',#4305,#4670,#4695,.T.);
#4695 = LINE('',#4696,#4697);
#4696 = CARTESIAN_POINT('',(-4.83959634501,0.6,0.3));
#4697 = VECTOR('',#4698,1.);
#4698 = DIRECTION('',(-0.,-0.,-1.));
#4699 = ORIENTED_EDGE('',*,*,#4313,.T.);
#4700 = ORIENTED_EDGE('',*,*,#2800,.T.);
#4701 = PLANE('',#4702);
#4702 = AXIS2_PLACEMENT_3D('',#4703,#4704,#4705);
#4703 = CARTESIAN_POINT('',(-15.9,0.6,6.8));
#4704 = DIRECTION('',(0.,1.,0.));
#4705 = DIRECTION('',(0.,0.,1.));
#4706 = ADVANCED_FACE('',(#4707),#4725,.T.);
#4707 = FACE_BOUND('',#4708,.T.);
#4708 = EDGE_LOOP('',(#4709,#4710,#4711,#4719));
#4709 = ORIENTED_EDGE('',*,*,#4354,.F.);
#4710 = ORIENTED_EDGE('',*,*,#2928,.F.);
#4711 = ORIENTED_EDGE('',*,*,#4712,.T.);
#4712 = EDGE_CURVE('',#2921,#4713,#4715,.T.);
#4713 = VERTEX_POINT('',#4714);
#4714 = CARTESIAN_POINT('',(-7.4,-19.16040365499,6.8));
#4715 = LINE('',#4716,#4717);
#4716 = CARTESIAN_POINT('',(-7.4,-23.9,6.8));
#4717 = VECTOR('',#4718,1.);
#4718 = DIRECTION('',(0.,1.,0.));
#4719 = ORIENTED_EDGE('',*,*,#4720,.F.);
#4720 = EDGE_CURVE('',#4355,#4713,#4721,.T.);
#4721 = LINE('',#4722,#4723);
#4722 = CARTESIAN_POINT('',(-7.4,-19.16040365499,0.3));
#4723 = VECTOR('',#4724,1.);
#4724 = DIRECTION('',(-0.,-0.,-1.));
#4725 = PLANE('',#4726);
#4726 = AXIS2_PLACEMENT_3D('',#4727,#4728,#4729);
#4727 = CARTESIAN_POINT('',(-7.4,-23.9,6.8));
#4728 = DIRECTION('',(1.,0.,0.));
#4729 = DIRECTION('',(0.,0.,1.));
#4730 = ADVANCED_FACE('',(#4731),#4750,.T.);
#4731 = FACE_BOUND('',#4732,.T.);
#4732 = EDGE_LOOP('',(#4733,#4734,#4742,#4749));
#4733 = ORIENTED_EDGE('',*,*,#2920,.F.);
#4734 = ORIENTED_EDGE('',*,*,#4735,.T.);
#4735 = EDGE_CURVE('',#2913,#4736,#4738,.T.);
#4736 = VERTEX_POINT('',#4737);
#4737 = CARTESIAN_POINT('',(-8.6,-19.16040365499,6.8));
#4738 = LINE('',#4739,#4740);
#4739 = CARTESIAN_POINT('',(-8.6,-23.9,6.8));
#4740 = VECTOR('',#4741,1.);
#4741 = DIRECTION('',(0.,1.,0.));
#4742 = ORIENTED_EDGE('',*,*,#4743,.F.);
#4743 = EDGE_CURVE('',#4713,#4736,#4744,.T.);
#4744 = CIRCLE('',#4745,3.216854249492);
#4745 = AXIS2_PLACEMENT_3D('',#4746,#4747,#4748);
#4746 = CARTESIAN_POINT('',(-8.,-16.,6.8));
#4747 = DIRECTION('',(0.,0.,-1.));
#4748 = DIRECTION('',(1.,0.,0.));
#4749 = ORIENTED_EDGE('',*,*,#4712,.F.);
#4750 = PLANE('',#4751);
#4751 = AXIS2_PLACEMENT_3D('',#4752,#4753,#4754);
#4752 = CARTESIAN_POINT('',(-9.428927601482E-16,-6.905693454606E-16,6.8)
  );
#4753 = DIRECTION('',(-0.,-0.,-1.));
#4754 = DIRECTION('',(-1.,0.,0.));
#4755 = ADVANCED_FACE('',(#4756),#4767,.F.);
#4756 = FACE_BOUND('',#4757,.F.);
#4757 = EDGE_LOOP('',(#4758,#4759,#4760,#4761));
#4758 = ORIENTED_EDGE('',*,*,#3519,.F.);
#4759 = ORIENTED_EDGE('',*,*,#2912,.F.);
#4760 = ORIENTED_EDGE('',*,*,#4735,.T.);
#4761 = ORIENTED_EDGE('',*,*,#4762,.F.);
#4762 = EDGE_CURVE('',#3520,#4736,#4763,.T.);
#4763 = LINE('',#4764,#4765);
#4764 = CARTESIAN_POINT('',(-8.6,-19.16040365499,0.3));
#4765 = VECTOR('',#4766,1.);
#4766 = DIRECTION('',(-0.,-0.,-1.));
#4767 = PLANE('',#4768);
#4768 = AXIS2_PLACEMENT_3D('',#4769,#4770,#4771);
#4769 = CARTESIAN_POINT('',(-8.6,-23.9,6.8));
#4770 = DIRECTION('',(1.,0.,0.));
#4771 = DIRECTION('',(0.,0.,1.));
#4772 = ADVANCED_FACE('',(#4773),#4828,.T.);
#4773 = FACE_BOUND('',#4774,.F.);
#4774 = EDGE_LOOP('',(#4775,#4784,#4790,#4791,#4792,#4793,#4794,#4795,
    #4796,#4797,#4798,#4799,#4800,#4801,#4809,#4818,#4824,#4825,#4826,
    #4827));
#4775 = ORIENTED_EDGE('',*,*,#4776,.F.);
#4776 = EDGE_CURVE('',#4777,#4777,#4779,.T.);
#4777 = VERTEX_POINT('',#4778);
#4778 = CARTESIAN_POINT('',(-4.783145750508,16.,0.3));
#4779 = CIRCLE('',#4780,3.216854249492);
#4780 = AXIS2_PLACEMENT_3D('',#4781,#4782,#4783);
#4781 = CARTESIAN_POINT('',(-8.,16.,0.3));
#4782 = DIRECTION('',(0.,0.,1.));
#4783 = DIRECTION('',(1.,0.,0.));
#4784 = ORIENTED_EDGE('',*,*,#4785,.T.);
#4785 = EDGE_CURVE('',#4777,#3735,#4786,.T.);
#4786 = LINE('',#4787,#4788);
#4787 = CARTESIAN_POINT('',(-4.783145750508,16.,0.3));
#4788 = VECTOR('',#4789,1.);
#4789 = DIRECTION('',(0.,0.,1.));
#4790 = ORIENTED_EDGE('',*,*,#3743,.F.);
#4791 = ORIENTED_EDGE('',*,*,#3768,.F.);
#4792 = ORIENTED_EDGE('',*,*,#3552,.T.);
#4793 = ORIENTED_EDGE('',*,*,#3577,.T.);
#4794 = ORIENTED_EDGE('',*,*,#3600,.F.);
#4795 = ORIENTED_EDGE('',*,*,#3626,.F.);
#4796 = ORIENTED_EDGE('',*,*,#2960,.T.);
#4797 = ORIENTED_EDGE('',*,*,#2994,.T.);
#4798 = ORIENTED_EDGE('',*,*,#3008,.F.);
#4799 = ORIENTED_EDGE('',*,*,#3043,.F.);
#4800 = ORIENTED_EDGE('',*,*,#3083,.T.);
#4801 = ORIENTED_EDGE('',*,*,#4802,.T.);
#4802 = EDGE_CURVE('',#3076,#4803,#4805,.T.);
#4803 = VERTEX_POINT('',#4804);
#4804 = CARTESIAN_POINT('',(-8.6,12.83959634501,6.8));
#4805 = LINE('',#4806,#4807);
#4806 = CARTESIAN_POINT('',(-8.6,12.83959634501,0.3));
#4807 = VECTOR('',#4808,1.);
#4808 = DIRECTION('',(-0.,-0.,-1.));
#4809 = ORIENTED_EDGE('',*,*,#4810,.F.);
#4810 = EDGE_CURVE('',#4811,#4803,#4813,.T.);
#4811 = VERTEX_POINT('',#4812);
#4812 = CARTESIAN_POINT('',(-7.4,12.83959634501,6.8));
#4813 = CIRCLE('',#4814,3.216854249492);
#4814 = AXIS2_PLACEMENT_3D('',#4815,#4816,#4817);
#4815 = CARTESIAN_POINT('',(-8.,16.,6.8));
#4816 = DIRECTION('',(0.,0.,-1.));
#4817 = DIRECTION('',(1.,0.,0.));
#4818 = ORIENTED_EDGE('',*,*,#4819,.F.);
#4819 = EDGE_CURVE('',#3645,#4811,#4820,.T.);
#4820 = LINE('',#4821,#4822);
#4821 = CARTESIAN_POINT('',(-7.4,12.83959634501,0.3));
#4822 = VECTOR('',#4823,1.);
#4823 = DIRECTION('',(-0.,-0.,-1.));
#4824 = ORIENTED_EDGE('',*,*,#3694,.T.);
#4825 = ORIENTED_EDGE('',*,*,#3717,.T.);
#4826 = ORIENTED_EDGE('',*,*,#3734,.F.);
#4827 = ORIENTED_EDGE('',*,*,#4785,.F.);
#4828 = CYLINDRICAL_SURFACE('',#4829,3.216854249492);
#4829 = AXIS2_PLACEMENT_3D('',#4830,#4831,#4832);
#4830 = CARTESIAN_POINT('',(-8.,16.,0.3));
#4831 = DIRECTION('',(-0.,-0.,-1.));
#4832 = DIRECTION('',(1.,0.,0.));
#4833 = ADVANCED_FACE('',(#4834),#4852,.F.);
#4834 = FACE_BOUND('',#4835,.F.);
#4835 = EDGE_LOOP('',(#4836,#4837,#4845,#4851));
#4836 = ORIENTED_EDGE('',*,*,#3075,.F.);
#4837 = ORIENTED_EDGE('',*,*,#4838,.T.);
#4838 = EDGE_CURVE('',#3067,#4839,#4841,.T.);
#4839 = VERTEX_POINT('',#4840);
#4840 = CARTESIAN_POINT('',(-8.6,11.16040365499,6.8));
#4841 = LINE('',#4842,#4843);
#4842 = CARTESIAN_POINT('',(-8.6,11.16040365499,0.3));
#4843 = VECTOR('',#4844,1.);
#4844 = DIRECTION('',(-0.,-0.,-1.));
#4845 = ORIENTED_EDGE('',*,*,#4846,.T.);
#4846 = EDGE_CURVE('',#4839,#4803,#4847,.T.);
#4847 = LINE('',#4848,#4849);
#4848 = CARTESIAN_POINT('',(-8.6,-23.9,6.8));
#4849 = VECTOR('',#4850,1.);
#4850 = DIRECTION('',(0.,1.,0.));
#4851 = ORIENTED_EDGE('',*,*,#4802,.F.);
#4852 = PLANE('',#4853);
#4853 = AXIS2_PLACEMENT_3D('',#4854,#4855,#4856);
#4854 = CARTESIAN_POINT('',(-8.6,-23.9,6.8));
#4855 = DIRECTION('',(1.,0.,0.));
#4856 = DIRECTION('',(0.,0.,1.));
#4857 = ADVANCED_FACE('',(#4858),#4954,.T.);
#4858 = FACE_BOUND('',#4859,.F.);
#4859 = EDGE_LOOP('',(#4860,#4869,#4877,#4886,#4892,#4893,#4901,#4908,
    #4909,#4910,#4911,#4912,#4913,#4914,#4922,#4931,#4937,#4938,#4946,
    #4953));
#4860 = ORIENTED_EDGE('',*,*,#4861,.F.);
#4861 = EDGE_CURVE('',#4862,#4862,#4864,.T.);
#4862 = VERTEX_POINT('',#4863);
#4863 = CARTESIAN_POINT('',(-4.783145750508,8.,0.3));
#4864 = CIRCLE('',#4865,3.216854249492);
#4865 = AXIS2_PLACEMENT_3D('',#4866,#4867,#4868);
#4866 = CARTESIAN_POINT('',(-8.,8.,0.3));
#4867 = DIRECTION('',(0.,0.,1.));
#4868 = DIRECTION('',(1.,0.,0.));
#4869 = ORIENTED_EDGE('',*,*,#4870,.T.);
#4870 = EDGE_CURVE('',#4862,#4871,#4873,.T.);
#4871 = VERTEX_POINT('',#4872);
#4872 = CARTESIAN_POINT('',(-4.783145750508,8.,6.8));
#4873 = LINE('',#4874,#4875);
#4874 = CARTESIAN_POINT('',(-4.783145750508,8.,0.3));
#4875 = VECTOR('',#4876,1.);
#4876 = DIRECTION('',(0.,0.,1.));
#4877 = ORIENTED_EDGE('',*,*,#4878,.F.);
#4878 = EDGE_CURVE('',#4879,#4871,#4881,.T.);
#4879 = VERTEX_POINT('',#4880);
#4880 = CARTESIAN_POINT('',(-4.83959634501,8.6,6.8));
#4881 = CIRCLE('',#4882,3.216854249492);
#4882 = AXIS2_PLACEMENT_3D('',#4883,#4884,#4885);
#4883 = CARTESIAN_POINT('',(-8.,8.,6.8));
#4884 = DIRECTION('',(0.,0.,-1.));
#4885 = DIRECTION('',(1.,0.,0.));
#4886 = ORIENTED_EDGE('',*,*,#4887,.F.);
#4887 = EDGE_CURVE('',#3653,#4879,#4888,.T.);
#4888 = LINE('',#4889,#4890);
#4889 = CARTESIAN_POINT('',(-4.83959634501,8.6,0.3));
#4890 = VECTOR('',#4891,1.);
#4891 = DIRECTION('',(-0.,-0.,-1.));
#4892 = ORIENTED_EDGE('',*,*,#3652,.T.);
#4893 = ORIENTED_EDGE('',*,*,#4894,.T.);
#4894 = EDGE_CURVE('',#3643,#4895,#4897,.T.);
#4895 = VERTEX_POINT('',#4896);
#4896 = CARTESIAN_POINT('',(-7.4,11.16040365499,6.8));
#4897 = LINE('',#4898,#4899);
#4898 = CARTESIAN_POINT('',(-7.4,11.16040365499,0.3));
#4899 = VECTOR('',#4900,1.);
#4900 = DIRECTION('',(-0.,-0.,-1.));
#4901 = ORIENTED_EDGE('',*,*,#4902,.F.);
#4902 = EDGE_CURVE('',#4839,#4895,#4903,.T.);
#4903 = CIRCLE('',#4904,3.216854249492);
#4904 = AXIS2_PLACEMENT_3D('',#4905,#4906,#4907);
#4905 = CARTESIAN_POINT('',(-8.,8.,6.8));
#4906 = DIRECTION('',(0.,0.,-1.));
#4907 = DIRECTION('',(1.,0.,0.));
#4908 = ORIENTED_EDGE('',*,*,#4838,.F.);
#4909 = ORIENTED_EDGE('',*,*,#3066,.T.);
#4910 = ORIENTED_EDGE('',*,*,#3109,.T.);
#4911 = ORIENTED_EDGE('',*,*,#3123,.F.);
#4912 = ORIENTED_EDGE('',*,*,#3158,.F.);
#4913 = ORIENTED_EDGE('',*,*,#3198,.T.);
#4914 = ORIENTED_EDGE('',*,*,#4915,.T.);
#4915 = EDGE_CURVE('',#3191,#4916,#4918,.T.);
#4916 = VERTEX_POINT('',#4917);
#4917 = CARTESIAN_POINT('',(-8.6,4.83959634501,6.8));
#4918 = LINE('',#4919,#4920);
#4919 = CARTESIAN_POINT('',(-8.6,4.83959634501,0.3));
#4920 = VECTOR('',#4921,1.);
#4921 = DIRECTION('',(-0.,-0.,-1.));
#4922 = ORIENTED_EDGE('',*,*,#4923,.F.);
#4923 = EDGE_CURVE('',#4924,#4916,#4926,.T.);
#4924 = VERTEX_POINT('',#4925);
#4925 = CARTESIAN_POINT('',(-7.4,4.83959634501,6.8));
#4926 = CIRCLE('',#4927,3.216854249492);
#4927 = AXIS2_PLACEMENT_3D('',#4928,#4929,#4930);
#4928 = CARTESIAN_POINT('',(-8.,8.,6.8));
#4929 = DIRECTION('',(0.,0.,-1.));
#4930 = DIRECTION('',(1.,0.,0.));
#4931 = ORIENTED_EDGE('',*,*,#4932,.F.);
#4932 = EDGE_CURVE('',#4297,#4924,#4933,.T.);
#4933 = LINE('',#4934,#4935);
#4934 = CARTESIAN_POINT('',(-7.4,4.83959634501,0.3));
#4935 = VECTOR('',#4936,1.);
#4936 = DIRECTION('',(-0.,-0.,-1.));
#4937 = ORIENTED_EDGE('',*,*,#4339,.T.);
#4938 = ORIENTED_EDGE('',*,*,#4939,.T.);
#4939 = EDGE_CURVE('',#4332,#4940,#4942,.T.);
#4940 = VERTEX_POINT('',#4941);
#4941 = CARTESIAN_POINT('',(-4.83959634501,7.4,6.8));
#4942 = LINE('',#4943,#4944);
#4943 = CARTESIAN_POINT('',(-4.83959634501,7.4,0.3));
#4944 = VECTOR('',#4945,1.);
#4945 = DIRECTION('',(-0.,-0.,-1.));
#4946 = ORIENTED_EDGE('',*,*,#4947,.F.);
#4947 = EDGE_CURVE('',#4871,#4940,#4948,.T.);
#4948 = CIRCLE('',#4949,3.216854249492);
#4949 = AXIS2_PLACEMENT_3D('',#4950,#4951,#4952);
#4950 = CARTESIAN_POINT('',(-8.,8.,6.8));
#4951 = DIRECTION('',(0.,0.,-1.));
#4952 = DIRECTION('',(1.,0.,0.));
#4953 = ORIENTED_EDGE('',*,*,#4870,.F.);
#4954 = CYLINDRICAL_SURFACE('',#4955,3.216854249492);
#4955 = AXIS2_PLACEMENT_3D('',#4956,#4957,#4958);
#4956 = CARTESIAN_POINT('',(-8.,8.,0.3));
#4957 = DIRECTION('',(-0.,-0.,-1.));
#4958 = DIRECTION('',(1.,0.,0.));
#4959 = ADVANCED_FACE('',(#4960),#4978,.F.);
#4960 = FACE_BOUND('',#4961,.F.);
#4961 = EDGE_LOOP('',(#4962,#4963,#4971,#4977));
#4962 = ORIENTED_EDGE('',*,*,#3190,.F.);
#4963 = ORIENTED_EDGE('',*,*,#4964,.T.);
#4964 = EDGE_CURVE('',#3182,#4965,#4967,.T.);
#4965 = VERTEX_POINT('',#4966);
#4966 = CARTESIAN_POINT('',(-8.6,3.16040365499,6.8));
#4967 = LINE('',#4968,#4969);
#4968 = CARTESIAN_POINT('',(-8.6,3.16040365499,0.3));
#4969 = VECTOR('',#4970,1.);
#4970 = DIRECTION('',(-0.,-0.,-1.));
#4971 = ORIENTED_EDGE('',*,*,#4972,.T.);
#4972 = EDGE_CURVE('',#4965,#4916,#4973,.T.);
#4973 = LINE('',#4974,#4975);
#4974 = CARTESIAN_POINT('',(-8.6,-23.9,6.8));
#4975 = VECTOR('',#4976,1.);
#4976 = DIRECTION('',(0.,1.,0.));
#4977 = ORIENTED_EDGE('',*,*,#4915,.F.);
#4978 = PLANE('',#4979);
#4979 = AXIS2_PLACEMENT_3D('',#4980,#4981,#4982);
#4980 = CARTESIAN_POINT('',(-8.6,-23.9,6.8));
#4981 = DIRECTION('',(1.,0.,0.));
#4982 = DIRECTION('',(0.,0.,1.));
#4983 = ADVANCED_FACE('',(#4984),#5052,.T.);
#4984 = FACE_BOUND('',#4985,.F.);
#4985 = EDGE_LOOP('',(#4986,#4995,#5001,#5002,#5003,#5004,#5012,#5019,
    #5020,#5021,#5022,#5023,#5024,#5025,#5033,#5042,#5048,#5049,#5050,
    #5051));
#4986 = ORIENTED_EDGE('',*,*,#4987,.F.);
#4987 = EDGE_CURVE('',#4988,#4988,#4990,.T.);
#4988 = VERTEX_POINT('',#4989);
#4989 = CARTESIAN_POINT('',(-4.783145750508,-7.879020519929E-16,0.3));
#4990 = CIRCLE('',#4991,3.216854249492);
#4991 = AXIS2_PLACEMENT_3D('',#4992,#4993,#4994);
#4992 = CARTESIAN_POINT('',(-8.,0.,0.3));
#4993 = DIRECTION('',(0.,0.,1.));
#4994 = DIRECTION('',(1.,0.,0.));
#4995 = ORIENTED_EDGE('',*,*,#4996,.T.);
#4996 = EDGE_CURVE('',#4988,#4661,#4997,.T.);
#4997 = LINE('',#4998,#4999);
#4998 = CARTESIAN_POINT('',(-4.783145750508,-7.879020519929E-16,0.3));
#4999 = VECTOR('',#5000,1.);
#5000 = DIRECTION('',(0.,0.,1.));
#5001 = ORIENTED_EDGE('',*,*,#4669,.F.);
#5002 = ORIENTED_EDGE('',*,*,#4694,.F.);
#5003 = ORIENTED_EDGE('',*,*,#4304,.T.);
#5004 = ORIENTED_EDGE('',*,*,#5005,.T.);
#5005 = EDGE_CURVE('',#4295,#5006,#5008,.T.);
#5006 = VERTEX_POINT('',#5007);
#5007 = CARTESIAN_POINT('',(-7.4,3.16040365499,6.8));
#5008 = LINE('',#5009,#5010);
#5009 = CARTESIAN_POINT('',(-7.4,3.16040365499,0.3));
#5010 = VECTOR('',#5011,1.);
#5011 = DIRECTION('',(-0.,-0.,-1.));
#5012 = ORIENTED_EDGE('',*,*,#5013,.F.);
#5013 = EDGE_CURVE('',#4965,#5006,#5014,.T.);
#5014 = CIRCLE('',#5015,3.216854249492);
#5015 = AXIS2_PLACEMENT_3D('',#5016,#5017,#5018);
#5016 = CARTESIAN_POINT('',(-8.,0.,6.8));
#5017 = DIRECTION('',(0.,0.,-1.));
#5018 = DIRECTION('',(1.,0.,0.));
#5019 = ORIENTED_EDGE('',*,*,#4964,.F.);
#5020 = ORIENTED_EDGE('',*,*,#3181,.T.);
#5021 = ORIENTED_EDGE('',*,*,#3224,.T.);
#5022 = ORIENTED_EDGE('',*,*,#3238,.F.);
#5023 = ORIENTED_EDGE('',*,*,#3273,.F.);
#5024 = ORIENTED_EDGE('',*,*,#3313,.T.);
#5025 = ORIENTED_EDGE('',*,*,#5026,.T.);
#5026 = EDGE_CURVE('',#3306,#5027,#5029,.T.);
#5027 = VERTEX_POINT('',#5028);
#5028 = CARTESIAN_POINT('',(-8.6,-3.16040365499,6.8));
#5029 = LINE('',#5030,#5031);
#5030 = CARTESIAN_POINT('',(-8.6,-3.16040365499,0.3));
#5031 = VECTOR('',#5032,1.);
#5032 = DIRECTION('',(-0.,-0.,-1.));
#5033 = ORIENTED_EDGE('',*,*,#5034,.F.);
#5034 = EDGE_CURVE('',#5035,#5027,#5037,.T.);
#5035 = VERTEX_POINT('',#5036);
#5036 = CARTESIAN_POINT('',(-7.4,-3.16040365499,6.8));
#5037 = CIRCLE('',#5038,3.216854249492);
#5038 = AXIS2_PLACEMENT_3D('',#5039,#5040,#5041);
#5039 = CARTESIAN_POINT('',(-8.,0.,6.8));
#5040 = DIRECTION('',(0.,0.,-1.));
#5041 = DIRECTION('',(1.,0.,0.));
#5042 = ORIENTED_EDGE('',*,*,#5043,.F.);
#5043 = EDGE_CURVE('',#4596,#5035,#5044,.T.);
#5044 = LINE('',#5045,#5046);
#5045 = CARTESIAN_POINT('',(-7.4,-3.16040365499,0.3));
#5046 = VECTOR('',#5047,1.);
#5047 = DIRECTION('',(-0.,-0.,-1.));
#5048 = ORIENTED_EDGE('',*,*,#4620,.T.);
#5049 = ORIENTED_EDGE('',*,*,#4643,.T.);
#5050 = ORIENTED_EDGE('',*,*,#4660,.F.);
#5051 = ORIENTED_EDGE('',*,*,#4996,.F.);
#5052 = CYLINDRICAL_SURFACE('',#5053,3.216854249492);
#5053 = AXIS2_PLACEMENT_3D('',#5054,#5055,#5056);
#5054 = CARTESIAN_POINT('',(-8.,0.,0.3));
#5055 = DIRECTION('',(-0.,-0.,-1.));
#5056 = DIRECTION('',(1.,0.,0.));
#5057 = ADVANCED_FACE('',(#5058),#5076,.F.);
#5058 = FACE_BOUND('',#5059,.F.);
#5059 = EDGE_LOOP('',(#5060,#5061,#5069,#5075));
#5060 = ORIENTED_EDGE('',*,*,#3305,.F.);
#5061 = ORIENTED_EDGE('',*,*,#5062,.T.);
#5062 = EDGE_CURVE('',#3297,#5063,#5065,.T.);
#5063 = VERTEX_POINT('',#5064);
#5064 = CARTESIAN_POINT('',(-8.6,-4.83959634501,6.8));
#5065 = LINE('',#5066,#5067);
#5066 = CARTESIAN_POINT('',(-8.6,-4.83959634501,0.3));
#5067 = VECTOR('',#5068,1.);
#5068 = DIRECTION('',(-0.,-0.,-1.));
#5069 = ORIENTED_EDGE('',*,*,#5070,.T.);
#5070 = EDGE_CURVE('',#5063,#5027,#5071,.T.);
#5071 = LINE('',#5072,#5073);
#5072 = CARTESIAN_POINT('',(-8.6,-23.9,6.8));
#5073 = VECTOR('',#5074,1.);
#5074 = DIRECTION('',(0.,1.,0.));
#5075 = ORIENTED_EDGE('',*,*,#5026,.F.);
#5076 = PLANE('',#5077);
#5077 = AXIS2_PLACEMENT_3D('',#5078,#5079,#5080);
#5078 = CARTESIAN_POINT('',(-8.6,-23.9,6.8));
#5079 = DIRECTION('',(1.,0.,0.));
#5080 = DIRECTION('',(0.,0.,1.));
#5081 = ADVANCED_FACE('',(#5082),#5150,.T.);
#5082 = FACE_BOUND('',#5083,.F.);
#5083 = EDGE_LOOP('',(#5084,#5093,#5099,#5100,#5101,#5102,#5110,#5117,
    #5118,#5119,#5120,#5121,#5122,#5123,#5131,#5140,#5146,#5147,#5148,
    #5149));
#5084 = ORIENTED_EDGE('',*,*,#5085,.F.);
#5085 = EDGE_CURVE('',#5086,#5086,#5088,.T.);
#5086 = VERTEX_POINT('',#5087);
#5087 = CARTESIAN_POINT('',(-4.783145750508,-8.,0.3));
#5088 = CIRCLE('',#5089,3.216854249492);
#5089 = AXIS2_PLACEMENT_3D('',#5090,#5091,#5092);
#5090 = CARTESIAN_POINT('',(-8.,-8.,0.3));
#5091 = DIRECTION('',(0.,0.,1.));
#5092 = DIRECTION('',(1.,0.,0.));
#5093 = ORIENTED_EDGE('',*,*,#5094,.T.);
#5094 = EDGE_CURVE('',#5086,#4537,#5095,.T.);
#5095 = LINE('',#5096,#5097);
#5096 = CARTESIAN_POINT('',(-4.783145750508,-8.,0.3));
#5097 = VECTOR('',#5098,1.);
#5098 = DIRECTION('',(0.,0.,1.));
#5099 = ORIENTED_EDGE('',*,*,#4545,.F.);
#5100 = ORIENTED_EDGE('',*,*,#4570,.F.);
#5101 = ORIENTED_EDGE('',*,*,#4603,.T.);
#5102 = ORIENTED_EDGE('',*,*,#5103,.T.);
#5103 = EDGE_CURVE('',#4594,#5104,#5106,.T.);
#5104 = VERTEX_POINT('',#5105);
#5105 = CARTESIAN_POINT('',(-7.4,-4.83959634501,6.8));
#5106 = LINE('',#5107,#5108);
#5107 = CARTESIAN_POINT('',(-7.4,-4.83959634501,0.3));
#5108 = VECTOR('',#5109,1.);
#5109 = DIRECTION('',(-0.,-0.,-1.));
#5110 = ORIENTED_EDGE('',*,*,#5111,.F.);
#5111 = EDGE_CURVE('',#5063,#5104,#5112,.T.);
#5112 = CIRCLE('',#5113,3.216854249492);
#5113 = AXIS2_PLACEMENT_3D('',#5114,#5115,#5116);
#5114 = CARTESIAN_POINT('',(-8.,-8.,6.8));
#5115 = DIRECTION('',(0.,0.,-1.));
#5116 = DIRECTION('',(1.,0.,0.));
#5117 = ORIENTED_EDGE('',*,*,#5062,.F.);
#5118 = ORIENTED_EDGE('',*,*,#3296,.T.);
#5119 = ORIENTED_EDGE('',*,*,#3339,.T.);
#5120 = ORIENTED_EDGE('',*,*,#3353,.F.);
#5121 = ORIENTED_EDGE('',*,*,#3388,.F.);
#5122 = ORIENTED_EDGE('',*,*,#3428,.T.);
#5123 = ORIENTED_EDGE('',*,*,#5124,.T.);
#5124 = EDGE_CURVE('',#3421,#5125,#5127,.T.);
#5125 = VERTEX_POINT('',#5126);
#5126 = CARTESIAN_POINT('',(-8.6,-11.16040365499,6.8));
#5127 = LINE('',#5128,#5129);
#5128 = CARTESIAN_POINT('',(-8.6,-11.16040365499,0.3));
#5129 = VECTOR('',#5130,1.);
#5130 = DIRECTION('',(-0.,-0.,-1.));
#5131 = ORIENTED_EDGE('',*,*,#5132,.F.);
#5132 = EDGE_CURVE('',#5133,#5125,#5135,.T.);
#5133 = VERTEX_POINT('',#5134);
#5134 = CARTESIAN_POINT('',(-7.4,-11.16040365499,6.8));
#5135 = CIRCLE('',#5136,3.216854249492);
#5136 = AXIS2_PLACEMENT_3D('',#5137,#5138,#5139);
#5137 = CARTESIAN_POINT('',(-8.,-8.,6.8));
#5138 = DIRECTION('',(0.,0.,-1.));
#5139 = DIRECTION('',(1.,0.,0.));
#5140 = ORIENTED_EDGE('',*,*,#5141,.F.);
#5141 = EDGE_CURVE('',#4472,#5133,#5142,.T.);
#5142 = LINE('',#5143,#5144);
#5143 = CARTESIAN_POINT('',(-7.4,-11.16040365499,0.3));
#5144 = VECTOR('',#5145,1.);
#5145 = DIRECTION('',(-0.,-0.,-1.));
#5146 = ORIENTED_EDGE('',*,*,#4496,.T.);
#5147 = ORIENTED_EDGE('',*,*,#4519,.T.);
#5148 = ORIENTED_EDGE('',*,*,#4536,.F.);
#5149 = ORIENTED_EDGE('',*,*,#5094,.F.);
#5150 = CYLINDRICAL_SURFACE('',#5151,3.216854249492);
#5151 = AXIS2_PLACEMENT_3D('',#5152,#5153,#5154);
#5152 = CARTESIAN_POINT('',(-8.,-8.,0.3));
#5153 = DIRECTION('',(-0.,-0.,-1.));
#5154 = DIRECTION('',(1.,0.,0.));
#5155 = ADVANCED_FACE('',(#5156),#5174,.F.);
#5156 = FACE_BOUND('',#5157,.F.);
#5157 = EDGE_LOOP('',(#5158,#5159,#5167,#5173));
#5158 = ORIENTED_EDGE('',*,*,#3420,.F.);
#5159 = ORIENTED_EDGE('',*,*,#5160,.T.);
#5160 = EDGE_CURVE('',#3412,#5161,#5163,.T.);
#5161 = VERTEX_POINT('',#5162);
#5162 = CARTESIAN_POINT('',(-8.6,-12.83959634501,6.8));
#5163 = LINE('',#5164,#5165);
#5164 = CARTESIAN_POINT('',(-8.6,-12.83959634501,0.3));
#5165 = VECTOR('',#5166,1.);
#5166 = DIRECTION('',(-0.,-0.,-1.));
#5167 = ORIENTED_EDGE('',*,*,#5168,.T.);
#5168 = EDGE_CURVE('',#5161,#5125,#5169,.T.);
#5169 = LINE('',#5170,#5171);
#5170 = CARTESIAN_POINT('',(-8.6,-23.9,6.8));
#5171 = VECTOR('',#5172,1.);
#5172 = DIRECTION('',(0.,1.,0.));
#5173 = ORIENTED_EDGE('',*,*,#5124,.F.);
#5174 = PLANE('',#5175);
#5175 = AXIS2_PLACEMENT_3D('',#5176,#5177,#5178);
#5176 = CARTESIAN_POINT('',(-8.6,-23.9,6.8));
#5177 = DIRECTION('',(1.,0.,0.));
#5178 = DIRECTION('',(0.,0.,1.));
#5179 = ADVANCED_FACE('',(#5180),#5228,.T.);
#5180 = FACE_BOUND('',#5181,.F.);
#5181 = EDGE_LOOP('',(#5182,#5191,#5197,#5198,#5199,#5200,#5208,#5215,
    #5216,#5217,#5218,#5219,#5220,#5221,#5222,#5223,#5224,#5225,#5226,
    #5227));
#5182 = ORIENTED_EDGE('',*,*,#5183,.F.);
#5183 = EDGE_CURVE('',#5184,#5184,#5186,.T.);
#5184 = VERTEX_POINT('',#5185);
#5185 = CARTESIAN_POINT('',(-4.783145750508,-16.,0.3));
#5186 = CIRCLE('',#5187,3.216854249492);
#5187 = AXIS2_PLACEMENT_3D('',#5188,#5189,#5190);
#5188 = CARTESIAN_POINT('',(-8.,-16.,0.3));
#5189 = DIRECTION('',(0.,0.,1.));
#5190 = DIRECTION('',(1.,0.,0.));
#5191 = ORIENTED_EDGE('',*,*,#5192,.T.);
#5192 = EDGE_CURVE('',#5184,#4413,#5193,.T.);
#5193 = LINE('',#5194,#5195);
#5194 = CARTESIAN_POINT('',(-4.783145750508,-16.,0.3));
#5195 = VECTOR('',#5196,1.);
#5196 = DIRECTION('',(0.,0.,1.));
#5197 = ORIENTED_EDGE('',*,*,#4421,.F.);
#5198 = ORIENTED_EDGE('',*,*,#4446,.F.);
#5199 = ORIENTED_EDGE('',*,*,#4479,.T.);
#5200 = ORIENTED_EDGE('',*,*,#5201,.T.);
#5201 = EDGE_CURVE('',#4470,#5202,#5204,.T.);
#5202 = VERTEX_POINT('',#5203);
#5203 = CARTESIAN_POINT('',(-7.4,-12.83959634501,6.8));
#5204 = LINE('',#5205,#5206);
#5205 = CARTESIAN_POINT('',(-7.4,-12.83959634501,0.3));
#5206 = VECTOR('',#5207,1.);
#5207 = DIRECTION('',(-0.,-0.,-1.));
#5208 = ORIENTED_EDGE('',*,*,#5209,.F.);
#5209 = EDGE_CURVE('',#5161,#5202,#5210,.T.);
#5210 = CIRCLE('',#5211,3.216854249492);
#5211 = AXIS2_PLACEMENT_3D('',#5212,#5213,#5214);
#5212 = CARTESIAN_POINT('',(-8.,-16.,6.8));
#5213 = DIRECTION('',(0.,0.,-1.));
#5214 = DIRECTION('',(1.,0.,0.));
#5215 = ORIENTED_EDGE('',*,*,#5160,.F.);
#5216 = ORIENTED_EDGE('',*,*,#3411,.T.);
#5217 = ORIENTED_EDGE('',*,*,#3454,.T.);
#5218 = ORIENTED_EDGE('',*,*,#3468,.F.);
#5219 = ORIENTED_EDGE('',*,*,#3503,.F.);
#5220 = ORIENTED_EDGE('',*,*,#3527,.T.);
#5221 = ORIENTED_EDGE('',*,*,#4762,.T.);
#5222 = ORIENTED_EDGE('',*,*,#4743,.F.);
#5223 = ORIENTED_EDGE('',*,*,#4720,.F.);
#5224 = ORIENTED_EDGE('',*,*,#4372,.T.);
#5225 = ORIENTED_EDGE('',*,*,#4395,.T.);
#5226 = ORIENTED_EDGE('',*,*,#4412,.F.);
#5227 = ORIENTED_EDGE('',*,*,#5192,.F.);
#5228 = CYLINDRICAL_SURFACE('',#5229,3.216854249492);
#5229 = AXIS2_PLACEMENT_3D('',#5230,#5231,#5232);
#5230 = CARTESIAN_POINT('',(-8.,-16.,0.3));
#5231 = DIRECTION('',(-0.,-0.,-1.));
#5232 = DIRECTION('',(1.,0.,0.));
#5233 = ADVANCED_FACE('',(#5234),#5245,.T.);
#5234 = FACE_BOUND('',#5235,.T.);
#5235 = EDGE_LOOP('',(#5236,#5237,#5238,#5244));
#5236 = ORIENTED_EDGE('',*,*,#3642,.F.);
#5237 = ORIENTED_EDGE('',*,*,#4894,.T.);
#5238 = ORIENTED_EDGE('',*,*,#5239,.T.);
#5239 = EDGE_CURVE('',#4895,#4811,#5240,.T.);
#5240 = LINE('',#5241,#5242);
#5241 = CARTESIAN_POINT('',(-7.4,-23.9,6.8));
#5242 = VECTOR('',#5243,1.);
#5243 = DIRECTION('',(0.,1.,0.));
#5244 = ORIENTED_EDGE('',*,*,#4819,.F.);
#5245 = PLANE('',#5246);
#5246 = AXIS2_PLACEMENT_3D('',#5247,#5248,#5249);
#5247 = CARTESIAN_POINT('',(-7.4,-23.9,6.8));
#5248 = DIRECTION('',(1.,0.,0.));
#5249 = DIRECTION('',(0.,0.,1.));
#5250 = ADVANCED_FACE('',(#5251),#5334,.T.);
#5251 = FACE_BOUND('',#5252,.F.);
#5252 = EDGE_LOOP('',(#5253,#5262,#5270,#5279,#5285,#5286,#5287,#5288,
    #5289,#5290,#5298,#5307,#5313,#5314,#5315,#5316,#5317,#5318,#5326,
    #5333));
#5253 = ORIENTED_EDGE('',*,*,#5254,.F.);
#5254 = EDGE_CURVE('',#5255,#5255,#5257,.T.);
#5255 = VERTEX_POINT('',#5256);
#5256 = CARTESIAN_POINT('',(3.216854249492,8.,0.3));
#5257 = CIRCLE('',#5258,3.216854249492);
#5258 = AXIS2_PLACEMENT_3D('',#5259,#5260,#5261);
#5259 = CARTESIAN_POINT('',(0.,8.,0.3));
#5260 = DIRECTION('',(0.,0.,1.));
#5261 = DIRECTION('',(1.,0.,0.));
#5262 = ORIENTED_EDGE('',*,*,#5263,.T.);
#5263 = EDGE_CURVE('',#5255,#5264,#5266,.T.);
#5264 = VERTEX_POINT('',#5265);
#5265 = CARTESIAN_POINT('',(3.216854249492,8.,6.8));
#5266 = LINE('',#5267,#5268);
#5267 = CARTESIAN_POINT('',(3.216854249492,8.,0.3));
#5268 = VECTOR('',#5269,1.);
#5269 = DIRECTION('',(0.,0.,1.));
#5270 = ORIENTED_EDGE('',*,*,#5271,.F.);
#5271 = EDGE_CURVE('',#5272,#5264,#5274,.T.);
#5272 = VERTEX_POINT('',#5273);
#5273 = CARTESIAN_POINT('',(3.16040365499,8.6,6.8));
#5274 = CIRCLE('',#5275,3.216854249492);
#5275 = AXIS2_PLACEMENT_3D('',#5276,#5277,#5278);
#5276 = CARTESIAN_POINT('',(0.,8.,6.8));
#5277 = DIRECTION('',(0.,0.,-1.));
#5278 = DIRECTION('',(1.,0.,0.));
#5279 = ORIENTED_EDGE('',*,*,#5280,.F.);
#5280 = EDGE_CURVE('',#3899,#5272,#5281,.T.);
#5281 = LINE('',#5282,#5283);
#5282 = CARTESIAN_POINT('',(3.16040365499,8.6,0.3));
#5283 = VECTOR('',#5284,1.);
#5284 = DIRECTION('',(-0.,-0.,-1.));
#5285 = ORIENTED_EDGE('',*,*,#3898,.T.);
#5286 = ORIENTED_EDGE('',*,*,#3933,.T.);
#5287 = ORIENTED_EDGE('',*,*,#3956,.F.);
#5288 = ORIENTED_EDGE('',*,*,#3982,.F.);
#5289 = ORIENTED_EDGE('',*,*,#3669,.T.);
#5290 = ORIENTED_EDGE('',*,*,#5291,.T.);
#5291 = EDGE_CURVE('',#3662,#5292,#5294,.T.);
#5292 = VERTEX_POINT('',#5293);
#5293 = CARTESIAN_POINT('',(-3.16040365499,8.6,6.8));
#5294 = LINE('',#5295,#5296);
#5295 = CARTESIAN_POINT('',(-3.16040365499,8.6,0.3));
#5296 = VECTOR('',#5297,1.);
#5297 = DIRECTION('',(-0.,-0.,-1.));
#5298 = ORIENTED_EDGE('',*,*,#5299,.F.);
#5299 = EDGE_CURVE('',#5300,#5292,#5302,.T.);
#5300 = VERTEX_POINT('',#5301);
#5301 = CARTESIAN_POINT('',(-3.16040365499,7.4,6.8));
#5302 = CIRCLE('',#5303,3.216854249492);
#5303 = AXIS2_PLACEMENT_3D('',#5304,#5305,#5306);
#5304 = CARTESIAN_POINT('',(0.,8.,6.8));
#5305 = DIRECTION('',(0.,0.,-1.));
#5306 = DIRECTION('',(1.,0.,0.));
#5307 = ORIENTED_EDGE('',*,*,#5308,.F.);
#5308 = EDGE_CURVE('',#4323,#5300,#5309,.T.);
#5309 = LINE('',#5310,#5311);
#5310 = CARTESIAN_POINT('',(-3.16040365499,7.4,0.3));
#5311 = VECTOR('',#5312,1.);
#5312 = DIRECTION('',(-0.,-0.,-1.));
#5313 = ORIENTED_EDGE('',*,*,#4322,.T.);
#5314 = ORIENTED_EDGE('',*,*,#4280,.T.);
#5315 = ORIENTED_EDGE('',*,*,#4253,.F.);
#5316 = ORIENTED_EDGE('',*,*,#4231,.F.);
#5317 = ORIENTED_EDGE('',*,*,#4206,.T.);
#5318 = ORIENTED_EDGE('',*,*,#5319,.T.);
#5319 = EDGE_CURVE('',#4199,#5320,#5322,.T.);
#5320 = VERTEX_POINT('',#5321);
#5321 = CARTESIAN_POINT('',(3.16040365499,7.4,6.8));
#5322 = LINE('',#5323,#5324);
#5323 = CARTESIAN_POINT('',(3.16040365499,7.4,0.3));
#5324 = VECTOR('',#5325,1.);
#5325 = DIRECTION('',(-0.,-0.,-1.));
#5326 = ORIENTED_EDGE('',*,*,#5327,.F.);
#5327 = EDGE_CURVE('',#5264,#5320,#5328,.T.);
#5328 = CIRCLE('',#5329,3.216854249492);
#5329 = AXIS2_PLACEMENT_3D('',#5330,#5331,#5332);
#5330 = CARTESIAN_POINT('',(0.,8.,6.8));
#5331 = DIRECTION('',(0.,0.,-1.));
#5332 = DIRECTION('',(1.,0.,0.));
#5333 = ORIENTED_EDGE('',*,*,#5263,.F.);
#5334 = CYLINDRICAL_SURFACE('',#5335,3.216854249492);
#5335 = AXIS2_PLACEMENT_3D('',#5336,#5337,#5338);
#5336 = CARTESIAN_POINT('',(0.,8.,0.3));
#5337 = DIRECTION('',(-0.,-0.,-1.));
#5338 = DIRECTION('',(1.,0.,0.));
#5339 = ADVANCED_FACE('',(#5340),#5351,.T.);
#5340 = FACE_BOUND('',#5341,.T.);
#5341 = EDGE_LOOP('',(#5342,#5348,#5349,#5350));
#5342 = ORIENTED_EDGE('',*,*,#5343,.F.);
#5343 = EDGE_CURVE('',#4879,#5292,#5344,.T.);
#5344 = LINE('',#5345,#5346);
#5345 = CARTESIAN_POINT('',(-15.9,8.6,6.8));
#5346 = VECTOR('',#5347,1.);
#5347 = DIRECTION('',(1.,0.,0.));
#5348 = ORIENTED_EDGE('',*,*,#4887,.F.);
#5349 = ORIENTED_EDGE('',*,*,#3661,.T.);
#5350 = ORIENTED_EDGE('',*,*,#5291,.T.);
#5351 = PLANE('',#5352);
#5352 = AXIS2_PLACEMENT_3D('',#5353,#5354,#5355);
#5353 = CARTESIAN_POINT('',(-15.9,8.6,6.8));
#5354 = DIRECTION('',(0.,1.,0.));
#5355 = DIRECTION('',(0.,0.,1.));
#5356 = ADVANCED_FACE('',(#5357),#5412,.T.);
#5357 = FACE_BOUND('',#5358,.F.);
#5358 = EDGE_LOOP('',(#5359,#5368,#5374,#5375,#5376,#5377,#5378,#5379,
    #5380,#5381,#5389,#5398,#5404,#5405,#5406,#5407,#5408,#5409,#5410,
    #5411));
#5359 = ORIENTED_EDGE('',*,*,#5360,.F.);
#5360 = EDGE_CURVE('',#5361,#5361,#5363,.T.);
#5361 = VERTEX_POINT('',#5362);
#5362 = CARTESIAN_POINT('',(11.216854249492,8.,0.3));
#5363 = CIRCLE('',#5364,3.216854249492);
#5364 = AXIS2_PLACEMENT_3D('',#5365,#5366,#5367);
#5365 = CARTESIAN_POINT('',(8.,8.,0.3));
#5366 = DIRECTION('',(0.,0.,1.));
#5367 = DIRECTION('',(1.,0.,0.));
#5368 = ORIENTED_EDGE('',*,*,#5369,.T.);
#5369 = EDGE_CURVE('',#5361,#4057,#5370,.T.);
#5370 = LINE('',#5371,#5372);
#5371 = CARTESIAN_POINT('',(11.216854249492,8.,0.3));
#5372 = VECTOR('',#5373,1.);
#5373 = DIRECTION('',(0.,0.,1.));
#5374 = ORIENTED_EDGE('',*,*,#4065,.F.);
#5375 = ORIENTED_EDGE('',*,*,#4090,.F.);
#5376 = ORIENTED_EDGE('',*,*,#3802,.T.);
#5377 = ORIENTED_EDGE('',*,*,#3818,.T.);
#5378 = ORIENTED_EDGE('',*,*,#3841,.F.);
#5379 = ORIENTED_EDGE('',*,*,#3874,.F.);
#5380 = ORIENTED_EDGE('',*,*,#3915,.T.);
#5381 = ORIENTED_EDGE('',*,*,#5382,.T.);
#5382 = EDGE_CURVE('',#3908,#5383,#5385,.T.);
#5383 = VERTEX_POINT('',#5384);
#5384 = CARTESIAN_POINT('',(4.83959634501,8.6,6.8));
#5385 = LINE('',#5386,#5387);
#5386 = CARTESIAN_POINT('',(4.83959634501,8.6,0.3));
#5387 = VECTOR('',#5388,1.);
#5388 = DIRECTION('',(-0.,-0.,-1.));
#5389 = ORIENTED_EDGE('',*,*,#5390,.F.);
#5390 = EDGE_CURVE('',#5391,#5383,#5393,.T.);
#5391 = VERTEX_POINT('',#5392);
#5392 = CARTESIAN_POINT('',(4.83959634501,7.4,6.8));
#5393 = CIRCLE('',#5394,3.216854249492);
#5394 = AXIS2_PLACEMENT_3D('',#5395,#5396,#5397);
#5395 = CARTESIAN_POINT('',(8.,8.,6.8));
#5396 = DIRECTION('',(0.,0.,-1.));
#5397 = DIRECTION('',(1.,0.,0.));
#5398 = ORIENTED_EDGE('',*,*,#5399,.F.);
#5399 = EDGE_CURVE('',#4190,#5391,#5400,.T.);
#5400 = LINE('',#5401,#5402);
#5401 = CARTESIAN_POINT('',(4.83959634501,7.4,0.3));
#5402 = VECTOR('',#5403,1.);
#5403 = DIRECTION('',(-0.,-0.,-1.));
#5404 = ORIENTED_EDGE('',*,*,#4189,.T.);
#5405 = ORIENTED_EDGE('',*,*,#4165,.T.);
#5406 = ORIENTED_EDGE('',*,*,#4138,.F.);
#5407 = ORIENTED_EDGE('',*,*,#4116,.F.);
#5408 = ORIENTED_EDGE('',*,*,#4016,.T.);
#5409 = ORIENTED_EDGE('',*,*,#4039,.T.);
#5410 = ORIENTED_EDGE('',*,*,#4056,.F.);
#5411 = ORIENTED_EDGE('',*,*,#5369,.F.);
#5412 = CYLINDRICAL_SURFACE('',#5413,3.216854249492);
#5413 = AXIS2_PLACEMENT_3D('',#5414,#5415,#5416);
#5414 = CARTESIAN_POINT('',(8.,8.,0.3));
#5415 = DIRECTION('',(-0.,-0.,-1.));
#5416 = DIRECTION('',(1.,0.,0.));
#5417 = ADVANCED_FACE('',(#5418),#5429,.T.);
#5418 = FACE_BOUND('',#5419,.T.);
#5419 = EDGE_LOOP('',(#5420,#5426,#5427,#5428));
#5420 = ORIENTED_EDGE('',*,*,#5421,.F.);
#5421 = EDGE_CURVE('',#5272,#5383,#5422,.T.);
#5422 = LINE('',#5423,#5424);
#5423 = CARTESIAN_POINT('',(-15.9,8.6,6.8));
#5424 = VECTOR('',#5425,1.);
#5425 = DIRECTION('',(1.,0.,0.));
#5426 = ORIENTED_EDGE('',*,*,#5280,.F.);
#5427 = ORIENTED_EDGE('',*,*,#3907,.T.);
#5428 = ORIENTED_EDGE('',*,*,#5382,.T.);
#5429 = PLANE('',#5430);
#5430 = AXIS2_PLACEMENT_3D('',#5431,#5432,#5433);
#5431 = CARTESIAN_POINT('',(-15.9,8.6,6.8));
#5432 = DIRECTION('',(0.,1.,0.));
#5433 = DIRECTION('',(0.,0.,1.));
#5434 = ADVANCED_FACE('',(#5435),#5446,.F.);
#5435 = FACE_BOUND('',#5436,.F.);
#5436 = EDGE_LOOP('',(#5437,#5443,#5444,#5445));
#5437 = ORIENTED_EDGE('',*,*,#5438,.F.);
#5438 = EDGE_CURVE('',#5320,#5391,#5439,.T.);
#5439 = LINE('',#5440,#5441);
#5440 = CARTESIAN_POINT('',(-15.9,7.4,6.8));
#5441 = VECTOR('',#5442,1.);
#5442 = DIRECTION('',(1.,0.,0.));
#5443 = ORIENTED_EDGE('',*,*,#5319,.F.);
#5444 = ORIENTED_EDGE('',*,*,#4198,.T.);
#5445 = ORIENTED_EDGE('',*,*,#5399,.T.);
#5446 = PLANE('',#5447);
#5447 = AXIS2_PLACEMENT_3D('',#5448,#5449,#5450);
#5448 = CARTESIAN_POINT('',(-15.9,7.4,6.8));
#5449 = DIRECTION('',(0.,1.,0.));
#5450 = DIRECTION('',(0.,0.,1.));
#5451 = ADVANCED_FACE('',(#5452),#5463,.T.);
#5452 = FACE_BOUND('',#5453,.T.);
#5453 = EDGE_LOOP('',(#5454,#5455,#5456,#5462));
#5454 = ORIENTED_EDGE('',*,*,#4294,.F.);
#5455 = ORIENTED_EDGE('',*,*,#5005,.T.);
#5456 = ORIENTED_EDGE('',*,*,#5457,.T.);
#5457 = EDGE_CURVE('',#5006,#4924,#5458,.T.);
#5458 = LINE('',#5459,#5460);
#5459 = CARTESIAN_POINT('',(-7.4,-23.9,6.8));
#5460 = VECTOR('',#5461,1.);
#5461 = DIRECTION('',(0.,1.,0.));
#5462 = ORIENTED_EDGE('',*,*,#4932,.F.);
#5463 = PLANE('',#5464);
#5464 = AXIS2_PLACEMENT_3D('',#5465,#5466,#5467);
#5465 = CARTESIAN_POINT('',(-7.4,-23.9,6.8));
#5466 = DIRECTION('',(1.,0.,0.));
#5467 = DIRECTION('',(0.,0.,1.));
#5468 = ADVANCED_FACE('',(#5469),#5480,.F.);
#5469 = FACE_BOUND('',#5470,.F.);
#5470 = EDGE_LOOP('',(#5471,#5477,#5478,#5479));
#5471 = ORIENTED_EDGE('',*,*,#5472,.F.);
#5472 = EDGE_CURVE('',#4940,#5300,#5473,.T.);
#5473 = LINE('',#5474,#5475);
#5474 = CARTESIAN_POINT('',(-15.9,7.4,6.8));
#5475 = VECTOR('',#5476,1.);
#5476 = DIRECTION('',(1.,0.,0.));
#5477 = ORIENTED_EDGE('',*,*,#4939,.F.);
#5478 = ORIENTED_EDGE('',*,*,#4331,.T.);
#5479 = ORIENTED_EDGE('',*,*,#5308,.T.);
#5480 = PLANE('',#5481);
#5481 = AXIS2_PLACEMENT_3D('',#5482,#5483,#5484);
#5482 = CARTESIAN_POINT('',(-15.9,7.4,6.8));
#5483 = DIRECTION('',(0.,1.,0.));
#5484 = DIRECTION('',(0.,0.,1.));
#5485 = ADVANCED_FACE('',(#5486),#5497,.T.);
#5486 = FACE_BOUND('',#5487,.T.);
#5487 = EDGE_LOOP('',(#5488,#5489,#5490,#5496));
#5488 = ORIENTED_EDGE('',*,*,#4469,.F.);
#5489 = ORIENTED_EDGE('',*,*,#5201,.T.);
#5490 = ORIENTED_EDGE('',*,*,#5491,.T.);
#5491 = EDGE_CURVE('',#5202,#5133,#5492,.T.);
#5492 = LINE('',#5493,#5494);
#5493 = CARTESIAN_POINT('',(-7.4,-23.9,6.8));
#5494 = VECTOR('',#5495,1.);
#5495 = DIRECTION('',(0.,1.,0.));
#5496 = ORIENTED_EDGE('',*,*,#5141,.F.);
#5497 = PLANE('',#5498);
#5498 = AXIS2_PLACEMENT_3D('',#5499,#5500,#5501);
#5499 = CARTESIAN_POINT('',(-7.4,-23.9,6.8));
#5500 = DIRECTION('',(1.,0.,0.));
#5501 = DIRECTION('',(0.,0.,1.));
#5502 = ADVANCED_FACE('',(#5503),#5514,.T.);
#5503 = FACE_BOUND('',#5504,.T.);
#5504 = EDGE_LOOP('',(#5505,#5506,#5507,#5513));
#5505 = ORIENTED_EDGE('',*,*,#4593,.F.);
#5506 = ORIENTED_EDGE('',*,*,#5103,.T.);
#5507 = ORIENTED_EDGE('',*,*,#5508,.T.);
#5508 = EDGE_CURVE('',#5104,#5035,#5509,.T.);
#5509 = LINE('',#5510,#5511);
#5510 = CARTESIAN_POINT('',(-7.4,-23.9,6.8));
#5511 = VECTOR('',#5512,1.);
#5512 = DIRECTION('',(0.,1.,0.));
#5513 = ORIENTED_EDGE('',*,*,#5043,.F.);
#5514 = PLANE('',#5515);
#5515 = AXIS2_PLACEMENT_3D('',#5516,#5517,#5518);
#5516 = CARTESIAN_POINT('',(-7.4,-23.9,6.8));
#5517 = DIRECTION('',(1.,0.,0.));
#5518 = DIRECTION('',(0.,0.,1.));
#5519 = ADVANCED_FACE('',(#5520),#5539,.T.);
#5520 = FACE_BOUND('',#5521,.T.);
#5521 = EDGE_LOOP('',(#5522,#5523,#5531,#5538));
#5522 = ORIENTED_EDGE('',*,*,#4776,.F.);
#5523 = ORIENTED_EDGE('',*,*,#5524,.F.);
#5524 = EDGE_CURVE('',#5525,#4777,#5527,.T.);
#5525 = VERTEX_POINT('',#5526);
#5526 = CARTESIAN_POINT('',(-4.983145750508,16.,0.));
#5527 = LINE('',#5528,#5529);
#5528 = CARTESIAN_POINT('',(-4.983145750508,16.,0.));
#5529 = VECTOR('',#5530,1.);
#5530 = DIRECTION('',(0.554700196225,-1.358623639587E-16,0.832050294338)
  );
#5531 = ORIENTED_EDGE('',*,*,#5532,.T.);
#5532 = EDGE_CURVE('',#5525,#5525,#5533,.T.);
#5533 = CIRCLE('',#5534,3.016854249492);
#5534 = AXIS2_PLACEMENT_3D('',#5535,#5536,#5537);
#5535 = CARTESIAN_POINT('',(-8.,16.,0.));
#5536 = DIRECTION('',(0.,0.,1.));
#5537 = DIRECTION('',(1.,0.,0.));
#5538 = ORIENTED_EDGE('',*,*,#5524,.T.);
#5539 = CONICAL_SURFACE('',#5540,3.016854249492,0.588002603548);
#5540 = AXIS2_PLACEMENT_3D('',#5541,#5542,#5543);
#5541 = CARTESIAN_POINT('',(-8.,16.,0.));
#5542 = DIRECTION('',(0.,0.,1.));
#5543 = DIRECTION('',(1.,0.,0.));
#5544 = ADVANCED_FACE('',(#5545),#5551,.T.);
#5545 = FACE_BOUND('',#5546,.T.);
#5546 = EDGE_LOOP('',(#5547,#5548,#5549,#5550));
#5547 = ORIENTED_EDGE('',*,*,#4902,.F.);
#5548 = ORIENTED_EDGE('',*,*,#4846,.T.);
#5549 = ORIENTED_EDGE('',*,*,#4810,.F.);
#5550 = ORIENTED_EDGE('',*,*,#5239,.F.);
#5551 = PLANE('',#5552);
#5552 = AXIS2_PLACEMENT_3D('',#5553,#5554,#5555);
#5553 = CARTESIAN_POINT('',(-9.428927601482E-16,-6.905693454606E-16,6.8)
  );
#5554 = DIRECTION('',(-0.,-0.,-1.));
#5555 = DIRECTION('',(-1.,0.,0.));
#5556 = ADVANCED_FACE('',(#5557),#5576,.T.);
#5557 = FACE_BOUND('',#5558,.T.);
#5558 = EDGE_LOOP('',(#5559,#5560,#5568,#5575));
#5559 = ORIENTED_EDGE('',*,*,#4861,.F.);
#5560 = ORIENTED_EDGE('',*,*,#5561,.F.);
#5561 = EDGE_CURVE('',#5562,#4862,#5564,.T.);
#5562 = VERTEX_POINT('',#5563);
#5563 = CARTESIAN_POINT('',(-4.983145750508,8.,0.));
#5564 = LINE('',#5565,#5566);
#5565 = CARTESIAN_POINT('',(-4.983145750508,8.,0.));
#5566 = VECTOR('',#5567,1.);
#5567 = DIRECTION('',(0.554700196225,-1.358623639587E-16,0.832050294338)
  );
#5568 = ORIENTED_EDGE('',*,*,#5569,.T.);
#5569 = EDGE_CURVE('',#5562,#5562,#5570,.T.);
#5570 = CIRCLE('',#5571,3.016854249492);
#5571 = AXIS2_PLACEMENT_3D('',#5572,#5573,#5574);
#5572 = CARTESIAN_POINT('',(-8.,8.,0.));
#5573 = DIRECTION('',(0.,0.,1.));
#5574 = DIRECTION('',(1.,0.,0.));
#5575 = ORIENTED_EDGE('',*,*,#5561,.T.);
#5576 = CONICAL_SURFACE('',#5577,3.016854249492,0.588002603548);
#5577 = AXIS2_PLACEMENT_3D('',#5578,#5579,#5580);
#5578 = CARTESIAN_POINT('',(-8.,8.,0.));
#5579 = DIRECTION('',(0.,0.,1.));
#5580 = DIRECTION('',(1.,0.,0.));
#5581 = ADVANCED_FACE('',(#5582),#5589,.T.);
#5582 = FACE_BOUND('',#5583,.T.);
#5583 = EDGE_LOOP('',(#5584,#5585,#5586,#5587,#5588));
#5584 = ORIENTED_EDGE('',*,*,#5472,.F.);
#5585 = ORIENTED_EDGE('',*,*,#4947,.F.);
#5586 = ORIENTED_EDGE('',*,*,#4878,.F.);
#5587 = ORIENTED_EDGE('',*,*,#5343,.T.);
#5588 = ORIENTED_EDGE('',*,*,#5299,.F.);
#5589 = PLANE('',#5590);
#5590 = AXIS2_PLACEMENT_3D('',#5591,#5592,#5593);
#5591 = CARTESIAN_POINT('',(-9.428927601482E-16,-6.905693454606E-16,6.8)
  );
#5592 = DIRECTION('',(-0.,-0.,-1.));
#5593 = DIRECTION('',(-1.,0.,0.));
#5594 = ADVANCED_FACE('',(#5595),#5601,.T.);
#5595 = FACE_BOUND('',#5596,.T.);
#5596 = EDGE_LOOP('',(#5597,#5598,#5599,#5600));
#5597 = ORIENTED_EDGE('',*,*,#5013,.F.);
#5598 = ORIENTED_EDGE('',*,*,#4972,.T.);
#5599 = ORIENTED_EDGE('',*,*,#4923,.F.);
#5600 = ORIENTED_EDGE('',*,*,#5457,.F.);
#5601 = PLANE('',#5602);
#5602 = AXIS2_PLACEMENT_3D('',#5603,#5604,#5605);
#5603 = CARTESIAN_POINT('',(-9.428927601482E-16,-6.905693454606E-16,6.8)
  );
#5604 = DIRECTION('',(-0.,-0.,-1.));
#5605 = DIRECTION('',(-1.,0.,0.));
#5606 = ADVANCED_FACE('',(#5607),#5626,.T.);
#5607 = FACE_BOUND('',#5608,.T.);
#5608 = EDGE_LOOP('',(#5609,#5610,#5618,#5625));
#5609 = ORIENTED_EDGE('',*,*,#4987,.F.);
#5610 = ORIENTED_EDGE('',*,*,#5611,.F.);
#5611 = EDGE_CURVE('',#5612,#4988,#5614,.T.);
#5612 = VERTEX_POINT('',#5613);
#5613 = CARTESIAN_POINT('',(-4.983145750508,-7.38916180027E-16,0.));
#5614 = LINE('',#5615,#5616);
#5615 = CARTESIAN_POINT('',(-4.983145750508,-7.38916180027E-16,0.));
#5616 = VECTOR('',#5617,1.);
#5617 = DIRECTION('',(0.554700196225,-1.358623639587E-16,0.832050294338)
  );
#5618 = ORIENTED_EDGE('',*,*,#5619,.T.);
#5619 = EDGE_CURVE('',#5612,#5612,#5620,.T.);
#5620 = CIRCLE('',#5621,3.016854249492);
#5621 = AXIS2_PLACEMENT_3D('',#5622,#5623,#5624);
#5622 = CARTESIAN_POINT('',(-8.,0.,0.));
#5623 = DIRECTION('',(0.,0.,1.));
#5624 = DIRECTION('',(1.,0.,0.));
#5625 = ORIENTED_EDGE('',*,*,#5611,.T.);
#5626 = CONICAL_SURFACE('',#5627,3.016854249492,0.588002603548);
#5627 = AXIS2_PLACEMENT_3D('',#5628,#5629,#5630);
#5628 = CARTESIAN_POINT('',(-8.,0.,0.));
#5629 = DIRECTION('',(0.,0.,1.));
#5630 = DIRECTION('',(1.,0.,0.));
#5631 = ADVANCED_FACE('',(#5632),#5638,.T.);
#5632 = FACE_BOUND('',#5633,.T.);
#5633 = EDGE_LOOP('',(#5634,#5635,#5636,#5637));
#5634 = ORIENTED_EDGE('',*,*,#5111,.F.);
#5635 = ORIENTED_EDGE('',*,*,#5070,.T.);
#5636 = ORIENTED_EDGE('',*,*,#5034,.F.);
#5637 = ORIENTED_EDGE('',*,*,#5508,.F.);
#5638 = PLANE('',#5639);
#5639 = AXIS2_PLACEMENT_3D('',#5640,#5641,#5642);
#5640 = CARTESIAN_POINT('',(-9.428927601482E-16,-6.905693454606E-16,6.8)
  );
#5641 = DIRECTION('',(-0.,-0.,-1.));
#5642 = DIRECTION('',(-1.,0.,0.));
#5643 = ADVANCED_FACE('',(#5644),#5663,.T.);
#5644 = FACE_BOUND('',#5645,.T.);
#5645 = EDGE_LOOP('',(#5646,#5647,#5655,#5662));
#5646 = ORIENTED_EDGE('',*,*,#5085,.F.);
#5647 = ORIENTED_EDGE('',*,*,#5648,.F.);
#5648 = EDGE_CURVE('',#5649,#5086,#5651,.T.);
#5649 = VERTEX_POINT('',#5650);
#5650 = CARTESIAN_POINT('',(-4.983145750508,-8.,0.));
#5651 = LINE('',#5652,#5653);
#5652 = CARTESIAN_POINT('',(-4.983145750508,-8.,0.));
#5653 = VECTOR('',#5654,1.);
#5654 = DIRECTION('',(0.554700196225,-1.358623639587E-16,0.832050294338)
  );
#5655 = ORIENTED_EDGE('',*,*,#5656,.T.);
#5656 = EDGE_CURVE('',#5649,#5649,#5657,.T.);
#5657 = CIRCLE('',#5658,3.016854249492);
#5658 = AXIS2_PLACEMENT_3D('',#5659,#5660,#5661);
#5659 = CARTESIAN_POINT('',(-8.,-8.,0.));
#5660 = DIRECTION('',(0.,0.,1.));
#5661 = DIRECTION('',(1.,0.,0.));
#5662 = ORIENTED_EDGE('',*,*,#5648,.T.);
#5663 = CONICAL_SURFACE('',#5664,3.016854249492,0.588002603548);
#5664 = AXIS2_PLACEMENT_3D('',#5665,#5666,#5667);
#5665 = CARTESIAN_POINT('',(-8.,-8.,0.));
#5666 = DIRECTION('',(0.,0.,1.));
#5667 = DIRECTION('',(1.,0.,0.));
#5668 = ADVANCED_FACE('',(#5669),#5675,.T.);
#5669 = FACE_BOUND('',#5670,.T.);
#5670 = EDGE_LOOP('',(#5671,#5672,#5673,#5674));
#5671 = ORIENTED_EDGE('',*,*,#5209,.F.);
#5672 = ORIENTED_EDGE('',*,*,#5168,.T.);
#5673 = ORIENTED_EDGE('',*,*,#5132,.F.);
#5674 = ORIENTED_EDGE('',*,*,#5491,.F.);
#5675 = PLANE('',#5676);
#5676 = AXIS2_PLACEMENT_3D('',#5677,#5678,#5679);
#5677 = CARTESIAN_POINT('',(-9.428927601482E-16,-6.905693454606E-16,6.8)
  );
#5678 = DIRECTION('',(-0.,-0.,-1.));
#5679 = DIRECTION('',(-1.,0.,0.));
#5680 = ADVANCED_FACE('',(#5681),#5700,.T.);
#5681 = FACE_BOUND('',#5682,.T.);
#5682 = EDGE_LOOP('',(#5683,#5684,#5692,#5699));
#5683 = ORIENTED_EDGE('',*,*,#5183,.F.);
#5684 = ORIENTED_EDGE('',*,*,#5685,.F.);
#5685 = EDGE_CURVE('',#5686,#5184,#5688,.T.);
#5686 = VERTEX_POINT('',#5687);
#5687 = CARTESIAN_POINT('',(-4.983145750508,-16.,0.));
#5688 = LINE('',#5689,#5690);
#5689 = CARTESIAN_POINT('',(-4.983145750508,-16.,0.));
#5690 = VECTOR('',#5691,1.);
#5691 = DIRECTION('',(0.554700196225,-1.358623639587E-16,0.832050294338)
  );
#5692 = ORIENTED_EDGE('',*,*,#5693,.T.);
#5693 = EDGE_CURVE('',#5686,#5686,#5694,.T.);
#5694 = CIRCLE('',#5695,3.016854249492);
#5695 = AXIS2_PLACEMENT_3D('',#5696,#5697,#5698);
#5696 = CARTESIAN_POINT('',(-8.,-16.,0.));
#5697 = DIRECTION('',(0.,0.,1.));
#5698 = DIRECTION('',(1.,0.,0.));
#5699 = ORIENTED_EDGE('',*,*,#5685,.T.);
#5700 = CONICAL_SURFACE('',#5701,3.016854249492,0.588002603548);
#5701 = AXIS2_PLACEMENT_3D('',#5702,#5703,#5704);
#5702 = CARTESIAN_POINT('',(-8.,-16.,0.));
#5703 = DIRECTION('',(0.,0.,1.));
#5704 = DIRECTION('',(1.,0.,0.));
#5705 = ADVANCED_FACE('',(#5706),#5725,.T.);
#5706 = FACE_BOUND('',#5707,.T.);
#5707 = EDGE_LOOP('',(#5708,#5709,#5717,#5724));
#5708 = ORIENTED_EDGE('',*,*,#5254,.F.);
#5709 = ORIENTED_EDGE('',*,*,#5710,.F.);
#5710 = EDGE_CURVE('',#5711,#5255,#5713,.T.);
#5711 = VERTEX_POINT('',#5712);
#5712 = CARTESIAN_POINT('',(3.016854249492,8.,0.));
#5713 = LINE('',#5714,#5715);
#5714 = CARTESIAN_POINT('',(3.016854249492,8.,0.));
#5715 = VECTOR('',#5716,1.);
#5716 = DIRECTION('',(0.554700196225,-1.358623639587E-16,0.832050294338)
  );
#5717 = ORIENTED_EDGE('',*,*,#5718,.T.);
#5718 = EDGE_CURVE('',#5711,#5711,#5719,.T.);
#5719 = CIRCLE('',#5720,3.016854249492);
#5720 = AXIS2_PLACEMENT_3D('',#5721,#5722,#5723);
#5721 = CARTESIAN_POINT('',(0.,8.,0.));
#5722 = DIRECTION('',(0.,0.,1.));
#5723 = DIRECTION('',(1.,0.,0.));
#5724 = ORIENTED_EDGE('',*,*,#5710,.T.);
#5725 = CONICAL_SURFACE('',#5726,3.016854249492,0.588002603548);
#5726 = AXIS2_PLACEMENT_3D('',#5727,#5728,#5729);
#5727 = CARTESIAN_POINT('',(0.,8.,0.));
#5728 = DIRECTION('',(0.,0.,1.));
#5729 = DIRECTION('',(1.,0.,0.));
#5730 = ADVANCED_FACE('',(#5731),#5738,.T.);
#5731 = FACE_BOUND('',#5732,.T.);
#5732 = EDGE_LOOP('',(#5733,#5734,#5735,#5736,#5737));
#5733 = ORIENTED_EDGE('',*,*,#5438,.F.);
#5734 = ORIENTED_EDGE('',*,*,#5327,.F.);
#5735 = ORIENTED_EDGE('',*,*,#5271,.F.);
#5736 = ORIENTED_EDGE('',*,*,#5421,.T.);
#5737 = ORIENTED_EDGE('',*,*,#5390,.F.);
#5738 = PLANE('',#5739);
#5739 = AXIS2_PLACEMENT_3D('',#5740,#5741,#5742);
#5740 = CARTESIAN_POINT('',(-9.428927601482E-16,-6.905693454606E-16,6.8)
  );
#5741 = DIRECTION('',(-0.,-0.,-1.));
#5742 = DIRECTION('',(-1.,0.,0.));
#5743 = ADVANCED_FACE('',(#5744),#5763,.T.);
#5744 = FACE_BOUND('',#5745,.T.);
#5745 = EDGE_LOOP('',(#5746,#5747,#5755,#5762));
#5746 = ORIENTED_EDGE('',*,*,#5360,.F.);
#5747 = ORIENTED_EDGE('',*,*,#5748,.F.);
#5748 = EDGE_CURVE('',#5749,#5361,#5751,.T.);
#5749 = VERTEX_POINT('',#5750);
#5750 = CARTESIAN_POINT('',(11.016854249492,8.,0.));
#5751 = LINE('',#5752,#5753);
#5752 = CARTESIAN_POINT('',(11.016854249492,8.,0.));
#5753 = VECTOR('',#5754,1.);
#5754 = DIRECTION('',(0.554700196225,-1.358623639587E-16,0.832050294338)
  );
#5755 = ORIENTED_EDGE('',*,*,#5756,.T.);
#5756 = EDGE_CURVE('',#5749,#5749,#5757,.T.);
#5757 = CIRCLE('',#5758,3.016854249492);
#5758 = AXIS2_PLACEMENT_3D('',#5759,#5760,#5761);
#5759 = CARTESIAN_POINT('',(8.,8.,0.));
#5760 = DIRECTION('',(0.,0.,1.));
#5761 = DIRECTION('',(1.,0.,0.));
#5762 = ORIENTED_EDGE('',*,*,#5748,.T.);
#5763 = CONICAL_SURFACE('',#5764,3.016854249492,0.588002603548);
#5764 = AXIS2_PLACEMENT_3D('',#5765,#5766,#5767);
#5765 = CARTESIAN_POINT('',(8.,8.,0.));
#5766 = DIRECTION('',(0.,0.,1.));
#5767 = DIRECTION('',(1.,0.,0.));
#5768 = ADVANCED_FACE('',(#5769,#5772),#5783,.F.);
#5769 = FACE_BOUND('',#5770,.F.);
#5770 = EDGE_LOOP('',(#5771));
#5771 = ORIENTED_EDGE('',*,*,#5532,.T.);
#5772 = FACE_BOUND('',#5773,.F.);
#5773 = EDGE_LOOP('',(#5774));
#5774 = ORIENTED_EDGE('',*,*,#5775,.F.);
#5775 = EDGE_CURVE('',#5776,#5776,#5778,.T.);
#5776 = VERTEX_POINT('',#5777);
#5777 = CARTESIAN_POINT('',(-6.4,16.,0.));
#5778 = CIRCLE('',#5779,1.6);
#5779 = AXIS2_PLACEMENT_3D('',#5780,#5781,#5782);
#5780 = CARTESIAN_POINT('',(-8.,16.,0.));
#5781 = DIRECTION('',(0.,0.,1.));
#5782 = DIRECTION('',(1.,0.,0.));
#5783 = PLANE('',#5784);
#5784 = AXIS2_PLACEMENT_3D('',#5785,#5786,#5787);
#5785 = CARTESIAN_POINT('',(-8.,16.,0.));
#5786 = DIRECTION('',(0.,0.,1.));
#5787 = DIRECTION('',(1.,0.,0.));
#5788 = ADVANCED_FACE('',(#5789,#5792),#5803,.F.);
#5789 = FACE_BOUND('',#5790,.F.);
#5790 = EDGE_LOOP('',(#5791));
#5791 = ORIENTED_EDGE('',*,*,#5569,.T.);
#5792 = FACE_BOUND('',#5793,.F.);
#5793 = EDGE_LOOP('',(#5794));
#5794 = ORIENTED_EDGE('',*,*,#5795,.F.);
#5795 = EDGE_CURVE('',#5796,#5796,#5798,.T.);
#5796 = VERTEX_POINT('',#5797);
#5797 = CARTESIAN_POINT('',(-6.4,8.,0.));
#5798 = CIRCLE('',#5799,1.6);
#5799 = AXIS2_PLACEMENT_3D('',#5800,#5801,#5802);
#5800 = CARTESIAN_POINT('',(-8.,8.,0.));
#5801 = DIRECTION('',(0.,0.,1.));
#5802 = DIRECTION('',(1.,0.,0.));
#5803 = PLANE('',#5804);
#5804 = AXIS2_PLACEMENT_3D('',#5805,#5806,#5807);
#5805 = CARTESIAN_POINT('',(-8.,8.,0.));
#5806 = DIRECTION('',(0.,0.,1.));
#5807 = DIRECTION('',(1.,0.,0.));
#5808 = ADVANCED_FACE('',(#5809,#5812),#5823,.F.);
#5809 = FACE_BOUND('',#5810,.F.);
#5810 = EDGE_LOOP('',(#5811));
#5811 = ORIENTED_EDGE('',*,*,#5619,.T.);
#5812 = FACE_BOUND('',#5813,.F.);
#5813 = EDGE_LOOP('',(#5814));
#5814 = ORIENTED_EDGE('',*,*,#5815,.F.);
#5815 = EDGE_CURVE('',#5816,#5816,#5818,.T.);
#5816 = VERTEX_POINT('',#5817);
#5817 = CARTESIAN_POINT('',(-6.4,-3.918869757272E-16,0.));
#5818 = CIRCLE('',#5819,1.6);
#5819 = AXIS2_PLACEMENT_3D('',#5820,#5821,#5822);
#5820 = CARTESIAN_POINT('',(-8.,0.,0.));
#5821 = DIRECTION('',(0.,0.,1.));
#5822 = DIRECTION('',(1.,0.,0.));
#5823 = PLANE('',#5824);
#5824 = AXIS2_PLACEMENT_3D('',#5825,#5826,#5827);
#5825 = CARTESIAN_POINT('',(-8.,0.,0.));
#5826 = DIRECTION('',(0.,0.,1.));
#5827 = DIRECTION('',(1.,0.,0.));
#5828 = ADVANCED_FACE('',(#5829,#5832),#5843,.F.);
#5829 = FACE_BOUND('',#5830,.F.);
#5830 = EDGE_LOOP('',(#5831));
#5831 = ORIENTED_EDGE('',*,*,#5656,.T.);
#5832 = FACE_BOUND('',#5833,.F.);
#5833 = EDGE_LOOP('',(#5834));
#5834 = ORIENTED_EDGE('',*,*,#5835,.F.);
#5835 = EDGE_CURVE('',#5836,#5836,#5838,.T.);
#5836 = VERTEX_POINT('',#5837);
#5837 = CARTESIAN_POINT('',(-6.4,-8.,0.));
#5838 = CIRCLE('',#5839,1.6);
#5839 = AXIS2_PLACEMENT_3D('',#5840,#5841,#5842);
#5840 = CARTESIAN_POINT('',(-8.,-8.,0.));
#5841 = DIRECTION('',(0.,0.,1.));
#5842 = DIRECTION('',(1.,0.,0.));
#5843 = PLANE('',#5844);
#5844 = AXIS2_PLACEMENT_3D('',#5845,#5846,#5847);
#5845 = CARTESIAN_POINT('',(-8.,-8.,0.));
#5846 = DIRECTION('',(0.,0.,1.));
#5847 = DIRECTION('',(1.,0.,0.));
#5848 = ADVANCED_FACE('',(#5849,#5852),#5863,.F.);
#5849 = FACE_BOUND('',#5850,.F.);
#5850 = EDGE_LOOP('',(#5851));
#5851 = ORIENTED_EDGE('',*,*,#5693,.T.);
#5852 = FACE_BOUND('',#5853,.F.);
#5853 = EDGE_LOOP('',(#5854));
#5854 = ORIENTED_EDGE('',*,*,#5855,.F.);
#5855 = EDGE_CURVE('',#5856,#5856,#5858,.T.);
#5856 = VERTEX_POINT('',#5857);
#5857 = CARTESIAN_POINT('',(-6.4,-16.,0.));
#5858 = CIRCLE('',#5859,1.6);
#5859 = AXIS2_PLACEMENT_3D('',#5860,#5861,#5862);
#5860 = CARTESIAN_POINT('',(-8.,-16.,0.));
#5861 = DIRECTION('',(0.,0.,1.));
#5862 = DIRECTION('',(1.,0.,0.));
#5863 = PLANE('',#5864);
#5864 = AXIS2_PLACEMENT_3D('',#5865,#5866,#5867);
#5865 = CARTESIAN_POINT('',(-8.,-16.,0.));
#5866 = DIRECTION('',(0.,0.,1.));
#5867 = DIRECTION('',(1.,0.,0.));
#5868 = ADVANCED_FACE('',(#5869,#5872),#5883,.F.);
#5869 = FACE_BOUND('',#5870,.F.);
#5870 = EDGE_LOOP('',(#5871));
#5871 = ORIENTED_EDGE('',*,*,#5718,.T.);
#5872 = FACE_BOUND('',#5873,.F.);
#5873 = EDGE_LOOP('',(#5874));
#5874 = ORIENTED_EDGE('',*,*,#5875,.F.);
#5875 = EDGE_CURVE('',#5876,#5876,#5878,.T.);
#5876 = VERTEX_POINT('',#5877);
#5877 = CARTESIAN_POINT('',(1.6,8.,0.));
#5878 = CIRCLE('',#5879,1.6);
#5879 = AXIS2_PLACEMENT_3D('',#5880,#5881,#5882);
#5880 = CARTESIAN_POINT('',(0.,8.,0.));
#5881 = DIRECTION('',(0.,0.,1.));
#5882 = DIRECTION('',(1.,0.,0.));
#5883 = PLANE('',#5884);
#5884 = AXIS2_PLACEMENT_3D('',#5885,#5886,#5887);
#5885 = CARTESIAN_POINT('',(0.,8.,0.));
#5886 = DIRECTION('',(0.,0.,1.));
#5887 = DIRECTION('',(1.,0.,0.));
#5888 = ADVANCED_FACE('',(#5889,#5892),#5903,.F.);
#5889 = FACE_BOUND('',#5890,.F.);
#5890 = EDGE_LOOP('',(#5891));
#5891 = ORIENTED_EDGE('',*,*,#5756,.T.);
#5892 = FACE_BOUND('',#5893,.F.);
#5893 = EDGE_LOOP('',(#5894));
#5894 = ORIENTED_EDGE('',*,*,#5895,.F.);
#5895 = EDGE_CURVE('',#5896,#5896,#5898,.T.);
#5896 = VERTEX_POINT('',#5897);
#5897 = CARTESIAN_POINT('',(9.6,8.,0.));
#5898 = CIRCLE('',#5899,1.6);
#5899 = AXIS2_PLACEMENT_3D('',#5900,#5901,#5902);
#5900 = CARTESIAN_POINT('',(8.,8.,0.));
#5901 = DIRECTION('',(0.,0.,1.));
#5902 = DIRECTION('',(1.,0.,0.));
#5903 = PLANE('',#5904);
#5904 = AXIS2_PLACEMENT_3D('',#5905,#5906,#5907);
#5905 = CARTESIAN_POINT('',(8.,8.,0.));
#5906 = DIRECTION('',(0.,0.,1.));
#5907 = DIRECTION('',(1.,0.,0.));
#5908 = ADVANCED_FACE('',(#5909),#5928,.F.);
#5909 = FACE_BOUND('',#5910,.T.);
#5910 = EDGE_LOOP('',(#5911,#5919,#5926,#5927));
#5911 = ORIENTED_EDGE('',*,*,#5912,.T.);
#5912 = EDGE_CURVE('',#5776,#5913,#5915,.T.);
#5913 = VERTEX_POINT('',#5914);
#5914 = CARTESIAN_POINT('',(-6.4,16.,8.));
#5915 = LINE('',#5916,#5917);
#5916 = CARTESIAN_POINT('',(-6.4,16.,0.));
#5917 = VECTOR('',#5918,1.);
#5918 = DIRECTION('',(0.,0.,1.));
#5919 = ORIENTED_EDGE('',*,*,#5920,.T.);
#5920 = EDGE_CURVE('',#5913,#5913,#5921,.T.);
#5921 = CIRCLE('',#5922,1.6);
#5922 = AXIS2_PLACEMENT_3D('',#5923,#5924,#5925);
#5923 = CARTESIAN_POINT('',(-8.,16.,8.));
#5924 = DIRECTION('',(0.,0.,1.));
#5925 = DIRECTION('',(1.,0.,0.));
#5926 = ORIENTED_EDGE('',*,*,#5912,.F.);
#5927 = ORIENTED_EDGE('',*,*,#5775,.F.);
#5928 = CYLINDRICAL_SURFACE('',#5929,1.6);
#5929 = AXIS2_PLACEMENT_3D('',#5930,#5931,#5932);
#5930 = CARTESIAN_POINT('',(-8.,16.,0.));
#5931 = DIRECTION('',(-0.,-0.,-1.));
#5932 = DIRECTION('',(1.,0.,0.));
#5933 = ADVANCED_FACE('',(#5934),#5953,.F.);
#5934 = FACE_BOUND('',#5935,.T.);
#5935 = EDGE_LOOP('',(#5936,#5944,#5951,#5952));
#5936 = ORIENTED_EDGE('',*,*,#5937,.T.);
#5937 = EDGE_CURVE('',#5796,#5938,#5940,.T.);
#5938 = VERTEX_POINT('',#5939);
#5939 = CARTESIAN_POINT('',(-6.4,8.,8.));
#5940 = LINE('',#5941,#5942);
#5941 = CARTESIAN_POINT('',(-6.4,8.,0.));
#5942 = VECTOR('',#5943,1.);
#5943 = DIRECTION('',(0.,0.,1.));
#5944 = ORIENTED_EDGE('',*,*,#5945,.T.);
#5945 = EDGE_CURVE('',#5938,#5938,#5946,.T.);
#5946 = CIRCLE('',#5947,1.6);
#5947 = AXIS2_PLACEMENT_3D('',#5948,#5949,#5950);
#5948 = CARTESIAN_POINT('',(-8.,8.,8.));
#5949 = DIRECTION('',(0.,0.,1.));
#5950 = DIRECTION('',(1.,0.,0.));
#5951 = ORIENTED_EDGE('',*,*,#5937,.F.);
#5952 = ORIENTED_EDGE('',*,*,#5795,.F.);
#5953 = CYLINDRICAL_SURFACE('',#5954,1.6);
#5954 = AXIS2_PLACEMENT_3D('',#5955,#5956,#5957);
#5955 = CARTESIAN_POINT('',(-8.,8.,0.));
#5956 = DIRECTION('',(-0.,-0.,-1.));
#5957 = DIRECTION('',(1.,0.,0.));
#5958 = ADVANCED_FACE('',(#5959),#5978,.F.);
#5959 = FACE_BOUND('',#5960,.T.);
#5960 = EDGE_LOOP('',(#5961,#5969,#5976,#5977));
#5961 = ORIENTED_EDGE('',*,*,#5962,.T.);
#5962 = EDGE_CURVE('',#5816,#5963,#5965,.T.);
#5963 = VERTEX_POINT('',#5964);
#5964 = CARTESIAN_POINT('',(-6.4,-3.918869757272E-16,8.));
#5965 = LINE('',#5966,#5967);
#5966 = CARTESIAN_POINT('',(-6.4,-3.918869757272E-16,0.));
#5967 = VECTOR('',#5968,1.);
#5968 = DIRECTION('',(0.,0.,1.));
#5969 = ORIENTED_EDGE('',*,*,#5970,.T.);
#5970 = EDGE_CURVE('',#5963,#5963,#5971,.T.);
#5971 = CIRCLE('',#5972,1.6);
#5972 = AXIS2_PLACEMENT_3D('',#5973,#5974,#5975);
#5973 = CARTESIAN_POINT('',(-8.,0.,8.));
#5974 = DIRECTION('',(0.,0.,1.));
#5975 = DIRECTION('',(1.,0.,0.));
#5976 = ORIENTED_EDGE('',*,*,#5962,.F.);
#5977 = ORIENTED_EDGE('',*,*,#5815,.F.);
#5978 = CYLINDRICAL_SURFACE('',#5979,1.6);
#5979 = AXIS2_PLACEMENT_3D('',#5980,#5981,#5982);
#5980 = CARTESIAN_POINT('',(-8.,0.,0.));
#5981 = DIRECTION('',(-0.,-0.,-1.));
#5982 = DIRECTION('',(1.,0.,0.));
#5983 = ADVANCED_FACE('',(#5984),#6003,.F.);
#5984 = FACE_BOUND('',#5985,.T.);
#5985 = EDGE_LOOP('',(#5986,#5994,#6001,#6002));
#5986 = ORIENTED_EDGE('',*,*,#5987,.T.);
#5987 = EDGE_CURVE('',#5836,#5988,#5990,.T.);
#5988 = VERTEX_POINT('',#5989);
#5989 = CARTESIAN_POINT('',(-6.4,-8.,8.));
#5990 = LINE('',#5991,#5992);
#5991 = CARTESIAN_POINT('',(-6.4,-8.,0.));
#5992 = VECTOR('',#5993,1.);
#5993 = DIRECTION('',(0.,0.,1.));
#5994 = ORIENTED_EDGE('',*,*,#5995,.T.);
#5995 = EDGE_CURVE('',#5988,#5988,#5996,.T.);
#5996 = CIRCLE('',#5997,1.6);
#5997 = AXIS2_PLACEMENT_3D('',#5998,#5999,#6000);
#5998 = CARTESIAN_POINT('',(-8.,-8.,8.));
#5999 = DIRECTION('',(0.,0.,1.));
#6000 = DIRECTION('',(1.,0.,0.));
#6001 = ORIENTED_EDGE('',*,*,#5987,.F.);
#6002 = ORIENTED_EDGE('',*,*,#5835,.F.);
#6003 = CYLINDRICAL_SURFACE('',#6004,1.6);
#6004 = AXIS2_PLACEMENT_3D('',#6005,#6006,#6007);
#6005 = CARTESIAN_POINT('',(-8.,-8.,0.));
#6006 = DIRECTION('',(-0.,-0.,-1.));
#6007 = DIRECTION('',(1.,0.,0.));
#6008 = ADVANCED_FACE('',(#6009),#6028,.F.);
#6009 = FACE_BOUND('',#6010,.T.);
#6010 = EDGE_LOOP('',(#6011,#6019,#6026,#6027));
#6011 = ORIENTED_EDGE('',*,*,#6012,.T.);
#6012 = EDGE_CURVE('',#5856,#6013,#6015,.T.);
#6013 = VERTEX_POINT('',#6014);
#6014 = CARTESIAN_POINT('',(-6.4,-16.,8.));
#6015 = LINE('',#6016,#6017);
#6016 = CARTESIAN_POINT('',(-6.4,-16.,0.));
#6017 = VECTOR('',#6018,1.);
#6018 = DIRECTION('',(0.,0.,1.));
#6019 = ORIENTED_EDGE('',*,*,#6020,.T.);
#6020 = EDGE_CURVE('',#6013,#6013,#6021,.T.);
#6021 = CIRCLE('',#6022,1.6);
#6022 = AXIS2_PLACEMENT_3D('',#6023,#6024,#6025);
#6023 = CARTESIAN_POINT('',(-8.,-16.,8.));
#6024 = DIRECTION('',(0.,0.,1.));
#6025 = DIRECTION('',(1.,0.,0.));
#6026 = ORIENTED_EDGE('',*,*,#6012,.F.);
#6027 = ORIENTED_EDGE('',*,*,#5855,.F.);
#6028 = CYLINDRICAL_SURFACE('',#6029,1.6);
#6029 = AXIS2_PLACEMENT_3D('',#6030,#6031,#6032);
#6030 = CARTESIAN_POINT('',(-8.,-16.,0.));
#6031 = DIRECTION('',(-0.,-0.,-1.));
#6032 = DIRECTION('',(1.,0.,0.));
#6033 = ADVANCED_FACE('',(#6034),#6053,.F.);
#6034 = FACE_BOUND('',#6035,.T.);
#6035 = EDGE_LOOP('',(#6036,#6044,#6051,#6052));
#6036 = ORIENTED_EDGE('',*,*,#6037,.T.);
#6037 = EDGE_CURVE('',#5876,#6038,#6040,.T.);
#6038 = VERTEX_POINT('',#6039);
#6039 = CARTESIAN_POINT('',(1.6,8.,8.));
#6040 = LINE('',#6041,#6042);
#6041 = CARTESIAN_POINT('',(1.6,8.,0.));
#6042 = VECTOR('',#6043,1.);
#6043 = DIRECTION('',(0.,0.,1.));
#6044 = ORIENTED_EDGE('',*,*,#6045,.T.);
#6045 = EDGE_CURVE('',#6038,#6038,#6046,.T.);
#6046 = CIRCLE('',#6047,1.6);
#6047 = AXIS2_PLACEMENT_3D('',#6048,#6049,#6050);
#6048 = CARTESIAN_POINT('',(0.,8.,8.));
#6049 = DIRECTION('',(0.,0.,1.));
#6050 = DIRECTION('',(1.,0.,0.));
#6051 = ORIENTED_EDGE('',*,*,#6037,.F.);
#6052 = ORIENTED_EDGE('',*,*,#5875,.F.);
#6053 = CYLINDRICAL_SURFACE('',#6054,1.6);
#6054 = AXIS2_PLACEMENT_3D('',#6055,#6056,#6057);
#6055 = CARTESIAN_POINT('',(0.,8.,0.));
#6056 = DIRECTION('',(-0.,-0.,-1.));
#6057 = DIRECTION('',(1.,0.,0.));
#6058 = ADVANCED_FACE('',(#6059),#6078,.F.);
#6059 = FACE_BOUND('',#6060,.T.);
#6060 = EDGE_LOOP('',(#6061,#6069,#6076,#6077));
#6061 = ORIENTED_EDGE('',*,*,#6062,.T.);
#6062 = EDGE_CURVE('',#5896,#6063,#6065,.T.);
#6063 = VERTEX_POINT('',#6064);
#6064 = CARTESIAN_POINT('',(9.6,8.,8.));
#6065 = LINE('',#6066,#6067);
#6066 = CARTESIAN_POINT('',(9.6,8.,0.));
#6067 = VECTOR('',#6068,1.);
#6068 = DIRECTION('',(0.,0.,1.));
#6069 = ORIENTED_EDGE('',*,*,#6070,.T.);
#6070 = EDGE_CURVE('',#6063,#6063,#6071,.T.);
#6071 = CIRCLE('',#6072,1.6);
#6072 = AXIS2_PLACEMENT_3D('',#6073,#6074,#6075);
#6073 = CARTESIAN_POINT('',(8.,8.,8.));
#6074 = DIRECTION('',(0.,0.,1.));
#6075 = DIRECTION('',(1.,0.,0.));
#6076 = ORIENTED_EDGE('',*,*,#6062,.F.);
#6077 = ORIENTED_EDGE('',*,*,#5895,.F.);
#6078 = CYLINDRICAL_SURFACE('',#6079,1.6);
#6079 = AXIS2_PLACEMENT_3D('',#6080,#6081,#6082);
#6080 = CARTESIAN_POINT('',(8.,8.,0.));
#6081 = DIRECTION('',(-0.,-0.,-1.));
#6082 = DIRECTION('',(1.,0.,0.));
#6083 = ADVANCED_FACE('',(#6084),#6087,.F.);
#6084 = FACE_BOUND('',#6085,.T.);
#6085 = EDGE_LOOP('',(#6086));
#6086 = ORIENTED_EDGE('',*,*,#5920,.F.);
#6087 = PLANE('',#6088);
#6088 = AXIS2_PLACEMENT_3D('',#6089,#6090,#6091);
#6089 = CARTESIAN_POINT('',(-8.,16.,8.));
#6090 = DIRECTION('',(0.,0.,1.));
#6091 = DIRECTION('',(1.,0.,0.));
#6092 = ADVANCED_FACE('',(#6093),#6096,.F.);
#6093 = FACE_BOUND('',#6094,.T.);
#6094 = EDGE_LOOP('',(#6095));
#6095 = ORIENTED_EDGE('',*,*,#5945,.F.);
#6096 = PLANE('',#6097);
#6097 = AXIS2_PLACEMENT_3D('',#6098,#6099,#6100);
#6098 = CARTESIAN_POINT('',(-8.,8.,8.));
#6099 = DIRECTION('',(0.,0.,1.));
#6100 = DIRECTION('',(1.,0.,0.));
#6101 = ADVANCED_FACE('',(#6102),#6105,.F.);
#6102 = FACE_BOUND('',#6103,.T.);
#6103 = EDGE_LOOP('',(#6104));
#6104 = ORIENTED_EDGE('',*,*,#5970,.F.);
#6105 = PLANE('',#6106);
#6106 = AXIS2_PLACEMENT_3D('',#6107,#6108,#6109);
#6107 = CARTESIAN_POINT('',(-8.,0.,8.));
#6108 = DIRECTION('',(0.,0.,1.));
#6109 = DIRECTION('',(1.,0.,0.));
#6110 = ADVANCED_FACE('',(#6111),#6114,.F.);
#6111 = FACE_BOUND('',#6112,.T.);
#6112 = EDGE_LOOP('',(#6113));
#6113 = ORIENTED_EDGE('',*,*,#5995,.F.);
#6114 = PLANE('',#6115);
#6115 = AXIS2_PLACEMENT_3D('',#6116,#6117,#6118);
#6116 = CARTESIAN_POINT('',(-8.,-8.,8.));
#6117 = DIRECTION('',(0.,0.,1.));
#6118 = DIRECTION('',(1.,0.,0.));
#6119 = ADVANCED_FACE('',(#6120),#6123,.F.);
#6120 = FACE_BOUND('',#6121,.T.);
#6121 = EDGE_LOOP('',(#6122));
#6122 = ORIENTED_EDGE('',*,*,#6020,.F.);
#6123 = PLANE('',#6124);
#6124 = AXIS2_PLACEMENT_3D('',#6125,#6126,#6127);
#6125 = CARTESIAN_POINT('',(-8.,-16.,8.));
#6126 = DIRECTION('',(0.,0.,1.));
#6127 = DIRECTION('',(1.,0.,0.));
#6128 = ADVANCED_FACE('',(#6129),#6132,.F.);
#6129 = FACE_BOUND('',#6130,.T.);
#6130 = EDGE_LOOP('',(#6131));
#6131 = ORIENTED_EDGE('',*,*,#6045,.F.);
#6132 = PLANE('',#6133);
#6133 = AXIS2_PLACEMENT_3D('',#6134,#6135,#6136);
#6134 = CARTESIAN_POINT('',(0.,8.,8.));
#6135 = DIRECTION('',(0.,0.,1.));
#6136 = DIRECTION('',(1.,0.,0.));
#6137 = ADVANCED_FACE('',(#6138),#6141,.F.);
#6138 = FACE_BOUND('',#6139,.T.);
#6139 = EDGE_LOOP('',(#6140));
#6140 = ORIENTED_EDGE('',*,*,#6070,.F.);
#6141 = PLANE('',#6142);
#6142 = AXIS2_PLACEMENT_3D('',#6143,#6144,#6145);
#6143 = CARTESIAN_POINT('',(8.,8.,8.));
#6144 = DIRECTION('',(0.,0.,1.));
#6145 = DIRECTION('',(1.,0.,0.));
#6146 = ( GEOMETRIC_REPRESENTATION_CONTEXT(3) 
GLOBAL_UNCERTAINTY_ASSIGNED_CONTEXT((#6150)) 
GLOBAL_UNIT_ASSIGNED_CONTEXT((#6147,#6148,#6149)) REPRESENTATION_CONTEXT
('Context #1','3D Context with UNIT and UNCERTAINTY') );
#6147 = ( LENGTH_UNIT() NAMED_UNIT(*) SI_UNIT(.MILLI.,.METRE.) );
#6148 = ( NAMED_UNIT(*) PLANE_ANGLE_UNIT() SI_UNIT($,.RADIAN.) );
#6149 = ( NAMED_UNIT(*) SI_UNIT($,.STERADIAN.) SOLID_ANGLE_UNIT() );
#6150 = UNCERTAINTY_MEASURE_WITH_UNIT(LENGTH_MEASURE(5.E-06),#6147,
  'distance_accuracy_value','confusion accuracy');
#6151 = PRODUCT_RELATED_PRODUCT_CATEGORY('part',$,(#7));
ENDSEC;
END-ISO-10303-21;
