ISO-10303-21;
HEADER;
FILE_DESCRIPTION(('FreeCAD Model'),'2;1');
FILE_NAME('Open CASCADE Shape Model','2026-09-20T21:11:48',('FreeCAD'),(
    'FreeCAD'),'Open CASCADE STEP processor 7.8','FreeCAD','Unknown');
FILE_SCHEMA(('AUTOMOTIVE_DESIGN { 1 0 10303 214 1 1 1 1 }'));
ENDSEC;
DATA;
#1 = APPLICATION_PROTOCOL_DEFINITION('international standard',
  'automotive_design',2000,#2);
#2 = APPLICATION_CONTEXT(
  'core data for automotive mechanical design processes');
#3 = SHAPE_DEFINITION_REPRESENTATION(#4,#10);
#4 = PRODUCT_DEFINITION_SHAPE('','',#5);
#5 = PRODUCT_DEFINITION('design','',#6,#9);
#6 = PRODUCT_DEFINITION_FORMATION('','',#7);
#7 = PRODUCT('Open CASCADE STEP translator 7.8 73',
  'Open CASCADE STEP translator 7.8 73','',(#8));
#8 = PRODUCT_CONTEXT('',#2,'mechanical');
#9 = PRODUCT_DEFINITION_CONTEXT('part definition',#2,'design');
#10 = ADVANCED_BREP_SHAPE_REPRESENTATION('',(#11,#15),#3552);
#11 = AXIS2_PLACEMENT_3D('',#12,#13,#14);
#12 = CARTESIAN_POINT('',(0.,0.,0.));
#13 = DIRECTION('',(0.,0.,1.));
#14 = DIRECTION('',(1.,0.,-0.));
#15 = MANIFOLD_SOLID_BREP('',#16);
#16 = CLOSED_SHELL('',(#17,#50,#208,#233,#264,#288,#312,#336,#360,#377,
    #402,#427,#452,#477,#502,#527,#552,#577,#602,#611,#763,#788,#813,
    #838,#863,#888,#913,#938,#963,#988,#1017,#1040,#1063,#1086,#1109,
    #1132,#1155,#1178,#1201,#1224,#1247,#1270,#1293,#1316,#1339,#1362,
    #1379,#1388,#1397,#1406,#1415,#1424,#1433,#1442,#1451,#1460,#1593,
    #1649,#1774,#1862,#1886,#1999,#2032,#2056,#2081,#2105,#2147,#2171,
    #2196,#2220,#2262,#2286,#2311,#2335,#2361,#2394,#2418,#2443,#2460,
    #2500,#2524,#2558,#2582,#2624,#2648,#2682,#2706,#2748,#2772,#2806,
    #2823,#2840,#2857,#2874,#2891,#2908,#2925,#2942,#2954,#2978,#3003,
    #3020,#3081,#3105,#3179,#3203,#3257,#3274,#3291,#3316,#3328,#3353,
    #3365,#3390,#3410,#3430,#3450,#3475,#3500,#3525,#3534,#3543));
#17 = ADVANCED_FACE('',(#18),#45,.T.);
#18 = FACE_BOUND('',#19,.F.);
#19 = EDGE_LOOP('',(#20,#30,#37,#38));
#20 = ORIENTED_EDGE('',*,*,#21,.T.);
#21 = EDGE_CURVE('',#22,#24,#26,.T.);
#22 = VERTEX_POINT('',#23);
#23 = CARTESIAN_POINT('',(-9.6,-12.,9.6));
#24 = VERTEX_POINT('',#25);
#25 = CARTESIAN_POINT('',(-9.6,-12.,11.15));
#26 = LINE('',#27,#28);
#27 = CARTESIAN_POINT('',(-9.6,-12.,9.6));
#28 = VECTOR('',#29,1.);
#29 = DIRECTION('',(0.,0.,1.));
#30 = ORIENTED_EDGE('',*,*,#31,.T.);
#31 = EDGE_CURVE('',#24,#24,#32,.T.);
#32 = CIRCLE('',#33,2.4);
#33 = AXIS2_PLACEMENT_3D('',#34,#35,#36);
#34 = CARTESIAN_POINT('',(-12.,-12.,11.15));
#35 = DIRECTION('',(0.,0.,1.));
#36 = DIRECTION('',(1.,0.,0.));
#37 = ORIENTED_EDGE('',*,*,#21,.F.);
#38 = ORIENTED_EDGE('',*,*,#39,.F.);
#39 = EDGE_CURVE('',#22,#22,#40,.T.);
#40 = CIRCLE('',#41,2.4);
#41 = AXIS2_PLACEMENT_3D('',#42,#43,#44);
#42 = CARTESIAN_POINT('',(-12.,-12.,9.6));
#43 = DIRECTION('',(0.,0.,1.));
#44 = DIRECTION('',(1.,0.,0.));
#45 = CYLINDRICAL_SURFACE('',#46,2.4);
#46 = AXIS2_PLACEMENT_3D('',#47,#48,#49);
#47 = CARTESIAN_POINT('',(-12.,-12.,9.6));
#48 = DIRECTION('',(-0.,-0.,-1.));
#49 = DIRECTION('',(1.,0.,0.));
#50 = ADVANCED_FACE('',(#51,#101,#104,#115,#126,#137,#148,#159,#170,#181
    ,#192),#203,.T.);
#51 = FACE_BOUND('',#52,.T.);
#52 = EDGE_LOOP('',(#53,#63,#71,#79,#87,#95));
#53 = ORIENTED_EDGE('',*,*,#54,.F.);
#54 = EDGE_CURVE('',#55,#57,#59,.T.);
#55 = VERTEX_POINT('',#56);
#56 = CARTESIAN_POINT('',(-15.9,-15.9,9.6));
#57 = VERTEX_POINT('',#58);
#58 = CARTESIAN_POINT('',(-15.9,15.9,9.6));
#59 = LINE('',#60,#61);
#60 = CARTESIAN_POINT('',(-15.9,-15.9,9.6));
#61 = VECTOR('',#62,1.);
#62 = DIRECTION('',(0.,1.,0.));
#63 = ORIENTED_EDGE('',*,*,#64,.T.);
#64 = EDGE_CURVE('',#55,#65,#67,.T.);
#65 = VERTEX_POINT('',#66);
#66 = CARTESIAN_POINT('',(15.9,-15.9,9.6));
#67 = LINE('',#68,#69);
#68 = CARTESIAN_POINT('',(-15.9,-15.9,9.6));
#69 = VECTOR('',#70,1.);
#70 = DIRECTION('',(1.,0.,0.));
#71 = ORIENTED_EDGE('',*,*,#72,.T.);
#72 = EDGE_CURVE('',#65,#73,#75,.T.);
#73 = VERTEX_POINT('',#74);
#74 = CARTESIAN_POINT('',(15.9,-8.1,9.6));
#75 = LINE('',#76,#77);
#76 = CARTESIAN_POINT('',(15.9,-15.9,9.6));
#77 = VECTOR('',#78,1.);
#78 = DIRECTION('',(0.,1.,0.));
#79 = ORIENTED_EDGE('',*,*,#80,.F.);
#80 = EDGE_CURVE('',#81,#73,#83,.T.);
#81 = VERTEX_POINT('',#82);
#82 = CARTESIAN_POINT('',(-1.E-01,-8.1,9.6));
#83 = LINE('',#84,#85);
#84 = CARTESIAN_POINT('',(-15.9,-8.1,9.6));
#85 = VECTOR('',#86,1.);
#86 = DIRECTION('',(1.,0.,0.));
#87 = ORIENTED_EDGE('',*,*,#88,.T.);
#88 = EDGE_CURVE('',#81,#89,#91,.T.);
#89 = VERTEX_POINT('',#90);
#90 = CARTESIAN_POINT('',(-1.E-01,15.9,9.6));
#91 = LINE('',#92,#93);
#92 = CARTESIAN_POINT('',(-1.E-01,-8.1,9.6));
#93 = VECTOR('',#94,1.);
#94 = DIRECTION('',(0.,1.,0.));
#95 = ORIENTED_EDGE('',*,*,#96,.F.);
#96 = EDGE_CURVE('',#57,#89,#97,.T.);
#97 = LINE('',#98,#99);
#98 = CARTESIAN_POINT('',(-15.9,15.9,9.6));
#99 = VECTOR('',#100,1.);
#100 = DIRECTION('',(1.,0.,0.));
#101 = FACE_BOUND('',#102,.T.);
#102 = EDGE_LOOP('',(#103));
#103 = ORIENTED_EDGE('',*,*,#39,.F.);
#104 = FACE_BOUND('',#105,.T.);
#105 = EDGE_LOOP('',(#106));
#106 = ORIENTED_EDGE('',*,*,#107,.F.);
#107 = EDGE_CURVE('',#108,#108,#110,.T.);
#108 = VERTEX_POINT('',#109);
#109 = CARTESIAN_POINT('',(-1.6,-12.,9.6));
#110 = CIRCLE('',#111,2.4);
#111 = AXIS2_PLACEMENT_3D('',#112,#113,#114);
#112 = CARTESIAN_POINT('',(-4.,-12.,9.6));
#113 = DIRECTION('',(0.,0.,1.));
#114 = DIRECTION('',(1.,0.,0.));
#115 = FACE_BOUND('',#116,.T.);
#116 = EDGE_LOOP('',(#117));
#117 = ORIENTED_EDGE('',*,*,#118,.F.);
#118 = EDGE_CURVE('',#119,#119,#121,.T.);
#119 = VERTEX_POINT('',#120);
#120 = CARTESIAN_POINT('',(-9.6,-4.,9.6));
#121 = CIRCLE('',#122,2.4);
#122 = AXIS2_PLACEMENT_3D('',#123,#124,#125);
#123 = CARTESIAN_POINT('',(-12.,-4.,9.6));
#124 = DIRECTION('',(0.,0.,1.));
#125 = DIRECTION('',(1.,0.,0.));
#126 = FACE_BOUND('',#127,.T.);
#127 = EDGE_LOOP('',(#128));
#128 = ORIENTED_EDGE('',*,*,#129,.F.);
#129 = EDGE_CURVE('',#130,#130,#132,.T.);
#130 = VERTEX_POINT('',#131);
#131 = CARTESIAN_POINT('',(-1.6,-4.,9.6));
#132 = CIRCLE('',#133,2.4);
#133 = AXIS2_PLACEMENT_3D('',#134,#135,#136);
#134 = CARTESIAN_POINT('',(-4.,-4.,9.6));
#135 = DIRECTION('',(0.,0.,1.));
#136 = DIRECTION('',(1.,0.,0.));
#137 = FACE_BOUND('',#138,.T.);
#138 = EDGE_LOOP('',(#139));
#139 = ORIENTED_EDGE('',*,*,#140,.F.);
#140 = EDGE_CURVE('',#141,#141,#143,.T.);
#141 = VERTEX_POINT('',#142);
#142 = CARTESIAN_POINT('',(6.4,-12.,9.6));
#143 = CIRCLE('',#144,2.4);
#144 = AXIS2_PLACEMENT_3D('',#145,#146,#147);
#145 = CARTESIAN_POINT('',(4.,-12.,9.6));
#146 = DIRECTION('',(0.,0.,1.));
#147 = DIRECTION('',(1.,0.,0.));
#148 = FACE_BOUND('',#149,.T.);
#149 = EDGE_LOOP('',(#150));
#150 = ORIENTED_EDGE('',*,*,#151,.F.);
#151 = EDGE_CURVE('',#152,#152,#154,.T.);
#152 = VERTEX_POINT('',#153);
#153 = CARTESIAN_POINT('',(14.4,-12.,9.6));
#154 = CIRCLE('',#155,2.4);
#155 = AXIS2_PLACEMENT_3D('',#156,#157,#158);
#156 = CARTESIAN_POINT('',(12.,-12.,9.6));
#157 = DIRECTION('',(0.,0.,1.));
#158 = DIRECTION('',(1.,0.,0.));
#159 = FACE_BOUND('',#160,.T.);
#160 = EDGE_LOOP('',(#161));
#161 = ORIENTED_EDGE('',*,*,#162,.F.);
#162 = EDGE_CURVE('',#163,#163,#165,.T.);
#163 = VERTEX_POINT('',#164);
#164 = CARTESIAN_POINT('',(-9.6,4.,9.6));
#165 = CIRCLE('',#166,2.4);
#166 = AXIS2_PLACEMENT_3D('',#167,#168,#169);
#167 = CARTESIAN_POINT('',(-12.,4.,9.6));
#168 = DIRECTION('',(0.,0.,1.));
#169 = DIRECTION('',(1.,0.,0.));
#170 = FACE_BOUND('',#171,.T.);
#171 = EDGE_LOOP('',(#172));
#172 = ORIENTED_EDGE('',*,*,#173,.F.);
#173 = EDGE_CURVE('',#174,#174,#176,.T.);
#174 = VERTEX_POINT('',#175);
#175 = CARTESIAN_POINT('',(-1.6,4.,9.6));
#176 = CIRCLE('',#177,2.4);
#177 = AXIS2_PLACEMENT_3D('',#178,#179,#180);
#178 = CARTESIAN_POINT('',(-4.,4.,9.6));
#179 = DIRECTION('',(0.,0.,1.));
#180 = DIRECTION('',(1.,0.,0.));
#181 = FACE_BOUND('',#182,.T.);
#182 = EDGE_LOOP('',(#183));
#183 = ORIENTED_EDGE('',*,*,#184,.F.);
#184 = EDGE_CURVE('',#185,#185,#187,.T.);
#185 = VERTEX_POINT('',#186);
#186 = CARTESIAN_POINT('',(-9.6,12.,9.6));
#187 = CIRCLE('',#188,2.4);
#188 = AXIS2_PLACEMENT_3D('',#189,#190,#191);
#189 = CARTESIAN_POINT('',(-12.,12.,9.6));
#190 = DIRECTION('',(0.,0.,1.));
#191 = DIRECTION('',(1.,0.,0.));
#192 = FACE_BOUND('',#193,.T.);
#193 = EDGE_LOOP('',(#194));
#194 = ORIENTED_EDGE('',*,*,#195,.F.);
#195 = EDGE_CURVE('',#196,#196,#198,.T.);
#196 = VERTEX_POINT('',#197);
#197 = CARTESIAN_POINT('',(-1.6,12.,9.6));
#198 = CIRCLE('',#199,2.4);
#199 = AXIS2_PLACEMENT_3D('',#200,#201,#202);
#200 = CARTESIAN_POINT('',(-4.,12.,9.6));
#201 = DIRECTION('',(0.,0.,1.));
#202 = DIRECTION('',(1.,0.,0.));
#203 = PLANE('',#204);
#204 = AXIS2_PLACEMENT_3D('',#205,#206,#207);
#205 = CARTESIAN_POINT('',(-3.018867924528,-3.018867924528,9.6));
#206 = DIRECTION('',(0.,0.,1.));
#207 = DIRECTION('',(1.,0.,0.));
#208 = ADVANCED_FACE('',(#209),#228,.T.);
#209 = FACE_BOUND('',#210,.T.);
#210 = EDGE_LOOP('',(#211,#220,#226,#227));
#211 = ORIENTED_EDGE('',*,*,#212,.F.);
#212 = EDGE_CURVE('',#213,#213,#215,.T.);
#213 = VERTEX_POINT('',#214);
#214 = CARTESIAN_POINT('',(-9.85,-12.,11.4));
#215 = CIRCLE('',#216,2.15);
#216 = AXIS2_PLACEMENT_3D('',#217,#218,#219);
#217 = CARTESIAN_POINT('',(-12.,-12.,11.4));
#218 = DIRECTION('',(0.,0.,1.));
#219 = DIRECTION('',(1.,0.,0.));
#220 = ORIENTED_EDGE('',*,*,#221,.F.);
#221 = EDGE_CURVE('',#24,#213,#222,.T.);
#222 = LINE('',#223,#224);
#223 = CARTESIAN_POINT('',(-9.6,-12.,11.15));
#224 = VECTOR('',#225,1.);
#225 = DIRECTION('',(-0.707106781187,1.731912112471E-16,0.707106781187)
  );
#226 = ORIENTED_EDGE('',*,*,#31,.T.);
#227 = ORIENTED_EDGE('',*,*,#221,.T.);
#228 = CONICAL_SURFACE('',#229,2.4,0.785398163397);
#229 = AXIS2_PLACEMENT_3D('',#230,#231,#232);
#230 = CARTESIAN_POINT('',(-12.,-12.,11.15));
#231 = DIRECTION('',(-0.,-0.,-1.));
#232 = DIRECTION('',(1.,0.,0.));
#233 = ADVANCED_FACE('',(#234),#259,.T.);
#234 = FACE_BOUND('',#235,.T.);
#235 = EDGE_LOOP('',(#236,#244,#245,#253));
#236 = ORIENTED_EDGE('',*,*,#237,.T.);
#237 = EDGE_CURVE('',#238,#55,#240,.T.);
#238 = VERTEX_POINT('',#239);
#239 = CARTESIAN_POINT('',(-15.9,-15.9,0.));
#240 = LINE('',#241,#242);
#241 = CARTESIAN_POINT('',(-15.9,-15.9,0.));
#242 = VECTOR('',#243,1.);
#243 = DIRECTION('',(0.,0.,1.));
#244 = ORIENTED_EDGE('',*,*,#54,.T.);
#245 = ORIENTED_EDGE('',*,*,#246,.F.);
#246 = EDGE_CURVE('',#247,#57,#249,.T.);
#247 = VERTEX_POINT('',#248);
#248 = CARTESIAN_POINT('',(-15.9,15.9,0.));
#249 = LINE('',#250,#251);
#250 = CARTESIAN_POINT('',(-15.9,15.9,0.));
#251 = VECTOR('',#252,1.);
#252 = DIRECTION('',(0.,0.,1.));
#253 = ORIENTED_EDGE('',*,*,#254,.F.);
#254 = EDGE_CURVE('',#238,#247,#255,.T.);
#255 = LINE('',#256,#257);
#256 = CARTESIAN_POINT('',(-15.9,8.1,0.));
#257 = VECTOR('',#258,1.);
#258 = DIRECTION('',(0.,1.,0.));
#259 = PLANE('',#260);
#260 = AXIS2_PLACEMENT_3D('',#261,#262,#263);
#261 = CARTESIAN_POINT('',(-15.9,-3.003501902368E-16,4.8));
#262 = DIRECTION('',(-1.,-0.,-0.));
#263 = DIRECTION('',(0.,0.,-1.));
#264 = ADVANCED_FACE('',(#265),#283,.F.);
#265 = FACE_BOUND('',#266,.F.);
#266 = EDGE_LOOP('',(#267,#275,#276,#277));
#267 = ORIENTED_EDGE('',*,*,#268,.F.);
#268 = EDGE_CURVE('',#238,#269,#271,.T.);
#269 = VERTEX_POINT('',#270);
#270 = CARTESIAN_POINT('',(15.9,-15.9,0.));
#271 = LINE('',#272,#273);
#272 = CARTESIAN_POINT('',(-15.9,-15.9,0.));
#273 = VECTOR('',#274,1.);
#274 = DIRECTION('',(1.,0.,0.));
#275 = ORIENTED_EDGE('',*,*,#237,.T.);
#276 = ORIENTED_EDGE('',*,*,#64,.T.);
#277 = ORIENTED_EDGE('',*,*,#278,.F.);
#278 = EDGE_CURVE('',#269,#65,#279,.T.);
#279 = LINE('',#280,#281);
#280 = CARTESIAN_POINT('',(15.9,-15.9,0.));
#281 = VECTOR('',#282,1.);
#282 = DIRECTION('',(0.,0.,1.));
#283 = PLANE('',#284);
#284 = AXIS2_PLACEMENT_3D('',#285,#286,#287);
#285 = CARTESIAN_POINT('',(-15.9,-15.9,0.));
#286 = DIRECTION('',(0.,1.,0.));
#287 = DIRECTION('',(0.,0.,1.));
#288 = ADVANCED_FACE('',(#289),#307,.T.);
#289 = FACE_BOUND('',#290,.T.);
#290 = EDGE_LOOP('',(#291,#299,#300,#301));
#291 = ORIENTED_EDGE('',*,*,#292,.F.);
#292 = EDGE_CURVE('',#247,#293,#295,.T.);
#293 = VERTEX_POINT('',#294);
#294 = CARTESIAN_POINT('',(-1.E-01,15.9,0.));
#295 = LINE('',#296,#297);
#296 = CARTESIAN_POINT('',(-15.9,15.9,0.));
#297 = VECTOR('',#298,1.);
#298 = DIRECTION('',(1.,0.,0.));
#299 = ORIENTED_EDGE('',*,*,#246,.T.);
#300 = ORIENTED_EDGE('',*,*,#96,.T.);
#301 = ORIENTED_EDGE('',*,*,#302,.F.);
#302 = EDGE_CURVE('',#293,#89,#303,.T.);
#303 = LINE('',#304,#305);
#304 = CARTESIAN_POINT('',(-1.E-01,15.9,0.));
#305 = VECTOR('',#306,1.);
#306 = DIRECTION('',(0.,0.,1.));
#307 = PLANE('',#308);
#308 = AXIS2_PLACEMENT_3D('',#309,#310,#311);
#309 = CARTESIAN_POINT('',(-15.9,15.9,0.));
#310 = DIRECTION('',(0.,1.,0.));
#311 = DIRECTION('',(0.,0.,1.));
#312 = ADVANCED_FACE('',(#313),#331,.T.);
#313 = FACE_BOUND('',#314,.T.);
#314 = EDGE_LOOP('',(#315,#316,#324,#330));
#315 = ORIENTED_EDGE('',*,*,#278,.F.);
#316 = ORIENTED_EDGE('',*,*,#317,.T.);
#317 = EDGE_CURVE('',#269,#318,#320,.T.);
#318 = VERTEX_POINT('',#319);
#319 = CARTESIAN_POINT('',(15.9,-8.1,0.));
#320 = LINE('',#321,#322);
#321 = CARTESIAN_POINT('',(15.9,-15.9,0.));
#322 = VECTOR('',#323,1.);
#323 = DIRECTION('',(0.,1.,0.));
#324 = ORIENTED_EDGE('',*,*,#325,.T.);
#325 = EDGE_CURVE('',#318,#73,#326,.T.);
#326 = LINE('',#327,#328);
#327 = CARTESIAN_POINT('',(15.9,-8.1,0.));
#328 = VECTOR('',#329,1.);
#329 = DIRECTION('',(0.,0.,1.));
#330 = ORIENTED_EDGE('',*,*,#72,.F.);
#331 = PLANE('',#332);
#332 = AXIS2_PLACEMENT_3D('',#333,#334,#335);
#333 = CARTESIAN_POINT('',(15.9,-15.9,0.));
#334 = DIRECTION('',(1.,0.,0.));
#335 = DIRECTION('',(0.,0.,1.));
#336 = ADVANCED_FACE('',(#337),#355,.T.);
#337 = FACE_BOUND('',#338,.T.);
#338 = EDGE_LOOP('',(#339,#347,#353,#354));
#339 = ORIENTED_EDGE('',*,*,#340,.F.);
#340 = EDGE_CURVE('',#341,#81,#343,.T.);
#341 = VERTEX_POINT('',#342);
#342 = CARTESIAN_POINT('',(-1.E-01,-8.1,0.));
#343 = LINE('',#344,#345);
#344 = CARTESIAN_POINT('',(-1.E-01,-8.1,0.));
#345 = VECTOR('',#346,1.);
#346 = DIRECTION('',(0.,0.,1.));
#347 = ORIENTED_EDGE('',*,*,#348,.T.);
#348 = EDGE_CURVE('',#341,#293,#349,.T.);
#349 = LINE('',#350,#351);
#350 = CARTESIAN_POINT('',(-1.E-01,8.1,0.));
#351 = VECTOR('',#352,1.);
#352 = DIRECTION('',(0.,1.,0.));
#353 = ORIENTED_EDGE('',*,*,#302,.T.);
#354 = ORIENTED_EDGE('',*,*,#88,.F.);
#355 = PLANE('',#356);
#356 = AXIS2_PLACEMENT_3D('',#357,#358,#359);
#357 = CARTESIAN_POINT('',(-1.E-01,3.9,4.8));
#358 = DIRECTION('',(1.,0.,0.));
#359 = DIRECTION('',(0.,0.,1.));
#360 = ADVANCED_FACE('',(#361),#372,.T.);
#361 = FACE_BOUND('',#362,.T.);
#362 = EDGE_LOOP('',(#363,#369,#370,#371));
#363 = ORIENTED_EDGE('',*,*,#364,.F.);
#364 = EDGE_CURVE('',#341,#318,#365,.T.);
#365 = LINE('',#366,#367);
#366 = CARTESIAN_POINT('',(-15.9,-8.1,0.));
#367 = VECTOR('',#368,1.);
#368 = DIRECTION('',(1.,0.,0.));
#369 = ORIENTED_EDGE('',*,*,#340,.T.);
#370 = ORIENTED_EDGE('',*,*,#80,.T.);
#371 = ORIENTED_EDGE('',*,*,#325,.F.);
#372 = PLANE('',#373);
#373 = AXIS2_PLACEMENT_3D('',#374,#375,#376);
#374 = CARTESIAN_POINT('',(-15.9,-8.1,0.));
#375 = DIRECTION('',(0.,1.,0.));
#376 = DIRECTION('',(0.,0.,1.));
#377 = ADVANCED_FACE('',(#378),#397,.T.);
#378 = FACE_BOUND('',#379,.F.);
#379 = EDGE_LOOP('',(#380,#388,#395,#396));
#380 = ORIENTED_EDGE('',*,*,#381,.T.);
#381 = EDGE_CURVE('',#108,#382,#384,.T.);
#382 = VERTEX_POINT('',#383);
#383 = CARTESIAN_POINT('',(-1.6,-12.,11.15));
#384 = LINE('',#385,#386);
#385 = CARTESIAN_POINT('',(-1.6,-12.,9.6));
#386 = VECTOR('',#387,1.);
#387 = DIRECTION('',(0.,0.,1.));
#388 = ORIENTED_EDGE('',*,*,#389,.T.);
#389 = EDGE_CURVE('',#382,#382,#390,.T.);
#390 = CIRCLE('',#391,2.4);
#391 = AXIS2_PLACEMENT_3D('',#392,#393,#394);
#392 = CARTESIAN_POINT('',(-4.,-12.,11.15));
#393 = DIRECTION('',(0.,0.,1.));
#394 = DIRECTION('',(1.,0.,0.));
#395 = ORIENTED_EDGE('',*,*,#381,.F.);
#396 = ORIENTED_EDGE('',*,*,#107,.F.);
#397 = CYLINDRICAL_SURFACE('',#398,2.4);
#398 = AXIS2_PLACEMENT_3D('',#399,#400,#401);
#399 = CARTESIAN_POINT('',(-4.,-12.,9.6));
#400 = DIRECTION('',(-0.,-0.,-1.));
#401 = DIRECTION('',(1.,0.,0.));
#402 = ADVANCED_FACE('',(#403),#422,.T.);
#403 = FACE_BOUND('',#404,.F.);
#404 = EDGE_LOOP('',(#405,#413,#420,#421));
#405 = ORIENTED_EDGE('',*,*,#406,.T.);
#406 = EDGE_CURVE('',#119,#407,#409,.T.);
#407 = VERTEX_POINT('',#408);
#408 = CARTESIAN_POINT('',(-9.6,-4.,11.15));
#409 = LINE('',#410,#411);
#410 = CARTESIAN_POINT('',(-9.6,-4.,9.6));
#411 = VECTOR('',#412,1.);
#412 = DIRECTION('',(0.,0.,1.));
#413 = ORIENTED_EDGE('',*,*,#414,.T.);
#414 = EDGE_CURVE('',#407,#407,#415,.T.);
#415 = CIRCLE('',#416,2.4);
#416 = AXIS2_PLACEMENT_3D('',#417,#418,#419);
#417 = CARTESIAN_POINT('',(-12.,-4.,11.15));
#418 = DIRECTION('',(0.,0.,1.));
#419 = DIRECTION('',(1.,0.,0.));
#420 = ORIENTED_EDGE('',*,*,#406,.F.);
#421 = ORIENTED_EDGE('',*,*,#118,.F.);
#422 = CYLINDRICAL_SURFACE('',#423,2.4);
#423 = AXIS2_PLACEMENT_3D('',#424,#425,#426);
#424 = CARTESIAN_POINT('',(-12.,-4.,9.6));
#425 = DIRECTION('',(-0.,-0.,-1.));
#426 = DIRECTION('',(1.,0.,0.));
#427 = ADVANCED_FACE('',(#428),#447,.T.);
#428 = FACE_BOUND('',#429,.F.);
#429 = EDGE_LOOP('',(#430,#438,#445,#446));
#430 = ORIENTED_EDGE('',*,*,#431,.T.);
#431 = EDGE_CURVE('',#130,#432,#434,.T.);
#432 = VERTEX_POINT('',#433);
#433 = CARTESIAN_POINT('',(-1.6,-4.,11.15));
#434 = LINE('',#435,#436);
#435 = CARTESIAN_POINT('',(-1.6,-4.,9.6));
#436 = VECTOR('',#437,1.);
#437 = DIRECTION('',(0.,0.,1.));
#438 = ORIENTED_EDGE('',*,*,#439,.T.);
#439 = EDGE_CURVE('',#432,#432,#440,.T.);
#440 = CIRCLE('',#441,2.4);
#441 = AXIS2_PLACEMENT_3D('',#442,#443,#444);
#442 = CARTESIAN_POINT('',(-4.,-4.,11.15));
#443 = DIRECTION('',(0.,0.,1.));
#444 = DIRECTION('',(1.,0.,0.));
#445 = ORIENTED_EDGE('',*,*,#431,.F.);
#446 = ORIENTED_EDGE('',*,*,#129,.F.);
#447 = CYLINDRICAL_SURFACE('',#448,2.4);
#448 = AXIS2_PLACEMENT_3D('',#449,#450,#451);
#449 = CARTESIAN_POINT('',(-4.,-4.,9.6));
#450 = DIRECTION('',(-0.,-0.,-1.));
#451 = DIRECTION('',(1.,0.,0.));
#452 = ADVANCED_FACE('',(#453),#472,.T.);
#453 = FACE_BOUND('',#454,.F.);
#454 = EDGE_LOOP('',(#455,#463,#470,#471));
#455 = ORIENTED_EDGE('',*,*,#456,.T.);
#456 = EDGE_CURVE('',#141,#457,#459,.T.);
#457 = VERTEX_POINT('',#458);
#458 = CARTESIAN_POINT('',(6.4,-12.,11.15));
#459 = LINE('',#460,#461);
#460 = CARTESIAN_POINT('',(6.4,-12.,9.6));
#461 = VECTOR('',#462,1.);
#462 = DIRECTION('',(0.,0.,1.));
#463 = ORIENTED_EDGE('',*,*,#464,.T.);
#464 = EDGE_CURVE('',#457,#457,#465,.T.);
#465 = CIRCLE('',#466,2.4);
#466 = AXIS2_PLACEMENT_3D('',#467,#468,#469);
#467 = CARTESIAN_POINT('',(4.,-12.,11.15));
#468 = DIRECTION('',(0.,0.,1.));
#469 = DIRECTION('',(1.,0.,0.));
#470 = ORIENTED_EDGE('',*,*,#456,.F.);
#471 = ORIENTED_EDGE('',*,*,#140,.F.);
#472 = CYLINDRICAL_SURFACE('',#473,2.4);
#473 = AXIS2_PLACEMENT_3D('',#474,#475,#476);
#474 = CARTESIAN_POINT('',(4.,-12.,9.6));
#475 = DIRECTION('',(-0.,-0.,-1.));
#476 = DIRECTION('',(1.,0.,0.));
#477 = ADVANCED_FACE('',(#478),#497,.T.);
#478 = FACE_BOUND('',#479,.F.);
#479 = EDGE_LOOP('',(#480,#488,#495,#496));
#480 = ORIENTED_EDGE('',*,*,#481,.T.);
#481 = EDGE_CURVE('',#152,#482,#484,.T.);
#482 = VERTEX_POINT('',#483);
#483 = CARTESIAN_POINT('',(14.4,-12.,11.15));
#484 = LINE('',#485,#486);
#485 = CARTESIAN_POINT('',(14.4,-12.,9.6));
#486 = VECTOR('',#487,1.);
#487 = DIRECTION('',(0.,0.,1.));
#488 = ORIENTED_EDGE('',*,*,#489,.T.);
#489 = EDGE_CURVE('',#482,#482,#490,.T.);
#490 = CIRCLE('',#491,2.4);
#491 = AXIS2_PLACEMENT_3D('',#492,#493,#494);
#492 = CARTESIAN_POINT('',(12.,-12.,11.15));
#493 = DIRECTION('',(0.,0.,1.));
#494 = DIRECTION('',(1.,0.,0.));
#495 = ORIENTED_EDGE('',*,*,#481,.F.);
#496 = ORIENTED_EDGE('',*,*,#151,.F.);
#497 = CYLINDRICAL_SURFACE('',#498,2.4);
#498 = AXIS2_PLACEMENT_3D('',#499,#500,#501);
#499 = CARTESIAN_POINT('',(12.,-12.,9.6));
#500 = DIRECTION('',(-0.,-0.,-1.));
#501 = DIRECTION('',(1.,0.,0.));
#502 = ADVANCED_FACE('',(#503),#522,.T.);
#503 = FACE_BOUND('',#504,.F.);
#504 = EDGE_LOOP('',(#505,#513,#520,#521));
#505 = ORIENTED_EDGE('',*,*,#506,.T.);
#506 = EDGE_CURVE('',#163,#507,#509,.T.);
#507 = VERTEX_POINT('',#508);
#508 = CARTESIAN_POINT('',(-9.6,4.,11.15));
#509 = LINE('',#510,#511);
#510 = CARTESIAN_POINT('',(-9.6,4.,9.6));
#511 = VECTOR('',#512,1.);
#512 = DIRECTION('',(0.,0.,1.));
#513 = ORIENTED_EDGE('',*,*,#514,.T.);
#514 = EDGE_CURVE('',#507,#507,#515,.T.);
#515 = CIRCLE('',#516,2.4);
#516 = AXIS2_PLACEMENT_3D('',#517,#518,#519);
#517 = CARTESIAN_POINT('',(-12.,4.,11.15));
#518 = DIRECTION('',(0.,0.,1.));
#519 = DIRECTION('',(1.,0.,0.));
#520 = ORIENTED_EDGE('',*,*,#506,.F.);
#521 = ORIENTED_EDGE('',*,*,#162,.F.);
#522 = CYLINDRICAL_SURFACE('',#523,2.4);
#523 = AXIS2_PLACEMENT_3D('',#524,#525,#526);
#524 = CARTESIAN_POINT('',(-12.,4.,9.6));
#525 = DIRECTION('',(-0.,-0.,-1.));
#526 = DIRECTION('',(1.,0.,0.));
#527 = ADVANCED_FACE('',(#528),#547,.T.);
#528 = FACE_BOUND('',#529,.F.);
#529 = EDGE_LOOP('',(#530,#538,#545,#546));
#530 = ORIENTED_EDGE('',*,*,#531,.T.);
#531 = EDGE_CURVE('',#174,#532,#534,.T.);
#532 = VERTEX_POINT('',#533);
#533 = CARTESIAN_POINT('',(-1.6,4.,11.15));
#534 = LINE('',#535,#536);
#535 = CARTESIAN_POINT('',(-1.6,4.,9.6));
#536 = VECTOR('',#537,1.);
#537 = DIRECTION('',(0.,0.,1.));
#538 = ORIENTED_EDGE('',*,*,#539,.T.);
#539 = EDGE_CURVE('',#532,#532,#540,.T.);
#540 = CIRCLE('',#541,2.4);
#541 = AXIS2_PLACEMENT_3D('',#542,#543,#544);
#542 = CARTESIAN_POINT('',(-4.,4.,11.15));
#543 = DIRECTION('',(0.,0.,1.));
#544 = DIRECTION('',(1.,0.,0.));
#545 = ORIENTED_EDGE('',*,*,#531,.F.);
#546 = ORIENTED_EDGE('',*,*,#173,.F.);
#547 = CYLINDRICAL_SURFACE('',#548,2.4);
#548 = AXIS2_PLACEMENT_3D('',#549,#550,#551);
#549 = CARTESIAN_POINT('',(-4.,4.,9.6));
#550 = DIRECTION('',(-0.,-0.,-1.));
#551 = DIRECTION('',(1.,0.,0.));
#552 = ADVANCED_FACE('',(#553),#572,.T.);
#553 = FACE_BOUND('',#554,.F.);
#554 = EDGE_LOOP('',(#555,#563,#570,#571));
#555 = ORIENTED_EDGE('',*,*,#556,.T.);
#556 = EDGE_CURVE('',#185,#557,#559,.T.);
#557 = VERTEX_POINT('',#558);
#558 = CARTESIAN_POINT('',(-9.6,12.,11.15));
#559 = LINE('',#560,#561);
#560 = CARTESIAN_POINT('',(-9.6,12.,9.6));
#561 = VECTOR('',#562,1.);
#562 = DIRECTION('',(0.,0.,1.));
#563 = ORIENTED_EDGE('',*,*,#564,.T.);
#564 = EDGE_CURVE('',#557,#557,#565,.T.);
#565 = CIRCLE('',#566,2.4);
#566 = AXIS2_PLACEMENT_3D('',#567,#568,#569);
#567 = CARTESIAN_POINT('',(-12.,12.,11.15));
#568 = DIRECTION('',(0.,0.,1.));
#569 = DIRECTION('',(1.,0.,0.));
#570 = ORIENTED_EDGE('',*,*,#556,.F.);
#571 = ORIENTED_EDGE('',*,*,#184,.F.);
#572 = CYLINDRICAL_SURFACE('',#573,2.4);
#573 = AXIS2_PLACEMENT_3D('',#574,#575,#576);
#574 = CARTESIAN_POINT('',(-12.,12.,9.6));
#575 = DIRECTION('',(-0.,-0.,-1.));
#576 = DIRECTION('',(1.,0.,0.));
#577 = ADVANCED_FACE('',(#578),#597,.T.);
#578 = FACE_BOUND('',#579,.F.);
#579 = EDGE_LOOP('',(#580,#588,#595,#596));
#580 = ORIENTED_EDGE('',*,*,#581,.T.);
#581 = EDGE_CURVE('',#196,#582,#584,.T.);
#582 = VERTEX_POINT('',#583);
#583 = CARTESIAN_POINT('',(-1.6,12.,11.15));
#584 = LINE('',#585,#586);
#585 = CARTESIAN_POINT('',(-1.6,12.,9.6));
#586 = VECTOR('',#587,1.);
#587 = DIRECTION('',(0.,0.,1.));
#588 = ORIENTED_EDGE('',*,*,#589,.T.);
#589 = EDGE_CURVE('',#582,#582,#590,.T.);
#590 = CIRCLE('',#591,2.4);
#591 = AXIS2_PLACEMENT_3D('',#592,#593,#594);
#592 = CARTESIAN_POINT('',(-4.,12.,11.15));
#593 = DIRECTION('',(0.,0.,1.));
#594 = DIRECTION('',(1.,0.,0.));
#595 = ORIENTED_EDGE('',*,*,#581,.F.);
#596 = ORIENTED_EDGE('',*,*,#195,.F.);
#597 = CYLINDRICAL_SURFACE('',#598,2.4);
#598 = AXIS2_PLACEMENT_3D('',#599,#600,#601);
#599 = CARTESIAN_POINT('',(-4.,12.,9.6));
#600 = DIRECTION('',(-0.,-0.,-1.));
#601 = DIRECTION('',(1.,0.,0.));
#602 = ADVANCED_FACE('',(#603),#606,.T.);
#603 = FACE_BOUND('',#604,.T.);
#604 = EDGE_LOOP('',(#605));
#605 = ORIENTED_EDGE('',*,*,#212,.T.);
#606 = PLANE('',#607);
#607 = AXIS2_PLACEMENT_3D('',#608,#609,#610);
#608 = CARTESIAN_POINT('',(-12.,-12.,11.4));
#609 = DIRECTION('',(0.,0.,1.));
#610 = DIRECTION('',(1.,0.,0.));
#611 = ADVANCED_FACE('',(#612,#620),#758,.T.);
#612 = FACE_BOUND('',#613,.T.);
#613 = EDGE_LOOP('',(#614,#615,#616,#617,#618,#619));
#614 = ORIENTED_EDGE('',*,*,#254,.T.);
#615 = ORIENTED_EDGE('',*,*,#292,.T.);
#616 = ORIENTED_EDGE('',*,*,#348,.F.);
#617 = ORIENTED_EDGE('',*,*,#364,.T.);
#618 = ORIENTED_EDGE('',*,*,#317,.F.);
#619 = ORIENTED_EDGE('',*,*,#268,.F.);
#620 = FACE_BOUND('',#621,.T.);
#621 = EDGE_LOOP('',(#622,#632,#640,#648,#656,#664,#672,#680,#688,#696,
    #704,#712,#720,#728,#736,#744,#752));
#622 = ORIENTED_EDGE('',*,*,#623,.F.);
#623 = EDGE_CURVE('',#624,#626,#628,.T.);
#624 = VERTEX_POINT('',#625);
#625 = CARTESIAN_POINT('',(-14.64,-14.64,0.));
#626 = VERTEX_POINT('',#627);
#627 = CARTESIAN_POINT('',(-14.64,-9.36,0.));
#628 = LINE('',#629,#630);
#629 = CARTESIAN_POINT('',(-14.64,-14.64,0.));
#630 = VECTOR('',#631,1.);
#631 = DIRECTION('',(0.,1.,0.));
#632 = ORIENTED_EDGE('',*,*,#633,.T.);
#633 = EDGE_CURVE('',#624,#634,#636,.T.);
#634 = VERTEX_POINT('',#635);
#635 = CARTESIAN_POINT('',(14.64,-14.64,0.));
#636 = LINE('',#637,#638);
#637 = CARTESIAN_POINT('',(-14.64,-14.64,0.));
#638 = VECTOR('',#639,1.);
#639 = DIRECTION('',(1.,0.,0.));
#640 = ORIENTED_EDGE('',*,*,#641,.T.);
#641 = EDGE_CURVE('',#634,#642,#644,.T.);
#642 = VERTEX_POINT('',#643);
#643 = CARTESIAN_POINT('',(14.64,-9.36,0.));
#644 = LINE('',#645,#646);
#645 = CARTESIAN_POINT('',(14.64,-14.64,0.));
#646 = VECTOR('',#647,1.);
#647 = DIRECTION('',(0.,1.,0.));
#648 = ORIENTED_EDGE('',*,*,#649,.F.);
#649 = EDGE_CURVE('',#650,#642,#652,.T.);
#650 = VERTEX_POINT('',#651);
#651 = CARTESIAN_POINT('',(-1.36,-9.36,0.));
#652 = LINE('',#653,#654);
#653 = CARTESIAN_POINT('',(-14.64,-9.36,0.));
#654 = VECTOR('',#655,1.);
#655 = DIRECTION('',(1.,0.,0.));
#656 = ORIENTED_EDGE('',*,*,#657,.T.);
#657 = EDGE_CURVE('',#650,#658,#660,.T.);
#658 = VERTEX_POINT('',#659);
#659 = CARTESIAN_POINT('',(-1.36,-6.64,0.));
#660 = LINE('',#661,#662);
#661 = CARTESIAN_POINT('',(-1.36,-9.36,0.));
#662 = VECTOR('',#663,1.);
#663 = DIRECTION('',(0.,1.,0.));
#664 = ORIENTED_EDGE('',*,*,#665,.T.);
#665 = EDGE_CURVE('',#658,#666,#668,.T.);
#666 = VERTEX_POINT('',#667);
#667 = CARTESIAN_POINT('',(-1.36,-1.36,0.));
#668 = LINE('',#669,#670);
#669 = CARTESIAN_POINT('',(-1.36,-6.64,0.));
#670 = VECTOR('',#671,1.);
#671 = DIRECTION('',(0.,1.,0.));
#672 = ORIENTED_EDGE('',*,*,#673,.T.);
#673 = EDGE_CURVE('',#666,#674,#676,.T.);
#674 = VERTEX_POINT('',#675);
#675 = CARTESIAN_POINT('',(-1.36,1.36,0.));
#676 = LINE('',#677,#678);
#677 = CARTESIAN_POINT('',(-1.36,-1.36,0.));
#678 = VECTOR('',#679,1.);
#679 = DIRECTION('',(0.,1.,0.));
#680 = ORIENTED_EDGE('',*,*,#681,.T.);
#681 = EDGE_CURVE('',#674,#682,#684,.T.);
#682 = VERTEX_POINT('',#683);
#683 = CARTESIAN_POINT('',(-1.36,6.64,0.));
#684 = LINE('',#685,#686);
#685 = CARTESIAN_POINT('',(-1.36,1.36,0.));
#686 = VECTOR('',#687,1.);
#687 = DIRECTION('',(0.,1.,0.));
#688 = ORIENTED_EDGE('',*,*,#689,.T.);
#689 = EDGE_CURVE('',#682,#690,#692,.T.);
#690 = VERTEX_POINT('',#691);
#691 = CARTESIAN_POINT('',(-1.36,9.36,0.));
#692 = LINE('',#693,#694);
#693 = CARTESIAN_POINT('',(-1.36,6.64,0.));
#694 = VECTOR('',#695,1.);
#695 = DIRECTION('',(0.,1.,0.));
#696 = ORIENTED_EDGE('',*,*,#697,.T.);
#697 = EDGE_CURVE('',#690,#698,#700,.T.);
#698 = VERTEX_POINT('',#699);
#699 = CARTESIAN_POINT('',(-1.36,14.64,0.));
#700 = LINE('',#701,#702);
#701 = CARTESIAN_POINT('',(-1.36,9.36,0.));
#702 = VECTOR('',#703,1.);
#703 = DIRECTION('',(0.,1.,0.));
#704 = ORIENTED_EDGE('',*,*,#705,.F.);
#705 = EDGE_CURVE('',#706,#698,#708,.T.);
#706 = VERTEX_POINT('',#707);
#707 = CARTESIAN_POINT('',(-14.64,14.64,0.));
#708 = LINE('',#709,#710);
#709 = CARTESIAN_POINT('',(-14.64,14.64,0.));
#710 = VECTOR('',#711,1.);
#711 = DIRECTION('',(1.,0.,0.));
#712 = ORIENTED_EDGE('',*,*,#713,.F.);
#713 = EDGE_CURVE('',#714,#706,#716,.T.);
#714 = VERTEX_POINT('',#715);
#715 = CARTESIAN_POINT('',(-14.64,9.36,0.));
#716 = LINE('',#717,#718);
#717 = CARTESIAN_POINT('',(-14.64,9.36,0.));
#718 = VECTOR('',#719,1.);
#719 = DIRECTION('',(0.,1.,0.));
#720 = ORIENTED_EDGE('',*,*,#721,.F.);
#721 = EDGE_CURVE('',#722,#714,#724,.T.);
#722 = VERTEX_POINT('',#723);
#723 = CARTESIAN_POINT('',(-14.64,6.64,0.));
#724 = LINE('',#725,#726);
#725 = CARTESIAN_POINT('',(-14.64,6.64,0.));
#726 = VECTOR('',#727,1.);
#727 = DIRECTION('',(0.,1.,0.));
#728 = ORIENTED_EDGE('',*,*,#729,.F.);
#729 = EDGE_CURVE('',#730,#722,#732,.T.);
#730 = VERTEX_POINT('',#731);
#731 = CARTESIAN_POINT('',(-14.64,1.36,0.));
#732 = LINE('',#733,#734);
#733 = CARTESIAN_POINT('',(-14.64,1.36,0.));
#734 = VECTOR('',#735,1.);
#735 = DIRECTION('',(0.,1.,0.));
#736 = ORIENTED_EDGE('',*,*,#737,.F.);
#737 = EDGE_CURVE('',#738,#730,#740,.T.);
#738 = VERTEX_POINT('',#739);
#739 = CARTESIAN_POINT('',(-14.64,-1.36,0.));
#740 = LINE('',#741,#742);
#741 = CARTESIAN_POINT('',(-14.64,-1.36,0.));
#742 = VECTOR('',#743,1.);
#743 = DIRECTION('',(0.,1.,0.));
#744 = ORIENTED_EDGE('',*,*,#745,.F.);
#745 = EDGE_CURVE('',#746,#738,#748,.T.);
#746 = VERTEX_POINT('',#747);
#747 = CARTESIAN_POINT('',(-14.64,-6.64,0.));
#748 = LINE('',#749,#750);
#749 = CARTESIAN_POINT('',(-14.64,-6.64,0.));
#750 = VECTOR('',#751,1.);
#751 = DIRECTION('',(0.,1.,0.));
#752 = ORIENTED_EDGE('',*,*,#753,.F.);
#753 = EDGE_CURVE('',#626,#746,#754,.T.);
#754 = LINE('',#755,#756);
#755 = CARTESIAN_POINT('',(-14.64,-9.36,0.));
#756 = VECTOR('',#757,1.);
#757 = DIRECTION('',(0.,1.,0.));
#758 = PLANE('',#759);
#759 = AXIS2_PLACEMENT_3D('',#760,#761,#762);
#760 = CARTESIAN_POINT('',(-3.018867924528,-3.018867924528,0.));
#761 = DIRECTION('',(-0.,-0.,-1.));
#762 = DIRECTION('',(-1.,0.,0.));
#763 = ADVANCED_FACE('',(#764),#783,.T.);
#764 = FACE_BOUND('',#765,.T.);
#765 = EDGE_LOOP('',(#766,#775,#781,#782));
#766 = ORIENTED_EDGE('',*,*,#767,.F.);
#767 = EDGE_CURVE('',#768,#768,#770,.T.);
#768 = VERTEX_POINT('',#769);
#769 = CARTESIAN_POINT('',(-1.85,-12.,11.4));
#770 = CIRCLE('',#771,2.15);
#771 = AXIS2_PLACEMENT_3D('',#772,#773,#774);
#772 = CARTESIAN_POINT('',(-4.,-12.,11.4));
#773 = DIRECTION('',(0.,0.,1.));
#774 = DIRECTION('',(1.,0.,0.));
#775 = ORIENTED_EDGE('',*,*,#776,.F.);
#776 = EDGE_CURVE('',#382,#768,#777,.T.);
#777 = LINE('',#778,#779);
#778 = CARTESIAN_POINT('',(-1.6,-12.,11.15));
#779 = VECTOR('',#780,1.);
#780 = DIRECTION('',(-0.707106781187,1.731912112471E-16,0.707106781187)
  );
#781 = ORIENTED_EDGE('',*,*,#389,.T.);
#782 = ORIENTED_EDGE('',*,*,#776,.T.);
#783 = CONICAL_SURFACE('',#784,2.4,0.785398163397);
#784 = AXIS2_PLACEMENT_3D('',#785,#786,#787);
#785 = CARTESIAN_POINT('',(-4.,-12.,11.15));
#786 = DIRECTION('',(-0.,-0.,-1.));
#787 = DIRECTION('',(1.,0.,0.));
#788 = ADVANCED_FACE('',(#789),#808,.T.);
#789 = FACE_BOUND('',#790,.T.);
#790 = EDGE_LOOP('',(#791,#800,#806,#807));
#791 = ORIENTED_EDGE('',*,*,#792,.F.);
#792 = EDGE_CURVE('',#793,#793,#795,.T.);
#793 = VERTEX_POINT('',#794);
#794 = CARTESIAN_POINT('',(-9.85,-4.,11.4));
#795 = CIRCLE('',#796,2.15);
#796 = AXIS2_PLACEMENT_3D('',#797,#798,#799);
#797 = CARTESIAN_POINT('',(-12.,-4.,11.4));
#798 = DIRECTION('',(0.,0.,1.));
#799 = DIRECTION('',(1.,0.,0.));
#800 = ORIENTED_EDGE('',*,*,#801,.F.);
#801 = EDGE_CURVE('',#407,#793,#802,.T.);
#802 = LINE('',#803,#804);
#803 = CARTESIAN_POINT('',(-9.6,-4.,11.15));
#804 = VECTOR('',#805,1.);
#805 = DIRECTION('',(-0.707106781187,1.731912112471E-16,0.707106781187)
  );
#806 = ORIENTED_EDGE('',*,*,#414,.T.);
#807 = ORIENTED_EDGE('',*,*,#801,.T.);
#808 = CONICAL_SURFACE('',#809,2.4,0.785398163397);
#809 = AXIS2_PLACEMENT_3D('',#810,#811,#812);
#810 = CARTESIAN_POINT('',(-12.,-4.,11.15));
#811 = DIRECTION('',(-0.,-0.,-1.));
#812 = DIRECTION('',(1.,0.,0.));
#813 = ADVANCED_FACE('',(#814),#833,.T.);
#814 = FACE_BOUND('',#815,.T.);
#815 = EDGE_LOOP('',(#816,#825,#831,#832));
#816 = ORIENTED_EDGE('',*,*,#817,.F.);
#817 = EDGE_CURVE('',#818,#818,#820,.T.);
#818 = VERTEX_POINT('',#819);
#819 = CARTESIAN_POINT('',(-1.85,-4.,11.4));
#820 = CIRCLE('',#821,2.15);
#821 = AXIS2_PLACEMENT_3D('',#822,#823,#824);
#822 = CARTESIAN_POINT('',(-4.,-4.,11.4));
#823 = DIRECTION('',(0.,0.,1.));
#824 = DIRECTION('',(1.,0.,0.));
#825 = ORIENTED_EDGE('',*,*,#826,.F.);
#826 = EDGE_CURVE('',#432,#818,#827,.T.);
#827 = LINE('',#828,#829);
#828 = CARTESIAN_POINT('',(-1.6,-4.,11.15));
#829 = VECTOR('',#830,1.);
#830 = DIRECTION('',(-0.707106781187,1.731912112471E-16,0.707106781187)
  );
#831 = ORIENTED_EDGE('',*,*,#439,.T.);
#832 = ORIENTED_EDGE('',*,*,#826,.T.);
#833 = CONICAL_SURFACE('',#834,2.4,0.785398163397);
#834 = AXIS2_PLACEMENT_3D('',#835,#836,#837);
#835 = CARTESIAN_POINT('',(-4.,-4.,11.15));
#836 = DIRECTION('',(-0.,-0.,-1.));
#837 = DIRECTION('',(1.,0.,0.));
#838 = ADVANCED_FACE('',(#839),#858,.T.);
#839 = FACE_BOUND('',#840,.T.);
#840 = EDGE_LOOP('',(#841,#850,#856,#857));
#841 = ORIENTED_EDGE('',*,*,#842,.F.);
#842 = EDGE_CURVE('',#843,#843,#845,.T.);
#843 = VERTEX_POINT('',#844);
#844 = CARTESIAN_POINT('',(6.15,-12.,11.4));
#845 = CIRCLE('',#846,2.15);
#846 = AXIS2_PLACEMENT_3D('',#847,#848,#849);
#847 = CARTESIAN_POINT('',(4.,-12.,11.4));
#848 = DIRECTION('',(0.,0.,1.));
#849 = DIRECTION('',(1.,0.,0.));
#850 = ORIENTED_EDGE('',*,*,#851,.F.);
#851 = EDGE_CURVE('',#457,#843,#852,.T.);
#852 = LINE('',#853,#854);
#853 = CARTESIAN_POINT('',(6.4,-12.,11.15));
#854 = VECTOR('',#855,1.);
#855 = DIRECTION('',(-0.707106781187,1.731912112471E-16,0.707106781187)
  );
#856 = ORIENTED_EDGE('',*,*,#464,.T.);
#857 = ORIENTED_EDGE('',*,*,#851,.T.);
#858 = CONICAL_SURFACE('',#859,2.4,0.785398163397);
#859 = AXIS2_PLACEMENT_3D('',#860,#861,#862);
#860 = CARTESIAN_POINT('',(4.,-12.,11.15));
#861 = DIRECTION('',(-0.,-0.,-1.));
#862 = DIRECTION('',(1.,0.,0.));
#863 = ADVANCED_FACE('',(#864),#883,.T.);
#864 = FACE_BOUND('',#865,.T.);
#865 = EDGE_LOOP('',(#866,#875,#881,#882));
#866 = ORIENTED_EDGE('',*,*,#867,.F.);
#867 = EDGE_CURVE('',#868,#868,#870,.T.);
#868 = VERTEX_POINT('',#869);
#869 = CARTESIAN_POINT('',(14.15,-12.,11.4));
#870 = CIRCLE('',#871,2.15);
#871 = AXIS2_PLACEMENT_3D('',#872,#873,#874);
#872 = CARTESIAN_POINT('',(12.,-12.,11.4));
#873 = DIRECTION('',(0.,0.,1.));
#874 = DIRECTION('',(1.,0.,0.));
#875 = ORIENTED_EDGE('',*,*,#876,.F.);
#876 = EDGE_CURVE('',#482,#868,#877,.T.);
#877 = LINE('',#878,#879);
#878 = CARTESIAN_POINT('',(14.4,-12.,11.15));
#879 = VECTOR('',#880,1.);
#880 = DIRECTION('',(-0.707106781187,1.731912112471E-16,0.707106781187)
  );
#881 = ORIENTED_EDGE('',*,*,#489,.T.);
#882 = ORIENTED_EDGE('',*,*,#876,.T.);
#883 = CONICAL_SURFACE('',#884,2.4,0.785398163397);
#884 = AXIS2_PLACEMENT_3D('',#885,#886,#887);
#885 = CARTESIAN_POINT('',(12.,-12.,11.15));
#886 = DIRECTION('',(-0.,-0.,-1.));
#887 = DIRECTION('',(1.,0.,0.));
#888 = ADVANCED_FACE('',(#889),#908,.T.);
#889 = FACE_BOUND('',#890,.T.);
#890 = EDGE_LOOP('',(#891,#900,#906,#907));
#891 = ORIENTED_EDGE('',*,*,#892,.F.);
#892 = EDGE_CURVE('',#893,#893,#895,.T.);
#893 = VERTEX_POINT('',#894);
#894 = CARTESIAN_POINT('',(-9.85,4.,11.4));
#895 = CIRCLE('',#896,2.15);
#896 = AXIS2_PLACEMENT_3D('',#897,#898,#899);
#897 = CARTESIAN_POINT('',(-12.,4.,11.4));
#898 = DIRECTION('',(0.,0.,1.));
#899 = DIRECTION('',(1.,0.,0.));
#900 = ORIENTED_EDGE('',*,*,#901,.F.);
#901 = EDGE_CURVE('',#507,#893,#902,.T.);
#902 = LINE('',#903,#904);
#903 = CARTESIAN_POINT('',(-9.6,4.,11.15));
#904 = VECTOR('',#905,1.);
#905 = DIRECTION('',(-0.707106781187,1.731912112471E-16,0.707106781187)
  );
#906 = ORIENTED_EDGE('',*,*,#514,.T.);
#907 = ORIENTED_EDGE('',*,*,#901,.T.);
#908 = CONICAL_SURFACE('',#909,2.4,0.785398163397);
#909 = AXIS2_PLACEMENT_3D('',#910,#911,#912);
#910 = CARTESIAN_POINT('',(-12.,4.,11.15));
#911 = DIRECTION('',(-0.,-0.,-1.));
#912 = DIRECTION('',(1.,0.,0.));
#913 = ADVANCED_FACE('',(#914),#933,.T.);
#914 = FACE_BOUND('',#915,.T.);
#915 = EDGE_LOOP('',(#916,#925,#931,#932));
#916 = ORIENTED_EDGE('',*,*,#917,.F.);
#917 = EDGE_CURVE('',#918,#918,#920,.T.);
#918 = VERTEX_POINT('',#919);
#919 = CARTESIAN_POINT('',(-1.85,4.,11.4));
#920 = CIRCLE('',#921,2.15);
#921 = AXIS2_PLACEMENT_3D('',#922,#923,#924);
#922 = CARTESIAN_POINT('',(-4.,4.,11.4));
#923 = DIRECTION('',(0.,0.,1.));
#924 = DIRECTION('',(1.,0.,0.));
#925 = ORIENTED_EDGE('',*,*,#926,.F.);
#926 = EDGE_CURVE('',#532,#918,#927,.T.);
#927 = LINE('',#928,#929);
#928 = CARTESIAN_POINT('',(-1.6,4.,11.15));
#929 = VECTOR('',#930,1.);
#930 = DIRECTION('',(-0.707106781187,1.731912112471E-16,0.707106781187)
  );
#931 = ORIENTED_EDGE('',*,*,#539,.T.);
#932 = ORIENTED_EDGE('',*,*,#926,.T.);
#933 = CONICAL_SURFACE('',#934,2.4,0.785398163397);
#934 = AXIS2_PLACEMENT_3D('',#935,#936,#937);
#935 = CARTESIAN_POINT('',(-4.,4.,11.15));
#936 = DIRECTION('',(-0.,-0.,-1.));
#937 = DIRECTION('',(1.,0.,0.));
#938 = ADVANCED_FACE('',(#939),#958,.T.);
#939 = FACE_BOUND('',#940,.T.);
#940 = EDGE_LOOP('',(#941,#950,#956,#957));
#941 = ORIENTED_EDGE('',*,*,#942,.F.);
#942 = EDGE_CURVE('',#943,#943,#945,.T.);
#943 = VERTEX_POINT('',#944);
#944 = CARTESIAN_POINT('',(-9.85,12.,11.4));
#945 = CIRCLE('',#946,2.15);
#946 = AXIS2_PLACEMENT_3D('',#947,#948,#949);
#947 = CARTESIAN_POINT('',(-12.,12.,11.4));
#948 = DIRECTION('',(0.,0.,1.));
#949 = DIRECTION('',(1.,0.,0.));
#950 = ORIENTED_EDGE('',*,*,#951,.F.);
#951 = EDGE_CURVE('',#557,#943,#952,.T.);
#952 = LINE('',#953,#954);
#953 = CARTESIAN_POINT('',(-9.6,12.,11.15));
#954 = VECTOR('',#955,1.);
#955 = DIRECTION('',(-0.707106781187,1.731912112471E-16,0.707106781187)
  );
#956 = ORIENTED_EDGE('',*,*,#564,.T.);
#957 = ORIENTED_EDGE('',*,*,#951,.T.);
#958 = CONICAL_SURFACE('',#959,2.4,0.785398163397);
#959 = AXIS2_PLACEMENT_3D('',#960,#961,#962);
#960 = CARTESIAN_POINT('',(-12.,12.,11.15));
#961 = DIRECTION('',(-0.,-0.,-1.));
#962 = DIRECTION('',(1.,0.,0.));
#963 = ADVANCED_FACE('',(#964),#983,.T.);
#964 = FACE_BOUND('',#965,.T.);
#965 = EDGE_LOOP('',(#966,#975,#981,#982));
#966 = ORIENTED_EDGE('',*,*,#967,.F.);
#967 = EDGE_CURVE('',#968,#968,#970,.T.);
#968 = VERTEX_POINT('',#969);
#969 = CARTESIAN_POINT('',(-1.85,12.,11.4));
#970 = CIRCLE('',#971,2.15);
#971 = AXIS2_PLACEMENT_3D('',#972,#973,#974);
#972 = CARTESIAN_POINT('',(-4.,12.,11.4));
#973 = DIRECTION('',(0.,0.,1.));
#974 = DIRECTION('',(1.,0.,0.));
#975 = ORIENTED_EDGE('',*,*,#976,.F.);
#976 = EDGE_CURVE('',#582,#968,#977,.T.);
#977 = LINE('',#978,#979);
#978 = CARTESIAN_POINT('',(-1.6,12.,11.15));
#979 = VECTOR('',#980,1.);
#980 = DIRECTION('',(-0.707106781187,1.731912112471E-16,0.707106781187)
  );
#981 = ORIENTED_EDGE('',*,*,#589,.T.);
#982 = ORIENTED_EDGE('',*,*,#976,.T.);
#983 = CONICAL_SURFACE('',#984,2.4,0.785398163397);
#984 = AXIS2_PLACEMENT_3D('',#985,#986,#987);
#985 = CARTESIAN_POINT('',(-4.,12.,11.15));
#986 = DIRECTION('',(-0.,-0.,-1.));
#987 = DIRECTION('',(1.,0.,0.));
#988 = ADVANCED_FACE('',(#989),#1012,.F.);
#989 = FACE_BOUND('',#990,.F.);
#990 = EDGE_LOOP('',(#991,#992,#999,#1007));
#991 = ORIENTED_EDGE('',*,*,#623,.F.);
#992 = ORIENTED_EDGE('',*,*,#993,.T.);
#993 = EDGE_CURVE('',#624,#994,#996,.T.);
#994 = VERTEX_POINT('',#995);
#995 = CARTESIAN_POINT('',(-14.44,-14.44,0.3));
#996 = B_SPLINE_CURVE_WITH_KNOTS('',1,(#997,#998),.UNSPECIFIED.,.F.,.F.,
  (2,2),(0.,1.),.PIECEWISE_BEZIER_KNOTS.);
#997 = CARTESIAN_POINT('',(-14.64,-14.64,0.));
#998 = CARTESIAN_POINT('',(-14.44,-14.44,0.3));
#999 = ORIENTED_EDGE('',*,*,#1000,.T.);
#1000 = EDGE_CURVE('',#994,#1001,#1003,.T.);
#1001 = VERTEX_POINT('',#1002);
#1002 = CARTESIAN_POINT('',(-14.44,-9.56,0.3));
#1003 = LINE('',#1004,#1005);
#1004 = CARTESIAN_POINT('',(-14.44,-14.44,0.3));
#1005 = VECTOR('',#1006,1.);
#1006 = DIRECTION('',(0.,1.,0.));
#1007 = ORIENTED_EDGE('',*,*,#1008,.F.);
#1008 = EDGE_CURVE('',#626,#1001,#1009,.T.);
#1009 = B_SPLINE_CURVE_WITH_KNOTS('',1,(#1010,#1011),.UNSPECIFIED.,.F.,
  .F.,(2,2),(0.,1.),.PIECEWISE_BEZIER_KNOTS.);
#1010 = CARTESIAN_POINT('',(-14.64,-9.36,0.));
#1011 = CARTESIAN_POINT('',(-14.44,-9.56,0.3));
#1012 = B_SPLINE_SURFACE_WITH_KNOTS('',1,1,(
    (#1013,#1014)
    ,(#1015,#1016
    )),.UNSPECIFIED.,.F.,.F.,.F.,(2,2),(2,2),(-5.28,0.),(0.,1.),
  .PIECEWISE_BEZIER_KNOTS.);
#1013 = CARTESIAN_POINT('',(-14.64,-9.36,0.));
#1014 = CARTESIAN_POINT('',(-14.44,-9.56,0.3));
#1015 = CARTESIAN_POINT('',(-14.64,-14.64,0.));
#1016 = CARTESIAN_POINT('',(-14.44,-14.44,0.3));
#1017 = ADVANCED_FACE('',(#1018),#1035,.F.);
#1018 = FACE_BOUND('',#1019,.F.);
#1019 = EDGE_LOOP('',(#1020,#1021,#1022,#1030));
#1020 = ORIENTED_EDGE('',*,*,#753,.F.);
#1021 = ORIENTED_EDGE('',*,*,#1008,.T.);
#1022 = ORIENTED_EDGE('',*,*,#1023,.T.);
#1023 = EDGE_CURVE('',#1001,#1024,#1026,.T.);
#1024 = VERTEX_POINT('',#1025);
#1025 = CARTESIAN_POINT('',(-14.44,-6.44,0.3));
#1026 = LINE('',#1027,#1028);
#1027 = CARTESIAN_POINT('',(-14.44,-9.56,0.3));
#1028 = VECTOR('',#1029,1.);
#1029 = DIRECTION('',(0.,1.,0.));
#1030 = ORIENTED_EDGE('',*,*,#1031,.F.);
#1031 = EDGE_CURVE('',#746,#1024,#1032,.T.);
#1032 = B_SPLINE_CURVE_WITH_KNOTS('',1,(#1033,#1034),.UNSPECIFIED.,.F.,
  .F.,(2,2),(0.,1.),.PIECEWISE_BEZIER_KNOTS.);
#1033 = CARTESIAN_POINT('',(-14.64,-6.64,0.));
#1034 = CARTESIAN_POINT('',(-14.44,-6.44,0.3));
#1035 = B_SPLINE_SURFACE_WITH_KNOTS('',1,1,(
    (#1036,#1037)
    ,(#1038,#1039
    )),.UNSPECIFIED.,.F.,.F.,.F.,(2,2),(2,2),(-3.12,0.),(0.,1.),
  .PIECEWISE_BEZIER_KNOTS.);
#1036 = CARTESIAN_POINT('',(-14.64,-6.64,0.));
#1037 = CARTESIAN_POINT('',(-14.44,-6.44,0.3));
#1038 = CARTESIAN_POINT('',(-14.64,-9.36,0.));
#1039 = CARTESIAN_POINT('',(-14.44,-9.56,0.3));
#1040 = ADVANCED_FACE('',(#1041),#1058,.F.);
#1041 = FACE_BOUND('',#1042,.F.);
#1042 = EDGE_LOOP('',(#1043,#1044,#1045,#1053));
#1043 = ORIENTED_EDGE('',*,*,#745,.F.);
#1044 = ORIENTED_EDGE('',*,*,#1031,.T.);
#1045 = ORIENTED_EDGE('',*,*,#1046,.T.);
#1046 = EDGE_CURVE('',#1024,#1047,#1049,.T.);
#1047 = VERTEX_POINT('',#1048);
#1048 = CARTESIAN_POINT('',(-14.44,-1.56,0.3));
#1049 = LINE('',#1050,#1051);
#1050 = CARTESIAN_POINT('',(-14.44,-6.44,0.3));
#1051 = VECTOR('',#1052,1.);
#1052 = DIRECTION('',(0.,1.,0.));
#1053 = ORIENTED_EDGE('',*,*,#1054,.F.);
#1054 = EDGE_CURVE('',#738,#1047,#1055,.T.);
#1055 = B_SPLINE_CURVE_WITH_KNOTS('',1,(#1056,#1057),.UNSPECIFIED.,.F.,
  .F.,(2,2),(0.,1.),.PIECEWISE_BEZIER_KNOTS.);
#1056 = CARTESIAN_POINT('',(-14.64,-1.36,0.));
#1057 = CARTESIAN_POINT('',(-14.44,-1.56,0.3));
#1058 = B_SPLINE_SURFACE_WITH_KNOTS('',1,1,(
    (#1059,#1060)
    ,(#1061,#1062
    )),.UNSPECIFIED.,.F.,.F.,.F.,(2,2),(2,2),(-5.28,0.),(0.,1.),
  .PIECEWISE_BEZIER_KNOTS.);
#1059 = CARTESIAN_POINT('',(-14.64,-1.36,0.));
#1060 = CARTESIAN_POINT('',(-14.44,-1.56,0.3));
#1061 = CARTESIAN_POINT('',(-14.64,-6.64,0.));
#1062 = CARTESIAN_POINT('',(-14.44,-6.44,0.3));
#1063 = ADVANCED_FACE('',(#1064),#1081,.F.);
#1064 = FACE_BOUND('',#1065,.F.);
#1065 = EDGE_LOOP('',(#1066,#1067,#1068,#1076));
#1066 = ORIENTED_EDGE('',*,*,#737,.F.);
#1067 = ORIENTED_EDGE('',*,*,#1054,.T.);
#1068 = ORIENTED_EDGE('',*,*,#1069,.T.);
#1069 = EDGE_CURVE('',#1047,#1070,#1072,.T.);
#1070 = VERTEX_POINT('',#1071);
#1071 = CARTESIAN_POINT('',(-14.44,1.56,0.3));
#1072 = LINE('',#1073,#1074);
#1073 = CARTESIAN_POINT('',(-14.44,-1.56,0.3));
#1074 = VECTOR('',#1075,1.);
#1075 = DIRECTION('',(0.,1.,0.));
#1076 = ORIENTED_EDGE('',*,*,#1077,.F.);
#1077 = EDGE_CURVE('',#730,#1070,#1078,.T.);
#1078 = B_SPLINE_CURVE_WITH_KNOTS('',1,(#1079,#1080),.UNSPECIFIED.,.F.,
  .F.,(2,2),(0.,1.),.PIECEWISE_BEZIER_KNOTS.);
#1079 = CARTESIAN_POINT('',(-14.64,1.36,0.));
#1080 = CARTESIAN_POINT('',(-14.44,1.56,0.3));
#1081 = B_SPLINE_SURFACE_WITH_KNOTS('',1,1,(
    (#1082,#1083)
    ,(#1084,#1085
    )),.UNSPECIFIED.,.F.,.F.,.F.,(2,2),(2,2),(-3.12,0.),(0.,1.),
  .PIECEWISE_BEZIER_KNOTS.);
#1082 = CARTESIAN_POINT('',(-14.64,1.36,0.));
#1083 = CARTESIAN_POINT('',(-14.44,1.56,0.3));
#1084 = CARTESIAN_POINT('',(-14.64,-1.36,0.));
#1085 = CARTESIAN_POINT('',(-14.44,-1.56,0.3));
#1086 = ADVANCED_FACE('',(#1087),#1104,.F.);
#1087 = FACE_BOUND('',#1088,.F.);
#1088 = EDGE_LOOP('',(#1089,#1090,#1091,#1099));
#1089 = ORIENTED_EDGE('',*,*,#729,.F.);
#1090 = ORIENTED_EDGE('',*,*,#1077,.T.);
#1091 = ORIENTED_EDGE('',*,*,#1092,.T.);
#1092 = EDGE_CURVE('',#1070,#1093,#1095,.T.);
#1093 = VERTEX_POINT('',#1094);
#1094 = CARTESIAN_POINT('',(-14.44,6.44,0.3));
#1095 = LINE('',#1096,#1097);
#1096 = CARTESIAN_POINT('',(-14.44,1.56,0.3));
#1097 = VECTOR('',#1098,1.);
#1098 = DIRECTION('',(0.,1.,0.));
#1099 = ORIENTED_EDGE('',*,*,#1100,.F.);
#1100 = EDGE_CURVE('',#722,#1093,#1101,.T.);
#1101 = B_SPLINE_CURVE_WITH_KNOTS('',1,(#1102,#1103),.UNSPECIFIED.,.F.,
  .F.,(2,2),(0.,1.),.PIECEWISE_BEZIER_KNOTS.);
#1102 = CARTESIAN_POINT('',(-14.64,6.64,0.));
#1103 = CARTESIAN_POINT('',(-14.44,6.44,0.3));
#1104 = B_SPLINE_SURFACE_WITH_KNOTS('',1,1,(
    (#1105,#1106)
    ,(#1107,#1108
    )),.UNSPECIFIED.,.F.,.F.,.F.,(2,2),(2,2),(-5.28,0.),(0.,1.),
  .PIECEWISE_BEZIER_KNOTS.);
#1105 = CARTESIAN_POINT('',(-14.64,6.64,0.));
#1106 = CARTESIAN_POINT('',(-14.44,6.44,0.3));
#1107 = CARTESIAN_POINT('',(-14.64,1.36,0.));
#1108 = CARTESIAN_POINT('',(-14.44,1.56,0.3));
#1109 = ADVANCED_FACE('',(#1110),#1127,.F.);
#1110 = FACE_BOUND('',#1111,.F.);
#1111 = EDGE_LOOP('',(#1112,#1113,#1114,#1122));
#1112 = ORIENTED_EDGE('',*,*,#721,.F.);
#1113 = ORIENTED_EDGE('',*,*,#1100,.T.);
#1114 = ORIENTED_EDGE('',*,*,#1115,.T.);
#1115 = EDGE_CURVE('',#1093,#1116,#1118,.T.);
#1116 = VERTEX_POINT('',#1117);
#1117 = CARTESIAN_POINT('',(-14.44,9.56,0.3));
#1118 = LINE('',#1119,#1120);
#1119 = CARTESIAN_POINT('',(-14.44,6.44,0.3));
#1120 = VECTOR('',#1121,1.);
#1121 = DIRECTION('',(0.,1.,0.));
#1122 = ORIENTED_EDGE('',*,*,#1123,.F.);
#1123 = EDGE_CURVE('',#714,#1116,#1124,.T.);
#1124 = B_SPLINE_CURVE_WITH_KNOTS('',1,(#1125,#1126),.UNSPECIFIED.,.F.,
  .F.,(2,2),(0.,1.),.PIECEWISE_BEZIER_KNOTS.);
#1125 = CARTESIAN_POINT('',(-14.64,9.36,0.));
#1126 = CARTESIAN_POINT('',(-14.44,9.56,0.3));
#1127 = B_SPLINE_SURFACE_WITH_KNOTS('',1,1,(
    (#1128,#1129)
    ,(#1130,#1131
    )),.UNSPECIFIED.,.F.,.F.,.F.,(2,2),(2,2),(-3.12,0.),(0.,1.),
  .PIECEWISE_BEZIER_KNOTS.);
#1128 = CARTESIAN_POINT('',(-14.64,9.36,0.));
#1129 = CARTESIAN_POINT('',(-14.44,9.56,0.3));
#1130 = CARTESIAN_POINT('',(-14.64,6.64,0.));
#1131 = CARTESIAN_POINT('',(-14.44,6.44,0.3));
#1132 = ADVANCED_FACE('',(#1133),#1150,.F.);
#1133 = FACE_BOUND('',#1134,.F.);
#1134 = EDGE_LOOP('',(#1135,#1136,#1137,#1145));
#1135 = ORIENTED_EDGE('',*,*,#713,.F.);
#1136 = ORIENTED_EDGE('',*,*,#1123,.T.);
#1137 = ORIENTED_EDGE('',*,*,#1138,.T.);
#1138 = EDGE_CURVE('',#1116,#1139,#1141,.T.);
#1139 = VERTEX_POINT('',#1140);
#1140 = CARTESIAN_POINT('',(-14.44,14.44,0.3));
#1141 = LINE('',#1142,#1143);
#1142 = CARTESIAN_POINT('',(-14.44,9.56,0.3));
#1143 = VECTOR('',#1144,1.);
#1144 = DIRECTION('',(0.,1.,0.));
#1145 = ORIENTED_EDGE('',*,*,#1146,.F.);
#1146 = EDGE_CURVE('',#706,#1139,#1147,.T.);
#1147 = B_SPLINE_CURVE_WITH_KNOTS('',1,(#1148,#1149),.UNSPECIFIED.,.F.,
  .F.,(2,2),(0.,1.),.PIECEWISE_BEZIER_KNOTS.);
#1148 = CARTESIAN_POINT('',(-14.64,14.64,0.));
#1149 = CARTESIAN_POINT('',(-14.44,14.44,0.3));
#1150 = B_SPLINE_SURFACE_WITH_KNOTS('',1,1,(
    (#1151,#1152)
    ,(#1153,#1154
    )),.UNSPECIFIED.,.F.,.F.,.F.,(2,2),(2,2),(-5.28,0.),(0.,1.),
  .PIECEWISE_BEZIER_KNOTS.);
#1151 = CARTESIAN_POINT('',(-14.64,14.64,0.));
#1152 = CARTESIAN_POINT('',(-14.44,14.44,0.3));
#1153 = CARTESIAN_POINT('',(-14.64,9.36,0.));
#1154 = CARTESIAN_POINT('',(-14.44,9.56,0.3));
#1155 = ADVANCED_FACE('',(#1156),#1173,.F.);
#1156 = FACE_BOUND('',#1157,.F.);
#1157 = EDGE_LOOP('',(#1158,#1159,#1160,#1168));
#1158 = ORIENTED_EDGE('',*,*,#705,.F.);
#1159 = ORIENTED_EDGE('',*,*,#1146,.T.);
#1160 = ORIENTED_EDGE('',*,*,#1161,.T.);
#1161 = EDGE_CURVE('',#1139,#1162,#1164,.T.);
#1162 = VERTEX_POINT('',#1163);
#1163 = CARTESIAN_POINT('',(-1.56,14.44,0.3));
#1164 = LINE('',#1165,#1166);
#1165 = CARTESIAN_POINT('',(-14.44,14.44,0.3));
#1166 = VECTOR('',#1167,1.);
#1167 = DIRECTION('',(1.,0.,0.));
#1168 = ORIENTED_EDGE('',*,*,#1169,.F.);
#1169 = EDGE_CURVE('',#698,#1162,#1170,.T.);
#1170 = B_SPLINE_CURVE_WITH_KNOTS('',1,(#1171,#1172),.UNSPECIFIED.,.F.,
  .F.,(2,2),(0.,1.),.PIECEWISE_BEZIER_KNOTS.);
#1171 = CARTESIAN_POINT('',(-1.36,14.64,0.));
#1172 = CARTESIAN_POINT('',(-1.56,14.44,0.3));
#1173 = B_SPLINE_SURFACE_WITH_KNOTS('',1,1,(
    (#1174,#1175)
    ,(#1176,#1177
    )),.UNSPECIFIED.,.F.,.F.,.F.,(2,2),(2,2),(-13.28,0.),(0.,1.),
  .PIECEWISE_BEZIER_KNOTS.);
#1174 = CARTESIAN_POINT('',(-1.36,14.64,0.));
#1175 = CARTESIAN_POINT('',(-1.56,14.44,0.3));
#1176 = CARTESIAN_POINT('',(-14.64,14.64,0.));
#1177 = CARTESIAN_POINT('',(-14.44,14.44,0.3));
#1178 = ADVANCED_FACE('',(#1179),#1196,.F.);
#1179 = FACE_BOUND('',#1180,.F.);
#1180 = EDGE_LOOP('',(#1181,#1182,#1183,#1191));
#1181 = ORIENTED_EDGE('',*,*,#697,.T.);
#1182 = ORIENTED_EDGE('',*,*,#1169,.T.);
#1183 = ORIENTED_EDGE('',*,*,#1184,.F.);
#1184 = EDGE_CURVE('',#1185,#1162,#1187,.T.);
#1185 = VERTEX_POINT('',#1186);
#1186 = CARTESIAN_POINT('',(-1.56,9.56,0.3));
#1187 = LINE('',#1188,#1189);
#1188 = CARTESIAN_POINT('',(-1.56,9.56,0.3));
#1189 = VECTOR('',#1190,1.);
#1190 = DIRECTION('',(0.,1.,0.));
#1191 = ORIENTED_EDGE('',*,*,#1192,.F.);
#1192 = EDGE_CURVE('',#690,#1185,#1193,.T.);
#1193 = B_SPLINE_CURVE_WITH_KNOTS('',1,(#1194,#1195),.UNSPECIFIED.,.F.,
  .F.,(2,2),(0.,1.),.PIECEWISE_BEZIER_KNOTS.);
#1194 = CARTESIAN_POINT('',(-1.36,9.36,0.));
#1195 = CARTESIAN_POINT('',(-1.56,9.56,0.3));
#1196 = B_SPLINE_SURFACE_WITH_KNOTS('',1,1,(
    (#1197,#1198)
    ,(#1199,#1200
    )),.UNSPECIFIED.,.F.,.F.,.F.,(2,2),(2,2),(0.,5.28),(0.,1.),
  .PIECEWISE_BEZIER_KNOTS.);
#1197 = CARTESIAN_POINT('',(-1.36,9.36,0.));
#1198 = CARTESIAN_POINT('',(-1.56,9.56,0.3));
#1199 = CARTESIAN_POINT('',(-1.36,14.64,0.));
#1200 = CARTESIAN_POINT('',(-1.56,14.44,0.3));
#1201 = ADVANCED_FACE('',(#1202),#1219,.F.);
#1202 = FACE_BOUND('',#1203,.F.);
#1203 = EDGE_LOOP('',(#1204,#1205,#1206,#1214));
#1204 = ORIENTED_EDGE('',*,*,#689,.T.);
#1205 = ORIENTED_EDGE('',*,*,#1192,.T.);
#1206 = ORIENTED_EDGE('',*,*,#1207,.F.);
#1207 = EDGE_CURVE('',#1208,#1185,#1210,.T.);
#1208 = VERTEX_POINT('',#1209);
#1209 = CARTESIAN_POINT('',(-1.56,6.44,0.3));
#1210 = LINE('',#1211,#1212);
#1211 = CARTESIAN_POINT('',(-1.56,6.44,0.3));
#1212 = VECTOR('',#1213,1.);
#1213 = DIRECTION('',(0.,1.,0.));
#1214 = ORIENTED_EDGE('',*,*,#1215,.F.);
#1215 = EDGE_CURVE('',#682,#1208,#1216,.T.);
#1216 = B_SPLINE_CURVE_WITH_KNOTS('',1,(#1217,#1218),.UNSPECIFIED.,.F.,
  .F.,(2,2),(0.,1.),.PIECEWISE_BEZIER_KNOTS.);
#1217 = CARTESIAN_POINT('',(-1.36,6.64,0.));
#1218 = CARTESIAN_POINT('',(-1.56,6.44,0.3));
#1219 = B_SPLINE_SURFACE_WITH_KNOTS('',1,1,(
    (#1220,#1221)
    ,(#1222,#1223
    )),.UNSPECIFIED.,.F.,.F.,.F.,(2,2),(2,2),(0.,3.12),(0.,1.),
  .PIECEWISE_BEZIER_KNOTS.);
#1220 = CARTESIAN_POINT('',(-1.36,6.64,0.));
#1221 = CARTESIAN_POINT('',(-1.56,6.44,0.3));
#1222 = CARTESIAN_POINT('',(-1.36,9.36,0.));
#1223 = CARTESIAN_POINT('',(-1.56,9.56,0.3));
#1224 = ADVANCED_FACE('',(#1225),#1242,.F.);
#1225 = FACE_BOUND('',#1226,.F.);
#1226 = EDGE_LOOP('',(#1227,#1228,#1229,#1237));
#1227 = ORIENTED_EDGE('',*,*,#681,.T.);
#1228 = ORIENTED_EDGE('',*,*,#1215,.T.);
#1229 = ORIENTED_EDGE('',*,*,#1230,.F.);
#1230 = EDGE_CURVE('',#1231,#1208,#1233,.T.);
#1231 = VERTEX_POINT('',#1232);
#1232 = CARTESIAN_POINT('',(-1.56,1.56,0.3));
#1233 = LINE('',#1234,#1235);
#1234 = CARTESIAN_POINT('',(-1.56,1.56,0.3));
#1235 = VECTOR('',#1236,1.);
#1236 = DIRECTION('',(0.,1.,0.));
#1237 = ORIENTED_EDGE('',*,*,#1238,.F.);
#1238 = EDGE_CURVE('',#674,#1231,#1239,.T.);
#1239 = B_SPLINE_CURVE_WITH_KNOTS('',1,(#1240,#1241),.UNSPECIFIED.,.F.,
  .F.,(2,2),(0.,1.),.PIECEWISE_BEZIER_KNOTS.);
#1240 = CARTESIAN_POINT('',(-1.36,1.36,0.));
#1241 = CARTESIAN_POINT('',(-1.56,1.56,0.3));
#1242 = B_SPLINE_SURFACE_WITH_KNOTS('',1,1,(
    (#1243,#1244)
    ,(#1245,#1246
    )),.UNSPECIFIED.,.F.,.F.,.F.,(2,2),(2,2),(0.,5.28),(0.,1.),
  .PIECEWISE_BEZIER_KNOTS.);
#1243 = CARTESIAN_POINT('',(-1.36,1.36,0.));
#1244 = CARTESIAN_POINT('',(-1.56,1.56,0.3));
#1245 = CARTESIAN_POINT('',(-1.36,6.64,0.));
#1246 = CARTESIAN_POINT('',(-1.56,6.44,0.3));
#1247 = ADVANCED_FACE('',(#1248),#1265,.F.);
#1248 = FACE_BOUND('',#1249,.F.);
#1249 = EDGE_LOOP('',(#1250,#1251,#1252,#1260));
#1250 = ORIENTED_EDGE('',*,*,#673,.T.);
#1251 = ORIENTED_EDGE('',*,*,#1238,.T.);
#1252 = ORIENTED_EDGE('',*,*,#1253,.F.);
#1253 = EDGE_CURVE('',#1254,#1231,#1256,.T.);
#1254 = VERTEX_POINT('',#1255);
#1255 = CARTESIAN_POINT('',(-1.56,-1.56,0.3));
#1256 = LINE('',#1257,#1258);
#1257 = CARTESIAN_POINT('',(-1.56,-1.56,0.3));
#1258 = VECTOR('',#1259,1.);
#1259 = DIRECTION('',(0.,1.,0.));
#1260 = ORIENTED_EDGE('',*,*,#1261,.F.);
#1261 = EDGE_CURVE('',#666,#1254,#1262,.T.);
#1262 = B_SPLINE_CURVE_WITH_KNOTS('',1,(#1263,#1264),.UNSPECIFIED.,.F.,
  .F.,(2,2),(0.,1.),.PIECEWISE_BEZIER_KNOTS.);
#1263 = CARTESIAN_POINT('',(-1.36,-1.36,0.));
#1264 = CARTESIAN_POINT('',(-1.56,-1.56,0.3));
#1265 = B_SPLINE_SURFACE_WITH_KNOTS('',1,1,(
    (#1266,#1267)
    ,(#1268,#1269
    )),.UNSPECIFIED.,.F.,.F.,.F.,(2,2),(2,2),(0.,3.12),(0.,1.),
  .PIECEWISE_BEZIER_KNOTS.);
#1266 = CARTESIAN_POINT('',(-1.36,-1.36,0.));
#1267 = CARTESIAN_POINT('',(-1.56,-1.56,0.3));
#1268 = CARTESIAN_POINT('',(-1.36,1.36,0.));
#1269 = CARTESIAN_POINT('',(-1.56,1.56,0.3));
#1270 = ADVANCED_FACE('',(#1271),#1288,.F.);
#1271 = FACE_BOUND('',#1272,.F.);
#1272 = EDGE_LOOP('',(#1273,#1274,#1275,#1283));
#1273 = ORIENTED_EDGE('',*,*,#665,.T.);
#1274 = ORIENTED_EDGE('',*,*,#1261,.T.);
#1275 = ORIENTED_EDGE('',*,*,#1276,.F.);
#1276 = EDGE_CURVE('',#1277,#1254,#1279,.T.);
#1277 = VERTEX_POINT('',#1278);
#1278 = CARTESIAN_POINT('',(-1.56,-6.44,0.3));
#1279 = LINE('',#1280,#1281);
#1280 = CARTESIAN_POINT('',(-1.56,-6.44,0.3));
#1281 = VECTOR('',#1282,1.);
#1282 = DIRECTION('',(0.,1.,0.));
#1283 = ORIENTED_EDGE('',*,*,#1284,.F.);
#1284 = EDGE_CURVE('',#658,#1277,#1285,.T.);
#1285 = B_SPLINE_CURVE_WITH_KNOTS('',1,(#1286,#1287),.UNSPECIFIED.,.F.,
  .F.,(2,2),(0.,1.),.PIECEWISE_BEZIER_KNOTS.);
#1286 = CARTESIAN_POINT('',(-1.36,-6.64,0.));
#1287 = CARTESIAN_POINT('',(-1.56,-6.44,0.3));
#1288 = B_SPLINE_SURFACE_WITH_KNOTS('',1,1,(
    (#1289,#1290)
    ,(#1291,#1292
    )),.UNSPECIFIED.,.F.,.F.,.F.,(2,2),(2,2),(0.,5.28),(0.,1.),
  .PIECEWISE_BEZIER_KNOTS.);
#1289 = CARTESIAN_POINT('',(-1.36,-6.64,0.));
#1290 = CARTESIAN_POINT('',(-1.56,-6.44,0.3));
#1291 = CARTESIAN_POINT('',(-1.36,-1.36,0.));
#1292 = CARTESIAN_POINT('',(-1.56,-1.56,0.3));
#1293 = ADVANCED_FACE('',(#1294),#1311,.F.);
#1294 = FACE_BOUND('',#1295,.F.);
#1295 = EDGE_LOOP('',(#1296,#1297,#1298,#1306));
#1296 = ORIENTED_EDGE('',*,*,#657,.T.);
#1297 = ORIENTED_EDGE('',*,*,#1284,.T.);
#1298 = ORIENTED_EDGE('',*,*,#1299,.F.);
#1299 = EDGE_CURVE('',#1300,#1277,#1302,.T.);
#1300 = VERTEX_POINT('',#1301);
#1301 = CARTESIAN_POINT('',(-1.56,-9.56,0.3));
#1302 = LINE('',#1303,#1304);
#1303 = CARTESIAN_POINT('',(-1.56,-9.56,0.3));
#1304 = VECTOR('',#1305,1.);
#1305 = DIRECTION('',(0.,1.,0.));
#1306 = ORIENTED_EDGE('',*,*,#1307,.F.);
#1307 = EDGE_CURVE('',#650,#1300,#1308,.T.);
#1308 = B_SPLINE_CURVE_WITH_KNOTS('',1,(#1309,#1310),.UNSPECIFIED.,.F.,
  .F.,(2,2),(0.,1.),.PIECEWISE_BEZIER_KNOTS.);
#1309 = CARTESIAN_POINT('',(-1.36,-9.36,0.));
#1310 = CARTESIAN_POINT('',(-1.56,-9.56,0.3));
#1311 = B_SPLINE_SURFACE_WITH_KNOTS('',1,1,(
    (#1312,#1313)
    ,(#1314,#1315
    )),.UNSPECIFIED.,.F.,.F.,.F.,(2,2),(2,2),(0.,3.12),(0.,1.),
  .PIECEWISE_BEZIER_KNOTS.);
#1312 = CARTESIAN_POINT('',(-1.36,-9.36,0.));
#1313 = CARTESIAN_POINT('',(-1.56,-9.56,0.3));
#1314 = CARTESIAN_POINT('',(-1.36,-6.64,0.));
#1315 = CARTESIAN_POINT('',(-1.56,-6.44,0.3));
#1316 = ADVANCED_FACE('',(#1317),#1334,.F.);
#1317 = FACE_BOUND('',#1318,.F.);
#1318 = EDGE_LOOP('',(#1319,#1320,#1321,#1329));
#1319 = ORIENTED_EDGE('',*,*,#649,.F.);
#1320 = ORIENTED_EDGE('',*,*,#1307,.T.);
#1321 = ORIENTED_EDGE('',*,*,#1322,.T.);
#1322 = EDGE_CURVE('',#1300,#1323,#1325,.T.);
#1323 = VERTEX_POINT('',#1324);
#1324 = CARTESIAN_POINT('',(14.44,-9.56,0.3));
#1325 = LINE('',#1326,#1327);
#1326 = CARTESIAN_POINT('',(-14.44,-9.56,0.3));
#1327 = VECTOR('',#1328,1.);
#1328 = DIRECTION('',(1.,0.,0.));
#1329 = ORIENTED_EDGE('',*,*,#1330,.F.);
#1330 = EDGE_CURVE('',#642,#1323,#1331,.T.);
#1331 = B_SPLINE_CURVE_WITH_KNOTS('',1,(#1332,#1333),.UNSPECIFIED.,.F.,
  .F.,(2,2),(0.,1.),.PIECEWISE_BEZIER_KNOTS.);
#1332 = CARTESIAN_POINT('',(14.64,-9.36,0.));
#1333 = CARTESIAN_POINT('',(14.44,-9.56,0.3));
#1334 = B_SPLINE_SURFACE_WITH_KNOTS('',1,1,(
    (#1335,#1336)
    ,(#1337,#1338
    )),.UNSPECIFIED.,.F.,.F.,.F.,(2,2),(2,2),(-29.28,0.),(0.,1.),
  .PIECEWISE_BEZIER_KNOTS.);
#1335 = CARTESIAN_POINT('',(14.64,-9.36,0.));
#1336 = CARTESIAN_POINT('',(14.44,-9.56,0.3));
#1337 = CARTESIAN_POINT('',(-14.64,-9.36,0.));
#1338 = CARTESIAN_POINT('',(-14.44,-9.56,0.3));
#1339 = ADVANCED_FACE('',(#1340),#1357,.F.);
#1340 = FACE_BOUND('',#1341,.F.);
#1341 = EDGE_LOOP('',(#1342,#1343,#1344,#1352));
#1342 = ORIENTED_EDGE('',*,*,#641,.T.);
#1343 = ORIENTED_EDGE('',*,*,#1330,.T.);
#1344 = ORIENTED_EDGE('',*,*,#1345,.F.);
#1345 = EDGE_CURVE('',#1346,#1323,#1348,.T.);
#1346 = VERTEX_POINT('',#1347);
#1347 = CARTESIAN_POINT('',(14.44,-14.44,0.3));
#1348 = LINE('',#1349,#1350);
#1349 = CARTESIAN_POINT('',(14.44,-14.44,0.3));
#1350 = VECTOR('',#1351,1.);
#1351 = DIRECTION('',(0.,1.,0.));
#1352 = ORIENTED_EDGE('',*,*,#1353,.F.);
#1353 = EDGE_CURVE('',#634,#1346,#1354,.T.);
#1354 = B_SPLINE_CURVE_WITH_KNOTS('',1,(#1355,#1356),.UNSPECIFIED.,.F.,
  .F.,(2,2),(0.,1.),.PIECEWISE_BEZIER_KNOTS.);
#1355 = CARTESIAN_POINT('',(14.64,-14.64,0.));
#1356 = CARTESIAN_POINT('',(14.44,-14.44,0.3));
#1357 = B_SPLINE_SURFACE_WITH_KNOTS('',1,1,(
    (#1358,#1359)
    ,(#1360,#1361
    )),.UNSPECIFIED.,.F.,.F.,.F.,(2,2),(2,2),(0.,5.28),(0.,1.),
  .PIECEWISE_BEZIER_KNOTS.);
#1358 = CARTESIAN_POINT('',(14.64,-14.64,0.));
#1359 = CARTESIAN_POINT('',(14.44,-14.44,0.3));
#1360 = CARTESIAN_POINT('',(14.64,-9.36,0.));
#1361 = CARTESIAN_POINT('',(14.44,-9.56,0.3));
#1362 = ADVANCED_FACE('',(#1363),#1374,.F.);
#1363 = FACE_BOUND('',#1364,.F.);
#1364 = EDGE_LOOP('',(#1365,#1366,#1367,#1373));
#1365 = ORIENTED_EDGE('',*,*,#633,.T.);
#1366 = ORIENTED_EDGE('',*,*,#1353,.T.);
#1367 = ORIENTED_EDGE('',*,*,#1368,.F.);
#1368 = EDGE_CURVE('',#994,#1346,#1369,.T.);
#1369 = LINE('',#1370,#1371);
#1370 = CARTESIAN_POINT('',(-14.44,-14.44,0.3));
#1371 = VECTOR('',#1372,1.);
#1372 = DIRECTION('',(1.,0.,0.));
#1373 = ORIENTED_EDGE('',*,*,#993,.F.);
#1374 = B_SPLINE_SURFACE_WITH_KNOTS('',1,1,(
    (#1375,#1376)
    ,(#1377,#1378
    )),.UNSPECIFIED.,.F.,.F.,.F.,(2,2),(2,2),(0.,29.28),(0.,1.),
  .PIECEWISE_BEZIER_KNOTS.);
#1375 = CARTESIAN_POINT('',(-14.64,-14.64,0.));
#1376 = CARTESIAN_POINT('',(-14.44,-14.44,0.3));
#1377 = CARTESIAN_POINT('',(14.64,-14.64,0.));
#1378 = CARTESIAN_POINT('',(14.44,-14.44,0.3));
#1379 = ADVANCED_FACE('',(#1380),#1383,.T.);
#1380 = FACE_BOUND('',#1381,.T.);
#1381 = EDGE_LOOP('',(#1382));
#1382 = ORIENTED_EDGE('',*,*,#767,.T.);
#1383 = PLANE('',#1384);
#1384 = AXIS2_PLACEMENT_3D('',#1385,#1386,#1387);
#1385 = CARTESIAN_POINT('',(-4.,-12.,11.4));
#1386 = DIRECTION('',(0.,0.,1.));
#1387 = DIRECTION('',(1.,0.,0.));
#1388 = ADVANCED_FACE('',(#1389),#1392,.T.);
#1389 = FACE_BOUND('',#1390,.T.);
#1390 = EDGE_LOOP('',(#1391));
#1391 = ORIENTED_EDGE('',*,*,#792,.T.);
#1392 = PLANE('',#1393);
#1393 = AXIS2_PLACEMENT_3D('',#1394,#1395,#1396);
#1394 = CARTESIAN_POINT('',(-12.,-4.,11.4));
#1395 = DIRECTION('',(0.,0.,1.));
#1396 = DIRECTION('',(1.,0.,0.));
#1397 = ADVANCED_FACE('',(#1398),#1401,.T.);
#1398 = FACE_BOUND('',#1399,.T.);
#1399 = EDGE_LOOP('',(#1400));
#1400 = ORIENTED_EDGE('',*,*,#817,.T.);
#1401 = PLANE('',#1402);
#1402 = AXIS2_PLACEMENT_3D('',#1403,#1404,#1405);
#1403 = CARTESIAN_POINT('',(-4.,-4.,11.4));
#1404 = DIRECTION('',(0.,0.,1.));
#1405 = DIRECTION('',(1.,0.,0.));
#1406 = ADVANCED_FACE('',(#1407),#1410,.T.);
#1407 = FACE_BOUND('',#1408,.T.);
#1408 = EDGE_LOOP('',(#1409));
#1409 = ORIENTED_EDGE('',*,*,#842,.T.);
#1410 = PLANE('',#1411);
#1411 = AXIS2_PLACEMENT_3D('',#1412,#1413,#1414);
#1412 = CARTESIAN_POINT('',(4.,-12.,11.4));
#1413 = DIRECTION('',(0.,0.,1.));
#1414 = DIRECTION('',(1.,0.,0.));
#1415 = ADVANCED_FACE('',(#1416),#1419,.T.);
#1416 = FACE_BOUND('',#1417,.T.);
#1417 = EDGE_LOOP('',(#1418));
#1418 = ORIENTED_EDGE('',*,*,#867,.T.);
#1419 = PLANE('',#1420);
#1420 = AXIS2_PLACEMENT_3D('',#1421,#1422,#1423);
#1421 = CARTESIAN_POINT('',(12.,-12.,11.4));
#1422 = DIRECTION('',(0.,0.,1.));
#1423 = DIRECTION('',(1.,0.,0.));
#1424 = ADVANCED_FACE('',(#1425),#1428,.T.);
#1425 = FACE_BOUND('',#1426,.T.);
#1426 = EDGE_LOOP('',(#1427));
#1427 = ORIENTED_EDGE('',*,*,#892,.T.);
#1428 = PLANE('',#1429);
#1429 = AXIS2_PLACEMENT_3D('',#1430,#1431,#1432);
#1430 = CARTESIAN_POINT('',(-12.,4.,11.4));
#1431 = DIRECTION('',(0.,0.,1.));
#1432 = DIRECTION('',(1.,0.,0.));
#1433 = ADVANCED_FACE('',(#1434),#1437,.T.);
#1434 = FACE_BOUND('',#1435,.T.);
#1435 = EDGE_LOOP('',(#1436));
#1436 = ORIENTED_EDGE('',*,*,#917,.T.);
#1437 = PLANE('',#1438);
#1438 = AXIS2_PLACEMENT_3D('',#1439,#1440,#1441);
#1439 = CARTESIAN_POINT('',(-4.,4.,11.4));
#1440 = DIRECTION('',(0.,0.,1.));
#1441 = DIRECTION('',(1.,0.,0.));
#1442 = ADVANCED_FACE('',(#1443),#1446,.T.);
#1443 = FACE_BOUND('',#1444,.T.);
#1444 = EDGE_LOOP('',(#1445));
#1445 = ORIENTED_EDGE('',*,*,#942,.T.);
#1446 = PLANE('',#1447);
#1447 = AXIS2_PLACEMENT_3D('',#1448,#1449,#1450);
#1448 = CARTESIAN_POINT('',(-12.,12.,11.4));
#1449 = DIRECTION('',(0.,0.,1.));
#1450 = DIRECTION('',(1.,0.,0.));
#1451 = ADVANCED_FACE('',(#1452),#1455,.T.);
#1452 = FACE_BOUND('',#1453,.T.);
#1453 = EDGE_LOOP('',(#1454));
#1454 = ORIENTED_EDGE('',*,*,#967,.T.);
#1455 = PLANE('',#1456);
#1456 = AXIS2_PLACEMENT_3D('',#1457,#1458,#1459);
#1457 = CARTESIAN_POINT('',(-4.,12.,11.4));
#1458 = DIRECTION('',(0.,0.,1.));
#1459 = DIRECTION('',(1.,0.,0.));
#1460 = ADVANCED_FACE('',(#1461),#1588,.F.);
#1461 = FACE_BOUND('',#1462,.F.);
#1462 = EDGE_LOOP('',(#1463,#1464,#1472,#1480,#1488,#1496,#1504,#1512,
    #1520,#1528,#1536,#1544,#1552,#1560,#1568,#1576,#1582,#1583,#1584,
    #1585,#1586,#1587));
#1463 = ORIENTED_EDGE('',*,*,#1000,.F.);
#1464 = ORIENTED_EDGE('',*,*,#1465,.T.);
#1465 = EDGE_CURVE('',#994,#1466,#1468,.T.);
#1466 = VERTEX_POINT('',#1467);
#1467 = CARTESIAN_POINT('',(-14.44,-14.44,8.));
#1468 = LINE('',#1469,#1470);
#1469 = CARTESIAN_POINT('',(-14.44,-14.44,0.));
#1470 = VECTOR('',#1471,1.);
#1471 = DIRECTION('',(0.,0.,1.));
#1472 = ORIENTED_EDGE('',*,*,#1473,.T.);
#1473 = EDGE_CURVE('',#1466,#1474,#1476,.T.);
#1474 = VERTEX_POINT('',#1475);
#1475 = CARTESIAN_POINT('',(-14.44,-8.6,8.));
#1476 = LINE('',#1477,#1478);
#1477 = CARTESIAN_POINT('',(-14.44,-14.44,8.));
#1478 = VECTOR('',#1479,1.);
#1479 = DIRECTION('',(0.,1.,0.));
#1480 = ORIENTED_EDGE('',*,*,#1481,.F.);
#1481 = EDGE_CURVE('',#1482,#1474,#1484,.T.);
#1482 = VERTEX_POINT('',#1483);
#1483 = CARTESIAN_POINT('',(-14.44,-8.6,6.8));
#1484 = LINE('',#1485,#1486);
#1485 = CARTESIAN_POINT('',(-14.44,-8.6,5.4));
#1486 = VECTOR('',#1487,1.);
#1487 = DIRECTION('',(0.,0.,1.));
#1488 = ORIENTED_EDGE('',*,*,#1489,.T.);
#1489 = EDGE_CURVE('',#1482,#1490,#1492,.T.);
#1490 = VERTEX_POINT('',#1491);
#1491 = CARTESIAN_POINT('',(-14.44,-7.4,6.8));
#1492 = LINE('',#1493,#1494);
#1493 = CARTESIAN_POINT('',(-14.44,-3.231218421373E-16,6.8));
#1494 = VECTOR('',#1495,1.);
#1495 = DIRECTION('',(0.,1.,0.));
#1496 = ORIENTED_EDGE('',*,*,#1497,.T.);
#1497 = EDGE_CURVE('',#1490,#1498,#1500,.T.);
#1498 = VERTEX_POINT('',#1499);
#1499 = CARTESIAN_POINT('',(-14.44,-7.4,8.));
#1500 = LINE('',#1501,#1502);
#1501 = CARTESIAN_POINT('',(-14.44,-7.4,5.4));
#1502 = VECTOR('',#1503,1.);
#1503 = DIRECTION('',(0.,0.,1.));
#1504 = ORIENTED_EDGE('',*,*,#1505,.T.);
#1505 = EDGE_CURVE('',#1498,#1506,#1508,.T.);
#1506 = VERTEX_POINT('',#1507);
#1507 = CARTESIAN_POINT('',(-14.44,-0.6,8.));
#1508 = LINE('',#1509,#1510);
#1509 = CARTESIAN_POINT('',(-14.44,-14.44,8.));
#1510 = VECTOR('',#1511,1.);
#1511 = DIRECTION('',(0.,1.,0.));
#1512 = ORIENTED_EDGE('',*,*,#1513,.F.);
#1513 = EDGE_CURVE('',#1514,#1506,#1516,.T.);
#1514 = VERTEX_POINT('',#1515);
#1515 = CARTESIAN_POINT('',(-14.44,-0.6,6.8));
#1516 = LINE('',#1517,#1518);
#1517 = CARTESIAN_POINT('',(-14.44,-0.6,5.4));
#1518 = VECTOR('',#1519,1.);
#1519 = DIRECTION('',(0.,0.,1.));
#1520 = ORIENTED_EDGE('',*,*,#1521,.T.);
#1521 = EDGE_CURVE('',#1514,#1522,#1524,.T.);
#1522 = VERTEX_POINT('',#1523);
#1523 = CARTESIAN_POINT('',(-14.44,0.6,6.8));
#1524 = LINE('',#1525,#1526);
#1525 = CARTESIAN_POINT('',(-14.44,-3.231218421373E-16,6.8));
#1526 = VECTOR('',#1527,1.);
#1527 = DIRECTION('',(0.,1.,0.));
#1528 = ORIENTED_EDGE('',*,*,#1529,.T.);
#1529 = EDGE_CURVE('',#1522,#1530,#1532,.T.);
#1530 = VERTEX_POINT('',#1531);
#1531 = CARTESIAN_POINT('',(-14.44,0.6,8.));
#1532 = LINE('',#1533,#1534);
#1533 = CARTESIAN_POINT('',(-14.44,0.6,5.4));
#1534 = VECTOR('',#1535,1.);
#1535 = DIRECTION('',(0.,0.,1.));
#1536 = ORIENTED_EDGE('',*,*,#1537,.T.);
#1537 = EDGE_CURVE('',#1530,#1538,#1540,.T.);
#1538 = VERTEX_POINT('',#1539);
#1539 = CARTESIAN_POINT('',(-14.44,7.4,8.));
#1540 = LINE('',#1541,#1542);
#1541 = CARTESIAN_POINT('',(-14.44,-14.44,8.));
#1542 = VECTOR('',#1543,1.);
#1543 = DIRECTION('',(0.,1.,0.));
#1544 = ORIENTED_EDGE('',*,*,#1545,.F.);
#1545 = EDGE_CURVE('',#1546,#1538,#1548,.T.);
#1546 = VERTEX_POINT('',#1547);
#1547 = CARTESIAN_POINT('',(-14.44,7.4,6.8));
#1548 = LINE('',#1549,#1550);
#1549 = CARTESIAN_POINT('',(-14.44,7.4,5.4));
#1550 = VECTOR('',#1551,1.);
#1551 = DIRECTION('',(0.,0.,1.));
#1552 = ORIENTED_EDGE('',*,*,#1553,.T.);
#1553 = EDGE_CURVE('',#1546,#1554,#1556,.T.);
#1554 = VERTEX_POINT('',#1555);
#1555 = CARTESIAN_POINT('',(-14.44,8.6,6.8));
#1556 = LINE('',#1557,#1558);
#1557 = CARTESIAN_POINT('',(-14.44,-3.231218421373E-16,6.8));
#1558 = VECTOR('',#1559,1.);
#1559 = DIRECTION('',(0.,1.,0.));
#1560 = ORIENTED_EDGE('',*,*,#1561,.T.);
#1561 = EDGE_CURVE('',#1554,#1562,#1564,.T.);
#1562 = VERTEX_POINT('',#1563);
#1563 = CARTESIAN_POINT('',(-14.44,8.6,8.));
#1564 = LINE('',#1565,#1566);
#1565 = CARTESIAN_POINT('',(-14.44,8.6,5.4));
#1566 = VECTOR('',#1567,1.);
#1567 = DIRECTION('',(0.,0.,1.));
#1568 = ORIENTED_EDGE('',*,*,#1569,.T.);
#1569 = EDGE_CURVE('',#1562,#1570,#1572,.T.);
#1570 = VERTEX_POINT('',#1571);
#1571 = CARTESIAN_POINT('',(-14.44,14.44,8.));
#1572 = LINE('',#1573,#1574);
#1573 = CARTESIAN_POINT('',(-14.44,-14.44,8.));
#1574 = VECTOR('',#1575,1.);
#1575 = DIRECTION('',(0.,1.,0.));
#1576 = ORIENTED_EDGE('',*,*,#1577,.F.);
#1577 = EDGE_CURVE('',#1139,#1570,#1578,.T.);
#1578 = LINE('',#1579,#1580);
#1579 = CARTESIAN_POINT('',(-14.44,14.44,0.));
#1580 = VECTOR('',#1581,1.);
#1581 = DIRECTION('',(0.,0.,1.));
#1582 = ORIENTED_EDGE('',*,*,#1138,.F.);
#1583 = ORIENTED_EDGE('',*,*,#1115,.F.);
#1584 = ORIENTED_EDGE('',*,*,#1092,.F.);
#1585 = ORIENTED_EDGE('',*,*,#1069,.F.);
#1586 = ORIENTED_EDGE('',*,*,#1046,.F.);
#1587 = ORIENTED_EDGE('',*,*,#1023,.F.);
#1588 = PLANE('',#1589);
#1589 = AXIS2_PLACEMENT_3D('',#1590,#1591,#1592);
#1590 = CARTESIAN_POINT('',(-14.44,9.633171580262E-17,4.));
#1591 = DIRECTION('',(-1.,-0.,-0.));
#1592 = DIRECTION('',(0.,0.,-1.));
#1593 = ADVANCED_FACE('',(#1594),#1644,.F.);
#1594 = FACE_BOUND('',#1595,.F.);
#1595 = EDGE_LOOP('',(#1596,#1597,#1598,#1606,#1614,#1622,#1630,#1638));
#1596 = ORIENTED_EDGE('',*,*,#1161,.F.);
#1597 = ORIENTED_EDGE('',*,*,#1577,.T.);
#1598 = ORIENTED_EDGE('',*,*,#1599,.T.);
#1599 = EDGE_CURVE('',#1570,#1600,#1602,.T.);
#1600 = VERTEX_POINT('',#1601);
#1601 = CARTESIAN_POINT('',(-8.6,14.44,8.));
#1602 = LINE('',#1603,#1604);
#1603 = CARTESIAN_POINT('',(-14.44,14.44,8.));
#1604 = VECTOR('',#1605,1.);
#1605 = DIRECTION('',(1.,0.,0.));
#1606 = ORIENTED_EDGE('',*,*,#1607,.F.);
#1607 = EDGE_CURVE('',#1608,#1600,#1610,.T.);
#1608 = VERTEX_POINT('',#1609);
#1609 = CARTESIAN_POINT('',(-8.6,14.44,6.8));
#1610 = LINE('',#1611,#1612);
#1611 = CARTESIAN_POINT('',(-8.6,14.44,3.4));
#1612 = VECTOR('',#1613,1.);
#1613 = DIRECTION('',(0.,0.,1.));
#1614 = ORIENTED_EDGE('',*,*,#1615,.T.);
#1615 = EDGE_CURVE('',#1608,#1616,#1618,.T.);
#1616 = VERTEX_POINT('',#1617);
#1617 = CARTESIAN_POINT('',(-7.4,14.44,6.8));
#1618 = LINE('',#1619,#1620);
#1619 = CARTESIAN_POINT('',(-7.22,14.44,6.8));
#1620 = VECTOR('',#1621,1.);
#1621 = DIRECTION('',(1.,0.,0.));
#1622 = ORIENTED_EDGE('',*,*,#1623,.T.);
#1623 = EDGE_CURVE('',#1616,#1624,#1626,.T.);
#1624 = VERTEX_POINT('',#1625);
#1625 = CARTESIAN_POINT('',(-7.4,14.44,8.));
#1626 = LINE('',#1627,#1628);
#1627 = CARTESIAN_POINT('',(-7.4,14.44,3.4));
#1628 = VECTOR('',#1629,1.);
#1629 = DIRECTION('',(0.,0.,1.));
#1630 = ORIENTED_EDGE('',*,*,#1631,.T.);
#1631 = EDGE_CURVE('',#1624,#1632,#1634,.T.);
#1632 = VERTEX_POINT('',#1633);
#1633 = CARTESIAN_POINT('',(-1.56,14.44,8.));
#1634 = LINE('',#1635,#1636);
#1635 = CARTESIAN_POINT('',(-14.44,14.44,8.));
#1636 = VECTOR('',#1637,1.);
#1637 = DIRECTION('',(1.,0.,0.));
#1638 = ORIENTED_EDGE('',*,*,#1639,.F.);
#1639 = EDGE_CURVE('',#1162,#1632,#1640,.T.);
#1640 = LINE('',#1641,#1642);
#1641 = CARTESIAN_POINT('',(-1.56,14.44,0.));
#1642 = VECTOR('',#1643,1.);
#1643 = DIRECTION('',(0.,0.,1.));
#1644 = PLANE('',#1645);
#1645 = AXIS2_PLACEMENT_3D('',#1646,#1647,#1648);
#1646 = CARTESIAN_POINT('',(-14.44,14.44,0.));
#1647 = DIRECTION('',(0.,1.,0.));
#1648 = DIRECTION('',(0.,0.,1.));
#1649 = ADVANCED_FACE('',(#1650),#1769,.F.);
#1650 = FACE_BOUND('',#1651,.F.);
#1651 = EDGE_LOOP('',(#1652,#1660,#1661,#1662,#1663,#1664,#1665,#1666,
    #1667,#1675,#1683,#1691,#1699,#1707,#1715,#1723,#1731,#1739,#1747,
    #1755,#1763));
#1652 = ORIENTED_EDGE('',*,*,#1653,.F.);
#1653 = EDGE_CURVE('',#1300,#1654,#1656,.T.);
#1654 = VERTEX_POINT('',#1655);
#1655 = CARTESIAN_POINT('',(-1.56,-9.56,8.));
#1656 = LINE('',#1657,#1658);
#1657 = CARTESIAN_POINT('',(-1.56,-9.56,0.));
#1658 = VECTOR('',#1659,1.);
#1659 = DIRECTION('',(0.,0.,1.));
#1660 = ORIENTED_EDGE('',*,*,#1299,.T.);
#1661 = ORIENTED_EDGE('',*,*,#1276,.T.);
#1662 = ORIENTED_EDGE('',*,*,#1253,.T.);
#1663 = ORIENTED_EDGE('',*,*,#1230,.T.);
#1664 = ORIENTED_EDGE('',*,*,#1207,.T.);
#1665 = ORIENTED_EDGE('',*,*,#1184,.T.);
#1666 = ORIENTED_EDGE('',*,*,#1639,.T.);
#1667 = ORIENTED_EDGE('',*,*,#1668,.F.);
#1668 = EDGE_CURVE('',#1669,#1632,#1671,.T.);
#1669 = VERTEX_POINT('',#1670);
#1670 = CARTESIAN_POINT('',(-1.56,8.6,8.));
#1671 = LINE('',#1672,#1673);
#1672 = CARTESIAN_POINT('',(-1.56,-9.56,8.));
#1673 = VECTOR('',#1674,1.);
#1674 = DIRECTION('',(0.,1.,0.));
#1675 = ORIENTED_EDGE('',*,*,#1676,.T.);
#1676 = EDGE_CURVE('',#1669,#1677,#1679,.T.);
#1677 = VERTEX_POINT('',#1678);
#1678 = CARTESIAN_POINT('',(-1.56,8.6,6.8));
#1679 = LINE('',#1680,#1681);
#1680 = CARTESIAN_POINT('',(-1.56,8.6,5.4));
#1681 = VECTOR('',#1682,1.);
#1682 = DIRECTION('',(0.,0.,-1.));
#1683 = ORIENTED_EDGE('',*,*,#1684,.T.);
#1684 = EDGE_CURVE('',#1677,#1685,#1687,.T.);
#1685 = VERTEX_POINT('',#1686);
#1686 = CARTESIAN_POINT('',(-1.56,7.4,6.8));
#1687 = LINE('',#1688,#1689);
#1688 = CARTESIAN_POINT('',(-1.56,1.22,6.8));
#1689 = VECTOR('',#1690,1.);
#1690 = DIRECTION('',(0.,-1.,0.));
#1691 = ORIENTED_EDGE('',*,*,#1692,.F.);
#1692 = EDGE_CURVE('',#1693,#1685,#1695,.T.);
#1693 = VERTEX_POINT('',#1694);
#1694 = CARTESIAN_POINT('',(-1.56,7.4,8.));
#1695 = LINE('',#1696,#1697);
#1696 = CARTESIAN_POINT('',(-1.56,7.4,5.4));
#1697 = VECTOR('',#1698,1.);
#1698 = DIRECTION('',(0.,0.,-1.));
#1699 = ORIENTED_EDGE('',*,*,#1700,.F.);
#1700 = EDGE_CURVE('',#1701,#1693,#1703,.T.);
#1701 = VERTEX_POINT('',#1702);
#1702 = CARTESIAN_POINT('',(-1.56,0.6,8.));
#1703 = LINE('',#1704,#1705);
#1704 = CARTESIAN_POINT('',(-1.56,-9.56,8.));
#1705 = VECTOR('',#1706,1.);
#1706 = DIRECTION('',(0.,1.,0.));
#1707 = ORIENTED_EDGE('',*,*,#1708,.T.);
#1708 = EDGE_CURVE('',#1701,#1709,#1711,.T.);
#1709 = VERTEX_POINT('',#1710);
#1710 = CARTESIAN_POINT('',(-1.56,0.6,6.8));
#1711 = LINE('',#1712,#1713);
#1712 = CARTESIAN_POINT('',(-1.56,0.6,5.4));
#1713 = VECTOR('',#1714,1.);
#1714 = DIRECTION('',(0.,0.,-1.));
#1715 = ORIENTED_EDGE('',*,*,#1716,.T.);
#1716 = EDGE_CURVE('',#1709,#1717,#1719,.T.);
#1717 = VERTEX_POINT('',#1718);
#1718 = CARTESIAN_POINT('',(-1.56,-0.6,6.8));
#1719 = LINE('',#1720,#1721);
#1720 = CARTESIAN_POINT('',(-1.56,1.22,6.8));
#1721 = VECTOR('',#1722,1.);
#1722 = DIRECTION('',(0.,-1.,0.));
#1723 = ORIENTED_EDGE('',*,*,#1724,.F.);
#1724 = EDGE_CURVE('',#1725,#1717,#1727,.T.);
#1725 = VERTEX_POINT('',#1726);
#1726 = CARTESIAN_POINT('',(-1.56,-0.6,8.));
#1727 = LINE('',#1728,#1729);
#1728 = CARTESIAN_POINT('',(-1.56,-0.6,5.4));
#1729 = VECTOR('',#1730,1.);
#1730 = DIRECTION('',(0.,0.,-1.));
#1731 = ORIENTED_EDGE('',*,*,#1732,.F.);
#1732 = EDGE_CURVE('',#1733,#1725,#1735,.T.);
#1733 = VERTEX_POINT('',#1734);
#1734 = CARTESIAN_POINT('',(-1.56,-7.4,8.));
#1735 = LINE('',#1736,#1737);
#1736 = CARTESIAN_POINT('',(-1.56,-9.56,8.));
#1737 = VECTOR('',#1738,1.);
#1738 = DIRECTION('',(0.,1.,0.));
#1739 = ORIENTED_EDGE('',*,*,#1740,.T.);
#1740 = EDGE_CURVE('',#1733,#1741,#1743,.T.);
#1741 = VERTEX_POINT('',#1742);
#1742 = CARTESIAN_POINT('',(-1.56,-7.4,6.8));
#1743 = LINE('',#1744,#1745);
#1744 = CARTESIAN_POINT('',(-1.56,-7.4,5.4));
#1745 = VECTOR('',#1746,1.);
#1746 = DIRECTION('',(0.,0.,-1.));
#1747 = ORIENTED_EDGE('',*,*,#1748,.T.);
#1748 = EDGE_CURVE('',#1741,#1749,#1751,.T.);
#1749 = VERTEX_POINT('',#1750);
#1750 = CARTESIAN_POINT('',(-1.56,-8.6,6.8));
#1751 = LINE('',#1752,#1753);
#1752 = CARTESIAN_POINT('',(-1.56,1.22,6.8));
#1753 = VECTOR('',#1754,1.);
#1754 = DIRECTION('',(0.,-1.,0.));
#1755 = ORIENTED_EDGE('',*,*,#1756,.F.);
#1756 = EDGE_CURVE('',#1757,#1749,#1759,.T.);
#1757 = VERTEX_POINT('',#1758);
#1758 = CARTESIAN_POINT('',(-1.56,-8.6,8.));
#1759 = LINE('',#1760,#1761);
#1760 = CARTESIAN_POINT('',(-1.56,-8.6,5.4));
#1761 = VECTOR('',#1762,1.);
#1762 = DIRECTION('',(0.,0.,-1.));
#1763 = ORIENTED_EDGE('',*,*,#1764,.F.);
#1764 = EDGE_CURVE('',#1654,#1757,#1765,.T.);
#1765 = LINE('',#1766,#1767);
#1766 = CARTESIAN_POINT('',(-1.56,-9.56,8.));
#1767 = VECTOR('',#1768,1.);
#1768 = DIRECTION('',(0.,1.,0.));
#1769 = PLANE('',#1770);
#1770 = AXIS2_PLACEMENT_3D('',#1771,#1772,#1773);
#1771 = CARTESIAN_POINT('',(-1.56,2.44,4.));
#1772 = DIRECTION('',(1.,0.,0.));
#1773 = DIRECTION('',(0.,0.,1.));
#1774 = ADVANCED_FACE('',(#1775),#1857,.F.);
#1775 = FACE_BOUND('',#1776,.F.);
#1776 = EDGE_LOOP('',(#1777,#1778,#1779,#1787,#1795,#1803,#1811,#1819,
    #1827,#1835,#1843,#1851));
#1777 = ORIENTED_EDGE('',*,*,#1322,.F.);
#1778 = ORIENTED_EDGE('',*,*,#1653,.T.);
#1779 = ORIENTED_EDGE('',*,*,#1780,.T.);
#1780 = EDGE_CURVE('',#1654,#1781,#1783,.T.);
#1781 = VERTEX_POINT('',#1782);
#1782 = CARTESIAN_POINT('',(-0.6,-9.56,8.));
#1783 = LINE('',#1784,#1785);
#1784 = CARTESIAN_POINT('',(-14.44,-9.56,8.));
#1785 = VECTOR('',#1786,1.);
#1786 = DIRECTION('',(1.,0.,0.));
#1787 = ORIENTED_EDGE('',*,*,#1788,.F.);
#1788 = EDGE_CURVE('',#1789,#1781,#1791,.T.);
#1789 = VERTEX_POINT('',#1790);
#1790 = CARTESIAN_POINT('',(-0.6,-9.56,6.8));
#1791 = LINE('',#1792,#1793);
#1792 = CARTESIAN_POINT('',(-0.6,-9.56,3.4));
#1793 = VECTOR('',#1794,1.);
#1794 = DIRECTION('',(0.,0.,1.));
#1795 = ORIENTED_EDGE('',*,*,#1796,.T.);
#1796 = EDGE_CURVE('',#1789,#1797,#1799,.T.);
#1797 = VERTEX_POINT('',#1798);
#1798 = CARTESIAN_POINT('',(0.6,-9.56,6.8));
#1799 = LINE('',#1800,#1801);
#1800 = CARTESIAN_POINT('',(-7.22,-9.56,6.8));
#1801 = VECTOR('',#1802,1.);
#1802 = DIRECTION('',(1.,0.,0.));
#1803 = ORIENTED_EDGE('',*,*,#1804,.T.);
#1804 = EDGE_CURVE('',#1797,#1805,#1807,.T.);
#1805 = VERTEX_POINT('',#1806);
#1806 = CARTESIAN_POINT('',(0.6,-9.56,8.));
#1807 = LINE('',#1808,#1809);
#1808 = CARTESIAN_POINT('',(0.6,-9.56,3.4));
#1809 = VECTOR('',#1810,1.);
#1810 = DIRECTION('',(0.,0.,1.));
#1811 = ORIENTED_EDGE('',*,*,#1812,.T.);
#1812 = EDGE_CURVE('',#1805,#1813,#1815,.T.);
#1813 = VERTEX_POINT('',#1814);
#1814 = CARTESIAN_POINT('',(7.4,-9.56,8.));
#1815 = LINE('',#1816,#1817);
#1816 = CARTESIAN_POINT('',(-14.44,-9.56,8.));
#1817 = VECTOR('',#1818,1.);
#1818 = DIRECTION('',(1.,0.,0.));
#1819 = ORIENTED_EDGE('',*,*,#1820,.F.);
#1820 = EDGE_CURVE('',#1821,#1813,#1823,.T.);
#1821 = VERTEX_POINT('',#1822);
#1822 = CARTESIAN_POINT('',(7.4,-9.56,6.8));
#1823 = LINE('',#1824,#1825);
#1824 = CARTESIAN_POINT('',(7.4,-9.56,3.4));
#1825 = VECTOR('',#1826,1.);
#1826 = DIRECTION('',(0.,0.,1.));
#1827 = ORIENTED_EDGE('',*,*,#1828,.T.);
#1828 = EDGE_CURVE('',#1821,#1829,#1831,.T.);
#1829 = VERTEX_POINT('',#1830);
#1830 = CARTESIAN_POINT('',(8.6,-9.56,6.8));
#1831 = LINE('',#1832,#1833);
#1832 = CARTESIAN_POINT('',(-7.22,-9.56,6.8));
#1833 = VECTOR('',#1834,1.);
#1834 = DIRECTION('',(1.,0.,0.));
#1835 = ORIENTED_EDGE('',*,*,#1836,.T.);
#1836 = EDGE_CURVE('',#1829,#1837,#1839,.T.);
#1837 = VERTEX_POINT('',#1838);
#1838 = CARTESIAN_POINT('',(8.6,-9.56,8.));
#1839 = LINE('',#1840,#1841);
#1840 = CARTESIAN_POINT('',(8.6,-9.56,3.4));
#1841 = VECTOR('',#1842,1.);
#1842 = DIRECTION('',(0.,0.,1.));
#1843 = ORIENTED_EDGE('',*,*,#1844,.T.);
#1844 = EDGE_CURVE('',#1837,#1845,#1847,.T.);
#1845 = VERTEX_POINT('',#1846);
#1846 = CARTESIAN_POINT('',(14.44,-9.56,8.));
#1847 = LINE('',#1848,#1849);
#1848 = CARTESIAN_POINT('',(-14.44,-9.56,8.));
#1849 = VECTOR('',#1850,1.);
#1850 = DIRECTION('',(1.,0.,0.));
#1851 = ORIENTED_EDGE('',*,*,#1852,.F.);
#1852 = EDGE_CURVE('',#1323,#1845,#1853,.T.);
#1853 = LINE('',#1854,#1855);
#1854 = CARTESIAN_POINT('',(14.44,-9.56,0.));
#1855 = VECTOR('',#1856,1.);
#1856 = DIRECTION('',(0.,0.,1.));
#1857 = PLANE('',#1858);
#1858 = AXIS2_PLACEMENT_3D('',#1859,#1860,#1861);
#1859 = CARTESIAN_POINT('',(-14.44,-9.56,0.));
#1860 = DIRECTION('',(0.,1.,0.));
#1861 = DIRECTION('',(0.,0.,1.));
#1862 = ADVANCED_FACE('',(#1863),#1881,.F.);
#1863 = FACE_BOUND('',#1864,.F.);
#1864 = EDGE_LOOP('',(#1865,#1873,#1874,#1875));
#1865 = ORIENTED_EDGE('',*,*,#1866,.F.);
#1866 = EDGE_CURVE('',#1346,#1867,#1869,.T.);
#1867 = VERTEX_POINT('',#1868);
#1868 = CARTESIAN_POINT('',(14.44,-14.44,8.));
#1869 = LINE('',#1870,#1871);
#1870 = CARTESIAN_POINT('',(14.44,-14.44,0.));
#1871 = VECTOR('',#1872,1.);
#1872 = DIRECTION('',(0.,0.,1.));
#1873 = ORIENTED_EDGE('',*,*,#1345,.T.);
#1874 = ORIENTED_EDGE('',*,*,#1852,.T.);
#1875 = ORIENTED_EDGE('',*,*,#1876,.F.);
#1876 = EDGE_CURVE('',#1867,#1845,#1877,.T.);
#1877 = LINE('',#1878,#1879);
#1878 = CARTESIAN_POINT('',(14.44,-14.44,8.));
#1879 = VECTOR('',#1880,1.);
#1880 = DIRECTION('',(0.,1.,0.));
#1881 = PLANE('',#1882);
#1882 = AXIS2_PLACEMENT_3D('',#1883,#1884,#1885);
#1883 = CARTESIAN_POINT('',(14.44,-14.44,0.));
#1884 = DIRECTION('',(1.,0.,0.));
#1885 = DIRECTION('',(0.,0.,1.));
#1886 = ADVANCED_FACE('',(#1887),#1994,.T.);
#1887 = FACE_BOUND('',#1888,.T.);
#1888 = EDGE_LOOP('',(#1889,#1890,#1891,#1899,#1907,#1915,#1923,#1931,
    #1939,#1947,#1955,#1963,#1971,#1979,#1987,#1993));
#1889 = ORIENTED_EDGE('',*,*,#1368,.F.);
#1890 = ORIENTED_EDGE('',*,*,#1465,.T.);
#1891 = ORIENTED_EDGE('',*,*,#1892,.T.);
#1892 = EDGE_CURVE('',#1466,#1893,#1895,.T.);
#1893 = VERTEX_POINT('',#1894);
#1894 = CARTESIAN_POINT('',(-8.6,-14.44,8.));
#1895 = LINE('',#1896,#1897);
#1896 = CARTESIAN_POINT('',(-14.44,-14.44,8.));
#1897 = VECTOR('',#1898,1.);
#1898 = DIRECTION('',(1.,0.,0.));
#1899 = ORIENTED_EDGE('',*,*,#1900,.F.);
#1900 = EDGE_CURVE('',#1901,#1893,#1903,.T.);
#1901 = VERTEX_POINT('',#1902);
#1902 = CARTESIAN_POINT('',(-8.6,-14.44,6.8));
#1903 = LINE('',#1904,#1905);
#1904 = CARTESIAN_POINT('',(-8.6,-14.44,3.4));
#1905 = VECTOR('',#1906,1.);
#1906 = DIRECTION('',(0.,0.,1.));
#1907 = ORIENTED_EDGE('',*,*,#1908,.T.);
#1908 = EDGE_CURVE('',#1901,#1909,#1911,.T.);
#1909 = VERTEX_POINT('',#1910);
#1910 = CARTESIAN_POINT('',(-7.4,-14.44,6.8));
#1911 = LINE('',#1912,#1913);
#1912 = CARTESIAN_POINT('',(-7.22,-14.44,6.8));
#1913 = VECTOR('',#1914,1.);
#1914 = DIRECTION('',(1.,0.,0.));
#1915 = ORIENTED_EDGE('',*,*,#1916,.T.);
#1916 = EDGE_CURVE('',#1909,#1917,#1919,.T.);
#1917 = VERTEX_POINT('',#1918);
#1918 = CARTESIAN_POINT('',(-7.4,-14.44,8.));
#1919 = LINE('',#1920,#1921);
#1920 = CARTESIAN_POINT('',(-7.4,-14.44,3.4));
#1921 = VECTOR('',#1922,1.);
#1922 = DIRECTION('',(0.,0.,1.));
#1923 = ORIENTED_EDGE('',*,*,#1924,.T.);
#1924 = EDGE_CURVE('',#1917,#1925,#1927,.T.);
#1925 = VERTEX_POINT('',#1926);
#1926 = CARTESIAN_POINT('',(-0.6,-14.44,8.));
#1927 = LINE('',#1928,#1929);
#1928 = CARTESIAN_POINT('',(-14.44,-14.44,8.));
#1929 = VECTOR('',#1930,1.);
#1930 = DIRECTION('',(1.,0.,0.));
#1931 = ORIENTED_EDGE('',*,*,#1932,.F.);
#1932 = EDGE_CURVE('',#1933,#1925,#1935,.T.);
#1933 = VERTEX_POINT('',#1934);
#1934 = CARTESIAN_POINT('',(-0.6,-14.44,6.8));
#1935 = LINE('',#1936,#1937);
#1936 = CARTESIAN_POINT('',(-0.6,-14.44,3.4));
#1937 = VECTOR('',#1938,1.);
#1938 = DIRECTION('',(0.,0.,1.));
#1939 = ORIENTED_EDGE('',*,*,#1940,.T.);
#1940 = EDGE_CURVE('',#1933,#1941,#1943,.T.);
#1941 = VERTEX_POINT('',#1942);
#1942 = CARTESIAN_POINT('',(0.6,-14.44,6.8));
#1943 = LINE('',#1944,#1945);
#1944 = CARTESIAN_POINT('',(-7.22,-14.44,6.8));
#1945 = VECTOR('',#1946,1.);
#1946 = DIRECTION('',(1.,0.,0.));
#1947 = ORIENTED_EDGE('',*,*,#1948,.T.);
#1948 = EDGE_CURVE('',#1941,#1949,#1951,.T.);
#1949 = VERTEX_POINT('',#1950);
#1950 = CARTESIAN_POINT('',(0.6,-14.44,8.));
#1951 = LINE('',#1952,#1953);
#1952 = CARTESIAN_POINT('',(0.6,-14.44,3.4));
#1953 = VECTOR('',#1954,1.);
#1954 = DIRECTION('',(0.,0.,1.));
#1955 = ORIENTED_EDGE('',*,*,#1956,.T.);
#1956 = EDGE_CURVE('',#1949,#1957,#1959,.T.);
#1957 = VERTEX_POINT('',#1958);
#1958 = CARTESIAN_POINT('',(7.4,-14.44,8.));
#1959 = LINE('',#1960,#1961);
#1960 = CARTESIAN_POINT('',(-14.44,-14.44,8.));
#1961 = VECTOR('',#1962,1.);
#1962 = DIRECTION('',(1.,0.,0.));
#1963 = ORIENTED_EDGE('',*,*,#1964,.F.);
#1964 = EDGE_CURVE('',#1965,#1957,#1967,.T.);
#1965 = VERTEX_POINT('',#1966);
#1966 = CARTESIAN_POINT('',(7.4,-14.44,6.8));
#1967 = LINE('',#1968,#1969);
#1968 = CARTESIAN_POINT('',(7.4,-14.44,3.4));
#1969 = VECTOR('',#1970,1.);
#1970 = DIRECTION('',(0.,0.,1.));
#1971 = ORIENTED_EDGE('',*,*,#1972,.T.);
#1972 = EDGE_CURVE('',#1965,#1973,#1975,.T.);
#1973 = VERTEX_POINT('',#1974);
#1974 = CARTESIAN_POINT('',(8.6,-14.44,6.8));
#1975 = LINE('',#1976,#1977);
#1976 = CARTESIAN_POINT('',(-7.22,-14.44,6.8));
#1977 = VECTOR('',#1978,1.);
#1978 = DIRECTION('',(1.,0.,0.));
#1979 = ORIENTED_EDGE('',*,*,#1980,.T.);
#1980 = EDGE_CURVE('',#1973,#1981,#1983,.T.);
#1981 = VERTEX_POINT('',#1982);
#1982 = CARTESIAN_POINT('',(8.6,-14.44,8.));
#1983 = LINE('',#1984,#1985);
#1984 = CARTESIAN_POINT('',(8.6,-14.44,3.4));
#1985 = VECTOR('',#1986,1.);
#1986 = DIRECTION('',(0.,0.,1.));
#1987 = ORIENTED_EDGE('',*,*,#1988,.T.);
#1988 = EDGE_CURVE('',#1981,#1867,#1989,.T.);
#1989 = LINE('',#1990,#1991);
#1990 = CARTESIAN_POINT('',(-14.44,-14.44,8.));
#1991 = VECTOR('',#1992,1.);
#1992 = DIRECTION('',(1.,0.,0.));
#1993 = ORIENTED_EDGE('',*,*,#1866,.F.);
#1994 = PLANE('',#1995);
#1995 = AXIS2_PLACEMENT_3D('',#1996,#1997,#1998);
#1996 = CARTESIAN_POINT('',(-14.44,-14.44,0.));
#1997 = DIRECTION('',(0.,1.,0.));
#1998 = DIRECTION('',(0.,0.,1.));
#1999 = ADVANCED_FACE('',(#2000),#2027,.F.);
#2000 = FACE_BOUND('',#2001,.F.);
#2001 = EDGE_LOOP('',(#2002,#2003,#2011,#2020,#2026));
#2002 = ORIENTED_EDGE('',*,*,#1569,.F.);
#2003 = ORIENTED_EDGE('',*,*,#2004,.T.);
#2004 = EDGE_CURVE('',#1562,#2005,#2007,.T.);
#2005 = VERTEX_POINT('',#2006);
#2006 = CARTESIAN_POINT('',(-11.16040365499,8.6,8.));
#2007 = LINE('',#2008,#2009);
#2008 = CARTESIAN_POINT('',(-15.9,8.6,8.));
#2009 = VECTOR('',#2010,1.);
#2010 = DIRECTION('',(1.,0.,0.));
#2011 = ORIENTED_EDGE('',*,*,#2012,.F.);
#2012 = EDGE_CURVE('',#2013,#2005,#2015,.T.);
#2013 = VERTEX_POINT('',#2014);
#2014 = CARTESIAN_POINT('',(-8.6,11.160403654991,8.));
#2015 = CIRCLE('',#2016,3.216854249492);
#2016 = AXIS2_PLACEMENT_3D('',#2017,#2018,#2019);
#2017 = CARTESIAN_POINT('',(-8.,8.,8.));
#2018 = DIRECTION('',(0.,0.,1.));
#2019 = DIRECTION('',(1.,0.,0.));
#2020 = ORIENTED_EDGE('',*,*,#2021,.T.);
#2021 = EDGE_CURVE('',#2013,#1600,#2022,.T.);
#2022 = LINE('',#2023,#2024);
#2023 = CARTESIAN_POINT('',(-8.6,-15.9,8.));
#2024 = VECTOR('',#2025,1.);
#2025 = DIRECTION('',(0.,1.,0.));
#2026 = ORIENTED_EDGE('',*,*,#1599,.F.);
#2027 = PLANE('',#2028);
#2028 = AXIS2_PLACEMENT_3D('',#2029,#2030,#2031);
#2029 = CARTESIAN_POINT('',(-3.324099722992,-3.324099722992,8.));
#2030 = DIRECTION('',(0.,0.,1.));
#2031 = DIRECTION('',(1.,0.,0.));
#2032 = ADVANCED_FACE('',(#2033),#2051,.T.);
#2033 = FACE_BOUND('',#2034,.T.);
#2034 = EDGE_LOOP('',(#2035,#2043,#2044,#2045));
#2035 = ORIENTED_EDGE('',*,*,#2036,.F.);
#2036 = EDGE_CURVE('',#1554,#2037,#2039,.T.);
#2037 = VERTEX_POINT('',#2038);
#2038 = CARTESIAN_POINT('',(-11.16040365499,8.6,6.8));
#2039 = LINE('',#2040,#2041);
#2040 = CARTESIAN_POINT('',(-15.9,8.6,6.8));
#2041 = VECTOR('',#2042,1.);
#2042 = DIRECTION('',(1.,0.,0.));
#2043 = ORIENTED_EDGE('',*,*,#1561,.T.);
#2044 = ORIENTED_EDGE('',*,*,#2004,.T.);
#2045 = ORIENTED_EDGE('',*,*,#2046,.T.);
#2046 = EDGE_CURVE('',#2005,#2037,#2047,.T.);
#2047 = LINE('',#2048,#2049);
#2048 = CARTESIAN_POINT('',(-11.16040365499,8.6,0.3));
#2049 = VECTOR('',#2050,1.);
#2050 = DIRECTION('',(-0.,-0.,-1.));
#2051 = PLANE('',#2052);
#2052 = AXIS2_PLACEMENT_3D('',#2053,#2054,#2055);
#2053 = CARTESIAN_POINT('',(-15.9,8.6,6.8));
#2054 = DIRECTION('',(0.,1.,0.));
#2055 = DIRECTION('',(0.,0.,1.));
#2056 = ADVANCED_FACE('',(#2057),#2076,.T.);
#2057 = FACE_BOUND('',#2058,.T.);
#2058 = EDGE_LOOP('',(#2059,#2068,#2074,#2075));
#2059 = ORIENTED_EDGE('',*,*,#2060,.F.);
#2060 = EDGE_CURVE('',#2061,#2037,#2063,.T.);
#2061 = VERTEX_POINT('',#2062);
#2062 = CARTESIAN_POINT('',(-11.16040365499,7.4,6.8));
#2063 = CIRCLE('',#2064,3.216854249492);
#2064 = AXIS2_PLACEMENT_3D('',#2065,#2066,#2067);
#2065 = CARTESIAN_POINT('',(-8.,8.,6.8));
#2066 = DIRECTION('',(0.,0.,-1.));
#2067 = DIRECTION('',(1.,0.,0.));
#2068 = ORIENTED_EDGE('',*,*,#2069,.F.);
#2069 = EDGE_CURVE('',#1546,#2061,#2070,.T.);
#2070 = LINE('',#2071,#2072);
#2071 = CARTESIAN_POINT('',(-15.9,7.4,6.8));
#2072 = VECTOR('',#2073,1.);
#2073 = DIRECTION('',(1.,0.,0.));
#2074 = ORIENTED_EDGE('',*,*,#1553,.T.);
#2075 = ORIENTED_EDGE('',*,*,#2036,.T.);
#2076 = PLANE('',#2077);
#2077 = AXIS2_PLACEMENT_3D('',#2078,#2079,#2080);
#2078 = CARTESIAN_POINT('',(-7.09814720662E-16,-7.425754000772E-16,6.8)
  );
#2079 = DIRECTION('',(-0.,-0.,-1.));
#2080 = DIRECTION('',(-1.,0.,0.));
#2081 = ADVANCED_FACE('',(#2082),#2100,.F.);
#2082 = FACE_BOUND('',#2083,.F.);
#2083 = EDGE_LOOP('',(#2084,#2085,#2086,#2094));
#2084 = ORIENTED_EDGE('',*,*,#2069,.F.);
#2085 = ORIENTED_EDGE('',*,*,#1545,.T.);
#2086 = ORIENTED_EDGE('',*,*,#2087,.T.);
#2087 = EDGE_CURVE('',#1538,#2088,#2090,.T.);
#2088 = VERTEX_POINT('',#2089);
#2089 = CARTESIAN_POINT('',(-11.16040365499,7.4,8.));
#2090 = LINE('',#2091,#2092);
#2091 = CARTESIAN_POINT('',(-15.9,7.4,8.));
#2092 = VECTOR('',#2093,1.);
#2093 = DIRECTION('',(1.,0.,0.));
#2094 = ORIENTED_EDGE('',*,*,#2095,.T.);
#2095 = EDGE_CURVE('',#2088,#2061,#2096,.T.);
#2096 = LINE('',#2097,#2098);
#2097 = CARTESIAN_POINT('',(-11.16040365499,7.4,0.3));
#2098 = VECTOR('',#2099,1.);
#2099 = DIRECTION('',(-0.,-0.,-1.));
#2100 = PLANE('',#2101);
#2101 = AXIS2_PLACEMENT_3D('',#2102,#2103,#2104);
#2102 = CARTESIAN_POINT('',(-15.9,7.4,6.8));
#2103 = DIRECTION('',(0.,1.,0.));
#2104 = DIRECTION('',(0.,0.,1.));
#2105 = ADVANCED_FACE('',(#2106),#2142,.F.);
#2106 = FACE_BOUND('',#2107,.F.);
#2107 = EDGE_LOOP('',(#2108,#2109,#2117,#2126,#2134,#2141));
#2108 = ORIENTED_EDGE('',*,*,#1537,.F.);
#2109 = ORIENTED_EDGE('',*,*,#2110,.T.);
#2110 = EDGE_CURVE('',#1530,#2111,#2113,.T.);
#2111 = VERTEX_POINT('',#2112);
#2112 = CARTESIAN_POINT('',(-11.16040365499,0.6,8.));
#2113 = LINE('',#2114,#2115);
#2114 = CARTESIAN_POINT('',(-15.9,0.6,8.));
#2115 = VECTOR('',#2116,1.);
#2116 = DIRECTION('',(1.,0.,0.));
#2117 = ORIENTED_EDGE('',*,*,#2118,.F.);
#2118 = EDGE_CURVE('',#2119,#2111,#2121,.T.);
#2119 = VERTEX_POINT('',#2120);
#2120 = CARTESIAN_POINT('',(-8.6,3.160403654991,8.));
#2121 = CIRCLE('',#2122,3.216854249492);
#2122 = AXIS2_PLACEMENT_3D('',#2123,#2124,#2125);
#2123 = CARTESIAN_POINT('',(-8.,0.,8.));
#2124 = DIRECTION('',(0.,0.,1.));
#2125 = DIRECTION('',(1.,0.,0.));
#2126 = ORIENTED_EDGE('',*,*,#2127,.T.);
#2127 = EDGE_CURVE('',#2119,#2128,#2130,.T.);
#2128 = VERTEX_POINT('',#2129);
#2129 = CARTESIAN_POINT('',(-8.6,4.839596345009,8.));
#2130 = LINE('',#2131,#2132);
#2131 = CARTESIAN_POINT('',(-8.6,-15.9,8.));
#2132 = VECTOR('',#2133,1.);
#2133 = DIRECTION('',(0.,1.,0.));
#2134 = ORIENTED_EDGE('',*,*,#2135,.F.);
#2135 = EDGE_CURVE('',#2088,#2128,#2136,.T.);
#2136 = CIRCLE('',#2137,3.216854249492);
#2137 = AXIS2_PLACEMENT_3D('',#2138,#2139,#2140);
#2138 = CARTESIAN_POINT('',(-8.,8.,8.));
#2139 = DIRECTION('',(0.,0.,1.));
#2140 = DIRECTION('',(1.,0.,0.));
#2141 = ORIENTED_EDGE('',*,*,#2087,.F.);
#2142 = PLANE('',#2143);
#2143 = AXIS2_PLACEMENT_3D('',#2144,#2145,#2146);
#2144 = CARTESIAN_POINT('',(-3.324099722992,-3.324099722992,8.));
#2145 = DIRECTION('',(0.,0.,1.));
#2146 = DIRECTION('',(1.,0.,0.));
#2147 = ADVANCED_FACE('',(#2148),#2166,.T.);
#2148 = FACE_BOUND('',#2149,.T.);
#2149 = EDGE_LOOP('',(#2150,#2158,#2159,#2160));
#2150 = ORIENTED_EDGE('',*,*,#2151,.F.);
#2151 = EDGE_CURVE('',#1522,#2152,#2154,.T.);
#2152 = VERTEX_POINT('',#2153);
#2153 = CARTESIAN_POINT('',(-11.16040365499,0.6,6.8));
#2154 = LINE('',#2155,#2156);
#2155 = CARTESIAN_POINT('',(-15.9,0.6,6.8));
#2156 = VECTOR('',#2157,1.);
#2157 = DIRECTION('',(1.,0.,0.));
#2158 = ORIENTED_EDGE('',*,*,#1529,.T.);
#2159 = ORIENTED_EDGE('',*,*,#2110,.T.);
#2160 = ORIENTED_EDGE('',*,*,#2161,.T.);
#2161 = EDGE_CURVE('',#2111,#2152,#2162,.T.);
#2162 = LINE('',#2163,#2164);
#2163 = CARTESIAN_POINT('',(-11.16040365499,0.6,0.3));
#2164 = VECTOR('',#2165,1.);
#2165 = DIRECTION('',(-0.,-0.,-1.));
#2166 = PLANE('',#2167);
#2167 = AXIS2_PLACEMENT_3D('',#2168,#2169,#2170);
#2168 = CARTESIAN_POINT('',(-15.9,0.6,6.8));
#2169 = DIRECTION('',(0.,1.,0.));
#2170 = DIRECTION('',(0.,0.,1.));
#2171 = ADVANCED_FACE('',(#2172),#2191,.T.);
#2172 = FACE_BOUND('',#2173,.T.);
#2173 = EDGE_LOOP('',(#2174,#2183,#2189,#2190));
#2174 = ORIENTED_EDGE('',*,*,#2175,.F.);
#2175 = EDGE_CURVE('',#2176,#2152,#2178,.T.);
#2176 = VERTEX_POINT('',#2177);
#2177 = CARTESIAN_POINT('',(-11.16040365499,-0.6,6.8));
#2178 = CIRCLE('',#2179,3.216854249492);
#2179 = AXIS2_PLACEMENT_3D('',#2180,#2181,#2182);
#2180 = CARTESIAN_POINT('',(-8.,0.,6.8));
#2181 = DIRECTION('',(0.,0.,-1.));
#2182 = DIRECTION('',(1.,0.,0.));
#2183 = ORIENTED_EDGE('',*,*,#2184,.F.);
#2184 = EDGE_CURVE('',#1514,#2176,#2185,.T.);
#2185 = LINE('',#2186,#2187);
#2186 = CARTESIAN_POINT('',(-15.9,-0.6,6.8));
#2187 = VECTOR('',#2188,1.);
#2188 = DIRECTION('',(1.,0.,0.));
#2189 = ORIENTED_EDGE('',*,*,#1521,.T.);
#2190 = ORIENTED_EDGE('',*,*,#2151,.T.);
#2191 = PLANE('',#2192);
#2192 = AXIS2_PLACEMENT_3D('',#2193,#2194,#2195);
#2193 = CARTESIAN_POINT('',(-7.09814720662E-16,-7.425754000772E-16,6.8)
  );
#2194 = DIRECTION('',(-0.,-0.,-1.));
#2195 = DIRECTION('',(-1.,0.,0.));
#2196 = ADVANCED_FACE('',(#2197),#2215,.F.);
#2197 = FACE_BOUND('',#2198,.F.);
#2198 = EDGE_LOOP('',(#2199,#2200,#2201,#2209));
#2199 = ORIENTED_EDGE('',*,*,#2184,.F.);
#2200 = ORIENTED_EDGE('',*,*,#1513,.T.);
#2201 = ORIENTED_EDGE('',*,*,#2202,.T.);
#2202 = EDGE_CURVE('',#1506,#2203,#2205,.T.);
#2203 = VERTEX_POINT('',#2204);
#2204 = CARTESIAN_POINT('',(-11.16040365499,-0.6,8.));
#2205 = LINE('',#2206,#2207);
#2206 = CARTESIAN_POINT('',(-15.9,-0.6,8.));
#2207 = VECTOR('',#2208,1.);
#2208 = DIRECTION('',(1.,0.,0.));
#2209 = ORIENTED_EDGE('',*,*,#2210,.T.);
#2210 = EDGE_CURVE('',#2203,#2176,#2211,.T.);
#2211 = LINE('',#2212,#2213);
#2212 = CARTESIAN_POINT('',(-11.16040365499,-0.6,0.3));
#2213 = VECTOR('',#2214,1.);
#2214 = DIRECTION('',(-0.,-0.,-1.));
#2215 = PLANE('',#2216);
#2216 = AXIS2_PLACEMENT_3D('',#2217,#2218,#2219);
#2217 = CARTESIAN_POINT('',(-15.9,-0.6,6.8));
#2218 = DIRECTION('',(0.,1.,0.));
#2219 = DIRECTION('',(0.,0.,1.));
#2220 = ADVANCED_FACE('',(#2221),#2257,.F.);
#2221 = FACE_BOUND('',#2222,.F.);
#2222 = EDGE_LOOP('',(#2223,#2224,#2232,#2241,#2249,#2256));
#2223 = ORIENTED_EDGE('',*,*,#1505,.F.);
#2224 = ORIENTED_EDGE('',*,*,#2225,.T.);
#2225 = EDGE_CURVE('',#1498,#2226,#2228,.T.);
#2226 = VERTEX_POINT('',#2227);
#2227 = CARTESIAN_POINT('',(-11.16040365499,-7.4,8.));
#2228 = LINE('',#2229,#2230);
#2229 = CARTESIAN_POINT('',(-15.9,-7.4,8.));
#2230 = VECTOR('',#2231,1.);
#2231 = DIRECTION('',(1.,0.,0.));
#2232 = ORIENTED_EDGE('',*,*,#2233,.F.);
#2233 = EDGE_CURVE('',#2234,#2226,#2236,.T.);
#2234 = VERTEX_POINT('',#2235);
#2235 = CARTESIAN_POINT('',(-8.6,-4.839596345009,8.));
#2236 = CIRCLE('',#2237,3.216854249492);
#2237 = AXIS2_PLACEMENT_3D('',#2238,#2239,#2240);
#2238 = CARTESIAN_POINT('',(-8.,-8.,8.));
#2239 = DIRECTION('',(0.,0.,1.));
#2240 = DIRECTION('',(1.,0.,0.));
#2241 = ORIENTED_EDGE('',*,*,#2242,.T.);
#2242 = EDGE_CURVE('',#2234,#2243,#2245,.T.);
#2243 = VERTEX_POINT('',#2244);
#2244 = CARTESIAN_POINT('',(-8.6,-3.160403654991,8.));
#2245 = LINE('',#2246,#2247);
#2246 = CARTESIAN_POINT('',(-8.6,-15.9,8.));
#2247 = VECTOR('',#2248,1.);
#2248 = DIRECTION('',(0.,1.,0.));
#2249 = ORIENTED_EDGE('',*,*,#2250,.F.);
#2250 = EDGE_CURVE('',#2203,#2243,#2251,.T.);
#2251 = CIRCLE('',#2252,3.216854249492);
#2252 = AXIS2_PLACEMENT_3D('',#2253,#2254,#2255);
#2253 = CARTESIAN_POINT('',(-8.,0.,8.));
#2254 = DIRECTION('',(0.,0.,1.));
#2255 = DIRECTION('',(1.,0.,0.));
#2256 = ORIENTED_EDGE('',*,*,#2202,.F.);
#2257 = PLANE('',#2258);
#2258 = AXIS2_PLACEMENT_3D('',#2259,#2260,#2261);
#2259 = CARTESIAN_POINT('',(-3.324099722992,-3.324099722992,8.));
#2260 = DIRECTION('',(0.,0.,1.));
#2261 = DIRECTION('',(1.,0.,0.));
#2262 = ADVANCED_FACE('',(#2263),#2281,.T.);
#2263 = FACE_BOUND('',#2264,.T.);
#2264 = EDGE_LOOP('',(#2265,#2273,#2274,#2275));
#2265 = ORIENTED_EDGE('',*,*,#2266,.F.);
#2266 = EDGE_CURVE('',#1490,#2267,#2269,.T.);
#2267 = VERTEX_POINT('',#2268);
#2268 = CARTESIAN_POINT('',(-11.16040365499,-7.4,6.8));
#2269 = LINE('',#2270,#2271);
#2270 = CARTESIAN_POINT('',(-15.9,-7.4,6.8));
#2271 = VECTOR('',#2272,1.);
#2272 = DIRECTION('',(1.,0.,0.));
#2273 = ORIENTED_EDGE('',*,*,#1497,.T.);
#2274 = ORIENTED_EDGE('',*,*,#2225,.T.);
#2275 = ORIENTED_EDGE('',*,*,#2276,.T.);
#2276 = EDGE_CURVE('',#2226,#2267,#2277,.T.);
#2277 = LINE('',#2278,#2279);
#2278 = CARTESIAN_POINT('',(-11.16040365499,-7.4,0.3));
#2279 = VECTOR('',#2280,1.);
#2280 = DIRECTION('',(-0.,-0.,-1.));
#2281 = PLANE('',#2282);
#2282 = AXIS2_PLACEMENT_3D('',#2283,#2284,#2285);
#2283 = CARTESIAN_POINT('',(-15.9,-7.4,6.8));
#2284 = DIRECTION('',(0.,1.,0.));
#2285 = DIRECTION('',(0.,0.,1.));
#2286 = ADVANCED_FACE('',(#2287),#2306,.T.);
#2287 = FACE_BOUND('',#2288,.T.);
#2288 = EDGE_LOOP('',(#2289,#2298,#2304,#2305));
#2289 = ORIENTED_EDGE('',*,*,#2290,.F.);
#2290 = EDGE_CURVE('',#2291,#2267,#2293,.T.);
#2291 = VERTEX_POINT('',#2292);
#2292 = CARTESIAN_POINT('',(-11.16040365499,-8.6,6.8));
#2293 = CIRCLE('',#2294,3.216854249492);
#2294 = AXIS2_PLACEMENT_3D('',#2295,#2296,#2297);
#2295 = CARTESIAN_POINT('',(-8.,-8.,6.8));
#2296 = DIRECTION('',(0.,0.,-1.));
#2297 = DIRECTION('',(1.,0.,0.));
#2298 = ORIENTED_EDGE('',*,*,#2299,.F.);
#2299 = EDGE_CURVE('',#1482,#2291,#2300,.T.);
#2300 = LINE('',#2301,#2302);
#2301 = CARTESIAN_POINT('',(-15.9,-8.6,6.8));
#2302 = VECTOR('',#2303,1.);
#2303 = DIRECTION('',(1.,0.,0.));
#2304 = ORIENTED_EDGE('',*,*,#1489,.T.);
#2305 = ORIENTED_EDGE('',*,*,#2266,.T.);
#2306 = PLANE('',#2307);
#2307 = AXIS2_PLACEMENT_3D('',#2308,#2309,#2310);
#2308 = CARTESIAN_POINT('',(-7.09814720662E-16,-7.425754000772E-16,6.8)
  );
#2309 = DIRECTION('',(-0.,-0.,-1.));
#2310 = DIRECTION('',(-1.,0.,0.));
#2311 = ADVANCED_FACE('',(#2312),#2330,.F.);
#2312 = FACE_BOUND('',#2313,.F.);
#2313 = EDGE_LOOP('',(#2314,#2315,#2316,#2324));
#2314 = ORIENTED_EDGE('',*,*,#2299,.F.);
#2315 = ORIENTED_EDGE('',*,*,#1481,.T.);
#2316 = ORIENTED_EDGE('',*,*,#2317,.T.);
#2317 = EDGE_CURVE('',#1474,#2318,#2320,.T.);
#2318 = VERTEX_POINT('',#2319);
#2319 = CARTESIAN_POINT('',(-11.16040365499,-8.6,8.));
#2320 = LINE('',#2321,#2322);
#2321 = CARTESIAN_POINT('',(-15.9,-8.6,8.));
#2322 = VECTOR('',#2323,1.);
#2323 = DIRECTION('',(1.,0.,0.));
#2324 = ORIENTED_EDGE('',*,*,#2325,.T.);
#2325 = EDGE_CURVE('',#2318,#2291,#2326,.T.);
#2326 = LINE('',#2327,#2328);
#2327 = CARTESIAN_POINT('',(-11.16040365499,-8.6,0.3));
#2328 = VECTOR('',#2329,1.);
#2329 = DIRECTION('',(-0.,-0.,-1.));
#2330 = PLANE('',#2331);
#2331 = AXIS2_PLACEMENT_3D('',#2332,#2333,#2334);
#2332 = CARTESIAN_POINT('',(-15.9,-8.6,6.8));
#2333 = DIRECTION('',(0.,1.,0.));
#2334 = DIRECTION('',(0.,0.,1.));
#2335 = ADVANCED_FACE('',(#2336),#2356,.F.);
#2336 = FACE_BOUND('',#2337,.F.);
#2337 = EDGE_LOOP('',(#2338,#2339,#2340,#2348,#2355));
#2338 = ORIENTED_EDGE('',*,*,#1473,.F.);
#2339 = ORIENTED_EDGE('',*,*,#1892,.T.);
#2340 = ORIENTED_EDGE('',*,*,#2341,.T.);
#2341 = EDGE_CURVE('',#1893,#2342,#2344,.T.);
#2342 = VERTEX_POINT('',#2343);
#2343 = CARTESIAN_POINT('',(-8.6,-11.16040365499,8.));
#2344 = LINE('',#2345,#2346);
#2345 = CARTESIAN_POINT('',(-8.6,-15.9,8.));
#2346 = VECTOR('',#2347,1.);
#2347 = DIRECTION('',(0.,1.,0.));
#2348 = ORIENTED_EDGE('',*,*,#2349,.F.);
#2349 = EDGE_CURVE('',#2318,#2342,#2350,.T.);
#2350 = CIRCLE('',#2351,3.216854249492);
#2351 = AXIS2_PLACEMENT_3D('',#2352,#2353,#2354);
#2352 = CARTESIAN_POINT('',(-8.,-8.,8.));
#2353 = DIRECTION('',(0.,0.,1.));
#2354 = DIRECTION('',(1.,0.,0.));
#2355 = ORIENTED_EDGE('',*,*,#2317,.F.);
#2356 = PLANE('',#2357);
#2357 = AXIS2_PLACEMENT_3D('',#2358,#2359,#2360);
#2358 = CARTESIAN_POINT('',(-3.324099722992,-3.324099722992,8.));
#2359 = DIRECTION('',(0.,0.,1.));
#2360 = DIRECTION('',(1.,0.,0.));
#2361 = ADVANCED_FACE('',(#2362),#2389,.F.);
#2362 = FACE_BOUND('',#2363,.F.);
#2363 = EDGE_LOOP('',(#2364,#2365,#2373,#2382,#2388));
#2364 = ORIENTED_EDGE('',*,*,#1631,.F.);
#2365 = ORIENTED_EDGE('',*,*,#2366,.F.);
#2366 = EDGE_CURVE('',#2367,#1624,#2369,.T.);
#2367 = VERTEX_POINT('',#2368);
#2368 = CARTESIAN_POINT('',(-7.4,11.16040365499,8.));
#2369 = LINE('',#2370,#2371);
#2370 = CARTESIAN_POINT('',(-7.4,-15.9,8.));
#2371 = VECTOR('',#2372,1.);
#2372 = DIRECTION('',(0.,1.,0.));
#2373 = ORIENTED_EDGE('',*,*,#2374,.F.);
#2374 = EDGE_CURVE('',#2375,#2367,#2377,.T.);
#2375 = VERTEX_POINT('',#2376);
#2376 = CARTESIAN_POINT('',(-4.83959634501,8.6,8.));
#2377 = CIRCLE('',#2378,3.216854249492);
#2378 = AXIS2_PLACEMENT_3D('',#2379,#2380,#2381);
#2379 = CARTESIAN_POINT('',(-8.,8.,8.));
#2380 = DIRECTION('',(0.,0.,1.));
#2381 = DIRECTION('',(1.,0.,0.));
#2382 = ORIENTED_EDGE('',*,*,#2383,.T.);
#2383 = EDGE_CURVE('',#2375,#1669,#2384,.T.);
#2384 = LINE('',#2385,#2386);
#2385 = CARTESIAN_POINT('',(-15.9,8.6,8.));
#2386 = VECTOR('',#2387,1.);
#2387 = DIRECTION('',(1.,0.,0.));
#2388 = ORIENTED_EDGE('',*,*,#1668,.T.);
#2389 = PLANE('',#2390);
#2390 = AXIS2_PLACEMENT_3D('',#2391,#2392,#2393);
#2391 = CARTESIAN_POINT('',(-3.324099722992,-3.324099722992,8.));
#2392 = DIRECTION('',(0.,0.,1.));
#2393 = DIRECTION('',(1.,0.,0.));
#2394 = ADVANCED_FACE('',(#2395),#2413,.T.);
#2395 = FACE_BOUND('',#2396,.T.);
#2396 = EDGE_LOOP('',(#2397,#2398,#2406,#2412));
#2397 = ORIENTED_EDGE('',*,*,#2366,.F.);
#2398 = ORIENTED_EDGE('',*,*,#2399,.T.);
#2399 = EDGE_CURVE('',#2367,#2400,#2402,.T.);
#2400 = VERTEX_POINT('',#2401);
#2401 = CARTESIAN_POINT('',(-7.4,11.16040365499,6.8));
#2402 = LINE('',#2403,#2404);
#2403 = CARTESIAN_POINT('',(-7.4,11.16040365499,0.3));
#2404 = VECTOR('',#2405,1.);
#2405 = DIRECTION('',(-0.,-0.,-1.));
#2406 = ORIENTED_EDGE('',*,*,#2407,.T.);
#2407 = EDGE_CURVE('',#2400,#1616,#2408,.T.);
#2408 = LINE('',#2409,#2410);
#2409 = CARTESIAN_POINT('',(-7.4,-15.9,6.8));
#2410 = VECTOR('',#2411,1.);
#2411 = DIRECTION('',(0.,1.,0.));
#2412 = ORIENTED_EDGE('',*,*,#1623,.T.);
#2413 = PLANE('',#2414);
#2414 = AXIS2_PLACEMENT_3D('',#2415,#2416,#2417);
#2415 = CARTESIAN_POINT('',(-7.4,-15.9,6.8));
#2416 = DIRECTION('',(1.,0.,0.));
#2417 = DIRECTION('',(0.,0.,1.));
#2418 = ADVANCED_FACE('',(#2419),#2438,.T.);
#2419 = FACE_BOUND('',#2420,.T.);
#2420 = EDGE_LOOP('',(#2421,#2430,#2436,#2437));
#2421 = ORIENTED_EDGE('',*,*,#2422,.F.);
#2422 = EDGE_CURVE('',#2423,#2400,#2425,.T.);
#2423 = VERTEX_POINT('',#2424);
#2424 = CARTESIAN_POINT('',(-8.6,11.16040365499,6.8));
#2425 = CIRCLE('',#2426,3.216854249492);
#2426 = AXIS2_PLACEMENT_3D('',#2427,#2428,#2429);
#2427 = CARTESIAN_POINT('',(-8.,8.,6.8));
#2428 = DIRECTION('',(0.,0.,-1.));
#2429 = DIRECTION('',(1.,0.,0.));
#2430 = ORIENTED_EDGE('',*,*,#2431,.T.);
#2431 = EDGE_CURVE('',#2423,#1608,#2432,.T.);
#2432 = LINE('',#2433,#2434);
#2433 = CARTESIAN_POINT('',(-8.6,-15.9,6.8));
#2434 = VECTOR('',#2435,1.);
#2435 = DIRECTION('',(0.,1.,0.));
#2436 = ORIENTED_EDGE('',*,*,#1615,.T.);
#2437 = ORIENTED_EDGE('',*,*,#2407,.F.);
#2438 = PLANE('',#2439);
#2439 = AXIS2_PLACEMENT_3D('',#2440,#2441,#2442);
#2440 = CARTESIAN_POINT('',(-7.09814720662E-16,-7.425754000772E-16,6.8)
  );
#2441 = DIRECTION('',(-0.,-0.,-1.));
#2442 = DIRECTION('',(-1.,0.,0.));
#2443 = ADVANCED_FACE('',(#2444),#2455,.F.);
#2444 = FACE_BOUND('',#2445,.F.);
#2445 = EDGE_LOOP('',(#2446,#2447,#2453,#2454));
#2446 = ORIENTED_EDGE('',*,*,#2021,.F.);
#2447 = ORIENTED_EDGE('',*,*,#2448,.T.);
#2448 = EDGE_CURVE('',#2013,#2423,#2449,.T.);
#2449 = LINE('',#2450,#2451);
#2450 = CARTESIAN_POINT('',(-8.6,11.16040365499,0.3));
#2451 = VECTOR('',#2452,1.);
#2452 = DIRECTION('',(-0.,-0.,-1.));
#2453 = ORIENTED_EDGE('',*,*,#2431,.T.);
#2454 = ORIENTED_EDGE('',*,*,#1607,.T.);
#2455 = PLANE('',#2456);
#2456 = AXIS2_PLACEMENT_3D('',#2457,#2458,#2459);
#2457 = CARTESIAN_POINT('',(-8.6,-15.9,6.8));
#2458 = DIRECTION('',(1.,0.,0.));
#2459 = DIRECTION('',(0.,0.,1.));
#2460 = ADVANCED_FACE('',(#2461),#2495,.F.);
#2461 = FACE_BOUND('',#2462,.F.);
#2462 = EDGE_LOOP('',(#2463,#2471,#2472,#2478,#2479,#2480,#2488));
#2463 = ORIENTED_EDGE('',*,*,#2464,.F.);
#2464 = EDGE_CURVE('',#1917,#2465,#2467,.T.);
#2465 = VERTEX_POINT('',#2466);
#2466 = CARTESIAN_POINT('',(-7.4,-11.16040365499,8.));
#2467 = LINE('',#2468,#2469);
#2468 = CARTESIAN_POINT('',(-7.4,-15.9,8.));
#2469 = VECTOR('',#2470,1.);
#2470 = DIRECTION('',(0.,1.,0.));
#2471 = ORIENTED_EDGE('',*,*,#1924,.T.);
#2472 = ORIENTED_EDGE('',*,*,#2473,.T.);
#2473 = EDGE_CURVE('',#1925,#1781,#2474,.T.);
#2474 = LINE('',#2475,#2476);
#2475 = CARTESIAN_POINT('',(-0.6,-15.9,8.));
#2476 = VECTOR('',#2477,1.);
#2477 = DIRECTION('',(0.,1.,0.));
#2478 = ORIENTED_EDGE('',*,*,#1780,.F.);
#2479 = ORIENTED_EDGE('',*,*,#1764,.T.);
#2480 = ORIENTED_EDGE('',*,*,#2481,.F.);
#2481 = EDGE_CURVE('',#2482,#1757,#2484,.T.);
#2482 = VERTEX_POINT('',#2483);
#2483 = CARTESIAN_POINT('',(-4.83959634501,-8.6,8.));
#2484 = LINE('',#2485,#2486);
#2485 = CARTESIAN_POINT('',(-15.9,-8.6,8.));
#2486 = VECTOR('',#2487,1.);
#2487 = DIRECTION('',(1.,0.,0.));
#2488 = ORIENTED_EDGE('',*,*,#2489,.F.);
#2489 = EDGE_CURVE('',#2465,#2482,#2490,.T.);
#2490 = CIRCLE('',#2491,3.216854249492);
#2491 = AXIS2_PLACEMENT_3D('',#2492,#2493,#2494);
#2492 = CARTESIAN_POINT('',(-8.,-8.,8.));
#2493 = DIRECTION('',(0.,0.,1.));
#2494 = DIRECTION('',(1.,0.,0.));
#2495 = PLANE('',#2496);
#2496 = AXIS2_PLACEMENT_3D('',#2497,#2498,#2499);
#2497 = CARTESIAN_POINT('',(-3.324099722992,-3.324099722992,8.));
#2498 = DIRECTION('',(0.,0.,1.));
#2499 = DIRECTION('',(1.,0.,0.));
#2500 = ADVANCED_FACE('',(#2501),#2519,.F.);
#2501 = FACE_BOUND('',#2502,.F.);
#2502 = EDGE_LOOP('',(#2503,#2511,#2517,#2518));
#2503 = ORIENTED_EDGE('',*,*,#2504,.F.);
#2504 = EDGE_CURVE('',#2505,#1749,#2507,.T.);
#2505 = VERTEX_POINT('',#2506);
#2506 = CARTESIAN_POINT('',(-4.83959634501,-8.6,6.8));
#2507 = LINE('',#2508,#2509);
#2508 = CARTESIAN_POINT('',(-15.9,-8.6,6.8));
#2509 = VECTOR('',#2510,1.);
#2510 = DIRECTION('',(1.,0.,0.));
#2511 = ORIENTED_EDGE('',*,*,#2512,.F.);
#2512 = EDGE_CURVE('',#2482,#2505,#2513,.T.);
#2513 = LINE('',#2514,#2515);
#2514 = CARTESIAN_POINT('',(-4.83959634501,-8.6,0.3));
#2515 = VECTOR('',#2516,1.);
#2516 = DIRECTION('',(-0.,-0.,-1.));
#2517 = ORIENTED_EDGE('',*,*,#2481,.T.);
#2518 = ORIENTED_EDGE('',*,*,#1756,.T.);
#2519 = PLANE('',#2520);
#2520 = AXIS2_PLACEMENT_3D('',#2521,#2522,#2523);
#2521 = CARTESIAN_POINT('',(-15.9,-8.6,6.8));
#2522 = DIRECTION('',(0.,1.,0.));
#2523 = DIRECTION('',(0.,0.,1.));
#2524 = ADVANCED_FACE('',(#2525),#2553,.T.);
#2525 = FACE_BOUND('',#2526,.T.);
#2526 = EDGE_LOOP('',(#2527,#2528,#2537,#2546,#2552));
#2527 = ORIENTED_EDGE('',*,*,#2504,.F.);
#2528 = ORIENTED_EDGE('',*,*,#2529,.F.);
#2529 = EDGE_CURVE('',#2530,#2505,#2532,.T.);
#2530 = VERTEX_POINT('',#2531);
#2531 = CARTESIAN_POINT('',(-4.783145750508,-8.,6.8));
#2532 = CIRCLE('',#2533,3.216854249492);
#2533 = AXIS2_PLACEMENT_3D('',#2534,#2535,#2536);
#2534 = CARTESIAN_POINT('',(-8.,-8.,6.8));
#2535 = DIRECTION('',(0.,0.,-1.));
#2536 = DIRECTION('',(1.,0.,0.));
#2537 = ORIENTED_EDGE('',*,*,#2538,.F.);
#2538 = EDGE_CURVE('',#2539,#2530,#2541,.T.);
#2539 = VERTEX_POINT('',#2540);
#2540 = CARTESIAN_POINT('',(-4.83959634501,-7.4,6.8));
#2541 = CIRCLE('',#2542,3.216854249492);
#2542 = AXIS2_PLACEMENT_3D('',#2543,#2544,#2545);
#2543 = CARTESIAN_POINT('',(-8.,-8.,6.8));
#2544 = DIRECTION('',(0.,0.,-1.));
#2545 = DIRECTION('',(1.,0.,0.));
#2546 = ORIENTED_EDGE('',*,*,#2547,.T.);
#2547 = EDGE_CURVE('',#2539,#1741,#2548,.T.);
#2548 = LINE('',#2549,#2550);
#2549 = CARTESIAN_POINT('',(-15.9,-7.4,6.8));
#2550 = VECTOR('',#2551,1.);
#2551 = DIRECTION('',(1.,0.,0.));
#2552 = ORIENTED_EDGE('',*,*,#1748,.T.);
#2553 = PLANE('',#2554);
#2554 = AXIS2_PLACEMENT_3D('',#2555,#2556,#2557);
#2555 = CARTESIAN_POINT('',(-7.09814720662E-16,-7.425754000772E-16,6.8)
  );
#2556 = DIRECTION('',(-0.,-0.,-1.));
#2557 = DIRECTION('',(-1.,0.,0.));
#2558 = ADVANCED_FACE('',(#2559),#2577,.T.);
#2559 = FACE_BOUND('',#2560,.T.);
#2560 = EDGE_LOOP('',(#2561,#2562,#2570,#2576));
#2561 = ORIENTED_EDGE('',*,*,#2547,.F.);
#2562 = ORIENTED_EDGE('',*,*,#2563,.F.);
#2563 = EDGE_CURVE('',#2564,#2539,#2566,.T.);
#2564 = VERTEX_POINT('',#2565);
#2565 = CARTESIAN_POINT('',(-4.83959634501,-7.4,8.));
#2566 = LINE('',#2567,#2568);
#2567 = CARTESIAN_POINT('',(-4.83959634501,-7.4,0.3));
#2568 = VECTOR('',#2569,1.);
#2569 = DIRECTION('',(-0.,-0.,-1.));
#2570 = ORIENTED_EDGE('',*,*,#2571,.T.);
#2571 = EDGE_CURVE('',#2564,#1733,#2572,.T.);
#2572 = LINE('',#2573,#2574);
#2573 = CARTESIAN_POINT('',(-15.9,-7.4,8.));
#2574 = VECTOR('',#2575,1.);
#2575 = DIRECTION('',(1.,0.,0.));
#2576 = ORIENTED_EDGE('',*,*,#1740,.T.);
#2577 = PLANE('',#2578);
#2578 = AXIS2_PLACEMENT_3D('',#2579,#2580,#2581);
#2579 = CARTESIAN_POINT('',(-15.9,-7.4,6.8));
#2580 = DIRECTION('',(0.,1.,0.));
#2581 = DIRECTION('',(0.,0.,1.));
#2582 = ADVANCED_FACE('',(#2583),#2619,.F.);
#2583 = FACE_BOUND('',#2584,.F.);
#2584 = EDGE_LOOP('',(#2585,#2595,#2602,#2603,#2604,#2612));
#2585 = ORIENTED_EDGE('',*,*,#2586,.F.);
#2586 = EDGE_CURVE('',#2587,#2589,#2591,.T.);
#2587 = VERTEX_POINT('',#2588);
#2588 = CARTESIAN_POINT('',(-7.4,-4.83959634501,8.));
#2589 = VERTEX_POINT('',#2590);
#2590 = CARTESIAN_POINT('',(-7.4,-3.16040365499,8.));
#2591 = LINE('',#2592,#2593);
#2592 = CARTESIAN_POINT('',(-7.4,-15.9,8.));
#2593 = VECTOR('',#2594,1.);
#2594 = DIRECTION('',(0.,1.,0.));
#2595 = ORIENTED_EDGE('',*,*,#2596,.F.);
#2596 = EDGE_CURVE('',#2564,#2587,#2597,.T.);
#2597 = CIRCLE('',#2598,3.216854249492);
#2598 = AXIS2_PLACEMENT_3D('',#2599,#2600,#2601);
#2599 = CARTESIAN_POINT('',(-8.,-8.,8.));
#2600 = DIRECTION('',(0.,0.,1.));
#2601 = DIRECTION('',(1.,0.,0.));
#2602 = ORIENTED_EDGE('',*,*,#2571,.T.);
#2603 = ORIENTED_EDGE('',*,*,#1732,.T.);
#2604 = ORIENTED_EDGE('',*,*,#2605,.F.);
#2605 = EDGE_CURVE('',#2606,#1725,#2608,.T.);
#2606 = VERTEX_POINT('',#2607);
#2607 = CARTESIAN_POINT('',(-4.83959634501,-0.6,8.));
#2608 = LINE('',#2609,#2610);
#2609 = CARTESIAN_POINT('',(-15.9,-0.6,8.));
#2610 = VECTOR('',#2611,1.);
#2611 = DIRECTION('',(1.,0.,0.));
#2612 = ORIENTED_EDGE('',*,*,#2613,.F.);
#2613 = EDGE_CURVE('',#2589,#2606,#2614,.T.);
#2614 = CIRCLE('',#2615,3.216854249492);
#2615 = AXIS2_PLACEMENT_3D('',#2616,#2617,#2618);
#2616 = CARTESIAN_POINT('',(-8.,0.,8.));
#2617 = DIRECTION('',(0.,0.,1.));
#2618 = DIRECTION('',(1.,0.,0.));
#2619 = PLANE('',#2620);
#2620 = AXIS2_PLACEMENT_3D('',#2621,#2622,#2623);
#2621 = CARTESIAN_POINT('',(-3.324099722992,-3.324099722992,8.));
#2622 = DIRECTION('',(0.,0.,1.));
#2623 = DIRECTION('',(1.,0.,0.));
#2624 = ADVANCED_FACE('',(#2625),#2643,.F.);
#2625 = FACE_BOUND('',#2626,.F.);
#2626 = EDGE_LOOP('',(#2627,#2635,#2641,#2642));
#2627 = ORIENTED_EDGE('',*,*,#2628,.F.);
#2628 = EDGE_CURVE('',#2629,#1717,#2631,.T.);
#2629 = VERTEX_POINT('',#2630);
#2630 = CARTESIAN_POINT('',(-4.83959634501,-0.6,6.8));
#2631 = LINE('',#2632,#2633);
#2632 = CARTESIAN_POINT('',(-15.9,-0.6,6.8));
#2633 = VECTOR('',#2634,1.);
#2634 = DIRECTION('',(1.,0.,0.));
#2635 = ORIENTED_EDGE('',*,*,#2636,.F.);
#2636 = EDGE_CURVE('',#2606,#2629,#2637,.T.);
#2637 = LINE('',#2638,#2639);
#2638 = CARTESIAN_POINT('',(-4.83959634501,-0.6,0.3));
#2639 = VECTOR('',#2640,1.);
#2640 = DIRECTION('',(-0.,-0.,-1.));
#2641 = ORIENTED_EDGE('',*,*,#2605,.T.);
#2642 = ORIENTED_EDGE('',*,*,#1724,.T.);
#2643 = PLANE('',#2644);
#2644 = AXIS2_PLACEMENT_3D('',#2645,#2646,#2647);
#2645 = CARTESIAN_POINT('',(-15.9,-0.6,6.8));
#2646 = DIRECTION('',(0.,1.,0.));
#2647 = DIRECTION('',(0.,0.,1.));
#2648 = ADVANCED_FACE('',(#2649),#2677,.T.);
#2649 = FACE_BOUND('',#2650,.T.);
#2650 = EDGE_LOOP('',(#2651,#2652,#2661,#2670,#2676));
#2651 = ORIENTED_EDGE('',*,*,#2628,.F.);
#2652 = ORIENTED_EDGE('',*,*,#2653,.F.);
#2653 = EDGE_CURVE('',#2654,#2629,#2656,.T.);
#2654 = VERTEX_POINT('',#2655);
#2655 = CARTESIAN_POINT('',(-4.783145750508,-7.879020519929E-16,6.8));
#2656 = CIRCLE('',#2657,3.216854249492);
#2657 = AXIS2_PLACEMENT_3D('',#2658,#2659,#2660);
#2658 = CARTESIAN_POINT('',(-8.,0.,6.8));
#2659 = DIRECTION('',(0.,0.,-1.));
#2660 = DIRECTION('',(1.,0.,0.));
#2661 = ORIENTED_EDGE('',*,*,#2662,.F.);
#2662 = EDGE_CURVE('',#2663,#2654,#2665,.T.);
#2663 = VERTEX_POINT('',#2664);
#2664 = CARTESIAN_POINT('',(-4.83959634501,0.6,6.8));
#2665 = CIRCLE('',#2666,3.216854249492);
#2666 = AXIS2_PLACEMENT_3D('',#2667,#2668,#2669);
#2667 = CARTESIAN_POINT('',(-8.,0.,6.8));
#2668 = DIRECTION('',(0.,0.,-1.));
#2669 = DIRECTION('',(1.,0.,0.));
#2670 = ORIENTED_EDGE('',*,*,#2671,.T.);
#2671 = EDGE_CURVE('',#2663,#1709,#2672,.T.);
#2672 = LINE('',#2673,#2674);
#2673 = CARTESIAN_POINT('',(-15.9,0.6,6.8));
#2674 = VECTOR('',#2675,1.);
#2675 = DIRECTION('',(1.,0.,0.));
#2676 = ORIENTED_EDGE('',*,*,#1716,.T.);
#2677 = PLANE('',#2678);
#2678 = AXIS2_PLACEMENT_3D('',#2679,#2680,#2681);
#2679 = CARTESIAN_POINT('',(-7.09814720662E-16,-7.425754000772E-16,6.8)
  );
#2680 = DIRECTION('',(-0.,-0.,-1.));
#2681 = DIRECTION('',(-1.,0.,0.));
#2682 = ADVANCED_FACE('',(#2683),#2701,.T.);
#2683 = FACE_BOUND('',#2684,.T.);
#2684 = EDGE_LOOP('',(#2685,#2686,#2694,#2700));
#2685 = ORIENTED_EDGE('',*,*,#2671,.F.);
#2686 = ORIENTED_EDGE('',*,*,#2687,.F.);
#2687 = EDGE_CURVE('',#2688,#2663,#2690,.T.);
#2688 = VERTEX_POINT('',#2689);
#2689 = CARTESIAN_POINT('',(-4.83959634501,0.6,8.));
#2690 = LINE('',#2691,#2692);
#2691 = CARTESIAN_POINT('',(-4.83959634501,0.6,0.3));
#2692 = VECTOR('',#2693,1.);
#2693 = DIRECTION('',(-0.,-0.,-1.));
#2694 = ORIENTED_EDGE('',*,*,#2695,.T.);
#2695 = EDGE_CURVE('',#2688,#1701,#2696,.T.);
#2696 = LINE('',#2697,#2698);
#2697 = CARTESIAN_POINT('',(-15.9,0.6,8.));
#2698 = VECTOR('',#2699,1.);
#2699 = DIRECTION('',(1.,0.,0.));
#2700 = ORIENTED_EDGE('',*,*,#1708,.T.);
#2701 = PLANE('',#2702);
#2702 = AXIS2_PLACEMENT_3D('',#2703,#2704,#2705);
#2703 = CARTESIAN_POINT('',(-15.9,0.6,6.8));
#2704 = DIRECTION('',(0.,1.,0.));
#2705 = DIRECTION('',(0.,0.,1.));
#2706 = ADVANCED_FACE('',(#2707),#2743,.F.);
#2707 = FACE_BOUND('',#2708,.F.);
#2708 = EDGE_LOOP('',(#2709,#2719,#2726,#2727,#2728,#2736));
#2709 = ORIENTED_EDGE('',*,*,#2710,.F.);
#2710 = EDGE_CURVE('',#2711,#2713,#2715,.T.);
#2711 = VERTEX_POINT('',#2712);
#2712 = CARTESIAN_POINT('',(-7.4,3.16040365499,8.));
#2713 = VERTEX_POINT('',#2714);
#2714 = CARTESIAN_POINT('',(-7.4,4.83959634501,8.));
#2715 = LINE('',#2716,#2717);
#2716 = CARTESIAN_POINT('',(-7.4,-15.9,8.));
#2717 = VECTOR('',#2718,1.);
#2718 = DIRECTION('',(0.,1.,0.));
#2719 = ORIENTED_EDGE('',*,*,#2720,.F.);
#2720 = EDGE_CURVE('',#2688,#2711,#2721,.T.);
#2721 = CIRCLE('',#2722,3.216854249492);
#2722 = AXIS2_PLACEMENT_3D('',#2723,#2724,#2725);
#2723 = CARTESIAN_POINT('',(-8.,0.,8.));
#2724 = DIRECTION('',(0.,0.,1.));
#2725 = DIRECTION('',(1.,0.,0.));
#2726 = ORIENTED_EDGE('',*,*,#2695,.T.);
#2727 = ORIENTED_EDGE('',*,*,#1700,.T.);
#2728 = ORIENTED_EDGE('',*,*,#2729,.F.);
#2729 = EDGE_CURVE('',#2730,#1693,#2732,.T.);
#2730 = VERTEX_POINT('',#2731);
#2731 = CARTESIAN_POINT('',(-4.83959634501,7.4,8.));
#2732 = LINE('',#2733,#2734);
#2733 = CARTESIAN_POINT('',(-15.9,7.4,8.));
#2734 = VECTOR('',#2735,1.);
#2735 = DIRECTION('',(1.,0.,0.));
#2736 = ORIENTED_EDGE('',*,*,#2737,.F.);
#2737 = EDGE_CURVE('',#2713,#2730,#2738,.T.);
#2738 = CIRCLE('',#2739,3.216854249492);
#2739 = AXIS2_PLACEMENT_3D('',#2740,#2741,#2742);
#2740 = CARTESIAN_POINT('',(-8.,8.,8.));
#2741 = DIRECTION('',(0.,0.,1.));
#2742 = DIRECTION('',(1.,0.,0.));
#2743 = PLANE('',#2744);
#2744 = AXIS2_PLACEMENT_3D('',#2745,#2746,#2747);
#2745 = CARTESIAN_POINT('',(-3.324099722992,-3.324099722992,8.));
#2746 = DIRECTION('',(0.,0.,1.));
#2747 = DIRECTION('',(1.,0.,0.));
#2748 = ADVANCED_FACE('',(#2749),#2767,.F.);
#2749 = FACE_BOUND('',#2750,.F.);
#2750 = EDGE_LOOP('',(#2751,#2759,#2765,#2766));
#2751 = ORIENTED_EDGE('',*,*,#2752,.F.);
#2752 = EDGE_CURVE('',#2753,#1685,#2755,.T.);
#2753 = VERTEX_POINT('',#2754);
#2754 = CARTESIAN_POINT('',(-4.83959634501,7.4,6.8));
#2755 = LINE('',#2756,#2757);
#2756 = CARTESIAN_POINT('',(-15.9,7.4,6.8));
#2757 = VECTOR('',#2758,1.);
#2758 = DIRECTION('',(1.,0.,0.));
#2759 = ORIENTED_EDGE('',*,*,#2760,.F.);
#2760 = EDGE_CURVE('',#2730,#2753,#2761,.T.);
#2761 = LINE('',#2762,#2763);
#2762 = CARTESIAN_POINT('',(-4.83959634501,7.4,0.3));
#2763 = VECTOR('',#2764,1.);
#2764 = DIRECTION('',(-0.,-0.,-1.));
#2765 = ORIENTED_EDGE('',*,*,#2729,.T.);
#2766 = ORIENTED_EDGE('',*,*,#1692,.T.);
#2767 = PLANE('',#2768);
#2768 = AXIS2_PLACEMENT_3D('',#2769,#2770,#2771);
#2769 = CARTESIAN_POINT('',(-15.9,7.4,6.8));
#2770 = DIRECTION('',(0.,1.,0.));
#2771 = DIRECTION('',(0.,0.,1.));
#2772 = ADVANCED_FACE('',(#2773),#2801,.T.);
#2773 = FACE_BOUND('',#2774,.T.);
#2774 = EDGE_LOOP('',(#2775,#2776,#2785,#2794,#2800));
#2775 = ORIENTED_EDGE('',*,*,#2752,.F.);
#2776 = ORIENTED_EDGE('',*,*,#2777,.F.);
#2777 = EDGE_CURVE('',#2778,#2753,#2780,.T.);
#2778 = VERTEX_POINT('',#2779);
#2779 = CARTESIAN_POINT('',(-4.783145750508,8.,6.8));
#2780 = CIRCLE('',#2781,3.216854249492);
#2781 = AXIS2_PLACEMENT_3D('',#2782,#2783,#2784);
#2782 = CARTESIAN_POINT('',(-8.,8.,6.8));
#2783 = DIRECTION('',(0.,0.,-1.));
#2784 = DIRECTION('',(1.,0.,0.));
#2785 = ORIENTED_EDGE('',*,*,#2786,.F.);
#2786 = EDGE_CURVE('',#2787,#2778,#2789,.T.);
#2787 = VERTEX_POINT('',#2788);
#2788 = CARTESIAN_POINT('',(-4.83959634501,8.6,6.8));
#2789 = CIRCLE('',#2790,3.216854249492);
#2790 = AXIS2_PLACEMENT_3D('',#2791,#2792,#2793);
#2791 = CARTESIAN_POINT('',(-8.,8.,6.8));
#2792 = DIRECTION('',(0.,0.,-1.));
#2793 = DIRECTION('',(1.,0.,0.));
#2794 = ORIENTED_EDGE('',*,*,#2795,.T.);
#2795 = EDGE_CURVE('',#2787,#1677,#2796,.T.);
#2796 = LINE('',#2797,#2798);
#2797 = CARTESIAN_POINT('',(-15.9,8.6,6.8));
#2798 = VECTOR('',#2799,1.);
#2799 = DIRECTION('',(1.,0.,0.));
#2800 = ORIENTED_EDGE('',*,*,#1684,.T.);
#2801 = PLANE('',#2802);
#2802 = AXIS2_PLACEMENT_3D('',#2803,#2804,#2805);
#2803 = CARTESIAN_POINT('',(-7.09814720662E-16,-7.425754000772E-16,6.8)
  );
#2804 = DIRECTION('',(-0.,-0.,-1.));
#2805 = DIRECTION('',(-1.,0.,0.));
#2806 = ADVANCED_FACE('',(#2807),#2818,.T.);
#2807 = FACE_BOUND('',#2808,.T.);
#2808 = EDGE_LOOP('',(#2809,#2810,#2816,#2817));
#2809 = ORIENTED_EDGE('',*,*,#2795,.F.);
#2810 = ORIENTED_EDGE('',*,*,#2811,.F.);
#2811 = EDGE_CURVE('',#2375,#2787,#2812,.T.);
#2812 = LINE('',#2813,#2814);
#2813 = CARTESIAN_POINT('',(-4.83959634501,8.6,0.3));
#2814 = VECTOR('',#2815,1.);
#2815 = DIRECTION('',(-0.,-0.,-1.));
#2816 = ORIENTED_EDGE('',*,*,#2383,.T.);
#2817 = ORIENTED_EDGE('',*,*,#1676,.T.);
#2818 = PLANE('',#2819);
#2819 = AXIS2_PLACEMENT_3D('',#2820,#2821,#2822);
#2820 = CARTESIAN_POINT('',(-15.9,8.6,6.8));
#2821 = DIRECTION('',(0.,1.,0.));
#2822 = DIRECTION('',(0.,0.,1.));
#2823 = ADVANCED_FACE('',(#2824),#2835,.F.);
#2824 = FACE_BOUND('',#2825,.F.);
#2825 = EDGE_LOOP('',(#2826,#2832,#2833,#2834));
#2826 = ORIENTED_EDGE('',*,*,#2827,.F.);
#2827 = EDGE_CURVE('',#1981,#1837,#2828,.T.);
#2828 = LINE('',#2829,#2830);
#2829 = CARTESIAN_POINT('',(8.6,-15.9,8.));
#2830 = VECTOR('',#2831,1.);
#2831 = DIRECTION('',(0.,1.,0.));
#2832 = ORIENTED_EDGE('',*,*,#1988,.T.);
#2833 = ORIENTED_EDGE('',*,*,#1876,.T.);
#2834 = ORIENTED_EDGE('',*,*,#1844,.F.);
#2835 = PLANE('',#2836);
#2836 = AXIS2_PLACEMENT_3D('',#2837,#2838,#2839);
#2837 = CARTESIAN_POINT('',(-3.324099722992,-3.324099722992,8.));
#2838 = DIRECTION('',(0.,0.,1.));
#2839 = DIRECTION('',(1.,0.,0.));
#2840 = ADVANCED_FACE('',(#2841),#2852,.T.);
#2841 = FACE_BOUND('',#2842,.T.);
#2842 = EDGE_LOOP('',(#2843,#2844,#2845,#2851));
#2843 = ORIENTED_EDGE('',*,*,#2827,.F.);
#2844 = ORIENTED_EDGE('',*,*,#1980,.F.);
#2845 = ORIENTED_EDGE('',*,*,#2846,.T.);
#2846 = EDGE_CURVE('',#1973,#1829,#2847,.T.);
#2847 = LINE('',#2848,#2849);
#2848 = CARTESIAN_POINT('',(8.6,-15.9,6.8));
#2849 = VECTOR('',#2850,1.);
#2850 = DIRECTION('',(0.,1.,0.));
#2851 = ORIENTED_EDGE('',*,*,#1836,.T.);
#2852 = PLANE('',#2853);
#2853 = AXIS2_PLACEMENT_3D('',#2854,#2855,#2856);
#2854 = CARTESIAN_POINT('',(8.6,-15.9,6.8));
#2855 = DIRECTION('',(1.,0.,0.));
#2856 = DIRECTION('',(0.,0.,1.));
#2857 = ADVANCED_FACE('',(#2858),#2869,.T.);
#2858 = FACE_BOUND('',#2859,.T.);
#2859 = EDGE_LOOP('',(#2860,#2866,#2867,#2868));
#2860 = ORIENTED_EDGE('',*,*,#2861,.T.);
#2861 = EDGE_CURVE('',#1965,#1821,#2862,.T.);
#2862 = LINE('',#2863,#2864);
#2863 = CARTESIAN_POINT('',(7.4,-15.9,6.8));
#2864 = VECTOR('',#2865,1.);
#2865 = DIRECTION('',(0.,1.,0.));
#2866 = ORIENTED_EDGE('',*,*,#1828,.T.);
#2867 = ORIENTED_EDGE('',*,*,#2846,.F.);
#2868 = ORIENTED_EDGE('',*,*,#1972,.F.);
#2869 = PLANE('',#2870);
#2870 = AXIS2_PLACEMENT_3D('',#2871,#2872,#2873);
#2871 = CARTESIAN_POINT('',(-7.09814720662E-16,-7.425754000772E-16,6.8)
  );
#2872 = DIRECTION('',(-0.,-0.,-1.));
#2873 = DIRECTION('',(-1.,0.,0.));
#2874 = ADVANCED_FACE('',(#2875),#2886,.F.);
#2875 = FACE_BOUND('',#2876,.F.);
#2876 = EDGE_LOOP('',(#2877,#2883,#2884,#2885));
#2877 = ORIENTED_EDGE('',*,*,#2878,.F.);
#2878 = EDGE_CURVE('',#1957,#1813,#2879,.T.);
#2879 = LINE('',#2880,#2881);
#2880 = CARTESIAN_POINT('',(7.4,-15.9,8.));
#2881 = VECTOR('',#2882,1.);
#2882 = DIRECTION('',(0.,1.,0.));
#2883 = ORIENTED_EDGE('',*,*,#1964,.F.);
#2884 = ORIENTED_EDGE('',*,*,#2861,.T.);
#2885 = ORIENTED_EDGE('',*,*,#1820,.T.);
#2886 = PLANE('',#2887);
#2887 = AXIS2_PLACEMENT_3D('',#2888,#2889,#2890);
#2888 = CARTESIAN_POINT('',(7.4,-15.9,6.8));
#2889 = DIRECTION('',(1.,0.,0.));
#2890 = DIRECTION('',(0.,0.,1.));
#2891 = ADVANCED_FACE('',(#2892),#2903,.F.);
#2892 = FACE_BOUND('',#2893,.F.);
#2893 = EDGE_LOOP('',(#2894,#2900,#2901,#2902));
#2894 = ORIENTED_EDGE('',*,*,#2895,.F.);
#2895 = EDGE_CURVE('',#1949,#1805,#2896,.T.);
#2896 = LINE('',#2897,#2898);
#2897 = CARTESIAN_POINT('',(0.6,-15.9,8.));
#2898 = VECTOR('',#2899,1.);
#2899 = DIRECTION('',(0.,1.,0.));
#2900 = ORIENTED_EDGE('',*,*,#1956,.T.);
#2901 = ORIENTED_EDGE('',*,*,#2878,.T.);
#2902 = ORIENTED_EDGE('',*,*,#1812,.F.);
#2903 = PLANE('',#2904);
#2904 = AXIS2_PLACEMENT_3D('',#2905,#2906,#2907);
#2905 = CARTESIAN_POINT('',(-3.324099722992,-3.324099722992,8.));
#2906 = DIRECTION('',(0.,0.,1.));
#2907 = DIRECTION('',(1.,0.,0.));
#2908 = ADVANCED_FACE('',(#2909),#2920,.T.);
#2909 = FACE_BOUND('',#2910,.T.);
#2910 = EDGE_LOOP('',(#2911,#2912,#2913,#2919));
#2911 = ORIENTED_EDGE('',*,*,#2895,.F.);
#2912 = ORIENTED_EDGE('',*,*,#1948,.F.);
#2913 = ORIENTED_EDGE('',*,*,#2914,.T.);
#2914 = EDGE_CURVE('',#1941,#1797,#2915,.T.);
#2915 = LINE('',#2916,#2917);
#2916 = CARTESIAN_POINT('',(0.6,-15.9,6.8));
#2917 = VECTOR('',#2918,1.);
#2918 = DIRECTION('',(0.,1.,0.));
#2919 = ORIENTED_EDGE('',*,*,#1804,.T.);
#2920 = PLANE('',#2921);
#2921 = AXIS2_PLACEMENT_3D('',#2922,#2923,#2924);
#2922 = CARTESIAN_POINT('',(0.6,-15.9,6.8));
#2923 = DIRECTION('',(1.,0.,0.));
#2924 = DIRECTION('',(0.,0.,1.));
#2925 = ADVANCED_FACE('',(#2926),#2937,.T.);
#2926 = FACE_BOUND('',#2927,.T.);
#2927 = EDGE_LOOP('',(#2928,#2934,#2935,#2936));
#2928 = ORIENTED_EDGE('',*,*,#2929,.T.);
#2929 = EDGE_CURVE('',#1933,#1789,#2930,.T.);
#2930 = LINE('',#2931,#2932);
#2931 = CARTESIAN_POINT('',(-0.6,-15.9,6.8));
#2932 = VECTOR('',#2933,1.);
#2933 = DIRECTION('',(0.,1.,0.));
#2934 = ORIENTED_EDGE('',*,*,#1796,.T.);
#2935 = ORIENTED_EDGE('',*,*,#2914,.F.);
#2936 = ORIENTED_EDGE('',*,*,#1940,.F.);
#2937 = PLANE('',#2938);
#2938 = AXIS2_PLACEMENT_3D('',#2939,#2940,#2941);
#2939 = CARTESIAN_POINT('',(-7.09814720662E-16,-7.425754000772E-16,6.8)
  );
#2940 = DIRECTION('',(-0.,-0.,-1.));
#2941 = DIRECTION('',(-1.,0.,0.));
#2942 = ADVANCED_FACE('',(#2943),#2949,.F.);
#2943 = FACE_BOUND('',#2944,.F.);
#2944 = EDGE_LOOP('',(#2945,#2946,#2947,#2948));
#2945 = ORIENTED_EDGE('',*,*,#2473,.F.);
#2946 = ORIENTED_EDGE('',*,*,#1932,.F.);
#2947 = ORIENTED_EDGE('',*,*,#2929,.T.);
#2948 = ORIENTED_EDGE('',*,*,#1788,.T.);
#2949 = PLANE('',#2950);
#2950 = AXIS2_PLACEMENT_3D('',#2951,#2952,#2953);
#2951 = CARTESIAN_POINT('',(-0.6,-15.9,6.8));
#2952 = DIRECTION('',(1.,0.,0.));
#2953 = DIRECTION('',(0.,0.,1.));
#2954 = ADVANCED_FACE('',(#2955),#2973,.T.);
#2955 = FACE_BOUND('',#2956,.T.);
#2956 = EDGE_LOOP('',(#2957,#2958,#2959,#2967));
#2957 = ORIENTED_EDGE('',*,*,#2464,.F.);
#2958 = ORIENTED_EDGE('',*,*,#1916,.F.);
#2959 = ORIENTED_EDGE('',*,*,#2960,.T.);
#2960 = EDGE_CURVE('',#1909,#2961,#2963,.T.);
#2961 = VERTEX_POINT('',#2962);
#2962 = CARTESIAN_POINT('',(-7.4,-11.16040365499,6.8));
#2963 = LINE('',#2964,#2965);
#2964 = CARTESIAN_POINT('',(-7.4,-15.9,6.8));
#2965 = VECTOR('',#2966,1.);
#2966 = DIRECTION('',(0.,1.,0.));
#2967 = ORIENTED_EDGE('',*,*,#2968,.F.);
#2968 = EDGE_CURVE('',#2465,#2961,#2969,.T.);
#2969 = LINE('',#2970,#2971);
#2970 = CARTESIAN_POINT('',(-7.4,-11.16040365499,0.3));
#2971 = VECTOR('',#2972,1.);
#2972 = DIRECTION('',(-0.,-0.,-1.));
#2973 = PLANE('',#2974);
#2974 = AXIS2_PLACEMENT_3D('',#2975,#2976,#2977);
#2975 = CARTESIAN_POINT('',(-7.4,-15.9,6.8));
#2976 = DIRECTION('',(1.,0.,0.));
#2977 = DIRECTION('',(0.,0.,1.));
#2978 = ADVANCED_FACE('',(#2979),#2998,.T.);
#2979 = FACE_BOUND('',#2980,.T.);
#2980 = EDGE_LOOP('',(#2981,#2982,#2990,#2997));
#2981 = ORIENTED_EDGE('',*,*,#1908,.F.);
#2982 = ORIENTED_EDGE('',*,*,#2983,.T.);
#2983 = EDGE_CURVE('',#1901,#2984,#2986,.T.);
#2984 = VERTEX_POINT('',#2985);
#2985 = CARTESIAN_POINT('',(-8.6,-11.16040365499,6.8));
#2986 = LINE('',#2987,#2988);
#2987 = CARTESIAN_POINT('',(-8.6,-15.9,6.8));
#2988 = VECTOR('',#2989,1.);
#2989 = DIRECTION('',(0.,1.,0.));
#2990 = ORIENTED_EDGE('',*,*,#2991,.F.);
#2991 = EDGE_CURVE('',#2961,#2984,#2992,.T.);
#2992 = CIRCLE('',#2993,3.216854249492);
#2993 = AXIS2_PLACEMENT_3D('',#2994,#2995,#2996);
#2994 = CARTESIAN_POINT('',(-8.,-8.,6.8));
#2995 = DIRECTION('',(0.,0.,-1.));
#2996 = DIRECTION('',(1.,0.,0.));
#2997 = ORIENTED_EDGE('',*,*,#2960,.F.);
#2998 = PLANE('',#2999);
#2999 = AXIS2_PLACEMENT_3D('',#3000,#3001,#3002);
#3000 = CARTESIAN_POINT('',(-7.09814720662E-16,-7.425754000772E-16,6.8)
  );
#3001 = DIRECTION('',(-0.,-0.,-1.));
#3002 = DIRECTION('',(-1.,0.,0.));
#3003 = ADVANCED_FACE('',(#3004),#3015,.F.);
#3004 = FACE_BOUND('',#3005,.F.);
#3005 = EDGE_LOOP('',(#3006,#3007,#3008,#3009));
#3006 = ORIENTED_EDGE('',*,*,#2341,.F.);
#3007 = ORIENTED_EDGE('',*,*,#1900,.F.);
#3008 = ORIENTED_EDGE('',*,*,#2983,.T.);
#3009 = ORIENTED_EDGE('',*,*,#3010,.F.);
#3010 = EDGE_CURVE('',#2342,#2984,#3011,.T.);
#3011 = LINE('',#3012,#3013);
#3012 = CARTESIAN_POINT('',(-8.6,-11.16040365499,0.3));
#3013 = VECTOR('',#3014,1.);
#3014 = DIRECTION('',(-0.,-0.,-1.));
#3015 = PLANE('',#3016);
#3016 = AXIS2_PLACEMENT_3D('',#3017,#3018,#3019);
#3017 = CARTESIAN_POINT('',(-8.6,-15.9,6.8));
#3018 = DIRECTION('',(1.,0.,0.));
#3019 = DIRECTION('',(0.,0.,1.));
#3020 = ADVANCED_FACE('',(#3021),#3076,.T.);
#3021 = FACE_BOUND('',#3022,.F.);
#3022 = EDGE_LOOP('',(#3023,#3032,#3038,#3039,#3040,#3041,#3042,#3043,
    #3044,#3045,#3046,#3047,#3048,#3049,#3057,#3066,#3072,#3073,#3074,
    #3075));
#3023 = ORIENTED_EDGE('',*,*,#3024,.F.);
#3024 = EDGE_CURVE('',#3025,#3025,#3027,.T.);
#3025 = VERTEX_POINT('',#3026);
#3026 = CARTESIAN_POINT('',(-4.783145750508,8.,0.3));
#3027 = CIRCLE('',#3028,3.216854249492);
#3028 = AXIS2_PLACEMENT_3D('',#3029,#3030,#3031);
#3029 = CARTESIAN_POINT('',(-8.,8.,0.3));
#3030 = DIRECTION('',(0.,0.,1.));
#3031 = DIRECTION('',(1.,0.,0.));
#3032 = ORIENTED_EDGE('',*,*,#3033,.T.);
#3033 = EDGE_CURVE('',#3025,#2778,#3034,.T.);
#3034 = LINE('',#3035,#3036);
#3035 = CARTESIAN_POINT('',(-4.783145750508,8.,0.3));
#3036 = VECTOR('',#3037,1.);
#3037 = DIRECTION('',(0.,0.,1.));
#3038 = ORIENTED_EDGE('',*,*,#2786,.F.);
#3039 = ORIENTED_EDGE('',*,*,#2811,.F.);
#3040 = ORIENTED_EDGE('',*,*,#2374,.T.);
#3041 = ORIENTED_EDGE('',*,*,#2399,.T.);
#3042 = ORIENTED_EDGE('',*,*,#2422,.F.);
#3043 = ORIENTED_EDGE('',*,*,#2448,.F.);
#3044 = ORIENTED_EDGE('',*,*,#2012,.T.);
#3045 = ORIENTED_EDGE('',*,*,#2046,.T.);
#3046 = ORIENTED_EDGE('',*,*,#2060,.F.);
#3047 = ORIENTED_EDGE('',*,*,#2095,.F.);
#3048 = ORIENTED_EDGE('',*,*,#2135,.T.);
#3049 = ORIENTED_EDGE('',*,*,#3050,.T.);
#3050 = EDGE_CURVE('',#2128,#3051,#3053,.T.);
#3051 = VERTEX_POINT('',#3052);
#3052 = CARTESIAN_POINT('',(-8.6,4.83959634501,6.8));
#3053 = LINE('',#3054,#3055);
#3054 = CARTESIAN_POINT('',(-8.6,4.83959634501,0.3));
#3055 = VECTOR('',#3056,1.);
#3056 = DIRECTION('',(-0.,-0.,-1.));
#3057 = ORIENTED_EDGE('',*,*,#3058,.F.);
#3058 = EDGE_CURVE('',#3059,#3051,#3061,.T.);
#3059 = VERTEX_POINT('',#3060);
#3060 = CARTESIAN_POINT('',(-7.4,4.83959634501,6.8));
#3061 = CIRCLE('',#3062,3.216854249492);
#3062 = AXIS2_PLACEMENT_3D('',#3063,#3064,#3065);
#3063 = CARTESIAN_POINT('',(-8.,8.,6.8));
#3064 = DIRECTION('',(0.,0.,-1.));
#3065 = DIRECTION('',(1.,0.,0.));
#3066 = ORIENTED_EDGE('',*,*,#3067,.F.);
#3067 = EDGE_CURVE('',#2713,#3059,#3068,.T.);
#3068 = LINE('',#3069,#3070);
#3069 = CARTESIAN_POINT('',(-7.4,4.83959634501,0.3));
#3070 = VECTOR('',#3071,1.);
#3071 = DIRECTION('',(-0.,-0.,-1.));
#3072 = ORIENTED_EDGE('',*,*,#2737,.T.);
#3073 = ORIENTED_EDGE('',*,*,#2760,.T.);
#3074 = ORIENTED_EDGE('',*,*,#2777,.F.);
#3075 = ORIENTED_EDGE('',*,*,#3033,.F.);
#3076 = CYLINDRICAL_SURFACE('',#3077,3.216854249492);
#3077 = AXIS2_PLACEMENT_3D('',#3078,#3079,#3080);
#3078 = CARTESIAN_POINT('',(-8.,8.,0.3));
#3079 = DIRECTION('',(-0.,-0.,-1.));
#3080 = DIRECTION('',(1.,0.,0.));
#3081 = ADVANCED_FACE('',(#3082),#3100,.F.);
#3082 = FACE_BOUND('',#3083,.F.);
#3083 = EDGE_LOOP('',(#3084,#3085,#3093,#3099));
#3084 = ORIENTED_EDGE('',*,*,#2127,.F.);
#3085 = ORIENTED_EDGE('',*,*,#3086,.T.);
#3086 = EDGE_CURVE('',#2119,#3087,#3089,.T.);
#3087 = VERTEX_POINT('',#3088);
#3088 = CARTESIAN_POINT('',(-8.6,3.16040365499,6.8));
#3089 = LINE('',#3090,#3091);
#3090 = CARTESIAN_POINT('',(-8.6,3.16040365499,0.3));
#3091 = VECTOR('',#3092,1.);
#3092 = DIRECTION('',(-0.,-0.,-1.));
#3093 = ORIENTED_EDGE('',*,*,#3094,.T.);
#3094 = EDGE_CURVE('',#3087,#3051,#3095,.T.);
#3095 = LINE('',#3096,#3097);
#3096 = CARTESIAN_POINT('',(-8.6,-15.9,6.8));
#3097 = VECTOR('',#3098,1.);
#3098 = DIRECTION('',(0.,1.,0.));
#3099 = ORIENTED_EDGE('',*,*,#3050,.F.);
#3100 = PLANE('',#3101);
#3101 = AXIS2_PLACEMENT_3D('',#3102,#3103,#3104);
#3102 = CARTESIAN_POINT('',(-8.6,-15.9,6.8));
#3103 = DIRECTION('',(1.,0.,0.));
#3104 = DIRECTION('',(0.,0.,1.));
#3105 = ADVANCED_FACE('',(#3106),#3174,.T.);
#3106 = FACE_BOUND('',#3107,.F.);
#3107 = EDGE_LOOP('',(#3108,#3117,#3123,#3124,#3125,#3126,#3134,#3141,
    #3142,#3143,#3144,#3145,#3146,#3147,#3155,#3164,#3170,#3171,#3172,
    #3173));
#3108 = ORIENTED_EDGE('',*,*,#3109,.F.);
#3109 = EDGE_CURVE('',#3110,#3110,#3112,.T.);
#3110 = VERTEX_POINT('',#3111);
#3111 = CARTESIAN_POINT('',(-4.783145750508,-7.879020519929E-16,0.3));
#3112 = CIRCLE('',#3113,3.216854249492);
#3113 = AXIS2_PLACEMENT_3D('',#3114,#3115,#3116);
#3114 = CARTESIAN_POINT('',(-8.,0.,0.3));
#3115 = DIRECTION('',(0.,0.,1.));
#3116 = DIRECTION('',(1.,0.,0.));
#3117 = ORIENTED_EDGE('',*,*,#3118,.T.);
#3118 = EDGE_CURVE('',#3110,#2654,#3119,.T.);
#3119 = LINE('',#3120,#3121);
#3120 = CARTESIAN_POINT('',(-4.783145750508,-7.879020519929E-16,0.3));
#3121 = VECTOR('',#3122,1.);
#3122 = DIRECTION('',(0.,0.,1.));
#3123 = ORIENTED_EDGE('',*,*,#2662,.F.);
#3124 = ORIENTED_EDGE('',*,*,#2687,.F.);
#3125 = ORIENTED_EDGE('',*,*,#2720,.T.);
#3126 = ORIENTED_EDGE('',*,*,#3127,.T.);
#3127 = EDGE_CURVE('',#2711,#3128,#3130,.T.);
#3128 = VERTEX_POINT('',#3129);
#3129 = CARTESIAN_POINT('',(-7.4,3.16040365499,6.8));
#3130 = LINE('',#3131,#3132);
#3131 = CARTESIAN_POINT('',(-7.4,3.16040365499,0.3));
#3132 = VECTOR('',#3133,1.);
#3133 = DIRECTION('',(-0.,-0.,-1.));
#3134 = ORIENTED_EDGE('',*,*,#3135,.F.);
#3135 = EDGE_CURVE('',#3087,#3128,#3136,.T.);
#3136 = CIRCLE('',#3137,3.216854249492);
#3137 = AXIS2_PLACEMENT_3D('',#3138,#3139,#3140);
#3138 = CARTESIAN_POINT('',(-8.,0.,6.8));
#3139 = DIRECTION('',(0.,0.,-1.));
#3140 = DIRECTION('',(1.,0.,0.));
#3141 = ORIENTED_EDGE('',*,*,#3086,.F.);
#3142 = ORIENTED_EDGE('',*,*,#2118,.T.);
#3143 = ORIENTED_EDGE('',*,*,#2161,.T.);
#3144 = ORIENTED_EDGE('',*,*,#2175,.F.);
#3145 = ORIENTED_EDGE('',*,*,#2210,.F.);
#3146 = ORIENTED_EDGE('',*,*,#2250,.T.);
#3147 = ORIENTED_EDGE('',*,*,#3148,.T.);
#3148 = EDGE_CURVE('',#2243,#3149,#3151,.T.);
#3149 = VERTEX_POINT('',#3150);
#3150 = CARTESIAN_POINT('',(-8.6,-3.16040365499,6.8));
#3151 = LINE('',#3152,#3153);
#3152 = CARTESIAN_POINT('',(-8.6,-3.16040365499,0.3));
#3153 = VECTOR('',#3154,1.);
#3154 = DIRECTION('',(-0.,-0.,-1.));
#3155 = ORIENTED_EDGE('',*,*,#3156,.F.);
#3156 = EDGE_CURVE('',#3157,#3149,#3159,.T.);
#3157 = VERTEX_POINT('',#3158);
#3158 = CARTESIAN_POINT('',(-7.4,-3.16040365499,6.8));
#3159 = CIRCLE('',#3160,3.216854249492);
#3160 = AXIS2_PLACEMENT_3D('',#3161,#3162,#3163);
#3161 = CARTESIAN_POINT('',(-8.,0.,6.8));
#3162 = DIRECTION('',(0.,0.,-1.));
#3163 = DIRECTION('',(1.,0.,0.));
#3164 = ORIENTED_EDGE('',*,*,#3165,.F.);
#3165 = EDGE_CURVE('',#2589,#3157,#3166,.T.);
#3166 = LINE('',#3167,#3168);
#3167 = CARTESIAN_POINT('',(-7.4,-3.16040365499,0.3));
#3168 = VECTOR('',#3169,1.);
#3169 = DIRECTION('',(-0.,-0.,-1.));
#3170 = ORIENTED_EDGE('',*,*,#2613,.T.);
#3171 = ORIENTED_EDGE('',*,*,#2636,.T.);
#3172 = ORIENTED_EDGE('',*,*,#2653,.F.);
#3173 = ORIENTED_EDGE('',*,*,#3118,.F.);
#3174 = CYLINDRICAL_SURFACE('',#3175,3.216854249492);
#3175 = AXIS2_PLACEMENT_3D('',#3176,#3177,#3178);
#3176 = CARTESIAN_POINT('',(-8.,0.,0.3));
#3177 = DIRECTION('',(-0.,-0.,-1.));
#3178 = DIRECTION('',(1.,0.,0.));
#3179 = ADVANCED_FACE('',(#3180),#3198,.F.);
#3180 = FACE_BOUND('',#3181,.F.);
#3181 = EDGE_LOOP('',(#3182,#3183,#3191,#3197));
#3182 = ORIENTED_EDGE('',*,*,#2242,.F.);
#3183 = ORIENTED_EDGE('',*,*,#3184,.T.);
#3184 = EDGE_CURVE('',#2234,#3185,#3187,.T.);
#3185 = VERTEX_POINT('',#3186);
#3186 = CARTESIAN_POINT('',(-8.6,-4.83959634501,6.8));
#3187 = LINE('',#3188,#3189);
#3188 = CARTESIAN_POINT('',(-8.6,-4.83959634501,0.3));
#3189 = VECTOR('',#3190,1.);
#3190 = DIRECTION('',(-0.,-0.,-1.));
#3191 = ORIENTED_EDGE('',*,*,#3192,.T.);
#3192 = EDGE_CURVE('',#3185,#3149,#3193,.T.);
#3193 = LINE('',#3194,#3195);
#3194 = CARTESIAN_POINT('',(-8.6,-15.9,6.8));
#3195 = VECTOR('',#3196,1.);
#3196 = DIRECTION('',(0.,1.,0.));
#3197 = ORIENTED_EDGE('',*,*,#3148,.F.);
#3198 = PLANE('',#3199);
#3199 = AXIS2_PLACEMENT_3D('',#3200,#3201,#3202);
#3200 = CARTESIAN_POINT('',(-8.6,-15.9,6.8));
#3201 = DIRECTION('',(1.,0.,0.));
#3202 = DIRECTION('',(0.,0.,1.));
#3203 = ADVANCED_FACE('',(#3204),#3252,.T.);
#3204 = FACE_BOUND('',#3205,.F.);
#3205 = EDGE_LOOP('',(#3206,#3215,#3221,#3222,#3223,#3224,#3232,#3239,
    #3240,#3241,#3242,#3243,#3244,#3245,#3246,#3247,#3248,#3249,#3250,
    #3251));
#3206 = ORIENTED_EDGE('',*,*,#3207,.F.);
#3207 = EDGE_CURVE('',#3208,#3208,#3210,.T.);
#3208 = VERTEX_POINT('',#3209);
#3209 = CARTESIAN_POINT('',(-4.783145750508,-8.,0.3));
#3210 = CIRCLE('',#3211,3.216854249492);
#3211 = AXIS2_PLACEMENT_3D('',#3212,#3213,#3214);
#3212 = CARTESIAN_POINT('',(-8.,-8.,0.3));
#3213 = DIRECTION('',(0.,0.,1.));
#3214 = DIRECTION('',(1.,0.,0.));
#3215 = ORIENTED_EDGE('',*,*,#3216,.T.);
#3216 = EDGE_CURVE('',#3208,#2530,#3217,.T.);
#3217 = LINE('',#3218,#3219);
#3218 = CARTESIAN_POINT('',(-4.783145750508,-8.,0.3));
#3219 = VECTOR('',#3220,1.);
#3220 = DIRECTION('',(0.,0.,1.));
#3221 = ORIENTED_EDGE('',*,*,#2538,.F.);
#3222 = ORIENTED_EDGE('',*,*,#2563,.F.);
#3223 = ORIENTED_EDGE('',*,*,#2596,.T.);
#3224 = ORIENTED_EDGE('',*,*,#3225,.T.);
#3225 = EDGE_CURVE('',#2587,#3226,#3228,.T.);
#3226 = VERTEX_POINT('',#3227);
#3227 = CARTESIAN_POINT('',(-7.4,-4.83959634501,6.8));
#3228 = LINE('',#3229,#3230);
#3229 = CARTESIAN_POINT('',(-7.4,-4.83959634501,0.3));
#3230 = VECTOR('',#3231,1.);
#3231 = DIRECTION('',(-0.,-0.,-1.));
#3232 = ORIENTED_EDGE('',*,*,#3233,.F.);
#3233 = EDGE_CURVE('',#3185,#3226,#3234,.T.);
#3234 = CIRCLE('',#3235,3.216854249492);
#3235 = AXIS2_PLACEMENT_3D('',#3236,#3237,#3238);
#3236 = CARTESIAN_POINT('',(-8.,-8.,6.8));
#3237 = DIRECTION('',(0.,0.,-1.));
#3238 = DIRECTION('',(1.,0.,0.));
#3239 = ORIENTED_EDGE('',*,*,#3184,.F.);
#3240 = ORIENTED_EDGE('',*,*,#2233,.T.);
#3241 = ORIENTED_EDGE('',*,*,#2276,.T.);
#3242 = ORIENTED_EDGE('',*,*,#2290,.F.);
#3243 = ORIENTED_EDGE('',*,*,#2325,.F.);
#3244 = ORIENTED_EDGE('',*,*,#2349,.T.);
#3245 = ORIENTED_EDGE('',*,*,#3010,.T.);
#3246 = ORIENTED_EDGE('',*,*,#2991,.F.);
#3247 = ORIENTED_EDGE('',*,*,#2968,.F.);
#3248 = ORIENTED_EDGE('',*,*,#2489,.T.);
#3249 = ORIENTED_EDGE('',*,*,#2512,.T.);
#3250 = ORIENTED_EDGE('',*,*,#2529,.F.);
#3251 = ORIENTED_EDGE('',*,*,#3216,.F.);
#3252 = CYLINDRICAL_SURFACE('',#3253,3.216854249492);
#3253 = AXIS2_PLACEMENT_3D('',#3254,#3255,#3256);
#3254 = CARTESIAN_POINT('',(-8.,-8.,0.3));
#3255 = DIRECTION('',(-0.,-0.,-1.));
#3256 = DIRECTION('',(1.,0.,0.));
#3257 = ADVANCED_FACE('',(#3258),#3269,.T.);
#3258 = FACE_BOUND('',#3259,.T.);
#3259 = EDGE_LOOP('',(#3260,#3261,#3262,#3268));
#3260 = ORIENTED_EDGE('',*,*,#2586,.F.);
#3261 = ORIENTED_EDGE('',*,*,#3225,.T.);
#3262 = ORIENTED_EDGE('',*,*,#3263,.T.);
#3263 = EDGE_CURVE('',#3226,#3157,#3264,.T.);
#3264 = LINE('',#3265,#3266);
#3265 = CARTESIAN_POINT('',(-7.4,-15.9,6.8));
#3266 = VECTOR('',#3267,1.);
#3267 = DIRECTION('',(0.,1.,0.));
#3268 = ORIENTED_EDGE('',*,*,#3165,.F.);
#3269 = PLANE('',#3270);
#3270 = AXIS2_PLACEMENT_3D('',#3271,#3272,#3273);
#3271 = CARTESIAN_POINT('',(-7.4,-15.9,6.8));
#3272 = DIRECTION('',(1.,0.,0.));
#3273 = DIRECTION('',(0.,0.,1.));
#3274 = ADVANCED_FACE('',(#3275),#3286,.T.);
#3275 = FACE_BOUND('',#3276,.T.);
#3276 = EDGE_LOOP('',(#3277,#3278,#3279,#3285));
#3277 = ORIENTED_EDGE('',*,*,#2710,.F.);
#3278 = ORIENTED_EDGE('',*,*,#3127,.T.);
#3279 = ORIENTED_EDGE('',*,*,#3280,.T.);
#3280 = EDGE_CURVE('',#3128,#3059,#3281,.T.);
#3281 = LINE('',#3282,#3283);
#3282 = CARTESIAN_POINT('',(-7.4,-15.9,6.8));
#3283 = VECTOR('',#3284,1.);
#3284 = DIRECTION('',(0.,1.,0.));
#3285 = ORIENTED_EDGE('',*,*,#3067,.F.);
#3286 = PLANE('',#3287);
#3287 = AXIS2_PLACEMENT_3D('',#3288,#3289,#3290);
#3288 = CARTESIAN_POINT('',(-7.4,-15.9,6.8));
#3289 = DIRECTION('',(1.,0.,0.));
#3290 = DIRECTION('',(0.,0.,1.));
#3291 = ADVANCED_FACE('',(#3292),#3311,.T.);
#3292 = FACE_BOUND('',#3293,.T.);
#3293 = EDGE_LOOP('',(#3294,#3295,#3303,#3310));
#3294 = ORIENTED_EDGE('',*,*,#3024,.F.);
#3295 = ORIENTED_EDGE('',*,*,#3296,.F.);
#3296 = EDGE_CURVE('',#3297,#3025,#3299,.T.);
#3297 = VERTEX_POINT('',#3298);
#3298 = CARTESIAN_POINT('',(-4.983145750508,8.,0.));
#3299 = LINE('',#3300,#3301);
#3300 = CARTESIAN_POINT('',(-4.983145750508,8.,0.));
#3301 = VECTOR('',#3302,1.);
#3302 = DIRECTION('',(0.554700196225,-1.358623639587E-16,0.832050294338)
  );
#3303 = ORIENTED_EDGE('',*,*,#3304,.T.);
#3304 = EDGE_CURVE('',#3297,#3297,#3305,.T.);
#3305 = CIRCLE('',#3306,3.016854249492);
#3306 = AXIS2_PLACEMENT_3D('',#3307,#3308,#3309);
#3307 = CARTESIAN_POINT('',(-8.,8.,0.));
#3308 = DIRECTION('',(0.,0.,1.));
#3309 = DIRECTION('',(1.,0.,0.));
#3310 = ORIENTED_EDGE('',*,*,#3296,.T.);
#3311 = CONICAL_SURFACE('',#3312,3.016854249492,0.588002603548);
#3312 = AXIS2_PLACEMENT_3D('',#3313,#3314,#3315);
#3313 = CARTESIAN_POINT('',(-8.,8.,0.));
#3314 = DIRECTION('',(0.,0.,1.));
#3315 = DIRECTION('',(1.,0.,0.));
#3316 = ADVANCED_FACE('',(#3317),#3323,.T.);
#3317 = FACE_BOUND('',#3318,.T.);
#3318 = EDGE_LOOP('',(#3319,#3320,#3321,#3322));
#3319 = ORIENTED_EDGE('',*,*,#3135,.F.);
#3320 = ORIENTED_EDGE('',*,*,#3094,.T.);
#3321 = ORIENTED_EDGE('',*,*,#3058,.F.);
#3322 = ORIENTED_EDGE('',*,*,#3280,.F.);
#3323 = PLANE('',#3324);
#3324 = AXIS2_PLACEMENT_3D('',#3325,#3326,#3327);
#3325 = CARTESIAN_POINT('',(-7.09814720662E-16,-7.425754000772E-16,6.8)
  );
#3326 = DIRECTION('',(-0.,-0.,-1.));
#3327 = DIRECTION('',(-1.,0.,0.));
#3328 = ADVANCED_FACE('',(#3329),#3348,.T.);
#3329 = FACE_BOUND('',#3330,.T.);
#3330 = EDGE_LOOP('',(#3331,#3332,#3340,#3347));
#3331 = ORIENTED_EDGE('',*,*,#3109,.F.);
#3332 = ORIENTED_EDGE('',*,*,#3333,.F.);
#3333 = EDGE_CURVE('',#3334,#3110,#3336,.T.);
#3334 = VERTEX_POINT('',#3335);
#3335 = CARTESIAN_POINT('',(-4.983145750508,-7.38916180027E-16,0.));
#3336 = LINE('',#3337,#3338);
#3337 = CARTESIAN_POINT('',(-4.983145750508,-7.38916180027E-16,0.));
#3338 = VECTOR('',#3339,1.);
#3339 = DIRECTION('',(0.554700196225,-1.358623639587E-16,0.832050294338)
  );
#3340 = ORIENTED_EDGE('',*,*,#3341,.T.);
#3341 = EDGE_CURVE('',#3334,#3334,#3342,.T.);
#3342 = CIRCLE('',#3343,3.016854249492);
#3343 = AXIS2_PLACEMENT_3D('',#3344,#3345,#3346);
#3344 = CARTESIAN_POINT('',(-8.,0.,0.));
#3345 = DIRECTION('',(0.,0.,1.));
#3346 = DIRECTION('',(1.,0.,0.));
#3347 = ORIENTED_EDGE('',*,*,#3333,.T.);
#3348 = CONICAL_SURFACE('',#3349,3.016854249492,0.588002603548);
#3349 = AXIS2_PLACEMENT_3D('',#3350,#3351,#3352);
#3350 = CARTESIAN_POINT('',(-8.,0.,0.));
#3351 = DIRECTION('',(0.,0.,1.));
#3352 = DIRECTION('',(1.,0.,0.));
#3353 = ADVANCED_FACE('',(#3354),#3360,.T.);
#3354 = FACE_BOUND('',#3355,.T.);
#3355 = EDGE_LOOP('',(#3356,#3357,#3358,#3359));
#3356 = ORIENTED_EDGE('',*,*,#3233,.F.);
#3357 = ORIENTED_EDGE('',*,*,#3192,.T.);
#3358 = ORIENTED_EDGE('',*,*,#3156,.F.);
#3359 = ORIENTED_EDGE('',*,*,#3263,.F.);
#3360 = PLANE('',#3361);
#3361 = AXIS2_PLACEMENT_3D('',#3362,#3363,#3364);
#3362 = CARTESIAN_POINT('',(-7.09814720662E-16,-7.425754000772E-16,6.8)
  );
#3363 = DIRECTION('',(-0.,-0.,-1.));
#3364 = DIRECTION('',(-1.,0.,0.));
#3365 = ADVANCED_FACE('',(#3366),#3385,.T.);
#3366 = FACE_BOUND('',#3367,.T.);
#3367 = EDGE_LOOP('',(#3368,#3369,#3377,#3384));
#3368 = ORIENTED_EDGE('',*,*,#3207,.F.);
#3369 = ORIENTED_EDGE('',*,*,#3370,.F.);
#3370 = EDGE_CURVE('',#3371,#3208,#3373,.T.);
#3371 = VERTEX_POINT('',#3372);
#3372 = CARTESIAN_POINT('',(-4.983145750508,-8.,0.));
#3373 = LINE('',#3374,#3375);
#3374 = CARTESIAN_POINT('',(-4.983145750508,-8.,0.));
#3375 = VECTOR('',#3376,1.);
#3376 = DIRECTION('',(0.554700196225,-1.358623639587E-16,0.832050294338)
  );
#3377 = ORIENTED_EDGE('',*,*,#3378,.T.);
#3378 = EDGE_CURVE('',#3371,#3371,#3379,.T.);
#3379 = CIRCLE('',#3380,3.016854249492);
#3380 = AXIS2_PLACEMENT_3D('',#3381,#3382,#3383);
#3381 = CARTESIAN_POINT('',(-8.,-8.,0.));
#3382 = DIRECTION('',(0.,0.,1.));
#3383 = DIRECTION('',(1.,0.,0.));
#3384 = ORIENTED_EDGE('',*,*,#3370,.T.);
#3385 = CONICAL_SURFACE('',#3386,3.016854249492,0.588002603548);
#3386 = AXIS2_PLACEMENT_3D('',#3387,#3388,#3389);
#3387 = CARTESIAN_POINT('',(-8.,-8.,0.));
#3388 = DIRECTION('',(0.,0.,1.));
#3389 = DIRECTION('',(1.,0.,0.));
#3390 = ADVANCED_FACE('',(#3391,#3394),#3405,.F.);
#3391 = FACE_BOUND('',#3392,.F.);
#3392 = EDGE_LOOP('',(#3393));
#3393 = ORIENTED_EDGE('',*,*,#3304,.T.);
#3394 = FACE_BOUND('',#3395,.F.);
#3395 = EDGE_LOOP('',(#3396));
#3396 = ORIENTED_EDGE('',*,*,#3397,.F.);
#3397 = EDGE_CURVE('',#3398,#3398,#3400,.T.);
#3398 = VERTEX_POINT('',#3399);
#3399 = CARTESIAN_POINT('',(-6.4,8.,0.));
#3400 = CIRCLE('',#3401,1.6);
#3401 = AXIS2_PLACEMENT_3D('',#3402,#3403,#3404);
#3402 = CARTESIAN_POINT('',(-8.,8.,0.));
#3403 = DIRECTION('',(0.,0.,1.));
#3404 = DIRECTION('',(1.,0.,0.));
#3405 = PLANE('',#3406);
#3406 = AXIS2_PLACEMENT_3D('',#3407,#3408,#3409);
#3407 = CARTESIAN_POINT('',(-8.,8.,0.));
#3408 = DIRECTION('',(0.,0.,1.));
#3409 = DIRECTION('',(1.,0.,0.));
#3410 = ADVANCED_FACE('',(#3411,#3414),#3425,.F.);
#3411 = FACE_BOUND('',#3412,.F.);
#3412 = EDGE_LOOP('',(#3413));
#3413 = ORIENTED_EDGE('',*,*,#3341,.T.);
#3414 = FACE_BOUND('',#3415,.F.);
#3415 = EDGE_LOOP('',(#3416));
#3416 = ORIENTED_EDGE('',*,*,#3417,.F.);
#3417 = EDGE_CURVE('',#3418,#3418,#3420,.T.);
#3418 = VERTEX_POINT('',#3419);
#3419 = CARTESIAN_POINT('',(-6.4,-3.918869757272E-16,0.));
#3420 = CIRCLE('',#3421,1.6);
#3421 = AXIS2_PLACEMENT_3D('',#3422,#3423,#3424);
#3422 = CARTESIAN_POINT('',(-8.,0.,0.));
#3423 = DIRECTION('',(0.,0.,1.));
#3424 = DIRECTION('',(1.,0.,0.));
#3425 = PLANE('',#3426);
#3426 = AXIS2_PLACEMENT_3D('',#3427,#3428,#3429);
#3427 = CARTESIAN_POINT('',(-8.,0.,0.));
#3428 = DIRECTION('',(0.,0.,1.));
#3429 = DIRECTION('',(1.,0.,0.));
#3430 = ADVANCED_FACE('',(#3431,#3434),#3445,.F.);
#3431 = FACE_BOUND('',#3432,.F.);
#3432 = EDGE_LOOP('',(#3433));
#3433 = ORIENTED_EDGE('',*,*,#3378,.T.);
#3434 = FACE_BOUND('',#3435,.F.);
#3435 = EDGE_LOOP('',(#3436));
#3436 = ORIENTED_EDGE('',*,*,#3437,.F.);
#3437 = EDGE_CURVE('',#3438,#3438,#3440,.T.);
#3438 = VERTEX_POINT('',#3439);
#3439 = CARTESIAN_POINT('',(-6.4,-8.,0.));
#3440 = CIRCLE('',#3441,1.6);
#3441 = AXIS2_PLACEMENT_3D('',#3442,#3443,#3444);
#3442 = CARTESIAN_POINT('',(-8.,-8.,0.));
#3443 = DIRECTION('',(0.,0.,1.));
#3444 = DIRECTION('',(1.,0.,0.));
#3445 = PLANE('',#3446);
#3446 = AXIS2_PLACEMENT_3D('',#3447,#3448,#3449);
#3447 = CARTESIAN_POINT('',(-8.,-8.,0.));
#3448 = DIRECTION('',(0.,0.,1.));
#3449 = DIRECTION('',(1.,0.,0.));
#3450 = ADVANCED_FACE('',(#3451),#3470,.F.);
#3451 = FACE_BOUND('',#3452,.T.);
#3452 = EDGE_LOOP('',(#3453,#3461,#3468,#3469));
#3453 = ORIENTED_EDGE('',*,*,#3454,.T.);
#3454 = EDGE_CURVE('',#3398,#3455,#3457,.T.);
#3455 = VERTEX_POINT('',#3456);
#3456 = CARTESIAN_POINT('',(-6.4,8.,8.));
#3457 = LINE('',#3458,#3459);
#3458 = CARTESIAN_POINT('',(-6.4,8.,0.));
#3459 = VECTOR('',#3460,1.);
#3460 = DIRECTION('',(0.,0.,1.));
#3461 = ORIENTED_EDGE('',*,*,#3462,.T.);
#3462 = EDGE_CURVE('',#3455,#3455,#3463,.T.);
#3463 = CIRCLE('',#3464,1.6);
#3464 = AXIS2_PLACEMENT_3D('',#3465,#3466,#3467);
#3465 = CARTESIAN_POINT('',(-8.,8.,8.));
#3466 = DIRECTION('',(0.,0.,1.));
#3467 = DIRECTION('',(1.,0.,0.));
#3468 = ORIENTED_EDGE('',*,*,#3454,.F.);
#3469 = ORIENTED_EDGE('',*,*,#3397,.F.);
#3470 = CYLINDRICAL_SURFACE('',#3471,1.6);
#3471 = AXIS2_PLACEMENT_3D('',#3472,#3473,#3474);
#3472 = CARTESIAN_POINT('',(-8.,8.,0.));
#3473 = DIRECTION('',(-0.,-0.,-1.));
#3474 = DIRECTION('',(1.,0.,0.));
#3475 = ADVANCED_FACE('',(#3476),#3495,.F.);
#3476 = FACE_BOUND('',#3477,.T.);
#3477 = EDGE_LOOP('',(#3478,#3486,#3493,#3494));
#3478 = ORIENTED_EDGE('',*,*,#3479,.T.);
#3479 = EDGE_CURVE('',#3418,#3480,#3482,.T.);
#3480 = VERTEX_POINT('',#3481);
#3481 = CARTESIAN_POINT('',(-6.4,-3.918869757272E-16,8.));
#3482 = LINE('',#3483,#3484);
#3483 = CARTESIAN_POINT('',(-6.4,-3.918869757272E-16,0.));
#3484 = VECTOR('',#3485,1.);
#3485 = DIRECTION('',(0.,0.,1.));
#3486 = ORIENTED_EDGE('',*,*,#3487,.T.);
#3487 = EDGE_CURVE('',#3480,#3480,#3488,.T.);
#3488 = CIRCLE('',#3489,1.6);
#3489 = AXIS2_PLACEMENT_3D('',#3490,#3491,#3492);
#3490 = CARTESIAN_POINT('',(-8.,0.,8.));
#3491 = DIRECTION('',(0.,0.,1.));
#3492 = DIRECTION('',(1.,0.,0.));
#3493 = ORIENTED_EDGE('',*,*,#3479,.F.);
#3494 = ORIENTED_EDGE('',*,*,#3417,.F.);
#3495 = CYLINDRICAL_SURFACE('',#3496,1.6);
#3496 = AXIS2_PLACEMENT_3D('',#3497,#3498,#3499);
#3497 = CARTESIAN_POINT('',(-8.,0.,0.));
#3498 = DIRECTION('',(-0.,-0.,-1.));
#3499 = DIRECTION('',(1.,0.,0.));
#3500 = ADVANCED_FACE('',(#3501),#3520,.F.);
#3501 = FACE_BOUND('',#3502,.T.);
#3502 = EDGE_LOOP('',(#3503,#3511,#3518,#3519));
#3503 = ORIENTED_EDGE('',*,*,#3504,.T.);
#3504 = EDGE_CURVE('',#3438,#3505,#3507,.T.);
#3505 = VERTEX_POINT('',#3506);
#3506 = CARTESIAN_POINT('',(-6.4,-8.,8.));
#3507 = LINE('',#3508,#3509);
#3508 = CARTESIAN_POINT('',(-6.4,-8.,0.));
#3509 = VECTOR('',#3510,1.);
#3510 = DIRECTION('',(0.,0.,1.));
#3511 = ORIENTED_EDGE('',*,*,#3512,.T.);
#3512 = EDGE_CURVE('',#3505,#3505,#3513,.T.);
#3513 = CIRCLE('',#3514,1.6);
#3514 = AXIS2_PLACEMENT_3D('',#3515,#3516,#3517);
#3515 = CARTESIAN_POINT('',(-8.,-8.,8.));
#3516 = DIRECTION('',(0.,0.,1.));
#3517 = DIRECTION('',(1.,0.,0.));
#3518 = ORIENTED_EDGE('',*,*,#3504,.F.);
#3519 = ORIENTED_EDGE('',*,*,#3437,.F.);
#3520 = CYLINDRICAL_SURFACE('',#3521,1.6);
#3521 = AXIS2_PLACEMENT_3D('',#3522,#3523,#3524);
#3522 = CARTESIAN_POINT('',(-8.,-8.,0.));
#3523 = DIRECTION('',(-0.,-0.,-1.));
#3524 = DIRECTION('',(1.,0.,0.));
#3525 = ADVANCED_FACE('',(#3526),#3529,.F.);
#3526 = FACE_BOUND('',#3527,.T.);
#3527 = EDGE_LOOP('',(#3528));
#3528 = ORIENTED_EDGE('',*,*,#3462,.F.);
#3529 = PLANE('',#3530);
#3530 = AXIS2_PLACEMENT_3D('',#3531,#3532,#3533);
#3531 = CARTESIAN_POINT('',(-8.,8.,8.));
#3532 = DIRECTION('',(0.,0.,1.));
#3533 = DIRECTION('',(1.,0.,0.));
#3534 = ADVANCED_FACE('',(#3535),#3538,.F.);
#3535 = FACE_BOUND('',#3536,.T.);
#3536 = EDGE_LOOP('',(#3537));
#3537 = ORIENTED_EDGE('',*,*,#3487,.F.);
#3538 = PLANE('',#3539);
#3539 = AXIS2_PLACEMENT_3D('',#3540,#3541,#3542);
#3540 = CARTESIAN_POINT('',(-8.,0.,8.));
#3541 = DIRECTION('',(0.,0.,1.));
#3542 = DIRECTION('',(1.,0.,0.));
#3543 = ADVANCED_FACE('',(#3544),#3547,.F.);
#3544 = FACE_BOUND('',#3545,.T.);
#3545 = EDGE_LOOP('',(#3546));
#3546 = ORIENTED_EDGE('',*,*,#3512,.F.);
#3547 = PLANE('',#3548);
#3548 = AXIS2_PLACEMENT_3D('',#3549,#3550,#3551);
#3549 = CARTESIAN_POINT('',(-8.,-8.,8.));
#3550 = DIRECTION('',(0.,0.,1.));
#3551 = DIRECTION('',(1.,0.,0.));
#3552 = ( GEOMETRIC_REPRESENTATION_CONTEXT(3) 
GLOBAL_UNCERTAINTY_ASSIGNED_CONTEXT((#3556)) 
GLOBAL_UNIT_ASSIGNED_CONTEXT((#3553,#3554,#3555)) REPRESENTATION_CONTEXT
('Context #1','3D Context with UNIT and UNCERTAINTY') );
#3553 = ( LENGTH_UNIT() NAMED_UNIT(*) SI_UNIT(.MILLI.,.METRE.) );
#3554 = ( NAMED_UNIT(*) PLANE_ANGLE_UNIT() SI_UNIT($,.RADIAN.) );
#3555 = ( NAMED_UNIT(*) SI_UNIT($,.STERADIAN.) SOLID_ANGLE_UNIT() );
#3556 = UNCERTAINTY_MEASURE_WITH_UNIT(LENGTH_MEASURE(5.E-06),#3553,
  'distance_accuracy_value','confusion accuracy');
#3557 = PRODUCT_RELATED_PRODUCT_CATEGORY('part',$,(#7));
ENDSEC;
END-ISO-10303-21;
