ISO-10303-21;
HEADER;
FILE_DESCRIPTION(('FreeCAD Model'),'2;1');
FILE_NAME('Open CASCADE Shape Model','2026-09-20T21:11:35',('FreeCAD'),(
    'FreeCAD'),'Open CASCADE STEP processor 7.8','FreeCAD','Unknown');
FILE_SCHEMA(('AUTOMOTIVE_DESIGN { 1 0 10303 214 1 1 1 1 }'));
ENDSEC;
DATA;
#1 = APPLICATION_PROTOCOL_DEFINITION('international standard',
  'automotive_design',2000,#2);
#2 = APPLICATION_CONTEXT(
  'core data for automotive mechanical design processes');
#3 = SHAPE_DEFINITION_REPRESENTATION(#4,#10);
#4 = PRODUCT_DEFINITION_SHAPE('','',#5);
#5 = PRODUCT_DEFINITION('design','',#6,#9);
#6 = PRODUCT_DEFINITION_FORMATION('','',#7);
#7 = PRODUCT('Open CASCADE STEP translator 7.8 70',
  'Open CASCADE STEP translator 7.8 70','',(#8));
#8 = PRODUCT_CONTEXT('',#2,'mechanical');
#9 = PRODUCT_DEFINITION_CONTEXT('part definition',#2,'design');
#10 = ADVANCED_BREP_SHAPE_REPRESENTATION('',(#11,#15),#3954);
#11 = AXIS2_PLACEMENT_3D('',#12,#13,#14);
#12 = CARTESIAN_POINT('',(0.,0.,0.));
#13 = DIRECTION('',(0.,0.,1.));
#14 = DIRECTION('',(1.,0.,-0.));
#15 = MANIFOLD_SOLID_BREP('',#16);
#16 = CLOSED_SHELL('',(#17,#50,#224,#249,#280,#304,#328,#352,#376,#400,
    #424,#441,#466,#491,#516,#541,#566,#591,#616,#641,#666,#675,#901,
    #926,#951,#976,#1001,#1026,#1051,#1076,#1101,#1126,#1155,#1178,#1201
    ,#1224,#1247,#1270,#1293,#1316,#1339,#1362,#1385,#1408,#1431,#1454,
    #1477,#1500,#1523,#1546,#1569,#1592,#1615,#1638,#1661,#1684,#1707,
    #1724,#1733,#1742,#1751,#1760,#1769,#1778,#1787,#1796,#1805,#2006,
    #2030,#2087,#2143,#2269,#2325,#2382,#2399,#2416,#2433,#2450,#2467,
    #2502,#2526,#2551,#2575,#2617,#2641,#2666,#2690,#2732,#2756,#2781,
    #2805,#2838,#2855,#2872,#2889,#2901,#2934,#2958,#2983,#3000,#3033,
    #3057,#3091,#3115,#3157,#3181,#3215,#3239,#3281,#3305,#3339,#3356,
    #3380,#3405,#3422,#3483,#3507,#3581,#3605,#3659,#3676,#3693,#3718,
    #3730,#3755,#3767,#3792,#3812,#3832,#3852,#3877,#3902,#3927,#3936,
    #3945));
#17 = ADVANCED_FACE('',(#18),#45,.T.);
#18 = FACE_BOUND('',#19,.F.);
#19 = EDGE_LOOP('',(#20,#30,#37,#38));
#20 = ORIENTED_EDGE('',*,*,#21,.T.);
#21 = EDGE_CURVE('',#22,#24,#26,.T.);
#22 = VERTEX_POINT('',#23);
#23 = CARTESIAN_POINT('',(-1.6,-20.,9.6));
#24 = VERTEX_POINT('',#25);
#25 = CARTESIAN_POINT('',(-1.6,-20.,11.15));
#26 = LINE('',#27,#28);
#27 = CARTESIAN_POINT('',(-1.6,-20.,9.6));
#28 = VECTOR('',#29,1.);
#29 = DIRECTION('',(0.,0.,1.));
#30 = ORIENTED_EDGE('',*,*,#31,.T.);
#31 = EDGE_CURVE('',#24,#24,#32,.T.);
#32 = CIRCLE('',#33,2.4);
#33 = AXIS2_PLACEMENT_3D('',#34,#35,#36);
#34 = CARTESIAN_POINT('',(-4.,-20.,11.15));
#35 = DIRECTION('',(0.,0.,1.));
#36 = DIRECTION('',(1.,0.,0.));
#37 = ORIENTED_EDGE('',*,*,#21,.F.);
#38 = ORIENTED_EDGE('',*,*,#39,.F.);
#39 = EDGE_CURVE('',#22,#22,#40,.T.);
#40 = CIRCLE('',#41,2.4);
#41 = AXIS2_PLACEMENT_3D('',#42,#43,#44);
#42 = CARTESIAN_POINT('',(-4.,-20.,9.6));
#43 = DIRECTION('',(0.,0.,1.));
#44 = DIRECTION('',(1.,0.,0.));
#45 = CYLINDRICAL_SURFACE('',#46,2.4);
#46 = AXIS2_PLACEMENT_3D('',#47,#48,#49);
#47 = CARTESIAN_POINT('',(-4.,-20.,9.6));
#48 = DIRECTION('',(-0.,-0.,-1.));
#49 = DIRECTION('',(1.,0.,0.));
#50 = ADVANCED_FACE('',(#51,#117,#120,#131,#142,#153,#164,#175,#186,#197
    ,#208),#219,.T.);
#51 = FACE_BOUND('',#52,.T.);
#52 = EDGE_LOOP('',(#53,#63,#71,#79,#87,#95,#103,#111));
#53 = ORIENTED_EDGE('',*,*,#54,.F.);
#54 = EDGE_CURVE('',#55,#57,#59,.T.);
#55 = VERTEX_POINT('',#56);
#56 = CARTESIAN_POINT('',(-7.9,-23.9,9.6));
#57 = VERTEX_POINT('',#58);
#58 = CARTESIAN_POINT('',(-7.9,23.9,9.6));
#59 = LINE('',#60,#61);
#60 = CARTESIAN_POINT('',(-7.9,-23.9,9.6));
#61 = VECTOR('',#62,1.);
#62 = DIRECTION('',(0.,1.,0.));
#63 = ORIENTED_EDGE('',*,*,#64,.T.);
#64 = EDGE_CURVE('',#55,#65,#67,.T.);
#65 = VERTEX_POINT('',#66);
#66 = CARTESIAN_POINT('',(-0.1,-23.9,9.6));
#67 = LINE('',#68,#69);
#68 = CARTESIAN_POINT('',(-7.9,-23.9,9.6));
#69 = VECTOR('',#70,1.);
#70 = DIRECTION('',(1.,0.,0.));
#71 = ORIENTED_EDGE('',*,*,#72,.T.);
#72 = EDGE_CURVE('',#65,#73,#75,.T.);
#73 = VERTEX_POINT('',#74);
#74 = CARTESIAN_POINT('',(-0.1,-15.9,9.6));
#75 = LINE('',#76,#77);
#76 = CARTESIAN_POINT('',(-0.1,-23.9,9.6));
#77 = VECTOR('',#78,1.);
#78 = DIRECTION('',(0.,1.,0.));
#79 = ORIENTED_EDGE('',*,*,#80,.T.);
#80 = EDGE_CURVE('',#73,#81,#83,.T.);
#81 = VERTEX_POINT('',#82);
#82 = CARTESIAN_POINT('',(7.9,-15.9,9.6));
#83 = LINE('',#84,#85);
#84 = CARTESIAN_POINT('',(-7.9,-15.9,9.6));
#85 = VECTOR('',#86,1.);
#86 = DIRECTION('',(1.,0.,0.));
#87 = ORIENTED_EDGE('',*,*,#88,.T.);
#88 = EDGE_CURVE('',#81,#89,#91,.T.);
#89 = VERTEX_POINT('',#90);
#90 = CARTESIAN_POINT('',(7.9,15.9,9.6));
#91 = LINE('',#92,#93);
#92 = CARTESIAN_POINT('',(7.9,-15.9,9.6));
#93 = VECTOR('',#94,1.);
#94 = DIRECTION('',(0.,1.,0.));
#95 = ORIENTED_EDGE('',*,*,#96,.F.);
#96 = EDGE_CURVE('',#97,#89,#99,.T.);
#97 = VERTEX_POINT('',#98);
#98 = CARTESIAN_POINT('',(-0.1,15.9,9.6));
#99 = LINE('',#100,#101);
#100 = CARTESIAN_POINT('',(-7.9,15.9,9.6));
#101 = VECTOR('',#102,1.);
#102 = DIRECTION('',(1.,0.,0.));
#103 = ORIENTED_EDGE('',*,*,#104,.T.);
#104 = EDGE_CURVE('',#97,#105,#107,.T.);
#105 = VERTEX_POINT('',#106);
#106 = CARTESIAN_POINT('',(-0.1,23.9,9.6));
#107 = LINE('',#108,#109);
#108 = CARTESIAN_POINT('',(-0.1,15.9,9.6));
#109 = VECTOR('',#110,1.);
#110 = DIRECTION('',(0.,1.,0.));
#111 = ORIENTED_EDGE('',*,*,#112,.F.);
#112 = EDGE_CURVE('',#57,#105,#113,.T.);
#113 = LINE('',#114,#115);
#114 = CARTESIAN_POINT('',(-7.9,23.9,9.6));
#115 = VECTOR('',#116,1.);
#116 = DIRECTION('',(1.,0.,0.));
#117 = FACE_BOUND('',#118,.T.);
#118 = EDGE_LOOP('',(#119));
#119 = ORIENTED_EDGE('',*,*,#39,.F.);
#120 = FACE_BOUND('',#121,.T.);
#121 = EDGE_LOOP('',(#122));
#122 = ORIENTED_EDGE('',*,*,#123,.F.);
#123 = EDGE_CURVE('',#124,#124,#126,.T.);
#124 = VERTEX_POINT('',#125);
#125 = CARTESIAN_POINT('',(-1.6,-12.,9.6));
#126 = CIRCLE('',#127,2.4);
#127 = AXIS2_PLACEMENT_3D('',#128,#129,#130);
#128 = CARTESIAN_POINT('',(-4.,-12.,9.6));
#129 = DIRECTION('',(0.,0.,1.));
#130 = DIRECTION('',(1.,0.,0.));
#131 = FACE_BOUND('',#132,.T.);
#132 = EDGE_LOOP('',(#133));
#133 = ORIENTED_EDGE('',*,*,#134,.F.);
#134 = EDGE_CURVE('',#135,#135,#137,.T.);
#135 = VERTEX_POINT('',#136);
#136 = CARTESIAN_POINT('',(-1.6,-4.,9.6));
#137 = CIRCLE('',#138,2.4);
#138 = AXIS2_PLACEMENT_3D('',#139,#140,#141);
#139 = CARTESIAN_POINT('',(-4.,-4.,9.6));
#140 = DIRECTION('',(0.,0.,1.));
#141 = DIRECTION('',(1.,0.,0.));
#142 = FACE_BOUND('',#143,.T.);
#143 = EDGE_LOOP('',(#144));
#144 = ORIENTED_EDGE('',*,*,#145,.F.);
#145 = EDGE_CURVE('',#146,#146,#148,.T.);
#146 = VERTEX_POINT('',#147);
#147 = CARTESIAN_POINT('',(6.4,-12.,9.6));
#148 = CIRCLE('',#149,2.4);
#149 = AXIS2_PLACEMENT_3D('',#150,#151,#152);
#150 = CARTESIAN_POINT('',(4.,-12.,9.6));
#151 = DIRECTION('',(0.,0.,1.));
#152 = DIRECTION('',(1.,0.,0.));
#153 = FACE_BOUND('',#154,.T.);
#154 = EDGE_LOOP('',(#155));
#155 = ORIENTED_EDGE('',*,*,#156,.F.);
#156 = EDGE_CURVE('',#157,#157,#159,.T.);
#157 = VERTEX_POINT('',#158);
#158 = CARTESIAN_POINT('',(6.4,-4.,9.6));
#159 = CIRCLE('',#160,2.4);
#160 = AXIS2_PLACEMENT_3D('',#161,#162,#163);
#161 = CARTESIAN_POINT('',(4.,-4.,9.6));
#162 = DIRECTION('',(0.,0.,1.));
#163 = DIRECTION('',(1.,0.,0.));
#164 = FACE_BOUND('',#165,.T.);
#165 = EDGE_LOOP('',(#166));
#166 = ORIENTED_EDGE('',*,*,#167,.F.);
#167 = EDGE_CURVE('',#168,#168,#170,.T.);
#168 = VERTEX_POINT('',#169);
#169 = CARTESIAN_POINT('',(-1.6,4.,9.6));
#170 = CIRCLE('',#171,2.4);
#171 = AXIS2_PLACEMENT_3D('',#172,#173,#174);
#172 = CARTESIAN_POINT('',(-4.,4.,9.6));
#173 = DIRECTION('',(0.,0.,1.));
#174 = DIRECTION('',(1.,0.,0.));
#175 = FACE_BOUND('',#176,.T.);
#176 = EDGE_LOOP('',(#177));
#177 = ORIENTED_EDGE('',*,*,#178,.F.);
#178 = EDGE_CURVE('',#179,#179,#181,.T.);
#179 = VERTEX_POINT('',#180);
#180 = CARTESIAN_POINT('',(-1.6,12.,9.6));
#181 = CIRCLE('',#182,2.4);
#182 = AXIS2_PLACEMENT_3D('',#183,#184,#185);
#183 = CARTESIAN_POINT('',(-4.,12.,9.6));
#184 = DIRECTION('',(0.,0.,1.));
#185 = DIRECTION('',(1.,0.,0.));
#186 = FACE_BOUND('',#187,.T.);
#187 = EDGE_LOOP('',(#188));
#188 = ORIENTED_EDGE('',*,*,#189,.F.);
#189 = EDGE_CURVE('',#190,#190,#192,.T.);
#190 = VERTEX_POINT('',#191);
#191 = CARTESIAN_POINT('',(-1.6,20.,9.6));
#192 = CIRCLE('',#193,2.4);
#193 = AXIS2_PLACEMENT_3D('',#194,#195,#196);
#194 = CARTESIAN_POINT('',(-4.,20.,9.6));
#195 = DIRECTION('',(0.,0.,1.));
#196 = DIRECTION('',(1.,0.,0.));
#197 = FACE_BOUND('',#198,.T.);
#198 = EDGE_LOOP('',(#199));
#199 = ORIENTED_EDGE('',*,*,#200,.F.);
#200 = EDGE_CURVE('',#201,#201,#203,.T.);
#201 = VERTEX_POINT('',#202);
#202 = CARTESIAN_POINT('',(6.4,4.,9.6));
#203 = CIRCLE('',#204,2.4);
#204 = AXIS2_PLACEMENT_3D('',#205,#206,#207);
#205 = CARTESIAN_POINT('',(4.,4.,9.6));
#206 = DIRECTION('',(0.,0.,1.));
#207 = DIRECTION('',(1.,0.,0.));
#208 = FACE_BOUND('',#209,.T.);
#209 = EDGE_LOOP('',(#210));
#210 = ORIENTED_EDGE('',*,*,#211,.F.);
#211 = EDGE_CURVE('',#212,#212,#214,.T.);
#212 = VERTEX_POINT('',#213);
#213 = CARTESIAN_POINT('',(6.4,12.,9.6));
#214 = CIRCLE('',#215,2.4);
#215 = AXIS2_PLACEMENT_3D('',#216,#217,#218);
#216 = CARTESIAN_POINT('',(4.,12.,9.6));
#217 = DIRECTION('',(0.,0.,1.));
#218 = DIRECTION('',(1.,0.,0.));
#219 = PLANE('',#220);
#220 = AXIS2_PLACEMENT_3D('',#221,#222,#223);
#221 = CARTESIAN_POINT('',(-1.006289308176,2.26059562404E-15,9.6));
#222 = DIRECTION('',(0.,0.,1.));
#223 = DIRECTION('',(1.,0.,0.));
#224 = ADVANCED_FACE('',(#225),#244,.T.);
#225 = FACE_BOUND('',#226,.T.);
#226 = EDGE_LOOP('',(#227,#236,#242,#243));
#227 = ORIENTED_EDGE('',*,*,#228,.F.);
#228 = EDGE_CURVE('',#229,#229,#231,.T.);
#229 = VERTEX_POINT('',#230);
#230 = CARTESIAN_POINT('',(-1.85,-20.,11.4));
#231 = CIRCLE('',#232,2.15);
#232 = AXIS2_PLACEMENT_3D('',#233,#234,#235);
#233 = CARTESIAN_POINT('',(-4.,-20.,11.4));
#234 = DIRECTION('',(0.,0.,1.));
#235 = DIRECTION('',(1.,0.,0.));
#236 = ORIENTED_EDGE('',*,*,#237,.F.);
#237 = EDGE_CURVE('',#24,#229,#238,.T.);
#238 = LINE('',#239,#240);
#239 = CARTESIAN_POINT('',(-1.6,-20.,11.15));
#240 = VECTOR('',#241,1.);
#241 = DIRECTION('',(-0.707106781187,1.731912112471E-16,0.707106781187)
  );
#242 = ORIENTED_EDGE('',*,*,#31,.T.);
#243 = ORIENTED_EDGE('',*,*,#237,.T.);
#244 = CONICAL_SURFACE('',#245,2.4,0.785398163397);
#245 = AXIS2_PLACEMENT_3D('',#246,#247,#248);
#246 = CARTESIAN_POINT('',(-4.,-20.,11.15));
#247 = DIRECTION('',(-0.,-0.,-1.));
#248 = DIRECTION('',(1.,0.,0.));
#249 = ADVANCED_FACE('',(#250),#275,.T.);
#250 = FACE_BOUND('',#251,.T.);
#251 = EDGE_LOOP('',(#252,#260,#261,#269));
#252 = ORIENTED_EDGE('',*,*,#253,.T.);
#253 = EDGE_CURVE('',#254,#55,#256,.T.);
#254 = VERTEX_POINT('',#255);
#255 = CARTESIAN_POINT('',(-7.9,-23.9,0.));
#256 = LINE('',#257,#258);
#257 = CARTESIAN_POINT('',(-7.9,-23.9,0.));
#258 = VECTOR('',#259,1.);
#259 = DIRECTION('',(0.,0.,1.));
#260 = ORIENTED_EDGE('',*,*,#54,.T.);
#261 = ORIENTED_EDGE('',*,*,#262,.F.);
#262 = EDGE_CURVE('',#263,#57,#265,.T.);
#263 = VERTEX_POINT('',#264);
#264 = CARTESIAN_POINT('',(-7.9,23.9,0.));
#265 = LINE('',#266,#267);
#266 = CARTESIAN_POINT('',(-7.9,23.9,0.));
#267 = VECTOR('',#268,1.);
#268 = DIRECTION('',(0.,0.,1.));
#269 = ORIENTED_EDGE('',*,*,#270,.F.);
#270 = EDGE_CURVE('',#254,#263,#271,.T.);
#271 = LINE('',#272,#273);
#272 = CARTESIAN_POINT('',(-7.9,16.1,0.));
#273 = VECTOR('',#274,1.);
#274 = DIRECTION('',(0.,1.,0.));
#275 = PLANE('',#276);
#276 = AXIS2_PLACEMENT_3D('',#277,#278,#279);
#277 = CARTESIAN_POINT('',(-7.9,1.6711370963E-15,4.8));
#278 = DIRECTION('',(-1.,-0.,-0.));
#279 = DIRECTION('',(0.,0.,-1.));
#280 = ADVANCED_FACE('',(#281),#299,.F.);
#281 = FACE_BOUND('',#282,.F.);
#282 = EDGE_LOOP('',(#283,#291,#292,#293));
#283 = ORIENTED_EDGE('',*,*,#284,.F.);
#284 = EDGE_CURVE('',#254,#285,#287,.T.);
#285 = VERTEX_POINT('',#286);
#286 = CARTESIAN_POINT('',(-0.1,-23.9,0.));
#287 = LINE('',#288,#289);
#288 = CARTESIAN_POINT('',(-7.9,-23.9,0.));
#289 = VECTOR('',#290,1.);
#290 = DIRECTION('',(1.,0.,0.));
#291 = ORIENTED_EDGE('',*,*,#253,.T.);
#292 = ORIENTED_EDGE('',*,*,#64,.T.);
#293 = ORIENTED_EDGE('',*,*,#294,.F.);
#294 = EDGE_CURVE('',#285,#65,#295,.T.);
#295 = LINE('',#296,#297);
#296 = CARTESIAN_POINT('',(-0.1,-23.9,0.));
#297 = VECTOR('',#298,1.);
#298 = DIRECTION('',(0.,0.,1.));
#299 = PLANE('',#300);
#300 = AXIS2_PLACEMENT_3D('',#301,#302,#303);
#301 = CARTESIAN_POINT('',(-7.9,-23.9,0.));
#302 = DIRECTION('',(0.,1.,0.));
#303 = DIRECTION('',(0.,0.,1.));
#304 = ADVANCED_FACE('',(#305),#323,.T.);
#305 = FACE_BOUND('',#306,.T.);
#306 = EDGE_LOOP('',(#307,#315,#316,#317));
#307 = ORIENTED_EDGE('',*,*,#308,.F.);
#308 = EDGE_CURVE('',#263,#309,#311,.T.);
#309 = VERTEX_POINT('',#310);
#310 = CARTESIAN_POINT('',(-0.1,23.9,0.));
#311 = LINE('',#312,#313);
#312 = CARTESIAN_POINT('',(-7.9,23.9,0.));
#313 = VECTOR('',#314,1.);
#314 = DIRECTION('',(1.,0.,0.));
#315 = ORIENTED_EDGE('',*,*,#262,.T.);
#316 = ORIENTED_EDGE('',*,*,#112,.T.);
#317 = ORIENTED_EDGE('',*,*,#318,.F.);
#318 = EDGE_CURVE('',#309,#105,#319,.T.);
#319 = LINE('',#320,#321);
#320 = CARTESIAN_POINT('',(-0.1,23.9,0.));
#321 = VECTOR('',#322,1.);
#322 = DIRECTION('',(0.,0.,1.));
#323 = PLANE('',#324);
#324 = AXIS2_PLACEMENT_3D('',#325,#326,#327);
#325 = CARTESIAN_POINT('',(-7.9,23.9,0.));
#326 = DIRECTION('',(0.,1.,0.));
#327 = DIRECTION('',(0.,0.,1.));
#328 = ADVANCED_FACE('',(#329),#347,.T.);
#329 = FACE_BOUND('',#330,.T.);
#330 = EDGE_LOOP('',(#331,#332,#340,#346));
#331 = ORIENTED_EDGE('',*,*,#294,.F.);
#332 = ORIENTED_EDGE('',*,*,#333,.T.);
#333 = EDGE_CURVE('',#285,#334,#336,.T.);
#334 = VERTEX_POINT('',#335);
#335 = CARTESIAN_POINT('',(-0.1,-15.9,0.));
#336 = LINE('',#337,#338);
#337 = CARTESIAN_POINT('',(-0.1,-16.1,0.));
#338 = VECTOR('',#339,1.);
#339 = DIRECTION('',(0.,1.,0.));
#340 = ORIENTED_EDGE('',*,*,#341,.T.);
#341 = EDGE_CURVE('',#334,#73,#342,.T.);
#342 = LINE('',#343,#344);
#343 = CARTESIAN_POINT('',(-0.1,-15.9,0.));
#344 = VECTOR('',#345,1.);
#345 = DIRECTION('',(0.,0.,1.));
#346 = ORIENTED_EDGE('',*,*,#72,.F.);
#347 = PLANE('',#348);
#348 = AXIS2_PLACEMENT_3D('',#349,#350,#351);
#349 = CARTESIAN_POINT('',(-0.1,-19.9,4.8));
#350 = DIRECTION('',(1.,0.,0.));
#351 = DIRECTION('',(0.,0.,1.));
#352 = ADVANCED_FACE('',(#353),#371,.T.);
#353 = FACE_BOUND('',#354,.T.);
#354 = EDGE_LOOP('',(#355,#363,#369,#370));
#355 = ORIENTED_EDGE('',*,*,#356,.F.);
#356 = EDGE_CURVE('',#357,#97,#359,.T.);
#357 = VERTEX_POINT('',#358);
#358 = CARTESIAN_POINT('',(-0.1,15.9,0.));
#359 = LINE('',#360,#361);
#360 = CARTESIAN_POINT('',(-0.1,15.9,0.));
#361 = VECTOR('',#362,1.);
#362 = DIRECTION('',(0.,0.,1.));
#363 = ORIENTED_EDGE('',*,*,#364,.T.);
#364 = EDGE_CURVE('',#357,#309,#365,.T.);
#365 = LINE('',#366,#367);
#366 = CARTESIAN_POINT('',(-0.1,16.1,0.));
#367 = VECTOR('',#368,1.);
#368 = DIRECTION('',(0.,1.,0.));
#369 = ORIENTED_EDGE('',*,*,#318,.T.);
#370 = ORIENTED_EDGE('',*,*,#104,.F.);
#371 = PLANE('',#372);
#372 = AXIS2_PLACEMENT_3D('',#373,#374,#375);
#373 = CARTESIAN_POINT('',(-0.1,19.9,4.8));
#374 = DIRECTION('',(1.,0.,0.));
#375 = DIRECTION('',(0.,0.,1.));
#376 = ADVANCED_FACE('',(#377),#395,.F.);
#377 = FACE_BOUND('',#378,.F.);
#378 = EDGE_LOOP('',(#379,#387,#388,#389));
#379 = ORIENTED_EDGE('',*,*,#380,.F.);
#380 = EDGE_CURVE('',#334,#381,#383,.T.);
#381 = VERTEX_POINT('',#382);
#382 = CARTESIAN_POINT('',(7.9,-15.9,0.));
#383 = LINE('',#384,#385);
#384 = CARTESIAN_POINT('',(-7.9,-15.9,0.));
#385 = VECTOR('',#386,1.);
#386 = DIRECTION('',(1.,0.,0.));
#387 = ORIENTED_EDGE('',*,*,#341,.T.);
#388 = ORIENTED_EDGE('',*,*,#80,.T.);
#389 = ORIENTED_EDGE('',*,*,#390,.F.);
#390 = EDGE_CURVE('',#381,#81,#391,.T.);
#391 = LINE('',#392,#393);
#392 = CARTESIAN_POINT('',(7.9,-15.9,0.));
#393 = VECTOR('',#394,1.);
#394 = DIRECTION('',(0.,0.,1.));
#395 = PLANE('',#396);
#396 = AXIS2_PLACEMENT_3D('',#397,#398,#399);
#397 = CARTESIAN_POINT('',(-7.9,-15.9,0.));
#398 = DIRECTION('',(0.,1.,0.));
#399 = DIRECTION('',(0.,0.,1.));
#400 = ADVANCED_FACE('',(#401),#419,.T.);
#401 = FACE_BOUND('',#402,.T.);
#402 = EDGE_LOOP('',(#403,#411,#412,#413));
#403 = ORIENTED_EDGE('',*,*,#404,.F.);
#404 = EDGE_CURVE('',#357,#405,#407,.T.);
#405 = VERTEX_POINT('',#406);
#406 = CARTESIAN_POINT('',(7.9,15.9,0.));
#407 = LINE('',#408,#409);
#408 = CARTESIAN_POINT('',(-7.9,15.9,0.));
#409 = VECTOR('',#410,1.);
#410 = DIRECTION('',(1.,0.,0.));
#411 = ORIENTED_EDGE('',*,*,#356,.T.);
#412 = ORIENTED_EDGE('',*,*,#96,.T.);
#413 = ORIENTED_EDGE('',*,*,#414,.F.);
#414 = EDGE_CURVE('',#405,#89,#415,.T.);
#415 = LINE('',#416,#417);
#416 = CARTESIAN_POINT('',(7.9,15.9,0.));
#417 = VECTOR('',#418,1.);
#418 = DIRECTION('',(0.,0.,1.));
#419 = PLANE('',#420);
#420 = AXIS2_PLACEMENT_3D('',#421,#422,#423);
#421 = CARTESIAN_POINT('',(-7.9,15.9,0.));
#422 = DIRECTION('',(0.,1.,0.));
#423 = DIRECTION('',(0.,0.,1.));
#424 = ADVANCED_FACE('',(#425),#436,.T.);
#425 = FACE_BOUND('',#426,.T.);
#426 = EDGE_LOOP('',(#427,#428,#434,#435));
#427 = ORIENTED_EDGE('',*,*,#390,.F.);
#428 = ORIENTED_EDGE('',*,*,#429,.T.);
#429 = EDGE_CURVE('',#381,#405,#430,.T.);
#430 = LINE('',#431,#432);
#431 = CARTESIAN_POINT('',(7.9,8.1,0.));
#432 = VECTOR('',#433,1.);
#433 = DIRECTION('',(0.,1.,0.));
#434 = ORIENTED_EDGE('',*,*,#414,.T.);
#435 = ORIENTED_EDGE('',*,*,#88,.F.);
#436 = PLANE('',#437);
#437 = AXIS2_PLACEMENT_3D('',#438,#439,#440);
#438 = CARTESIAN_POINT('',(7.9,-3.003501902368E-16,4.8));
#439 = DIRECTION('',(1.,0.,0.));
#440 = DIRECTION('',(0.,0.,1.));
#441 = ADVANCED_FACE('',(#442),#461,.T.);
#442 = FACE_BOUND('',#443,.F.);
#443 = EDGE_LOOP('',(#444,#452,#459,#460));
#444 = ORIENTED_EDGE('',*,*,#445,.T.);
#445 = EDGE_CURVE('',#124,#446,#448,.T.);
#446 = VERTEX_POINT('',#447);
#447 = CARTESIAN_POINT('',(-1.6,-12.,11.15));
#448 = LINE('',#449,#450);
#449 = CARTESIAN_POINT('',(-1.6,-12.,9.6));
#450 = VECTOR('',#451,1.);
#451 = DIRECTION('',(0.,0.,1.));
#452 = ORIENTED_EDGE('',*,*,#453,.T.);
#453 = EDGE_CURVE('',#446,#446,#454,.T.);
#454 = CIRCLE('',#455,2.4);
#455 = AXIS2_PLACEMENT_3D('',#456,#457,#458);
#456 = CARTESIAN_POINT('',(-4.,-12.,11.15));
#457 = DIRECTION('',(0.,0.,1.));
#458 = DIRECTION('',(1.,0.,0.));
#459 = ORIENTED_EDGE('',*,*,#445,.F.);
#460 = ORIENTED_EDGE('',*,*,#123,.F.);
#461 = CYLINDRICAL_SURFACE('',#462,2.4);
#462 = AXIS2_PLACEMENT_3D('',#463,#464,#465);
#463 = CARTESIAN_POINT('',(-4.,-12.,9.6));
#464 = DIRECTION('',(-0.,-0.,-1.));
#465 = DIRECTION('',(1.,0.,0.));
#466 = ADVANCED_FACE('',(#467),#486,.T.);
#467 = FACE_BOUND('',#468,.F.);
#468 = EDGE_LOOP('',(#469,#477,#484,#485));
#469 = ORIENTED_EDGE('',*,*,#470,.T.);
#470 = EDGE_CURVE('',#135,#471,#473,.T.);
#471 = VERTEX_POINT('',#472);
#472 = CARTESIAN_POINT('',(-1.6,-4.,11.15));
#473 = LINE('',#474,#475);
#474 = CARTESIAN_POINT('',(-1.6,-4.,9.6));
#475 = VECTOR('',#476,1.);
#476 = DIRECTION('',(0.,0.,1.));
#477 = ORIENTED_EDGE('',*,*,#478,.T.);
#478 = EDGE_CURVE('',#471,#471,#479,.T.);
#479 = CIRCLE('',#480,2.4);
#480 = AXIS2_PLACEMENT_3D('',#481,#482,#483);
#481 = CARTESIAN_POINT('',(-4.,-4.,11.15));
#482 = DIRECTION('',(0.,0.,1.));
#483 = DIRECTION('',(1.,0.,0.));
#484 = ORIENTED_EDGE('',*,*,#470,.F.);
#485 = ORIENTED_EDGE('',*,*,#134,.F.);
#486 = CYLINDRICAL_SURFACE('',#487,2.4);
#487 = AXIS2_PLACEMENT_3D('',#488,#489,#490);
#488 = CARTESIAN_POINT('',(-4.,-4.,9.6));
#489 = DIRECTION('',(-0.,-0.,-1.));
#490 = DIRECTION('',(1.,0.,0.));
#491 = ADVANCED_FACE('',(#492),#511,.T.);
#492 = FACE_BOUND('',#493,.F.);
#493 = EDGE_LOOP('',(#494,#502,#509,#510));
#494 = ORIENTED_EDGE('',*,*,#495,.T.);
#495 = EDGE_CURVE('',#146,#496,#498,.T.);
#496 = VERTEX_POINT('',#497);
#497 = CARTESIAN_POINT('',(6.4,-12.,11.15));
#498 = LINE('',#499,#500);
#499 = CARTESIAN_POINT('',(6.4,-12.,9.6));
#500 = VECTOR('',#501,1.);
#501 = DIRECTION('',(0.,0.,1.));
#502 = ORIENTED_EDGE('',*,*,#503,.T.);
#503 = EDGE_CURVE('',#496,#496,#504,.T.);
#504 = CIRCLE('',#505,2.4);
#505 = AXIS2_PLACEMENT_3D('',#506,#507,#508);
#506 = CARTESIAN_POINT('',(4.,-12.,11.15));
#507 = DIRECTION('',(0.,0.,1.));
#508 = DIRECTION('',(1.,0.,0.));
#509 = ORIENTED_EDGE('',*,*,#495,.F.);
#510 = ORIENTED_EDGE('',*,*,#145,.F.);
#511 = CYLINDRICAL_SURFACE('',#512,2.4);
#512 = AXIS2_PLACEMENT_3D('',#513,#514,#515);
#513 = CARTESIAN_POINT('',(4.,-12.,9.6));
#514 = DIRECTION('',(-0.,-0.,-1.));
#515 = DIRECTION('',(1.,0.,0.));
#516 = ADVANCED_FACE('',(#517),#536,.T.);
#517 = FACE_BOUND('',#518,.F.);
#518 = EDGE_LOOP('',(#519,#527,#534,#535));
#519 = ORIENTED_EDGE('',*,*,#520,.T.);
#520 = EDGE_CURVE('',#157,#521,#523,.T.);
#521 = VERTEX_POINT('',#522);
#522 = CARTESIAN_POINT('',(6.4,-4.,11.15));
#523 = LINE('',#524,#525);
#524 = CARTESIAN_POINT('',(6.4,-4.,9.6));
#525 = VECTOR('',#526,1.);
#526 = DIRECTION('',(0.,0.,1.));
#527 = ORIENTED_EDGE('',*,*,#528,.T.);
#528 = EDGE_CURVE('',#521,#521,#529,.T.);
#529 = CIRCLE('',#530,2.4);
#530 = AXIS2_PLACEMENT_3D('',#531,#532,#533);
#531 = CARTESIAN_POINT('',(4.,-4.,11.15));
#532 = DIRECTION('',(0.,0.,1.));
#533 = DIRECTION('',(1.,0.,0.));
#534 = ORIENTED_EDGE('',*,*,#520,.F.);
#535 = ORIENTED_EDGE('',*,*,#156,.F.);
#536 = CYLINDRICAL_SURFACE('',#537,2.4);
#537 = AXIS2_PLACEMENT_3D('',#538,#539,#540);
#538 = CARTESIAN_POINT('',(4.,-4.,9.6));
#539 = DIRECTION('',(-0.,-0.,-1.));
#540 = DIRECTION('',(1.,0.,0.));
#541 = ADVANCED_FACE('',(#542),#561,.T.);
#542 = FACE_BOUND('',#543,.F.);
#543 = EDGE_LOOP('',(#544,#552,#559,#560));
#544 = ORIENTED_EDGE('',*,*,#545,.T.);
#545 = EDGE_CURVE('',#168,#546,#548,.T.);
#546 = VERTEX_POINT('',#547);
#547 = CARTESIAN_POINT('',(-1.6,4.,11.15));
#548 = LINE('',#549,#550);
#549 = CARTESIAN_POINT('',(-1.6,4.,9.6));
#550 = VECTOR('',#551,1.);
#551 = DIRECTION('',(0.,0.,1.));
#552 = ORIENTED_EDGE('',*,*,#553,.T.);
#553 = EDGE_CURVE('',#546,#546,#554,.T.);
#554 = CIRCLE('',#555,2.4);
#555 = AXIS2_PLACEMENT_3D('',#556,#557,#558);
#556 = CARTESIAN_POINT('',(-4.,4.,11.15));
#557 = DIRECTION('',(0.,0.,1.));
#558 = DIRECTION('',(1.,0.,0.));
#559 = ORIENTED_EDGE('',*,*,#545,.F.);
#560 = ORIENTED_EDGE('',*,*,#167,.F.);
#561 = CYLINDRICAL_SURFACE('',#562,2.4);
#562 = AXIS2_PLACEMENT_3D('',#563,#564,#565);
#563 = CARTESIAN_POINT('',(-4.,4.,9.6));
#564 = DIRECTION('',(-0.,-0.,-1.));
#565 = DIRECTION('',(1.,0.,0.));
#566 = ADVANCED_FACE('',(#567),#586,.T.);
#567 = FACE_BOUND('',#568,.F.);
#568 = EDGE_LOOP('',(#569,#577,#584,#585));
#569 = ORIENTED_EDGE('',*,*,#570,.T.);
#570 = EDGE_CURVE('',#179,#571,#573,.T.);
#571 = VERTEX_POINT('',#572);
#572 = CARTESIAN_POINT('',(-1.6,12.,11.15));
#573 = LINE('',#574,#575);
#574 = CARTESIAN_POINT('',(-1.6,12.,9.6));
#575 = VECTOR('',#576,1.);
#576 = DIRECTION('',(0.,0.,1.));
#577 = ORIENTED_EDGE('',*,*,#578,.T.);
#578 = EDGE_CURVE('',#571,#571,#579,.T.);
#579 = CIRCLE('',#580,2.4);
#580 = AXIS2_PLACEMENT_3D('',#581,#582,#583);
#581 = CARTESIAN_POINT('',(-4.,12.,11.15));
#582 = DIRECTION('',(0.,0.,1.));
#583 = DIRECTION('',(1.,0.,0.));
#584 = ORIENTED_EDGE('',*,*,#570,.F.);
#585 = ORIENTED_EDGE('',*,*,#178,.F.);
#586 = CYLINDRICAL_SURFACE('',#587,2.4);
#587 = AXIS2_PLACEMENT_3D('',#588,#589,#590);
#588 = CARTESIAN_POINT('',(-4.,12.,9.6));
#589 = DIRECTION('',(-0.,-0.,-1.));
#590 = DIRECTION('',(1.,0.,0.));
#591 = ADVANCED_FACE('',(#592),#611,.T.);
#592 = FACE_BOUND('',#593,.F.);
#593 = EDGE_LOOP('',(#594,#602,#609,#610));
#594 = ORIENTED_EDGE('',*,*,#595,.T.);
#595 = EDGE_CURVE('',#190,#596,#598,.T.);
#596 = VERTEX_POINT('',#597);
#597 = CARTESIAN_POINT('',(-1.6,20.,11.15));
#598 = LINE('',#599,#600);
#599 = CARTESIAN_POINT('',(-1.6,20.,9.6));
#600 = VECTOR('',#601,1.);
#601 = DIRECTION('',(0.,0.,1.));
#602 = ORIENTED_EDGE('',*,*,#603,.T.);
#603 = EDGE_CURVE('',#596,#596,#604,.T.);
#604 = CIRCLE('',#605,2.4);
#605 = AXIS2_PLACEMENT_3D('',#606,#607,#608);
#606 = CARTESIAN_POINT('',(-4.,20.,11.15));
#607 = DIRECTION('',(0.,0.,1.));
#608 = DIRECTION('',(1.,0.,0.));
#609 = ORIENTED_EDGE('',*,*,#595,.F.);
#610 = ORIENTED_EDGE('',*,*,#189,.F.);
#611 = CYLINDRICAL_SURFACE('',#612,2.4);
#612 = AXIS2_PLACEMENT_3D('',#613,#614,#615);
#613 = CARTESIAN_POINT('',(-4.,20.,9.6));
#614 = DIRECTION('',(-0.,-0.,-1.));
#615 = DIRECTION('',(1.,0.,0.));
#616 = ADVANCED_FACE('',(#617),#636,.T.);
#617 = FACE_BOUND('',#618,.F.);
#618 = EDGE_LOOP('',(#619,#627,#634,#635));
#619 = ORIENTED_EDGE('',*,*,#620,.T.);
#620 = EDGE_CURVE('',#201,#621,#623,.T.);
#621 = VERTEX_POINT('',#622);
#622 = CARTESIAN_POINT('',(6.4,4.,11.15));
#623 = LINE('',#624,#625);
#624 = CARTESIAN_POINT('',(6.4,4.,9.6));
#625 = VECTOR('',#626,1.);
#626 = DIRECTION('',(0.,0.,1.));
#627 = ORIENTED_EDGE('',*,*,#628,.T.);
#628 = EDGE_CURVE('',#621,#621,#629,.T.);
#629 = CIRCLE('',#630,2.4);
#630 = AXIS2_PLACEMENT_3D('',#631,#632,#633);
#631 = CARTESIAN_POINT('',(4.,4.,11.15));
#632 = DIRECTION('',(0.,0.,1.));
#633 = DIRECTION('',(1.,0.,0.));
#634 = ORIENTED_EDGE('',*,*,#620,.F.);
#635 = ORIENTED_EDGE('',*,*,#200,.F.);
#636 = CYLINDRICAL_SURFACE('',#637,2.4);
#637 = AXIS2_PLACEMENT_3D('',#638,#639,#640);
#638 = CARTESIAN_POINT('',(4.,4.,9.6));
#639 = DIRECTION('',(-0.,-0.,-1.));
#640 = DIRECTION('',(1.,0.,0.));
#641 = ADVANCED_FACE('',(#642),#661,.T.);
#642 = FACE_BOUND('',#643,.F.);
#643 = EDGE_LOOP('',(#644,#652,#659,#660));
#644 = ORIENTED_EDGE('',*,*,#645,.T.);
#645 = EDGE_CURVE('',#212,#646,#648,.T.);
#646 = VERTEX_POINT('',#647);
#647 = CARTESIAN_POINT('',(6.4,12.,11.15));
#648 = LINE('',#649,#650);
#649 = CARTESIAN_POINT('',(6.4,12.,9.6));
#650 = VECTOR('',#651,1.);
#651 = DIRECTION('',(0.,0.,1.));
#652 = ORIENTED_EDGE('',*,*,#653,.T.);
#653 = EDGE_CURVE('',#646,#646,#654,.T.);
#654 = CIRCLE('',#655,2.4);
#655 = AXIS2_PLACEMENT_3D('',#656,#657,#658);
#656 = CARTESIAN_POINT('',(4.,12.,11.15));
#657 = DIRECTION('',(0.,0.,1.));
#658 = DIRECTION('',(1.,0.,0.));
#659 = ORIENTED_EDGE('',*,*,#645,.F.);
#660 = ORIENTED_EDGE('',*,*,#211,.F.);
#661 = CYLINDRICAL_SURFACE('',#662,2.4);
#662 = AXIS2_PLACEMENT_3D('',#663,#664,#665);
#663 = CARTESIAN_POINT('',(4.,12.,9.6));
#664 = DIRECTION('',(-0.,-0.,-1.));
#665 = DIRECTION('',(1.,0.,0.));
#666 = ADVANCED_FACE('',(#667),#670,.T.);
#667 = FACE_BOUND('',#668,.T.);
#668 = EDGE_LOOP('',(#669));
#669 = ORIENTED_EDGE('',*,*,#228,.T.);
#670 = PLANE('',#671);
#671 = AXIS2_PLACEMENT_3D('',#672,#673,#674);
#672 = CARTESIAN_POINT('',(-4.,-20.,11.4));
#673 = DIRECTION('',(0.,0.,1.));
#674 = DIRECTION('',(1.,0.,0.));
#675 = ADVANCED_FACE('',(#676,#686),#896,.T.);
#676 = FACE_BOUND('',#677,.T.);
#677 = EDGE_LOOP('',(#678,#679,#680,#681,#682,#683,#684,#685));
#678 = ORIENTED_EDGE('',*,*,#270,.T.);
#679 = ORIENTED_EDGE('',*,*,#308,.T.);
#680 = ORIENTED_EDGE('',*,*,#364,.F.);
#681 = ORIENTED_EDGE('',*,*,#404,.T.);
#682 = ORIENTED_EDGE('',*,*,#429,.F.);
#683 = ORIENTED_EDGE('',*,*,#380,.F.);
#684 = ORIENTED_EDGE('',*,*,#333,.F.);
#685 = ORIENTED_EDGE('',*,*,#284,.F.);
#686 = FACE_BOUND('',#687,.T.);
#687 = EDGE_LOOP('',(#688,#698,#706,#714,#722,#730,#738,#746,#754,#762,
    #770,#778,#786,#794,#802,#810,#818,#826,#834,#842,#850,#858,#866,
    #874,#882,#890));
#688 = ORIENTED_EDGE('',*,*,#689,.F.);
#689 = EDGE_CURVE('',#690,#692,#694,.T.);
#690 = VERTEX_POINT('',#691);
#691 = CARTESIAN_POINT('',(-6.64,-22.64,0.));
#692 = VERTEX_POINT('',#693);
#693 = CARTESIAN_POINT('',(-6.64,-17.36,0.));
#694 = LINE('',#695,#696);
#695 = CARTESIAN_POINT('',(-6.64,-22.64,0.));
#696 = VECTOR('',#697,1.);
#697 = DIRECTION('',(0.,1.,0.));
#698 = ORIENTED_EDGE('',*,*,#699,.T.);
#699 = EDGE_CURVE('',#690,#700,#702,.T.);
#700 = VERTEX_POINT('',#701);
#701 = CARTESIAN_POINT('',(-1.36,-22.64,0.));
#702 = LINE('',#703,#704);
#703 = CARTESIAN_POINT('',(-6.64,-22.64,0.));
#704 = VECTOR('',#705,1.);
#705 = DIRECTION('',(1.,0.,0.));
#706 = ORIENTED_EDGE('',*,*,#707,.T.);
#707 = EDGE_CURVE('',#700,#708,#710,.T.);
#708 = VERTEX_POINT('',#709);
#709 = CARTESIAN_POINT('',(-1.36,-17.36,0.));
#710 = LINE('',#711,#712);
#711 = CARTESIAN_POINT('',(-1.36,-22.64,0.));
#712 = VECTOR('',#713,1.);
#713 = DIRECTION('',(0.,1.,0.));
#714 = ORIENTED_EDGE('',*,*,#715,.T.);
#715 = EDGE_CURVE('',#708,#716,#718,.T.);
#716 = VERTEX_POINT('',#717);
#717 = CARTESIAN_POINT('',(-1.36,-14.64,0.));
#718 = LINE('',#719,#720);
#719 = CARTESIAN_POINT('',(-1.36,-17.36,0.));
#720 = VECTOR('',#721,1.);
#721 = DIRECTION('',(0.,1.,0.));
#722 = ORIENTED_EDGE('',*,*,#723,.T.);
#723 = EDGE_CURVE('',#716,#724,#726,.T.);
#724 = VERTEX_POINT('',#725);
#725 = CARTESIAN_POINT('',(6.64,-14.64,0.));
#726 = LINE('',#727,#728);
#727 = CARTESIAN_POINT('',(-6.64,-14.64,0.));
#728 = VECTOR('',#729,1.);
#729 = DIRECTION('',(1.,0.,0.));
#730 = ORIENTED_EDGE('',*,*,#731,.T.);
#731 = EDGE_CURVE('',#724,#732,#734,.T.);
#732 = VERTEX_POINT('',#733);
#733 = CARTESIAN_POINT('',(6.64,-9.36,0.));
#734 = LINE('',#735,#736);
#735 = CARTESIAN_POINT('',(6.64,-14.64,0.));
#736 = VECTOR('',#737,1.);
#737 = DIRECTION('',(0.,1.,0.));
#738 = ORIENTED_EDGE('',*,*,#739,.T.);
#739 = EDGE_CURVE('',#732,#740,#742,.T.);
#740 = VERTEX_POINT('',#741);
#741 = CARTESIAN_POINT('',(6.64,-6.64,0.));
#742 = LINE('',#743,#744);
#743 = CARTESIAN_POINT('',(6.64,-9.36,0.));
#744 = VECTOR('',#745,1.);
#745 = DIRECTION('',(0.,1.,0.));
#746 = ORIENTED_EDGE('',*,*,#747,.T.);
#747 = EDGE_CURVE('',#740,#748,#750,.T.);
#748 = VERTEX_POINT('',#749);
#749 = CARTESIAN_POINT('',(6.64,-1.36,0.));
#750 = LINE('',#751,#752);
#751 = CARTESIAN_POINT('',(6.64,-6.64,0.));
#752 = VECTOR('',#753,1.);
#753 = DIRECTION('',(0.,1.,0.));
#754 = ORIENTED_EDGE('',*,*,#755,.T.);
#755 = EDGE_CURVE('',#748,#756,#758,.T.);
#756 = VERTEX_POINT('',#757);
#757 = CARTESIAN_POINT('',(6.64,1.36,0.));
#758 = LINE('',#759,#760);
#759 = CARTESIAN_POINT('',(6.64,-1.36,0.));
#760 = VECTOR('',#761,1.);
#761 = DIRECTION('',(0.,1.,0.));
#762 = ORIENTED_EDGE('',*,*,#763,.T.);
#763 = EDGE_CURVE('',#756,#764,#766,.T.);
#764 = VERTEX_POINT('',#765);
#765 = CARTESIAN_POINT('',(6.64,6.64,0.));
#766 = LINE('',#767,#768);
#767 = CARTESIAN_POINT('',(6.64,1.36,0.));
#768 = VECTOR('',#769,1.);
#769 = DIRECTION('',(0.,1.,0.));
#770 = ORIENTED_EDGE('',*,*,#771,.T.);
#771 = EDGE_CURVE('',#764,#772,#774,.T.);
#772 = VERTEX_POINT('',#773);
#773 = CARTESIAN_POINT('',(6.64,9.36,0.));
#774 = LINE('',#775,#776);
#775 = CARTESIAN_POINT('',(6.64,6.64,0.));
#776 = VECTOR('',#777,1.);
#777 = DIRECTION('',(0.,1.,0.));
#778 = ORIENTED_EDGE('',*,*,#779,.T.);
#779 = EDGE_CURVE('',#772,#780,#782,.T.);
#780 = VERTEX_POINT('',#781);
#781 = CARTESIAN_POINT('',(6.64,14.64,0.));
#782 = LINE('',#783,#784);
#783 = CARTESIAN_POINT('',(6.64,9.36,0.));
#784 = VECTOR('',#785,1.);
#785 = DIRECTION('',(0.,1.,0.));
#786 = ORIENTED_EDGE('',*,*,#787,.F.);
#787 = EDGE_CURVE('',#788,#780,#790,.T.);
#788 = VERTEX_POINT('',#789);
#789 = CARTESIAN_POINT('',(-1.36,14.64,0.));
#790 = LINE('',#791,#792);
#791 = CARTESIAN_POINT('',(-6.64,14.64,0.));
#792 = VECTOR('',#793,1.);
#793 = DIRECTION('',(1.,0.,0.));
#794 = ORIENTED_EDGE('',*,*,#795,.T.);
#795 = EDGE_CURVE('',#788,#796,#798,.T.);
#796 = VERTEX_POINT('',#797);
#797 = CARTESIAN_POINT('',(-1.36,17.36,0.));
#798 = LINE('',#799,#800);
#799 = CARTESIAN_POINT('',(-1.36,14.64,0.));
#800 = VECTOR('',#801,1.);
#801 = DIRECTION('',(0.,1.,0.));
#802 = ORIENTED_EDGE('',*,*,#803,.T.);
#803 = EDGE_CURVE('',#796,#804,#806,.T.);
#804 = VERTEX_POINT('',#805);
#805 = CARTESIAN_POINT('',(-1.36,22.64,0.));
#806 = LINE('',#807,#808);
#807 = CARTESIAN_POINT('',(-1.36,17.36,0.));
#808 = VECTOR('',#809,1.);
#809 = DIRECTION('',(0.,1.,0.));
#810 = ORIENTED_EDGE('',*,*,#811,.F.);
#811 = EDGE_CURVE('',#812,#804,#814,.T.);
#812 = VERTEX_POINT('',#813);
#813 = CARTESIAN_POINT('',(-6.64,22.64,0.));
#814 = LINE('',#815,#816);
#815 = CARTESIAN_POINT('',(-6.64,22.64,0.));
#816 = VECTOR('',#817,1.);
#817 = DIRECTION('',(1.,0.,0.));
#818 = ORIENTED_EDGE('',*,*,#819,.F.);
#819 = EDGE_CURVE('',#820,#812,#822,.T.);
#820 = VERTEX_POINT('',#821);
#821 = CARTESIAN_POINT('',(-6.64,17.36,0.));
#822 = LINE('',#823,#824);
#823 = CARTESIAN_POINT('',(-6.64,17.36,0.));
#824 = VECTOR('',#825,1.);
#825 = DIRECTION('',(0.,1.,0.));
#826 = ORIENTED_EDGE('',*,*,#827,.F.);
#827 = EDGE_CURVE('',#828,#820,#830,.T.);
#828 = VERTEX_POINT('',#829);
#829 = CARTESIAN_POINT('',(-6.64,14.64,0.));
#830 = LINE('',#831,#832);
#831 = CARTESIAN_POINT('',(-6.64,14.64,0.));
#832 = VECTOR('',#833,1.);
#833 = DIRECTION('',(0.,1.,0.));
#834 = ORIENTED_EDGE('',*,*,#835,.F.);
#835 = EDGE_CURVE('',#836,#828,#838,.T.);
#836 = VERTEX_POINT('',#837);
#837 = CARTESIAN_POINT('',(-6.64,9.36,0.));
#838 = LINE('',#839,#840);
#839 = CARTESIAN_POINT('',(-6.64,9.36,0.));
#840 = VECTOR('',#841,1.);
#841 = DIRECTION('',(0.,1.,0.));
#842 = ORIENTED_EDGE('',*,*,#843,.F.);
#843 = EDGE_CURVE('',#844,#836,#846,.T.);
#844 = VERTEX_POINT('',#845);
#845 = CARTESIAN_POINT('',(-6.64,6.64,0.));
#846 = LINE('',#847,#848);
#847 = CARTESIAN_POINT('',(-6.64,6.64,0.));
#848 = VECTOR('',#849,1.);
#849 = DIRECTION('',(0.,1.,0.));
#850 = ORIENTED_EDGE('',*,*,#851,.F.);
#851 = EDGE_CURVE('',#852,#844,#854,.T.);
#852 = VERTEX_POINT('',#853);
#853 = CARTESIAN_POINT('',(-6.64,1.36,0.));
#854 = LINE('',#855,#856);
#855 = CARTESIAN_POINT('',(-6.64,1.36,0.));
#856 = VECTOR('',#857,1.);
#857 = DIRECTION('',(0.,1.,0.));
#858 = ORIENTED_EDGE('',*,*,#859,.F.);
#859 = EDGE_CURVE('',#860,#852,#862,.T.);
#860 = VERTEX_POINT('',#861);
#861 = CARTESIAN_POINT('',(-6.64,-1.36,0.));
#862 = LINE('',#863,#864);
#863 = CARTESIAN_POINT('',(-6.64,-1.36,0.));
#864 = VECTOR('',#865,1.);
#865 = DIRECTION('',(0.,1.,0.));
#866 = ORIENTED_EDGE('',*,*,#867,.F.);
#867 = EDGE_CURVE('',#868,#860,#870,.T.);
#868 = VERTEX_POINT('',#869);
#869 = CARTESIAN_POINT('',(-6.64,-6.64,0.));
#870 = LINE('',#871,#872);
#871 = CARTESIAN_POINT('',(-6.64,-6.64,0.));
#872 = VECTOR('',#873,1.);
#873 = DIRECTION('',(0.,1.,0.));
#874 = ORIENTED_EDGE('',*,*,#875,.F.);
#875 = EDGE_CURVE('',#876,#868,#878,.T.);
#876 = VERTEX_POINT('',#877);
#877 = CARTESIAN_POINT('',(-6.64,-9.36,0.));
#878 = LINE('',#879,#880);
#879 = CARTESIAN_POINT('',(-6.64,-9.36,0.));
#880 = VECTOR('',#881,1.);
#881 = DIRECTION('',(0.,1.,0.));
#882 = ORIENTED_EDGE('',*,*,#883,.F.);
#883 = EDGE_CURVE('',#884,#876,#886,.T.);
#884 = VERTEX_POINT('',#885);
#885 = CARTESIAN_POINT('',(-6.64,-14.64,0.));
#886 = LINE('',#887,#888);
#887 = CARTESIAN_POINT('',(-6.64,-14.64,0.));
#888 = VECTOR('',#889,1.);
#889 = DIRECTION('',(0.,1.,0.));
#890 = ORIENTED_EDGE('',*,*,#891,.F.);
#891 = EDGE_CURVE('',#692,#884,#892,.T.);
#892 = LINE('',#893,#894);
#893 = CARTESIAN_POINT('',(-6.64,-17.36,0.));
#894 = VECTOR('',#895,1.);
#895 = DIRECTION('',(0.,1.,0.));
#896 = PLANE('',#897);
#897 = AXIS2_PLACEMENT_3D('',#898,#899,#900);
#898 = CARTESIAN_POINT('',(-1.006289308176,1.56408778312E-15,0.));
#899 = DIRECTION('',(-0.,-0.,-1.));
#900 = DIRECTION('',(-1.,0.,0.));
#901 = ADVANCED_FACE('',(#902),#921,.T.);
#902 = FACE_BOUND('',#903,.T.);
#903 = EDGE_LOOP('',(#904,#913,#919,#920));
#904 = ORIENTED_EDGE('',*,*,#905,.F.);
#905 = EDGE_CURVE('',#906,#906,#908,.T.);
#906 = VERTEX_POINT('',#907);
#907 = CARTESIAN_POINT('',(-1.85,-12.,11.4));
#908 = CIRCLE('',#909,2.15);
#909 = AXIS2_PLACEMENT_3D('',#910,#911,#912);
#910 = CARTESIAN_POINT('',(-4.,-12.,11.4));
#911 = DIRECTION('',(0.,0.,1.));
#912 = DIRECTION('',(1.,0.,0.));
#913 = ORIENTED_EDGE('',*,*,#914,.F.);
#914 = EDGE_CURVE('',#446,#906,#915,.T.);
#915 = LINE('',#916,#917);
#916 = CARTESIAN_POINT('',(-1.6,-12.,11.15));
#917 = VECTOR('',#918,1.);
#918 = DIRECTION('',(-0.707106781187,1.731912112471E-16,0.707106781187)
  );
#919 = ORIENTED_EDGE('',*,*,#453,.T.);
#920 = ORIENTED_EDGE('',*,*,#914,.T.);
#921 = CONICAL_SURFACE('',#922,2.4,0.785398163397);
#922 = AXIS2_PLACEMENT_3D('',#923,#924,#925);
#923 = CARTESIAN_POINT('',(-4.,-12.,11.15));
#924 = DIRECTION('',(-0.,-0.,-1.));
#925 = DIRECTION('',(1.,0.,0.));
#926 = ADVANCED_FACE('',(#927),#946,.T.);
#927 = FACE_BOUND('',#928,.T.);
#928 = EDGE_LOOP('',(#929,#938,#944,#945));
#929 = ORIENTED_EDGE('',*,*,#930,.F.);
#930 = EDGE_CURVE('',#931,#931,#933,.T.);
#931 = VERTEX_POINT('',#932);
#932 = CARTESIAN_POINT('',(-1.85,-4.,11.4));
#933 = CIRCLE('',#934,2.15);
#934 = AXIS2_PLACEMENT_3D('',#935,#936,#937);
#935 = CARTESIAN_POINT('',(-4.,-4.,11.4));
#936 = DIRECTION('',(0.,0.,1.));
#937 = DIRECTION('',(1.,0.,0.));
#938 = ORIENTED_EDGE('',*,*,#939,.F.);
#939 = EDGE_CURVE('',#471,#931,#940,.T.);
#940 = LINE('',#941,#942);
#941 = CARTESIAN_POINT('',(-1.6,-4.,11.15));
#942 = VECTOR('',#943,1.);
#943 = DIRECTION('',(-0.707106781187,1.731912112471E-16,0.707106781187)
  );
#944 = ORIENTED_EDGE('',*,*,#478,.T.);
#945 = ORIENTED_EDGE('',*,*,#939,.T.);
#946 = CONICAL_SURFACE('',#947,2.4,0.785398163397);
#947 = AXIS2_PLACEMENT_3D('',#948,#949,#950);
#948 = CARTESIAN_POINT('',(-4.,-4.,11.15));
#949 = DIRECTION('',(-0.,-0.,-1.));
#950 = DIRECTION('',(1.,0.,0.));
#951 = ADVANCED_FACE('',(#952),#971,.T.);
#952 = FACE_BOUND('',#953,.T.);
#953 = EDGE_LOOP('',(#954,#963,#969,#970));
#954 = ORIENTED_EDGE('',*,*,#955,.F.);
#955 = EDGE_CURVE('',#956,#956,#958,.T.);
#956 = VERTEX_POINT('',#957);
#957 = CARTESIAN_POINT('',(6.15,-12.,11.4));
#958 = CIRCLE('',#959,2.15);
#959 = AXIS2_PLACEMENT_3D('',#960,#961,#962);
#960 = CARTESIAN_POINT('',(4.,-12.,11.4));
#961 = DIRECTION('',(0.,0.,1.));
#962 = DIRECTION('',(1.,0.,0.));
#963 = ORIENTED_EDGE('',*,*,#964,.F.);
#964 = EDGE_CURVE('',#496,#956,#965,.T.);
#965 = LINE('',#966,#967);
#966 = CARTESIAN_POINT('',(6.4,-12.,11.15));
#967 = VECTOR('',#968,1.);
#968 = DIRECTION('',(-0.707106781187,1.731912112471E-16,0.707106781187)
  );
#969 = ORIENTED_EDGE('',*,*,#503,.T.);
#970 = ORIENTED_EDGE('',*,*,#964,.T.);
#971 = CONICAL_SURFACE('',#972,2.4,0.785398163397);
#972 = AXIS2_PLACEMENT_3D('',#973,#974,#975);
#973 = CARTESIAN_POINT('',(4.,-12.,11.15));
#974 = DIRECTION('',(-0.,-0.,-1.));
#975 = DIRECTION('',(1.,0.,0.));
#976 = ADVANCED_FACE('',(#977),#996,.T.);
#977 = FACE_BOUND('',#978,.T.);
#978 = EDGE_LOOP('',(#979,#988,#994,#995));
#979 = ORIENTED_EDGE('',*,*,#980,.F.);
#980 = EDGE_CURVE('',#981,#981,#983,.T.);
#981 = VERTEX_POINT('',#982);
#982 = CARTESIAN_POINT('',(6.15,-4.,11.4));
#983 = CIRCLE('',#984,2.15);
#984 = AXIS2_PLACEMENT_3D('',#985,#986,#987);
#985 = CARTESIAN_POINT('',(4.,-4.,11.4));
#986 = DIRECTION('',(0.,0.,1.));
#987 = DIRECTION('',(1.,0.,0.));
#988 = ORIENTED_EDGE('',*,*,#989,.F.);
#989 = EDGE_CURVE('',#521,#981,#990,.T.);
#990 = LINE('',#991,#992);
#991 = CARTESIAN_POINT('',(6.4,-4.,11.15));
#992 = VECTOR('',#993,1.);
#993 = DIRECTION('',(-0.707106781187,1.731912112471E-16,0.707106781187)
  );
#994 = ORIENTED_EDGE('',*,*,#528,.T.);
#995 = ORIENTED_EDGE('',*,*,#989,.T.);
#996 = CONICAL_SURFACE('',#997,2.4,0.785398163397);
#997 = AXIS2_PLACEMENT_3D('',#998,#999,#1000);
#998 = CARTESIAN_POINT('',(4.,-4.,11.15));
#999 = DIRECTION('',(-0.,-0.,-1.));
#1000 = DIRECTION('',(1.,0.,0.));
#1001 = ADVANCED_FACE('',(#1002),#1021,.T.);
#1002 = FACE_BOUND('',#1003,.T.);
#1003 = EDGE_LOOP('',(#1004,#1013,#1019,#1020));
#1004 = ORIENTED_EDGE('',*,*,#1005,.F.);
#1005 = EDGE_CURVE('',#1006,#1006,#1008,.T.);
#1006 = VERTEX_POINT('',#1007);
#1007 = CARTESIAN_POINT('',(-1.85,4.,11.4));
#1008 = CIRCLE('',#1009,2.15);
#1009 = AXIS2_PLACEMENT_3D('',#1010,#1011,#1012);
#1010 = CARTESIAN_POINT('',(-4.,4.,11.4));
#1011 = DIRECTION('',(0.,0.,1.));
#1012 = DIRECTION('',(1.,0.,0.));
#1013 = ORIENTED_EDGE('',*,*,#1014,.F.);
#1014 = EDGE_CURVE('',#546,#1006,#1015,.T.);
#1015 = LINE('',#1016,#1017);
#1016 = CARTESIAN_POINT('',(-1.6,4.,11.15));
#1017 = VECTOR('',#1018,1.);
#1018 = DIRECTION('',(-0.707106781187,1.731912112471E-16,0.707106781187)
  );
#1019 = ORIENTED_EDGE('',*,*,#553,.T.);
#1020 = ORIENTED_EDGE('',*,*,#1014,.T.);
#1021 = CONICAL_SURFACE('',#1022,2.4,0.785398163397);
#1022 = AXIS2_PLACEMENT_3D('',#1023,#1024,#1025);
#1023 = CARTESIAN_POINT('',(-4.,4.,11.15));
#1024 = DIRECTION('',(-0.,-0.,-1.));
#1025 = DIRECTION('',(1.,0.,0.));
#1026 = ADVANCED_FACE('',(#1027),#1046,.T.);
#1027 = FACE_BOUND('',#1028,.T.);
#1028 = EDGE_LOOP('',(#1029,#1038,#1044,#1045));
#1029 = ORIENTED_EDGE('',*,*,#1030,.F.);
#1030 = EDGE_CURVE('',#1031,#1031,#1033,.T.);
#1031 = VERTEX_POINT('',#1032);
#1032 = CARTESIAN_POINT('',(-1.85,12.,11.4));
#1033 = CIRCLE('',#1034,2.15);
#1034 = AXIS2_PLACEMENT_3D('',#1035,#1036,#1037);
#1035 = CARTESIAN_POINT('',(-4.,12.,11.4));
#1036 = DIRECTION('',(0.,0.,1.));
#1037 = DIRECTION('',(1.,0.,0.));
#1038 = ORIENTED_EDGE('',*,*,#1039,.F.);
#1039 = EDGE_CURVE('',#571,#1031,#1040,.T.);
#1040 = LINE('',#1041,#1042);
#1041 = CARTESIAN_POINT('',(-1.6,12.,11.15));
#1042 = VECTOR('',#1043,1.);
#1043 = DIRECTION('',(-0.707106781187,1.731912112471E-16,0.707106781187)
  );
#1044 = ORIENTED_EDGE('',*,*,#578,.T.);
#1045 = ORIENTED_EDGE('',*,*,#1039,.T.);
#1046 = CONICAL_SURFACE('',#1047,2.4,0.785398163397);
#1047 = AXIS2_PLACEMENT_3D('',#1048,#1049,#1050);
#1048 = CARTESIAN_POINT('',(-4.,12.,11.15));
#1049 = DIRECTION('',(-0.,-0.,-1.));
#1050 = DIRECTION('',(1.,0.,0.));
#1051 = ADVANCED_FACE('',(#1052),#1071,.T.);
#1052 = FACE_BOUND('',#1053,.T.);
#1053 = EDGE_LOOP('',(#1054,#1063,#1069,#1070));
#1054 = ORIENTED_EDGE('',*,*,#1055,.F.);
#1055 = EDGE_CURVE('',#1056,#1056,#1058,.T.);
#1056 = VERTEX_POINT('',#1057);
#1057 = CARTESIAN_POINT('',(-1.85,20.,11.4));
#1058 = CIRCLE('',#1059,2.15);
#1059 = AXIS2_PLACEMENT_3D('',#1060,#1061,#1062);
#1060 = CARTESIAN_POINT('',(-4.,20.,11.4));
#1061 = DIRECTION('',(0.,0.,1.));
#1062 = DIRECTION('',(1.,0.,0.));
#1063 = ORIENTED_EDGE('',*,*,#1064,.F.);
#1064 = EDGE_CURVE('',#596,#1056,#1065,.T.);
#1065 = LINE('',#1066,#1067);
#1066 = CARTESIAN_POINT('',(-1.6,20.,11.15));
#1067 = VECTOR('',#1068,1.);
#1068 = DIRECTION('',(-0.707106781187,1.731912112471E-16,0.707106781187)
  );
#1069 = ORIENTED_EDGE('',*,*,#603,.T.);
#1070 = ORIENTED_EDGE('',*,*,#1064,.T.);
#1071 = CONICAL_SURFACE('',#1072,2.4,0.785398163397);
#1072 = AXIS2_PLACEMENT_3D('',#1073,#1074,#1075);
#1073 = CARTESIAN_POINT('',(-4.,20.,11.15));
#1074 = DIRECTION('',(-0.,-0.,-1.));
#1075 = DIRECTION('',(1.,0.,0.));
#1076 = ADVANCED_FACE('',(#1077),#1096,.T.);
#1077 = FACE_BOUND('',#1078,.T.);
#1078 = EDGE_LOOP('',(#1079,#1088,#1094,#1095));
#1079 = ORIENTED_EDGE('',*,*,#1080,.F.);
#1080 = EDGE_CURVE('',#1081,#1081,#1083,.T.);
#1081 = VERTEX_POINT('',#1082);
#1082 = CARTESIAN_POINT('',(6.15,4.,11.4));
#1083 = CIRCLE('',#1084,2.15);
#1084 = AXIS2_PLACEMENT_3D('',#1085,#1086,#1087);
#1085 = CARTESIAN_POINT('',(4.,4.,11.4));
#1086 = DIRECTION('',(0.,0.,1.));
#1087 = DIRECTION('',(1.,0.,0.));
#1088 = ORIENTED_EDGE('',*,*,#1089,.F.);
#1089 = EDGE_CURVE('',#621,#1081,#1090,.T.);
#1090 = LINE('',#1091,#1092);
#1091 = CARTESIAN_POINT('',(6.4,4.,11.15));
#1092 = VECTOR('',#1093,1.);
#1093 = DIRECTION('',(-0.707106781187,1.731912112471E-16,0.707106781187)
  );
#1094 = ORIENTED_EDGE('',*,*,#628,.T.);
#1095 = ORIENTED_EDGE('',*,*,#1089,.T.);
#1096 = CONICAL_SURFACE('',#1097,2.4,0.785398163397);
#1097 = AXIS2_PLACEMENT_3D('',#1098,#1099,#1100);
#1098 = CARTESIAN_POINT('',(4.,4.,11.15));
#1099 = DIRECTION('',(-0.,-0.,-1.));
#1100 = DIRECTION('',(1.,0.,0.));
#1101 = ADVANCED_FACE('',(#1102),#1121,.T.);
#1102 = FACE_BOUND('',#1103,.T.);
#1103 = EDGE_LOOP('',(#1104,#1113,#1119,#1120));
#1104 = ORIENTED_EDGE('',*,*,#1105,.F.);
#1105 = EDGE_CURVE('',#1106,#1106,#1108,.T.);
#1106 = VERTEX_POINT('',#1107);
#1107 = CARTESIAN_POINT('',(6.15,12.,11.4));
#1108 = CIRCLE('',#1109,2.15);
#1109 = AXIS2_PLACEMENT_3D('',#1110,#1111,#1112);
#1110 = CARTESIAN_POINT('',(4.,12.,11.4));
#1111 = DIRECTION('',(0.,0.,1.));
#1112 = DIRECTION('',(1.,0.,0.));
#1113 = ORIENTED_EDGE('',*,*,#1114,.F.);
#1114 = EDGE_CURVE('',#646,#1106,#1115,.T.);
#1115 = LINE('',#1116,#1117);
#1116 = CARTESIAN_POINT('',(6.4,12.,11.15));
#1117 = VECTOR('',#1118,1.);
#1118 = DIRECTION('',(-0.707106781187,1.731912112471E-16,0.707106781187)
  );
#1119 = ORIENTED_EDGE('',*,*,#653,.T.);
#1120 = ORIENTED_EDGE('',*,*,#1114,.T.);
#1121 = CONICAL_SURFACE('',#1122,2.4,0.785398163397);
#1122 = AXIS2_PLACEMENT_3D('',#1123,#1124,#1125);
#1123 = CARTESIAN_POINT('',(4.,12.,11.15));
#1124 = DIRECTION('',(-0.,-0.,-1.));
#1125 = DIRECTION('',(1.,0.,0.));
#1126 = ADVANCED_FACE('',(#1127),#1150,.F.);
#1127 = FACE_BOUND('',#1128,.F.);
#1128 = EDGE_LOOP('',(#1129,#1130,#1137,#1145));
#1129 = ORIENTED_EDGE('',*,*,#689,.F.);
#1130 = ORIENTED_EDGE('',*,*,#1131,.T.);
#1131 = EDGE_CURVE('',#690,#1132,#1134,.T.);
#1132 = VERTEX_POINT('',#1133);
#1133 = CARTESIAN_POINT('',(-6.44,-22.44,0.3));
#1134 = B_SPLINE_CURVE_WITH_KNOTS('',1,(#1135,#1136),.UNSPECIFIED.,.F.,
  .F.,(2,2),(0.,1.),.PIECEWISE_BEZIER_KNOTS.);
#1135 = CARTESIAN_POINT('',(-6.64,-22.64,0.));
#1136 = CARTESIAN_POINT('',(-6.44,-22.44,0.3));
#1137 = ORIENTED_EDGE('',*,*,#1138,.T.);
#1138 = EDGE_CURVE('',#1132,#1139,#1141,.T.);
#1139 = VERTEX_POINT('',#1140);
#1140 = CARTESIAN_POINT('',(-6.44,-17.56,0.3));
#1141 = LINE('',#1142,#1143);
#1142 = CARTESIAN_POINT('',(-6.44,-22.44,0.3));
#1143 = VECTOR('',#1144,1.);
#1144 = DIRECTION('',(0.,1.,0.));
#1145 = ORIENTED_EDGE('',*,*,#1146,.F.);
#1146 = EDGE_CURVE('',#692,#1139,#1147,.T.);
#1147 = B_SPLINE_CURVE_WITH_KNOTS('',1,(#1148,#1149),.UNSPECIFIED.,.F.,
  .F.,(2,2),(0.,1.),.PIECEWISE_BEZIER_KNOTS.);
#1148 = CARTESIAN_POINT('',(-6.64,-17.36,0.));
#1149 = CARTESIAN_POINT('',(-6.44,-17.56,0.3));
#1150 = B_SPLINE_SURFACE_WITH_KNOTS('',1,1,(
    (#1151,#1152)
    ,(#1153,#1154
    )),.UNSPECIFIED.,.F.,.F.,.F.,(2,2),(2,2),(-5.28,0.),(0.,1.),
  .PIECEWISE_BEZIER_KNOTS.);
#1151 = CARTESIAN_POINT('',(-6.64,-17.36,0.));
#1152 = CARTESIAN_POINT('',(-6.44,-17.56,0.3));
#1153 = CARTESIAN_POINT('',(-6.64,-22.64,0.));
#1154 = CARTESIAN_POINT('',(-6.44,-22.44,0.3));
#1155 = ADVANCED_FACE('',(#1156),#1173,.F.);
#1156 = FACE_BOUND('',#1157,.F.);
#1157 = EDGE_LOOP('',(#1158,#1159,#1160,#1168));
#1158 = ORIENTED_EDGE('',*,*,#891,.F.);
#1159 = ORIENTED_EDGE('',*,*,#1146,.T.);
#1160 = ORIENTED_EDGE('',*,*,#1161,.T.);
#1161 = EDGE_CURVE('',#1139,#1162,#1164,.T.);
#1162 = VERTEX_POINT('',#1163);
#1163 = CARTESIAN_POINT('',(-6.44,-14.44,0.3));
#1164 = LINE('',#1165,#1166);
#1165 = CARTESIAN_POINT('',(-6.44,-17.56,0.3));
#1166 = VECTOR('',#1167,1.);
#1167 = DIRECTION('',(0.,1.,0.));
#1168 = ORIENTED_EDGE('',*,*,#1169,.F.);
#1169 = EDGE_CURVE('',#884,#1162,#1170,.T.);
#1170 = B_SPLINE_CURVE_WITH_KNOTS('',1,(#1171,#1172),.UNSPECIFIED.,.F.,
  .F.,(2,2),(0.,1.),.PIECEWISE_BEZIER_KNOTS.);
#1171 = CARTESIAN_POINT('',(-6.64,-14.64,0.));
#1172 = CARTESIAN_POINT('',(-6.44,-14.44,0.3));
#1173 = B_SPLINE_SURFACE_WITH_KNOTS('',1,1,(
    (#1174,#1175)
    ,(#1176,#1177
    )),.UNSPECIFIED.,.F.,.F.,.F.,(2,2),(2,2),(-3.12,0.),(0.,1.),
  .PIECEWISE_BEZIER_KNOTS.);
#1174 = CARTESIAN_POINT('',(-6.64,-14.64,0.));
#1175 = CARTESIAN_POINT('',(-6.44,-14.44,0.3));
#1176 = CARTESIAN_POINT('',(-6.64,-17.36,0.));
#1177 = CARTESIAN_POINT('',(-6.44,-17.56,0.3));
#1178 = ADVANCED_FACE('',(#1179),#1196,.F.);
#1179 = FACE_BOUND('',#1180,.F.);
#1180 = EDGE_LOOP('',(#1181,#1182,#1183,#1191));
#1181 = ORIENTED_EDGE('',*,*,#883,.F.);
#1182 = ORIENTED_EDGE('',*,*,#1169,.T.);
#1183 = ORIENTED_EDGE('',*,*,#1184,.T.);
#1184 = EDGE_CURVE('',#1162,#1185,#1187,.T.);
#1185 = VERTEX_POINT('',#1186);
#1186 = CARTESIAN_POINT('',(-6.44,-9.56,0.3));
#1187 = LINE('',#1188,#1189);
#1188 = CARTESIAN_POINT('',(-6.44,-14.44,0.3));
#1189 = VECTOR('',#1190,1.);
#1190 = DIRECTION('',(0.,1.,0.));
#1191 = ORIENTED_EDGE('',*,*,#1192,.F.);
#1192 = EDGE_CURVE('',#876,#1185,#1193,.T.);
#1193 = B_SPLINE_CURVE_WITH_KNOTS('',1,(#1194,#1195),.UNSPECIFIED.,.F.,
  .F.,(2,2),(0.,1.),.PIECEWISE_BEZIER_KNOTS.);
#1194 = CARTESIAN_POINT('',(-6.64,-9.36,0.));
#1195 = CARTESIAN_POINT('',(-6.44,-9.56,0.3));
#1196 = B_SPLINE_SURFACE_WITH_KNOTS('',1,1,(
    (#1197,#1198)
    ,(#1199,#1200
    )),.UNSPECIFIED.,.F.,.F.,.F.,(2,2),(2,2),(-5.28,0.),(0.,1.),
  .PIECEWISE_BEZIER_KNOTS.);
#1197 = CARTESIAN_POINT('',(-6.64,-9.36,0.));
#1198 = CARTESIAN_POINT('',(-6.44,-9.56,0.3));
#1199 = CARTESIAN_POINT('',(-6.64,-14.64,0.));
#1200 = CARTESIAN_POINT('',(-6.44,-14.44,0.3));
#1201 = ADVANCED_FACE('',(#1202),#1219,.F.);
#1202 = FACE_BOUND('',#1203,.F.);
#1203 = EDGE_LOOP('',(#1204,#1205,#1206,#1214));
#1204 = ORIENTED_EDGE('',*,*,#875,.F.);
#1205 = ORIENTED_EDGE('',*,*,#1192,.T.);
#1206 = ORIENTED_EDGE('',*,*,#1207,.T.);
#1207 = EDGE_CURVE('',#1185,#1208,#1210,.T.);
#1208 = VERTEX_POINT('',#1209);
#1209 = CARTESIAN_POINT('',(-6.44,-6.44,0.3));
#1210 = LINE('',#1211,#1212);
#1211 = CARTESIAN_POINT('',(-6.44,-9.56,0.3));
#1212 = VECTOR('',#1213,1.);
#1213 = DIRECTION('',(0.,1.,0.));
#1214 = ORIENTED_EDGE('',*,*,#1215,.F.);
#1215 = EDGE_CURVE('',#868,#1208,#1216,.T.);
#1216 = B_SPLINE_CURVE_WITH_KNOTS('',1,(#1217,#1218),.UNSPECIFIED.,.F.,
  .F.,(2,2),(0.,1.),.PIECEWISE_BEZIER_KNOTS.);
#1217 = CARTESIAN_POINT('',(-6.64,-6.64,0.));
#1218 = CARTESIAN_POINT('',(-6.44,-6.44,0.3));
#1219 = B_SPLINE_SURFACE_WITH_KNOTS('',1,1,(
    (#1220,#1221)
    ,(#1222,#1223
    )),.UNSPECIFIED.,.F.,.F.,.F.,(2,2),(2,2),(-3.12,0.),(0.,1.),
  .PIECEWISE_BEZIER_KNOTS.);
#1220 = CARTESIAN_POINT('',(-6.64,-6.64,0.));
#1221 = CARTESIAN_POINT('',(-6.44,-6.44,0.3));
#1222 = CARTESIAN_POINT('',(-6.64,-9.36,0.));
#1223 = CARTESIAN_POINT('',(-6.44,-9.56,0.3));
#1224 = ADVANCED_FACE('',(#1225),#1242,.F.);
#1225 = FACE_BOUND('',#1226,.F.);
#1226 = EDGE_LOOP('',(#1227,#1228,#1229,#1237));
#1227 = ORIENTED_EDGE('',*,*,#867,.F.);
#1228 = ORIENTED_EDGE('',*,*,#1215,.T.);
#1229 = ORIENTED_EDGE('',*,*,#1230,.T.);
#1230 = EDGE_CURVE('',#1208,#1231,#1233,.T.);
#1231 = VERTEX_POINT('',#1232);
#1232 = CARTESIAN_POINT('',(-6.44,-1.56,0.3));
#1233 = LINE('',#1234,#1235);
#1234 = CARTESIAN_POINT('',(-6.44,-6.44,0.3));
#1235 = VECTOR('',#1236,1.);
#1236 = DIRECTION('',(0.,1.,0.));
#1237 = ORIENTED_EDGE('',*,*,#1238,.F.);
#1238 = EDGE_CURVE('',#860,#1231,#1239,.T.);
#1239 = B_SPLINE_CURVE_WITH_KNOTS('',1,(#1240,#1241),.UNSPECIFIED.,.F.,
  .F.,(2,2),(0.,1.),.PIECEWISE_BEZIER_KNOTS.);
#1240 = CARTESIAN_POINT('',(-6.64,-1.36,0.));
#1241 = CARTESIAN_POINT('',(-6.44,-1.56,0.3));
#1242 = B_SPLINE_SURFACE_WITH_KNOTS('',1,1,(
    (#1243,#1244)
    ,(#1245,#1246
    )),.UNSPECIFIED.,.F.,.F.,.F.,(2,2),(2,2),(-5.28,0.),(0.,1.),
  .PIECEWISE_BEZIER_KNOTS.);
#1243 = CARTESIAN_POINT('',(-6.64,-1.36,0.));
#1244 = CARTESIAN_POINT('',(-6.44,-1.56,0.3));
#1245 = CARTESIAN_POINT('',(-6.64,-6.64,0.));
#1246 = CARTESIAN_POINT('',(-6.44,-6.44,0.3));
#1247 = ADVANCED_FACE('',(#1248),#1265,.F.);
#1248 = FACE_BOUND('',#1249,.F.);
#1249 = EDGE_LOOP('',(#1250,#1251,#1252,#1260));
#1250 = ORIENTED_EDGE('',*,*,#859,.F.);
#1251 = ORIENTED_EDGE('',*,*,#1238,.T.);
#1252 = ORIENTED_EDGE('',*,*,#1253,.T.);
#1253 = EDGE_CURVE('',#1231,#1254,#1256,.T.);
#1254 = VERTEX_POINT('',#1255);
#1255 = CARTESIAN_POINT('',(-6.44,1.56,0.3));
#1256 = LINE('',#1257,#1258);
#1257 = CARTESIAN_POINT('',(-6.44,-1.56,0.3));
#1258 = VECTOR('',#1259,1.);
#1259 = DIRECTION('',(0.,1.,0.));
#1260 = ORIENTED_EDGE('',*,*,#1261,.F.);
#1261 = EDGE_CURVE('',#852,#1254,#1262,.T.);
#1262 = B_SPLINE_CURVE_WITH_KNOTS('',1,(#1263,#1264),.UNSPECIFIED.,.F.,
  .F.,(2,2),(0.,1.),.PIECEWISE_BEZIER_KNOTS.);
#1263 = CARTESIAN_POINT('',(-6.64,1.36,0.));
#1264 = CARTESIAN_POINT('',(-6.44,1.56,0.3));
#1265 = B_SPLINE_SURFACE_WITH_KNOTS('',1,1,(
    (#1266,#1267)
    ,(#1268,#1269
    )),.UNSPECIFIED.,.F.,.F.,.F.,(2,2),(2,2),(-3.12,0.),(0.,1.),
  .PIECEWISE_BEZIER_KNOTS.);
#1266 = CARTESIAN_POINT('',(-6.64,1.36,0.));
#1267 = CARTESIAN_POINT('',(-6.44,1.56,0.3));
#1268 = CARTESIAN_POINT('',(-6.64,-1.36,0.));
#1269 = CARTESIAN_POINT('',(-6.44,-1.56,0.3));
#1270 = ADVANCED_FACE('',(#1271),#1288,.F.);
#1271 = FACE_BOUND('',#1272,.F.);
#1272 = EDGE_LOOP('',(#1273,#1274,#1275,#1283));
#1273 = ORIENTED_EDGE('',*,*,#851,.F.);
#1274 = ORIENTED_EDGE('',*,*,#1261,.T.);
#1275 = ORIENTED_EDGE('',*,*,#1276,.T.);
#1276 = EDGE_CURVE('',#1254,#1277,#1279,.T.);
#1277 = VERTEX_POINT('',#1278);
#1278 = CARTESIAN_POINT('',(-6.44,6.44,0.3));
#1279 = LINE('',#1280,#1281);
#1280 = CARTESIAN_POINT('',(-6.44,1.56,0.3));
#1281 = VECTOR('',#1282,1.);
#1282 = DIRECTION('',(0.,1.,0.));
#1283 = ORIENTED_EDGE('',*,*,#1284,.F.);
#1284 = EDGE_CURVE('',#844,#1277,#1285,.T.);
#1285 = B_SPLINE_CURVE_WITH_KNOTS('',1,(#1286,#1287),.UNSPECIFIED.,.F.,
  .F.,(2,2),(0.,1.),.PIECEWISE_BEZIER_KNOTS.);
#1286 = CARTESIAN_POINT('',(-6.64,6.64,0.));
#1287 = CARTESIAN_POINT('',(-6.44,6.44,0.3));
#1288 = B_SPLINE_SURFACE_WITH_KNOTS('',1,1,(
    (#1289,#1290)
    ,(#1291,#1292
    )),.UNSPECIFIED.,.F.,.F.,.F.,(2,2),(2,2),(-5.28,0.),(0.,1.),
  .PIECEWISE_BEZIER_KNOTS.);
#1289 = CARTESIAN_POINT('',(-6.64,6.64,0.));
#1290 = CARTESIAN_POINT('',(-6.44,6.44,0.3));
#1291 = CARTESIAN_POINT('',(-6.64,1.36,0.));
#1292 = CARTESIAN_POINT('',(-6.44,1.56,0.3));
#1293 = ADVANCED_FACE('',(#1294),#1311,.F.);
#1294 = FACE_BOUND('',#1295,.F.);
#1295 = EDGE_LOOP('',(#1296,#1297,#1298,#1306));
#1296 = ORIENTED_EDGE('',*,*,#843,.F.);
#1297 = ORIENTED_EDGE('',*,*,#1284,.T.);
#1298 = ORIENTED_EDGE('',*,*,#1299,.T.);
#1299 = EDGE_CURVE('',#1277,#1300,#1302,.T.);
#1300 = VERTEX_POINT('',#1301);
#1301 = CARTESIAN_POINT('',(-6.44,9.56,0.3));
#1302 = LINE('',#1303,#1304);
#1303 = CARTESIAN_POINT('',(-6.44,6.44,0.3));
#1304 = VECTOR('',#1305,1.);
#1305 = DIRECTION('',(0.,1.,0.));
#1306 = ORIENTED_EDGE('',*,*,#1307,.F.);
#1307 = EDGE_CURVE('',#836,#1300,#1308,.T.);
#1308 = B_SPLINE_CURVE_WITH_KNOTS('',1,(#1309,#1310),.UNSPECIFIED.,.F.,
  .F.,(2,2),(0.,1.),.PIECEWISE_BEZIER_KNOTS.);
#1309 = CARTESIAN_POINT('',(-6.64,9.36,0.));
#1310 = CARTESIAN_POINT('',(-6.44,9.56,0.3));
#1311 = B_SPLINE_SURFACE_WITH_KNOTS('',1,1,(
    (#1312,#1313)
    ,(#1314,#1315
    )),.UNSPECIFIED.,.F.,.F.,.F.,(2,2),(2,2),(-3.12,0.),(0.,1.),
  .PIECEWISE_BEZIER_KNOTS.);
#1312 = CARTESIAN_POINT('',(-6.64,9.36,0.));
#1313 = CARTESIAN_POINT('',(-6.44,9.56,0.3));
#1314 = CARTESIAN_POINT('',(-6.64,6.64,0.));
#1315 = CARTESIAN_POINT('',(-6.44,6.44,0.3));
#1316 = ADVANCED_FACE('',(#1317),#1334,.F.);
#1317 = FACE_BOUND('',#1318,.F.);
#1318 = EDGE_LOOP('',(#1319,#1320,#1321,#1329));
#1319 = ORIENTED_EDGE('',*,*,#835,.F.);
#1320 = ORIENTED_EDGE('',*,*,#1307,.T.);
#1321 = ORIENTED_EDGE('',*,*,#1322,.T.);
#1322 = EDGE_CURVE('',#1300,#1323,#1325,.T.);
#1323 = VERTEX_POINT('',#1324);
#1324 = CARTESIAN_POINT('',(-6.44,14.44,0.3));
#1325 = LINE('',#1326,#1327);
#1326 = CARTESIAN_POINT('',(-6.44,9.56,0.3));
#1327 = VECTOR('',#1328,1.);
#1328 = DIRECTION('',(0.,1.,0.));
#1329 = ORIENTED_EDGE('',*,*,#1330,.F.);
#1330 = EDGE_CURVE('',#828,#1323,#1331,.T.);
#1331 = B_SPLINE_CURVE_WITH_KNOTS('',1,(#1332,#1333),.UNSPECIFIED.,.F.,
  .F.,(2,2),(0.,1.),.PIECEWISE_BEZIER_KNOTS.);
#1332 = CARTESIAN_POINT('',(-6.64,14.64,0.));
#1333 = CARTESIAN_POINT('',(-6.44,14.44,0.3));
#1334 = B_SPLINE_SURFACE_WITH_KNOTS('',1,1,(
    (#1335,#1336)
    ,(#1337,#1338
    )),.UNSPECIFIED.,.F.,.F.,.F.,(2,2),(2,2),(-5.28,0.),(0.,1.),
  .PIECEWISE_BEZIER_KNOTS.);
#1335 = CARTESIAN_POINT('',(-6.64,14.64,0.));
#1336 = CARTESIAN_POINT('',(-6.44,14.44,0.3));
#1337 = CARTESIAN_POINT('',(-6.64,9.36,0.));
#1338 = CARTESIAN_POINT('',(-6.44,9.56,0.3));
#1339 = ADVANCED_FACE('',(#1340),#1357,.F.);
#1340 = FACE_BOUND('',#1341,.F.);
#1341 = EDGE_LOOP('',(#1342,#1343,#1344,#1352));
#1342 = ORIENTED_EDGE('',*,*,#827,.F.);
#1343 = ORIENTED_EDGE('',*,*,#1330,.T.);
#1344 = ORIENTED_EDGE('',*,*,#1345,.T.);
#1345 = EDGE_CURVE('',#1323,#1346,#1348,.T.);
#1346 = VERTEX_POINT('',#1347);
#1347 = CARTESIAN_POINT('',(-6.44,17.56,0.3));
#1348 = LINE('',#1349,#1350);
#1349 = CARTESIAN_POINT('',(-6.44,14.44,0.3));
#1350 = VECTOR('',#1351,1.);
#1351 = DIRECTION('',(0.,1.,0.));
#1352 = ORIENTED_EDGE('',*,*,#1353,.F.);
#1353 = EDGE_CURVE('',#820,#1346,#1354,.T.);
#1354 = B_SPLINE_CURVE_WITH_KNOTS('',1,(#1355,#1356),.UNSPECIFIED.,.F.,
  .F.,(2,2),(0.,1.),.PIECEWISE_BEZIER_KNOTS.);
#1355 = CARTESIAN_POINT('',(-6.64,17.36,0.));
#1356 = CARTESIAN_POINT('',(-6.44,17.56,0.3));
#1357 = B_SPLINE_SURFACE_WITH_KNOTS('',1,1,(
    (#1358,#1359)
    ,(#1360,#1361
    )),.UNSPECIFIED.,.F.,.F.,.F.,(2,2),(2,2),(-3.12,0.),(0.,1.),
  .PIECEWISE_BEZIER_KNOTS.);
#1358 = CARTESIAN_POINT('',(-6.64,17.36,0.));
#1359 = CARTESIAN_POINT('',(-6.44,17.56,0.3));
#1360 = CARTESIAN_POINT('',(-6.64,14.64,0.));
#1361 = CARTESIAN_POINT('',(-6.44,14.44,0.3));
#1362 = ADVANCED_FACE('',(#1363),#1380,.F.);
#1363 = FACE_BOUND('',#1364,.F.);
#1364 = EDGE_LOOP('',(#1365,#1366,#1367,#1375));
#1365 = ORIENTED_EDGE('',*,*,#819,.F.);
#1366 = ORIENTED_EDGE('',*,*,#1353,.T.);
#1367 = ORIENTED_EDGE('',*,*,#1368,.T.);
#1368 = EDGE_CURVE('',#1346,#1369,#1371,.T.);
#1369 = VERTEX_POINT('',#1370);
#1370 = CARTESIAN_POINT('',(-6.44,22.44,0.3));
#1371 = LINE('',#1372,#1373);
#1372 = CARTESIAN_POINT('',(-6.44,17.56,0.3));
#1373 = VECTOR('',#1374,1.);
#1374 = DIRECTION('',(0.,1.,0.));
#1375 = ORIENTED_EDGE('',*,*,#1376,.F.);
#1376 = EDGE_CURVE('',#812,#1369,#1377,.T.);
#1377 = B_SPLINE_CURVE_WITH_KNOTS('',1,(#1378,#1379),.UNSPECIFIED.,.F.,
  .F.,(2,2),(0.,1.),.PIECEWISE_BEZIER_KNOTS.);
#1378 = CARTESIAN_POINT('',(-6.64,22.64,0.));
#1379 = CARTESIAN_POINT('',(-6.44,22.44,0.3));
#1380 = B_SPLINE_SURFACE_WITH_KNOTS('',1,1,(
    (#1381,#1382)
    ,(#1383,#1384
    )),.UNSPECIFIED.,.F.,.F.,.F.,(2,2),(2,2),(-5.28,0.),(0.,1.),
  .PIECEWISE_BEZIER_KNOTS.);
#1381 = CARTESIAN_POINT('',(-6.64,22.64,0.));
#1382 = CARTESIAN_POINT('',(-6.44,22.44,0.3));
#1383 = CARTESIAN_POINT('',(-6.64,17.36,0.));
#1384 = CARTESIAN_POINT('',(-6.44,17.56,0.3));
#1385 = ADVANCED_FACE('',(#1386),#1403,.F.);
#1386 = FACE_BOUND('',#1387,.F.);
#1387 = EDGE_LOOP('',(#1388,#1389,#1390,#1398));
#1388 = ORIENTED_EDGE('',*,*,#811,.F.);
#1389 = ORIENTED_EDGE('',*,*,#1376,.T.);
#1390 = ORIENTED_EDGE('',*,*,#1391,.T.);
#1391 = EDGE_CURVE('',#1369,#1392,#1394,.T.);
#1392 = VERTEX_POINT('',#1393);
#1393 = CARTESIAN_POINT('',(-1.56,22.44,0.3));
#1394 = LINE('',#1395,#1396);
#1395 = CARTESIAN_POINT('',(-6.44,22.44,0.3));
#1396 = VECTOR('',#1397,1.);
#1397 = DIRECTION('',(1.,0.,0.));
#1398 = ORIENTED_EDGE('',*,*,#1399,.F.);
#1399 = EDGE_CURVE('',#804,#1392,#1400,.T.);
#1400 = B_SPLINE_CURVE_WITH_KNOTS('',1,(#1401,#1402),.UNSPECIFIED.,.F.,
  .F.,(2,2),(0.,1.),.PIECEWISE_BEZIER_KNOTS.);
#1401 = CARTESIAN_POINT('',(-1.36,22.64,0.));
#1402 = CARTESIAN_POINT('',(-1.56,22.44,0.3));
#1403 = B_SPLINE_SURFACE_WITH_KNOTS('',1,1,(
    (#1404,#1405)
    ,(#1406,#1407
    )),.UNSPECIFIED.,.F.,.F.,.F.,(2,2),(2,2),(-5.28,0.),(0.,1.),
  .PIECEWISE_BEZIER_KNOTS.);
#1404 = CARTESIAN_POINT('',(-1.36,22.64,0.));
#1405 = CARTESIAN_POINT('',(-1.56,22.44,0.3));
#1406 = CARTESIAN_POINT('',(-6.64,22.64,0.));
#1407 = CARTESIAN_POINT('',(-6.44,22.44,0.3));
#1408 = ADVANCED_FACE('',(#1409),#1426,.F.);
#1409 = FACE_BOUND('',#1410,.F.);
#1410 = EDGE_LOOP('',(#1411,#1412,#1413,#1421));
#1411 = ORIENTED_EDGE('',*,*,#803,.T.);
#1412 = ORIENTED_EDGE('',*,*,#1399,.T.);
#1413 = ORIENTED_EDGE('',*,*,#1414,.F.);
#1414 = EDGE_CURVE('',#1415,#1392,#1417,.T.);
#1415 = VERTEX_POINT('',#1416);
#1416 = CARTESIAN_POINT('',(-1.56,17.56,0.3));
#1417 = LINE('',#1418,#1419);
#1418 = CARTESIAN_POINT('',(-1.56,17.56,0.3));
#1419 = VECTOR('',#1420,1.);
#1420 = DIRECTION('',(0.,1.,0.));
#1421 = ORIENTED_EDGE('',*,*,#1422,.F.);
#1422 = EDGE_CURVE('',#796,#1415,#1423,.T.);
#1423 = B_SPLINE_CURVE_WITH_KNOTS('',1,(#1424,#1425),.UNSPECIFIED.,.F.,
  .F.,(2,2),(0.,1.),.PIECEWISE_BEZIER_KNOTS.);
#1424 = CARTESIAN_POINT('',(-1.36,17.36,0.));
#1425 = CARTESIAN_POINT('',(-1.56,17.56,0.3));
#1426 = B_SPLINE_SURFACE_WITH_KNOTS('',1,1,(
    (#1427,#1428)
    ,(#1429,#1430
    )),.UNSPECIFIED.,.F.,.F.,.F.,(2,2),(2,2),(0.,5.28),(0.,1.),
  .PIECEWISE_BEZIER_KNOTS.);
#1427 = CARTESIAN_POINT('',(-1.36,17.36,0.));
#1428 = CARTESIAN_POINT('',(-1.56,17.56,0.3));
#1429 = CARTESIAN_POINT('',(-1.36,22.64,0.));
#1430 = CARTESIAN_POINT('',(-1.56,22.44,0.3));
#1431 = ADVANCED_FACE('',(#1432),#1449,.F.);
#1432 = FACE_BOUND('',#1433,.F.);
#1433 = EDGE_LOOP('',(#1434,#1435,#1436,#1444));
#1434 = ORIENTED_EDGE('',*,*,#795,.T.);
#1435 = ORIENTED_EDGE('',*,*,#1422,.T.);
#1436 = ORIENTED_EDGE('',*,*,#1437,.F.);
#1437 = EDGE_CURVE('',#1438,#1415,#1440,.T.);
#1438 = VERTEX_POINT('',#1439);
#1439 = CARTESIAN_POINT('',(-1.56,14.44,0.3));
#1440 = LINE('',#1441,#1442);
#1441 = CARTESIAN_POINT('',(-1.56,14.44,0.3));
#1442 = VECTOR('',#1443,1.);
#1443 = DIRECTION('',(0.,1.,0.));
#1444 = ORIENTED_EDGE('',*,*,#1445,.F.);
#1445 = EDGE_CURVE('',#788,#1438,#1446,.T.);
#1446 = B_SPLINE_CURVE_WITH_KNOTS('',1,(#1447,#1448),.UNSPECIFIED.,.F.,
  .F.,(2,2),(0.,1.),.PIECEWISE_BEZIER_KNOTS.);
#1447 = CARTESIAN_POINT('',(-1.36,14.64,0.));
#1448 = CARTESIAN_POINT('',(-1.56,14.44,0.3));
#1449 = B_SPLINE_SURFACE_WITH_KNOTS('',1,1,(
    (#1450,#1451)
    ,(#1452,#1453
    )),.UNSPECIFIED.,.F.,.F.,.F.,(2,2),(2,2),(0.,3.12),(0.,1.),
  .PIECEWISE_BEZIER_KNOTS.);
#1450 = CARTESIAN_POINT('',(-1.36,14.64,0.));
#1451 = CARTESIAN_POINT('',(-1.56,14.44,0.3));
#1452 = CARTESIAN_POINT('',(-1.36,17.36,0.));
#1453 = CARTESIAN_POINT('',(-1.56,17.56,0.3));
#1454 = ADVANCED_FACE('',(#1455),#1472,.F.);
#1455 = FACE_BOUND('',#1456,.F.);
#1456 = EDGE_LOOP('',(#1457,#1458,#1459,#1467));
#1457 = ORIENTED_EDGE('',*,*,#787,.F.);
#1458 = ORIENTED_EDGE('',*,*,#1445,.T.);
#1459 = ORIENTED_EDGE('',*,*,#1460,.T.);
#1460 = EDGE_CURVE('',#1438,#1461,#1463,.T.);
#1461 = VERTEX_POINT('',#1462);
#1462 = CARTESIAN_POINT('',(6.44,14.44,0.3));
#1463 = LINE('',#1464,#1465);
#1464 = CARTESIAN_POINT('',(-6.44,14.44,0.3));
#1465 = VECTOR('',#1466,1.);
#1466 = DIRECTION('',(1.,0.,0.));
#1467 = ORIENTED_EDGE('',*,*,#1468,.F.);
#1468 = EDGE_CURVE('',#780,#1461,#1469,.T.);
#1469 = B_SPLINE_CURVE_WITH_KNOTS('',1,(#1470,#1471),.UNSPECIFIED.,.F.,
  .F.,(2,2),(0.,1.),.PIECEWISE_BEZIER_KNOTS.);
#1470 = CARTESIAN_POINT('',(6.64,14.64,0.));
#1471 = CARTESIAN_POINT('',(6.44,14.44,0.3));
#1472 = B_SPLINE_SURFACE_WITH_KNOTS('',1,1,(
    (#1473,#1474)
    ,(#1475,#1476
    )),.UNSPECIFIED.,.F.,.F.,.F.,(2,2),(2,2),(-13.28,0.),(0.,1.),
  .PIECEWISE_BEZIER_KNOTS.);
#1473 = CARTESIAN_POINT('',(6.64,14.64,0.));
#1474 = CARTESIAN_POINT('',(6.44,14.44,0.3));
#1475 = CARTESIAN_POINT('',(-6.64,14.64,0.));
#1476 = CARTESIAN_POINT('',(-6.44,14.44,0.3));
#1477 = ADVANCED_FACE('',(#1478),#1495,.F.);
#1478 = FACE_BOUND('',#1479,.F.);
#1479 = EDGE_LOOP('',(#1480,#1481,#1482,#1490));
#1480 = ORIENTED_EDGE('',*,*,#779,.T.);
#1481 = ORIENTED_EDGE('',*,*,#1468,.T.);
#1482 = ORIENTED_EDGE('',*,*,#1483,.F.);
#1483 = EDGE_CURVE('',#1484,#1461,#1486,.T.);
#1484 = VERTEX_POINT('',#1485);
#1485 = CARTESIAN_POINT('',(6.44,9.56,0.3));
#1486 = LINE('',#1487,#1488);
#1487 = CARTESIAN_POINT('',(6.44,9.56,0.3));
#1488 = VECTOR('',#1489,1.);
#1489 = DIRECTION('',(0.,1.,0.));
#1490 = ORIENTED_EDGE('',*,*,#1491,.F.);
#1491 = EDGE_CURVE('',#772,#1484,#1492,.T.);
#1492 = B_SPLINE_CURVE_WITH_KNOTS('',1,(#1493,#1494),.UNSPECIFIED.,.F.,
  .F.,(2,2),(0.,1.),.PIECEWISE_BEZIER_KNOTS.);
#1493 = CARTESIAN_POINT('',(6.64,9.36,0.));
#1494 = CARTESIAN_POINT('',(6.44,9.56,0.3));
#1495 = B_SPLINE_SURFACE_WITH_KNOTS('',1,1,(
    (#1496,#1497)
    ,(#1498,#1499
    )),.UNSPECIFIED.,.F.,.F.,.F.,(2,2),(2,2),(0.,5.28),(0.,1.),
  .PIECEWISE_BEZIER_KNOTS.);
#1496 = CARTESIAN_POINT('',(6.64,9.36,0.));
#1497 = CARTESIAN_POINT('',(6.44,9.56,0.3));
#1498 = CARTESIAN_POINT('',(6.64,14.64,0.));
#1499 = CARTESIAN_POINT('',(6.44,14.44,0.3));
#1500 = ADVANCED_FACE('',(#1501),#1518,.F.);
#1501 = FACE_BOUND('',#1502,.F.);
#1502 = EDGE_LOOP('',(#1503,#1504,#1505,#1513));
#1503 = ORIENTED_EDGE('',*,*,#771,.T.);
#1504 = ORIENTED_EDGE('',*,*,#1491,.T.);
#1505 = ORIENTED_EDGE('',*,*,#1506,.F.);
#1506 = EDGE_CURVE('',#1507,#1484,#1509,.T.);
#1507 = VERTEX_POINT('',#1508);
#1508 = CARTESIAN_POINT('',(6.44,6.44,0.3));
#1509 = LINE('',#1510,#1511);
#1510 = CARTESIAN_POINT('',(6.44,6.44,0.3));
#1511 = VECTOR('',#1512,1.);
#1512 = DIRECTION('',(0.,1.,0.));
#1513 = ORIENTED_EDGE('',*,*,#1514,.F.);
#1514 = EDGE_CURVE('',#764,#1507,#1515,.T.);
#1515 = B_SPLINE_CURVE_WITH_KNOTS('',1,(#1516,#1517),.UNSPECIFIED.,.F.,
  .F.,(2,2),(0.,1.),.PIECEWISE_BEZIER_KNOTS.);
#1516 = CARTESIAN_POINT('',(6.64,6.64,0.));
#1517 = CARTESIAN_POINT('',(6.44,6.44,0.3));
#1518 = B_SPLINE_SURFACE_WITH_KNOTS('',1,1,(
    (#1519,#1520)
    ,(#1521,#1522
    )),.UNSPECIFIED.,.F.,.F.,.F.,(2,2),(2,2),(0.,3.12),(0.,1.),
  .PIECEWISE_BEZIER_KNOTS.);
#1519 = CARTESIAN_POINT('',(6.64,6.64,0.));
#1520 = CARTESIAN_POINT('',(6.44,6.44,0.3));
#1521 = CARTESIAN_POINT('',(6.64,9.36,0.));
#1522 = CARTESIAN_POINT('',(6.44,9.56,0.3));
#1523 = ADVANCED_FACE('',(#1524),#1541,.F.);
#1524 = FACE_BOUND('',#1525,.F.);
#1525 = EDGE_LOOP('',(#1526,#1527,#1528,#1536));
#1526 = ORIENTED_EDGE('',*,*,#763,.T.);
#1527 = ORIENTED_EDGE('',*,*,#1514,.T.);
#1528 = ORIENTED_EDGE('',*,*,#1529,.F.);
#1529 = EDGE_CURVE('',#1530,#1507,#1532,.T.);
#1530 = VERTEX_POINT('',#1531);
#1531 = CARTESIAN_POINT('',(6.44,1.56,0.3));
#1532 = LINE('',#1533,#1534);
#1533 = CARTESIAN_POINT('',(6.44,1.56,0.3));
#1534 = VECTOR('',#1535,1.);
#1535 = DIRECTION('',(0.,1.,0.));
#1536 = ORIENTED_EDGE('',*,*,#1537,.F.);
#1537 = EDGE_CURVE('',#756,#1530,#1538,.T.);
#1538 = B_SPLINE_CURVE_WITH_KNOTS('',1,(#1539,#1540),.UNSPECIFIED.,.F.,
  .F.,(2,2),(0.,1.),.PIECEWISE_BEZIER_KNOTS.);
#1539 = CARTESIAN_POINT('',(6.64,1.36,0.));
#1540 = CARTESIAN_POINT('',(6.44,1.56,0.3));
#1541 = B_SPLINE_SURFACE_WITH_KNOTS('',1,1,(
    (#1542,#1543)
    ,(#1544,#1545
    )),.UNSPECIFIED.,.F.,.F.,.F.,(2,2),(2,2),(0.,5.28),(0.,1.),
  .PIECEWISE_BEZIER_KNOTS.);
#1542 = CARTESIAN_POINT('',(6.64,1.36,0.));
#1543 = CARTESIAN_POINT('',(6.44,1.56,0.3));
#1544 = CARTESIAN_POINT('',(6.64,6.64,0.));
#1545 = CARTESIAN_POINT('',(6.44,6.44,0.3));
#1546 = ADVANCED_FACE('',(#1547),#1564,.F.);
#1547 = FACE_BOUND('',#1548,.F.);
#1548 = EDGE_LOOP('',(#1549,#1550,#1551,#1559));
#1549 = ORIENTED_EDGE('',*,*,#755,.T.);
#1550 = ORIENTED_EDGE('',*,*,#1537,.T.);
#1551 = ORIENTED_EDGE('',*,*,#1552,.F.);
#1552 = EDGE_CURVE('',#1553,#1530,#1555,.T.);
#1553 = VERTEX_POINT('',#1554);
#1554 = CARTESIAN_POINT('',(6.44,-1.56,0.3));
#1555 = LINE('',#1556,#1557);
#1556 = CARTESIAN_POINT('',(6.44,-1.56,0.3));
#1557 = VECTOR('',#1558,1.);
#1558 = DIRECTION('',(0.,1.,0.));
#1559 = ORIENTED_EDGE('',*,*,#1560,.F.);
#1560 = EDGE_CURVE('',#748,#1553,#1561,.T.);
#1561 = B_SPLINE_CURVE_WITH_KNOTS('',1,(#1562,#1563),.UNSPECIFIED.,.F.,
  .F.,(2,2),(0.,1.),.PIECEWISE_BEZIER_KNOTS.);
#1562 = CARTESIAN_POINT('',(6.64,-1.36,0.));
#1563 = CARTESIAN_POINT('',(6.44,-1.56,0.3));
#1564 = B_SPLINE_SURFACE_WITH_KNOTS('',1,1,(
    (#1565,#1566)
    ,(#1567,#1568
    )),.UNSPECIFIED.,.F.,.F.,.F.,(2,2),(2,2),(0.,3.12),(0.,1.),
  .PIECEWISE_BEZIER_KNOTS.);
#1565 = CARTESIAN_POINT('',(6.64,-1.36,0.));
#1566 = CARTESIAN_POINT('',(6.44,-1.56,0.3));
#1567 = CARTESIAN_POINT('',(6.64,1.36,0.));
#1568 = CARTESIAN_POINT('',(6.44,1.56,0.3));
#1569 = ADVANCED_FACE('',(#1570),#1587,.F.);
#1570 = FACE_BOUND('',#1571,.F.);
#1571 = EDGE_LOOP('',(#1572,#1573,#1574,#1582));
#1572 = ORIENTED_EDGE('',*,*,#747,.T.);
#1573 = ORIENTED_EDGE('',*,*,#1560,.T.);
#1574 = ORIENTED_EDGE('',*,*,#1575,.F.);
#1575 = EDGE_CURVE('',#1576,#1553,#1578,.T.);
#1576 = VERTEX_POINT('',#1577);
#1577 = CARTESIAN_POINT('',(6.44,-6.44,0.3));
#1578 = LINE('',#1579,#1580);
#1579 = CARTESIAN_POINT('',(6.44,-6.44,0.3));
#1580 = VECTOR('',#1581,1.);
#1581 = DIRECTION('',(0.,1.,0.));
#1582 = ORIENTED_EDGE('',*,*,#1583,.F.);
#1583 = EDGE_CURVE('',#740,#1576,#1584,.T.);
#1584 = B_SPLINE_CURVE_WITH_KNOTS('',1,(#1585,#1586),.UNSPECIFIED.,.F.,
  .F.,(2,2),(0.,1.),.PIECEWISE_BEZIER_KNOTS.);
#1585 = CARTESIAN_POINT('',(6.64,-6.64,0.));
#1586 = CARTESIAN_POINT('',(6.44,-6.44,0.3));
#1587 = B_SPLINE_SURFACE_WITH_KNOTS('',1,1,(
    (#1588,#1589)
    ,(#1590,#1591
    )),.UNSPECIFIED.,.F.,.F.,.F.,(2,2),(2,2),(0.,5.28),(0.,1.),
  .PIECEWISE_BEZIER_KNOTS.);
#1588 = CARTESIAN_POINT('',(6.64,-6.64,0.));
#1589 = CARTESIAN_POINT('',(6.44,-6.44,0.3));
#1590 = CARTESIAN_POINT('',(6.64,-1.36,0.));
#1591 = CARTESIAN_POINT('',(6.44,-1.56,0.3));
#1592 = ADVANCED_FACE('',(#1593),#1610,.F.);
#1593 = FACE_BOUND('',#1594,.F.);
#1594 = EDGE_LOOP('',(#1595,#1596,#1597,#1605));
#1595 = ORIENTED_EDGE('',*,*,#739,.T.);
#1596 = ORIENTED_EDGE('',*,*,#1583,.T.);
#1597 = ORIENTED_EDGE('',*,*,#1598,.F.);
#1598 = EDGE_CURVE('',#1599,#1576,#1601,.T.);
#1599 = VERTEX_POINT('',#1600);
#1600 = CARTESIAN_POINT('',(6.44,-9.56,0.3));
#1601 = LINE('',#1602,#1603);
#1602 = CARTESIAN_POINT('',(6.44,-9.56,0.3));
#1603 = VECTOR('',#1604,1.);
#1604 = DIRECTION('',(0.,1.,0.));
#1605 = ORIENTED_EDGE('',*,*,#1606,.F.);
#1606 = EDGE_CURVE('',#732,#1599,#1607,.T.);
#1607 = B_SPLINE_CURVE_WITH_KNOTS('',1,(#1608,#1609),.UNSPECIFIED.,.F.,
  .F.,(2,2),(0.,1.),.PIECEWISE_BEZIER_KNOTS.);
#1608 = CARTESIAN_POINT('',(6.64,-9.36,0.));
#1609 = CARTESIAN_POINT('',(6.44,-9.56,0.3));
#1610 = B_SPLINE_SURFACE_WITH_KNOTS('',1,1,(
    (#1611,#1612)
    ,(#1613,#1614
    )),.UNSPECIFIED.,.F.,.F.,.F.,(2,2),(2,2),(0.,3.12),(0.,1.),
  .PIECEWISE_BEZIER_KNOTS.);
#1611 = CARTESIAN_POINT('',(6.64,-9.36,0.));
#1612 = CARTESIAN_POINT('',(6.44,-9.56,0.3));
#1613 = CARTESIAN_POINT('',(6.64,-6.64,0.));
#1614 = CARTESIAN_POINT('',(6.44,-6.44,0.3));
#1615 = ADVANCED_FACE('',(#1616),#1633,.F.);
#1616 = FACE_BOUND('',#1617,.F.);
#1617 = EDGE_LOOP('',(#1618,#1619,#1620,#1628));
#1618 = ORIENTED_EDGE('',*,*,#731,.T.);
#1619 = ORIENTED_EDGE('',*,*,#1606,.T.);
#1620 = ORIENTED_EDGE('',*,*,#1621,.F.);
#1621 = EDGE_CURVE('',#1622,#1599,#1624,.T.);
#1622 = VERTEX_POINT('',#1623);
#1623 = CARTESIAN_POINT('',(6.44,-14.44,0.3));
#1624 = LINE('',#1625,#1626);
#1625 = CARTESIAN_POINT('',(6.44,-14.44,0.3));
#1626 = VECTOR('',#1627,1.);
#1627 = DIRECTION('',(0.,1.,0.));
#1628 = ORIENTED_EDGE('',*,*,#1629,.F.);
#1629 = EDGE_CURVE('',#724,#1622,#1630,.T.);
#1630 = B_SPLINE_CURVE_WITH_KNOTS('',1,(#1631,#1632),.UNSPECIFIED.,.F.,
  .F.,(2,2),(0.,1.),.PIECEWISE_BEZIER_KNOTS.);
#1631 = CARTESIAN_POINT('',(6.64,-14.64,0.));
#1632 = CARTESIAN_POINT('',(6.44,-14.44,0.3));
#1633 = B_SPLINE_SURFACE_WITH_KNOTS('',1,1,(
    (#1634,#1635)
    ,(#1636,#1637
    )),.UNSPECIFIED.,.F.,.F.,.F.,(2,2),(2,2),(0.,5.28),(0.,1.),
  .PIECEWISE_BEZIER_KNOTS.);
#1634 = CARTESIAN_POINT('',(6.64,-14.64,0.));
#1635 = CARTESIAN_POINT('',(6.44,-14.44,0.3));
#1636 = CARTESIAN_POINT('',(6.64,-9.36,0.));
#1637 = CARTESIAN_POINT('',(6.44,-9.56,0.3));
#1638 = ADVANCED_FACE('',(#1639),#1656,.F.);
#1639 = FACE_BOUND('',#1640,.F.);
#1640 = EDGE_LOOP('',(#1641,#1648,#1649,#1650));
#1641 = ORIENTED_EDGE('',*,*,#1642,.F.);
#1642 = EDGE_CURVE('',#716,#1643,#1645,.T.);
#1643 = VERTEX_POINT('',#1644);
#1644 = CARTESIAN_POINT('',(-1.56,-14.44,0.3));
#1645 = B_SPLINE_CURVE_WITH_KNOTS('',1,(#1646,#1647),.UNSPECIFIED.,.F.,
  .F.,(2,2),(0.,1.),.PIECEWISE_BEZIER_KNOTS.);
#1646 = CARTESIAN_POINT('',(-1.36,-14.64,0.));
#1647 = CARTESIAN_POINT('',(-1.56,-14.44,0.3));
#1648 = ORIENTED_EDGE('',*,*,#723,.T.);
#1649 = ORIENTED_EDGE('',*,*,#1629,.T.);
#1650 = ORIENTED_EDGE('',*,*,#1651,.F.);
#1651 = EDGE_CURVE('',#1643,#1622,#1652,.T.);
#1652 = LINE('',#1653,#1654);
#1653 = CARTESIAN_POINT('',(-6.44,-14.44,0.3));
#1654 = VECTOR('',#1655,1.);
#1655 = DIRECTION('',(1.,0.,0.));
#1656 = B_SPLINE_SURFACE_WITH_KNOTS('',1,1,(
    (#1657,#1658)
    ,(#1659,#1660
    )),.UNSPECIFIED.,.F.,.F.,.F.,(2,2),(2,2),(0.,13.28),(0.,1.),
  .PIECEWISE_BEZIER_KNOTS.);
#1657 = CARTESIAN_POINT('',(-6.64,-14.64,0.));
#1658 = CARTESIAN_POINT('',(-6.44,-14.44,0.3));
#1659 = CARTESIAN_POINT('',(6.64,-14.64,0.));
#1660 = CARTESIAN_POINT('',(6.44,-14.44,0.3));
#1661 = ADVANCED_FACE('',(#1662),#1679,.F.);
#1662 = FACE_BOUND('',#1663,.F.);
#1663 = EDGE_LOOP('',(#1664,#1665,#1666,#1674));
#1664 = ORIENTED_EDGE('',*,*,#715,.T.);
#1665 = ORIENTED_EDGE('',*,*,#1642,.T.);
#1666 = ORIENTED_EDGE('',*,*,#1667,.F.);
#1667 = EDGE_CURVE('',#1668,#1643,#1670,.T.);
#1668 = VERTEX_POINT('',#1669);
#1669 = CARTESIAN_POINT('',(-1.56,-17.56,0.3));
#1670 = LINE('',#1671,#1672);
#1671 = CARTESIAN_POINT('',(-1.56,-17.56,0.3));
#1672 = VECTOR('',#1673,1.);
#1673 = DIRECTION('',(0.,1.,0.));
#1674 = ORIENTED_EDGE('',*,*,#1675,.F.);
#1675 = EDGE_CURVE('',#708,#1668,#1676,.T.);
#1676 = B_SPLINE_CURVE_WITH_KNOTS('',1,(#1677,#1678),.UNSPECIFIED.,.F.,
  .F.,(2,2),(0.,1.),.PIECEWISE_BEZIER_KNOTS.);
#1677 = CARTESIAN_POINT('',(-1.36,-17.36,0.));
#1678 = CARTESIAN_POINT('',(-1.56,-17.56,0.3));
#1679 = B_SPLINE_SURFACE_WITH_KNOTS('',1,1,(
    (#1680,#1681)
    ,(#1682,#1683
    )),.UNSPECIFIED.,.F.,.F.,.F.,(2,2),(2,2),(0.,3.12),(0.,1.),
  .PIECEWISE_BEZIER_KNOTS.);
#1680 = CARTESIAN_POINT('',(-1.36,-17.36,0.));
#1681 = CARTESIAN_POINT('',(-1.56,-17.56,0.3));
#1682 = CARTESIAN_POINT('',(-1.36,-14.64,0.));
#1683 = CARTESIAN_POINT('',(-1.56,-14.44,0.3));
#1684 = ADVANCED_FACE('',(#1685),#1702,.F.);
#1685 = FACE_BOUND('',#1686,.F.);
#1686 = EDGE_LOOP('',(#1687,#1688,#1689,#1697));
#1687 = ORIENTED_EDGE('',*,*,#707,.T.);
#1688 = ORIENTED_EDGE('',*,*,#1675,.T.);
#1689 = ORIENTED_EDGE('',*,*,#1690,.F.);
#1690 = EDGE_CURVE('',#1691,#1668,#1693,.T.);
#1691 = VERTEX_POINT('',#1692);
#1692 = CARTESIAN_POINT('',(-1.56,-22.44,0.3));
#1693 = LINE('',#1694,#1695);
#1694 = CARTESIAN_POINT('',(-1.56,-22.44,0.3));
#1695 = VECTOR('',#1696,1.);
#1696 = DIRECTION('',(0.,1.,0.));
#1697 = ORIENTED_EDGE('',*,*,#1698,.F.);
#1698 = EDGE_CURVE('',#700,#1691,#1699,.T.);
#1699 = B_SPLINE_CURVE_WITH_KNOTS('',1,(#1700,#1701),.UNSPECIFIED.,.F.,
  .F.,(2,2),(0.,1.),.PIECEWISE_BEZIER_KNOTS.);
#1700 = CARTESIAN_POINT('',(-1.36,-22.64,0.));
#1701 = CARTESIAN_POINT('',(-1.56,-22.44,0.3));
#1702 = B_SPLINE_SURFACE_WITH_KNOTS('',1,1,(
    (#1703,#1704)
    ,(#1705,#1706
    )),.UNSPECIFIED.,.F.,.F.,.F.,(2,2),(2,2),(0.,5.28),(0.,1.),
  .PIECEWISE_BEZIER_KNOTS.);
#1703 = CARTESIAN_POINT('',(-1.36,-22.64,0.));
#1704 = CARTESIAN_POINT('',(-1.56,-22.44,0.3));
#1705 = CARTESIAN_POINT('',(-1.36,-17.36,0.));
#1706 = CARTESIAN_POINT('',(-1.56,-17.56,0.3));
#1707 = ADVANCED_FACE('',(#1708),#1719,.F.);
#1708 = FACE_BOUND('',#1709,.F.);
#1709 = EDGE_LOOP('',(#1710,#1711,#1712,#1718));
#1710 = ORIENTED_EDGE('',*,*,#699,.T.);
#1711 = ORIENTED_EDGE('',*,*,#1698,.T.);
#1712 = ORIENTED_EDGE('',*,*,#1713,.F.);
#1713 = EDGE_CURVE('',#1132,#1691,#1714,.T.);
#1714 = LINE('',#1715,#1716);
#1715 = CARTESIAN_POINT('',(-6.44,-22.44,0.3));
#1716 = VECTOR('',#1717,1.);
#1717 = DIRECTION('',(1.,0.,0.));
#1718 = ORIENTED_EDGE('',*,*,#1131,.F.);
#1719 = B_SPLINE_SURFACE_WITH_KNOTS('',1,1,(
    (#1720,#1721)
    ,(#1722,#1723
    )),.UNSPECIFIED.,.F.,.F.,.F.,(2,2),(2,2),(0.,5.28),(0.,1.),
  .PIECEWISE_BEZIER_KNOTS.);
#1720 = CARTESIAN_POINT('',(-6.64,-22.64,0.));
#1721 = CARTESIAN_POINT('',(-6.44,-22.44,0.3));
#1722 = CARTESIAN_POINT('',(-1.36,-22.64,0.));
#1723 = CARTESIAN_POINT('',(-1.56,-22.44,0.3));
#1724 = ADVANCED_FACE('',(#1725),#1728,.T.);
#1725 = FACE_BOUND('',#1726,.T.);
#1726 = EDGE_LOOP('',(#1727));
#1727 = ORIENTED_EDGE('',*,*,#905,.T.);
#1728 = PLANE('',#1729);
#1729 = AXIS2_PLACEMENT_3D('',#1730,#1731,#1732);
#1730 = CARTESIAN_POINT('',(-4.,-12.,11.4));
#1731 = DIRECTION('',(0.,0.,1.));
#1732 = DIRECTION('',(1.,0.,0.));
#1733 = ADVANCED_FACE('',(#1734),#1737,.T.);
#1734 = FACE_BOUND('',#1735,.T.);
#1735 = EDGE_LOOP('',(#1736));
#1736 = ORIENTED_EDGE('',*,*,#930,.T.);
#1737 = PLANE('',#1738);
#1738 = AXIS2_PLACEMENT_3D('',#1739,#1740,#1741);
#1739 = CARTESIAN_POINT('',(-4.,-4.,11.4));
#1740 = DIRECTION('',(0.,0.,1.));
#1741 = DIRECTION('',(1.,0.,0.));
#1742 = ADVANCED_FACE('',(#1743),#1746,.T.);
#1743 = FACE_BOUND('',#1744,.T.);
#1744 = EDGE_LOOP('',(#1745));
#1745 = ORIENTED_EDGE('',*,*,#955,.T.);
#1746 = PLANE('',#1747);
#1747 = AXIS2_PLACEMENT_3D('',#1748,#1749,#1750);
#1748 = CARTESIAN_POINT('',(4.,-12.,11.4));
#1749 = DIRECTION('',(0.,0.,1.));
#1750 = DIRECTION('',(1.,0.,0.));
#1751 = ADVANCED_FACE('',(#1752),#1755,.T.);
#1752 = FACE_BOUND('',#1753,.T.);
#1753 = EDGE_LOOP('',(#1754));
#1754 = ORIENTED_EDGE('',*,*,#980,.T.);
#1755 = PLANE('',#1756);
#1756 = AXIS2_PLACEMENT_3D('',#1757,#1758,#1759);
#1757 = CARTESIAN_POINT('',(4.,-4.,11.4));
#1758 = DIRECTION('',(0.,0.,1.));
#1759 = DIRECTION('',(1.,0.,0.));
#1760 = ADVANCED_FACE('',(#1761),#1764,.T.);
#1761 = FACE_BOUND('',#1762,.T.);
#1762 = EDGE_LOOP('',(#1763));
#1763 = ORIENTED_EDGE('',*,*,#1005,.T.);
#1764 = PLANE('',#1765);
#1765 = AXIS2_PLACEMENT_3D('',#1766,#1767,#1768);
#1766 = CARTESIAN_POINT('',(-4.,4.,11.4));
#1767 = DIRECTION('',(0.,0.,1.));
#1768 = DIRECTION('',(1.,0.,0.));
#1769 = ADVANCED_FACE('',(#1770),#1773,.T.);
#1770 = FACE_BOUND('',#1771,.T.);
#1771 = EDGE_LOOP('',(#1772));
#1772 = ORIENTED_EDGE('',*,*,#1030,.T.);
#1773 = PLANE('',#1774);
#1774 = AXIS2_PLACEMENT_3D('',#1775,#1776,#1777);
#1775 = CARTESIAN_POINT('',(-4.,12.,11.4));
#1776 = DIRECTION('',(0.,0.,1.));
#1777 = DIRECTION('',(1.,0.,0.));
#1778 = ADVANCED_FACE('',(#1779),#1782,.T.);
#1779 = FACE_BOUND('',#1780,.T.);
#1780 = EDGE_LOOP('',(#1781));
#1781 = ORIENTED_EDGE('',*,*,#1055,.T.);
#1782 = PLANE('',#1783);
#1783 = AXIS2_PLACEMENT_3D('',#1784,#1785,#1786);
#1784 = CARTESIAN_POINT('',(-4.,20.,11.4));
#1785 = DIRECTION('',(0.,0.,1.));
#1786 = DIRECTION('',(1.,0.,0.));
#1787 = ADVANCED_FACE('',(#1788),#1791,.T.);
#1788 = FACE_BOUND('',#1789,.T.);
#1789 = EDGE_LOOP('',(#1790));
#1790 = ORIENTED_EDGE('',*,*,#1080,.T.);
#1791 = PLANE('',#1792);
#1792 = AXIS2_PLACEMENT_3D('',#1793,#1794,#1795);
#1793 = CARTESIAN_POINT('',(4.,4.,11.4));
#1794 = DIRECTION('',(0.,0.,1.));
#1795 = DIRECTION('',(1.,0.,0.));
#1796 = ADVANCED_FACE('',(#1797),#1800,.T.);
#1797 = FACE_BOUND('',#1798,.T.);
#1798 = EDGE_LOOP('',(#1799));
#1799 = ORIENTED_EDGE('',*,*,#1105,.T.);
#1800 = PLANE('',#1801);
#1801 = AXIS2_PLACEMENT_3D('',#1802,#1803,#1804);
#1802 = CARTESIAN_POINT('',(4.,12.,11.4));
#1803 = DIRECTION('',(0.,0.,1.));
#1804 = DIRECTION('',(1.,0.,0.));
#1805 = ADVANCED_FACE('',(#1806),#2001,.F.);
#1806 = FACE_BOUND('',#1807,.F.);
#1807 = EDGE_LOOP('',(#1808,#1809,#1817,#1825,#1833,#1841,#1849,#1857,
    #1865,#1873,#1881,#1889,#1897,#1905,#1913,#1921,#1929,#1937,#1945,
    #1953,#1961,#1969,#1977,#1985,#1991,#1992,#1993,#1994,#1995,#1996,
    #1997,#1998,#1999,#2000));
#1808 = ORIENTED_EDGE('',*,*,#1138,.F.);
#1809 = ORIENTED_EDGE('',*,*,#1810,.T.);
#1810 = EDGE_CURVE('',#1132,#1811,#1813,.T.);
#1811 = VERTEX_POINT('',#1812);
#1812 = CARTESIAN_POINT('',(-6.44,-22.44,8.));
#1813 = LINE('',#1814,#1815);
#1814 = CARTESIAN_POINT('',(-6.44,-22.44,0.));
#1815 = VECTOR('',#1816,1.);
#1816 = DIRECTION('',(0.,0.,1.));
#1817 = ORIENTED_EDGE('',*,*,#1818,.T.);
#1818 = EDGE_CURVE('',#1811,#1819,#1821,.T.);
#1819 = VERTEX_POINT('',#1820);
#1820 = CARTESIAN_POINT('',(-6.44,-16.6,8.));
#1821 = LINE('',#1822,#1823);
#1822 = CARTESIAN_POINT('',(-6.44,-22.44,8.));
#1823 = VECTOR('',#1824,1.);
#1824 = DIRECTION('',(0.,1.,0.));
#1825 = ORIENTED_EDGE('',*,*,#1826,.F.);
#1826 = EDGE_CURVE('',#1827,#1819,#1829,.T.);
#1827 = VERTEX_POINT('',#1828);
#1828 = CARTESIAN_POINT('',(-6.44,-16.6,6.8));
#1829 = LINE('',#1830,#1831);
#1830 = CARTESIAN_POINT('',(-6.44,-16.6,5.4));
#1831 = VECTOR('',#1832,1.);
#1832 = DIRECTION('',(0.,0.,1.));
#1833 = ORIENTED_EDGE('',*,*,#1834,.T.);
#1834 = EDGE_CURVE('',#1827,#1835,#1837,.T.);
#1835 = VERTEX_POINT('',#1836);
#1836 = CARTESIAN_POINT('',(-6.44,-15.4,6.8));
#1837 = LINE('',#1838,#1839);
#1838 = CARTESIAN_POINT('',(-6.44,-4.787167358481E-16,6.8));
#1839 = VECTOR('',#1840,1.);
#1840 = DIRECTION('',(0.,1.,0.));
#1841 = ORIENTED_EDGE('',*,*,#1842,.T.);
#1842 = EDGE_CURVE('',#1835,#1843,#1845,.T.);
#1843 = VERTEX_POINT('',#1844);
#1844 = CARTESIAN_POINT('',(-6.44,-15.4,8.));
#1845 = LINE('',#1846,#1847);
#1846 = CARTESIAN_POINT('',(-6.44,-15.4,5.4));
#1847 = VECTOR('',#1848,1.);
#1848 = DIRECTION('',(0.,0.,1.));
#1849 = ORIENTED_EDGE('',*,*,#1850,.T.);
#1850 = EDGE_CURVE('',#1843,#1851,#1853,.T.);
#1851 = VERTEX_POINT('',#1852);
#1852 = CARTESIAN_POINT('',(-6.44,-8.6,8.));
#1853 = LINE('',#1854,#1855);
#1854 = CARTESIAN_POINT('',(-6.44,-22.44,8.));
#1855 = VECTOR('',#1856,1.);
#1856 = DIRECTION('',(0.,1.,0.));
#1857 = ORIENTED_EDGE('',*,*,#1858,.F.);
#1858 = EDGE_CURVE('',#1859,#1851,#1861,.T.);
#1859 = VERTEX_POINT('',#1860);
#1860 = CARTESIAN_POINT('',(-6.44,-8.6,6.8));
#1861 = LINE('',#1862,#1863);
#1862 = CARTESIAN_POINT('',(-6.44,-8.6,5.4));
#1863 = VECTOR('',#1864,1.);
#1864 = DIRECTION('',(0.,0.,1.));
#1865 = ORIENTED_EDGE('',*,*,#1866,.T.);
#1866 = EDGE_CURVE('',#1859,#1867,#1869,.T.);
#1867 = VERTEX_POINT('',#1868);
#1868 = CARTESIAN_POINT('',(-6.44,-7.4,6.8));
#1869 = LINE('',#1870,#1871);
#1870 = CARTESIAN_POINT('',(-6.44,-4.787167358481E-16,6.8));
#1871 = VECTOR('',#1872,1.);
#1872 = DIRECTION('',(0.,1.,0.));
#1873 = ORIENTED_EDGE('',*,*,#1874,.T.);
#1874 = EDGE_CURVE('',#1867,#1875,#1877,.T.);
#1875 = VERTEX_POINT('',#1876);
#1876 = CARTESIAN_POINT('',(-6.44,-7.4,8.));
#1877 = LINE('',#1878,#1879);
#1878 = CARTESIAN_POINT('',(-6.44,-7.4,5.4));
#1879 = VECTOR('',#1880,1.);
#1880 = DIRECTION('',(0.,0.,1.));
#1881 = ORIENTED_EDGE('',*,*,#1882,.T.);
#1882 = EDGE_CURVE('',#1875,#1883,#1885,.T.);
#1883 = VERTEX_POINT('',#1884);
#1884 = CARTESIAN_POINT('',(-6.44,-0.6,8.));
#1885 = LINE('',#1886,#1887);
#1886 = CARTESIAN_POINT('',(-6.44,-22.44,8.));
#1887 = VECTOR('',#1888,1.);
#1888 = DIRECTION('',(0.,1.,0.));
#1889 = ORIENTED_EDGE('',*,*,#1890,.F.);
#1890 = EDGE_CURVE('',#1891,#1883,#1893,.T.);
#1891 = VERTEX_POINT('',#1892);
#1892 = CARTESIAN_POINT('',(-6.44,-0.6,6.8));
#1893 = LINE('',#1894,#1895);
#1894 = CARTESIAN_POINT('',(-6.44,-0.6,5.4));
#1895 = VECTOR('',#1896,1.);
#1896 = DIRECTION('',(0.,0.,1.));
#1897 = ORIENTED_EDGE('',*,*,#1898,.T.);
#1898 = EDGE_CURVE('',#1891,#1899,#1901,.T.);
#1899 = VERTEX_POINT('',#1900);
#1900 = CARTESIAN_POINT('',(-6.44,0.6,6.8));
#1901 = LINE('',#1902,#1903);
#1902 = CARTESIAN_POINT('',(-6.44,-4.787167358481E-16,6.8));
#1903 = VECTOR('',#1904,1.);
#1904 = DIRECTION('',(0.,1.,0.));
#1905 = ORIENTED_EDGE('',*,*,#1906,.T.);
#1906 = EDGE_CURVE('',#1899,#1907,#1909,.T.);
#1907 = VERTEX_POINT('',#1908);
#1908 = CARTESIAN_POINT('',(-6.44,0.6,8.));
#1909 = LINE('',#1910,#1911);
#1910 = CARTESIAN_POINT('',(-6.44,0.6,5.4));
#1911 = VECTOR('',#1912,1.);
#1912 = DIRECTION('',(0.,0.,1.));
#1913 = ORIENTED_EDGE('',*,*,#1914,.T.);
#1914 = EDGE_CURVE('',#1907,#1915,#1917,.T.);
#1915 = VERTEX_POINT('',#1916);
#1916 = CARTESIAN_POINT('',(-6.44,7.4,8.));
#1917 = LINE('',#1918,#1919);
#1918 = CARTESIAN_POINT('',(-6.44,-22.44,8.));
#1919 = VECTOR('',#1920,1.);
#1920 = DIRECTION('',(0.,1.,0.));
#1921 = ORIENTED_EDGE('',*,*,#1922,.F.);
#1922 = EDGE_CURVE('',#1923,#1915,#1925,.T.);
#1923 = VERTEX_POINT('',#1924);
#1924 = CARTESIAN_POINT('',(-6.44,7.4,6.8));
#1925 = LINE('',#1926,#1927);
#1926 = CARTESIAN_POINT('',(-6.44,7.4,5.4));
#1927 = VECTOR('',#1928,1.);
#1928 = DIRECTION('',(0.,0.,1.));
#1929 = ORIENTED_EDGE('',*,*,#1930,.T.);
#1930 = EDGE_CURVE('',#1923,#1931,#1933,.T.);
#1931 = VERTEX_POINT('',#1932);
#1932 = CARTESIAN_POINT('',(-6.44,8.6,6.8));
#1933 = LINE('',#1934,#1935);
#1934 = CARTESIAN_POINT('',(-6.44,-4.787167358481E-16,6.8));
#1935 = VECTOR('',#1936,1.);
#1936 = DIRECTION('',(0.,1.,0.));
#1937 = ORIENTED_EDGE('',*,*,#1938,.T.);
#1938 = EDGE_CURVE('',#1931,#1939,#1941,.T.);
#1939 = VERTEX_POINT('',#1940);
#1940 = CARTESIAN_POINT('',(-6.44,8.6,8.));
#1941 = LINE('',#1942,#1943);
#1942 = CARTESIAN_POINT('',(-6.44,8.6,5.4));
#1943 = VECTOR('',#1944,1.);
#1944 = DIRECTION('',(0.,0.,1.));
#1945 = ORIENTED_EDGE('',*,*,#1946,.T.);
#1946 = EDGE_CURVE('',#1939,#1947,#1949,.T.);
#1947 = VERTEX_POINT('',#1948);
#1948 = CARTESIAN_POINT('',(-6.44,15.4,8.));
#1949 = LINE('',#1950,#1951);
#1950 = CARTESIAN_POINT('',(-6.44,-22.44,8.));
#1951 = VECTOR('',#1952,1.);
#1952 = DIRECTION('',(0.,1.,0.));
#1953 = ORIENTED_EDGE('',*,*,#1954,.F.);
#1954 = EDGE_CURVE('',#1955,#1947,#1957,.T.);
#1955 = VERTEX_POINT('',#1956);
#1956 = CARTESIAN_POINT('',(-6.44,15.4,6.8));
#1957 = LINE('',#1958,#1959);
#1958 = CARTESIAN_POINT('',(-6.44,15.4,5.4));
#1959 = VECTOR('',#1960,1.);
#1960 = DIRECTION('',(0.,0.,1.));
#1961 = ORIENTED_EDGE('',*,*,#1962,.T.);
#1962 = EDGE_CURVE('',#1955,#1963,#1965,.T.);
#1963 = VERTEX_POINT('',#1964);
#1964 = CARTESIAN_POINT('',(-6.44,16.6,6.8));
#1965 = LINE('',#1966,#1967);
#1966 = CARTESIAN_POINT('',(-6.44,-4.787167358481E-16,6.8));
#1967 = VECTOR('',#1968,1.);
#1968 = DIRECTION('',(0.,1.,0.));
#1969 = ORIENTED_EDGE('',*,*,#1970,.T.);
#1970 = EDGE_CURVE('',#1963,#1971,#1973,.T.);
#1971 = VERTEX_POINT('',#1972);
#1972 = CARTESIAN_POINT('',(-6.44,16.6,8.));
#1973 = LINE('',#1974,#1975);
#1974 = CARTESIAN_POINT('',(-6.44,16.6,5.4));
#1975 = VECTOR('',#1976,1.);
#1976 = DIRECTION('',(0.,0.,1.));
#1977 = ORIENTED_EDGE('',*,*,#1978,.T.);
#1978 = EDGE_CURVE('',#1971,#1979,#1981,.T.);
#1979 = VERTEX_POINT('',#1980);
#1980 = CARTESIAN_POINT('',(-6.44,22.44,8.));
#1981 = LINE('',#1982,#1983);
#1982 = CARTESIAN_POINT('',(-6.44,-22.44,8.));
#1983 = VECTOR('',#1984,1.);
#1984 = DIRECTION('',(0.,1.,0.));
#1985 = ORIENTED_EDGE('',*,*,#1986,.F.);
#1986 = EDGE_CURVE('',#1369,#1979,#1987,.T.);
#1987 = LINE('',#1988,#1989);
#1988 = CARTESIAN_POINT('',(-6.44,22.44,0.));
#1989 = VECTOR('',#1990,1.);
#1990 = DIRECTION('',(0.,0.,1.));
#1991 = ORIENTED_EDGE('',*,*,#1368,.F.);
#1992 = ORIENTED_EDGE('',*,*,#1345,.F.);
#1993 = ORIENTED_EDGE('',*,*,#1322,.F.);
#1994 = ORIENTED_EDGE('',*,*,#1299,.F.);
#1995 = ORIENTED_EDGE('',*,*,#1276,.F.);
#1996 = ORIENTED_EDGE('',*,*,#1253,.F.);
#1997 = ORIENTED_EDGE('',*,*,#1230,.F.);
#1998 = ORIENTED_EDGE('',*,*,#1207,.F.);
#1999 = ORIENTED_EDGE('',*,*,#1184,.F.);
#2000 = ORIENTED_EDGE('',*,*,#1161,.F.);
#2001 = PLANE('',#2002);
#2002 = AXIS2_PLACEMENT_3D('',#2003,#2004,#2005);
#2003 = CARTESIAN_POINT('',(-6.44,-7.390289422618E-16,4.));
#2004 = DIRECTION('',(-1.,-0.,-0.));
#2005 = DIRECTION('',(0.,0.,-1.));
#2006 = ADVANCED_FACE('',(#2007),#2025,.F.);
#2007 = FACE_BOUND('',#2008,.F.);
#2008 = EDGE_LOOP('',(#2009,#2010,#2011,#2019));
#2009 = ORIENTED_EDGE('',*,*,#1391,.F.);
#2010 = ORIENTED_EDGE('',*,*,#1986,.T.);
#2011 = ORIENTED_EDGE('',*,*,#2012,.T.);
#2012 = EDGE_CURVE('',#1979,#2013,#2015,.T.);
#2013 = VERTEX_POINT('',#2014);
#2014 = CARTESIAN_POINT('',(-1.56,22.44,8.));
#2015 = LINE('',#2016,#2017);
#2016 = CARTESIAN_POINT('',(-6.44,22.44,8.));
#2017 = VECTOR('',#2018,1.);
#2018 = DIRECTION('',(1.,0.,0.));
#2019 = ORIENTED_EDGE('',*,*,#2020,.F.);
#2020 = EDGE_CURVE('',#1392,#2013,#2021,.T.);
#2021 = LINE('',#2022,#2023);
#2022 = CARTESIAN_POINT('',(-1.56,22.44,0.));
#2023 = VECTOR('',#2024,1.);
#2024 = DIRECTION('',(0.,0.,1.));
#2025 = PLANE('',#2026);
#2026 = AXIS2_PLACEMENT_3D('',#2027,#2028,#2029);
#2027 = CARTESIAN_POINT('',(-6.44,22.44,0.));
#2028 = DIRECTION('',(0.,1.,0.));
#2029 = DIRECTION('',(0.,0.,1.));
#2030 = ADVANCED_FACE('',(#2031),#2082,.F.);
#2031 = FACE_BOUND('',#2032,.F.);
#2032 = EDGE_LOOP('',(#2033,#2041,#2042,#2043,#2044,#2052,#2060,#2068,
    #2076));
#2033 = ORIENTED_EDGE('',*,*,#2034,.F.);
#2034 = EDGE_CURVE('',#1438,#2035,#2037,.T.);
#2035 = VERTEX_POINT('',#2036);
#2036 = CARTESIAN_POINT('',(-1.56,14.44,8.));
#2037 = LINE('',#2038,#2039);
#2038 = CARTESIAN_POINT('',(-1.56,14.44,0.));
#2039 = VECTOR('',#2040,1.);
#2040 = DIRECTION('',(0.,0.,1.));
#2041 = ORIENTED_EDGE('',*,*,#1437,.T.);
#2042 = ORIENTED_EDGE('',*,*,#1414,.T.);
#2043 = ORIENTED_EDGE('',*,*,#2020,.T.);
#2044 = ORIENTED_EDGE('',*,*,#2045,.F.);
#2045 = EDGE_CURVE('',#2046,#2013,#2048,.T.);
#2046 = VERTEX_POINT('',#2047);
#2047 = CARTESIAN_POINT('',(-1.56,16.6,8.));
#2048 = LINE('',#2049,#2050);
#2049 = CARTESIAN_POINT('',(-1.56,14.44,8.));
#2050 = VECTOR('',#2051,1.);
#2051 = DIRECTION('',(0.,1.,0.));
#2052 = ORIENTED_EDGE('',*,*,#2053,.T.);
#2053 = EDGE_CURVE('',#2046,#2054,#2056,.T.);
#2054 = VERTEX_POINT('',#2055);
#2055 = CARTESIAN_POINT('',(-1.56,16.6,6.8));
#2056 = LINE('',#2057,#2058);
#2057 = CARTESIAN_POINT('',(-1.56,16.6,5.4));
#2058 = VECTOR('',#2059,1.);
#2059 = DIRECTION('',(0.,0.,-1.));
#2060 = ORIENTED_EDGE('',*,*,#2061,.T.);
#2061 = EDGE_CURVE('',#2054,#2062,#2064,.T.);
#2062 = VERTEX_POINT('',#2063);
#2063 = CARTESIAN_POINT('',(-1.56,15.4,6.8));
#2064 = LINE('',#2065,#2066);
#2065 = CARTESIAN_POINT('',(-1.56,9.22,6.8));
#2066 = VECTOR('',#2067,1.);
#2067 = DIRECTION('',(0.,-1.,0.));
#2068 = ORIENTED_EDGE('',*,*,#2069,.F.);
#2069 = EDGE_CURVE('',#2070,#2062,#2072,.T.);
#2070 = VERTEX_POINT('',#2071);
#2071 = CARTESIAN_POINT('',(-1.56,15.4,8.));
#2072 = LINE('',#2073,#2074);
#2073 = CARTESIAN_POINT('',(-1.56,15.4,5.4));
#2074 = VECTOR('',#2075,1.);
#2075 = DIRECTION('',(0.,0.,-1.));
#2076 = ORIENTED_EDGE('',*,*,#2077,.F.);
#2077 = EDGE_CURVE('',#2035,#2070,#2078,.T.);
#2078 = LINE('',#2079,#2080);
#2079 = CARTESIAN_POINT('',(-1.56,14.44,8.));
#2080 = VECTOR('',#2081,1.);
#2081 = DIRECTION('',(0.,1.,0.));
#2082 = PLANE('',#2083);
#2083 = AXIS2_PLACEMENT_3D('',#2084,#2085,#2086);
#2084 = CARTESIAN_POINT('',(-1.56,18.44,4.));
#2085 = DIRECTION('',(1.,0.,0.));
#2086 = DIRECTION('',(0.,0.,1.));
#2087 = ADVANCED_FACE('',(#2088),#2138,.F.);
#2088 = FACE_BOUND('',#2089,.F.);
#2089 = EDGE_LOOP('',(#2090,#2091,#2092,#2100,#2108,#2116,#2124,#2132));
#2090 = ORIENTED_EDGE('',*,*,#1460,.F.);
#2091 = ORIENTED_EDGE('',*,*,#2034,.T.);
#2092 = ORIENTED_EDGE('',*,*,#2093,.T.);
#2093 = EDGE_CURVE('',#2035,#2094,#2096,.T.);
#2094 = VERTEX_POINT('',#2095);
#2095 = CARTESIAN_POINT('',(-0.6,14.44,8.));
#2096 = LINE('',#2097,#2098);
#2097 = CARTESIAN_POINT('',(-6.44,14.44,8.));
#2098 = VECTOR('',#2099,1.);
#2099 = DIRECTION('',(1.,0.,0.));
#2100 = ORIENTED_EDGE('',*,*,#2101,.F.);
#2101 = EDGE_CURVE('',#2102,#2094,#2104,.T.);
#2102 = VERTEX_POINT('',#2103);
#2103 = CARTESIAN_POINT('',(-0.6,14.44,6.8));
#2104 = LINE('',#2105,#2106);
#2105 = CARTESIAN_POINT('',(-0.6,14.44,3.4));
#2106 = VECTOR('',#2107,1.);
#2107 = DIRECTION('',(0.,0.,1.));
#2108 = ORIENTED_EDGE('',*,*,#2109,.T.);
#2109 = EDGE_CURVE('',#2102,#2110,#2112,.T.);
#2110 = VERTEX_POINT('',#2111);
#2111 = CARTESIAN_POINT('',(0.6,14.44,6.8));
#2112 = LINE('',#2113,#2114);
#2113 = CARTESIAN_POINT('',(-3.22,14.44,6.8));
#2114 = VECTOR('',#2115,1.);
#2115 = DIRECTION('',(1.,0.,0.));
#2116 = ORIENTED_EDGE('',*,*,#2117,.T.);
#2117 = EDGE_CURVE('',#2110,#2118,#2120,.T.);
#2118 = VERTEX_POINT('',#2119);
#2119 = CARTESIAN_POINT('',(0.6,14.44,8.));
#2120 = LINE('',#2121,#2122);
#2121 = CARTESIAN_POINT('',(0.6,14.44,3.4));
#2122 = VECTOR('',#2123,1.);
#2123 = DIRECTION('',(0.,0.,1.));
#2124 = ORIENTED_EDGE('',*,*,#2125,.T.);
#2125 = EDGE_CURVE('',#2118,#2126,#2128,.T.);
#2126 = VERTEX_POINT('',#2127);
#2127 = CARTESIAN_POINT('',(6.44,14.44,8.));
#2128 = LINE('',#2129,#2130);
#2129 = CARTESIAN_POINT('',(-6.44,14.44,8.));
#2130 = VECTOR('',#2131,1.);
#2131 = DIRECTION('',(1.,0.,0.));
#2132 = ORIENTED_EDGE('',*,*,#2133,.F.);
#2133 = EDGE_CURVE('',#1461,#2126,#2134,.T.);
#2134 = LINE('',#2135,#2136);
#2135 = CARTESIAN_POINT('',(6.44,14.44,0.));
#2136 = VECTOR('',#2137,1.);
#2137 = DIRECTION('',(0.,0.,1.));
#2138 = PLANE('',#2139);
#2139 = AXIS2_PLACEMENT_3D('',#2140,#2141,#2142);
#2140 = CARTESIAN_POINT('',(-6.44,14.44,0.));
#2141 = DIRECTION('',(0.,1.,0.));
#2142 = DIRECTION('',(0.,0.,1.));
#2143 = ADVANCED_FACE('',(#2144),#2264,.F.);
#2144 = FACE_BOUND('',#2145,.F.);
#2145 = EDGE_LOOP('',(#2146,#2154,#2155,#2156,#2157,#2158,#2159,#2160,
    #2161,#2162,#2170,#2178,#2186,#2194,#2202,#2210,#2218,#2226,#2234,
    #2242,#2250,#2258));
#2146 = ORIENTED_EDGE('',*,*,#2147,.F.);
#2147 = EDGE_CURVE('',#1622,#2148,#2150,.T.);
#2148 = VERTEX_POINT('',#2149);
#2149 = CARTESIAN_POINT('',(6.44,-14.44,8.));
#2150 = LINE('',#2151,#2152);
#2151 = CARTESIAN_POINT('',(6.44,-14.44,0.));
#2152 = VECTOR('',#2153,1.);
#2153 = DIRECTION('',(0.,0.,1.));
#2154 = ORIENTED_EDGE('',*,*,#1621,.T.);
#2155 = ORIENTED_EDGE('',*,*,#1598,.T.);
#2156 = ORIENTED_EDGE('',*,*,#1575,.T.);
#2157 = ORIENTED_EDGE('',*,*,#1552,.T.);
#2158 = ORIENTED_EDGE('',*,*,#1529,.T.);
#2159 = ORIENTED_EDGE('',*,*,#1506,.T.);
#2160 = ORIENTED_EDGE('',*,*,#1483,.T.);
#2161 = ORIENTED_EDGE('',*,*,#2133,.T.);
#2162 = ORIENTED_EDGE('',*,*,#2163,.F.);
#2163 = EDGE_CURVE('',#2164,#2126,#2166,.T.);
#2164 = VERTEX_POINT('',#2165);
#2165 = CARTESIAN_POINT('',(6.44,8.6,8.));
#2166 = LINE('',#2167,#2168);
#2167 = CARTESIAN_POINT('',(6.44,-14.44,8.));
#2168 = VECTOR('',#2169,1.);
#2169 = DIRECTION('',(0.,1.,0.));
#2170 = ORIENTED_EDGE('',*,*,#2171,.T.);
#2171 = EDGE_CURVE('',#2164,#2172,#2174,.T.);
#2172 = VERTEX_POINT('',#2173);
#2173 = CARTESIAN_POINT('',(6.44,8.6,6.8));
#2174 = LINE('',#2175,#2176);
#2175 = CARTESIAN_POINT('',(6.44,8.6,5.4));
#2176 = VECTOR('',#2177,1.);
#2177 = DIRECTION('',(0.,0.,-1.));
#2178 = ORIENTED_EDGE('',*,*,#2179,.T.);
#2179 = EDGE_CURVE('',#2172,#2180,#2182,.T.);
#2180 = VERTEX_POINT('',#2181);
#2181 = CARTESIAN_POINT('',(6.44,7.4,6.8));
#2182 = LINE('',#2183,#2184);
#2183 = CARTESIAN_POINT('',(6.44,-6.103640681592E-17,6.8));
#2184 = VECTOR('',#2185,1.);
#2185 = DIRECTION('',(0.,-1.,0.));
#2186 = ORIENTED_EDGE('',*,*,#2187,.F.);
#2187 = EDGE_CURVE('',#2188,#2180,#2190,.T.);
#2188 = VERTEX_POINT('',#2189);
#2189 = CARTESIAN_POINT('',(6.44,7.4,8.));
#2190 = LINE('',#2191,#2192);
#2191 = CARTESIAN_POINT('',(6.44,7.4,5.4));
#2192 = VECTOR('',#2193,1.);
#2193 = DIRECTION('',(0.,0.,-1.));
#2194 = ORIENTED_EDGE('',*,*,#2195,.F.);
#2195 = EDGE_CURVE('',#2196,#2188,#2198,.T.);
#2196 = VERTEX_POINT('',#2197);
#2197 = CARTESIAN_POINT('',(6.44,0.6,8.));
#2198 = LINE('',#2199,#2200);
#2199 = CARTESIAN_POINT('',(6.44,-14.44,8.));
#2200 = VECTOR('',#2201,1.);
#2201 = DIRECTION('',(0.,1.,0.));
#2202 = ORIENTED_EDGE('',*,*,#2203,.T.);
#2203 = EDGE_CURVE('',#2196,#2204,#2206,.T.);
#2204 = VERTEX_POINT('',#2205);
#2205 = CARTESIAN_POINT('',(6.44,0.6,6.8));
#2206 = LINE('',#2207,#2208);
#2207 = CARTESIAN_POINT('',(6.44,0.6,5.4));
#2208 = VECTOR('',#2209,1.);
#2209 = DIRECTION('',(0.,0.,-1.));
#2210 = ORIENTED_EDGE('',*,*,#2211,.T.);
#2211 = EDGE_CURVE('',#2204,#2212,#2214,.T.);
#2212 = VERTEX_POINT('',#2213);
#2213 = CARTESIAN_POINT('',(6.44,-0.6,6.8));
#2214 = LINE('',#2215,#2216);
#2215 = CARTESIAN_POINT('',(6.44,-6.103640681592E-17,6.8));
#2216 = VECTOR('',#2217,1.);
#2217 = DIRECTION('',(0.,-1.,0.));
#2218 = ORIENTED_EDGE('',*,*,#2219,.F.);
#2219 = EDGE_CURVE('',#2220,#2212,#2222,.T.);
#2220 = VERTEX_POINT('',#2221);
#2221 = CARTESIAN_POINT('',(6.44,-0.6,8.));
#2222 = LINE('',#2223,#2224);
#2223 = CARTESIAN_POINT('',(6.44,-0.6,5.4));
#2224 = VECTOR('',#2225,1.);
#2225 = DIRECTION('',(0.,0.,-1.));
#2226 = ORIENTED_EDGE('',*,*,#2227,.F.);
#2227 = EDGE_CURVE('',#2228,#2220,#2230,.T.);
#2228 = VERTEX_POINT('',#2229);
#2229 = CARTESIAN_POINT('',(6.44,-7.4,8.));
#2230 = LINE('',#2231,#2232);
#2231 = CARTESIAN_POINT('',(6.44,-14.44,8.));
#2232 = VECTOR('',#2233,1.);
#2233 = DIRECTION('',(0.,1.,0.));
#2234 = ORIENTED_EDGE('',*,*,#2235,.T.);
#2235 = EDGE_CURVE('',#2228,#2236,#2238,.T.);
#2236 = VERTEX_POINT('',#2237);
#2237 = CARTESIAN_POINT('',(6.44,-7.4,6.8));
#2238 = LINE('',#2239,#2240);
#2239 = CARTESIAN_POINT('',(6.44,-7.4,5.4));
#2240 = VECTOR('',#2241,1.);
#2241 = DIRECTION('',(0.,0.,-1.));
#2242 = ORIENTED_EDGE('',*,*,#2243,.T.);
#2243 = EDGE_CURVE('',#2236,#2244,#2246,.T.);
#2244 = VERTEX_POINT('',#2245);
#2245 = CARTESIAN_POINT('',(6.44,-8.6,6.8));
#2246 = LINE('',#2247,#2248);
#2247 = CARTESIAN_POINT('',(6.44,-6.103640681592E-17,6.8));
#2248 = VECTOR('',#2249,1.);
#2249 = DIRECTION('',(0.,-1.,0.));
#2250 = ORIENTED_EDGE('',*,*,#2251,.F.);
#2251 = EDGE_CURVE('',#2252,#2244,#2254,.T.);
#2252 = VERTEX_POINT('',#2253);
#2253 = CARTESIAN_POINT('',(6.44,-8.6,8.));
#2254 = LINE('',#2255,#2256);
#2255 = CARTESIAN_POINT('',(6.44,-8.6,5.4));
#2256 = VECTOR('',#2257,1.);
#2257 = DIRECTION('',(0.,0.,-1.));
#2258 = ORIENTED_EDGE('',*,*,#2259,.F.);
#2259 = EDGE_CURVE('',#2148,#2252,#2260,.T.);
#2260 = LINE('',#2261,#2262);
#2261 = CARTESIAN_POINT('',(6.44,-14.44,8.));
#2262 = VECTOR('',#2263,1.);
#2263 = DIRECTION('',(0.,1.,0.));
#2264 = PLANE('',#2265);
#2265 = AXIS2_PLACEMENT_3D('',#2266,#2267,#2268);
#2266 = CARTESIAN_POINT('',(6.44,9.633171580262E-17,4.));
#2267 = DIRECTION('',(1.,0.,0.));
#2268 = DIRECTION('',(0.,0.,1.));
#2269 = ADVANCED_FACE('',(#2270),#2320,.T.);
#2270 = FACE_BOUND('',#2271,.T.);
#2271 = EDGE_LOOP('',(#2272,#2273,#2281,#2289,#2297,#2305,#2313,#2319));
#2272 = ORIENTED_EDGE('',*,*,#1651,.F.);
#2273 = ORIENTED_EDGE('',*,*,#2274,.T.);
#2274 = EDGE_CURVE('',#1643,#2275,#2277,.T.);
#2275 = VERTEX_POINT('',#2276);
#2276 = CARTESIAN_POINT('',(-1.56,-14.44,8.));
#2277 = LINE('',#2278,#2279);
#2278 = CARTESIAN_POINT('',(-1.56,-14.44,0.));
#2279 = VECTOR('',#2280,1.);
#2280 = DIRECTION('',(0.,0.,1.));
#2281 = ORIENTED_EDGE('',*,*,#2282,.T.);
#2282 = EDGE_CURVE('',#2275,#2283,#2285,.T.);
#2283 = VERTEX_POINT('',#2284);
#2284 = CARTESIAN_POINT('',(-0.6,-14.44,8.));
#2285 = LINE('',#2286,#2287);
#2286 = CARTESIAN_POINT('',(-6.44,-14.44,8.));
#2287 = VECTOR('',#2288,1.);
#2288 = DIRECTION('',(1.,0.,0.));
#2289 = ORIENTED_EDGE('',*,*,#2290,.F.);
#2290 = EDGE_CURVE('',#2291,#2283,#2293,.T.);
#2291 = VERTEX_POINT('',#2292);
#2292 = CARTESIAN_POINT('',(-0.6,-14.44,6.8));
#2293 = LINE('',#2294,#2295);
#2294 = CARTESIAN_POINT('',(-0.6,-14.44,3.4));
#2295 = VECTOR('',#2296,1.);
#2296 = DIRECTION('',(0.,0.,1.));
#2297 = ORIENTED_EDGE('',*,*,#2298,.T.);
#2298 = EDGE_CURVE('',#2291,#2299,#2301,.T.);
#2299 = VERTEX_POINT('',#2300);
#2300 = CARTESIAN_POINT('',(0.6,-14.44,6.8));
#2301 = LINE('',#2302,#2303);
#2302 = CARTESIAN_POINT('',(-3.22,-14.44,6.8));
#2303 = VECTOR('',#2304,1.);
#2304 = DIRECTION('',(1.,0.,0.));
#2305 = ORIENTED_EDGE('',*,*,#2306,.T.);
#2306 = EDGE_CURVE('',#2299,#2307,#2309,.T.);
#2307 = VERTEX_POINT('',#2308);
#2308 = CARTESIAN_POINT('',(0.6,-14.44,8.));
#2309 = LINE('',#2310,#2311);
#2310 = CARTESIAN_POINT('',(0.6,-14.44,3.4));
#2311 = VECTOR('',#2312,1.);
#2312 = DIRECTION('',(0.,0.,1.));
#2313 = ORIENTED_EDGE('',*,*,#2314,.T.);
#2314 = EDGE_CURVE('',#2307,#2148,#2315,.T.);
#2315 = LINE('',#2316,#2317);
#2316 = CARTESIAN_POINT('',(-6.44,-14.44,8.));
#2317 = VECTOR('',#2318,1.);
#2318 = DIRECTION('',(1.,0.,0.));
#2319 = ORIENTED_EDGE('',*,*,#2147,.F.);
#2320 = PLANE('',#2321);
#2321 = AXIS2_PLACEMENT_3D('',#2322,#2323,#2324);
#2322 = CARTESIAN_POINT('',(-6.44,-14.44,0.));
#2323 = DIRECTION('',(0.,1.,0.));
#2324 = DIRECTION('',(0.,0.,1.));
#2325 = ADVANCED_FACE('',(#2326),#2377,.F.);
#2326 = FACE_BOUND('',#2327,.F.);
#2327 = EDGE_LOOP('',(#2328,#2336,#2337,#2338,#2339,#2347,#2355,#2363,
    #2371));
#2328 = ORIENTED_EDGE('',*,*,#2329,.F.);
#2329 = EDGE_CURVE('',#1691,#2330,#2332,.T.);
#2330 = VERTEX_POINT('',#2331);
#2331 = CARTESIAN_POINT('',(-1.56,-22.44,8.));
#2332 = LINE('',#2333,#2334);
#2333 = CARTESIAN_POINT('',(-1.56,-22.44,0.));
#2334 = VECTOR('',#2335,1.);
#2335 = DIRECTION('',(0.,0.,1.));
#2336 = ORIENTED_EDGE('',*,*,#1690,.T.);
#2337 = ORIENTED_EDGE('',*,*,#1667,.T.);
#2338 = ORIENTED_EDGE('',*,*,#2274,.T.);
#2339 = ORIENTED_EDGE('',*,*,#2340,.F.);
#2340 = EDGE_CURVE('',#2341,#2275,#2343,.T.);
#2341 = VERTEX_POINT('',#2342);
#2342 = CARTESIAN_POINT('',(-1.56,-15.4,8.));
#2343 = LINE('',#2344,#2345);
#2344 = CARTESIAN_POINT('',(-1.56,-22.44,8.));
#2345 = VECTOR('',#2346,1.);
#2346 = DIRECTION('',(0.,1.,0.));
#2347 = ORIENTED_EDGE('',*,*,#2348,.T.);
#2348 = EDGE_CURVE('',#2341,#2349,#2351,.T.);
#2349 = VERTEX_POINT('',#2350);
#2350 = CARTESIAN_POINT('',(-1.56,-15.4,6.8));
#2351 = LINE('',#2352,#2353);
#2352 = CARTESIAN_POINT('',(-1.56,-15.4,5.4));
#2353 = VECTOR('',#2354,1.);
#2354 = DIRECTION('',(0.,0.,-1.));
#2355 = ORIENTED_EDGE('',*,*,#2356,.T.);
#2356 = EDGE_CURVE('',#2349,#2357,#2359,.T.);
#2357 = VERTEX_POINT('',#2358);
#2358 = CARTESIAN_POINT('',(-1.56,-16.6,6.8));
#2359 = LINE('',#2360,#2361);
#2360 = CARTESIAN_POINT('',(-1.56,-9.22,6.8));
#2361 = VECTOR('',#2362,1.);
#2362 = DIRECTION('',(0.,-1.,0.));
#2363 = ORIENTED_EDGE('',*,*,#2364,.F.);
#2364 = EDGE_CURVE('',#2365,#2357,#2367,.T.);
#2365 = VERTEX_POINT('',#2366);
#2366 = CARTESIAN_POINT('',(-1.56,-16.6,8.));
#2367 = LINE('',#2368,#2369);
#2368 = CARTESIAN_POINT('',(-1.56,-16.6,5.4));
#2369 = VECTOR('',#2370,1.);
#2370 = DIRECTION('',(0.,0.,-1.));
#2371 = ORIENTED_EDGE('',*,*,#2372,.F.);
#2372 = EDGE_CURVE('',#2330,#2365,#2373,.T.);
#2373 = LINE('',#2374,#2375);
#2374 = CARTESIAN_POINT('',(-1.56,-22.44,8.));
#2375 = VECTOR('',#2376,1.);
#2376 = DIRECTION('',(0.,1.,0.));
#2377 = PLANE('',#2378);
#2378 = AXIS2_PLACEMENT_3D('',#2379,#2380,#2381);
#2379 = CARTESIAN_POINT('',(-1.56,-18.44,4.));
#2380 = DIRECTION('',(1.,0.,0.));
#2381 = DIRECTION('',(0.,0.,1.));
#2382 = ADVANCED_FACE('',(#2383),#2394,.T.);
#2383 = FACE_BOUND('',#2384,.T.);
#2384 = EDGE_LOOP('',(#2385,#2386,#2387,#2393));
#2385 = ORIENTED_EDGE('',*,*,#1713,.F.);
#2386 = ORIENTED_EDGE('',*,*,#1810,.T.);
#2387 = ORIENTED_EDGE('',*,*,#2388,.T.);
#2388 = EDGE_CURVE('',#1811,#2330,#2389,.T.);
#2389 = LINE('',#2390,#2391);
#2390 = CARTESIAN_POINT('',(-6.44,-22.44,8.));
#2391 = VECTOR('',#2392,1.);
#2392 = DIRECTION('',(1.,0.,0.));
#2393 = ORIENTED_EDGE('',*,*,#2329,.F.);
#2394 = PLANE('',#2395);
#2395 = AXIS2_PLACEMENT_3D('',#2396,#2397,#2398);
#2396 = CARTESIAN_POINT('',(-6.44,-22.44,0.));
#2397 = DIRECTION('',(0.,1.,0.));
#2398 = DIRECTION('',(0.,0.,1.));
#2399 = ADVANCED_FACE('',(#2400),#2411,.F.);
#2400 = FACE_BOUND('',#2401,.F.);
#2401 = EDGE_LOOP('',(#2402,#2403,#2409,#2410));
#2402 = ORIENTED_EDGE('',*,*,#1978,.F.);
#2403 = ORIENTED_EDGE('',*,*,#2404,.T.);
#2404 = EDGE_CURVE('',#1971,#2046,#2405,.T.);
#2405 = LINE('',#2406,#2407);
#2406 = CARTESIAN_POINT('',(-7.9,16.6,8.));
#2407 = VECTOR('',#2408,1.);
#2408 = DIRECTION('',(1.,0.,0.));
#2409 = ORIENTED_EDGE('',*,*,#2045,.T.);
#2410 = ORIENTED_EDGE('',*,*,#2012,.F.);
#2411 = PLANE('',#2412);
#2412 = AXIS2_PLACEMENT_3D('',#2413,#2414,#2415);
#2413 = CARTESIAN_POINT('',(-1.108033240997,-1.107147614585E-15,8.));
#2414 = DIRECTION('',(0.,0.,1.));
#2415 = DIRECTION('',(1.,0.,0.));
#2416 = ADVANCED_FACE('',(#2417),#2428,.T.);
#2417 = FACE_BOUND('',#2418,.T.);
#2418 = EDGE_LOOP('',(#2419,#2425,#2426,#2427));
#2419 = ORIENTED_EDGE('',*,*,#2420,.F.);
#2420 = EDGE_CURVE('',#1963,#2054,#2421,.T.);
#2421 = LINE('',#2422,#2423);
#2422 = CARTESIAN_POINT('',(-7.9,16.6,6.8));
#2423 = VECTOR('',#2424,1.);
#2424 = DIRECTION('',(1.,0.,0.));
#2425 = ORIENTED_EDGE('',*,*,#1970,.T.);
#2426 = ORIENTED_EDGE('',*,*,#2404,.T.);
#2427 = ORIENTED_EDGE('',*,*,#2053,.T.);
#2428 = PLANE('',#2429);
#2429 = AXIS2_PLACEMENT_3D('',#2430,#2431,#2432);
#2430 = CARTESIAN_POINT('',(-7.9,16.6,6.8));
#2431 = DIRECTION('',(0.,1.,0.));
#2432 = DIRECTION('',(0.,0.,1.));
#2433 = ADVANCED_FACE('',(#2434),#2445,.T.);
#2434 = FACE_BOUND('',#2435,.T.);
#2435 = EDGE_LOOP('',(#2436,#2437,#2443,#2444));
#2436 = ORIENTED_EDGE('',*,*,#2061,.T.);
#2437 = ORIENTED_EDGE('',*,*,#2438,.F.);
#2438 = EDGE_CURVE('',#1955,#2062,#2439,.T.);
#2439 = LINE('',#2440,#2441);
#2440 = CARTESIAN_POINT('',(-7.9,15.4,6.8));
#2441 = VECTOR('',#2442,1.);
#2442 = DIRECTION('',(1.,0.,0.));
#2443 = ORIENTED_EDGE('',*,*,#1962,.T.);
#2444 = ORIENTED_EDGE('',*,*,#2420,.T.);
#2445 = PLANE('',#2446);
#2446 = AXIS2_PLACEMENT_3D('',#2447,#2448,#2449);
#2447 = CARTESIAN_POINT('',(-3.640075490574E-18,-2.184045294345E-16,6.8)
  );
#2448 = DIRECTION('',(-0.,-0.,-1.));
#2449 = DIRECTION('',(-1.,0.,0.));
#2450 = ADVANCED_FACE('',(#2451),#2462,.F.);
#2451 = FACE_BOUND('',#2452,.F.);
#2452 = EDGE_LOOP('',(#2453,#2454,#2455,#2461));
#2453 = ORIENTED_EDGE('',*,*,#2438,.F.);
#2454 = ORIENTED_EDGE('',*,*,#1954,.T.);
#2455 = ORIENTED_EDGE('',*,*,#2456,.T.);
#2456 = EDGE_CURVE('',#1947,#2070,#2457,.T.);
#2457 = LINE('',#2458,#2459);
#2458 = CARTESIAN_POINT('',(-7.9,15.4,8.));
#2459 = VECTOR('',#2460,1.);
#2460 = DIRECTION('',(1.,0.,0.));
#2461 = ORIENTED_EDGE('',*,*,#2069,.T.);
#2462 = PLANE('',#2463);
#2463 = AXIS2_PLACEMENT_3D('',#2464,#2465,#2466);
#2464 = CARTESIAN_POINT('',(-7.9,15.4,6.8));
#2465 = DIRECTION('',(0.,1.,0.));
#2466 = DIRECTION('',(0.,0.,1.));
#2467 = ADVANCED_FACE('',(#2468),#2497,.F.);
#2468 = FACE_BOUND('',#2469,.F.);
#2469 = EDGE_LOOP('',(#2470,#2471,#2479,#2488,#2494,#2495,#2496));
#2470 = ORIENTED_EDGE('',*,*,#1946,.F.);
#2471 = ORIENTED_EDGE('',*,*,#2472,.T.);
#2472 = EDGE_CURVE('',#1939,#2473,#2475,.T.);
#2473 = VERTEX_POINT('',#2474);
#2474 = CARTESIAN_POINT('',(-3.16040365499,8.6,8.));
#2475 = LINE('',#2476,#2477);
#2476 = CARTESIAN_POINT('',(-7.9,8.6,8.));
#2477 = VECTOR('',#2478,1.);
#2478 = DIRECTION('',(1.,0.,0.));
#2479 = ORIENTED_EDGE('',*,*,#2480,.F.);
#2480 = EDGE_CURVE('',#2481,#2473,#2483,.T.);
#2481 = VERTEX_POINT('',#2482);
#2482 = CARTESIAN_POINT('',(-0.6,11.16040365499,8.));
#2483 = CIRCLE('',#2484,3.216854249492);
#2484 = AXIS2_PLACEMENT_3D('',#2485,#2486,#2487);
#2485 = CARTESIAN_POINT('',(0.,8.,8.));
#2486 = DIRECTION('',(0.,0.,1.));
#2487 = DIRECTION('',(1.,0.,0.));
#2488 = ORIENTED_EDGE('',*,*,#2489,.T.);
#2489 = EDGE_CURVE('',#2481,#2094,#2490,.T.);
#2490 = LINE('',#2491,#2492);
#2491 = CARTESIAN_POINT('',(-0.6,-23.9,8.));
#2492 = VECTOR('',#2493,1.);
#2493 = DIRECTION('',(0.,1.,0.));
#2494 = ORIENTED_EDGE('',*,*,#2093,.F.);
#2495 = ORIENTED_EDGE('',*,*,#2077,.T.);
#2496 = ORIENTED_EDGE('',*,*,#2456,.F.);
#2497 = PLANE('',#2498);
#2498 = AXIS2_PLACEMENT_3D('',#2499,#2500,#2501);
#2499 = CARTESIAN_POINT('',(-1.108033240997,-1.107147614585E-15,8.));
#2500 = DIRECTION('',(0.,0.,1.));
#2501 = DIRECTION('',(1.,0.,0.));
#2502 = ADVANCED_FACE('',(#2503),#2521,.T.);
#2503 = FACE_BOUND('',#2504,.T.);
#2504 = EDGE_LOOP('',(#2505,#2513,#2514,#2515));
#2505 = ORIENTED_EDGE('',*,*,#2506,.F.);
#2506 = EDGE_CURVE('',#1931,#2507,#2509,.T.);
#2507 = VERTEX_POINT('',#2508);
#2508 = CARTESIAN_POINT('',(-3.16040365499,8.6,6.8));
#2509 = LINE('',#2510,#2511);
#2510 = CARTESIAN_POINT('',(-7.9,8.6,6.8));
#2511 = VECTOR('',#2512,1.);
#2512 = DIRECTION('',(1.,0.,0.));
#2513 = ORIENTED_EDGE('',*,*,#1938,.T.);
#2514 = ORIENTED_EDGE('',*,*,#2472,.T.);
#2515 = ORIENTED_EDGE('',*,*,#2516,.T.);
#2516 = EDGE_CURVE('',#2473,#2507,#2517,.T.);
#2517 = LINE('',#2518,#2519);
#2518 = CARTESIAN_POINT('',(-3.16040365499,8.6,0.3));
#2519 = VECTOR('',#2520,1.);
#2520 = DIRECTION('',(-0.,-0.,-1.));
#2521 = PLANE('',#2522);
#2522 = AXIS2_PLACEMENT_3D('',#2523,#2524,#2525);
#2523 = CARTESIAN_POINT('',(-7.9,8.6,6.8));
#2524 = DIRECTION('',(0.,1.,0.));
#2525 = DIRECTION('',(0.,0.,1.));
#2526 = ADVANCED_FACE('',(#2527),#2546,.T.);
#2527 = FACE_BOUND('',#2528,.T.);
#2528 = EDGE_LOOP('',(#2529,#2538,#2544,#2545));
#2529 = ORIENTED_EDGE('',*,*,#2530,.F.);
#2530 = EDGE_CURVE('',#2531,#2507,#2533,.T.);
#2531 = VERTEX_POINT('',#2532);
#2532 = CARTESIAN_POINT('',(-3.16040365499,7.4,6.8));
#2533 = CIRCLE('',#2534,3.216854249492);
#2534 = AXIS2_PLACEMENT_3D('',#2535,#2536,#2537);
#2535 = CARTESIAN_POINT('',(0.,8.,6.8));
#2536 = DIRECTION('',(0.,0.,-1.));
#2537 = DIRECTION('',(1.,0.,0.));
#2538 = ORIENTED_EDGE('',*,*,#2539,.F.);
#2539 = EDGE_CURVE('',#1923,#2531,#2540,.T.);
#2540 = LINE('',#2541,#2542);
#2541 = CARTESIAN_POINT('',(-7.9,7.4,6.8));
#2542 = VECTOR('',#2543,1.);
#2543 = DIRECTION('',(1.,0.,0.));
#2544 = ORIENTED_EDGE('',*,*,#1930,.T.);
#2545 = ORIENTED_EDGE('',*,*,#2506,.T.);
#2546 = PLANE('',#2547);
#2547 = AXIS2_PLACEMENT_3D('',#2548,#2549,#2550);
#2548 = CARTESIAN_POINT('',(-3.640075490574E-18,-2.184045294345E-16,6.8)
  );
#2549 = DIRECTION('',(-0.,-0.,-1.));
#2550 = DIRECTION('',(-1.,0.,0.));
#2551 = ADVANCED_FACE('',(#2552),#2570,.F.);
#2552 = FACE_BOUND('',#2553,.F.);
#2553 = EDGE_LOOP('',(#2554,#2555,#2556,#2564));
#2554 = ORIENTED_EDGE('',*,*,#2539,.F.);
#2555 = ORIENTED_EDGE('',*,*,#1922,.T.);
#2556 = ORIENTED_EDGE('',*,*,#2557,.T.);
#2557 = EDGE_CURVE('',#1915,#2558,#2560,.T.);
#2558 = VERTEX_POINT('',#2559);
#2559 = CARTESIAN_POINT('',(-3.16040365499,7.4,8.));
#2560 = LINE('',#2561,#2562);
#2561 = CARTESIAN_POINT('',(-7.9,7.4,8.));
#2562 = VECTOR('',#2563,1.);
#2563 = DIRECTION('',(1.,0.,0.));
#2564 = ORIENTED_EDGE('',*,*,#2565,.T.);
#2565 = EDGE_CURVE('',#2558,#2531,#2566,.T.);
#2566 = LINE('',#2567,#2568);
#2567 = CARTESIAN_POINT('',(-3.16040365499,7.4,0.3));
#2568 = VECTOR('',#2569,1.);
#2569 = DIRECTION('',(-0.,-0.,-1.));
#2570 = PLANE('',#2571);
#2571 = AXIS2_PLACEMENT_3D('',#2572,#2573,#2574);
#2572 = CARTESIAN_POINT('',(-7.9,7.4,6.8));
#2573 = DIRECTION('',(0.,1.,0.));
#2574 = DIRECTION('',(0.,0.,1.));
#2575 = ADVANCED_FACE('',(#2576),#2612,.F.);
#2576 = FACE_BOUND('',#2577,.F.);
#2577 = EDGE_LOOP('',(#2578,#2579,#2587,#2596,#2604,#2611));
#2578 = ORIENTED_EDGE('',*,*,#1914,.F.);
#2579 = ORIENTED_EDGE('',*,*,#2580,.T.);
#2580 = EDGE_CURVE('',#1907,#2581,#2583,.T.);
#2581 = VERTEX_POINT('',#2582);
#2582 = CARTESIAN_POINT('',(-3.16040365499,0.6,8.));
#2583 = LINE('',#2584,#2585);
#2584 = CARTESIAN_POINT('',(-7.9,0.6,8.));
#2585 = VECTOR('',#2586,1.);
#2586 = DIRECTION('',(1.,0.,0.));
#2587 = ORIENTED_EDGE('',*,*,#2588,.F.);
#2588 = EDGE_CURVE('',#2589,#2581,#2591,.T.);
#2589 = VERTEX_POINT('',#2590);
#2590 = CARTESIAN_POINT('',(-0.6,3.16040365499,8.));
#2591 = CIRCLE('',#2592,3.216854249492);
#2592 = AXIS2_PLACEMENT_3D('',#2593,#2594,#2595);
#2593 = CARTESIAN_POINT('',(0.,0.,8.));
#2594 = DIRECTION('',(0.,0.,1.));
#2595 = DIRECTION('',(1.,0.,0.));
#2596 = ORIENTED_EDGE('',*,*,#2597,.T.);
#2597 = EDGE_CURVE('',#2589,#2598,#2600,.T.);
#2598 = VERTEX_POINT('',#2599);
#2599 = CARTESIAN_POINT('',(-0.6,4.83959634501,8.));
#2600 = LINE('',#2601,#2602);
#2601 = CARTESIAN_POINT('',(-0.6,-23.9,8.));
#2602 = VECTOR('',#2603,1.);
#2603 = DIRECTION('',(0.,1.,0.));
#2604 = ORIENTED_EDGE('',*,*,#2605,.F.);
#2605 = EDGE_CURVE('',#2558,#2598,#2606,.T.);
#2606 = CIRCLE('',#2607,3.216854249492);
#2607 = AXIS2_PLACEMENT_3D('',#2608,#2609,#2610);
#2608 = CARTESIAN_POINT('',(0.,8.,8.));
#2609 = DIRECTION('',(0.,0.,1.));
#2610 = DIRECTION('',(1.,0.,0.));
#2611 = ORIENTED_EDGE('',*,*,#2557,.F.);
#2612 = PLANE('',#2613);
#2613 = AXIS2_PLACEMENT_3D('',#2614,#2615,#2616);
#2614 = CARTESIAN_POINT('',(-1.108033240997,-1.107147614585E-15,8.));
#2615 = DIRECTION('',(0.,0.,1.));
#2616 = DIRECTION('',(1.,0.,0.));
#2617 = ADVANCED_FACE('',(#2618),#2636,.T.);
#2618 = FACE_BOUND('',#2619,.T.);
#2619 = EDGE_LOOP('',(#2620,#2628,#2629,#2630));
#2620 = ORIENTED_EDGE('',*,*,#2621,.F.);
#2621 = EDGE_CURVE('',#1899,#2622,#2624,.T.);
#2622 = VERTEX_POINT('',#2623);
#2623 = CARTESIAN_POINT('',(-3.16040365499,0.6,6.8));
#2624 = LINE('',#2625,#2626);
#2625 = CARTESIAN_POINT('',(-7.9,0.6,6.8));
#2626 = VECTOR('',#2627,1.);
#2627 = DIRECTION('',(1.,0.,0.));
#2628 = ORIENTED_EDGE('',*,*,#1906,.T.);
#2629 = ORIENTED_EDGE('',*,*,#2580,.T.);
#2630 = ORIENTED_EDGE('',*,*,#2631,.T.);
#2631 = EDGE_CURVE('',#2581,#2622,#2632,.T.);
#2632 = LINE('',#2633,#2634);
#2633 = CARTESIAN_POINT('',(-3.16040365499,0.6,0.3));
#2634 = VECTOR('',#2635,1.);
#2635 = DIRECTION('',(-0.,-0.,-1.));
#2636 = PLANE('',#2637);
#2637 = AXIS2_PLACEMENT_3D('',#2638,#2639,#2640);
#2638 = CARTESIAN_POINT('',(-7.9,0.6,6.8));
#2639 = DIRECTION('',(0.,1.,0.));
#2640 = DIRECTION('',(0.,0.,1.));
#2641 = ADVANCED_FACE('',(#2642),#2661,.T.);
#2642 = FACE_BOUND('',#2643,.T.);
#2643 = EDGE_LOOP('',(#2644,#2653,#2659,#2660));
#2644 = ORIENTED_EDGE('',*,*,#2645,.F.);
#2645 = EDGE_CURVE('',#2646,#2622,#2648,.T.);
#2646 = VERTEX_POINT('',#2647);
#2647 = CARTESIAN_POINT('',(-3.16040365499,-0.6,6.8));
#2648 = CIRCLE('',#2649,3.216854249492);
#2649 = AXIS2_PLACEMENT_3D('',#2650,#2651,#2652);
#2650 = CARTESIAN_POINT('',(0.,0.,6.8));
#2651 = DIRECTION('',(0.,0.,-1.));
#2652 = DIRECTION('',(1.,0.,0.));
#2653 = ORIENTED_EDGE('',*,*,#2654,.F.);
#2654 = EDGE_CURVE('',#1891,#2646,#2655,.T.);
#2655 = LINE('',#2656,#2657);
#2656 = CARTESIAN_POINT('',(-7.9,-0.6,6.8));
#2657 = VECTOR('',#2658,1.);
#2658 = DIRECTION('',(1.,0.,0.));
#2659 = ORIENTED_EDGE('',*,*,#1898,.T.);
#2660 = ORIENTED_EDGE('',*,*,#2621,.T.);
#2661 = PLANE('',#2662);
#2662 = AXIS2_PLACEMENT_3D('',#2663,#2664,#2665);
#2663 = CARTESIAN_POINT('',(-3.640075490574E-18,-2.184045294345E-16,6.8)
  );
#2664 = DIRECTION('',(-0.,-0.,-1.));
#2665 = DIRECTION('',(-1.,0.,0.));
#2666 = ADVANCED_FACE('',(#2667),#2685,.F.);
#2667 = FACE_BOUND('',#2668,.F.);
#2668 = EDGE_LOOP('',(#2669,#2670,#2671,#2679));
#2669 = ORIENTED_EDGE('',*,*,#2654,.F.);
#2670 = ORIENTED_EDGE('',*,*,#1890,.T.);
#2671 = ORIENTED_EDGE('',*,*,#2672,.T.);
#2672 = EDGE_CURVE('',#1883,#2673,#2675,.T.);
#2673 = VERTEX_POINT('',#2674);
#2674 = CARTESIAN_POINT('',(-3.16040365499,-0.6,8.));
#2675 = LINE('',#2676,#2677);
#2676 = CARTESIAN_POINT('',(-7.9,-0.6,8.));
#2677 = VECTOR('',#2678,1.);
#2678 = DIRECTION('',(1.,0.,0.));
#2679 = ORIENTED_EDGE('',*,*,#2680,.T.);
#2680 = EDGE_CURVE('',#2673,#2646,#2681,.T.);
#2681 = LINE('',#2682,#2683);
#2682 = CARTESIAN_POINT('',(-3.16040365499,-0.6,0.3));
#2683 = VECTOR('',#2684,1.);
#2684 = DIRECTION('',(-0.,-0.,-1.));
#2685 = PLANE('',#2686);
#2686 = AXIS2_PLACEMENT_3D('',#2687,#2688,#2689);
#2687 = CARTESIAN_POINT('',(-7.9,-0.6,6.8));
#2688 = DIRECTION('',(0.,1.,0.));
#2689 = DIRECTION('',(0.,0.,1.));
#2690 = ADVANCED_FACE('',(#2691),#2727,.F.);
#2691 = FACE_BOUND('',#2692,.F.);
#2692 = EDGE_LOOP('',(#2693,#2694,#2702,#2711,#2719,#2726));
#2693 = ORIENTED_EDGE('',*,*,#1882,.F.);
#2694 = ORIENTED_EDGE('',*,*,#2695,.T.);
#2695 = EDGE_CURVE('',#1875,#2696,#2698,.T.);
#2696 = VERTEX_POINT('',#2697);
#2697 = CARTESIAN_POINT('',(-3.16040365499,-7.4,8.));
#2698 = LINE('',#2699,#2700);
#2699 = CARTESIAN_POINT('',(-7.9,-7.4,8.));
#2700 = VECTOR('',#2701,1.);
#2701 = DIRECTION('',(1.,0.,0.));
#2702 = ORIENTED_EDGE('',*,*,#2703,.F.);
#2703 = EDGE_CURVE('',#2704,#2696,#2706,.T.);
#2704 = VERTEX_POINT('',#2705);
#2705 = CARTESIAN_POINT('',(-0.6,-4.83959634501,8.));
#2706 = CIRCLE('',#2707,3.216854249492);
#2707 = AXIS2_PLACEMENT_3D('',#2708,#2709,#2710);
#2708 = CARTESIAN_POINT('',(0.,-8.,8.));
#2709 = DIRECTION('',(0.,0.,1.));
#2710 = DIRECTION('',(1.,0.,0.));
#2711 = ORIENTED_EDGE('',*,*,#2712,.T.);
#2712 = EDGE_CURVE('',#2704,#2713,#2715,.T.);
#2713 = VERTEX_POINT('',#2714);
#2714 = CARTESIAN_POINT('',(-0.6,-3.16040365499,8.));
#2715 = LINE('',#2716,#2717);
#2716 = CARTESIAN_POINT('',(-0.6,-23.9,8.));
#2717 = VECTOR('',#2718,1.);
#2718 = DIRECTION('',(0.,1.,0.));
#2719 = ORIENTED_EDGE('',*,*,#2720,.F.);
#2720 = EDGE_CURVE('',#2673,#2713,#2721,.T.);
#2721 = CIRCLE('',#2722,3.216854249492);
#2722 = AXIS2_PLACEMENT_3D('',#2723,#2724,#2725);
#2723 = CARTESIAN_POINT('',(0.,0.,8.));
#2724 = DIRECTION('',(0.,0.,1.));
#2725 = DIRECTION('',(1.,0.,0.));
#2726 = ORIENTED_EDGE('',*,*,#2672,.F.);
#2727 = PLANE('',#2728);
#2728 = AXIS2_PLACEMENT_3D('',#2729,#2730,#2731);
#2729 = CARTESIAN_POINT('',(-1.108033240997,-1.107147614585E-15,8.));
#2730 = DIRECTION('',(0.,0.,1.));
#2731 = DIRECTION('',(1.,0.,0.));
#2732 = ADVANCED_FACE('',(#2733),#2751,.T.);
#2733 = FACE_BOUND('',#2734,.T.);
#2734 = EDGE_LOOP('',(#2735,#2743,#2744,#2745));
#2735 = ORIENTED_EDGE('',*,*,#2736,.F.);
#2736 = EDGE_CURVE('',#1867,#2737,#2739,.T.);
#2737 = VERTEX_POINT('',#2738);
#2738 = CARTESIAN_POINT('',(-3.16040365499,-7.4,6.8));
#2739 = LINE('',#2740,#2741);
#2740 = CARTESIAN_POINT('',(-7.9,-7.4,6.8));
#2741 = VECTOR('',#2742,1.);
#2742 = DIRECTION('',(1.,0.,0.));
#2743 = ORIENTED_EDGE('',*,*,#1874,.T.);
#2744 = ORIENTED_EDGE('',*,*,#2695,.T.);
#2745 = ORIENTED_EDGE('',*,*,#2746,.T.);
#2746 = EDGE_CURVE('',#2696,#2737,#2747,.T.);
#2747 = LINE('',#2748,#2749);
#2748 = CARTESIAN_POINT('',(-3.16040365499,-7.4,0.3));
#2749 = VECTOR('',#2750,1.);
#2750 = DIRECTION('',(-0.,-0.,-1.));
#2751 = PLANE('',#2752);
#2752 = AXIS2_PLACEMENT_3D('',#2753,#2754,#2755);
#2753 = CARTESIAN_POINT('',(-7.9,-7.4,6.8));
#2754 = DIRECTION('',(0.,1.,0.));
#2755 = DIRECTION('',(0.,0.,1.));
#2756 = ADVANCED_FACE('',(#2757),#2776,.T.);
#2757 = FACE_BOUND('',#2758,.T.);
#2758 = EDGE_LOOP('',(#2759,#2768,#2774,#2775));
#2759 = ORIENTED_EDGE('',*,*,#2760,.F.);
#2760 = EDGE_CURVE('',#2761,#2737,#2763,.T.);
#2761 = VERTEX_POINT('',#2762);
#2762 = CARTESIAN_POINT('',(-3.16040365499,-8.6,6.8));
#2763 = CIRCLE('',#2764,3.216854249492);
#2764 = AXIS2_PLACEMENT_3D('',#2765,#2766,#2767);
#2765 = CARTESIAN_POINT('',(0.,-8.,6.8));
#2766 = DIRECTION('',(0.,0.,-1.));
#2767 = DIRECTION('',(1.,0.,0.));
#2768 = ORIENTED_EDGE('',*,*,#2769,.F.);
#2769 = EDGE_CURVE('',#1859,#2761,#2770,.T.);
#2770 = LINE('',#2771,#2772);
#2771 = CARTESIAN_POINT('',(-7.9,-8.6,6.8));
#2772 = VECTOR('',#2773,1.);
#2773 = DIRECTION('',(1.,0.,0.));
#2774 = ORIENTED_EDGE('',*,*,#1866,.T.);
#2775 = ORIENTED_EDGE('',*,*,#2736,.T.);
#2776 = PLANE('',#2777);
#2777 = AXIS2_PLACEMENT_3D('',#2778,#2779,#2780);
#2778 = CARTESIAN_POINT('',(-3.640075490574E-18,-2.184045294345E-16,6.8)
  );
#2779 = DIRECTION('',(-0.,-0.,-1.));
#2780 = DIRECTION('',(-1.,0.,0.));
#2781 = ADVANCED_FACE('',(#2782),#2800,.F.);
#2782 = FACE_BOUND('',#2783,.F.);
#2783 = EDGE_LOOP('',(#2784,#2785,#2786,#2794));
#2784 = ORIENTED_EDGE('',*,*,#2769,.F.);
#2785 = ORIENTED_EDGE('',*,*,#1858,.T.);
#2786 = ORIENTED_EDGE('',*,*,#2787,.T.);
#2787 = EDGE_CURVE('',#1851,#2788,#2790,.T.);
#2788 = VERTEX_POINT('',#2789);
#2789 = CARTESIAN_POINT('',(-3.16040365499,-8.6,8.));
#2790 = LINE('',#2791,#2792);
#2791 = CARTESIAN_POINT('',(-7.9,-8.6,8.));
#2792 = VECTOR('',#2793,1.);
#2793 = DIRECTION('',(1.,0.,0.));
#2794 = ORIENTED_EDGE('',*,*,#2795,.T.);
#2795 = EDGE_CURVE('',#2788,#2761,#2796,.T.);
#2796 = LINE('',#2797,#2798);
#2797 = CARTESIAN_POINT('',(-3.16040365499,-8.6,0.3));
#2798 = VECTOR('',#2799,1.);
#2799 = DIRECTION('',(-0.,-0.,-1.));
#2800 = PLANE('',#2801);
#2801 = AXIS2_PLACEMENT_3D('',#2802,#2803,#2804);
#2802 = CARTESIAN_POINT('',(-7.9,-8.6,6.8));
#2803 = DIRECTION('',(0.,1.,0.));
#2804 = DIRECTION('',(0.,0.,1.));
#2805 = ADVANCED_FACE('',(#2806),#2833,.F.);
#2806 = FACE_BOUND('',#2807,.F.);
#2807 = EDGE_LOOP('',(#2808,#2809,#2815,#2816,#2817,#2825,#2832));
#2808 = ORIENTED_EDGE('',*,*,#1850,.F.);
#2809 = ORIENTED_EDGE('',*,*,#2810,.T.);
#2810 = EDGE_CURVE('',#1843,#2341,#2811,.T.);
#2811 = LINE('',#2812,#2813);
#2812 = CARTESIAN_POINT('',(-7.9,-15.4,8.));
#2813 = VECTOR('',#2814,1.);
#2814 = DIRECTION('',(1.,0.,0.));
#2815 = ORIENTED_EDGE('',*,*,#2340,.T.);
#2816 = ORIENTED_EDGE('',*,*,#2282,.T.);
#2817 = ORIENTED_EDGE('',*,*,#2818,.T.);
#2818 = EDGE_CURVE('',#2283,#2819,#2821,.T.);
#2819 = VERTEX_POINT('',#2820);
#2820 = CARTESIAN_POINT('',(-0.6,-11.16040365499,8.));
#2821 = LINE('',#2822,#2823);
#2822 = CARTESIAN_POINT('',(-0.6,-23.9,8.));
#2823 = VECTOR('',#2824,1.);
#2824 = DIRECTION('',(0.,1.,0.));
#2825 = ORIENTED_EDGE('',*,*,#2826,.F.);
#2826 = EDGE_CURVE('',#2788,#2819,#2827,.T.);
#2827 = CIRCLE('',#2828,3.216854249492);
#2828 = AXIS2_PLACEMENT_3D('',#2829,#2830,#2831);
#2829 = CARTESIAN_POINT('',(0.,-8.,8.));
#2830 = DIRECTION('',(0.,0.,1.));
#2831 = DIRECTION('',(1.,0.,0.));
#2832 = ORIENTED_EDGE('',*,*,#2787,.F.);
#2833 = PLANE('',#2834);
#2834 = AXIS2_PLACEMENT_3D('',#2835,#2836,#2837);
#2835 = CARTESIAN_POINT('',(-1.108033240997,-1.107147614585E-15,8.));
#2836 = DIRECTION('',(0.,0.,1.));
#2837 = DIRECTION('',(1.,0.,0.));
#2838 = ADVANCED_FACE('',(#2839),#2850,.T.);
#2839 = FACE_BOUND('',#2840,.T.);
#2840 = EDGE_LOOP('',(#2841,#2847,#2848,#2849));
#2841 = ORIENTED_EDGE('',*,*,#2842,.F.);
#2842 = EDGE_CURVE('',#1835,#2349,#2843,.T.);
#2843 = LINE('',#2844,#2845);
#2844 = CARTESIAN_POINT('',(-7.9,-15.4,6.8));
#2845 = VECTOR('',#2846,1.);
#2846 = DIRECTION('',(1.,0.,0.));
#2847 = ORIENTED_EDGE('',*,*,#1842,.T.);
#2848 = ORIENTED_EDGE('',*,*,#2810,.T.);
#2849 = ORIENTED_EDGE('',*,*,#2348,.T.);
#2850 = PLANE('',#2851);
#2851 = AXIS2_PLACEMENT_3D('',#2852,#2853,#2854);
#2852 = CARTESIAN_POINT('',(-7.9,-15.4,6.8));
#2853 = DIRECTION('',(0.,1.,0.));
#2854 = DIRECTION('',(0.,0.,1.));
#2855 = ADVANCED_FACE('',(#2856),#2867,.T.);
#2856 = FACE_BOUND('',#2857,.T.);
#2857 = EDGE_LOOP('',(#2858,#2859,#2865,#2866));
#2858 = ORIENTED_EDGE('',*,*,#2356,.T.);
#2859 = ORIENTED_EDGE('',*,*,#2860,.F.);
#2860 = EDGE_CURVE('',#1827,#2357,#2861,.T.);
#2861 = LINE('',#2862,#2863);
#2862 = CARTESIAN_POINT('',(-7.9,-16.6,6.8));
#2863 = VECTOR('',#2864,1.);
#2864 = DIRECTION('',(1.,0.,0.));
#2865 = ORIENTED_EDGE('',*,*,#1834,.T.);
#2866 = ORIENTED_EDGE('',*,*,#2842,.T.);
#2867 = PLANE('',#2868);
#2868 = AXIS2_PLACEMENT_3D('',#2869,#2870,#2871);
#2869 = CARTESIAN_POINT('',(-3.640075490574E-18,-2.184045294345E-16,6.8)
  );
#2870 = DIRECTION('',(-0.,-0.,-1.));
#2871 = DIRECTION('',(-1.,0.,0.));
#2872 = ADVANCED_FACE('',(#2873),#2884,.F.);
#2873 = FACE_BOUND('',#2874,.F.);
#2874 = EDGE_LOOP('',(#2875,#2876,#2877,#2883));
#2875 = ORIENTED_EDGE('',*,*,#2860,.F.);
#2876 = ORIENTED_EDGE('',*,*,#1826,.T.);
#2877 = ORIENTED_EDGE('',*,*,#2878,.T.);
#2878 = EDGE_CURVE('',#1819,#2365,#2879,.T.);
#2879 = LINE('',#2880,#2881);
#2880 = CARTESIAN_POINT('',(-7.9,-16.6,8.));
#2881 = VECTOR('',#2882,1.);
#2882 = DIRECTION('',(1.,0.,0.));
#2883 = ORIENTED_EDGE('',*,*,#2364,.T.);
#2884 = PLANE('',#2885);
#2885 = AXIS2_PLACEMENT_3D('',#2886,#2887,#2888);
#2886 = CARTESIAN_POINT('',(-7.9,-16.6,6.8));
#2887 = DIRECTION('',(0.,1.,0.));
#2888 = DIRECTION('',(0.,0.,1.));
#2889 = ADVANCED_FACE('',(#2890),#2896,.F.);
#2890 = FACE_BOUND('',#2891,.F.);
#2891 = EDGE_LOOP('',(#2892,#2893,#2894,#2895));
#2892 = ORIENTED_EDGE('',*,*,#1818,.F.);
#2893 = ORIENTED_EDGE('',*,*,#2388,.T.);
#2894 = ORIENTED_EDGE('',*,*,#2372,.T.);
#2895 = ORIENTED_EDGE('',*,*,#2878,.F.);
#2896 = PLANE('',#2897);
#2897 = AXIS2_PLACEMENT_3D('',#2898,#2899,#2900);
#2898 = CARTESIAN_POINT('',(-1.108033240997,-1.107147614585E-15,8.));
#2899 = DIRECTION('',(0.,0.,1.));
#2900 = DIRECTION('',(1.,0.,0.));
#2901 = ADVANCED_FACE('',(#2902),#2929,.F.);
#2902 = FACE_BOUND('',#2903,.F.);
#2903 = EDGE_LOOP('',(#2904,#2912,#2921,#2927,#2928));
#2904 = ORIENTED_EDGE('',*,*,#2905,.F.);
#2905 = EDGE_CURVE('',#2906,#2118,#2908,.T.);
#2906 = VERTEX_POINT('',#2907);
#2907 = CARTESIAN_POINT('',(0.6,11.16040365499,8.));
#2908 = LINE('',#2909,#2910);
#2909 = CARTESIAN_POINT('',(0.6,-23.9,8.));
#2910 = VECTOR('',#2911,1.);
#2911 = DIRECTION('',(0.,1.,0.));
#2912 = ORIENTED_EDGE('',*,*,#2913,.F.);
#2913 = EDGE_CURVE('',#2914,#2906,#2916,.T.);
#2914 = VERTEX_POINT('',#2915);
#2915 = CARTESIAN_POINT('',(3.16040365499,8.6,8.));
#2916 = CIRCLE('',#2917,3.216854249492);
#2917 = AXIS2_PLACEMENT_3D('',#2918,#2919,#2920);
#2918 = CARTESIAN_POINT('',(0.,8.,8.));
#2919 = DIRECTION('',(0.,0.,1.));
#2920 = DIRECTION('',(1.,0.,0.));
#2921 = ORIENTED_EDGE('',*,*,#2922,.T.);
#2922 = EDGE_CURVE('',#2914,#2164,#2923,.T.);
#2923 = LINE('',#2924,#2925);
#2924 = CARTESIAN_POINT('',(-7.9,8.6,8.));
#2925 = VECTOR('',#2926,1.);
#2926 = DIRECTION('',(1.,0.,0.));
#2927 = ORIENTED_EDGE('',*,*,#2163,.T.);
#2928 = ORIENTED_EDGE('',*,*,#2125,.F.);
#2929 = PLANE('',#2930);
#2930 = AXIS2_PLACEMENT_3D('',#2931,#2932,#2933);
#2931 = CARTESIAN_POINT('',(-1.108033240997,-1.107147614585E-15,8.));
#2932 = DIRECTION('',(0.,0.,1.));
#2933 = DIRECTION('',(1.,0.,0.));
#2934 = ADVANCED_FACE('',(#2935),#2953,.T.);
#2935 = FACE_BOUND('',#2936,.T.);
#2936 = EDGE_LOOP('',(#2937,#2938,#2946,#2952));
#2937 = ORIENTED_EDGE('',*,*,#2905,.F.);
#2938 = ORIENTED_EDGE('',*,*,#2939,.T.);
#2939 = EDGE_CURVE('',#2906,#2940,#2942,.T.);
#2940 = VERTEX_POINT('',#2941);
#2941 = CARTESIAN_POINT('',(0.6,11.16040365499,6.8));
#2942 = LINE('',#2943,#2944);
#2943 = CARTESIAN_POINT('',(0.6,11.16040365499,0.3));
#2944 = VECTOR('',#2945,1.);
#2945 = DIRECTION('',(-0.,-0.,-1.));
#2946 = ORIENTED_EDGE('',*,*,#2947,.T.);
#2947 = EDGE_CURVE('',#2940,#2110,#2948,.T.);
#2948 = LINE('',#2949,#2950);
#2949 = CARTESIAN_POINT('',(0.6,-23.9,6.8));
#2950 = VECTOR('',#2951,1.);
#2951 = DIRECTION('',(0.,1.,0.));
#2952 = ORIENTED_EDGE('',*,*,#2117,.T.);
#2953 = PLANE('',#2954);
#2954 = AXIS2_PLACEMENT_3D('',#2955,#2956,#2957);
#2955 = CARTESIAN_POINT('',(0.6,-23.9,6.8));
#2956 = DIRECTION('',(1.,0.,0.));
#2957 = DIRECTION('',(0.,0.,1.));
#2958 = ADVANCED_FACE('',(#2959),#2978,.T.);
#2959 = FACE_BOUND('',#2960,.T.);
#2960 = EDGE_LOOP('',(#2961,#2970,#2976,#2977));
#2961 = ORIENTED_EDGE('',*,*,#2962,.F.);
#2962 = EDGE_CURVE('',#2963,#2940,#2965,.T.);
#2963 = VERTEX_POINT('',#2964);
#2964 = CARTESIAN_POINT('',(-0.6,11.16040365499,6.8));
#2965 = CIRCLE('',#2966,3.216854249492);
#2966 = AXIS2_PLACEMENT_3D('',#2967,#2968,#2969);
#2967 = CARTESIAN_POINT('',(0.,8.,6.8));
#2968 = DIRECTION('',(0.,0.,-1.));
#2969 = DIRECTION('',(1.,0.,0.));
#2970 = ORIENTED_EDGE('',*,*,#2971,.T.);
#2971 = EDGE_CURVE('',#2963,#2102,#2972,.T.);
#2972 = LINE('',#2973,#2974);
#2973 = CARTESIAN_POINT('',(-0.6,-23.9,6.8));
#2974 = VECTOR('',#2975,1.);
#2975 = DIRECTION('',(0.,1.,0.));
#2976 = ORIENTED_EDGE('',*,*,#2109,.T.);
#2977 = ORIENTED_EDGE('',*,*,#2947,.F.);
#2978 = PLANE('',#2979);
#2979 = AXIS2_PLACEMENT_3D('',#2980,#2981,#2982);
#2980 = CARTESIAN_POINT('',(-3.640075490574E-18,-2.184045294345E-16,6.8)
  );
#2981 = DIRECTION('',(-0.,-0.,-1.));
#2982 = DIRECTION('',(-1.,0.,0.));
#2983 = ADVANCED_FACE('',(#2984),#2995,.F.);
#2984 = FACE_BOUND('',#2985,.F.);
#2985 = EDGE_LOOP('',(#2986,#2987,#2993,#2994));
#2986 = ORIENTED_EDGE('',*,*,#2489,.F.);
#2987 = ORIENTED_EDGE('',*,*,#2988,.T.);
#2988 = EDGE_CURVE('',#2481,#2963,#2989,.T.);
#2989 = LINE('',#2990,#2991);
#2990 = CARTESIAN_POINT('',(-0.6,11.16040365499,0.3));
#2991 = VECTOR('',#2992,1.);
#2992 = DIRECTION('',(-0.,-0.,-1.));
#2993 = ORIENTED_EDGE('',*,*,#2971,.T.);
#2994 = ORIENTED_EDGE('',*,*,#2101,.T.);
#2995 = PLANE('',#2996);
#2996 = AXIS2_PLACEMENT_3D('',#2997,#2998,#2999);
#2997 = CARTESIAN_POINT('',(-0.6,-23.9,6.8));
#2998 = DIRECTION('',(1.,0.,0.));
#2999 = DIRECTION('',(0.,0.,1.));
#3000 = ADVANCED_FACE('',(#3001),#3028,.F.);
#3001 = FACE_BOUND('',#3002,.F.);
#3002 = EDGE_LOOP('',(#3003,#3014,#3020,#3021,#3022));
#3003 = ORIENTED_EDGE('',*,*,#3004,.F.);
#3004 = EDGE_CURVE('',#3005,#3007,#3009,.T.);
#3005 = VERTEX_POINT('',#3006);
#3006 = CARTESIAN_POINT('',(0.6,-11.16040365499,8.));
#3007 = VERTEX_POINT('',#3008);
#3008 = CARTESIAN_POINT('',(3.16040365499,-8.6,8.));
#3009 = CIRCLE('',#3010,3.216854249492);
#3010 = AXIS2_PLACEMENT_3D('',#3011,#3012,#3013);
#3011 = CARTESIAN_POINT('',(0.,-8.,8.));
#3012 = DIRECTION('',(0.,0.,1.));
#3013 = DIRECTION('',(1.,0.,0.));
#3014 = ORIENTED_EDGE('',*,*,#3015,.F.);
#3015 = EDGE_CURVE('',#2307,#3005,#3016,.T.);
#3016 = LINE('',#3017,#3018);
#3017 = CARTESIAN_POINT('',(0.6,-23.9,8.));
#3018 = VECTOR('',#3019,1.);
#3019 = DIRECTION('',(0.,1.,0.));
#3020 = ORIENTED_EDGE('',*,*,#2314,.T.);
#3021 = ORIENTED_EDGE('',*,*,#2259,.T.);
#3022 = ORIENTED_EDGE('',*,*,#3023,.F.);
#3023 = EDGE_CURVE('',#3007,#2252,#3024,.T.);
#3024 = LINE('',#3025,#3026);
#3025 = CARTESIAN_POINT('',(-7.9,-8.6,8.));
#3026 = VECTOR('',#3027,1.);
#3027 = DIRECTION('',(1.,0.,0.));
#3028 = PLANE('',#3029);
#3029 = AXIS2_PLACEMENT_3D('',#3030,#3031,#3032);
#3030 = CARTESIAN_POINT('',(-1.108033240997,-1.107147614585E-15,8.));
#3031 = DIRECTION('',(0.,0.,1.));
#3032 = DIRECTION('',(1.,0.,0.));
#3033 = ADVANCED_FACE('',(#3034),#3052,.F.);
#3034 = FACE_BOUND('',#3035,.F.);
#3035 = EDGE_LOOP('',(#3036,#3044,#3050,#3051));
#3036 = ORIENTED_EDGE('',*,*,#3037,.F.);
#3037 = EDGE_CURVE('',#3038,#2244,#3040,.T.);
#3038 = VERTEX_POINT('',#3039);
#3039 = CARTESIAN_POINT('',(3.16040365499,-8.6,6.8));
#3040 = LINE('',#3041,#3042);
#3041 = CARTESIAN_POINT('',(-7.9,-8.6,6.8));
#3042 = VECTOR('',#3043,1.);
#3043 = DIRECTION('',(1.,0.,0.));
#3044 = ORIENTED_EDGE('',*,*,#3045,.F.);
#3045 = EDGE_CURVE('',#3007,#3038,#3046,.T.);
#3046 = LINE('',#3047,#3048);
#3047 = CARTESIAN_POINT('',(3.16040365499,-8.6,0.3));
#3048 = VECTOR('',#3049,1.);
#3049 = DIRECTION('',(-0.,-0.,-1.));
#3050 = ORIENTED_EDGE('',*,*,#3023,.T.);
#3051 = ORIENTED_EDGE('',*,*,#2251,.T.);
#3052 = PLANE('',#3053);
#3053 = AXIS2_PLACEMENT_3D('',#3054,#3055,#3056);
#3054 = CARTESIAN_POINT('',(-7.9,-8.6,6.8));
#3055 = DIRECTION('',(0.,1.,0.));
#3056 = DIRECTION('',(0.,0.,1.));
#3057 = ADVANCED_FACE('',(#3058),#3086,.T.);
#3058 = FACE_BOUND('',#3059,.T.);
#3059 = EDGE_LOOP('',(#3060,#3061,#3070,#3079,#3085));
#3060 = ORIENTED_EDGE('',*,*,#3037,.F.);
#3061 = ORIENTED_EDGE('',*,*,#3062,.F.);
#3062 = EDGE_CURVE('',#3063,#3038,#3065,.T.);
#3063 = VERTEX_POINT('',#3064);
#3064 = CARTESIAN_POINT('',(3.216854249492,-8.,6.8));
#3065 = CIRCLE('',#3066,3.216854249492);
#3066 = AXIS2_PLACEMENT_3D('',#3067,#3068,#3069);
#3067 = CARTESIAN_POINT('',(0.,-8.,6.8));
#3068 = DIRECTION('',(0.,0.,-1.));
#3069 = DIRECTION('',(1.,0.,0.));
#3070 = ORIENTED_EDGE('',*,*,#3071,.F.);
#3071 = EDGE_CURVE('',#3072,#3063,#3074,.T.);
#3072 = VERTEX_POINT('',#3073);
#3073 = CARTESIAN_POINT('',(3.16040365499,-7.4,6.8));
#3074 = CIRCLE('',#3075,3.216854249492);
#3075 = AXIS2_PLACEMENT_3D('',#3076,#3077,#3078);
#3076 = CARTESIAN_POINT('',(0.,-8.,6.8));
#3077 = DIRECTION('',(0.,0.,-1.));
#3078 = DIRECTION('',(1.,0.,0.));
#3079 = ORIENTED_EDGE('',*,*,#3080,.T.);
#3080 = EDGE_CURVE('',#3072,#2236,#3081,.T.);
#3081 = LINE('',#3082,#3083);
#3082 = CARTESIAN_POINT('',(-7.9,-7.4,6.8));
#3083 = VECTOR('',#3084,1.);
#3084 = DIRECTION('',(1.,0.,0.));
#3085 = ORIENTED_EDGE('',*,*,#2243,.T.);
#3086 = PLANE('',#3087);
#3087 = AXIS2_PLACEMENT_3D('',#3088,#3089,#3090);
#3088 = CARTESIAN_POINT('',(-3.640075490574E-18,-2.184045294345E-16,6.8)
  );
#3089 = DIRECTION('',(-0.,-0.,-1.));
#3090 = DIRECTION('',(-1.,0.,0.));
#3091 = ADVANCED_FACE('',(#3092),#3110,.T.);
#3092 = FACE_BOUND('',#3093,.T.);
#3093 = EDGE_LOOP('',(#3094,#3095,#3103,#3109));
#3094 = ORIENTED_EDGE('',*,*,#3080,.F.);
#3095 = ORIENTED_EDGE('',*,*,#3096,.F.);
#3096 = EDGE_CURVE('',#3097,#3072,#3099,.T.);
#3097 = VERTEX_POINT('',#3098);
#3098 = CARTESIAN_POINT('',(3.16040365499,-7.4,8.));
#3099 = LINE('',#3100,#3101);
#3100 = CARTESIAN_POINT('',(3.16040365499,-7.4,0.3));
#3101 = VECTOR('',#3102,1.);
#3102 = DIRECTION('',(-0.,-0.,-1.));
#3103 = ORIENTED_EDGE('',*,*,#3104,.T.);
#3104 = EDGE_CURVE('',#3097,#2228,#3105,.T.);
#3105 = LINE('',#3106,#3107);
#3106 = CARTESIAN_POINT('',(-7.9,-7.4,8.));
#3107 = VECTOR('',#3108,1.);
#3108 = DIRECTION('',(1.,0.,0.));
#3109 = ORIENTED_EDGE('',*,*,#2235,.T.);
#3110 = PLANE('',#3111);
#3111 = AXIS2_PLACEMENT_3D('',#3112,#3113,#3114);
#3112 = CARTESIAN_POINT('',(-7.9,-7.4,6.8));
#3113 = DIRECTION('',(0.,1.,0.));
#3114 = DIRECTION('',(0.,0.,1.));
#3115 = ADVANCED_FACE('',(#3116),#3152,.F.);
#3116 = FACE_BOUND('',#3117,.F.);
#3117 = EDGE_LOOP('',(#3118,#3128,#3135,#3136,#3137,#3145));
#3118 = ORIENTED_EDGE('',*,*,#3119,.F.);
#3119 = EDGE_CURVE('',#3120,#3122,#3124,.T.);
#3120 = VERTEX_POINT('',#3121);
#3121 = CARTESIAN_POINT('',(0.6,-4.83959634501,8.));
#3122 = VERTEX_POINT('',#3123);
#3123 = CARTESIAN_POINT('',(0.6,-3.16040365499,8.));
#3124 = LINE('',#3125,#3126);
#3125 = CARTESIAN_POINT('',(0.6,-23.9,8.));
#3126 = VECTOR('',#3127,1.);
#3127 = DIRECTION('',(0.,1.,0.));
#3128 = ORIENTED_EDGE('',*,*,#3129,.F.);
#3129 = EDGE_CURVE('',#3097,#3120,#3130,.T.);
#3130 = CIRCLE('',#3131,3.216854249492);
#3131 = AXIS2_PLACEMENT_3D('',#3132,#3133,#3134);
#3132 = CARTESIAN_POINT('',(0.,-8.,8.));
#3133 = DIRECTION('',(0.,0.,1.));
#3134 = DIRECTION('',(1.,0.,0.));
#3135 = ORIENTED_EDGE('',*,*,#3104,.T.);
#3136 = ORIENTED_EDGE('',*,*,#2227,.T.);
#3137 = ORIENTED_EDGE('',*,*,#3138,.F.);
#3138 = EDGE_CURVE('',#3139,#2220,#3141,.T.);
#3139 = VERTEX_POINT('',#3140);
#3140 = CARTESIAN_POINT('',(3.16040365499,-0.6,8.));
#3141 = LINE('',#3142,#3143);
#3142 = CARTESIAN_POINT('',(-7.9,-0.6,8.));
#3143 = VECTOR('',#3144,1.);
#3144 = DIRECTION('',(1.,0.,0.));
#3145 = ORIENTED_EDGE('',*,*,#3146,.F.);
#3146 = EDGE_CURVE('',#3122,#3139,#3147,.T.);
#3147 = CIRCLE('',#3148,3.216854249492);
#3148 = AXIS2_PLACEMENT_3D('',#3149,#3150,#3151);
#3149 = CARTESIAN_POINT('',(0.,0.,8.));
#3150 = DIRECTION('',(0.,0.,1.));
#3151 = DIRECTION('',(1.,0.,0.));
#3152 = PLANE('',#3153);
#3153 = AXIS2_PLACEMENT_3D('',#3154,#3155,#3156);
#3154 = CARTESIAN_POINT('',(-1.108033240997,-1.107147614585E-15,8.));
#3155 = DIRECTION('',(0.,0.,1.));
#3156 = DIRECTION('',(1.,0.,0.));
#3157 = ADVANCED_FACE('',(#3158),#3176,.F.);
#3158 = FACE_BOUND('',#3159,.F.);
#3159 = EDGE_LOOP('',(#3160,#3168,#3174,#3175));
#3160 = ORIENTED_EDGE('',*,*,#3161,.F.);
#3161 = EDGE_CURVE('',#3162,#2212,#3164,.T.);
#3162 = VERTEX_POINT('',#3163);
#3163 = CARTESIAN_POINT('',(3.16040365499,-0.6,6.8));
#3164 = LINE('',#3165,#3166);
#3165 = CARTESIAN_POINT('',(-7.9,-0.6,6.8));
#3166 = VECTOR('',#3167,1.);
#3167 = DIRECTION('',(1.,0.,0.));
#3168 = ORIENTED_EDGE('',*,*,#3169,.F.);
#3169 = EDGE_CURVE('',#3139,#3162,#3170,.T.);
#3170 = LINE('',#3171,#3172);
#3171 = CARTESIAN_POINT('',(3.16040365499,-0.6,0.3));
#3172 = VECTOR('',#3173,1.);
#3173 = DIRECTION('',(-0.,-0.,-1.));
#3174 = ORIENTED_EDGE('',*,*,#3138,.T.);
#3175 = ORIENTED_EDGE('',*,*,#2219,.T.);
#3176 = PLANE('',#3177);
#3177 = AXIS2_PLACEMENT_3D('',#3178,#3179,#3180);
#3178 = CARTESIAN_POINT('',(-7.9,-0.6,6.8));
#3179 = DIRECTION('',(0.,1.,0.));
#3180 = DIRECTION('',(0.,0.,1.));
#3181 = ADVANCED_FACE('',(#3182),#3210,.T.);
#3182 = FACE_BOUND('',#3183,.T.);
#3183 = EDGE_LOOP('',(#3184,#3185,#3194,#3203,#3209));
#3184 = ORIENTED_EDGE('',*,*,#3161,.F.);
#3185 = ORIENTED_EDGE('',*,*,#3186,.F.);
#3186 = EDGE_CURVE('',#3187,#3162,#3189,.T.);
#3187 = VERTEX_POINT('',#3188);
#3188 = CARTESIAN_POINT('',(3.216854249492,-7.879020519929E-16,6.8));
#3189 = CIRCLE('',#3190,3.216854249492);
#3190 = AXIS2_PLACEMENT_3D('',#3191,#3192,#3193);
#3191 = CARTESIAN_POINT('',(0.,0.,6.8));
#3192 = DIRECTION('',(0.,0.,-1.));
#3193 = DIRECTION('',(1.,0.,0.));
#3194 = ORIENTED_EDGE('',*,*,#3195,.F.);
#3195 = EDGE_CURVE('',#3196,#3187,#3198,.T.);
#3196 = VERTEX_POINT('',#3197);
#3197 = CARTESIAN_POINT('',(3.16040365499,0.6,6.8));
#3198 = CIRCLE('',#3199,3.216854249492);
#3199 = AXIS2_PLACEMENT_3D('',#3200,#3201,#3202);
#3200 = CARTESIAN_POINT('',(0.,0.,6.8));
#3201 = DIRECTION('',(0.,0.,-1.));
#3202 = DIRECTION('',(1.,0.,0.));
#3203 = ORIENTED_EDGE('',*,*,#3204,.T.);
#3204 = EDGE_CURVE('',#3196,#2204,#3205,.T.);
#3205 = LINE('',#3206,#3207);
#3206 = CARTESIAN_POINT('',(-7.9,0.6,6.8));
#3207 = VECTOR('',#3208,1.);
#3208 = DIRECTION('',(1.,0.,0.));
#3209 = ORIENTED_EDGE('',*,*,#2211,.T.);
#3210 = PLANE('',#3211);
#3211 = AXIS2_PLACEMENT_3D('',#3212,#3213,#3214);
#3212 = CARTESIAN_POINT('',(-3.640075490574E-18,-2.184045294345E-16,6.8)
  );
#3213 = DIRECTION('',(-0.,-0.,-1.));
#3214 = DIRECTION('',(-1.,0.,0.));
#3215 = ADVANCED_FACE('',(#3216),#3234,.T.);
#3216 = FACE_BOUND('',#3217,.T.);
#3217 = EDGE_LOOP('',(#3218,#3219,#3227,#3233));
#3218 = ORIENTED_EDGE('',*,*,#3204,.F.);
#3219 = ORIENTED_EDGE('',*,*,#3220,.F.);
#3220 = EDGE_CURVE('',#3221,#3196,#3223,.T.);
#3221 = VERTEX_POINT('',#3222);
#3222 = CARTESIAN_POINT('',(3.16040365499,0.6,8.));
#3223 = LINE('',#3224,#3225);
#3224 = CARTESIAN_POINT('',(3.16040365499,0.6,0.3));
#3225 = VECTOR('',#3226,1.);
#3226 = DIRECTION('',(-0.,-0.,-1.));
#3227 = ORIENTED_EDGE('',*,*,#3228,.T.);
#3228 = EDGE_CURVE('',#3221,#2196,#3229,.T.);
#3229 = LINE('',#3230,#3231);
#3230 = CARTESIAN_POINT('',(-7.9,0.6,8.));
#3231 = VECTOR('',#3232,1.);
#3232 = DIRECTION('',(1.,0.,0.));
#3233 = ORIENTED_EDGE('',*,*,#2203,.T.);
#3234 = PLANE('',#3235);
#3235 = AXIS2_PLACEMENT_3D('',#3236,#3237,#3238);
#3236 = CARTESIAN_POINT('',(-7.9,0.6,6.8));
#3237 = DIRECTION('',(0.,1.,0.));
#3238 = DIRECTION('',(0.,0.,1.));
#3239 = ADVANCED_FACE('',(#3240),#3276,.F.);
#3240 = FACE_BOUND('',#3241,.F.);
#3241 = EDGE_LOOP('',(#3242,#3252,#3259,#3260,#3261,#3269));
#3242 = ORIENTED_EDGE('',*,*,#3243,.F.);
#3243 = EDGE_CURVE('',#3244,#3246,#3248,.T.);
#3244 = VERTEX_POINT('',#3245);
#3245 = CARTESIAN_POINT('',(0.6,3.16040365499,8.));
#3246 = VERTEX_POINT('',#3247);
#3247 = CARTESIAN_POINT('',(0.6,4.83959634501,8.));
#3248 = LINE('',#3249,#3250);
#3249 = CARTESIAN_POINT('',(0.6,-23.9,8.));
#3250 = VECTOR('',#3251,1.);
#3251 = DIRECTION('',(0.,1.,0.));
#3252 = ORIENTED_EDGE('',*,*,#3253,.F.);
#3253 = EDGE_CURVE('',#3221,#3244,#3254,.T.);
#3254 = CIRCLE('',#3255,3.216854249492);
#3255 = AXIS2_PLACEMENT_3D('',#3256,#3257,#3258);
#3256 = CARTESIAN_POINT('',(0.,0.,8.));
#3257 = DIRECTION('',(0.,0.,1.));
#3258 = DIRECTION('',(1.,0.,0.));
#3259 = ORIENTED_EDGE('',*,*,#3228,.T.);
#3260 = ORIENTED_EDGE('',*,*,#2195,.T.);
#3261 = ORIENTED_EDGE('',*,*,#3262,.F.);
#3262 = EDGE_CURVE('',#3263,#2188,#3265,.T.);
#3263 = VERTEX_POINT('',#3264);
#3264 = CARTESIAN_POINT('',(3.16040365499,7.4,8.));
#3265 = LINE('',#3266,#3267);
#3266 = CARTESIAN_POINT('',(-7.9,7.4,8.));
#3267 = VECTOR('',#3268,1.);
#3268 = DIRECTION('',(1.,0.,0.));
#3269 = ORIENTED_EDGE('',*,*,#3270,.F.);
#3270 = EDGE_CURVE('',#3246,#3263,#3271,.T.);
#3271 = CIRCLE('',#3272,3.216854249492);
#3272 = AXIS2_PLACEMENT_3D('',#3273,#3274,#3275);
#3273 = CARTESIAN_POINT('',(0.,8.,8.));
#3274 = DIRECTION('',(0.,0.,1.));
#3275 = DIRECTION('',(1.,0.,0.));
#3276 = PLANE('',#3277);
#3277 = AXIS2_PLACEMENT_3D('',#3278,#3279,#3280);
#3278 = CARTESIAN_POINT('',(-1.108033240997,-1.107147614585E-15,8.));
#3279 = DIRECTION('',(0.,0.,1.));
#3280 = DIRECTION('',(1.,0.,0.));
#3281 = ADVANCED_FACE('',(#3282),#3300,.F.);
#3282 = FACE_BOUND('',#3283,.F.);
#3283 = EDGE_LOOP('',(#3284,#3292,#3298,#3299));
#3284 = ORIENTED_EDGE('',*,*,#3285,.F.);
#3285 = EDGE_CURVE('',#3286,#2180,#3288,.T.);
#3286 = VERTEX_POINT('',#3287);
#3287 = CARTESIAN_POINT('',(3.16040365499,7.4,6.8));
#3288 = LINE('',#3289,#3290);
#3289 = CARTESIAN_POINT('',(-7.9,7.4,6.8));
#3290 = VECTOR('',#3291,1.);
#3291 = DIRECTION('',(1.,0.,0.));
#3292 = ORIENTED_EDGE('',*,*,#3293,.F.);
#3293 = EDGE_CURVE('',#3263,#3286,#3294,.T.);
#3294 = LINE('',#3295,#3296);
#3295 = CARTESIAN_POINT('',(3.16040365499,7.4,0.3));
#3296 = VECTOR('',#3297,1.);
#3297 = DIRECTION('',(-0.,-0.,-1.));
#3298 = ORIENTED_EDGE('',*,*,#3262,.T.);
#3299 = ORIENTED_EDGE('',*,*,#2187,.T.);
#3300 = PLANE('',#3301);
#3301 = AXIS2_PLACEMENT_3D('',#3302,#3303,#3304);
#3302 = CARTESIAN_POINT('',(-7.9,7.4,6.8));
#3303 = DIRECTION('',(0.,1.,0.));
#3304 = DIRECTION('',(0.,0.,1.));
#3305 = ADVANCED_FACE('',(#3306),#3334,.T.);
#3306 = FACE_BOUND('',#3307,.T.);
#3307 = EDGE_LOOP('',(#3308,#3309,#3318,#3327,#3333));
#3308 = ORIENTED_EDGE('',*,*,#3285,.F.);
#3309 = ORIENTED_EDGE('',*,*,#3310,.F.);
#3310 = EDGE_CURVE('',#3311,#3286,#3313,.T.);
#3311 = VERTEX_POINT('',#3312);
#3312 = CARTESIAN_POINT('',(3.216854249492,8.,6.8));
#3313 = CIRCLE('',#3314,3.216854249492);
#3314 = AXIS2_PLACEMENT_3D('',#3315,#3316,#3317);
#3315 = CARTESIAN_POINT('',(0.,8.,6.8));
#3316 = DIRECTION('',(0.,0.,-1.));
#3317 = DIRECTION('',(1.,0.,0.));
#3318 = ORIENTED_EDGE('',*,*,#3319,.F.);
#3319 = EDGE_CURVE('',#3320,#3311,#3322,.T.);
#3320 = VERTEX_POINT('',#3321);
#3321 = CARTESIAN_POINT('',(3.16040365499,8.6,6.8));
#3322 = CIRCLE('',#3323,3.216854249492);
#3323 = AXIS2_PLACEMENT_3D('',#3324,#3325,#3326);
#3324 = CARTESIAN_POINT('',(0.,8.,6.8));
#3325 = DIRECTION('',(0.,0.,-1.));
#3326 = DIRECTION('',(1.,0.,0.));
#3327 = ORIENTED_EDGE('',*,*,#3328,.T.);
#3328 = EDGE_CURVE('',#3320,#2172,#3329,.T.);
#3329 = LINE('',#3330,#3331);
#3330 = CARTESIAN_POINT('',(-7.9,8.6,6.8));
#3331 = VECTOR('',#3332,1.);
#3332 = DIRECTION('',(1.,0.,0.));
#3333 = ORIENTED_EDGE('',*,*,#2179,.T.);
#3334 = PLANE('',#3335);
#3335 = AXIS2_PLACEMENT_3D('',#3336,#3337,#3338);
#3336 = CARTESIAN_POINT('',(-3.640075490574E-18,-2.184045294345E-16,6.8)
  );
#3337 = DIRECTION('',(-0.,-0.,-1.));
#3338 = DIRECTION('',(-1.,0.,0.));
#3339 = ADVANCED_FACE('',(#3340),#3351,.T.);
#3340 = FACE_BOUND('',#3341,.T.);
#3341 = EDGE_LOOP('',(#3342,#3343,#3349,#3350));
#3342 = ORIENTED_EDGE('',*,*,#3328,.F.);
#3343 = ORIENTED_EDGE('',*,*,#3344,.F.);
#3344 = EDGE_CURVE('',#2914,#3320,#3345,.T.);
#3345 = LINE('',#3346,#3347);
#3346 = CARTESIAN_POINT('',(3.16040365499,8.6,0.3));
#3347 = VECTOR('',#3348,1.);
#3348 = DIRECTION('',(-0.,-0.,-1.));
#3349 = ORIENTED_EDGE('',*,*,#2922,.T.);
#3350 = ORIENTED_EDGE('',*,*,#2171,.T.);
#3351 = PLANE('',#3352);
#3352 = AXIS2_PLACEMENT_3D('',#3353,#3354,#3355);
#3353 = CARTESIAN_POINT('',(-7.9,8.6,6.8));
#3354 = DIRECTION('',(0.,1.,0.));
#3355 = DIRECTION('',(0.,0.,1.));
#3356 = ADVANCED_FACE('',(#3357),#3375,.T.);
#3357 = FACE_BOUND('',#3358,.T.);
#3358 = EDGE_LOOP('',(#3359,#3360,#3361,#3369));
#3359 = ORIENTED_EDGE('',*,*,#3015,.F.);
#3360 = ORIENTED_EDGE('',*,*,#2306,.F.);
#3361 = ORIENTED_EDGE('',*,*,#3362,.T.);
#3362 = EDGE_CURVE('',#2299,#3363,#3365,.T.);
#3363 = VERTEX_POINT('',#3364);
#3364 = CARTESIAN_POINT('',(0.6,-11.16040365499,6.8));
#3365 = LINE('',#3366,#3367);
#3366 = CARTESIAN_POINT('',(0.6,-23.9,6.8));
#3367 = VECTOR('',#3368,1.);
#3368 = DIRECTION('',(0.,1.,0.));
#3369 = ORIENTED_EDGE('',*,*,#3370,.F.);
#3370 = EDGE_CURVE('',#3005,#3363,#3371,.T.);
#3371 = LINE('',#3372,#3373);
#3372 = CARTESIAN_POINT('',(0.6,-11.16040365499,0.3));
#3373 = VECTOR('',#3374,1.);
#3374 = DIRECTION('',(-0.,-0.,-1.));
#3375 = PLANE('',#3376);
#3376 = AXIS2_PLACEMENT_3D('',#3377,#3378,#3379);
#3377 = CARTESIAN_POINT('',(0.6,-23.9,6.8));
#3378 = DIRECTION('',(1.,0.,0.));
#3379 = DIRECTION('',(0.,0.,1.));
#3380 = ADVANCED_FACE('',(#3381),#3400,.T.);
#3381 = FACE_BOUND('',#3382,.T.);
#3382 = EDGE_LOOP('',(#3383,#3384,#3392,#3399));
#3383 = ORIENTED_EDGE('',*,*,#2298,.F.);
#3384 = ORIENTED_EDGE('',*,*,#3385,.T.);
#3385 = EDGE_CURVE('',#2291,#3386,#3388,.T.);
#3386 = VERTEX_POINT('',#3387);
#3387 = CARTESIAN_POINT('',(-0.6,-11.16040365499,6.8));
#3388 = LINE('',#3389,#3390);
#3389 = CARTESIAN_POINT('',(-0.6,-23.9,6.8));
#3390 = VECTOR('',#3391,1.);
#3391 = DIRECTION('',(0.,1.,0.));
#3392 = ORIENTED_EDGE('',*,*,#3393,.F.);
#3393 = EDGE_CURVE('',#3363,#3386,#3394,.T.);
#3394 = CIRCLE('',#3395,3.216854249492);
#3395 = AXIS2_PLACEMENT_3D('',#3396,#3397,#3398);
#3396 = CARTESIAN_POINT('',(0.,-8.,6.8));
#3397 = DIRECTION('',(0.,0.,-1.));
#3398 = DIRECTION('',(1.,0.,0.));
#3399 = ORIENTED_EDGE('',*,*,#3362,.F.);
#3400 = PLANE('',#3401);
#3401 = AXIS2_PLACEMENT_3D('',#3402,#3403,#3404);
#3402 = CARTESIAN_POINT('',(-3.640075490574E-18,-2.184045294345E-16,6.8)
  );
#3403 = DIRECTION('',(-0.,-0.,-1.));
#3404 = DIRECTION('',(-1.,0.,0.));
#3405 = ADVANCED_FACE('',(#3406),#3417,.F.);
#3406 = FACE_BOUND('',#3407,.F.);
#3407 = EDGE_LOOP('',(#3408,#3409,#3410,#3411));
#3408 = ORIENTED_EDGE('',*,*,#2818,.F.);
#3409 = ORIENTED_EDGE('',*,*,#2290,.F.);
#3410 = ORIENTED_EDGE('',*,*,#3385,.T.);
#3411 = ORIENTED_EDGE('',*,*,#3412,.F.);
#3412 = EDGE_CURVE('',#2819,#3386,#3413,.T.);
#3413 = LINE('',#3414,#3415);
#3414 = CARTESIAN_POINT('',(-0.6,-11.16040365499,0.3));
#3415 = VECTOR('',#3416,1.);
#3416 = DIRECTION('',(-0.,-0.,-1.));
#3417 = PLANE('',#3418);
#3418 = AXIS2_PLACEMENT_3D('',#3419,#3420,#3421);
#3419 = CARTESIAN_POINT('',(-0.6,-23.9,6.8));
#3420 = DIRECTION('',(1.,0.,0.));
#3421 = DIRECTION('',(0.,0.,1.));
#3422 = ADVANCED_FACE('',(#3423),#3478,.T.);
#3423 = FACE_BOUND('',#3424,.F.);
#3424 = EDGE_LOOP('',(#3425,#3434,#3440,#3441,#3442,#3443,#3444,#3445,
    #3446,#3447,#3448,#3449,#3450,#3451,#3459,#3468,#3474,#3475,#3476,
    #3477));
#3425 = ORIENTED_EDGE('',*,*,#3426,.F.);
#3426 = EDGE_CURVE('',#3427,#3427,#3429,.T.);
#3427 = VERTEX_POINT('',#3428);
#3428 = CARTESIAN_POINT('',(3.216854249492,8.,0.3));
#3429 = CIRCLE('',#3430,3.216854249492);
#3430 = AXIS2_PLACEMENT_3D('',#3431,#3432,#3433);
#3431 = CARTESIAN_POINT('',(0.,8.,0.3));
#3432 = DIRECTION('',(0.,0.,1.));
#3433 = DIRECTION('',(1.,0.,0.));
#3434 = ORIENTED_EDGE('',*,*,#3435,.T.);
#3435 = EDGE_CURVE('',#3427,#3311,#3436,.T.);
#3436 = LINE('',#3437,#3438);
#3437 = CARTESIAN_POINT('',(3.216854249492,8.,0.3));
#3438 = VECTOR('',#3439,1.);
#3439 = DIRECTION('',(0.,0.,1.));
#3440 = ORIENTED_EDGE('',*,*,#3319,.F.);
#3441 = ORIENTED_EDGE('',*,*,#3344,.F.);
#3442 = ORIENTED_EDGE('',*,*,#2913,.T.);
#3443 = ORIENTED_EDGE('',*,*,#2939,.T.);
#3444 = ORIENTED_EDGE('',*,*,#2962,.F.);
#3445 = ORIENTED_EDGE('',*,*,#2988,.F.);
#3446 = ORIENTED_EDGE('',*,*,#2480,.T.);
#3447 = ORIENTED_EDGE('',*,*,#2516,.T.);
#3448 = ORIENTED_EDGE('',*,*,#2530,.F.);
#3449 = ORIENTED_EDGE('',*,*,#2565,.F.);
#3450 = ORIENTED_EDGE('',*,*,#2605,.T.);
#3451 = ORIENTED_EDGE('',*,*,#3452,.T.);
#3452 = EDGE_CURVE('',#2598,#3453,#3455,.T.);
#3453 = VERTEX_POINT('',#3454);
#3454 = CARTESIAN_POINT('',(-0.6,4.83959634501,6.8));
#3455 = LINE('',#3456,#3457);
#3456 = CARTESIAN_POINT('',(-0.6,4.83959634501,0.3));
#3457 = VECTOR('',#3458,1.);
#3458 = DIRECTION('',(-0.,-0.,-1.));
#3459 = ORIENTED_EDGE('',*,*,#3460,.F.);
#3460 = EDGE_CURVE('',#3461,#3453,#3463,.T.);
#3461 = VERTEX_POINT('',#3462);
#3462 = CARTESIAN_POINT('',(0.6,4.83959634501,6.8));
#3463 = CIRCLE('',#3464,3.216854249492);
#3464 = AXIS2_PLACEMENT_3D('',#3465,#3466,#3467);
#3465 = CARTESIAN_POINT('',(0.,8.,6.8));
#3466 = DIRECTION('',(0.,0.,-1.));
#3467 = DIRECTION('',(1.,0.,0.));
#3468 = ORIENTED_EDGE('',*,*,#3469,.F.);
#3469 = EDGE_CURVE('',#3246,#3461,#3470,.T.);
#3470 = LINE('',#3471,#3472);
#3471 = CARTESIAN_POINT('',(0.6,4.83959634501,0.3));
#3472 = VECTOR('',#3473,1.);
#3473 = DIRECTION('',(-0.,-0.,-1.));
#3474 = ORIENTED_EDGE('',*,*,#3270,.T.);
#3475 = ORIENTED_EDGE('',*,*,#3293,.T.);
#3476 = ORIENTED_EDGE('',*,*,#3310,.F.);
#3477 = ORIENTED_EDGE('',*,*,#3435,.F.);
#3478 = CYLINDRICAL_SURFACE('',#3479,3.216854249492);
#3479 = AXIS2_PLACEMENT_3D('',#3480,#3481,#3482);
#3480 = CARTESIAN_POINT('',(0.,8.,0.3));
#3481 = DIRECTION('',(-0.,-0.,-1.));
#3482 = DIRECTION('',(1.,0.,0.));
#3483 = ADVANCED_FACE('',(#3484),#3502,.F.);
#3484 = FACE_BOUND('',#3485,.F.);
#3485 = EDGE_LOOP('',(#3486,#3487,#3495,#3501));
#3486 = ORIENTED_EDGE('',*,*,#2597,.F.);
#3487 = ORIENTED_EDGE('',*,*,#3488,.T.);
#3488 = EDGE_CURVE('',#2589,#3489,#3491,.T.);
#3489 = VERTEX_POINT('',#3490);
#3490 = CARTESIAN_POINT('',(-0.6,3.16040365499,6.8));
#3491 = LINE('',#3492,#3493);
#3492 = CARTESIAN_POINT('',(-0.6,3.16040365499,0.3));
#3493 = VECTOR('',#3494,1.);
#3494 = DIRECTION('',(-0.,-0.,-1.));
#3495 = ORIENTED_EDGE('',*,*,#3496,.T.);
#3496 = EDGE_CURVE('',#3489,#3453,#3497,.T.);
#3497 = LINE('',#3498,#3499);
#3498 = CARTESIAN_POINT('',(-0.6,-23.9,6.8));
#3499 = VECTOR('',#3500,1.);
#3500 = DIRECTION('',(0.,1.,0.));
#3501 = ORIENTED_EDGE('',*,*,#3452,.F.);
#3502 = PLANE('',#3503);
#3503 = AXIS2_PLACEMENT_3D('',#3504,#3505,#3506);
#3504 = CARTESIAN_POINT('',(-0.6,-23.9,6.8));
#3505 = DIRECTION('',(1.,0.,0.));
#3506 = DIRECTION('',(0.,0.,1.));
#3507 = ADVANCED_FACE('',(#3508),#3576,.T.);
#3508 = FACE_BOUND('',#3509,.F.);
#3509 = EDGE_LOOP('',(#3510,#3519,#3525,#3526,#3527,#3528,#3536,#3543,
    #3544,#3545,#3546,#3547,#3548,#3549,#3557,#3566,#3572,#3573,#3574,
    #3575));
#3510 = ORIENTED_EDGE('',*,*,#3511,.F.);
#3511 = EDGE_CURVE('',#3512,#3512,#3514,.T.);
#3512 = VERTEX_POINT('',#3513);
#3513 = CARTESIAN_POINT('',(3.216854249492,-7.879020519929E-16,0.3));
#3514 = CIRCLE('',#3515,3.216854249492);
#3515 = AXIS2_PLACEMENT_3D('',#3516,#3517,#3518);
#3516 = CARTESIAN_POINT('',(0.,0.,0.3));
#3517 = DIRECTION('',(0.,0.,1.));
#3518 = DIRECTION('',(1.,0.,0.));
#3519 = ORIENTED_EDGE('',*,*,#3520,.T.);
#3520 = EDGE_CURVE('',#3512,#3187,#3521,.T.);
#3521 = LINE('',#3522,#3523);
#3522 = CARTESIAN_POINT('',(3.216854249492,-7.879020519929E-16,0.3));
#3523 = VECTOR('',#3524,1.);
#3524 = DIRECTION('',(0.,0.,1.));
#3525 = ORIENTED_EDGE('',*,*,#3195,.F.);
#3526 = ORIENTED_EDGE('',*,*,#3220,.F.);
#3527 = ORIENTED_EDGE('',*,*,#3253,.T.);
#3528 = ORIENTED_EDGE('',*,*,#3529,.T.);
#3529 = EDGE_CURVE('',#3244,#3530,#3532,.T.);
#3530 = VERTEX_POINT('',#3531);
#3531 = CARTESIAN_POINT('',(0.6,3.16040365499,6.8));
#3532 = LINE('',#3533,#3534);
#3533 = CARTESIAN_POINT('',(0.6,3.16040365499,0.3));
#3534 = VECTOR('',#3535,1.);
#3535 = DIRECTION('',(-0.,-0.,-1.));
#3536 = ORIENTED_EDGE('',*,*,#3537,.F.);
#3537 = EDGE_CURVE('',#3489,#3530,#3538,.T.);
#3538 = CIRCLE('',#3539,3.216854249492);
#3539 = AXIS2_PLACEMENT_3D('',#3540,#3541,#3542);
#3540 = CARTESIAN_POINT('',(0.,0.,6.8));
#3541 = DIRECTION('',(0.,0.,-1.));
#3542 = DIRECTION('',(1.,0.,0.));
#3543 = ORIENTED_EDGE('',*,*,#3488,.F.);
#3544 = ORIENTED_EDGE('',*,*,#2588,.T.);
#3545 = ORIENTED_EDGE('',*,*,#2631,.T.);
#3546 = ORIENTED_EDGE('',*,*,#2645,.F.);
#3547 = ORIENTED_EDGE('',*,*,#2680,.F.);
#3548 = ORIENTED_EDGE('',*,*,#2720,.T.);
#3549 = ORIENTED_EDGE('',*,*,#3550,.T.);
#3550 = EDGE_CURVE('',#2713,#3551,#3553,.T.);
#3551 = VERTEX_POINT('',#3552);
#3552 = CARTESIAN_POINT('',(-0.6,-3.16040365499,6.8));
#3553 = LINE('',#3554,#3555);
#3554 = CARTESIAN_POINT('',(-0.6,-3.16040365499,0.3));
#3555 = VECTOR('',#3556,1.);
#3556 = DIRECTION('',(-0.,-0.,-1.));
#3557 = ORIENTED_EDGE('',*,*,#3558,.F.);
#3558 = EDGE_CURVE('',#3559,#3551,#3561,.T.);
#3559 = VERTEX_POINT('',#3560);
#3560 = CARTESIAN_POINT('',(0.6,-3.16040365499,6.8));
#3561 = CIRCLE('',#3562,3.216854249492);
#3562 = AXIS2_PLACEMENT_3D('',#3563,#3564,#3565);
#3563 = CARTESIAN_POINT('',(0.,0.,6.8));
#3564 = DIRECTION('',(0.,0.,-1.));
#3565 = DIRECTION('',(1.,0.,0.));
#3566 = ORIENTED_EDGE('',*,*,#3567,.F.);
#3567 = EDGE_CURVE('',#3122,#3559,#3568,.T.);
#3568 = LINE('',#3569,#3570);
#3569 = CARTESIAN_POINT('',(0.6,-3.16040365499,0.3));
#3570 = VECTOR('',#3571,1.);
#3571 = DIRECTION('',(-0.,-0.,-1.));
#3572 = ORIENTED_EDGE('',*,*,#3146,.T.);
#3573 = ORIENTED_EDGE('',*,*,#3169,.T.);
#3574 = ORIENTED_EDGE('',*,*,#3186,.F.);
#3575 = ORIENTED_EDGE('',*,*,#3520,.F.);
#3576 = CYLINDRICAL_SURFACE('',#3577,3.216854249492);
#3577 = AXIS2_PLACEMENT_3D('',#3578,#3579,#3580);
#3578 = CARTESIAN_POINT('',(0.,0.,0.3));
#3579 = DIRECTION('',(-0.,-0.,-1.));
#3580 = DIRECTION('',(1.,0.,0.));
#3581 = ADVANCED_FACE('',(#3582),#3600,.F.);
#3582 = FACE_BOUND('',#3583,.F.);
#3583 = EDGE_LOOP('',(#3584,#3585,#3593,#3599));
#3584 = ORIENTED_EDGE('',*,*,#2712,.F.);
#3585 = ORIENTED_EDGE('',*,*,#3586,.T.);
#3586 = EDGE_CURVE('',#2704,#3587,#3589,.T.);
#3587 = VERTEX_POINT('',#3588);
#3588 = CARTESIAN_POINT('',(-0.6,-4.83959634501,6.8));
#3589 = LINE('',#3590,#3591);
#3590 = CARTESIAN_POINT('',(-0.6,-4.83959634501,0.3));
#3591 = VECTOR('',#3592,1.);
#3592 = DIRECTION('',(-0.,-0.,-1.));
#3593 = ORIENTED_EDGE('',*,*,#3594,.T.);
#3594 = EDGE_CURVE('',#3587,#3551,#3595,.T.);
#3595 = LINE('',#3596,#3597);
#3596 = CARTESIAN_POINT('',(-0.6,-23.9,6.8));
#3597 = VECTOR('',#3598,1.);
#3598 = DIRECTION('',(0.,1.,0.));
#3599 = ORIENTED_EDGE('',*,*,#3550,.F.);
#3600 = PLANE('',#3601);
#3601 = AXIS2_PLACEMENT_3D('',#3602,#3603,#3604);
#3602 = CARTESIAN_POINT('',(-0.6,-23.9,6.8));
#3603 = DIRECTION('',(1.,0.,0.));
#3604 = DIRECTION('',(0.,0.,1.));
#3605 = ADVANCED_FACE('',(#3606),#3654,.T.);
#3606 = FACE_BOUND('',#3607,.F.);
#3607 = EDGE_LOOP('',(#3608,#3617,#3623,#3624,#3625,#3626,#3634,#3641,
    #3642,#3643,#3644,#3645,#3646,#3647,#3648,#3649,#3650,#3651,#3652,
    #3653));
#3608 = ORIENTED_EDGE('',*,*,#3609,.F.);
#3609 = EDGE_CURVE('',#3610,#3610,#3612,.T.);
#3610 = VERTEX_POINT('',#3611);
#3611 = CARTESIAN_POINT('',(3.216854249492,-8.,0.3));
#3612 = CIRCLE('',#3613,3.216854249492);
#3613 = AXIS2_PLACEMENT_3D('',#3614,#3615,#3616);
#3614 = CARTESIAN_POINT('',(0.,-8.,0.3));
#3615 = DIRECTION('',(0.,0.,1.));
#3616 = DIRECTION('',(1.,0.,0.));
#3617 = ORIENTED_EDGE('',*,*,#3618,.T.);
#3618 = EDGE_CURVE('',#3610,#3063,#3619,.T.);
#3619 = LINE('',#3620,#3621);
#3620 = CARTESIAN_POINT('',(3.216854249492,-8.,0.3));
#3621 = VECTOR('',#3622,1.);
#3622 = DIRECTION('',(0.,0.,1.));
#3623 = ORIENTED_EDGE('',*,*,#3071,.F.);
#3624 = ORIENTED_EDGE('',*,*,#3096,.F.);
#3625 = ORIENTED_EDGE('',*,*,#3129,.T.);
#3626 = ORIENTED_EDGE('',*,*,#3627,.T.);
#3627 = EDGE_CURVE('',#3120,#3628,#3630,.T.);
#3628 = VERTEX_POINT('',#3629);
#3629 = CARTESIAN_POINT('',(0.6,-4.83959634501,6.8));
#3630 = LINE('',#3631,#3632);
#3631 = CARTESIAN_POINT('',(0.6,-4.83959634501,0.3));
#3632 = VECTOR('',#3633,1.);
#3633 = DIRECTION('',(-0.,-0.,-1.));
#3634 = ORIENTED_EDGE('',*,*,#3635,.F.);
#3635 = EDGE_CURVE('',#3587,#3628,#3636,.T.);
#3636 = CIRCLE('',#3637,3.216854249492);
#3637 = AXIS2_PLACEMENT_3D('',#3638,#3639,#3640);
#3638 = CARTESIAN_POINT('',(0.,-8.,6.8));
#3639 = DIRECTION('',(0.,0.,-1.));
#3640 = DIRECTION('',(1.,0.,0.));
#3641 = ORIENTED_EDGE('',*,*,#3586,.F.);
#3642 = ORIENTED_EDGE('',*,*,#2703,.T.);
#3643 = ORIENTED_EDGE('',*,*,#2746,.T.);
#3644 = ORIENTED_EDGE('',*,*,#2760,.F.);
#3645 = ORIENTED_EDGE('',*,*,#2795,.F.);
#3646 = ORIENTED_EDGE('',*,*,#2826,.T.);
#3647 = ORIENTED_EDGE('',*,*,#3412,.T.);
#3648 = ORIENTED_EDGE('',*,*,#3393,.F.);
#3649 = ORIENTED_EDGE('',*,*,#3370,.F.);
#3650 = ORIENTED_EDGE('',*,*,#3004,.T.);
#3651 = ORIENTED_EDGE('',*,*,#3045,.T.);
#3652 = ORIENTED_EDGE('',*,*,#3062,.F.);
#3653 = ORIENTED_EDGE('',*,*,#3618,.F.);
#3654 = CYLINDRICAL_SURFACE('',#3655,3.216854249492);
#3655 = AXIS2_PLACEMENT_3D('',#3656,#3657,#3658);
#3656 = CARTESIAN_POINT('',(0.,-8.,0.3));
#3657 = DIRECTION('',(-0.,-0.,-1.));
#3658 = DIRECTION('',(1.,0.,0.));
#3659 = ADVANCED_FACE('',(#3660),#3671,.T.);
#3660 = FACE_BOUND('',#3661,.T.);
#3661 = EDGE_LOOP('',(#3662,#3663,#3664,#3670));
#3662 = ORIENTED_EDGE('',*,*,#3119,.F.);
#3663 = ORIENTED_EDGE('',*,*,#3627,.T.);
#3664 = ORIENTED_EDGE('',*,*,#3665,.T.);
#3665 = EDGE_CURVE('',#3628,#3559,#3666,.T.);
#3666 = LINE('',#3667,#3668);
#3667 = CARTESIAN_POINT('',(0.6,-23.9,6.8));
#3668 = VECTOR('',#3669,1.);
#3669 = DIRECTION('',(0.,1.,0.));
#3670 = ORIENTED_EDGE('',*,*,#3567,.F.);
#3671 = PLANE('',#3672);
#3672 = AXIS2_PLACEMENT_3D('',#3673,#3674,#3675);
#3673 = CARTESIAN_POINT('',(0.6,-23.9,6.8));
#3674 = DIRECTION('',(1.,0.,0.));
#3675 = DIRECTION('',(0.,0.,1.));
#3676 = ADVANCED_FACE('',(#3677),#3688,.T.);
#3677 = FACE_BOUND('',#3678,.T.);
#3678 = EDGE_LOOP('',(#3679,#3680,#3681,#3687));
#3679 = ORIENTED_EDGE('',*,*,#3243,.F.);
#3680 = ORIENTED_EDGE('',*,*,#3529,.T.);
#3681 = ORIENTED_EDGE('',*,*,#3682,.T.);
#3682 = EDGE_CURVE('',#3530,#3461,#3683,.T.);
#3683 = LINE('',#3684,#3685);
#3684 = CARTESIAN_POINT('',(0.6,-23.9,6.8));
#3685 = VECTOR('',#3686,1.);
#3686 = DIRECTION('',(0.,1.,0.));
#3687 = ORIENTED_EDGE('',*,*,#3469,.F.);
#3688 = PLANE('',#3689);
#3689 = AXIS2_PLACEMENT_3D('',#3690,#3691,#3692);
#3690 = CARTESIAN_POINT('',(0.6,-23.9,6.8));
#3691 = DIRECTION('',(1.,0.,0.));
#3692 = DIRECTION('',(0.,0.,1.));
#3693 = ADVANCED_FACE('',(#3694),#3713,.T.);
#3694 = FACE_BOUND('',#3695,.T.);
#3695 = EDGE_LOOP('',(#3696,#3697,#3705,#3712));
#3696 = ORIENTED_EDGE('',*,*,#3426,.F.);
#3697 = ORIENTED_EDGE('',*,*,#3698,.F.);
#3698 = EDGE_CURVE('',#3699,#3427,#3701,.T.);
#3699 = VERTEX_POINT('',#3700);
#3700 = CARTESIAN_POINT('',(3.016854249492,8.,0.));
#3701 = LINE('',#3702,#3703);
#3702 = CARTESIAN_POINT('',(3.016854249492,8.,0.));
#3703 = VECTOR('',#3704,1.);
#3704 = DIRECTION('',(0.554700196225,-1.358623639587E-16,0.832050294338)
  );
#3705 = ORIENTED_EDGE('',*,*,#3706,.T.);
#3706 = EDGE_CURVE('',#3699,#3699,#3707,.T.);
#3707 = CIRCLE('',#3708,3.016854249492);
#3708 = AXIS2_PLACEMENT_3D('',#3709,#3710,#3711);
#3709 = CARTESIAN_POINT('',(0.,8.,0.));
#3710 = DIRECTION('',(0.,0.,1.));
#3711 = DIRECTION('',(1.,0.,0.));
#3712 = ORIENTED_EDGE('',*,*,#3698,.T.);
#3713 = CONICAL_SURFACE('',#3714,3.016854249492,0.588002603548);
#3714 = AXIS2_PLACEMENT_3D('',#3715,#3716,#3717);
#3715 = CARTESIAN_POINT('',(0.,8.,0.));
#3716 = DIRECTION('',(0.,0.,1.));
#3717 = DIRECTION('',(1.,0.,0.));
#3718 = ADVANCED_FACE('',(#3719),#3725,.T.);
#3719 = FACE_BOUND('',#3720,.T.);
#3720 = EDGE_LOOP('',(#3721,#3722,#3723,#3724));
#3721 = ORIENTED_EDGE('',*,*,#3537,.F.);
#3722 = ORIENTED_EDGE('',*,*,#3496,.T.);
#3723 = ORIENTED_EDGE('',*,*,#3460,.F.);
#3724 = ORIENTED_EDGE('',*,*,#3682,.F.);
#3725 = PLANE('',#3726);
#3726 = AXIS2_PLACEMENT_3D('',#3727,#3728,#3729);
#3727 = CARTESIAN_POINT('',(-3.640075490574E-18,-2.184045294345E-16,6.8)
  );
#3728 = DIRECTION('',(-0.,-0.,-1.));
#3729 = DIRECTION('',(-1.,0.,0.));
#3730 = ADVANCED_FACE('',(#3731),#3750,.T.);
#3731 = FACE_BOUND('',#3732,.T.);
#3732 = EDGE_LOOP('',(#3733,#3734,#3742,#3749));
#3733 = ORIENTED_EDGE('',*,*,#3511,.F.);
#3734 = ORIENTED_EDGE('',*,*,#3735,.F.);
#3735 = EDGE_CURVE('',#3736,#3512,#3738,.T.);
#3736 = VERTEX_POINT('',#3737);
#3737 = CARTESIAN_POINT('',(3.016854249492,-7.38916180027E-16,0.));
#3738 = LINE('',#3739,#3740);
#3739 = CARTESIAN_POINT('',(3.016854249492,-7.38916180027E-16,0.));
#3740 = VECTOR('',#3741,1.);
#3741 = DIRECTION('',(0.554700196225,-1.358623639587E-16,0.832050294338)
  );
#3742 = ORIENTED_EDGE('',*,*,#3743,.T.);
#3743 = EDGE_CURVE('',#3736,#3736,#3744,.T.);
#3744 = CIRCLE('',#3745,3.016854249492);
#3745 = AXIS2_PLACEMENT_3D('',#3746,#3747,#3748);
#3746 = CARTESIAN_POINT('',(0.,0.,0.));
#3747 = DIRECTION('',(0.,0.,1.));
#3748 = DIRECTION('',(1.,0.,0.));
#3749 = ORIENTED_EDGE('',*,*,#3735,.T.);
#3750 = CONICAL_SURFACE('',#3751,3.016854249492,0.588002603548);
#3751 = AXIS2_PLACEMENT_3D('',#3752,#3753,#3754);
#3752 = CARTESIAN_POINT('',(0.,0.,0.));
#3753 = DIRECTION('',(0.,0.,1.));
#3754 = DIRECTION('',(1.,0.,0.));
#3755 = ADVANCED_FACE('',(#3756),#3762,.T.);
#3756 = FACE_BOUND('',#3757,.T.);
#3757 = EDGE_LOOP('',(#3758,#3759,#3760,#3761));
#3758 = ORIENTED_EDGE('',*,*,#3635,.F.);
#3759 = ORIENTED_EDGE('',*,*,#3594,.T.);
#3760 = ORIENTED_EDGE('',*,*,#3558,.F.);
#3761 = ORIENTED_EDGE('',*,*,#3665,.F.);
#3762 = PLANE('',#3763);
#3763 = AXIS2_PLACEMENT_3D('',#3764,#3765,#3766);
#3764 = CARTESIAN_POINT('',(-3.640075490574E-18,-2.184045294345E-16,6.8)
  );
#3765 = DIRECTION('',(-0.,-0.,-1.));
#3766 = DIRECTION('',(-1.,0.,0.));
#3767 = ADVANCED_FACE('',(#3768),#3787,.T.);
#3768 = FACE_BOUND('',#3769,.T.);
#3769 = EDGE_LOOP('',(#3770,#3771,#3779,#3786));
#3770 = ORIENTED_EDGE('',*,*,#3609,.F.);
#3771 = ORIENTED_EDGE('',*,*,#3772,.F.);
#3772 = EDGE_CURVE('',#3773,#3610,#3775,.T.);
#3773 = VERTEX_POINT('',#3774);
#3774 = CARTESIAN_POINT('',(3.016854249492,-8.,0.));
#3775 = LINE('',#3776,#3777);
#3776 = CARTESIAN_POINT('',(3.016854249492,-8.,0.));
#3777 = VECTOR('',#3778,1.);
#3778 = DIRECTION('',(0.554700196225,-1.358623639587E-16,0.832050294338)
  );
#3779 = ORIENTED_EDGE('',*,*,#3780,.T.);
#3780 = EDGE_CURVE('',#3773,#3773,#3781,.T.);
#3781 = CIRCLE('',#3782,3.016854249492);
#3782 = AXIS2_PLACEMENT_3D('',#3783,#3784,#3785);
#3783 = CARTESIAN_POINT('',(0.,-8.,0.));
#3784 = DIRECTION('',(0.,0.,1.));
#3785 = DIRECTION('',(1.,0.,0.));
#3786 = ORIENTED_EDGE('',*,*,#3772,.T.);
#3787 = CONICAL_SURFACE('',#3788,3.016854249492,0.588002603548);
#3788 = AXIS2_PLACEMENT_3D('',#3789,#3790,#3791);
#3789 = CARTESIAN_POINT('',(0.,-8.,0.));
#3790 = DIRECTION('',(0.,0.,1.));
#3791 = DIRECTION('',(1.,0.,0.));
#3792 = ADVANCED_FACE('',(#3793,#3796),#3807,.F.);
#3793 = FACE_BOUND('',#3794,.F.);
#3794 = EDGE_LOOP('',(#3795));
#3795 = ORIENTED_EDGE('',*,*,#3706,.T.);
#3796 = FACE_BOUND('',#3797,.F.);
#3797 = EDGE_LOOP('',(#3798));
#3798 = ORIENTED_EDGE('',*,*,#3799,.F.);
#3799 = EDGE_CURVE('',#3800,#3800,#3802,.T.);
#3800 = VERTEX_POINT('',#3801);
#3801 = CARTESIAN_POINT('',(1.6,8.,0.));
#3802 = CIRCLE('',#3803,1.6);
#3803 = AXIS2_PLACEMENT_3D('',#3804,#3805,#3806);
#3804 = CARTESIAN_POINT('',(0.,8.,0.));
#3805 = DIRECTION('',(0.,0.,1.));
#3806 = DIRECTION('',(1.,0.,0.));
#3807 = PLANE('',#3808);
#3808 = AXIS2_PLACEMENT_3D('',#3809,#3810,#3811);
#3809 = CARTESIAN_POINT('',(0.,8.,0.));
#3810 = DIRECTION('',(0.,0.,1.));
#3811 = DIRECTION('',(1.,0.,0.));
#3812 = ADVANCED_FACE('',(#3813,#3816),#3827,.F.);
#3813 = FACE_BOUND('',#3814,.F.);
#3814 = EDGE_LOOP('',(#3815));
#3815 = ORIENTED_EDGE('',*,*,#3743,.T.);
#3816 = FACE_BOUND('',#3817,.F.);
#3817 = EDGE_LOOP('',(#3818));
#3818 = ORIENTED_EDGE('',*,*,#3819,.F.);
#3819 = EDGE_CURVE('',#3820,#3820,#3822,.T.);
#3820 = VERTEX_POINT('',#3821);
#3821 = CARTESIAN_POINT('',(1.6,-3.918869757272E-16,0.));
#3822 = CIRCLE('',#3823,1.6);
#3823 = AXIS2_PLACEMENT_3D('',#3824,#3825,#3826);
#3824 = CARTESIAN_POINT('',(0.,0.,0.));
#3825 = DIRECTION('',(0.,0.,1.));
#3826 = DIRECTION('',(1.,0.,0.));
#3827 = PLANE('',#3828);
#3828 = AXIS2_PLACEMENT_3D('',#3829,#3830,#3831);
#3829 = CARTESIAN_POINT('',(0.,0.,0.));
#3830 = DIRECTION('',(0.,0.,1.));
#3831 = DIRECTION('',(1.,0.,0.));
#3832 = ADVANCED_FACE('',(#3833,#3836),#3847,.F.);
#3833 = FACE_BOUND('',#3834,.F.);
#3834 = EDGE_LOOP('',(#3835));
#3835 = ORIENTED_EDGE('',*,*,#3780,.T.);
#3836 = FACE_BOUND('',#3837,.F.);
#3837 = EDGE_LOOP('',(#3838));
#3838 = ORIENTED_EDGE('',*,*,#3839,.F.);
#3839 = EDGE_CURVE('',#3840,#3840,#3842,.T.);
#3840 = VERTEX_POINT('',#3841);
#3841 = CARTESIAN_POINT('',(1.6,-8.,0.));
#3842 = CIRCLE('',#3843,1.6);
#3843 = AXIS2_PLACEMENT_3D('',#3844,#3845,#3846);
#3844 = CARTESIAN_POINT('',(0.,-8.,0.));
#3845 = DIRECTION('',(0.,0.,1.));
#3846 = DIRECTION('',(1.,0.,0.));
#3847 = PLANE('',#3848);
#3848 = AXIS2_PLACEMENT_3D('',#3849,#3850,#3851);
#3849 = CARTESIAN_POINT('',(0.,-8.,0.));
#3850 = DIRECTION('',(0.,0.,1.));
#3851 = DIRECTION('',(1.,0.,0.));
#3852 = ADVANCED_FACE('',(#3853),#3872,.F.);
#3853 = FACE_BOUND('',#3854,.T.);
#3854 = EDGE_LOOP('',(#3855,#3863,#3870,#3871));
#3855 = ORIENTED_EDGE('',*,*,#3856,.T.);
#3856 = EDGE_CURVE('',#3800,#3857,#3859,.T.);
#3857 = VERTEX_POINT('',#3858);
#3858 = CARTESIAN_POINT('',(1.6,8.,8.));
#3859 = LINE('',#3860,#3861);
#3860 = CARTESIAN_POINT('',(1.6,8.,0.));
#3861 = VECTOR('',#3862,1.);
#3862 = DIRECTION('',(0.,0.,1.));
#3863 = ORIENTED_EDGE('',*,*,#3864,.T.);
#3864 = EDGE_CURVE('',#3857,#3857,#3865,.T.);
#3865 = CIRCLE('',#3866,1.6);
#3866 = AXIS2_PLACEMENT_3D('',#3867,#3868,#3869);
#3867 = CARTESIAN_POINT('',(0.,8.,8.));
#3868 = DIRECTION('',(0.,0.,1.));
#3869 = DIRECTION('',(1.,0.,0.));
#3870 = ORIENTED_EDGE('',*,*,#3856,.F.);
#3871 = ORIENTED_EDGE('',*,*,#3799,.F.);
#3872 = CYLINDRICAL_SURFACE('',#3873,1.6);
#3873 = AXIS2_PLACEMENT_3D('',#3874,#3875,#3876);
#3874 = CARTESIAN_POINT('',(0.,8.,0.));
#3875 = DIRECTION('',(-0.,-0.,-1.));
#3876 = DIRECTION('',(1.,0.,0.));
#3877 = ADVANCED_FACE('',(#3878),#3897,.F.);
#3878 = FACE_BOUND('',#3879,.T.);
#3879 = EDGE_LOOP('',(#3880,#3888,#3895,#3896));
#3880 = ORIENTED_EDGE('',*,*,#3881,.T.);
#3881 = EDGE_CURVE('',#3820,#3882,#3884,.T.);
#3882 = VERTEX_POINT('',#3883);
#3883 = CARTESIAN_POINT('',(1.6,-3.918869757272E-16,8.));
#3884 = LINE('',#3885,#3886);
#3885 = CARTESIAN_POINT('',(1.6,-3.918869757272E-16,0.));
#3886 = VECTOR('',#3887,1.);
#3887 = DIRECTION('',(0.,0.,1.));
#3888 = ORIENTED_EDGE('',*,*,#3889,.T.);
#3889 = EDGE_CURVE('',#3882,#3882,#3890,.T.);
#3890 = CIRCLE('',#3891,1.6);
#3891 = AXIS2_PLACEMENT_3D('',#3892,#3893,#3894);
#3892 = CARTESIAN_POINT('',(0.,0.,8.));
#3893 = DIRECTION('',(0.,0.,1.));
#3894 = DIRECTION('',(1.,0.,0.));
#3895 = ORIENTED_EDGE('',*,*,#3881,.F.);
#3896 = ORIENTED_EDGE('',*,*,#3819,.F.);
#3897 = CYLINDRICAL_SURFACE('',#3898,1.6);
#3898 = AXIS2_PLACEMENT_3D('',#3899,#3900,#3901);
#3899 = CARTESIAN_POINT('',(0.,0.,0.));
#3900 = DIRECTION('',(-0.,-0.,-1.));
#3901 = DIRECTION('',(1.,0.,0.));
#3902 = ADVANCED_FACE('',(#3903),#3922,.F.);
#3903 = FACE_BOUND('',#3904,.T.);
#3904 = EDGE_LOOP('',(#3905,#3913,#3920,#3921));
#3905 = ORIENTED_EDGE('',*,*,#3906,.T.);
#3906 = EDGE_CURVE('',#3840,#3907,#3909,.T.);
#3907 = VERTEX_POINT('',#3908);
#3908 = CARTESIAN_POINT('',(1.6,-8.,8.));
#3909 = LINE('',#3910,#3911);
#3910 = CARTESIAN_POINT('',(1.6,-8.,0.));
#3911 = VECTOR('',#3912,1.);
#3912 = DIRECTION('',(0.,0.,1.));
#3913 = ORIENTED_EDGE('',*,*,#3914,.T.);
#3914 = EDGE_CURVE('',#3907,#3907,#3915,.T.);
#3915 = CIRCLE('',#3916,1.6);
#3916 = AXIS2_PLACEMENT_3D('',#3917,#3918,#3919);
#3917 = CARTESIAN_POINT('',(0.,-8.,8.));
#3918 = DIRECTION('',(0.,0.,1.));
#3919 = DIRECTION('',(1.,0.,0.));
#3920 = ORIENTED_EDGE('',*,*,#3906,.F.);
#3921 = ORIENTED_EDGE('',*,*,#3839,.F.);
#3922 = CYLINDRICAL_SURFACE('',#3923,1.6);
#3923 = AXIS2_PLACEMENT_3D('',#3924,#3925,#3926);
#3924 = CARTESIAN_POINT('',(0.,-8.,0.));
#3925 = DIRECTION('',(-0.,-0.,-1.));
#3926 = DIRECTION('',(1.,0.,0.));
#3927 = ADVANCED_FACE('',(#3928),#3931,.F.);
#3928 = FACE_BOUND('',#3929,.T.);
#3929 = EDGE_LOOP('',(#3930));
#3930 = ORIENTED_EDGE('',*,*,#3864,.F.);
#3931 = PLANE('',#3932);
#3932 = AXIS2_PLACEMENT_3D('',#3933,#3934,#3935);
#3933 = CARTESIAN_POINT('',(0.,8.,8.));
#3934 = DIRECTION('',(0.,0.,1.));
#3935 = DIRECTION('',(1.,0.,0.));
#3936 = ADVANCED_FACE('',(#3937),#3940,.F.);
#3937 = FACE_BOUND('',#3938,.T.);
#3938 = EDGE_LOOP('',(#3939));
#3939 = ORIENTED_EDGE('',*,*,#3889,.F.);
#3940 = PLANE('',#3941);
#3941 = AXIS2_PLACEMENT_3D('',#3942,#3943,#3944);
#3942 = CARTESIAN_POINT('',(0.,0.,8.));
#3943 = DIRECTION('',(0.,0.,1.));
#3944 = DIRECTION('',(1.,0.,0.));
#3945 = ADVANCED_FACE('',(#3946),#3949,.F.);
#3946 = FACE_BOUND('',#3947,.T.);
#3947 = EDGE_LOOP('',(#3948));
#3948 = ORIENTED_EDGE('',*,*,#3914,.F.);
#3949 = PLANE('',#3950);
#3950 = AXIS2_PLACEMENT_3D('',#3951,#3952,#3953);
#3951 = CARTESIAN_POINT('',(0.,-8.,8.));
#3952 = DIRECTION('',(0.,0.,1.));
#3953 = DIRECTION('',(1.,0.,0.));
#3954 = ( GEOMETRIC_REPRESENTATION_CONTEXT(3) 
GLOBAL_UNCERTAINTY_ASSIGNED_CONTEXT((#3958)) 
GLOBAL_UNIT_ASSIGNED_CONTEXT((#3955,#3956,#3957)) REPRESENTATION_CONTEXT
('Context #1','3D Context with UNIT and UNCERTAINTY') );
#3955 = ( LENGTH_UNIT() NAMED_UNIT(*) SI_UNIT(.MILLI.,.METRE.) );
#3956 = ( NAMED_UNIT(*) PLANE_ANGLE_UNIT() SI_UNIT($,.RADIAN.) );
#3957 = ( NAMED_UNIT(*) SI_UNIT($,.STERADIAN.) SOLID_ANGLE_UNIT() );
#3958 = UNCERTAINTY_MEASURE_WITH_UNIT(LENGTH_MEASURE(5.E-06),#3955,
  'distance_accuracy_value','confusion accuracy');
#3959 = PRODUCT_RELATED_PRODUCT_CATEGORY('part',$,(#7));
ENDSEC;
END-ISO-10303-21;
