ISO-10303-21;
HEADER;
FILE_DESCRIPTION(('FreeCAD Model'),'2;1');
FILE_NAME('Open CASCADE Shape Model','2026-09-20T21:12:44',('FreeCAD'),(
    'FreeCAD'),'Open CASCADE STEP processor 7.8','FreeCAD','Unknown');
FILE_SCHEMA(('AUTOMOTIVE_DESIGN { 1 0 10303 214 1 1 1 1 }'));
ENDSEC;
DATA;
#1 = APPLICATION_PROTOCOL_DEFINITION('international standard',
  'automotive_design',2000,#2);
#2 = APPLICATION_CONTEXT(
  'core data for automotive mechanical design processes');
#3 = SHAPE_DEFINITION_REPRESENTATION(#4,#10);
#4 = PRODUCT_DEFINITION_SHAPE('','',#5);
#5 = PRODUCT_DEFINITION('design','',#6,#9);
#6 = PRODUCT_DEFINITION_FORMATION('','',#7);
#7 = PRODUCT('Open CASCADE STEP translator 7.8 82',
  'Open CASCADE STEP translator 7.8 82','',(#8));
#8 = PRODUCT_CONTEXT('',#2,'mechanical');
#9 = PRODUCT_DEFINITION_CONTEXT('part definition',#2,'design');
#10 = ADVANCED_BREP_SHAPE_REPRESENTATION('',(#11,#15),#4446);
#11 = AXIS2_PLACEMENT_3D('',#12,#13,#14);
#12 = CARTESIAN_POINT('',(0.,0.,0.));
#13 = DIRECTION('',(0.,0.,1.));
#14 = DIRECTION('',(1.,0.,-0.));
#15 = MANIFOLD_SOLID_BREP('',#16);
#16 = CLOSED_SHELL('',(#17,#50,#230,#255,#286,#310,#334,#358,#382,#399,
    #424,#449,#474,#499,#524,#549,#574,#599,#624,#649,#674,#683,#835,
    #860,#885,#910,#935,#960,#985,#1010,#1035,#1060,#1085,#1110,#1139,
    #1162,#1185,#1208,#1231,#1254,#1277,#1300,#1323,#1346,#1369,#1392,
    #1415,#1438,#1461,#1484,#1501,#1510,#1519,#1528,#1537,#1546,#1555,
    #1564,#1573,#1582,#1591,#1600,#1733,#1789,#1880,#1968,#2026,#2139,
    #2172,#2196,#2221,#2245,#2287,#2311,#2336,#2360,#2402,#2426,#2451,
    #2475,#2501,#2534,#2558,#2583,#2600,#2667,#2691,#2725,#2749,#2791,
    #2815,#2849,#2866,#2899,#2923,#2948,#2972,#3014,#3038,#3063,#3080,
    #3113,#3137,#3171,#3188,#3212,#3237,#3261,#3303,#3327,#3352,#3376,
    #3418,#3442,#3467,#3484,#3545,#3569,#3643,#3667,#3749,#3766,#3855,
    #3872,#3889,#3950,#3967,#3984,#4001,#4026,#4038,#4063,#4075,#4100,
    #4113,#4138,#4151,#4176,#4196,#4216,#4236,#4256,#4276,#4301,#4326,
    #4351,#4376,#4401,#4410,#4419,#4428,#4437));
#17 = ADVANCED_FACE('',(#18),#45,.T.);
#18 = FACE_BOUND('',#19,.F.);
#19 = EDGE_LOOP('',(#20,#30,#37,#38));
#20 = ORIENTED_EDGE('',*,*,#21,.T.);
#21 = EDGE_CURVE('',#22,#24,#26,.T.);
#22 = VERTEX_POINT('',#23);
#23 = CARTESIAN_POINT('',(-9.6,-12.,9.6));
#24 = VERTEX_POINT('',#25);
#25 = CARTESIAN_POINT('',(-9.6,-12.,11.15));
#26 = LINE('',#27,#28);
#27 = CARTESIAN_POINT('',(-9.6,-12.,9.6));
#28 = VECTOR('',#29,1.);
#29 = DIRECTION('',(0.,0.,1.));
#30 = ORIENTED_EDGE('',*,*,#31,.T.);
#31 = EDGE_CURVE('',#24,#24,#32,.T.);
#32 = CIRCLE('',#33,2.4);
#33 = AXIS2_PLACEMENT_3D('',#34,#35,#36);
#34 = CARTESIAN_POINT('',(-12.,-12.,11.15));
#35 = DIRECTION('',(0.,0.,1.));
#36 = DIRECTION('',(1.,0.,0.));
#37 = ORIENTED_EDGE('',*,*,#21,.F.);
#38 = ORIENTED_EDGE('',*,*,#39,.F.);
#39 = EDGE_CURVE('',#22,#22,#40,.T.);
#40 = CIRCLE('',#41,2.4);
#41 = AXIS2_PLACEMENT_3D('',#42,#43,#44);
#42 = CARTESIAN_POINT('',(-12.,-12.,9.6));
#43 = DIRECTION('',(0.,0.,1.));
#44 = DIRECTION('',(1.,0.,0.));
#45 = CYLINDRICAL_SURFACE('',#46,2.4);
#46 = AXIS2_PLACEMENT_3D('',#47,#48,#49);
#47 = CARTESIAN_POINT('',(-12.,-12.,9.6));
#48 = DIRECTION('',(-0.,-0.,-1.));
#49 = DIRECTION('',(1.,0.,0.));
#50 = ADVANCED_FACE('',(#51,#101,#104,#115,#126,#137,#148,#159,#170,#181
    ,#192,#203,#214),#225,.T.);
#51 = FACE_BOUND('',#52,.T.);
#52 = EDGE_LOOP('',(#53,#63,#71,#79,#87,#95));
#53 = ORIENTED_EDGE('',*,*,#54,.F.);
#54 = EDGE_CURVE('',#55,#57,#59,.T.);
#55 = VERTEX_POINT('',#56);
#56 = CARTESIAN_POINT('',(-15.9,-15.9,9.6));
#57 = VERTEX_POINT('',#58);
#58 = CARTESIAN_POINT('',(-15.9,15.9,9.6));
#59 = LINE('',#60,#61);
#60 = CARTESIAN_POINT('',(-15.9,-15.9,9.6));
#61 = VECTOR('',#62,1.);
#62 = DIRECTION('',(0.,1.,0.));
#63 = ORIENTED_EDGE('',*,*,#64,.T.);
#64 = EDGE_CURVE('',#55,#65,#67,.T.);
#65 = VERTEX_POINT('',#66);
#66 = CARTESIAN_POINT('',(15.9,-15.9,9.6));
#67 = LINE('',#68,#69);
#68 = CARTESIAN_POINT('',(-15.9,-15.9,9.6));
#69 = VECTOR('',#70,1.);
#70 = DIRECTION('',(1.,0.,0.));
#71 = ORIENTED_EDGE('',*,*,#72,.T.);
#72 = EDGE_CURVE('',#65,#73,#75,.T.);
#73 = VERTEX_POINT('',#74);
#74 = CARTESIAN_POINT('',(15.9,-0.1,9.6));
#75 = LINE('',#76,#77);
#76 = CARTESIAN_POINT('',(15.9,-15.9,9.6));
#77 = VECTOR('',#78,1.);
#78 = DIRECTION('',(0.,1.,0.));
#79 = ORIENTED_EDGE('',*,*,#80,.F.);
#80 = EDGE_CURVE('',#81,#73,#83,.T.);
#81 = VERTEX_POINT('',#82);
#82 = CARTESIAN_POINT('',(-1.E-01,-0.1,9.6));
#83 = LINE('',#84,#85);
#84 = CARTESIAN_POINT('',(-15.9,-0.1,9.6));
#85 = VECTOR('',#86,1.);
#86 = DIRECTION('',(1.,0.,0.));
#87 = ORIENTED_EDGE('',*,*,#88,.T.);
#88 = EDGE_CURVE('',#81,#89,#91,.T.);
#89 = VERTEX_POINT('',#90);
#90 = CARTESIAN_POINT('',(-1.E-01,15.9,9.6));
#91 = LINE('',#92,#93);
#92 = CARTESIAN_POINT('',(-1.E-01,-0.1,9.6));
#93 = VECTOR('',#94,1.);
#94 = DIRECTION('',(0.,1.,0.));
#95 = ORIENTED_EDGE('',*,*,#96,.F.);
#96 = EDGE_CURVE('',#57,#89,#97,.T.);
#97 = LINE('',#98,#99);
#98 = CARTESIAN_POINT('',(-15.9,15.9,9.6));
#99 = VECTOR('',#100,1.);
#100 = DIRECTION('',(1.,0.,0.));
#101 = FACE_BOUND('',#102,.T.);
#102 = EDGE_LOOP('',(#103));
#103 = ORIENTED_EDGE('',*,*,#39,.F.);
#104 = FACE_BOUND('',#105,.T.);
#105 = EDGE_LOOP('',(#106));
#106 = ORIENTED_EDGE('',*,*,#107,.F.);
#107 = EDGE_CURVE('',#108,#108,#110,.T.);
#108 = VERTEX_POINT('',#109);
#109 = CARTESIAN_POINT('',(-1.6,-12.,9.6));
#110 = CIRCLE('',#111,2.4);
#111 = AXIS2_PLACEMENT_3D('',#112,#113,#114);
#112 = CARTESIAN_POINT('',(-4.,-12.,9.6));
#113 = DIRECTION('',(0.,0.,1.));
#114 = DIRECTION('',(1.,0.,0.));
#115 = FACE_BOUND('',#116,.T.);
#116 = EDGE_LOOP('',(#117));
#117 = ORIENTED_EDGE('',*,*,#118,.F.);
#118 = EDGE_CURVE('',#119,#119,#121,.T.);
#119 = VERTEX_POINT('',#120);
#120 = CARTESIAN_POINT('',(-9.6,-4.,9.6));
#121 = CIRCLE('',#122,2.4);
#122 = AXIS2_PLACEMENT_3D('',#123,#124,#125);
#123 = CARTESIAN_POINT('',(-12.,-4.,9.6));
#124 = DIRECTION('',(0.,0.,1.));
#125 = DIRECTION('',(1.,0.,0.));
#126 = FACE_BOUND('',#127,.T.);
#127 = EDGE_LOOP('',(#128));
#128 = ORIENTED_EDGE('',*,*,#129,.F.);
#129 = EDGE_CURVE('',#130,#130,#132,.T.);
#130 = VERTEX_POINT('',#131);
#131 = CARTESIAN_POINT('',(-1.6,-4.,9.6));
#132 = CIRCLE('',#133,2.4);
#133 = AXIS2_PLACEMENT_3D('',#134,#135,#136);
#134 = CARTESIAN_POINT('',(-4.,-4.,9.6));
#135 = DIRECTION('',(0.,0.,1.));
#136 = DIRECTION('',(1.,0.,0.));
#137 = FACE_BOUND('',#138,.T.);
#138 = EDGE_LOOP('',(#139));
#139 = ORIENTED_EDGE('',*,*,#140,.F.);
#140 = EDGE_CURVE('',#141,#141,#143,.T.);
#141 = VERTEX_POINT('',#142);
#142 = CARTESIAN_POINT('',(6.4,-12.,9.6));
#143 = CIRCLE('',#144,2.4);
#144 = AXIS2_PLACEMENT_3D('',#145,#146,#147);
#145 = CARTESIAN_POINT('',(4.,-12.,9.6));
#146 = DIRECTION('',(0.,0.,1.));
#147 = DIRECTION('',(1.,0.,0.));
#148 = FACE_BOUND('',#149,.T.);
#149 = EDGE_LOOP('',(#150));
#150 = ORIENTED_EDGE('',*,*,#151,.F.);
#151 = EDGE_CURVE('',#152,#152,#154,.T.);
#152 = VERTEX_POINT('',#153);
#153 = CARTESIAN_POINT('',(14.4,-12.,9.6));
#154 = CIRCLE('',#155,2.4);
#155 = AXIS2_PLACEMENT_3D('',#156,#157,#158);
#156 = CARTESIAN_POINT('',(12.,-12.,9.6));
#157 = DIRECTION('',(0.,0.,1.));
#158 = DIRECTION('',(1.,0.,0.));
#159 = FACE_BOUND('',#160,.T.);
#160 = EDGE_LOOP('',(#161));
#161 = ORIENTED_EDGE('',*,*,#162,.F.);
#162 = EDGE_CURVE('',#163,#163,#165,.T.);
#163 = VERTEX_POINT('',#164);
#164 = CARTESIAN_POINT('',(6.4,-4.,9.6));
#165 = CIRCLE('',#166,2.4);
#166 = AXIS2_PLACEMENT_3D('',#167,#168,#169);
#167 = CARTESIAN_POINT('',(4.,-4.,9.6));
#168 = DIRECTION('',(0.,0.,1.));
#169 = DIRECTION('',(1.,0.,0.));
#170 = FACE_BOUND('',#171,.T.);
#171 = EDGE_LOOP('',(#172));
#172 = ORIENTED_EDGE('',*,*,#173,.F.);
#173 = EDGE_CURVE('',#174,#174,#176,.T.);
#174 = VERTEX_POINT('',#175);
#175 = CARTESIAN_POINT('',(14.4,-4.,9.6));
#176 = CIRCLE('',#177,2.4);
#177 = AXIS2_PLACEMENT_3D('',#178,#179,#180);
#178 = CARTESIAN_POINT('',(12.,-4.,9.6));
#179 = DIRECTION('',(0.,0.,1.));
#180 = DIRECTION('',(1.,0.,0.));
#181 = FACE_BOUND('',#182,.T.);
#182 = EDGE_LOOP('',(#183));
#183 = ORIENTED_EDGE('',*,*,#184,.F.);
#184 = EDGE_CURVE('',#185,#185,#187,.T.);
#185 = VERTEX_POINT('',#186);
#186 = CARTESIAN_POINT('',(-9.6,4.,9.6));
#187 = CIRCLE('',#188,2.4);
#188 = AXIS2_PLACEMENT_3D('',#189,#190,#191);
#189 = CARTESIAN_POINT('',(-12.,4.,9.6));
#190 = DIRECTION('',(0.,0.,1.));
#191 = DIRECTION('',(1.,0.,0.));
#192 = FACE_BOUND('',#193,.T.);
#193 = EDGE_LOOP('',(#194));
#194 = ORIENTED_EDGE('',*,*,#195,.F.);
#195 = EDGE_CURVE('',#196,#196,#198,.T.);
#196 = VERTEX_POINT('',#197);
#197 = CARTESIAN_POINT('',(-1.6,4.,9.6));
#198 = CIRCLE('',#199,2.4);
#199 = AXIS2_PLACEMENT_3D('',#200,#201,#202);
#200 = CARTESIAN_POINT('',(-4.,4.,9.6));
#201 = DIRECTION('',(0.,0.,1.));
#202 = DIRECTION('',(1.,0.,0.));
#203 = FACE_BOUND('',#204,.T.);
#204 = EDGE_LOOP('',(#205));
#205 = ORIENTED_EDGE('',*,*,#206,.F.);
#206 = EDGE_CURVE('',#207,#207,#209,.T.);
#207 = VERTEX_POINT('',#208);
#208 = CARTESIAN_POINT('',(-9.6,12.,9.6));
#209 = CIRCLE('',#210,2.4);
#210 = AXIS2_PLACEMENT_3D('',#211,#212,#213);
#211 = CARTESIAN_POINT('',(-12.,12.,9.6));
#212 = DIRECTION('',(0.,0.,1.));
#213 = DIRECTION('',(1.,0.,0.));
#214 = FACE_BOUND('',#215,.T.);
#215 = EDGE_LOOP('',(#216));
#216 = ORIENTED_EDGE('',*,*,#217,.F.);
#217 = EDGE_CURVE('',#218,#218,#220,.T.);
#218 = VERTEX_POINT('',#219);
#219 = CARTESIAN_POINT('',(-1.6,12.,9.6));
#220 = CIRCLE('',#221,2.4);
#221 = AXIS2_PLACEMENT_3D('',#222,#223,#224);
#222 = CARTESIAN_POINT('',(-4.,12.,9.6));
#223 = DIRECTION('',(0.,0.,1.));
#224 = DIRECTION('',(1.,0.,0.));
#225 = PLANE('',#226);
#226 = AXIS2_PLACEMENT_3D('',#227,#228,#229);
#227 = CARTESIAN_POINT('',(-2.012578616352,-2.012578616352,9.6));
#228 = DIRECTION('',(0.,0.,1.));
#229 = DIRECTION('',(1.,0.,0.));
#230 = ADVANCED_FACE('',(#231),#250,.T.);
#231 = FACE_BOUND('',#232,.T.);
#232 = EDGE_LOOP('',(#233,#242,#248,#249));
#233 = ORIENTED_EDGE('',*,*,#234,.F.);
#234 = EDGE_CURVE('',#235,#235,#237,.T.);
#235 = VERTEX_POINT('',#236);
#236 = CARTESIAN_POINT('',(-9.85,-12.,11.4));
#237 = CIRCLE('',#238,2.15);
#238 = AXIS2_PLACEMENT_3D('',#239,#240,#241);
#239 = CARTESIAN_POINT('',(-12.,-12.,11.4));
#240 = DIRECTION('',(0.,0.,1.));
#241 = DIRECTION('',(1.,0.,0.));
#242 = ORIENTED_EDGE('',*,*,#243,.F.);
#243 = EDGE_CURVE('',#24,#235,#244,.T.);
#244 = LINE('',#245,#246);
#245 = CARTESIAN_POINT('',(-9.6,-12.,11.15));
#246 = VECTOR('',#247,1.);
#247 = DIRECTION('',(-0.707106781187,1.731912112471E-16,0.707106781187)
  );
#248 = ORIENTED_EDGE('',*,*,#31,.T.);
#249 = ORIENTED_EDGE('',*,*,#243,.T.);
#250 = CONICAL_SURFACE('',#251,2.4,0.785398163397);
#251 = AXIS2_PLACEMENT_3D('',#252,#253,#254);
#252 = CARTESIAN_POINT('',(-12.,-12.,11.15));
#253 = DIRECTION('',(-0.,-0.,-1.));
#254 = DIRECTION('',(1.,0.,0.));
#255 = ADVANCED_FACE('',(#256),#281,.T.);
#256 = FACE_BOUND('',#257,.T.);
#257 = EDGE_LOOP('',(#258,#266,#267,#275));
#258 = ORIENTED_EDGE('',*,*,#259,.T.);
#259 = EDGE_CURVE('',#260,#55,#262,.T.);
#260 = VERTEX_POINT('',#261);
#261 = CARTESIAN_POINT('',(-15.9,-15.9,0.));
#262 = LINE('',#263,#264);
#263 = CARTESIAN_POINT('',(-15.9,-15.9,0.));
#264 = VECTOR('',#265,1.);
#265 = DIRECTION('',(0.,0.,1.));
#266 = ORIENTED_EDGE('',*,*,#54,.T.);
#267 = ORIENTED_EDGE('',*,*,#268,.F.);
#268 = EDGE_CURVE('',#269,#57,#271,.T.);
#269 = VERTEX_POINT('',#270);
#270 = CARTESIAN_POINT('',(-15.9,15.9,0.));
#271 = LINE('',#272,#273);
#272 = CARTESIAN_POINT('',(-15.9,15.9,0.));
#273 = VECTOR('',#274,1.);
#274 = DIRECTION('',(0.,0.,1.));
#275 = ORIENTED_EDGE('',*,*,#276,.F.);
#276 = EDGE_CURVE('',#260,#269,#277,.T.);
#277 = LINE('',#278,#279);
#278 = CARTESIAN_POINT('',(-15.9,8.1,0.));
#279 = VECTOR('',#280,1.);
#280 = DIRECTION('',(0.,1.,0.));
#281 = PLANE('',#282);
#282 = AXIS2_PLACEMENT_3D('',#283,#284,#285);
#283 = CARTESIAN_POINT('',(-15.9,-3.003501902368E-16,4.8));
#284 = DIRECTION('',(-1.,-0.,-0.));
#285 = DIRECTION('',(0.,0.,-1.));
#286 = ADVANCED_FACE('',(#287),#305,.F.);
#287 = FACE_BOUND('',#288,.F.);
#288 = EDGE_LOOP('',(#289,#297,#298,#299));
#289 = ORIENTED_EDGE('',*,*,#290,.F.);
#290 = EDGE_CURVE('',#260,#291,#293,.T.);
#291 = VERTEX_POINT('',#292);
#292 = CARTESIAN_POINT('',(15.9,-15.9,0.));
#293 = LINE('',#294,#295);
#294 = CARTESIAN_POINT('',(-15.9,-15.9,0.));
#295 = VECTOR('',#296,1.);
#296 = DIRECTION('',(1.,0.,0.));
#297 = ORIENTED_EDGE('',*,*,#259,.T.);
#298 = ORIENTED_EDGE('',*,*,#64,.T.);
#299 = ORIENTED_EDGE('',*,*,#300,.F.);
#300 = EDGE_CURVE('',#291,#65,#301,.T.);
#301 = LINE('',#302,#303);
#302 = CARTESIAN_POINT('',(15.9,-15.9,0.));
#303 = VECTOR('',#304,1.);
#304 = DIRECTION('',(0.,0.,1.));
#305 = PLANE('',#306);
#306 = AXIS2_PLACEMENT_3D('',#307,#308,#309);
#307 = CARTESIAN_POINT('',(-15.9,-15.9,0.));
#308 = DIRECTION('',(0.,1.,0.));
#309 = DIRECTION('',(0.,0.,1.));
#310 = ADVANCED_FACE('',(#311),#329,.T.);
#311 = FACE_BOUND('',#312,.T.);
#312 = EDGE_LOOP('',(#313,#321,#322,#323));
#313 = ORIENTED_EDGE('',*,*,#314,.F.);
#314 = EDGE_CURVE('',#269,#315,#317,.T.);
#315 = VERTEX_POINT('',#316);
#316 = CARTESIAN_POINT('',(-1.E-01,15.9,0.));
#317 = LINE('',#318,#319);
#318 = CARTESIAN_POINT('',(-15.9,15.9,0.));
#319 = VECTOR('',#320,1.);
#320 = DIRECTION('',(1.,0.,0.));
#321 = ORIENTED_EDGE('',*,*,#268,.T.);
#322 = ORIENTED_EDGE('',*,*,#96,.T.);
#323 = ORIENTED_EDGE('',*,*,#324,.F.);
#324 = EDGE_CURVE('',#315,#89,#325,.T.);
#325 = LINE('',#326,#327);
#326 = CARTESIAN_POINT('',(-1.E-01,15.9,0.));
#327 = VECTOR('',#328,1.);
#328 = DIRECTION('',(0.,0.,1.));
#329 = PLANE('',#330);
#330 = AXIS2_PLACEMENT_3D('',#331,#332,#333);
#331 = CARTESIAN_POINT('',(-15.9,15.9,0.));
#332 = DIRECTION('',(0.,1.,0.));
#333 = DIRECTION('',(0.,0.,1.));
#334 = ADVANCED_FACE('',(#335),#353,.T.);
#335 = FACE_BOUND('',#336,.T.);
#336 = EDGE_LOOP('',(#337,#338,#346,#352));
#337 = ORIENTED_EDGE('',*,*,#300,.F.);
#338 = ORIENTED_EDGE('',*,*,#339,.T.);
#339 = EDGE_CURVE('',#291,#340,#342,.T.);
#340 = VERTEX_POINT('',#341);
#341 = CARTESIAN_POINT('',(15.9,-0.1,0.));
#342 = LINE('',#343,#344);
#343 = CARTESIAN_POINT('',(15.9,-7.9,0.));
#344 = VECTOR('',#345,1.);
#345 = DIRECTION('',(0.,1.,0.));
#346 = ORIENTED_EDGE('',*,*,#347,.T.);
#347 = EDGE_CURVE('',#340,#73,#348,.T.);
#348 = LINE('',#349,#350);
#349 = CARTESIAN_POINT('',(15.9,-0.1,0.));
#350 = VECTOR('',#351,1.);
#351 = DIRECTION('',(0.,0.,1.));
#352 = ORIENTED_EDGE('',*,*,#72,.F.);
#353 = PLANE('',#354);
#354 = AXIS2_PLACEMENT_3D('',#355,#356,#357);
#355 = CARTESIAN_POINT('',(15.9,-8.,4.8));
#356 = DIRECTION('',(1.,0.,0.));
#357 = DIRECTION('',(0.,0.,1.));
#358 = ADVANCED_FACE('',(#359),#377,.T.);
#359 = FACE_BOUND('',#360,.T.);
#360 = EDGE_LOOP('',(#361,#369,#375,#376));
#361 = ORIENTED_EDGE('',*,*,#362,.F.);
#362 = EDGE_CURVE('',#363,#81,#365,.T.);
#363 = VERTEX_POINT('',#364);
#364 = CARTESIAN_POINT('',(-1.E-01,-0.1,0.));
#365 = LINE('',#366,#367);
#366 = CARTESIAN_POINT('',(-1.E-01,-0.1,0.));
#367 = VECTOR('',#368,1.);
#368 = DIRECTION('',(0.,0.,1.));
#369 = ORIENTED_EDGE('',*,*,#370,.T.);
#370 = EDGE_CURVE('',#363,#315,#371,.T.);
#371 = LINE('',#372,#373);
#372 = CARTESIAN_POINT('',(-1.E-01,8.1,0.));
#373 = VECTOR('',#374,1.);
#374 = DIRECTION('',(0.,1.,0.));
#375 = ORIENTED_EDGE('',*,*,#324,.T.);
#376 = ORIENTED_EDGE('',*,*,#88,.F.);
#377 = PLANE('',#378);
#378 = AXIS2_PLACEMENT_3D('',#379,#380,#381);
#379 = CARTESIAN_POINT('',(-1.E-01,7.9,4.8));
#380 = DIRECTION('',(1.,0.,0.));
#381 = DIRECTION('',(0.,0.,1.));
#382 = ADVANCED_FACE('',(#383),#394,.T.);
#383 = FACE_BOUND('',#384,.T.);
#384 = EDGE_LOOP('',(#385,#391,#392,#393));
#385 = ORIENTED_EDGE('',*,*,#386,.F.);
#386 = EDGE_CURVE('',#363,#340,#387,.T.);
#387 = LINE('',#388,#389);
#388 = CARTESIAN_POINT('',(-15.9,-0.1,0.));
#389 = VECTOR('',#390,1.);
#390 = DIRECTION('',(1.,0.,0.));
#391 = ORIENTED_EDGE('',*,*,#362,.T.);
#392 = ORIENTED_EDGE('',*,*,#80,.T.);
#393 = ORIENTED_EDGE('',*,*,#347,.F.);
#394 = PLANE('',#395);
#395 = AXIS2_PLACEMENT_3D('',#396,#397,#398);
#396 = CARTESIAN_POINT('',(-15.9,-0.1,0.));
#397 = DIRECTION('',(0.,1.,0.));
#398 = DIRECTION('',(0.,0.,1.));
#399 = ADVANCED_FACE('',(#400),#419,.T.);
#400 = FACE_BOUND('',#401,.F.);
#401 = EDGE_LOOP('',(#402,#410,#417,#418));
#402 = ORIENTED_EDGE('',*,*,#403,.T.);
#403 = EDGE_CURVE('',#108,#404,#406,.T.);
#404 = VERTEX_POINT('',#405);
#405 = CARTESIAN_POINT('',(-1.6,-12.,11.15));
#406 = LINE('',#407,#408);
#407 = CARTESIAN_POINT('',(-1.6,-12.,9.6));
#408 = VECTOR('',#409,1.);
#409 = DIRECTION('',(0.,0.,1.));
#410 = ORIENTED_EDGE('',*,*,#411,.T.);
#411 = EDGE_CURVE('',#404,#404,#412,.T.);
#412 = CIRCLE('',#413,2.4);
#413 = AXIS2_PLACEMENT_3D('',#414,#415,#416);
#414 = CARTESIAN_POINT('',(-4.,-12.,11.15));
#415 = DIRECTION('',(0.,0.,1.));
#416 = DIRECTION('',(1.,0.,0.));
#417 = ORIENTED_EDGE('',*,*,#403,.F.);
#418 = ORIENTED_EDGE('',*,*,#107,.F.);
#419 = CYLINDRICAL_SURFACE('',#420,2.4);
#420 = AXIS2_PLACEMENT_3D('',#421,#422,#423);
#421 = CARTESIAN_POINT('',(-4.,-12.,9.6));
#422 = DIRECTION('',(-0.,-0.,-1.));
#423 = DIRECTION('',(1.,0.,0.));
#424 = ADVANCED_FACE('',(#425),#444,.T.);
#425 = FACE_BOUND('',#426,.F.);
#426 = EDGE_LOOP('',(#427,#435,#442,#443));
#427 = ORIENTED_EDGE('',*,*,#428,.T.);
#428 = EDGE_CURVE('',#119,#429,#431,.T.);
#429 = VERTEX_POINT('',#430);
#430 = CARTESIAN_POINT('',(-9.6,-4.,11.15));
#431 = LINE('',#432,#433);
#432 = CARTESIAN_POINT('',(-9.6,-4.,9.6));
#433 = VECTOR('',#434,1.);
#434 = DIRECTION('',(0.,0.,1.));
#435 = ORIENTED_EDGE('',*,*,#436,.T.);
#436 = EDGE_CURVE('',#429,#429,#437,.T.);
#437 = CIRCLE('',#438,2.4);
#438 = AXIS2_PLACEMENT_3D('',#439,#440,#441);
#439 = CARTESIAN_POINT('',(-12.,-4.,11.15));
#440 = DIRECTION('',(0.,0.,1.));
#441 = DIRECTION('',(1.,0.,0.));
#442 = ORIENTED_EDGE('',*,*,#428,.F.);
#443 = ORIENTED_EDGE('',*,*,#118,.F.);
#444 = CYLINDRICAL_SURFACE('',#445,2.4);
#445 = AXIS2_PLACEMENT_3D('',#446,#447,#448);
#446 = CARTESIAN_POINT('',(-12.,-4.,9.6));
#447 = DIRECTION('',(-0.,-0.,-1.));
#448 = DIRECTION('',(1.,0.,0.));
#449 = ADVANCED_FACE('',(#450),#469,.T.);
#450 = FACE_BOUND('',#451,.F.);
#451 = EDGE_LOOP('',(#452,#460,#467,#468));
#452 = ORIENTED_EDGE('',*,*,#453,.T.);
#453 = EDGE_CURVE('',#130,#454,#456,.T.);
#454 = VERTEX_POINT('',#455);
#455 = CARTESIAN_POINT('',(-1.6,-4.,11.15));
#456 = LINE('',#457,#458);
#457 = CARTESIAN_POINT('',(-1.6,-4.,9.6));
#458 = VECTOR('',#459,1.);
#459 = DIRECTION('',(0.,0.,1.));
#460 = ORIENTED_EDGE('',*,*,#461,.T.);
#461 = EDGE_CURVE('',#454,#454,#462,.T.);
#462 = CIRCLE('',#463,2.4);
#463 = AXIS2_PLACEMENT_3D('',#464,#465,#466);
#464 = CARTESIAN_POINT('',(-4.,-4.,11.15));
#465 = DIRECTION('',(0.,0.,1.));
#466 = DIRECTION('',(1.,0.,0.));
#467 = ORIENTED_EDGE('',*,*,#453,.F.);
#468 = ORIENTED_EDGE('',*,*,#129,.F.);
#469 = CYLINDRICAL_SURFACE('',#470,2.4);
#470 = AXIS2_PLACEMENT_3D('',#471,#472,#473);
#471 = CARTESIAN_POINT('',(-4.,-4.,9.6));
#472 = DIRECTION('',(-0.,-0.,-1.));
#473 = DIRECTION('',(1.,0.,0.));
#474 = ADVANCED_FACE('',(#475),#494,.T.);
#475 = FACE_BOUND('',#476,.F.);
#476 = EDGE_LOOP('',(#477,#485,#492,#493));
#477 = ORIENTED_EDGE('',*,*,#478,.T.);
#478 = EDGE_CURVE('',#141,#479,#481,.T.);
#479 = VERTEX_POINT('',#480);
#480 = CARTESIAN_POINT('',(6.4,-12.,11.15));
#481 = LINE('',#482,#483);
#482 = CARTESIAN_POINT('',(6.4,-12.,9.6));
#483 = VECTOR('',#484,1.);
#484 = DIRECTION('',(0.,0.,1.));
#485 = ORIENTED_EDGE('',*,*,#486,.T.);
#486 = EDGE_CURVE('',#479,#479,#487,.T.);
#487 = CIRCLE('',#488,2.4);
#488 = AXIS2_PLACEMENT_3D('',#489,#490,#491);
#489 = CARTESIAN_POINT('',(4.,-12.,11.15));
#490 = DIRECTION('',(0.,0.,1.));
#491 = DIRECTION('',(1.,0.,0.));
#492 = ORIENTED_EDGE('',*,*,#478,.F.);
#493 = ORIENTED_EDGE('',*,*,#140,.F.);
#494 = CYLINDRICAL_SURFACE('',#495,2.4);
#495 = AXIS2_PLACEMENT_3D('',#496,#497,#498);
#496 = CARTESIAN_POINT('',(4.,-12.,9.6));
#497 = DIRECTION('',(-0.,-0.,-1.));
#498 = DIRECTION('',(1.,0.,0.));
#499 = ADVANCED_FACE('',(#500),#519,.T.);
#500 = FACE_BOUND('',#501,.F.);
#501 = EDGE_LOOP('',(#502,#510,#517,#518));
#502 = ORIENTED_EDGE('',*,*,#503,.T.);
#503 = EDGE_CURVE('',#152,#504,#506,.T.);
#504 = VERTEX_POINT('',#505);
#505 = CARTESIAN_POINT('',(14.4,-12.,11.15));
#506 = LINE('',#507,#508);
#507 = CARTESIAN_POINT('',(14.4,-12.,9.6));
#508 = VECTOR('',#509,1.);
#509 = DIRECTION('',(0.,0.,1.));
#510 = ORIENTED_EDGE('',*,*,#511,.T.);
#511 = EDGE_CURVE('',#504,#504,#512,.T.);
#512 = CIRCLE('',#513,2.4);
#513 = AXIS2_PLACEMENT_3D('',#514,#515,#516);
#514 = CARTESIAN_POINT('',(12.,-12.,11.15));
#515 = DIRECTION('',(0.,0.,1.));
#516 = DIRECTION('',(1.,0.,0.));
#517 = ORIENTED_EDGE('',*,*,#503,.F.);
#518 = ORIENTED_EDGE('',*,*,#151,.F.);
#519 = CYLINDRICAL_SURFACE('',#520,2.4);
#520 = AXIS2_PLACEMENT_3D('',#521,#522,#523);
#521 = CARTESIAN_POINT('',(12.,-12.,9.6));
#522 = DIRECTION('',(-0.,-0.,-1.));
#523 = DIRECTION('',(1.,0.,0.));
#524 = ADVANCED_FACE('',(#525),#544,.T.);
#525 = FACE_BOUND('',#526,.F.);
#526 = EDGE_LOOP('',(#527,#535,#542,#543));
#527 = ORIENTED_EDGE('',*,*,#528,.T.);
#528 = EDGE_CURVE('',#163,#529,#531,.T.);
#529 = VERTEX_POINT('',#530);
#530 = CARTESIAN_POINT('',(6.4,-4.,11.15));
#531 = LINE('',#532,#533);
#532 = CARTESIAN_POINT('',(6.4,-4.,9.6));
#533 = VECTOR('',#534,1.);
#534 = DIRECTION('',(0.,0.,1.));
#535 = ORIENTED_EDGE('',*,*,#536,.T.);
#536 = EDGE_CURVE('',#529,#529,#537,.T.);
#537 = CIRCLE('',#538,2.4);
#538 = AXIS2_PLACEMENT_3D('',#539,#540,#541);
#539 = CARTESIAN_POINT('',(4.,-4.,11.15));
#540 = DIRECTION('',(0.,0.,1.));
#541 = DIRECTION('',(1.,0.,0.));
#542 = ORIENTED_EDGE('',*,*,#528,.F.);
#543 = ORIENTED_EDGE('',*,*,#162,.F.);
#544 = CYLINDRICAL_SURFACE('',#545,2.4);
#545 = AXIS2_PLACEMENT_3D('',#546,#547,#548);
#546 = CARTESIAN_POINT('',(4.,-4.,9.6));
#547 = DIRECTION('',(-0.,-0.,-1.));
#548 = DIRECTION('',(1.,0.,0.));
#549 = ADVANCED_FACE('',(#550),#569,.T.);
#550 = FACE_BOUND('',#551,.F.);
#551 = EDGE_LOOP('',(#552,#560,#567,#568));
#552 = ORIENTED_EDGE('',*,*,#553,.T.);
#553 = EDGE_CURVE('',#174,#554,#556,.T.);
#554 = VERTEX_POINT('',#555);
#555 = CARTESIAN_POINT('',(14.4,-4.,11.15));
#556 = LINE('',#557,#558);
#557 = CARTESIAN_POINT('',(14.4,-4.,9.6));
#558 = VECTOR('',#559,1.);
#559 = DIRECTION('',(0.,0.,1.));
#560 = ORIENTED_EDGE('',*,*,#561,.T.);
#561 = EDGE_CURVE('',#554,#554,#562,.T.);
#562 = CIRCLE('',#563,2.4);
#563 = AXIS2_PLACEMENT_3D('',#564,#565,#566);
#564 = CARTESIAN_POINT('',(12.,-4.,11.15));
#565 = DIRECTION('',(0.,0.,1.));
#566 = DIRECTION('',(1.,0.,0.));
#567 = ORIENTED_EDGE('',*,*,#553,.F.);
#568 = ORIENTED_EDGE('',*,*,#173,.F.);
#569 = CYLINDRICAL_SURFACE('',#570,2.4);
#570 = AXIS2_PLACEMENT_3D('',#571,#572,#573);
#571 = CARTESIAN_POINT('',(12.,-4.,9.6));
#572 = DIRECTION('',(-0.,-0.,-1.));
#573 = DIRECTION('',(1.,0.,0.));
#574 = ADVANCED_FACE('',(#575),#594,.T.);
#575 = FACE_BOUND('',#576,.F.);
#576 = EDGE_LOOP('',(#577,#585,#592,#593));
#577 = ORIENTED_EDGE('',*,*,#578,.T.);
#578 = EDGE_CURVE('',#185,#579,#581,.T.);
#579 = VERTEX_POINT('',#580);
#580 = CARTESIAN_POINT('',(-9.6,4.,11.15));
#581 = LINE('',#582,#583);
#582 = CARTESIAN_POINT('',(-9.6,4.,9.6));
#583 = VECTOR('',#584,1.);
#584 = DIRECTION('',(0.,0.,1.));
#585 = ORIENTED_EDGE('',*,*,#586,.T.);
#586 = EDGE_CURVE('',#579,#579,#587,.T.);
#587 = CIRCLE('',#588,2.4);
#588 = AXIS2_PLACEMENT_3D('',#589,#590,#591);
#589 = CARTESIAN_POINT('',(-12.,4.,11.15));
#590 = DIRECTION('',(0.,0.,1.));
#591 = DIRECTION('',(1.,0.,0.));
#592 = ORIENTED_EDGE('',*,*,#578,.F.);
#593 = ORIENTED_EDGE('',*,*,#184,.F.);
#594 = CYLINDRICAL_SURFACE('',#595,2.4);
#595 = AXIS2_PLACEMENT_3D('',#596,#597,#598);
#596 = CARTESIAN_POINT('',(-12.,4.,9.6));
#597 = DIRECTION('',(-0.,-0.,-1.));
#598 = DIRECTION('',(1.,0.,0.));
#599 = ADVANCED_FACE('',(#600),#619,.T.);
#600 = FACE_BOUND('',#601,.F.);
#601 = EDGE_LOOP('',(#602,#610,#617,#618));
#602 = ORIENTED_EDGE('',*,*,#603,.T.);
#603 = EDGE_CURVE('',#196,#604,#606,.T.);
#604 = VERTEX_POINT('',#605);
#605 = CARTESIAN_POINT('',(-1.6,4.,11.15));
#606 = LINE('',#607,#608);
#607 = CARTESIAN_POINT('',(-1.6,4.,9.6));
#608 = VECTOR('',#609,1.);
#609 = DIRECTION('',(0.,0.,1.));
#610 = ORIENTED_EDGE('',*,*,#611,.T.);
#611 = EDGE_CURVE('',#604,#604,#612,.T.);
#612 = CIRCLE('',#613,2.4);
#613 = AXIS2_PLACEMENT_3D('',#614,#615,#616);
#614 = CARTESIAN_POINT('',(-4.,4.,11.15));
#615 = DIRECTION('',(0.,0.,1.));
#616 = DIRECTION('',(1.,0.,0.));
#617 = ORIENTED_EDGE('',*,*,#603,.F.);
#618 = ORIENTED_EDGE('',*,*,#195,.F.);
#619 = CYLINDRICAL_SURFACE('',#620,2.4);
#620 = AXIS2_PLACEMENT_3D('',#621,#622,#623);
#621 = CARTESIAN_POINT('',(-4.,4.,9.6));
#622 = DIRECTION('',(-0.,-0.,-1.));
#623 = DIRECTION('',(1.,0.,0.));
#624 = ADVANCED_FACE('',(#625),#644,.T.);
#625 = FACE_BOUND('',#626,.F.);
#626 = EDGE_LOOP('',(#627,#635,#642,#643));
#627 = ORIENTED_EDGE('',*,*,#628,.T.);
#628 = EDGE_CURVE('',#207,#629,#631,.T.);
#629 = VERTEX_POINT('',#630);
#630 = CARTESIAN_POINT('',(-9.6,12.,11.15));
#631 = LINE('',#632,#633);
#632 = CARTESIAN_POINT('',(-9.6,12.,9.6));
#633 = VECTOR('',#634,1.);
#634 = DIRECTION('',(0.,0.,1.));
#635 = ORIENTED_EDGE('',*,*,#636,.T.);
#636 = EDGE_CURVE('',#629,#629,#637,.T.);
#637 = CIRCLE('',#638,2.4);
#638 = AXIS2_PLACEMENT_3D('',#639,#640,#641);
#639 = CARTESIAN_POINT('',(-12.,12.,11.15));
#640 = DIRECTION('',(0.,0.,1.));
#641 = DIRECTION('',(1.,0.,0.));
#642 = ORIENTED_EDGE('',*,*,#628,.F.);
#643 = ORIENTED_EDGE('',*,*,#206,.F.);
#644 = CYLINDRICAL_SURFACE('',#645,2.4);
#645 = AXIS2_PLACEMENT_3D('',#646,#647,#648);
#646 = CARTESIAN_POINT('',(-12.,12.,9.6));
#647 = DIRECTION('',(-0.,-0.,-1.));
#648 = DIRECTION('',(1.,0.,0.));
#649 = ADVANCED_FACE('',(#650),#669,.T.);
#650 = FACE_BOUND('',#651,.F.);
#651 = EDGE_LOOP('',(#652,#660,#667,#668));
#652 = ORIENTED_EDGE('',*,*,#653,.T.);
#653 = EDGE_CURVE('',#218,#654,#656,.T.);
#654 = VERTEX_POINT('',#655);
#655 = CARTESIAN_POINT('',(-1.6,12.,11.15));
#656 = LINE('',#657,#658);
#657 = CARTESIAN_POINT('',(-1.6,12.,9.6));
#658 = VECTOR('',#659,1.);
#659 = DIRECTION('',(0.,0.,1.));
#660 = ORIENTED_EDGE('',*,*,#661,.T.);
#661 = EDGE_CURVE('',#654,#654,#662,.T.);
#662 = CIRCLE('',#663,2.4);
#663 = AXIS2_PLACEMENT_3D('',#664,#665,#666);
#664 = CARTESIAN_POINT('',(-4.,12.,11.15));
#665 = DIRECTION('',(0.,0.,1.));
#666 = DIRECTION('',(1.,0.,0.));
#667 = ORIENTED_EDGE('',*,*,#653,.F.);
#668 = ORIENTED_EDGE('',*,*,#217,.F.);
#669 = CYLINDRICAL_SURFACE('',#670,2.4);
#670 = AXIS2_PLACEMENT_3D('',#671,#672,#673);
#671 = CARTESIAN_POINT('',(-4.,12.,9.6));
#672 = DIRECTION('',(-0.,-0.,-1.));
#673 = DIRECTION('',(1.,0.,0.));
#674 = ADVANCED_FACE('',(#675),#678,.T.);
#675 = FACE_BOUND('',#676,.T.);
#676 = EDGE_LOOP('',(#677));
#677 = ORIENTED_EDGE('',*,*,#234,.T.);
#678 = PLANE('',#679);
#679 = AXIS2_PLACEMENT_3D('',#680,#681,#682);
#680 = CARTESIAN_POINT('',(-12.,-12.,11.4));
#681 = DIRECTION('',(0.,0.,1.));
#682 = DIRECTION('',(1.,0.,0.));
#683 = ADVANCED_FACE('',(#684,#692),#830,.T.);
#684 = FACE_BOUND('',#685,.T.);
#685 = EDGE_LOOP('',(#686,#687,#688,#689,#690,#691));
#686 = ORIENTED_EDGE('',*,*,#276,.T.);
#687 = ORIENTED_EDGE('',*,*,#314,.T.);
#688 = ORIENTED_EDGE('',*,*,#370,.F.);
#689 = ORIENTED_EDGE('',*,*,#386,.T.);
#690 = ORIENTED_EDGE('',*,*,#339,.F.);
#691 = ORIENTED_EDGE('',*,*,#290,.F.);
#692 = FACE_BOUND('',#693,.T.);
#693 = EDGE_LOOP('',(#694,#704,#712,#720,#728,#736,#744,#752,#760,#768,
    #776,#784,#792,#800,#808,#816,#824));
#694 = ORIENTED_EDGE('',*,*,#695,.F.);
#695 = EDGE_CURVE('',#696,#698,#700,.T.);
#696 = VERTEX_POINT('',#697);
#697 = CARTESIAN_POINT('',(-14.64,-14.64,0.));
#698 = VERTEX_POINT('',#699);
#699 = CARTESIAN_POINT('',(-14.64,-9.36,0.));
#700 = LINE('',#701,#702);
#701 = CARTESIAN_POINT('',(-14.64,-14.64,0.));
#702 = VECTOR('',#703,1.);
#703 = DIRECTION('',(0.,1.,0.));
#704 = ORIENTED_EDGE('',*,*,#705,.T.);
#705 = EDGE_CURVE('',#696,#706,#708,.T.);
#706 = VERTEX_POINT('',#707);
#707 = CARTESIAN_POINT('',(14.64,-14.64,0.));
#708 = LINE('',#709,#710);
#709 = CARTESIAN_POINT('',(-14.64,-14.64,0.));
#710 = VECTOR('',#711,1.);
#711 = DIRECTION('',(1.,0.,0.));
#712 = ORIENTED_EDGE('',*,*,#713,.T.);
#713 = EDGE_CURVE('',#706,#714,#716,.T.);
#714 = VERTEX_POINT('',#715);
#715 = CARTESIAN_POINT('',(14.64,-9.36,0.));
#716 = LINE('',#717,#718);
#717 = CARTESIAN_POINT('',(14.64,-14.64,0.));
#718 = VECTOR('',#719,1.);
#719 = DIRECTION('',(0.,1.,0.));
#720 = ORIENTED_EDGE('',*,*,#721,.T.);
#721 = EDGE_CURVE('',#714,#722,#724,.T.);
#722 = VERTEX_POINT('',#723);
#723 = CARTESIAN_POINT('',(14.64,-6.64,0.));
#724 = LINE('',#725,#726);
#725 = CARTESIAN_POINT('',(14.64,-9.36,0.));
#726 = VECTOR('',#727,1.);
#727 = DIRECTION('',(0.,1.,0.));
#728 = ORIENTED_EDGE('',*,*,#729,.T.);
#729 = EDGE_CURVE('',#722,#730,#732,.T.);
#730 = VERTEX_POINT('',#731);
#731 = CARTESIAN_POINT('',(14.64,-1.36,0.));
#732 = LINE('',#733,#734);
#733 = CARTESIAN_POINT('',(14.64,-6.64,0.));
#734 = VECTOR('',#735,1.);
#735 = DIRECTION('',(0.,1.,0.));
#736 = ORIENTED_EDGE('',*,*,#737,.F.);
#737 = EDGE_CURVE('',#738,#730,#740,.T.);
#738 = VERTEX_POINT('',#739);
#739 = CARTESIAN_POINT('',(-1.36,-1.36,0.));
#740 = LINE('',#741,#742);
#741 = CARTESIAN_POINT('',(-14.64,-1.36,0.));
#742 = VECTOR('',#743,1.);
#743 = DIRECTION('',(1.,0.,0.));
#744 = ORIENTED_EDGE('',*,*,#745,.T.);
#745 = EDGE_CURVE('',#738,#746,#748,.T.);
#746 = VERTEX_POINT('',#747);
#747 = CARTESIAN_POINT('',(-1.36,1.36,0.));
#748 = LINE('',#749,#750);
#749 = CARTESIAN_POINT('',(-1.36,-1.36,0.));
#750 = VECTOR('',#751,1.);
#751 = DIRECTION('',(0.,1.,0.));
#752 = ORIENTED_EDGE('',*,*,#753,.T.);
#753 = EDGE_CURVE('',#746,#754,#756,.T.);
#754 = VERTEX_POINT('',#755);
#755 = CARTESIAN_POINT('',(-1.36,6.64,0.));
#756 = LINE('',#757,#758);
#757 = CARTESIAN_POINT('',(-1.36,1.36,0.));
#758 = VECTOR('',#759,1.);
#759 = DIRECTION('',(0.,1.,0.));
#760 = ORIENTED_EDGE('',*,*,#761,.T.);
#761 = EDGE_CURVE('',#754,#762,#764,.T.);
#762 = VERTEX_POINT('',#763);
#763 = CARTESIAN_POINT('',(-1.36,9.36,0.));
#764 = LINE('',#765,#766);
#765 = CARTESIAN_POINT('',(-1.36,6.64,0.));
#766 = VECTOR('',#767,1.);
#767 = DIRECTION('',(0.,1.,0.));
#768 = ORIENTED_EDGE('',*,*,#769,.T.);
#769 = EDGE_CURVE('',#762,#770,#772,.T.);
#770 = VERTEX_POINT('',#771);
#771 = CARTESIAN_POINT('',(-1.36,14.64,0.));
#772 = LINE('',#773,#774);
#773 = CARTESIAN_POINT('',(-1.36,9.36,0.));
#774 = VECTOR('',#775,1.);
#775 = DIRECTION('',(0.,1.,0.));
#776 = ORIENTED_EDGE('',*,*,#777,.F.);
#777 = EDGE_CURVE('',#778,#770,#780,.T.);
#778 = VERTEX_POINT('',#779);
#779 = CARTESIAN_POINT('',(-14.64,14.64,0.));
#780 = LINE('',#781,#782);
#781 = CARTESIAN_POINT('',(-14.64,14.64,0.));
#782 = VECTOR('',#783,1.);
#783 = DIRECTION('',(1.,0.,0.));
#784 = ORIENTED_EDGE('',*,*,#785,.F.);
#785 = EDGE_CURVE('',#786,#778,#788,.T.);
#786 = VERTEX_POINT('',#787);
#787 = CARTESIAN_POINT('',(-14.64,9.36,0.));
#788 = LINE('',#789,#790);
#789 = CARTESIAN_POINT('',(-14.64,9.36,0.));
#790 = VECTOR('',#791,1.);
#791 = DIRECTION('',(0.,1.,0.));
#792 = ORIENTED_EDGE('',*,*,#793,.F.);
#793 = EDGE_CURVE('',#794,#786,#796,.T.);
#794 = VERTEX_POINT('',#795);
#795 = CARTESIAN_POINT('',(-14.64,6.64,0.));
#796 = LINE('',#797,#798);
#797 = CARTESIAN_POINT('',(-14.64,6.64,0.));
#798 = VECTOR('',#799,1.);
#799 = DIRECTION('',(0.,1.,0.));
#800 = ORIENTED_EDGE('',*,*,#801,.F.);
#801 = EDGE_CURVE('',#802,#794,#804,.T.);
#802 = VERTEX_POINT('',#803);
#803 = CARTESIAN_POINT('',(-14.64,1.36,0.));
#804 = LINE('',#805,#806);
#805 = CARTESIAN_POINT('',(-14.64,1.36,0.));
#806 = VECTOR('',#807,1.);
#807 = DIRECTION('',(0.,1.,0.));
#808 = ORIENTED_EDGE('',*,*,#809,.F.);
#809 = EDGE_CURVE('',#810,#802,#812,.T.);
#810 = VERTEX_POINT('',#811);
#811 = CARTESIAN_POINT('',(-14.64,-1.36,0.));
#812 = LINE('',#813,#814);
#813 = CARTESIAN_POINT('',(-14.64,-1.36,0.));
#814 = VECTOR('',#815,1.);
#815 = DIRECTION('',(0.,1.,0.));
#816 = ORIENTED_EDGE('',*,*,#817,.F.);
#817 = EDGE_CURVE('',#818,#810,#820,.T.);
#818 = VERTEX_POINT('',#819);
#819 = CARTESIAN_POINT('',(-14.64,-6.64,0.));
#820 = LINE('',#821,#822);
#821 = CARTESIAN_POINT('',(-14.64,-6.64,0.));
#822 = VECTOR('',#823,1.);
#823 = DIRECTION('',(0.,1.,0.));
#824 = ORIENTED_EDGE('',*,*,#825,.F.);
#825 = EDGE_CURVE('',#698,#818,#826,.T.);
#826 = LINE('',#827,#828);
#827 = CARTESIAN_POINT('',(-14.64,-9.36,0.));
#828 = VECTOR('',#829,1.);
#829 = DIRECTION('',(0.,1.,0.));
#830 = PLANE('',#831);
#831 = AXIS2_PLACEMENT_3D('',#832,#833,#834);
#832 = CARTESIAN_POINT('',(-2.012578616352,-2.012578616352,0.));
#833 = DIRECTION('',(-0.,-0.,-1.));
#834 = DIRECTION('',(-1.,0.,0.));
#835 = ADVANCED_FACE('',(#836),#855,.T.);
#836 = FACE_BOUND('',#837,.T.);
#837 = EDGE_LOOP('',(#838,#847,#853,#854));
#838 = ORIENTED_EDGE('',*,*,#839,.F.);
#839 = EDGE_CURVE('',#840,#840,#842,.T.);
#840 = VERTEX_POINT('',#841);
#841 = CARTESIAN_POINT('',(-1.85,-12.,11.4));
#842 = CIRCLE('',#843,2.15);
#843 = AXIS2_PLACEMENT_3D('',#844,#845,#846);
#844 = CARTESIAN_POINT('',(-4.,-12.,11.4));
#845 = DIRECTION('',(0.,0.,1.));
#846 = DIRECTION('',(1.,0.,0.));
#847 = ORIENTED_EDGE('',*,*,#848,.F.);
#848 = EDGE_CURVE('',#404,#840,#849,.T.);
#849 = LINE('',#850,#851);
#850 = CARTESIAN_POINT('',(-1.6,-12.,11.15));
#851 = VECTOR('',#852,1.);
#852 = DIRECTION('',(-0.707106781187,1.731912112471E-16,0.707106781187)
  );
#853 = ORIENTED_EDGE('',*,*,#411,.T.);
#854 = ORIENTED_EDGE('',*,*,#848,.T.);
#855 = CONICAL_SURFACE('',#856,2.4,0.785398163397);
#856 = AXIS2_PLACEMENT_3D('',#857,#858,#859);
#857 = CARTESIAN_POINT('',(-4.,-12.,11.15));
#858 = DIRECTION('',(-0.,-0.,-1.));
#859 = DIRECTION('',(1.,0.,0.));
#860 = ADVANCED_FACE('',(#861),#880,.T.);
#861 = FACE_BOUND('',#862,.T.);
#862 = EDGE_LOOP('',(#863,#872,#878,#879));
#863 = ORIENTED_EDGE('',*,*,#864,.F.);
#864 = EDGE_CURVE('',#865,#865,#867,.T.);
#865 = VERTEX_POINT('',#866);
#866 = CARTESIAN_POINT('',(-9.85,-4.,11.4));
#867 = CIRCLE('',#868,2.15);
#868 = AXIS2_PLACEMENT_3D('',#869,#870,#871);
#869 = CARTESIAN_POINT('',(-12.,-4.,11.4));
#870 = DIRECTION('',(0.,0.,1.));
#871 = DIRECTION('',(1.,0.,0.));
#872 = ORIENTED_EDGE('',*,*,#873,.F.);
#873 = EDGE_CURVE('',#429,#865,#874,.T.);
#874 = LINE('',#875,#876);
#875 = CARTESIAN_POINT('',(-9.6,-4.,11.15));
#876 = VECTOR('',#877,1.);
#877 = DIRECTION('',(-0.707106781187,1.731912112471E-16,0.707106781187)
  );
#878 = ORIENTED_EDGE('',*,*,#436,.T.);
#879 = ORIENTED_EDGE('',*,*,#873,.T.);
#880 = CONICAL_SURFACE('',#881,2.4,0.785398163397);
#881 = AXIS2_PLACEMENT_3D('',#882,#883,#884);
#882 = CARTESIAN_POINT('',(-12.,-4.,11.15));
#883 = DIRECTION('',(-0.,-0.,-1.));
#884 = DIRECTION('',(1.,0.,0.));
#885 = ADVANCED_FACE('',(#886),#905,.T.);
#886 = FACE_BOUND('',#887,.T.);
#887 = EDGE_LOOP('',(#888,#897,#903,#904));
#888 = ORIENTED_EDGE('',*,*,#889,.F.);
#889 = EDGE_CURVE('',#890,#890,#892,.T.);
#890 = VERTEX_POINT('',#891);
#891 = CARTESIAN_POINT('',(-1.85,-4.,11.4));
#892 = CIRCLE('',#893,2.15);
#893 = AXIS2_PLACEMENT_3D('',#894,#895,#896);
#894 = CARTESIAN_POINT('',(-4.,-4.,11.4));
#895 = DIRECTION('',(0.,0.,1.));
#896 = DIRECTION('',(1.,0.,0.));
#897 = ORIENTED_EDGE('',*,*,#898,.F.);
#898 = EDGE_CURVE('',#454,#890,#899,.T.);
#899 = LINE('',#900,#901);
#900 = CARTESIAN_POINT('',(-1.6,-4.,11.15));
#901 = VECTOR('',#902,1.);
#902 = DIRECTION('',(-0.707106781187,1.731912112471E-16,0.707106781187)
  );
#903 = ORIENTED_EDGE('',*,*,#461,.T.);
#904 = ORIENTED_EDGE('',*,*,#898,.T.);
#905 = CONICAL_SURFACE('',#906,2.4,0.785398163397);
#906 = AXIS2_PLACEMENT_3D('',#907,#908,#909);
#907 = CARTESIAN_POINT('',(-4.,-4.,11.15));
#908 = DIRECTION('',(-0.,-0.,-1.));
#909 = DIRECTION('',(1.,0.,0.));
#910 = ADVANCED_FACE('',(#911),#930,.T.);
#911 = FACE_BOUND('',#912,.T.);
#912 = EDGE_LOOP('',(#913,#922,#928,#929));
#913 = ORIENTED_EDGE('',*,*,#914,.F.);
#914 = EDGE_CURVE('',#915,#915,#917,.T.);
#915 = VERTEX_POINT('',#916);
#916 = CARTESIAN_POINT('',(6.15,-12.,11.4));
#917 = CIRCLE('',#918,2.15);
#918 = AXIS2_PLACEMENT_3D('',#919,#920,#921);
#919 = CARTESIAN_POINT('',(4.,-12.,11.4));
#920 = DIRECTION('',(0.,0.,1.));
#921 = DIRECTION('',(1.,0.,0.));
#922 = ORIENTED_EDGE('',*,*,#923,.F.);
#923 = EDGE_CURVE('',#479,#915,#924,.T.);
#924 = LINE('',#925,#926);
#925 = CARTESIAN_POINT('',(6.4,-12.,11.15));
#926 = VECTOR('',#927,1.);
#927 = DIRECTION('',(-0.707106781187,1.731912112471E-16,0.707106781187)
  );
#928 = ORIENTED_EDGE('',*,*,#486,.T.);
#929 = ORIENTED_EDGE('',*,*,#923,.T.);
#930 = CONICAL_SURFACE('',#931,2.4,0.785398163397);
#931 = AXIS2_PLACEMENT_3D('',#932,#933,#934);
#932 = CARTESIAN_POINT('',(4.,-12.,11.15));
#933 = DIRECTION('',(-0.,-0.,-1.));
#934 = DIRECTION('',(1.,0.,0.));
#935 = ADVANCED_FACE('',(#936),#955,.T.);
#936 = FACE_BOUND('',#937,.T.);
#937 = EDGE_LOOP('',(#938,#947,#953,#954));
#938 = ORIENTED_EDGE('',*,*,#939,.F.);
#939 = EDGE_CURVE('',#940,#940,#942,.T.);
#940 = VERTEX_POINT('',#941);
#941 = CARTESIAN_POINT('',(14.15,-12.,11.4));
#942 = CIRCLE('',#943,2.15);
#943 = AXIS2_PLACEMENT_3D('',#944,#945,#946);
#944 = CARTESIAN_POINT('',(12.,-12.,11.4));
#945 = DIRECTION('',(0.,0.,1.));
#946 = DIRECTION('',(1.,0.,0.));
#947 = ORIENTED_EDGE('',*,*,#948,.F.);
#948 = EDGE_CURVE('',#504,#940,#949,.T.);
#949 = LINE('',#950,#951);
#950 = CARTESIAN_POINT('',(14.4,-12.,11.15));
#951 = VECTOR('',#952,1.);
#952 = DIRECTION('',(-0.707106781187,1.731912112471E-16,0.707106781187)
  );
#953 = ORIENTED_EDGE('',*,*,#511,.T.);
#954 = ORIENTED_EDGE('',*,*,#948,.T.);
#955 = CONICAL_SURFACE('',#956,2.4,0.785398163397);
#956 = AXIS2_PLACEMENT_3D('',#957,#958,#959);
#957 = CARTESIAN_POINT('',(12.,-12.,11.15));
#958 = DIRECTION('',(-0.,-0.,-1.));
#959 = DIRECTION('',(1.,0.,0.));
#960 = ADVANCED_FACE('',(#961),#980,.T.);
#961 = FACE_BOUND('',#962,.T.);
#962 = EDGE_LOOP('',(#963,#972,#978,#979));
#963 = ORIENTED_EDGE('',*,*,#964,.F.);
#964 = EDGE_CURVE('',#965,#965,#967,.T.);
#965 = VERTEX_POINT('',#966);
#966 = CARTESIAN_POINT('',(6.15,-4.,11.4));
#967 = CIRCLE('',#968,2.15);
#968 = AXIS2_PLACEMENT_3D('',#969,#970,#971);
#969 = CARTESIAN_POINT('',(4.,-4.,11.4));
#970 = DIRECTION('',(0.,0.,1.));
#971 = DIRECTION('',(1.,0.,0.));
#972 = ORIENTED_EDGE('',*,*,#973,.F.);
#973 = EDGE_CURVE('',#529,#965,#974,.T.);
#974 = LINE('',#975,#976);
#975 = CARTESIAN_POINT('',(6.4,-4.,11.15));
#976 = VECTOR('',#977,1.);
#977 = DIRECTION('',(-0.707106781187,1.731912112471E-16,0.707106781187)
  );
#978 = ORIENTED_EDGE('',*,*,#536,.T.);
#979 = ORIENTED_EDGE('',*,*,#973,.T.);
#980 = CONICAL_SURFACE('',#981,2.4,0.785398163397);
#981 = AXIS2_PLACEMENT_3D('',#982,#983,#984);
#982 = CARTESIAN_POINT('',(4.,-4.,11.15));
#983 = DIRECTION('',(-0.,-0.,-1.));
#984 = DIRECTION('',(1.,0.,0.));
#985 = ADVANCED_FACE('',(#986),#1005,.T.);
#986 = FACE_BOUND('',#987,.T.);
#987 = EDGE_LOOP('',(#988,#997,#1003,#1004));
#988 = ORIENTED_EDGE('',*,*,#989,.F.);
#989 = EDGE_CURVE('',#990,#990,#992,.T.);
#990 = VERTEX_POINT('',#991);
#991 = CARTESIAN_POINT('',(14.15,-4.,11.4));
#992 = CIRCLE('',#993,2.15);
#993 = AXIS2_PLACEMENT_3D('',#994,#995,#996);
#994 = CARTESIAN_POINT('',(12.,-4.,11.4));
#995 = DIRECTION('',(0.,0.,1.));
#996 = DIRECTION('',(1.,0.,0.));
#997 = ORIENTED_EDGE('',*,*,#998,.F.);
#998 = EDGE_CURVE('',#554,#990,#999,.T.);
#999 = LINE('',#1000,#1001);
#1000 = CARTESIAN_POINT('',(14.4,-4.,11.15));
#1001 = VECTOR('',#1002,1.);
#1002 = DIRECTION('',(-0.707106781187,1.731912112471E-16,0.707106781187)
  );
#1003 = ORIENTED_EDGE('',*,*,#561,.T.);
#1004 = ORIENTED_EDGE('',*,*,#998,.T.);
#1005 = CONICAL_SURFACE('',#1006,2.4,0.785398163397);
#1006 = AXIS2_PLACEMENT_3D('',#1007,#1008,#1009);
#1007 = CARTESIAN_POINT('',(12.,-4.,11.15));
#1008 = DIRECTION('',(-0.,-0.,-1.));
#1009 = DIRECTION('',(1.,0.,0.));
#1010 = ADVANCED_FACE('',(#1011),#1030,.T.);
#1011 = FACE_BOUND('',#1012,.T.);
#1012 = EDGE_LOOP('',(#1013,#1022,#1028,#1029));
#1013 = ORIENTED_EDGE('',*,*,#1014,.F.);
#1014 = EDGE_CURVE('',#1015,#1015,#1017,.T.);
#1015 = VERTEX_POINT('',#1016);
#1016 = CARTESIAN_POINT('',(-9.85,4.,11.4));
#1017 = CIRCLE('',#1018,2.15);
#1018 = AXIS2_PLACEMENT_3D('',#1019,#1020,#1021);
#1019 = CARTESIAN_POINT('',(-12.,4.,11.4));
#1020 = DIRECTION('',(0.,0.,1.));
#1021 = DIRECTION('',(1.,0.,0.));
#1022 = ORIENTED_EDGE('',*,*,#1023,.F.);
#1023 = EDGE_CURVE('',#579,#1015,#1024,.T.);
#1024 = LINE('',#1025,#1026);
#1025 = CARTESIAN_POINT('',(-9.6,4.,11.15));
#1026 = VECTOR('',#1027,1.);
#1027 = DIRECTION('',(-0.707106781187,1.731912112471E-16,0.707106781187)
  );
#1028 = ORIENTED_EDGE('',*,*,#586,.T.);
#1029 = ORIENTED_EDGE('',*,*,#1023,.T.);
#1030 = CONICAL_SURFACE('',#1031,2.4,0.785398163397);
#1031 = AXIS2_PLACEMENT_3D('',#1032,#1033,#1034);
#1032 = CARTESIAN_POINT('',(-12.,4.,11.15));
#1033 = DIRECTION('',(-0.,-0.,-1.));
#1034 = DIRECTION('',(1.,0.,0.));
#1035 = ADVANCED_FACE('',(#1036),#1055,.T.);
#1036 = FACE_BOUND('',#1037,.T.);
#1037 = EDGE_LOOP('',(#1038,#1047,#1053,#1054));
#1038 = ORIENTED_EDGE('',*,*,#1039,.F.);
#1039 = EDGE_CURVE('',#1040,#1040,#1042,.T.);
#1040 = VERTEX_POINT('',#1041);
#1041 = CARTESIAN_POINT('',(-1.85,4.,11.4));
#1042 = CIRCLE('',#1043,2.15);
#1043 = AXIS2_PLACEMENT_3D('',#1044,#1045,#1046);
#1044 = CARTESIAN_POINT('',(-4.,4.,11.4));
#1045 = DIRECTION('',(0.,0.,1.));
#1046 = DIRECTION('',(1.,0.,0.));
#1047 = ORIENTED_EDGE('',*,*,#1048,.F.);
#1048 = EDGE_CURVE('',#604,#1040,#1049,.T.);
#1049 = LINE('',#1050,#1051);
#1050 = CARTESIAN_POINT('',(-1.6,4.,11.15));
#1051 = VECTOR('',#1052,1.);
#1052 = DIRECTION('',(-0.707106781187,1.731912112471E-16,0.707106781187)
  );
#1053 = ORIENTED_EDGE('',*,*,#611,.T.);
#1054 = ORIENTED_EDGE('',*,*,#1048,.T.);
#1055 = CONICAL_SURFACE('',#1056,2.4,0.785398163397);
#1056 = AXIS2_PLACEMENT_3D('',#1057,#1058,#1059);
#1057 = CARTESIAN_POINT('',(-4.,4.,11.15));
#1058 = DIRECTION('',(-0.,-0.,-1.));
#1059 = DIRECTION('',(1.,0.,0.));
#1060 = ADVANCED_FACE('',(#1061),#1080,.T.);
#1061 = FACE_BOUND('',#1062,.T.);
#1062 = EDGE_LOOP('',(#1063,#1072,#1078,#1079));
#1063 = ORIENTED_EDGE('',*,*,#1064,.F.);
#1064 = EDGE_CURVE('',#1065,#1065,#1067,.T.);
#1065 = VERTEX_POINT('',#1066);
#1066 = CARTESIAN_POINT('',(-9.85,12.,11.4));
#1067 = CIRCLE('',#1068,2.15);
#1068 = AXIS2_PLACEMENT_3D('',#1069,#1070,#1071);
#1069 = CARTESIAN_POINT('',(-12.,12.,11.4));
#1070 = DIRECTION('',(0.,0.,1.));
#1071 = DIRECTION('',(1.,0.,0.));
#1072 = ORIENTED_EDGE('',*,*,#1073,.F.);
#1073 = EDGE_CURVE('',#629,#1065,#1074,.T.);
#1074 = LINE('',#1075,#1076);
#1075 = CARTESIAN_POINT('',(-9.6,12.,11.15));
#1076 = VECTOR('',#1077,1.);
#1077 = DIRECTION('',(-0.707106781187,1.731912112471E-16,0.707106781187)
  );
#1078 = ORIENTED_EDGE('',*,*,#636,.T.);
#1079 = ORIENTED_EDGE('',*,*,#1073,.T.);
#1080 = CONICAL_SURFACE('',#1081,2.4,0.785398163397);
#1081 = AXIS2_PLACEMENT_3D('',#1082,#1083,#1084);
#1082 = CARTESIAN_POINT('',(-12.,12.,11.15));
#1083 = DIRECTION('',(-0.,-0.,-1.));
#1084 = DIRECTION('',(1.,0.,0.));
#1085 = ADVANCED_FACE('',(#1086),#1105,.T.);
#1086 = FACE_BOUND('',#1087,.T.);
#1087 = EDGE_LOOP('',(#1088,#1097,#1103,#1104));
#1088 = ORIENTED_EDGE('',*,*,#1089,.F.);
#1089 = EDGE_CURVE('',#1090,#1090,#1092,.T.);
#1090 = VERTEX_POINT('',#1091);
#1091 = CARTESIAN_POINT('',(-1.85,12.,11.4));
#1092 = CIRCLE('',#1093,2.15);
#1093 = AXIS2_PLACEMENT_3D('',#1094,#1095,#1096);
#1094 = CARTESIAN_POINT('',(-4.,12.,11.4));
#1095 = DIRECTION('',(0.,0.,1.));
#1096 = DIRECTION('',(1.,0.,0.));
#1097 = ORIENTED_EDGE('',*,*,#1098,.F.);
#1098 = EDGE_CURVE('',#654,#1090,#1099,.T.);
#1099 = LINE('',#1100,#1101);
#1100 = CARTESIAN_POINT('',(-1.6,12.,11.15));
#1101 = VECTOR('',#1102,1.);
#1102 = DIRECTION('',(-0.707106781187,1.731912112471E-16,0.707106781187)
  );
#1103 = ORIENTED_EDGE('',*,*,#661,.T.);
#1104 = ORIENTED_EDGE('',*,*,#1098,.T.);
#1105 = CONICAL_SURFACE('',#1106,2.4,0.785398163397);
#1106 = AXIS2_PLACEMENT_3D('',#1107,#1108,#1109);
#1107 = CARTESIAN_POINT('',(-4.,12.,11.15));
#1108 = DIRECTION('',(-0.,-0.,-1.));
#1109 = DIRECTION('',(1.,0.,0.));
#1110 = ADVANCED_FACE('',(#1111),#1134,.F.);
#1111 = FACE_BOUND('',#1112,.F.);
#1112 = EDGE_LOOP('',(#1113,#1114,#1121,#1129));
#1113 = ORIENTED_EDGE('',*,*,#695,.F.);
#1114 = ORIENTED_EDGE('',*,*,#1115,.T.);
#1115 = EDGE_CURVE('',#696,#1116,#1118,.T.);
#1116 = VERTEX_POINT('',#1117);
#1117 = CARTESIAN_POINT('',(-14.44,-14.44,0.3));
#1118 = B_SPLINE_CURVE_WITH_KNOTS('',1,(#1119,#1120),.UNSPECIFIED.,.F.,
  .F.,(2,2),(0.,1.),.PIECEWISE_BEZIER_KNOTS.);
#1119 = CARTESIAN_POINT('',(-14.64,-14.64,0.));
#1120 = CARTESIAN_POINT('',(-14.44,-14.44,0.3));
#1121 = ORIENTED_EDGE('',*,*,#1122,.T.);
#1122 = EDGE_CURVE('',#1116,#1123,#1125,.T.);
#1123 = VERTEX_POINT('',#1124);
#1124 = CARTESIAN_POINT('',(-14.44,-9.56,0.3));
#1125 = LINE('',#1126,#1127);
#1126 = CARTESIAN_POINT('',(-14.44,-14.44,0.3));
#1127 = VECTOR('',#1128,1.);
#1128 = DIRECTION('',(0.,1.,0.));
#1129 = ORIENTED_EDGE('',*,*,#1130,.F.);
#1130 = EDGE_CURVE('',#698,#1123,#1131,.T.);
#1131 = B_SPLINE_CURVE_WITH_KNOTS('',1,(#1132,#1133),.UNSPECIFIED.,.F.,
  .F.,(2,2),(0.,1.),.PIECEWISE_BEZIER_KNOTS.);
#1132 = CARTESIAN_POINT('',(-14.64,-9.36,0.));
#1133 = CARTESIAN_POINT('',(-14.44,-9.56,0.3));
#1134 = B_SPLINE_SURFACE_WITH_KNOTS('',1,1,(
    (#1135,#1136)
    ,(#1137,#1138
    )),.UNSPECIFIED.,.F.,.F.,.F.,(2,2),(2,2),(-5.28,0.),(0.,1.),
  .PIECEWISE_BEZIER_KNOTS.);
#1135 = CARTESIAN_POINT('',(-14.64,-9.36,0.));
#1136 = CARTESIAN_POINT('',(-14.44,-9.56,0.3));
#1137 = CARTESIAN_POINT('',(-14.64,-14.64,0.));
#1138 = CARTESIAN_POINT('',(-14.44,-14.44,0.3));
#1139 = ADVANCED_FACE('',(#1140),#1157,.F.);
#1140 = FACE_BOUND('',#1141,.F.);
#1141 = EDGE_LOOP('',(#1142,#1143,#1144,#1152));
#1142 = ORIENTED_EDGE('',*,*,#825,.F.);
#1143 = ORIENTED_EDGE('',*,*,#1130,.T.);
#1144 = ORIENTED_EDGE('',*,*,#1145,.T.);
#1145 = EDGE_CURVE('',#1123,#1146,#1148,.T.);
#1146 = VERTEX_POINT('',#1147);
#1147 = CARTESIAN_POINT('',(-14.44,-6.44,0.3));
#1148 = LINE('',#1149,#1150);
#1149 = CARTESIAN_POINT('',(-14.44,-9.56,0.3));
#1150 = VECTOR('',#1151,1.);
#1151 = DIRECTION('',(0.,1.,0.));
#1152 = ORIENTED_EDGE('',*,*,#1153,.F.);
#1153 = EDGE_CURVE('',#818,#1146,#1154,.T.);
#1154 = B_SPLINE_CURVE_WITH_KNOTS('',1,(#1155,#1156),.UNSPECIFIED.,.F.,
  .F.,(2,2),(0.,1.),.PIECEWISE_BEZIER_KNOTS.);
#1155 = CARTESIAN_POINT('',(-14.64,-6.64,0.));
#1156 = CARTESIAN_POINT('',(-14.44,-6.44,0.3));
#1157 = B_SPLINE_SURFACE_WITH_KNOTS('',1,1,(
    (#1158,#1159)
    ,(#1160,#1161
    )),.UNSPECIFIED.,.F.,.F.,.F.,(2,2),(2,2),(-3.12,0.),(0.,1.),
  .PIECEWISE_BEZIER_KNOTS.);
#1158 = CARTESIAN_POINT('',(-14.64,-6.64,0.));
#1159 = CARTESIAN_POINT('',(-14.44,-6.44,0.3));
#1160 = CARTESIAN_POINT('',(-14.64,-9.36,0.));
#1161 = CARTESIAN_POINT('',(-14.44,-9.56,0.3));
#1162 = ADVANCED_FACE('',(#1163),#1180,.F.);
#1163 = FACE_BOUND('',#1164,.F.);
#1164 = EDGE_LOOP('',(#1165,#1166,#1167,#1175));
#1165 = ORIENTED_EDGE('',*,*,#817,.F.);
#1166 = ORIENTED_EDGE('',*,*,#1153,.T.);
#1167 = ORIENTED_EDGE('',*,*,#1168,.T.);
#1168 = EDGE_CURVE('',#1146,#1169,#1171,.T.);
#1169 = VERTEX_POINT('',#1170);
#1170 = CARTESIAN_POINT('',(-14.44,-1.56,0.3));
#1171 = LINE('',#1172,#1173);
#1172 = CARTESIAN_POINT('',(-14.44,-6.44,0.3));
#1173 = VECTOR('',#1174,1.);
#1174 = DIRECTION('',(0.,1.,0.));
#1175 = ORIENTED_EDGE('',*,*,#1176,.F.);
#1176 = EDGE_CURVE('',#810,#1169,#1177,.T.);
#1177 = B_SPLINE_CURVE_WITH_KNOTS('',1,(#1178,#1179),.UNSPECIFIED.,.F.,
  .F.,(2,2),(0.,1.),.PIECEWISE_BEZIER_KNOTS.);
#1178 = CARTESIAN_POINT('',(-14.64,-1.36,0.));
#1179 = CARTESIAN_POINT('',(-14.44,-1.56,0.3));
#1180 = B_SPLINE_SURFACE_WITH_KNOTS('',1,1,(
    (#1181,#1182)
    ,(#1183,#1184
    )),.UNSPECIFIED.,.F.,.F.,.F.,(2,2),(2,2),(-5.28,0.),(0.,1.),
  .PIECEWISE_BEZIER_KNOTS.);
#1181 = CARTESIAN_POINT('',(-14.64,-1.36,0.));
#1182 = CARTESIAN_POINT('',(-14.44,-1.56,0.3));
#1183 = CARTESIAN_POINT('',(-14.64,-6.64,0.));
#1184 = CARTESIAN_POINT('',(-14.44,-6.44,0.3));
#1185 = ADVANCED_FACE('',(#1186),#1203,.F.);
#1186 = FACE_BOUND('',#1187,.F.);
#1187 = EDGE_LOOP('',(#1188,#1189,#1190,#1198));
#1188 = ORIENTED_EDGE('',*,*,#809,.F.);
#1189 = ORIENTED_EDGE('',*,*,#1176,.T.);
#1190 = ORIENTED_EDGE('',*,*,#1191,.T.);
#1191 = EDGE_CURVE('',#1169,#1192,#1194,.T.);
#1192 = VERTEX_POINT('',#1193);
#1193 = CARTESIAN_POINT('',(-14.44,1.56,0.3));
#1194 = LINE('',#1195,#1196);
#1195 = CARTESIAN_POINT('',(-14.44,-1.56,0.3));
#1196 = VECTOR('',#1197,1.);
#1197 = DIRECTION('',(0.,1.,0.));
#1198 = ORIENTED_EDGE('',*,*,#1199,.F.);
#1199 = EDGE_CURVE('',#802,#1192,#1200,.T.);
#1200 = B_SPLINE_CURVE_WITH_KNOTS('',1,(#1201,#1202),.UNSPECIFIED.,.F.,
  .F.,(2,2),(0.,1.),.PIECEWISE_BEZIER_KNOTS.);
#1201 = CARTESIAN_POINT('',(-14.64,1.36,0.));
#1202 = CARTESIAN_POINT('',(-14.44,1.56,0.3));
#1203 = B_SPLINE_SURFACE_WITH_KNOTS('',1,1,(
    (#1204,#1205)
    ,(#1206,#1207
    )),.UNSPECIFIED.,.F.,.F.,.F.,(2,2),(2,2),(-3.12,0.),(0.,1.),
  .PIECEWISE_BEZIER_KNOTS.);
#1204 = CARTESIAN_POINT('',(-14.64,1.36,0.));
#1205 = CARTESIAN_POINT('',(-14.44,1.56,0.3));
#1206 = CARTESIAN_POINT('',(-14.64,-1.36,0.));
#1207 = CARTESIAN_POINT('',(-14.44,-1.56,0.3));
#1208 = ADVANCED_FACE('',(#1209),#1226,.F.);
#1209 = FACE_BOUND('',#1210,.F.);
#1210 = EDGE_LOOP('',(#1211,#1212,#1213,#1221));
#1211 = ORIENTED_EDGE('',*,*,#801,.F.);
#1212 = ORIENTED_EDGE('',*,*,#1199,.T.);
#1213 = ORIENTED_EDGE('',*,*,#1214,.T.);
#1214 = EDGE_CURVE('',#1192,#1215,#1217,.T.);
#1215 = VERTEX_POINT('',#1216);
#1216 = CARTESIAN_POINT('',(-14.44,6.44,0.3));
#1217 = LINE('',#1218,#1219);
#1218 = CARTESIAN_POINT('',(-14.44,1.56,0.3));
#1219 = VECTOR('',#1220,1.);
#1220 = DIRECTION('',(0.,1.,0.));
#1221 = ORIENTED_EDGE('',*,*,#1222,.F.);
#1222 = EDGE_CURVE('',#794,#1215,#1223,.T.);
#1223 = B_SPLINE_CURVE_WITH_KNOTS('',1,(#1224,#1225),.UNSPECIFIED.,.F.,
  .F.,(2,2),(0.,1.),.PIECEWISE_BEZIER_KNOTS.);
#1224 = CARTESIAN_POINT('',(-14.64,6.64,0.));
#1225 = CARTESIAN_POINT('',(-14.44,6.44,0.3));
#1226 = B_SPLINE_SURFACE_WITH_KNOTS('',1,1,(
    (#1227,#1228)
    ,(#1229,#1230
    )),.UNSPECIFIED.,.F.,.F.,.F.,(2,2),(2,2),(-5.28,0.),(0.,1.),
  .PIECEWISE_BEZIER_KNOTS.);
#1227 = CARTESIAN_POINT('',(-14.64,6.64,0.));
#1228 = CARTESIAN_POINT('',(-14.44,6.44,0.3));
#1229 = CARTESIAN_POINT('',(-14.64,1.36,0.));
#1230 = CARTESIAN_POINT('',(-14.44,1.56,0.3));
#1231 = ADVANCED_FACE('',(#1232),#1249,.F.);
#1232 = FACE_BOUND('',#1233,.F.);
#1233 = EDGE_LOOP('',(#1234,#1235,#1236,#1244));
#1234 = ORIENTED_EDGE('',*,*,#793,.F.);
#1235 = ORIENTED_EDGE('',*,*,#1222,.T.);
#1236 = ORIENTED_EDGE('',*,*,#1237,.T.);
#1237 = EDGE_CURVE('',#1215,#1238,#1240,.T.);
#1238 = VERTEX_POINT('',#1239);
#1239 = CARTESIAN_POINT('',(-14.44,9.56,0.3));
#1240 = LINE('',#1241,#1242);
#1241 = CARTESIAN_POINT('',(-14.44,6.44,0.3));
#1242 = VECTOR('',#1243,1.);
#1243 = DIRECTION('',(0.,1.,0.));
#1244 = ORIENTED_EDGE('',*,*,#1245,.F.);
#1245 = EDGE_CURVE('',#786,#1238,#1246,.T.);
#1246 = B_SPLINE_CURVE_WITH_KNOTS('',1,(#1247,#1248),.UNSPECIFIED.,.F.,
  .F.,(2,2),(0.,1.),.PIECEWISE_BEZIER_KNOTS.);
#1247 = CARTESIAN_POINT('',(-14.64,9.36,0.));
#1248 = CARTESIAN_POINT('',(-14.44,9.56,0.3));
#1249 = B_SPLINE_SURFACE_WITH_KNOTS('',1,1,(
    (#1250,#1251)
    ,(#1252,#1253
    )),.UNSPECIFIED.,.F.,.F.,.F.,(2,2),(2,2),(-3.12,0.),(0.,1.),
  .PIECEWISE_BEZIER_KNOTS.);
#1250 = CARTESIAN_POINT('',(-14.64,9.36,0.));
#1251 = CARTESIAN_POINT('',(-14.44,9.56,0.3));
#1252 = CARTESIAN_POINT('',(-14.64,6.64,0.));
#1253 = CARTESIAN_POINT('',(-14.44,6.44,0.3));
#1254 = ADVANCED_FACE('',(#1255),#1272,.F.);
#1255 = FACE_BOUND('',#1256,.F.);
#1256 = EDGE_LOOP('',(#1257,#1258,#1259,#1267));
#1257 = ORIENTED_EDGE('',*,*,#785,.F.);
#1258 = ORIENTED_EDGE('',*,*,#1245,.T.);
#1259 = ORIENTED_EDGE('',*,*,#1260,.T.);
#1260 = EDGE_CURVE('',#1238,#1261,#1263,.T.);
#1261 = VERTEX_POINT('',#1262);
#1262 = CARTESIAN_POINT('',(-14.44,14.44,0.3));
#1263 = LINE('',#1264,#1265);
#1264 = CARTESIAN_POINT('',(-14.44,9.56,0.3));
#1265 = VECTOR('',#1266,1.);
#1266 = DIRECTION('',(0.,1.,0.));
#1267 = ORIENTED_EDGE('',*,*,#1268,.F.);
#1268 = EDGE_CURVE('',#778,#1261,#1269,.T.);
#1269 = B_SPLINE_CURVE_WITH_KNOTS('',1,(#1270,#1271),.UNSPECIFIED.,.F.,
  .F.,(2,2),(0.,1.),.PIECEWISE_BEZIER_KNOTS.);
#1270 = CARTESIAN_POINT('',(-14.64,14.64,0.));
#1271 = CARTESIAN_POINT('',(-14.44,14.44,0.3));
#1272 = B_SPLINE_SURFACE_WITH_KNOTS('',1,1,(
    (#1273,#1274)
    ,(#1275,#1276
    )),.UNSPECIFIED.,.F.,.F.,.F.,(2,2),(2,2),(-5.28,0.),(0.,1.),
  .PIECEWISE_BEZIER_KNOTS.);
#1273 = CARTESIAN_POINT('',(-14.64,14.64,0.));
#1274 = CARTESIAN_POINT('',(-14.44,14.44,0.3));
#1275 = CARTESIAN_POINT('',(-14.64,9.36,0.));
#1276 = CARTESIAN_POINT('',(-14.44,9.56,0.3));
#1277 = ADVANCED_FACE('',(#1278),#1295,.F.);
#1278 = FACE_BOUND('',#1279,.F.);
#1279 = EDGE_LOOP('',(#1280,#1281,#1282,#1290));
#1280 = ORIENTED_EDGE('',*,*,#777,.F.);
#1281 = ORIENTED_EDGE('',*,*,#1268,.T.);
#1282 = ORIENTED_EDGE('',*,*,#1283,.T.);
#1283 = EDGE_CURVE('',#1261,#1284,#1286,.T.);
#1284 = VERTEX_POINT('',#1285);
#1285 = CARTESIAN_POINT('',(-1.56,14.44,0.3));
#1286 = LINE('',#1287,#1288);
#1287 = CARTESIAN_POINT('',(-14.44,14.44,0.3));
#1288 = VECTOR('',#1289,1.);
#1289 = DIRECTION('',(1.,0.,0.));
#1290 = ORIENTED_EDGE('',*,*,#1291,.F.);
#1291 = EDGE_CURVE('',#770,#1284,#1292,.T.);
#1292 = B_SPLINE_CURVE_WITH_KNOTS('',1,(#1293,#1294),.UNSPECIFIED.,.F.,
  .F.,(2,2),(0.,1.),.PIECEWISE_BEZIER_KNOTS.);
#1293 = CARTESIAN_POINT('',(-1.36,14.64,0.));
#1294 = CARTESIAN_POINT('',(-1.56,14.44,0.3));
#1295 = B_SPLINE_SURFACE_WITH_KNOTS('',1,1,(
    (#1296,#1297)
    ,(#1298,#1299
    )),.UNSPECIFIED.,.F.,.F.,.F.,(2,2),(2,2),(-13.28,0.),(0.,1.),
  .PIECEWISE_BEZIER_KNOTS.);
#1296 = CARTESIAN_POINT('',(-1.36,14.64,0.));
#1297 = CARTESIAN_POINT('',(-1.56,14.44,0.3));
#1298 = CARTESIAN_POINT('',(-14.64,14.64,0.));
#1299 = CARTESIAN_POINT('',(-14.44,14.44,0.3));
#1300 = ADVANCED_FACE('',(#1301),#1318,.F.);
#1301 = FACE_BOUND('',#1302,.F.);
#1302 = EDGE_LOOP('',(#1303,#1304,#1305,#1313));
#1303 = ORIENTED_EDGE('',*,*,#769,.T.);
#1304 = ORIENTED_EDGE('',*,*,#1291,.T.);
#1305 = ORIENTED_EDGE('',*,*,#1306,.F.);
#1306 = EDGE_CURVE('',#1307,#1284,#1309,.T.);
#1307 = VERTEX_POINT('',#1308);
#1308 = CARTESIAN_POINT('',(-1.56,9.56,0.3));
#1309 = LINE('',#1310,#1311);
#1310 = CARTESIAN_POINT('',(-1.56,9.56,0.3));
#1311 = VECTOR('',#1312,1.);
#1312 = DIRECTION('',(0.,1.,0.));
#1313 = ORIENTED_EDGE('',*,*,#1314,.F.);
#1314 = EDGE_CURVE('',#762,#1307,#1315,.T.);
#1315 = B_SPLINE_CURVE_WITH_KNOTS('',1,(#1316,#1317),.UNSPECIFIED.,.F.,
  .F.,(2,2),(0.,1.),.PIECEWISE_BEZIER_KNOTS.);
#1316 = CARTESIAN_POINT('',(-1.36,9.36,0.));
#1317 = CARTESIAN_POINT('',(-1.56,9.56,0.3));
#1318 = B_SPLINE_SURFACE_WITH_KNOTS('',1,1,(
    (#1319,#1320)
    ,(#1321,#1322
    )),.UNSPECIFIED.,.F.,.F.,.F.,(2,2),(2,2),(0.,5.28),(0.,1.),
  .PIECEWISE_BEZIER_KNOTS.);
#1319 = CARTESIAN_POINT('',(-1.36,9.36,0.));
#1320 = CARTESIAN_POINT('',(-1.56,9.56,0.3));
#1321 = CARTESIAN_POINT('',(-1.36,14.64,0.));
#1322 = CARTESIAN_POINT('',(-1.56,14.44,0.3));
#1323 = ADVANCED_FACE('',(#1324),#1341,.F.);
#1324 = FACE_BOUND('',#1325,.F.);
#1325 = EDGE_LOOP('',(#1326,#1327,#1328,#1336));
#1326 = ORIENTED_EDGE('',*,*,#761,.T.);
#1327 = ORIENTED_EDGE('',*,*,#1314,.T.);
#1328 = ORIENTED_EDGE('',*,*,#1329,.F.);
#1329 = EDGE_CURVE('',#1330,#1307,#1332,.T.);
#1330 = VERTEX_POINT('',#1331);
#1331 = CARTESIAN_POINT('',(-1.56,6.44,0.3));
#1332 = LINE('',#1333,#1334);
#1333 = CARTESIAN_POINT('',(-1.56,6.44,0.3));
#1334 = VECTOR('',#1335,1.);
#1335 = DIRECTION('',(0.,1.,0.));
#1336 = ORIENTED_EDGE('',*,*,#1337,.F.);
#1337 = EDGE_CURVE('',#754,#1330,#1338,.T.);
#1338 = B_SPLINE_CURVE_WITH_KNOTS('',1,(#1339,#1340),.UNSPECIFIED.,.F.,
  .F.,(2,2),(0.,1.),.PIECEWISE_BEZIER_KNOTS.);
#1339 = CARTESIAN_POINT('',(-1.36,6.64,0.));
#1340 = CARTESIAN_POINT('',(-1.56,6.44,0.3));
#1341 = B_SPLINE_SURFACE_WITH_KNOTS('',1,1,(
    (#1342,#1343)
    ,(#1344,#1345
    )),.UNSPECIFIED.,.F.,.F.,.F.,(2,2),(2,2),(0.,3.12),(0.,1.),
  .PIECEWISE_BEZIER_KNOTS.);
#1342 = CARTESIAN_POINT('',(-1.36,6.64,0.));
#1343 = CARTESIAN_POINT('',(-1.56,6.44,0.3));
#1344 = CARTESIAN_POINT('',(-1.36,9.36,0.));
#1345 = CARTESIAN_POINT('',(-1.56,9.56,0.3));
#1346 = ADVANCED_FACE('',(#1347),#1364,.F.);
#1347 = FACE_BOUND('',#1348,.F.);
#1348 = EDGE_LOOP('',(#1349,#1350,#1351,#1359));
#1349 = ORIENTED_EDGE('',*,*,#753,.T.);
#1350 = ORIENTED_EDGE('',*,*,#1337,.T.);
#1351 = ORIENTED_EDGE('',*,*,#1352,.F.);
#1352 = EDGE_CURVE('',#1353,#1330,#1355,.T.);
#1353 = VERTEX_POINT('',#1354);
#1354 = CARTESIAN_POINT('',(-1.56,1.56,0.3));
#1355 = LINE('',#1356,#1357);
#1356 = CARTESIAN_POINT('',(-1.56,1.56,0.3));
#1357 = VECTOR('',#1358,1.);
#1358 = DIRECTION('',(0.,1.,0.));
#1359 = ORIENTED_EDGE('',*,*,#1360,.F.);
#1360 = EDGE_CURVE('',#746,#1353,#1361,.T.);
#1361 = B_SPLINE_CURVE_WITH_KNOTS('',1,(#1362,#1363),.UNSPECIFIED.,.F.,
  .F.,(2,2),(0.,1.),.PIECEWISE_BEZIER_KNOTS.);
#1362 = CARTESIAN_POINT('',(-1.36,1.36,0.));
#1363 = CARTESIAN_POINT('',(-1.56,1.56,0.3));
#1364 = B_SPLINE_SURFACE_WITH_KNOTS('',1,1,(
    (#1365,#1366)
    ,(#1367,#1368
    )),.UNSPECIFIED.,.F.,.F.,.F.,(2,2),(2,2),(0.,5.28),(0.,1.),
  .PIECEWISE_BEZIER_KNOTS.);
#1365 = CARTESIAN_POINT('',(-1.36,1.36,0.));
#1366 = CARTESIAN_POINT('',(-1.56,1.56,0.3));
#1367 = CARTESIAN_POINT('',(-1.36,6.64,0.));
#1368 = CARTESIAN_POINT('',(-1.56,6.44,0.3));
#1369 = ADVANCED_FACE('',(#1370),#1387,.F.);
#1370 = FACE_BOUND('',#1371,.F.);
#1371 = EDGE_LOOP('',(#1372,#1373,#1374,#1382));
#1372 = ORIENTED_EDGE('',*,*,#745,.T.);
#1373 = ORIENTED_EDGE('',*,*,#1360,.T.);
#1374 = ORIENTED_EDGE('',*,*,#1375,.F.);
#1375 = EDGE_CURVE('',#1376,#1353,#1378,.T.);
#1376 = VERTEX_POINT('',#1377);
#1377 = CARTESIAN_POINT('',(-1.56,-1.56,0.3));
#1378 = LINE('',#1379,#1380);
#1379 = CARTESIAN_POINT('',(-1.56,-1.56,0.3));
#1380 = VECTOR('',#1381,1.);
#1381 = DIRECTION('',(0.,1.,0.));
#1382 = ORIENTED_EDGE('',*,*,#1383,.F.);
#1383 = EDGE_CURVE('',#738,#1376,#1384,.T.);
#1384 = B_SPLINE_CURVE_WITH_KNOTS('',1,(#1385,#1386),.UNSPECIFIED.,.F.,
  .F.,(2,2),(0.,1.),.PIECEWISE_BEZIER_KNOTS.);
#1385 = CARTESIAN_POINT('',(-1.36,-1.36,0.));
#1386 = CARTESIAN_POINT('',(-1.56,-1.56,0.3));
#1387 = B_SPLINE_SURFACE_WITH_KNOTS('',1,1,(
    (#1388,#1389)
    ,(#1390,#1391
    )),.UNSPECIFIED.,.F.,.F.,.F.,(2,2),(2,2),(0.,3.12),(0.,1.),
  .PIECEWISE_BEZIER_KNOTS.);
#1388 = CARTESIAN_POINT('',(-1.36,-1.36,0.));
#1389 = CARTESIAN_POINT('',(-1.56,-1.56,0.3));
#1390 = CARTESIAN_POINT('',(-1.36,1.36,0.));
#1391 = CARTESIAN_POINT('',(-1.56,1.56,0.3));
#1392 = ADVANCED_FACE('',(#1393),#1410,.F.);
#1393 = FACE_BOUND('',#1394,.F.);
#1394 = EDGE_LOOP('',(#1395,#1396,#1397,#1405));
#1395 = ORIENTED_EDGE('',*,*,#737,.F.);
#1396 = ORIENTED_EDGE('',*,*,#1383,.T.);
#1397 = ORIENTED_EDGE('',*,*,#1398,.T.);
#1398 = EDGE_CURVE('',#1376,#1399,#1401,.T.);
#1399 = VERTEX_POINT('',#1400);
#1400 = CARTESIAN_POINT('',(14.44,-1.56,0.3));
#1401 = LINE('',#1402,#1403);
#1402 = CARTESIAN_POINT('',(-14.44,-1.56,0.3));
#1403 = VECTOR('',#1404,1.);
#1404 = DIRECTION('',(1.,0.,0.));
#1405 = ORIENTED_EDGE('',*,*,#1406,.F.);
#1406 = EDGE_CURVE('',#730,#1399,#1407,.T.);
#1407 = B_SPLINE_CURVE_WITH_KNOTS('',1,(#1408,#1409),.UNSPECIFIED.,.F.,
  .F.,(2,2),(0.,1.),.PIECEWISE_BEZIER_KNOTS.);
#1408 = CARTESIAN_POINT('',(14.64,-1.36,0.));
#1409 = CARTESIAN_POINT('',(14.44,-1.56,0.3));
#1410 = B_SPLINE_SURFACE_WITH_KNOTS('',1,1,(
    (#1411,#1412)
    ,(#1413,#1414
    )),.UNSPECIFIED.,.F.,.F.,.F.,(2,2),(2,2),(-29.28,0.),(0.,1.),
  .PIECEWISE_BEZIER_KNOTS.);
#1411 = CARTESIAN_POINT('',(14.64,-1.36,0.));
#1412 = CARTESIAN_POINT('',(14.44,-1.56,0.3));
#1413 = CARTESIAN_POINT('',(-14.64,-1.36,0.));
#1414 = CARTESIAN_POINT('',(-14.44,-1.56,0.3));
#1415 = ADVANCED_FACE('',(#1416),#1433,.F.);
#1416 = FACE_BOUND('',#1417,.F.);
#1417 = EDGE_LOOP('',(#1418,#1419,#1420,#1428));
#1418 = ORIENTED_EDGE('',*,*,#729,.T.);
#1419 = ORIENTED_EDGE('',*,*,#1406,.T.);
#1420 = ORIENTED_EDGE('',*,*,#1421,.F.);
#1421 = EDGE_CURVE('',#1422,#1399,#1424,.T.);
#1422 = VERTEX_POINT('',#1423);
#1423 = CARTESIAN_POINT('',(14.44,-6.44,0.3));
#1424 = LINE('',#1425,#1426);
#1425 = CARTESIAN_POINT('',(14.44,-6.44,0.3));
#1426 = VECTOR('',#1427,1.);
#1427 = DIRECTION('',(0.,1.,0.));
#1428 = ORIENTED_EDGE('',*,*,#1429,.F.);
#1429 = EDGE_CURVE('',#722,#1422,#1430,.T.);
#1430 = B_SPLINE_CURVE_WITH_KNOTS('',1,(#1431,#1432),.UNSPECIFIED.,.F.,
  .F.,(2,2),(0.,1.),.PIECEWISE_BEZIER_KNOTS.);
#1431 = CARTESIAN_POINT('',(14.64,-6.64,0.));
#1432 = CARTESIAN_POINT('',(14.44,-6.44,0.3));
#1433 = B_SPLINE_SURFACE_WITH_KNOTS('',1,1,(
    (#1434,#1435)
    ,(#1436,#1437
    )),.UNSPECIFIED.,.F.,.F.,.F.,(2,2),(2,2),(0.,5.28),(0.,1.),
  .PIECEWISE_BEZIER_KNOTS.);
#1434 = CARTESIAN_POINT('',(14.64,-6.64,0.));
#1435 = CARTESIAN_POINT('',(14.44,-6.44,0.3));
#1436 = CARTESIAN_POINT('',(14.64,-1.36,0.));
#1437 = CARTESIAN_POINT('',(14.44,-1.56,0.3));
#1438 = ADVANCED_FACE('',(#1439),#1456,.F.);
#1439 = FACE_BOUND('',#1440,.F.);
#1440 = EDGE_LOOP('',(#1441,#1442,#1443,#1451));
#1441 = ORIENTED_EDGE('',*,*,#721,.T.);
#1442 = ORIENTED_EDGE('',*,*,#1429,.T.);
#1443 = ORIENTED_EDGE('',*,*,#1444,.F.);
#1444 = EDGE_CURVE('',#1445,#1422,#1447,.T.);
#1445 = VERTEX_POINT('',#1446);
#1446 = CARTESIAN_POINT('',(14.44,-9.56,0.3));
#1447 = LINE('',#1448,#1449);
#1448 = CARTESIAN_POINT('',(14.44,-9.56,0.3));
#1449 = VECTOR('',#1450,1.);
#1450 = DIRECTION('',(0.,1.,0.));
#1451 = ORIENTED_EDGE('',*,*,#1452,.F.);
#1452 = EDGE_CURVE('',#714,#1445,#1453,.T.);
#1453 = B_SPLINE_CURVE_WITH_KNOTS('',1,(#1454,#1455),.UNSPECIFIED.,.F.,
  .F.,(2,2),(0.,1.),.PIECEWISE_BEZIER_KNOTS.);
#1454 = CARTESIAN_POINT('',(14.64,-9.36,0.));
#1455 = CARTESIAN_POINT('',(14.44,-9.56,0.3));
#1456 = B_SPLINE_SURFACE_WITH_KNOTS('',1,1,(
    (#1457,#1458)
    ,(#1459,#1460
    )),.UNSPECIFIED.,.F.,.F.,.F.,(2,2),(2,2),(0.,3.12),(0.,1.),
  .PIECEWISE_BEZIER_KNOTS.);
#1457 = CARTESIAN_POINT('',(14.64,-9.36,0.));
#1458 = CARTESIAN_POINT('',(14.44,-9.56,0.3));
#1459 = CARTESIAN_POINT('',(14.64,-6.64,0.));
#1460 = CARTESIAN_POINT('',(14.44,-6.44,0.3));
#1461 = ADVANCED_FACE('',(#1462),#1479,.F.);
#1462 = FACE_BOUND('',#1463,.F.);
#1463 = EDGE_LOOP('',(#1464,#1465,#1466,#1474));
#1464 = ORIENTED_EDGE('',*,*,#713,.T.);
#1465 = ORIENTED_EDGE('',*,*,#1452,.T.);
#1466 = ORIENTED_EDGE('',*,*,#1467,.F.);
#1467 = EDGE_CURVE('',#1468,#1445,#1470,.T.);
#1468 = VERTEX_POINT('',#1469);
#1469 = CARTESIAN_POINT('',(14.44,-14.44,0.3));
#1470 = LINE('',#1471,#1472);
#1471 = CARTESIAN_POINT('',(14.44,-14.44,0.3));
#1472 = VECTOR('',#1473,1.);
#1473 = DIRECTION('',(0.,1.,0.));
#1474 = ORIENTED_EDGE('',*,*,#1475,.F.);
#1475 = EDGE_CURVE('',#706,#1468,#1476,.T.);
#1476 = B_SPLINE_CURVE_WITH_KNOTS('',1,(#1477,#1478),.UNSPECIFIED.,.F.,
  .F.,(2,2),(0.,1.),.PIECEWISE_BEZIER_KNOTS.);
#1477 = CARTESIAN_POINT('',(14.64,-14.64,0.));
#1478 = CARTESIAN_POINT('',(14.44,-14.44,0.3));
#1479 = B_SPLINE_SURFACE_WITH_KNOTS('',1,1,(
    (#1480,#1481)
    ,(#1482,#1483
    )),.UNSPECIFIED.,.F.,.F.,.F.,(2,2),(2,2),(0.,5.28),(0.,1.),
  .PIECEWISE_BEZIER_KNOTS.);
#1480 = CARTESIAN_POINT('',(14.64,-14.64,0.));
#1481 = CARTESIAN_POINT('',(14.44,-14.44,0.3));
#1482 = CARTESIAN_POINT('',(14.64,-9.36,0.));
#1483 = CARTESIAN_POINT('',(14.44,-9.56,0.3));
#1484 = ADVANCED_FACE('',(#1485),#1496,.F.);
#1485 = FACE_BOUND('',#1486,.F.);
#1486 = EDGE_LOOP('',(#1487,#1488,#1489,#1495));
#1487 = ORIENTED_EDGE('',*,*,#705,.T.);
#1488 = ORIENTED_EDGE('',*,*,#1475,.T.);
#1489 = ORIENTED_EDGE('',*,*,#1490,.F.);
#1490 = EDGE_CURVE('',#1116,#1468,#1491,.T.);
#1491 = LINE('',#1492,#1493);
#1492 = CARTESIAN_POINT('',(-14.44,-14.44,0.3));
#1493 = VECTOR('',#1494,1.);
#1494 = DIRECTION('',(1.,0.,0.));
#1495 = ORIENTED_EDGE('',*,*,#1115,.F.);
#1496 = B_SPLINE_SURFACE_WITH_KNOTS('',1,1,(
    (#1497,#1498)
    ,(#1499,#1500
    )),.UNSPECIFIED.,.F.,.F.,.F.,(2,2),(2,2),(0.,29.28),(0.,1.),
  .PIECEWISE_BEZIER_KNOTS.);
#1497 = CARTESIAN_POINT('',(-14.64,-14.64,0.));
#1498 = CARTESIAN_POINT('',(-14.44,-14.44,0.3));
#1499 = CARTESIAN_POINT('',(14.64,-14.64,0.));
#1500 = CARTESIAN_POINT('',(14.44,-14.44,0.3));
#1501 = ADVANCED_FACE('',(#1502),#1505,.T.);
#1502 = FACE_BOUND('',#1503,.T.);
#1503 = EDGE_LOOP('',(#1504));
#1504 = ORIENTED_EDGE('',*,*,#839,.T.);
#1505 = PLANE('',#1506);
#1506 = AXIS2_PLACEMENT_3D('',#1507,#1508,#1509);
#1507 = CARTESIAN_POINT('',(-4.,-12.,11.4));
#1508 = DIRECTION('',(0.,0.,1.));
#1509 = DIRECTION('',(1.,0.,0.));
#1510 = ADVANCED_FACE('',(#1511),#1514,.T.);
#1511 = FACE_BOUND('',#1512,.T.);
#1512 = EDGE_LOOP('',(#1513));
#1513 = ORIENTED_EDGE('',*,*,#864,.T.);
#1514 = PLANE('',#1515);
#1515 = AXIS2_PLACEMENT_3D('',#1516,#1517,#1518);
#1516 = CARTESIAN_POINT('',(-12.,-4.,11.4));
#1517 = DIRECTION('',(0.,0.,1.));
#1518 = DIRECTION('',(1.,0.,0.));
#1519 = ADVANCED_FACE('',(#1520),#1523,.T.);
#1520 = FACE_BOUND('',#1521,.T.);
#1521 = EDGE_LOOP('',(#1522));
#1522 = ORIENTED_EDGE('',*,*,#889,.T.);
#1523 = PLANE('',#1524);
#1524 = AXIS2_PLACEMENT_3D('',#1525,#1526,#1527);
#1525 = CARTESIAN_POINT('',(-4.,-4.,11.4));
#1526 = DIRECTION('',(0.,0.,1.));
#1527 = DIRECTION('',(1.,0.,0.));
#1528 = ADVANCED_FACE('',(#1529),#1532,.T.);
#1529 = FACE_BOUND('',#1530,.T.);
#1530 = EDGE_LOOP('',(#1531));
#1531 = ORIENTED_EDGE('',*,*,#914,.T.);
#1532 = PLANE('',#1533);
#1533 = AXIS2_PLACEMENT_3D('',#1534,#1535,#1536);
#1534 = CARTESIAN_POINT('',(4.,-12.,11.4));
#1535 = DIRECTION('',(0.,0.,1.));
#1536 = DIRECTION('',(1.,0.,0.));
#1537 = ADVANCED_FACE('',(#1538),#1541,.T.);
#1538 = FACE_BOUND('',#1539,.T.);
#1539 = EDGE_LOOP('',(#1540));
#1540 = ORIENTED_EDGE('',*,*,#939,.T.);
#1541 = PLANE('',#1542);
#1542 = AXIS2_PLACEMENT_3D('',#1543,#1544,#1545);
#1543 = CARTESIAN_POINT('',(12.,-12.,11.4));
#1544 = DIRECTION('',(0.,0.,1.));
#1545 = DIRECTION('',(1.,0.,0.));
#1546 = ADVANCED_FACE('',(#1547),#1550,.T.);
#1547 = FACE_BOUND('',#1548,.T.);
#1548 = EDGE_LOOP('',(#1549));
#1549 = ORIENTED_EDGE('',*,*,#964,.T.);
#1550 = PLANE('',#1551);
#1551 = AXIS2_PLACEMENT_3D('',#1552,#1553,#1554);
#1552 = CARTESIAN_POINT('',(4.,-4.,11.4));
#1553 = DIRECTION('',(0.,0.,1.));
#1554 = DIRECTION('',(1.,0.,0.));
#1555 = ADVANCED_FACE('',(#1556),#1559,.T.);
#1556 = FACE_BOUND('',#1557,.T.);
#1557 = EDGE_LOOP('',(#1558));
#1558 = ORIENTED_EDGE('',*,*,#989,.T.);
#1559 = PLANE('',#1560);
#1560 = AXIS2_PLACEMENT_3D('',#1561,#1562,#1563);
#1561 = CARTESIAN_POINT('',(12.,-4.,11.4));
#1562 = DIRECTION('',(0.,0.,1.));
#1563 = DIRECTION('',(1.,0.,0.));
#1564 = ADVANCED_FACE('',(#1565),#1568,.T.);
#1565 = FACE_BOUND('',#1566,.T.);
#1566 = EDGE_LOOP('',(#1567));
#1567 = ORIENTED_EDGE('',*,*,#1014,.T.);
#1568 = PLANE('',#1569);
#1569 = AXIS2_PLACEMENT_3D('',#1570,#1571,#1572);
#1570 = CARTESIAN_POINT('',(-12.,4.,11.4));
#1571 = DIRECTION('',(0.,0.,1.));
#1572 = DIRECTION('',(1.,0.,0.));
#1573 = ADVANCED_FACE('',(#1574),#1577,.T.);
#1574 = FACE_BOUND('',#1575,.T.);
#1575 = EDGE_LOOP('',(#1576));
#1576 = ORIENTED_EDGE('',*,*,#1039,.T.);
#1577 = PLANE('',#1578);
#1578 = AXIS2_PLACEMENT_3D('',#1579,#1580,#1581);
#1579 = CARTESIAN_POINT('',(-4.,4.,11.4));
#1580 = DIRECTION('',(0.,0.,1.));
#1581 = DIRECTION('',(1.,0.,0.));
#1582 = ADVANCED_FACE('',(#1583),#1586,.T.);
#1583 = FACE_BOUND('',#1584,.T.);
#1584 = EDGE_LOOP('',(#1585));
#1585 = ORIENTED_EDGE('',*,*,#1064,.T.);
#1586 = PLANE('',#1587);
#1587 = AXIS2_PLACEMENT_3D('',#1588,#1589,#1590);
#1588 = CARTESIAN_POINT('',(-12.,12.,11.4));
#1589 = DIRECTION('',(0.,0.,1.));
#1590 = DIRECTION('',(1.,0.,0.));
#1591 = ADVANCED_FACE('',(#1592),#1595,.T.);
#1592 = FACE_BOUND('',#1593,.T.);
#1593 = EDGE_LOOP('',(#1594));
#1594 = ORIENTED_EDGE('',*,*,#1089,.T.);
#1595 = PLANE('',#1596);
#1596 = AXIS2_PLACEMENT_3D('',#1597,#1598,#1599);
#1597 = CARTESIAN_POINT('',(-4.,12.,11.4));
#1598 = DIRECTION('',(0.,0.,1.));
#1599 = DIRECTION('',(1.,0.,0.));
#1600 = ADVANCED_FACE('',(#1601),#1728,.F.);
#1601 = FACE_BOUND('',#1602,.F.);
#1602 = EDGE_LOOP('',(#1603,#1604,#1612,#1620,#1628,#1636,#1644,#1652,
    #1660,#1668,#1676,#1684,#1692,#1700,#1708,#1716,#1722,#1723,#1724,
    #1725,#1726,#1727));
#1603 = ORIENTED_EDGE('',*,*,#1122,.F.);
#1604 = ORIENTED_EDGE('',*,*,#1605,.T.);
#1605 = EDGE_CURVE('',#1116,#1606,#1608,.T.);
#1606 = VERTEX_POINT('',#1607);
#1607 = CARTESIAN_POINT('',(-14.44,-14.44,8.));
#1608 = LINE('',#1609,#1610);
#1609 = CARTESIAN_POINT('',(-14.44,-14.44,0.));
#1610 = VECTOR('',#1611,1.);
#1611 = DIRECTION('',(0.,0.,1.));
#1612 = ORIENTED_EDGE('',*,*,#1613,.T.);
#1613 = EDGE_CURVE('',#1606,#1614,#1616,.T.);
#1614 = VERTEX_POINT('',#1615);
#1615 = CARTESIAN_POINT('',(-14.44,-8.6,8.));
#1616 = LINE('',#1617,#1618);
#1617 = CARTESIAN_POINT('',(-14.44,-14.44,8.));
#1618 = VECTOR('',#1619,1.);
#1619 = DIRECTION('',(0.,1.,0.));
#1620 = ORIENTED_EDGE('',*,*,#1621,.F.);
#1621 = EDGE_CURVE('',#1622,#1614,#1624,.T.);
#1622 = VERTEX_POINT('',#1623);
#1623 = CARTESIAN_POINT('',(-14.44,-8.6,6.8));
#1624 = LINE('',#1625,#1626);
#1625 = CARTESIAN_POINT('',(-14.44,-8.6,5.4));
#1626 = VECTOR('',#1627,1.);
#1627 = DIRECTION('',(0.,0.,1.));
#1628 = ORIENTED_EDGE('',*,*,#1629,.T.);
#1629 = EDGE_CURVE('',#1622,#1630,#1632,.T.);
#1630 = VERTEX_POINT('',#1631);
#1631 = CARTESIAN_POINT('',(-14.44,-7.4,6.8));
#1632 = LINE('',#1633,#1634);
#1633 = CARTESIAN_POINT('',(-14.44,-3.231218421373E-16,6.8));
#1634 = VECTOR('',#1635,1.);
#1635 = DIRECTION('',(0.,1.,0.));
#1636 = ORIENTED_EDGE('',*,*,#1637,.T.);
#1637 = EDGE_CURVE('',#1630,#1638,#1640,.T.);
#1638 = VERTEX_POINT('',#1639);
#1639 = CARTESIAN_POINT('',(-14.44,-7.4,8.));
#1640 = LINE('',#1641,#1642);
#1641 = CARTESIAN_POINT('',(-14.44,-7.4,5.4));
#1642 = VECTOR('',#1643,1.);
#1643 = DIRECTION('',(0.,0.,1.));
#1644 = ORIENTED_EDGE('',*,*,#1645,.T.);
#1645 = EDGE_CURVE('',#1638,#1646,#1648,.T.);
#1646 = VERTEX_POINT('',#1647);
#1647 = CARTESIAN_POINT('',(-14.44,-0.6,8.));
#1648 = LINE('',#1649,#1650);
#1649 = CARTESIAN_POINT('',(-14.44,-14.44,8.));
#1650 = VECTOR('',#1651,1.);
#1651 = DIRECTION('',(0.,1.,0.));
#1652 = ORIENTED_EDGE('',*,*,#1653,.F.);
#1653 = EDGE_CURVE('',#1654,#1646,#1656,.T.);
#1654 = VERTEX_POINT('',#1655);
#1655 = CARTESIAN_POINT('',(-14.44,-0.6,6.8));
#1656 = LINE('',#1657,#1658);
#1657 = CARTESIAN_POINT('',(-14.44,-0.6,5.4));
#1658 = VECTOR('',#1659,1.);
#1659 = DIRECTION('',(0.,0.,1.));
#1660 = ORIENTED_EDGE('',*,*,#1661,.T.);
#1661 = EDGE_CURVE('',#1654,#1662,#1664,.T.);
#1662 = VERTEX_POINT('',#1663);
#1663 = CARTESIAN_POINT('',(-14.44,0.6,6.8));
#1664 = LINE('',#1665,#1666);
#1665 = CARTESIAN_POINT('',(-14.44,-3.231218421373E-16,6.8));
#1666 = VECTOR('',#1667,1.);
#1667 = DIRECTION('',(0.,1.,0.));
#1668 = ORIENTED_EDGE('',*,*,#1669,.T.);
#1669 = EDGE_CURVE('',#1662,#1670,#1672,.T.);
#1670 = VERTEX_POINT('',#1671);
#1671 = CARTESIAN_POINT('',(-14.44,0.6,8.));
#1672 = LINE('',#1673,#1674);
#1673 = CARTESIAN_POINT('',(-14.44,0.6,5.4));
#1674 = VECTOR('',#1675,1.);
#1675 = DIRECTION('',(0.,0.,1.));
#1676 = ORIENTED_EDGE('',*,*,#1677,.T.);
#1677 = EDGE_CURVE('',#1670,#1678,#1680,.T.);
#1678 = VERTEX_POINT('',#1679);
#1679 = CARTESIAN_POINT('',(-14.44,7.4,8.));
#1680 = LINE('',#1681,#1682);
#1681 = CARTESIAN_POINT('',(-14.44,-14.44,8.));
#1682 = VECTOR('',#1683,1.);
#1683 = DIRECTION('',(0.,1.,0.));
#1684 = ORIENTED_EDGE('',*,*,#1685,.F.);
#1685 = EDGE_CURVE('',#1686,#1678,#1688,.T.);
#1686 = VERTEX_POINT('',#1687);
#1687 = CARTESIAN_POINT('',(-14.44,7.4,6.8));
#1688 = LINE('',#1689,#1690);
#1689 = CARTESIAN_POINT('',(-14.44,7.4,5.4));
#1690 = VECTOR('',#1691,1.);
#1691 = DIRECTION('',(0.,0.,1.));
#1692 = ORIENTED_EDGE('',*,*,#1693,.T.);
#1693 = EDGE_CURVE('',#1686,#1694,#1696,.T.);
#1694 = VERTEX_POINT('',#1695);
#1695 = CARTESIAN_POINT('',(-14.44,8.6,6.8));
#1696 = LINE('',#1697,#1698);
#1697 = CARTESIAN_POINT('',(-14.44,-3.231218421373E-16,6.8));
#1698 = VECTOR('',#1699,1.);
#1699 = DIRECTION('',(0.,1.,0.));
#1700 = ORIENTED_EDGE('',*,*,#1701,.T.);
#1701 = EDGE_CURVE('',#1694,#1702,#1704,.T.);
#1702 = VERTEX_POINT('',#1703);
#1703 = CARTESIAN_POINT('',(-14.44,8.6,8.));
#1704 = LINE('',#1705,#1706);
#1705 = CARTESIAN_POINT('',(-14.44,8.6,5.4));
#1706 = VECTOR('',#1707,1.);
#1707 = DIRECTION('',(0.,0.,1.));
#1708 = ORIENTED_EDGE('',*,*,#1709,.T.);
#1709 = EDGE_CURVE('',#1702,#1710,#1712,.T.);
#1710 = VERTEX_POINT('',#1711);
#1711 = CARTESIAN_POINT('',(-14.44,14.44,8.));
#1712 = LINE('',#1713,#1714);
#1713 = CARTESIAN_POINT('',(-14.44,-14.44,8.));
#1714 = VECTOR('',#1715,1.);
#1715 = DIRECTION('',(0.,1.,0.));
#1716 = ORIENTED_EDGE('',*,*,#1717,.F.);
#1717 = EDGE_CURVE('',#1261,#1710,#1718,.T.);
#1718 = LINE('',#1719,#1720);
#1719 = CARTESIAN_POINT('',(-14.44,14.44,0.));
#1720 = VECTOR('',#1721,1.);
#1721 = DIRECTION('',(0.,0.,1.));
#1722 = ORIENTED_EDGE('',*,*,#1260,.F.);
#1723 = ORIENTED_EDGE('',*,*,#1237,.F.);
#1724 = ORIENTED_EDGE('',*,*,#1214,.F.);
#1725 = ORIENTED_EDGE('',*,*,#1191,.F.);
#1726 = ORIENTED_EDGE('',*,*,#1168,.F.);
#1727 = ORIENTED_EDGE('',*,*,#1145,.F.);
#1728 = PLANE('',#1729);
#1729 = AXIS2_PLACEMENT_3D('',#1730,#1731,#1732);
#1730 = CARTESIAN_POINT('',(-14.44,9.633171580262E-17,4.));
#1731 = DIRECTION('',(-1.,-0.,-0.));
#1732 = DIRECTION('',(0.,0.,-1.));
#1733 = ADVANCED_FACE('',(#1734),#1784,.F.);
#1734 = FACE_BOUND('',#1735,.F.);
#1735 = EDGE_LOOP('',(#1736,#1737,#1738,#1746,#1754,#1762,#1770,#1778));
#1736 = ORIENTED_EDGE('',*,*,#1283,.F.);
#1737 = ORIENTED_EDGE('',*,*,#1717,.T.);
#1738 = ORIENTED_EDGE('',*,*,#1739,.T.);
#1739 = EDGE_CURVE('',#1710,#1740,#1742,.T.);
#1740 = VERTEX_POINT('',#1741);
#1741 = CARTESIAN_POINT('',(-8.6,14.44,8.));
#1742 = LINE('',#1743,#1744);
#1743 = CARTESIAN_POINT('',(-14.44,14.44,8.));
#1744 = VECTOR('',#1745,1.);
#1745 = DIRECTION('',(1.,0.,0.));
#1746 = ORIENTED_EDGE('',*,*,#1747,.F.);
#1747 = EDGE_CURVE('',#1748,#1740,#1750,.T.);
#1748 = VERTEX_POINT('',#1749);
#1749 = CARTESIAN_POINT('',(-8.6,14.44,6.8));
#1750 = LINE('',#1751,#1752);
#1751 = CARTESIAN_POINT('',(-8.6,14.44,3.4));
#1752 = VECTOR('',#1753,1.);
#1753 = DIRECTION('',(0.,0.,1.));
#1754 = ORIENTED_EDGE('',*,*,#1755,.T.);
#1755 = EDGE_CURVE('',#1748,#1756,#1758,.T.);
#1756 = VERTEX_POINT('',#1757);
#1757 = CARTESIAN_POINT('',(-7.4,14.44,6.8));
#1758 = LINE('',#1759,#1760);
#1759 = CARTESIAN_POINT('',(-7.22,14.44,6.8));
#1760 = VECTOR('',#1761,1.);
#1761 = DIRECTION('',(1.,0.,0.));
#1762 = ORIENTED_EDGE('',*,*,#1763,.T.);
#1763 = EDGE_CURVE('',#1756,#1764,#1766,.T.);
#1764 = VERTEX_POINT('',#1765);
#1765 = CARTESIAN_POINT('',(-7.4,14.44,8.));
#1766 = LINE('',#1767,#1768);
#1767 = CARTESIAN_POINT('',(-7.4,14.44,3.4));
#1768 = VECTOR('',#1769,1.);
#1769 = DIRECTION('',(0.,0.,1.));
#1770 = ORIENTED_EDGE('',*,*,#1771,.T.);
#1771 = EDGE_CURVE('',#1764,#1772,#1774,.T.);
#1772 = VERTEX_POINT('',#1773);
#1773 = CARTESIAN_POINT('',(-1.56,14.44,8.));
#1774 = LINE('',#1775,#1776);
#1775 = CARTESIAN_POINT('',(-14.44,14.44,8.));
#1776 = VECTOR('',#1777,1.);
#1777 = DIRECTION('',(1.,0.,0.));
#1778 = ORIENTED_EDGE('',*,*,#1779,.F.);
#1779 = EDGE_CURVE('',#1284,#1772,#1780,.T.);
#1780 = LINE('',#1781,#1782);
#1781 = CARTESIAN_POINT('',(-1.56,14.44,0.));
#1782 = VECTOR('',#1783,1.);
#1783 = DIRECTION('',(0.,0.,1.));
#1784 = PLANE('',#1785);
#1785 = AXIS2_PLACEMENT_3D('',#1786,#1787,#1788);
#1786 = CARTESIAN_POINT('',(-14.44,14.44,0.));
#1787 = DIRECTION('',(0.,1.,0.));
#1788 = DIRECTION('',(0.,0.,1.));
#1789 = ADVANCED_FACE('',(#1790),#1875,.F.);
#1790 = FACE_BOUND('',#1791,.F.);
#1791 = EDGE_LOOP('',(#1792,#1800,#1801,#1802,#1803,#1804,#1805,#1813,
    #1821,#1829,#1837,#1845,#1853,#1861,#1869));
#1792 = ORIENTED_EDGE('',*,*,#1793,.F.);
#1793 = EDGE_CURVE('',#1376,#1794,#1796,.T.);
#1794 = VERTEX_POINT('',#1795);
#1795 = CARTESIAN_POINT('',(-1.56,-1.56,8.));
#1796 = LINE('',#1797,#1798);
#1797 = CARTESIAN_POINT('',(-1.56,-1.56,0.));
#1798 = VECTOR('',#1799,1.);
#1799 = DIRECTION('',(0.,0.,1.));
#1800 = ORIENTED_EDGE('',*,*,#1375,.T.);
#1801 = ORIENTED_EDGE('',*,*,#1352,.T.);
#1802 = ORIENTED_EDGE('',*,*,#1329,.T.);
#1803 = ORIENTED_EDGE('',*,*,#1306,.T.);
#1804 = ORIENTED_EDGE('',*,*,#1779,.T.);
#1805 = ORIENTED_EDGE('',*,*,#1806,.F.);
#1806 = EDGE_CURVE('',#1807,#1772,#1809,.T.);
#1807 = VERTEX_POINT('',#1808);
#1808 = CARTESIAN_POINT('',(-1.56,8.6,8.));
#1809 = LINE('',#1810,#1811);
#1810 = CARTESIAN_POINT('',(-1.56,-1.56,8.));
#1811 = VECTOR('',#1812,1.);
#1812 = DIRECTION('',(0.,1.,0.));
#1813 = ORIENTED_EDGE('',*,*,#1814,.T.);
#1814 = EDGE_CURVE('',#1807,#1815,#1817,.T.);
#1815 = VERTEX_POINT('',#1816);
#1816 = CARTESIAN_POINT('',(-1.56,8.6,6.8));
#1817 = LINE('',#1818,#1819);
#1818 = CARTESIAN_POINT('',(-1.56,8.6,5.4));
#1819 = VECTOR('',#1820,1.);
#1820 = DIRECTION('',(0.,0.,-1.));
#1821 = ORIENTED_EDGE('',*,*,#1822,.T.);
#1822 = EDGE_CURVE('',#1815,#1823,#1825,.T.);
#1823 = VERTEX_POINT('',#1824);
#1824 = CARTESIAN_POINT('',(-1.56,7.4,6.8));
#1825 = LINE('',#1826,#1827);
#1826 = CARTESIAN_POINT('',(-1.56,3.22,6.8));
#1827 = VECTOR('',#1828,1.);
#1828 = DIRECTION('',(0.,-1.,0.));
#1829 = ORIENTED_EDGE('',*,*,#1830,.F.);
#1830 = EDGE_CURVE('',#1831,#1823,#1833,.T.);
#1831 = VERTEX_POINT('',#1832);
#1832 = CARTESIAN_POINT('',(-1.56,7.4,8.));
#1833 = LINE('',#1834,#1835);
#1834 = CARTESIAN_POINT('',(-1.56,7.4,5.4));
#1835 = VECTOR('',#1836,1.);
#1836 = DIRECTION('',(0.,0.,-1.));
#1837 = ORIENTED_EDGE('',*,*,#1838,.F.);
#1838 = EDGE_CURVE('',#1839,#1831,#1841,.T.);
#1839 = VERTEX_POINT('',#1840);
#1840 = CARTESIAN_POINT('',(-1.56,0.6,8.));
#1841 = LINE('',#1842,#1843);
#1842 = CARTESIAN_POINT('',(-1.56,-1.56,8.));
#1843 = VECTOR('',#1844,1.);
#1844 = DIRECTION('',(0.,1.,0.));
#1845 = ORIENTED_EDGE('',*,*,#1846,.T.);
#1846 = EDGE_CURVE('',#1839,#1847,#1849,.T.);
#1847 = VERTEX_POINT('',#1848);
#1848 = CARTESIAN_POINT('',(-1.56,0.6,6.8));
#1849 = LINE('',#1850,#1851);
#1850 = CARTESIAN_POINT('',(-1.56,0.6,5.4));
#1851 = VECTOR('',#1852,1.);
#1852 = DIRECTION('',(0.,0.,-1.));
#1853 = ORIENTED_EDGE('',*,*,#1854,.T.);
#1854 = EDGE_CURVE('',#1847,#1855,#1857,.T.);
#1855 = VERTEX_POINT('',#1856);
#1856 = CARTESIAN_POINT('',(-1.56,-0.6,6.8));
#1857 = LINE('',#1858,#1859);
#1858 = CARTESIAN_POINT('',(-1.56,3.22,6.8));
#1859 = VECTOR('',#1860,1.);
#1860 = DIRECTION('',(0.,-1.,0.));
#1861 = ORIENTED_EDGE('',*,*,#1862,.F.);
#1862 = EDGE_CURVE('',#1863,#1855,#1865,.T.);
#1863 = VERTEX_POINT('',#1864);
#1864 = CARTESIAN_POINT('',(-1.56,-0.6,8.));
#1865 = LINE('',#1866,#1867);
#1866 = CARTESIAN_POINT('',(-1.56,-0.6,5.4));
#1867 = VECTOR('',#1868,1.);
#1868 = DIRECTION('',(0.,0.,-1.));
#1869 = ORIENTED_EDGE('',*,*,#1870,.F.);
#1870 = EDGE_CURVE('',#1794,#1863,#1871,.T.);
#1871 = LINE('',#1872,#1873);
#1872 = CARTESIAN_POINT('',(-1.56,-1.56,8.));
#1873 = VECTOR('',#1874,1.);
#1874 = DIRECTION('',(0.,1.,0.));
#1875 = PLANE('',#1876);
#1876 = AXIS2_PLACEMENT_3D('',#1877,#1878,#1879);
#1877 = CARTESIAN_POINT('',(-1.56,6.44,4.));
#1878 = DIRECTION('',(1.,0.,0.));
#1879 = DIRECTION('',(0.,0.,1.));
#1880 = ADVANCED_FACE('',(#1881),#1963,.F.);
#1881 = FACE_BOUND('',#1882,.F.);
#1882 = EDGE_LOOP('',(#1883,#1884,#1885,#1893,#1901,#1909,#1917,#1925,
    #1933,#1941,#1949,#1957));
#1883 = ORIENTED_EDGE('',*,*,#1398,.F.);
#1884 = ORIENTED_EDGE('',*,*,#1793,.T.);
#1885 = ORIENTED_EDGE('',*,*,#1886,.T.);
#1886 = EDGE_CURVE('',#1794,#1887,#1889,.T.);
#1887 = VERTEX_POINT('',#1888);
#1888 = CARTESIAN_POINT('',(-0.6,-1.56,8.));
#1889 = LINE('',#1890,#1891);
#1890 = CARTESIAN_POINT('',(-14.44,-1.56,8.));
#1891 = VECTOR('',#1892,1.);
#1892 = DIRECTION('',(1.,0.,0.));
#1893 = ORIENTED_EDGE('',*,*,#1894,.F.);
#1894 = EDGE_CURVE('',#1895,#1887,#1897,.T.);
#1895 = VERTEX_POINT('',#1896);
#1896 = CARTESIAN_POINT('',(-0.6,-1.56,6.8));
#1897 = LINE('',#1898,#1899);
#1898 = CARTESIAN_POINT('',(-0.6,-1.56,3.4));
#1899 = VECTOR('',#1900,1.);
#1900 = DIRECTION('',(0.,0.,1.));
#1901 = ORIENTED_EDGE('',*,*,#1902,.T.);
#1902 = EDGE_CURVE('',#1895,#1903,#1905,.T.);
#1903 = VERTEX_POINT('',#1904);
#1904 = CARTESIAN_POINT('',(0.6,-1.56,6.8));
#1905 = LINE('',#1906,#1907);
#1906 = CARTESIAN_POINT('',(-7.22,-1.56,6.8));
#1907 = VECTOR('',#1908,1.);
#1908 = DIRECTION('',(1.,0.,0.));
#1909 = ORIENTED_EDGE('',*,*,#1910,.T.);
#1910 = EDGE_CURVE('',#1903,#1911,#1913,.T.);
#1911 = VERTEX_POINT('',#1912);
#1912 = CARTESIAN_POINT('',(0.6,-1.56,8.));
#1913 = LINE('',#1914,#1915);
#1914 = CARTESIAN_POINT('',(0.6,-1.56,3.4));
#1915 = VECTOR('',#1916,1.);
#1916 = DIRECTION('',(0.,0.,1.));
#1917 = ORIENTED_EDGE('',*,*,#1918,.T.);
#1918 = EDGE_CURVE('',#1911,#1919,#1921,.T.);
#1919 = VERTEX_POINT('',#1920);
#1920 = CARTESIAN_POINT('',(7.4,-1.56,8.));
#1921 = LINE('',#1922,#1923);
#1922 = CARTESIAN_POINT('',(-14.44,-1.56,8.));
#1923 = VECTOR('',#1924,1.);
#1924 = DIRECTION('',(1.,0.,0.));
#1925 = ORIENTED_EDGE('',*,*,#1926,.F.);
#1926 = EDGE_CURVE('',#1927,#1919,#1929,.T.);
#1927 = VERTEX_POINT('',#1928);
#1928 = CARTESIAN_POINT('',(7.4,-1.56,6.8));
#1929 = LINE('',#1930,#1931);
#1930 = CARTESIAN_POINT('',(7.4,-1.56,3.4));
#1931 = VECTOR('',#1932,1.);
#1932 = DIRECTION('',(0.,0.,1.));
#1933 = ORIENTED_EDGE('',*,*,#1934,.T.);
#1934 = EDGE_CURVE('',#1927,#1935,#1937,.T.);
#1935 = VERTEX_POINT('',#1936);
#1936 = CARTESIAN_POINT('',(8.6,-1.56,6.8));
#1937 = LINE('',#1938,#1939);
#1938 = CARTESIAN_POINT('',(-7.22,-1.56,6.8));
#1939 = VECTOR('',#1940,1.);
#1940 = DIRECTION('',(1.,0.,0.));
#1941 = ORIENTED_EDGE('',*,*,#1942,.T.);
#1942 = EDGE_CURVE('',#1935,#1943,#1945,.T.);
#1943 = VERTEX_POINT('',#1944);
#1944 = CARTESIAN_POINT('',(8.6,-1.56,8.));
#1945 = LINE('',#1946,#1947);
#1946 = CARTESIAN_POINT('',(8.6,-1.56,3.4));
#1947 = VECTOR('',#1948,1.);
#1948 = DIRECTION('',(0.,0.,1.));
#1949 = ORIENTED_EDGE('',*,*,#1950,.T.);
#1950 = EDGE_CURVE('',#1943,#1951,#1953,.T.);
#1951 = VERTEX_POINT('',#1952);
#1952 = CARTESIAN_POINT('',(14.44,-1.56,8.));
#1953 = LINE('',#1954,#1955);
#1954 = CARTESIAN_POINT('',(-14.44,-1.56,8.));
#1955 = VECTOR('',#1956,1.);
#1956 = DIRECTION('',(1.,0.,0.));
#1957 = ORIENTED_EDGE('',*,*,#1958,.F.);
#1958 = EDGE_CURVE('',#1399,#1951,#1959,.T.);
#1959 = LINE('',#1960,#1961);
#1960 = CARTESIAN_POINT('',(14.44,-1.56,0.));
#1961 = VECTOR('',#1962,1.);
#1962 = DIRECTION('',(0.,0.,1.));
#1963 = PLANE('',#1964);
#1964 = AXIS2_PLACEMENT_3D('',#1965,#1966,#1967);
#1965 = CARTESIAN_POINT('',(-14.44,-1.56,0.));
#1966 = DIRECTION('',(0.,1.,0.));
#1967 = DIRECTION('',(0.,0.,1.));
#1968 = ADVANCED_FACE('',(#1969),#2021,.F.);
#1969 = FACE_BOUND('',#1970,.F.);
#1970 = EDGE_LOOP('',(#1971,#1979,#1980,#1981,#1982,#1983,#1991,#1999,
    #2007,#2015));
#1971 = ORIENTED_EDGE('',*,*,#1972,.F.);
#1972 = EDGE_CURVE('',#1468,#1973,#1975,.T.);
#1973 = VERTEX_POINT('',#1974);
#1974 = CARTESIAN_POINT('',(14.44,-14.44,8.));
#1975 = LINE('',#1976,#1977);
#1976 = CARTESIAN_POINT('',(14.44,-14.44,0.));
#1977 = VECTOR('',#1978,1.);
#1978 = DIRECTION('',(0.,0.,1.));
#1979 = ORIENTED_EDGE('',*,*,#1467,.T.);
#1980 = ORIENTED_EDGE('',*,*,#1444,.T.);
#1981 = ORIENTED_EDGE('',*,*,#1421,.T.);
#1982 = ORIENTED_EDGE('',*,*,#1958,.T.);
#1983 = ORIENTED_EDGE('',*,*,#1984,.F.);
#1984 = EDGE_CURVE('',#1985,#1951,#1987,.T.);
#1985 = VERTEX_POINT('',#1986);
#1986 = CARTESIAN_POINT('',(14.44,-7.4,8.));
#1987 = LINE('',#1988,#1989);
#1988 = CARTESIAN_POINT('',(14.44,-14.44,8.));
#1989 = VECTOR('',#1990,1.);
#1990 = DIRECTION('',(0.,1.,0.));
#1991 = ORIENTED_EDGE('',*,*,#1992,.T.);
#1992 = EDGE_CURVE('',#1985,#1993,#1995,.T.);
#1993 = VERTEX_POINT('',#1994);
#1994 = CARTESIAN_POINT('',(14.44,-7.4,6.8));
#1995 = LINE('',#1996,#1997);
#1996 = CARTESIAN_POINT('',(14.44,-7.4,5.4));
#1997 = VECTOR('',#1998,1.);
#1998 = DIRECTION('',(0.,0.,-1.));
#1999 = ORIENTED_EDGE('',*,*,#2000,.T.);
#2000 = EDGE_CURVE('',#1993,#2001,#2003,.T.);
#2001 = VERTEX_POINT('',#2002);
#2002 = CARTESIAN_POINT('',(14.44,-8.6,6.8));
#2003 = LINE('',#2004,#2005);
#2004 = CARTESIAN_POINT('',(14.44,-4.,6.8));
#2005 = VECTOR('',#2006,1.);
#2006 = DIRECTION('',(0.,-1.,0.));
#2007 = ORIENTED_EDGE('',*,*,#2008,.F.);
#2008 = EDGE_CURVE('',#2009,#2001,#2011,.T.);
#2009 = VERTEX_POINT('',#2010);
#2010 = CARTESIAN_POINT('',(14.44,-8.6,8.));
#2011 = LINE('',#2012,#2013);
#2012 = CARTESIAN_POINT('',(14.44,-8.6,5.4));
#2013 = VECTOR('',#2014,1.);
#2014 = DIRECTION('',(0.,0.,-1.));
#2015 = ORIENTED_EDGE('',*,*,#2016,.F.);
#2016 = EDGE_CURVE('',#1973,#2009,#2017,.T.);
#2017 = LINE('',#2018,#2019);
#2018 = CARTESIAN_POINT('',(14.44,-14.44,8.));
#2019 = VECTOR('',#2020,1.);
#2020 = DIRECTION('',(0.,1.,0.));
#2021 = PLANE('',#2022);
#2022 = AXIS2_PLACEMENT_3D('',#2023,#2024,#2025);
#2023 = CARTESIAN_POINT('',(14.44,-8.,4.));
#2024 = DIRECTION('',(1.,0.,0.));
#2025 = DIRECTION('',(0.,0.,1.));
#2026 = ADVANCED_FACE('',(#2027),#2134,.T.);
#2027 = FACE_BOUND('',#2028,.T.);
#2028 = EDGE_LOOP('',(#2029,#2030,#2031,#2039,#2047,#2055,#2063,#2071,
    #2079,#2087,#2095,#2103,#2111,#2119,#2127,#2133));
#2029 = ORIENTED_EDGE('',*,*,#1490,.F.);
#2030 = ORIENTED_EDGE('',*,*,#1605,.T.);
#2031 = ORIENTED_EDGE('',*,*,#2032,.T.);
#2032 = EDGE_CURVE('',#1606,#2033,#2035,.T.);
#2033 = VERTEX_POINT('',#2034);
#2034 = CARTESIAN_POINT('',(-8.6,-14.44,8.));
#2035 = LINE('',#2036,#2037);
#2036 = CARTESIAN_POINT('',(-14.44,-14.44,8.));
#2037 = VECTOR('',#2038,1.);
#2038 = DIRECTION('',(1.,0.,0.));
#2039 = ORIENTED_EDGE('',*,*,#2040,.F.);
#2040 = EDGE_CURVE('',#2041,#2033,#2043,.T.);
#2041 = VERTEX_POINT('',#2042);
#2042 = CARTESIAN_POINT('',(-8.6,-14.44,6.8));
#2043 = LINE('',#2044,#2045);
#2044 = CARTESIAN_POINT('',(-8.6,-14.44,3.4));
#2045 = VECTOR('',#2046,1.);
#2046 = DIRECTION('',(0.,0.,1.));
#2047 = ORIENTED_EDGE('',*,*,#2048,.T.);
#2048 = EDGE_CURVE('',#2041,#2049,#2051,.T.);
#2049 = VERTEX_POINT('',#2050);
#2050 = CARTESIAN_POINT('',(-7.4,-14.44,6.8));
#2051 = LINE('',#2052,#2053);
#2052 = CARTESIAN_POINT('',(-7.22,-14.44,6.8));
#2053 = VECTOR('',#2054,1.);
#2054 = DIRECTION('',(1.,0.,0.));
#2055 = ORIENTED_EDGE('',*,*,#2056,.T.);
#2056 = EDGE_CURVE('',#2049,#2057,#2059,.T.);
#2057 = VERTEX_POINT('',#2058);
#2058 = CARTESIAN_POINT('',(-7.4,-14.44,8.));
#2059 = LINE('',#2060,#2061);
#2060 = CARTESIAN_POINT('',(-7.4,-14.44,3.4));
#2061 = VECTOR('',#2062,1.);
#2062 = DIRECTION('',(0.,0.,1.));
#2063 = ORIENTED_EDGE('',*,*,#2064,.T.);
#2064 = EDGE_CURVE('',#2057,#2065,#2067,.T.);
#2065 = VERTEX_POINT('',#2066);
#2066 = CARTESIAN_POINT('',(-0.6,-14.44,8.));
#2067 = LINE('',#2068,#2069);
#2068 = CARTESIAN_POINT('',(-14.44,-14.44,8.));
#2069 = VECTOR('',#2070,1.);
#2070 = DIRECTION('',(1.,0.,0.));
#2071 = ORIENTED_EDGE('',*,*,#2072,.F.);
#2072 = EDGE_CURVE('',#2073,#2065,#2075,.T.);
#2073 = VERTEX_POINT('',#2074);
#2074 = CARTESIAN_POINT('',(-0.6,-14.44,6.8));
#2075 = LINE('',#2076,#2077);
#2076 = CARTESIAN_POINT('',(-0.6,-14.44,3.4));
#2077 = VECTOR('',#2078,1.);
#2078 = DIRECTION('',(0.,0.,1.));
#2079 = ORIENTED_EDGE('',*,*,#2080,.T.);
#2080 = EDGE_CURVE('',#2073,#2081,#2083,.T.);
#2081 = VERTEX_POINT('',#2082);
#2082 = CARTESIAN_POINT('',(0.6,-14.44,6.8));
#2083 = LINE('',#2084,#2085);
#2084 = CARTESIAN_POINT('',(-7.22,-14.44,6.8));
#2085 = VECTOR('',#2086,1.);
#2086 = DIRECTION('',(1.,0.,0.));
#2087 = ORIENTED_EDGE('',*,*,#2088,.T.);
#2088 = EDGE_CURVE('',#2081,#2089,#2091,.T.);
#2089 = VERTEX_POINT('',#2090);
#2090 = CARTESIAN_POINT('',(0.6,-14.44,8.));
#2091 = LINE('',#2092,#2093);
#2092 = CARTESIAN_POINT('',(0.6,-14.44,3.4));
#2093 = VECTOR('',#2094,1.);
#2094 = DIRECTION('',(0.,0.,1.));
#2095 = ORIENTED_EDGE('',*,*,#2096,.T.);
#2096 = EDGE_CURVE('',#2089,#2097,#2099,.T.);
#2097 = VERTEX_POINT('',#2098);
#2098 = CARTESIAN_POINT('',(7.4,-14.44,8.));
#2099 = LINE('',#2100,#2101);
#2100 = CARTESIAN_POINT('',(-14.44,-14.44,8.));
#2101 = VECTOR('',#2102,1.);
#2102 = DIRECTION('',(1.,0.,0.));
#2103 = ORIENTED_EDGE('',*,*,#2104,.F.);
#2104 = EDGE_CURVE('',#2105,#2097,#2107,.T.);
#2105 = VERTEX_POINT('',#2106);
#2106 = CARTESIAN_POINT('',(7.4,-14.44,6.8));
#2107 = LINE('',#2108,#2109);
#2108 = CARTESIAN_POINT('',(7.4,-14.44,3.4));
#2109 = VECTOR('',#2110,1.);
#2110 = DIRECTION('',(0.,0.,1.));
#2111 = ORIENTED_EDGE('',*,*,#2112,.T.);
#2112 = EDGE_CURVE('',#2105,#2113,#2115,.T.);
#2113 = VERTEX_POINT('',#2114);
#2114 = CARTESIAN_POINT('',(8.6,-14.44,6.8));
#2115 = LINE('',#2116,#2117);
#2116 = CARTESIAN_POINT('',(-7.22,-14.44,6.8));
#2117 = VECTOR('',#2118,1.);
#2118 = DIRECTION('',(1.,0.,0.));
#2119 = ORIENTED_EDGE('',*,*,#2120,.T.);
#2120 = EDGE_CURVE('',#2113,#2121,#2123,.T.);
#2121 = VERTEX_POINT('',#2122);
#2122 = CARTESIAN_POINT('',(8.6,-14.44,8.));
#2123 = LINE('',#2124,#2125);
#2124 = CARTESIAN_POINT('',(8.6,-14.44,3.4));
#2125 = VECTOR('',#2126,1.);
#2126 = DIRECTION('',(0.,0.,1.));
#2127 = ORIENTED_EDGE('',*,*,#2128,.T.);
#2128 = EDGE_CURVE('',#2121,#1973,#2129,.T.);
#2129 = LINE('',#2130,#2131);
#2130 = CARTESIAN_POINT('',(-14.44,-14.44,8.));
#2131 = VECTOR('',#2132,1.);
#2132 = DIRECTION('',(1.,0.,0.));
#2133 = ORIENTED_EDGE('',*,*,#1972,.F.);
#2134 = PLANE('',#2135);
#2135 = AXIS2_PLACEMENT_3D('',#2136,#2137,#2138);
#2136 = CARTESIAN_POINT('',(-14.44,-14.44,0.));
#2137 = DIRECTION('',(0.,1.,0.));
#2138 = DIRECTION('',(0.,0.,1.));
#2139 = ADVANCED_FACE('',(#2140),#2167,.F.);
#2140 = FACE_BOUND('',#2141,.F.);
#2141 = EDGE_LOOP('',(#2142,#2143,#2151,#2160,#2166));
#2142 = ORIENTED_EDGE('',*,*,#1709,.F.);
#2143 = ORIENTED_EDGE('',*,*,#2144,.T.);
#2144 = EDGE_CURVE('',#1702,#2145,#2147,.T.);
#2145 = VERTEX_POINT('',#2146);
#2146 = CARTESIAN_POINT('',(-11.16040365499,8.6,8.));
#2147 = LINE('',#2148,#2149);
#2148 = CARTESIAN_POINT('',(-15.9,8.6,8.));
#2149 = VECTOR('',#2150,1.);
#2150 = DIRECTION('',(1.,0.,0.));
#2151 = ORIENTED_EDGE('',*,*,#2152,.F.);
#2152 = EDGE_CURVE('',#2153,#2145,#2155,.T.);
#2153 = VERTEX_POINT('',#2154);
#2154 = CARTESIAN_POINT('',(-8.6,11.160403654991,8.));
#2155 = CIRCLE('',#2156,3.216854249492);
#2156 = AXIS2_PLACEMENT_3D('',#2157,#2158,#2159);
#2157 = CARTESIAN_POINT('',(-8.,8.,8.));
#2158 = DIRECTION('',(0.,0.,1.));
#2159 = DIRECTION('',(1.,0.,0.));
#2160 = ORIENTED_EDGE('',*,*,#2161,.T.);
#2161 = EDGE_CURVE('',#2153,#1740,#2162,.T.);
#2162 = LINE('',#2163,#2164);
#2163 = CARTESIAN_POINT('',(-8.6,-15.9,8.));
#2164 = VECTOR('',#2165,1.);
#2165 = DIRECTION('',(0.,1.,0.));
#2166 = ORIENTED_EDGE('',*,*,#1739,.F.);
#2167 = PLANE('',#2168);
#2168 = AXIS2_PLACEMENT_3D('',#2169,#2170,#2171);
#2169 = CARTESIAN_POINT('',(-2.216066481994,-2.216066481994,8.));
#2170 = DIRECTION('',(0.,0.,1.));
#2171 = DIRECTION('',(1.,0.,0.));
#2172 = ADVANCED_FACE('',(#2173),#2191,.T.);
#2173 = FACE_BOUND('',#2174,.T.);
#2174 = EDGE_LOOP('',(#2175,#2183,#2184,#2185));
#2175 = ORIENTED_EDGE('',*,*,#2176,.F.);
#2176 = EDGE_CURVE('',#1694,#2177,#2179,.T.);
#2177 = VERTEX_POINT('',#2178);
#2178 = CARTESIAN_POINT('',(-11.16040365499,8.6,6.8));
#2179 = LINE('',#2180,#2181);
#2180 = CARTESIAN_POINT('',(-15.9,8.6,6.8));
#2181 = VECTOR('',#2182,1.);
#2182 = DIRECTION('',(1.,0.,0.));
#2183 = ORIENTED_EDGE('',*,*,#1701,.T.);
#2184 = ORIENTED_EDGE('',*,*,#2144,.T.);
#2185 = ORIENTED_EDGE('',*,*,#2186,.T.);
#2186 = EDGE_CURVE('',#2145,#2177,#2187,.T.);
#2187 = LINE('',#2188,#2189);
#2188 = CARTESIAN_POINT('',(-11.16040365499,8.6,0.3));
#2189 = VECTOR('',#2190,1.);
#2190 = DIRECTION('',(-0.,-0.,-1.));
#2191 = PLANE('',#2192);
#2192 = AXIS2_PLACEMENT_3D('',#2193,#2194,#2195);
#2193 = CARTESIAN_POINT('',(-15.9,8.6,6.8));
#2194 = DIRECTION('',(0.,1.,0.));
#2195 = DIRECTION('',(0.,0.,1.));
#2196 = ADVANCED_FACE('',(#2197),#2216,.T.);
#2197 = FACE_BOUND('',#2198,.T.);
#2198 = EDGE_LOOP('',(#2199,#2208,#2214,#2215));
#2199 = ORIENTED_EDGE('',*,*,#2200,.F.);
#2200 = EDGE_CURVE('',#2201,#2177,#2203,.T.);
#2201 = VERTEX_POINT('',#2202);
#2202 = CARTESIAN_POINT('',(-11.16040365499,7.4,6.8));
#2203 = CIRCLE('',#2204,3.216854249492);
#2204 = AXIS2_PLACEMENT_3D('',#2205,#2206,#2207);
#2205 = CARTESIAN_POINT('',(-8.,8.,6.8));
#2206 = DIRECTION('',(0.,0.,-1.));
#2207 = DIRECTION('',(1.,0.,0.));
#2208 = ORIENTED_EDGE('',*,*,#2209,.F.);
#2209 = EDGE_CURVE('',#1686,#2201,#2210,.T.);
#2210 = LINE('',#2211,#2212);
#2211 = CARTESIAN_POINT('',(-15.9,7.4,6.8));
#2212 = VECTOR('',#2213,1.);
#2213 = DIRECTION('',(1.,0.,0.));
#2214 = ORIENTED_EDGE('',*,*,#1693,.T.);
#2215 = ORIENTED_EDGE('',*,*,#2176,.T.);
#2216 = PLANE('',#2217);
#2217 = AXIS2_PLACEMENT_3D('',#2218,#2219,#2220);
#2218 = CARTESIAN_POINT('',(-7.09814720662E-16,-7.425754000772E-16,6.8)
  );
#2219 = DIRECTION('',(-0.,-0.,-1.));
#2220 = DIRECTION('',(-1.,0.,0.));
#2221 = ADVANCED_FACE('',(#2222),#2240,.F.);
#2222 = FACE_BOUND('',#2223,.F.);
#2223 = EDGE_LOOP('',(#2224,#2225,#2226,#2234));
#2224 = ORIENTED_EDGE('',*,*,#2209,.F.);
#2225 = ORIENTED_EDGE('',*,*,#1685,.T.);
#2226 = ORIENTED_EDGE('',*,*,#2227,.T.);
#2227 = EDGE_CURVE('',#1678,#2228,#2230,.T.);
#2228 = VERTEX_POINT('',#2229);
#2229 = CARTESIAN_POINT('',(-11.16040365499,7.4,8.));
#2230 = LINE('',#2231,#2232);
#2231 = CARTESIAN_POINT('',(-15.9,7.4,8.));
#2232 = VECTOR('',#2233,1.);
#2233 = DIRECTION('',(1.,0.,0.));
#2234 = ORIENTED_EDGE('',*,*,#2235,.T.);
#2235 = EDGE_CURVE('',#2228,#2201,#2236,.T.);
#2236 = LINE('',#2237,#2238);
#2237 = CARTESIAN_POINT('',(-11.16040365499,7.4,0.3));
#2238 = VECTOR('',#2239,1.);
#2239 = DIRECTION('',(-0.,-0.,-1.));
#2240 = PLANE('',#2241);
#2241 = AXIS2_PLACEMENT_3D('',#2242,#2243,#2244);
#2242 = CARTESIAN_POINT('',(-15.9,7.4,6.8));
#2243 = DIRECTION('',(0.,1.,0.));
#2244 = DIRECTION('',(0.,0.,1.));
#2245 = ADVANCED_FACE('',(#2246),#2282,.F.);
#2246 = FACE_BOUND('',#2247,.F.);
#2247 = EDGE_LOOP('',(#2248,#2249,#2257,#2266,#2274,#2281));
#2248 = ORIENTED_EDGE('',*,*,#1677,.F.);
#2249 = ORIENTED_EDGE('',*,*,#2250,.T.);
#2250 = EDGE_CURVE('',#1670,#2251,#2253,.T.);
#2251 = VERTEX_POINT('',#2252);
#2252 = CARTESIAN_POINT('',(-11.16040365499,0.6,8.));
#2253 = LINE('',#2254,#2255);
#2254 = CARTESIAN_POINT('',(-15.9,0.6,8.));
#2255 = VECTOR('',#2256,1.);
#2256 = DIRECTION('',(1.,0.,0.));
#2257 = ORIENTED_EDGE('',*,*,#2258,.F.);
#2258 = EDGE_CURVE('',#2259,#2251,#2261,.T.);
#2259 = VERTEX_POINT('',#2260);
#2260 = CARTESIAN_POINT('',(-8.6,3.160403654991,8.));
#2261 = CIRCLE('',#2262,3.216854249492);
#2262 = AXIS2_PLACEMENT_3D('',#2263,#2264,#2265);
#2263 = CARTESIAN_POINT('',(-8.,0.,8.));
#2264 = DIRECTION('',(0.,0.,1.));
#2265 = DIRECTION('',(1.,0.,0.));
#2266 = ORIENTED_EDGE('',*,*,#2267,.T.);
#2267 = EDGE_CURVE('',#2259,#2268,#2270,.T.);
#2268 = VERTEX_POINT('',#2269);
#2269 = CARTESIAN_POINT('',(-8.6,4.839596345009,8.));
#2270 = LINE('',#2271,#2272);
#2271 = CARTESIAN_POINT('',(-8.6,-15.9,8.));
#2272 = VECTOR('',#2273,1.);
#2273 = DIRECTION('',(0.,1.,0.));
#2274 = ORIENTED_EDGE('',*,*,#2275,.F.);
#2275 = EDGE_CURVE('',#2228,#2268,#2276,.T.);
#2276 = CIRCLE('',#2277,3.216854249492);
#2277 = AXIS2_PLACEMENT_3D('',#2278,#2279,#2280);
#2278 = CARTESIAN_POINT('',(-8.,8.,8.));
#2279 = DIRECTION('',(0.,0.,1.));
#2280 = DIRECTION('',(1.,0.,0.));
#2281 = ORIENTED_EDGE('',*,*,#2227,.F.);
#2282 = PLANE('',#2283);
#2283 = AXIS2_PLACEMENT_3D('',#2284,#2285,#2286);
#2284 = CARTESIAN_POINT('',(-2.216066481994,-2.216066481994,8.));
#2285 = DIRECTION('',(0.,0.,1.));
#2286 = DIRECTION('',(1.,0.,0.));
#2287 = ADVANCED_FACE('',(#2288),#2306,.T.);
#2288 = FACE_BOUND('',#2289,.T.);
#2289 = EDGE_LOOP('',(#2290,#2298,#2299,#2300));
#2290 = ORIENTED_EDGE('',*,*,#2291,.F.);
#2291 = EDGE_CURVE('',#1662,#2292,#2294,.T.);
#2292 = VERTEX_POINT('',#2293);
#2293 = CARTESIAN_POINT('',(-11.16040365499,0.6,6.8));
#2294 = LINE('',#2295,#2296);
#2295 = CARTESIAN_POINT('',(-15.9,0.6,6.8));
#2296 = VECTOR('',#2297,1.);
#2297 = DIRECTION('',(1.,0.,0.));
#2298 = ORIENTED_EDGE('',*,*,#1669,.T.);
#2299 = ORIENTED_EDGE('',*,*,#2250,.T.);
#2300 = ORIENTED_EDGE('',*,*,#2301,.T.);
#2301 = EDGE_CURVE('',#2251,#2292,#2302,.T.);
#2302 = LINE('',#2303,#2304);
#2303 = CARTESIAN_POINT('',(-11.16040365499,0.6,0.3));
#2304 = VECTOR('',#2305,1.);
#2305 = DIRECTION('',(-0.,-0.,-1.));
#2306 = PLANE('',#2307);
#2307 = AXIS2_PLACEMENT_3D('',#2308,#2309,#2310);
#2308 = CARTESIAN_POINT('',(-15.9,0.6,6.8));
#2309 = DIRECTION('',(0.,1.,0.));
#2310 = DIRECTION('',(0.,0.,1.));
#2311 = ADVANCED_FACE('',(#2312),#2331,.T.);
#2312 = FACE_BOUND('',#2313,.T.);
#2313 = EDGE_LOOP('',(#2314,#2323,#2329,#2330));
#2314 = ORIENTED_EDGE('',*,*,#2315,.F.);
#2315 = EDGE_CURVE('',#2316,#2292,#2318,.T.);
#2316 = VERTEX_POINT('',#2317);
#2317 = CARTESIAN_POINT('',(-11.16040365499,-0.6,6.8));
#2318 = CIRCLE('',#2319,3.216854249492);
#2319 = AXIS2_PLACEMENT_3D('',#2320,#2321,#2322);
#2320 = CARTESIAN_POINT('',(-8.,0.,6.8));
#2321 = DIRECTION('',(0.,0.,-1.));
#2322 = DIRECTION('',(1.,0.,0.));
#2323 = ORIENTED_EDGE('',*,*,#2324,.F.);
#2324 = EDGE_CURVE('',#1654,#2316,#2325,.T.);
#2325 = LINE('',#2326,#2327);
#2326 = CARTESIAN_POINT('',(-15.9,-0.6,6.8));
#2327 = VECTOR('',#2328,1.);
#2328 = DIRECTION('',(1.,0.,0.));
#2329 = ORIENTED_EDGE('',*,*,#1661,.T.);
#2330 = ORIENTED_EDGE('',*,*,#2291,.T.);
#2331 = PLANE('',#2332);
#2332 = AXIS2_PLACEMENT_3D('',#2333,#2334,#2335);
#2333 = CARTESIAN_POINT('',(-7.09814720662E-16,-7.425754000772E-16,6.8)
  );
#2334 = DIRECTION('',(-0.,-0.,-1.));
#2335 = DIRECTION('',(-1.,0.,0.));
#2336 = ADVANCED_FACE('',(#2337),#2355,.F.);
#2337 = FACE_BOUND('',#2338,.F.);
#2338 = EDGE_LOOP('',(#2339,#2340,#2341,#2349));
#2339 = ORIENTED_EDGE('',*,*,#2324,.F.);
#2340 = ORIENTED_EDGE('',*,*,#1653,.T.);
#2341 = ORIENTED_EDGE('',*,*,#2342,.T.);
#2342 = EDGE_CURVE('',#1646,#2343,#2345,.T.);
#2343 = VERTEX_POINT('',#2344);
#2344 = CARTESIAN_POINT('',(-11.16040365499,-0.6,8.));
#2345 = LINE('',#2346,#2347);
#2346 = CARTESIAN_POINT('',(-15.9,-0.6,8.));
#2347 = VECTOR('',#2348,1.);
#2348 = DIRECTION('',(1.,0.,0.));
#2349 = ORIENTED_EDGE('',*,*,#2350,.T.);
#2350 = EDGE_CURVE('',#2343,#2316,#2351,.T.);
#2351 = LINE('',#2352,#2353);
#2352 = CARTESIAN_POINT('',(-11.16040365499,-0.6,0.3));
#2353 = VECTOR('',#2354,1.);
#2354 = DIRECTION('',(-0.,-0.,-1.));
#2355 = PLANE('',#2356);
#2356 = AXIS2_PLACEMENT_3D('',#2357,#2358,#2359);
#2357 = CARTESIAN_POINT('',(-15.9,-0.6,6.8));
#2358 = DIRECTION('',(0.,1.,0.));
#2359 = DIRECTION('',(0.,0.,1.));
#2360 = ADVANCED_FACE('',(#2361),#2397,.F.);
#2361 = FACE_BOUND('',#2362,.F.);
#2362 = EDGE_LOOP('',(#2363,#2364,#2372,#2381,#2389,#2396));
#2363 = ORIENTED_EDGE('',*,*,#1645,.F.);
#2364 = ORIENTED_EDGE('',*,*,#2365,.T.);
#2365 = EDGE_CURVE('',#1638,#2366,#2368,.T.);
#2366 = VERTEX_POINT('',#2367);
#2367 = CARTESIAN_POINT('',(-11.16040365499,-7.4,8.));
#2368 = LINE('',#2369,#2370);
#2369 = CARTESIAN_POINT('',(-15.9,-7.4,8.));
#2370 = VECTOR('',#2371,1.);
#2371 = DIRECTION('',(1.,0.,0.));
#2372 = ORIENTED_EDGE('',*,*,#2373,.F.);
#2373 = EDGE_CURVE('',#2374,#2366,#2376,.T.);
#2374 = VERTEX_POINT('',#2375);
#2375 = CARTESIAN_POINT('',(-8.6,-4.839596345009,8.));
#2376 = CIRCLE('',#2377,3.216854249492);
#2377 = AXIS2_PLACEMENT_3D('',#2378,#2379,#2380);
#2378 = CARTESIAN_POINT('',(-8.,-8.,8.));
#2379 = DIRECTION('',(0.,0.,1.));
#2380 = DIRECTION('',(1.,0.,0.));
#2381 = ORIENTED_EDGE('',*,*,#2382,.T.);
#2382 = EDGE_CURVE('',#2374,#2383,#2385,.T.);
#2383 = VERTEX_POINT('',#2384);
#2384 = CARTESIAN_POINT('',(-8.6,-3.160403654991,8.));
#2385 = LINE('',#2386,#2387);
#2386 = CARTESIAN_POINT('',(-8.6,-15.9,8.));
#2387 = VECTOR('',#2388,1.);
#2388 = DIRECTION('',(0.,1.,0.));
#2389 = ORIENTED_EDGE('',*,*,#2390,.F.);
#2390 = EDGE_CURVE('',#2343,#2383,#2391,.T.);
#2391 = CIRCLE('',#2392,3.216854249492);
#2392 = AXIS2_PLACEMENT_3D('',#2393,#2394,#2395);
#2393 = CARTESIAN_POINT('',(-8.,0.,8.));
#2394 = DIRECTION('',(0.,0.,1.));
#2395 = DIRECTION('',(1.,0.,0.));
#2396 = ORIENTED_EDGE('',*,*,#2342,.F.);
#2397 = PLANE('',#2398);
#2398 = AXIS2_PLACEMENT_3D('',#2399,#2400,#2401);
#2399 = CARTESIAN_POINT('',(-2.216066481994,-2.216066481994,8.));
#2400 = DIRECTION('',(0.,0.,1.));
#2401 = DIRECTION('',(1.,0.,0.));
#2402 = ADVANCED_FACE('',(#2403),#2421,.T.);
#2403 = FACE_BOUND('',#2404,.T.);
#2404 = EDGE_LOOP('',(#2405,#2413,#2414,#2415));
#2405 = ORIENTED_EDGE('',*,*,#2406,.F.);
#2406 = EDGE_CURVE('',#1630,#2407,#2409,.T.);
#2407 = VERTEX_POINT('',#2408);
#2408 = CARTESIAN_POINT('',(-11.16040365499,-7.4,6.8));
#2409 = LINE('',#2410,#2411);
#2410 = CARTESIAN_POINT('',(-15.9,-7.4,6.8));
#2411 = VECTOR('',#2412,1.);
#2412 = DIRECTION('',(1.,0.,0.));
#2413 = ORIENTED_EDGE('',*,*,#1637,.T.);
#2414 = ORIENTED_EDGE('',*,*,#2365,.T.);
#2415 = ORIENTED_EDGE('',*,*,#2416,.T.);
#2416 = EDGE_CURVE('',#2366,#2407,#2417,.T.);
#2417 = LINE('',#2418,#2419);
#2418 = CARTESIAN_POINT('',(-11.16040365499,-7.4,0.3));
#2419 = VECTOR('',#2420,1.);
#2420 = DIRECTION('',(-0.,-0.,-1.));
#2421 = PLANE('',#2422);
#2422 = AXIS2_PLACEMENT_3D('',#2423,#2424,#2425);
#2423 = CARTESIAN_POINT('',(-15.9,-7.4,6.8));
#2424 = DIRECTION('',(0.,1.,0.));
#2425 = DIRECTION('',(0.,0.,1.));
#2426 = ADVANCED_FACE('',(#2427),#2446,.T.);
#2427 = FACE_BOUND('',#2428,.T.);
#2428 = EDGE_LOOP('',(#2429,#2438,#2444,#2445));
#2429 = ORIENTED_EDGE('',*,*,#2430,.F.);
#2430 = EDGE_CURVE('',#2431,#2407,#2433,.T.);
#2431 = VERTEX_POINT('',#2432);
#2432 = CARTESIAN_POINT('',(-11.16040365499,-8.6,6.8));
#2433 = CIRCLE('',#2434,3.216854249492);
#2434 = AXIS2_PLACEMENT_3D('',#2435,#2436,#2437);
#2435 = CARTESIAN_POINT('',(-8.,-8.,6.8));
#2436 = DIRECTION('',(0.,0.,-1.));
#2437 = DIRECTION('',(1.,0.,0.));
#2438 = ORIENTED_EDGE('',*,*,#2439,.F.);
#2439 = EDGE_CURVE('',#1622,#2431,#2440,.T.);
#2440 = LINE('',#2441,#2442);
#2441 = CARTESIAN_POINT('',(-15.9,-8.6,6.8));
#2442 = VECTOR('',#2443,1.);
#2443 = DIRECTION('',(1.,0.,0.));
#2444 = ORIENTED_EDGE('',*,*,#1629,.T.);
#2445 = ORIENTED_EDGE('',*,*,#2406,.T.);
#2446 = PLANE('',#2447);
#2447 = AXIS2_PLACEMENT_3D('',#2448,#2449,#2450);
#2448 = CARTESIAN_POINT('',(-7.09814720662E-16,-7.425754000772E-16,6.8)
  );
#2449 = DIRECTION('',(-0.,-0.,-1.));
#2450 = DIRECTION('',(-1.,0.,0.));
#2451 = ADVANCED_FACE('',(#2452),#2470,.F.);
#2452 = FACE_BOUND('',#2453,.F.);
#2453 = EDGE_LOOP('',(#2454,#2455,#2456,#2464));
#2454 = ORIENTED_EDGE('',*,*,#2439,.F.);
#2455 = ORIENTED_EDGE('',*,*,#1621,.T.);
#2456 = ORIENTED_EDGE('',*,*,#2457,.T.);
#2457 = EDGE_CURVE('',#1614,#2458,#2460,.T.);
#2458 = VERTEX_POINT('',#2459);
#2459 = CARTESIAN_POINT('',(-11.16040365499,-8.6,8.));
#2460 = LINE('',#2461,#2462);
#2461 = CARTESIAN_POINT('',(-15.9,-8.6,8.));
#2462 = VECTOR('',#2463,1.);
#2463 = DIRECTION('',(1.,0.,0.));
#2464 = ORIENTED_EDGE('',*,*,#2465,.T.);
#2465 = EDGE_CURVE('',#2458,#2431,#2466,.T.);
#2466 = LINE('',#2467,#2468);
#2467 = CARTESIAN_POINT('',(-11.16040365499,-8.6,0.3));
#2468 = VECTOR('',#2469,1.);
#2469 = DIRECTION('',(-0.,-0.,-1.));
#2470 = PLANE('',#2471);
#2471 = AXIS2_PLACEMENT_3D('',#2472,#2473,#2474);
#2472 = CARTESIAN_POINT('',(-15.9,-8.6,6.8));
#2473 = DIRECTION('',(0.,1.,0.));
#2474 = DIRECTION('',(0.,0.,1.));
#2475 = ADVANCED_FACE('',(#2476),#2496,.F.);
#2476 = FACE_BOUND('',#2477,.F.);
#2477 = EDGE_LOOP('',(#2478,#2479,#2480,#2488,#2495));
#2478 = ORIENTED_EDGE('',*,*,#1613,.F.);
#2479 = ORIENTED_EDGE('',*,*,#2032,.T.);
#2480 = ORIENTED_EDGE('',*,*,#2481,.T.);
#2481 = EDGE_CURVE('',#2033,#2482,#2484,.T.);
#2482 = VERTEX_POINT('',#2483);
#2483 = CARTESIAN_POINT('',(-8.6,-11.16040365499,8.));
#2484 = LINE('',#2485,#2486);
#2485 = CARTESIAN_POINT('',(-8.6,-15.9,8.));
#2486 = VECTOR('',#2487,1.);
#2487 = DIRECTION('',(0.,1.,0.));
#2488 = ORIENTED_EDGE('',*,*,#2489,.F.);
#2489 = EDGE_CURVE('',#2458,#2482,#2490,.T.);
#2490 = CIRCLE('',#2491,3.216854249492);
#2491 = AXIS2_PLACEMENT_3D('',#2492,#2493,#2494);
#2492 = CARTESIAN_POINT('',(-8.,-8.,8.));
#2493 = DIRECTION('',(0.,0.,1.));
#2494 = DIRECTION('',(1.,0.,0.));
#2495 = ORIENTED_EDGE('',*,*,#2457,.F.);
#2496 = PLANE('',#2497);
#2497 = AXIS2_PLACEMENT_3D('',#2498,#2499,#2500);
#2498 = CARTESIAN_POINT('',(-2.216066481994,-2.216066481994,8.));
#2499 = DIRECTION('',(0.,0.,1.));
#2500 = DIRECTION('',(1.,0.,0.));
#2501 = ADVANCED_FACE('',(#2502),#2529,.F.);
#2502 = FACE_BOUND('',#2503,.F.);
#2503 = EDGE_LOOP('',(#2504,#2505,#2513,#2522,#2528));
#2504 = ORIENTED_EDGE('',*,*,#1771,.F.);
#2505 = ORIENTED_EDGE('',*,*,#2506,.F.);
#2506 = EDGE_CURVE('',#2507,#1764,#2509,.T.);
#2507 = VERTEX_POINT('',#2508);
#2508 = CARTESIAN_POINT('',(-7.4,11.16040365499,8.));
#2509 = LINE('',#2510,#2511);
#2510 = CARTESIAN_POINT('',(-7.4,-15.9,8.));
#2511 = VECTOR('',#2512,1.);
#2512 = DIRECTION('',(0.,1.,0.));
#2513 = ORIENTED_EDGE('',*,*,#2514,.F.);
#2514 = EDGE_CURVE('',#2515,#2507,#2517,.T.);
#2515 = VERTEX_POINT('',#2516);
#2516 = CARTESIAN_POINT('',(-4.83959634501,8.6,8.));
#2517 = CIRCLE('',#2518,3.216854249492);
#2518 = AXIS2_PLACEMENT_3D('',#2519,#2520,#2521);
#2519 = CARTESIAN_POINT('',(-8.,8.,8.));
#2520 = DIRECTION('',(0.,0.,1.));
#2521 = DIRECTION('',(1.,0.,0.));
#2522 = ORIENTED_EDGE('',*,*,#2523,.T.);
#2523 = EDGE_CURVE('',#2515,#1807,#2524,.T.);
#2524 = LINE('',#2525,#2526);
#2525 = CARTESIAN_POINT('',(-15.9,8.6,8.));
#2526 = VECTOR('',#2527,1.);
#2527 = DIRECTION('',(1.,0.,0.));
#2528 = ORIENTED_EDGE('',*,*,#1806,.T.);
#2529 = PLANE('',#2530);
#2530 = AXIS2_PLACEMENT_3D('',#2531,#2532,#2533);
#2531 = CARTESIAN_POINT('',(-2.216066481994,-2.216066481994,8.));
#2532 = DIRECTION('',(0.,0.,1.));
#2533 = DIRECTION('',(1.,0.,0.));
#2534 = ADVANCED_FACE('',(#2535),#2553,.T.);
#2535 = FACE_BOUND('',#2536,.T.);
#2536 = EDGE_LOOP('',(#2537,#2538,#2546,#2552));
#2537 = ORIENTED_EDGE('',*,*,#2506,.F.);
#2538 = ORIENTED_EDGE('',*,*,#2539,.T.);
#2539 = EDGE_CURVE('',#2507,#2540,#2542,.T.);
#2540 = VERTEX_POINT('',#2541);
#2541 = CARTESIAN_POINT('',(-7.4,11.16040365499,6.8));
#2542 = LINE('',#2543,#2544);
#2543 = CARTESIAN_POINT('',(-7.4,11.16040365499,0.3));
#2544 = VECTOR('',#2545,1.);
#2545 = DIRECTION('',(-0.,-0.,-1.));
#2546 = ORIENTED_EDGE('',*,*,#2547,.T.);
#2547 = EDGE_CURVE('',#2540,#1756,#2548,.T.);
#2548 = LINE('',#2549,#2550);
#2549 = CARTESIAN_POINT('',(-7.4,-15.9,6.8));
#2550 = VECTOR('',#2551,1.);
#2551 = DIRECTION('',(0.,1.,0.));
#2552 = ORIENTED_EDGE('',*,*,#1763,.T.);
#2553 = PLANE('',#2554);
#2554 = AXIS2_PLACEMENT_3D('',#2555,#2556,#2557);
#2555 = CARTESIAN_POINT('',(-7.4,-15.9,6.8));
#2556 = DIRECTION('',(1.,0.,0.));
#2557 = DIRECTION('',(0.,0.,1.));
#2558 = ADVANCED_FACE('',(#2559),#2578,.T.);
#2559 = FACE_BOUND('',#2560,.T.);
#2560 = EDGE_LOOP('',(#2561,#2570,#2576,#2577));
#2561 = ORIENTED_EDGE('',*,*,#2562,.F.);
#2562 = EDGE_CURVE('',#2563,#2540,#2565,.T.);
#2563 = VERTEX_POINT('',#2564);
#2564 = CARTESIAN_POINT('',(-8.6,11.16040365499,6.8));
#2565 = CIRCLE('',#2566,3.216854249492);
#2566 = AXIS2_PLACEMENT_3D('',#2567,#2568,#2569);
#2567 = CARTESIAN_POINT('',(-8.,8.,6.8));
#2568 = DIRECTION('',(0.,0.,-1.));
#2569 = DIRECTION('',(1.,0.,0.));
#2570 = ORIENTED_EDGE('',*,*,#2571,.T.);
#2571 = EDGE_CURVE('',#2563,#1748,#2572,.T.);
#2572 = LINE('',#2573,#2574);
#2573 = CARTESIAN_POINT('',(-8.6,-15.9,6.8));
#2574 = VECTOR('',#2575,1.);
#2575 = DIRECTION('',(0.,1.,0.));
#2576 = ORIENTED_EDGE('',*,*,#1755,.T.);
#2577 = ORIENTED_EDGE('',*,*,#2547,.F.);
#2578 = PLANE('',#2579);
#2579 = AXIS2_PLACEMENT_3D('',#2580,#2581,#2582);
#2580 = CARTESIAN_POINT('',(-7.09814720662E-16,-7.425754000772E-16,6.8)
  );
#2581 = DIRECTION('',(-0.,-0.,-1.));
#2582 = DIRECTION('',(-1.,0.,0.));
#2583 = ADVANCED_FACE('',(#2584),#2595,.F.);
#2584 = FACE_BOUND('',#2585,.F.);
#2585 = EDGE_LOOP('',(#2586,#2587,#2593,#2594));
#2586 = ORIENTED_EDGE('',*,*,#2161,.F.);
#2587 = ORIENTED_EDGE('',*,*,#2588,.T.);
#2588 = EDGE_CURVE('',#2153,#2563,#2589,.T.);
#2589 = LINE('',#2590,#2591);
#2590 = CARTESIAN_POINT('',(-8.6,11.16040365499,0.3));
#2591 = VECTOR('',#2592,1.);
#2592 = DIRECTION('',(-0.,-0.,-1.));
#2593 = ORIENTED_EDGE('',*,*,#2571,.T.);
#2594 = ORIENTED_EDGE('',*,*,#1747,.T.);
#2595 = PLANE('',#2596);
#2596 = AXIS2_PLACEMENT_3D('',#2597,#2598,#2599);
#2597 = CARTESIAN_POINT('',(-8.6,-15.9,6.8));
#2598 = DIRECTION('',(1.,0.,0.));
#2599 = DIRECTION('',(0.,0.,1.));
#2600 = ADVANCED_FACE('',(#2601),#2662,.F.);
#2601 = FACE_BOUND('',#2602,.F.);
#2602 = EDGE_LOOP('',(#2603,#2613,#2622,#2630,#2639,#2645,#2646,#2647,
    #2655));
#2603 = ORIENTED_EDGE('',*,*,#2604,.F.);
#2604 = EDGE_CURVE('',#2605,#2607,#2609,.T.);
#2605 = VERTEX_POINT('',#2606);
#2606 = CARTESIAN_POINT('',(-7.4,-4.83959634501,8.));
#2607 = VERTEX_POINT('',#2608);
#2608 = CARTESIAN_POINT('',(-7.4,-3.16040365499,8.));
#2609 = LINE('',#2610,#2611);
#2610 = CARTESIAN_POINT('',(-7.4,-15.9,8.));
#2611 = VECTOR('',#2612,1.);
#2612 = DIRECTION('',(0.,1.,0.));
#2613 = ORIENTED_EDGE('',*,*,#2614,.F.);
#2614 = EDGE_CURVE('',#2615,#2605,#2617,.T.);
#2615 = VERTEX_POINT('',#2616);
#2616 = CARTESIAN_POINT('',(-4.83959634501,-7.4,8.));
#2617 = CIRCLE('',#2618,3.216854249492);
#2618 = AXIS2_PLACEMENT_3D('',#2619,#2620,#2621);
#2619 = CARTESIAN_POINT('',(-8.,-8.,8.));
#2620 = DIRECTION('',(0.,0.,1.));
#2621 = DIRECTION('',(1.,0.,0.));
#2622 = ORIENTED_EDGE('',*,*,#2623,.T.);
#2623 = EDGE_CURVE('',#2615,#2624,#2626,.T.);
#2624 = VERTEX_POINT('',#2625);
#2625 = CARTESIAN_POINT('',(-3.16040365499,-7.4,8.));
#2626 = LINE('',#2627,#2628);
#2627 = CARTESIAN_POINT('',(-15.9,-7.4,8.));
#2628 = VECTOR('',#2629,1.);
#2629 = DIRECTION('',(1.,0.,0.));
#2630 = ORIENTED_EDGE('',*,*,#2631,.F.);
#2631 = EDGE_CURVE('',#2632,#2624,#2634,.T.);
#2632 = VERTEX_POINT('',#2633);
#2633 = CARTESIAN_POINT('',(-0.6,-4.839596345009,8.));
#2634 = CIRCLE('',#2635,3.216854249492);
#2635 = AXIS2_PLACEMENT_3D('',#2636,#2637,#2638);
#2636 = CARTESIAN_POINT('',(0.,-8.,8.));
#2637 = DIRECTION('',(0.,0.,1.));
#2638 = DIRECTION('',(1.,0.,0.));
#2639 = ORIENTED_EDGE('',*,*,#2640,.T.);
#2640 = EDGE_CURVE('',#2632,#1887,#2641,.T.);
#2641 = LINE('',#2642,#2643);
#2642 = CARTESIAN_POINT('',(-0.6,-15.9,8.));
#2643 = VECTOR('',#2644,1.);
#2644 = DIRECTION('',(0.,1.,0.));
#2645 = ORIENTED_EDGE('',*,*,#1886,.F.);
#2646 = ORIENTED_EDGE('',*,*,#1870,.T.);
#2647 = ORIENTED_EDGE('',*,*,#2648,.F.);
#2648 = EDGE_CURVE('',#2649,#1863,#2651,.T.);
#2649 = VERTEX_POINT('',#2650);
#2650 = CARTESIAN_POINT('',(-4.83959634501,-0.6,8.));
#2651 = LINE('',#2652,#2653);
#2652 = CARTESIAN_POINT('',(-15.9,-0.6,8.));
#2653 = VECTOR('',#2654,1.);
#2654 = DIRECTION('',(1.,0.,0.));
#2655 = ORIENTED_EDGE('',*,*,#2656,.F.);
#2656 = EDGE_CURVE('',#2607,#2649,#2657,.T.);
#2657 = CIRCLE('',#2658,3.216854249492);
#2658 = AXIS2_PLACEMENT_3D('',#2659,#2660,#2661);
#2659 = CARTESIAN_POINT('',(-8.,0.,8.));
#2660 = DIRECTION('',(0.,0.,1.));
#2661 = DIRECTION('',(1.,0.,0.));
#2662 = PLANE('',#2663);
#2663 = AXIS2_PLACEMENT_3D('',#2664,#2665,#2666);
#2664 = CARTESIAN_POINT('',(-2.216066481994,-2.216066481994,8.));
#2665 = DIRECTION('',(0.,0.,1.));
#2666 = DIRECTION('',(1.,0.,0.));
#2667 = ADVANCED_FACE('',(#2668),#2686,.F.);
#2668 = FACE_BOUND('',#2669,.F.);
#2669 = EDGE_LOOP('',(#2670,#2678,#2684,#2685));
#2670 = ORIENTED_EDGE('',*,*,#2671,.F.);
#2671 = EDGE_CURVE('',#2672,#1855,#2674,.T.);
#2672 = VERTEX_POINT('',#2673);
#2673 = CARTESIAN_POINT('',(-4.83959634501,-0.6,6.8));
#2674 = LINE('',#2675,#2676);
#2675 = CARTESIAN_POINT('',(-15.9,-0.6,6.8));
#2676 = VECTOR('',#2677,1.);
#2677 = DIRECTION('',(1.,0.,0.));
#2678 = ORIENTED_EDGE('',*,*,#2679,.F.);
#2679 = EDGE_CURVE('',#2649,#2672,#2680,.T.);
#2680 = LINE('',#2681,#2682);
#2681 = CARTESIAN_POINT('',(-4.83959634501,-0.6,0.3));
#2682 = VECTOR('',#2683,1.);
#2683 = DIRECTION('',(-0.,-0.,-1.));
#2684 = ORIENTED_EDGE('',*,*,#2648,.T.);
#2685 = ORIENTED_EDGE('',*,*,#1862,.T.);
#2686 = PLANE('',#2687);
#2687 = AXIS2_PLACEMENT_3D('',#2688,#2689,#2690);
#2688 = CARTESIAN_POINT('',(-15.9,-0.6,6.8));
#2689 = DIRECTION('',(0.,1.,0.));
#2690 = DIRECTION('',(0.,0.,1.));
#2691 = ADVANCED_FACE('',(#2692),#2720,.T.);
#2692 = FACE_BOUND('',#2693,.T.);
#2693 = EDGE_LOOP('',(#2694,#2695,#2704,#2713,#2719));
#2694 = ORIENTED_EDGE('',*,*,#2671,.F.);
#2695 = ORIENTED_EDGE('',*,*,#2696,.F.);
#2696 = EDGE_CURVE('',#2697,#2672,#2699,.T.);
#2697 = VERTEX_POINT('',#2698);
#2698 = CARTESIAN_POINT('',(-4.783145750508,-7.879020519929E-16,6.8));
#2699 = CIRCLE('',#2700,3.216854249492);
#2700 = AXIS2_PLACEMENT_3D('',#2701,#2702,#2703);
#2701 = CARTESIAN_POINT('',(-8.,0.,6.8));
#2702 = DIRECTION('',(0.,0.,-1.));
#2703 = DIRECTION('',(1.,0.,0.));
#2704 = ORIENTED_EDGE('',*,*,#2705,.F.);
#2705 = EDGE_CURVE('',#2706,#2697,#2708,.T.);
#2706 = VERTEX_POINT('',#2707);
#2707 = CARTESIAN_POINT('',(-4.83959634501,0.6,6.8));
#2708 = CIRCLE('',#2709,3.216854249492);
#2709 = AXIS2_PLACEMENT_3D('',#2710,#2711,#2712);
#2710 = CARTESIAN_POINT('',(-8.,0.,6.8));
#2711 = DIRECTION('',(0.,0.,-1.));
#2712 = DIRECTION('',(1.,0.,0.));
#2713 = ORIENTED_EDGE('',*,*,#2714,.T.);
#2714 = EDGE_CURVE('',#2706,#1847,#2715,.T.);
#2715 = LINE('',#2716,#2717);
#2716 = CARTESIAN_POINT('',(-15.9,0.6,6.8));
#2717 = VECTOR('',#2718,1.);
#2718 = DIRECTION('',(1.,0.,0.));
#2719 = ORIENTED_EDGE('',*,*,#1854,.T.);
#2720 = PLANE('',#2721);
#2721 = AXIS2_PLACEMENT_3D('',#2722,#2723,#2724);
#2722 = CARTESIAN_POINT('',(-7.09814720662E-16,-7.425754000772E-16,6.8)
  );
#2723 = DIRECTION('',(-0.,-0.,-1.));
#2724 = DIRECTION('',(-1.,0.,0.));
#2725 = ADVANCED_FACE('',(#2726),#2744,.T.);
#2726 = FACE_BOUND('',#2727,.T.);
#2727 = EDGE_LOOP('',(#2728,#2729,#2737,#2743));
#2728 = ORIENTED_EDGE('',*,*,#2714,.F.);
#2729 = ORIENTED_EDGE('',*,*,#2730,.F.);
#2730 = EDGE_CURVE('',#2731,#2706,#2733,.T.);
#2731 = VERTEX_POINT('',#2732);
#2732 = CARTESIAN_POINT('',(-4.83959634501,0.6,8.));
#2733 = LINE('',#2734,#2735);
#2734 = CARTESIAN_POINT('',(-4.83959634501,0.6,0.3));
#2735 = VECTOR('',#2736,1.);
#2736 = DIRECTION('',(-0.,-0.,-1.));
#2737 = ORIENTED_EDGE('',*,*,#2738,.T.);
#2738 = EDGE_CURVE('',#2731,#1839,#2739,.T.);
#2739 = LINE('',#2740,#2741);
#2740 = CARTESIAN_POINT('',(-15.9,0.6,8.));
#2741 = VECTOR('',#2742,1.);
#2742 = DIRECTION('',(1.,0.,0.));
#2743 = ORIENTED_EDGE('',*,*,#1846,.T.);
#2744 = PLANE('',#2745);
#2745 = AXIS2_PLACEMENT_3D('',#2746,#2747,#2748);
#2746 = CARTESIAN_POINT('',(-15.9,0.6,6.8));
#2747 = DIRECTION('',(0.,1.,0.));
#2748 = DIRECTION('',(0.,0.,1.));
#2749 = ADVANCED_FACE('',(#2750),#2786,.F.);
#2750 = FACE_BOUND('',#2751,.F.);
#2751 = EDGE_LOOP('',(#2752,#2762,#2769,#2770,#2771,#2779));
#2752 = ORIENTED_EDGE('',*,*,#2753,.F.);
#2753 = EDGE_CURVE('',#2754,#2756,#2758,.T.);
#2754 = VERTEX_POINT('',#2755);
#2755 = CARTESIAN_POINT('',(-7.4,3.16040365499,8.));
#2756 = VERTEX_POINT('',#2757);
#2757 = CARTESIAN_POINT('',(-7.4,4.83959634501,8.));
#2758 = LINE('',#2759,#2760);
#2759 = CARTESIAN_POINT('',(-7.4,-15.9,8.));
#2760 = VECTOR('',#2761,1.);
#2761 = DIRECTION('',(0.,1.,0.));
#2762 = ORIENTED_EDGE('',*,*,#2763,.F.);
#2763 = EDGE_CURVE('',#2731,#2754,#2764,.T.);
#2764 = CIRCLE('',#2765,3.216854249492);
#2765 = AXIS2_PLACEMENT_3D('',#2766,#2767,#2768);
#2766 = CARTESIAN_POINT('',(-8.,0.,8.));
#2767 = DIRECTION('',(0.,0.,1.));
#2768 = DIRECTION('',(1.,0.,0.));
#2769 = ORIENTED_EDGE('',*,*,#2738,.T.);
#2770 = ORIENTED_EDGE('',*,*,#1838,.T.);
#2771 = ORIENTED_EDGE('',*,*,#2772,.F.);
#2772 = EDGE_CURVE('',#2773,#1831,#2775,.T.);
#2773 = VERTEX_POINT('',#2774);
#2774 = CARTESIAN_POINT('',(-4.83959634501,7.4,8.));
#2775 = LINE('',#2776,#2777);
#2776 = CARTESIAN_POINT('',(-15.9,7.4,8.));
#2777 = VECTOR('',#2778,1.);
#2778 = DIRECTION('',(1.,0.,0.));
#2779 = ORIENTED_EDGE('',*,*,#2780,.F.);
#2780 = EDGE_CURVE('',#2756,#2773,#2781,.T.);
#2781 = CIRCLE('',#2782,3.216854249492);
#2782 = AXIS2_PLACEMENT_3D('',#2783,#2784,#2785);
#2783 = CARTESIAN_POINT('',(-8.,8.,8.));
#2784 = DIRECTION('',(0.,0.,1.));
#2785 = DIRECTION('',(1.,0.,0.));
#2786 = PLANE('',#2787);
#2787 = AXIS2_PLACEMENT_3D('',#2788,#2789,#2790);
#2788 = CARTESIAN_POINT('',(-2.216066481994,-2.216066481994,8.));
#2789 = DIRECTION('',(0.,0.,1.));
#2790 = DIRECTION('',(1.,0.,0.));
#2791 = ADVANCED_FACE('',(#2792),#2810,.F.);
#2792 = FACE_BOUND('',#2793,.F.);
#2793 = EDGE_LOOP('',(#2794,#2802,#2808,#2809));
#2794 = ORIENTED_EDGE('',*,*,#2795,.F.);
#2795 = EDGE_CURVE('',#2796,#1823,#2798,.T.);
#2796 = VERTEX_POINT('',#2797);
#2797 = CARTESIAN_POINT('',(-4.83959634501,7.4,6.8));
#2798 = LINE('',#2799,#2800);
#2799 = CARTESIAN_POINT('',(-15.9,7.4,6.8));
#2800 = VECTOR('',#2801,1.);
#2801 = DIRECTION('',(1.,0.,0.));
#2802 = ORIENTED_EDGE('',*,*,#2803,.F.);
#2803 = EDGE_CURVE('',#2773,#2796,#2804,.T.);
#2804 = LINE('',#2805,#2806);
#2805 = CARTESIAN_POINT('',(-4.83959634501,7.4,0.3));
#2806 = VECTOR('',#2807,1.);
#2807 = DIRECTION('',(-0.,-0.,-1.));
#2808 = ORIENTED_EDGE('',*,*,#2772,.T.);
#2809 = ORIENTED_EDGE('',*,*,#1830,.T.);
#2810 = PLANE('',#2811);
#2811 = AXIS2_PLACEMENT_3D('',#2812,#2813,#2814);
#2812 = CARTESIAN_POINT('',(-15.9,7.4,6.8));
#2813 = DIRECTION('',(0.,1.,0.));
#2814 = DIRECTION('',(0.,0.,1.));
#2815 = ADVANCED_FACE('',(#2816),#2844,.T.);
#2816 = FACE_BOUND('',#2817,.T.);
#2817 = EDGE_LOOP('',(#2818,#2819,#2828,#2837,#2843));
#2818 = ORIENTED_EDGE('',*,*,#2795,.F.);
#2819 = ORIENTED_EDGE('',*,*,#2820,.F.);
#2820 = EDGE_CURVE('',#2821,#2796,#2823,.T.);
#2821 = VERTEX_POINT('',#2822);
#2822 = CARTESIAN_POINT('',(-4.783145750508,8.,6.8));
#2823 = CIRCLE('',#2824,3.216854249492);
#2824 = AXIS2_PLACEMENT_3D('',#2825,#2826,#2827);
#2825 = CARTESIAN_POINT('',(-8.,8.,6.8));
#2826 = DIRECTION('',(0.,0.,-1.));
#2827 = DIRECTION('',(1.,0.,0.));
#2828 = ORIENTED_EDGE('',*,*,#2829,.F.);
#2829 = EDGE_CURVE('',#2830,#2821,#2832,.T.);
#2830 = VERTEX_POINT('',#2831);
#2831 = CARTESIAN_POINT('',(-4.83959634501,8.6,6.8));
#2832 = CIRCLE('',#2833,3.216854249492);
#2833 = AXIS2_PLACEMENT_3D('',#2834,#2835,#2836);
#2834 = CARTESIAN_POINT('',(-8.,8.,6.8));
#2835 = DIRECTION('',(0.,0.,-1.));
#2836 = DIRECTION('',(1.,0.,0.));
#2837 = ORIENTED_EDGE('',*,*,#2838,.T.);
#2838 = EDGE_CURVE('',#2830,#1815,#2839,.T.);
#2839 = LINE('',#2840,#2841);
#2840 = CARTESIAN_POINT('',(-15.9,8.6,6.8));
#2841 = VECTOR('',#2842,1.);
#2842 = DIRECTION('',(1.,0.,0.));
#2843 = ORIENTED_EDGE('',*,*,#1822,.T.);
#2844 = PLANE('',#2845);
#2845 = AXIS2_PLACEMENT_3D('',#2846,#2847,#2848);
#2846 = CARTESIAN_POINT('',(-7.09814720662E-16,-7.425754000772E-16,6.8)
  );
#2847 = DIRECTION('',(-0.,-0.,-1.));
#2848 = DIRECTION('',(-1.,0.,0.));
#2849 = ADVANCED_FACE('',(#2850),#2861,.T.);
#2850 = FACE_BOUND('',#2851,.T.);
#2851 = EDGE_LOOP('',(#2852,#2853,#2859,#2860));
#2852 = ORIENTED_EDGE('',*,*,#2838,.F.);
#2853 = ORIENTED_EDGE('',*,*,#2854,.F.);
#2854 = EDGE_CURVE('',#2515,#2830,#2855,.T.);
#2855 = LINE('',#2856,#2857);
#2856 = CARTESIAN_POINT('',(-4.83959634501,8.6,0.3));
#2857 = VECTOR('',#2858,1.);
#2858 = DIRECTION('',(-0.,-0.,-1.));
#2859 = ORIENTED_EDGE('',*,*,#2523,.T.);
#2860 = ORIENTED_EDGE('',*,*,#1814,.T.);
#2861 = PLANE('',#2862);
#2862 = AXIS2_PLACEMENT_3D('',#2863,#2864,#2865);
#2863 = CARTESIAN_POINT('',(-15.9,8.6,6.8));
#2864 = DIRECTION('',(0.,1.,0.));
#2865 = DIRECTION('',(0.,0.,1.));
#2866 = ADVANCED_FACE('',(#2867),#2894,.F.);
#2867 = FACE_BOUND('',#2868,.F.);
#2868 = EDGE_LOOP('',(#2869,#2877,#2878,#2879,#2887));
#2869 = ORIENTED_EDGE('',*,*,#2870,.T.);
#2870 = EDGE_CURVE('',#2871,#1985,#2873,.T.);
#2871 = VERTEX_POINT('',#2872);
#2872 = CARTESIAN_POINT('',(11.16040365499,-7.4,8.));
#2873 = LINE('',#2874,#2875);
#2874 = CARTESIAN_POINT('',(-15.9,-7.4,8.));
#2875 = VECTOR('',#2876,1.);
#2876 = DIRECTION('',(1.,0.,0.));
#2877 = ORIENTED_EDGE('',*,*,#1984,.T.);
#2878 = ORIENTED_EDGE('',*,*,#1950,.F.);
#2879 = ORIENTED_EDGE('',*,*,#2880,.F.);
#2880 = EDGE_CURVE('',#2881,#1943,#2883,.T.);
#2881 = VERTEX_POINT('',#2882);
#2882 = CARTESIAN_POINT('',(8.6,-4.83959634501,8.));
#2883 = LINE('',#2884,#2885);
#2884 = CARTESIAN_POINT('',(8.6,-15.9,8.));
#2885 = VECTOR('',#2886,1.);
#2886 = DIRECTION('',(0.,1.,0.));
#2887 = ORIENTED_EDGE('',*,*,#2888,.F.);
#2888 = EDGE_CURVE('',#2871,#2881,#2889,.T.);
#2889 = CIRCLE('',#2890,3.216854249492);
#2890 = AXIS2_PLACEMENT_3D('',#2891,#2892,#2893);
#2891 = CARTESIAN_POINT('',(8.,-8.,8.));
#2892 = DIRECTION('',(0.,0.,1.));
#2893 = DIRECTION('',(1.,0.,0.));
#2894 = PLANE('',#2895);
#2895 = AXIS2_PLACEMENT_3D('',#2896,#2897,#2898);
#2896 = CARTESIAN_POINT('',(-2.216066481994,-2.216066481994,8.));
#2897 = DIRECTION('',(0.,0.,1.));
#2898 = DIRECTION('',(1.,0.,0.));
#2899 = ADVANCED_FACE('',(#2900),#2918,.T.);
#2900 = FACE_BOUND('',#2901,.T.);
#2901 = EDGE_LOOP('',(#2902,#2903,#2911,#2917));
#2902 = ORIENTED_EDGE('',*,*,#2880,.F.);
#2903 = ORIENTED_EDGE('',*,*,#2904,.T.);
#2904 = EDGE_CURVE('',#2881,#2905,#2907,.T.);
#2905 = VERTEX_POINT('',#2906);
#2906 = CARTESIAN_POINT('',(8.6,-4.83959634501,6.8));
#2907 = LINE('',#2908,#2909);
#2908 = CARTESIAN_POINT('',(8.6,-4.83959634501,0.3));
#2909 = VECTOR('',#2910,1.);
#2910 = DIRECTION('',(-0.,-0.,-1.));
#2911 = ORIENTED_EDGE('',*,*,#2912,.T.);
#2912 = EDGE_CURVE('',#2905,#1935,#2913,.T.);
#2913 = LINE('',#2914,#2915);
#2914 = CARTESIAN_POINT('',(8.6,-15.9,6.8));
#2915 = VECTOR('',#2916,1.);
#2916 = DIRECTION('',(0.,1.,0.));
#2917 = ORIENTED_EDGE('',*,*,#1942,.T.);
#2918 = PLANE('',#2919);
#2919 = AXIS2_PLACEMENT_3D('',#2920,#2921,#2922);
#2920 = CARTESIAN_POINT('',(8.6,-15.9,6.8));
#2921 = DIRECTION('',(1.,0.,0.));
#2922 = DIRECTION('',(0.,0.,1.));
#2923 = ADVANCED_FACE('',(#2924),#2943,.T.);
#2924 = FACE_BOUND('',#2925,.T.);
#2925 = EDGE_LOOP('',(#2926,#2935,#2941,#2942));
#2926 = ORIENTED_EDGE('',*,*,#2927,.F.);
#2927 = EDGE_CURVE('',#2928,#2905,#2930,.T.);
#2928 = VERTEX_POINT('',#2929);
#2929 = CARTESIAN_POINT('',(7.4,-4.83959634501,6.8));
#2930 = CIRCLE('',#2931,3.216854249492);
#2931 = AXIS2_PLACEMENT_3D('',#2932,#2933,#2934);
#2932 = CARTESIAN_POINT('',(8.,-8.,6.8));
#2933 = DIRECTION('',(0.,0.,-1.));
#2934 = DIRECTION('',(1.,0.,0.));
#2935 = ORIENTED_EDGE('',*,*,#2936,.T.);
#2936 = EDGE_CURVE('',#2928,#1927,#2937,.T.);
#2937 = LINE('',#2938,#2939);
#2938 = CARTESIAN_POINT('',(7.4,-15.9,6.8));
#2939 = VECTOR('',#2940,1.);
#2940 = DIRECTION('',(0.,1.,0.));
#2941 = ORIENTED_EDGE('',*,*,#1934,.T.);
#2942 = ORIENTED_EDGE('',*,*,#2912,.F.);
#2943 = PLANE('',#2944);
#2944 = AXIS2_PLACEMENT_3D('',#2945,#2946,#2947);
#2945 = CARTESIAN_POINT('',(-7.09814720662E-16,-7.425754000772E-16,6.8)
  );
#2946 = DIRECTION('',(-0.,-0.,-1.));
#2947 = DIRECTION('',(-1.,0.,0.));
#2948 = ADVANCED_FACE('',(#2949),#2967,.F.);
#2949 = FACE_BOUND('',#2950,.F.);
#2950 = EDGE_LOOP('',(#2951,#2959,#2965,#2966));
#2951 = ORIENTED_EDGE('',*,*,#2952,.F.);
#2952 = EDGE_CURVE('',#2953,#1919,#2955,.T.);
#2953 = VERTEX_POINT('',#2954);
#2954 = CARTESIAN_POINT('',(7.4,-4.839596345009,8.));
#2955 = LINE('',#2956,#2957);
#2956 = CARTESIAN_POINT('',(7.4,-15.9,8.));
#2957 = VECTOR('',#2958,1.);
#2958 = DIRECTION('',(0.,1.,0.));
#2959 = ORIENTED_EDGE('',*,*,#2960,.T.);
#2960 = EDGE_CURVE('',#2953,#2928,#2961,.T.);
#2961 = LINE('',#2962,#2963);
#2962 = CARTESIAN_POINT('',(7.4,-4.83959634501,0.3));
#2963 = VECTOR('',#2964,1.);
#2964 = DIRECTION('',(-0.,-0.,-1.));
#2965 = ORIENTED_EDGE('',*,*,#2936,.T.);
#2966 = ORIENTED_EDGE('',*,*,#1926,.T.);
#2967 = PLANE('',#2968);
#2968 = AXIS2_PLACEMENT_3D('',#2969,#2970,#2971);
#2969 = CARTESIAN_POINT('',(7.4,-15.9,6.8));
#2970 = DIRECTION('',(1.,0.,0.));
#2971 = DIRECTION('',(0.,0.,1.));
#2972 = ADVANCED_FACE('',(#2973),#3009,.F.);
#2973 = FACE_BOUND('',#2974,.F.);
#2974 = EDGE_LOOP('',(#2975,#2985,#2992,#2993,#2994,#3002));
#2975 = ORIENTED_EDGE('',*,*,#2976,.T.);
#2976 = EDGE_CURVE('',#2977,#2979,#2981,.T.);
#2977 = VERTEX_POINT('',#2978);
#2978 = CARTESIAN_POINT('',(3.16040365499,-7.4,8.));
#2979 = VERTEX_POINT('',#2980);
#2980 = CARTESIAN_POINT('',(4.83959634501,-7.4,8.));
#2981 = LINE('',#2982,#2983);
#2982 = CARTESIAN_POINT('',(-15.9,-7.4,8.));
#2983 = VECTOR('',#2984,1.);
#2984 = DIRECTION('',(1.,0.,0.));
#2985 = ORIENTED_EDGE('',*,*,#2986,.F.);
#2986 = EDGE_CURVE('',#2953,#2979,#2987,.T.);
#2987 = CIRCLE('',#2988,3.216854249492);
#2988 = AXIS2_PLACEMENT_3D('',#2989,#2990,#2991);
#2989 = CARTESIAN_POINT('',(8.,-8.,8.));
#2990 = DIRECTION('',(0.,0.,1.));
#2991 = DIRECTION('',(1.,0.,0.));
#2992 = ORIENTED_EDGE('',*,*,#2952,.T.);
#2993 = ORIENTED_EDGE('',*,*,#1918,.F.);
#2994 = ORIENTED_EDGE('',*,*,#2995,.F.);
#2995 = EDGE_CURVE('',#2996,#1911,#2998,.T.);
#2996 = VERTEX_POINT('',#2997);
#2997 = CARTESIAN_POINT('',(0.6,-4.83959634501,8.));
#2998 = LINE('',#2999,#3000);
#2999 = CARTESIAN_POINT('',(0.6,-15.9,8.));
#3000 = VECTOR('',#3001,1.);
#3001 = DIRECTION('',(0.,1.,0.));
#3002 = ORIENTED_EDGE('',*,*,#3003,.F.);
#3003 = EDGE_CURVE('',#2977,#2996,#3004,.T.);
#3004 = CIRCLE('',#3005,3.216854249492);
#3005 = AXIS2_PLACEMENT_3D('',#3006,#3007,#3008);
#3006 = CARTESIAN_POINT('',(0.,-8.,8.));
#3007 = DIRECTION('',(0.,0.,1.));
#3008 = DIRECTION('',(1.,0.,0.));
#3009 = PLANE('',#3010);
#3010 = AXIS2_PLACEMENT_3D('',#3011,#3012,#3013);
#3011 = CARTESIAN_POINT('',(-2.216066481994,-2.216066481994,8.));
#3012 = DIRECTION('',(0.,0.,1.));
#3013 = DIRECTION('',(1.,0.,0.));
#3014 = ADVANCED_FACE('',(#3015),#3033,.T.);
#3015 = FACE_BOUND('',#3016,.T.);
#3016 = EDGE_LOOP('',(#3017,#3018,#3026,#3032));
#3017 = ORIENTED_EDGE('',*,*,#2995,.F.);
#3018 = ORIENTED_EDGE('',*,*,#3019,.T.);
#3019 = EDGE_CURVE('',#2996,#3020,#3022,.T.);
#3020 = VERTEX_POINT('',#3021);
#3021 = CARTESIAN_POINT('',(0.6,-4.83959634501,6.8));
#3022 = LINE('',#3023,#3024);
#3023 = CARTESIAN_POINT('',(0.6,-4.83959634501,0.3));
#3024 = VECTOR('',#3025,1.);
#3025 = DIRECTION('',(-0.,-0.,-1.));
#3026 = ORIENTED_EDGE('',*,*,#3027,.T.);
#3027 = EDGE_CURVE('',#3020,#1903,#3028,.T.);
#3028 = LINE('',#3029,#3030);
#3029 = CARTESIAN_POINT('',(0.6,-15.9,6.8));
#3030 = VECTOR('',#3031,1.);
#3031 = DIRECTION('',(0.,1.,0.));
#3032 = ORIENTED_EDGE('',*,*,#1910,.T.);
#3033 = PLANE('',#3034);
#3034 = AXIS2_PLACEMENT_3D('',#3035,#3036,#3037);
#3035 = CARTESIAN_POINT('',(0.6,-15.9,6.8));
#3036 = DIRECTION('',(1.,0.,0.));
#3037 = DIRECTION('',(0.,0.,1.));
#3038 = ADVANCED_FACE('',(#3039),#3058,.T.);
#3039 = FACE_BOUND('',#3040,.T.);
#3040 = EDGE_LOOP('',(#3041,#3050,#3056,#3057));
#3041 = ORIENTED_EDGE('',*,*,#3042,.F.);
#3042 = EDGE_CURVE('',#3043,#3020,#3045,.T.);
#3043 = VERTEX_POINT('',#3044);
#3044 = CARTESIAN_POINT('',(-0.6,-4.83959634501,6.8));
#3045 = CIRCLE('',#3046,3.216854249492);
#3046 = AXIS2_PLACEMENT_3D('',#3047,#3048,#3049);
#3047 = CARTESIAN_POINT('',(0.,-8.,6.8));
#3048 = DIRECTION('',(0.,0.,-1.));
#3049 = DIRECTION('',(1.,0.,0.));
#3050 = ORIENTED_EDGE('',*,*,#3051,.T.);
#3051 = EDGE_CURVE('',#3043,#1895,#3052,.T.);
#3052 = LINE('',#3053,#3054);
#3053 = CARTESIAN_POINT('',(-0.6,-15.9,6.8));
#3054 = VECTOR('',#3055,1.);
#3055 = DIRECTION('',(0.,1.,0.));
#3056 = ORIENTED_EDGE('',*,*,#1902,.T.);
#3057 = ORIENTED_EDGE('',*,*,#3027,.F.);
#3058 = PLANE('',#3059);
#3059 = AXIS2_PLACEMENT_3D('',#3060,#3061,#3062);
#3060 = CARTESIAN_POINT('',(-7.09814720662E-16,-7.425754000772E-16,6.8)
  );
#3061 = DIRECTION('',(-0.,-0.,-1.));
#3062 = DIRECTION('',(-1.,0.,0.));
#3063 = ADVANCED_FACE('',(#3064),#3075,.F.);
#3064 = FACE_BOUND('',#3065,.F.);
#3065 = EDGE_LOOP('',(#3066,#3067,#3073,#3074));
#3066 = ORIENTED_EDGE('',*,*,#2640,.F.);
#3067 = ORIENTED_EDGE('',*,*,#3068,.T.);
#3068 = EDGE_CURVE('',#2632,#3043,#3069,.T.);
#3069 = LINE('',#3070,#3071);
#3070 = CARTESIAN_POINT('',(-0.6,-4.83959634501,0.3));
#3071 = VECTOR('',#3072,1.);
#3072 = DIRECTION('',(-0.,-0.,-1.));
#3073 = ORIENTED_EDGE('',*,*,#3051,.T.);
#3074 = ORIENTED_EDGE('',*,*,#1894,.T.);
#3075 = PLANE('',#3076);
#3076 = AXIS2_PLACEMENT_3D('',#3077,#3078,#3079);
#3077 = CARTESIAN_POINT('',(-0.6,-15.9,6.8));
#3078 = DIRECTION('',(1.,0.,0.));
#3079 = DIRECTION('',(0.,0.,1.));
#3080 = ADVANCED_FACE('',(#3081),#3108,.F.);
#3081 = FACE_BOUND('',#3082,.F.);
#3082 = EDGE_LOOP('',(#3083,#3091,#3092,#3093,#3101));
#3083 = ORIENTED_EDGE('',*,*,#3084,.F.);
#3084 = EDGE_CURVE('',#2121,#3085,#3087,.T.);
#3085 = VERTEX_POINT('',#3086);
#3086 = CARTESIAN_POINT('',(8.6,-11.16040365499,8.));
#3087 = LINE('',#3088,#3089);
#3088 = CARTESIAN_POINT('',(8.6,-15.9,8.));
#3089 = VECTOR('',#3090,1.);
#3090 = DIRECTION('',(0.,1.,0.));
#3091 = ORIENTED_EDGE('',*,*,#2128,.T.);
#3092 = ORIENTED_EDGE('',*,*,#2016,.T.);
#3093 = ORIENTED_EDGE('',*,*,#3094,.F.);
#3094 = EDGE_CURVE('',#3095,#2009,#3097,.T.);
#3095 = VERTEX_POINT('',#3096);
#3096 = CARTESIAN_POINT('',(11.16040365499,-8.6,8.));
#3097 = LINE('',#3098,#3099);
#3098 = CARTESIAN_POINT('',(-15.9,-8.6,8.));
#3099 = VECTOR('',#3100,1.);
#3100 = DIRECTION('',(1.,0.,0.));
#3101 = ORIENTED_EDGE('',*,*,#3102,.F.);
#3102 = EDGE_CURVE('',#3085,#3095,#3103,.T.);
#3103 = CIRCLE('',#3104,3.216854249492);
#3104 = AXIS2_PLACEMENT_3D('',#3105,#3106,#3107);
#3105 = CARTESIAN_POINT('',(8.,-8.,8.));
#3106 = DIRECTION('',(0.,0.,1.));
#3107 = DIRECTION('',(1.,0.,0.));
#3108 = PLANE('',#3109);
#3109 = AXIS2_PLACEMENT_3D('',#3110,#3111,#3112);
#3110 = CARTESIAN_POINT('',(-2.216066481994,-2.216066481994,8.));
#3111 = DIRECTION('',(0.,0.,1.));
#3112 = DIRECTION('',(1.,0.,0.));
#3113 = ADVANCED_FACE('',(#3114),#3132,.F.);
#3114 = FACE_BOUND('',#3115,.F.);
#3115 = EDGE_LOOP('',(#3116,#3124,#3130,#3131));
#3116 = ORIENTED_EDGE('',*,*,#3117,.F.);
#3117 = EDGE_CURVE('',#3118,#2001,#3120,.T.);
#3118 = VERTEX_POINT('',#3119);
#3119 = CARTESIAN_POINT('',(11.16040365499,-8.6,6.8));
#3120 = LINE('',#3121,#3122);
#3121 = CARTESIAN_POINT('',(-15.9,-8.6,6.8));
#3122 = VECTOR('',#3123,1.);
#3123 = DIRECTION('',(1.,0.,0.));
#3124 = ORIENTED_EDGE('',*,*,#3125,.F.);
#3125 = EDGE_CURVE('',#3095,#3118,#3126,.T.);
#3126 = LINE('',#3127,#3128);
#3127 = CARTESIAN_POINT('',(11.16040365499,-8.6,0.3));
#3128 = VECTOR('',#3129,1.);
#3129 = DIRECTION('',(-0.,-0.,-1.));
#3130 = ORIENTED_EDGE('',*,*,#3094,.T.);
#3131 = ORIENTED_EDGE('',*,*,#2008,.T.);
#3132 = PLANE('',#3133);
#3133 = AXIS2_PLACEMENT_3D('',#3134,#3135,#3136);
#3134 = CARTESIAN_POINT('',(-15.9,-8.6,6.8));
#3135 = DIRECTION('',(0.,1.,0.));
#3136 = DIRECTION('',(0.,0.,1.));
#3137 = ADVANCED_FACE('',(#3138),#3166,.T.);
#3138 = FACE_BOUND('',#3139,.T.);
#3139 = EDGE_LOOP('',(#3140,#3141,#3150,#3159,#3165));
#3140 = ORIENTED_EDGE('',*,*,#3117,.F.);
#3141 = ORIENTED_EDGE('',*,*,#3142,.F.);
#3142 = EDGE_CURVE('',#3143,#3118,#3145,.T.);
#3143 = VERTEX_POINT('',#3144);
#3144 = CARTESIAN_POINT('',(11.216854249492,-8.,6.8));
#3145 = CIRCLE('',#3146,3.216854249492);
#3146 = AXIS2_PLACEMENT_3D('',#3147,#3148,#3149);
#3147 = CARTESIAN_POINT('',(8.,-8.,6.8));
#3148 = DIRECTION('',(0.,0.,-1.));
#3149 = DIRECTION('',(1.,0.,0.));
#3150 = ORIENTED_EDGE('',*,*,#3151,.F.);
#3151 = EDGE_CURVE('',#3152,#3143,#3154,.T.);
#3152 = VERTEX_POINT('',#3153);
#3153 = CARTESIAN_POINT('',(11.16040365499,-7.4,6.8));
#3154 = CIRCLE('',#3155,3.216854249492);
#3155 = AXIS2_PLACEMENT_3D('',#3156,#3157,#3158);
#3156 = CARTESIAN_POINT('',(8.,-8.,6.8));
#3157 = DIRECTION('',(0.,0.,-1.));
#3158 = DIRECTION('',(1.,0.,0.));
#3159 = ORIENTED_EDGE('',*,*,#3160,.T.);
#3160 = EDGE_CURVE('',#3152,#1993,#3161,.T.);
#3161 = LINE('',#3162,#3163);
#3162 = CARTESIAN_POINT('',(-15.9,-7.4,6.8));
#3163 = VECTOR('',#3164,1.);
#3164 = DIRECTION('',(1.,0.,0.));
#3165 = ORIENTED_EDGE('',*,*,#2000,.T.);
#3166 = PLANE('',#3167);
#3167 = AXIS2_PLACEMENT_3D('',#3168,#3169,#3170);
#3168 = CARTESIAN_POINT('',(-7.09814720662E-16,-7.425754000772E-16,6.8)
  );
#3169 = DIRECTION('',(-0.,-0.,-1.));
#3170 = DIRECTION('',(-1.,0.,0.));
#3171 = ADVANCED_FACE('',(#3172),#3183,.T.);
#3172 = FACE_BOUND('',#3173,.T.);
#3173 = EDGE_LOOP('',(#3174,#3175,#3181,#3182));
#3174 = ORIENTED_EDGE('',*,*,#3160,.F.);
#3175 = ORIENTED_EDGE('',*,*,#3176,.F.);
#3176 = EDGE_CURVE('',#2871,#3152,#3177,.T.);
#3177 = LINE('',#3178,#3179);
#3178 = CARTESIAN_POINT('',(11.16040365499,-7.4,0.3));
#3179 = VECTOR('',#3180,1.);
#3180 = DIRECTION('',(-0.,-0.,-1.));
#3181 = ORIENTED_EDGE('',*,*,#2870,.T.);
#3182 = ORIENTED_EDGE('',*,*,#1992,.T.);
#3183 = PLANE('',#3184);
#3184 = AXIS2_PLACEMENT_3D('',#3185,#3186,#3187);
#3185 = CARTESIAN_POINT('',(-15.9,-7.4,6.8));
#3186 = DIRECTION('',(0.,1.,0.));
#3187 = DIRECTION('',(0.,0.,1.));
#3188 = ADVANCED_FACE('',(#3189),#3207,.T.);
#3189 = FACE_BOUND('',#3190,.T.);
#3190 = EDGE_LOOP('',(#3191,#3192,#3193,#3201));
#3191 = ORIENTED_EDGE('',*,*,#3084,.F.);
#3192 = ORIENTED_EDGE('',*,*,#2120,.F.);
#3193 = ORIENTED_EDGE('',*,*,#3194,.T.);
#3194 = EDGE_CURVE('',#2113,#3195,#3197,.T.);
#3195 = VERTEX_POINT('',#3196);
#3196 = CARTESIAN_POINT('',(8.6,-11.16040365499,6.8));
#3197 = LINE('',#3198,#3199);
#3198 = CARTESIAN_POINT('',(8.6,-15.9,6.8));
#3199 = VECTOR('',#3200,1.);
#3200 = DIRECTION('',(0.,1.,0.));
#3201 = ORIENTED_EDGE('',*,*,#3202,.F.);
#3202 = EDGE_CURVE('',#3085,#3195,#3203,.T.);
#3203 = LINE('',#3204,#3205);
#3204 = CARTESIAN_POINT('',(8.6,-11.16040365499,0.3));
#3205 = VECTOR('',#3206,1.);
#3206 = DIRECTION('',(-0.,-0.,-1.));
#3207 = PLANE('',#3208);
#3208 = AXIS2_PLACEMENT_3D('',#3209,#3210,#3211);
#3209 = CARTESIAN_POINT('',(8.6,-15.9,6.8));
#3210 = DIRECTION('',(1.,0.,0.));
#3211 = DIRECTION('',(0.,0.,1.));
#3212 = ADVANCED_FACE('',(#3213),#3232,.T.);
#3213 = FACE_BOUND('',#3214,.T.);
#3214 = EDGE_LOOP('',(#3215,#3223,#3230,#3231));
#3215 = ORIENTED_EDGE('',*,*,#3216,.T.);
#3216 = EDGE_CURVE('',#2105,#3217,#3219,.T.);
#3217 = VERTEX_POINT('',#3218);
#3218 = CARTESIAN_POINT('',(7.4,-11.16040365499,6.8));
#3219 = LINE('',#3220,#3221);
#3220 = CARTESIAN_POINT('',(7.4,-15.9,6.8));
#3221 = VECTOR('',#3222,1.);
#3222 = DIRECTION('',(0.,1.,0.));
#3223 = ORIENTED_EDGE('',*,*,#3224,.F.);
#3224 = EDGE_CURVE('',#3195,#3217,#3225,.T.);
#3225 = CIRCLE('',#3226,3.216854249492);
#3226 = AXIS2_PLACEMENT_3D('',#3227,#3228,#3229);
#3227 = CARTESIAN_POINT('',(8.,-8.,6.8));
#3228 = DIRECTION('',(0.,0.,-1.));
#3229 = DIRECTION('',(1.,0.,0.));
#3230 = ORIENTED_EDGE('',*,*,#3194,.F.);
#3231 = ORIENTED_EDGE('',*,*,#2112,.F.);
#3232 = PLANE('',#3233);
#3233 = AXIS2_PLACEMENT_3D('',#3234,#3235,#3236);
#3234 = CARTESIAN_POINT('',(-7.09814720662E-16,-7.425754000772E-16,6.8)
  );
#3235 = DIRECTION('',(-0.,-0.,-1.));
#3236 = DIRECTION('',(-1.,0.,0.));
#3237 = ADVANCED_FACE('',(#3238),#3256,.F.);
#3238 = FACE_BOUND('',#3239,.F.);
#3239 = EDGE_LOOP('',(#3240,#3248,#3249,#3250));
#3240 = ORIENTED_EDGE('',*,*,#3241,.F.);
#3241 = EDGE_CURVE('',#2097,#3242,#3244,.T.);
#3242 = VERTEX_POINT('',#3243);
#3243 = CARTESIAN_POINT('',(7.4,-11.16040365499,8.));
#3244 = LINE('',#3245,#3246);
#3245 = CARTESIAN_POINT('',(7.4,-15.9,8.));
#3246 = VECTOR('',#3247,1.);
#3247 = DIRECTION('',(0.,1.,0.));
#3248 = ORIENTED_EDGE('',*,*,#2104,.F.);
#3249 = ORIENTED_EDGE('',*,*,#3216,.T.);
#3250 = ORIENTED_EDGE('',*,*,#3251,.F.);
#3251 = EDGE_CURVE('',#3242,#3217,#3252,.T.);
#3252 = LINE('',#3253,#3254);
#3253 = CARTESIAN_POINT('',(7.4,-11.16040365499,0.3));
#3254 = VECTOR('',#3255,1.);
#3255 = DIRECTION('',(-0.,-0.,-1.));
#3256 = PLANE('',#3257);
#3257 = AXIS2_PLACEMENT_3D('',#3258,#3259,#3260);
#3258 = CARTESIAN_POINT('',(7.4,-15.9,6.8));
#3259 = DIRECTION('',(1.,0.,0.));
#3260 = DIRECTION('',(0.,0.,1.));
#3261 = ADVANCED_FACE('',(#3262),#3298,.F.);
#3262 = FACE_BOUND('',#3263,.F.);
#3263 = EDGE_LOOP('',(#3264,#3272,#3273,#3274,#3283,#3291));
#3264 = ORIENTED_EDGE('',*,*,#3265,.F.);
#3265 = EDGE_CURVE('',#2089,#3266,#3268,.T.);
#3266 = VERTEX_POINT('',#3267);
#3267 = CARTESIAN_POINT('',(0.6,-11.16040365499,8.));
#3268 = LINE('',#3269,#3270);
#3269 = CARTESIAN_POINT('',(0.6,-15.9,8.));
#3270 = VECTOR('',#3271,1.);
#3271 = DIRECTION('',(0.,1.,0.));
#3272 = ORIENTED_EDGE('',*,*,#2096,.T.);
#3273 = ORIENTED_EDGE('',*,*,#3241,.T.);
#3274 = ORIENTED_EDGE('',*,*,#3275,.F.);
#3275 = EDGE_CURVE('',#3276,#3242,#3278,.T.);
#3276 = VERTEX_POINT('',#3277);
#3277 = CARTESIAN_POINT('',(4.83959634501,-8.6,8.));
#3278 = CIRCLE('',#3279,3.216854249492);
#3279 = AXIS2_PLACEMENT_3D('',#3280,#3281,#3282);
#3280 = CARTESIAN_POINT('',(8.,-8.,8.));
#3281 = DIRECTION('',(0.,0.,1.));
#3282 = DIRECTION('',(1.,0.,0.));
#3283 = ORIENTED_EDGE('',*,*,#3284,.F.);
#3284 = EDGE_CURVE('',#3285,#3276,#3287,.T.);
#3285 = VERTEX_POINT('',#3286);
#3286 = CARTESIAN_POINT('',(3.16040365499,-8.6,8.));
#3287 = LINE('',#3288,#3289);
#3288 = CARTESIAN_POINT('',(-15.9,-8.6,8.));
#3289 = VECTOR('',#3290,1.);
#3290 = DIRECTION('',(1.,0.,0.));
#3291 = ORIENTED_EDGE('',*,*,#3292,.F.);
#3292 = EDGE_CURVE('',#3266,#3285,#3293,.T.);
#3293 = CIRCLE('',#3294,3.216854249492);
#3294 = AXIS2_PLACEMENT_3D('',#3295,#3296,#3297);
#3295 = CARTESIAN_POINT('',(0.,-8.,8.));
#3296 = DIRECTION('',(0.,0.,1.));
#3297 = DIRECTION('',(1.,0.,0.));
#3298 = PLANE('',#3299);
#3299 = AXIS2_PLACEMENT_3D('',#3300,#3301,#3302);
#3300 = CARTESIAN_POINT('',(-2.216066481994,-2.216066481994,8.));
#3301 = DIRECTION('',(0.,0.,1.));
#3302 = DIRECTION('',(1.,0.,0.));
#3303 = ADVANCED_FACE('',(#3304),#3322,.T.);
#3304 = FACE_BOUND('',#3305,.T.);
#3305 = EDGE_LOOP('',(#3306,#3307,#3308,#3316));
#3306 = ORIENTED_EDGE('',*,*,#3265,.F.);
#3307 = ORIENTED_EDGE('',*,*,#2088,.F.);
#3308 = ORIENTED_EDGE('',*,*,#3309,.T.);
#3309 = EDGE_CURVE('',#2081,#3310,#3312,.T.);
#3310 = VERTEX_POINT('',#3311);
#3311 = CARTESIAN_POINT('',(0.6,-11.16040365499,6.8));
#3312 = LINE('',#3313,#3314);
#3313 = CARTESIAN_POINT('',(0.6,-15.9,6.8));
#3314 = VECTOR('',#3315,1.);
#3315 = DIRECTION('',(0.,1.,0.));
#3316 = ORIENTED_EDGE('',*,*,#3317,.F.);
#3317 = EDGE_CURVE('',#3266,#3310,#3318,.T.);
#3318 = LINE('',#3319,#3320);
#3319 = CARTESIAN_POINT('',(0.6,-11.16040365499,0.3));
#3320 = VECTOR('',#3321,1.);
#3321 = DIRECTION('',(-0.,-0.,-1.));
#3322 = PLANE('',#3323);
#3323 = AXIS2_PLACEMENT_3D('',#3324,#3325,#3326);
#3324 = CARTESIAN_POINT('',(0.6,-15.9,6.8));
#3325 = DIRECTION('',(1.,0.,0.));
#3326 = DIRECTION('',(0.,0.,1.));
#3327 = ADVANCED_FACE('',(#3328),#3347,.T.);
#3328 = FACE_BOUND('',#3329,.T.);
#3329 = EDGE_LOOP('',(#3330,#3338,#3345,#3346));
#3330 = ORIENTED_EDGE('',*,*,#3331,.T.);
#3331 = EDGE_CURVE('',#2073,#3332,#3334,.T.);
#3332 = VERTEX_POINT('',#3333);
#3333 = CARTESIAN_POINT('',(-0.6,-11.16040365499,6.8));
#3334 = LINE('',#3335,#3336);
#3335 = CARTESIAN_POINT('',(-0.6,-15.9,6.8));
#3336 = VECTOR('',#3337,1.);
#3337 = DIRECTION('',(0.,1.,0.));
#3338 = ORIENTED_EDGE('',*,*,#3339,.F.);
#3339 = EDGE_CURVE('',#3310,#3332,#3340,.T.);
#3340 = CIRCLE('',#3341,3.216854249492);
#3341 = AXIS2_PLACEMENT_3D('',#3342,#3343,#3344);
#3342 = CARTESIAN_POINT('',(0.,-8.,6.8));
#3343 = DIRECTION('',(0.,0.,-1.));
#3344 = DIRECTION('',(1.,0.,0.));
#3345 = ORIENTED_EDGE('',*,*,#3309,.F.);
#3346 = ORIENTED_EDGE('',*,*,#2080,.F.);
#3347 = PLANE('',#3348);
#3348 = AXIS2_PLACEMENT_3D('',#3349,#3350,#3351);
#3349 = CARTESIAN_POINT('',(-7.09814720662E-16,-7.425754000772E-16,6.8)
  );
#3350 = DIRECTION('',(-0.,-0.,-1.));
#3351 = DIRECTION('',(-1.,0.,0.));
#3352 = ADVANCED_FACE('',(#3353),#3371,.F.);
#3353 = FACE_BOUND('',#3354,.F.);
#3354 = EDGE_LOOP('',(#3355,#3363,#3364,#3365));
#3355 = ORIENTED_EDGE('',*,*,#3356,.F.);
#3356 = EDGE_CURVE('',#2065,#3357,#3359,.T.);
#3357 = VERTEX_POINT('',#3358);
#3358 = CARTESIAN_POINT('',(-0.6,-11.16040365499,8.));
#3359 = LINE('',#3360,#3361);
#3360 = CARTESIAN_POINT('',(-0.6,-15.9,8.));
#3361 = VECTOR('',#3362,1.);
#3362 = DIRECTION('',(0.,1.,0.));
#3363 = ORIENTED_EDGE('',*,*,#2072,.F.);
#3364 = ORIENTED_EDGE('',*,*,#3331,.T.);
#3365 = ORIENTED_EDGE('',*,*,#3366,.F.);
#3366 = EDGE_CURVE('',#3357,#3332,#3367,.T.);
#3367 = LINE('',#3368,#3369);
#3368 = CARTESIAN_POINT('',(-0.6,-11.16040365499,0.3));
#3369 = VECTOR('',#3370,1.);
#3370 = DIRECTION('',(-0.,-0.,-1.));
#3371 = PLANE('',#3372);
#3372 = AXIS2_PLACEMENT_3D('',#3373,#3374,#3375);
#3373 = CARTESIAN_POINT('',(-0.6,-15.9,6.8));
#3374 = DIRECTION('',(1.,0.,0.));
#3375 = DIRECTION('',(0.,0.,1.));
#3376 = ADVANCED_FACE('',(#3377),#3413,.F.);
#3377 = FACE_BOUND('',#3378,.F.);
#3378 = EDGE_LOOP('',(#3379,#3387,#3388,#3389,#3398,#3406));
#3379 = ORIENTED_EDGE('',*,*,#3380,.F.);
#3380 = EDGE_CURVE('',#2057,#3381,#3383,.T.);
#3381 = VERTEX_POINT('',#3382);
#3382 = CARTESIAN_POINT('',(-7.4,-11.16040365499,8.));
#3383 = LINE('',#3384,#3385);
#3384 = CARTESIAN_POINT('',(-7.4,-15.9,8.));
#3385 = VECTOR('',#3386,1.);
#3386 = DIRECTION('',(0.,1.,0.));
#3387 = ORIENTED_EDGE('',*,*,#2064,.T.);
#3388 = ORIENTED_EDGE('',*,*,#3356,.T.);
#3389 = ORIENTED_EDGE('',*,*,#3390,.F.);
#3390 = EDGE_CURVE('',#3391,#3357,#3393,.T.);
#3391 = VERTEX_POINT('',#3392);
#3392 = CARTESIAN_POINT('',(-3.16040365499,-8.6,8.));
#3393 = CIRCLE('',#3394,3.216854249492);
#3394 = AXIS2_PLACEMENT_3D('',#3395,#3396,#3397);
#3395 = CARTESIAN_POINT('',(0.,-8.,8.));
#3396 = DIRECTION('',(0.,0.,1.));
#3397 = DIRECTION('',(1.,0.,0.));
#3398 = ORIENTED_EDGE('',*,*,#3399,.F.);
#3399 = EDGE_CURVE('',#3400,#3391,#3402,.T.);
#3400 = VERTEX_POINT('',#3401);
#3401 = CARTESIAN_POINT('',(-4.83959634501,-8.6,8.));
#3402 = LINE('',#3403,#3404);
#3403 = CARTESIAN_POINT('',(-15.9,-8.6,8.));
#3404 = VECTOR('',#3405,1.);
#3405 = DIRECTION('',(1.,0.,0.));
#3406 = ORIENTED_EDGE('',*,*,#3407,.F.);
#3407 = EDGE_CURVE('',#3381,#3400,#3408,.T.);
#3408 = CIRCLE('',#3409,3.216854249492);
#3409 = AXIS2_PLACEMENT_3D('',#3410,#3411,#3412);
#3410 = CARTESIAN_POINT('',(-8.,-8.,8.));
#3411 = DIRECTION('',(0.,0.,1.));
#3412 = DIRECTION('',(1.,0.,0.));
#3413 = PLANE('',#3414);
#3414 = AXIS2_PLACEMENT_3D('',#3415,#3416,#3417);
#3415 = CARTESIAN_POINT('',(-2.216066481994,-2.216066481994,8.));
#3416 = DIRECTION('',(0.,0.,1.));
#3417 = DIRECTION('',(1.,0.,0.));
#3418 = ADVANCED_FACE('',(#3419),#3437,.T.);
#3419 = FACE_BOUND('',#3420,.T.);
#3420 = EDGE_LOOP('',(#3421,#3422,#3423,#3431));
#3421 = ORIENTED_EDGE('',*,*,#3380,.F.);
#3422 = ORIENTED_EDGE('',*,*,#2056,.F.);
#3423 = ORIENTED_EDGE('',*,*,#3424,.T.);
#3424 = EDGE_CURVE('',#2049,#3425,#3427,.T.);
#3425 = VERTEX_POINT('',#3426);
#3426 = CARTESIAN_POINT('',(-7.4,-11.16040365499,6.8));
#3427 = LINE('',#3428,#3429);
#3428 = CARTESIAN_POINT('',(-7.4,-15.9,6.8));
#3429 = VECTOR('',#3430,1.);
#3430 = DIRECTION('',(0.,1.,0.));
#3431 = ORIENTED_EDGE('',*,*,#3432,.F.);
#3432 = EDGE_CURVE('',#3381,#3425,#3433,.T.);
#3433 = LINE('',#3434,#3435);
#3434 = CARTESIAN_POINT('',(-7.4,-11.16040365499,0.3));
#3435 = VECTOR('',#3436,1.);
#3436 = DIRECTION('',(-0.,-0.,-1.));
#3437 = PLANE('',#3438);
#3438 = AXIS2_PLACEMENT_3D('',#3439,#3440,#3441);
#3439 = CARTESIAN_POINT('',(-7.4,-15.9,6.8));
#3440 = DIRECTION('',(1.,0.,0.));
#3441 = DIRECTION('',(0.,0.,1.));
#3442 = ADVANCED_FACE('',(#3443),#3462,.T.);
#3443 = FACE_BOUND('',#3444,.T.);
#3444 = EDGE_LOOP('',(#3445,#3446,#3454,#3461));
#3445 = ORIENTED_EDGE('',*,*,#2048,.F.);
#3446 = ORIENTED_EDGE('',*,*,#3447,.T.);
#3447 = EDGE_CURVE('',#2041,#3448,#3450,.T.);
#3448 = VERTEX_POINT('',#3449);
#3449 = CARTESIAN_POINT('',(-8.6,-11.16040365499,6.8));
#3450 = LINE('',#3451,#3452);
#3451 = CARTESIAN_POINT('',(-8.6,-15.9,6.8));
#3452 = VECTOR('',#3453,1.);
#3453 = DIRECTION('',(0.,1.,0.));
#3454 = ORIENTED_EDGE('',*,*,#3455,.F.);
#3455 = EDGE_CURVE('',#3425,#3448,#3456,.T.);
#3456 = CIRCLE('',#3457,3.216854249492);
#3457 = AXIS2_PLACEMENT_3D('',#3458,#3459,#3460);
#3458 = CARTESIAN_POINT('',(-8.,-8.,6.8));
#3459 = DIRECTION('',(0.,0.,-1.));
#3460 = DIRECTION('',(1.,0.,0.));
#3461 = ORIENTED_EDGE('',*,*,#3424,.F.);
#3462 = PLANE('',#3463);
#3463 = AXIS2_PLACEMENT_3D('',#3464,#3465,#3466);
#3464 = CARTESIAN_POINT('',(-7.09814720662E-16,-7.425754000772E-16,6.8)
  );
#3465 = DIRECTION('',(-0.,-0.,-1.));
#3466 = DIRECTION('',(-1.,0.,0.));
#3467 = ADVANCED_FACE('',(#3468),#3479,.F.);
#3468 = FACE_BOUND('',#3469,.F.);
#3469 = EDGE_LOOP('',(#3470,#3471,#3472,#3473));
#3470 = ORIENTED_EDGE('',*,*,#2481,.F.);
#3471 = ORIENTED_EDGE('',*,*,#2040,.F.);
#3472 = ORIENTED_EDGE('',*,*,#3447,.T.);
#3473 = ORIENTED_EDGE('',*,*,#3474,.F.);
#3474 = EDGE_CURVE('',#2482,#3448,#3475,.T.);
#3475 = LINE('',#3476,#3477);
#3476 = CARTESIAN_POINT('',(-8.6,-11.16040365499,0.3));
#3477 = VECTOR('',#3478,1.);
#3478 = DIRECTION('',(-0.,-0.,-1.));
#3479 = PLANE('',#3480);
#3480 = AXIS2_PLACEMENT_3D('',#3481,#3482,#3483);
#3481 = CARTESIAN_POINT('',(-8.6,-15.9,6.8));
#3482 = DIRECTION('',(1.,0.,0.));
#3483 = DIRECTION('',(0.,0.,1.));
#3484 = ADVANCED_FACE('',(#3485),#3540,.T.);
#3485 = FACE_BOUND('',#3486,.F.);
#3486 = EDGE_LOOP('',(#3487,#3496,#3502,#3503,#3504,#3505,#3506,#3507,
    #3508,#3509,#3510,#3511,#3512,#3513,#3521,#3530,#3536,#3537,#3538,
    #3539));
#3487 = ORIENTED_EDGE('',*,*,#3488,.F.);
#3488 = EDGE_CURVE('',#3489,#3489,#3491,.T.);
#3489 = VERTEX_POINT('',#3490);
#3490 = CARTESIAN_POINT('',(-4.783145750508,8.,0.3));
#3491 = CIRCLE('',#3492,3.216854249492);
#3492 = AXIS2_PLACEMENT_3D('',#3493,#3494,#3495);
#3493 = CARTESIAN_POINT('',(-8.,8.,0.3));
#3494 = DIRECTION('',(0.,0.,1.));
#3495 = DIRECTION('',(1.,0.,0.));
#3496 = ORIENTED_EDGE('',*,*,#3497,.T.);
#3497 = EDGE_CURVE('',#3489,#2821,#3498,.T.);
#3498 = LINE('',#3499,#3500);
#3499 = CARTESIAN_POINT('',(-4.783145750508,8.,0.3));
#3500 = VECTOR('',#3501,1.);
#3501 = DIRECTION('',(0.,0.,1.));
#3502 = ORIENTED_EDGE('',*,*,#2829,.F.);
#3503 = ORIENTED_EDGE('',*,*,#2854,.F.);
#3504 = ORIENTED_EDGE('',*,*,#2514,.T.);
#3505 = ORIENTED_EDGE('',*,*,#2539,.T.);
#3506 = ORIENTED_EDGE('',*,*,#2562,.F.);
#3507 = ORIENTED_EDGE('',*,*,#2588,.F.);
#3508 = ORIENTED_EDGE('',*,*,#2152,.T.);
#3509 = ORIENTED_EDGE('',*,*,#2186,.T.);
#3510 = ORIENTED_EDGE('',*,*,#2200,.F.);
#3511 = ORIENTED_EDGE('',*,*,#2235,.F.);
#3512 = ORIENTED_EDGE('',*,*,#2275,.T.);
#3513 = ORIENTED_EDGE('',*,*,#3514,.T.);
#3514 = EDGE_CURVE('',#2268,#3515,#3517,.T.);
#3515 = VERTEX_POINT('',#3516);
#3516 = CARTESIAN_POINT('',(-8.6,4.83959634501,6.8));
#3517 = LINE('',#3518,#3519);
#3518 = CARTESIAN_POINT('',(-8.6,4.83959634501,0.3));
#3519 = VECTOR('',#3520,1.);
#3520 = DIRECTION('',(-0.,-0.,-1.));
#3521 = ORIENTED_EDGE('',*,*,#3522,.F.);
#3522 = EDGE_CURVE('',#3523,#3515,#3525,.T.);
#3523 = VERTEX_POINT('',#3524);
#3524 = CARTESIAN_POINT('',(-7.4,4.83959634501,6.8));
#3525 = CIRCLE('',#3526,3.216854249492);
#3526 = AXIS2_PLACEMENT_3D('',#3527,#3528,#3529);
#3527 = CARTESIAN_POINT('',(-8.,8.,6.8));
#3528 = DIRECTION('',(0.,0.,-1.));
#3529 = DIRECTION('',(1.,0.,0.));
#3530 = ORIENTED_EDGE('',*,*,#3531,.F.);
#3531 = EDGE_CURVE('',#2756,#3523,#3532,.T.);
#3532 = LINE('',#3533,#3534);
#3533 = CARTESIAN_POINT('',(-7.4,4.83959634501,0.3));
#3534 = VECTOR('',#3535,1.);
#3535 = DIRECTION('',(-0.,-0.,-1.));
#3536 = ORIENTED_EDGE('',*,*,#2780,.T.);
#3537 = ORIENTED_EDGE('',*,*,#2803,.T.);
#3538 = ORIENTED_EDGE('',*,*,#2820,.F.);
#3539 = ORIENTED_EDGE('',*,*,#3497,.F.);
#3540 = CYLINDRICAL_SURFACE('',#3541,3.216854249492);
#3541 = AXIS2_PLACEMENT_3D('',#3542,#3543,#3544);
#3542 = CARTESIAN_POINT('',(-8.,8.,0.3));
#3543 = DIRECTION('',(-0.,-0.,-1.));
#3544 = DIRECTION('',(1.,0.,0.));
#3545 = ADVANCED_FACE('',(#3546),#3564,.F.);
#3546 = FACE_BOUND('',#3547,.F.);
#3547 = EDGE_LOOP('',(#3548,#3549,#3557,#3563));
#3548 = ORIENTED_EDGE('',*,*,#2267,.F.);
#3549 = ORIENTED_EDGE('',*,*,#3550,.T.);
#3550 = EDGE_CURVE('',#2259,#3551,#3553,.T.);
#3551 = VERTEX_POINT('',#3552);
#3552 = CARTESIAN_POINT('',(-8.6,3.16040365499,6.8));
#3553 = LINE('',#3554,#3555);
#3554 = CARTESIAN_POINT('',(-8.6,3.16040365499,0.3));
#3555 = VECTOR('',#3556,1.);
#3556 = DIRECTION('',(-0.,-0.,-1.));
#3557 = ORIENTED_EDGE('',*,*,#3558,.T.);
#3558 = EDGE_CURVE('',#3551,#3515,#3559,.T.);
#3559 = LINE('',#3560,#3561);
#3560 = CARTESIAN_POINT('',(-8.6,-15.9,6.8));
#3561 = VECTOR('',#3562,1.);
#3562 = DIRECTION('',(0.,1.,0.));
#3563 = ORIENTED_EDGE('',*,*,#3514,.F.);
#3564 = PLANE('',#3565);
#3565 = AXIS2_PLACEMENT_3D('',#3566,#3567,#3568);
#3566 = CARTESIAN_POINT('',(-8.6,-15.9,6.8));
#3567 = DIRECTION('',(1.,0.,0.));
#3568 = DIRECTION('',(0.,0.,1.));
#3569 = ADVANCED_FACE('',(#3570),#3638,.T.);
#3570 = FACE_BOUND('',#3571,.F.);
#3571 = EDGE_LOOP('',(#3572,#3581,#3587,#3588,#3589,#3590,#3598,#3605,
    #3606,#3607,#3608,#3609,#3610,#3611,#3619,#3628,#3634,#3635,#3636,
    #3637));
#3572 = ORIENTED_EDGE('',*,*,#3573,.F.);
#3573 = EDGE_CURVE('',#3574,#3574,#3576,.T.);
#3574 = VERTEX_POINT('',#3575);
#3575 = CARTESIAN_POINT('',(-4.783145750508,-7.879020519929E-16,0.3));
#3576 = CIRCLE('',#3577,3.216854249492);
#3577 = AXIS2_PLACEMENT_3D('',#3578,#3579,#3580);
#3578 = CARTESIAN_POINT('',(-8.,0.,0.3));
#3579 = DIRECTION('',(0.,0.,1.));
#3580 = DIRECTION('',(1.,0.,0.));
#3581 = ORIENTED_EDGE('',*,*,#3582,.T.);
#3582 = EDGE_CURVE('',#3574,#2697,#3583,.T.);
#3583 = LINE('',#3584,#3585);
#3584 = CARTESIAN_POINT('',(-4.783145750508,-7.879020519929E-16,0.3));
#3585 = VECTOR('',#3586,1.);
#3586 = DIRECTION('',(0.,0.,1.));
#3587 = ORIENTED_EDGE('',*,*,#2705,.F.);
#3588 = ORIENTED_EDGE('',*,*,#2730,.F.);
#3589 = ORIENTED_EDGE('',*,*,#2763,.T.);
#3590 = ORIENTED_EDGE('',*,*,#3591,.T.);
#3591 = EDGE_CURVE('',#2754,#3592,#3594,.T.);
#3592 = VERTEX_POINT('',#3593);
#3593 = CARTESIAN_POINT('',(-7.4,3.16040365499,6.8));
#3594 = LINE('',#3595,#3596);
#3595 = CARTESIAN_POINT('',(-7.4,3.16040365499,0.3));
#3596 = VECTOR('',#3597,1.);
#3597 = DIRECTION('',(-0.,-0.,-1.));
#3598 = ORIENTED_EDGE('',*,*,#3599,.F.);
#3599 = EDGE_CURVE('',#3551,#3592,#3600,.T.);
#3600 = CIRCLE('',#3601,3.216854249492);
#3601 = AXIS2_PLACEMENT_3D('',#3602,#3603,#3604);
#3602 = CARTESIAN_POINT('',(-8.,0.,6.8));
#3603 = DIRECTION('',(0.,0.,-1.));
#3604 = DIRECTION('',(1.,0.,0.));
#3605 = ORIENTED_EDGE('',*,*,#3550,.F.);
#3606 = ORIENTED_EDGE('',*,*,#2258,.T.);
#3607 = ORIENTED_EDGE('',*,*,#2301,.T.);
#3608 = ORIENTED_EDGE('',*,*,#2315,.F.);
#3609 = ORIENTED_EDGE('',*,*,#2350,.F.);
#3610 = ORIENTED_EDGE('',*,*,#2390,.T.);
#3611 = ORIENTED_EDGE('',*,*,#3612,.T.);
#3612 = EDGE_CURVE('',#2383,#3613,#3615,.T.);
#3613 = VERTEX_POINT('',#3614);
#3614 = CARTESIAN_POINT('',(-8.6,-3.16040365499,6.8));
#3615 = LINE('',#3616,#3617);
#3616 = CARTESIAN_POINT('',(-8.6,-3.16040365499,0.3));
#3617 = VECTOR('',#3618,1.);
#3618 = DIRECTION('',(-0.,-0.,-1.));
#3619 = ORIENTED_EDGE('',*,*,#3620,.F.);
#3620 = EDGE_CURVE('',#3621,#3613,#3623,.T.);
#3621 = VERTEX_POINT('',#3622);
#3622 = CARTESIAN_POINT('',(-7.4,-3.16040365499,6.8));
#3623 = CIRCLE('',#3624,3.216854249492);
#3624 = AXIS2_PLACEMENT_3D('',#3625,#3626,#3627);
#3625 = CARTESIAN_POINT('',(-8.,0.,6.8));
#3626 = DIRECTION('',(0.,0.,-1.));
#3627 = DIRECTION('',(1.,0.,0.));
#3628 = ORIENTED_EDGE('',*,*,#3629,.F.);
#3629 = EDGE_CURVE('',#2607,#3621,#3630,.T.);
#3630 = LINE('',#3631,#3632);
#3631 = CARTESIAN_POINT('',(-7.4,-3.16040365499,0.3));
#3632 = VECTOR('',#3633,1.);
#3633 = DIRECTION('',(-0.,-0.,-1.));
#3634 = ORIENTED_EDGE('',*,*,#2656,.T.);
#3635 = ORIENTED_EDGE('',*,*,#2679,.T.);
#3636 = ORIENTED_EDGE('',*,*,#2696,.F.);
#3637 = ORIENTED_EDGE('',*,*,#3582,.F.);
#3638 = CYLINDRICAL_SURFACE('',#3639,3.216854249492);
#3639 = AXIS2_PLACEMENT_3D('',#3640,#3641,#3642);
#3640 = CARTESIAN_POINT('',(-8.,0.,0.3));
#3641 = DIRECTION('',(-0.,-0.,-1.));
#3642 = DIRECTION('',(1.,0.,0.));
#3643 = ADVANCED_FACE('',(#3644),#3662,.F.);
#3644 = FACE_BOUND('',#3645,.F.);
#3645 = EDGE_LOOP('',(#3646,#3647,#3655,#3661));
#3646 = ORIENTED_EDGE('',*,*,#2382,.F.);
#3647 = ORIENTED_EDGE('',*,*,#3648,.T.);
#3648 = EDGE_CURVE('',#2374,#3649,#3651,.T.);
#3649 = VERTEX_POINT('',#3650);
#3650 = CARTESIAN_POINT('',(-8.6,-4.83959634501,6.8));
#3651 = LINE('',#3652,#3653);
#3652 = CARTESIAN_POINT('',(-8.6,-4.83959634501,0.3));
#3653 = VECTOR('',#3654,1.);
#3654 = DIRECTION('',(-0.,-0.,-1.));
#3655 = ORIENTED_EDGE('',*,*,#3656,.T.);
#3656 = EDGE_CURVE('',#3649,#3613,#3657,.T.);
#3657 = LINE('',#3658,#3659);
#3658 = CARTESIAN_POINT('',(-8.6,-15.9,6.8));
#3659 = VECTOR('',#3660,1.);
#3660 = DIRECTION('',(0.,1.,0.));
#3661 = ORIENTED_EDGE('',*,*,#3612,.F.);
#3662 = PLANE('',#3663);
#3663 = AXIS2_PLACEMENT_3D('',#3664,#3665,#3666);
#3664 = CARTESIAN_POINT('',(-8.6,-15.9,6.8));
#3665 = DIRECTION('',(1.,0.,0.));
#3666 = DIRECTION('',(0.,0.,1.));
#3667 = ADVANCED_FACE('',(#3668),#3744,.T.);
#3668 = FACE_BOUND('',#3669,.F.);
#3669 = EDGE_LOOP('',(#3670,#3679,#3687,#3696,#3702,#3703,#3711,#3718,
    #3719,#3720,#3721,#3722,#3723,#3724,#3725,#3726,#3727,#3728,#3736,
    #3743));
#3670 = ORIENTED_EDGE('',*,*,#3671,.F.);
#3671 = EDGE_CURVE('',#3672,#3672,#3674,.T.);
#3672 = VERTEX_POINT('',#3673);
#3673 = CARTESIAN_POINT('',(-4.783145750508,-8.,0.3));
#3674 = CIRCLE('',#3675,3.216854249492);
#3675 = AXIS2_PLACEMENT_3D('',#3676,#3677,#3678);
#3676 = CARTESIAN_POINT('',(-8.,-8.,0.3));
#3677 = DIRECTION('',(0.,0.,1.));
#3678 = DIRECTION('',(1.,0.,0.));
#3679 = ORIENTED_EDGE('',*,*,#3680,.T.);
#3680 = EDGE_CURVE('',#3672,#3681,#3683,.T.);
#3681 = VERTEX_POINT('',#3682);
#3682 = CARTESIAN_POINT('',(-4.783145750508,-8.,6.8));
#3683 = LINE('',#3684,#3685);
#3684 = CARTESIAN_POINT('',(-4.783145750508,-8.,0.3));
#3685 = VECTOR('',#3686,1.);
#3686 = DIRECTION('',(0.,0.,1.));
#3687 = ORIENTED_EDGE('',*,*,#3688,.F.);
#3688 = EDGE_CURVE('',#3689,#3681,#3691,.T.);
#3689 = VERTEX_POINT('',#3690);
#3690 = CARTESIAN_POINT('',(-4.83959634501,-7.4,6.8));
#3691 = CIRCLE('',#3692,3.216854249492);
#3692 = AXIS2_PLACEMENT_3D('',#3693,#3694,#3695);
#3693 = CARTESIAN_POINT('',(-8.,-8.,6.8));
#3694 = DIRECTION('',(0.,0.,-1.));
#3695 = DIRECTION('',(1.,0.,0.));
#3696 = ORIENTED_EDGE('',*,*,#3697,.F.);
#3697 = EDGE_CURVE('',#2615,#3689,#3698,.T.);
#3698 = LINE('',#3699,#3700);
#3699 = CARTESIAN_POINT('',(-4.83959634501,-7.4,0.3));
#3700 = VECTOR('',#3701,1.);
#3701 = DIRECTION('',(-0.,-0.,-1.));
#3702 = ORIENTED_EDGE('',*,*,#2614,.T.);
#3703 = ORIENTED_EDGE('',*,*,#3704,.T.);
#3704 = EDGE_CURVE('',#2605,#3705,#3707,.T.);
#3705 = VERTEX_POINT('',#3706);
#3706 = CARTESIAN_POINT('',(-7.4,-4.83959634501,6.8));
#3707 = LINE('',#3708,#3709);
#3708 = CARTESIAN_POINT('',(-7.4,-4.83959634501,0.3));
#3709 = VECTOR('',#3710,1.);
#3710 = DIRECTION('',(-0.,-0.,-1.));
#3711 = ORIENTED_EDGE('',*,*,#3712,.F.);
#3712 = EDGE_CURVE('',#3649,#3705,#3713,.T.);
#3713 = CIRCLE('',#3714,3.216854249492);
#3714 = AXIS2_PLACEMENT_3D('',#3715,#3716,#3717);
#3715 = CARTESIAN_POINT('',(-8.,-8.,6.8));
#3716 = DIRECTION('',(0.,0.,-1.));
#3717 = DIRECTION('',(1.,0.,0.));
#3718 = ORIENTED_EDGE('',*,*,#3648,.F.);
#3719 = ORIENTED_EDGE('',*,*,#2373,.T.);
#3720 = ORIENTED_EDGE('',*,*,#2416,.T.);
#3721 = ORIENTED_EDGE('',*,*,#2430,.F.);
#3722 = ORIENTED_EDGE('',*,*,#2465,.F.);
#3723 = ORIENTED_EDGE('',*,*,#2489,.T.);
#3724 = ORIENTED_EDGE('',*,*,#3474,.T.);
#3725 = ORIENTED_EDGE('',*,*,#3455,.F.);
#3726 = ORIENTED_EDGE('',*,*,#3432,.F.);
#3727 = ORIENTED_EDGE('',*,*,#3407,.T.);
#3728 = ORIENTED_EDGE('',*,*,#3729,.T.);
#3729 = EDGE_CURVE('',#3400,#3730,#3732,.T.);
#3730 = VERTEX_POINT('',#3731);
#3731 = CARTESIAN_POINT('',(-4.83959634501,-8.6,6.8));
#3732 = LINE('',#3733,#3734);
#3733 = CARTESIAN_POINT('',(-4.83959634501,-8.6,0.3));
#3734 = VECTOR('',#3735,1.);
#3735 = DIRECTION('',(-0.,-0.,-1.));
#3736 = ORIENTED_EDGE('',*,*,#3737,.F.);
#3737 = EDGE_CURVE('',#3681,#3730,#3738,.T.);
#3738 = CIRCLE('',#3739,3.216854249492);
#3739 = AXIS2_PLACEMENT_3D('',#3740,#3741,#3742);
#3740 = CARTESIAN_POINT('',(-8.,-8.,6.8));
#3741 = DIRECTION('',(0.,0.,-1.));
#3742 = DIRECTION('',(1.,0.,0.));
#3743 = ORIENTED_EDGE('',*,*,#3680,.F.);
#3744 = CYLINDRICAL_SURFACE('',#3745,3.216854249492);
#3745 = AXIS2_PLACEMENT_3D('',#3746,#3747,#3748);
#3746 = CARTESIAN_POINT('',(-8.,-8.,0.3));
#3747 = DIRECTION('',(-0.,-0.,-1.));
#3748 = DIRECTION('',(1.,0.,0.));
#3749 = ADVANCED_FACE('',(#3750),#3761,.T.);
#3750 = FACE_BOUND('',#3751,.T.);
#3751 = EDGE_LOOP('',(#3752,#3753,#3754,#3760));
#3752 = ORIENTED_EDGE('',*,*,#2604,.F.);
#3753 = ORIENTED_EDGE('',*,*,#3704,.T.);
#3754 = ORIENTED_EDGE('',*,*,#3755,.T.);
#3755 = EDGE_CURVE('',#3705,#3621,#3756,.T.);
#3756 = LINE('',#3757,#3758);
#3757 = CARTESIAN_POINT('',(-7.4,-15.9,6.8));
#3758 = VECTOR('',#3759,1.);
#3759 = DIRECTION('',(0.,1.,0.));
#3760 = ORIENTED_EDGE('',*,*,#3629,.F.);
#3761 = PLANE('',#3762);
#3762 = AXIS2_PLACEMENT_3D('',#3763,#3764,#3765);
#3763 = CARTESIAN_POINT('',(-7.4,-15.9,6.8));
#3764 = DIRECTION('',(1.,0.,0.));
#3765 = DIRECTION('',(0.,0.,1.));
#3766 = ADVANCED_FACE('',(#3767),#3850,.T.);
#3767 = FACE_BOUND('',#3768,.F.);
#3768 = EDGE_LOOP('',(#3769,#3778,#3786,#3795,#3801,#3802,#3803,#3804,
    #3805,#3806,#3814,#3823,#3829,#3830,#3831,#3832,#3833,#3834,#3842,
    #3849));
#3769 = ORIENTED_EDGE('',*,*,#3770,.F.);
#3770 = EDGE_CURVE('',#3771,#3771,#3773,.T.);
#3771 = VERTEX_POINT('',#3772);
#3772 = CARTESIAN_POINT('',(3.216854249492,-8.,0.3));
#3773 = CIRCLE('',#3774,3.216854249492);
#3774 = AXIS2_PLACEMENT_3D('',#3775,#3776,#3777);
#3775 = CARTESIAN_POINT('',(0.,-8.,0.3));
#3776 = DIRECTION('',(0.,0.,1.));
#3777 = DIRECTION('',(1.,0.,0.));
#3778 = ORIENTED_EDGE('',*,*,#3779,.T.);
#3779 = EDGE_CURVE('',#3771,#3780,#3782,.T.);
#3780 = VERTEX_POINT('',#3781);
#3781 = CARTESIAN_POINT('',(3.216854249492,-8.,6.8));
#3782 = LINE('',#3783,#3784);
#3783 = CARTESIAN_POINT('',(3.216854249492,-8.,0.3));
#3784 = VECTOR('',#3785,1.);
#3785 = DIRECTION('',(0.,0.,1.));
#3786 = ORIENTED_EDGE('',*,*,#3787,.F.);
#3787 = EDGE_CURVE('',#3788,#3780,#3790,.T.);
#3788 = VERTEX_POINT('',#3789);
#3789 = CARTESIAN_POINT('',(3.16040365499,-7.4,6.8));
#3790 = CIRCLE('',#3791,3.216854249492);
#3791 = AXIS2_PLACEMENT_3D('',#3792,#3793,#3794);
#3792 = CARTESIAN_POINT('',(0.,-8.,6.8));
#3793 = DIRECTION('',(0.,0.,-1.));
#3794 = DIRECTION('',(1.,0.,0.));
#3795 = ORIENTED_EDGE('',*,*,#3796,.F.);
#3796 = EDGE_CURVE('',#2977,#3788,#3797,.T.);
#3797 = LINE('',#3798,#3799);
#3798 = CARTESIAN_POINT('',(3.16040365499,-7.4,0.3));
#3799 = VECTOR('',#3800,1.);
#3800 = DIRECTION('',(-0.,-0.,-1.));
#3801 = ORIENTED_EDGE('',*,*,#3003,.T.);
#3802 = ORIENTED_EDGE('',*,*,#3019,.T.);
#3803 = ORIENTED_EDGE('',*,*,#3042,.F.);
#3804 = ORIENTED_EDGE('',*,*,#3068,.F.);
#3805 = ORIENTED_EDGE('',*,*,#2631,.T.);
#3806 = ORIENTED_EDGE('',*,*,#3807,.T.);
#3807 = EDGE_CURVE('',#2624,#3808,#3810,.T.);
#3808 = VERTEX_POINT('',#3809);
#3809 = CARTESIAN_POINT('',(-3.16040365499,-7.4,6.8));
#3810 = LINE('',#3811,#3812);
#3811 = CARTESIAN_POINT('',(-3.16040365499,-7.4,0.3));
#3812 = VECTOR('',#3813,1.);
#3813 = DIRECTION('',(-0.,-0.,-1.));
#3814 = ORIENTED_EDGE('',*,*,#3815,.F.);
#3815 = EDGE_CURVE('',#3816,#3808,#3818,.T.);
#3816 = VERTEX_POINT('',#3817);
#3817 = CARTESIAN_POINT('',(-3.16040365499,-8.6,6.8));
#3818 = CIRCLE('',#3819,3.216854249492);
#3819 = AXIS2_PLACEMENT_3D('',#3820,#3821,#3822);
#3820 = CARTESIAN_POINT('',(0.,-8.,6.8));
#3821 = DIRECTION('',(0.,0.,-1.));
#3822 = DIRECTION('',(1.,0.,0.));
#3823 = ORIENTED_EDGE('',*,*,#3824,.F.);
#3824 = EDGE_CURVE('',#3391,#3816,#3825,.T.);
#3825 = LINE('',#3826,#3827);
#3826 = CARTESIAN_POINT('',(-3.16040365499,-8.6,0.3));
#3827 = VECTOR('',#3828,1.);
#3828 = DIRECTION('',(-0.,-0.,-1.));
#3829 = ORIENTED_EDGE('',*,*,#3390,.T.);
#3830 = ORIENTED_EDGE('',*,*,#3366,.T.);
#3831 = ORIENTED_EDGE('',*,*,#3339,.F.);
#3832 = ORIENTED_EDGE('',*,*,#3317,.F.);
#3833 = ORIENTED_EDGE('',*,*,#3292,.T.);
#3834 = ORIENTED_EDGE('',*,*,#3835,.T.);
#3835 = EDGE_CURVE('',#3285,#3836,#3838,.T.);
#3836 = VERTEX_POINT('',#3837);
#3837 = CARTESIAN_POINT('',(3.16040365499,-8.6,6.8));
#3838 = LINE('',#3839,#3840);
#3839 = CARTESIAN_POINT('',(3.16040365499,-8.6,0.3));
#3840 = VECTOR('',#3841,1.);
#3841 = DIRECTION('',(-0.,-0.,-1.));
#3842 = ORIENTED_EDGE('',*,*,#3843,.F.);
#3843 = EDGE_CURVE('',#3780,#3836,#3844,.T.);
#3844 = CIRCLE('',#3845,3.216854249492);
#3845 = AXIS2_PLACEMENT_3D('',#3846,#3847,#3848);
#3846 = CARTESIAN_POINT('',(0.,-8.,6.8));
#3847 = DIRECTION('',(0.,0.,-1.));
#3848 = DIRECTION('',(1.,0.,0.));
#3849 = ORIENTED_EDGE('',*,*,#3779,.F.);
#3850 = CYLINDRICAL_SURFACE('',#3851,3.216854249492);
#3851 = AXIS2_PLACEMENT_3D('',#3852,#3853,#3854);
#3852 = CARTESIAN_POINT('',(0.,-8.,0.3));
#3853 = DIRECTION('',(-0.,-0.,-1.));
#3854 = DIRECTION('',(1.,0.,0.));
#3855 = ADVANCED_FACE('',(#3856),#3867,.T.);
#3856 = FACE_BOUND('',#3857,.T.);
#3857 = EDGE_LOOP('',(#3858,#3864,#3865,#3866));
#3858 = ORIENTED_EDGE('',*,*,#3859,.F.);
#3859 = EDGE_CURVE('',#3689,#3808,#3860,.T.);
#3860 = LINE('',#3861,#3862);
#3861 = CARTESIAN_POINT('',(-15.9,-7.4,6.8));
#3862 = VECTOR('',#3863,1.);
#3863 = DIRECTION('',(1.,0.,0.));
#3864 = ORIENTED_EDGE('',*,*,#3697,.F.);
#3865 = ORIENTED_EDGE('',*,*,#2623,.T.);
#3866 = ORIENTED_EDGE('',*,*,#3807,.T.);
#3867 = PLANE('',#3868);
#3868 = AXIS2_PLACEMENT_3D('',#3869,#3870,#3871);
#3869 = CARTESIAN_POINT('',(-15.9,-7.4,6.8));
#3870 = DIRECTION('',(0.,1.,0.));
#3871 = DIRECTION('',(0.,0.,1.));
#3872 = ADVANCED_FACE('',(#3873),#3884,.T.);
#3873 = FACE_BOUND('',#3874,.T.);
#3874 = EDGE_LOOP('',(#3875,#3876,#3877,#3883));
#3875 = ORIENTED_EDGE('',*,*,#2753,.F.);
#3876 = ORIENTED_EDGE('',*,*,#3591,.T.);
#3877 = ORIENTED_EDGE('',*,*,#3878,.T.);
#3878 = EDGE_CURVE('',#3592,#3523,#3879,.T.);
#3879 = LINE('',#3880,#3881);
#3880 = CARTESIAN_POINT('',(-7.4,-15.9,6.8));
#3881 = VECTOR('',#3882,1.);
#3882 = DIRECTION('',(0.,1.,0.));
#3883 = ORIENTED_EDGE('',*,*,#3531,.F.);
#3884 = PLANE('',#3885);
#3885 = AXIS2_PLACEMENT_3D('',#3886,#3887,#3888);
#3886 = CARTESIAN_POINT('',(-7.4,-15.9,6.8));
#3887 = DIRECTION('',(1.,0.,0.));
#3888 = DIRECTION('',(0.,0.,1.));
#3889 = ADVANCED_FACE('',(#3890),#3945,.T.);
#3890 = FACE_BOUND('',#3891,.F.);
#3891 = EDGE_LOOP('',(#3892,#3901,#3907,#3908,#3909,#3910,#3911,#3912,
    #3913,#3914,#3922,#3931,#3937,#3938,#3939,#3940,#3941,#3942,#3943,
    #3944));
#3892 = ORIENTED_EDGE('',*,*,#3893,.F.);
#3893 = EDGE_CURVE('',#3894,#3894,#3896,.T.);
#3894 = VERTEX_POINT('',#3895);
#3895 = CARTESIAN_POINT('',(11.216854249492,-8.,0.3));
#3896 = CIRCLE('',#3897,3.216854249492);
#3897 = AXIS2_PLACEMENT_3D('',#3898,#3899,#3900);
#3898 = CARTESIAN_POINT('',(8.,-8.,0.3));
#3899 = DIRECTION('',(0.,0.,1.));
#3900 = DIRECTION('',(1.,0.,0.));
#3901 = ORIENTED_EDGE('',*,*,#3902,.T.);
#3902 = EDGE_CURVE('',#3894,#3143,#3903,.T.);
#3903 = LINE('',#3904,#3905);
#3904 = CARTESIAN_POINT('',(11.216854249492,-8.,0.3));
#3905 = VECTOR('',#3906,1.);
#3906 = DIRECTION('',(0.,0.,1.));
#3907 = ORIENTED_EDGE('',*,*,#3151,.F.);
#3908 = ORIENTED_EDGE('',*,*,#3176,.F.);
#3909 = ORIENTED_EDGE('',*,*,#2888,.T.);
#3910 = ORIENTED_EDGE('',*,*,#2904,.T.);
#3911 = ORIENTED_EDGE('',*,*,#2927,.F.);
#3912 = ORIENTED_EDGE('',*,*,#2960,.F.);
#3913 = ORIENTED_EDGE('',*,*,#2986,.T.);
#3914 = ORIENTED_EDGE('',*,*,#3915,.T.);
#3915 = EDGE_CURVE('',#2979,#3916,#3918,.T.);
#3916 = VERTEX_POINT('',#3917);
#3917 = CARTESIAN_POINT('',(4.83959634501,-7.4,6.8));
#3918 = LINE('',#3919,#3920);
#3919 = CARTESIAN_POINT('',(4.83959634501,-7.4,0.3));
#3920 = VECTOR('',#3921,1.);
#3921 = DIRECTION('',(-0.,-0.,-1.));
#3922 = ORIENTED_EDGE('',*,*,#3923,.F.);
#3923 = EDGE_CURVE('',#3924,#3916,#3926,.T.);
#3924 = VERTEX_POINT('',#3925);
#3925 = CARTESIAN_POINT('',(4.83959634501,-8.6,6.8));
#3926 = CIRCLE('',#3927,3.216854249492);
#3927 = AXIS2_PLACEMENT_3D('',#3928,#3929,#3930);
#3928 = CARTESIAN_POINT('',(8.,-8.,6.8));
#3929 = DIRECTION('',(0.,0.,-1.));
#3930 = DIRECTION('',(1.,0.,0.));
#3931 = ORIENTED_EDGE('',*,*,#3932,.F.);
#3932 = EDGE_CURVE('',#3276,#3924,#3933,.T.);
#3933 = LINE('',#3934,#3935);
#3934 = CARTESIAN_POINT('',(4.83959634501,-8.6,0.3));
#3935 = VECTOR('',#3936,1.);
#3936 = DIRECTION('',(-0.,-0.,-1.));
#3937 = ORIENTED_EDGE('',*,*,#3275,.T.);
#3938 = ORIENTED_EDGE('',*,*,#3251,.T.);
#3939 = ORIENTED_EDGE('',*,*,#3224,.F.);
#3940 = ORIENTED_EDGE('',*,*,#3202,.F.);
#3941 = ORIENTED_EDGE('',*,*,#3102,.T.);
#3942 = ORIENTED_EDGE('',*,*,#3125,.T.);
#3943 = ORIENTED_EDGE('',*,*,#3142,.F.);
#3944 = ORIENTED_EDGE('',*,*,#3902,.F.);
#3945 = CYLINDRICAL_SURFACE('',#3946,3.216854249492);
#3946 = AXIS2_PLACEMENT_3D('',#3947,#3948,#3949);
#3947 = CARTESIAN_POINT('',(8.,-8.,0.3));
#3948 = DIRECTION('',(-0.,-0.,-1.));
#3949 = DIRECTION('',(1.,0.,0.));
#3950 = ADVANCED_FACE('',(#3951),#3962,.T.);
#3951 = FACE_BOUND('',#3952,.T.);
#3952 = EDGE_LOOP('',(#3953,#3959,#3960,#3961));
#3953 = ORIENTED_EDGE('',*,*,#3954,.F.);
#3954 = EDGE_CURVE('',#3788,#3916,#3955,.T.);
#3955 = LINE('',#3956,#3957);
#3956 = CARTESIAN_POINT('',(-15.9,-7.4,6.8));
#3957 = VECTOR('',#3958,1.);
#3958 = DIRECTION('',(1.,0.,0.));
#3959 = ORIENTED_EDGE('',*,*,#3796,.F.);
#3960 = ORIENTED_EDGE('',*,*,#2976,.T.);
#3961 = ORIENTED_EDGE('',*,*,#3915,.T.);
#3962 = PLANE('',#3963);
#3963 = AXIS2_PLACEMENT_3D('',#3964,#3965,#3966);
#3964 = CARTESIAN_POINT('',(-15.9,-7.4,6.8));
#3965 = DIRECTION('',(0.,1.,0.));
#3966 = DIRECTION('',(0.,0.,1.));
#3967 = ADVANCED_FACE('',(#3968),#3979,.F.);
#3968 = FACE_BOUND('',#3969,.F.);
#3969 = EDGE_LOOP('',(#3970,#3976,#3977,#3978));
#3970 = ORIENTED_EDGE('',*,*,#3971,.F.);
#3971 = EDGE_CURVE('',#3836,#3924,#3972,.T.);
#3972 = LINE('',#3973,#3974);
#3973 = CARTESIAN_POINT('',(-15.9,-8.6,6.8));
#3974 = VECTOR('',#3975,1.);
#3975 = DIRECTION('',(1.,0.,0.));
#3976 = ORIENTED_EDGE('',*,*,#3835,.F.);
#3977 = ORIENTED_EDGE('',*,*,#3284,.T.);
#3978 = ORIENTED_EDGE('',*,*,#3932,.T.);
#3979 = PLANE('',#3980);
#3980 = AXIS2_PLACEMENT_3D('',#3981,#3982,#3983);
#3981 = CARTESIAN_POINT('',(-15.9,-8.6,6.8));
#3982 = DIRECTION('',(0.,1.,0.));
#3983 = DIRECTION('',(0.,0.,1.));
#3984 = ADVANCED_FACE('',(#3985),#3996,.F.);
#3985 = FACE_BOUND('',#3986,.F.);
#3986 = EDGE_LOOP('',(#3987,#3993,#3994,#3995));
#3987 = ORIENTED_EDGE('',*,*,#3988,.F.);
#3988 = EDGE_CURVE('',#3730,#3816,#3989,.T.);
#3989 = LINE('',#3990,#3991);
#3990 = CARTESIAN_POINT('',(-15.9,-8.6,6.8));
#3991 = VECTOR('',#3992,1.);
#3992 = DIRECTION('',(1.,0.,0.));
#3993 = ORIENTED_EDGE('',*,*,#3729,.F.);
#3994 = ORIENTED_EDGE('',*,*,#3399,.T.);
#3995 = ORIENTED_EDGE('',*,*,#3824,.T.);
#3996 = PLANE('',#3997);
#3997 = AXIS2_PLACEMENT_3D('',#3998,#3999,#4000);
#3998 = CARTESIAN_POINT('',(-15.9,-8.6,6.8));
#3999 = DIRECTION('',(0.,1.,0.));
#4000 = DIRECTION('',(0.,0.,1.));
#4001 = ADVANCED_FACE('',(#4002),#4021,.T.);
#4002 = FACE_BOUND('',#4003,.T.);
#4003 = EDGE_LOOP('',(#4004,#4005,#4013,#4020));
#4004 = ORIENTED_EDGE('',*,*,#3488,.F.);
#4005 = ORIENTED_EDGE('',*,*,#4006,.F.);
#4006 = EDGE_CURVE('',#4007,#3489,#4009,.T.);
#4007 = VERTEX_POINT('',#4008);
#4008 = CARTESIAN_POINT('',(-4.983145750508,8.,0.));
#4009 = LINE('',#4010,#4011);
#4010 = CARTESIAN_POINT('',(-4.983145750508,8.,0.));
#4011 = VECTOR('',#4012,1.);
#4012 = DIRECTION('',(0.554700196225,-1.358623639587E-16,0.832050294338)
  );
#4013 = ORIENTED_EDGE('',*,*,#4014,.T.);
#4014 = EDGE_CURVE('',#4007,#4007,#4015,.T.);
#4015 = CIRCLE('',#4016,3.016854249492);
#4016 = AXIS2_PLACEMENT_3D('',#4017,#4018,#4019);
#4017 = CARTESIAN_POINT('',(-8.,8.,0.));
#4018 = DIRECTION('',(0.,0.,1.));
#4019 = DIRECTION('',(1.,0.,0.));
#4020 = ORIENTED_EDGE('',*,*,#4006,.T.);
#4021 = CONICAL_SURFACE('',#4022,3.016854249492,0.588002603548);
#4022 = AXIS2_PLACEMENT_3D('',#4023,#4024,#4025);
#4023 = CARTESIAN_POINT('',(-8.,8.,0.));
#4024 = DIRECTION('',(0.,0.,1.));
#4025 = DIRECTION('',(1.,0.,0.));
#4026 = ADVANCED_FACE('',(#4027),#4033,.T.);
#4027 = FACE_BOUND('',#4028,.T.);
#4028 = EDGE_LOOP('',(#4029,#4030,#4031,#4032));
#4029 = ORIENTED_EDGE('',*,*,#3599,.F.);
#4030 = ORIENTED_EDGE('',*,*,#3558,.T.);
#4031 = ORIENTED_EDGE('',*,*,#3522,.F.);
#4032 = ORIENTED_EDGE('',*,*,#3878,.F.);
#4033 = PLANE('',#4034);
#4034 = AXIS2_PLACEMENT_3D('',#4035,#4036,#4037);
#4035 = CARTESIAN_POINT('',(-7.09814720662E-16,-7.425754000772E-16,6.8)
  );
#4036 = DIRECTION('',(-0.,-0.,-1.));
#4037 = DIRECTION('',(-1.,0.,0.));
#4038 = ADVANCED_FACE('',(#4039),#4058,.T.);
#4039 = FACE_BOUND('',#4040,.T.);
#4040 = EDGE_LOOP('',(#4041,#4042,#4050,#4057));
#4041 = ORIENTED_EDGE('',*,*,#3573,.F.);
#4042 = ORIENTED_EDGE('',*,*,#4043,.F.);
#4043 = EDGE_CURVE('',#4044,#3574,#4046,.T.);
#4044 = VERTEX_POINT('',#4045);
#4045 = CARTESIAN_POINT('',(-4.983145750508,-7.38916180027E-16,0.));
#4046 = LINE('',#4047,#4048);
#4047 = CARTESIAN_POINT('',(-4.983145750508,-7.38916180027E-16,0.));
#4048 = VECTOR('',#4049,1.);
#4049 = DIRECTION('',(0.554700196225,-1.358623639587E-16,0.832050294338)
  );
#4050 = ORIENTED_EDGE('',*,*,#4051,.T.);
#4051 = EDGE_CURVE('',#4044,#4044,#4052,.T.);
#4052 = CIRCLE('',#4053,3.016854249492);
#4053 = AXIS2_PLACEMENT_3D('',#4054,#4055,#4056);
#4054 = CARTESIAN_POINT('',(-8.,0.,0.));
#4055 = DIRECTION('',(0.,0.,1.));
#4056 = DIRECTION('',(1.,0.,0.));
#4057 = ORIENTED_EDGE('',*,*,#4043,.T.);
#4058 = CONICAL_SURFACE('',#4059,3.016854249492,0.588002603548);
#4059 = AXIS2_PLACEMENT_3D('',#4060,#4061,#4062);
#4060 = CARTESIAN_POINT('',(-8.,0.,0.));
#4061 = DIRECTION('',(0.,0.,1.));
#4062 = DIRECTION('',(1.,0.,0.));
#4063 = ADVANCED_FACE('',(#4064),#4070,.T.);
#4064 = FACE_BOUND('',#4065,.T.);
#4065 = EDGE_LOOP('',(#4066,#4067,#4068,#4069));
#4066 = ORIENTED_EDGE('',*,*,#3712,.F.);
#4067 = ORIENTED_EDGE('',*,*,#3656,.T.);
#4068 = ORIENTED_EDGE('',*,*,#3620,.F.);
#4069 = ORIENTED_EDGE('',*,*,#3755,.F.);
#4070 = PLANE('',#4071);
#4071 = AXIS2_PLACEMENT_3D('',#4072,#4073,#4074);
#4072 = CARTESIAN_POINT('',(-7.09814720662E-16,-7.425754000772E-16,6.8)
  );
#4073 = DIRECTION('',(-0.,-0.,-1.));
#4074 = DIRECTION('',(-1.,0.,0.));
#4075 = ADVANCED_FACE('',(#4076),#4095,.T.);
#4076 = FACE_BOUND('',#4077,.T.);
#4077 = EDGE_LOOP('',(#4078,#4079,#4087,#4094));
#4078 = ORIENTED_EDGE('',*,*,#3671,.F.);
#4079 = ORIENTED_EDGE('',*,*,#4080,.F.);
#4080 = EDGE_CURVE('',#4081,#3672,#4083,.T.);
#4081 = VERTEX_POINT('',#4082);
#4082 = CARTESIAN_POINT('',(-4.983145750508,-8.,0.));
#4083 = LINE('',#4084,#4085);
#4084 = CARTESIAN_POINT('',(-4.983145750508,-8.,0.));
#4085 = VECTOR('',#4086,1.);
#4086 = DIRECTION('',(0.554700196225,-1.358623639587E-16,0.832050294338)
  );
#4087 = ORIENTED_EDGE('',*,*,#4088,.T.);
#4088 = EDGE_CURVE('',#4081,#4081,#4089,.T.);
#4089 = CIRCLE('',#4090,3.016854249492);
#4090 = AXIS2_PLACEMENT_3D('',#4091,#4092,#4093);
#4091 = CARTESIAN_POINT('',(-8.,-8.,0.));
#4092 = DIRECTION('',(0.,0.,1.));
#4093 = DIRECTION('',(1.,0.,0.));
#4094 = ORIENTED_EDGE('',*,*,#4080,.T.);
#4095 = CONICAL_SURFACE('',#4096,3.016854249492,0.588002603548);
#4096 = AXIS2_PLACEMENT_3D('',#4097,#4098,#4099);
#4097 = CARTESIAN_POINT('',(-8.,-8.,0.));
#4098 = DIRECTION('',(0.,0.,1.));
#4099 = DIRECTION('',(1.,0.,0.));
#4100 = ADVANCED_FACE('',(#4101),#4108,.T.);
#4101 = FACE_BOUND('',#4102,.T.);
#4102 = EDGE_LOOP('',(#4103,#4104,#4105,#4106,#4107));
#4103 = ORIENTED_EDGE('',*,*,#3988,.F.);
#4104 = ORIENTED_EDGE('',*,*,#3737,.F.);
#4105 = ORIENTED_EDGE('',*,*,#3688,.F.);
#4106 = ORIENTED_EDGE('',*,*,#3859,.T.);
#4107 = ORIENTED_EDGE('',*,*,#3815,.F.);
#4108 = PLANE('',#4109);
#4109 = AXIS2_PLACEMENT_3D('',#4110,#4111,#4112);
#4110 = CARTESIAN_POINT('',(-7.09814720662E-16,-7.425754000772E-16,6.8)
  );
#4111 = DIRECTION('',(-0.,-0.,-1.));
#4112 = DIRECTION('',(-1.,0.,0.));
#4113 = ADVANCED_FACE('',(#4114),#4133,.T.);
#4114 = FACE_BOUND('',#4115,.T.);
#4115 = EDGE_LOOP('',(#4116,#4117,#4125,#4132));
#4116 = ORIENTED_EDGE('',*,*,#3770,.F.);
#4117 = ORIENTED_EDGE('',*,*,#4118,.F.);
#4118 = EDGE_CURVE('',#4119,#3771,#4121,.T.);
#4119 = VERTEX_POINT('',#4120);
#4120 = CARTESIAN_POINT('',(3.016854249492,-8.,0.));
#4121 = LINE('',#4122,#4123);
#4122 = CARTESIAN_POINT('',(3.016854249492,-8.,0.));
#4123 = VECTOR('',#4124,1.);
#4124 = DIRECTION('',(0.554700196225,-1.358623639587E-16,0.832050294338)
  );
#4125 = ORIENTED_EDGE('',*,*,#4126,.T.);
#4126 = EDGE_CURVE('',#4119,#4119,#4127,.T.);
#4127 = CIRCLE('',#4128,3.016854249492);
#4128 = AXIS2_PLACEMENT_3D('',#4129,#4130,#4131);
#4129 = CARTESIAN_POINT('',(0.,-8.,0.));
#4130 = DIRECTION('',(0.,0.,1.));
#4131 = DIRECTION('',(1.,0.,0.));
#4132 = ORIENTED_EDGE('',*,*,#4118,.T.);
#4133 = CONICAL_SURFACE('',#4134,3.016854249492,0.588002603548);
#4134 = AXIS2_PLACEMENT_3D('',#4135,#4136,#4137);
#4135 = CARTESIAN_POINT('',(0.,-8.,0.));
#4136 = DIRECTION('',(0.,0.,1.));
#4137 = DIRECTION('',(1.,0.,0.));
#4138 = ADVANCED_FACE('',(#4139),#4146,.T.);
#4139 = FACE_BOUND('',#4140,.T.);
#4140 = EDGE_LOOP('',(#4141,#4142,#4143,#4144,#4145));
#4141 = ORIENTED_EDGE('',*,*,#3971,.F.);
#4142 = ORIENTED_EDGE('',*,*,#3843,.F.);
#4143 = ORIENTED_EDGE('',*,*,#3787,.F.);
#4144 = ORIENTED_EDGE('',*,*,#3954,.T.);
#4145 = ORIENTED_EDGE('',*,*,#3923,.F.);
#4146 = PLANE('',#4147);
#4147 = AXIS2_PLACEMENT_3D('',#4148,#4149,#4150);
#4148 = CARTESIAN_POINT('',(-7.09814720662E-16,-7.425754000772E-16,6.8)
  );
#4149 = DIRECTION('',(-0.,-0.,-1.));
#4150 = DIRECTION('',(-1.,0.,0.));
#4151 = ADVANCED_FACE('',(#4152),#4171,.T.);
#4152 = FACE_BOUND('',#4153,.T.);
#4153 = EDGE_LOOP('',(#4154,#4155,#4163,#4170));
#4154 = ORIENTED_EDGE('',*,*,#3893,.F.);
#4155 = ORIENTED_EDGE('',*,*,#4156,.F.);
#4156 = EDGE_CURVE('',#4157,#3894,#4159,.T.);
#4157 = VERTEX_POINT('',#4158);
#4158 = CARTESIAN_POINT('',(11.016854249492,-8.,0.));
#4159 = LINE('',#4160,#4161);
#4160 = CARTESIAN_POINT('',(11.016854249492,-8.,0.));
#4161 = VECTOR('',#4162,1.);
#4162 = DIRECTION('',(0.554700196225,-1.358623639587E-16,0.832050294338)
  );
#4163 = ORIENTED_EDGE('',*,*,#4164,.T.);
#4164 = EDGE_CURVE('',#4157,#4157,#4165,.T.);
#4165 = CIRCLE('',#4166,3.016854249492);
#4166 = AXIS2_PLACEMENT_3D('',#4167,#4168,#4169);
#4167 = CARTESIAN_POINT('',(8.,-8.,0.));
#4168 = DIRECTION('',(0.,0.,1.));
#4169 = DIRECTION('',(1.,0.,0.));
#4170 = ORIENTED_EDGE('',*,*,#4156,.T.);
#4171 = CONICAL_SURFACE('',#4172,3.016854249492,0.588002603548);
#4172 = AXIS2_PLACEMENT_3D('',#4173,#4174,#4175);
#4173 = CARTESIAN_POINT('',(8.,-8.,0.));
#4174 = DIRECTION('',(0.,0.,1.));
#4175 = DIRECTION('',(1.,0.,0.));
#4176 = ADVANCED_FACE('',(#4177,#4180),#4191,.F.);
#4177 = FACE_BOUND('',#4178,.F.);
#4178 = EDGE_LOOP('',(#4179));
#4179 = ORIENTED_EDGE('',*,*,#4014,.T.);
#4180 = FACE_BOUND('',#4181,.F.);
#4181 = EDGE_LOOP('',(#4182));
#4182 = ORIENTED_EDGE('',*,*,#4183,.F.);
#4183 = EDGE_CURVE('',#4184,#4184,#4186,.T.);
#4184 = VERTEX_POINT('',#4185);
#4185 = CARTESIAN_POINT('',(-6.4,8.,0.));
#4186 = CIRCLE('',#4187,1.6);
#4187 = AXIS2_PLACEMENT_3D('',#4188,#4189,#4190);
#4188 = CARTESIAN_POINT('',(-8.,8.,0.));
#4189 = DIRECTION('',(0.,0.,1.));
#4190 = DIRECTION('',(1.,0.,0.));
#4191 = PLANE('',#4192);
#4192 = AXIS2_PLACEMENT_3D('',#4193,#4194,#4195);
#4193 = CARTESIAN_POINT('',(-8.,8.,0.));
#4194 = DIRECTION('',(0.,0.,1.));
#4195 = DIRECTION('',(1.,0.,0.));
#4196 = ADVANCED_FACE('',(#4197,#4200),#4211,.F.);
#4197 = FACE_BOUND('',#4198,.F.);
#4198 = EDGE_LOOP('',(#4199));
#4199 = ORIENTED_EDGE('',*,*,#4051,.T.);
#4200 = FACE_BOUND('',#4201,.F.);
#4201 = EDGE_LOOP('',(#4202));
#4202 = ORIENTED_EDGE('',*,*,#4203,.F.);
#4203 = EDGE_CURVE('',#4204,#4204,#4206,.T.);
#4204 = VERTEX_POINT('',#4205);
#4205 = CARTESIAN_POINT('',(-6.4,-3.918869757272E-16,0.));
#4206 = CIRCLE('',#4207,1.6);
#4207 = AXIS2_PLACEMENT_3D('',#4208,#4209,#4210);
#4208 = CARTESIAN_POINT('',(-8.,0.,0.));
#4209 = DIRECTION('',(0.,0.,1.));
#4210 = DIRECTION('',(1.,0.,0.));
#4211 = PLANE('',#4212);
#4212 = AXIS2_PLACEMENT_3D('',#4213,#4214,#4215);
#4213 = CARTESIAN_POINT('',(-8.,0.,0.));
#4214 = DIRECTION('',(0.,0.,1.));
#4215 = DIRECTION('',(1.,0.,0.));
#4216 = ADVANCED_FACE('',(#4217,#4220),#4231,.F.);
#4217 = FACE_BOUND('',#4218,.F.);
#4218 = EDGE_LOOP('',(#4219));
#4219 = ORIENTED_EDGE('',*,*,#4088,.T.);
#4220 = FACE_BOUND('',#4221,.F.);
#4221 = EDGE_LOOP('',(#4222));
#4222 = ORIENTED_EDGE('',*,*,#4223,.F.);
#4223 = EDGE_CURVE('',#4224,#4224,#4226,.T.);
#4224 = VERTEX_POINT('',#4225);
#4225 = CARTESIAN_POINT('',(-6.4,-8.,0.));
#4226 = CIRCLE('',#4227,1.6);
#4227 = AXIS2_PLACEMENT_3D('',#4228,#4229,#4230);
#4228 = CARTESIAN_POINT('',(-8.,-8.,0.));
#4229 = DIRECTION('',(0.,0.,1.));
#4230 = DIRECTION('',(1.,0.,0.));
#4231 = PLANE('',#4232);
#4232 = AXIS2_PLACEMENT_3D('',#4233,#4234,#4235);
#4233 = CARTESIAN_POINT('',(-8.,-8.,0.));
#4234 = DIRECTION('',(0.,0.,1.));
#4235 = DIRECTION('',(1.,0.,0.));
#4236 = ADVANCED_FACE('',(#4237,#4240),#4251,.F.);
#4237 = FACE_BOUND('',#4238,.F.);
#4238 = EDGE_LOOP('',(#4239));
#4239 = ORIENTED_EDGE('',*,*,#4126,.T.);
#4240 = FACE_BOUND('',#4241,.F.);
#4241 = EDGE_LOOP('',(#4242));
#4242 = ORIENTED_EDGE('',*,*,#4243,.F.);
#4243 = EDGE_CURVE('',#4244,#4244,#4246,.T.);
#4244 = VERTEX_POINT('',#4245);
#4245 = CARTESIAN_POINT('',(1.6,-8.,0.));
#4246 = CIRCLE('',#4247,1.6);
#4247 = AXIS2_PLACEMENT_3D('',#4248,#4249,#4250);
#4248 = CARTESIAN_POINT('',(0.,-8.,0.));
#4249 = DIRECTION('',(0.,0.,1.));
#4250 = DIRECTION('',(1.,0.,0.));
#4251 = PLANE('',#4252);
#4252 = AXIS2_PLACEMENT_3D('',#4253,#4254,#4255);
#4253 = CARTESIAN_POINT('',(0.,-8.,0.));
#4254 = DIRECTION('',(0.,0.,1.));
#4255 = DIRECTION('',(1.,0.,0.));
#4256 = ADVANCED_FACE('',(#4257,#4260),#4271,.F.);
#4257 = FACE_BOUND('',#4258,.F.);
#4258 = EDGE_LOOP('',(#4259));
#4259 = ORIENTED_EDGE('',*,*,#4164,.T.);
#4260 = FACE_BOUND('',#4261,.F.);
#4261 = EDGE_LOOP('',(#4262));
#4262 = ORIENTED_EDGE('',*,*,#4263,.F.);
#4263 = EDGE_CURVE('',#4264,#4264,#4266,.T.);
#4264 = VERTEX_POINT('',#4265);
#4265 = CARTESIAN_POINT('',(9.6,-8.,0.));
#4266 = CIRCLE('',#4267,1.6);
#4267 = AXIS2_PLACEMENT_3D('',#4268,#4269,#4270);
#4268 = CARTESIAN_POINT('',(8.,-8.,0.));
#4269 = DIRECTION('',(0.,0.,1.));
#4270 = DIRECTION('',(1.,0.,0.));
#4271 = PLANE('',#4272);
#4272 = AXIS2_PLACEMENT_3D('',#4273,#4274,#4275);
#4273 = CARTESIAN_POINT('',(8.,-8.,0.));
#4274 = DIRECTION('',(0.,0.,1.));
#4275 = DIRECTION('',(1.,0.,0.));
#4276 = ADVANCED_FACE('',(#4277),#4296,.F.);
#4277 = FACE_BOUND('',#4278,.T.);
#4278 = EDGE_LOOP('',(#4279,#4287,#4294,#4295));
#4279 = ORIENTED_EDGE('',*,*,#4280,.T.);
#4280 = EDGE_CURVE('',#4184,#4281,#4283,.T.);
#4281 = VERTEX_POINT('',#4282);
#4282 = CARTESIAN_POINT('',(-6.4,8.,8.));
#4283 = LINE('',#4284,#4285);
#4284 = CARTESIAN_POINT('',(-6.4,8.,0.));
#4285 = VECTOR('',#4286,1.);
#4286 = DIRECTION('',(0.,0.,1.));
#4287 = ORIENTED_EDGE('',*,*,#4288,.T.);
#4288 = EDGE_CURVE('',#4281,#4281,#4289,.T.);
#4289 = CIRCLE('',#4290,1.6);
#4290 = AXIS2_PLACEMENT_3D('',#4291,#4292,#4293);
#4291 = CARTESIAN_POINT('',(-8.,8.,8.));
#4292 = DIRECTION('',(0.,0.,1.));
#4293 = DIRECTION('',(1.,0.,0.));
#4294 = ORIENTED_EDGE('',*,*,#4280,.F.);
#4295 = ORIENTED_EDGE('',*,*,#4183,.F.);
#4296 = CYLINDRICAL_SURFACE('',#4297,1.6);
#4297 = AXIS2_PLACEMENT_3D('',#4298,#4299,#4300);
#4298 = CARTESIAN_POINT('',(-8.,8.,0.));
#4299 = DIRECTION('',(-0.,-0.,-1.));
#4300 = DIRECTION('',(1.,0.,0.));
#4301 = ADVANCED_FACE('',(#4302),#4321,.F.);
#4302 = FACE_BOUND('',#4303,.T.);
#4303 = EDGE_LOOP('',(#4304,#4312,#4319,#4320));
#4304 = ORIENTED_EDGE('',*,*,#4305,.T.);
#4305 = EDGE_CURVE('',#4204,#4306,#4308,.T.);
#4306 = VERTEX_POINT('',#4307);
#4307 = CARTESIAN_POINT('',(-6.4,-3.918869757272E-16,8.));
#4308 = LINE('',#4309,#4310);
#4309 = CARTESIAN_POINT('',(-6.4,-3.918869757272E-16,0.));
#4310 = VECTOR('',#4311,1.);
#4311 = DIRECTION('',(0.,0.,1.));
#4312 = ORIENTED_EDGE('',*,*,#4313,.T.);
#4313 = EDGE_CURVE('',#4306,#4306,#4314,.T.);
#4314 = CIRCLE('',#4315,1.6);
#4315 = AXIS2_PLACEMENT_3D('',#4316,#4317,#4318);
#4316 = CARTESIAN_POINT('',(-8.,0.,8.));
#4317 = DIRECTION('',(0.,0.,1.));
#4318 = DIRECTION('',(1.,0.,0.));
#4319 = ORIENTED_EDGE('',*,*,#4305,.F.);
#4320 = ORIENTED_EDGE('',*,*,#4203,.F.);
#4321 = CYLINDRICAL_SURFACE('',#4322,1.6);
#4322 = AXIS2_PLACEMENT_3D('',#4323,#4324,#4325);
#4323 = CARTESIAN_POINT('',(-8.,0.,0.));
#4324 = DIRECTION('',(-0.,-0.,-1.));
#4325 = DIRECTION('',(1.,0.,0.));
#4326 = ADVANCED_FACE('',(#4327),#4346,.F.);
#4327 = FACE_BOUND('',#4328,.T.);
#4328 = EDGE_LOOP('',(#4329,#4337,#4344,#4345));
#4329 = ORIENTED_EDGE('',*,*,#4330,.T.);
#4330 = EDGE_CURVE('',#4224,#4331,#4333,.T.);
#4331 = VERTEX_POINT('',#4332);
#4332 = CARTESIAN_POINT('',(-6.4,-8.,8.));
#4333 = LINE('',#4334,#4335);
#4334 = CARTESIAN_POINT('',(-6.4,-8.,0.));
#4335 = VECTOR('',#4336,1.);
#4336 = DIRECTION('',(0.,0.,1.));
#4337 = ORIENTED_EDGE('',*,*,#4338,.T.);
#4338 = EDGE_CURVE('',#4331,#4331,#4339,.T.);
#4339 = CIRCLE('',#4340,1.6);
#4340 = AXIS2_PLACEMENT_3D('',#4341,#4342,#4343);
#4341 = CARTESIAN_POINT('',(-8.,-8.,8.));
#4342 = DIRECTION('',(0.,0.,1.));
#4343 = DIRECTION('',(1.,0.,0.));
#4344 = ORIENTED_EDGE('',*,*,#4330,.F.);
#4345 = ORIENTED_EDGE('',*,*,#4223,.F.);
#4346 = CYLINDRICAL_SURFACE('',#4347,1.6);
#4347 = AXIS2_PLACEMENT_3D('',#4348,#4349,#4350);
#4348 = CARTESIAN_POINT('',(-8.,-8.,0.));
#4349 = DIRECTION('',(-0.,-0.,-1.));
#4350 = DIRECTION('',(1.,0.,0.));
#4351 = ADVANCED_FACE('',(#4352),#4371,.F.);
#4352 = FACE_BOUND('',#4353,.T.);
#4353 = EDGE_LOOP('',(#4354,#4362,#4369,#4370));
#4354 = ORIENTED_EDGE('',*,*,#4355,.T.);
#4355 = EDGE_CURVE('',#4244,#4356,#4358,.T.);
#4356 = VERTEX_POINT('',#4357);
#4357 = CARTESIAN_POINT('',(1.6,-8.,8.));
#4358 = LINE('',#4359,#4360);
#4359 = CARTESIAN_POINT('',(1.6,-8.,0.));
#4360 = VECTOR('',#4361,1.);
#4361 = DIRECTION('',(0.,0.,1.));
#4362 = ORIENTED_EDGE('',*,*,#4363,.T.);
#4363 = EDGE_CURVE('',#4356,#4356,#4364,.T.);
#4364 = CIRCLE('',#4365,1.6);
#4365 = AXIS2_PLACEMENT_3D('',#4366,#4367,#4368);
#4366 = CARTESIAN_POINT('',(0.,-8.,8.));
#4367 = DIRECTION('',(0.,0.,1.));
#4368 = DIRECTION('',(1.,0.,0.));
#4369 = ORIENTED_EDGE('',*,*,#4355,.F.);
#4370 = ORIENTED_EDGE('',*,*,#4243,.F.);
#4371 = CYLINDRICAL_SURFACE('',#4372,1.6);
#4372 = AXIS2_PLACEMENT_3D('',#4373,#4374,#4375);
#4373 = CARTESIAN_POINT('',(0.,-8.,0.));
#4374 = DIRECTION('',(-0.,-0.,-1.));
#4375 = DIRECTION('',(1.,0.,0.));
#4376 = ADVANCED_FACE('',(#4377),#4396,.F.);
#4377 = FACE_BOUND('',#4378,.T.);
#4378 = EDGE_LOOP('',(#4379,#4387,#4394,#4395));
#4379 = ORIENTED_EDGE('',*,*,#4380,.T.);
#4380 = EDGE_CURVE('',#4264,#4381,#4383,.T.);
#4381 = VERTEX_POINT('',#4382);
#4382 = CARTESIAN_POINT('',(9.6,-8.,8.));
#4383 = LINE('',#4384,#4385);
#4384 = CARTESIAN_POINT('',(9.6,-8.,0.));
#4385 = VECTOR('',#4386,1.);
#4386 = DIRECTION('',(0.,0.,1.));
#4387 = ORIENTED_EDGE('',*,*,#4388,.T.);
#4388 = EDGE_CURVE('',#4381,#4381,#4389,.T.);
#4389 = CIRCLE('',#4390,1.6);
#4390 = AXIS2_PLACEMENT_3D('',#4391,#4392,#4393);
#4391 = CARTESIAN_POINT('',(8.,-8.,8.));
#4392 = DIRECTION('',(0.,0.,1.));
#4393 = DIRECTION('',(1.,0.,0.));
#4394 = ORIENTED_EDGE('',*,*,#4380,.F.);
#4395 = ORIENTED_EDGE('',*,*,#4263,.F.);
#4396 = CYLINDRICAL_SURFACE('',#4397,1.6);
#4397 = AXIS2_PLACEMENT_3D('',#4398,#4399,#4400);
#4398 = CARTESIAN_POINT('',(8.,-8.,0.));
#4399 = DIRECTION('',(-0.,-0.,-1.));
#4400 = DIRECTION('',(1.,0.,0.));
#4401 = ADVANCED_FACE('',(#4402),#4405,.F.);
#4402 = FACE_BOUND('',#4403,.T.);
#4403 = EDGE_LOOP('',(#4404));
#4404 = ORIENTED_EDGE('',*,*,#4288,.F.);
#4405 = PLANE('',#4406);
#4406 = AXIS2_PLACEMENT_3D('',#4407,#4408,#4409);
#4407 = CARTESIAN_POINT('',(-8.,8.,8.));
#4408 = DIRECTION('',(0.,0.,1.));
#4409 = DIRECTION('',(1.,0.,0.));
#4410 = ADVANCED_FACE('',(#4411),#4414,.F.);
#4411 = FACE_BOUND('',#4412,.T.);
#4412 = EDGE_LOOP('',(#4413));
#4413 = ORIENTED_EDGE('',*,*,#4313,.F.);
#4414 = PLANE('',#4415);
#4415 = AXIS2_PLACEMENT_3D('',#4416,#4417,#4418);
#4416 = CARTESIAN_POINT('',(-8.,0.,8.));
#4417 = DIRECTION('',(0.,0.,1.));
#4418 = DIRECTION('',(1.,0.,0.));
#4419 = ADVANCED_FACE('',(#4420),#4423,.F.);
#4420 = FACE_BOUND('',#4421,.T.);
#4421 = EDGE_LOOP('',(#4422));
#4422 = ORIENTED_EDGE('',*,*,#4338,.F.);
#4423 = PLANE('',#4424);
#4424 = AXIS2_PLACEMENT_3D('',#4425,#4426,#4427);
#4425 = CARTESIAN_POINT('',(-8.,-8.,8.));
#4426 = DIRECTION('',(0.,0.,1.));
#4427 = DIRECTION('',(1.,0.,0.));
#4428 = ADVANCED_FACE('',(#4429),#4432,.F.);
#4429 = FACE_BOUND('',#4430,.T.);
#4430 = EDGE_LOOP('',(#4431));
#4431 = ORIENTED_EDGE('',*,*,#4363,.F.);
#4432 = PLANE('',#4433);
#4433 = AXIS2_PLACEMENT_3D('',#4434,#4435,#4436);
#4434 = CARTESIAN_POINT('',(0.,-8.,8.));
#4435 = DIRECTION('',(0.,0.,1.));
#4436 = DIRECTION('',(1.,0.,0.));
#4437 = ADVANCED_FACE('',(#4438),#4441,.F.);
#4438 = FACE_BOUND('',#4439,.T.);
#4439 = EDGE_LOOP('',(#4440));
#4440 = ORIENTED_EDGE('',*,*,#4388,.F.);
#4441 = PLANE('',#4442);
#4442 = AXIS2_PLACEMENT_3D('',#4443,#4444,#4445);
#4443 = CARTESIAN_POINT('',(8.,-8.,8.));
#4444 = DIRECTION('',(0.,0.,1.));
#4445 = DIRECTION('',(1.,0.,0.));
#4446 = ( GEOMETRIC_REPRESENTATION_CONTEXT(3) 
GLOBAL_UNCERTAINTY_ASSIGNED_CONTEXT((#4450)) 
GLOBAL_UNIT_ASSIGNED_CONTEXT((#4447,#4448,#4449)) REPRESENTATION_CONTEXT
('Context #1','3D Context with UNIT and UNCERTAINTY') );
#4447 = ( LENGTH_UNIT() NAMED_UNIT(*) SI_UNIT(.MILLI.,.METRE.) );
#4448 = ( NAMED_UNIT(*) PLANE_ANGLE_UNIT() SI_UNIT($,.RADIAN.) );
#4449 = ( NAMED_UNIT(*) SI_UNIT($,.STERADIAN.) SOLID_ANGLE_UNIT() );
#4450 = UNCERTAINTY_MEASURE_WITH_UNIT(LENGTH_MEASURE(5.E-06),#4447,
  'distance_accuracy_value','confusion accuracy');
#4451 = PRODUCT_RELATED_PRODUCT_CATEGORY('part',$,(#7));
ENDSEC;
END-ISO-10303-21;
