ISO-10303-21;
HEADER;
FILE_DESCRIPTION(('FreeCAD Model'),'2;1');
FILE_NAME('Open CASCADE Shape Model','2026-09-20T21:12:32',('FreeCAD'),(
    'FreeCAD'),'Open CASCADE STEP processor 7.8','FreeCAD','Unknown');
FILE_SCHEMA(('AUTOMOTIVE_DESIGN { 1 0 10303 214 1 1 1 1 }'));
ENDSEC;
DATA;
#1 = APPLICATION_PROTOCOL_DEFINITION('international standard',
  'automotive_design',2000,#2);
#2 = APPLICATION_CONTEXT(
  'core data for automotive mechanical design processes');
#3 = SHAPE_DEFINITION_REPRESENTATION(#4,#10);
#4 = PRODUCT_DEFINITION_SHAPE('','',#5);
#5 = PRODUCT_DEFINITION('design','',#6,#9);
#6 = PRODUCT_DEFINITION_FORMATION('','',#7);
#7 = PRODUCT('Open CASCADE STEP translator 7.8 80',
  'Open CASCADE STEP translator 7.8 80','',(#8));
#8 = PRODUCT_CONTEXT('',#2,'mechanical');
#9 = PRODUCT_DEFINITION_CONTEXT('part definition',#2,'design');
#10 = ADVANCED_BREP_SHAPE_REPRESENTATION('',(#11,#15),#4603);
#11 = AXIS2_PLACEMENT_3D('',#12,#13,#14);
#12 = CARTESIAN_POINT('',(0.,0.,0.));
#13 = DIRECTION('',(0.,0.,1.));
#14 = DIRECTION('',(1.,0.,-0.));
#15 = MANIFOLD_SOLID_BREP('',#16);
#16 = CLOSED_SHELL('',(#17,#50,#246,#271,#302,#326,#350,#374,#398,#422,
    #446,#463,#488,#513,#538,#563,#588,#613,#638,#663,#688,#713,#738,
    #747,#973,#998,#1023,#1048,#1073,#1098,#1123,#1148,#1173,#1198,#1223
    ,#1248,#1277,#1300,#1323,#1346,#1369,#1392,#1415,#1438,#1461,#1484,
    #1507,#1530,#1553,#1576,#1599,#1622,#1645,#1668,#1691,#1714,#1737,
    #1760,#1783,#1806,#1829,#1846,#1855,#1864,#1873,#1882,#1891,#1900,
    #1909,#1918,#1927,#1936,#1945,#2146,#2170,#2261,#2349,#2407,#2463,
    #2554,#2603,#2620,#2637,#2654,#2671,#2688,#2705,#2722,#2739,#2774,
    #2798,#2823,#2847,#2889,#2913,#2938,#2962,#3004,#3028,#3053,#3077,
    #3103,#3136,#3160,#3185,#3209,#3251,#3275,#3300,#3317,#3350,#3374,
    #3408,#3425,#3449,#3474,#3498,#3558,#3591,#3615,#3649,#3673,#3715,
    #3739,#3773,#3790,#3814,#3839,#3856,#3945,#3969,#4043,#4067,#4121,
    #4182,#4199,#4216,#4233,#4250,#4275,#4288,#4300,#4325,#4337,#4362,
    #4387,#4407,#4427,#4447,#4467,#4492,#4517,#4542,#4567,#4576,#4585,
    #4594));
#17 = ADVANCED_FACE('',(#18),#45,.T.);
#18 = FACE_BOUND('',#19,.F.);
#19 = EDGE_LOOP('',(#20,#30,#37,#38));
#20 = ORIENTED_EDGE('',*,*,#21,.T.);
#21 = EDGE_CURVE('',#22,#24,#26,.T.);
#22 = VERTEX_POINT('',#23);
#23 = CARTESIAN_POINT('',(-5.6,-20.,9.6));
#24 = VERTEX_POINT('',#25);
#25 = CARTESIAN_POINT('',(-5.6,-20.,11.15));
#26 = LINE('',#27,#28);
#27 = CARTESIAN_POINT('',(-5.6,-20.,9.6));
#28 = VECTOR('',#29,1.);
#29 = DIRECTION('',(0.,0.,1.));
#30 = ORIENTED_EDGE('',*,*,#31,.T.);
#31 = EDGE_CURVE('',#24,#24,#32,.T.);
#32 = CIRCLE('',#33,2.4);
#33 = AXIS2_PLACEMENT_3D('',#34,#35,#36);
#34 = CARTESIAN_POINT('',(-8.,-20.,11.15));
#35 = DIRECTION('',(0.,0.,1.));
#36 = DIRECTION('',(1.,0.,0.));
#37 = ORIENTED_EDGE('',*,*,#21,.F.);
#38 = ORIENTED_EDGE('',*,*,#39,.F.);
#39 = EDGE_CURVE('',#22,#22,#40,.T.);
#40 = CIRCLE('',#41,2.4);
#41 = AXIS2_PLACEMENT_3D('',#42,#43,#44);
#42 = CARTESIAN_POINT('',(-8.,-20.,9.6));
#43 = DIRECTION('',(0.,0.,1.));
#44 = DIRECTION('',(1.,0.,0.));
#45 = CYLINDRICAL_SURFACE('',#46,2.4);
#46 = AXIS2_PLACEMENT_3D('',#47,#48,#49);
#47 = CARTESIAN_POINT('',(-8.,-20.,9.6));
#48 = DIRECTION('',(-0.,-0.,-1.));
#49 = DIRECTION('',(1.,0.,0.));
#50 = ADVANCED_FACE('',(#51,#117,#120,#131,#142,#153,#164,#175,#186,#197
    ,#208,#219,#230),#241,.T.);
#51 = FACE_BOUND('',#52,.T.);
#52 = EDGE_LOOP('',(#53,#63,#71,#79,#87,#95,#103,#111));
#53 = ORIENTED_EDGE('',*,*,#54,.F.);
#54 = EDGE_CURVE('',#55,#57,#59,.T.);
#55 = VERTEX_POINT('',#56);
#56 = CARTESIAN_POINT('',(-11.9,-23.9,9.6));
#57 = VERTEX_POINT('',#58);
#58 = CARTESIAN_POINT('',(-11.9,23.9,9.6));
#59 = LINE('',#60,#61);
#60 = CARTESIAN_POINT('',(-11.9,-23.9,9.6));
#61 = VECTOR('',#62,1.);
#62 = DIRECTION('',(0.,1.,0.));
#63 = ORIENTED_EDGE('',*,*,#64,.T.);
#64 = EDGE_CURVE('',#55,#65,#67,.T.);
#65 = VERTEX_POINT('',#66);
#66 = CARTESIAN_POINT('',(3.9,-23.9,9.6));
#67 = LINE('',#68,#69);
#68 = CARTESIAN_POINT('',(-11.9,-23.9,9.6));
#69 = VECTOR('',#70,1.);
#70 = DIRECTION('',(1.,0.,0.));
#71 = ORIENTED_EDGE('',*,*,#72,.T.);
#72 = EDGE_CURVE('',#65,#73,#75,.T.);
#73 = VERTEX_POINT('',#74);
#74 = CARTESIAN_POINT('',(3.9,-7.9,9.6));
#75 = LINE('',#76,#77);
#76 = CARTESIAN_POINT('',(3.9,-23.9,9.6));
#77 = VECTOR('',#78,1.);
#78 = DIRECTION('',(0.,1.,0.));
#79 = ORIENTED_EDGE('',*,*,#80,.T.);
#80 = EDGE_CURVE('',#73,#81,#83,.T.);
#81 = VERTEX_POINT('',#82);
#82 = CARTESIAN_POINT('',(11.9,-7.9,9.6));
#83 = LINE('',#84,#85);
#84 = CARTESIAN_POINT('',(-11.9,-7.9,9.6));
#85 = VECTOR('',#86,1.);
#86 = DIRECTION('',(1.,0.,0.));
#87 = ORIENTED_EDGE('',*,*,#88,.T.);
#88 = EDGE_CURVE('',#81,#89,#91,.T.);
#89 = VERTEX_POINT('',#90);
#90 = CARTESIAN_POINT('',(11.9,7.9,9.6));
#91 = LINE('',#92,#93);
#92 = CARTESIAN_POINT('',(11.9,-7.9,9.6));
#93 = VECTOR('',#94,1.);
#94 = DIRECTION('',(0.,1.,0.));
#95 = ORIENTED_EDGE('',*,*,#96,.F.);
#96 = EDGE_CURVE('',#97,#89,#99,.T.);
#97 = VERTEX_POINT('',#98);
#98 = CARTESIAN_POINT('',(-4.1,7.9,9.6));
#99 = LINE('',#100,#101);
#100 = CARTESIAN_POINT('',(-11.9,7.9,9.6));
#101 = VECTOR('',#102,1.);
#102 = DIRECTION('',(1.,0.,0.));
#103 = ORIENTED_EDGE('',*,*,#104,.T.);
#104 = EDGE_CURVE('',#97,#105,#107,.T.);
#105 = VERTEX_POINT('',#106);
#106 = CARTESIAN_POINT('',(-4.1,23.9,9.6));
#107 = LINE('',#108,#109);
#108 = CARTESIAN_POINT('',(-4.1,7.9,9.6));
#109 = VECTOR('',#110,1.);
#110 = DIRECTION('',(0.,1.,0.));
#111 = ORIENTED_EDGE('',*,*,#112,.F.);
#112 = EDGE_CURVE('',#57,#105,#113,.T.);
#113 = LINE('',#114,#115);
#114 = CARTESIAN_POINT('',(-11.9,23.9,9.6));
#115 = VECTOR('',#116,1.);
#116 = DIRECTION('',(1.,0.,0.));
#117 = FACE_BOUND('',#118,.T.);
#118 = EDGE_LOOP('',(#119));
#119 = ORIENTED_EDGE('',*,*,#39,.F.);
#120 = FACE_BOUND('',#121,.T.);
#121 = EDGE_LOOP('',(#122));
#122 = ORIENTED_EDGE('',*,*,#123,.F.);
#123 = EDGE_CURVE('',#124,#124,#126,.T.);
#124 = VERTEX_POINT('',#125);
#125 = CARTESIAN_POINT('',(-5.6,-12.,9.6));
#126 = CIRCLE('',#127,2.4);
#127 = AXIS2_PLACEMENT_3D('',#128,#129,#130);
#128 = CARTESIAN_POINT('',(-8.,-12.,9.6));
#129 = DIRECTION('',(0.,0.,1.));
#130 = DIRECTION('',(1.,0.,0.));
#131 = FACE_BOUND('',#132,.T.);
#132 = EDGE_LOOP('',(#133));
#133 = ORIENTED_EDGE('',*,*,#134,.F.);
#134 = EDGE_CURVE('',#135,#135,#137,.T.);
#135 = VERTEX_POINT('',#136);
#136 = CARTESIAN_POINT('',(-5.6,-4.,9.6));
#137 = CIRCLE('',#138,2.4);
#138 = AXIS2_PLACEMENT_3D('',#139,#140,#141);
#139 = CARTESIAN_POINT('',(-8.,-4.,9.6));
#140 = DIRECTION('',(0.,0.,1.));
#141 = DIRECTION('',(1.,0.,0.));
#142 = FACE_BOUND('',#143,.T.);
#143 = EDGE_LOOP('',(#144));
#144 = ORIENTED_EDGE('',*,*,#145,.F.);
#145 = EDGE_CURVE('',#146,#146,#148,.T.);
#146 = VERTEX_POINT('',#147);
#147 = CARTESIAN_POINT('',(2.4,-20.,9.6));
#148 = CIRCLE('',#149,2.4);
#149 = AXIS2_PLACEMENT_3D('',#150,#151,#152);
#150 = CARTESIAN_POINT('',(0.,-20.,9.6));
#151 = DIRECTION('',(0.,0.,1.));
#152 = DIRECTION('',(1.,0.,0.));
#153 = FACE_BOUND('',#154,.T.);
#154 = EDGE_LOOP('',(#155));
#155 = ORIENTED_EDGE('',*,*,#156,.F.);
#156 = EDGE_CURVE('',#157,#157,#159,.T.);
#157 = VERTEX_POINT('',#158);
#158 = CARTESIAN_POINT('',(2.4,-12.,9.6));
#159 = CIRCLE('',#160,2.4);
#160 = AXIS2_PLACEMENT_3D('',#161,#162,#163);
#161 = CARTESIAN_POINT('',(0.,-12.,9.6));
#162 = DIRECTION('',(0.,0.,1.));
#163 = DIRECTION('',(1.,0.,0.));
#164 = FACE_BOUND('',#165,.T.);
#165 = EDGE_LOOP('',(#166));
#166 = ORIENTED_EDGE('',*,*,#167,.F.);
#167 = EDGE_CURVE('',#168,#168,#170,.T.);
#168 = VERTEX_POINT('',#169);
#169 = CARTESIAN_POINT('',(2.4,-4.,9.6));
#170 = CIRCLE('',#171,2.4);
#171 = AXIS2_PLACEMENT_3D('',#172,#173,#174);
#172 = CARTESIAN_POINT('',(0.,-4.,9.6));
#173 = DIRECTION('',(0.,0.,1.));
#174 = DIRECTION('',(1.,0.,0.));
#175 = FACE_BOUND('',#176,.T.);
#176 = EDGE_LOOP('',(#177));
#177 = ORIENTED_EDGE('',*,*,#178,.F.);
#178 = EDGE_CURVE('',#179,#179,#181,.T.);
#179 = VERTEX_POINT('',#180);
#180 = CARTESIAN_POINT('',(10.4,-4.,9.6));
#181 = CIRCLE('',#182,2.4);
#182 = AXIS2_PLACEMENT_3D('',#183,#184,#185);
#183 = CARTESIAN_POINT('',(8.,-4.,9.6));
#184 = DIRECTION('',(0.,0.,1.));
#185 = DIRECTION('',(1.,0.,0.));
#186 = FACE_BOUND('',#187,.T.);
#187 = EDGE_LOOP('',(#188));
#188 = ORIENTED_EDGE('',*,*,#189,.F.);
#189 = EDGE_CURVE('',#190,#190,#192,.T.);
#190 = VERTEX_POINT('',#191);
#191 = CARTESIAN_POINT('',(-5.6,4.,9.6));
#192 = CIRCLE('',#193,2.4);
#193 = AXIS2_PLACEMENT_3D('',#194,#195,#196);
#194 = CARTESIAN_POINT('',(-8.,4.,9.6));
#195 = DIRECTION('',(0.,0.,1.));
#196 = DIRECTION('',(1.,0.,0.));
#197 = FACE_BOUND('',#198,.T.);
#198 = EDGE_LOOP('',(#199));
#199 = ORIENTED_EDGE('',*,*,#200,.F.);
#200 = EDGE_CURVE('',#201,#201,#203,.T.);
#201 = VERTEX_POINT('',#202);
#202 = CARTESIAN_POINT('',(-5.6,12.,9.6));
#203 = CIRCLE('',#204,2.4);
#204 = AXIS2_PLACEMENT_3D('',#205,#206,#207);
#205 = CARTESIAN_POINT('',(-8.,12.,9.6));
#206 = DIRECTION('',(0.,0.,1.));
#207 = DIRECTION('',(1.,0.,0.));
#208 = FACE_BOUND('',#209,.T.);
#209 = EDGE_LOOP('',(#210));
#210 = ORIENTED_EDGE('',*,*,#211,.F.);
#211 = EDGE_CURVE('',#212,#212,#214,.T.);
#212 = VERTEX_POINT('',#213);
#213 = CARTESIAN_POINT('',(-5.6,20.,9.6));
#214 = CIRCLE('',#215,2.4);
#215 = AXIS2_PLACEMENT_3D('',#216,#217,#218);
#216 = CARTESIAN_POINT('',(-8.,20.,9.6));
#217 = DIRECTION('',(0.,0.,1.));
#218 = DIRECTION('',(1.,0.,0.));
#219 = FACE_BOUND('',#220,.T.);
#220 = EDGE_LOOP('',(#221));
#221 = ORIENTED_EDGE('',*,*,#222,.F.);
#222 = EDGE_CURVE('',#223,#223,#225,.T.);
#223 = VERTEX_POINT('',#224);
#224 = CARTESIAN_POINT('',(2.4,4.,9.6));
#225 = CIRCLE('',#226,2.4);
#226 = AXIS2_PLACEMENT_3D('',#227,#228,#229);
#227 = CARTESIAN_POINT('',(0.,4.,9.6));
#228 = DIRECTION('',(0.,0.,1.));
#229 = DIRECTION('',(1.,0.,0.));
#230 = FACE_BOUND('',#231,.T.);
#231 = EDGE_LOOP('',(#232));
#232 = ORIENTED_EDGE('',*,*,#233,.F.);
#233 = EDGE_CURVE('',#234,#234,#236,.T.);
#234 = VERTEX_POINT('',#235);
#235 = CARTESIAN_POINT('',(10.4,4.,9.6));
#236 = CIRCLE('',#237,2.4);
#237 = AXIS2_PLACEMENT_3D('',#238,#239,#240);
#238 = CARTESIAN_POINT('',(8.,4.,9.6));
#239 = DIRECTION('',(0.,0.,1.));
#240 = DIRECTION('',(1.,0.,0.));
#241 = PLANE('',#242);
#242 = AXIS2_PLACEMENT_3D('',#243,#244,#245);
#243 = CARTESIAN_POINT('',(-2.68156424581,-0.893854748603,9.6));
#244 = DIRECTION('',(0.,0.,1.));
#245 = DIRECTION('',(1.,0.,0.));
#246 = ADVANCED_FACE('',(#247),#266,.T.);
#247 = FACE_BOUND('',#248,.T.);
#248 = EDGE_LOOP('',(#249,#258,#264,#265));
#249 = ORIENTED_EDGE('',*,*,#250,.F.);
#250 = EDGE_CURVE('',#251,#251,#253,.T.);
#251 = VERTEX_POINT('',#252);
#252 = CARTESIAN_POINT('',(-5.85,-20.,11.4));
#253 = CIRCLE('',#254,2.15);
#254 = AXIS2_PLACEMENT_3D('',#255,#256,#257);
#255 = CARTESIAN_POINT('',(-8.,-20.,11.4));
#256 = DIRECTION('',(0.,0.,1.));
#257 = DIRECTION('',(1.,0.,0.));
#258 = ORIENTED_EDGE('',*,*,#259,.F.);
#259 = EDGE_CURVE('',#24,#251,#260,.T.);
#260 = LINE('',#261,#262);
#261 = CARTESIAN_POINT('',(-5.6,-20.,11.15));
#262 = VECTOR('',#263,1.);
#263 = DIRECTION('',(-0.707106781187,1.731912112471E-16,0.707106781187)
  );
#264 = ORIENTED_EDGE('',*,*,#31,.T.);
#265 = ORIENTED_EDGE('',*,*,#259,.T.);
#266 = CONICAL_SURFACE('',#267,2.4,0.785398163397);
#267 = AXIS2_PLACEMENT_3D('',#268,#269,#270);
#268 = CARTESIAN_POINT('',(-8.,-20.,11.15));
#269 = DIRECTION('',(-0.,-0.,-1.));
#270 = DIRECTION('',(1.,0.,0.));
#271 = ADVANCED_FACE('',(#272),#297,.T.);
#272 = FACE_BOUND('',#273,.T.);
#273 = EDGE_LOOP('',(#274,#282,#283,#291));
#274 = ORIENTED_EDGE('',*,*,#275,.T.);
#275 = EDGE_CURVE('',#276,#55,#278,.T.);
#276 = VERTEX_POINT('',#277);
#277 = CARTESIAN_POINT('',(-11.9,-23.9,0.));
#278 = LINE('',#279,#280);
#279 = CARTESIAN_POINT('',(-11.9,-23.9,0.));
#280 = VECTOR('',#281,1.);
#281 = DIRECTION('',(0.,0.,1.));
#282 = ORIENTED_EDGE('',*,*,#54,.T.);
#283 = ORIENTED_EDGE('',*,*,#284,.F.);
#284 = EDGE_CURVE('',#285,#57,#287,.T.);
#285 = VERTEX_POINT('',#286);
#286 = CARTESIAN_POINT('',(-11.9,23.9,0.));
#287 = LINE('',#288,#289);
#288 = CARTESIAN_POINT('',(-11.9,23.9,0.));
#289 = VECTOR('',#290,1.);
#290 = DIRECTION('',(0.,0.,1.));
#291 = ORIENTED_EDGE('',*,*,#292,.F.);
#292 = EDGE_CURVE('',#276,#285,#293,.T.);
#293 = LINE('',#294,#295);
#294 = CARTESIAN_POINT('',(-11.9,16.1,0.));
#295 = VECTOR('',#296,1.);
#296 = DIRECTION('',(0.,1.,0.));
#297 = PLANE('',#298);
#298 = AXIS2_PLACEMENT_3D('',#299,#300,#301);
#299 = CARTESIAN_POINT('',(-11.9,1.6711370963E-15,4.8));
#300 = DIRECTION('',(-1.,-0.,-0.));
#301 = DIRECTION('',(0.,0.,-1.));
#302 = ADVANCED_FACE('',(#303),#321,.F.);
#303 = FACE_BOUND('',#304,.F.);
#304 = EDGE_LOOP('',(#305,#313,#314,#315));
#305 = ORIENTED_EDGE('',*,*,#306,.F.);
#306 = EDGE_CURVE('',#276,#307,#309,.T.);
#307 = VERTEX_POINT('',#308);
#308 = CARTESIAN_POINT('',(3.9,-23.9,0.));
#309 = LINE('',#310,#311);
#310 = CARTESIAN_POINT('',(-11.9,-23.9,0.));
#311 = VECTOR('',#312,1.);
#312 = DIRECTION('',(1.,0.,0.));
#313 = ORIENTED_EDGE('',*,*,#275,.T.);
#314 = ORIENTED_EDGE('',*,*,#64,.T.);
#315 = ORIENTED_EDGE('',*,*,#316,.F.);
#316 = EDGE_CURVE('',#307,#65,#317,.T.);
#317 = LINE('',#318,#319);
#318 = CARTESIAN_POINT('',(3.9,-23.9,0.));
#319 = VECTOR('',#320,1.);
#320 = DIRECTION('',(0.,0.,1.));
#321 = PLANE('',#322);
#322 = AXIS2_PLACEMENT_3D('',#323,#324,#325);
#323 = CARTESIAN_POINT('',(-11.9,-23.9,0.));
#324 = DIRECTION('',(0.,1.,0.));
#325 = DIRECTION('',(0.,0.,1.));
#326 = ADVANCED_FACE('',(#327),#345,.T.);
#327 = FACE_BOUND('',#328,.T.);
#328 = EDGE_LOOP('',(#329,#337,#338,#339));
#329 = ORIENTED_EDGE('',*,*,#330,.F.);
#330 = EDGE_CURVE('',#285,#331,#333,.T.);
#331 = VERTEX_POINT('',#332);
#332 = CARTESIAN_POINT('',(-4.1,23.9,0.));
#333 = LINE('',#334,#335);
#334 = CARTESIAN_POINT('',(-11.9,23.9,0.));
#335 = VECTOR('',#336,1.);
#336 = DIRECTION('',(1.,0.,0.));
#337 = ORIENTED_EDGE('',*,*,#284,.T.);
#338 = ORIENTED_EDGE('',*,*,#112,.T.);
#339 = ORIENTED_EDGE('',*,*,#340,.F.);
#340 = EDGE_CURVE('',#331,#105,#341,.T.);
#341 = LINE('',#342,#343);
#342 = CARTESIAN_POINT('',(-4.1,23.9,0.));
#343 = VECTOR('',#344,1.);
#344 = DIRECTION('',(0.,0.,1.));
#345 = PLANE('',#346);
#346 = AXIS2_PLACEMENT_3D('',#347,#348,#349);
#347 = CARTESIAN_POINT('',(-11.9,23.9,0.));
#348 = DIRECTION('',(0.,1.,0.));
#349 = DIRECTION('',(0.,0.,1.));
#350 = ADVANCED_FACE('',(#351),#369,.T.);
#351 = FACE_BOUND('',#352,.T.);
#352 = EDGE_LOOP('',(#353,#354,#362,#368));
#353 = ORIENTED_EDGE('',*,*,#316,.F.);
#354 = ORIENTED_EDGE('',*,*,#355,.T.);
#355 = EDGE_CURVE('',#307,#356,#358,.T.);
#356 = VERTEX_POINT('',#357);
#357 = CARTESIAN_POINT('',(3.9,-7.9,0.));
#358 = LINE('',#359,#360);
#359 = CARTESIAN_POINT('',(3.9,-8.1,0.));
#360 = VECTOR('',#361,1.);
#361 = DIRECTION('',(0.,1.,0.));
#362 = ORIENTED_EDGE('',*,*,#363,.T.);
#363 = EDGE_CURVE('',#356,#73,#364,.T.);
#364 = LINE('',#365,#366);
#365 = CARTESIAN_POINT('',(3.9,-7.9,0.));
#366 = VECTOR('',#367,1.);
#367 = DIRECTION('',(0.,0.,1.));
#368 = ORIENTED_EDGE('',*,*,#72,.F.);
#369 = PLANE('',#370);
#370 = AXIS2_PLACEMENT_3D('',#371,#372,#373);
#371 = CARTESIAN_POINT('',(3.9,-15.9,4.8));
#372 = DIRECTION('',(1.,0.,0.));
#373 = DIRECTION('',(0.,0.,1.));
#374 = ADVANCED_FACE('',(#375),#393,.T.);
#375 = FACE_BOUND('',#376,.T.);
#376 = EDGE_LOOP('',(#377,#385,#391,#392));
#377 = ORIENTED_EDGE('',*,*,#378,.F.);
#378 = EDGE_CURVE('',#379,#97,#381,.T.);
#379 = VERTEX_POINT('',#380);
#380 = CARTESIAN_POINT('',(-4.1,7.9,0.));
#381 = LINE('',#382,#383);
#382 = CARTESIAN_POINT('',(-4.1,7.9,0.));
#383 = VECTOR('',#384,1.);
#384 = DIRECTION('',(0.,0.,1.));
#385 = ORIENTED_EDGE('',*,*,#386,.T.);
#386 = EDGE_CURVE('',#379,#331,#387,.T.);
#387 = LINE('',#388,#389);
#388 = CARTESIAN_POINT('',(-4.1,16.1,0.));
#389 = VECTOR('',#390,1.);
#390 = DIRECTION('',(0.,1.,0.));
#391 = ORIENTED_EDGE('',*,*,#340,.T.);
#392 = ORIENTED_EDGE('',*,*,#104,.F.);
#393 = PLANE('',#394);
#394 = AXIS2_PLACEMENT_3D('',#395,#396,#397);
#395 = CARTESIAN_POINT('',(-4.1,15.9,4.8));
#396 = DIRECTION('',(1.,0.,0.));
#397 = DIRECTION('',(0.,0.,1.));
#398 = ADVANCED_FACE('',(#399),#417,.F.);
#399 = FACE_BOUND('',#400,.F.);
#400 = EDGE_LOOP('',(#401,#409,#410,#411));
#401 = ORIENTED_EDGE('',*,*,#402,.F.);
#402 = EDGE_CURVE('',#356,#403,#405,.T.);
#403 = VERTEX_POINT('',#404);
#404 = CARTESIAN_POINT('',(11.9,-7.9,0.));
#405 = LINE('',#406,#407);
#406 = CARTESIAN_POINT('',(-11.9,-7.9,0.));
#407 = VECTOR('',#408,1.);
#408 = DIRECTION('',(1.,0.,0.));
#409 = ORIENTED_EDGE('',*,*,#363,.T.);
#410 = ORIENTED_EDGE('',*,*,#80,.T.);
#411 = ORIENTED_EDGE('',*,*,#412,.F.);
#412 = EDGE_CURVE('',#403,#81,#413,.T.);
#413 = LINE('',#414,#415);
#414 = CARTESIAN_POINT('',(11.9,-7.9,0.));
#415 = VECTOR('',#416,1.);
#416 = DIRECTION('',(0.,0.,1.));
#417 = PLANE('',#418);
#418 = AXIS2_PLACEMENT_3D('',#419,#420,#421);
#419 = CARTESIAN_POINT('',(-11.9,-7.9,0.));
#420 = DIRECTION('',(0.,1.,0.));
#421 = DIRECTION('',(0.,0.,1.));
#422 = ADVANCED_FACE('',(#423),#441,.T.);
#423 = FACE_BOUND('',#424,.T.);
#424 = EDGE_LOOP('',(#425,#433,#434,#435));
#425 = ORIENTED_EDGE('',*,*,#426,.F.);
#426 = EDGE_CURVE('',#379,#427,#429,.T.);
#427 = VERTEX_POINT('',#428);
#428 = CARTESIAN_POINT('',(11.9,7.9,0.));
#429 = LINE('',#430,#431);
#430 = CARTESIAN_POINT('',(-11.9,7.9,0.));
#431 = VECTOR('',#432,1.);
#432 = DIRECTION('',(1.,0.,0.));
#433 = ORIENTED_EDGE('',*,*,#378,.T.);
#434 = ORIENTED_EDGE('',*,*,#96,.T.);
#435 = ORIENTED_EDGE('',*,*,#436,.F.);
#436 = EDGE_CURVE('',#427,#89,#437,.T.);
#437 = LINE('',#438,#439);
#438 = CARTESIAN_POINT('',(11.9,7.9,0.));
#439 = VECTOR('',#440,1.);
#440 = DIRECTION('',(0.,0.,1.));
#441 = PLANE('',#442);
#442 = AXIS2_PLACEMENT_3D('',#443,#444,#445);
#443 = CARTESIAN_POINT('',(-11.9,7.9,0.));
#444 = DIRECTION('',(0.,1.,0.));
#445 = DIRECTION('',(0.,0.,1.));
#446 = ADVANCED_FACE('',(#447),#458,.T.);
#447 = FACE_BOUND('',#448,.T.);
#448 = EDGE_LOOP('',(#449,#450,#456,#457));
#449 = ORIENTED_EDGE('',*,*,#412,.F.);
#450 = ORIENTED_EDGE('',*,*,#451,.T.);
#451 = EDGE_CURVE('',#403,#427,#452,.T.);
#452 = LINE('',#453,#454);
#453 = CARTESIAN_POINT('',(11.9,0.1,0.));
#454 = VECTOR('',#455,1.);
#455 = DIRECTION('',(0.,1.,0.));
#456 = ORIENTED_EDGE('',*,*,#436,.T.);
#457 = ORIENTED_EDGE('',*,*,#88,.F.);
#458 = PLANE('',#459);
#459 = AXIS2_PLACEMENT_3D('',#460,#461,#462);
#460 = CARTESIAN_POINT('',(11.9,4.043135030623E-17,4.8));
#461 = DIRECTION('',(1.,0.,0.));
#462 = DIRECTION('',(0.,0.,1.));
#463 = ADVANCED_FACE('',(#464),#483,.T.);
#464 = FACE_BOUND('',#465,.F.);
#465 = EDGE_LOOP('',(#466,#474,#481,#482));
#466 = ORIENTED_EDGE('',*,*,#467,.T.);
#467 = EDGE_CURVE('',#124,#468,#470,.T.);
#468 = VERTEX_POINT('',#469);
#469 = CARTESIAN_POINT('',(-5.6,-12.,11.15));
#470 = LINE('',#471,#472);
#471 = CARTESIAN_POINT('',(-5.6,-12.,9.6));
#472 = VECTOR('',#473,1.);
#473 = DIRECTION('',(0.,0.,1.));
#474 = ORIENTED_EDGE('',*,*,#475,.T.);
#475 = EDGE_CURVE('',#468,#468,#476,.T.);
#476 = CIRCLE('',#477,2.4);
#477 = AXIS2_PLACEMENT_3D('',#478,#479,#480);
#478 = CARTESIAN_POINT('',(-8.,-12.,11.15));
#479 = DIRECTION('',(0.,0.,1.));
#480 = DIRECTION('',(1.,0.,0.));
#481 = ORIENTED_EDGE('',*,*,#467,.F.);
#482 = ORIENTED_EDGE('',*,*,#123,.F.);
#483 = CYLINDRICAL_SURFACE('',#484,2.4);
#484 = AXIS2_PLACEMENT_3D('',#485,#486,#487);
#485 = CARTESIAN_POINT('',(-8.,-12.,9.6));
#486 = DIRECTION('',(-0.,-0.,-1.));
#487 = DIRECTION('',(1.,0.,0.));
#488 = ADVANCED_FACE('',(#489),#508,.T.);
#489 = FACE_BOUND('',#490,.F.);
#490 = EDGE_LOOP('',(#491,#499,#506,#507));
#491 = ORIENTED_EDGE('',*,*,#492,.T.);
#492 = EDGE_CURVE('',#135,#493,#495,.T.);
#493 = VERTEX_POINT('',#494);
#494 = CARTESIAN_POINT('',(-5.6,-4.,11.15));
#495 = LINE('',#496,#497);
#496 = CARTESIAN_POINT('',(-5.6,-4.,9.6));
#497 = VECTOR('',#498,1.);
#498 = DIRECTION('',(0.,0.,1.));
#499 = ORIENTED_EDGE('',*,*,#500,.T.);
#500 = EDGE_CURVE('',#493,#493,#501,.T.);
#501 = CIRCLE('',#502,2.4);
#502 = AXIS2_PLACEMENT_3D('',#503,#504,#505);
#503 = CARTESIAN_POINT('',(-8.,-4.,11.15));
#504 = DIRECTION('',(0.,0.,1.));
#505 = DIRECTION('',(1.,0.,0.));
#506 = ORIENTED_EDGE('',*,*,#492,.F.);
#507 = ORIENTED_EDGE('',*,*,#134,.F.);
#508 = CYLINDRICAL_SURFACE('',#509,2.4);
#509 = AXIS2_PLACEMENT_3D('',#510,#511,#512);
#510 = CARTESIAN_POINT('',(-8.,-4.,9.6));
#511 = DIRECTION('',(-0.,-0.,-1.));
#512 = DIRECTION('',(1.,0.,0.));
#513 = ADVANCED_FACE('',(#514),#533,.T.);
#514 = FACE_BOUND('',#515,.F.);
#515 = EDGE_LOOP('',(#516,#524,#531,#532));
#516 = ORIENTED_EDGE('',*,*,#517,.T.);
#517 = EDGE_CURVE('',#146,#518,#520,.T.);
#518 = VERTEX_POINT('',#519);
#519 = CARTESIAN_POINT('',(2.4,-20.,11.15));
#520 = LINE('',#521,#522);
#521 = CARTESIAN_POINT('',(2.4,-20.,9.6));
#522 = VECTOR('',#523,1.);
#523 = DIRECTION('',(0.,0.,1.));
#524 = ORIENTED_EDGE('',*,*,#525,.T.);
#525 = EDGE_CURVE('',#518,#518,#526,.T.);
#526 = CIRCLE('',#527,2.4);
#527 = AXIS2_PLACEMENT_3D('',#528,#529,#530);
#528 = CARTESIAN_POINT('',(0.,-20.,11.15));
#529 = DIRECTION('',(0.,0.,1.));
#530 = DIRECTION('',(1.,0.,0.));
#531 = ORIENTED_EDGE('',*,*,#517,.F.);
#532 = ORIENTED_EDGE('',*,*,#145,.F.);
#533 = CYLINDRICAL_SURFACE('',#534,2.4);
#534 = AXIS2_PLACEMENT_3D('',#535,#536,#537);
#535 = CARTESIAN_POINT('',(0.,-20.,9.6));
#536 = DIRECTION('',(-0.,-0.,-1.));
#537 = DIRECTION('',(1.,0.,0.));
#538 = ADVANCED_FACE('',(#539),#558,.T.);
#539 = FACE_BOUND('',#540,.F.);
#540 = EDGE_LOOP('',(#541,#549,#556,#557));
#541 = ORIENTED_EDGE('',*,*,#542,.T.);
#542 = EDGE_CURVE('',#157,#543,#545,.T.);
#543 = VERTEX_POINT('',#544);
#544 = CARTESIAN_POINT('',(2.4,-12.,11.15));
#545 = LINE('',#546,#547);
#546 = CARTESIAN_POINT('',(2.4,-12.,9.6));
#547 = VECTOR('',#548,1.);
#548 = DIRECTION('',(0.,0.,1.));
#549 = ORIENTED_EDGE('',*,*,#550,.T.);
#550 = EDGE_CURVE('',#543,#543,#551,.T.);
#551 = CIRCLE('',#552,2.4);
#552 = AXIS2_PLACEMENT_3D('',#553,#554,#555);
#553 = CARTESIAN_POINT('',(0.,-12.,11.15));
#554 = DIRECTION('',(0.,0.,1.));
#555 = DIRECTION('',(1.,0.,0.));
#556 = ORIENTED_EDGE('',*,*,#542,.F.);
#557 = ORIENTED_EDGE('',*,*,#156,.F.);
#558 = CYLINDRICAL_SURFACE('',#559,2.4);
#559 = AXIS2_PLACEMENT_3D('',#560,#561,#562);
#560 = CARTESIAN_POINT('',(0.,-12.,9.6));
#561 = DIRECTION('',(-0.,-0.,-1.));
#562 = DIRECTION('',(1.,0.,0.));
#563 = ADVANCED_FACE('',(#564),#583,.T.);
#564 = FACE_BOUND('',#565,.F.);
#565 = EDGE_LOOP('',(#566,#574,#581,#582));
#566 = ORIENTED_EDGE('',*,*,#567,.T.);
#567 = EDGE_CURVE('',#168,#568,#570,.T.);
#568 = VERTEX_POINT('',#569);
#569 = CARTESIAN_POINT('',(2.4,-4.,11.15));
#570 = LINE('',#571,#572);
#571 = CARTESIAN_POINT('',(2.4,-4.,9.6));
#572 = VECTOR('',#573,1.);
#573 = DIRECTION('',(0.,0.,1.));
#574 = ORIENTED_EDGE('',*,*,#575,.T.);
#575 = EDGE_CURVE('',#568,#568,#576,.T.);
#576 = CIRCLE('',#577,2.4);
#577 = AXIS2_PLACEMENT_3D('',#578,#579,#580);
#578 = CARTESIAN_POINT('',(0.,-4.,11.15));
#579 = DIRECTION('',(0.,0.,1.));
#580 = DIRECTION('',(1.,0.,0.));
#581 = ORIENTED_EDGE('',*,*,#567,.F.);
#582 = ORIENTED_EDGE('',*,*,#167,.F.);
#583 = CYLINDRICAL_SURFACE('',#584,2.4);
#584 = AXIS2_PLACEMENT_3D('',#585,#586,#587);
#585 = CARTESIAN_POINT('',(0.,-4.,9.6));
#586 = DIRECTION('',(-0.,-0.,-1.));
#587 = DIRECTION('',(1.,0.,0.));
#588 = ADVANCED_FACE('',(#589),#608,.T.);
#589 = FACE_BOUND('',#590,.F.);
#590 = EDGE_LOOP('',(#591,#599,#606,#607));
#591 = ORIENTED_EDGE('',*,*,#592,.T.);
#592 = EDGE_CURVE('',#179,#593,#595,.T.);
#593 = VERTEX_POINT('',#594);
#594 = CARTESIAN_POINT('',(10.4,-4.,11.15));
#595 = LINE('',#596,#597);
#596 = CARTESIAN_POINT('',(10.4,-4.,9.6));
#597 = VECTOR('',#598,1.);
#598 = DIRECTION('',(0.,0.,1.));
#599 = ORIENTED_EDGE('',*,*,#600,.T.);
#600 = EDGE_CURVE('',#593,#593,#601,.T.);
#601 = CIRCLE('',#602,2.4);
#602 = AXIS2_PLACEMENT_3D('',#603,#604,#605);
#603 = CARTESIAN_POINT('',(8.,-4.,11.15));
#604 = DIRECTION('',(0.,0.,1.));
#605 = DIRECTION('',(1.,0.,0.));
#606 = ORIENTED_EDGE('',*,*,#592,.F.);
#607 = ORIENTED_EDGE('',*,*,#178,.F.);
#608 = CYLINDRICAL_SURFACE('',#609,2.4);
#609 = AXIS2_PLACEMENT_3D('',#610,#611,#612);
#610 = CARTESIAN_POINT('',(8.,-4.,9.6));
#611 = DIRECTION('',(-0.,-0.,-1.));
#612 = DIRECTION('',(1.,0.,0.));
#613 = ADVANCED_FACE('',(#614),#633,.T.);
#614 = FACE_BOUND('',#615,.F.);
#615 = EDGE_LOOP('',(#616,#624,#631,#632));
#616 = ORIENTED_EDGE('',*,*,#617,.T.);
#617 = EDGE_CURVE('',#190,#618,#620,.T.);
#618 = VERTEX_POINT('',#619);
#619 = CARTESIAN_POINT('',(-5.6,4.,11.15));
#620 = LINE('',#621,#622);
#621 = CARTESIAN_POINT('',(-5.6,4.,9.6));
#622 = VECTOR('',#623,1.);
#623 = DIRECTION('',(0.,0.,1.));
#624 = ORIENTED_EDGE('',*,*,#625,.T.);
#625 = EDGE_CURVE('',#618,#618,#626,.T.);
#626 = CIRCLE('',#627,2.4);
#627 = AXIS2_PLACEMENT_3D('',#628,#629,#630);
#628 = CARTESIAN_POINT('',(-8.,4.,11.15));
#629 = DIRECTION('',(0.,0.,1.));
#630 = DIRECTION('',(1.,0.,0.));
#631 = ORIENTED_EDGE('',*,*,#617,.F.);
#632 = ORIENTED_EDGE('',*,*,#189,.F.);
#633 = CYLINDRICAL_SURFACE('',#634,2.4);
#634 = AXIS2_PLACEMENT_3D('',#635,#636,#637);
#635 = CARTESIAN_POINT('',(-8.,4.,9.6));
#636 = DIRECTION('',(-0.,-0.,-1.));
#637 = DIRECTION('',(1.,0.,0.));
#638 = ADVANCED_FACE('',(#639),#658,.T.);
#639 = FACE_BOUND('',#640,.F.);
#640 = EDGE_LOOP('',(#641,#649,#656,#657));
#641 = ORIENTED_EDGE('',*,*,#642,.T.);
#642 = EDGE_CURVE('',#201,#643,#645,.T.);
#643 = VERTEX_POINT('',#644);
#644 = CARTESIAN_POINT('',(-5.6,12.,11.15));
#645 = LINE('',#646,#647);
#646 = CARTESIAN_POINT('',(-5.6,12.,9.6));
#647 = VECTOR('',#648,1.);
#648 = DIRECTION('',(0.,0.,1.));
#649 = ORIENTED_EDGE('',*,*,#650,.T.);
#650 = EDGE_CURVE('',#643,#643,#651,.T.);
#651 = CIRCLE('',#652,2.4);
#652 = AXIS2_PLACEMENT_3D('',#653,#654,#655);
#653 = CARTESIAN_POINT('',(-8.,12.,11.15));
#654 = DIRECTION('',(0.,0.,1.));
#655 = DIRECTION('',(1.,0.,0.));
#656 = ORIENTED_EDGE('',*,*,#642,.F.);
#657 = ORIENTED_EDGE('',*,*,#200,.F.);
#658 = CYLINDRICAL_SURFACE('',#659,2.4);
#659 = AXIS2_PLACEMENT_3D('',#660,#661,#662);
#660 = CARTESIAN_POINT('',(-8.,12.,9.6));
#661 = DIRECTION('',(-0.,-0.,-1.));
#662 = DIRECTION('',(1.,0.,0.));
#663 = ADVANCED_FACE('',(#664),#683,.T.);
#664 = FACE_BOUND('',#665,.F.);
#665 = EDGE_LOOP('',(#666,#674,#681,#682));
#666 = ORIENTED_EDGE('',*,*,#667,.T.);
#667 = EDGE_CURVE('',#212,#668,#670,.T.);
#668 = VERTEX_POINT('',#669);
#669 = CARTESIAN_POINT('',(-5.6,20.,11.15));
#670 = LINE('',#671,#672);
#671 = CARTESIAN_POINT('',(-5.6,20.,9.6));
#672 = VECTOR('',#673,1.);
#673 = DIRECTION('',(0.,0.,1.));
#674 = ORIENTED_EDGE('',*,*,#675,.T.);
#675 = EDGE_CURVE('',#668,#668,#676,.T.);
#676 = CIRCLE('',#677,2.4);
#677 = AXIS2_PLACEMENT_3D('',#678,#679,#680);
#678 = CARTESIAN_POINT('',(-8.,20.,11.15));
#679 = DIRECTION('',(0.,0.,1.));
#680 = DIRECTION('',(1.,0.,0.));
#681 = ORIENTED_EDGE('',*,*,#667,.F.);
#682 = ORIENTED_EDGE('',*,*,#211,.F.);
#683 = CYLINDRICAL_SURFACE('',#684,2.4);
#684 = AXIS2_PLACEMENT_3D('',#685,#686,#687);
#685 = CARTESIAN_POINT('',(-8.,20.,9.6));
#686 = DIRECTION('',(-0.,-0.,-1.));
#687 = DIRECTION('',(1.,0.,0.));
#688 = ADVANCED_FACE('',(#689),#708,.T.);
#689 = FACE_BOUND('',#690,.F.);
#690 = EDGE_LOOP('',(#691,#699,#706,#707));
#691 = ORIENTED_EDGE('',*,*,#692,.T.);
#692 = EDGE_CURVE('',#223,#693,#695,.T.);
#693 = VERTEX_POINT('',#694);
#694 = CARTESIAN_POINT('',(2.4,4.,11.15));
#695 = LINE('',#696,#697);
#696 = CARTESIAN_POINT('',(2.4,4.,9.6));
#697 = VECTOR('',#698,1.);
#698 = DIRECTION('',(0.,0.,1.));
#699 = ORIENTED_EDGE('',*,*,#700,.T.);
#700 = EDGE_CURVE('',#693,#693,#701,.T.);
#701 = CIRCLE('',#702,2.4);
#702 = AXIS2_PLACEMENT_3D('',#703,#704,#705);
#703 = CARTESIAN_POINT('',(0.,4.,11.15));
#704 = DIRECTION('',(0.,0.,1.));
#705 = DIRECTION('',(1.,0.,0.));
#706 = ORIENTED_EDGE('',*,*,#692,.F.);
#707 = ORIENTED_EDGE('',*,*,#222,.F.);
#708 = CYLINDRICAL_SURFACE('',#709,2.4);
#709 = AXIS2_PLACEMENT_3D('',#710,#711,#712);
#710 = CARTESIAN_POINT('',(0.,4.,9.6));
#711 = DIRECTION('',(-0.,-0.,-1.));
#712 = DIRECTION('',(1.,0.,0.));
#713 = ADVANCED_FACE('',(#714),#733,.T.);
#714 = FACE_BOUND('',#715,.F.);
#715 = EDGE_LOOP('',(#716,#724,#731,#732));
#716 = ORIENTED_EDGE('',*,*,#717,.T.);
#717 = EDGE_CURVE('',#234,#718,#720,.T.);
#718 = VERTEX_POINT('',#719);
#719 = CARTESIAN_POINT('',(10.4,4.,11.15));
#720 = LINE('',#721,#722);
#721 = CARTESIAN_POINT('',(10.4,4.,9.6));
#722 = VECTOR('',#723,1.);
#723 = DIRECTION('',(0.,0.,1.));
#724 = ORIENTED_EDGE('',*,*,#725,.T.);
#725 = EDGE_CURVE('',#718,#718,#726,.T.);
#726 = CIRCLE('',#727,2.4);
#727 = AXIS2_PLACEMENT_3D('',#728,#729,#730);
#728 = CARTESIAN_POINT('',(8.,4.,11.15));
#729 = DIRECTION('',(0.,0.,1.));
#730 = DIRECTION('',(1.,0.,0.));
#731 = ORIENTED_EDGE('',*,*,#717,.F.);
#732 = ORIENTED_EDGE('',*,*,#233,.F.);
#733 = CYLINDRICAL_SURFACE('',#734,2.4);
#734 = AXIS2_PLACEMENT_3D('',#735,#736,#737);
#735 = CARTESIAN_POINT('',(8.,4.,9.6));
#736 = DIRECTION('',(-0.,-0.,-1.));
#737 = DIRECTION('',(1.,0.,0.));
#738 = ADVANCED_FACE('',(#739),#742,.T.);
#739 = FACE_BOUND('',#740,.T.);
#740 = EDGE_LOOP('',(#741));
#741 = ORIENTED_EDGE('',*,*,#250,.T.);
#742 = PLANE('',#743);
#743 = AXIS2_PLACEMENT_3D('',#744,#745,#746);
#744 = CARTESIAN_POINT('',(-8.,-20.,11.4));
#745 = DIRECTION('',(0.,0.,1.));
#746 = DIRECTION('',(1.,0.,0.));
#747 = ADVANCED_FACE('',(#748,#758),#968,.T.);
#748 = FACE_BOUND('',#749,.T.);
#749 = EDGE_LOOP('',(#750,#751,#752,#753,#754,#755,#756,#757));
#750 = ORIENTED_EDGE('',*,*,#292,.T.);
#751 = ORIENTED_EDGE('',*,*,#330,.T.);
#752 = ORIENTED_EDGE('',*,*,#386,.F.);
#753 = ORIENTED_EDGE('',*,*,#426,.T.);
#754 = ORIENTED_EDGE('',*,*,#451,.F.);
#755 = ORIENTED_EDGE('',*,*,#402,.F.);
#756 = ORIENTED_EDGE('',*,*,#355,.F.);
#757 = ORIENTED_EDGE('',*,*,#306,.F.);
#758 = FACE_BOUND('',#759,.T.);
#759 = EDGE_LOOP('',(#760,#770,#778,#786,#794,#802,#810,#818,#826,#834,
    #842,#850,#858,#866,#874,#882,#890,#898,#906,#914,#922,#930,#938,
    #946,#954,#962));
#760 = ORIENTED_EDGE('',*,*,#761,.F.);
#761 = EDGE_CURVE('',#762,#764,#766,.T.);
#762 = VERTEX_POINT('',#763);
#763 = CARTESIAN_POINT('',(-10.64,-22.64,0.));
#764 = VERTEX_POINT('',#765);
#765 = CARTESIAN_POINT('',(-10.64,-17.36,0.));
#766 = LINE('',#767,#768);
#767 = CARTESIAN_POINT('',(-10.64,-22.64,0.));
#768 = VECTOR('',#769,1.);
#769 = DIRECTION('',(0.,1.,0.));
#770 = ORIENTED_EDGE('',*,*,#771,.T.);
#771 = EDGE_CURVE('',#762,#772,#774,.T.);
#772 = VERTEX_POINT('',#773);
#773 = CARTESIAN_POINT('',(2.64,-22.64,0.));
#774 = LINE('',#775,#776);
#775 = CARTESIAN_POINT('',(-10.64,-22.64,0.));
#776 = VECTOR('',#777,1.);
#777 = DIRECTION('',(1.,0.,0.));
#778 = ORIENTED_EDGE('',*,*,#779,.T.);
#779 = EDGE_CURVE('',#772,#780,#782,.T.);
#780 = VERTEX_POINT('',#781);
#781 = CARTESIAN_POINT('',(2.64,-17.36,0.));
#782 = LINE('',#783,#784);
#783 = CARTESIAN_POINT('',(2.64,-22.64,0.));
#784 = VECTOR('',#785,1.);
#785 = DIRECTION('',(0.,1.,0.));
#786 = ORIENTED_EDGE('',*,*,#787,.T.);
#787 = EDGE_CURVE('',#780,#788,#790,.T.);
#788 = VERTEX_POINT('',#789);
#789 = CARTESIAN_POINT('',(2.64,-14.64,0.));
#790 = LINE('',#791,#792);
#791 = CARTESIAN_POINT('',(2.64,-17.36,0.));
#792 = VECTOR('',#793,1.);
#793 = DIRECTION('',(0.,1.,0.));
#794 = ORIENTED_EDGE('',*,*,#795,.T.);
#795 = EDGE_CURVE('',#788,#796,#798,.T.);
#796 = VERTEX_POINT('',#797);
#797 = CARTESIAN_POINT('',(2.64,-9.36,0.));
#798 = LINE('',#799,#800);
#799 = CARTESIAN_POINT('',(2.64,-14.64,0.));
#800 = VECTOR('',#801,1.);
#801 = DIRECTION('',(0.,1.,0.));
#802 = ORIENTED_EDGE('',*,*,#803,.T.);
#803 = EDGE_CURVE('',#796,#804,#806,.T.);
#804 = VERTEX_POINT('',#805);
#805 = CARTESIAN_POINT('',(2.64,-6.64,0.));
#806 = LINE('',#807,#808);
#807 = CARTESIAN_POINT('',(2.64,-9.36,0.));
#808 = VECTOR('',#809,1.);
#809 = DIRECTION('',(0.,1.,0.));
#810 = ORIENTED_EDGE('',*,*,#811,.T.);
#811 = EDGE_CURVE('',#804,#812,#814,.T.);
#812 = VERTEX_POINT('',#813);
#813 = CARTESIAN_POINT('',(10.64,-6.64,0.));
#814 = LINE('',#815,#816);
#815 = CARTESIAN_POINT('',(-10.64,-6.64,0.));
#816 = VECTOR('',#817,1.);
#817 = DIRECTION('',(1.,0.,0.));
#818 = ORIENTED_EDGE('',*,*,#819,.T.);
#819 = EDGE_CURVE('',#812,#820,#822,.T.);
#820 = VERTEX_POINT('',#821);
#821 = CARTESIAN_POINT('',(10.64,-1.36,0.));
#822 = LINE('',#823,#824);
#823 = CARTESIAN_POINT('',(10.64,-6.64,0.));
#824 = VECTOR('',#825,1.);
#825 = DIRECTION('',(0.,1.,0.));
#826 = ORIENTED_EDGE('',*,*,#827,.T.);
#827 = EDGE_CURVE('',#820,#828,#830,.T.);
#828 = VERTEX_POINT('',#829);
#829 = CARTESIAN_POINT('',(10.64,1.36,0.));
#830 = LINE('',#831,#832);
#831 = CARTESIAN_POINT('',(10.64,-1.36,0.));
#832 = VECTOR('',#833,1.);
#833 = DIRECTION('',(0.,1.,0.));
#834 = ORIENTED_EDGE('',*,*,#835,.T.);
#835 = EDGE_CURVE('',#828,#836,#838,.T.);
#836 = VERTEX_POINT('',#837);
#837 = CARTESIAN_POINT('',(10.64,6.64,0.));
#838 = LINE('',#839,#840);
#839 = CARTESIAN_POINT('',(10.64,1.36,0.));
#840 = VECTOR('',#841,1.);
#841 = DIRECTION('',(0.,1.,0.));
#842 = ORIENTED_EDGE('',*,*,#843,.F.);
#843 = EDGE_CURVE('',#844,#836,#846,.T.);
#844 = VERTEX_POINT('',#845);
#845 = CARTESIAN_POINT('',(-5.36,6.64,0.));
#846 = LINE('',#847,#848);
#847 = CARTESIAN_POINT('',(-10.64,6.64,0.));
#848 = VECTOR('',#849,1.);
#849 = DIRECTION('',(1.,0.,0.));
#850 = ORIENTED_EDGE('',*,*,#851,.T.);
#851 = EDGE_CURVE('',#844,#852,#854,.T.);
#852 = VERTEX_POINT('',#853);
#853 = CARTESIAN_POINT('',(-5.36,9.36,0.));
#854 = LINE('',#855,#856);
#855 = CARTESIAN_POINT('',(-5.36,6.64,0.));
#856 = VECTOR('',#857,1.);
#857 = DIRECTION('',(0.,1.,0.));
#858 = ORIENTED_EDGE('',*,*,#859,.T.);
#859 = EDGE_CURVE('',#852,#860,#862,.T.);
#860 = VERTEX_POINT('',#861);
#861 = CARTESIAN_POINT('',(-5.36,14.64,0.));
#862 = LINE('',#863,#864);
#863 = CARTESIAN_POINT('',(-5.36,9.36,0.));
#864 = VECTOR('',#865,1.);
#865 = DIRECTION('',(0.,1.,0.));
#866 = ORIENTED_EDGE('',*,*,#867,.T.);
#867 = EDGE_CURVE('',#860,#868,#870,.T.);
#868 = VERTEX_POINT('',#869);
#869 = CARTESIAN_POINT('',(-5.36,17.36,0.));
#870 = LINE('',#871,#872);
#871 = CARTESIAN_POINT('',(-5.36,14.64,0.));
#872 = VECTOR('',#873,1.);
#873 = DIRECTION('',(0.,1.,0.));
#874 = ORIENTED_EDGE('',*,*,#875,.T.);
#875 = EDGE_CURVE('',#868,#876,#878,.T.);
#876 = VERTEX_POINT('',#877);
#877 = CARTESIAN_POINT('',(-5.36,22.64,0.));
#878 = LINE('',#879,#880);
#879 = CARTESIAN_POINT('',(-5.36,17.36,0.));
#880 = VECTOR('',#881,1.);
#881 = DIRECTION('',(0.,1.,0.));
#882 = ORIENTED_EDGE('',*,*,#883,.F.);
#883 = EDGE_CURVE('',#884,#876,#886,.T.);
#884 = VERTEX_POINT('',#885);
#885 = CARTESIAN_POINT('',(-10.64,22.64,0.));
#886 = LINE('',#887,#888);
#887 = CARTESIAN_POINT('',(-10.64,22.64,0.));
#888 = VECTOR('',#889,1.);
#889 = DIRECTION('',(1.,0.,0.));
#890 = ORIENTED_EDGE('',*,*,#891,.F.);
#891 = EDGE_CURVE('',#892,#884,#894,.T.);
#892 = VERTEX_POINT('',#893);
#893 = CARTESIAN_POINT('',(-10.64,17.36,0.));
#894 = LINE('',#895,#896);
#895 = CARTESIAN_POINT('',(-10.64,17.36,0.));
#896 = VECTOR('',#897,1.);
#897 = DIRECTION('',(0.,1.,0.));
#898 = ORIENTED_EDGE('',*,*,#899,.F.);
#899 = EDGE_CURVE('',#900,#892,#902,.T.);
#900 = VERTEX_POINT('',#901);
#901 = CARTESIAN_POINT('',(-10.64,14.64,0.));
#902 = LINE('',#903,#904);
#903 = CARTESIAN_POINT('',(-10.64,14.64,0.));
#904 = VECTOR('',#905,1.);
#905 = DIRECTION('',(0.,1.,0.));
#906 = ORIENTED_EDGE('',*,*,#907,.F.);
#907 = EDGE_CURVE('',#908,#900,#910,.T.);
#908 = VERTEX_POINT('',#909);
#909 = CARTESIAN_POINT('',(-10.64,9.36,0.));
#910 = LINE('',#911,#912);
#911 = CARTESIAN_POINT('',(-10.64,9.36,0.));
#912 = VECTOR('',#913,1.);
#913 = DIRECTION('',(0.,1.,0.));
#914 = ORIENTED_EDGE('',*,*,#915,.F.);
#915 = EDGE_CURVE('',#916,#908,#918,.T.);
#916 = VERTEX_POINT('',#917);
#917 = CARTESIAN_POINT('',(-10.64,6.64,0.));
#918 = LINE('',#919,#920);
#919 = CARTESIAN_POINT('',(-10.64,6.64,0.));
#920 = VECTOR('',#921,1.);
#921 = DIRECTION('',(0.,1.,0.));
#922 = ORIENTED_EDGE('',*,*,#923,.F.);
#923 = EDGE_CURVE('',#924,#916,#926,.T.);
#924 = VERTEX_POINT('',#925);
#925 = CARTESIAN_POINT('',(-10.64,1.36,0.));
#926 = LINE('',#927,#928);
#927 = CARTESIAN_POINT('',(-10.64,1.36,0.));
#928 = VECTOR('',#929,1.);
#929 = DIRECTION('',(0.,1.,0.));
#930 = ORIENTED_EDGE('',*,*,#931,.F.);
#931 = EDGE_CURVE('',#932,#924,#934,.T.);
#932 = VERTEX_POINT('',#933);
#933 = CARTESIAN_POINT('',(-10.64,-1.36,0.));
#934 = LINE('',#935,#936);
#935 = CARTESIAN_POINT('',(-10.64,-1.36,0.));
#936 = VECTOR('',#937,1.);
#937 = DIRECTION('',(0.,1.,0.));
#938 = ORIENTED_EDGE('',*,*,#939,.F.);
#939 = EDGE_CURVE('',#940,#932,#942,.T.);
#940 = VERTEX_POINT('',#941);
#941 = CARTESIAN_POINT('',(-10.64,-6.64,0.));
#942 = LINE('',#943,#944);
#943 = CARTESIAN_POINT('',(-10.64,-6.64,0.));
#944 = VECTOR('',#945,1.);
#945 = DIRECTION('',(0.,1.,0.));
#946 = ORIENTED_EDGE('',*,*,#947,.F.);
#947 = EDGE_CURVE('',#948,#940,#950,.T.);
#948 = VERTEX_POINT('',#949);
#949 = CARTESIAN_POINT('',(-10.64,-9.36,0.));
#950 = LINE('',#951,#952);
#951 = CARTESIAN_POINT('',(-10.64,-9.36,0.));
#952 = VECTOR('',#953,1.);
#953 = DIRECTION('',(0.,1.,0.));
#954 = ORIENTED_EDGE('',*,*,#955,.F.);
#955 = EDGE_CURVE('',#956,#948,#958,.T.);
#956 = VERTEX_POINT('',#957);
#957 = CARTESIAN_POINT('',(-10.64,-14.64,0.));
#958 = LINE('',#959,#960);
#959 = CARTESIAN_POINT('',(-10.64,-14.64,0.));
#960 = VECTOR('',#961,1.);
#961 = DIRECTION('',(0.,1.,0.));
#962 = ORIENTED_EDGE('',*,*,#963,.F.);
#963 = EDGE_CURVE('',#764,#956,#964,.T.);
#964 = LINE('',#965,#966);
#965 = CARTESIAN_POINT('',(-10.64,-17.36,0.));
#966 = VECTOR('',#967,1.);
#967 = DIRECTION('',(0.,1.,0.));
#968 = PLANE('',#969);
#969 = AXIS2_PLACEMENT_3D('',#970,#971,#972);
#970 = CARTESIAN_POINT('',(-2.68156424581,-0.893854748603,0.));
#971 = DIRECTION('',(-0.,-0.,-1.));
#972 = DIRECTION('',(-1.,0.,0.));
#973 = ADVANCED_FACE('',(#974),#993,.T.);
#974 = FACE_BOUND('',#975,.T.);
#975 = EDGE_LOOP('',(#976,#985,#991,#992));
#976 = ORIENTED_EDGE('',*,*,#977,.F.);
#977 = EDGE_CURVE('',#978,#978,#980,.T.);
#978 = VERTEX_POINT('',#979);
#979 = CARTESIAN_POINT('',(-5.85,-12.,11.4));
#980 = CIRCLE('',#981,2.15);
#981 = AXIS2_PLACEMENT_3D('',#982,#983,#984);
#982 = CARTESIAN_POINT('',(-8.,-12.,11.4));
#983 = DIRECTION('',(0.,0.,1.));
#984 = DIRECTION('',(1.,0.,0.));
#985 = ORIENTED_EDGE('',*,*,#986,.F.);
#986 = EDGE_CURVE('',#468,#978,#987,.T.);
#987 = LINE('',#988,#989);
#988 = CARTESIAN_POINT('',(-5.6,-12.,11.15));
#989 = VECTOR('',#990,1.);
#990 = DIRECTION('',(-0.707106781187,1.731912112471E-16,0.707106781187)
  );
#991 = ORIENTED_EDGE('',*,*,#475,.T.);
#992 = ORIENTED_EDGE('',*,*,#986,.T.);
#993 = CONICAL_SURFACE('',#994,2.4,0.785398163397);
#994 = AXIS2_PLACEMENT_3D('',#995,#996,#997);
#995 = CARTESIAN_POINT('',(-8.,-12.,11.15));
#996 = DIRECTION('',(-0.,-0.,-1.));
#997 = DIRECTION('',(1.,0.,0.));
#998 = ADVANCED_FACE('',(#999),#1018,.T.);
#999 = FACE_BOUND('',#1000,.T.);
#1000 = EDGE_LOOP('',(#1001,#1010,#1016,#1017));
#1001 = ORIENTED_EDGE('',*,*,#1002,.F.);
#1002 = EDGE_CURVE('',#1003,#1003,#1005,.T.);
#1003 = VERTEX_POINT('',#1004);
#1004 = CARTESIAN_POINT('',(-5.85,-4.,11.4));
#1005 = CIRCLE('',#1006,2.15);
#1006 = AXIS2_PLACEMENT_3D('',#1007,#1008,#1009);
#1007 = CARTESIAN_POINT('',(-8.,-4.,11.4));
#1008 = DIRECTION('',(0.,0.,1.));
#1009 = DIRECTION('',(1.,0.,0.));
#1010 = ORIENTED_EDGE('',*,*,#1011,.F.);
#1011 = EDGE_CURVE('',#493,#1003,#1012,.T.);
#1012 = LINE('',#1013,#1014);
#1013 = CARTESIAN_POINT('',(-5.6,-4.,11.15));
#1014 = VECTOR('',#1015,1.);
#1015 = DIRECTION('',(-0.707106781187,1.731912112471E-16,0.707106781187)
  );
#1016 = ORIENTED_EDGE('',*,*,#500,.T.);
#1017 = ORIENTED_EDGE('',*,*,#1011,.T.);
#1018 = CONICAL_SURFACE('',#1019,2.4,0.785398163397);
#1019 = AXIS2_PLACEMENT_3D('',#1020,#1021,#1022);
#1020 = CARTESIAN_POINT('',(-8.,-4.,11.15));
#1021 = DIRECTION('',(-0.,-0.,-1.));
#1022 = DIRECTION('',(1.,0.,0.));
#1023 = ADVANCED_FACE('',(#1024),#1043,.T.);
#1024 = FACE_BOUND('',#1025,.T.);
#1025 = EDGE_LOOP('',(#1026,#1035,#1041,#1042));
#1026 = ORIENTED_EDGE('',*,*,#1027,.F.);
#1027 = EDGE_CURVE('',#1028,#1028,#1030,.T.);
#1028 = VERTEX_POINT('',#1029);
#1029 = CARTESIAN_POINT('',(2.15,-20.,11.4));
#1030 = CIRCLE('',#1031,2.15);
#1031 = AXIS2_PLACEMENT_3D('',#1032,#1033,#1034);
#1032 = CARTESIAN_POINT('',(0.,-20.,11.4));
#1033 = DIRECTION('',(0.,0.,1.));
#1034 = DIRECTION('',(1.,0.,0.));
#1035 = ORIENTED_EDGE('',*,*,#1036,.F.);
#1036 = EDGE_CURVE('',#518,#1028,#1037,.T.);
#1037 = LINE('',#1038,#1039);
#1038 = CARTESIAN_POINT('',(2.4,-20.,11.15));
#1039 = VECTOR('',#1040,1.);
#1040 = DIRECTION('',(-0.707106781187,1.731912112471E-16,0.707106781187)
  );
#1041 = ORIENTED_EDGE('',*,*,#525,.T.);
#1042 = ORIENTED_EDGE('',*,*,#1036,.T.);
#1043 = CONICAL_SURFACE('',#1044,2.4,0.785398163397);
#1044 = AXIS2_PLACEMENT_3D('',#1045,#1046,#1047);
#1045 = CARTESIAN_POINT('',(0.,-20.,11.15));
#1046 = DIRECTION('',(-0.,-0.,-1.));
#1047 = DIRECTION('',(1.,0.,0.));
#1048 = ADVANCED_FACE('',(#1049),#1068,.T.);
#1049 = FACE_BOUND('',#1050,.T.);
#1050 = EDGE_LOOP('',(#1051,#1060,#1066,#1067));
#1051 = ORIENTED_EDGE('',*,*,#1052,.F.);
#1052 = EDGE_CURVE('',#1053,#1053,#1055,.T.);
#1053 = VERTEX_POINT('',#1054);
#1054 = CARTESIAN_POINT('',(2.15,-12.,11.4));
#1055 = CIRCLE('',#1056,2.15);
#1056 = AXIS2_PLACEMENT_3D('',#1057,#1058,#1059);
#1057 = CARTESIAN_POINT('',(0.,-12.,11.4));
#1058 = DIRECTION('',(0.,0.,1.));
#1059 = DIRECTION('',(1.,0.,0.));
#1060 = ORIENTED_EDGE('',*,*,#1061,.F.);
#1061 = EDGE_CURVE('',#543,#1053,#1062,.T.);
#1062 = LINE('',#1063,#1064);
#1063 = CARTESIAN_POINT('',(2.4,-12.,11.15));
#1064 = VECTOR('',#1065,1.);
#1065 = DIRECTION('',(-0.707106781187,1.731912112471E-16,0.707106781187)
  );
#1066 = ORIENTED_EDGE('',*,*,#550,.T.);
#1067 = ORIENTED_EDGE('',*,*,#1061,.T.);
#1068 = CONICAL_SURFACE('',#1069,2.4,0.785398163397);
#1069 = AXIS2_PLACEMENT_3D('',#1070,#1071,#1072);
#1070 = CARTESIAN_POINT('',(0.,-12.,11.15));
#1071 = DIRECTION('',(-0.,-0.,-1.));
#1072 = DIRECTION('',(1.,0.,0.));
#1073 = ADVANCED_FACE('',(#1074),#1093,.T.);
#1074 = FACE_BOUND('',#1075,.T.);
#1075 = EDGE_LOOP('',(#1076,#1085,#1091,#1092));
#1076 = ORIENTED_EDGE('',*,*,#1077,.F.);
#1077 = EDGE_CURVE('',#1078,#1078,#1080,.T.);
#1078 = VERTEX_POINT('',#1079);
#1079 = CARTESIAN_POINT('',(2.15,-4.,11.4));
#1080 = CIRCLE('',#1081,2.15);
#1081 = AXIS2_PLACEMENT_3D('',#1082,#1083,#1084);
#1082 = CARTESIAN_POINT('',(0.,-4.,11.4));
#1083 = DIRECTION('',(0.,0.,1.));
#1084 = DIRECTION('',(1.,0.,0.));
#1085 = ORIENTED_EDGE('',*,*,#1086,.F.);
#1086 = EDGE_CURVE('',#568,#1078,#1087,.T.);
#1087 = LINE('',#1088,#1089);
#1088 = CARTESIAN_POINT('',(2.4,-4.,11.15));
#1089 = VECTOR('',#1090,1.);
#1090 = DIRECTION('',(-0.707106781187,1.731912112471E-16,0.707106781187)
  );
#1091 = ORIENTED_EDGE('',*,*,#575,.T.);
#1092 = ORIENTED_EDGE('',*,*,#1086,.T.);
#1093 = CONICAL_SURFACE('',#1094,2.4,0.785398163397);
#1094 = AXIS2_PLACEMENT_3D('',#1095,#1096,#1097);
#1095 = CARTESIAN_POINT('',(0.,-4.,11.15));
#1096 = DIRECTION('',(-0.,-0.,-1.));
#1097 = DIRECTION('',(1.,0.,0.));
#1098 = ADVANCED_FACE('',(#1099),#1118,.T.);
#1099 = FACE_BOUND('',#1100,.T.);
#1100 = EDGE_LOOP('',(#1101,#1110,#1116,#1117));
#1101 = ORIENTED_EDGE('',*,*,#1102,.F.);
#1102 = EDGE_CURVE('',#1103,#1103,#1105,.T.);
#1103 = VERTEX_POINT('',#1104);
#1104 = CARTESIAN_POINT('',(10.15,-4.,11.4));
#1105 = CIRCLE('',#1106,2.15);
#1106 = AXIS2_PLACEMENT_3D('',#1107,#1108,#1109);
#1107 = CARTESIAN_POINT('',(8.,-4.,11.4));
#1108 = DIRECTION('',(0.,0.,1.));
#1109 = DIRECTION('',(1.,0.,0.));
#1110 = ORIENTED_EDGE('',*,*,#1111,.F.);
#1111 = EDGE_CURVE('',#593,#1103,#1112,.T.);
#1112 = LINE('',#1113,#1114);
#1113 = CARTESIAN_POINT('',(10.4,-4.,11.15));
#1114 = VECTOR('',#1115,1.);
#1115 = DIRECTION('',(-0.707106781187,1.731912112471E-16,0.707106781187)
  );
#1116 = ORIENTED_EDGE('',*,*,#600,.T.);
#1117 = ORIENTED_EDGE('',*,*,#1111,.T.);
#1118 = CONICAL_SURFACE('',#1119,2.4,0.785398163397);
#1119 = AXIS2_PLACEMENT_3D('',#1120,#1121,#1122);
#1120 = CARTESIAN_POINT('',(8.,-4.,11.15));
#1121 = DIRECTION('',(-0.,-0.,-1.));
#1122 = DIRECTION('',(1.,0.,0.));
#1123 = ADVANCED_FACE('',(#1124),#1143,.T.);
#1124 = FACE_BOUND('',#1125,.T.);
#1125 = EDGE_LOOP('',(#1126,#1135,#1141,#1142));
#1126 = ORIENTED_EDGE('',*,*,#1127,.F.);
#1127 = EDGE_CURVE('',#1128,#1128,#1130,.T.);
#1128 = VERTEX_POINT('',#1129);
#1129 = CARTESIAN_POINT('',(-5.85,4.,11.4));
#1130 = CIRCLE('',#1131,2.15);
#1131 = AXIS2_PLACEMENT_3D('',#1132,#1133,#1134);
#1132 = CARTESIAN_POINT('',(-8.,4.,11.4));
#1133 = DIRECTION('',(0.,0.,1.));
#1134 = DIRECTION('',(1.,0.,0.));
#1135 = ORIENTED_EDGE('',*,*,#1136,.F.);
#1136 = EDGE_CURVE('',#618,#1128,#1137,.T.);
#1137 = LINE('',#1138,#1139);
#1138 = CARTESIAN_POINT('',(-5.6,4.,11.15));
#1139 = VECTOR('',#1140,1.);
#1140 = DIRECTION('',(-0.707106781187,1.731912112471E-16,0.707106781187)
  );
#1141 = ORIENTED_EDGE('',*,*,#625,.T.);
#1142 = ORIENTED_EDGE('',*,*,#1136,.T.);
#1143 = CONICAL_SURFACE('',#1144,2.4,0.785398163397);
#1144 = AXIS2_PLACEMENT_3D('',#1145,#1146,#1147);
#1145 = CARTESIAN_POINT('',(-8.,4.,11.15));
#1146 = DIRECTION('',(-0.,-0.,-1.));
#1147 = DIRECTION('',(1.,0.,0.));
#1148 = ADVANCED_FACE('',(#1149),#1168,.T.);
#1149 = FACE_BOUND('',#1150,.T.);
#1150 = EDGE_LOOP('',(#1151,#1160,#1166,#1167));
#1151 = ORIENTED_EDGE('',*,*,#1152,.F.);
#1152 = EDGE_CURVE('',#1153,#1153,#1155,.T.);
#1153 = VERTEX_POINT('',#1154);
#1154 = CARTESIAN_POINT('',(-5.85,12.,11.4));
#1155 = CIRCLE('',#1156,2.15);
#1156 = AXIS2_PLACEMENT_3D('',#1157,#1158,#1159);
#1157 = CARTESIAN_POINT('',(-8.,12.,11.4));
#1158 = DIRECTION('',(0.,0.,1.));
#1159 = DIRECTION('',(1.,0.,0.));
#1160 = ORIENTED_EDGE('',*,*,#1161,.F.);
#1161 = EDGE_CURVE('',#643,#1153,#1162,.T.);
#1162 = LINE('',#1163,#1164);
#1163 = CARTESIAN_POINT('',(-5.6,12.,11.15));
#1164 = VECTOR('',#1165,1.);
#1165 = DIRECTION('',(-0.707106781187,1.731912112471E-16,0.707106781187)
  );
#1166 = ORIENTED_EDGE('',*,*,#650,.T.);
#1167 = ORIENTED_EDGE('',*,*,#1161,.T.);
#1168 = CONICAL_SURFACE('',#1169,2.4,0.785398163397);
#1169 = AXIS2_PLACEMENT_3D('',#1170,#1171,#1172);
#1170 = CARTESIAN_POINT('',(-8.,12.,11.15));
#1171 = DIRECTION('',(-0.,-0.,-1.));
#1172 = DIRECTION('',(1.,0.,0.));
#1173 = ADVANCED_FACE('',(#1174),#1193,.T.);
#1174 = FACE_BOUND('',#1175,.T.);
#1175 = EDGE_LOOP('',(#1176,#1185,#1191,#1192));
#1176 = ORIENTED_EDGE('',*,*,#1177,.F.);
#1177 = EDGE_CURVE('',#1178,#1178,#1180,.T.);
#1178 = VERTEX_POINT('',#1179);
#1179 = CARTESIAN_POINT('',(-5.85,20.,11.4));
#1180 = CIRCLE('',#1181,2.15);
#1181 = AXIS2_PLACEMENT_3D('',#1182,#1183,#1184);
#1182 = CARTESIAN_POINT('',(-8.,20.,11.4));
#1183 = DIRECTION('',(0.,0.,1.));
#1184 = DIRECTION('',(1.,0.,0.));
#1185 = ORIENTED_EDGE('',*,*,#1186,.F.);
#1186 = EDGE_CURVE('',#668,#1178,#1187,.T.);
#1187 = LINE('',#1188,#1189);
#1188 = CARTESIAN_POINT('',(-5.6,20.,11.15));
#1189 = VECTOR('',#1190,1.);
#1190 = DIRECTION('',(-0.707106781187,1.731912112471E-16,0.707106781187)
  );
#1191 = ORIENTED_EDGE('',*,*,#675,.T.);
#1192 = ORIENTED_EDGE('',*,*,#1186,.T.);
#1193 = CONICAL_SURFACE('',#1194,2.4,0.785398163397);
#1194 = AXIS2_PLACEMENT_3D('',#1195,#1196,#1197);
#1195 = CARTESIAN_POINT('',(-8.,20.,11.15));
#1196 = DIRECTION('',(-0.,-0.,-1.));
#1197 = DIRECTION('',(1.,0.,0.));
#1198 = ADVANCED_FACE('',(#1199),#1218,.T.);
#1199 = FACE_BOUND('',#1200,.T.);
#1200 = EDGE_LOOP('',(#1201,#1210,#1216,#1217));
#1201 = ORIENTED_EDGE('',*,*,#1202,.F.);
#1202 = EDGE_CURVE('',#1203,#1203,#1205,.T.);
#1203 = VERTEX_POINT('',#1204);
#1204 = CARTESIAN_POINT('',(2.15,4.,11.4));
#1205 = CIRCLE('',#1206,2.15);
#1206 = AXIS2_PLACEMENT_3D('',#1207,#1208,#1209);
#1207 = CARTESIAN_POINT('',(0.,4.,11.4));
#1208 = DIRECTION('',(0.,0.,1.));
#1209 = DIRECTION('',(1.,0.,0.));
#1210 = ORIENTED_EDGE('',*,*,#1211,.F.);
#1211 = EDGE_CURVE('',#693,#1203,#1212,.T.);
#1212 = LINE('',#1213,#1214);
#1213 = CARTESIAN_POINT('',(2.4,4.,11.15));
#1214 = VECTOR('',#1215,1.);
#1215 = DIRECTION('',(-0.707106781187,1.731912112471E-16,0.707106781187)
  );
#1216 = ORIENTED_EDGE('',*,*,#700,.T.);
#1217 = ORIENTED_EDGE('',*,*,#1211,.T.);
#1218 = CONICAL_SURFACE('',#1219,2.4,0.785398163397);
#1219 = AXIS2_PLACEMENT_3D('',#1220,#1221,#1222);
#1220 = CARTESIAN_POINT('',(0.,4.,11.15));
#1221 = DIRECTION('',(-0.,-0.,-1.));
#1222 = DIRECTION('',(1.,0.,0.));
#1223 = ADVANCED_FACE('',(#1224),#1243,.T.);
#1224 = FACE_BOUND('',#1225,.T.);
#1225 = EDGE_LOOP('',(#1226,#1235,#1241,#1242));
#1226 = ORIENTED_EDGE('',*,*,#1227,.F.);
#1227 = EDGE_CURVE('',#1228,#1228,#1230,.T.);
#1228 = VERTEX_POINT('',#1229);
#1229 = CARTESIAN_POINT('',(10.15,4.,11.4));
#1230 = CIRCLE('',#1231,2.15);
#1231 = AXIS2_PLACEMENT_3D('',#1232,#1233,#1234);
#1232 = CARTESIAN_POINT('',(8.,4.,11.4));
#1233 = DIRECTION('',(0.,0.,1.));
#1234 = DIRECTION('',(1.,0.,0.));
#1235 = ORIENTED_EDGE('',*,*,#1236,.F.);
#1236 = EDGE_CURVE('',#718,#1228,#1237,.T.);
#1237 = LINE('',#1238,#1239);
#1238 = CARTESIAN_POINT('',(10.4,4.,11.15));
#1239 = VECTOR('',#1240,1.);
#1240 = DIRECTION('',(-0.707106781187,1.731912112471E-16,0.707106781187)
  );
#1241 = ORIENTED_EDGE('',*,*,#725,.T.);
#1242 = ORIENTED_EDGE('',*,*,#1236,.T.);
#1243 = CONICAL_SURFACE('',#1244,2.4,0.785398163397);
#1244 = AXIS2_PLACEMENT_3D('',#1245,#1246,#1247);
#1245 = CARTESIAN_POINT('',(8.,4.,11.15));
#1246 = DIRECTION('',(-0.,-0.,-1.));
#1247 = DIRECTION('',(1.,0.,0.));
#1248 = ADVANCED_FACE('',(#1249),#1272,.F.);
#1249 = FACE_BOUND('',#1250,.F.);
#1250 = EDGE_LOOP('',(#1251,#1252,#1259,#1267));
#1251 = ORIENTED_EDGE('',*,*,#761,.F.);
#1252 = ORIENTED_EDGE('',*,*,#1253,.T.);
#1253 = EDGE_CURVE('',#762,#1254,#1256,.T.);
#1254 = VERTEX_POINT('',#1255);
#1255 = CARTESIAN_POINT('',(-10.44,-22.44,0.3));
#1256 = B_SPLINE_CURVE_WITH_KNOTS('',1,(#1257,#1258),.UNSPECIFIED.,.F.,
  .F.,(2,2),(0.,1.),.PIECEWISE_BEZIER_KNOTS.);
#1257 = CARTESIAN_POINT('',(-10.64,-22.64,0.));
#1258 = CARTESIAN_POINT('',(-10.44,-22.44,0.3));
#1259 = ORIENTED_EDGE('',*,*,#1260,.T.);
#1260 = EDGE_CURVE('',#1254,#1261,#1263,.T.);
#1261 = VERTEX_POINT('',#1262);
#1262 = CARTESIAN_POINT('',(-10.44,-17.56,0.3));
#1263 = LINE('',#1264,#1265);
#1264 = CARTESIAN_POINT('',(-10.44,-22.44,0.3));
#1265 = VECTOR('',#1266,1.);
#1266 = DIRECTION('',(0.,1.,0.));
#1267 = ORIENTED_EDGE('',*,*,#1268,.F.);
#1268 = EDGE_CURVE('',#764,#1261,#1269,.T.);
#1269 = B_SPLINE_CURVE_WITH_KNOTS('',1,(#1270,#1271),.UNSPECIFIED.,.F.,
  .F.,(2,2),(0.,1.),.PIECEWISE_BEZIER_KNOTS.);
#1270 = CARTESIAN_POINT('',(-10.64,-17.36,0.));
#1271 = CARTESIAN_POINT('',(-10.44,-17.56,0.3));
#1272 = B_SPLINE_SURFACE_WITH_KNOTS('',1,1,(
    (#1273,#1274)
    ,(#1275,#1276
    )),.UNSPECIFIED.,.F.,.F.,.F.,(2,2),(2,2),(-5.28,0.),(0.,1.),
  .PIECEWISE_BEZIER_KNOTS.);
#1273 = CARTESIAN_POINT('',(-10.64,-17.36,0.));
#1274 = CARTESIAN_POINT('',(-10.44,-17.56,0.3));
#1275 = CARTESIAN_POINT('',(-10.64,-22.64,0.));
#1276 = CARTESIAN_POINT('',(-10.44,-22.44,0.3));
#1277 = ADVANCED_FACE('',(#1278),#1295,.F.);
#1278 = FACE_BOUND('',#1279,.F.);
#1279 = EDGE_LOOP('',(#1280,#1281,#1282,#1290));
#1280 = ORIENTED_EDGE('',*,*,#963,.F.);
#1281 = ORIENTED_EDGE('',*,*,#1268,.T.);
#1282 = ORIENTED_EDGE('',*,*,#1283,.T.);
#1283 = EDGE_CURVE('',#1261,#1284,#1286,.T.);
#1284 = VERTEX_POINT('',#1285);
#1285 = CARTESIAN_POINT('',(-10.44,-14.44,0.3));
#1286 = LINE('',#1287,#1288);
#1287 = CARTESIAN_POINT('',(-10.44,-17.56,0.3));
#1288 = VECTOR('',#1289,1.);
#1289 = DIRECTION('',(0.,1.,0.));
#1290 = ORIENTED_EDGE('',*,*,#1291,.F.);
#1291 = EDGE_CURVE('',#956,#1284,#1292,.T.);
#1292 = B_SPLINE_CURVE_WITH_KNOTS('',1,(#1293,#1294),.UNSPECIFIED.,.F.,
  .F.,(2,2),(0.,1.),.PIECEWISE_BEZIER_KNOTS.);
#1293 = CARTESIAN_POINT('',(-10.64,-14.64,0.));
#1294 = CARTESIAN_POINT('',(-10.44,-14.44,0.3));
#1295 = B_SPLINE_SURFACE_WITH_KNOTS('',1,1,(
    (#1296,#1297)
    ,(#1298,#1299
    )),.UNSPECIFIED.,.F.,.F.,.F.,(2,2),(2,2),(-3.12,0.),(0.,1.),
  .PIECEWISE_BEZIER_KNOTS.);
#1296 = CARTESIAN_POINT('',(-10.64,-14.64,0.));
#1297 = CARTESIAN_POINT('',(-10.44,-14.44,0.3));
#1298 = CARTESIAN_POINT('',(-10.64,-17.36,0.));
#1299 = CARTESIAN_POINT('',(-10.44,-17.56,0.3));
#1300 = ADVANCED_FACE('',(#1301),#1318,.F.);
#1301 = FACE_BOUND('',#1302,.F.);
#1302 = EDGE_LOOP('',(#1303,#1304,#1305,#1313));
#1303 = ORIENTED_EDGE('',*,*,#955,.F.);
#1304 = ORIENTED_EDGE('',*,*,#1291,.T.);
#1305 = ORIENTED_EDGE('',*,*,#1306,.T.);
#1306 = EDGE_CURVE('',#1284,#1307,#1309,.T.);
#1307 = VERTEX_POINT('',#1308);
#1308 = CARTESIAN_POINT('',(-10.44,-9.56,0.3));
#1309 = LINE('',#1310,#1311);
#1310 = CARTESIAN_POINT('',(-10.44,-14.44,0.3));
#1311 = VECTOR('',#1312,1.);
#1312 = DIRECTION('',(0.,1.,0.));
#1313 = ORIENTED_EDGE('',*,*,#1314,.F.);
#1314 = EDGE_CURVE('',#948,#1307,#1315,.T.);
#1315 = B_SPLINE_CURVE_WITH_KNOTS('',1,(#1316,#1317),.UNSPECIFIED.,.F.,
  .F.,(2,2),(0.,1.),.PIECEWISE_BEZIER_KNOTS.);
#1316 = CARTESIAN_POINT('',(-10.64,-9.36,0.));
#1317 = CARTESIAN_POINT('',(-10.44,-9.56,0.3));
#1318 = B_SPLINE_SURFACE_WITH_KNOTS('',1,1,(
    (#1319,#1320)
    ,(#1321,#1322
    )),.UNSPECIFIED.,.F.,.F.,.F.,(2,2),(2,2),(-5.28,0.),(0.,1.),
  .PIECEWISE_BEZIER_KNOTS.);
#1319 = CARTESIAN_POINT('',(-10.64,-9.36,0.));
#1320 = CARTESIAN_POINT('',(-10.44,-9.56,0.3));
#1321 = CARTESIAN_POINT('',(-10.64,-14.64,0.));
#1322 = CARTESIAN_POINT('',(-10.44,-14.44,0.3));
#1323 = ADVANCED_FACE('',(#1324),#1341,.F.);
#1324 = FACE_BOUND('',#1325,.F.);
#1325 = EDGE_LOOP('',(#1326,#1327,#1328,#1336));
#1326 = ORIENTED_EDGE('',*,*,#947,.F.);
#1327 = ORIENTED_EDGE('',*,*,#1314,.T.);
#1328 = ORIENTED_EDGE('',*,*,#1329,.T.);
#1329 = EDGE_CURVE('',#1307,#1330,#1332,.T.);
#1330 = VERTEX_POINT('',#1331);
#1331 = CARTESIAN_POINT('',(-10.44,-6.44,0.3));
#1332 = LINE('',#1333,#1334);
#1333 = CARTESIAN_POINT('',(-10.44,-9.56,0.3));
#1334 = VECTOR('',#1335,1.);
#1335 = DIRECTION('',(0.,1.,0.));
#1336 = ORIENTED_EDGE('',*,*,#1337,.F.);
#1337 = EDGE_CURVE('',#940,#1330,#1338,.T.);
#1338 = B_SPLINE_CURVE_WITH_KNOTS('',1,(#1339,#1340),.UNSPECIFIED.,.F.,
  .F.,(2,2),(0.,1.),.PIECEWISE_BEZIER_KNOTS.);
#1339 = CARTESIAN_POINT('',(-10.64,-6.64,0.));
#1340 = CARTESIAN_POINT('',(-10.44,-6.44,0.3));
#1341 = B_SPLINE_SURFACE_WITH_KNOTS('',1,1,(
    (#1342,#1343)
    ,(#1344,#1345
    )),.UNSPECIFIED.,.F.,.F.,.F.,(2,2),(2,2),(-3.12,0.),(0.,1.),
  .PIECEWISE_BEZIER_KNOTS.);
#1342 = CARTESIAN_POINT('',(-10.64,-6.64,0.));
#1343 = CARTESIAN_POINT('',(-10.44,-6.44,0.3));
#1344 = CARTESIAN_POINT('',(-10.64,-9.36,0.));
#1345 = CARTESIAN_POINT('',(-10.44,-9.56,0.3));
#1346 = ADVANCED_FACE('',(#1347),#1364,.F.);
#1347 = FACE_BOUND('',#1348,.F.);
#1348 = EDGE_LOOP('',(#1349,#1350,#1351,#1359));
#1349 = ORIENTED_EDGE('',*,*,#939,.F.);
#1350 = ORIENTED_EDGE('',*,*,#1337,.T.);
#1351 = ORIENTED_EDGE('',*,*,#1352,.T.);
#1352 = EDGE_CURVE('',#1330,#1353,#1355,.T.);
#1353 = VERTEX_POINT('',#1354);
#1354 = CARTESIAN_POINT('',(-10.44,-1.56,0.3));
#1355 = LINE('',#1356,#1357);
#1356 = CARTESIAN_POINT('',(-10.44,-6.44,0.3));
#1357 = VECTOR('',#1358,1.);
#1358 = DIRECTION('',(0.,1.,0.));
#1359 = ORIENTED_EDGE('',*,*,#1360,.F.);
#1360 = EDGE_CURVE('',#932,#1353,#1361,.T.);
#1361 = B_SPLINE_CURVE_WITH_KNOTS('',1,(#1362,#1363),.UNSPECIFIED.,.F.,
  .F.,(2,2),(0.,1.),.PIECEWISE_BEZIER_KNOTS.);
#1362 = CARTESIAN_POINT('',(-10.64,-1.36,0.));
#1363 = CARTESIAN_POINT('',(-10.44,-1.56,0.3));
#1364 = B_SPLINE_SURFACE_WITH_KNOTS('',1,1,(
    (#1365,#1366)
    ,(#1367,#1368
    )),.UNSPECIFIED.,.F.,.F.,.F.,(2,2),(2,2),(-5.28,0.),(0.,1.),
  .PIECEWISE_BEZIER_KNOTS.);
#1365 = CARTESIAN_POINT('',(-10.64,-1.36,0.));
#1366 = CARTESIAN_POINT('',(-10.44,-1.56,0.3));
#1367 = CARTESIAN_POINT('',(-10.64,-6.64,0.));
#1368 = CARTESIAN_POINT('',(-10.44,-6.44,0.3));
#1369 = ADVANCED_FACE('',(#1370),#1387,.F.);
#1370 = FACE_BOUND('',#1371,.F.);
#1371 = EDGE_LOOP('',(#1372,#1373,#1374,#1382));
#1372 = ORIENTED_EDGE('',*,*,#931,.F.);
#1373 = ORIENTED_EDGE('',*,*,#1360,.T.);
#1374 = ORIENTED_EDGE('',*,*,#1375,.T.);
#1375 = EDGE_CURVE('',#1353,#1376,#1378,.T.);
#1376 = VERTEX_POINT('',#1377);
#1377 = CARTESIAN_POINT('',(-10.44,1.56,0.3));
#1378 = LINE('',#1379,#1380);
#1379 = CARTESIAN_POINT('',(-10.44,-1.56,0.3));
#1380 = VECTOR('',#1381,1.);
#1381 = DIRECTION('',(0.,1.,0.));
#1382 = ORIENTED_EDGE('',*,*,#1383,.F.);
#1383 = EDGE_CURVE('',#924,#1376,#1384,.T.);
#1384 = B_SPLINE_CURVE_WITH_KNOTS('',1,(#1385,#1386),.UNSPECIFIED.,.F.,
  .F.,(2,2),(0.,1.),.PIECEWISE_BEZIER_KNOTS.);
#1385 = CARTESIAN_POINT('',(-10.64,1.36,0.));
#1386 = CARTESIAN_POINT('',(-10.44,1.56,0.3));
#1387 = B_SPLINE_SURFACE_WITH_KNOTS('',1,1,(
    (#1388,#1389)
    ,(#1390,#1391
    )),.UNSPECIFIED.,.F.,.F.,.F.,(2,2),(2,2),(-3.12,0.),(0.,1.),
  .PIECEWISE_BEZIER_KNOTS.);
#1388 = CARTESIAN_POINT('',(-10.64,1.36,0.));
#1389 = CARTESIAN_POINT('',(-10.44,1.56,0.3));
#1390 = CARTESIAN_POINT('',(-10.64,-1.36,0.));
#1391 = CARTESIAN_POINT('',(-10.44,-1.56,0.3));
#1392 = ADVANCED_FACE('',(#1393),#1410,.F.);
#1393 = FACE_BOUND('',#1394,.F.);
#1394 = EDGE_LOOP('',(#1395,#1396,#1397,#1405));
#1395 = ORIENTED_EDGE('',*,*,#923,.F.);
#1396 = ORIENTED_EDGE('',*,*,#1383,.T.);
#1397 = ORIENTED_EDGE('',*,*,#1398,.T.);
#1398 = EDGE_CURVE('',#1376,#1399,#1401,.T.);
#1399 = VERTEX_POINT('',#1400);
#1400 = CARTESIAN_POINT('',(-10.44,6.44,0.3));
#1401 = LINE('',#1402,#1403);
#1402 = CARTESIAN_POINT('',(-10.44,1.56,0.3));
#1403 = VECTOR('',#1404,1.);
#1404 = DIRECTION('',(0.,1.,0.));
#1405 = ORIENTED_EDGE('',*,*,#1406,.F.);
#1406 = EDGE_CURVE('',#916,#1399,#1407,.T.);
#1407 = B_SPLINE_CURVE_WITH_KNOTS('',1,(#1408,#1409),.UNSPECIFIED.,.F.,
  .F.,(2,2),(0.,1.),.PIECEWISE_BEZIER_KNOTS.);
#1408 = CARTESIAN_POINT('',(-10.64,6.64,0.));
#1409 = CARTESIAN_POINT('',(-10.44,6.44,0.3));
#1410 = B_SPLINE_SURFACE_WITH_KNOTS('',1,1,(
    (#1411,#1412)
    ,(#1413,#1414
    )),.UNSPECIFIED.,.F.,.F.,.F.,(2,2),(2,2),(-5.28,0.),(0.,1.),
  .PIECEWISE_BEZIER_KNOTS.);
#1411 = CARTESIAN_POINT('',(-10.64,6.64,0.));
#1412 = CARTESIAN_POINT('',(-10.44,6.44,0.3));
#1413 = CARTESIAN_POINT('',(-10.64,1.36,0.));
#1414 = CARTESIAN_POINT('',(-10.44,1.56,0.3));
#1415 = ADVANCED_FACE('',(#1416),#1433,.F.);
#1416 = FACE_BOUND('',#1417,.F.);
#1417 = EDGE_LOOP('',(#1418,#1419,#1420,#1428));
#1418 = ORIENTED_EDGE('',*,*,#915,.F.);
#1419 = ORIENTED_EDGE('',*,*,#1406,.T.);
#1420 = ORIENTED_EDGE('',*,*,#1421,.T.);
#1421 = EDGE_CURVE('',#1399,#1422,#1424,.T.);
#1422 = VERTEX_POINT('',#1423);
#1423 = CARTESIAN_POINT('',(-10.44,9.56,0.3));
#1424 = LINE('',#1425,#1426);
#1425 = CARTESIAN_POINT('',(-10.44,6.44,0.3));
#1426 = VECTOR('',#1427,1.);
#1427 = DIRECTION('',(0.,1.,0.));
#1428 = ORIENTED_EDGE('',*,*,#1429,.F.);
#1429 = EDGE_CURVE('',#908,#1422,#1430,.T.);
#1430 = B_SPLINE_CURVE_WITH_KNOTS('',1,(#1431,#1432),.UNSPECIFIED.,.F.,
  .F.,(2,2),(0.,1.),.PIECEWISE_BEZIER_KNOTS.);
#1431 = CARTESIAN_POINT('',(-10.64,9.36,0.));
#1432 = CARTESIAN_POINT('',(-10.44,9.56,0.3));
#1433 = B_SPLINE_SURFACE_WITH_KNOTS('',1,1,(
    (#1434,#1435)
    ,(#1436,#1437
    )),.UNSPECIFIED.,.F.,.F.,.F.,(2,2),(2,2),(-3.12,0.),(0.,1.),
  .PIECEWISE_BEZIER_KNOTS.);
#1434 = CARTESIAN_POINT('',(-10.64,9.36,0.));
#1435 = CARTESIAN_POINT('',(-10.44,9.56,0.3));
#1436 = CARTESIAN_POINT('',(-10.64,6.64,0.));
#1437 = CARTESIAN_POINT('',(-10.44,6.44,0.3));
#1438 = ADVANCED_FACE('',(#1439),#1456,.F.);
#1439 = FACE_BOUND('',#1440,.F.);
#1440 = EDGE_LOOP('',(#1441,#1442,#1443,#1451));
#1441 = ORIENTED_EDGE('',*,*,#907,.F.);
#1442 = ORIENTED_EDGE('',*,*,#1429,.T.);
#1443 = ORIENTED_EDGE('',*,*,#1444,.T.);
#1444 = EDGE_CURVE('',#1422,#1445,#1447,.T.);
#1445 = VERTEX_POINT('',#1446);
#1446 = CARTESIAN_POINT('',(-10.44,14.44,0.3));
#1447 = LINE('',#1448,#1449);
#1448 = CARTESIAN_POINT('',(-10.44,9.56,0.3));
#1449 = VECTOR('',#1450,1.);
#1450 = DIRECTION('',(0.,1.,0.));
#1451 = ORIENTED_EDGE('',*,*,#1452,.F.);
#1452 = EDGE_CURVE('',#900,#1445,#1453,.T.);
#1453 = B_SPLINE_CURVE_WITH_KNOTS('',1,(#1454,#1455),.UNSPECIFIED.,.F.,
  .F.,(2,2),(0.,1.),.PIECEWISE_BEZIER_KNOTS.);
#1454 = CARTESIAN_POINT('',(-10.64,14.64,0.));
#1455 = CARTESIAN_POINT('',(-10.44,14.44,0.3));
#1456 = B_SPLINE_SURFACE_WITH_KNOTS('',1,1,(
    (#1457,#1458)
    ,(#1459,#1460
    )),.UNSPECIFIED.,.F.,.F.,.F.,(2,2),(2,2),(-5.28,0.),(0.,1.),
  .PIECEWISE_BEZIER_KNOTS.);
#1457 = CARTESIAN_POINT('',(-10.64,14.64,0.));
#1458 = CARTESIAN_POINT('',(-10.44,14.44,0.3));
#1459 = CARTESIAN_POINT('',(-10.64,9.36,0.));
#1460 = CARTESIAN_POINT('',(-10.44,9.56,0.3));
#1461 = ADVANCED_FACE('',(#1462),#1479,.F.);
#1462 = FACE_BOUND('',#1463,.F.);
#1463 = EDGE_LOOP('',(#1464,#1465,#1466,#1474));
#1464 = ORIENTED_EDGE('',*,*,#899,.F.);
#1465 = ORIENTED_EDGE('',*,*,#1452,.T.);
#1466 = ORIENTED_EDGE('',*,*,#1467,.T.);
#1467 = EDGE_CURVE('',#1445,#1468,#1470,.T.);
#1468 = VERTEX_POINT('',#1469);
#1469 = CARTESIAN_POINT('',(-10.44,17.56,0.3));
#1470 = LINE('',#1471,#1472);
#1471 = CARTESIAN_POINT('',(-10.44,14.44,0.3));
#1472 = VECTOR('',#1473,1.);
#1473 = DIRECTION('',(0.,1.,0.));
#1474 = ORIENTED_EDGE('',*,*,#1475,.F.);
#1475 = EDGE_CURVE('',#892,#1468,#1476,.T.);
#1476 = B_SPLINE_CURVE_WITH_KNOTS('',1,(#1477,#1478),.UNSPECIFIED.,.F.,
  .F.,(2,2),(0.,1.),.PIECEWISE_BEZIER_KNOTS.);
#1477 = CARTESIAN_POINT('',(-10.64,17.36,0.));
#1478 = CARTESIAN_POINT('',(-10.44,17.56,0.3));
#1479 = B_SPLINE_SURFACE_WITH_KNOTS('',1,1,(
    (#1480,#1481)
    ,(#1482,#1483
    )),.UNSPECIFIED.,.F.,.F.,.F.,(2,2),(2,2),(-3.12,0.),(0.,1.),
  .PIECEWISE_BEZIER_KNOTS.);
#1480 = CARTESIAN_POINT('',(-10.64,17.36,0.));
#1481 = CARTESIAN_POINT('',(-10.44,17.56,0.3));
#1482 = CARTESIAN_POINT('',(-10.64,14.64,0.));
#1483 = CARTESIAN_POINT('',(-10.44,14.44,0.3));
#1484 = ADVANCED_FACE('',(#1485),#1502,.F.);
#1485 = FACE_BOUND('',#1486,.F.);
#1486 = EDGE_LOOP('',(#1487,#1488,#1489,#1497));
#1487 = ORIENTED_EDGE('',*,*,#891,.F.);
#1488 = ORIENTED_EDGE('',*,*,#1475,.T.);
#1489 = ORIENTED_EDGE('',*,*,#1490,.T.);
#1490 = EDGE_CURVE('',#1468,#1491,#1493,.T.);
#1491 = VERTEX_POINT('',#1492);
#1492 = CARTESIAN_POINT('',(-10.44,22.44,0.3));
#1493 = LINE('',#1494,#1495);
#1494 = CARTESIAN_POINT('',(-10.44,17.56,0.3));
#1495 = VECTOR('',#1496,1.);
#1496 = DIRECTION('',(0.,1.,0.));
#1497 = ORIENTED_EDGE('',*,*,#1498,.F.);
#1498 = EDGE_CURVE('',#884,#1491,#1499,.T.);
#1499 = B_SPLINE_CURVE_WITH_KNOTS('',1,(#1500,#1501),.UNSPECIFIED.,.F.,
  .F.,(2,2),(0.,1.),.PIECEWISE_BEZIER_KNOTS.);
#1500 = CARTESIAN_POINT('',(-10.64,22.64,0.));
#1501 = CARTESIAN_POINT('',(-10.44,22.44,0.3));
#1502 = B_SPLINE_SURFACE_WITH_KNOTS('',1,1,(
    (#1503,#1504)
    ,(#1505,#1506
    )),.UNSPECIFIED.,.F.,.F.,.F.,(2,2),(2,2),(-5.28,0.),(0.,1.),
  .PIECEWISE_BEZIER_KNOTS.);
#1503 = CARTESIAN_POINT('',(-10.64,22.64,0.));
#1504 = CARTESIAN_POINT('',(-10.44,22.44,0.3));
#1505 = CARTESIAN_POINT('',(-10.64,17.36,0.));
#1506 = CARTESIAN_POINT('',(-10.44,17.56,0.3));
#1507 = ADVANCED_FACE('',(#1508),#1525,.F.);
#1508 = FACE_BOUND('',#1509,.F.);
#1509 = EDGE_LOOP('',(#1510,#1511,#1512,#1520));
#1510 = ORIENTED_EDGE('',*,*,#883,.F.);
#1511 = ORIENTED_EDGE('',*,*,#1498,.T.);
#1512 = ORIENTED_EDGE('',*,*,#1513,.T.);
#1513 = EDGE_CURVE('',#1491,#1514,#1516,.T.);
#1514 = VERTEX_POINT('',#1515);
#1515 = CARTESIAN_POINT('',(-5.56,22.44,0.3));
#1516 = LINE('',#1517,#1518);
#1517 = CARTESIAN_POINT('',(-10.44,22.44,0.3));
#1518 = VECTOR('',#1519,1.);
#1519 = DIRECTION('',(1.,0.,0.));
#1520 = ORIENTED_EDGE('',*,*,#1521,.F.);
#1521 = EDGE_CURVE('',#876,#1514,#1522,.T.);
#1522 = B_SPLINE_CURVE_WITH_KNOTS('',1,(#1523,#1524),.UNSPECIFIED.,.F.,
  .F.,(2,2),(0.,1.),.PIECEWISE_BEZIER_KNOTS.);
#1523 = CARTESIAN_POINT('',(-5.36,22.64,0.));
#1524 = CARTESIAN_POINT('',(-5.56,22.44,0.3));
#1525 = B_SPLINE_SURFACE_WITH_KNOTS('',1,1,(
    (#1526,#1527)
    ,(#1528,#1529
    )),.UNSPECIFIED.,.F.,.F.,.F.,(2,2),(2,2),(-5.28,0.),(0.,1.),
  .PIECEWISE_BEZIER_KNOTS.);
#1526 = CARTESIAN_POINT('',(-5.36,22.64,0.));
#1527 = CARTESIAN_POINT('',(-5.56,22.44,0.3));
#1528 = CARTESIAN_POINT('',(-10.64,22.64,0.));
#1529 = CARTESIAN_POINT('',(-10.44,22.44,0.3));
#1530 = ADVANCED_FACE('',(#1531),#1548,.F.);
#1531 = FACE_BOUND('',#1532,.F.);
#1532 = EDGE_LOOP('',(#1533,#1534,#1535,#1543));
#1533 = ORIENTED_EDGE('',*,*,#875,.T.);
#1534 = ORIENTED_EDGE('',*,*,#1521,.T.);
#1535 = ORIENTED_EDGE('',*,*,#1536,.F.);
#1536 = EDGE_CURVE('',#1537,#1514,#1539,.T.);
#1537 = VERTEX_POINT('',#1538);
#1538 = CARTESIAN_POINT('',(-5.56,17.56,0.3));
#1539 = LINE('',#1540,#1541);
#1540 = CARTESIAN_POINT('',(-5.56,17.56,0.3));
#1541 = VECTOR('',#1542,1.);
#1542 = DIRECTION('',(0.,1.,0.));
#1543 = ORIENTED_EDGE('',*,*,#1544,.F.);
#1544 = EDGE_CURVE('',#868,#1537,#1545,.T.);
#1545 = B_SPLINE_CURVE_WITH_KNOTS('',1,(#1546,#1547),.UNSPECIFIED.,.F.,
  .F.,(2,2),(0.,1.),.PIECEWISE_BEZIER_KNOTS.);
#1546 = CARTESIAN_POINT('',(-5.36,17.36,0.));
#1547 = CARTESIAN_POINT('',(-5.56,17.56,0.3));
#1548 = B_SPLINE_SURFACE_WITH_KNOTS('',1,1,(
    (#1549,#1550)
    ,(#1551,#1552
    )),.UNSPECIFIED.,.F.,.F.,.F.,(2,2),(2,2),(0.,5.28),(0.,1.),
  .PIECEWISE_BEZIER_KNOTS.);
#1549 = CARTESIAN_POINT('',(-5.36,17.36,0.));
#1550 = CARTESIAN_POINT('',(-5.56,17.56,0.3));
#1551 = CARTESIAN_POINT('',(-5.36,22.64,0.));
#1552 = CARTESIAN_POINT('',(-5.56,22.44,0.3));
#1553 = ADVANCED_FACE('',(#1554),#1571,.F.);
#1554 = FACE_BOUND('',#1555,.F.);
#1555 = EDGE_LOOP('',(#1556,#1557,#1558,#1566));
#1556 = ORIENTED_EDGE('',*,*,#867,.T.);
#1557 = ORIENTED_EDGE('',*,*,#1544,.T.);
#1558 = ORIENTED_EDGE('',*,*,#1559,.F.);
#1559 = EDGE_CURVE('',#1560,#1537,#1562,.T.);
#1560 = VERTEX_POINT('',#1561);
#1561 = CARTESIAN_POINT('',(-5.56,14.44,0.3));
#1562 = LINE('',#1563,#1564);
#1563 = CARTESIAN_POINT('',(-5.56,14.44,0.3));
#1564 = VECTOR('',#1565,1.);
#1565 = DIRECTION('',(0.,1.,0.));
#1566 = ORIENTED_EDGE('',*,*,#1567,.F.);
#1567 = EDGE_CURVE('',#860,#1560,#1568,.T.);
#1568 = B_SPLINE_CURVE_WITH_KNOTS('',1,(#1569,#1570),.UNSPECIFIED.,.F.,
  .F.,(2,2),(0.,1.),.PIECEWISE_BEZIER_KNOTS.);
#1569 = CARTESIAN_POINT('',(-5.36,14.64,0.));
#1570 = CARTESIAN_POINT('',(-5.56,14.44,0.3));
#1571 = B_SPLINE_SURFACE_WITH_KNOTS('',1,1,(
    (#1572,#1573)
    ,(#1574,#1575
    )),.UNSPECIFIED.,.F.,.F.,.F.,(2,2),(2,2),(0.,3.12),(0.,1.),
  .PIECEWISE_BEZIER_KNOTS.);
#1572 = CARTESIAN_POINT('',(-5.36,14.64,0.));
#1573 = CARTESIAN_POINT('',(-5.56,14.44,0.3));
#1574 = CARTESIAN_POINT('',(-5.36,17.36,0.));
#1575 = CARTESIAN_POINT('',(-5.56,17.56,0.3));
#1576 = ADVANCED_FACE('',(#1577),#1594,.F.);
#1577 = FACE_BOUND('',#1578,.F.);
#1578 = EDGE_LOOP('',(#1579,#1580,#1581,#1589));
#1579 = ORIENTED_EDGE('',*,*,#859,.T.);
#1580 = ORIENTED_EDGE('',*,*,#1567,.T.);
#1581 = ORIENTED_EDGE('',*,*,#1582,.F.);
#1582 = EDGE_CURVE('',#1583,#1560,#1585,.T.);
#1583 = VERTEX_POINT('',#1584);
#1584 = CARTESIAN_POINT('',(-5.56,9.56,0.3));
#1585 = LINE('',#1586,#1587);
#1586 = CARTESIAN_POINT('',(-5.56,9.56,0.3));
#1587 = VECTOR('',#1588,1.);
#1588 = DIRECTION('',(0.,1.,0.));
#1589 = ORIENTED_EDGE('',*,*,#1590,.F.);
#1590 = EDGE_CURVE('',#852,#1583,#1591,.T.);
#1591 = B_SPLINE_CURVE_WITH_KNOTS('',1,(#1592,#1593),.UNSPECIFIED.,.F.,
  .F.,(2,2),(0.,1.),.PIECEWISE_BEZIER_KNOTS.);
#1592 = CARTESIAN_POINT('',(-5.36,9.36,0.));
#1593 = CARTESIAN_POINT('',(-5.56,9.56,0.3));
#1594 = B_SPLINE_SURFACE_WITH_KNOTS('',1,1,(
    (#1595,#1596)
    ,(#1597,#1598
    )),.UNSPECIFIED.,.F.,.F.,.F.,(2,2),(2,2),(0.,5.28),(0.,1.),
  .PIECEWISE_BEZIER_KNOTS.);
#1595 = CARTESIAN_POINT('',(-5.36,9.36,0.));
#1596 = CARTESIAN_POINT('',(-5.56,9.56,0.3));
#1597 = CARTESIAN_POINT('',(-5.36,14.64,0.));
#1598 = CARTESIAN_POINT('',(-5.56,14.44,0.3));
#1599 = ADVANCED_FACE('',(#1600),#1617,.F.);
#1600 = FACE_BOUND('',#1601,.F.);
#1601 = EDGE_LOOP('',(#1602,#1603,#1604,#1612));
#1602 = ORIENTED_EDGE('',*,*,#851,.T.);
#1603 = ORIENTED_EDGE('',*,*,#1590,.T.);
#1604 = ORIENTED_EDGE('',*,*,#1605,.F.);
#1605 = EDGE_CURVE('',#1606,#1583,#1608,.T.);
#1606 = VERTEX_POINT('',#1607);
#1607 = CARTESIAN_POINT('',(-5.56,6.44,0.3));
#1608 = LINE('',#1609,#1610);
#1609 = CARTESIAN_POINT('',(-5.56,6.44,0.3));
#1610 = VECTOR('',#1611,1.);
#1611 = DIRECTION('',(0.,1.,0.));
#1612 = ORIENTED_EDGE('',*,*,#1613,.F.);
#1613 = EDGE_CURVE('',#844,#1606,#1614,.T.);
#1614 = B_SPLINE_CURVE_WITH_KNOTS('',1,(#1615,#1616),.UNSPECIFIED.,.F.,
  .F.,(2,2),(0.,1.),.PIECEWISE_BEZIER_KNOTS.);
#1615 = CARTESIAN_POINT('',(-5.36,6.64,0.));
#1616 = CARTESIAN_POINT('',(-5.56,6.44,0.3));
#1617 = B_SPLINE_SURFACE_WITH_KNOTS('',1,1,(
    (#1618,#1619)
    ,(#1620,#1621
    )),.UNSPECIFIED.,.F.,.F.,.F.,(2,2),(2,2),(0.,3.12),(0.,1.),
  .PIECEWISE_BEZIER_KNOTS.);
#1618 = CARTESIAN_POINT('',(-5.36,6.64,0.));
#1619 = CARTESIAN_POINT('',(-5.56,6.44,0.3));
#1620 = CARTESIAN_POINT('',(-5.36,9.36,0.));
#1621 = CARTESIAN_POINT('',(-5.56,9.56,0.3));
#1622 = ADVANCED_FACE('',(#1623),#1640,.F.);
#1623 = FACE_BOUND('',#1624,.F.);
#1624 = EDGE_LOOP('',(#1625,#1626,#1627,#1635));
#1625 = ORIENTED_EDGE('',*,*,#843,.F.);
#1626 = ORIENTED_EDGE('',*,*,#1613,.T.);
#1627 = ORIENTED_EDGE('',*,*,#1628,.T.);
#1628 = EDGE_CURVE('',#1606,#1629,#1631,.T.);
#1629 = VERTEX_POINT('',#1630);
#1630 = CARTESIAN_POINT('',(10.44,6.44,0.3));
#1631 = LINE('',#1632,#1633);
#1632 = CARTESIAN_POINT('',(-10.44,6.44,0.3));
#1633 = VECTOR('',#1634,1.);
#1634 = DIRECTION('',(1.,0.,0.));
#1635 = ORIENTED_EDGE('',*,*,#1636,.F.);
#1636 = EDGE_CURVE('',#836,#1629,#1637,.T.);
#1637 = B_SPLINE_CURVE_WITH_KNOTS('',1,(#1638,#1639),.UNSPECIFIED.,.F.,
  .F.,(2,2),(0.,1.),.PIECEWISE_BEZIER_KNOTS.);
#1638 = CARTESIAN_POINT('',(10.64,6.64,0.));
#1639 = CARTESIAN_POINT('',(10.44,6.44,0.3));
#1640 = B_SPLINE_SURFACE_WITH_KNOTS('',1,1,(
    (#1641,#1642)
    ,(#1643,#1644
    )),.UNSPECIFIED.,.F.,.F.,.F.,(2,2),(2,2),(-21.28,0.),(0.,1.),
  .PIECEWISE_BEZIER_KNOTS.);
#1641 = CARTESIAN_POINT('',(10.64,6.64,0.));
#1642 = CARTESIAN_POINT('',(10.44,6.44,0.3));
#1643 = CARTESIAN_POINT('',(-10.64,6.64,0.));
#1644 = CARTESIAN_POINT('',(-10.44,6.44,0.3));
#1645 = ADVANCED_FACE('',(#1646),#1663,.F.);
#1646 = FACE_BOUND('',#1647,.F.);
#1647 = EDGE_LOOP('',(#1648,#1649,#1650,#1658));
#1648 = ORIENTED_EDGE('',*,*,#835,.T.);
#1649 = ORIENTED_EDGE('',*,*,#1636,.T.);
#1650 = ORIENTED_EDGE('',*,*,#1651,.F.);
#1651 = EDGE_CURVE('',#1652,#1629,#1654,.T.);
#1652 = VERTEX_POINT('',#1653);
#1653 = CARTESIAN_POINT('',(10.44,1.56,0.3));
#1654 = LINE('',#1655,#1656);
#1655 = CARTESIAN_POINT('',(10.44,1.56,0.3));
#1656 = VECTOR('',#1657,1.);
#1657 = DIRECTION('',(0.,1.,0.));
#1658 = ORIENTED_EDGE('',*,*,#1659,.F.);
#1659 = EDGE_CURVE('',#828,#1652,#1660,.T.);
#1660 = B_SPLINE_CURVE_WITH_KNOTS('',1,(#1661,#1662),.UNSPECIFIED.,.F.,
  .F.,(2,2),(0.,1.),.PIECEWISE_BEZIER_KNOTS.);
#1661 = CARTESIAN_POINT('',(10.64,1.36,0.));
#1662 = CARTESIAN_POINT('',(10.44,1.56,0.3));
#1663 = B_SPLINE_SURFACE_WITH_KNOTS('',1,1,(
    (#1664,#1665)
    ,(#1666,#1667
    )),.UNSPECIFIED.,.F.,.F.,.F.,(2,2),(2,2),(0.,5.28),(0.,1.),
  .PIECEWISE_BEZIER_KNOTS.);
#1664 = CARTESIAN_POINT('',(10.64,1.36,0.));
#1665 = CARTESIAN_POINT('',(10.44,1.56,0.3));
#1666 = CARTESIAN_POINT('',(10.64,6.64,0.));
#1667 = CARTESIAN_POINT('',(10.44,6.44,0.3));
#1668 = ADVANCED_FACE('',(#1669),#1686,.F.);
#1669 = FACE_BOUND('',#1670,.F.);
#1670 = EDGE_LOOP('',(#1671,#1672,#1673,#1681));
#1671 = ORIENTED_EDGE('',*,*,#827,.T.);
#1672 = ORIENTED_EDGE('',*,*,#1659,.T.);
#1673 = ORIENTED_EDGE('',*,*,#1674,.F.);
#1674 = EDGE_CURVE('',#1675,#1652,#1677,.T.);
#1675 = VERTEX_POINT('',#1676);
#1676 = CARTESIAN_POINT('',(10.44,-1.56,0.3));
#1677 = LINE('',#1678,#1679);
#1678 = CARTESIAN_POINT('',(10.44,-1.56,0.3));
#1679 = VECTOR('',#1680,1.);
#1680 = DIRECTION('',(0.,1.,0.));
#1681 = ORIENTED_EDGE('',*,*,#1682,.F.);
#1682 = EDGE_CURVE('',#820,#1675,#1683,.T.);
#1683 = B_SPLINE_CURVE_WITH_KNOTS('',1,(#1684,#1685),.UNSPECIFIED.,.F.,
  .F.,(2,2),(0.,1.),.PIECEWISE_BEZIER_KNOTS.);
#1684 = CARTESIAN_POINT('',(10.64,-1.36,0.));
#1685 = CARTESIAN_POINT('',(10.44,-1.56,0.3));
#1686 = B_SPLINE_SURFACE_WITH_KNOTS('',1,1,(
    (#1687,#1688)
    ,(#1689,#1690
    )),.UNSPECIFIED.,.F.,.F.,.F.,(2,2),(2,2),(0.,3.12),(0.,1.),
  .PIECEWISE_BEZIER_KNOTS.);
#1687 = CARTESIAN_POINT('',(10.64,-1.36,0.));
#1688 = CARTESIAN_POINT('',(10.44,-1.56,0.3));
#1689 = CARTESIAN_POINT('',(10.64,1.36,0.));
#1690 = CARTESIAN_POINT('',(10.44,1.56,0.3));
#1691 = ADVANCED_FACE('',(#1692),#1709,.F.);
#1692 = FACE_BOUND('',#1693,.F.);
#1693 = EDGE_LOOP('',(#1694,#1695,#1696,#1704));
#1694 = ORIENTED_EDGE('',*,*,#819,.T.);
#1695 = ORIENTED_EDGE('',*,*,#1682,.T.);
#1696 = ORIENTED_EDGE('',*,*,#1697,.F.);
#1697 = EDGE_CURVE('',#1698,#1675,#1700,.T.);
#1698 = VERTEX_POINT('',#1699);
#1699 = CARTESIAN_POINT('',(10.44,-6.44,0.3));
#1700 = LINE('',#1701,#1702);
#1701 = CARTESIAN_POINT('',(10.44,-6.44,0.3));
#1702 = VECTOR('',#1703,1.);
#1703 = DIRECTION('',(0.,1.,0.));
#1704 = ORIENTED_EDGE('',*,*,#1705,.F.);
#1705 = EDGE_CURVE('',#812,#1698,#1706,.T.);
#1706 = B_SPLINE_CURVE_WITH_KNOTS('',1,(#1707,#1708),.UNSPECIFIED.,.F.,
  .F.,(2,2),(0.,1.),.PIECEWISE_BEZIER_KNOTS.);
#1707 = CARTESIAN_POINT('',(10.64,-6.64,0.));
#1708 = CARTESIAN_POINT('',(10.44,-6.44,0.3));
#1709 = B_SPLINE_SURFACE_WITH_KNOTS('',1,1,(
    (#1710,#1711)
    ,(#1712,#1713
    )),.UNSPECIFIED.,.F.,.F.,.F.,(2,2),(2,2),(0.,5.28),(0.,1.),
  .PIECEWISE_BEZIER_KNOTS.);
#1710 = CARTESIAN_POINT('',(10.64,-6.64,0.));
#1711 = CARTESIAN_POINT('',(10.44,-6.44,0.3));
#1712 = CARTESIAN_POINT('',(10.64,-1.36,0.));
#1713 = CARTESIAN_POINT('',(10.44,-1.56,0.3));
#1714 = ADVANCED_FACE('',(#1715),#1732,.F.);
#1715 = FACE_BOUND('',#1716,.F.);
#1716 = EDGE_LOOP('',(#1717,#1724,#1725,#1726));
#1717 = ORIENTED_EDGE('',*,*,#1718,.F.);
#1718 = EDGE_CURVE('',#804,#1719,#1721,.T.);
#1719 = VERTEX_POINT('',#1720);
#1720 = CARTESIAN_POINT('',(2.44,-6.44,0.3));
#1721 = B_SPLINE_CURVE_WITH_KNOTS('',1,(#1722,#1723),.UNSPECIFIED.,.F.,
  .F.,(2,2),(0.,1.),.PIECEWISE_BEZIER_KNOTS.);
#1722 = CARTESIAN_POINT('',(2.64,-6.64,0.));
#1723 = CARTESIAN_POINT('',(2.44,-6.44,0.3));
#1724 = ORIENTED_EDGE('',*,*,#811,.T.);
#1725 = ORIENTED_EDGE('',*,*,#1705,.T.);
#1726 = ORIENTED_EDGE('',*,*,#1727,.F.);
#1727 = EDGE_CURVE('',#1719,#1698,#1728,.T.);
#1728 = LINE('',#1729,#1730);
#1729 = CARTESIAN_POINT('',(-10.44,-6.44,0.3));
#1730 = VECTOR('',#1731,1.);
#1731 = DIRECTION('',(1.,0.,0.));
#1732 = B_SPLINE_SURFACE_WITH_KNOTS('',1,1,(
    (#1733,#1734)
    ,(#1735,#1736
    )),.UNSPECIFIED.,.F.,.F.,.F.,(2,2),(2,2),(0.,21.28),(0.,1.),
  .PIECEWISE_BEZIER_KNOTS.);
#1733 = CARTESIAN_POINT('',(-10.64,-6.64,0.));
#1734 = CARTESIAN_POINT('',(-10.44,-6.44,0.3));
#1735 = CARTESIAN_POINT('',(10.64,-6.64,0.));
#1736 = CARTESIAN_POINT('',(10.44,-6.44,0.3));
#1737 = ADVANCED_FACE('',(#1738),#1755,.F.);
#1738 = FACE_BOUND('',#1739,.F.);
#1739 = EDGE_LOOP('',(#1740,#1741,#1742,#1750));
#1740 = ORIENTED_EDGE('',*,*,#803,.T.);
#1741 = ORIENTED_EDGE('',*,*,#1718,.T.);
#1742 = ORIENTED_EDGE('',*,*,#1743,.F.);
#1743 = EDGE_CURVE('',#1744,#1719,#1746,.T.);
#1744 = VERTEX_POINT('',#1745);
#1745 = CARTESIAN_POINT('',(2.44,-9.56,0.3));
#1746 = LINE('',#1747,#1748);
#1747 = CARTESIAN_POINT('',(2.44,-9.56,0.3));
#1748 = VECTOR('',#1749,1.);
#1749 = DIRECTION('',(0.,1.,0.));
#1750 = ORIENTED_EDGE('',*,*,#1751,.F.);
#1751 = EDGE_CURVE('',#796,#1744,#1752,.T.);
#1752 = B_SPLINE_CURVE_WITH_KNOTS('',1,(#1753,#1754),.UNSPECIFIED.,.F.,
  .F.,(2,2),(0.,1.),.PIECEWISE_BEZIER_KNOTS.);
#1753 = CARTESIAN_POINT('',(2.64,-9.36,0.));
#1754 = CARTESIAN_POINT('',(2.44,-9.56,0.3));
#1755 = B_SPLINE_SURFACE_WITH_KNOTS('',1,1,(
    (#1756,#1757)
    ,(#1758,#1759
    )),.UNSPECIFIED.,.F.,.F.,.F.,(2,2),(2,2),(0.,3.12),(0.,1.),
  .PIECEWISE_BEZIER_KNOTS.);
#1756 = CARTESIAN_POINT('',(2.64,-9.36,0.));
#1757 = CARTESIAN_POINT('',(2.44,-9.56,0.3));
#1758 = CARTESIAN_POINT('',(2.64,-6.64,0.));
#1759 = CARTESIAN_POINT('',(2.44,-6.44,0.3));
#1760 = ADVANCED_FACE('',(#1761),#1778,.F.);
#1761 = FACE_BOUND('',#1762,.F.);
#1762 = EDGE_LOOP('',(#1763,#1764,#1765,#1773));
#1763 = ORIENTED_EDGE('',*,*,#795,.T.);
#1764 = ORIENTED_EDGE('',*,*,#1751,.T.);
#1765 = ORIENTED_EDGE('',*,*,#1766,.F.);
#1766 = EDGE_CURVE('',#1767,#1744,#1769,.T.);
#1767 = VERTEX_POINT('',#1768);
#1768 = CARTESIAN_POINT('',(2.44,-14.44,0.3));
#1769 = LINE('',#1770,#1771);
#1770 = CARTESIAN_POINT('',(2.44,-14.44,0.3));
#1771 = VECTOR('',#1772,1.);
#1772 = DIRECTION('',(0.,1.,0.));
#1773 = ORIENTED_EDGE('',*,*,#1774,.F.);
#1774 = EDGE_CURVE('',#788,#1767,#1775,.T.);
#1775 = B_SPLINE_CURVE_WITH_KNOTS('',1,(#1776,#1777),.UNSPECIFIED.,.F.,
  .F.,(2,2),(0.,1.),.PIECEWISE_BEZIER_KNOTS.);
#1776 = CARTESIAN_POINT('',(2.64,-14.64,0.));
#1777 = CARTESIAN_POINT('',(2.44,-14.44,0.3));
#1778 = B_SPLINE_SURFACE_WITH_KNOTS('',1,1,(
    (#1779,#1780)
    ,(#1781,#1782
    )),.UNSPECIFIED.,.F.,.F.,.F.,(2,2),(2,2),(0.,5.28),(0.,1.),
  .PIECEWISE_BEZIER_KNOTS.);
#1779 = CARTESIAN_POINT('',(2.64,-14.64,0.));
#1780 = CARTESIAN_POINT('',(2.44,-14.44,0.3));
#1781 = CARTESIAN_POINT('',(2.64,-9.36,0.));
#1782 = CARTESIAN_POINT('',(2.44,-9.56,0.3));
#1783 = ADVANCED_FACE('',(#1784),#1801,.F.);
#1784 = FACE_BOUND('',#1785,.F.);
#1785 = EDGE_LOOP('',(#1786,#1787,#1788,#1796));
#1786 = ORIENTED_EDGE('',*,*,#787,.T.);
#1787 = ORIENTED_EDGE('',*,*,#1774,.T.);
#1788 = ORIENTED_EDGE('',*,*,#1789,.F.);
#1789 = EDGE_CURVE('',#1790,#1767,#1792,.T.);
#1790 = VERTEX_POINT('',#1791);
#1791 = CARTESIAN_POINT('',(2.44,-17.56,0.3));
#1792 = LINE('',#1793,#1794);
#1793 = CARTESIAN_POINT('',(2.44,-17.56,0.3));
#1794 = VECTOR('',#1795,1.);
#1795 = DIRECTION('',(0.,1.,0.));
#1796 = ORIENTED_EDGE('',*,*,#1797,.F.);
#1797 = EDGE_CURVE('',#780,#1790,#1798,.T.);
#1798 = B_SPLINE_CURVE_WITH_KNOTS('',1,(#1799,#1800),.UNSPECIFIED.,.F.,
  .F.,(2,2),(0.,1.),.PIECEWISE_BEZIER_KNOTS.);
#1799 = CARTESIAN_POINT('',(2.64,-17.36,0.));
#1800 = CARTESIAN_POINT('',(2.44,-17.56,0.3));
#1801 = B_SPLINE_SURFACE_WITH_KNOTS('',1,1,(
    (#1802,#1803)
    ,(#1804,#1805
    )),.UNSPECIFIED.,.F.,.F.,.F.,(2,2),(2,2),(0.,3.12),(0.,1.),
  .PIECEWISE_BEZIER_KNOTS.);
#1802 = CARTESIAN_POINT('',(2.64,-17.36,0.));
#1803 = CARTESIAN_POINT('',(2.44,-17.56,0.3));
#1804 = CARTESIAN_POINT('',(2.64,-14.64,0.));
#1805 = CARTESIAN_POINT('',(2.44,-14.44,0.3));
#1806 = ADVANCED_FACE('',(#1807),#1824,.F.);
#1807 = FACE_BOUND('',#1808,.F.);
#1808 = EDGE_LOOP('',(#1809,#1810,#1811,#1819));
#1809 = ORIENTED_EDGE('',*,*,#779,.T.);
#1810 = ORIENTED_EDGE('',*,*,#1797,.T.);
#1811 = ORIENTED_EDGE('',*,*,#1812,.F.);
#1812 = EDGE_CURVE('',#1813,#1790,#1815,.T.);
#1813 = VERTEX_POINT('',#1814);
#1814 = CARTESIAN_POINT('',(2.44,-22.44,0.3));
#1815 = LINE('',#1816,#1817);
#1816 = CARTESIAN_POINT('',(2.44,-22.44,0.3));
#1817 = VECTOR('',#1818,1.);
#1818 = DIRECTION('',(0.,1.,0.));
#1819 = ORIENTED_EDGE('',*,*,#1820,.F.);
#1820 = EDGE_CURVE('',#772,#1813,#1821,.T.);
#1821 = B_SPLINE_CURVE_WITH_KNOTS('',1,(#1822,#1823),.UNSPECIFIED.,.F.,
  .F.,(2,2),(0.,1.),.PIECEWISE_BEZIER_KNOTS.);
#1822 = CARTESIAN_POINT('',(2.64,-22.64,0.));
#1823 = CARTESIAN_POINT('',(2.44,-22.44,0.3));
#1824 = B_SPLINE_SURFACE_WITH_KNOTS('',1,1,(
    (#1825,#1826)
    ,(#1827,#1828
    )),.UNSPECIFIED.,.F.,.F.,.F.,(2,2),(2,2),(0.,5.28),(0.,1.),
  .PIECEWISE_BEZIER_KNOTS.);
#1825 = CARTESIAN_POINT('',(2.64,-22.64,0.));
#1826 = CARTESIAN_POINT('',(2.44,-22.44,0.3));
#1827 = CARTESIAN_POINT('',(2.64,-17.36,0.));
#1828 = CARTESIAN_POINT('',(2.44,-17.56,0.3));
#1829 = ADVANCED_FACE('',(#1830),#1841,.F.);
#1830 = FACE_BOUND('',#1831,.F.);
#1831 = EDGE_LOOP('',(#1832,#1833,#1834,#1840));
#1832 = ORIENTED_EDGE('',*,*,#771,.T.);
#1833 = ORIENTED_EDGE('',*,*,#1820,.T.);
#1834 = ORIENTED_EDGE('',*,*,#1835,.F.);
#1835 = EDGE_CURVE('',#1254,#1813,#1836,.T.);
#1836 = LINE('',#1837,#1838);
#1837 = CARTESIAN_POINT('',(-10.44,-22.44,0.3));
#1838 = VECTOR('',#1839,1.);
#1839 = DIRECTION('',(1.,0.,0.));
#1840 = ORIENTED_EDGE('',*,*,#1253,.F.);
#1841 = B_SPLINE_SURFACE_WITH_KNOTS('',1,1,(
    (#1842,#1843)
    ,(#1844,#1845
    )),.UNSPECIFIED.,.F.,.F.,.F.,(2,2),(2,2),(0.,13.28),(0.,1.),
  .PIECEWISE_BEZIER_KNOTS.);
#1842 = CARTESIAN_POINT('',(-10.64,-22.64,0.));
#1843 = CARTESIAN_POINT('',(-10.44,-22.44,0.3));
#1844 = CARTESIAN_POINT('',(2.64,-22.64,0.));
#1845 = CARTESIAN_POINT('',(2.44,-22.44,0.3));
#1846 = ADVANCED_FACE('',(#1847),#1850,.T.);
#1847 = FACE_BOUND('',#1848,.T.);
#1848 = EDGE_LOOP('',(#1849));
#1849 = ORIENTED_EDGE('',*,*,#977,.T.);
#1850 = PLANE('',#1851);
#1851 = AXIS2_PLACEMENT_3D('',#1852,#1853,#1854);
#1852 = CARTESIAN_POINT('',(-8.,-12.,11.4));
#1853 = DIRECTION('',(0.,0.,1.));
#1854 = DIRECTION('',(1.,0.,0.));
#1855 = ADVANCED_FACE('',(#1856),#1859,.T.);
#1856 = FACE_BOUND('',#1857,.T.);
#1857 = EDGE_LOOP('',(#1858));
#1858 = ORIENTED_EDGE('',*,*,#1002,.T.);
#1859 = PLANE('',#1860);
#1860 = AXIS2_PLACEMENT_3D('',#1861,#1862,#1863);
#1861 = CARTESIAN_POINT('',(-8.,-4.,11.4));
#1862 = DIRECTION('',(0.,0.,1.));
#1863 = DIRECTION('',(1.,0.,0.));
#1864 = ADVANCED_FACE('',(#1865),#1868,.T.);
#1865 = FACE_BOUND('',#1866,.T.);
#1866 = EDGE_LOOP('',(#1867));
#1867 = ORIENTED_EDGE('',*,*,#1027,.T.);
#1868 = PLANE('',#1869);
#1869 = AXIS2_PLACEMENT_3D('',#1870,#1871,#1872);
#1870 = CARTESIAN_POINT('',(0.,-20.,11.4));
#1871 = DIRECTION('',(0.,0.,1.));
#1872 = DIRECTION('',(1.,0.,0.));
#1873 = ADVANCED_FACE('',(#1874),#1877,.T.);
#1874 = FACE_BOUND('',#1875,.T.);
#1875 = EDGE_LOOP('',(#1876));
#1876 = ORIENTED_EDGE('',*,*,#1052,.T.);
#1877 = PLANE('',#1878);
#1878 = AXIS2_PLACEMENT_3D('',#1879,#1880,#1881);
#1879 = CARTESIAN_POINT('',(0.,-12.,11.4));
#1880 = DIRECTION('',(0.,0.,1.));
#1881 = DIRECTION('',(1.,0.,0.));
#1882 = ADVANCED_FACE('',(#1883),#1886,.T.);
#1883 = FACE_BOUND('',#1884,.T.);
#1884 = EDGE_LOOP('',(#1885));
#1885 = ORIENTED_EDGE('',*,*,#1077,.T.);
#1886 = PLANE('',#1887);
#1887 = AXIS2_PLACEMENT_3D('',#1888,#1889,#1890);
#1888 = CARTESIAN_POINT('',(0.,-4.,11.4));
#1889 = DIRECTION('',(0.,0.,1.));
#1890 = DIRECTION('',(1.,0.,0.));
#1891 = ADVANCED_FACE('',(#1892),#1895,.T.);
#1892 = FACE_BOUND('',#1893,.T.);
#1893 = EDGE_LOOP('',(#1894));
#1894 = ORIENTED_EDGE('',*,*,#1102,.T.);
#1895 = PLANE('',#1896);
#1896 = AXIS2_PLACEMENT_3D('',#1897,#1898,#1899);
#1897 = CARTESIAN_POINT('',(8.,-4.,11.4));
#1898 = DIRECTION('',(0.,0.,1.));
#1899 = DIRECTION('',(1.,0.,0.));
#1900 = ADVANCED_FACE('',(#1901),#1904,.T.);
#1901 = FACE_BOUND('',#1902,.T.);
#1902 = EDGE_LOOP('',(#1903));
#1903 = ORIENTED_EDGE('',*,*,#1127,.T.);
#1904 = PLANE('',#1905);
#1905 = AXIS2_PLACEMENT_3D('',#1906,#1907,#1908);
#1906 = CARTESIAN_POINT('',(-8.,4.,11.4));
#1907 = DIRECTION('',(0.,0.,1.));
#1908 = DIRECTION('',(1.,0.,0.));
#1909 = ADVANCED_FACE('',(#1910),#1913,.T.);
#1910 = FACE_BOUND('',#1911,.T.);
#1911 = EDGE_LOOP('',(#1912));
#1912 = ORIENTED_EDGE('',*,*,#1152,.T.);
#1913 = PLANE('',#1914);
#1914 = AXIS2_PLACEMENT_3D('',#1915,#1916,#1917);
#1915 = CARTESIAN_POINT('',(-8.,12.,11.4));
#1916 = DIRECTION('',(0.,0.,1.));
#1917 = DIRECTION('',(1.,0.,0.));
#1918 = ADVANCED_FACE('',(#1919),#1922,.T.);
#1919 = FACE_BOUND('',#1920,.T.);
#1920 = EDGE_LOOP('',(#1921));
#1921 = ORIENTED_EDGE('',*,*,#1177,.T.);
#1922 = PLANE('',#1923);
#1923 = AXIS2_PLACEMENT_3D('',#1924,#1925,#1926);
#1924 = CARTESIAN_POINT('',(-8.,20.,11.4));
#1925 = DIRECTION('',(0.,0.,1.));
#1926 = DIRECTION('',(1.,0.,0.));
#1927 = ADVANCED_FACE('',(#1928),#1931,.T.);
#1928 = FACE_BOUND('',#1929,.T.);
#1929 = EDGE_LOOP('',(#1930));
#1930 = ORIENTED_EDGE('',*,*,#1202,.T.);
#1931 = PLANE('',#1932);
#1932 = AXIS2_PLACEMENT_3D('',#1933,#1934,#1935);
#1933 = CARTESIAN_POINT('',(0.,4.,11.4));
#1934 = DIRECTION('',(0.,0.,1.));
#1935 = DIRECTION('',(1.,0.,0.));
#1936 = ADVANCED_FACE('',(#1937),#1940,.T.);
#1937 = FACE_BOUND('',#1938,.T.);
#1938 = EDGE_LOOP('',(#1939));
#1939 = ORIENTED_EDGE('',*,*,#1227,.T.);
#1940 = PLANE('',#1941);
#1941 = AXIS2_PLACEMENT_3D('',#1942,#1943,#1944);
#1942 = CARTESIAN_POINT('',(8.,4.,11.4));
#1943 = DIRECTION('',(0.,0.,1.));
#1944 = DIRECTION('',(1.,0.,0.));
#1945 = ADVANCED_FACE('',(#1946),#2141,.F.);
#1946 = FACE_BOUND('',#1947,.F.);
#1947 = EDGE_LOOP('',(#1948,#1949,#1957,#1965,#1973,#1981,#1989,#1997,
    #2005,#2013,#2021,#2029,#2037,#2045,#2053,#2061,#2069,#2077,#2085,
    #2093,#2101,#2109,#2117,#2125,#2131,#2132,#2133,#2134,#2135,#2136,
    #2137,#2138,#2139,#2140));
#1948 = ORIENTED_EDGE('',*,*,#1260,.F.);
#1949 = ORIENTED_EDGE('',*,*,#1950,.T.);
#1950 = EDGE_CURVE('',#1254,#1951,#1953,.T.);
#1951 = VERTEX_POINT('',#1952);
#1952 = CARTESIAN_POINT('',(-10.44,-22.44,8.));
#1953 = LINE('',#1954,#1955);
#1954 = CARTESIAN_POINT('',(-10.44,-22.44,0.));
#1955 = VECTOR('',#1956,1.);
#1956 = DIRECTION('',(0.,0.,1.));
#1957 = ORIENTED_EDGE('',*,*,#1958,.T.);
#1958 = EDGE_CURVE('',#1951,#1959,#1961,.T.);
#1959 = VERTEX_POINT('',#1960);
#1960 = CARTESIAN_POINT('',(-10.44,-16.6,8.));
#1961 = LINE('',#1962,#1963);
#1962 = CARTESIAN_POINT('',(-10.44,-22.44,8.));
#1963 = VECTOR('',#1964,1.);
#1964 = DIRECTION('',(0.,1.,0.));
#1965 = ORIENTED_EDGE('',*,*,#1966,.F.);
#1966 = EDGE_CURVE('',#1967,#1959,#1969,.T.);
#1967 = VERTEX_POINT('',#1968);
#1968 = CARTESIAN_POINT('',(-10.44,-16.6,6.8));
#1969 = LINE('',#1970,#1971);
#1970 = CARTESIAN_POINT('',(-10.44,-16.6,5.4));
#1971 = VECTOR('',#1972,1.);
#1972 = DIRECTION('',(0.,0.,1.));
#1973 = ORIENTED_EDGE('',*,*,#1974,.T.);
#1974 = EDGE_CURVE('',#1967,#1975,#1977,.T.);
#1975 = VERTEX_POINT('',#1976);
#1976 = CARTESIAN_POINT('',(-10.44,-15.4,6.8));
#1977 = LINE('',#1978,#1979);
#1978 = CARTESIAN_POINT('',(-10.44,-3.756567838536E-16,6.8));
#1979 = VECTOR('',#1980,1.);
#1980 = DIRECTION('',(0.,1.,0.));
#1981 = ORIENTED_EDGE('',*,*,#1982,.T.);
#1982 = EDGE_CURVE('',#1975,#1983,#1985,.T.);
#1983 = VERTEX_POINT('',#1984);
#1984 = CARTESIAN_POINT('',(-10.44,-15.4,8.));
#1985 = LINE('',#1986,#1987);
#1986 = CARTESIAN_POINT('',(-10.44,-15.4,5.4));
#1987 = VECTOR('',#1988,1.);
#1988 = DIRECTION('',(0.,0.,1.));
#1989 = ORIENTED_EDGE('',*,*,#1990,.T.);
#1990 = EDGE_CURVE('',#1983,#1991,#1993,.T.);
#1991 = VERTEX_POINT('',#1992);
#1992 = CARTESIAN_POINT('',(-10.44,-8.6,8.));
#1993 = LINE('',#1994,#1995);
#1994 = CARTESIAN_POINT('',(-10.44,-22.44,8.));
#1995 = VECTOR('',#1996,1.);
#1996 = DIRECTION('',(0.,1.,0.));
#1997 = ORIENTED_EDGE('',*,*,#1998,.F.);
#1998 = EDGE_CURVE('',#1999,#1991,#2001,.T.);
#1999 = VERTEX_POINT('',#2000);
#2000 = CARTESIAN_POINT('',(-10.44,-8.6,6.8));
#2001 = LINE('',#2002,#2003);
#2002 = CARTESIAN_POINT('',(-10.44,-8.6,5.4));
#2003 = VECTOR('',#2004,1.);
#2004 = DIRECTION('',(0.,0.,1.));
#2005 = ORIENTED_EDGE('',*,*,#2006,.T.);
#2006 = EDGE_CURVE('',#1999,#2007,#2009,.T.);
#2007 = VERTEX_POINT('',#2008);
#2008 = CARTESIAN_POINT('',(-10.44,-7.4,6.8));
#2009 = LINE('',#2010,#2011);
#2010 = CARTESIAN_POINT('',(-10.44,-3.756567838536E-16,6.8));
#2011 = VECTOR('',#2012,1.);
#2012 = DIRECTION('',(0.,1.,0.));
#2013 = ORIENTED_EDGE('',*,*,#2014,.T.);
#2014 = EDGE_CURVE('',#2007,#2015,#2017,.T.);
#2015 = VERTEX_POINT('',#2016);
#2016 = CARTESIAN_POINT('',(-10.44,-7.4,8.));
#2017 = LINE('',#2018,#2019);
#2018 = CARTESIAN_POINT('',(-10.44,-7.4,5.4));
#2019 = VECTOR('',#2020,1.);
#2020 = DIRECTION('',(0.,0.,1.));
#2021 = ORIENTED_EDGE('',*,*,#2022,.T.);
#2022 = EDGE_CURVE('',#2015,#2023,#2025,.T.);
#2023 = VERTEX_POINT('',#2024);
#2024 = CARTESIAN_POINT('',(-10.44,-0.6,8.));
#2025 = LINE('',#2026,#2027);
#2026 = CARTESIAN_POINT('',(-10.44,-22.44,8.));
#2027 = VECTOR('',#2028,1.);
#2028 = DIRECTION('',(0.,1.,0.));
#2029 = ORIENTED_EDGE('',*,*,#2030,.F.);
#2030 = EDGE_CURVE('',#2031,#2023,#2033,.T.);
#2031 = VERTEX_POINT('',#2032);
#2032 = CARTESIAN_POINT('',(-10.44,-0.6,6.8));
#2033 = LINE('',#2034,#2035);
#2034 = CARTESIAN_POINT('',(-10.44,-0.6,5.4));
#2035 = VECTOR('',#2036,1.);
#2036 = DIRECTION('',(0.,0.,1.));
#2037 = ORIENTED_EDGE('',*,*,#2038,.T.);
#2038 = EDGE_CURVE('',#2031,#2039,#2041,.T.);
#2039 = VERTEX_POINT('',#2040);
#2040 = CARTESIAN_POINT('',(-10.44,0.6,6.8));
#2041 = LINE('',#2042,#2043);
#2042 = CARTESIAN_POINT('',(-10.44,-3.756567838536E-16,6.8));
#2043 = VECTOR('',#2044,1.);
#2044 = DIRECTION('',(0.,1.,0.));
#2045 = ORIENTED_EDGE('',*,*,#2046,.T.);
#2046 = EDGE_CURVE('',#2039,#2047,#2049,.T.);
#2047 = VERTEX_POINT('',#2048);
#2048 = CARTESIAN_POINT('',(-10.44,0.6,8.));
#2049 = LINE('',#2050,#2051);
#2050 = CARTESIAN_POINT('',(-10.44,0.6,5.4));
#2051 = VECTOR('',#2052,1.);
#2052 = DIRECTION('',(0.,0.,1.));
#2053 = ORIENTED_EDGE('',*,*,#2054,.T.);
#2054 = EDGE_CURVE('',#2047,#2055,#2057,.T.);
#2055 = VERTEX_POINT('',#2056);
#2056 = CARTESIAN_POINT('',(-10.44,7.4,8.));
#2057 = LINE('',#2058,#2059);
#2058 = CARTESIAN_POINT('',(-10.44,-22.44,8.));
#2059 = VECTOR('',#2060,1.);
#2060 = DIRECTION('',(0.,1.,0.));
#2061 = ORIENTED_EDGE('',*,*,#2062,.F.);
#2062 = EDGE_CURVE('',#2063,#2055,#2065,.T.);
#2063 = VERTEX_POINT('',#2064);
#2064 = CARTESIAN_POINT('',(-10.44,7.4,6.8));
#2065 = LINE('',#2066,#2067);
#2066 = CARTESIAN_POINT('',(-10.44,7.4,5.4));
#2067 = VECTOR('',#2068,1.);
#2068 = DIRECTION('',(0.,0.,1.));
#2069 = ORIENTED_EDGE('',*,*,#2070,.T.);
#2070 = EDGE_CURVE('',#2063,#2071,#2073,.T.);
#2071 = VERTEX_POINT('',#2072);
#2072 = CARTESIAN_POINT('',(-10.44,8.6,6.8));
#2073 = LINE('',#2074,#2075);
#2074 = CARTESIAN_POINT('',(-10.44,-3.756567838536E-16,6.8));
#2075 = VECTOR('',#2076,1.);
#2076 = DIRECTION('',(0.,1.,0.));
#2077 = ORIENTED_EDGE('',*,*,#2078,.T.);
#2078 = EDGE_CURVE('',#2071,#2079,#2081,.T.);
#2079 = VERTEX_POINT('',#2080);
#2080 = CARTESIAN_POINT('',(-10.44,8.6,8.));
#2081 = LINE('',#2082,#2083);
#2082 = CARTESIAN_POINT('',(-10.44,8.6,5.4));
#2083 = VECTOR('',#2084,1.);
#2084 = DIRECTION('',(0.,0.,1.));
#2085 = ORIENTED_EDGE('',*,*,#2086,.T.);
#2086 = EDGE_CURVE('',#2079,#2087,#2089,.T.);
#2087 = VERTEX_POINT('',#2088);
#2088 = CARTESIAN_POINT('',(-10.44,15.4,8.));
#2089 = LINE('',#2090,#2091);
#2090 = CARTESIAN_POINT('',(-10.44,-22.44,8.));
#2091 = VECTOR('',#2092,1.);
#2092 = DIRECTION('',(0.,1.,0.));
#2093 = ORIENTED_EDGE('',*,*,#2094,.F.);
#2094 = EDGE_CURVE('',#2095,#2087,#2097,.T.);
#2095 = VERTEX_POINT('',#2096);
#2096 = CARTESIAN_POINT('',(-10.44,15.4,6.8));
#2097 = LINE('',#2098,#2099);
#2098 = CARTESIAN_POINT('',(-10.44,15.4,5.4));
#2099 = VECTOR('',#2100,1.);
#2100 = DIRECTION('',(0.,0.,1.));
#2101 = ORIENTED_EDGE('',*,*,#2102,.T.);
#2102 = EDGE_CURVE('',#2095,#2103,#2105,.T.);
#2103 = VERTEX_POINT('',#2104);
#2104 = CARTESIAN_POINT('',(-10.44,16.6,6.8));
#2105 = LINE('',#2106,#2107);
#2106 = CARTESIAN_POINT('',(-10.44,-3.756567838536E-16,6.8));
#2107 = VECTOR('',#2108,1.);
#2108 = DIRECTION('',(0.,1.,0.));
#2109 = ORIENTED_EDGE('',*,*,#2110,.T.);
#2110 = EDGE_CURVE('',#2103,#2111,#2113,.T.);
#2111 = VERTEX_POINT('',#2112);
#2112 = CARTESIAN_POINT('',(-10.44,16.6,8.));
#2113 = LINE('',#2114,#2115);
#2114 = CARTESIAN_POINT('',(-10.44,16.6,5.4));
#2115 = VECTOR('',#2116,1.);
#2116 = DIRECTION('',(0.,0.,1.));
#2117 = ORIENTED_EDGE('',*,*,#2118,.T.);
#2118 = EDGE_CURVE('',#2111,#2119,#2121,.T.);
#2119 = VERTEX_POINT('',#2120);
#2120 = CARTESIAN_POINT('',(-10.44,22.44,8.));
#2121 = LINE('',#2122,#2123);
#2122 = CARTESIAN_POINT('',(-10.44,-22.44,8.));
#2123 = VECTOR('',#2124,1.);
#2124 = DIRECTION('',(0.,1.,0.));
#2125 = ORIENTED_EDGE('',*,*,#2126,.F.);
#2126 = EDGE_CURVE('',#1491,#2119,#2127,.T.);
#2127 = LINE('',#2128,#2129);
#2128 = CARTESIAN_POINT('',(-10.44,22.44,0.));
#2129 = VECTOR('',#2130,1.);
#2130 = DIRECTION('',(0.,0.,1.));
#2131 = ORIENTED_EDGE('',*,*,#1490,.F.);
#2132 = ORIENTED_EDGE('',*,*,#1467,.F.);
#2133 = ORIENTED_EDGE('',*,*,#1444,.F.);
#2134 = ORIENTED_EDGE('',*,*,#1421,.F.);
#2135 = ORIENTED_EDGE('',*,*,#1398,.F.);
#2136 = ORIENTED_EDGE('',*,*,#1375,.F.);
#2137 = ORIENTED_EDGE('',*,*,#1352,.F.);
#2138 = ORIENTED_EDGE('',*,*,#1329,.F.);
#2139 = ORIENTED_EDGE('',*,*,#1306,.F.);
#2140 = ORIENTED_EDGE('',*,*,#1283,.F.);
#2141 = PLANE('',#2142);
#2142 = AXIS2_PLACEMENT_3D('',#2143,#2144,#2145);
#2143 = CARTESIAN_POINT('',(-10.44,-7.390289422618E-16,4.));
#2144 = DIRECTION('',(-1.,-0.,-0.));
#2145 = DIRECTION('',(0.,0.,-1.));
#2146 = ADVANCED_FACE('',(#2147),#2165,.F.);
#2147 = FACE_BOUND('',#2148,.F.);
#2148 = EDGE_LOOP('',(#2149,#2150,#2151,#2159));
#2149 = ORIENTED_EDGE('',*,*,#1513,.F.);
#2150 = ORIENTED_EDGE('',*,*,#2126,.T.);
#2151 = ORIENTED_EDGE('',*,*,#2152,.T.);
#2152 = EDGE_CURVE('',#2119,#2153,#2155,.T.);
#2153 = VERTEX_POINT('',#2154);
#2154 = CARTESIAN_POINT('',(-5.56,22.44,8.));
#2155 = LINE('',#2156,#2157);
#2156 = CARTESIAN_POINT('',(-10.44,22.44,8.));
#2157 = VECTOR('',#2158,1.);
#2158 = DIRECTION('',(1.,0.,0.));
#2159 = ORIENTED_EDGE('',*,*,#2160,.F.);
#2160 = EDGE_CURVE('',#1514,#2153,#2161,.T.);
#2161 = LINE('',#2162,#2163);
#2162 = CARTESIAN_POINT('',(-5.56,22.44,0.));
#2163 = VECTOR('',#2164,1.);
#2164 = DIRECTION('',(0.,0.,1.));
#2165 = PLANE('',#2166);
#2166 = AXIS2_PLACEMENT_3D('',#2167,#2168,#2169);
#2167 = CARTESIAN_POINT('',(-10.44,22.44,0.));
#2168 = DIRECTION('',(0.,1.,0.));
#2169 = DIRECTION('',(0.,0.,1.));
#2170 = ADVANCED_FACE('',(#2171),#2256,.F.);
#2171 = FACE_BOUND('',#2172,.F.);
#2172 = EDGE_LOOP('',(#2173,#2181,#2182,#2183,#2184,#2185,#2186,#2194,
    #2202,#2210,#2218,#2226,#2234,#2242,#2250));
#2173 = ORIENTED_EDGE('',*,*,#2174,.F.);
#2174 = EDGE_CURVE('',#1606,#2175,#2177,.T.);
#2175 = VERTEX_POINT('',#2176);
#2176 = CARTESIAN_POINT('',(-5.56,6.44,8.));
#2177 = LINE('',#2178,#2179);
#2178 = CARTESIAN_POINT('',(-5.56,6.44,0.));
#2179 = VECTOR('',#2180,1.);
#2180 = DIRECTION('',(0.,0.,1.));
#2181 = ORIENTED_EDGE('',*,*,#1605,.T.);
#2182 = ORIENTED_EDGE('',*,*,#1582,.T.);
#2183 = ORIENTED_EDGE('',*,*,#1559,.T.);
#2184 = ORIENTED_EDGE('',*,*,#1536,.T.);
#2185 = ORIENTED_EDGE('',*,*,#2160,.T.);
#2186 = ORIENTED_EDGE('',*,*,#2187,.F.);
#2187 = EDGE_CURVE('',#2188,#2153,#2190,.T.);
#2188 = VERTEX_POINT('',#2189);
#2189 = CARTESIAN_POINT('',(-5.56,16.6,8.));
#2190 = LINE('',#2191,#2192);
#2191 = CARTESIAN_POINT('',(-5.56,6.44,8.));
#2192 = VECTOR('',#2193,1.);
#2193 = DIRECTION('',(0.,1.,0.));
#2194 = ORIENTED_EDGE('',*,*,#2195,.T.);
#2195 = EDGE_CURVE('',#2188,#2196,#2198,.T.);
#2196 = VERTEX_POINT('',#2197);
#2197 = CARTESIAN_POINT('',(-5.56,16.6,6.8));
#2198 = LINE('',#2199,#2200);
#2199 = CARTESIAN_POINT('',(-5.56,16.6,5.4));
#2200 = VECTOR('',#2201,1.);
#2201 = DIRECTION('',(0.,0.,-1.));
#2202 = ORIENTED_EDGE('',*,*,#2203,.T.);
#2203 = EDGE_CURVE('',#2196,#2204,#2206,.T.);
#2204 = VERTEX_POINT('',#2205);
#2205 = CARTESIAN_POINT('',(-5.56,15.4,6.8));
#2206 = LINE('',#2207,#2208);
#2207 = CARTESIAN_POINT('',(-5.56,7.22,6.8));
#2208 = VECTOR('',#2209,1.);
#2209 = DIRECTION('',(0.,-1.,0.));
#2210 = ORIENTED_EDGE('',*,*,#2211,.F.);
#2211 = EDGE_CURVE('',#2212,#2204,#2214,.T.);
#2212 = VERTEX_POINT('',#2213);
#2213 = CARTESIAN_POINT('',(-5.56,15.4,8.));
#2214 = LINE('',#2215,#2216);
#2215 = CARTESIAN_POINT('',(-5.56,15.4,5.4));
#2216 = VECTOR('',#2217,1.);
#2217 = DIRECTION('',(0.,0.,-1.));
#2218 = ORIENTED_EDGE('',*,*,#2219,.F.);
#2219 = EDGE_CURVE('',#2220,#2212,#2222,.T.);
#2220 = VERTEX_POINT('',#2221);
#2221 = CARTESIAN_POINT('',(-5.56,8.6,8.));
#2222 = LINE('',#2223,#2224);
#2223 = CARTESIAN_POINT('',(-5.56,6.44,8.));
#2224 = VECTOR('',#2225,1.);
#2225 = DIRECTION('',(0.,1.,0.));
#2226 = ORIENTED_EDGE('',*,*,#2227,.T.);
#2227 = EDGE_CURVE('',#2220,#2228,#2230,.T.);
#2228 = VERTEX_POINT('',#2229);
#2229 = CARTESIAN_POINT('',(-5.56,8.6,6.8));
#2230 = LINE('',#2231,#2232);
#2231 = CARTESIAN_POINT('',(-5.56,8.6,5.4));
#2232 = VECTOR('',#2233,1.);
#2233 = DIRECTION('',(0.,0.,-1.));
#2234 = ORIENTED_EDGE('',*,*,#2235,.T.);
#2235 = EDGE_CURVE('',#2228,#2236,#2238,.T.);
#2236 = VERTEX_POINT('',#2237);
#2237 = CARTESIAN_POINT('',(-5.56,7.4,6.8));
#2238 = LINE('',#2239,#2240);
#2239 = CARTESIAN_POINT('',(-5.56,7.22,6.8));
#2240 = VECTOR('',#2241,1.);
#2241 = DIRECTION('',(0.,-1.,0.));
#2242 = ORIENTED_EDGE('',*,*,#2243,.F.);
#2243 = EDGE_CURVE('',#2244,#2236,#2246,.T.);
#2244 = VERTEX_POINT('',#2245);
#2245 = CARTESIAN_POINT('',(-5.56,7.4,8.));
#2246 = LINE('',#2247,#2248);
#2247 = CARTESIAN_POINT('',(-5.56,7.4,5.4));
#2248 = VECTOR('',#2249,1.);
#2249 = DIRECTION('',(0.,0.,-1.));
#2250 = ORIENTED_EDGE('',*,*,#2251,.F.);
#2251 = EDGE_CURVE('',#2175,#2244,#2252,.T.);
#2252 = LINE('',#2253,#2254);
#2253 = CARTESIAN_POINT('',(-5.56,6.44,8.));
#2254 = VECTOR('',#2255,1.);
#2255 = DIRECTION('',(0.,1.,0.));
#2256 = PLANE('',#2257);
#2257 = AXIS2_PLACEMENT_3D('',#2258,#2259,#2260);
#2258 = CARTESIAN_POINT('',(-5.56,14.44,4.));
#2259 = DIRECTION('',(1.,0.,0.));
#2260 = DIRECTION('',(0.,0.,1.));
#2261 = ADVANCED_FACE('',(#2262),#2344,.F.);
#2262 = FACE_BOUND('',#2263,.F.);
#2263 = EDGE_LOOP('',(#2264,#2265,#2266,#2274,#2282,#2290,#2298,#2306,
    #2314,#2322,#2330,#2338));
#2264 = ORIENTED_EDGE('',*,*,#1628,.F.);
#2265 = ORIENTED_EDGE('',*,*,#2174,.T.);
#2266 = ORIENTED_EDGE('',*,*,#2267,.T.);
#2267 = EDGE_CURVE('',#2175,#2268,#2270,.T.);
#2268 = VERTEX_POINT('',#2269);
#2269 = CARTESIAN_POINT('',(-4.6,6.44,8.));
#2270 = LINE('',#2271,#2272);
#2271 = CARTESIAN_POINT('',(-10.44,6.44,8.));
#2272 = VECTOR('',#2273,1.);
#2273 = DIRECTION('',(1.,0.,0.));
#2274 = ORIENTED_EDGE('',*,*,#2275,.F.);
#2275 = EDGE_CURVE('',#2276,#2268,#2278,.T.);
#2276 = VERTEX_POINT('',#2277);
#2277 = CARTESIAN_POINT('',(-4.6,6.44,6.8));
#2278 = LINE('',#2279,#2280);
#2279 = CARTESIAN_POINT('',(-4.6,6.44,3.4));
#2280 = VECTOR('',#2281,1.);
#2281 = DIRECTION('',(0.,0.,1.));
#2282 = ORIENTED_EDGE('',*,*,#2283,.T.);
#2283 = EDGE_CURVE('',#2276,#2284,#2286,.T.);
#2284 = VERTEX_POINT('',#2285);
#2285 = CARTESIAN_POINT('',(-3.4,6.44,6.8));
#2286 = LINE('',#2287,#2288);
#2287 = CARTESIAN_POINT('',(-5.22,6.44,6.8));
#2288 = VECTOR('',#2289,1.);
#2289 = DIRECTION('',(1.,0.,0.));
#2290 = ORIENTED_EDGE('',*,*,#2291,.T.);
#2291 = EDGE_CURVE('',#2284,#2292,#2294,.T.);
#2292 = VERTEX_POINT('',#2293);
#2293 = CARTESIAN_POINT('',(-3.4,6.44,8.));
#2294 = LINE('',#2295,#2296);
#2295 = CARTESIAN_POINT('',(-3.4,6.44,3.4));
#2296 = VECTOR('',#2297,1.);
#2297 = DIRECTION('',(0.,0.,1.));
#2298 = ORIENTED_EDGE('',*,*,#2299,.T.);
#2299 = EDGE_CURVE('',#2292,#2300,#2302,.T.);
#2300 = VERTEX_POINT('',#2301);
#2301 = CARTESIAN_POINT('',(3.4,6.44,8.));
#2302 = LINE('',#2303,#2304);
#2303 = CARTESIAN_POINT('',(-10.44,6.44,8.));
#2304 = VECTOR('',#2305,1.);
#2305 = DIRECTION('',(1.,0.,0.));
#2306 = ORIENTED_EDGE('',*,*,#2307,.F.);
#2307 = EDGE_CURVE('',#2308,#2300,#2310,.T.);
#2308 = VERTEX_POINT('',#2309);
#2309 = CARTESIAN_POINT('',(3.4,6.44,6.8));
#2310 = LINE('',#2311,#2312);
#2311 = CARTESIAN_POINT('',(3.4,6.44,3.4));
#2312 = VECTOR('',#2313,1.);
#2313 = DIRECTION('',(0.,0.,1.));
#2314 = ORIENTED_EDGE('',*,*,#2315,.T.);
#2315 = EDGE_CURVE('',#2308,#2316,#2318,.T.);
#2316 = VERTEX_POINT('',#2317);
#2317 = CARTESIAN_POINT('',(4.6,6.44,6.8));
#2318 = LINE('',#2319,#2320);
#2319 = CARTESIAN_POINT('',(-5.22,6.44,6.8));
#2320 = VECTOR('',#2321,1.);
#2321 = DIRECTION('',(1.,0.,0.));
#2322 = ORIENTED_EDGE('',*,*,#2323,.T.);
#2323 = EDGE_CURVE('',#2316,#2324,#2326,.T.);
#2324 = VERTEX_POINT('',#2325);
#2325 = CARTESIAN_POINT('',(4.6,6.44,8.));
#2326 = LINE('',#2327,#2328);
#2327 = CARTESIAN_POINT('',(4.6,6.44,3.4));
#2328 = VECTOR('',#2329,1.);
#2329 = DIRECTION('',(0.,0.,1.));
#2330 = ORIENTED_EDGE('',*,*,#2331,.T.);
#2331 = EDGE_CURVE('',#2324,#2332,#2334,.T.);
#2332 = VERTEX_POINT('',#2333);
#2333 = CARTESIAN_POINT('',(10.44,6.44,8.));
#2334 = LINE('',#2335,#2336);
#2335 = CARTESIAN_POINT('',(-10.44,6.44,8.));
#2336 = VECTOR('',#2337,1.);
#2337 = DIRECTION('',(1.,0.,0.));
#2338 = ORIENTED_EDGE('',*,*,#2339,.F.);
#2339 = EDGE_CURVE('',#1629,#2332,#2340,.T.);
#2340 = LINE('',#2341,#2342);
#2341 = CARTESIAN_POINT('',(10.44,6.44,0.));
#2342 = VECTOR('',#2343,1.);
#2343 = DIRECTION('',(0.,0.,1.));
#2344 = PLANE('',#2345);
#2345 = AXIS2_PLACEMENT_3D('',#2346,#2347,#2348);
#2346 = CARTESIAN_POINT('',(-10.44,6.44,0.));
#2347 = DIRECTION('',(0.,1.,0.));
#2348 = DIRECTION('',(0.,0.,1.));
#2349 = ADVANCED_FACE('',(#2350),#2402,.F.);
#2350 = FACE_BOUND('',#2351,.F.);
#2351 = EDGE_LOOP('',(#2352,#2360,#2361,#2362,#2363,#2364,#2372,#2380,
    #2388,#2396));
#2352 = ORIENTED_EDGE('',*,*,#2353,.F.);
#2353 = EDGE_CURVE('',#1698,#2354,#2356,.T.);
#2354 = VERTEX_POINT('',#2355);
#2355 = CARTESIAN_POINT('',(10.44,-6.44,8.));
#2356 = LINE('',#2357,#2358);
#2357 = CARTESIAN_POINT('',(10.44,-6.44,0.));
#2358 = VECTOR('',#2359,1.);
#2359 = DIRECTION('',(0.,0.,1.));
#2360 = ORIENTED_EDGE('',*,*,#1697,.T.);
#2361 = ORIENTED_EDGE('',*,*,#1674,.T.);
#2362 = ORIENTED_EDGE('',*,*,#1651,.T.);
#2363 = ORIENTED_EDGE('',*,*,#2339,.T.);
#2364 = ORIENTED_EDGE('',*,*,#2365,.F.);
#2365 = EDGE_CURVE('',#2366,#2332,#2368,.T.);
#2366 = VERTEX_POINT('',#2367);
#2367 = CARTESIAN_POINT('',(10.44,0.6,8.));
#2368 = LINE('',#2369,#2370);
#2369 = CARTESIAN_POINT('',(10.44,-6.44,8.));
#2370 = VECTOR('',#2371,1.);
#2371 = DIRECTION('',(0.,1.,0.));
#2372 = ORIENTED_EDGE('',*,*,#2373,.T.);
#2373 = EDGE_CURVE('',#2366,#2374,#2376,.T.);
#2374 = VERTEX_POINT('',#2375);
#2375 = CARTESIAN_POINT('',(10.44,0.6,6.8));
#2376 = LINE('',#2377,#2378);
#2377 = CARTESIAN_POINT('',(10.44,0.6,5.4));
#2378 = VECTOR('',#2379,1.);
#2379 = DIRECTION('',(0.,0.,-1.));
#2380 = ORIENTED_EDGE('',*,*,#2381,.T.);
#2381 = EDGE_CURVE('',#2374,#2382,#2384,.T.);
#2382 = VERTEX_POINT('',#2383);
#2383 = CARTESIAN_POINT('',(10.44,-0.6,6.8));
#2384 = LINE('',#2385,#2386);
#2385 = CARTESIAN_POINT('',(10.44,-1.677663288193E-17,6.8));
#2386 = VECTOR('',#2387,1.);
#2387 = DIRECTION('',(0.,-1.,0.));
#2388 = ORIENTED_EDGE('',*,*,#2389,.F.);
#2389 = EDGE_CURVE('',#2390,#2382,#2392,.T.);
#2390 = VERTEX_POINT('',#2391);
#2391 = CARTESIAN_POINT('',(10.44,-0.6,8.));
#2392 = LINE('',#2393,#2394);
#2393 = CARTESIAN_POINT('',(10.44,-0.6,5.4));
#2394 = VECTOR('',#2395,1.);
#2395 = DIRECTION('',(0.,0.,-1.));
#2396 = ORIENTED_EDGE('',*,*,#2397,.F.);
#2397 = EDGE_CURVE('',#2354,#2390,#2398,.T.);
#2398 = LINE('',#2399,#2400);
#2399 = CARTESIAN_POINT('',(10.44,-6.44,8.));
#2400 = VECTOR('',#2401,1.);
#2401 = DIRECTION('',(0.,1.,0.));
#2402 = PLANE('',#2403);
#2403 = AXIS2_PLACEMENT_3D('',#2404,#2405,#2406);
#2404 = CARTESIAN_POINT('',(10.44,-2.126864031849E-17,4.));
#2405 = DIRECTION('',(1.,0.,0.));
#2406 = DIRECTION('',(0.,0.,1.));
#2407 = ADVANCED_FACE('',(#2408),#2458,.T.);
#2408 = FACE_BOUND('',#2409,.T.);
#2409 = EDGE_LOOP('',(#2410,#2411,#2419,#2427,#2435,#2443,#2451,#2457));
#2410 = ORIENTED_EDGE('',*,*,#1727,.F.);
#2411 = ORIENTED_EDGE('',*,*,#2412,.T.);
#2412 = EDGE_CURVE('',#1719,#2413,#2415,.T.);
#2413 = VERTEX_POINT('',#2414);
#2414 = CARTESIAN_POINT('',(2.44,-6.44,8.));
#2415 = LINE('',#2416,#2417);
#2416 = CARTESIAN_POINT('',(2.44,-6.44,0.));
#2417 = VECTOR('',#2418,1.);
#2418 = DIRECTION('',(0.,0.,1.));
#2419 = ORIENTED_EDGE('',*,*,#2420,.T.);
#2420 = EDGE_CURVE('',#2413,#2421,#2423,.T.);
#2421 = VERTEX_POINT('',#2422);
#2422 = CARTESIAN_POINT('',(3.4,-6.44,8.));
#2423 = LINE('',#2424,#2425);
#2424 = CARTESIAN_POINT('',(-10.44,-6.44,8.));
#2425 = VECTOR('',#2426,1.);
#2426 = DIRECTION('',(1.,0.,0.));
#2427 = ORIENTED_EDGE('',*,*,#2428,.F.);
#2428 = EDGE_CURVE('',#2429,#2421,#2431,.T.);
#2429 = VERTEX_POINT('',#2430);
#2430 = CARTESIAN_POINT('',(3.4,-6.44,6.8));
#2431 = LINE('',#2432,#2433);
#2432 = CARTESIAN_POINT('',(3.4,-6.44,3.4));
#2433 = VECTOR('',#2434,1.);
#2434 = DIRECTION('',(0.,0.,1.));
#2435 = ORIENTED_EDGE('',*,*,#2436,.T.);
#2436 = EDGE_CURVE('',#2429,#2437,#2439,.T.);
#2437 = VERTEX_POINT('',#2438);
#2438 = CARTESIAN_POINT('',(4.6,-6.44,6.8));
#2439 = LINE('',#2440,#2441);
#2440 = CARTESIAN_POINT('',(-5.22,-6.44,6.8));
#2441 = VECTOR('',#2442,1.);
#2442 = DIRECTION('',(1.,0.,0.));
#2443 = ORIENTED_EDGE('',*,*,#2444,.T.);
#2444 = EDGE_CURVE('',#2437,#2445,#2447,.T.);
#2445 = VERTEX_POINT('',#2446);
#2446 = CARTESIAN_POINT('',(4.6,-6.44,8.));
#2447 = LINE('',#2448,#2449);
#2448 = CARTESIAN_POINT('',(4.6,-6.44,3.4));
#2449 = VECTOR('',#2450,1.);
#2450 = DIRECTION('',(0.,0.,1.));
#2451 = ORIENTED_EDGE('',*,*,#2452,.T.);
#2452 = EDGE_CURVE('',#2445,#2354,#2453,.T.);
#2453 = LINE('',#2454,#2455);
#2454 = CARTESIAN_POINT('',(-10.44,-6.44,8.));
#2455 = VECTOR('',#2456,1.);
#2456 = DIRECTION('',(1.,0.,0.));
#2457 = ORIENTED_EDGE('',*,*,#2353,.F.);
#2458 = PLANE('',#2459);
#2459 = AXIS2_PLACEMENT_3D('',#2460,#2461,#2462);
#2460 = CARTESIAN_POINT('',(-10.44,-6.44,0.));
#2461 = DIRECTION('',(0.,1.,0.));
#2462 = DIRECTION('',(0.,0.,1.));
#2463 = ADVANCED_FACE('',(#2464),#2549,.F.);
#2464 = FACE_BOUND('',#2465,.F.);
#2465 = EDGE_LOOP('',(#2466,#2474,#2475,#2476,#2477,#2478,#2479,#2487,
    #2495,#2503,#2511,#2519,#2527,#2535,#2543));
#2466 = ORIENTED_EDGE('',*,*,#2467,.F.);
#2467 = EDGE_CURVE('',#1813,#2468,#2470,.T.);
#2468 = VERTEX_POINT('',#2469);
#2469 = CARTESIAN_POINT('',(2.44,-22.44,8.));
#2470 = LINE('',#2471,#2472);
#2471 = CARTESIAN_POINT('',(2.44,-22.44,0.));
#2472 = VECTOR('',#2473,1.);
#2473 = DIRECTION('',(0.,0.,1.));
#2474 = ORIENTED_EDGE('',*,*,#1812,.T.);
#2475 = ORIENTED_EDGE('',*,*,#1789,.T.);
#2476 = ORIENTED_EDGE('',*,*,#1766,.T.);
#2477 = ORIENTED_EDGE('',*,*,#1743,.T.);
#2478 = ORIENTED_EDGE('',*,*,#2412,.T.);
#2479 = ORIENTED_EDGE('',*,*,#2480,.F.);
#2480 = EDGE_CURVE('',#2481,#2413,#2483,.T.);
#2481 = VERTEX_POINT('',#2482);
#2482 = CARTESIAN_POINT('',(2.44,-7.4,8.));
#2483 = LINE('',#2484,#2485);
#2484 = CARTESIAN_POINT('',(2.44,-22.44,8.));
#2485 = VECTOR('',#2486,1.);
#2486 = DIRECTION('',(0.,1.,0.));
#2487 = ORIENTED_EDGE('',*,*,#2488,.T.);
#2488 = EDGE_CURVE('',#2481,#2489,#2491,.T.);
#2489 = VERTEX_POINT('',#2490);
#2490 = CARTESIAN_POINT('',(2.44,-7.4,6.8));
#2491 = LINE('',#2492,#2493);
#2492 = CARTESIAN_POINT('',(2.44,-7.4,5.4));
#2493 = VECTOR('',#2494,1.);
#2494 = DIRECTION('',(0.,0.,-1.));
#2495 = ORIENTED_EDGE('',*,*,#2496,.T.);
#2496 = EDGE_CURVE('',#2489,#2497,#2499,.T.);
#2497 = VERTEX_POINT('',#2498);
#2498 = CARTESIAN_POINT('',(2.44,-8.6,6.8));
#2499 = LINE('',#2500,#2501);
#2500 = CARTESIAN_POINT('',(2.44,-7.22,6.8));
#2501 = VECTOR('',#2502,1.);
#2502 = DIRECTION('',(0.,-1.,0.));
#2503 = ORIENTED_EDGE('',*,*,#2504,.F.);
#2504 = EDGE_CURVE('',#2505,#2497,#2507,.T.);
#2505 = VERTEX_POINT('',#2506);
#2506 = CARTESIAN_POINT('',(2.44,-8.6,8.));
#2507 = LINE('',#2508,#2509);
#2508 = CARTESIAN_POINT('',(2.44,-8.6,5.4));
#2509 = VECTOR('',#2510,1.);
#2510 = DIRECTION('',(0.,0.,-1.));
#2511 = ORIENTED_EDGE('',*,*,#2512,.F.);
#2512 = EDGE_CURVE('',#2513,#2505,#2515,.T.);
#2513 = VERTEX_POINT('',#2514);
#2514 = CARTESIAN_POINT('',(2.44,-15.4,8.));
#2515 = LINE('',#2516,#2517);
#2516 = CARTESIAN_POINT('',(2.44,-22.44,8.));
#2517 = VECTOR('',#2518,1.);
#2518 = DIRECTION('',(0.,1.,0.));
#2519 = ORIENTED_EDGE('',*,*,#2520,.T.);
#2520 = EDGE_CURVE('',#2513,#2521,#2523,.T.);
#2521 = VERTEX_POINT('',#2522);
#2522 = CARTESIAN_POINT('',(2.44,-15.4,6.8));
#2523 = LINE('',#2524,#2525);
#2524 = CARTESIAN_POINT('',(2.44,-15.4,5.4));
#2525 = VECTOR('',#2526,1.);
#2526 = DIRECTION('',(0.,0.,-1.));
#2527 = ORIENTED_EDGE('',*,*,#2528,.T.);
#2528 = EDGE_CURVE('',#2521,#2529,#2531,.T.);
#2529 = VERTEX_POINT('',#2530);
#2530 = CARTESIAN_POINT('',(2.44,-16.6,6.8));
#2531 = LINE('',#2532,#2533);
#2532 = CARTESIAN_POINT('',(2.44,-7.22,6.8));
#2533 = VECTOR('',#2534,1.);
#2534 = DIRECTION('',(0.,-1.,0.));
#2535 = ORIENTED_EDGE('',*,*,#2536,.F.);
#2536 = EDGE_CURVE('',#2537,#2529,#2539,.T.);
#2537 = VERTEX_POINT('',#2538);
#2538 = CARTESIAN_POINT('',(2.44,-16.6,8.));
#2539 = LINE('',#2540,#2541);
#2540 = CARTESIAN_POINT('',(2.44,-16.6,5.4));
#2541 = VECTOR('',#2542,1.);
#2542 = DIRECTION('',(0.,0.,-1.));
#2543 = ORIENTED_EDGE('',*,*,#2544,.F.);
#2544 = EDGE_CURVE('',#2468,#2537,#2545,.T.);
#2545 = LINE('',#2546,#2547);
#2546 = CARTESIAN_POINT('',(2.44,-22.44,8.));
#2547 = VECTOR('',#2548,1.);
#2548 = DIRECTION('',(0.,1.,0.));
#2549 = PLANE('',#2550);
#2550 = AXIS2_PLACEMENT_3D('',#2551,#2552,#2553);
#2551 = CARTESIAN_POINT('',(2.44,-14.44,4.));
#2552 = DIRECTION('',(1.,0.,0.));
#2553 = DIRECTION('',(0.,0.,1.));
#2554 = ADVANCED_FACE('',(#2555),#2598,.T.);
#2555 = FACE_BOUND('',#2556,.T.);
#2556 = EDGE_LOOP('',(#2557,#2558,#2559,#2567,#2575,#2583,#2591,#2597));
#2557 = ORIENTED_EDGE('',*,*,#1835,.F.);
#2558 = ORIENTED_EDGE('',*,*,#1950,.T.);
#2559 = ORIENTED_EDGE('',*,*,#2560,.T.);
#2560 = EDGE_CURVE('',#1951,#2561,#2563,.T.);
#2561 = VERTEX_POINT('',#2562);
#2562 = CARTESIAN_POINT('',(-4.6,-22.44,8.));
#2563 = LINE('',#2564,#2565);
#2564 = CARTESIAN_POINT('',(-10.44,-22.44,8.));
#2565 = VECTOR('',#2566,1.);
#2566 = DIRECTION('',(1.,0.,0.));
#2567 = ORIENTED_EDGE('',*,*,#2568,.F.);
#2568 = EDGE_CURVE('',#2569,#2561,#2571,.T.);
#2569 = VERTEX_POINT('',#2570);
#2570 = CARTESIAN_POINT('',(-4.6,-22.44,6.8));
#2571 = LINE('',#2572,#2573);
#2572 = CARTESIAN_POINT('',(-4.6,-22.44,3.4));
#2573 = VECTOR('',#2574,1.);
#2574 = DIRECTION('',(0.,0.,1.));
#2575 = ORIENTED_EDGE('',*,*,#2576,.T.);
#2576 = EDGE_CURVE('',#2569,#2577,#2579,.T.);
#2577 = VERTEX_POINT('',#2578);
#2578 = CARTESIAN_POINT('',(-3.4,-22.44,6.8));
#2579 = LINE('',#2580,#2581);
#2580 = CARTESIAN_POINT('',(-5.22,-22.44,6.8));
#2581 = VECTOR('',#2582,1.);
#2582 = DIRECTION('',(1.,0.,0.));
#2583 = ORIENTED_EDGE('',*,*,#2584,.T.);
#2584 = EDGE_CURVE('',#2577,#2585,#2587,.T.);
#2585 = VERTEX_POINT('',#2586);
#2586 = CARTESIAN_POINT('',(-3.4,-22.44,8.));
#2587 = LINE('',#2588,#2589);
#2588 = CARTESIAN_POINT('',(-3.4,-22.44,3.4));
#2589 = VECTOR('',#2590,1.);
#2590 = DIRECTION('',(0.,0.,1.));
#2591 = ORIENTED_EDGE('',*,*,#2592,.T.);
#2592 = EDGE_CURVE('',#2585,#2468,#2593,.T.);
#2593 = LINE('',#2594,#2595);
#2594 = CARTESIAN_POINT('',(-10.44,-22.44,8.));
#2595 = VECTOR('',#2596,1.);
#2596 = DIRECTION('',(1.,0.,0.));
#2597 = ORIENTED_EDGE('',*,*,#2467,.F.);
#2598 = PLANE('',#2599);
#2599 = AXIS2_PLACEMENT_3D('',#2600,#2601,#2602);
#2600 = CARTESIAN_POINT('',(-10.44,-22.44,0.));
#2601 = DIRECTION('',(0.,1.,0.));
#2602 = DIRECTION('',(0.,0.,1.));
#2603 = ADVANCED_FACE('',(#2604),#2615,.F.);
#2604 = FACE_BOUND('',#2605,.F.);
#2605 = EDGE_LOOP('',(#2606,#2607,#2613,#2614));
#2606 = ORIENTED_EDGE('',*,*,#2118,.F.);
#2607 = ORIENTED_EDGE('',*,*,#2608,.T.);
#2608 = EDGE_CURVE('',#2111,#2188,#2609,.T.);
#2609 = LINE('',#2610,#2611);
#2610 = CARTESIAN_POINT('',(-11.9,16.6,8.));
#2611 = VECTOR('',#2612,1.);
#2612 = DIRECTION('',(1.,0.,0.));
#2613 = ORIENTED_EDGE('',*,*,#2187,.T.);
#2614 = ORIENTED_EDGE('',*,*,#2152,.F.);
#2615 = PLANE('',#2616);
#2616 = AXIS2_PLACEMENT_3D('',#2617,#2618,#2619);
#2617 = CARTESIAN_POINT('',(-2.919708029197,-0.973236009732,8.));
#2618 = DIRECTION('',(0.,0.,1.));
#2619 = DIRECTION('',(1.,0.,0.));
#2620 = ADVANCED_FACE('',(#2621),#2632,.T.);
#2621 = FACE_BOUND('',#2622,.T.);
#2622 = EDGE_LOOP('',(#2623,#2629,#2630,#2631));
#2623 = ORIENTED_EDGE('',*,*,#2624,.F.);
#2624 = EDGE_CURVE('',#2103,#2196,#2625,.T.);
#2625 = LINE('',#2626,#2627);
#2626 = CARTESIAN_POINT('',(-11.9,16.6,6.8));
#2627 = VECTOR('',#2628,1.);
#2628 = DIRECTION('',(1.,0.,0.));
#2629 = ORIENTED_EDGE('',*,*,#2110,.T.);
#2630 = ORIENTED_EDGE('',*,*,#2608,.T.);
#2631 = ORIENTED_EDGE('',*,*,#2195,.T.);
#2632 = PLANE('',#2633);
#2633 = AXIS2_PLACEMENT_3D('',#2634,#2635,#2636);
#2634 = CARTESIAN_POINT('',(-11.9,16.6,6.8));
#2635 = DIRECTION('',(0.,1.,0.));
#2636 = DIRECTION('',(0.,0.,1.));
#2637 = ADVANCED_FACE('',(#2638),#2649,.T.);
#2638 = FACE_BOUND('',#2639,.T.);
#2639 = EDGE_LOOP('',(#2640,#2641,#2647,#2648));
#2640 = ORIENTED_EDGE('',*,*,#2203,.T.);
#2641 = ORIENTED_EDGE('',*,*,#2642,.F.);
#2642 = EDGE_CURVE('',#2095,#2204,#2643,.T.);
#2643 = LINE('',#2644,#2645);
#2644 = CARTESIAN_POINT('',(-11.9,15.4,6.8));
#2645 = VECTOR('',#2646,1.);
#2646 = DIRECTION('',(1.,0.,0.));
#2647 = ORIENTED_EDGE('',*,*,#2102,.T.);
#2648 = ORIENTED_EDGE('',*,*,#2624,.T.);
#2649 = PLANE('',#2650);
#2650 = AXIS2_PLACEMENT_3D('',#2651,#2652,#2653);
#2651 = CARTESIAN_POINT('',(-5.758418177516E-16,-1.228462544537E-17,6.8)
  );
#2652 = DIRECTION('',(-0.,-0.,-1.));
#2653 = DIRECTION('',(-1.,0.,0.));
#2654 = ADVANCED_FACE('',(#2655),#2666,.F.);
#2655 = FACE_BOUND('',#2656,.F.);
#2656 = EDGE_LOOP('',(#2657,#2658,#2659,#2665));
#2657 = ORIENTED_EDGE('',*,*,#2642,.F.);
#2658 = ORIENTED_EDGE('',*,*,#2094,.T.);
#2659 = ORIENTED_EDGE('',*,*,#2660,.T.);
#2660 = EDGE_CURVE('',#2087,#2212,#2661,.T.);
#2661 = LINE('',#2662,#2663);
#2662 = CARTESIAN_POINT('',(-11.9,15.4,8.));
#2663 = VECTOR('',#2664,1.);
#2664 = DIRECTION('',(1.,0.,0.));
#2665 = ORIENTED_EDGE('',*,*,#2211,.T.);
#2666 = PLANE('',#2667);
#2667 = AXIS2_PLACEMENT_3D('',#2668,#2669,#2670);
#2668 = CARTESIAN_POINT('',(-11.9,15.4,6.8));
#2669 = DIRECTION('',(0.,1.,0.));
#2670 = DIRECTION('',(0.,0.,1.));
#2671 = ADVANCED_FACE('',(#2672),#2683,.F.);
#2672 = FACE_BOUND('',#2673,.F.);
#2673 = EDGE_LOOP('',(#2674,#2675,#2681,#2682));
#2674 = ORIENTED_EDGE('',*,*,#2086,.F.);
#2675 = ORIENTED_EDGE('',*,*,#2676,.T.);
#2676 = EDGE_CURVE('',#2079,#2220,#2677,.T.);
#2677 = LINE('',#2678,#2679);
#2678 = CARTESIAN_POINT('',(-11.9,8.6,8.));
#2679 = VECTOR('',#2680,1.);
#2680 = DIRECTION('',(1.,0.,0.));
#2681 = ORIENTED_EDGE('',*,*,#2219,.T.);
#2682 = ORIENTED_EDGE('',*,*,#2660,.F.);
#2683 = PLANE('',#2684);
#2684 = AXIS2_PLACEMENT_3D('',#2685,#2686,#2687);
#2685 = CARTESIAN_POINT('',(-2.919708029197,-0.973236009732,8.));
#2686 = DIRECTION('',(0.,0.,1.));
#2687 = DIRECTION('',(1.,0.,0.));
#2688 = ADVANCED_FACE('',(#2689),#2700,.T.);
#2689 = FACE_BOUND('',#2690,.T.);
#2690 = EDGE_LOOP('',(#2691,#2697,#2698,#2699));
#2691 = ORIENTED_EDGE('',*,*,#2692,.F.);
#2692 = EDGE_CURVE('',#2071,#2228,#2693,.T.);
#2693 = LINE('',#2694,#2695);
#2694 = CARTESIAN_POINT('',(-11.9,8.6,6.8));
#2695 = VECTOR('',#2696,1.);
#2696 = DIRECTION('',(1.,0.,0.));
#2697 = ORIENTED_EDGE('',*,*,#2078,.T.);
#2698 = ORIENTED_EDGE('',*,*,#2676,.T.);
#2699 = ORIENTED_EDGE('',*,*,#2227,.T.);
#2700 = PLANE('',#2701);
#2701 = AXIS2_PLACEMENT_3D('',#2702,#2703,#2704);
#2702 = CARTESIAN_POINT('',(-11.9,8.6,6.8));
#2703 = DIRECTION('',(0.,1.,0.));
#2704 = DIRECTION('',(0.,0.,1.));
#2705 = ADVANCED_FACE('',(#2706),#2717,.T.);
#2706 = FACE_BOUND('',#2707,.T.);
#2707 = EDGE_LOOP('',(#2708,#2709,#2715,#2716));
#2708 = ORIENTED_EDGE('',*,*,#2235,.T.);
#2709 = ORIENTED_EDGE('',*,*,#2710,.F.);
#2710 = EDGE_CURVE('',#2063,#2236,#2711,.T.);
#2711 = LINE('',#2712,#2713);
#2712 = CARTESIAN_POINT('',(-11.9,7.4,6.8));
#2713 = VECTOR('',#2714,1.);
#2714 = DIRECTION('',(1.,0.,0.));
#2715 = ORIENTED_EDGE('',*,*,#2070,.T.);
#2716 = ORIENTED_EDGE('',*,*,#2692,.T.);
#2717 = PLANE('',#2718);
#2718 = AXIS2_PLACEMENT_3D('',#2719,#2720,#2721);
#2719 = CARTESIAN_POINT('',(-5.758418177516E-16,-1.228462544537E-17,6.8)
  );
#2720 = DIRECTION('',(-0.,-0.,-1.));
#2721 = DIRECTION('',(-1.,0.,0.));
#2722 = ADVANCED_FACE('',(#2723),#2734,.F.);
#2723 = FACE_BOUND('',#2724,.F.);
#2724 = EDGE_LOOP('',(#2725,#2726,#2727,#2733));
#2725 = ORIENTED_EDGE('',*,*,#2710,.F.);
#2726 = ORIENTED_EDGE('',*,*,#2062,.T.);
#2727 = ORIENTED_EDGE('',*,*,#2728,.T.);
#2728 = EDGE_CURVE('',#2055,#2244,#2729,.T.);
#2729 = LINE('',#2730,#2731);
#2730 = CARTESIAN_POINT('',(-11.9,7.4,8.));
#2731 = VECTOR('',#2732,1.);
#2732 = DIRECTION('',(1.,0.,0.));
#2733 = ORIENTED_EDGE('',*,*,#2243,.T.);
#2734 = PLANE('',#2735);
#2735 = AXIS2_PLACEMENT_3D('',#2736,#2737,#2738);
#2736 = CARTESIAN_POINT('',(-11.9,7.4,6.8));
#2737 = DIRECTION('',(0.,1.,0.));
#2738 = DIRECTION('',(0.,0.,1.));
#2739 = ADVANCED_FACE('',(#2740),#2769,.F.);
#2740 = FACE_BOUND('',#2741,.F.);
#2741 = EDGE_LOOP('',(#2742,#2743,#2751,#2760,#2766,#2767,#2768));
#2742 = ORIENTED_EDGE('',*,*,#2054,.F.);
#2743 = ORIENTED_EDGE('',*,*,#2744,.T.);
#2744 = EDGE_CURVE('',#2047,#2745,#2747,.T.);
#2745 = VERTEX_POINT('',#2746);
#2746 = CARTESIAN_POINT('',(-7.16040365499,0.6,8.));
#2747 = LINE('',#2748,#2749);
#2748 = CARTESIAN_POINT('',(-11.9,0.6,8.));
#2749 = VECTOR('',#2750,1.);
#2750 = DIRECTION('',(1.,0.,0.));
#2751 = ORIENTED_EDGE('',*,*,#2752,.F.);
#2752 = EDGE_CURVE('',#2753,#2745,#2755,.T.);
#2753 = VERTEX_POINT('',#2754);
#2754 = CARTESIAN_POINT('',(-4.6,3.160403654991,8.));
#2755 = CIRCLE('',#2756,3.216854249492);
#2756 = AXIS2_PLACEMENT_3D('',#2757,#2758,#2759);
#2757 = CARTESIAN_POINT('',(-4.,0.,8.));
#2758 = DIRECTION('',(0.,0.,1.));
#2759 = DIRECTION('',(1.,0.,0.));
#2760 = ORIENTED_EDGE('',*,*,#2761,.T.);
#2761 = EDGE_CURVE('',#2753,#2268,#2762,.T.);
#2762 = LINE('',#2763,#2764);
#2763 = CARTESIAN_POINT('',(-4.6,-23.9,8.));
#2764 = VECTOR('',#2765,1.);
#2765 = DIRECTION('',(0.,1.,0.));
#2766 = ORIENTED_EDGE('',*,*,#2267,.F.);
#2767 = ORIENTED_EDGE('',*,*,#2251,.T.);
#2768 = ORIENTED_EDGE('',*,*,#2728,.F.);
#2769 = PLANE('',#2770);
#2770 = AXIS2_PLACEMENT_3D('',#2771,#2772,#2773);
#2771 = CARTESIAN_POINT('',(-2.919708029197,-0.973236009732,8.));
#2772 = DIRECTION('',(0.,0.,1.));
#2773 = DIRECTION('',(1.,0.,0.));
#2774 = ADVANCED_FACE('',(#2775),#2793,.T.);
#2775 = FACE_BOUND('',#2776,.T.);
#2776 = EDGE_LOOP('',(#2777,#2785,#2786,#2787));
#2777 = ORIENTED_EDGE('',*,*,#2778,.F.);
#2778 = EDGE_CURVE('',#2039,#2779,#2781,.T.);
#2779 = VERTEX_POINT('',#2780);
#2780 = CARTESIAN_POINT('',(-7.16040365499,0.6,6.8));
#2781 = LINE('',#2782,#2783);
#2782 = CARTESIAN_POINT('',(-11.9,0.6,6.8));
#2783 = VECTOR('',#2784,1.);
#2784 = DIRECTION('',(1.,0.,0.));
#2785 = ORIENTED_EDGE('',*,*,#2046,.T.);
#2786 = ORIENTED_EDGE('',*,*,#2744,.T.);
#2787 = ORIENTED_EDGE('',*,*,#2788,.T.);
#2788 = EDGE_CURVE('',#2745,#2779,#2789,.T.);
#2789 = LINE('',#2790,#2791);
#2790 = CARTESIAN_POINT('',(-7.16040365499,0.6,0.3));
#2791 = VECTOR('',#2792,1.);
#2792 = DIRECTION('',(-0.,-0.,-1.));
#2793 = PLANE('',#2794);
#2794 = AXIS2_PLACEMENT_3D('',#2795,#2796,#2797);
#2795 = CARTESIAN_POINT('',(-11.9,0.6,6.8));
#2796 = DIRECTION('',(0.,1.,0.));
#2797 = DIRECTION('',(0.,0.,1.));
#2798 = ADVANCED_FACE('',(#2799),#2818,.T.);
#2799 = FACE_BOUND('',#2800,.T.);
#2800 = EDGE_LOOP('',(#2801,#2810,#2816,#2817));
#2801 = ORIENTED_EDGE('',*,*,#2802,.F.);
#2802 = EDGE_CURVE('',#2803,#2779,#2805,.T.);
#2803 = VERTEX_POINT('',#2804);
#2804 = CARTESIAN_POINT('',(-7.16040365499,-0.6,6.8));
#2805 = CIRCLE('',#2806,3.216854249492);
#2806 = AXIS2_PLACEMENT_3D('',#2807,#2808,#2809);
#2807 = CARTESIAN_POINT('',(-4.,0.,6.8));
#2808 = DIRECTION('',(0.,0.,-1.));
#2809 = DIRECTION('',(1.,0.,0.));
#2810 = ORIENTED_EDGE('',*,*,#2811,.F.);
#2811 = EDGE_CURVE('',#2031,#2803,#2812,.T.);
#2812 = LINE('',#2813,#2814);
#2813 = CARTESIAN_POINT('',(-11.9,-0.6,6.8));
#2814 = VECTOR('',#2815,1.);
#2815 = DIRECTION('',(1.,0.,0.));
#2816 = ORIENTED_EDGE('',*,*,#2038,.T.);
#2817 = ORIENTED_EDGE('',*,*,#2778,.T.);
#2818 = PLANE('',#2819);
#2819 = AXIS2_PLACEMENT_3D('',#2820,#2821,#2822);
#2820 = CARTESIAN_POINT('',(-5.758418177516E-16,-1.228462544537E-17,6.8)
  );
#2821 = DIRECTION('',(-0.,-0.,-1.));
#2822 = DIRECTION('',(-1.,0.,0.));
#2823 = ADVANCED_FACE('',(#2824),#2842,.F.);
#2824 = FACE_BOUND('',#2825,.F.);
#2825 = EDGE_LOOP('',(#2826,#2827,#2828,#2836));
#2826 = ORIENTED_EDGE('',*,*,#2811,.F.);
#2827 = ORIENTED_EDGE('',*,*,#2030,.T.);
#2828 = ORIENTED_EDGE('',*,*,#2829,.T.);
#2829 = EDGE_CURVE('',#2023,#2830,#2832,.T.);
#2830 = VERTEX_POINT('',#2831);
#2831 = CARTESIAN_POINT('',(-7.16040365499,-0.6,8.));
#2832 = LINE('',#2833,#2834);
#2833 = CARTESIAN_POINT('',(-11.9,-0.6,8.));
#2834 = VECTOR('',#2835,1.);
#2835 = DIRECTION('',(1.,0.,0.));
#2836 = ORIENTED_EDGE('',*,*,#2837,.T.);
#2837 = EDGE_CURVE('',#2830,#2803,#2838,.T.);
#2838 = LINE('',#2839,#2840);
#2839 = CARTESIAN_POINT('',(-7.16040365499,-0.6,0.3));
#2840 = VECTOR('',#2841,1.);
#2841 = DIRECTION('',(-0.,-0.,-1.));
#2842 = PLANE('',#2843);
#2843 = AXIS2_PLACEMENT_3D('',#2844,#2845,#2846);
#2844 = CARTESIAN_POINT('',(-11.9,-0.6,6.8));
#2845 = DIRECTION('',(0.,1.,0.));
#2846 = DIRECTION('',(0.,0.,1.));
#2847 = ADVANCED_FACE('',(#2848),#2884,.F.);
#2848 = FACE_BOUND('',#2849,.F.);
#2849 = EDGE_LOOP('',(#2850,#2851,#2859,#2868,#2876,#2883));
#2850 = ORIENTED_EDGE('',*,*,#2022,.F.);
#2851 = ORIENTED_EDGE('',*,*,#2852,.T.);
#2852 = EDGE_CURVE('',#2015,#2853,#2855,.T.);
#2853 = VERTEX_POINT('',#2854);
#2854 = CARTESIAN_POINT('',(-7.16040365499,-7.4,8.));
#2855 = LINE('',#2856,#2857);
#2856 = CARTESIAN_POINT('',(-11.9,-7.4,8.));
#2857 = VECTOR('',#2858,1.);
#2858 = DIRECTION('',(1.,0.,0.));
#2859 = ORIENTED_EDGE('',*,*,#2860,.F.);
#2860 = EDGE_CURVE('',#2861,#2853,#2863,.T.);
#2861 = VERTEX_POINT('',#2862);
#2862 = CARTESIAN_POINT('',(-4.6,-4.839596345009,8.));
#2863 = CIRCLE('',#2864,3.216854249492);
#2864 = AXIS2_PLACEMENT_3D('',#2865,#2866,#2867);
#2865 = CARTESIAN_POINT('',(-4.,-8.,8.));
#2866 = DIRECTION('',(0.,0.,1.));
#2867 = DIRECTION('',(1.,0.,0.));
#2868 = ORIENTED_EDGE('',*,*,#2869,.T.);
#2869 = EDGE_CURVE('',#2861,#2870,#2872,.T.);
#2870 = VERTEX_POINT('',#2871);
#2871 = CARTESIAN_POINT('',(-4.6,-3.160403654991,8.));
#2872 = LINE('',#2873,#2874);
#2873 = CARTESIAN_POINT('',(-4.6,-23.9,8.));
#2874 = VECTOR('',#2875,1.);
#2875 = DIRECTION('',(0.,1.,0.));
#2876 = ORIENTED_EDGE('',*,*,#2877,.F.);
#2877 = EDGE_CURVE('',#2830,#2870,#2878,.T.);
#2878 = CIRCLE('',#2879,3.216854249492);
#2879 = AXIS2_PLACEMENT_3D('',#2880,#2881,#2882);
#2880 = CARTESIAN_POINT('',(-4.,0.,8.));
#2881 = DIRECTION('',(0.,0.,1.));
#2882 = DIRECTION('',(1.,0.,0.));
#2883 = ORIENTED_EDGE('',*,*,#2829,.F.);
#2884 = PLANE('',#2885);
#2885 = AXIS2_PLACEMENT_3D('',#2886,#2887,#2888);
#2886 = CARTESIAN_POINT('',(-2.919708029197,-0.973236009732,8.));
#2887 = DIRECTION('',(0.,0.,1.));
#2888 = DIRECTION('',(1.,0.,0.));
#2889 = ADVANCED_FACE('',(#2890),#2908,.T.);
#2890 = FACE_BOUND('',#2891,.T.);
#2891 = EDGE_LOOP('',(#2892,#2900,#2901,#2902));
#2892 = ORIENTED_EDGE('',*,*,#2893,.F.);
#2893 = EDGE_CURVE('',#2007,#2894,#2896,.T.);
#2894 = VERTEX_POINT('',#2895);
#2895 = CARTESIAN_POINT('',(-7.16040365499,-7.4,6.8));
#2896 = LINE('',#2897,#2898);
#2897 = CARTESIAN_POINT('',(-11.9,-7.4,6.8));
#2898 = VECTOR('',#2899,1.);
#2899 = DIRECTION('',(1.,0.,0.));
#2900 = ORIENTED_EDGE('',*,*,#2014,.T.);
#2901 = ORIENTED_EDGE('',*,*,#2852,.T.);
#2902 = ORIENTED_EDGE('',*,*,#2903,.T.);
#2903 = EDGE_CURVE('',#2853,#2894,#2904,.T.);
#2904 = LINE('',#2905,#2906);
#2905 = CARTESIAN_POINT('',(-7.16040365499,-7.4,0.3));
#2906 = VECTOR('',#2907,1.);
#2907 = DIRECTION('',(-0.,-0.,-1.));
#2908 = PLANE('',#2909);
#2909 = AXIS2_PLACEMENT_3D('',#2910,#2911,#2912);
#2910 = CARTESIAN_POINT('',(-11.9,-7.4,6.8));
#2911 = DIRECTION('',(0.,1.,0.));
#2912 = DIRECTION('',(0.,0.,1.));
#2913 = ADVANCED_FACE('',(#2914),#2933,.T.);
#2914 = FACE_BOUND('',#2915,.T.);
#2915 = EDGE_LOOP('',(#2916,#2925,#2931,#2932));
#2916 = ORIENTED_EDGE('',*,*,#2917,.F.);
#2917 = EDGE_CURVE('',#2918,#2894,#2920,.T.);
#2918 = VERTEX_POINT('',#2919);
#2919 = CARTESIAN_POINT('',(-7.16040365499,-8.6,6.8));
#2920 = CIRCLE('',#2921,3.216854249492);
#2921 = AXIS2_PLACEMENT_3D('',#2922,#2923,#2924);
#2922 = CARTESIAN_POINT('',(-4.,-8.,6.8));
#2923 = DIRECTION('',(0.,0.,-1.));
#2924 = DIRECTION('',(1.,0.,0.));
#2925 = ORIENTED_EDGE('',*,*,#2926,.F.);
#2926 = EDGE_CURVE('',#1999,#2918,#2927,.T.);
#2927 = LINE('',#2928,#2929);
#2928 = CARTESIAN_POINT('',(-11.9,-8.6,6.8));
#2929 = VECTOR('',#2930,1.);
#2930 = DIRECTION('',(1.,0.,0.));
#2931 = ORIENTED_EDGE('',*,*,#2006,.T.);
#2932 = ORIENTED_EDGE('',*,*,#2893,.T.);
#2933 = PLANE('',#2934);
#2934 = AXIS2_PLACEMENT_3D('',#2935,#2936,#2937);
#2935 = CARTESIAN_POINT('',(-5.758418177516E-16,-1.228462544537E-17,6.8)
  );
#2936 = DIRECTION('',(-0.,-0.,-1.));
#2937 = DIRECTION('',(-1.,0.,0.));
#2938 = ADVANCED_FACE('',(#2939),#2957,.F.);
#2939 = FACE_BOUND('',#2940,.F.);
#2940 = EDGE_LOOP('',(#2941,#2942,#2943,#2951));
#2941 = ORIENTED_EDGE('',*,*,#2926,.F.);
#2942 = ORIENTED_EDGE('',*,*,#1998,.T.);
#2943 = ORIENTED_EDGE('',*,*,#2944,.T.);
#2944 = EDGE_CURVE('',#1991,#2945,#2947,.T.);
#2945 = VERTEX_POINT('',#2946);
#2946 = CARTESIAN_POINT('',(-7.16040365499,-8.6,8.));
#2947 = LINE('',#2948,#2949);
#2948 = CARTESIAN_POINT('',(-11.9,-8.6,8.));
#2949 = VECTOR('',#2950,1.);
#2950 = DIRECTION('',(1.,0.,0.));
#2951 = ORIENTED_EDGE('',*,*,#2952,.T.);
#2952 = EDGE_CURVE('',#2945,#2918,#2953,.T.);
#2953 = LINE('',#2954,#2955);
#2954 = CARTESIAN_POINT('',(-7.16040365499,-8.6,0.3));
#2955 = VECTOR('',#2956,1.);
#2956 = DIRECTION('',(-0.,-0.,-1.));
#2957 = PLANE('',#2958);
#2958 = AXIS2_PLACEMENT_3D('',#2959,#2960,#2961);
#2959 = CARTESIAN_POINT('',(-11.9,-8.6,6.8));
#2960 = DIRECTION('',(0.,1.,0.));
#2961 = DIRECTION('',(0.,0.,1.));
#2962 = ADVANCED_FACE('',(#2963),#2999,.F.);
#2963 = FACE_BOUND('',#2964,.F.);
#2964 = EDGE_LOOP('',(#2965,#2966,#2974,#2983,#2991,#2998));
#2965 = ORIENTED_EDGE('',*,*,#1990,.F.);
#2966 = ORIENTED_EDGE('',*,*,#2967,.T.);
#2967 = EDGE_CURVE('',#1983,#2968,#2970,.T.);
#2968 = VERTEX_POINT('',#2969);
#2969 = CARTESIAN_POINT('',(-7.16040365499,-15.4,8.));
#2970 = LINE('',#2971,#2972);
#2971 = CARTESIAN_POINT('',(-11.9,-15.4,8.));
#2972 = VECTOR('',#2973,1.);
#2973 = DIRECTION('',(1.,0.,0.));
#2974 = ORIENTED_EDGE('',*,*,#2975,.F.);
#2975 = EDGE_CURVE('',#2976,#2968,#2978,.T.);
#2976 = VERTEX_POINT('',#2977);
#2977 = CARTESIAN_POINT('',(-4.6,-12.839596345,8.));
#2978 = CIRCLE('',#2979,3.216854249492);
#2979 = AXIS2_PLACEMENT_3D('',#2980,#2981,#2982);
#2980 = CARTESIAN_POINT('',(-4.,-16.,8.));
#2981 = DIRECTION('',(0.,0.,1.));
#2982 = DIRECTION('',(1.,0.,0.));
#2983 = ORIENTED_EDGE('',*,*,#2984,.T.);
#2984 = EDGE_CURVE('',#2976,#2985,#2987,.T.);
#2985 = VERTEX_POINT('',#2986);
#2986 = CARTESIAN_POINT('',(-4.6,-11.16040365499,8.));
#2987 = LINE('',#2988,#2989);
#2988 = CARTESIAN_POINT('',(-4.6,-23.9,8.));
#2989 = VECTOR('',#2990,1.);
#2990 = DIRECTION('',(0.,1.,0.));
#2991 = ORIENTED_EDGE('',*,*,#2992,.F.);
#2992 = EDGE_CURVE('',#2945,#2985,#2993,.T.);
#2993 = CIRCLE('',#2994,3.216854249492);
#2994 = AXIS2_PLACEMENT_3D('',#2995,#2996,#2997);
#2995 = CARTESIAN_POINT('',(-4.,-8.,8.));
#2996 = DIRECTION('',(0.,0.,1.));
#2997 = DIRECTION('',(1.,0.,0.));
#2998 = ORIENTED_EDGE('',*,*,#2944,.F.);
#2999 = PLANE('',#3000);
#3000 = AXIS2_PLACEMENT_3D('',#3001,#3002,#3003);
#3001 = CARTESIAN_POINT('',(-2.919708029197,-0.973236009732,8.));
#3002 = DIRECTION('',(0.,0.,1.));
#3003 = DIRECTION('',(1.,0.,0.));
#3004 = ADVANCED_FACE('',(#3005),#3023,.T.);
#3005 = FACE_BOUND('',#3006,.T.);
#3006 = EDGE_LOOP('',(#3007,#3015,#3016,#3017));
#3007 = ORIENTED_EDGE('',*,*,#3008,.F.);
#3008 = EDGE_CURVE('',#1975,#3009,#3011,.T.);
#3009 = VERTEX_POINT('',#3010);
#3010 = CARTESIAN_POINT('',(-7.16040365499,-15.4,6.8));
#3011 = LINE('',#3012,#3013);
#3012 = CARTESIAN_POINT('',(-11.9,-15.4,6.8));
#3013 = VECTOR('',#3014,1.);
#3014 = DIRECTION('',(1.,0.,0.));
#3015 = ORIENTED_EDGE('',*,*,#1982,.T.);
#3016 = ORIENTED_EDGE('',*,*,#2967,.T.);
#3017 = ORIENTED_EDGE('',*,*,#3018,.T.);
#3018 = EDGE_CURVE('',#2968,#3009,#3019,.T.);
#3019 = LINE('',#3020,#3021);
#3020 = CARTESIAN_POINT('',(-7.16040365499,-15.4,0.3));
#3021 = VECTOR('',#3022,1.);
#3022 = DIRECTION('',(-0.,-0.,-1.));
#3023 = PLANE('',#3024);
#3024 = AXIS2_PLACEMENT_3D('',#3025,#3026,#3027);
#3025 = CARTESIAN_POINT('',(-11.9,-15.4,6.8));
#3026 = DIRECTION('',(0.,1.,0.));
#3027 = DIRECTION('',(0.,0.,1.));
#3028 = ADVANCED_FACE('',(#3029),#3048,.T.);
#3029 = FACE_BOUND('',#3030,.T.);
#3030 = EDGE_LOOP('',(#3031,#3040,#3046,#3047));
#3031 = ORIENTED_EDGE('',*,*,#3032,.F.);
#3032 = EDGE_CURVE('',#3033,#3009,#3035,.T.);
#3033 = VERTEX_POINT('',#3034);
#3034 = CARTESIAN_POINT('',(-7.16040365499,-16.6,6.8));
#3035 = CIRCLE('',#3036,3.216854249492);
#3036 = AXIS2_PLACEMENT_3D('',#3037,#3038,#3039);
#3037 = CARTESIAN_POINT('',(-4.,-16.,6.8));
#3038 = DIRECTION('',(0.,0.,-1.));
#3039 = DIRECTION('',(1.,0.,0.));
#3040 = ORIENTED_EDGE('',*,*,#3041,.F.);
#3041 = EDGE_CURVE('',#1967,#3033,#3042,.T.);
#3042 = LINE('',#3043,#3044);
#3043 = CARTESIAN_POINT('',(-11.9,-16.6,6.8));
#3044 = VECTOR('',#3045,1.);
#3045 = DIRECTION('',(1.,0.,0.));
#3046 = ORIENTED_EDGE('',*,*,#1974,.T.);
#3047 = ORIENTED_EDGE('',*,*,#3008,.T.);
#3048 = PLANE('',#3049);
#3049 = AXIS2_PLACEMENT_3D('',#3050,#3051,#3052);
#3050 = CARTESIAN_POINT('',(-5.758418177516E-16,-1.228462544537E-17,6.8)
  );
#3051 = DIRECTION('',(-0.,-0.,-1.));
#3052 = DIRECTION('',(-1.,0.,0.));
#3053 = ADVANCED_FACE('',(#3054),#3072,.F.);
#3054 = FACE_BOUND('',#3055,.F.);
#3055 = EDGE_LOOP('',(#3056,#3057,#3058,#3066));
#3056 = ORIENTED_EDGE('',*,*,#3041,.F.);
#3057 = ORIENTED_EDGE('',*,*,#1966,.T.);
#3058 = ORIENTED_EDGE('',*,*,#3059,.T.);
#3059 = EDGE_CURVE('',#1959,#3060,#3062,.T.);
#3060 = VERTEX_POINT('',#3061);
#3061 = CARTESIAN_POINT('',(-7.16040365499,-16.6,8.));
#3062 = LINE('',#3063,#3064);
#3063 = CARTESIAN_POINT('',(-11.9,-16.6,8.));
#3064 = VECTOR('',#3065,1.);
#3065 = DIRECTION('',(1.,0.,0.));
#3066 = ORIENTED_EDGE('',*,*,#3067,.T.);
#3067 = EDGE_CURVE('',#3060,#3033,#3068,.T.);
#3068 = LINE('',#3069,#3070);
#3069 = CARTESIAN_POINT('',(-7.16040365499,-16.6,0.3));
#3070 = VECTOR('',#3071,1.);
#3071 = DIRECTION('',(-0.,-0.,-1.));
#3072 = PLANE('',#3073);
#3073 = AXIS2_PLACEMENT_3D('',#3074,#3075,#3076);
#3074 = CARTESIAN_POINT('',(-11.9,-16.6,6.8));
#3075 = DIRECTION('',(0.,1.,0.));
#3076 = DIRECTION('',(0.,0.,1.));
#3077 = ADVANCED_FACE('',(#3078),#3098,.F.);
#3078 = FACE_BOUND('',#3079,.F.);
#3079 = EDGE_LOOP('',(#3080,#3081,#3082,#3090,#3097));
#3080 = ORIENTED_EDGE('',*,*,#1958,.F.);
#3081 = ORIENTED_EDGE('',*,*,#2560,.T.);
#3082 = ORIENTED_EDGE('',*,*,#3083,.T.);
#3083 = EDGE_CURVE('',#2561,#3084,#3086,.T.);
#3084 = VERTEX_POINT('',#3085);
#3085 = CARTESIAN_POINT('',(-4.6,-19.16040365499,8.));
#3086 = LINE('',#3087,#3088);
#3087 = CARTESIAN_POINT('',(-4.6,-23.9,8.));
#3088 = VECTOR('',#3089,1.);
#3089 = DIRECTION('',(0.,1.,0.));
#3090 = ORIENTED_EDGE('',*,*,#3091,.F.);
#3091 = EDGE_CURVE('',#3060,#3084,#3092,.T.);
#3092 = CIRCLE('',#3093,3.216854249492);
#3093 = AXIS2_PLACEMENT_3D('',#3094,#3095,#3096);
#3094 = CARTESIAN_POINT('',(-4.,-16.,8.));
#3095 = DIRECTION('',(0.,0.,1.));
#3096 = DIRECTION('',(1.,0.,0.));
#3097 = ORIENTED_EDGE('',*,*,#3059,.F.);
#3098 = PLANE('',#3099);
#3099 = AXIS2_PLACEMENT_3D('',#3100,#3101,#3102);
#3100 = CARTESIAN_POINT('',(-2.919708029197,-0.973236009732,8.));
#3101 = DIRECTION('',(0.,0.,1.));
#3102 = DIRECTION('',(1.,0.,0.));
#3103 = ADVANCED_FACE('',(#3104),#3131,.F.);
#3104 = FACE_BOUND('',#3105,.F.);
#3105 = EDGE_LOOP('',(#3106,#3107,#3115,#3124,#3130));
#3106 = ORIENTED_EDGE('',*,*,#2331,.F.);
#3107 = ORIENTED_EDGE('',*,*,#3108,.F.);
#3108 = EDGE_CURVE('',#3109,#2324,#3111,.T.);
#3109 = VERTEX_POINT('',#3110);
#3110 = CARTESIAN_POINT('',(4.6,3.16040365499,8.));
#3111 = LINE('',#3112,#3113);
#3112 = CARTESIAN_POINT('',(4.6,-23.9,8.));
#3113 = VECTOR('',#3114,1.);
#3114 = DIRECTION('',(0.,1.,0.));
#3115 = ORIENTED_EDGE('',*,*,#3116,.F.);
#3116 = EDGE_CURVE('',#3117,#3109,#3119,.T.);
#3117 = VERTEX_POINT('',#3118);
#3118 = CARTESIAN_POINT('',(7.16040365499,0.6,8.));
#3119 = CIRCLE('',#3120,3.216854249492);
#3120 = AXIS2_PLACEMENT_3D('',#3121,#3122,#3123);
#3121 = CARTESIAN_POINT('',(4.,0.,8.));
#3122 = DIRECTION('',(0.,0.,1.));
#3123 = DIRECTION('',(1.,0.,0.));
#3124 = ORIENTED_EDGE('',*,*,#3125,.T.);
#3125 = EDGE_CURVE('',#3117,#2366,#3126,.T.);
#3126 = LINE('',#3127,#3128);
#3127 = CARTESIAN_POINT('',(-11.9,0.6,8.));
#3128 = VECTOR('',#3129,1.);
#3129 = DIRECTION('',(1.,0.,0.));
#3130 = ORIENTED_EDGE('',*,*,#2365,.T.);
#3131 = PLANE('',#3132);
#3132 = AXIS2_PLACEMENT_3D('',#3133,#3134,#3135);
#3133 = CARTESIAN_POINT('',(-2.919708029197,-0.973236009732,8.));
#3134 = DIRECTION('',(0.,0.,1.));
#3135 = DIRECTION('',(1.,0.,0.));
#3136 = ADVANCED_FACE('',(#3137),#3155,.T.);
#3137 = FACE_BOUND('',#3138,.T.);
#3138 = EDGE_LOOP('',(#3139,#3140,#3148,#3154));
#3139 = ORIENTED_EDGE('',*,*,#3108,.F.);
#3140 = ORIENTED_EDGE('',*,*,#3141,.T.);
#3141 = EDGE_CURVE('',#3109,#3142,#3144,.T.);
#3142 = VERTEX_POINT('',#3143);
#3143 = CARTESIAN_POINT('',(4.6,3.16040365499,6.8));
#3144 = LINE('',#3145,#3146);
#3145 = CARTESIAN_POINT('',(4.6,3.16040365499,0.3));
#3146 = VECTOR('',#3147,1.);
#3147 = DIRECTION('',(-0.,-0.,-1.));
#3148 = ORIENTED_EDGE('',*,*,#3149,.T.);
#3149 = EDGE_CURVE('',#3142,#2316,#3150,.T.);
#3150 = LINE('',#3151,#3152);
#3151 = CARTESIAN_POINT('',(4.6,-23.9,6.8));
#3152 = VECTOR('',#3153,1.);
#3153 = DIRECTION('',(0.,1.,0.));
#3154 = ORIENTED_EDGE('',*,*,#2323,.T.);
#3155 = PLANE('',#3156);
#3156 = AXIS2_PLACEMENT_3D('',#3157,#3158,#3159);
#3157 = CARTESIAN_POINT('',(4.6,-23.9,6.8));
#3158 = DIRECTION('',(1.,0.,0.));
#3159 = DIRECTION('',(0.,0.,1.));
#3160 = ADVANCED_FACE('',(#3161),#3180,.T.);
#3161 = FACE_BOUND('',#3162,.T.);
#3162 = EDGE_LOOP('',(#3163,#3172,#3178,#3179));
#3163 = ORIENTED_EDGE('',*,*,#3164,.F.);
#3164 = EDGE_CURVE('',#3165,#3142,#3167,.T.);
#3165 = VERTEX_POINT('',#3166);
#3166 = CARTESIAN_POINT('',(3.4,3.16040365499,6.8));
#3167 = CIRCLE('',#3168,3.216854249492);
#3168 = AXIS2_PLACEMENT_3D('',#3169,#3170,#3171);
#3169 = CARTESIAN_POINT('',(4.,0.,6.8));
#3170 = DIRECTION('',(0.,0.,-1.));
#3171 = DIRECTION('',(1.,0.,0.));
#3172 = ORIENTED_EDGE('',*,*,#3173,.T.);
#3173 = EDGE_CURVE('',#3165,#2308,#3174,.T.);
#3174 = LINE('',#3175,#3176);
#3175 = CARTESIAN_POINT('',(3.4,-23.9,6.8));
#3176 = VECTOR('',#3177,1.);
#3177 = DIRECTION('',(0.,1.,0.));
#3178 = ORIENTED_EDGE('',*,*,#2315,.T.);
#3179 = ORIENTED_EDGE('',*,*,#3149,.F.);
#3180 = PLANE('',#3181);
#3181 = AXIS2_PLACEMENT_3D('',#3182,#3183,#3184);
#3182 = CARTESIAN_POINT('',(-5.758418177516E-16,-1.228462544537E-17,6.8)
  );
#3183 = DIRECTION('',(-0.,-0.,-1.));
#3184 = DIRECTION('',(-1.,0.,0.));
#3185 = ADVANCED_FACE('',(#3186),#3204,.F.);
#3186 = FACE_BOUND('',#3187,.F.);
#3187 = EDGE_LOOP('',(#3188,#3196,#3202,#3203));
#3188 = ORIENTED_EDGE('',*,*,#3189,.F.);
#3189 = EDGE_CURVE('',#3190,#2300,#3192,.T.);
#3190 = VERTEX_POINT('',#3191);
#3191 = CARTESIAN_POINT('',(3.4,3.160403654991,8.));
#3192 = LINE('',#3193,#3194);
#3193 = CARTESIAN_POINT('',(3.4,-23.9,8.));
#3194 = VECTOR('',#3195,1.);
#3195 = DIRECTION('',(0.,1.,0.));
#3196 = ORIENTED_EDGE('',*,*,#3197,.T.);
#3197 = EDGE_CURVE('',#3190,#3165,#3198,.T.);
#3198 = LINE('',#3199,#3200);
#3199 = CARTESIAN_POINT('',(3.4,3.16040365499,0.3));
#3200 = VECTOR('',#3201,1.);
#3201 = DIRECTION('',(-0.,-0.,-1.));
#3202 = ORIENTED_EDGE('',*,*,#3173,.T.);
#3203 = ORIENTED_EDGE('',*,*,#2307,.T.);
#3204 = PLANE('',#3205);
#3205 = AXIS2_PLACEMENT_3D('',#3206,#3207,#3208);
#3206 = CARTESIAN_POINT('',(3.4,-23.9,6.8));
#3207 = DIRECTION('',(1.,0.,0.));
#3208 = DIRECTION('',(0.,0.,1.));
#3209 = ADVANCED_FACE('',(#3210),#3246,.F.);
#3210 = FACE_BOUND('',#3211,.F.);
#3211 = EDGE_LOOP('',(#3212,#3220,#3229,#3237,#3244,#3245));
#3212 = ORIENTED_EDGE('',*,*,#3213,.F.);
#3213 = EDGE_CURVE('',#3214,#2292,#3216,.T.);
#3214 = VERTEX_POINT('',#3215);
#3215 = CARTESIAN_POINT('',(-3.4,3.16040365499,8.));
#3216 = LINE('',#3217,#3218);
#3217 = CARTESIAN_POINT('',(-3.4,-23.9,8.));
#3218 = VECTOR('',#3219,1.);
#3219 = DIRECTION('',(0.,1.,0.));
#3220 = ORIENTED_EDGE('',*,*,#3221,.F.);
#3221 = EDGE_CURVE('',#3222,#3214,#3224,.T.);
#3222 = VERTEX_POINT('',#3223);
#3223 = CARTESIAN_POINT('',(-0.83959634501,0.6,8.));
#3224 = CIRCLE('',#3225,3.216854249492);
#3225 = AXIS2_PLACEMENT_3D('',#3226,#3227,#3228);
#3226 = CARTESIAN_POINT('',(-4.,0.,8.));
#3227 = DIRECTION('',(0.,0.,1.));
#3228 = DIRECTION('',(1.,0.,0.));
#3229 = ORIENTED_EDGE('',*,*,#3230,.T.);
#3230 = EDGE_CURVE('',#3222,#3231,#3233,.T.);
#3231 = VERTEX_POINT('',#3232);
#3232 = CARTESIAN_POINT('',(0.83959634501,0.6,8.));
#3233 = LINE('',#3234,#3235);
#3234 = CARTESIAN_POINT('',(-11.9,0.6,8.));
#3235 = VECTOR('',#3236,1.);
#3236 = DIRECTION('',(1.,0.,0.));
#3237 = ORIENTED_EDGE('',*,*,#3238,.F.);
#3238 = EDGE_CURVE('',#3190,#3231,#3239,.T.);
#3239 = CIRCLE('',#3240,3.216854249492);
#3240 = AXIS2_PLACEMENT_3D('',#3241,#3242,#3243);
#3241 = CARTESIAN_POINT('',(4.,0.,8.));
#3242 = DIRECTION('',(0.,0.,1.));
#3243 = DIRECTION('',(1.,0.,0.));
#3244 = ORIENTED_EDGE('',*,*,#3189,.T.);
#3245 = ORIENTED_EDGE('',*,*,#2299,.F.);
#3246 = PLANE('',#3247);
#3247 = AXIS2_PLACEMENT_3D('',#3248,#3249,#3250);
#3248 = CARTESIAN_POINT('',(-2.919708029197,-0.973236009732,8.));
#3249 = DIRECTION('',(0.,0.,1.));
#3250 = DIRECTION('',(1.,0.,0.));
#3251 = ADVANCED_FACE('',(#3252),#3270,.T.);
#3252 = FACE_BOUND('',#3253,.T.);
#3253 = EDGE_LOOP('',(#3254,#3255,#3263,#3269));
#3254 = ORIENTED_EDGE('',*,*,#3213,.F.);
#3255 = ORIENTED_EDGE('',*,*,#3256,.T.);
#3256 = EDGE_CURVE('',#3214,#3257,#3259,.T.);
#3257 = VERTEX_POINT('',#3258);
#3258 = CARTESIAN_POINT('',(-3.4,3.16040365499,6.8));
#3259 = LINE('',#3260,#3261);
#3260 = CARTESIAN_POINT('',(-3.4,3.16040365499,0.3));
#3261 = VECTOR('',#3262,1.);
#3262 = DIRECTION('',(-0.,-0.,-1.));
#3263 = ORIENTED_EDGE('',*,*,#3264,.T.);
#3264 = EDGE_CURVE('',#3257,#2284,#3265,.T.);
#3265 = LINE('',#3266,#3267);
#3266 = CARTESIAN_POINT('',(-3.4,-23.9,6.8));
#3267 = VECTOR('',#3268,1.);
#3268 = DIRECTION('',(0.,1.,0.));
#3269 = ORIENTED_EDGE('',*,*,#2291,.T.);
#3270 = PLANE('',#3271);
#3271 = AXIS2_PLACEMENT_3D('',#3272,#3273,#3274);
#3272 = CARTESIAN_POINT('',(-3.4,-23.9,6.8));
#3273 = DIRECTION('',(1.,0.,0.));
#3274 = DIRECTION('',(0.,0.,1.));
#3275 = ADVANCED_FACE('',(#3276),#3295,.T.);
#3276 = FACE_BOUND('',#3277,.T.);
#3277 = EDGE_LOOP('',(#3278,#3287,#3293,#3294));
#3278 = ORIENTED_EDGE('',*,*,#3279,.F.);
#3279 = EDGE_CURVE('',#3280,#3257,#3282,.T.);
#3280 = VERTEX_POINT('',#3281);
#3281 = CARTESIAN_POINT('',(-4.6,3.16040365499,6.8));
#3282 = CIRCLE('',#3283,3.216854249492);
#3283 = AXIS2_PLACEMENT_3D('',#3284,#3285,#3286);
#3284 = CARTESIAN_POINT('',(-4.,0.,6.8));
#3285 = DIRECTION('',(0.,0.,-1.));
#3286 = DIRECTION('',(1.,0.,0.));
#3287 = ORIENTED_EDGE('',*,*,#3288,.T.);
#3288 = EDGE_CURVE('',#3280,#2276,#3289,.T.);
#3289 = LINE('',#3290,#3291);
#3290 = CARTESIAN_POINT('',(-4.6,-23.9,6.8));
#3291 = VECTOR('',#3292,1.);
#3292 = DIRECTION('',(0.,1.,0.));
#3293 = ORIENTED_EDGE('',*,*,#2283,.T.);
#3294 = ORIENTED_EDGE('',*,*,#3264,.F.);
#3295 = PLANE('',#3296);
#3296 = AXIS2_PLACEMENT_3D('',#3297,#3298,#3299);
#3297 = CARTESIAN_POINT('',(-5.758418177516E-16,-1.228462544537E-17,6.8)
  );
#3298 = DIRECTION('',(-0.,-0.,-1.));
#3299 = DIRECTION('',(-1.,0.,0.));
#3300 = ADVANCED_FACE('',(#3301),#3312,.F.);
#3301 = FACE_BOUND('',#3302,.F.);
#3302 = EDGE_LOOP('',(#3303,#3304,#3310,#3311));
#3303 = ORIENTED_EDGE('',*,*,#2761,.F.);
#3304 = ORIENTED_EDGE('',*,*,#3305,.T.);
#3305 = EDGE_CURVE('',#2753,#3280,#3306,.T.);
#3306 = LINE('',#3307,#3308);
#3307 = CARTESIAN_POINT('',(-4.6,3.16040365499,0.3));
#3308 = VECTOR('',#3309,1.);
#3309 = DIRECTION('',(-0.,-0.,-1.));
#3310 = ORIENTED_EDGE('',*,*,#3288,.T.);
#3311 = ORIENTED_EDGE('',*,*,#2275,.T.);
#3312 = PLANE('',#3313);
#3313 = AXIS2_PLACEMENT_3D('',#3314,#3315,#3316);
#3314 = CARTESIAN_POINT('',(-4.6,-23.9,6.8));
#3315 = DIRECTION('',(1.,0.,0.));
#3316 = DIRECTION('',(0.,0.,1.));
#3317 = ADVANCED_FACE('',(#3318),#3345,.F.);
#3318 = FACE_BOUND('',#3319,.F.);
#3319 = EDGE_LOOP('',(#3320,#3328,#3329,#3330,#3338));
#3320 = ORIENTED_EDGE('',*,*,#3321,.F.);
#3321 = EDGE_CURVE('',#2445,#3322,#3324,.T.);
#3322 = VERTEX_POINT('',#3323);
#3323 = CARTESIAN_POINT('',(4.6,-3.16040365499,8.));
#3324 = LINE('',#3325,#3326);
#3325 = CARTESIAN_POINT('',(4.6,-23.9,8.));
#3326 = VECTOR('',#3327,1.);
#3327 = DIRECTION('',(0.,1.,0.));
#3328 = ORIENTED_EDGE('',*,*,#2452,.T.);
#3329 = ORIENTED_EDGE('',*,*,#2397,.T.);
#3330 = ORIENTED_EDGE('',*,*,#3331,.F.);
#3331 = EDGE_CURVE('',#3332,#2390,#3334,.T.);
#3332 = VERTEX_POINT('',#3333);
#3333 = CARTESIAN_POINT('',(7.16040365499,-0.6,8.));
#3334 = LINE('',#3335,#3336);
#3335 = CARTESIAN_POINT('',(-11.9,-0.6,8.));
#3336 = VECTOR('',#3337,1.);
#3337 = DIRECTION('',(1.,0.,0.));
#3338 = ORIENTED_EDGE('',*,*,#3339,.F.);
#3339 = EDGE_CURVE('',#3322,#3332,#3340,.T.);
#3340 = CIRCLE('',#3341,3.216854249492);
#3341 = AXIS2_PLACEMENT_3D('',#3342,#3343,#3344);
#3342 = CARTESIAN_POINT('',(4.,0.,8.));
#3343 = DIRECTION('',(0.,0.,1.));
#3344 = DIRECTION('',(1.,0.,0.));
#3345 = PLANE('',#3346);
#3346 = AXIS2_PLACEMENT_3D('',#3347,#3348,#3349);
#3347 = CARTESIAN_POINT('',(-2.919708029197,-0.973236009732,8.));
#3348 = DIRECTION('',(0.,0.,1.));
#3349 = DIRECTION('',(1.,0.,0.));
#3350 = ADVANCED_FACE('',(#3351),#3369,.F.);
#3351 = FACE_BOUND('',#3352,.F.);
#3352 = EDGE_LOOP('',(#3353,#3361,#3367,#3368));
#3353 = ORIENTED_EDGE('',*,*,#3354,.F.);
#3354 = EDGE_CURVE('',#3355,#2382,#3357,.T.);
#3355 = VERTEX_POINT('',#3356);
#3356 = CARTESIAN_POINT('',(7.16040365499,-0.6,6.8));
#3357 = LINE('',#3358,#3359);
#3358 = CARTESIAN_POINT('',(-11.9,-0.6,6.8));
#3359 = VECTOR('',#3360,1.);
#3360 = DIRECTION('',(1.,0.,0.));
#3361 = ORIENTED_EDGE('',*,*,#3362,.F.);
#3362 = EDGE_CURVE('',#3332,#3355,#3363,.T.);
#3363 = LINE('',#3364,#3365);
#3364 = CARTESIAN_POINT('',(7.16040365499,-0.6,0.3));
#3365 = VECTOR('',#3366,1.);
#3366 = DIRECTION('',(-0.,-0.,-1.));
#3367 = ORIENTED_EDGE('',*,*,#3331,.T.);
#3368 = ORIENTED_EDGE('',*,*,#2389,.T.);
#3369 = PLANE('',#3370);
#3370 = AXIS2_PLACEMENT_3D('',#3371,#3372,#3373);
#3371 = CARTESIAN_POINT('',(-11.9,-0.6,6.8));
#3372 = DIRECTION('',(0.,1.,0.));
#3373 = DIRECTION('',(0.,0.,1.));
#3374 = ADVANCED_FACE('',(#3375),#3403,.T.);
#3375 = FACE_BOUND('',#3376,.T.);
#3376 = EDGE_LOOP('',(#3377,#3378,#3387,#3396,#3402));
#3377 = ORIENTED_EDGE('',*,*,#3354,.F.);
#3378 = ORIENTED_EDGE('',*,*,#3379,.F.);
#3379 = EDGE_CURVE('',#3380,#3355,#3382,.T.);
#3380 = VERTEX_POINT('',#3381);
#3381 = CARTESIAN_POINT('',(7.216854249492,-7.879020519929E-16,6.8));
#3382 = CIRCLE('',#3383,3.216854249492);
#3383 = AXIS2_PLACEMENT_3D('',#3384,#3385,#3386);
#3384 = CARTESIAN_POINT('',(4.,0.,6.8));
#3385 = DIRECTION('',(0.,0.,-1.));
#3386 = DIRECTION('',(1.,0.,0.));
#3387 = ORIENTED_EDGE('',*,*,#3388,.F.);
#3388 = EDGE_CURVE('',#3389,#3380,#3391,.T.);
#3389 = VERTEX_POINT('',#3390);
#3390 = CARTESIAN_POINT('',(7.16040365499,0.6,6.8));
#3391 = CIRCLE('',#3392,3.216854249492);
#3392 = AXIS2_PLACEMENT_3D('',#3393,#3394,#3395);
#3393 = CARTESIAN_POINT('',(4.,0.,6.8));
#3394 = DIRECTION('',(0.,0.,-1.));
#3395 = DIRECTION('',(1.,0.,0.));
#3396 = ORIENTED_EDGE('',*,*,#3397,.T.);
#3397 = EDGE_CURVE('',#3389,#2374,#3398,.T.);
#3398 = LINE('',#3399,#3400);
#3399 = CARTESIAN_POINT('',(-11.9,0.6,6.8));
#3400 = VECTOR('',#3401,1.);
#3401 = DIRECTION('',(1.,0.,0.));
#3402 = ORIENTED_EDGE('',*,*,#2381,.T.);
#3403 = PLANE('',#3404);
#3404 = AXIS2_PLACEMENT_3D('',#3405,#3406,#3407);
#3405 = CARTESIAN_POINT('',(-5.758418177516E-16,-1.228462544537E-17,6.8)
  );
#3406 = DIRECTION('',(-0.,-0.,-1.));
#3407 = DIRECTION('',(-1.,0.,0.));
#3408 = ADVANCED_FACE('',(#3409),#3420,.T.);
#3409 = FACE_BOUND('',#3410,.T.);
#3410 = EDGE_LOOP('',(#3411,#3412,#3418,#3419));
#3411 = ORIENTED_EDGE('',*,*,#3397,.F.);
#3412 = ORIENTED_EDGE('',*,*,#3413,.F.);
#3413 = EDGE_CURVE('',#3117,#3389,#3414,.T.);
#3414 = LINE('',#3415,#3416);
#3415 = CARTESIAN_POINT('',(7.16040365499,0.6,0.3));
#3416 = VECTOR('',#3417,1.);
#3417 = DIRECTION('',(-0.,-0.,-1.));
#3418 = ORIENTED_EDGE('',*,*,#3125,.T.);
#3419 = ORIENTED_EDGE('',*,*,#2373,.T.);
#3420 = PLANE('',#3421);
#3421 = AXIS2_PLACEMENT_3D('',#3422,#3423,#3424);
#3422 = CARTESIAN_POINT('',(-11.9,0.6,6.8));
#3423 = DIRECTION('',(0.,1.,0.));
#3424 = DIRECTION('',(0.,0.,1.));
#3425 = ADVANCED_FACE('',(#3426),#3444,.T.);
#3426 = FACE_BOUND('',#3427,.T.);
#3427 = EDGE_LOOP('',(#3428,#3429,#3430,#3438));
#3428 = ORIENTED_EDGE('',*,*,#3321,.F.);
#3429 = ORIENTED_EDGE('',*,*,#2444,.F.);
#3430 = ORIENTED_EDGE('',*,*,#3431,.T.);
#3431 = EDGE_CURVE('',#2437,#3432,#3434,.T.);
#3432 = VERTEX_POINT('',#3433);
#3433 = CARTESIAN_POINT('',(4.6,-3.16040365499,6.8));
#3434 = LINE('',#3435,#3436);
#3435 = CARTESIAN_POINT('',(4.6,-23.9,6.8));
#3436 = VECTOR('',#3437,1.);
#3437 = DIRECTION('',(0.,1.,0.));
#3438 = ORIENTED_EDGE('',*,*,#3439,.F.);
#3439 = EDGE_CURVE('',#3322,#3432,#3440,.T.);
#3440 = LINE('',#3441,#3442);
#3441 = CARTESIAN_POINT('',(4.6,-3.16040365499,0.3));
#3442 = VECTOR('',#3443,1.);
#3443 = DIRECTION('',(-0.,-0.,-1.));
#3444 = PLANE('',#3445);
#3445 = AXIS2_PLACEMENT_3D('',#3446,#3447,#3448);
#3446 = CARTESIAN_POINT('',(4.6,-23.9,6.8));
#3447 = DIRECTION('',(1.,0.,0.));
#3448 = DIRECTION('',(0.,0.,1.));
#3449 = ADVANCED_FACE('',(#3450),#3469,.T.);
#3450 = FACE_BOUND('',#3451,.T.);
#3451 = EDGE_LOOP('',(#3452,#3460,#3467,#3468));
#3452 = ORIENTED_EDGE('',*,*,#3453,.T.);
#3453 = EDGE_CURVE('',#2429,#3454,#3456,.T.);
#3454 = VERTEX_POINT('',#3455);
#3455 = CARTESIAN_POINT('',(3.4,-3.16040365499,6.8));
#3456 = LINE('',#3457,#3458);
#3457 = CARTESIAN_POINT('',(3.4,-23.9,6.8));
#3458 = VECTOR('',#3459,1.);
#3459 = DIRECTION('',(0.,1.,0.));
#3460 = ORIENTED_EDGE('',*,*,#3461,.F.);
#3461 = EDGE_CURVE('',#3432,#3454,#3462,.T.);
#3462 = CIRCLE('',#3463,3.216854249492);
#3463 = AXIS2_PLACEMENT_3D('',#3464,#3465,#3466);
#3464 = CARTESIAN_POINT('',(4.,0.,6.8));
#3465 = DIRECTION('',(0.,0.,-1.));
#3466 = DIRECTION('',(1.,0.,0.));
#3467 = ORIENTED_EDGE('',*,*,#3431,.F.);
#3468 = ORIENTED_EDGE('',*,*,#2436,.F.);
#3469 = PLANE('',#3470);
#3470 = AXIS2_PLACEMENT_3D('',#3471,#3472,#3473);
#3471 = CARTESIAN_POINT('',(-5.758418177516E-16,-1.228462544537E-17,6.8)
  );
#3472 = DIRECTION('',(-0.,-0.,-1.));
#3473 = DIRECTION('',(-1.,0.,0.));
#3474 = ADVANCED_FACE('',(#3475),#3493,.F.);
#3475 = FACE_BOUND('',#3476,.F.);
#3476 = EDGE_LOOP('',(#3477,#3485,#3486,#3487));
#3477 = ORIENTED_EDGE('',*,*,#3478,.F.);
#3478 = EDGE_CURVE('',#2421,#3479,#3481,.T.);
#3479 = VERTEX_POINT('',#3480);
#3480 = CARTESIAN_POINT('',(3.4,-3.160403654991,8.));
#3481 = LINE('',#3482,#3483);
#3482 = CARTESIAN_POINT('',(3.4,-23.9,8.));
#3483 = VECTOR('',#3484,1.);
#3484 = DIRECTION('',(0.,1.,0.));
#3485 = ORIENTED_EDGE('',*,*,#2428,.F.);
#3486 = ORIENTED_EDGE('',*,*,#3453,.T.);
#3487 = ORIENTED_EDGE('',*,*,#3488,.F.);
#3488 = EDGE_CURVE('',#3479,#3454,#3489,.T.);
#3489 = LINE('',#3490,#3491);
#3490 = CARTESIAN_POINT('',(3.4,-3.16040365499,0.3));
#3491 = VECTOR('',#3492,1.);
#3492 = DIRECTION('',(-0.,-0.,-1.));
#3493 = PLANE('',#3494);
#3494 = AXIS2_PLACEMENT_3D('',#3495,#3496,#3497);
#3495 = CARTESIAN_POINT('',(3.4,-23.9,6.8));
#3496 = DIRECTION('',(1.,0.,0.));
#3497 = DIRECTION('',(0.,0.,1.));
#3498 = ADVANCED_FACE('',(#3499),#3553,.F.);
#3499 = FACE_BOUND('',#3500,.F.);
#3500 = EDGE_LOOP('',(#3501,#3511,#3520,#3526,#3527,#3528,#3529,#3538,
    #3546));
#3501 = ORIENTED_EDGE('',*,*,#3502,.F.);
#3502 = EDGE_CURVE('',#3503,#3505,#3507,.T.);
#3503 = VERTEX_POINT('',#3504);
#3504 = CARTESIAN_POINT('',(-3.4,-4.83959634501,8.));
#3505 = VERTEX_POINT('',#3506);
#3506 = CARTESIAN_POINT('',(-3.4,-3.16040365499,8.));
#3507 = LINE('',#3508,#3509);
#3508 = CARTESIAN_POINT('',(-3.4,-23.9,8.));
#3509 = VECTOR('',#3510,1.);
#3510 = DIRECTION('',(0.,1.,0.));
#3511 = ORIENTED_EDGE('',*,*,#3512,.F.);
#3512 = EDGE_CURVE('',#3513,#3503,#3515,.T.);
#3513 = VERTEX_POINT('',#3514);
#3514 = CARTESIAN_POINT('',(-0.83959634501,-7.4,8.));
#3515 = CIRCLE('',#3516,3.216854249492);
#3516 = AXIS2_PLACEMENT_3D('',#3517,#3518,#3519);
#3517 = CARTESIAN_POINT('',(-4.,-8.,8.));
#3518 = DIRECTION('',(0.,0.,1.));
#3519 = DIRECTION('',(1.,0.,0.));
#3520 = ORIENTED_EDGE('',*,*,#3521,.T.);
#3521 = EDGE_CURVE('',#3513,#2481,#3522,.T.);
#3522 = LINE('',#3523,#3524);
#3523 = CARTESIAN_POINT('',(-11.9,-7.4,8.));
#3524 = VECTOR('',#3525,1.);
#3525 = DIRECTION('',(1.,0.,0.));
#3526 = ORIENTED_EDGE('',*,*,#2480,.T.);
#3527 = ORIENTED_EDGE('',*,*,#2420,.T.);
#3528 = ORIENTED_EDGE('',*,*,#3478,.T.);
#3529 = ORIENTED_EDGE('',*,*,#3530,.F.);
#3530 = EDGE_CURVE('',#3531,#3479,#3533,.T.);
#3531 = VERTEX_POINT('',#3532);
#3532 = CARTESIAN_POINT('',(0.83959634501,-0.6,8.));
#3533 = CIRCLE('',#3534,3.216854249492);
#3534 = AXIS2_PLACEMENT_3D('',#3535,#3536,#3537);
#3535 = CARTESIAN_POINT('',(4.,0.,8.));
#3536 = DIRECTION('',(0.,0.,1.));
#3537 = DIRECTION('',(1.,0.,0.));
#3538 = ORIENTED_EDGE('',*,*,#3539,.F.);
#3539 = EDGE_CURVE('',#3540,#3531,#3542,.T.);
#3540 = VERTEX_POINT('',#3541);
#3541 = CARTESIAN_POINT('',(-0.83959634501,-0.6,8.));
#3542 = LINE('',#3543,#3544);
#3543 = CARTESIAN_POINT('',(-11.9,-0.6,8.));
#3544 = VECTOR('',#3545,1.);
#3545 = DIRECTION('',(1.,0.,0.));
#3546 = ORIENTED_EDGE('',*,*,#3547,.F.);
#3547 = EDGE_CURVE('',#3505,#3540,#3548,.T.);
#3548 = CIRCLE('',#3549,3.216854249492);
#3549 = AXIS2_PLACEMENT_3D('',#3550,#3551,#3552);
#3550 = CARTESIAN_POINT('',(-4.,0.,8.));
#3551 = DIRECTION('',(0.,0.,1.));
#3552 = DIRECTION('',(1.,0.,0.));
#3553 = PLANE('',#3554);
#3554 = AXIS2_PLACEMENT_3D('',#3555,#3556,#3557);
#3555 = CARTESIAN_POINT('',(-2.919708029197,-0.973236009732,8.));
#3556 = DIRECTION('',(0.,0.,1.));
#3557 = DIRECTION('',(1.,0.,0.));
#3558 = ADVANCED_FACE('',(#3559),#3586,.F.);
#3559 = FACE_BOUND('',#3560,.F.);
#3560 = EDGE_LOOP('',(#3561,#3569,#3570,#3571,#3579));
#3561 = ORIENTED_EDGE('',*,*,#3562,.F.);
#3562 = EDGE_CURVE('',#2585,#3563,#3565,.T.);
#3563 = VERTEX_POINT('',#3564);
#3564 = CARTESIAN_POINT('',(-3.4,-19.16040365499,8.));
#3565 = LINE('',#3566,#3567);
#3566 = CARTESIAN_POINT('',(-3.4,-23.9,8.));
#3567 = VECTOR('',#3568,1.);
#3568 = DIRECTION('',(0.,1.,0.));
#3569 = ORIENTED_EDGE('',*,*,#2592,.T.);
#3570 = ORIENTED_EDGE('',*,*,#2544,.T.);
#3571 = ORIENTED_EDGE('',*,*,#3572,.F.);
#3572 = EDGE_CURVE('',#3573,#2537,#3575,.T.);
#3573 = VERTEX_POINT('',#3574);
#3574 = CARTESIAN_POINT('',(-0.83959634501,-16.6,8.));
#3575 = LINE('',#3576,#3577);
#3576 = CARTESIAN_POINT('',(-11.9,-16.6,8.));
#3577 = VECTOR('',#3578,1.);
#3578 = DIRECTION('',(1.,0.,0.));
#3579 = ORIENTED_EDGE('',*,*,#3580,.F.);
#3580 = EDGE_CURVE('',#3563,#3573,#3581,.T.);
#3581 = CIRCLE('',#3582,3.216854249492);
#3582 = AXIS2_PLACEMENT_3D('',#3583,#3584,#3585);
#3583 = CARTESIAN_POINT('',(-4.,-16.,8.));
#3584 = DIRECTION('',(0.,0.,1.));
#3585 = DIRECTION('',(1.,0.,0.));
#3586 = PLANE('',#3587);
#3587 = AXIS2_PLACEMENT_3D('',#3588,#3589,#3590);
#3588 = CARTESIAN_POINT('',(-2.919708029197,-0.973236009732,8.));
#3589 = DIRECTION('',(0.,0.,1.));
#3590 = DIRECTION('',(1.,0.,0.));
#3591 = ADVANCED_FACE('',(#3592),#3610,.F.);
#3592 = FACE_BOUND('',#3593,.F.);
#3593 = EDGE_LOOP('',(#3594,#3602,#3608,#3609));
#3594 = ORIENTED_EDGE('',*,*,#3595,.F.);
#3595 = EDGE_CURVE('',#3596,#2529,#3598,.T.);
#3596 = VERTEX_POINT('',#3597);
#3597 = CARTESIAN_POINT('',(-0.83959634501,-16.6,6.8));
#3598 = LINE('',#3599,#3600);
#3599 = CARTESIAN_POINT('',(-11.9,-16.6,6.8));
#3600 = VECTOR('',#3601,1.);
#3601 = DIRECTION('',(1.,0.,0.));
#3602 = ORIENTED_EDGE('',*,*,#3603,.F.);
#3603 = EDGE_CURVE('',#3573,#3596,#3604,.T.);
#3604 = LINE('',#3605,#3606);
#3605 = CARTESIAN_POINT('',(-0.83959634501,-16.6,0.3));
#3606 = VECTOR('',#3607,1.);
#3607 = DIRECTION('',(-0.,-0.,-1.));
#3608 = ORIENTED_EDGE('',*,*,#3572,.T.);
#3609 = ORIENTED_EDGE('',*,*,#2536,.T.);
#3610 = PLANE('',#3611);
#3611 = AXIS2_PLACEMENT_3D('',#3612,#3613,#3614);
#3612 = CARTESIAN_POINT('',(-11.9,-16.6,6.8));
#3613 = DIRECTION('',(0.,1.,0.));
#3614 = DIRECTION('',(0.,0.,1.));
#3615 = ADVANCED_FACE('',(#3616),#3644,.T.);
#3616 = FACE_BOUND('',#3617,.T.);
#3617 = EDGE_LOOP('',(#3618,#3619,#3628,#3637,#3643));
#3618 = ORIENTED_EDGE('',*,*,#3595,.F.);
#3619 = ORIENTED_EDGE('',*,*,#3620,.F.);
#3620 = EDGE_CURVE('',#3621,#3596,#3623,.T.);
#3621 = VERTEX_POINT('',#3622);
#3622 = CARTESIAN_POINT('',(-0.783145750508,-16.,6.8));
#3623 = CIRCLE('',#3624,3.216854249492);
#3624 = AXIS2_PLACEMENT_3D('',#3625,#3626,#3627);
#3625 = CARTESIAN_POINT('',(-4.,-16.,6.8));
#3626 = DIRECTION('',(0.,0.,-1.));
#3627 = DIRECTION('',(1.,0.,0.));
#3628 = ORIENTED_EDGE('',*,*,#3629,.F.);
#3629 = EDGE_CURVE('',#3630,#3621,#3632,.T.);
#3630 = VERTEX_POINT('',#3631);
#3631 = CARTESIAN_POINT('',(-0.83959634501,-15.4,6.8));
#3632 = CIRCLE('',#3633,3.216854249492);
#3633 = AXIS2_PLACEMENT_3D('',#3634,#3635,#3636);
#3634 = CARTESIAN_POINT('',(-4.,-16.,6.8));
#3635 = DIRECTION('',(0.,0.,-1.));
#3636 = DIRECTION('',(1.,0.,0.));
#3637 = ORIENTED_EDGE('',*,*,#3638,.T.);
#3638 = EDGE_CURVE('',#3630,#2521,#3639,.T.);
#3639 = LINE('',#3640,#3641);
#3640 = CARTESIAN_POINT('',(-11.9,-15.4,6.8));
#3641 = VECTOR('',#3642,1.);
#3642 = DIRECTION('',(1.,0.,0.));
#3643 = ORIENTED_EDGE('',*,*,#2528,.T.);
#3644 = PLANE('',#3645);
#3645 = AXIS2_PLACEMENT_3D('',#3646,#3647,#3648);
#3646 = CARTESIAN_POINT('',(-5.758418177516E-16,-1.228462544537E-17,6.8)
  );
#3647 = DIRECTION('',(-0.,-0.,-1.));
#3648 = DIRECTION('',(-1.,0.,0.));
#3649 = ADVANCED_FACE('',(#3650),#3668,.T.);
#3650 = FACE_BOUND('',#3651,.T.);
#3651 = EDGE_LOOP('',(#3652,#3653,#3661,#3667));
#3652 = ORIENTED_EDGE('',*,*,#3638,.F.);
#3653 = ORIENTED_EDGE('',*,*,#3654,.F.);
#3654 = EDGE_CURVE('',#3655,#3630,#3657,.T.);
#3655 = VERTEX_POINT('',#3656);
#3656 = CARTESIAN_POINT('',(-0.83959634501,-15.4,8.));
#3657 = LINE('',#3658,#3659);
#3658 = CARTESIAN_POINT('',(-0.83959634501,-15.4,0.3));
#3659 = VECTOR('',#3660,1.);
#3660 = DIRECTION('',(-0.,-0.,-1.));
#3661 = ORIENTED_EDGE('',*,*,#3662,.T.);
#3662 = EDGE_CURVE('',#3655,#2513,#3663,.T.);
#3663 = LINE('',#3664,#3665);
#3664 = CARTESIAN_POINT('',(-11.9,-15.4,8.));
#3665 = VECTOR('',#3666,1.);
#3666 = DIRECTION('',(1.,0.,0.));
#3667 = ORIENTED_EDGE('',*,*,#2520,.T.);
#3668 = PLANE('',#3669);
#3669 = AXIS2_PLACEMENT_3D('',#3670,#3671,#3672);
#3670 = CARTESIAN_POINT('',(-11.9,-15.4,6.8));
#3671 = DIRECTION('',(0.,1.,0.));
#3672 = DIRECTION('',(0.,0.,1.));
#3673 = ADVANCED_FACE('',(#3674),#3710,.F.);
#3674 = FACE_BOUND('',#3675,.F.);
#3675 = EDGE_LOOP('',(#3676,#3686,#3693,#3694,#3695,#3703));
#3676 = ORIENTED_EDGE('',*,*,#3677,.F.);
#3677 = EDGE_CURVE('',#3678,#3680,#3682,.T.);
#3678 = VERTEX_POINT('',#3679);
#3679 = CARTESIAN_POINT('',(-3.4,-12.83959634501,8.));
#3680 = VERTEX_POINT('',#3681);
#3681 = CARTESIAN_POINT('',(-3.4,-11.16040365499,8.));
#3682 = LINE('',#3683,#3684);
#3683 = CARTESIAN_POINT('',(-3.4,-23.9,8.));
#3684 = VECTOR('',#3685,1.);
#3685 = DIRECTION('',(0.,1.,0.));
#3686 = ORIENTED_EDGE('',*,*,#3687,.F.);
#3687 = EDGE_CURVE('',#3655,#3678,#3688,.T.);
#3688 = CIRCLE('',#3689,3.216854249492);
#3689 = AXIS2_PLACEMENT_3D('',#3690,#3691,#3692);
#3690 = CARTESIAN_POINT('',(-4.,-16.,8.));
#3691 = DIRECTION('',(0.,0.,1.));
#3692 = DIRECTION('',(1.,0.,0.));
#3693 = ORIENTED_EDGE('',*,*,#3662,.T.);
#3694 = ORIENTED_EDGE('',*,*,#2512,.T.);
#3695 = ORIENTED_EDGE('',*,*,#3696,.F.);
#3696 = EDGE_CURVE('',#3697,#2505,#3699,.T.);
#3697 = VERTEX_POINT('',#3698);
#3698 = CARTESIAN_POINT('',(-0.83959634501,-8.6,8.));
#3699 = LINE('',#3700,#3701);
#3700 = CARTESIAN_POINT('',(-11.9,-8.6,8.));
#3701 = VECTOR('',#3702,1.);
#3702 = DIRECTION('',(1.,0.,0.));
#3703 = ORIENTED_EDGE('',*,*,#3704,.F.);
#3704 = EDGE_CURVE('',#3680,#3697,#3705,.T.);
#3705 = CIRCLE('',#3706,3.216854249492);
#3706 = AXIS2_PLACEMENT_3D('',#3707,#3708,#3709);
#3707 = CARTESIAN_POINT('',(-4.,-8.,8.));
#3708 = DIRECTION('',(0.,0.,1.));
#3709 = DIRECTION('',(1.,0.,0.));
#3710 = PLANE('',#3711);
#3711 = AXIS2_PLACEMENT_3D('',#3712,#3713,#3714);
#3712 = CARTESIAN_POINT('',(-2.919708029197,-0.973236009732,8.));
#3713 = DIRECTION('',(0.,0.,1.));
#3714 = DIRECTION('',(1.,0.,0.));
#3715 = ADVANCED_FACE('',(#3716),#3734,.F.);
#3716 = FACE_BOUND('',#3717,.F.);
#3717 = EDGE_LOOP('',(#3718,#3726,#3732,#3733));
#3718 = ORIENTED_EDGE('',*,*,#3719,.F.);
#3719 = EDGE_CURVE('',#3720,#2497,#3722,.T.);
#3720 = VERTEX_POINT('',#3721);
#3721 = CARTESIAN_POINT('',(-0.83959634501,-8.6,6.8));
#3722 = LINE('',#3723,#3724);
#3723 = CARTESIAN_POINT('',(-11.9,-8.6,6.8));
#3724 = VECTOR('',#3725,1.);
#3725 = DIRECTION('',(1.,0.,0.));
#3726 = ORIENTED_EDGE('',*,*,#3727,.F.);
#3727 = EDGE_CURVE('',#3697,#3720,#3728,.T.);
#3728 = LINE('',#3729,#3730);
#3729 = CARTESIAN_POINT('',(-0.83959634501,-8.6,0.3));
#3730 = VECTOR('',#3731,1.);
#3731 = DIRECTION('',(-0.,-0.,-1.));
#3732 = ORIENTED_EDGE('',*,*,#3696,.T.);
#3733 = ORIENTED_EDGE('',*,*,#2504,.T.);
#3734 = PLANE('',#3735);
#3735 = AXIS2_PLACEMENT_3D('',#3736,#3737,#3738);
#3736 = CARTESIAN_POINT('',(-11.9,-8.6,6.8));
#3737 = DIRECTION('',(0.,1.,0.));
#3738 = DIRECTION('',(0.,0.,1.));
#3739 = ADVANCED_FACE('',(#3740),#3768,.T.);
#3740 = FACE_BOUND('',#3741,.T.);
#3741 = EDGE_LOOP('',(#3742,#3743,#3752,#3761,#3767));
#3742 = ORIENTED_EDGE('',*,*,#3719,.F.);
#3743 = ORIENTED_EDGE('',*,*,#3744,.F.);
#3744 = EDGE_CURVE('',#3745,#3720,#3747,.T.);
#3745 = VERTEX_POINT('',#3746);
#3746 = CARTESIAN_POINT('',(-0.783145750508,-8.,6.8));
#3747 = CIRCLE('',#3748,3.216854249492);
#3748 = AXIS2_PLACEMENT_3D('',#3749,#3750,#3751);
#3749 = CARTESIAN_POINT('',(-4.,-8.,6.8));
#3750 = DIRECTION('',(0.,0.,-1.));
#3751 = DIRECTION('',(1.,0.,0.));
#3752 = ORIENTED_EDGE('',*,*,#3753,.F.);
#3753 = EDGE_CURVE('',#3754,#3745,#3756,.T.);
#3754 = VERTEX_POINT('',#3755);
#3755 = CARTESIAN_POINT('',(-0.83959634501,-7.4,6.8));
#3756 = CIRCLE('',#3757,3.216854249492);
#3757 = AXIS2_PLACEMENT_3D('',#3758,#3759,#3760);
#3758 = CARTESIAN_POINT('',(-4.,-8.,6.8));
#3759 = DIRECTION('',(0.,0.,-1.));
#3760 = DIRECTION('',(1.,0.,0.));
#3761 = ORIENTED_EDGE('',*,*,#3762,.T.);
#3762 = EDGE_CURVE('',#3754,#2489,#3763,.T.);
#3763 = LINE('',#3764,#3765);
#3764 = CARTESIAN_POINT('',(-11.9,-7.4,6.8));
#3765 = VECTOR('',#3766,1.);
#3766 = DIRECTION('',(1.,0.,0.));
#3767 = ORIENTED_EDGE('',*,*,#2496,.T.);
#3768 = PLANE('',#3769);
#3769 = AXIS2_PLACEMENT_3D('',#3770,#3771,#3772);
#3770 = CARTESIAN_POINT('',(-5.758418177516E-16,-1.228462544537E-17,6.8)
  );
#3771 = DIRECTION('',(-0.,-0.,-1.));
#3772 = DIRECTION('',(-1.,0.,0.));
#3773 = ADVANCED_FACE('',(#3774),#3785,.T.);
#3774 = FACE_BOUND('',#3775,.T.);
#3775 = EDGE_LOOP('',(#3776,#3777,#3783,#3784));
#3776 = ORIENTED_EDGE('',*,*,#3762,.F.);
#3777 = ORIENTED_EDGE('',*,*,#3778,.F.);
#3778 = EDGE_CURVE('',#3513,#3754,#3779,.T.);
#3779 = LINE('',#3780,#3781);
#3780 = CARTESIAN_POINT('',(-0.83959634501,-7.4,0.3));
#3781 = VECTOR('',#3782,1.);
#3782 = DIRECTION('',(-0.,-0.,-1.));
#3783 = ORIENTED_EDGE('',*,*,#3521,.T.);
#3784 = ORIENTED_EDGE('',*,*,#2488,.T.);
#3785 = PLANE('',#3786);
#3786 = AXIS2_PLACEMENT_3D('',#3787,#3788,#3789);
#3787 = CARTESIAN_POINT('',(-11.9,-7.4,6.8));
#3788 = DIRECTION('',(0.,1.,0.));
#3789 = DIRECTION('',(0.,0.,1.));
#3790 = ADVANCED_FACE('',(#3791),#3809,.T.);
#3791 = FACE_BOUND('',#3792,.T.);
#3792 = EDGE_LOOP('',(#3793,#3794,#3795,#3803));
#3793 = ORIENTED_EDGE('',*,*,#3562,.F.);
#3794 = ORIENTED_EDGE('',*,*,#2584,.F.);
#3795 = ORIENTED_EDGE('',*,*,#3796,.T.);
#3796 = EDGE_CURVE('',#2577,#3797,#3799,.T.);
#3797 = VERTEX_POINT('',#3798);
#3798 = CARTESIAN_POINT('',(-3.4,-19.16040365499,6.8));
#3799 = LINE('',#3800,#3801);
#3800 = CARTESIAN_POINT('',(-3.4,-23.9,6.8));
#3801 = VECTOR('',#3802,1.);
#3802 = DIRECTION('',(0.,1.,0.));
#3803 = ORIENTED_EDGE('',*,*,#3804,.F.);
#3804 = EDGE_CURVE('',#3563,#3797,#3805,.T.);
#3805 = LINE('',#3806,#3807);
#3806 = CARTESIAN_POINT('',(-3.4,-19.16040365499,0.3));
#3807 = VECTOR('',#3808,1.);
#3808 = DIRECTION('',(-0.,-0.,-1.));
#3809 = PLANE('',#3810);
#3810 = AXIS2_PLACEMENT_3D('',#3811,#3812,#3813);
#3811 = CARTESIAN_POINT('',(-3.4,-23.9,6.8));
#3812 = DIRECTION('',(1.,0.,0.));
#3813 = DIRECTION('',(0.,0.,1.));
#3814 = ADVANCED_FACE('',(#3815),#3834,.T.);
#3815 = FACE_BOUND('',#3816,.T.);
#3816 = EDGE_LOOP('',(#3817,#3818,#3826,#3833));
#3817 = ORIENTED_EDGE('',*,*,#2576,.F.);
#3818 = ORIENTED_EDGE('',*,*,#3819,.T.);
#3819 = EDGE_CURVE('',#2569,#3820,#3822,.T.);
#3820 = VERTEX_POINT('',#3821);
#3821 = CARTESIAN_POINT('',(-4.6,-19.16040365499,6.8));
#3822 = LINE('',#3823,#3824);
#3823 = CARTESIAN_POINT('',(-4.6,-23.9,6.8));
#3824 = VECTOR('',#3825,1.);
#3825 = DIRECTION('',(0.,1.,0.));
#3826 = ORIENTED_EDGE('',*,*,#3827,.F.);
#3827 = EDGE_CURVE('',#3797,#3820,#3828,.T.);
#3828 = CIRCLE('',#3829,3.216854249492);
#3829 = AXIS2_PLACEMENT_3D('',#3830,#3831,#3832);
#3830 = CARTESIAN_POINT('',(-4.,-16.,6.8));
#3831 = DIRECTION('',(0.,0.,-1.));
#3832 = DIRECTION('',(1.,0.,0.));
#3833 = ORIENTED_EDGE('',*,*,#3796,.F.);
#3834 = PLANE('',#3835);
#3835 = AXIS2_PLACEMENT_3D('',#3836,#3837,#3838);
#3836 = CARTESIAN_POINT('',(-5.758418177516E-16,-1.228462544537E-17,6.8)
  );
#3837 = DIRECTION('',(-0.,-0.,-1.));
#3838 = DIRECTION('',(-1.,0.,0.));
#3839 = ADVANCED_FACE('',(#3840),#3851,.F.);
#3840 = FACE_BOUND('',#3841,.F.);
#3841 = EDGE_LOOP('',(#3842,#3843,#3844,#3845));
#3842 = ORIENTED_EDGE('',*,*,#3083,.F.);
#3843 = ORIENTED_EDGE('',*,*,#2568,.F.);
#3844 = ORIENTED_EDGE('',*,*,#3819,.T.);
#3845 = ORIENTED_EDGE('',*,*,#3846,.F.);
#3846 = EDGE_CURVE('',#3084,#3820,#3847,.T.);
#3847 = LINE('',#3848,#3849);
#3848 = CARTESIAN_POINT('',(-4.6,-19.16040365499,0.3));
#3849 = VECTOR('',#3850,1.);
#3850 = DIRECTION('',(-0.,-0.,-1.));
#3851 = PLANE('',#3852);
#3852 = AXIS2_PLACEMENT_3D('',#3853,#3854,#3855);
#3853 = CARTESIAN_POINT('',(-4.6,-23.9,6.8));
#3854 = DIRECTION('',(1.,0.,0.));
#3855 = DIRECTION('',(0.,0.,1.));
#3856 = ADVANCED_FACE('',(#3857),#3940,.T.);
#3857 = FACE_BOUND('',#3858,.F.);
#3858 = EDGE_LOOP('',(#3859,#3868,#3876,#3885,#3891,#3892,#3893,#3894,
    #3895,#3896,#3897,#3898,#3899,#3900,#3908,#3917,#3923,#3924,#3932,
    #3939));
#3859 = ORIENTED_EDGE('',*,*,#3860,.F.);
#3860 = EDGE_CURVE('',#3861,#3861,#3863,.T.);
#3861 = VERTEX_POINT('',#3862);
#3862 = CARTESIAN_POINT('',(-0.783145750508,-7.879020519929E-16,0.3));
#3863 = CIRCLE('',#3864,3.216854249492);
#3864 = AXIS2_PLACEMENT_3D('',#3865,#3866,#3867);
#3865 = CARTESIAN_POINT('',(-4.,0.,0.3));
#3866 = DIRECTION('',(0.,0.,1.));
#3867 = DIRECTION('',(1.,0.,0.));
#3868 = ORIENTED_EDGE('',*,*,#3869,.T.);
#3869 = EDGE_CURVE('',#3861,#3870,#3872,.T.);
#3870 = VERTEX_POINT('',#3871);
#3871 = CARTESIAN_POINT('',(-0.783145750508,-7.879020519929E-16,6.8));
#3872 = LINE('',#3873,#3874);
#3873 = CARTESIAN_POINT('',(-0.783145750508,-7.879020519929E-16,0.3));
#3874 = VECTOR('',#3875,1.);
#3875 = DIRECTION('',(0.,0.,1.));
#3876 = ORIENTED_EDGE('',*,*,#3877,.F.);
#3877 = EDGE_CURVE('',#3878,#3870,#3880,.T.);
#3878 = VERTEX_POINT('',#3879);
#3879 = CARTESIAN_POINT('',(-0.83959634501,0.6,6.8));
#3880 = CIRCLE('',#3881,3.216854249492);
#3881 = AXIS2_PLACEMENT_3D('',#3882,#3883,#3884);
#3882 = CARTESIAN_POINT('',(-4.,0.,6.8));
#3883 = DIRECTION('',(0.,0.,-1.));
#3884 = DIRECTION('',(1.,0.,0.));
#3885 = ORIENTED_EDGE('',*,*,#3886,.F.);
#3886 = EDGE_CURVE('',#3222,#3878,#3887,.T.);
#3887 = LINE('',#3888,#3889);
#3888 = CARTESIAN_POINT('',(-0.83959634501,0.6,0.3));
#3889 = VECTOR('',#3890,1.);
#3890 = DIRECTION('',(-0.,-0.,-1.));
#3891 = ORIENTED_EDGE('',*,*,#3221,.T.);
#3892 = ORIENTED_EDGE('',*,*,#3256,.T.);
#3893 = ORIENTED_EDGE('',*,*,#3279,.F.);
#3894 = ORIENTED_EDGE('',*,*,#3305,.F.);
#3895 = ORIENTED_EDGE('',*,*,#2752,.T.);
#3896 = ORIENTED_EDGE('',*,*,#2788,.T.);
#3897 = ORIENTED_EDGE('',*,*,#2802,.F.);
#3898 = ORIENTED_EDGE('',*,*,#2837,.F.);
#3899 = ORIENTED_EDGE('',*,*,#2877,.T.);
#3900 = ORIENTED_EDGE('',*,*,#3901,.T.);
#3901 = EDGE_CURVE('',#2870,#3902,#3904,.T.);
#3902 = VERTEX_POINT('',#3903);
#3903 = CARTESIAN_POINT('',(-4.6,-3.16040365499,6.8));
#3904 = LINE('',#3905,#3906);
#3905 = CARTESIAN_POINT('',(-4.6,-3.16040365499,0.3));
#3906 = VECTOR('',#3907,1.);
#3907 = DIRECTION('',(-0.,-0.,-1.));
#3908 = ORIENTED_EDGE('',*,*,#3909,.F.);
#3909 = EDGE_CURVE('',#3910,#3902,#3912,.T.);
#3910 = VERTEX_POINT('',#3911);
#3911 = CARTESIAN_POINT('',(-3.4,-3.16040365499,6.8));
#3912 = CIRCLE('',#3913,3.216854249492);
#3913 = AXIS2_PLACEMENT_3D('',#3914,#3915,#3916);
#3914 = CARTESIAN_POINT('',(-4.,0.,6.8));
#3915 = DIRECTION('',(0.,0.,-1.));
#3916 = DIRECTION('',(1.,0.,0.));
#3917 = ORIENTED_EDGE('',*,*,#3918,.F.);
#3918 = EDGE_CURVE('',#3505,#3910,#3919,.T.);
#3919 = LINE('',#3920,#3921);
#3920 = CARTESIAN_POINT('',(-3.4,-3.16040365499,0.3));
#3921 = VECTOR('',#3922,1.);
#3922 = DIRECTION('',(-0.,-0.,-1.));
#3923 = ORIENTED_EDGE('',*,*,#3547,.T.);
#3924 = ORIENTED_EDGE('',*,*,#3925,.T.);
#3925 = EDGE_CURVE('',#3540,#3926,#3928,.T.);
#3926 = VERTEX_POINT('',#3927);
#3927 = CARTESIAN_POINT('',(-0.83959634501,-0.6,6.8));
#3928 = LINE('',#3929,#3930);
#3929 = CARTESIAN_POINT('',(-0.83959634501,-0.6,0.3));
#3930 = VECTOR('',#3931,1.);
#3931 = DIRECTION('',(-0.,-0.,-1.));
#3932 = ORIENTED_EDGE('',*,*,#3933,.F.);
#3933 = EDGE_CURVE('',#3870,#3926,#3934,.T.);
#3934 = CIRCLE('',#3935,3.216854249492);
#3935 = AXIS2_PLACEMENT_3D('',#3936,#3937,#3938);
#3936 = CARTESIAN_POINT('',(-4.,0.,6.8));
#3937 = DIRECTION('',(0.,0.,-1.));
#3938 = DIRECTION('',(1.,0.,0.));
#3939 = ORIENTED_EDGE('',*,*,#3869,.F.);
#3940 = CYLINDRICAL_SURFACE('',#3941,3.216854249492);
#3941 = AXIS2_PLACEMENT_3D('',#3942,#3943,#3944);
#3942 = CARTESIAN_POINT('',(-4.,0.,0.3));
#3943 = DIRECTION('',(-0.,-0.,-1.));
#3944 = DIRECTION('',(1.,0.,0.));
#3945 = ADVANCED_FACE('',(#3946),#3964,.F.);
#3946 = FACE_BOUND('',#3947,.F.);
#3947 = EDGE_LOOP('',(#3948,#3949,#3957,#3963));
#3948 = ORIENTED_EDGE('',*,*,#2869,.F.);
#3949 = ORIENTED_EDGE('',*,*,#3950,.T.);
#3950 = EDGE_CURVE('',#2861,#3951,#3953,.T.);
#3951 = VERTEX_POINT('',#3952);
#3952 = CARTESIAN_POINT('',(-4.6,-4.83959634501,6.8));
#3953 = LINE('',#3954,#3955);
#3954 = CARTESIAN_POINT('',(-4.6,-4.83959634501,0.3));
#3955 = VECTOR('',#3956,1.);
#3956 = DIRECTION('',(-0.,-0.,-1.));
#3957 = ORIENTED_EDGE('',*,*,#3958,.T.);
#3958 = EDGE_CURVE('',#3951,#3902,#3959,.T.);
#3959 = LINE('',#3960,#3961);
#3960 = CARTESIAN_POINT('',(-4.6,-23.9,6.8));
#3961 = VECTOR('',#3962,1.);
#3962 = DIRECTION('',(0.,1.,0.));
#3963 = ORIENTED_EDGE('',*,*,#3901,.F.);
#3964 = PLANE('',#3965);
#3965 = AXIS2_PLACEMENT_3D('',#3966,#3967,#3968);
#3966 = CARTESIAN_POINT('',(-4.6,-23.9,6.8));
#3967 = DIRECTION('',(1.,0.,0.));
#3968 = DIRECTION('',(0.,0.,1.));
#3969 = ADVANCED_FACE('',(#3970),#4038,.T.);
#3970 = FACE_BOUND('',#3971,.F.);
#3971 = EDGE_LOOP('',(#3972,#3981,#3987,#3988,#3989,#3990,#3998,#4005,
    #4006,#4007,#4008,#4009,#4010,#4011,#4019,#4028,#4034,#4035,#4036,
    #4037));
#3972 = ORIENTED_EDGE('',*,*,#3973,.F.);
#3973 = EDGE_CURVE('',#3974,#3974,#3976,.T.);
#3974 = VERTEX_POINT('',#3975);
#3975 = CARTESIAN_POINT('',(-0.783145750508,-8.,0.3));
#3976 = CIRCLE('',#3977,3.216854249492);
#3977 = AXIS2_PLACEMENT_3D('',#3978,#3979,#3980);
#3978 = CARTESIAN_POINT('',(-4.,-8.,0.3));
#3979 = DIRECTION('',(0.,0.,1.));
#3980 = DIRECTION('',(1.,0.,0.));
#3981 = ORIENTED_EDGE('',*,*,#3982,.T.);
#3982 = EDGE_CURVE('',#3974,#3745,#3983,.T.);
#3983 = LINE('',#3984,#3985);
#3984 = CARTESIAN_POINT('',(-0.783145750508,-8.,0.3));
#3985 = VECTOR('',#3986,1.);
#3986 = DIRECTION('',(0.,0.,1.));
#3987 = ORIENTED_EDGE('',*,*,#3753,.F.);
#3988 = ORIENTED_EDGE('',*,*,#3778,.F.);
#3989 = ORIENTED_EDGE('',*,*,#3512,.T.);
#3990 = ORIENTED_EDGE('',*,*,#3991,.T.);
#3991 = EDGE_CURVE('',#3503,#3992,#3994,.T.);
#3992 = VERTEX_POINT('',#3993);
#3993 = CARTESIAN_POINT('',(-3.4,-4.83959634501,6.8));
#3994 = LINE('',#3995,#3996);
#3995 = CARTESIAN_POINT('',(-3.4,-4.83959634501,0.3));
#3996 = VECTOR('',#3997,1.);
#3997 = DIRECTION('',(-0.,-0.,-1.));
#3998 = ORIENTED_EDGE('',*,*,#3999,.F.);
#3999 = EDGE_CURVE('',#3951,#3992,#4000,.T.);
#4000 = CIRCLE('',#4001,3.216854249492);
#4001 = AXIS2_PLACEMENT_3D('',#4002,#4003,#4004);
#4002 = CARTESIAN_POINT('',(-4.,-8.,6.8));
#4003 = DIRECTION('',(0.,0.,-1.));
#4004 = DIRECTION('',(1.,0.,0.));
#4005 = ORIENTED_EDGE('',*,*,#3950,.F.);
#4006 = ORIENTED_EDGE('',*,*,#2860,.T.);
#4007 = ORIENTED_EDGE('',*,*,#2903,.T.);
#4008 = ORIENTED_EDGE('',*,*,#2917,.F.);
#4009 = ORIENTED_EDGE('',*,*,#2952,.F.);
#4010 = ORIENTED_EDGE('',*,*,#2992,.T.);
#4011 = ORIENTED_EDGE('',*,*,#4012,.T.);
#4012 = EDGE_CURVE('',#2985,#4013,#4015,.T.);
#4013 = VERTEX_POINT('',#4014);
#4014 = CARTESIAN_POINT('',(-4.6,-11.16040365499,6.8));
#4015 = LINE('',#4016,#4017);
#4016 = CARTESIAN_POINT('',(-4.6,-11.16040365499,0.3));
#4017 = VECTOR('',#4018,1.);
#4018 = DIRECTION('',(-0.,-0.,-1.));
#4019 = ORIENTED_EDGE('',*,*,#4020,.F.);
#4020 = EDGE_CURVE('',#4021,#4013,#4023,.T.);
#4021 = VERTEX_POINT('',#4022);
#4022 = CARTESIAN_POINT('',(-3.4,-11.16040365499,6.8));
#4023 = CIRCLE('',#4024,3.216854249492);
#4024 = AXIS2_PLACEMENT_3D('',#4025,#4026,#4027);
#4025 = CARTESIAN_POINT('',(-4.,-8.,6.8));
#4026 = DIRECTION('',(0.,0.,-1.));
#4027 = DIRECTION('',(1.,0.,0.));
#4028 = ORIENTED_EDGE('',*,*,#4029,.F.);
#4029 = EDGE_CURVE('',#3680,#4021,#4030,.T.);
#4030 = LINE('',#4031,#4032);
#4031 = CARTESIAN_POINT('',(-3.4,-11.16040365499,0.3));
#4032 = VECTOR('',#4033,1.);
#4033 = DIRECTION('',(-0.,-0.,-1.));
#4034 = ORIENTED_EDGE('',*,*,#3704,.T.);
#4035 = ORIENTED_EDGE('',*,*,#3727,.T.);
#4036 = ORIENTED_EDGE('',*,*,#3744,.F.);
#4037 = ORIENTED_EDGE('',*,*,#3982,.F.);
#4038 = CYLINDRICAL_SURFACE('',#4039,3.216854249492);
#4039 = AXIS2_PLACEMENT_3D('',#4040,#4041,#4042);
#4040 = CARTESIAN_POINT('',(-4.,-8.,0.3));
#4041 = DIRECTION('',(-0.,-0.,-1.));
#4042 = DIRECTION('',(1.,0.,0.));
#4043 = ADVANCED_FACE('',(#4044),#4062,.F.);
#4044 = FACE_BOUND('',#4045,.F.);
#4045 = EDGE_LOOP('',(#4046,#4047,#4055,#4061));
#4046 = ORIENTED_EDGE('',*,*,#2984,.F.);
#4047 = ORIENTED_EDGE('',*,*,#4048,.T.);
#4048 = EDGE_CURVE('',#2976,#4049,#4051,.T.);
#4049 = VERTEX_POINT('',#4050);
#4050 = CARTESIAN_POINT('',(-4.6,-12.83959634501,6.8));
#4051 = LINE('',#4052,#4053);
#4052 = CARTESIAN_POINT('',(-4.6,-12.83959634501,0.3));
#4053 = VECTOR('',#4054,1.);
#4054 = DIRECTION('',(-0.,-0.,-1.));
#4055 = ORIENTED_EDGE('',*,*,#4056,.T.);
#4056 = EDGE_CURVE('',#4049,#4013,#4057,.T.);
#4057 = LINE('',#4058,#4059);
#4058 = CARTESIAN_POINT('',(-4.6,-23.9,6.8));
#4059 = VECTOR('',#4060,1.);
#4060 = DIRECTION('',(0.,1.,0.));
#4061 = ORIENTED_EDGE('',*,*,#4012,.F.);
#4062 = PLANE('',#4063);
#4063 = AXIS2_PLACEMENT_3D('',#4064,#4065,#4066);
#4064 = CARTESIAN_POINT('',(-4.6,-23.9,6.8));
#4065 = DIRECTION('',(1.,0.,0.));
#4066 = DIRECTION('',(0.,0.,1.));
#4067 = ADVANCED_FACE('',(#4068),#4116,.T.);
#4068 = FACE_BOUND('',#4069,.F.);
#4069 = EDGE_LOOP('',(#4070,#4079,#4085,#4086,#4087,#4088,#4096,#4103,
    #4104,#4105,#4106,#4107,#4108,#4109,#4110,#4111,#4112,#4113,#4114,
    #4115));
#4070 = ORIENTED_EDGE('',*,*,#4071,.F.);
#4071 = EDGE_CURVE('',#4072,#4072,#4074,.T.);
#4072 = VERTEX_POINT('',#4073);
#4073 = CARTESIAN_POINT('',(-0.783145750508,-16.,0.3));
#4074 = CIRCLE('',#4075,3.216854249492);
#4075 = AXIS2_PLACEMENT_3D('',#4076,#4077,#4078);
#4076 = CARTESIAN_POINT('',(-4.,-16.,0.3));
#4077 = DIRECTION('',(0.,0.,1.));
#4078 = DIRECTION('',(1.,0.,0.));
#4079 = ORIENTED_EDGE('',*,*,#4080,.T.);
#4080 = EDGE_CURVE('',#4072,#3621,#4081,.T.);
#4081 = LINE('',#4082,#4083);
#4082 = CARTESIAN_POINT('',(-0.783145750508,-16.,0.3));
#4083 = VECTOR('',#4084,1.);
#4084 = DIRECTION('',(0.,0.,1.));
#4085 = ORIENTED_EDGE('',*,*,#3629,.F.);
#4086 = ORIENTED_EDGE('',*,*,#3654,.F.);
#4087 = ORIENTED_EDGE('',*,*,#3687,.T.);
#4088 = ORIENTED_EDGE('',*,*,#4089,.T.);
#4089 = EDGE_CURVE('',#3678,#4090,#4092,.T.);
#4090 = VERTEX_POINT('',#4091);
#4091 = CARTESIAN_POINT('',(-3.4,-12.83959634501,6.8));
#4092 = LINE('',#4093,#4094);
#4093 = CARTESIAN_POINT('',(-3.4,-12.83959634501,0.3));
#4094 = VECTOR('',#4095,1.);
#4095 = DIRECTION('',(-0.,-0.,-1.));
#4096 = ORIENTED_EDGE('',*,*,#4097,.F.);
#4097 = EDGE_CURVE('',#4049,#4090,#4098,.T.);
#4098 = CIRCLE('',#4099,3.216854249492);
#4099 = AXIS2_PLACEMENT_3D('',#4100,#4101,#4102);
#4100 = CARTESIAN_POINT('',(-4.,-16.,6.8));
#4101 = DIRECTION('',(0.,0.,-1.));
#4102 = DIRECTION('',(1.,0.,0.));
#4103 = ORIENTED_EDGE('',*,*,#4048,.F.);
#4104 = ORIENTED_EDGE('',*,*,#2975,.T.);
#4105 = ORIENTED_EDGE('',*,*,#3018,.T.);
#4106 = ORIENTED_EDGE('',*,*,#3032,.F.);
#4107 = ORIENTED_EDGE('',*,*,#3067,.F.);
#4108 = ORIENTED_EDGE('',*,*,#3091,.T.);
#4109 = ORIENTED_EDGE('',*,*,#3846,.T.);
#4110 = ORIENTED_EDGE('',*,*,#3827,.F.);
#4111 = ORIENTED_EDGE('',*,*,#3804,.F.);
#4112 = ORIENTED_EDGE('',*,*,#3580,.T.);
#4113 = ORIENTED_EDGE('',*,*,#3603,.T.);
#4114 = ORIENTED_EDGE('',*,*,#3620,.F.);
#4115 = ORIENTED_EDGE('',*,*,#4080,.F.);
#4116 = CYLINDRICAL_SURFACE('',#4117,3.216854249492);
#4117 = AXIS2_PLACEMENT_3D('',#4118,#4119,#4120);
#4118 = CARTESIAN_POINT('',(-4.,-16.,0.3));
#4119 = DIRECTION('',(-0.,-0.,-1.));
#4120 = DIRECTION('',(1.,0.,0.));
#4121 = ADVANCED_FACE('',(#4122),#4177,.T.);
#4122 = FACE_BOUND('',#4123,.F.);
#4123 = EDGE_LOOP('',(#4124,#4133,#4139,#4140,#4141,#4142,#4143,#4144,
    #4145,#4146,#4154,#4163,#4169,#4170,#4171,#4172,#4173,#4174,#4175,
    #4176));
#4124 = ORIENTED_EDGE('',*,*,#4125,.F.);
#4125 = EDGE_CURVE('',#4126,#4126,#4128,.T.);
#4126 = VERTEX_POINT('',#4127);
#4127 = CARTESIAN_POINT('',(7.216854249492,-7.879020519929E-16,0.3));
#4128 = CIRCLE('',#4129,3.216854249492);
#4129 = AXIS2_PLACEMENT_3D('',#4130,#4131,#4132);
#4130 = CARTESIAN_POINT('',(4.,0.,0.3));
#4131 = DIRECTION('',(0.,0.,1.));
#4132 = DIRECTION('',(1.,0.,0.));
#4133 = ORIENTED_EDGE('',*,*,#4134,.T.);
#4134 = EDGE_CURVE('',#4126,#3380,#4135,.T.);
#4135 = LINE('',#4136,#4137);
#4136 = CARTESIAN_POINT('',(7.216854249492,-7.879020519929E-16,0.3));
#4137 = VECTOR('',#4138,1.);
#4138 = DIRECTION('',(0.,0.,1.));
#4139 = ORIENTED_EDGE('',*,*,#3388,.F.);
#4140 = ORIENTED_EDGE('',*,*,#3413,.F.);
#4141 = ORIENTED_EDGE('',*,*,#3116,.T.);
#4142 = ORIENTED_EDGE('',*,*,#3141,.T.);
#4143 = ORIENTED_EDGE('',*,*,#3164,.F.);
#4144 = ORIENTED_EDGE('',*,*,#3197,.F.);
#4145 = ORIENTED_EDGE('',*,*,#3238,.T.);
#4146 = ORIENTED_EDGE('',*,*,#4147,.T.);
#4147 = EDGE_CURVE('',#3231,#4148,#4150,.T.);
#4148 = VERTEX_POINT('',#4149);
#4149 = CARTESIAN_POINT('',(0.83959634501,0.6,6.8));
#4150 = LINE('',#4151,#4152);
#4151 = CARTESIAN_POINT('',(0.83959634501,0.6,0.3));
#4152 = VECTOR('',#4153,1.);
#4153 = DIRECTION('',(-0.,-0.,-1.));
#4154 = ORIENTED_EDGE('',*,*,#4155,.F.);
#4155 = EDGE_CURVE('',#4156,#4148,#4158,.T.);
#4156 = VERTEX_POINT('',#4157);
#4157 = CARTESIAN_POINT('',(0.83959634501,-0.6,6.8));
#4158 = CIRCLE('',#4159,3.216854249492);
#4159 = AXIS2_PLACEMENT_3D('',#4160,#4161,#4162);
#4160 = CARTESIAN_POINT('',(4.,0.,6.8));
#4161 = DIRECTION('',(0.,0.,-1.));
#4162 = DIRECTION('',(1.,0.,0.));
#4163 = ORIENTED_EDGE('',*,*,#4164,.F.);
#4164 = EDGE_CURVE('',#3531,#4156,#4165,.T.);
#4165 = LINE('',#4166,#4167);
#4166 = CARTESIAN_POINT('',(0.83959634501,-0.6,0.3));
#4167 = VECTOR('',#4168,1.);
#4168 = DIRECTION('',(-0.,-0.,-1.));
#4169 = ORIENTED_EDGE('',*,*,#3530,.T.);
#4170 = ORIENTED_EDGE('',*,*,#3488,.T.);
#4171 = ORIENTED_EDGE('',*,*,#3461,.F.);
#4172 = ORIENTED_EDGE('',*,*,#3439,.F.);
#4173 = ORIENTED_EDGE('',*,*,#3339,.T.);
#4174 = ORIENTED_EDGE('',*,*,#3362,.T.);
#4175 = ORIENTED_EDGE('',*,*,#3379,.F.);
#4176 = ORIENTED_EDGE('',*,*,#4134,.F.);
#4177 = CYLINDRICAL_SURFACE('',#4178,3.216854249492);
#4178 = AXIS2_PLACEMENT_3D('',#4179,#4180,#4181);
#4179 = CARTESIAN_POINT('',(4.,0.,0.3));
#4180 = DIRECTION('',(-0.,-0.,-1.));
#4181 = DIRECTION('',(1.,0.,0.));
#4182 = ADVANCED_FACE('',(#4183),#4194,.T.);
#4183 = FACE_BOUND('',#4184,.T.);
#4184 = EDGE_LOOP('',(#4185,#4191,#4192,#4193));
#4185 = ORIENTED_EDGE('',*,*,#4186,.F.);
#4186 = EDGE_CURVE('',#3878,#4148,#4187,.T.);
#4187 = LINE('',#4188,#4189);
#4188 = CARTESIAN_POINT('',(-11.9,0.6,6.8));
#4189 = VECTOR('',#4190,1.);
#4190 = DIRECTION('',(1.,0.,0.));
#4191 = ORIENTED_EDGE('',*,*,#3886,.F.);
#4192 = ORIENTED_EDGE('',*,*,#3230,.T.);
#4193 = ORIENTED_EDGE('',*,*,#4147,.T.);
#4194 = PLANE('',#4195);
#4195 = AXIS2_PLACEMENT_3D('',#4196,#4197,#4198);
#4196 = CARTESIAN_POINT('',(-11.9,0.6,6.8));
#4197 = DIRECTION('',(0.,1.,0.));
#4198 = DIRECTION('',(0.,0.,1.));
#4199 = ADVANCED_FACE('',(#4200),#4211,.T.);
#4200 = FACE_BOUND('',#4201,.T.);
#4201 = EDGE_LOOP('',(#4202,#4203,#4204,#4210));
#4202 = ORIENTED_EDGE('',*,*,#3502,.F.);
#4203 = ORIENTED_EDGE('',*,*,#3991,.T.);
#4204 = ORIENTED_EDGE('',*,*,#4205,.T.);
#4205 = EDGE_CURVE('',#3992,#3910,#4206,.T.);
#4206 = LINE('',#4207,#4208);
#4207 = CARTESIAN_POINT('',(-3.4,-23.9,6.8));
#4208 = VECTOR('',#4209,1.);
#4209 = DIRECTION('',(0.,1.,0.));
#4210 = ORIENTED_EDGE('',*,*,#3918,.F.);
#4211 = PLANE('',#4212);
#4212 = AXIS2_PLACEMENT_3D('',#4213,#4214,#4215);
#4213 = CARTESIAN_POINT('',(-3.4,-23.9,6.8));
#4214 = DIRECTION('',(1.,0.,0.));
#4215 = DIRECTION('',(0.,0.,1.));
#4216 = ADVANCED_FACE('',(#4217),#4228,.F.);
#4217 = FACE_BOUND('',#4218,.F.);
#4218 = EDGE_LOOP('',(#4219,#4225,#4226,#4227));
#4219 = ORIENTED_EDGE('',*,*,#4220,.F.);
#4220 = EDGE_CURVE('',#3926,#4156,#4221,.T.);
#4221 = LINE('',#4222,#4223);
#4222 = CARTESIAN_POINT('',(-11.9,-0.6,6.8));
#4223 = VECTOR('',#4224,1.);
#4224 = DIRECTION('',(1.,0.,0.));
#4225 = ORIENTED_EDGE('',*,*,#3925,.F.);
#4226 = ORIENTED_EDGE('',*,*,#3539,.T.);
#4227 = ORIENTED_EDGE('',*,*,#4164,.T.);
#4228 = PLANE('',#4229);
#4229 = AXIS2_PLACEMENT_3D('',#4230,#4231,#4232);
#4230 = CARTESIAN_POINT('',(-11.9,-0.6,6.8));
#4231 = DIRECTION('',(0.,1.,0.));
#4232 = DIRECTION('',(0.,0.,1.));
#4233 = ADVANCED_FACE('',(#4234),#4245,.T.);
#4234 = FACE_BOUND('',#4235,.T.);
#4235 = EDGE_LOOP('',(#4236,#4237,#4238,#4244));
#4236 = ORIENTED_EDGE('',*,*,#3677,.F.);
#4237 = ORIENTED_EDGE('',*,*,#4089,.T.);
#4238 = ORIENTED_EDGE('',*,*,#4239,.T.);
#4239 = EDGE_CURVE('',#4090,#4021,#4240,.T.);
#4240 = LINE('',#4241,#4242);
#4241 = CARTESIAN_POINT('',(-3.4,-23.9,6.8));
#4242 = VECTOR('',#4243,1.);
#4243 = DIRECTION('',(0.,1.,0.));
#4244 = ORIENTED_EDGE('',*,*,#4029,.F.);
#4245 = PLANE('',#4246);
#4246 = AXIS2_PLACEMENT_3D('',#4247,#4248,#4249);
#4247 = CARTESIAN_POINT('',(-3.4,-23.9,6.8));
#4248 = DIRECTION('',(1.,0.,0.));
#4249 = DIRECTION('',(0.,0.,1.));
#4250 = ADVANCED_FACE('',(#4251),#4270,.T.);
#4251 = FACE_BOUND('',#4252,.T.);
#4252 = EDGE_LOOP('',(#4253,#4254,#4262,#4269));
#4253 = ORIENTED_EDGE('',*,*,#3860,.F.);
#4254 = ORIENTED_EDGE('',*,*,#4255,.F.);
#4255 = EDGE_CURVE('',#4256,#3861,#4258,.T.);
#4256 = VERTEX_POINT('',#4257);
#4257 = CARTESIAN_POINT('',(-0.983145750508,-7.38916180027E-16,0.));
#4258 = LINE('',#4259,#4260);
#4259 = CARTESIAN_POINT('',(-0.983145750508,-7.38916180027E-16,0.));
#4260 = VECTOR('',#4261,1.);
#4261 = DIRECTION('',(0.554700196225,-1.358623639587E-16,0.832050294338)
  );
#4262 = ORIENTED_EDGE('',*,*,#4263,.T.);
#4263 = EDGE_CURVE('',#4256,#4256,#4264,.T.);
#4264 = CIRCLE('',#4265,3.016854249492);
#4265 = AXIS2_PLACEMENT_3D('',#4266,#4267,#4268);
#4266 = CARTESIAN_POINT('',(-4.,0.,0.));
#4267 = DIRECTION('',(0.,0.,1.));
#4268 = DIRECTION('',(1.,0.,0.));
#4269 = ORIENTED_EDGE('',*,*,#4255,.T.);
#4270 = CONICAL_SURFACE('',#4271,3.016854249492,0.588002603548);
#4271 = AXIS2_PLACEMENT_3D('',#4272,#4273,#4274);
#4272 = CARTESIAN_POINT('',(-4.,0.,0.));
#4273 = DIRECTION('',(0.,0.,1.));
#4274 = DIRECTION('',(1.,0.,0.));
#4275 = ADVANCED_FACE('',(#4276),#4283,.T.);
#4276 = FACE_BOUND('',#4277,.T.);
#4277 = EDGE_LOOP('',(#4278,#4279,#4280,#4281,#4282));
#4278 = ORIENTED_EDGE('',*,*,#4220,.F.);
#4279 = ORIENTED_EDGE('',*,*,#3933,.F.);
#4280 = ORIENTED_EDGE('',*,*,#3877,.F.);
#4281 = ORIENTED_EDGE('',*,*,#4186,.T.);
#4282 = ORIENTED_EDGE('',*,*,#4155,.F.);
#4283 = PLANE('',#4284);
#4284 = AXIS2_PLACEMENT_3D('',#4285,#4286,#4287);
#4285 = CARTESIAN_POINT('',(-5.758418177516E-16,-1.228462544537E-17,6.8)
  );
#4286 = DIRECTION('',(-0.,-0.,-1.));
#4287 = DIRECTION('',(-1.,0.,0.));
#4288 = ADVANCED_FACE('',(#4289),#4295,.T.);
#4289 = FACE_BOUND('',#4290,.T.);
#4290 = EDGE_LOOP('',(#4291,#4292,#4293,#4294));
#4291 = ORIENTED_EDGE('',*,*,#3999,.F.);
#4292 = ORIENTED_EDGE('',*,*,#3958,.T.);
#4293 = ORIENTED_EDGE('',*,*,#3909,.F.);
#4294 = ORIENTED_EDGE('',*,*,#4205,.F.);
#4295 = PLANE('',#4296);
#4296 = AXIS2_PLACEMENT_3D('',#4297,#4298,#4299);
#4297 = CARTESIAN_POINT('',(-5.758418177516E-16,-1.228462544537E-17,6.8)
  );
#4298 = DIRECTION('',(-0.,-0.,-1.));
#4299 = DIRECTION('',(-1.,0.,0.));
#4300 = ADVANCED_FACE('',(#4301),#4320,.T.);
#4301 = FACE_BOUND('',#4302,.T.);
#4302 = EDGE_LOOP('',(#4303,#4304,#4312,#4319));
#4303 = ORIENTED_EDGE('',*,*,#3973,.F.);
#4304 = ORIENTED_EDGE('',*,*,#4305,.F.);
#4305 = EDGE_CURVE('',#4306,#3974,#4308,.T.);
#4306 = VERTEX_POINT('',#4307);
#4307 = CARTESIAN_POINT('',(-0.983145750508,-8.,0.));
#4308 = LINE('',#4309,#4310);
#4309 = CARTESIAN_POINT('',(-0.983145750508,-8.,0.));
#4310 = VECTOR('',#4311,1.);
#4311 = DIRECTION('',(0.554700196225,-1.358623639587E-16,0.832050294338)
  );
#4312 = ORIENTED_EDGE('',*,*,#4313,.T.);
#4313 = EDGE_CURVE('',#4306,#4306,#4314,.T.);
#4314 = CIRCLE('',#4315,3.016854249492);
#4315 = AXIS2_PLACEMENT_3D('',#4316,#4317,#4318);
#4316 = CARTESIAN_POINT('',(-4.,-8.,0.));
#4317 = DIRECTION('',(0.,0.,1.));
#4318 = DIRECTION('',(1.,0.,0.));
#4319 = ORIENTED_EDGE('',*,*,#4305,.T.);
#4320 = CONICAL_SURFACE('',#4321,3.016854249492,0.588002603548);
#4321 = AXIS2_PLACEMENT_3D('',#4322,#4323,#4324);
#4322 = CARTESIAN_POINT('',(-4.,-8.,0.));
#4323 = DIRECTION('',(0.,0.,1.));
#4324 = DIRECTION('',(1.,0.,0.));
#4325 = ADVANCED_FACE('',(#4326),#4332,.T.);
#4326 = FACE_BOUND('',#4327,.T.);
#4327 = EDGE_LOOP('',(#4328,#4329,#4330,#4331));
#4328 = ORIENTED_EDGE('',*,*,#4097,.F.);
#4329 = ORIENTED_EDGE('',*,*,#4056,.T.);
#4330 = ORIENTED_EDGE('',*,*,#4020,.F.);
#4331 = ORIENTED_EDGE('',*,*,#4239,.F.);
#4332 = PLANE('',#4333);
#4333 = AXIS2_PLACEMENT_3D('',#4334,#4335,#4336);
#4334 = CARTESIAN_POINT('',(-5.758418177516E-16,-1.228462544537E-17,6.8)
  );
#4335 = DIRECTION('',(-0.,-0.,-1.));
#4336 = DIRECTION('',(-1.,0.,0.));
#4337 = ADVANCED_FACE('',(#4338),#4357,.T.);
#4338 = FACE_BOUND('',#4339,.T.);
#4339 = EDGE_LOOP('',(#4340,#4341,#4349,#4356));
#4340 = ORIENTED_EDGE('',*,*,#4071,.F.);
#4341 = ORIENTED_EDGE('',*,*,#4342,.F.);
#4342 = EDGE_CURVE('',#4343,#4072,#4345,.T.);
#4343 = VERTEX_POINT('',#4344);
#4344 = CARTESIAN_POINT('',(-0.983145750508,-16.,0.));
#4345 = LINE('',#4346,#4347);
#4346 = CARTESIAN_POINT('',(-0.983145750508,-16.,0.));
#4347 = VECTOR('',#4348,1.);
#4348 = DIRECTION('',(0.554700196225,-1.358623639587E-16,0.832050294338)
  );
#4349 = ORIENTED_EDGE('',*,*,#4350,.T.);
#4350 = EDGE_CURVE('',#4343,#4343,#4351,.T.);
#4351 = CIRCLE('',#4352,3.016854249492);
#4352 = AXIS2_PLACEMENT_3D('',#4353,#4354,#4355);
#4353 = CARTESIAN_POINT('',(-4.,-16.,0.));
#4354 = DIRECTION('',(0.,0.,1.));
#4355 = DIRECTION('',(1.,0.,0.));
#4356 = ORIENTED_EDGE('',*,*,#4342,.T.);
#4357 = CONICAL_SURFACE('',#4358,3.016854249492,0.588002603548);
#4358 = AXIS2_PLACEMENT_3D('',#4359,#4360,#4361);
#4359 = CARTESIAN_POINT('',(-4.,-16.,0.));
#4360 = DIRECTION('',(0.,0.,1.));
#4361 = DIRECTION('',(1.,0.,0.));
#4362 = ADVANCED_FACE('',(#4363),#4382,.T.);
#4363 = FACE_BOUND('',#4364,.T.);
#4364 = EDGE_LOOP('',(#4365,#4366,#4374,#4381));
#4365 = ORIENTED_EDGE('',*,*,#4125,.F.);
#4366 = ORIENTED_EDGE('',*,*,#4367,.F.);
#4367 = EDGE_CURVE('',#4368,#4126,#4370,.T.);
#4368 = VERTEX_POINT('',#4369);
#4369 = CARTESIAN_POINT('',(7.016854249492,-7.38916180027E-16,0.));
#4370 = LINE('',#4371,#4372);
#4371 = CARTESIAN_POINT('',(7.016854249492,-7.38916180027E-16,0.));
#4372 = VECTOR('',#4373,1.);
#4373 = DIRECTION('',(0.554700196225,-1.358623639587E-16,0.832050294338)
  );
#4374 = ORIENTED_EDGE('',*,*,#4375,.T.);
#4375 = EDGE_CURVE('',#4368,#4368,#4376,.T.);
#4376 = CIRCLE('',#4377,3.016854249492);
#4377 = AXIS2_PLACEMENT_3D('',#4378,#4379,#4380);
#4378 = CARTESIAN_POINT('',(4.,0.,0.));
#4379 = DIRECTION('',(0.,0.,1.));
#4380 = DIRECTION('',(1.,0.,0.));
#4381 = ORIENTED_EDGE('',*,*,#4367,.T.);
#4382 = CONICAL_SURFACE('',#4383,3.016854249492,0.588002603548);
#4383 = AXIS2_PLACEMENT_3D('',#4384,#4385,#4386);
#4384 = CARTESIAN_POINT('',(4.,0.,0.));
#4385 = DIRECTION('',(0.,0.,1.));
#4386 = DIRECTION('',(1.,0.,0.));
#4387 = ADVANCED_FACE('',(#4388,#4391),#4402,.F.);
#4388 = FACE_BOUND('',#4389,.F.);
#4389 = EDGE_LOOP('',(#4390));
#4390 = ORIENTED_EDGE('',*,*,#4263,.T.);
#4391 = FACE_BOUND('',#4392,.F.);
#4392 = EDGE_LOOP('',(#4393));
#4393 = ORIENTED_EDGE('',*,*,#4394,.F.);
#4394 = EDGE_CURVE('',#4395,#4395,#4397,.T.);
#4395 = VERTEX_POINT('',#4396);
#4396 = CARTESIAN_POINT('',(-2.4,-3.918869757272E-16,0.));
#4397 = CIRCLE('',#4398,1.6);
#4398 = AXIS2_PLACEMENT_3D('',#4399,#4400,#4401);
#4399 = CARTESIAN_POINT('',(-4.,0.,0.));
#4400 = DIRECTION('',(0.,0.,1.));
#4401 = DIRECTION('',(1.,0.,0.));
#4402 = PLANE('',#4403);
#4403 = AXIS2_PLACEMENT_3D('',#4404,#4405,#4406);
#4404 = CARTESIAN_POINT('',(-4.,0.,0.));
#4405 = DIRECTION('',(0.,0.,1.));
#4406 = DIRECTION('',(1.,0.,0.));
#4407 = ADVANCED_FACE('',(#4408,#4411),#4422,.F.);
#4408 = FACE_BOUND('',#4409,.F.);
#4409 = EDGE_LOOP('',(#4410));
#4410 = ORIENTED_EDGE('',*,*,#4313,.T.);
#4411 = FACE_BOUND('',#4412,.F.);
#4412 = EDGE_LOOP('',(#4413));
#4413 = ORIENTED_EDGE('',*,*,#4414,.F.);
#4414 = EDGE_CURVE('',#4415,#4415,#4417,.T.);
#4415 = VERTEX_POINT('',#4416);
#4416 = CARTESIAN_POINT('',(-2.4,-8.,0.));
#4417 = CIRCLE('',#4418,1.6);
#4418 = AXIS2_PLACEMENT_3D('',#4419,#4420,#4421);
#4419 = CARTESIAN_POINT('',(-4.,-8.,0.));
#4420 = DIRECTION('',(0.,0.,1.));
#4421 = DIRECTION('',(1.,0.,0.));
#4422 = PLANE('',#4423);
#4423 = AXIS2_PLACEMENT_3D('',#4424,#4425,#4426);
#4424 = CARTESIAN_POINT('',(-4.,-8.,0.));
#4425 = DIRECTION('',(0.,0.,1.));
#4426 = DIRECTION('',(1.,0.,0.));
#4427 = ADVANCED_FACE('',(#4428,#4431),#4442,.F.);
#4428 = FACE_BOUND('',#4429,.F.);
#4429 = EDGE_LOOP('',(#4430));
#4430 = ORIENTED_EDGE('',*,*,#4350,.T.);
#4431 = FACE_BOUND('',#4432,.F.);
#4432 = EDGE_LOOP('',(#4433));
#4433 = ORIENTED_EDGE('',*,*,#4434,.F.);
#4434 = EDGE_CURVE('',#4435,#4435,#4437,.T.);
#4435 = VERTEX_POINT('',#4436);
#4436 = CARTESIAN_POINT('',(-2.4,-16.,0.));
#4437 = CIRCLE('',#4438,1.6);
#4438 = AXIS2_PLACEMENT_3D('',#4439,#4440,#4441);
#4439 = CARTESIAN_POINT('',(-4.,-16.,0.));
#4440 = DIRECTION('',(0.,0.,1.));
#4441 = DIRECTION('',(1.,0.,0.));
#4442 = PLANE('',#4443);
#4443 = AXIS2_PLACEMENT_3D('',#4444,#4445,#4446);
#4444 = CARTESIAN_POINT('',(-4.,-16.,0.));
#4445 = DIRECTION('',(0.,0.,1.));
#4446 = DIRECTION('',(1.,0.,0.));
#4447 = ADVANCED_FACE('',(#4448,#4451),#4462,.F.);
#4448 = FACE_BOUND('',#4449,.F.);
#4449 = EDGE_LOOP('',(#4450));
#4450 = ORIENTED_EDGE('',*,*,#4375,.T.);
#4451 = FACE_BOUND('',#4452,.F.);
#4452 = EDGE_LOOP('',(#4453));
#4453 = ORIENTED_EDGE('',*,*,#4454,.F.);
#4454 = EDGE_CURVE('',#4455,#4455,#4457,.T.);
#4455 = VERTEX_POINT('',#4456);
#4456 = CARTESIAN_POINT('',(5.6,-3.918869757272E-16,0.));
#4457 = CIRCLE('',#4458,1.6);
#4458 = AXIS2_PLACEMENT_3D('',#4459,#4460,#4461);
#4459 = CARTESIAN_POINT('',(4.,0.,0.));
#4460 = DIRECTION('',(0.,0.,1.));
#4461 = DIRECTION('',(1.,0.,0.));
#4462 = PLANE('',#4463);
#4463 = AXIS2_PLACEMENT_3D('',#4464,#4465,#4466);
#4464 = CARTESIAN_POINT('',(4.,0.,0.));
#4465 = DIRECTION('',(0.,0.,1.));
#4466 = DIRECTION('',(1.,0.,0.));
#4467 = ADVANCED_FACE('',(#4468),#4487,.F.);
#4468 = FACE_BOUND('',#4469,.T.);
#4469 = EDGE_LOOP('',(#4470,#4478,#4485,#4486));
#4470 = ORIENTED_EDGE('',*,*,#4471,.T.);
#4471 = EDGE_CURVE('',#4395,#4472,#4474,.T.);
#4472 = VERTEX_POINT('',#4473);
#4473 = CARTESIAN_POINT('',(-2.4,-3.918869757272E-16,8.));
#4474 = LINE('',#4475,#4476);
#4475 = CARTESIAN_POINT('',(-2.4,-3.918869757272E-16,0.));
#4476 = VECTOR('',#4477,1.);
#4477 = DIRECTION('',(0.,0.,1.));
#4478 = ORIENTED_EDGE('',*,*,#4479,.T.);
#4479 = EDGE_CURVE('',#4472,#4472,#4480,.T.);
#4480 = CIRCLE('',#4481,1.6);
#4481 = AXIS2_PLACEMENT_3D('',#4482,#4483,#4484);
#4482 = CARTESIAN_POINT('',(-4.,0.,8.));
#4483 = DIRECTION('',(0.,0.,1.));
#4484 = DIRECTION('',(1.,0.,0.));
#4485 = ORIENTED_EDGE('',*,*,#4471,.F.);
#4486 = ORIENTED_EDGE('',*,*,#4394,.F.);
#4487 = CYLINDRICAL_SURFACE('',#4488,1.6);
#4488 = AXIS2_PLACEMENT_3D('',#4489,#4490,#4491);
#4489 = CARTESIAN_POINT('',(-4.,0.,0.));
#4490 = DIRECTION('',(-0.,-0.,-1.));
#4491 = DIRECTION('',(1.,0.,0.));
#4492 = ADVANCED_FACE('',(#4493),#4512,.F.);
#4493 = FACE_BOUND('',#4494,.T.);
#4494 = EDGE_LOOP('',(#4495,#4503,#4510,#4511));
#4495 = ORIENTED_EDGE('',*,*,#4496,.T.);
#4496 = EDGE_CURVE('',#4415,#4497,#4499,.T.);
#4497 = VERTEX_POINT('',#4498);
#4498 = CARTESIAN_POINT('',(-2.4,-8.,8.));
#4499 = LINE('',#4500,#4501);
#4500 = CARTESIAN_POINT('',(-2.4,-8.,0.));
#4501 = VECTOR('',#4502,1.);
#4502 = DIRECTION('',(0.,0.,1.));
#4503 = ORIENTED_EDGE('',*,*,#4504,.T.);
#4504 = EDGE_CURVE('',#4497,#4497,#4505,.T.);
#4505 = CIRCLE('',#4506,1.6);
#4506 = AXIS2_PLACEMENT_3D('',#4507,#4508,#4509);
#4507 = CARTESIAN_POINT('',(-4.,-8.,8.));
#4508 = DIRECTION('',(0.,0.,1.));
#4509 = DIRECTION('',(1.,0.,0.));
#4510 = ORIENTED_EDGE('',*,*,#4496,.F.);
#4511 = ORIENTED_EDGE('',*,*,#4414,.F.);
#4512 = CYLINDRICAL_SURFACE('',#4513,1.6);
#4513 = AXIS2_PLACEMENT_3D('',#4514,#4515,#4516);
#4514 = CARTESIAN_POINT('',(-4.,-8.,0.));
#4515 = DIRECTION('',(-0.,-0.,-1.));
#4516 = DIRECTION('',(1.,0.,0.));
#4517 = ADVANCED_FACE('',(#4518),#4537,.F.);
#4518 = FACE_BOUND('',#4519,.T.);
#4519 = EDGE_LOOP('',(#4520,#4528,#4535,#4536));
#4520 = ORIENTED_EDGE('',*,*,#4521,.T.);
#4521 = EDGE_CURVE('',#4435,#4522,#4524,.T.);
#4522 = VERTEX_POINT('',#4523);
#4523 = CARTESIAN_POINT('',(-2.4,-16.,8.));
#4524 = LINE('',#4525,#4526);
#4525 = CARTESIAN_POINT('',(-2.4,-16.,0.));
#4526 = VECTOR('',#4527,1.);
#4527 = DIRECTION('',(0.,0.,1.));
#4528 = ORIENTED_EDGE('',*,*,#4529,.T.);
#4529 = EDGE_CURVE('',#4522,#4522,#4530,.T.);
#4530 = CIRCLE('',#4531,1.6);
#4531 = AXIS2_PLACEMENT_3D('',#4532,#4533,#4534);
#4532 = CARTESIAN_POINT('',(-4.,-16.,8.));
#4533 = DIRECTION('',(0.,0.,1.));
#4534 = DIRECTION('',(1.,0.,0.));
#4535 = ORIENTED_EDGE('',*,*,#4521,.F.);
#4536 = ORIENTED_EDGE('',*,*,#4434,.F.);
#4537 = CYLINDRICAL_SURFACE('',#4538,1.6);
#4538 = AXIS2_PLACEMENT_3D('',#4539,#4540,#4541);
#4539 = CARTESIAN_POINT('',(-4.,-16.,0.));
#4540 = DIRECTION('',(-0.,-0.,-1.));
#4541 = DIRECTION('',(1.,0.,0.));
#4542 = ADVANCED_FACE('',(#4543),#4562,.F.);
#4543 = FACE_BOUND('',#4544,.T.);
#4544 = EDGE_LOOP('',(#4545,#4553,#4560,#4561));
#4545 = ORIENTED_EDGE('',*,*,#4546,.T.);
#4546 = EDGE_CURVE('',#4455,#4547,#4549,.T.);
#4547 = VERTEX_POINT('',#4548);
#4548 = CARTESIAN_POINT('',(5.6,-3.918869757272E-16,8.));
#4549 = LINE('',#4550,#4551);
#4550 = CARTESIAN_POINT('',(5.6,-3.918869757272E-16,0.));
#4551 = VECTOR('',#4552,1.);
#4552 = DIRECTION('',(0.,0.,1.));
#4553 = ORIENTED_EDGE('',*,*,#4554,.T.);
#4554 = EDGE_CURVE('',#4547,#4547,#4555,.T.);
#4555 = CIRCLE('',#4556,1.6);
#4556 = AXIS2_PLACEMENT_3D('',#4557,#4558,#4559);
#4557 = CARTESIAN_POINT('',(4.,0.,8.));
#4558 = DIRECTION('',(0.,0.,1.));
#4559 = DIRECTION('',(1.,0.,0.));
#4560 = ORIENTED_EDGE('',*,*,#4546,.F.);
#4561 = ORIENTED_EDGE('',*,*,#4454,.F.);
#4562 = CYLINDRICAL_SURFACE('',#4563,1.6);
#4563 = AXIS2_PLACEMENT_3D('',#4564,#4565,#4566);
#4564 = CARTESIAN_POINT('',(4.,0.,0.));
#4565 = DIRECTION('',(-0.,-0.,-1.));
#4566 = DIRECTION('',(1.,0.,0.));
#4567 = ADVANCED_FACE('',(#4568),#4571,.F.);
#4568 = FACE_BOUND('',#4569,.T.);
#4569 = EDGE_LOOP('',(#4570));
#4570 = ORIENTED_EDGE('',*,*,#4479,.F.);
#4571 = PLANE('',#4572);
#4572 = AXIS2_PLACEMENT_3D('',#4573,#4574,#4575);
#4573 = CARTESIAN_POINT('',(-4.,0.,8.));
#4574 = DIRECTION('',(0.,0.,1.));
#4575 = DIRECTION('',(1.,0.,0.));
#4576 = ADVANCED_FACE('',(#4577),#4580,.F.);
#4577 = FACE_BOUND('',#4578,.T.);
#4578 = EDGE_LOOP('',(#4579));
#4579 = ORIENTED_EDGE('',*,*,#4504,.F.);
#4580 = PLANE('',#4581);
#4581 = AXIS2_PLACEMENT_3D('',#4582,#4583,#4584);
#4582 = CARTESIAN_POINT('',(-4.,-8.,8.));
#4583 = DIRECTION('',(0.,0.,1.));
#4584 = DIRECTION('',(1.,0.,0.));
#4585 = ADVANCED_FACE('',(#4586),#4589,.F.);
#4586 = FACE_BOUND('',#4587,.T.);
#4587 = EDGE_LOOP('',(#4588));
#4588 = ORIENTED_EDGE('',*,*,#4529,.F.);
#4589 = PLANE('',#4590);
#4590 = AXIS2_PLACEMENT_3D('',#4591,#4592,#4593);
#4591 = CARTESIAN_POINT('',(-4.,-16.,8.));
#4592 = DIRECTION('',(0.,0.,1.));
#4593 = DIRECTION('',(1.,0.,0.));
#4594 = ADVANCED_FACE('',(#4595),#4598,.F.);
#4595 = FACE_BOUND('',#4596,.T.);
#4596 = EDGE_LOOP('',(#4597));
#4597 = ORIENTED_EDGE('',*,*,#4554,.F.);
#4598 = PLANE('',#4599);
#4599 = AXIS2_PLACEMENT_3D('',#4600,#4601,#4602);
#4600 = CARTESIAN_POINT('',(4.,0.,8.));
#4601 = DIRECTION('',(0.,0.,1.));
#4602 = DIRECTION('',(1.,0.,0.));
#4603 = ( GEOMETRIC_REPRESENTATION_CONTEXT(3) 
GLOBAL_UNCERTAINTY_ASSIGNED_CONTEXT((#4607)) 
GLOBAL_UNIT_ASSIGNED_CONTEXT((#4604,#4605,#4606)) REPRESENTATION_CONTEXT
('Context #1','3D Context with UNIT and UNCERTAINTY') );
#4604 = ( LENGTH_UNIT() NAMED_UNIT(*) SI_UNIT(.MILLI.,.METRE.) );
#4605 = ( NAMED_UNIT(*) PLANE_ANGLE_UNIT() SI_UNIT($,.RADIAN.) );
#4606 = ( NAMED_UNIT(*) SI_UNIT($,.STERADIAN.) SOLID_ANGLE_UNIT() );
#4607 = UNCERTAINTY_MEASURE_WITH_UNIT(LENGTH_MEASURE(5.E-06),#4604,
  'distance_accuracy_value','confusion accuracy');
#4608 = PRODUCT_RELATED_PRODUCT_CATEGORY('part',$,(#7));
ENDSEC;
END-ISO-10303-21;
