ISO-10303-21;
HEADER;
FILE_DESCRIPTION(('FreeCAD Model'),'2;1');
FILE_NAME('Open CASCADE Shape Model','2026-09-20T21:15:34',('FreeCAD'),(
    'FreeCAD'),'Open CASCADE STEP processor 7.8','FreeCAD','Unknown');
FILE_SCHEMA(('AUTOMOTIVE_DESIGN { 1 0 10303 214 1 1 1 1 }'));
ENDSEC;
DATA;
#1 = APPLICATION_PROTOCOL_DEFINITION('international standard',
  'automotive_design',2000,#2);
#2 = APPLICATION_CONTEXT(
  'core data for automotive mechanical design processes');
#3 = SHAPE_DEFINITION_REPRESENTATION(#4,#10);
#4 = PRODUCT_DEFINITION_SHAPE('','',#5);
#5 = PRODUCT_DEFINITION('design','',#6,#9);
#6 = PRODUCT_DEFINITION_FORMATION('','',#7);
#7 = PRODUCT('Open CASCADE STEP translator 7.8 109',
  'Open CASCADE STEP translator 7.8 109','',(#8));
#8 = PRODUCT_CONTEXT('',#2,'mechanical');
#9 = PRODUCT_DEFINITION_CONTEXT('part definition',#2,'design');
#10 = ADVANCED_BREP_SHAPE_REPRESENTATION('',(#11,#15),#7051);
#11 = AXIS2_PLACEMENT_3D('',#12,#13,#14);
#12 = CARTESIAN_POINT('',(0.,0.,0.));
#13 = DIRECTION('',(0.,0.,1.));
#14 = DIRECTION('',(1.,0.,-0.));
#15 = MANIFOLD_SOLID_BREP('',#16);
#16 = CLOSED_SHELL('',(#17,#50,#312,#337,#368,#392,#416,#440,#464,#488,
    #512,#529,#554,#579,#604,#629,#654,#679,#704,#729,#754,#779,#804,
    #829,#854,#879,#904,#929,#954,#963,#1253,#1278,#1303,#1328,#1353,
    #1378,#1403,#1428,#1453,#1478,#1503,#1528,#1553,#1578,#1603,#1628,
    #1653,#1678,#1707,#1730,#1753,#1776,#1799,#1822,#1845,#1868,#1891,
    #1914,#1937,#1960,#1983,#2006,#2029,#2052,#2075,#2098,#2121,#2144,
    #2167,#2190,#2213,#2236,#2259,#2282,#2305,#2328,#2351,#2374,#2397,
    #2420,#2443,#2460,#2469,#2478,#2487,#2496,#2505,#2514,#2523,#2532,
    #2541,#2550,#2559,#2568,#2577,#2586,#2595,#2604,#2613,#2882,#2938,
    #3063,#3119,#3177,#3233,#3358,#3407,#3440,#3464,#3489,#3513,#3555,
    #3579,#3604,#3628,#3670,#3694,#3719,#3743,#3785,#3809,#3834,#3858,
    #3900,#3924,#3949,#3973,#4015,#4039,#4064,#4088,#4130,#4154,#4179,
    #4203,#4229,#4262,#4286,#4311,#4328,#4395,#4419,#4453,#4477,#4519,
    #4543,#4577,#4601,#4643,#4667,#4701,#4718,#4751,#4775,#4800,#4817,
    #4850,#4874,#4908,#4925,#4949,#4974,#4998,#5058,#5091,#5115,#5149,
    #5173,#5215,#5239,#5273,#5297,#5339,#5363,#5397,#5414,#5438,#5463,
    #5480,#5541,#5565,#5639,#5663,#5737,#5761,#5863,#5887,#5961,#5985,
    #6059,#6083,#6137,#6154,#6215,#6232,#6249,#6266,#6283,#6300,#6317,
    #6334,#6359,#6371,#6396,#6408,#6433,#6445,#6470,#6483,#6495,#6520,
    #6532,#6557,#6569,#6594,#6619,#6639,#6659,#6679,#6699,#6719,#6739,
    #6759,#6779,#6804,#6829,#6854,#6879,#6904,#6929,#6954,#6979,#6988,
    #6997,#7006,#7015,#7024,#7033,#7042));
#17 = ADVANCED_FACE('',(#18),#45,.T.);
#18 = FACE_BOUND('',#19,.F.);
#19 = EDGE_LOOP('',(#20,#30,#37,#38));
#20 = ORIENTED_EDGE('',*,*,#21,.T.);
#21 = EDGE_CURVE('',#22,#24,#26,.T.);
#22 = VERTEX_POINT('',#23);
#23 = CARTESIAN_POINT('',(-5.6,-28.,9.6));
#24 = VERTEX_POINT('',#25);
#25 = CARTESIAN_POINT('',(-5.6,-28.,11.15));
#26 = LINE('',#27,#28);
#27 = CARTESIAN_POINT('',(-5.6,-28.,9.6));
#28 = VECTOR('',#29,1.);
#29 = DIRECTION('',(0.,0.,1.));
#30 = ORIENTED_EDGE('',*,*,#31,.T.);
#31 = EDGE_CURVE('',#24,#24,#32,.T.);
#32 = CIRCLE('',#33,2.4);
#33 = AXIS2_PLACEMENT_3D('',#34,#35,#36);
#34 = CARTESIAN_POINT('',(-8.,-28.,11.15));
#35 = DIRECTION('',(0.,0.,1.));
#36 = DIRECTION('',(1.,0.,0.));
#37 = ORIENTED_EDGE('',*,*,#21,.F.);
#38 = ORIENTED_EDGE('',*,*,#39,.F.);
#39 = EDGE_CURVE('',#22,#22,#40,.T.);
#40 = CIRCLE('',#41,2.4);
#41 = AXIS2_PLACEMENT_3D('',#42,#43,#44);
#42 = CARTESIAN_POINT('',(-8.,-28.,9.6));
#43 = DIRECTION('',(0.,0.,1.));
#44 = DIRECTION('',(1.,0.,0.));
#45 = CYLINDRICAL_SURFACE('',#46,2.4);
#46 = AXIS2_PLACEMENT_3D('',#47,#48,#49);
#47 = CARTESIAN_POINT('',(-8.,-28.,9.6));
#48 = DIRECTION('',(-0.,-0.,-1.));
#49 = DIRECTION('',(1.,0.,0.));
#50 = ADVANCED_FACE('',(#51,#117,#120,#131,#142,#153,#164,#175,#186,#197
    ,#208,#219,#230,#241,#252,#263,#274,#285,#296),#307,.T.);
#51 = FACE_BOUND('',#52,.T.);
#52 = EDGE_LOOP('',(#53,#63,#71,#79,#87,#95,#103,#111));
#53 = ORIENTED_EDGE('',*,*,#54,.F.);
#54 = EDGE_CURVE('',#55,#57,#59,.T.);
#55 = VERTEX_POINT('',#56);
#56 = CARTESIAN_POINT('',(-11.9,-31.9,9.6));
#57 = VERTEX_POINT('',#58);
#58 = CARTESIAN_POINT('',(-11.9,31.9,9.6));
#59 = LINE('',#60,#61);
#60 = CARTESIAN_POINT('',(-11.9,-31.9,9.6));
#61 = VECTOR('',#62,1.);
#62 = DIRECTION('',(0.,1.,0.));
#63 = ORIENTED_EDGE('',*,*,#64,.T.);
#64 = EDGE_CURVE('',#55,#65,#67,.T.);
#65 = VERTEX_POINT('',#66);
#66 = CARTESIAN_POINT('',(3.9,-31.9,9.6));
#67 = LINE('',#68,#69);
#68 = CARTESIAN_POINT('',(-11.9,-31.9,9.6));
#69 = VECTOR('',#70,1.);
#70 = DIRECTION('',(1.,0.,0.));
#71 = ORIENTED_EDGE('',*,*,#72,.T.);
#72 = EDGE_CURVE('',#65,#73,#75,.T.);
#73 = VERTEX_POINT('',#74);
#74 = CARTESIAN_POINT('',(3.9,-7.9,9.6));
#75 = LINE('',#76,#77);
#76 = CARTESIAN_POINT('',(3.9,-31.9,9.6));
#77 = VECTOR('',#78,1.);
#78 = DIRECTION('',(0.,1.,0.));
#79 = ORIENTED_EDGE('',*,*,#80,.T.);
#80 = EDGE_CURVE('',#73,#81,#83,.T.);
#81 = VERTEX_POINT('',#82);
#82 = CARTESIAN_POINT('',(11.9,-7.9,9.6));
#83 = LINE('',#84,#85);
#84 = CARTESIAN_POINT('',(-11.9,-7.9,9.6));
#85 = VECTOR('',#86,1.);
#86 = DIRECTION('',(1.,0.,0.));
#87 = ORIENTED_EDGE('',*,*,#88,.T.);
#88 = EDGE_CURVE('',#81,#89,#91,.T.);
#89 = VERTEX_POINT('',#90);
#90 = CARTESIAN_POINT('',(11.9,7.9,9.6));
#91 = LINE('',#92,#93);
#92 = CARTESIAN_POINT('',(11.9,-7.9,9.6));
#93 = VECTOR('',#94,1.);
#94 = DIRECTION('',(0.,1.,0.));
#95 = ORIENTED_EDGE('',*,*,#96,.F.);
#96 = EDGE_CURVE('',#97,#89,#99,.T.);
#97 = VERTEX_POINT('',#98);
#98 = CARTESIAN_POINT('',(3.9,7.9,9.6));
#99 = LINE('',#100,#101);
#100 = CARTESIAN_POINT('',(-11.9,7.9,9.6));
#101 = VECTOR('',#102,1.);
#102 = DIRECTION('',(1.,0.,0.));
#103 = ORIENTED_EDGE('',*,*,#104,.T.);
#104 = EDGE_CURVE('',#97,#105,#107,.T.);
#105 = VERTEX_POINT('',#106);
#106 = CARTESIAN_POINT('',(3.9,31.9,9.6));
#107 = LINE('',#108,#109);
#108 = CARTESIAN_POINT('',(3.9,7.9,9.6));
#109 = VECTOR('',#110,1.);
#110 = DIRECTION('',(0.,1.,0.));
#111 = ORIENTED_EDGE('',*,*,#112,.F.);
#112 = EDGE_CURVE('',#57,#105,#113,.T.);
#113 = LINE('',#114,#115);
#114 = CARTESIAN_POINT('',(-11.9,31.9,9.6));
#115 = VECTOR('',#116,1.);
#116 = DIRECTION('',(1.,0.,0.));
#117 = FACE_BOUND('',#118,.T.);
#118 = EDGE_LOOP('',(#119));
#119 = ORIENTED_EDGE('',*,*,#39,.F.);
#120 = FACE_BOUND('',#121,.T.);
#121 = EDGE_LOOP('',(#122));
#122 = ORIENTED_EDGE('',*,*,#123,.F.);
#123 = EDGE_CURVE('',#124,#124,#126,.T.);
#124 = VERTEX_POINT('',#125);
#125 = CARTESIAN_POINT('',(-5.6,-20.,9.6));
#126 = CIRCLE('',#127,2.4);
#127 = AXIS2_PLACEMENT_3D('',#128,#129,#130);
#128 = CARTESIAN_POINT('',(-8.,-20.,9.6));
#129 = DIRECTION('',(0.,0.,1.));
#130 = DIRECTION('',(1.,0.,0.));
#131 = FACE_BOUND('',#132,.T.);
#132 = EDGE_LOOP('',(#133));
#133 = ORIENTED_EDGE('',*,*,#134,.F.);
#134 = EDGE_CURVE('',#135,#135,#137,.T.);
#135 = VERTEX_POINT('',#136);
#136 = CARTESIAN_POINT('',(-5.6,-12.,9.6));
#137 = CIRCLE('',#138,2.4);
#138 = AXIS2_PLACEMENT_3D('',#139,#140,#141);
#139 = CARTESIAN_POINT('',(-8.,-12.,9.6));
#140 = DIRECTION('',(0.,0.,1.));
#141 = DIRECTION('',(1.,0.,0.));
#142 = FACE_BOUND('',#143,.T.);
#143 = EDGE_LOOP('',(#144));
#144 = ORIENTED_EDGE('',*,*,#145,.F.);
#145 = EDGE_CURVE('',#146,#146,#148,.T.);
#146 = VERTEX_POINT('',#147);
#147 = CARTESIAN_POINT('',(-5.6,-4.,9.6));
#148 = CIRCLE('',#149,2.4);
#149 = AXIS2_PLACEMENT_3D('',#150,#151,#152);
#150 = CARTESIAN_POINT('',(-8.,-4.,9.6));
#151 = DIRECTION('',(0.,0.,1.));
#152 = DIRECTION('',(1.,0.,0.));
#153 = FACE_BOUND('',#154,.T.);
#154 = EDGE_LOOP('',(#155));
#155 = ORIENTED_EDGE('',*,*,#156,.F.);
#156 = EDGE_CURVE('',#157,#157,#159,.T.);
#157 = VERTEX_POINT('',#158);
#158 = CARTESIAN_POINT('',(2.4,-28.,9.6));
#159 = CIRCLE('',#160,2.4);
#160 = AXIS2_PLACEMENT_3D('',#161,#162,#163);
#161 = CARTESIAN_POINT('',(0.,-28.,9.6));
#162 = DIRECTION('',(0.,0.,1.));
#163 = DIRECTION('',(1.,0.,0.));
#164 = FACE_BOUND('',#165,.T.);
#165 = EDGE_LOOP('',(#166));
#166 = ORIENTED_EDGE('',*,*,#167,.F.);
#167 = EDGE_CURVE('',#168,#168,#170,.T.);
#168 = VERTEX_POINT('',#169);
#169 = CARTESIAN_POINT('',(2.4,-20.,9.6));
#170 = CIRCLE('',#171,2.4);
#171 = AXIS2_PLACEMENT_3D('',#172,#173,#174);
#172 = CARTESIAN_POINT('',(0.,-20.,9.6));
#173 = DIRECTION('',(0.,0.,1.));
#174 = DIRECTION('',(1.,0.,0.));
#175 = FACE_BOUND('',#176,.T.);
#176 = EDGE_LOOP('',(#177));
#177 = ORIENTED_EDGE('',*,*,#178,.F.);
#178 = EDGE_CURVE('',#179,#179,#181,.T.);
#179 = VERTEX_POINT('',#180);
#180 = CARTESIAN_POINT('',(2.4,-12.,9.6));
#181 = CIRCLE('',#182,2.4);
#182 = AXIS2_PLACEMENT_3D('',#183,#184,#185);
#183 = CARTESIAN_POINT('',(0.,-12.,9.6));
#184 = DIRECTION('',(0.,0.,1.));
#185 = DIRECTION('',(1.,0.,0.));
#186 = FACE_BOUND('',#187,.T.);
#187 = EDGE_LOOP('',(#188));
#188 = ORIENTED_EDGE('',*,*,#189,.F.);
#189 = EDGE_CURVE('',#190,#190,#192,.T.);
#190 = VERTEX_POINT('',#191);
#191 = CARTESIAN_POINT('',(2.4,-4.,9.6));
#192 = CIRCLE('',#193,2.4);
#193 = AXIS2_PLACEMENT_3D('',#194,#195,#196);
#194 = CARTESIAN_POINT('',(0.,-4.,9.6));
#195 = DIRECTION('',(0.,0.,1.));
#196 = DIRECTION('',(1.,0.,0.));
#197 = FACE_BOUND('',#198,.T.);
#198 = EDGE_LOOP('',(#199));
#199 = ORIENTED_EDGE('',*,*,#200,.F.);
#200 = EDGE_CURVE('',#201,#201,#203,.T.);
#201 = VERTEX_POINT('',#202);
#202 = CARTESIAN_POINT('',(10.4,-4.,9.6));
#203 = CIRCLE('',#204,2.4);
#204 = AXIS2_PLACEMENT_3D('',#205,#206,#207);
#205 = CARTESIAN_POINT('',(8.,-4.,9.6));
#206 = DIRECTION('',(0.,0.,1.));
#207 = DIRECTION('',(1.,0.,0.));
#208 = FACE_BOUND('',#209,.T.);
#209 = EDGE_LOOP('',(#210));
#210 = ORIENTED_EDGE('',*,*,#211,.F.);
#211 = EDGE_CURVE('',#212,#212,#214,.T.);
#212 = VERTEX_POINT('',#213);
#213 = CARTESIAN_POINT('',(-5.6,4.,9.6));
#214 = CIRCLE('',#215,2.4);
#215 = AXIS2_PLACEMENT_3D('',#216,#217,#218);
#216 = CARTESIAN_POINT('',(-8.,4.,9.6));
#217 = DIRECTION('',(0.,0.,1.));
#218 = DIRECTION('',(1.,0.,0.));
#219 = FACE_BOUND('',#220,.T.);
#220 = EDGE_LOOP('',(#221));
#221 = ORIENTED_EDGE('',*,*,#222,.F.);
#222 = EDGE_CURVE('',#223,#223,#225,.T.);
#223 = VERTEX_POINT('',#224);
#224 = CARTESIAN_POINT('',(-5.6,12.,9.6));
#225 = CIRCLE('',#226,2.4);
#226 = AXIS2_PLACEMENT_3D('',#227,#228,#229);
#227 = CARTESIAN_POINT('',(-8.,12.,9.6));
#228 = DIRECTION('',(0.,0.,1.));
#229 = DIRECTION('',(1.,0.,0.));
#230 = FACE_BOUND('',#231,.T.);
#231 = EDGE_LOOP('',(#232));
#232 = ORIENTED_EDGE('',*,*,#233,.F.);
#233 = EDGE_CURVE('',#234,#234,#236,.T.);
#234 = VERTEX_POINT('',#235);
#235 = CARTESIAN_POINT('',(-5.6,20.,9.6));
#236 = CIRCLE('',#237,2.4);
#237 = AXIS2_PLACEMENT_3D('',#238,#239,#240);
#238 = CARTESIAN_POINT('',(-8.,20.,9.6));
#239 = DIRECTION('',(0.,0.,1.));
#240 = DIRECTION('',(1.,0.,0.));
#241 = FACE_BOUND('',#242,.T.);
#242 = EDGE_LOOP('',(#243));
#243 = ORIENTED_EDGE('',*,*,#244,.F.);
#244 = EDGE_CURVE('',#245,#245,#247,.T.);
#245 = VERTEX_POINT('',#246);
#246 = CARTESIAN_POINT('',(-5.6,28.,9.6));
#247 = CIRCLE('',#248,2.4);
#248 = AXIS2_PLACEMENT_3D('',#249,#250,#251);
#249 = CARTESIAN_POINT('',(-8.,28.,9.6));
#250 = DIRECTION('',(0.,0.,1.));
#251 = DIRECTION('',(1.,0.,0.));
#252 = FACE_BOUND('',#253,.T.);
#253 = EDGE_LOOP('',(#254));
#254 = ORIENTED_EDGE('',*,*,#255,.F.);
#255 = EDGE_CURVE('',#256,#256,#258,.T.);
#256 = VERTEX_POINT('',#257);
#257 = CARTESIAN_POINT('',(2.4,4.,9.6));
#258 = CIRCLE('',#259,2.4);
#259 = AXIS2_PLACEMENT_3D('',#260,#261,#262);
#260 = CARTESIAN_POINT('',(0.,4.,9.6));
#261 = DIRECTION('',(0.,0.,1.));
#262 = DIRECTION('',(1.,0.,0.));
#263 = FACE_BOUND('',#264,.T.);
#264 = EDGE_LOOP('',(#265));
#265 = ORIENTED_EDGE('',*,*,#266,.F.);
#266 = EDGE_CURVE('',#267,#267,#269,.T.);
#267 = VERTEX_POINT('',#268);
#268 = CARTESIAN_POINT('',(2.4,12.,9.6));
#269 = CIRCLE('',#270,2.4);
#270 = AXIS2_PLACEMENT_3D('',#271,#272,#273);
#271 = CARTESIAN_POINT('',(0.,12.,9.6));
#272 = DIRECTION('',(0.,0.,1.));
#273 = DIRECTION('',(1.,0.,0.));
#274 = FACE_BOUND('',#275,.T.);
#275 = EDGE_LOOP('',(#276));
#276 = ORIENTED_EDGE('',*,*,#277,.F.);
#277 = EDGE_CURVE('',#278,#278,#280,.T.);
#278 = VERTEX_POINT('',#279);
#279 = CARTESIAN_POINT('',(10.4,4.,9.6));
#280 = CIRCLE('',#281,2.4);
#281 = AXIS2_PLACEMENT_3D('',#282,#283,#284);
#282 = CARTESIAN_POINT('',(8.,4.,9.6));
#283 = DIRECTION('',(0.,0.,1.));
#284 = DIRECTION('',(1.,0.,0.));
#285 = FACE_BOUND('',#286,.T.);
#286 = EDGE_LOOP('',(#287));
#287 = ORIENTED_EDGE('',*,*,#288,.F.);
#288 = EDGE_CURVE('',#289,#289,#291,.T.);
#289 = VERTEX_POINT('',#290);
#290 = CARTESIAN_POINT('',(2.4,20.,9.6));
#291 = CIRCLE('',#292,2.4);
#292 = AXIS2_PLACEMENT_3D('',#293,#294,#295);
#293 = CARTESIAN_POINT('',(0.,20.,9.6));
#294 = DIRECTION('',(0.,0.,1.));
#295 = DIRECTION('',(1.,0.,0.));
#296 = FACE_BOUND('',#297,.T.);
#297 = EDGE_LOOP('',(#298));
#298 = ORIENTED_EDGE('',*,*,#299,.F.);
#299 = EDGE_CURVE('',#300,#300,#302,.T.);
#300 = VERTEX_POINT('',#301);
#301 = CARTESIAN_POINT('',(2.4,28.,9.6));
#302 = CIRCLE('',#303,2.4);
#303 = AXIS2_PLACEMENT_3D('',#304,#305,#306);
#304 = CARTESIAN_POINT('',(0.,28.,9.6));
#305 = DIRECTION('',(0.,0.,1.));
#306 = DIRECTION('',(1.,0.,0.));
#307 = PLANE('',#308);
#308 = AXIS2_PLACEMENT_3D('',#309,#310,#311);
#309 = CARTESIAN_POINT('',(-2.191780821918,1.579152840962E-15,9.6));
#310 = DIRECTION('',(0.,0.,1.));
#311 = DIRECTION('',(1.,0.,0.));
#312 = ADVANCED_FACE('',(#313),#332,.T.);
#313 = FACE_BOUND('',#314,.T.);
#314 = EDGE_LOOP('',(#315,#324,#330,#331));
#315 = ORIENTED_EDGE('',*,*,#316,.F.);
#316 = EDGE_CURVE('',#317,#317,#319,.T.);
#317 = VERTEX_POINT('',#318);
#318 = CARTESIAN_POINT('',(-5.85,-28.,11.4));
#319 = CIRCLE('',#320,2.15);
#320 = AXIS2_PLACEMENT_3D('',#321,#322,#323);
#321 = CARTESIAN_POINT('',(-8.,-28.,11.4));
#322 = DIRECTION('',(0.,0.,1.));
#323 = DIRECTION('',(1.,0.,0.));
#324 = ORIENTED_EDGE('',*,*,#325,.F.);
#325 = EDGE_CURVE('',#24,#317,#326,.T.);
#326 = LINE('',#327,#328);
#327 = CARTESIAN_POINT('',(-5.6,-28.,11.15));
#328 = VECTOR('',#329,1.);
#329 = DIRECTION('',(-0.707106781187,1.731912112471E-16,0.707106781187)
  );
#330 = ORIENTED_EDGE('',*,*,#31,.T.);
#331 = ORIENTED_EDGE('',*,*,#325,.T.);
#332 = CONICAL_SURFACE('',#333,2.4,0.785398163397);
#333 = AXIS2_PLACEMENT_3D('',#334,#335,#336);
#334 = CARTESIAN_POINT('',(-8.,-28.,11.15));
#335 = DIRECTION('',(-0.,-0.,-1.));
#336 = DIRECTION('',(1.,0.,0.));
#337 = ADVANCED_FACE('',(#338),#363,.T.);
#338 = FACE_BOUND('',#339,.T.);
#339 = EDGE_LOOP('',(#340,#348,#349,#357));
#340 = ORIENTED_EDGE('',*,*,#341,.T.);
#341 = EDGE_CURVE('',#342,#55,#344,.T.);
#342 = VERTEX_POINT('',#343);
#343 = CARTESIAN_POINT('',(-11.9,-31.9,0.));
#344 = LINE('',#345,#346);
#345 = CARTESIAN_POINT('',(-11.9,-31.9,0.));
#346 = VECTOR('',#347,1.);
#347 = DIRECTION('',(0.,0.,1.));
#348 = ORIENTED_EDGE('',*,*,#54,.T.);
#349 = ORIENTED_EDGE('',*,*,#350,.F.);
#350 = EDGE_CURVE('',#351,#57,#353,.T.);
#351 = VERTEX_POINT('',#352);
#352 = CARTESIAN_POINT('',(-11.9,31.9,0.));
#353 = LINE('',#354,#355);
#354 = CARTESIAN_POINT('',(-11.9,31.9,0.));
#355 = VECTOR('',#356,1.);
#356 = DIRECTION('',(0.,0.,1.));
#357 = ORIENTED_EDGE('',*,*,#358,.F.);
#358 = EDGE_CURVE('',#342,#351,#359,.T.);
#359 = LINE('',#360,#361);
#360 = CARTESIAN_POINT('',(-11.9,24.1,0.));
#361 = VECTOR('',#362,1.);
#362 = DIRECTION('',(0.,1.,0.));
#363 = PLANE('',#364);
#364 = AXIS2_PLACEMENT_3D('',#365,#366,#367);
#365 = CARTESIAN_POINT('',(-11.9,1.742475373799E-15,4.8));
#366 = DIRECTION('',(-1.,-0.,-0.));
#367 = DIRECTION('',(0.,0.,-1.));
#368 = ADVANCED_FACE('',(#369),#387,.F.);
#369 = FACE_BOUND('',#370,.F.);
#370 = EDGE_LOOP('',(#371,#379,#380,#381));
#371 = ORIENTED_EDGE('',*,*,#372,.F.);
#372 = EDGE_CURVE('',#342,#373,#375,.T.);
#373 = VERTEX_POINT('',#374);
#374 = CARTESIAN_POINT('',(3.9,-31.9,0.));
#375 = LINE('',#376,#377);
#376 = CARTESIAN_POINT('',(-11.9,-31.9,0.));
#377 = VECTOR('',#378,1.);
#378 = DIRECTION('',(1.,0.,0.));
#379 = ORIENTED_EDGE('',*,*,#341,.T.);
#380 = ORIENTED_EDGE('',*,*,#64,.T.);
#381 = ORIENTED_EDGE('',*,*,#382,.F.);
#382 = EDGE_CURVE('',#373,#65,#383,.T.);
#383 = LINE('',#384,#385);
#384 = CARTESIAN_POINT('',(3.9,-31.9,0.));
#385 = VECTOR('',#386,1.);
#386 = DIRECTION('',(0.,0.,1.));
#387 = PLANE('',#388);
#388 = AXIS2_PLACEMENT_3D('',#389,#390,#391);
#389 = CARTESIAN_POINT('',(-11.9,-31.9,0.));
#390 = DIRECTION('',(0.,1.,0.));
#391 = DIRECTION('',(0.,0.,1.));
#392 = ADVANCED_FACE('',(#393),#411,.T.);
#393 = FACE_BOUND('',#394,.T.);
#394 = EDGE_LOOP('',(#395,#403,#404,#405));
#395 = ORIENTED_EDGE('',*,*,#396,.F.);
#396 = EDGE_CURVE('',#351,#397,#399,.T.);
#397 = VERTEX_POINT('',#398);
#398 = CARTESIAN_POINT('',(3.9,31.9,0.));
#399 = LINE('',#400,#401);
#400 = CARTESIAN_POINT('',(-11.9,31.9,0.));
#401 = VECTOR('',#402,1.);
#402 = DIRECTION('',(1.,0.,0.));
#403 = ORIENTED_EDGE('',*,*,#350,.T.);
#404 = ORIENTED_EDGE('',*,*,#112,.T.);
#405 = ORIENTED_EDGE('',*,*,#406,.F.);
#406 = EDGE_CURVE('',#397,#105,#407,.T.);
#407 = LINE('',#408,#409);
#408 = CARTESIAN_POINT('',(3.9,31.9,0.));
#409 = VECTOR('',#410,1.);
#410 = DIRECTION('',(0.,0.,1.));
#411 = PLANE('',#412);
#412 = AXIS2_PLACEMENT_3D('',#413,#414,#415);
#413 = CARTESIAN_POINT('',(-11.9,31.9,0.));
#414 = DIRECTION('',(0.,1.,0.));
#415 = DIRECTION('',(0.,0.,1.));
#416 = ADVANCED_FACE('',(#417),#435,.T.);
#417 = FACE_BOUND('',#418,.T.);
#418 = EDGE_LOOP('',(#419,#420,#428,#434));
#419 = ORIENTED_EDGE('',*,*,#382,.F.);
#420 = ORIENTED_EDGE('',*,*,#421,.T.);
#421 = EDGE_CURVE('',#373,#422,#424,.T.);
#422 = VERTEX_POINT('',#423);
#423 = CARTESIAN_POINT('',(3.9,-7.9,0.));
#424 = LINE('',#425,#426);
#425 = CARTESIAN_POINT('',(3.9,-8.1,0.));
#426 = VECTOR('',#427,1.);
#427 = DIRECTION('',(0.,1.,0.));
#428 = ORIENTED_EDGE('',*,*,#429,.T.);
#429 = EDGE_CURVE('',#422,#73,#430,.T.);
#430 = LINE('',#431,#432);
#431 = CARTESIAN_POINT('',(3.9,-7.9,0.));
#432 = VECTOR('',#433,1.);
#433 = DIRECTION('',(0.,0.,1.));
#434 = ORIENTED_EDGE('',*,*,#72,.F.);
#435 = PLANE('',#436);
#436 = AXIS2_PLACEMENT_3D('',#437,#438,#439);
#437 = CARTESIAN_POINT('',(3.9,-19.9,4.8));
#438 = DIRECTION('',(1.,0.,0.));
#439 = DIRECTION('',(0.,0.,1.));
#440 = ADVANCED_FACE('',(#441),#459,.T.);
#441 = FACE_BOUND('',#442,.T.);
#442 = EDGE_LOOP('',(#443,#451,#457,#458));
#443 = ORIENTED_EDGE('',*,*,#444,.F.);
#444 = EDGE_CURVE('',#445,#97,#447,.T.);
#445 = VERTEX_POINT('',#446);
#446 = CARTESIAN_POINT('',(3.9,7.9,0.));
#447 = LINE('',#448,#449);
#448 = CARTESIAN_POINT('',(3.9,7.9,0.));
#449 = VECTOR('',#450,1.);
#450 = DIRECTION('',(0.,0.,1.));
#451 = ORIENTED_EDGE('',*,*,#452,.T.);
#452 = EDGE_CURVE('',#445,#397,#453,.T.);
#453 = LINE('',#454,#455);
#454 = CARTESIAN_POINT('',(3.9,24.1,0.));
#455 = VECTOR('',#456,1.);
#456 = DIRECTION('',(0.,1.,0.));
#457 = ORIENTED_EDGE('',*,*,#406,.T.);
#458 = ORIENTED_EDGE('',*,*,#104,.F.);
#459 = PLANE('',#460);
#460 = AXIS2_PLACEMENT_3D('',#461,#462,#463);
#461 = CARTESIAN_POINT('',(3.9,19.9,4.8));
#462 = DIRECTION('',(1.,0.,0.));
#463 = DIRECTION('',(0.,0.,1.));
#464 = ADVANCED_FACE('',(#465),#483,.F.);
#465 = FACE_BOUND('',#466,.F.);
#466 = EDGE_LOOP('',(#467,#475,#476,#477));
#467 = ORIENTED_EDGE('',*,*,#468,.F.);
#468 = EDGE_CURVE('',#422,#469,#471,.T.);
#469 = VERTEX_POINT('',#470);
#470 = CARTESIAN_POINT('',(11.9,-7.9,0.));
#471 = LINE('',#472,#473);
#472 = CARTESIAN_POINT('',(-11.9,-7.9,0.));
#473 = VECTOR('',#474,1.);
#474 = DIRECTION('',(1.,0.,0.));
#475 = ORIENTED_EDGE('',*,*,#429,.T.);
#476 = ORIENTED_EDGE('',*,*,#80,.T.);
#477 = ORIENTED_EDGE('',*,*,#478,.F.);
#478 = EDGE_CURVE('',#469,#81,#479,.T.);
#479 = LINE('',#480,#481);
#480 = CARTESIAN_POINT('',(11.9,-7.9,0.));
#481 = VECTOR('',#482,1.);
#482 = DIRECTION('',(0.,0.,1.));
#483 = PLANE('',#484);
#484 = AXIS2_PLACEMENT_3D('',#485,#486,#487);
#485 = CARTESIAN_POINT('',(-11.9,-7.9,0.));
#486 = DIRECTION('',(0.,1.,0.));
#487 = DIRECTION('',(0.,0.,1.));
#488 = ADVANCED_FACE('',(#489),#507,.T.);
#489 = FACE_BOUND('',#490,.T.);
#490 = EDGE_LOOP('',(#491,#499,#500,#501));
#491 = ORIENTED_EDGE('',*,*,#492,.F.);
#492 = EDGE_CURVE('',#445,#493,#495,.T.);
#493 = VERTEX_POINT('',#494);
#494 = CARTESIAN_POINT('',(11.9,7.9,0.));
#495 = LINE('',#496,#497);
#496 = CARTESIAN_POINT('',(-11.9,7.9,0.));
#497 = VECTOR('',#498,1.);
#498 = DIRECTION('',(1.,0.,0.));
#499 = ORIENTED_EDGE('',*,*,#444,.T.);
#500 = ORIENTED_EDGE('',*,*,#96,.T.);
#501 = ORIENTED_EDGE('',*,*,#502,.F.);
#502 = EDGE_CURVE('',#493,#89,#503,.T.);
#503 = LINE('',#504,#505);
#504 = CARTESIAN_POINT('',(11.9,7.9,0.));
#505 = VECTOR('',#506,1.);
#506 = DIRECTION('',(0.,0.,1.));
#507 = PLANE('',#508);
#508 = AXIS2_PLACEMENT_3D('',#509,#510,#511);
#509 = CARTESIAN_POINT('',(-11.9,7.9,0.));
#510 = DIRECTION('',(0.,1.,0.));
#511 = DIRECTION('',(0.,0.,1.));
#512 = ADVANCED_FACE('',(#513),#524,.T.);
#513 = FACE_BOUND('',#514,.T.);
#514 = EDGE_LOOP('',(#515,#516,#522,#523));
#515 = ORIENTED_EDGE('',*,*,#478,.F.);
#516 = ORIENTED_EDGE('',*,*,#517,.T.);
#517 = EDGE_CURVE('',#469,#493,#518,.T.);
#518 = LINE('',#519,#520);
#519 = CARTESIAN_POINT('',(11.9,0.1,0.));
#520 = VECTOR('',#521,1.);
#521 = DIRECTION('',(0.,1.,0.));
#522 = ORIENTED_EDGE('',*,*,#502,.T.);
#523 = ORIENTED_EDGE('',*,*,#88,.F.);
#524 = PLANE('',#525);
#525 = AXIS2_PLACEMENT_3D('',#526,#527,#528);
#526 = CARTESIAN_POINT('',(11.9,4.043135030623E-17,4.8));
#527 = DIRECTION('',(1.,0.,0.));
#528 = DIRECTION('',(0.,0.,1.));
#529 = ADVANCED_FACE('',(#530),#549,.T.);
#530 = FACE_BOUND('',#531,.F.);
#531 = EDGE_LOOP('',(#532,#540,#547,#548));
#532 = ORIENTED_EDGE('',*,*,#533,.T.);
#533 = EDGE_CURVE('',#124,#534,#536,.T.);
#534 = VERTEX_POINT('',#535);
#535 = CARTESIAN_POINT('',(-5.6,-20.,11.15));
#536 = LINE('',#537,#538);
#537 = CARTESIAN_POINT('',(-5.6,-20.,9.6));
#538 = VECTOR('',#539,1.);
#539 = DIRECTION('',(0.,0.,1.));
#540 = ORIENTED_EDGE('',*,*,#541,.T.);
#541 = EDGE_CURVE('',#534,#534,#542,.T.);
#542 = CIRCLE('',#543,2.4);
#543 = AXIS2_PLACEMENT_3D('',#544,#545,#546);
#544 = CARTESIAN_POINT('',(-8.,-20.,11.15));
#545 = DIRECTION('',(0.,0.,1.));
#546 = DIRECTION('',(1.,0.,0.));
#547 = ORIENTED_EDGE('',*,*,#533,.F.);
#548 = ORIENTED_EDGE('',*,*,#123,.F.);
#549 = CYLINDRICAL_SURFACE('',#550,2.4);
#550 = AXIS2_PLACEMENT_3D('',#551,#552,#553);
#551 = CARTESIAN_POINT('',(-8.,-20.,9.6));
#552 = DIRECTION('',(-0.,-0.,-1.));
#553 = DIRECTION('',(1.,0.,0.));
#554 = ADVANCED_FACE('',(#555),#574,.T.);
#555 = FACE_BOUND('',#556,.F.);
#556 = EDGE_LOOP('',(#557,#565,#572,#573));
#557 = ORIENTED_EDGE('',*,*,#558,.T.);
#558 = EDGE_CURVE('',#135,#559,#561,.T.);
#559 = VERTEX_POINT('',#560);
#560 = CARTESIAN_POINT('',(-5.6,-12.,11.15));
#561 = LINE('',#562,#563);
#562 = CARTESIAN_POINT('',(-5.6,-12.,9.6));
#563 = VECTOR('',#564,1.);
#564 = DIRECTION('',(0.,0.,1.));
#565 = ORIENTED_EDGE('',*,*,#566,.T.);
#566 = EDGE_CURVE('',#559,#559,#567,.T.);
#567 = CIRCLE('',#568,2.4);
#568 = AXIS2_PLACEMENT_3D('',#569,#570,#571);
#569 = CARTESIAN_POINT('',(-8.,-12.,11.15));
#570 = DIRECTION('',(0.,0.,1.));
#571 = DIRECTION('',(1.,0.,0.));
#572 = ORIENTED_EDGE('',*,*,#558,.F.);
#573 = ORIENTED_EDGE('',*,*,#134,.F.);
#574 = CYLINDRICAL_SURFACE('',#575,2.4);
#575 = AXIS2_PLACEMENT_3D('',#576,#577,#578);
#576 = CARTESIAN_POINT('',(-8.,-12.,9.6));
#577 = DIRECTION('',(-0.,-0.,-1.));
#578 = DIRECTION('',(1.,0.,0.));
#579 = ADVANCED_FACE('',(#580),#599,.T.);
#580 = FACE_BOUND('',#581,.F.);
#581 = EDGE_LOOP('',(#582,#590,#597,#598));
#582 = ORIENTED_EDGE('',*,*,#583,.T.);
#583 = EDGE_CURVE('',#146,#584,#586,.T.);
#584 = VERTEX_POINT('',#585);
#585 = CARTESIAN_POINT('',(-5.6,-4.,11.15));
#586 = LINE('',#587,#588);
#587 = CARTESIAN_POINT('',(-5.6,-4.,9.6));
#588 = VECTOR('',#589,1.);
#589 = DIRECTION('',(0.,0.,1.));
#590 = ORIENTED_EDGE('',*,*,#591,.T.);
#591 = EDGE_CURVE('',#584,#584,#592,.T.);
#592 = CIRCLE('',#593,2.4);
#593 = AXIS2_PLACEMENT_3D('',#594,#595,#596);
#594 = CARTESIAN_POINT('',(-8.,-4.,11.15));
#595 = DIRECTION('',(0.,0.,1.));
#596 = DIRECTION('',(1.,0.,0.));
#597 = ORIENTED_EDGE('',*,*,#583,.F.);
#598 = ORIENTED_EDGE('',*,*,#145,.F.);
#599 = CYLINDRICAL_SURFACE('',#600,2.4);
#600 = AXIS2_PLACEMENT_3D('',#601,#602,#603);
#601 = CARTESIAN_POINT('',(-8.,-4.,9.6));
#602 = DIRECTION('',(-0.,-0.,-1.));
#603 = DIRECTION('',(1.,0.,0.));
#604 = ADVANCED_FACE('',(#605),#624,.T.);
#605 = FACE_BOUND('',#606,.F.);
#606 = EDGE_LOOP('',(#607,#615,#622,#623));
#607 = ORIENTED_EDGE('',*,*,#608,.T.);
#608 = EDGE_CURVE('',#157,#609,#611,.T.);
#609 = VERTEX_POINT('',#610);
#610 = CARTESIAN_POINT('',(2.4,-28.,11.15));
#611 = LINE('',#612,#613);
#612 = CARTESIAN_POINT('',(2.4,-28.,9.6));
#613 = VECTOR('',#614,1.);
#614 = DIRECTION('',(0.,0.,1.));
#615 = ORIENTED_EDGE('',*,*,#616,.T.);
#616 = EDGE_CURVE('',#609,#609,#617,.T.);
#617 = CIRCLE('',#618,2.4);
#618 = AXIS2_PLACEMENT_3D('',#619,#620,#621);
#619 = CARTESIAN_POINT('',(0.,-28.,11.15));
#620 = DIRECTION('',(0.,0.,1.));
#621 = DIRECTION('',(1.,0.,0.));
#622 = ORIENTED_EDGE('',*,*,#608,.F.);
#623 = ORIENTED_EDGE('',*,*,#156,.F.);
#624 = CYLINDRICAL_SURFACE('',#625,2.4);
#625 = AXIS2_PLACEMENT_3D('',#626,#627,#628);
#626 = CARTESIAN_POINT('',(0.,-28.,9.6));
#627 = DIRECTION('',(-0.,-0.,-1.));
#628 = DIRECTION('',(1.,0.,0.));
#629 = ADVANCED_FACE('',(#630),#649,.T.);
#630 = FACE_BOUND('',#631,.F.);
#631 = EDGE_LOOP('',(#632,#640,#647,#648));
#632 = ORIENTED_EDGE('',*,*,#633,.T.);
#633 = EDGE_CURVE('',#168,#634,#636,.T.);
#634 = VERTEX_POINT('',#635);
#635 = CARTESIAN_POINT('',(2.4,-20.,11.15));
#636 = LINE('',#637,#638);
#637 = CARTESIAN_POINT('',(2.4,-20.,9.6));
#638 = VECTOR('',#639,1.);
#639 = DIRECTION('',(0.,0.,1.));
#640 = ORIENTED_EDGE('',*,*,#641,.T.);
#641 = EDGE_CURVE('',#634,#634,#642,.T.);
#642 = CIRCLE('',#643,2.4);
#643 = AXIS2_PLACEMENT_3D('',#644,#645,#646);
#644 = CARTESIAN_POINT('',(0.,-20.,11.15));
#645 = DIRECTION('',(0.,0.,1.));
#646 = DIRECTION('',(1.,0.,0.));
#647 = ORIENTED_EDGE('',*,*,#633,.F.);
#648 = ORIENTED_EDGE('',*,*,#167,.F.);
#649 = CYLINDRICAL_SURFACE('',#650,2.4);
#650 = AXIS2_PLACEMENT_3D('',#651,#652,#653);
#651 = CARTESIAN_POINT('',(0.,-20.,9.6));
#652 = DIRECTION('',(-0.,-0.,-1.));
#653 = DIRECTION('',(1.,0.,0.));
#654 = ADVANCED_FACE('',(#655),#674,.T.);
#655 = FACE_BOUND('',#656,.F.);
#656 = EDGE_LOOP('',(#657,#665,#672,#673));
#657 = ORIENTED_EDGE('',*,*,#658,.T.);
#658 = EDGE_CURVE('',#179,#659,#661,.T.);
#659 = VERTEX_POINT('',#660);
#660 = CARTESIAN_POINT('',(2.4,-12.,11.15));
#661 = LINE('',#662,#663);
#662 = CARTESIAN_POINT('',(2.4,-12.,9.6));
#663 = VECTOR('',#664,1.);
#664 = DIRECTION('',(0.,0.,1.));
#665 = ORIENTED_EDGE('',*,*,#666,.T.);
#666 = EDGE_CURVE('',#659,#659,#667,.T.);
#667 = CIRCLE('',#668,2.4);
#668 = AXIS2_PLACEMENT_3D('',#669,#670,#671);
#669 = CARTESIAN_POINT('',(0.,-12.,11.15));
#670 = DIRECTION('',(0.,0.,1.));
#671 = DIRECTION('',(1.,0.,0.));
#672 = ORIENTED_EDGE('',*,*,#658,.F.);
#673 = ORIENTED_EDGE('',*,*,#178,.F.);
#674 = CYLINDRICAL_SURFACE('',#675,2.4);
#675 = AXIS2_PLACEMENT_3D('',#676,#677,#678);
#676 = CARTESIAN_POINT('',(0.,-12.,9.6));
#677 = DIRECTION('',(-0.,-0.,-1.));
#678 = DIRECTION('',(1.,0.,0.));
#679 = ADVANCED_FACE('',(#680),#699,.T.);
#680 = FACE_BOUND('',#681,.F.);
#681 = EDGE_LOOP('',(#682,#690,#697,#698));
#682 = ORIENTED_EDGE('',*,*,#683,.T.);
#683 = EDGE_CURVE('',#190,#684,#686,.T.);
#684 = VERTEX_POINT('',#685);
#685 = CARTESIAN_POINT('',(2.4,-4.,11.15));
#686 = LINE('',#687,#688);
#687 = CARTESIAN_POINT('',(2.4,-4.,9.6));
#688 = VECTOR('',#689,1.);
#689 = DIRECTION('',(0.,0.,1.));
#690 = ORIENTED_EDGE('',*,*,#691,.T.);
#691 = EDGE_CURVE('',#684,#684,#692,.T.);
#692 = CIRCLE('',#693,2.4);
#693 = AXIS2_PLACEMENT_3D('',#694,#695,#696);
#694 = CARTESIAN_POINT('',(0.,-4.,11.15));
#695 = DIRECTION('',(0.,0.,1.));
#696 = DIRECTION('',(1.,0.,0.));
#697 = ORIENTED_EDGE('',*,*,#683,.F.);
#698 = ORIENTED_EDGE('',*,*,#189,.F.);
#699 = CYLINDRICAL_SURFACE('',#700,2.4);
#700 = AXIS2_PLACEMENT_3D('',#701,#702,#703);
#701 = CARTESIAN_POINT('',(0.,-4.,9.6));
#702 = DIRECTION('',(-0.,-0.,-1.));
#703 = DIRECTION('',(1.,0.,0.));
#704 = ADVANCED_FACE('',(#705),#724,.T.);
#705 = FACE_BOUND('',#706,.F.);
#706 = EDGE_LOOP('',(#707,#715,#722,#723));
#707 = ORIENTED_EDGE('',*,*,#708,.T.);
#708 = EDGE_CURVE('',#201,#709,#711,.T.);
#709 = VERTEX_POINT('',#710);
#710 = CARTESIAN_POINT('',(10.4,-4.,11.15));
#711 = LINE('',#712,#713);
#712 = CARTESIAN_POINT('',(10.4,-4.,9.6));
#713 = VECTOR('',#714,1.);
#714 = DIRECTION('',(0.,0.,1.));
#715 = ORIENTED_EDGE('',*,*,#716,.T.);
#716 = EDGE_CURVE('',#709,#709,#717,.T.);
#717 = CIRCLE('',#718,2.4);
#718 = AXIS2_PLACEMENT_3D('',#719,#720,#721);
#719 = CARTESIAN_POINT('',(8.,-4.,11.15));
#720 = DIRECTION('',(0.,0.,1.));
#721 = DIRECTION('',(1.,0.,0.));
#722 = ORIENTED_EDGE('',*,*,#708,.F.);
#723 = ORIENTED_EDGE('',*,*,#200,.F.);
#724 = CYLINDRICAL_SURFACE('',#725,2.4);
#725 = AXIS2_PLACEMENT_3D('',#726,#727,#728);
#726 = CARTESIAN_POINT('',(8.,-4.,9.6));
#727 = DIRECTION('',(-0.,-0.,-1.));
#728 = DIRECTION('',(1.,0.,0.));
#729 = ADVANCED_FACE('',(#730),#749,.T.);
#730 = FACE_BOUND('',#731,.F.);
#731 = EDGE_LOOP('',(#732,#740,#747,#748));
#732 = ORIENTED_EDGE('',*,*,#733,.T.);
#733 = EDGE_CURVE('',#212,#734,#736,.T.);
#734 = VERTEX_POINT('',#735);
#735 = CARTESIAN_POINT('',(-5.6,4.,11.15));
#736 = LINE('',#737,#738);
#737 = CARTESIAN_POINT('',(-5.6,4.,9.6));
#738 = VECTOR('',#739,1.);
#739 = DIRECTION('',(0.,0.,1.));
#740 = ORIENTED_EDGE('',*,*,#741,.T.);
#741 = EDGE_CURVE('',#734,#734,#742,.T.);
#742 = CIRCLE('',#743,2.4);
#743 = AXIS2_PLACEMENT_3D('',#744,#745,#746);
#744 = CARTESIAN_POINT('',(-8.,4.,11.15));
#745 = DIRECTION('',(0.,0.,1.));
#746 = DIRECTION('',(1.,0.,0.));
#747 = ORIENTED_EDGE('',*,*,#733,.F.);
#748 = ORIENTED_EDGE('',*,*,#211,.F.);
#749 = CYLINDRICAL_SURFACE('',#750,2.4);
#750 = AXIS2_PLACEMENT_3D('',#751,#752,#753);
#751 = CARTESIAN_POINT('',(-8.,4.,9.6));
#752 = DIRECTION('',(-0.,-0.,-1.));
#753 = DIRECTION('',(1.,0.,0.));
#754 = ADVANCED_FACE('',(#755),#774,.T.);
#755 = FACE_BOUND('',#756,.F.);
#756 = EDGE_LOOP('',(#757,#765,#772,#773));
#757 = ORIENTED_EDGE('',*,*,#758,.T.);
#758 = EDGE_CURVE('',#223,#759,#761,.T.);
#759 = VERTEX_POINT('',#760);
#760 = CARTESIAN_POINT('',(-5.6,12.,11.15));
#761 = LINE('',#762,#763);
#762 = CARTESIAN_POINT('',(-5.6,12.,9.6));
#763 = VECTOR('',#764,1.);
#764 = DIRECTION('',(0.,0.,1.));
#765 = ORIENTED_EDGE('',*,*,#766,.T.);
#766 = EDGE_CURVE('',#759,#759,#767,.T.);
#767 = CIRCLE('',#768,2.4);
#768 = AXIS2_PLACEMENT_3D('',#769,#770,#771);
#769 = CARTESIAN_POINT('',(-8.,12.,11.15));
#770 = DIRECTION('',(0.,0.,1.));
#771 = DIRECTION('',(1.,0.,0.));
#772 = ORIENTED_EDGE('',*,*,#758,.F.);
#773 = ORIENTED_EDGE('',*,*,#222,.F.);
#774 = CYLINDRICAL_SURFACE('',#775,2.4);
#775 = AXIS2_PLACEMENT_3D('',#776,#777,#778);
#776 = CARTESIAN_POINT('',(-8.,12.,9.6));
#777 = DIRECTION('',(-0.,-0.,-1.));
#778 = DIRECTION('',(1.,0.,0.));
#779 = ADVANCED_FACE('',(#780),#799,.T.);
#780 = FACE_BOUND('',#781,.F.);
#781 = EDGE_LOOP('',(#782,#790,#797,#798));
#782 = ORIENTED_EDGE('',*,*,#783,.T.);
#783 = EDGE_CURVE('',#234,#784,#786,.T.);
#784 = VERTEX_POINT('',#785);
#785 = CARTESIAN_POINT('',(-5.6,20.,11.15));
#786 = LINE('',#787,#788);
#787 = CARTESIAN_POINT('',(-5.6,20.,9.6));
#788 = VECTOR('',#789,1.);
#789 = DIRECTION('',(0.,0.,1.));
#790 = ORIENTED_EDGE('',*,*,#791,.T.);
#791 = EDGE_CURVE('',#784,#784,#792,.T.);
#792 = CIRCLE('',#793,2.4);
#793 = AXIS2_PLACEMENT_3D('',#794,#795,#796);
#794 = CARTESIAN_POINT('',(-8.,20.,11.15));
#795 = DIRECTION('',(0.,0.,1.));
#796 = DIRECTION('',(1.,0.,0.));
#797 = ORIENTED_EDGE('',*,*,#783,.F.);
#798 = ORIENTED_EDGE('',*,*,#233,.F.);
#799 = CYLINDRICAL_SURFACE('',#800,2.4);
#800 = AXIS2_PLACEMENT_3D('',#801,#802,#803);
#801 = CARTESIAN_POINT('',(-8.,20.,9.6));
#802 = DIRECTION('',(-0.,-0.,-1.));
#803 = DIRECTION('',(1.,0.,0.));
#804 = ADVANCED_FACE('',(#805),#824,.T.);
#805 = FACE_BOUND('',#806,.F.);
#806 = EDGE_LOOP('',(#807,#815,#822,#823));
#807 = ORIENTED_EDGE('',*,*,#808,.T.);
#808 = EDGE_CURVE('',#245,#809,#811,.T.);
#809 = VERTEX_POINT('',#810);
#810 = CARTESIAN_POINT('',(-5.6,28.,11.15));
#811 = LINE('',#812,#813);
#812 = CARTESIAN_POINT('',(-5.6,28.,9.6));
#813 = VECTOR('',#814,1.);
#814 = DIRECTION('',(0.,0.,1.));
#815 = ORIENTED_EDGE('',*,*,#816,.T.);
#816 = EDGE_CURVE('',#809,#809,#817,.T.);
#817 = CIRCLE('',#818,2.4);
#818 = AXIS2_PLACEMENT_3D('',#819,#820,#821);
#819 = CARTESIAN_POINT('',(-8.,28.,11.15));
#820 = DIRECTION('',(0.,0.,1.));
#821 = DIRECTION('',(1.,0.,0.));
#822 = ORIENTED_EDGE('',*,*,#808,.F.);
#823 = ORIENTED_EDGE('',*,*,#244,.F.);
#824 = CYLINDRICAL_SURFACE('',#825,2.4);
#825 = AXIS2_PLACEMENT_3D('',#826,#827,#828);
#826 = CARTESIAN_POINT('',(-8.,28.,9.6));
#827 = DIRECTION('',(-0.,-0.,-1.));
#828 = DIRECTION('',(1.,0.,0.));
#829 = ADVANCED_FACE('',(#830),#849,.T.);
#830 = FACE_BOUND('',#831,.F.);
#831 = EDGE_LOOP('',(#832,#840,#847,#848));
#832 = ORIENTED_EDGE('',*,*,#833,.T.);
#833 = EDGE_CURVE('',#256,#834,#836,.T.);
#834 = VERTEX_POINT('',#835);
#835 = CARTESIAN_POINT('',(2.4,4.,11.15));
#836 = LINE('',#837,#838);
#837 = CARTESIAN_POINT('',(2.4,4.,9.6));
#838 = VECTOR('',#839,1.);
#839 = DIRECTION('',(0.,0.,1.));
#840 = ORIENTED_EDGE('',*,*,#841,.T.);
#841 = EDGE_CURVE('',#834,#834,#842,.T.);
#842 = CIRCLE('',#843,2.4);
#843 = AXIS2_PLACEMENT_3D('',#844,#845,#846);
#844 = CARTESIAN_POINT('',(0.,4.,11.15));
#845 = DIRECTION('',(0.,0.,1.));
#846 = DIRECTION('',(1.,0.,0.));
#847 = ORIENTED_EDGE('',*,*,#833,.F.);
#848 = ORIENTED_EDGE('',*,*,#255,.F.);
#849 = CYLINDRICAL_SURFACE('',#850,2.4);
#850 = AXIS2_PLACEMENT_3D('',#851,#852,#853);
#851 = CARTESIAN_POINT('',(0.,4.,9.6));
#852 = DIRECTION('',(-0.,-0.,-1.));
#853 = DIRECTION('',(1.,0.,0.));
#854 = ADVANCED_FACE('',(#855),#874,.T.);
#855 = FACE_BOUND('',#856,.F.);
#856 = EDGE_LOOP('',(#857,#865,#872,#873));
#857 = ORIENTED_EDGE('',*,*,#858,.T.);
#858 = EDGE_CURVE('',#267,#859,#861,.T.);
#859 = VERTEX_POINT('',#860);
#860 = CARTESIAN_POINT('',(2.4,12.,11.15));
#861 = LINE('',#862,#863);
#862 = CARTESIAN_POINT('',(2.4,12.,9.6));
#863 = VECTOR('',#864,1.);
#864 = DIRECTION('',(0.,0.,1.));
#865 = ORIENTED_EDGE('',*,*,#866,.T.);
#866 = EDGE_CURVE('',#859,#859,#867,.T.);
#867 = CIRCLE('',#868,2.4);
#868 = AXIS2_PLACEMENT_3D('',#869,#870,#871);
#869 = CARTESIAN_POINT('',(0.,12.,11.15));
#870 = DIRECTION('',(0.,0.,1.));
#871 = DIRECTION('',(1.,0.,0.));
#872 = ORIENTED_EDGE('',*,*,#858,.F.);
#873 = ORIENTED_EDGE('',*,*,#266,.F.);
#874 = CYLINDRICAL_SURFACE('',#875,2.4);
#875 = AXIS2_PLACEMENT_3D('',#876,#877,#878);
#876 = CARTESIAN_POINT('',(0.,12.,9.6));
#877 = DIRECTION('',(-0.,-0.,-1.));
#878 = DIRECTION('',(1.,0.,0.));
#879 = ADVANCED_FACE('',(#880),#899,.T.);
#880 = FACE_BOUND('',#881,.F.);
#881 = EDGE_LOOP('',(#882,#890,#897,#898));
#882 = ORIENTED_EDGE('',*,*,#883,.T.);
#883 = EDGE_CURVE('',#278,#884,#886,.T.);
#884 = VERTEX_POINT('',#885);
#885 = CARTESIAN_POINT('',(10.4,4.,11.15));
#886 = LINE('',#887,#888);
#887 = CARTESIAN_POINT('',(10.4,4.,9.6));
#888 = VECTOR('',#889,1.);
#889 = DIRECTION('',(0.,0.,1.));
#890 = ORIENTED_EDGE('',*,*,#891,.T.);
#891 = EDGE_CURVE('',#884,#884,#892,.T.);
#892 = CIRCLE('',#893,2.4);
#893 = AXIS2_PLACEMENT_3D('',#894,#895,#896);
#894 = CARTESIAN_POINT('',(8.,4.,11.15));
#895 = DIRECTION('',(0.,0.,1.));
#896 = DIRECTION('',(1.,0.,0.));
#897 = ORIENTED_EDGE('',*,*,#883,.F.);
#898 = ORIENTED_EDGE('',*,*,#277,.F.);
#899 = CYLINDRICAL_SURFACE('',#900,2.4);
#900 = AXIS2_PLACEMENT_3D('',#901,#902,#903);
#901 = CARTESIAN_POINT('',(8.,4.,9.6));
#902 = DIRECTION('',(-0.,-0.,-1.));
#903 = DIRECTION('',(1.,0.,0.));
#904 = ADVANCED_FACE('',(#905),#924,.T.);
#905 = FACE_BOUND('',#906,.F.);
#906 = EDGE_LOOP('',(#907,#915,#922,#923));
#907 = ORIENTED_EDGE('',*,*,#908,.T.);
#908 = EDGE_CURVE('',#289,#909,#911,.T.);
#909 = VERTEX_POINT('',#910);
#910 = CARTESIAN_POINT('',(2.4,20.,11.15));
#911 = LINE('',#912,#913);
#912 = CARTESIAN_POINT('',(2.4,20.,9.6));
#913 = VECTOR('',#914,1.);
#914 = DIRECTION('',(0.,0.,1.));
#915 = ORIENTED_EDGE('',*,*,#916,.T.);
#916 = EDGE_CURVE('',#909,#909,#917,.T.);
#917 = CIRCLE('',#918,2.4);
#918 = AXIS2_PLACEMENT_3D('',#919,#920,#921);
#919 = CARTESIAN_POINT('',(0.,20.,11.15));
#920 = DIRECTION('',(0.,0.,1.));
#921 = DIRECTION('',(1.,0.,0.));
#922 = ORIENTED_EDGE('',*,*,#908,.F.);
#923 = ORIENTED_EDGE('',*,*,#288,.F.);
#924 = CYLINDRICAL_SURFACE('',#925,2.4);
#925 = AXIS2_PLACEMENT_3D('',#926,#927,#928);
#926 = CARTESIAN_POINT('',(0.,20.,9.6));
#927 = DIRECTION('',(-0.,-0.,-1.));
#928 = DIRECTION('',(1.,0.,0.));
#929 = ADVANCED_FACE('',(#930),#949,.T.);
#930 = FACE_BOUND('',#931,.F.);
#931 = EDGE_LOOP('',(#932,#940,#947,#948));
#932 = ORIENTED_EDGE('',*,*,#933,.T.);
#933 = EDGE_CURVE('',#300,#934,#936,.T.);
#934 = VERTEX_POINT('',#935);
#935 = CARTESIAN_POINT('',(2.4,28.,11.15));
#936 = LINE('',#937,#938);
#937 = CARTESIAN_POINT('',(2.4,28.,9.6));
#938 = VECTOR('',#939,1.);
#939 = DIRECTION('',(0.,0.,1.));
#940 = ORIENTED_EDGE('',*,*,#941,.T.);
#941 = EDGE_CURVE('',#934,#934,#942,.T.);
#942 = CIRCLE('',#943,2.4);
#943 = AXIS2_PLACEMENT_3D('',#944,#945,#946);
#944 = CARTESIAN_POINT('',(0.,28.,11.15));
#945 = DIRECTION('',(0.,0.,1.));
#946 = DIRECTION('',(1.,0.,0.));
#947 = ORIENTED_EDGE('',*,*,#933,.F.);
#948 = ORIENTED_EDGE('',*,*,#299,.F.);
#949 = CYLINDRICAL_SURFACE('',#950,2.4);
#950 = AXIS2_PLACEMENT_3D('',#951,#952,#953);
#951 = CARTESIAN_POINT('',(0.,28.,9.6));
#952 = DIRECTION('',(-0.,-0.,-1.));
#953 = DIRECTION('',(1.,0.,0.));
#954 = ADVANCED_FACE('',(#955),#958,.T.);
#955 = FACE_BOUND('',#956,.T.);
#956 = EDGE_LOOP('',(#957));
#957 = ORIENTED_EDGE('',*,*,#316,.T.);
#958 = PLANE('',#959);
#959 = AXIS2_PLACEMENT_3D('',#960,#961,#962);
#960 = CARTESIAN_POINT('',(-8.,-28.,11.4));
#961 = DIRECTION('',(0.,0.,1.));
#962 = DIRECTION('',(1.,0.,0.));
#963 = ADVANCED_FACE('',(#964,#974),#1248,.T.);
#964 = FACE_BOUND('',#965,.T.);
#965 = EDGE_LOOP('',(#966,#967,#968,#969,#970,#971,#972,#973));
#966 = ORIENTED_EDGE('',*,*,#358,.T.);
#967 = ORIENTED_EDGE('',*,*,#396,.T.);
#968 = ORIENTED_EDGE('',*,*,#452,.F.);
#969 = ORIENTED_EDGE('',*,*,#492,.T.);
#970 = ORIENTED_EDGE('',*,*,#517,.F.);
#971 = ORIENTED_EDGE('',*,*,#468,.F.);
#972 = ORIENTED_EDGE('',*,*,#421,.F.);
#973 = ORIENTED_EDGE('',*,*,#372,.F.);
#974 = FACE_BOUND('',#975,.T.);
#975 = EDGE_LOOP('',(#976,#986,#994,#1002,#1010,#1018,#1026,#1034,#1042,
    #1050,#1058,#1066,#1074,#1082,#1090,#1098,#1106,#1114,#1122,#1130,
    #1138,#1146,#1154,#1162,#1170,#1178,#1186,#1194,#1202,#1210,#1218,
    #1226,#1234,#1242));
#976 = ORIENTED_EDGE('',*,*,#977,.F.);
#977 = EDGE_CURVE('',#978,#980,#982,.T.);
#978 = VERTEX_POINT('',#979);
#979 = CARTESIAN_POINT('',(-10.64,-30.64,0.));
#980 = VERTEX_POINT('',#981);
#981 = CARTESIAN_POINT('',(-10.64,-25.36,0.));
#982 = LINE('',#983,#984);
#983 = CARTESIAN_POINT('',(-10.64,-30.64,0.));
#984 = VECTOR('',#985,1.);
#985 = DIRECTION('',(0.,1.,0.));
#986 = ORIENTED_EDGE('',*,*,#987,.T.);
#987 = EDGE_CURVE('',#978,#988,#990,.T.);
#988 = VERTEX_POINT('',#989);
#989 = CARTESIAN_POINT('',(2.64,-30.64,0.));
#990 = LINE('',#991,#992);
#991 = CARTESIAN_POINT('',(-10.64,-30.64,0.));
#992 = VECTOR('',#993,1.);
#993 = DIRECTION('',(1.,0.,0.));
#994 = ORIENTED_EDGE('',*,*,#995,.T.);
#995 = EDGE_CURVE('',#988,#996,#998,.T.);
#996 = VERTEX_POINT('',#997);
#997 = CARTESIAN_POINT('',(2.64,-25.36,0.));
#998 = LINE('',#999,#1000);
#999 = CARTESIAN_POINT('',(2.64,-30.64,0.));
#1000 = VECTOR('',#1001,1.);
#1001 = DIRECTION('',(0.,1.,0.));
#1002 = ORIENTED_EDGE('',*,*,#1003,.T.);
#1003 = EDGE_CURVE('',#996,#1004,#1006,.T.);
#1004 = VERTEX_POINT('',#1005);
#1005 = CARTESIAN_POINT('',(2.64,-22.64,0.));
#1006 = LINE('',#1007,#1008);
#1007 = CARTESIAN_POINT('',(2.64,-25.36,0.));
#1008 = VECTOR('',#1009,1.);
#1009 = DIRECTION('',(0.,1.,0.));
#1010 = ORIENTED_EDGE('',*,*,#1011,.T.);
#1011 = EDGE_CURVE('',#1004,#1012,#1014,.T.);
#1012 = VERTEX_POINT('',#1013);
#1013 = CARTESIAN_POINT('',(2.64,-17.36,0.));
#1014 = LINE('',#1015,#1016);
#1015 = CARTESIAN_POINT('',(2.64,-22.64,0.));
#1016 = VECTOR('',#1017,1.);
#1017 = DIRECTION('',(0.,1.,0.));
#1018 = ORIENTED_EDGE('',*,*,#1019,.T.);
#1019 = EDGE_CURVE('',#1012,#1020,#1022,.T.);
#1020 = VERTEX_POINT('',#1021);
#1021 = CARTESIAN_POINT('',(2.64,-14.64,0.));
#1022 = LINE('',#1023,#1024);
#1023 = CARTESIAN_POINT('',(2.64,-17.36,0.));
#1024 = VECTOR('',#1025,1.);
#1025 = DIRECTION('',(0.,1.,0.));
#1026 = ORIENTED_EDGE('',*,*,#1027,.T.);
#1027 = EDGE_CURVE('',#1020,#1028,#1030,.T.);
#1028 = VERTEX_POINT('',#1029);
#1029 = CARTESIAN_POINT('',(2.64,-9.36,0.));
#1030 = LINE('',#1031,#1032);
#1031 = CARTESIAN_POINT('',(2.64,-14.64,0.));
#1032 = VECTOR('',#1033,1.);
#1033 = DIRECTION('',(0.,1.,0.));
#1034 = ORIENTED_EDGE('',*,*,#1035,.T.);
#1035 = EDGE_CURVE('',#1028,#1036,#1038,.T.);
#1036 = VERTEX_POINT('',#1037);
#1037 = CARTESIAN_POINT('',(2.64,-6.64,0.));
#1038 = LINE('',#1039,#1040);
#1039 = CARTESIAN_POINT('',(2.64,-9.36,0.));
#1040 = VECTOR('',#1041,1.);
#1041 = DIRECTION('',(0.,1.,0.));
#1042 = ORIENTED_EDGE('',*,*,#1043,.T.);
#1043 = EDGE_CURVE('',#1036,#1044,#1046,.T.);
#1044 = VERTEX_POINT('',#1045);
#1045 = CARTESIAN_POINT('',(10.64,-6.64,0.));
#1046 = LINE('',#1047,#1048);
#1047 = CARTESIAN_POINT('',(-10.64,-6.64,0.));
#1048 = VECTOR('',#1049,1.);
#1049 = DIRECTION('',(1.,0.,0.));
#1050 = ORIENTED_EDGE('',*,*,#1051,.T.);
#1051 = EDGE_CURVE('',#1044,#1052,#1054,.T.);
#1052 = VERTEX_POINT('',#1053);
#1053 = CARTESIAN_POINT('',(10.64,-1.36,0.));
#1054 = LINE('',#1055,#1056);
#1055 = CARTESIAN_POINT('',(10.64,-6.64,0.));
#1056 = VECTOR('',#1057,1.);
#1057 = DIRECTION('',(0.,1.,0.));
#1058 = ORIENTED_EDGE('',*,*,#1059,.T.);
#1059 = EDGE_CURVE('',#1052,#1060,#1062,.T.);
#1060 = VERTEX_POINT('',#1061);
#1061 = CARTESIAN_POINT('',(10.64,1.36,0.));
#1062 = LINE('',#1063,#1064);
#1063 = CARTESIAN_POINT('',(10.64,-1.36,0.));
#1064 = VECTOR('',#1065,1.);
#1065 = DIRECTION('',(0.,1.,0.));
#1066 = ORIENTED_EDGE('',*,*,#1067,.T.);
#1067 = EDGE_CURVE('',#1060,#1068,#1070,.T.);
#1068 = VERTEX_POINT('',#1069);
#1069 = CARTESIAN_POINT('',(10.64,6.64,0.));
#1070 = LINE('',#1071,#1072);
#1071 = CARTESIAN_POINT('',(10.64,1.36,0.));
#1072 = VECTOR('',#1073,1.);
#1073 = DIRECTION('',(0.,1.,0.));
#1074 = ORIENTED_EDGE('',*,*,#1075,.F.);
#1075 = EDGE_CURVE('',#1076,#1068,#1078,.T.);
#1076 = VERTEX_POINT('',#1077);
#1077 = CARTESIAN_POINT('',(2.64,6.64,0.));
#1078 = LINE('',#1079,#1080);
#1079 = CARTESIAN_POINT('',(-10.64,6.64,0.));
#1080 = VECTOR('',#1081,1.);
#1081 = DIRECTION('',(1.,0.,0.));
#1082 = ORIENTED_EDGE('',*,*,#1083,.T.);
#1083 = EDGE_CURVE('',#1076,#1084,#1086,.T.);
#1084 = VERTEX_POINT('',#1085);
#1085 = CARTESIAN_POINT('',(2.64,9.36,0.));
#1086 = LINE('',#1087,#1088);
#1087 = CARTESIAN_POINT('',(2.64,6.64,0.));
#1088 = VECTOR('',#1089,1.);
#1089 = DIRECTION('',(0.,1.,0.));
#1090 = ORIENTED_EDGE('',*,*,#1091,.T.);
#1091 = EDGE_CURVE('',#1084,#1092,#1094,.T.);
#1092 = VERTEX_POINT('',#1093);
#1093 = CARTESIAN_POINT('',(2.64,14.64,0.));
#1094 = LINE('',#1095,#1096);
#1095 = CARTESIAN_POINT('',(2.64,9.36,0.));
#1096 = VECTOR('',#1097,1.);
#1097 = DIRECTION('',(0.,1.,0.));
#1098 = ORIENTED_EDGE('',*,*,#1099,.T.);
#1099 = EDGE_CURVE('',#1092,#1100,#1102,.T.);
#1100 = VERTEX_POINT('',#1101);
#1101 = CARTESIAN_POINT('',(2.64,17.36,0.));
#1102 = LINE('',#1103,#1104);
#1103 = CARTESIAN_POINT('',(2.64,14.64,0.));
#1104 = VECTOR('',#1105,1.);
#1105 = DIRECTION('',(0.,1.,0.));
#1106 = ORIENTED_EDGE('',*,*,#1107,.T.);
#1107 = EDGE_CURVE('',#1100,#1108,#1110,.T.);
#1108 = VERTEX_POINT('',#1109);
#1109 = CARTESIAN_POINT('',(2.64,22.64,0.));
#1110 = LINE('',#1111,#1112);
#1111 = CARTESIAN_POINT('',(2.64,17.36,0.));
#1112 = VECTOR('',#1113,1.);
#1113 = DIRECTION('',(0.,1.,0.));
#1114 = ORIENTED_EDGE('',*,*,#1115,.T.);
#1115 = EDGE_CURVE('',#1108,#1116,#1118,.T.);
#1116 = VERTEX_POINT('',#1117);
#1117 = CARTESIAN_POINT('',(2.64,25.36,0.));
#1118 = LINE('',#1119,#1120);
#1119 = CARTESIAN_POINT('',(2.64,22.64,0.));
#1120 = VECTOR('',#1121,1.);
#1121 = DIRECTION('',(0.,1.,0.));
#1122 = ORIENTED_EDGE('',*,*,#1123,.T.);
#1123 = EDGE_CURVE('',#1116,#1124,#1126,.T.);
#1124 = VERTEX_POINT('',#1125);
#1125 = CARTESIAN_POINT('',(2.64,30.64,0.));
#1126 = LINE('',#1127,#1128);
#1127 = CARTESIAN_POINT('',(2.64,25.36,0.));
#1128 = VECTOR('',#1129,1.);
#1129 = DIRECTION('',(0.,1.,0.));
#1130 = ORIENTED_EDGE('',*,*,#1131,.F.);
#1131 = EDGE_CURVE('',#1132,#1124,#1134,.T.);
#1132 = VERTEX_POINT('',#1133);
#1133 = CARTESIAN_POINT('',(-10.64,30.64,0.));
#1134 = LINE('',#1135,#1136);
#1135 = CARTESIAN_POINT('',(-10.64,30.64,0.));
#1136 = VECTOR('',#1137,1.);
#1137 = DIRECTION('',(1.,0.,0.));
#1138 = ORIENTED_EDGE('',*,*,#1139,.F.);
#1139 = EDGE_CURVE('',#1140,#1132,#1142,.T.);
#1140 = VERTEX_POINT('',#1141);
#1141 = CARTESIAN_POINT('',(-10.64,25.36,0.));
#1142 = LINE('',#1143,#1144);
#1143 = CARTESIAN_POINT('',(-10.64,25.36,0.));
#1144 = VECTOR('',#1145,1.);
#1145 = DIRECTION('',(0.,1.,0.));
#1146 = ORIENTED_EDGE('',*,*,#1147,.F.);
#1147 = EDGE_CURVE('',#1148,#1140,#1150,.T.);
#1148 = VERTEX_POINT('',#1149);
#1149 = CARTESIAN_POINT('',(-10.64,22.64,0.));
#1150 = LINE('',#1151,#1152);
#1151 = CARTESIAN_POINT('',(-10.64,22.64,0.));
#1152 = VECTOR('',#1153,1.);
#1153 = DIRECTION('',(0.,1.,0.));
#1154 = ORIENTED_EDGE('',*,*,#1155,.F.);
#1155 = EDGE_CURVE('',#1156,#1148,#1158,.T.);
#1156 = VERTEX_POINT('',#1157);
#1157 = CARTESIAN_POINT('',(-10.64,17.36,0.));
#1158 = LINE('',#1159,#1160);
#1159 = CARTESIAN_POINT('',(-10.64,17.36,0.));
#1160 = VECTOR('',#1161,1.);
#1161 = DIRECTION('',(0.,1.,0.));
#1162 = ORIENTED_EDGE('',*,*,#1163,.F.);
#1163 = EDGE_CURVE('',#1164,#1156,#1166,.T.);
#1164 = VERTEX_POINT('',#1165);
#1165 = CARTESIAN_POINT('',(-10.64,14.64,0.));
#1166 = LINE('',#1167,#1168);
#1167 = CARTESIAN_POINT('',(-10.64,14.64,0.));
#1168 = VECTOR('',#1169,1.);
#1169 = DIRECTION('',(0.,1.,0.));
#1170 = ORIENTED_EDGE('',*,*,#1171,.F.);
#1171 = EDGE_CURVE('',#1172,#1164,#1174,.T.);
#1172 = VERTEX_POINT('',#1173);
#1173 = CARTESIAN_POINT('',(-10.64,9.36,0.));
#1174 = LINE('',#1175,#1176);
#1175 = CARTESIAN_POINT('',(-10.64,9.36,0.));
#1176 = VECTOR('',#1177,1.);
#1177 = DIRECTION('',(0.,1.,0.));
#1178 = ORIENTED_EDGE('',*,*,#1179,.F.);
#1179 = EDGE_CURVE('',#1180,#1172,#1182,.T.);
#1180 = VERTEX_POINT('',#1181);
#1181 = CARTESIAN_POINT('',(-10.64,6.64,0.));
#1182 = LINE('',#1183,#1184);
#1183 = CARTESIAN_POINT('',(-10.64,6.64,0.));
#1184 = VECTOR('',#1185,1.);
#1185 = DIRECTION('',(0.,1.,0.));
#1186 = ORIENTED_EDGE('',*,*,#1187,.F.);
#1187 = EDGE_CURVE('',#1188,#1180,#1190,.T.);
#1188 = VERTEX_POINT('',#1189);
#1189 = CARTESIAN_POINT('',(-10.64,1.36,0.));
#1190 = LINE('',#1191,#1192);
#1191 = CARTESIAN_POINT('',(-10.64,1.36,0.));
#1192 = VECTOR('',#1193,1.);
#1193 = DIRECTION('',(0.,1.,0.));
#1194 = ORIENTED_EDGE('',*,*,#1195,.F.);
#1195 = EDGE_CURVE('',#1196,#1188,#1198,.T.);
#1196 = VERTEX_POINT('',#1197);
#1197 = CARTESIAN_POINT('',(-10.64,-1.36,0.));
#1198 = LINE('',#1199,#1200);
#1199 = CARTESIAN_POINT('',(-10.64,-1.36,0.));
#1200 = VECTOR('',#1201,1.);
#1201 = DIRECTION('',(0.,1.,0.));
#1202 = ORIENTED_EDGE('',*,*,#1203,.F.);
#1203 = EDGE_CURVE('',#1204,#1196,#1206,.T.);
#1204 = VERTEX_POINT('',#1205);
#1205 = CARTESIAN_POINT('',(-10.64,-6.64,0.));
#1206 = LINE('',#1207,#1208);
#1207 = CARTESIAN_POINT('',(-10.64,-6.64,0.));
#1208 = VECTOR('',#1209,1.);
#1209 = DIRECTION('',(0.,1.,0.));
#1210 = ORIENTED_EDGE('',*,*,#1211,.F.);
#1211 = EDGE_CURVE('',#1212,#1204,#1214,.T.);
#1212 = VERTEX_POINT('',#1213);
#1213 = CARTESIAN_POINT('',(-10.64,-9.36,0.));
#1214 = LINE('',#1215,#1216);
#1215 = CARTESIAN_POINT('',(-10.64,-9.36,0.));
#1216 = VECTOR('',#1217,1.);
#1217 = DIRECTION('',(0.,1.,0.));
#1218 = ORIENTED_EDGE('',*,*,#1219,.F.);
#1219 = EDGE_CURVE('',#1220,#1212,#1222,.T.);
#1220 = VERTEX_POINT('',#1221);
#1221 = CARTESIAN_POINT('',(-10.64,-14.64,0.));
#1222 = LINE('',#1223,#1224);
#1223 = CARTESIAN_POINT('',(-10.64,-14.64,0.));
#1224 = VECTOR('',#1225,1.);
#1225 = DIRECTION('',(0.,1.,0.));
#1226 = ORIENTED_EDGE('',*,*,#1227,.F.);
#1227 = EDGE_CURVE('',#1228,#1220,#1230,.T.);
#1228 = VERTEX_POINT('',#1229);
#1229 = CARTESIAN_POINT('',(-10.64,-17.36,0.));
#1230 = LINE('',#1231,#1232);
#1231 = CARTESIAN_POINT('',(-10.64,-17.36,0.));
#1232 = VECTOR('',#1233,1.);
#1233 = DIRECTION('',(0.,1.,0.));
#1234 = ORIENTED_EDGE('',*,*,#1235,.F.);
#1235 = EDGE_CURVE('',#1236,#1228,#1238,.T.);
#1236 = VERTEX_POINT('',#1237);
#1237 = CARTESIAN_POINT('',(-10.64,-22.64,0.));
#1238 = LINE('',#1239,#1240);
#1239 = CARTESIAN_POINT('',(-10.64,-22.64,0.));
#1240 = VECTOR('',#1241,1.);
#1241 = DIRECTION('',(0.,1.,0.));
#1242 = ORIENTED_EDGE('',*,*,#1243,.F.);
#1243 = EDGE_CURVE('',#980,#1236,#1244,.T.);
#1244 = LINE('',#1245,#1246);
#1245 = CARTESIAN_POINT('',(-10.64,-25.36,0.));
#1246 = VECTOR('',#1247,1.);
#1247 = DIRECTION('',(0.,1.,0.));
#1248 = PLANE('',#1249);
#1249 = AXIS2_PLACEMENT_3D('',#1250,#1251,#1252);
#1250 = CARTESIAN_POINT('',(-2.191780821918,1.29779495116E-15,0.));
#1251 = DIRECTION('',(-0.,-0.,-1.));
#1252 = DIRECTION('',(-1.,0.,0.));
#1253 = ADVANCED_FACE('',(#1254),#1273,.T.);
#1254 = FACE_BOUND('',#1255,.T.);
#1255 = EDGE_LOOP('',(#1256,#1265,#1271,#1272));
#1256 = ORIENTED_EDGE('',*,*,#1257,.F.);
#1257 = EDGE_CURVE('',#1258,#1258,#1260,.T.);
#1258 = VERTEX_POINT('',#1259);
#1259 = CARTESIAN_POINT('',(-5.85,-20.,11.4));
#1260 = CIRCLE('',#1261,2.15);
#1261 = AXIS2_PLACEMENT_3D('',#1262,#1263,#1264);
#1262 = CARTESIAN_POINT('',(-8.,-20.,11.4));
#1263 = DIRECTION('',(0.,0.,1.));
#1264 = DIRECTION('',(1.,0.,0.));
#1265 = ORIENTED_EDGE('',*,*,#1266,.F.);
#1266 = EDGE_CURVE('',#534,#1258,#1267,.T.);
#1267 = LINE('',#1268,#1269);
#1268 = CARTESIAN_POINT('',(-5.6,-20.,11.15));
#1269 = VECTOR('',#1270,1.);
#1270 = DIRECTION('',(-0.707106781187,1.731912112471E-16,0.707106781187)
  );
#1271 = ORIENTED_EDGE('',*,*,#541,.T.);
#1272 = ORIENTED_EDGE('',*,*,#1266,.T.);
#1273 = CONICAL_SURFACE('',#1274,2.4,0.785398163397);
#1274 = AXIS2_PLACEMENT_3D('',#1275,#1276,#1277);
#1275 = CARTESIAN_POINT('',(-8.,-20.,11.15));
#1276 = DIRECTION('',(-0.,-0.,-1.));
#1277 = DIRECTION('',(1.,0.,0.));
#1278 = ADVANCED_FACE('',(#1279),#1298,.T.);
#1279 = FACE_BOUND('',#1280,.T.);
#1280 = EDGE_LOOP('',(#1281,#1290,#1296,#1297));
#1281 = ORIENTED_EDGE('',*,*,#1282,.F.);
#1282 = EDGE_CURVE('',#1283,#1283,#1285,.T.);
#1283 = VERTEX_POINT('',#1284);
#1284 = CARTESIAN_POINT('',(-5.85,-12.,11.4));
#1285 = CIRCLE('',#1286,2.15);
#1286 = AXIS2_PLACEMENT_3D('',#1287,#1288,#1289);
#1287 = CARTESIAN_POINT('',(-8.,-12.,11.4));
#1288 = DIRECTION('',(0.,0.,1.));
#1289 = DIRECTION('',(1.,0.,0.));
#1290 = ORIENTED_EDGE('',*,*,#1291,.F.);
#1291 = EDGE_CURVE('',#559,#1283,#1292,.T.);
#1292 = LINE('',#1293,#1294);
#1293 = CARTESIAN_POINT('',(-5.6,-12.,11.15));
#1294 = VECTOR('',#1295,1.);
#1295 = DIRECTION('',(-0.707106781187,1.731912112471E-16,0.707106781187)
  );
#1296 = ORIENTED_EDGE('',*,*,#566,.T.);
#1297 = ORIENTED_EDGE('',*,*,#1291,.T.);
#1298 = CONICAL_SURFACE('',#1299,2.4,0.785398163397);
#1299 = AXIS2_PLACEMENT_3D('',#1300,#1301,#1302);
#1300 = CARTESIAN_POINT('',(-8.,-12.,11.15));
#1301 = DIRECTION('',(-0.,-0.,-1.));
#1302 = DIRECTION('',(1.,0.,0.));
#1303 = ADVANCED_FACE('',(#1304),#1323,.T.);
#1304 = FACE_BOUND('',#1305,.T.);
#1305 = EDGE_LOOP('',(#1306,#1315,#1321,#1322));
#1306 = ORIENTED_EDGE('',*,*,#1307,.F.);
#1307 = EDGE_CURVE('',#1308,#1308,#1310,.T.);
#1308 = VERTEX_POINT('',#1309);
#1309 = CARTESIAN_POINT('',(-5.85,-4.,11.4));
#1310 = CIRCLE('',#1311,2.15);
#1311 = AXIS2_PLACEMENT_3D('',#1312,#1313,#1314);
#1312 = CARTESIAN_POINT('',(-8.,-4.,11.4));
#1313 = DIRECTION('',(0.,0.,1.));
#1314 = DIRECTION('',(1.,0.,0.));
#1315 = ORIENTED_EDGE('',*,*,#1316,.F.);
#1316 = EDGE_CURVE('',#584,#1308,#1317,.T.);
#1317 = LINE('',#1318,#1319);
#1318 = CARTESIAN_POINT('',(-5.6,-4.,11.15));
#1319 = VECTOR('',#1320,1.);
#1320 = DIRECTION('',(-0.707106781187,1.731912112471E-16,0.707106781187)
  );
#1321 = ORIENTED_EDGE('',*,*,#591,.T.);
#1322 = ORIENTED_EDGE('',*,*,#1316,.T.);
#1323 = CONICAL_SURFACE('',#1324,2.4,0.785398163397);
#1324 = AXIS2_PLACEMENT_3D('',#1325,#1326,#1327);
#1325 = CARTESIAN_POINT('',(-8.,-4.,11.15));
#1326 = DIRECTION('',(-0.,-0.,-1.));
#1327 = DIRECTION('',(1.,0.,0.));
#1328 = ADVANCED_FACE('',(#1329),#1348,.T.);
#1329 = FACE_BOUND('',#1330,.T.);
#1330 = EDGE_LOOP('',(#1331,#1340,#1346,#1347));
#1331 = ORIENTED_EDGE('',*,*,#1332,.F.);
#1332 = EDGE_CURVE('',#1333,#1333,#1335,.T.);
#1333 = VERTEX_POINT('',#1334);
#1334 = CARTESIAN_POINT('',(2.15,-28.,11.4));
#1335 = CIRCLE('',#1336,2.15);
#1336 = AXIS2_PLACEMENT_3D('',#1337,#1338,#1339);
#1337 = CARTESIAN_POINT('',(0.,-28.,11.4));
#1338 = DIRECTION('',(0.,0.,1.));
#1339 = DIRECTION('',(1.,0.,0.));
#1340 = ORIENTED_EDGE('',*,*,#1341,.F.);
#1341 = EDGE_CURVE('',#609,#1333,#1342,.T.);
#1342 = LINE('',#1343,#1344);
#1343 = CARTESIAN_POINT('',(2.4,-28.,11.15));
#1344 = VECTOR('',#1345,1.);
#1345 = DIRECTION('',(-0.707106781187,1.731912112471E-16,0.707106781187)
  );
#1346 = ORIENTED_EDGE('',*,*,#616,.T.);
#1347 = ORIENTED_EDGE('',*,*,#1341,.T.);
#1348 = CONICAL_SURFACE('',#1349,2.4,0.785398163397);
#1349 = AXIS2_PLACEMENT_3D('',#1350,#1351,#1352);
#1350 = CARTESIAN_POINT('',(0.,-28.,11.15));
#1351 = DIRECTION('',(-0.,-0.,-1.));
#1352 = DIRECTION('',(1.,0.,0.));
#1353 = ADVANCED_FACE('',(#1354),#1373,.T.);
#1354 = FACE_BOUND('',#1355,.T.);
#1355 = EDGE_LOOP('',(#1356,#1365,#1371,#1372));
#1356 = ORIENTED_EDGE('',*,*,#1357,.F.);
#1357 = EDGE_CURVE('',#1358,#1358,#1360,.T.);
#1358 = VERTEX_POINT('',#1359);
#1359 = CARTESIAN_POINT('',(2.15,-20.,11.4));
#1360 = CIRCLE('',#1361,2.15);
#1361 = AXIS2_PLACEMENT_3D('',#1362,#1363,#1364);
#1362 = CARTESIAN_POINT('',(0.,-20.,11.4));
#1363 = DIRECTION('',(0.,0.,1.));
#1364 = DIRECTION('',(1.,0.,0.));
#1365 = ORIENTED_EDGE('',*,*,#1366,.F.);
#1366 = EDGE_CURVE('',#634,#1358,#1367,.T.);
#1367 = LINE('',#1368,#1369);
#1368 = CARTESIAN_POINT('',(2.4,-20.,11.15));
#1369 = VECTOR('',#1370,1.);
#1370 = DIRECTION('',(-0.707106781187,1.731912112471E-16,0.707106781187)
  );
#1371 = ORIENTED_EDGE('',*,*,#641,.T.);
#1372 = ORIENTED_EDGE('',*,*,#1366,.T.);
#1373 = CONICAL_SURFACE('',#1374,2.4,0.785398163397);
#1374 = AXIS2_PLACEMENT_3D('',#1375,#1376,#1377);
#1375 = CARTESIAN_POINT('',(0.,-20.,11.15));
#1376 = DIRECTION('',(-0.,-0.,-1.));
#1377 = DIRECTION('',(1.,0.,0.));
#1378 = ADVANCED_FACE('',(#1379),#1398,.T.);
#1379 = FACE_BOUND('',#1380,.T.);
#1380 = EDGE_LOOP('',(#1381,#1390,#1396,#1397));
#1381 = ORIENTED_EDGE('',*,*,#1382,.F.);
#1382 = EDGE_CURVE('',#1383,#1383,#1385,.T.);
#1383 = VERTEX_POINT('',#1384);
#1384 = CARTESIAN_POINT('',(2.15,-12.,11.4));
#1385 = CIRCLE('',#1386,2.15);
#1386 = AXIS2_PLACEMENT_3D('',#1387,#1388,#1389);
#1387 = CARTESIAN_POINT('',(0.,-12.,11.4));
#1388 = DIRECTION('',(0.,0.,1.));
#1389 = DIRECTION('',(1.,0.,0.));
#1390 = ORIENTED_EDGE('',*,*,#1391,.F.);
#1391 = EDGE_CURVE('',#659,#1383,#1392,.T.);
#1392 = LINE('',#1393,#1394);
#1393 = CARTESIAN_POINT('',(2.4,-12.,11.15));
#1394 = VECTOR('',#1395,1.);
#1395 = DIRECTION('',(-0.707106781187,1.731912112471E-16,0.707106781187)
  );
#1396 = ORIENTED_EDGE('',*,*,#666,.T.);
#1397 = ORIENTED_EDGE('',*,*,#1391,.T.);
#1398 = CONICAL_SURFACE('',#1399,2.4,0.785398163397);
#1399 = AXIS2_PLACEMENT_3D('',#1400,#1401,#1402);
#1400 = CARTESIAN_POINT('',(0.,-12.,11.15));
#1401 = DIRECTION('',(-0.,-0.,-1.));
#1402 = DIRECTION('',(1.,0.,0.));
#1403 = ADVANCED_FACE('',(#1404),#1423,.T.);
#1404 = FACE_BOUND('',#1405,.T.);
#1405 = EDGE_LOOP('',(#1406,#1415,#1421,#1422));
#1406 = ORIENTED_EDGE('',*,*,#1407,.F.);
#1407 = EDGE_CURVE('',#1408,#1408,#1410,.T.);
#1408 = VERTEX_POINT('',#1409);
#1409 = CARTESIAN_POINT('',(2.15,-4.,11.4));
#1410 = CIRCLE('',#1411,2.15);
#1411 = AXIS2_PLACEMENT_3D('',#1412,#1413,#1414);
#1412 = CARTESIAN_POINT('',(0.,-4.,11.4));
#1413 = DIRECTION('',(0.,0.,1.));
#1414 = DIRECTION('',(1.,0.,0.));
#1415 = ORIENTED_EDGE('',*,*,#1416,.F.);
#1416 = EDGE_CURVE('',#684,#1408,#1417,.T.);
#1417 = LINE('',#1418,#1419);
#1418 = CARTESIAN_POINT('',(2.4,-4.,11.15));
#1419 = VECTOR('',#1420,1.);
#1420 = DIRECTION('',(-0.707106781187,1.731912112471E-16,0.707106781187)
  );
#1421 = ORIENTED_EDGE('',*,*,#691,.T.);
#1422 = ORIENTED_EDGE('',*,*,#1416,.T.);
#1423 = CONICAL_SURFACE('',#1424,2.4,0.785398163397);
#1424 = AXIS2_PLACEMENT_3D('',#1425,#1426,#1427);
#1425 = CARTESIAN_POINT('',(0.,-4.,11.15));
#1426 = DIRECTION('',(-0.,-0.,-1.));
#1427 = DIRECTION('',(1.,0.,0.));
#1428 = ADVANCED_FACE('',(#1429),#1448,.T.);
#1429 = FACE_BOUND('',#1430,.T.);
#1430 = EDGE_LOOP('',(#1431,#1440,#1446,#1447));
#1431 = ORIENTED_EDGE('',*,*,#1432,.F.);
#1432 = EDGE_CURVE('',#1433,#1433,#1435,.T.);
#1433 = VERTEX_POINT('',#1434);
#1434 = CARTESIAN_POINT('',(10.15,-4.,11.4));
#1435 = CIRCLE('',#1436,2.15);
#1436 = AXIS2_PLACEMENT_3D('',#1437,#1438,#1439);
#1437 = CARTESIAN_POINT('',(8.,-4.,11.4));
#1438 = DIRECTION('',(0.,0.,1.));
#1439 = DIRECTION('',(1.,0.,0.));
#1440 = ORIENTED_EDGE('',*,*,#1441,.F.);
#1441 = EDGE_CURVE('',#709,#1433,#1442,.T.);
#1442 = LINE('',#1443,#1444);
#1443 = CARTESIAN_POINT('',(10.4,-4.,11.15));
#1444 = VECTOR('',#1445,1.);
#1445 = DIRECTION('',(-0.707106781187,1.731912112471E-16,0.707106781187)
  );
#1446 = ORIENTED_EDGE('',*,*,#716,.T.);
#1447 = ORIENTED_EDGE('',*,*,#1441,.T.);
#1448 = CONICAL_SURFACE('',#1449,2.4,0.785398163397);
#1449 = AXIS2_PLACEMENT_3D('',#1450,#1451,#1452);
#1450 = CARTESIAN_POINT('',(8.,-4.,11.15));
#1451 = DIRECTION('',(-0.,-0.,-1.));
#1452 = DIRECTION('',(1.,0.,0.));
#1453 = ADVANCED_FACE('',(#1454),#1473,.T.);
#1454 = FACE_BOUND('',#1455,.T.);
#1455 = EDGE_LOOP('',(#1456,#1465,#1471,#1472));
#1456 = ORIENTED_EDGE('',*,*,#1457,.F.);
#1457 = EDGE_CURVE('',#1458,#1458,#1460,.T.);
#1458 = VERTEX_POINT('',#1459);
#1459 = CARTESIAN_POINT('',(-5.85,4.,11.4));
#1460 = CIRCLE('',#1461,2.15);
#1461 = AXIS2_PLACEMENT_3D('',#1462,#1463,#1464);
#1462 = CARTESIAN_POINT('',(-8.,4.,11.4));
#1463 = DIRECTION('',(0.,0.,1.));
#1464 = DIRECTION('',(1.,0.,0.));
#1465 = ORIENTED_EDGE('',*,*,#1466,.F.);
#1466 = EDGE_CURVE('',#734,#1458,#1467,.T.);
#1467 = LINE('',#1468,#1469);
#1468 = CARTESIAN_POINT('',(-5.6,4.,11.15));
#1469 = VECTOR('',#1470,1.);
#1470 = DIRECTION('',(-0.707106781187,1.731912112471E-16,0.707106781187)
  );
#1471 = ORIENTED_EDGE('',*,*,#741,.T.);
#1472 = ORIENTED_EDGE('',*,*,#1466,.T.);
#1473 = CONICAL_SURFACE('',#1474,2.4,0.785398163397);
#1474 = AXIS2_PLACEMENT_3D('',#1475,#1476,#1477);
#1475 = CARTESIAN_POINT('',(-8.,4.,11.15));
#1476 = DIRECTION('',(-0.,-0.,-1.));
#1477 = DIRECTION('',(1.,0.,0.));
#1478 = ADVANCED_FACE('',(#1479),#1498,.T.);
#1479 = FACE_BOUND('',#1480,.T.);
#1480 = EDGE_LOOP('',(#1481,#1490,#1496,#1497));
#1481 = ORIENTED_EDGE('',*,*,#1482,.F.);
#1482 = EDGE_CURVE('',#1483,#1483,#1485,.T.);
#1483 = VERTEX_POINT('',#1484);
#1484 = CARTESIAN_POINT('',(-5.85,12.,11.4));
#1485 = CIRCLE('',#1486,2.15);
#1486 = AXIS2_PLACEMENT_3D('',#1487,#1488,#1489);
#1487 = CARTESIAN_POINT('',(-8.,12.,11.4));
#1488 = DIRECTION('',(0.,0.,1.));
#1489 = DIRECTION('',(1.,0.,0.));
#1490 = ORIENTED_EDGE('',*,*,#1491,.F.);
#1491 = EDGE_CURVE('',#759,#1483,#1492,.T.);
#1492 = LINE('',#1493,#1494);
#1493 = CARTESIAN_POINT('',(-5.6,12.,11.15));
#1494 = VECTOR('',#1495,1.);
#1495 = DIRECTION('',(-0.707106781187,1.731912112471E-16,0.707106781187)
  );
#1496 = ORIENTED_EDGE('',*,*,#766,.T.);
#1497 = ORIENTED_EDGE('',*,*,#1491,.T.);
#1498 = CONICAL_SURFACE('',#1499,2.4,0.785398163397);
#1499 = AXIS2_PLACEMENT_3D('',#1500,#1501,#1502);
#1500 = CARTESIAN_POINT('',(-8.,12.,11.15));
#1501 = DIRECTION('',(-0.,-0.,-1.));
#1502 = DIRECTION('',(1.,0.,0.));
#1503 = ADVANCED_FACE('',(#1504),#1523,.T.);
#1504 = FACE_BOUND('',#1505,.T.);
#1505 = EDGE_LOOP('',(#1506,#1515,#1521,#1522));
#1506 = ORIENTED_EDGE('',*,*,#1507,.F.);
#1507 = EDGE_CURVE('',#1508,#1508,#1510,.T.);
#1508 = VERTEX_POINT('',#1509);
#1509 = CARTESIAN_POINT('',(-5.85,20.,11.4));
#1510 = CIRCLE('',#1511,2.15);
#1511 = AXIS2_PLACEMENT_3D('',#1512,#1513,#1514);
#1512 = CARTESIAN_POINT('',(-8.,20.,11.4));
#1513 = DIRECTION('',(0.,0.,1.));
#1514 = DIRECTION('',(1.,0.,0.));
#1515 = ORIENTED_EDGE('',*,*,#1516,.F.);
#1516 = EDGE_CURVE('',#784,#1508,#1517,.T.);
#1517 = LINE('',#1518,#1519);
#1518 = CARTESIAN_POINT('',(-5.6,20.,11.15));
#1519 = VECTOR('',#1520,1.);
#1520 = DIRECTION('',(-0.707106781187,1.731912112471E-16,0.707106781187)
  );
#1521 = ORIENTED_EDGE('',*,*,#791,.T.);
#1522 = ORIENTED_EDGE('',*,*,#1516,.T.);
#1523 = CONICAL_SURFACE('',#1524,2.4,0.785398163397);
#1524 = AXIS2_PLACEMENT_3D('',#1525,#1526,#1527);
#1525 = CARTESIAN_POINT('',(-8.,20.,11.15));
#1526 = DIRECTION('',(-0.,-0.,-1.));
#1527 = DIRECTION('',(1.,0.,0.));
#1528 = ADVANCED_FACE('',(#1529),#1548,.T.);
#1529 = FACE_BOUND('',#1530,.T.);
#1530 = EDGE_LOOP('',(#1531,#1540,#1546,#1547));
#1531 = ORIENTED_EDGE('',*,*,#1532,.F.);
#1532 = EDGE_CURVE('',#1533,#1533,#1535,.T.);
#1533 = VERTEX_POINT('',#1534);
#1534 = CARTESIAN_POINT('',(-5.85,28.,11.4));
#1535 = CIRCLE('',#1536,2.15);
#1536 = AXIS2_PLACEMENT_3D('',#1537,#1538,#1539);
#1537 = CARTESIAN_POINT('',(-8.,28.,11.4));
#1538 = DIRECTION('',(0.,0.,1.));
#1539 = DIRECTION('',(1.,0.,0.));
#1540 = ORIENTED_EDGE('',*,*,#1541,.F.);
#1541 = EDGE_CURVE('',#809,#1533,#1542,.T.);
#1542 = LINE('',#1543,#1544);
#1543 = CARTESIAN_POINT('',(-5.6,28.,11.15));
#1544 = VECTOR('',#1545,1.);
#1545 = DIRECTION('',(-0.707106781187,1.731912112471E-16,0.707106781187)
  );
#1546 = ORIENTED_EDGE('',*,*,#816,.T.);
#1547 = ORIENTED_EDGE('',*,*,#1541,.T.);
#1548 = CONICAL_SURFACE('',#1549,2.4,0.785398163397);
#1549 = AXIS2_PLACEMENT_3D('',#1550,#1551,#1552);
#1550 = CARTESIAN_POINT('',(-8.,28.,11.15));
#1551 = DIRECTION('',(-0.,-0.,-1.));
#1552 = DIRECTION('',(1.,0.,0.));
#1553 = ADVANCED_FACE('',(#1554),#1573,.T.);
#1554 = FACE_BOUND('',#1555,.T.);
#1555 = EDGE_LOOP('',(#1556,#1565,#1571,#1572));
#1556 = ORIENTED_EDGE('',*,*,#1557,.F.);
#1557 = EDGE_CURVE('',#1558,#1558,#1560,.T.);
#1558 = VERTEX_POINT('',#1559);
#1559 = CARTESIAN_POINT('',(2.15,4.,11.4));
#1560 = CIRCLE('',#1561,2.15);
#1561 = AXIS2_PLACEMENT_3D('',#1562,#1563,#1564);
#1562 = CARTESIAN_POINT('',(0.,4.,11.4));
#1563 = DIRECTION('',(0.,0.,1.));
#1564 = DIRECTION('',(1.,0.,0.));
#1565 = ORIENTED_EDGE('',*,*,#1566,.F.);
#1566 = EDGE_CURVE('',#834,#1558,#1567,.T.);
#1567 = LINE('',#1568,#1569);
#1568 = CARTESIAN_POINT('',(2.4,4.,11.15));
#1569 = VECTOR('',#1570,1.);
#1570 = DIRECTION('',(-0.707106781187,1.731912112471E-16,0.707106781187)
  );
#1571 = ORIENTED_EDGE('',*,*,#841,.T.);
#1572 = ORIENTED_EDGE('',*,*,#1566,.T.);
#1573 = CONICAL_SURFACE('',#1574,2.4,0.785398163397);
#1574 = AXIS2_PLACEMENT_3D('',#1575,#1576,#1577);
#1575 = CARTESIAN_POINT('',(0.,4.,11.15));
#1576 = DIRECTION('',(-0.,-0.,-1.));
#1577 = DIRECTION('',(1.,0.,0.));
#1578 = ADVANCED_FACE('',(#1579),#1598,.T.);
#1579 = FACE_BOUND('',#1580,.T.);
#1580 = EDGE_LOOP('',(#1581,#1590,#1596,#1597));
#1581 = ORIENTED_EDGE('',*,*,#1582,.F.);
#1582 = EDGE_CURVE('',#1583,#1583,#1585,.T.);
#1583 = VERTEX_POINT('',#1584);
#1584 = CARTESIAN_POINT('',(2.15,12.,11.4));
#1585 = CIRCLE('',#1586,2.15);
#1586 = AXIS2_PLACEMENT_3D('',#1587,#1588,#1589);
#1587 = CARTESIAN_POINT('',(0.,12.,11.4));
#1588 = DIRECTION('',(0.,0.,1.));
#1589 = DIRECTION('',(1.,0.,0.));
#1590 = ORIENTED_EDGE('',*,*,#1591,.F.);
#1591 = EDGE_CURVE('',#859,#1583,#1592,.T.);
#1592 = LINE('',#1593,#1594);
#1593 = CARTESIAN_POINT('',(2.4,12.,11.15));
#1594 = VECTOR('',#1595,1.);
#1595 = DIRECTION('',(-0.707106781187,1.731912112471E-16,0.707106781187)
  );
#1596 = ORIENTED_EDGE('',*,*,#866,.T.);
#1597 = ORIENTED_EDGE('',*,*,#1591,.T.);
#1598 = CONICAL_SURFACE('',#1599,2.4,0.785398163397);
#1599 = AXIS2_PLACEMENT_3D('',#1600,#1601,#1602);
#1600 = CARTESIAN_POINT('',(0.,12.,11.15));
#1601 = DIRECTION('',(-0.,-0.,-1.));
#1602 = DIRECTION('',(1.,0.,0.));
#1603 = ADVANCED_FACE('',(#1604),#1623,.T.);
#1604 = FACE_BOUND('',#1605,.T.);
#1605 = EDGE_LOOP('',(#1606,#1615,#1621,#1622));
#1606 = ORIENTED_EDGE('',*,*,#1607,.F.);
#1607 = EDGE_CURVE('',#1608,#1608,#1610,.T.);
#1608 = VERTEX_POINT('',#1609);
#1609 = CARTESIAN_POINT('',(10.15,4.,11.4));
#1610 = CIRCLE('',#1611,2.15);
#1611 = AXIS2_PLACEMENT_3D('',#1612,#1613,#1614);
#1612 = CARTESIAN_POINT('',(8.,4.,11.4));
#1613 = DIRECTION('',(0.,0.,1.));
#1614 = DIRECTION('',(1.,0.,0.));
#1615 = ORIENTED_EDGE('',*,*,#1616,.F.);
#1616 = EDGE_CURVE('',#884,#1608,#1617,.T.);
#1617 = LINE('',#1618,#1619);
#1618 = CARTESIAN_POINT('',(10.4,4.,11.15));
#1619 = VECTOR('',#1620,1.);
#1620 = DIRECTION('',(-0.707106781187,1.731912112471E-16,0.707106781187)
  );
#1621 = ORIENTED_EDGE('',*,*,#891,.T.);
#1622 = ORIENTED_EDGE('',*,*,#1616,.T.);
#1623 = CONICAL_SURFACE('',#1624,2.4,0.785398163397);
#1624 = AXIS2_PLACEMENT_3D('',#1625,#1626,#1627);
#1625 = CARTESIAN_POINT('',(8.,4.,11.15));
#1626 = DIRECTION('',(-0.,-0.,-1.));
#1627 = DIRECTION('',(1.,0.,0.));
#1628 = ADVANCED_FACE('',(#1629),#1648,.T.);
#1629 = FACE_BOUND('',#1630,.T.);
#1630 = EDGE_LOOP('',(#1631,#1640,#1646,#1647));
#1631 = ORIENTED_EDGE('',*,*,#1632,.F.);
#1632 = EDGE_CURVE('',#1633,#1633,#1635,.T.);
#1633 = VERTEX_POINT('',#1634);
#1634 = CARTESIAN_POINT('',(2.15,20.,11.4));
#1635 = CIRCLE('',#1636,2.15);
#1636 = AXIS2_PLACEMENT_3D('',#1637,#1638,#1639);
#1637 = CARTESIAN_POINT('',(0.,20.,11.4));
#1638 = DIRECTION('',(0.,0.,1.));
#1639 = DIRECTION('',(1.,0.,0.));
#1640 = ORIENTED_EDGE('',*,*,#1641,.F.);
#1641 = EDGE_CURVE('',#909,#1633,#1642,.T.);
#1642 = LINE('',#1643,#1644);
#1643 = CARTESIAN_POINT('',(2.4,20.,11.15));
#1644 = VECTOR('',#1645,1.);
#1645 = DIRECTION('',(-0.707106781187,1.731912112471E-16,0.707106781187)
  );
#1646 = ORIENTED_EDGE('',*,*,#916,.T.);
#1647 = ORIENTED_EDGE('',*,*,#1641,.T.);
#1648 = CONICAL_SURFACE('',#1649,2.4,0.785398163397);
#1649 = AXIS2_PLACEMENT_3D('',#1650,#1651,#1652);
#1650 = CARTESIAN_POINT('',(0.,20.,11.15));
#1651 = DIRECTION('',(-0.,-0.,-1.));
#1652 = DIRECTION('',(1.,0.,0.));
#1653 = ADVANCED_FACE('',(#1654),#1673,.T.);
#1654 = FACE_BOUND('',#1655,.T.);
#1655 = EDGE_LOOP('',(#1656,#1665,#1671,#1672));
#1656 = ORIENTED_EDGE('',*,*,#1657,.F.);
#1657 = EDGE_CURVE('',#1658,#1658,#1660,.T.);
#1658 = VERTEX_POINT('',#1659);
#1659 = CARTESIAN_POINT('',(2.15,28.,11.4));
#1660 = CIRCLE('',#1661,2.15);
#1661 = AXIS2_PLACEMENT_3D('',#1662,#1663,#1664);
#1662 = CARTESIAN_POINT('',(0.,28.,11.4));
#1663 = DIRECTION('',(0.,0.,1.));
#1664 = DIRECTION('',(1.,0.,0.));
#1665 = ORIENTED_EDGE('',*,*,#1666,.F.);
#1666 = EDGE_CURVE('',#934,#1658,#1667,.T.);
#1667 = LINE('',#1668,#1669);
#1668 = CARTESIAN_POINT('',(2.4,28.,11.15));
#1669 = VECTOR('',#1670,1.);
#1670 = DIRECTION('',(-0.707106781187,1.731912112471E-16,0.707106781187)
  );
#1671 = ORIENTED_EDGE('',*,*,#941,.T.);
#1672 = ORIENTED_EDGE('',*,*,#1666,.T.);
#1673 = CONICAL_SURFACE('',#1674,2.4,0.785398163397);
#1674 = AXIS2_PLACEMENT_3D('',#1675,#1676,#1677);
#1675 = CARTESIAN_POINT('',(0.,28.,11.15));
#1676 = DIRECTION('',(-0.,-0.,-1.));
#1677 = DIRECTION('',(1.,0.,0.));
#1678 = ADVANCED_FACE('',(#1679),#1702,.F.);
#1679 = FACE_BOUND('',#1680,.F.);
#1680 = EDGE_LOOP('',(#1681,#1682,#1689,#1697));
#1681 = ORIENTED_EDGE('',*,*,#977,.F.);
#1682 = ORIENTED_EDGE('',*,*,#1683,.T.);
#1683 = EDGE_CURVE('',#978,#1684,#1686,.T.);
#1684 = VERTEX_POINT('',#1685);
#1685 = CARTESIAN_POINT('',(-10.44,-30.44,0.3));
#1686 = B_SPLINE_CURVE_WITH_KNOTS('',1,(#1687,#1688),.UNSPECIFIED.,.F.,
  .F.,(2,2),(0.,1.),.PIECEWISE_BEZIER_KNOTS.);
#1687 = CARTESIAN_POINT('',(-10.64,-30.64,0.));
#1688 = CARTESIAN_POINT('',(-10.44,-30.44,0.3));
#1689 = ORIENTED_EDGE('',*,*,#1690,.T.);
#1690 = EDGE_CURVE('',#1684,#1691,#1693,.T.);
#1691 = VERTEX_POINT('',#1692);
#1692 = CARTESIAN_POINT('',(-10.44,-25.56,0.3));
#1693 = LINE('',#1694,#1695);
#1694 = CARTESIAN_POINT('',(-10.44,-30.44,0.3));
#1695 = VECTOR('',#1696,1.);
#1696 = DIRECTION('',(0.,1.,0.));
#1697 = ORIENTED_EDGE('',*,*,#1698,.F.);
#1698 = EDGE_CURVE('',#980,#1691,#1699,.T.);
#1699 = B_SPLINE_CURVE_WITH_KNOTS('',1,(#1700,#1701),.UNSPECIFIED.,.F.,
  .F.,(2,2),(0.,1.),.PIECEWISE_BEZIER_KNOTS.);
#1700 = CARTESIAN_POINT('',(-10.64,-25.36,0.));
#1701 = CARTESIAN_POINT('',(-10.44,-25.56,0.3));
#1702 = B_SPLINE_SURFACE_WITH_KNOTS('',1,1,(
    (#1703,#1704)
    ,(#1705,#1706
    )),.UNSPECIFIED.,.F.,.F.,.F.,(2,2),(2,2),(-5.28,0.),(0.,1.),
  .PIECEWISE_BEZIER_KNOTS.);
#1703 = CARTESIAN_POINT('',(-10.64,-25.36,0.));
#1704 = CARTESIAN_POINT('',(-10.44,-25.56,0.3));
#1705 = CARTESIAN_POINT('',(-10.64,-30.64,0.));
#1706 = CARTESIAN_POINT('',(-10.44,-30.44,0.3));
#1707 = ADVANCED_FACE('',(#1708),#1725,.F.);
#1708 = FACE_BOUND('',#1709,.F.);
#1709 = EDGE_LOOP('',(#1710,#1711,#1712,#1720));
#1710 = ORIENTED_EDGE('',*,*,#1243,.F.);
#1711 = ORIENTED_EDGE('',*,*,#1698,.T.);
#1712 = ORIENTED_EDGE('',*,*,#1713,.T.);
#1713 = EDGE_CURVE('',#1691,#1714,#1716,.T.);
#1714 = VERTEX_POINT('',#1715);
#1715 = CARTESIAN_POINT('',(-10.44,-22.44,0.3));
#1716 = LINE('',#1717,#1718);
#1717 = CARTESIAN_POINT('',(-10.44,-25.56,0.3));
#1718 = VECTOR('',#1719,1.);
#1719 = DIRECTION('',(0.,1.,0.));
#1720 = ORIENTED_EDGE('',*,*,#1721,.F.);
#1721 = EDGE_CURVE('',#1236,#1714,#1722,.T.);
#1722 = B_SPLINE_CURVE_WITH_KNOTS('',1,(#1723,#1724),.UNSPECIFIED.,.F.,
  .F.,(2,2),(0.,1.),.PIECEWISE_BEZIER_KNOTS.);
#1723 = CARTESIAN_POINT('',(-10.64,-22.64,0.));
#1724 = CARTESIAN_POINT('',(-10.44,-22.44,0.3));
#1725 = B_SPLINE_SURFACE_WITH_KNOTS('',1,1,(
    (#1726,#1727)
    ,(#1728,#1729
    )),.UNSPECIFIED.,.F.,.F.,.F.,(2,2),(2,2),(-3.12,0.),(0.,1.),
  .PIECEWISE_BEZIER_KNOTS.);
#1726 = CARTESIAN_POINT('',(-10.64,-22.64,0.));
#1727 = CARTESIAN_POINT('',(-10.44,-22.44,0.3));
#1728 = CARTESIAN_POINT('',(-10.64,-25.36,0.));
#1729 = CARTESIAN_POINT('',(-10.44,-25.56,0.3));
#1730 = ADVANCED_FACE('',(#1731),#1748,.F.);
#1731 = FACE_BOUND('',#1732,.F.);
#1732 = EDGE_LOOP('',(#1733,#1734,#1735,#1743));
#1733 = ORIENTED_EDGE('',*,*,#1235,.F.);
#1734 = ORIENTED_EDGE('',*,*,#1721,.T.);
#1735 = ORIENTED_EDGE('',*,*,#1736,.T.);
#1736 = EDGE_CURVE('',#1714,#1737,#1739,.T.);
#1737 = VERTEX_POINT('',#1738);
#1738 = CARTESIAN_POINT('',(-10.44,-17.56,0.3));
#1739 = LINE('',#1740,#1741);
#1740 = CARTESIAN_POINT('',(-10.44,-22.44,0.3));
#1741 = VECTOR('',#1742,1.);
#1742 = DIRECTION('',(0.,1.,0.));
#1743 = ORIENTED_EDGE('',*,*,#1744,.F.);
#1744 = EDGE_CURVE('',#1228,#1737,#1745,.T.);
#1745 = B_SPLINE_CURVE_WITH_KNOTS('',1,(#1746,#1747),.UNSPECIFIED.,.F.,
  .F.,(2,2),(0.,1.),.PIECEWISE_BEZIER_KNOTS.);
#1746 = CARTESIAN_POINT('',(-10.64,-17.36,0.));
#1747 = CARTESIAN_POINT('',(-10.44,-17.56,0.3));
#1748 = B_SPLINE_SURFACE_WITH_KNOTS('',1,1,(
    (#1749,#1750)
    ,(#1751,#1752
    )),.UNSPECIFIED.,.F.,.F.,.F.,(2,2),(2,2),(-5.28,0.),(0.,1.),
  .PIECEWISE_BEZIER_KNOTS.);
#1749 = CARTESIAN_POINT('',(-10.64,-17.36,0.));
#1750 = CARTESIAN_POINT('',(-10.44,-17.56,0.3));
#1751 = CARTESIAN_POINT('',(-10.64,-22.64,0.));
#1752 = CARTESIAN_POINT('',(-10.44,-22.44,0.3));
#1753 = ADVANCED_FACE('',(#1754),#1771,.F.);
#1754 = FACE_BOUND('',#1755,.F.);
#1755 = EDGE_LOOP('',(#1756,#1757,#1758,#1766));
#1756 = ORIENTED_EDGE('',*,*,#1227,.F.);
#1757 = ORIENTED_EDGE('',*,*,#1744,.T.);
#1758 = ORIENTED_EDGE('',*,*,#1759,.T.);
#1759 = EDGE_CURVE('',#1737,#1760,#1762,.T.);
#1760 = VERTEX_POINT('',#1761);
#1761 = CARTESIAN_POINT('',(-10.44,-14.44,0.3));
#1762 = LINE('',#1763,#1764);
#1763 = CARTESIAN_POINT('',(-10.44,-17.56,0.3));
#1764 = VECTOR('',#1765,1.);
#1765 = DIRECTION('',(0.,1.,0.));
#1766 = ORIENTED_EDGE('',*,*,#1767,.F.);
#1767 = EDGE_CURVE('',#1220,#1760,#1768,.T.);
#1768 = B_SPLINE_CURVE_WITH_KNOTS('',1,(#1769,#1770),.UNSPECIFIED.,.F.,
  .F.,(2,2),(0.,1.),.PIECEWISE_BEZIER_KNOTS.);
#1769 = CARTESIAN_POINT('',(-10.64,-14.64,0.));
#1770 = CARTESIAN_POINT('',(-10.44,-14.44,0.3));
#1771 = B_SPLINE_SURFACE_WITH_KNOTS('',1,1,(
    (#1772,#1773)
    ,(#1774,#1775
    )),.UNSPECIFIED.,.F.,.F.,.F.,(2,2),(2,2),(-3.12,0.),(0.,1.),
  .PIECEWISE_BEZIER_KNOTS.);
#1772 = CARTESIAN_POINT('',(-10.64,-14.64,0.));
#1773 = CARTESIAN_POINT('',(-10.44,-14.44,0.3));
#1774 = CARTESIAN_POINT('',(-10.64,-17.36,0.));
#1775 = CARTESIAN_POINT('',(-10.44,-17.56,0.3));
#1776 = ADVANCED_FACE('',(#1777),#1794,.F.);
#1777 = FACE_BOUND('',#1778,.F.);
#1778 = EDGE_LOOP('',(#1779,#1780,#1781,#1789));
#1779 = ORIENTED_EDGE('',*,*,#1219,.F.);
#1780 = ORIENTED_EDGE('',*,*,#1767,.T.);
#1781 = ORIENTED_EDGE('',*,*,#1782,.T.);
#1782 = EDGE_CURVE('',#1760,#1783,#1785,.T.);
#1783 = VERTEX_POINT('',#1784);
#1784 = CARTESIAN_POINT('',(-10.44,-9.56,0.3));
#1785 = LINE('',#1786,#1787);
#1786 = CARTESIAN_POINT('',(-10.44,-14.44,0.3));
#1787 = VECTOR('',#1788,1.);
#1788 = DIRECTION('',(0.,1.,0.));
#1789 = ORIENTED_EDGE('',*,*,#1790,.F.);
#1790 = EDGE_CURVE('',#1212,#1783,#1791,.T.);
#1791 = B_SPLINE_CURVE_WITH_KNOTS('',1,(#1792,#1793),.UNSPECIFIED.,.F.,
  .F.,(2,2),(0.,1.),.PIECEWISE_BEZIER_KNOTS.);
#1792 = CARTESIAN_POINT('',(-10.64,-9.36,0.));
#1793 = CARTESIAN_POINT('',(-10.44,-9.56,0.3));
#1794 = B_SPLINE_SURFACE_WITH_KNOTS('',1,1,(
    (#1795,#1796)
    ,(#1797,#1798
    )),.UNSPECIFIED.,.F.,.F.,.F.,(2,2),(2,2),(-5.28,0.),(0.,1.),
  .PIECEWISE_BEZIER_KNOTS.);
#1795 = CARTESIAN_POINT('',(-10.64,-9.36,0.));
#1796 = CARTESIAN_POINT('',(-10.44,-9.56,0.3));
#1797 = CARTESIAN_POINT('',(-10.64,-14.64,0.));
#1798 = CARTESIAN_POINT('',(-10.44,-14.44,0.3));
#1799 = ADVANCED_FACE('',(#1800),#1817,.F.);
#1800 = FACE_BOUND('',#1801,.F.);
#1801 = EDGE_LOOP('',(#1802,#1803,#1804,#1812));
#1802 = ORIENTED_EDGE('',*,*,#1211,.F.);
#1803 = ORIENTED_EDGE('',*,*,#1790,.T.);
#1804 = ORIENTED_EDGE('',*,*,#1805,.T.);
#1805 = EDGE_CURVE('',#1783,#1806,#1808,.T.);
#1806 = VERTEX_POINT('',#1807);
#1807 = CARTESIAN_POINT('',(-10.44,-6.44,0.3));
#1808 = LINE('',#1809,#1810);
#1809 = CARTESIAN_POINT('',(-10.44,-9.56,0.3));
#1810 = VECTOR('',#1811,1.);
#1811 = DIRECTION('',(0.,1.,0.));
#1812 = ORIENTED_EDGE('',*,*,#1813,.F.);
#1813 = EDGE_CURVE('',#1204,#1806,#1814,.T.);
#1814 = B_SPLINE_CURVE_WITH_KNOTS('',1,(#1815,#1816),.UNSPECIFIED.,.F.,
  .F.,(2,2),(0.,1.),.PIECEWISE_BEZIER_KNOTS.);
#1815 = CARTESIAN_POINT('',(-10.64,-6.64,0.));
#1816 = CARTESIAN_POINT('',(-10.44,-6.44,0.3));
#1817 = B_SPLINE_SURFACE_WITH_KNOTS('',1,1,(
    (#1818,#1819)
    ,(#1820,#1821
    )),.UNSPECIFIED.,.F.,.F.,.F.,(2,2),(2,2),(-3.12,0.),(0.,1.),
  .PIECEWISE_BEZIER_KNOTS.);
#1818 = CARTESIAN_POINT('',(-10.64,-6.64,0.));
#1819 = CARTESIAN_POINT('',(-10.44,-6.44,0.3));
#1820 = CARTESIAN_POINT('',(-10.64,-9.36,0.));
#1821 = CARTESIAN_POINT('',(-10.44,-9.56,0.3));
#1822 = ADVANCED_FACE('',(#1823),#1840,.F.);
#1823 = FACE_BOUND('',#1824,.F.);
#1824 = EDGE_LOOP('',(#1825,#1826,#1827,#1835));
#1825 = ORIENTED_EDGE('',*,*,#1203,.F.);
#1826 = ORIENTED_EDGE('',*,*,#1813,.T.);
#1827 = ORIENTED_EDGE('',*,*,#1828,.T.);
#1828 = EDGE_CURVE('',#1806,#1829,#1831,.T.);
#1829 = VERTEX_POINT('',#1830);
#1830 = CARTESIAN_POINT('',(-10.44,-1.56,0.3));
#1831 = LINE('',#1832,#1833);
#1832 = CARTESIAN_POINT('',(-10.44,-6.44,0.3));
#1833 = VECTOR('',#1834,1.);
#1834 = DIRECTION('',(0.,1.,0.));
#1835 = ORIENTED_EDGE('',*,*,#1836,.F.);
#1836 = EDGE_CURVE('',#1196,#1829,#1837,.T.);
#1837 = B_SPLINE_CURVE_WITH_KNOTS('',1,(#1838,#1839),.UNSPECIFIED.,.F.,
  .F.,(2,2),(0.,1.),.PIECEWISE_BEZIER_KNOTS.);
#1838 = CARTESIAN_POINT('',(-10.64,-1.36,0.));
#1839 = CARTESIAN_POINT('',(-10.44,-1.56,0.3));
#1840 = B_SPLINE_SURFACE_WITH_KNOTS('',1,1,(
    (#1841,#1842)
    ,(#1843,#1844
    )),.UNSPECIFIED.,.F.,.F.,.F.,(2,2),(2,2),(-5.28,0.),(0.,1.),
  .PIECEWISE_BEZIER_KNOTS.);
#1841 = CARTESIAN_POINT('',(-10.64,-1.36,0.));
#1842 = CARTESIAN_POINT('',(-10.44,-1.56,0.3));
#1843 = CARTESIAN_POINT('',(-10.64,-6.64,0.));
#1844 = CARTESIAN_POINT('',(-10.44,-6.44,0.3));
#1845 = ADVANCED_FACE('',(#1846),#1863,.F.);
#1846 = FACE_BOUND('',#1847,.F.);
#1847 = EDGE_LOOP('',(#1848,#1849,#1850,#1858));
#1848 = ORIENTED_EDGE('',*,*,#1195,.F.);
#1849 = ORIENTED_EDGE('',*,*,#1836,.T.);
#1850 = ORIENTED_EDGE('',*,*,#1851,.T.);
#1851 = EDGE_CURVE('',#1829,#1852,#1854,.T.);
#1852 = VERTEX_POINT('',#1853);
#1853 = CARTESIAN_POINT('',(-10.44,1.56,0.3));
#1854 = LINE('',#1855,#1856);
#1855 = CARTESIAN_POINT('',(-10.44,-1.56,0.3));
#1856 = VECTOR('',#1857,1.);
#1857 = DIRECTION('',(0.,1.,0.));
#1858 = ORIENTED_EDGE('',*,*,#1859,.F.);
#1859 = EDGE_CURVE('',#1188,#1852,#1860,.T.);
#1860 = B_SPLINE_CURVE_WITH_KNOTS('',1,(#1861,#1862),.UNSPECIFIED.,.F.,
  .F.,(2,2),(0.,1.),.PIECEWISE_BEZIER_KNOTS.);
#1861 = CARTESIAN_POINT('',(-10.64,1.36,0.));
#1862 = CARTESIAN_POINT('',(-10.44,1.56,0.3));
#1863 = B_SPLINE_SURFACE_WITH_KNOTS('',1,1,(
    (#1864,#1865)
    ,(#1866,#1867
    )),.UNSPECIFIED.,.F.,.F.,.F.,(2,2),(2,2),(-3.12,0.),(0.,1.),
  .PIECEWISE_BEZIER_KNOTS.);
#1864 = CARTESIAN_POINT('',(-10.64,1.36,0.));
#1865 = CARTESIAN_POINT('',(-10.44,1.56,0.3));
#1866 = CARTESIAN_POINT('',(-10.64,-1.36,0.));
#1867 = CARTESIAN_POINT('',(-10.44,-1.56,0.3));
#1868 = ADVANCED_FACE('',(#1869),#1886,.F.);
#1869 = FACE_BOUND('',#1870,.F.);
#1870 = EDGE_LOOP('',(#1871,#1872,#1873,#1881));
#1871 = ORIENTED_EDGE('',*,*,#1187,.F.);
#1872 = ORIENTED_EDGE('',*,*,#1859,.T.);
#1873 = ORIENTED_EDGE('',*,*,#1874,.T.);
#1874 = EDGE_CURVE('',#1852,#1875,#1877,.T.);
#1875 = VERTEX_POINT('',#1876);
#1876 = CARTESIAN_POINT('',(-10.44,6.44,0.3));
#1877 = LINE('',#1878,#1879);
#1878 = CARTESIAN_POINT('',(-10.44,1.56,0.3));
#1879 = VECTOR('',#1880,1.);
#1880 = DIRECTION('',(0.,1.,0.));
#1881 = ORIENTED_EDGE('',*,*,#1882,.F.);
#1882 = EDGE_CURVE('',#1180,#1875,#1883,.T.);
#1883 = B_SPLINE_CURVE_WITH_KNOTS('',1,(#1884,#1885),.UNSPECIFIED.,.F.,
  .F.,(2,2),(0.,1.),.PIECEWISE_BEZIER_KNOTS.);
#1884 = CARTESIAN_POINT('',(-10.64,6.64,0.));
#1885 = CARTESIAN_POINT('',(-10.44,6.44,0.3));
#1886 = B_SPLINE_SURFACE_WITH_KNOTS('',1,1,(
    (#1887,#1888)
    ,(#1889,#1890
    )),.UNSPECIFIED.,.F.,.F.,.F.,(2,2),(2,2),(-5.28,0.),(0.,1.),
  .PIECEWISE_BEZIER_KNOTS.);
#1887 = CARTESIAN_POINT('',(-10.64,6.64,0.));
#1888 = CARTESIAN_POINT('',(-10.44,6.44,0.3));
#1889 = CARTESIAN_POINT('',(-10.64,1.36,0.));
#1890 = CARTESIAN_POINT('',(-10.44,1.56,0.3));
#1891 = ADVANCED_FACE('',(#1892),#1909,.F.);
#1892 = FACE_BOUND('',#1893,.F.);
#1893 = EDGE_LOOP('',(#1894,#1895,#1896,#1904));
#1894 = ORIENTED_EDGE('',*,*,#1179,.F.);
#1895 = ORIENTED_EDGE('',*,*,#1882,.T.);
#1896 = ORIENTED_EDGE('',*,*,#1897,.T.);
#1897 = EDGE_CURVE('',#1875,#1898,#1900,.T.);
#1898 = VERTEX_POINT('',#1899);
#1899 = CARTESIAN_POINT('',(-10.44,9.56,0.3));
#1900 = LINE('',#1901,#1902);
#1901 = CARTESIAN_POINT('',(-10.44,6.44,0.3));
#1902 = VECTOR('',#1903,1.);
#1903 = DIRECTION('',(0.,1.,0.));
#1904 = ORIENTED_EDGE('',*,*,#1905,.F.);
#1905 = EDGE_CURVE('',#1172,#1898,#1906,.T.);
#1906 = B_SPLINE_CURVE_WITH_KNOTS('',1,(#1907,#1908),.UNSPECIFIED.,.F.,
  .F.,(2,2),(0.,1.),.PIECEWISE_BEZIER_KNOTS.);
#1907 = CARTESIAN_POINT('',(-10.64,9.36,0.));
#1908 = CARTESIAN_POINT('',(-10.44,9.56,0.3));
#1909 = B_SPLINE_SURFACE_WITH_KNOTS('',1,1,(
    (#1910,#1911)
    ,(#1912,#1913
    )),.UNSPECIFIED.,.F.,.F.,.F.,(2,2),(2,2),(-3.12,0.),(0.,1.),
  .PIECEWISE_BEZIER_KNOTS.);
#1910 = CARTESIAN_POINT('',(-10.64,9.36,0.));
#1911 = CARTESIAN_POINT('',(-10.44,9.56,0.3));
#1912 = CARTESIAN_POINT('',(-10.64,6.64,0.));
#1913 = CARTESIAN_POINT('',(-10.44,6.44,0.3));
#1914 = ADVANCED_FACE('',(#1915),#1932,.F.);
#1915 = FACE_BOUND('',#1916,.F.);
#1916 = EDGE_LOOP('',(#1917,#1918,#1919,#1927));
#1917 = ORIENTED_EDGE('',*,*,#1171,.F.);
#1918 = ORIENTED_EDGE('',*,*,#1905,.T.);
#1919 = ORIENTED_EDGE('',*,*,#1920,.T.);
#1920 = EDGE_CURVE('',#1898,#1921,#1923,.T.);
#1921 = VERTEX_POINT('',#1922);
#1922 = CARTESIAN_POINT('',(-10.44,14.44,0.3));
#1923 = LINE('',#1924,#1925);
#1924 = CARTESIAN_POINT('',(-10.44,9.56,0.3));
#1925 = VECTOR('',#1926,1.);
#1926 = DIRECTION('',(0.,1.,0.));
#1927 = ORIENTED_EDGE('',*,*,#1928,.F.);
#1928 = EDGE_CURVE('',#1164,#1921,#1929,.T.);
#1929 = B_SPLINE_CURVE_WITH_KNOTS('',1,(#1930,#1931),.UNSPECIFIED.,.F.,
  .F.,(2,2),(0.,1.),.PIECEWISE_BEZIER_KNOTS.);
#1930 = CARTESIAN_POINT('',(-10.64,14.64,0.));
#1931 = CARTESIAN_POINT('',(-10.44,14.44,0.3));
#1932 = B_SPLINE_SURFACE_WITH_KNOTS('',1,1,(
    (#1933,#1934)
    ,(#1935,#1936
    )),.UNSPECIFIED.,.F.,.F.,.F.,(2,2),(2,2),(-5.28,0.),(0.,1.),
  .PIECEWISE_BEZIER_KNOTS.);
#1933 = CARTESIAN_POINT('',(-10.64,14.64,0.));
#1934 = CARTESIAN_POINT('',(-10.44,14.44,0.3));
#1935 = CARTESIAN_POINT('',(-10.64,9.36,0.));
#1936 = CARTESIAN_POINT('',(-10.44,9.56,0.3));
#1937 = ADVANCED_FACE('',(#1938),#1955,.F.);
#1938 = FACE_BOUND('',#1939,.F.);
#1939 = EDGE_LOOP('',(#1940,#1941,#1942,#1950));
#1940 = ORIENTED_EDGE('',*,*,#1163,.F.);
#1941 = ORIENTED_EDGE('',*,*,#1928,.T.);
#1942 = ORIENTED_EDGE('',*,*,#1943,.T.);
#1943 = EDGE_CURVE('',#1921,#1944,#1946,.T.);
#1944 = VERTEX_POINT('',#1945);
#1945 = CARTESIAN_POINT('',(-10.44,17.56,0.3));
#1946 = LINE('',#1947,#1948);
#1947 = CARTESIAN_POINT('',(-10.44,14.44,0.3));
#1948 = VECTOR('',#1949,1.);
#1949 = DIRECTION('',(0.,1.,0.));
#1950 = ORIENTED_EDGE('',*,*,#1951,.F.);
#1951 = EDGE_CURVE('',#1156,#1944,#1952,.T.);
#1952 = B_SPLINE_CURVE_WITH_KNOTS('',1,(#1953,#1954),.UNSPECIFIED.,.F.,
  .F.,(2,2),(0.,1.),.PIECEWISE_BEZIER_KNOTS.);
#1953 = CARTESIAN_POINT('',(-10.64,17.36,0.));
#1954 = CARTESIAN_POINT('',(-10.44,17.56,0.3));
#1955 = B_SPLINE_SURFACE_WITH_KNOTS('',1,1,(
    (#1956,#1957)
    ,(#1958,#1959
    )),.UNSPECIFIED.,.F.,.F.,.F.,(2,2),(2,2),(-3.12,0.),(0.,1.),
  .PIECEWISE_BEZIER_KNOTS.);
#1956 = CARTESIAN_POINT('',(-10.64,17.36,0.));
#1957 = CARTESIAN_POINT('',(-10.44,17.56,0.3));
#1958 = CARTESIAN_POINT('',(-10.64,14.64,0.));
#1959 = CARTESIAN_POINT('',(-10.44,14.44,0.3));
#1960 = ADVANCED_FACE('',(#1961),#1978,.F.);
#1961 = FACE_BOUND('',#1962,.F.);
#1962 = EDGE_LOOP('',(#1963,#1964,#1965,#1973));
#1963 = ORIENTED_EDGE('',*,*,#1155,.F.);
#1964 = ORIENTED_EDGE('',*,*,#1951,.T.);
#1965 = ORIENTED_EDGE('',*,*,#1966,.T.);
#1966 = EDGE_CURVE('',#1944,#1967,#1969,.T.);
#1967 = VERTEX_POINT('',#1968);
#1968 = CARTESIAN_POINT('',(-10.44,22.44,0.3));
#1969 = LINE('',#1970,#1971);
#1970 = CARTESIAN_POINT('',(-10.44,17.56,0.3));
#1971 = VECTOR('',#1972,1.);
#1972 = DIRECTION('',(0.,1.,0.));
#1973 = ORIENTED_EDGE('',*,*,#1974,.F.);
#1974 = EDGE_CURVE('',#1148,#1967,#1975,.T.);
#1975 = B_SPLINE_CURVE_WITH_KNOTS('',1,(#1976,#1977),.UNSPECIFIED.,.F.,
  .F.,(2,2),(0.,1.),.PIECEWISE_BEZIER_KNOTS.);
#1976 = CARTESIAN_POINT('',(-10.64,22.64,0.));
#1977 = CARTESIAN_POINT('',(-10.44,22.44,0.3));
#1978 = B_SPLINE_SURFACE_WITH_KNOTS('',1,1,(
    (#1979,#1980)
    ,(#1981,#1982
    )),.UNSPECIFIED.,.F.,.F.,.F.,(2,2),(2,2),(-5.28,0.),(0.,1.),
  .PIECEWISE_BEZIER_KNOTS.);
#1979 = CARTESIAN_POINT('',(-10.64,22.64,0.));
#1980 = CARTESIAN_POINT('',(-10.44,22.44,0.3));
#1981 = CARTESIAN_POINT('',(-10.64,17.36,0.));
#1982 = CARTESIAN_POINT('',(-10.44,17.56,0.3));
#1983 = ADVANCED_FACE('',(#1984),#2001,.F.);
#1984 = FACE_BOUND('',#1985,.F.);
#1985 = EDGE_LOOP('',(#1986,#1987,#1988,#1996));
#1986 = ORIENTED_EDGE('',*,*,#1147,.F.);
#1987 = ORIENTED_EDGE('',*,*,#1974,.T.);
#1988 = ORIENTED_EDGE('',*,*,#1989,.T.);
#1989 = EDGE_CURVE('',#1967,#1990,#1992,.T.);
#1990 = VERTEX_POINT('',#1991);
#1991 = CARTESIAN_POINT('',(-10.44,25.56,0.3));
#1992 = LINE('',#1993,#1994);
#1993 = CARTESIAN_POINT('',(-10.44,22.44,0.3));
#1994 = VECTOR('',#1995,1.);
#1995 = DIRECTION('',(0.,1.,0.));
#1996 = ORIENTED_EDGE('',*,*,#1997,.F.);
#1997 = EDGE_CURVE('',#1140,#1990,#1998,.T.);
#1998 = B_SPLINE_CURVE_WITH_KNOTS('',1,(#1999,#2000),.UNSPECIFIED.,.F.,
  .F.,(2,2),(0.,1.),.PIECEWISE_BEZIER_KNOTS.);
#1999 = CARTESIAN_POINT('',(-10.64,25.36,0.));
#2000 = CARTESIAN_POINT('',(-10.44,25.56,0.3));
#2001 = B_SPLINE_SURFACE_WITH_KNOTS('',1,1,(
    (#2002,#2003)
    ,(#2004,#2005
    )),.UNSPECIFIED.,.F.,.F.,.F.,(2,2),(2,2),(-3.12,0.),(0.,1.),
  .PIECEWISE_BEZIER_KNOTS.);
#2002 = CARTESIAN_POINT('',(-10.64,25.36,0.));
#2003 = CARTESIAN_POINT('',(-10.44,25.56,0.3));
#2004 = CARTESIAN_POINT('',(-10.64,22.64,0.));
#2005 = CARTESIAN_POINT('',(-10.44,22.44,0.3));
#2006 = ADVANCED_FACE('',(#2007),#2024,.F.);
#2007 = FACE_BOUND('',#2008,.F.);
#2008 = EDGE_LOOP('',(#2009,#2010,#2011,#2019));
#2009 = ORIENTED_EDGE('',*,*,#1139,.F.);
#2010 = ORIENTED_EDGE('',*,*,#1997,.T.);
#2011 = ORIENTED_EDGE('',*,*,#2012,.T.);
#2012 = EDGE_CURVE('',#1990,#2013,#2015,.T.);
#2013 = VERTEX_POINT('',#2014);
#2014 = CARTESIAN_POINT('',(-10.44,30.44,0.3));
#2015 = LINE('',#2016,#2017);
#2016 = CARTESIAN_POINT('',(-10.44,25.56,0.3));
#2017 = VECTOR('',#2018,1.);
#2018 = DIRECTION('',(0.,1.,0.));
#2019 = ORIENTED_EDGE('',*,*,#2020,.F.);
#2020 = EDGE_CURVE('',#1132,#2013,#2021,.T.);
#2021 = B_SPLINE_CURVE_WITH_KNOTS('',1,(#2022,#2023),.UNSPECIFIED.,.F.,
  .F.,(2,2),(0.,1.),.PIECEWISE_BEZIER_KNOTS.);
#2022 = CARTESIAN_POINT('',(-10.64,30.64,0.));
#2023 = CARTESIAN_POINT('',(-10.44,30.44,0.3));
#2024 = B_SPLINE_SURFACE_WITH_KNOTS('',1,1,(
    (#2025,#2026)
    ,(#2027,#2028
    )),.UNSPECIFIED.,.F.,.F.,.F.,(2,2),(2,2),(-5.28,0.),(0.,1.),
  .PIECEWISE_BEZIER_KNOTS.);
#2025 = CARTESIAN_POINT('',(-10.64,30.64,0.));
#2026 = CARTESIAN_POINT('',(-10.44,30.44,0.3));
#2027 = CARTESIAN_POINT('',(-10.64,25.36,0.));
#2028 = CARTESIAN_POINT('',(-10.44,25.56,0.3));
#2029 = ADVANCED_FACE('',(#2030),#2047,.F.);
#2030 = FACE_BOUND('',#2031,.F.);
#2031 = EDGE_LOOP('',(#2032,#2033,#2034,#2042));
#2032 = ORIENTED_EDGE('',*,*,#1131,.F.);
#2033 = ORIENTED_EDGE('',*,*,#2020,.T.);
#2034 = ORIENTED_EDGE('',*,*,#2035,.T.);
#2035 = EDGE_CURVE('',#2013,#2036,#2038,.T.);
#2036 = VERTEX_POINT('',#2037);
#2037 = CARTESIAN_POINT('',(2.44,30.44,0.3));
#2038 = LINE('',#2039,#2040);
#2039 = CARTESIAN_POINT('',(-10.44,30.44,0.3));
#2040 = VECTOR('',#2041,1.);
#2041 = DIRECTION('',(1.,0.,0.));
#2042 = ORIENTED_EDGE('',*,*,#2043,.F.);
#2043 = EDGE_CURVE('',#1124,#2036,#2044,.T.);
#2044 = B_SPLINE_CURVE_WITH_KNOTS('',1,(#2045,#2046),.UNSPECIFIED.,.F.,
  .F.,(2,2),(0.,1.),.PIECEWISE_BEZIER_KNOTS.);
#2045 = CARTESIAN_POINT('',(2.64,30.64,0.));
#2046 = CARTESIAN_POINT('',(2.44,30.44,0.3));
#2047 = B_SPLINE_SURFACE_WITH_KNOTS('',1,1,(
    (#2048,#2049)
    ,(#2050,#2051
    )),.UNSPECIFIED.,.F.,.F.,.F.,(2,2),(2,2),(-13.28,0.),(0.,1.),
  .PIECEWISE_BEZIER_KNOTS.);
#2048 = CARTESIAN_POINT('',(2.64,30.64,0.));
#2049 = CARTESIAN_POINT('',(2.44,30.44,0.3));
#2050 = CARTESIAN_POINT('',(-10.64,30.64,0.));
#2051 = CARTESIAN_POINT('',(-10.44,30.44,0.3));
#2052 = ADVANCED_FACE('',(#2053),#2070,.F.);
#2053 = FACE_BOUND('',#2054,.F.);
#2054 = EDGE_LOOP('',(#2055,#2056,#2057,#2065));
#2055 = ORIENTED_EDGE('',*,*,#1123,.T.);
#2056 = ORIENTED_EDGE('',*,*,#2043,.T.);
#2057 = ORIENTED_EDGE('',*,*,#2058,.F.);
#2058 = EDGE_CURVE('',#2059,#2036,#2061,.T.);
#2059 = VERTEX_POINT('',#2060);
#2060 = CARTESIAN_POINT('',(2.44,25.56,0.3));
#2061 = LINE('',#2062,#2063);
#2062 = CARTESIAN_POINT('',(2.44,25.56,0.3));
#2063 = VECTOR('',#2064,1.);
#2064 = DIRECTION('',(0.,1.,0.));
#2065 = ORIENTED_EDGE('',*,*,#2066,.F.);
#2066 = EDGE_CURVE('',#1116,#2059,#2067,.T.);
#2067 = B_SPLINE_CURVE_WITH_KNOTS('',1,(#2068,#2069),.UNSPECIFIED.,.F.,
  .F.,(2,2),(0.,1.),.PIECEWISE_BEZIER_KNOTS.);
#2068 = CARTESIAN_POINT('',(2.64,25.36,0.));
#2069 = CARTESIAN_POINT('',(2.44,25.56,0.3));
#2070 = B_SPLINE_SURFACE_WITH_KNOTS('',1,1,(
    (#2071,#2072)
    ,(#2073,#2074
    )),.UNSPECIFIED.,.F.,.F.,.F.,(2,2),(2,2),(0.,5.28),(0.,1.),
  .PIECEWISE_BEZIER_KNOTS.);
#2071 = CARTESIAN_POINT('',(2.64,25.36,0.));
#2072 = CARTESIAN_POINT('',(2.44,25.56,0.3));
#2073 = CARTESIAN_POINT('',(2.64,30.64,0.));
#2074 = CARTESIAN_POINT('',(2.44,30.44,0.3));
#2075 = ADVANCED_FACE('',(#2076),#2093,.F.);
#2076 = FACE_BOUND('',#2077,.F.);
#2077 = EDGE_LOOP('',(#2078,#2079,#2080,#2088));
#2078 = ORIENTED_EDGE('',*,*,#1115,.T.);
#2079 = ORIENTED_EDGE('',*,*,#2066,.T.);
#2080 = ORIENTED_EDGE('',*,*,#2081,.F.);
#2081 = EDGE_CURVE('',#2082,#2059,#2084,.T.);
#2082 = VERTEX_POINT('',#2083);
#2083 = CARTESIAN_POINT('',(2.44,22.44,0.3));
#2084 = LINE('',#2085,#2086);
#2085 = CARTESIAN_POINT('',(2.44,22.44,0.3));
#2086 = VECTOR('',#2087,1.);
#2087 = DIRECTION('',(0.,1.,0.));
#2088 = ORIENTED_EDGE('',*,*,#2089,.F.);
#2089 = EDGE_CURVE('',#1108,#2082,#2090,.T.);
#2090 = B_SPLINE_CURVE_WITH_KNOTS('',1,(#2091,#2092),.UNSPECIFIED.,.F.,
  .F.,(2,2),(0.,1.),.PIECEWISE_BEZIER_KNOTS.);
#2091 = CARTESIAN_POINT('',(2.64,22.64,0.));
#2092 = CARTESIAN_POINT('',(2.44,22.44,0.3));
#2093 = B_SPLINE_SURFACE_WITH_KNOTS('',1,1,(
    (#2094,#2095)
    ,(#2096,#2097
    )),.UNSPECIFIED.,.F.,.F.,.F.,(2,2),(2,2),(0.,3.12),(0.,1.),
  .PIECEWISE_BEZIER_KNOTS.);
#2094 = CARTESIAN_POINT('',(2.64,22.64,0.));
#2095 = CARTESIAN_POINT('',(2.44,22.44,0.3));
#2096 = CARTESIAN_POINT('',(2.64,25.36,0.));
#2097 = CARTESIAN_POINT('',(2.44,25.56,0.3));
#2098 = ADVANCED_FACE('',(#2099),#2116,.F.);
#2099 = FACE_BOUND('',#2100,.F.);
#2100 = EDGE_LOOP('',(#2101,#2102,#2103,#2111));
#2101 = ORIENTED_EDGE('',*,*,#1107,.T.);
#2102 = ORIENTED_EDGE('',*,*,#2089,.T.);
#2103 = ORIENTED_EDGE('',*,*,#2104,.F.);
#2104 = EDGE_CURVE('',#2105,#2082,#2107,.T.);
#2105 = VERTEX_POINT('',#2106);
#2106 = CARTESIAN_POINT('',(2.44,17.56,0.3));
#2107 = LINE('',#2108,#2109);
#2108 = CARTESIAN_POINT('',(2.44,17.56,0.3));
#2109 = VECTOR('',#2110,1.);
#2110 = DIRECTION('',(0.,1.,0.));
#2111 = ORIENTED_EDGE('',*,*,#2112,.F.);
#2112 = EDGE_CURVE('',#1100,#2105,#2113,.T.);
#2113 = B_SPLINE_CURVE_WITH_KNOTS('',1,(#2114,#2115),.UNSPECIFIED.,.F.,
  .F.,(2,2),(0.,1.),.PIECEWISE_BEZIER_KNOTS.);
#2114 = CARTESIAN_POINT('',(2.64,17.36,0.));
#2115 = CARTESIAN_POINT('',(2.44,17.56,0.3));
#2116 = B_SPLINE_SURFACE_WITH_KNOTS('',1,1,(
    (#2117,#2118)
    ,(#2119,#2120
    )),.UNSPECIFIED.,.F.,.F.,.F.,(2,2),(2,2),(0.,5.28),(0.,1.),
  .PIECEWISE_BEZIER_KNOTS.);
#2117 = CARTESIAN_POINT('',(2.64,17.36,0.));
#2118 = CARTESIAN_POINT('',(2.44,17.56,0.3));
#2119 = CARTESIAN_POINT('',(2.64,22.64,0.));
#2120 = CARTESIAN_POINT('',(2.44,22.44,0.3));
#2121 = ADVANCED_FACE('',(#2122),#2139,.F.);
#2122 = FACE_BOUND('',#2123,.F.);
#2123 = EDGE_LOOP('',(#2124,#2125,#2126,#2134));
#2124 = ORIENTED_EDGE('',*,*,#1099,.T.);
#2125 = ORIENTED_EDGE('',*,*,#2112,.T.);
#2126 = ORIENTED_EDGE('',*,*,#2127,.F.);
#2127 = EDGE_CURVE('',#2128,#2105,#2130,.T.);
#2128 = VERTEX_POINT('',#2129);
#2129 = CARTESIAN_POINT('',(2.44,14.44,0.3));
#2130 = LINE('',#2131,#2132);
#2131 = CARTESIAN_POINT('',(2.44,14.44,0.3));
#2132 = VECTOR('',#2133,1.);
#2133 = DIRECTION('',(0.,1.,0.));
#2134 = ORIENTED_EDGE('',*,*,#2135,.F.);
#2135 = EDGE_CURVE('',#1092,#2128,#2136,.T.);
#2136 = B_SPLINE_CURVE_WITH_KNOTS('',1,(#2137,#2138),.UNSPECIFIED.,.F.,
  .F.,(2,2),(0.,1.),.PIECEWISE_BEZIER_KNOTS.);
#2137 = CARTESIAN_POINT('',(2.64,14.64,0.));
#2138 = CARTESIAN_POINT('',(2.44,14.44,0.3));
#2139 = B_SPLINE_SURFACE_WITH_KNOTS('',1,1,(
    (#2140,#2141)
    ,(#2142,#2143
    )),.UNSPECIFIED.,.F.,.F.,.F.,(2,2),(2,2),(0.,3.12),(0.,1.),
  .PIECEWISE_BEZIER_KNOTS.);
#2140 = CARTESIAN_POINT('',(2.64,14.64,0.));
#2141 = CARTESIAN_POINT('',(2.44,14.44,0.3));
#2142 = CARTESIAN_POINT('',(2.64,17.36,0.));
#2143 = CARTESIAN_POINT('',(2.44,17.56,0.3));
#2144 = ADVANCED_FACE('',(#2145),#2162,.F.);
#2145 = FACE_BOUND('',#2146,.F.);
#2146 = EDGE_LOOP('',(#2147,#2148,#2149,#2157));
#2147 = ORIENTED_EDGE('',*,*,#1091,.T.);
#2148 = ORIENTED_EDGE('',*,*,#2135,.T.);
#2149 = ORIENTED_EDGE('',*,*,#2150,.F.);
#2150 = EDGE_CURVE('',#2151,#2128,#2153,.T.);
#2151 = VERTEX_POINT('',#2152);
#2152 = CARTESIAN_POINT('',(2.44,9.56,0.3));
#2153 = LINE('',#2154,#2155);
#2154 = CARTESIAN_POINT('',(2.44,9.56,0.3));
#2155 = VECTOR('',#2156,1.);
#2156 = DIRECTION('',(0.,1.,0.));
#2157 = ORIENTED_EDGE('',*,*,#2158,.F.);
#2158 = EDGE_CURVE('',#1084,#2151,#2159,.T.);
#2159 = B_SPLINE_CURVE_WITH_KNOTS('',1,(#2160,#2161),.UNSPECIFIED.,.F.,
  .F.,(2,2),(0.,1.),.PIECEWISE_BEZIER_KNOTS.);
#2160 = CARTESIAN_POINT('',(2.64,9.36,0.));
#2161 = CARTESIAN_POINT('',(2.44,9.56,0.3));
#2162 = B_SPLINE_SURFACE_WITH_KNOTS('',1,1,(
    (#2163,#2164)
    ,(#2165,#2166
    )),.UNSPECIFIED.,.F.,.F.,.F.,(2,2),(2,2),(0.,5.28),(0.,1.),
  .PIECEWISE_BEZIER_KNOTS.);
#2163 = CARTESIAN_POINT('',(2.64,9.36,0.));
#2164 = CARTESIAN_POINT('',(2.44,9.56,0.3));
#2165 = CARTESIAN_POINT('',(2.64,14.64,0.));
#2166 = CARTESIAN_POINT('',(2.44,14.44,0.3));
#2167 = ADVANCED_FACE('',(#2168),#2185,.F.);
#2168 = FACE_BOUND('',#2169,.F.);
#2169 = EDGE_LOOP('',(#2170,#2171,#2172,#2180));
#2170 = ORIENTED_EDGE('',*,*,#1083,.T.);
#2171 = ORIENTED_EDGE('',*,*,#2158,.T.);
#2172 = ORIENTED_EDGE('',*,*,#2173,.F.);
#2173 = EDGE_CURVE('',#2174,#2151,#2176,.T.);
#2174 = VERTEX_POINT('',#2175);
#2175 = CARTESIAN_POINT('',(2.44,6.44,0.3));
#2176 = LINE('',#2177,#2178);
#2177 = CARTESIAN_POINT('',(2.44,6.44,0.3));
#2178 = VECTOR('',#2179,1.);
#2179 = DIRECTION('',(0.,1.,0.));
#2180 = ORIENTED_EDGE('',*,*,#2181,.F.);
#2181 = EDGE_CURVE('',#1076,#2174,#2182,.T.);
#2182 = B_SPLINE_CURVE_WITH_KNOTS('',1,(#2183,#2184),.UNSPECIFIED.,.F.,
  .F.,(2,2),(0.,1.),.PIECEWISE_BEZIER_KNOTS.);
#2183 = CARTESIAN_POINT('',(2.64,6.64,0.));
#2184 = CARTESIAN_POINT('',(2.44,6.44,0.3));
#2185 = B_SPLINE_SURFACE_WITH_KNOTS('',1,1,(
    (#2186,#2187)
    ,(#2188,#2189
    )),.UNSPECIFIED.,.F.,.F.,.F.,(2,2),(2,2),(0.,3.12),(0.,1.),
  .PIECEWISE_BEZIER_KNOTS.);
#2186 = CARTESIAN_POINT('',(2.64,6.64,0.));
#2187 = CARTESIAN_POINT('',(2.44,6.44,0.3));
#2188 = CARTESIAN_POINT('',(2.64,9.36,0.));
#2189 = CARTESIAN_POINT('',(2.44,9.56,0.3));
#2190 = ADVANCED_FACE('',(#2191),#2208,.F.);
#2191 = FACE_BOUND('',#2192,.F.);
#2192 = EDGE_LOOP('',(#2193,#2194,#2195,#2203));
#2193 = ORIENTED_EDGE('',*,*,#1075,.F.);
#2194 = ORIENTED_EDGE('',*,*,#2181,.T.);
#2195 = ORIENTED_EDGE('',*,*,#2196,.T.);
#2196 = EDGE_CURVE('',#2174,#2197,#2199,.T.);
#2197 = VERTEX_POINT('',#2198);
#2198 = CARTESIAN_POINT('',(10.44,6.44,0.3));
#2199 = LINE('',#2200,#2201);
#2200 = CARTESIAN_POINT('',(-10.44,6.44,0.3));
#2201 = VECTOR('',#2202,1.);
#2202 = DIRECTION('',(1.,0.,0.));
#2203 = ORIENTED_EDGE('',*,*,#2204,.F.);
#2204 = EDGE_CURVE('',#1068,#2197,#2205,.T.);
#2205 = B_SPLINE_CURVE_WITH_KNOTS('',1,(#2206,#2207),.UNSPECIFIED.,.F.,
  .F.,(2,2),(0.,1.),.PIECEWISE_BEZIER_KNOTS.);
#2206 = CARTESIAN_POINT('',(10.64,6.64,0.));
#2207 = CARTESIAN_POINT('',(10.44,6.44,0.3));
#2208 = B_SPLINE_SURFACE_WITH_KNOTS('',1,1,(
    (#2209,#2210)
    ,(#2211,#2212
    )),.UNSPECIFIED.,.F.,.F.,.F.,(2,2),(2,2),(-21.28,0.),(0.,1.),
  .PIECEWISE_BEZIER_KNOTS.);
#2209 = CARTESIAN_POINT('',(10.64,6.64,0.));
#2210 = CARTESIAN_POINT('',(10.44,6.44,0.3));
#2211 = CARTESIAN_POINT('',(-10.64,6.64,0.));
#2212 = CARTESIAN_POINT('',(-10.44,6.44,0.3));
#2213 = ADVANCED_FACE('',(#2214),#2231,.F.);
#2214 = FACE_BOUND('',#2215,.F.);
#2215 = EDGE_LOOP('',(#2216,#2217,#2218,#2226));
#2216 = ORIENTED_EDGE('',*,*,#1067,.T.);
#2217 = ORIENTED_EDGE('',*,*,#2204,.T.);
#2218 = ORIENTED_EDGE('',*,*,#2219,.F.);
#2219 = EDGE_CURVE('',#2220,#2197,#2222,.T.);
#2220 = VERTEX_POINT('',#2221);
#2221 = CARTESIAN_POINT('',(10.44,1.56,0.3));
#2222 = LINE('',#2223,#2224);
#2223 = CARTESIAN_POINT('',(10.44,1.56,0.3));
#2224 = VECTOR('',#2225,1.);
#2225 = DIRECTION('',(0.,1.,0.));
#2226 = ORIENTED_EDGE('',*,*,#2227,.F.);
#2227 = EDGE_CURVE('',#1060,#2220,#2228,.T.);
#2228 = B_SPLINE_CURVE_WITH_KNOTS('',1,(#2229,#2230),.UNSPECIFIED.,.F.,
  .F.,(2,2),(0.,1.),.PIECEWISE_BEZIER_KNOTS.);
#2229 = CARTESIAN_POINT('',(10.64,1.36,0.));
#2230 = CARTESIAN_POINT('',(10.44,1.56,0.3));
#2231 = B_SPLINE_SURFACE_WITH_KNOTS('',1,1,(
    (#2232,#2233)
    ,(#2234,#2235
    )),.UNSPECIFIED.,.F.,.F.,.F.,(2,2),(2,2),(0.,5.28),(0.,1.),
  .PIECEWISE_BEZIER_KNOTS.);
#2232 = CARTESIAN_POINT('',(10.64,1.36,0.));
#2233 = CARTESIAN_POINT('',(10.44,1.56,0.3));
#2234 = CARTESIAN_POINT('',(10.64,6.64,0.));
#2235 = CARTESIAN_POINT('',(10.44,6.44,0.3));
#2236 = ADVANCED_FACE('',(#2237),#2254,.F.);
#2237 = FACE_BOUND('',#2238,.F.);
#2238 = EDGE_LOOP('',(#2239,#2240,#2241,#2249));
#2239 = ORIENTED_EDGE('',*,*,#1059,.T.);
#2240 = ORIENTED_EDGE('',*,*,#2227,.T.);
#2241 = ORIENTED_EDGE('',*,*,#2242,.F.);
#2242 = EDGE_CURVE('',#2243,#2220,#2245,.T.);
#2243 = VERTEX_POINT('',#2244);
#2244 = CARTESIAN_POINT('',(10.44,-1.56,0.3));
#2245 = LINE('',#2246,#2247);
#2246 = CARTESIAN_POINT('',(10.44,-1.56,0.3));
#2247 = VECTOR('',#2248,1.);
#2248 = DIRECTION('',(0.,1.,0.));
#2249 = ORIENTED_EDGE('',*,*,#2250,.F.);
#2250 = EDGE_CURVE('',#1052,#2243,#2251,.T.);
#2251 = B_SPLINE_CURVE_WITH_KNOTS('',1,(#2252,#2253),.UNSPECIFIED.,.F.,
  .F.,(2,2),(0.,1.),.PIECEWISE_BEZIER_KNOTS.);
#2252 = CARTESIAN_POINT('',(10.64,-1.36,0.));
#2253 = CARTESIAN_POINT('',(10.44,-1.56,0.3));
#2254 = B_SPLINE_SURFACE_WITH_KNOTS('',1,1,(
    (#2255,#2256)
    ,(#2257,#2258
    )),.UNSPECIFIED.,.F.,.F.,.F.,(2,2),(2,2),(0.,3.12),(0.,1.),
  .PIECEWISE_BEZIER_KNOTS.);
#2255 = CARTESIAN_POINT('',(10.64,-1.36,0.));
#2256 = CARTESIAN_POINT('',(10.44,-1.56,0.3));
#2257 = CARTESIAN_POINT('',(10.64,1.36,0.));
#2258 = CARTESIAN_POINT('',(10.44,1.56,0.3));
#2259 = ADVANCED_FACE('',(#2260),#2277,.F.);
#2260 = FACE_BOUND('',#2261,.F.);
#2261 = EDGE_LOOP('',(#2262,#2263,#2264,#2272));
#2262 = ORIENTED_EDGE('',*,*,#1051,.T.);
#2263 = ORIENTED_EDGE('',*,*,#2250,.T.);
#2264 = ORIENTED_EDGE('',*,*,#2265,.F.);
#2265 = EDGE_CURVE('',#2266,#2243,#2268,.T.);
#2266 = VERTEX_POINT('',#2267);
#2267 = CARTESIAN_POINT('',(10.44,-6.44,0.3));
#2268 = LINE('',#2269,#2270);
#2269 = CARTESIAN_POINT('',(10.44,-6.44,0.3));
#2270 = VECTOR('',#2271,1.);
#2271 = DIRECTION('',(0.,1.,0.));
#2272 = ORIENTED_EDGE('',*,*,#2273,.F.);
#2273 = EDGE_CURVE('',#1044,#2266,#2274,.T.);
#2274 = B_SPLINE_CURVE_WITH_KNOTS('',1,(#2275,#2276),.UNSPECIFIED.,.F.,
  .F.,(2,2),(0.,1.),.PIECEWISE_BEZIER_KNOTS.);
#2275 = CARTESIAN_POINT('',(10.64,-6.64,0.));
#2276 = CARTESIAN_POINT('',(10.44,-6.44,0.3));
#2277 = B_SPLINE_SURFACE_WITH_KNOTS('',1,1,(
    (#2278,#2279)
    ,(#2280,#2281
    )),.UNSPECIFIED.,.F.,.F.,.F.,(2,2),(2,2),(0.,5.28),(0.,1.),
  .PIECEWISE_BEZIER_KNOTS.);
#2278 = CARTESIAN_POINT('',(10.64,-6.64,0.));
#2279 = CARTESIAN_POINT('',(10.44,-6.44,0.3));
#2280 = CARTESIAN_POINT('',(10.64,-1.36,0.));
#2281 = CARTESIAN_POINT('',(10.44,-1.56,0.3));
#2282 = ADVANCED_FACE('',(#2283),#2300,.F.);
#2283 = FACE_BOUND('',#2284,.F.);
#2284 = EDGE_LOOP('',(#2285,#2292,#2293,#2294));
#2285 = ORIENTED_EDGE('',*,*,#2286,.F.);
#2286 = EDGE_CURVE('',#1036,#2287,#2289,.T.);
#2287 = VERTEX_POINT('',#2288);
#2288 = CARTESIAN_POINT('',(2.44,-6.44,0.3));
#2289 = B_SPLINE_CURVE_WITH_KNOTS('',1,(#2290,#2291),.UNSPECIFIED.,.F.,
  .F.,(2,2),(0.,1.),.PIECEWISE_BEZIER_KNOTS.);
#2290 = CARTESIAN_POINT('',(2.64,-6.64,0.));
#2291 = CARTESIAN_POINT('',(2.44,-6.44,0.3));
#2292 = ORIENTED_EDGE('',*,*,#1043,.T.);
#2293 = ORIENTED_EDGE('',*,*,#2273,.T.);
#2294 = ORIENTED_EDGE('',*,*,#2295,.F.);
#2295 = EDGE_CURVE('',#2287,#2266,#2296,.T.);
#2296 = LINE('',#2297,#2298);
#2297 = CARTESIAN_POINT('',(-10.44,-6.44,0.3));
#2298 = VECTOR('',#2299,1.);
#2299 = DIRECTION('',(1.,0.,0.));
#2300 = B_SPLINE_SURFACE_WITH_KNOTS('',1,1,(
    (#2301,#2302)
    ,(#2303,#2304
    )),.UNSPECIFIED.,.F.,.F.,.F.,(2,2),(2,2),(0.,21.28),(0.,1.),
  .PIECEWISE_BEZIER_KNOTS.);
#2301 = CARTESIAN_POINT('',(-10.64,-6.64,0.));
#2302 = CARTESIAN_POINT('',(-10.44,-6.44,0.3));
#2303 = CARTESIAN_POINT('',(10.64,-6.64,0.));
#2304 = CARTESIAN_POINT('',(10.44,-6.44,0.3));
#2305 = ADVANCED_FACE('',(#2306),#2323,.F.);
#2306 = FACE_BOUND('',#2307,.F.);
#2307 = EDGE_LOOP('',(#2308,#2309,#2310,#2318));
#2308 = ORIENTED_EDGE('',*,*,#1035,.T.);
#2309 = ORIENTED_EDGE('',*,*,#2286,.T.);
#2310 = ORIENTED_EDGE('',*,*,#2311,.F.);
#2311 = EDGE_CURVE('',#2312,#2287,#2314,.T.);
#2312 = VERTEX_POINT('',#2313);
#2313 = CARTESIAN_POINT('',(2.44,-9.56,0.3));
#2314 = LINE('',#2315,#2316);
#2315 = CARTESIAN_POINT('',(2.44,-9.56,0.3));
#2316 = VECTOR('',#2317,1.);
#2317 = DIRECTION('',(0.,1.,0.));
#2318 = ORIENTED_EDGE('',*,*,#2319,.F.);
#2319 = EDGE_CURVE('',#1028,#2312,#2320,.T.);
#2320 = B_SPLINE_CURVE_WITH_KNOTS('',1,(#2321,#2322),.UNSPECIFIED.,.F.,
  .F.,(2,2),(0.,1.),.PIECEWISE_BEZIER_KNOTS.);
#2321 = CARTESIAN_POINT('',(2.64,-9.36,0.));
#2322 = CARTESIAN_POINT('',(2.44,-9.56,0.3));
#2323 = B_SPLINE_SURFACE_WITH_KNOTS('',1,1,(
    (#2324,#2325)
    ,(#2326,#2327
    )),.UNSPECIFIED.,.F.,.F.,.F.,(2,2),(2,2),(0.,3.12),(0.,1.),
  .PIECEWISE_BEZIER_KNOTS.);
#2324 = CARTESIAN_POINT('',(2.64,-9.36,0.));
#2325 = CARTESIAN_POINT('',(2.44,-9.56,0.3));
#2326 = CARTESIAN_POINT('',(2.64,-6.64,0.));
#2327 = CARTESIAN_POINT('',(2.44,-6.44,0.3));
#2328 = ADVANCED_FACE('',(#2329),#2346,.F.);
#2329 = FACE_BOUND('',#2330,.F.);
#2330 = EDGE_LOOP('',(#2331,#2332,#2333,#2341));
#2331 = ORIENTED_EDGE('',*,*,#1027,.T.);
#2332 = ORIENTED_EDGE('',*,*,#2319,.T.);
#2333 = ORIENTED_EDGE('',*,*,#2334,.F.);
#2334 = EDGE_CURVE('',#2335,#2312,#2337,.T.);
#2335 = VERTEX_POINT('',#2336);
#2336 = CARTESIAN_POINT('',(2.44,-14.44,0.3));
#2337 = LINE('',#2338,#2339);
#2338 = CARTESIAN_POINT('',(2.44,-14.44,0.3));
#2339 = VECTOR('',#2340,1.);
#2340 = DIRECTION('',(0.,1.,0.));
#2341 = ORIENTED_EDGE('',*,*,#2342,.F.);
#2342 = EDGE_CURVE('',#1020,#2335,#2343,.T.);
#2343 = B_SPLINE_CURVE_WITH_KNOTS('',1,(#2344,#2345),.UNSPECIFIED.,.F.,
  .F.,(2,2),(0.,1.),.PIECEWISE_BEZIER_KNOTS.);
#2344 = CARTESIAN_POINT('',(2.64,-14.64,0.));
#2345 = CARTESIAN_POINT('',(2.44,-14.44,0.3));
#2346 = B_SPLINE_SURFACE_WITH_KNOTS('',1,1,(
    (#2347,#2348)
    ,(#2349,#2350
    )),.UNSPECIFIED.,.F.,.F.,.F.,(2,2),(2,2),(0.,5.28),(0.,1.),
  .PIECEWISE_BEZIER_KNOTS.);
#2347 = CARTESIAN_POINT('',(2.64,-14.64,0.));
#2348 = CARTESIAN_POINT('',(2.44,-14.44,0.3));
#2349 = CARTESIAN_POINT('',(2.64,-9.36,0.));
#2350 = CARTESIAN_POINT('',(2.44,-9.56,0.3));
#2351 = ADVANCED_FACE('',(#2352),#2369,.F.);
#2352 = FACE_BOUND('',#2353,.F.);
#2353 = EDGE_LOOP('',(#2354,#2355,#2356,#2364));
#2354 = ORIENTED_EDGE('',*,*,#1019,.T.);
#2355 = ORIENTED_EDGE('',*,*,#2342,.T.);
#2356 = ORIENTED_EDGE('',*,*,#2357,.F.);
#2357 = EDGE_CURVE('',#2358,#2335,#2360,.T.);
#2358 = VERTEX_POINT('',#2359);
#2359 = CARTESIAN_POINT('',(2.44,-17.56,0.3));
#2360 = LINE('',#2361,#2362);
#2361 = CARTESIAN_POINT('',(2.44,-17.56,0.3));
#2362 = VECTOR('',#2363,1.);
#2363 = DIRECTION('',(0.,1.,0.));
#2364 = ORIENTED_EDGE('',*,*,#2365,.F.);
#2365 = EDGE_CURVE('',#1012,#2358,#2366,.T.);
#2366 = B_SPLINE_CURVE_WITH_KNOTS('',1,(#2367,#2368),.UNSPECIFIED.,.F.,
  .F.,(2,2),(0.,1.),.PIECEWISE_BEZIER_KNOTS.);
#2367 = CARTESIAN_POINT('',(2.64,-17.36,0.));
#2368 = CARTESIAN_POINT('',(2.44,-17.56,0.3));
#2369 = B_SPLINE_SURFACE_WITH_KNOTS('',1,1,(
    (#2370,#2371)
    ,(#2372,#2373
    )),.UNSPECIFIED.,.F.,.F.,.F.,(2,2),(2,2),(0.,3.12),(0.,1.),
  .PIECEWISE_BEZIER_KNOTS.);
#2370 = CARTESIAN_POINT('',(2.64,-17.36,0.));
#2371 = CARTESIAN_POINT('',(2.44,-17.56,0.3));
#2372 = CARTESIAN_POINT('',(2.64,-14.64,0.));
#2373 = CARTESIAN_POINT('',(2.44,-14.44,0.3));
#2374 = ADVANCED_FACE('',(#2375),#2392,.F.);
#2375 = FACE_BOUND('',#2376,.F.);
#2376 = EDGE_LOOP('',(#2377,#2378,#2379,#2387));
#2377 = ORIENTED_EDGE('',*,*,#1011,.T.);
#2378 = ORIENTED_EDGE('',*,*,#2365,.T.);
#2379 = ORIENTED_EDGE('',*,*,#2380,.F.);
#2380 = EDGE_CURVE('',#2381,#2358,#2383,.T.);
#2381 = VERTEX_POINT('',#2382);
#2382 = CARTESIAN_POINT('',(2.44,-22.44,0.3));
#2383 = LINE('',#2384,#2385);
#2384 = CARTESIAN_POINT('',(2.44,-22.44,0.3));
#2385 = VECTOR('',#2386,1.);
#2386 = DIRECTION('',(0.,1.,0.));
#2387 = ORIENTED_EDGE('',*,*,#2388,.F.);
#2388 = EDGE_CURVE('',#1004,#2381,#2389,.T.);
#2389 = B_SPLINE_CURVE_WITH_KNOTS('',1,(#2390,#2391),.UNSPECIFIED.,.F.,
  .F.,(2,2),(0.,1.),.PIECEWISE_BEZIER_KNOTS.);
#2390 = CARTESIAN_POINT('',(2.64,-22.64,0.));
#2391 = CARTESIAN_POINT('',(2.44,-22.44,0.3));
#2392 = B_SPLINE_SURFACE_WITH_KNOTS('',1,1,(
    (#2393,#2394)
    ,(#2395,#2396
    )),.UNSPECIFIED.,.F.,.F.,.F.,(2,2),(2,2),(0.,5.28),(0.,1.),
  .PIECEWISE_BEZIER_KNOTS.);
#2393 = CARTESIAN_POINT('',(2.64,-22.64,0.));
#2394 = CARTESIAN_POINT('',(2.44,-22.44,0.3));
#2395 = CARTESIAN_POINT('',(2.64,-17.36,0.));
#2396 = CARTESIAN_POINT('',(2.44,-17.56,0.3));
#2397 = ADVANCED_FACE('',(#2398),#2415,.F.);
#2398 = FACE_BOUND('',#2399,.F.);
#2399 = EDGE_LOOP('',(#2400,#2401,#2402,#2410));
#2400 = ORIENTED_EDGE('',*,*,#1003,.T.);
#2401 = ORIENTED_EDGE('',*,*,#2388,.T.);
#2402 = ORIENTED_EDGE('',*,*,#2403,.F.);
#2403 = EDGE_CURVE('',#2404,#2381,#2406,.T.);
#2404 = VERTEX_POINT('',#2405);
#2405 = CARTESIAN_POINT('',(2.44,-25.56,0.3));
#2406 = LINE('',#2407,#2408);
#2407 = CARTESIAN_POINT('',(2.44,-25.56,0.3));
#2408 = VECTOR('',#2409,1.);
#2409 = DIRECTION('',(0.,1.,0.));
#2410 = ORIENTED_EDGE('',*,*,#2411,.F.);
#2411 = EDGE_CURVE('',#996,#2404,#2412,.T.);
#2412 = B_SPLINE_CURVE_WITH_KNOTS('',1,(#2413,#2414),.UNSPECIFIED.,.F.,
  .F.,(2,2),(0.,1.),.PIECEWISE_BEZIER_KNOTS.);
#2413 = CARTESIAN_POINT('',(2.64,-25.36,0.));
#2414 = CARTESIAN_POINT('',(2.44,-25.56,0.3));
#2415 = B_SPLINE_SURFACE_WITH_KNOTS('',1,1,(
    (#2416,#2417)
    ,(#2418,#2419
    )),.UNSPECIFIED.,.F.,.F.,.F.,(2,2),(2,2),(0.,3.12),(0.,1.),
  .PIECEWISE_BEZIER_KNOTS.);
#2416 = CARTESIAN_POINT('',(2.64,-25.36,0.));
#2417 = CARTESIAN_POINT('',(2.44,-25.56,0.3));
#2418 = CARTESIAN_POINT('',(2.64,-22.64,0.));
#2419 = CARTESIAN_POINT('',(2.44,-22.44,0.3));
#2420 = ADVANCED_FACE('',(#2421),#2438,.F.);
#2421 = FACE_BOUND('',#2422,.F.);
#2422 = EDGE_LOOP('',(#2423,#2424,#2425,#2433));
#2423 = ORIENTED_EDGE('',*,*,#995,.T.);
#2424 = ORIENTED_EDGE('',*,*,#2411,.T.);
#2425 = ORIENTED_EDGE('',*,*,#2426,.F.);
#2426 = EDGE_CURVE('',#2427,#2404,#2429,.T.);
#2427 = VERTEX_POINT('',#2428);
#2428 = CARTESIAN_POINT('',(2.44,-30.44,0.3));
#2429 = LINE('',#2430,#2431);
#2430 = CARTESIAN_POINT('',(2.44,-30.44,0.3));
#2431 = VECTOR('',#2432,1.);
#2432 = DIRECTION('',(0.,1.,0.));
#2433 = ORIENTED_EDGE('',*,*,#2434,.F.);
#2434 = EDGE_CURVE('',#988,#2427,#2435,.T.);
#2435 = B_SPLINE_CURVE_WITH_KNOTS('',1,(#2436,#2437),.UNSPECIFIED.,.F.,
  .F.,(2,2),(0.,1.),.PIECEWISE_BEZIER_KNOTS.);
#2436 = CARTESIAN_POINT('',(2.64,-30.64,0.));
#2437 = CARTESIAN_POINT('',(2.44,-30.44,0.3));
#2438 = B_SPLINE_SURFACE_WITH_KNOTS('',1,1,(
    (#2439,#2440)
    ,(#2441,#2442
    )),.UNSPECIFIED.,.F.,.F.,.F.,(2,2),(2,2),(0.,5.28),(0.,1.),
  .PIECEWISE_BEZIER_KNOTS.);
#2439 = CARTESIAN_POINT('',(2.64,-30.64,0.));
#2440 = CARTESIAN_POINT('',(2.44,-30.44,0.3));
#2441 = CARTESIAN_POINT('',(2.64,-25.36,0.));
#2442 = CARTESIAN_POINT('',(2.44,-25.56,0.3));
#2443 = ADVANCED_FACE('',(#2444),#2455,.F.);
#2444 = FACE_BOUND('',#2445,.F.);
#2445 = EDGE_LOOP('',(#2446,#2447,#2448,#2454));
#2446 = ORIENTED_EDGE('',*,*,#987,.T.);
#2447 = ORIENTED_EDGE('',*,*,#2434,.T.);
#2448 = ORIENTED_EDGE('',*,*,#2449,.F.);
#2449 = EDGE_CURVE('',#1684,#2427,#2450,.T.);
#2450 = LINE('',#2451,#2452);
#2451 = CARTESIAN_POINT('',(-10.44,-30.44,0.3));
#2452 = VECTOR('',#2453,1.);
#2453 = DIRECTION('',(1.,0.,0.));
#2454 = ORIENTED_EDGE('',*,*,#1683,.F.);
#2455 = B_SPLINE_SURFACE_WITH_KNOTS('',1,1,(
    (#2456,#2457)
    ,(#2458,#2459
    )),.UNSPECIFIED.,.F.,.F.,.F.,(2,2),(2,2),(0.,13.28),(0.,1.),
  .PIECEWISE_BEZIER_KNOTS.);
#2456 = CARTESIAN_POINT('',(-10.64,-30.64,0.));
#2457 = CARTESIAN_POINT('',(-10.44,-30.44,0.3));
#2458 = CARTESIAN_POINT('',(2.64,-30.64,0.));
#2459 = CARTESIAN_POINT('',(2.44,-30.44,0.3));
#2460 = ADVANCED_FACE('',(#2461),#2464,.T.);
#2461 = FACE_BOUND('',#2462,.T.);
#2462 = EDGE_LOOP('',(#2463));
#2463 = ORIENTED_EDGE('',*,*,#1257,.T.);
#2464 = PLANE('',#2465);
#2465 = AXIS2_PLACEMENT_3D('',#2466,#2467,#2468);
#2466 = CARTESIAN_POINT('',(-8.,-20.,11.4));
#2467 = DIRECTION('',(0.,0.,1.));
#2468 = DIRECTION('',(1.,0.,0.));
#2469 = ADVANCED_FACE('',(#2470),#2473,.T.);
#2470 = FACE_BOUND('',#2471,.T.);
#2471 = EDGE_LOOP('',(#2472));
#2472 = ORIENTED_EDGE('',*,*,#1282,.T.);
#2473 = PLANE('',#2474);
#2474 = AXIS2_PLACEMENT_3D('',#2475,#2476,#2477);
#2475 = CARTESIAN_POINT('',(-8.,-12.,11.4));
#2476 = DIRECTION('',(0.,0.,1.));
#2477 = DIRECTION('',(1.,0.,0.));
#2478 = ADVANCED_FACE('',(#2479),#2482,.T.);
#2479 = FACE_BOUND('',#2480,.T.);
#2480 = EDGE_LOOP('',(#2481));
#2481 = ORIENTED_EDGE('',*,*,#1307,.T.);
#2482 = PLANE('',#2483);
#2483 = AXIS2_PLACEMENT_3D('',#2484,#2485,#2486);
#2484 = CARTESIAN_POINT('',(-8.,-4.,11.4));
#2485 = DIRECTION('',(0.,0.,1.));
#2486 = DIRECTION('',(1.,0.,0.));
#2487 = ADVANCED_FACE('',(#2488),#2491,.T.);
#2488 = FACE_BOUND('',#2489,.T.);
#2489 = EDGE_LOOP('',(#2490));
#2490 = ORIENTED_EDGE('',*,*,#1332,.T.);
#2491 = PLANE('',#2492);
#2492 = AXIS2_PLACEMENT_3D('',#2493,#2494,#2495);
#2493 = CARTESIAN_POINT('',(0.,-28.,11.4));
#2494 = DIRECTION('',(0.,0.,1.));
#2495 = DIRECTION('',(1.,0.,0.));
#2496 = ADVANCED_FACE('',(#2497),#2500,.T.);
#2497 = FACE_BOUND('',#2498,.T.);
#2498 = EDGE_LOOP('',(#2499));
#2499 = ORIENTED_EDGE('',*,*,#1357,.T.);
#2500 = PLANE('',#2501);
#2501 = AXIS2_PLACEMENT_3D('',#2502,#2503,#2504);
#2502 = CARTESIAN_POINT('',(0.,-20.,11.4));
#2503 = DIRECTION('',(0.,0.,1.));
#2504 = DIRECTION('',(1.,0.,0.));
#2505 = ADVANCED_FACE('',(#2506),#2509,.T.);
#2506 = FACE_BOUND('',#2507,.T.);
#2507 = EDGE_LOOP('',(#2508));
#2508 = ORIENTED_EDGE('',*,*,#1382,.T.);
#2509 = PLANE('',#2510);
#2510 = AXIS2_PLACEMENT_3D('',#2511,#2512,#2513);
#2511 = CARTESIAN_POINT('',(0.,-12.,11.4));
#2512 = DIRECTION('',(0.,0.,1.));
#2513 = DIRECTION('',(1.,0.,0.));
#2514 = ADVANCED_FACE('',(#2515),#2518,.T.);
#2515 = FACE_BOUND('',#2516,.T.);
#2516 = EDGE_LOOP('',(#2517));
#2517 = ORIENTED_EDGE('',*,*,#1407,.T.);
#2518 = PLANE('',#2519);
#2519 = AXIS2_PLACEMENT_3D('',#2520,#2521,#2522);
#2520 = CARTESIAN_POINT('',(0.,-4.,11.4));
#2521 = DIRECTION('',(0.,0.,1.));
#2522 = DIRECTION('',(1.,0.,0.));
#2523 = ADVANCED_FACE('',(#2524),#2527,.T.);
#2524 = FACE_BOUND('',#2525,.T.);
#2525 = EDGE_LOOP('',(#2526));
#2526 = ORIENTED_EDGE('',*,*,#1432,.T.);
#2527 = PLANE('',#2528);
#2528 = AXIS2_PLACEMENT_3D('',#2529,#2530,#2531);
#2529 = CARTESIAN_POINT('',(8.,-4.,11.4));
#2530 = DIRECTION('',(0.,0.,1.));
#2531 = DIRECTION('',(1.,0.,0.));
#2532 = ADVANCED_FACE('',(#2533),#2536,.T.);
#2533 = FACE_BOUND('',#2534,.T.);
#2534 = EDGE_LOOP('',(#2535));
#2535 = ORIENTED_EDGE('',*,*,#1457,.T.);
#2536 = PLANE('',#2537);
#2537 = AXIS2_PLACEMENT_3D('',#2538,#2539,#2540);
#2538 = CARTESIAN_POINT('',(-8.,4.,11.4));
#2539 = DIRECTION('',(0.,0.,1.));
#2540 = DIRECTION('',(1.,0.,0.));
#2541 = ADVANCED_FACE('',(#2542),#2545,.T.);
#2542 = FACE_BOUND('',#2543,.T.);
#2543 = EDGE_LOOP('',(#2544));
#2544 = ORIENTED_EDGE('',*,*,#1482,.T.);
#2545 = PLANE('',#2546);
#2546 = AXIS2_PLACEMENT_3D('',#2547,#2548,#2549);
#2547 = CARTESIAN_POINT('',(-8.,12.,11.4));
#2548 = DIRECTION('',(0.,0.,1.));
#2549 = DIRECTION('',(1.,0.,0.));
#2550 = ADVANCED_FACE('',(#2551),#2554,.T.);
#2551 = FACE_BOUND('',#2552,.T.);
#2552 = EDGE_LOOP('',(#2553));
#2553 = ORIENTED_EDGE('',*,*,#1507,.T.);
#2554 = PLANE('',#2555);
#2555 = AXIS2_PLACEMENT_3D('',#2556,#2557,#2558);
#2556 = CARTESIAN_POINT('',(-8.,20.,11.4));
#2557 = DIRECTION('',(0.,0.,1.));
#2558 = DIRECTION('',(1.,0.,0.));
#2559 = ADVANCED_FACE('',(#2560),#2563,.T.);
#2560 = FACE_BOUND('',#2561,.T.);
#2561 = EDGE_LOOP('',(#2562));
#2562 = ORIENTED_EDGE('',*,*,#1532,.T.);
#2563 = PLANE('',#2564);
#2564 = AXIS2_PLACEMENT_3D('',#2565,#2566,#2567);
#2565 = CARTESIAN_POINT('',(-8.,28.,11.4));
#2566 = DIRECTION('',(0.,0.,1.));
#2567 = DIRECTION('',(1.,0.,0.));
#2568 = ADVANCED_FACE('',(#2569),#2572,.T.);
#2569 = FACE_BOUND('',#2570,.T.);
#2570 = EDGE_LOOP('',(#2571));
#2571 = ORIENTED_EDGE('',*,*,#1557,.T.);
#2572 = PLANE('',#2573);
#2573 = AXIS2_PLACEMENT_3D('',#2574,#2575,#2576);
#2574 = CARTESIAN_POINT('',(0.,4.,11.4));
#2575 = DIRECTION('',(0.,0.,1.));
#2576 = DIRECTION('',(1.,0.,0.));
#2577 = ADVANCED_FACE('',(#2578),#2581,.T.);
#2578 = FACE_BOUND('',#2579,.T.);
#2579 = EDGE_LOOP('',(#2580));
#2580 = ORIENTED_EDGE('',*,*,#1582,.T.);
#2581 = PLANE('',#2582);
#2582 = AXIS2_PLACEMENT_3D('',#2583,#2584,#2585);
#2583 = CARTESIAN_POINT('',(0.,12.,11.4));
#2584 = DIRECTION('',(0.,0.,1.));
#2585 = DIRECTION('',(1.,0.,0.));
#2586 = ADVANCED_FACE('',(#2587),#2590,.T.);
#2587 = FACE_BOUND('',#2588,.T.);
#2588 = EDGE_LOOP('',(#2589));
#2589 = ORIENTED_EDGE('',*,*,#1607,.T.);
#2590 = PLANE('',#2591);
#2591 = AXIS2_PLACEMENT_3D('',#2592,#2593,#2594);
#2592 = CARTESIAN_POINT('',(8.,4.,11.4));
#2593 = DIRECTION('',(0.,0.,1.));
#2594 = DIRECTION('',(1.,0.,0.));
#2595 = ADVANCED_FACE('',(#2596),#2599,.T.);
#2596 = FACE_BOUND('',#2597,.T.);
#2597 = EDGE_LOOP('',(#2598));
#2598 = ORIENTED_EDGE('',*,*,#1632,.T.);
#2599 = PLANE('',#2600);
#2600 = AXIS2_PLACEMENT_3D('',#2601,#2602,#2603);
#2601 = CARTESIAN_POINT('',(0.,20.,11.4));
#2602 = DIRECTION('',(0.,0.,1.));
#2603 = DIRECTION('',(1.,0.,0.));
#2604 = ADVANCED_FACE('',(#2605),#2608,.T.);
#2605 = FACE_BOUND('',#2606,.T.);
#2606 = EDGE_LOOP('',(#2607));
#2607 = ORIENTED_EDGE('',*,*,#1657,.T.);
#2608 = PLANE('',#2609);
#2609 = AXIS2_PLACEMENT_3D('',#2610,#2611,#2612);
#2610 = CARTESIAN_POINT('',(0.,28.,11.4));
#2611 = DIRECTION('',(0.,0.,1.));
#2612 = DIRECTION('',(1.,0.,0.));
#2613 = ADVANCED_FACE('',(#2614),#2877,.F.);
#2614 = FACE_BOUND('',#2615,.F.);
#2615 = EDGE_LOOP('',(#2616,#2617,#2625,#2633,#2641,#2649,#2657,#2665,
    #2673,#2681,#2689,#2697,#2705,#2713,#2721,#2729,#2737,#2745,#2753,
    #2761,#2769,#2777,#2785,#2793,#2801,#2809,#2817,#2825,#2833,#2841,
    #2849,#2857,#2863,#2864,#2865,#2866,#2867,#2868,#2869,#2870,#2871,
    #2872,#2873,#2874,#2875,#2876));
#2616 = ORIENTED_EDGE('',*,*,#1690,.F.);
#2617 = ORIENTED_EDGE('',*,*,#2618,.T.);
#2618 = EDGE_CURVE('',#1684,#2619,#2621,.T.);
#2619 = VERTEX_POINT('',#2620);
#2620 = CARTESIAN_POINT('',(-10.44,-30.44,8.));
#2621 = LINE('',#2622,#2623);
#2622 = CARTESIAN_POINT('',(-10.44,-30.44,0.));
#2623 = VECTOR('',#2624,1.);
#2624 = DIRECTION('',(0.,0.,1.));
#2625 = ORIENTED_EDGE('',*,*,#2626,.T.);
#2626 = EDGE_CURVE('',#2619,#2627,#2629,.T.);
#2627 = VERTEX_POINT('',#2628);
#2628 = CARTESIAN_POINT('',(-10.44,-24.6,8.));
#2629 = LINE('',#2630,#2631);
#2630 = CARTESIAN_POINT('',(-10.44,-30.44,8.));
#2631 = VECTOR('',#2632,1.);
#2632 = DIRECTION('',(0.,1.,0.));
#2633 = ORIENTED_EDGE('',*,*,#2634,.F.);
#2634 = EDGE_CURVE('',#2635,#2627,#2637,.T.);
#2635 = VERTEX_POINT('',#2636);
#2636 = CARTESIAN_POINT('',(-10.44,-24.6,6.8));
#2637 = LINE('',#2638,#2639);
#2638 = CARTESIAN_POINT('',(-10.44,-24.6,5.4));
#2639 = VECTOR('',#2640,1.);
#2640 = DIRECTION('',(0.,0.,1.));
#2641 = ORIENTED_EDGE('',*,*,#2642,.T.);
#2642 = EDGE_CURVE('',#2635,#2643,#2645,.T.);
#2643 = VERTEX_POINT('',#2644);
#2644 = CARTESIAN_POINT('',(-10.44,-23.4,6.8));
#2645 = LINE('',#2646,#2647);
#2646 = CARTESIAN_POINT('',(-10.44,-6.480659180739E-16,6.8));
#2647 = VECTOR('',#2648,1.);
#2648 = DIRECTION('',(0.,1.,0.));
#2649 = ORIENTED_EDGE('',*,*,#2650,.T.);
#2650 = EDGE_CURVE('',#2643,#2651,#2653,.T.);
#2651 = VERTEX_POINT('',#2652);
#2652 = CARTESIAN_POINT('',(-10.44,-23.4,8.));
#2653 = LINE('',#2654,#2655);
#2654 = CARTESIAN_POINT('',(-10.44,-23.4,5.4));
#2655 = VECTOR('',#2656,1.);
#2656 = DIRECTION('',(0.,0.,1.));
#2657 = ORIENTED_EDGE('',*,*,#2658,.T.);
#2658 = EDGE_CURVE('',#2651,#2659,#2661,.T.);
#2659 = VERTEX_POINT('',#2660);
#2660 = CARTESIAN_POINT('',(-10.44,-16.6,8.));
#2661 = LINE('',#2662,#2663);
#2662 = CARTESIAN_POINT('',(-10.44,-30.44,8.));
#2663 = VECTOR('',#2664,1.);
#2664 = DIRECTION('',(0.,1.,0.));
#2665 = ORIENTED_EDGE('',*,*,#2666,.F.);
#2666 = EDGE_CURVE('',#2667,#2659,#2669,.T.);
#2667 = VERTEX_POINT('',#2668);
#2668 = CARTESIAN_POINT('',(-10.44,-16.6,6.8));
#2669 = LINE('',#2670,#2671);
#2670 = CARTESIAN_POINT('',(-10.44,-16.6,5.4));
#2671 = VECTOR('',#2672,1.);
#2672 = DIRECTION('',(0.,0.,1.));
#2673 = ORIENTED_EDGE('',*,*,#2674,.T.);
#2674 = EDGE_CURVE('',#2667,#2675,#2677,.T.);
#2675 = VERTEX_POINT('',#2676);
#2676 = CARTESIAN_POINT('',(-10.44,-15.4,6.8));
#2677 = LINE('',#2678,#2679);
#2678 = CARTESIAN_POINT('',(-10.44,-6.480659180739E-16,6.8));
#2679 = VECTOR('',#2680,1.);
#2680 = DIRECTION('',(0.,1.,0.));
#2681 = ORIENTED_EDGE('',*,*,#2682,.T.);
#2682 = EDGE_CURVE('',#2675,#2683,#2685,.T.);
#2683 = VERTEX_POINT('',#2684);
#2684 = CARTESIAN_POINT('',(-10.44,-15.4,8.));
#2685 = LINE('',#2686,#2687);
#2686 = CARTESIAN_POINT('',(-10.44,-15.4,5.4));
#2687 = VECTOR('',#2688,1.);
#2688 = DIRECTION('',(0.,0.,1.));
#2689 = ORIENTED_EDGE('',*,*,#2690,.T.);
#2690 = EDGE_CURVE('',#2683,#2691,#2693,.T.);
#2691 = VERTEX_POINT('',#2692);
#2692 = CARTESIAN_POINT('',(-10.44,-8.6,8.));
#2693 = LINE('',#2694,#2695);
#2694 = CARTESIAN_POINT('',(-10.44,-30.44,8.));
#2695 = VECTOR('',#2696,1.);
#2696 = DIRECTION('',(0.,1.,0.));
#2697 = ORIENTED_EDGE('',*,*,#2698,.F.);
#2698 = EDGE_CURVE('',#2699,#2691,#2701,.T.);
#2699 = VERTEX_POINT('',#2700);
#2700 = CARTESIAN_POINT('',(-10.44,-8.6,6.8));
#2701 = LINE('',#2702,#2703);
#2702 = CARTESIAN_POINT('',(-10.44,-8.6,5.4));
#2703 = VECTOR('',#2704,1.);
#2704 = DIRECTION('',(0.,0.,1.));
#2705 = ORIENTED_EDGE('',*,*,#2706,.T.);
#2706 = EDGE_CURVE('',#2699,#2707,#2709,.T.);
#2707 = VERTEX_POINT('',#2708);
#2708 = CARTESIAN_POINT('',(-10.44,-7.4,6.8));
#2709 = LINE('',#2710,#2711);
#2710 = CARTESIAN_POINT('',(-10.44,-6.480659180739E-16,6.8));
#2711 = VECTOR('',#2712,1.);
#2712 = DIRECTION('',(0.,1.,0.));
#2713 = ORIENTED_EDGE('',*,*,#2714,.T.);
#2714 = EDGE_CURVE('',#2707,#2715,#2717,.T.);
#2715 = VERTEX_POINT('',#2716);
#2716 = CARTESIAN_POINT('',(-10.44,-7.4,8.));
#2717 = LINE('',#2718,#2719);
#2718 = CARTESIAN_POINT('',(-10.44,-7.4,5.4));
#2719 = VECTOR('',#2720,1.);
#2720 = DIRECTION('',(0.,0.,1.));
#2721 = ORIENTED_EDGE('',*,*,#2722,.T.);
#2722 = EDGE_CURVE('',#2715,#2723,#2725,.T.);
#2723 = VERTEX_POINT('',#2724);
#2724 = CARTESIAN_POINT('',(-10.44,-0.6,8.));
#2725 = LINE('',#2726,#2727);
#2726 = CARTESIAN_POINT('',(-10.44,-30.44,8.));
#2727 = VECTOR('',#2728,1.);
#2728 = DIRECTION('',(0.,1.,0.));
#2729 = ORIENTED_EDGE('',*,*,#2730,.F.);
#2730 = EDGE_CURVE('',#2731,#2723,#2733,.T.);
#2731 = VERTEX_POINT('',#2732);
#2732 = CARTESIAN_POINT('',(-10.44,-0.6,6.8));
#2733 = LINE('',#2734,#2735);
#2734 = CARTESIAN_POINT('',(-10.44,-0.6,5.4));
#2735 = VECTOR('',#2736,1.);
#2736 = DIRECTION('',(0.,0.,1.));
#2737 = ORIENTED_EDGE('',*,*,#2738,.T.);
#2738 = EDGE_CURVE('',#2731,#2739,#2741,.T.);
#2739 = VERTEX_POINT('',#2740);
#2740 = CARTESIAN_POINT('',(-10.44,0.6,6.8));
#2741 = LINE('',#2742,#2743);
#2742 = CARTESIAN_POINT('',(-10.44,-6.480659180739E-16,6.8));
#2743 = VECTOR('',#2744,1.);
#2744 = DIRECTION('',(0.,1.,0.));
#2745 = ORIENTED_EDGE('',*,*,#2746,.T.);
#2746 = EDGE_CURVE('',#2739,#2747,#2749,.T.);
#2747 = VERTEX_POINT('',#2748);
#2748 = CARTESIAN_POINT('',(-10.44,0.6,8.));
#2749 = LINE('',#2750,#2751);
#2750 = CARTESIAN_POINT('',(-10.44,0.6,5.4));
#2751 = VECTOR('',#2752,1.);
#2752 = DIRECTION('',(0.,0.,1.));
#2753 = ORIENTED_EDGE('',*,*,#2754,.T.);
#2754 = EDGE_CURVE('',#2747,#2755,#2757,.T.);
#2755 = VERTEX_POINT('',#2756);
#2756 = CARTESIAN_POINT('',(-10.44,7.4,8.));
#2757 = LINE('',#2758,#2759);
#2758 = CARTESIAN_POINT('',(-10.44,-30.44,8.));
#2759 = VECTOR('',#2760,1.);
#2760 = DIRECTION('',(0.,1.,0.));
#2761 = ORIENTED_EDGE('',*,*,#2762,.F.);
#2762 = EDGE_CURVE('',#2763,#2755,#2765,.T.);
#2763 = VERTEX_POINT('',#2764);
#2764 = CARTESIAN_POINT('',(-10.44,7.4,6.8));
#2765 = LINE('',#2766,#2767);
#2766 = CARTESIAN_POINT('',(-10.44,7.4,5.4));
#2767 = VECTOR('',#2768,1.);
#2768 = DIRECTION('',(0.,0.,1.));
#2769 = ORIENTED_EDGE('',*,*,#2770,.T.);
#2770 = EDGE_CURVE('',#2763,#2771,#2773,.T.);
#2771 = VERTEX_POINT('',#2772);
#2772 = CARTESIAN_POINT('',(-10.44,8.6,6.8));
#2773 = LINE('',#2774,#2775);
#2774 = CARTESIAN_POINT('',(-10.44,-6.480659180739E-16,6.8));
#2775 = VECTOR('',#2776,1.);
#2776 = DIRECTION('',(0.,1.,0.));
#2777 = ORIENTED_EDGE('',*,*,#2778,.T.);
#2778 = EDGE_CURVE('',#2771,#2779,#2781,.T.);
#2779 = VERTEX_POINT('',#2780);
#2780 = CARTESIAN_POINT('',(-10.44,8.6,8.));
#2781 = LINE('',#2782,#2783);
#2782 = CARTESIAN_POINT('',(-10.44,8.6,5.4));
#2783 = VECTOR('',#2784,1.);
#2784 = DIRECTION('',(0.,0.,1.));
#2785 = ORIENTED_EDGE('',*,*,#2786,.T.);
#2786 = EDGE_CURVE('',#2779,#2787,#2789,.T.);
#2787 = VERTEX_POINT('',#2788);
#2788 = CARTESIAN_POINT('',(-10.44,15.4,8.));
#2789 = LINE('',#2790,#2791);
#2790 = CARTESIAN_POINT('',(-10.44,-30.44,8.));
#2791 = VECTOR('',#2792,1.);
#2792 = DIRECTION('',(0.,1.,0.));
#2793 = ORIENTED_EDGE('',*,*,#2794,.F.);
#2794 = EDGE_CURVE('',#2795,#2787,#2797,.T.);
#2795 = VERTEX_POINT('',#2796);
#2796 = CARTESIAN_POINT('',(-10.44,15.4,6.8));
#2797 = LINE('',#2798,#2799);
#2798 = CARTESIAN_POINT('',(-10.44,15.4,5.4));
#2799 = VECTOR('',#2800,1.);
#2800 = DIRECTION('',(0.,0.,1.));
#2801 = ORIENTED_EDGE('',*,*,#2802,.T.);
#2802 = EDGE_CURVE('',#2795,#2803,#2805,.T.);
#2803 = VERTEX_POINT('',#2804);
#2804 = CARTESIAN_POINT('',(-10.44,16.6,6.8));
#2805 = LINE('',#2806,#2807);
#2806 = CARTESIAN_POINT('',(-10.44,-6.480659180739E-16,6.8));
#2807 = VECTOR('',#2808,1.);
#2808 = DIRECTION('',(0.,1.,0.));
#2809 = ORIENTED_EDGE('',*,*,#2810,.T.);
#2810 = EDGE_CURVE('',#2803,#2811,#2813,.T.);
#2811 = VERTEX_POINT('',#2812);
#2812 = CARTESIAN_POINT('',(-10.44,16.6,8.));
#2813 = LINE('',#2814,#2815);
#2814 = CARTESIAN_POINT('',(-10.44,16.6,5.4));
#2815 = VECTOR('',#2816,1.);
#2816 = DIRECTION('',(0.,0.,1.));
#2817 = ORIENTED_EDGE('',*,*,#2818,.T.);
#2818 = EDGE_CURVE('',#2811,#2819,#2821,.T.);
#2819 = VERTEX_POINT('',#2820);
#2820 = CARTESIAN_POINT('',(-10.44,23.4,8.));
#2821 = LINE('',#2822,#2823);
#2822 = CARTESIAN_POINT('',(-10.44,-30.44,8.));
#2823 = VECTOR('',#2824,1.);
#2824 = DIRECTION('',(0.,1.,0.));
#2825 = ORIENTED_EDGE('',*,*,#2826,.F.);
#2826 = EDGE_CURVE('',#2827,#2819,#2829,.T.);
#2827 = VERTEX_POINT('',#2828);
#2828 = CARTESIAN_POINT('',(-10.44,23.4,6.8));
#2829 = LINE('',#2830,#2831);
#2830 = CARTESIAN_POINT('',(-10.44,23.4,5.4));
#2831 = VECTOR('',#2832,1.);
#2832 = DIRECTION('',(0.,0.,1.));
#2833 = ORIENTED_EDGE('',*,*,#2834,.T.);
#2834 = EDGE_CURVE('',#2827,#2835,#2837,.T.);
#2835 = VERTEX_POINT('',#2836);
#2836 = CARTESIAN_POINT('',(-10.44,24.6,6.8));
#2837 = LINE('',#2838,#2839);
#2838 = CARTESIAN_POINT('',(-10.44,-6.480659180739E-16,6.8));
#2839 = VECTOR('',#2840,1.);
#2840 = DIRECTION('',(0.,1.,0.));
#2841 = ORIENTED_EDGE('',*,*,#2842,.T.);
#2842 = EDGE_CURVE('',#2835,#2843,#2845,.T.);
#2843 = VERTEX_POINT('',#2844);
#2844 = CARTESIAN_POINT('',(-10.44,24.6,8.));
#2845 = LINE('',#2846,#2847);
#2846 = CARTESIAN_POINT('',(-10.44,24.6,5.4));
#2847 = VECTOR('',#2848,1.);
#2848 = DIRECTION('',(0.,0.,1.));
#2849 = ORIENTED_EDGE('',*,*,#2850,.T.);
#2850 = EDGE_CURVE('',#2843,#2851,#2853,.T.);
#2851 = VERTEX_POINT('',#2852);
#2852 = CARTESIAN_POINT('',(-10.44,30.44,8.));
#2853 = LINE('',#2854,#2855);
#2854 = CARTESIAN_POINT('',(-10.44,-30.44,8.));
#2855 = VECTOR('',#2856,1.);
#2856 = DIRECTION('',(0.,1.,0.));
#2857 = ORIENTED_EDGE('',*,*,#2858,.F.);
#2858 = EDGE_CURVE('',#2013,#2851,#2859,.T.);
#2859 = LINE('',#2860,#2861);
#2860 = CARTESIAN_POINT('',(-10.44,30.44,0.));
#2861 = VECTOR('',#2862,1.);
#2862 = DIRECTION('',(0.,0.,1.));
#2863 = ORIENTED_EDGE('',*,*,#2012,.F.);
#2864 = ORIENTED_EDGE('',*,*,#1989,.F.);
#2865 = ORIENTED_EDGE('',*,*,#1966,.F.);
#2866 = ORIENTED_EDGE('',*,*,#1943,.F.);
#2867 = ORIENTED_EDGE('',*,*,#1920,.F.);
#2868 = ORIENTED_EDGE('',*,*,#1897,.F.);
#2869 = ORIENTED_EDGE('',*,*,#1874,.F.);
#2870 = ORIENTED_EDGE('',*,*,#1851,.F.);
#2871 = ORIENTED_EDGE('',*,*,#1828,.F.);
#2872 = ORIENTED_EDGE('',*,*,#1805,.F.);
#2873 = ORIENTED_EDGE('',*,*,#1782,.F.);
#2874 = ORIENTED_EDGE('',*,*,#1759,.F.);
#2875 = ORIENTED_EDGE('',*,*,#1736,.F.);
#2876 = ORIENTED_EDGE('',*,*,#1713,.F.);
#2877 = PLANE('',#2878);
#2878 = AXIS2_PLACEMENT_3D('',#2879,#2880,#2881);
#2879 = CARTESIAN_POINT('',(-10.44,5.157830544135E-17,4.));
#2880 = DIRECTION('',(-1.,-0.,-0.));
#2881 = DIRECTION('',(0.,0.,-1.));
#2882 = ADVANCED_FACE('',(#2883),#2933,.F.);
#2883 = FACE_BOUND('',#2884,.F.);
#2884 = EDGE_LOOP('',(#2885,#2886,#2887,#2895,#2903,#2911,#2919,#2927));
#2885 = ORIENTED_EDGE('',*,*,#2035,.F.);
#2886 = ORIENTED_EDGE('',*,*,#2858,.T.);
#2887 = ORIENTED_EDGE('',*,*,#2888,.T.);
#2888 = EDGE_CURVE('',#2851,#2889,#2891,.T.);
#2889 = VERTEX_POINT('',#2890);
#2890 = CARTESIAN_POINT('',(-4.6,30.44,8.));
#2891 = LINE('',#2892,#2893);
#2892 = CARTESIAN_POINT('',(-10.44,30.44,8.));
#2893 = VECTOR('',#2894,1.);
#2894 = DIRECTION('',(1.,0.,0.));
#2895 = ORIENTED_EDGE('',*,*,#2896,.F.);
#2896 = EDGE_CURVE('',#2897,#2889,#2899,.T.);
#2897 = VERTEX_POINT('',#2898);
#2898 = CARTESIAN_POINT('',(-4.6,30.44,6.8));
#2899 = LINE('',#2900,#2901);
#2900 = CARTESIAN_POINT('',(-4.6,30.44,3.4));
#2901 = VECTOR('',#2902,1.);
#2902 = DIRECTION('',(0.,0.,1.));
#2903 = ORIENTED_EDGE('',*,*,#2904,.T.);
#2904 = EDGE_CURVE('',#2897,#2905,#2907,.T.);
#2905 = VERTEX_POINT('',#2906);
#2906 = CARTESIAN_POINT('',(-3.4,30.44,6.8));
#2907 = LINE('',#2908,#2909);
#2908 = CARTESIAN_POINT('',(-5.22,30.44,6.8));
#2909 = VECTOR('',#2910,1.);
#2910 = DIRECTION('',(1.,0.,0.));
#2911 = ORIENTED_EDGE('',*,*,#2912,.T.);
#2912 = EDGE_CURVE('',#2905,#2913,#2915,.T.);
#2913 = VERTEX_POINT('',#2914);
#2914 = CARTESIAN_POINT('',(-3.4,30.44,8.));
#2915 = LINE('',#2916,#2917);
#2916 = CARTESIAN_POINT('',(-3.4,30.44,3.4));
#2917 = VECTOR('',#2918,1.);
#2918 = DIRECTION('',(0.,0.,1.));
#2919 = ORIENTED_EDGE('',*,*,#2920,.T.);
#2920 = EDGE_CURVE('',#2913,#2921,#2923,.T.);
#2921 = VERTEX_POINT('',#2922);
#2922 = CARTESIAN_POINT('',(2.44,30.44,8.));
#2923 = LINE('',#2924,#2925);
#2924 = CARTESIAN_POINT('',(-10.44,30.44,8.));
#2925 = VECTOR('',#2926,1.);
#2926 = DIRECTION('',(1.,0.,0.));
#2927 = ORIENTED_EDGE('',*,*,#2928,.F.);
#2928 = EDGE_CURVE('',#2036,#2921,#2929,.T.);
#2929 = LINE('',#2930,#2931);
#2930 = CARTESIAN_POINT('',(2.44,30.44,0.));
#2931 = VECTOR('',#2932,1.);
#2932 = DIRECTION('',(0.,0.,1.));
#2933 = PLANE('',#2934);
#2934 = AXIS2_PLACEMENT_3D('',#2935,#2936,#2937);
#2935 = CARTESIAN_POINT('',(-10.44,30.44,0.));
#2936 = DIRECTION('',(0.,1.,0.));
#2937 = DIRECTION('',(0.,0.,1.));
#2938 = ADVANCED_FACE('',(#2939),#3058,.F.);
#2939 = FACE_BOUND('',#2940,.F.);
#2940 = EDGE_LOOP('',(#2941,#2949,#2950,#2951,#2952,#2953,#2954,#2955,
    #2956,#2964,#2972,#2980,#2988,#2996,#3004,#3012,#3020,#3028,#3036,
    #3044,#3052));
#2941 = ORIENTED_EDGE('',*,*,#2942,.F.);
#2942 = EDGE_CURVE('',#2174,#2943,#2945,.T.);
#2943 = VERTEX_POINT('',#2944);
#2944 = CARTESIAN_POINT('',(2.44,6.44,8.));
#2945 = LINE('',#2946,#2947);
#2946 = CARTESIAN_POINT('',(2.44,6.44,0.));
#2947 = VECTOR('',#2948,1.);
#2948 = DIRECTION('',(0.,0.,1.));
#2949 = ORIENTED_EDGE('',*,*,#2173,.T.);
#2950 = ORIENTED_EDGE('',*,*,#2150,.T.);
#2951 = ORIENTED_EDGE('',*,*,#2127,.T.);
#2952 = ORIENTED_EDGE('',*,*,#2104,.T.);
#2953 = ORIENTED_EDGE('',*,*,#2081,.T.);
#2954 = ORIENTED_EDGE('',*,*,#2058,.T.);
#2955 = ORIENTED_EDGE('',*,*,#2928,.T.);
#2956 = ORIENTED_EDGE('',*,*,#2957,.F.);
#2957 = EDGE_CURVE('',#2958,#2921,#2960,.T.);
#2958 = VERTEX_POINT('',#2959);
#2959 = CARTESIAN_POINT('',(2.44,24.6,8.));
#2960 = LINE('',#2961,#2962);
#2961 = CARTESIAN_POINT('',(2.44,6.44,8.));
#2962 = VECTOR('',#2963,1.);
#2963 = DIRECTION('',(0.,1.,0.));
#2964 = ORIENTED_EDGE('',*,*,#2965,.T.);
#2965 = EDGE_CURVE('',#2958,#2966,#2968,.T.);
#2966 = VERTEX_POINT('',#2967);
#2967 = CARTESIAN_POINT('',(2.44,24.6,6.8));
#2968 = LINE('',#2969,#2970);
#2969 = CARTESIAN_POINT('',(2.44,24.6,5.4));
#2970 = VECTOR('',#2971,1.);
#2971 = DIRECTION('',(0.,0.,-1.));
#2972 = ORIENTED_EDGE('',*,*,#2973,.T.);
#2973 = EDGE_CURVE('',#2966,#2974,#2976,.T.);
#2974 = VERTEX_POINT('',#2975);
#2975 = CARTESIAN_POINT('',(2.44,23.4,6.8));
#2976 = LINE('',#2977,#2978);
#2977 = CARTESIAN_POINT('',(2.44,9.22,6.8));
#2978 = VECTOR('',#2979,1.);
#2979 = DIRECTION('',(0.,-1.,0.));
#2980 = ORIENTED_EDGE('',*,*,#2981,.F.);
#2981 = EDGE_CURVE('',#2982,#2974,#2984,.T.);
#2982 = VERTEX_POINT('',#2983);
#2983 = CARTESIAN_POINT('',(2.44,23.4,8.));
#2984 = LINE('',#2985,#2986);
#2985 = CARTESIAN_POINT('',(2.44,23.4,5.4));
#2986 = VECTOR('',#2987,1.);
#2987 = DIRECTION('',(0.,0.,-1.));
#2988 = ORIENTED_EDGE('',*,*,#2989,.F.);
#2989 = EDGE_CURVE('',#2990,#2982,#2992,.T.);
#2990 = VERTEX_POINT('',#2991);
#2991 = CARTESIAN_POINT('',(2.44,16.6,8.));
#2992 = LINE('',#2993,#2994);
#2993 = CARTESIAN_POINT('',(2.44,6.44,8.));
#2994 = VECTOR('',#2995,1.);
#2995 = DIRECTION('',(0.,1.,0.));
#2996 = ORIENTED_EDGE('',*,*,#2997,.T.);
#2997 = EDGE_CURVE('',#2990,#2998,#3000,.T.);
#2998 = VERTEX_POINT('',#2999);
#2999 = CARTESIAN_POINT('',(2.44,16.6,6.8));
#3000 = LINE('',#3001,#3002);
#3001 = CARTESIAN_POINT('',(2.44,16.6,5.4));
#3002 = VECTOR('',#3003,1.);
#3003 = DIRECTION('',(0.,0.,-1.));
#3004 = ORIENTED_EDGE('',*,*,#3005,.T.);
#3005 = EDGE_CURVE('',#2998,#3006,#3008,.T.);
#3006 = VERTEX_POINT('',#3007);
#3007 = CARTESIAN_POINT('',(2.44,15.4,6.8));
#3008 = LINE('',#3009,#3010);
#3009 = CARTESIAN_POINT('',(2.44,9.22,6.8));
#3010 = VECTOR('',#3011,1.);
#3011 = DIRECTION('',(0.,-1.,0.));
#3012 = ORIENTED_EDGE('',*,*,#3013,.F.);
#3013 = EDGE_CURVE('',#3014,#3006,#3016,.T.);
#3014 = VERTEX_POINT('',#3015);
#3015 = CARTESIAN_POINT('',(2.44,15.4,8.));
#3016 = LINE('',#3017,#3018);
#3017 = CARTESIAN_POINT('',(2.44,15.4,5.4));
#3018 = VECTOR('',#3019,1.);
#3019 = DIRECTION('',(0.,0.,-1.));
#3020 = ORIENTED_EDGE('',*,*,#3021,.F.);
#3021 = EDGE_CURVE('',#3022,#3014,#3024,.T.);
#3022 = VERTEX_POINT('',#3023);
#3023 = CARTESIAN_POINT('',(2.44,8.6,8.));
#3024 = LINE('',#3025,#3026);
#3025 = CARTESIAN_POINT('',(2.44,6.44,8.));
#3026 = VECTOR('',#3027,1.);
#3027 = DIRECTION('',(0.,1.,0.));
#3028 = ORIENTED_EDGE('',*,*,#3029,.T.);
#3029 = EDGE_CURVE('',#3022,#3030,#3032,.T.);
#3030 = VERTEX_POINT('',#3031);
#3031 = CARTESIAN_POINT('',(2.44,8.6,6.8));
#3032 = LINE('',#3033,#3034);
#3033 = CARTESIAN_POINT('',(2.44,8.6,5.4));
#3034 = VECTOR('',#3035,1.);
#3035 = DIRECTION('',(0.,0.,-1.));
#3036 = ORIENTED_EDGE('',*,*,#3037,.T.);
#3037 = EDGE_CURVE('',#3030,#3038,#3040,.T.);
#3038 = VERTEX_POINT('',#3039);
#3039 = CARTESIAN_POINT('',(2.44,7.4,6.8));
#3040 = LINE('',#3041,#3042);
#3041 = CARTESIAN_POINT('',(2.44,9.22,6.8));
#3042 = VECTOR('',#3043,1.);
#3043 = DIRECTION('',(0.,-1.,0.));
#3044 = ORIENTED_EDGE('',*,*,#3045,.F.);
#3045 = EDGE_CURVE('',#3046,#3038,#3048,.T.);
#3046 = VERTEX_POINT('',#3047);
#3047 = CARTESIAN_POINT('',(2.44,7.4,8.));
#3048 = LINE('',#3049,#3050);
#3049 = CARTESIAN_POINT('',(2.44,7.4,5.4));
#3050 = VECTOR('',#3051,1.);
#3051 = DIRECTION('',(0.,0.,-1.));
#3052 = ORIENTED_EDGE('',*,*,#3053,.F.);
#3053 = EDGE_CURVE('',#2943,#3046,#3054,.T.);
#3054 = LINE('',#3055,#3056);
#3055 = CARTESIAN_POINT('',(2.44,6.44,8.));
#3056 = VECTOR('',#3057,1.);
#3057 = DIRECTION('',(0.,1.,0.));
#3058 = PLANE('',#3059);
#3059 = AXIS2_PLACEMENT_3D('',#3060,#3061,#3062);
#3060 = CARTESIAN_POINT('',(2.44,18.44,4.));
#3061 = DIRECTION('',(1.,0.,0.));
#3062 = DIRECTION('',(0.,0.,1.));
#3063 = ADVANCED_FACE('',(#3064),#3114,.F.);
#3064 = FACE_BOUND('',#3065,.F.);
#3065 = EDGE_LOOP('',(#3066,#3067,#3068,#3076,#3084,#3092,#3100,#3108));
#3066 = ORIENTED_EDGE('',*,*,#2196,.F.);
#3067 = ORIENTED_EDGE('',*,*,#2942,.T.);
#3068 = ORIENTED_EDGE('',*,*,#3069,.T.);
#3069 = EDGE_CURVE('',#2943,#3070,#3072,.T.);
#3070 = VERTEX_POINT('',#3071);
#3071 = CARTESIAN_POINT('',(3.4,6.44,8.));
#3072 = LINE('',#3073,#3074);
#3073 = CARTESIAN_POINT('',(-10.44,6.44,8.));
#3074 = VECTOR('',#3075,1.);
#3075 = DIRECTION('',(1.,0.,0.));
#3076 = ORIENTED_EDGE('',*,*,#3077,.F.);
#3077 = EDGE_CURVE('',#3078,#3070,#3080,.T.);
#3078 = VERTEX_POINT('',#3079);
#3079 = CARTESIAN_POINT('',(3.4,6.44,6.8));
#3080 = LINE('',#3081,#3082);
#3081 = CARTESIAN_POINT('',(3.4,6.44,3.4));
#3082 = VECTOR('',#3083,1.);
#3083 = DIRECTION('',(0.,0.,1.));
#3084 = ORIENTED_EDGE('',*,*,#3085,.T.);
#3085 = EDGE_CURVE('',#3078,#3086,#3088,.T.);
#3086 = VERTEX_POINT('',#3087);
#3087 = CARTESIAN_POINT('',(4.6,6.44,6.8));
#3088 = LINE('',#3089,#3090);
#3089 = CARTESIAN_POINT('',(-5.22,6.44,6.8));
#3090 = VECTOR('',#3091,1.);
#3091 = DIRECTION('',(1.,0.,0.));
#3092 = ORIENTED_EDGE('',*,*,#3093,.T.);
#3093 = EDGE_CURVE('',#3086,#3094,#3096,.T.);
#3094 = VERTEX_POINT('',#3095);
#3095 = CARTESIAN_POINT('',(4.6,6.44,8.));
#3096 = LINE('',#3097,#3098);
#3097 = CARTESIAN_POINT('',(4.6,6.44,3.4));
#3098 = VECTOR('',#3099,1.);
#3099 = DIRECTION('',(0.,0.,1.));
#3100 = ORIENTED_EDGE('',*,*,#3101,.T.);
#3101 = EDGE_CURVE('',#3094,#3102,#3104,.T.);
#3102 = VERTEX_POINT('',#3103);
#3103 = CARTESIAN_POINT('',(10.44,6.44,8.));
#3104 = LINE('',#3105,#3106);
#3105 = CARTESIAN_POINT('',(-10.44,6.44,8.));
#3106 = VECTOR('',#3107,1.);
#3107 = DIRECTION('',(1.,0.,0.));
#3108 = ORIENTED_EDGE('',*,*,#3109,.F.);
#3109 = EDGE_CURVE('',#2197,#3102,#3110,.T.);
#3110 = LINE('',#3111,#3112);
#3111 = CARTESIAN_POINT('',(10.44,6.44,0.));
#3112 = VECTOR('',#3113,1.);
#3113 = DIRECTION('',(0.,0.,1.));
#3114 = PLANE('',#3115);
#3115 = AXIS2_PLACEMENT_3D('',#3116,#3117,#3118);
#3116 = CARTESIAN_POINT('',(-10.44,6.44,0.));
#3117 = DIRECTION('',(0.,1.,0.));
#3118 = DIRECTION('',(0.,0.,1.));
#3119 = ADVANCED_FACE('',(#3120),#3172,.F.);
#3120 = FACE_BOUND('',#3121,.F.);
#3121 = EDGE_LOOP('',(#3122,#3130,#3131,#3132,#3133,#3134,#3142,#3150,
    #3158,#3166));
#3122 = ORIENTED_EDGE('',*,*,#3123,.F.);
#3123 = EDGE_CURVE('',#2266,#3124,#3126,.T.);
#3124 = VERTEX_POINT('',#3125);
#3125 = CARTESIAN_POINT('',(10.44,-6.44,8.));
#3126 = LINE('',#3127,#3128);
#3127 = CARTESIAN_POINT('',(10.44,-6.44,0.));
#3128 = VECTOR('',#3129,1.);
#3129 = DIRECTION('',(0.,0.,1.));
#3130 = ORIENTED_EDGE('',*,*,#2265,.T.);
#3131 = ORIENTED_EDGE('',*,*,#2242,.T.);
#3132 = ORIENTED_EDGE('',*,*,#2219,.T.);
#3133 = ORIENTED_EDGE('',*,*,#3109,.T.);
#3134 = ORIENTED_EDGE('',*,*,#3135,.F.);
#3135 = EDGE_CURVE('',#3136,#3102,#3138,.T.);
#3136 = VERTEX_POINT('',#3137);
#3137 = CARTESIAN_POINT('',(10.44,0.6,8.));
#3138 = LINE('',#3139,#3140);
#3139 = CARTESIAN_POINT('',(10.44,-6.44,8.));
#3140 = VECTOR('',#3141,1.);
#3141 = DIRECTION('',(0.,1.,0.));
#3142 = ORIENTED_EDGE('',*,*,#3143,.T.);
#3143 = EDGE_CURVE('',#3136,#3144,#3146,.T.);
#3144 = VERTEX_POINT('',#3145);
#3145 = CARTESIAN_POINT('',(10.44,0.6,6.8));
#3146 = LINE('',#3147,#3148);
#3147 = CARTESIAN_POINT('',(10.44,0.6,5.4));
#3148 = VECTOR('',#3149,1.);
#3149 = DIRECTION('',(0.,0.,-1.));
#3150 = ORIENTED_EDGE('',*,*,#3151,.T.);
#3151 = EDGE_CURVE('',#3144,#3152,#3154,.T.);
#3152 = VERTEX_POINT('',#3153);
#3153 = CARTESIAN_POINT('',(10.44,-0.6,6.8));
#3154 = LINE('',#3155,#3156);
#3155 = CARTESIAN_POINT('',(10.44,-6.844893909539E-16,6.8));
#3156 = VECTOR('',#3157,1.);
#3157 = DIRECTION('',(0.,-1.,0.));
#3158 = ORIENTED_EDGE('',*,*,#3159,.F.);
#3159 = EDGE_CURVE('',#3160,#3152,#3162,.T.);
#3160 = VERTEX_POINT('',#3161);
#3161 = CARTESIAN_POINT('',(10.44,-0.6,8.));
#3162 = LINE('',#3163,#3164);
#3163 = CARTESIAN_POINT('',(10.44,-0.6,5.4));
#3164 = VECTOR('',#3165,1.);
#3165 = DIRECTION('',(0.,0.,-1.));
#3166 = ORIENTED_EDGE('',*,*,#3167,.F.);
#3167 = EDGE_CURVE('',#3124,#3160,#3168,.T.);
#3168 = LINE('',#3169,#3170);
#3169 = CARTESIAN_POINT('',(10.44,-6.44,8.));
#3170 = VECTOR('',#3171,1.);
#3171 = DIRECTION('',(0.,1.,0.));
#3172 = PLANE('',#3173);
#3173 = AXIS2_PLACEMENT_3D('',#3174,#3175,#3176);
#3174 = CARTESIAN_POINT('',(10.44,-2.126864031849E-17,4.));
#3175 = DIRECTION('',(1.,0.,0.));
#3176 = DIRECTION('',(0.,0.,1.));
#3177 = ADVANCED_FACE('',(#3178),#3228,.T.);
#3178 = FACE_BOUND('',#3179,.T.);
#3179 = EDGE_LOOP('',(#3180,#3181,#3189,#3197,#3205,#3213,#3221,#3227));
#3180 = ORIENTED_EDGE('',*,*,#2295,.F.);
#3181 = ORIENTED_EDGE('',*,*,#3182,.T.);
#3182 = EDGE_CURVE('',#2287,#3183,#3185,.T.);
#3183 = VERTEX_POINT('',#3184);
#3184 = CARTESIAN_POINT('',(2.44,-6.44,8.));
#3185 = LINE('',#3186,#3187);
#3186 = CARTESIAN_POINT('',(2.44,-6.44,0.));
#3187 = VECTOR('',#3188,1.);
#3188 = DIRECTION('',(0.,0.,1.));
#3189 = ORIENTED_EDGE('',*,*,#3190,.T.);
#3190 = EDGE_CURVE('',#3183,#3191,#3193,.T.);
#3191 = VERTEX_POINT('',#3192);
#3192 = CARTESIAN_POINT('',(3.4,-6.44,8.));
#3193 = LINE('',#3194,#3195);
#3194 = CARTESIAN_POINT('',(-10.44,-6.44,8.));
#3195 = VECTOR('',#3196,1.);
#3196 = DIRECTION('',(1.,0.,0.));
#3197 = ORIENTED_EDGE('',*,*,#3198,.F.);
#3198 = EDGE_CURVE('',#3199,#3191,#3201,.T.);
#3199 = VERTEX_POINT('',#3200);
#3200 = CARTESIAN_POINT('',(3.4,-6.44,6.8));
#3201 = LINE('',#3202,#3203);
#3202 = CARTESIAN_POINT('',(3.4,-6.44,3.4));
#3203 = VECTOR('',#3204,1.);
#3204 = DIRECTION('',(0.,0.,1.));
#3205 = ORIENTED_EDGE('',*,*,#3206,.T.);
#3206 = EDGE_CURVE('',#3199,#3207,#3209,.T.);
#3207 = VERTEX_POINT('',#3208);
#3208 = CARTESIAN_POINT('',(4.6,-6.44,6.8));
#3209 = LINE('',#3210,#3211);
#3210 = CARTESIAN_POINT('',(-5.22,-6.44,6.8));
#3211 = VECTOR('',#3212,1.);
#3212 = DIRECTION('',(1.,0.,0.));
#3213 = ORIENTED_EDGE('',*,*,#3214,.T.);
#3214 = EDGE_CURVE('',#3207,#3215,#3217,.T.);
#3215 = VERTEX_POINT('',#3216);
#3216 = CARTESIAN_POINT('',(4.6,-6.44,8.));
#3217 = LINE('',#3218,#3219);
#3218 = CARTESIAN_POINT('',(4.6,-6.44,3.4));
#3219 = VECTOR('',#3220,1.);
#3220 = DIRECTION('',(0.,0.,1.));
#3221 = ORIENTED_EDGE('',*,*,#3222,.T.);
#3222 = EDGE_CURVE('',#3215,#3124,#3223,.T.);
#3223 = LINE('',#3224,#3225);
#3224 = CARTESIAN_POINT('',(-10.44,-6.44,8.));
#3225 = VECTOR('',#3226,1.);
#3226 = DIRECTION('',(1.,0.,0.));
#3227 = ORIENTED_EDGE('',*,*,#3123,.F.);
#3228 = PLANE('',#3229);
#3229 = AXIS2_PLACEMENT_3D('',#3230,#3231,#3232);
#3230 = CARTESIAN_POINT('',(-10.44,-6.44,0.));
#3231 = DIRECTION('',(0.,1.,0.));
#3232 = DIRECTION('',(0.,0.,1.));
#3233 = ADVANCED_FACE('',(#3234),#3353,.F.);
#3234 = FACE_BOUND('',#3235,.F.);
#3235 = EDGE_LOOP('',(#3236,#3244,#3245,#3246,#3247,#3248,#3249,#3250,
    #3251,#3259,#3267,#3275,#3283,#3291,#3299,#3307,#3315,#3323,#3331,
    #3339,#3347));
#3236 = ORIENTED_EDGE('',*,*,#3237,.F.);
#3237 = EDGE_CURVE('',#2427,#3238,#3240,.T.);
#3238 = VERTEX_POINT('',#3239);
#3239 = CARTESIAN_POINT('',(2.44,-30.44,8.));
#3240 = LINE('',#3241,#3242);
#3241 = CARTESIAN_POINT('',(2.44,-30.44,0.));
#3242 = VECTOR('',#3243,1.);
#3243 = DIRECTION('',(0.,0.,1.));
#3244 = ORIENTED_EDGE('',*,*,#2426,.T.);
#3245 = ORIENTED_EDGE('',*,*,#2403,.T.);
#3246 = ORIENTED_EDGE('',*,*,#2380,.T.);
#3247 = ORIENTED_EDGE('',*,*,#2357,.T.);
#3248 = ORIENTED_EDGE('',*,*,#2334,.T.);
#3249 = ORIENTED_EDGE('',*,*,#2311,.T.);
#3250 = ORIENTED_EDGE('',*,*,#3182,.T.);
#3251 = ORIENTED_EDGE('',*,*,#3252,.F.);
#3252 = EDGE_CURVE('',#3253,#3183,#3255,.T.);
#3253 = VERTEX_POINT('',#3254);
#3254 = CARTESIAN_POINT('',(2.44,-7.4,8.));
#3255 = LINE('',#3256,#3257);
#3256 = CARTESIAN_POINT('',(2.44,-30.44,8.));
#3257 = VECTOR('',#3258,1.);
#3258 = DIRECTION('',(0.,1.,0.));
#3259 = ORIENTED_EDGE('',*,*,#3260,.T.);
#3260 = EDGE_CURVE('',#3253,#3261,#3263,.T.);
#3261 = VERTEX_POINT('',#3262);
#3262 = CARTESIAN_POINT('',(2.44,-7.4,6.8));
#3263 = LINE('',#3264,#3265);
#3264 = CARTESIAN_POINT('',(2.44,-7.4,5.4));
#3265 = VECTOR('',#3266,1.);
#3266 = DIRECTION('',(0.,0.,-1.));
#3267 = ORIENTED_EDGE('',*,*,#3268,.T.);
#3268 = EDGE_CURVE('',#3261,#3269,#3271,.T.);
#3269 = VERTEX_POINT('',#3270);
#3270 = CARTESIAN_POINT('',(2.44,-8.6,6.8));
#3271 = LINE('',#3272,#3273);
#3272 = CARTESIAN_POINT('',(2.44,-9.22,6.8));
#3273 = VECTOR('',#3274,1.);
#3274 = DIRECTION('',(0.,-1.,0.));
#3275 = ORIENTED_EDGE('',*,*,#3276,.F.);
#3276 = EDGE_CURVE('',#3277,#3269,#3279,.T.);
#3277 = VERTEX_POINT('',#3278);
#3278 = CARTESIAN_POINT('',(2.44,-8.6,8.));
#3279 = LINE('',#3280,#3281);
#3280 = CARTESIAN_POINT('',(2.44,-8.6,5.4));
#3281 = VECTOR('',#3282,1.);
#3282 = DIRECTION('',(0.,0.,-1.));
#3283 = ORIENTED_EDGE('',*,*,#3284,.F.);
#3284 = EDGE_CURVE('',#3285,#3277,#3287,.T.);
#3285 = VERTEX_POINT('',#3286);
#3286 = CARTESIAN_POINT('',(2.44,-15.4,8.));
#3287 = LINE('',#3288,#3289);
#3288 = CARTESIAN_POINT('',(2.44,-30.44,8.));
#3289 = VECTOR('',#3290,1.);
#3290 = DIRECTION('',(0.,1.,0.));
#3291 = ORIENTED_EDGE('',*,*,#3292,.T.);
#3292 = EDGE_CURVE('',#3285,#3293,#3295,.T.);
#3293 = VERTEX_POINT('',#3294);
#3294 = CARTESIAN_POINT('',(2.44,-15.4,6.8));
#3295 = LINE('',#3296,#3297);
#3296 = CARTESIAN_POINT('',(2.44,-15.4,5.4));
#3297 = VECTOR('',#3298,1.);
#3298 = DIRECTION('',(0.,0.,-1.));
#3299 = ORIENTED_EDGE('',*,*,#3300,.T.);
#3300 = EDGE_CURVE('',#3293,#3301,#3303,.T.);
#3301 = VERTEX_POINT('',#3302);
#3302 = CARTESIAN_POINT('',(2.44,-16.6,6.8));
#3303 = LINE('',#3304,#3305);
#3304 = CARTESIAN_POINT('',(2.44,-9.22,6.8));
#3305 = VECTOR('',#3306,1.);
#3306 = DIRECTION('',(0.,-1.,0.));
#3307 = ORIENTED_EDGE('',*,*,#3308,.F.);
#3308 = EDGE_CURVE('',#3309,#3301,#3311,.T.);
#3309 = VERTEX_POINT('',#3310);
#3310 = CARTESIAN_POINT('',(2.44,-16.6,8.));
#3311 = LINE('',#3312,#3313);
#3312 = CARTESIAN_POINT('',(2.44,-16.6,5.4));
#3313 = VECTOR('',#3314,1.);
#3314 = DIRECTION('',(0.,0.,-1.));
#3315 = ORIENTED_EDGE('',*,*,#3316,.F.);
#3316 = EDGE_CURVE('',#3317,#3309,#3319,.T.);
#3317 = VERTEX_POINT('',#3318);
#3318 = CARTESIAN_POINT('',(2.44,-23.4,8.));
#3319 = LINE('',#3320,#3321);
#3320 = CARTESIAN_POINT('',(2.44,-30.44,8.));
#3321 = VECTOR('',#3322,1.);
#3322 = DIRECTION('',(0.,1.,0.));
#3323 = ORIENTED_EDGE('',*,*,#3324,.T.);
#3324 = EDGE_CURVE('',#3317,#3325,#3327,.T.);
#3325 = VERTEX_POINT('',#3326);
#3326 = CARTESIAN_POINT('',(2.44,-23.4,6.8));
#3327 = LINE('',#3328,#3329);
#3328 = CARTESIAN_POINT('',(2.44,-23.4,5.4));
#3329 = VECTOR('',#3330,1.);
#3330 = DIRECTION('',(0.,0.,-1.));
#3331 = ORIENTED_EDGE('',*,*,#3332,.T.);
#3332 = EDGE_CURVE('',#3325,#3333,#3335,.T.);
#3333 = VERTEX_POINT('',#3334);
#3334 = CARTESIAN_POINT('',(2.44,-24.6,6.8));
#3335 = LINE('',#3336,#3337);
#3336 = CARTESIAN_POINT('',(2.44,-9.22,6.8));
#3337 = VECTOR('',#3338,1.);
#3338 = DIRECTION('',(0.,-1.,0.));
#3339 = ORIENTED_EDGE('',*,*,#3340,.F.);
#3340 = EDGE_CURVE('',#3341,#3333,#3343,.T.);
#3341 = VERTEX_POINT('',#3342);
#3342 = CARTESIAN_POINT('',(2.44,-24.6,8.));
#3343 = LINE('',#3344,#3345);
#3344 = CARTESIAN_POINT('',(2.44,-24.6,5.4));
#3345 = VECTOR('',#3346,1.);
#3346 = DIRECTION('',(0.,0.,-1.));
#3347 = ORIENTED_EDGE('',*,*,#3348,.F.);
#3348 = EDGE_CURVE('',#3238,#3341,#3349,.T.);
#3349 = LINE('',#3350,#3351);
#3350 = CARTESIAN_POINT('',(2.44,-30.44,8.));
#3351 = VECTOR('',#3352,1.);
#3352 = DIRECTION('',(0.,1.,0.));
#3353 = PLANE('',#3354);
#3354 = AXIS2_PLACEMENT_3D('',#3355,#3356,#3357);
#3355 = CARTESIAN_POINT('',(2.44,-18.44,4.));
#3356 = DIRECTION('',(1.,0.,0.));
#3357 = DIRECTION('',(0.,0.,1.));
#3358 = ADVANCED_FACE('',(#3359),#3402,.T.);
#3359 = FACE_BOUND('',#3360,.T.);
#3360 = EDGE_LOOP('',(#3361,#3362,#3363,#3371,#3379,#3387,#3395,#3401));
#3361 = ORIENTED_EDGE('',*,*,#2449,.F.);
#3362 = ORIENTED_EDGE('',*,*,#2618,.T.);
#3363 = ORIENTED_EDGE('',*,*,#3364,.T.);
#3364 = EDGE_CURVE('',#2619,#3365,#3367,.T.);
#3365 = VERTEX_POINT('',#3366);
#3366 = CARTESIAN_POINT('',(-4.6,-30.44,8.));
#3367 = LINE('',#3368,#3369);
#3368 = CARTESIAN_POINT('',(-10.44,-30.44,8.));
#3369 = VECTOR('',#3370,1.);
#3370 = DIRECTION('',(1.,0.,0.));
#3371 = ORIENTED_EDGE('',*,*,#3372,.F.);
#3372 = EDGE_CURVE('',#3373,#3365,#3375,.T.);
#3373 = VERTEX_POINT('',#3374);
#3374 = CARTESIAN_POINT('',(-4.6,-30.44,6.8));
#3375 = LINE('',#3376,#3377);
#3376 = CARTESIAN_POINT('',(-4.6,-30.44,3.4));
#3377 = VECTOR('',#3378,1.);
#3378 = DIRECTION('',(0.,0.,1.));
#3379 = ORIENTED_EDGE('',*,*,#3380,.T.);
#3380 = EDGE_CURVE('',#3373,#3381,#3383,.T.);
#3381 = VERTEX_POINT('',#3382);
#3382 = CARTESIAN_POINT('',(-3.4,-30.44,6.8));
#3383 = LINE('',#3384,#3385);
#3384 = CARTESIAN_POINT('',(-5.22,-30.44,6.8));
#3385 = VECTOR('',#3386,1.);
#3386 = DIRECTION('',(1.,0.,0.));
#3387 = ORIENTED_EDGE('',*,*,#3388,.T.);
#3388 = EDGE_CURVE('',#3381,#3389,#3391,.T.);
#3389 = VERTEX_POINT('',#3390);
#3390 = CARTESIAN_POINT('',(-3.4,-30.44,8.));
#3391 = LINE('',#3392,#3393);
#3392 = CARTESIAN_POINT('',(-3.4,-30.44,3.4));
#3393 = VECTOR('',#3394,1.);
#3394 = DIRECTION('',(0.,0.,1.));
#3395 = ORIENTED_EDGE('',*,*,#3396,.T.);
#3396 = EDGE_CURVE('',#3389,#3238,#3397,.T.);
#3397 = LINE('',#3398,#3399);
#3398 = CARTESIAN_POINT('',(-10.44,-30.44,8.));
#3399 = VECTOR('',#3400,1.);
#3400 = DIRECTION('',(1.,0.,0.));
#3401 = ORIENTED_EDGE('',*,*,#3237,.F.);
#3402 = PLANE('',#3403);
#3403 = AXIS2_PLACEMENT_3D('',#3404,#3405,#3406);
#3404 = CARTESIAN_POINT('',(-10.44,-30.44,0.));
#3405 = DIRECTION('',(0.,1.,0.));
#3406 = DIRECTION('',(0.,0.,1.));
#3407 = ADVANCED_FACE('',(#3408),#3435,.F.);
#3408 = FACE_BOUND('',#3409,.F.);
#3409 = EDGE_LOOP('',(#3410,#3411,#3419,#3428,#3434));
#3410 = ORIENTED_EDGE('',*,*,#2850,.F.);
#3411 = ORIENTED_EDGE('',*,*,#3412,.T.);
#3412 = EDGE_CURVE('',#2843,#3413,#3415,.T.);
#3413 = VERTEX_POINT('',#3414);
#3414 = CARTESIAN_POINT('',(-7.16040365499,24.6,8.));
#3415 = LINE('',#3416,#3417);
#3416 = CARTESIAN_POINT('',(-11.9,24.6,8.));
#3417 = VECTOR('',#3418,1.);
#3418 = DIRECTION('',(1.,0.,0.));
#3419 = ORIENTED_EDGE('',*,*,#3420,.F.);
#3420 = EDGE_CURVE('',#3421,#3413,#3423,.T.);
#3421 = VERTEX_POINT('',#3422);
#3422 = CARTESIAN_POINT('',(-4.6,27.16040365499,8.));
#3423 = CIRCLE('',#3424,3.216854249492);
#3424 = AXIS2_PLACEMENT_3D('',#3425,#3426,#3427);
#3425 = CARTESIAN_POINT('',(-4.,24.,8.));
#3426 = DIRECTION('',(0.,0.,1.));
#3427 = DIRECTION('',(1.,0.,0.));
#3428 = ORIENTED_EDGE('',*,*,#3429,.T.);
#3429 = EDGE_CURVE('',#3421,#2889,#3430,.T.);
#3430 = LINE('',#3431,#3432);
#3431 = CARTESIAN_POINT('',(-4.6,-31.9,8.));
#3432 = VECTOR('',#3433,1.);
#3433 = DIRECTION('',(0.,1.,0.));
#3434 = ORIENTED_EDGE('',*,*,#2888,.F.);
#3435 = PLANE('',#3436);
#3436 = AXIS2_PLACEMENT_3D('',#3437,#3438,#3439);
#3437 = CARTESIAN_POINT('',(-2.348336594912,5.648884274022E-16,8.));
#3438 = DIRECTION('',(0.,0.,1.));
#3439 = DIRECTION('',(1.,0.,0.));
#3440 = ADVANCED_FACE('',(#3441),#3459,.T.);
#3441 = FACE_BOUND('',#3442,.T.);
#3442 = EDGE_LOOP('',(#3443,#3451,#3452,#3453));
#3443 = ORIENTED_EDGE('',*,*,#3444,.F.);
#3444 = EDGE_CURVE('',#2835,#3445,#3447,.T.);
#3445 = VERTEX_POINT('',#3446);
#3446 = CARTESIAN_POINT('',(-7.16040365499,24.6,6.8));
#3447 = LINE('',#3448,#3449);
#3448 = CARTESIAN_POINT('',(-11.9,24.6,6.8));
#3449 = VECTOR('',#3450,1.);
#3450 = DIRECTION('',(1.,0.,0.));
#3451 = ORIENTED_EDGE('',*,*,#2842,.T.);
#3452 = ORIENTED_EDGE('',*,*,#3412,.T.);
#3453 = ORIENTED_EDGE('',*,*,#3454,.T.);
#3454 = EDGE_CURVE('',#3413,#3445,#3455,.T.);
#3455 = LINE('',#3456,#3457);
#3456 = CARTESIAN_POINT('',(-7.16040365499,24.6,0.3));
#3457 = VECTOR('',#3458,1.);
#3458 = DIRECTION('',(-0.,-0.,-1.));
#3459 = PLANE('',#3460);
#3460 = AXIS2_PLACEMENT_3D('',#3461,#3462,#3463);
#3461 = CARTESIAN_POINT('',(-11.9,24.6,6.8));
#3462 = DIRECTION('',(0.,1.,0.));
#3463 = DIRECTION('',(0.,0.,1.));
#3464 = ADVANCED_FACE('',(#3465),#3484,.T.);
#3465 = FACE_BOUND('',#3466,.T.);
#3466 = EDGE_LOOP('',(#3467,#3476,#3482,#3483));
#3467 = ORIENTED_EDGE('',*,*,#3468,.F.);
#3468 = EDGE_CURVE('',#3469,#3445,#3471,.T.);
#3469 = VERTEX_POINT('',#3470);
#3470 = CARTESIAN_POINT('',(-7.16040365499,23.4,6.8));
#3471 = CIRCLE('',#3472,3.216854249492);
#3472 = AXIS2_PLACEMENT_3D('',#3473,#3474,#3475);
#3473 = CARTESIAN_POINT('',(-4.,24.,6.8));
#3474 = DIRECTION('',(0.,0.,-1.));
#3475 = DIRECTION('',(1.,0.,0.));
#3476 = ORIENTED_EDGE('',*,*,#3477,.F.);
#3477 = EDGE_CURVE('',#2827,#3469,#3478,.T.);
#3478 = LINE('',#3479,#3480);
#3479 = CARTESIAN_POINT('',(-11.9,23.4,6.8));
#3480 = VECTOR('',#3481,1.);
#3481 = DIRECTION('',(1.,0.,0.));
#3482 = ORIENTED_EDGE('',*,*,#2834,.T.);
#3483 = ORIENTED_EDGE('',*,*,#3444,.T.);
#3484 = PLANE('',#3485);
#3485 = AXIS2_PLACEMENT_3D('',#3486,#3487,#3488);
#3486 = CARTESIAN_POINT('',(-5.135805140258E-16,-1.347710141589E-15,6.8)
  );
#3487 = DIRECTION('',(-0.,-0.,-1.));
#3488 = DIRECTION('',(-1.,0.,0.));
#3489 = ADVANCED_FACE('',(#3490),#3508,.F.);
#3490 = FACE_BOUND('',#3491,.F.);
#3491 = EDGE_LOOP('',(#3492,#3493,#3494,#3502));
#3492 = ORIENTED_EDGE('',*,*,#3477,.F.);
#3493 = ORIENTED_EDGE('',*,*,#2826,.T.);
#3494 = ORIENTED_EDGE('',*,*,#3495,.T.);
#3495 = EDGE_CURVE('',#2819,#3496,#3498,.T.);
#3496 = VERTEX_POINT('',#3497);
#3497 = CARTESIAN_POINT('',(-7.16040365499,23.4,8.));
#3498 = LINE('',#3499,#3500);
#3499 = CARTESIAN_POINT('',(-11.9,23.4,8.));
#3500 = VECTOR('',#3501,1.);
#3501 = DIRECTION('',(1.,0.,0.));
#3502 = ORIENTED_EDGE('',*,*,#3503,.T.);
#3503 = EDGE_CURVE('',#3496,#3469,#3504,.T.);
#3504 = LINE('',#3505,#3506);
#3505 = CARTESIAN_POINT('',(-7.16040365499,23.4,0.3));
#3506 = VECTOR('',#3507,1.);
#3507 = DIRECTION('',(-0.,-0.,-1.));
#3508 = PLANE('',#3509);
#3509 = AXIS2_PLACEMENT_3D('',#3510,#3511,#3512);
#3510 = CARTESIAN_POINT('',(-11.9,23.4,6.8));
#3511 = DIRECTION('',(0.,1.,0.));
#3512 = DIRECTION('',(0.,0.,1.));
#3513 = ADVANCED_FACE('',(#3514),#3550,.F.);
#3514 = FACE_BOUND('',#3515,.F.);
#3515 = EDGE_LOOP('',(#3516,#3517,#3525,#3534,#3542,#3549));
#3516 = ORIENTED_EDGE('',*,*,#2818,.F.);
#3517 = ORIENTED_EDGE('',*,*,#3518,.T.);
#3518 = EDGE_CURVE('',#2811,#3519,#3521,.T.);
#3519 = VERTEX_POINT('',#3520);
#3520 = CARTESIAN_POINT('',(-7.16040365499,16.6,8.));
#3521 = LINE('',#3522,#3523);
#3522 = CARTESIAN_POINT('',(-11.9,16.6,8.));
#3523 = VECTOR('',#3524,1.);
#3524 = DIRECTION('',(1.,0.,0.));
#3525 = ORIENTED_EDGE('',*,*,#3526,.F.);
#3526 = EDGE_CURVE('',#3527,#3519,#3529,.T.);
#3527 = VERTEX_POINT('',#3528);
#3528 = CARTESIAN_POINT('',(-4.6,19.16040365499,8.));
#3529 = CIRCLE('',#3530,3.216854249492);
#3530 = AXIS2_PLACEMENT_3D('',#3531,#3532,#3533);
#3531 = CARTESIAN_POINT('',(-4.,16.,8.));
#3532 = DIRECTION('',(0.,0.,1.));
#3533 = DIRECTION('',(1.,0.,0.));
#3534 = ORIENTED_EDGE('',*,*,#3535,.T.);
#3535 = EDGE_CURVE('',#3527,#3536,#3538,.T.);
#3536 = VERTEX_POINT('',#3537);
#3537 = CARTESIAN_POINT('',(-4.6,20.83959634501,8.));
#3538 = LINE('',#3539,#3540);
#3539 = CARTESIAN_POINT('',(-4.6,-31.9,8.));
#3540 = VECTOR('',#3541,1.);
#3541 = DIRECTION('',(0.,1.,0.));
#3542 = ORIENTED_EDGE('',*,*,#3543,.F.);
#3543 = EDGE_CURVE('',#3496,#3536,#3544,.T.);
#3544 = CIRCLE('',#3545,3.216854249492);
#3545 = AXIS2_PLACEMENT_3D('',#3546,#3547,#3548);
#3546 = CARTESIAN_POINT('',(-4.,24.,8.));
#3547 = DIRECTION('',(0.,0.,1.));
#3548 = DIRECTION('',(1.,0.,0.));
#3549 = ORIENTED_EDGE('',*,*,#3495,.F.);
#3550 = PLANE('',#3551);
#3551 = AXIS2_PLACEMENT_3D('',#3552,#3553,#3554);
#3552 = CARTESIAN_POINT('',(-2.348336594912,5.648884274022E-16,8.));
#3553 = DIRECTION('',(0.,0.,1.));
#3554 = DIRECTION('',(1.,0.,0.));
#3555 = ADVANCED_FACE('',(#3556),#3574,.T.);
#3556 = FACE_BOUND('',#3557,.T.);
#3557 = EDGE_LOOP('',(#3558,#3566,#3567,#3568));
#3558 = ORIENTED_EDGE('',*,*,#3559,.F.);
#3559 = EDGE_CURVE('',#2803,#3560,#3562,.T.);
#3560 = VERTEX_POINT('',#3561);
#3561 = CARTESIAN_POINT('',(-7.16040365499,16.6,6.8));
#3562 = LINE('',#3563,#3564);
#3563 = CARTESIAN_POINT('',(-11.9,16.6,6.8));
#3564 = VECTOR('',#3565,1.);
#3565 = DIRECTION('',(1.,0.,0.));
#3566 = ORIENTED_EDGE('',*,*,#2810,.T.);
#3567 = ORIENTED_EDGE('',*,*,#3518,.T.);
#3568 = ORIENTED_EDGE('',*,*,#3569,.T.);
#3569 = EDGE_CURVE('',#3519,#3560,#3570,.T.);
#3570 = LINE('',#3571,#3572);
#3571 = CARTESIAN_POINT('',(-7.16040365499,16.6,0.3));
#3572 = VECTOR('',#3573,1.);
#3573 = DIRECTION('',(-0.,-0.,-1.));
#3574 = PLANE('',#3575);
#3575 = AXIS2_PLACEMENT_3D('',#3576,#3577,#3578);
#3576 = CARTESIAN_POINT('',(-11.9,16.6,6.8));
#3577 = DIRECTION('',(0.,1.,0.));
#3578 = DIRECTION('',(0.,0.,1.));
#3579 = ADVANCED_FACE('',(#3580),#3599,.T.);
#3580 = FACE_BOUND('',#3581,.T.);
#3581 = EDGE_LOOP('',(#3582,#3591,#3597,#3598));
#3582 = ORIENTED_EDGE('',*,*,#3583,.F.);
#3583 = EDGE_CURVE('',#3584,#3560,#3586,.T.);
#3584 = VERTEX_POINT('',#3585);
#3585 = CARTESIAN_POINT('',(-7.16040365499,15.4,6.8));
#3586 = CIRCLE('',#3587,3.216854249492);
#3587 = AXIS2_PLACEMENT_3D('',#3588,#3589,#3590);
#3588 = CARTESIAN_POINT('',(-4.,16.,6.8));
#3589 = DIRECTION('',(0.,0.,-1.));
#3590 = DIRECTION('',(1.,0.,0.));
#3591 = ORIENTED_EDGE('',*,*,#3592,.F.);
#3592 = EDGE_CURVE('',#2795,#3584,#3593,.T.);
#3593 = LINE('',#3594,#3595);
#3594 = CARTESIAN_POINT('',(-11.9,15.4,6.8));
#3595 = VECTOR('',#3596,1.);
#3596 = DIRECTION('',(1.,0.,0.));
#3597 = ORIENTED_EDGE('',*,*,#2802,.T.);
#3598 = ORIENTED_EDGE('',*,*,#3559,.T.);
#3599 = PLANE('',#3600);
#3600 = AXIS2_PLACEMENT_3D('',#3601,#3602,#3603);
#3601 = CARTESIAN_POINT('',(-5.135805140258E-16,-1.347710141589E-15,6.8)
  );
#3602 = DIRECTION('',(-0.,-0.,-1.));
#3603 = DIRECTION('',(-1.,0.,0.));
#3604 = ADVANCED_FACE('',(#3605),#3623,.F.);
#3605 = FACE_BOUND('',#3606,.F.);
#3606 = EDGE_LOOP('',(#3607,#3608,#3609,#3617));
#3607 = ORIENTED_EDGE('',*,*,#3592,.F.);
#3608 = ORIENTED_EDGE('',*,*,#2794,.T.);
#3609 = ORIENTED_EDGE('',*,*,#3610,.T.);
#3610 = EDGE_CURVE('',#2787,#3611,#3613,.T.);
#3611 = VERTEX_POINT('',#3612);
#3612 = CARTESIAN_POINT('',(-7.16040365499,15.4,8.));
#3613 = LINE('',#3614,#3615);
#3614 = CARTESIAN_POINT('',(-11.9,15.4,8.));
#3615 = VECTOR('',#3616,1.);
#3616 = DIRECTION('',(1.,0.,0.));
#3617 = ORIENTED_EDGE('',*,*,#3618,.T.);
#3618 = EDGE_CURVE('',#3611,#3584,#3619,.T.);
#3619 = LINE('',#3620,#3621);
#3620 = CARTESIAN_POINT('',(-7.16040365499,15.4,0.3));
#3621 = VECTOR('',#3622,1.);
#3622 = DIRECTION('',(-0.,-0.,-1.));
#3623 = PLANE('',#3624);
#3624 = AXIS2_PLACEMENT_3D('',#3625,#3626,#3627);
#3625 = CARTESIAN_POINT('',(-11.9,15.4,6.8));
#3626 = DIRECTION('',(0.,1.,0.));
#3627 = DIRECTION('',(0.,0.,1.));
#3628 = ADVANCED_FACE('',(#3629),#3665,.F.);
#3629 = FACE_BOUND('',#3630,.F.);
#3630 = EDGE_LOOP('',(#3631,#3632,#3640,#3649,#3657,#3664));
#3631 = ORIENTED_EDGE('',*,*,#2786,.F.);
#3632 = ORIENTED_EDGE('',*,*,#3633,.T.);
#3633 = EDGE_CURVE('',#2779,#3634,#3636,.T.);
#3634 = VERTEX_POINT('',#3635);
#3635 = CARTESIAN_POINT('',(-7.16040365499,8.6,8.));
#3636 = LINE('',#3637,#3638);
#3637 = CARTESIAN_POINT('',(-11.9,8.6,8.));
#3638 = VECTOR('',#3639,1.);
#3639 = DIRECTION('',(1.,0.,0.));
#3640 = ORIENTED_EDGE('',*,*,#3641,.F.);
#3641 = EDGE_CURVE('',#3642,#3634,#3644,.T.);
#3642 = VERTEX_POINT('',#3643);
#3643 = CARTESIAN_POINT('',(-4.6,11.16040365499,8.));
#3644 = CIRCLE('',#3645,3.216854249492);
#3645 = AXIS2_PLACEMENT_3D('',#3646,#3647,#3648);
#3646 = CARTESIAN_POINT('',(-4.,8.,8.));
#3647 = DIRECTION('',(0.,0.,1.));
#3648 = DIRECTION('',(1.,0.,0.));
#3649 = ORIENTED_EDGE('',*,*,#3650,.T.);
#3650 = EDGE_CURVE('',#3642,#3651,#3653,.T.);
#3651 = VERTEX_POINT('',#3652);
#3652 = CARTESIAN_POINT('',(-4.6,12.83959634501,8.));
#3653 = LINE('',#3654,#3655);
#3654 = CARTESIAN_POINT('',(-4.6,-31.9,8.));
#3655 = VECTOR('',#3656,1.);
#3656 = DIRECTION('',(0.,1.,0.));
#3657 = ORIENTED_EDGE('',*,*,#3658,.F.);
#3658 = EDGE_CURVE('',#3611,#3651,#3659,.T.);
#3659 = CIRCLE('',#3660,3.216854249492);
#3660 = AXIS2_PLACEMENT_3D('',#3661,#3662,#3663);
#3661 = CARTESIAN_POINT('',(-4.,16.,8.));
#3662 = DIRECTION('',(0.,0.,1.));
#3663 = DIRECTION('',(1.,0.,0.));
#3664 = ORIENTED_EDGE('',*,*,#3610,.F.);
#3665 = PLANE('',#3666);
#3666 = AXIS2_PLACEMENT_3D('',#3667,#3668,#3669);
#3667 = CARTESIAN_POINT('',(-2.348336594912,5.648884274022E-16,8.));
#3668 = DIRECTION('',(0.,0.,1.));
#3669 = DIRECTION('',(1.,0.,0.));
#3670 = ADVANCED_FACE('',(#3671),#3689,.T.);
#3671 = FACE_BOUND('',#3672,.T.);
#3672 = EDGE_LOOP('',(#3673,#3681,#3682,#3683));
#3673 = ORIENTED_EDGE('',*,*,#3674,.F.);
#3674 = EDGE_CURVE('',#2771,#3675,#3677,.T.);
#3675 = VERTEX_POINT('',#3676);
#3676 = CARTESIAN_POINT('',(-7.16040365499,8.6,6.8));
#3677 = LINE('',#3678,#3679);
#3678 = CARTESIAN_POINT('',(-11.9,8.6,6.8));
#3679 = VECTOR('',#3680,1.);
#3680 = DIRECTION('',(1.,0.,0.));
#3681 = ORIENTED_EDGE('',*,*,#2778,.T.);
#3682 = ORIENTED_EDGE('',*,*,#3633,.T.);
#3683 = ORIENTED_EDGE('',*,*,#3684,.T.);
#3684 = EDGE_CURVE('',#3634,#3675,#3685,.T.);
#3685 = LINE('',#3686,#3687);
#3686 = CARTESIAN_POINT('',(-7.16040365499,8.6,0.3));
#3687 = VECTOR('',#3688,1.);
#3688 = DIRECTION('',(-0.,-0.,-1.));
#3689 = PLANE('',#3690);
#3690 = AXIS2_PLACEMENT_3D('',#3691,#3692,#3693);
#3691 = CARTESIAN_POINT('',(-11.9,8.6,6.8));
#3692 = DIRECTION('',(0.,1.,0.));
#3693 = DIRECTION('',(0.,0.,1.));
#3694 = ADVANCED_FACE('',(#3695),#3714,.T.);
#3695 = FACE_BOUND('',#3696,.T.);
#3696 = EDGE_LOOP('',(#3697,#3706,#3712,#3713));
#3697 = ORIENTED_EDGE('',*,*,#3698,.F.);
#3698 = EDGE_CURVE('',#3699,#3675,#3701,.T.);
#3699 = VERTEX_POINT('',#3700);
#3700 = CARTESIAN_POINT('',(-7.16040365499,7.4,6.8));
#3701 = CIRCLE('',#3702,3.216854249492);
#3702 = AXIS2_PLACEMENT_3D('',#3703,#3704,#3705);
#3703 = CARTESIAN_POINT('',(-4.,8.,6.8));
#3704 = DIRECTION('',(0.,0.,-1.));
#3705 = DIRECTION('',(1.,0.,0.));
#3706 = ORIENTED_EDGE('',*,*,#3707,.F.);
#3707 = EDGE_CURVE('',#2763,#3699,#3708,.T.);
#3708 = LINE('',#3709,#3710);
#3709 = CARTESIAN_POINT('',(-11.9,7.4,6.8));
#3710 = VECTOR('',#3711,1.);
#3711 = DIRECTION('',(1.,0.,0.));
#3712 = ORIENTED_EDGE('',*,*,#2770,.T.);
#3713 = ORIENTED_EDGE('',*,*,#3674,.T.);
#3714 = PLANE('',#3715);
#3715 = AXIS2_PLACEMENT_3D('',#3716,#3717,#3718);
#3716 = CARTESIAN_POINT('',(-5.135805140258E-16,-1.347710141589E-15,6.8)
  );
#3717 = DIRECTION('',(-0.,-0.,-1.));
#3718 = DIRECTION('',(-1.,0.,0.));
#3719 = ADVANCED_FACE('',(#3720),#3738,.F.);
#3720 = FACE_BOUND('',#3721,.F.);
#3721 = EDGE_LOOP('',(#3722,#3723,#3724,#3732));
#3722 = ORIENTED_EDGE('',*,*,#3707,.F.);
#3723 = ORIENTED_EDGE('',*,*,#2762,.T.);
#3724 = ORIENTED_EDGE('',*,*,#3725,.T.);
#3725 = EDGE_CURVE('',#2755,#3726,#3728,.T.);
#3726 = VERTEX_POINT('',#3727);
#3727 = CARTESIAN_POINT('',(-7.16040365499,7.4,8.));
#3728 = LINE('',#3729,#3730);
#3729 = CARTESIAN_POINT('',(-11.9,7.4,8.));
#3730 = VECTOR('',#3731,1.);
#3731 = DIRECTION('',(1.,0.,0.));
#3732 = ORIENTED_EDGE('',*,*,#3733,.T.);
#3733 = EDGE_CURVE('',#3726,#3699,#3734,.T.);
#3734 = LINE('',#3735,#3736);
#3735 = CARTESIAN_POINT('',(-7.16040365499,7.4,0.3));
#3736 = VECTOR('',#3737,1.);
#3737 = DIRECTION('',(-0.,-0.,-1.));
#3738 = PLANE('',#3739);
#3739 = AXIS2_PLACEMENT_3D('',#3740,#3741,#3742);
#3740 = CARTESIAN_POINT('',(-11.9,7.4,6.8));
#3741 = DIRECTION('',(0.,1.,0.));
#3742 = DIRECTION('',(0.,0.,1.));
#3743 = ADVANCED_FACE('',(#3744),#3780,.F.);
#3744 = FACE_BOUND('',#3745,.F.);
#3745 = EDGE_LOOP('',(#3746,#3747,#3755,#3764,#3772,#3779));
#3746 = ORIENTED_EDGE('',*,*,#2754,.F.);
#3747 = ORIENTED_EDGE('',*,*,#3748,.T.);
#3748 = EDGE_CURVE('',#2747,#3749,#3751,.T.);
#3749 = VERTEX_POINT('',#3750);
#3750 = CARTESIAN_POINT('',(-7.16040365499,0.6,8.));
#3751 = LINE('',#3752,#3753);
#3752 = CARTESIAN_POINT('',(-11.9,0.6,8.));
#3753 = VECTOR('',#3754,1.);
#3754 = DIRECTION('',(1.,0.,0.));
#3755 = ORIENTED_EDGE('',*,*,#3756,.F.);
#3756 = EDGE_CURVE('',#3757,#3749,#3759,.T.);
#3757 = VERTEX_POINT('',#3758);
#3758 = CARTESIAN_POINT('',(-4.6,3.16040365499,8.));
#3759 = CIRCLE('',#3760,3.216854249492);
#3760 = AXIS2_PLACEMENT_3D('',#3761,#3762,#3763);
#3761 = CARTESIAN_POINT('',(-4.,0.,8.));
#3762 = DIRECTION('',(0.,0.,1.));
#3763 = DIRECTION('',(1.,0.,0.));
#3764 = ORIENTED_EDGE('',*,*,#3765,.T.);
#3765 = EDGE_CURVE('',#3757,#3766,#3768,.T.);
#3766 = VERTEX_POINT('',#3767);
#3767 = CARTESIAN_POINT('',(-4.6,4.83959634501,8.));
#3768 = LINE('',#3769,#3770);
#3769 = CARTESIAN_POINT('',(-4.6,-31.9,8.));
#3770 = VECTOR('',#3771,1.);
#3771 = DIRECTION('',(0.,1.,0.));
#3772 = ORIENTED_EDGE('',*,*,#3773,.F.);
#3773 = EDGE_CURVE('',#3726,#3766,#3774,.T.);
#3774 = CIRCLE('',#3775,3.216854249492);
#3775 = AXIS2_PLACEMENT_3D('',#3776,#3777,#3778);
#3776 = CARTESIAN_POINT('',(-4.,8.,8.));
#3777 = DIRECTION('',(0.,0.,1.));
#3778 = DIRECTION('',(1.,0.,0.));
#3779 = ORIENTED_EDGE('',*,*,#3725,.F.);
#3780 = PLANE('',#3781);
#3781 = AXIS2_PLACEMENT_3D('',#3782,#3783,#3784);
#3782 = CARTESIAN_POINT('',(-2.348336594912,5.648884274022E-16,8.));
#3783 = DIRECTION('',(0.,0.,1.));
#3784 = DIRECTION('',(1.,0.,0.));
#3785 = ADVANCED_FACE('',(#3786),#3804,.T.);
#3786 = FACE_BOUND('',#3787,.T.);
#3787 = EDGE_LOOP('',(#3788,#3796,#3797,#3798));
#3788 = ORIENTED_EDGE('',*,*,#3789,.F.);
#3789 = EDGE_CURVE('',#2739,#3790,#3792,.T.);
#3790 = VERTEX_POINT('',#3791);
#3791 = CARTESIAN_POINT('',(-7.16040365499,0.6,6.8));
#3792 = LINE('',#3793,#3794);
#3793 = CARTESIAN_POINT('',(-11.9,0.6,6.8));
#3794 = VECTOR('',#3795,1.);
#3795 = DIRECTION('',(1.,0.,0.));
#3796 = ORIENTED_EDGE('',*,*,#2746,.T.);
#3797 = ORIENTED_EDGE('',*,*,#3748,.T.);
#3798 = ORIENTED_EDGE('',*,*,#3799,.T.);
#3799 = EDGE_CURVE('',#3749,#3790,#3800,.T.);
#3800 = LINE('',#3801,#3802);
#3801 = CARTESIAN_POINT('',(-7.16040365499,0.6,0.3));
#3802 = VECTOR('',#3803,1.);
#3803 = DIRECTION('',(-0.,-0.,-1.));
#3804 = PLANE('',#3805);
#3805 = AXIS2_PLACEMENT_3D('',#3806,#3807,#3808);
#3806 = CARTESIAN_POINT('',(-11.9,0.6,6.8));
#3807 = DIRECTION('',(0.,1.,0.));
#3808 = DIRECTION('',(0.,0.,1.));
#3809 = ADVANCED_FACE('',(#3810),#3829,.T.);
#3810 = FACE_BOUND('',#3811,.T.);
#3811 = EDGE_LOOP('',(#3812,#3821,#3827,#3828));
#3812 = ORIENTED_EDGE('',*,*,#3813,.F.);
#3813 = EDGE_CURVE('',#3814,#3790,#3816,.T.);
#3814 = VERTEX_POINT('',#3815);
#3815 = CARTESIAN_POINT('',(-7.16040365499,-0.6,6.8));
#3816 = CIRCLE('',#3817,3.216854249492);
#3817 = AXIS2_PLACEMENT_3D('',#3818,#3819,#3820);
#3818 = CARTESIAN_POINT('',(-4.,0.,6.8));
#3819 = DIRECTION('',(0.,0.,-1.));
#3820 = DIRECTION('',(1.,0.,0.));
#3821 = ORIENTED_EDGE('',*,*,#3822,.F.);
#3822 = EDGE_CURVE('',#2731,#3814,#3823,.T.);
#3823 = LINE('',#3824,#3825);
#3824 = CARTESIAN_POINT('',(-11.9,-0.6,6.8));
#3825 = VECTOR('',#3826,1.);
#3826 = DIRECTION('',(1.,0.,0.));
#3827 = ORIENTED_EDGE('',*,*,#2738,.T.);
#3828 = ORIENTED_EDGE('',*,*,#3789,.T.);
#3829 = PLANE('',#3830);
#3830 = AXIS2_PLACEMENT_3D('',#3831,#3832,#3833);
#3831 = CARTESIAN_POINT('',(-5.135805140258E-16,-1.347710141589E-15,6.8)
  );
#3832 = DIRECTION('',(-0.,-0.,-1.));
#3833 = DIRECTION('',(-1.,0.,0.));
#3834 = ADVANCED_FACE('',(#3835),#3853,.F.);
#3835 = FACE_BOUND('',#3836,.F.);
#3836 = EDGE_LOOP('',(#3837,#3838,#3839,#3847));
#3837 = ORIENTED_EDGE('',*,*,#3822,.F.);
#3838 = ORIENTED_EDGE('',*,*,#2730,.T.);
#3839 = ORIENTED_EDGE('',*,*,#3840,.T.);
#3840 = EDGE_CURVE('',#2723,#3841,#3843,.T.);
#3841 = VERTEX_POINT('',#3842);
#3842 = CARTESIAN_POINT('',(-7.16040365499,-0.6,8.));
#3843 = LINE('',#3844,#3845);
#3844 = CARTESIAN_POINT('',(-11.9,-0.6,8.));
#3845 = VECTOR('',#3846,1.);
#3846 = DIRECTION('',(1.,0.,0.));
#3847 = ORIENTED_EDGE('',*,*,#3848,.T.);
#3848 = EDGE_CURVE('',#3841,#3814,#3849,.T.);
#3849 = LINE('',#3850,#3851);
#3850 = CARTESIAN_POINT('',(-7.16040365499,-0.6,0.3));
#3851 = VECTOR('',#3852,1.);
#3852 = DIRECTION('',(-0.,-0.,-1.));
#3853 = PLANE('',#3854);
#3854 = AXIS2_PLACEMENT_3D('',#3855,#3856,#3857);
#3855 = CARTESIAN_POINT('',(-11.9,-0.6,6.8));
#3856 = DIRECTION('',(0.,1.,0.));
#3857 = DIRECTION('',(0.,0.,1.));
#3858 = ADVANCED_FACE('',(#3859),#3895,.F.);
#3859 = FACE_BOUND('',#3860,.F.);
#3860 = EDGE_LOOP('',(#3861,#3862,#3870,#3879,#3887,#3894));
#3861 = ORIENTED_EDGE('',*,*,#2722,.F.);
#3862 = ORIENTED_EDGE('',*,*,#3863,.T.);
#3863 = EDGE_CURVE('',#2715,#3864,#3866,.T.);
#3864 = VERTEX_POINT('',#3865);
#3865 = CARTESIAN_POINT('',(-7.16040365499,-7.4,8.));
#3866 = LINE('',#3867,#3868);
#3867 = CARTESIAN_POINT('',(-11.9,-7.4,8.));
#3868 = VECTOR('',#3869,1.);
#3869 = DIRECTION('',(1.,0.,0.));
#3870 = ORIENTED_EDGE('',*,*,#3871,.F.);
#3871 = EDGE_CURVE('',#3872,#3864,#3874,.T.);
#3872 = VERTEX_POINT('',#3873);
#3873 = CARTESIAN_POINT('',(-4.6,-4.83959634501,8.));
#3874 = CIRCLE('',#3875,3.216854249492);
#3875 = AXIS2_PLACEMENT_3D('',#3876,#3877,#3878);
#3876 = CARTESIAN_POINT('',(-4.,-8.,8.));
#3877 = DIRECTION('',(0.,0.,1.));
#3878 = DIRECTION('',(1.,0.,0.));
#3879 = ORIENTED_EDGE('',*,*,#3880,.T.);
#3880 = EDGE_CURVE('',#3872,#3881,#3883,.T.);
#3881 = VERTEX_POINT('',#3882);
#3882 = CARTESIAN_POINT('',(-4.6,-3.16040365499,8.));
#3883 = LINE('',#3884,#3885);
#3884 = CARTESIAN_POINT('',(-4.6,-31.9,8.));
#3885 = VECTOR('',#3886,1.);
#3886 = DIRECTION('',(0.,1.,0.));
#3887 = ORIENTED_EDGE('',*,*,#3888,.F.);
#3888 = EDGE_CURVE('',#3841,#3881,#3889,.T.);
#3889 = CIRCLE('',#3890,3.216854249492);
#3890 = AXIS2_PLACEMENT_3D('',#3891,#3892,#3893);
#3891 = CARTESIAN_POINT('',(-4.,0.,8.));
#3892 = DIRECTION('',(0.,0.,1.));
#3893 = DIRECTION('',(1.,0.,0.));
#3894 = ORIENTED_EDGE('',*,*,#3840,.F.);
#3895 = PLANE('',#3896);
#3896 = AXIS2_PLACEMENT_3D('',#3897,#3898,#3899);
#3897 = CARTESIAN_POINT('',(-2.348336594912,5.648884274022E-16,8.));
#3898 = DIRECTION('',(0.,0.,1.));
#3899 = DIRECTION('',(1.,0.,0.));
#3900 = ADVANCED_FACE('',(#3901),#3919,.T.);
#3901 = FACE_BOUND('',#3902,.T.);
#3902 = EDGE_LOOP('',(#3903,#3911,#3912,#3913));
#3903 = ORIENTED_EDGE('',*,*,#3904,.F.);
#3904 = EDGE_CURVE('',#2707,#3905,#3907,.T.);
#3905 = VERTEX_POINT('',#3906);
#3906 = CARTESIAN_POINT('',(-7.16040365499,-7.4,6.8));
#3907 = LINE('',#3908,#3909);
#3908 = CARTESIAN_POINT('',(-11.9,-7.4,6.8));
#3909 = VECTOR('',#3910,1.);
#3910 = DIRECTION('',(1.,0.,0.));
#3911 = ORIENTED_EDGE('',*,*,#2714,.T.);
#3912 = ORIENTED_EDGE('',*,*,#3863,.T.);
#3913 = ORIENTED_EDGE('',*,*,#3914,.T.);
#3914 = EDGE_CURVE('',#3864,#3905,#3915,.T.);
#3915 = LINE('',#3916,#3917);
#3916 = CARTESIAN_POINT('',(-7.16040365499,-7.4,0.3));
#3917 = VECTOR('',#3918,1.);
#3918 = DIRECTION('',(-0.,-0.,-1.));
#3919 = PLANE('',#3920);
#3920 = AXIS2_PLACEMENT_3D('',#3921,#3922,#3923);
#3921 = CARTESIAN_POINT('',(-11.9,-7.4,6.8));
#3922 = DIRECTION('',(0.,1.,0.));
#3923 = DIRECTION('',(0.,0.,1.));
#3924 = ADVANCED_FACE('',(#3925),#3944,.T.);
#3925 = FACE_BOUND('',#3926,.T.);
#3926 = EDGE_LOOP('',(#3927,#3936,#3942,#3943));
#3927 = ORIENTED_EDGE('',*,*,#3928,.F.);
#3928 = EDGE_CURVE('',#3929,#3905,#3931,.T.);
#3929 = VERTEX_POINT('',#3930);
#3930 = CARTESIAN_POINT('',(-7.16040365499,-8.6,6.8));
#3931 = CIRCLE('',#3932,3.216854249492);
#3932 = AXIS2_PLACEMENT_3D('',#3933,#3934,#3935);
#3933 = CARTESIAN_POINT('',(-4.,-8.,6.8));
#3934 = DIRECTION('',(0.,0.,-1.));
#3935 = DIRECTION('',(1.,0.,0.));
#3936 = ORIENTED_EDGE('',*,*,#3937,.F.);
#3937 = EDGE_CURVE('',#2699,#3929,#3938,.T.);
#3938 = LINE('',#3939,#3940);
#3939 = CARTESIAN_POINT('',(-11.9,-8.6,6.8));
#3940 = VECTOR('',#3941,1.);
#3941 = DIRECTION('',(1.,0.,0.));
#3942 = ORIENTED_EDGE('',*,*,#2706,.T.);
#3943 = ORIENTED_EDGE('',*,*,#3904,.T.);
#3944 = PLANE('',#3945);
#3945 = AXIS2_PLACEMENT_3D('',#3946,#3947,#3948);
#3946 = CARTESIAN_POINT('',(-5.135805140258E-16,-1.347710141589E-15,6.8)
  );
#3947 = DIRECTION('',(-0.,-0.,-1.));
#3948 = DIRECTION('',(-1.,0.,0.));
#3949 = ADVANCED_FACE('',(#3950),#3968,.F.);
#3950 = FACE_BOUND('',#3951,.F.);
#3951 = EDGE_LOOP('',(#3952,#3953,#3954,#3962));
#3952 = ORIENTED_EDGE('',*,*,#3937,.F.);
#3953 = ORIENTED_EDGE('',*,*,#2698,.T.);
#3954 = ORIENTED_EDGE('',*,*,#3955,.T.);
#3955 = EDGE_CURVE('',#2691,#3956,#3958,.T.);
#3956 = VERTEX_POINT('',#3957);
#3957 = CARTESIAN_POINT('',(-7.16040365499,-8.6,8.));
#3958 = LINE('',#3959,#3960);
#3959 = CARTESIAN_POINT('',(-11.9,-8.6,8.));
#3960 = VECTOR('',#3961,1.);
#3961 = DIRECTION('',(1.,0.,0.));
#3962 = ORIENTED_EDGE('',*,*,#3963,.T.);
#3963 = EDGE_CURVE('',#3956,#3929,#3964,.T.);
#3964 = LINE('',#3965,#3966);
#3965 = CARTESIAN_POINT('',(-7.16040365499,-8.6,0.3));
#3966 = VECTOR('',#3967,1.);
#3967 = DIRECTION('',(-0.,-0.,-1.));
#3968 = PLANE('',#3969);
#3969 = AXIS2_PLACEMENT_3D('',#3970,#3971,#3972);
#3970 = CARTESIAN_POINT('',(-11.9,-8.6,6.8));
#3971 = DIRECTION('',(0.,1.,0.));
#3972 = DIRECTION('',(0.,0.,1.));
#3973 = ADVANCED_FACE('',(#3974),#4010,.F.);
#3974 = FACE_BOUND('',#3975,.F.);
#3975 = EDGE_LOOP('',(#3976,#3977,#3985,#3994,#4002,#4009));
#3976 = ORIENTED_EDGE('',*,*,#2690,.F.);
#3977 = ORIENTED_EDGE('',*,*,#3978,.T.);
#3978 = EDGE_CURVE('',#2683,#3979,#3981,.T.);
#3979 = VERTEX_POINT('',#3980);
#3980 = CARTESIAN_POINT('',(-7.16040365499,-15.4,8.));
#3981 = LINE('',#3982,#3983);
#3982 = CARTESIAN_POINT('',(-11.9,-15.4,8.));
#3983 = VECTOR('',#3984,1.);
#3984 = DIRECTION('',(1.,0.,0.));
#3985 = ORIENTED_EDGE('',*,*,#3986,.F.);
#3986 = EDGE_CURVE('',#3987,#3979,#3989,.T.);
#3987 = VERTEX_POINT('',#3988);
#3988 = CARTESIAN_POINT('',(-4.6,-12.83959634501,8.));
#3989 = CIRCLE('',#3990,3.216854249492);
#3990 = AXIS2_PLACEMENT_3D('',#3991,#3992,#3993);
#3991 = CARTESIAN_POINT('',(-4.,-16.,8.));
#3992 = DIRECTION('',(0.,0.,1.));
#3993 = DIRECTION('',(1.,0.,0.));
#3994 = ORIENTED_EDGE('',*,*,#3995,.T.);
#3995 = EDGE_CURVE('',#3987,#3996,#3998,.T.);
#3996 = VERTEX_POINT('',#3997);
#3997 = CARTESIAN_POINT('',(-4.6,-11.16040365499,8.));
#3998 = LINE('',#3999,#4000);
#3999 = CARTESIAN_POINT('',(-4.6,-31.9,8.));
#4000 = VECTOR('',#4001,1.);
#4001 = DIRECTION('',(0.,1.,0.));
#4002 = ORIENTED_EDGE('',*,*,#4003,.F.);
#4003 = EDGE_CURVE('',#3956,#3996,#4004,.T.);
#4004 = CIRCLE('',#4005,3.216854249492);
#4005 = AXIS2_PLACEMENT_3D('',#4006,#4007,#4008);
#4006 = CARTESIAN_POINT('',(-4.,-8.,8.));
#4007 = DIRECTION('',(0.,0.,1.));
#4008 = DIRECTION('',(1.,0.,0.));
#4009 = ORIENTED_EDGE('',*,*,#3955,.F.);
#4010 = PLANE('',#4011);
#4011 = AXIS2_PLACEMENT_3D('',#4012,#4013,#4014);
#4012 = CARTESIAN_POINT('',(-2.348336594912,5.648884274022E-16,8.));
#4013 = DIRECTION('',(0.,0.,1.));
#4014 = DIRECTION('',(1.,0.,0.));
#4015 = ADVANCED_FACE('',(#4016),#4034,.T.);
#4016 = FACE_BOUND('',#4017,.T.);
#4017 = EDGE_LOOP('',(#4018,#4026,#4027,#4028));
#4018 = ORIENTED_EDGE('',*,*,#4019,.F.);
#4019 = EDGE_CURVE('',#2675,#4020,#4022,.T.);
#4020 = VERTEX_POINT('',#4021);
#4021 = CARTESIAN_POINT('',(-7.16040365499,-15.4,6.8));
#4022 = LINE('',#4023,#4024);
#4023 = CARTESIAN_POINT('',(-11.9,-15.4,6.8));
#4024 = VECTOR('',#4025,1.);
#4025 = DIRECTION('',(1.,0.,0.));
#4026 = ORIENTED_EDGE('',*,*,#2682,.T.);
#4027 = ORIENTED_EDGE('',*,*,#3978,.T.);
#4028 = ORIENTED_EDGE('',*,*,#4029,.T.);
#4029 = EDGE_CURVE('',#3979,#4020,#4030,.T.);
#4030 = LINE('',#4031,#4032);
#4031 = CARTESIAN_POINT('',(-7.16040365499,-15.4,0.3));
#4032 = VECTOR('',#4033,1.);
#4033 = DIRECTION('',(-0.,-0.,-1.));
#4034 = PLANE('',#4035);
#4035 = AXIS2_PLACEMENT_3D('',#4036,#4037,#4038);
#4036 = CARTESIAN_POINT('',(-11.9,-15.4,6.8));
#4037 = DIRECTION('',(0.,1.,0.));
#4038 = DIRECTION('',(0.,0.,1.));
#4039 = ADVANCED_FACE('',(#4040),#4059,.T.);
#4040 = FACE_BOUND('',#4041,.T.);
#4041 = EDGE_LOOP('',(#4042,#4051,#4057,#4058));
#4042 = ORIENTED_EDGE('',*,*,#4043,.F.);
#4043 = EDGE_CURVE('',#4044,#4020,#4046,.T.);
#4044 = VERTEX_POINT('',#4045);
#4045 = CARTESIAN_POINT('',(-7.16040365499,-16.6,6.8));
#4046 = CIRCLE('',#4047,3.216854249492);
#4047 = AXIS2_PLACEMENT_3D('',#4048,#4049,#4050);
#4048 = CARTESIAN_POINT('',(-4.,-16.,6.8));
#4049 = DIRECTION('',(0.,0.,-1.));
#4050 = DIRECTION('',(1.,0.,0.));
#4051 = ORIENTED_EDGE('',*,*,#4052,.F.);
#4052 = EDGE_CURVE('',#2667,#4044,#4053,.T.);
#4053 = LINE('',#4054,#4055);
#4054 = CARTESIAN_POINT('',(-11.9,-16.6,6.8));
#4055 = VECTOR('',#4056,1.);
#4056 = DIRECTION('',(1.,0.,0.));
#4057 = ORIENTED_EDGE('',*,*,#2674,.T.);
#4058 = ORIENTED_EDGE('',*,*,#4019,.T.);
#4059 = PLANE('',#4060);
#4060 = AXIS2_PLACEMENT_3D('',#4061,#4062,#4063);
#4061 = CARTESIAN_POINT('',(-5.135805140258E-16,-1.347710141589E-15,6.8)
  );
#4062 = DIRECTION('',(-0.,-0.,-1.));
#4063 = DIRECTION('',(-1.,0.,0.));
#4064 = ADVANCED_FACE('',(#4065),#4083,.F.);
#4065 = FACE_BOUND('',#4066,.F.);
#4066 = EDGE_LOOP('',(#4067,#4068,#4069,#4077));
#4067 = ORIENTED_EDGE('',*,*,#4052,.F.);
#4068 = ORIENTED_EDGE('',*,*,#2666,.T.);
#4069 = ORIENTED_EDGE('',*,*,#4070,.T.);
#4070 = EDGE_CURVE('',#2659,#4071,#4073,.T.);
#4071 = VERTEX_POINT('',#4072);
#4072 = CARTESIAN_POINT('',(-7.16040365499,-16.6,8.));
#4073 = LINE('',#4074,#4075);
#4074 = CARTESIAN_POINT('',(-11.9,-16.6,8.));
#4075 = VECTOR('',#4076,1.);
#4076 = DIRECTION('',(1.,0.,0.));
#4077 = ORIENTED_EDGE('',*,*,#4078,.T.);
#4078 = EDGE_CURVE('',#4071,#4044,#4079,.T.);
#4079 = LINE('',#4080,#4081);
#4080 = CARTESIAN_POINT('',(-7.16040365499,-16.6,0.3));
#4081 = VECTOR('',#4082,1.);
#4082 = DIRECTION('',(-0.,-0.,-1.));
#4083 = PLANE('',#4084);
#4084 = AXIS2_PLACEMENT_3D('',#4085,#4086,#4087);
#4085 = CARTESIAN_POINT('',(-11.9,-16.6,6.8));
#4086 = DIRECTION('',(0.,1.,0.));
#4087 = DIRECTION('',(0.,0.,1.));
#4088 = ADVANCED_FACE('',(#4089),#4125,.F.);
#4089 = FACE_BOUND('',#4090,.F.);
#4090 = EDGE_LOOP('',(#4091,#4092,#4100,#4109,#4117,#4124));
#4091 = ORIENTED_EDGE('',*,*,#2658,.F.);
#4092 = ORIENTED_EDGE('',*,*,#4093,.T.);
#4093 = EDGE_CURVE('',#2651,#4094,#4096,.T.);
#4094 = VERTEX_POINT('',#4095);
#4095 = CARTESIAN_POINT('',(-7.16040365499,-23.4,8.));
#4096 = LINE('',#4097,#4098);
#4097 = CARTESIAN_POINT('',(-11.9,-23.4,8.));
#4098 = VECTOR('',#4099,1.);
#4099 = DIRECTION('',(1.,0.,0.));
#4100 = ORIENTED_EDGE('',*,*,#4101,.F.);
#4101 = EDGE_CURVE('',#4102,#4094,#4104,.T.);
#4102 = VERTEX_POINT('',#4103);
#4103 = CARTESIAN_POINT('',(-4.6,-20.83959634501,8.));
#4104 = CIRCLE('',#4105,3.216854249492);
#4105 = AXIS2_PLACEMENT_3D('',#4106,#4107,#4108);
#4106 = CARTESIAN_POINT('',(-4.,-24.,8.));
#4107 = DIRECTION('',(0.,0.,1.));
#4108 = DIRECTION('',(1.,0.,0.));
#4109 = ORIENTED_EDGE('',*,*,#4110,.T.);
#4110 = EDGE_CURVE('',#4102,#4111,#4113,.T.);
#4111 = VERTEX_POINT('',#4112);
#4112 = CARTESIAN_POINT('',(-4.6,-19.16040365499,8.));
#4113 = LINE('',#4114,#4115);
#4114 = CARTESIAN_POINT('',(-4.6,-31.9,8.));
#4115 = VECTOR('',#4116,1.);
#4116 = DIRECTION('',(0.,1.,0.));
#4117 = ORIENTED_EDGE('',*,*,#4118,.F.);
#4118 = EDGE_CURVE('',#4071,#4111,#4119,.T.);
#4119 = CIRCLE('',#4120,3.216854249492);
#4120 = AXIS2_PLACEMENT_3D('',#4121,#4122,#4123);
#4121 = CARTESIAN_POINT('',(-4.,-16.,8.));
#4122 = DIRECTION('',(0.,0.,1.));
#4123 = DIRECTION('',(1.,0.,0.));
#4124 = ORIENTED_EDGE('',*,*,#4070,.F.);
#4125 = PLANE('',#4126);
#4126 = AXIS2_PLACEMENT_3D('',#4127,#4128,#4129);
#4127 = CARTESIAN_POINT('',(-2.348336594912,5.648884274022E-16,8.));
#4128 = DIRECTION('',(0.,0.,1.));
#4129 = DIRECTION('',(1.,0.,0.));
#4130 = ADVANCED_FACE('',(#4131),#4149,.T.);
#4131 = FACE_BOUND('',#4132,.T.);
#4132 = EDGE_LOOP('',(#4133,#4141,#4142,#4143));
#4133 = ORIENTED_EDGE('',*,*,#4134,.F.);
#4134 = EDGE_CURVE('',#2643,#4135,#4137,.T.);
#4135 = VERTEX_POINT('',#4136);
#4136 = CARTESIAN_POINT('',(-7.16040365499,-23.4,6.8));
#4137 = LINE('',#4138,#4139);
#4138 = CARTESIAN_POINT('',(-11.9,-23.4,6.8));
#4139 = VECTOR('',#4140,1.);
#4140 = DIRECTION('',(1.,0.,0.));
#4141 = ORIENTED_EDGE('',*,*,#2650,.T.);
#4142 = ORIENTED_EDGE('',*,*,#4093,.T.);
#4143 = ORIENTED_EDGE('',*,*,#4144,.T.);
#4144 = EDGE_CURVE('',#4094,#4135,#4145,.T.);
#4145 = LINE('',#4146,#4147);
#4146 = CARTESIAN_POINT('',(-7.16040365499,-23.4,0.3));
#4147 = VECTOR('',#4148,1.);
#4148 = DIRECTION('',(-0.,-0.,-1.));
#4149 = PLANE('',#4150);
#4150 = AXIS2_PLACEMENT_3D('',#4151,#4152,#4153);
#4151 = CARTESIAN_POINT('',(-11.9,-23.4,6.8));
#4152 = DIRECTION('',(0.,1.,0.));
#4153 = DIRECTION('',(0.,0.,1.));
#4154 = ADVANCED_FACE('',(#4155),#4174,.T.);
#4155 = FACE_BOUND('',#4156,.T.);
#4156 = EDGE_LOOP('',(#4157,#4166,#4172,#4173));
#4157 = ORIENTED_EDGE('',*,*,#4158,.F.);
#4158 = EDGE_CURVE('',#4159,#4135,#4161,.T.);
#4159 = VERTEX_POINT('',#4160);
#4160 = CARTESIAN_POINT('',(-7.160403654991,-24.6,6.8));
#4161 = CIRCLE('',#4162,3.216854249492);
#4162 = AXIS2_PLACEMENT_3D('',#4163,#4164,#4165);
#4163 = CARTESIAN_POINT('',(-4.,-24.,6.8));
#4164 = DIRECTION('',(0.,0.,-1.));
#4165 = DIRECTION('',(1.,0.,0.));
#4166 = ORIENTED_EDGE('',*,*,#4167,.F.);
#4167 = EDGE_CURVE('',#2635,#4159,#4168,.T.);
#4168 = LINE('',#4169,#4170);
#4169 = CARTESIAN_POINT('',(-11.9,-24.6,6.8));
#4170 = VECTOR('',#4171,1.);
#4171 = DIRECTION('',(1.,0.,0.));
#4172 = ORIENTED_EDGE('',*,*,#2642,.T.);
#4173 = ORIENTED_EDGE('',*,*,#4134,.T.);
#4174 = PLANE('',#4175);
#4175 = AXIS2_PLACEMENT_3D('',#4176,#4177,#4178);
#4176 = CARTESIAN_POINT('',(-5.135805140258E-16,-1.347710141589E-15,6.8)
  );
#4177 = DIRECTION('',(-0.,-0.,-1.));
#4178 = DIRECTION('',(-1.,0.,0.));
#4179 = ADVANCED_FACE('',(#4180),#4198,.F.);
#4180 = FACE_BOUND('',#4181,.F.);
#4181 = EDGE_LOOP('',(#4182,#4183,#4184,#4192));
#4182 = ORIENTED_EDGE('',*,*,#4167,.F.);
#4183 = ORIENTED_EDGE('',*,*,#2634,.T.);
#4184 = ORIENTED_EDGE('',*,*,#4185,.T.);
#4185 = EDGE_CURVE('',#2627,#4186,#4188,.T.);
#4186 = VERTEX_POINT('',#4187);
#4187 = CARTESIAN_POINT('',(-7.16040365499,-24.6,8.));
#4188 = LINE('',#4189,#4190);
#4189 = CARTESIAN_POINT('',(-11.9,-24.6,8.));
#4190 = VECTOR('',#4191,1.);
#4191 = DIRECTION('',(1.,0.,0.));
#4192 = ORIENTED_EDGE('',*,*,#4193,.T.);
#4193 = EDGE_CURVE('',#4186,#4159,#4194,.T.);
#4194 = LINE('',#4195,#4196);
#4195 = CARTESIAN_POINT('',(-7.16040365499,-24.6,0.3));
#4196 = VECTOR('',#4197,1.);
#4197 = DIRECTION('',(-0.,-0.,-1.));
#4198 = PLANE('',#4199);
#4199 = AXIS2_PLACEMENT_3D('',#4200,#4201,#4202);
#4200 = CARTESIAN_POINT('',(-11.9,-24.6,6.8));
#4201 = DIRECTION('',(0.,1.,0.));
#4202 = DIRECTION('',(0.,0.,1.));
#4203 = ADVANCED_FACE('',(#4204),#4224,.F.);
#4204 = FACE_BOUND('',#4205,.F.);
#4205 = EDGE_LOOP('',(#4206,#4207,#4208,#4216,#4223));
#4206 = ORIENTED_EDGE('',*,*,#2626,.F.);
#4207 = ORIENTED_EDGE('',*,*,#3364,.T.);
#4208 = ORIENTED_EDGE('',*,*,#4209,.T.);
#4209 = EDGE_CURVE('',#3365,#4210,#4212,.T.);
#4210 = VERTEX_POINT('',#4211);
#4211 = CARTESIAN_POINT('',(-4.6,-27.16040365499,8.));
#4212 = LINE('',#4213,#4214);
#4213 = CARTESIAN_POINT('',(-4.6,-31.9,8.));
#4214 = VECTOR('',#4215,1.);
#4215 = DIRECTION('',(0.,1.,0.));
#4216 = ORIENTED_EDGE('',*,*,#4217,.F.);
#4217 = EDGE_CURVE('',#4186,#4210,#4218,.T.);
#4218 = CIRCLE('',#4219,3.216854249492);
#4219 = AXIS2_PLACEMENT_3D('',#4220,#4221,#4222);
#4220 = CARTESIAN_POINT('',(-4.,-24.,8.));
#4221 = DIRECTION('',(0.,0.,1.));
#4222 = DIRECTION('',(1.,0.,0.));
#4223 = ORIENTED_EDGE('',*,*,#4185,.F.);
#4224 = PLANE('',#4225);
#4225 = AXIS2_PLACEMENT_3D('',#4226,#4227,#4228);
#4226 = CARTESIAN_POINT('',(-2.348336594912,5.648884274022E-16,8.));
#4227 = DIRECTION('',(0.,0.,1.));
#4228 = DIRECTION('',(1.,0.,0.));
#4229 = ADVANCED_FACE('',(#4230),#4257,.F.);
#4230 = FACE_BOUND('',#4231,.F.);
#4231 = EDGE_LOOP('',(#4232,#4233,#4241,#4250,#4256));
#4232 = ORIENTED_EDGE('',*,*,#2920,.F.);
#4233 = ORIENTED_EDGE('',*,*,#4234,.F.);
#4234 = EDGE_CURVE('',#4235,#2913,#4237,.T.);
#4235 = VERTEX_POINT('',#4236);
#4236 = CARTESIAN_POINT('',(-3.4,27.16040365499,8.));
#4237 = LINE('',#4238,#4239);
#4238 = CARTESIAN_POINT('',(-3.4,-31.9,8.));
#4239 = VECTOR('',#4240,1.);
#4240 = DIRECTION('',(0.,1.,0.));
#4241 = ORIENTED_EDGE('',*,*,#4242,.F.);
#4242 = EDGE_CURVE('',#4243,#4235,#4245,.T.);
#4243 = VERTEX_POINT('',#4244);
#4244 = CARTESIAN_POINT('',(-0.83959634501,24.6,8.));
#4245 = CIRCLE('',#4246,3.216854249492);
#4246 = AXIS2_PLACEMENT_3D('',#4247,#4248,#4249);
#4247 = CARTESIAN_POINT('',(-4.,24.,8.));
#4248 = DIRECTION('',(0.,0.,1.));
#4249 = DIRECTION('',(1.,0.,0.));
#4250 = ORIENTED_EDGE('',*,*,#4251,.T.);
#4251 = EDGE_CURVE('',#4243,#2958,#4252,.T.);
#4252 = LINE('',#4253,#4254);
#4253 = CARTESIAN_POINT('',(-11.9,24.6,8.));
#4254 = VECTOR('',#4255,1.);
#4255 = DIRECTION('',(1.,0.,0.));
#4256 = ORIENTED_EDGE('',*,*,#2957,.T.);
#4257 = PLANE('',#4258);
#4258 = AXIS2_PLACEMENT_3D('',#4259,#4260,#4261);
#4259 = CARTESIAN_POINT('',(-2.348336594912,5.648884274022E-16,8.));
#4260 = DIRECTION('',(0.,0.,1.));
#4261 = DIRECTION('',(1.,0.,0.));
#4262 = ADVANCED_FACE('',(#4263),#4281,.T.);
#4263 = FACE_BOUND('',#4264,.T.);
#4264 = EDGE_LOOP('',(#4265,#4266,#4274,#4280));
#4265 = ORIENTED_EDGE('',*,*,#4234,.F.);
#4266 = ORIENTED_EDGE('',*,*,#4267,.T.);
#4267 = EDGE_CURVE('',#4235,#4268,#4270,.T.);
#4268 = VERTEX_POINT('',#4269);
#4269 = CARTESIAN_POINT('',(-3.4,27.160403654991,6.8));
#4270 = LINE('',#4271,#4272);
#4271 = CARTESIAN_POINT('',(-3.4,27.16040365499,0.3));
#4272 = VECTOR('',#4273,1.);
#4273 = DIRECTION('',(-0.,-0.,-1.));
#4274 = ORIENTED_EDGE('',*,*,#4275,.T.);
#4275 = EDGE_CURVE('',#4268,#2905,#4276,.T.);
#4276 = LINE('',#4277,#4278);
#4277 = CARTESIAN_POINT('',(-3.4,-31.9,6.8));
#4278 = VECTOR('',#4279,1.);
#4279 = DIRECTION('',(0.,1.,0.));
#4280 = ORIENTED_EDGE('',*,*,#2912,.T.);
#4281 = PLANE('',#4282);
#4282 = AXIS2_PLACEMENT_3D('',#4283,#4284,#4285);
#4283 = CARTESIAN_POINT('',(-3.4,-31.9,6.8));
#4284 = DIRECTION('',(1.,0.,0.));
#4285 = DIRECTION('',(0.,0.,1.));
#4286 = ADVANCED_FACE('',(#4287),#4306,.T.);
#4287 = FACE_BOUND('',#4288,.T.);
#4288 = EDGE_LOOP('',(#4289,#4298,#4304,#4305));
#4289 = ORIENTED_EDGE('',*,*,#4290,.F.);
#4290 = EDGE_CURVE('',#4291,#4268,#4293,.T.);
#4291 = VERTEX_POINT('',#4292);
#4292 = CARTESIAN_POINT('',(-4.6,27.160403654991,6.8));
#4293 = CIRCLE('',#4294,3.216854249492);
#4294 = AXIS2_PLACEMENT_3D('',#4295,#4296,#4297);
#4295 = CARTESIAN_POINT('',(-4.,24.,6.8));
#4296 = DIRECTION('',(0.,0.,-1.));
#4297 = DIRECTION('',(1.,0.,0.));
#4298 = ORIENTED_EDGE('',*,*,#4299,.T.);
#4299 = EDGE_CURVE('',#4291,#2897,#4300,.T.);
#4300 = LINE('',#4301,#4302);
#4301 = CARTESIAN_POINT('',(-4.6,-31.9,6.8));
#4302 = VECTOR('',#4303,1.);
#4303 = DIRECTION('',(0.,1.,0.));
#4304 = ORIENTED_EDGE('',*,*,#2904,.T.);
#4305 = ORIENTED_EDGE('',*,*,#4275,.F.);
#4306 = PLANE('',#4307);
#4307 = AXIS2_PLACEMENT_3D('',#4308,#4309,#4310);
#4308 = CARTESIAN_POINT('',(-5.135805140258E-16,-1.347710141589E-15,6.8)
  );
#4309 = DIRECTION('',(-0.,-0.,-1.));
#4310 = DIRECTION('',(-1.,0.,0.));
#4311 = ADVANCED_FACE('',(#4312),#4323,.F.);
#4312 = FACE_BOUND('',#4313,.F.);
#4313 = EDGE_LOOP('',(#4314,#4315,#4321,#4322));
#4314 = ORIENTED_EDGE('',*,*,#3429,.F.);
#4315 = ORIENTED_EDGE('',*,*,#4316,.T.);
#4316 = EDGE_CURVE('',#3421,#4291,#4317,.T.);
#4317 = LINE('',#4318,#4319);
#4318 = CARTESIAN_POINT('',(-4.6,27.16040365499,0.3));
#4319 = VECTOR('',#4320,1.);
#4320 = DIRECTION('',(-0.,-0.,-1.));
#4321 = ORIENTED_EDGE('',*,*,#4299,.T.);
#4322 = ORIENTED_EDGE('',*,*,#2896,.T.);
#4323 = PLANE('',#4324);
#4324 = AXIS2_PLACEMENT_3D('',#4325,#4326,#4327);
#4325 = CARTESIAN_POINT('',(-4.6,-31.9,6.8));
#4326 = DIRECTION('',(1.,0.,0.));
#4327 = DIRECTION('',(0.,0.,1.));
#4328 = ADVANCED_FACE('',(#4329),#4390,.F.);
#4329 = FACE_BOUND('',#4330,.F.);
#4330 = EDGE_LOOP('',(#4331,#4341,#4350,#4358,#4367,#4373,#4374,#4375,
    #4383));
#4331 = ORIENTED_EDGE('',*,*,#4332,.F.);
#4332 = EDGE_CURVE('',#4333,#4335,#4337,.T.);
#4333 = VERTEX_POINT('',#4334);
#4334 = CARTESIAN_POINT('',(-3.4,3.16040365499,8.));
#4335 = VERTEX_POINT('',#4336);
#4336 = CARTESIAN_POINT('',(-3.4,4.83959634501,8.));
#4337 = LINE('',#4338,#4339);
#4338 = CARTESIAN_POINT('',(-3.4,-31.9,8.));
#4339 = VECTOR('',#4340,1.);
#4340 = DIRECTION('',(0.,1.,0.));
#4341 = ORIENTED_EDGE('',*,*,#4342,.F.);
#4342 = EDGE_CURVE('',#4343,#4333,#4345,.T.);
#4343 = VERTEX_POINT('',#4344);
#4344 = CARTESIAN_POINT('',(-0.83959634501,0.6,8.));
#4345 = CIRCLE('',#4346,3.216854249492);
#4346 = AXIS2_PLACEMENT_3D('',#4347,#4348,#4349);
#4347 = CARTESIAN_POINT('',(-4.,0.,8.));
#4348 = DIRECTION('',(0.,0.,1.));
#4349 = DIRECTION('',(1.,0.,0.));
#4350 = ORIENTED_EDGE('',*,*,#4351,.T.);
#4351 = EDGE_CURVE('',#4343,#4352,#4354,.T.);
#4352 = VERTEX_POINT('',#4353);
#4353 = CARTESIAN_POINT('',(0.83959634501,0.6,8.));
#4354 = LINE('',#4355,#4356);
#4355 = CARTESIAN_POINT('',(-11.9,0.6,8.));
#4356 = VECTOR('',#4357,1.);
#4357 = DIRECTION('',(1.,0.,0.));
#4358 = ORIENTED_EDGE('',*,*,#4359,.F.);
#4359 = EDGE_CURVE('',#4360,#4352,#4362,.T.);
#4360 = VERTEX_POINT('',#4361);
#4361 = CARTESIAN_POINT('',(3.4,3.16040365499,8.));
#4362 = CIRCLE('',#4363,3.216854249492);
#4363 = AXIS2_PLACEMENT_3D('',#4364,#4365,#4366);
#4364 = CARTESIAN_POINT('',(4.,0.,8.));
#4365 = DIRECTION('',(0.,0.,1.));
#4366 = DIRECTION('',(1.,0.,0.));
#4367 = ORIENTED_EDGE('',*,*,#4368,.T.);
#4368 = EDGE_CURVE('',#4360,#3070,#4369,.T.);
#4369 = LINE('',#4370,#4371);
#4370 = CARTESIAN_POINT('',(3.4,-31.9,8.));
#4371 = VECTOR('',#4372,1.);
#4372 = DIRECTION('',(0.,1.,0.));
#4373 = ORIENTED_EDGE('',*,*,#3069,.F.);
#4374 = ORIENTED_EDGE('',*,*,#3053,.T.);
#4375 = ORIENTED_EDGE('',*,*,#4376,.F.);
#4376 = EDGE_CURVE('',#4377,#3046,#4379,.T.);
#4377 = VERTEX_POINT('',#4378);
#4378 = CARTESIAN_POINT('',(-0.83959634501,7.4,8.));
#4379 = LINE('',#4380,#4381);
#4380 = CARTESIAN_POINT('',(-11.9,7.4,8.));
#4381 = VECTOR('',#4382,1.);
#4382 = DIRECTION('',(1.,0.,0.));
#4383 = ORIENTED_EDGE('',*,*,#4384,.F.);
#4384 = EDGE_CURVE('',#4335,#4377,#4385,.T.);
#4385 = CIRCLE('',#4386,3.216854249492);
#4386 = AXIS2_PLACEMENT_3D('',#4387,#4388,#4389);
#4387 = CARTESIAN_POINT('',(-4.,8.,8.));
#4388 = DIRECTION('',(0.,0.,1.));
#4389 = DIRECTION('',(1.,0.,0.));
#4390 = PLANE('',#4391);
#4391 = AXIS2_PLACEMENT_3D('',#4392,#4393,#4394);
#4392 = CARTESIAN_POINT('',(-2.348336594912,5.648884274022E-16,8.));
#4393 = DIRECTION('',(0.,0.,1.));
#4394 = DIRECTION('',(1.,0.,0.));
#4395 = ADVANCED_FACE('',(#4396),#4414,.F.);
#4396 = FACE_BOUND('',#4397,.F.);
#4397 = EDGE_LOOP('',(#4398,#4406,#4412,#4413));
#4398 = ORIENTED_EDGE('',*,*,#4399,.F.);
#4399 = EDGE_CURVE('',#4400,#3038,#4402,.T.);
#4400 = VERTEX_POINT('',#4401);
#4401 = CARTESIAN_POINT('',(-0.83959634501,7.4,6.8));
#4402 = LINE('',#4403,#4404);
#4403 = CARTESIAN_POINT('',(-11.9,7.4,6.8));
#4404 = VECTOR('',#4405,1.);
#4405 = DIRECTION('',(1.,0.,0.));
#4406 = ORIENTED_EDGE('',*,*,#4407,.F.);
#4407 = EDGE_CURVE('',#4377,#4400,#4408,.T.);
#4408 = LINE('',#4409,#4410);
#4409 = CARTESIAN_POINT('',(-0.83959634501,7.4,0.3));
#4410 = VECTOR('',#4411,1.);
#4411 = DIRECTION('',(-0.,-0.,-1.));
#4412 = ORIENTED_EDGE('',*,*,#4376,.T.);
#4413 = ORIENTED_EDGE('',*,*,#3045,.T.);
#4414 = PLANE('',#4415);
#4415 = AXIS2_PLACEMENT_3D('',#4416,#4417,#4418);
#4416 = CARTESIAN_POINT('',(-11.9,7.4,6.8));
#4417 = DIRECTION('',(0.,1.,0.));
#4418 = DIRECTION('',(0.,0.,1.));
#4419 = ADVANCED_FACE('',(#4420),#4448,.T.);
#4420 = FACE_BOUND('',#4421,.T.);
#4421 = EDGE_LOOP('',(#4422,#4423,#4432,#4441,#4447));
#4422 = ORIENTED_EDGE('',*,*,#4399,.F.);
#4423 = ORIENTED_EDGE('',*,*,#4424,.F.);
#4424 = EDGE_CURVE('',#4425,#4400,#4427,.T.);
#4425 = VERTEX_POINT('',#4426);
#4426 = CARTESIAN_POINT('',(-0.783145750508,8.,6.8));
#4427 = CIRCLE('',#4428,3.216854249492);
#4428 = AXIS2_PLACEMENT_3D('',#4429,#4430,#4431);
#4429 = CARTESIAN_POINT('',(-4.,8.,6.8));
#4430 = DIRECTION('',(0.,0.,-1.));
#4431 = DIRECTION('',(1.,0.,0.));
#4432 = ORIENTED_EDGE('',*,*,#4433,.F.);
#4433 = EDGE_CURVE('',#4434,#4425,#4436,.T.);
#4434 = VERTEX_POINT('',#4435);
#4435 = CARTESIAN_POINT('',(-0.83959634501,8.6,6.8));
#4436 = CIRCLE('',#4437,3.216854249492);
#4437 = AXIS2_PLACEMENT_3D('',#4438,#4439,#4440);
#4438 = CARTESIAN_POINT('',(-4.,8.,6.8));
#4439 = DIRECTION('',(0.,0.,-1.));
#4440 = DIRECTION('',(1.,0.,0.));
#4441 = ORIENTED_EDGE('',*,*,#4442,.T.);
#4442 = EDGE_CURVE('',#4434,#3030,#4443,.T.);
#4443 = LINE('',#4444,#4445);
#4444 = CARTESIAN_POINT('',(-11.9,8.6,6.8));
#4445 = VECTOR('',#4446,1.);
#4446 = DIRECTION('',(1.,0.,0.));
#4447 = ORIENTED_EDGE('',*,*,#3037,.T.);
#4448 = PLANE('',#4449);
#4449 = AXIS2_PLACEMENT_3D('',#4450,#4451,#4452);
#4450 = CARTESIAN_POINT('',(-5.135805140258E-16,-1.347710141589E-15,6.8)
  );
#4451 = DIRECTION('',(-0.,-0.,-1.));
#4452 = DIRECTION('',(-1.,0.,0.));
#4453 = ADVANCED_FACE('',(#4454),#4472,.T.);
#4454 = FACE_BOUND('',#4455,.T.);
#4455 = EDGE_LOOP('',(#4456,#4457,#4465,#4471));
#4456 = ORIENTED_EDGE('',*,*,#4442,.F.);
#4457 = ORIENTED_EDGE('',*,*,#4458,.F.);
#4458 = EDGE_CURVE('',#4459,#4434,#4461,.T.);
#4459 = VERTEX_POINT('',#4460);
#4460 = CARTESIAN_POINT('',(-0.83959634501,8.6,8.));
#4461 = LINE('',#4462,#4463);
#4462 = CARTESIAN_POINT('',(-0.83959634501,8.6,0.3));
#4463 = VECTOR('',#4464,1.);
#4464 = DIRECTION('',(-0.,-0.,-1.));
#4465 = ORIENTED_EDGE('',*,*,#4466,.T.);
#4466 = EDGE_CURVE('',#4459,#3022,#4467,.T.);
#4467 = LINE('',#4468,#4469);
#4468 = CARTESIAN_POINT('',(-11.9,8.6,8.));
#4469 = VECTOR('',#4470,1.);
#4470 = DIRECTION('',(1.,0.,0.));
#4471 = ORIENTED_EDGE('',*,*,#3029,.T.);
#4472 = PLANE('',#4473);
#4473 = AXIS2_PLACEMENT_3D('',#4474,#4475,#4476);
#4474 = CARTESIAN_POINT('',(-11.9,8.6,6.8));
#4475 = DIRECTION('',(0.,1.,0.));
#4476 = DIRECTION('',(0.,0.,1.));
#4477 = ADVANCED_FACE('',(#4478),#4514,.F.);
#4478 = FACE_BOUND('',#4479,.F.);
#4479 = EDGE_LOOP('',(#4480,#4490,#4497,#4498,#4499,#4507));
#4480 = ORIENTED_EDGE('',*,*,#4481,.F.);
#4481 = EDGE_CURVE('',#4482,#4484,#4486,.T.);
#4482 = VERTEX_POINT('',#4483);
#4483 = CARTESIAN_POINT('',(-3.4,11.16040365499,8.));
#4484 = VERTEX_POINT('',#4485);
#4485 = CARTESIAN_POINT('',(-3.4,12.83959634501,8.));
#4486 = LINE('',#4487,#4488);
#4487 = CARTESIAN_POINT('',(-3.4,-31.9,8.));
#4488 = VECTOR('',#4489,1.);
#4489 = DIRECTION('',(0.,1.,0.));
#4490 = ORIENTED_EDGE('',*,*,#4491,.F.);
#4491 = EDGE_CURVE('',#4459,#4482,#4492,.T.);
#4492 = CIRCLE('',#4493,3.216854249492);
#4493 = AXIS2_PLACEMENT_3D('',#4494,#4495,#4496);
#4494 = CARTESIAN_POINT('',(-4.,8.,8.));
#4495 = DIRECTION('',(0.,0.,1.));
#4496 = DIRECTION('',(1.,0.,0.));
#4497 = ORIENTED_EDGE('',*,*,#4466,.T.);
#4498 = ORIENTED_EDGE('',*,*,#3021,.T.);
#4499 = ORIENTED_EDGE('',*,*,#4500,.F.);
#4500 = EDGE_CURVE('',#4501,#3014,#4503,.T.);
#4501 = VERTEX_POINT('',#4502);
#4502 = CARTESIAN_POINT('',(-0.83959634501,15.4,8.));
#4503 = LINE('',#4504,#4505);
#4504 = CARTESIAN_POINT('',(-11.9,15.4,8.));
#4505 = VECTOR('',#4506,1.);
#4506 = DIRECTION('',(1.,0.,0.));
#4507 = ORIENTED_EDGE('',*,*,#4508,.F.);
#4508 = EDGE_CURVE('',#4484,#4501,#4509,.T.);
#4509 = CIRCLE('',#4510,3.216854249492);
#4510 = AXIS2_PLACEMENT_3D('',#4511,#4512,#4513);
#4511 = CARTESIAN_POINT('',(-4.,16.,8.));
#4512 = DIRECTION('',(0.,0.,1.));
#4513 = DIRECTION('',(1.,0.,0.));
#4514 = PLANE('',#4515);
#4515 = AXIS2_PLACEMENT_3D('',#4516,#4517,#4518);
#4516 = CARTESIAN_POINT('',(-2.348336594912,5.648884274022E-16,8.));
#4517 = DIRECTION('',(0.,0.,1.));
#4518 = DIRECTION('',(1.,0.,0.));
#4519 = ADVANCED_FACE('',(#4520),#4538,.F.);
#4520 = FACE_BOUND('',#4521,.F.);
#4521 = EDGE_LOOP('',(#4522,#4530,#4536,#4537));
#4522 = ORIENTED_EDGE('',*,*,#4523,.F.);
#4523 = EDGE_CURVE('',#4524,#3006,#4526,.T.);
#4524 = VERTEX_POINT('',#4525);
#4525 = CARTESIAN_POINT('',(-0.83959634501,15.4,6.8));
#4526 = LINE('',#4527,#4528);
#4527 = CARTESIAN_POINT('',(-11.9,15.4,6.8));
#4528 = VECTOR('',#4529,1.);
#4529 = DIRECTION('',(1.,0.,0.));
#4530 = ORIENTED_EDGE('',*,*,#4531,.F.);
#4531 = EDGE_CURVE('',#4501,#4524,#4532,.T.);
#4532 = LINE('',#4533,#4534);
#4533 = CARTESIAN_POINT('',(-0.83959634501,15.4,0.3));
#4534 = VECTOR('',#4535,1.);
#4535 = DIRECTION('',(-0.,-0.,-1.));
#4536 = ORIENTED_EDGE('',*,*,#4500,.T.);
#4537 = ORIENTED_EDGE('',*,*,#3013,.T.);
#4538 = PLANE('',#4539);
#4539 = AXIS2_PLACEMENT_3D('',#4540,#4541,#4542);
#4540 = CARTESIAN_POINT('',(-11.9,15.4,6.8));
#4541 = DIRECTION('',(0.,1.,0.));
#4542 = DIRECTION('',(0.,0.,1.));
#4543 = ADVANCED_FACE('',(#4544),#4572,.T.);
#4544 = FACE_BOUND('',#4545,.T.);
#4545 = EDGE_LOOP('',(#4546,#4547,#4556,#4565,#4571));
#4546 = ORIENTED_EDGE('',*,*,#4523,.F.);
#4547 = ORIENTED_EDGE('',*,*,#4548,.F.);
#4548 = EDGE_CURVE('',#4549,#4524,#4551,.T.);
#4549 = VERTEX_POINT('',#4550);
#4550 = CARTESIAN_POINT('',(-0.783145750508,16.,6.8));
#4551 = CIRCLE('',#4552,3.216854249492);
#4552 = AXIS2_PLACEMENT_3D('',#4553,#4554,#4555);
#4553 = CARTESIAN_POINT('',(-4.,16.,6.8));
#4554 = DIRECTION('',(0.,0.,-1.));
#4555 = DIRECTION('',(1.,0.,0.));
#4556 = ORIENTED_EDGE('',*,*,#4557,.F.);
#4557 = EDGE_CURVE('',#4558,#4549,#4560,.T.);
#4558 = VERTEX_POINT('',#4559);
#4559 = CARTESIAN_POINT('',(-0.83959634501,16.6,6.8));
#4560 = CIRCLE('',#4561,3.216854249492);
#4561 = AXIS2_PLACEMENT_3D('',#4562,#4563,#4564);
#4562 = CARTESIAN_POINT('',(-4.,16.,6.8));
#4563 = DIRECTION('',(0.,0.,-1.));
#4564 = DIRECTION('',(1.,0.,0.));
#4565 = ORIENTED_EDGE('',*,*,#4566,.T.);
#4566 = EDGE_CURVE('',#4558,#2998,#4567,.T.);
#4567 = LINE('',#4568,#4569);
#4568 = CARTESIAN_POINT('',(-11.9,16.6,6.8));
#4569 = VECTOR('',#4570,1.);
#4570 = DIRECTION('',(1.,0.,0.));
#4571 = ORIENTED_EDGE('',*,*,#3005,.T.);
#4572 = PLANE('',#4573);
#4573 = AXIS2_PLACEMENT_3D('',#4574,#4575,#4576);
#4574 = CARTESIAN_POINT('',(-5.135805140258E-16,-1.347710141589E-15,6.8)
  );
#4575 = DIRECTION('',(-0.,-0.,-1.));
#4576 = DIRECTION('',(-1.,0.,0.));
#4577 = ADVANCED_FACE('',(#4578),#4596,.T.);
#4578 = FACE_BOUND('',#4579,.T.);
#4579 = EDGE_LOOP('',(#4580,#4581,#4589,#4595));
#4580 = ORIENTED_EDGE('',*,*,#4566,.F.);
#4581 = ORIENTED_EDGE('',*,*,#4582,.F.);
#4582 = EDGE_CURVE('',#4583,#4558,#4585,.T.);
#4583 = VERTEX_POINT('',#4584);
#4584 = CARTESIAN_POINT('',(-0.83959634501,16.6,8.));
#4585 = LINE('',#4586,#4587);
#4586 = CARTESIAN_POINT('',(-0.83959634501,16.6,0.3));
#4587 = VECTOR('',#4588,1.);
#4588 = DIRECTION('',(-0.,-0.,-1.));
#4589 = ORIENTED_EDGE('',*,*,#4590,.T.);
#4590 = EDGE_CURVE('',#4583,#2990,#4591,.T.);
#4591 = LINE('',#4592,#4593);
#4592 = CARTESIAN_POINT('',(-11.9,16.6,8.));
#4593 = VECTOR('',#4594,1.);
#4594 = DIRECTION('',(1.,0.,0.));
#4595 = ORIENTED_EDGE('',*,*,#2997,.T.);
#4596 = PLANE('',#4597);
#4597 = AXIS2_PLACEMENT_3D('',#4598,#4599,#4600);
#4598 = CARTESIAN_POINT('',(-11.9,16.6,6.8));
#4599 = DIRECTION('',(0.,1.,0.));
#4600 = DIRECTION('',(0.,0.,1.));
#4601 = ADVANCED_FACE('',(#4602),#4638,.F.);
#4602 = FACE_BOUND('',#4603,.F.);
#4603 = EDGE_LOOP('',(#4604,#4614,#4621,#4622,#4623,#4631));
#4604 = ORIENTED_EDGE('',*,*,#4605,.F.);
#4605 = EDGE_CURVE('',#4606,#4608,#4610,.T.);
#4606 = VERTEX_POINT('',#4607);
#4607 = CARTESIAN_POINT('',(-3.4,19.16040365499,8.));
#4608 = VERTEX_POINT('',#4609);
#4609 = CARTESIAN_POINT('',(-3.4,20.83959634501,8.));
#4610 = LINE('',#4611,#4612);
#4611 = CARTESIAN_POINT('',(-3.4,-31.9,8.));
#4612 = VECTOR('',#4613,1.);
#4613 = DIRECTION('',(0.,1.,0.));
#4614 = ORIENTED_EDGE('',*,*,#4615,.F.);
#4615 = EDGE_CURVE('',#4583,#4606,#4616,.T.);
#4616 = CIRCLE('',#4617,3.216854249492);
#4617 = AXIS2_PLACEMENT_3D('',#4618,#4619,#4620);
#4618 = CARTESIAN_POINT('',(-4.,16.,8.));
#4619 = DIRECTION('',(0.,0.,1.));
#4620 = DIRECTION('',(1.,0.,0.));
#4621 = ORIENTED_EDGE('',*,*,#4590,.T.);
#4622 = ORIENTED_EDGE('',*,*,#2989,.T.);
#4623 = ORIENTED_EDGE('',*,*,#4624,.F.);
#4624 = EDGE_CURVE('',#4625,#2982,#4627,.T.);
#4625 = VERTEX_POINT('',#4626);
#4626 = CARTESIAN_POINT('',(-0.83959634501,23.4,8.));
#4627 = LINE('',#4628,#4629);
#4628 = CARTESIAN_POINT('',(-11.9,23.4,8.));
#4629 = VECTOR('',#4630,1.);
#4630 = DIRECTION('',(1.,0.,0.));
#4631 = ORIENTED_EDGE('',*,*,#4632,.F.);
#4632 = EDGE_CURVE('',#4608,#4625,#4633,.T.);
#4633 = CIRCLE('',#4634,3.216854249492);
#4634 = AXIS2_PLACEMENT_3D('',#4635,#4636,#4637);
#4635 = CARTESIAN_POINT('',(-4.,24.,8.));
#4636 = DIRECTION('',(0.,0.,1.));
#4637 = DIRECTION('',(1.,0.,0.));
#4638 = PLANE('',#4639);
#4639 = AXIS2_PLACEMENT_3D('',#4640,#4641,#4642);
#4640 = CARTESIAN_POINT('',(-2.348336594912,5.648884274022E-16,8.));
#4641 = DIRECTION('',(0.,0.,1.));
#4642 = DIRECTION('',(1.,0.,0.));
#4643 = ADVANCED_FACE('',(#4644),#4662,.F.);
#4644 = FACE_BOUND('',#4645,.F.);
#4645 = EDGE_LOOP('',(#4646,#4654,#4660,#4661));
#4646 = ORIENTED_EDGE('',*,*,#4647,.F.);
#4647 = EDGE_CURVE('',#4648,#2974,#4650,.T.);
#4648 = VERTEX_POINT('',#4649);
#4649 = CARTESIAN_POINT('',(-0.83959634501,23.4,6.8));
#4650 = LINE('',#4651,#4652);
#4651 = CARTESIAN_POINT('',(-11.9,23.4,6.8));
#4652 = VECTOR('',#4653,1.);
#4653 = DIRECTION('',(1.,0.,0.));
#4654 = ORIENTED_EDGE('',*,*,#4655,.F.);
#4655 = EDGE_CURVE('',#4625,#4648,#4656,.T.);
#4656 = LINE('',#4657,#4658);
#4657 = CARTESIAN_POINT('',(-0.83959634501,23.4,0.3));
#4658 = VECTOR('',#4659,1.);
#4659 = DIRECTION('',(-0.,-0.,-1.));
#4660 = ORIENTED_EDGE('',*,*,#4624,.T.);
#4661 = ORIENTED_EDGE('',*,*,#2981,.T.);
#4662 = PLANE('',#4663);
#4663 = AXIS2_PLACEMENT_3D('',#4664,#4665,#4666);
#4664 = CARTESIAN_POINT('',(-11.9,23.4,6.8));
#4665 = DIRECTION('',(0.,1.,0.));
#4666 = DIRECTION('',(0.,0.,1.));
#4667 = ADVANCED_FACE('',(#4668),#4696,.T.);
#4668 = FACE_BOUND('',#4669,.T.);
#4669 = EDGE_LOOP('',(#4670,#4671,#4680,#4689,#4695));
#4670 = ORIENTED_EDGE('',*,*,#4647,.F.);
#4671 = ORIENTED_EDGE('',*,*,#4672,.F.);
#4672 = EDGE_CURVE('',#4673,#4648,#4675,.T.);
#4673 = VERTEX_POINT('',#4674);
#4674 = CARTESIAN_POINT('',(-0.783145750508,24.,6.8));
#4675 = CIRCLE('',#4676,3.216854249492);
#4676 = AXIS2_PLACEMENT_3D('',#4677,#4678,#4679);
#4677 = CARTESIAN_POINT('',(-4.,24.,6.8));
#4678 = DIRECTION('',(0.,0.,-1.));
#4679 = DIRECTION('',(1.,0.,0.));
#4680 = ORIENTED_EDGE('',*,*,#4681,.F.);
#4681 = EDGE_CURVE('',#4682,#4673,#4684,.T.);
#4682 = VERTEX_POINT('',#4683);
#4683 = CARTESIAN_POINT('',(-0.83959634501,24.6,6.8));
#4684 = CIRCLE('',#4685,3.216854249492);
#4685 = AXIS2_PLACEMENT_3D('',#4686,#4687,#4688);
#4686 = CARTESIAN_POINT('',(-4.,24.,6.8));
#4687 = DIRECTION('',(0.,0.,-1.));
#4688 = DIRECTION('',(1.,0.,0.));
#4689 = ORIENTED_EDGE('',*,*,#4690,.T.);
#4690 = EDGE_CURVE('',#4682,#2966,#4691,.T.);
#4691 = LINE('',#4692,#4693);
#4692 = CARTESIAN_POINT('',(-11.9,24.6,6.8));
#4693 = VECTOR('',#4694,1.);
#4694 = DIRECTION('',(1.,0.,0.));
#4695 = ORIENTED_EDGE('',*,*,#2973,.T.);
#4696 = PLANE('',#4697);
#4697 = AXIS2_PLACEMENT_3D('',#4698,#4699,#4700);
#4698 = CARTESIAN_POINT('',(-5.135805140258E-16,-1.347710141589E-15,6.8)
  );
#4699 = DIRECTION('',(-0.,-0.,-1.));
#4700 = DIRECTION('',(-1.,0.,0.));
#4701 = ADVANCED_FACE('',(#4702),#4713,.T.);
#4702 = FACE_BOUND('',#4703,.T.);
#4703 = EDGE_LOOP('',(#4704,#4705,#4711,#4712));
#4704 = ORIENTED_EDGE('',*,*,#4690,.F.);
#4705 = ORIENTED_EDGE('',*,*,#4706,.F.);
#4706 = EDGE_CURVE('',#4243,#4682,#4707,.T.);
#4707 = LINE('',#4708,#4709);
#4708 = CARTESIAN_POINT('',(-0.83959634501,24.6,0.3));
#4709 = VECTOR('',#4710,1.);
#4710 = DIRECTION('',(-0.,-0.,-1.));
#4711 = ORIENTED_EDGE('',*,*,#4251,.T.);
#4712 = ORIENTED_EDGE('',*,*,#2965,.T.);
#4713 = PLANE('',#4714);
#4714 = AXIS2_PLACEMENT_3D('',#4715,#4716,#4717);
#4715 = CARTESIAN_POINT('',(-11.9,24.6,6.8));
#4716 = DIRECTION('',(0.,1.,0.));
#4717 = DIRECTION('',(0.,0.,1.));
#4718 = ADVANCED_FACE('',(#4719),#4746,.F.);
#4719 = FACE_BOUND('',#4720,.F.);
#4720 = EDGE_LOOP('',(#4721,#4729,#4738,#4744,#4745));
#4721 = ORIENTED_EDGE('',*,*,#4722,.F.);
#4722 = EDGE_CURVE('',#4723,#3094,#4725,.T.);
#4723 = VERTEX_POINT('',#4724);
#4724 = CARTESIAN_POINT('',(4.6,3.16040365499,8.));
#4725 = LINE('',#4726,#4727);
#4726 = CARTESIAN_POINT('',(4.6,-31.9,8.));
#4727 = VECTOR('',#4728,1.);
#4728 = DIRECTION('',(0.,1.,0.));
#4729 = ORIENTED_EDGE('',*,*,#4730,.F.);
#4730 = EDGE_CURVE('',#4731,#4723,#4733,.T.);
#4731 = VERTEX_POINT('',#4732);
#4732 = CARTESIAN_POINT('',(7.16040365499,0.6,8.));
#4733 = CIRCLE('',#4734,3.216854249492);
#4734 = AXIS2_PLACEMENT_3D('',#4735,#4736,#4737);
#4735 = CARTESIAN_POINT('',(4.,0.,8.));
#4736 = DIRECTION('',(0.,0.,1.));
#4737 = DIRECTION('',(1.,0.,0.));
#4738 = ORIENTED_EDGE('',*,*,#4739,.T.);
#4739 = EDGE_CURVE('',#4731,#3136,#4740,.T.);
#4740 = LINE('',#4741,#4742);
#4741 = CARTESIAN_POINT('',(-11.9,0.6,8.));
#4742 = VECTOR('',#4743,1.);
#4743 = DIRECTION('',(1.,0.,0.));
#4744 = ORIENTED_EDGE('',*,*,#3135,.T.);
#4745 = ORIENTED_EDGE('',*,*,#3101,.F.);
#4746 = PLANE('',#4747);
#4747 = AXIS2_PLACEMENT_3D('',#4748,#4749,#4750);
#4748 = CARTESIAN_POINT('',(-2.348336594912,5.648884274022E-16,8.));
#4749 = DIRECTION('',(0.,0.,1.));
#4750 = DIRECTION('',(1.,0.,0.));
#4751 = ADVANCED_FACE('',(#4752),#4770,.T.);
#4752 = FACE_BOUND('',#4753,.T.);
#4753 = EDGE_LOOP('',(#4754,#4755,#4763,#4769));
#4754 = ORIENTED_EDGE('',*,*,#4722,.F.);
#4755 = ORIENTED_EDGE('',*,*,#4756,.T.);
#4756 = EDGE_CURVE('',#4723,#4757,#4759,.T.);
#4757 = VERTEX_POINT('',#4758);
#4758 = CARTESIAN_POINT('',(4.6,3.16040365499,6.8));
#4759 = LINE('',#4760,#4761);
#4760 = CARTESIAN_POINT('',(4.6,3.16040365499,0.3));
#4761 = VECTOR('',#4762,1.);
#4762 = DIRECTION('',(-0.,-0.,-1.));
#4763 = ORIENTED_EDGE('',*,*,#4764,.T.);
#4764 = EDGE_CURVE('',#4757,#3086,#4765,.T.);
#4765 = LINE('',#4766,#4767);
#4766 = CARTESIAN_POINT('',(4.6,-31.9,6.8));
#4767 = VECTOR('',#4768,1.);
#4768 = DIRECTION('',(0.,1.,0.));
#4769 = ORIENTED_EDGE('',*,*,#3093,.T.);
#4770 = PLANE('',#4771);
#4771 = AXIS2_PLACEMENT_3D('',#4772,#4773,#4774);
#4772 = CARTESIAN_POINT('',(4.6,-31.9,6.8));
#4773 = DIRECTION('',(1.,0.,0.));
#4774 = DIRECTION('',(0.,0.,1.));
#4775 = ADVANCED_FACE('',(#4776),#4795,.T.);
#4776 = FACE_BOUND('',#4777,.T.);
#4777 = EDGE_LOOP('',(#4778,#4787,#4793,#4794));
#4778 = ORIENTED_EDGE('',*,*,#4779,.F.);
#4779 = EDGE_CURVE('',#4780,#4757,#4782,.T.);
#4780 = VERTEX_POINT('',#4781);
#4781 = CARTESIAN_POINT('',(3.4,3.16040365499,6.8));
#4782 = CIRCLE('',#4783,3.216854249492);
#4783 = AXIS2_PLACEMENT_3D('',#4784,#4785,#4786);
#4784 = CARTESIAN_POINT('',(4.,0.,6.8));
#4785 = DIRECTION('',(0.,0.,-1.));
#4786 = DIRECTION('',(1.,0.,0.));
#4787 = ORIENTED_EDGE('',*,*,#4788,.T.);
#4788 = EDGE_CURVE('',#4780,#3078,#4789,.T.);
#4789 = LINE('',#4790,#4791);
#4790 = CARTESIAN_POINT('',(3.4,-31.9,6.8));
#4791 = VECTOR('',#4792,1.);
#4792 = DIRECTION('',(0.,1.,0.));
#4793 = ORIENTED_EDGE('',*,*,#3085,.T.);
#4794 = ORIENTED_EDGE('',*,*,#4764,.F.);
#4795 = PLANE('',#4796);
#4796 = AXIS2_PLACEMENT_3D('',#4797,#4798,#4799);
#4797 = CARTESIAN_POINT('',(-5.135805140258E-16,-1.347710141589E-15,6.8)
  );
#4798 = DIRECTION('',(-0.,-0.,-1.));
#4799 = DIRECTION('',(-1.,0.,0.));
#4800 = ADVANCED_FACE('',(#4801),#4812,.F.);
#4801 = FACE_BOUND('',#4802,.F.);
#4802 = EDGE_LOOP('',(#4803,#4804,#4810,#4811));
#4803 = ORIENTED_EDGE('',*,*,#4368,.F.);
#4804 = ORIENTED_EDGE('',*,*,#4805,.T.);
#4805 = EDGE_CURVE('',#4360,#4780,#4806,.T.);
#4806 = LINE('',#4807,#4808);
#4807 = CARTESIAN_POINT('',(3.4,3.16040365499,0.3));
#4808 = VECTOR('',#4809,1.);
#4809 = DIRECTION('',(-0.,-0.,-1.));
#4810 = ORIENTED_EDGE('',*,*,#4788,.T.);
#4811 = ORIENTED_EDGE('',*,*,#3077,.T.);
#4812 = PLANE('',#4813);
#4813 = AXIS2_PLACEMENT_3D('',#4814,#4815,#4816);
#4814 = CARTESIAN_POINT('',(3.4,-31.9,6.8));
#4815 = DIRECTION('',(1.,0.,0.));
#4816 = DIRECTION('',(0.,0.,1.));
#4817 = ADVANCED_FACE('',(#4818),#4845,.F.);
#4818 = FACE_BOUND('',#4819,.F.);
#4819 = EDGE_LOOP('',(#4820,#4828,#4829,#4830,#4838));
#4820 = ORIENTED_EDGE('',*,*,#4821,.F.);
#4821 = EDGE_CURVE('',#3215,#4822,#4824,.T.);
#4822 = VERTEX_POINT('',#4823);
#4823 = CARTESIAN_POINT('',(4.6,-3.16040365499,8.));
#4824 = LINE('',#4825,#4826);
#4825 = CARTESIAN_POINT('',(4.6,-31.9,8.));
#4826 = VECTOR('',#4827,1.);
#4827 = DIRECTION('',(0.,1.,0.));
#4828 = ORIENTED_EDGE('',*,*,#3222,.T.);
#4829 = ORIENTED_EDGE('',*,*,#3167,.T.);
#4830 = ORIENTED_EDGE('',*,*,#4831,.F.);
#4831 = EDGE_CURVE('',#4832,#3160,#4834,.T.);
#4832 = VERTEX_POINT('',#4833);
#4833 = CARTESIAN_POINT('',(7.16040365499,-0.6,8.));
#4834 = LINE('',#4835,#4836);
#4835 = CARTESIAN_POINT('',(-11.9,-0.6,8.));
#4836 = VECTOR('',#4837,1.);
#4837 = DIRECTION('',(1.,0.,0.));
#4838 = ORIENTED_EDGE('',*,*,#4839,.F.);
#4839 = EDGE_CURVE('',#4822,#4832,#4840,.T.);
#4840 = CIRCLE('',#4841,3.216854249492);
#4841 = AXIS2_PLACEMENT_3D('',#4842,#4843,#4844);
#4842 = CARTESIAN_POINT('',(4.,0.,8.));
#4843 = DIRECTION('',(0.,0.,1.));
#4844 = DIRECTION('',(1.,0.,0.));
#4845 = PLANE('',#4846);
#4846 = AXIS2_PLACEMENT_3D('',#4847,#4848,#4849);
#4847 = CARTESIAN_POINT('',(-2.348336594912,5.648884274022E-16,8.));
#4848 = DIRECTION('',(0.,0.,1.));
#4849 = DIRECTION('',(1.,0.,0.));
#4850 = ADVANCED_FACE('',(#4851),#4869,.F.);
#4851 = FACE_BOUND('',#4852,.F.);
#4852 = EDGE_LOOP('',(#4853,#4861,#4867,#4868));
#4853 = ORIENTED_EDGE('',*,*,#4854,.F.);
#4854 = EDGE_CURVE('',#4855,#3152,#4857,.T.);
#4855 = VERTEX_POINT('',#4856);
#4856 = CARTESIAN_POINT('',(7.16040365499,-0.6,6.8));
#4857 = LINE('',#4858,#4859);
#4858 = CARTESIAN_POINT('',(-11.9,-0.6,6.8));
#4859 = VECTOR('',#4860,1.);
#4860 = DIRECTION('',(1.,0.,0.));
#4861 = ORIENTED_EDGE('',*,*,#4862,.F.);
#4862 = EDGE_CURVE('',#4832,#4855,#4863,.T.);
#4863 = LINE('',#4864,#4865);
#4864 = CARTESIAN_POINT('',(7.16040365499,-0.6,0.3));
#4865 = VECTOR('',#4866,1.);
#4866 = DIRECTION('',(-0.,-0.,-1.));
#4867 = ORIENTED_EDGE('',*,*,#4831,.T.);
#4868 = ORIENTED_EDGE('',*,*,#3159,.T.);
#4869 = PLANE('',#4870);
#4870 = AXIS2_PLACEMENT_3D('',#4871,#4872,#4873);
#4871 = CARTESIAN_POINT('',(-11.9,-0.6,6.8));
#4872 = DIRECTION('',(0.,1.,0.));
#4873 = DIRECTION('',(0.,0.,1.));
#4874 = ADVANCED_FACE('',(#4875),#4903,.T.);
#4875 = FACE_BOUND('',#4876,.T.);
#4876 = EDGE_LOOP('',(#4877,#4878,#4887,#4896,#4902));
#4877 = ORIENTED_EDGE('',*,*,#4854,.F.);
#4878 = ORIENTED_EDGE('',*,*,#4879,.F.);
#4879 = EDGE_CURVE('',#4880,#4855,#4882,.T.);
#4880 = VERTEX_POINT('',#4881);
#4881 = CARTESIAN_POINT('',(7.216854249492,-7.879020519929E-16,6.8));
#4882 = CIRCLE('',#4883,3.216854249492);
#4883 = AXIS2_PLACEMENT_3D('',#4884,#4885,#4886);
#4884 = CARTESIAN_POINT('',(4.,0.,6.8));
#4885 = DIRECTION('',(0.,0.,-1.));
#4886 = DIRECTION('',(1.,0.,0.));
#4887 = ORIENTED_EDGE('',*,*,#4888,.F.);
#4888 = EDGE_CURVE('',#4889,#4880,#4891,.T.);
#4889 = VERTEX_POINT('',#4890);
#4890 = CARTESIAN_POINT('',(7.16040365499,0.6,6.8));
#4891 = CIRCLE('',#4892,3.216854249492);
#4892 = AXIS2_PLACEMENT_3D('',#4893,#4894,#4895);
#4893 = CARTESIAN_POINT('',(4.,0.,6.8));
#4894 = DIRECTION('',(0.,0.,-1.));
#4895 = DIRECTION('',(1.,0.,0.));
#4896 = ORIENTED_EDGE('',*,*,#4897,.T.);
#4897 = EDGE_CURVE('',#4889,#3144,#4898,.T.);
#4898 = LINE('',#4899,#4900);
#4899 = CARTESIAN_POINT('',(-11.9,0.6,6.8));
#4900 = VECTOR('',#4901,1.);
#4901 = DIRECTION('',(1.,0.,0.));
#4902 = ORIENTED_EDGE('',*,*,#3151,.T.);
#4903 = PLANE('',#4904);
#4904 = AXIS2_PLACEMENT_3D('',#4905,#4906,#4907);
#4905 = CARTESIAN_POINT('',(-5.135805140258E-16,-1.347710141589E-15,6.8)
  );
#4906 = DIRECTION('',(-0.,-0.,-1.));
#4907 = DIRECTION('',(-1.,0.,0.));
#4908 = ADVANCED_FACE('',(#4909),#4920,.T.);
#4909 = FACE_BOUND('',#4910,.T.);
#4910 = EDGE_LOOP('',(#4911,#4912,#4918,#4919));
#4911 = ORIENTED_EDGE('',*,*,#4897,.F.);
#4912 = ORIENTED_EDGE('',*,*,#4913,.F.);
#4913 = EDGE_CURVE('',#4731,#4889,#4914,.T.);
#4914 = LINE('',#4915,#4916);
#4915 = CARTESIAN_POINT('',(7.16040365499,0.6,0.3));
#4916 = VECTOR('',#4917,1.);
#4917 = DIRECTION('',(-0.,-0.,-1.));
#4918 = ORIENTED_EDGE('',*,*,#4739,.T.);
#4919 = ORIENTED_EDGE('',*,*,#3143,.T.);
#4920 = PLANE('',#4921);
#4921 = AXIS2_PLACEMENT_3D('',#4922,#4923,#4924);
#4922 = CARTESIAN_POINT('',(-11.9,0.6,6.8));
#4923 = DIRECTION('',(0.,1.,0.));
#4924 = DIRECTION('',(0.,0.,1.));
#4925 = ADVANCED_FACE('',(#4926),#4944,.T.);
#4926 = FACE_BOUND('',#4927,.T.);
#4927 = EDGE_LOOP('',(#4928,#4929,#4930,#4938));
#4928 = ORIENTED_EDGE('',*,*,#4821,.F.);
#4929 = ORIENTED_EDGE('',*,*,#3214,.F.);
#4930 = ORIENTED_EDGE('',*,*,#4931,.T.);
#4931 = EDGE_CURVE('',#3207,#4932,#4934,.T.);
#4932 = VERTEX_POINT('',#4933);
#4933 = CARTESIAN_POINT('',(4.6,-3.16040365499,6.8));
#4934 = LINE('',#4935,#4936);
#4935 = CARTESIAN_POINT('',(4.6,-31.9,6.8));
#4936 = VECTOR('',#4937,1.);
#4937 = DIRECTION('',(0.,1.,0.));
#4938 = ORIENTED_EDGE('',*,*,#4939,.F.);
#4939 = EDGE_CURVE('',#4822,#4932,#4940,.T.);
#4940 = LINE('',#4941,#4942);
#4941 = CARTESIAN_POINT('',(4.6,-3.16040365499,0.3));
#4942 = VECTOR('',#4943,1.);
#4943 = DIRECTION('',(-0.,-0.,-1.));
#4944 = PLANE('',#4945);
#4945 = AXIS2_PLACEMENT_3D('',#4946,#4947,#4948);
#4946 = CARTESIAN_POINT('',(4.6,-31.9,6.8));
#4947 = DIRECTION('',(1.,0.,0.));
#4948 = DIRECTION('',(0.,0.,1.));
#4949 = ADVANCED_FACE('',(#4950),#4969,.T.);
#4950 = FACE_BOUND('',#4951,.T.);
#4951 = EDGE_LOOP('',(#4952,#4960,#4967,#4968));
#4952 = ORIENTED_EDGE('',*,*,#4953,.T.);
#4953 = EDGE_CURVE('',#3199,#4954,#4956,.T.);
#4954 = VERTEX_POINT('',#4955);
#4955 = CARTESIAN_POINT('',(3.4,-3.16040365499,6.8));
#4956 = LINE('',#4957,#4958);
#4957 = CARTESIAN_POINT('',(3.4,-31.9,6.8));
#4958 = VECTOR('',#4959,1.);
#4959 = DIRECTION('',(0.,1.,0.));
#4960 = ORIENTED_EDGE('',*,*,#4961,.F.);
#4961 = EDGE_CURVE('',#4932,#4954,#4962,.T.);
#4962 = CIRCLE('',#4963,3.216854249492);
#4963 = AXIS2_PLACEMENT_3D('',#4964,#4965,#4966);
#4964 = CARTESIAN_POINT('',(4.,0.,6.8));
#4965 = DIRECTION('',(0.,0.,-1.));
#4966 = DIRECTION('',(1.,0.,0.));
#4967 = ORIENTED_EDGE('',*,*,#4931,.F.);
#4968 = ORIENTED_EDGE('',*,*,#3206,.F.);
#4969 = PLANE('',#4970);
#4970 = AXIS2_PLACEMENT_3D('',#4971,#4972,#4973);
#4971 = CARTESIAN_POINT('',(-5.135805140258E-16,-1.347710141589E-15,6.8)
  );
#4972 = DIRECTION('',(-0.,-0.,-1.));
#4973 = DIRECTION('',(-1.,0.,0.));
#4974 = ADVANCED_FACE('',(#4975),#4993,.F.);
#4975 = FACE_BOUND('',#4976,.F.);
#4976 = EDGE_LOOP('',(#4977,#4985,#4986,#4987));
#4977 = ORIENTED_EDGE('',*,*,#4978,.F.);
#4978 = EDGE_CURVE('',#3191,#4979,#4981,.T.);
#4979 = VERTEX_POINT('',#4980);
#4980 = CARTESIAN_POINT('',(3.4,-3.16040365499,8.));
#4981 = LINE('',#4982,#4983);
#4982 = CARTESIAN_POINT('',(3.4,-31.9,8.));
#4983 = VECTOR('',#4984,1.);
#4984 = DIRECTION('',(0.,1.,0.));
#4985 = ORIENTED_EDGE('',*,*,#3198,.F.);
#4986 = ORIENTED_EDGE('',*,*,#4953,.T.);
#4987 = ORIENTED_EDGE('',*,*,#4988,.F.);
#4988 = EDGE_CURVE('',#4979,#4954,#4989,.T.);
#4989 = LINE('',#4990,#4991);
#4990 = CARTESIAN_POINT('',(3.4,-3.16040365499,0.3));
#4991 = VECTOR('',#4992,1.);
#4992 = DIRECTION('',(-0.,-0.,-1.));
#4993 = PLANE('',#4994);
#4994 = AXIS2_PLACEMENT_3D('',#4995,#4996,#4997);
#4995 = CARTESIAN_POINT('',(3.4,-31.9,6.8));
#4996 = DIRECTION('',(1.,0.,0.));
#4997 = DIRECTION('',(0.,0.,1.));
#4998 = ADVANCED_FACE('',(#4999),#5053,.F.);
#4999 = FACE_BOUND('',#5000,.F.);
#5000 = EDGE_LOOP('',(#5001,#5011,#5020,#5026,#5027,#5028,#5029,#5038,
    #5046));
#5001 = ORIENTED_EDGE('',*,*,#5002,.F.);
#5002 = EDGE_CURVE('',#5003,#5005,#5007,.T.);
#5003 = VERTEX_POINT('',#5004);
#5004 = CARTESIAN_POINT('',(-3.4,-4.83959634501,8.));
#5005 = VERTEX_POINT('',#5006);
#5006 = CARTESIAN_POINT('',(-3.4,-3.16040365499,8.));
#5007 = LINE('',#5008,#5009);
#5008 = CARTESIAN_POINT('',(-3.4,-31.9,8.));
#5009 = VECTOR('',#5010,1.);
#5010 = DIRECTION('',(0.,1.,0.));
#5011 = ORIENTED_EDGE('',*,*,#5012,.F.);
#5012 = EDGE_CURVE('',#5013,#5003,#5015,.T.);
#5013 = VERTEX_POINT('',#5014);
#5014 = CARTESIAN_POINT('',(-0.83959634501,-7.4,8.));
#5015 = CIRCLE('',#5016,3.216854249492);
#5016 = AXIS2_PLACEMENT_3D('',#5017,#5018,#5019);
#5017 = CARTESIAN_POINT('',(-4.,-8.,8.));
#5018 = DIRECTION('',(0.,0.,1.));
#5019 = DIRECTION('',(1.,0.,0.));
#5020 = ORIENTED_EDGE('',*,*,#5021,.T.);
#5021 = EDGE_CURVE('',#5013,#3253,#5022,.T.);
#5022 = LINE('',#5023,#5024);
#5023 = CARTESIAN_POINT('',(-11.9,-7.4,8.));
#5024 = VECTOR('',#5025,1.);
#5025 = DIRECTION('',(1.,0.,0.));
#5026 = ORIENTED_EDGE('',*,*,#3252,.T.);
#5027 = ORIENTED_EDGE('',*,*,#3190,.T.);
#5028 = ORIENTED_EDGE('',*,*,#4978,.T.);
#5029 = ORIENTED_EDGE('',*,*,#5030,.F.);
#5030 = EDGE_CURVE('',#5031,#4979,#5033,.T.);
#5031 = VERTEX_POINT('',#5032);
#5032 = CARTESIAN_POINT('',(0.83959634501,-0.6,8.));
#5033 = CIRCLE('',#5034,3.216854249492);
#5034 = AXIS2_PLACEMENT_3D('',#5035,#5036,#5037);
#5035 = CARTESIAN_POINT('',(4.,0.,8.));
#5036 = DIRECTION('',(0.,0.,1.));
#5037 = DIRECTION('',(1.,0.,0.));
#5038 = ORIENTED_EDGE('',*,*,#5039,.F.);
#5039 = EDGE_CURVE('',#5040,#5031,#5042,.T.);
#5040 = VERTEX_POINT('',#5041);
#5041 = CARTESIAN_POINT('',(-0.83959634501,-0.6,8.));
#5042 = LINE('',#5043,#5044);
#5043 = CARTESIAN_POINT('',(-11.9,-0.6,8.));
#5044 = VECTOR('',#5045,1.);
#5045 = DIRECTION('',(1.,0.,0.));
#5046 = ORIENTED_EDGE('',*,*,#5047,.F.);
#5047 = EDGE_CURVE('',#5005,#5040,#5048,.T.);
#5048 = CIRCLE('',#5049,3.216854249492);
#5049 = AXIS2_PLACEMENT_3D('',#5050,#5051,#5052);
#5050 = CARTESIAN_POINT('',(-4.,0.,8.));
#5051 = DIRECTION('',(0.,0.,1.));
#5052 = DIRECTION('',(1.,0.,0.));
#5053 = PLANE('',#5054);
#5054 = AXIS2_PLACEMENT_3D('',#5055,#5056,#5057);
#5055 = CARTESIAN_POINT('',(-2.348336594912,5.648884274022E-16,8.));
#5056 = DIRECTION('',(0.,0.,1.));
#5057 = DIRECTION('',(1.,0.,0.));
#5058 = ADVANCED_FACE('',(#5059),#5086,.F.);
#5059 = FACE_BOUND('',#5060,.F.);
#5060 = EDGE_LOOP('',(#5061,#5069,#5070,#5071,#5079));
#5061 = ORIENTED_EDGE('',*,*,#5062,.F.);
#5062 = EDGE_CURVE('',#3389,#5063,#5065,.T.);
#5063 = VERTEX_POINT('',#5064);
#5064 = CARTESIAN_POINT('',(-3.4,-27.16040365499,8.));
#5065 = LINE('',#5066,#5067);
#5066 = CARTESIAN_POINT('',(-3.4,-31.9,8.));
#5067 = VECTOR('',#5068,1.);
#5068 = DIRECTION('',(0.,1.,0.));
#5069 = ORIENTED_EDGE('',*,*,#3396,.T.);
#5070 = ORIENTED_EDGE('',*,*,#3348,.T.);
#5071 = ORIENTED_EDGE('',*,*,#5072,.F.);
#5072 = EDGE_CURVE('',#5073,#3341,#5075,.T.);
#5073 = VERTEX_POINT('',#5074);
#5074 = CARTESIAN_POINT('',(-0.83959634501,-24.6,8.));
#5075 = LINE('',#5076,#5077);
#5076 = CARTESIAN_POINT('',(-11.9,-24.6,8.));
#5077 = VECTOR('',#5078,1.);
#5078 = DIRECTION('',(1.,0.,0.));
#5079 = ORIENTED_EDGE('',*,*,#5080,.F.);
#5080 = EDGE_CURVE('',#5063,#5073,#5081,.T.);
#5081 = CIRCLE('',#5082,3.216854249492);
#5082 = AXIS2_PLACEMENT_3D('',#5083,#5084,#5085);
#5083 = CARTESIAN_POINT('',(-4.,-24.,8.));
#5084 = DIRECTION('',(0.,0.,1.));
#5085 = DIRECTION('',(1.,0.,0.));
#5086 = PLANE('',#5087);
#5087 = AXIS2_PLACEMENT_3D('',#5088,#5089,#5090);
#5088 = CARTESIAN_POINT('',(-2.348336594912,5.648884274022E-16,8.));
#5089 = DIRECTION('',(0.,0.,1.));
#5090 = DIRECTION('',(1.,0.,0.));
#5091 = ADVANCED_FACE('',(#5092),#5110,.F.);
#5092 = FACE_BOUND('',#5093,.F.);
#5093 = EDGE_LOOP('',(#5094,#5102,#5108,#5109));
#5094 = ORIENTED_EDGE('',*,*,#5095,.F.);
#5095 = EDGE_CURVE('',#5096,#3333,#5098,.T.);
#5096 = VERTEX_POINT('',#5097);
#5097 = CARTESIAN_POINT('',(-0.839596345009,-24.6,6.8));
#5098 = LINE('',#5099,#5100);
#5099 = CARTESIAN_POINT('',(-11.9,-24.6,6.8));
#5100 = VECTOR('',#5101,1.);
#5101 = DIRECTION('',(1.,0.,0.));
#5102 = ORIENTED_EDGE('',*,*,#5103,.F.);
#5103 = EDGE_CURVE('',#5073,#5096,#5104,.T.);
#5104 = LINE('',#5105,#5106);
#5105 = CARTESIAN_POINT('',(-0.83959634501,-24.6,0.3));
#5106 = VECTOR('',#5107,1.);
#5107 = DIRECTION('',(-0.,-0.,-1.));
#5108 = ORIENTED_EDGE('',*,*,#5072,.T.);
#5109 = ORIENTED_EDGE('',*,*,#3340,.T.);
#5110 = PLANE('',#5111);
#5111 = AXIS2_PLACEMENT_3D('',#5112,#5113,#5114);
#5112 = CARTESIAN_POINT('',(-11.9,-24.6,6.8));
#5113 = DIRECTION('',(0.,1.,0.));
#5114 = DIRECTION('',(0.,0.,1.));
#5115 = ADVANCED_FACE('',(#5116),#5144,.T.);
#5116 = FACE_BOUND('',#5117,.T.);
#5117 = EDGE_LOOP('',(#5118,#5119,#5128,#5137,#5143));
#5118 = ORIENTED_EDGE('',*,*,#5095,.F.);
#5119 = ORIENTED_EDGE('',*,*,#5120,.F.);
#5120 = EDGE_CURVE('',#5121,#5096,#5123,.T.);
#5121 = VERTEX_POINT('',#5122);
#5122 = CARTESIAN_POINT('',(-0.783145750508,-24.,6.8));
#5123 = CIRCLE('',#5124,3.216854249492);
#5124 = AXIS2_PLACEMENT_3D('',#5125,#5126,#5127);
#5125 = CARTESIAN_POINT('',(-4.,-24.,6.8));
#5126 = DIRECTION('',(0.,0.,-1.));
#5127 = DIRECTION('',(1.,0.,0.));
#5128 = ORIENTED_EDGE('',*,*,#5129,.F.);
#5129 = EDGE_CURVE('',#5130,#5121,#5132,.T.);
#5130 = VERTEX_POINT('',#5131);
#5131 = CARTESIAN_POINT('',(-0.83959634501,-23.4,6.8));
#5132 = CIRCLE('',#5133,3.216854249492);
#5133 = AXIS2_PLACEMENT_3D('',#5134,#5135,#5136);
#5134 = CARTESIAN_POINT('',(-4.,-24.,6.8));
#5135 = DIRECTION('',(0.,0.,-1.));
#5136 = DIRECTION('',(1.,0.,0.));
#5137 = ORIENTED_EDGE('',*,*,#5138,.T.);
#5138 = EDGE_CURVE('',#5130,#3325,#5139,.T.);
#5139 = LINE('',#5140,#5141);
#5140 = CARTESIAN_POINT('',(-11.9,-23.4,6.8));
#5141 = VECTOR('',#5142,1.);
#5142 = DIRECTION('',(1.,0.,0.));
#5143 = ORIENTED_EDGE('',*,*,#3332,.T.);
#5144 = PLANE('',#5145);
#5145 = AXIS2_PLACEMENT_3D('',#5146,#5147,#5148);
#5146 = CARTESIAN_POINT('',(-5.135805140258E-16,-1.347710141589E-15,6.8)
  );
#5147 = DIRECTION('',(-0.,-0.,-1.));
#5148 = DIRECTION('',(-1.,0.,0.));
#5149 = ADVANCED_FACE('',(#5150),#5168,.T.);
#5150 = FACE_BOUND('',#5151,.T.);
#5151 = EDGE_LOOP('',(#5152,#5153,#5161,#5167));
#5152 = ORIENTED_EDGE('',*,*,#5138,.F.);
#5153 = ORIENTED_EDGE('',*,*,#5154,.F.);
#5154 = EDGE_CURVE('',#5155,#5130,#5157,.T.);
#5155 = VERTEX_POINT('',#5156);
#5156 = CARTESIAN_POINT('',(-0.83959634501,-23.4,8.));
#5157 = LINE('',#5158,#5159);
#5158 = CARTESIAN_POINT('',(-0.83959634501,-23.4,0.3));
#5159 = VECTOR('',#5160,1.);
#5160 = DIRECTION('',(-0.,-0.,-1.));
#5161 = ORIENTED_EDGE('',*,*,#5162,.T.);
#5162 = EDGE_CURVE('',#5155,#3317,#5163,.T.);
#5163 = LINE('',#5164,#5165);
#5164 = CARTESIAN_POINT('',(-11.9,-23.4,8.));
#5165 = VECTOR('',#5166,1.);
#5166 = DIRECTION('',(1.,0.,0.));
#5167 = ORIENTED_EDGE('',*,*,#3324,.T.);
#5168 = PLANE('',#5169);
#5169 = AXIS2_PLACEMENT_3D('',#5170,#5171,#5172);
#5170 = CARTESIAN_POINT('',(-11.9,-23.4,6.8));
#5171 = DIRECTION('',(0.,1.,0.));
#5172 = DIRECTION('',(0.,0.,1.));
#5173 = ADVANCED_FACE('',(#5174),#5210,.F.);
#5174 = FACE_BOUND('',#5175,.F.);
#5175 = EDGE_LOOP('',(#5176,#5186,#5193,#5194,#5195,#5203));
#5176 = ORIENTED_EDGE('',*,*,#5177,.F.);
#5177 = EDGE_CURVE('',#5178,#5180,#5182,.T.);
#5178 = VERTEX_POINT('',#5179);
#5179 = CARTESIAN_POINT('',(-3.4,-20.83959634501,8.));
#5180 = VERTEX_POINT('',#5181);
#5181 = CARTESIAN_POINT('',(-3.4,-19.16040365499,8.));
#5182 = LINE('',#5183,#5184);
#5183 = CARTESIAN_POINT('',(-3.4,-31.9,8.));
#5184 = VECTOR('',#5185,1.);
#5185 = DIRECTION('',(0.,1.,0.));
#5186 = ORIENTED_EDGE('',*,*,#5187,.F.);
#5187 = EDGE_CURVE('',#5155,#5178,#5188,.T.);
#5188 = CIRCLE('',#5189,3.216854249492);
#5189 = AXIS2_PLACEMENT_3D('',#5190,#5191,#5192);
#5190 = CARTESIAN_POINT('',(-4.,-24.,8.));
#5191 = DIRECTION('',(0.,0.,1.));
#5192 = DIRECTION('',(1.,0.,0.));
#5193 = ORIENTED_EDGE('',*,*,#5162,.T.);
#5194 = ORIENTED_EDGE('',*,*,#3316,.T.);
#5195 = ORIENTED_EDGE('',*,*,#5196,.F.);
#5196 = EDGE_CURVE('',#5197,#3309,#5199,.T.);
#5197 = VERTEX_POINT('',#5198);
#5198 = CARTESIAN_POINT('',(-0.83959634501,-16.6,8.));
#5199 = LINE('',#5200,#5201);
#5200 = CARTESIAN_POINT('',(-11.9,-16.6,8.));
#5201 = VECTOR('',#5202,1.);
#5202 = DIRECTION('',(1.,0.,0.));
#5203 = ORIENTED_EDGE('',*,*,#5204,.F.);
#5204 = EDGE_CURVE('',#5180,#5197,#5205,.T.);
#5205 = CIRCLE('',#5206,3.216854249492);
#5206 = AXIS2_PLACEMENT_3D('',#5207,#5208,#5209);
#5207 = CARTESIAN_POINT('',(-4.,-16.,8.));
#5208 = DIRECTION('',(0.,0.,1.));
#5209 = DIRECTION('',(1.,0.,0.));
#5210 = PLANE('',#5211);
#5211 = AXIS2_PLACEMENT_3D('',#5212,#5213,#5214);
#5212 = CARTESIAN_POINT('',(-2.348336594912,5.648884274022E-16,8.));
#5213 = DIRECTION('',(0.,0.,1.));
#5214 = DIRECTION('',(1.,0.,0.));
#5215 = ADVANCED_FACE('',(#5216),#5234,.F.);
#5216 = FACE_BOUND('',#5217,.F.);
#5217 = EDGE_LOOP('',(#5218,#5226,#5232,#5233));
#5218 = ORIENTED_EDGE('',*,*,#5219,.F.);
#5219 = EDGE_CURVE('',#5220,#3301,#5222,.T.);
#5220 = VERTEX_POINT('',#5221);
#5221 = CARTESIAN_POINT('',(-0.83959634501,-16.6,6.8));
#5222 = LINE('',#5223,#5224);
#5223 = CARTESIAN_POINT('',(-11.9,-16.6,6.8));
#5224 = VECTOR('',#5225,1.);
#5225 = DIRECTION('',(1.,0.,0.));
#5226 = ORIENTED_EDGE('',*,*,#5227,.F.);
#5227 = EDGE_CURVE('',#5197,#5220,#5228,.T.);
#5228 = LINE('',#5229,#5230);
#5229 = CARTESIAN_POINT('',(-0.83959634501,-16.6,0.3));
#5230 = VECTOR('',#5231,1.);
#5231 = DIRECTION('',(-0.,-0.,-1.));
#5232 = ORIENTED_EDGE('',*,*,#5196,.T.);
#5233 = ORIENTED_EDGE('',*,*,#3308,.T.);
#5234 = PLANE('',#5235);
#5235 = AXIS2_PLACEMENT_3D('',#5236,#5237,#5238);
#5236 = CARTESIAN_POINT('',(-11.9,-16.6,6.8));
#5237 = DIRECTION('',(0.,1.,0.));
#5238 = DIRECTION('',(0.,0.,1.));
#5239 = ADVANCED_FACE('',(#5240),#5268,.T.);
#5240 = FACE_BOUND('',#5241,.T.);
#5241 = EDGE_LOOP('',(#5242,#5243,#5252,#5261,#5267));
#5242 = ORIENTED_EDGE('',*,*,#5219,.F.);
#5243 = ORIENTED_EDGE('',*,*,#5244,.F.);
#5244 = EDGE_CURVE('',#5245,#5220,#5247,.T.);
#5245 = VERTEX_POINT('',#5246);
#5246 = CARTESIAN_POINT('',(-0.783145750508,-16.,6.8));
#5247 = CIRCLE('',#5248,3.216854249492);
#5248 = AXIS2_PLACEMENT_3D('',#5249,#5250,#5251);
#5249 = CARTESIAN_POINT('',(-4.,-16.,6.8));
#5250 = DIRECTION('',(0.,0.,-1.));
#5251 = DIRECTION('',(1.,0.,0.));
#5252 = ORIENTED_EDGE('',*,*,#5253,.F.);
#5253 = EDGE_CURVE('',#5254,#5245,#5256,.T.);
#5254 = VERTEX_POINT('',#5255);
#5255 = CARTESIAN_POINT('',(-0.83959634501,-15.4,6.8));
#5256 = CIRCLE('',#5257,3.216854249492);
#5257 = AXIS2_PLACEMENT_3D('',#5258,#5259,#5260);
#5258 = CARTESIAN_POINT('',(-4.,-16.,6.8));
#5259 = DIRECTION('',(0.,0.,-1.));
#5260 = DIRECTION('',(1.,0.,0.));
#5261 = ORIENTED_EDGE('',*,*,#5262,.T.);
#5262 = EDGE_CURVE('',#5254,#3293,#5263,.T.);
#5263 = LINE('',#5264,#5265);
#5264 = CARTESIAN_POINT('',(-11.9,-15.4,6.8));
#5265 = VECTOR('',#5266,1.);
#5266 = DIRECTION('',(1.,0.,0.));
#5267 = ORIENTED_EDGE('',*,*,#3300,.T.);
#5268 = PLANE('',#5269);
#5269 = AXIS2_PLACEMENT_3D('',#5270,#5271,#5272);
#5270 = CARTESIAN_POINT('',(-5.135805140258E-16,-1.347710141589E-15,6.8)
  );
#5271 = DIRECTION('',(-0.,-0.,-1.));
#5272 = DIRECTION('',(-1.,0.,0.));
#5273 = ADVANCED_FACE('',(#5274),#5292,.T.);
#5274 = FACE_BOUND('',#5275,.T.);
#5275 = EDGE_LOOP('',(#5276,#5277,#5285,#5291));
#5276 = ORIENTED_EDGE('',*,*,#5262,.F.);
#5277 = ORIENTED_EDGE('',*,*,#5278,.F.);
#5278 = EDGE_CURVE('',#5279,#5254,#5281,.T.);
#5279 = VERTEX_POINT('',#5280);
#5280 = CARTESIAN_POINT('',(-0.83959634501,-15.4,8.));
#5281 = LINE('',#5282,#5283);
#5282 = CARTESIAN_POINT('',(-0.83959634501,-15.4,0.3));
#5283 = VECTOR('',#5284,1.);
#5284 = DIRECTION('',(-0.,-0.,-1.));
#5285 = ORIENTED_EDGE('',*,*,#5286,.T.);
#5286 = EDGE_CURVE('',#5279,#3285,#5287,.T.);
#5287 = LINE('',#5288,#5289);
#5288 = CARTESIAN_POINT('',(-11.9,-15.4,8.));
#5289 = VECTOR('',#5290,1.);
#5290 = DIRECTION('',(1.,0.,0.));
#5291 = ORIENTED_EDGE('',*,*,#3292,.T.);
#5292 = PLANE('',#5293);
#5293 = AXIS2_PLACEMENT_3D('',#5294,#5295,#5296);
#5294 = CARTESIAN_POINT('',(-11.9,-15.4,6.8));
#5295 = DIRECTION('',(0.,1.,0.));
#5296 = DIRECTION('',(0.,0.,1.));
#5297 = ADVANCED_FACE('',(#5298),#5334,.F.);
#5298 = FACE_BOUND('',#5299,.F.);
#5299 = EDGE_LOOP('',(#5300,#5310,#5317,#5318,#5319,#5327));
#5300 = ORIENTED_EDGE('',*,*,#5301,.F.);
#5301 = EDGE_CURVE('',#5302,#5304,#5306,.T.);
#5302 = VERTEX_POINT('',#5303);
#5303 = CARTESIAN_POINT('',(-3.4,-12.83959634501,8.));
#5304 = VERTEX_POINT('',#5305);
#5305 = CARTESIAN_POINT('',(-3.4,-11.16040365499,8.));
#5306 = LINE('',#5307,#5308);
#5307 = CARTESIAN_POINT('',(-3.4,-31.9,8.));
#5308 = VECTOR('',#5309,1.);
#5309 = DIRECTION('',(0.,1.,0.));
#5310 = ORIENTED_EDGE('',*,*,#5311,.F.);
#5311 = EDGE_CURVE('',#5279,#5302,#5312,.T.);
#5312 = CIRCLE('',#5313,3.216854249492);
#5313 = AXIS2_PLACEMENT_3D('',#5314,#5315,#5316);
#5314 = CARTESIAN_POINT('',(-4.,-16.,8.));
#5315 = DIRECTION('',(0.,0.,1.));
#5316 = DIRECTION('',(1.,0.,0.));
#5317 = ORIENTED_EDGE('',*,*,#5286,.T.);
#5318 = ORIENTED_EDGE('',*,*,#3284,.T.);
#5319 = ORIENTED_EDGE('',*,*,#5320,.F.);
#5320 = EDGE_CURVE('',#5321,#3277,#5323,.T.);
#5321 = VERTEX_POINT('',#5322);
#5322 = CARTESIAN_POINT('',(-0.83959634501,-8.6,8.));
#5323 = LINE('',#5324,#5325);
#5324 = CARTESIAN_POINT('',(-11.9,-8.6,8.));
#5325 = VECTOR('',#5326,1.);
#5326 = DIRECTION('',(1.,0.,0.));
#5327 = ORIENTED_EDGE('',*,*,#5328,.F.);
#5328 = EDGE_CURVE('',#5304,#5321,#5329,.T.);
#5329 = CIRCLE('',#5330,3.216854249492);
#5330 = AXIS2_PLACEMENT_3D('',#5331,#5332,#5333);
#5331 = CARTESIAN_POINT('',(-4.,-8.,8.));
#5332 = DIRECTION('',(0.,0.,1.));
#5333 = DIRECTION('',(1.,0.,0.));
#5334 = PLANE('',#5335);
#5335 = AXIS2_PLACEMENT_3D('',#5336,#5337,#5338);
#5336 = CARTESIAN_POINT('',(-2.348336594912,5.648884274022E-16,8.));
#5337 = DIRECTION('',(0.,0.,1.));
#5338 = DIRECTION('',(1.,0.,0.));
#5339 = ADVANCED_FACE('',(#5340),#5358,.F.);
#5340 = FACE_BOUND('',#5341,.F.);
#5341 = EDGE_LOOP('',(#5342,#5350,#5356,#5357));
#5342 = ORIENTED_EDGE('',*,*,#5343,.F.);
#5343 = EDGE_CURVE('',#5344,#3269,#5346,.T.);
#5344 = VERTEX_POINT('',#5345);
#5345 = CARTESIAN_POINT('',(-0.83959634501,-8.6,6.8));
#5346 = LINE('',#5347,#5348);
#5347 = CARTESIAN_POINT('',(-11.9,-8.6,6.8));
#5348 = VECTOR('',#5349,1.);
#5349 = DIRECTION('',(1.,0.,0.));
#5350 = ORIENTED_EDGE('',*,*,#5351,.F.);
#5351 = EDGE_CURVE('',#5321,#5344,#5352,.T.);
#5352 = LINE('',#5353,#5354);
#5353 = CARTESIAN_POINT('',(-0.83959634501,-8.6,0.3));
#5354 = VECTOR('',#5355,1.);
#5355 = DIRECTION('',(-0.,-0.,-1.));
#5356 = ORIENTED_EDGE('',*,*,#5320,.T.);
#5357 = ORIENTED_EDGE('',*,*,#3276,.T.);
#5358 = PLANE('',#5359);
#5359 = AXIS2_PLACEMENT_3D('',#5360,#5361,#5362);
#5360 = CARTESIAN_POINT('',(-11.9,-8.6,6.8));
#5361 = DIRECTION('',(0.,1.,0.));
#5362 = DIRECTION('',(0.,0.,1.));
#5363 = ADVANCED_FACE('',(#5364),#5392,.T.);
#5364 = FACE_BOUND('',#5365,.T.);
#5365 = EDGE_LOOP('',(#5366,#5367,#5376,#5385,#5391));
#5366 = ORIENTED_EDGE('',*,*,#5343,.F.);
#5367 = ORIENTED_EDGE('',*,*,#5368,.F.);
#5368 = EDGE_CURVE('',#5369,#5344,#5371,.T.);
#5369 = VERTEX_POINT('',#5370);
#5370 = CARTESIAN_POINT('',(-0.783145750508,-8.,6.8));
#5371 = CIRCLE('',#5372,3.216854249492);
#5372 = AXIS2_PLACEMENT_3D('',#5373,#5374,#5375);
#5373 = CARTESIAN_POINT('',(-4.,-8.,6.8));
#5374 = DIRECTION('',(0.,0.,-1.));
#5375 = DIRECTION('',(1.,0.,0.));
#5376 = ORIENTED_EDGE('',*,*,#5377,.F.);
#5377 = EDGE_CURVE('',#5378,#5369,#5380,.T.);
#5378 = VERTEX_POINT('',#5379);
#5379 = CARTESIAN_POINT('',(-0.83959634501,-7.4,6.8));
#5380 = CIRCLE('',#5381,3.216854249492);
#5381 = AXIS2_PLACEMENT_3D('',#5382,#5383,#5384);
#5382 = CARTESIAN_POINT('',(-4.,-8.,6.8));
#5383 = DIRECTION('',(0.,0.,-1.));
#5384 = DIRECTION('',(1.,0.,0.));
#5385 = ORIENTED_EDGE('',*,*,#5386,.T.);
#5386 = EDGE_CURVE('',#5378,#3261,#5387,.T.);
#5387 = LINE('',#5388,#5389);
#5388 = CARTESIAN_POINT('',(-11.9,-7.4,6.8));
#5389 = VECTOR('',#5390,1.);
#5390 = DIRECTION('',(1.,0.,0.));
#5391 = ORIENTED_EDGE('',*,*,#3268,.T.);
#5392 = PLANE('',#5393);
#5393 = AXIS2_PLACEMENT_3D('',#5394,#5395,#5396);
#5394 = CARTESIAN_POINT('',(-5.135805140258E-16,-1.347710141589E-15,6.8)
  );
#5395 = DIRECTION('',(-0.,-0.,-1.));
#5396 = DIRECTION('',(-1.,0.,0.));
#5397 = ADVANCED_FACE('',(#5398),#5409,.T.);
#5398 = FACE_BOUND('',#5399,.T.);
#5399 = EDGE_LOOP('',(#5400,#5401,#5407,#5408));
#5400 = ORIENTED_EDGE('',*,*,#5386,.F.);
#5401 = ORIENTED_EDGE('',*,*,#5402,.F.);
#5402 = EDGE_CURVE('',#5013,#5378,#5403,.T.);
#5403 = LINE('',#5404,#5405);
#5404 = CARTESIAN_POINT('',(-0.83959634501,-7.4,0.3));
#5405 = VECTOR('',#5406,1.);
#5406 = DIRECTION('',(-0.,-0.,-1.));
#5407 = ORIENTED_EDGE('',*,*,#5021,.T.);
#5408 = ORIENTED_EDGE('',*,*,#3260,.T.);
#5409 = PLANE('',#5410);
#5410 = AXIS2_PLACEMENT_3D('',#5411,#5412,#5413);
#5411 = CARTESIAN_POINT('',(-11.9,-7.4,6.8));
#5412 = DIRECTION('',(0.,1.,0.));
#5413 = DIRECTION('',(0.,0.,1.));
#5414 = ADVANCED_FACE('',(#5415),#5433,.T.);
#5415 = FACE_BOUND('',#5416,.T.);
#5416 = EDGE_LOOP('',(#5417,#5418,#5419,#5427));
#5417 = ORIENTED_EDGE('',*,*,#5062,.F.);
#5418 = ORIENTED_EDGE('',*,*,#3388,.F.);
#5419 = ORIENTED_EDGE('',*,*,#5420,.T.);
#5420 = EDGE_CURVE('',#3381,#5421,#5423,.T.);
#5421 = VERTEX_POINT('',#5422);
#5422 = CARTESIAN_POINT('',(-3.4,-27.16040365499,6.8));
#5423 = LINE('',#5424,#5425);
#5424 = CARTESIAN_POINT('',(-3.4,-31.9,6.8));
#5425 = VECTOR('',#5426,1.);
#5426 = DIRECTION('',(0.,1.,0.));
#5427 = ORIENTED_EDGE('',*,*,#5428,.F.);
#5428 = EDGE_CURVE('',#5063,#5421,#5429,.T.);
#5429 = LINE('',#5430,#5431);
#5430 = CARTESIAN_POINT('',(-3.4,-27.16040365499,0.3));
#5431 = VECTOR('',#5432,1.);
#5432 = DIRECTION('',(-0.,-0.,-1.));
#5433 = PLANE('',#5434);
#5434 = AXIS2_PLACEMENT_3D('',#5435,#5436,#5437);
#5435 = CARTESIAN_POINT('',(-3.4,-31.9,6.8));
#5436 = DIRECTION('',(1.,0.,0.));
#5437 = DIRECTION('',(0.,0.,1.));
#5438 = ADVANCED_FACE('',(#5439),#5458,.T.);
#5439 = FACE_BOUND('',#5440,.T.);
#5440 = EDGE_LOOP('',(#5441,#5442,#5450,#5457));
#5441 = ORIENTED_EDGE('',*,*,#3380,.F.);
#5442 = ORIENTED_EDGE('',*,*,#5443,.T.);
#5443 = EDGE_CURVE('',#3373,#5444,#5446,.T.);
#5444 = VERTEX_POINT('',#5445);
#5445 = CARTESIAN_POINT('',(-4.6,-27.16040365499,6.8));
#5446 = LINE('',#5447,#5448);
#5447 = CARTESIAN_POINT('',(-4.6,-31.9,6.8));
#5448 = VECTOR('',#5449,1.);
#5449 = DIRECTION('',(0.,1.,0.));
#5450 = ORIENTED_EDGE('',*,*,#5451,.F.);
#5451 = EDGE_CURVE('',#5421,#5444,#5452,.T.);
#5452 = CIRCLE('',#5453,3.216854249492);
#5453 = AXIS2_PLACEMENT_3D('',#5454,#5455,#5456);
#5454 = CARTESIAN_POINT('',(-4.,-24.,6.8));
#5455 = DIRECTION('',(0.,0.,-1.));
#5456 = DIRECTION('',(1.,0.,0.));
#5457 = ORIENTED_EDGE('',*,*,#5420,.F.);
#5458 = PLANE('',#5459);
#5459 = AXIS2_PLACEMENT_3D('',#5460,#5461,#5462);
#5460 = CARTESIAN_POINT('',(-5.135805140258E-16,-1.347710141589E-15,6.8)
  );
#5461 = DIRECTION('',(-0.,-0.,-1.));
#5462 = DIRECTION('',(-1.,0.,0.));
#5463 = ADVANCED_FACE('',(#5464),#5475,.F.);
#5464 = FACE_BOUND('',#5465,.F.);
#5465 = EDGE_LOOP('',(#5466,#5467,#5468,#5469));
#5466 = ORIENTED_EDGE('',*,*,#4209,.F.);
#5467 = ORIENTED_EDGE('',*,*,#3372,.F.);
#5468 = ORIENTED_EDGE('',*,*,#5443,.T.);
#5469 = ORIENTED_EDGE('',*,*,#5470,.F.);
#5470 = EDGE_CURVE('',#4210,#5444,#5471,.T.);
#5471 = LINE('',#5472,#5473);
#5472 = CARTESIAN_POINT('',(-4.6,-27.16040365499,0.3));
#5473 = VECTOR('',#5474,1.);
#5474 = DIRECTION('',(-0.,-0.,-1.));
#5475 = PLANE('',#5476);
#5476 = AXIS2_PLACEMENT_3D('',#5477,#5478,#5479);
#5477 = CARTESIAN_POINT('',(-4.6,-31.9,6.8));
#5478 = DIRECTION('',(1.,0.,0.));
#5479 = DIRECTION('',(0.,0.,1.));
#5480 = ADVANCED_FACE('',(#5481),#5536,.T.);
#5481 = FACE_BOUND('',#5482,.F.);
#5482 = EDGE_LOOP('',(#5483,#5492,#5498,#5499,#5500,#5501,#5502,#5503,
    #5504,#5505,#5506,#5507,#5508,#5509,#5517,#5526,#5532,#5533,#5534,
    #5535));
#5483 = ORIENTED_EDGE('',*,*,#5484,.F.);
#5484 = EDGE_CURVE('',#5485,#5485,#5487,.T.);
#5485 = VERTEX_POINT('',#5486);
#5486 = CARTESIAN_POINT('',(-0.783145750508,24.,0.3));
#5487 = CIRCLE('',#5488,3.216854249492);
#5488 = AXIS2_PLACEMENT_3D('',#5489,#5490,#5491);
#5489 = CARTESIAN_POINT('',(-4.,24.,0.3));
#5490 = DIRECTION('',(0.,0.,1.));
#5491 = DIRECTION('',(1.,0.,0.));
#5492 = ORIENTED_EDGE('',*,*,#5493,.T.);
#5493 = EDGE_CURVE('',#5485,#4673,#5494,.T.);
#5494 = LINE('',#5495,#5496);
#5495 = CARTESIAN_POINT('',(-0.783145750508,24.,0.3));
#5496 = VECTOR('',#5497,1.);
#5497 = DIRECTION('',(0.,0.,1.));
#5498 = ORIENTED_EDGE('',*,*,#4681,.F.);
#5499 = ORIENTED_EDGE('',*,*,#4706,.F.);
#5500 = ORIENTED_EDGE('',*,*,#4242,.T.);
#5501 = ORIENTED_EDGE('',*,*,#4267,.T.);
#5502 = ORIENTED_EDGE('',*,*,#4290,.F.);
#5503 = ORIENTED_EDGE('',*,*,#4316,.F.);
#5504 = ORIENTED_EDGE('',*,*,#3420,.T.);
#5505 = ORIENTED_EDGE('',*,*,#3454,.T.);
#5506 = ORIENTED_EDGE('',*,*,#3468,.F.);
#5507 = ORIENTED_EDGE('',*,*,#3503,.F.);
#5508 = ORIENTED_EDGE('',*,*,#3543,.T.);
#5509 = ORIENTED_EDGE('',*,*,#5510,.T.);
#5510 = EDGE_CURVE('',#3536,#5511,#5513,.T.);
#5511 = VERTEX_POINT('',#5512);
#5512 = CARTESIAN_POINT('',(-4.6,20.839596345009,6.8));
#5513 = LINE('',#5514,#5515);
#5514 = CARTESIAN_POINT('',(-4.6,20.83959634501,0.3));
#5515 = VECTOR('',#5516,1.);
#5516 = DIRECTION('',(-0.,-0.,-1.));
#5517 = ORIENTED_EDGE('',*,*,#5518,.F.);
#5518 = EDGE_CURVE('',#5519,#5511,#5521,.T.);
#5519 = VERTEX_POINT('',#5520);
#5520 = CARTESIAN_POINT('',(-3.4,20.839596345009,6.8));
#5521 = CIRCLE('',#5522,3.216854249492);
#5522 = AXIS2_PLACEMENT_3D('',#5523,#5524,#5525);
#5523 = CARTESIAN_POINT('',(-4.,24.,6.8));
#5524 = DIRECTION('',(0.,0.,-1.));
#5525 = DIRECTION('',(1.,0.,0.));
#5526 = ORIENTED_EDGE('',*,*,#5527,.F.);
#5527 = EDGE_CURVE('',#4608,#5519,#5528,.T.);
#5528 = LINE('',#5529,#5530);
#5529 = CARTESIAN_POINT('',(-3.4,20.83959634501,0.3));
#5530 = VECTOR('',#5531,1.);
#5531 = DIRECTION('',(-0.,-0.,-1.));
#5532 = ORIENTED_EDGE('',*,*,#4632,.T.);
#5533 = ORIENTED_EDGE('',*,*,#4655,.T.);
#5534 = ORIENTED_EDGE('',*,*,#4672,.F.);
#5535 = ORIENTED_EDGE('',*,*,#5493,.F.);
#5536 = CYLINDRICAL_SURFACE('',#5537,3.216854249492);
#5537 = AXIS2_PLACEMENT_3D('',#5538,#5539,#5540);
#5538 = CARTESIAN_POINT('',(-4.,24.,0.3));
#5539 = DIRECTION('',(-0.,-0.,-1.));
#5540 = DIRECTION('',(1.,0.,0.));
#5541 = ADVANCED_FACE('',(#5542),#5560,.F.);
#5542 = FACE_BOUND('',#5543,.F.);
#5543 = EDGE_LOOP('',(#5544,#5545,#5553,#5559));
#5544 = ORIENTED_EDGE('',*,*,#3535,.F.);
#5545 = ORIENTED_EDGE('',*,*,#5546,.T.);
#5546 = EDGE_CURVE('',#3527,#5547,#5549,.T.);
#5547 = VERTEX_POINT('',#5548);
#5548 = CARTESIAN_POINT('',(-4.6,19.16040365499,6.8));
#5549 = LINE('',#5550,#5551);
#5550 = CARTESIAN_POINT('',(-4.6,19.16040365499,0.3));
#5551 = VECTOR('',#5552,1.);
#5552 = DIRECTION('',(-0.,-0.,-1.));
#5553 = ORIENTED_EDGE('',*,*,#5554,.T.);
#5554 = EDGE_CURVE('',#5547,#5511,#5555,.T.);
#5555 = LINE('',#5556,#5557);
#5556 = CARTESIAN_POINT('',(-4.6,-31.9,6.8));
#5557 = VECTOR('',#5558,1.);
#5558 = DIRECTION('',(0.,1.,0.));
#5559 = ORIENTED_EDGE('',*,*,#5510,.F.);
#5560 = PLANE('',#5561);
#5561 = AXIS2_PLACEMENT_3D('',#5562,#5563,#5564);
#5562 = CARTESIAN_POINT('',(-4.6,-31.9,6.8));
#5563 = DIRECTION('',(1.,0.,0.));
#5564 = DIRECTION('',(0.,0.,1.));
#5565 = ADVANCED_FACE('',(#5566),#5634,.T.);
#5566 = FACE_BOUND('',#5567,.F.);
#5567 = EDGE_LOOP('',(#5568,#5577,#5583,#5584,#5585,#5586,#5594,#5601,
    #5602,#5603,#5604,#5605,#5606,#5607,#5615,#5624,#5630,#5631,#5632,
    #5633));
#5568 = ORIENTED_EDGE('',*,*,#5569,.F.);
#5569 = EDGE_CURVE('',#5570,#5570,#5572,.T.);
#5570 = VERTEX_POINT('',#5571);
#5571 = CARTESIAN_POINT('',(-0.783145750508,16.,0.3));
#5572 = CIRCLE('',#5573,3.216854249492);
#5573 = AXIS2_PLACEMENT_3D('',#5574,#5575,#5576);
#5574 = CARTESIAN_POINT('',(-4.,16.,0.3));
#5575 = DIRECTION('',(0.,0.,1.));
#5576 = DIRECTION('',(1.,0.,0.));
#5577 = ORIENTED_EDGE('',*,*,#5578,.T.);
#5578 = EDGE_CURVE('',#5570,#4549,#5579,.T.);
#5579 = LINE('',#5580,#5581);
#5580 = CARTESIAN_POINT('',(-0.783145750508,16.,0.3));
#5581 = VECTOR('',#5582,1.);
#5582 = DIRECTION('',(0.,0.,1.));
#5583 = ORIENTED_EDGE('',*,*,#4557,.F.);
#5584 = ORIENTED_EDGE('',*,*,#4582,.F.);
#5585 = ORIENTED_EDGE('',*,*,#4615,.T.);
#5586 = ORIENTED_EDGE('',*,*,#5587,.T.);
#5587 = EDGE_CURVE('',#4606,#5588,#5590,.T.);
#5588 = VERTEX_POINT('',#5589);
#5589 = CARTESIAN_POINT('',(-3.4,19.16040365499,6.8));
#5590 = LINE('',#5591,#5592);
#5591 = CARTESIAN_POINT('',(-3.4,19.16040365499,0.3));
#5592 = VECTOR('',#5593,1.);
#5593 = DIRECTION('',(-0.,-0.,-1.));
#5594 = ORIENTED_EDGE('',*,*,#5595,.F.);
#5595 = EDGE_CURVE('',#5547,#5588,#5596,.T.);
#5596 = CIRCLE('',#5597,3.216854249492);
#5597 = AXIS2_PLACEMENT_3D('',#5598,#5599,#5600);
#5598 = CARTESIAN_POINT('',(-4.,16.,6.8));
#5599 = DIRECTION('',(0.,0.,-1.));
#5600 = DIRECTION('',(1.,0.,0.));
#5601 = ORIENTED_EDGE('',*,*,#5546,.F.);
#5602 = ORIENTED_EDGE('',*,*,#3526,.T.);
#5603 = ORIENTED_EDGE('',*,*,#3569,.T.);
#5604 = ORIENTED_EDGE('',*,*,#3583,.F.);
#5605 = ORIENTED_EDGE('',*,*,#3618,.F.);
#5606 = ORIENTED_EDGE('',*,*,#3658,.T.);
#5607 = ORIENTED_EDGE('',*,*,#5608,.T.);
#5608 = EDGE_CURVE('',#3651,#5609,#5611,.T.);
#5609 = VERTEX_POINT('',#5610);
#5610 = CARTESIAN_POINT('',(-4.6,12.83959634501,6.8));
#5611 = LINE('',#5612,#5613);
#5612 = CARTESIAN_POINT('',(-4.6,12.83959634501,0.3));
#5613 = VECTOR('',#5614,1.);
#5614 = DIRECTION('',(-0.,-0.,-1.));
#5615 = ORIENTED_EDGE('',*,*,#5616,.F.);
#5616 = EDGE_CURVE('',#5617,#5609,#5619,.T.);
#5617 = VERTEX_POINT('',#5618);
#5618 = CARTESIAN_POINT('',(-3.4,12.83959634501,6.8));
#5619 = CIRCLE('',#5620,3.216854249492);
#5620 = AXIS2_PLACEMENT_3D('',#5621,#5622,#5623);
#5621 = CARTESIAN_POINT('',(-4.,16.,6.8));
#5622 = DIRECTION('',(0.,0.,-1.));
#5623 = DIRECTION('',(1.,0.,0.));
#5624 = ORIENTED_EDGE('',*,*,#5625,.F.);
#5625 = EDGE_CURVE('',#4484,#5617,#5626,.T.);
#5626 = LINE('',#5627,#5628);
#5627 = CARTESIAN_POINT('',(-3.4,12.83959634501,0.3));
#5628 = VECTOR('',#5629,1.);
#5629 = DIRECTION('',(-0.,-0.,-1.));
#5630 = ORIENTED_EDGE('',*,*,#4508,.T.);
#5631 = ORIENTED_EDGE('',*,*,#4531,.T.);
#5632 = ORIENTED_EDGE('',*,*,#4548,.F.);
#5633 = ORIENTED_EDGE('',*,*,#5578,.F.);
#5634 = CYLINDRICAL_SURFACE('',#5635,3.216854249492);
#5635 = AXIS2_PLACEMENT_3D('',#5636,#5637,#5638);
#5636 = CARTESIAN_POINT('',(-4.,16.,0.3));
#5637 = DIRECTION('',(-0.,-0.,-1.));
#5638 = DIRECTION('',(1.,0.,0.));
#5639 = ADVANCED_FACE('',(#5640),#5658,.F.);
#5640 = FACE_BOUND('',#5641,.F.);
#5641 = EDGE_LOOP('',(#5642,#5643,#5651,#5657));
#5642 = ORIENTED_EDGE('',*,*,#3650,.F.);
#5643 = ORIENTED_EDGE('',*,*,#5644,.T.);
#5644 = EDGE_CURVE('',#3642,#5645,#5647,.T.);
#5645 = VERTEX_POINT('',#5646);
#5646 = CARTESIAN_POINT('',(-4.6,11.160403654991,6.8));
#5647 = LINE('',#5648,#5649);
#5648 = CARTESIAN_POINT('',(-4.6,11.16040365499,0.3));
#5649 = VECTOR('',#5650,1.);
#5650 = DIRECTION('',(-0.,-0.,-1.));
#5651 = ORIENTED_EDGE('',*,*,#5652,.T.);
#5652 = EDGE_CURVE('',#5645,#5609,#5653,.T.);
#5653 = LINE('',#5654,#5655);
#5654 = CARTESIAN_POINT('',(-4.6,-31.9,6.8));
#5655 = VECTOR('',#5656,1.);
#5656 = DIRECTION('',(0.,1.,0.));
#5657 = ORIENTED_EDGE('',*,*,#5608,.F.);
#5658 = PLANE('',#5659);
#5659 = AXIS2_PLACEMENT_3D('',#5660,#5661,#5662);
#5660 = CARTESIAN_POINT('',(-4.6,-31.9,6.8));
#5661 = DIRECTION('',(1.,0.,0.));
#5662 = DIRECTION('',(0.,0.,1.));
#5663 = ADVANCED_FACE('',(#5664),#5732,.T.);
#5664 = FACE_BOUND('',#5665,.F.);
#5665 = EDGE_LOOP('',(#5666,#5675,#5681,#5682,#5683,#5684,#5692,#5699,
    #5700,#5701,#5702,#5703,#5704,#5705,#5713,#5722,#5728,#5729,#5730,
    #5731));
#5666 = ORIENTED_EDGE('',*,*,#5667,.F.);
#5667 = EDGE_CURVE('',#5668,#5668,#5670,.T.);
#5668 = VERTEX_POINT('',#5669);
#5669 = CARTESIAN_POINT('',(-0.783145750508,8.,0.3));
#5670 = CIRCLE('',#5671,3.216854249492);
#5671 = AXIS2_PLACEMENT_3D('',#5672,#5673,#5674);
#5672 = CARTESIAN_POINT('',(-4.,8.,0.3));
#5673 = DIRECTION('',(0.,0.,1.));
#5674 = DIRECTION('',(1.,0.,0.));
#5675 = ORIENTED_EDGE('',*,*,#5676,.T.);
#5676 = EDGE_CURVE('',#5668,#4425,#5677,.T.);
#5677 = LINE('',#5678,#5679);
#5678 = CARTESIAN_POINT('',(-0.783145750508,8.,0.3));
#5679 = VECTOR('',#5680,1.);
#5680 = DIRECTION('',(0.,0.,1.));
#5681 = ORIENTED_EDGE('',*,*,#4433,.F.);
#5682 = ORIENTED_EDGE('',*,*,#4458,.F.);
#5683 = ORIENTED_EDGE('',*,*,#4491,.T.);
#5684 = ORIENTED_EDGE('',*,*,#5685,.T.);
#5685 = EDGE_CURVE('',#4482,#5686,#5688,.T.);
#5686 = VERTEX_POINT('',#5687);
#5687 = CARTESIAN_POINT('',(-3.4,11.16040365499,6.8));
#5688 = LINE('',#5689,#5690);
#5689 = CARTESIAN_POINT('',(-3.4,11.16040365499,0.3));
#5690 = VECTOR('',#5691,1.);
#5691 = DIRECTION('',(-0.,-0.,-1.));
#5692 = ORIENTED_EDGE('',*,*,#5693,.F.);
#5693 = EDGE_CURVE('',#5645,#5686,#5694,.T.);
#5694 = CIRCLE('',#5695,3.216854249492);
#5695 = AXIS2_PLACEMENT_3D('',#5696,#5697,#5698);
#5696 = CARTESIAN_POINT('',(-4.,8.,6.8));
#5697 = DIRECTION('',(0.,0.,-1.));
#5698 = DIRECTION('',(1.,0.,0.));
#5699 = ORIENTED_EDGE('',*,*,#5644,.F.);
#5700 = ORIENTED_EDGE('',*,*,#3641,.T.);
#5701 = ORIENTED_EDGE('',*,*,#3684,.T.);
#5702 = ORIENTED_EDGE('',*,*,#3698,.F.);
#5703 = ORIENTED_EDGE('',*,*,#3733,.F.);
#5704 = ORIENTED_EDGE('',*,*,#3773,.T.);
#5705 = ORIENTED_EDGE('',*,*,#5706,.T.);
#5706 = EDGE_CURVE('',#3766,#5707,#5709,.T.);
#5707 = VERTEX_POINT('',#5708);
#5708 = CARTESIAN_POINT('',(-4.6,4.839596345009,6.8));
#5709 = LINE('',#5710,#5711);
#5710 = CARTESIAN_POINT('',(-4.6,4.83959634501,0.3));
#5711 = VECTOR('',#5712,1.);
#5712 = DIRECTION('',(-0.,-0.,-1.));
#5713 = ORIENTED_EDGE('',*,*,#5714,.F.);
#5714 = EDGE_CURVE('',#5715,#5707,#5717,.T.);
#5715 = VERTEX_POINT('',#5716);
#5716 = CARTESIAN_POINT('',(-3.4,4.83959634501,6.8));
#5717 = CIRCLE('',#5718,3.216854249492);
#5718 = AXIS2_PLACEMENT_3D('',#5719,#5720,#5721);
#5719 = CARTESIAN_POINT('',(-4.,8.,6.8));
#5720 = DIRECTION('',(0.,0.,-1.));
#5721 = DIRECTION('',(1.,0.,0.));
#5722 = ORIENTED_EDGE('',*,*,#5723,.F.);
#5723 = EDGE_CURVE('',#4335,#5715,#5724,.T.);
#5724 = LINE('',#5725,#5726);
#5725 = CARTESIAN_POINT('',(-3.4,4.83959634501,0.3));
#5726 = VECTOR('',#5727,1.);
#5727 = DIRECTION('',(-0.,-0.,-1.));
#5728 = ORIENTED_EDGE('',*,*,#4384,.T.);
#5729 = ORIENTED_EDGE('',*,*,#4407,.T.);
#5730 = ORIENTED_EDGE('',*,*,#4424,.F.);
#5731 = ORIENTED_EDGE('',*,*,#5676,.F.);
#5732 = CYLINDRICAL_SURFACE('',#5733,3.216854249492);
#5733 = AXIS2_PLACEMENT_3D('',#5734,#5735,#5736);
#5734 = CARTESIAN_POINT('',(-4.,8.,0.3));
#5735 = DIRECTION('',(-0.,-0.,-1.));
#5736 = DIRECTION('',(1.,0.,0.));
#5737 = ADVANCED_FACE('',(#5738),#5756,.F.);
#5738 = FACE_BOUND('',#5739,.F.);
#5739 = EDGE_LOOP('',(#5740,#5741,#5749,#5755));
#5740 = ORIENTED_EDGE('',*,*,#3765,.F.);
#5741 = ORIENTED_EDGE('',*,*,#5742,.T.);
#5742 = EDGE_CURVE('',#3757,#5743,#5745,.T.);
#5743 = VERTEX_POINT('',#5744);
#5744 = CARTESIAN_POINT('',(-4.6,3.16040365499,6.8));
#5745 = LINE('',#5746,#5747);
#5746 = CARTESIAN_POINT('',(-4.6,3.16040365499,0.3));
#5747 = VECTOR('',#5748,1.);
#5748 = DIRECTION('',(-0.,-0.,-1.));
#5749 = ORIENTED_EDGE('',*,*,#5750,.T.);
#5750 = EDGE_CURVE('',#5743,#5707,#5751,.T.);
#5751 = LINE('',#5752,#5753);
#5752 = CARTESIAN_POINT('',(-4.6,-31.9,6.8));
#5753 = VECTOR('',#5754,1.);
#5754 = DIRECTION('',(0.,1.,0.));
#5755 = ORIENTED_EDGE('',*,*,#5706,.F.);
#5756 = PLANE('',#5757);
#5757 = AXIS2_PLACEMENT_3D('',#5758,#5759,#5760);
#5758 = CARTESIAN_POINT('',(-4.6,-31.9,6.8));
#5759 = DIRECTION('',(1.,0.,0.));
#5760 = DIRECTION('',(0.,0.,1.));
#5761 = ADVANCED_FACE('',(#5762),#5858,.T.);
#5762 = FACE_BOUND('',#5763,.F.);
#5763 = EDGE_LOOP('',(#5764,#5773,#5781,#5790,#5796,#5797,#5805,#5812,
    #5813,#5814,#5815,#5816,#5817,#5818,#5826,#5835,#5841,#5842,#5850,
    #5857));
#5764 = ORIENTED_EDGE('',*,*,#5765,.F.);
#5765 = EDGE_CURVE('',#5766,#5766,#5768,.T.);
#5766 = VERTEX_POINT('',#5767);
#5767 = CARTESIAN_POINT('',(-0.783145750508,-7.879020519929E-16,0.3));
#5768 = CIRCLE('',#5769,3.216854249492);
#5769 = AXIS2_PLACEMENT_3D('',#5770,#5771,#5772);
#5770 = CARTESIAN_POINT('',(-4.,0.,0.3));
#5771 = DIRECTION('',(0.,0.,1.));
#5772 = DIRECTION('',(1.,0.,0.));
#5773 = ORIENTED_EDGE('',*,*,#5774,.T.);
#5774 = EDGE_CURVE('',#5766,#5775,#5777,.T.);
#5775 = VERTEX_POINT('',#5776);
#5776 = CARTESIAN_POINT('',(-0.783145750508,-7.879020519929E-16,6.8));
#5777 = LINE('',#5778,#5779);
#5778 = CARTESIAN_POINT('',(-0.783145750508,-7.879020519929E-16,0.3));
#5779 = VECTOR('',#5780,1.);
#5780 = DIRECTION('',(0.,0.,1.));
#5781 = ORIENTED_EDGE('',*,*,#5782,.F.);
#5782 = EDGE_CURVE('',#5783,#5775,#5785,.T.);
#5783 = VERTEX_POINT('',#5784);
#5784 = CARTESIAN_POINT('',(-0.83959634501,0.6,6.8));
#5785 = CIRCLE('',#5786,3.216854249492);
#5786 = AXIS2_PLACEMENT_3D('',#5787,#5788,#5789);
#5787 = CARTESIAN_POINT('',(-4.,0.,6.8));
#5788 = DIRECTION('',(0.,0.,-1.));
#5789 = DIRECTION('',(1.,0.,0.));
#5790 = ORIENTED_EDGE('',*,*,#5791,.F.);
#5791 = EDGE_CURVE('',#4343,#5783,#5792,.T.);
#5792 = LINE('',#5793,#5794);
#5793 = CARTESIAN_POINT('',(-0.83959634501,0.6,0.3));
#5794 = VECTOR('',#5795,1.);
#5795 = DIRECTION('',(-0.,-0.,-1.));
#5796 = ORIENTED_EDGE('',*,*,#4342,.T.);
#5797 = ORIENTED_EDGE('',*,*,#5798,.T.);
#5798 = EDGE_CURVE('',#4333,#5799,#5801,.T.);
#5799 = VERTEX_POINT('',#5800);
#5800 = CARTESIAN_POINT('',(-3.4,3.16040365499,6.8));
#5801 = LINE('',#5802,#5803);
#5802 = CARTESIAN_POINT('',(-3.4,3.16040365499,0.3));
#5803 = VECTOR('',#5804,1.);
#5804 = DIRECTION('',(-0.,-0.,-1.));
#5805 = ORIENTED_EDGE('',*,*,#5806,.F.);
#5806 = EDGE_CURVE('',#5743,#5799,#5807,.T.);
#5807 = CIRCLE('',#5808,3.216854249492);
#5808 = AXIS2_PLACEMENT_3D('',#5809,#5810,#5811);
#5809 = CARTESIAN_POINT('',(-4.,0.,6.8));
#5810 = DIRECTION('',(0.,0.,-1.));
#5811 = DIRECTION('',(1.,0.,0.));
#5812 = ORIENTED_EDGE('',*,*,#5742,.F.);
#5813 = ORIENTED_EDGE('',*,*,#3756,.T.);
#5814 = ORIENTED_EDGE('',*,*,#3799,.T.);
#5815 = ORIENTED_EDGE('',*,*,#3813,.F.);
#5816 = ORIENTED_EDGE('',*,*,#3848,.F.);
#5817 = ORIENTED_EDGE('',*,*,#3888,.T.);
#5818 = ORIENTED_EDGE('',*,*,#5819,.T.);
#5819 = EDGE_CURVE('',#3881,#5820,#5822,.T.);
#5820 = VERTEX_POINT('',#5821);
#5821 = CARTESIAN_POINT('',(-4.6,-3.16040365499,6.8));
#5822 = LINE('',#5823,#5824);
#5823 = CARTESIAN_POINT('',(-4.6,-3.16040365499,0.3));
#5824 = VECTOR('',#5825,1.);
#5825 = DIRECTION('',(-0.,-0.,-1.));
#5826 = ORIENTED_EDGE('',*,*,#5827,.F.);
#5827 = EDGE_CURVE('',#5828,#5820,#5830,.T.);
#5828 = VERTEX_POINT('',#5829);
#5829 = CARTESIAN_POINT('',(-3.4,-3.16040365499,6.8));
#5830 = CIRCLE('',#5831,3.216854249492);
#5831 = AXIS2_PLACEMENT_3D('',#5832,#5833,#5834);
#5832 = CARTESIAN_POINT('',(-4.,0.,6.8));
#5833 = DIRECTION('',(0.,0.,-1.));
#5834 = DIRECTION('',(1.,0.,0.));
#5835 = ORIENTED_EDGE('',*,*,#5836,.F.);
#5836 = EDGE_CURVE('',#5005,#5828,#5837,.T.);
#5837 = LINE('',#5838,#5839);
#5838 = CARTESIAN_POINT('',(-3.4,-3.16040365499,0.3));
#5839 = VECTOR('',#5840,1.);
#5840 = DIRECTION('',(-0.,-0.,-1.));
#5841 = ORIENTED_EDGE('',*,*,#5047,.T.);
#5842 = ORIENTED_EDGE('',*,*,#5843,.T.);
#5843 = EDGE_CURVE('',#5040,#5844,#5846,.T.);
#5844 = VERTEX_POINT('',#5845);
#5845 = CARTESIAN_POINT('',(-0.83959634501,-0.6,6.8));
#5846 = LINE('',#5847,#5848);
#5847 = CARTESIAN_POINT('',(-0.83959634501,-0.6,0.3));
#5848 = VECTOR('',#5849,1.);
#5849 = DIRECTION('',(-0.,-0.,-1.));
#5850 = ORIENTED_EDGE('',*,*,#5851,.F.);
#5851 = EDGE_CURVE('',#5775,#5844,#5852,.T.);
#5852 = CIRCLE('',#5853,3.216854249492);
#5853 = AXIS2_PLACEMENT_3D('',#5854,#5855,#5856);
#5854 = CARTESIAN_POINT('',(-4.,0.,6.8));
#5855 = DIRECTION('',(0.,0.,-1.));
#5856 = DIRECTION('',(1.,0.,0.));
#5857 = ORIENTED_EDGE('',*,*,#5774,.F.);
#5858 = CYLINDRICAL_SURFACE('',#5859,3.216854249492);
#5859 = AXIS2_PLACEMENT_3D('',#5860,#5861,#5862);
#5860 = CARTESIAN_POINT('',(-4.,0.,0.3));
#5861 = DIRECTION('',(-0.,-0.,-1.));
#5862 = DIRECTION('',(1.,0.,0.));
#5863 = ADVANCED_FACE('',(#5864),#5882,.F.);
#5864 = FACE_BOUND('',#5865,.F.);
#5865 = EDGE_LOOP('',(#5866,#5867,#5875,#5881));
#5866 = ORIENTED_EDGE('',*,*,#3880,.F.);
#5867 = ORIENTED_EDGE('',*,*,#5868,.T.);
#5868 = EDGE_CURVE('',#3872,#5869,#5871,.T.);
#5869 = VERTEX_POINT('',#5870);
#5870 = CARTESIAN_POINT('',(-4.6,-4.83959634501,6.8));
#5871 = LINE('',#5872,#5873);
#5872 = CARTESIAN_POINT('',(-4.6,-4.83959634501,0.3));
#5873 = VECTOR('',#5874,1.);
#5874 = DIRECTION('',(-0.,-0.,-1.));
#5875 = ORIENTED_EDGE('',*,*,#5876,.T.);
#5876 = EDGE_CURVE('',#5869,#5820,#5877,.T.);
#5877 = LINE('',#5878,#5879);
#5878 = CARTESIAN_POINT('',(-4.6,-31.9,6.8));
#5879 = VECTOR('',#5880,1.);
#5880 = DIRECTION('',(0.,1.,0.));
#5881 = ORIENTED_EDGE('',*,*,#5819,.F.);
#5882 = PLANE('',#5883);
#5883 = AXIS2_PLACEMENT_3D('',#5884,#5885,#5886);
#5884 = CARTESIAN_POINT('',(-4.6,-31.9,6.8));
#5885 = DIRECTION('',(1.,0.,0.));
#5886 = DIRECTION('',(0.,0.,1.));
#5887 = ADVANCED_FACE('',(#5888),#5956,.T.);
#5888 = FACE_BOUND('',#5889,.F.);
#5889 = EDGE_LOOP('',(#5890,#5899,#5905,#5906,#5907,#5908,#5916,#5923,
    #5924,#5925,#5926,#5927,#5928,#5929,#5937,#5946,#5952,#5953,#5954,
    #5955));
#5890 = ORIENTED_EDGE('',*,*,#5891,.F.);
#5891 = EDGE_CURVE('',#5892,#5892,#5894,.T.);
#5892 = VERTEX_POINT('',#5893);
#5893 = CARTESIAN_POINT('',(-0.783145750508,-8.,0.3));
#5894 = CIRCLE('',#5895,3.216854249492);
#5895 = AXIS2_PLACEMENT_3D('',#5896,#5897,#5898);
#5896 = CARTESIAN_POINT('',(-4.,-8.,0.3));
#5897 = DIRECTION('',(0.,0.,1.));
#5898 = DIRECTION('',(1.,0.,0.));
#5899 = ORIENTED_EDGE('',*,*,#5900,.T.);
#5900 = EDGE_CURVE('',#5892,#5369,#5901,.T.);
#5901 = LINE('',#5902,#5903);
#5902 = CARTESIAN_POINT('',(-0.783145750508,-8.,0.3));
#5903 = VECTOR('',#5904,1.);
#5904 = DIRECTION('',(0.,0.,1.));
#5905 = ORIENTED_EDGE('',*,*,#5377,.F.);
#5906 = ORIENTED_EDGE('',*,*,#5402,.F.);
#5907 = ORIENTED_EDGE('',*,*,#5012,.T.);
#5908 = ORIENTED_EDGE('',*,*,#5909,.T.);
#5909 = EDGE_CURVE('',#5003,#5910,#5912,.T.);
#5910 = VERTEX_POINT('',#5911);
#5911 = CARTESIAN_POINT('',(-3.4,-4.83959634501,6.8));
#5912 = LINE('',#5913,#5914);
#5913 = CARTESIAN_POINT('',(-3.4,-4.83959634501,0.3));
#5914 = VECTOR('',#5915,1.);
#5915 = DIRECTION('',(-0.,-0.,-1.));
#5916 = ORIENTED_EDGE('',*,*,#5917,.F.);
#5917 = EDGE_CURVE('',#5869,#5910,#5918,.T.);
#5918 = CIRCLE('',#5919,3.216854249492);
#5919 = AXIS2_PLACEMENT_3D('',#5920,#5921,#5922);
#5920 = CARTESIAN_POINT('',(-4.,-8.,6.8));
#5921 = DIRECTION('',(0.,0.,-1.));
#5922 = DIRECTION('',(1.,0.,0.));
#5923 = ORIENTED_EDGE('',*,*,#5868,.F.);
#5924 = ORIENTED_EDGE('',*,*,#3871,.T.);
#5925 = ORIENTED_EDGE('',*,*,#3914,.T.);
#5926 = ORIENTED_EDGE('',*,*,#3928,.F.);
#5927 = ORIENTED_EDGE('',*,*,#3963,.F.);
#5928 = ORIENTED_EDGE('',*,*,#4003,.T.);
#5929 = ORIENTED_EDGE('',*,*,#5930,.T.);
#5930 = EDGE_CURVE('',#3996,#5931,#5933,.T.);
#5931 = VERTEX_POINT('',#5932);
#5932 = CARTESIAN_POINT('',(-4.6,-11.16040365499,6.8));
#5933 = LINE('',#5934,#5935);
#5934 = CARTESIAN_POINT('',(-4.6,-11.16040365499,0.3));
#5935 = VECTOR('',#5936,1.);
#5936 = DIRECTION('',(-0.,-0.,-1.));
#5937 = ORIENTED_EDGE('',*,*,#5938,.F.);
#5938 = EDGE_CURVE('',#5939,#5931,#5941,.T.);
#5939 = VERTEX_POINT('',#5940);
#5940 = CARTESIAN_POINT('',(-3.4,-11.16040365499,6.8));
#5941 = CIRCLE('',#5942,3.216854249492);
#5942 = AXIS2_PLACEMENT_3D('',#5943,#5944,#5945);
#5943 = CARTESIAN_POINT('',(-4.,-8.,6.8));
#5944 = DIRECTION('',(0.,0.,-1.));
#5945 = DIRECTION('',(1.,0.,0.));
#5946 = ORIENTED_EDGE('',*,*,#5947,.F.);
#5947 = EDGE_CURVE('',#5304,#5939,#5948,.T.);
#5948 = LINE('',#5949,#5950);
#5949 = CARTESIAN_POINT('',(-3.4,-11.16040365499,0.3));
#5950 = VECTOR('',#5951,1.);
#5951 = DIRECTION('',(-0.,-0.,-1.));
#5952 = ORIENTED_EDGE('',*,*,#5328,.T.);
#5953 = ORIENTED_EDGE('',*,*,#5351,.T.);
#5954 = ORIENTED_EDGE('',*,*,#5368,.F.);
#5955 = ORIENTED_EDGE('',*,*,#5900,.F.);
#5956 = CYLINDRICAL_SURFACE('',#5957,3.216854249492);
#5957 = AXIS2_PLACEMENT_3D('',#5958,#5959,#5960);
#5958 = CARTESIAN_POINT('',(-4.,-8.,0.3));
#5959 = DIRECTION('',(-0.,-0.,-1.));
#5960 = DIRECTION('',(1.,0.,0.));
#5961 = ADVANCED_FACE('',(#5962),#5980,.F.);
#5962 = FACE_BOUND('',#5963,.F.);
#5963 = EDGE_LOOP('',(#5964,#5965,#5973,#5979));
#5964 = ORIENTED_EDGE('',*,*,#3995,.F.);
#5965 = ORIENTED_EDGE('',*,*,#5966,.T.);
#5966 = EDGE_CURVE('',#3987,#5967,#5969,.T.);
#5967 = VERTEX_POINT('',#5968);
#5968 = CARTESIAN_POINT('',(-4.6,-12.83959634501,6.8));
#5969 = LINE('',#5970,#5971);
#5970 = CARTESIAN_POINT('',(-4.6,-12.83959634501,0.3));
#5971 = VECTOR('',#5972,1.);
#5972 = DIRECTION('',(-0.,-0.,-1.));
#5973 = ORIENTED_EDGE('',*,*,#5974,.T.);
#5974 = EDGE_CURVE('',#5967,#5931,#5975,.T.);
#5975 = LINE('',#5976,#5977);
#5976 = CARTESIAN_POINT('',(-4.6,-31.9,6.8));
#5977 = VECTOR('',#5978,1.);
#5978 = DIRECTION('',(0.,1.,0.));
#5979 = ORIENTED_EDGE('',*,*,#5930,.F.);
#5980 = PLANE('',#5981);
#5981 = AXIS2_PLACEMENT_3D('',#5982,#5983,#5984);
#5982 = CARTESIAN_POINT('',(-4.6,-31.9,6.8));
#5983 = DIRECTION('',(1.,0.,0.));
#5984 = DIRECTION('',(0.,0.,1.));
#5985 = ADVANCED_FACE('',(#5986),#6054,.T.);
#5986 = FACE_BOUND('',#5987,.F.);
#5987 = EDGE_LOOP('',(#5988,#5997,#6003,#6004,#6005,#6006,#6014,#6021,
    #6022,#6023,#6024,#6025,#6026,#6027,#6035,#6044,#6050,#6051,#6052,
    #6053));
#5988 = ORIENTED_EDGE('',*,*,#5989,.F.);
#5989 = EDGE_CURVE('',#5990,#5990,#5992,.T.);
#5990 = VERTEX_POINT('',#5991);
#5991 = CARTESIAN_POINT('',(-0.783145750508,-16.,0.3));
#5992 = CIRCLE('',#5993,3.216854249492);
#5993 = AXIS2_PLACEMENT_3D('',#5994,#5995,#5996);
#5994 = CARTESIAN_POINT('',(-4.,-16.,0.3));
#5995 = DIRECTION('',(0.,0.,1.));
#5996 = DIRECTION('',(1.,0.,0.));
#5997 = ORIENTED_EDGE('',*,*,#5998,.T.);
#5998 = EDGE_CURVE('',#5990,#5245,#5999,.T.);
#5999 = LINE('',#6000,#6001);
#6000 = CARTESIAN_POINT('',(-0.783145750508,-16.,0.3));
#6001 = VECTOR('',#6002,1.);
#6002 = DIRECTION('',(0.,0.,1.));
#6003 = ORIENTED_EDGE('',*,*,#5253,.F.);
#6004 = ORIENTED_EDGE('',*,*,#5278,.F.);
#6005 = ORIENTED_EDGE('',*,*,#5311,.T.);
#6006 = ORIENTED_EDGE('',*,*,#6007,.T.);
#6007 = EDGE_CURVE('',#5302,#6008,#6010,.T.);
#6008 = VERTEX_POINT('',#6009);
#6009 = CARTESIAN_POINT('',(-3.4,-12.83959634501,6.8));
#6010 = LINE('',#6011,#6012);
#6011 = CARTESIAN_POINT('',(-3.4,-12.83959634501,0.3));
#6012 = VECTOR('',#6013,1.);
#6013 = DIRECTION('',(-0.,-0.,-1.));
#6014 = ORIENTED_EDGE('',*,*,#6015,.F.);
#6015 = EDGE_CURVE('',#5967,#6008,#6016,.T.);
#6016 = CIRCLE('',#6017,3.216854249492);
#6017 = AXIS2_PLACEMENT_3D('',#6018,#6019,#6020);
#6018 = CARTESIAN_POINT('',(-4.,-16.,6.8));
#6019 = DIRECTION('',(0.,0.,-1.));
#6020 = DIRECTION('',(1.,0.,0.));
#6021 = ORIENTED_EDGE('',*,*,#5966,.F.);
#6022 = ORIENTED_EDGE('',*,*,#3986,.T.);
#6023 = ORIENTED_EDGE('',*,*,#4029,.T.);
#6024 = ORIENTED_EDGE('',*,*,#4043,.F.);
#6025 = ORIENTED_EDGE('',*,*,#4078,.F.);
#6026 = ORIENTED_EDGE('',*,*,#4118,.T.);
#6027 = ORIENTED_EDGE('',*,*,#6028,.T.);
#6028 = EDGE_CURVE('',#4111,#6029,#6031,.T.);
#6029 = VERTEX_POINT('',#6030);
#6030 = CARTESIAN_POINT('',(-4.6,-19.16040365499,6.8));
#6031 = LINE('',#6032,#6033);
#6032 = CARTESIAN_POINT('',(-4.6,-19.16040365499,0.3));
#6033 = VECTOR('',#6034,1.);
#6034 = DIRECTION('',(-0.,-0.,-1.));
#6035 = ORIENTED_EDGE('',*,*,#6036,.F.);
#6036 = EDGE_CURVE('',#6037,#6029,#6039,.T.);
#6037 = VERTEX_POINT('',#6038);
#6038 = CARTESIAN_POINT('',(-3.4,-19.16040365499,6.8));
#6039 = CIRCLE('',#6040,3.216854249492);
#6040 = AXIS2_PLACEMENT_3D('',#6041,#6042,#6043);
#6041 = CARTESIAN_POINT('',(-4.,-16.,6.8));
#6042 = DIRECTION('',(0.,0.,-1.));
#6043 = DIRECTION('',(1.,0.,0.));
#6044 = ORIENTED_EDGE('',*,*,#6045,.F.);
#6045 = EDGE_CURVE('',#5180,#6037,#6046,.T.);
#6046 = LINE('',#6047,#6048);
#6047 = CARTESIAN_POINT('',(-3.4,-19.16040365499,0.3));
#6048 = VECTOR('',#6049,1.);
#6049 = DIRECTION('',(-0.,-0.,-1.));
#6050 = ORIENTED_EDGE('',*,*,#5204,.T.);
#6051 = ORIENTED_EDGE('',*,*,#5227,.T.);
#6052 = ORIENTED_EDGE('',*,*,#5244,.F.);
#6053 = ORIENTED_EDGE('',*,*,#5998,.F.);
#6054 = CYLINDRICAL_SURFACE('',#6055,3.216854249492);
#6055 = AXIS2_PLACEMENT_3D('',#6056,#6057,#6058);
#6056 = CARTESIAN_POINT('',(-4.,-16.,0.3));
#6057 = DIRECTION('',(-0.,-0.,-1.));
#6058 = DIRECTION('',(1.,0.,0.));
#6059 = ADVANCED_FACE('',(#6060),#6078,.F.);
#6060 = FACE_BOUND('',#6061,.F.);
#6061 = EDGE_LOOP('',(#6062,#6063,#6071,#6077));
#6062 = ORIENTED_EDGE('',*,*,#4110,.F.);
#6063 = ORIENTED_EDGE('',*,*,#6064,.T.);
#6064 = EDGE_CURVE('',#4102,#6065,#6067,.T.);
#6065 = VERTEX_POINT('',#6066);
#6066 = CARTESIAN_POINT('',(-4.6,-20.83959634501,6.8));
#6067 = LINE('',#6068,#6069);
#6068 = CARTESIAN_POINT('',(-4.6,-20.83959634501,0.3));
#6069 = VECTOR('',#6070,1.);
#6070 = DIRECTION('',(-0.,-0.,-1.));
#6071 = ORIENTED_EDGE('',*,*,#6072,.T.);
#6072 = EDGE_CURVE('',#6065,#6029,#6073,.T.);
#6073 = LINE('',#6074,#6075);
#6074 = CARTESIAN_POINT('',(-4.6,-31.9,6.8));
#6075 = VECTOR('',#6076,1.);
#6076 = DIRECTION('',(0.,1.,0.));
#6077 = ORIENTED_EDGE('',*,*,#6028,.F.);
#6078 = PLANE('',#6079);
#6079 = AXIS2_PLACEMENT_3D('',#6080,#6081,#6082);
#6080 = CARTESIAN_POINT('',(-4.6,-31.9,6.8));
#6081 = DIRECTION('',(1.,0.,0.));
#6082 = DIRECTION('',(0.,0.,1.));
#6083 = ADVANCED_FACE('',(#6084),#6132,.T.);
#6084 = FACE_BOUND('',#6085,.F.);
#6085 = EDGE_LOOP('',(#6086,#6095,#6101,#6102,#6103,#6104,#6112,#6119,
    #6120,#6121,#6122,#6123,#6124,#6125,#6126,#6127,#6128,#6129,#6130,
    #6131));
#6086 = ORIENTED_EDGE('',*,*,#6087,.F.);
#6087 = EDGE_CURVE('',#6088,#6088,#6090,.T.);
#6088 = VERTEX_POINT('',#6089);
#6089 = CARTESIAN_POINT('',(-0.783145750508,-24.,0.3));
#6090 = CIRCLE('',#6091,3.216854249492);
#6091 = AXIS2_PLACEMENT_3D('',#6092,#6093,#6094);
#6092 = CARTESIAN_POINT('',(-4.,-24.,0.3));
#6093 = DIRECTION('',(0.,0.,1.));
#6094 = DIRECTION('',(1.,0.,0.));
#6095 = ORIENTED_EDGE('',*,*,#6096,.T.);
#6096 = EDGE_CURVE('',#6088,#5121,#6097,.T.);
#6097 = LINE('',#6098,#6099);
#6098 = CARTESIAN_POINT('',(-0.783145750508,-24.,0.3));
#6099 = VECTOR('',#6100,1.);
#6100 = DIRECTION('',(0.,0.,1.));
#6101 = ORIENTED_EDGE('',*,*,#5129,.F.);
#6102 = ORIENTED_EDGE('',*,*,#5154,.F.);
#6103 = ORIENTED_EDGE('',*,*,#5187,.T.);
#6104 = ORIENTED_EDGE('',*,*,#6105,.T.);
#6105 = EDGE_CURVE('',#5178,#6106,#6108,.T.);
#6106 = VERTEX_POINT('',#6107);
#6107 = CARTESIAN_POINT('',(-3.4,-20.83959634501,6.8));
#6108 = LINE('',#6109,#6110);
#6109 = CARTESIAN_POINT('',(-3.4,-20.83959634501,0.3));
#6110 = VECTOR('',#6111,1.);
#6111 = DIRECTION('',(-0.,-0.,-1.));
#6112 = ORIENTED_EDGE('',*,*,#6113,.F.);
#6113 = EDGE_CURVE('',#6065,#6106,#6114,.T.);
#6114 = CIRCLE('',#6115,3.216854249492);
#6115 = AXIS2_PLACEMENT_3D('',#6116,#6117,#6118);
#6116 = CARTESIAN_POINT('',(-4.,-24.,6.8));
#6117 = DIRECTION('',(0.,0.,-1.));
#6118 = DIRECTION('',(1.,0.,0.));
#6119 = ORIENTED_EDGE('',*,*,#6064,.F.);
#6120 = ORIENTED_EDGE('',*,*,#4101,.T.);
#6121 = ORIENTED_EDGE('',*,*,#4144,.T.);
#6122 = ORIENTED_EDGE('',*,*,#4158,.F.);
#6123 = ORIENTED_EDGE('',*,*,#4193,.F.);
#6124 = ORIENTED_EDGE('',*,*,#4217,.T.);
#6125 = ORIENTED_EDGE('',*,*,#5470,.T.);
#6126 = ORIENTED_EDGE('',*,*,#5451,.F.);
#6127 = ORIENTED_EDGE('',*,*,#5428,.F.);
#6128 = ORIENTED_EDGE('',*,*,#5080,.T.);
#6129 = ORIENTED_EDGE('',*,*,#5103,.T.);
#6130 = ORIENTED_EDGE('',*,*,#5120,.F.);
#6131 = ORIENTED_EDGE('',*,*,#6096,.F.);
#6132 = CYLINDRICAL_SURFACE('',#6133,3.216854249492);
#6133 = AXIS2_PLACEMENT_3D('',#6134,#6135,#6136);
#6134 = CARTESIAN_POINT('',(-4.,-24.,0.3));
#6135 = DIRECTION('',(-0.,-0.,-1.));
#6136 = DIRECTION('',(1.,0.,0.));
#6137 = ADVANCED_FACE('',(#6138),#6149,.T.);
#6138 = FACE_BOUND('',#6139,.T.);
#6139 = EDGE_LOOP('',(#6140,#6141,#6142,#6148));
#6140 = ORIENTED_EDGE('',*,*,#4332,.F.);
#6141 = ORIENTED_EDGE('',*,*,#5798,.T.);
#6142 = ORIENTED_EDGE('',*,*,#6143,.T.);
#6143 = EDGE_CURVE('',#5799,#5715,#6144,.T.);
#6144 = LINE('',#6145,#6146);
#6145 = CARTESIAN_POINT('',(-3.4,-31.9,6.8));
#6146 = VECTOR('',#6147,1.);
#6147 = DIRECTION('',(0.,1.,0.));
#6148 = ORIENTED_EDGE('',*,*,#5723,.F.);
#6149 = PLANE('',#6150);
#6150 = AXIS2_PLACEMENT_3D('',#6151,#6152,#6153);
#6151 = CARTESIAN_POINT('',(-3.4,-31.9,6.8));
#6152 = DIRECTION('',(1.,0.,0.));
#6153 = DIRECTION('',(0.,0.,1.));
#6154 = ADVANCED_FACE('',(#6155),#6210,.T.);
#6155 = FACE_BOUND('',#6156,.F.);
#6156 = EDGE_LOOP('',(#6157,#6166,#6172,#6173,#6174,#6175,#6176,#6177,
    #6178,#6179,#6187,#6196,#6202,#6203,#6204,#6205,#6206,#6207,#6208,
    #6209));
#6157 = ORIENTED_EDGE('',*,*,#6158,.F.);
#6158 = EDGE_CURVE('',#6159,#6159,#6161,.T.);
#6159 = VERTEX_POINT('',#6160);
#6160 = CARTESIAN_POINT('',(7.216854249492,-7.879020519929E-16,0.3));
#6161 = CIRCLE('',#6162,3.216854249492);
#6162 = AXIS2_PLACEMENT_3D('',#6163,#6164,#6165);
#6163 = CARTESIAN_POINT('',(4.,0.,0.3));
#6164 = DIRECTION('',(0.,0.,1.));
#6165 = DIRECTION('',(1.,0.,0.));
#6166 = ORIENTED_EDGE('',*,*,#6167,.T.);
#6167 = EDGE_CURVE('',#6159,#4880,#6168,.T.);
#6168 = LINE('',#6169,#6170);
#6169 = CARTESIAN_POINT('',(7.216854249492,-7.879020519929E-16,0.3));
#6170 = VECTOR('',#6171,1.);
#6171 = DIRECTION('',(0.,0.,1.));
#6172 = ORIENTED_EDGE('',*,*,#4888,.F.);
#6173 = ORIENTED_EDGE('',*,*,#4913,.F.);
#6174 = ORIENTED_EDGE('',*,*,#4730,.T.);
#6175 = ORIENTED_EDGE('',*,*,#4756,.T.);
#6176 = ORIENTED_EDGE('',*,*,#4779,.F.);
#6177 = ORIENTED_EDGE('',*,*,#4805,.F.);
#6178 = ORIENTED_EDGE('',*,*,#4359,.T.);
#6179 = ORIENTED_EDGE('',*,*,#6180,.T.);
#6180 = EDGE_CURVE('',#4352,#6181,#6183,.T.);
#6181 = VERTEX_POINT('',#6182);
#6182 = CARTESIAN_POINT('',(0.83959634501,0.6,6.8));
#6183 = LINE('',#6184,#6185);
#6184 = CARTESIAN_POINT('',(0.83959634501,0.6,0.3));
#6185 = VECTOR('',#6186,1.);
#6186 = DIRECTION('',(-0.,-0.,-1.));
#6187 = ORIENTED_EDGE('',*,*,#6188,.F.);
#6188 = EDGE_CURVE('',#6189,#6181,#6191,.T.);
#6189 = VERTEX_POINT('',#6190);
#6190 = CARTESIAN_POINT('',(0.83959634501,-0.6,6.8));
#6191 = CIRCLE('',#6192,3.216854249492);
#6192 = AXIS2_PLACEMENT_3D('',#6193,#6194,#6195);
#6193 = CARTESIAN_POINT('',(4.,0.,6.8));
#6194 = DIRECTION('',(0.,0.,-1.));
#6195 = DIRECTION('',(1.,0.,0.));
#6196 = ORIENTED_EDGE('',*,*,#6197,.F.);
#6197 = EDGE_CURVE('',#5031,#6189,#6198,.T.);
#6198 = LINE('',#6199,#6200);
#6199 = CARTESIAN_POINT('',(0.83959634501,-0.6,0.3));
#6200 = VECTOR('',#6201,1.);
#6201 = DIRECTION('',(-0.,-0.,-1.));
#6202 = ORIENTED_EDGE('',*,*,#5030,.T.);
#6203 = ORIENTED_EDGE('',*,*,#4988,.T.);
#6204 = ORIENTED_EDGE('',*,*,#4961,.F.);
#6205 = ORIENTED_EDGE('',*,*,#4939,.F.);
#6206 = ORIENTED_EDGE('',*,*,#4839,.T.);
#6207 = ORIENTED_EDGE('',*,*,#4862,.T.);
#6208 = ORIENTED_EDGE('',*,*,#4879,.F.);
#6209 = ORIENTED_EDGE('',*,*,#6167,.F.);
#6210 = CYLINDRICAL_SURFACE('',#6211,3.216854249492);
#6211 = AXIS2_PLACEMENT_3D('',#6212,#6213,#6214);
#6212 = CARTESIAN_POINT('',(4.,0.,0.3));
#6213 = DIRECTION('',(-0.,-0.,-1.));
#6214 = DIRECTION('',(1.,0.,0.));
#6215 = ADVANCED_FACE('',(#6216),#6227,.T.);
#6216 = FACE_BOUND('',#6217,.T.);
#6217 = EDGE_LOOP('',(#6218,#6224,#6225,#6226));
#6218 = ORIENTED_EDGE('',*,*,#6219,.F.);
#6219 = EDGE_CURVE('',#5783,#6181,#6220,.T.);
#6220 = LINE('',#6221,#6222);
#6221 = CARTESIAN_POINT('',(-11.9,0.6,6.8));
#6222 = VECTOR('',#6223,1.);
#6223 = DIRECTION('',(1.,0.,0.));
#6224 = ORIENTED_EDGE('',*,*,#5791,.F.);
#6225 = ORIENTED_EDGE('',*,*,#4351,.T.);
#6226 = ORIENTED_EDGE('',*,*,#6180,.T.);
#6227 = PLANE('',#6228);
#6228 = AXIS2_PLACEMENT_3D('',#6229,#6230,#6231);
#6229 = CARTESIAN_POINT('',(-11.9,0.6,6.8));
#6230 = DIRECTION('',(0.,1.,0.));
#6231 = DIRECTION('',(0.,0.,1.));
#6232 = ADVANCED_FACE('',(#6233),#6244,.T.);
#6233 = FACE_BOUND('',#6234,.T.);
#6234 = EDGE_LOOP('',(#6235,#6236,#6237,#6243));
#6235 = ORIENTED_EDGE('',*,*,#4481,.F.);
#6236 = ORIENTED_EDGE('',*,*,#5685,.T.);
#6237 = ORIENTED_EDGE('',*,*,#6238,.T.);
#6238 = EDGE_CURVE('',#5686,#5617,#6239,.T.);
#6239 = LINE('',#6240,#6241);
#6240 = CARTESIAN_POINT('',(-3.4,-31.9,6.8));
#6241 = VECTOR('',#6242,1.);
#6242 = DIRECTION('',(0.,1.,0.));
#6243 = ORIENTED_EDGE('',*,*,#5625,.F.);
#6244 = PLANE('',#6245);
#6245 = AXIS2_PLACEMENT_3D('',#6246,#6247,#6248);
#6246 = CARTESIAN_POINT('',(-3.4,-31.9,6.8));
#6247 = DIRECTION('',(1.,0.,0.));
#6248 = DIRECTION('',(0.,0.,1.));
#6249 = ADVANCED_FACE('',(#6250),#6261,.T.);
#6250 = FACE_BOUND('',#6251,.T.);
#6251 = EDGE_LOOP('',(#6252,#6253,#6254,#6260));
#6252 = ORIENTED_EDGE('',*,*,#4605,.F.);
#6253 = ORIENTED_EDGE('',*,*,#5587,.T.);
#6254 = ORIENTED_EDGE('',*,*,#6255,.T.);
#6255 = EDGE_CURVE('',#5588,#5519,#6256,.T.);
#6256 = LINE('',#6257,#6258);
#6257 = CARTESIAN_POINT('',(-3.4,-31.9,6.8));
#6258 = VECTOR('',#6259,1.);
#6259 = DIRECTION('',(0.,1.,0.));
#6260 = ORIENTED_EDGE('',*,*,#5527,.F.);
#6261 = PLANE('',#6262);
#6262 = AXIS2_PLACEMENT_3D('',#6263,#6264,#6265);
#6263 = CARTESIAN_POINT('',(-3.4,-31.9,6.8));
#6264 = DIRECTION('',(1.,0.,0.));
#6265 = DIRECTION('',(0.,0.,1.));
#6266 = ADVANCED_FACE('',(#6267),#6278,.T.);
#6267 = FACE_BOUND('',#6268,.T.);
#6268 = EDGE_LOOP('',(#6269,#6270,#6271,#6277));
#6269 = ORIENTED_EDGE('',*,*,#5002,.F.);
#6270 = ORIENTED_EDGE('',*,*,#5909,.T.);
#6271 = ORIENTED_EDGE('',*,*,#6272,.T.);
#6272 = EDGE_CURVE('',#5910,#5828,#6273,.T.);
#6273 = LINE('',#6274,#6275);
#6274 = CARTESIAN_POINT('',(-3.4,-31.9,6.8));
#6275 = VECTOR('',#6276,1.);
#6276 = DIRECTION('',(0.,1.,0.));
#6277 = ORIENTED_EDGE('',*,*,#5836,.F.);
#6278 = PLANE('',#6279);
#6279 = AXIS2_PLACEMENT_3D('',#6280,#6281,#6282);
#6280 = CARTESIAN_POINT('',(-3.4,-31.9,6.8));
#6281 = DIRECTION('',(1.,0.,0.));
#6282 = DIRECTION('',(0.,0.,1.));
#6283 = ADVANCED_FACE('',(#6284),#6295,.F.);
#6284 = FACE_BOUND('',#6285,.F.);
#6285 = EDGE_LOOP('',(#6286,#6292,#6293,#6294));
#6286 = ORIENTED_EDGE('',*,*,#6287,.F.);
#6287 = EDGE_CURVE('',#5844,#6189,#6288,.T.);
#6288 = LINE('',#6289,#6290);
#6289 = CARTESIAN_POINT('',(-11.9,-0.6,6.8));
#6290 = VECTOR('',#6291,1.);
#6291 = DIRECTION('',(1.,0.,0.));
#6292 = ORIENTED_EDGE('',*,*,#5843,.F.);
#6293 = ORIENTED_EDGE('',*,*,#5039,.T.);
#6294 = ORIENTED_EDGE('',*,*,#6197,.T.);
#6295 = PLANE('',#6296);
#6296 = AXIS2_PLACEMENT_3D('',#6297,#6298,#6299);
#6297 = CARTESIAN_POINT('',(-11.9,-0.6,6.8));
#6298 = DIRECTION('',(0.,1.,0.));
#6299 = DIRECTION('',(0.,0.,1.));
#6300 = ADVANCED_FACE('',(#6301),#6312,.T.);
#6301 = FACE_BOUND('',#6302,.T.);
#6302 = EDGE_LOOP('',(#6303,#6304,#6305,#6311));
#6303 = ORIENTED_EDGE('',*,*,#5177,.F.);
#6304 = ORIENTED_EDGE('',*,*,#6105,.T.);
#6305 = ORIENTED_EDGE('',*,*,#6306,.T.);
#6306 = EDGE_CURVE('',#6106,#6037,#6307,.T.);
#6307 = LINE('',#6308,#6309);
#6308 = CARTESIAN_POINT('',(-3.4,-31.9,6.8));
#6309 = VECTOR('',#6310,1.);
#6310 = DIRECTION('',(0.,1.,0.));
#6311 = ORIENTED_EDGE('',*,*,#6045,.F.);
#6312 = PLANE('',#6313);
#6313 = AXIS2_PLACEMENT_3D('',#6314,#6315,#6316);
#6314 = CARTESIAN_POINT('',(-3.4,-31.9,6.8));
#6315 = DIRECTION('',(1.,0.,0.));
#6316 = DIRECTION('',(0.,0.,1.));
#6317 = ADVANCED_FACE('',(#6318),#6329,.T.);
#6318 = FACE_BOUND('',#6319,.T.);
#6319 = EDGE_LOOP('',(#6320,#6321,#6322,#6328));
#6320 = ORIENTED_EDGE('',*,*,#5301,.F.);
#6321 = ORIENTED_EDGE('',*,*,#6007,.T.);
#6322 = ORIENTED_EDGE('',*,*,#6323,.T.);
#6323 = EDGE_CURVE('',#6008,#5939,#6324,.T.);
#6324 = LINE('',#6325,#6326);
#6325 = CARTESIAN_POINT('',(-3.4,-31.9,6.8));
#6326 = VECTOR('',#6327,1.);
#6327 = DIRECTION('',(0.,1.,0.));
#6328 = ORIENTED_EDGE('',*,*,#5947,.F.);
#6329 = PLANE('',#6330);
#6330 = AXIS2_PLACEMENT_3D('',#6331,#6332,#6333);
#6331 = CARTESIAN_POINT('',(-3.4,-31.9,6.8));
#6332 = DIRECTION('',(1.,0.,0.));
#6333 = DIRECTION('',(0.,0.,1.));
#6334 = ADVANCED_FACE('',(#6335),#6354,.T.);
#6335 = FACE_BOUND('',#6336,.T.);
#6336 = EDGE_LOOP('',(#6337,#6338,#6346,#6353));
#6337 = ORIENTED_EDGE('',*,*,#5484,.F.);
#6338 = ORIENTED_EDGE('',*,*,#6339,.F.);
#6339 = EDGE_CURVE('',#6340,#5485,#6342,.T.);
#6340 = VERTEX_POINT('',#6341);
#6341 = CARTESIAN_POINT('',(-0.983145750508,24.,0.));
#6342 = LINE('',#6343,#6344);
#6343 = CARTESIAN_POINT('',(-0.983145750508,24.,0.));
#6344 = VECTOR('',#6345,1.);
#6345 = DIRECTION('',(0.554700196225,-1.358623639587E-16,0.832050294338)
  );
#6346 = ORIENTED_EDGE('',*,*,#6347,.T.);
#6347 = EDGE_CURVE('',#6340,#6340,#6348,.T.);
#6348 = CIRCLE('',#6349,3.016854249492);
#6349 = AXIS2_PLACEMENT_3D('',#6350,#6351,#6352);
#6350 = CARTESIAN_POINT('',(-4.,24.,0.));
#6351 = DIRECTION('',(0.,0.,1.));
#6352 = DIRECTION('',(1.,0.,0.));
#6353 = ORIENTED_EDGE('',*,*,#6339,.T.);
#6354 = CONICAL_SURFACE('',#6355,3.016854249492,0.588002603548);
#6355 = AXIS2_PLACEMENT_3D('',#6356,#6357,#6358);
#6356 = CARTESIAN_POINT('',(-4.,24.,0.));
#6357 = DIRECTION('',(0.,0.,1.));
#6358 = DIRECTION('',(1.,0.,0.));
#6359 = ADVANCED_FACE('',(#6360),#6366,.T.);
#6360 = FACE_BOUND('',#6361,.T.);
#6361 = EDGE_LOOP('',(#6362,#6363,#6364,#6365));
#6362 = ORIENTED_EDGE('',*,*,#5595,.F.);
#6363 = ORIENTED_EDGE('',*,*,#5554,.T.);
#6364 = ORIENTED_EDGE('',*,*,#5518,.F.);
#6365 = ORIENTED_EDGE('',*,*,#6255,.F.);
#6366 = PLANE('',#6367);
#6367 = AXIS2_PLACEMENT_3D('',#6368,#6369,#6370);
#6368 = CARTESIAN_POINT('',(-5.135805140258E-16,-1.347710141589E-15,6.8)
  );
#6369 = DIRECTION('',(-0.,-0.,-1.));
#6370 = DIRECTION('',(-1.,0.,0.));
#6371 = ADVANCED_FACE('',(#6372),#6391,.T.);
#6372 = FACE_BOUND('',#6373,.T.);
#6373 = EDGE_LOOP('',(#6374,#6375,#6383,#6390));
#6374 = ORIENTED_EDGE('',*,*,#5569,.F.);
#6375 = ORIENTED_EDGE('',*,*,#6376,.F.);
#6376 = EDGE_CURVE('',#6377,#5570,#6379,.T.);
#6377 = VERTEX_POINT('',#6378);
#6378 = CARTESIAN_POINT('',(-0.983145750508,16.,0.));
#6379 = LINE('',#6380,#6381);
#6380 = CARTESIAN_POINT('',(-0.983145750508,16.,0.));
#6381 = VECTOR('',#6382,1.);
#6382 = DIRECTION('',(0.554700196225,-1.358623639587E-16,0.832050294338)
  );
#6383 = ORIENTED_EDGE('',*,*,#6384,.T.);
#6384 = EDGE_CURVE('',#6377,#6377,#6385,.T.);
#6385 = CIRCLE('',#6386,3.016854249492);
#6386 = AXIS2_PLACEMENT_3D('',#6387,#6388,#6389);
#6387 = CARTESIAN_POINT('',(-4.,16.,0.));
#6388 = DIRECTION('',(0.,0.,1.));
#6389 = DIRECTION('',(1.,0.,0.));
#6390 = ORIENTED_EDGE('',*,*,#6376,.T.);
#6391 = CONICAL_SURFACE('',#6392,3.016854249492,0.588002603548);
#6392 = AXIS2_PLACEMENT_3D('',#6393,#6394,#6395);
#6393 = CARTESIAN_POINT('',(-4.,16.,0.));
#6394 = DIRECTION('',(0.,0.,1.));
#6395 = DIRECTION('',(1.,0.,0.));
#6396 = ADVANCED_FACE('',(#6397),#6403,.T.);
#6397 = FACE_BOUND('',#6398,.T.);
#6398 = EDGE_LOOP('',(#6399,#6400,#6401,#6402));
#6399 = ORIENTED_EDGE('',*,*,#5693,.F.);
#6400 = ORIENTED_EDGE('',*,*,#5652,.T.);
#6401 = ORIENTED_EDGE('',*,*,#5616,.F.);
#6402 = ORIENTED_EDGE('',*,*,#6238,.F.);
#6403 = PLANE('',#6404);
#6404 = AXIS2_PLACEMENT_3D('',#6405,#6406,#6407);
#6405 = CARTESIAN_POINT('',(-5.135805140258E-16,-1.347710141589E-15,6.8)
  );
#6406 = DIRECTION('',(-0.,-0.,-1.));
#6407 = DIRECTION('',(-1.,0.,0.));
#6408 = ADVANCED_FACE('',(#6409),#6428,.T.);
#6409 = FACE_BOUND('',#6410,.T.);
#6410 = EDGE_LOOP('',(#6411,#6412,#6420,#6427));
#6411 = ORIENTED_EDGE('',*,*,#5667,.F.);
#6412 = ORIENTED_EDGE('',*,*,#6413,.F.);
#6413 = EDGE_CURVE('',#6414,#5668,#6416,.T.);
#6414 = VERTEX_POINT('',#6415);
#6415 = CARTESIAN_POINT('',(-0.983145750508,8.,0.));
#6416 = LINE('',#6417,#6418);
#6417 = CARTESIAN_POINT('',(-0.983145750508,8.,0.));
#6418 = VECTOR('',#6419,1.);
#6419 = DIRECTION('',(0.554700196225,-1.358623639587E-16,0.832050294338)
  );
#6420 = ORIENTED_EDGE('',*,*,#6421,.T.);
#6421 = EDGE_CURVE('',#6414,#6414,#6422,.T.);
#6422 = CIRCLE('',#6423,3.016854249492);
#6423 = AXIS2_PLACEMENT_3D('',#6424,#6425,#6426);
#6424 = CARTESIAN_POINT('',(-4.,8.,0.));
#6425 = DIRECTION('',(0.,0.,1.));
#6426 = DIRECTION('',(1.,0.,0.));
#6427 = ORIENTED_EDGE('',*,*,#6413,.T.);
#6428 = CONICAL_SURFACE('',#6429,3.016854249492,0.588002603548);
#6429 = AXIS2_PLACEMENT_3D('',#6430,#6431,#6432);
#6430 = CARTESIAN_POINT('',(-4.,8.,0.));
#6431 = DIRECTION('',(0.,0.,1.));
#6432 = DIRECTION('',(1.,0.,0.));
#6433 = ADVANCED_FACE('',(#6434),#6440,.T.);
#6434 = FACE_BOUND('',#6435,.T.);
#6435 = EDGE_LOOP('',(#6436,#6437,#6438,#6439));
#6436 = ORIENTED_EDGE('',*,*,#5806,.F.);
#6437 = ORIENTED_EDGE('',*,*,#5750,.T.);
#6438 = ORIENTED_EDGE('',*,*,#5714,.F.);
#6439 = ORIENTED_EDGE('',*,*,#6143,.F.);
#6440 = PLANE('',#6441);
#6441 = AXIS2_PLACEMENT_3D('',#6442,#6443,#6444);
#6442 = CARTESIAN_POINT('',(-5.135805140258E-16,-1.347710141589E-15,6.8)
  );
#6443 = DIRECTION('',(-0.,-0.,-1.));
#6444 = DIRECTION('',(-1.,0.,0.));
#6445 = ADVANCED_FACE('',(#6446),#6465,.T.);
#6446 = FACE_BOUND('',#6447,.T.);
#6447 = EDGE_LOOP('',(#6448,#6449,#6457,#6464));
#6448 = ORIENTED_EDGE('',*,*,#5765,.F.);
#6449 = ORIENTED_EDGE('',*,*,#6450,.F.);
#6450 = EDGE_CURVE('',#6451,#5766,#6453,.T.);
#6451 = VERTEX_POINT('',#6452);
#6452 = CARTESIAN_POINT('',(-0.983145750508,-7.38916180027E-16,0.));
#6453 = LINE('',#6454,#6455);
#6454 = CARTESIAN_POINT('',(-0.983145750508,-7.38916180027E-16,0.));
#6455 = VECTOR('',#6456,1.);
#6456 = DIRECTION('',(0.554700196225,-1.358623639587E-16,0.832050294338)
  );
#6457 = ORIENTED_EDGE('',*,*,#6458,.T.);
#6458 = EDGE_CURVE('',#6451,#6451,#6459,.T.);
#6459 = CIRCLE('',#6460,3.016854249492);
#6460 = AXIS2_PLACEMENT_3D('',#6461,#6462,#6463);
#6461 = CARTESIAN_POINT('',(-4.,0.,0.));
#6462 = DIRECTION('',(0.,0.,1.));
#6463 = DIRECTION('',(1.,0.,0.));
#6464 = ORIENTED_EDGE('',*,*,#6450,.T.);
#6465 = CONICAL_SURFACE('',#6466,3.016854249492,0.588002603548);
#6466 = AXIS2_PLACEMENT_3D('',#6467,#6468,#6469);
#6467 = CARTESIAN_POINT('',(-4.,0.,0.));
#6468 = DIRECTION('',(0.,0.,1.));
#6469 = DIRECTION('',(1.,0.,0.));
#6470 = ADVANCED_FACE('',(#6471),#6478,.T.);
#6471 = FACE_BOUND('',#6472,.T.);
#6472 = EDGE_LOOP('',(#6473,#6474,#6475,#6476,#6477));
#6473 = ORIENTED_EDGE('',*,*,#6287,.F.);
#6474 = ORIENTED_EDGE('',*,*,#5851,.F.);
#6475 = ORIENTED_EDGE('',*,*,#5782,.F.);
#6476 = ORIENTED_EDGE('',*,*,#6219,.T.);
#6477 = ORIENTED_EDGE('',*,*,#6188,.F.);
#6478 = PLANE('',#6479);
#6479 = AXIS2_PLACEMENT_3D('',#6480,#6481,#6482);
#6480 = CARTESIAN_POINT('',(-5.135805140258E-16,-1.347710141589E-15,6.8)
  );
#6481 = DIRECTION('',(-0.,-0.,-1.));
#6482 = DIRECTION('',(-1.,0.,0.));
#6483 = ADVANCED_FACE('',(#6484),#6490,.T.);
#6484 = FACE_BOUND('',#6485,.T.);
#6485 = EDGE_LOOP('',(#6486,#6487,#6488,#6489));
#6486 = ORIENTED_EDGE('',*,*,#5917,.F.);
#6487 = ORIENTED_EDGE('',*,*,#5876,.T.);
#6488 = ORIENTED_EDGE('',*,*,#5827,.F.);
#6489 = ORIENTED_EDGE('',*,*,#6272,.F.);
#6490 = PLANE('',#6491);
#6491 = AXIS2_PLACEMENT_3D('',#6492,#6493,#6494);
#6492 = CARTESIAN_POINT('',(-5.135805140258E-16,-1.347710141589E-15,6.8)
  );
#6493 = DIRECTION('',(-0.,-0.,-1.));
#6494 = DIRECTION('',(-1.,0.,0.));
#6495 = ADVANCED_FACE('',(#6496),#6515,.T.);
#6496 = FACE_BOUND('',#6497,.T.);
#6497 = EDGE_LOOP('',(#6498,#6499,#6507,#6514));
#6498 = ORIENTED_EDGE('',*,*,#5891,.F.);
#6499 = ORIENTED_EDGE('',*,*,#6500,.F.);
#6500 = EDGE_CURVE('',#6501,#5892,#6503,.T.);
#6501 = VERTEX_POINT('',#6502);
#6502 = CARTESIAN_POINT('',(-0.983145750508,-8.,0.));
#6503 = LINE('',#6504,#6505);
#6504 = CARTESIAN_POINT('',(-0.983145750508,-8.,0.));
#6505 = VECTOR('',#6506,1.);
#6506 = DIRECTION('',(0.554700196225,-1.358623639587E-16,0.832050294338)
  );
#6507 = ORIENTED_EDGE('',*,*,#6508,.T.);
#6508 = EDGE_CURVE('',#6501,#6501,#6509,.T.);
#6509 = CIRCLE('',#6510,3.016854249492);
#6510 = AXIS2_PLACEMENT_3D('',#6511,#6512,#6513);
#6511 = CARTESIAN_POINT('',(-4.,-8.,0.));
#6512 = DIRECTION('',(0.,0.,1.));
#6513 = DIRECTION('',(1.,0.,0.));
#6514 = ORIENTED_EDGE('',*,*,#6500,.T.);
#6515 = CONICAL_SURFACE('',#6516,3.016854249492,0.588002603548);
#6516 = AXIS2_PLACEMENT_3D('',#6517,#6518,#6519);
#6517 = CARTESIAN_POINT('',(-4.,-8.,0.));
#6518 = DIRECTION('',(0.,0.,1.));
#6519 = DIRECTION('',(1.,0.,0.));
#6520 = ADVANCED_FACE('',(#6521),#6527,.T.);
#6521 = FACE_BOUND('',#6522,.T.);
#6522 = EDGE_LOOP('',(#6523,#6524,#6525,#6526));
#6523 = ORIENTED_EDGE('',*,*,#6015,.F.);
#6524 = ORIENTED_EDGE('',*,*,#5974,.T.);
#6525 = ORIENTED_EDGE('',*,*,#5938,.F.);
#6526 = ORIENTED_EDGE('',*,*,#6323,.F.);
#6527 = PLANE('',#6528);
#6528 = AXIS2_PLACEMENT_3D('',#6529,#6530,#6531);
#6529 = CARTESIAN_POINT('',(-5.135805140258E-16,-1.347710141589E-15,6.8)
  );
#6530 = DIRECTION('',(-0.,-0.,-1.));
#6531 = DIRECTION('',(-1.,0.,0.));
#6532 = ADVANCED_FACE('',(#6533),#6552,.T.);
#6533 = FACE_BOUND('',#6534,.T.);
#6534 = EDGE_LOOP('',(#6535,#6536,#6544,#6551));
#6535 = ORIENTED_EDGE('',*,*,#5989,.F.);
#6536 = ORIENTED_EDGE('',*,*,#6537,.F.);
#6537 = EDGE_CURVE('',#6538,#5990,#6540,.T.);
#6538 = VERTEX_POINT('',#6539);
#6539 = CARTESIAN_POINT('',(-0.983145750508,-16.,0.));
#6540 = LINE('',#6541,#6542);
#6541 = CARTESIAN_POINT('',(-0.983145750508,-16.,0.));
#6542 = VECTOR('',#6543,1.);
#6543 = DIRECTION('',(0.554700196225,-1.358623639587E-16,0.832050294338)
  );
#6544 = ORIENTED_EDGE('',*,*,#6545,.T.);
#6545 = EDGE_CURVE('',#6538,#6538,#6546,.T.);
#6546 = CIRCLE('',#6547,3.016854249492);
#6547 = AXIS2_PLACEMENT_3D('',#6548,#6549,#6550);
#6548 = CARTESIAN_POINT('',(-4.,-16.,0.));
#6549 = DIRECTION('',(0.,0.,1.));
#6550 = DIRECTION('',(1.,0.,0.));
#6551 = ORIENTED_EDGE('',*,*,#6537,.T.);
#6552 = CONICAL_SURFACE('',#6553,3.016854249492,0.588002603548);
#6553 = AXIS2_PLACEMENT_3D('',#6554,#6555,#6556);
#6554 = CARTESIAN_POINT('',(-4.,-16.,0.));
#6555 = DIRECTION('',(0.,0.,1.));
#6556 = DIRECTION('',(1.,0.,0.));
#6557 = ADVANCED_FACE('',(#6558),#6564,.T.);
#6558 = FACE_BOUND('',#6559,.T.);
#6559 = EDGE_LOOP('',(#6560,#6561,#6562,#6563));
#6560 = ORIENTED_EDGE('',*,*,#6113,.F.);
#6561 = ORIENTED_EDGE('',*,*,#6072,.T.);
#6562 = ORIENTED_EDGE('',*,*,#6036,.F.);
#6563 = ORIENTED_EDGE('',*,*,#6306,.F.);
#6564 = PLANE('',#6565);
#6565 = AXIS2_PLACEMENT_3D('',#6566,#6567,#6568);
#6566 = CARTESIAN_POINT('',(-5.135805140258E-16,-1.347710141589E-15,6.8)
  );
#6567 = DIRECTION('',(-0.,-0.,-1.));
#6568 = DIRECTION('',(-1.,0.,0.));
#6569 = ADVANCED_FACE('',(#6570),#6589,.T.);
#6570 = FACE_BOUND('',#6571,.T.);
#6571 = EDGE_LOOP('',(#6572,#6573,#6581,#6588));
#6572 = ORIENTED_EDGE('',*,*,#6087,.F.);
#6573 = ORIENTED_EDGE('',*,*,#6574,.F.);
#6574 = EDGE_CURVE('',#6575,#6088,#6577,.T.);
#6575 = VERTEX_POINT('',#6576);
#6576 = CARTESIAN_POINT('',(-0.983145750508,-24.,0.));
#6577 = LINE('',#6578,#6579);
#6578 = CARTESIAN_POINT('',(-0.983145750508,-24.,0.));
#6579 = VECTOR('',#6580,1.);
#6580 = DIRECTION('',(0.554700196225,-1.358623639587E-16,0.832050294338)
  );
#6581 = ORIENTED_EDGE('',*,*,#6582,.T.);
#6582 = EDGE_CURVE('',#6575,#6575,#6583,.T.);
#6583 = CIRCLE('',#6584,3.016854249492);
#6584 = AXIS2_PLACEMENT_3D('',#6585,#6586,#6587);
#6585 = CARTESIAN_POINT('',(-4.,-24.,0.));
#6586 = DIRECTION('',(0.,0.,1.));
#6587 = DIRECTION('',(1.,0.,0.));
#6588 = ORIENTED_EDGE('',*,*,#6574,.T.);
#6589 = CONICAL_SURFACE('',#6590,3.016854249492,0.588002603548);
#6590 = AXIS2_PLACEMENT_3D('',#6591,#6592,#6593);
#6591 = CARTESIAN_POINT('',(-4.,-24.,0.));
#6592 = DIRECTION('',(0.,0.,1.));
#6593 = DIRECTION('',(1.,0.,0.));
#6594 = ADVANCED_FACE('',(#6595),#6614,.T.);
#6595 = FACE_BOUND('',#6596,.T.);
#6596 = EDGE_LOOP('',(#6597,#6598,#6606,#6613));
#6597 = ORIENTED_EDGE('',*,*,#6158,.F.);
#6598 = ORIENTED_EDGE('',*,*,#6599,.F.);
#6599 = EDGE_CURVE('',#6600,#6159,#6602,.T.);
#6600 = VERTEX_POINT('',#6601);
#6601 = CARTESIAN_POINT('',(7.016854249492,-7.38916180027E-16,0.));
#6602 = LINE('',#6603,#6604);
#6603 = CARTESIAN_POINT('',(7.016854249492,-7.38916180027E-16,0.));
#6604 = VECTOR('',#6605,1.);
#6605 = DIRECTION('',(0.554700196225,-1.358623639587E-16,0.832050294338)
  );
#6606 = ORIENTED_EDGE('',*,*,#6607,.T.);
#6607 = EDGE_CURVE('',#6600,#6600,#6608,.T.);
#6608 = CIRCLE('',#6609,3.016854249492);
#6609 = AXIS2_PLACEMENT_3D('',#6610,#6611,#6612);
#6610 = CARTESIAN_POINT('',(4.,0.,0.));
#6611 = DIRECTION('',(0.,0.,1.));
#6612 = DIRECTION('',(1.,0.,0.));
#6613 = ORIENTED_EDGE('',*,*,#6599,.T.);
#6614 = CONICAL_SURFACE('',#6615,3.016854249492,0.588002603548);
#6615 = AXIS2_PLACEMENT_3D('',#6616,#6617,#6618);
#6616 = CARTESIAN_POINT('',(4.,0.,0.));
#6617 = DIRECTION('',(0.,0.,1.));
#6618 = DIRECTION('',(1.,0.,0.));
#6619 = ADVANCED_FACE('',(#6620,#6623),#6634,.F.);
#6620 = FACE_BOUND('',#6621,.F.);
#6621 = EDGE_LOOP('',(#6622));
#6622 = ORIENTED_EDGE('',*,*,#6347,.T.);
#6623 = FACE_BOUND('',#6624,.F.);
#6624 = EDGE_LOOP('',(#6625));
#6625 = ORIENTED_EDGE('',*,*,#6626,.F.);
#6626 = EDGE_CURVE('',#6627,#6627,#6629,.T.);
#6627 = VERTEX_POINT('',#6628);
#6628 = CARTESIAN_POINT('',(-2.4,24.,0.));
#6629 = CIRCLE('',#6630,1.6);
#6630 = AXIS2_PLACEMENT_3D('',#6631,#6632,#6633);
#6631 = CARTESIAN_POINT('',(-4.,24.,0.));
#6632 = DIRECTION('',(0.,0.,1.));
#6633 = DIRECTION('',(1.,0.,0.));
#6634 = PLANE('',#6635);
#6635 = AXIS2_PLACEMENT_3D('',#6636,#6637,#6638);
#6636 = CARTESIAN_POINT('',(-4.,24.,0.));
#6637 = DIRECTION('',(0.,0.,1.));
#6638 = DIRECTION('',(1.,0.,0.));
#6639 = ADVANCED_FACE('',(#6640,#6643),#6654,.F.);
#6640 = FACE_BOUND('',#6641,.F.);
#6641 = EDGE_LOOP('',(#6642));
#6642 = ORIENTED_EDGE('',*,*,#6384,.T.);
#6643 = FACE_BOUND('',#6644,.F.);
#6644 = EDGE_LOOP('',(#6645));
#6645 = ORIENTED_EDGE('',*,*,#6646,.F.);
#6646 = EDGE_CURVE('',#6647,#6647,#6649,.T.);
#6647 = VERTEX_POINT('',#6648);
#6648 = CARTESIAN_POINT('',(-2.4,16.,0.));
#6649 = CIRCLE('',#6650,1.6);
#6650 = AXIS2_PLACEMENT_3D('',#6651,#6652,#6653);
#6651 = CARTESIAN_POINT('',(-4.,16.,0.));
#6652 = DIRECTION('',(0.,0.,1.));
#6653 = DIRECTION('',(1.,0.,0.));
#6654 = PLANE('',#6655);
#6655 = AXIS2_PLACEMENT_3D('',#6656,#6657,#6658);
#6656 = CARTESIAN_POINT('',(-4.,16.,0.));
#6657 = DIRECTION('',(0.,0.,1.));
#6658 = DIRECTION('',(1.,0.,0.));
#6659 = ADVANCED_FACE('',(#6660,#6663),#6674,.F.);
#6660 = FACE_BOUND('',#6661,.F.);
#6661 = EDGE_LOOP('',(#6662));
#6662 = ORIENTED_EDGE('',*,*,#6421,.T.);
#6663 = FACE_BOUND('',#6664,.F.);
#6664 = EDGE_LOOP('',(#6665));
#6665 = ORIENTED_EDGE('',*,*,#6666,.F.);
#6666 = EDGE_CURVE('',#6667,#6667,#6669,.T.);
#6667 = VERTEX_POINT('',#6668);
#6668 = CARTESIAN_POINT('',(-2.4,8.,0.));
#6669 = CIRCLE('',#6670,1.6);
#6670 = AXIS2_PLACEMENT_3D('',#6671,#6672,#6673);
#6671 = CARTESIAN_POINT('',(-4.,8.,0.));
#6672 = DIRECTION('',(0.,0.,1.));
#6673 = DIRECTION('',(1.,0.,0.));
#6674 = PLANE('',#6675);
#6675 = AXIS2_PLACEMENT_3D('',#6676,#6677,#6678);
#6676 = CARTESIAN_POINT('',(-4.,8.,0.));
#6677 = DIRECTION('',(0.,0.,1.));
#6678 = DIRECTION('',(1.,0.,0.));
#6679 = ADVANCED_FACE('',(#6680,#6683),#6694,.F.);
#6680 = FACE_BOUND('',#6681,.F.);
#6681 = EDGE_LOOP('',(#6682));
#6682 = ORIENTED_EDGE('',*,*,#6458,.T.);
#6683 = FACE_BOUND('',#6684,.F.);
#6684 = EDGE_LOOP('',(#6685));
#6685 = ORIENTED_EDGE('',*,*,#6686,.F.);
#6686 = EDGE_CURVE('',#6687,#6687,#6689,.T.);
#6687 = VERTEX_POINT('',#6688);
#6688 = CARTESIAN_POINT('',(-2.4,-3.918869757272E-16,0.));
#6689 = CIRCLE('',#6690,1.6);
#6690 = AXIS2_PLACEMENT_3D('',#6691,#6692,#6693);
#6691 = CARTESIAN_POINT('',(-4.,0.,0.));
#6692 = DIRECTION('',(0.,0.,1.));
#6693 = DIRECTION('',(1.,0.,0.));
#6694 = PLANE('',#6695);
#6695 = AXIS2_PLACEMENT_3D('',#6696,#6697,#6698);
#6696 = CARTESIAN_POINT('',(-4.,0.,0.));
#6697 = DIRECTION('',(0.,0.,1.));
#6698 = DIRECTION('',(1.,0.,0.));
#6699 = ADVANCED_FACE('',(#6700,#6703),#6714,.F.);
#6700 = FACE_BOUND('',#6701,.F.);
#6701 = EDGE_LOOP('',(#6702));
#6702 = ORIENTED_EDGE('',*,*,#6508,.T.);
#6703 = FACE_BOUND('',#6704,.F.);
#6704 = EDGE_LOOP('',(#6705));
#6705 = ORIENTED_EDGE('',*,*,#6706,.F.);
#6706 = EDGE_CURVE('',#6707,#6707,#6709,.T.);
#6707 = VERTEX_POINT('',#6708);
#6708 = CARTESIAN_POINT('',(-2.4,-8.,0.));
#6709 = CIRCLE('',#6710,1.6);
#6710 = AXIS2_PLACEMENT_3D('',#6711,#6712,#6713);
#6711 = CARTESIAN_POINT('',(-4.,-8.,0.));
#6712 = DIRECTION('',(0.,0.,1.));
#6713 = DIRECTION('',(1.,0.,0.));
#6714 = PLANE('',#6715);
#6715 = AXIS2_PLACEMENT_3D('',#6716,#6717,#6718);
#6716 = CARTESIAN_POINT('',(-4.,-8.,0.));
#6717 = DIRECTION('',(0.,0.,1.));
#6718 = DIRECTION('',(1.,0.,0.));
#6719 = ADVANCED_FACE('',(#6720,#6723),#6734,.F.);
#6720 = FACE_BOUND('',#6721,.F.);
#6721 = EDGE_LOOP('',(#6722));
#6722 = ORIENTED_EDGE('',*,*,#6545,.T.);
#6723 = FACE_BOUND('',#6724,.F.);
#6724 = EDGE_LOOP('',(#6725));
#6725 = ORIENTED_EDGE('',*,*,#6726,.F.);
#6726 = EDGE_CURVE('',#6727,#6727,#6729,.T.);
#6727 = VERTEX_POINT('',#6728);
#6728 = CARTESIAN_POINT('',(-2.4,-16.,0.));
#6729 = CIRCLE('',#6730,1.6);
#6730 = AXIS2_PLACEMENT_3D('',#6731,#6732,#6733);
#6731 = CARTESIAN_POINT('',(-4.,-16.,0.));
#6732 = DIRECTION('',(0.,0.,1.));
#6733 = DIRECTION('',(1.,0.,0.));
#6734 = PLANE('',#6735);
#6735 = AXIS2_PLACEMENT_3D('',#6736,#6737,#6738);
#6736 = CARTESIAN_POINT('',(-4.,-16.,0.));
#6737 = DIRECTION('',(0.,0.,1.));
#6738 = DIRECTION('',(1.,0.,0.));
#6739 = ADVANCED_FACE('',(#6740,#6743),#6754,.F.);
#6740 = FACE_BOUND('',#6741,.F.);
#6741 = EDGE_LOOP('',(#6742));
#6742 = ORIENTED_EDGE('',*,*,#6582,.T.);
#6743 = FACE_BOUND('',#6744,.F.);
#6744 = EDGE_LOOP('',(#6745));
#6745 = ORIENTED_EDGE('',*,*,#6746,.F.);
#6746 = EDGE_CURVE('',#6747,#6747,#6749,.T.);
#6747 = VERTEX_POINT('',#6748);
#6748 = CARTESIAN_POINT('',(-2.4,-24.,0.));
#6749 = CIRCLE('',#6750,1.6);
#6750 = AXIS2_PLACEMENT_3D('',#6751,#6752,#6753);
#6751 = CARTESIAN_POINT('',(-4.,-24.,0.));
#6752 = DIRECTION('',(0.,0.,1.));
#6753 = DIRECTION('',(1.,0.,0.));
#6754 = PLANE('',#6755);
#6755 = AXIS2_PLACEMENT_3D('',#6756,#6757,#6758);
#6756 = CARTESIAN_POINT('',(-4.,-24.,0.));
#6757 = DIRECTION('',(0.,0.,1.));
#6758 = DIRECTION('',(1.,0.,0.));
#6759 = ADVANCED_FACE('',(#6760,#6763),#6774,.F.);
#6760 = FACE_BOUND('',#6761,.F.);
#6761 = EDGE_LOOP('',(#6762));
#6762 = ORIENTED_EDGE('',*,*,#6607,.T.);
#6763 = FACE_BOUND('',#6764,.F.);
#6764 = EDGE_LOOP('',(#6765));
#6765 = ORIENTED_EDGE('',*,*,#6766,.F.);
#6766 = EDGE_CURVE('',#6767,#6767,#6769,.T.);
#6767 = VERTEX_POINT('',#6768);
#6768 = CARTESIAN_POINT('',(5.6,-3.918869757272E-16,0.));
#6769 = CIRCLE('',#6770,1.6);
#6770 = AXIS2_PLACEMENT_3D('',#6771,#6772,#6773);
#6771 = CARTESIAN_POINT('',(4.,0.,0.));
#6772 = DIRECTION('',(0.,0.,1.));
#6773 = DIRECTION('',(1.,0.,0.));
#6774 = PLANE('',#6775);
#6775 = AXIS2_PLACEMENT_3D('',#6776,#6777,#6778);
#6776 = CARTESIAN_POINT('',(4.,0.,0.));
#6777 = DIRECTION('',(0.,0.,1.));
#6778 = DIRECTION('',(1.,0.,0.));
#6779 = ADVANCED_FACE('',(#6780),#6799,.F.);
#6780 = FACE_BOUND('',#6781,.T.);
#6781 = EDGE_LOOP('',(#6782,#6790,#6797,#6798));
#6782 = ORIENTED_EDGE('',*,*,#6783,.T.);
#6783 = EDGE_CURVE('',#6627,#6784,#6786,.T.);
#6784 = VERTEX_POINT('',#6785);
#6785 = CARTESIAN_POINT('',(-2.4,24.,8.));
#6786 = LINE('',#6787,#6788);
#6787 = CARTESIAN_POINT('',(-2.4,24.,0.));
#6788 = VECTOR('',#6789,1.);
#6789 = DIRECTION('',(0.,0.,1.));
#6790 = ORIENTED_EDGE('',*,*,#6791,.T.);
#6791 = EDGE_CURVE('',#6784,#6784,#6792,.T.);
#6792 = CIRCLE('',#6793,1.6);
#6793 = AXIS2_PLACEMENT_3D('',#6794,#6795,#6796);
#6794 = CARTESIAN_POINT('',(-4.,24.,8.));
#6795 = DIRECTION('',(0.,0.,1.));
#6796 = DIRECTION('',(1.,0.,0.));
#6797 = ORIENTED_EDGE('',*,*,#6783,.F.);
#6798 = ORIENTED_EDGE('',*,*,#6626,.F.);
#6799 = CYLINDRICAL_SURFACE('',#6800,1.6);
#6800 = AXIS2_PLACEMENT_3D('',#6801,#6802,#6803);
#6801 = CARTESIAN_POINT('',(-4.,24.,0.));
#6802 = DIRECTION('',(-0.,-0.,-1.));
#6803 = DIRECTION('',(1.,0.,0.));
#6804 = ADVANCED_FACE('',(#6805),#6824,.F.);
#6805 = FACE_BOUND('',#6806,.T.);
#6806 = EDGE_LOOP('',(#6807,#6815,#6822,#6823));
#6807 = ORIENTED_EDGE('',*,*,#6808,.T.);
#6808 = EDGE_CURVE('',#6647,#6809,#6811,.T.);
#6809 = VERTEX_POINT('',#6810);
#6810 = CARTESIAN_POINT('',(-2.4,16.,8.));
#6811 = LINE('',#6812,#6813);
#6812 = CARTESIAN_POINT('',(-2.4,16.,0.));
#6813 = VECTOR('',#6814,1.);
#6814 = DIRECTION('',(0.,0.,1.));
#6815 = ORIENTED_EDGE('',*,*,#6816,.T.);
#6816 = EDGE_CURVE('',#6809,#6809,#6817,.T.);
#6817 = CIRCLE('',#6818,1.6);
#6818 = AXIS2_PLACEMENT_3D('',#6819,#6820,#6821);
#6819 = CARTESIAN_POINT('',(-4.,16.,8.));
#6820 = DIRECTION('',(0.,0.,1.));
#6821 = DIRECTION('',(1.,0.,0.));
#6822 = ORIENTED_EDGE('',*,*,#6808,.F.);
#6823 = ORIENTED_EDGE('',*,*,#6646,.F.);
#6824 = CYLINDRICAL_SURFACE('',#6825,1.6);
#6825 = AXIS2_PLACEMENT_3D('',#6826,#6827,#6828);
#6826 = CARTESIAN_POINT('',(-4.,16.,0.));
#6827 = DIRECTION('',(-0.,-0.,-1.));
#6828 = DIRECTION('',(1.,0.,0.));
#6829 = ADVANCED_FACE('',(#6830),#6849,.F.);
#6830 = FACE_BOUND('',#6831,.T.);
#6831 = EDGE_LOOP('',(#6832,#6840,#6847,#6848));
#6832 = ORIENTED_EDGE('',*,*,#6833,.T.);
#6833 = EDGE_CURVE('',#6667,#6834,#6836,.T.);
#6834 = VERTEX_POINT('',#6835);
#6835 = CARTESIAN_POINT('',(-2.4,8.,8.));
#6836 = LINE('',#6837,#6838);
#6837 = CARTESIAN_POINT('',(-2.4,8.,0.));
#6838 = VECTOR('',#6839,1.);
#6839 = DIRECTION('',(0.,0.,1.));
#6840 = ORIENTED_EDGE('',*,*,#6841,.T.);
#6841 = EDGE_CURVE('',#6834,#6834,#6842,.T.);
#6842 = CIRCLE('',#6843,1.6);
#6843 = AXIS2_PLACEMENT_3D('',#6844,#6845,#6846);
#6844 = CARTESIAN_POINT('',(-4.,8.,8.));
#6845 = DIRECTION('',(0.,0.,1.));
#6846 = DIRECTION('',(1.,0.,0.));
#6847 = ORIENTED_EDGE('',*,*,#6833,.F.);
#6848 = ORIENTED_EDGE('',*,*,#6666,.F.);
#6849 = CYLINDRICAL_SURFACE('',#6850,1.6);
#6850 = AXIS2_PLACEMENT_3D('',#6851,#6852,#6853);
#6851 = CARTESIAN_POINT('',(-4.,8.,0.));
#6852 = DIRECTION('',(-0.,-0.,-1.));
#6853 = DIRECTION('',(1.,0.,0.));
#6854 = ADVANCED_FACE('',(#6855),#6874,.F.);
#6855 = FACE_BOUND('',#6856,.T.);
#6856 = EDGE_LOOP('',(#6857,#6865,#6872,#6873));
#6857 = ORIENTED_EDGE('',*,*,#6858,.T.);
#6858 = EDGE_CURVE('',#6687,#6859,#6861,.T.);
#6859 = VERTEX_POINT('',#6860);
#6860 = CARTESIAN_POINT('',(-2.4,-3.918869757272E-16,8.));
#6861 = LINE('',#6862,#6863);
#6862 = CARTESIAN_POINT('',(-2.4,-3.918869757272E-16,0.));
#6863 = VECTOR('',#6864,1.);
#6864 = DIRECTION('',(0.,0.,1.));
#6865 = ORIENTED_EDGE('',*,*,#6866,.T.);
#6866 = EDGE_CURVE('',#6859,#6859,#6867,.T.);
#6867 = CIRCLE('',#6868,1.6);
#6868 = AXIS2_PLACEMENT_3D('',#6869,#6870,#6871);
#6869 = CARTESIAN_POINT('',(-4.,0.,8.));
#6870 = DIRECTION('',(0.,0.,1.));
#6871 = DIRECTION('',(1.,0.,0.));
#6872 = ORIENTED_EDGE('',*,*,#6858,.F.);
#6873 = ORIENTED_EDGE('',*,*,#6686,.F.);
#6874 = CYLINDRICAL_SURFACE('',#6875,1.6);
#6875 = AXIS2_PLACEMENT_3D('',#6876,#6877,#6878);
#6876 = CARTESIAN_POINT('',(-4.,0.,0.));
#6877 = DIRECTION('',(-0.,-0.,-1.));
#6878 = DIRECTION('',(1.,0.,0.));
#6879 = ADVANCED_FACE('',(#6880),#6899,.F.);
#6880 = FACE_BOUND('',#6881,.T.);
#6881 = EDGE_LOOP('',(#6882,#6890,#6897,#6898));
#6882 = ORIENTED_EDGE('',*,*,#6883,.T.);
#6883 = EDGE_CURVE('',#6707,#6884,#6886,.T.);
#6884 = VERTEX_POINT('',#6885);
#6885 = CARTESIAN_POINT('',(-2.4,-8.,8.));
#6886 = LINE('',#6887,#6888);
#6887 = CARTESIAN_POINT('',(-2.4,-8.,0.));
#6888 = VECTOR('',#6889,1.);
#6889 = DIRECTION('',(0.,0.,1.));
#6890 = ORIENTED_EDGE('',*,*,#6891,.T.);
#6891 = EDGE_CURVE('',#6884,#6884,#6892,.T.);
#6892 = CIRCLE('',#6893,1.6);
#6893 = AXIS2_PLACEMENT_3D('',#6894,#6895,#6896);
#6894 = CARTESIAN_POINT('',(-4.,-8.,8.));
#6895 = DIRECTION('',(0.,0.,1.));
#6896 = DIRECTION('',(1.,0.,0.));
#6897 = ORIENTED_EDGE('',*,*,#6883,.F.);
#6898 = ORIENTED_EDGE('',*,*,#6706,.F.);
#6899 = CYLINDRICAL_SURFACE('',#6900,1.6);
#6900 = AXIS2_PLACEMENT_3D('',#6901,#6902,#6903);
#6901 = CARTESIAN_POINT('',(-4.,-8.,0.));
#6902 = DIRECTION('',(-0.,-0.,-1.));
#6903 = DIRECTION('',(1.,0.,0.));
#6904 = ADVANCED_FACE('',(#6905),#6924,.F.);
#6905 = FACE_BOUND('',#6906,.T.);
#6906 = EDGE_LOOP('',(#6907,#6915,#6922,#6923));
#6907 = ORIENTED_EDGE('',*,*,#6908,.T.);
#6908 = EDGE_CURVE('',#6727,#6909,#6911,.T.);
#6909 = VERTEX_POINT('',#6910);
#6910 = CARTESIAN_POINT('',(-2.4,-16.,8.));
#6911 = LINE('',#6912,#6913);
#6912 = CARTESIAN_POINT('',(-2.4,-16.,0.));
#6913 = VECTOR('',#6914,1.);
#6914 = DIRECTION('',(0.,0.,1.));
#6915 = ORIENTED_EDGE('',*,*,#6916,.T.);
#6916 = EDGE_CURVE('',#6909,#6909,#6917,.T.);
#6917 = CIRCLE('',#6918,1.6);
#6918 = AXIS2_PLACEMENT_3D('',#6919,#6920,#6921);
#6919 = CARTESIAN_POINT('',(-4.,-16.,8.));
#6920 = DIRECTION('',(0.,0.,1.));
#6921 = DIRECTION('',(1.,0.,0.));
#6922 = ORIENTED_EDGE('',*,*,#6908,.F.);
#6923 = ORIENTED_EDGE('',*,*,#6726,.F.);
#6924 = CYLINDRICAL_SURFACE('',#6925,1.6);
#6925 = AXIS2_PLACEMENT_3D('',#6926,#6927,#6928);
#6926 = CARTESIAN_POINT('',(-4.,-16.,0.));
#6927 = DIRECTION('',(-0.,-0.,-1.));
#6928 = DIRECTION('',(1.,0.,0.));
#6929 = ADVANCED_FACE('',(#6930),#6949,.F.);
#6930 = FACE_BOUND('',#6931,.T.);
#6931 = EDGE_LOOP('',(#6932,#6940,#6947,#6948));
#6932 = ORIENTED_EDGE('',*,*,#6933,.T.);
#6933 = EDGE_CURVE('',#6747,#6934,#6936,.T.);
#6934 = VERTEX_POINT('',#6935);
#6935 = CARTESIAN_POINT('',(-2.4,-24.,8.));
#6936 = LINE('',#6937,#6938);
#6937 = CARTESIAN_POINT('',(-2.4,-24.,0.));
#6938 = VECTOR('',#6939,1.);
#6939 = DIRECTION('',(0.,0.,1.));
#6940 = ORIENTED_EDGE('',*,*,#6941,.T.);
#6941 = EDGE_CURVE('',#6934,#6934,#6942,.T.);
#6942 = CIRCLE('',#6943,1.6);
#6943 = AXIS2_PLACEMENT_3D('',#6944,#6945,#6946);
#6944 = CARTESIAN_POINT('',(-4.,-24.,8.));
#6945 = DIRECTION('',(0.,0.,1.));
#6946 = DIRECTION('',(1.,0.,0.));
#6947 = ORIENTED_EDGE('',*,*,#6933,.F.);
#6948 = ORIENTED_EDGE('',*,*,#6746,.F.);
#6949 = CYLINDRICAL_SURFACE('',#6950,1.6);
#6950 = AXIS2_PLACEMENT_3D('',#6951,#6952,#6953);
#6951 = CARTESIAN_POINT('',(-4.,-24.,0.));
#6952 = DIRECTION('',(-0.,-0.,-1.));
#6953 = DIRECTION('',(1.,0.,0.));
#6954 = ADVANCED_FACE('',(#6955),#6974,.F.);
#6955 = FACE_BOUND('',#6956,.T.);
#6956 = EDGE_LOOP('',(#6957,#6965,#6972,#6973));
#6957 = ORIENTED_EDGE('',*,*,#6958,.T.);
#6958 = EDGE_CURVE('',#6767,#6959,#6961,.T.);
#6959 = VERTEX_POINT('',#6960);
#6960 = CARTESIAN_POINT('',(5.6,-3.918869757272E-16,8.));
#6961 = LINE('',#6962,#6963);
#6962 = CARTESIAN_POINT('',(5.6,-3.918869757272E-16,0.));
#6963 = VECTOR('',#6964,1.);
#6964 = DIRECTION('',(0.,0.,1.));
#6965 = ORIENTED_EDGE('',*,*,#6966,.T.);
#6966 = EDGE_CURVE('',#6959,#6959,#6967,.T.);
#6967 = CIRCLE('',#6968,1.6);
#6968 = AXIS2_PLACEMENT_3D('',#6969,#6970,#6971);
#6969 = CARTESIAN_POINT('',(4.,0.,8.));
#6970 = DIRECTION('',(0.,0.,1.));
#6971 = DIRECTION('',(1.,0.,0.));
#6972 = ORIENTED_EDGE('',*,*,#6958,.F.);
#6973 = ORIENTED_EDGE('',*,*,#6766,.F.);
#6974 = CYLINDRICAL_SURFACE('',#6975,1.6);
#6975 = AXIS2_PLACEMENT_3D('',#6976,#6977,#6978);
#6976 = CARTESIAN_POINT('',(4.,0.,0.));
#6977 = DIRECTION('',(-0.,-0.,-1.));
#6978 = DIRECTION('',(1.,0.,0.));
#6979 = ADVANCED_FACE('',(#6980),#6983,.F.);
#6980 = FACE_BOUND('',#6981,.T.);
#6981 = EDGE_LOOP('',(#6982));
#6982 = ORIENTED_EDGE('',*,*,#6791,.F.);
#6983 = PLANE('',#6984);
#6984 = AXIS2_PLACEMENT_3D('',#6985,#6986,#6987);
#6985 = CARTESIAN_POINT('',(-4.,24.,8.));
#6986 = DIRECTION('',(0.,0.,1.));
#6987 = DIRECTION('',(1.,0.,0.));
#6988 = ADVANCED_FACE('',(#6989),#6992,.F.);
#6989 = FACE_BOUND('',#6990,.T.);
#6990 = EDGE_LOOP('',(#6991));
#6991 = ORIENTED_EDGE('',*,*,#6816,.F.);
#6992 = PLANE('',#6993);
#6993 = AXIS2_PLACEMENT_3D('',#6994,#6995,#6996);
#6994 = CARTESIAN_POINT('',(-4.,16.,8.));
#6995 = DIRECTION('',(0.,0.,1.));
#6996 = DIRECTION('',(1.,0.,0.));
#6997 = ADVANCED_FACE('',(#6998),#7001,.F.);
#6998 = FACE_BOUND('',#6999,.T.);
#6999 = EDGE_LOOP('',(#7000));
#7000 = ORIENTED_EDGE('',*,*,#6841,.F.);
#7001 = PLANE('',#7002);
#7002 = AXIS2_PLACEMENT_3D('',#7003,#7004,#7005);
#7003 = CARTESIAN_POINT('',(-4.,8.,8.));
#7004 = DIRECTION('',(0.,0.,1.));
#7005 = DIRECTION('',(1.,0.,0.));
#7006 = ADVANCED_FACE('',(#7007),#7010,.F.);
#7007 = FACE_BOUND('',#7008,.T.);
#7008 = EDGE_LOOP('',(#7009));
#7009 = ORIENTED_EDGE('',*,*,#6866,.F.);
#7010 = PLANE('',#7011);
#7011 = AXIS2_PLACEMENT_3D('',#7012,#7013,#7014);
#7012 = CARTESIAN_POINT('',(-4.,0.,8.));
#7013 = DIRECTION('',(0.,0.,1.));
#7014 = DIRECTION('',(1.,0.,0.));
#7015 = ADVANCED_FACE('',(#7016),#7019,.F.);
#7016 = FACE_BOUND('',#7017,.T.);
#7017 = EDGE_LOOP('',(#7018));
#7018 = ORIENTED_EDGE('',*,*,#6891,.F.);
#7019 = PLANE('',#7020);
#7020 = AXIS2_PLACEMENT_3D('',#7021,#7022,#7023);
#7021 = CARTESIAN_POINT('',(-4.,-8.,8.));
#7022 = DIRECTION('',(0.,0.,1.));
#7023 = DIRECTION('',(1.,0.,0.));
#7024 = ADVANCED_FACE('',(#7025),#7028,.F.);
#7025 = FACE_BOUND('',#7026,.T.);
#7026 = EDGE_LOOP('',(#7027));
#7027 = ORIENTED_EDGE('',*,*,#6916,.F.);
#7028 = PLANE('',#7029);
#7029 = AXIS2_PLACEMENT_3D('',#7030,#7031,#7032);
#7030 = CARTESIAN_POINT('',(-4.,-16.,8.));
#7031 = DIRECTION('',(0.,0.,1.));
#7032 = DIRECTION('',(1.,0.,0.));
#7033 = ADVANCED_FACE('',(#7034),#7037,.F.);
#7034 = FACE_BOUND('',#7035,.T.);
#7035 = EDGE_LOOP('',(#7036));
#7036 = ORIENTED_EDGE('',*,*,#6941,.F.);
#7037 = PLANE('',#7038);
#7038 = AXIS2_PLACEMENT_3D('',#7039,#7040,#7041);
#7039 = CARTESIAN_POINT('',(-4.,-24.,8.));
#7040 = DIRECTION('',(0.,0.,1.));
#7041 = DIRECTION('',(1.,0.,0.));
#7042 = ADVANCED_FACE('',(#7043),#7046,.F.);
#7043 = FACE_BOUND('',#7044,.T.);
#7044 = EDGE_LOOP('',(#7045));
#7045 = ORIENTED_EDGE('',*,*,#6966,.F.);
#7046 = PLANE('',#7047);
#7047 = AXIS2_PLACEMENT_3D('',#7048,#7049,#7050);
#7048 = CARTESIAN_POINT('',(4.,0.,8.));
#7049 = DIRECTION('',(0.,0.,1.));
#7050 = DIRECTION('',(1.,0.,0.));
#7051 = ( GEOMETRIC_REPRESENTATION_CONTEXT(3) 
GLOBAL_UNCERTAINTY_ASSIGNED_CONTEXT((#7055)) 
GLOBAL_UNIT_ASSIGNED_CONTEXT((#7052,#7053,#7054)) REPRESENTATION_CONTEXT
('Context #1','3D Context with UNIT and UNCERTAINTY') );
#7052 = ( LENGTH_UNIT() NAMED_UNIT(*) SI_UNIT(.MILLI.,.METRE.) );
#7053 = ( NAMED_UNIT(*) PLANE_ANGLE_UNIT() SI_UNIT($,.RADIAN.) );
#7054 = ( NAMED_UNIT(*) SI_UNIT($,.STERADIAN.) SOLID_ANGLE_UNIT() );
#7055 = UNCERTAINTY_MEASURE_WITH_UNIT(LENGTH_MEASURE(5.E-06),#7052,
  'distance_accuracy_value','confusion accuracy');
#7056 = PRODUCT_RELATED_PRODUCT_CATEGORY('part',$,(#7));
ENDSEC;
END-ISO-10303-21;
