ISO-10303-21;
HEADER;
FILE_DESCRIPTION(('FreeCAD Model'),'2;1');
FILE_NAME('Open CASCADE Shape Model','2026-09-20T21:14:48',('FreeCAD'),(
    'FreeCAD'),'Open CASCADE STEP processor 7.8','FreeCAD','Unknown');
FILE_SCHEMA(('AUTOMOTIVE_DESIGN { 1 0 10303 214 1 1 1 1 }'));
ENDSEC;
DATA;
#1 = APPLICATION_PROTOCOL_DEFINITION('international standard',
  'automotive_design',2000,#2);
#2 = APPLICATION_CONTEXT(
  'core data for automotive mechanical design processes');
#3 = SHAPE_DEFINITION_REPRESENTATION(#4,#10);
#4 = PRODUCT_DEFINITION_SHAPE('','',#5);
#5 = PRODUCT_DEFINITION('design','',#6,#9);
#6 = PRODUCT_DEFINITION_FORMATION('','',#7);
#7 = PRODUCT('Open CASCADE STEP translator 7.8 103',
  'Open CASCADE STEP translator 7.8 103','',(#8));
#8 = PRODUCT_CONTEXT('',#2,'mechanical');
#9 = PRODUCT_DEFINITION_CONTEXT('part definition',#2,'design');
#10 = ADVANCED_BREP_SHAPE_REPRESENTATION('',(#11,#15),#6604);
#11 = AXIS2_PLACEMENT_3D('',#12,#13,#14);
#12 = CARTESIAN_POINT('',(0.,0.,0.));
#13 = DIRECTION('',(0.,0.,1.));
#14 = DIRECTION('',(1.,0.,-0.));
#15 = MANIFOLD_SOLID_BREP('',#16);
#16 = CLOSED_SHELL('',(#17,#50,#301,#326,#357,#381,#405,#429,#453,#477,
    #501,#518,#543,#568,#593,#618,#643,#668,#693,#718,#743,#768,#793,
    #818,#843,#868,#893,#918,#927,#1217,#1242,#1267,#1292,#1317,#1342,
    #1367,#1392,#1417,#1442,#1467,#1492,#1517,#1542,#1567,#1592,#1617,
    #1646,#1669,#1692,#1715,#1738,#1761,#1784,#1807,#1830,#1853,#1876,
    #1899,#1922,#1945,#1968,#1991,#2014,#2037,#2060,#2083,#2106,#2129,
    #2152,#2175,#2198,#2221,#2244,#2267,#2290,#2313,#2336,#2359,#2382,
    #2399,#2408,#2417,#2426,#2435,#2444,#2453,#2462,#2471,#2480,#2489,
    #2498,#2507,#2516,#2525,#2534,#2543,#2812,#2868,#2993,#3049,#3073,
    #3129,#3288,#3337,#3370,#3394,#3419,#3443,#3485,#3509,#3534,#3558,
    #3600,#3624,#3649,#3673,#3715,#3739,#3764,#3788,#3830,#3854,#3879,
    #3903,#3945,#3969,#3994,#4018,#4060,#4084,#4109,#4133,#4159,#4192,
    #4216,#4241,#4258,#4316,#4340,#4374,#4398,#4440,#4464,#4498,#4522,
    #4564,#4588,#4622,#4639,#4656,#4673,#4690,#4702,#4735,#4759,#4793,
    #4817,#4859,#4883,#4917,#4941,#4983,#5007,#5041,#5065,#5107,#5131,
    #5165,#5182,#5206,#5231,#5248,#5309,#5333,#5407,#5431,#5505,#5529,
    #5603,#5627,#5701,#5725,#5799,#5823,#5877,#5894,#5911,#5928,#5945,
    #5962,#5979,#6004,#6016,#6041,#6053,#6078,#6090,#6115,#6127,#6152,
    #6164,#6189,#6201,#6226,#6246,#6266,#6286,#6306,#6326,#6346,#6366,
    #6391,#6416,#6441,#6466,#6491,#6516,#6541,#6550,#6559,#6568,#6577,
    #6586,#6595));
#17 = ADVANCED_FACE('',(#18),#45,.T.);
#18 = FACE_BOUND('',#19,.F.);
#19 = EDGE_LOOP('',(#20,#30,#37,#38));
#20 = ORIENTED_EDGE('',*,*,#21,.T.);
#21 = EDGE_CURVE('',#22,#24,#26,.T.);
#22 = VERTEX_POINT('',#23);
#23 = CARTESIAN_POINT('',(-5.6,-28.,9.6));
#24 = VERTEX_POINT('',#25);
#25 = CARTESIAN_POINT('',(-5.6,-28.,11.15));
#26 = LINE('',#27,#28);
#27 = CARTESIAN_POINT('',(-5.6,-28.,9.6));
#28 = VECTOR('',#29,1.);
#29 = DIRECTION('',(0.,0.,1.));
#30 = ORIENTED_EDGE('',*,*,#31,.T.);
#31 = EDGE_CURVE('',#24,#24,#32,.T.);
#32 = CIRCLE('',#33,2.4);
#33 = AXIS2_PLACEMENT_3D('',#34,#35,#36);
#34 = CARTESIAN_POINT('',(-8.,-28.,11.15));
#35 = DIRECTION('',(0.,0.,1.));
#36 = DIRECTION('',(1.,0.,0.));
#37 = ORIENTED_EDGE('',*,*,#21,.F.);
#38 = ORIENTED_EDGE('',*,*,#39,.F.);
#39 = EDGE_CURVE('',#22,#22,#40,.T.);
#40 = CIRCLE('',#41,2.4);
#41 = AXIS2_PLACEMENT_3D('',#42,#43,#44);
#42 = CARTESIAN_POINT('',(-8.,-28.,9.6));
#43 = DIRECTION('',(0.,0.,1.));
#44 = DIRECTION('',(1.,0.,0.));
#45 = CYLINDRICAL_SURFACE('',#46,2.4);
#46 = AXIS2_PLACEMENT_3D('',#47,#48,#49);
#47 = CARTESIAN_POINT('',(-8.,-28.,9.6));
#48 = DIRECTION('',(-0.,-0.,-1.));
#49 = DIRECTION('',(1.,0.,0.));
#50 = ADVANCED_FACE('',(#51,#117,#120,#131,#142,#153,#164,#175,#186,#197
    ,#208,#219,#230,#241,#252,#263,#274,#285),#296,.T.);
#51 = FACE_BOUND('',#52,.T.);
#52 = EDGE_LOOP('',(#53,#63,#71,#79,#87,#95,#103,#111));
#53 = ORIENTED_EDGE('',*,*,#54,.F.);
#54 = EDGE_CURVE('',#55,#57,#59,.T.);
#55 = VERTEX_POINT('',#56);
#56 = CARTESIAN_POINT('',(-11.9,-31.9,9.6));
#57 = VERTEX_POINT('',#58);
#58 = CARTESIAN_POINT('',(-11.9,31.9,9.6));
#59 = LINE('',#60,#61);
#60 = CARTESIAN_POINT('',(-11.9,-31.9,9.6));
#61 = VECTOR('',#62,1.);
#62 = DIRECTION('',(0.,1.,0.));
#63 = ORIENTED_EDGE('',*,*,#64,.T.);
#64 = EDGE_CURVE('',#55,#65,#67,.T.);
#65 = VERTEX_POINT('',#66);
#66 = CARTESIAN_POINT('',(3.9,-31.9,9.6));
#67 = LINE('',#68,#69);
#68 = CARTESIAN_POINT('',(-11.9,-31.9,9.6));
#69 = VECTOR('',#70,1.);
#70 = DIRECTION('',(1.,0.,0.));
#71 = ORIENTED_EDGE('',*,*,#72,.T.);
#72 = EDGE_CURVE('',#65,#73,#75,.T.);
#73 = VERTEX_POINT('',#74);
#74 = CARTESIAN_POINT('',(3.9,1.E-01,9.6));
#75 = LINE('',#76,#77);
#76 = CARTESIAN_POINT('',(3.9,-31.9,9.6));
#77 = VECTOR('',#78,1.);
#78 = DIRECTION('',(0.,1.,0.));
#79 = ORIENTED_EDGE('',*,*,#80,.T.);
#80 = EDGE_CURVE('',#73,#81,#83,.T.);
#81 = VERTEX_POINT('',#82);
#82 = CARTESIAN_POINT('',(11.9,0.1,9.6));
#83 = LINE('',#84,#85);
#84 = CARTESIAN_POINT('',(-11.9,0.1,9.6));
#85 = VECTOR('',#86,1.);
#86 = DIRECTION('',(1.,0.,0.));
#87 = ORIENTED_EDGE('',*,*,#88,.T.);
#88 = EDGE_CURVE('',#81,#89,#91,.T.);
#89 = VERTEX_POINT('',#90);
#90 = CARTESIAN_POINT('',(11.9,7.9,9.6));
#91 = LINE('',#92,#93);
#92 = CARTESIAN_POINT('',(11.9,0.1,9.6));
#93 = VECTOR('',#94,1.);
#94 = DIRECTION('',(0.,1.,0.));
#95 = ORIENTED_EDGE('',*,*,#96,.F.);
#96 = EDGE_CURVE('',#97,#89,#99,.T.);
#97 = VERTEX_POINT('',#98);
#98 = CARTESIAN_POINT('',(3.9,7.9,9.6));
#99 = LINE('',#100,#101);
#100 = CARTESIAN_POINT('',(-11.9,7.9,9.6));
#101 = VECTOR('',#102,1.);
#102 = DIRECTION('',(1.,0.,0.));
#103 = ORIENTED_EDGE('',*,*,#104,.T.);
#104 = EDGE_CURVE('',#97,#105,#107,.T.);
#105 = VERTEX_POINT('',#106);
#106 = CARTESIAN_POINT('',(3.9,31.9,9.6));
#107 = LINE('',#108,#109);
#108 = CARTESIAN_POINT('',(3.9,7.9,9.6));
#109 = VECTOR('',#110,1.);
#110 = DIRECTION('',(0.,1.,0.));
#111 = ORIENTED_EDGE('',*,*,#112,.F.);
#112 = EDGE_CURVE('',#57,#105,#113,.T.);
#113 = LINE('',#114,#115);
#114 = CARTESIAN_POINT('',(-11.9,31.9,9.6));
#115 = VECTOR('',#116,1.);
#116 = DIRECTION('',(1.,0.,0.));
#117 = FACE_BOUND('',#118,.T.);
#118 = EDGE_LOOP('',(#119));
#119 = ORIENTED_EDGE('',*,*,#39,.F.);
#120 = FACE_BOUND('',#121,.T.);
#121 = EDGE_LOOP('',(#122));
#122 = ORIENTED_EDGE('',*,*,#123,.F.);
#123 = EDGE_CURVE('',#124,#124,#126,.T.);
#124 = VERTEX_POINT('',#125);
#125 = CARTESIAN_POINT('',(-5.6,-20.,9.6));
#126 = CIRCLE('',#127,2.4);
#127 = AXIS2_PLACEMENT_3D('',#128,#129,#130);
#128 = CARTESIAN_POINT('',(-8.,-20.,9.6));
#129 = DIRECTION('',(0.,0.,1.));
#130 = DIRECTION('',(1.,0.,0.));
#131 = FACE_BOUND('',#132,.T.);
#132 = EDGE_LOOP('',(#133));
#133 = ORIENTED_EDGE('',*,*,#134,.F.);
#134 = EDGE_CURVE('',#135,#135,#137,.T.);
#135 = VERTEX_POINT('',#136);
#136 = CARTESIAN_POINT('',(-5.6,-12.,9.6));
#137 = CIRCLE('',#138,2.4);
#138 = AXIS2_PLACEMENT_3D('',#139,#140,#141);
#139 = CARTESIAN_POINT('',(-8.,-12.,9.6));
#140 = DIRECTION('',(0.,0.,1.));
#141 = DIRECTION('',(1.,0.,0.));
#142 = FACE_BOUND('',#143,.T.);
#143 = EDGE_LOOP('',(#144));
#144 = ORIENTED_EDGE('',*,*,#145,.F.);
#145 = EDGE_CURVE('',#146,#146,#148,.T.);
#146 = VERTEX_POINT('',#147);
#147 = CARTESIAN_POINT('',(-5.6,-4.,9.6));
#148 = CIRCLE('',#149,2.4);
#149 = AXIS2_PLACEMENT_3D('',#150,#151,#152);
#150 = CARTESIAN_POINT('',(-8.,-4.,9.6));
#151 = DIRECTION('',(0.,0.,1.));
#152 = DIRECTION('',(1.,0.,0.));
#153 = FACE_BOUND('',#154,.T.);
#154 = EDGE_LOOP('',(#155));
#155 = ORIENTED_EDGE('',*,*,#156,.F.);
#156 = EDGE_CURVE('',#157,#157,#159,.T.);
#157 = VERTEX_POINT('',#158);
#158 = CARTESIAN_POINT('',(2.4,-28.,9.6));
#159 = CIRCLE('',#160,2.4);
#160 = AXIS2_PLACEMENT_3D('',#161,#162,#163);
#161 = CARTESIAN_POINT('',(0.,-28.,9.6));
#162 = DIRECTION('',(0.,0.,1.));
#163 = DIRECTION('',(1.,0.,0.));
#164 = FACE_BOUND('',#165,.T.);
#165 = EDGE_LOOP('',(#166));
#166 = ORIENTED_EDGE('',*,*,#167,.F.);
#167 = EDGE_CURVE('',#168,#168,#170,.T.);
#168 = VERTEX_POINT('',#169);
#169 = CARTESIAN_POINT('',(2.4,-20.,9.6));
#170 = CIRCLE('',#171,2.4);
#171 = AXIS2_PLACEMENT_3D('',#172,#173,#174);
#172 = CARTESIAN_POINT('',(0.,-20.,9.6));
#173 = DIRECTION('',(0.,0.,1.));
#174 = DIRECTION('',(1.,0.,0.));
#175 = FACE_BOUND('',#176,.T.);
#176 = EDGE_LOOP('',(#177));
#177 = ORIENTED_EDGE('',*,*,#178,.F.);
#178 = EDGE_CURVE('',#179,#179,#181,.T.);
#179 = VERTEX_POINT('',#180);
#180 = CARTESIAN_POINT('',(2.4,-12.,9.6));
#181 = CIRCLE('',#182,2.4);
#182 = AXIS2_PLACEMENT_3D('',#183,#184,#185);
#183 = CARTESIAN_POINT('',(0.,-12.,9.6));
#184 = DIRECTION('',(0.,0.,1.));
#185 = DIRECTION('',(1.,0.,0.));
#186 = FACE_BOUND('',#187,.T.);
#187 = EDGE_LOOP('',(#188));
#188 = ORIENTED_EDGE('',*,*,#189,.F.);
#189 = EDGE_CURVE('',#190,#190,#192,.T.);
#190 = VERTEX_POINT('',#191);
#191 = CARTESIAN_POINT('',(2.4,-4.,9.6));
#192 = CIRCLE('',#193,2.4);
#193 = AXIS2_PLACEMENT_3D('',#194,#195,#196);
#194 = CARTESIAN_POINT('',(0.,-4.,9.6));
#195 = DIRECTION('',(0.,0.,1.));
#196 = DIRECTION('',(1.,0.,0.));
#197 = FACE_BOUND('',#198,.T.);
#198 = EDGE_LOOP('',(#199));
#199 = ORIENTED_EDGE('',*,*,#200,.F.);
#200 = EDGE_CURVE('',#201,#201,#203,.T.);
#201 = VERTEX_POINT('',#202);
#202 = CARTESIAN_POINT('',(-5.6,4.,9.6));
#203 = CIRCLE('',#204,2.4);
#204 = AXIS2_PLACEMENT_3D('',#205,#206,#207);
#205 = CARTESIAN_POINT('',(-8.,4.,9.6));
#206 = DIRECTION('',(0.,0.,1.));
#207 = DIRECTION('',(1.,0.,0.));
#208 = FACE_BOUND('',#209,.T.);
#209 = EDGE_LOOP('',(#210));
#210 = ORIENTED_EDGE('',*,*,#211,.F.);
#211 = EDGE_CURVE('',#212,#212,#214,.T.);
#212 = VERTEX_POINT('',#213);
#213 = CARTESIAN_POINT('',(-5.6,12.,9.6));
#214 = CIRCLE('',#215,2.4);
#215 = AXIS2_PLACEMENT_3D('',#216,#217,#218);
#216 = CARTESIAN_POINT('',(-8.,12.,9.6));
#217 = DIRECTION('',(0.,0.,1.));
#218 = DIRECTION('',(1.,0.,0.));
#219 = FACE_BOUND('',#220,.T.);
#220 = EDGE_LOOP('',(#221));
#221 = ORIENTED_EDGE('',*,*,#222,.F.);
#222 = EDGE_CURVE('',#223,#223,#225,.T.);
#223 = VERTEX_POINT('',#224);
#224 = CARTESIAN_POINT('',(-5.6,20.,9.6));
#225 = CIRCLE('',#226,2.4);
#226 = AXIS2_PLACEMENT_3D('',#227,#228,#229);
#227 = CARTESIAN_POINT('',(-8.,20.,9.6));
#228 = DIRECTION('',(0.,0.,1.));
#229 = DIRECTION('',(1.,0.,0.));
#230 = FACE_BOUND('',#231,.T.);
#231 = EDGE_LOOP('',(#232));
#232 = ORIENTED_EDGE('',*,*,#233,.F.);
#233 = EDGE_CURVE('',#234,#234,#236,.T.);
#234 = VERTEX_POINT('',#235);
#235 = CARTESIAN_POINT('',(-5.6,28.,9.6));
#236 = CIRCLE('',#237,2.4);
#237 = AXIS2_PLACEMENT_3D('',#238,#239,#240);
#238 = CARTESIAN_POINT('',(-8.,28.,9.6));
#239 = DIRECTION('',(0.,0.,1.));
#240 = DIRECTION('',(1.,0.,0.));
#241 = FACE_BOUND('',#242,.T.);
#242 = EDGE_LOOP('',(#243));
#243 = ORIENTED_EDGE('',*,*,#244,.F.);
#244 = EDGE_CURVE('',#245,#245,#247,.T.);
#245 = VERTEX_POINT('',#246);
#246 = CARTESIAN_POINT('',(2.4,4.,9.6));
#247 = CIRCLE('',#248,2.4);
#248 = AXIS2_PLACEMENT_3D('',#249,#250,#251);
#249 = CARTESIAN_POINT('',(0.,4.,9.6));
#250 = DIRECTION('',(0.,0.,1.));
#251 = DIRECTION('',(1.,0.,0.));
#252 = FACE_BOUND('',#253,.T.);
#253 = EDGE_LOOP('',(#254));
#254 = ORIENTED_EDGE('',*,*,#255,.F.);
#255 = EDGE_CURVE('',#256,#256,#258,.T.);
#256 = VERTEX_POINT('',#257);
#257 = CARTESIAN_POINT('',(2.4,12.,9.6));
#258 = CIRCLE('',#259,2.4);
#259 = AXIS2_PLACEMENT_3D('',#260,#261,#262);
#260 = CARTESIAN_POINT('',(0.,12.,9.6));
#261 = DIRECTION('',(0.,0.,1.));
#262 = DIRECTION('',(1.,0.,0.));
#263 = FACE_BOUND('',#264,.T.);
#264 = EDGE_LOOP('',(#265));
#265 = ORIENTED_EDGE('',*,*,#266,.F.);
#266 = EDGE_CURVE('',#267,#267,#269,.T.);
#267 = VERTEX_POINT('',#268);
#268 = CARTESIAN_POINT('',(10.4,4.,9.6));
#269 = CIRCLE('',#270,2.4);
#270 = AXIS2_PLACEMENT_3D('',#271,#272,#273);
#271 = CARTESIAN_POINT('',(8.,4.,9.6));
#272 = DIRECTION('',(0.,0.,1.));
#273 = DIRECTION('',(1.,0.,0.));
#274 = FACE_BOUND('',#275,.T.);
#275 = EDGE_LOOP('',(#276));
#276 = ORIENTED_EDGE('',*,*,#277,.F.);
#277 = EDGE_CURVE('',#278,#278,#280,.T.);
#278 = VERTEX_POINT('',#279);
#279 = CARTESIAN_POINT('',(2.4,20.,9.6));
#280 = CIRCLE('',#281,2.4);
#281 = AXIS2_PLACEMENT_3D('',#282,#283,#284);
#282 = CARTESIAN_POINT('',(0.,20.,9.6));
#283 = DIRECTION('',(0.,0.,1.));
#284 = DIRECTION('',(1.,0.,0.));
#285 = FACE_BOUND('',#286,.T.);
#286 = EDGE_LOOP('',(#287));
#287 = ORIENTED_EDGE('',*,*,#288,.F.);
#288 = EDGE_CURVE('',#289,#289,#291,.T.);
#289 = VERTEX_POINT('',#290);
#290 = CARTESIAN_POINT('',(2.4,28.,9.6));
#291 = CIRCLE('',#292,2.4);
#292 = AXIS2_PLACEMENT_3D('',#293,#294,#295);
#293 = CARTESIAN_POINT('',(0.,28.,9.6));
#294 = DIRECTION('',(0.,0.,1.));
#295 = DIRECTION('',(1.,0.,0.));
#296 = PLANE('',#297);
#297 = AXIS2_PLACEMENT_3D('',#298,#299,#300);
#298 = CARTESIAN_POINT('',(-2.557077625571,0.365296803653,9.6));
#299 = DIRECTION('',(0.,0.,1.));
#300 = DIRECTION('',(1.,0.,0.));
#301 = ADVANCED_FACE('',(#302),#321,.T.);
#302 = FACE_BOUND('',#303,.T.);
#303 = EDGE_LOOP('',(#304,#313,#319,#320));
#304 = ORIENTED_EDGE('',*,*,#305,.F.);
#305 = EDGE_CURVE('',#306,#306,#308,.T.);
#306 = VERTEX_POINT('',#307);
#307 = CARTESIAN_POINT('',(-5.85,-28.,11.4));
#308 = CIRCLE('',#309,2.15);
#309 = AXIS2_PLACEMENT_3D('',#310,#311,#312);
#310 = CARTESIAN_POINT('',(-8.,-28.,11.4));
#311 = DIRECTION('',(0.,0.,1.));
#312 = DIRECTION('',(1.,0.,0.));
#313 = ORIENTED_EDGE('',*,*,#314,.F.);
#314 = EDGE_CURVE('',#24,#306,#315,.T.);
#315 = LINE('',#316,#317);
#316 = CARTESIAN_POINT('',(-5.6,-28.,11.15));
#317 = VECTOR('',#318,1.);
#318 = DIRECTION('',(-0.707106781187,1.731912112471E-16,0.707106781187)
  );
#319 = ORIENTED_EDGE('',*,*,#31,.T.);
#320 = ORIENTED_EDGE('',*,*,#314,.T.);
#321 = CONICAL_SURFACE('',#322,2.4,0.785398163397);
#322 = AXIS2_PLACEMENT_3D('',#323,#324,#325);
#323 = CARTESIAN_POINT('',(-8.,-28.,11.15));
#324 = DIRECTION('',(-0.,-0.,-1.));
#325 = DIRECTION('',(1.,0.,0.));
#326 = ADVANCED_FACE('',(#327),#352,.T.);
#327 = FACE_BOUND('',#328,.T.);
#328 = EDGE_LOOP('',(#329,#337,#338,#346));
#329 = ORIENTED_EDGE('',*,*,#330,.T.);
#330 = EDGE_CURVE('',#331,#55,#333,.T.);
#331 = VERTEX_POINT('',#332);
#332 = CARTESIAN_POINT('',(-11.9,-31.9,0.));
#333 = LINE('',#334,#335);
#334 = CARTESIAN_POINT('',(-11.9,-31.9,0.));
#335 = VECTOR('',#336,1.);
#336 = DIRECTION('',(0.,0.,1.));
#337 = ORIENTED_EDGE('',*,*,#54,.T.);
#338 = ORIENTED_EDGE('',*,*,#339,.F.);
#339 = EDGE_CURVE('',#340,#57,#342,.T.);
#340 = VERTEX_POINT('',#341);
#341 = CARTESIAN_POINT('',(-11.9,31.9,0.));
#342 = LINE('',#343,#344);
#343 = CARTESIAN_POINT('',(-11.9,31.9,0.));
#344 = VECTOR('',#345,1.);
#345 = DIRECTION('',(0.,0.,1.));
#346 = ORIENTED_EDGE('',*,*,#347,.F.);
#347 = EDGE_CURVE('',#331,#340,#348,.T.);
#348 = LINE('',#349,#350);
#349 = CARTESIAN_POINT('',(-11.9,24.1,0.));
#350 = VECTOR('',#351,1.);
#351 = DIRECTION('',(0.,1.,0.));
#352 = PLANE('',#353);
#353 = AXIS2_PLACEMENT_3D('',#354,#355,#356);
#354 = CARTESIAN_POINT('',(-11.9,1.742475373799E-15,4.8));
#355 = DIRECTION('',(-1.,-0.,-0.));
#356 = DIRECTION('',(0.,0.,-1.));
#357 = ADVANCED_FACE('',(#358),#376,.F.);
#358 = FACE_BOUND('',#359,.F.);
#359 = EDGE_LOOP('',(#360,#368,#369,#370));
#360 = ORIENTED_EDGE('',*,*,#361,.F.);
#361 = EDGE_CURVE('',#331,#362,#364,.T.);
#362 = VERTEX_POINT('',#363);
#363 = CARTESIAN_POINT('',(3.9,-31.9,0.));
#364 = LINE('',#365,#366);
#365 = CARTESIAN_POINT('',(-11.9,-31.9,0.));
#366 = VECTOR('',#367,1.);
#367 = DIRECTION('',(1.,0.,0.));
#368 = ORIENTED_EDGE('',*,*,#330,.T.);
#369 = ORIENTED_EDGE('',*,*,#64,.T.);
#370 = ORIENTED_EDGE('',*,*,#371,.F.);
#371 = EDGE_CURVE('',#362,#65,#372,.T.);
#372 = LINE('',#373,#374);
#373 = CARTESIAN_POINT('',(3.9,-31.9,0.));
#374 = VECTOR('',#375,1.);
#375 = DIRECTION('',(0.,0.,1.));
#376 = PLANE('',#377);
#377 = AXIS2_PLACEMENT_3D('',#378,#379,#380);
#378 = CARTESIAN_POINT('',(-11.9,-31.9,0.));
#379 = DIRECTION('',(0.,1.,0.));
#380 = DIRECTION('',(0.,0.,1.));
#381 = ADVANCED_FACE('',(#382),#400,.T.);
#382 = FACE_BOUND('',#383,.T.);
#383 = EDGE_LOOP('',(#384,#392,#393,#394));
#384 = ORIENTED_EDGE('',*,*,#385,.F.);
#385 = EDGE_CURVE('',#340,#386,#388,.T.);
#386 = VERTEX_POINT('',#387);
#387 = CARTESIAN_POINT('',(3.9,31.9,0.));
#388 = LINE('',#389,#390);
#389 = CARTESIAN_POINT('',(-11.9,31.9,0.));
#390 = VECTOR('',#391,1.);
#391 = DIRECTION('',(1.,0.,0.));
#392 = ORIENTED_EDGE('',*,*,#339,.T.);
#393 = ORIENTED_EDGE('',*,*,#112,.T.);
#394 = ORIENTED_EDGE('',*,*,#395,.F.);
#395 = EDGE_CURVE('',#386,#105,#396,.T.);
#396 = LINE('',#397,#398);
#397 = CARTESIAN_POINT('',(3.9,31.9,0.));
#398 = VECTOR('',#399,1.);
#399 = DIRECTION('',(0.,0.,1.));
#400 = PLANE('',#401);
#401 = AXIS2_PLACEMENT_3D('',#402,#403,#404);
#402 = CARTESIAN_POINT('',(-11.9,31.9,0.));
#403 = DIRECTION('',(0.,1.,0.));
#404 = DIRECTION('',(0.,0.,1.));
#405 = ADVANCED_FACE('',(#406),#424,.T.);
#406 = FACE_BOUND('',#407,.T.);
#407 = EDGE_LOOP('',(#408,#409,#417,#423));
#408 = ORIENTED_EDGE('',*,*,#371,.F.);
#409 = ORIENTED_EDGE('',*,*,#410,.T.);
#410 = EDGE_CURVE('',#362,#411,#413,.T.);
#411 = VERTEX_POINT('',#412);
#412 = CARTESIAN_POINT('',(3.9,1.E-01,0.));
#413 = LINE('',#414,#415);
#414 = CARTESIAN_POINT('',(3.9,-0.1,0.));
#415 = VECTOR('',#416,1.);
#416 = DIRECTION('',(0.,1.,0.));
#417 = ORIENTED_EDGE('',*,*,#418,.T.);
#418 = EDGE_CURVE('',#411,#73,#419,.T.);
#419 = LINE('',#420,#421);
#420 = CARTESIAN_POINT('',(3.9,1.E-01,0.));
#421 = VECTOR('',#422,1.);
#422 = DIRECTION('',(0.,0.,1.));
#423 = ORIENTED_EDGE('',*,*,#72,.F.);
#424 = PLANE('',#425);
#425 = AXIS2_PLACEMENT_3D('',#426,#427,#428);
#426 = CARTESIAN_POINT('',(3.9,-15.9,4.8));
#427 = DIRECTION('',(1.,0.,0.));
#428 = DIRECTION('',(0.,0.,1.));
#429 = ADVANCED_FACE('',(#430),#448,.T.);
#430 = FACE_BOUND('',#431,.T.);
#431 = EDGE_LOOP('',(#432,#440,#446,#447));
#432 = ORIENTED_EDGE('',*,*,#433,.F.);
#433 = EDGE_CURVE('',#434,#97,#436,.T.);
#434 = VERTEX_POINT('',#435);
#435 = CARTESIAN_POINT('',(3.9,7.9,0.));
#436 = LINE('',#437,#438);
#437 = CARTESIAN_POINT('',(3.9,7.9,0.));
#438 = VECTOR('',#439,1.);
#439 = DIRECTION('',(0.,0.,1.));
#440 = ORIENTED_EDGE('',*,*,#441,.T.);
#441 = EDGE_CURVE('',#434,#386,#442,.T.);
#442 = LINE('',#443,#444);
#443 = CARTESIAN_POINT('',(3.9,24.1,0.));
#444 = VECTOR('',#445,1.);
#445 = DIRECTION('',(0.,1.,0.));
#446 = ORIENTED_EDGE('',*,*,#395,.T.);
#447 = ORIENTED_EDGE('',*,*,#104,.F.);
#448 = PLANE('',#449);
#449 = AXIS2_PLACEMENT_3D('',#450,#451,#452);
#450 = CARTESIAN_POINT('',(3.9,19.9,4.8));
#451 = DIRECTION('',(1.,0.,0.));
#452 = DIRECTION('',(0.,0.,1.));
#453 = ADVANCED_FACE('',(#454),#472,.F.);
#454 = FACE_BOUND('',#455,.F.);
#455 = EDGE_LOOP('',(#456,#464,#465,#466));
#456 = ORIENTED_EDGE('',*,*,#457,.F.);
#457 = EDGE_CURVE('',#411,#458,#460,.T.);
#458 = VERTEX_POINT('',#459);
#459 = CARTESIAN_POINT('',(11.9,0.1,0.));
#460 = LINE('',#461,#462);
#461 = CARTESIAN_POINT('',(-11.9,0.1,0.));
#462 = VECTOR('',#463,1.);
#463 = DIRECTION('',(1.,0.,0.));
#464 = ORIENTED_EDGE('',*,*,#418,.T.);
#465 = ORIENTED_EDGE('',*,*,#80,.T.);
#466 = ORIENTED_EDGE('',*,*,#467,.F.);
#467 = EDGE_CURVE('',#458,#81,#468,.T.);
#468 = LINE('',#469,#470);
#469 = CARTESIAN_POINT('',(11.9,0.1,0.));
#470 = VECTOR('',#471,1.);
#471 = DIRECTION('',(0.,0.,1.));
#472 = PLANE('',#473);
#473 = AXIS2_PLACEMENT_3D('',#474,#475,#476);
#474 = CARTESIAN_POINT('',(-11.9,0.1,0.));
#475 = DIRECTION('',(0.,1.,0.));
#476 = DIRECTION('',(0.,0.,1.));
#477 = ADVANCED_FACE('',(#478),#496,.T.);
#478 = FACE_BOUND('',#479,.T.);
#479 = EDGE_LOOP('',(#480,#488,#489,#490));
#480 = ORIENTED_EDGE('',*,*,#481,.F.);
#481 = EDGE_CURVE('',#434,#482,#484,.T.);
#482 = VERTEX_POINT('',#483);
#483 = CARTESIAN_POINT('',(11.9,7.9,0.));
#484 = LINE('',#485,#486);
#485 = CARTESIAN_POINT('',(-11.9,7.9,0.));
#486 = VECTOR('',#487,1.);
#487 = DIRECTION('',(1.,0.,0.));
#488 = ORIENTED_EDGE('',*,*,#433,.T.);
#489 = ORIENTED_EDGE('',*,*,#96,.T.);
#490 = ORIENTED_EDGE('',*,*,#491,.F.);
#491 = EDGE_CURVE('',#482,#89,#492,.T.);
#492 = LINE('',#493,#494);
#493 = CARTESIAN_POINT('',(11.9,7.9,0.));
#494 = VECTOR('',#495,1.);
#495 = DIRECTION('',(0.,0.,1.));
#496 = PLANE('',#497);
#497 = AXIS2_PLACEMENT_3D('',#498,#499,#500);
#498 = CARTESIAN_POINT('',(-11.9,7.9,0.));
#499 = DIRECTION('',(0.,1.,0.));
#500 = DIRECTION('',(0.,0.,1.));
#501 = ADVANCED_FACE('',(#502),#513,.T.);
#502 = FACE_BOUND('',#503,.T.);
#503 = EDGE_LOOP('',(#504,#505,#511,#512));
#504 = ORIENTED_EDGE('',*,*,#467,.F.);
#505 = ORIENTED_EDGE('',*,*,#506,.T.);
#506 = EDGE_CURVE('',#458,#482,#507,.T.);
#507 = LINE('',#508,#509);
#508 = CARTESIAN_POINT('',(11.9,0.1,0.));
#509 = VECTOR('',#510,1.);
#510 = DIRECTION('',(0.,1.,0.));
#511 = ORIENTED_EDGE('',*,*,#491,.T.);
#512 = ORIENTED_EDGE('',*,*,#88,.F.);
#513 = PLANE('',#514);
#514 = AXIS2_PLACEMENT_3D('',#515,#516,#517);
#515 = CARTESIAN_POINT('',(11.9,0.1,0.));
#516 = DIRECTION('',(1.,0.,0.));
#517 = DIRECTION('',(0.,0.,1.));
#518 = ADVANCED_FACE('',(#519),#538,.T.);
#519 = FACE_BOUND('',#520,.F.);
#520 = EDGE_LOOP('',(#521,#529,#536,#537));
#521 = ORIENTED_EDGE('',*,*,#522,.T.);
#522 = EDGE_CURVE('',#124,#523,#525,.T.);
#523 = VERTEX_POINT('',#524);
#524 = CARTESIAN_POINT('',(-5.6,-20.,11.15));
#525 = LINE('',#526,#527);
#526 = CARTESIAN_POINT('',(-5.6,-20.,9.6));
#527 = VECTOR('',#528,1.);
#528 = DIRECTION('',(0.,0.,1.));
#529 = ORIENTED_EDGE('',*,*,#530,.T.);
#530 = EDGE_CURVE('',#523,#523,#531,.T.);
#531 = CIRCLE('',#532,2.4);
#532 = AXIS2_PLACEMENT_3D('',#533,#534,#535);
#533 = CARTESIAN_POINT('',(-8.,-20.,11.15));
#534 = DIRECTION('',(0.,0.,1.));
#535 = DIRECTION('',(1.,0.,0.));
#536 = ORIENTED_EDGE('',*,*,#522,.F.);
#537 = ORIENTED_EDGE('',*,*,#123,.F.);
#538 = CYLINDRICAL_SURFACE('',#539,2.4);
#539 = AXIS2_PLACEMENT_3D('',#540,#541,#542);
#540 = CARTESIAN_POINT('',(-8.,-20.,9.6));
#541 = DIRECTION('',(-0.,-0.,-1.));
#542 = DIRECTION('',(1.,0.,0.));
#543 = ADVANCED_FACE('',(#544),#563,.T.);
#544 = FACE_BOUND('',#545,.F.);
#545 = EDGE_LOOP('',(#546,#554,#561,#562));
#546 = ORIENTED_EDGE('',*,*,#547,.T.);
#547 = EDGE_CURVE('',#135,#548,#550,.T.);
#548 = VERTEX_POINT('',#549);
#549 = CARTESIAN_POINT('',(-5.6,-12.,11.15));
#550 = LINE('',#551,#552);
#551 = CARTESIAN_POINT('',(-5.6,-12.,9.6));
#552 = VECTOR('',#553,1.);
#553 = DIRECTION('',(0.,0.,1.));
#554 = ORIENTED_EDGE('',*,*,#555,.T.);
#555 = EDGE_CURVE('',#548,#548,#556,.T.);
#556 = CIRCLE('',#557,2.4);
#557 = AXIS2_PLACEMENT_3D('',#558,#559,#560);
#558 = CARTESIAN_POINT('',(-8.,-12.,11.15));
#559 = DIRECTION('',(0.,0.,1.));
#560 = DIRECTION('',(1.,0.,0.));
#561 = ORIENTED_EDGE('',*,*,#547,.F.);
#562 = ORIENTED_EDGE('',*,*,#134,.F.);
#563 = CYLINDRICAL_SURFACE('',#564,2.4);
#564 = AXIS2_PLACEMENT_3D('',#565,#566,#567);
#565 = CARTESIAN_POINT('',(-8.,-12.,9.6));
#566 = DIRECTION('',(-0.,-0.,-1.));
#567 = DIRECTION('',(1.,0.,0.));
#568 = ADVANCED_FACE('',(#569),#588,.T.);
#569 = FACE_BOUND('',#570,.F.);
#570 = EDGE_LOOP('',(#571,#579,#586,#587));
#571 = ORIENTED_EDGE('',*,*,#572,.T.);
#572 = EDGE_CURVE('',#146,#573,#575,.T.);
#573 = VERTEX_POINT('',#574);
#574 = CARTESIAN_POINT('',(-5.6,-4.,11.15));
#575 = LINE('',#576,#577);
#576 = CARTESIAN_POINT('',(-5.6,-4.,9.6));
#577 = VECTOR('',#578,1.);
#578 = DIRECTION('',(0.,0.,1.));
#579 = ORIENTED_EDGE('',*,*,#580,.T.);
#580 = EDGE_CURVE('',#573,#573,#581,.T.);
#581 = CIRCLE('',#582,2.4);
#582 = AXIS2_PLACEMENT_3D('',#583,#584,#585);
#583 = CARTESIAN_POINT('',(-8.,-4.,11.15));
#584 = DIRECTION('',(0.,0.,1.));
#585 = DIRECTION('',(1.,0.,0.));
#586 = ORIENTED_EDGE('',*,*,#572,.F.);
#587 = ORIENTED_EDGE('',*,*,#145,.F.);
#588 = CYLINDRICAL_SURFACE('',#589,2.4);
#589 = AXIS2_PLACEMENT_3D('',#590,#591,#592);
#590 = CARTESIAN_POINT('',(-8.,-4.,9.6));
#591 = DIRECTION('',(-0.,-0.,-1.));
#592 = DIRECTION('',(1.,0.,0.));
#593 = ADVANCED_FACE('',(#594),#613,.T.);
#594 = FACE_BOUND('',#595,.F.);
#595 = EDGE_LOOP('',(#596,#604,#611,#612));
#596 = ORIENTED_EDGE('',*,*,#597,.T.);
#597 = EDGE_CURVE('',#157,#598,#600,.T.);
#598 = VERTEX_POINT('',#599);
#599 = CARTESIAN_POINT('',(2.4,-28.,11.15));
#600 = LINE('',#601,#602);
#601 = CARTESIAN_POINT('',(2.4,-28.,9.6));
#602 = VECTOR('',#603,1.);
#603 = DIRECTION('',(0.,0.,1.));
#604 = ORIENTED_EDGE('',*,*,#605,.T.);
#605 = EDGE_CURVE('',#598,#598,#606,.T.);
#606 = CIRCLE('',#607,2.4);
#607 = AXIS2_PLACEMENT_3D('',#608,#609,#610);
#608 = CARTESIAN_POINT('',(0.,-28.,11.15));
#609 = DIRECTION('',(0.,0.,1.));
#610 = DIRECTION('',(1.,0.,0.));
#611 = ORIENTED_EDGE('',*,*,#597,.F.);
#612 = ORIENTED_EDGE('',*,*,#156,.F.);
#613 = CYLINDRICAL_SURFACE('',#614,2.4);
#614 = AXIS2_PLACEMENT_3D('',#615,#616,#617);
#615 = CARTESIAN_POINT('',(0.,-28.,9.6));
#616 = DIRECTION('',(-0.,-0.,-1.));
#617 = DIRECTION('',(1.,0.,0.));
#618 = ADVANCED_FACE('',(#619),#638,.T.);
#619 = FACE_BOUND('',#620,.F.);
#620 = EDGE_LOOP('',(#621,#629,#636,#637));
#621 = ORIENTED_EDGE('',*,*,#622,.T.);
#622 = EDGE_CURVE('',#168,#623,#625,.T.);
#623 = VERTEX_POINT('',#624);
#624 = CARTESIAN_POINT('',(2.4,-20.,11.15));
#625 = LINE('',#626,#627);
#626 = CARTESIAN_POINT('',(2.4,-20.,9.6));
#627 = VECTOR('',#628,1.);
#628 = DIRECTION('',(0.,0.,1.));
#629 = ORIENTED_EDGE('',*,*,#630,.T.);
#630 = EDGE_CURVE('',#623,#623,#631,.T.);
#631 = CIRCLE('',#632,2.4);
#632 = AXIS2_PLACEMENT_3D('',#633,#634,#635);
#633 = CARTESIAN_POINT('',(0.,-20.,11.15));
#634 = DIRECTION('',(0.,0.,1.));
#635 = DIRECTION('',(1.,0.,0.));
#636 = ORIENTED_EDGE('',*,*,#622,.F.);
#637 = ORIENTED_EDGE('',*,*,#167,.F.);
#638 = CYLINDRICAL_SURFACE('',#639,2.4);
#639 = AXIS2_PLACEMENT_3D('',#640,#641,#642);
#640 = CARTESIAN_POINT('',(0.,-20.,9.6));
#641 = DIRECTION('',(-0.,-0.,-1.));
#642 = DIRECTION('',(1.,0.,0.));
#643 = ADVANCED_FACE('',(#644),#663,.T.);
#644 = FACE_BOUND('',#645,.F.);
#645 = EDGE_LOOP('',(#646,#654,#661,#662));
#646 = ORIENTED_EDGE('',*,*,#647,.T.);
#647 = EDGE_CURVE('',#179,#648,#650,.T.);
#648 = VERTEX_POINT('',#649);
#649 = CARTESIAN_POINT('',(2.4,-12.,11.15));
#650 = LINE('',#651,#652);
#651 = CARTESIAN_POINT('',(2.4,-12.,9.6));
#652 = VECTOR('',#653,1.);
#653 = DIRECTION('',(0.,0.,1.));
#654 = ORIENTED_EDGE('',*,*,#655,.T.);
#655 = EDGE_CURVE('',#648,#648,#656,.T.);
#656 = CIRCLE('',#657,2.4);
#657 = AXIS2_PLACEMENT_3D('',#658,#659,#660);
#658 = CARTESIAN_POINT('',(0.,-12.,11.15));
#659 = DIRECTION('',(0.,0.,1.));
#660 = DIRECTION('',(1.,0.,0.));
#661 = ORIENTED_EDGE('',*,*,#647,.F.);
#662 = ORIENTED_EDGE('',*,*,#178,.F.);
#663 = CYLINDRICAL_SURFACE('',#664,2.4);
#664 = AXIS2_PLACEMENT_3D('',#665,#666,#667);
#665 = CARTESIAN_POINT('',(0.,-12.,9.6));
#666 = DIRECTION('',(-0.,-0.,-1.));
#667 = DIRECTION('',(1.,0.,0.));
#668 = ADVANCED_FACE('',(#669),#688,.T.);
#669 = FACE_BOUND('',#670,.F.);
#670 = EDGE_LOOP('',(#671,#679,#686,#687));
#671 = ORIENTED_EDGE('',*,*,#672,.T.);
#672 = EDGE_CURVE('',#190,#673,#675,.T.);
#673 = VERTEX_POINT('',#674);
#674 = CARTESIAN_POINT('',(2.4,-4.,11.15));
#675 = LINE('',#676,#677);
#676 = CARTESIAN_POINT('',(2.4,-4.,9.6));
#677 = VECTOR('',#678,1.);
#678 = DIRECTION('',(0.,0.,1.));
#679 = ORIENTED_EDGE('',*,*,#680,.T.);
#680 = EDGE_CURVE('',#673,#673,#681,.T.);
#681 = CIRCLE('',#682,2.4);
#682 = AXIS2_PLACEMENT_3D('',#683,#684,#685);
#683 = CARTESIAN_POINT('',(0.,-4.,11.15));
#684 = DIRECTION('',(0.,0.,1.));
#685 = DIRECTION('',(1.,0.,0.));
#686 = ORIENTED_EDGE('',*,*,#672,.F.);
#687 = ORIENTED_EDGE('',*,*,#189,.F.);
#688 = CYLINDRICAL_SURFACE('',#689,2.4);
#689 = AXIS2_PLACEMENT_3D('',#690,#691,#692);
#690 = CARTESIAN_POINT('',(0.,-4.,9.6));
#691 = DIRECTION('',(-0.,-0.,-1.));
#692 = DIRECTION('',(1.,0.,0.));
#693 = ADVANCED_FACE('',(#694),#713,.T.);
#694 = FACE_BOUND('',#695,.F.);
#695 = EDGE_LOOP('',(#696,#704,#711,#712));
#696 = ORIENTED_EDGE('',*,*,#697,.T.);
#697 = EDGE_CURVE('',#201,#698,#700,.T.);
#698 = VERTEX_POINT('',#699);
#699 = CARTESIAN_POINT('',(-5.6,4.,11.15));
#700 = LINE('',#701,#702);
#701 = CARTESIAN_POINT('',(-5.6,4.,9.6));
#702 = VECTOR('',#703,1.);
#703 = DIRECTION('',(0.,0.,1.));
#704 = ORIENTED_EDGE('',*,*,#705,.T.);
#705 = EDGE_CURVE('',#698,#698,#706,.T.);
#706 = CIRCLE('',#707,2.4);
#707 = AXIS2_PLACEMENT_3D('',#708,#709,#710);
#708 = CARTESIAN_POINT('',(-8.,4.,11.15));
#709 = DIRECTION('',(0.,0.,1.));
#710 = DIRECTION('',(1.,0.,0.));
#711 = ORIENTED_EDGE('',*,*,#697,.F.);
#712 = ORIENTED_EDGE('',*,*,#200,.F.);
#713 = CYLINDRICAL_SURFACE('',#714,2.4);
#714 = AXIS2_PLACEMENT_3D('',#715,#716,#717);
#715 = CARTESIAN_POINT('',(-8.,4.,9.6));
#716 = DIRECTION('',(-0.,-0.,-1.));
#717 = DIRECTION('',(1.,0.,0.));
#718 = ADVANCED_FACE('',(#719),#738,.T.);
#719 = FACE_BOUND('',#720,.F.);
#720 = EDGE_LOOP('',(#721,#729,#736,#737));
#721 = ORIENTED_EDGE('',*,*,#722,.T.);
#722 = EDGE_CURVE('',#212,#723,#725,.T.);
#723 = VERTEX_POINT('',#724);
#724 = CARTESIAN_POINT('',(-5.6,12.,11.15));
#725 = LINE('',#726,#727);
#726 = CARTESIAN_POINT('',(-5.6,12.,9.6));
#727 = VECTOR('',#728,1.);
#728 = DIRECTION('',(0.,0.,1.));
#729 = ORIENTED_EDGE('',*,*,#730,.T.);
#730 = EDGE_CURVE('',#723,#723,#731,.T.);
#731 = CIRCLE('',#732,2.4);
#732 = AXIS2_PLACEMENT_3D('',#733,#734,#735);
#733 = CARTESIAN_POINT('',(-8.,12.,11.15));
#734 = DIRECTION('',(0.,0.,1.));
#735 = DIRECTION('',(1.,0.,0.));
#736 = ORIENTED_EDGE('',*,*,#722,.F.);
#737 = ORIENTED_EDGE('',*,*,#211,.F.);
#738 = CYLINDRICAL_SURFACE('',#739,2.4);
#739 = AXIS2_PLACEMENT_3D('',#740,#741,#742);
#740 = CARTESIAN_POINT('',(-8.,12.,9.6));
#741 = DIRECTION('',(-0.,-0.,-1.));
#742 = DIRECTION('',(1.,0.,0.));
#743 = ADVANCED_FACE('',(#744),#763,.T.);
#744 = FACE_BOUND('',#745,.F.);
#745 = EDGE_LOOP('',(#746,#754,#761,#762));
#746 = ORIENTED_EDGE('',*,*,#747,.T.);
#747 = EDGE_CURVE('',#223,#748,#750,.T.);
#748 = VERTEX_POINT('',#749);
#749 = CARTESIAN_POINT('',(-5.6,20.,11.15));
#750 = LINE('',#751,#752);
#751 = CARTESIAN_POINT('',(-5.6,20.,9.6));
#752 = VECTOR('',#753,1.);
#753 = DIRECTION('',(0.,0.,1.));
#754 = ORIENTED_EDGE('',*,*,#755,.T.);
#755 = EDGE_CURVE('',#748,#748,#756,.T.);
#756 = CIRCLE('',#757,2.4);
#757 = AXIS2_PLACEMENT_3D('',#758,#759,#760);
#758 = CARTESIAN_POINT('',(-8.,20.,11.15));
#759 = DIRECTION('',(0.,0.,1.));
#760 = DIRECTION('',(1.,0.,0.));
#761 = ORIENTED_EDGE('',*,*,#747,.F.);
#762 = ORIENTED_EDGE('',*,*,#222,.F.);
#763 = CYLINDRICAL_SURFACE('',#764,2.4);
#764 = AXIS2_PLACEMENT_3D('',#765,#766,#767);
#765 = CARTESIAN_POINT('',(-8.,20.,9.6));
#766 = DIRECTION('',(-0.,-0.,-1.));
#767 = DIRECTION('',(1.,0.,0.));
#768 = ADVANCED_FACE('',(#769),#788,.T.);
#769 = FACE_BOUND('',#770,.F.);
#770 = EDGE_LOOP('',(#771,#779,#786,#787));
#771 = ORIENTED_EDGE('',*,*,#772,.T.);
#772 = EDGE_CURVE('',#234,#773,#775,.T.);
#773 = VERTEX_POINT('',#774);
#774 = CARTESIAN_POINT('',(-5.6,28.,11.15));
#775 = LINE('',#776,#777);
#776 = CARTESIAN_POINT('',(-5.6,28.,9.6));
#777 = VECTOR('',#778,1.);
#778 = DIRECTION('',(0.,0.,1.));
#779 = ORIENTED_EDGE('',*,*,#780,.T.);
#780 = EDGE_CURVE('',#773,#773,#781,.T.);
#781 = CIRCLE('',#782,2.4);
#782 = AXIS2_PLACEMENT_3D('',#783,#784,#785);
#783 = CARTESIAN_POINT('',(-8.,28.,11.15));
#784 = DIRECTION('',(0.,0.,1.));
#785 = DIRECTION('',(1.,0.,0.));
#786 = ORIENTED_EDGE('',*,*,#772,.F.);
#787 = ORIENTED_EDGE('',*,*,#233,.F.);
#788 = CYLINDRICAL_SURFACE('',#789,2.4);
#789 = AXIS2_PLACEMENT_3D('',#790,#791,#792);
#790 = CARTESIAN_POINT('',(-8.,28.,9.6));
#791 = DIRECTION('',(-0.,-0.,-1.));
#792 = DIRECTION('',(1.,0.,0.));
#793 = ADVANCED_FACE('',(#794),#813,.T.);
#794 = FACE_BOUND('',#795,.F.);
#795 = EDGE_LOOP('',(#796,#804,#811,#812));
#796 = ORIENTED_EDGE('',*,*,#797,.T.);
#797 = EDGE_CURVE('',#245,#798,#800,.T.);
#798 = VERTEX_POINT('',#799);
#799 = CARTESIAN_POINT('',(2.4,4.,11.15));
#800 = LINE('',#801,#802);
#801 = CARTESIAN_POINT('',(2.4,4.,9.6));
#802 = VECTOR('',#803,1.);
#803 = DIRECTION('',(0.,0.,1.));
#804 = ORIENTED_EDGE('',*,*,#805,.T.);
#805 = EDGE_CURVE('',#798,#798,#806,.T.);
#806 = CIRCLE('',#807,2.4);
#807 = AXIS2_PLACEMENT_3D('',#808,#809,#810);
#808 = CARTESIAN_POINT('',(0.,4.,11.15));
#809 = DIRECTION('',(0.,0.,1.));
#810 = DIRECTION('',(1.,0.,0.));
#811 = ORIENTED_EDGE('',*,*,#797,.F.);
#812 = ORIENTED_EDGE('',*,*,#244,.F.);
#813 = CYLINDRICAL_SURFACE('',#814,2.4);
#814 = AXIS2_PLACEMENT_3D('',#815,#816,#817);
#815 = CARTESIAN_POINT('',(0.,4.,9.6));
#816 = DIRECTION('',(-0.,-0.,-1.));
#817 = DIRECTION('',(1.,0.,0.));
#818 = ADVANCED_FACE('',(#819),#838,.T.);
#819 = FACE_BOUND('',#820,.F.);
#820 = EDGE_LOOP('',(#821,#829,#836,#837));
#821 = ORIENTED_EDGE('',*,*,#822,.T.);
#822 = EDGE_CURVE('',#256,#823,#825,.T.);
#823 = VERTEX_POINT('',#824);
#824 = CARTESIAN_POINT('',(2.4,12.,11.15));
#825 = LINE('',#826,#827);
#826 = CARTESIAN_POINT('',(2.4,12.,9.6));
#827 = VECTOR('',#828,1.);
#828 = DIRECTION('',(0.,0.,1.));
#829 = ORIENTED_EDGE('',*,*,#830,.T.);
#830 = EDGE_CURVE('',#823,#823,#831,.T.);
#831 = CIRCLE('',#832,2.4);
#832 = AXIS2_PLACEMENT_3D('',#833,#834,#835);
#833 = CARTESIAN_POINT('',(0.,12.,11.15));
#834 = DIRECTION('',(0.,0.,1.));
#835 = DIRECTION('',(1.,0.,0.));
#836 = ORIENTED_EDGE('',*,*,#822,.F.);
#837 = ORIENTED_EDGE('',*,*,#255,.F.);
#838 = CYLINDRICAL_SURFACE('',#839,2.4);
#839 = AXIS2_PLACEMENT_3D('',#840,#841,#842);
#840 = CARTESIAN_POINT('',(0.,12.,9.6));
#841 = DIRECTION('',(-0.,-0.,-1.));
#842 = DIRECTION('',(1.,0.,0.));
#843 = ADVANCED_FACE('',(#844),#863,.T.);
#844 = FACE_BOUND('',#845,.F.);
#845 = EDGE_LOOP('',(#846,#854,#861,#862));
#846 = ORIENTED_EDGE('',*,*,#847,.T.);
#847 = EDGE_CURVE('',#267,#848,#850,.T.);
#848 = VERTEX_POINT('',#849);
#849 = CARTESIAN_POINT('',(10.4,4.,11.15));
#850 = LINE('',#851,#852);
#851 = CARTESIAN_POINT('',(10.4,4.,9.6));
#852 = VECTOR('',#853,1.);
#853 = DIRECTION('',(0.,0.,1.));
#854 = ORIENTED_EDGE('',*,*,#855,.T.);
#855 = EDGE_CURVE('',#848,#848,#856,.T.);
#856 = CIRCLE('',#857,2.4);
#857 = AXIS2_PLACEMENT_3D('',#858,#859,#860);
#858 = CARTESIAN_POINT('',(8.,4.,11.15));
#859 = DIRECTION('',(0.,0.,1.));
#860 = DIRECTION('',(1.,0.,0.));
#861 = ORIENTED_EDGE('',*,*,#847,.F.);
#862 = ORIENTED_EDGE('',*,*,#266,.F.);
#863 = CYLINDRICAL_SURFACE('',#864,2.4);
#864 = AXIS2_PLACEMENT_3D('',#865,#866,#867);
#865 = CARTESIAN_POINT('',(8.,4.,9.6));
#866 = DIRECTION('',(-0.,-0.,-1.));
#867 = DIRECTION('',(1.,0.,0.));
#868 = ADVANCED_FACE('',(#869),#888,.T.);
#869 = FACE_BOUND('',#870,.F.);
#870 = EDGE_LOOP('',(#871,#879,#886,#887));
#871 = ORIENTED_EDGE('',*,*,#872,.T.);
#872 = EDGE_CURVE('',#278,#873,#875,.T.);
#873 = VERTEX_POINT('',#874);
#874 = CARTESIAN_POINT('',(2.4,20.,11.15));
#875 = LINE('',#876,#877);
#876 = CARTESIAN_POINT('',(2.4,20.,9.6));
#877 = VECTOR('',#878,1.);
#878 = DIRECTION('',(0.,0.,1.));
#879 = ORIENTED_EDGE('',*,*,#880,.T.);
#880 = EDGE_CURVE('',#873,#873,#881,.T.);
#881 = CIRCLE('',#882,2.4);
#882 = AXIS2_PLACEMENT_3D('',#883,#884,#885);
#883 = CARTESIAN_POINT('',(0.,20.,11.15));
#884 = DIRECTION('',(0.,0.,1.));
#885 = DIRECTION('',(1.,0.,0.));
#886 = ORIENTED_EDGE('',*,*,#872,.F.);
#887 = ORIENTED_EDGE('',*,*,#277,.F.);
#888 = CYLINDRICAL_SURFACE('',#889,2.4);
#889 = AXIS2_PLACEMENT_3D('',#890,#891,#892);
#890 = CARTESIAN_POINT('',(0.,20.,9.6));
#891 = DIRECTION('',(-0.,-0.,-1.));
#892 = DIRECTION('',(1.,0.,0.));
#893 = ADVANCED_FACE('',(#894),#913,.T.);
#894 = FACE_BOUND('',#895,.F.);
#895 = EDGE_LOOP('',(#896,#904,#911,#912));
#896 = ORIENTED_EDGE('',*,*,#897,.T.);
#897 = EDGE_CURVE('',#289,#898,#900,.T.);
#898 = VERTEX_POINT('',#899);
#899 = CARTESIAN_POINT('',(2.4,28.,11.15));
#900 = LINE('',#901,#902);
#901 = CARTESIAN_POINT('',(2.4,28.,9.6));
#902 = VECTOR('',#903,1.);
#903 = DIRECTION('',(0.,0.,1.));
#904 = ORIENTED_EDGE('',*,*,#905,.T.);
#905 = EDGE_CURVE('',#898,#898,#906,.T.);
#906 = CIRCLE('',#907,2.4);
#907 = AXIS2_PLACEMENT_3D('',#908,#909,#910);
#908 = CARTESIAN_POINT('',(0.,28.,11.15));
#909 = DIRECTION('',(0.,0.,1.));
#910 = DIRECTION('',(1.,0.,0.));
#911 = ORIENTED_EDGE('',*,*,#897,.F.);
#912 = ORIENTED_EDGE('',*,*,#288,.F.);
#913 = CYLINDRICAL_SURFACE('',#914,2.4);
#914 = AXIS2_PLACEMENT_3D('',#915,#916,#917);
#915 = CARTESIAN_POINT('',(0.,28.,9.6));
#916 = DIRECTION('',(-0.,-0.,-1.));
#917 = DIRECTION('',(1.,0.,0.));
#918 = ADVANCED_FACE('',(#919),#922,.T.);
#919 = FACE_BOUND('',#920,.T.);
#920 = EDGE_LOOP('',(#921));
#921 = ORIENTED_EDGE('',*,*,#305,.T.);
#922 = PLANE('',#923);
#923 = AXIS2_PLACEMENT_3D('',#924,#925,#926);
#924 = CARTESIAN_POINT('',(-8.,-28.,11.4));
#925 = DIRECTION('',(0.,0.,1.));
#926 = DIRECTION('',(1.,0.,0.));
#927 = ADVANCED_FACE('',(#928,#938),#1212,.T.);
#928 = FACE_BOUND('',#929,.T.);
#929 = EDGE_LOOP('',(#930,#931,#932,#933,#934,#935,#936,#937));
#930 = ORIENTED_EDGE('',*,*,#347,.T.);
#931 = ORIENTED_EDGE('',*,*,#385,.T.);
#932 = ORIENTED_EDGE('',*,*,#441,.F.);
#933 = ORIENTED_EDGE('',*,*,#481,.T.);
#934 = ORIENTED_EDGE('',*,*,#506,.F.);
#935 = ORIENTED_EDGE('',*,*,#457,.F.);
#936 = ORIENTED_EDGE('',*,*,#410,.F.);
#937 = ORIENTED_EDGE('',*,*,#361,.F.);
#938 = FACE_BOUND('',#939,.T.);
#939 = EDGE_LOOP('',(#940,#950,#958,#966,#974,#982,#990,#998,#1006,#1014
    ,#1022,#1030,#1038,#1046,#1054,#1062,#1070,#1078,#1086,#1094,#1102,
    #1110,#1118,#1126,#1134,#1142,#1150,#1158,#1166,#1174,#1182,#1190,
    #1198,#1206));
#940 = ORIENTED_EDGE('',*,*,#941,.F.);
#941 = EDGE_CURVE('',#942,#944,#946,.T.);
#942 = VERTEX_POINT('',#943);
#943 = CARTESIAN_POINT('',(-10.64,-30.64,0.));
#944 = VERTEX_POINT('',#945);
#945 = CARTESIAN_POINT('',(-10.64,-25.36,0.));
#946 = LINE('',#947,#948);
#947 = CARTESIAN_POINT('',(-10.64,-30.64,0.));
#948 = VECTOR('',#949,1.);
#949 = DIRECTION('',(0.,1.,0.));
#950 = ORIENTED_EDGE('',*,*,#951,.T.);
#951 = EDGE_CURVE('',#942,#952,#954,.T.);
#952 = VERTEX_POINT('',#953);
#953 = CARTESIAN_POINT('',(2.64,-30.64,0.));
#954 = LINE('',#955,#956);
#955 = CARTESIAN_POINT('',(-10.64,-30.64,0.));
#956 = VECTOR('',#957,1.);
#957 = DIRECTION('',(1.,0.,0.));
#958 = ORIENTED_EDGE('',*,*,#959,.T.);
#959 = EDGE_CURVE('',#952,#960,#962,.T.);
#960 = VERTEX_POINT('',#961);
#961 = CARTESIAN_POINT('',(2.64,-25.36,0.));
#962 = LINE('',#963,#964);
#963 = CARTESIAN_POINT('',(2.64,-30.64,0.));
#964 = VECTOR('',#965,1.);
#965 = DIRECTION('',(0.,1.,0.));
#966 = ORIENTED_EDGE('',*,*,#967,.T.);
#967 = EDGE_CURVE('',#960,#968,#970,.T.);
#968 = VERTEX_POINT('',#969);
#969 = CARTESIAN_POINT('',(2.64,-22.64,0.));
#970 = LINE('',#971,#972);
#971 = CARTESIAN_POINT('',(2.64,-25.36,0.));
#972 = VECTOR('',#973,1.);
#973 = DIRECTION('',(0.,1.,0.));
#974 = ORIENTED_EDGE('',*,*,#975,.T.);
#975 = EDGE_CURVE('',#968,#976,#978,.T.);
#976 = VERTEX_POINT('',#977);
#977 = CARTESIAN_POINT('',(2.64,-17.36,0.));
#978 = LINE('',#979,#980);
#979 = CARTESIAN_POINT('',(2.64,-22.64,0.));
#980 = VECTOR('',#981,1.);
#981 = DIRECTION('',(0.,1.,0.));
#982 = ORIENTED_EDGE('',*,*,#983,.T.);
#983 = EDGE_CURVE('',#976,#984,#986,.T.);
#984 = VERTEX_POINT('',#985);
#985 = CARTESIAN_POINT('',(2.64,-14.64,0.));
#986 = LINE('',#987,#988);
#987 = CARTESIAN_POINT('',(2.64,-17.36,0.));
#988 = VECTOR('',#989,1.);
#989 = DIRECTION('',(0.,1.,0.));
#990 = ORIENTED_EDGE('',*,*,#991,.T.);
#991 = EDGE_CURVE('',#984,#992,#994,.T.);
#992 = VERTEX_POINT('',#993);
#993 = CARTESIAN_POINT('',(2.64,-9.36,0.));
#994 = LINE('',#995,#996);
#995 = CARTESIAN_POINT('',(2.64,-14.64,0.));
#996 = VECTOR('',#997,1.);
#997 = DIRECTION('',(0.,1.,0.));
#998 = ORIENTED_EDGE('',*,*,#999,.T.);
#999 = EDGE_CURVE('',#992,#1000,#1002,.T.);
#1000 = VERTEX_POINT('',#1001);
#1001 = CARTESIAN_POINT('',(2.64,-6.64,0.));
#1002 = LINE('',#1003,#1004);
#1003 = CARTESIAN_POINT('',(2.64,-9.36,0.));
#1004 = VECTOR('',#1005,1.);
#1005 = DIRECTION('',(0.,1.,0.));
#1006 = ORIENTED_EDGE('',*,*,#1007,.T.);
#1007 = EDGE_CURVE('',#1000,#1008,#1010,.T.);
#1008 = VERTEX_POINT('',#1009);
#1009 = CARTESIAN_POINT('',(2.64,-1.36,0.));
#1010 = LINE('',#1011,#1012);
#1011 = CARTESIAN_POINT('',(2.64,-6.64,0.));
#1012 = VECTOR('',#1013,1.);
#1013 = DIRECTION('',(0.,1.,0.));
#1014 = ORIENTED_EDGE('',*,*,#1015,.T.);
#1015 = EDGE_CURVE('',#1008,#1016,#1018,.T.);
#1016 = VERTEX_POINT('',#1017);
#1017 = CARTESIAN_POINT('',(2.64,1.36,0.));
#1018 = LINE('',#1019,#1020);
#1019 = CARTESIAN_POINT('',(2.64,-1.36,0.));
#1020 = VECTOR('',#1021,1.);
#1021 = DIRECTION('',(0.,1.,0.));
#1022 = ORIENTED_EDGE('',*,*,#1023,.T.);
#1023 = EDGE_CURVE('',#1016,#1024,#1026,.T.);
#1024 = VERTEX_POINT('',#1025);
#1025 = CARTESIAN_POINT('',(10.64,1.36,0.));
#1026 = LINE('',#1027,#1028);
#1027 = CARTESIAN_POINT('',(-10.64,1.36,0.));
#1028 = VECTOR('',#1029,1.);
#1029 = DIRECTION('',(1.,0.,0.));
#1030 = ORIENTED_EDGE('',*,*,#1031,.T.);
#1031 = EDGE_CURVE('',#1024,#1032,#1034,.T.);
#1032 = VERTEX_POINT('',#1033);
#1033 = CARTESIAN_POINT('',(10.64,6.64,0.));
#1034 = LINE('',#1035,#1036);
#1035 = CARTESIAN_POINT('',(10.64,1.36,0.));
#1036 = VECTOR('',#1037,1.);
#1037 = DIRECTION('',(0.,1.,0.));
#1038 = ORIENTED_EDGE('',*,*,#1039,.F.);
#1039 = EDGE_CURVE('',#1040,#1032,#1042,.T.);
#1040 = VERTEX_POINT('',#1041);
#1041 = CARTESIAN_POINT('',(2.64,6.64,0.));
#1042 = LINE('',#1043,#1044);
#1043 = CARTESIAN_POINT('',(-10.64,6.64,0.));
#1044 = VECTOR('',#1045,1.);
#1045 = DIRECTION('',(1.,0.,0.));
#1046 = ORIENTED_EDGE('',*,*,#1047,.T.);
#1047 = EDGE_CURVE('',#1040,#1048,#1050,.T.);
#1048 = VERTEX_POINT('',#1049);
#1049 = CARTESIAN_POINT('',(2.64,9.36,0.));
#1050 = LINE('',#1051,#1052);
#1051 = CARTESIAN_POINT('',(2.64,6.64,0.));
#1052 = VECTOR('',#1053,1.);
#1053 = DIRECTION('',(0.,1.,0.));
#1054 = ORIENTED_EDGE('',*,*,#1055,.T.);
#1055 = EDGE_CURVE('',#1048,#1056,#1058,.T.);
#1056 = VERTEX_POINT('',#1057);
#1057 = CARTESIAN_POINT('',(2.64,14.64,0.));
#1058 = LINE('',#1059,#1060);
#1059 = CARTESIAN_POINT('',(2.64,9.36,0.));
#1060 = VECTOR('',#1061,1.);
#1061 = DIRECTION('',(0.,1.,0.));
#1062 = ORIENTED_EDGE('',*,*,#1063,.T.);
#1063 = EDGE_CURVE('',#1056,#1064,#1066,.T.);
#1064 = VERTEX_POINT('',#1065);
#1065 = CARTESIAN_POINT('',(2.64,17.36,0.));
#1066 = LINE('',#1067,#1068);
#1067 = CARTESIAN_POINT('',(2.64,14.64,0.));
#1068 = VECTOR('',#1069,1.);
#1069 = DIRECTION('',(0.,1.,0.));
#1070 = ORIENTED_EDGE('',*,*,#1071,.T.);
#1071 = EDGE_CURVE('',#1064,#1072,#1074,.T.);
#1072 = VERTEX_POINT('',#1073);
#1073 = CARTESIAN_POINT('',(2.64,22.64,0.));
#1074 = LINE('',#1075,#1076);
#1075 = CARTESIAN_POINT('',(2.64,17.36,0.));
#1076 = VECTOR('',#1077,1.);
#1077 = DIRECTION('',(0.,1.,0.));
#1078 = ORIENTED_EDGE('',*,*,#1079,.T.);
#1079 = EDGE_CURVE('',#1072,#1080,#1082,.T.);
#1080 = VERTEX_POINT('',#1081);
#1081 = CARTESIAN_POINT('',(2.64,25.36,0.));
#1082 = LINE('',#1083,#1084);
#1083 = CARTESIAN_POINT('',(2.64,22.64,0.));
#1084 = VECTOR('',#1085,1.);
#1085 = DIRECTION('',(0.,1.,0.));
#1086 = ORIENTED_EDGE('',*,*,#1087,.T.);
#1087 = EDGE_CURVE('',#1080,#1088,#1090,.T.);
#1088 = VERTEX_POINT('',#1089);
#1089 = CARTESIAN_POINT('',(2.64,30.64,0.));
#1090 = LINE('',#1091,#1092);
#1091 = CARTESIAN_POINT('',(2.64,25.36,0.));
#1092 = VECTOR('',#1093,1.);
#1093 = DIRECTION('',(0.,1.,0.));
#1094 = ORIENTED_EDGE('',*,*,#1095,.F.);
#1095 = EDGE_CURVE('',#1096,#1088,#1098,.T.);
#1096 = VERTEX_POINT('',#1097);
#1097 = CARTESIAN_POINT('',(-10.64,30.64,0.));
#1098 = LINE('',#1099,#1100);
#1099 = CARTESIAN_POINT('',(-10.64,30.64,0.));
#1100 = VECTOR('',#1101,1.);
#1101 = DIRECTION('',(1.,0.,0.));
#1102 = ORIENTED_EDGE('',*,*,#1103,.F.);
#1103 = EDGE_CURVE('',#1104,#1096,#1106,.T.);
#1104 = VERTEX_POINT('',#1105);
#1105 = CARTESIAN_POINT('',(-10.64,25.36,0.));
#1106 = LINE('',#1107,#1108);
#1107 = CARTESIAN_POINT('',(-10.64,25.36,0.));
#1108 = VECTOR('',#1109,1.);
#1109 = DIRECTION('',(0.,1.,0.));
#1110 = ORIENTED_EDGE('',*,*,#1111,.F.);
#1111 = EDGE_CURVE('',#1112,#1104,#1114,.T.);
#1112 = VERTEX_POINT('',#1113);
#1113 = CARTESIAN_POINT('',(-10.64,22.64,0.));
#1114 = LINE('',#1115,#1116);
#1115 = CARTESIAN_POINT('',(-10.64,22.64,0.));
#1116 = VECTOR('',#1117,1.);
#1117 = DIRECTION('',(0.,1.,0.));
#1118 = ORIENTED_EDGE('',*,*,#1119,.F.);
#1119 = EDGE_CURVE('',#1120,#1112,#1122,.T.);
#1120 = VERTEX_POINT('',#1121);
#1121 = CARTESIAN_POINT('',(-10.64,17.36,0.));
#1122 = LINE('',#1123,#1124);
#1123 = CARTESIAN_POINT('',(-10.64,17.36,0.));
#1124 = VECTOR('',#1125,1.);
#1125 = DIRECTION('',(0.,1.,0.));
#1126 = ORIENTED_EDGE('',*,*,#1127,.F.);
#1127 = EDGE_CURVE('',#1128,#1120,#1130,.T.);
#1128 = VERTEX_POINT('',#1129);
#1129 = CARTESIAN_POINT('',(-10.64,14.64,0.));
#1130 = LINE('',#1131,#1132);
#1131 = CARTESIAN_POINT('',(-10.64,14.64,0.));
#1132 = VECTOR('',#1133,1.);
#1133 = DIRECTION('',(0.,1.,0.));
#1134 = ORIENTED_EDGE('',*,*,#1135,.F.);
#1135 = EDGE_CURVE('',#1136,#1128,#1138,.T.);
#1136 = VERTEX_POINT('',#1137);
#1137 = CARTESIAN_POINT('',(-10.64,9.36,0.));
#1138 = LINE('',#1139,#1140);
#1139 = CARTESIAN_POINT('',(-10.64,9.36,0.));
#1140 = VECTOR('',#1141,1.);
#1141 = DIRECTION('',(0.,1.,0.));
#1142 = ORIENTED_EDGE('',*,*,#1143,.F.);
#1143 = EDGE_CURVE('',#1144,#1136,#1146,.T.);
#1144 = VERTEX_POINT('',#1145);
#1145 = CARTESIAN_POINT('',(-10.64,6.64,0.));
#1146 = LINE('',#1147,#1148);
#1147 = CARTESIAN_POINT('',(-10.64,6.64,0.));
#1148 = VECTOR('',#1149,1.);
#1149 = DIRECTION('',(0.,1.,0.));
#1150 = ORIENTED_EDGE('',*,*,#1151,.F.);
#1151 = EDGE_CURVE('',#1152,#1144,#1154,.T.);
#1152 = VERTEX_POINT('',#1153);
#1153 = CARTESIAN_POINT('',(-10.64,1.36,0.));
#1154 = LINE('',#1155,#1156);
#1155 = CARTESIAN_POINT('',(-10.64,1.36,0.));
#1156 = VECTOR('',#1157,1.);
#1157 = DIRECTION('',(0.,1.,0.));
#1158 = ORIENTED_EDGE('',*,*,#1159,.F.);
#1159 = EDGE_CURVE('',#1160,#1152,#1162,.T.);
#1160 = VERTEX_POINT('',#1161);
#1161 = CARTESIAN_POINT('',(-10.64,-1.36,0.));
#1162 = LINE('',#1163,#1164);
#1163 = CARTESIAN_POINT('',(-10.64,-1.36,0.));
#1164 = VECTOR('',#1165,1.);
#1165 = DIRECTION('',(0.,1.,0.));
#1166 = ORIENTED_EDGE('',*,*,#1167,.F.);
#1167 = EDGE_CURVE('',#1168,#1160,#1170,.T.);
#1168 = VERTEX_POINT('',#1169);
#1169 = CARTESIAN_POINT('',(-10.64,-6.64,0.));
#1170 = LINE('',#1171,#1172);
#1171 = CARTESIAN_POINT('',(-10.64,-6.64,0.));
#1172 = VECTOR('',#1173,1.);
#1173 = DIRECTION('',(0.,1.,0.));
#1174 = ORIENTED_EDGE('',*,*,#1175,.F.);
#1175 = EDGE_CURVE('',#1176,#1168,#1178,.T.);
#1176 = VERTEX_POINT('',#1177);
#1177 = CARTESIAN_POINT('',(-10.64,-9.36,0.));
#1178 = LINE('',#1179,#1180);
#1179 = CARTESIAN_POINT('',(-10.64,-9.36,0.));
#1180 = VECTOR('',#1181,1.);
#1181 = DIRECTION('',(0.,1.,0.));
#1182 = ORIENTED_EDGE('',*,*,#1183,.F.);
#1183 = EDGE_CURVE('',#1184,#1176,#1186,.T.);
#1184 = VERTEX_POINT('',#1185);
#1185 = CARTESIAN_POINT('',(-10.64,-14.64,0.));
#1186 = LINE('',#1187,#1188);
#1187 = CARTESIAN_POINT('',(-10.64,-14.64,0.));
#1188 = VECTOR('',#1189,1.);
#1189 = DIRECTION('',(0.,1.,0.));
#1190 = ORIENTED_EDGE('',*,*,#1191,.F.);
#1191 = EDGE_CURVE('',#1192,#1184,#1194,.T.);
#1192 = VERTEX_POINT('',#1193);
#1193 = CARTESIAN_POINT('',(-10.64,-17.36,0.));
#1194 = LINE('',#1195,#1196);
#1195 = CARTESIAN_POINT('',(-10.64,-17.36,0.));
#1196 = VECTOR('',#1197,1.);
#1197 = DIRECTION('',(0.,1.,0.));
#1198 = ORIENTED_EDGE('',*,*,#1199,.F.);
#1199 = EDGE_CURVE('',#1200,#1192,#1202,.T.);
#1200 = VERTEX_POINT('',#1201);
#1201 = CARTESIAN_POINT('',(-10.64,-22.64,0.));
#1202 = LINE('',#1203,#1204);
#1203 = CARTESIAN_POINT('',(-10.64,-22.64,0.));
#1204 = VECTOR('',#1205,1.);
#1205 = DIRECTION('',(0.,1.,0.));
#1206 = ORIENTED_EDGE('',*,*,#1207,.F.);
#1207 = EDGE_CURVE('',#944,#1200,#1208,.T.);
#1208 = LINE('',#1209,#1210);
#1209 = CARTESIAN_POINT('',(-10.64,-25.36,0.));
#1210 = VECTOR('',#1211,1.);
#1211 = DIRECTION('',(0.,1.,0.));
#1212 = PLANE('',#1213);
#1213 = AXIS2_PLACEMENT_3D('',#1214,#1215,#1216);
#1214 = CARTESIAN_POINT('',(-2.557077625571,0.365296803653,0.));
#1215 = DIRECTION('',(-0.,-0.,-1.));
#1216 = DIRECTION('',(-1.,0.,0.));
#1217 = ADVANCED_FACE('',(#1218),#1237,.T.);
#1218 = FACE_BOUND('',#1219,.T.);
#1219 = EDGE_LOOP('',(#1220,#1229,#1235,#1236));
#1220 = ORIENTED_EDGE('',*,*,#1221,.F.);
#1221 = EDGE_CURVE('',#1222,#1222,#1224,.T.);
#1222 = VERTEX_POINT('',#1223);
#1223 = CARTESIAN_POINT('',(-5.85,-20.,11.4));
#1224 = CIRCLE('',#1225,2.15);
#1225 = AXIS2_PLACEMENT_3D('',#1226,#1227,#1228);
#1226 = CARTESIAN_POINT('',(-8.,-20.,11.4));
#1227 = DIRECTION('',(0.,0.,1.));
#1228 = DIRECTION('',(1.,0.,0.));
#1229 = ORIENTED_EDGE('',*,*,#1230,.F.);
#1230 = EDGE_CURVE('',#523,#1222,#1231,.T.);
#1231 = LINE('',#1232,#1233);
#1232 = CARTESIAN_POINT('',(-5.6,-20.,11.15));
#1233 = VECTOR('',#1234,1.);
#1234 = DIRECTION('',(-0.707106781187,1.731912112471E-16,0.707106781187)
  );
#1235 = ORIENTED_EDGE('',*,*,#530,.T.);
#1236 = ORIENTED_EDGE('',*,*,#1230,.T.);
#1237 = CONICAL_SURFACE('',#1238,2.4,0.785398163397);
#1238 = AXIS2_PLACEMENT_3D('',#1239,#1240,#1241);
#1239 = CARTESIAN_POINT('',(-8.,-20.,11.15));
#1240 = DIRECTION('',(-0.,-0.,-1.));
#1241 = DIRECTION('',(1.,0.,0.));
#1242 = ADVANCED_FACE('',(#1243),#1262,.T.);
#1243 = FACE_BOUND('',#1244,.T.);
#1244 = EDGE_LOOP('',(#1245,#1254,#1260,#1261));
#1245 = ORIENTED_EDGE('',*,*,#1246,.F.);
#1246 = EDGE_CURVE('',#1247,#1247,#1249,.T.);
#1247 = VERTEX_POINT('',#1248);
#1248 = CARTESIAN_POINT('',(-5.85,-12.,11.4));
#1249 = CIRCLE('',#1250,2.15);
#1250 = AXIS2_PLACEMENT_3D('',#1251,#1252,#1253);
#1251 = CARTESIAN_POINT('',(-8.,-12.,11.4));
#1252 = DIRECTION('',(0.,0.,1.));
#1253 = DIRECTION('',(1.,0.,0.));
#1254 = ORIENTED_EDGE('',*,*,#1255,.F.);
#1255 = EDGE_CURVE('',#548,#1247,#1256,.T.);
#1256 = LINE('',#1257,#1258);
#1257 = CARTESIAN_POINT('',(-5.6,-12.,11.15));
#1258 = VECTOR('',#1259,1.);
#1259 = DIRECTION('',(-0.707106781187,1.731912112471E-16,0.707106781187)
  );
#1260 = ORIENTED_EDGE('',*,*,#555,.T.);
#1261 = ORIENTED_EDGE('',*,*,#1255,.T.);
#1262 = CONICAL_SURFACE('',#1263,2.4,0.785398163397);
#1263 = AXIS2_PLACEMENT_3D('',#1264,#1265,#1266);
#1264 = CARTESIAN_POINT('',(-8.,-12.,11.15));
#1265 = DIRECTION('',(-0.,-0.,-1.));
#1266 = DIRECTION('',(1.,0.,0.));
#1267 = ADVANCED_FACE('',(#1268),#1287,.T.);
#1268 = FACE_BOUND('',#1269,.T.);
#1269 = EDGE_LOOP('',(#1270,#1279,#1285,#1286));
#1270 = ORIENTED_EDGE('',*,*,#1271,.F.);
#1271 = EDGE_CURVE('',#1272,#1272,#1274,.T.);
#1272 = VERTEX_POINT('',#1273);
#1273 = CARTESIAN_POINT('',(-5.85,-4.,11.4));
#1274 = CIRCLE('',#1275,2.15);
#1275 = AXIS2_PLACEMENT_3D('',#1276,#1277,#1278);
#1276 = CARTESIAN_POINT('',(-8.,-4.,11.4));
#1277 = DIRECTION('',(0.,0.,1.));
#1278 = DIRECTION('',(1.,0.,0.));
#1279 = ORIENTED_EDGE('',*,*,#1280,.F.);
#1280 = EDGE_CURVE('',#573,#1272,#1281,.T.);
#1281 = LINE('',#1282,#1283);
#1282 = CARTESIAN_POINT('',(-5.6,-4.,11.15));
#1283 = VECTOR('',#1284,1.);
#1284 = DIRECTION('',(-0.707106781187,1.731912112471E-16,0.707106781187)
  );
#1285 = ORIENTED_EDGE('',*,*,#580,.T.);
#1286 = ORIENTED_EDGE('',*,*,#1280,.T.);
#1287 = CONICAL_SURFACE('',#1288,2.4,0.785398163397);
#1288 = AXIS2_PLACEMENT_3D('',#1289,#1290,#1291);
#1289 = CARTESIAN_POINT('',(-8.,-4.,11.15));
#1290 = DIRECTION('',(-0.,-0.,-1.));
#1291 = DIRECTION('',(1.,0.,0.));
#1292 = ADVANCED_FACE('',(#1293),#1312,.T.);
#1293 = FACE_BOUND('',#1294,.T.);
#1294 = EDGE_LOOP('',(#1295,#1304,#1310,#1311));
#1295 = ORIENTED_EDGE('',*,*,#1296,.F.);
#1296 = EDGE_CURVE('',#1297,#1297,#1299,.T.);
#1297 = VERTEX_POINT('',#1298);
#1298 = CARTESIAN_POINT('',(2.15,-28.,11.4));
#1299 = CIRCLE('',#1300,2.15);
#1300 = AXIS2_PLACEMENT_3D('',#1301,#1302,#1303);
#1301 = CARTESIAN_POINT('',(0.,-28.,11.4));
#1302 = DIRECTION('',(0.,0.,1.));
#1303 = DIRECTION('',(1.,0.,0.));
#1304 = ORIENTED_EDGE('',*,*,#1305,.F.);
#1305 = EDGE_CURVE('',#598,#1297,#1306,.T.);
#1306 = LINE('',#1307,#1308);
#1307 = CARTESIAN_POINT('',(2.4,-28.,11.15));
#1308 = VECTOR('',#1309,1.);
#1309 = DIRECTION('',(-0.707106781187,1.731912112471E-16,0.707106781187)
  );
#1310 = ORIENTED_EDGE('',*,*,#605,.T.);
#1311 = ORIENTED_EDGE('',*,*,#1305,.T.);
#1312 = CONICAL_SURFACE('',#1313,2.4,0.785398163397);
#1313 = AXIS2_PLACEMENT_3D('',#1314,#1315,#1316);
#1314 = CARTESIAN_POINT('',(0.,-28.,11.15));
#1315 = DIRECTION('',(-0.,-0.,-1.));
#1316 = DIRECTION('',(1.,0.,0.));
#1317 = ADVANCED_FACE('',(#1318),#1337,.T.);
#1318 = FACE_BOUND('',#1319,.T.);
#1319 = EDGE_LOOP('',(#1320,#1329,#1335,#1336));
#1320 = ORIENTED_EDGE('',*,*,#1321,.F.);
#1321 = EDGE_CURVE('',#1322,#1322,#1324,.T.);
#1322 = VERTEX_POINT('',#1323);
#1323 = CARTESIAN_POINT('',(2.15,-20.,11.4));
#1324 = CIRCLE('',#1325,2.15);
#1325 = AXIS2_PLACEMENT_3D('',#1326,#1327,#1328);
#1326 = CARTESIAN_POINT('',(0.,-20.,11.4));
#1327 = DIRECTION('',(0.,0.,1.));
#1328 = DIRECTION('',(1.,0.,0.));
#1329 = ORIENTED_EDGE('',*,*,#1330,.F.);
#1330 = EDGE_CURVE('',#623,#1322,#1331,.T.);
#1331 = LINE('',#1332,#1333);
#1332 = CARTESIAN_POINT('',(2.4,-20.,11.15));
#1333 = VECTOR('',#1334,1.);
#1334 = DIRECTION('',(-0.707106781187,1.731912112471E-16,0.707106781187)
  );
#1335 = ORIENTED_EDGE('',*,*,#630,.T.);
#1336 = ORIENTED_EDGE('',*,*,#1330,.T.);
#1337 = CONICAL_SURFACE('',#1338,2.4,0.785398163397);
#1338 = AXIS2_PLACEMENT_3D('',#1339,#1340,#1341);
#1339 = CARTESIAN_POINT('',(0.,-20.,11.15));
#1340 = DIRECTION('',(-0.,-0.,-1.));
#1341 = DIRECTION('',(1.,0.,0.));
#1342 = ADVANCED_FACE('',(#1343),#1362,.T.);
#1343 = FACE_BOUND('',#1344,.T.);
#1344 = EDGE_LOOP('',(#1345,#1354,#1360,#1361));
#1345 = ORIENTED_EDGE('',*,*,#1346,.F.);
#1346 = EDGE_CURVE('',#1347,#1347,#1349,.T.);
#1347 = VERTEX_POINT('',#1348);
#1348 = CARTESIAN_POINT('',(2.15,-12.,11.4));
#1349 = CIRCLE('',#1350,2.15);
#1350 = AXIS2_PLACEMENT_3D('',#1351,#1352,#1353);
#1351 = CARTESIAN_POINT('',(0.,-12.,11.4));
#1352 = DIRECTION('',(0.,0.,1.));
#1353 = DIRECTION('',(1.,0.,0.));
#1354 = ORIENTED_EDGE('',*,*,#1355,.F.);
#1355 = EDGE_CURVE('',#648,#1347,#1356,.T.);
#1356 = LINE('',#1357,#1358);
#1357 = CARTESIAN_POINT('',(2.4,-12.,11.15));
#1358 = VECTOR('',#1359,1.);
#1359 = DIRECTION('',(-0.707106781187,1.731912112471E-16,0.707106781187)
  );
#1360 = ORIENTED_EDGE('',*,*,#655,.T.);
#1361 = ORIENTED_EDGE('',*,*,#1355,.T.);
#1362 = CONICAL_SURFACE('',#1363,2.4,0.785398163397);
#1363 = AXIS2_PLACEMENT_3D('',#1364,#1365,#1366);
#1364 = CARTESIAN_POINT('',(0.,-12.,11.15));
#1365 = DIRECTION('',(-0.,-0.,-1.));
#1366 = DIRECTION('',(1.,0.,0.));
#1367 = ADVANCED_FACE('',(#1368),#1387,.T.);
#1368 = FACE_BOUND('',#1369,.T.);
#1369 = EDGE_LOOP('',(#1370,#1379,#1385,#1386));
#1370 = ORIENTED_EDGE('',*,*,#1371,.F.);
#1371 = EDGE_CURVE('',#1372,#1372,#1374,.T.);
#1372 = VERTEX_POINT('',#1373);
#1373 = CARTESIAN_POINT('',(2.15,-4.,11.4));
#1374 = CIRCLE('',#1375,2.15);
#1375 = AXIS2_PLACEMENT_3D('',#1376,#1377,#1378);
#1376 = CARTESIAN_POINT('',(0.,-4.,11.4));
#1377 = DIRECTION('',(0.,0.,1.));
#1378 = DIRECTION('',(1.,0.,0.));
#1379 = ORIENTED_EDGE('',*,*,#1380,.F.);
#1380 = EDGE_CURVE('',#673,#1372,#1381,.T.);
#1381 = LINE('',#1382,#1383);
#1382 = CARTESIAN_POINT('',(2.4,-4.,11.15));
#1383 = VECTOR('',#1384,1.);
#1384 = DIRECTION('',(-0.707106781187,1.731912112471E-16,0.707106781187)
  );
#1385 = ORIENTED_EDGE('',*,*,#680,.T.);
#1386 = ORIENTED_EDGE('',*,*,#1380,.T.);
#1387 = CONICAL_SURFACE('',#1388,2.4,0.785398163397);
#1388 = AXIS2_PLACEMENT_3D('',#1389,#1390,#1391);
#1389 = CARTESIAN_POINT('',(0.,-4.,11.15));
#1390 = DIRECTION('',(-0.,-0.,-1.));
#1391 = DIRECTION('',(1.,0.,0.));
#1392 = ADVANCED_FACE('',(#1393),#1412,.T.);
#1393 = FACE_BOUND('',#1394,.T.);
#1394 = EDGE_LOOP('',(#1395,#1404,#1410,#1411));
#1395 = ORIENTED_EDGE('',*,*,#1396,.F.);
#1396 = EDGE_CURVE('',#1397,#1397,#1399,.T.);
#1397 = VERTEX_POINT('',#1398);
#1398 = CARTESIAN_POINT('',(-5.85,4.,11.4));
#1399 = CIRCLE('',#1400,2.15);
#1400 = AXIS2_PLACEMENT_3D('',#1401,#1402,#1403);
#1401 = CARTESIAN_POINT('',(-8.,4.,11.4));
#1402 = DIRECTION('',(0.,0.,1.));
#1403 = DIRECTION('',(1.,0.,0.));
#1404 = ORIENTED_EDGE('',*,*,#1405,.F.);
#1405 = EDGE_CURVE('',#698,#1397,#1406,.T.);
#1406 = LINE('',#1407,#1408);
#1407 = CARTESIAN_POINT('',(-5.6,4.,11.15));
#1408 = VECTOR('',#1409,1.);
#1409 = DIRECTION('',(-0.707106781187,1.731912112471E-16,0.707106781187)
  );
#1410 = ORIENTED_EDGE('',*,*,#705,.T.);
#1411 = ORIENTED_EDGE('',*,*,#1405,.T.);
#1412 = CONICAL_SURFACE('',#1413,2.4,0.785398163397);
#1413 = AXIS2_PLACEMENT_3D('',#1414,#1415,#1416);
#1414 = CARTESIAN_POINT('',(-8.,4.,11.15));
#1415 = DIRECTION('',(-0.,-0.,-1.));
#1416 = DIRECTION('',(1.,0.,0.));
#1417 = ADVANCED_FACE('',(#1418),#1437,.T.);
#1418 = FACE_BOUND('',#1419,.T.);
#1419 = EDGE_LOOP('',(#1420,#1429,#1435,#1436));
#1420 = ORIENTED_EDGE('',*,*,#1421,.F.);
#1421 = EDGE_CURVE('',#1422,#1422,#1424,.T.);
#1422 = VERTEX_POINT('',#1423);
#1423 = CARTESIAN_POINT('',(-5.85,12.,11.4));
#1424 = CIRCLE('',#1425,2.15);
#1425 = AXIS2_PLACEMENT_3D('',#1426,#1427,#1428);
#1426 = CARTESIAN_POINT('',(-8.,12.,11.4));
#1427 = DIRECTION('',(0.,0.,1.));
#1428 = DIRECTION('',(1.,0.,0.));
#1429 = ORIENTED_EDGE('',*,*,#1430,.F.);
#1430 = EDGE_CURVE('',#723,#1422,#1431,.T.);
#1431 = LINE('',#1432,#1433);
#1432 = CARTESIAN_POINT('',(-5.6,12.,11.15));
#1433 = VECTOR('',#1434,1.);
#1434 = DIRECTION('',(-0.707106781187,1.731912112471E-16,0.707106781187)
  );
#1435 = ORIENTED_EDGE('',*,*,#730,.T.);
#1436 = ORIENTED_EDGE('',*,*,#1430,.T.);
#1437 = CONICAL_SURFACE('',#1438,2.4,0.785398163397);
#1438 = AXIS2_PLACEMENT_3D('',#1439,#1440,#1441);
#1439 = CARTESIAN_POINT('',(-8.,12.,11.15));
#1440 = DIRECTION('',(-0.,-0.,-1.));
#1441 = DIRECTION('',(1.,0.,0.));
#1442 = ADVANCED_FACE('',(#1443),#1462,.T.);
#1443 = FACE_BOUND('',#1444,.T.);
#1444 = EDGE_LOOP('',(#1445,#1454,#1460,#1461));
#1445 = ORIENTED_EDGE('',*,*,#1446,.F.);
#1446 = EDGE_CURVE('',#1447,#1447,#1449,.T.);
#1447 = VERTEX_POINT('',#1448);
#1448 = CARTESIAN_POINT('',(-5.85,20.,11.4));
#1449 = CIRCLE('',#1450,2.15);
#1450 = AXIS2_PLACEMENT_3D('',#1451,#1452,#1453);
#1451 = CARTESIAN_POINT('',(-8.,20.,11.4));
#1452 = DIRECTION('',(0.,0.,1.));
#1453 = DIRECTION('',(1.,0.,0.));
#1454 = ORIENTED_EDGE('',*,*,#1455,.F.);
#1455 = EDGE_CURVE('',#748,#1447,#1456,.T.);
#1456 = LINE('',#1457,#1458);
#1457 = CARTESIAN_POINT('',(-5.6,20.,11.15));
#1458 = VECTOR('',#1459,1.);
#1459 = DIRECTION('',(-0.707106781187,1.731912112471E-16,0.707106781187)
  );
#1460 = ORIENTED_EDGE('',*,*,#755,.T.);
#1461 = ORIENTED_EDGE('',*,*,#1455,.T.);
#1462 = CONICAL_SURFACE('',#1463,2.4,0.785398163397);
#1463 = AXIS2_PLACEMENT_3D('',#1464,#1465,#1466);
#1464 = CARTESIAN_POINT('',(-8.,20.,11.15));
#1465 = DIRECTION('',(-0.,-0.,-1.));
#1466 = DIRECTION('',(1.,0.,0.));
#1467 = ADVANCED_FACE('',(#1468),#1487,.T.);
#1468 = FACE_BOUND('',#1469,.T.);
#1469 = EDGE_LOOP('',(#1470,#1479,#1485,#1486));
#1470 = ORIENTED_EDGE('',*,*,#1471,.F.);
#1471 = EDGE_CURVE('',#1472,#1472,#1474,.T.);
#1472 = VERTEX_POINT('',#1473);
#1473 = CARTESIAN_POINT('',(-5.85,28.,11.4));
#1474 = CIRCLE('',#1475,2.15);
#1475 = AXIS2_PLACEMENT_3D('',#1476,#1477,#1478);
#1476 = CARTESIAN_POINT('',(-8.,28.,11.4));
#1477 = DIRECTION('',(0.,0.,1.));
#1478 = DIRECTION('',(1.,0.,0.));
#1479 = ORIENTED_EDGE('',*,*,#1480,.F.);
#1480 = EDGE_CURVE('',#773,#1472,#1481,.T.);
#1481 = LINE('',#1482,#1483);
#1482 = CARTESIAN_POINT('',(-5.6,28.,11.15));
#1483 = VECTOR('',#1484,1.);
#1484 = DIRECTION('',(-0.707106781187,1.731912112471E-16,0.707106781187)
  );
#1485 = ORIENTED_EDGE('',*,*,#780,.T.);
#1486 = ORIENTED_EDGE('',*,*,#1480,.T.);
#1487 = CONICAL_SURFACE('',#1488,2.4,0.785398163397);
#1488 = AXIS2_PLACEMENT_3D('',#1489,#1490,#1491);
#1489 = CARTESIAN_POINT('',(-8.,28.,11.15));
#1490 = DIRECTION('',(-0.,-0.,-1.));
#1491 = DIRECTION('',(1.,0.,0.));
#1492 = ADVANCED_FACE('',(#1493),#1512,.T.);
#1493 = FACE_BOUND('',#1494,.T.);
#1494 = EDGE_LOOP('',(#1495,#1504,#1510,#1511));
#1495 = ORIENTED_EDGE('',*,*,#1496,.F.);
#1496 = EDGE_CURVE('',#1497,#1497,#1499,.T.);
#1497 = VERTEX_POINT('',#1498);
#1498 = CARTESIAN_POINT('',(2.15,4.,11.4));
#1499 = CIRCLE('',#1500,2.15);
#1500 = AXIS2_PLACEMENT_3D('',#1501,#1502,#1503);
#1501 = CARTESIAN_POINT('',(0.,4.,11.4));
#1502 = DIRECTION('',(0.,0.,1.));
#1503 = DIRECTION('',(1.,0.,0.));
#1504 = ORIENTED_EDGE('',*,*,#1505,.F.);
#1505 = EDGE_CURVE('',#798,#1497,#1506,.T.);
#1506 = LINE('',#1507,#1508);
#1507 = CARTESIAN_POINT('',(2.4,4.,11.15));
#1508 = VECTOR('',#1509,1.);
#1509 = DIRECTION('',(-0.707106781187,1.731912112471E-16,0.707106781187)
  );
#1510 = ORIENTED_EDGE('',*,*,#805,.T.);
#1511 = ORIENTED_EDGE('',*,*,#1505,.T.);
#1512 = CONICAL_SURFACE('',#1513,2.4,0.785398163397);
#1513 = AXIS2_PLACEMENT_3D('',#1514,#1515,#1516);
#1514 = CARTESIAN_POINT('',(0.,4.,11.15));
#1515 = DIRECTION('',(-0.,-0.,-1.));
#1516 = DIRECTION('',(1.,0.,0.));
#1517 = ADVANCED_FACE('',(#1518),#1537,.T.);
#1518 = FACE_BOUND('',#1519,.T.);
#1519 = EDGE_LOOP('',(#1520,#1529,#1535,#1536));
#1520 = ORIENTED_EDGE('',*,*,#1521,.F.);
#1521 = EDGE_CURVE('',#1522,#1522,#1524,.T.);
#1522 = VERTEX_POINT('',#1523);
#1523 = CARTESIAN_POINT('',(2.15,12.,11.4));
#1524 = CIRCLE('',#1525,2.15);
#1525 = AXIS2_PLACEMENT_3D('',#1526,#1527,#1528);
#1526 = CARTESIAN_POINT('',(0.,12.,11.4));
#1527 = DIRECTION('',(0.,0.,1.));
#1528 = DIRECTION('',(1.,0.,0.));
#1529 = ORIENTED_EDGE('',*,*,#1530,.F.);
#1530 = EDGE_CURVE('',#823,#1522,#1531,.T.);
#1531 = LINE('',#1532,#1533);
#1532 = CARTESIAN_POINT('',(2.4,12.,11.15));
#1533 = VECTOR('',#1534,1.);
#1534 = DIRECTION('',(-0.707106781187,1.731912112471E-16,0.707106781187)
  );
#1535 = ORIENTED_EDGE('',*,*,#830,.T.);
#1536 = ORIENTED_EDGE('',*,*,#1530,.T.);
#1537 = CONICAL_SURFACE('',#1538,2.4,0.785398163397);
#1538 = AXIS2_PLACEMENT_3D('',#1539,#1540,#1541);
#1539 = CARTESIAN_POINT('',(0.,12.,11.15));
#1540 = DIRECTION('',(-0.,-0.,-1.));
#1541 = DIRECTION('',(1.,0.,0.));
#1542 = ADVANCED_FACE('',(#1543),#1562,.T.);
#1543 = FACE_BOUND('',#1544,.T.);
#1544 = EDGE_LOOP('',(#1545,#1554,#1560,#1561));
#1545 = ORIENTED_EDGE('',*,*,#1546,.F.);
#1546 = EDGE_CURVE('',#1547,#1547,#1549,.T.);
#1547 = VERTEX_POINT('',#1548);
#1548 = CARTESIAN_POINT('',(10.15,4.,11.4));
#1549 = CIRCLE('',#1550,2.15);
#1550 = AXIS2_PLACEMENT_3D('',#1551,#1552,#1553);
#1551 = CARTESIAN_POINT('',(8.,4.,11.4));
#1552 = DIRECTION('',(0.,0.,1.));
#1553 = DIRECTION('',(1.,0.,0.));
#1554 = ORIENTED_EDGE('',*,*,#1555,.F.);
#1555 = EDGE_CURVE('',#848,#1547,#1556,.T.);
#1556 = LINE('',#1557,#1558);
#1557 = CARTESIAN_POINT('',(10.4,4.,11.15));
#1558 = VECTOR('',#1559,1.);
#1559 = DIRECTION('',(-0.707106781187,1.731912112471E-16,0.707106781187)
  );
#1560 = ORIENTED_EDGE('',*,*,#855,.T.);
#1561 = ORIENTED_EDGE('',*,*,#1555,.T.);
#1562 = CONICAL_SURFACE('',#1563,2.4,0.785398163397);
#1563 = AXIS2_PLACEMENT_3D('',#1564,#1565,#1566);
#1564 = CARTESIAN_POINT('',(8.,4.,11.15));
#1565 = DIRECTION('',(-0.,-0.,-1.));
#1566 = DIRECTION('',(1.,0.,0.));
#1567 = ADVANCED_FACE('',(#1568),#1587,.T.);
#1568 = FACE_BOUND('',#1569,.T.);
#1569 = EDGE_LOOP('',(#1570,#1579,#1585,#1586));
#1570 = ORIENTED_EDGE('',*,*,#1571,.F.);
#1571 = EDGE_CURVE('',#1572,#1572,#1574,.T.);
#1572 = VERTEX_POINT('',#1573);
#1573 = CARTESIAN_POINT('',(2.15,20.,11.4));
#1574 = CIRCLE('',#1575,2.15);
#1575 = AXIS2_PLACEMENT_3D('',#1576,#1577,#1578);
#1576 = CARTESIAN_POINT('',(0.,20.,11.4));
#1577 = DIRECTION('',(0.,0.,1.));
#1578 = DIRECTION('',(1.,0.,0.));
#1579 = ORIENTED_EDGE('',*,*,#1580,.F.);
#1580 = EDGE_CURVE('',#873,#1572,#1581,.T.);
#1581 = LINE('',#1582,#1583);
#1582 = CARTESIAN_POINT('',(2.4,20.,11.15));
#1583 = VECTOR('',#1584,1.);
#1584 = DIRECTION('',(-0.707106781187,1.731912112471E-16,0.707106781187)
  );
#1585 = ORIENTED_EDGE('',*,*,#880,.T.);
#1586 = ORIENTED_EDGE('',*,*,#1580,.T.);
#1587 = CONICAL_SURFACE('',#1588,2.4,0.785398163397);
#1588 = AXIS2_PLACEMENT_3D('',#1589,#1590,#1591);
#1589 = CARTESIAN_POINT('',(0.,20.,11.15));
#1590 = DIRECTION('',(-0.,-0.,-1.));
#1591 = DIRECTION('',(1.,0.,0.));
#1592 = ADVANCED_FACE('',(#1593),#1612,.T.);
#1593 = FACE_BOUND('',#1594,.T.);
#1594 = EDGE_LOOP('',(#1595,#1604,#1610,#1611));
#1595 = ORIENTED_EDGE('',*,*,#1596,.F.);
#1596 = EDGE_CURVE('',#1597,#1597,#1599,.T.);
#1597 = VERTEX_POINT('',#1598);
#1598 = CARTESIAN_POINT('',(2.15,28.,11.4));
#1599 = CIRCLE('',#1600,2.15);
#1600 = AXIS2_PLACEMENT_3D('',#1601,#1602,#1603);
#1601 = CARTESIAN_POINT('',(0.,28.,11.4));
#1602 = DIRECTION('',(0.,0.,1.));
#1603 = DIRECTION('',(1.,0.,0.));
#1604 = ORIENTED_EDGE('',*,*,#1605,.F.);
#1605 = EDGE_CURVE('',#898,#1597,#1606,.T.);
#1606 = LINE('',#1607,#1608);
#1607 = CARTESIAN_POINT('',(2.4,28.,11.15));
#1608 = VECTOR('',#1609,1.);
#1609 = DIRECTION('',(-0.707106781187,1.731912112471E-16,0.707106781187)
  );
#1610 = ORIENTED_EDGE('',*,*,#905,.T.);
#1611 = ORIENTED_EDGE('',*,*,#1605,.T.);
#1612 = CONICAL_SURFACE('',#1613,2.4,0.785398163397);
#1613 = AXIS2_PLACEMENT_3D('',#1614,#1615,#1616);
#1614 = CARTESIAN_POINT('',(0.,28.,11.15));
#1615 = DIRECTION('',(-0.,-0.,-1.));
#1616 = DIRECTION('',(1.,0.,0.));
#1617 = ADVANCED_FACE('',(#1618),#1641,.F.);
#1618 = FACE_BOUND('',#1619,.F.);
#1619 = EDGE_LOOP('',(#1620,#1621,#1628,#1636));
#1620 = ORIENTED_EDGE('',*,*,#941,.F.);
#1621 = ORIENTED_EDGE('',*,*,#1622,.T.);
#1622 = EDGE_CURVE('',#942,#1623,#1625,.T.);
#1623 = VERTEX_POINT('',#1624);
#1624 = CARTESIAN_POINT('',(-10.44,-30.44,0.3));
#1625 = B_SPLINE_CURVE_WITH_KNOTS('',1,(#1626,#1627),.UNSPECIFIED.,.F.,
  .F.,(2,2),(0.,1.),.PIECEWISE_BEZIER_KNOTS.);
#1626 = CARTESIAN_POINT('',(-10.64,-30.64,0.));
#1627 = CARTESIAN_POINT('',(-10.44,-30.44,0.3));
#1628 = ORIENTED_EDGE('',*,*,#1629,.T.);
#1629 = EDGE_CURVE('',#1623,#1630,#1632,.T.);
#1630 = VERTEX_POINT('',#1631);
#1631 = CARTESIAN_POINT('',(-10.44,-25.56,0.3));
#1632 = LINE('',#1633,#1634);
#1633 = CARTESIAN_POINT('',(-10.44,-30.44,0.3));
#1634 = VECTOR('',#1635,1.);
#1635 = DIRECTION('',(0.,1.,0.));
#1636 = ORIENTED_EDGE('',*,*,#1637,.F.);
#1637 = EDGE_CURVE('',#944,#1630,#1638,.T.);
#1638 = B_SPLINE_CURVE_WITH_KNOTS('',1,(#1639,#1640),.UNSPECIFIED.,.F.,
  .F.,(2,2),(0.,1.),.PIECEWISE_BEZIER_KNOTS.);
#1639 = CARTESIAN_POINT('',(-10.64,-25.36,0.));
#1640 = CARTESIAN_POINT('',(-10.44,-25.56,0.3));
#1641 = B_SPLINE_SURFACE_WITH_KNOTS('',1,1,(
    (#1642,#1643)
    ,(#1644,#1645
    )),.UNSPECIFIED.,.F.,.F.,.F.,(2,2),(2,2),(-5.28,0.),(0.,1.),
  .PIECEWISE_BEZIER_KNOTS.);
#1642 = CARTESIAN_POINT('',(-10.64,-25.36,0.));
#1643 = CARTESIAN_POINT('',(-10.44,-25.56,0.3));
#1644 = CARTESIAN_POINT('',(-10.64,-30.64,0.));
#1645 = CARTESIAN_POINT('',(-10.44,-30.44,0.3));
#1646 = ADVANCED_FACE('',(#1647),#1664,.F.);
#1647 = FACE_BOUND('',#1648,.F.);
#1648 = EDGE_LOOP('',(#1649,#1650,#1651,#1659));
#1649 = ORIENTED_EDGE('',*,*,#1207,.F.);
#1650 = ORIENTED_EDGE('',*,*,#1637,.T.);
#1651 = ORIENTED_EDGE('',*,*,#1652,.T.);
#1652 = EDGE_CURVE('',#1630,#1653,#1655,.T.);
#1653 = VERTEX_POINT('',#1654);
#1654 = CARTESIAN_POINT('',(-10.44,-22.44,0.3));
#1655 = LINE('',#1656,#1657);
#1656 = CARTESIAN_POINT('',(-10.44,-25.56,0.3));
#1657 = VECTOR('',#1658,1.);
#1658 = DIRECTION('',(0.,1.,0.));
#1659 = ORIENTED_EDGE('',*,*,#1660,.F.);
#1660 = EDGE_CURVE('',#1200,#1653,#1661,.T.);
#1661 = B_SPLINE_CURVE_WITH_KNOTS('',1,(#1662,#1663),.UNSPECIFIED.,.F.,
  .F.,(2,2),(0.,1.),.PIECEWISE_BEZIER_KNOTS.);
#1662 = CARTESIAN_POINT('',(-10.64,-22.64,0.));
#1663 = CARTESIAN_POINT('',(-10.44,-22.44,0.3));
#1664 = B_SPLINE_SURFACE_WITH_KNOTS('',1,1,(
    (#1665,#1666)
    ,(#1667,#1668
    )),.UNSPECIFIED.,.F.,.F.,.F.,(2,2),(2,2),(-3.12,0.),(0.,1.),
  .PIECEWISE_BEZIER_KNOTS.);
#1665 = CARTESIAN_POINT('',(-10.64,-22.64,0.));
#1666 = CARTESIAN_POINT('',(-10.44,-22.44,0.3));
#1667 = CARTESIAN_POINT('',(-10.64,-25.36,0.));
#1668 = CARTESIAN_POINT('',(-10.44,-25.56,0.3));
#1669 = ADVANCED_FACE('',(#1670),#1687,.F.);
#1670 = FACE_BOUND('',#1671,.F.);
#1671 = EDGE_LOOP('',(#1672,#1673,#1674,#1682));
#1672 = ORIENTED_EDGE('',*,*,#1199,.F.);
#1673 = ORIENTED_EDGE('',*,*,#1660,.T.);
#1674 = ORIENTED_EDGE('',*,*,#1675,.T.);
#1675 = EDGE_CURVE('',#1653,#1676,#1678,.T.);
#1676 = VERTEX_POINT('',#1677);
#1677 = CARTESIAN_POINT('',(-10.44,-17.56,0.3));
#1678 = LINE('',#1679,#1680);
#1679 = CARTESIAN_POINT('',(-10.44,-22.44,0.3));
#1680 = VECTOR('',#1681,1.);
#1681 = DIRECTION('',(0.,1.,0.));
#1682 = ORIENTED_EDGE('',*,*,#1683,.F.);
#1683 = EDGE_CURVE('',#1192,#1676,#1684,.T.);
#1684 = B_SPLINE_CURVE_WITH_KNOTS('',1,(#1685,#1686),.UNSPECIFIED.,.F.,
  .F.,(2,2),(0.,1.),.PIECEWISE_BEZIER_KNOTS.);
#1685 = CARTESIAN_POINT('',(-10.64,-17.36,0.));
#1686 = CARTESIAN_POINT('',(-10.44,-17.56,0.3));
#1687 = B_SPLINE_SURFACE_WITH_KNOTS('',1,1,(
    (#1688,#1689)
    ,(#1690,#1691
    )),.UNSPECIFIED.,.F.,.F.,.F.,(2,2),(2,2),(-5.28,0.),(0.,1.),
  .PIECEWISE_BEZIER_KNOTS.);
#1688 = CARTESIAN_POINT('',(-10.64,-17.36,0.));
#1689 = CARTESIAN_POINT('',(-10.44,-17.56,0.3));
#1690 = CARTESIAN_POINT('',(-10.64,-22.64,0.));
#1691 = CARTESIAN_POINT('',(-10.44,-22.44,0.3));
#1692 = ADVANCED_FACE('',(#1693),#1710,.F.);
#1693 = FACE_BOUND('',#1694,.F.);
#1694 = EDGE_LOOP('',(#1695,#1696,#1697,#1705));
#1695 = ORIENTED_EDGE('',*,*,#1191,.F.);
#1696 = ORIENTED_EDGE('',*,*,#1683,.T.);
#1697 = ORIENTED_EDGE('',*,*,#1698,.T.);
#1698 = EDGE_CURVE('',#1676,#1699,#1701,.T.);
#1699 = VERTEX_POINT('',#1700);
#1700 = CARTESIAN_POINT('',(-10.44,-14.44,0.3));
#1701 = LINE('',#1702,#1703);
#1702 = CARTESIAN_POINT('',(-10.44,-17.56,0.3));
#1703 = VECTOR('',#1704,1.);
#1704 = DIRECTION('',(0.,1.,0.));
#1705 = ORIENTED_EDGE('',*,*,#1706,.F.);
#1706 = EDGE_CURVE('',#1184,#1699,#1707,.T.);
#1707 = B_SPLINE_CURVE_WITH_KNOTS('',1,(#1708,#1709),.UNSPECIFIED.,.F.,
  .F.,(2,2),(0.,1.),.PIECEWISE_BEZIER_KNOTS.);
#1708 = CARTESIAN_POINT('',(-10.64,-14.64,0.));
#1709 = CARTESIAN_POINT('',(-10.44,-14.44,0.3));
#1710 = B_SPLINE_SURFACE_WITH_KNOTS('',1,1,(
    (#1711,#1712)
    ,(#1713,#1714
    )),.UNSPECIFIED.,.F.,.F.,.F.,(2,2),(2,2),(-3.12,0.),(0.,1.),
  .PIECEWISE_BEZIER_KNOTS.);
#1711 = CARTESIAN_POINT('',(-10.64,-14.64,0.));
#1712 = CARTESIAN_POINT('',(-10.44,-14.44,0.3));
#1713 = CARTESIAN_POINT('',(-10.64,-17.36,0.));
#1714 = CARTESIAN_POINT('',(-10.44,-17.56,0.3));
#1715 = ADVANCED_FACE('',(#1716),#1733,.F.);
#1716 = FACE_BOUND('',#1717,.F.);
#1717 = EDGE_LOOP('',(#1718,#1719,#1720,#1728));
#1718 = ORIENTED_EDGE('',*,*,#1183,.F.);
#1719 = ORIENTED_EDGE('',*,*,#1706,.T.);
#1720 = ORIENTED_EDGE('',*,*,#1721,.T.);
#1721 = EDGE_CURVE('',#1699,#1722,#1724,.T.);
#1722 = VERTEX_POINT('',#1723);
#1723 = CARTESIAN_POINT('',(-10.44,-9.56,0.3));
#1724 = LINE('',#1725,#1726);
#1725 = CARTESIAN_POINT('',(-10.44,-14.44,0.3));
#1726 = VECTOR('',#1727,1.);
#1727 = DIRECTION('',(0.,1.,0.));
#1728 = ORIENTED_EDGE('',*,*,#1729,.F.);
#1729 = EDGE_CURVE('',#1176,#1722,#1730,.T.);
#1730 = B_SPLINE_CURVE_WITH_KNOTS('',1,(#1731,#1732),.UNSPECIFIED.,.F.,
  .F.,(2,2),(0.,1.),.PIECEWISE_BEZIER_KNOTS.);
#1731 = CARTESIAN_POINT('',(-10.64,-9.36,0.));
#1732 = CARTESIAN_POINT('',(-10.44,-9.56,0.3));
#1733 = B_SPLINE_SURFACE_WITH_KNOTS('',1,1,(
    (#1734,#1735)
    ,(#1736,#1737
    )),.UNSPECIFIED.,.F.,.F.,.F.,(2,2),(2,2),(-5.28,0.),(0.,1.),
  .PIECEWISE_BEZIER_KNOTS.);
#1734 = CARTESIAN_POINT('',(-10.64,-9.36,0.));
#1735 = CARTESIAN_POINT('',(-10.44,-9.56,0.3));
#1736 = CARTESIAN_POINT('',(-10.64,-14.64,0.));
#1737 = CARTESIAN_POINT('',(-10.44,-14.44,0.3));
#1738 = ADVANCED_FACE('',(#1739),#1756,.F.);
#1739 = FACE_BOUND('',#1740,.F.);
#1740 = EDGE_LOOP('',(#1741,#1742,#1743,#1751));
#1741 = ORIENTED_EDGE('',*,*,#1175,.F.);
#1742 = ORIENTED_EDGE('',*,*,#1729,.T.);
#1743 = ORIENTED_EDGE('',*,*,#1744,.T.);
#1744 = EDGE_CURVE('',#1722,#1745,#1747,.T.);
#1745 = VERTEX_POINT('',#1746);
#1746 = CARTESIAN_POINT('',(-10.44,-6.44,0.3));
#1747 = LINE('',#1748,#1749);
#1748 = CARTESIAN_POINT('',(-10.44,-9.56,0.3));
#1749 = VECTOR('',#1750,1.);
#1750 = DIRECTION('',(0.,1.,0.));
#1751 = ORIENTED_EDGE('',*,*,#1752,.F.);
#1752 = EDGE_CURVE('',#1168,#1745,#1753,.T.);
#1753 = B_SPLINE_CURVE_WITH_KNOTS('',1,(#1754,#1755),.UNSPECIFIED.,.F.,
  .F.,(2,2),(0.,1.),.PIECEWISE_BEZIER_KNOTS.);
#1754 = CARTESIAN_POINT('',(-10.64,-6.64,0.));
#1755 = CARTESIAN_POINT('',(-10.44,-6.44,0.3));
#1756 = B_SPLINE_SURFACE_WITH_KNOTS('',1,1,(
    (#1757,#1758)
    ,(#1759,#1760
    )),.UNSPECIFIED.,.F.,.F.,.F.,(2,2),(2,2),(-3.12,0.),(0.,1.),
  .PIECEWISE_BEZIER_KNOTS.);
#1757 = CARTESIAN_POINT('',(-10.64,-6.64,0.));
#1758 = CARTESIAN_POINT('',(-10.44,-6.44,0.3));
#1759 = CARTESIAN_POINT('',(-10.64,-9.36,0.));
#1760 = CARTESIAN_POINT('',(-10.44,-9.56,0.3));
#1761 = ADVANCED_FACE('',(#1762),#1779,.F.);
#1762 = FACE_BOUND('',#1763,.F.);
#1763 = EDGE_LOOP('',(#1764,#1765,#1766,#1774));
#1764 = ORIENTED_EDGE('',*,*,#1167,.F.);
#1765 = ORIENTED_EDGE('',*,*,#1752,.T.);
#1766 = ORIENTED_EDGE('',*,*,#1767,.T.);
#1767 = EDGE_CURVE('',#1745,#1768,#1770,.T.);
#1768 = VERTEX_POINT('',#1769);
#1769 = CARTESIAN_POINT('',(-10.44,-1.56,0.3));
#1770 = LINE('',#1771,#1772);
#1771 = CARTESIAN_POINT('',(-10.44,-6.44,0.3));
#1772 = VECTOR('',#1773,1.);
#1773 = DIRECTION('',(0.,1.,0.));
#1774 = ORIENTED_EDGE('',*,*,#1775,.F.);
#1775 = EDGE_CURVE('',#1160,#1768,#1776,.T.);
#1776 = B_SPLINE_CURVE_WITH_KNOTS('',1,(#1777,#1778),.UNSPECIFIED.,.F.,
  .F.,(2,2),(0.,1.),.PIECEWISE_BEZIER_KNOTS.);
#1777 = CARTESIAN_POINT('',(-10.64,-1.36,0.));
#1778 = CARTESIAN_POINT('',(-10.44,-1.56,0.3));
#1779 = B_SPLINE_SURFACE_WITH_KNOTS('',1,1,(
    (#1780,#1781)
    ,(#1782,#1783
    )),.UNSPECIFIED.,.F.,.F.,.F.,(2,2),(2,2),(-5.28,0.),(0.,1.),
  .PIECEWISE_BEZIER_KNOTS.);
#1780 = CARTESIAN_POINT('',(-10.64,-1.36,0.));
#1781 = CARTESIAN_POINT('',(-10.44,-1.56,0.3));
#1782 = CARTESIAN_POINT('',(-10.64,-6.64,0.));
#1783 = CARTESIAN_POINT('',(-10.44,-6.44,0.3));
#1784 = ADVANCED_FACE('',(#1785),#1802,.F.);
#1785 = FACE_BOUND('',#1786,.F.);
#1786 = EDGE_LOOP('',(#1787,#1788,#1789,#1797));
#1787 = ORIENTED_EDGE('',*,*,#1159,.F.);
#1788 = ORIENTED_EDGE('',*,*,#1775,.T.);
#1789 = ORIENTED_EDGE('',*,*,#1790,.T.);
#1790 = EDGE_CURVE('',#1768,#1791,#1793,.T.);
#1791 = VERTEX_POINT('',#1792);
#1792 = CARTESIAN_POINT('',(-10.44,1.56,0.3));
#1793 = LINE('',#1794,#1795);
#1794 = CARTESIAN_POINT('',(-10.44,-1.56,0.3));
#1795 = VECTOR('',#1796,1.);
#1796 = DIRECTION('',(0.,1.,0.));
#1797 = ORIENTED_EDGE('',*,*,#1798,.F.);
#1798 = EDGE_CURVE('',#1152,#1791,#1799,.T.);
#1799 = B_SPLINE_CURVE_WITH_KNOTS('',1,(#1800,#1801),.UNSPECIFIED.,.F.,
  .F.,(2,2),(0.,1.),.PIECEWISE_BEZIER_KNOTS.);
#1800 = CARTESIAN_POINT('',(-10.64,1.36,0.));
#1801 = CARTESIAN_POINT('',(-10.44,1.56,0.3));
#1802 = B_SPLINE_SURFACE_WITH_KNOTS('',1,1,(
    (#1803,#1804)
    ,(#1805,#1806
    )),.UNSPECIFIED.,.F.,.F.,.F.,(2,2),(2,2),(-3.12,0.),(0.,1.),
  .PIECEWISE_BEZIER_KNOTS.);
#1803 = CARTESIAN_POINT('',(-10.64,1.36,0.));
#1804 = CARTESIAN_POINT('',(-10.44,1.56,0.3));
#1805 = CARTESIAN_POINT('',(-10.64,-1.36,0.));
#1806 = CARTESIAN_POINT('',(-10.44,-1.56,0.3));
#1807 = ADVANCED_FACE('',(#1808),#1825,.F.);
#1808 = FACE_BOUND('',#1809,.F.);
#1809 = EDGE_LOOP('',(#1810,#1811,#1812,#1820));
#1810 = ORIENTED_EDGE('',*,*,#1151,.F.);
#1811 = ORIENTED_EDGE('',*,*,#1798,.T.);
#1812 = ORIENTED_EDGE('',*,*,#1813,.T.);
#1813 = EDGE_CURVE('',#1791,#1814,#1816,.T.);
#1814 = VERTEX_POINT('',#1815);
#1815 = CARTESIAN_POINT('',(-10.44,6.44,0.3));
#1816 = LINE('',#1817,#1818);
#1817 = CARTESIAN_POINT('',(-10.44,1.56,0.3));
#1818 = VECTOR('',#1819,1.);
#1819 = DIRECTION('',(0.,1.,0.));
#1820 = ORIENTED_EDGE('',*,*,#1821,.F.);
#1821 = EDGE_CURVE('',#1144,#1814,#1822,.T.);
#1822 = B_SPLINE_CURVE_WITH_KNOTS('',1,(#1823,#1824),.UNSPECIFIED.,.F.,
  .F.,(2,2),(0.,1.),.PIECEWISE_BEZIER_KNOTS.);
#1823 = CARTESIAN_POINT('',(-10.64,6.64,0.));
#1824 = CARTESIAN_POINT('',(-10.44,6.44,0.3));
#1825 = B_SPLINE_SURFACE_WITH_KNOTS('',1,1,(
    (#1826,#1827)
    ,(#1828,#1829
    )),.UNSPECIFIED.,.F.,.F.,.F.,(2,2),(2,2),(-5.28,0.),(0.,1.),
  .PIECEWISE_BEZIER_KNOTS.);
#1826 = CARTESIAN_POINT('',(-10.64,6.64,0.));
#1827 = CARTESIAN_POINT('',(-10.44,6.44,0.3));
#1828 = CARTESIAN_POINT('',(-10.64,1.36,0.));
#1829 = CARTESIAN_POINT('',(-10.44,1.56,0.3));
#1830 = ADVANCED_FACE('',(#1831),#1848,.F.);
#1831 = FACE_BOUND('',#1832,.F.);
#1832 = EDGE_LOOP('',(#1833,#1834,#1835,#1843));
#1833 = ORIENTED_EDGE('',*,*,#1143,.F.);
#1834 = ORIENTED_EDGE('',*,*,#1821,.T.);
#1835 = ORIENTED_EDGE('',*,*,#1836,.T.);
#1836 = EDGE_CURVE('',#1814,#1837,#1839,.T.);
#1837 = VERTEX_POINT('',#1838);
#1838 = CARTESIAN_POINT('',(-10.44,9.56,0.3));
#1839 = LINE('',#1840,#1841);
#1840 = CARTESIAN_POINT('',(-10.44,6.44,0.3));
#1841 = VECTOR('',#1842,1.);
#1842 = DIRECTION('',(0.,1.,0.));
#1843 = ORIENTED_EDGE('',*,*,#1844,.F.);
#1844 = EDGE_CURVE('',#1136,#1837,#1845,.T.);
#1845 = B_SPLINE_CURVE_WITH_KNOTS('',1,(#1846,#1847),.UNSPECIFIED.,.F.,
  .F.,(2,2),(0.,1.),.PIECEWISE_BEZIER_KNOTS.);
#1846 = CARTESIAN_POINT('',(-10.64,9.36,0.));
#1847 = CARTESIAN_POINT('',(-10.44,9.56,0.3));
#1848 = B_SPLINE_SURFACE_WITH_KNOTS('',1,1,(
    (#1849,#1850)
    ,(#1851,#1852
    )),.UNSPECIFIED.,.F.,.F.,.F.,(2,2),(2,2),(-3.12,0.),(0.,1.),
  .PIECEWISE_BEZIER_KNOTS.);
#1849 = CARTESIAN_POINT('',(-10.64,9.36,0.));
#1850 = CARTESIAN_POINT('',(-10.44,9.56,0.3));
#1851 = CARTESIAN_POINT('',(-10.64,6.64,0.));
#1852 = CARTESIAN_POINT('',(-10.44,6.44,0.3));
#1853 = ADVANCED_FACE('',(#1854),#1871,.F.);
#1854 = FACE_BOUND('',#1855,.F.);
#1855 = EDGE_LOOP('',(#1856,#1857,#1858,#1866));
#1856 = ORIENTED_EDGE('',*,*,#1135,.F.);
#1857 = ORIENTED_EDGE('',*,*,#1844,.T.);
#1858 = ORIENTED_EDGE('',*,*,#1859,.T.);
#1859 = EDGE_CURVE('',#1837,#1860,#1862,.T.);
#1860 = VERTEX_POINT('',#1861);
#1861 = CARTESIAN_POINT('',(-10.44,14.44,0.3));
#1862 = LINE('',#1863,#1864);
#1863 = CARTESIAN_POINT('',(-10.44,9.56,0.3));
#1864 = VECTOR('',#1865,1.);
#1865 = DIRECTION('',(0.,1.,0.));
#1866 = ORIENTED_EDGE('',*,*,#1867,.F.);
#1867 = EDGE_CURVE('',#1128,#1860,#1868,.T.);
#1868 = B_SPLINE_CURVE_WITH_KNOTS('',1,(#1869,#1870),.UNSPECIFIED.,.F.,
  .F.,(2,2),(0.,1.),.PIECEWISE_BEZIER_KNOTS.);
#1869 = CARTESIAN_POINT('',(-10.64,14.64,0.));
#1870 = CARTESIAN_POINT('',(-10.44,14.44,0.3));
#1871 = B_SPLINE_SURFACE_WITH_KNOTS('',1,1,(
    (#1872,#1873)
    ,(#1874,#1875
    )),.UNSPECIFIED.,.F.,.F.,.F.,(2,2),(2,2),(-5.28,0.),(0.,1.),
  .PIECEWISE_BEZIER_KNOTS.);
#1872 = CARTESIAN_POINT('',(-10.64,14.64,0.));
#1873 = CARTESIAN_POINT('',(-10.44,14.44,0.3));
#1874 = CARTESIAN_POINT('',(-10.64,9.36,0.));
#1875 = CARTESIAN_POINT('',(-10.44,9.56,0.3));
#1876 = ADVANCED_FACE('',(#1877),#1894,.F.);
#1877 = FACE_BOUND('',#1878,.F.);
#1878 = EDGE_LOOP('',(#1879,#1880,#1881,#1889));
#1879 = ORIENTED_EDGE('',*,*,#1127,.F.);
#1880 = ORIENTED_EDGE('',*,*,#1867,.T.);
#1881 = ORIENTED_EDGE('',*,*,#1882,.T.);
#1882 = EDGE_CURVE('',#1860,#1883,#1885,.T.);
#1883 = VERTEX_POINT('',#1884);
#1884 = CARTESIAN_POINT('',(-10.44,17.56,0.3));
#1885 = LINE('',#1886,#1887);
#1886 = CARTESIAN_POINT('',(-10.44,14.44,0.3));
#1887 = VECTOR('',#1888,1.);
#1888 = DIRECTION('',(0.,1.,0.));
#1889 = ORIENTED_EDGE('',*,*,#1890,.F.);
#1890 = EDGE_CURVE('',#1120,#1883,#1891,.T.);
#1891 = B_SPLINE_CURVE_WITH_KNOTS('',1,(#1892,#1893),.UNSPECIFIED.,.F.,
  .F.,(2,2),(0.,1.),.PIECEWISE_BEZIER_KNOTS.);
#1892 = CARTESIAN_POINT('',(-10.64,17.36,0.));
#1893 = CARTESIAN_POINT('',(-10.44,17.56,0.3));
#1894 = B_SPLINE_SURFACE_WITH_KNOTS('',1,1,(
    (#1895,#1896)
    ,(#1897,#1898
    )),.UNSPECIFIED.,.F.,.F.,.F.,(2,2),(2,2),(-3.12,0.),(0.,1.),
  .PIECEWISE_BEZIER_KNOTS.);
#1895 = CARTESIAN_POINT('',(-10.64,17.36,0.));
#1896 = CARTESIAN_POINT('',(-10.44,17.56,0.3));
#1897 = CARTESIAN_POINT('',(-10.64,14.64,0.));
#1898 = CARTESIAN_POINT('',(-10.44,14.44,0.3));
#1899 = ADVANCED_FACE('',(#1900),#1917,.F.);
#1900 = FACE_BOUND('',#1901,.F.);
#1901 = EDGE_LOOP('',(#1902,#1903,#1904,#1912));
#1902 = ORIENTED_EDGE('',*,*,#1119,.F.);
#1903 = ORIENTED_EDGE('',*,*,#1890,.T.);
#1904 = ORIENTED_EDGE('',*,*,#1905,.T.);
#1905 = EDGE_CURVE('',#1883,#1906,#1908,.T.);
#1906 = VERTEX_POINT('',#1907);
#1907 = CARTESIAN_POINT('',(-10.44,22.44,0.3));
#1908 = LINE('',#1909,#1910);
#1909 = CARTESIAN_POINT('',(-10.44,17.56,0.3));
#1910 = VECTOR('',#1911,1.);
#1911 = DIRECTION('',(0.,1.,0.));
#1912 = ORIENTED_EDGE('',*,*,#1913,.F.);
#1913 = EDGE_CURVE('',#1112,#1906,#1914,.T.);
#1914 = B_SPLINE_CURVE_WITH_KNOTS('',1,(#1915,#1916),.UNSPECIFIED.,.F.,
  .F.,(2,2),(0.,1.),.PIECEWISE_BEZIER_KNOTS.);
#1915 = CARTESIAN_POINT('',(-10.64,22.64,0.));
#1916 = CARTESIAN_POINT('',(-10.44,22.44,0.3));
#1917 = B_SPLINE_SURFACE_WITH_KNOTS('',1,1,(
    (#1918,#1919)
    ,(#1920,#1921
    )),.UNSPECIFIED.,.F.,.F.,.F.,(2,2),(2,2),(-5.28,0.),(0.,1.),
  .PIECEWISE_BEZIER_KNOTS.);
#1918 = CARTESIAN_POINT('',(-10.64,22.64,0.));
#1919 = CARTESIAN_POINT('',(-10.44,22.44,0.3));
#1920 = CARTESIAN_POINT('',(-10.64,17.36,0.));
#1921 = CARTESIAN_POINT('',(-10.44,17.56,0.3));
#1922 = ADVANCED_FACE('',(#1923),#1940,.F.);
#1923 = FACE_BOUND('',#1924,.F.);
#1924 = EDGE_LOOP('',(#1925,#1926,#1927,#1935));
#1925 = ORIENTED_EDGE('',*,*,#1111,.F.);
#1926 = ORIENTED_EDGE('',*,*,#1913,.T.);
#1927 = ORIENTED_EDGE('',*,*,#1928,.T.);
#1928 = EDGE_CURVE('',#1906,#1929,#1931,.T.);
#1929 = VERTEX_POINT('',#1930);
#1930 = CARTESIAN_POINT('',(-10.44,25.56,0.3));
#1931 = LINE('',#1932,#1933);
#1932 = CARTESIAN_POINT('',(-10.44,22.44,0.3));
#1933 = VECTOR('',#1934,1.);
#1934 = DIRECTION('',(0.,1.,0.));
#1935 = ORIENTED_EDGE('',*,*,#1936,.F.);
#1936 = EDGE_CURVE('',#1104,#1929,#1937,.T.);
#1937 = B_SPLINE_CURVE_WITH_KNOTS('',1,(#1938,#1939),.UNSPECIFIED.,.F.,
  .F.,(2,2),(0.,1.),.PIECEWISE_BEZIER_KNOTS.);
#1938 = CARTESIAN_POINT('',(-10.64,25.36,0.));
#1939 = CARTESIAN_POINT('',(-10.44,25.56,0.3));
#1940 = B_SPLINE_SURFACE_WITH_KNOTS('',1,1,(
    (#1941,#1942)
    ,(#1943,#1944
    )),.UNSPECIFIED.,.F.,.F.,.F.,(2,2),(2,2),(-3.12,0.),(0.,1.),
  .PIECEWISE_BEZIER_KNOTS.);
#1941 = CARTESIAN_POINT('',(-10.64,25.36,0.));
#1942 = CARTESIAN_POINT('',(-10.44,25.56,0.3));
#1943 = CARTESIAN_POINT('',(-10.64,22.64,0.));
#1944 = CARTESIAN_POINT('',(-10.44,22.44,0.3));
#1945 = ADVANCED_FACE('',(#1946),#1963,.F.);
#1946 = FACE_BOUND('',#1947,.F.);
#1947 = EDGE_LOOP('',(#1948,#1949,#1950,#1958));
#1948 = ORIENTED_EDGE('',*,*,#1103,.F.);
#1949 = ORIENTED_EDGE('',*,*,#1936,.T.);
#1950 = ORIENTED_EDGE('',*,*,#1951,.T.);
#1951 = EDGE_CURVE('',#1929,#1952,#1954,.T.);
#1952 = VERTEX_POINT('',#1953);
#1953 = CARTESIAN_POINT('',(-10.44,30.44,0.3));
#1954 = LINE('',#1955,#1956);
#1955 = CARTESIAN_POINT('',(-10.44,25.56,0.3));
#1956 = VECTOR('',#1957,1.);
#1957 = DIRECTION('',(0.,1.,0.));
#1958 = ORIENTED_EDGE('',*,*,#1959,.F.);
#1959 = EDGE_CURVE('',#1096,#1952,#1960,.T.);
#1960 = B_SPLINE_CURVE_WITH_KNOTS('',1,(#1961,#1962),.UNSPECIFIED.,.F.,
  .F.,(2,2),(0.,1.),.PIECEWISE_BEZIER_KNOTS.);
#1961 = CARTESIAN_POINT('',(-10.64,30.64,0.));
#1962 = CARTESIAN_POINT('',(-10.44,30.44,0.3));
#1963 = B_SPLINE_SURFACE_WITH_KNOTS('',1,1,(
    (#1964,#1965)
    ,(#1966,#1967
    )),.UNSPECIFIED.,.F.,.F.,.F.,(2,2),(2,2),(-5.28,0.),(0.,1.),
  .PIECEWISE_BEZIER_KNOTS.);
#1964 = CARTESIAN_POINT('',(-10.64,30.64,0.));
#1965 = CARTESIAN_POINT('',(-10.44,30.44,0.3));
#1966 = CARTESIAN_POINT('',(-10.64,25.36,0.));
#1967 = CARTESIAN_POINT('',(-10.44,25.56,0.3));
#1968 = ADVANCED_FACE('',(#1969),#1986,.F.);
#1969 = FACE_BOUND('',#1970,.F.);
#1970 = EDGE_LOOP('',(#1971,#1972,#1973,#1981));
#1971 = ORIENTED_EDGE('',*,*,#1095,.F.);
#1972 = ORIENTED_EDGE('',*,*,#1959,.T.);
#1973 = ORIENTED_EDGE('',*,*,#1974,.T.);
#1974 = EDGE_CURVE('',#1952,#1975,#1977,.T.);
#1975 = VERTEX_POINT('',#1976);
#1976 = CARTESIAN_POINT('',(2.44,30.44,0.3));
#1977 = LINE('',#1978,#1979);
#1978 = CARTESIAN_POINT('',(-10.44,30.44,0.3));
#1979 = VECTOR('',#1980,1.);
#1980 = DIRECTION('',(1.,0.,0.));
#1981 = ORIENTED_EDGE('',*,*,#1982,.F.);
#1982 = EDGE_CURVE('',#1088,#1975,#1983,.T.);
#1983 = B_SPLINE_CURVE_WITH_KNOTS('',1,(#1984,#1985),.UNSPECIFIED.,.F.,
  .F.,(2,2),(0.,1.),.PIECEWISE_BEZIER_KNOTS.);
#1984 = CARTESIAN_POINT('',(2.64,30.64,0.));
#1985 = CARTESIAN_POINT('',(2.44,30.44,0.3));
#1986 = B_SPLINE_SURFACE_WITH_KNOTS('',1,1,(
    (#1987,#1988)
    ,(#1989,#1990
    )),.UNSPECIFIED.,.F.,.F.,.F.,(2,2),(2,2),(-13.28,0.),(0.,1.),
  .PIECEWISE_BEZIER_KNOTS.);
#1987 = CARTESIAN_POINT('',(2.64,30.64,0.));
#1988 = CARTESIAN_POINT('',(2.44,30.44,0.3));
#1989 = CARTESIAN_POINT('',(-10.64,30.64,0.));
#1990 = CARTESIAN_POINT('',(-10.44,30.44,0.3));
#1991 = ADVANCED_FACE('',(#1992),#2009,.F.);
#1992 = FACE_BOUND('',#1993,.F.);
#1993 = EDGE_LOOP('',(#1994,#1995,#1996,#2004));
#1994 = ORIENTED_EDGE('',*,*,#1087,.T.);
#1995 = ORIENTED_EDGE('',*,*,#1982,.T.);
#1996 = ORIENTED_EDGE('',*,*,#1997,.F.);
#1997 = EDGE_CURVE('',#1998,#1975,#2000,.T.);
#1998 = VERTEX_POINT('',#1999);
#1999 = CARTESIAN_POINT('',(2.44,25.56,0.3));
#2000 = LINE('',#2001,#2002);
#2001 = CARTESIAN_POINT('',(2.44,25.56,0.3));
#2002 = VECTOR('',#2003,1.);
#2003 = DIRECTION('',(0.,1.,0.));
#2004 = ORIENTED_EDGE('',*,*,#2005,.F.);
#2005 = EDGE_CURVE('',#1080,#1998,#2006,.T.);
#2006 = B_SPLINE_CURVE_WITH_KNOTS('',1,(#2007,#2008),.UNSPECIFIED.,.F.,
  .F.,(2,2),(0.,1.),.PIECEWISE_BEZIER_KNOTS.);
#2007 = CARTESIAN_POINT('',(2.64,25.36,0.));
#2008 = CARTESIAN_POINT('',(2.44,25.56,0.3));
#2009 = B_SPLINE_SURFACE_WITH_KNOTS('',1,1,(
    (#2010,#2011)
    ,(#2012,#2013
    )),.UNSPECIFIED.,.F.,.F.,.F.,(2,2),(2,2),(0.,5.28),(0.,1.),
  .PIECEWISE_BEZIER_KNOTS.);
#2010 = CARTESIAN_POINT('',(2.64,25.36,0.));
#2011 = CARTESIAN_POINT('',(2.44,25.56,0.3));
#2012 = CARTESIAN_POINT('',(2.64,30.64,0.));
#2013 = CARTESIAN_POINT('',(2.44,30.44,0.3));
#2014 = ADVANCED_FACE('',(#2015),#2032,.F.);
#2015 = FACE_BOUND('',#2016,.F.);
#2016 = EDGE_LOOP('',(#2017,#2018,#2019,#2027));
#2017 = ORIENTED_EDGE('',*,*,#1079,.T.);
#2018 = ORIENTED_EDGE('',*,*,#2005,.T.);
#2019 = ORIENTED_EDGE('',*,*,#2020,.F.);
#2020 = EDGE_CURVE('',#2021,#1998,#2023,.T.);
#2021 = VERTEX_POINT('',#2022);
#2022 = CARTESIAN_POINT('',(2.44,22.44,0.3));
#2023 = LINE('',#2024,#2025);
#2024 = CARTESIAN_POINT('',(2.44,22.44,0.3));
#2025 = VECTOR('',#2026,1.);
#2026 = DIRECTION('',(0.,1.,0.));
#2027 = ORIENTED_EDGE('',*,*,#2028,.F.);
#2028 = EDGE_CURVE('',#1072,#2021,#2029,.T.);
#2029 = B_SPLINE_CURVE_WITH_KNOTS('',1,(#2030,#2031),.UNSPECIFIED.,.F.,
  .F.,(2,2),(0.,1.),.PIECEWISE_BEZIER_KNOTS.);
#2030 = CARTESIAN_POINT('',(2.64,22.64,0.));
#2031 = CARTESIAN_POINT('',(2.44,22.44,0.3));
#2032 = B_SPLINE_SURFACE_WITH_KNOTS('',1,1,(
    (#2033,#2034)
    ,(#2035,#2036
    )),.UNSPECIFIED.,.F.,.F.,.F.,(2,2),(2,2),(0.,3.12),(0.,1.),
  .PIECEWISE_BEZIER_KNOTS.);
#2033 = CARTESIAN_POINT('',(2.64,22.64,0.));
#2034 = CARTESIAN_POINT('',(2.44,22.44,0.3));
#2035 = CARTESIAN_POINT('',(2.64,25.36,0.));
#2036 = CARTESIAN_POINT('',(2.44,25.56,0.3));
#2037 = ADVANCED_FACE('',(#2038),#2055,.F.);
#2038 = FACE_BOUND('',#2039,.F.);
#2039 = EDGE_LOOP('',(#2040,#2041,#2042,#2050));
#2040 = ORIENTED_EDGE('',*,*,#1071,.T.);
#2041 = ORIENTED_EDGE('',*,*,#2028,.T.);
#2042 = ORIENTED_EDGE('',*,*,#2043,.F.);
#2043 = EDGE_CURVE('',#2044,#2021,#2046,.T.);
#2044 = VERTEX_POINT('',#2045);
#2045 = CARTESIAN_POINT('',(2.44,17.56,0.3));
#2046 = LINE('',#2047,#2048);
#2047 = CARTESIAN_POINT('',(2.44,17.56,0.3));
#2048 = VECTOR('',#2049,1.);
#2049 = DIRECTION('',(0.,1.,0.));
#2050 = ORIENTED_EDGE('',*,*,#2051,.F.);
#2051 = EDGE_CURVE('',#1064,#2044,#2052,.T.);
#2052 = B_SPLINE_CURVE_WITH_KNOTS('',1,(#2053,#2054),.UNSPECIFIED.,.F.,
  .F.,(2,2),(0.,1.),.PIECEWISE_BEZIER_KNOTS.);
#2053 = CARTESIAN_POINT('',(2.64,17.36,0.));
#2054 = CARTESIAN_POINT('',(2.44,17.56,0.3));
#2055 = B_SPLINE_SURFACE_WITH_KNOTS('',1,1,(
    (#2056,#2057)
    ,(#2058,#2059
    )),.UNSPECIFIED.,.F.,.F.,.F.,(2,2),(2,2),(0.,5.28),(0.,1.),
  .PIECEWISE_BEZIER_KNOTS.);
#2056 = CARTESIAN_POINT('',(2.64,17.36,0.));
#2057 = CARTESIAN_POINT('',(2.44,17.56,0.3));
#2058 = CARTESIAN_POINT('',(2.64,22.64,0.));
#2059 = CARTESIAN_POINT('',(2.44,22.44,0.3));
#2060 = ADVANCED_FACE('',(#2061),#2078,.F.);
#2061 = FACE_BOUND('',#2062,.F.);
#2062 = EDGE_LOOP('',(#2063,#2064,#2065,#2073));
#2063 = ORIENTED_EDGE('',*,*,#1063,.T.);
#2064 = ORIENTED_EDGE('',*,*,#2051,.T.);
#2065 = ORIENTED_EDGE('',*,*,#2066,.F.);
#2066 = EDGE_CURVE('',#2067,#2044,#2069,.T.);
#2067 = VERTEX_POINT('',#2068);
#2068 = CARTESIAN_POINT('',(2.44,14.44,0.3));
#2069 = LINE('',#2070,#2071);
#2070 = CARTESIAN_POINT('',(2.44,14.44,0.3));
#2071 = VECTOR('',#2072,1.);
#2072 = DIRECTION('',(0.,1.,0.));
#2073 = ORIENTED_EDGE('',*,*,#2074,.F.);
#2074 = EDGE_CURVE('',#1056,#2067,#2075,.T.);
#2075 = B_SPLINE_CURVE_WITH_KNOTS('',1,(#2076,#2077),.UNSPECIFIED.,.F.,
  .F.,(2,2),(0.,1.),.PIECEWISE_BEZIER_KNOTS.);
#2076 = CARTESIAN_POINT('',(2.64,14.64,0.));
#2077 = CARTESIAN_POINT('',(2.44,14.44,0.3));
#2078 = B_SPLINE_SURFACE_WITH_KNOTS('',1,1,(
    (#2079,#2080)
    ,(#2081,#2082
    )),.UNSPECIFIED.,.F.,.F.,.F.,(2,2),(2,2),(0.,3.12),(0.,1.),
  .PIECEWISE_BEZIER_KNOTS.);
#2079 = CARTESIAN_POINT('',(2.64,14.64,0.));
#2080 = CARTESIAN_POINT('',(2.44,14.44,0.3));
#2081 = CARTESIAN_POINT('',(2.64,17.36,0.));
#2082 = CARTESIAN_POINT('',(2.44,17.56,0.3));
#2083 = ADVANCED_FACE('',(#2084),#2101,.F.);
#2084 = FACE_BOUND('',#2085,.F.);
#2085 = EDGE_LOOP('',(#2086,#2087,#2088,#2096));
#2086 = ORIENTED_EDGE('',*,*,#1055,.T.);
#2087 = ORIENTED_EDGE('',*,*,#2074,.T.);
#2088 = ORIENTED_EDGE('',*,*,#2089,.F.);
#2089 = EDGE_CURVE('',#2090,#2067,#2092,.T.);
#2090 = VERTEX_POINT('',#2091);
#2091 = CARTESIAN_POINT('',(2.44,9.56,0.3));
#2092 = LINE('',#2093,#2094);
#2093 = CARTESIAN_POINT('',(2.44,9.56,0.3));
#2094 = VECTOR('',#2095,1.);
#2095 = DIRECTION('',(0.,1.,0.));
#2096 = ORIENTED_EDGE('',*,*,#2097,.F.);
#2097 = EDGE_CURVE('',#1048,#2090,#2098,.T.);
#2098 = B_SPLINE_CURVE_WITH_KNOTS('',1,(#2099,#2100),.UNSPECIFIED.,.F.,
  .F.,(2,2),(0.,1.),.PIECEWISE_BEZIER_KNOTS.);
#2099 = CARTESIAN_POINT('',(2.64,9.36,0.));
#2100 = CARTESIAN_POINT('',(2.44,9.56,0.3));
#2101 = B_SPLINE_SURFACE_WITH_KNOTS('',1,1,(
    (#2102,#2103)
    ,(#2104,#2105
    )),.UNSPECIFIED.,.F.,.F.,.F.,(2,2),(2,2),(0.,5.28),(0.,1.),
  .PIECEWISE_BEZIER_KNOTS.);
#2102 = CARTESIAN_POINT('',(2.64,9.36,0.));
#2103 = CARTESIAN_POINT('',(2.44,9.56,0.3));
#2104 = CARTESIAN_POINT('',(2.64,14.64,0.));
#2105 = CARTESIAN_POINT('',(2.44,14.44,0.3));
#2106 = ADVANCED_FACE('',(#2107),#2124,.F.);
#2107 = FACE_BOUND('',#2108,.F.);
#2108 = EDGE_LOOP('',(#2109,#2110,#2111,#2119));
#2109 = ORIENTED_EDGE('',*,*,#1047,.T.);
#2110 = ORIENTED_EDGE('',*,*,#2097,.T.);
#2111 = ORIENTED_EDGE('',*,*,#2112,.F.);
#2112 = EDGE_CURVE('',#2113,#2090,#2115,.T.);
#2113 = VERTEX_POINT('',#2114);
#2114 = CARTESIAN_POINT('',(2.44,6.44,0.3));
#2115 = LINE('',#2116,#2117);
#2116 = CARTESIAN_POINT('',(2.44,6.44,0.3));
#2117 = VECTOR('',#2118,1.);
#2118 = DIRECTION('',(0.,1.,0.));
#2119 = ORIENTED_EDGE('',*,*,#2120,.F.);
#2120 = EDGE_CURVE('',#1040,#2113,#2121,.T.);
#2121 = B_SPLINE_CURVE_WITH_KNOTS('',1,(#2122,#2123),.UNSPECIFIED.,.F.,
  .F.,(2,2),(0.,1.),.PIECEWISE_BEZIER_KNOTS.);
#2122 = CARTESIAN_POINT('',(2.64,6.64,0.));
#2123 = CARTESIAN_POINT('',(2.44,6.44,0.3));
#2124 = B_SPLINE_SURFACE_WITH_KNOTS('',1,1,(
    (#2125,#2126)
    ,(#2127,#2128
    )),.UNSPECIFIED.,.F.,.F.,.F.,(2,2),(2,2),(0.,3.12),(0.,1.),
  .PIECEWISE_BEZIER_KNOTS.);
#2125 = CARTESIAN_POINT('',(2.64,6.64,0.));
#2126 = CARTESIAN_POINT('',(2.44,6.44,0.3));
#2127 = CARTESIAN_POINT('',(2.64,9.36,0.));
#2128 = CARTESIAN_POINT('',(2.44,9.56,0.3));
#2129 = ADVANCED_FACE('',(#2130),#2147,.F.);
#2130 = FACE_BOUND('',#2131,.F.);
#2131 = EDGE_LOOP('',(#2132,#2133,#2134,#2142));
#2132 = ORIENTED_EDGE('',*,*,#1039,.F.);
#2133 = ORIENTED_EDGE('',*,*,#2120,.T.);
#2134 = ORIENTED_EDGE('',*,*,#2135,.T.);
#2135 = EDGE_CURVE('',#2113,#2136,#2138,.T.);
#2136 = VERTEX_POINT('',#2137);
#2137 = CARTESIAN_POINT('',(10.44,6.44,0.3));
#2138 = LINE('',#2139,#2140);
#2139 = CARTESIAN_POINT('',(-10.44,6.44,0.3));
#2140 = VECTOR('',#2141,1.);
#2141 = DIRECTION('',(1.,0.,0.));
#2142 = ORIENTED_EDGE('',*,*,#2143,.F.);
#2143 = EDGE_CURVE('',#1032,#2136,#2144,.T.);
#2144 = B_SPLINE_CURVE_WITH_KNOTS('',1,(#2145,#2146),.UNSPECIFIED.,.F.,
  .F.,(2,2),(0.,1.),.PIECEWISE_BEZIER_KNOTS.);
#2145 = CARTESIAN_POINT('',(10.64,6.64,0.));
#2146 = CARTESIAN_POINT('',(10.44,6.44,0.3));
#2147 = B_SPLINE_SURFACE_WITH_KNOTS('',1,1,(
    (#2148,#2149)
    ,(#2150,#2151
    )),.UNSPECIFIED.,.F.,.F.,.F.,(2,2),(2,2),(-21.28,0.),(0.,1.),
  .PIECEWISE_BEZIER_KNOTS.);
#2148 = CARTESIAN_POINT('',(10.64,6.64,0.));
#2149 = CARTESIAN_POINT('',(10.44,6.44,0.3));
#2150 = CARTESIAN_POINT('',(-10.64,6.64,0.));
#2151 = CARTESIAN_POINT('',(-10.44,6.44,0.3));
#2152 = ADVANCED_FACE('',(#2153),#2170,.F.);
#2153 = FACE_BOUND('',#2154,.F.);
#2154 = EDGE_LOOP('',(#2155,#2156,#2157,#2165));
#2155 = ORIENTED_EDGE('',*,*,#1031,.T.);
#2156 = ORIENTED_EDGE('',*,*,#2143,.T.);
#2157 = ORIENTED_EDGE('',*,*,#2158,.F.);
#2158 = EDGE_CURVE('',#2159,#2136,#2161,.T.);
#2159 = VERTEX_POINT('',#2160);
#2160 = CARTESIAN_POINT('',(10.44,1.56,0.3));
#2161 = LINE('',#2162,#2163);
#2162 = CARTESIAN_POINT('',(10.44,1.56,0.3));
#2163 = VECTOR('',#2164,1.);
#2164 = DIRECTION('',(0.,1.,0.));
#2165 = ORIENTED_EDGE('',*,*,#2166,.F.);
#2166 = EDGE_CURVE('',#1024,#2159,#2167,.T.);
#2167 = B_SPLINE_CURVE_WITH_KNOTS('',1,(#2168,#2169),.UNSPECIFIED.,.F.,
  .F.,(2,2),(0.,1.),.PIECEWISE_BEZIER_KNOTS.);
#2168 = CARTESIAN_POINT('',(10.64,1.36,0.));
#2169 = CARTESIAN_POINT('',(10.44,1.56,0.3));
#2170 = B_SPLINE_SURFACE_WITH_KNOTS('',1,1,(
    (#2171,#2172)
    ,(#2173,#2174
    )),.UNSPECIFIED.,.F.,.F.,.F.,(2,2),(2,2),(0.,5.28),(0.,1.),
  .PIECEWISE_BEZIER_KNOTS.);
#2171 = CARTESIAN_POINT('',(10.64,1.36,0.));
#2172 = CARTESIAN_POINT('',(10.44,1.56,0.3));
#2173 = CARTESIAN_POINT('',(10.64,6.64,0.));
#2174 = CARTESIAN_POINT('',(10.44,6.44,0.3));
#2175 = ADVANCED_FACE('',(#2176),#2193,.F.);
#2176 = FACE_BOUND('',#2177,.F.);
#2177 = EDGE_LOOP('',(#2178,#2185,#2186,#2187));
#2178 = ORIENTED_EDGE('',*,*,#2179,.F.);
#2179 = EDGE_CURVE('',#1016,#2180,#2182,.T.);
#2180 = VERTEX_POINT('',#2181);
#2181 = CARTESIAN_POINT('',(2.44,1.56,0.3));
#2182 = B_SPLINE_CURVE_WITH_KNOTS('',1,(#2183,#2184),.UNSPECIFIED.,.F.,
  .F.,(2,2),(0.,1.),.PIECEWISE_BEZIER_KNOTS.);
#2183 = CARTESIAN_POINT('',(2.64,1.36,0.));
#2184 = CARTESIAN_POINT('',(2.44,1.56,0.3));
#2185 = ORIENTED_EDGE('',*,*,#1023,.T.);
#2186 = ORIENTED_EDGE('',*,*,#2166,.T.);
#2187 = ORIENTED_EDGE('',*,*,#2188,.F.);
#2188 = EDGE_CURVE('',#2180,#2159,#2189,.T.);
#2189 = LINE('',#2190,#2191);
#2190 = CARTESIAN_POINT('',(-10.44,1.56,0.3));
#2191 = VECTOR('',#2192,1.);
#2192 = DIRECTION('',(1.,0.,0.));
#2193 = B_SPLINE_SURFACE_WITH_KNOTS('',1,1,(
    (#2194,#2195)
    ,(#2196,#2197
    )),.UNSPECIFIED.,.F.,.F.,.F.,(2,2),(2,2),(0.,21.28),(0.,1.),
  .PIECEWISE_BEZIER_KNOTS.);
#2194 = CARTESIAN_POINT('',(-10.64,1.36,0.));
#2195 = CARTESIAN_POINT('',(-10.44,1.56,0.3));
#2196 = CARTESIAN_POINT('',(10.64,1.36,0.));
#2197 = CARTESIAN_POINT('',(10.44,1.56,0.3));
#2198 = ADVANCED_FACE('',(#2199),#2216,.F.);
#2199 = FACE_BOUND('',#2200,.F.);
#2200 = EDGE_LOOP('',(#2201,#2202,#2203,#2211));
#2201 = ORIENTED_EDGE('',*,*,#1015,.T.);
#2202 = ORIENTED_EDGE('',*,*,#2179,.T.);
#2203 = ORIENTED_EDGE('',*,*,#2204,.F.);
#2204 = EDGE_CURVE('',#2205,#2180,#2207,.T.);
#2205 = VERTEX_POINT('',#2206);
#2206 = CARTESIAN_POINT('',(2.44,-1.56,0.3));
#2207 = LINE('',#2208,#2209);
#2208 = CARTESIAN_POINT('',(2.44,-1.56,0.3));
#2209 = VECTOR('',#2210,1.);
#2210 = DIRECTION('',(0.,1.,0.));
#2211 = ORIENTED_EDGE('',*,*,#2212,.F.);
#2212 = EDGE_CURVE('',#1008,#2205,#2213,.T.);
#2213 = B_SPLINE_CURVE_WITH_KNOTS('',1,(#2214,#2215),.UNSPECIFIED.,.F.,
  .F.,(2,2),(0.,1.),.PIECEWISE_BEZIER_KNOTS.);
#2214 = CARTESIAN_POINT('',(2.64,-1.36,0.));
#2215 = CARTESIAN_POINT('',(2.44,-1.56,0.3));
#2216 = B_SPLINE_SURFACE_WITH_KNOTS('',1,1,(
    (#2217,#2218)
    ,(#2219,#2220
    )),.UNSPECIFIED.,.F.,.F.,.F.,(2,2),(2,2),(0.,3.12),(0.,1.),
  .PIECEWISE_BEZIER_KNOTS.);
#2217 = CARTESIAN_POINT('',(2.64,-1.36,0.));
#2218 = CARTESIAN_POINT('',(2.44,-1.56,0.3));
#2219 = CARTESIAN_POINT('',(2.64,1.36,0.));
#2220 = CARTESIAN_POINT('',(2.44,1.56,0.3));
#2221 = ADVANCED_FACE('',(#2222),#2239,.F.);
#2222 = FACE_BOUND('',#2223,.F.);
#2223 = EDGE_LOOP('',(#2224,#2225,#2226,#2234));
#2224 = ORIENTED_EDGE('',*,*,#1007,.T.);
#2225 = ORIENTED_EDGE('',*,*,#2212,.T.);
#2226 = ORIENTED_EDGE('',*,*,#2227,.F.);
#2227 = EDGE_CURVE('',#2228,#2205,#2230,.T.);
#2228 = VERTEX_POINT('',#2229);
#2229 = CARTESIAN_POINT('',(2.44,-6.44,0.3));
#2230 = LINE('',#2231,#2232);
#2231 = CARTESIAN_POINT('',(2.44,-6.44,0.3));
#2232 = VECTOR('',#2233,1.);
#2233 = DIRECTION('',(0.,1.,0.));
#2234 = ORIENTED_EDGE('',*,*,#2235,.F.);
#2235 = EDGE_CURVE('',#1000,#2228,#2236,.T.);
#2236 = B_SPLINE_CURVE_WITH_KNOTS('',1,(#2237,#2238),.UNSPECIFIED.,.F.,
  .F.,(2,2),(0.,1.),.PIECEWISE_BEZIER_KNOTS.);
#2237 = CARTESIAN_POINT('',(2.64,-6.64,0.));
#2238 = CARTESIAN_POINT('',(2.44,-6.44,0.3));
#2239 = B_SPLINE_SURFACE_WITH_KNOTS('',1,1,(
    (#2240,#2241)
    ,(#2242,#2243
    )),.UNSPECIFIED.,.F.,.F.,.F.,(2,2),(2,2),(0.,5.28),(0.,1.),
  .PIECEWISE_BEZIER_KNOTS.);
#2240 = CARTESIAN_POINT('',(2.64,-6.64,0.));
#2241 = CARTESIAN_POINT('',(2.44,-6.44,0.3));
#2242 = CARTESIAN_POINT('',(2.64,-1.36,0.));
#2243 = CARTESIAN_POINT('',(2.44,-1.56,0.3));
#2244 = ADVANCED_FACE('',(#2245),#2262,.F.);
#2245 = FACE_BOUND('',#2246,.F.);
#2246 = EDGE_LOOP('',(#2247,#2248,#2249,#2257));
#2247 = ORIENTED_EDGE('',*,*,#999,.T.);
#2248 = ORIENTED_EDGE('',*,*,#2235,.T.);
#2249 = ORIENTED_EDGE('',*,*,#2250,.F.);
#2250 = EDGE_CURVE('',#2251,#2228,#2253,.T.);
#2251 = VERTEX_POINT('',#2252);
#2252 = CARTESIAN_POINT('',(2.44,-9.56,0.3));
#2253 = LINE('',#2254,#2255);
#2254 = CARTESIAN_POINT('',(2.44,-9.56,0.3));
#2255 = VECTOR('',#2256,1.);
#2256 = DIRECTION('',(0.,1.,0.));
#2257 = ORIENTED_EDGE('',*,*,#2258,.F.);
#2258 = EDGE_CURVE('',#992,#2251,#2259,.T.);
#2259 = B_SPLINE_CURVE_WITH_KNOTS('',1,(#2260,#2261),.UNSPECIFIED.,.F.,
  .F.,(2,2),(0.,1.),.PIECEWISE_BEZIER_KNOTS.);
#2260 = CARTESIAN_POINT('',(2.64,-9.36,0.));
#2261 = CARTESIAN_POINT('',(2.44,-9.56,0.3));
#2262 = B_SPLINE_SURFACE_WITH_KNOTS('',1,1,(
    (#2263,#2264)
    ,(#2265,#2266
    )),.UNSPECIFIED.,.F.,.F.,.F.,(2,2),(2,2),(0.,3.12),(0.,1.),
  .PIECEWISE_BEZIER_KNOTS.);
#2263 = CARTESIAN_POINT('',(2.64,-9.36,0.));
#2264 = CARTESIAN_POINT('',(2.44,-9.56,0.3));
#2265 = CARTESIAN_POINT('',(2.64,-6.64,0.));
#2266 = CARTESIAN_POINT('',(2.44,-6.44,0.3));
#2267 = ADVANCED_FACE('',(#2268),#2285,.F.);
#2268 = FACE_BOUND('',#2269,.F.);
#2269 = EDGE_LOOP('',(#2270,#2271,#2272,#2280));
#2270 = ORIENTED_EDGE('',*,*,#991,.T.);
#2271 = ORIENTED_EDGE('',*,*,#2258,.T.);
#2272 = ORIENTED_EDGE('',*,*,#2273,.F.);
#2273 = EDGE_CURVE('',#2274,#2251,#2276,.T.);
#2274 = VERTEX_POINT('',#2275);
#2275 = CARTESIAN_POINT('',(2.44,-14.44,0.3));
#2276 = LINE('',#2277,#2278);
#2277 = CARTESIAN_POINT('',(2.44,-14.44,0.3));
#2278 = VECTOR('',#2279,1.);
#2279 = DIRECTION('',(0.,1.,0.));
#2280 = ORIENTED_EDGE('',*,*,#2281,.F.);
#2281 = EDGE_CURVE('',#984,#2274,#2282,.T.);
#2282 = B_SPLINE_CURVE_WITH_KNOTS('',1,(#2283,#2284),.UNSPECIFIED.,.F.,
  .F.,(2,2),(0.,1.),.PIECEWISE_BEZIER_KNOTS.);
#2283 = CARTESIAN_POINT('',(2.64,-14.64,0.));
#2284 = CARTESIAN_POINT('',(2.44,-14.44,0.3));
#2285 = B_SPLINE_SURFACE_WITH_KNOTS('',1,1,(
    (#2286,#2287)
    ,(#2288,#2289
    )),.UNSPECIFIED.,.F.,.F.,.F.,(2,2),(2,2),(0.,5.28),(0.,1.),
  .PIECEWISE_BEZIER_KNOTS.);
#2286 = CARTESIAN_POINT('',(2.64,-14.64,0.));
#2287 = CARTESIAN_POINT('',(2.44,-14.44,0.3));
#2288 = CARTESIAN_POINT('',(2.64,-9.36,0.));
#2289 = CARTESIAN_POINT('',(2.44,-9.56,0.3));
#2290 = ADVANCED_FACE('',(#2291),#2308,.F.);
#2291 = FACE_BOUND('',#2292,.F.);
#2292 = EDGE_LOOP('',(#2293,#2294,#2295,#2303));
#2293 = ORIENTED_EDGE('',*,*,#983,.T.);
#2294 = ORIENTED_EDGE('',*,*,#2281,.T.);
#2295 = ORIENTED_EDGE('',*,*,#2296,.F.);
#2296 = EDGE_CURVE('',#2297,#2274,#2299,.T.);
#2297 = VERTEX_POINT('',#2298);
#2298 = CARTESIAN_POINT('',(2.44,-17.56,0.3));
#2299 = LINE('',#2300,#2301);
#2300 = CARTESIAN_POINT('',(2.44,-17.56,0.3));
#2301 = VECTOR('',#2302,1.);
#2302 = DIRECTION('',(0.,1.,0.));
#2303 = ORIENTED_EDGE('',*,*,#2304,.F.);
#2304 = EDGE_CURVE('',#976,#2297,#2305,.T.);
#2305 = B_SPLINE_CURVE_WITH_KNOTS('',1,(#2306,#2307),.UNSPECIFIED.,.F.,
  .F.,(2,2),(0.,1.),.PIECEWISE_BEZIER_KNOTS.);
#2306 = CARTESIAN_POINT('',(2.64,-17.36,0.));
#2307 = CARTESIAN_POINT('',(2.44,-17.56,0.3));
#2308 = B_SPLINE_SURFACE_WITH_KNOTS('',1,1,(
    (#2309,#2310)
    ,(#2311,#2312
    )),.UNSPECIFIED.,.F.,.F.,.F.,(2,2),(2,2),(0.,3.12),(0.,1.),
  .PIECEWISE_BEZIER_KNOTS.);
#2309 = CARTESIAN_POINT('',(2.64,-17.36,0.));
#2310 = CARTESIAN_POINT('',(2.44,-17.56,0.3));
#2311 = CARTESIAN_POINT('',(2.64,-14.64,0.));
#2312 = CARTESIAN_POINT('',(2.44,-14.44,0.3));
#2313 = ADVANCED_FACE('',(#2314),#2331,.F.);
#2314 = FACE_BOUND('',#2315,.F.);
#2315 = EDGE_LOOP('',(#2316,#2317,#2318,#2326));
#2316 = ORIENTED_EDGE('',*,*,#975,.T.);
#2317 = ORIENTED_EDGE('',*,*,#2304,.T.);
#2318 = ORIENTED_EDGE('',*,*,#2319,.F.);
#2319 = EDGE_CURVE('',#2320,#2297,#2322,.T.);
#2320 = VERTEX_POINT('',#2321);
#2321 = CARTESIAN_POINT('',(2.44,-22.44,0.3));
#2322 = LINE('',#2323,#2324);
#2323 = CARTESIAN_POINT('',(2.44,-22.44,0.3));
#2324 = VECTOR('',#2325,1.);
#2325 = DIRECTION('',(0.,1.,0.));
#2326 = ORIENTED_EDGE('',*,*,#2327,.F.);
#2327 = EDGE_CURVE('',#968,#2320,#2328,.T.);
#2328 = B_SPLINE_CURVE_WITH_KNOTS('',1,(#2329,#2330),.UNSPECIFIED.,.F.,
  .F.,(2,2),(0.,1.),.PIECEWISE_BEZIER_KNOTS.);
#2329 = CARTESIAN_POINT('',(2.64,-22.64,0.));
#2330 = CARTESIAN_POINT('',(2.44,-22.44,0.3));
#2331 = B_SPLINE_SURFACE_WITH_KNOTS('',1,1,(
    (#2332,#2333)
    ,(#2334,#2335
    )),.UNSPECIFIED.,.F.,.F.,.F.,(2,2),(2,2),(0.,5.28),(0.,1.),
  .PIECEWISE_BEZIER_KNOTS.);
#2332 = CARTESIAN_POINT('',(2.64,-22.64,0.));
#2333 = CARTESIAN_POINT('',(2.44,-22.44,0.3));
#2334 = CARTESIAN_POINT('',(2.64,-17.36,0.));
#2335 = CARTESIAN_POINT('',(2.44,-17.56,0.3));
#2336 = ADVANCED_FACE('',(#2337),#2354,.F.);
#2337 = FACE_BOUND('',#2338,.F.);
#2338 = EDGE_LOOP('',(#2339,#2340,#2341,#2349));
#2339 = ORIENTED_EDGE('',*,*,#967,.T.);
#2340 = ORIENTED_EDGE('',*,*,#2327,.T.);
#2341 = ORIENTED_EDGE('',*,*,#2342,.F.);
#2342 = EDGE_CURVE('',#2343,#2320,#2345,.T.);
#2343 = VERTEX_POINT('',#2344);
#2344 = CARTESIAN_POINT('',(2.44,-25.56,0.3));
#2345 = LINE('',#2346,#2347);
#2346 = CARTESIAN_POINT('',(2.44,-25.56,0.3));
#2347 = VECTOR('',#2348,1.);
#2348 = DIRECTION('',(0.,1.,0.));
#2349 = ORIENTED_EDGE('',*,*,#2350,.F.);
#2350 = EDGE_CURVE('',#960,#2343,#2351,.T.);
#2351 = B_SPLINE_CURVE_WITH_KNOTS('',1,(#2352,#2353),.UNSPECIFIED.,.F.,
  .F.,(2,2),(0.,1.),.PIECEWISE_BEZIER_KNOTS.);
#2352 = CARTESIAN_POINT('',(2.64,-25.36,0.));
#2353 = CARTESIAN_POINT('',(2.44,-25.56,0.3));
#2354 = B_SPLINE_SURFACE_WITH_KNOTS('',1,1,(
    (#2355,#2356)
    ,(#2357,#2358
    )),.UNSPECIFIED.,.F.,.F.,.F.,(2,2),(2,2),(0.,3.12),(0.,1.),
  .PIECEWISE_BEZIER_KNOTS.);
#2355 = CARTESIAN_POINT('',(2.64,-25.36,0.));
#2356 = CARTESIAN_POINT('',(2.44,-25.56,0.3));
#2357 = CARTESIAN_POINT('',(2.64,-22.64,0.));
#2358 = CARTESIAN_POINT('',(2.44,-22.44,0.3));
#2359 = ADVANCED_FACE('',(#2360),#2377,.F.);
#2360 = FACE_BOUND('',#2361,.F.);
#2361 = EDGE_LOOP('',(#2362,#2363,#2364,#2372));
#2362 = ORIENTED_EDGE('',*,*,#959,.T.);
#2363 = ORIENTED_EDGE('',*,*,#2350,.T.);
#2364 = ORIENTED_EDGE('',*,*,#2365,.F.);
#2365 = EDGE_CURVE('',#2366,#2343,#2368,.T.);
#2366 = VERTEX_POINT('',#2367);
#2367 = CARTESIAN_POINT('',(2.44,-30.44,0.3));
#2368 = LINE('',#2369,#2370);
#2369 = CARTESIAN_POINT('',(2.44,-30.44,0.3));
#2370 = VECTOR('',#2371,1.);
#2371 = DIRECTION('',(0.,1.,0.));
#2372 = ORIENTED_EDGE('',*,*,#2373,.F.);
#2373 = EDGE_CURVE('',#952,#2366,#2374,.T.);
#2374 = B_SPLINE_CURVE_WITH_KNOTS('',1,(#2375,#2376),.UNSPECIFIED.,.F.,
  .F.,(2,2),(0.,1.),.PIECEWISE_BEZIER_KNOTS.);
#2375 = CARTESIAN_POINT('',(2.64,-30.64,0.));
#2376 = CARTESIAN_POINT('',(2.44,-30.44,0.3));
#2377 = B_SPLINE_SURFACE_WITH_KNOTS('',1,1,(
    (#2378,#2379)
    ,(#2380,#2381
    )),.UNSPECIFIED.,.F.,.F.,.F.,(2,2),(2,2),(0.,5.28),(0.,1.),
  .PIECEWISE_BEZIER_KNOTS.);
#2378 = CARTESIAN_POINT('',(2.64,-30.64,0.));
#2379 = CARTESIAN_POINT('',(2.44,-30.44,0.3));
#2380 = CARTESIAN_POINT('',(2.64,-25.36,0.));
#2381 = CARTESIAN_POINT('',(2.44,-25.56,0.3));
#2382 = ADVANCED_FACE('',(#2383),#2394,.F.);
#2383 = FACE_BOUND('',#2384,.F.);
#2384 = EDGE_LOOP('',(#2385,#2386,#2387,#2393));
#2385 = ORIENTED_EDGE('',*,*,#951,.T.);
#2386 = ORIENTED_EDGE('',*,*,#2373,.T.);
#2387 = ORIENTED_EDGE('',*,*,#2388,.F.);
#2388 = EDGE_CURVE('',#1623,#2366,#2389,.T.);
#2389 = LINE('',#2390,#2391);
#2390 = CARTESIAN_POINT('',(-10.44,-30.44,0.3));
#2391 = VECTOR('',#2392,1.);
#2392 = DIRECTION('',(1.,0.,0.));
#2393 = ORIENTED_EDGE('',*,*,#1622,.F.);
#2394 = B_SPLINE_SURFACE_WITH_KNOTS('',1,1,(
    (#2395,#2396)
    ,(#2397,#2398
    )),.UNSPECIFIED.,.F.,.F.,.F.,(2,2),(2,2),(0.,13.28),(0.,1.),
  .PIECEWISE_BEZIER_KNOTS.);
#2395 = CARTESIAN_POINT('',(-10.64,-30.64,0.));
#2396 = CARTESIAN_POINT('',(-10.44,-30.44,0.3));
#2397 = CARTESIAN_POINT('',(2.64,-30.64,0.));
#2398 = CARTESIAN_POINT('',(2.44,-30.44,0.3));
#2399 = ADVANCED_FACE('',(#2400),#2403,.T.);
#2400 = FACE_BOUND('',#2401,.T.);
#2401 = EDGE_LOOP('',(#2402));
#2402 = ORIENTED_EDGE('',*,*,#1221,.T.);
#2403 = PLANE('',#2404);
#2404 = AXIS2_PLACEMENT_3D('',#2405,#2406,#2407);
#2405 = CARTESIAN_POINT('',(-8.,-20.,11.4));
#2406 = DIRECTION('',(0.,0.,1.));
#2407 = DIRECTION('',(1.,0.,0.));
#2408 = ADVANCED_FACE('',(#2409),#2412,.T.);
#2409 = FACE_BOUND('',#2410,.T.);
#2410 = EDGE_LOOP('',(#2411));
#2411 = ORIENTED_EDGE('',*,*,#1246,.T.);
#2412 = PLANE('',#2413);
#2413 = AXIS2_PLACEMENT_3D('',#2414,#2415,#2416);
#2414 = CARTESIAN_POINT('',(-8.,-12.,11.4));
#2415 = DIRECTION('',(0.,0.,1.));
#2416 = DIRECTION('',(1.,0.,0.));
#2417 = ADVANCED_FACE('',(#2418),#2421,.T.);
#2418 = FACE_BOUND('',#2419,.T.);
#2419 = EDGE_LOOP('',(#2420));
#2420 = ORIENTED_EDGE('',*,*,#1271,.T.);
#2421 = PLANE('',#2422);
#2422 = AXIS2_PLACEMENT_3D('',#2423,#2424,#2425);
#2423 = CARTESIAN_POINT('',(-8.,-4.,11.4));
#2424 = DIRECTION('',(0.,0.,1.));
#2425 = DIRECTION('',(1.,0.,0.));
#2426 = ADVANCED_FACE('',(#2427),#2430,.T.);
#2427 = FACE_BOUND('',#2428,.T.);
#2428 = EDGE_LOOP('',(#2429));
#2429 = ORIENTED_EDGE('',*,*,#1296,.T.);
#2430 = PLANE('',#2431);
#2431 = AXIS2_PLACEMENT_3D('',#2432,#2433,#2434);
#2432 = CARTESIAN_POINT('',(0.,-28.,11.4));
#2433 = DIRECTION('',(0.,0.,1.));
#2434 = DIRECTION('',(1.,0.,0.));
#2435 = ADVANCED_FACE('',(#2436),#2439,.T.);
#2436 = FACE_BOUND('',#2437,.T.);
#2437 = EDGE_LOOP('',(#2438));
#2438 = ORIENTED_EDGE('',*,*,#1321,.T.);
#2439 = PLANE('',#2440);
#2440 = AXIS2_PLACEMENT_3D('',#2441,#2442,#2443);
#2441 = CARTESIAN_POINT('',(0.,-20.,11.4));
#2442 = DIRECTION('',(0.,0.,1.));
#2443 = DIRECTION('',(1.,0.,0.));
#2444 = ADVANCED_FACE('',(#2445),#2448,.T.);
#2445 = FACE_BOUND('',#2446,.T.);
#2446 = EDGE_LOOP('',(#2447));
#2447 = ORIENTED_EDGE('',*,*,#1346,.T.);
#2448 = PLANE('',#2449);
#2449 = AXIS2_PLACEMENT_3D('',#2450,#2451,#2452);
#2450 = CARTESIAN_POINT('',(0.,-12.,11.4));
#2451 = DIRECTION('',(0.,0.,1.));
#2452 = DIRECTION('',(1.,0.,0.));
#2453 = ADVANCED_FACE('',(#2454),#2457,.T.);
#2454 = FACE_BOUND('',#2455,.T.);
#2455 = EDGE_LOOP('',(#2456));
#2456 = ORIENTED_EDGE('',*,*,#1371,.T.);
#2457 = PLANE('',#2458);
#2458 = AXIS2_PLACEMENT_3D('',#2459,#2460,#2461);
#2459 = CARTESIAN_POINT('',(0.,-4.,11.4));
#2460 = DIRECTION('',(0.,0.,1.));
#2461 = DIRECTION('',(1.,0.,0.));
#2462 = ADVANCED_FACE('',(#2463),#2466,.T.);
#2463 = FACE_BOUND('',#2464,.T.);
#2464 = EDGE_LOOP('',(#2465));
#2465 = ORIENTED_EDGE('',*,*,#1396,.T.);
#2466 = PLANE('',#2467);
#2467 = AXIS2_PLACEMENT_3D('',#2468,#2469,#2470);
#2468 = CARTESIAN_POINT('',(-8.,4.,11.4));
#2469 = DIRECTION('',(0.,0.,1.));
#2470 = DIRECTION('',(1.,0.,0.));
#2471 = ADVANCED_FACE('',(#2472),#2475,.T.);
#2472 = FACE_BOUND('',#2473,.T.);
#2473 = EDGE_LOOP('',(#2474));
#2474 = ORIENTED_EDGE('',*,*,#1421,.T.);
#2475 = PLANE('',#2476);
#2476 = AXIS2_PLACEMENT_3D('',#2477,#2478,#2479);
#2477 = CARTESIAN_POINT('',(-8.,12.,11.4));
#2478 = DIRECTION('',(0.,0.,1.));
#2479 = DIRECTION('',(1.,0.,0.));
#2480 = ADVANCED_FACE('',(#2481),#2484,.T.);
#2481 = FACE_BOUND('',#2482,.T.);
#2482 = EDGE_LOOP('',(#2483));
#2483 = ORIENTED_EDGE('',*,*,#1446,.T.);
#2484 = PLANE('',#2485);
#2485 = AXIS2_PLACEMENT_3D('',#2486,#2487,#2488);
#2486 = CARTESIAN_POINT('',(-8.,20.,11.4));
#2487 = DIRECTION('',(0.,0.,1.));
#2488 = DIRECTION('',(1.,0.,0.));
#2489 = ADVANCED_FACE('',(#2490),#2493,.T.);
#2490 = FACE_BOUND('',#2491,.T.);
#2491 = EDGE_LOOP('',(#2492));
#2492 = ORIENTED_EDGE('',*,*,#1471,.T.);
#2493 = PLANE('',#2494);
#2494 = AXIS2_PLACEMENT_3D('',#2495,#2496,#2497);
#2495 = CARTESIAN_POINT('',(-8.,28.,11.4));
#2496 = DIRECTION('',(0.,0.,1.));
#2497 = DIRECTION('',(1.,0.,0.));
#2498 = ADVANCED_FACE('',(#2499),#2502,.T.);
#2499 = FACE_BOUND('',#2500,.T.);
#2500 = EDGE_LOOP('',(#2501));
#2501 = ORIENTED_EDGE('',*,*,#1496,.T.);
#2502 = PLANE('',#2503);
#2503 = AXIS2_PLACEMENT_3D('',#2504,#2505,#2506);
#2504 = CARTESIAN_POINT('',(0.,4.,11.4));
#2505 = DIRECTION('',(0.,0.,1.));
#2506 = DIRECTION('',(1.,0.,0.));
#2507 = ADVANCED_FACE('',(#2508),#2511,.T.);
#2508 = FACE_BOUND('',#2509,.T.);
#2509 = EDGE_LOOP('',(#2510));
#2510 = ORIENTED_EDGE('',*,*,#1521,.T.);
#2511 = PLANE('',#2512);
#2512 = AXIS2_PLACEMENT_3D('',#2513,#2514,#2515);
#2513 = CARTESIAN_POINT('',(0.,12.,11.4));
#2514 = DIRECTION('',(0.,0.,1.));
#2515 = DIRECTION('',(1.,0.,0.));
#2516 = ADVANCED_FACE('',(#2517),#2520,.T.);
#2517 = FACE_BOUND('',#2518,.T.);
#2518 = EDGE_LOOP('',(#2519));
#2519 = ORIENTED_EDGE('',*,*,#1546,.T.);
#2520 = PLANE('',#2521);
#2521 = AXIS2_PLACEMENT_3D('',#2522,#2523,#2524);
#2522 = CARTESIAN_POINT('',(8.,4.,11.4));
#2523 = DIRECTION('',(0.,0.,1.));
#2524 = DIRECTION('',(1.,0.,0.));
#2525 = ADVANCED_FACE('',(#2526),#2529,.T.);
#2526 = FACE_BOUND('',#2527,.T.);
#2527 = EDGE_LOOP('',(#2528));
#2528 = ORIENTED_EDGE('',*,*,#1571,.T.);
#2529 = PLANE('',#2530);
#2530 = AXIS2_PLACEMENT_3D('',#2531,#2532,#2533);
#2531 = CARTESIAN_POINT('',(0.,20.,11.4));
#2532 = DIRECTION('',(0.,0.,1.));
#2533 = DIRECTION('',(1.,0.,0.));
#2534 = ADVANCED_FACE('',(#2535),#2538,.T.);
#2535 = FACE_BOUND('',#2536,.T.);
#2536 = EDGE_LOOP('',(#2537));
#2537 = ORIENTED_EDGE('',*,*,#1596,.T.);
#2538 = PLANE('',#2539);
#2539 = AXIS2_PLACEMENT_3D('',#2540,#2541,#2542);
#2540 = CARTESIAN_POINT('',(0.,28.,11.4));
#2541 = DIRECTION('',(0.,0.,1.));
#2542 = DIRECTION('',(1.,0.,0.));
#2543 = ADVANCED_FACE('',(#2544),#2807,.F.);
#2544 = FACE_BOUND('',#2545,.F.);
#2545 = EDGE_LOOP('',(#2546,#2547,#2555,#2563,#2571,#2579,#2587,#2595,
    #2603,#2611,#2619,#2627,#2635,#2643,#2651,#2659,#2667,#2675,#2683,
    #2691,#2699,#2707,#2715,#2723,#2731,#2739,#2747,#2755,#2763,#2771,
    #2779,#2787,#2793,#2794,#2795,#2796,#2797,#2798,#2799,#2800,#2801,
    #2802,#2803,#2804,#2805,#2806));
#2546 = ORIENTED_EDGE('',*,*,#1629,.F.);
#2547 = ORIENTED_EDGE('',*,*,#2548,.T.);
#2548 = EDGE_CURVE('',#1623,#2549,#2551,.T.);
#2549 = VERTEX_POINT('',#2550);
#2550 = CARTESIAN_POINT('',(-10.44,-30.44,8.));
#2551 = LINE('',#2552,#2553);
#2552 = CARTESIAN_POINT('',(-10.44,-30.44,0.));
#2553 = VECTOR('',#2554,1.);
#2554 = DIRECTION('',(0.,0.,1.));
#2555 = ORIENTED_EDGE('',*,*,#2556,.T.);
#2556 = EDGE_CURVE('',#2549,#2557,#2559,.T.);
#2557 = VERTEX_POINT('',#2558);
#2558 = CARTESIAN_POINT('',(-10.44,-24.6,8.));
#2559 = LINE('',#2560,#2561);
#2560 = CARTESIAN_POINT('',(-10.44,-30.44,8.));
#2561 = VECTOR('',#2562,1.);
#2562 = DIRECTION('',(0.,1.,0.));
#2563 = ORIENTED_EDGE('',*,*,#2564,.F.);
#2564 = EDGE_CURVE('',#2565,#2557,#2567,.T.);
#2565 = VERTEX_POINT('',#2566);
#2566 = CARTESIAN_POINT('',(-10.44,-24.6,6.8));
#2567 = LINE('',#2568,#2569);
#2568 = CARTESIAN_POINT('',(-10.44,-24.6,5.4));
#2569 = VECTOR('',#2570,1.);
#2570 = DIRECTION('',(0.,0.,1.));
#2571 = ORIENTED_EDGE('',*,*,#2572,.T.);
#2572 = EDGE_CURVE('',#2565,#2573,#2575,.T.);
#2573 = VERTEX_POINT('',#2574);
#2574 = CARTESIAN_POINT('',(-10.44,-23.4,6.8));
#2575 = LINE('',#2576,#2577);
#2576 = CARTESIAN_POINT('',(-10.44,-6.480659180739E-16,6.8));
#2577 = VECTOR('',#2578,1.);
#2578 = DIRECTION('',(0.,1.,0.));
#2579 = ORIENTED_EDGE('',*,*,#2580,.T.);
#2580 = EDGE_CURVE('',#2573,#2581,#2583,.T.);
#2581 = VERTEX_POINT('',#2582);
#2582 = CARTESIAN_POINT('',(-10.44,-23.4,8.));
#2583 = LINE('',#2584,#2585);
#2584 = CARTESIAN_POINT('',(-10.44,-23.4,5.4));
#2585 = VECTOR('',#2586,1.);
#2586 = DIRECTION('',(0.,0.,1.));
#2587 = ORIENTED_EDGE('',*,*,#2588,.T.);
#2588 = EDGE_CURVE('',#2581,#2589,#2591,.T.);
#2589 = VERTEX_POINT('',#2590);
#2590 = CARTESIAN_POINT('',(-10.44,-16.6,8.));
#2591 = LINE('',#2592,#2593);
#2592 = CARTESIAN_POINT('',(-10.44,-30.44,8.));
#2593 = VECTOR('',#2594,1.);
#2594 = DIRECTION('',(0.,1.,0.));
#2595 = ORIENTED_EDGE('',*,*,#2596,.F.);
#2596 = EDGE_CURVE('',#2597,#2589,#2599,.T.);
#2597 = VERTEX_POINT('',#2598);
#2598 = CARTESIAN_POINT('',(-10.44,-16.6,6.8));
#2599 = LINE('',#2600,#2601);
#2600 = CARTESIAN_POINT('',(-10.44,-16.6,5.4));
#2601 = VECTOR('',#2602,1.);
#2602 = DIRECTION('',(0.,0.,1.));
#2603 = ORIENTED_EDGE('',*,*,#2604,.T.);
#2604 = EDGE_CURVE('',#2597,#2605,#2607,.T.);
#2605 = VERTEX_POINT('',#2606);
#2606 = CARTESIAN_POINT('',(-10.44,-15.4,6.8));
#2607 = LINE('',#2608,#2609);
#2608 = CARTESIAN_POINT('',(-10.44,-6.480659180739E-16,6.8));
#2609 = VECTOR('',#2610,1.);
#2610 = DIRECTION('',(0.,1.,0.));
#2611 = ORIENTED_EDGE('',*,*,#2612,.T.);
#2612 = EDGE_CURVE('',#2605,#2613,#2615,.T.);
#2613 = VERTEX_POINT('',#2614);
#2614 = CARTESIAN_POINT('',(-10.44,-15.4,8.));
#2615 = LINE('',#2616,#2617);
#2616 = CARTESIAN_POINT('',(-10.44,-15.4,5.4));
#2617 = VECTOR('',#2618,1.);
#2618 = DIRECTION('',(0.,0.,1.));
#2619 = ORIENTED_EDGE('',*,*,#2620,.T.);
#2620 = EDGE_CURVE('',#2613,#2621,#2623,.T.);
#2621 = VERTEX_POINT('',#2622);
#2622 = CARTESIAN_POINT('',(-10.44,-8.6,8.));
#2623 = LINE('',#2624,#2625);
#2624 = CARTESIAN_POINT('',(-10.44,-30.44,8.));
#2625 = VECTOR('',#2626,1.);
#2626 = DIRECTION('',(0.,1.,0.));
#2627 = ORIENTED_EDGE('',*,*,#2628,.F.);
#2628 = EDGE_CURVE('',#2629,#2621,#2631,.T.);
#2629 = VERTEX_POINT('',#2630);
#2630 = CARTESIAN_POINT('',(-10.44,-8.6,6.8));
#2631 = LINE('',#2632,#2633);
#2632 = CARTESIAN_POINT('',(-10.44,-8.6,5.4));
#2633 = VECTOR('',#2634,1.);
#2634 = DIRECTION('',(0.,0.,1.));
#2635 = ORIENTED_EDGE('',*,*,#2636,.T.);
#2636 = EDGE_CURVE('',#2629,#2637,#2639,.T.);
#2637 = VERTEX_POINT('',#2638);
#2638 = CARTESIAN_POINT('',(-10.44,-7.4,6.8));
#2639 = LINE('',#2640,#2641);
#2640 = CARTESIAN_POINT('',(-10.44,-6.480659180739E-16,6.8));
#2641 = VECTOR('',#2642,1.);
#2642 = DIRECTION('',(0.,1.,0.));
#2643 = ORIENTED_EDGE('',*,*,#2644,.T.);
#2644 = EDGE_CURVE('',#2637,#2645,#2647,.T.);
#2645 = VERTEX_POINT('',#2646);
#2646 = CARTESIAN_POINT('',(-10.44,-7.4,8.));
#2647 = LINE('',#2648,#2649);
#2648 = CARTESIAN_POINT('',(-10.44,-7.4,5.4));
#2649 = VECTOR('',#2650,1.);
#2650 = DIRECTION('',(0.,0.,1.));
#2651 = ORIENTED_EDGE('',*,*,#2652,.T.);
#2652 = EDGE_CURVE('',#2645,#2653,#2655,.T.);
#2653 = VERTEX_POINT('',#2654);
#2654 = CARTESIAN_POINT('',(-10.44,-0.6,8.));
#2655 = LINE('',#2656,#2657);
#2656 = CARTESIAN_POINT('',(-10.44,-30.44,8.));
#2657 = VECTOR('',#2658,1.);
#2658 = DIRECTION('',(0.,1.,0.));
#2659 = ORIENTED_EDGE('',*,*,#2660,.F.);
#2660 = EDGE_CURVE('',#2661,#2653,#2663,.T.);
#2661 = VERTEX_POINT('',#2662);
#2662 = CARTESIAN_POINT('',(-10.44,-0.6,6.8));
#2663 = LINE('',#2664,#2665);
#2664 = CARTESIAN_POINT('',(-10.44,-0.6,5.4));
#2665 = VECTOR('',#2666,1.);
#2666 = DIRECTION('',(0.,0.,1.));
#2667 = ORIENTED_EDGE('',*,*,#2668,.T.);
#2668 = EDGE_CURVE('',#2661,#2669,#2671,.T.);
#2669 = VERTEX_POINT('',#2670);
#2670 = CARTESIAN_POINT('',(-10.44,0.6,6.8));
#2671 = LINE('',#2672,#2673);
#2672 = CARTESIAN_POINT('',(-10.44,-6.480659180739E-16,6.8));
#2673 = VECTOR('',#2674,1.);
#2674 = DIRECTION('',(0.,1.,0.));
#2675 = ORIENTED_EDGE('',*,*,#2676,.T.);
#2676 = EDGE_CURVE('',#2669,#2677,#2679,.T.);
#2677 = VERTEX_POINT('',#2678);
#2678 = CARTESIAN_POINT('',(-10.44,0.6,8.));
#2679 = LINE('',#2680,#2681);
#2680 = CARTESIAN_POINT('',(-10.44,0.6,5.4));
#2681 = VECTOR('',#2682,1.);
#2682 = DIRECTION('',(0.,0.,1.));
#2683 = ORIENTED_EDGE('',*,*,#2684,.T.);
#2684 = EDGE_CURVE('',#2677,#2685,#2687,.T.);
#2685 = VERTEX_POINT('',#2686);
#2686 = CARTESIAN_POINT('',(-10.44,7.4,8.));
#2687 = LINE('',#2688,#2689);
#2688 = CARTESIAN_POINT('',(-10.44,-30.44,8.));
#2689 = VECTOR('',#2690,1.);
#2690 = DIRECTION('',(0.,1.,0.));
#2691 = ORIENTED_EDGE('',*,*,#2692,.F.);
#2692 = EDGE_CURVE('',#2693,#2685,#2695,.T.);
#2693 = VERTEX_POINT('',#2694);
#2694 = CARTESIAN_POINT('',(-10.44,7.4,6.8));
#2695 = LINE('',#2696,#2697);
#2696 = CARTESIAN_POINT('',(-10.44,7.4,5.4));
#2697 = VECTOR('',#2698,1.);
#2698 = DIRECTION('',(0.,0.,1.));
#2699 = ORIENTED_EDGE('',*,*,#2700,.T.);
#2700 = EDGE_CURVE('',#2693,#2701,#2703,.T.);
#2701 = VERTEX_POINT('',#2702);
#2702 = CARTESIAN_POINT('',(-10.44,8.6,6.8));
#2703 = LINE('',#2704,#2705);
#2704 = CARTESIAN_POINT('',(-10.44,-6.480659180739E-16,6.8));
#2705 = VECTOR('',#2706,1.);
#2706 = DIRECTION('',(0.,1.,0.));
#2707 = ORIENTED_EDGE('',*,*,#2708,.T.);
#2708 = EDGE_CURVE('',#2701,#2709,#2711,.T.);
#2709 = VERTEX_POINT('',#2710);
#2710 = CARTESIAN_POINT('',(-10.44,8.6,8.));
#2711 = LINE('',#2712,#2713);
#2712 = CARTESIAN_POINT('',(-10.44,8.6,5.4));
#2713 = VECTOR('',#2714,1.);
#2714 = DIRECTION('',(0.,0.,1.));
#2715 = ORIENTED_EDGE('',*,*,#2716,.T.);
#2716 = EDGE_CURVE('',#2709,#2717,#2719,.T.);
#2717 = VERTEX_POINT('',#2718);
#2718 = CARTESIAN_POINT('',(-10.44,15.4,8.));
#2719 = LINE('',#2720,#2721);
#2720 = CARTESIAN_POINT('',(-10.44,-30.44,8.));
#2721 = VECTOR('',#2722,1.);
#2722 = DIRECTION('',(0.,1.,0.));
#2723 = ORIENTED_EDGE('',*,*,#2724,.F.);
#2724 = EDGE_CURVE('',#2725,#2717,#2727,.T.);
#2725 = VERTEX_POINT('',#2726);
#2726 = CARTESIAN_POINT('',(-10.44,15.4,6.8));
#2727 = LINE('',#2728,#2729);
#2728 = CARTESIAN_POINT('',(-10.44,15.4,5.4));
#2729 = VECTOR('',#2730,1.);
#2730 = DIRECTION('',(0.,0.,1.));
#2731 = ORIENTED_EDGE('',*,*,#2732,.T.);
#2732 = EDGE_CURVE('',#2725,#2733,#2735,.T.);
#2733 = VERTEX_POINT('',#2734);
#2734 = CARTESIAN_POINT('',(-10.44,16.6,6.8));
#2735 = LINE('',#2736,#2737);
#2736 = CARTESIAN_POINT('',(-10.44,-6.480659180739E-16,6.8));
#2737 = VECTOR('',#2738,1.);
#2738 = DIRECTION('',(0.,1.,0.));
#2739 = ORIENTED_EDGE('',*,*,#2740,.T.);
#2740 = EDGE_CURVE('',#2733,#2741,#2743,.T.);
#2741 = VERTEX_POINT('',#2742);
#2742 = CARTESIAN_POINT('',(-10.44,16.6,8.));
#2743 = LINE('',#2744,#2745);
#2744 = CARTESIAN_POINT('',(-10.44,16.6,5.4));
#2745 = VECTOR('',#2746,1.);
#2746 = DIRECTION('',(0.,0.,1.));
#2747 = ORIENTED_EDGE('',*,*,#2748,.T.);
#2748 = EDGE_CURVE('',#2741,#2749,#2751,.T.);
#2749 = VERTEX_POINT('',#2750);
#2750 = CARTESIAN_POINT('',(-10.44,23.4,8.));
#2751 = LINE('',#2752,#2753);
#2752 = CARTESIAN_POINT('',(-10.44,-30.44,8.));
#2753 = VECTOR('',#2754,1.);
#2754 = DIRECTION('',(0.,1.,0.));
#2755 = ORIENTED_EDGE('',*,*,#2756,.F.);
#2756 = EDGE_CURVE('',#2757,#2749,#2759,.T.);
#2757 = VERTEX_POINT('',#2758);
#2758 = CARTESIAN_POINT('',(-10.44,23.4,6.8));
#2759 = LINE('',#2760,#2761);
#2760 = CARTESIAN_POINT('',(-10.44,23.4,5.4));
#2761 = VECTOR('',#2762,1.);
#2762 = DIRECTION('',(0.,0.,1.));
#2763 = ORIENTED_EDGE('',*,*,#2764,.T.);
#2764 = EDGE_CURVE('',#2757,#2765,#2767,.T.);
#2765 = VERTEX_POINT('',#2766);
#2766 = CARTESIAN_POINT('',(-10.44,24.6,6.8));
#2767 = LINE('',#2768,#2769);
#2768 = CARTESIAN_POINT('',(-10.44,-6.480659180739E-16,6.8));
#2769 = VECTOR('',#2770,1.);
#2770 = DIRECTION('',(0.,1.,0.));
#2771 = ORIENTED_EDGE('',*,*,#2772,.T.);
#2772 = EDGE_CURVE('',#2765,#2773,#2775,.T.);
#2773 = VERTEX_POINT('',#2774);
#2774 = CARTESIAN_POINT('',(-10.44,24.6,8.));
#2775 = LINE('',#2776,#2777);
#2776 = CARTESIAN_POINT('',(-10.44,24.6,5.4));
#2777 = VECTOR('',#2778,1.);
#2778 = DIRECTION('',(0.,0.,1.));
#2779 = ORIENTED_EDGE('',*,*,#2780,.T.);
#2780 = EDGE_CURVE('',#2773,#2781,#2783,.T.);
#2781 = VERTEX_POINT('',#2782);
#2782 = CARTESIAN_POINT('',(-10.44,30.44,8.));
#2783 = LINE('',#2784,#2785);
#2784 = CARTESIAN_POINT('',(-10.44,-30.44,8.));
#2785 = VECTOR('',#2786,1.);
#2786 = DIRECTION('',(0.,1.,0.));
#2787 = ORIENTED_EDGE('',*,*,#2788,.F.);
#2788 = EDGE_CURVE('',#1952,#2781,#2789,.T.);
#2789 = LINE('',#2790,#2791);
#2790 = CARTESIAN_POINT('',(-10.44,30.44,0.));
#2791 = VECTOR('',#2792,1.);
#2792 = DIRECTION('',(0.,0.,1.));
#2793 = ORIENTED_EDGE('',*,*,#1951,.F.);
#2794 = ORIENTED_EDGE('',*,*,#1928,.F.);
#2795 = ORIENTED_EDGE('',*,*,#1905,.F.);
#2796 = ORIENTED_EDGE('',*,*,#1882,.F.);
#2797 = ORIENTED_EDGE('',*,*,#1859,.F.);
#2798 = ORIENTED_EDGE('',*,*,#1836,.F.);
#2799 = ORIENTED_EDGE('',*,*,#1813,.F.);
#2800 = ORIENTED_EDGE('',*,*,#1790,.F.);
#2801 = ORIENTED_EDGE('',*,*,#1767,.F.);
#2802 = ORIENTED_EDGE('',*,*,#1744,.F.);
#2803 = ORIENTED_EDGE('',*,*,#1721,.F.);
#2804 = ORIENTED_EDGE('',*,*,#1698,.F.);
#2805 = ORIENTED_EDGE('',*,*,#1675,.F.);
#2806 = ORIENTED_EDGE('',*,*,#1652,.F.);
#2807 = PLANE('',#2808);
#2808 = AXIS2_PLACEMENT_3D('',#2809,#2810,#2811);
#2809 = CARTESIAN_POINT('',(-10.44,5.157830544135E-17,4.));
#2810 = DIRECTION('',(-1.,-0.,-0.));
#2811 = DIRECTION('',(0.,0.,-1.));
#2812 = ADVANCED_FACE('',(#2813),#2863,.F.);
#2813 = FACE_BOUND('',#2814,.F.);
#2814 = EDGE_LOOP('',(#2815,#2816,#2817,#2825,#2833,#2841,#2849,#2857));
#2815 = ORIENTED_EDGE('',*,*,#1974,.F.);
#2816 = ORIENTED_EDGE('',*,*,#2788,.T.);
#2817 = ORIENTED_EDGE('',*,*,#2818,.T.);
#2818 = EDGE_CURVE('',#2781,#2819,#2821,.T.);
#2819 = VERTEX_POINT('',#2820);
#2820 = CARTESIAN_POINT('',(-4.6,30.44,8.));
#2821 = LINE('',#2822,#2823);
#2822 = CARTESIAN_POINT('',(-10.44,30.44,8.));
#2823 = VECTOR('',#2824,1.);
#2824 = DIRECTION('',(1.,0.,0.));
#2825 = ORIENTED_EDGE('',*,*,#2826,.F.);
#2826 = EDGE_CURVE('',#2827,#2819,#2829,.T.);
#2827 = VERTEX_POINT('',#2828);
#2828 = CARTESIAN_POINT('',(-4.6,30.44,6.8));
#2829 = LINE('',#2830,#2831);
#2830 = CARTESIAN_POINT('',(-4.6,30.44,3.4));
#2831 = VECTOR('',#2832,1.);
#2832 = DIRECTION('',(0.,0.,1.));
#2833 = ORIENTED_EDGE('',*,*,#2834,.T.);
#2834 = EDGE_CURVE('',#2827,#2835,#2837,.T.);
#2835 = VERTEX_POINT('',#2836);
#2836 = CARTESIAN_POINT('',(-3.4,30.44,6.8));
#2837 = LINE('',#2838,#2839);
#2838 = CARTESIAN_POINT('',(-5.22,30.44,6.8));
#2839 = VECTOR('',#2840,1.);
#2840 = DIRECTION('',(1.,0.,0.));
#2841 = ORIENTED_EDGE('',*,*,#2842,.T.);
#2842 = EDGE_CURVE('',#2835,#2843,#2845,.T.);
#2843 = VERTEX_POINT('',#2844);
#2844 = CARTESIAN_POINT('',(-3.4,30.44,8.));
#2845 = LINE('',#2846,#2847);
#2846 = CARTESIAN_POINT('',(-3.4,30.44,3.4));
#2847 = VECTOR('',#2848,1.);
#2848 = DIRECTION('',(0.,0.,1.));
#2849 = ORIENTED_EDGE('',*,*,#2850,.T.);
#2850 = EDGE_CURVE('',#2843,#2851,#2853,.T.);
#2851 = VERTEX_POINT('',#2852);
#2852 = CARTESIAN_POINT('',(2.44,30.44,8.));
#2853 = LINE('',#2854,#2855);
#2854 = CARTESIAN_POINT('',(-10.44,30.44,8.));
#2855 = VECTOR('',#2856,1.);
#2856 = DIRECTION('',(1.,0.,0.));
#2857 = ORIENTED_EDGE('',*,*,#2858,.F.);
#2858 = EDGE_CURVE('',#1975,#2851,#2859,.T.);
#2859 = LINE('',#2860,#2861);
#2860 = CARTESIAN_POINT('',(2.44,30.44,0.));
#2861 = VECTOR('',#2862,1.);
#2862 = DIRECTION('',(0.,0.,1.));
#2863 = PLANE('',#2864);
#2864 = AXIS2_PLACEMENT_3D('',#2865,#2866,#2867);
#2865 = CARTESIAN_POINT('',(-10.44,30.44,0.));
#2866 = DIRECTION('',(0.,1.,0.));
#2867 = DIRECTION('',(0.,0.,1.));
#2868 = ADVANCED_FACE('',(#2869),#2988,.F.);
#2869 = FACE_BOUND('',#2870,.F.);
#2870 = EDGE_LOOP('',(#2871,#2879,#2880,#2881,#2882,#2883,#2884,#2885,
    #2886,#2894,#2902,#2910,#2918,#2926,#2934,#2942,#2950,#2958,#2966,
    #2974,#2982));
#2871 = ORIENTED_EDGE('',*,*,#2872,.F.);
#2872 = EDGE_CURVE('',#2113,#2873,#2875,.T.);
#2873 = VERTEX_POINT('',#2874);
#2874 = CARTESIAN_POINT('',(2.44,6.44,8.));
#2875 = LINE('',#2876,#2877);
#2876 = CARTESIAN_POINT('',(2.44,6.44,0.));
#2877 = VECTOR('',#2878,1.);
#2878 = DIRECTION('',(0.,0.,1.));
#2879 = ORIENTED_EDGE('',*,*,#2112,.T.);
#2880 = ORIENTED_EDGE('',*,*,#2089,.T.);
#2881 = ORIENTED_EDGE('',*,*,#2066,.T.);
#2882 = ORIENTED_EDGE('',*,*,#2043,.T.);
#2883 = ORIENTED_EDGE('',*,*,#2020,.T.);
#2884 = ORIENTED_EDGE('',*,*,#1997,.T.);
#2885 = ORIENTED_EDGE('',*,*,#2858,.T.);
#2886 = ORIENTED_EDGE('',*,*,#2887,.F.);
#2887 = EDGE_CURVE('',#2888,#2851,#2890,.T.);
#2888 = VERTEX_POINT('',#2889);
#2889 = CARTESIAN_POINT('',(2.44,24.6,8.));
#2890 = LINE('',#2891,#2892);
#2891 = CARTESIAN_POINT('',(2.44,6.44,8.));
#2892 = VECTOR('',#2893,1.);
#2893 = DIRECTION('',(0.,1.,0.));
#2894 = ORIENTED_EDGE('',*,*,#2895,.T.);
#2895 = EDGE_CURVE('',#2888,#2896,#2898,.T.);
#2896 = VERTEX_POINT('',#2897);
#2897 = CARTESIAN_POINT('',(2.44,24.6,6.8));
#2898 = LINE('',#2899,#2900);
#2899 = CARTESIAN_POINT('',(2.44,24.6,5.4));
#2900 = VECTOR('',#2901,1.);
#2901 = DIRECTION('',(0.,0.,-1.));
#2902 = ORIENTED_EDGE('',*,*,#2903,.T.);
#2903 = EDGE_CURVE('',#2896,#2904,#2906,.T.);
#2904 = VERTEX_POINT('',#2905);
#2905 = CARTESIAN_POINT('',(2.44,23.4,6.8));
#2906 = LINE('',#2907,#2908);
#2907 = CARTESIAN_POINT('',(2.44,9.22,6.8));
#2908 = VECTOR('',#2909,1.);
#2909 = DIRECTION('',(0.,-1.,0.));
#2910 = ORIENTED_EDGE('',*,*,#2911,.F.);
#2911 = EDGE_CURVE('',#2912,#2904,#2914,.T.);
#2912 = VERTEX_POINT('',#2913);
#2913 = CARTESIAN_POINT('',(2.44,23.4,8.));
#2914 = LINE('',#2915,#2916);
#2915 = CARTESIAN_POINT('',(2.44,23.4,5.4));
#2916 = VECTOR('',#2917,1.);
#2917 = DIRECTION('',(0.,0.,-1.));
#2918 = ORIENTED_EDGE('',*,*,#2919,.F.);
#2919 = EDGE_CURVE('',#2920,#2912,#2922,.T.);
#2920 = VERTEX_POINT('',#2921);
#2921 = CARTESIAN_POINT('',(2.44,16.6,8.));
#2922 = LINE('',#2923,#2924);
#2923 = CARTESIAN_POINT('',(2.44,6.44,8.));
#2924 = VECTOR('',#2925,1.);
#2925 = DIRECTION('',(0.,1.,0.));
#2926 = ORIENTED_EDGE('',*,*,#2927,.T.);
#2927 = EDGE_CURVE('',#2920,#2928,#2930,.T.);
#2928 = VERTEX_POINT('',#2929);
#2929 = CARTESIAN_POINT('',(2.44,16.6,6.8));
#2930 = LINE('',#2931,#2932);
#2931 = CARTESIAN_POINT('',(2.44,16.6,5.4));
#2932 = VECTOR('',#2933,1.);
#2933 = DIRECTION('',(0.,0.,-1.));
#2934 = ORIENTED_EDGE('',*,*,#2935,.T.);
#2935 = EDGE_CURVE('',#2928,#2936,#2938,.T.);
#2936 = VERTEX_POINT('',#2937);
#2937 = CARTESIAN_POINT('',(2.44,15.4,6.8));
#2938 = LINE('',#2939,#2940);
#2939 = CARTESIAN_POINT('',(2.44,9.22,6.8));
#2940 = VECTOR('',#2941,1.);
#2941 = DIRECTION('',(0.,-1.,0.));
#2942 = ORIENTED_EDGE('',*,*,#2943,.F.);
#2943 = EDGE_CURVE('',#2944,#2936,#2946,.T.);
#2944 = VERTEX_POINT('',#2945);
#2945 = CARTESIAN_POINT('',(2.44,15.4,8.));
#2946 = LINE('',#2947,#2948);
#2947 = CARTESIAN_POINT('',(2.44,15.4,5.4));
#2948 = VECTOR('',#2949,1.);
#2949 = DIRECTION('',(0.,0.,-1.));
#2950 = ORIENTED_EDGE('',*,*,#2951,.F.);
#2951 = EDGE_CURVE('',#2952,#2944,#2954,.T.);
#2952 = VERTEX_POINT('',#2953);
#2953 = CARTESIAN_POINT('',(2.44,8.6,8.));
#2954 = LINE('',#2955,#2956);
#2955 = CARTESIAN_POINT('',(2.44,6.44,8.));
#2956 = VECTOR('',#2957,1.);
#2957 = DIRECTION('',(0.,1.,0.));
#2958 = ORIENTED_EDGE('',*,*,#2959,.T.);
#2959 = EDGE_CURVE('',#2952,#2960,#2962,.T.);
#2960 = VERTEX_POINT('',#2961);
#2961 = CARTESIAN_POINT('',(2.44,8.6,6.8));
#2962 = LINE('',#2963,#2964);
#2963 = CARTESIAN_POINT('',(2.44,8.6,5.4));
#2964 = VECTOR('',#2965,1.);
#2965 = DIRECTION('',(0.,0.,-1.));
#2966 = ORIENTED_EDGE('',*,*,#2967,.T.);
#2967 = EDGE_CURVE('',#2960,#2968,#2970,.T.);
#2968 = VERTEX_POINT('',#2969);
#2969 = CARTESIAN_POINT('',(2.44,7.4,6.8));
#2970 = LINE('',#2971,#2972);
#2971 = CARTESIAN_POINT('',(2.44,9.22,6.8));
#2972 = VECTOR('',#2973,1.);
#2973 = DIRECTION('',(0.,-1.,0.));
#2974 = ORIENTED_EDGE('',*,*,#2975,.F.);
#2975 = EDGE_CURVE('',#2976,#2968,#2978,.T.);
#2976 = VERTEX_POINT('',#2977);
#2977 = CARTESIAN_POINT('',(2.44,7.4,8.));
#2978 = LINE('',#2979,#2980);
#2979 = CARTESIAN_POINT('',(2.44,7.4,5.4));
#2980 = VECTOR('',#2981,1.);
#2981 = DIRECTION('',(0.,0.,-1.));
#2982 = ORIENTED_EDGE('',*,*,#2983,.F.);
#2983 = EDGE_CURVE('',#2873,#2976,#2984,.T.);
#2984 = LINE('',#2985,#2986);
#2985 = CARTESIAN_POINT('',(2.44,6.44,8.));
#2986 = VECTOR('',#2987,1.);
#2987 = DIRECTION('',(0.,1.,0.));
#2988 = PLANE('',#2989);
#2989 = AXIS2_PLACEMENT_3D('',#2990,#2991,#2992);
#2990 = CARTESIAN_POINT('',(2.44,18.44,4.));
#2991 = DIRECTION('',(1.,0.,0.));
#2992 = DIRECTION('',(0.,0.,1.));
#2993 = ADVANCED_FACE('',(#2994),#3044,.F.);
#2994 = FACE_BOUND('',#2995,.F.);
#2995 = EDGE_LOOP('',(#2996,#2997,#2998,#3006,#3014,#3022,#3030,#3038));
#2996 = ORIENTED_EDGE('',*,*,#2135,.F.);
#2997 = ORIENTED_EDGE('',*,*,#2872,.T.);
#2998 = ORIENTED_EDGE('',*,*,#2999,.T.);
#2999 = EDGE_CURVE('',#2873,#3000,#3002,.T.);
#3000 = VERTEX_POINT('',#3001);
#3001 = CARTESIAN_POINT('',(3.4,6.44,8.));
#3002 = LINE('',#3003,#3004);
#3003 = CARTESIAN_POINT('',(-10.44,6.44,8.));
#3004 = VECTOR('',#3005,1.);
#3005 = DIRECTION('',(1.,0.,0.));
#3006 = ORIENTED_EDGE('',*,*,#3007,.F.);
#3007 = EDGE_CURVE('',#3008,#3000,#3010,.T.);
#3008 = VERTEX_POINT('',#3009);
#3009 = CARTESIAN_POINT('',(3.4,6.44,6.8));
#3010 = LINE('',#3011,#3012);
#3011 = CARTESIAN_POINT('',(3.4,6.44,3.4));
#3012 = VECTOR('',#3013,1.);
#3013 = DIRECTION('',(0.,0.,1.));
#3014 = ORIENTED_EDGE('',*,*,#3015,.T.);
#3015 = EDGE_CURVE('',#3008,#3016,#3018,.T.);
#3016 = VERTEX_POINT('',#3017);
#3017 = CARTESIAN_POINT('',(4.6,6.44,6.8));
#3018 = LINE('',#3019,#3020);
#3019 = CARTESIAN_POINT('',(-5.22,6.44,6.8));
#3020 = VECTOR('',#3021,1.);
#3021 = DIRECTION('',(1.,0.,0.));
#3022 = ORIENTED_EDGE('',*,*,#3023,.T.);
#3023 = EDGE_CURVE('',#3016,#3024,#3026,.T.);
#3024 = VERTEX_POINT('',#3025);
#3025 = CARTESIAN_POINT('',(4.6,6.44,8.));
#3026 = LINE('',#3027,#3028);
#3027 = CARTESIAN_POINT('',(4.6,6.44,3.4));
#3028 = VECTOR('',#3029,1.);
#3029 = DIRECTION('',(0.,0.,1.));
#3030 = ORIENTED_EDGE('',*,*,#3031,.T.);
#3031 = EDGE_CURVE('',#3024,#3032,#3034,.T.);
#3032 = VERTEX_POINT('',#3033);
#3033 = CARTESIAN_POINT('',(10.44,6.44,8.));
#3034 = LINE('',#3035,#3036);
#3035 = CARTESIAN_POINT('',(-10.44,6.44,8.));
#3036 = VECTOR('',#3037,1.);
#3037 = DIRECTION('',(1.,0.,0.));
#3038 = ORIENTED_EDGE('',*,*,#3039,.F.);
#3039 = EDGE_CURVE('',#2136,#3032,#3040,.T.);
#3040 = LINE('',#3041,#3042);
#3041 = CARTESIAN_POINT('',(10.44,6.44,0.));
#3042 = VECTOR('',#3043,1.);
#3043 = DIRECTION('',(0.,0.,1.));
#3044 = PLANE('',#3045);
#3045 = AXIS2_PLACEMENT_3D('',#3046,#3047,#3048);
#3046 = CARTESIAN_POINT('',(-10.44,6.44,0.));
#3047 = DIRECTION('',(0.,1.,0.));
#3048 = DIRECTION('',(0.,0.,1.));
#3049 = ADVANCED_FACE('',(#3050),#3068,.F.);
#3050 = FACE_BOUND('',#3051,.F.);
#3051 = EDGE_LOOP('',(#3052,#3060,#3061,#3062));
#3052 = ORIENTED_EDGE('',*,*,#3053,.F.);
#3053 = EDGE_CURVE('',#2159,#3054,#3056,.T.);
#3054 = VERTEX_POINT('',#3055);
#3055 = CARTESIAN_POINT('',(10.44,1.56,8.));
#3056 = LINE('',#3057,#3058);
#3057 = CARTESIAN_POINT('',(10.44,1.56,0.));
#3058 = VECTOR('',#3059,1.);
#3059 = DIRECTION('',(0.,0.,1.));
#3060 = ORIENTED_EDGE('',*,*,#2158,.T.);
#3061 = ORIENTED_EDGE('',*,*,#3039,.T.);
#3062 = ORIENTED_EDGE('',*,*,#3063,.F.);
#3063 = EDGE_CURVE('',#3054,#3032,#3064,.T.);
#3064 = LINE('',#3065,#3066);
#3065 = CARTESIAN_POINT('',(10.44,1.56,8.));
#3066 = VECTOR('',#3067,1.);
#3067 = DIRECTION('',(0.,1.,0.));
#3068 = PLANE('',#3069);
#3069 = AXIS2_PLACEMENT_3D('',#3070,#3071,#3072);
#3070 = CARTESIAN_POINT('',(10.44,1.56,0.));
#3071 = DIRECTION('',(1.,0.,0.));
#3072 = DIRECTION('',(0.,0.,1.));
#3073 = ADVANCED_FACE('',(#3074),#3124,.T.);
#3074 = FACE_BOUND('',#3075,.T.);
#3075 = EDGE_LOOP('',(#3076,#3077,#3085,#3093,#3101,#3109,#3117,#3123));
#3076 = ORIENTED_EDGE('',*,*,#2188,.F.);
#3077 = ORIENTED_EDGE('',*,*,#3078,.T.);
#3078 = EDGE_CURVE('',#2180,#3079,#3081,.T.);
#3079 = VERTEX_POINT('',#3080);
#3080 = CARTESIAN_POINT('',(2.44,1.56,8.));
#3081 = LINE('',#3082,#3083);
#3082 = CARTESIAN_POINT('',(2.44,1.56,0.));
#3083 = VECTOR('',#3084,1.);
#3084 = DIRECTION('',(0.,0.,1.));
#3085 = ORIENTED_EDGE('',*,*,#3086,.T.);
#3086 = EDGE_CURVE('',#3079,#3087,#3089,.T.);
#3087 = VERTEX_POINT('',#3088);
#3088 = CARTESIAN_POINT('',(3.4,1.56,8.));
#3089 = LINE('',#3090,#3091);
#3090 = CARTESIAN_POINT('',(-10.44,1.56,8.));
#3091 = VECTOR('',#3092,1.);
#3092 = DIRECTION('',(1.,0.,0.));
#3093 = ORIENTED_EDGE('',*,*,#3094,.F.);
#3094 = EDGE_CURVE('',#3095,#3087,#3097,.T.);
#3095 = VERTEX_POINT('',#3096);
#3096 = CARTESIAN_POINT('',(3.4,1.56,6.8));
#3097 = LINE('',#3098,#3099);
#3098 = CARTESIAN_POINT('',(3.4,1.56,3.4));
#3099 = VECTOR('',#3100,1.);
#3100 = DIRECTION('',(0.,0.,1.));
#3101 = ORIENTED_EDGE('',*,*,#3102,.T.);
#3102 = EDGE_CURVE('',#3095,#3103,#3105,.T.);
#3103 = VERTEX_POINT('',#3104);
#3104 = CARTESIAN_POINT('',(4.6,1.56,6.8));
#3105 = LINE('',#3106,#3107);
#3106 = CARTESIAN_POINT('',(-5.22,1.56,6.8));
#3107 = VECTOR('',#3108,1.);
#3108 = DIRECTION('',(1.,0.,0.));
#3109 = ORIENTED_EDGE('',*,*,#3110,.T.);
#3110 = EDGE_CURVE('',#3103,#3111,#3113,.T.);
#3111 = VERTEX_POINT('',#3112);
#3112 = CARTESIAN_POINT('',(4.6,1.56,8.));
#3113 = LINE('',#3114,#3115);
#3114 = CARTESIAN_POINT('',(4.6,1.56,3.4));
#3115 = VECTOR('',#3116,1.);
#3116 = DIRECTION('',(0.,0.,1.));
#3117 = ORIENTED_EDGE('',*,*,#3118,.T.);
#3118 = EDGE_CURVE('',#3111,#3054,#3119,.T.);
#3119 = LINE('',#3120,#3121);
#3120 = CARTESIAN_POINT('',(-10.44,1.56,8.));
#3121 = VECTOR('',#3122,1.);
#3122 = DIRECTION('',(1.,0.,0.));
#3123 = ORIENTED_EDGE('',*,*,#3053,.F.);
#3124 = PLANE('',#3125);
#3125 = AXIS2_PLACEMENT_3D('',#3126,#3127,#3128);
#3126 = CARTESIAN_POINT('',(-10.44,1.56,0.));
#3127 = DIRECTION('',(0.,1.,0.));
#3128 = DIRECTION('',(0.,0.,1.));
#3129 = ADVANCED_FACE('',(#3130),#3283,.F.);
#3130 = FACE_BOUND('',#3131,.F.);
#3131 = EDGE_LOOP('',(#3132,#3140,#3141,#3142,#3143,#3144,#3145,#3146,
    #3147,#3148,#3149,#3157,#3165,#3173,#3181,#3189,#3197,#3205,#3213,
    #3221,#3229,#3237,#3245,#3253,#3261,#3269,#3277));
#3132 = ORIENTED_EDGE('',*,*,#3133,.F.);
#3133 = EDGE_CURVE('',#2366,#3134,#3136,.T.);
#3134 = VERTEX_POINT('',#3135);
#3135 = CARTESIAN_POINT('',(2.44,-30.44,8.));
#3136 = LINE('',#3137,#3138);
#3137 = CARTESIAN_POINT('',(2.44,-30.44,0.));
#3138 = VECTOR('',#3139,1.);
#3139 = DIRECTION('',(0.,0.,1.));
#3140 = ORIENTED_EDGE('',*,*,#2365,.T.);
#3141 = ORIENTED_EDGE('',*,*,#2342,.T.);
#3142 = ORIENTED_EDGE('',*,*,#2319,.T.);
#3143 = ORIENTED_EDGE('',*,*,#2296,.T.);
#3144 = ORIENTED_EDGE('',*,*,#2273,.T.);
#3145 = ORIENTED_EDGE('',*,*,#2250,.T.);
#3146 = ORIENTED_EDGE('',*,*,#2227,.T.);
#3147 = ORIENTED_EDGE('',*,*,#2204,.T.);
#3148 = ORIENTED_EDGE('',*,*,#3078,.T.);
#3149 = ORIENTED_EDGE('',*,*,#3150,.F.);
#3150 = EDGE_CURVE('',#3151,#3079,#3153,.T.);
#3151 = VERTEX_POINT('',#3152);
#3152 = CARTESIAN_POINT('',(2.44,0.6,8.));
#3153 = LINE('',#3154,#3155);
#3154 = CARTESIAN_POINT('',(2.44,-30.44,8.));
#3155 = VECTOR('',#3156,1.);
#3156 = DIRECTION('',(0.,1.,0.));
#3157 = ORIENTED_EDGE('',*,*,#3158,.T.);
#3158 = EDGE_CURVE('',#3151,#3159,#3161,.T.);
#3159 = VERTEX_POINT('',#3160);
#3160 = CARTESIAN_POINT('',(2.44,0.6,6.8));
#3161 = LINE('',#3162,#3163);
#3162 = CARTESIAN_POINT('',(2.44,0.6,5.4));
#3163 = VECTOR('',#3164,1.);
#3164 = DIRECTION('',(0.,0.,-1.));
#3165 = ORIENTED_EDGE('',*,*,#3166,.T.);
#3166 = EDGE_CURVE('',#3159,#3167,#3169,.T.);
#3167 = VERTEX_POINT('',#3168);
#3168 = CARTESIAN_POINT('',(2.44,-0.6,6.8));
#3169 = LINE('',#3170,#3171);
#3170 = CARTESIAN_POINT('',(2.44,-7.22,6.8));
#3171 = VECTOR('',#3172,1.);
#3172 = DIRECTION('',(0.,-1.,0.));
#3173 = ORIENTED_EDGE('',*,*,#3174,.F.);
#3174 = EDGE_CURVE('',#3175,#3167,#3177,.T.);
#3175 = VERTEX_POINT('',#3176);
#3176 = CARTESIAN_POINT('',(2.44,-0.6,8.));
#3177 = LINE('',#3178,#3179);
#3178 = CARTESIAN_POINT('',(2.44,-0.6,5.4));
#3179 = VECTOR('',#3180,1.);
#3180 = DIRECTION('',(0.,0.,-1.));
#3181 = ORIENTED_EDGE('',*,*,#3182,.F.);
#3182 = EDGE_CURVE('',#3183,#3175,#3185,.T.);
#3183 = VERTEX_POINT('',#3184);
#3184 = CARTESIAN_POINT('',(2.44,-7.4,8.));
#3185 = LINE('',#3186,#3187);
#3186 = CARTESIAN_POINT('',(2.44,-30.44,8.));
#3187 = VECTOR('',#3188,1.);
#3188 = DIRECTION('',(0.,1.,0.));
#3189 = ORIENTED_EDGE('',*,*,#3190,.T.);
#3190 = EDGE_CURVE('',#3183,#3191,#3193,.T.);
#3191 = VERTEX_POINT('',#3192);
#3192 = CARTESIAN_POINT('',(2.44,-7.4,6.8));
#3193 = LINE('',#3194,#3195);
#3194 = CARTESIAN_POINT('',(2.44,-7.4,5.4));
#3195 = VECTOR('',#3196,1.);
#3196 = DIRECTION('',(0.,0.,-1.));
#3197 = ORIENTED_EDGE('',*,*,#3198,.T.);
#3198 = EDGE_CURVE('',#3191,#3199,#3201,.T.);
#3199 = VERTEX_POINT('',#3200);
#3200 = CARTESIAN_POINT('',(2.44,-8.6,6.8));
#3201 = LINE('',#3202,#3203);
#3202 = CARTESIAN_POINT('',(2.44,-7.22,6.8));
#3203 = VECTOR('',#3204,1.);
#3204 = DIRECTION('',(0.,-1.,0.));
#3205 = ORIENTED_EDGE('',*,*,#3206,.F.);
#3206 = EDGE_CURVE('',#3207,#3199,#3209,.T.);
#3207 = VERTEX_POINT('',#3208);
#3208 = CARTESIAN_POINT('',(2.44,-8.6,8.));
#3209 = LINE('',#3210,#3211);
#3210 = CARTESIAN_POINT('',(2.44,-8.6,5.4));
#3211 = VECTOR('',#3212,1.);
#3212 = DIRECTION('',(0.,0.,-1.));
#3213 = ORIENTED_EDGE('',*,*,#3214,.F.);
#3214 = EDGE_CURVE('',#3215,#3207,#3217,.T.);
#3215 = VERTEX_POINT('',#3216);
#3216 = CARTESIAN_POINT('',(2.44,-15.4,8.));
#3217 = LINE('',#3218,#3219);
#3218 = CARTESIAN_POINT('',(2.44,-30.44,8.));
#3219 = VECTOR('',#3220,1.);
#3220 = DIRECTION('',(0.,1.,0.));
#3221 = ORIENTED_EDGE('',*,*,#3222,.T.);
#3222 = EDGE_CURVE('',#3215,#3223,#3225,.T.);
#3223 = VERTEX_POINT('',#3224);
#3224 = CARTESIAN_POINT('',(2.44,-15.4,6.8));
#3225 = LINE('',#3226,#3227);
#3226 = CARTESIAN_POINT('',(2.44,-15.4,5.4));
#3227 = VECTOR('',#3228,1.);
#3228 = DIRECTION('',(0.,0.,-1.));
#3229 = ORIENTED_EDGE('',*,*,#3230,.T.);
#3230 = EDGE_CURVE('',#3223,#3231,#3233,.T.);
#3231 = VERTEX_POINT('',#3232);
#3232 = CARTESIAN_POINT('',(2.44,-16.6,6.8));
#3233 = LINE('',#3234,#3235);
#3234 = CARTESIAN_POINT('',(2.44,-7.22,6.8));
#3235 = VECTOR('',#3236,1.);
#3236 = DIRECTION('',(0.,-1.,0.));
#3237 = ORIENTED_EDGE('',*,*,#3238,.F.);
#3238 = EDGE_CURVE('',#3239,#3231,#3241,.T.);
#3239 = VERTEX_POINT('',#3240);
#3240 = CARTESIAN_POINT('',(2.44,-16.6,8.));
#3241 = LINE('',#3242,#3243);
#3242 = CARTESIAN_POINT('',(2.44,-16.6,5.4));
#3243 = VECTOR('',#3244,1.);
#3244 = DIRECTION('',(0.,0.,-1.));
#3245 = ORIENTED_EDGE('',*,*,#3246,.F.);
#3246 = EDGE_CURVE('',#3247,#3239,#3249,.T.);
#3247 = VERTEX_POINT('',#3248);
#3248 = CARTESIAN_POINT('',(2.44,-23.4,8.));
#3249 = LINE('',#3250,#3251);
#3250 = CARTESIAN_POINT('',(2.44,-30.44,8.));
#3251 = VECTOR('',#3252,1.);
#3252 = DIRECTION('',(0.,1.,0.));
#3253 = ORIENTED_EDGE('',*,*,#3254,.T.);
#3254 = EDGE_CURVE('',#3247,#3255,#3257,.T.);
#3255 = VERTEX_POINT('',#3256);
#3256 = CARTESIAN_POINT('',(2.44,-23.4,6.8));
#3257 = LINE('',#3258,#3259);
#3258 = CARTESIAN_POINT('',(2.44,-23.4,5.4));
#3259 = VECTOR('',#3260,1.);
#3260 = DIRECTION('',(0.,0.,-1.));
#3261 = ORIENTED_EDGE('',*,*,#3262,.T.);
#3262 = EDGE_CURVE('',#3255,#3263,#3265,.T.);
#3263 = VERTEX_POINT('',#3264);
#3264 = CARTESIAN_POINT('',(2.44,-24.6,6.8));
#3265 = LINE('',#3266,#3267);
#3266 = CARTESIAN_POINT('',(2.44,-7.22,6.8));
#3267 = VECTOR('',#3268,1.);
#3268 = DIRECTION('',(0.,-1.,0.));
#3269 = ORIENTED_EDGE('',*,*,#3270,.F.);
#3270 = EDGE_CURVE('',#3271,#3263,#3273,.T.);
#3271 = VERTEX_POINT('',#3272);
#3272 = CARTESIAN_POINT('',(2.44,-24.6,8.));
#3273 = LINE('',#3274,#3275);
#3274 = CARTESIAN_POINT('',(2.44,-24.6,5.4));
#3275 = VECTOR('',#3276,1.);
#3276 = DIRECTION('',(0.,0.,-1.));
#3277 = ORIENTED_EDGE('',*,*,#3278,.F.);
#3278 = EDGE_CURVE('',#3134,#3271,#3279,.T.);
#3279 = LINE('',#3280,#3281);
#3280 = CARTESIAN_POINT('',(2.44,-30.44,8.));
#3281 = VECTOR('',#3282,1.);
#3282 = DIRECTION('',(0.,1.,0.));
#3283 = PLANE('',#3284);
#3284 = AXIS2_PLACEMENT_3D('',#3285,#3286,#3287);
#3285 = CARTESIAN_POINT('',(2.44,-14.44,4.));
#3286 = DIRECTION('',(1.,0.,0.));
#3287 = DIRECTION('',(0.,0.,1.));
#3288 = ADVANCED_FACE('',(#3289),#3332,.T.);
#3289 = FACE_BOUND('',#3290,.T.);
#3290 = EDGE_LOOP('',(#3291,#3292,#3293,#3301,#3309,#3317,#3325,#3331));
#3291 = ORIENTED_EDGE('',*,*,#2388,.F.);
#3292 = ORIENTED_EDGE('',*,*,#2548,.T.);
#3293 = ORIENTED_EDGE('',*,*,#3294,.T.);
#3294 = EDGE_CURVE('',#2549,#3295,#3297,.T.);
#3295 = VERTEX_POINT('',#3296);
#3296 = CARTESIAN_POINT('',(-4.6,-30.44,8.));
#3297 = LINE('',#3298,#3299);
#3298 = CARTESIAN_POINT('',(-10.44,-30.44,8.));
#3299 = VECTOR('',#3300,1.);
#3300 = DIRECTION('',(1.,0.,0.));
#3301 = ORIENTED_EDGE('',*,*,#3302,.F.);
#3302 = EDGE_CURVE('',#3303,#3295,#3305,.T.);
#3303 = VERTEX_POINT('',#3304);
#3304 = CARTESIAN_POINT('',(-4.6,-30.44,6.8));
#3305 = LINE('',#3306,#3307);
#3306 = CARTESIAN_POINT('',(-4.6,-30.44,3.4));
#3307 = VECTOR('',#3308,1.);
#3308 = DIRECTION('',(0.,0.,1.));
#3309 = ORIENTED_EDGE('',*,*,#3310,.T.);
#3310 = EDGE_CURVE('',#3303,#3311,#3313,.T.);
#3311 = VERTEX_POINT('',#3312);
#3312 = CARTESIAN_POINT('',(-3.4,-30.44,6.8));
#3313 = LINE('',#3314,#3315);
#3314 = CARTESIAN_POINT('',(-5.22,-30.44,6.8));
#3315 = VECTOR('',#3316,1.);
#3316 = DIRECTION('',(1.,0.,0.));
#3317 = ORIENTED_EDGE('',*,*,#3318,.T.);
#3318 = EDGE_CURVE('',#3311,#3319,#3321,.T.);
#3319 = VERTEX_POINT('',#3320);
#3320 = CARTESIAN_POINT('',(-3.4,-30.44,8.));
#3321 = LINE('',#3322,#3323);
#3322 = CARTESIAN_POINT('',(-3.4,-30.44,3.4));
#3323 = VECTOR('',#3324,1.);
#3324 = DIRECTION('',(0.,0.,1.));
#3325 = ORIENTED_EDGE('',*,*,#3326,.T.);
#3326 = EDGE_CURVE('',#3319,#3134,#3327,.T.);
#3327 = LINE('',#3328,#3329);
#3328 = CARTESIAN_POINT('',(-10.44,-30.44,8.));
#3329 = VECTOR('',#3330,1.);
#3330 = DIRECTION('',(1.,0.,0.));
#3331 = ORIENTED_EDGE('',*,*,#3133,.F.);
#3332 = PLANE('',#3333);
#3333 = AXIS2_PLACEMENT_3D('',#3334,#3335,#3336);
#3334 = CARTESIAN_POINT('',(-10.44,-30.44,0.));
#3335 = DIRECTION('',(0.,1.,0.));
#3336 = DIRECTION('',(0.,0.,1.));
#3337 = ADVANCED_FACE('',(#3338),#3365,.F.);
#3338 = FACE_BOUND('',#3339,.F.);
#3339 = EDGE_LOOP('',(#3340,#3341,#3349,#3358,#3364));
#3340 = ORIENTED_EDGE('',*,*,#2780,.F.);
#3341 = ORIENTED_EDGE('',*,*,#3342,.T.);
#3342 = EDGE_CURVE('',#2773,#3343,#3345,.T.);
#3343 = VERTEX_POINT('',#3344);
#3344 = CARTESIAN_POINT('',(-7.16040365499,24.6,8.));
#3345 = LINE('',#3346,#3347);
#3346 = CARTESIAN_POINT('',(-11.9,24.6,8.));
#3347 = VECTOR('',#3348,1.);
#3348 = DIRECTION('',(1.,0.,0.));
#3349 = ORIENTED_EDGE('',*,*,#3350,.F.);
#3350 = EDGE_CURVE('',#3351,#3343,#3353,.T.);
#3351 = VERTEX_POINT('',#3352);
#3352 = CARTESIAN_POINT('',(-4.6,27.16040365499,8.));
#3353 = CIRCLE('',#3354,3.216854249492);
#3354 = AXIS2_PLACEMENT_3D('',#3355,#3356,#3357);
#3355 = CARTESIAN_POINT('',(-4.,24.,8.));
#3356 = DIRECTION('',(0.,0.,1.));
#3357 = DIRECTION('',(1.,0.,0.));
#3358 = ORIENTED_EDGE('',*,*,#3359,.T.);
#3359 = EDGE_CURVE('',#3351,#2819,#3360,.T.);
#3360 = LINE('',#3361,#3362);
#3361 = CARTESIAN_POINT('',(-4.6,-31.9,8.));
#3362 = VECTOR('',#3363,1.);
#3363 = DIRECTION('',(0.,1.,0.));
#3364 = ORIENTED_EDGE('',*,*,#2818,.F.);
#3365 = PLANE('',#3366);
#3366 = AXIS2_PLACEMENT_3D('',#3367,#3368,#3369);
#3367 = CARTESIAN_POINT('',(-2.739726027397,0.391389432485,8.));
#3368 = DIRECTION('',(0.,0.,1.));
#3369 = DIRECTION('',(1.,0.,0.));
#3370 = ADVANCED_FACE('',(#3371),#3389,.T.);
#3371 = FACE_BOUND('',#3372,.T.);
#3372 = EDGE_LOOP('',(#3373,#3381,#3382,#3383));
#3373 = ORIENTED_EDGE('',*,*,#3374,.F.);
#3374 = EDGE_CURVE('',#2765,#3375,#3377,.T.);
#3375 = VERTEX_POINT('',#3376);
#3376 = CARTESIAN_POINT('',(-7.16040365499,24.6,6.8));
#3377 = LINE('',#3378,#3379);
#3378 = CARTESIAN_POINT('',(-11.9,24.6,6.8));
#3379 = VECTOR('',#3380,1.);
#3380 = DIRECTION('',(1.,0.,0.));
#3381 = ORIENTED_EDGE('',*,*,#2772,.T.);
#3382 = ORIENTED_EDGE('',*,*,#3342,.T.);
#3383 = ORIENTED_EDGE('',*,*,#3384,.T.);
#3384 = EDGE_CURVE('',#3343,#3375,#3385,.T.);
#3385 = LINE('',#3386,#3387);
#3386 = CARTESIAN_POINT('',(-7.16040365499,24.6,0.3));
#3387 = VECTOR('',#3388,1.);
#3388 = DIRECTION('',(-0.,-0.,-1.));
#3389 = PLANE('',#3390);
#3390 = AXIS2_PLACEMENT_3D('',#3391,#3392,#3393);
#3391 = CARTESIAN_POINT('',(-11.9,24.6,6.8));
#3392 = DIRECTION('',(0.,1.,0.));
#3393 = DIRECTION('',(0.,0.,1.));
#3394 = ADVANCED_FACE('',(#3395),#3414,.T.);
#3395 = FACE_BOUND('',#3396,.T.);
#3396 = EDGE_LOOP('',(#3397,#3406,#3412,#3413));
#3397 = ORIENTED_EDGE('',*,*,#3398,.F.);
#3398 = EDGE_CURVE('',#3399,#3375,#3401,.T.);
#3399 = VERTEX_POINT('',#3400);
#3400 = CARTESIAN_POINT('',(-7.16040365499,23.4,6.8));
#3401 = CIRCLE('',#3402,3.216854249492);
#3402 = AXIS2_PLACEMENT_3D('',#3403,#3404,#3405);
#3403 = CARTESIAN_POINT('',(-4.,24.,6.8));
#3404 = DIRECTION('',(0.,0.,-1.));
#3405 = DIRECTION('',(1.,0.,0.));
#3406 = ORIENTED_EDGE('',*,*,#3407,.F.);
#3407 = EDGE_CURVE('',#2757,#3399,#3408,.T.);
#3408 = LINE('',#3409,#3410);
#3409 = CARTESIAN_POINT('',(-11.9,23.4,6.8));
#3410 = VECTOR('',#3411,1.);
#3411 = DIRECTION('',(1.,0.,0.));
#3412 = ORIENTED_EDGE('',*,*,#2764,.T.);
#3413 = ORIENTED_EDGE('',*,*,#3374,.T.);
#3414 = PLANE('',#3415);
#3415 = AXIS2_PLACEMENT_3D('',#3416,#3417,#3418);
#3416 = CARTESIAN_POINT('',(-5.135805140258E-16,-1.347710141589E-15,6.8)
  );
#3417 = DIRECTION('',(-0.,-0.,-1.));
#3418 = DIRECTION('',(-1.,0.,0.));
#3419 = ADVANCED_FACE('',(#3420),#3438,.F.);
#3420 = FACE_BOUND('',#3421,.F.);
#3421 = EDGE_LOOP('',(#3422,#3423,#3424,#3432));
#3422 = ORIENTED_EDGE('',*,*,#3407,.F.);
#3423 = ORIENTED_EDGE('',*,*,#2756,.T.);
#3424 = ORIENTED_EDGE('',*,*,#3425,.T.);
#3425 = EDGE_CURVE('',#2749,#3426,#3428,.T.);
#3426 = VERTEX_POINT('',#3427);
#3427 = CARTESIAN_POINT('',(-7.16040365499,23.4,8.));
#3428 = LINE('',#3429,#3430);
#3429 = CARTESIAN_POINT('',(-11.9,23.4,8.));
#3430 = VECTOR('',#3431,1.);
#3431 = DIRECTION('',(1.,0.,0.));
#3432 = ORIENTED_EDGE('',*,*,#3433,.T.);
#3433 = EDGE_CURVE('',#3426,#3399,#3434,.T.);
#3434 = LINE('',#3435,#3436);
#3435 = CARTESIAN_POINT('',(-7.16040365499,23.4,0.3));
#3436 = VECTOR('',#3437,1.);
#3437 = DIRECTION('',(-0.,-0.,-1.));
#3438 = PLANE('',#3439);
#3439 = AXIS2_PLACEMENT_3D('',#3440,#3441,#3442);
#3440 = CARTESIAN_POINT('',(-11.9,23.4,6.8));
#3441 = DIRECTION('',(0.,1.,0.));
#3442 = DIRECTION('',(0.,0.,1.));
#3443 = ADVANCED_FACE('',(#3444),#3480,.F.);
#3444 = FACE_BOUND('',#3445,.F.);
#3445 = EDGE_LOOP('',(#3446,#3447,#3455,#3464,#3472,#3479));
#3446 = ORIENTED_EDGE('',*,*,#2748,.F.);
#3447 = ORIENTED_EDGE('',*,*,#3448,.T.);
#3448 = EDGE_CURVE('',#2741,#3449,#3451,.T.);
#3449 = VERTEX_POINT('',#3450);
#3450 = CARTESIAN_POINT('',(-7.16040365499,16.6,8.));
#3451 = LINE('',#3452,#3453);
#3452 = CARTESIAN_POINT('',(-11.9,16.6,8.));
#3453 = VECTOR('',#3454,1.);
#3454 = DIRECTION('',(1.,0.,0.));
#3455 = ORIENTED_EDGE('',*,*,#3456,.F.);
#3456 = EDGE_CURVE('',#3457,#3449,#3459,.T.);
#3457 = VERTEX_POINT('',#3458);
#3458 = CARTESIAN_POINT('',(-4.6,19.16040365499,8.));
#3459 = CIRCLE('',#3460,3.216854249492);
#3460 = AXIS2_PLACEMENT_3D('',#3461,#3462,#3463);
#3461 = CARTESIAN_POINT('',(-4.,16.,8.));
#3462 = DIRECTION('',(0.,0.,1.));
#3463 = DIRECTION('',(1.,0.,0.));
#3464 = ORIENTED_EDGE('',*,*,#3465,.T.);
#3465 = EDGE_CURVE('',#3457,#3466,#3468,.T.);
#3466 = VERTEX_POINT('',#3467);
#3467 = CARTESIAN_POINT('',(-4.6,20.83959634501,8.));
#3468 = LINE('',#3469,#3470);
#3469 = CARTESIAN_POINT('',(-4.6,-31.9,8.));
#3470 = VECTOR('',#3471,1.);
#3471 = DIRECTION('',(0.,1.,0.));
#3472 = ORIENTED_EDGE('',*,*,#3473,.F.);
#3473 = EDGE_CURVE('',#3426,#3466,#3474,.T.);
#3474 = CIRCLE('',#3475,3.216854249492);
#3475 = AXIS2_PLACEMENT_3D('',#3476,#3477,#3478);
#3476 = CARTESIAN_POINT('',(-4.,24.,8.));
#3477 = DIRECTION('',(0.,0.,1.));
#3478 = DIRECTION('',(1.,0.,0.));
#3479 = ORIENTED_EDGE('',*,*,#3425,.F.);
#3480 = PLANE('',#3481);
#3481 = AXIS2_PLACEMENT_3D('',#3482,#3483,#3484);
#3482 = CARTESIAN_POINT('',(-2.739726027397,0.391389432485,8.));
#3483 = DIRECTION('',(0.,0.,1.));
#3484 = DIRECTION('',(1.,0.,0.));
#3485 = ADVANCED_FACE('',(#3486),#3504,.T.);
#3486 = FACE_BOUND('',#3487,.T.);
#3487 = EDGE_LOOP('',(#3488,#3496,#3497,#3498));
#3488 = ORIENTED_EDGE('',*,*,#3489,.F.);
#3489 = EDGE_CURVE('',#2733,#3490,#3492,.T.);
#3490 = VERTEX_POINT('',#3491);
#3491 = CARTESIAN_POINT('',(-7.16040365499,16.6,6.8));
#3492 = LINE('',#3493,#3494);
#3493 = CARTESIAN_POINT('',(-11.9,16.6,6.8));
#3494 = VECTOR('',#3495,1.);
#3495 = DIRECTION('',(1.,0.,0.));
#3496 = ORIENTED_EDGE('',*,*,#2740,.T.);
#3497 = ORIENTED_EDGE('',*,*,#3448,.T.);
#3498 = ORIENTED_EDGE('',*,*,#3499,.T.);
#3499 = EDGE_CURVE('',#3449,#3490,#3500,.T.);
#3500 = LINE('',#3501,#3502);
#3501 = CARTESIAN_POINT('',(-7.16040365499,16.6,0.3));
#3502 = VECTOR('',#3503,1.);
#3503 = DIRECTION('',(-0.,-0.,-1.));
#3504 = PLANE('',#3505);
#3505 = AXIS2_PLACEMENT_3D('',#3506,#3507,#3508);
#3506 = CARTESIAN_POINT('',(-11.9,16.6,6.8));
#3507 = DIRECTION('',(0.,1.,0.));
#3508 = DIRECTION('',(0.,0.,1.));
#3509 = ADVANCED_FACE('',(#3510),#3529,.T.);
#3510 = FACE_BOUND('',#3511,.T.);
#3511 = EDGE_LOOP('',(#3512,#3521,#3527,#3528));
#3512 = ORIENTED_EDGE('',*,*,#3513,.F.);
#3513 = EDGE_CURVE('',#3514,#3490,#3516,.T.);
#3514 = VERTEX_POINT('',#3515);
#3515 = CARTESIAN_POINT('',(-7.16040365499,15.4,6.8));
#3516 = CIRCLE('',#3517,3.216854249492);
#3517 = AXIS2_PLACEMENT_3D('',#3518,#3519,#3520);
#3518 = CARTESIAN_POINT('',(-4.,16.,6.8));
#3519 = DIRECTION('',(0.,0.,-1.));
#3520 = DIRECTION('',(1.,0.,0.));
#3521 = ORIENTED_EDGE('',*,*,#3522,.F.);
#3522 = EDGE_CURVE('',#2725,#3514,#3523,.T.);
#3523 = LINE('',#3524,#3525);
#3524 = CARTESIAN_POINT('',(-11.9,15.4,6.8));
#3525 = VECTOR('',#3526,1.);
#3526 = DIRECTION('',(1.,0.,0.));
#3527 = ORIENTED_EDGE('',*,*,#2732,.T.);
#3528 = ORIENTED_EDGE('',*,*,#3489,.T.);
#3529 = PLANE('',#3530);
#3530 = AXIS2_PLACEMENT_3D('',#3531,#3532,#3533);
#3531 = CARTESIAN_POINT('',(-5.135805140258E-16,-1.347710141589E-15,6.8)
  );
#3532 = DIRECTION('',(-0.,-0.,-1.));
#3533 = DIRECTION('',(-1.,0.,0.));
#3534 = ADVANCED_FACE('',(#3535),#3553,.F.);
#3535 = FACE_BOUND('',#3536,.F.);
#3536 = EDGE_LOOP('',(#3537,#3538,#3539,#3547));
#3537 = ORIENTED_EDGE('',*,*,#3522,.F.);
#3538 = ORIENTED_EDGE('',*,*,#2724,.T.);
#3539 = ORIENTED_EDGE('',*,*,#3540,.T.);
#3540 = EDGE_CURVE('',#2717,#3541,#3543,.T.);
#3541 = VERTEX_POINT('',#3542);
#3542 = CARTESIAN_POINT('',(-7.16040365499,15.4,8.));
#3543 = LINE('',#3544,#3545);
#3544 = CARTESIAN_POINT('',(-11.9,15.4,8.));
#3545 = VECTOR('',#3546,1.);
#3546 = DIRECTION('',(1.,0.,0.));
#3547 = ORIENTED_EDGE('',*,*,#3548,.T.);
#3548 = EDGE_CURVE('',#3541,#3514,#3549,.T.);
#3549 = LINE('',#3550,#3551);
#3550 = CARTESIAN_POINT('',(-7.16040365499,15.4,0.3));
#3551 = VECTOR('',#3552,1.);
#3552 = DIRECTION('',(-0.,-0.,-1.));
#3553 = PLANE('',#3554);
#3554 = AXIS2_PLACEMENT_3D('',#3555,#3556,#3557);
#3555 = CARTESIAN_POINT('',(-11.9,15.4,6.8));
#3556 = DIRECTION('',(0.,1.,0.));
#3557 = DIRECTION('',(0.,0.,1.));
#3558 = ADVANCED_FACE('',(#3559),#3595,.F.);
#3559 = FACE_BOUND('',#3560,.F.);
#3560 = EDGE_LOOP('',(#3561,#3562,#3570,#3579,#3587,#3594));
#3561 = ORIENTED_EDGE('',*,*,#2716,.F.);
#3562 = ORIENTED_EDGE('',*,*,#3563,.T.);
#3563 = EDGE_CURVE('',#2709,#3564,#3566,.T.);
#3564 = VERTEX_POINT('',#3565);
#3565 = CARTESIAN_POINT('',(-7.16040365499,8.6,8.));
#3566 = LINE('',#3567,#3568);
#3567 = CARTESIAN_POINT('',(-11.9,8.6,8.));
#3568 = VECTOR('',#3569,1.);
#3569 = DIRECTION('',(1.,0.,0.));
#3570 = ORIENTED_EDGE('',*,*,#3571,.F.);
#3571 = EDGE_CURVE('',#3572,#3564,#3574,.T.);
#3572 = VERTEX_POINT('',#3573);
#3573 = CARTESIAN_POINT('',(-4.6,11.16040365499,8.));
#3574 = CIRCLE('',#3575,3.216854249492);
#3575 = AXIS2_PLACEMENT_3D('',#3576,#3577,#3578);
#3576 = CARTESIAN_POINT('',(-4.,8.,8.));
#3577 = DIRECTION('',(0.,0.,1.));
#3578 = DIRECTION('',(1.,0.,0.));
#3579 = ORIENTED_EDGE('',*,*,#3580,.T.);
#3580 = EDGE_CURVE('',#3572,#3581,#3583,.T.);
#3581 = VERTEX_POINT('',#3582);
#3582 = CARTESIAN_POINT('',(-4.6,12.83959634501,8.));
#3583 = LINE('',#3584,#3585);
#3584 = CARTESIAN_POINT('',(-4.6,-31.9,8.));
#3585 = VECTOR('',#3586,1.);
#3586 = DIRECTION('',(0.,1.,0.));
#3587 = ORIENTED_EDGE('',*,*,#3588,.F.);
#3588 = EDGE_CURVE('',#3541,#3581,#3589,.T.);
#3589 = CIRCLE('',#3590,3.216854249492);
#3590 = AXIS2_PLACEMENT_3D('',#3591,#3592,#3593);
#3591 = CARTESIAN_POINT('',(-4.,16.,8.));
#3592 = DIRECTION('',(0.,0.,1.));
#3593 = DIRECTION('',(1.,0.,0.));
#3594 = ORIENTED_EDGE('',*,*,#3540,.F.);
#3595 = PLANE('',#3596);
#3596 = AXIS2_PLACEMENT_3D('',#3597,#3598,#3599);
#3597 = CARTESIAN_POINT('',(-2.739726027397,0.391389432485,8.));
#3598 = DIRECTION('',(0.,0.,1.));
#3599 = DIRECTION('',(1.,0.,0.));
#3600 = ADVANCED_FACE('',(#3601),#3619,.T.);
#3601 = FACE_BOUND('',#3602,.T.);
#3602 = EDGE_LOOP('',(#3603,#3611,#3612,#3613));
#3603 = ORIENTED_EDGE('',*,*,#3604,.F.);
#3604 = EDGE_CURVE('',#2701,#3605,#3607,.T.);
#3605 = VERTEX_POINT('',#3606);
#3606 = CARTESIAN_POINT('',(-7.16040365499,8.6,6.8));
#3607 = LINE('',#3608,#3609);
#3608 = CARTESIAN_POINT('',(-11.9,8.6,6.8));
#3609 = VECTOR('',#3610,1.);
#3610 = DIRECTION('',(1.,0.,0.));
#3611 = ORIENTED_EDGE('',*,*,#2708,.T.);
#3612 = ORIENTED_EDGE('',*,*,#3563,.T.);
#3613 = ORIENTED_EDGE('',*,*,#3614,.T.);
#3614 = EDGE_CURVE('',#3564,#3605,#3615,.T.);
#3615 = LINE('',#3616,#3617);
#3616 = CARTESIAN_POINT('',(-7.16040365499,8.6,0.3));
#3617 = VECTOR('',#3618,1.);
#3618 = DIRECTION('',(-0.,-0.,-1.));
#3619 = PLANE('',#3620);
#3620 = AXIS2_PLACEMENT_3D('',#3621,#3622,#3623);
#3621 = CARTESIAN_POINT('',(-11.9,8.6,6.8));
#3622 = DIRECTION('',(0.,1.,0.));
#3623 = DIRECTION('',(0.,0.,1.));
#3624 = ADVANCED_FACE('',(#3625),#3644,.T.);
#3625 = FACE_BOUND('',#3626,.T.);
#3626 = EDGE_LOOP('',(#3627,#3636,#3642,#3643));
#3627 = ORIENTED_EDGE('',*,*,#3628,.F.);
#3628 = EDGE_CURVE('',#3629,#3605,#3631,.T.);
#3629 = VERTEX_POINT('',#3630);
#3630 = CARTESIAN_POINT('',(-7.16040365499,7.4,6.8));
#3631 = CIRCLE('',#3632,3.216854249492);
#3632 = AXIS2_PLACEMENT_3D('',#3633,#3634,#3635);
#3633 = CARTESIAN_POINT('',(-4.,8.,6.8));
#3634 = DIRECTION('',(0.,0.,-1.));
#3635 = DIRECTION('',(1.,0.,0.));
#3636 = ORIENTED_EDGE('',*,*,#3637,.F.);
#3637 = EDGE_CURVE('',#2693,#3629,#3638,.T.);
#3638 = LINE('',#3639,#3640);
#3639 = CARTESIAN_POINT('',(-11.9,7.4,6.8));
#3640 = VECTOR('',#3641,1.);
#3641 = DIRECTION('',(1.,0.,0.));
#3642 = ORIENTED_EDGE('',*,*,#2700,.T.);
#3643 = ORIENTED_EDGE('',*,*,#3604,.T.);
#3644 = PLANE('',#3645);
#3645 = AXIS2_PLACEMENT_3D('',#3646,#3647,#3648);
#3646 = CARTESIAN_POINT('',(-5.135805140258E-16,-1.347710141589E-15,6.8)
  );
#3647 = DIRECTION('',(-0.,-0.,-1.));
#3648 = DIRECTION('',(-1.,0.,0.));
#3649 = ADVANCED_FACE('',(#3650),#3668,.F.);
#3650 = FACE_BOUND('',#3651,.F.);
#3651 = EDGE_LOOP('',(#3652,#3653,#3654,#3662));
#3652 = ORIENTED_EDGE('',*,*,#3637,.F.);
#3653 = ORIENTED_EDGE('',*,*,#2692,.T.);
#3654 = ORIENTED_EDGE('',*,*,#3655,.T.);
#3655 = EDGE_CURVE('',#2685,#3656,#3658,.T.);
#3656 = VERTEX_POINT('',#3657);
#3657 = CARTESIAN_POINT('',(-7.16040365499,7.4,8.));
#3658 = LINE('',#3659,#3660);
#3659 = CARTESIAN_POINT('',(-11.9,7.4,8.));
#3660 = VECTOR('',#3661,1.);
#3661 = DIRECTION('',(1.,0.,0.));
#3662 = ORIENTED_EDGE('',*,*,#3663,.T.);
#3663 = EDGE_CURVE('',#3656,#3629,#3664,.T.);
#3664 = LINE('',#3665,#3666);
#3665 = CARTESIAN_POINT('',(-7.16040365499,7.4,0.3));
#3666 = VECTOR('',#3667,1.);
#3667 = DIRECTION('',(-0.,-0.,-1.));
#3668 = PLANE('',#3669);
#3669 = AXIS2_PLACEMENT_3D('',#3670,#3671,#3672);
#3670 = CARTESIAN_POINT('',(-11.9,7.4,6.8));
#3671 = DIRECTION('',(0.,1.,0.));
#3672 = DIRECTION('',(0.,0.,1.));
#3673 = ADVANCED_FACE('',(#3674),#3710,.F.);
#3674 = FACE_BOUND('',#3675,.F.);
#3675 = EDGE_LOOP('',(#3676,#3677,#3685,#3694,#3702,#3709));
#3676 = ORIENTED_EDGE('',*,*,#2684,.F.);
#3677 = ORIENTED_EDGE('',*,*,#3678,.T.);
#3678 = EDGE_CURVE('',#2677,#3679,#3681,.T.);
#3679 = VERTEX_POINT('',#3680);
#3680 = CARTESIAN_POINT('',(-7.16040365499,0.6,8.));
#3681 = LINE('',#3682,#3683);
#3682 = CARTESIAN_POINT('',(-11.9,0.6,8.));
#3683 = VECTOR('',#3684,1.);
#3684 = DIRECTION('',(1.,0.,0.));
#3685 = ORIENTED_EDGE('',*,*,#3686,.F.);
#3686 = EDGE_CURVE('',#3687,#3679,#3689,.T.);
#3687 = VERTEX_POINT('',#3688);
#3688 = CARTESIAN_POINT('',(-4.6,3.16040365499,8.));
#3689 = CIRCLE('',#3690,3.216854249492);
#3690 = AXIS2_PLACEMENT_3D('',#3691,#3692,#3693);
#3691 = CARTESIAN_POINT('',(-4.,0.,8.));
#3692 = DIRECTION('',(0.,0.,1.));
#3693 = DIRECTION('',(1.,0.,0.));
#3694 = ORIENTED_EDGE('',*,*,#3695,.T.);
#3695 = EDGE_CURVE('',#3687,#3696,#3698,.T.);
#3696 = VERTEX_POINT('',#3697);
#3697 = CARTESIAN_POINT('',(-4.6,4.83959634501,8.));
#3698 = LINE('',#3699,#3700);
#3699 = CARTESIAN_POINT('',(-4.6,-31.9,8.));
#3700 = VECTOR('',#3701,1.);
#3701 = DIRECTION('',(0.,1.,0.));
#3702 = ORIENTED_EDGE('',*,*,#3703,.F.);
#3703 = EDGE_CURVE('',#3656,#3696,#3704,.T.);
#3704 = CIRCLE('',#3705,3.216854249492);
#3705 = AXIS2_PLACEMENT_3D('',#3706,#3707,#3708);
#3706 = CARTESIAN_POINT('',(-4.,8.,8.));
#3707 = DIRECTION('',(0.,0.,1.));
#3708 = DIRECTION('',(1.,0.,0.));
#3709 = ORIENTED_EDGE('',*,*,#3655,.F.);
#3710 = PLANE('',#3711);
#3711 = AXIS2_PLACEMENT_3D('',#3712,#3713,#3714);
#3712 = CARTESIAN_POINT('',(-2.739726027397,0.391389432485,8.));
#3713 = DIRECTION('',(0.,0.,1.));
#3714 = DIRECTION('',(1.,0.,0.));
#3715 = ADVANCED_FACE('',(#3716),#3734,.T.);
#3716 = FACE_BOUND('',#3717,.T.);
#3717 = EDGE_LOOP('',(#3718,#3726,#3727,#3728));
#3718 = ORIENTED_EDGE('',*,*,#3719,.F.);
#3719 = EDGE_CURVE('',#2669,#3720,#3722,.T.);
#3720 = VERTEX_POINT('',#3721);
#3721 = CARTESIAN_POINT('',(-7.16040365499,0.6,6.8));
#3722 = LINE('',#3723,#3724);
#3723 = CARTESIAN_POINT('',(-11.9,0.6,6.8));
#3724 = VECTOR('',#3725,1.);
#3725 = DIRECTION('',(1.,0.,0.));
#3726 = ORIENTED_EDGE('',*,*,#2676,.T.);
#3727 = ORIENTED_EDGE('',*,*,#3678,.T.);
#3728 = ORIENTED_EDGE('',*,*,#3729,.T.);
#3729 = EDGE_CURVE('',#3679,#3720,#3730,.T.);
#3730 = LINE('',#3731,#3732);
#3731 = CARTESIAN_POINT('',(-7.16040365499,0.6,0.3));
#3732 = VECTOR('',#3733,1.);
#3733 = DIRECTION('',(-0.,-0.,-1.));
#3734 = PLANE('',#3735);
#3735 = AXIS2_PLACEMENT_3D('',#3736,#3737,#3738);
#3736 = CARTESIAN_POINT('',(-11.9,0.6,6.8));
#3737 = DIRECTION('',(0.,1.,0.));
#3738 = DIRECTION('',(0.,0.,1.));
#3739 = ADVANCED_FACE('',(#3740),#3759,.T.);
#3740 = FACE_BOUND('',#3741,.T.);
#3741 = EDGE_LOOP('',(#3742,#3751,#3757,#3758));
#3742 = ORIENTED_EDGE('',*,*,#3743,.F.);
#3743 = EDGE_CURVE('',#3744,#3720,#3746,.T.);
#3744 = VERTEX_POINT('',#3745);
#3745 = CARTESIAN_POINT('',(-7.16040365499,-0.6,6.8));
#3746 = CIRCLE('',#3747,3.216854249492);
#3747 = AXIS2_PLACEMENT_3D('',#3748,#3749,#3750);
#3748 = CARTESIAN_POINT('',(-4.,0.,6.8));
#3749 = DIRECTION('',(0.,0.,-1.));
#3750 = DIRECTION('',(1.,0.,0.));
#3751 = ORIENTED_EDGE('',*,*,#3752,.F.);
#3752 = EDGE_CURVE('',#2661,#3744,#3753,.T.);
#3753 = LINE('',#3754,#3755);
#3754 = CARTESIAN_POINT('',(-11.9,-0.6,6.8));
#3755 = VECTOR('',#3756,1.);
#3756 = DIRECTION('',(1.,0.,0.));
#3757 = ORIENTED_EDGE('',*,*,#2668,.T.);
#3758 = ORIENTED_EDGE('',*,*,#3719,.T.);
#3759 = PLANE('',#3760);
#3760 = AXIS2_PLACEMENT_3D('',#3761,#3762,#3763);
#3761 = CARTESIAN_POINT('',(-5.135805140258E-16,-1.347710141589E-15,6.8)
  );
#3762 = DIRECTION('',(-0.,-0.,-1.));
#3763 = DIRECTION('',(-1.,0.,0.));
#3764 = ADVANCED_FACE('',(#3765),#3783,.F.);
#3765 = FACE_BOUND('',#3766,.F.);
#3766 = EDGE_LOOP('',(#3767,#3768,#3769,#3777));
#3767 = ORIENTED_EDGE('',*,*,#3752,.F.);
#3768 = ORIENTED_EDGE('',*,*,#2660,.T.);
#3769 = ORIENTED_EDGE('',*,*,#3770,.T.);
#3770 = EDGE_CURVE('',#2653,#3771,#3773,.T.);
#3771 = VERTEX_POINT('',#3772);
#3772 = CARTESIAN_POINT('',(-7.16040365499,-0.6,8.));
#3773 = LINE('',#3774,#3775);
#3774 = CARTESIAN_POINT('',(-11.9,-0.6,8.));
#3775 = VECTOR('',#3776,1.);
#3776 = DIRECTION('',(1.,0.,0.));
#3777 = ORIENTED_EDGE('',*,*,#3778,.T.);
#3778 = EDGE_CURVE('',#3771,#3744,#3779,.T.);
#3779 = LINE('',#3780,#3781);
#3780 = CARTESIAN_POINT('',(-7.16040365499,-0.6,0.3));
#3781 = VECTOR('',#3782,1.);
#3782 = DIRECTION('',(-0.,-0.,-1.));
#3783 = PLANE('',#3784);
#3784 = AXIS2_PLACEMENT_3D('',#3785,#3786,#3787);
#3785 = CARTESIAN_POINT('',(-11.9,-0.6,6.8));
#3786 = DIRECTION('',(0.,1.,0.));
#3787 = DIRECTION('',(0.,0.,1.));
#3788 = ADVANCED_FACE('',(#3789),#3825,.F.);
#3789 = FACE_BOUND('',#3790,.F.);
#3790 = EDGE_LOOP('',(#3791,#3792,#3800,#3809,#3817,#3824));
#3791 = ORIENTED_EDGE('',*,*,#2652,.F.);
#3792 = ORIENTED_EDGE('',*,*,#3793,.T.);
#3793 = EDGE_CURVE('',#2645,#3794,#3796,.T.);
#3794 = VERTEX_POINT('',#3795);
#3795 = CARTESIAN_POINT('',(-7.16040365499,-7.4,8.));
#3796 = LINE('',#3797,#3798);
#3797 = CARTESIAN_POINT('',(-11.9,-7.4,8.));
#3798 = VECTOR('',#3799,1.);
#3799 = DIRECTION('',(1.,0.,0.));
#3800 = ORIENTED_EDGE('',*,*,#3801,.F.);
#3801 = EDGE_CURVE('',#3802,#3794,#3804,.T.);
#3802 = VERTEX_POINT('',#3803);
#3803 = CARTESIAN_POINT('',(-4.6,-4.83959634501,8.));
#3804 = CIRCLE('',#3805,3.216854249492);
#3805 = AXIS2_PLACEMENT_3D('',#3806,#3807,#3808);
#3806 = CARTESIAN_POINT('',(-4.,-8.,8.));
#3807 = DIRECTION('',(0.,0.,1.));
#3808 = DIRECTION('',(1.,0.,0.));
#3809 = ORIENTED_EDGE('',*,*,#3810,.T.);
#3810 = EDGE_CURVE('',#3802,#3811,#3813,.T.);
#3811 = VERTEX_POINT('',#3812);
#3812 = CARTESIAN_POINT('',(-4.6,-3.16040365499,8.));
#3813 = LINE('',#3814,#3815);
#3814 = CARTESIAN_POINT('',(-4.6,-31.9,8.));
#3815 = VECTOR('',#3816,1.);
#3816 = DIRECTION('',(0.,1.,0.));
#3817 = ORIENTED_EDGE('',*,*,#3818,.F.);
#3818 = EDGE_CURVE('',#3771,#3811,#3819,.T.);
#3819 = CIRCLE('',#3820,3.216854249492);
#3820 = AXIS2_PLACEMENT_3D('',#3821,#3822,#3823);
#3821 = CARTESIAN_POINT('',(-4.,0.,8.));
#3822 = DIRECTION('',(0.,0.,1.));
#3823 = DIRECTION('',(1.,0.,0.));
#3824 = ORIENTED_EDGE('',*,*,#3770,.F.);
#3825 = PLANE('',#3826);
#3826 = AXIS2_PLACEMENT_3D('',#3827,#3828,#3829);
#3827 = CARTESIAN_POINT('',(-2.739726027397,0.391389432485,8.));
#3828 = DIRECTION('',(0.,0.,1.));
#3829 = DIRECTION('',(1.,0.,0.));
#3830 = ADVANCED_FACE('',(#3831),#3849,.T.);
#3831 = FACE_BOUND('',#3832,.T.);
#3832 = EDGE_LOOP('',(#3833,#3841,#3842,#3843));
#3833 = ORIENTED_EDGE('',*,*,#3834,.F.);
#3834 = EDGE_CURVE('',#2637,#3835,#3837,.T.);
#3835 = VERTEX_POINT('',#3836);
#3836 = CARTESIAN_POINT('',(-7.16040365499,-7.4,6.8));
#3837 = LINE('',#3838,#3839);
#3838 = CARTESIAN_POINT('',(-11.9,-7.4,6.8));
#3839 = VECTOR('',#3840,1.);
#3840 = DIRECTION('',(1.,0.,0.));
#3841 = ORIENTED_EDGE('',*,*,#2644,.T.);
#3842 = ORIENTED_EDGE('',*,*,#3793,.T.);
#3843 = ORIENTED_EDGE('',*,*,#3844,.T.);
#3844 = EDGE_CURVE('',#3794,#3835,#3845,.T.);
#3845 = LINE('',#3846,#3847);
#3846 = CARTESIAN_POINT('',(-7.16040365499,-7.4,0.3));
#3847 = VECTOR('',#3848,1.);
#3848 = DIRECTION('',(-0.,-0.,-1.));
#3849 = PLANE('',#3850);
#3850 = AXIS2_PLACEMENT_3D('',#3851,#3852,#3853);
#3851 = CARTESIAN_POINT('',(-11.9,-7.4,6.8));
#3852 = DIRECTION('',(0.,1.,0.));
#3853 = DIRECTION('',(0.,0.,1.));
#3854 = ADVANCED_FACE('',(#3855),#3874,.T.);
#3855 = FACE_BOUND('',#3856,.T.);
#3856 = EDGE_LOOP('',(#3857,#3866,#3872,#3873));
#3857 = ORIENTED_EDGE('',*,*,#3858,.F.);
#3858 = EDGE_CURVE('',#3859,#3835,#3861,.T.);
#3859 = VERTEX_POINT('',#3860);
#3860 = CARTESIAN_POINT('',(-7.16040365499,-8.6,6.8));
#3861 = CIRCLE('',#3862,3.216854249492);
#3862 = AXIS2_PLACEMENT_3D('',#3863,#3864,#3865);
#3863 = CARTESIAN_POINT('',(-4.,-8.,6.8));
#3864 = DIRECTION('',(0.,0.,-1.));
#3865 = DIRECTION('',(1.,0.,0.));
#3866 = ORIENTED_EDGE('',*,*,#3867,.F.);
#3867 = EDGE_CURVE('',#2629,#3859,#3868,.T.);
#3868 = LINE('',#3869,#3870);
#3869 = CARTESIAN_POINT('',(-11.9,-8.6,6.8));
#3870 = VECTOR('',#3871,1.);
#3871 = DIRECTION('',(1.,0.,0.));
#3872 = ORIENTED_EDGE('',*,*,#2636,.T.);
#3873 = ORIENTED_EDGE('',*,*,#3834,.T.);
#3874 = PLANE('',#3875);
#3875 = AXIS2_PLACEMENT_3D('',#3876,#3877,#3878);
#3876 = CARTESIAN_POINT('',(-5.135805140258E-16,-1.347710141589E-15,6.8)
  );
#3877 = DIRECTION('',(-0.,-0.,-1.));
#3878 = DIRECTION('',(-1.,0.,0.));
#3879 = ADVANCED_FACE('',(#3880),#3898,.F.);
#3880 = FACE_BOUND('',#3881,.F.);
#3881 = EDGE_LOOP('',(#3882,#3883,#3884,#3892));
#3882 = ORIENTED_EDGE('',*,*,#3867,.F.);
#3883 = ORIENTED_EDGE('',*,*,#2628,.T.);
#3884 = ORIENTED_EDGE('',*,*,#3885,.T.);
#3885 = EDGE_CURVE('',#2621,#3886,#3888,.T.);
#3886 = VERTEX_POINT('',#3887);
#3887 = CARTESIAN_POINT('',(-7.16040365499,-8.6,8.));
#3888 = LINE('',#3889,#3890);
#3889 = CARTESIAN_POINT('',(-11.9,-8.6,8.));
#3890 = VECTOR('',#3891,1.);
#3891 = DIRECTION('',(1.,0.,0.));
#3892 = ORIENTED_EDGE('',*,*,#3893,.T.);
#3893 = EDGE_CURVE('',#3886,#3859,#3894,.T.);
#3894 = LINE('',#3895,#3896);
#3895 = CARTESIAN_POINT('',(-7.16040365499,-8.6,0.3));
#3896 = VECTOR('',#3897,1.);
#3897 = DIRECTION('',(-0.,-0.,-1.));
#3898 = PLANE('',#3899);
#3899 = AXIS2_PLACEMENT_3D('',#3900,#3901,#3902);
#3900 = CARTESIAN_POINT('',(-11.9,-8.6,6.8));
#3901 = DIRECTION('',(0.,1.,0.));
#3902 = DIRECTION('',(0.,0.,1.));
#3903 = ADVANCED_FACE('',(#3904),#3940,.F.);
#3904 = FACE_BOUND('',#3905,.F.);
#3905 = EDGE_LOOP('',(#3906,#3907,#3915,#3924,#3932,#3939));
#3906 = ORIENTED_EDGE('',*,*,#2620,.F.);
#3907 = ORIENTED_EDGE('',*,*,#3908,.T.);
#3908 = EDGE_CURVE('',#2613,#3909,#3911,.T.);
#3909 = VERTEX_POINT('',#3910);
#3910 = CARTESIAN_POINT('',(-7.16040365499,-15.4,8.));
#3911 = LINE('',#3912,#3913);
#3912 = CARTESIAN_POINT('',(-11.9,-15.4,8.));
#3913 = VECTOR('',#3914,1.);
#3914 = DIRECTION('',(1.,0.,0.));
#3915 = ORIENTED_EDGE('',*,*,#3916,.F.);
#3916 = EDGE_CURVE('',#3917,#3909,#3919,.T.);
#3917 = VERTEX_POINT('',#3918);
#3918 = CARTESIAN_POINT('',(-4.6,-12.83959634501,8.));
#3919 = CIRCLE('',#3920,3.216854249492);
#3920 = AXIS2_PLACEMENT_3D('',#3921,#3922,#3923);
#3921 = CARTESIAN_POINT('',(-4.,-16.,8.));
#3922 = DIRECTION('',(0.,0.,1.));
#3923 = DIRECTION('',(1.,0.,0.));
#3924 = ORIENTED_EDGE('',*,*,#3925,.T.);
#3925 = EDGE_CURVE('',#3917,#3926,#3928,.T.);
#3926 = VERTEX_POINT('',#3927);
#3927 = CARTESIAN_POINT('',(-4.6,-11.16040365499,8.));
#3928 = LINE('',#3929,#3930);
#3929 = CARTESIAN_POINT('',(-4.6,-31.9,8.));
#3930 = VECTOR('',#3931,1.);
#3931 = DIRECTION('',(0.,1.,0.));
#3932 = ORIENTED_EDGE('',*,*,#3933,.F.);
#3933 = EDGE_CURVE('',#3886,#3926,#3934,.T.);
#3934 = CIRCLE('',#3935,3.216854249492);
#3935 = AXIS2_PLACEMENT_3D('',#3936,#3937,#3938);
#3936 = CARTESIAN_POINT('',(-4.,-8.,8.));
#3937 = DIRECTION('',(0.,0.,1.));
#3938 = DIRECTION('',(1.,0.,0.));
#3939 = ORIENTED_EDGE('',*,*,#3885,.F.);
#3940 = PLANE('',#3941);
#3941 = AXIS2_PLACEMENT_3D('',#3942,#3943,#3944);
#3942 = CARTESIAN_POINT('',(-2.739726027397,0.391389432485,8.));
#3943 = DIRECTION('',(0.,0.,1.));
#3944 = DIRECTION('',(1.,0.,0.));
#3945 = ADVANCED_FACE('',(#3946),#3964,.T.);
#3946 = FACE_BOUND('',#3947,.T.);
#3947 = EDGE_LOOP('',(#3948,#3956,#3957,#3958));
#3948 = ORIENTED_EDGE('',*,*,#3949,.F.);
#3949 = EDGE_CURVE('',#2605,#3950,#3952,.T.);
#3950 = VERTEX_POINT('',#3951);
#3951 = CARTESIAN_POINT('',(-7.16040365499,-15.4,6.8));
#3952 = LINE('',#3953,#3954);
#3953 = CARTESIAN_POINT('',(-11.9,-15.4,6.8));
#3954 = VECTOR('',#3955,1.);
#3955 = DIRECTION('',(1.,0.,0.));
#3956 = ORIENTED_EDGE('',*,*,#2612,.T.);
#3957 = ORIENTED_EDGE('',*,*,#3908,.T.);
#3958 = ORIENTED_EDGE('',*,*,#3959,.T.);
#3959 = EDGE_CURVE('',#3909,#3950,#3960,.T.);
#3960 = LINE('',#3961,#3962);
#3961 = CARTESIAN_POINT('',(-7.16040365499,-15.4,0.3));
#3962 = VECTOR('',#3963,1.);
#3963 = DIRECTION('',(-0.,-0.,-1.));
#3964 = PLANE('',#3965);
#3965 = AXIS2_PLACEMENT_3D('',#3966,#3967,#3968);
#3966 = CARTESIAN_POINT('',(-11.9,-15.4,6.8));
#3967 = DIRECTION('',(0.,1.,0.));
#3968 = DIRECTION('',(0.,0.,1.));
#3969 = ADVANCED_FACE('',(#3970),#3989,.T.);
#3970 = FACE_BOUND('',#3971,.T.);
#3971 = EDGE_LOOP('',(#3972,#3981,#3987,#3988));
#3972 = ORIENTED_EDGE('',*,*,#3973,.F.);
#3973 = EDGE_CURVE('',#3974,#3950,#3976,.T.);
#3974 = VERTEX_POINT('',#3975);
#3975 = CARTESIAN_POINT('',(-7.16040365499,-16.6,6.8));
#3976 = CIRCLE('',#3977,3.216854249492);
#3977 = AXIS2_PLACEMENT_3D('',#3978,#3979,#3980);
#3978 = CARTESIAN_POINT('',(-4.,-16.,6.8));
#3979 = DIRECTION('',(0.,0.,-1.));
#3980 = DIRECTION('',(1.,0.,0.));
#3981 = ORIENTED_EDGE('',*,*,#3982,.F.);
#3982 = EDGE_CURVE('',#2597,#3974,#3983,.T.);
#3983 = LINE('',#3984,#3985);
#3984 = CARTESIAN_POINT('',(-11.9,-16.6,6.8));
#3985 = VECTOR('',#3986,1.);
#3986 = DIRECTION('',(1.,0.,0.));
#3987 = ORIENTED_EDGE('',*,*,#2604,.T.);
#3988 = ORIENTED_EDGE('',*,*,#3949,.T.);
#3989 = PLANE('',#3990);
#3990 = AXIS2_PLACEMENT_3D('',#3991,#3992,#3993);
#3991 = CARTESIAN_POINT('',(-5.135805140258E-16,-1.347710141589E-15,6.8)
  );
#3992 = DIRECTION('',(-0.,-0.,-1.));
#3993 = DIRECTION('',(-1.,0.,0.));
#3994 = ADVANCED_FACE('',(#3995),#4013,.F.);
#3995 = FACE_BOUND('',#3996,.F.);
#3996 = EDGE_LOOP('',(#3997,#3998,#3999,#4007));
#3997 = ORIENTED_EDGE('',*,*,#3982,.F.);
#3998 = ORIENTED_EDGE('',*,*,#2596,.T.);
#3999 = ORIENTED_EDGE('',*,*,#4000,.T.);
#4000 = EDGE_CURVE('',#2589,#4001,#4003,.T.);
#4001 = VERTEX_POINT('',#4002);
#4002 = CARTESIAN_POINT('',(-7.16040365499,-16.6,8.));
#4003 = LINE('',#4004,#4005);
#4004 = CARTESIAN_POINT('',(-11.9,-16.6,8.));
#4005 = VECTOR('',#4006,1.);
#4006 = DIRECTION('',(1.,0.,0.));
#4007 = ORIENTED_EDGE('',*,*,#4008,.T.);
#4008 = EDGE_CURVE('',#4001,#3974,#4009,.T.);
#4009 = LINE('',#4010,#4011);
#4010 = CARTESIAN_POINT('',(-7.16040365499,-16.6,0.3));
#4011 = VECTOR('',#4012,1.);
#4012 = DIRECTION('',(-0.,-0.,-1.));
#4013 = PLANE('',#4014);
#4014 = AXIS2_PLACEMENT_3D('',#4015,#4016,#4017);
#4015 = CARTESIAN_POINT('',(-11.9,-16.6,6.8));
#4016 = DIRECTION('',(0.,1.,0.));
#4017 = DIRECTION('',(0.,0.,1.));
#4018 = ADVANCED_FACE('',(#4019),#4055,.F.);
#4019 = FACE_BOUND('',#4020,.F.);
#4020 = EDGE_LOOP('',(#4021,#4022,#4030,#4039,#4047,#4054));
#4021 = ORIENTED_EDGE('',*,*,#2588,.F.);
#4022 = ORIENTED_EDGE('',*,*,#4023,.T.);
#4023 = EDGE_CURVE('',#2581,#4024,#4026,.T.);
#4024 = VERTEX_POINT('',#4025);
#4025 = CARTESIAN_POINT('',(-7.16040365499,-23.4,8.));
#4026 = LINE('',#4027,#4028);
#4027 = CARTESIAN_POINT('',(-11.9,-23.4,8.));
#4028 = VECTOR('',#4029,1.);
#4029 = DIRECTION('',(1.,0.,0.));
#4030 = ORIENTED_EDGE('',*,*,#4031,.F.);
#4031 = EDGE_CURVE('',#4032,#4024,#4034,.T.);
#4032 = VERTEX_POINT('',#4033);
#4033 = CARTESIAN_POINT('',(-4.6,-20.83959634501,8.));
#4034 = CIRCLE('',#4035,3.216854249492);
#4035 = AXIS2_PLACEMENT_3D('',#4036,#4037,#4038);
#4036 = CARTESIAN_POINT('',(-4.,-24.,8.));
#4037 = DIRECTION('',(0.,0.,1.));
#4038 = DIRECTION('',(1.,0.,0.));
#4039 = ORIENTED_EDGE('',*,*,#4040,.T.);
#4040 = EDGE_CURVE('',#4032,#4041,#4043,.T.);
#4041 = VERTEX_POINT('',#4042);
#4042 = CARTESIAN_POINT('',(-4.6,-19.16040365499,8.));
#4043 = LINE('',#4044,#4045);
#4044 = CARTESIAN_POINT('',(-4.6,-31.9,8.));
#4045 = VECTOR('',#4046,1.);
#4046 = DIRECTION('',(0.,1.,0.));
#4047 = ORIENTED_EDGE('',*,*,#4048,.F.);
#4048 = EDGE_CURVE('',#4001,#4041,#4049,.T.);
#4049 = CIRCLE('',#4050,3.216854249492);
#4050 = AXIS2_PLACEMENT_3D('',#4051,#4052,#4053);
#4051 = CARTESIAN_POINT('',(-4.,-16.,8.));
#4052 = DIRECTION('',(0.,0.,1.));
#4053 = DIRECTION('',(1.,0.,0.));
#4054 = ORIENTED_EDGE('',*,*,#4000,.F.);
#4055 = PLANE('',#4056);
#4056 = AXIS2_PLACEMENT_3D('',#4057,#4058,#4059);
#4057 = CARTESIAN_POINT('',(-2.739726027397,0.391389432485,8.));
#4058 = DIRECTION('',(0.,0.,1.));
#4059 = DIRECTION('',(1.,0.,0.));
#4060 = ADVANCED_FACE('',(#4061),#4079,.T.);
#4061 = FACE_BOUND('',#4062,.T.);
#4062 = EDGE_LOOP('',(#4063,#4071,#4072,#4073));
#4063 = ORIENTED_EDGE('',*,*,#4064,.F.);
#4064 = EDGE_CURVE('',#2573,#4065,#4067,.T.);
#4065 = VERTEX_POINT('',#4066);
#4066 = CARTESIAN_POINT('',(-7.16040365499,-23.4,6.8));
#4067 = LINE('',#4068,#4069);
#4068 = CARTESIAN_POINT('',(-11.9,-23.4,6.8));
#4069 = VECTOR('',#4070,1.);
#4070 = DIRECTION('',(1.,0.,0.));
#4071 = ORIENTED_EDGE('',*,*,#2580,.T.);
#4072 = ORIENTED_EDGE('',*,*,#4023,.T.);
#4073 = ORIENTED_EDGE('',*,*,#4074,.T.);
#4074 = EDGE_CURVE('',#4024,#4065,#4075,.T.);
#4075 = LINE('',#4076,#4077);
#4076 = CARTESIAN_POINT('',(-7.16040365499,-23.4,0.3));
#4077 = VECTOR('',#4078,1.);
#4078 = DIRECTION('',(-0.,-0.,-1.));
#4079 = PLANE('',#4080);
#4080 = AXIS2_PLACEMENT_3D('',#4081,#4082,#4083);
#4081 = CARTESIAN_POINT('',(-11.9,-23.4,6.8));
#4082 = DIRECTION('',(0.,1.,0.));
#4083 = DIRECTION('',(0.,0.,1.));
#4084 = ADVANCED_FACE('',(#4085),#4104,.T.);
#4085 = FACE_BOUND('',#4086,.T.);
#4086 = EDGE_LOOP('',(#4087,#4096,#4102,#4103));
#4087 = ORIENTED_EDGE('',*,*,#4088,.F.);
#4088 = EDGE_CURVE('',#4089,#4065,#4091,.T.);
#4089 = VERTEX_POINT('',#4090);
#4090 = CARTESIAN_POINT('',(-7.160403654991,-24.6,6.8));
#4091 = CIRCLE('',#4092,3.216854249492);
#4092 = AXIS2_PLACEMENT_3D('',#4093,#4094,#4095);
#4093 = CARTESIAN_POINT('',(-4.,-24.,6.8));
#4094 = DIRECTION('',(0.,0.,-1.));
#4095 = DIRECTION('',(1.,0.,0.));
#4096 = ORIENTED_EDGE('',*,*,#4097,.F.);
#4097 = EDGE_CURVE('',#2565,#4089,#4098,.T.);
#4098 = LINE('',#4099,#4100);
#4099 = CARTESIAN_POINT('',(-11.9,-24.6,6.8));
#4100 = VECTOR('',#4101,1.);
#4101 = DIRECTION('',(1.,0.,0.));
#4102 = ORIENTED_EDGE('',*,*,#2572,.T.);
#4103 = ORIENTED_EDGE('',*,*,#4064,.T.);
#4104 = PLANE('',#4105);
#4105 = AXIS2_PLACEMENT_3D('',#4106,#4107,#4108);
#4106 = CARTESIAN_POINT('',(-5.135805140258E-16,-1.347710141589E-15,6.8)
  );
#4107 = DIRECTION('',(-0.,-0.,-1.));
#4108 = DIRECTION('',(-1.,0.,0.));
#4109 = ADVANCED_FACE('',(#4110),#4128,.F.);
#4110 = FACE_BOUND('',#4111,.F.);
#4111 = EDGE_LOOP('',(#4112,#4113,#4114,#4122));
#4112 = ORIENTED_EDGE('',*,*,#4097,.F.);
#4113 = ORIENTED_EDGE('',*,*,#2564,.T.);
#4114 = ORIENTED_EDGE('',*,*,#4115,.T.);
#4115 = EDGE_CURVE('',#2557,#4116,#4118,.T.);
#4116 = VERTEX_POINT('',#4117);
#4117 = CARTESIAN_POINT('',(-7.16040365499,-24.6,8.));
#4118 = LINE('',#4119,#4120);
#4119 = CARTESIAN_POINT('',(-11.9,-24.6,8.));
#4120 = VECTOR('',#4121,1.);
#4121 = DIRECTION('',(1.,0.,0.));
#4122 = ORIENTED_EDGE('',*,*,#4123,.T.);
#4123 = EDGE_CURVE('',#4116,#4089,#4124,.T.);
#4124 = LINE('',#4125,#4126);
#4125 = CARTESIAN_POINT('',(-7.16040365499,-24.6,0.3));
#4126 = VECTOR('',#4127,1.);
#4127 = DIRECTION('',(-0.,-0.,-1.));
#4128 = PLANE('',#4129);
#4129 = AXIS2_PLACEMENT_3D('',#4130,#4131,#4132);
#4130 = CARTESIAN_POINT('',(-11.9,-24.6,6.8));
#4131 = DIRECTION('',(0.,1.,0.));
#4132 = DIRECTION('',(0.,0.,1.));
#4133 = ADVANCED_FACE('',(#4134),#4154,.F.);
#4134 = FACE_BOUND('',#4135,.F.);
#4135 = EDGE_LOOP('',(#4136,#4137,#4138,#4146,#4153));
#4136 = ORIENTED_EDGE('',*,*,#2556,.F.);
#4137 = ORIENTED_EDGE('',*,*,#3294,.T.);
#4138 = ORIENTED_EDGE('',*,*,#4139,.T.);
#4139 = EDGE_CURVE('',#3295,#4140,#4142,.T.);
#4140 = VERTEX_POINT('',#4141);
#4141 = CARTESIAN_POINT('',(-4.6,-27.16040365499,8.));
#4142 = LINE('',#4143,#4144);
#4143 = CARTESIAN_POINT('',(-4.6,-31.9,8.));
#4144 = VECTOR('',#4145,1.);
#4145 = DIRECTION('',(0.,1.,0.));
#4146 = ORIENTED_EDGE('',*,*,#4147,.F.);
#4147 = EDGE_CURVE('',#4116,#4140,#4148,.T.);
#4148 = CIRCLE('',#4149,3.216854249492);
#4149 = AXIS2_PLACEMENT_3D('',#4150,#4151,#4152);
#4150 = CARTESIAN_POINT('',(-4.,-24.,8.));
#4151 = DIRECTION('',(0.,0.,1.));
#4152 = DIRECTION('',(1.,0.,0.));
#4153 = ORIENTED_EDGE('',*,*,#4115,.F.);
#4154 = PLANE('',#4155);
#4155 = AXIS2_PLACEMENT_3D('',#4156,#4157,#4158);
#4156 = CARTESIAN_POINT('',(-2.739726027397,0.391389432485,8.));
#4157 = DIRECTION('',(0.,0.,1.));
#4158 = DIRECTION('',(1.,0.,0.));
#4159 = ADVANCED_FACE('',(#4160),#4187,.F.);
#4160 = FACE_BOUND('',#4161,.F.);
#4161 = EDGE_LOOP('',(#4162,#4163,#4171,#4180,#4186));
#4162 = ORIENTED_EDGE('',*,*,#2850,.F.);
#4163 = ORIENTED_EDGE('',*,*,#4164,.F.);
#4164 = EDGE_CURVE('',#4165,#2843,#4167,.T.);
#4165 = VERTEX_POINT('',#4166);
#4166 = CARTESIAN_POINT('',(-3.4,27.16040365499,8.));
#4167 = LINE('',#4168,#4169);
#4168 = CARTESIAN_POINT('',(-3.4,-31.9,8.));
#4169 = VECTOR('',#4170,1.);
#4170 = DIRECTION('',(0.,1.,0.));
#4171 = ORIENTED_EDGE('',*,*,#4172,.F.);
#4172 = EDGE_CURVE('',#4173,#4165,#4175,.T.);
#4173 = VERTEX_POINT('',#4174);
#4174 = CARTESIAN_POINT('',(-0.83959634501,24.6,8.));
#4175 = CIRCLE('',#4176,3.216854249492);
#4176 = AXIS2_PLACEMENT_3D('',#4177,#4178,#4179);
#4177 = CARTESIAN_POINT('',(-4.,24.,8.));
#4178 = DIRECTION('',(0.,0.,1.));
#4179 = DIRECTION('',(1.,0.,0.));
#4180 = ORIENTED_EDGE('',*,*,#4181,.T.);
#4181 = EDGE_CURVE('',#4173,#2888,#4182,.T.);
#4182 = LINE('',#4183,#4184);
#4183 = CARTESIAN_POINT('',(-11.9,24.6,8.));
#4184 = VECTOR('',#4185,1.);
#4185 = DIRECTION('',(1.,0.,0.));
#4186 = ORIENTED_EDGE('',*,*,#2887,.T.);
#4187 = PLANE('',#4188);
#4188 = AXIS2_PLACEMENT_3D('',#4189,#4190,#4191);
#4189 = CARTESIAN_POINT('',(-2.739726027397,0.391389432485,8.));
#4190 = DIRECTION('',(0.,0.,1.));
#4191 = DIRECTION('',(1.,0.,0.));
#4192 = ADVANCED_FACE('',(#4193),#4211,.T.);
#4193 = FACE_BOUND('',#4194,.T.);
#4194 = EDGE_LOOP('',(#4195,#4196,#4204,#4210));
#4195 = ORIENTED_EDGE('',*,*,#4164,.F.);
#4196 = ORIENTED_EDGE('',*,*,#4197,.T.);
#4197 = EDGE_CURVE('',#4165,#4198,#4200,.T.);
#4198 = VERTEX_POINT('',#4199);
#4199 = CARTESIAN_POINT('',(-3.4,27.160403654991,6.8));
#4200 = LINE('',#4201,#4202);
#4201 = CARTESIAN_POINT('',(-3.4,27.16040365499,0.3));
#4202 = VECTOR('',#4203,1.);
#4203 = DIRECTION('',(-0.,-0.,-1.));
#4204 = ORIENTED_EDGE('',*,*,#4205,.T.);
#4205 = EDGE_CURVE('',#4198,#2835,#4206,.T.);
#4206 = LINE('',#4207,#4208);
#4207 = CARTESIAN_POINT('',(-3.4,-31.9,6.8));
#4208 = VECTOR('',#4209,1.);
#4209 = DIRECTION('',(0.,1.,0.));
#4210 = ORIENTED_EDGE('',*,*,#2842,.T.);
#4211 = PLANE('',#4212);
#4212 = AXIS2_PLACEMENT_3D('',#4213,#4214,#4215);
#4213 = CARTESIAN_POINT('',(-3.4,-31.9,6.8));
#4214 = DIRECTION('',(1.,0.,0.));
#4215 = DIRECTION('',(0.,0.,1.));
#4216 = ADVANCED_FACE('',(#4217),#4236,.T.);
#4217 = FACE_BOUND('',#4218,.T.);
#4218 = EDGE_LOOP('',(#4219,#4228,#4234,#4235));
#4219 = ORIENTED_EDGE('',*,*,#4220,.F.);
#4220 = EDGE_CURVE('',#4221,#4198,#4223,.T.);
#4221 = VERTEX_POINT('',#4222);
#4222 = CARTESIAN_POINT('',(-4.6,27.160403654991,6.8));
#4223 = CIRCLE('',#4224,3.216854249492);
#4224 = AXIS2_PLACEMENT_3D('',#4225,#4226,#4227);
#4225 = CARTESIAN_POINT('',(-4.,24.,6.8));
#4226 = DIRECTION('',(0.,0.,-1.));
#4227 = DIRECTION('',(1.,0.,0.));
#4228 = ORIENTED_EDGE('',*,*,#4229,.T.);
#4229 = EDGE_CURVE('',#4221,#2827,#4230,.T.);
#4230 = LINE('',#4231,#4232);
#4231 = CARTESIAN_POINT('',(-4.6,-31.9,6.8));
#4232 = VECTOR('',#4233,1.);
#4233 = DIRECTION('',(0.,1.,0.));
#4234 = ORIENTED_EDGE('',*,*,#2834,.T.);
#4235 = ORIENTED_EDGE('',*,*,#4205,.F.);
#4236 = PLANE('',#4237);
#4237 = AXIS2_PLACEMENT_3D('',#4238,#4239,#4240);
#4238 = CARTESIAN_POINT('',(-5.135805140258E-16,-1.347710141589E-15,6.8)
  );
#4239 = DIRECTION('',(-0.,-0.,-1.));
#4240 = DIRECTION('',(-1.,0.,0.));
#4241 = ADVANCED_FACE('',(#4242),#4253,.F.);
#4242 = FACE_BOUND('',#4243,.F.);
#4243 = EDGE_LOOP('',(#4244,#4245,#4251,#4252));
#4244 = ORIENTED_EDGE('',*,*,#3359,.F.);
#4245 = ORIENTED_EDGE('',*,*,#4246,.T.);
#4246 = EDGE_CURVE('',#3351,#4221,#4247,.T.);
#4247 = LINE('',#4248,#4249);
#4248 = CARTESIAN_POINT('',(-4.6,27.16040365499,0.3));
#4249 = VECTOR('',#4250,1.);
#4250 = DIRECTION('',(-0.,-0.,-1.));
#4251 = ORIENTED_EDGE('',*,*,#4229,.T.);
#4252 = ORIENTED_EDGE('',*,*,#2826,.T.);
#4253 = PLANE('',#4254);
#4254 = AXIS2_PLACEMENT_3D('',#4255,#4256,#4257);
#4255 = CARTESIAN_POINT('',(-4.6,-31.9,6.8));
#4256 = DIRECTION('',(1.,0.,0.));
#4257 = DIRECTION('',(0.,0.,1.));
#4258 = ADVANCED_FACE('',(#4259),#4311,.F.);
#4259 = FACE_BOUND('',#4260,.F.);
#4260 = EDGE_LOOP('',(#4261,#4271,#4280,#4286,#4287,#4288,#4294,#4295,
    #4296,#4304));
#4261 = ORIENTED_EDGE('',*,*,#4262,.F.);
#4262 = EDGE_CURVE('',#4263,#4265,#4267,.T.);
#4263 = VERTEX_POINT('',#4264);
#4264 = CARTESIAN_POINT('',(-3.4,3.16040365499,8.));
#4265 = VERTEX_POINT('',#4266);
#4266 = CARTESIAN_POINT('',(-3.4,4.83959634501,8.));
#4267 = LINE('',#4268,#4269);
#4268 = CARTESIAN_POINT('',(-3.4,-31.9,8.));
#4269 = VECTOR('',#4270,1.);
#4270 = DIRECTION('',(0.,1.,0.));
#4271 = ORIENTED_EDGE('',*,*,#4272,.F.);
#4272 = EDGE_CURVE('',#4273,#4263,#4275,.T.);
#4273 = VERTEX_POINT('',#4274);
#4274 = CARTESIAN_POINT('',(-0.83959634501,0.6,8.));
#4275 = CIRCLE('',#4276,3.216854249492);
#4276 = AXIS2_PLACEMENT_3D('',#4277,#4278,#4279);
#4277 = CARTESIAN_POINT('',(-4.,0.,8.));
#4278 = DIRECTION('',(0.,0.,1.));
#4279 = DIRECTION('',(1.,0.,0.));
#4280 = ORIENTED_EDGE('',*,*,#4281,.T.);
#4281 = EDGE_CURVE('',#4273,#3151,#4282,.T.);
#4282 = LINE('',#4283,#4284);
#4283 = CARTESIAN_POINT('',(-11.9,0.6,8.));
#4284 = VECTOR('',#4285,1.);
#4285 = DIRECTION('',(1.,0.,0.));
#4286 = ORIENTED_EDGE('',*,*,#3150,.T.);
#4287 = ORIENTED_EDGE('',*,*,#3086,.T.);
#4288 = ORIENTED_EDGE('',*,*,#4289,.T.);
#4289 = EDGE_CURVE('',#3087,#3000,#4290,.T.);
#4290 = LINE('',#4291,#4292);
#4291 = CARTESIAN_POINT('',(3.4,-31.9,8.));
#4292 = VECTOR('',#4293,1.);
#4293 = DIRECTION('',(0.,1.,0.));
#4294 = ORIENTED_EDGE('',*,*,#2999,.F.);
#4295 = ORIENTED_EDGE('',*,*,#2983,.T.);
#4296 = ORIENTED_EDGE('',*,*,#4297,.F.);
#4297 = EDGE_CURVE('',#4298,#2976,#4300,.T.);
#4298 = VERTEX_POINT('',#4299);
#4299 = CARTESIAN_POINT('',(-0.83959634501,7.4,8.));
#4300 = LINE('',#4301,#4302);
#4301 = CARTESIAN_POINT('',(-11.9,7.4,8.));
#4302 = VECTOR('',#4303,1.);
#4303 = DIRECTION('',(1.,0.,0.));
#4304 = ORIENTED_EDGE('',*,*,#4305,.F.);
#4305 = EDGE_CURVE('',#4265,#4298,#4306,.T.);
#4306 = CIRCLE('',#4307,3.216854249492);
#4307 = AXIS2_PLACEMENT_3D('',#4308,#4309,#4310);
#4308 = CARTESIAN_POINT('',(-4.,8.,8.));
#4309 = DIRECTION('',(0.,0.,1.));
#4310 = DIRECTION('',(1.,0.,0.));
#4311 = PLANE('',#4312);
#4312 = AXIS2_PLACEMENT_3D('',#4313,#4314,#4315);
#4313 = CARTESIAN_POINT('',(-2.739726027397,0.391389432485,8.));
#4314 = DIRECTION('',(0.,0.,1.));
#4315 = DIRECTION('',(1.,0.,0.));
#4316 = ADVANCED_FACE('',(#4317),#4335,.F.);
#4317 = FACE_BOUND('',#4318,.F.);
#4318 = EDGE_LOOP('',(#4319,#4327,#4333,#4334));
#4319 = ORIENTED_EDGE('',*,*,#4320,.F.);
#4320 = EDGE_CURVE('',#4321,#2968,#4323,.T.);
#4321 = VERTEX_POINT('',#4322);
#4322 = CARTESIAN_POINT('',(-0.83959634501,7.4,6.8));
#4323 = LINE('',#4324,#4325);
#4324 = CARTESIAN_POINT('',(-11.9,7.4,6.8));
#4325 = VECTOR('',#4326,1.);
#4326 = DIRECTION('',(1.,0.,0.));
#4327 = ORIENTED_EDGE('',*,*,#4328,.F.);
#4328 = EDGE_CURVE('',#4298,#4321,#4329,.T.);
#4329 = LINE('',#4330,#4331);
#4330 = CARTESIAN_POINT('',(-0.83959634501,7.4,0.3));
#4331 = VECTOR('',#4332,1.);
#4332 = DIRECTION('',(-0.,-0.,-1.));
#4333 = ORIENTED_EDGE('',*,*,#4297,.T.);
#4334 = ORIENTED_EDGE('',*,*,#2975,.T.);
#4335 = PLANE('',#4336);
#4336 = AXIS2_PLACEMENT_3D('',#4337,#4338,#4339);
#4337 = CARTESIAN_POINT('',(-11.9,7.4,6.8));
#4338 = DIRECTION('',(0.,1.,0.));
#4339 = DIRECTION('',(0.,0.,1.));
#4340 = ADVANCED_FACE('',(#4341),#4369,.T.);
#4341 = FACE_BOUND('',#4342,.T.);
#4342 = EDGE_LOOP('',(#4343,#4344,#4353,#4362,#4368));
#4343 = ORIENTED_EDGE('',*,*,#4320,.F.);
#4344 = ORIENTED_EDGE('',*,*,#4345,.F.);
#4345 = EDGE_CURVE('',#4346,#4321,#4348,.T.);
#4346 = VERTEX_POINT('',#4347);
#4347 = CARTESIAN_POINT('',(-0.783145750508,8.,6.8));
#4348 = CIRCLE('',#4349,3.216854249492);
#4349 = AXIS2_PLACEMENT_3D('',#4350,#4351,#4352);
#4350 = CARTESIAN_POINT('',(-4.,8.,6.8));
#4351 = DIRECTION('',(0.,0.,-1.));
#4352 = DIRECTION('',(1.,0.,0.));
#4353 = ORIENTED_EDGE('',*,*,#4354,.F.);
#4354 = EDGE_CURVE('',#4355,#4346,#4357,.T.);
#4355 = VERTEX_POINT('',#4356);
#4356 = CARTESIAN_POINT('',(-0.83959634501,8.6,6.8));
#4357 = CIRCLE('',#4358,3.216854249492);
#4358 = AXIS2_PLACEMENT_3D('',#4359,#4360,#4361);
#4359 = CARTESIAN_POINT('',(-4.,8.,6.8));
#4360 = DIRECTION('',(0.,0.,-1.));
#4361 = DIRECTION('',(1.,0.,0.));
#4362 = ORIENTED_EDGE('',*,*,#4363,.T.);
#4363 = EDGE_CURVE('',#4355,#2960,#4364,.T.);
#4364 = LINE('',#4365,#4366);
#4365 = CARTESIAN_POINT('',(-11.9,8.6,6.8));
#4366 = VECTOR('',#4367,1.);
#4367 = DIRECTION('',(1.,0.,0.));
#4368 = ORIENTED_EDGE('',*,*,#2967,.T.);
#4369 = PLANE('',#4370);
#4370 = AXIS2_PLACEMENT_3D('',#4371,#4372,#4373);
#4371 = CARTESIAN_POINT('',(-5.135805140258E-16,-1.347710141589E-15,6.8)
  );
#4372 = DIRECTION('',(-0.,-0.,-1.));
#4373 = DIRECTION('',(-1.,0.,0.));
#4374 = ADVANCED_FACE('',(#4375),#4393,.T.);
#4375 = FACE_BOUND('',#4376,.T.);
#4376 = EDGE_LOOP('',(#4377,#4378,#4386,#4392));
#4377 = ORIENTED_EDGE('',*,*,#4363,.F.);
#4378 = ORIENTED_EDGE('',*,*,#4379,.F.);
#4379 = EDGE_CURVE('',#4380,#4355,#4382,.T.);
#4380 = VERTEX_POINT('',#4381);
#4381 = CARTESIAN_POINT('',(-0.83959634501,8.6,8.));
#4382 = LINE('',#4383,#4384);
#4383 = CARTESIAN_POINT('',(-0.83959634501,8.6,0.3));
#4384 = VECTOR('',#4385,1.);
#4385 = DIRECTION('',(-0.,-0.,-1.));
#4386 = ORIENTED_EDGE('',*,*,#4387,.T.);
#4387 = EDGE_CURVE('',#4380,#2952,#4388,.T.);
#4388 = LINE('',#4389,#4390);
#4389 = CARTESIAN_POINT('',(-11.9,8.6,8.));
#4390 = VECTOR('',#4391,1.);
#4391 = DIRECTION('',(1.,0.,0.));
#4392 = ORIENTED_EDGE('',*,*,#2959,.T.);
#4393 = PLANE('',#4394);
#4394 = AXIS2_PLACEMENT_3D('',#4395,#4396,#4397);
#4395 = CARTESIAN_POINT('',(-11.9,8.6,6.8));
#4396 = DIRECTION('',(0.,1.,0.));
#4397 = DIRECTION('',(0.,0.,1.));
#4398 = ADVANCED_FACE('',(#4399),#4435,.F.);
#4399 = FACE_BOUND('',#4400,.F.);
#4400 = EDGE_LOOP('',(#4401,#4411,#4418,#4419,#4420,#4428));
#4401 = ORIENTED_EDGE('',*,*,#4402,.F.);
#4402 = EDGE_CURVE('',#4403,#4405,#4407,.T.);
#4403 = VERTEX_POINT('',#4404);
#4404 = CARTESIAN_POINT('',(-3.4,11.16040365499,8.));
#4405 = VERTEX_POINT('',#4406);
#4406 = CARTESIAN_POINT('',(-3.4,12.83959634501,8.));
#4407 = LINE('',#4408,#4409);
#4408 = CARTESIAN_POINT('',(-3.4,-31.9,8.));
#4409 = VECTOR('',#4410,1.);
#4410 = DIRECTION('',(0.,1.,0.));
#4411 = ORIENTED_EDGE('',*,*,#4412,.F.);
#4412 = EDGE_CURVE('',#4380,#4403,#4413,.T.);
#4413 = CIRCLE('',#4414,3.216854249492);
#4414 = AXIS2_PLACEMENT_3D('',#4415,#4416,#4417);
#4415 = CARTESIAN_POINT('',(-4.,8.,8.));
#4416 = DIRECTION('',(0.,0.,1.));
#4417 = DIRECTION('',(1.,0.,0.));
#4418 = ORIENTED_EDGE('',*,*,#4387,.T.);
#4419 = ORIENTED_EDGE('',*,*,#2951,.T.);
#4420 = ORIENTED_EDGE('',*,*,#4421,.F.);
#4421 = EDGE_CURVE('',#4422,#2944,#4424,.T.);
#4422 = VERTEX_POINT('',#4423);
#4423 = CARTESIAN_POINT('',(-0.83959634501,15.4,8.));
#4424 = LINE('',#4425,#4426);
#4425 = CARTESIAN_POINT('',(-11.9,15.4,8.));
#4426 = VECTOR('',#4427,1.);
#4427 = DIRECTION('',(1.,0.,0.));
#4428 = ORIENTED_EDGE('',*,*,#4429,.F.);
#4429 = EDGE_CURVE('',#4405,#4422,#4430,.T.);
#4430 = CIRCLE('',#4431,3.216854249492);
#4431 = AXIS2_PLACEMENT_3D('',#4432,#4433,#4434);
#4432 = CARTESIAN_POINT('',(-4.,16.,8.));
#4433 = DIRECTION('',(0.,0.,1.));
#4434 = DIRECTION('',(1.,0.,0.));
#4435 = PLANE('',#4436);
#4436 = AXIS2_PLACEMENT_3D('',#4437,#4438,#4439);
#4437 = CARTESIAN_POINT('',(-2.739726027397,0.391389432485,8.));
#4438 = DIRECTION('',(0.,0.,1.));
#4439 = DIRECTION('',(1.,0.,0.));
#4440 = ADVANCED_FACE('',(#4441),#4459,.F.);
#4441 = FACE_BOUND('',#4442,.F.);
#4442 = EDGE_LOOP('',(#4443,#4451,#4457,#4458));
#4443 = ORIENTED_EDGE('',*,*,#4444,.F.);
#4444 = EDGE_CURVE('',#4445,#2936,#4447,.T.);
#4445 = VERTEX_POINT('',#4446);
#4446 = CARTESIAN_POINT('',(-0.83959634501,15.4,6.8));
#4447 = LINE('',#4448,#4449);
#4448 = CARTESIAN_POINT('',(-11.9,15.4,6.8));
#4449 = VECTOR('',#4450,1.);
#4450 = DIRECTION('',(1.,0.,0.));
#4451 = ORIENTED_EDGE('',*,*,#4452,.F.);
#4452 = EDGE_CURVE('',#4422,#4445,#4453,.T.);
#4453 = LINE('',#4454,#4455);
#4454 = CARTESIAN_POINT('',(-0.83959634501,15.4,0.3));
#4455 = VECTOR('',#4456,1.);
#4456 = DIRECTION('',(-0.,-0.,-1.));
#4457 = ORIENTED_EDGE('',*,*,#4421,.T.);
#4458 = ORIENTED_EDGE('',*,*,#2943,.T.);
#4459 = PLANE('',#4460);
#4460 = AXIS2_PLACEMENT_3D('',#4461,#4462,#4463);
#4461 = CARTESIAN_POINT('',(-11.9,15.4,6.8));
#4462 = DIRECTION('',(0.,1.,0.));
#4463 = DIRECTION('',(0.,0.,1.));
#4464 = ADVANCED_FACE('',(#4465),#4493,.T.);
#4465 = FACE_BOUND('',#4466,.T.);
#4466 = EDGE_LOOP('',(#4467,#4468,#4477,#4486,#4492));
#4467 = ORIENTED_EDGE('',*,*,#4444,.F.);
#4468 = ORIENTED_EDGE('',*,*,#4469,.F.);
#4469 = EDGE_CURVE('',#4470,#4445,#4472,.T.);
#4470 = VERTEX_POINT('',#4471);
#4471 = CARTESIAN_POINT('',(-0.783145750508,16.,6.8));
#4472 = CIRCLE('',#4473,3.216854249492);
#4473 = AXIS2_PLACEMENT_3D('',#4474,#4475,#4476);
#4474 = CARTESIAN_POINT('',(-4.,16.,6.8));
#4475 = DIRECTION('',(0.,0.,-1.));
#4476 = DIRECTION('',(1.,0.,0.));
#4477 = ORIENTED_EDGE('',*,*,#4478,.F.);
#4478 = EDGE_CURVE('',#4479,#4470,#4481,.T.);
#4479 = VERTEX_POINT('',#4480);
#4480 = CARTESIAN_POINT('',(-0.83959634501,16.6,6.8));
#4481 = CIRCLE('',#4482,3.216854249492);
#4482 = AXIS2_PLACEMENT_3D('',#4483,#4484,#4485);
#4483 = CARTESIAN_POINT('',(-4.,16.,6.8));
#4484 = DIRECTION('',(0.,0.,-1.));
#4485 = DIRECTION('',(1.,0.,0.));
#4486 = ORIENTED_EDGE('',*,*,#4487,.T.);
#4487 = EDGE_CURVE('',#4479,#2928,#4488,.T.);
#4488 = LINE('',#4489,#4490);
#4489 = CARTESIAN_POINT('',(-11.9,16.6,6.8));
#4490 = VECTOR('',#4491,1.);
#4491 = DIRECTION('',(1.,0.,0.));
#4492 = ORIENTED_EDGE('',*,*,#2935,.T.);
#4493 = PLANE('',#4494);
#4494 = AXIS2_PLACEMENT_3D('',#4495,#4496,#4497);
#4495 = CARTESIAN_POINT('',(-5.135805140258E-16,-1.347710141589E-15,6.8)
  );
#4496 = DIRECTION('',(-0.,-0.,-1.));
#4497 = DIRECTION('',(-1.,0.,0.));
#4498 = ADVANCED_FACE('',(#4499),#4517,.T.);
#4499 = FACE_BOUND('',#4500,.T.);
#4500 = EDGE_LOOP('',(#4501,#4502,#4510,#4516));
#4501 = ORIENTED_EDGE('',*,*,#4487,.F.);
#4502 = ORIENTED_EDGE('',*,*,#4503,.F.);
#4503 = EDGE_CURVE('',#4504,#4479,#4506,.T.);
#4504 = VERTEX_POINT('',#4505);
#4505 = CARTESIAN_POINT('',(-0.83959634501,16.6,8.));
#4506 = LINE('',#4507,#4508);
#4507 = CARTESIAN_POINT('',(-0.83959634501,16.6,0.3));
#4508 = VECTOR('',#4509,1.);
#4509 = DIRECTION('',(-0.,-0.,-1.));
#4510 = ORIENTED_EDGE('',*,*,#4511,.T.);
#4511 = EDGE_CURVE('',#4504,#2920,#4512,.T.);
#4512 = LINE('',#4513,#4514);
#4513 = CARTESIAN_POINT('',(-11.9,16.6,8.));
#4514 = VECTOR('',#4515,1.);
#4515 = DIRECTION('',(1.,0.,0.));
#4516 = ORIENTED_EDGE('',*,*,#2927,.T.);
#4517 = PLANE('',#4518);
#4518 = AXIS2_PLACEMENT_3D('',#4519,#4520,#4521);
#4519 = CARTESIAN_POINT('',(-11.9,16.6,6.8));
#4520 = DIRECTION('',(0.,1.,0.));
#4521 = DIRECTION('',(0.,0.,1.));
#4522 = ADVANCED_FACE('',(#4523),#4559,.F.);
#4523 = FACE_BOUND('',#4524,.F.);
#4524 = EDGE_LOOP('',(#4525,#4535,#4542,#4543,#4544,#4552));
#4525 = ORIENTED_EDGE('',*,*,#4526,.F.);
#4526 = EDGE_CURVE('',#4527,#4529,#4531,.T.);
#4527 = VERTEX_POINT('',#4528);
#4528 = CARTESIAN_POINT('',(-3.4,19.16040365499,8.));
#4529 = VERTEX_POINT('',#4530);
#4530 = CARTESIAN_POINT('',(-3.4,20.83959634501,8.));
#4531 = LINE('',#4532,#4533);
#4532 = CARTESIAN_POINT('',(-3.4,-31.9,8.));
#4533 = VECTOR('',#4534,1.);
#4534 = DIRECTION('',(0.,1.,0.));
#4535 = ORIENTED_EDGE('',*,*,#4536,.F.);
#4536 = EDGE_CURVE('',#4504,#4527,#4537,.T.);
#4537 = CIRCLE('',#4538,3.216854249492);
#4538 = AXIS2_PLACEMENT_3D('',#4539,#4540,#4541);
#4539 = CARTESIAN_POINT('',(-4.,16.,8.));
#4540 = DIRECTION('',(0.,0.,1.));
#4541 = DIRECTION('',(1.,0.,0.));
#4542 = ORIENTED_EDGE('',*,*,#4511,.T.);
#4543 = ORIENTED_EDGE('',*,*,#2919,.T.);
#4544 = ORIENTED_EDGE('',*,*,#4545,.F.);
#4545 = EDGE_CURVE('',#4546,#2912,#4548,.T.);
#4546 = VERTEX_POINT('',#4547);
#4547 = CARTESIAN_POINT('',(-0.83959634501,23.4,8.));
#4548 = LINE('',#4549,#4550);
#4549 = CARTESIAN_POINT('',(-11.9,23.4,8.));
#4550 = VECTOR('',#4551,1.);
#4551 = DIRECTION('',(1.,0.,0.));
#4552 = ORIENTED_EDGE('',*,*,#4553,.F.);
#4553 = EDGE_CURVE('',#4529,#4546,#4554,.T.);
#4554 = CIRCLE('',#4555,3.216854249492);
#4555 = AXIS2_PLACEMENT_3D('',#4556,#4557,#4558);
#4556 = CARTESIAN_POINT('',(-4.,24.,8.));
#4557 = DIRECTION('',(0.,0.,1.));
#4558 = DIRECTION('',(1.,0.,0.));
#4559 = PLANE('',#4560);
#4560 = AXIS2_PLACEMENT_3D('',#4561,#4562,#4563);
#4561 = CARTESIAN_POINT('',(-2.739726027397,0.391389432485,8.));
#4562 = DIRECTION('',(0.,0.,1.));
#4563 = DIRECTION('',(1.,0.,0.));
#4564 = ADVANCED_FACE('',(#4565),#4583,.F.);
#4565 = FACE_BOUND('',#4566,.F.);
#4566 = EDGE_LOOP('',(#4567,#4575,#4581,#4582));
#4567 = ORIENTED_EDGE('',*,*,#4568,.F.);
#4568 = EDGE_CURVE('',#4569,#2904,#4571,.T.);
#4569 = VERTEX_POINT('',#4570);
#4570 = CARTESIAN_POINT('',(-0.83959634501,23.4,6.8));
#4571 = LINE('',#4572,#4573);
#4572 = CARTESIAN_POINT('',(-11.9,23.4,6.8));
#4573 = VECTOR('',#4574,1.);
#4574 = DIRECTION('',(1.,0.,0.));
#4575 = ORIENTED_EDGE('',*,*,#4576,.F.);
#4576 = EDGE_CURVE('',#4546,#4569,#4577,.T.);
#4577 = LINE('',#4578,#4579);
#4578 = CARTESIAN_POINT('',(-0.83959634501,23.4,0.3));
#4579 = VECTOR('',#4580,1.);
#4580 = DIRECTION('',(-0.,-0.,-1.));
#4581 = ORIENTED_EDGE('',*,*,#4545,.T.);
#4582 = ORIENTED_EDGE('',*,*,#2911,.T.);
#4583 = PLANE('',#4584);
#4584 = AXIS2_PLACEMENT_3D('',#4585,#4586,#4587);
#4585 = CARTESIAN_POINT('',(-11.9,23.4,6.8));
#4586 = DIRECTION('',(0.,1.,0.));
#4587 = DIRECTION('',(0.,0.,1.));
#4588 = ADVANCED_FACE('',(#4589),#4617,.T.);
#4589 = FACE_BOUND('',#4590,.T.);
#4590 = EDGE_LOOP('',(#4591,#4592,#4601,#4610,#4616));
#4591 = ORIENTED_EDGE('',*,*,#4568,.F.);
#4592 = ORIENTED_EDGE('',*,*,#4593,.F.);
#4593 = EDGE_CURVE('',#4594,#4569,#4596,.T.);
#4594 = VERTEX_POINT('',#4595);
#4595 = CARTESIAN_POINT('',(-0.783145750508,24.,6.8));
#4596 = CIRCLE('',#4597,3.216854249492);
#4597 = AXIS2_PLACEMENT_3D('',#4598,#4599,#4600);
#4598 = CARTESIAN_POINT('',(-4.,24.,6.8));
#4599 = DIRECTION('',(0.,0.,-1.));
#4600 = DIRECTION('',(1.,0.,0.));
#4601 = ORIENTED_EDGE('',*,*,#4602,.F.);
#4602 = EDGE_CURVE('',#4603,#4594,#4605,.T.);
#4603 = VERTEX_POINT('',#4604);
#4604 = CARTESIAN_POINT('',(-0.83959634501,24.6,6.8));
#4605 = CIRCLE('',#4606,3.216854249492);
#4606 = AXIS2_PLACEMENT_3D('',#4607,#4608,#4609);
#4607 = CARTESIAN_POINT('',(-4.,24.,6.8));
#4608 = DIRECTION('',(0.,0.,-1.));
#4609 = DIRECTION('',(1.,0.,0.));
#4610 = ORIENTED_EDGE('',*,*,#4611,.T.);
#4611 = EDGE_CURVE('',#4603,#2896,#4612,.T.);
#4612 = LINE('',#4613,#4614);
#4613 = CARTESIAN_POINT('',(-11.9,24.6,6.8));
#4614 = VECTOR('',#4615,1.);
#4615 = DIRECTION('',(1.,0.,0.));
#4616 = ORIENTED_EDGE('',*,*,#2903,.T.);
#4617 = PLANE('',#4618);
#4618 = AXIS2_PLACEMENT_3D('',#4619,#4620,#4621);
#4619 = CARTESIAN_POINT('',(-5.135805140258E-16,-1.347710141589E-15,6.8)
  );
#4620 = DIRECTION('',(-0.,-0.,-1.));
#4621 = DIRECTION('',(-1.,0.,0.));
#4622 = ADVANCED_FACE('',(#4623),#4634,.T.);
#4623 = FACE_BOUND('',#4624,.T.);
#4624 = EDGE_LOOP('',(#4625,#4626,#4632,#4633));
#4625 = ORIENTED_EDGE('',*,*,#4611,.F.);
#4626 = ORIENTED_EDGE('',*,*,#4627,.F.);
#4627 = EDGE_CURVE('',#4173,#4603,#4628,.T.);
#4628 = LINE('',#4629,#4630);
#4629 = CARTESIAN_POINT('',(-0.83959634501,24.6,0.3));
#4630 = VECTOR('',#4631,1.);
#4631 = DIRECTION('',(-0.,-0.,-1.));
#4632 = ORIENTED_EDGE('',*,*,#4181,.T.);
#4633 = ORIENTED_EDGE('',*,*,#2895,.T.);
#4634 = PLANE('',#4635);
#4635 = AXIS2_PLACEMENT_3D('',#4636,#4637,#4638);
#4636 = CARTESIAN_POINT('',(-11.9,24.6,6.8));
#4637 = DIRECTION('',(0.,1.,0.));
#4638 = DIRECTION('',(0.,0.,1.));
#4639 = ADVANCED_FACE('',(#4640),#4651,.F.);
#4640 = FACE_BOUND('',#4641,.F.);
#4641 = EDGE_LOOP('',(#4642,#4648,#4649,#4650));
#4642 = ORIENTED_EDGE('',*,*,#4643,.F.);
#4643 = EDGE_CURVE('',#3111,#3024,#4644,.T.);
#4644 = LINE('',#4645,#4646);
#4645 = CARTESIAN_POINT('',(4.6,-31.9,8.));
#4646 = VECTOR('',#4647,1.);
#4647 = DIRECTION('',(0.,1.,0.));
#4648 = ORIENTED_EDGE('',*,*,#3118,.T.);
#4649 = ORIENTED_EDGE('',*,*,#3063,.T.);
#4650 = ORIENTED_EDGE('',*,*,#3031,.F.);
#4651 = PLANE('',#4652);
#4652 = AXIS2_PLACEMENT_3D('',#4653,#4654,#4655);
#4653 = CARTESIAN_POINT('',(-2.739726027397,0.391389432485,8.));
#4654 = DIRECTION('',(0.,0.,1.));
#4655 = DIRECTION('',(1.,0.,0.));
#4656 = ADVANCED_FACE('',(#4657),#4668,.T.);
#4657 = FACE_BOUND('',#4658,.T.);
#4658 = EDGE_LOOP('',(#4659,#4660,#4661,#4667));
#4659 = ORIENTED_EDGE('',*,*,#4643,.F.);
#4660 = ORIENTED_EDGE('',*,*,#3110,.F.);
#4661 = ORIENTED_EDGE('',*,*,#4662,.T.);
#4662 = EDGE_CURVE('',#3103,#3016,#4663,.T.);
#4663 = LINE('',#4664,#4665);
#4664 = CARTESIAN_POINT('',(4.6,-31.9,6.8));
#4665 = VECTOR('',#4666,1.);
#4666 = DIRECTION('',(0.,1.,0.));
#4667 = ORIENTED_EDGE('',*,*,#3023,.T.);
#4668 = PLANE('',#4669);
#4669 = AXIS2_PLACEMENT_3D('',#4670,#4671,#4672);
#4670 = CARTESIAN_POINT('',(4.6,-31.9,6.8));
#4671 = DIRECTION('',(1.,0.,0.));
#4672 = DIRECTION('',(0.,0.,1.));
#4673 = ADVANCED_FACE('',(#4674),#4685,.T.);
#4674 = FACE_BOUND('',#4675,.T.);
#4675 = EDGE_LOOP('',(#4676,#4677,#4683,#4684));
#4676 = ORIENTED_EDGE('',*,*,#3102,.F.);
#4677 = ORIENTED_EDGE('',*,*,#4678,.T.);
#4678 = EDGE_CURVE('',#3095,#3008,#4679,.T.);
#4679 = LINE('',#4680,#4681);
#4680 = CARTESIAN_POINT('',(3.4,-31.9,6.8));
#4681 = VECTOR('',#4682,1.);
#4682 = DIRECTION('',(0.,1.,0.));
#4683 = ORIENTED_EDGE('',*,*,#3015,.T.);
#4684 = ORIENTED_EDGE('',*,*,#4662,.F.);
#4685 = PLANE('',#4686);
#4686 = AXIS2_PLACEMENT_3D('',#4687,#4688,#4689);
#4687 = CARTESIAN_POINT('',(-5.135805140258E-16,-1.347710141589E-15,6.8)
  );
#4688 = DIRECTION('',(-0.,-0.,-1.));
#4689 = DIRECTION('',(-1.,0.,0.));
#4690 = ADVANCED_FACE('',(#4691),#4697,.F.);
#4691 = FACE_BOUND('',#4692,.F.);
#4692 = EDGE_LOOP('',(#4693,#4694,#4695,#4696));
#4693 = ORIENTED_EDGE('',*,*,#4289,.F.);
#4694 = ORIENTED_EDGE('',*,*,#3094,.F.);
#4695 = ORIENTED_EDGE('',*,*,#4678,.T.);
#4696 = ORIENTED_EDGE('',*,*,#3007,.T.);
#4697 = PLANE('',#4698);
#4698 = AXIS2_PLACEMENT_3D('',#4699,#4700,#4701);
#4699 = CARTESIAN_POINT('',(3.4,-31.9,6.8));
#4700 = DIRECTION('',(1.,0.,0.));
#4701 = DIRECTION('',(0.,0.,1.));
#4702 = ADVANCED_FACE('',(#4703),#4730,.F.);
#4703 = FACE_BOUND('',#4704,.F.);
#4704 = EDGE_LOOP('',(#4705,#4713,#4714,#4715,#4723));
#4705 = ORIENTED_EDGE('',*,*,#4706,.F.);
#4706 = EDGE_CURVE('',#3319,#4707,#4709,.T.);
#4707 = VERTEX_POINT('',#4708);
#4708 = CARTESIAN_POINT('',(-3.4,-27.16040365499,8.));
#4709 = LINE('',#4710,#4711);
#4710 = CARTESIAN_POINT('',(-3.4,-31.9,8.));
#4711 = VECTOR('',#4712,1.);
#4712 = DIRECTION('',(0.,1.,0.));
#4713 = ORIENTED_EDGE('',*,*,#3326,.T.);
#4714 = ORIENTED_EDGE('',*,*,#3278,.T.);
#4715 = ORIENTED_EDGE('',*,*,#4716,.F.);
#4716 = EDGE_CURVE('',#4717,#3271,#4719,.T.);
#4717 = VERTEX_POINT('',#4718);
#4718 = CARTESIAN_POINT('',(-0.83959634501,-24.6,8.));
#4719 = LINE('',#4720,#4721);
#4720 = CARTESIAN_POINT('',(-11.9,-24.6,8.));
#4721 = VECTOR('',#4722,1.);
#4722 = DIRECTION('',(1.,0.,0.));
#4723 = ORIENTED_EDGE('',*,*,#4724,.F.);
#4724 = EDGE_CURVE('',#4707,#4717,#4725,.T.);
#4725 = CIRCLE('',#4726,3.216854249492);
#4726 = AXIS2_PLACEMENT_3D('',#4727,#4728,#4729);
#4727 = CARTESIAN_POINT('',(-4.,-24.,8.));
#4728 = DIRECTION('',(0.,0.,1.));
#4729 = DIRECTION('',(1.,0.,0.));
#4730 = PLANE('',#4731);
#4731 = AXIS2_PLACEMENT_3D('',#4732,#4733,#4734);
#4732 = CARTESIAN_POINT('',(-2.739726027397,0.391389432485,8.));
#4733 = DIRECTION('',(0.,0.,1.));
#4734 = DIRECTION('',(1.,0.,0.));
#4735 = ADVANCED_FACE('',(#4736),#4754,.F.);
#4736 = FACE_BOUND('',#4737,.F.);
#4737 = EDGE_LOOP('',(#4738,#4746,#4752,#4753));
#4738 = ORIENTED_EDGE('',*,*,#4739,.F.);
#4739 = EDGE_CURVE('',#4740,#3263,#4742,.T.);
#4740 = VERTEX_POINT('',#4741);
#4741 = CARTESIAN_POINT('',(-0.839596345009,-24.6,6.8));
#4742 = LINE('',#4743,#4744);
#4743 = CARTESIAN_POINT('',(-11.9,-24.6,6.8));
#4744 = VECTOR('',#4745,1.);
#4745 = DIRECTION('',(1.,0.,0.));
#4746 = ORIENTED_EDGE('',*,*,#4747,.F.);
#4747 = EDGE_CURVE('',#4717,#4740,#4748,.T.);
#4748 = LINE('',#4749,#4750);
#4749 = CARTESIAN_POINT('',(-0.83959634501,-24.6,0.3));
#4750 = VECTOR('',#4751,1.);
#4751 = DIRECTION('',(-0.,-0.,-1.));
#4752 = ORIENTED_EDGE('',*,*,#4716,.T.);
#4753 = ORIENTED_EDGE('',*,*,#3270,.T.);
#4754 = PLANE('',#4755);
#4755 = AXIS2_PLACEMENT_3D('',#4756,#4757,#4758);
#4756 = CARTESIAN_POINT('',(-11.9,-24.6,6.8));
#4757 = DIRECTION('',(0.,1.,0.));
#4758 = DIRECTION('',(0.,0.,1.));
#4759 = ADVANCED_FACE('',(#4760),#4788,.T.);
#4760 = FACE_BOUND('',#4761,.T.);
#4761 = EDGE_LOOP('',(#4762,#4763,#4772,#4781,#4787));
#4762 = ORIENTED_EDGE('',*,*,#4739,.F.);
#4763 = ORIENTED_EDGE('',*,*,#4764,.F.);
#4764 = EDGE_CURVE('',#4765,#4740,#4767,.T.);
#4765 = VERTEX_POINT('',#4766);
#4766 = CARTESIAN_POINT('',(-0.783145750508,-24.,6.8));
#4767 = CIRCLE('',#4768,3.216854249492);
#4768 = AXIS2_PLACEMENT_3D('',#4769,#4770,#4771);
#4769 = CARTESIAN_POINT('',(-4.,-24.,6.8));
#4770 = DIRECTION('',(0.,0.,-1.));
#4771 = DIRECTION('',(1.,0.,0.));
#4772 = ORIENTED_EDGE('',*,*,#4773,.F.);
#4773 = EDGE_CURVE('',#4774,#4765,#4776,.T.);
#4774 = VERTEX_POINT('',#4775);
#4775 = CARTESIAN_POINT('',(-0.83959634501,-23.4,6.8));
#4776 = CIRCLE('',#4777,3.216854249492);
#4777 = AXIS2_PLACEMENT_3D('',#4778,#4779,#4780);
#4778 = CARTESIAN_POINT('',(-4.,-24.,6.8));
#4779 = DIRECTION('',(0.,0.,-1.));
#4780 = DIRECTION('',(1.,0.,0.));
#4781 = ORIENTED_EDGE('',*,*,#4782,.T.);
#4782 = EDGE_CURVE('',#4774,#3255,#4783,.T.);
#4783 = LINE('',#4784,#4785);
#4784 = CARTESIAN_POINT('',(-11.9,-23.4,6.8));
#4785 = VECTOR('',#4786,1.);
#4786 = DIRECTION('',(1.,0.,0.));
#4787 = ORIENTED_EDGE('',*,*,#3262,.T.);
#4788 = PLANE('',#4789);
#4789 = AXIS2_PLACEMENT_3D('',#4790,#4791,#4792);
#4790 = CARTESIAN_POINT('',(-5.135805140258E-16,-1.347710141589E-15,6.8)
  );
#4791 = DIRECTION('',(-0.,-0.,-1.));
#4792 = DIRECTION('',(-1.,0.,0.));
#4793 = ADVANCED_FACE('',(#4794),#4812,.T.);
#4794 = FACE_BOUND('',#4795,.T.);
#4795 = EDGE_LOOP('',(#4796,#4797,#4805,#4811));
#4796 = ORIENTED_EDGE('',*,*,#4782,.F.);
#4797 = ORIENTED_EDGE('',*,*,#4798,.F.);
#4798 = EDGE_CURVE('',#4799,#4774,#4801,.T.);
#4799 = VERTEX_POINT('',#4800);
#4800 = CARTESIAN_POINT('',(-0.83959634501,-23.4,8.));
#4801 = LINE('',#4802,#4803);
#4802 = CARTESIAN_POINT('',(-0.83959634501,-23.4,0.3));
#4803 = VECTOR('',#4804,1.);
#4804 = DIRECTION('',(-0.,-0.,-1.));
#4805 = ORIENTED_EDGE('',*,*,#4806,.T.);
#4806 = EDGE_CURVE('',#4799,#3247,#4807,.T.);
#4807 = LINE('',#4808,#4809);
#4808 = CARTESIAN_POINT('',(-11.9,-23.4,8.));
#4809 = VECTOR('',#4810,1.);
#4810 = DIRECTION('',(1.,0.,0.));
#4811 = ORIENTED_EDGE('',*,*,#3254,.T.);
#4812 = PLANE('',#4813);
#4813 = AXIS2_PLACEMENT_3D('',#4814,#4815,#4816);
#4814 = CARTESIAN_POINT('',(-11.9,-23.4,6.8));
#4815 = DIRECTION('',(0.,1.,0.));
#4816 = DIRECTION('',(0.,0.,1.));
#4817 = ADVANCED_FACE('',(#4818),#4854,.F.);
#4818 = FACE_BOUND('',#4819,.F.);
#4819 = EDGE_LOOP('',(#4820,#4830,#4837,#4838,#4839,#4847));
#4820 = ORIENTED_EDGE('',*,*,#4821,.F.);
#4821 = EDGE_CURVE('',#4822,#4824,#4826,.T.);
#4822 = VERTEX_POINT('',#4823);
#4823 = CARTESIAN_POINT('',(-3.4,-20.83959634501,8.));
#4824 = VERTEX_POINT('',#4825);
#4825 = CARTESIAN_POINT('',(-3.4,-19.16040365499,8.));
#4826 = LINE('',#4827,#4828);
#4827 = CARTESIAN_POINT('',(-3.4,-31.9,8.));
#4828 = VECTOR('',#4829,1.);
#4829 = DIRECTION('',(0.,1.,0.));
#4830 = ORIENTED_EDGE('',*,*,#4831,.F.);
#4831 = EDGE_CURVE('',#4799,#4822,#4832,.T.);
#4832 = CIRCLE('',#4833,3.216854249492);
#4833 = AXIS2_PLACEMENT_3D('',#4834,#4835,#4836);
#4834 = CARTESIAN_POINT('',(-4.,-24.,8.));
#4835 = DIRECTION('',(0.,0.,1.));
#4836 = DIRECTION('',(1.,0.,0.));
#4837 = ORIENTED_EDGE('',*,*,#4806,.T.);
#4838 = ORIENTED_EDGE('',*,*,#3246,.T.);
#4839 = ORIENTED_EDGE('',*,*,#4840,.F.);
#4840 = EDGE_CURVE('',#4841,#3239,#4843,.T.);
#4841 = VERTEX_POINT('',#4842);
#4842 = CARTESIAN_POINT('',(-0.83959634501,-16.6,8.));
#4843 = LINE('',#4844,#4845);
#4844 = CARTESIAN_POINT('',(-11.9,-16.6,8.));
#4845 = VECTOR('',#4846,1.);
#4846 = DIRECTION('',(1.,0.,0.));
#4847 = ORIENTED_EDGE('',*,*,#4848,.F.);
#4848 = EDGE_CURVE('',#4824,#4841,#4849,.T.);
#4849 = CIRCLE('',#4850,3.216854249492);
#4850 = AXIS2_PLACEMENT_3D('',#4851,#4852,#4853);
#4851 = CARTESIAN_POINT('',(-4.,-16.,8.));
#4852 = DIRECTION('',(0.,0.,1.));
#4853 = DIRECTION('',(1.,0.,0.));
#4854 = PLANE('',#4855);
#4855 = AXIS2_PLACEMENT_3D('',#4856,#4857,#4858);
#4856 = CARTESIAN_POINT('',(-2.739726027397,0.391389432485,8.));
#4857 = DIRECTION('',(0.,0.,1.));
#4858 = DIRECTION('',(1.,0.,0.));
#4859 = ADVANCED_FACE('',(#4860),#4878,.F.);
#4860 = FACE_BOUND('',#4861,.F.);
#4861 = EDGE_LOOP('',(#4862,#4870,#4876,#4877));
#4862 = ORIENTED_EDGE('',*,*,#4863,.F.);
#4863 = EDGE_CURVE('',#4864,#3231,#4866,.T.);
#4864 = VERTEX_POINT('',#4865);
#4865 = CARTESIAN_POINT('',(-0.83959634501,-16.6,6.8));
#4866 = LINE('',#4867,#4868);
#4867 = CARTESIAN_POINT('',(-11.9,-16.6,6.8));
#4868 = VECTOR('',#4869,1.);
#4869 = DIRECTION('',(1.,0.,0.));
#4870 = ORIENTED_EDGE('',*,*,#4871,.F.);
#4871 = EDGE_CURVE('',#4841,#4864,#4872,.T.);
#4872 = LINE('',#4873,#4874);
#4873 = CARTESIAN_POINT('',(-0.83959634501,-16.6,0.3));
#4874 = VECTOR('',#4875,1.);
#4875 = DIRECTION('',(-0.,-0.,-1.));
#4876 = ORIENTED_EDGE('',*,*,#4840,.T.);
#4877 = ORIENTED_EDGE('',*,*,#3238,.T.);
#4878 = PLANE('',#4879);
#4879 = AXIS2_PLACEMENT_3D('',#4880,#4881,#4882);
#4880 = CARTESIAN_POINT('',(-11.9,-16.6,6.8));
#4881 = DIRECTION('',(0.,1.,0.));
#4882 = DIRECTION('',(0.,0.,1.));
#4883 = ADVANCED_FACE('',(#4884),#4912,.T.);
#4884 = FACE_BOUND('',#4885,.T.);
#4885 = EDGE_LOOP('',(#4886,#4887,#4896,#4905,#4911));
#4886 = ORIENTED_EDGE('',*,*,#4863,.F.);
#4887 = ORIENTED_EDGE('',*,*,#4888,.F.);
#4888 = EDGE_CURVE('',#4889,#4864,#4891,.T.);
#4889 = VERTEX_POINT('',#4890);
#4890 = CARTESIAN_POINT('',(-0.783145750508,-16.,6.8));
#4891 = CIRCLE('',#4892,3.216854249492);
#4892 = AXIS2_PLACEMENT_3D('',#4893,#4894,#4895);
#4893 = CARTESIAN_POINT('',(-4.,-16.,6.8));
#4894 = DIRECTION('',(0.,0.,-1.));
#4895 = DIRECTION('',(1.,0.,0.));
#4896 = ORIENTED_EDGE('',*,*,#4897,.F.);
#4897 = EDGE_CURVE('',#4898,#4889,#4900,.T.);
#4898 = VERTEX_POINT('',#4899);
#4899 = CARTESIAN_POINT('',(-0.83959634501,-15.4,6.8));
#4900 = CIRCLE('',#4901,3.216854249492);
#4901 = AXIS2_PLACEMENT_3D('',#4902,#4903,#4904);
#4902 = CARTESIAN_POINT('',(-4.,-16.,6.8));
#4903 = DIRECTION('',(0.,0.,-1.));
#4904 = DIRECTION('',(1.,0.,0.));
#4905 = ORIENTED_EDGE('',*,*,#4906,.T.);
#4906 = EDGE_CURVE('',#4898,#3223,#4907,.T.);
#4907 = LINE('',#4908,#4909);
#4908 = CARTESIAN_POINT('',(-11.9,-15.4,6.8));
#4909 = VECTOR('',#4910,1.);
#4910 = DIRECTION('',(1.,0.,0.));
#4911 = ORIENTED_EDGE('',*,*,#3230,.T.);
#4912 = PLANE('',#4913);
#4913 = AXIS2_PLACEMENT_3D('',#4914,#4915,#4916);
#4914 = CARTESIAN_POINT('',(-5.135805140258E-16,-1.347710141589E-15,6.8)
  );
#4915 = DIRECTION('',(-0.,-0.,-1.));
#4916 = DIRECTION('',(-1.,0.,0.));
#4917 = ADVANCED_FACE('',(#4918),#4936,.T.);
#4918 = FACE_BOUND('',#4919,.T.);
#4919 = EDGE_LOOP('',(#4920,#4921,#4929,#4935));
#4920 = ORIENTED_EDGE('',*,*,#4906,.F.);
#4921 = ORIENTED_EDGE('',*,*,#4922,.F.);
#4922 = EDGE_CURVE('',#4923,#4898,#4925,.T.);
#4923 = VERTEX_POINT('',#4924);
#4924 = CARTESIAN_POINT('',(-0.83959634501,-15.4,8.));
#4925 = LINE('',#4926,#4927);
#4926 = CARTESIAN_POINT('',(-0.83959634501,-15.4,0.3));
#4927 = VECTOR('',#4928,1.);
#4928 = DIRECTION('',(-0.,-0.,-1.));
#4929 = ORIENTED_EDGE('',*,*,#4930,.T.);
#4930 = EDGE_CURVE('',#4923,#3215,#4931,.T.);
#4931 = LINE('',#4932,#4933);
#4932 = CARTESIAN_POINT('',(-11.9,-15.4,8.));
#4933 = VECTOR('',#4934,1.);
#4934 = DIRECTION('',(1.,0.,0.));
#4935 = ORIENTED_EDGE('',*,*,#3222,.T.);
#4936 = PLANE('',#4937);
#4937 = AXIS2_PLACEMENT_3D('',#4938,#4939,#4940);
#4938 = CARTESIAN_POINT('',(-11.9,-15.4,6.8));
#4939 = DIRECTION('',(0.,1.,0.));
#4940 = DIRECTION('',(0.,0.,1.));
#4941 = ADVANCED_FACE('',(#4942),#4978,.F.);
#4942 = FACE_BOUND('',#4943,.F.);
#4943 = EDGE_LOOP('',(#4944,#4954,#4961,#4962,#4963,#4971));
#4944 = ORIENTED_EDGE('',*,*,#4945,.F.);
#4945 = EDGE_CURVE('',#4946,#4948,#4950,.T.);
#4946 = VERTEX_POINT('',#4947);
#4947 = CARTESIAN_POINT('',(-3.4,-12.83959634501,8.));
#4948 = VERTEX_POINT('',#4949);
#4949 = CARTESIAN_POINT('',(-3.4,-11.16040365499,8.));
#4950 = LINE('',#4951,#4952);
#4951 = CARTESIAN_POINT('',(-3.4,-31.9,8.));
#4952 = VECTOR('',#4953,1.);
#4953 = DIRECTION('',(0.,1.,0.));
#4954 = ORIENTED_EDGE('',*,*,#4955,.F.);
#4955 = EDGE_CURVE('',#4923,#4946,#4956,.T.);
#4956 = CIRCLE('',#4957,3.216854249492);
#4957 = AXIS2_PLACEMENT_3D('',#4958,#4959,#4960);
#4958 = CARTESIAN_POINT('',(-4.,-16.,8.));
#4959 = DIRECTION('',(0.,0.,1.));
#4960 = DIRECTION('',(1.,0.,0.));
#4961 = ORIENTED_EDGE('',*,*,#4930,.T.);
#4962 = ORIENTED_EDGE('',*,*,#3214,.T.);
#4963 = ORIENTED_EDGE('',*,*,#4964,.F.);
#4964 = EDGE_CURVE('',#4965,#3207,#4967,.T.);
#4965 = VERTEX_POINT('',#4966);
#4966 = CARTESIAN_POINT('',(-0.83959634501,-8.6,8.));
#4967 = LINE('',#4968,#4969);
#4968 = CARTESIAN_POINT('',(-11.9,-8.6,8.));
#4969 = VECTOR('',#4970,1.);
#4970 = DIRECTION('',(1.,0.,0.));
#4971 = ORIENTED_EDGE('',*,*,#4972,.F.);
#4972 = EDGE_CURVE('',#4948,#4965,#4973,.T.);
#4973 = CIRCLE('',#4974,3.216854249492);
#4974 = AXIS2_PLACEMENT_3D('',#4975,#4976,#4977);
#4975 = CARTESIAN_POINT('',(-4.,-8.,8.));
#4976 = DIRECTION('',(0.,0.,1.));
#4977 = DIRECTION('',(1.,0.,0.));
#4978 = PLANE('',#4979);
#4979 = AXIS2_PLACEMENT_3D('',#4980,#4981,#4982);
#4980 = CARTESIAN_POINT('',(-2.739726027397,0.391389432485,8.));
#4981 = DIRECTION('',(0.,0.,1.));
#4982 = DIRECTION('',(1.,0.,0.));
#4983 = ADVANCED_FACE('',(#4984),#5002,.F.);
#4984 = FACE_BOUND('',#4985,.F.);
#4985 = EDGE_LOOP('',(#4986,#4994,#5000,#5001));
#4986 = ORIENTED_EDGE('',*,*,#4987,.F.);
#4987 = EDGE_CURVE('',#4988,#3199,#4990,.T.);
#4988 = VERTEX_POINT('',#4989);
#4989 = CARTESIAN_POINT('',(-0.83959634501,-8.6,6.8));
#4990 = LINE('',#4991,#4992);
#4991 = CARTESIAN_POINT('',(-11.9,-8.6,6.8));
#4992 = VECTOR('',#4993,1.);
#4993 = DIRECTION('',(1.,0.,0.));
#4994 = ORIENTED_EDGE('',*,*,#4995,.F.);
#4995 = EDGE_CURVE('',#4965,#4988,#4996,.T.);
#4996 = LINE('',#4997,#4998);
#4997 = CARTESIAN_POINT('',(-0.83959634501,-8.6,0.3));
#4998 = VECTOR('',#4999,1.);
#4999 = DIRECTION('',(-0.,-0.,-1.));
#5000 = ORIENTED_EDGE('',*,*,#4964,.T.);
#5001 = ORIENTED_EDGE('',*,*,#3206,.T.);
#5002 = PLANE('',#5003);
#5003 = AXIS2_PLACEMENT_3D('',#5004,#5005,#5006);
#5004 = CARTESIAN_POINT('',(-11.9,-8.6,6.8));
#5005 = DIRECTION('',(0.,1.,0.));
#5006 = DIRECTION('',(0.,0.,1.));
#5007 = ADVANCED_FACE('',(#5008),#5036,.T.);
#5008 = FACE_BOUND('',#5009,.T.);
#5009 = EDGE_LOOP('',(#5010,#5011,#5020,#5029,#5035));
#5010 = ORIENTED_EDGE('',*,*,#4987,.F.);
#5011 = ORIENTED_EDGE('',*,*,#5012,.F.);
#5012 = EDGE_CURVE('',#5013,#4988,#5015,.T.);
#5013 = VERTEX_POINT('',#5014);
#5014 = CARTESIAN_POINT('',(-0.783145750508,-8.,6.8));
#5015 = CIRCLE('',#5016,3.216854249492);
#5016 = AXIS2_PLACEMENT_3D('',#5017,#5018,#5019);
#5017 = CARTESIAN_POINT('',(-4.,-8.,6.8));
#5018 = DIRECTION('',(0.,0.,-1.));
#5019 = DIRECTION('',(1.,0.,0.));
#5020 = ORIENTED_EDGE('',*,*,#5021,.F.);
#5021 = EDGE_CURVE('',#5022,#5013,#5024,.T.);
#5022 = VERTEX_POINT('',#5023);
#5023 = CARTESIAN_POINT('',(-0.83959634501,-7.4,6.8));
#5024 = CIRCLE('',#5025,3.216854249492);
#5025 = AXIS2_PLACEMENT_3D('',#5026,#5027,#5028);
#5026 = CARTESIAN_POINT('',(-4.,-8.,6.8));
#5027 = DIRECTION('',(0.,0.,-1.));
#5028 = DIRECTION('',(1.,0.,0.));
#5029 = ORIENTED_EDGE('',*,*,#5030,.T.);
#5030 = EDGE_CURVE('',#5022,#3191,#5031,.T.);
#5031 = LINE('',#5032,#5033);
#5032 = CARTESIAN_POINT('',(-11.9,-7.4,6.8));
#5033 = VECTOR('',#5034,1.);
#5034 = DIRECTION('',(1.,0.,0.));
#5035 = ORIENTED_EDGE('',*,*,#3198,.T.);
#5036 = PLANE('',#5037);
#5037 = AXIS2_PLACEMENT_3D('',#5038,#5039,#5040);
#5038 = CARTESIAN_POINT('',(-5.135805140258E-16,-1.347710141589E-15,6.8)
  );
#5039 = DIRECTION('',(-0.,-0.,-1.));
#5040 = DIRECTION('',(-1.,0.,0.));
#5041 = ADVANCED_FACE('',(#5042),#5060,.T.);
#5042 = FACE_BOUND('',#5043,.T.);
#5043 = EDGE_LOOP('',(#5044,#5045,#5053,#5059));
#5044 = ORIENTED_EDGE('',*,*,#5030,.F.);
#5045 = ORIENTED_EDGE('',*,*,#5046,.F.);
#5046 = EDGE_CURVE('',#5047,#5022,#5049,.T.);
#5047 = VERTEX_POINT('',#5048);
#5048 = CARTESIAN_POINT('',(-0.83959634501,-7.4,8.));
#5049 = LINE('',#5050,#5051);
#5050 = CARTESIAN_POINT('',(-0.83959634501,-7.4,0.3));
#5051 = VECTOR('',#5052,1.);
#5052 = DIRECTION('',(-0.,-0.,-1.));
#5053 = ORIENTED_EDGE('',*,*,#5054,.T.);
#5054 = EDGE_CURVE('',#5047,#3183,#5055,.T.);
#5055 = LINE('',#5056,#5057);
#5056 = CARTESIAN_POINT('',(-11.9,-7.4,8.));
#5057 = VECTOR('',#5058,1.);
#5058 = DIRECTION('',(1.,0.,0.));
#5059 = ORIENTED_EDGE('',*,*,#3190,.T.);
#5060 = PLANE('',#5061);
#5061 = AXIS2_PLACEMENT_3D('',#5062,#5063,#5064);
#5062 = CARTESIAN_POINT('',(-11.9,-7.4,6.8));
#5063 = DIRECTION('',(0.,1.,0.));
#5064 = DIRECTION('',(0.,0.,1.));
#5065 = ADVANCED_FACE('',(#5066),#5102,.F.);
#5066 = FACE_BOUND('',#5067,.F.);
#5067 = EDGE_LOOP('',(#5068,#5078,#5085,#5086,#5087,#5095));
#5068 = ORIENTED_EDGE('',*,*,#5069,.F.);
#5069 = EDGE_CURVE('',#5070,#5072,#5074,.T.);
#5070 = VERTEX_POINT('',#5071);
#5071 = CARTESIAN_POINT('',(-3.4,-4.83959634501,8.));
#5072 = VERTEX_POINT('',#5073);
#5073 = CARTESIAN_POINT('',(-3.4,-3.16040365499,8.));
#5074 = LINE('',#5075,#5076);
#5075 = CARTESIAN_POINT('',(-3.4,-31.9,8.));
#5076 = VECTOR('',#5077,1.);
#5077 = DIRECTION('',(0.,1.,0.));
#5078 = ORIENTED_EDGE('',*,*,#5079,.F.);
#5079 = EDGE_CURVE('',#5047,#5070,#5080,.T.);
#5080 = CIRCLE('',#5081,3.216854249492);
#5081 = AXIS2_PLACEMENT_3D('',#5082,#5083,#5084);
#5082 = CARTESIAN_POINT('',(-4.,-8.,8.));
#5083 = DIRECTION('',(0.,0.,1.));
#5084 = DIRECTION('',(1.,0.,0.));
#5085 = ORIENTED_EDGE('',*,*,#5054,.T.);
#5086 = ORIENTED_EDGE('',*,*,#3182,.T.);
#5087 = ORIENTED_EDGE('',*,*,#5088,.F.);
#5088 = EDGE_CURVE('',#5089,#3175,#5091,.T.);
#5089 = VERTEX_POINT('',#5090);
#5090 = CARTESIAN_POINT('',(-0.83959634501,-0.6,8.));
#5091 = LINE('',#5092,#5093);
#5092 = CARTESIAN_POINT('',(-11.9,-0.6,8.));
#5093 = VECTOR('',#5094,1.);
#5094 = DIRECTION('',(1.,0.,0.));
#5095 = ORIENTED_EDGE('',*,*,#5096,.F.);
#5096 = EDGE_CURVE('',#5072,#5089,#5097,.T.);
#5097 = CIRCLE('',#5098,3.216854249492);
#5098 = AXIS2_PLACEMENT_3D('',#5099,#5100,#5101);
#5099 = CARTESIAN_POINT('',(-4.,0.,8.));
#5100 = DIRECTION('',(0.,0.,1.));
#5101 = DIRECTION('',(1.,0.,0.));
#5102 = PLANE('',#5103);
#5103 = AXIS2_PLACEMENT_3D('',#5104,#5105,#5106);
#5104 = CARTESIAN_POINT('',(-2.739726027397,0.391389432485,8.));
#5105 = DIRECTION('',(0.,0.,1.));
#5106 = DIRECTION('',(1.,0.,0.));
#5107 = ADVANCED_FACE('',(#5108),#5126,.F.);
#5108 = FACE_BOUND('',#5109,.F.);
#5109 = EDGE_LOOP('',(#5110,#5118,#5124,#5125));
#5110 = ORIENTED_EDGE('',*,*,#5111,.F.);
#5111 = EDGE_CURVE('',#5112,#3167,#5114,.T.);
#5112 = VERTEX_POINT('',#5113);
#5113 = CARTESIAN_POINT('',(-0.83959634501,-0.6,6.8));
#5114 = LINE('',#5115,#5116);
#5115 = CARTESIAN_POINT('',(-11.9,-0.6,6.8));
#5116 = VECTOR('',#5117,1.);
#5117 = DIRECTION('',(1.,0.,0.));
#5118 = ORIENTED_EDGE('',*,*,#5119,.F.);
#5119 = EDGE_CURVE('',#5089,#5112,#5120,.T.);
#5120 = LINE('',#5121,#5122);
#5121 = CARTESIAN_POINT('',(-0.83959634501,-0.6,0.3));
#5122 = VECTOR('',#5123,1.);
#5123 = DIRECTION('',(-0.,-0.,-1.));
#5124 = ORIENTED_EDGE('',*,*,#5088,.T.);
#5125 = ORIENTED_EDGE('',*,*,#3174,.T.);
#5126 = PLANE('',#5127);
#5127 = AXIS2_PLACEMENT_3D('',#5128,#5129,#5130);
#5128 = CARTESIAN_POINT('',(-11.9,-0.6,6.8));
#5129 = DIRECTION('',(0.,1.,0.));
#5130 = DIRECTION('',(0.,0.,1.));
#5131 = ADVANCED_FACE('',(#5132),#5160,.T.);
#5132 = FACE_BOUND('',#5133,.T.);
#5133 = EDGE_LOOP('',(#5134,#5135,#5144,#5153,#5159));
#5134 = ORIENTED_EDGE('',*,*,#5111,.F.);
#5135 = ORIENTED_EDGE('',*,*,#5136,.F.);
#5136 = EDGE_CURVE('',#5137,#5112,#5139,.T.);
#5137 = VERTEX_POINT('',#5138);
#5138 = CARTESIAN_POINT('',(-0.783145750508,-7.879020519929E-16,6.8));
#5139 = CIRCLE('',#5140,3.216854249492);
#5140 = AXIS2_PLACEMENT_3D('',#5141,#5142,#5143);
#5141 = CARTESIAN_POINT('',(-4.,0.,6.8));
#5142 = DIRECTION('',(0.,0.,-1.));
#5143 = DIRECTION('',(1.,0.,0.));
#5144 = ORIENTED_EDGE('',*,*,#5145,.F.);
#5145 = EDGE_CURVE('',#5146,#5137,#5148,.T.);
#5146 = VERTEX_POINT('',#5147);
#5147 = CARTESIAN_POINT('',(-0.83959634501,0.6,6.8));
#5148 = CIRCLE('',#5149,3.216854249492);
#5149 = AXIS2_PLACEMENT_3D('',#5150,#5151,#5152);
#5150 = CARTESIAN_POINT('',(-4.,0.,6.8));
#5151 = DIRECTION('',(0.,0.,-1.));
#5152 = DIRECTION('',(1.,0.,0.));
#5153 = ORIENTED_EDGE('',*,*,#5154,.T.);
#5154 = EDGE_CURVE('',#5146,#3159,#5155,.T.);
#5155 = LINE('',#5156,#5157);
#5156 = CARTESIAN_POINT('',(-11.9,0.6,6.8));
#5157 = VECTOR('',#5158,1.);
#5158 = DIRECTION('',(1.,0.,0.));
#5159 = ORIENTED_EDGE('',*,*,#3166,.T.);
#5160 = PLANE('',#5161);
#5161 = AXIS2_PLACEMENT_3D('',#5162,#5163,#5164);
#5162 = CARTESIAN_POINT('',(-5.135805140258E-16,-1.347710141589E-15,6.8)
  );
#5163 = DIRECTION('',(-0.,-0.,-1.));
#5164 = DIRECTION('',(-1.,0.,0.));
#5165 = ADVANCED_FACE('',(#5166),#5177,.T.);
#5166 = FACE_BOUND('',#5167,.T.);
#5167 = EDGE_LOOP('',(#5168,#5169,#5175,#5176));
#5168 = ORIENTED_EDGE('',*,*,#5154,.F.);
#5169 = ORIENTED_EDGE('',*,*,#5170,.F.);
#5170 = EDGE_CURVE('',#4273,#5146,#5171,.T.);
#5171 = LINE('',#5172,#5173);
#5172 = CARTESIAN_POINT('',(-0.83959634501,0.6,0.3));
#5173 = VECTOR('',#5174,1.);
#5174 = DIRECTION('',(-0.,-0.,-1.));
#5175 = ORIENTED_EDGE('',*,*,#4281,.T.);
#5176 = ORIENTED_EDGE('',*,*,#3158,.T.);
#5177 = PLANE('',#5178);
#5178 = AXIS2_PLACEMENT_3D('',#5179,#5180,#5181);
#5179 = CARTESIAN_POINT('',(-11.9,0.6,6.8));
#5180 = DIRECTION('',(0.,1.,0.));
#5181 = DIRECTION('',(0.,0.,1.));
#5182 = ADVANCED_FACE('',(#5183),#5201,.T.);
#5183 = FACE_BOUND('',#5184,.T.);
#5184 = EDGE_LOOP('',(#5185,#5186,#5187,#5195));
#5185 = ORIENTED_EDGE('',*,*,#4706,.F.);
#5186 = ORIENTED_EDGE('',*,*,#3318,.F.);
#5187 = ORIENTED_EDGE('',*,*,#5188,.T.);
#5188 = EDGE_CURVE('',#3311,#5189,#5191,.T.);
#5189 = VERTEX_POINT('',#5190);
#5190 = CARTESIAN_POINT('',(-3.4,-27.16040365499,6.8));
#5191 = LINE('',#5192,#5193);
#5192 = CARTESIAN_POINT('',(-3.4,-31.9,6.8));
#5193 = VECTOR('',#5194,1.);
#5194 = DIRECTION('',(0.,1.,0.));
#5195 = ORIENTED_EDGE('',*,*,#5196,.F.);
#5196 = EDGE_CURVE('',#4707,#5189,#5197,.T.);
#5197 = LINE('',#5198,#5199);
#5198 = CARTESIAN_POINT('',(-3.4,-27.16040365499,0.3));
#5199 = VECTOR('',#5200,1.);
#5200 = DIRECTION('',(-0.,-0.,-1.));
#5201 = PLANE('',#5202);
#5202 = AXIS2_PLACEMENT_3D('',#5203,#5204,#5205);
#5203 = CARTESIAN_POINT('',(-3.4,-31.9,6.8));
#5204 = DIRECTION('',(1.,0.,0.));
#5205 = DIRECTION('',(0.,0.,1.));
#5206 = ADVANCED_FACE('',(#5207),#5226,.T.);
#5207 = FACE_BOUND('',#5208,.T.);
#5208 = EDGE_LOOP('',(#5209,#5210,#5218,#5225));
#5209 = ORIENTED_EDGE('',*,*,#3310,.F.);
#5210 = ORIENTED_EDGE('',*,*,#5211,.T.);
#5211 = EDGE_CURVE('',#3303,#5212,#5214,.T.);
#5212 = VERTEX_POINT('',#5213);
#5213 = CARTESIAN_POINT('',(-4.6,-27.16040365499,6.8));
#5214 = LINE('',#5215,#5216);
#5215 = CARTESIAN_POINT('',(-4.6,-31.9,6.8));
#5216 = VECTOR('',#5217,1.);
#5217 = DIRECTION('',(0.,1.,0.));
#5218 = ORIENTED_EDGE('',*,*,#5219,.F.);
#5219 = EDGE_CURVE('',#5189,#5212,#5220,.T.);
#5220 = CIRCLE('',#5221,3.216854249492);
#5221 = AXIS2_PLACEMENT_3D('',#5222,#5223,#5224);
#5222 = CARTESIAN_POINT('',(-4.,-24.,6.8));
#5223 = DIRECTION('',(0.,0.,-1.));
#5224 = DIRECTION('',(1.,0.,0.));
#5225 = ORIENTED_EDGE('',*,*,#5188,.F.);
#5226 = PLANE('',#5227);
#5227 = AXIS2_PLACEMENT_3D('',#5228,#5229,#5230);
#5228 = CARTESIAN_POINT('',(-5.135805140258E-16,-1.347710141589E-15,6.8)
  );
#5229 = DIRECTION('',(-0.,-0.,-1.));
#5230 = DIRECTION('',(-1.,0.,0.));
#5231 = ADVANCED_FACE('',(#5232),#5243,.F.);
#5232 = FACE_BOUND('',#5233,.F.);
#5233 = EDGE_LOOP('',(#5234,#5235,#5236,#5237));
#5234 = ORIENTED_EDGE('',*,*,#4139,.F.);
#5235 = ORIENTED_EDGE('',*,*,#3302,.F.);
#5236 = ORIENTED_EDGE('',*,*,#5211,.T.);
#5237 = ORIENTED_EDGE('',*,*,#5238,.F.);
#5238 = EDGE_CURVE('',#4140,#5212,#5239,.T.);
#5239 = LINE('',#5240,#5241);
#5240 = CARTESIAN_POINT('',(-4.6,-27.16040365499,0.3));
#5241 = VECTOR('',#5242,1.);
#5242 = DIRECTION('',(-0.,-0.,-1.));
#5243 = PLANE('',#5244);
#5244 = AXIS2_PLACEMENT_3D('',#5245,#5246,#5247);
#5245 = CARTESIAN_POINT('',(-4.6,-31.9,6.8));
#5246 = DIRECTION('',(1.,0.,0.));
#5247 = DIRECTION('',(0.,0.,1.));
#5248 = ADVANCED_FACE('',(#5249),#5304,.T.);
#5249 = FACE_BOUND('',#5250,.F.);
#5250 = EDGE_LOOP('',(#5251,#5260,#5266,#5267,#5268,#5269,#5270,#5271,
    #5272,#5273,#5274,#5275,#5276,#5277,#5285,#5294,#5300,#5301,#5302,
    #5303));
#5251 = ORIENTED_EDGE('',*,*,#5252,.F.);
#5252 = EDGE_CURVE('',#5253,#5253,#5255,.T.);
#5253 = VERTEX_POINT('',#5254);
#5254 = CARTESIAN_POINT('',(-0.783145750508,24.,0.3));
#5255 = CIRCLE('',#5256,3.216854249492);
#5256 = AXIS2_PLACEMENT_3D('',#5257,#5258,#5259);
#5257 = CARTESIAN_POINT('',(-4.,24.,0.3));
#5258 = DIRECTION('',(0.,0.,1.));
#5259 = DIRECTION('',(1.,0.,0.));
#5260 = ORIENTED_EDGE('',*,*,#5261,.T.);
#5261 = EDGE_CURVE('',#5253,#4594,#5262,.T.);
#5262 = LINE('',#5263,#5264);
#5263 = CARTESIAN_POINT('',(-0.783145750508,24.,0.3));
#5264 = VECTOR('',#5265,1.);
#5265 = DIRECTION('',(0.,0.,1.));
#5266 = ORIENTED_EDGE('',*,*,#4602,.F.);
#5267 = ORIENTED_EDGE('',*,*,#4627,.F.);
#5268 = ORIENTED_EDGE('',*,*,#4172,.T.);
#5269 = ORIENTED_EDGE('',*,*,#4197,.T.);
#5270 = ORIENTED_EDGE('',*,*,#4220,.F.);
#5271 = ORIENTED_EDGE('',*,*,#4246,.F.);
#5272 = ORIENTED_EDGE('',*,*,#3350,.T.);
#5273 = ORIENTED_EDGE('',*,*,#3384,.T.);
#5274 = ORIENTED_EDGE('',*,*,#3398,.F.);
#5275 = ORIENTED_EDGE('',*,*,#3433,.F.);
#5276 = ORIENTED_EDGE('',*,*,#3473,.T.);
#5277 = ORIENTED_EDGE('',*,*,#5278,.T.);
#5278 = EDGE_CURVE('',#3466,#5279,#5281,.T.);
#5279 = VERTEX_POINT('',#5280);
#5280 = CARTESIAN_POINT('',(-4.6,20.839596345009,6.8));
#5281 = LINE('',#5282,#5283);
#5282 = CARTESIAN_POINT('',(-4.6,20.83959634501,0.3));
#5283 = VECTOR('',#5284,1.);
#5284 = DIRECTION('',(-0.,-0.,-1.));
#5285 = ORIENTED_EDGE('',*,*,#5286,.F.);
#5286 = EDGE_CURVE('',#5287,#5279,#5289,.T.);
#5287 = VERTEX_POINT('',#5288);
#5288 = CARTESIAN_POINT('',(-3.4,20.839596345009,6.8));
#5289 = CIRCLE('',#5290,3.216854249492);
#5290 = AXIS2_PLACEMENT_3D('',#5291,#5292,#5293);
#5291 = CARTESIAN_POINT('',(-4.,24.,6.8));
#5292 = DIRECTION('',(0.,0.,-1.));
#5293 = DIRECTION('',(1.,0.,0.));
#5294 = ORIENTED_EDGE('',*,*,#5295,.F.);
#5295 = EDGE_CURVE('',#4529,#5287,#5296,.T.);
#5296 = LINE('',#5297,#5298);
#5297 = CARTESIAN_POINT('',(-3.4,20.83959634501,0.3));
#5298 = VECTOR('',#5299,1.);
#5299 = DIRECTION('',(-0.,-0.,-1.));
#5300 = ORIENTED_EDGE('',*,*,#4553,.T.);
#5301 = ORIENTED_EDGE('',*,*,#4576,.T.);
#5302 = ORIENTED_EDGE('',*,*,#4593,.F.);
#5303 = ORIENTED_EDGE('',*,*,#5261,.F.);
#5304 = CYLINDRICAL_SURFACE('',#5305,3.216854249492);
#5305 = AXIS2_PLACEMENT_3D('',#5306,#5307,#5308);
#5306 = CARTESIAN_POINT('',(-4.,24.,0.3));
#5307 = DIRECTION('',(-0.,-0.,-1.));
#5308 = DIRECTION('',(1.,0.,0.));
#5309 = ADVANCED_FACE('',(#5310),#5328,.F.);
#5310 = FACE_BOUND('',#5311,.F.);
#5311 = EDGE_LOOP('',(#5312,#5313,#5321,#5327));
#5312 = ORIENTED_EDGE('',*,*,#3465,.F.);
#5313 = ORIENTED_EDGE('',*,*,#5314,.T.);
#5314 = EDGE_CURVE('',#3457,#5315,#5317,.T.);
#5315 = VERTEX_POINT('',#5316);
#5316 = CARTESIAN_POINT('',(-4.6,19.16040365499,6.8));
#5317 = LINE('',#5318,#5319);
#5318 = CARTESIAN_POINT('',(-4.6,19.16040365499,0.3));
#5319 = VECTOR('',#5320,1.);
#5320 = DIRECTION('',(-0.,-0.,-1.));
#5321 = ORIENTED_EDGE('',*,*,#5322,.T.);
#5322 = EDGE_CURVE('',#5315,#5279,#5323,.T.);
#5323 = LINE('',#5324,#5325);
#5324 = CARTESIAN_POINT('',(-4.6,-31.9,6.8));
#5325 = VECTOR('',#5326,1.);
#5326 = DIRECTION('',(0.,1.,0.));
#5327 = ORIENTED_EDGE('',*,*,#5278,.F.);
#5328 = PLANE('',#5329);
#5329 = AXIS2_PLACEMENT_3D('',#5330,#5331,#5332);
#5330 = CARTESIAN_POINT('',(-4.6,-31.9,6.8));
#5331 = DIRECTION('',(1.,0.,0.));
#5332 = DIRECTION('',(0.,0.,1.));
#5333 = ADVANCED_FACE('',(#5334),#5402,.T.);
#5334 = FACE_BOUND('',#5335,.F.);
#5335 = EDGE_LOOP('',(#5336,#5345,#5351,#5352,#5353,#5354,#5362,#5369,
    #5370,#5371,#5372,#5373,#5374,#5375,#5383,#5392,#5398,#5399,#5400,
    #5401));
#5336 = ORIENTED_EDGE('',*,*,#5337,.F.);
#5337 = EDGE_CURVE('',#5338,#5338,#5340,.T.);
#5338 = VERTEX_POINT('',#5339);
#5339 = CARTESIAN_POINT('',(-0.783145750508,16.,0.3));
#5340 = CIRCLE('',#5341,3.216854249492);
#5341 = AXIS2_PLACEMENT_3D('',#5342,#5343,#5344);
#5342 = CARTESIAN_POINT('',(-4.,16.,0.3));
#5343 = DIRECTION('',(0.,0.,1.));
#5344 = DIRECTION('',(1.,0.,0.));
#5345 = ORIENTED_EDGE('',*,*,#5346,.T.);
#5346 = EDGE_CURVE('',#5338,#4470,#5347,.T.);
#5347 = LINE('',#5348,#5349);
#5348 = CARTESIAN_POINT('',(-0.783145750508,16.,0.3));
#5349 = VECTOR('',#5350,1.);
#5350 = DIRECTION('',(0.,0.,1.));
#5351 = ORIENTED_EDGE('',*,*,#4478,.F.);
#5352 = ORIENTED_EDGE('',*,*,#4503,.F.);
#5353 = ORIENTED_EDGE('',*,*,#4536,.T.);
#5354 = ORIENTED_EDGE('',*,*,#5355,.T.);
#5355 = EDGE_CURVE('',#4527,#5356,#5358,.T.);
#5356 = VERTEX_POINT('',#5357);
#5357 = CARTESIAN_POINT('',(-3.4,19.16040365499,6.8));
#5358 = LINE('',#5359,#5360);
#5359 = CARTESIAN_POINT('',(-3.4,19.16040365499,0.3));
#5360 = VECTOR('',#5361,1.);
#5361 = DIRECTION('',(-0.,-0.,-1.));
#5362 = ORIENTED_EDGE('',*,*,#5363,.F.);
#5363 = EDGE_CURVE('',#5315,#5356,#5364,.T.);
#5364 = CIRCLE('',#5365,3.216854249492);
#5365 = AXIS2_PLACEMENT_3D('',#5366,#5367,#5368);
#5366 = CARTESIAN_POINT('',(-4.,16.,6.8));
#5367 = DIRECTION('',(0.,0.,-1.));
#5368 = DIRECTION('',(1.,0.,0.));
#5369 = ORIENTED_EDGE('',*,*,#5314,.F.);
#5370 = ORIENTED_EDGE('',*,*,#3456,.T.);
#5371 = ORIENTED_EDGE('',*,*,#3499,.T.);
#5372 = ORIENTED_EDGE('',*,*,#3513,.F.);
#5373 = ORIENTED_EDGE('',*,*,#3548,.F.);
#5374 = ORIENTED_EDGE('',*,*,#3588,.T.);
#5375 = ORIENTED_EDGE('',*,*,#5376,.T.);
#5376 = EDGE_CURVE('',#3581,#5377,#5379,.T.);
#5377 = VERTEX_POINT('',#5378);
#5378 = CARTESIAN_POINT('',(-4.6,12.83959634501,6.8));
#5379 = LINE('',#5380,#5381);
#5380 = CARTESIAN_POINT('',(-4.6,12.83959634501,0.3));
#5381 = VECTOR('',#5382,1.);
#5382 = DIRECTION('',(-0.,-0.,-1.));
#5383 = ORIENTED_EDGE('',*,*,#5384,.F.);
#5384 = EDGE_CURVE('',#5385,#5377,#5387,.T.);
#5385 = VERTEX_POINT('',#5386);
#5386 = CARTESIAN_POINT('',(-3.4,12.83959634501,6.8));
#5387 = CIRCLE('',#5388,3.216854249492);
#5388 = AXIS2_PLACEMENT_3D('',#5389,#5390,#5391);
#5389 = CARTESIAN_POINT('',(-4.,16.,6.8));
#5390 = DIRECTION('',(0.,0.,-1.));
#5391 = DIRECTION('',(1.,0.,0.));
#5392 = ORIENTED_EDGE('',*,*,#5393,.F.);
#5393 = EDGE_CURVE('',#4405,#5385,#5394,.T.);
#5394 = LINE('',#5395,#5396);
#5395 = CARTESIAN_POINT('',(-3.4,12.83959634501,0.3));
#5396 = VECTOR('',#5397,1.);
#5397 = DIRECTION('',(-0.,-0.,-1.));
#5398 = ORIENTED_EDGE('',*,*,#4429,.T.);
#5399 = ORIENTED_EDGE('',*,*,#4452,.T.);
#5400 = ORIENTED_EDGE('',*,*,#4469,.F.);
#5401 = ORIENTED_EDGE('',*,*,#5346,.F.);
#5402 = CYLINDRICAL_SURFACE('',#5403,3.216854249492);
#5403 = AXIS2_PLACEMENT_3D('',#5404,#5405,#5406);
#5404 = CARTESIAN_POINT('',(-4.,16.,0.3));
#5405 = DIRECTION('',(-0.,-0.,-1.));
#5406 = DIRECTION('',(1.,0.,0.));
#5407 = ADVANCED_FACE('',(#5408),#5426,.F.);
#5408 = FACE_BOUND('',#5409,.F.);
#5409 = EDGE_LOOP('',(#5410,#5411,#5419,#5425));
#5410 = ORIENTED_EDGE('',*,*,#3580,.F.);
#5411 = ORIENTED_EDGE('',*,*,#5412,.T.);
#5412 = EDGE_CURVE('',#3572,#5413,#5415,.T.);
#5413 = VERTEX_POINT('',#5414);
#5414 = CARTESIAN_POINT('',(-4.6,11.160403654991,6.8));
#5415 = LINE('',#5416,#5417);
#5416 = CARTESIAN_POINT('',(-4.6,11.16040365499,0.3));
#5417 = VECTOR('',#5418,1.);
#5418 = DIRECTION('',(-0.,-0.,-1.));
#5419 = ORIENTED_EDGE('',*,*,#5420,.T.);
#5420 = EDGE_CURVE('',#5413,#5377,#5421,.T.);
#5421 = LINE('',#5422,#5423);
#5422 = CARTESIAN_POINT('',(-4.6,-31.9,6.8));
#5423 = VECTOR('',#5424,1.);
#5424 = DIRECTION('',(0.,1.,0.));
#5425 = ORIENTED_EDGE('',*,*,#5376,.F.);
#5426 = PLANE('',#5427);
#5427 = AXIS2_PLACEMENT_3D('',#5428,#5429,#5430);
#5428 = CARTESIAN_POINT('',(-4.6,-31.9,6.8));
#5429 = DIRECTION('',(1.,0.,0.));
#5430 = DIRECTION('',(0.,0.,1.));
#5431 = ADVANCED_FACE('',(#5432),#5500,.T.);
#5432 = FACE_BOUND('',#5433,.F.);
#5433 = EDGE_LOOP('',(#5434,#5443,#5449,#5450,#5451,#5452,#5460,#5467,
    #5468,#5469,#5470,#5471,#5472,#5473,#5481,#5490,#5496,#5497,#5498,
    #5499));
#5434 = ORIENTED_EDGE('',*,*,#5435,.F.);
#5435 = EDGE_CURVE('',#5436,#5436,#5438,.T.);
#5436 = VERTEX_POINT('',#5437);
#5437 = CARTESIAN_POINT('',(-0.783145750508,8.,0.3));
#5438 = CIRCLE('',#5439,3.216854249492);
#5439 = AXIS2_PLACEMENT_3D('',#5440,#5441,#5442);
#5440 = CARTESIAN_POINT('',(-4.,8.,0.3));
#5441 = DIRECTION('',(0.,0.,1.));
#5442 = DIRECTION('',(1.,0.,0.));
#5443 = ORIENTED_EDGE('',*,*,#5444,.T.);
#5444 = EDGE_CURVE('',#5436,#4346,#5445,.T.);
#5445 = LINE('',#5446,#5447);
#5446 = CARTESIAN_POINT('',(-0.783145750508,8.,0.3));
#5447 = VECTOR('',#5448,1.);
#5448 = DIRECTION('',(0.,0.,1.));
#5449 = ORIENTED_EDGE('',*,*,#4354,.F.);
#5450 = ORIENTED_EDGE('',*,*,#4379,.F.);
#5451 = ORIENTED_EDGE('',*,*,#4412,.T.);
#5452 = ORIENTED_EDGE('',*,*,#5453,.T.);
#5453 = EDGE_CURVE('',#4403,#5454,#5456,.T.);
#5454 = VERTEX_POINT('',#5455);
#5455 = CARTESIAN_POINT('',(-3.4,11.16040365499,6.8));
#5456 = LINE('',#5457,#5458);
#5457 = CARTESIAN_POINT('',(-3.4,11.16040365499,0.3));
#5458 = VECTOR('',#5459,1.);
#5459 = DIRECTION('',(-0.,-0.,-1.));
#5460 = ORIENTED_EDGE('',*,*,#5461,.F.);
#5461 = EDGE_CURVE('',#5413,#5454,#5462,.T.);
#5462 = CIRCLE('',#5463,3.216854249492);
#5463 = AXIS2_PLACEMENT_3D('',#5464,#5465,#5466);
#5464 = CARTESIAN_POINT('',(-4.,8.,6.8));
#5465 = DIRECTION('',(0.,0.,-1.));
#5466 = DIRECTION('',(1.,0.,0.));
#5467 = ORIENTED_EDGE('',*,*,#5412,.F.);
#5468 = ORIENTED_EDGE('',*,*,#3571,.T.);
#5469 = ORIENTED_EDGE('',*,*,#3614,.T.);
#5470 = ORIENTED_EDGE('',*,*,#3628,.F.);
#5471 = ORIENTED_EDGE('',*,*,#3663,.F.);
#5472 = ORIENTED_EDGE('',*,*,#3703,.T.);
#5473 = ORIENTED_EDGE('',*,*,#5474,.T.);
#5474 = EDGE_CURVE('',#3696,#5475,#5477,.T.);
#5475 = VERTEX_POINT('',#5476);
#5476 = CARTESIAN_POINT('',(-4.6,4.839596345009,6.8));
#5477 = LINE('',#5478,#5479);
#5478 = CARTESIAN_POINT('',(-4.6,4.83959634501,0.3));
#5479 = VECTOR('',#5480,1.);
#5480 = DIRECTION('',(-0.,-0.,-1.));
#5481 = ORIENTED_EDGE('',*,*,#5482,.F.);
#5482 = EDGE_CURVE('',#5483,#5475,#5485,.T.);
#5483 = VERTEX_POINT('',#5484);
#5484 = CARTESIAN_POINT('',(-3.4,4.83959634501,6.8));
#5485 = CIRCLE('',#5486,3.216854249492);
#5486 = AXIS2_PLACEMENT_3D('',#5487,#5488,#5489);
#5487 = CARTESIAN_POINT('',(-4.,8.,6.8));
#5488 = DIRECTION('',(0.,0.,-1.));
#5489 = DIRECTION('',(1.,0.,0.));
#5490 = ORIENTED_EDGE('',*,*,#5491,.F.);
#5491 = EDGE_CURVE('',#4265,#5483,#5492,.T.);
#5492 = LINE('',#5493,#5494);
#5493 = CARTESIAN_POINT('',(-3.4,4.83959634501,0.3));
#5494 = VECTOR('',#5495,1.);
#5495 = DIRECTION('',(-0.,-0.,-1.));
#5496 = ORIENTED_EDGE('',*,*,#4305,.T.);
#5497 = ORIENTED_EDGE('',*,*,#4328,.T.);
#5498 = ORIENTED_EDGE('',*,*,#4345,.F.);
#5499 = ORIENTED_EDGE('',*,*,#5444,.F.);
#5500 = CYLINDRICAL_SURFACE('',#5501,3.216854249492);
#5501 = AXIS2_PLACEMENT_3D('',#5502,#5503,#5504);
#5502 = CARTESIAN_POINT('',(-4.,8.,0.3));
#5503 = DIRECTION('',(-0.,-0.,-1.));
#5504 = DIRECTION('',(1.,0.,0.));
#5505 = ADVANCED_FACE('',(#5506),#5524,.F.);
#5506 = FACE_BOUND('',#5507,.F.);
#5507 = EDGE_LOOP('',(#5508,#5509,#5517,#5523));
#5508 = ORIENTED_EDGE('',*,*,#3695,.F.);
#5509 = ORIENTED_EDGE('',*,*,#5510,.T.);
#5510 = EDGE_CURVE('',#3687,#5511,#5513,.T.);
#5511 = VERTEX_POINT('',#5512);
#5512 = CARTESIAN_POINT('',(-4.6,3.16040365499,6.8));
#5513 = LINE('',#5514,#5515);
#5514 = CARTESIAN_POINT('',(-4.6,3.16040365499,0.3));
#5515 = VECTOR('',#5516,1.);
#5516 = DIRECTION('',(-0.,-0.,-1.));
#5517 = ORIENTED_EDGE('',*,*,#5518,.T.);
#5518 = EDGE_CURVE('',#5511,#5475,#5519,.T.);
#5519 = LINE('',#5520,#5521);
#5520 = CARTESIAN_POINT('',(-4.6,-31.9,6.8));
#5521 = VECTOR('',#5522,1.);
#5522 = DIRECTION('',(0.,1.,0.));
#5523 = ORIENTED_EDGE('',*,*,#5474,.F.);
#5524 = PLANE('',#5525);
#5525 = AXIS2_PLACEMENT_3D('',#5526,#5527,#5528);
#5526 = CARTESIAN_POINT('',(-4.6,-31.9,6.8));
#5527 = DIRECTION('',(1.,0.,0.));
#5528 = DIRECTION('',(0.,0.,1.));
#5529 = ADVANCED_FACE('',(#5530),#5598,.T.);
#5530 = FACE_BOUND('',#5531,.F.);
#5531 = EDGE_LOOP('',(#5532,#5541,#5547,#5548,#5549,#5550,#5558,#5565,
    #5566,#5567,#5568,#5569,#5570,#5571,#5579,#5588,#5594,#5595,#5596,
    #5597));
#5532 = ORIENTED_EDGE('',*,*,#5533,.F.);
#5533 = EDGE_CURVE('',#5534,#5534,#5536,.T.);
#5534 = VERTEX_POINT('',#5535);
#5535 = CARTESIAN_POINT('',(-0.783145750508,-7.879020519929E-16,0.3));
#5536 = CIRCLE('',#5537,3.216854249492);
#5537 = AXIS2_PLACEMENT_3D('',#5538,#5539,#5540);
#5538 = CARTESIAN_POINT('',(-4.,0.,0.3));
#5539 = DIRECTION('',(0.,0.,1.));
#5540 = DIRECTION('',(1.,0.,0.));
#5541 = ORIENTED_EDGE('',*,*,#5542,.T.);
#5542 = EDGE_CURVE('',#5534,#5137,#5543,.T.);
#5543 = LINE('',#5544,#5545);
#5544 = CARTESIAN_POINT('',(-0.783145750508,-7.879020519929E-16,0.3));
#5545 = VECTOR('',#5546,1.);
#5546 = DIRECTION('',(0.,0.,1.));
#5547 = ORIENTED_EDGE('',*,*,#5145,.F.);
#5548 = ORIENTED_EDGE('',*,*,#5170,.F.);
#5549 = ORIENTED_EDGE('',*,*,#4272,.T.);
#5550 = ORIENTED_EDGE('',*,*,#5551,.T.);
#5551 = EDGE_CURVE('',#4263,#5552,#5554,.T.);
#5552 = VERTEX_POINT('',#5553);
#5553 = CARTESIAN_POINT('',(-3.4,3.16040365499,6.8));
#5554 = LINE('',#5555,#5556);
#5555 = CARTESIAN_POINT('',(-3.4,3.16040365499,0.3));
#5556 = VECTOR('',#5557,1.);
#5557 = DIRECTION('',(-0.,-0.,-1.));
#5558 = ORIENTED_EDGE('',*,*,#5559,.F.);
#5559 = EDGE_CURVE('',#5511,#5552,#5560,.T.);
#5560 = CIRCLE('',#5561,3.216854249492);
#5561 = AXIS2_PLACEMENT_3D('',#5562,#5563,#5564);
#5562 = CARTESIAN_POINT('',(-4.,0.,6.8));
#5563 = DIRECTION('',(0.,0.,-1.));
#5564 = DIRECTION('',(1.,0.,0.));
#5565 = ORIENTED_EDGE('',*,*,#5510,.F.);
#5566 = ORIENTED_EDGE('',*,*,#3686,.T.);
#5567 = ORIENTED_EDGE('',*,*,#3729,.T.);
#5568 = ORIENTED_EDGE('',*,*,#3743,.F.);
#5569 = ORIENTED_EDGE('',*,*,#3778,.F.);
#5570 = ORIENTED_EDGE('',*,*,#3818,.T.);
#5571 = ORIENTED_EDGE('',*,*,#5572,.T.);
#5572 = EDGE_CURVE('',#3811,#5573,#5575,.T.);
#5573 = VERTEX_POINT('',#5574);
#5574 = CARTESIAN_POINT('',(-4.6,-3.16040365499,6.8));
#5575 = LINE('',#5576,#5577);
#5576 = CARTESIAN_POINT('',(-4.6,-3.16040365499,0.3));
#5577 = VECTOR('',#5578,1.);
#5578 = DIRECTION('',(-0.,-0.,-1.));
#5579 = ORIENTED_EDGE('',*,*,#5580,.F.);
#5580 = EDGE_CURVE('',#5581,#5573,#5583,.T.);
#5581 = VERTEX_POINT('',#5582);
#5582 = CARTESIAN_POINT('',(-3.4,-3.16040365499,6.8));
#5583 = CIRCLE('',#5584,3.216854249492);
#5584 = AXIS2_PLACEMENT_3D('',#5585,#5586,#5587);
#5585 = CARTESIAN_POINT('',(-4.,0.,6.8));
#5586 = DIRECTION('',(0.,0.,-1.));
#5587 = DIRECTION('',(1.,0.,0.));
#5588 = ORIENTED_EDGE('',*,*,#5589,.F.);
#5589 = EDGE_CURVE('',#5072,#5581,#5590,.T.);
#5590 = LINE('',#5591,#5592);
#5591 = CARTESIAN_POINT('',(-3.4,-3.16040365499,0.3));
#5592 = VECTOR('',#5593,1.);
#5593 = DIRECTION('',(-0.,-0.,-1.));
#5594 = ORIENTED_EDGE('',*,*,#5096,.T.);
#5595 = ORIENTED_EDGE('',*,*,#5119,.T.);
#5596 = ORIENTED_EDGE('',*,*,#5136,.F.);
#5597 = ORIENTED_EDGE('',*,*,#5542,.F.);
#5598 = CYLINDRICAL_SURFACE('',#5599,3.216854249492);
#5599 = AXIS2_PLACEMENT_3D('',#5600,#5601,#5602);
#5600 = CARTESIAN_POINT('',(-4.,0.,0.3));
#5601 = DIRECTION('',(-0.,-0.,-1.));
#5602 = DIRECTION('',(1.,0.,0.));
#5603 = ADVANCED_FACE('',(#5604),#5622,.F.);
#5604 = FACE_BOUND('',#5605,.F.);
#5605 = EDGE_LOOP('',(#5606,#5607,#5615,#5621));
#5606 = ORIENTED_EDGE('',*,*,#3810,.F.);
#5607 = ORIENTED_EDGE('',*,*,#5608,.T.);
#5608 = EDGE_CURVE('',#3802,#5609,#5611,.T.);
#5609 = VERTEX_POINT('',#5610);
#5610 = CARTESIAN_POINT('',(-4.6,-4.83959634501,6.8));
#5611 = LINE('',#5612,#5613);
#5612 = CARTESIAN_POINT('',(-4.6,-4.83959634501,0.3));
#5613 = VECTOR('',#5614,1.);
#5614 = DIRECTION('',(-0.,-0.,-1.));
#5615 = ORIENTED_EDGE('',*,*,#5616,.T.);
#5616 = EDGE_CURVE('',#5609,#5573,#5617,.T.);
#5617 = LINE('',#5618,#5619);
#5618 = CARTESIAN_POINT('',(-4.6,-31.9,6.8));
#5619 = VECTOR('',#5620,1.);
#5620 = DIRECTION('',(0.,1.,0.));
#5621 = ORIENTED_EDGE('',*,*,#5572,.F.);
#5622 = PLANE('',#5623);
#5623 = AXIS2_PLACEMENT_3D('',#5624,#5625,#5626);
#5624 = CARTESIAN_POINT('',(-4.6,-31.9,6.8));
#5625 = DIRECTION('',(1.,0.,0.));
#5626 = DIRECTION('',(0.,0.,1.));
#5627 = ADVANCED_FACE('',(#5628),#5696,.T.);
#5628 = FACE_BOUND('',#5629,.F.);
#5629 = EDGE_LOOP('',(#5630,#5639,#5645,#5646,#5647,#5648,#5656,#5663,
    #5664,#5665,#5666,#5667,#5668,#5669,#5677,#5686,#5692,#5693,#5694,
    #5695));
#5630 = ORIENTED_EDGE('',*,*,#5631,.F.);
#5631 = EDGE_CURVE('',#5632,#5632,#5634,.T.);
#5632 = VERTEX_POINT('',#5633);
#5633 = CARTESIAN_POINT('',(-0.783145750508,-8.,0.3));
#5634 = CIRCLE('',#5635,3.216854249492);
#5635 = AXIS2_PLACEMENT_3D('',#5636,#5637,#5638);
#5636 = CARTESIAN_POINT('',(-4.,-8.,0.3));
#5637 = DIRECTION('',(0.,0.,1.));
#5638 = DIRECTION('',(1.,0.,0.));
#5639 = ORIENTED_EDGE('',*,*,#5640,.T.);
#5640 = EDGE_CURVE('',#5632,#5013,#5641,.T.);
#5641 = LINE('',#5642,#5643);
#5642 = CARTESIAN_POINT('',(-0.783145750508,-8.,0.3));
#5643 = VECTOR('',#5644,1.);
#5644 = DIRECTION('',(0.,0.,1.));
#5645 = ORIENTED_EDGE('',*,*,#5021,.F.);
#5646 = ORIENTED_EDGE('',*,*,#5046,.F.);
#5647 = ORIENTED_EDGE('',*,*,#5079,.T.);
#5648 = ORIENTED_EDGE('',*,*,#5649,.T.);
#5649 = EDGE_CURVE('',#5070,#5650,#5652,.T.);
#5650 = VERTEX_POINT('',#5651);
#5651 = CARTESIAN_POINT('',(-3.4,-4.83959634501,6.8));
#5652 = LINE('',#5653,#5654);
#5653 = CARTESIAN_POINT('',(-3.4,-4.83959634501,0.3));
#5654 = VECTOR('',#5655,1.);
#5655 = DIRECTION('',(-0.,-0.,-1.));
#5656 = ORIENTED_EDGE('',*,*,#5657,.F.);
#5657 = EDGE_CURVE('',#5609,#5650,#5658,.T.);
#5658 = CIRCLE('',#5659,3.216854249492);
#5659 = AXIS2_PLACEMENT_3D('',#5660,#5661,#5662);
#5660 = CARTESIAN_POINT('',(-4.,-8.,6.8));
#5661 = DIRECTION('',(0.,0.,-1.));
#5662 = DIRECTION('',(1.,0.,0.));
#5663 = ORIENTED_EDGE('',*,*,#5608,.F.);
#5664 = ORIENTED_EDGE('',*,*,#3801,.T.);
#5665 = ORIENTED_EDGE('',*,*,#3844,.T.);
#5666 = ORIENTED_EDGE('',*,*,#3858,.F.);
#5667 = ORIENTED_EDGE('',*,*,#3893,.F.);
#5668 = ORIENTED_EDGE('',*,*,#3933,.T.);
#5669 = ORIENTED_EDGE('',*,*,#5670,.T.);
#5670 = EDGE_CURVE('',#3926,#5671,#5673,.T.);
#5671 = VERTEX_POINT('',#5672);
#5672 = CARTESIAN_POINT('',(-4.6,-11.16040365499,6.8));
#5673 = LINE('',#5674,#5675);
#5674 = CARTESIAN_POINT('',(-4.6,-11.16040365499,0.3));
#5675 = VECTOR('',#5676,1.);
#5676 = DIRECTION('',(-0.,-0.,-1.));
#5677 = ORIENTED_EDGE('',*,*,#5678,.F.);
#5678 = EDGE_CURVE('',#5679,#5671,#5681,.T.);
#5679 = VERTEX_POINT('',#5680);
#5680 = CARTESIAN_POINT('',(-3.4,-11.16040365499,6.8));
#5681 = CIRCLE('',#5682,3.216854249492);
#5682 = AXIS2_PLACEMENT_3D('',#5683,#5684,#5685);
#5683 = CARTESIAN_POINT('',(-4.,-8.,6.8));
#5684 = DIRECTION('',(0.,0.,-1.));
#5685 = DIRECTION('',(1.,0.,0.));
#5686 = ORIENTED_EDGE('',*,*,#5687,.F.);
#5687 = EDGE_CURVE('',#4948,#5679,#5688,.T.);
#5688 = LINE('',#5689,#5690);
#5689 = CARTESIAN_POINT('',(-3.4,-11.16040365499,0.3));
#5690 = VECTOR('',#5691,1.);
#5691 = DIRECTION('',(-0.,-0.,-1.));
#5692 = ORIENTED_EDGE('',*,*,#4972,.T.);
#5693 = ORIENTED_EDGE('',*,*,#4995,.T.);
#5694 = ORIENTED_EDGE('',*,*,#5012,.F.);
#5695 = ORIENTED_EDGE('',*,*,#5640,.F.);
#5696 = CYLINDRICAL_SURFACE('',#5697,3.216854249492);
#5697 = AXIS2_PLACEMENT_3D('',#5698,#5699,#5700);
#5698 = CARTESIAN_POINT('',(-4.,-8.,0.3));
#5699 = DIRECTION('',(-0.,-0.,-1.));
#5700 = DIRECTION('',(1.,0.,0.));
#5701 = ADVANCED_FACE('',(#5702),#5720,.F.);
#5702 = FACE_BOUND('',#5703,.F.);
#5703 = EDGE_LOOP('',(#5704,#5705,#5713,#5719));
#5704 = ORIENTED_EDGE('',*,*,#3925,.F.);
#5705 = ORIENTED_EDGE('',*,*,#5706,.T.);
#5706 = EDGE_CURVE('',#3917,#5707,#5709,.T.);
#5707 = VERTEX_POINT('',#5708);
#5708 = CARTESIAN_POINT('',(-4.6,-12.83959634501,6.8));
#5709 = LINE('',#5710,#5711);
#5710 = CARTESIAN_POINT('',(-4.6,-12.83959634501,0.3));
#5711 = VECTOR('',#5712,1.);
#5712 = DIRECTION('',(-0.,-0.,-1.));
#5713 = ORIENTED_EDGE('',*,*,#5714,.T.);
#5714 = EDGE_CURVE('',#5707,#5671,#5715,.T.);
#5715 = LINE('',#5716,#5717);
#5716 = CARTESIAN_POINT('',(-4.6,-31.9,6.8));
#5717 = VECTOR('',#5718,1.);
#5718 = DIRECTION('',(0.,1.,0.));
#5719 = ORIENTED_EDGE('',*,*,#5670,.F.);
#5720 = PLANE('',#5721);
#5721 = AXIS2_PLACEMENT_3D('',#5722,#5723,#5724);
#5722 = CARTESIAN_POINT('',(-4.6,-31.9,6.8));
#5723 = DIRECTION('',(1.,0.,0.));
#5724 = DIRECTION('',(0.,0.,1.));
#5725 = ADVANCED_FACE('',(#5726),#5794,.T.);
#5726 = FACE_BOUND('',#5727,.F.);
#5727 = EDGE_LOOP('',(#5728,#5737,#5743,#5744,#5745,#5746,#5754,#5761,
    #5762,#5763,#5764,#5765,#5766,#5767,#5775,#5784,#5790,#5791,#5792,
    #5793));
#5728 = ORIENTED_EDGE('',*,*,#5729,.F.);
#5729 = EDGE_CURVE('',#5730,#5730,#5732,.T.);
#5730 = VERTEX_POINT('',#5731);
#5731 = CARTESIAN_POINT('',(-0.783145750508,-16.,0.3));
#5732 = CIRCLE('',#5733,3.216854249492);
#5733 = AXIS2_PLACEMENT_3D('',#5734,#5735,#5736);
#5734 = CARTESIAN_POINT('',(-4.,-16.,0.3));
#5735 = DIRECTION('',(0.,0.,1.));
#5736 = DIRECTION('',(1.,0.,0.));
#5737 = ORIENTED_EDGE('',*,*,#5738,.T.);
#5738 = EDGE_CURVE('',#5730,#4889,#5739,.T.);
#5739 = LINE('',#5740,#5741);
#5740 = CARTESIAN_POINT('',(-0.783145750508,-16.,0.3));
#5741 = VECTOR('',#5742,1.);
#5742 = DIRECTION('',(0.,0.,1.));
#5743 = ORIENTED_EDGE('',*,*,#4897,.F.);
#5744 = ORIENTED_EDGE('',*,*,#4922,.F.);
#5745 = ORIENTED_EDGE('',*,*,#4955,.T.);
#5746 = ORIENTED_EDGE('',*,*,#5747,.T.);
#5747 = EDGE_CURVE('',#4946,#5748,#5750,.T.);
#5748 = VERTEX_POINT('',#5749);
#5749 = CARTESIAN_POINT('',(-3.4,-12.83959634501,6.8));
#5750 = LINE('',#5751,#5752);
#5751 = CARTESIAN_POINT('',(-3.4,-12.83959634501,0.3));
#5752 = VECTOR('',#5753,1.);
#5753 = DIRECTION('',(-0.,-0.,-1.));
#5754 = ORIENTED_EDGE('',*,*,#5755,.F.);
#5755 = EDGE_CURVE('',#5707,#5748,#5756,.T.);
#5756 = CIRCLE('',#5757,3.216854249492);
#5757 = AXIS2_PLACEMENT_3D('',#5758,#5759,#5760);
#5758 = CARTESIAN_POINT('',(-4.,-16.,6.8));
#5759 = DIRECTION('',(0.,0.,-1.));
#5760 = DIRECTION('',(1.,0.,0.));
#5761 = ORIENTED_EDGE('',*,*,#5706,.F.);
#5762 = ORIENTED_EDGE('',*,*,#3916,.T.);
#5763 = ORIENTED_EDGE('',*,*,#3959,.T.);
#5764 = ORIENTED_EDGE('',*,*,#3973,.F.);
#5765 = ORIENTED_EDGE('',*,*,#4008,.F.);
#5766 = ORIENTED_EDGE('',*,*,#4048,.T.);
#5767 = ORIENTED_EDGE('',*,*,#5768,.T.);
#5768 = EDGE_CURVE('',#4041,#5769,#5771,.T.);
#5769 = VERTEX_POINT('',#5770);
#5770 = CARTESIAN_POINT('',(-4.6,-19.16040365499,6.8));
#5771 = LINE('',#5772,#5773);
#5772 = CARTESIAN_POINT('',(-4.6,-19.16040365499,0.3));
#5773 = VECTOR('',#5774,1.);
#5774 = DIRECTION('',(-0.,-0.,-1.));
#5775 = ORIENTED_EDGE('',*,*,#5776,.F.);
#5776 = EDGE_CURVE('',#5777,#5769,#5779,.T.);
#5777 = VERTEX_POINT('',#5778);
#5778 = CARTESIAN_POINT('',(-3.4,-19.16040365499,6.8));
#5779 = CIRCLE('',#5780,3.216854249492);
#5780 = AXIS2_PLACEMENT_3D('',#5781,#5782,#5783);
#5781 = CARTESIAN_POINT('',(-4.,-16.,6.8));
#5782 = DIRECTION('',(0.,0.,-1.));
#5783 = DIRECTION('',(1.,0.,0.));
#5784 = ORIENTED_EDGE('',*,*,#5785,.F.);
#5785 = EDGE_CURVE('',#4824,#5777,#5786,.T.);
#5786 = LINE('',#5787,#5788);
#5787 = CARTESIAN_POINT('',(-3.4,-19.16040365499,0.3));
#5788 = VECTOR('',#5789,1.);
#5789 = DIRECTION('',(-0.,-0.,-1.));
#5790 = ORIENTED_EDGE('',*,*,#4848,.T.);
#5791 = ORIENTED_EDGE('',*,*,#4871,.T.);
#5792 = ORIENTED_EDGE('',*,*,#4888,.F.);
#5793 = ORIENTED_EDGE('',*,*,#5738,.F.);
#5794 = CYLINDRICAL_SURFACE('',#5795,3.216854249492);
#5795 = AXIS2_PLACEMENT_3D('',#5796,#5797,#5798);
#5796 = CARTESIAN_POINT('',(-4.,-16.,0.3));
#5797 = DIRECTION('',(-0.,-0.,-1.));
#5798 = DIRECTION('',(1.,0.,0.));
#5799 = ADVANCED_FACE('',(#5800),#5818,.F.);
#5800 = FACE_BOUND('',#5801,.F.);
#5801 = EDGE_LOOP('',(#5802,#5803,#5811,#5817));
#5802 = ORIENTED_EDGE('',*,*,#4040,.F.);
#5803 = ORIENTED_EDGE('',*,*,#5804,.T.);
#5804 = EDGE_CURVE('',#4032,#5805,#5807,.T.);
#5805 = VERTEX_POINT('',#5806);
#5806 = CARTESIAN_POINT('',(-4.6,-20.83959634501,6.8));
#5807 = LINE('',#5808,#5809);
#5808 = CARTESIAN_POINT('',(-4.6,-20.83959634501,0.3));
#5809 = VECTOR('',#5810,1.);
#5810 = DIRECTION('',(-0.,-0.,-1.));
#5811 = ORIENTED_EDGE('',*,*,#5812,.T.);
#5812 = EDGE_CURVE('',#5805,#5769,#5813,.T.);
#5813 = LINE('',#5814,#5815);
#5814 = CARTESIAN_POINT('',(-4.6,-31.9,6.8));
#5815 = VECTOR('',#5816,1.);
#5816 = DIRECTION('',(0.,1.,0.));
#5817 = ORIENTED_EDGE('',*,*,#5768,.F.);
#5818 = PLANE('',#5819);
#5819 = AXIS2_PLACEMENT_3D('',#5820,#5821,#5822);
#5820 = CARTESIAN_POINT('',(-4.6,-31.9,6.8));
#5821 = DIRECTION('',(1.,0.,0.));
#5822 = DIRECTION('',(0.,0.,1.));
#5823 = ADVANCED_FACE('',(#5824),#5872,.T.);
#5824 = FACE_BOUND('',#5825,.F.);
#5825 = EDGE_LOOP('',(#5826,#5835,#5841,#5842,#5843,#5844,#5852,#5859,
    #5860,#5861,#5862,#5863,#5864,#5865,#5866,#5867,#5868,#5869,#5870,
    #5871));
#5826 = ORIENTED_EDGE('',*,*,#5827,.F.);
#5827 = EDGE_CURVE('',#5828,#5828,#5830,.T.);
#5828 = VERTEX_POINT('',#5829);
#5829 = CARTESIAN_POINT('',(-0.783145750508,-24.,0.3));
#5830 = CIRCLE('',#5831,3.216854249492);
#5831 = AXIS2_PLACEMENT_3D('',#5832,#5833,#5834);
#5832 = CARTESIAN_POINT('',(-4.,-24.,0.3));
#5833 = DIRECTION('',(0.,0.,1.));
#5834 = DIRECTION('',(1.,0.,0.));
#5835 = ORIENTED_EDGE('',*,*,#5836,.T.);
#5836 = EDGE_CURVE('',#5828,#4765,#5837,.T.);
#5837 = LINE('',#5838,#5839);
#5838 = CARTESIAN_POINT('',(-0.783145750508,-24.,0.3));
#5839 = VECTOR('',#5840,1.);
#5840 = DIRECTION('',(0.,0.,1.));
#5841 = ORIENTED_EDGE('',*,*,#4773,.F.);
#5842 = ORIENTED_EDGE('',*,*,#4798,.F.);
#5843 = ORIENTED_EDGE('',*,*,#4831,.T.);
#5844 = ORIENTED_EDGE('',*,*,#5845,.T.);
#5845 = EDGE_CURVE('',#4822,#5846,#5848,.T.);
#5846 = VERTEX_POINT('',#5847);
#5847 = CARTESIAN_POINT('',(-3.4,-20.83959634501,6.8));
#5848 = LINE('',#5849,#5850);
#5849 = CARTESIAN_POINT('',(-3.4,-20.83959634501,0.3));
#5850 = VECTOR('',#5851,1.);
#5851 = DIRECTION('',(-0.,-0.,-1.));
#5852 = ORIENTED_EDGE('',*,*,#5853,.F.);
#5853 = EDGE_CURVE('',#5805,#5846,#5854,.T.);
#5854 = CIRCLE('',#5855,3.216854249492);
#5855 = AXIS2_PLACEMENT_3D('',#5856,#5857,#5858);
#5856 = CARTESIAN_POINT('',(-4.,-24.,6.8));
#5857 = DIRECTION('',(0.,0.,-1.));
#5858 = DIRECTION('',(1.,0.,0.));
#5859 = ORIENTED_EDGE('',*,*,#5804,.F.);
#5860 = ORIENTED_EDGE('',*,*,#4031,.T.);
#5861 = ORIENTED_EDGE('',*,*,#4074,.T.);
#5862 = ORIENTED_EDGE('',*,*,#4088,.F.);
#5863 = ORIENTED_EDGE('',*,*,#4123,.F.);
#5864 = ORIENTED_EDGE('',*,*,#4147,.T.);
#5865 = ORIENTED_EDGE('',*,*,#5238,.T.);
#5866 = ORIENTED_EDGE('',*,*,#5219,.F.);
#5867 = ORIENTED_EDGE('',*,*,#5196,.F.);
#5868 = ORIENTED_EDGE('',*,*,#4724,.T.);
#5869 = ORIENTED_EDGE('',*,*,#4747,.T.);
#5870 = ORIENTED_EDGE('',*,*,#4764,.F.);
#5871 = ORIENTED_EDGE('',*,*,#5836,.F.);
#5872 = CYLINDRICAL_SURFACE('',#5873,3.216854249492);
#5873 = AXIS2_PLACEMENT_3D('',#5874,#5875,#5876);
#5874 = CARTESIAN_POINT('',(-4.,-24.,0.3));
#5875 = DIRECTION('',(-0.,-0.,-1.));
#5876 = DIRECTION('',(1.,0.,0.));
#5877 = ADVANCED_FACE('',(#5878),#5889,.T.);
#5878 = FACE_BOUND('',#5879,.T.);
#5879 = EDGE_LOOP('',(#5880,#5881,#5882,#5888));
#5880 = ORIENTED_EDGE('',*,*,#4262,.F.);
#5881 = ORIENTED_EDGE('',*,*,#5551,.T.);
#5882 = ORIENTED_EDGE('',*,*,#5883,.T.);
#5883 = EDGE_CURVE('',#5552,#5483,#5884,.T.);
#5884 = LINE('',#5885,#5886);
#5885 = CARTESIAN_POINT('',(-3.4,-31.9,6.8));
#5886 = VECTOR('',#5887,1.);
#5887 = DIRECTION('',(0.,1.,0.));
#5888 = ORIENTED_EDGE('',*,*,#5491,.F.);
#5889 = PLANE('',#5890);
#5890 = AXIS2_PLACEMENT_3D('',#5891,#5892,#5893);
#5891 = CARTESIAN_POINT('',(-3.4,-31.9,6.8));
#5892 = DIRECTION('',(1.,0.,0.));
#5893 = DIRECTION('',(0.,0.,1.));
#5894 = ADVANCED_FACE('',(#5895),#5906,.T.);
#5895 = FACE_BOUND('',#5896,.T.);
#5896 = EDGE_LOOP('',(#5897,#5898,#5899,#5905));
#5897 = ORIENTED_EDGE('',*,*,#4402,.F.);
#5898 = ORIENTED_EDGE('',*,*,#5453,.T.);
#5899 = ORIENTED_EDGE('',*,*,#5900,.T.);
#5900 = EDGE_CURVE('',#5454,#5385,#5901,.T.);
#5901 = LINE('',#5902,#5903);
#5902 = CARTESIAN_POINT('',(-3.4,-31.9,6.8));
#5903 = VECTOR('',#5904,1.);
#5904 = DIRECTION('',(0.,1.,0.));
#5905 = ORIENTED_EDGE('',*,*,#5393,.F.);
#5906 = PLANE('',#5907);
#5907 = AXIS2_PLACEMENT_3D('',#5908,#5909,#5910);
#5908 = CARTESIAN_POINT('',(-3.4,-31.9,6.8));
#5909 = DIRECTION('',(1.,0.,0.));
#5910 = DIRECTION('',(0.,0.,1.));
#5911 = ADVANCED_FACE('',(#5912),#5923,.T.);
#5912 = FACE_BOUND('',#5913,.T.);
#5913 = EDGE_LOOP('',(#5914,#5915,#5916,#5922));
#5914 = ORIENTED_EDGE('',*,*,#4526,.F.);
#5915 = ORIENTED_EDGE('',*,*,#5355,.T.);
#5916 = ORIENTED_EDGE('',*,*,#5917,.T.);
#5917 = EDGE_CURVE('',#5356,#5287,#5918,.T.);
#5918 = LINE('',#5919,#5920);
#5919 = CARTESIAN_POINT('',(-3.4,-31.9,6.8));
#5920 = VECTOR('',#5921,1.);
#5921 = DIRECTION('',(0.,1.,0.));
#5922 = ORIENTED_EDGE('',*,*,#5295,.F.);
#5923 = PLANE('',#5924);
#5924 = AXIS2_PLACEMENT_3D('',#5925,#5926,#5927);
#5925 = CARTESIAN_POINT('',(-3.4,-31.9,6.8));
#5926 = DIRECTION('',(1.,0.,0.));
#5927 = DIRECTION('',(0.,0.,1.));
#5928 = ADVANCED_FACE('',(#5929),#5940,.T.);
#5929 = FACE_BOUND('',#5930,.T.);
#5930 = EDGE_LOOP('',(#5931,#5932,#5933,#5939));
#5931 = ORIENTED_EDGE('',*,*,#4821,.F.);
#5932 = ORIENTED_EDGE('',*,*,#5845,.T.);
#5933 = ORIENTED_EDGE('',*,*,#5934,.T.);
#5934 = EDGE_CURVE('',#5846,#5777,#5935,.T.);
#5935 = LINE('',#5936,#5937);
#5936 = CARTESIAN_POINT('',(-3.4,-31.9,6.8));
#5937 = VECTOR('',#5938,1.);
#5938 = DIRECTION('',(0.,1.,0.));
#5939 = ORIENTED_EDGE('',*,*,#5785,.F.);
#5940 = PLANE('',#5941);
#5941 = AXIS2_PLACEMENT_3D('',#5942,#5943,#5944);
#5942 = CARTESIAN_POINT('',(-3.4,-31.9,6.8));
#5943 = DIRECTION('',(1.,0.,0.));
#5944 = DIRECTION('',(0.,0.,1.));
#5945 = ADVANCED_FACE('',(#5946),#5957,.T.);
#5946 = FACE_BOUND('',#5947,.T.);
#5947 = EDGE_LOOP('',(#5948,#5949,#5950,#5956));
#5948 = ORIENTED_EDGE('',*,*,#4945,.F.);
#5949 = ORIENTED_EDGE('',*,*,#5747,.T.);
#5950 = ORIENTED_EDGE('',*,*,#5951,.T.);
#5951 = EDGE_CURVE('',#5748,#5679,#5952,.T.);
#5952 = LINE('',#5953,#5954);
#5953 = CARTESIAN_POINT('',(-3.4,-31.9,6.8));
#5954 = VECTOR('',#5955,1.);
#5955 = DIRECTION('',(0.,1.,0.));
#5956 = ORIENTED_EDGE('',*,*,#5687,.F.);
#5957 = PLANE('',#5958);
#5958 = AXIS2_PLACEMENT_3D('',#5959,#5960,#5961);
#5959 = CARTESIAN_POINT('',(-3.4,-31.9,6.8));
#5960 = DIRECTION('',(1.,0.,0.));
#5961 = DIRECTION('',(0.,0.,1.));
#5962 = ADVANCED_FACE('',(#5963),#5974,.T.);
#5963 = FACE_BOUND('',#5964,.T.);
#5964 = EDGE_LOOP('',(#5965,#5966,#5967,#5973));
#5965 = ORIENTED_EDGE('',*,*,#5069,.F.);
#5966 = ORIENTED_EDGE('',*,*,#5649,.T.);
#5967 = ORIENTED_EDGE('',*,*,#5968,.T.);
#5968 = EDGE_CURVE('',#5650,#5581,#5969,.T.);
#5969 = LINE('',#5970,#5971);
#5970 = CARTESIAN_POINT('',(-3.4,-31.9,6.8));
#5971 = VECTOR('',#5972,1.);
#5972 = DIRECTION('',(0.,1.,0.));
#5973 = ORIENTED_EDGE('',*,*,#5589,.F.);
#5974 = PLANE('',#5975);
#5975 = AXIS2_PLACEMENT_3D('',#5976,#5977,#5978);
#5976 = CARTESIAN_POINT('',(-3.4,-31.9,6.8));
#5977 = DIRECTION('',(1.,0.,0.));
#5978 = DIRECTION('',(0.,0.,1.));
#5979 = ADVANCED_FACE('',(#5980),#5999,.T.);
#5980 = FACE_BOUND('',#5981,.T.);
#5981 = EDGE_LOOP('',(#5982,#5983,#5991,#5998));
#5982 = ORIENTED_EDGE('',*,*,#5252,.F.);
#5983 = ORIENTED_EDGE('',*,*,#5984,.F.);
#5984 = EDGE_CURVE('',#5985,#5253,#5987,.T.);
#5985 = VERTEX_POINT('',#5986);
#5986 = CARTESIAN_POINT('',(-0.983145750508,24.,0.));
#5987 = LINE('',#5988,#5989);
#5988 = CARTESIAN_POINT('',(-0.983145750508,24.,0.));
#5989 = VECTOR('',#5990,1.);
#5990 = DIRECTION('',(0.554700196225,-1.358623639587E-16,0.832050294338)
  );
#5991 = ORIENTED_EDGE('',*,*,#5992,.T.);
#5992 = EDGE_CURVE('',#5985,#5985,#5993,.T.);
#5993 = CIRCLE('',#5994,3.016854249492);
#5994 = AXIS2_PLACEMENT_3D('',#5995,#5996,#5997);
#5995 = CARTESIAN_POINT('',(-4.,24.,0.));
#5996 = DIRECTION('',(0.,0.,1.));
#5997 = DIRECTION('',(1.,0.,0.));
#5998 = ORIENTED_EDGE('',*,*,#5984,.T.);
#5999 = CONICAL_SURFACE('',#6000,3.016854249492,0.588002603548);
#6000 = AXIS2_PLACEMENT_3D('',#6001,#6002,#6003);
#6001 = CARTESIAN_POINT('',(-4.,24.,0.));
#6002 = DIRECTION('',(0.,0.,1.));
#6003 = DIRECTION('',(1.,0.,0.));
#6004 = ADVANCED_FACE('',(#6005),#6011,.T.);
#6005 = FACE_BOUND('',#6006,.T.);
#6006 = EDGE_LOOP('',(#6007,#6008,#6009,#6010));
#6007 = ORIENTED_EDGE('',*,*,#5363,.F.);
#6008 = ORIENTED_EDGE('',*,*,#5322,.T.);
#6009 = ORIENTED_EDGE('',*,*,#5286,.F.);
#6010 = ORIENTED_EDGE('',*,*,#5917,.F.);
#6011 = PLANE('',#6012);
#6012 = AXIS2_PLACEMENT_3D('',#6013,#6014,#6015);
#6013 = CARTESIAN_POINT('',(-5.135805140258E-16,-1.347710141589E-15,6.8)
  );
#6014 = DIRECTION('',(-0.,-0.,-1.));
#6015 = DIRECTION('',(-1.,0.,0.));
#6016 = ADVANCED_FACE('',(#6017),#6036,.T.);
#6017 = FACE_BOUND('',#6018,.T.);
#6018 = EDGE_LOOP('',(#6019,#6020,#6028,#6035));
#6019 = ORIENTED_EDGE('',*,*,#5337,.F.);
#6020 = ORIENTED_EDGE('',*,*,#6021,.F.);
#6021 = EDGE_CURVE('',#6022,#5338,#6024,.T.);
#6022 = VERTEX_POINT('',#6023);
#6023 = CARTESIAN_POINT('',(-0.983145750508,16.,0.));
#6024 = LINE('',#6025,#6026);
#6025 = CARTESIAN_POINT('',(-0.983145750508,16.,0.));
#6026 = VECTOR('',#6027,1.);
#6027 = DIRECTION('',(0.554700196225,-1.358623639587E-16,0.832050294338)
  );
#6028 = ORIENTED_EDGE('',*,*,#6029,.T.);
#6029 = EDGE_CURVE('',#6022,#6022,#6030,.T.);
#6030 = CIRCLE('',#6031,3.016854249492);
#6031 = AXIS2_PLACEMENT_3D('',#6032,#6033,#6034);
#6032 = CARTESIAN_POINT('',(-4.,16.,0.));
#6033 = DIRECTION('',(0.,0.,1.));
#6034 = DIRECTION('',(1.,0.,0.));
#6035 = ORIENTED_EDGE('',*,*,#6021,.T.);
#6036 = CONICAL_SURFACE('',#6037,3.016854249492,0.588002603548);
#6037 = AXIS2_PLACEMENT_3D('',#6038,#6039,#6040);
#6038 = CARTESIAN_POINT('',(-4.,16.,0.));
#6039 = DIRECTION('',(0.,0.,1.));
#6040 = DIRECTION('',(1.,0.,0.));
#6041 = ADVANCED_FACE('',(#6042),#6048,.T.);
#6042 = FACE_BOUND('',#6043,.T.);
#6043 = EDGE_LOOP('',(#6044,#6045,#6046,#6047));
#6044 = ORIENTED_EDGE('',*,*,#5461,.F.);
#6045 = ORIENTED_EDGE('',*,*,#5420,.T.);
#6046 = ORIENTED_EDGE('',*,*,#5384,.F.);
#6047 = ORIENTED_EDGE('',*,*,#5900,.F.);
#6048 = PLANE('',#6049);
#6049 = AXIS2_PLACEMENT_3D('',#6050,#6051,#6052);
#6050 = CARTESIAN_POINT('',(-5.135805140258E-16,-1.347710141589E-15,6.8)
  );
#6051 = DIRECTION('',(-0.,-0.,-1.));
#6052 = DIRECTION('',(-1.,0.,0.));
#6053 = ADVANCED_FACE('',(#6054),#6073,.T.);
#6054 = FACE_BOUND('',#6055,.T.);
#6055 = EDGE_LOOP('',(#6056,#6057,#6065,#6072));
#6056 = ORIENTED_EDGE('',*,*,#5435,.F.);
#6057 = ORIENTED_EDGE('',*,*,#6058,.F.);
#6058 = EDGE_CURVE('',#6059,#5436,#6061,.T.);
#6059 = VERTEX_POINT('',#6060);
#6060 = CARTESIAN_POINT('',(-0.983145750508,8.,0.));
#6061 = LINE('',#6062,#6063);
#6062 = CARTESIAN_POINT('',(-0.983145750508,8.,0.));
#6063 = VECTOR('',#6064,1.);
#6064 = DIRECTION('',(0.554700196225,-1.358623639587E-16,0.832050294338)
  );
#6065 = ORIENTED_EDGE('',*,*,#6066,.T.);
#6066 = EDGE_CURVE('',#6059,#6059,#6067,.T.);
#6067 = CIRCLE('',#6068,3.016854249492);
#6068 = AXIS2_PLACEMENT_3D('',#6069,#6070,#6071);
#6069 = CARTESIAN_POINT('',(-4.,8.,0.));
#6070 = DIRECTION('',(0.,0.,1.));
#6071 = DIRECTION('',(1.,0.,0.));
#6072 = ORIENTED_EDGE('',*,*,#6058,.T.);
#6073 = CONICAL_SURFACE('',#6074,3.016854249492,0.588002603548);
#6074 = AXIS2_PLACEMENT_3D('',#6075,#6076,#6077);
#6075 = CARTESIAN_POINT('',(-4.,8.,0.));
#6076 = DIRECTION('',(0.,0.,1.));
#6077 = DIRECTION('',(1.,0.,0.));
#6078 = ADVANCED_FACE('',(#6079),#6085,.T.);
#6079 = FACE_BOUND('',#6080,.T.);
#6080 = EDGE_LOOP('',(#6081,#6082,#6083,#6084));
#6081 = ORIENTED_EDGE('',*,*,#5559,.F.);
#6082 = ORIENTED_EDGE('',*,*,#5518,.T.);
#6083 = ORIENTED_EDGE('',*,*,#5482,.F.);
#6084 = ORIENTED_EDGE('',*,*,#5883,.F.);
#6085 = PLANE('',#6086);
#6086 = AXIS2_PLACEMENT_3D('',#6087,#6088,#6089);
#6087 = CARTESIAN_POINT('',(-5.135805140258E-16,-1.347710141589E-15,6.8)
  );
#6088 = DIRECTION('',(-0.,-0.,-1.));
#6089 = DIRECTION('',(-1.,0.,0.));
#6090 = ADVANCED_FACE('',(#6091),#6110,.T.);
#6091 = FACE_BOUND('',#6092,.T.);
#6092 = EDGE_LOOP('',(#6093,#6094,#6102,#6109));
#6093 = ORIENTED_EDGE('',*,*,#5533,.F.);
#6094 = ORIENTED_EDGE('',*,*,#6095,.F.);
#6095 = EDGE_CURVE('',#6096,#5534,#6098,.T.);
#6096 = VERTEX_POINT('',#6097);
#6097 = CARTESIAN_POINT('',(-0.983145750508,-7.38916180027E-16,0.));
#6098 = LINE('',#6099,#6100);
#6099 = CARTESIAN_POINT('',(-0.983145750508,-7.38916180027E-16,0.));
#6100 = VECTOR('',#6101,1.);
#6101 = DIRECTION('',(0.554700196225,-1.358623639587E-16,0.832050294338)
  );
#6102 = ORIENTED_EDGE('',*,*,#6103,.T.);
#6103 = EDGE_CURVE('',#6096,#6096,#6104,.T.);
#6104 = CIRCLE('',#6105,3.016854249492);
#6105 = AXIS2_PLACEMENT_3D('',#6106,#6107,#6108);
#6106 = CARTESIAN_POINT('',(-4.,0.,0.));
#6107 = DIRECTION('',(0.,0.,1.));
#6108 = DIRECTION('',(1.,0.,0.));
#6109 = ORIENTED_EDGE('',*,*,#6095,.T.);
#6110 = CONICAL_SURFACE('',#6111,3.016854249492,0.588002603548);
#6111 = AXIS2_PLACEMENT_3D('',#6112,#6113,#6114);
#6112 = CARTESIAN_POINT('',(-4.,0.,0.));
#6113 = DIRECTION('',(0.,0.,1.));
#6114 = DIRECTION('',(1.,0.,0.));
#6115 = ADVANCED_FACE('',(#6116),#6122,.T.);
#6116 = FACE_BOUND('',#6117,.T.);
#6117 = EDGE_LOOP('',(#6118,#6119,#6120,#6121));
#6118 = ORIENTED_EDGE('',*,*,#5657,.F.);
#6119 = ORIENTED_EDGE('',*,*,#5616,.T.);
#6120 = ORIENTED_EDGE('',*,*,#5580,.F.);
#6121 = ORIENTED_EDGE('',*,*,#5968,.F.);
#6122 = PLANE('',#6123);
#6123 = AXIS2_PLACEMENT_3D('',#6124,#6125,#6126);
#6124 = CARTESIAN_POINT('',(-5.135805140258E-16,-1.347710141589E-15,6.8)
  );
#6125 = DIRECTION('',(-0.,-0.,-1.));
#6126 = DIRECTION('',(-1.,0.,0.));
#6127 = ADVANCED_FACE('',(#6128),#6147,.T.);
#6128 = FACE_BOUND('',#6129,.T.);
#6129 = EDGE_LOOP('',(#6130,#6131,#6139,#6146));
#6130 = ORIENTED_EDGE('',*,*,#5631,.F.);
#6131 = ORIENTED_EDGE('',*,*,#6132,.F.);
#6132 = EDGE_CURVE('',#6133,#5632,#6135,.T.);
#6133 = VERTEX_POINT('',#6134);
#6134 = CARTESIAN_POINT('',(-0.983145750508,-8.,0.));
#6135 = LINE('',#6136,#6137);
#6136 = CARTESIAN_POINT('',(-0.983145750508,-8.,0.));
#6137 = VECTOR('',#6138,1.);
#6138 = DIRECTION('',(0.554700196225,-1.358623639587E-16,0.832050294338)
  );
#6139 = ORIENTED_EDGE('',*,*,#6140,.T.);
#6140 = EDGE_CURVE('',#6133,#6133,#6141,.T.);
#6141 = CIRCLE('',#6142,3.016854249492);
#6142 = AXIS2_PLACEMENT_3D('',#6143,#6144,#6145);
#6143 = CARTESIAN_POINT('',(-4.,-8.,0.));
#6144 = DIRECTION('',(0.,0.,1.));
#6145 = DIRECTION('',(1.,0.,0.));
#6146 = ORIENTED_EDGE('',*,*,#6132,.T.);
#6147 = CONICAL_SURFACE('',#6148,3.016854249492,0.588002603548);
#6148 = AXIS2_PLACEMENT_3D('',#6149,#6150,#6151);
#6149 = CARTESIAN_POINT('',(-4.,-8.,0.));
#6150 = DIRECTION('',(0.,0.,1.));
#6151 = DIRECTION('',(1.,0.,0.));
#6152 = ADVANCED_FACE('',(#6153),#6159,.T.);
#6153 = FACE_BOUND('',#6154,.T.);
#6154 = EDGE_LOOP('',(#6155,#6156,#6157,#6158));
#6155 = ORIENTED_EDGE('',*,*,#5755,.F.);
#6156 = ORIENTED_EDGE('',*,*,#5714,.T.);
#6157 = ORIENTED_EDGE('',*,*,#5678,.F.);
#6158 = ORIENTED_EDGE('',*,*,#5951,.F.);
#6159 = PLANE('',#6160);
#6160 = AXIS2_PLACEMENT_3D('',#6161,#6162,#6163);
#6161 = CARTESIAN_POINT('',(-5.135805140258E-16,-1.347710141589E-15,6.8)
  );
#6162 = DIRECTION('',(-0.,-0.,-1.));
#6163 = DIRECTION('',(-1.,0.,0.));
#6164 = ADVANCED_FACE('',(#6165),#6184,.T.);
#6165 = FACE_BOUND('',#6166,.T.);
#6166 = EDGE_LOOP('',(#6167,#6168,#6176,#6183));
#6167 = ORIENTED_EDGE('',*,*,#5729,.F.);
#6168 = ORIENTED_EDGE('',*,*,#6169,.F.);
#6169 = EDGE_CURVE('',#6170,#5730,#6172,.T.);
#6170 = VERTEX_POINT('',#6171);
#6171 = CARTESIAN_POINT('',(-0.983145750508,-16.,0.));
#6172 = LINE('',#6173,#6174);
#6173 = CARTESIAN_POINT('',(-0.983145750508,-16.,0.));
#6174 = VECTOR('',#6175,1.);
#6175 = DIRECTION('',(0.554700196225,-1.358623639587E-16,0.832050294338)
  );
#6176 = ORIENTED_EDGE('',*,*,#6177,.T.);
#6177 = EDGE_CURVE('',#6170,#6170,#6178,.T.);
#6178 = CIRCLE('',#6179,3.016854249492);
#6179 = AXIS2_PLACEMENT_3D('',#6180,#6181,#6182);
#6180 = CARTESIAN_POINT('',(-4.,-16.,0.));
#6181 = DIRECTION('',(0.,0.,1.));
#6182 = DIRECTION('',(1.,0.,0.));
#6183 = ORIENTED_EDGE('',*,*,#6169,.T.);
#6184 = CONICAL_SURFACE('',#6185,3.016854249492,0.588002603548);
#6185 = AXIS2_PLACEMENT_3D('',#6186,#6187,#6188);
#6186 = CARTESIAN_POINT('',(-4.,-16.,0.));
#6187 = DIRECTION('',(0.,0.,1.));
#6188 = DIRECTION('',(1.,0.,0.));
#6189 = ADVANCED_FACE('',(#6190),#6196,.T.);
#6190 = FACE_BOUND('',#6191,.T.);
#6191 = EDGE_LOOP('',(#6192,#6193,#6194,#6195));
#6192 = ORIENTED_EDGE('',*,*,#5853,.F.);
#6193 = ORIENTED_EDGE('',*,*,#5812,.T.);
#6194 = ORIENTED_EDGE('',*,*,#5776,.F.);
#6195 = ORIENTED_EDGE('',*,*,#5934,.F.);
#6196 = PLANE('',#6197);
#6197 = AXIS2_PLACEMENT_3D('',#6198,#6199,#6200);
#6198 = CARTESIAN_POINT('',(-5.135805140258E-16,-1.347710141589E-15,6.8)
  );
#6199 = DIRECTION('',(-0.,-0.,-1.));
#6200 = DIRECTION('',(-1.,0.,0.));
#6201 = ADVANCED_FACE('',(#6202),#6221,.T.);
#6202 = FACE_BOUND('',#6203,.T.);
#6203 = EDGE_LOOP('',(#6204,#6205,#6213,#6220));
#6204 = ORIENTED_EDGE('',*,*,#5827,.F.);
#6205 = ORIENTED_EDGE('',*,*,#6206,.F.);
#6206 = EDGE_CURVE('',#6207,#5828,#6209,.T.);
#6207 = VERTEX_POINT('',#6208);
#6208 = CARTESIAN_POINT('',(-0.983145750508,-24.,0.));
#6209 = LINE('',#6210,#6211);
#6210 = CARTESIAN_POINT('',(-0.983145750508,-24.,0.));
#6211 = VECTOR('',#6212,1.);
#6212 = DIRECTION('',(0.554700196225,-1.358623639587E-16,0.832050294338)
  );
#6213 = ORIENTED_EDGE('',*,*,#6214,.T.);
#6214 = EDGE_CURVE('',#6207,#6207,#6215,.T.);
#6215 = CIRCLE('',#6216,3.016854249492);
#6216 = AXIS2_PLACEMENT_3D('',#6217,#6218,#6219);
#6217 = CARTESIAN_POINT('',(-4.,-24.,0.));
#6218 = DIRECTION('',(0.,0.,1.));
#6219 = DIRECTION('',(1.,0.,0.));
#6220 = ORIENTED_EDGE('',*,*,#6206,.T.);
#6221 = CONICAL_SURFACE('',#6222,3.016854249492,0.588002603548);
#6222 = AXIS2_PLACEMENT_3D('',#6223,#6224,#6225);
#6223 = CARTESIAN_POINT('',(-4.,-24.,0.));
#6224 = DIRECTION('',(0.,0.,1.));
#6225 = DIRECTION('',(1.,0.,0.));
#6226 = ADVANCED_FACE('',(#6227,#6230),#6241,.F.);
#6227 = FACE_BOUND('',#6228,.F.);
#6228 = EDGE_LOOP('',(#6229));
#6229 = ORIENTED_EDGE('',*,*,#5992,.T.);
#6230 = FACE_BOUND('',#6231,.F.);
#6231 = EDGE_LOOP('',(#6232));
#6232 = ORIENTED_EDGE('',*,*,#6233,.F.);
#6233 = EDGE_CURVE('',#6234,#6234,#6236,.T.);
#6234 = VERTEX_POINT('',#6235);
#6235 = CARTESIAN_POINT('',(-2.4,24.,0.));
#6236 = CIRCLE('',#6237,1.6);
#6237 = AXIS2_PLACEMENT_3D('',#6238,#6239,#6240);
#6238 = CARTESIAN_POINT('',(-4.,24.,0.));
#6239 = DIRECTION('',(0.,0.,1.));
#6240 = DIRECTION('',(1.,0.,0.));
#6241 = PLANE('',#6242);
#6242 = AXIS2_PLACEMENT_3D('',#6243,#6244,#6245);
#6243 = CARTESIAN_POINT('',(-4.,24.,0.));
#6244 = DIRECTION('',(0.,0.,1.));
#6245 = DIRECTION('',(1.,0.,0.));
#6246 = ADVANCED_FACE('',(#6247,#6250),#6261,.F.);
#6247 = FACE_BOUND('',#6248,.F.);
#6248 = EDGE_LOOP('',(#6249));
#6249 = ORIENTED_EDGE('',*,*,#6029,.T.);
#6250 = FACE_BOUND('',#6251,.F.);
#6251 = EDGE_LOOP('',(#6252));
#6252 = ORIENTED_EDGE('',*,*,#6253,.F.);
#6253 = EDGE_CURVE('',#6254,#6254,#6256,.T.);
#6254 = VERTEX_POINT('',#6255);
#6255 = CARTESIAN_POINT('',(-2.4,16.,0.));
#6256 = CIRCLE('',#6257,1.6);
#6257 = AXIS2_PLACEMENT_3D('',#6258,#6259,#6260);
#6258 = CARTESIAN_POINT('',(-4.,16.,0.));
#6259 = DIRECTION('',(0.,0.,1.));
#6260 = DIRECTION('',(1.,0.,0.));
#6261 = PLANE('',#6262);
#6262 = AXIS2_PLACEMENT_3D('',#6263,#6264,#6265);
#6263 = CARTESIAN_POINT('',(-4.,16.,0.));
#6264 = DIRECTION('',(0.,0.,1.));
#6265 = DIRECTION('',(1.,0.,0.));
#6266 = ADVANCED_FACE('',(#6267,#6270),#6281,.F.);
#6267 = FACE_BOUND('',#6268,.F.);
#6268 = EDGE_LOOP('',(#6269));
#6269 = ORIENTED_EDGE('',*,*,#6066,.T.);
#6270 = FACE_BOUND('',#6271,.F.);
#6271 = EDGE_LOOP('',(#6272));
#6272 = ORIENTED_EDGE('',*,*,#6273,.F.);
#6273 = EDGE_CURVE('',#6274,#6274,#6276,.T.);
#6274 = VERTEX_POINT('',#6275);
#6275 = CARTESIAN_POINT('',(-2.4,8.,0.));
#6276 = CIRCLE('',#6277,1.6);
#6277 = AXIS2_PLACEMENT_3D('',#6278,#6279,#6280);
#6278 = CARTESIAN_POINT('',(-4.,8.,0.));
#6279 = DIRECTION('',(0.,0.,1.));
#6280 = DIRECTION('',(1.,0.,0.));
#6281 = PLANE('',#6282);
#6282 = AXIS2_PLACEMENT_3D('',#6283,#6284,#6285);
#6283 = CARTESIAN_POINT('',(-4.,8.,0.));
#6284 = DIRECTION('',(0.,0.,1.));
#6285 = DIRECTION('',(1.,0.,0.));
#6286 = ADVANCED_FACE('',(#6287,#6290),#6301,.F.);
#6287 = FACE_BOUND('',#6288,.F.);
#6288 = EDGE_LOOP('',(#6289));
#6289 = ORIENTED_EDGE('',*,*,#6103,.T.);
#6290 = FACE_BOUND('',#6291,.F.);
#6291 = EDGE_LOOP('',(#6292));
#6292 = ORIENTED_EDGE('',*,*,#6293,.F.);
#6293 = EDGE_CURVE('',#6294,#6294,#6296,.T.);
#6294 = VERTEX_POINT('',#6295);
#6295 = CARTESIAN_POINT('',(-2.4,-3.918869757272E-16,0.));
#6296 = CIRCLE('',#6297,1.6);
#6297 = AXIS2_PLACEMENT_3D('',#6298,#6299,#6300);
#6298 = CARTESIAN_POINT('',(-4.,0.,0.));
#6299 = DIRECTION('',(0.,0.,1.));
#6300 = DIRECTION('',(1.,0.,0.));
#6301 = PLANE('',#6302);
#6302 = AXIS2_PLACEMENT_3D('',#6303,#6304,#6305);
#6303 = CARTESIAN_POINT('',(-4.,0.,0.));
#6304 = DIRECTION('',(0.,0.,1.));
#6305 = DIRECTION('',(1.,0.,0.));
#6306 = ADVANCED_FACE('',(#6307,#6310),#6321,.F.);
#6307 = FACE_BOUND('',#6308,.F.);
#6308 = EDGE_LOOP('',(#6309));
#6309 = ORIENTED_EDGE('',*,*,#6140,.T.);
#6310 = FACE_BOUND('',#6311,.F.);
#6311 = EDGE_LOOP('',(#6312));
#6312 = ORIENTED_EDGE('',*,*,#6313,.F.);
#6313 = EDGE_CURVE('',#6314,#6314,#6316,.T.);
#6314 = VERTEX_POINT('',#6315);
#6315 = CARTESIAN_POINT('',(-2.4,-8.,0.));
#6316 = CIRCLE('',#6317,1.6);
#6317 = AXIS2_PLACEMENT_3D('',#6318,#6319,#6320);
#6318 = CARTESIAN_POINT('',(-4.,-8.,0.));
#6319 = DIRECTION('',(0.,0.,1.));
#6320 = DIRECTION('',(1.,0.,0.));
#6321 = PLANE('',#6322);
#6322 = AXIS2_PLACEMENT_3D('',#6323,#6324,#6325);
#6323 = CARTESIAN_POINT('',(-4.,-8.,0.));
#6324 = DIRECTION('',(0.,0.,1.));
#6325 = DIRECTION('',(1.,0.,0.));
#6326 = ADVANCED_FACE('',(#6327,#6330),#6341,.F.);
#6327 = FACE_BOUND('',#6328,.F.);
#6328 = EDGE_LOOP('',(#6329));
#6329 = ORIENTED_EDGE('',*,*,#6177,.T.);
#6330 = FACE_BOUND('',#6331,.F.);
#6331 = EDGE_LOOP('',(#6332));
#6332 = ORIENTED_EDGE('',*,*,#6333,.F.);
#6333 = EDGE_CURVE('',#6334,#6334,#6336,.T.);
#6334 = VERTEX_POINT('',#6335);
#6335 = CARTESIAN_POINT('',(-2.4,-16.,0.));
#6336 = CIRCLE('',#6337,1.6);
#6337 = AXIS2_PLACEMENT_3D('',#6338,#6339,#6340);
#6338 = CARTESIAN_POINT('',(-4.,-16.,0.));
#6339 = DIRECTION('',(0.,0.,1.));
#6340 = DIRECTION('',(1.,0.,0.));
#6341 = PLANE('',#6342);
#6342 = AXIS2_PLACEMENT_3D('',#6343,#6344,#6345);
#6343 = CARTESIAN_POINT('',(-4.,-16.,0.));
#6344 = DIRECTION('',(0.,0.,1.));
#6345 = DIRECTION('',(1.,0.,0.));
#6346 = ADVANCED_FACE('',(#6347,#6350),#6361,.F.);
#6347 = FACE_BOUND('',#6348,.F.);
#6348 = EDGE_LOOP('',(#6349));
#6349 = ORIENTED_EDGE('',*,*,#6214,.T.);
#6350 = FACE_BOUND('',#6351,.F.);
#6351 = EDGE_LOOP('',(#6352));
#6352 = ORIENTED_EDGE('',*,*,#6353,.F.);
#6353 = EDGE_CURVE('',#6354,#6354,#6356,.T.);
#6354 = VERTEX_POINT('',#6355);
#6355 = CARTESIAN_POINT('',(-2.4,-24.,0.));
#6356 = CIRCLE('',#6357,1.6);
#6357 = AXIS2_PLACEMENT_3D('',#6358,#6359,#6360);
#6358 = CARTESIAN_POINT('',(-4.,-24.,0.));
#6359 = DIRECTION('',(0.,0.,1.));
#6360 = DIRECTION('',(1.,0.,0.));
#6361 = PLANE('',#6362);
#6362 = AXIS2_PLACEMENT_3D('',#6363,#6364,#6365);
#6363 = CARTESIAN_POINT('',(-4.,-24.,0.));
#6364 = DIRECTION('',(0.,0.,1.));
#6365 = DIRECTION('',(1.,0.,0.));
#6366 = ADVANCED_FACE('',(#6367),#6386,.F.);
#6367 = FACE_BOUND('',#6368,.T.);
#6368 = EDGE_LOOP('',(#6369,#6377,#6384,#6385));
#6369 = ORIENTED_EDGE('',*,*,#6370,.T.);
#6370 = EDGE_CURVE('',#6234,#6371,#6373,.T.);
#6371 = VERTEX_POINT('',#6372);
#6372 = CARTESIAN_POINT('',(-2.4,24.,8.));
#6373 = LINE('',#6374,#6375);
#6374 = CARTESIAN_POINT('',(-2.4,24.,0.));
#6375 = VECTOR('',#6376,1.);
#6376 = DIRECTION('',(0.,0.,1.));
#6377 = ORIENTED_EDGE('',*,*,#6378,.T.);
#6378 = EDGE_CURVE('',#6371,#6371,#6379,.T.);
#6379 = CIRCLE('',#6380,1.6);
#6380 = AXIS2_PLACEMENT_3D('',#6381,#6382,#6383);
#6381 = CARTESIAN_POINT('',(-4.,24.,8.));
#6382 = DIRECTION('',(0.,0.,1.));
#6383 = DIRECTION('',(1.,0.,0.));
#6384 = ORIENTED_EDGE('',*,*,#6370,.F.);
#6385 = ORIENTED_EDGE('',*,*,#6233,.F.);
#6386 = CYLINDRICAL_SURFACE('',#6387,1.6);
#6387 = AXIS2_PLACEMENT_3D('',#6388,#6389,#6390);
#6388 = CARTESIAN_POINT('',(-4.,24.,0.));
#6389 = DIRECTION('',(-0.,-0.,-1.));
#6390 = DIRECTION('',(1.,0.,0.));
#6391 = ADVANCED_FACE('',(#6392),#6411,.F.);
#6392 = FACE_BOUND('',#6393,.T.);
#6393 = EDGE_LOOP('',(#6394,#6402,#6409,#6410));
#6394 = ORIENTED_EDGE('',*,*,#6395,.T.);
#6395 = EDGE_CURVE('',#6254,#6396,#6398,.T.);
#6396 = VERTEX_POINT('',#6397);
#6397 = CARTESIAN_POINT('',(-2.4,16.,8.));
#6398 = LINE('',#6399,#6400);
#6399 = CARTESIAN_POINT('',(-2.4,16.,0.));
#6400 = VECTOR('',#6401,1.);
#6401 = DIRECTION('',(0.,0.,1.));
#6402 = ORIENTED_EDGE('',*,*,#6403,.T.);
#6403 = EDGE_CURVE('',#6396,#6396,#6404,.T.);
#6404 = CIRCLE('',#6405,1.6);
#6405 = AXIS2_PLACEMENT_3D('',#6406,#6407,#6408);
#6406 = CARTESIAN_POINT('',(-4.,16.,8.));
#6407 = DIRECTION('',(0.,0.,1.));
#6408 = DIRECTION('',(1.,0.,0.));
#6409 = ORIENTED_EDGE('',*,*,#6395,.F.);
#6410 = ORIENTED_EDGE('',*,*,#6253,.F.);
#6411 = CYLINDRICAL_SURFACE('',#6412,1.6);
#6412 = AXIS2_PLACEMENT_3D('',#6413,#6414,#6415);
#6413 = CARTESIAN_POINT('',(-4.,16.,0.));
#6414 = DIRECTION('',(-0.,-0.,-1.));
#6415 = DIRECTION('',(1.,0.,0.));
#6416 = ADVANCED_FACE('',(#6417),#6436,.F.);
#6417 = FACE_BOUND('',#6418,.T.);
#6418 = EDGE_LOOP('',(#6419,#6427,#6434,#6435));
#6419 = ORIENTED_EDGE('',*,*,#6420,.T.);
#6420 = EDGE_CURVE('',#6274,#6421,#6423,.T.);
#6421 = VERTEX_POINT('',#6422);
#6422 = CARTESIAN_POINT('',(-2.4,8.,8.));
#6423 = LINE('',#6424,#6425);
#6424 = CARTESIAN_POINT('',(-2.4,8.,0.));
#6425 = VECTOR('',#6426,1.);
#6426 = DIRECTION('',(0.,0.,1.));
#6427 = ORIENTED_EDGE('',*,*,#6428,.T.);
#6428 = EDGE_CURVE('',#6421,#6421,#6429,.T.);
#6429 = CIRCLE('',#6430,1.6);
#6430 = AXIS2_PLACEMENT_3D('',#6431,#6432,#6433);
#6431 = CARTESIAN_POINT('',(-4.,8.,8.));
#6432 = DIRECTION('',(0.,0.,1.));
#6433 = DIRECTION('',(1.,0.,0.));
#6434 = ORIENTED_EDGE('',*,*,#6420,.F.);
#6435 = ORIENTED_EDGE('',*,*,#6273,.F.);
#6436 = CYLINDRICAL_SURFACE('',#6437,1.6);
#6437 = AXIS2_PLACEMENT_3D('',#6438,#6439,#6440);
#6438 = CARTESIAN_POINT('',(-4.,8.,0.));
#6439 = DIRECTION('',(-0.,-0.,-1.));
#6440 = DIRECTION('',(1.,0.,0.));
#6441 = ADVANCED_FACE('',(#6442),#6461,.F.);
#6442 = FACE_BOUND('',#6443,.T.);
#6443 = EDGE_LOOP('',(#6444,#6452,#6459,#6460));
#6444 = ORIENTED_EDGE('',*,*,#6445,.T.);
#6445 = EDGE_CURVE('',#6294,#6446,#6448,.T.);
#6446 = VERTEX_POINT('',#6447);
#6447 = CARTESIAN_POINT('',(-2.4,-3.918869757272E-16,8.));
#6448 = LINE('',#6449,#6450);
#6449 = CARTESIAN_POINT('',(-2.4,-3.918869757272E-16,0.));
#6450 = VECTOR('',#6451,1.);
#6451 = DIRECTION('',(0.,0.,1.));
#6452 = ORIENTED_EDGE('',*,*,#6453,.T.);
#6453 = EDGE_CURVE('',#6446,#6446,#6454,.T.);
#6454 = CIRCLE('',#6455,1.6);
#6455 = AXIS2_PLACEMENT_3D('',#6456,#6457,#6458);
#6456 = CARTESIAN_POINT('',(-4.,0.,8.));
#6457 = DIRECTION('',(0.,0.,1.));
#6458 = DIRECTION('',(1.,0.,0.));
#6459 = ORIENTED_EDGE('',*,*,#6445,.F.);
#6460 = ORIENTED_EDGE('',*,*,#6293,.F.);
#6461 = CYLINDRICAL_SURFACE('',#6462,1.6);
#6462 = AXIS2_PLACEMENT_3D('',#6463,#6464,#6465);
#6463 = CARTESIAN_POINT('',(-4.,0.,0.));
#6464 = DIRECTION('',(-0.,-0.,-1.));
#6465 = DIRECTION('',(1.,0.,0.));
#6466 = ADVANCED_FACE('',(#6467),#6486,.F.);
#6467 = FACE_BOUND('',#6468,.T.);
#6468 = EDGE_LOOP('',(#6469,#6477,#6484,#6485));
#6469 = ORIENTED_EDGE('',*,*,#6470,.T.);
#6470 = EDGE_CURVE('',#6314,#6471,#6473,.T.);
#6471 = VERTEX_POINT('',#6472);
#6472 = CARTESIAN_POINT('',(-2.4,-8.,8.));
#6473 = LINE('',#6474,#6475);
#6474 = CARTESIAN_POINT('',(-2.4,-8.,0.));
#6475 = VECTOR('',#6476,1.);
#6476 = DIRECTION('',(0.,0.,1.));
#6477 = ORIENTED_EDGE('',*,*,#6478,.T.);
#6478 = EDGE_CURVE('',#6471,#6471,#6479,.T.);
#6479 = CIRCLE('',#6480,1.6);
#6480 = AXIS2_PLACEMENT_3D('',#6481,#6482,#6483);
#6481 = CARTESIAN_POINT('',(-4.,-8.,8.));
#6482 = DIRECTION('',(0.,0.,1.));
#6483 = DIRECTION('',(1.,0.,0.));
#6484 = ORIENTED_EDGE('',*,*,#6470,.F.);
#6485 = ORIENTED_EDGE('',*,*,#6313,.F.);
#6486 = CYLINDRICAL_SURFACE('',#6487,1.6);
#6487 = AXIS2_PLACEMENT_3D('',#6488,#6489,#6490);
#6488 = CARTESIAN_POINT('',(-4.,-8.,0.));
#6489 = DIRECTION('',(-0.,-0.,-1.));
#6490 = DIRECTION('',(1.,0.,0.));
#6491 = ADVANCED_FACE('',(#6492),#6511,.F.);
#6492 = FACE_BOUND('',#6493,.T.);
#6493 = EDGE_LOOP('',(#6494,#6502,#6509,#6510));
#6494 = ORIENTED_EDGE('',*,*,#6495,.T.);
#6495 = EDGE_CURVE('',#6334,#6496,#6498,.T.);
#6496 = VERTEX_POINT('',#6497);
#6497 = CARTESIAN_POINT('',(-2.4,-16.,8.));
#6498 = LINE('',#6499,#6500);
#6499 = CARTESIAN_POINT('',(-2.4,-16.,0.));
#6500 = VECTOR('',#6501,1.);
#6501 = DIRECTION('',(0.,0.,1.));
#6502 = ORIENTED_EDGE('',*,*,#6503,.T.);
#6503 = EDGE_CURVE('',#6496,#6496,#6504,.T.);
#6504 = CIRCLE('',#6505,1.6);
#6505 = AXIS2_PLACEMENT_3D('',#6506,#6507,#6508);
#6506 = CARTESIAN_POINT('',(-4.,-16.,8.));
#6507 = DIRECTION('',(0.,0.,1.));
#6508 = DIRECTION('',(1.,0.,0.));
#6509 = ORIENTED_EDGE('',*,*,#6495,.F.);
#6510 = ORIENTED_EDGE('',*,*,#6333,.F.);
#6511 = CYLINDRICAL_SURFACE('',#6512,1.6);
#6512 = AXIS2_PLACEMENT_3D('',#6513,#6514,#6515);
#6513 = CARTESIAN_POINT('',(-4.,-16.,0.));
#6514 = DIRECTION('',(-0.,-0.,-1.));
#6515 = DIRECTION('',(1.,0.,0.));
#6516 = ADVANCED_FACE('',(#6517),#6536,.F.);
#6517 = FACE_BOUND('',#6518,.T.);
#6518 = EDGE_LOOP('',(#6519,#6527,#6534,#6535));
#6519 = ORIENTED_EDGE('',*,*,#6520,.T.);
#6520 = EDGE_CURVE('',#6354,#6521,#6523,.T.);
#6521 = VERTEX_POINT('',#6522);
#6522 = CARTESIAN_POINT('',(-2.4,-24.,8.));
#6523 = LINE('',#6524,#6525);
#6524 = CARTESIAN_POINT('',(-2.4,-24.,0.));
#6525 = VECTOR('',#6526,1.);
#6526 = DIRECTION('',(0.,0.,1.));
#6527 = ORIENTED_EDGE('',*,*,#6528,.T.);
#6528 = EDGE_CURVE('',#6521,#6521,#6529,.T.);
#6529 = CIRCLE('',#6530,1.6);
#6530 = AXIS2_PLACEMENT_3D('',#6531,#6532,#6533);
#6531 = CARTESIAN_POINT('',(-4.,-24.,8.));
#6532 = DIRECTION('',(0.,0.,1.));
#6533 = DIRECTION('',(1.,0.,0.));
#6534 = ORIENTED_EDGE('',*,*,#6520,.F.);
#6535 = ORIENTED_EDGE('',*,*,#6353,.F.);
#6536 = CYLINDRICAL_SURFACE('',#6537,1.6);
#6537 = AXIS2_PLACEMENT_3D('',#6538,#6539,#6540);
#6538 = CARTESIAN_POINT('',(-4.,-24.,0.));
#6539 = DIRECTION('',(-0.,-0.,-1.));
#6540 = DIRECTION('',(1.,0.,0.));
#6541 = ADVANCED_FACE('',(#6542),#6545,.F.);
#6542 = FACE_BOUND('',#6543,.T.);
#6543 = EDGE_LOOP('',(#6544));
#6544 = ORIENTED_EDGE('',*,*,#6378,.F.);
#6545 = PLANE('',#6546);
#6546 = AXIS2_PLACEMENT_3D('',#6547,#6548,#6549);
#6547 = CARTESIAN_POINT('',(-4.,24.,8.));
#6548 = DIRECTION('',(0.,0.,1.));
#6549 = DIRECTION('',(1.,0.,0.));
#6550 = ADVANCED_FACE('',(#6551),#6554,.F.);
#6551 = FACE_BOUND('',#6552,.T.);
#6552 = EDGE_LOOP('',(#6553));
#6553 = ORIENTED_EDGE('',*,*,#6403,.F.);
#6554 = PLANE('',#6555);
#6555 = AXIS2_PLACEMENT_3D('',#6556,#6557,#6558);
#6556 = CARTESIAN_POINT('',(-4.,16.,8.));
#6557 = DIRECTION('',(0.,0.,1.));
#6558 = DIRECTION('',(1.,0.,0.));
#6559 = ADVANCED_FACE('',(#6560),#6563,.F.);
#6560 = FACE_BOUND('',#6561,.T.);
#6561 = EDGE_LOOP('',(#6562));
#6562 = ORIENTED_EDGE('',*,*,#6428,.F.);
#6563 = PLANE('',#6564);
#6564 = AXIS2_PLACEMENT_3D('',#6565,#6566,#6567);
#6565 = CARTESIAN_POINT('',(-4.,8.,8.));
#6566 = DIRECTION('',(0.,0.,1.));
#6567 = DIRECTION('',(1.,0.,0.));
#6568 = ADVANCED_FACE('',(#6569),#6572,.F.);
#6569 = FACE_BOUND('',#6570,.T.);
#6570 = EDGE_LOOP('',(#6571));
#6571 = ORIENTED_EDGE('',*,*,#6453,.F.);
#6572 = PLANE('',#6573);
#6573 = AXIS2_PLACEMENT_3D('',#6574,#6575,#6576);
#6574 = CARTESIAN_POINT('',(-4.,0.,8.));
#6575 = DIRECTION('',(0.,0.,1.));
#6576 = DIRECTION('',(1.,0.,0.));
#6577 = ADVANCED_FACE('',(#6578),#6581,.F.);
#6578 = FACE_BOUND('',#6579,.T.);
#6579 = EDGE_LOOP('',(#6580));
#6580 = ORIENTED_EDGE('',*,*,#6478,.F.);
#6581 = PLANE('',#6582);
#6582 = AXIS2_PLACEMENT_3D('',#6583,#6584,#6585);
#6583 = CARTESIAN_POINT('',(-4.,-8.,8.));
#6584 = DIRECTION('',(0.,0.,1.));
#6585 = DIRECTION('',(1.,0.,0.));
#6586 = ADVANCED_FACE('',(#6587),#6590,.F.);
#6587 = FACE_BOUND('',#6588,.T.);
#6588 = EDGE_LOOP('',(#6589));
#6589 = ORIENTED_EDGE('',*,*,#6503,.F.);
#6590 = PLANE('',#6591);
#6591 = AXIS2_PLACEMENT_3D('',#6592,#6593,#6594);
#6592 = CARTESIAN_POINT('',(-4.,-16.,8.));
#6593 = DIRECTION('',(0.,0.,1.));
#6594 = DIRECTION('',(1.,0.,0.));
#6595 = ADVANCED_FACE('',(#6596),#6599,.F.);
#6596 = FACE_BOUND('',#6597,.T.);
#6597 = EDGE_LOOP('',(#6598));
#6598 = ORIENTED_EDGE('',*,*,#6528,.F.);
#6599 = PLANE('',#6600);
#6600 = AXIS2_PLACEMENT_3D('',#6601,#6602,#6603);
#6601 = CARTESIAN_POINT('',(-4.,-24.,8.));
#6602 = DIRECTION('',(0.,0.,1.));
#6603 = DIRECTION('',(1.,0.,0.));
#6604 = ( GEOMETRIC_REPRESENTATION_CONTEXT(3) 
GLOBAL_UNCERTAINTY_ASSIGNED_CONTEXT((#6608)) 
GLOBAL_UNIT_ASSIGNED_CONTEXT((#6605,#6606,#6607)) REPRESENTATION_CONTEXT
('Context #1','3D Context with UNIT and UNCERTAINTY') );
#6605 = ( LENGTH_UNIT() NAMED_UNIT(*) SI_UNIT(.MILLI.,.METRE.) );
#6606 = ( NAMED_UNIT(*) PLANE_ANGLE_UNIT() SI_UNIT($,.RADIAN.) );
#6607 = ( NAMED_UNIT(*) SI_UNIT($,.STERADIAN.) SOLID_ANGLE_UNIT() );
#6608 = UNCERTAINTY_MEASURE_WITH_UNIT(LENGTH_MEASURE(5.E-06),#6605,
  'distance_accuracy_value','confusion accuracy');
#6609 = PRODUCT_RELATED_PRODUCT_CATEGORY('part',$,(#7));
ENDSEC;
END-ISO-10303-21;
