ISO-10303-21;
HEADER;
FILE_DESCRIPTION(('FreeCAD Model'),'2;1');
FILE_NAME('Open CASCADE Shape Model','2026-09-20T21:11:56',('FreeCAD'),(
    'FreeCAD'),'Open CASCADE STEP processor 7.8','FreeCAD','Unknown');
FILE_SCHEMA(('AUTOMOTIVE_DESIGN { 1 0 10303 214 1 1 1 1 }'));
ENDSEC;
DATA;
#1 = APPLICATION_PROTOCOL_DEFINITION('international standard',
  'automotive_design',2000,#2);
#2 = APPLICATION_CONTEXT(
  'core data for automotive mechanical design processes');
#3 = SHAPE_DEFINITION_REPRESENTATION(#4,#10);
#4 = PRODUCT_DEFINITION_SHAPE('','',#5);
#5 = PRODUCT_DEFINITION('design','',#6,#9);
#6 = PRODUCT_DEFINITION_FORMATION('','',#7);
#7 = PRODUCT('Open CASCADE STEP translator 7.8 75',
  'Open CASCADE STEP translator 7.8 75','',(#8));
#8 = PRODUCT_CONTEXT('',#2,'mechanical');
#9 = PRODUCT_DEFINITION_CONTEXT('part definition',#2,'design');
#10 = ADVANCED_BREP_SHAPE_REPRESENTATION('',(#11,#15),#3808);
#11 = AXIS2_PLACEMENT_3D('',#12,#13,#14);
#12 = CARTESIAN_POINT('',(0.,0.,0.));
#13 = DIRECTION('',(0.,0.,1.));
#14 = DIRECTION('',(1.,0.,-0.));
#15 = MANIFOLD_SOLID_BREP('',#16);
#16 = CLOSED_SHELL('',(#17,#50,#208,#233,#264,#288,#312,#336,#360,#377,
    #402,#427,#452,#477,#502,#527,#552,#577,#602,#611,#827,#852,#877,
    #902,#927,#952,#977,#1002,#1027,#1052,#1081,#1104,#1127,#1150,#1173,
    #1196,#1219,#1242,#1265,#1288,#1311,#1334,#1357,#1380,#1403,#1426,
    #1449,#1472,#1495,#1518,#1541,#1564,#1587,#1610,#1627,#1636,#1645,
    #1654,#1663,#1672,#1681,#1690,#1699,#1708,#1909,#1965,#2091,#2147,
    #2238,#2255,#2288,#2312,#2337,#2361,#2403,#2427,#2452,#2476,#2518,
    #2542,#2567,#2591,#2624,#2641,#2658,#2675,#2692,#2709,#2726,#2743,
    #2755,#2788,#2812,#2837,#2854,#2887,#2911,#2945,#2969,#3011,#3035,
    #3069,#3093,#3135,#3159,#3193,#3210,#3234,#3259,#3276,#3337,#3361,
    #3435,#3459,#3513,#3530,#3547,#3572,#3584,#3609,#3621,#3646,#3666,
    #3686,#3706,#3731,#3756,#3781,#3790,#3799));
#17 = ADVANCED_FACE('',(#18),#45,.T.);
#18 = FACE_BOUND('',#19,.F.);
#19 = EDGE_LOOP('',(#20,#30,#37,#38));
#20 = ORIENTED_EDGE('',*,*,#21,.T.);
#21 = EDGE_CURVE('',#22,#24,#26,.T.);
#22 = VERTEX_POINT('',#23);
#23 = CARTESIAN_POINT('',(-1.6,-20.,9.6));
#24 = VERTEX_POINT('',#25);
#25 = CARTESIAN_POINT('',(-1.6,-20.,11.15));
#26 = LINE('',#27,#28);
#27 = CARTESIAN_POINT('',(-1.6,-20.,9.6));
#28 = VECTOR('',#29,1.);
#29 = DIRECTION('',(0.,0.,1.));
#30 = ORIENTED_EDGE('',*,*,#31,.T.);
#31 = EDGE_CURVE('',#24,#24,#32,.T.);
#32 = CIRCLE('',#33,2.4);
#33 = AXIS2_PLACEMENT_3D('',#34,#35,#36);
#34 = CARTESIAN_POINT('',(-4.,-20.,11.15));
#35 = DIRECTION('',(0.,0.,1.));
#36 = DIRECTION('',(1.,0.,0.));
#37 = ORIENTED_EDGE('',*,*,#21,.F.);
#38 = ORIENTED_EDGE('',*,*,#39,.F.);
#39 = EDGE_CURVE('',#22,#22,#40,.T.);
#40 = CIRCLE('',#41,2.4);
#41 = AXIS2_PLACEMENT_3D('',#42,#43,#44);
#42 = CARTESIAN_POINT('',(-4.,-20.,9.6));
#43 = DIRECTION('',(0.,0.,1.));
#44 = DIRECTION('',(1.,0.,0.));
#45 = CYLINDRICAL_SURFACE('',#46,2.4);
#46 = AXIS2_PLACEMENT_3D('',#47,#48,#49);
#47 = CARTESIAN_POINT('',(-4.,-20.,9.6));
#48 = DIRECTION('',(-0.,-0.,-1.));
#49 = DIRECTION('',(1.,0.,0.));
#50 = ADVANCED_FACE('',(#51,#101,#104,#115,#126,#137,#148,#159,#170,#181
    ,#192),#203,.T.);
#51 = FACE_BOUND('',#52,.T.);
#52 = EDGE_LOOP('',(#53,#63,#71,#79,#87,#95));
#53 = ORIENTED_EDGE('',*,*,#54,.F.);
#54 = EDGE_CURVE('',#55,#57,#59,.T.);
#55 = VERTEX_POINT('',#56);
#56 = CARTESIAN_POINT('',(-7.9,-23.9,9.6));
#57 = VERTEX_POINT('',#58);
#58 = CARTESIAN_POINT('',(-7.9,23.9,9.6));
#59 = LINE('',#60,#61);
#60 = CARTESIAN_POINT('',(-7.9,-23.9,9.6));
#61 = VECTOR('',#62,1.);
#62 = DIRECTION('',(0.,1.,0.));
#63 = ORIENTED_EDGE('',*,*,#64,.T.);
#64 = EDGE_CURVE('',#55,#65,#67,.T.);
#65 = VERTEX_POINT('',#66);
#66 = CARTESIAN_POINT('',(-0.1,-23.9,9.6));
#67 = LINE('',#68,#69);
#68 = CARTESIAN_POINT('',(-7.9,-23.9,9.6));
#69 = VECTOR('',#70,1.);
#70 = DIRECTION('',(1.,0.,0.));
#71 = ORIENTED_EDGE('',*,*,#72,.T.);
#72 = EDGE_CURVE('',#65,#73,#75,.T.);
#73 = VERTEX_POINT('',#74);
#74 = CARTESIAN_POINT('',(-0.1,-7.9,9.6));
#75 = LINE('',#76,#77);
#76 = CARTESIAN_POINT('',(-0.1,-23.9,9.6));
#77 = VECTOR('',#78,1.);
#78 = DIRECTION('',(0.,1.,0.));
#79 = ORIENTED_EDGE('',*,*,#80,.T.);
#80 = EDGE_CURVE('',#73,#81,#83,.T.);
#81 = VERTEX_POINT('',#82);
#82 = CARTESIAN_POINT('',(7.9,-7.9,9.6));
#83 = LINE('',#84,#85);
#84 = CARTESIAN_POINT('',(-7.9,-7.9,9.6));
#85 = VECTOR('',#86,1.);
#86 = DIRECTION('',(1.,0.,0.));
#87 = ORIENTED_EDGE('',*,*,#88,.T.);
#88 = EDGE_CURVE('',#81,#89,#91,.T.);
#89 = VERTEX_POINT('',#90);
#90 = CARTESIAN_POINT('',(7.9,23.9,9.6));
#91 = LINE('',#92,#93);
#92 = CARTESIAN_POINT('',(7.9,-7.9,9.6));
#93 = VECTOR('',#94,1.);
#94 = DIRECTION('',(0.,1.,0.));
#95 = ORIENTED_EDGE('',*,*,#96,.F.);
#96 = EDGE_CURVE('',#57,#89,#97,.T.);
#97 = LINE('',#98,#99);
#98 = CARTESIAN_POINT('',(-7.9,23.9,9.6));
#99 = VECTOR('',#100,1.);
#100 = DIRECTION('',(1.,0.,0.));
#101 = FACE_BOUND('',#102,.T.);
#102 = EDGE_LOOP('',(#103));
#103 = ORIENTED_EDGE('',*,*,#39,.F.);
#104 = FACE_BOUND('',#105,.T.);
#105 = EDGE_LOOP('',(#106));
#106 = ORIENTED_EDGE('',*,*,#107,.F.);
#107 = EDGE_CURVE('',#108,#108,#110,.T.);
#108 = VERTEX_POINT('',#109);
#109 = CARTESIAN_POINT('',(-1.6,-12.,9.6));
#110 = CIRCLE('',#111,2.4);
#111 = AXIS2_PLACEMENT_3D('',#112,#113,#114);
#112 = CARTESIAN_POINT('',(-4.,-12.,9.6));
#113 = DIRECTION('',(0.,0.,1.));
#114 = DIRECTION('',(1.,0.,0.));
#115 = FACE_BOUND('',#116,.T.);
#116 = EDGE_LOOP('',(#117));
#117 = ORIENTED_EDGE('',*,*,#118,.F.);
#118 = EDGE_CURVE('',#119,#119,#121,.T.);
#119 = VERTEX_POINT('',#120);
#120 = CARTESIAN_POINT('',(-1.6,-4.,9.6));
#121 = CIRCLE('',#122,2.4);
#122 = AXIS2_PLACEMENT_3D('',#123,#124,#125);
#123 = CARTESIAN_POINT('',(-4.,-4.,9.6));
#124 = DIRECTION('',(0.,0.,1.));
#125 = DIRECTION('',(1.,0.,0.));
#126 = FACE_BOUND('',#127,.T.);
#127 = EDGE_LOOP('',(#128));
#128 = ORIENTED_EDGE('',*,*,#129,.F.);
#129 = EDGE_CURVE('',#130,#130,#132,.T.);
#130 = VERTEX_POINT('',#131);
#131 = CARTESIAN_POINT('',(6.4,-4.,9.6));
#132 = CIRCLE('',#133,2.4);
#133 = AXIS2_PLACEMENT_3D('',#134,#135,#136);
#134 = CARTESIAN_POINT('',(4.,-4.,9.6));
#135 = DIRECTION('',(0.,0.,1.));
#136 = DIRECTION('',(1.,0.,0.));
#137 = FACE_BOUND('',#138,.T.);
#138 = EDGE_LOOP('',(#139));
#139 = ORIENTED_EDGE('',*,*,#140,.F.);
#140 = EDGE_CURVE('',#141,#141,#143,.T.);
#141 = VERTEX_POINT('',#142);
#142 = CARTESIAN_POINT('',(-1.6,4.,9.6));
#143 = CIRCLE('',#144,2.4);
#144 = AXIS2_PLACEMENT_3D('',#145,#146,#147);
#145 = CARTESIAN_POINT('',(-4.,4.,9.6));
#146 = DIRECTION('',(0.,0.,1.));
#147 = DIRECTION('',(1.,0.,0.));
#148 = FACE_BOUND('',#149,.T.);
#149 = EDGE_LOOP('',(#150));
#150 = ORIENTED_EDGE('',*,*,#151,.F.);
#151 = EDGE_CURVE('',#152,#152,#154,.T.);
#152 = VERTEX_POINT('',#153);
#153 = CARTESIAN_POINT('',(-1.6,12.,9.6));
#154 = CIRCLE('',#155,2.4);
#155 = AXIS2_PLACEMENT_3D('',#156,#157,#158);
#156 = CARTESIAN_POINT('',(-4.,12.,9.6));
#157 = DIRECTION('',(0.,0.,1.));
#158 = DIRECTION('',(1.,0.,0.));
#159 = FACE_BOUND('',#160,.T.);
#160 = EDGE_LOOP('',(#161));
#161 = ORIENTED_EDGE('',*,*,#162,.F.);
#162 = EDGE_CURVE('',#163,#163,#165,.T.);
#163 = VERTEX_POINT('',#164);
#164 = CARTESIAN_POINT('',(-1.6,20.,9.6));
#165 = CIRCLE('',#166,2.4);
#166 = AXIS2_PLACEMENT_3D('',#167,#168,#169);
#167 = CARTESIAN_POINT('',(-4.,20.,9.6));
#168 = DIRECTION('',(0.,0.,1.));
#169 = DIRECTION('',(1.,0.,0.));
#170 = FACE_BOUND('',#171,.T.);
#171 = EDGE_LOOP('',(#172));
#172 = ORIENTED_EDGE('',*,*,#173,.F.);
#173 = EDGE_CURVE('',#174,#174,#176,.T.);
#174 = VERTEX_POINT('',#175);
#175 = CARTESIAN_POINT('',(6.4,4.,9.6));
#176 = CIRCLE('',#177,2.4);
#177 = AXIS2_PLACEMENT_3D('',#178,#179,#180);
#178 = CARTESIAN_POINT('',(4.,4.,9.6));
#179 = DIRECTION('',(0.,0.,1.));
#180 = DIRECTION('',(1.,0.,0.));
#181 = FACE_BOUND('',#182,.T.);
#182 = EDGE_LOOP('',(#183));
#183 = ORIENTED_EDGE('',*,*,#184,.F.);
#184 = EDGE_CURVE('',#185,#185,#187,.T.);
#185 = VERTEX_POINT('',#186);
#186 = CARTESIAN_POINT('',(6.4,12.,9.6));
#187 = CIRCLE('',#188,2.4);
#188 = AXIS2_PLACEMENT_3D('',#189,#190,#191);
#189 = CARTESIAN_POINT('',(4.,12.,9.6));
#190 = DIRECTION('',(0.,0.,1.));
#191 = DIRECTION('',(1.,0.,0.));
#192 = FACE_BOUND('',#193,.T.);
#193 = EDGE_LOOP('',(#194));
#194 = ORIENTED_EDGE('',*,*,#195,.F.);
#195 = EDGE_CURVE('',#196,#196,#198,.T.);
#196 = VERTEX_POINT('',#197);
#197 = CARTESIAN_POINT('',(6.4,20.,9.6));
#198 = CIRCLE('',#199,2.4);
#199 = AXIS2_PLACEMENT_3D('',#200,#201,#202);
#200 = CARTESIAN_POINT('',(4.,20.,9.6));
#201 = DIRECTION('',(0.,0.,1.));
#202 = DIRECTION('',(1.,0.,0.));
#203 = PLANE('',#204);
#204 = AXIS2_PLACEMENT_3D('',#205,#206,#207);
#205 = CARTESIAN_POINT('',(-1.006289308176,1.006289308176,9.6));
#206 = DIRECTION('',(0.,0.,1.));
#207 = DIRECTION('',(1.,0.,0.));
#208 = ADVANCED_FACE('',(#209),#228,.T.);
#209 = FACE_BOUND('',#210,.T.);
#210 = EDGE_LOOP('',(#211,#220,#226,#227));
#211 = ORIENTED_EDGE('',*,*,#212,.F.);
#212 = EDGE_CURVE('',#213,#213,#215,.T.);
#213 = VERTEX_POINT('',#214);
#214 = CARTESIAN_POINT('',(-1.85,-20.,11.4));
#215 = CIRCLE('',#216,2.15);
#216 = AXIS2_PLACEMENT_3D('',#217,#218,#219);
#217 = CARTESIAN_POINT('',(-4.,-20.,11.4));
#218 = DIRECTION('',(0.,0.,1.));
#219 = DIRECTION('',(1.,0.,0.));
#220 = ORIENTED_EDGE('',*,*,#221,.F.);
#221 = EDGE_CURVE('',#24,#213,#222,.T.);
#222 = LINE('',#223,#224);
#223 = CARTESIAN_POINT('',(-1.6,-20.,11.15));
#224 = VECTOR('',#225,1.);
#225 = DIRECTION('',(-0.707106781187,1.731912112471E-16,0.707106781187)
  );
#226 = ORIENTED_EDGE('',*,*,#31,.T.);
#227 = ORIENTED_EDGE('',*,*,#221,.T.);
#228 = CONICAL_SURFACE('',#229,2.4,0.785398163397);
#229 = AXIS2_PLACEMENT_3D('',#230,#231,#232);
#230 = CARTESIAN_POINT('',(-4.,-20.,11.15));
#231 = DIRECTION('',(-0.,-0.,-1.));
#232 = DIRECTION('',(1.,0.,0.));
#233 = ADVANCED_FACE('',(#234),#259,.T.);
#234 = FACE_BOUND('',#235,.T.);
#235 = EDGE_LOOP('',(#236,#244,#245,#253));
#236 = ORIENTED_EDGE('',*,*,#237,.T.);
#237 = EDGE_CURVE('',#238,#55,#240,.T.);
#238 = VERTEX_POINT('',#239);
#239 = CARTESIAN_POINT('',(-7.9,-23.9,0.));
#240 = LINE('',#241,#242);
#241 = CARTESIAN_POINT('',(-7.9,-23.9,0.));
#242 = VECTOR('',#243,1.);
#243 = DIRECTION('',(0.,0.,1.));
#244 = ORIENTED_EDGE('',*,*,#54,.T.);
#245 = ORIENTED_EDGE('',*,*,#246,.F.);
#246 = EDGE_CURVE('',#247,#57,#249,.T.);
#247 = VERTEX_POINT('',#248);
#248 = CARTESIAN_POINT('',(-7.9,23.9,0.));
#249 = LINE('',#250,#251);
#250 = CARTESIAN_POINT('',(-7.9,23.9,0.));
#251 = VECTOR('',#252,1.);
#252 = DIRECTION('',(0.,0.,1.));
#253 = ORIENTED_EDGE('',*,*,#254,.F.);
#254 = EDGE_CURVE('',#238,#247,#255,.T.);
#255 = LINE('',#256,#257);
#256 = CARTESIAN_POINT('',(-7.9,16.1,0.));
#257 = VECTOR('',#258,1.);
#258 = DIRECTION('',(0.,1.,0.));
#259 = PLANE('',#260);
#260 = AXIS2_PLACEMENT_3D('',#261,#262,#263);
#261 = CARTESIAN_POINT('',(-7.9,1.6711370963E-15,4.8));
#262 = DIRECTION('',(-1.,-0.,-0.));
#263 = DIRECTION('',(0.,0.,-1.));
#264 = ADVANCED_FACE('',(#265),#283,.F.);
#265 = FACE_BOUND('',#266,.F.);
#266 = EDGE_LOOP('',(#267,#275,#276,#277));
#267 = ORIENTED_EDGE('',*,*,#268,.F.);
#268 = EDGE_CURVE('',#238,#269,#271,.T.);
#269 = VERTEX_POINT('',#270);
#270 = CARTESIAN_POINT('',(-0.1,-23.9,0.));
#271 = LINE('',#272,#273);
#272 = CARTESIAN_POINT('',(-7.9,-23.9,0.));
#273 = VECTOR('',#274,1.);
#274 = DIRECTION('',(1.,0.,0.));
#275 = ORIENTED_EDGE('',*,*,#237,.T.);
#276 = ORIENTED_EDGE('',*,*,#64,.T.);
#277 = ORIENTED_EDGE('',*,*,#278,.F.);
#278 = EDGE_CURVE('',#269,#65,#279,.T.);
#279 = LINE('',#280,#281);
#280 = CARTESIAN_POINT('',(-0.1,-23.9,0.));
#281 = VECTOR('',#282,1.);
#282 = DIRECTION('',(0.,0.,1.));
#283 = PLANE('',#284);
#284 = AXIS2_PLACEMENT_3D('',#285,#286,#287);
#285 = CARTESIAN_POINT('',(-7.9,-23.9,0.));
#286 = DIRECTION('',(0.,1.,0.));
#287 = DIRECTION('',(0.,0.,1.));
#288 = ADVANCED_FACE('',(#289),#307,.T.);
#289 = FACE_BOUND('',#290,.T.);
#290 = EDGE_LOOP('',(#291,#299,#300,#301));
#291 = ORIENTED_EDGE('',*,*,#292,.F.);
#292 = EDGE_CURVE('',#247,#293,#295,.T.);
#293 = VERTEX_POINT('',#294);
#294 = CARTESIAN_POINT('',(7.9,23.9,0.));
#295 = LINE('',#296,#297);
#296 = CARTESIAN_POINT('',(-7.9,23.9,0.));
#297 = VECTOR('',#298,1.);
#298 = DIRECTION('',(1.,0.,0.));
#299 = ORIENTED_EDGE('',*,*,#246,.T.);
#300 = ORIENTED_EDGE('',*,*,#96,.T.);
#301 = ORIENTED_EDGE('',*,*,#302,.F.);
#302 = EDGE_CURVE('',#293,#89,#303,.T.);
#303 = LINE('',#304,#305);
#304 = CARTESIAN_POINT('',(7.9,23.9,0.));
#305 = VECTOR('',#306,1.);
#306 = DIRECTION('',(0.,0.,1.));
#307 = PLANE('',#308);
#308 = AXIS2_PLACEMENT_3D('',#309,#310,#311);
#309 = CARTESIAN_POINT('',(-7.9,23.9,0.));
#310 = DIRECTION('',(0.,1.,0.));
#311 = DIRECTION('',(0.,0.,1.));
#312 = ADVANCED_FACE('',(#313),#331,.T.);
#313 = FACE_BOUND('',#314,.T.);
#314 = EDGE_LOOP('',(#315,#316,#324,#330));
#315 = ORIENTED_EDGE('',*,*,#278,.F.);
#316 = ORIENTED_EDGE('',*,*,#317,.T.);
#317 = EDGE_CURVE('',#269,#318,#320,.T.);
#318 = VERTEX_POINT('',#319);
#319 = CARTESIAN_POINT('',(-0.1,-7.9,0.));
#320 = LINE('',#321,#322);
#321 = CARTESIAN_POINT('',(-0.1,-8.1,0.));
#322 = VECTOR('',#323,1.);
#323 = DIRECTION('',(0.,1.,0.));
#324 = ORIENTED_EDGE('',*,*,#325,.T.);
#325 = EDGE_CURVE('',#318,#73,#326,.T.);
#326 = LINE('',#327,#328);
#327 = CARTESIAN_POINT('',(-0.1,-7.9,0.));
#328 = VECTOR('',#329,1.);
#329 = DIRECTION('',(0.,0.,1.));
#330 = ORIENTED_EDGE('',*,*,#72,.F.);
#331 = PLANE('',#332);
#332 = AXIS2_PLACEMENT_3D('',#333,#334,#335);
#333 = CARTESIAN_POINT('',(-0.1,-15.9,4.8));
#334 = DIRECTION('',(1.,0.,0.));
#335 = DIRECTION('',(0.,0.,1.));
#336 = ADVANCED_FACE('',(#337),#355,.T.);
#337 = FACE_BOUND('',#338,.T.);
#338 = EDGE_LOOP('',(#339,#347,#353,#354));
#339 = ORIENTED_EDGE('',*,*,#340,.F.);
#340 = EDGE_CURVE('',#341,#81,#343,.T.);
#341 = VERTEX_POINT('',#342);
#342 = CARTESIAN_POINT('',(7.9,-7.9,0.));
#343 = LINE('',#344,#345);
#344 = CARTESIAN_POINT('',(7.9,-7.9,0.));
#345 = VECTOR('',#346,1.);
#346 = DIRECTION('',(0.,0.,1.));
#347 = ORIENTED_EDGE('',*,*,#348,.T.);
#348 = EDGE_CURVE('',#341,#293,#349,.T.);
#349 = LINE('',#350,#351);
#350 = CARTESIAN_POINT('',(7.9,16.1,0.));
#351 = VECTOR('',#352,1.);
#352 = DIRECTION('',(0.,1.,0.));
#353 = ORIENTED_EDGE('',*,*,#302,.T.);
#354 = ORIENTED_EDGE('',*,*,#88,.F.);
#355 = PLANE('',#356);
#356 = AXIS2_PLACEMENT_3D('',#357,#358,#359);
#357 = CARTESIAN_POINT('',(7.9,8.,4.8));
#358 = DIRECTION('',(1.,0.,0.));
#359 = DIRECTION('',(0.,0.,1.));
#360 = ADVANCED_FACE('',(#361),#372,.F.);
#361 = FACE_BOUND('',#362,.F.);
#362 = EDGE_LOOP('',(#363,#369,#370,#371));
#363 = ORIENTED_EDGE('',*,*,#364,.F.);
#364 = EDGE_CURVE('',#318,#341,#365,.T.);
#365 = LINE('',#366,#367);
#366 = CARTESIAN_POINT('',(-7.9,-7.9,0.));
#367 = VECTOR('',#368,1.);
#368 = DIRECTION('',(1.,0.,0.));
#369 = ORIENTED_EDGE('',*,*,#325,.T.);
#370 = ORIENTED_EDGE('',*,*,#80,.T.);
#371 = ORIENTED_EDGE('',*,*,#340,.F.);
#372 = PLANE('',#373);
#373 = AXIS2_PLACEMENT_3D('',#374,#375,#376);
#374 = CARTESIAN_POINT('',(-7.9,-7.9,0.));
#375 = DIRECTION('',(0.,1.,0.));
#376 = DIRECTION('',(0.,0.,1.));
#377 = ADVANCED_FACE('',(#378),#397,.T.);
#378 = FACE_BOUND('',#379,.F.);
#379 = EDGE_LOOP('',(#380,#388,#395,#396));
#380 = ORIENTED_EDGE('',*,*,#381,.T.);
#381 = EDGE_CURVE('',#108,#382,#384,.T.);
#382 = VERTEX_POINT('',#383);
#383 = CARTESIAN_POINT('',(-1.6,-12.,11.15));
#384 = LINE('',#385,#386);
#385 = CARTESIAN_POINT('',(-1.6,-12.,9.6));
#386 = VECTOR('',#387,1.);
#387 = DIRECTION('',(0.,0.,1.));
#388 = ORIENTED_EDGE('',*,*,#389,.T.);
#389 = EDGE_CURVE('',#382,#382,#390,.T.);
#390 = CIRCLE('',#391,2.4);
#391 = AXIS2_PLACEMENT_3D('',#392,#393,#394);
#392 = CARTESIAN_POINT('',(-4.,-12.,11.15));
#393 = DIRECTION('',(0.,0.,1.));
#394 = DIRECTION('',(1.,0.,0.));
#395 = ORIENTED_EDGE('',*,*,#381,.F.);
#396 = ORIENTED_EDGE('',*,*,#107,.F.);
#397 = CYLINDRICAL_SURFACE('',#398,2.4);
#398 = AXIS2_PLACEMENT_3D('',#399,#400,#401);
#399 = CARTESIAN_POINT('',(-4.,-12.,9.6));
#400 = DIRECTION('',(-0.,-0.,-1.));
#401 = DIRECTION('',(1.,0.,0.));
#402 = ADVANCED_FACE('',(#403),#422,.T.);
#403 = FACE_BOUND('',#404,.F.);
#404 = EDGE_LOOP('',(#405,#413,#420,#421));
#405 = ORIENTED_EDGE('',*,*,#406,.T.);
#406 = EDGE_CURVE('',#119,#407,#409,.T.);
#407 = VERTEX_POINT('',#408);
#408 = CARTESIAN_POINT('',(-1.6,-4.,11.15));
#409 = LINE('',#410,#411);
#410 = CARTESIAN_POINT('',(-1.6,-4.,9.6));
#411 = VECTOR('',#412,1.);
#412 = DIRECTION('',(0.,0.,1.));
#413 = ORIENTED_EDGE('',*,*,#414,.T.);
#414 = EDGE_CURVE('',#407,#407,#415,.T.);
#415 = CIRCLE('',#416,2.4);
#416 = AXIS2_PLACEMENT_3D('',#417,#418,#419);
#417 = CARTESIAN_POINT('',(-4.,-4.,11.15));
#418 = DIRECTION('',(0.,0.,1.));
#419 = DIRECTION('',(1.,0.,0.));
#420 = ORIENTED_EDGE('',*,*,#406,.F.);
#421 = ORIENTED_EDGE('',*,*,#118,.F.);
#422 = CYLINDRICAL_SURFACE('',#423,2.4);
#423 = AXIS2_PLACEMENT_3D('',#424,#425,#426);
#424 = CARTESIAN_POINT('',(-4.,-4.,9.6));
#425 = DIRECTION('',(-0.,-0.,-1.));
#426 = DIRECTION('',(1.,0.,0.));
#427 = ADVANCED_FACE('',(#428),#447,.T.);
#428 = FACE_BOUND('',#429,.F.);
#429 = EDGE_LOOP('',(#430,#438,#445,#446));
#430 = ORIENTED_EDGE('',*,*,#431,.T.);
#431 = EDGE_CURVE('',#130,#432,#434,.T.);
#432 = VERTEX_POINT('',#433);
#433 = CARTESIAN_POINT('',(6.4,-4.,11.15));
#434 = LINE('',#435,#436);
#435 = CARTESIAN_POINT('',(6.4,-4.,9.6));
#436 = VECTOR('',#437,1.);
#437 = DIRECTION('',(0.,0.,1.));
#438 = ORIENTED_EDGE('',*,*,#439,.T.);
#439 = EDGE_CURVE('',#432,#432,#440,.T.);
#440 = CIRCLE('',#441,2.4);
#441 = AXIS2_PLACEMENT_3D('',#442,#443,#444);
#442 = CARTESIAN_POINT('',(4.,-4.,11.15));
#443 = DIRECTION('',(0.,0.,1.));
#444 = DIRECTION('',(1.,0.,0.));
#445 = ORIENTED_EDGE('',*,*,#431,.F.);
#446 = ORIENTED_EDGE('',*,*,#129,.F.);
#447 = CYLINDRICAL_SURFACE('',#448,2.4);
#448 = AXIS2_PLACEMENT_3D('',#449,#450,#451);
#449 = CARTESIAN_POINT('',(4.,-4.,9.6));
#450 = DIRECTION('',(-0.,-0.,-1.));
#451 = DIRECTION('',(1.,0.,0.));
#452 = ADVANCED_FACE('',(#453),#472,.T.);
#453 = FACE_BOUND('',#454,.F.);
#454 = EDGE_LOOP('',(#455,#463,#470,#471));
#455 = ORIENTED_EDGE('',*,*,#456,.T.);
#456 = EDGE_CURVE('',#141,#457,#459,.T.);
#457 = VERTEX_POINT('',#458);
#458 = CARTESIAN_POINT('',(-1.6,4.,11.15));
#459 = LINE('',#460,#461);
#460 = CARTESIAN_POINT('',(-1.6,4.,9.6));
#461 = VECTOR('',#462,1.);
#462 = DIRECTION('',(0.,0.,1.));
#463 = ORIENTED_EDGE('',*,*,#464,.T.);
#464 = EDGE_CURVE('',#457,#457,#465,.T.);
#465 = CIRCLE('',#466,2.4);
#466 = AXIS2_PLACEMENT_3D('',#467,#468,#469);
#467 = CARTESIAN_POINT('',(-4.,4.,11.15));
#468 = DIRECTION('',(0.,0.,1.));
#469 = DIRECTION('',(1.,0.,0.));
#470 = ORIENTED_EDGE('',*,*,#456,.F.);
#471 = ORIENTED_EDGE('',*,*,#140,.F.);
#472 = CYLINDRICAL_SURFACE('',#473,2.4);
#473 = AXIS2_PLACEMENT_3D('',#474,#475,#476);
#474 = CARTESIAN_POINT('',(-4.,4.,9.6));
#475 = DIRECTION('',(-0.,-0.,-1.));
#476 = DIRECTION('',(1.,0.,0.));
#477 = ADVANCED_FACE('',(#478),#497,.T.);
#478 = FACE_BOUND('',#479,.F.);
#479 = EDGE_LOOP('',(#480,#488,#495,#496));
#480 = ORIENTED_EDGE('',*,*,#481,.T.);
#481 = EDGE_CURVE('',#152,#482,#484,.T.);
#482 = VERTEX_POINT('',#483);
#483 = CARTESIAN_POINT('',(-1.6,12.,11.15));
#484 = LINE('',#485,#486);
#485 = CARTESIAN_POINT('',(-1.6,12.,9.6));
#486 = VECTOR('',#487,1.);
#487 = DIRECTION('',(0.,0.,1.));
#488 = ORIENTED_EDGE('',*,*,#489,.T.);
#489 = EDGE_CURVE('',#482,#482,#490,.T.);
#490 = CIRCLE('',#491,2.4);
#491 = AXIS2_PLACEMENT_3D('',#492,#493,#494);
#492 = CARTESIAN_POINT('',(-4.,12.,11.15));
#493 = DIRECTION('',(0.,0.,1.));
#494 = DIRECTION('',(1.,0.,0.));
#495 = ORIENTED_EDGE('',*,*,#481,.F.);
#496 = ORIENTED_EDGE('',*,*,#151,.F.);
#497 = CYLINDRICAL_SURFACE('',#498,2.4);
#498 = AXIS2_PLACEMENT_3D('',#499,#500,#501);
#499 = CARTESIAN_POINT('',(-4.,12.,9.6));
#500 = DIRECTION('',(-0.,-0.,-1.));
#501 = DIRECTION('',(1.,0.,0.));
#502 = ADVANCED_FACE('',(#503),#522,.T.);
#503 = FACE_BOUND('',#504,.F.);
#504 = EDGE_LOOP('',(#505,#513,#520,#521));
#505 = ORIENTED_EDGE('',*,*,#506,.T.);
#506 = EDGE_CURVE('',#163,#507,#509,.T.);
#507 = VERTEX_POINT('',#508);
#508 = CARTESIAN_POINT('',(-1.6,20.,11.15));
#509 = LINE('',#510,#511);
#510 = CARTESIAN_POINT('',(-1.6,20.,9.6));
#511 = VECTOR('',#512,1.);
#512 = DIRECTION('',(0.,0.,1.));
#513 = ORIENTED_EDGE('',*,*,#514,.T.);
#514 = EDGE_CURVE('',#507,#507,#515,.T.);
#515 = CIRCLE('',#516,2.4);
#516 = AXIS2_PLACEMENT_3D('',#517,#518,#519);
#517 = CARTESIAN_POINT('',(-4.,20.,11.15));
#518 = DIRECTION('',(0.,0.,1.));
#519 = DIRECTION('',(1.,0.,0.));
#520 = ORIENTED_EDGE('',*,*,#506,.F.);
#521 = ORIENTED_EDGE('',*,*,#162,.F.);
#522 = CYLINDRICAL_SURFACE('',#523,2.4);
#523 = AXIS2_PLACEMENT_3D('',#524,#525,#526);
#524 = CARTESIAN_POINT('',(-4.,20.,9.6));
#525 = DIRECTION('',(-0.,-0.,-1.));
#526 = DIRECTION('',(1.,0.,0.));
#527 = ADVANCED_FACE('',(#528),#547,.T.);
#528 = FACE_BOUND('',#529,.F.);
#529 = EDGE_LOOP('',(#530,#538,#545,#546));
#530 = ORIENTED_EDGE('',*,*,#531,.T.);
#531 = EDGE_CURVE('',#174,#532,#534,.T.);
#532 = VERTEX_POINT('',#533);
#533 = CARTESIAN_POINT('',(6.4,4.,11.15));
#534 = LINE('',#535,#536);
#535 = CARTESIAN_POINT('',(6.4,4.,9.6));
#536 = VECTOR('',#537,1.);
#537 = DIRECTION('',(0.,0.,1.));
#538 = ORIENTED_EDGE('',*,*,#539,.T.);
#539 = EDGE_CURVE('',#532,#532,#540,.T.);
#540 = CIRCLE('',#541,2.4);
#541 = AXIS2_PLACEMENT_3D('',#542,#543,#544);
#542 = CARTESIAN_POINT('',(4.,4.,11.15));
#543 = DIRECTION('',(0.,0.,1.));
#544 = DIRECTION('',(1.,0.,0.));
#545 = ORIENTED_EDGE('',*,*,#531,.F.);
#546 = ORIENTED_EDGE('',*,*,#173,.F.);
#547 = CYLINDRICAL_SURFACE('',#548,2.4);
#548 = AXIS2_PLACEMENT_3D('',#549,#550,#551);
#549 = CARTESIAN_POINT('',(4.,4.,9.6));
#550 = DIRECTION('',(-0.,-0.,-1.));
#551 = DIRECTION('',(1.,0.,0.));
#552 = ADVANCED_FACE('',(#553),#572,.T.);
#553 = FACE_BOUND('',#554,.F.);
#554 = EDGE_LOOP('',(#555,#563,#570,#571));
#555 = ORIENTED_EDGE('',*,*,#556,.T.);
#556 = EDGE_CURVE('',#185,#557,#559,.T.);
#557 = VERTEX_POINT('',#558);
#558 = CARTESIAN_POINT('',(6.4,12.,11.15));
#559 = LINE('',#560,#561);
#560 = CARTESIAN_POINT('',(6.4,12.,9.6));
#561 = VECTOR('',#562,1.);
#562 = DIRECTION('',(0.,0.,1.));
#563 = ORIENTED_EDGE('',*,*,#564,.T.);
#564 = EDGE_CURVE('',#557,#557,#565,.T.);
#565 = CIRCLE('',#566,2.4);
#566 = AXIS2_PLACEMENT_3D('',#567,#568,#569);
#567 = CARTESIAN_POINT('',(4.,12.,11.15));
#568 = DIRECTION('',(0.,0.,1.));
#569 = DIRECTION('',(1.,0.,0.));
#570 = ORIENTED_EDGE('',*,*,#556,.F.);
#571 = ORIENTED_EDGE('',*,*,#184,.F.);
#572 = CYLINDRICAL_SURFACE('',#573,2.4);
#573 = AXIS2_PLACEMENT_3D('',#574,#575,#576);
#574 = CARTESIAN_POINT('',(4.,12.,9.6));
#575 = DIRECTION('',(-0.,-0.,-1.));
#576 = DIRECTION('',(1.,0.,0.));
#577 = ADVANCED_FACE('',(#578),#597,.T.);
#578 = FACE_BOUND('',#579,.F.);
#579 = EDGE_LOOP('',(#580,#588,#595,#596));
#580 = ORIENTED_EDGE('',*,*,#581,.T.);
#581 = EDGE_CURVE('',#196,#582,#584,.T.);
#582 = VERTEX_POINT('',#583);
#583 = CARTESIAN_POINT('',(6.4,20.,11.15));
#584 = LINE('',#585,#586);
#585 = CARTESIAN_POINT('',(6.4,20.,9.6));
#586 = VECTOR('',#587,1.);
#587 = DIRECTION('',(0.,0.,1.));
#588 = ORIENTED_EDGE('',*,*,#589,.T.);
#589 = EDGE_CURVE('',#582,#582,#590,.T.);
#590 = CIRCLE('',#591,2.4);
#591 = AXIS2_PLACEMENT_3D('',#592,#593,#594);
#592 = CARTESIAN_POINT('',(4.,20.,11.15));
#593 = DIRECTION('',(0.,0.,1.));
#594 = DIRECTION('',(1.,0.,0.));
#595 = ORIENTED_EDGE('',*,*,#581,.F.);
#596 = ORIENTED_EDGE('',*,*,#195,.F.);
#597 = CYLINDRICAL_SURFACE('',#598,2.4);
#598 = AXIS2_PLACEMENT_3D('',#599,#600,#601);
#599 = CARTESIAN_POINT('',(4.,20.,9.6));
#600 = DIRECTION('',(-0.,-0.,-1.));
#601 = DIRECTION('',(1.,0.,0.));
#602 = ADVANCED_FACE('',(#603),#606,.T.);
#603 = FACE_BOUND('',#604,.T.);
#604 = EDGE_LOOP('',(#605));
#605 = ORIENTED_EDGE('',*,*,#212,.T.);
#606 = PLANE('',#607);
#607 = AXIS2_PLACEMENT_3D('',#608,#609,#610);
#608 = CARTESIAN_POINT('',(-4.,-20.,11.4));
#609 = DIRECTION('',(0.,0.,1.));
#610 = DIRECTION('',(1.,0.,0.));
#611 = ADVANCED_FACE('',(#612,#620),#822,.T.);
#612 = FACE_BOUND('',#613,.T.);
#613 = EDGE_LOOP('',(#614,#615,#616,#617,#618,#619));
#614 = ORIENTED_EDGE('',*,*,#254,.T.);
#615 = ORIENTED_EDGE('',*,*,#292,.T.);
#616 = ORIENTED_EDGE('',*,*,#348,.F.);
#617 = ORIENTED_EDGE('',*,*,#364,.F.);
#618 = ORIENTED_EDGE('',*,*,#317,.F.);
#619 = ORIENTED_EDGE('',*,*,#268,.F.);
#620 = FACE_BOUND('',#621,.T.);
#621 = EDGE_LOOP('',(#622,#632,#640,#648,#656,#664,#672,#680,#688,#696,
    #704,#712,#720,#728,#736,#744,#752,#760,#768,#776,#784,#792,#800,
    #808,#816));
#622 = ORIENTED_EDGE('',*,*,#623,.F.);
#623 = EDGE_CURVE('',#624,#626,#628,.T.);
#624 = VERTEX_POINT('',#625);
#625 = CARTESIAN_POINT('',(-6.64,-22.64,0.));
#626 = VERTEX_POINT('',#627);
#627 = CARTESIAN_POINT('',(-6.64,-17.36,0.));
#628 = LINE('',#629,#630);
#629 = CARTESIAN_POINT('',(-6.64,-22.64,0.));
#630 = VECTOR('',#631,1.);
#631 = DIRECTION('',(0.,1.,0.));
#632 = ORIENTED_EDGE('',*,*,#633,.T.);
#633 = EDGE_CURVE('',#624,#634,#636,.T.);
#634 = VERTEX_POINT('',#635);
#635 = CARTESIAN_POINT('',(-1.36,-22.64,0.));
#636 = LINE('',#637,#638);
#637 = CARTESIAN_POINT('',(-6.64,-22.64,0.));
#638 = VECTOR('',#639,1.);
#639 = DIRECTION('',(1.,0.,0.));
#640 = ORIENTED_EDGE('',*,*,#641,.T.);
#641 = EDGE_CURVE('',#634,#642,#644,.T.);
#642 = VERTEX_POINT('',#643);
#643 = CARTESIAN_POINT('',(-1.36,-17.36,0.));
#644 = LINE('',#645,#646);
#645 = CARTESIAN_POINT('',(-1.36,-22.64,0.));
#646 = VECTOR('',#647,1.);
#647 = DIRECTION('',(0.,1.,0.));
#648 = ORIENTED_EDGE('',*,*,#649,.T.);
#649 = EDGE_CURVE('',#642,#650,#652,.T.);
#650 = VERTEX_POINT('',#651);
#651 = CARTESIAN_POINT('',(-1.36,-14.64,0.));
#652 = LINE('',#653,#654);
#653 = CARTESIAN_POINT('',(-1.36,-17.36,0.));
#654 = VECTOR('',#655,1.);
#655 = DIRECTION('',(0.,1.,0.));
#656 = ORIENTED_EDGE('',*,*,#657,.T.);
#657 = EDGE_CURVE('',#650,#658,#660,.T.);
#658 = VERTEX_POINT('',#659);
#659 = CARTESIAN_POINT('',(-1.36,-9.36,0.));
#660 = LINE('',#661,#662);
#661 = CARTESIAN_POINT('',(-1.36,-14.64,0.));
#662 = VECTOR('',#663,1.);
#663 = DIRECTION('',(0.,1.,0.));
#664 = ORIENTED_EDGE('',*,*,#665,.T.);
#665 = EDGE_CURVE('',#658,#666,#668,.T.);
#666 = VERTEX_POINT('',#667);
#667 = CARTESIAN_POINT('',(-1.36,-6.64,0.));
#668 = LINE('',#669,#670);
#669 = CARTESIAN_POINT('',(-1.36,-9.36,0.));
#670 = VECTOR('',#671,1.);
#671 = DIRECTION('',(0.,1.,0.));
#672 = ORIENTED_EDGE('',*,*,#673,.T.);
#673 = EDGE_CURVE('',#666,#674,#676,.T.);
#674 = VERTEX_POINT('',#675);
#675 = CARTESIAN_POINT('',(6.64,-6.64,0.));
#676 = LINE('',#677,#678);
#677 = CARTESIAN_POINT('',(-6.64,-6.64,0.));
#678 = VECTOR('',#679,1.);
#679 = DIRECTION('',(1.,0.,0.));
#680 = ORIENTED_EDGE('',*,*,#681,.T.);
#681 = EDGE_CURVE('',#674,#682,#684,.T.);
#682 = VERTEX_POINT('',#683);
#683 = CARTESIAN_POINT('',(6.64,-1.36,0.));
#684 = LINE('',#685,#686);
#685 = CARTESIAN_POINT('',(6.64,-6.64,0.));
#686 = VECTOR('',#687,1.);
#687 = DIRECTION('',(0.,1.,0.));
#688 = ORIENTED_EDGE('',*,*,#689,.T.);
#689 = EDGE_CURVE('',#682,#690,#692,.T.);
#690 = VERTEX_POINT('',#691);
#691 = CARTESIAN_POINT('',(6.64,1.36,0.));
#692 = LINE('',#693,#694);
#693 = CARTESIAN_POINT('',(6.64,-1.36,0.));
#694 = VECTOR('',#695,1.);
#695 = DIRECTION('',(0.,1.,0.));
#696 = ORIENTED_EDGE('',*,*,#697,.T.);
#697 = EDGE_CURVE('',#690,#698,#700,.T.);
#698 = VERTEX_POINT('',#699);
#699 = CARTESIAN_POINT('',(6.64,6.64,0.));
#700 = LINE('',#701,#702);
#701 = CARTESIAN_POINT('',(6.64,1.36,0.));
#702 = VECTOR('',#703,1.);
#703 = DIRECTION('',(0.,1.,0.));
#704 = ORIENTED_EDGE('',*,*,#705,.T.);
#705 = EDGE_CURVE('',#698,#706,#708,.T.);
#706 = VERTEX_POINT('',#707);
#707 = CARTESIAN_POINT('',(6.64,9.36,0.));
#708 = LINE('',#709,#710);
#709 = CARTESIAN_POINT('',(6.64,6.64,0.));
#710 = VECTOR('',#711,1.);
#711 = DIRECTION('',(0.,1.,0.));
#712 = ORIENTED_EDGE('',*,*,#713,.T.);
#713 = EDGE_CURVE('',#706,#714,#716,.T.);
#714 = VERTEX_POINT('',#715);
#715 = CARTESIAN_POINT('',(6.64,14.64,0.));
#716 = LINE('',#717,#718);
#717 = CARTESIAN_POINT('',(6.64,9.36,0.));
#718 = VECTOR('',#719,1.);
#719 = DIRECTION('',(0.,1.,0.));
#720 = ORIENTED_EDGE('',*,*,#721,.T.);
#721 = EDGE_CURVE('',#714,#722,#724,.T.);
#722 = VERTEX_POINT('',#723);
#723 = CARTESIAN_POINT('',(6.64,17.36,0.));
#724 = LINE('',#725,#726);
#725 = CARTESIAN_POINT('',(6.64,14.64,0.));
#726 = VECTOR('',#727,1.);
#727 = DIRECTION('',(0.,1.,0.));
#728 = ORIENTED_EDGE('',*,*,#729,.T.);
#729 = EDGE_CURVE('',#722,#730,#732,.T.);
#730 = VERTEX_POINT('',#731);
#731 = CARTESIAN_POINT('',(6.64,22.64,0.));
#732 = LINE('',#733,#734);
#733 = CARTESIAN_POINT('',(6.64,17.36,0.));
#734 = VECTOR('',#735,1.);
#735 = DIRECTION('',(0.,1.,0.));
#736 = ORIENTED_EDGE('',*,*,#737,.F.);
#737 = EDGE_CURVE('',#738,#730,#740,.T.);
#738 = VERTEX_POINT('',#739);
#739 = CARTESIAN_POINT('',(-6.64,22.64,0.));
#740 = LINE('',#741,#742);
#741 = CARTESIAN_POINT('',(-6.64,22.64,0.));
#742 = VECTOR('',#743,1.);
#743 = DIRECTION('',(1.,0.,0.));
#744 = ORIENTED_EDGE('',*,*,#745,.F.);
#745 = EDGE_CURVE('',#746,#738,#748,.T.);
#746 = VERTEX_POINT('',#747);
#747 = CARTESIAN_POINT('',(-6.64,17.36,0.));
#748 = LINE('',#749,#750);
#749 = CARTESIAN_POINT('',(-6.64,17.36,0.));
#750 = VECTOR('',#751,1.);
#751 = DIRECTION('',(0.,1.,0.));
#752 = ORIENTED_EDGE('',*,*,#753,.F.);
#753 = EDGE_CURVE('',#754,#746,#756,.T.);
#754 = VERTEX_POINT('',#755);
#755 = CARTESIAN_POINT('',(-6.64,14.64,0.));
#756 = LINE('',#757,#758);
#757 = CARTESIAN_POINT('',(-6.64,14.64,0.));
#758 = VECTOR('',#759,1.);
#759 = DIRECTION('',(0.,1.,0.));
#760 = ORIENTED_EDGE('',*,*,#761,.F.);
#761 = EDGE_CURVE('',#762,#754,#764,.T.);
#762 = VERTEX_POINT('',#763);
#763 = CARTESIAN_POINT('',(-6.64,9.36,0.));
#764 = LINE('',#765,#766);
#765 = CARTESIAN_POINT('',(-6.64,9.36,0.));
#766 = VECTOR('',#767,1.);
#767 = DIRECTION('',(0.,1.,0.));
#768 = ORIENTED_EDGE('',*,*,#769,.F.);
#769 = EDGE_CURVE('',#770,#762,#772,.T.);
#770 = VERTEX_POINT('',#771);
#771 = CARTESIAN_POINT('',(-6.64,6.64,0.));
#772 = LINE('',#773,#774);
#773 = CARTESIAN_POINT('',(-6.64,6.64,0.));
#774 = VECTOR('',#775,1.);
#775 = DIRECTION('',(0.,1.,0.));
#776 = ORIENTED_EDGE('',*,*,#777,.F.);
#777 = EDGE_CURVE('',#778,#770,#780,.T.);
#778 = VERTEX_POINT('',#779);
#779 = CARTESIAN_POINT('',(-6.64,1.36,0.));
#780 = LINE('',#781,#782);
#781 = CARTESIAN_POINT('',(-6.64,1.36,0.));
#782 = VECTOR('',#783,1.);
#783 = DIRECTION('',(0.,1.,0.));
#784 = ORIENTED_EDGE('',*,*,#785,.F.);
#785 = EDGE_CURVE('',#786,#778,#788,.T.);
#786 = VERTEX_POINT('',#787);
#787 = CARTESIAN_POINT('',(-6.64,-1.36,0.));
#788 = LINE('',#789,#790);
#789 = CARTESIAN_POINT('',(-6.64,-1.36,0.));
#790 = VECTOR('',#791,1.);
#791 = DIRECTION('',(0.,1.,0.));
#792 = ORIENTED_EDGE('',*,*,#793,.F.);
#793 = EDGE_CURVE('',#794,#786,#796,.T.);
#794 = VERTEX_POINT('',#795);
#795 = CARTESIAN_POINT('',(-6.64,-6.64,0.));
#796 = LINE('',#797,#798);
#797 = CARTESIAN_POINT('',(-6.64,-6.64,0.));
#798 = VECTOR('',#799,1.);
#799 = DIRECTION('',(0.,1.,0.));
#800 = ORIENTED_EDGE('',*,*,#801,.F.);
#801 = EDGE_CURVE('',#802,#794,#804,.T.);
#802 = VERTEX_POINT('',#803);
#803 = CARTESIAN_POINT('',(-6.64,-9.36,0.));
#804 = LINE('',#805,#806);
#805 = CARTESIAN_POINT('',(-6.64,-9.36,0.));
#806 = VECTOR('',#807,1.);
#807 = DIRECTION('',(0.,1.,0.));
#808 = ORIENTED_EDGE('',*,*,#809,.F.);
#809 = EDGE_CURVE('',#810,#802,#812,.T.);
#810 = VERTEX_POINT('',#811);
#811 = CARTESIAN_POINT('',(-6.64,-14.64,0.));
#812 = LINE('',#813,#814);
#813 = CARTESIAN_POINT('',(-6.64,-14.64,0.));
#814 = VECTOR('',#815,1.);
#815 = DIRECTION('',(0.,1.,0.));
#816 = ORIENTED_EDGE('',*,*,#817,.F.);
#817 = EDGE_CURVE('',#626,#810,#818,.T.);
#818 = LINE('',#819,#820);
#819 = CARTESIAN_POINT('',(-6.64,-17.36,0.));
#820 = VECTOR('',#821,1.);
#821 = DIRECTION('',(0.,1.,0.));
#822 = PLANE('',#823);
#823 = AXIS2_PLACEMENT_3D('',#824,#825,#826);
#824 = CARTESIAN_POINT('',(-1.006289308176,1.006289308176,0.));
#825 = DIRECTION('',(-0.,-0.,-1.));
#826 = DIRECTION('',(-1.,0.,0.));
#827 = ADVANCED_FACE('',(#828),#847,.T.);
#828 = FACE_BOUND('',#829,.T.);
#829 = EDGE_LOOP('',(#830,#839,#845,#846));
#830 = ORIENTED_EDGE('',*,*,#831,.F.);
#831 = EDGE_CURVE('',#832,#832,#834,.T.);
#832 = VERTEX_POINT('',#833);
#833 = CARTESIAN_POINT('',(-1.85,-12.,11.4));
#834 = CIRCLE('',#835,2.15);
#835 = AXIS2_PLACEMENT_3D('',#836,#837,#838);
#836 = CARTESIAN_POINT('',(-4.,-12.,11.4));
#837 = DIRECTION('',(0.,0.,1.));
#838 = DIRECTION('',(1.,0.,0.));
#839 = ORIENTED_EDGE('',*,*,#840,.F.);
#840 = EDGE_CURVE('',#382,#832,#841,.T.);
#841 = LINE('',#842,#843);
#842 = CARTESIAN_POINT('',(-1.6,-12.,11.15));
#843 = VECTOR('',#844,1.);
#844 = DIRECTION('',(-0.707106781187,1.731912112471E-16,0.707106781187)
  );
#845 = ORIENTED_EDGE('',*,*,#389,.T.);
#846 = ORIENTED_EDGE('',*,*,#840,.T.);
#847 = CONICAL_SURFACE('',#848,2.4,0.785398163397);
#848 = AXIS2_PLACEMENT_3D('',#849,#850,#851);
#849 = CARTESIAN_POINT('',(-4.,-12.,11.15));
#850 = DIRECTION('',(-0.,-0.,-1.));
#851 = DIRECTION('',(1.,0.,0.));
#852 = ADVANCED_FACE('',(#853),#872,.T.);
#853 = FACE_BOUND('',#854,.T.);
#854 = EDGE_LOOP('',(#855,#864,#870,#871));
#855 = ORIENTED_EDGE('',*,*,#856,.F.);
#856 = EDGE_CURVE('',#857,#857,#859,.T.);
#857 = VERTEX_POINT('',#858);
#858 = CARTESIAN_POINT('',(-1.85,-4.,11.4));
#859 = CIRCLE('',#860,2.15);
#860 = AXIS2_PLACEMENT_3D('',#861,#862,#863);
#861 = CARTESIAN_POINT('',(-4.,-4.,11.4));
#862 = DIRECTION('',(0.,0.,1.));
#863 = DIRECTION('',(1.,0.,0.));
#864 = ORIENTED_EDGE('',*,*,#865,.F.);
#865 = EDGE_CURVE('',#407,#857,#866,.T.);
#866 = LINE('',#867,#868);
#867 = CARTESIAN_POINT('',(-1.6,-4.,11.15));
#868 = VECTOR('',#869,1.);
#869 = DIRECTION('',(-0.707106781187,1.731912112471E-16,0.707106781187)
  );
#870 = ORIENTED_EDGE('',*,*,#414,.T.);
#871 = ORIENTED_EDGE('',*,*,#865,.T.);
#872 = CONICAL_SURFACE('',#873,2.4,0.785398163397);
#873 = AXIS2_PLACEMENT_3D('',#874,#875,#876);
#874 = CARTESIAN_POINT('',(-4.,-4.,11.15));
#875 = DIRECTION('',(-0.,-0.,-1.));
#876 = DIRECTION('',(1.,0.,0.));
#877 = ADVANCED_FACE('',(#878),#897,.T.);
#878 = FACE_BOUND('',#879,.T.);
#879 = EDGE_LOOP('',(#880,#889,#895,#896));
#880 = ORIENTED_EDGE('',*,*,#881,.F.);
#881 = EDGE_CURVE('',#882,#882,#884,.T.);
#882 = VERTEX_POINT('',#883);
#883 = CARTESIAN_POINT('',(6.15,-4.,11.4));
#884 = CIRCLE('',#885,2.15);
#885 = AXIS2_PLACEMENT_3D('',#886,#887,#888);
#886 = CARTESIAN_POINT('',(4.,-4.,11.4));
#887 = DIRECTION('',(0.,0.,1.));
#888 = DIRECTION('',(1.,0.,0.));
#889 = ORIENTED_EDGE('',*,*,#890,.F.);
#890 = EDGE_CURVE('',#432,#882,#891,.T.);
#891 = LINE('',#892,#893);
#892 = CARTESIAN_POINT('',(6.4,-4.,11.15));
#893 = VECTOR('',#894,1.);
#894 = DIRECTION('',(-0.707106781187,1.731912112471E-16,0.707106781187)
  );
#895 = ORIENTED_EDGE('',*,*,#439,.T.);
#896 = ORIENTED_EDGE('',*,*,#890,.T.);
#897 = CONICAL_SURFACE('',#898,2.4,0.785398163397);
#898 = AXIS2_PLACEMENT_3D('',#899,#900,#901);
#899 = CARTESIAN_POINT('',(4.,-4.,11.15));
#900 = DIRECTION('',(-0.,-0.,-1.));
#901 = DIRECTION('',(1.,0.,0.));
#902 = ADVANCED_FACE('',(#903),#922,.T.);
#903 = FACE_BOUND('',#904,.T.);
#904 = EDGE_LOOP('',(#905,#914,#920,#921));
#905 = ORIENTED_EDGE('',*,*,#906,.F.);
#906 = EDGE_CURVE('',#907,#907,#909,.T.);
#907 = VERTEX_POINT('',#908);
#908 = CARTESIAN_POINT('',(-1.85,4.,11.4));
#909 = CIRCLE('',#910,2.15);
#910 = AXIS2_PLACEMENT_3D('',#911,#912,#913);
#911 = CARTESIAN_POINT('',(-4.,4.,11.4));
#912 = DIRECTION('',(0.,0.,1.));
#913 = DIRECTION('',(1.,0.,0.));
#914 = ORIENTED_EDGE('',*,*,#915,.F.);
#915 = EDGE_CURVE('',#457,#907,#916,.T.);
#916 = LINE('',#917,#918);
#917 = CARTESIAN_POINT('',(-1.6,4.,11.15));
#918 = VECTOR('',#919,1.);
#919 = DIRECTION('',(-0.707106781187,1.731912112471E-16,0.707106781187)
  );
#920 = ORIENTED_EDGE('',*,*,#464,.T.);
#921 = ORIENTED_EDGE('',*,*,#915,.T.);
#922 = CONICAL_SURFACE('',#923,2.4,0.785398163397);
#923 = AXIS2_PLACEMENT_3D('',#924,#925,#926);
#924 = CARTESIAN_POINT('',(-4.,4.,11.15));
#925 = DIRECTION('',(-0.,-0.,-1.));
#926 = DIRECTION('',(1.,0.,0.));
#927 = ADVANCED_FACE('',(#928),#947,.T.);
#928 = FACE_BOUND('',#929,.T.);
#929 = EDGE_LOOP('',(#930,#939,#945,#946));
#930 = ORIENTED_EDGE('',*,*,#931,.F.);
#931 = EDGE_CURVE('',#932,#932,#934,.T.);
#932 = VERTEX_POINT('',#933);
#933 = CARTESIAN_POINT('',(-1.85,12.,11.4));
#934 = CIRCLE('',#935,2.15);
#935 = AXIS2_PLACEMENT_3D('',#936,#937,#938);
#936 = CARTESIAN_POINT('',(-4.,12.,11.4));
#937 = DIRECTION('',(0.,0.,1.));
#938 = DIRECTION('',(1.,0.,0.));
#939 = ORIENTED_EDGE('',*,*,#940,.F.);
#940 = EDGE_CURVE('',#482,#932,#941,.T.);
#941 = LINE('',#942,#943);
#942 = CARTESIAN_POINT('',(-1.6,12.,11.15));
#943 = VECTOR('',#944,1.);
#944 = DIRECTION('',(-0.707106781187,1.731912112471E-16,0.707106781187)
  );
#945 = ORIENTED_EDGE('',*,*,#489,.T.);
#946 = ORIENTED_EDGE('',*,*,#940,.T.);
#947 = CONICAL_SURFACE('',#948,2.4,0.785398163397);
#948 = AXIS2_PLACEMENT_3D('',#949,#950,#951);
#949 = CARTESIAN_POINT('',(-4.,12.,11.15));
#950 = DIRECTION('',(-0.,-0.,-1.));
#951 = DIRECTION('',(1.,0.,0.));
#952 = ADVANCED_FACE('',(#953),#972,.T.);
#953 = FACE_BOUND('',#954,.T.);
#954 = EDGE_LOOP('',(#955,#964,#970,#971));
#955 = ORIENTED_EDGE('',*,*,#956,.F.);
#956 = EDGE_CURVE('',#957,#957,#959,.T.);
#957 = VERTEX_POINT('',#958);
#958 = CARTESIAN_POINT('',(-1.85,20.,11.4));
#959 = CIRCLE('',#960,2.15);
#960 = AXIS2_PLACEMENT_3D('',#961,#962,#963);
#961 = CARTESIAN_POINT('',(-4.,20.,11.4));
#962 = DIRECTION('',(0.,0.,1.));
#963 = DIRECTION('',(1.,0.,0.));
#964 = ORIENTED_EDGE('',*,*,#965,.F.);
#965 = EDGE_CURVE('',#507,#957,#966,.T.);
#966 = LINE('',#967,#968);
#967 = CARTESIAN_POINT('',(-1.6,20.,11.15));
#968 = VECTOR('',#969,1.);
#969 = DIRECTION('',(-0.707106781187,1.731912112471E-16,0.707106781187)
  );
#970 = ORIENTED_EDGE('',*,*,#514,.T.);
#971 = ORIENTED_EDGE('',*,*,#965,.T.);
#972 = CONICAL_SURFACE('',#973,2.4,0.785398163397);
#973 = AXIS2_PLACEMENT_3D('',#974,#975,#976);
#974 = CARTESIAN_POINT('',(-4.,20.,11.15));
#975 = DIRECTION('',(-0.,-0.,-1.));
#976 = DIRECTION('',(1.,0.,0.));
#977 = ADVANCED_FACE('',(#978),#997,.T.);
#978 = FACE_BOUND('',#979,.T.);
#979 = EDGE_LOOP('',(#980,#989,#995,#996));
#980 = ORIENTED_EDGE('',*,*,#981,.F.);
#981 = EDGE_CURVE('',#982,#982,#984,.T.);
#982 = VERTEX_POINT('',#983);
#983 = CARTESIAN_POINT('',(6.15,4.,11.4));
#984 = CIRCLE('',#985,2.15);
#985 = AXIS2_PLACEMENT_3D('',#986,#987,#988);
#986 = CARTESIAN_POINT('',(4.,4.,11.4));
#987 = DIRECTION('',(0.,0.,1.));
#988 = DIRECTION('',(1.,0.,0.));
#989 = ORIENTED_EDGE('',*,*,#990,.F.);
#990 = EDGE_CURVE('',#532,#982,#991,.T.);
#991 = LINE('',#992,#993);
#992 = CARTESIAN_POINT('',(6.4,4.,11.15));
#993 = VECTOR('',#994,1.);
#994 = DIRECTION('',(-0.707106781187,1.731912112471E-16,0.707106781187)
  );
#995 = ORIENTED_EDGE('',*,*,#539,.T.);
#996 = ORIENTED_EDGE('',*,*,#990,.T.);
#997 = CONICAL_SURFACE('',#998,2.4,0.785398163397);
#998 = AXIS2_PLACEMENT_3D('',#999,#1000,#1001);
#999 = CARTESIAN_POINT('',(4.,4.,11.15));
#1000 = DIRECTION('',(-0.,-0.,-1.));
#1001 = DIRECTION('',(1.,0.,0.));
#1002 = ADVANCED_FACE('',(#1003),#1022,.T.);
#1003 = FACE_BOUND('',#1004,.T.);
#1004 = EDGE_LOOP('',(#1005,#1014,#1020,#1021));
#1005 = ORIENTED_EDGE('',*,*,#1006,.F.);
#1006 = EDGE_CURVE('',#1007,#1007,#1009,.T.);
#1007 = VERTEX_POINT('',#1008);
#1008 = CARTESIAN_POINT('',(6.15,12.,11.4));
#1009 = CIRCLE('',#1010,2.15);
#1010 = AXIS2_PLACEMENT_3D('',#1011,#1012,#1013);
#1011 = CARTESIAN_POINT('',(4.,12.,11.4));
#1012 = DIRECTION('',(0.,0.,1.));
#1013 = DIRECTION('',(1.,0.,0.));
#1014 = ORIENTED_EDGE('',*,*,#1015,.F.);
#1015 = EDGE_CURVE('',#557,#1007,#1016,.T.);
#1016 = LINE('',#1017,#1018);
#1017 = CARTESIAN_POINT('',(6.4,12.,11.15));
#1018 = VECTOR('',#1019,1.);
#1019 = DIRECTION('',(-0.707106781187,1.731912112471E-16,0.707106781187)
  );
#1020 = ORIENTED_EDGE('',*,*,#564,.T.);
#1021 = ORIENTED_EDGE('',*,*,#1015,.T.);
#1022 = CONICAL_SURFACE('',#1023,2.4,0.785398163397);
#1023 = AXIS2_PLACEMENT_3D('',#1024,#1025,#1026);
#1024 = CARTESIAN_POINT('',(4.,12.,11.15));
#1025 = DIRECTION('',(-0.,-0.,-1.));
#1026 = DIRECTION('',(1.,0.,0.));
#1027 = ADVANCED_FACE('',(#1028),#1047,.T.);
#1028 = FACE_BOUND('',#1029,.T.);
#1029 = EDGE_LOOP('',(#1030,#1039,#1045,#1046));
#1030 = ORIENTED_EDGE('',*,*,#1031,.F.);
#1031 = EDGE_CURVE('',#1032,#1032,#1034,.T.);
#1032 = VERTEX_POINT('',#1033);
#1033 = CARTESIAN_POINT('',(6.15,20.,11.4));
#1034 = CIRCLE('',#1035,2.15);
#1035 = AXIS2_PLACEMENT_3D('',#1036,#1037,#1038);
#1036 = CARTESIAN_POINT('',(4.,20.,11.4));
#1037 = DIRECTION('',(0.,0.,1.));
#1038 = DIRECTION('',(1.,0.,0.));
#1039 = ORIENTED_EDGE('',*,*,#1040,.F.);
#1040 = EDGE_CURVE('',#582,#1032,#1041,.T.);
#1041 = LINE('',#1042,#1043);
#1042 = CARTESIAN_POINT('',(6.4,20.,11.15));
#1043 = VECTOR('',#1044,1.);
#1044 = DIRECTION('',(-0.707106781187,1.731912112471E-16,0.707106781187)
  );
#1045 = ORIENTED_EDGE('',*,*,#589,.T.);
#1046 = ORIENTED_EDGE('',*,*,#1040,.T.);
#1047 = CONICAL_SURFACE('',#1048,2.4,0.785398163397);
#1048 = AXIS2_PLACEMENT_3D('',#1049,#1050,#1051);
#1049 = CARTESIAN_POINT('',(4.,20.,11.15));
#1050 = DIRECTION('',(-0.,-0.,-1.));
#1051 = DIRECTION('',(1.,0.,0.));
#1052 = ADVANCED_FACE('',(#1053),#1076,.F.);
#1053 = FACE_BOUND('',#1054,.F.);
#1054 = EDGE_LOOP('',(#1055,#1056,#1063,#1071));
#1055 = ORIENTED_EDGE('',*,*,#623,.F.);
#1056 = ORIENTED_EDGE('',*,*,#1057,.T.);
#1057 = EDGE_CURVE('',#624,#1058,#1060,.T.);
#1058 = VERTEX_POINT('',#1059);
#1059 = CARTESIAN_POINT('',(-6.44,-22.44,0.3));
#1060 = B_SPLINE_CURVE_WITH_KNOTS('',1,(#1061,#1062),.UNSPECIFIED.,.F.,
  .F.,(2,2),(0.,1.),.PIECEWISE_BEZIER_KNOTS.);
#1061 = CARTESIAN_POINT('',(-6.64,-22.64,0.));
#1062 = CARTESIAN_POINT('',(-6.44,-22.44,0.3));
#1063 = ORIENTED_EDGE('',*,*,#1064,.T.);
#1064 = EDGE_CURVE('',#1058,#1065,#1067,.T.);
#1065 = VERTEX_POINT('',#1066);
#1066 = CARTESIAN_POINT('',(-6.44,-17.56,0.3));
#1067 = LINE('',#1068,#1069);
#1068 = CARTESIAN_POINT('',(-6.44,-22.44,0.3));
#1069 = VECTOR('',#1070,1.);
#1070 = DIRECTION('',(0.,1.,0.));
#1071 = ORIENTED_EDGE('',*,*,#1072,.F.);
#1072 = EDGE_CURVE('',#626,#1065,#1073,.T.);
#1073 = B_SPLINE_CURVE_WITH_KNOTS('',1,(#1074,#1075),.UNSPECIFIED.,.F.,
  .F.,(2,2),(0.,1.),.PIECEWISE_BEZIER_KNOTS.);
#1074 = CARTESIAN_POINT('',(-6.64,-17.36,0.));
#1075 = CARTESIAN_POINT('',(-6.44,-17.56,0.3));
#1076 = B_SPLINE_SURFACE_WITH_KNOTS('',1,1,(
    (#1077,#1078)
    ,(#1079,#1080
    )),.UNSPECIFIED.,.F.,.F.,.F.,(2,2),(2,2),(-5.28,0.),(0.,1.),
  .PIECEWISE_BEZIER_KNOTS.);
#1077 = CARTESIAN_POINT('',(-6.64,-17.36,0.));
#1078 = CARTESIAN_POINT('',(-6.44,-17.56,0.3));
#1079 = CARTESIAN_POINT('',(-6.64,-22.64,0.));
#1080 = CARTESIAN_POINT('',(-6.44,-22.44,0.3));
#1081 = ADVANCED_FACE('',(#1082),#1099,.F.);
#1082 = FACE_BOUND('',#1083,.F.);
#1083 = EDGE_LOOP('',(#1084,#1085,#1086,#1094));
#1084 = ORIENTED_EDGE('',*,*,#817,.F.);
#1085 = ORIENTED_EDGE('',*,*,#1072,.T.);
#1086 = ORIENTED_EDGE('',*,*,#1087,.T.);
#1087 = EDGE_CURVE('',#1065,#1088,#1090,.T.);
#1088 = VERTEX_POINT('',#1089);
#1089 = CARTESIAN_POINT('',(-6.44,-14.44,0.3));
#1090 = LINE('',#1091,#1092);
#1091 = CARTESIAN_POINT('',(-6.44,-17.56,0.3));
#1092 = VECTOR('',#1093,1.);
#1093 = DIRECTION('',(0.,1.,0.));
#1094 = ORIENTED_EDGE('',*,*,#1095,.F.);
#1095 = EDGE_CURVE('',#810,#1088,#1096,.T.);
#1096 = B_SPLINE_CURVE_WITH_KNOTS('',1,(#1097,#1098),.UNSPECIFIED.,.F.,
  .F.,(2,2),(0.,1.),.PIECEWISE_BEZIER_KNOTS.);
#1097 = CARTESIAN_POINT('',(-6.64,-14.64,0.));
#1098 = CARTESIAN_POINT('',(-6.44,-14.44,0.3));
#1099 = B_SPLINE_SURFACE_WITH_KNOTS('',1,1,(
    (#1100,#1101)
    ,(#1102,#1103
    )),.UNSPECIFIED.,.F.,.F.,.F.,(2,2),(2,2),(-3.12,0.),(0.,1.),
  .PIECEWISE_BEZIER_KNOTS.);
#1100 = CARTESIAN_POINT('',(-6.64,-14.64,0.));
#1101 = CARTESIAN_POINT('',(-6.44,-14.44,0.3));
#1102 = CARTESIAN_POINT('',(-6.64,-17.36,0.));
#1103 = CARTESIAN_POINT('',(-6.44,-17.56,0.3));
#1104 = ADVANCED_FACE('',(#1105),#1122,.F.);
#1105 = FACE_BOUND('',#1106,.F.);
#1106 = EDGE_LOOP('',(#1107,#1108,#1109,#1117));
#1107 = ORIENTED_EDGE('',*,*,#809,.F.);
#1108 = ORIENTED_EDGE('',*,*,#1095,.T.);
#1109 = ORIENTED_EDGE('',*,*,#1110,.T.);
#1110 = EDGE_CURVE('',#1088,#1111,#1113,.T.);
#1111 = VERTEX_POINT('',#1112);
#1112 = CARTESIAN_POINT('',(-6.44,-9.56,0.3));
#1113 = LINE('',#1114,#1115);
#1114 = CARTESIAN_POINT('',(-6.44,-14.44,0.3));
#1115 = VECTOR('',#1116,1.);
#1116 = DIRECTION('',(0.,1.,0.));
#1117 = ORIENTED_EDGE('',*,*,#1118,.F.);
#1118 = EDGE_CURVE('',#802,#1111,#1119,.T.);
#1119 = B_SPLINE_CURVE_WITH_KNOTS('',1,(#1120,#1121),.UNSPECIFIED.,.F.,
  .F.,(2,2),(0.,1.),.PIECEWISE_BEZIER_KNOTS.);
#1120 = CARTESIAN_POINT('',(-6.64,-9.36,0.));
#1121 = CARTESIAN_POINT('',(-6.44,-9.56,0.3));
#1122 = B_SPLINE_SURFACE_WITH_KNOTS('',1,1,(
    (#1123,#1124)
    ,(#1125,#1126
    )),.UNSPECIFIED.,.F.,.F.,.F.,(2,2),(2,2),(-5.28,0.),(0.,1.),
  .PIECEWISE_BEZIER_KNOTS.);
#1123 = CARTESIAN_POINT('',(-6.64,-9.36,0.));
#1124 = CARTESIAN_POINT('',(-6.44,-9.56,0.3));
#1125 = CARTESIAN_POINT('',(-6.64,-14.64,0.));
#1126 = CARTESIAN_POINT('',(-6.44,-14.44,0.3));
#1127 = ADVANCED_FACE('',(#1128),#1145,.F.);
#1128 = FACE_BOUND('',#1129,.F.);
#1129 = EDGE_LOOP('',(#1130,#1131,#1132,#1140));
#1130 = ORIENTED_EDGE('',*,*,#801,.F.);
#1131 = ORIENTED_EDGE('',*,*,#1118,.T.);
#1132 = ORIENTED_EDGE('',*,*,#1133,.T.);
#1133 = EDGE_CURVE('',#1111,#1134,#1136,.T.);
#1134 = VERTEX_POINT('',#1135);
#1135 = CARTESIAN_POINT('',(-6.44,-6.44,0.3));
#1136 = LINE('',#1137,#1138);
#1137 = CARTESIAN_POINT('',(-6.44,-9.56,0.3));
#1138 = VECTOR('',#1139,1.);
#1139 = DIRECTION('',(0.,1.,0.));
#1140 = ORIENTED_EDGE('',*,*,#1141,.F.);
#1141 = EDGE_CURVE('',#794,#1134,#1142,.T.);
#1142 = B_SPLINE_CURVE_WITH_KNOTS('',1,(#1143,#1144),.UNSPECIFIED.,.F.,
  .F.,(2,2),(0.,1.),.PIECEWISE_BEZIER_KNOTS.);
#1143 = CARTESIAN_POINT('',(-6.64,-6.64,0.));
#1144 = CARTESIAN_POINT('',(-6.44,-6.44,0.3));
#1145 = B_SPLINE_SURFACE_WITH_KNOTS('',1,1,(
    (#1146,#1147)
    ,(#1148,#1149
    )),.UNSPECIFIED.,.F.,.F.,.F.,(2,2),(2,2),(-3.12,0.),(0.,1.),
  .PIECEWISE_BEZIER_KNOTS.);
#1146 = CARTESIAN_POINT('',(-6.64,-6.64,0.));
#1147 = CARTESIAN_POINT('',(-6.44,-6.44,0.3));
#1148 = CARTESIAN_POINT('',(-6.64,-9.36,0.));
#1149 = CARTESIAN_POINT('',(-6.44,-9.56,0.3));
#1150 = ADVANCED_FACE('',(#1151),#1168,.F.);
#1151 = FACE_BOUND('',#1152,.F.);
#1152 = EDGE_LOOP('',(#1153,#1154,#1155,#1163));
#1153 = ORIENTED_EDGE('',*,*,#793,.F.);
#1154 = ORIENTED_EDGE('',*,*,#1141,.T.);
#1155 = ORIENTED_EDGE('',*,*,#1156,.T.);
#1156 = EDGE_CURVE('',#1134,#1157,#1159,.T.);
#1157 = VERTEX_POINT('',#1158);
#1158 = CARTESIAN_POINT('',(-6.44,-1.56,0.3));
#1159 = LINE('',#1160,#1161);
#1160 = CARTESIAN_POINT('',(-6.44,-6.44,0.3));
#1161 = VECTOR('',#1162,1.);
#1162 = DIRECTION('',(0.,1.,0.));
#1163 = ORIENTED_EDGE('',*,*,#1164,.F.);
#1164 = EDGE_CURVE('',#786,#1157,#1165,.T.);
#1165 = B_SPLINE_CURVE_WITH_KNOTS('',1,(#1166,#1167),.UNSPECIFIED.,.F.,
  .F.,(2,2),(0.,1.),.PIECEWISE_BEZIER_KNOTS.);
#1166 = CARTESIAN_POINT('',(-6.64,-1.36,0.));
#1167 = CARTESIAN_POINT('',(-6.44,-1.56,0.3));
#1168 = B_SPLINE_SURFACE_WITH_KNOTS('',1,1,(
    (#1169,#1170)
    ,(#1171,#1172
    )),.UNSPECIFIED.,.F.,.F.,.F.,(2,2),(2,2),(-5.28,0.),(0.,1.),
  .PIECEWISE_BEZIER_KNOTS.);
#1169 = CARTESIAN_POINT('',(-6.64,-1.36,0.));
#1170 = CARTESIAN_POINT('',(-6.44,-1.56,0.3));
#1171 = CARTESIAN_POINT('',(-6.64,-6.64,0.));
#1172 = CARTESIAN_POINT('',(-6.44,-6.44,0.3));
#1173 = ADVANCED_FACE('',(#1174),#1191,.F.);
#1174 = FACE_BOUND('',#1175,.F.);
#1175 = EDGE_LOOP('',(#1176,#1177,#1178,#1186));
#1176 = ORIENTED_EDGE('',*,*,#785,.F.);
#1177 = ORIENTED_EDGE('',*,*,#1164,.T.);
#1178 = ORIENTED_EDGE('',*,*,#1179,.T.);
#1179 = EDGE_CURVE('',#1157,#1180,#1182,.T.);
#1180 = VERTEX_POINT('',#1181);
#1181 = CARTESIAN_POINT('',(-6.44,1.56,0.3));
#1182 = LINE('',#1183,#1184);
#1183 = CARTESIAN_POINT('',(-6.44,-1.56,0.3));
#1184 = VECTOR('',#1185,1.);
#1185 = DIRECTION('',(0.,1.,0.));
#1186 = ORIENTED_EDGE('',*,*,#1187,.F.);
#1187 = EDGE_CURVE('',#778,#1180,#1188,.T.);
#1188 = B_SPLINE_CURVE_WITH_KNOTS('',1,(#1189,#1190),.UNSPECIFIED.,.F.,
  .F.,(2,2),(0.,1.),.PIECEWISE_BEZIER_KNOTS.);
#1189 = CARTESIAN_POINT('',(-6.64,1.36,0.));
#1190 = CARTESIAN_POINT('',(-6.44,1.56,0.3));
#1191 = B_SPLINE_SURFACE_WITH_KNOTS('',1,1,(
    (#1192,#1193)
    ,(#1194,#1195
    )),.UNSPECIFIED.,.F.,.F.,.F.,(2,2),(2,2),(-3.12,0.),(0.,1.),
  .PIECEWISE_BEZIER_KNOTS.);
#1192 = CARTESIAN_POINT('',(-6.64,1.36,0.));
#1193 = CARTESIAN_POINT('',(-6.44,1.56,0.3));
#1194 = CARTESIAN_POINT('',(-6.64,-1.36,0.));
#1195 = CARTESIAN_POINT('',(-6.44,-1.56,0.3));
#1196 = ADVANCED_FACE('',(#1197),#1214,.F.);
#1197 = FACE_BOUND('',#1198,.F.);
#1198 = EDGE_LOOP('',(#1199,#1200,#1201,#1209));
#1199 = ORIENTED_EDGE('',*,*,#777,.F.);
#1200 = ORIENTED_EDGE('',*,*,#1187,.T.);
#1201 = ORIENTED_EDGE('',*,*,#1202,.T.);
#1202 = EDGE_CURVE('',#1180,#1203,#1205,.T.);
#1203 = VERTEX_POINT('',#1204);
#1204 = CARTESIAN_POINT('',(-6.44,6.44,0.3));
#1205 = LINE('',#1206,#1207);
#1206 = CARTESIAN_POINT('',(-6.44,1.56,0.3));
#1207 = VECTOR('',#1208,1.);
#1208 = DIRECTION('',(0.,1.,0.));
#1209 = ORIENTED_EDGE('',*,*,#1210,.F.);
#1210 = EDGE_CURVE('',#770,#1203,#1211,.T.);
#1211 = B_SPLINE_CURVE_WITH_KNOTS('',1,(#1212,#1213),.UNSPECIFIED.,.F.,
  .F.,(2,2),(0.,1.),.PIECEWISE_BEZIER_KNOTS.);
#1212 = CARTESIAN_POINT('',(-6.64,6.64,0.));
#1213 = CARTESIAN_POINT('',(-6.44,6.44,0.3));
#1214 = B_SPLINE_SURFACE_WITH_KNOTS('',1,1,(
    (#1215,#1216)
    ,(#1217,#1218
    )),.UNSPECIFIED.,.F.,.F.,.F.,(2,2),(2,2),(-5.28,0.),(0.,1.),
  .PIECEWISE_BEZIER_KNOTS.);
#1215 = CARTESIAN_POINT('',(-6.64,6.64,0.));
#1216 = CARTESIAN_POINT('',(-6.44,6.44,0.3));
#1217 = CARTESIAN_POINT('',(-6.64,1.36,0.));
#1218 = CARTESIAN_POINT('',(-6.44,1.56,0.3));
#1219 = ADVANCED_FACE('',(#1220),#1237,.F.);
#1220 = FACE_BOUND('',#1221,.F.);
#1221 = EDGE_LOOP('',(#1222,#1223,#1224,#1232));
#1222 = ORIENTED_EDGE('',*,*,#769,.F.);
#1223 = ORIENTED_EDGE('',*,*,#1210,.T.);
#1224 = ORIENTED_EDGE('',*,*,#1225,.T.);
#1225 = EDGE_CURVE('',#1203,#1226,#1228,.T.);
#1226 = VERTEX_POINT('',#1227);
#1227 = CARTESIAN_POINT('',(-6.44,9.56,0.3));
#1228 = LINE('',#1229,#1230);
#1229 = CARTESIAN_POINT('',(-6.44,6.44,0.3));
#1230 = VECTOR('',#1231,1.);
#1231 = DIRECTION('',(0.,1.,0.));
#1232 = ORIENTED_EDGE('',*,*,#1233,.F.);
#1233 = EDGE_CURVE('',#762,#1226,#1234,.T.);
#1234 = B_SPLINE_CURVE_WITH_KNOTS('',1,(#1235,#1236),.UNSPECIFIED.,.F.,
  .F.,(2,2),(0.,1.),.PIECEWISE_BEZIER_KNOTS.);
#1235 = CARTESIAN_POINT('',(-6.64,9.36,0.));
#1236 = CARTESIAN_POINT('',(-6.44,9.56,0.3));
#1237 = B_SPLINE_SURFACE_WITH_KNOTS('',1,1,(
    (#1238,#1239)
    ,(#1240,#1241
    )),.UNSPECIFIED.,.F.,.F.,.F.,(2,2),(2,2),(-3.12,0.),(0.,1.),
  .PIECEWISE_BEZIER_KNOTS.);
#1238 = CARTESIAN_POINT('',(-6.64,9.36,0.));
#1239 = CARTESIAN_POINT('',(-6.44,9.56,0.3));
#1240 = CARTESIAN_POINT('',(-6.64,6.64,0.));
#1241 = CARTESIAN_POINT('',(-6.44,6.44,0.3));
#1242 = ADVANCED_FACE('',(#1243),#1260,.F.);
#1243 = FACE_BOUND('',#1244,.F.);
#1244 = EDGE_LOOP('',(#1245,#1246,#1247,#1255));
#1245 = ORIENTED_EDGE('',*,*,#761,.F.);
#1246 = ORIENTED_EDGE('',*,*,#1233,.T.);
#1247 = ORIENTED_EDGE('',*,*,#1248,.T.);
#1248 = EDGE_CURVE('',#1226,#1249,#1251,.T.);
#1249 = VERTEX_POINT('',#1250);
#1250 = CARTESIAN_POINT('',(-6.44,14.44,0.3));
#1251 = LINE('',#1252,#1253);
#1252 = CARTESIAN_POINT('',(-6.44,9.56,0.3));
#1253 = VECTOR('',#1254,1.);
#1254 = DIRECTION('',(0.,1.,0.));
#1255 = ORIENTED_EDGE('',*,*,#1256,.F.);
#1256 = EDGE_CURVE('',#754,#1249,#1257,.T.);
#1257 = B_SPLINE_CURVE_WITH_KNOTS('',1,(#1258,#1259),.UNSPECIFIED.,.F.,
  .F.,(2,2),(0.,1.),.PIECEWISE_BEZIER_KNOTS.);
#1258 = CARTESIAN_POINT('',(-6.64,14.64,0.));
#1259 = CARTESIAN_POINT('',(-6.44,14.44,0.3));
#1260 = B_SPLINE_SURFACE_WITH_KNOTS('',1,1,(
    (#1261,#1262)
    ,(#1263,#1264
    )),.UNSPECIFIED.,.F.,.F.,.F.,(2,2),(2,2),(-5.28,0.),(0.,1.),
  .PIECEWISE_BEZIER_KNOTS.);
#1261 = CARTESIAN_POINT('',(-6.64,14.64,0.));
#1262 = CARTESIAN_POINT('',(-6.44,14.44,0.3));
#1263 = CARTESIAN_POINT('',(-6.64,9.36,0.));
#1264 = CARTESIAN_POINT('',(-6.44,9.56,0.3));
#1265 = ADVANCED_FACE('',(#1266),#1283,.F.);
#1266 = FACE_BOUND('',#1267,.F.);
#1267 = EDGE_LOOP('',(#1268,#1269,#1270,#1278));
#1268 = ORIENTED_EDGE('',*,*,#753,.F.);
#1269 = ORIENTED_EDGE('',*,*,#1256,.T.);
#1270 = ORIENTED_EDGE('',*,*,#1271,.T.);
#1271 = EDGE_CURVE('',#1249,#1272,#1274,.T.);
#1272 = VERTEX_POINT('',#1273);
#1273 = CARTESIAN_POINT('',(-6.44,17.56,0.3));
#1274 = LINE('',#1275,#1276);
#1275 = CARTESIAN_POINT('',(-6.44,14.44,0.3));
#1276 = VECTOR('',#1277,1.);
#1277 = DIRECTION('',(0.,1.,0.));
#1278 = ORIENTED_EDGE('',*,*,#1279,.F.);
#1279 = EDGE_CURVE('',#746,#1272,#1280,.T.);
#1280 = B_SPLINE_CURVE_WITH_KNOTS('',1,(#1281,#1282),.UNSPECIFIED.,.F.,
  .F.,(2,2),(0.,1.),.PIECEWISE_BEZIER_KNOTS.);
#1281 = CARTESIAN_POINT('',(-6.64,17.36,0.));
#1282 = CARTESIAN_POINT('',(-6.44,17.56,0.3));
#1283 = B_SPLINE_SURFACE_WITH_KNOTS('',1,1,(
    (#1284,#1285)
    ,(#1286,#1287
    )),.UNSPECIFIED.,.F.,.F.,.F.,(2,2),(2,2),(-3.12,0.),(0.,1.),
  .PIECEWISE_BEZIER_KNOTS.);
#1284 = CARTESIAN_POINT('',(-6.64,17.36,0.));
#1285 = CARTESIAN_POINT('',(-6.44,17.56,0.3));
#1286 = CARTESIAN_POINT('',(-6.64,14.64,0.));
#1287 = CARTESIAN_POINT('',(-6.44,14.44,0.3));
#1288 = ADVANCED_FACE('',(#1289),#1306,.F.);
#1289 = FACE_BOUND('',#1290,.F.);
#1290 = EDGE_LOOP('',(#1291,#1292,#1293,#1301));
#1291 = ORIENTED_EDGE('',*,*,#745,.F.);
#1292 = ORIENTED_EDGE('',*,*,#1279,.T.);
#1293 = ORIENTED_EDGE('',*,*,#1294,.T.);
#1294 = EDGE_CURVE('',#1272,#1295,#1297,.T.);
#1295 = VERTEX_POINT('',#1296);
#1296 = CARTESIAN_POINT('',(-6.44,22.44,0.3));
#1297 = LINE('',#1298,#1299);
#1298 = CARTESIAN_POINT('',(-6.44,17.56,0.3));
#1299 = VECTOR('',#1300,1.);
#1300 = DIRECTION('',(0.,1.,0.));
#1301 = ORIENTED_EDGE('',*,*,#1302,.F.);
#1302 = EDGE_CURVE('',#738,#1295,#1303,.T.);
#1303 = B_SPLINE_CURVE_WITH_KNOTS('',1,(#1304,#1305),.UNSPECIFIED.,.F.,
  .F.,(2,2),(0.,1.),.PIECEWISE_BEZIER_KNOTS.);
#1304 = CARTESIAN_POINT('',(-6.64,22.64,0.));
#1305 = CARTESIAN_POINT('',(-6.44,22.44,0.3));
#1306 = B_SPLINE_SURFACE_WITH_KNOTS('',1,1,(
    (#1307,#1308)
    ,(#1309,#1310
    )),.UNSPECIFIED.,.F.,.F.,.F.,(2,2),(2,2),(-5.28,0.),(0.,1.),
  .PIECEWISE_BEZIER_KNOTS.);
#1307 = CARTESIAN_POINT('',(-6.64,22.64,0.));
#1308 = CARTESIAN_POINT('',(-6.44,22.44,0.3));
#1309 = CARTESIAN_POINT('',(-6.64,17.36,0.));
#1310 = CARTESIAN_POINT('',(-6.44,17.56,0.3));
#1311 = ADVANCED_FACE('',(#1312),#1329,.F.);
#1312 = FACE_BOUND('',#1313,.F.);
#1313 = EDGE_LOOP('',(#1314,#1315,#1316,#1324));
#1314 = ORIENTED_EDGE('',*,*,#737,.F.);
#1315 = ORIENTED_EDGE('',*,*,#1302,.T.);
#1316 = ORIENTED_EDGE('',*,*,#1317,.T.);
#1317 = EDGE_CURVE('',#1295,#1318,#1320,.T.);
#1318 = VERTEX_POINT('',#1319);
#1319 = CARTESIAN_POINT('',(6.44,22.44,0.3));
#1320 = LINE('',#1321,#1322);
#1321 = CARTESIAN_POINT('',(-6.44,22.44,0.3));
#1322 = VECTOR('',#1323,1.);
#1323 = DIRECTION('',(1.,0.,0.));
#1324 = ORIENTED_EDGE('',*,*,#1325,.F.);
#1325 = EDGE_CURVE('',#730,#1318,#1326,.T.);
#1326 = B_SPLINE_CURVE_WITH_KNOTS('',1,(#1327,#1328),.UNSPECIFIED.,.F.,
  .F.,(2,2),(0.,1.),.PIECEWISE_BEZIER_KNOTS.);
#1327 = CARTESIAN_POINT('',(6.64,22.64,0.));
#1328 = CARTESIAN_POINT('',(6.44,22.44,0.3));
#1329 = B_SPLINE_SURFACE_WITH_KNOTS('',1,1,(
    (#1330,#1331)
    ,(#1332,#1333
    )),.UNSPECIFIED.,.F.,.F.,.F.,(2,2),(2,2),(-13.28,0.),(0.,1.),
  .PIECEWISE_BEZIER_KNOTS.);
#1330 = CARTESIAN_POINT('',(6.64,22.64,0.));
#1331 = CARTESIAN_POINT('',(6.44,22.44,0.3));
#1332 = CARTESIAN_POINT('',(-6.64,22.64,0.));
#1333 = CARTESIAN_POINT('',(-6.44,22.44,0.3));
#1334 = ADVANCED_FACE('',(#1335),#1352,.F.);
#1335 = FACE_BOUND('',#1336,.F.);
#1336 = EDGE_LOOP('',(#1337,#1338,#1339,#1347));
#1337 = ORIENTED_EDGE('',*,*,#729,.T.);
#1338 = ORIENTED_EDGE('',*,*,#1325,.T.);
#1339 = ORIENTED_EDGE('',*,*,#1340,.F.);
#1340 = EDGE_CURVE('',#1341,#1318,#1343,.T.);
#1341 = VERTEX_POINT('',#1342);
#1342 = CARTESIAN_POINT('',(6.44,17.56,0.3));
#1343 = LINE('',#1344,#1345);
#1344 = CARTESIAN_POINT('',(6.44,17.56,0.3));
#1345 = VECTOR('',#1346,1.);
#1346 = DIRECTION('',(0.,1.,0.));
#1347 = ORIENTED_EDGE('',*,*,#1348,.F.);
#1348 = EDGE_CURVE('',#722,#1341,#1349,.T.);
#1349 = B_SPLINE_CURVE_WITH_KNOTS('',1,(#1350,#1351),.UNSPECIFIED.,.F.,
  .F.,(2,2),(0.,1.),.PIECEWISE_BEZIER_KNOTS.);
#1350 = CARTESIAN_POINT('',(6.64,17.36,0.));
#1351 = CARTESIAN_POINT('',(6.44,17.56,0.3));
#1352 = B_SPLINE_SURFACE_WITH_KNOTS('',1,1,(
    (#1353,#1354)
    ,(#1355,#1356
    )),.UNSPECIFIED.,.F.,.F.,.F.,(2,2),(2,2),(0.,5.28),(0.,1.),
  .PIECEWISE_BEZIER_KNOTS.);
#1353 = CARTESIAN_POINT('',(6.64,17.36,0.));
#1354 = CARTESIAN_POINT('',(6.44,17.56,0.3));
#1355 = CARTESIAN_POINT('',(6.64,22.64,0.));
#1356 = CARTESIAN_POINT('',(6.44,22.44,0.3));
#1357 = ADVANCED_FACE('',(#1358),#1375,.F.);
#1358 = FACE_BOUND('',#1359,.F.);
#1359 = EDGE_LOOP('',(#1360,#1361,#1362,#1370));
#1360 = ORIENTED_EDGE('',*,*,#721,.T.);
#1361 = ORIENTED_EDGE('',*,*,#1348,.T.);
#1362 = ORIENTED_EDGE('',*,*,#1363,.F.);
#1363 = EDGE_CURVE('',#1364,#1341,#1366,.T.);
#1364 = VERTEX_POINT('',#1365);
#1365 = CARTESIAN_POINT('',(6.44,14.44,0.3));
#1366 = LINE('',#1367,#1368);
#1367 = CARTESIAN_POINT('',(6.44,14.44,0.3));
#1368 = VECTOR('',#1369,1.);
#1369 = DIRECTION('',(0.,1.,0.));
#1370 = ORIENTED_EDGE('',*,*,#1371,.F.);
#1371 = EDGE_CURVE('',#714,#1364,#1372,.T.);
#1372 = B_SPLINE_CURVE_WITH_KNOTS('',1,(#1373,#1374),.UNSPECIFIED.,.F.,
  .F.,(2,2),(0.,1.),.PIECEWISE_BEZIER_KNOTS.);
#1373 = CARTESIAN_POINT('',(6.64,14.64,0.));
#1374 = CARTESIAN_POINT('',(6.44,14.44,0.3));
#1375 = B_SPLINE_SURFACE_WITH_KNOTS('',1,1,(
    (#1376,#1377)
    ,(#1378,#1379
    )),.UNSPECIFIED.,.F.,.F.,.F.,(2,2),(2,2),(0.,3.12),(0.,1.),
  .PIECEWISE_BEZIER_KNOTS.);
#1376 = CARTESIAN_POINT('',(6.64,14.64,0.));
#1377 = CARTESIAN_POINT('',(6.44,14.44,0.3));
#1378 = CARTESIAN_POINT('',(6.64,17.36,0.));
#1379 = CARTESIAN_POINT('',(6.44,17.56,0.3));
#1380 = ADVANCED_FACE('',(#1381),#1398,.F.);
#1381 = FACE_BOUND('',#1382,.F.);
#1382 = EDGE_LOOP('',(#1383,#1384,#1385,#1393));
#1383 = ORIENTED_EDGE('',*,*,#713,.T.);
#1384 = ORIENTED_EDGE('',*,*,#1371,.T.);
#1385 = ORIENTED_EDGE('',*,*,#1386,.F.);
#1386 = EDGE_CURVE('',#1387,#1364,#1389,.T.);
#1387 = VERTEX_POINT('',#1388);
#1388 = CARTESIAN_POINT('',(6.44,9.56,0.3));
#1389 = LINE('',#1390,#1391);
#1390 = CARTESIAN_POINT('',(6.44,9.56,0.3));
#1391 = VECTOR('',#1392,1.);
#1392 = DIRECTION('',(0.,1.,0.));
#1393 = ORIENTED_EDGE('',*,*,#1394,.F.);
#1394 = EDGE_CURVE('',#706,#1387,#1395,.T.);
#1395 = B_SPLINE_CURVE_WITH_KNOTS('',1,(#1396,#1397),.UNSPECIFIED.,.F.,
  .F.,(2,2),(0.,1.),.PIECEWISE_BEZIER_KNOTS.);
#1396 = CARTESIAN_POINT('',(6.64,9.36,0.));
#1397 = CARTESIAN_POINT('',(6.44,9.56,0.3));
#1398 = B_SPLINE_SURFACE_WITH_KNOTS('',1,1,(
    (#1399,#1400)
    ,(#1401,#1402
    )),.UNSPECIFIED.,.F.,.F.,.F.,(2,2),(2,2),(0.,5.28),(0.,1.),
  .PIECEWISE_BEZIER_KNOTS.);
#1399 = CARTESIAN_POINT('',(6.64,9.36,0.));
#1400 = CARTESIAN_POINT('',(6.44,9.56,0.3));
#1401 = CARTESIAN_POINT('',(6.64,14.64,0.));
#1402 = CARTESIAN_POINT('',(6.44,14.44,0.3));
#1403 = ADVANCED_FACE('',(#1404),#1421,.F.);
#1404 = FACE_BOUND('',#1405,.F.);
#1405 = EDGE_LOOP('',(#1406,#1407,#1408,#1416));
#1406 = ORIENTED_EDGE('',*,*,#705,.T.);
#1407 = ORIENTED_EDGE('',*,*,#1394,.T.);
#1408 = ORIENTED_EDGE('',*,*,#1409,.F.);
#1409 = EDGE_CURVE('',#1410,#1387,#1412,.T.);
#1410 = VERTEX_POINT('',#1411);
#1411 = CARTESIAN_POINT('',(6.44,6.44,0.3));
#1412 = LINE('',#1413,#1414);
#1413 = CARTESIAN_POINT('',(6.44,6.44,0.3));
#1414 = VECTOR('',#1415,1.);
#1415 = DIRECTION('',(0.,1.,0.));
#1416 = ORIENTED_EDGE('',*,*,#1417,.F.);
#1417 = EDGE_CURVE('',#698,#1410,#1418,.T.);
#1418 = B_SPLINE_CURVE_WITH_KNOTS('',1,(#1419,#1420),.UNSPECIFIED.,.F.,
  .F.,(2,2),(0.,1.),.PIECEWISE_BEZIER_KNOTS.);
#1419 = CARTESIAN_POINT('',(6.64,6.64,0.));
#1420 = CARTESIAN_POINT('',(6.44,6.44,0.3));
#1421 = B_SPLINE_SURFACE_WITH_KNOTS('',1,1,(
    (#1422,#1423)
    ,(#1424,#1425
    )),.UNSPECIFIED.,.F.,.F.,.F.,(2,2),(2,2),(0.,3.12),(0.,1.),
  .PIECEWISE_BEZIER_KNOTS.);
#1422 = CARTESIAN_POINT('',(6.64,6.64,0.));
#1423 = CARTESIAN_POINT('',(6.44,6.44,0.3));
#1424 = CARTESIAN_POINT('',(6.64,9.36,0.));
#1425 = CARTESIAN_POINT('',(6.44,9.56,0.3));
#1426 = ADVANCED_FACE('',(#1427),#1444,.F.);
#1427 = FACE_BOUND('',#1428,.F.);
#1428 = EDGE_LOOP('',(#1429,#1430,#1431,#1439));
#1429 = ORIENTED_EDGE('',*,*,#697,.T.);
#1430 = ORIENTED_EDGE('',*,*,#1417,.T.);
#1431 = ORIENTED_EDGE('',*,*,#1432,.F.);
#1432 = EDGE_CURVE('',#1433,#1410,#1435,.T.);
#1433 = VERTEX_POINT('',#1434);
#1434 = CARTESIAN_POINT('',(6.44,1.56,0.3));
#1435 = LINE('',#1436,#1437);
#1436 = CARTESIAN_POINT('',(6.44,1.56,0.3));
#1437 = VECTOR('',#1438,1.);
#1438 = DIRECTION('',(0.,1.,0.));
#1439 = ORIENTED_EDGE('',*,*,#1440,.F.);
#1440 = EDGE_CURVE('',#690,#1433,#1441,.T.);
#1441 = B_SPLINE_CURVE_WITH_KNOTS('',1,(#1442,#1443),.UNSPECIFIED.,.F.,
  .F.,(2,2),(0.,1.),.PIECEWISE_BEZIER_KNOTS.);
#1442 = CARTESIAN_POINT('',(6.64,1.36,0.));
#1443 = CARTESIAN_POINT('',(6.44,1.56,0.3));
#1444 = B_SPLINE_SURFACE_WITH_KNOTS('',1,1,(
    (#1445,#1446)
    ,(#1447,#1448
    )),.UNSPECIFIED.,.F.,.F.,.F.,(2,2),(2,2),(0.,5.28),(0.,1.),
  .PIECEWISE_BEZIER_KNOTS.);
#1445 = CARTESIAN_POINT('',(6.64,1.36,0.));
#1446 = CARTESIAN_POINT('',(6.44,1.56,0.3));
#1447 = CARTESIAN_POINT('',(6.64,6.64,0.));
#1448 = CARTESIAN_POINT('',(6.44,6.44,0.3));
#1449 = ADVANCED_FACE('',(#1450),#1467,.F.);
#1450 = FACE_BOUND('',#1451,.F.);
#1451 = EDGE_LOOP('',(#1452,#1453,#1454,#1462));
#1452 = ORIENTED_EDGE('',*,*,#689,.T.);
#1453 = ORIENTED_EDGE('',*,*,#1440,.T.);
#1454 = ORIENTED_EDGE('',*,*,#1455,.F.);
#1455 = EDGE_CURVE('',#1456,#1433,#1458,.T.);
#1456 = VERTEX_POINT('',#1457);
#1457 = CARTESIAN_POINT('',(6.44,-1.56,0.3));
#1458 = LINE('',#1459,#1460);
#1459 = CARTESIAN_POINT('',(6.44,-1.56,0.3));
#1460 = VECTOR('',#1461,1.);
#1461 = DIRECTION('',(0.,1.,0.));
#1462 = ORIENTED_EDGE('',*,*,#1463,.F.);
#1463 = EDGE_CURVE('',#682,#1456,#1464,.T.);
#1464 = B_SPLINE_CURVE_WITH_KNOTS('',1,(#1465,#1466),.UNSPECIFIED.,.F.,
  .F.,(2,2),(0.,1.),.PIECEWISE_BEZIER_KNOTS.);
#1465 = CARTESIAN_POINT('',(6.64,-1.36,0.));
#1466 = CARTESIAN_POINT('',(6.44,-1.56,0.3));
#1467 = B_SPLINE_SURFACE_WITH_KNOTS('',1,1,(
    (#1468,#1469)
    ,(#1470,#1471
    )),.UNSPECIFIED.,.F.,.F.,.F.,(2,2),(2,2),(0.,3.12),(0.,1.),
  .PIECEWISE_BEZIER_KNOTS.);
#1468 = CARTESIAN_POINT('',(6.64,-1.36,0.));
#1469 = CARTESIAN_POINT('',(6.44,-1.56,0.3));
#1470 = CARTESIAN_POINT('',(6.64,1.36,0.));
#1471 = CARTESIAN_POINT('',(6.44,1.56,0.3));
#1472 = ADVANCED_FACE('',(#1473),#1490,.F.);
#1473 = FACE_BOUND('',#1474,.F.);
#1474 = EDGE_LOOP('',(#1475,#1476,#1477,#1485));
#1475 = ORIENTED_EDGE('',*,*,#681,.T.);
#1476 = ORIENTED_EDGE('',*,*,#1463,.T.);
#1477 = ORIENTED_EDGE('',*,*,#1478,.F.);
#1478 = EDGE_CURVE('',#1479,#1456,#1481,.T.);
#1479 = VERTEX_POINT('',#1480);
#1480 = CARTESIAN_POINT('',(6.44,-6.44,0.3));
#1481 = LINE('',#1482,#1483);
#1482 = CARTESIAN_POINT('',(6.44,-6.44,0.3));
#1483 = VECTOR('',#1484,1.);
#1484 = DIRECTION('',(0.,1.,0.));
#1485 = ORIENTED_EDGE('',*,*,#1486,.F.);
#1486 = EDGE_CURVE('',#674,#1479,#1487,.T.);
#1487 = B_SPLINE_CURVE_WITH_KNOTS('',1,(#1488,#1489),.UNSPECIFIED.,.F.,
  .F.,(2,2),(0.,1.),.PIECEWISE_BEZIER_KNOTS.);
#1488 = CARTESIAN_POINT('',(6.64,-6.64,0.));
#1489 = CARTESIAN_POINT('',(6.44,-6.44,0.3));
#1490 = B_SPLINE_SURFACE_WITH_KNOTS('',1,1,(
    (#1491,#1492)
    ,(#1493,#1494
    )),.UNSPECIFIED.,.F.,.F.,.F.,(2,2),(2,2),(0.,5.28),(0.,1.),
  .PIECEWISE_BEZIER_KNOTS.);
#1491 = CARTESIAN_POINT('',(6.64,-6.64,0.));
#1492 = CARTESIAN_POINT('',(6.44,-6.44,0.3));
#1493 = CARTESIAN_POINT('',(6.64,-1.36,0.));
#1494 = CARTESIAN_POINT('',(6.44,-1.56,0.3));
#1495 = ADVANCED_FACE('',(#1496),#1513,.F.);
#1496 = FACE_BOUND('',#1497,.F.);
#1497 = EDGE_LOOP('',(#1498,#1505,#1506,#1507));
#1498 = ORIENTED_EDGE('',*,*,#1499,.F.);
#1499 = EDGE_CURVE('',#666,#1500,#1502,.T.);
#1500 = VERTEX_POINT('',#1501);
#1501 = CARTESIAN_POINT('',(-1.56,-6.44,0.3));
#1502 = B_SPLINE_CURVE_WITH_KNOTS('',1,(#1503,#1504),.UNSPECIFIED.,.F.,
  .F.,(2,2),(0.,1.),.PIECEWISE_BEZIER_KNOTS.);
#1503 = CARTESIAN_POINT('',(-1.36,-6.64,0.));
#1504 = CARTESIAN_POINT('',(-1.56,-6.44,0.3));
#1505 = ORIENTED_EDGE('',*,*,#673,.T.);
#1506 = ORIENTED_EDGE('',*,*,#1486,.T.);
#1507 = ORIENTED_EDGE('',*,*,#1508,.F.);
#1508 = EDGE_CURVE('',#1500,#1479,#1509,.T.);
#1509 = LINE('',#1510,#1511);
#1510 = CARTESIAN_POINT('',(-6.44,-6.44,0.3));
#1511 = VECTOR('',#1512,1.);
#1512 = DIRECTION('',(1.,0.,0.));
#1513 = B_SPLINE_SURFACE_WITH_KNOTS('',1,1,(
    (#1514,#1515)
    ,(#1516,#1517
    )),.UNSPECIFIED.,.F.,.F.,.F.,(2,2),(2,2),(0.,13.28),(0.,1.),
  .PIECEWISE_BEZIER_KNOTS.);
#1514 = CARTESIAN_POINT('',(-6.64,-6.64,0.));
#1515 = CARTESIAN_POINT('',(-6.44,-6.44,0.3));
#1516 = CARTESIAN_POINT('',(6.64,-6.64,0.));
#1517 = CARTESIAN_POINT('',(6.44,-6.44,0.3));
#1518 = ADVANCED_FACE('',(#1519),#1536,.F.);
#1519 = FACE_BOUND('',#1520,.F.);
#1520 = EDGE_LOOP('',(#1521,#1522,#1523,#1531));
#1521 = ORIENTED_EDGE('',*,*,#665,.T.);
#1522 = ORIENTED_EDGE('',*,*,#1499,.T.);
#1523 = ORIENTED_EDGE('',*,*,#1524,.F.);
#1524 = EDGE_CURVE('',#1525,#1500,#1527,.T.);
#1525 = VERTEX_POINT('',#1526);
#1526 = CARTESIAN_POINT('',(-1.56,-9.56,0.3));
#1527 = LINE('',#1528,#1529);
#1528 = CARTESIAN_POINT('',(-1.56,-9.56,0.3));
#1529 = VECTOR('',#1530,1.);
#1530 = DIRECTION('',(0.,1.,0.));
#1531 = ORIENTED_EDGE('',*,*,#1532,.F.);
#1532 = EDGE_CURVE('',#658,#1525,#1533,.T.);
#1533 = B_SPLINE_CURVE_WITH_KNOTS('',1,(#1534,#1535),.UNSPECIFIED.,.F.,
  .F.,(2,2),(0.,1.),.PIECEWISE_BEZIER_KNOTS.);
#1534 = CARTESIAN_POINT('',(-1.36,-9.36,0.));
#1535 = CARTESIAN_POINT('',(-1.56,-9.56,0.3));
#1536 = B_SPLINE_SURFACE_WITH_KNOTS('',1,1,(
    (#1537,#1538)
    ,(#1539,#1540
    )),.UNSPECIFIED.,.F.,.F.,.F.,(2,2),(2,2),(0.,3.12),(0.,1.),
  .PIECEWISE_BEZIER_KNOTS.);
#1537 = CARTESIAN_POINT('',(-1.36,-9.36,0.));
#1538 = CARTESIAN_POINT('',(-1.56,-9.56,0.3));
#1539 = CARTESIAN_POINT('',(-1.36,-6.64,0.));
#1540 = CARTESIAN_POINT('',(-1.56,-6.44,0.3));
#1541 = ADVANCED_FACE('',(#1542),#1559,.F.);
#1542 = FACE_BOUND('',#1543,.F.);
#1543 = EDGE_LOOP('',(#1544,#1545,#1546,#1554));
#1544 = ORIENTED_EDGE('',*,*,#657,.T.);
#1545 = ORIENTED_EDGE('',*,*,#1532,.T.);
#1546 = ORIENTED_EDGE('',*,*,#1547,.F.);
#1547 = EDGE_CURVE('',#1548,#1525,#1550,.T.);
#1548 = VERTEX_POINT('',#1549);
#1549 = CARTESIAN_POINT('',(-1.56,-14.44,0.3));
#1550 = LINE('',#1551,#1552);
#1551 = CARTESIAN_POINT('',(-1.56,-14.44,0.3));
#1552 = VECTOR('',#1553,1.);
#1553 = DIRECTION('',(0.,1.,0.));
#1554 = ORIENTED_EDGE('',*,*,#1555,.F.);
#1555 = EDGE_CURVE('',#650,#1548,#1556,.T.);
#1556 = B_SPLINE_CURVE_WITH_KNOTS('',1,(#1557,#1558),.UNSPECIFIED.,.F.,
  .F.,(2,2),(0.,1.),.PIECEWISE_BEZIER_KNOTS.);
#1557 = CARTESIAN_POINT('',(-1.36,-14.64,0.));
#1558 = CARTESIAN_POINT('',(-1.56,-14.44,0.3));
#1559 = B_SPLINE_SURFACE_WITH_KNOTS('',1,1,(
    (#1560,#1561)
    ,(#1562,#1563
    )),.UNSPECIFIED.,.F.,.F.,.F.,(2,2),(2,2),(0.,5.28),(0.,1.),
  .PIECEWISE_BEZIER_KNOTS.);
#1560 = CARTESIAN_POINT('',(-1.36,-14.64,0.));
#1561 = CARTESIAN_POINT('',(-1.56,-14.44,0.3));
#1562 = CARTESIAN_POINT('',(-1.36,-9.36,0.));
#1563 = CARTESIAN_POINT('',(-1.56,-9.56,0.3));
#1564 = ADVANCED_FACE('',(#1565),#1582,.F.);
#1565 = FACE_BOUND('',#1566,.F.);
#1566 = EDGE_LOOP('',(#1567,#1568,#1569,#1577));
#1567 = ORIENTED_EDGE('',*,*,#649,.T.);
#1568 = ORIENTED_EDGE('',*,*,#1555,.T.);
#1569 = ORIENTED_EDGE('',*,*,#1570,.F.);
#1570 = EDGE_CURVE('',#1571,#1548,#1573,.T.);
#1571 = VERTEX_POINT('',#1572);
#1572 = CARTESIAN_POINT('',(-1.56,-17.56,0.3));
#1573 = LINE('',#1574,#1575);
#1574 = CARTESIAN_POINT('',(-1.56,-17.56,0.3));
#1575 = VECTOR('',#1576,1.);
#1576 = DIRECTION('',(0.,1.,0.));
#1577 = ORIENTED_EDGE('',*,*,#1578,.F.);
#1578 = EDGE_CURVE('',#642,#1571,#1579,.T.);
#1579 = B_SPLINE_CURVE_WITH_KNOTS('',1,(#1580,#1581),.UNSPECIFIED.,.F.,
  .F.,(2,2),(0.,1.),.PIECEWISE_BEZIER_KNOTS.);
#1580 = CARTESIAN_POINT('',(-1.36,-17.36,0.));
#1581 = CARTESIAN_POINT('',(-1.56,-17.56,0.3));
#1582 = B_SPLINE_SURFACE_WITH_KNOTS('',1,1,(
    (#1583,#1584)
    ,(#1585,#1586
    )),.UNSPECIFIED.,.F.,.F.,.F.,(2,2),(2,2),(0.,3.12),(0.,1.),
  .PIECEWISE_BEZIER_KNOTS.);
#1583 = CARTESIAN_POINT('',(-1.36,-17.36,0.));
#1584 = CARTESIAN_POINT('',(-1.56,-17.56,0.3));
#1585 = CARTESIAN_POINT('',(-1.36,-14.64,0.));
#1586 = CARTESIAN_POINT('',(-1.56,-14.44,0.3));
#1587 = ADVANCED_FACE('',(#1588),#1605,.F.);
#1588 = FACE_BOUND('',#1589,.F.);
#1589 = EDGE_LOOP('',(#1590,#1591,#1592,#1600));
#1590 = ORIENTED_EDGE('',*,*,#641,.T.);
#1591 = ORIENTED_EDGE('',*,*,#1578,.T.);
#1592 = ORIENTED_EDGE('',*,*,#1593,.F.);
#1593 = EDGE_CURVE('',#1594,#1571,#1596,.T.);
#1594 = VERTEX_POINT('',#1595);
#1595 = CARTESIAN_POINT('',(-1.56,-22.44,0.3));
#1596 = LINE('',#1597,#1598);
#1597 = CARTESIAN_POINT('',(-1.56,-22.44,0.3));
#1598 = VECTOR('',#1599,1.);
#1599 = DIRECTION('',(0.,1.,0.));
#1600 = ORIENTED_EDGE('',*,*,#1601,.F.);
#1601 = EDGE_CURVE('',#634,#1594,#1602,.T.);
#1602 = B_SPLINE_CURVE_WITH_KNOTS('',1,(#1603,#1604),.UNSPECIFIED.,.F.,
  .F.,(2,2),(0.,1.),.PIECEWISE_BEZIER_KNOTS.);
#1603 = CARTESIAN_POINT('',(-1.36,-22.64,0.));
#1604 = CARTESIAN_POINT('',(-1.56,-22.44,0.3));
#1605 = B_SPLINE_SURFACE_WITH_KNOTS('',1,1,(
    (#1606,#1607)
    ,(#1608,#1609
    )),.UNSPECIFIED.,.F.,.F.,.F.,(2,2),(2,2),(0.,5.28),(0.,1.),
  .PIECEWISE_BEZIER_KNOTS.);
#1606 = CARTESIAN_POINT('',(-1.36,-22.64,0.));
#1607 = CARTESIAN_POINT('',(-1.56,-22.44,0.3));
#1608 = CARTESIAN_POINT('',(-1.36,-17.36,0.));
#1609 = CARTESIAN_POINT('',(-1.56,-17.56,0.3));
#1610 = ADVANCED_FACE('',(#1611),#1622,.F.);
#1611 = FACE_BOUND('',#1612,.F.);
#1612 = EDGE_LOOP('',(#1613,#1614,#1615,#1621));
#1613 = ORIENTED_EDGE('',*,*,#633,.T.);
#1614 = ORIENTED_EDGE('',*,*,#1601,.T.);
#1615 = ORIENTED_EDGE('',*,*,#1616,.F.);
#1616 = EDGE_CURVE('',#1058,#1594,#1617,.T.);
#1617 = LINE('',#1618,#1619);
#1618 = CARTESIAN_POINT('',(-6.44,-22.44,0.3));
#1619 = VECTOR('',#1620,1.);
#1620 = DIRECTION('',(1.,0.,0.));
#1621 = ORIENTED_EDGE('',*,*,#1057,.F.);
#1622 = B_SPLINE_SURFACE_WITH_KNOTS('',1,1,(
    (#1623,#1624)
    ,(#1625,#1626
    )),.UNSPECIFIED.,.F.,.F.,.F.,(2,2),(2,2),(0.,5.28),(0.,1.),
  .PIECEWISE_BEZIER_KNOTS.);
#1623 = CARTESIAN_POINT('',(-6.64,-22.64,0.));
#1624 = CARTESIAN_POINT('',(-6.44,-22.44,0.3));
#1625 = CARTESIAN_POINT('',(-1.36,-22.64,0.));
#1626 = CARTESIAN_POINT('',(-1.56,-22.44,0.3));
#1627 = ADVANCED_FACE('',(#1628),#1631,.T.);
#1628 = FACE_BOUND('',#1629,.T.);
#1629 = EDGE_LOOP('',(#1630));
#1630 = ORIENTED_EDGE('',*,*,#831,.T.);
#1631 = PLANE('',#1632);
#1632 = AXIS2_PLACEMENT_3D('',#1633,#1634,#1635);
#1633 = CARTESIAN_POINT('',(-4.,-12.,11.4));
#1634 = DIRECTION('',(0.,0.,1.));
#1635 = DIRECTION('',(1.,0.,0.));
#1636 = ADVANCED_FACE('',(#1637),#1640,.T.);
#1637 = FACE_BOUND('',#1638,.T.);
#1638 = EDGE_LOOP('',(#1639));
#1639 = ORIENTED_EDGE('',*,*,#856,.T.);
#1640 = PLANE('',#1641);
#1641 = AXIS2_PLACEMENT_3D('',#1642,#1643,#1644);
#1642 = CARTESIAN_POINT('',(-4.,-4.,11.4));
#1643 = DIRECTION('',(0.,0.,1.));
#1644 = DIRECTION('',(1.,0.,0.));
#1645 = ADVANCED_FACE('',(#1646),#1649,.T.);
#1646 = FACE_BOUND('',#1647,.T.);
#1647 = EDGE_LOOP('',(#1648));
#1648 = ORIENTED_EDGE('',*,*,#881,.T.);
#1649 = PLANE('',#1650);
#1650 = AXIS2_PLACEMENT_3D('',#1651,#1652,#1653);
#1651 = CARTESIAN_POINT('',(4.,-4.,11.4));
#1652 = DIRECTION('',(0.,0.,1.));
#1653 = DIRECTION('',(1.,0.,0.));
#1654 = ADVANCED_FACE('',(#1655),#1658,.T.);
#1655 = FACE_BOUND('',#1656,.T.);
#1656 = EDGE_LOOP('',(#1657));
#1657 = ORIENTED_EDGE('',*,*,#906,.T.);
#1658 = PLANE('',#1659);
#1659 = AXIS2_PLACEMENT_3D('',#1660,#1661,#1662);
#1660 = CARTESIAN_POINT('',(-4.,4.,11.4));
#1661 = DIRECTION('',(0.,0.,1.));
#1662 = DIRECTION('',(1.,0.,0.));
#1663 = ADVANCED_FACE('',(#1664),#1667,.T.);
#1664 = FACE_BOUND('',#1665,.T.);
#1665 = EDGE_LOOP('',(#1666));
#1666 = ORIENTED_EDGE('',*,*,#931,.T.);
#1667 = PLANE('',#1668);
#1668 = AXIS2_PLACEMENT_3D('',#1669,#1670,#1671);
#1669 = CARTESIAN_POINT('',(-4.,12.,11.4));
#1670 = DIRECTION('',(0.,0.,1.));
#1671 = DIRECTION('',(1.,0.,0.));
#1672 = ADVANCED_FACE('',(#1673),#1676,.T.);
#1673 = FACE_BOUND('',#1674,.T.);
#1674 = EDGE_LOOP('',(#1675));
#1675 = ORIENTED_EDGE('',*,*,#956,.T.);
#1676 = PLANE('',#1677);
#1677 = AXIS2_PLACEMENT_3D('',#1678,#1679,#1680);
#1678 = CARTESIAN_POINT('',(-4.,20.,11.4));
#1679 = DIRECTION('',(0.,0.,1.));
#1680 = DIRECTION('',(1.,0.,0.));
#1681 = ADVANCED_FACE('',(#1682),#1685,.T.);
#1682 = FACE_BOUND('',#1683,.T.);
#1683 = EDGE_LOOP('',(#1684));
#1684 = ORIENTED_EDGE('',*,*,#981,.T.);
#1685 = PLANE('',#1686);
#1686 = AXIS2_PLACEMENT_3D('',#1687,#1688,#1689);
#1687 = CARTESIAN_POINT('',(4.,4.,11.4));
#1688 = DIRECTION('',(0.,0.,1.));
#1689 = DIRECTION('',(1.,0.,0.));
#1690 = ADVANCED_FACE('',(#1691),#1694,.T.);
#1691 = FACE_BOUND('',#1692,.T.);
#1692 = EDGE_LOOP('',(#1693));
#1693 = ORIENTED_EDGE('',*,*,#1006,.T.);
#1694 = PLANE('',#1695);
#1695 = AXIS2_PLACEMENT_3D('',#1696,#1697,#1698);
#1696 = CARTESIAN_POINT('',(4.,12.,11.4));
#1697 = DIRECTION('',(0.,0.,1.));
#1698 = DIRECTION('',(1.,0.,0.));
#1699 = ADVANCED_FACE('',(#1700),#1703,.T.);
#1700 = FACE_BOUND('',#1701,.T.);
#1701 = EDGE_LOOP('',(#1702));
#1702 = ORIENTED_EDGE('',*,*,#1031,.T.);
#1703 = PLANE('',#1704);
#1704 = AXIS2_PLACEMENT_3D('',#1705,#1706,#1707);
#1705 = CARTESIAN_POINT('',(4.,20.,11.4));
#1706 = DIRECTION('',(0.,0.,1.));
#1707 = DIRECTION('',(1.,0.,0.));
#1708 = ADVANCED_FACE('',(#1709),#1904,.F.);
#1709 = FACE_BOUND('',#1710,.F.);
#1710 = EDGE_LOOP('',(#1711,#1712,#1720,#1728,#1736,#1744,#1752,#1760,
    #1768,#1776,#1784,#1792,#1800,#1808,#1816,#1824,#1832,#1840,#1848,
    #1856,#1864,#1872,#1880,#1888,#1894,#1895,#1896,#1897,#1898,#1899,
    #1900,#1901,#1902,#1903));
#1711 = ORIENTED_EDGE('',*,*,#1064,.F.);
#1712 = ORIENTED_EDGE('',*,*,#1713,.T.);
#1713 = EDGE_CURVE('',#1058,#1714,#1716,.T.);
#1714 = VERTEX_POINT('',#1715);
#1715 = CARTESIAN_POINT('',(-6.44,-22.44,8.));
#1716 = LINE('',#1717,#1718);
#1717 = CARTESIAN_POINT('',(-6.44,-22.44,0.));
#1718 = VECTOR('',#1719,1.);
#1719 = DIRECTION('',(0.,0.,1.));
#1720 = ORIENTED_EDGE('',*,*,#1721,.T.);
#1721 = EDGE_CURVE('',#1714,#1722,#1724,.T.);
#1722 = VERTEX_POINT('',#1723);
#1723 = CARTESIAN_POINT('',(-6.44,-16.6,8.));
#1724 = LINE('',#1725,#1726);
#1725 = CARTESIAN_POINT('',(-6.44,-22.44,8.));
#1726 = VECTOR('',#1727,1.);
#1727 = DIRECTION('',(0.,1.,0.));
#1728 = ORIENTED_EDGE('',*,*,#1729,.F.);
#1729 = EDGE_CURVE('',#1730,#1722,#1732,.T.);
#1730 = VERTEX_POINT('',#1731);
#1731 = CARTESIAN_POINT('',(-6.44,-16.6,6.8));
#1732 = LINE('',#1733,#1734);
#1733 = CARTESIAN_POINT('',(-6.44,-16.6,5.4));
#1734 = VECTOR('',#1735,1.);
#1735 = DIRECTION('',(0.,0.,1.));
#1736 = ORIENTED_EDGE('',*,*,#1737,.T.);
#1737 = EDGE_CURVE('',#1730,#1738,#1740,.T.);
#1738 = VERTEX_POINT('',#1739);
#1739 = CARTESIAN_POINT('',(-6.44,-15.4,6.8));
#1740 = LINE('',#1741,#1742);
#1741 = CARTESIAN_POINT('',(-6.44,-4.787167358481E-16,6.8));
#1742 = VECTOR('',#1743,1.);
#1743 = DIRECTION('',(0.,1.,0.));
#1744 = ORIENTED_EDGE('',*,*,#1745,.T.);
#1745 = EDGE_CURVE('',#1738,#1746,#1748,.T.);
#1746 = VERTEX_POINT('',#1747);
#1747 = CARTESIAN_POINT('',(-6.44,-15.4,8.));
#1748 = LINE('',#1749,#1750);
#1749 = CARTESIAN_POINT('',(-6.44,-15.4,5.4));
#1750 = VECTOR('',#1751,1.);
#1751 = DIRECTION('',(0.,0.,1.));
#1752 = ORIENTED_EDGE('',*,*,#1753,.T.);
#1753 = EDGE_CURVE('',#1746,#1754,#1756,.T.);
#1754 = VERTEX_POINT('',#1755);
#1755 = CARTESIAN_POINT('',(-6.44,-8.6,8.));
#1756 = LINE('',#1757,#1758);
#1757 = CARTESIAN_POINT('',(-6.44,-22.44,8.));
#1758 = VECTOR('',#1759,1.);
#1759 = DIRECTION('',(0.,1.,0.));
#1760 = ORIENTED_EDGE('',*,*,#1761,.F.);
#1761 = EDGE_CURVE('',#1762,#1754,#1764,.T.);
#1762 = VERTEX_POINT('',#1763);
#1763 = CARTESIAN_POINT('',(-6.44,-8.6,6.8));
#1764 = LINE('',#1765,#1766);
#1765 = CARTESIAN_POINT('',(-6.44,-8.6,5.4));
#1766 = VECTOR('',#1767,1.);
#1767 = DIRECTION('',(0.,0.,1.));
#1768 = ORIENTED_EDGE('',*,*,#1769,.T.);
#1769 = EDGE_CURVE('',#1762,#1770,#1772,.T.);
#1770 = VERTEX_POINT('',#1771);
#1771 = CARTESIAN_POINT('',(-6.44,-7.4,6.8));
#1772 = LINE('',#1773,#1774);
#1773 = CARTESIAN_POINT('',(-6.44,-4.787167358481E-16,6.8));
#1774 = VECTOR('',#1775,1.);
#1775 = DIRECTION('',(0.,1.,0.));
#1776 = ORIENTED_EDGE('',*,*,#1777,.T.);
#1777 = EDGE_CURVE('',#1770,#1778,#1780,.T.);
#1778 = VERTEX_POINT('',#1779);
#1779 = CARTESIAN_POINT('',(-6.44,-7.4,8.));
#1780 = LINE('',#1781,#1782);
#1781 = CARTESIAN_POINT('',(-6.44,-7.4,5.4));
#1782 = VECTOR('',#1783,1.);
#1783 = DIRECTION('',(0.,0.,1.));
#1784 = ORIENTED_EDGE('',*,*,#1785,.T.);
#1785 = EDGE_CURVE('',#1778,#1786,#1788,.T.);
#1786 = VERTEX_POINT('',#1787);
#1787 = CARTESIAN_POINT('',(-6.44,-0.6,8.));
#1788 = LINE('',#1789,#1790);
#1789 = CARTESIAN_POINT('',(-6.44,-22.44,8.));
#1790 = VECTOR('',#1791,1.);
#1791 = DIRECTION('',(0.,1.,0.));
#1792 = ORIENTED_EDGE('',*,*,#1793,.F.);
#1793 = EDGE_CURVE('',#1794,#1786,#1796,.T.);
#1794 = VERTEX_POINT('',#1795);
#1795 = CARTESIAN_POINT('',(-6.44,-0.6,6.8));
#1796 = LINE('',#1797,#1798);
#1797 = CARTESIAN_POINT('',(-6.44,-0.6,5.4));
#1798 = VECTOR('',#1799,1.);
#1799 = DIRECTION('',(0.,0.,1.));
#1800 = ORIENTED_EDGE('',*,*,#1801,.T.);
#1801 = EDGE_CURVE('',#1794,#1802,#1804,.T.);
#1802 = VERTEX_POINT('',#1803);
#1803 = CARTESIAN_POINT('',(-6.44,0.6,6.8));
#1804 = LINE('',#1805,#1806);
#1805 = CARTESIAN_POINT('',(-6.44,-4.787167358481E-16,6.8));
#1806 = VECTOR('',#1807,1.);
#1807 = DIRECTION('',(0.,1.,0.));
#1808 = ORIENTED_EDGE('',*,*,#1809,.T.);
#1809 = EDGE_CURVE('',#1802,#1810,#1812,.T.);
#1810 = VERTEX_POINT('',#1811);
#1811 = CARTESIAN_POINT('',(-6.44,0.6,8.));
#1812 = LINE('',#1813,#1814);
#1813 = CARTESIAN_POINT('',(-6.44,0.6,5.4));
#1814 = VECTOR('',#1815,1.);
#1815 = DIRECTION('',(0.,0.,1.));
#1816 = ORIENTED_EDGE('',*,*,#1817,.T.);
#1817 = EDGE_CURVE('',#1810,#1818,#1820,.T.);
#1818 = VERTEX_POINT('',#1819);
#1819 = CARTESIAN_POINT('',(-6.44,7.4,8.));
#1820 = LINE('',#1821,#1822);
#1821 = CARTESIAN_POINT('',(-6.44,-22.44,8.));
#1822 = VECTOR('',#1823,1.);
#1823 = DIRECTION('',(0.,1.,0.));
#1824 = ORIENTED_EDGE('',*,*,#1825,.F.);
#1825 = EDGE_CURVE('',#1826,#1818,#1828,.T.);
#1826 = VERTEX_POINT('',#1827);
#1827 = CARTESIAN_POINT('',(-6.44,7.4,6.8));
#1828 = LINE('',#1829,#1830);
#1829 = CARTESIAN_POINT('',(-6.44,7.4,5.4));
#1830 = VECTOR('',#1831,1.);
#1831 = DIRECTION('',(0.,0.,1.));
#1832 = ORIENTED_EDGE('',*,*,#1833,.T.);
#1833 = EDGE_CURVE('',#1826,#1834,#1836,.T.);
#1834 = VERTEX_POINT('',#1835);
#1835 = CARTESIAN_POINT('',(-6.44,8.6,6.8));
#1836 = LINE('',#1837,#1838);
#1837 = CARTESIAN_POINT('',(-6.44,-4.787167358481E-16,6.8));
#1838 = VECTOR('',#1839,1.);
#1839 = DIRECTION('',(0.,1.,0.));
#1840 = ORIENTED_EDGE('',*,*,#1841,.T.);
#1841 = EDGE_CURVE('',#1834,#1842,#1844,.T.);
#1842 = VERTEX_POINT('',#1843);
#1843 = CARTESIAN_POINT('',(-6.44,8.6,8.));
#1844 = LINE('',#1845,#1846);
#1845 = CARTESIAN_POINT('',(-6.44,8.6,5.4));
#1846 = VECTOR('',#1847,1.);
#1847 = DIRECTION('',(0.,0.,1.));
#1848 = ORIENTED_EDGE('',*,*,#1849,.T.);
#1849 = EDGE_CURVE('',#1842,#1850,#1852,.T.);
#1850 = VERTEX_POINT('',#1851);
#1851 = CARTESIAN_POINT('',(-6.44,15.4,8.));
#1852 = LINE('',#1853,#1854);
#1853 = CARTESIAN_POINT('',(-6.44,-22.44,8.));
#1854 = VECTOR('',#1855,1.);
#1855 = DIRECTION('',(0.,1.,0.));
#1856 = ORIENTED_EDGE('',*,*,#1857,.F.);
#1857 = EDGE_CURVE('',#1858,#1850,#1860,.T.);
#1858 = VERTEX_POINT('',#1859);
#1859 = CARTESIAN_POINT('',(-6.44,15.4,6.8));
#1860 = LINE('',#1861,#1862);
#1861 = CARTESIAN_POINT('',(-6.44,15.4,5.4));
#1862 = VECTOR('',#1863,1.);
#1863 = DIRECTION('',(0.,0.,1.));
#1864 = ORIENTED_EDGE('',*,*,#1865,.T.);
#1865 = EDGE_CURVE('',#1858,#1866,#1868,.T.);
#1866 = VERTEX_POINT('',#1867);
#1867 = CARTESIAN_POINT('',(-6.44,16.6,6.8));
#1868 = LINE('',#1869,#1870);
#1869 = CARTESIAN_POINT('',(-6.44,-4.787167358481E-16,6.8));
#1870 = VECTOR('',#1871,1.);
#1871 = DIRECTION('',(0.,1.,0.));
#1872 = ORIENTED_EDGE('',*,*,#1873,.T.);
#1873 = EDGE_CURVE('',#1866,#1874,#1876,.T.);
#1874 = VERTEX_POINT('',#1875);
#1875 = CARTESIAN_POINT('',(-6.44,16.6,8.));
#1876 = LINE('',#1877,#1878);
#1877 = CARTESIAN_POINT('',(-6.44,16.6,5.4));
#1878 = VECTOR('',#1879,1.);
#1879 = DIRECTION('',(0.,0.,1.));
#1880 = ORIENTED_EDGE('',*,*,#1881,.T.);
#1881 = EDGE_CURVE('',#1874,#1882,#1884,.T.);
#1882 = VERTEX_POINT('',#1883);
#1883 = CARTESIAN_POINT('',(-6.44,22.44,8.));
#1884 = LINE('',#1885,#1886);
#1885 = CARTESIAN_POINT('',(-6.44,-22.44,8.));
#1886 = VECTOR('',#1887,1.);
#1887 = DIRECTION('',(0.,1.,0.));
#1888 = ORIENTED_EDGE('',*,*,#1889,.F.);
#1889 = EDGE_CURVE('',#1295,#1882,#1890,.T.);
#1890 = LINE('',#1891,#1892);
#1891 = CARTESIAN_POINT('',(-6.44,22.44,0.));
#1892 = VECTOR('',#1893,1.);
#1893 = DIRECTION('',(0.,0.,1.));
#1894 = ORIENTED_EDGE('',*,*,#1294,.F.);
#1895 = ORIENTED_EDGE('',*,*,#1271,.F.);
#1896 = ORIENTED_EDGE('',*,*,#1248,.F.);
#1897 = ORIENTED_EDGE('',*,*,#1225,.F.);
#1898 = ORIENTED_EDGE('',*,*,#1202,.F.);
#1899 = ORIENTED_EDGE('',*,*,#1179,.F.);
#1900 = ORIENTED_EDGE('',*,*,#1156,.F.);
#1901 = ORIENTED_EDGE('',*,*,#1133,.F.);
#1902 = ORIENTED_EDGE('',*,*,#1110,.F.);
#1903 = ORIENTED_EDGE('',*,*,#1087,.F.);
#1904 = PLANE('',#1905);
#1905 = AXIS2_PLACEMENT_3D('',#1906,#1907,#1908);
#1906 = CARTESIAN_POINT('',(-6.44,-7.390289422618E-16,4.));
#1907 = DIRECTION('',(-1.,-0.,-0.));
#1908 = DIRECTION('',(0.,0.,-1.));
#1909 = ADVANCED_FACE('',(#1910),#1960,.F.);
#1910 = FACE_BOUND('',#1911,.F.);
#1911 = EDGE_LOOP('',(#1912,#1913,#1914,#1922,#1930,#1938,#1946,#1954));
#1912 = ORIENTED_EDGE('',*,*,#1317,.F.);
#1913 = ORIENTED_EDGE('',*,*,#1889,.T.);
#1914 = ORIENTED_EDGE('',*,*,#1915,.T.);
#1915 = EDGE_CURVE('',#1882,#1916,#1918,.T.);
#1916 = VERTEX_POINT('',#1917);
#1917 = CARTESIAN_POINT('',(-0.6,22.44,8.));
#1918 = LINE('',#1919,#1920);
#1919 = CARTESIAN_POINT('',(-6.44,22.44,8.));
#1920 = VECTOR('',#1921,1.);
#1921 = DIRECTION('',(1.,0.,0.));
#1922 = ORIENTED_EDGE('',*,*,#1923,.F.);
#1923 = EDGE_CURVE('',#1924,#1916,#1926,.T.);
#1924 = VERTEX_POINT('',#1925);
#1925 = CARTESIAN_POINT('',(-0.6,22.44,6.8));
#1926 = LINE('',#1927,#1928);
#1927 = CARTESIAN_POINT('',(-0.6,22.44,3.4));
#1928 = VECTOR('',#1929,1.);
#1929 = DIRECTION('',(0.,0.,1.));
#1930 = ORIENTED_EDGE('',*,*,#1931,.T.);
#1931 = EDGE_CURVE('',#1924,#1932,#1934,.T.);
#1932 = VERTEX_POINT('',#1933);
#1933 = CARTESIAN_POINT('',(0.6,22.44,6.8));
#1934 = LINE('',#1935,#1936);
#1935 = CARTESIAN_POINT('',(-3.22,22.44,6.8));
#1936 = VECTOR('',#1937,1.);
#1937 = DIRECTION('',(1.,0.,0.));
#1938 = ORIENTED_EDGE('',*,*,#1939,.T.);
#1939 = EDGE_CURVE('',#1932,#1940,#1942,.T.);
#1940 = VERTEX_POINT('',#1941);
#1941 = CARTESIAN_POINT('',(0.6,22.44,8.));
#1942 = LINE('',#1943,#1944);
#1943 = CARTESIAN_POINT('',(0.6,22.44,3.4));
#1944 = VECTOR('',#1945,1.);
#1945 = DIRECTION('',(0.,0.,1.));
#1946 = ORIENTED_EDGE('',*,*,#1947,.T.);
#1947 = EDGE_CURVE('',#1940,#1948,#1950,.T.);
#1948 = VERTEX_POINT('',#1949);
#1949 = CARTESIAN_POINT('',(6.44,22.44,8.));
#1950 = LINE('',#1951,#1952);
#1951 = CARTESIAN_POINT('',(-6.44,22.44,8.));
#1952 = VECTOR('',#1953,1.);
#1953 = DIRECTION('',(1.,0.,0.));
#1954 = ORIENTED_EDGE('',*,*,#1955,.F.);
#1955 = EDGE_CURVE('',#1318,#1948,#1956,.T.);
#1956 = LINE('',#1957,#1958);
#1957 = CARTESIAN_POINT('',(6.44,22.44,0.));
#1958 = VECTOR('',#1959,1.);
#1959 = DIRECTION('',(0.,0.,1.));
#1960 = PLANE('',#1961);
#1961 = AXIS2_PLACEMENT_3D('',#1962,#1963,#1964);
#1962 = CARTESIAN_POINT('',(-6.44,22.44,0.));
#1963 = DIRECTION('',(0.,1.,0.));
#1964 = DIRECTION('',(0.,0.,1.));
#1965 = ADVANCED_FACE('',(#1966),#2086,.F.);
#1966 = FACE_BOUND('',#1967,.F.);
#1967 = EDGE_LOOP('',(#1968,#1976,#1977,#1978,#1979,#1980,#1981,#1982,
    #1983,#1984,#1992,#2000,#2008,#2016,#2024,#2032,#2040,#2048,#2056,
    #2064,#2072,#2080));
#1968 = ORIENTED_EDGE('',*,*,#1969,.F.);
#1969 = EDGE_CURVE('',#1479,#1970,#1972,.T.);
#1970 = VERTEX_POINT('',#1971);
#1971 = CARTESIAN_POINT('',(6.44,-6.44,8.));
#1972 = LINE('',#1973,#1974);
#1973 = CARTESIAN_POINT('',(6.44,-6.44,0.));
#1974 = VECTOR('',#1975,1.);
#1975 = DIRECTION('',(0.,0.,1.));
#1976 = ORIENTED_EDGE('',*,*,#1478,.T.);
#1977 = ORIENTED_EDGE('',*,*,#1455,.T.);
#1978 = ORIENTED_EDGE('',*,*,#1432,.T.);
#1979 = ORIENTED_EDGE('',*,*,#1409,.T.);
#1980 = ORIENTED_EDGE('',*,*,#1386,.T.);
#1981 = ORIENTED_EDGE('',*,*,#1363,.T.);
#1982 = ORIENTED_EDGE('',*,*,#1340,.T.);
#1983 = ORIENTED_EDGE('',*,*,#1955,.T.);
#1984 = ORIENTED_EDGE('',*,*,#1985,.F.);
#1985 = EDGE_CURVE('',#1986,#1948,#1988,.T.);
#1986 = VERTEX_POINT('',#1987);
#1987 = CARTESIAN_POINT('',(6.44,16.6,8.));
#1988 = LINE('',#1989,#1990);
#1989 = CARTESIAN_POINT('',(6.44,-6.44,8.));
#1990 = VECTOR('',#1991,1.);
#1991 = DIRECTION('',(0.,1.,0.));
#1992 = ORIENTED_EDGE('',*,*,#1993,.T.);
#1993 = EDGE_CURVE('',#1986,#1994,#1996,.T.);
#1994 = VERTEX_POINT('',#1995);
#1995 = CARTESIAN_POINT('',(6.44,16.6,6.8));
#1996 = LINE('',#1997,#1998);
#1997 = CARTESIAN_POINT('',(6.44,16.6,5.4));
#1998 = VECTOR('',#1999,1.);
#1999 = DIRECTION('',(0.,0.,-1.));
#2000 = ORIENTED_EDGE('',*,*,#2001,.T.);
#2001 = EDGE_CURVE('',#1994,#2002,#2004,.T.);
#2002 = VERTEX_POINT('',#2003);
#2003 = CARTESIAN_POINT('',(6.44,15.4,6.8));
#2004 = LINE('',#2005,#2006);
#2005 = CARTESIAN_POINT('',(6.44,4.,6.8));
#2006 = VECTOR('',#2007,1.);
#2007 = DIRECTION('',(0.,-1.,0.));
#2008 = ORIENTED_EDGE('',*,*,#2009,.F.);
#2009 = EDGE_CURVE('',#2010,#2002,#2012,.T.);
#2010 = VERTEX_POINT('',#2011);
#2011 = CARTESIAN_POINT('',(6.44,15.4,8.));
#2012 = LINE('',#2013,#2014);
#2013 = CARTESIAN_POINT('',(6.44,15.4,5.4));
#2014 = VECTOR('',#2015,1.);
#2015 = DIRECTION('',(0.,0.,-1.));
#2016 = ORIENTED_EDGE('',*,*,#2017,.F.);
#2017 = EDGE_CURVE('',#2018,#2010,#2020,.T.);
#2018 = VERTEX_POINT('',#2019);
#2019 = CARTESIAN_POINT('',(6.44,8.6,8.));
#2020 = LINE('',#2021,#2022);
#2021 = CARTESIAN_POINT('',(6.44,-6.44,8.));
#2022 = VECTOR('',#2023,1.);
#2023 = DIRECTION('',(0.,1.,0.));
#2024 = ORIENTED_EDGE('',*,*,#2025,.T.);
#2025 = EDGE_CURVE('',#2018,#2026,#2028,.T.);
#2026 = VERTEX_POINT('',#2027);
#2027 = CARTESIAN_POINT('',(6.44,8.6,6.8));
#2028 = LINE('',#2029,#2030);
#2029 = CARTESIAN_POINT('',(6.44,8.6,5.4));
#2030 = VECTOR('',#2031,1.);
#2031 = DIRECTION('',(0.,0.,-1.));
#2032 = ORIENTED_EDGE('',*,*,#2033,.T.);
#2033 = EDGE_CURVE('',#2026,#2034,#2036,.T.);
#2034 = VERTEX_POINT('',#2035);
#2035 = CARTESIAN_POINT('',(6.44,7.4,6.8));
#2036 = LINE('',#2037,#2038);
#2037 = CARTESIAN_POINT('',(6.44,4.,6.8));
#2038 = VECTOR('',#2039,1.);
#2039 = DIRECTION('',(0.,-1.,0.));
#2040 = ORIENTED_EDGE('',*,*,#2041,.F.);
#2041 = EDGE_CURVE('',#2042,#2034,#2044,.T.);
#2042 = VERTEX_POINT('',#2043);
#2043 = CARTESIAN_POINT('',(6.44,7.4,8.));
#2044 = LINE('',#2045,#2046);
#2045 = CARTESIAN_POINT('',(6.44,7.4,5.4));
#2046 = VECTOR('',#2047,1.);
#2047 = DIRECTION('',(0.,0.,-1.));
#2048 = ORIENTED_EDGE('',*,*,#2049,.F.);
#2049 = EDGE_CURVE('',#2050,#2042,#2052,.T.);
#2050 = VERTEX_POINT('',#2051);
#2051 = CARTESIAN_POINT('',(6.44,0.6,8.));
#2052 = LINE('',#2053,#2054);
#2053 = CARTESIAN_POINT('',(6.44,-6.44,8.));
#2054 = VECTOR('',#2055,1.);
#2055 = DIRECTION('',(0.,1.,0.));
#2056 = ORIENTED_EDGE('',*,*,#2057,.T.);
#2057 = EDGE_CURVE('',#2050,#2058,#2060,.T.);
#2058 = VERTEX_POINT('',#2059);
#2059 = CARTESIAN_POINT('',(6.44,0.6,6.8));
#2060 = LINE('',#2061,#2062);
#2061 = CARTESIAN_POINT('',(6.44,0.6,5.4));
#2062 = VECTOR('',#2063,1.);
#2063 = DIRECTION('',(0.,0.,-1.));
#2064 = ORIENTED_EDGE('',*,*,#2065,.T.);
#2065 = EDGE_CURVE('',#2058,#2066,#2068,.T.);
#2066 = VERTEX_POINT('',#2067);
#2067 = CARTESIAN_POINT('',(6.44,-0.6,6.8));
#2068 = LINE('',#2069,#2070);
#2069 = CARTESIAN_POINT('',(6.44,4.,6.8));
#2070 = VECTOR('',#2071,1.);
#2071 = DIRECTION('',(0.,-1.,0.));
#2072 = ORIENTED_EDGE('',*,*,#2073,.F.);
#2073 = EDGE_CURVE('',#2074,#2066,#2076,.T.);
#2074 = VERTEX_POINT('',#2075);
#2075 = CARTESIAN_POINT('',(6.44,-0.6,8.));
#2076 = LINE('',#2077,#2078);
#2077 = CARTESIAN_POINT('',(6.44,-0.6,5.4));
#2078 = VECTOR('',#2079,1.);
#2079 = DIRECTION('',(0.,0.,-1.));
#2080 = ORIENTED_EDGE('',*,*,#2081,.F.);
#2081 = EDGE_CURVE('',#1970,#2074,#2082,.T.);
#2082 = LINE('',#2083,#2084);
#2083 = CARTESIAN_POINT('',(6.44,-6.44,8.));
#2084 = VECTOR('',#2085,1.);
#2085 = DIRECTION('',(0.,1.,0.));
#2086 = PLANE('',#2087);
#2087 = AXIS2_PLACEMENT_3D('',#2088,#2089,#2090);
#2088 = CARTESIAN_POINT('',(6.44,8.,4.));
#2089 = DIRECTION('',(1.,0.,0.));
#2090 = DIRECTION('',(0.,0.,1.));
#2091 = ADVANCED_FACE('',(#2092),#2142,.T.);
#2092 = FACE_BOUND('',#2093,.T.);
#2093 = EDGE_LOOP('',(#2094,#2095,#2103,#2111,#2119,#2127,#2135,#2141));
#2094 = ORIENTED_EDGE('',*,*,#1508,.F.);
#2095 = ORIENTED_EDGE('',*,*,#2096,.T.);
#2096 = EDGE_CURVE('',#1500,#2097,#2099,.T.);
#2097 = VERTEX_POINT('',#2098);
#2098 = CARTESIAN_POINT('',(-1.56,-6.44,8.));
#2099 = LINE('',#2100,#2101);
#2100 = CARTESIAN_POINT('',(-1.56,-6.44,0.));
#2101 = VECTOR('',#2102,1.);
#2102 = DIRECTION('',(0.,0.,1.));
#2103 = ORIENTED_EDGE('',*,*,#2104,.T.);
#2104 = EDGE_CURVE('',#2097,#2105,#2107,.T.);
#2105 = VERTEX_POINT('',#2106);
#2106 = CARTESIAN_POINT('',(-0.6,-6.44,8.));
#2107 = LINE('',#2108,#2109);
#2108 = CARTESIAN_POINT('',(-6.44,-6.44,8.));
#2109 = VECTOR('',#2110,1.);
#2110 = DIRECTION('',(1.,0.,0.));
#2111 = ORIENTED_EDGE('',*,*,#2112,.F.);
#2112 = EDGE_CURVE('',#2113,#2105,#2115,.T.);
#2113 = VERTEX_POINT('',#2114);
#2114 = CARTESIAN_POINT('',(-0.6,-6.44,6.8));
#2115 = LINE('',#2116,#2117);
#2116 = CARTESIAN_POINT('',(-0.6,-6.44,3.4));
#2117 = VECTOR('',#2118,1.);
#2118 = DIRECTION('',(0.,0.,1.));
#2119 = ORIENTED_EDGE('',*,*,#2120,.T.);
#2120 = EDGE_CURVE('',#2113,#2121,#2123,.T.);
#2121 = VERTEX_POINT('',#2122);
#2122 = CARTESIAN_POINT('',(0.6,-6.44,6.8));
#2123 = LINE('',#2124,#2125);
#2124 = CARTESIAN_POINT('',(-3.22,-6.44,6.8));
#2125 = VECTOR('',#2126,1.);
#2126 = DIRECTION('',(1.,0.,0.));
#2127 = ORIENTED_EDGE('',*,*,#2128,.T.);
#2128 = EDGE_CURVE('',#2121,#2129,#2131,.T.);
#2129 = VERTEX_POINT('',#2130);
#2130 = CARTESIAN_POINT('',(0.6,-6.44,8.));
#2131 = LINE('',#2132,#2133);
#2132 = CARTESIAN_POINT('',(0.6,-6.44,3.4));
#2133 = VECTOR('',#2134,1.);
#2134 = DIRECTION('',(0.,0.,1.));
#2135 = ORIENTED_EDGE('',*,*,#2136,.T.);
#2136 = EDGE_CURVE('',#2129,#1970,#2137,.T.);
#2137 = LINE('',#2138,#2139);
#2138 = CARTESIAN_POINT('',(-6.44,-6.44,8.));
#2139 = VECTOR('',#2140,1.);
#2140 = DIRECTION('',(1.,0.,0.));
#2141 = ORIENTED_EDGE('',*,*,#1969,.F.);
#2142 = PLANE('',#2143);
#2143 = AXIS2_PLACEMENT_3D('',#2144,#2145,#2146);
#2144 = CARTESIAN_POINT('',(-6.44,-6.44,0.));
#2145 = DIRECTION('',(0.,1.,0.));
#2146 = DIRECTION('',(0.,0.,1.));
#2147 = ADVANCED_FACE('',(#2148),#2233,.F.);
#2148 = FACE_BOUND('',#2149,.F.);
#2149 = EDGE_LOOP('',(#2150,#2158,#2159,#2160,#2161,#2162,#2163,#2171,
    #2179,#2187,#2195,#2203,#2211,#2219,#2227));
#2150 = ORIENTED_EDGE('',*,*,#2151,.F.);
#2151 = EDGE_CURVE('',#1594,#2152,#2154,.T.);
#2152 = VERTEX_POINT('',#2153);
#2153 = CARTESIAN_POINT('',(-1.56,-22.44,8.));
#2154 = LINE('',#2155,#2156);
#2155 = CARTESIAN_POINT('',(-1.56,-22.44,0.));
#2156 = VECTOR('',#2157,1.);
#2157 = DIRECTION('',(0.,0.,1.));
#2158 = ORIENTED_EDGE('',*,*,#1593,.T.);
#2159 = ORIENTED_EDGE('',*,*,#1570,.T.);
#2160 = ORIENTED_EDGE('',*,*,#1547,.T.);
#2161 = ORIENTED_EDGE('',*,*,#1524,.T.);
#2162 = ORIENTED_EDGE('',*,*,#2096,.T.);
#2163 = ORIENTED_EDGE('',*,*,#2164,.F.);
#2164 = EDGE_CURVE('',#2165,#2097,#2167,.T.);
#2165 = VERTEX_POINT('',#2166);
#2166 = CARTESIAN_POINT('',(-1.56,-7.4,8.));
#2167 = LINE('',#2168,#2169);
#2168 = CARTESIAN_POINT('',(-1.56,-22.44,8.));
#2169 = VECTOR('',#2170,1.);
#2170 = DIRECTION('',(0.,1.,0.));
#2171 = ORIENTED_EDGE('',*,*,#2172,.T.);
#2172 = EDGE_CURVE('',#2165,#2173,#2175,.T.);
#2173 = VERTEX_POINT('',#2174);
#2174 = CARTESIAN_POINT('',(-1.56,-7.4,6.8));
#2175 = LINE('',#2176,#2177);
#2176 = CARTESIAN_POINT('',(-1.56,-7.4,5.4));
#2177 = VECTOR('',#2178,1.);
#2178 = DIRECTION('',(0.,0.,-1.));
#2179 = ORIENTED_EDGE('',*,*,#2180,.T.);
#2180 = EDGE_CURVE('',#2173,#2181,#2183,.T.);
#2181 = VERTEX_POINT('',#2182);
#2182 = CARTESIAN_POINT('',(-1.56,-8.6,6.8));
#2183 = LINE('',#2184,#2185);
#2184 = CARTESIAN_POINT('',(-1.56,-7.22,6.8));
#2185 = VECTOR('',#2186,1.);
#2186 = DIRECTION('',(0.,-1.,0.));
#2187 = ORIENTED_EDGE('',*,*,#2188,.F.);
#2188 = EDGE_CURVE('',#2189,#2181,#2191,.T.);
#2189 = VERTEX_POINT('',#2190);
#2190 = CARTESIAN_POINT('',(-1.56,-8.6,8.));
#2191 = LINE('',#2192,#2193);
#2192 = CARTESIAN_POINT('',(-1.56,-8.6,5.4));
#2193 = VECTOR('',#2194,1.);
#2194 = DIRECTION('',(0.,0.,-1.));
#2195 = ORIENTED_EDGE('',*,*,#2196,.F.);
#2196 = EDGE_CURVE('',#2197,#2189,#2199,.T.);
#2197 = VERTEX_POINT('',#2198);
#2198 = CARTESIAN_POINT('',(-1.56,-15.4,8.));
#2199 = LINE('',#2200,#2201);
#2200 = CARTESIAN_POINT('',(-1.56,-22.44,8.));
#2201 = VECTOR('',#2202,1.);
#2202 = DIRECTION('',(0.,1.,0.));
#2203 = ORIENTED_EDGE('',*,*,#2204,.T.);
#2204 = EDGE_CURVE('',#2197,#2205,#2207,.T.);
#2205 = VERTEX_POINT('',#2206);
#2206 = CARTESIAN_POINT('',(-1.56,-15.4,6.8));
#2207 = LINE('',#2208,#2209);
#2208 = CARTESIAN_POINT('',(-1.56,-15.4,5.4));
#2209 = VECTOR('',#2210,1.);
#2210 = DIRECTION('',(0.,0.,-1.));
#2211 = ORIENTED_EDGE('',*,*,#2212,.T.);
#2212 = EDGE_CURVE('',#2205,#2213,#2215,.T.);
#2213 = VERTEX_POINT('',#2214);
#2214 = CARTESIAN_POINT('',(-1.56,-16.6,6.8));
#2215 = LINE('',#2216,#2217);
#2216 = CARTESIAN_POINT('',(-1.56,-7.22,6.8));
#2217 = VECTOR('',#2218,1.);
#2218 = DIRECTION('',(0.,-1.,0.));
#2219 = ORIENTED_EDGE('',*,*,#2220,.F.);
#2220 = EDGE_CURVE('',#2221,#2213,#2223,.T.);
#2221 = VERTEX_POINT('',#2222);
#2222 = CARTESIAN_POINT('',(-1.56,-16.6,8.));
#2223 = LINE('',#2224,#2225);
#2224 = CARTESIAN_POINT('',(-1.56,-16.6,5.4));
#2225 = VECTOR('',#2226,1.);
#2226 = DIRECTION('',(0.,0.,-1.));
#2227 = ORIENTED_EDGE('',*,*,#2228,.F.);
#2228 = EDGE_CURVE('',#2152,#2221,#2229,.T.);
#2229 = LINE('',#2230,#2231);
#2230 = CARTESIAN_POINT('',(-1.56,-22.44,8.));
#2231 = VECTOR('',#2232,1.);
#2232 = DIRECTION('',(0.,1.,0.));
#2233 = PLANE('',#2234);
#2234 = AXIS2_PLACEMENT_3D('',#2235,#2236,#2237);
#2235 = CARTESIAN_POINT('',(-1.56,-14.44,4.));
#2236 = DIRECTION('',(1.,0.,0.));
#2237 = DIRECTION('',(0.,0.,1.));
#2238 = ADVANCED_FACE('',(#2239),#2250,.T.);
#2239 = FACE_BOUND('',#2240,.T.);
#2240 = EDGE_LOOP('',(#2241,#2242,#2243,#2249));
#2241 = ORIENTED_EDGE('',*,*,#1616,.F.);
#2242 = ORIENTED_EDGE('',*,*,#1713,.T.);
#2243 = ORIENTED_EDGE('',*,*,#2244,.T.);
#2244 = EDGE_CURVE('',#1714,#2152,#2245,.T.);
#2245 = LINE('',#2246,#2247);
#2246 = CARTESIAN_POINT('',(-6.44,-22.44,8.));
#2247 = VECTOR('',#2248,1.);
#2248 = DIRECTION('',(1.,0.,0.));
#2249 = ORIENTED_EDGE('',*,*,#2151,.F.);
#2250 = PLANE('',#2251);
#2251 = AXIS2_PLACEMENT_3D('',#2252,#2253,#2254);
#2252 = CARTESIAN_POINT('',(-6.44,-22.44,0.));
#2253 = DIRECTION('',(0.,1.,0.));
#2254 = DIRECTION('',(0.,0.,1.));
#2255 = ADVANCED_FACE('',(#2256),#2283,.F.);
#2256 = FACE_BOUND('',#2257,.F.);
#2257 = EDGE_LOOP('',(#2258,#2259,#2267,#2276,#2282));
#2258 = ORIENTED_EDGE('',*,*,#1881,.F.);
#2259 = ORIENTED_EDGE('',*,*,#2260,.T.);
#2260 = EDGE_CURVE('',#1874,#2261,#2263,.T.);
#2261 = VERTEX_POINT('',#2262);
#2262 = CARTESIAN_POINT('',(-3.16040365499,16.6,8.));
#2263 = LINE('',#2264,#2265);
#2264 = CARTESIAN_POINT('',(-7.9,16.6,8.));
#2265 = VECTOR('',#2266,1.);
#2266 = DIRECTION('',(1.,0.,0.));
#2267 = ORIENTED_EDGE('',*,*,#2268,.F.);
#2268 = EDGE_CURVE('',#2269,#2261,#2271,.T.);
#2269 = VERTEX_POINT('',#2270);
#2270 = CARTESIAN_POINT('',(-0.6,19.16040365499,8.));
#2271 = CIRCLE('',#2272,3.216854249492);
#2272 = AXIS2_PLACEMENT_3D('',#2273,#2274,#2275);
#2273 = CARTESIAN_POINT('',(0.,16.,8.));
#2274 = DIRECTION('',(0.,0.,1.));
#2275 = DIRECTION('',(1.,0.,0.));
#2276 = ORIENTED_EDGE('',*,*,#2277,.T.);
#2277 = EDGE_CURVE('',#2269,#1916,#2278,.T.);
#2278 = LINE('',#2279,#2280);
#2279 = CARTESIAN_POINT('',(-0.6,-23.9,8.));
#2280 = VECTOR('',#2281,1.);
#2281 = DIRECTION('',(0.,1.,0.));
#2282 = ORIENTED_EDGE('',*,*,#1915,.F.);
#2283 = PLANE('',#2284);
#2284 = AXIS2_PLACEMENT_3D('',#2285,#2286,#2287);
#2285 = CARTESIAN_POINT('',(-1.108033240997,1.108033240997,8.));
#2286 = DIRECTION('',(0.,0.,1.));
#2287 = DIRECTION('',(1.,0.,0.));
#2288 = ADVANCED_FACE('',(#2289),#2307,.T.);
#2289 = FACE_BOUND('',#2290,.T.);
#2290 = EDGE_LOOP('',(#2291,#2299,#2300,#2301));
#2291 = ORIENTED_EDGE('',*,*,#2292,.F.);
#2292 = EDGE_CURVE('',#1866,#2293,#2295,.T.);
#2293 = VERTEX_POINT('',#2294);
#2294 = CARTESIAN_POINT('',(-3.16040365499,16.6,6.8));
#2295 = LINE('',#2296,#2297);
#2296 = CARTESIAN_POINT('',(-7.9,16.6,6.8));
#2297 = VECTOR('',#2298,1.);
#2298 = DIRECTION('',(1.,0.,0.));
#2299 = ORIENTED_EDGE('',*,*,#1873,.T.);
#2300 = ORIENTED_EDGE('',*,*,#2260,.T.);
#2301 = ORIENTED_EDGE('',*,*,#2302,.T.);
#2302 = EDGE_CURVE('',#2261,#2293,#2303,.T.);
#2303 = LINE('',#2304,#2305);
#2304 = CARTESIAN_POINT('',(-3.16040365499,16.6,0.3));
#2305 = VECTOR('',#2306,1.);
#2306 = DIRECTION('',(-0.,-0.,-1.));
#2307 = PLANE('',#2308);
#2308 = AXIS2_PLACEMENT_3D('',#2309,#2310,#2311);
#2309 = CARTESIAN_POINT('',(-7.9,16.6,6.8));
#2310 = DIRECTION('',(0.,1.,0.));
#2311 = DIRECTION('',(0.,0.,1.));
#2312 = ADVANCED_FACE('',(#2313),#2332,.T.);
#2313 = FACE_BOUND('',#2314,.T.);
#2314 = EDGE_LOOP('',(#2315,#2324,#2330,#2331));
#2315 = ORIENTED_EDGE('',*,*,#2316,.F.);
#2316 = EDGE_CURVE('',#2317,#2293,#2319,.T.);
#2317 = VERTEX_POINT('',#2318);
#2318 = CARTESIAN_POINT('',(-3.16040365499,15.4,6.8));
#2319 = CIRCLE('',#2320,3.216854249492);
#2320 = AXIS2_PLACEMENT_3D('',#2321,#2322,#2323);
#2321 = CARTESIAN_POINT('',(0.,16.,6.8));
#2322 = DIRECTION('',(0.,0.,-1.));
#2323 = DIRECTION('',(1.,0.,0.));
#2324 = ORIENTED_EDGE('',*,*,#2325,.F.);
#2325 = EDGE_CURVE('',#1858,#2317,#2326,.T.);
#2326 = LINE('',#2327,#2328);
#2327 = CARTESIAN_POINT('',(-7.9,15.4,6.8));
#2328 = VECTOR('',#2329,1.);
#2329 = DIRECTION('',(1.,0.,0.));
#2330 = ORIENTED_EDGE('',*,*,#1865,.T.);
#2331 = ORIENTED_EDGE('',*,*,#2292,.T.);
#2332 = PLANE('',#2333);
#2333 = AXIS2_PLACEMENT_3D('',#2334,#2335,#2336);
#2334 = CARTESIAN_POINT('',(-3.640075490574E-18,-2.184045294345E-16,6.8)
  );
#2335 = DIRECTION('',(-0.,-0.,-1.));
#2336 = DIRECTION('',(-1.,0.,0.));
#2337 = ADVANCED_FACE('',(#2338),#2356,.F.);
#2338 = FACE_BOUND('',#2339,.F.);
#2339 = EDGE_LOOP('',(#2340,#2341,#2342,#2350));
#2340 = ORIENTED_EDGE('',*,*,#2325,.F.);
#2341 = ORIENTED_EDGE('',*,*,#1857,.T.);
#2342 = ORIENTED_EDGE('',*,*,#2343,.T.);
#2343 = EDGE_CURVE('',#1850,#2344,#2346,.T.);
#2344 = VERTEX_POINT('',#2345);
#2345 = CARTESIAN_POINT('',(-3.16040365499,15.4,8.));
#2346 = LINE('',#2347,#2348);
#2347 = CARTESIAN_POINT('',(-7.9,15.4,8.));
#2348 = VECTOR('',#2349,1.);
#2349 = DIRECTION('',(1.,0.,0.));
#2350 = ORIENTED_EDGE('',*,*,#2351,.T.);
#2351 = EDGE_CURVE('',#2344,#2317,#2352,.T.);
#2352 = LINE('',#2353,#2354);
#2353 = CARTESIAN_POINT('',(-3.16040365499,15.4,0.3));
#2354 = VECTOR('',#2355,1.);
#2355 = DIRECTION('',(-0.,-0.,-1.));
#2356 = PLANE('',#2357);
#2357 = AXIS2_PLACEMENT_3D('',#2358,#2359,#2360);
#2358 = CARTESIAN_POINT('',(-7.9,15.4,6.8));
#2359 = DIRECTION('',(0.,1.,0.));
#2360 = DIRECTION('',(0.,0.,1.));
#2361 = ADVANCED_FACE('',(#2362),#2398,.F.);
#2362 = FACE_BOUND('',#2363,.F.);
#2363 = EDGE_LOOP('',(#2364,#2365,#2373,#2382,#2390,#2397));
#2364 = ORIENTED_EDGE('',*,*,#1849,.F.);
#2365 = ORIENTED_EDGE('',*,*,#2366,.T.);
#2366 = EDGE_CURVE('',#1842,#2367,#2369,.T.);
#2367 = VERTEX_POINT('',#2368);
#2368 = CARTESIAN_POINT('',(-3.16040365499,8.6,8.));
#2369 = LINE('',#2370,#2371);
#2370 = CARTESIAN_POINT('',(-7.9,8.6,8.));
#2371 = VECTOR('',#2372,1.);
#2372 = DIRECTION('',(1.,0.,0.));
#2373 = ORIENTED_EDGE('',*,*,#2374,.F.);
#2374 = EDGE_CURVE('',#2375,#2367,#2377,.T.);
#2375 = VERTEX_POINT('',#2376);
#2376 = CARTESIAN_POINT('',(-0.6,11.16040365499,8.));
#2377 = CIRCLE('',#2378,3.216854249492);
#2378 = AXIS2_PLACEMENT_3D('',#2379,#2380,#2381);
#2379 = CARTESIAN_POINT('',(0.,8.,8.));
#2380 = DIRECTION('',(0.,0.,1.));
#2381 = DIRECTION('',(1.,0.,0.));
#2382 = ORIENTED_EDGE('',*,*,#2383,.T.);
#2383 = EDGE_CURVE('',#2375,#2384,#2386,.T.);
#2384 = VERTEX_POINT('',#2385);
#2385 = CARTESIAN_POINT('',(-0.6,12.83959634501,8.));
#2386 = LINE('',#2387,#2388);
#2387 = CARTESIAN_POINT('',(-0.6,-23.9,8.));
#2388 = VECTOR('',#2389,1.);
#2389 = DIRECTION('',(0.,1.,0.));
#2390 = ORIENTED_EDGE('',*,*,#2391,.F.);
#2391 = EDGE_CURVE('',#2344,#2384,#2392,.T.);
#2392 = CIRCLE('',#2393,3.216854249492);
#2393 = AXIS2_PLACEMENT_3D('',#2394,#2395,#2396);
#2394 = CARTESIAN_POINT('',(0.,16.,8.));
#2395 = DIRECTION('',(0.,0.,1.));
#2396 = DIRECTION('',(1.,0.,0.));
#2397 = ORIENTED_EDGE('',*,*,#2343,.F.);
#2398 = PLANE('',#2399);
#2399 = AXIS2_PLACEMENT_3D('',#2400,#2401,#2402);
#2400 = CARTESIAN_POINT('',(-1.108033240997,1.108033240997,8.));
#2401 = DIRECTION('',(0.,0.,1.));
#2402 = DIRECTION('',(1.,0.,0.));
#2403 = ADVANCED_FACE('',(#2404),#2422,.T.);
#2404 = FACE_BOUND('',#2405,.T.);
#2405 = EDGE_LOOP('',(#2406,#2414,#2415,#2416));
#2406 = ORIENTED_EDGE('',*,*,#2407,.F.);
#2407 = EDGE_CURVE('',#1834,#2408,#2410,.T.);
#2408 = VERTEX_POINT('',#2409);
#2409 = CARTESIAN_POINT('',(-3.16040365499,8.6,6.8));
#2410 = LINE('',#2411,#2412);
#2411 = CARTESIAN_POINT('',(-7.9,8.6,6.8));
#2412 = VECTOR('',#2413,1.);
#2413 = DIRECTION('',(1.,0.,0.));
#2414 = ORIENTED_EDGE('',*,*,#1841,.T.);
#2415 = ORIENTED_EDGE('',*,*,#2366,.T.);
#2416 = ORIENTED_EDGE('',*,*,#2417,.T.);
#2417 = EDGE_CURVE('',#2367,#2408,#2418,.T.);
#2418 = LINE('',#2419,#2420);
#2419 = CARTESIAN_POINT('',(-3.16040365499,8.6,0.3));
#2420 = VECTOR('',#2421,1.);
#2421 = DIRECTION('',(-0.,-0.,-1.));
#2422 = PLANE('',#2423);
#2423 = AXIS2_PLACEMENT_3D('',#2424,#2425,#2426);
#2424 = CARTESIAN_POINT('',(-7.9,8.6,6.8));
#2425 = DIRECTION('',(0.,1.,0.));
#2426 = DIRECTION('',(0.,0.,1.));
#2427 = ADVANCED_FACE('',(#2428),#2447,.T.);
#2428 = FACE_BOUND('',#2429,.T.);
#2429 = EDGE_LOOP('',(#2430,#2439,#2445,#2446));
#2430 = ORIENTED_EDGE('',*,*,#2431,.F.);
#2431 = EDGE_CURVE('',#2432,#2408,#2434,.T.);
#2432 = VERTEX_POINT('',#2433);
#2433 = CARTESIAN_POINT('',(-3.16040365499,7.4,6.8));
#2434 = CIRCLE('',#2435,3.216854249492);
#2435 = AXIS2_PLACEMENT_3D('',#2436,#2437,#2438);
#2436 = CARTESIAN_POINT('',(0.,8.,6.8));
#2437 = DIRECTION('',(0.,0.,-1.));
#2438 = DIRECTION('',(1.,0.,0.));
#2439 = ORIENTED_EDGE('',*,*,#2440,.F.);
#2440 = EDGE_CURVE('',#1826,#2432,#2441,.T.);
#2441 = LINE('',#2442,#2443);
#2442 = CARTESIAN_POINT('',(-7.9,7.4,6.8));
#2443 = VECTOR('',#2444,1.);
#2444 = DIRECTION('',(1.,0.,0.));
#2445 = ORIENTED_EDGE('',*,*,#1833,.T.);
#2446 = ORIENTED_EDGE('',*,*,#2407,.T.);
#2447 = PLANE('',#2448);
#2448 = AXIS2_PLACEMENT_3D('',#2449,#2450,#2451);
#2449 = CARTESIAN_POINT('',(-3.640075490574E-18,-2.184045294345E-16,6.8)
  );
#2450 = DIRECTION('',(-0.,-0.,-1.));
#2451 = DIRECTION('',(-1.,0.,0.));
#2452 = ADVANCED_FACE('',(#2453),#2471,.F.);
#2453 = FACE_BOUND('',#2454,.F.);
#2454 = EDGE_LOOP('',(#2455,#2456,#2457,#2465));
#2455 = ORIENTED_EDGE('',*,*,#2440,.F.);
#2456 = ORIENTED_EDGE('',*,*,#1825,.T.);
#2457 = ORIENTED_EDGE('',*,*,#2458,.T.);
#2458 = EDGE_CURVE('',#1818,#2459,#2461,.T.);
#2459 = VERTEX_POINT('',#2460);
#2460 = CARTESIAN_POINT('',(-3.16040365499,7.4,8.));
#2461 = LINE('',#2462,#2463);
#2462 = CARTESIAN_POINT('',(-7.9,7.4,8.));
#2463 = VECTOR('',#2464,1.);
#2464 = DIRECTION('',(1.,0.,0.));
#2465 = ORIENTED_EDGE('',*,*,#2466,.T.);
#2466 = EDGE_CURVE('',#2459,#2432,#2467,.T.);
#2467 = LINE('',#2468,#2469);
#2468 = CARTESIAN_POINT('',(-3.16040365499,7.4,0.3));
#2469 = VECTOR('',#2470,1.);
#2470 = DIRECTION('',(-0.,-0.,-1.));
#2471 = PLANE('',#2472);
#2472 = AXIS2_PLACEMENT_3D('',#2473,#2474,#2475);
#2473 = CARTESIAN_POINT('',(-7.9,7.4,6.8));
#2474 = DIRECTION('',(0.,1.,0.));
#2475 = DIRECTION('',(0.,0.,1.));
#2476 = ADVANCED_FACE('',(#2477),#2513,.F.);
#2477 = FACE_BOUND('',#2478,.F.);
#2478 = EDGE_LOOP('',(#2479,#2480,#2488,#2497,#2505,#2512));
#2479 = ORIENTED_EDGE('',*,*,#1817,.F.);
#2480 = ORIENTED_EDGE('',*,*,#2481,.T.);
#2481 = EDGE_CURVE('',#1810,#2482,#2484,.T.);
#2482 = VERTEX_POINT('',#2483);
#2483 = CARTESIAN_POINT('',(-3.16040365499,0.6,8.));
#2484 = LINE('',#2485,#2486);
#2485 = CARTESIAN_POINT('',(-7.9,0.6,8.));
#2486 = VECTOR('',#2487,1.);
#2487 = DIRECTION('',(1.,0.,0.));
#2488 = ORIENTED_EDGE('',*,*,#2489,.F.);
#2489 = EDGE_CURVE('',#2490,#2482,#2492,.T.);
#2490 = VERTEX_POINT('',#2491);
#2491 = CARTESIAN_POINT('',(-0.6,3.16040365499,8.));
#2492 = CIRCLE('',#2493,3.216854249492);
#2493 = AXIS2_PLACEMENT_3D('',#2494,#2495,#2496);
#2494 = CARTESIAN_POINT('',(0.,0.,8.));
#2495 = DIRECTION('',(0.,0.,1.));
#2496 = DIRECTION('',(1.,0.,0.));
#2497 = ORIENTED_EDGE('',*,*,#2498,.T.);
#2498 = EDGE_CURVE('',#2490,#2499,#2501,.T.);
#2499 = VERTEX_POINT('',#2500);
#2500 = CARTESIAN_POINT('',(-0.6,4.83959634501,8.));
#2501 = LINE('',#2502,#2503);
#2502 = CARTESIAN_POINT('',(-0.6,-23.9,8.));
#2503 = VECTOR('',#2504,1.);
#2504 = DIRECTION('',(0.,1.,0.));
#2505 = ORIENTED_EDGE('',*,*,#2506,.F.);
#2506 = EDGE_CURVE('',#2459,#2499,#2507,.T.);
#2507 = CIRCLE('',#2508,3.216854249492);
#2508 = AXIS2_PLACEMENT_3D('',#2509,#2510,#2511);
#2509 = CARTESIAN_POINT('',(0.,8.,8.));
#2510 = DIRECTION('',(0.,0.,1.));
#2511 = DIRECTION('',(1.,0.,0.));
#2512 = ORIENTED_EDGE('',*,*,#2458,.F.);
#2513 = PLANE('',#2514);
#2514 = AXIS2_PLACEMENT_3D('',#2515,#2516,#2517);
#2515 = CARTESIAN_POINT('',(-1.108033240997,1.108033240997,8.));
#2516 = DIRECTION('',(0.,0.,1.));
#2517 = DIRECTION('',(1.,0.,0.));
#2518 = ADVANCED_FACE('',(#2519),#2537,.T.);
#2519 = FACE_BOUND('',#2520,.T.);
#2520 = EDGE_LOOP('',(#2521,#2529,#2530,#2531));
#2521 = ORIENTED_EDGE('',*,*,#2522,.F.);
#2522 = EDGE_CURVE('',#1802,#2523,#2525,.T.);
#2523 = VERTEX_POINT('',#2524);
#2524 = CARTESIAN_POINT('',(-3.16040365499,0.6,6.8));
#2525 = LINE('',#2526,#2527);
#2526 = CARTESIAN_POINT('',(-7.9,0.6,6.8));
#2527 = VECTOR('',#2528,1.);
#2528 = DIRECTION('',(1.,0.,0.));
#2529 = ORIENTED_EDGE('',*,*,#1809,.T.);
#2530 = ORIENTED_EDGE('',*,*,#2481,.T.);
#2531 = ORIENTED_EDGE('',*,*,#2532,.T.);
#2532 = EDGE_CURVE('',#2482,#2523,#2533,.T.);
#2533 = LINE('',#2534,#2535);
#2534 = CARTESIAN_POINT('',(-3.16040365499,0.6,0.3));
#2535 = VECTOR('',#2536,1.);
#2536 = DIRECTION('',(-0.,-0.,-1.));
#2537 = PLANE('',#2538);
#2538 = AXIS2_PLACEMENT_3D('',#2539,#2540,#2541);
#2539 = CARTESIAN_POINT('',(-7.9,0.6,6.8));
#2540 = DIRECTION('',(0.,1.,0.));
#2541 = DIRECTION('',(0.,0.,1.));
#2542 = ADVANCED_FACE('',(#2543),#2562,.T.);
#2543 = FACE_BOUND('',#2544,.T.);
#2544 = EDGE_LOOP('',(#2545,#2554,#2560,#2561));
#2545 = ORIENTED_EDGE('',*,*,#2546,.F.);
#2546 = EDGE_CURVE('',#2547,#2523,#2549,.T.);
#2547 = VERTEX_POINT('',#2548);
#2548 = CARTESIAN_POINT('',(-3.16040365499,-0.6,6.8));
#2549 = CIRCLE('',#2550,3.216854249492);
#2550 = AXIS2_PLACEMENT_3D('',#2551,#2552,#2553);
#2551 = CARTESIAN_POINT('',(0.,0.,6.8));
#2552 = DIRECTION('',(0.,0.,-1.));
#2553 = DIRECTION('',(1.,0.,0.));
#2554 = ORIENTED_EDGE('',*,*,#2555,.F.);
#2555 = EDGE_CURVE('',#1794,#2547,#2556,.T.);
#2556 = LINE('',#2557,#2558);
#2557 = CARTESIAN_POINT('',(-7.9,-0.6,6.8));
#2558 = VECTOR('',#2559,1.);
#2559 = DIRECTION('',(1.,0.,0.));
#2560 = ORIENTED_EDGE('',*,*,#1801,.T.);
#2561 = ORIENTED_EDGE('',*,*,#2522,.T.);
#2562 = PLANE('',#2563);
#2563 = AXIS2_PLACEMENT_3D('',#2564,#2565,#2566);
#2564 = CARTESIAN_POINT('',(-3.640075490574E-18,-2.184045294345E-16,6.8)
  );
#2565 = DIRECTION('',(-0.,-0.,-1.));
#2566 = DIRECTION('',(-1.,0.,0.));
#2567 = ADVANCED_FACE('',(#2568),#2586,.F.);
#2568 = FACE_BOUND('',#2569,.F.);
#2569 = EDGE_LOOP('',(#2570,#2571,#2572,#2580));
#2570 = ORIENTED_EDGE('',*,*,#2555,.F.);
#2571 = ORIENTED_EDGE('',*,*,#1793,.T.);
#2572 = ORIENTED_EDGE('',*,*,#2573,.T.);
#2573 = EDGE_CURVE('',#1786,#2574,#2576,.T.);
#2574 = VERTEX_POINT('',#2575);
#2575 = CARTESIAN_POINT('',(-3.16040365499,-0.6,8.));
#2576 = LINE('',#2577,#2578);
#2577 = CARTESIAN_POINT('',(-7.9,-0.6,8.));
#2578 = VECTOR('',#2579,1.);
#2579 = DIRECTION('',(1.,0.,0.));
#2580 = ORIENTED_EDGE('',*,*,#2581,.T.);
#2581 = EDGE_CURVE('',#2574,#2547,#2582,.T.);
#2582 = LINE('',#2583,#2584);
#2583 = CARTESIAN_POINT('',(-3.16040365499,-0.6,0.3));
#2584 = VECTOR('',#2585,1.);
#2585 = DIRECTION('',(-0.,-0.,-1.));
#2586 = PLANE('',#2587);
#2587 = AXIS2_PLACEMENT_3D('',#2588,#2589,#2590);
#2588 = CARTESIAN_POINT('',(-7.9,-0.6,6.8));
#2589 = DIRECTION('',(0.,1.,0.));
#2590 = DIRECTION('',(0.,0.,1.));
#2591 = ADVANCED_FACE('',(#2592),#2619,.F.);
#2592 = FACE_BOUND('',#2593,.F.);
#2593 = EDGE_LOOP('',(#2594,#2595,#2601,#2602,#2603,#2611,#2618));
#2594 = ORIENTED_EDGE('',*,*,#1785,.F.);
#2595 = ORIENTED_EDGE('',*,*,#2596,.T.);
#2596 = EDGE_CURVE('',#1778,#2165,#2597,.T.);
#2597 = LINE('',#2598,#2599);
#2598 = CARTESIAN_POINT('',(-7.9,-7.4,8.));
#2599 = VECTOR('',#2600,1.);
#2600 = DIRECTION('',(1.,0.,0.));
#2601 = ORIENTED_EDGE('',*,*,#2164,.T.);
#2602 = ORIENTED_EDGE('',*,*,#2104,.T.);
#2603 = ORIENTED_EDGE('',*,*,#2604,.T.);
#2604 = EDGE_CURVE('',#2105,#2605,#2607,.T.);
#2605 = VERTEX_POINT('',#2606);
#2606 = CARTESIAN_POINT('',(-0.6,-3.16040365499,8.));
#2607 = LINE('',#2608,#2609);
#2608 = CARTESIAN_POINT('',(-0.6,-23.9,8.));
#2609 = VECTOR('',#2610,1.);
#2610 = DIRECTION('',(0.,1.,0.));
#2611 = ORIENTED_EDGE('',*,*,#2612,.F.);
#2612 = EDGE_CURVE('',#2574,#2605,#2613,.T.);
#2613 = CIRCLE('',#2614,3.216854249492);
#2614 = AXIS2_PLACEMENT_3D('',#2615,#2616,#2617);
#2615 = CARTESIAN_POINT('',(0.,0.,8.));
#2616 = DIRECTION('',(0.,0.,1.));
#2617 = DIRECTION('',(1.,0.,0.));
#2618 = ORIENTED_EDGE('',*,*,#2573,.F.);
#2619 = PLANE('',#2620);
#2620 = AXIS2_PLACEMENT_3D('',#2621,#2622,#2623);
#2621 = CARTESIAN_POINT('',(-1.108033240997,1.108033240997,8.));
#2622 = DIRECTION('',(0.,0.,1.));
#2623 = DIRECTION('',(1.,0.,0.));
#2624 = ADVANCED_FACE('',(#2625),#2636,.T.);
#2625 = FACE_BOUND('',#2626,.T.);
#2626 = EDGE_LOOP('',(#2627,#2633,#2634,#2635));
#2627 = ORIENTED_EDGE('',*,*,#2628,.F.);
#2628 = EDGE_CURVE('',#1770,#2173,#2629,.T.);
#2629 = LINE('',#2630,#2631);
#2630 = CARTESIAN_POINT('',(-7.9,-7.4,6.8));
#2631 = VECTOR('',#2632,1.);
#2632 = DIRECTION('',(1.,0.,0.));
#2633 = ORIENTED_EDGE('',*,*,#1777,.T.);
#2634 = ORIENTED_EDGE('',*,*,#2596,.T.);
#2635 = ORIENTED_EDGE('',*,*,#2172,.T.);
#2636 = PLANE('',#2637);
#2637 = AXIS2_PLACEMENT_3D('',#2638,#2639,#2640);
#2638 = CARTESIAN_POINT('',(-7.9,-7.4,6.8));
#2639 = DIRECTION('',(0.,1.,0.));
#2640 = DIRECTION('',(0.,0.,1.));
#2641 = ADVANCED_FACE('',(#2642),#2653,.T.);
#2642 = FACE_BOUND('',#2643,.T.);
#2643 = EDGE_LOOP('',(#2644,#2645,#2651,#2652));
#2644 = ORIENTED_EDGE('',*,*,#2180,.T.);
#2645 = ORIENTED_EDGE('',*,*,#2646,.F.);
#2646 = EDGE_CURVE('',#1762,#2181,#2647,.T.);
#2647 = LINE('',#2648,#2649);
#2648 = CARTESIAN_POINT('',(-7.9,-8.6,6.8));
#2649 = VECTOR('',#2650,1.);
#2650 = DIRECTION('',(1.,0.,0.));
#2651 = ORIENTED_EDGE('',*,*,#1769,.T.);
#2652 = ORIENTED_EDGE('',*,*,#2628,.T.);
#2653 = PLANE('',#2654);
#2654 = AXIS2_PLACEMENT_3D('',#2655,#2656,#2657);
#2655 = CARTESIAN_POINT('',(-3.640075490574E-18,-2.184045294345E-16,6.8)
  );
#2656 = DIRECTION('',(-0.,-0.,-1.));
#2657 = DIRECTION('',(-1.,0.,0.));
#2658 = ADVANCED_FACE('',(#2659),#2670,.F.);
#2659 = FACE_BOUND('',#2660,.F.);
#2660 = EDGE_LOOP('',(#2661,#2662,#2663,#2669));
#2661 = ORIENTED_EDGE('',*,*,#2646,.F.);
#2662 = ORIENTED_EDGE('',*,*,#1761,.T.);
#2663 = ORIENTED_EDGE('',*,*,#2664,.T.);
#2664 = EDGE_CURVE('',#1754,#2189,#2665,.T.);
#2665 = LINE('',#2666,#2667);
#2666 = CARTESIAN_POINT('',(-7.9,-8.6,8.));
#2667 = VECTOR('',#2668,1.);
#2668 = DIRECTION('',(1.,0.,0.));
#2669 = ORIENTED_EDGE('',*,*,#2188,.T.);
#2670 = PLANE('',#2671);
#2671 = AXIS2_PLACEMENT_3D('',#2672,#2673,#2674);
#2672 = CARTESIAN_POINT('',(-7.9,-8.6,6.8));
#2673 = DIRECTION('',(0.,1.,0.));
#2674 = DIRECTION('',(0.,0.,1.));
#2675 = ADVANCED_FACE('',(#2676),#2687,.F.);
#2676 = FACE_BOUND('',#2677,.F.);
#2677 = EDGE_LOOP('',(#2678,#2679,#2685,#2686));
#2678 = ORIENTED_EDGE('',*,*,#1753,.F.);
#2679 = ORIENTED_EDGE('',*,*,#2680,.T.);
#2680 = EDGE_CURVE('',#1746,#2197,#2681,.T.);
#2681 = LINE('',#2682,#2683);
#2682 = CARTESIAN_POINT('',(-7.9,-15.4,8.));
#2683 = VECTOR('',#2684,1.);
#2684 = DIRECTION('',(1.,0.,0.));
#2685 = ORIENTED_EDGE('',*,*,#2196,.T.);
#2686 = ORIENTED_EDGE('',*,*,#2664,.F.);
#2687 = PLANE('',#2688);
#2688 = AXIS2_PLACEMENT_3D('',#2689,#2690,#2691);
#2689 = CARTESIAN_POINT('',(-1.108033240997,1.108033240997,8.));
#2690 = DIRECTION('',(0.,0.,1.));
#2691 = DIRECTION('',(1.,0.,0.));
#2692 = ADVANCED_FACE('',(#2693),#2704,.T.);
#2693 = FACE_BOUND('',#2694,.T.);
#2694 = EDGE_LOOP('',(#2695,#2701,#2702,#2703));
#2695 = ORIENTED_EDGE('',*,*,#2696,.F.);
#2696 = EDGE_CURVE('',#1738,#2205,#2697,.T.);
#2697 = LINE('',#2698,#2699);
#2698 = CARTESIAN_POINT('',(-7.9,-15.4,6.8));
#2699 = VECTOR('',#2700,1.);
#2700 = DIRECTION('',(1.,0.,0.));
#2701 = ORIENTED_EDGE('',*,*,#1745,.T.);
#2702 = ORIENTED_EDGE('',*,*,#2680,.T.);
#2703 = ORIENTED_EDGE('',*,*,#2204,.T.);
#2704 = PLANE('',#2705);
#2705 = AXIS2_PLACEMENT_3D('',#2706,#2707,#2708);
#2706 = CARTESIAN_POINT('',(-7.9,-15.4,6.8));
#2707 = DIRECTION('',(0.,1.,0.));
#2708 = DIRECTION('',(0.,0.,1.));
#2709 = ADVANCED_FACE('',(#2710),#2721,.T.);
#2710 = FACE_BOUND('',#2711,.T.);
#2711 = EDGE_LOOP('',(#2712,#2713,#2719,#2720));
#2712 = ORIENTED_EDGE('',*,*,#2212,.T.);
#2713 = ORIENTED_EDGE('',*,*,#2714,.F.);
#2714 = EDGE_CURVE('',#1730,#2213,#2715,.T.);
#2715 = LINE('',#2716,#2717);
#2716 = CARTESIAN_POINT('',(-7.9,-16.6,6.8));
#2717 = VECTOR('',#2718,1.);
#2718 = DIRECTION('',(1.,0.,0.));
#2719 = ORIENTED_EDGE('',*,*,#1737,.T.);
#2720 = ORIENTED_EDGE('',*,*,#2696,.T.);
#2721 = PLANE('',#2722);
#2722 = AXIS2_PLACEMENT_3D('',#2723,#2724,#2725);
#2723 = CARTESIAN_POINT('',(-3.640075490574E-18,-2.184045294345E-16,6.8)
  );
#2724 = DIRECTION('',(-0.,-0.,-1.));
#2725 = DIRECTION('',(-1.,0.,0.));
#2726 = ADVANCED_FACE('',(#2727),#2738,.F.);
#2727 = FACE_BOUND('',#2728,.F.);
#2728 = EDGE_LOOP('',(#2729,#2730,#2731,#2737));
#2729 = ORIENTED_EDGE('',*,*,#2714,.F.);
#2730 = ORIENTED_EDGE('',*,*,#1729,.T.);
#2731 = ORIENTED_EDGE('',*,*,#2732,.T.);
#2732 = EDGE_CURVE('',#1722,#2221,#2733,.T.);
#2733 = LINE('',#2734,#2735);
#2734 = CARTESIAN_POINT('',(-7.9,-16.6,8.));
#2735 = VECTOR('',#2736,1.);
#2736 = DIRECTION('',(1.,0.,0.));
#2737 = ORIENTED_EDGE('',*,*,#2220,.T.);
#2738 = PLANE('',#2739);
#2739 = AXIS2_PLACEMENT_3D('',#2740,#2741,#2742);
#2740 = CARTESIAN_POINT('',(-7.9,-16.6,6.8));
#2741 = DIRECTION('',(0.,1.,0.));
#2742 = DIRECTION('',(0.,0.,1.));
#2743 = ADVANCED_FACE('',(#2744),#2750,.F.);
#2744 = FACE_BOUND('',#2745,.F.);
#2745 = EDGE_LOOP('',(#2746,#2747,#2748,#2749));
#2746 = ORIENTED_EDGE('',*,*,#1721,.F.);
#2747 = ORIENTED_EDGE('',*,*,#2244,.T.);
#2748 = ORIENTED_EDGE('',*,*,#2228,.T.);
#2749 = ORIENTED_EDGE('',*,*,#2732,.F.);
#2750 = PLANE('',#2751);
#2751 = AXIS2_PLACEMENT_3D('',#2752,#2753,#2754);
#2752 = CARTESIAN_POINT('',(-1.108033240997,1.108033240997,8.));
#2753 = DIRECTION('',(0.,0.,1.));
#2754 = DIRECTION('',(1.,0.,0.));
#2755 = ADVANCED_FACE('',(#2756),#2783,.F.);
#2756 = FACE_BOUND('',#2757,.F.);
#2757 = EDGE_LOOP('',(#2758,#2759,#2767,#2776,#2782));
#2758 = ORIENTED_EDGE('',*,*,#1947,.F.);
#2759 = ORIENTED_EDGE('',*,*,#2760,.F.);
#2760 = EDGE_CURVE('',#2761,#1940,#2763,.T.);
#2761 = VERTEX_POINT('',#2762);
#2762 = CARTESIAN_POINT('',(0.6,19.16040365499,8.));
#2763 = LINE('',#2764,#2765);
#2764 = CARTESIAN_POINT('',(0.6,-23.9,8.));
#2765 = VECTOR('',#2766,1.);
#2766 = DIRECTION('',(0.,1.,0.));
#2767 = ORIENTED_EDGE('',*,*,#2768,.F.);
#2768 = EDGE_CURVE('',#2769,#2761,#2771,.T.);
#2769 = VERTEX_POINT('',#2770);
#2770 = CARTESIAN_POINT('',(3.16040365499,16.6,8.));
#2771 = CIRCLE('',#2772,3.216854249492);
#2772 = AXIS2_PLACEMENT_3D('',#2773,#2774,#2775);
#2773 = CARTESIAN_POINT('',(0.,16.,8.));
#2774 = DIRECTION('',(0.,0.,1.));
#2775 = DIRECTION('',(1.,0.,0.));
#2776 = ORIENTED_EDGE('',*,*,#2777,.T.);
#2777 = EDGE_CURVE('',#2769,#1986,#2778,.T.);
#2778 = LINE('',#2779,#2780);
#2779 = CARTESIAN_POINT('',(-7.9,16.6,8.));
#2780 = VECTOR('',#2781,1.);
#2781 = DIRECTION('',(1.,0.,0.));
#2782 = ORIENTED_EDGE('',*,*,#1985,.T.);
#2783 = PLANE('',#2784);
#2784 = AXIS2_PLACEMENT_3D('',#2785,#2786,#2787);
#2785 = CARTESIAN_POINT('',(-1.108033240997,1.108033240997,8.));
#2786 = DIRECTION('',(0.,0.,1.));
#2787 = DIRECTION('',(1.,0.,0.));
#2788 = ADVANCED_FACE('',(#2789),#2807,.T.);
#2789 = FACE_BOUND('',#2790,.T.);
#2790 = EDGE_LOOP('',(#2791,#2792,#2800,#2806));
#2791 = ORIENTED_EDGE('',*,*,#2760,.F.);
#2792 = ORIENTED_EDGE('',*,*,#2793,.T.);
#2793 = EDGE_CURVE('',#2761,#2794,#2796,.T.);
#2794 = VERTEX_POINT('',#2795);
#2795 = CARTESIAN_POINT('',(0.6,19.16040365499,6.8));
#2796 = LINE('',#2797,#2798);
#2797 = CARTESIAN_POINT('',(0.6,19.16040365499,0.3));
#2798 = VECTOR('',#2799,1.);
#2799 = DIRECTION('',(-0.,-0.,-1.));
#2800 = ORIENTED_EDGE('',*,*,#2801,.T.);
#2801 = EDGE_CURVE('',#2794,#1932,#2802,.T.);
#2802 = LINE('',#2803,#2804);
#2803 = CARTESIAN_POINT('',(0.6,-23.9,6.8));
#2804 = VECTOR('',#2805,1.);
#2805 = DIRECTION('',(0.,1.,0.));
#2806 = ORIENTED_EDGE('',*,*,#1939,.T.);
#2807 = PLANE('',#2808);
#2808 = AXIS2_PLACEMENT_3D('',#2809,#2810,#2811);
#2809 = CARTESIAN_POINT('',(0.6,-23.9,6.8));
#2810 = DIRECTION('',(1.,0.,0.));
#2811 = DIRECTION('',(0.,0.,1.));
#2812 = ADVANCED_FACE('',(#2813),#2832,.T.);
#2813 = FACE_BOUND('',#2814,.T.);
#2814 = EDGE_LOOP('',(#2815,#2824,#2830,#2831));
#2815 = ORIENTED_EDGE('',*,*,#2816,.F.);
#2816 = EDGE_CURVE('',#2817,#2794,#2819,.T.);
#2817 = VERTEX_POINT('',#2818);
#2818 = CARTESIAN_POINT('',(-0.6,19.16040365499,6.8));
#2819 = CIRCLE('',#2820,3.216854249492);
#2820 = AXIS2_PLACEMENT_3D('',#2821,#2822,#2823);
#2821 = CARTESIAN_POINT('',(0.,16.,6.8));
#2822 = DIRECTION('',(0.,0.,-1.));
#2823 = DIRECTION('',(1.,0.,0.));
#2824 = ORIENTED_EDGE('',*,*,#2825,.T.);
#2825 = EDGE_CURVE('',#2817,#1924,#2826,.T.);
#2826 = LINE('',#2827,#2828);
#2827 = CARTESIAN_POINT('',(-0.6,-23.9,6.8));
#2828 = VECTOR('',#2829,1.);
#2829 = DIRECTION('',(0.,1.,0.));
#2830 = ORIENTED_EDGE('',*,*,#1931,.T.);
#2831 = ORIENTED_EDGE('',*,*,#2801,.F.);
#2832 = PLANE('',#2833);
#2833 = AXIS2_PLACEMENT_3D('',#2834,#2835,#2836);
#2834 = CARTESIAN_POINT('',(-3.640075490574E-18,-2.184045294345E-16,6.8)
  );
#2835 = DIRECTION('',(-0.,-0.,-1.));
#2836 = DIRECTION('',(-1.,0.,0.));
#2837 = ADVANCED_FACE('',(#2838),#2849,.F.);
#2838 = FACE_BOUND('',#2839,.F.);
#2839 = EDGE_LOOP('',(#2840,#2841,#2847,#2848));
#2840 = ORIENTED_EDGE('',*,*,#2277,.F.);
#2841 = ORIENTED_EDGE('',*,*,#2842,.T.);
#2842 = EDGE_CURVE('',#2269,#2817,#2843,.T.);
#2843 = LINE('',#2844,#2845);
#2844 = CARTESIAN_POINT('',(-0.6,19.16040365499,0.3));
#2845 = VECTOR('',#2846,1.);
#2846 = DIRECTION('',(-0.,-0.,-1.));
#2847 = ORIENTED_EDGE('',*,*,#2825,.T.);
#2848 = ORIENTED_EDGE('',*,*,#1923,.T.);
#2849 = PLANE('',#2850);
#2850 = AXIS2_PLACEMENT_3D('',#2851,#2852,#2853);
#2851 = CARTESIAN_POINT('',(-0.6,-23.9,6.8));
#2852 = DIRECTION('',(1.,0.,0.));
#2853 = DIRECTION('',(0.,0.,1.));
#2854 = ADVANCED_FACE('',(#2855),#2882,.F.);
#2855 = FACE_BOUND('',#2856,.F.);
#2856 = EDGE_LOOP('',(#2857,#2868,#2874,#2875,#2876));
#2857 = ORIENTED_EDGE('',*,*,#2858,.F.);
#2858 = EDGE_CURVE('',#2859,#2861,#2863,.T.);
#2859 = VERTEX_POINT('',#2860);
#2860 = CARTESIAN_POINT('',(0.6,-3.16040365499,8.));
#2861 = VERTEX_POINT('',#2862);
#2862 = CARTESIAN_POINT('',(3.16040365499,-0.6,8.));
#2863 = CIRCLE('',#2864,3.216854249492);
#2864 = AXIS2_PLACEMENT_3D('',#2865,#2866,#2867);
#2865 = CARTESIAN_POINT('',(0.,0.,8.));
#2866 = DIRECTION('',(0.,0.,1.));
#2867 = DIRECTION('',(1.,0.,0.));
#2868 = ORIENTED_EDGE('',*,*,#2869,.F.);
#2869 = EDGE_CURVE('',#2129,#2859,#2870,.T.);
#2870 = LINE('',#2871,#2872);
#2871 = CARTESIAN_POINT('',(0.6,-23.9,8.));
#2872 = VECTOR('',#2873,1.);
#2873 = DIRECTION('',(0.,1.,0.));
#2874 = ORIENTED_EDGE('',*,*,#2136,.T.);
#2875 = ORIENTED_EDGE('',*,*,#2081,.T.);
#2876 = ORIENTED_EDGE('',*,*,#2877,.F.);
#2877 = EDGE_CURVE('',#2861,#2074,#2878,.T.);
#2878 = LINE('',#2879,#2880);
#2879 = CARTESIAN_POINT('',(-7.9,-0.6,8.));
#2880 = VECTOR('',#2881,1.);
#2881 = DIRECTION('',(1.,0.,0.));
#2882 = PLANE('',#2883);
#2883 = AXIS2_PLACEMENT_3D('',#2884,#2885,#2886);
#2884 = CARTESIAN_POINT('',(-1.108033240997,1.108033240997,8.));
#2885 = DIRECTION('',(0.,0.,1.));
#2886 = DIRECTION('',(1.,0.,0.));
#2887 = ADVANCED_FACE('',(#2888),#2906,.F.);
#2888 = FACE_BOUND('',#2889,.F.);
#2889 = EDGE_LOOP('',(#2890,#2898,#2904,#2905));
#2890 = ORIENTED_EDGE('',*,*,#2891,.F.);
#2891 = EDGE_CURVE('',#2892,#2066,#2894,.T.);
#2892 = VERTEX_POINT('',#2893);
#2893 = CARTESIAN_POINT('',(3.16040365499,-0.6,6.8));
#2894 = LINE('',#2895,#2896);
#2895 = CARTESIAN_POINT('',(-7.9,-0.6,6.8));
#2896 = VECTOR('',#2897,1.);
#2897 = DIRECTION('',(1.,0.,0.));
#2898 = ORIENTED_EDGE('',*,*,#2899,.F.);
#2899 = EDGE_CURVE('',#2861,#2892,#2900,.T.);
#2900 = LINE('',#2901,#2902);
#2901 = CARTESIAN_POINT('',(3.16040365499,-0.6,0.3));
#2902 = VECTOR('',#2903,1.);
#2903 = DIRECTION('',(-0.,-0.,-1.));
#2904 = ORIENTED_EDGE('',*,*,#2877,.T.);
#2905 = ORIENTED_EDGE('',*,*,#2073,.T.);
#2906 = PLANE('',#2907);
#2907 = AXIS2_PLACEMENT_3D('',#2908,#2909,#2910);
#2908 = CARTESIAN_POINT('',(-7.9,-0.6,6.8));
#2909 = DIRECTION('',(0.,1.,0.));
#2910 = DIRECTION('',(0.,0.,1.));
#2911 = ADVANCED_FACE('',(#2912),#2940,.T.);
#2912 = FACE_BOUND('',#2913,.T.);
#2913 = EDGE_LOOP('',(#2914,#2915,#2924,#2933,#2939));
#2914 = ORIENTED_EDGE('',*,*,#2891,.F.);
#2915 = ORIENTED_EDGE('',*,*,#2916,.F.);
#2916 = EDGE_CURVE('',#2917,#2892,#2919,.T.);
#2917 = VERTEX_POINT('',#2918);
#2918 = CARTESIAN_POINT('',(3.216854249492,-7.879020519929E-16,6.8));
#2919 = CIRCLE('',#2920,3.216854249492);
#2920 = AXIS2_PLACEMENT_3D('',#2921,#2922,#2923);
#2921 = CARTESIAN_POINT('',(0.,0.,6.8));
#2922 = DIRECTION('',(0.,0.,-1.));
#2923 = DIRECTION('',(1.,0.,0.));
#2924 = ORIENTED_EDGE('',*,*,#2925,.F.);
#2925 = EDGE_CURVE('',#2926,#2917,#2928,.T.);
#2926 = VERTEX_POINT('',#2927);
#2927 = CARTESIAN_POINT('',(3.16040365499,0.6,6.8));
#2928 = CIRCLE('',#2929,3.216854249492);
#2929 = AXIS2_PLACEMENT_3D('',#2930,#2931,#2932);
#2930 = CARTESIAN_POINT('',(0.,0.,6.8));
#2931 = DIRECTION('',(0.,0.,-1.));
#2932 = DIRECTION('',(1.,0.,0.));
#2933 = ORIENTED_EDGE('',*,*,#2934,.T.);
#2934 = EDGE_CURVE('',#2926,#2058,#2935,.T.);
#2935 = LINE('',#2936,#2937);
#2936 = CARTESIAN_POINT('',(-7.9,0.6,6.8));
#2937 = VECTOR('',#2938,1.);
#2938 = DIRECTION('',(1.,0.,0.));
#2939 = ORIENTED_EDGE('',*,*,#2065,.T.);
#2940 = PLANE('',#2941);
#2941 = AXIS2_PLACEMENT_3D('',#2942,#2943,#2944);
#2942 = CARTESIAN_POINT('',(-3.640075490574E-18,-2.184045294345E-16,6.8)
  );
#2943 = DIRECTION('',(-0.,-0.,-1.));
#2944 = DIRECTION('',(-1.,0.,0.));
#2945 = ADVANCED_FACE('',(#2946),#2964,.T.);
#2946 = FACE_BOUND('',#2947,.T.);
#2947 = EDGE_LOOP('',(#2948,#2949,#2957,#2963));
#2948 = ORIENTED_EDGE('',*,*,#2934,.F.);
#2949 = ORIENTED_EDGE('',*,*,#2950,.F.);
#2950 = EDGE_CURVE('',#2951,#2926,#2953,.T.);
#2951 = VERTEX_POINT('',#2952);
#2952 = CARTESIAN_POINT('',(3.16040365499,0.6,8.));
#2953 = LINE('',#2954,#2955);
#2954 = CARTESIAN_POINT('',(3.16040365499,0.6,0.3));
#2955 = VECTOR('',#2956,1.);
#2956 = DIRECTION('',(-0.,-0.,-1.));
#2957 = ORIENTED_EDGE('',*,*,#2958,.T.);
#2958 = EDGE_CURVE('',#2951,#2050,#2959,.T.);
#2959 = LINE('',#2960,#2961);
#2960 = CARTESIAN_POINT('',(-7.9,0.6,8.));
#2961 = VECTOR('',#2962,1.);
#2962 = DIRECTION('',(1.,0.,0.));
#2963 = ORIENTED_EDGE('',*,*,#2057,.T.);
#2964 = PLANE('',#2965);
#2965 = AXIS2_PLACEMENT_3D('',#2966,#2967,#2968);
#2966 = CARTESIAN_POINT('',(-7.9,0.6,6.8));
#2967 = DIRECTION('',(0.,1.,0.));
#2968 = DIRECTION('',(0.,0.,1.));
#2969 = ADVANCED_FACE('',(#2970),#3006,.F.);
#2970 = FACE_BOUND('',#2971,.F.);
#2971 = EDGE_LOOP('',(#2972,#2982,#2989,#2990,#2991,#2999));
#2972 = ORIENTED_EDGE('',*,*,#2973,.F.);
#2973 = EDGE_CURVE('',#2974,#2976,#2978,.T.);
#2974 = VERTEX_POINT('',#2975);
#2975 = CARTESIAN_POINT('',(0.6,3.16040365499,8.));
#2976 = VERTEX_POINT('',#2977);
#2977 = CARTESIAN_POINT('',(0.6,4.83959634501,8.));
#2978 = LINE('',#2979,#2980);
#2979 = CARTESIAN_POINT('',(0.6,-23.9,8.));
#2980 = VECTOR('',#2981,1.);
#2981 = DIRECTION('',(0.,1.,0.));
#2982 = ORIENTED_EDGE('',*,*,#2983,.F.);
#2983 = EDGE_CURVE('',#2951,#2974,#2984,.T.);
#2984 = CIRCLE('',#2985,3.216854249492);
#2985 = AXIS2_PLACEMENT_3D('',#2986,#2987,#2988);
#2986 = CARTESIAN_POINT('',(0.,0.,8.));
#2987 = DIRECTION('',(0.,0.,1.));
#2988 = DIRECTION('',(1.,0.,0.));
#2989 = ORIENTED_EDGE('',*,*,#2958,.T.);
#2990 = ORIENTED_EDGE('',*,*,#2049,.T.);
#2991 = ORIENTED_EDGE('',*,*,#2992,.F.);
#2992 = EDGE_CURVE('',#2993,#2042,#2995,.T.);
#2993 = VERTEX_POINT('',#2994);
#2994 = CARTESIAN_POINT('',(3.16040365499,7.4,8.));
#2995 = LINE('',#2996,#2997);
#2996 = CARTESIAN_POINT('',(-7.9,7.4,8.));
#2997 = VECTOR('',#2998,1.);
#2998 = DIRECTION('',(1.,0.,0.));
#2999 = ORIENTED_EDGE('',*,*,#3000,.F.);
#3000 = EDGE_CURVE('',#2976,#2993,#3001,.T.);
#3001 = CIRCLE('',#3002,3.216854249492);
#3002 = AXIS2_PLACEMENT_3D('',#3003,#3004,#3005);
#3003 = CARTESIAN_POINT('',(0.,8.,8.));
#3004 = DIRECTION('',(0.,0.,1.));
#3005 = DIRECTION('',(1.,0.,0.));
#3006 = PLANE('',#3007);
#3007 = AXIS2_PLACEMENT_3D('',#3008,#3009,#3010);
#3008 = CARTESIAN_POINT('',(-1.108033240997,1.108033240997,8.));
#3009 = DIRECTION('',(0.,0.,1.));
#3010 = DIRECTION('',(1.,0.,0.));
#3011 = ADVANCED_FACE('',(#3012),#3030,.F.);
#3012 = FACE_BOUND('',#3013,.F.);
#3013 = EDGE_LOOP('',(#3014,#3022,#3028,#3029));
#3014 = ORIENTED_EDGE('',*,*,#3015,.F.);
#3015 = EDGE_CURVE('',#3016,#2034,#3018,.T.);
#3016 = VERTEX_POINT('',#3017);
#3017 = CARTESIAN_POINT('',(3.16040365499,7.4,6.8));
#3018 = LINE('',#3019,#3020);
#3019 = CARTESIAN_POINT('',(-7.9,7.4,6.8));
#3020 = VECTOR('',#3021,1.);
#3021 = DIRECTION('',(1.,0.,0.));
#3022 = ORIENTED_EDGE('',*,*,#3023,.F.);
#3023 = EDGE_CURVE('',#2993,#3016,#3024,.T.);
#3024 = LINE('',#3025,#3026);
#3025 = CARTESIAN_POINT('',(3.16040365499,7.4,0.3));
#3026 = VECTOR('',#3027,1.);
#3027 = DIRECTION('',(-0.,-0.,-1.));
#3028 = ORIENTED_EDGE('',*,*,#2992,.T.);
#3029 = ORIENTED_EDGE('',*,*,#2041,.T.);
#3030 = PLANE('',#3031);
#3031 = AXIS2_PLACEMENT_3D('',#3032,#3033,#3034);
#3032 = CARTESIAN_POINT('',(-7.9,7.4,6.8));
#3033 = DIRECTION('',(0.,1.,0.));
#3034 = DIRECTION('',(0.,0.,1.));
#3035 = ADVANCED_FACE('',(#3036),#3064,.T.);
#3036 = FACE_BOUND('',#3037,.T.);
#3037 = EDGE_LOOP('',(#3038,#3039,#3048,#3057,#3063));
#3038 = ORIENTED_EDGE('',*,*,#3015,.F.);
#3039 = ORIENTED_EDGE('',*,*,#3040,.F.);
#3040 = EDGE_CURVE('',#3041,#3016,#3043,.T.);
#3041 = VERTEX_POINT('',#3042);
#3042 = CARTESIAN_POINT('',(3.216854249492,8.,6.8));
#3043 = CIRCLE('',#3044,3.216854249492);
#3044 = AXIS2_PLACEMENT_3D('',#3045,#3046,#3047);
#3045 = CARTESIAN_POINT('',(0.,8.,6.8));
#3046 = DIRECTION('',(0.,0.,-1.));
#3047 = DIRECTION('',(1.,0.,0.));
#3048 = ORIENTED_EDGE('',*,*,#3049,.F.);
#3049 = EDGE_CURVE('',#3050,#3041,#3052,.T.);
#3050 = VERTEX_POINT('',#3051);
#3051 = CARTESIAN_POINT('',(3.16040365499,8.6,6.8));
#3052 = CIRCLE('',#3053,3.216854249492);
#3053 = AXIS2_PLACEMENT_3D('',#3054,#3055,#3056);
#3054 = CARTESIAN_POINT('',(0.,8.,6.8));
#3055 = DIRECTION('',(0.,0.,-1.));
#3056 = DIRECTION('',(1.,0.,0.));
#3057 = ORIENTED_EDGE('',*,*,#3058,.T.);
#3058 = EDGE_CURVE('',#3050,#2026,#3059,.T.);
#3059 = LINE('',#3060,#3061);
#3060 = CARTESIAN_POINT('',(-7.9,8.6,6.8));
#3061 = VECTOR('',#3062,1.);
#3062 = DIRECTION('',(1.,0.,0.));
#3063 = ORIENTED_EDGE('',*,*,#2033,.T.);
#3064 = PLANE('',#3065);
#3065 = AXIS2_PLACEMENT_3D('',#3066,#3067,#3068);
#3066 = CARTESIAN_POINT('',(-3.640075490574E-18,-2.184045294345E-16,6.8)
  );
#3067 = DIRECTION('',(-0.,-0.,-1.));
#3068 = DIRECTION('',(-1.,0.,0.));
#3069 = ADVANCED_FACE('',(#3070),#3088,.T.);
#3070 = FACE_BOUND('',#3071,.T.);
#3071 = EDGE_LOOP('',(#3072,#3073,#3081,#3087));
#3072 = ORIENTED_EDGE('',*,*,#3058,.F.);
#3073 = ORIENTED_EDGE('',*,*,#3074,.F.);
#3074 = EDGE_CURVE('',#3075,#3050,#3077,.T.);
#3075 = VERTEX_POINT('',#3076);
#3076 = CARTESIAN_POINT('',(3.16040365499,8.6,8.));
#3077 = LINE('',#3078,#3079);
#3078 = CARTESIAN_POINT('',(3.16040365499,8.6,0.3));
#3079 = VECTOR('',#3080,1.);
#3080 = DIRECTION('',(-0.,-0.,-1.));
#3081 = ORIENTED_EDGE('',*,*,#3082,.T.);
#3082 = EDGE_CURVE('',#3075,#2018,#3083,.T.);
#3083 = LINE('',#3084,#3085);
#3084 = CARTESIAN_POINT('',(-7.9,8.6,8.));
#3085 = VECTOR('',#3086,1.);
#3086 = DIRECTION('',(1.,0.,0.));
#3087 = ORIENTED_EDGE('',*,*,#2025,.T.);
#3088 = PLANE('',#3089);
#3089 = AXIS2_PLACEMENT_3D('',#3090,#3091,#3092);
#3090 = CARTESIAN_POINT('',(-7.9,8.6,6.8));
#3091 = DIRECTION('',(0.,1.,0.));
#3092 = DIRECTION('',(0.,0.,1.));
#3093 = ADVANCED_FACE('',(#3094),#3130,.F.);
#3094 = FACE_BOUND('',#3095,.F.);
#3095 = EDGE_LOOP('',(#3096,#3106,#3113,#3114,#3115,#3123));
#3096 = ORIENTED_EDGE('',*,*,#3097,.F.);
#3097 = EDGE_CURVE('',#3098,#3100,#3102,.T.);
#3098 = VERTEX_POINT('',#3099);
#3099 = CARTESIAN_POINT('',(0.6,11.16040365499,8.));
#3100 = VERTEX_POINT('',#3101);
#3101 = CARTESIAN_POINT('',(0.6,12.83959634501,8.));
#3102 = LINE('',#3103,#3104);
#3103 = CARTESIAN_POINT('',(0.6,-23.9,8.));
#3104 = VECTOR('',#3105,1.);
#3105 = DIRECTION('',(0.,1.,0.));
#3106 = ORIENTED_EDGE('',*,*,#3107,.F.);
#3107 = EDGE_CURVE('',#3075,#3098,#3108,.T.);
#3108 = CIRCLE('',#3109,3.216854249492);
#3109 = AXIS2_PLACEMENT_3D('',#3110,#3111,#3112);
#3110 = CARTESIAN_POINT('',(0.,8.,8.));
#3111 = DIRECTION('',(0.,0.,1.));
#3112 = DIRECTION('',(1.,0.,0.));
#3113 = ORIENTED_EDGE('',*,*,#3082,.T.);
#3114 = ORIENTED_EDGE('',*,*,#2017,.T.);
#3115 = ORIENTED_EDGE('',*,*,#3116,.F.);
#3116 = EDGE_CURVE('',#3117,#2010,#3119,.T.);
#3117 = VERTEX_POINT('',#3118);
#3118 = CARTESIAN_POINT('',(3.16040365499,15.4,8.));
#3119 = LINE('',#3120,#3121);
#3120 = CARTESIAN_POINT('',(-7.9,15.4,8.));
#3121 = VECTOR('',#3122,1.);
#3122 = DIRECTION('',(1.,0.,0.));
#3123 = ORIENTED_EDGE('',*,*,#3124,.F.);
#3124 = EDGE_CURVE('',#3100,#3117,#3125,.T.);
#3125 = CIRCLE('',#3126,3.216854249492);
#3126 = AXIS2_PLACEMENT_3D('',#3127,#3128,#3129);
#3127 = CARTESIAN_POINT('',(0.,16.,8.));
#3128 = DIRECTION('',(0.,0.,1.));
#3129 = DIRECTION('',(1.,0.,0.));
#3130 = PLANE('',#3131);
#3131 = AXIS2_PLACEMENT_3D('',#3132,#3133,#3134);
#3132 = CARTESIAN_POINT('',(-1.108033240997,1.108033240997,8.));
#3133 = DIRECTION('',(0.,0.,1.));
#3134 = DIRECTION('',(1.,0.,0.));
#3135 = ADVANCED_FACE('',(#3136),#3154,.F.);
#3136 = FACE_BOUND('',#3137,.F.);
#3137 = EDGE_LOOP('',(#3138,#3146,#3152,#3153));
#3138 = ORIENTED_EDGE('',*,*,#3139,.F.);
#3139 = EDGE_CURVE('',#3140,#2002,#3142,.T.);
#3140 = VERTEX_POINT('',#3141);
#3141 = CARTESIAN_POINT('',(3.16040365499,15.4,6.8));
#3142 = LINE('',#3143,#3144);
#3143 = CARTESIAN_POINT('',(-7.9,15.4,6.8));
#3144 = VECTOR('',#3145,1.);
#3145 = DIRECTION('',(1.,0.,0.));
#3146 = ORIENTED_EDGE('',*,*,#3147,.F.);
#3147 = EDGE_CURVE('',#3117,#3140,#3148,.T.);
#3148 = LINE('',#3149,#3150);
#3149 = CARTESIAN_POINT('',(3.16040365499,15.4,0.3));
#3150 = VECTOR('',#3151,1.);
#3151 = DIRECTION('',(-0.,-0.,-1.));
#3152 = ORIENTED_EDGE('',*,*,#3116,.T.);
#3153 = ORIENTED_EDGE('',*,*,#2009,.T.);
#3154 = PLANE('',#3155);
#3155 = AXIS2_PLACEMENT_3D('',#3156,#3157,#3158);
#3156 = CARTESIAN_POINT('',(-7.9,15.4,6.8));
#3157 = DIRECTION('',(0.,1.,0.));
#3158 = DIRECTION('',(0.,0.,1.));
#3159 = ADVANCED_FACE('',(#3160),#3188,.T.);
#3160 = FACE_BOUND('',#3161,.T.);
#3161 = EDGE_LOOP('',(#3162,#3163,#3172,#3181,#3187));
#3162 = ORIENTED_EDGE('',*,*,#3139,.F.);
#3163 = ORIENTED_EDGE('',*,*,#3164,.F.);
#3164 = EDGE_CURVE('',#3165,#3140,#3167,.T.);
#3165 = VERTEX_POINT('',#3166);
#3166 = CARTESIAN_POINT('',(3.216854249492,16.,6.8));
#3167 = CIRCLE('',#3168,3.216854249492);
#3168 = AXIS2_PLACEMENT_3D('',#3169,#3170,#3171);
#3169 = CARTESIAN_POINT('',(0.,16.,6.8));
#3170 = DIRECTION('',(0.,0.,-1.));
#3171 = DIRECTION('',(1.,0.,0.));
#3172 = ORIENTED_EDGE('',*,*,#3173,.F.);
#3173 = EDGE_CURVE('',#3174,#3165,#3176,.T.);
#3174 = VERTEX_POINT('',#3175);
#3175 = CARTESIAN_POINT('',(3.16040365499,16.6,6.8));
#3176 = CIRCLE('',#3177,3.216854249492);
#3177 = AXIS2_PLACEMENT_3D('',#3178,#3179,#3180);
#3178 = CARTESIAN_POINT('',(0.,16.,6.8));
#3179 = DIRECTION('',(0.,0.,-1.));
#3180 = DIRECTION('',(1.,0.,0.));
#3181 = ORIENTED_EDGE('',*,*,#3182,.T.);
#3182 = EDGE_CURVE('',#3174,#1994,#3183,.T.);
#3183 = LINE('',#3184,#3185);
#3184 = CARTESIAN_POINT('',(-7.9,16.6,6.8));
#3185 = VECTOR('',#3186,1.);
#3186 = DIRECTION('',(1.,0.,0.));
#3187 = ORIENTED_EDGE('',*,*,#2001,.T.);
#3188 = PLANE('',#3189);
#3189 = AXIS2_PLACEMENT_3D('',#3190,#3191,#3192);
#3190 = CARTESIAN_POINT('',(-3.640075490574E-18,-2.184045294345E-16,6.8)
  );
#3191 = DIRECTION('',(-0.,-0.,-1.));
#3192 = DIRECTION('',(-1.,0.,0.));
#3193 = ADVANCED_FACE('',(#3194),#3205,.T.);
#3194 = FACE_BOUND('',#3195,.T.);
#3195 = EDGE_LOOP('',(#3196,#3197,#3203,#3204));
#3196 = ORIENTED_EDGE('',*,*,#3182,.F.);
#3197 = ORIENTED_EDGE('',*,*,#3198,.F.);
#3198 = EDGE_CURVE('',#2769,#3174,#3199,.T.);
#3199 = LINE('',#3200,#3201);
#3200 = CARTESIAN_POINT('',(3.16040365499,16.6,0.3));
#3201 = VECTOR('',#3202,1.);
#3202 = DIRECTION('',(-0.,-0.,-1.));
#3203 = ORIENTED_EDGE('',*,*,#2777,.T.);
#3204 = ORIENTED_EDGE('',*,*,#1993,.T.);
#3205 = PLANE('',#3206);
#3206 = AXIS2_PLACEMENT_3D('',#3207,#3208,#3209);
#3207 = CARTESIAN_POINT('',(-7.9,16.6,6.8));
#3208 = DIRECTION('',(0.,1.,0.));
#3209 = DIRECTION('',(0.,0.,1.));
#3210 = ADVANCED_FACE('',(#3211),#3229,.T.);
#3211 = FACE_BOUND('',#3212,.T.);
#3212 = EDGE_LOOP('',(#3213,#3214,#3215,#3223));
#3213 = ORIENTED_EDGE('',*,*,#2869,.F.);
#3214 = ORIENTED_EDGE('',*,*,#2128,.F.);
#3215 = ORIENTED_EDGE('',*,*,#3216,.T.);
#3216 = EDGE_CURVE('',#2121,#3217,#3219,.T.);
#3217 = VERTEX_POINT('',#3218);
#3218 = CARTESIAN_POINT('',(0.6,-3.16040365499,6.8));
#3219 = LINE('',#3220,#3221);
#3220 = CARTESIAN_POINT('',(0.6,-23.9,6.8));
#3221 = VECTOR('',#3222,1.);
#3222 = DIRECTION('',(0.,1.,0.));
#3223 = ORIENTED_EDGE('',*,*,#3224,.F.);
#3224 = EDGE_CURVE('',#2859,#3217,#3225,.T.);
#3225 = LINE('',#3226,#3227);
#3226 = CARTESIAN_POINT('',(0.6,-3.16040365499,0.3));
#3227 = VECTOR('',#3228,1.);
#3228 = DIRECTION('',(-0.,-0.,-1.));
#3229 = PLANE('',#3230);
#3230 = AXIS2_PLACEMENT_3D('',#3231,#3232,#3233);
#3231 = CARTESIAN_POINT('',(0.6,-23.9,6.8));
#3232 = DIRECTION('',(1.,0.,0.));
#3233 = DIRECTION('',(0.,0.,1.));
#3234 = ADVANCED_FACE('',(#3235),#3254,.T.);
#3235 = FACE_BOUND('',#3236,.T.);
#3236 = EDGE_LOOP('',(#3237,#3238,#3246,#3253));
#3237 = ORIENTED_EDGE('',*,*,#2120,.F.);
#3238 = ORIENTED_EDGE('',*,*,#3239,.T.);
#3239 = EDGE_CURVE('',#2113,#3240,#3242,.T.);
#3240 = VERTEX_POINT('',#3241);
#3241 = CARTESIAN_POINT('',(-0.6,-3.16040365499,6.8));
#3242 = LINE('',#3243,#3244);
#3243 = CARTESIAN_POINT('',(-0.6,-23.9,6.8));
#3244 = VECTOR('',#3245,1.);
#3245 = DIRECTION('',(0.,1.,0.));
#3246 = ORIENTED_EDGE('',*,*,#3247,.F.);
#3247 = EDGE_CURVE('',#3217,#3240,#3248,.T.);
#3248 = CIRCLE('',#3249,3.216854249492);
#3249 = AXIS2_PLACEMENT_3D('',#3250,#3251,#3252);
#3250 = CARTESIAN_POINT('',(0.,0.,6.8));
#3251 = DIRECTION('',(0.,0.,-1.));
#3252 = DIRECTION('',(1.,0.,0.));
#3253 = ORIENTED_EDGE('',*,*,#3216,.F.);
#3254 = PLANE('',#3255);
#3255 = AXIS2_PLACEMENT_3D('',#3256,#3257,#3258);
#3256 = CARTESIAN_POINT('',(-3.640075490574E-18,-2.184045294345E-16,6.8)
  );
#3257 = DIRECTION('',(-0.,-0.,-1.));
#3258 = DIRECTION('',(-1.,0.,0.));
#3259 = ADVANCED_FACE('',(#3260),#3271,.F.);
#3260 = FACE_BOUND('',#3261,.F.);
#3261 = EDGE_LOOP('',(#3262,#3263,#3264,#3265));
#3262 = ORIENTED_EDGE('',*,*,#2604,.F.);
#3263 = ORIENTED_EDGE('',*,*,#2112,.F.);
#3264 = ORIENTED_EDGE('',*,*,#3239,.T.);
#3265 = ORIENTED_EDGE('',*,*,#3266,.F.);
#3266 = EDGE_CURVE('',#2605,#3240,#3267,.T.);
#3267 = LINE('',#3268,#3269);
#3268 = CARTESIAN_POINT('',(-0.6,-3.16040365499,0.3));
#3269 = VECTOR('',#3270,1.);
#3270 = DIRECTION('',(-0.,-0.,-1.));
#3271 = PLANE('',#3272);
#3272 = AXIS2_PLACEMENT_3D('',#3273,#3274,#3275);
#3273 = CARTESIAN_POINT('',(-0.6,-23.9,6.8));
#3274 = DIRECTION('',(1.,0.,0.));
#3275 = DIRECTION('',(0.,0.,1.));
#3276 = ADVANCED_FACE('',(#3277),#3332,.T.);
#3277 = FACE_BOUND('',#3278,.F.);
#3278 = EDGE_LOOP('',(#3279,#3288,#3294,#3295,#3296,#3297,#3298,#3299,
    #3300,#3301,#3302,#3303,#3304,#3305,#3313,#3322,#3328,#3329,#3330,
    #3331));
#3279 = ORIENTED_EDGE('',*,*,#3280,.F.);
#3280 = EDGE_CURVE('',#3281,#3281,#3283,.T.);
#3281 = VERTEX_POINT('',#3282);
#3282 = CARTESIAN_POINT('',(3.216854249492,16.,0.3));
#3283 = CIRCLE('',#3284,3.216854249492);
#3284 = AXIS2_PLACEMENT_3D('',#3285,#3286,#3287);
#3285 = CARTESIAN_POINT('',(0.,16.,0.3));
#3286 = DIRECTION('',(0.,0.,1.));
#3287 = DIRECTION('',(1.,0.,0.));
#3288 = ORIENTED_EDGE('',*,*,#3289,.T.);
#3289 = EDGE_CURVE('',#3281,#3165,#3290,.T.);
#3290 = LINE('',#3291,#3292);
#3291 = CARTESIAN_POINT('',(3.216854249492,16.,0.3));
#3292 = VECTOR('',#3293,1.);
#3293 = DIRECTION('',(0.,0.,1.));
#3294 = ORIENTED_EDGE('',*,*,#3173,.F.);
#3295 = ORIENTED_EDGE('',*,*,#3198,.F.);
#3296 = ORIENTED_EDGE('',*,*,#2768,.T.);
#3297 = ORIENTED_EDGE('',*,*,#2793,.T.);
#3298 = ORIENTED_EDGE('',*,*,#2816,.F.);
#3299 = ORIENTED_EDGE('',*,*,#2842,.F.);
#3300 = ORIENTED_EDGE('',*,*,#2268,.T.);
#3301 = ORIENTED_EDGE('',*,*,#2302,.T.);
#3302 = ORIENTED_EDGE('',*,*,#2316,.F.);
#3303 = ORIENTED_EDGE('',*,*,#2351,.F.);
#3304 = ORIENTED_EDGE('',*,*,#2391,.T.);
#3305 = ORIENTED_EDGE('',*,*,#3306,.T.);
#3306 = EDGE_CURVE('',#2384,#3307,#3309,.T.);
#3307 = VERTEX_POINT('',#3308);
#3308 = CARTESIAN_POINT('',(-0.6,12.83959634501,6.8));
#3309 = LINE('',#3310,#3311);
#3310 = CARTESIAN_POINT('',(-0.6,12.83959634501,0.3));
#3311 = VECTOR('',#3312,1.);
#3312 = DIRECTION('',(-0.,-0.,-1.));
#3313 = ORIENTED_EDGE('',*,*,#3314,.F.);
#3314 = EDGE_CURVE('',#3315,#3307,#3317,.T.);
#3315 = VERTEX_POINT('',#3316);
#3316 = CARTESIAN_POINT('',(0.6,12.83959634501,6.8));
#3317 = CIRCLE('',#3318,3.216854249492);
#3318 = AXIS2_PLACEMENT_3D('',#3319,#3320,#3321);
#3319 = CARTESIAN_POINT('',(0.,16.,6.8));
#3320 = DIRECTION('',(0.,0.,-1.));
#3321 = DIRECTION('',(1.,0.,0.));
#3322 = ORIENTED_EDGE('',*,*,#3323,.F.);
#3323 = EDGE_CURVE('',#3100,#3315,#3324,.T.);
#3324 = LINE('',#3325,#3326);
#3325 = CARTESIAN_POINT('',(0.6,12.83959634501,0.3));
#3326 = VECTOR('',#3327,1.);
#3327 = DIRECTION('',(-0.,-0.,-1.));
#3328 = ORIENTED_EDGE('',*,*,#3124,.T.);
#3329 = ORIENTED_EDGE('',*,*,#3147,.T.);
#3330 = ORIENTED_EDGE('',*,*,#3164,.F.);
#3331 = ORIENTED_EDGE('',*,*,#3289,.F.);
#3332 = CYLINDRICAL_SURFACE('',#3333,3.216854249492);
#3333 = AXIS2_PLACEMENT_3D('',#3334,#3335,#3336);
#3334 = CARTESIAN_POINT('',(0.,16.,0.3));
#3335 = DIRECTION('',(-0.,-0.,-1.));
#3336 = DIRECTION('',(1.,0.,0.));
#3337 = ADVANCED_FACE('',(#3338),#3356,.F.);
#3338 = FACE_BOUND('',#3339,.F.);
#3339 = EDGE_LOOP('',(#3340,#3341,#3349,#3355));
#3340 = ORIENTED_EDGE('',*,*,#2383,.F.);
#3341 = ORIENTED_EDGE('',*,*,#3342,.T.);
#3342 = EDGE_CURVE('',#2375,#3343,#3345,.T.);
#3343 = VERTEX_POINT('',#3344);
#3344 = CARTESIAN_POINT('',(-0.6,11.16040365499,6.8));
#3345 = LINE('',#3346,#3347);
#3346 = CARTESIAN_POINT('',(-0.6,11.16040365499,0.3));
#3347 = VECTOR('',#3348,1.);
#3348 = DIRECTION('',(-0.,-0.,-1.));
#3349 = ORIENTED_EDGE('',*,*,#3350,.T.);
#3350 = EDGE_CURVE('',#3343,#3307,#3351,.T.);
#3351 = LINE('',#3352,#3353);
#3352 = CARTESIAN_POINT('',(-0.6,-23.9,6.8));
#3353 = VECTOR('',#3354,1.);
#3354 = DIRECTION('',(0.,1.,0.));
#3355 = ORIENTED_EDGE('',*,*,#3306,.F.);
#3356 = PLANE('',#3357);
#3357 = AXIS2_PLACEMENT_3D('',#3358,#3359,#3360);
#3358 = CARTESIAN_POINT('',(-0.6,-23.9,6.8));
#3359 = DIRECTION('',(1.,0.,0.));
#3360 = DIRECTION('',(0.,0.,1.));
#3361 = ADVANCED_FACE('',(#3362),#3430,.T.);
#3362 = FACE_BOUND('',#3363,.F.);
#3363 = EDGE_LOOP('',(#3364,#3373,#3379,#3380,#3381,#3382,#3390,#3397,
    #3398,#3399,#3400,#3401,#3402,#3403,#3411,#3420,#3426,#3427,#3428,
    #3429));
#3364 = ORIENTED_EDGE('',*,*,#3365,.F.);
#3365 = EDGE_CURVE('',#3366,#3366,#3368,.T.);
#3366 = VERTEX_POINT('',#3367);
#3367 = CARTESIAN_POINT('',(3.216854249492,8.,0.3));
#3368 = CIRCLE('',#3369,3.216854249492);
#3369 = AXIS2_PLACEMENT_3D('',#3370,#3371,#3372);
#3370 = CARTESIAN_POINT('',(0.,8.,0.3));
#3371 = DIRECTION('',(0.,0.,1.));
#3372 = DIRECTION('',(1.,0.,0.));
#3373 = ORIENTED_EDGE('',*,*,#3374,.T.);
#3374 = EDGE_CURVE('',#3366,#3041,#3375,.T.);
#3375 = LINE('',#3376,#3377);
#3376 = CARTESIAN_POINT('',(3.216854249492,8.,0.3));
#3377 = VECTOR('',#3378,1.);
#3378 = DIRECTION('',(0.,0.,1.));
#3379 = ORIENTED_EDGE('',*,*,#3049,.F.);
#3380 = ORIENTED_EDGE('',*,*,#3074,.F.);
#3381 = ORIENTED_EDGE('',*,*,#3107,.T.);
#3382 = ORIENTED_EDGE('',*,*,#3383,.T.);
#3383 = EDGE_CURVE('',#3098,#3384,#3386,.T.);
#3384 = VERTEX_POINT('',#3385);
#3385 = CARTESIAN_POINT('',(0.6,11.16040365499,6.8));
#3386 = LINE('',#3387,#3388);
#3387 = CARTESIAN_POINT('',(0.6,11.16040365499,0.3));
#3388 = VECTOR('',#3389,1.);
#3389 = DIRECTION('',(-0.,-0.,-1.));
#3390 = ORIENTED_EDGE('',*,*,#3391,.F.);
#3391 = EDGE_CURVE('',#3343,#3384,#3392,.T.);
#3392 = CIRCLE('',#3393,3.216854249492);
#3393 = AXIS2_PLACEMENT_3D('',#3394,#3395,#3396);
#3394 = CARTESIAN_POINT('',(0.,8.,6.8));
#3395 = DIRECTION('',(0.,0.,-1.));
#3396 = DIRECTION('',(1.,0.,0.));
#3397 = ORIENTED_EDGE('',*,*,#3342,.F.);
#3398 = ORIENTED_EDGE('',*,*,#2374,.T.);
#3399 = ORIENTED_EDGE('',*,*,#2417,.T.);
#3400 = ORIENTED_EDGE('',*,*,#2431,.F.);
#3401 = ORIENTED_EDGE('',*,*,#2466,.F.);
#3402 = ORIENTED_EDGE('',*,*,#2506,.T.);
#3403 = ORIENTED_EDGE('',*,*,#3404,.T.);
#3404 = EDGE_CURVE('',#2499,#3405,#3407,.T.);
#3405 = VERTEX_POINT('',#3406);
#3406 = CARTESIAN_POINT('',(-0.6,4.83959634501,6.8));
#3407 = LINE('',#3408,#3409);
#3408 = CARTESIAN_POINT('',(-0.6,4.83959634501,0.3));
#3409 = VECTOR('',#3410,1.);
#3410 = DIRECTION('',(-0.,-0.,-1.));
#3411 = ORIENTED_EDGE('',*,*,#3412,.F.);
#3412 = EDGE_CURVE('',#3413,#3405,#3415,.T.);
#3413 = VERTEX_POINT('',#3414);
#3414 = CARTESIAN_POINT('',(0.6,4.83959634501,6.8));
#3415 = CIRCLE('',#3416,3.216854249492);
#3416 = AXIS2_PLACEMENT_3D('',#3417,#3418,#3419);
#3417 = CARTESIAN_POINT('',(0.,8.,6.8));
#3418 = DIRECTION('',(0.,0.,-1.));
#3419 = DIRECTION('',(1.,0.,0.));
#3420 = ORIENTED_EDGE('',*,*,#3421,.F.);
#3421 = EDGE_CURVE('',#2976,#3413,#3422,.T.);
#3422 = LINE('',#3423,#3424);
#3423 = CARTESIAN_POINT('',(0.6,4.83959634501,0.3));
#3424 = VECTOR('',#3425,1.);
#3425 = DIRECTION('',(-0.,-0.,-1.));
#3426 = ORIENTED_EDGE('',*,*,#3000,.T.);
#3427 = ORIENTED_EDGE('',*,*,#3023,.T.);
#3428 = ORIENTED_EDGE('',*,*,#3040,.F.);
#3429 = ORIENTED_EDGE('',*,*,#3374,.F.);
#3430 = CYLINDRICAL_SURFACE('',#3431,3.216854249492);
#3431 = AXIS2_PLACEMENT_3D('',#3432,#3433,#3434);
#3432 = CARTESIAN_POINT('',(0.,8.,0.3));
#3433 = DIRECTION('',(-0.,-0.,-1.));
#3434 = DIRECTION('',(1.,0.,0.));
#3435 = ADVANCED_FACE('',(#3436),#3454,.F.);
#3436 = FACE_BOUND('',#3437,.F.);
#3437 = EDGE_LOOP('',(#3438,#3439,#3447,#3453));
#3438 = ORIENTED_EDGE('',*,*,#2498,.F.);
#3439 = ORIENTED_EDGE('',*,*,#3440,.T.);
#3440 = EDGE_CURVE('',#2490,#3441,#3443,.T.);
#3441 = VERTEX_POINT('',#3442);
#3442 = CARTESIAN_POINT('',(-0.6,3.16040365499,6.8));
#3443 = LINE('',#3444,#3445);
#3444 = CARTESIAN_POINT('',(-0.6,3.16040365499,0.3));
#3445 = VECTOR('',#3446,1.);
#3446 = DIRECTION('',(-0.,-0.,-1.));
#3447 = ORIENTED_EDGE('',*,*,#3448,.T.);
#3448 = EDGE_CURVE('',#3441,#3405,#3449,.T.);
#3449 = LINE('',#3450,#3451);
#3450 = CARTESIAN_POINT('',(-0.6,-23.9,6.8));
#3451 = VECTOR('',#3452,1.);
#3452 = DIRECTION('',(0.,1.,0.));
#3453 = ORIENTED_EDGE('',*,*,#3404,.F.);
#3454 = PLANE('',#3455);
#3455 = AXIS2_PLACEMENT_3D('',#3456,#3457,#3458);
#3456 = CARTESIAN_POINT('',(-0.6,-23.9,6.8));
#3457 = DIRECTION('',(1.,0.,0.));
#3458 = DIRECTION('',(0.,0.,1.));
#3459 = ADVANCED_FACE('',(#3460),#3508,.T.);
#3460 = FACE_BOUND('',#3461,.F.);
#3461 = EDGE_LOOP('',(#3462,#3471,#3477,#3478,#3479,#3480,#3488,#3495,
    #3496,#3497,#3498,#3499,#3500,#3501,#3502,#3503,#3504,#3505,#3506,
    #3507));
#3462 = ORIENTED_EDGE('',*,*,#3463,.F.);
#3463 = EDGE_CURVE('',#3464,#3464,#3466,.T.);
#3464 = VERTEX_POINT('',#3465);
#3465 = CARTESIAN_POINT('',(3.216854249492,-7.879020519929E-16,0.3));
#3466 = CIRCLE('',#3467,3.216854249492);
#3467 = AXIS2_PLACEMENT_3D('',#3468,#3469,#3470);
#3468 = CARTESIAN_POINT('',(0.,0.,0.3));
#3469 = DIRECTION('',(0.,0.,1.));
#3470 = DIRECTION('',(1.,0.,0.));
#3471 = ORIENTED_EDGE('',*,*,#3472,.T.);
#3472 = EDGE_CURVE('',#3464,#2917,#3473,.T.);
#3473 = LINE('',#3474,#3475);
#3474 = CARTESIAN_POINT('',(3.216854249492,-7.879020519929E-16,0.3));
#3475 = VECTOR('',#3476,1.);
#3476 = DIRECTION('',(0.,0.,1.));
#3477 = ORIENTED_EDGE('',*,*,#2925,.F.);
#3478 = ORIENTED_EDGE('',*,*,#2950,.F.);
#3479 = ORIENTED_EDGE('',*,*,#2983,.T.);
#3480 = ORIENTED_EDGE('',*,*,#3481,.T.);
#3481 = EDGE_CURVE('',#2974,#3482,#3484,.T.);
#3482 = VERTEX_POINT('',#3483);
#3483 = CARTESIAN_POINT('',(0.6,3.16040365499,6.8));
#3484 = LINE('',#3485,#3486);
#3485 = CARTESIAN_POINT('',(0.6,3.16040365499,0.3));
#3486 = VECTOR('',#3487,1.);
#3487 = DIRECTION('',(-0.,-0.,-1.));
#3488 = ORIENTED_EDGE('',*,*,#3489,.F.);
#3489 = EDGE_CURVE('',#3441,#3482,#3490,.T.);
#3490 = CIRCLE('',#3491,3.216854249492);
#3491 = AXIS2_PLACEMENT_3D('',#3492,#3493,#3494);
#3492 = CARTESIAN_POINT('',(0.,0.,6.8));
#3493 = DIRECTION('',(0.,0.,-1.));
#3494 = DIRECTION('',(1.,0.,0.));
#3495 = ORIENTED_EDGE('',*,*,#3440,.F.);
#3496 = ORIENTED_EDGE('',*,*,#2489,.T.);
#3497 = ORIENTED_EDGE('',*,*,#2532,.T.);
#3498 = ORIENTED_EDGE('',*,*,#2546,.F.);
#3499 = ORIENTED_EDGE('',*,*,#2581,.F.);
#3500 = ORIENTED_EDGE('',*,*,#2612,.T.);
#3501 = ORIENTED_EDGE('',*,*,#3266,.T.);
#3502 = ORIENTED_EDGE('',*,*,#3247,.F.);
#3503 = ORIENTED_EDGE('',*,*,#3224,.F.);
#3504 = ORIENTED_EDGE('',*,*,#2858,.T.);
#3505 = ORIENTED_EDGE('',*,*,#2899,.T.);
#3506 = ORIENTED_EDGE('',*,*,#2916,.F.);
#3507 = ORIENTED_EDGE('',*,*,#3472,.F.);
#3508 = CYLINDRICAL_SURFACE('',#3509,3.216854249492);
#3509 = AXIS2_PLACEMENT_3D('',#3510,#3511,#3512);
#3510 = CARTESIAN_POINT('',(0.,0.,0.3));
#3511 = DIRECTION('',(-0.,-0.,-1.));
#3512 = DIRECTION('',(1.,0.,0.));
#3513 = ADVANCED_FACE('',(#3514),#3525,.T.);
#3514 = FACE_BOUND('',#3515,.T.);
#3515 = EDGE_LOOP('',(#3516,#3517,#3518,#3524));
#3516 = ORIENTED_EDGE('',*,*,#2973,.F.);
#3517 = ORIENTED_EDGE('',*,*,#3481,.T.);
#3518 = ORIENTED_EDGE('',*,*,#3519,.T.);
#3519 = EDGE_CURVE('',#3482,#3413,#3520,.T.);
#3520 = LINE('',#3521,#3522);
#3521 = CARTESIAN_POINT('',(0.6,-23.9,6.8));
#3522 = VECTOR('',#3523,1.);
#3523 = DIRECTION('',(0.,1.,0.));
#3524 = ORIENTED_EDGE('',*,*,#3421,.F.);
#3525 = PLANE('',#3526);
#3526 = AXIS2_PLACEMENT_3D('',#3527,#3528,#3529);
#3527 = CARTESIAN_POINT('',(0.6,-23.9,6.8));
#3528 = DIRECTION('',(1.,0.,0.));
#3529 = DIRECTION('',(0.,0.,1.));
#3530 = ADVANCED_FACE('',(#3531),#3542,.T.);
#3531 = FACE_BOUND('',#3532,.T.);
#3532 = EDGE_LOOP('',(#3533,#3534,#3535,#3541));
#3533 = ORIENTED_EDGE('',*,*,#3097,.F.);
#3534 = ORIENTED_EDGE('',*,*,#3383,.T.);
#3535 = ORIENTED_EDGE('',*,*,#3536,.T.);
#3536 = EDGE_CURVE('',#3384,#3315,#3537,.T.);
#3537 = LINE('',#3538,#3539);
#3538 = CARTESIAN_POINT('',(0.6,-23.9,6.8));
#3539 = VECTOR('',#3540,1.);
#3540 = DIRECTION('',(0.,1.,0.));
#3541 = ORIENTED_EDGE('',*,*,#3323,.F.);
#3542 = PLANE('',#3543);
#3543 = AXIS2_PLACEMENT_3D('',#3544,#3545,#3546);
#3544 = CARTESIAN_POINT('',(0.6,-23.9,6.8));
#3545 = DIRECTION('',(1.,0.,0.));
#3546 = DIRECTION('',(0.,0.,1.));
#3547 = ADVANCED_FACE('',(#3548),#3567,.T.);
#3548 = FACE_BOUND('',#3549,.T.);
#3549 = EDGE_LOOP('',(#3550,#3551,#3559,#3566));
#3550 = ORIENTED_EDGE('',*,*,#3280,.F.);
#3551 = ORIENTED_EDGE('',*,*,#3552,.F.);
#3552 = EDGE_CURVE('',#3553,#3281,#3555,.T.);
#3553 = VERTEX_POINT('',#3554);
#3554 = CARTESIAN_POINT('',(3.016854249492,16.,0.));
#3555 = LINE('',#3556,#3557);
#3556 = CARTESIAN_POINT('',(3.016854249492,16.,0.));
#3557 = VECTOR('',#3558,1.);
#3558 = DIRECTION('',(0.554700196225,-1.358623639587E-16,0.832050294338)
  );
#3559 = ORIENTED_EDGE('',*,*,#3560,.T.);
#3560 = EDGE_CURVE('',#3553,#3553,#3561,.T.);
#3561 = CIRCLE('',#3562,3.016854249492);
#3562 = AXIS2_PLACEMENT_3D('',#3563,#3564,#3565);
#3563 = CARTESIAN_POINT('',(0.,16.,0.));
#3564 = DIRECTION('',(0.,0.,1.));
#3565 = DIRECTION('',(1.,0.,0.));
#3566 = ORIENTED_EDGE('',*,*,#3552,.T.);
#3567 = CONICAL_SURFACE('',#3568,3.016854249492,0.588002603548);
#3568 = AXIS2_PLACEMENT_3D('',#3569,#3570,#3571);
#3569 = CARTESIAN_POINT('',(0.,16.,0.));
#3570 = DIRECTION('',(0.,0.,1.));
#3571 = DIRECTION('',(1.,0.,0.));
#3572 = ADVANCED_FACE('',(#3573),#3579,.T.);
#3573 = FACE_BOUND('',#3574,.T.);
#3574 = EDGE_LOOP('',(#3575,#3576,#3577,#3578));
#3575 = ORIENTED_EDGE('',*,*,#3391,.F.);
#3576 = ORIENTED_EDGE('',*,*,#3350,.T.);
#3577 = ORIENTED_EDGE('',*,*,#3314,.F.);
#3578 = ORIENTED_EDGE('',*,*,#3536,.F.);
#3579 = PLANE('',#3580);
#3580 = AXIS2_PLACEMENT_3D('',#3581,#3582,#3583);
#3581 = CARTESIAN_POINT('',(-3.640075490574E-18,-2.184045294345E-16,6.8)
  );
#3582 = DIRECTION('',(-0.,-0.,-1.));
#3583 = DIRECTION('',(-1.,0.,0.));
#3584 = ADVANCED_FACE('',(#3585),#3604,.T.);
#3585 = FACE_BOUND('',#3586,.T.);
#3586 = EDGE_LOOP('',(#3587,#3588,#3596,#3603));
#3587 = ORIENTED_EDGE('',*,*,#3365,.F.);
#3588 = ORIENTED_EDGE('',*,*,#3589,.F.);
#3589 = EDGE_CURVE('',#3590,#3366,#3592,.T.);
#3590 = VERTEX_POINT('',#3591);
#3591 = CARTESIAN_POINT('',(3.016854249492,8.,0.));
#3592 = LINE('',#3593,#3594);
#3593 = CARTESIAN_POINT('',(3.016854249492,8.,0.));
#3594 = VECTOR('',#3595,1.);
#3595 = DIRECTION('',(0.554700196225,-1.358623639587E-16,0.832050294338)
  );
#3596 = ORIENTED_EDGE('',*,*,#3597,.T.);
#3597 = EDGE_CURVE('',#3590,#3590,#3598,.T.);
#3598 = CIRCLE('',#3599,3.016854249492);
#3599 = AXIS2_PLACEMENT_3D('',#3600,#3601,#3602);
#3600 = CARTESIAN_POINT('',(0.,8.,0.));
#3601 = DIRECTION('',(0.,0.,1.));
#3602 = DIRECTION('',(1.,0.,0.));
#3603 = ORIENTED_EDGE('',*,*,#3589,.T.);
#3604 = CONICAL_SURFACE('',#3605,3.016854249492,0.588002603548);
#3605 = AXIS2_PLACEMENT_3D('',#3606,#3607,#3608);
#3606 = CARTESIAN_POINT('',(0.,8.,0.));
#3607 = DIRECTION('',(0.,0.,1.));
#3608 = DIRECTION('',(1.,0.,0.));
#3609 = ADVANCED_FACE('',(#3610),#3616,.T.);
#3610 = FACE_BOUND('',#3611,.T.);
#3611 = EDGE_LOOP('',(#3612,#3613,#3614,#3615));
#3612 = ORIENTED_EDGE('',*,*,#3489,.F.);
#3613 = ORIENTED_EDGE('',*,*,#3448,.T.);
#3614 = ORIENTED_EDGE('',*,*,#3412,.F.);
#3615 = ORIENTED_EDGE('',*,*,#3519,.F.);
#3616 = PLANE('',#3617);
#3617 = AXIS2_PLACEMENT_3D('',#3618,#3619,#3620);
#3618 = CARTESIAN_POINT('',(-3.640075490574E-18,-2.184045294345E-16,6.8)
  );
#3619 = DIRECTION('',(-0.,-0.,-1.));
#3620 = DIRECTION('',(-1.,0.,0.));
#3621 = ADVANCED_FACE('',(#3622),#3641,.T.);
#3622 = FACE_BOUND('',#3623,.T.);
#3623 = EDGE_LOOP('',(#3624,#3625,#3633,#3640));
#3624 = ORIENTED_EDGE('',*,*,#3463,.F.);
#3625 = ORIENTED_EDGE('',*,*,#3626,.F.);
#3626 = EDGE_CURVE('',#3627,#3464,#3629,.T.);
#3627 = VERTEX_POINT('',#3628);
#3628 = CARTESIAN_POINT('',(3.016854249492,-7.38916180027E-16,0.));
#3629 = LINE('',#3630,#3631);
#3630 = CARTESIAN_POINT('',(3.016854249492,-7.38916180027E-16,0.));
#3631 = VECTOR('',#3632,1.);
#3632 = DIRECTION('',(0.554700196225,-1.358623639587E-16,0.832050294338)
  );
#3633 = ORIENTED_EDGE('',*,*,#3634,.T.);
#3634 = EDGE_CURVE('',#3627,#3627,#3635,.T.);
#3635 = CIRCLE('',#3636,3.016854249492);
#3636 = AXIS2_PLACEMENT_3D('',#3637,#3638,#3639);
#3637 = CARTESIAN_POINT('',(0.,0.,0.));
#3638 = DIRECTION('',(0.,0.,1.));
#3639 = DIRECTION('',(1.,0.,0.));
#3640 = ORIENTED_EDGE('',*,*,#3626,.T.);
#3641 = CONICAL_SURFACE('',#3642,3.016854249492,0.588002603548);
#3642 = AXIS2_PLACEMENT_3D('',#3643,#3644,#3645);
#3643 = CARTESIAN_POINT('',(0.,0.,0.));
#3644 = DIRECTION('',(0.,0.,1.));
#3645 = DIRECTION('',(1.,0.,0.));
#3646 = ADVANCED_FACE('',(#3647,#3650),#3661,.F.);
#3647 = FACE_BOUND('',#3648,.F.);
#3648 = EDGE_LOOP('',(#3649));
#3649 = ORIENTED_EDGE('',*,*,#3560,.T.);
#3650 = FACE_BOUND('',#3651,.F.);
#3651 = EDGE_LOOP('',(#3652));
#3652 = ORIENTED_EDGE('',*,*,#3653,.F.);
#3653 = EDGE_CURVE('',#3654,#3654,#3656,.T.);
#3654 = VERTEX_POINT('',#3655);
#3655 = CARTESIAN_POINT('',(1.6,16.,0.));
#3656 = CIRCLE('',#3657,1.6);
#3657 = AXIS2_PLACEMENT_3D('',#3658,#3659,#3660);
#3658 = CARTESIAN_POINT('',(0.,16.,0.));
#3659 = DIRECTION('',(0.,0.,1.));
#3660 = DIRECTION('',(1.,0.,0.));
#3661 = PLANE('',#3662);
#3662 = AXIS2_PLACEMENT_3D('',#3663,#3664,#3665);
#3663 = CARTESIAN_POINT('',(0.,16.,0.));
#3664 = DIRECTION('',(0.,0.,1.));
#3665 = DIRECTION('',(1.,0.,0.));
#3666 = ADVANCED_FACE('',(#3667,#3670),#3681,.F.);
#3667 = FACE_BOUND('',#3668,.F.);
#3668 = EDGE_LOOP('',(#3669));
#3669 = ORIENTED_EDGE('',*,*,#3597,.T.);
#3670 = FACE_BOUND('',#3671,.F.);
#3671 = EDGE_LOOP('',(#3672));
#3672 = ORIENTED_EDGE('',*,*,#3673,.F.);
#3673 = EDGE_CURVE('',#3674,#3674,#3676,.T.);
#3674 = VERTEX_POINT('',#3675);
#3675 = CARTESIAN_POINT('',(1.6,8.,0.));
#3676 = CIRCLE('',#3677,1.6);
#3677 = AXIS2_PLACEMENT_3D('',#3678,#3679,#3680);
#3678 = CARTESIAN_POINT('',(0.,8.,0.));
#3679 = DIRECTION('',(0.,0.,1.));
#3680 = DIRECTION('',(1.,0.,0.));
#3681 = PLANE('',#3682);
#3682 = AXIS2_PLACEMENT_3D('',#3683,#3684,#3685);
#3683 = CARTESIAN_POINT('',(0.,8.,0.));
#3684 = DIRECTION('',(0.,0.,1.));
#3685 = DIRECTION('',(1.,0.,0.));
#3686 = ADVANCED_FACE('',(#3687,#3690),#3701,.F.);
#3687 = FACE_BOUND('',#3688,.F.);
#3688 = EDGE_LOOP('',(#3689));
#3689 = ORIENTED_EDGE('',*,*,#3634,.T.);
#3690 = FACE_BOUND('',#3691,.F.);
#3691 = EDGE_LOOP('',(#3692));
#3692 = ORIENTED_EDGE('',*,*,#3693,.F.);
#3693 = EDGE_CURVE('',#3694,#3694,#3696,.T.);
#3694 = VERTEX_POINT('',#3695);
#3695 = CARTESIAN_POINT('',(1.6,-3.918869757272E-16,0.));
#3696 = CIRCLE('',#3697,1.6);
#3697 = AXIS2_PLACEMENT_3D('',#3698,#3699,#3700);
#3698 = CARTESIAN_POINT('',(0.,0.,0.));
#3699 = DIRECTION('',(0.,0.,1.));
#3700 = DIRECTION('',(1.,0.,0.));
#3701 = PLANE('',#3702);
#3702 = AXIS2_PLACEMENT_3D('',#3703,#3704,#3705);
#3703 = CARTESIAN_POINT('',(0.,0.,0.));
#3704 = DIRECTION('',(0.,0.,1.));
#3705 = DIRECTION('',(1.,0.,0.));
#3706 = ADVANCED_FACE('',(#3707),#3726,.F.);
#3707 = FACE_BOUND('',#3708,.T.);
#3708 = EDGE_LOOP('',(#3709,#3717,#3724,#3725));
#3709 = ORIENTED_EDGE('',*,*,#3710,.T.);
#3710 = EDGE_CURVE('',#3654,#3711,#3713,.T.);
#3711 = VERTEX_POINT('',#3712);
#3712 = CARTESIAN_POINT('',(1.6,16.,8.));
#3713 = LINE('',#3714,#3715);
#3714 = CARTESIAN_POINT('',(1.6,16.,0.));
#3715 = VECTOR('',#3716,1.);
#3716 = DIRECTION('',(0.,0.,1.));
#3717 = ORIENTED_EDGE('',*,*,#3718,.T.);
#3718 = EDGE_CURVE('',#3711,#3711,#3719,.T.);
#3719 = CIRCLE('',#3720,1.6);
#3720 = AXIS2_PLACEMENT_3D('',#3721,#3722,#3723);
#3721 = CARTESIAN_POINT('',(0.,16.,8.));
#3722 = DIRECTION('',(0.,0.,1.));
#3723 = DIRECTION('',(1.,0.,0.));
#3724 = ORIENTED_EDGE('',*,*,#3710,.F.);
#3725 = ORIENTED_EDGE('',*,*,#3653,.F.);
#3726 = CYLINDRICAL_SURFACE('',#3727,1.6);
#3727 = AXIS2_PLACEMENT_3D('',#3728,#3729,#3730);
#3728 = CARTESIAN_POINT('',(0.,16.,0.));
#3729 = DIRECTION('',(-0.,-0.,-1.));
#3730 = DIRECTION('',(1.,0.,0.));
#3731 = ADVANCED_FACE('',(#3732),#3751,.F.);
#3732 = FACE_BOUND('',#3733,.T.);
#3733 = EDGE_LOOP('',(#3734,#3742,#3749,#3750));
#3734 = ORIENTED_EDGE('',*,*,#3735,.T.);
#3735 = EDGE_CURVE('',#3674,#3736,#3738,.T.);
#3736 = VERTEX_POINT('',#3737);
#3737 = CARTESIAN_POINT('',(1.6,8.,8.));
#3738 = LINE('',#3739,#3740);
#3739 = CARTESIAN_POINT('',(1.6,8.,0.));
#3740 = VECTOR('',#3741,1.);
#3741 = DIRECTION('',(0.,0.,1.));
#3742 = ORIENTED_EDGE('',*,*,#3743,.T.);
#3743 = EDGE_CURVE('',#3736,#3736,#3744,.T.);
#3744 = CIRCLE('',#3745,1.6);
#3745 = AXIS2_PLACEMENT_3D('',#3746,#3747,#3748);
#3746 = CARTESIAN_POINT('',(0.,8.,8.));
#3747 = DIRECTION('',(0.,0.,1.));
#3748 = DIRECTION('',(1.,0.,0.));
#3749 = ORIENTED_EDGE('',*,*,#3735,.F.);
#3750 = ORIENTED_EDGE('',*,*,#3673,.F.);
#3751 = CYLINDRICAL_SURFACE('',#3752,1.6);
#3752 = AXIS2_PLACEMENT_3D('',#3753,#3754,#3755);
#3753 = CARTESIAN_POINT('',(0.,8.,0.));
#3754 = DIRECTION('',(-0.,-0.,-1.));
#3755 = DIRECTION('',(1.,0.,0.));
#3756 = ADVANCED_FACE('',(#3757),#3776,.F.);
#3757 = FACE_BOUND('',#3758,.T.);
#3758 = EDGE_LOOP('',(#3759,#3767,#3774,#3775));
#3759 = ORIENTED_EDGE('',*,*,#3760,.T.);
#3760 = EDGE_CURVE('',#3694,#3761,#3763,.T.);
#3761 = VERTEX_POINT('',#3762);
#3762 = CARTESIAN_POINT('',(1.6,-3.918869757272E-16,8.));
#3763 = LINE('',#3764,#3765);
#3764 = CARTESIAN_POINT('',(1.6,-3.918869757272E-16,0.));
#3765 = VECTOR('',#3766,1.);
#3766 = DIRECTION('',(0.,0.,1.));
#3767 = ORIENTED_EDGE('',*,*,#3768,.T.);
#3768 = EDGE_CURVE('',#3761,#3761,#3769,.T.);
#3769 = CIRCLE('',#3770,1.6);
#3770 = AXIS2_PLACEMENT_3D('',#3771,#3772,#3773);
#3771 = CARTESIAN_POINT('',(0.,0.,8.));
#3772 = DIRECTION('',(0.,0.,1.));
#3773 = DIRECTION('',(1.,0.,0.));
#3774 = ORIENTED_EDGE('',*,*,#3760,.F.);
#3775 = ORIENTED_EDGE('',*,*,#3693,.F.);
#3776 = CYLINDRICAL_SURFACE('',#3777,1.6);
#3777 = AXIS2_PLACEMENT_3D('',#3778,#3779,#3780);
#3778 = CARTESIAN_POINT('',(0.,0.,0.));
#3779 = DIRECTION('',(-0.,-0.,-1.));
#3780 = DIRECTION('',(1.,0.,0.));
#3781 = ADVANCED_FACE('',(#3782),#3785,.F.);
#3782 = FACE_BOUND('',#3783,.T.);
#3783 = EDGE_LOOP('',(#3784));
#3784 = ORIENTED_EDGE('',*,*,#3718,.F.);
#3785 = PLANE('',#3786);
#3786 = AXIS2_PLACEMENT_3D('',#3787,#3788,#3789);
#3787 = CARTESIAN_POINT('',(0.,16.,8.));
#3788 = DIRECTION('',(0.,0.,1.));
#3789 = DIRECTION('',(1.,0.,0.));
#3790 = ADVANCED_FACE('',(#3791),#3794,.F.);
#3791 = FACE_BOUND('',#3792,.T.);
#3792 = EDGE_LOOP('',(#3793));
#3793 = ORIENTED_EDGE('',*,*,#3743,.F.);
#3794 = PLANE('',#3795);
#3795 = AXIS2_PLACEMENT_3D('',#3796,#3797,#3798);
#3796 = CARTESIAN_POINT('',(0.,8.,8.));
#3797 = DIRECTION('',(0.,0.,1.));
#3798 = DIRECTION('',(1.,0.,0.));
#3799 = ADVANCED_FACE('',(#3800),#3803,.F.);
#3800 = FACE_BOUND('',#3801,.T.);
#3801 = EDGE_LOOP('',(#3802));
#3802 = ORIENTED_EDGE('',*,*,#3768,.F.);
#3803 = PLANE('',#3804);
#3804 = AXIS2_PLACEMENT_3D('',#3805,#3806,#3807);
#3805 = CARTESIAN_POINT('',(0.,0.,8.));
#3806 = DIRECTION('',(0.,0.,1.));
#3807 = DIRECTION('',(1.,0.,0.));
#3808 = ( GEOMETRIC_REPRESENTATION_CONTEXT(3) 
GLOBAL_UNCERTAINTY_ASSIGNED_CONTEXT((#3812)) 
GLOBAL_UNIT_ASSIGNED_CONTEXT((#3809,#3810,#3811)) REPRESENTATION_CONTEXT
('Context #1','3D Context with UNIT and UNCERTAINTY') );
#3809 = ( LENGTH_UNIT() NAMED_UNIT(*) SI_UNIT(.MILLI.,.METRE.) );
#3810 = ( NAMED_UNIT(*) PLANE_ANGLE_UNIT() SI_UNIT($,.RADIAN.) );
#3811 = ( NAMED_UNIT(*) SI_UNIT($,.STERADIAN.) SOLID_ANGLE_UNIT() );
#3812 = UNCERTAINTY_MEASURE_WITH_UNIT(LENGTH_MEASURE(5.E-06),#3809,
  'distance_accuracy_value','confusion accuracy');
#3813 = PRODUCT_RELATED_PRODUCT_CATEGORY('part',$,(#7));
ENDSEC;
END-ISO-10303-21;
