ISO-10303-21;
HEADER;
FILE_DESCRIPTION(('FreeCAD Model'),'2;1');
FILE_NAME('Open CASCADE Shape Model','2026-09-20T21:13:14',('FreeCAD'),(
    'FreeCAD'),'Open CASCADE STEP processor 7.8','FreeCAD','Unknown');
FILE_SCHEMA(('AUTOMOTIVE_DESIGN { 1 0 10303 214 1 1 1 1 }'));
ENDSEC;
DATA;
#1 = APPLICATION_PROTOCOL_DEFINITION('international standard',
  'automotive_design',2000,#2);
#2 = APPLICATION_CONTEXT(
  'core data for automotive mechanical design processes');
#3 = SHAPE_DEFINITION_REPRESENTATION(#4,#10);
#4 = PRODUCT_DEFINITION_SHAPE('','',#5);
#5 = PRODUCT_DEFINITION('design','',#6,#9);
#6 = PRODUCT_DEFINITION_FORMATION('','',#7);
#7 = PRODUCT('Open CASCADE STEP translator 7.8 87',
  'Open CASCADE STEP translator 7.8 87','',(#8));
#8 = PRODUCT_CONTEXT('',#2,'mechanical');
#9 = PRODUCT_DEFINITION_CONTEXT('part definition',#2,'design');
#10 = ADVANCED_BREP_SHAPE_REPRESENTATION('',(#11,#15),#5497);
#11 = AXIS2_PLACEMENT_3D('',#12,#13,#14);
#12 = CARTESIAN_POINT('',(0.,0.,0.));
#13 = DIRECTION('',(0.,0.,1.));
#14 = DIRECTION('',(1.,0.,-0.));
#15 = MANIFOLD_SOLID_BREP('',#16);
#16 = CLOSED_SHELL('',(#17,#50,#268,#293,#324,#348,#372,#396,#420,#444,
    #468,#485,#510,#535,#560,#585,#610,#635,#660,#685,#710,#735,#760,
    #785,#810,#819,#1045,#1070,#1095,#1120,#1145,#1170,#1195,#1220,#1245
    ,#1270,#1295,#1320,#1345,#1370,#1399,#1422,#1445,#1468,#1491,#1514,
    #1537,#1560,#1583,#1606,#1629,#1652,#1675,#1698,#1721,#1744,#1767,
    #1790,#1813,#1836,#1859,#1882,#1905,#1928,#1951,#1968,#1977,#1986,
    #1995,#2004,#2013,#2022,#2031,#2040,#2049,#2058,#2067,#2076,#2085,
    #2286,#2342,#2399,#2455,#2513,#2569,#2694,#2743,#2776,#2800,#2825,
    #2849,#2891,#2915,#2940,#2964,#3006,#3030,#3055,#3079,#3121,#3145,
    #3170,#3194,#3236,#3260,#3285,#3309,#3335,#3368,#3392,#3417,#3434,
    #3501,#3525,#3559,#3576,#3609,#3633,#3658,#3675,#3708,#3732,#3766,
    #3783,#3807,#3832,#3856,#3916,#3949,#3973,#4007,#4031,#4073,#4097,
    #4131,#4155,#4197,#4221,#4255,#4272,#4296,#4321,#4338,#4399,#4423,
    #4525,#4549,#4623,#4647,#4721,#4745,#4799,#4816,#4877,#4894,#4911,
    #4928,#4945,#4962,#4987,#4999,#5024,#5037,#5049,#5074,#5086,#5111,
    #5123,#5148,#5173,#5193,#5213,#5233,#5253,#5273,#5293,#5318,#5343,
    #5368,#5393,#5418,#5443,#5452,#5461,#5470,#5479,#5488));
#17 = ADVANCED_FACE('',(#18),#45,.T.);
#18 = FACE_BOUND('',#19,.F.);
#19 = EDGE_LOOP('',(#20,#30,#37,#38));
#20 = ORIENTED_EDGE('',*,*,#21,.T.);
#21 = EDGE_CURVE('',#22,#24,#26,.T.);
#22 = VERTEX_POINT('',#23);
#23 = CARTESIAN_POINT('',(-5.6,-20.,9.6));
#24 = VERTEX_POINT('',#25);
#25 = CARTESIAN_POINT('',(-5.6,-20.,11.15));
#26 = LINE('',#27,#28);
#27 = CARTESIAN_POINT('',(-5.6,-20.,9.6));
#28 = VECTOR('',#29,1.);
#29 = DIRECTION('',(0.,0.,1.));
#30 = ORIENTED_EDGE('',*,*,#31,.T.);
#31 = EDGE_CURVE('',#24,#24,#32,.T.);
#32 = CIRCLE('',#33,2.4);
#33 = AXIS2_PLACEMENT_3D('',#34,#35,#36);
#34 = CARTESIAN_POINT('',(-8.,-20.,11.15));
#35 = DIRECTION('',(0.,0.,1.));
#36 = DIRECTION('',(1.,0.,0.));
#37 = ORIENTED_EDGE('',*,*,#21,.F.);
#38 = ORIENTED_EDGE('',*,*,#39,.F.);
#39 = EDGE_CURVE('',#22,#22,#40,.T.);
#40 = CIRCLE('',#41,2.4);
#41 = AXIS2_PLACEMENT_3D('',#42,#43,#44);
#42 = CARTESIAN_POINT('',(-8.,-20.,9.6));
#43 = DIRECTION('',(0.,0.,1.));
#44 = DIRECTION('',(1.,0.,0.));
#45 = CYLINDRICAL_SURFACE('',#46,2.4);
#46 = AXIS2_PLACEMENT_3D('',#47,#48,#49);
#47 = CARTESIAN_POINT('',(-8.,-20.,9.6));
#48 = DIRECTION('',(-0.,-0.,-1.));
#49 = DIRECTION('',(1.,0.,0.));
#50 = ADVANCED_FACE('',(#51,#117,#120,#131,#142,#153,#164,#175,#186,#197
    ,#208,#219,#230,#241,#252),#263,.T.);
#51 = FACE_BOUND('',#52,.T.);
#52 = EDGE_LOOP('',(#53,#63,#71,#79,#87,#95,#103,#111));
#53 = ORIENTED_EDGE('',*,*,#54,.F.);
#54 = EDGE_CURVE('',#55,#57,#59,.T.);
#55 = VERTEX_POINT('',#56);
#56 = CARTESIAN_POINT('',(-11.9,-23.9,9.6));
#57 = VERTEX_POINT('',#58);
#58 = CARTESIAN_POINT('',(-11.9,23.9,9.6));
#59 = LINE('',#60,#61);
#60 = CARTESIAN_POINT('',(-11.9,-23.9,9.6));
#61 = VECTOR('',#62,1.);
#62 = DIRECTION('',(0.,1.,0.));
#63 = ORIENTED_EDGE('',*,*,#64,.T.);
#64 = EDGE_CURVE('',#55,#65,#67,.T.);
#65 = VERTEX_POINT('',#66);
#66 = CARTESIAN_POINT('',(3.9,-23.9,9.6));
#67 = LINE('',#68,#69);
#68 = CARTESIAN_POINT('',(-11.9,-23.9,9.6));
#69 = VECTOR('',#70,1.);
#70 = DIRECTION('',(1.,0.,0.));
#71 = ORIENTED_EDGE('',*,*,#72,.T.);
#72 = EDGE_CURVE('',#65,#73,#75,.T.);
#73 = VERTEX_POINT('',#74);
#74 = CARTESIAN_POINT('',(3.9,1.E-01,9.6));
#75 = LINE('',#76,#77);
#76 = CARTESIAN_POINT('',(3.9,-23.9,9.6));
#77 = VECTOR('',#78,1.);
#78 = DIRECTION('',(0.,1.,0.));
#79 = ORIENTED_EDGE('',*,*,#80,.T.);
#80 = EDGE_CURVE('',#73,#81,#83,.T.);
#81 = VERTEX_POINT('',#82);
#82 = CARTESIAN_POINT('',(11.9,0.1,9.6));
#83 = LINE('',#84,#85);
#84 = CARTESIAN_POINT('',(-11.9,0.1,9.6));
#85 = VECTOR('',#86,1.);
#86 = DIRECTION('',(1.,0.,0.));
#87 = ORIENTED_EDGE('',*,*,#88,.T.);
#88 = EDGE_CURVE('',#81,#89,#91,.T.);
#89 = VERTEX_POINT('',#90);
#90 = CARTESIAN_POINT('',(11.9,15.9,9.6));
#91 = LINE('',#92,#93);
#92 = CARTESIAN_POINT('',(11.9,0.1,9.6));
#93 = VECTOR('',#94,1.);
#94 = DIRECTION('',(0.,1.,0.));
#95 = ORIENTED_EDGE('',*,*,#96,.F.);
#96 = EDGE_CURVE('',#97,#89,#99,.T.);
#97 = VERTEX_POINT('',#98);
#98 = CARTESIAN_POINT('',(3.9,15.9,9.6));
#99 = LINE('',#100,#101);
#100 = CARTESIAN_POINT('',(-11.9,15.9,9.6));
#101 = VECTOR('',#102,1.);
#102 = DIRECTION('',(1.,0.,0.));
#103 = ORIENTED_EDGE('',*,*,#104,.T.);
#104 = EDGE_CURVE('',#97,#105,#107,.T.);
#105 = VERTEX_POINT('',#106);
#106 = CARTESIAN_POINT('',(3.9,23.9,9.6));
#107 = LINE('',#108,#109);
#108 = CARTESIAN_POINT('',(3.9,15.9,9.6));
#109 = VECTOR('',#110,1.);
#110 = DIRECTION('',(0.,1.,0.));
#111 = ORIENTED_EDGE('',*,*,#112,.F.);
#112 = EDGE_CURVE('',#57,#105,#113,.T.);
#113 = LINE('',#114,#115);
#114 = CARTESIAN_POINT('',(-11.9,23.9,9.6));
#115 = VECTOR('',#116,1.);
#116 = DIRECTION('',(1.,0.,0.));
#117 = FACE_BOUND('',#118,.T.);
#118 = EDGE_LOOP('',(#119));
#119 = ORIENTED_EDGE('',*,*,#39,.F.);
#120 = FACE_BOUND('',#121,.T.);
#121 = EDGE_LOOP('',(#122));
#122 = ORIENTED_EDGE('',*,*,#123,.F.);
#123 = EDGE_CURVE('',#124,#124,#126,.T.);
#124 = VERTEX_POINT('',#125);
#125 = CARTESIAN_POINT('',(-5.6,-12.,9.6));
#126 = CIRCLE('',#127,2.4);
#127 = AXIS2_PLACEMENT_3D('',#128,#129,#130);
#128 = CARTESIAN_POINT('',(-8.,-12.,9.6));
#129 = DIRECTION('',(0.,0.,1.));
#130 = DIRECTION('',(1.,0.,0.));
#131 = FACE_BOUND('',#132,.T.);
#132 = EDGE_LOOP('',(#133));
#133 = ORIENTED_EDGE('',*,*,#134,.F.);
#134 = EDGE_CURVE('',#135,#135,#137,.T.);
#135 = VERTEX_POINT('',#136);
#136 = CARTESIAN_POINT('',(-5.6,-4.,9.6));
#137 = CIRCLE('',#138,2.4);
#138 = AXIS2_PLACEMENT_3D('',#139,#140,#141);
#139 = CARTESIAN_POINT('',(-8.,-4.,9.6));
#140 = DIRECTION('',(0.,0.,1.));
#141 = DIRECTION('',(1.,0.,0.));
#142 = FACE_BOUND('',#143,.T.);
#143 = EDGE_LOOP('',(#144));
#144 = ORIENTED_EDGE('',*,*,#145,.F.);
#145 = EDGE_CURVE('',#146,#146,#148,.T.);
#146 = VERTEX_POINT('',#147);
#147 = CARTESIAN_POINT('',(2.4,-20.,9.6));
#148 = CIRCLE('',#149,2.4);
#149 = AXIS2_PLACEMENT_3D('',#150,#151,#152);
#150 = CARTESIAN_POINT('',(0.,-20.,9.6));
#151 = DIRECTION('',(0.,0.,1.));
#152 = DIRECTION('',(1.,0.,0.));
#153 = FACE_BOUND('',#154,.T.);
#154 = EDGE_LOOP('',(#155));
#155 = ORIENTED_EDGE('',*,*,#156,.F.);
#156 = EDGE_CURVE('',#157,#157,#159,.T.);
#157 = VERTEX_POINT('',#158);
#158 = CARTESIAN_POINT('',(2.4,-12.,9.6));
#159 = CIRCLE('',#160,2.4);
#160 = AXIS2_PLACEMENT_3D('',#161,#162,#163);
#161 = CARTESIAN_POINT('',(0.,-12.,9.6));
#162 = DIRECTION('',(0.,0.,1.));
#163 = DIRECTION('',(1.,0.,0.));
#164 = FACE_BOUND('',#165,.T.);
#165 = EDGE_LOOP('',(#166));
#166 = ORIENTED_EDGE('',*,*,#167,.F.);
#167 = EDGE_CURVE('',#168,#168,#170,.T.);
#168 = VERTEX_POINT('',#169);
#169 = CARTESIAN_POINT('',(2.4,-4.,9.6));
#170 = CIRCLE('',#171,2.4);
#171 = AXIS2_PLACEMENT_3D('',#172,#173,#174);
#172 = CARTESIAN_POINT('',(0.,-4.,9.6));
#173 = DIRECTION('',(0.,0.,1.));
#174 = DIRECTION('',(1.,0.,0.));
#175 = FACE_BOUND('',#176,.T.);
#176 = EDGE_LOOP('',(#177));
#177 = ORIENTED_EDGE('',*,*,#178,.F.);
#178 = EDGE_CURVE('',#179,#179,#181,.T.);
#179 = VERTEX_POINT('',#180);
#180 = CARTESIAN_POINT('',(-5.6,4.,9.6));
#181 = CIRCLE('',#182,2.4);
#182 = AXIS2_PLACEMENT_3D('',#183,#184,#185);
#183 = CARTESIAN_POINT('',(-8.,4.,9.6));
#184 = DIRECTION('',(0.,0.,1.));
#185 = DIRECTION('',(1.,0.,0.));
#186 = FACE_BOUND('',#187,.T.);
#187 = EDGE_LOOP('',(#188));
#188 = ORIENTED_EDGE('',*,*,#189,.F.);
#189 = EDGE_CURVE('',#190,#190,#192,.T.);
#190 = VERTEX_POINT('',#191);
#191 = CARTESIAN_POINT('',(-5.6,12.,9.6));
#192 = CIRCLE('',#193,2.4);
#193 = AXIS2_PLACEMENT_3D('',#194,#195,#196);
#194 = CARTESIAN_POINT('',(-8.,12.,9.6));
#195 = DIRECTION('',(0.,0.,1.));
#196 = DIRECTION('',(1.,0.,0.));
#197 = FACE_BOUND('',#198,.T.);
#198 = EDGE_LOOP('',(#199));
#199 = ORIENTED_EDGE('',*,*,#200,.F.);
#200 = EDGE_CURVE('',#201,#201,#203,.T.);
#201 = VERTEX_POINT('',#202);
#202 = CARTESIAN_POINT('',(-5.6,20.,9.6));
#203 = CIRCLE('',#204,2.4);
#204 = AXIS2_PLACEMENT_3D('',#205,#206,#207);
#205 = CARTESIAN_POINT('',(-8.,20.,9.6));
#206 = DIRECTION('',(0.,0.,1.));
#207 = DIRECTION('',(1.,0.,0.));
#208 = FACE_BOUND('',#209,.T.);
#209 = EDGE_LOOP('',(#210));
#210 = ORIENTED_EDGE('',*,*,#211,.F.);
#211 = EDGE_CURVE('',#212,#212,#214,.T.);
#212 = VERTEX_POINT('',#213);
#213 = CARTESIAN_POINT('',(2.4,4.,9.6));
#214 = CIRCLE('',#215,2.4);
#215 = AXIS2_PLACEMENT_3D('',#216,#217,#218);
#216 = CARTESIAN_POINT('',(0.,4.,9.6));
#217 = DIRECTION('',(0.,0.,1.));
#218 = DIRECTION('',(1.,0.,0.));
#219 = FACE_BOUND('',#220,.T.);
#220 = EDGE_LOOP('',(#221));
#221 = ORIENTED_EDGE('',*,*,#222,.F.);
#222 = EDGE_CURVE('',#223,#223,#225,.T.);
#223 = VERTEX_POINT('',#224);
#224 = CARTESIAN_POINT('',(10.4,4.,9.6));
#225 = CIRCLE('',#226,2.4);
#226 = AXIS2_PLACEMENT_3D('',#227,#228,#229);
#227 = CARTESIAN_POINT('',(8.,4.,9.6));
#228 = DIRECTION('',(0.,0.,1.));
#229 = DIRECTION('',(1.,0.,0.));
#230 = FACE_BOUND('',#231,.T.);
#231 = EDGE_LOOP('',(#232));
#232 = ORIENTED_EDGE('',*,*,#233,.F.);
#233 = EDGE_CURVE('',#234,#234,#236,.T.);
#234 = VERTEX_POINT('',#235);
#235 = CARTESIAN_POINT('',(2.4,12.,9.6));
#236 = CIRCLE('',#237,2.4);
#237 = AXIS2_PLACEMENT_3D('',#238,#239,#240);
#238 = CARTESIAN_POINT('',(0.,12.,9.6));
#239 = DIRECTION('',(0.,0.,1.));
#240 = DIRECTION('',(1.,0.,0.));
#241 = FACE_BOUND('',#242,.T.);
#242 = EDGE_LOOP('',(#243));
#243 = ORIENTED_EDGE('',*,*,#244,.F.);
#244 = EDGE_CURVE('',#245,#245,#247,.T.);
#245 = VERTEX_POINT('',#246);
#246 = CARTESIAN_POINT('',(2.4,20.,9.6));
#247 = CIRCLE('',#248,2.4);
#248 = AXIS2_PLACEMENT_3D('',#249,#250,#251);
#249 = CARTESIAN_POINT('',(0.,20.,9.6));
#250 = DIRECTION('',(0.,0.,1.));
#251 = DIRECTION('',(1.,0.,0.));
#252 = FACE_BOUND('',#253,.T.);
#253 = EDGE_LOOP('',(#254));
#254 = ORIENTED_EDGE('',*,*,#255,.F.);
#255 = EDGE_CURVE('',#256,#256,#258,.T.);
#256 = VERTEX_POINT('',#257);
#257 = CARTESIAN_POINT('',(10.4,12.,9.6));
#258 = CIRCLE('',#259,2.4);
#259 = AXIS2_PLACEMENT_3D('',#260,#261,#262);
#260 = CARTESIAN_POINT('',(8.,12.,9.6));
#261 = DIRECTION('',(0.,0.,1.));
#262 = DIRECTION('',(1.,0.,0.));
#263 = PLANE('',#264);
#264 = AXIS2_PLACEMENT_3D('',#265,#266,#267);
#265 = CARTESIAN_POINT('',(-1.787709497207,0.893854748603,9.6));
#266 = DIRECTION('',(0.,0.,1.));
#267 = DIRECTION('',(1.,0.,0.));
#268 = ADVANCED_FACE('',(#269),#288,.T.);
#269 = FACE_BOUND('',#270,.T.);
#270 = EDGE_LOOP('',(#271,#280,#286,#287));
#271 = ORIENTED_EDGE('',*,*,#272,.F.);
#272 = EDGE_CURVE('',#273,#273,#275,.T.);
#273 = VERTEX_POINT('',#274);
#274 = CARTESIAN_POINT('',(-5.85,-20.,11.4));
#275 = CIRCLE('',#276,2.15);
#276 = AXIS2_PLACEMENT_3D('',#277,#278,#279);
#277 = CARTESIAN_POINT('',(-8.,-20.,11.4));
#278 = DIRECTION('',(0.,0.,1.));
#279 = DIRECTION('',(1.,0.,0.));
#280 = ORIENTED_EDGE('',*,*,#281,.F.);
#281 = EDGE_CURVE('',#24,#273,#282,.T.);
#282 = LINE('',#283,#284);
#283 = CARTESIAN_POINT('',(-5.6,-20.,11.15));
#284 = VECTOR('',#285,1.);
#285 = DIRECTION('',(-0.707106781187,1.731912112471E-16,0.707106781187)
  );
#286 = ORIENTED_EDGE('',*,*,#31,.T.);
#287 = ORIENTED_EDGE('',*,*,#281,.T.);
#288 = CONICAL_SURFACE('',#289,2.4,0.785398163397);
#289 = AXIS2_PLACEMENT_3D('',#290,#291,#292);
#290 = CARTESIAN_POINT('',(-8.,-20.,11.15));
#291 = DIRECTION('',(-0.,-0.,-1.));
#292 = DIRECTION('',(1.,0.,0.));
#293 = ADVANCED_FACE('',(#294),#319,.T.);
#294 = FACE_BOUND('',#295,.T.);
#295 = EDGE_LOOP('',(#296,#304,#305,#313));
#296 = ORIENTED_EDGE('',*,*,#297,.T.);
#297 = EDGE_CURVE('',#298,#55,#300,.T.);
#298 = VERTEX_POINT('',#299);
#299 = CARTESIAN_POINT('',(-11.9,-23.9,0.));
#300 = LINE('',#301,#302);
#301 = CARTESIAN_POINT('',(-11.9,-23.9,0.));
#302 = VECTOR('',#303,1.);
#303 = DIRECTION('',(0.,0.,1.));
#304 = ORIENTED_EDGE('',*,*,#54,.T.);
#305 = ORIENTED_EDGE('',*,*,#306,.F.);
#306 = EDGE_CURVE('',#307,#57,#309,.T.);
#307 = VERTEX_POINT('',#308);
#308 = CARTESIAN_POINT('',(-11.9,23.9,0.));
#309 = LINE('',#310,#311);
#310 = CARTESIAN_POINT('',(-11.9,23.9,0.));
#311 = VECTOR('',#312,1.);
#312 = DIRECTION('',(0.,0.,1.));
#313 = ORIENTED_EDGE('',*,*,#314,.F.);
#314 = EDGE_CURVE('',#298,#307,#315,.T.);
#315 = LINE('',#316,#317);
#316 = CARTESIAN_POINT('',(-11.9,16.1,0.));
#317 = VECTOR('',#318,1.);
#318 = DIRECTION('',(0.,1.,0.));
#319 = PLANE('',#320);
#320 = AXIS2_PLACEMENT_3D('',#321,#322,#323);
#321 = CARTESIAN_POINT('',(-11.9,1.6711370963E-15,4.8));
#322 = DIRECTION('',(-1.,-0.,-0.));
#323 = DIRECTION('',(0.,0.,-1.));
#324 = ADVANCED_FACE('',(#325),#343,.F.);
#325 = FACE_BOUND('',#326,.F.);
#326 = EDGE_LOOP('',(#327,#335,#336,#337));
#327 = ORIENTED_EDGE('',*,*,#328,.F.);
#328 = EDGE_CURVE('',#298,#329,#331,.T.);
#329 = VERTEX_POINT('',#330);
#330 = CARTESIAN_POINT('',(3.9,-23.9,0.));
#331 = LINE('',#332,#333);
#332 = CARTESIAN_POINT('',(-11.9,-23.9,0.));
#333 = VECTOR('',#334,1.);
#334 = DIRECTION('',(1.,0.,0.));
#335 = ORIENTED_EDGE('',*,*,#297,.T.);
#336 = ORIENTED_EDGE('',*,*,#64,.T.);
#337 = ORIENTED_EDGE('',*,*,#338,.F.);
#338 = EDGE_CURVE('',#329,#65,#339,.T.);
#339 = LINE('',#340,#341);
#340 = CARTESIAN_POINT('',(3.9,-23.9,0.));
#341 = VECTOR('',#342,1.);
#342 = DIRECTION('',(0.,0.,1.));
#343 = PLANE('',#344);
#344 = AXIS2_PLACEMENT_3D('',#345,#346,#347);
#345 = CARTESIAN_POINT('',(-11.9,-23.9,0.));
#346 = DIRECTION('',(0.,1.,0.));
#347 = DIRECTION('',(0.,0.,1.));
#348 = ADVANCED_FACE('',(#349),#367,.T.);
#349 = FACE_BOUND('',#350,.T.);
#350 = EDGE_LOOP('',(#351,#359,#360,#361));
#351 = ORIENTED_EDGE('',*,*,#352,.F.);
#352 = EDGE_CURVE('',#307,#353,#355,.T.);
#353 = VERTEX_POINT('',#354);
#354 = CARTESIAN_POINT('',(3.9,23.9,0.));
#355 = LINE('',#356,#357);
#356 = CARTESIAN_POINT('',(-11.9,23.9,0.));
#357 = VECTOR('',#358,1.);
#358 = DIRECTION('',(1.,0.,0.));
#359 = ORIENTED_EDGE('',*,*,#306,.T.);
#360 = ORIENTED_EDGE('',*,*,#112,.T.);
#361 = ORIENTED_EDGE('',*,*,#362,.F.);
#362 = EDGE_CURVE('',#353,#105,#363,.T.);
#363 = LINE('',#364,#365);
#364 = CARTESIAN_POINT('',(3.9,23.9,0.));
#365 = VECTOR('',#366,1.);
#366 = DIRECTION('',(0.,0.,1.));
#367 = PLANE('',#368);
#368 = AXIS2_PLACEMENT_3D('',#369,#370,#371);
#369 = CARTESIAN_POINT('',(-11.9,23.9,0.));
#370 = DIRECTION('',(0.,1.,0.));
#371 = DIRECTION('',(0.,0.,1.));
#372 = ADVANCED_FACE('',(#373),#391,.T.);
#373 = FACE_BOUND('',#374,.T.);
#374 = EDGE_LOOP('',(#375,#376,#384,#390));
#375 = ORIENTED_EDGE('',*,*,#338,.F.);
#376 = ORIENTED_EDGE('',*,*,#377,.T.);
#377 = EDGE_CURVE('',#329,#378,#380,.T.);
#378 = VERTEX_POINT('',#379);
#379 = CARTESIAN_POINT('',(3.9,1.E-01,0.));
#380 = LINE('',#381,#382);
#381 = CARTESIAN_POINT('',(3.9,-0.1,0.));
#382 = VECTOR('',#383,1.);
#383 = DIRECTION('',(0.,1.,0.));
#384 = ORIENTED_EDGE('',*,*,#385,.T.);
#385 = EDGE_CURVE('',#378,#73,#386,.T.);
#386 = LINE('',#387,#388);
#387 = CARTESIAN_POINT('',(3.9,1.E-01,0.));
#388 = VECTOR('',#389,1.);
#389 = DIRECTION('',(0.,0.,1.));
#390 = ORIENTED_EDGE('',*,*,#72,.F.);
#391 = PLANE('',#392);
#392 = AXIS2_PLACEMENT_3D('',#393,#394,#395);
#393 = CARTESIAN_POINT('',(3.9,-11.9,4.8));
#394 = DIRECTION('',(1.,0.,0.));
#395 = DIRECTION('',(0.,0.,1.));
#396 = ADVANCED_FACE('',(#397),#415,.T.);
#397 = FACE_BOUND('',#398,.T.);
#398 = EDGE_LOOP('',(#399,#407,#413,#414));
#399 = ORIENTED_EDGE('',*,*,#400,.F.);
#400 = EDGE_CURVE('',#401,#97,#403,.T.);
#401 = VERTEX_POINT('',#402);
#402 = CARTESIAN_POINT('',(3.9,15.9,0.));
#403 = LINE('',#404,#405);
#404 = CARTESIAN_POINT('',(3.9,15.9,0.));
#405 = VECTOR('',#406,1.);
#406 = DIRECTION('',(0.,0.,1.));
#407 = ORIENTED_EDGE('',*,*,#408,.T.);
#408 = EDGE_CURVE('',#401,#353,#409,.T.);
#409 = LINE('',#410,#411);
#410 = CARTESIAN_POINT('',(3.9,16.1,0.));
#411 = VECTOR('',#412,1.);
#412 = DIRECTION('',(0.,1.,0.));
#413 = ORIENTED_EDGE('',*,*,#362,.T.);
#414 = ORIENTED_EDGE('',*,*,#104,.F.);
#415 = PLANE('',#416);
#416 = AXIS2_PLACEMENT_3D('',#417,#418,#419);
#417 = CARTESIAN_POINT('',(3.9,19.9,4.8));
#418 = DIRECTION('',(1.,0.,0.));
#419 = DIRECTION('',(0.,0.,1.));
#420 = ADVANCED_FACE('',(#421),#439,.F.);
#421 = FACE_BOUND('',#422,.F.);
#422 = EDGE_LOOP('',(#423,#431,#432,#433));
#423 = ORIENTED_EDGE('',*,*,#424,.F.);
#424 = EDGE_CURVE('',#378,#425,#427,.T.);
#425 = VERTEX_POINT('',#426);
#426 = CARTESIAN_POINT('',(11.9,0.1,0.));
#427 = LINE('',#428,#429);
#428 = CARTESIAN_POINT('',(-11.9,0.1,0.));
#429 = VECTOR('',#430,1.);
#430 = DIRECTION('',(1.,0.,0.));
#431 = ORIENTED_EDGE('',*,*,#385,.T.);
#432 = ORIENTED_EDGE('',*,*,#80,.T.);
#433 = ORIENTED_EDGE('',*,*,#434,.F.);
#434 = EDGE_CURVE('',#425,#81,#435,.T.);
#435 = LINE('',#436,#437);
#436 = CARTESIAN_POINT('',(11.9,0.1,0.));
#437 = VECTOR('',#438,1.);
#438 = DIRECTION('',(0.,0.,1.));
#439 = PLANE('',#440);
#440 = AXIS2_PLACEMENT_3D('',#441,#442,#443);
#441 = CARTESIAN_POINT('',(-11.9,0.1,0.));
#442 = DIRECTION('',(0.,1.,0.));
#443 = DIRECTION('',(0.,0.,1.));
#444 = ADVANCED_FACE('',(#445),#463,.T.);
#445 = FACE_BOUND('',#446,.T.);
#446 = EDGE_LOOP('',(#447,#455,#456,#457));
#447 = ORIENTED_EDGE('',*,*,#448,.F.);
#448 = EDGE_CURVE('',#401,#449,#451,.T.);
#449 = VERTEX_POINT('',#450);
#450 = CARTESIAN_POINT('',(11.9,15.9,0.));
#451 = LINE('',#452,#453);
#452 = CARTESIAN_POINT('',(-11.9,15.9,0.));
#453 = VECTOR('',#454,1.);
#454 = DIRECTION('',(1.,0.,0.));
#455 = ORIENTED_EDGE('',*,*,#400,.T.);
#456 = ORIENTED_EDGE('',*,*,#96,.T.);
#457 = ORIENTED_EDGE('',*,*,#458,.F.);
#458 = EDGE_CURVE('',#449,#89,#459,.T.);
#459 = LINE('',#460,#461);
#460 = CARTESIAN_POINT('',(11.9,15.9,0.));
#461 = VECTOR('',#462,1.);
#462 = DIRECTION('',(0.,0.,1.));
#463 = PLANE('',#464);
#464 = AXIS2_PLACEMENT_3D('',#465,#466,#467);
#465 = CARTESIAN_POINT('',(-11.9,15.9,0.));
#466 = DIRECTION('',(0.,1.,0.));
#467 = DIRECTION('',(0.,0.,1.));
#468 = ADVANCED_FACE('',(#469),#480,.T.);
#469 = FACE_BOUND('',#470,.T.);
#470 = EDGE_LOOP('',(#471,#472,#478,#479));
#471 = ORIENTED_EDGE('',*,*,#434,.F.);
#472 = ORIENTED_EDGE('',*,*,#473,.T.);
#473 = EDGE_CURVE('',#425,#449,#474,.T.);
#474 = LINE('',#475,#476);
#475 = CARTESIAN_POINT('',(11.9,8.1,0.));
#476 = VECTOR('',#477,1.);
#477 = DIRECTION('',(0.,1.,0.));
#478 = ORIENTED_EDGE('',*,*,#458,.T.);
#479 = ORIENTED_EDGE('',*,*,#88,.F.);
#480 = PLANE('',#481);
#481 = AXIS2_PLACEMENT_3D('',#482,#483,#484);
#482 = CARTESIAN_POINT('',(11.9,8.,4.8));
#483 = DIRECTION('',(1.,0.,0.));
#484 = DIRECTION('',(0.,0.,1.));
#485 = ADVANCED_FACE('',(#486),#505,.T.);
#486 = FACE_BOUND('',#487,.F.);
#487 = EDGE_LOOP('',(#488,#496,#503,#504));
#488 = ORIENTED_EDGE('',*,*,#489,.T.);
#489 = EDGE_CURVE('',#124,#490,#492,.T.);
#490 = VERTEX_POINT('',#491);
#491 = CARTESIAN_POINT('',(-5.6,-12.,11.15));
#492 = LINE('',#493,#494);
#493 = CARTESIAN_POINT('',(-5.6,-12.,9.6));
#494 = VECTOR('',#495,1.);
#495 = DIRECTION('',(0.,0.,1.));
#496 = ORIENTED_EDGE('',*,*,#497,.T.);
#497 = EDGE_CURVE('',#490,#490,#498,.T.);
#498 = CIRCLE('',#499,2.4);
#499 = AXIS2_PLACEMENT_3D('',#500,#501,#502);
#500 = CARTESIAN_POINT('',(-8.,-12.,11.15));
#501 = DIRECTION('',(0.,0.,1.));
#502 = DIRECTION('',(1.,0.,0.));
#503 = ORIENTED_EDGE('',*,*,#489,.F.);
#504 = ORIENTED_EDGE('',*,*,#123,.F.);
#505 = CYLINDRICAL_SURFACE('',#506,2.4);
#506 = AXIS2_PLACEMENT_3D('',#507,#508,#509);
#507 = CARTESIAN_POINT('',(-8.,-12.,9.6));
#508 = DIRECTION('',(-0.,-0.,-1.));
#509 = DIRECTION('',(1.,0.,0.));
#510 = ADVANCED_FACE('',(#511),#530,.T.);
#511 = FACE_BOUND('',#512,.F.);
#512 = EDGE_LOOP('',(#513,#521,#528,#529));
#513 = ORIENTED_EDGE('',*,*,#514,.T.);
#514 = EDGE_CURVE('',#135,#515,#517,.T.);
#515 = VERTEX_POINT('',#516);
#516 = CARTESIAN_POINT('',(-5.6,-4.,11.15));
#517 = LINE('',#518,#519);
#518 = CARTESIAN_POINT('',(-5.6,-4.,9.6));
#519 = VECTOR('',#520,1.);
#520 = DIRECTION('',(0.,0.,1.));
#521 = ORIENTED_EDGE('',*,*,#522,.T.);
#522 = EDGE_CURVE('',#515,#515,#523,.T.);
#523 = CIRCLE('',#524,2.4);
#524 = AXIS2_PLACEMENT_3D('',#525,#526,#527);
#525 = CARTESIAN_POINT('',(-8.,-4.,11.15));
#526 = DIRECTION('',(0.,0.,1.));
#527 = DIRECTION('',(1.,0.,0.));
#528 = ORIENTED_EDGE('',*,*,#514,.F.);
#529 = ORIENTED_EDGE('',*,*,#134,.F.);
#530 = CYLINDRICAL_SURFACE('',#531,2.4);
#531 = AXIS2_PLACEMENT_3D('',#532,#533,#534);
#532 = CARTESIAN_POINT('',(-8.,-4.,9.6));
#533 = DIRECTION('',(-0.,-0.,-1.));
#534 = DIRECTION('',(1.,0.,0.));
#535 = ADVANCED_FACE('',(#536),#555,.T.);
#536 = FACE_BOUND('',#537,.F.);
#537 = EDGE_LOOP('',(#538,#546,#553,#554));
#538 = ORIENTED_EDGE('',*,*,#539,.T.);
#539 = EDGE_CURVE('',#146,#540,#542,.T.);
#540 = VERTEX_POINT('',#541);
#541 = CARTESIAN_POINT('',(2.4,-20.,11.15));
#542 = LINE('',#543,#544);
#543 = CARTESIAN_POINT('',(2.4,-20.,9.6));
#544 = VECTOR('',#545,1.);
#545 = DIRECTION('',(0.,0.,1.));
#546 = ORIENTED_EDGE('',*,*,#547,.T.);
#547 = EDGE_CURVE('',#540,#540,#548,.T.);
#548 = CIRCLE('',#549,2.4);
#549 = AXIS2_PLACEMENT_3D('',#550,#551,#552);
#550 = CARTESIAN_POINT('',(0.,-20.,11.15));
#551 = DIRECTION('',(0.,0.,1.));
#552 = DIRECTION('',(1.,0.,0.));
#553 = ORIENTED_EDGE('',*,*,#539,.F.);
#554 = ORIENTED_EDGE('',*,*,#145,.F.);
#555 = CYLINDRICAL_SURFACE('',#556,2.4);
#556 = AXIS2_PLACEMENT_3D('',#557,#558,#559);
#557 = CARTESIAN_POINT('',(0.,-20.,9.6));
#558 = DIRECTION('',(-0.,-0.,-1.));
#559 = DIRECTION('',(1.,0.,0.));
#560 = ADVANCED_FACE('',(#561),#580,.T.);
#561 = FACE_BOUND('',#562,.F.);
#562 = EDGE_LOOP('',(#563,#571,#578,#579));
#563 = ORIENTED_EDGE('',*,*,#564,.T.);
#564 = EDGE_CURVE('',#157,#565,#567,.T.);
#565 = VERTEX_POINT('',#566);
#566 = CARTESIAN_POINT('',(2.4,-12.,11.15));
#567 = LINE('',#568,#569);
#568 = CARTESIAN_POINT('',(2.4,-12.,9.6));
#569 = VECTOR('',#570,1.);
#570 = DIRECTION('',(0.,0.,1.));
#571 = ORIENTED_EDGE('',*,*,#572,.T.);
#572 = EDGE_CURVE('',#565,#565,#573,.T.);
#573 = CIRCLE('',#574,2.4);
#574 = AXIS2_PLACEMENT_3D('',#575,#576,#577);
#575 = CARTESIAN_POINT('',(0.,-12.,11.15));
#576 = DIRECTION('',(0.,0.,1.));
#577 = DIRECTION('',(1.,0.,0.));
#578 = ORIENTED_EDGE('',*,*,#564,.F.);
#579 = ORIENTED_EDGE('',*,*,#156,.F.);
#580 = CYLINDRICAL_SURFACE('',#581,2.4);
#581 = AXIS2_PLACEMENT_3D('',#582,#583,#584);
#582 = CARTESIAN_POINT('',(0.,-12.,9.6));
#583 = DIRECTION('',(-0.,-0.,-1.));
#584 = DIRECTION('',(1.,0.,0.));
#585 = ADVANCED_FACE('',(#586),#605,.T.);
#586 = FACE_BOUND('',#587,.F.);
#587 = EDGE_LOOP('',(#588,#596,#603,#604));
#588 = ORIENTED_EDGE('',*,*,#589,.T.);
#589 = EDGE_CURVE('',#168,#590,#592,.T.);
#590 = VERTEX_POINT('',#591);
#591 = CARTESIAN_POINT('',(2.4,-4.,11.15));
#592 = LINE('',#593,#594);
#593 = CARTESIAN_POINT('',(2.4,-4.,9.6));
#594 = VECTOR('',#595,1.);
#595 = DIRECTION('',(0.,0.,1.));
#596 = ORIENTED_EDGE('',*,*,#597,.T.);
#597 = EDGE_CURVE('',#590,#590,#598,.T.);
#598 = CIRCLE('',#599,2.4);
#599 = AXIS2_PLACEMENT_3D('',#600,#601,#602);
#600 = CARTESIAN_POINT('',(0.,-4.,11.15));
#601 = DIRECTION('',(0.,0.,1.));
#602 = DIRECTION('',(1.,0.,0.));
#603 = ORIENTED_EDGE('',*,*,#589,.F.);
#604 = ORIENTED_EDGE('',*,*,#167,.F.);
#605 = CYLINDRICAL_SURFACE('',#606,2.4);
#606 = AXIS2_PLACEMENT_3D('',#607,#608,#609);
#607 = CARTESIAN_POINT('',(0.,-4.,9.6));
#608 = DIRECTION('',(-0.,-0.,-1.));
#609 = DIRECTION('',(1.,0.,0.));
#610 = ADVANCED_FACE('',(#611),#630,.T.);
#611 = FACE_BOUND('',#612,.F.);
#612 = EDGE_LOOP('',(#613,#621,#628,#629));
#613 = ORIENTED_EDGE('',*,*,#614,.T.);
#614 = EDGE_CURVE('',#179,#615,#617,.T.);
#615 = VERTEX_POINT('',#616);
#616 = CARTESIAN_POINT('',(-5.6,4.,11.15));
#617 = LINE('',#618,#619);
#618 = CARTESIAN_POINT('',(-5.6,4.,9.6));
#619 = VECTOR('',#620,1.);
#620 = DIRECTION('',(0.,0.,1.));
#621 = ORIENTED_EDGE('',*,*,#622,.T.);
#622 = EDGE_CURVE('',#615,#615,#623,.T.);
#623 = CIRCLE('',#624,2.4);
#624 = AXIS2_PLACEMENT_3D('',#625,#626,#627);
#625 = CARTESIAN_POINT('',(-8.,4.,11.15));
#626 = DIRECTION('',(0.,0.,1.));
#627 = DIRECTION('',(1.,0.,0.));
#628 = ORIENTED_EDGE('',*,*,#614,.F.);
#629 = ORIENTED_EDGE('',*,*,#178,.F.);
#630 = CYLINDRICAL_SURFACE('',#631,2.4);
#631 = AXIS2_PLACEMENT_3D('',#632,#633,#634);
#632 = CARTESIAN_POINT('',(-8.,4.,9.6));
#633 = DIRECTION('',(-0.,-0.,-1.));
#634 = DIRECTION('',(1.,0.,0.));
#635 = ADVANCED_FACE('',(#636),#655,.T.);
#636 = FACE_BOUND('',#637,.F.);
#637 = EDGE_LOOP('',(#638,#646,#653,#654));
#638 = ORIENTED_EDGE('',*,*,#639,.T.);
#639 = EDGE_CURVE('',#190,#640,#642,.T.);
#640 = VERTEX_POINT('',#641);
#641 = CARTESIAN_POINT('',(-5.6,12.,11.15));
#642 = LINE('',#643,#644);
#643 = CARTESIAN_POINT('',(-5.6,12.,9.6));
#644 = VECTOR('',#645,1.);
#645 = DIRECTION('',(0.,0.,1.));
#646 = ORIENTED_EDGE('',*,*,#647,.T.);
#647 = EDGE_CURVE('',#640,#640,#648,.T.);
#648 = CIRCLE('',#649,2.4);
#649 = AXIS2_PLACEMENT_3D('',#650,#651,#652);
#650 = CARTESIAN_POINT('',(-8.,12.,11.15));
#651 = DIRECTION('',(0.,0.,1.));
#652 = DIRECTION('',(1.,0.,0.));
#653 = ORIENTED_EDGE('',*,*,#639,.F.);
#654 = ORIENTED_EDGE('',*,*,#189,.F.);
#655 = CYLINDRICAL_SURFACE('',#656,2.4);
#656 = AXIS2_PLACEMENT_3D('',#657,#658,#659);
#657 = CARTESIAN_POINT('',(-8.,12.,9.6));
#658 = DIRECTION('',(-0.,-0.,-1.));
#659 = DIRECTION('',(1.,0.,0.));
#660 = ADVANCED_FACE('',(#661),#680,.T.);
#661 = FACE_BOUND('',#662,.F.);
#662 = EDGE_LOOP('',(#663,#671,#678,#679));
#663 = ORIENTED_EDGE('',*,*,#664,.T.);
#664 = EDGE_CURVE('',#201,#665,#667,.T.);
#665 = VERTEX_POINT('',#666);
#666 = CARTESIAN_POINT('',(-5.6,20.,11.15));
#667 = LINE('',#668,#669);
#668 = CARTESIAN_POINT('',(-5.6,20.,9.6));
#669 = VECTOR('',#670,1.);
#670 = DIRECTION('',(0.,0.,1.));
#671 = ORIENTED_EDGE('',*,*,#672,.T.);
#672 = EDGE_CURVE('',#665,#665,#673,.T.);
#673 = CIRCLE('',#674,2.4);
#674 = AXIS2_PLACEMENT_3D('',#675,#676,#677);
#675 = CARTESIAN_POINT('',(-8.,20.,11.15));
#676 = DIRECTION('',(0.,0.,1.));
#677 = DIRECTION('',(1.,0.,0.));
#678 = ORIENTED_EDGE('',*,*,#664,.F.);
#679 = ORIENTED_EDGE('',*,*,#200,.F.);
#680 = CYLINDRICAL_SURFACE('',#681,2.4);
#681 = AXIS2_PLACEMENT_3D('',#682,#683,#684);
#682 = CARTESIAN_POINT('',(-8.,20.,9.6));
#683 = DIRECTION('',(-0.,-0.,-1.));
#684 = DIRECTION('',(1.,0.,0.));
#685 = ADVANCED_FACE('',(#686),#705,.T.);
#686 = FACE_BOUND('',#687,.F.);
#687 = EDGE_LOOP('',(#688,#696,#703,#704));
#688 = ORIENTED_EDGE('',*,*,#689,.T.);
#689 = EDGE_CURVE('',#212,#690,#692,.T.);
#690 = VERTEX_POINT('',#691);
#691 = CARTESIAN_POINT('',(2.4,4.,11.15));
#692 = LINE('',#693,#694);
#693 = CARTESIAN_POINT('',(2.4,4.,9.6));
#694 = VECTOR('',#695,1.);
#695 = DIRECTION('',(0.,0.,1.));
#696 = ORIENTED_EDGE('',*,*,#697,.T.);
#697 = EDGE_CURVE('',#690,#690,#698,.T.);
#698 = CIRCLE('',#699,2.4);
#699 = AXIS2_PLACEMENT_3D('',#700,#701,#702);
#700 = CARTESIAN_POINT('',(0.,4.,11.15));
#701 = DIRECTION('',(0.,0.,1.));
#702 = DIRECTION('',(1.,0.,0.));
#703 = ORIENTED_EDGE('',*,*,#689,.F.);
#704 = ORIENTED_EDGE('',*,*,#211,.F.);
#705 = CYLINDRICAL_SURFACE('',#706,2.4);
#706 = AXIS2_PLACEMENT_3D('',#707,#708,#709);
#707 = CARTESIAN_POINT('',(0.,4.,9.6));
#708 = DIRECTION('',(-0.,-0.,-1.));
#709 = DIRECTION('',(1.,0.,0.));
#710 = ADVANCED_FACE('',(#711),#730,.T.);
#711 = FACE_BOUND('',#712,.F.);
#712 = EDGE_LOOP('',(#713,#721,#728,#729));
#713 = ORIENTED_EDGE('',*,*,#714,.T.);
#714 = EDGE_CURVE('',#223,#715,#717,.T.);
#715 = VERTEX_POINT('',#716);
#716 = CARTESIAN_POINT('',(10.4,4.,11.15));
#717 = LINE('',#718,#719);
#718 = CARTESIAN_POINT('',(10.4,4.,9.6));
#719 = VECTOR('',#720,1.);
#720 = DIRECTION('',(0.,0.,1.));
#721 = ORIENTED_EDGE('',*,*,#722,.T.);
#722 = EDGE_CURVE('',#715,#715,#723,.T.);
#723 = CIRCLE('',#724,2.4);
#724 = AXIS2_PLACEMENT_3D('',#725,#726,#727);
#725 = CARTESIAN_POINT('',(8.,4.,11.15));
#726 = DIRECTION('',(0.,0.,1.));
#727 = DIRECTION('',(1.,0.,0.));
#728 = ORIENTED_EDGE('',*,*,#714,.F.);
#729 = ORIENTED_EDGE('',*,*,#222,.F.);
#730 = CYLINDRICAL_SURFACE('',#731,2.4);
#731 = AXIS2_PLACEMENT_3D('',#732,#733,#734);
#732 = CARTESIAN_POINT('',(8.,4.,9.6));
#733 = DIRECTION('',(-0.,-0.,-1.));
#734 = DIRECTION('',(1.,0.,0.));
#735 = ADVANCED_FACE('',(#736),#755,.T.);
#736 = FACE_BOUND('',#737,.F.);
#737 = EDGE_LOOP('',(#738,#746,#753,#754));
#738 = ORIENTED_EDGE('',*,*,#739,.T.);
#739 = EDGE_CURVE('',#234,#740,#742,.T.);
#740 = VERTEX_POINT('',#741);
#741 = CARTESIAN_POINT('',(2.4,12.,11.15));
#742 = LINE('',#743,#744);
#743 = CARTESIAN_POINT('',(2.4,12.,9.6));
#744 = VECTOR('',#745,1.);
#745 = DIRECTION('',(0.,0.,1.));
#746 = ORIENTED_EDGE('',*,*,#747,.T.);
#747 = EDGE_CURVE('',#740,#740,#748,.T.);
#748 = CIRCLE('',#749,2.4);
#749 = AXIS2_PLACEMENT_3D('',#750,#751,#752);
#750 = CARTESIAN_POINT('',(0.,12.,11.15));
#751 = DIRECTION('',(0.,0.,1.));
#752 = DIRECTION('',(1.,0.,0.));
#753 = ORIENTED_EDGE('',*,*,#739,.F.);
#754 = ORIENTED_EDGE('',*,*,#233,.F.);
#755 = CYLINDRICAL_SURFACE('',#756,2.4);
#756 = AXIS2_PLACEMENT_3D('',#757,#758,#759);
#757 = CARTESIAN_POINT('',(0.,12.,9.6));
#758 = DIRECTION('',(-0.,-0.,-1.));
#759 = DIRECTION('',(1.,0.,0.));
#760 = ADVANCED_FACE('',(#761),#780,.T.);
#761 = FACE_BOUND('',#762,.F.);
#762 = EDGE_LOOP('',(#763,#771,#778,#779));
#763 = ORIENTED_EDGE('',*,*,#764,.T.);
#764 = EDGE_CURVE('',#245,#765,#767,.T.);
#765 = VERTEX_POINT('',#766);
#766 = CARTESIAN_POINT('',(2.4,20.,11.15));
#767 = LINE('',#768,#769);
#768 = CARTESIAN_POINT('',(2.4,20.,9.6));
#769 = VECTOR('',#770,1.);
#770 = DIRECTION('',(0.,0.,1.));
#771 = ORIENTED_EDGE('',*,*,#772,.T.);
#772 = EDGE_CURVE('',#765,#765,#773,.T.);
#773 = CIRCLE('',#774,2.4);
#774 = AXIS2_PLACEMENT_3D('',#775,#776,#777);
#775 = CARTESIAN_POINT('',(0.,20.,11.15));
#776 = DIRECTION('',(0.,0.,1.));
#777 = DIRECTION('',(1.,0.,0.));
#778 = ORIENTED_EDGE('',*,*,#764,.F.);
#779 = ORIENTED_EDGE('',*,*,#244,.F.);
#780 = CYLINDRICAL_SURFACE('',#781,2.4);
#781 = AXIS2_PLACEMENT_3D('',#782,#783,#784);
#782 = CARTESIAN_POINT('',(0.,20.,9.6));
#783 = DIRECTION('',(-0.,-0.,-1.));
#784 = DIRECTION('',(1.,0.,0.));
#785 = ADVANCED_FACE('',(#786),#805,.T.);
#786 = FACE_BOUND('',#787,.F.);
#787 = EDGE_LOOP('',(#788,#796,#803,#804));
#788 = ORIENTED_EDGE('',*,*,#789,.T.);
#789 = EDGE_CURVE('',#256,#790,#792,.T.);
#790 = VERTEX_POINT('',#791);
#791 = CARTESIAN_POINT('',(10.4,12.,11.15));
#792 = LINE('',#793,#794);
#793 = CARTESIAN_POINT('',(10.4,12.,9.6));
#794 = VECTOR('',#795,1.);
#795 = DIRECTION('',(0.,0.,1.));
#796 = ORIENTED_EDGE('',*,*,#797,.T.);
#797 = EDGE_CURVE('',#790,#790,#798,.T.);
#798 = CIRCLE('',#799,2.4);
#799 = AXIS2_PLACEMENT_3D('',#800,#801,#802);
#800 = CARTESIAN_POINT('',(8.,12.,11.15));
#801 = DIRECTION('',(0.,0.,1.));
#802 = DIRECTION('',(1.,0.,0.));
#803 = ORIENTED_EDGE('',*,*,#789,.F.);
#804 = ORIENTED_EDGE('',*,*,#255,.F.);
#805 = CYLINDRICAL_SURFACE('',#806,2.4);
#806 = AXIS2_PLACEMENT_3D('',#807,#808,#809);
#807 = CARTESIAN_POINT('',(8.,12.,9.6));
#808 = DIRECTION('',(-0.,-0.,-1.));
#809 = DIRECTION('',(1.,0.,0.));
#810 = ADVANCED_FACE('',(#811),#814,.T.);
#811 = FACE_BOUND('',#812,.T.);
#812 = EDGE_LOOP('',(#813));
#813 = ORIENTED_EDGE('',*,*,#272,.T.);
#814 = PLANE('',#815);
#815 = AXIS2_PLACEMENT_3D('',#816,#817,#818);
#816 = CARTESIAN_POINT('',(-8.,-20.,11.4));
#817 = DIRECTION('',(0.,0.,1.));
#818 = DIRECTION('',(1.,0.,0.));
#819 = ADVANCED_FACE('',(#820,#830),#1040,.T.);
#820 = FACE_BOUND('',#821,.T.);
#821 = EDGE_LOOP('',(#822,#823,#824,#825,#826,#827,#828,#829));
#822 = ORIENTED_EDGE('',*,*,#314,.T.);
#823 = ORIENTED_EDGE('',*,*,#352,.T.);
#824 = ORIENTED_EDGE('',*,*,#408,.F.);
#825 = ORIENTED_EDGE('',*,*,#448,.T.);
#826 = ORIENTED_EDGE('',*,*,#473,.F.);
#827 = ORIENTED_EDGE('',*,*,#424,.F.);
#828 = ORIENTED_EDGE('',*,*,#377,.F.);
#829 = ORIENTED_EDGE('',*,*,#328,.F.);
#830 = FACE_BOUND('',#831,.T.);
#831 = EDGE_LOOP('',(#832,#842,#850,#858,#866,#874,#882,#890,#898,#906,
    #914,#922,#930,#938,#946,#954,#962,#970,#978,#986,#994,#1002,#1010,
    #1018,#1026,#1034));
#832 = ORIENTED_EDGE('',*,*,#833,.F.);
#833 = EDGE_CURVE('',#834,#836,#838,.T.);
#834 = VERTEX_POINT('',#835);
#835 = CARTESIAN_POINT('',(-10.64,-22.64,0.));
#836 = VERTEX_POINT('',#837);
#837 = CARTESIAN_POINT('',(-10.64,-17.36,0.));
#838 = LINE('',#839,#840);
#839 = CARTESIAN_POINT('',(-10.64,-22.64,0.));
#840 = VECTOR('',#841,1.);
#841 = DIRECTION('',(0.,1.,0.));
#842 = ORIENTED_EDGE('',*,*,#843,.T.);
#843 = EDGE_CURVE('',#834,#844,#846,.T.);
#844 = VERTEX_POINT('',#845);
#845 = CARTESIAN_POINT('',(2.64,-22.64,0.));
#846 = LINE('',#847,#848);
#847 = CARTESIAN_POINT('',(-10.64,-22.64,0.));
#848 = VECTOR('',#849,1.);
#849 = DIRECTION('',(1.,0.,0.));
#850 = ORIENTED_EDGE('',*,*,#851,.T.);
#851 = EDGE_CURVE('',#844,#852,#854,.T.);
#852 = VERTEX_POINT('',#853);
#853 = CARTESIAN_POINT('',(2.64,-17.36,0.));
#854 = LINE('',#855,#856);
#855 = CARTESIAN_POINT('',(2.64,-22.64,0.));
#856 = VECTOR('',#857,1.);
#857 = DIRECTION('',(0.,1.,0.));
#858 = ORIENTED_EDGE('',*,*,#859,.T.);
#859 = EDGE_CURVE('',#852,#860,#862,.T.);
#860 = VERTEX_POINT('',#861);
#861 = CARTESIAN_POINT('',(2.64,-14.64,0.));
#862 = LINE('',#863,#864);
#863 = CARTESIAN_POINT('',(2.64,-17.36,0.));
#864 = VECTOR('',#865,1.);
#865 = DIRECTION('',(0.,1.,0.));
#866 = ORIENTED_EDGE('',*,*,#867,.T.);
#867 = EDGE_CURVE('',#860,#868,#870,.T.);
#868 = VERTEX_POINT('',#869);
#869 = CARTESIAN_POINT('',(2.64,-9.36,0.));
#870 = LINE('',#871,#872);
#871 = CARTESIAN_POINT('',(2.64,-14.64,0.));
#872 = VECTOR('',#873,1.);
#873 = DIRECTION('',(0.,1.,0.));
#874 = ORIENTED_EDGE('',*,*,#875,.T.);
#875 = EDGE_CURVE('',#868,#876,#878,.T.);
#876 = VERTEX_POINT('',#877);
#877 = CARTESIAN_POINT('',(2.64,-6.64,0.));
#878 = LINE('',#879,#880);
#879 = CARTESIAN_POINT('',(2.64,-9.36,0.));
#880 = VECTOR('',#881,1.);
#881 = DIRECTION('',(0.,1.,0.));
#882 = ORIENTED_EDGE('',*,*,#883,.T.);
#883 = EDGE_CURVE('',#876,#884,#886,.T.);
#884 = VERTEX_POINT('',#885);
#885 = CARTESIAN_POINT('',(2.64,-1.36,0.));
#886 = LINE('',#887,#888);
#887 = CARTESIAN_POINT('',(2.64,-6.64,0.));
#888 = VECTOR('',#889,1.);
#889 = DIRECTION('',(0.,1.,0.));
#890 = ORIENTED_EDGE('',*,*,#891,.T.);
#891 = EDGE_CURVE('',#884,#892,#894,.T.);
#892 = VERTEX_POINT('',#893);
#893 = CARTESIAN_POINT('',(2.64,1.36,0.));
#894 = LINE('',#895,#896);
#895 = CARTESIAN_POINT('',(2.64,-1.36,0.));
#896 = VECTOR('',#897,1.);
#897 = DIRECTION('',(0.,1.,0.));
#898 = ORIENTED_EDGE('',*,*,#899,.T.);
#899 = EDGE_CURVE('',#892,#900,#902,.T.);
#900 = VERTEX_POINT('',#901);
#901 = CARTESIAN_POINT('',(10.64,1.36,0.));
#902 = LINE('',#903,#904);
#903 = CARTESIAN_POINT('',(-10.64,1.36,0.));
#904 = VECTOR('',#905,1.);
#905 = DIRECTION('',(1.,0.,0.));
#906 = ORIENTED_EDGE('',*,*,#907,.T.);
#907 = EDGE_CURVE('',#900,#908,#910,.T.);
#908 = VERTEX_POINT('',#909);
#909 = CARTESIAN_POINT('',(10.64,6.64,0.));
#910 = LINE('',#911,#912);
#911 = CARTESIAN_POINT('',(10.64,1.36,0.));
#912 = VECTOR('',#913,1.);
#913 = DIRECTION('',(0.,1.,0.));
#914 = ORIENTED_EDGE('',*,*,#915,.T.);
#915 = EDGE_CURVE('',#908,#916,#918,.T.);
#916 = VERTEX_POINT('',#917);
#917 = CARTESIAN_POINT('',(10.64,9.36,0.));
#918 = LINE('',#919,#920);
#919 = CARTESIAN_POINT('',(10.64,6.64,0.));
#920 = VECTOR('',#921,1.);
#921 = DIRECTION('',(0.,1.,0.));
#922 = ORIENTED_EDGE('',*,*,#923,.T.);
#923 = EDGE_CURVE('',#916,#924,#926,.T.);
#924 = VERTEX_POINT('',#925);
#925 = CARTESIAN_POINT('',(10.64,14.64,0.));
#926 = LINE('',#927,#928);
#927 = CARTESIAN_POINT('',(10.64,9.36,0.));
#928 = VECTOR('',#929,1.);
#929 = DIRECTION('',(0.,1.,0.));
#930 = ORIENTED_EDGE('',*,*,#931,.F.);
#931 = EDGE_CURVE('',#932,#924,#934,.T.);
#932 = VERTEX_POINT('',#933);
#933 = CARTESIAN_POINT('',(2.64,14.64,0.));
#934 = LINE('',#935,#936);
#935 = CARTESIAN_POINT('',(-10.64,14.64,0.));
#936 = VECTOR('',#937,1.);
#937 = DIRECTION('',(1.,0.,0.));
#938 = ORIENTED_EDGE('',*,*,#939,.T.);
#939 = EDGE_CURVE('',#932,#940,#942,.T.);
#940 = VERTEX_POINT('',#941);
#941 = CARTESIAN_POINT('',(2.64,17.36,0.));
#942 = LINE('',#943,#944);
#943 = CARTESIAN_POINT('',(2.64,14.64,0.));
#944 = VECTOR('',#945,1.);
#945 = DIRECTION('',(0.,1.,0.));
#946 = ORIENTED_EDGE('',*,*,#947,.T.);
#947 = EDGE_CURVE('',#940,#948,#950,.T.);
#948 = VERTEX_POINT('',#949);
#949 = CARTESIAN_POINT('',(2.64,22.64,0.));
#950 = LINE('',#951,#952);
#951 = CARTESIAN_POINT('',(2.64,17.36,0.));
#952 = VECTOR('',#953,1.);
#953 = DIRECTION('',(0.,1.,0.));
#954 = ORIENTED_EDGE('',*,*,#955,.F.);
#955 = EDGE_CURVE('',#956,#948,#958,.T.);
#956 = VERTEX_POINT('',#957);
#957 = CARTESIAN_POINT('',(-10.64,22.64,0.));
#958 = LINE('',#959,#960);
#959 = CARTESIAN_POINT('',(-10.64,22.64,0.));
#960 = VECTOR('',#961,1.);
#961 = DIRECTION('',(1.,0.,0.));
#962 = ORIENTED_EDGE('',*,*,#963,.F.);
#963 = EDGE_CURVE('',#964,#956,#966,.T.);
#964 = VERTEX_POINT('',#965);
#965 = CARTESIAN_POINT('',(-10.64,17.36,0.));
#966 = LINE('',#967,#968);
#967 = CARTESIAN_POINT('',(-10.64,17.36,0.));
#968 = VECTOR('',#969,1.);
#969 = DIRECTION('',(0.,1.,0.));
#970 = ORIENTED_EDGE('',*,*,#971,.F.);
#971 = EDGE_CURVE('',#972,#964,#974,.T.);
#972 = VERTEX_POINT('',#973);
#973 = CARTESIAN_POINT('',(-10.64,14.64,0.));
#974 = LINE('',#975,#976);
#975 = CARTESIAN_POINT('',(-10.64,14.64,0.));
#976 = VECTOR('',#977,1.);
#977 = DIRECTION('',(0.,1.,0.));
#978 = ORIENTED_EDGE('',*,*,#979,.F.);
#979 = EDGE_CURVE('',#980,#972,#982,.T.);
#980 = VERTEX_POINT('',#981);
#981 = CARTESIAN_POINT('',(-10.64,9.36,0.));
#982 = LINE('',#983,#984);
#983 = CARTESIAN_POINT('',(-10.64,9.36,0.));
#984 = VECTOR('',#985,1.);
#985 = DIRECTION('',(0.,1.,0.));
#986 = ORIENTED_EDGE('',*,*,#987,.F.);
#987 = EDGE_CURVE('',#988,#980,#990,.T.);
#988 = VERTEX_POINT('',#989);
#989 = CARTESIAN_POINT('',(-10.64,6.64,0.));
#990 = LINE('',#991,#992);
#991 = CARTESIAN_POINT('',(-10.64,6.64,0.));
#992 = VECTOR('',#993,1.);
#993 = DIRECTION('',(0.,1.,0.));
#994 = ORIENTED_EDGE('',*,*,#995,.F.);
#995 = EDGE_CURVE('',#996,#988,#998,.T.);
#996 = VERTEX_POINT('',#997);
#997 = CARTESIAN_POINT('',(-10.64,1.36,0.));
#998 = LINE('',#999,#1000);
#999 = CARTESIAN_POINT('',(-10.64,1.36,0.));
#1000 = VECTOR('',#1001,1.);
#1001 = DIRECTION('',(0.,1.,0.));
#1002 = ORIENTED_EDGE('',*,*,#1003,.F.);
#1003 = EDGE_CURVE('',#1004,#996,#1006,.T.);
#1004 = VERTEX_POINT('',#1005);
#1005 = CARTESIAN_POINT('',(-10.64,-1.36,0.));
#1006 = LINE('',#1007,#1008);
#1007 = CARTESIAN_POINT('',(-10.64,-1.36,0.));
#1008 = VECTOR('',#1009,1.);
#1009 = DIRECTION('',(0.,1.,0.));
#1010 = ORIENTED_EDGE('',*,*,#1011,.F.);
#1011 = EDGE_CURVE('',#1012,#1004,#1014,.T.);
#1012 = VERTEX_POINT('',#1013);
#1013 = CARTESIAN_POINT('',(-10.64,-6.64,0.));
#1014 = LINE('',#1015,#1016);
#1015 = CARTESIAN_POINT('',(-10.64,-6.64,0.));
#1016 = VECTOR('',#1017,1.);
#1017 = DIRECTION('',(0.,1.,0.));
#1018 = ORIENTED_EDGE('',*,*,#1019,.F.);
#1019 = EDGE_CURVE('',#1020,#1012,#1022,.T.);
#1020 = VERTEX_POINT('',#1021);
#1021 = CARTESIAN_POINT('',(-10.64,-9.36,0.));
#1022 = LINE('',#1023,#1024);
#1023 = CARTESIAN_POINT('',(-10.64,-9.36,0.));
#1024 = VECTOR('',#1025,1.);
#1025 = DIRECTION('',(0.,1.,0.));
#1026 = ORIENTED_EDGE('',*,*,#1027,.F.);
#1027 = EDGE_CURVE('',#1028,#1020,#1030,.T.);
#1028 = VERTEX_POINT('',#1029);
#1029 = CARTESIAN_POINT('',(-10.64,-14.64,0.));
#1030 = LINE('',#1031,#1032);
#1031 = CARTESIAN_POINT('',(-10.64,-14.64,0.));
#1032 = VECTOR('',#1033,1.);
#1033 = DIRECTION('',(0.,1.,0.));
#1034 = ORIENTED_EDGE('',*,*,#1035,.F.);
#1035 = EDGE_CURVE('',#836,#1028,#1036,.T.);
#1036 = LINE('',#1037,#1038);
#1037 = CARTESIAN_POINT('',(-10.64,-17.36,0.));
#1038 = VECTOR('',#1039,1.);
#1039 = DIRECTION('',(0.,1.,0.));
#1040 = PLANE('',#1041);
#1041 = AXIS2_PLACEMENT_3D('',#1042,#1043,#1044);
#1042 = CARTESIAN_POINT('',(-1.787709497207,0.893854748603,0.));
#1043 = DIRECTION('',(-0.,-0.,-1.));
#1044 = DIRECTION('',(-1.,0.,0.));
#1045 = ADVANCED_FACE('',(#1046),#1065,.T.);
#1046 = FACE_BOUND('',#1047,.T.);
#1047 = EDGE_LOOP('',(#1048,#1057,#1063,#1064));
#1048 = ORIENTED_EDGE('',*,*,#1049,.F.);
#1049 = EDGE_CURVE('',#1050,#1050,#1052,.T.);
#1050 = VERTEX_POINT('',#1051);
#1051 = CARTESIAN_POINT('',(-5.85,-12.,11.4));
#1052 = CIRCLE('',#1053,2.15);
#1053 = AXIS2_PLACEMENT_3D('',#1054,#1055,#1056);
#1054 = CARTESIAN_POINT('',(-8.,-12.,11.4));
#1055 = DIRECTION('',(0.,0.,1.));
#1056 = DIRECTION('',(1.,0.,0.));
#1057 = ORIENTED_EDGE('',*,*,#1058,.F.);
#1058 = EDGE_CURVE('',#490,#1050,#1059,.T.);
#1059 = LINE('',#1060,#1061);
#1060 = CARTESIAN_POINT('',(-5.6,-12.,11.15));
#1061 = VECTOR('',#1062,1.);
#1062 = DIRECTION('',(-0.707106781187,1.731912112471E-16,0.707106781187)
  );
#1063 = ORIENTED_EDGE('',*,*,#497,.T.);
#1064 = ORIENTED_EDGE('',*,*,#1058,.T.);
#1065 = CONICAL_SURFACE('',#1066,2.4,0.785398163397);
#1066 = AXIS2_PLACEMENT_3D('',#1067,#1068,#1069);
#1067 = CARTESIAN_POINT('',(-8.,-12.,11.15));
#1068 = DIRECTION('',(-0.,-0.,-1.));
#1069 = DIRECTION('',(1.,0.,0.));
#1070 = ADVANCED_FACE('',(#1071),#1090,.T.);
#1071 = FACE_BOUND('',#1072,.T.);
#1072 = EDGE_LOOP('',(#1073,#1082,#1088,#1089));
#1073 = ORIENTED_EDGE('',*,*,#1074,.F.);
#1074 = EDGE_CURVE('',#1075,#1075,#1077,.T.);
#1075 = VERTEX_POINT('',#1076);
#1076 = CARTESIAN_POINT('',(-5.85,-4.,11.4));
#1077 = CIRCLE('',#1078,2.15);
#1078 = AXIS2_PLACEMENT_3D('',#1079,#1080,#1081);
#1079 = CARTESIAN_POINT('',(-8.,-4.,11.4));
#1080 = DIRECTION('',(0.,0.,1.));
#1081 = DIRECTION('',(1.,0.,0.));
#1082 = ORIENTED_EDGE('',*,*,#1083,.F.);
#1083 = EDGE_CURVE('',#515,#1075,#1084,.T.);
#1084 = LINE('',#1085,#1086);
#1085 = CARTESIAN_POINT('',(-5.6,-4.,11.15));
#1086 = VECTOR('',#1087,1.);
#1087 = DIRECTION('',(-0.707106781187,1.731912112471E-16,0.707106781187)
  );
#1088 = ORIENTED_EDGE('',*,*,#522,.T.);
#1089 = ORIENTED_EDGE('',*,*,#1083,.T.);
#1090 = CONICAL_SURFACE('',#1091,2.4,0.785398163397);
#1091 = AXIS2_PLACEMENT_3D('',#1092,#1093,#1094);
#1092 = CARTESIAN_POINT('',(-8.,-4.,11.15));
#1093 = DIRECTION('',(-0.,-0.,-1.));
#1094 = DIRECTION('',(1.,0.,0.));
#1095 = ADVANCED_FACE('',(#1096),#1115,.T.);
#1096 = FACE_BOUND('',#1097,.T.);
#1097 = EDGE_LOOP('',(#1098,#1107,#1113,#1114));
#1098 = ORIENTED_EDGE('',*,*,#1099,.F.);
#1099 = EDGE_CURVE('',#1100,#1100,#1102,.T.);
#1100 = VERTEX_POINT('',#1101);
#1101 = CARTESIAN_POINT('',(2.15,-20.,11.4));
#1102 = CIRCLE('',#1103,2.15);
#1103 = AXIS2_PLACEMENT_3D('',#1104,#1105,#1106);
#1104 = CARTESIAN_POINT('',(0.,-20.,11.4));
#1105 = DIRECTION('',(0.,0.,1.));
#1106 = DIRECTION('',(1.,0.,0.));
#1107 = ORIENTED_EDGE('',*,*,#1108,.F.);
#1108 = EDGE_CURVE('',#540,#1100,#1109,.T.);
#1109 = LINE('',#1110,#1111);
#1110 = CARTESIAN_POINT('',(2.4,-20.,11.15));
#1111 = VECTOR('',#1112,1.);
#1112 = DIRECTION('',(-0.707106781187,1.731912112471E-16,0.707106781187)
  );
#1113 = ORIENTED_EDGE('',*,*,#547,.T.);
#1114 = ORIENTED_EDGE('',*,*,#1108,.T.);
#1115 = CONICAL_SURFACE('',#1116,2.4,0.785398163397);
#1116 = AXIS2_PLACEMENT_3D('',#1117,#1118,#1119);
#1117 = CARTESIAN_POINT('',(0.,-20.,11.15));
#1118 = DIRECTION('',(-0.,-0.,-1.));
#1119 = DIRECTION('',(1.,0.,0.));
#1120 = ADVANCED_FACE('',(#1121),#1140,.T.);
#1121 = FACE_BOUND('',#1122,.T.);
#1122 = EDGE_LOOP('',(#1123,#1132,#1138,#1139));
#1123 = ORIENTED_EDGE('',*,*,#1124,.F.);
#1124 = EDGE_CURVE('',#1125,#1125,#1127,.T.);
#1125 = VERTEX_POINT('',#1126);
#1126 = CARTESIAN_POINT('',(2.15,-12.,11.4));
#1127 = CIRCLE('',#1128,2.15);
#1128 = AXIS2_PLACEMENT_3D('',#1129,#1130,#1131);
#1129 = CARTESIAN_POINT('',(0.,-12.,11.4));
#1130 = DIRECTION('',(0.,0.,1.));
#1131 = DIRECTION('',(1.,0.,0.));
#1132 = ORIENTED_EDGE('',*,*,#1133,.F.);
#1133 = EDGE_CURVE('',#565,#1125,#1134,.T.);
#1134 = LINE('',#1135,#1136);
#1135 = CARTESIAN_POINT('',(2.4,-12.,11.15));
#1136 = VECTOR('',#1137,1.);
#1137 = DIRECTION('',(-0.707106781187,1.731912112471E-16,0.707106781187)
  );
#1138 = ORIENTED_EDGE('',*,*,#572,.T.);
#1139 = ORIENTED_EDGE('',*,*,#1133,.T.);
#1140 = CONICAL_SURFACE('',#1141,2.4,0.785398163397);
#1141 = AXIS2_PLACEMENT_3D('',#1142,#1143,#1144);
#1142 = CARTESIAN_POINT('',(0.,-12.,11.15));
#1143 = DIRECTION('',(-0.,-0.,-1.));
#1144 = DIRECTION('',(1.,0.,0.));
#1145 = ADVANCED_FACE('',(#1146),#1165,.T.);
#1146 = FACE_BOUND('',#1147,.T.);
#1147 = EDGE_LOOP('',(#1148,#1157,#1163,#1164));
#1148 = ORIENTED_EDGE('',*,*,#1149,.F.);
#1149 = EDGE_CURVE('',#1150,#1150,#1152,.T.);
#1150 = VERTEX_POINT('',#1151);
#1151 = CARTESIAN_POINT('',(2.15,-4.,11.4));
#1152 = CIRCLE('',#1153,2.15);
#1153 = AXIS2_PLACEMENT_3D('',#1154,#1155,#1156);
#1154 = CARTESIAN_POINT('',(0.,-4.,11.4));
#1155 = DIRECTION('',(0.,0.,1.));
#1156 = DIRECTION('',(1.,0.,0.));
#1157 = ORIENTED_EDGE('',*,*,#1158,.F.);
#1158 = EDGE_CURVE('',#590,#1150,#1159,.T.);
#1159 = LINE('',#1160,#1161);
#1160 = CARTESIAN_POINT('',(2.4,-4.,11.15));
#1161 = VECTOR('',#1162,1.);
#1162 = DIRECTION('',(-0.707106781187,1.731912112471E-16,0.707106781187)
  );
#1163 = ORIENTED_EDGE('',*,*,#597,.T.);
#1164 = ORIENTED_EDGE('',*,*,#1158,.T.);
#1165 = CONICAL_SURFACE('',#1166,2.4,0.785398163397);
#1166 = AXIS2_PLACEMENT_3D('',#1167,#1168,#1169);
#1167 = CARTESIAN_POINT('',(0.,-4.,11.15));
#1168 = DIRECTION('',(-0.,-0.,-1.));
#1169 = DIRECTION('',(1.,0.,0.));
#1170 = ADVANCED_FACE('',(#1171),#1190,.T.);
#1171 = FACE_BOUND('',#1172,.T.);
#1172 = EDGE_LOOP('',(#1173,#1182,#1188,#1189));
#1173 = ORIENTED_EDGE('',*,*,#1174,.F.);
#1174 = EDGE_CURVE('',#1175,#1175,#1177,.T.);
#1175 = VERTEX_POINT('',#1176);
#1176 = CARTESIAN_POINT('',(-5.85,4.,11.4));
#1177 = CIRCLE('',#1178,2.15);
#1178 = AXIS2_PLACEMENT_3D('',#1179,#1180,#1181);
#1179 = CARTESIAN_POINT('',(-8.,4.,11.4));
#1180 = DIRECTION('',(0.,0.,1.));
#1181 = DIRECTION('',(1.,0.,0.));
#1182 = ORIENTED_EDGE('',*,*,#1183,.F.);
#1183 = EDGE_CURVE('',#615,#1175,#1184,.T.);
#1184 = LINE('',#1185,#1186);
#1185 = CARTESIAN_POINT('',(-5.6,4.,11.15));
#1186 = VECTOR('',#1187,1.);
#1187 = DIRECTION('',(-0.707106781187,1.731912112471E-16,0.707106781187)
  );
#1188 = ORIENTED_EDGE('',*,*,#622,.T.);
#1189 = ORIENTED_EDGE('',*,*,#1183,.T.);
#1190 = CONICAL_SURFACE('',#1191,2.4,0.785398163397);
#1191 = AXIS2_PLACEMENT_3D('',#1192,#1193,#1194);
#1192 = CARTESIAN_POINT('',(-8.,4.,11.15));
#1193 = DIRECTION('',(-0.,-0.,-1.));
#1194 = DIRECTION('',(1.,0.,0.));
#1195 = ADVANCED_FACE('',(#1196),#1215,.T.);
#1196 = FACE_BOUND('',#1197,.T.);
#1197 = EDGE_LOOP('',(#1198,#1207,#1213,#1214));
#1198 = ORIENTED_EDGE('',*,*,#1199,.F.);
#1199 = EDGE_CURVE('',#1200,#1200,#1202,.T.);
#1200 = VERTEX_POINT('',#1201);
#1201 = CARTESIAN_POINT('',(-5.85,12.,11.4));
#1202 = CIRCLE('',#1203,2.15);
#1203 = AXIS2_PLACEMENT_3D('',#1204,#1205,#1206);
#1204 = CARTESIAN_POINT('',(-8.,12.,11.4));
#1205 = DIRECTION('',(0.,0.,1.));
#1206 = DIRECTION('',(1.,0.,0.));
#1207 = ORIENTED_EDGE('',*,*,#1208,.F.);
#1208 = EDGE_CURVE('',#640,#1200,#1209,.T.);
#1209 = LINE('',#1210,#1211);
#1210 = CARTESIAN_POINT('',(-5.6,12.,11.15));
#1211 = VECTOR('',#1212,1.);
#1212 = DIRECTION('',(-0.707106781187,1.731912112471E-16,0.707106781187)
  );
#1213 = ORIENTED_EDGE('',*,*,#647,.T.);
#1214 = ORIENTED_EDGE('',*,*,#1208,.T.);
#1215 = CONICAL_SURFACE('',#1216,2.4,0.785398163397);
#1216 = AXIS2_PLACEMENT_3D('',#1217,#1218,#1219);
#1217 = CARTESIAN_POINT('',(-8.,12.,11.15));
#1218 = DIRECTION('',(-0.,-0.,-1.));
#1219 = DIRECTION('',(1.,0.,0.));
#1220 = ADVANCED_FACE('',(#1221),#1240,.T.);
#1221 = FACE_BOUND('',#1222,.T.);
#1222 = EDGE_LOOP('',(#1223,#1232,#1238,#1239));
#1223 = ORIENTED_EDGE('',*,*,#1224,.F.);
#1224 = EDGE_CURVE('',#1225,#1225,#1227,.T.);
#1225 = VERTEX_POINT('',#1226);
#1226 = CARTESIAN_POINT('',(-5.85,20.,11.4));
#1227 = CIRCLE('',#1228,2.15);
#1228 = AXIS2_PLACEMENT_3D('',#1229,#1230,#1231);
#1229 = CARTESIAN_POINT('',(-8.,20.,11.4));
#1230 = DIRECTION('',(0.,0.,1.));
#1231 = DIRECTION('',(1.,0.,0.));
#1232 = ORIENTED_EDGE('',*,*,#1233,.F.);
#1233 = EDGE_CURVE('',#665,#1225,#1234,.T.);
#1234 = LINE('',#1235,#1236);
#1235 = CARTESIAN_POINT('',(-5.6,20.,11.15));
#1236 = VECTOR('',#1237,1.);
#1237 = DIRECTION('',(-0.707106781187,1.731912112471E-16,0.707106781187)
  );
#1238 = ORIENTED_EDGE('',*,*,#672,.T.);
#1239 = ORIENTED_EDGE('',*,*,#1233,.T.);
#1240 = CONICAL_SURFACE('',#1241,2.4,0.785398163397);
#1241 = AXIS2_PLACEMENT_3D('',#1242,#1243,#1244);
#1242 = CARTESIAN_POINT('',(-8.,20.,11.15));
#1243 = DIRECTION('',(-0.,-0.,-1.));
#1244 = DIRECTION('',(1.,0.,0.));
#1245 = ADVANCED_FACE('',(#1246),#1265,.T.);
#1246 = FACE_BOUND('',#1247,.T.);
#1247 = EDGE_LOOP('',(#1248,#1257,#1263,#1264));
#1248 = ORIENTED_EDGE('',*,*,#1249,.F.);
#1249 = EDGE_CURVE('',#1250,#1250,#1252,.T.);
#1250 = VERTEX_POINT('',#1251);
#1251 = CARTESIAN_POINT('',(2.15,4.,11.4));
#1252 = CIRCLE('',#1253,2.15);
#1253 = AXIS2_PLACEMENT_3D('',#1254,#1255,#1256);
#1254 = CARTESIAN_POINT('',(0.,4.,11.4));
#1255 = DIRECTION('',(0.,0.,1.));
#1256 = DIRECTION('',(1.,0.,0.));
#1257 = ORIENTED_EDGE('',*,*,#1258,.F.);
#1258 = EDGE_CURVE('',#690,#1250,#1259,.T.);
#1259 = LINE('',#1260,#1261);
#1260 = CARTESIAN_POINT('',(2.4,4.,11.15));
#1261 = VECTOR('',#1262,1.);
#1262 = DIRECTION('',(-0.707106781187,1.731912112471E-16,0.707106781187)
  );
#1263 = ORIENTED_EDGE('',*,*,#697,.T.);
#1264 = ORIENTED_EDGE('',*,*,#1258,.T.);
#1265 = CONICAL_SURFACE('',#1266,2.4,0.785398163397);
#1266 = AXIS2_PLACEMENT_3D('',#1267,#1268,#1269);
#1267 = CARTESIAN_POINT('',(0.,4.,11.15));
#1268 = DIRECTION('',(-0.,-0.,-1.));
#1269 = DIRECTION('',(1.,0.,0.));
#1270 = ADVANCED_FACE('',(#1271),#1290,.T.);
#1271 = FACE_BOUND('',#1272,.T.);
#1272 = EDGE_LOOP('',(#1273,#1282,#1288,#1289));
#1273 = ORIENTED_EDGE('',*,*,#1274,.F.);
#1274 = EDGE_CURVE('',#1275,#1275,#1277,.T.);
#1275 = VERTEX_POINT('',#1276);
#1276 = CARTESIAN_POINT('',(10.15,4.,11.4));
#1277 = CIRCLE('',#1278,2.15);
#1278 = AXIS2_PLACEMENT_3D('',#1279,#1280,#1281);
#1279 = CARTESIAN_POINT('',(8.,4.,11.4));
#1280 = DIRECTION('',(0.,0.,1.));
#1281 = DIRECTION('',(1.,0.,0.));
#1282 = ORIENTED_EDGE('',*,*,#1283,.F.);
#1283 = EDGE_CURVE('',#715,#1275,#1284,.T.);
#1284 = LINE('',#1285,#1286);
#1285 = CARTESIAN_POINT('',(10.4,4.,11.15));
#1286 = VECTOR('',#1287,1.);
#1287 = DIRECTION('',(-0.707106781187,1.731912112471E-16,0.707106781187)
  );
#1288 = ORIENTED_EDGE('',*,*,#722,.T.);
#1289 = ORIENTED_EDGE('',*,*,#1283,.T.);
#1290 = CONICAL_SURFACE('',#1291,2.4,0.785398163397);
#1291 = AXIS2_PLACEMENT_3D('',#1292,#1293,#1294);
#1292 = CARTESIAN_POINT('',(8.,4.,11.15));
#1293 = DIRECTION('',(-0.,-0.,-1.));
#1294 = DIRECTION('',(1.,0.,0.));
#1295 = ADVANCED_FACE('',(#1296),#1315,.T.);
#1296 = FACE_BOUND('',#1297,.T.);
#1297 = EDGE_LOOP('',(#1298,#1307,#1313,#1314));
#1298 = ORIENTED_EDGE('',*,*,#1299,.F.);
#1299 = EDGE_CURVE('',#1300,#1300,#1302,.T.);
#1300 = VERTEX_POINT('',#1301);
#1301 = CARTESIAN_POINT('',(2.15,12.,11.4));
#1302 = CIRCLE('',#1303,2.15);
#1303 = AXIS2_PLACEMENT_3D('',#1304,#1305,#1306);
#1304 = CARTESIAN_POINT('',(0.,12.,11.4));
#1305 = DIRECTION('',(0.,0.,1.));
#1306 = DIRECTION('',(1.,0.,0.));
#1307 = ORIENTED_EDGE('',*,*,#1308,.F.);
#1308 = EDGE_CURVE('',#740,#1300,#1309,.T.);
#1309 = LINE('',#1310,#1311);
#1310 = CARTESIAN_POINT('',(2.4,12.,11.15));
#1311 = VECTOR('',#1312,1.);
#1312 = DIRECTION('',(-0.707106781187,1.731912112471E-16,0.707106781187)
  );
#1313 = ORIENTED_EDGE('',*,*,#747,.T.);
#1314 = ORIENTED_EDGE('',*,*,#1308,.T.);
#1315 = CONICAL_SURFACE('',#1316,2.4,0.785398163397);
#1316 = AXIS2_PLACEMENT_3D('',#1317,#1318,#1319);
#1317 = CARTESIAN_POINT('',(0.,12.,11.15));
#1318 = DIRECTION('',(-0.,-0.,-1.));
#1319 = DIRECTION('',(1.,0.,0.));
#1320 = ADVANCED_FACE('',(#1321),#1340,.T.);
#1321 = FACE_BOUND('',#1322,.T.);
#1322 = EDGE_LOOP('',(#1323,#1332,#1338,#1339));
#1323 = ORIENTED_EDGE('',*,*,#1324,.F.);
#1324 = EDGE_CURVE('',#1325,#1325,#1327,.T.);
#1325 = VERTEX_POINT('',#1326);
#1326 = CARTESIAN_POINT('',(2.15,20.,11.4));
#1327 = CIRCLE('',#1328,2.15);
#1328 = AXIS2_PLACEMENT_3D('',#1329,#1330,#1331);
#1329 = CARTESIAN_POINT('',(0.,20.,11.4));
#1330 = DIRECTION('',(0.,0.,1.));
#1331 = DIRECTION('',(1.,0.,0.));
#1332 = ORIENTED_EDGE('',*,*,#1333,.F.);
#1333 = EDGE_CURVE('',#765,#1325,#1334,.T.);
#1334 = LINE('',#1335,#1336);
#1335 = CARTESIAN_POINT('',(2.4,20.,11.15));
#1336 = VECTOR('',#1337,1.);
#1337 = DIRECTION('',(-0.707106781187,1.731912112471E-16,0.707106781187)
  );
#1338 = ORIENTED_EDGE('',*,*,#772,.T.);
#1339 = ORIENTED_EDGE('',*,*,#1333,.T.);
#1340 = CONICAL_SURFACE('',#1341,2.4,0.785398163397);
#1341 = AXIS2_PLACEMENT_3D('',#1342,#1343,#1344);
#1342 = CARTESIAN_POINT('',(0.,20.,11.15));
#1343 = DIRECTION('',(-0.,-0.,-1.));
#1344 = DIRECTION('',(1.,0.,0.));
#1345 = ADVANCED_FACE('',(#1346),#1365,.T.);
#1346 = FACE_BOUND('',#1347,.T.);
#1347 = EDGE_LOOP('',(#1348,#1357,#1363,#1364));
#1348 = ORIENTED_EDGE('',*,*,#1349,.F.);
#1349 = EDGE_CURVE('',#1350,#1350,#1352,.T.);
#1350 = VERTEX_POINT('',#1351);
#1351 = CARTESIAN_POINT('',(10.15,12.,11.4));
#1352 = CIRCLE('',#1353,2.15);
#1353 = AXIS2_PLACEMENT_3D('',#1354,#1355,#1356);
#1354 = CARTESIAN_POINT('',(8.,12.,11.4));
#1355 = DIRECTION('',(0.,0.,1.));
#1356 = DIRECTION('',(1.,0.,0.));
#1357 = ORIENTED_EDGE('',*,*,#1358,.F.);
#1358 = EDGE_CURVE('',#790,#1350,#1359,.T.);
#1359 = LINE('',#1360,#1361);
#1360 = CARTESIAN_POINT('',(10.4,12.,11.15));
#1361 = VECTOR('',#1362,1.);
#1362 = DIRECTION('',(-0.707106781187,1.731912112471E-16,0.707106781187)
  );
#1363 = ORIENTED_EDGE('',*,*,#797,.T.);
#1364 = ORIENTED_EDGE('',*,*,#1358,.T.);
#1365 = CONICAL_SURFACE('',#1366,2.4,0.785398163397);
#1366 = AXIS2_PLACEMENT_3D('',#1367,#1368,#1369);
#1367 = CARTESIAN_POINT('',(8.,12.,11.15));
#1368 = DIRECTION('',(-0.,-0.,-1.));
#1369 = DIRECTION('',(1.,0.,0.));
#1370 = ADVANCED_FACE('',(#1371),#1394,.F.);
#1371 = FACE_BOUND('',#1372,.F.);
#1372 = EDGE_LOOP('',(#1373,#1374,#1381,#1389));
#1373 = ORIENTED_EDGE('',*,*,#833,.F.);
#1374 = ORIENTED_EDGE('',*,*,#1375,.T.);
#1375 = EDGE_CURVE('',#834,#1376,#1378,.T.);
#1376 = VERTEX_POINT('',#1377);
#1377 = CARTESIAN_POINT('',(-10.44,-22.44,0.3));
#1378 = B_SPLINE_CURVE_WITH_KNOTS('',1,(#1379,#1380),.UNSPECIFIED.,.F.,
  .F.,(2,2),(0.,1.),.PIECEWISE_BEZIER_KNOTS.);
#1379 = CARTESIAN_POINT('',(-10.64,-22.64,0.));
#1380 = CARTESIAN_POINT('',(-10.44,-22.44,0.3));
#1381 = ORIENTED_EDGE('',*,*,#1382,.T.);
#1382 = EDGE_CURVE('',#1376,#1383,#1385,.T.);
#1383 = VERTEX_POINT('',#1384);
#1384 = CARTESIAN_POINT('',(-10.44,-17.56,0.3));
#1385 = LINE('',#1386,#1387);
#1386 = CARTESIAN_POINT('',(-10.44,-22.44,0.3));
#1387 = VECTOR('',#1388,1.);
#1388 = DIRECTION('',(0.,1.,0.));
#1389 = ORIENTED_EDGE('',*,*,#1390,.F.);
#1390 = EDGE_CURVE('',#836,#1383,#1391,.T.);
#1391 = B_SPLINE_CURVE_WITH_KNOTS('',1,(#1392,#1393),.UNSPECIFIED.,.F.,
  .F.,(2,2),(0.,1.),.PIECEWISE_BEZIER_KNOTS.);
#1392 = CARTESIAN_POINT('',(-10.64,-17.36,0.));
#1393 = CARTESIAN_POINT('',(-10.44,-17.56,0.3));
#1394 = B_SPLINE_SURFACE_WITH_KNOTS('',1,1,(
    (#1395,#1396)
    ,(#1397,#1398
    )),.UNSPECIFIED.,.F.,.F.,.F.,(2,2),(2,2),(-5.28,0.),(0.,1.),
  .PIECEWISE_BEZIER_KNOTS.);
#1395 = CARTESIAN_POINT('',(-10.64,-17.36,0.));
#1396 = CARTESIAN_POINT('',(-10.44,-17.56,0.3));
#1397 = CARTESIAN_POINT('',(-10.64,-22.64,0.));
#1398 = CARTESIAN_POINT('',(-10.44,-22.44,0.3));
#1399 = ADVANCED_FACE('',(#1400),#1417,.F.);
#1400 = FACE_BOUND('',#1401,.F.);
#1401 = EDGE_LOOP('',(#1402,#1403,#1404,#1412));
#1402 = ORIENTED_EDGE('',*,*,#1035,.F.);
#1403 = ORIENTED_EDGE('',*,*,#1390,.T.);
#1404 = ORIENTED_EDGE('',*,*,#1405,.T.);
#1405 = EDGE_CURVE('',#1383,#1406,#1408,.T.);
#1406 = VERTEX_POINT('',#1407);
#1407 = CARTESIAN_POINT('',(-10.44,-14.44,0.3));
#1408 = LINE('',#1409,#1410);
#1409 = CARTESIAN_POINT('',(-10.44,-17.56,0.3));
#1410 = VECTOR('',#1411,1.);
#1411 = DIRECTION('',(0.,1.,0.));
#1412 = ORIENTED_EDGE('',*,*,#1413,.F.);
#1413 = EDGE_CURVE('',#1028,#1406,#1414,.T.);
#1414 = B_SPLINE_CURVE_WITH_KNOTS('',1,(#1415,#1416),.UNSPECIFIED.,.F.,
  .F.,(2,2),(0.,1.),.PIECEWISE_BEZIER_KNOTS.);
#1415 = CARTESIAN_POINT('',(-10.64,-14.64,0.));
#1416 = CARTESIAN_POINT('',(-10.44,-14.44,0.3));
#1417 = B_SPLINE_SURFACE_WITH_KNOTS('',1,1,(
    (#1418,#1419)
    ,(#1420,#1421
    )),.UNSPECIFIED.,.F.,.F.,.F.,(2,2),(2,2),(-3.12,0.),(0.,1.),
  .PIECEWISE_BEZIER_KNOTS.);
#1418 = CARTESIAN_POINT('',(-10.64,-14.64,0.));
#1419 = CARTESIAN_POINT('',(-10.44,-14.44,0.3));
#1420 = CARTESIAN_POINT('',(-10.64,-17.36,0.));
#1421 = CARTESIAN_POINT('',(-10.44,-17.56,0.3));
#1422 = ADVANCED_FACE('',(#1423),#1440,.F.);
#1423 = FACE_BOUND('',#1424,.F.);
#1424 = EDGE_LOOP('',(#1425,#1426,#1427,#1435));
#1425 = ORIENTED_EDGE('',*,*,#1027,.F.);
#1426 = ORIENTED_EDGE('',*,*,#1413,.T.);
#1427 = ORIENTED_EDGE('',*,*,#1428,.T.);
#1428 = EDGE_CURVE('',#1406,#1429,#1431,.T.);
#1429 = VERTEX_POINT('',#1430);
#1430 = CARTESIAN_POINT('',(-10.44,-9.56,0.3));
#1431 = LINE('',#1432,#1433);
#1432 = CARTESIAN_POINT('',(-10.44,-14.44,0.3));
#1433 = VECTOR('',#1434,1.);
#1434 = DIRECTION('',(0.,1.,0.));
#1435 = ORIENTED_EDGE('',*,*,#1436,.F.);
#1436 = EDGE_CURVE('',#1020,#1429,#1437,.T.);
#1437 = B_SPLINE_CURVE_WITH_KNOTS('',1,(#1438,#1439),.UNSPECIFIED.,.F.,
  .F.,(2,2),(0.,1.),.PIECEWISE_BEZIER_KNOTS.);
#1438 = CARTESIAN_POINT('',(-10.64,-9.36,0.));
#1439 = CARTESIAN_POINT('',(-10.44,-9.56,0.3));
#1440 = B_SPLINE_SURFACE_WITH_KNOTS('',1,1,(
    (#1441,#1442)
    ,(#1443,#1444
    )),.UNSPECIFIED.,.F.,.F.,.F.,(2,2),(2,2),(-5.28,0.),(0.,1.),
  .PIECEWISE_BEZIER_KNOTS.);
#1441 = CARTESIAN_POINT('',(-10.64,-9.36,0.));
#1442 = CARTESIAN_POINT('',(-10.44,-9.56,0.3));
#1443 = CARTESIAN_POINT('',(-10.64,-14.64,0.));
#1444 = CARTESIAN_POINT('',(-10.44,-14.44,0.3));
#1445 = ADVANCED_FACE('',(#1446),#1463,.F.);
#1446 = FACE_BOUND('',#1447,.F.);
#1447 = EDGE_LOOP('',(#1448,#1449,#1450,#1458));
#1448 = ORIENTED_EDGE('',*,*,#1019,.F.);
#1449 = ORIENTED_EDGE('',*,*,#1436,.T.);
#1450 = ORIENTED_EDGE('',*,*,#1451,.T.);
#1451 = EDGE_CURVE('',#1429,#1452,#1454,.T.);
#1452 = VERTEX_POINT('',#1453);
#1453 = CARTESIAN_POINT('',(-10.44,-6.44,0.3));
#1454 = LINE('',#1455,#1456);
#1455 = CARTESIAN_POINT('',(-10.44,-9.56,0.3));
#1456 = VECTOR('',#1457,1.);
#1457 = DIRECTION('',(0.,1.,0.));
#1458 = ORIENTED_EDGE('',*,*,#1459,.F.);
#1459 = EDGE_CURVE('',#1012,#1452,#1460,.T.);
#1460 = B_SPLINE_CURVE_WITH_KNOTS('',1,(#1461,#1462),.UNSPECIFIED.,.F.,
  .F.,(2,2),(0.,1.),.PIECEWISE_BEZIER_KNOTS.);
#1461 = CARTESIAN_POINT('',(-10.64,-6.64,0.));
#1462 = CARTESIAN_POINT('',(-10.44,-6.44,0.3));
#1463 = B_SPLINE_SURFACE_WITH_KNOTS('',1,1,(
    (#1464,#1465)
    ,(#1466,#1467
    )),.UNSPECIFIED.,.F.,.F.,.F.,(2,2),(2,2),(-3.12,0.),(0.,1.),
  .PIECEWISE_BEZIER_KNOTS.);
#1464 = CARTESIAN_POINT('',(-10.64,-6.64,0.));
#1465 = CARTESIAN_POINT('',(-10.44,-6.44,0.3));
#1466 = CARTESIAN_POINT('',(-10.64,-9.36,0.));
#1467 = CARTESIAN_POINT('',(-10.44,-9.56,0.3));
#1468 = ADVANCED_FACE('',(#1469),#1486,.F.);
#1469 = FACE_BOUND('',#1470,.F.);
#1470 = EDGE_LOOP('',(#1471,#1472,#1473,#1481));
#1471 = ORIENTED_EDGE('',*,*,#1011,.F.);
#1472 = ORIENTED_EDGE('',*,*,#1459,.T.);
#1473 = ORIENTED_EDGE('',*,*,#1474,.T.);
#1474 = EDGE_CURVE('',#1452,#1475,#1477,.T.);
#1475 = VERTEX_POINT('',#1476);
#1476 = CARTESIAN_POINT('',(-10.44,-1.56,0.3));
#1477 = LINE('',#1478,#1479);
#1478 = CARTESIAN_POINT('',(-10.44,-6.44,0.3));
#1479 = VECTOR('',#1480,1.);
#1480 = DIRECTION('',(0.,1.,0.));
#1481 = ORIENTED_EDGE('',*,*,#1482,.F.);
#1482 = EDGE_CURVE('',#1004,#1475,#1483,.T.);
#1483 = B_SPLINE_CURVE_WITH_KNOTS('',1,(#1484,#1485),.UNSPECIFIED.,.F.,
  .F.,(2,2),(0.,1.),.PIECEWISE_BEZIER_KNOTS.);
#1484 = CARTESIAN_POINT('',(-10.64,-1.36,0.));
#1485 = CARTESIAN_POINT('',(-10.44,-1.56,0.3));
#1486 = B_SPLINE_SURFACE_WITH_KNOTS('',1,1,(
    (#1487,#1488)
    ,(#1489,#1490
    )),.UNSPECIFIED.,.F.,.F.,.F.,(2,2),(2,2),(-5.28,0.),(0.,1.),
  .PIECEWISE_BEZIER_KNOTS.);
#1487 = CARTESIAN_POINT('',(-10.64,-1.36,0.));
#1488 = CARTESIAN_POINT('',(-10.44,-1.56,0.3));
#1489 = CARTESIAN_POINT('',(-10.64,-6.64,0.));
#1490 = CARTESIAN_POINT('',(-10.44,-6.44,0.3));
#1491 = ADVANCED_FACE('',(#1492),#1509,.F.);
#1492 = FACE_BOUND('',#1493,.F.);
#1493 = EDGE_LOOP('',(#1494,#1495,#1496,#1504));
#1494 = ORIENTED_EDGE('',*,*,#1003,.F.);
#1495 = ORIENTED_EDGE('',*,*,#1482,.T.);
#1496 = ORIENTED_EDGE('',*,*,#1497,.T.);
#1497 = EDGE_CURVE('',#1475,#1498,#1500,.T.);
#1498 = VERTEX_POINT('',#1499);
#1499 = CARTESIAN_POINT('',(-10.44,1.56,0.3));
#1500 = LINE('',#1501,#1502);
#1501 = CARTESIAN_POINT('',(-10.44,-1.56,0.3));
#1502 = VECTOR('',#1503,1.);
#1503 = DIRECTION('',(0.,1.,0.));
#1504 = ORIENTED_EDGE('',*,*,#1505,.F.);
#1505 = EDGE_CURVE('',#996,#1498,#1506,.T.);
#1506 = B_SPLINE_CURVE_WITH_KNOTS('',1,(#1507,#1508),.UNSPECIFIED.,.F.,
  .F.,(2,2),(0.,1.),.PIECEWISE_BEZIER_KNOTS.);
#1507 = CARTESIAN_POINT('',(-10.64,1.36,0.));
#1508 = CARTESIAN_POINT('',(-10.44,1.56,0.3));
#1509 = B_SPLINE_SURFACE_WITH_KNOTS('',1,1,(
    (#1510,#1511)
    ,(#1512,#1513
    )),.UNSPECIFIED.,.F.,.F.,.F.,(2,2),(2,2),(-3.12,0.),(0.,1.),
  .PIECEWISE_BEZIER_KNOTS.);
#1510 = CARTESIAN_POINT('',(-10.64,1.36,0.));
#1511 = CARTESIAN_POINT('',(-10.44,1.56,0.3));
#1512 = CARTESIAN_POINT('',(-10.64,-1.36,0.));
#1513 = CARTESIAN_POINT('',(-10.44,-1.56,0.3));
#1514 = ADVANCED_FACE('',(#1515),#1532,.F.);
#1515 = FACE_BOUND('',#1516,.F.);
#1516 = EDGE_LOOP('',(#1517,#1518,#1519,#1527));
#1517 = ORIENTED_EDGE('',*,*,#995,.F.);
#1518 = ORIENTED_EDGE('',*,*,#1505,.T.);
#1519 = ORIENTED_EDGE('',*,*,#1520,.T.);
#1520 = EDGE_CURVE('',#1498,#1521,#1523,.T.);
#1521 = VERTEX_POINT('',#1522);
#1522 = CARTESIAN_POINT('',(-10.44,6.44,0.3));
#1523 = LINE('',#1524,#1525);
#1524 = CARTESIAN_POINT('',(-10.44,1.56,0.3));
#1525 = VECTOR('',#1526,1.);
#1526 = DIRECTION('',(0.,1.,0.));
#1527 = ORIENTED_EDGE('',*,*,#1528,.F.);
#1528 = EDGE_CURVE('',#988,#1521,#1529,.T.);
#1529 = B_SPLINE_CURVE_WITH_KNOTS('',1,(#1530,#1531),.UNSPECIFIED.,.F.,
  .F.,(2,2),(0.,1.),.PIECEWISE_BEZIER_KNOTS.);
#1530 = CARTESIAN_POINT('',(-10.64,6.64,0.));
#1531 = CARTESIAN_POINT('',(-10.44,6.44,0.3));
#1532 = B_SPLINE_SURFACE_WITH_KNOTS('',1,1,(
    (#1533,#1534)
    ,(#1535,#1536
    )),.UNSPECIFIED.,.F.,.F.,.F.,(2,2),(2,2),(-5.28,0.),(0.,1.),
  .PIECEWISE_BEZIER_KNOTS.);
#1533 = CARTESIAN_POINT('',(-10.64,6.64,0.));
#1534 = CARTESIAN_POINT('',(-10.44,6.44,0.3));
#1535 = CARTESIAN_POINT('',(-10.64,1.36,0.));
#1536 = CARTESIAN_POINT('',(-10.44,1.56,0.3));
#1537 = ADVANCED_FACE('',(#1538),#1555,.F.);
#1538 = FACE_BOUND('',#1539,.F.);
#1539 = EDGE_LOOP('',(#1540,#1541,#1542,#1550));
#1540 = ORIENTED_EDGE('',*,*,#987,.F.);
#1541 = ORIENTED_EDGE('',*,*,#1528,.T.);
#1542 = ORIENTED_EDGE('',*,*,#1543,.T.);
#1543 = EDGE_CURVE('',#1521,#1544,#1546,.T.);
#1544 = VERTEX_POINT('',#1545);
#1545 = CARTESIAN_POINT('',(-10.44,9.56,0.3));
#1546 = LINE('',#1547,#1548);
#1547 = CARTESIAN_POINT('',(-10.44,6.44,0.3));
#1548 = VECTOR('',#1549,1.);
#1549 = DIRECTION('',(0.,1.,0.));
#1550 = ORIENTED_EDGE('',*,*,#1551,.F.);
#1551 = EDGE_CURVE('',#980,#1544,#1552,.T.);
#1552 = B_SPLINE_CURVE_WITH_KNOTS('',1,(#1553,#1554),.UNSPECIFIED.,.F.,
  .F.,(2,2),(0.,1.),.PIECEWISE_BEZIER_KNOTS.);
#1553 = CARTESIAN_POINT('',(-10.64,9.36,0.));
#1554 = CARTESIAN_POINT('',(-10.44,9.56,0.3));
#1555 = B_SPLINE_SURFACE_WITH_KNOTS('',1,1,(
    (#1556,#1557)
    ,(#1558,#1559
    )),.UNSPECIFIED.,.F.,.F.,.F.,(2,2),(2,2),(-3.12,0.),(0.,1.),
  .PIECEWISE_BEZIER_KNOTS.);
#1556 = CARTESIAN_POINT('',(-10.64,9.36,0.));
#1557 = CARTESIAN_POINT('',(-10.44,9.56,0.3));
#1558 = CARTESIAN_POINT('',(-10.64,6.64,0.));
#1559 = CARTESIAN_POINT('',(-10.44,6.44,0.3));
#1560 = ADVANCED_FACE('',(#1561),#1578,.F.);
#1561 = FACE_BOUND('',#1562,.F.);
#1562 = EDGE_LOOP('',(#1563,#1564,#1565,#1573));
#1563 = ORIENTED_EDGE('',*,*,#979,.F.);
#1564 = ORIENTED_EDGE('',*,*,#1551,.T.);
#1565 = ORIENTED_EDGE('',*,*,#1566,.T.);
#1566 = EDGE_CURVE('',#1544,#1567,#1569,.T.);
#1567 = VERTEX_POINT('',#1568);
#1568 = CARTESIAN_POINT('',(-10.44,14.44,0.3));
#1569 = LINE('',#1570,#1571);
#1570 = CARTESIAN_POINT('',(-10.44,9.56,0.3));
#1571 = VECTOR('',#1572,1.);
#1572 = DIRECTION('',(0.,1.,0.));
#1573 = ORIENTED_EDGE('',*,*,#1574,.F.);
#1574 = EDGE_CURVE('',#972,#1567,#1575,.T.);
#1575 = B_SPLINE_CURVE_WITH_KNOTS('',1,(#1576,#1577),.UNSPECIFIED.,.F.,
  .F.,(2,2),(0.,1.),.PIECEWISE_BEZIER_KNOTS.);
#1576 = CARTESIAN_POINT('',(-10.64,14.64,0.));
#1577 = CARTESIAN_POINT('',(-10.44,14.44,0.3));
#1578 = B_SPLINE_SURFACE_WITH_KNOTS('',1,1,(
    (#1579,#1580)
    ,(#1581,#1582
    )),.UNSPECIFIED.,.F.,.F.,.F.,(2,2),(2,2),(-5.28,0.),(0.,1.),
  .PIECEWISE_BEZIER_KNOTS.);
#1579 = CARTESIAN_POINT('',(-10.64,14.64,0.));
#1580 = CARTESIAN_POINT('',(-10.44,14.44,0.3));
#1581 = CARTESIAN_POINT('',(-10.64,9.36,0.));
#1582 = CARTESIAN_POINT('',(-10.44,9.56,0.3));
#1583 = ADVANCED_FACE('',(#1584),#1601,.F.);
#1584 = FACE_BOUND('',#1585,.F.);
#1585 = EDGE_LOOP('',(#1586,#1587,#1588,#1596));
#1586 = ORIENTED_EDGE('',*,*,#971,.F.);
#1587 = ORIENTED_EDGE('',*,*,#1574,.T.);
#1588 = ORIENTED_EDGE('',*,*,#1589,.T.);
#1589 = EDGE_CURVE('',#1567,#1590,#1592,.T.);
#1590 = VERTEX_POINT('',#1591);
#1591 = CARTESIAN_POINT('',(-10.44,17.56,0.3));
#1592 = LINE('',#1593,#1594);
#1593 = CARTESIAN_POINT('',(-10.44,14.44,0.3));
#1594 = VECTOR('',#1595,1.);
#1595 = DIRECTION('',(0.,1.,0.));
#1596 = ORIENTED_EDGE('',*,*,#1597,.F.);
#1597 = EDGE_CURVE('',#964,#1590,#1598,.T.);
#1598 = B_SPLINE_CURVE_WITH_KNOTS('',1,(#1599,#1600),.UNSPECIFIED.,.F.,
  .F.,(2,2),(0.,1.),.PIECEWISE_BEZIER_KNOTS.);
#1599 = CARTESIAN_POINT('',(-10.64,17.36,0.));
#1600 = CARTESIAN_POINT('',(-10.44,17.56,0.3));
#1601 = B_SPLINE_SURFACE_WITH_KNOTS('',1,1,(
    (#1602,#1603)
    ,(#1604,#1605
    )),.UNSPECIFIED.,.F.,.F.,.F.,(2,2),(2,2),(-3.12,0.),(0.,1.),
  .PIECEWISE_BEZIER_KNOTS.);
#1602 = CARTESIAN_POINT('',(-10.64,17.36,0.));
#1603 = CARTESIAN_POINT('',(-10.44,17.56,0.3));
#1604 = CARTESIAN_POINT('',(-10.64,14.64,0.));
#1605 = CARTESIAN_POINT('',(-10.44,14.44,0.3));
#1606 = ADVANCED_FACE('',(#1607),#1624,.F.);
#1607 = FACE_BOUND('',#1608,.F.);
#1608 = EDGE_LOOP('',(#1609,#1610,#1611,#1619));
#1609 = ORIENTED_EDGE('',*,*,#963,.F.);
#1610 = ORIENTED_EDGE('',*,*,#1597,.T.);
#1611 = ORIENTED_EDGE('',*,*,#1612,.T.);
#1612 = EDGE_CURVE('',#1590,#1613,#1615,.T.);
#1613 = VERTEX_POINT('',#1614);
#1614 = CARTESIAN_POINT('',(-10.44,22.44,0.3));
#1615 = LINE('',#1616,#1617);
#1616 = CARTESIAN_POINT('',(-10.44,17.56,0.3));
#1617 = VECTOR('',#1618,1.);
#1618 = DIRECTION('',(0.,1.,0.));
#1619 = ORIENTED_EDGE('',*,*,#1620,.F.);
#1620 = EDGE_CURVE('',#956,#1613,#1621,.T.);
#1621 = B_SPLINE_CURVE_WITH_KNOTS('',1,(#1622,#1623),.UNSPECIFIED.,.F.,
  .F.,(2,2),(0.,1.),.PIECEWISE_BEZIER_KNOTS.);
#1622 = CARTESIAN_POINT('',(-10.64,22.64,0.));
#1623 = CARTESIAN_POINT('',(-10.44,22.44,0.3));
#1624 = B_SPLINE_SURFACE_WITH_KNOTS('',1,1,(
    (#1625,#1626)
    ,(#1627,#1628
    )),.UNSPECIFIED.,.F.,.F.,.F.,(2,2),(2,2),(-5.28,0.),(0.,1.),
  .PIECEWISE_BEZIER_KNOTS.);
#1625 = CARTESIAN_POINT('',(-10.64,22.64,0.));
#1626 = CARTESIAN_POINT('',(-10.44,22.44,0.3));
#1627 = CARTESIAN_POINT('',(-10.64,17.36,0.));
#1628 = CARTESIAN_POINT('',(-10.44,17.56,0.3));
#1629 = ADVANCED_FACE('',(#1630),#1647,.F.);
#1630 = FACE_BOUND('',#1631,.F.);
#1631 = EDGE_LOOP('',(#1632,#1633,#1634,#1642));
#1632 = ORIENTED_EDGE('',*,*,#955,.F.);
#1633 = ORIENTED_EDGE('',*,*,#1620,.T.);
#1634 = ORIENTED_EDGE('',*,*,#1635,.T.);
#1635 = EDGE_CURVE('',#1613,#1636,#1638,.T.);
#1636 = VERTEX_POINT('',#1637);
#1637 = CARTESIAN_POINT('',(2.44,22.44,0.3));
#1638 = LINE('',#1639,#1640);
#1639 = CARTESIAN_POINT('',(-10.44,22.44,0.3));
#1640 = VECTOR('',#1641,1.);
#1641 = DIRECTION('',(1.,0.,0.));
#1642 = ORIENTED_EDGE('',*,*,#1643,.F.);
#1643 = EDGE_CURVE('',#948,#1636,#1644,.T.);
#1644 = B_SPLINE_CURVE_WITH_KNOTS('',1,(#1645,#1646),.UNSPECIFIED.,.F.,
  .F.,(2,2),(0.,1.),.PIECEWISE_BEZIER_KNOTS.);
#1645 = CARTESIAN_POINT('',(2.64,22.64,0.));
#1646 = CARTESIAN_POINT('',(2.44,22.44,0.3));
#1647 = B_SPLINE_SURFACE_WITH_KNOTS('',1,1,(
    (#1648,#1649)
    ,(#1650,#1651
    )),.UNSPECIFIED.,.F.,.F.,.F.,(2,2),(2,2),(-13.28,0.),(0.,1.),
  .PIECEWISE_BEZIER_KNOTS.);
#1648 = CARTESIAN_POINT('',(2.64,22.64,0.));
#1649 = CARTESIAN_POINT('',(2.44,22.44,0.3));
#1650 = CARTESIAN_POINT('',(-10.64,22.64,0.));
#1651 = CARTESIAN_POINT('',(-10.44,22.44,0.3));
#1652 = ADVANCED_FACE('',(#1653),#1670,.F.);
#1653 = FACE_BOUND('',#1654,.F.);
#1654 = EDGE_LOOP('',(#1655,#1656,#1657,#1665));
#1655 = ORIENTED_EDGE('',*,*,#947,.T.);
#1656 = ORIENTED_EDGE('',*,*,#1643,.T.);
#1657 = ORIENTED_EDGE('',*,*,#1658,.F.);
#1658 = EDGE_CURVE('',#1659,#1636,#1661,.T.);
#1659 = VERTEX_POINT('',#1660);
#1660 = CARTESIAN_POINT('',(2.44,17.56,0.3));
#1661 = LINE('',#1662,#1663);
#1662 = CARTESIAN_POINT('',(2.44,17.56,0.3));
#1663 = VECTOR('',#1664,1.);
#1664 = DIRECTION('',(0.,1.,0.));
#1665 = ORIENTED_EDGE('',*,*,#1666,.F.);
#1666 = EDGE_CURVE('',#940,#1659,#1667,.T.);
#1667 = B_SPLINE_CURVE_WITH_KNOTS('',1,(#1668,#1669),.UNSPECIFIED.,.F.,
  .F.,(2,2),(0.,1.),.PIECEWISE_BEZIER_KNOTS.);
#1668 = CARTESIAN_POINT('',(2.64,17.36,0.));
#1669 = CARTESIAN_POINT('',(2.44,17.56,0.3));
#1670 = B_SPLINE_SURFACE_WITH_KNOTS('',1,1,(
    (#1671,#1672)
    ,(#1673,#1674
    )),.UNSPECIFIED.,.F.,.F.,.F.,(2,2),(2,2),(0.,5.28),(0.,1.),
  .PIECEWISE_BEZIER_KNOTS.);
#1671 = CARTESIAN_POINT('',(2.64,17.36,0.));
#1672 = CARTESIAN_POINT('',(2.44,17.56,0.3));
#1673 = CARTESIAN_POINT('',(2.64,22.64,0.));
#1674 = CARTESIAN_POINT('',(2.44,22.44,0.3));
#1675 = ADVANCED_FACE('',(#1676),#1693,.F.);
#1676 = FACE_BOUND('',#1677,.F.);
#1677 = EDGE_LOOP('',(#1678,#1679,#1680,#1688));
#1678 = ORIENTED_EDGE('',*,*,#939,.T.);
#1679 = ORIENTED_EDGE('',*,*,#1666,.T.);
#1680 = ORIENTED_EDGE('',*,*,#1681,.F.);
#1681 = EDGE_CURVE('',#1682,#1659,#1684,.T.);
#1682 = VERTEX_POINT('',#1683);
#1683 = CARTESIAN_POINT('',(2.44,14.44,0.3));
#1684 = LINE('',#1685,#1686);
#1685 = CARTESIAN_POINT('',(2.44,14.44,0.3));
#1686 = VECTOR('',#1687,1.);
#1687 = DIRECTION('',(0.,1.,0.));
#1688 = ORIENTED_EDGE('',*,*,#1689,.F.);
#1689 = EDGE_CURVE('',#932,#1682,#1690,.T.);
#1690 = B_SPLINE_CURVE_WITH_KNOTS('',1,(#1691,#1692),.UNSPECIFIED.,.F.,
  .F.,(2,2),(0.,1.),.PIECEWISE_BEZIER_KNOTS.);
#1691 = CARTESIAN_POINT('',(2.64,14.64,0.));
#1692 = CARTESIAN_POINT('',(2.44,14.44,0.3));
#1693 = B_SPLINE_SURFACE_WITH_KNOTS('',1,1,(
    (#1694,#1695)
    ,(#1696,#1697
    )),.UNSPECIFIED.,.F.,.F.,.F.,(2,2),(2,2),(0.,3.12),(0.,1.),
  .PIECEWISE_BEZIER_KNOTS.);
#1694 = CARTESIAN_POINT('',(2.64,14.64,0.));
#1695 = CARTESIAN_POINT('',(2.44,14.44,0.3));
#1696 = CARTESIAN_POINT('',(2.64,17.36,0.));
#1697 = CARTESIAN_POINT('',(2.44,17.56,0.3));
#1698 = ADVANCED_FACE('',(#1699),#1716,.F.);
#1699 = FACE_BOUND('',#1700,.F.);
#1700 = EDGE_LOOP('',(#1701,#1702,#1703,#1711));
#1701 = ORIENTED_EDGE('',*,*,#931,.F.);
#1702 = ORIENTED_EDGE('',*,*,#1689,.T.);
#1703 = ORIENTED_EDGE('',*,*,#1704,.T.);
#1704 = EDGE_CURVE('',#1682,#1705,#1707,.T.);
#1705 = VERTEX_POINT('',#1706);
#1706 = CARTESIAN_POINT('',(10.44,14.44,0.3));
#1707 = LINE('',#1708,#1709);
#1708 = CARTESIAN_POINT('',(-10.44,14.44,0.3));
#1709 = VECTOR('',#1710,1.);
#1710 = DIRECTION('',(1.,0.,0.));
#1711 = ORIENTED_EDGE('',*,*,#1712,.F.);
#1712 = EDGE_CURVE('',#924,#1705,#1713,.T.);
#1713 = B_SPLINE_CURVE_WITH_KNOTS('',1,(#1714,#1715),.UNSPECIFIED.,.F.,
  .F.,(2,2),(0.,1.),.PIECEWISE_BEZIER_KNOTS.);
#1714 = CARTESIAN_POINT('',(10.64,14.64,0.));
#1715 = CARTESIAN_POINT('',(10.44,14.44,0.3));
#1716 = B_SPLINE_SURFACE_WITH_KNOTS('',1,1,(
    (#1717,#1718)
    ,(#1719,#1720
    )),.UNSPECIFIED.,.F.,.F.,.F.,(2,2),(2,2),(-21.28,0.),(0.,1.),
  .PIECEWISE_BEZIER_KNOTS.);
#1717 = CARTESIAN_POINT('',(10.64,14.64,0.));
#1718 = CARTESIAN_POINT('',(10.44,14.44,0.3));
#1719 = CARTESIAN_POINT('',(-10.64,14.64,0.));
#1720 = CARTESIAN_POINT('',(-10.44,14.44,0.3));
#1721 = ADVANCED_FACE('',(#1722),#1739,.F.);
#1722 = FACE_BOUND('',#1723,.F.);
#1723 = EDGE_LOOP('',(#1724,#1725,#1726,#1734));
#1724 = ORIENTED_EDGE('',*,*,#923,.T.);
#1725 = ORIENTED_EDGE('',*,*,#1712,.T.);
#1726 = ORIENTED_EDGE('',*,*,#1727,.F.);
#1727 = EDGE_CURVE('',#1728,#1705,#1730,.T.);
#1728 = VERTEX_POINT('',#1729);
#1729 = CARTESIAN_POINT('',(10.44,9.56,0.3));
#1730 = LINE('',#1731,#1732);
#1731 = CARTESIAN_POINT('',(10.44,9.56,0.3));
#1732 = VECTOR('',#1733,1.);
#1733 = DIRECTION('',(0.,1.,0.));
#1734 = ORIENTED_EDGE('',*,*,#1735,.F.);
#1735 = EDGE_CURVE('',#916,#1728,#1736,.T.);
#1736 = B_SPLINE_CURVE_WITH_KNOTS('',1,(#1737,#1738),.UNSPECIFIED.,.F.,
  .F.,(2,2),(0.,1.),.PIECEWISE_BEZIER_KNOTS.);
#1737 = CARTESIAN_POINT('',(10.64,9.36,0.));
#1738 = CARTESIAN_POINT('',(10.44,9.56,0.3));
#1739 = B_SPLINE_SURFACE_WITH_KNOTS('',1,1,(
    (#1740,#1741)
    ,(#1742,#1743
    )),.UNSPECIFIED.,.F.,.F.,.F.,(2,2),(2,2),(0.,5.28),(0.,1.),
  .PIECEWISE_BEZIER_KNOTS.);
#1740 = CARTESIAN_POINT('',(10.64,9.36,0.));
#1741 = CARTESIAN_POINT('',(10.44,9.56,0.3));
#1742 = CARTESIAN_POINT('',(10.64,14.64,0.));
#1743 = CARTESIAN_POINT('',(10.44,14.44,0.3));
#1744 = ADVANCED_FACE('',(#1745),#1762,.F.);
#1745 = FACE_BOUND('',#1746,.F.);
#1746 = EDGE_LOOP('',(#1747,#1748,#1749,#1757));
#1747 = ORIENTED_EDGE('',*,*,#915,.T.);
#1748 = ORIENTED_EDGE('',*,*,#1735,.T.);
#1749 = ORIENTED_EDGE('',*,*,#1750,.F.);
#1750 = EDGE_CURVE('',#1751,#1728,#1753,.T.);
#1751 = VERTEX_POINT('',#1752);
#1752 = CARTESIAN_POINT('',(10.44,6.44,0.3));
#1753 = LINE('',#1754,#1755);
#1754 = CARTESIAN_POINT('',(10.44,6.44,0.3));
#1755 = VECTOR('',#1756,1.);
#1756 = DIRECTION('',(0.,1.,0.));
#1757 = ORIENTED_EDGE('',*,*,#1758,.F.);
#1758 = EDGE_CURVE('',#908,#1751,#1759,.T.);
#1759 = B_SPLINE_CURVE_WITH_KNOTS('',1,(#1760,#1761),.UNSPECIFIED.,.F.,
  .F.,(2,2),(0.,1.),.PIECEWISE_BEZIER_KNOTS.);
#1760 = CARTESIAN_POINT('',(10.64,6.64,0.));
#1761 = CARTESIAN_POINT('',(10.44,6.44,0.3));
#1762 = B_SPLINE_SURFACE_WITH_KNOTS('',1,1,(
    (#1763,#1764)
    ,(#1765,#1766
    )),.UNSPECIFIED.,.F.,.F.,.F.,(2,2),(2,2),(0.,3.12),(0.,1.),
  .PIECEWISE_BEZIER_KNOTS.);
#1763 = CARTESIAN_POINT('',(10.64,6.64,0.));
#1764 = CARTESIAN_POINT('',(10.44,6.44,0.3));
#1765 = CARTESIAN_POINT('',(10.64,9.36,0.));
#1766 = CARTESIAN_POINT('',(10.44,9.56,0.3));
#1767 = ADVANCED_FACE('',(#1768),#1785,.F.);
#1768 = FACE_BOUND('',#1769,.F.);
#1769 = EDGE_LOOP('',(#1770,#1771,#1772,#1780));
#1770 = ORIENTED_EDGE('',*,*,#907,.T.);
#1771 = ORIENTED_EDGE('',*,*,#1758,.T.);
#1772 = ORIENTED_EDGE('',*,*,#1773,.F.);
#1773 = EDGE_CURVE('',#1774,#1751,#1776,.T.);
#1774 = VERTEX_POINT('',#1775);
#1775 = CARTESIAN_POINT('',(10.44,1.56,0.3));
#1776 = LINE('',#1777,#1778);
#1777 = CARTESIAN_POINT('',(10.44,1.56,0.3));
#1778 = VECTOR('',#1779,1.);
#1779 = DIRECTION('',(0.,1.,0.));
#1780 = ORIENTED_EDGE('',*,*,#1781,.F.);
#1781 = EDGE_CURVE('',#900,#1774,#1782,.T.);
#1782 = B_SPLINE_CURVE_WITH_KNOTS('',1,(#1783,#1784),.UNSPECIFIED.,.F.,
  .F.,(2,2),(0.,1.),.PIECEWISE_BEZIER_KNOTS.);
#1783 = CARTESIAN_POINT('',(10.64,1.36,0.));
#1784 = CARTESIAN_POINT('',(10.44,1.56,0.3));
#1785 = B_SPLINE_SURFACE_WITH_KNOTS('',1,1,(
    (#1786,#1787)
    ,(#1788,#1789
    )),.UNSPECIFIED.,.F.,.F.,.F.,(2,2),(2,2),(0.,5.28),(0.,1.),
  .PIECEWISE_BEZIER_KNOTS.);
#1786 = CARTESIAN_POINT('',(10.64,1.36,0.));
#1787 = CARTESIAN_POINT('',(10.44,1.56,0.3));
#1788 = CARTESIAN_POINT('',(10.64,6.64,0.));
#1789 = CARTESIAN_POINT('',(10.44,6.44,0.3));
#1790 = ADVANCED_FACE('',(#1791),#1808,.F.);
#1791 = FACE_BOUND('',#1792,.F.);
#1792 = EDGE_LOOP('',(#1793,#1800,#1801,#1802));
#1793 = ORIENTED_EDGE('',*,*,#1794,.F.);
#1794 = EDGE_CURVE('',#892,#1795,#1797,.T.);
#1795 = VERTEX_POINT('',#1796);
#1796 = CARTESIAN_POINT('',(2.44,1.56,0.3));
#1797 = B_SPLINE_CURVE_WITH_KNOTS('',1,(#1798,#1799),.UNSPECIFIED.,.F.,
  .F.,(2,2),(0.,1.),.PIECEWISE_BEZIER_KNOTS.);
#1798 = CARTESIAN_POINT('',(2.64,1.36,0.));
#1799 = CARTESIAN_POINT('',(2.44,1.56,0.3));
#1800 = ORIENTED_EDGE('',*,*,#899,.T.);
#1801 = ORIENTED_EDGE('',*,*,#1781,.T.);
#1802 = ORIENTED_EDGE('',*,*,#1803,.F.);
#1803 = EDGE_CURVE('',#1795,#1774,#1804,.T.);
#1804 = LINE('',#1805,#1806);
#1805 = CARTESIAN_POINT('',(-10.44,1.56,0.3));
#1806 = VECTOR('',#1807,1.);
#1807 = DIRECTION('',(1.,0.,0.));
#1808 = B_SPLINE_SURFACE_WITH_KNOTS('',1,1,(
    (#1809,#1810)
    ,(#1811,#1812
    )),.UNSPECIFIED.,.F.,.F.,.F.,(2,2),(2,2),(0.,21.28),(0.,1.),
  .PIECEWISE_BEZIER_KNOTS.);
#1809 = CARTESIAN_POINT('',(-10.64,1.36,0.));
#1810 = CARTESIAN_POINT('',(-10.44,1.56,0.3));
#1811 = CARTESIAN_POINT('',(10.64,1.36,0.));
#1812 = CARTESIAN_POINT('',(10.44,1.56,0.3));
#1813 = ADVANCED_FACE('',(#1814),#1831,.F.);
#1814 = FACE_BOUND('',#1815,.F.);
#1815 = EDGE_LOOP('',(#1816,#1817,#1818,#1826));
#1816 = ORIENTED_EDGE('',*,*,#891,.T.);
#1817 = ORIENTED_EDGE('',*,*,#1794,.T.);
#1818 = ORIENTED_EDGE('',*,*,#1819,.F.);
#1819 = EDGE_CURVE('',#1820,#1795,#1822,.T.);
#1820 = VERTEX_POINT('',#1821);
#1821 = CARTESIAN_POINT('',(2.44,-1.56,0.3));
#1822 = LINE('',#1823,#1824);
#1823 = CARTESIAN_POINT('',(2.44,-1.56,0.3));
#1824 = VECTOR('',#1825,1.);
#1825 = DIRECTION('',(0.,1.,0.));
#1826 = ORIENTED_EDGE('',*,*,#1827,.F.);
#1827 = EDGE_CURVE('',#884,#1820,#1828,.T.);
#1828 = B_SPLINE_CURVE_WITH_KNOTS('',1,(#1829,#1830),.UNSPECIFIED.,.F.,
  .F.,(2,2),(0.,1.),.PIECEWISE_BEZIER_KNOTS.);
#1829 = CARTESIAN_POINT('',(2.64,-1.36,0.));
#1830 = CARTESIAN_POINT('',(2.44,-1.56,0.3));
#1831 = B_SPLINE_SURFACE_WITH_KNOTS('',1,1,(
    (#1832,#1833)
    ,(#1834,#1835
    )),.UNSPECIFIED.,.F.,.F.,.F.,(2,2),(2,2),(0.,3.12),(0.,1.),
  .PIECEWISE_BEZIER_KNOTS.);
#1832 = CARTESIAN_POINT('',(2.64,-1.36,0.));
#1833 = CARTESIAN_POINT('',(2.44,-1.56,0.3));
#1834 = CARTESIAN_POINT('',(2.64,1.36,0.));
#1835 = CARTESIAN_POINT('',(2.44,1.56,0.3));
#1836 = ADVANCED_FACE('',(#1837),#1854,.F.);
#1837 = FACE_BOUND('',#1838,.F.);
#1838 = EDGE_LOOP('',(#1839,#1840,#1841,#1849));
#1839 = ORIENTED_EDGE('',*,*,#883,.T.);
#1840 = ORIENTED_EDGE('',*,*,#1827,.T.);
#1841 = ORIENTED_EDGE('',*,*,#1842,.F.);
#1842 = EDGE_CURVE('',#1843,#1820,#1845,.T.);
#1843 = VERTEX_POINT('',#1844);
#1844 = CARTESIAN_POINT('',(2.44,-6.44,0.3));
#1845 = LINE('',#1846,#1847);
#1846 = CARTESIAN_POINT('',(2.44,-6.44,0.3));
#1847 = VECTOR('',#1848,1.);
#1848 = DIRECTION('',(0.,1.,0.));
#1849 = ORIENTED_EDGE('',*,*,#1850,.F.);
#1850 = EDGE_CURVE('',#876,#1843,#1851,.T.);
#1851 = B_SPLINE_CURVE_WITH_KNOTS('',1,(#1852,#1853),.UNSPECIFIED.,.F.,
  .F.,(2,2),(0.,1.),.PIECEWISE_BEZIER_KNOTS.);
#1852 = CARTESIAN_POINT('',(2.64,-6.64,0.));
#1853 = CARTESIAN_POINT('',(2.44,-6.44,0.3));
#1854 = B_SPLINE_SURFACE_WITH_KNOTS('',1,1,(
    (#1855,#1856)
    ,(#1857,#1858
    )),.UNSPECIFIED.,.F.,.F.,.F.,(2,2),(2,2),(0.,5.28),(0.,1.),
  .PIECEWISE_BEZIER_KNOTS.);
#1855 = CARTESIAN_POINT('',(2.64,-6.64,0.));
#1856 = CARTESIAN_POINT('',(2.44,-6.44,0.3));
#1857 = CARTESIAN_POINT('',(2.64,-1.36,0.));
#1858 = CARTESIAN_POINT('',(2.44,-1.56,0.3));
#1859 = ADVANCED_FACE('',(#1860),#1877,.F.);
#1860 = FACE_BOUND('',#1861,.F.);
#1861 = EDGE_LOOP('',(#1862,#1863,#1864,#1872));
#1862 = ORIENTED_EDGE('',*,*,#875,.T.);
#1863 = ORIENTED_EDGE('',*,*,#1850,.T.);
#1864 = ORIENTED_EDGE('',*,*,#1865,.F.);
#1865 = EDGE_CURVE('',#1866,#1843,#1868,.T.);
#1866 = VERTEX_POINT('',#1867);
#1867 = CARTESIAN_POINT('',(2.44,-9.56,0.3));
#1868 = LINE('',#1869,#1870);
#1869 = CARTESIAN_POINT('',(2.44,-9.56,0.3));
#1870 = VECTOR('',#1871,1.);
#1871 = DIRECTION('',(0.,1.,0.));
#1872 = ORIENTED_EDGE('',*,*,#1873,.F.);
#1873 = EDGE_CURVE('',#868,#1866,#1874,.T.);
#1874 = B_SPLINE_CURVE_WITH_KNOTS('',1,(#1875,#1876),.UNSPECIFIED.,.F.,
  .F.,(2,2),(0.,1.),.PIECEWISE_BEZIER_KNOTS.);
#1875 = CARTESIAN_POINT('',(2.64,-9.36,0.));
#1876 = CARTESIAN_POINT('',(2.44,-9.56,0.3));
#1877 = B_SPLINE_SURFACE_WITH_KNOTS('',1,1,(
    (#1878,#1879)
    ,(#1880,#1881
    )),.UNSPECIFIED.,.F.,.F.,.F.,(2,2),(2,2),(0.,3.12),(0.,1.),
  .PIECEWISE_BEZIER_KNOTS.);
#1878 = CARTESIAN_POINT('',(2.64,-9.36,0.));
#1879 = CARTESIAN_POINT('',(2.44,-9.56,0.3));
#1880 = CARTESIAN_POINT('',(2.64,-6.64,0.));
#1881 = CARTESIAN_POINT('',(2.44,-6.44,0.3));
#1882 = ADVANCED_FACE('',(#1883),#1900,.F.);
#1883 = FACE_BOUND('',#1884,.F.);
#1884 = EDGE_LOOP('',(#1885,#1886,#1887,#1895));
#1885 = ORIENTED_EDGE('',*,*,#867,.T.);
#1886 = ORIENTED_EDGE('',*,*,#1873,.T.);
#1887 = ORIENTED_EDGE('',*,*,#1888,.F.);
#1888 = EDGE_CURVE('',#1889,#1866,#1891,.T.);
#1889 = VERTEX_POINT('',#1890);
#1890 = CARTESIAN_POINT('',(2.44,-14.44,0.3));
#1891 = LINE('',#1892,#1893);
#1892 = CARTESIAN_POINT('',(2.44,-14.44,0.3));
#1893 = VECTOR('',#1894,1.);
#1894 = DIRECTION('',(0.,1.,0.));
#1895 = ORIENTED_EDGE('',*,*,#1896,.F.);
#1896 = EDGE_CURVE('',#860,#1889,#1897,.T.);
#1897 = B_SPLINE_CURVE_WITH_KNOTS('',1,(#1898,#1899),.UNSPECIFIED.,.F.,
  .F.,(2,2),(0.,1.),.PIECEWISE_BEZIER_KNOTS.);
#1898 = CARTESIAN_POINT('',(2.64,-14.64,0.));
#1899 = CARTESIAN_POINT('',(2.44,-14.44,0.3));
#1900 = B_SPLINE_SURFACE_WITH_KNOTS('',1,1,(
    (#1901,#1902)
    ,(#1903,#1904
    )),.UNSPECIFIED.,.F.,.F.,.F.,(2,2),(2,2),(0.,5.28),(0.,1.),
  .PIECEWISE_BEZIER_KNOTS.);
#1901 = CARTESIAN_POINT('',(2.64,-14.64,0.));
#1902 = CARTESIAN_POINT('',(2.44,-14.44,0.3));
#1903 = CARTESIAN_POINT('',(2.64,-9.36,0.));
#1904 = CARTESIAN_POINT('',(2.44,-9.56,0.3));
#1905 = ADVANCED_FACE('',(#1906),#1923,.F.);
#1906 = FACE_BOUND('',#1907,.F.);
#1907 = EDGE_LOOP('',(#1908,#1909,#1910,#1918));
#1908 = ORIENTED_EDGE('',*,*,#859,.T.);
#1909 = ORIENTED_EDGE('',*,*,#1896,.T.);
#1910 = ORIENTED_EDGE('',*,*,#1911,.F.);
#1911 = EDGE_CURVE('',#1912,#1889,#1914,.T.);
#1912 = VERTEX_POINT('',#1913);
#1913 = CARTESIAN_POINT('',(2.44,-17.56,0.3));
#1914 = LINE('',#1915,#1916);
#1915 = CARTESIAN_POINT('',(2.44,-17.56,0.3));
#1916 = VECTOR('',#1917,1.);
#1917 = DIRECTION('',(0.,1.,0.));
#1918 = ORIENTED_EDGE('',*,*,#1919,.F.);
#1919 = EDGE_CURVE('',#852,#1912,#1920,.T.);
#1920 = B_SPLINE_CURVE_WITH_KNOTS('',1,(#1921,#1922),.UNSPECIFIED.,.F.,
  .F.,(2,2),(0.,1.),.PIECEWISE_BEZIER_KNOTS.);
#1921 = CARTESIAN_POINT('',(2.64,-17.36,0.));
#1922 = CARTESIAN_POINT('',(2.44,-17.56,0.3));
#1923 = B_SPLINE_SURFACE_WITH_KNOTS('',1,1,(
    (#1924,#1925)
    ,(#1926,#1927
    )),.UNSPECIFIED.,.F.,.F.,.F.,(2,2),(2,2),(0.,3.12),(0.,1.),
  .PIECEWISE_BEZIER_KNOTS.);
#1924 = CARTESIAN_POINT('',(2.64,-17.36,0.));
#1925 = CARTESIAN_POINT('',(2.44,-17.56,0.3));
#1926 = CARTESIAN_POINT('',(2.64,-14.64,0.));
#1927 = CARTESIAN_POINT('',(2.44,-14.44,0.3));
#1928 = ADVANCED_FACE('',(#1929),#1946,.F.);
#1929 = FACE_BOUND('',#1930,.F.);
#1930 = EDGE_LOOP('',(#1931,#1932,#1933,#1941));
#1931 = ORIENTED_EDGE('',*,*,#851,.T.);
#1932 = ORIENTED_EDGE('',*,*,#1919,.T.);
#1933 = ORIENTED_EDGE('',*,*,#1934,.F.);
#1934 = EDGE_CURVE('',#1935,#1912,#1937,.T.);
#1935 = VERTEX_POINT('',#1936);
#1936 = CARTESIAN_POINT('',(2.44,-22.44,0.3));
#1937 = LINE('',#1938,#1939);
#1938 = CARTESIAN_POINT('',(2.44,-22.44,0.3));
#1939 = VECTOR('',#1940,1.);
#1940 = DIRECTION('',(0.,1.,0.));
#1941 = ORIENTED_EDGE('',*,*,#1942,.F.);
#1942 = EDGE_CURVE('',#844,#1935,#1943,.T.);
#1943 = B_SPLINE_CURVE_WITH_KNOTS('',1,(#1944,#1945),.UNSPECIFIED.,.F.,
  .F.,(2,2),(0.,1.),.PIECEWISE_BEZIER_KNOTS.);
#1944 = CARTESIAN_POINT('',(2.64,-22.64,0.));
#1945 = CARTESIAN_POINT('',(2.44,-22.44,0.3));
#1946 = B_SPLINE_SURFACE_WITH_KNOTS('',1,1,(
    (#1947,#1948)
    ,(#1949,#1950
    )),.UNSPECIFIED.,.F.,.F.,.F.,(2,2),(2,2),(0.,5.28),(0.,1.),
  .PIECEWISE_BEZIER_KNOTS.);
#1947 = CARTESIAN_POINT('',(2.64,-22.64,0.));
#1948 = CARTESIAN_POINT('',(2.44,-22.44,0.3));
#1949 = CARTESIAN_POINT('',(2.64,-17.36,0.));
#1950 = CARTESIAN_POINT('',(2.44,-17.56,0.3));
#1951 = ADVANCED_FACE('',(#1952),#1963,.F.);
#1952 = FACE_BOUND('',#1953,.F.);
#1953 = EDGE_LOOP('',(#1954,#1955,#1956,#1962));
#1954 = ORIENTED_EDGE('',*,*,#843,.T.);
#1955 = ORIENTED_EDGE('',*,*,#1942,.T.);
#1956 = ORIENTED_EDGE('',*,*,#1957,.F.);
#1957 = EDGE_CURVE('',#1376,#1935,#1958,.T.);
#1958 = LINE('',#1959,#1960);
#1959 = CARTESIAN_POINT('',(-10.44,-22.44,0.3));
#1960 = VECTOR('',#1961,1.);
#1961 = DIRECTION('',(1.,0.,0.));
#1962 = ORIENTED_EDGE('',*,*,#1375,.F.);
#1963 = B_SPLINE_SURFACE_WITH_KNOTS('',1,1,(
    (#1964,#1965)
    ,(#1966,#1967
    )),.UNSPECIFIED.,.F.,.F.,.F.,(2,2),(2,2),(0.,13.28),(0.,1.),
  .PIECEWISE_BEZIER_KNOTS.);
#1964 = CARTESIAN_POINT('',(-10.64,-22.64,0.));
#1965 = CARTESIAN_POINT('',(-10.44,-22.44,0.3));
#1966 = CARTESIAN_POINT('',(2.64,-22.64,0.));
#1967 = CARTESIAN_POINT('',(2.44,-22.44,0.3));
#1968 = ADVANCED_FACE('',(#1969),#1972,.T.);
#1969 = FACE_BOUND('',#1970,.T.);
#1970 = EDGE_LOOP('',(#1971));
#1971 = ORIENTED_EDGE('',*,*,#1049,.T.);
#1972 = PLANE('',#1973);
#1973 = AXIS2_PLACEMENT_3D('',#1974,#1975,#1976);
#1974 = CARTESIAN_POINT('',(-8.,-12.,11.4));
#1975 = DIRECTION('',(0.,0.,1.));
#1976 = DIRECTION('',(1.,0.,0.));
#1977 = ADVANCED_FACE('',(#1978),#1981,.T.);
#1978 = FACE_BOUND('',#1979,.T.);
#1979 = EDGE_LOOP('',(#1980));
#1980 = ORIENTED_EDGE('',*,*,#1074,.T.);
#1981 = PLANE('',#1982);
#1982 = AXIS2_PLACEMENT_3D('',#1983,#1984,#1985);
#1983 = CARTESIAN_POINT('',(-8.,-4.,11.4));
#1984 = DIRECTION('',(0.,0.,1.));
#1985 = DIRECTION('',(1.,0.,0.));
#1986 = ADVANCED_FACE('',(#1987),#1990,.T.);
#1987 = FACE_BOUND('',#1988,.T.);
#1988 = EDGE_LOOP('',(#1989));
#1989 = ORIENTED_EDGE('',*,*,#1099,.T.);
#1990 = PLANE('',#1991);
#1991 = AXIS2_PLACEMENT_3D('',#1992,#1993,#1994);
#1992 = CARTESIAN_POINT('',(0.,-20.,11.4));
#1993 = DIRECTION('',(0.,0.,1.));
#1994 = DIRECTION('',(1.,0.,0.));
#1995 = ADVANCED_FACE('',(#1996),#1999,.T.);
#1996 = FACE_BOUND('',#1997,.T.);
#1997 = EDGE_LOOP('',(#1998));
#1998 = ORIENTED_EDGE('',*,*,#1124,.T.);
#1999 = PLANE('',#2000);
#2000 = AXIS2_PLACEMENT_3D('',#2001,#2002,#2003);
#2001 = CARTESIAN_POINT('',(0.,-12.,11.4));
#2002 = DIRECTION('',(0.,0.,1.));
#2003 = DIRECTION('',(1.,0.,0.));
#2004 = ADVANCED_FACE('',(#2005),#2008,.T.);
#2005 = FACE_BOUND('',#2006,.T.);
#2006 = EDGE_LOOP('',(#2007));
#2007 = ORIENTED_EDGE('',*,*,#1149,.T.);
#2008 = PLANE('',#2009);
#2009 = AXIS2_PLACEMENT_3D('',#2010,#2011,#2012);
#2010 = CARTESIAN_POINT('',(0.,-4.,11.4));
#2011 = DIRECTION('',(0.,0.,1.));
#2012 = DIRECTION('',(1.,0.,0.));
#2013 = ADVANCED_FACE('',(#2014),#2017,.T.);
#2014 = FACE_BOUND('',#2015,.T.);
#2015 = EDGE_LOOP('',(#2016));
#2016 = ORIENTED_EDGE('',*,*,#1174,.T.);
#2017 = PLANE('',#2018);
#2018 = AXIS2_PLACEMENT_3D('',#2019,#2020,#2021);
#2019 = CARTESIAN_POINT('',(-8.,4.,11.4));
#2020 = DIRECTION('',(0.,0.,1.));
#2021 = DIRECTION('',(1.,0.,0.));
#2022 = ADVANCED_FACE('',(#2023),#2026,.T.);
#2023 = FACE_BOUND('',#2024,.T.);
#2024 = EDGE_LOOP('',(#2025));
#2025 = ORIENTED_EDGE('',*,*,#1199,.T.);
#2026 = PLANE('',#2027);
#2027 = AXIS2_PLACEMENT_3D('',#2028,#2029,#2030);
#2028 = CARTESIAN_POINT('',(-8.,12.,11.4));
#2029 = DIRECTION('',(0.,0.,1.));
#2030 = DIRECTION('',(1.,0.,0.));
#2031 = ADVANCED_FACE('',(#2032),#2035,.T.);
#2032 = FACE_BOUND('',#2033,.T.);
#2033 = EDGE_LOOP('',(#2034));
#2034 = ORIENTED_EDGE('',*,*,#1224,.T.);
#2035 = PLANE('',#2036);
#2036 = AXIS2_PLACEMENT_3D('',#2037,#2038,#2039);
#2037 = CARTESIAN_POINT('',(-8.,20.,11.4));
#2038 = DIRECTION('',(0.,0.,1.));
#2039 = DIRECTION('',(1.,0.,0.));
#2040 = ADVANCED_FACE('',(#2041),#2044,.T.);
#2041 = FACE_BOUND('',#2042,.T.);
#2042 = EDGE_LOOP('',(#2043));
#2043 = ORIENTED_EDGE('',*,*,#1249,.T.);
#2044 = PLANE('',#2045);
#2045 = AXIS2_PLACEMENT_3D('',#2046,#2047,#2048);
#2046 = CARTESIAN_POINT('',(0.,4.,11.4));
#2047 = DIRECTION('',(0.,0.,1.));
#2048 = DIRECTION('',(1.,0.,0.));
#2049 = ADVANCED_FACE('',(#2050),#2053,.T.);
#2050 = FACE_BOUND('',#2051,.T.);
#2051 = EDGE_LOOP('',(#2052));
#2052 = ORIENTED_EDGE('',*,*,#1274,.T.);
#2053 = PLANE('',#2054);
#2054 = AXIS2_PLACEMENT_3D('',#2055,#2056,#2057);
#2055 = CARTESIAN_POINT('',(8.,4.,11.4));
#2056 = DIRECTION('',(0.,0.,1.));
#2057 = DIRECTION('',(1.,0.,0.));
#2058 = ADVANCED_FACE('',(#2059),#2062,.T.);
#2059 = FACE_BOUND('',#2060,.T.);
#2060 = EDGE_LOOP('',(#2061));
#2061 = ORIENTED_EDGE('',*,*,#1299,.T.);
#2062 = PLANE('',#2063);
#2063 = AXIS2_PLACEMENT_3D('',#2064,#2065,#2066);
#2064 = CARTESIAN_POINT('',(0.,12.,11.4));
#2065 = DIRECTION('',(0.,0.,1.));
#2066 = DIRECTION('',(1.,0.,0.));
#2067 = ADVANCED_FACE('',(#2068),#2071,.T.);
#2068 = FACE_BOUND('',#2069,.T.);
#2069 = EDGE_LOOP('',(#2070));
#2070 = ORIENTED_EDGE('',*,*,#1324,.T.);
#2071 = PLANE('',#2072);
#2072 = AXIS2_PLACEMENT_3D('',#2073,#2074,#2075);
#2073 = CARTESIAN_POINT('',(0.,20.,11.4));
#2074 = DIRECTION('',(0.,0.,1.));
#2075 = DIRECTION('',(1.,0.,0.));
#2076 = ADVANCED_FACE('',(#2077),#2080,.T.);
#2077 = FACE_BOUND('',#2078,.T.);
#2078 = EDGE_LOOP('',(#2079));
#2079 = ORIENTED_EDGE('',*,*,#1349,.T.);
#2080 = PLANE('',#2081);
#2081 = AXIS2_PLACEMENT_3D('',#2082,#2083,#2084);
#2082 = CARTESIAN_POINT('',(8.,12.,11.4));
#2083 = DIRECTION('',(0.,0.,1.));
#2084 = DIRECTION('',(1.,0.,0.));
#2085 = ADVANCED_FACE('',(#2086),#2281,.F.);
#2086 = FACE_BOUND('',#2087,.F.);
#2087 = EDGE_LOOP('',(#2088,#2089,#2097,#2105,#2113,#2121,#2129,#2137,
    #2145,#2153,#2161,#2169,#2177,#2185,#2193,#2201,#2209,#2217,#2225,
    #2233,#2241,#2249,#2257,#2265,#2271,#2272,#2273,#2274,#2275,#2276,
    #2277,#2278,#2279,#2280));
#2088 = ORIENTED_EDGE('',*,*,#1382,.F.);
#2089 = ORIENTED_EDGE('',*,*,#2090,.T.);
#2090 = EDGE_CURVE('',#1376,#2091,#2093,.T.);
#2091 = VERTEX_POINT('',#2092);
#2092 = CARTESIAN_POINT('',(-10.44,-22.44,8.));
#2093 = LINE('',#2094,#2095);
#2094 = CARTESIAN_POINT('',(-10.44,-22.44,0.));
#2095 = VECTOR('',#2096,1.);
#2096 = DIRECTION('',(0.,0.,1.));
#2097 = ORIENTED_EDGE('',*,*,#2098,.T.);
#2098 = EDGE_CURVE('',#2091,#2099,#2101,.T.);
#2099 = VERTEX_POINT('',#2100);
#2100 = CARTESIAN_POINT('',(-10.44,-16.6,8.));
#2101 = LINE('',#2102,#2103);
#2102 = CARTESIAN_POINT('',(-10.44,-22.44,8.));
#2103 = VECTOR('',#2104,1.);
#2104 = DIRECTION('',(0.,1.,0.));
#2105 = ORIENTED_EDGE('',*,*,#2106,.F.);
#2106 = EDGE_CURVE('',#2107,#2099,#2109,.T.);
#2107 = VERTEX_POINT('',#2108);
#2108 = CARTESIAN_POINT('',(-10.44,-16.6,6.8));
#2109 = LINE('',#2110,#2111);
#2110 = CARTESIAN_POINT('',(-10.44,-16.6,5.4));
#2111 = VECTOR('',#2112,1.);
#2112 = DIRECTION('',(0.,0.,1.));
#2113 = ORIENTED_EDGE('',*,*,#2114,.T.);
#2114 = EDGE_CURVE('',#2107,#2115,#2117,.T.);
#2115 = VERTEX_POINT('',#2116);
#2116 = CARTESIAN_POINT('',(-10.44,-15.4,6.8));
#2117 = LINE('',#2118,#2119);
#2118 = CARTESIAN_POINT('',(-10.44,-3.756567838536E-16,6.8));
#2119 = VECTOR('',#2120,1.);
#2120 = DIRECTION('',(0.,1.,0.));
#2121 = ORIENTED_EDGE('',*,*,#2122,.T.);
#2122 = EDGE_CURVE('',#2115,#2123,#2125,.T.);
#2123 = VERTEX_POINT('',#2124);
#2124 = CARTESIAN_POINT('',(-10.44,-15.4,8.));
#2125 = LINE('',#2126,#2127);
#2126 = CARTESIAN_POINT('',(-10.44,-15.4,5.4));
#2127 = VECTOR('',#2128,1.);
#2128 = DIRECTION('',(0.,0.,1.));
#2129 = ORIENTED_EDGE('',*,*,#2130,.T.);
#2130 = EDGE_CURVE('',#2123,#2131,#2133,.T.);
#2131 = VERTEX_POINT('',#2132);
#2132 = CARTESIAN_POINT('',(-10.44,-8.6,8.));
#2133 = LINE('',#2134,#2135);
#2134 = CARTESIAN_POINT('',(-10.44,-22.44,8.));
#2135 = VECTOR('',#2136,1.);
#2136 = DIRECTION('',(0.,1.,0.));
#2137 = ORIENTED_EDGE('',*,*,#2138,.F.);
#2138 = EDGE_CURVE('',#2139,#2131,#2141,.T.);
#2139 = VERTEX_POINT('',#2140);
#2140 = CARTESIAN_POINT('',(-10.44,-8.6,6.8));
#2141 = LINE('',#2142,#2143);
#2142 = CARTESIAN_POINT('',(-10.44,-8.6,5.4));
#2143 = VECTOR('',#2144,1.);
#2144 = DIRECTION('',(0.,0.,1.));
#2145 = ORIENTED_EDGE('',*,*,#2146,.T.);
#2146 = EDGE_CURVE('',#2139,#2147,#2149,.T.);
#2147 = VERTEX_POINT('',#2148);
#2148 = CARTESIAN_POINT('',(-10.44,-7.4,6.8));
#2149 = LINE('',#2150,#2151);
#2150 = CARTESIAN_POINT('',(-10.44,-3.756567838536E-16,6.8));
#2151 = VECTOR('',#2152,1.);
#2152 = DIRECTION('',(0.,1.,0.));
#2153 = ORIENTED_EDGE('',*,*,#2154,.T.);
#2154 = EDGE_CURVE('',#2147,#2155,#2157,.T.);
#2155 = VERTEX_POINT('',#2156);
#2156 = CARTESIAN_POINT('',(-10.44,-7.4,8.));
#2157 = LINE('',#2158,#2159);
#2158 = CARTESIAN_POINT('',(-10.44,-7.4,5.4));
#2159 = VECTOR('',#2160,1.);
#2160 = DIRECTION('',(0.,0.,1.));
#2161 = ORIENTED_EDGE('',*,*,#2162,.T.);
#2162 = EDGE_CURVE('',#2155,#2163,#2165,.T.);
#2163 = VERTEX_POINT('',#2164);
#2164 = CARTESIAN_POINT('',(-10.44,-0.6,8.));
#2165 = LINE('',#2166,#2167);
#2166 = CARTESIAN_POINT('',(-10.44,-22.44,8.));
#2167 = VECTOR('',#2168,1.);
#2168 = DIRECTION('',(0.,1.,0.));
#2169 = ORIENTED_EDGE('',*,*,#2170,.F.);
#2170 = EDGE_CURVE('',#2171,#2163,#2173,.T.);
#2171 = VERTEX_POINT('',#2172);
#2172 = CARTESIAN_POINT('',(-10.44,-0.6,6.8));
#2173 = LINE('',#2174,#2175);
#2174 = CARTESIAN_POINT('',(-10.44,-0.6,5.4));
#2175 = VECTOR('',#2176,1.);
#2176 = DIRECTION('',(0.,0.,1.));
#2177 = ORIENTED_EDGE('',*,*,#2178,.T.);
#2178 = EDGE_CURVE('',#2171,#2179,#2181,.T.);
#2179 = VERTEX_POINT('',#2180);
#2180 = CARTESIAN_POINT('',(-10.44,0.6,6.8));
#2181 = LINE('',#2182,#2183);
#2182 = CARTESIAN_POINT('',(-10.44,-3.756567838536E-16,6.8));
#2183 = VECTOR('',#2184,1.);
#2184 = DIRECTION('',(0.,1.,0.));
#2185 = ORIENTED_EDGE('',*,*,#2186,.T.);
#2186 = EDGE_CURVE('',#2179,#2187,#2189,.T.);
#2187 = VERTEX_POINT('',#2188);
#2188 = CARTESIAN_POINT('',(-10.44,0.6,8.));
#2189 = LINE('',#2190,#2191);
#2190 = CARTESIAN_POINT('',(-10.44,0.6,5.4));
#2191 = VECTOR('',#2192,1.);
#2192 = DIRECTION('',(0.,0.,1.));
#2193 = ORIENTED_EDGE('',*,*,#2194,.T.);
#2194 = EDGE_CURVE('',#2187,#2195,#2197,.T.);
#2195 = VERTEX_POINT('',#2196);
#2196 = CARTESIAN_POINT('',(-10.44,7.4,8.));
#2197 = LINE('',#2198,#2199);
#2198 = CARTESIAN_POINT('',(-10.44,-22.44,8.));
#2199 = VECTOR('',#2200,1.);
#2200 = DIRECTION('',(0.,1.,0.));
#2201 = ORIENTED_EDGE('',*,*,#2202,.F.);
#2202 = EDGE_CURVE('',#2203,#2195,#2205,.T.);
#2203 = VERTEX_POINT('',#2204);
#2204 = CARTESIAN_POINT('',(-10.44,7.4,6.8));
#2205 = LINE('',#2206,#2207);
#2206 = CARTESIAN_POINT('',(-10.44,7.4,5.4));
#2207 = VECTOR('',#2208,1.);
#2208 = DIRECTION('',(0.,0.,1.));
#2209 = ORIENTED_EDGE('',*,*,#2210,.T.);
#2210 = EDGE_CURVE('',#2203,#2211,#2213,.T.);
#2211 = VERTEX_POINT('',#2212);
#2212 = CARTESIAN_POINT('',(-10.44,8.6,6.8));
#2213 = LINE('',#2214,#2215);
#2214 = CARTESIAN_POINT('',(-10.44,-3.756567838536E-16,6.8));
#2215 = VECTOR('',#2216,1.);
#2216 = DIRECTION('',(0.,1.,0.));
#2217 = ORIENTED_EDGE('',*,*,#2218,.T.);
#2218 = EDGE_CURVE('',#2211,#2219,#2221,.T.);
#2219 = VERTEX_POINT('',#2220);
#2220 = CARTESIAN_POINT('',(-10.44,8.6,8.));
#2221 = LINE('',#2222,#2223);
#2222 = CARTESIAN_POINT('',(-10.44,8.6,5.4));
#2223 = VECTOR('',#2224,1.);
#2224 = DIRECTION('',(0.,0.,1.));
#2225 = ORIENTED_EDGE('',*,*,#2226,.T.);
#2226 = EDGE_CURVE('',#2219,#2227,#2229,.T.);
#2227 = VERTEX_POINT('',#2228);
#2228 = CARTESIAN_POINT('',(-10.44,15.4,8.));
#2229 = LINE('',#2230,#2231);
#2230 = CARTESIAN_POINT('',(-10.44,-22.44,8.));
#2231 = VECTOR('',#2232,1.);
#2232 = DIRECTION('',(0.,1.,0.));
#2233 = ORIENTED_EDGE('',*,*,#2234,.F.);
#2234 = EDGE_CURVE('',#2235,#2227,#2237,.T.);
#2235 = VERTEX_POINT('',#2236);
#2236 = CARTESIAN_POINT('',(-10.44,15.4,6.8));
#2237 = LINE('',#2238,#2239);
#2238 = CARTESIAN_POINT('',(-10.44,15.4,5.4));
#2239 = VECTOR('',#2240,1.);
#2240 = DIRECTION('',(0.,0.,1.));
#2241 = ORIENTED_EDGE('',*,*,#2242,.T.);
#2242 = EDGE_CURVE('',#2235,#2243,#2245,.T.);
#2243 = VERTEX_POINT('',#2244);
#2244 = CARTESIAN_POINT('',(-10.44,16.6,6.8));
#2245 = LINE('',#2246,#2247);
#2246 = CARTESIAN_POINT('',(-10.44,-3.756567838536E-16,6.8));
#2247 = VECTOR('',#2248,1.);
#2248 = DIRECTION('',(0.,1.,0.));
#2249 = ORIENTED_EDGE('',*,*,#2250,.T.);
#2250 = EDGE_CURVE('',#2243,#2251,#2253,.T.);
#2251 = VERTEX_POINT('',#2252);
#2252 = CARTESIAN_POINT('',(-10.44,16.6,8.));
#2253 = LINE('',#2254,#2255);
#2254 = CARTESIAN_POINT('',(-10.44,16.6,5.4));
#2255 = VECTOR('',#2256,1.);
#2256 = DIRECTION('',(0.,0.,1.));
#2257 = ORIENTED_EDGE('',*,*,#2258,.T.);
#2258 = EDGE_CURVE('',#2251,#2259,#2261,.T.);
#2259 = VERTEX_POINT('',#2260);
#2260 = CARTESIAN_POINT('',(-10.44,22.44,8.));
#2261 = LINE('',#2262,#2263);
#2262 = CARTESIAN_POINT('',(-10.44,-22.44,8.));
#2263 = VECTOR('',#2264,1.);
#2264 = DIRECTION('',(0.,1.,0.));
#2265 = ORIENTED_EDGE('',*,*,#2266,.F.);
#2266 = EDGE_CURVE('',#1613,#2259,#2267,.T.);
#2267 = LINE('',#2268,#2269);
#2268 = CARTESIAN_POINT('',(-10.44,22.44,0.));
#2269 = VECTOR('',#2270,1.);
#2270 = DIRECTION('',(0.,0.,1.));
#2271 = ORIENTED_EDGE('',*,*,#1612,.F.);
#2272 = ORIENTED_EDGE('',*,*,#1589,.F.);
#2273 = ORIENTED_EDGE('',*,*,#1566,.F.);
#2274 = ORIENTED_EDGE('',*,*,#1543,.F.);
#2275 = ORIENTED_EDGE('',*,*,#1520,.F.);
#2276 = ORIENTED_EDGE('',*,*,#1497,.F.);
#2277 = ORIENTED_EDGE('',*,*,#1474,.F.);
#2278 = ORIENTED_EDGE('',*,*,#1451,.F.);
#2279 = ORIENTED_EDGE('',*,*,#1428,.F.);
#2280 = ORIENTED_EDGE('',*,*,#1405,.F.);
#2281 = PLANE('',#2282);
#2282 = AXIS2_PLACEMENT_3D('',#2283,#2284,#2285);
#2283 = CARTESIAN_POINT('',(-10.44,-7.390289422618E-16,4.));
#2284 = DIRECTION('',(-1.,-0.,-0.));
#2285 = DIRECTION('',(0.,0.,-1.));
#2286 = ADVANCED_FACE('',(#2287),#2337,.F.);
#2287 = FACE_BOUND('',#2288,.F.);
#2288 = EDGE_LOOP('',(#2289,#2290,#2291,#2299,#2307,#2315,#2323,#2331));
#2289 = ORIENTED_EDGE('',*,*,#1635,.F.);
#2290 = ORIENTED_EDGE('',*,*,#2266,.T.);
#2291 = ORIENTED_EDGE('',*,*,#2292,.T.);
#2292 = EDGE_CURVE('',#2259,#2293,#2295,.T.);
#2293 = VERTEX_POINT('',#2294);
#2294 = CARTESIAN_POINT('',(-4.6,22.44,8.));
#2295 = LINE('',#2296,#2297);
#2296 = CARTESIAN_POINT('',(-10.44,22.44,8.));
#2297 = VECTOR('',#2298,1.);
#2298 = DIRECTION('',(1.,0.,0.));
#2299 = ORIENTED_EDGE('',*,*,#2300,.F.);
#2300 = EDGE_CURVE('',#2301,#2293,#2303,.T.);
#2301 = VERTEX_POINT('',#2302);
#2302 = CARTESIAN_POINT('',(-4.6,22.44,6.8));
#2303 = LINE('',#2304,#2305);
#2304 = CARTESIAN_POINT('',(-4.6,22.44,3.4));
#2305 = VECTOR('',#2306,1.);
#2306 = DIRECTION('',(0.,0.,1.));
#2307 = ORIENTED_EDGE('',*,*,#2308,.T.);
#2308 = EDGE_CURVE('',#2301,#2309,#2311,.T.);
#2309 = VERTEX_POINT('',#2310);
#2310 = CARTESIAN_POINT('',(-3.4,22.44,6.8));
#2311 = LINE('',#2312,#2313);
#2312 = CARTESIAN_POINT('',(-5.22,22.44,6.8));
#2313 = VECTOR('',#2314,1.);
#2314 = DIRECTION('',(1.,0.,0.));
#2315 = ORIENTED_EDGE('',*,*,#2316,.T.);
#2316 = EDGE_CURVE('',#2309,#2317,#2319,.T.);
#2317 = VERTEX_POINT('',#2318);
#2318 = CARTESIAN_POINT('',(-3.4,22.44,8.));
#2319 = LINE('',#2320,#2321);
#2320 = CARTESIAN_POINT('',(-3.4,22.44,3.4));
#2321 = VECTOR('',#2322,1.);
#2322 = DIRECTION('',(0.,0.,1.));
#2323 = ORIENTED_EDGE('',*,*,#2324,.T.);
#2324 = EDGE_CURVE('',#2317,#2325,#2327,.T.);
#2325 = VERTEX_POINT('',#2326);
#2326 = CARTESIAN_POINT('',(2.44,22.44,8.));
#2327 = LINE('',#2328,#2329);
#2328 = CARTESIAN_POINT('',(-10.44,22.44,8.));
#2329 = VECTOR('',#2330,1.);
#2330 = DIRECTION('',(1.,0.,0.));
#2331 = ORIENTED_EDGE('',*,*,#2332,.F.);
#2332 = EDGE_CURVE('',#1636,#2325,#2333,.T.);
#2333 = LINE('',#2334,#2335);
#2334 = CARTESIAN_POINT('',(2.44,22.44,0.));
#2335 = VECTOR('',#2336,1.);
#2336 = DIRECTION('',(0.,0.,1.));
#2337 = PLANE('',#2338);
#2338 = AXIS2_PLACEMENT_3D('',#2339,#2340,#2341);
#2339 = CARTESIAN_POINT('',(-10.44,22.44,0.));
#2340 = DIRECTION('',(0.,1.,0.));
#2341 = DIRECTION('',(0.,0.,1.));
#2342 = ADVANCED_FACE('',(#2343),#2394,.F.);
#2343 = FACE_BOUND('',#2344,.F.);
#2344 = EDGE_LOOP('',(#2345,#2353,#2354,#2355,#2356,#2364,#2372,#2380,
    #2388));
#2345 = ORIENTED_EDGE('',*,*,#2346,.F.);
#2346 = EDGE_CURVE('',#1682,#2347,#2349,.T.);
#2347 = VERTEX_POINT('',#2348);
#2348 = CARTESIAN_POINT('',(2.44,14.44,8.));
#2349 = LINE('',#2350,#2351);
#2350 = CARTESIAN_POINT('',(2.44,14.44,0.));
#2351 = VECTOR('',#2352,1.);
#2352 = DIRECTION('',(0.,0.,1.));
#2353 = ORIENTED_EDGE('',*,*,#1681,.T.);
#2354 = ORIENTED_EDGE('',*,*,#1658,.T.);
#2355 = ORIENTED_EDGE('',*,*,#2332,.T.);
#2356 = ORIENTED_EDGE('',*,*,#2357,.F.);
#2357 = EDGE_CURVE('',#2358,#2325,#2360,.T.);
#2358 = VERTEX_POINT('',#2359);
#2359 = CARTESIAN_POINT('',(2.44,16.6,8.));
#2360 = LINE('',#2361,#2362);
#2361 = CARTESIAN_POINT('',(2.44,14.44,8.));
#2362 = VECTOR('',#2363,1.);
#2363 = DIRECTION('',(0.,1.,0.));
#2364 = ORIENTED_EDGE('',*,*,#2365,.T.);
#2365 = EDGE_CURVE('',#2358,#2366,#2368,.T.);
#2366 = VERTEX_POINT('',#2367);
#2367 = CARTESIAN_POINT('',(2.44,16.6,6.8));
#2368 = LINE('',#2369,#2370);
#2369 = CARTESIAN_POINT('',(2.44,16.6,5.4));
#2370 = VECTOR('',#2371,1.);
#2371 = DIRECTION('',(0.,0.,-1.));
#2372 = ORIENTED_EDGE('',*,*,#2373,.T.);
#2373 = EDGE_CURVE('',#2366,#2374,#2376,.T.);
#2374 = VERTEX_POINT('',#2375);
#2375 = CARTESIAN_POINT('',(2.44,15.4,6.8));
#2376 = LINE('',#2377,#2378);
#2377 = CARTESIAN_POINT('',(2.44,9.22,6.8));
#2378 = VECTOR('',#2379,1.);
#2379 = DIRECTION('',(0.,-1.,0.));
#2380 = ORIENTED_EDGE('',*,*,#2381,.F.);
#2381 = EDGE_CURVE('',#2382,#2374,#2384,.T.);
#2382 = VERTEX_POINT('',#2383);
#2383 = CARTESIAN_POINT('',(2.44,15.4,8.));
#2384 = LINE('',#2385,#2386);
#2385 = CARTESIAN_POINT('',(2.44,15.4,5.4));
#2386 = VECTOR('',#2387,1.);
#2387 = DIRECTION('',(0.,0.,-1.));
#2388 = ORIENTED_EDGE('',*,*,#2389,.F.);
#2389 = EDGE_CURVE('',#2347,#2382,#2390,.T.);
#2390 = LINE('',#2391,#2392);
#2391 = CARTESIAN_POINT('',(2.44,14.44,8.));
#2392 = VECTOR('',#2393,1.);
#2393 = DIRECTION('',(0.,1.,0.));
#2394 = PLANE('',#2395);
#2395 = AXIS2_PLACEMENT_3D('',#2396,#2397,#2398);
#2396 = CARTESIAN_POINT('',(2.44,18.44,4.));
#2397 = DIRECTION('',(1.,0.,0.));
#2398 = DIRECTION('',(0.,0.,1.));
#2399 = ADVANCED_FACE('',(#2400),#2450,.F.);
#2400 = FACE_BOUND('',#2401,.F.);
#2401 = EDGE_LOOP('',(#2402,#2403,#2404,#2412,#2420,#2428,#2436,#2444));
#2402 = ORIENTED_EDGE('',*,*,#1704,.F.);
#2403 = ORIENTED_EDGE('',*,*,#2346,.T.);
#2404 = ORIENTED_EDGE('',*,*,#2405,.T.);
#2405 = EDGE_CURVE('',#2347,#2406,#2408,.T.);
#2406 = VERTEX_POINT('',#2407);
#2407 = CARTESIAN_POINT('',(3.4,14.44,8.));
#2408 = LINE('',#2409,#2410);
#2409 = CARTESIAN_POINT('',(-10.44,14.44,8.));
#2410 = VECTOR('',#2411,1.);
#2411 = DIRECTION('',(1.,0.,0.));
#2412 = ORIENTED_EDGE('',*,*,#2413,.F.);
#2413 = EDGE_CURVE('',#2414,#2406,#2416,.T.);
#2414 = VERTEX_POINT('',#2415);
#2415 = CARTESIAN_POINT('',(3.4,14.44,6.8));
#2416 = LINE('',#2417,#2418);
#2417 = CARTESIAN_POINT('',(3.4,14.44,3.4));
#2418 = VECTOR('',#2419,1.);
#2419 = DIRECTION('',(0.,0.,1.));
#2420 = ORIENTED_EDGE('',*,*,#2421,.T.);
#2421 = EDGE_CURVE('',#2414,#2422,#2424,.T.);
#2422 = VERTEX_POINT('',#2423);
#2423 = CARTESIAN_POINT('',(4.6,14.44,6.8));
#2424 = LINE('',#2425,#2426);
#2425 = CARTESIAN_POINT('',(-5.22,14.44,6.8));
#2426 = VECTOR('',#2427,1.);
#2427 = DIRECTION('',(1.,0.,0.));
#2428 = ORIENTED_EDGE('',*,*,#2429,.T.);
#2429 = EDGE_CURVE('',#2422,#2430,#2432,.T.);
#2430 = VERTEX_POINT('',#2431);
#2431 = CARTESIAN_POINT('',(4.6,14.44,8.));
#2432 = LINE('',#2433,#2434);
#2433 = CARTESIAN_POINT('',(4.6,14.44,3.4));
#2434 = VECTOR('',#2435,1.);
#2435 = DIRECTION('',(0.,0.,1.));
#2436 = ORIENTED_EDGE('',*,*,#2437,.T.);
#2437 = EDGE_CURVE('',#2430,#2438,#2440,.T.);
#2438 = VERTEX_POINT('',#2439);
#2439 = CARTESIAN_POINT('',(10.44,14.44,8.));
#2440 = LINE('',#2441,#2442);
#2441 = CARTESIAN_POINT('',(-10.44,14.44,8.));
#2442 = VECTOR('',#2443,1.);
#2443 = DIRECTION('',(1.,0.,0.));
#2444 = ORIENTED_EDGE('',*,*,#2445,.F.);
#2445 = EDGE_CURVE('',#1705,#2438,#2446,.T.);
#2446 = LINE('',#2447,#2448);
#2447 = CARTESIAN_POINT('',(10.44,14.44,0.));
#2448 = VECTOR('',#2449,1.);
#2449 = DIRECTION('',(0.,0.,1.));
#2450 = PLANE('',#2451);
#2451 = AXIS2_PLACEMENT_3D('',#2452,#2453,#2454);
#2452 = CARTESIAN_POINT('',(-10.44,14.44,0.));
#2453 = DIRECTION('',(0.,1.,0.));
#2454 = DIRECTION('',(0.,0.,1.));
#2455 = ADVANCED_FACE('',(#2456),#2508,.F.);
#2456 = FACE_BOUND('',#2457,.F.);
#2457 = EDGE_LOOP('',(#2458,#2466,#2467,#2468,#2469,#2470,#2478,#2486,
    #2494,#2502));
#2458 = ORIENTED_EDGE('',*,*,#2459,.F.);
#2459 = EDGE_CURVE('',#1774,#2460,#2462,.T.);
#2460 = VERTEX_POINT('',#2461);
#2461 = CARTESIAN_POINT('',(10.44,1.56,8.));
#2462 = LINE('',#2463,#2464);
#2463 = CARTESIAN_POINT('',(10.44,1.56,0.));
#2464 = VECTOR('',#2465,1.);
#2465 = DIRECTION('',(0.,0.,1.));
#2466 = ORIENTED_EDGE('',*,*,#1773,.T.);
#2467 = ORIENTED_EDGE('',*,*,#1750,.T.);
#2468 = ORIENTED_EDGE('',*,*,#1727,.T.);
#2469 = ORIENTED_EDGE('',*,*,#2445,.T.);
#2470 = ORIENTED_EDGE('',*,*,#2471,.F.);
#2471 = EDGE_CURVE('',#2472,#2438,#2474,.T.);
#2472 = VERTEX_POINT('',#2473);
#2473 = CARTESIAN_POINT('',(10.44,8.6,8.));
#2474 = LINE('',#2475,#2476);
#2475 = CARTESIAN_POINT('',(10.44,1.56,8.));
#2476 = VECTOR('',#2477,1.);
#2477 = DIRECTION('',(0.,1.,0.));
#2478 = ORIENTED_EDGE('',*,*,#2479,.T.);
#2479 = EDGE_CURVE('',#2472,#2480,#2482,.T.);
#2480 = VERTEX_POINT('',#2481);
#2481 = CARTESIAN_POINT('',(10.44,8.6,6.8));
#2482 = LINE('',#2483,#2484);
#2483 = CARTESIAN_POINT('',(10.44,8.6,5.4));
#2484 = VECTOR('',#2485,1.);
#2485 = DIRECTION('',(0.,0.,-1.));
#2486 = ORIENTED_EDGE('',*,*,#2487,.T.);
#2487 = EDGE_CURVE('',#2480,#2488,#2490,.T.);
#2488 = VERTEX_POINT('',#2489);
#2489 = CARTESIAN_POINT('',(10.44,7.4,6.8));
#2490 = LINE('',#2491,#2492);
#2491 = CARTESIAN_POINT('',(10.44,4.,6.8));
#2492 = VECTOR('',#2493,1.);
#2493 = DIRECTION('',(0.,-1.,0.));
#2494 = ORIENTED_EDGE('',*,*,#2495,.F.);
#2495 = EDGE_CURVE('',#2496,#2488,#2498,.T.);
#2496 = VERTEX_POINT('',#2497);
#2497 = CARTESIAN_POINT('',(10.44,7.4,8.));
#2498 = LINE('',#2499,#2500);
#2499 = CARTESIAN_POINT('',(10.44,7.4,5.4));
#2500 = VECTOR('',#2501,1.);
#2501 = DIRECTION('',(0.,0.,-1.));
#2502 = ORIENTED_EDGE('',*,*,#2503,.F.);
#2503 = EDGE_CURVE('',#2460,#2496,#2504,.T.);
#2504 = LINE('',#2505,#2506);
#2505 = CARTESIAN_POINT('',(10.44,1.56,8.));
#2506 = VECTOR('',#2507,1.);
#2507 = DIRECTION('',(0.,1.,0.));
#2508 = PLANE('',#2509);
#2509 = AXIS2_PLACEMENT_3D('',#2510,#2511,#2512);
#2510 = CARTESIAN_POINT('',(10.44,8.,4.));
#2511 = DIRECTION('',(1.,0.,0.));
#2512 = DIRECTION('',(0.,0.,1.));
#2513 = ADVANCED_FACE('',(#2514),#2564,.T.);
#2514 = FACE_BOUND('',#2515,.T.);
#2515 = EDGE_LOOP('',(#2516,#2517,#2525,#2533,#2541,#2549,#2557,#2563));
#2516 = ORIENTED_EDGE('',*,*,#1803,.F.);
#2517 = ORIENTED_EDGE('',*,*,#2518,.T.);
#2518 = EDGE_CURVE('',#1795,#2519,#2521,.T.);
#2519 = VERTEX_POINT('',#2520);
#2520 = CARTESIAN_POINT('',(2.44,1.56,8.));
#2521 = LINE('',#2522,#2523);
#2522 = CARTESIAN_POINT('',(2.44,1.56,0.));
#2523 = VECTOR('',#2524,1.);
#2524 = DIRECTION('',(0.,0.,1.));
#2525 = ORIENTED_EDGE('',*,*,#2526,.T.);
#2526 = EDGE_CURVE('',#2519,#2527,#2529,.T.);
#2527 = VERTEX_POINT('',#2528);
#2528 = CARTESIAN_POINT('',(3.4,1.56,8.));
#2529 = LINE('',#2530,#2531);
#2530 = CARTESIAN_POINT('',(-10.44,1.56,8.));
#2531 = VECTOR('',#2532,1.);
#2532 = DIRECTION('',(1.,0.,0.));
#2533 = ORIENTED_EDGE('',*,*,#2534,.F.);
#2534 = EDGE_CURVE('',#2535,#2527,#2537,.T.);
#2535 = VERTEX_POINT('',#2536);
#2536 = CARTESIAN_POINT('',(3.4,1.56,6.8));
#2537 = LINE('',#2538,#2539);
#2538 = CARTESIAN_POINT('',(3.4,1.56,3.4));
#2539 = VECTOR('',#2540,1.);
#2540 = DIRECTION('',(0.,0.,1.));
#2541 = ORIENTED_EDGE('',*,*,#2542,.T.);
#2542 = EDGE_CURVE('',#2535,#2543,#2545,.T.);
#2543 = VERTEX_POINT('',#2544);
#2544 = CARTESIAN_POINT('',(4.6,1.56,6.8));
#2545 = LINE('',#2546,#2547);
#2546 = CARTESIAN_POINT('',(-5.22,1.56,6.8));
#2547 = VECTOR('',#2548,1.);
#2548 = DIRECTION('',(1.,0.,0.));
#2549 = ORIENTED_EDGE('',*,*,#2550,.T.);
#2550 = EDGE_CURVE('',#2543,#2551,#2553,.T.);
#2551 = VERTEX_POINT('',#2552);
#2552 = CARTESIAN_POINT('',(4.6,1.56,8.));
#2553 = LINE('',#2554,#2555);
#2554 = CARTESIAN_POINT('',(4.6,1.56,3.4));
#2555 = VECTOR('',#2556,1.);
#2556 = DIRECTION('',(0.,0.,1.));
#2557 = ORIENTED_EDGE('',*,*,#2558,.T.);
#2558 = EDGE_CURVE('',#2551,#2460,#2559,.T.);
#2559 = LINE('',#2560,#2561);
#2560 = CARTESIAN_POINT('',(-10.44,1.56,8.));
#2561 = VECTOR('',#2562,1.);
#2562 = DIRECTION('',(1.,0.,0.));
#2563 = ORIENTED_EDGE('',*,*,#2459,.F.);
#2564 = PLANE('',#2565);
#2565 = AXIS2_PLACEMENT_3D('',#2566,#2567,#2568);
#2566 = CARTESIAN_POINT('',(-10.44,1.56,0.));
#2567 = DIRECTION('',(0.,1.,0.));
#2568 = DIRECTION('',(0.,0.,1.));
#2569 = ADVANCED_FACE('',(#2570),#2689,.F.);
#2570 = FACE_BOUND('',#2571,.F.);
#2571 = EDGE_LOOP('',(#2572,#2580,#2581,#2582,#2583,#2584,#2585,#2586,
    #2587,#2595,#2603,#2611,#2619,#2627,#2635,#2643,#2651,#2659,#2667,
    #2675,#2683));
#2572 = ORIENTED_EDGE('',*,*,#2573,.F.);
#2573 = EDGE_CURVE('',#1935,#2574,#2576,.T.);
#2574 = VERTEX_POINT('',#2575);
#2575 = CARTESIAN_POINT('',(2.44,-22.44,8.));
#2576 = LINE('',#2577,#2578);
#2577 = CARTESIAN_POINT('',(2.44,-22.44,0.));
#2578 = VECTOR('',#2579,1.);
#2579 = DIRECTION('',(0.,0.,1.));
#2580 = ORIENTED_EDGE('',*,*,#1934,.T.);
#2581 = ORIENTED_EDGE('',*,*,#1911,.T.);
#2582 = ORIENTED_EDGE('',*,*,#1888,.T.);
#2583 = ORIENTED_EDGE('',*,*,#1865,.T.);
#2584 = ORIENTED_EDGE('',*,*,#1842,.T.);
#2585 = ORIENTED_EDGE('',*,*,#1819,.T.);
#2586 = ORIENTED_EDGE('',*,*,#2518,.T.);
#2587 = ORIENTED_EDGE('',*,*,#2588,.F.);
#2588 = EDGE_CURVE('',#2589,#2519,#2591,.T.);
#2589 = VERTEX_POINT('',#2590);
#2590 = CARTESIAN_POINT('',(2.44,0.6,8.));
#2591 = LINE('',#2592,#2593);
#2592 = CARTESIAN_POINT('',(2.44,-22.44,8.));
#2593 = VECTOR('',#2594,1.);
#2594 = DIRECTION('',(0.,1.,0.));
#2595 = ORIENTED_EDGE('',*,*,#2596,.T.);
#2596 = EDGE_CURVE('',#2589,#2597,#2599,.T.);
#2597 = VERTEX_POINT('',#2598);
#2598 = CARTESIAN_POINT('',(2.44,0.6,6.8));
#2599 = LINE('',#2600,#2601);
#2600 = CARTESIAN_POINT('',(2.44,0.6,5.4));
#2601 = VECTOR('',#2602,1.);
#2602 = DIRECTION('',(0.,0.,-1.));
#2603 = ORIENTED_EDGE('',*,*,#2604,.T.);
#2604 = EDGE_CURVE('',#2597,#2605,#2607,.T.);
#2605 = VERTEX_POINT('',#2606);
#2606 = CARTESIAN_POINT('',(2.44,-0.6,6.8));
#2607 = LINE('',#2608,#2609);
#2608 = CARTESIAN_POINT('',(2.44,-5.22,6.8));
#2609 = VECTOR('',#2610,1.);
#2610 = DIRECTION('',(0.,-1.,0.));
#2611 = ORIENTED_EDGE('',*,*,#2612,.F.);
#2612 = EDGE_CURVE('',#2613,#2605,#2615,.T.);
#2613 = VERTEX_POINT('',#2614);
#2614 = CARTESIAN_POINT('',(2.44,-0.6,8.));
#2615 = LINE('',#2616,#2617);
#2616 = CARTESIAN_POINT('',(2.44,-0.6,5.4));
#2617 = VECTOR('',#2618,1.);
#2618 = DIRECTION('',(0.,0.,-1.));
#2619 = ORIENTED_EDGE('',*,*,#2620,.F.);
#2620 = EDGE_CURVE('',#2621,#2613,#2623,.T.);
#2621 = VERTEX_POINT('',#2622);
#2622 = CARTESIAN_POINT('',(2.44,-7.4,8.));
#2623 = LINE('',#2624,#2625);
#2624 = CARTESIAN_POINT('',(2.44,-22.44,8.));
#2625 = VECTOR('',#2626,1.);
#2626 = DIRECTION('',(0.,1.,0.));
#2627 = ORIENTED_EDGE('',*,*,#2628,.T.);
#2628 = EDGE_CURVE('',#2621,#2629,#2631,.T.);
#2629 = VERTEX_POINT('',#2630);
#2630 = CARTESIAN_POINT('',(2.44,-7.4,6.8));
#2631 = LINE('',#2632,#2633);
#2632 = CARTESIAN_POINT('',(2.44,-7.4,5.4));
#2633 = VECTOR('',#2634,1.);
#2634 = DIRECTION('',(0.,0.,-1.));
#2635 = ORIENTED_EDGE('',*,*,#2636,.T.);
#2636 = EDGE_CURVE('',#2629,#2637,#2639,.T.);
#2637 = VERTEX_POINT('',#2638);
#2638 = CARTESIAN_POINT('',(2.44,-8.6,6.8));
#2639 = LINE('',#2640,#2641);
#2640 = CARTESIAN_POINT('',(2.44,-5.22,6.8));
#2641 = VECTOR('',#2642,1.);
#2642 = DIRECTION('',(0.,-1.,0.));
#2643 = ORIENTED_EDGE('',*,*,#2644,.F.);
#2644 = EDGE_CURVE('',#2645,#2637,#2647,.T.);
#2645 = VERTEX_POINT('',#2646);
#2646 = CARTESIAN_POINT('',(2.44,-8.6,8.));
#2647 = LINE('',#2648,#2649);
#2648 = CARTESIAN_POINT('',(2.44,-8.6,5.4));
#2649 = VECTOR('',#2650,1.);
#2650 = DIRECTION('',(0.,0.,-1.));
#2651 = ORIENTED_EDGE('',*,*,#2652,.F.);
#2652 = EDGE_CURVE('',#2653,#2645,#2655,.T.);
#2653 = VERTEX_POINT('',#2654);
#2654 = CARTESIAN_POINT('',(2.44,-15.4,8.));
#2655 = LINE('',#2656,#2657);
#2656 = CARTESIAN_POINT('',(2.44,-22.44,8.));
#2657 = VECTOR('',#2658,1.);
#2658 = DIRECTION('',(0.,1.,0.));
#2659 = ORIENTED_EDGE('',*,*,#2660,.T.);
#2660 = EDGE_CURVE('',#2653,#2661,#2663,.T.);
#2661 = VERTEX_POINT('',#2662);
#2662 = CARTESIAN_POINT('',(2.44,-15.4,6.8));
#2663 = LINE('',#2664,#2665);
#2664 = CARTESIAN_POINT('',(2.44,-15.4,5.4));
#2665 = VECTOR('',#2666,1.);
#2666 = DIRECTION('',(0.,0.,-1.));
#2667 = ORIENTED_EDGE('',*,*,#2668,.T.);
#2668 = EDGE_CURVE('',#2661,#2669,#2671,.T.);
#2669 = VERTEX_POINT('',#2670);
#2670 = CARTESIAN_POINT('',(2.44,-16.6,6.8));
#2671 = LINE('',#2672,#2673);
#2672 = CARTESIAN_POINT('',(2.44,-5.22,6.8));
#2673 = VECTOR('',#2674,1.);
#2674 = DIRECTION('',(0.,-1.,0.));
#2675 = ORIENTED_EDGE('',*,*,#2676,.F.);
#2676 = EDGE_CURVE('',#2677,#2669,#2679,.T.);
#2677 = VERTEX_POINT('',#2678);
#2678 = CARTESIAN_POINT('',(2.44,-16.6,8.));
#2679 = LINE('',#2680,#2681);
#2680 = CARTESIAN_POINT('',(2.44,-16.6,5.4));
#2681 = VECTOR('',#2682,1.);
#2682 = DIRECTION('',(0.,0.,-1.));
#2683 = ORIENTED_EDGE('',*,*,#2684,.F.);
#2684 = EDGE_CURVE('',#2574,#2677,#2685,.T.);
#2685 = LINE('',#2686,#2687);
#2686 = CARTESIAN_POINT('',(2.44,-22.44,8.));
#2687 = VECTOR('',#2688,1.);
#2688 = DIRECTION('',(0.,1.,0.));
#2689 = PLANE('',#2690);
#2690 = AXIS2_PLACEMENT_3D('',#2691,#2692,#2693);
#2691 = CARTESIAN_POINT('',(2.44,-10.44,4.));
#2692 = DIRECTION('',(1.,0.,0.));
#2693 = DIRECTION('',(0.,0.,1.));
#2694 = ADVANCED_FACE('',(#2695),#2738,.T.);
#2695 = FACE_BOUND('',#2696,.T.);
#2696 = EDGE_LOOP('',(#2697,#2698,#2699,#2707,#2715,#2723,#2731,#2737));
#2697 = ORIENTED_EDGE('',*,*,#1957,.F.);
#2698 = ORIENTED_EDGE('',*,*,#2090,.T.);
#2699 = ORIENTED_EDGE('',*,*,#2700,.T.);
#2700 = EDGE_CURVE('',#2091,#2701,#2703,.T.);
#2701 = VERTEX_POINT('',#2702);
#2702 = CARTESIAN_POINT('',(-4.6,-22.44,8.));
#2703 = LINE('',#2704,#2705);
#2704 = CARTESIAN_POINT('',(-10.44,-22.44,8.));
#2705 = VECTOR('',#2706,1.);
#2706 = DIRECTION('',(1.,0.,0.));
#2707 = ORIENTED_EDGE('',*,*,#2708,.F.);
#2708 = EDGE_CURVE('',#2709,#2701,#2711,.T.);
#2709 = VERTEX_POINT('',#2710);
#2710 = CARTESIAN_POINT('',(-4.6,-22.44,6.8));
#2711 = LINE('',#2712,#2713);
#2712 = CARTESIAN_POINT('',(-4.6,-22.44,3.4));
#2713 = VECTOR('',#2714,1.);
#2714 = DIRECTION('',(0.,0.,1.));
#2715 = ORIENTED_EDGE('',*,*,#2716,.T.);
#2716 = EDGE_CURVE('',#2709,#2717,#2719,.T.);
#2717 = VERTEX_POINT('',#2718);
#2718 = CARTESIAN_POINT('',(-3.4,-22.44,6.8));
#2719 = LINE('',#2720,#2721);
#2720 = CARTESIAN_POINT('',(-5.22,-22.44,6.8));
#2721 = VECTOR('',#2722,1.);
#2722 = DIRECTION('',(1.,0.,0.));
#2723 = ORIENTED_EDGE('',*,*,#2724,.T.);
#2724 = EDGE_CURVE('',#2717,#2725,#2727,.T.);
#2725 = VERTEX_POINT('',#2726);
#2726 = CARTESIAN_POINT('',(-3.4,-22.44,8.));
#2727 = LINE('',#2728,#2729);
#2728 = CARTESIAN_POINT('',(-3.4,-22.44,3.4));
#2729 = VECTOR('',#2730,1.);
#2730 = DIRECTION('',(0.,0.,1.));
#2731 = ORIENTED_EDGE('',*,*,#2732,.T.);
#2732 = EDGE_CURVE('',#2725,#2574,#2733,.T.);
#2733 = LINE('',#2734,#2735);
#2734 = CARTESIAN_POINT('',(-10.44,-22.44,8.));
#2735 = VECTOR('',#2736,1.);
#2736 = DIRECTION('',(1.,0.,0.));
#2737 = ORIENTED_EDGE('',*,*,#2573,.F.);
#2738 = PLANE('',#2739);
#2739 = AXIS2_PLACEMENT_3D('',#2740,#2741,#2742);
#2740 = CARTESIAN_POINT('',(-10.44,-22.44,0.));
#2741 = DIRECTION('',(0.,1.,0.));
#2742 = DIRECTION('',(0.,0.,1.));
#2743 = ADVANCED_FACE('',(#2744),#2771,.F.);
#2744 = FACE_BOUND('',#2745,.F.);
#2745 = EDGE_LOOP('',(#2746,#2747,#2755,#2764,#2770));
#2746 = ORIENTED_EDGE('',*,*,#2258,.F.);
#2747 = ORIENTED_EDGE('',*,*,#2748,.T.);
#2748 = EDGE_CURVE('',#2251,#2749,#2751,.T.);
#2749 = VERTEX_POINT('',#2750);
#2750 = CARTESIAN_POINT('',(-7.16040365499,16.6,8.));
#2751 = LINE('',#2752,#2753);
#2752 = CARTESIAN_POINT('',(-11.9,16.6,8.));
#2753 = VECTOR('',#2754,1.);
#2754 = DIRECTION('',(1.,0.,0.));
#2755 = ORIENTED_EDGE('',*,*,#2756,.F.);
#2756 = EDGE_CURVE('',#2757,#2749,#2759,.T.);
#2757 = VERTEX_POINT('',#2758);
#2758 = CARTESIAN_POINT('',(-4.6,19.160403654991,8.));
#2759 = CIRCLE('',#2760,3.216854249492);
#2760 = AXIS2_PLACEMENT_3D('',#2761,#2762,#2763);
#2761 = CARTESIAN_POINT('',(-4.,16.,8.));
#2762 = DIRECTION('',(0.,0.,1.));
#2763 = DIRECTION('',(1.,0.,0.));
#2764 = ORIENTED_EDGE('',*,*,#2765,.T.);
#2765 = EDGE_CURVE('',#2757,#2293,#2766,.T.);
#2766 = LINE('',#2767,#2768);
#2767 = CARTESIAN_POINT('',(-4.6,-23.9,8.));
#2768 = VECTOR('',#2769,1.);
#2769 = DIRECTION('',(0.,1.,0.));
#2770 = ORIENTED_EDGE('',*,*,#2292,.F.);
#2771 = PLANE('',#2772);
#2772 = AXIS2_PLACEMENT_3D('',#2773,#2774,#2775);
#2773 = CARTESIAN_POINT('',(-1.946472019465,0.973236009732,8.));
#2774 = DIRECTION('',(0.,0.,1.));
#2775 = DIRECTION('',(1.,0.,0.));
#2776 = ADVANCED_FACE('',(#2777),#2795,.T.);
#2777 = FACE_BOUND('',#2778,.T.);
#2778 = EDGE_LOOP('',(#2779,#2787,#2788,#2789));
#2779 = ORIENTED_EDGE('',*,*,#2780,.F.);
#2780 = EDGE_CURVE('',#2243,#2781,#2783,.T.);
#2781 = VERTEX_POINT('',#2782);
#2782 = CARTESIAN_POINT('',(-7.16040365499,16.6,6.8));
#2783 = LINE('',#2784,#2785);
#2784 = CARTESIAN_POINT('',(-11.9,16.6,6.8));
#2785 = VECTOR('',#2786,1.);
#2786 = DIRECTION('',(1.,0.,0.));
#2787 = ORIENTED_EDGE('',*,*,#2250,.T.);
#2788 = ORIENTED_EDGE('',*,*,#2748,.T.);
#2789 = ORIENTED_EDGE('',*,*,#2790,.T.);
#2790 = EDGE_CURVE('',#2749,#2781,#2791,.T.);
#2791 = LINE('',#2792,#2793);
#2792 = CARTESIAN_POINT('',(-7.16040365499,16.6,0.3));
#2793 = VECTOR('',#2794,1.);
#2794 = DIRECTION('',(-0.,-0.,-1.));
#2795 = PLANE('',#2796);
#2796 = AXIS2_PLACEMENT_3D('',#2797,#2798,#2799);
#2797 = CARTESIAN_POINT('',(-11.9,16.6,6.8));
#2798 = DIRECTION('',(0.,1.,0.));
#2799 = DIRECTION('',(0.,0.,1.));
#2800 = ADVANCED_FACE('',(#2801),#2820,.T.);
#2801 = FACE_BOUND('',#2802,.T.);
#2802 = EDGE_LOOP('',(#2803,#2812,#2818,#2819));
#2803 = ORIENTED_EDGE('',*,*,#2804,.F.);
#2804 = EDGE_CURVE('',#2805,#2781,#2807,.T.);
#2805 = VERTEX_POINT('',#2806);
#2806 = CARTESIAN_POINT('',(-7.16040365499,15.4,6.8));
#2807 = CIRCLE('',#2808,3.216854249492);
#2808 = AXIS2_PLACEMENT_3D('',#2809,#2810,#2811);
#2809 = CARTESIAN_POINT('',(-4.,16.,6.8));
#2810 = DIRECTION('',(0.,0.,-1.));
#2811 = DIRECTION('',(1.,0.,0.));
#2812 = ORIENTED_EDGE('',*,*,#2813,.F.);
#2813 = EDGE_CURVE('',#2235,#2805,#2814,.T.);
#2814 = LINE('',#2815,#2816);
#2815 = CARTESIAN_POINT('',(-11.9,15.4,6.8));
#2816 = VECTOR('',#2817,1.);
#2817 = DIRECTION('',(1.,0.,0.));
#2818 = ORIENTED_EDGE('',*,*,#2242,.T.);
#2819 = ORIENTED_EDGE('',*,*,#2780,.T.);
#2820 = PLANE('',#2821);
#2821 = AXIS2_PLACEMENT_3D('',#2822,#2823,#2824);
#2822 = CARTESIAN_POINT('',(-5.758418177516E-16,-1.228462544537E-17,6.8)
  );
#2823 = DIRECTION('',(-0.,-0.,-1.));
#2824 = DIRECTION('',(-1.,0.,0.));
#2825 = ADVANCED_FACE('',(#2826),#2844,.F.);
#2826 = FACE_BOUND('',#2827,.F.);
#2827 = EDGE_LOOP('',(#2828,#2829,#2830,#2838));
#2828 = ORIENTED_EDGE('',*,*,#2813,.F.);
#2829 = ORIENTED_EDGE('',*,*,#2234,.T.);
#2830 = ORIENTED_EDGE('',*,*,#2831,.T.);
#2831 = EDGE_CURVE('',#2227,#2832,#2834,.T.);
#2832 = VERTEX_POINT('',#2833);
#2833 = CARTESIAN_POINT('',(-7.16040365499,15.4,8.));
#2834 = LINE('',#2835,#2836);
#2835 = CARTESIAN_POINT('',(-11.9,15.4,8.));
#2836 = VECTOR('',#2837,1.);
#2837 = DIRECTION('',(1.,0.,0.));
#2838 = ORIENTED_EDGE('',*,*,#2839,.T.);
#2839 = EDGE_CURVE('',#2832,#2805,#2840,.T.);
#2840 = LINE('',#2841,#2842);
#2841 = CARTESIAN_POINT('',(-7.16040365499,15.4,0.3));
#2842 = VECTOR('',#2843,1.);
#2843 = DIRECTION('',(-0.,-0.,-1.));
#2844 = PLANE('',#2845);
#2845 = AXIS2_PLACEMENT_3D('',#2846,#2847,#2848);
#2846 = CARTESIAN_POINT('',(-11.9,15.4,6.8));
#2847 = DIRECTION('',(0.,1.,0.));
#2848 = DIRECTION('',(0.,0.,1.));
#2849 = ADVANCED_FACE('',(#2850),#2886,.F.);
#2850 = FACE_BOUND('',#2851,.F.);
#2851 = EDGE_LOOP('',(#2852,#2853,#2861,#2870,#2878,#2885));
#2852 = ORIENTED_EDGE('',*,*,#2226,.F.);
#2853 = ORIENTED_EDGE('',*,*,#2854,.T.);
#2854 = EDGE_CURVE('',#2219,#2855,#2857,.T.);
#2855 = VERTEX_POINT('',#2856);
#2856 = CARTESIAN_POINT('',(-7.16040365499,8.6,8.));
#2857 = LINE('',#2858,#2859);
#2858 = CARTESIAN_POINT('',(-11.9,8.6,8.));
#2859 = VECTOR('',#2860,1.);
#2860 = DIRECTION('',(1.,0.,0.));
#2861 = ORIENTED_EDGE('',*,*,#2862,.F.);
#2862 = EDGE_CURVE('',#2863,#2855,#2865,.T.);
#2863 = VERTEX_POINT('',#2864);
#2864 = CARTESIAN_POINT('',(-4.6,11.160403654991,8.));
#2865 = CIRCLE('',#2866,3.216854249492);
#2866 = AXIS2_PLACEMENT_3D('',#2867,#2868,#2869);
#2867 = CARTESIAN_POINT('',(-4.,8.,8.));
#2868 = DIRECTION('',(0.,0.,1.));
#2869 = DIRECTION('',(1.,0.,0.));
#2870 = ORIENTED_EDGE('',*,*,#2871,.T.);
#2871 = EDGE_CURVE('',#2863,#2872,#2874,.T.);
#2872 = VERTEX_POINT('',#2873);
#2873 = CARTESIAN_POINT('',(-4.6,12.839596345009,8.));
#2874 = LINE('',#2875,#2876);
#2875 = CARTESIAN_POINT('',(-4.6,-23.9,8.));
#2876 = VECTOR('',#2877,1.);
#2877 = DIRECTION('',(0.,1.,0.));
#2878 = ORIENTED_EDGE('',*,*,#2879,.F.);
#2879 = EDGE_CURVE('',#2832,#2872,#2880,.T.);
#2880 = CIRCLE('',#2881,3.216854249492);
#2881 = AXIS2_PLACEMENT_3D('',#2882,#2883,#2884);
#2882 = CARTESIAN_POINT('',(-4.,16.,8.));
#2883 = DIRECTION('',(0.,0.,1.));
#2884 = DIRECTION('',(1.,0.,0.));
#2885 = ORIENTED_EDGE('',*,*,#2831,.F.);
#2886 = PLANE('',#2887);
#2887 = AXIS2_PLACEMENT_3D('',#2888,#2889,#2890);
#2888 = CARTESIAN_POINT('',(-1.946472019465,0.973236009732,8.));
#2889 = DIRECTION('',(0.,0.,1.));
#2890 = DIRECTION('',(1.,0.,0.));
#2891 = ADVANCED_FACE('',(#2892),#2910,.T.);
#2892 = FACE_BOUND('',#2893,.T.);
#2893 = EDGE_LOOP('',(#2894,#2902,#2903,#2904));
#2894 = ORIENTED_EDGE('',*,*,#2895,.F.);
#2895 = EDGE_CURVE('',#2211,#2896,#2898,.T.);
#2896 = VERTEX_POINT('',#2897);
#2897 = CARTESIAN_POINT('',(-7.16040365499,8.6,6.8));
#2898 = LINE('',#2899,#2900);
#2899 = CARTESIAN_POINT('',(-11.9,8.6,6.8));
#2900 = VECTOR('',#2901,1.);
#2901 = DIRECTION('',(1.,0.,0.));
#2902 = ORIENTED_EDGE('',*,*,#2218,.T.);
#2903 = ORIENTED_EDGE('',*,*,#2854,.T.);
#2904 = ORIENTED_EDGE('',*,*,#2905,.T.);
#2905 = EDGE_CURVE('',#2855,#2896,#2906,.T.);
#2906 = LINE('',#2907,#2908);
#2907 = CARTESIAN_POINT('',(-7.16040365499,8.6,0.3));
#2908 = VECTOR('',#2909,1.);
#2909 = DIRECTION('',(-0.,-0.,-1.));
#2910 = PLANE('',#2911);
#2911 = AXIS2_PLACEMENT_3D('',#2912,#2913,#2914);
#2912 = CARTESIAN_POINT('',(-11.9,8.6,6.8));
#2913 = DIRECTION('',(0.,1.,0.));
#2914 = DIRECTION('',(0.,0.,1.));
#2915 = ADVANCED_FACE('',(#2916),#2935,.T.);
#2916 = FACE_BOUND('',#2917,.T.);
#2917 = EDGE_LOOP('',(#2918,#2927,#2933,#2934));
#2918 = ORIENTED_EDGE('',*,*,#2919,.F.);
#2919 = EDGE_CURVE('',#2920,#2896,#2922,.T.);
#2920 = VERTEX_POINT('',#2921);
#2921 = CARTESIAN_POINT('',(-7.16040365499,7.4,6.8));
#2922 = CIRCLE('',#2923,3.216854249492);
#2923 = AXIS2_PLACEMENT_3D('',#2924,#2925,#2926);
#2924 = CARTESIAN_POINT('',(-4.,8.,6.8));
#2925 = DIRECTION('',(0.,0.,-1.));
#2926 = DIRECTION('',(1.,0.,0.));
#2927 = ORIENTED_EDGE('',*,*,#2928,.F.);
#2928 = EDGE_CURVE('',#2203,#2920,#2929,.T.);
#2929 = LINE('',#2930,#2931);
#2930 = CARTESIAN_POINT('',(-11.9,7.4,6.8));
#2931 = VECTOR('',#2932,1.);
#2932 = DIRECTION('',(1.,0.,0.));
#2933 = ORIENTED_EDGE('',*,*,#2210,.T.);
#2934 = ORIENTED_EDGE('',*,*,#2895,.T.);
#2935 = PLANE('',#2936);
#2936 = AXIS2_PLACEMENT_3D('',#2937,#2938,#2939);
#2937 = CARTESIAN_POINT('',(-5.758418177516E-16,-1.228462544537E-17,6.8)
  );
#2938 = DIRECTION('',(-0.,-0.,-1.));
#2939 = DIRECTION('',(-1.,0.,0.));
#2940 = ADVANCED_FACE('',(#2941),#2959,.F.);
#2941 = FACE_BOUND('',#2942,.F.);
#2942 = EDGE_LOOP('',(#2943,#2944,#2945,#2953));
#2943 = ORIENTED_EDGE('',*,*,#2928,.F.);
#2944 = ORIENTED_EDGE('',*,*,#2202,.T.);
#2945 = ORIENTED_EDGE('',*,*,#2946,.T.);
#2946 = EDGE_CURVE('',#2195,#2947,#2949,.T.);
#2947 = VERTEX_POINT('',#2948);
#2948 = CARTESIAN_POINT('',(-7.16040365499,7.4,8.));
#2949 = LINE('',#2950,#2951);
#2950 = CARTESIAN_POINT('',(-11.9,7.4,8.));
#2951 = VECTOR('',#2952,1.);
#2952 = DIRECTION('',(1.,0.,0.));
#2953 = ORIENTED_EDGE('',*,*,#2954,.T.);
#2954 = EDGE_CURVE('',#2947,#2920,#2955,.T.);
#2955 = LINE('',#2956,#2957);
#2956 = CARTESIAN_POINT('',(-7.16040365499,7.4,0.3));
#2957 = VECTOR('',#2958,1.);
#2958 = DIRECTION('',(-0.,-0.,-1.));
#2959 = PLANE('',#2960);
#2960 = AXIS2_PLACEMENT_3D('',#2961,#2962,#2963);
#2961 = CARTESIAN_POINT('',(-11.9,7.4,6.8));
#2962 = DIRECTION('',(0.,1.,0.));
#2963 = DIRECTION('',(0.,0.,1.));
#2964 = ADVANCED_FACE('',(#2965),#3001,.F.);
#2965 = FACE_BOUND('',#2966,.F.);
#2966 = EDGE_LOOP('',(#2967,#2968,#2976,#2985,#2993,#3000));
#2967 = ORIENTED_EDGE('',*,*,#2194,.F.);
#2968 = ORIENTED_EDGE('',*,*,#2969,.T.);
#2969 = EDGE_CURVE('',#2187,#2970,#2972,.T.);
#2970 = VERTEX_POINT('',#2971);
#2971 = CARTESIAN_POINT('',(-7.16040365499,0.6,8.));
#2972 = LINE('',#2973,#2974);
#2973 = CARTESIAN_POINT('',(-11.9,0.6,8.));
#2974 = VECTOR('',#2975,1.);
#2975 = DIRECTION('',(1.,0.,0.));
#2976 = ORIENTED_EDGE('',*,*,#2977,.F.);
#2977 = EDGE_CURVE('',#2978,#2970,#2980,.T.);
#2978 = VERTEX_POINT('',#2979);
#2979 = CARTESIAN_POINT('',(-4.6,3.160403654991,8.));
#2980 = CIRCLE('',#2981,3.216854249492);
#2981 = AXIS2_PLACEMENT_3D('',#2982,#2983,#2984);
#2982 = CARTESIAN_POINT('',(-4.,0.,8.));
#2983 = DIRECTION('',(0.,0.,1.));
#2984 = DIRECTION('',(1.,0.,0.));
#2985 = ORIENTED_EDGE('',*,*,#2986,.T.);
#2986 = EDGE_CURVE('',#2978,#2987,#2989,.T.);
#2987 = VERTEX_POINT('',#2988);
#2988 = CARTESIAN_POINT('',(-4.6,4.839596345009,8.));
#2989 = LINE('',#2990,#2991);
#2990 = CARTESIAN_POINT('',(-4.6,-23.9,8.));
#2991 = VECTOR('',#2992,1.);
#2992 = DIRECTION('',(0.,1.,0.));
#2993 = ORIENTED_EDGE('',*,*,#2994,.F.);
#2994 = EDGE_CURVE('',#2947,#2987,#2995,.T.);
#2995 = CIRCLE('',#2996,3.216854249492);
#2996 = AXIS2_PLACEMENT_3D('',#2997,#2998,#2999);
#2997 = CARTESIAN_POINT('',(-4.,8.,8.));
#2998 = DIRECTION('',(0.,0.,1.));
#2999 = DIRECTION('',(1.,0.,0.));
#3000 = ORIENTED_EDGE('',*,*,#2946,.F.);
#3001 = PLANE('',#3002);
#3002 = AXIS2_PLACEMENT_3D('',#3003,#3004,#3005);
#3003 = CARTESIAN_POINT('',(-1.946472019465,0.973236009732,8.));
#3004 = DIRECTION('',(0.,0.,1.));
#3005 = DIRECTION('',(1.,0.,0.));
#3006 = ADVANCED_FACE('',(#3007),#3025,.T.);
#3007 = FACE_BOUND('',#3008,.T.);
#3008 = EDGE_LOOP('',(#3009,#3017,#3018,#3019));
#3009 = ORIENTED_EDGE('',*,*,#3010,.F.);
#3010 = EDGE_CURVE('',#2179,#3011,#3013,.T.);
#3011 = VERTEX_POINT('',#3012);
#3012 = CARTESIAN_POINT('',(-7.16040365499,0.6,6.8));
#3013 = LINE('',#3014,#3015);
#3014 = CARTESIAN_POINT('',(-11.9,0.6,6.8));
#3015 = VECTOR('',#3016,1.);
#3016 = DIRECTION('',(1.,0.,0.));
#3017 = ORIENTED_EDGE('',*,*,#2186,.T.);
#3018 = ORIENTED_EDGE('',*,*,#2969,.T.);
#3019 = ORIENTED_EDGE('',*,*,#3020,.T.);
#3020 = EDGE_CURVE('',#2970,#3011,#3021,.T.);
#3021 = LINE('',#3022,#3023);
#3022 = CARTESIAN_POINT('',(-7.16040365499,0.6,0.3));
#3023 = VECTOR('',#3024,1.);
#3024 = DIRECTION('',(-0.,-0.,-1.));
#3025 = PLANE('',#3026);
#3026 = AXIS2_PLACEMENT_3D('',#3027,#3028,#3029);
#3027 = CARTESIAN_POINT('',(-11.9,0.6,6.8));
#3028 = DIRECTION('',(0.,1.,0.));
#3029 = DIRECTION('',(0.,0.,1.));
#3030 = ADVANCED_FACE('',(#3031),#3050,.T.);
#3031 = FACE_BOUND('',#3032,.T.);
#3032 = EDGE_LOOP('',(#3033,#3042,#3048,#3049));
#3033 = ORIENTED_EDGE('',*,*,#3034,.F.);
#3034 = EDGE_CURVE('',#3035,#3011,#3037,.T.);
#3035 = VERTEX_POINT('',#3036);
#3036 = CARTESIAN_POINT('',(-7.16040365499,-0.6,6.8));
#3037 = CIRCLE('',#3038,3.216854249492);
#3038 = AXIS2_PLACEMENT_3D('',#3039,#3040,#3041);
#3039 = CARTESIAN_POINT('',(-4.,0.,6.8));
#3040 = DIRECTION('',(0.,0.,-1.));
#3041 = DIRECTION('',(1.,0.,0.));
#3042 = ORIENTED_EDGE('',*,*,#3043,.F.);
#3043 = EDGE_CURVE('',#2171,#3035,#3044,.T.);
#3044 = LINE('',#3045,#3046);
#3045 = CARTESIAN_POINT('',(-11.9,-0.6,6.8));
#3046 = VECTOR('',#3047,1.);
#3047 = DIRECTION('',(1.,0.,0.));
#3048 = ORIENTED_EDGE('',*,*,#2178,.T.);
#3049 = ORIENTED_EDGE('',*,*,#3010,.T.);
#3050 = PLANE('',#3051);
#3051 = AXIS2_PLACEMENT_3D('',#3052,#3053,#3054);
#3052 = CARTESIAN_POINT('',(-5.758418177516E-16,-1.228462544537E-17,6.8)
  );
#3053 = DIRECTION('',(-0.,-0.,-1.));
#3054 = DIRECTION('',(-1.,0.,0.));
#3055 = ADVANCED_FACE('',(#3056),#3074,.F.);
#3056 = FACE_BOUND('',#3057,.F.);
#3057 = EDGE_LOOP('',(#3058,#3059,#3060,#3068));
#3058 = ORIENTED_EDGE('',*,*,#3043,.F.);
#3059 = ORIENTED_EDGE('',*,*,#2170,.T.);
#3060 = ORIENTED_EDGE('',*,*,#3061,.T.);
#3061 = EDGE_CURVE('',#2163,#3062,#3064,.T.);
#3062 = VERTEX_POINT('',#3063);
#3063 = CARTESIAN_POINT('',(-7.16040365499,-0.6,8.));
#3064 = LINE('',#3065,#3066);
#3065 = CARTESIAN_POINT('',(-11.9,-0.6,8.));
#3066 = VECTOR('',#3067,1.);
#3067 = DIRECTION('',(1.,0.,0.));
#3068 = ORIENTED_EDGE('',*,*,#3069,.T.);
#3069 = EDGE_CURVE('',#3062,#3035,#3070,.T.);
#3070 = LINE('',#3071,#3072);
#3071 = CARTESIAN_POINT('',(-7.16040365499,-0.6,0.3));
#3072 = VECTOR('',#3073,1.);
#3073 = DIRECTION('',(-0.,-0.,-1.));
#3074 = PLANE('',#3075);
#3075 = AXIS2_PLACEMENT_3D('',#3076,#3077,#3078);
#3076 = CARTESIAN_POINT('',(-11.9,-0.6,6.8));
#3077 = DIRECTION('',(0.,1.,0.));
#3078 = DIRECTION('',(0.,0.,1.));
#3079 = ADVANCED_FACE('',(#3080),#3116,.F.);
#3080 = FACE_BOUND('',#3081,.F.);
#3081 = EDGE_LOOP('',(#3082,#3083,#3091,#3100,#3108,#3115));
#3082 = ORIENTED_EDGE('',*,*,#2162,.F.);
#3083 = ORIENTED_EDGE('',*,*,#3084,.T.);
#3084 = EDGE_CURVE('',#2155,#3085,#3087,.T.);
#3085 = VERTEX_POINT('',#3086);
#3086 = CARTESIAN_POINT('',(-7.16040365499,-7.4,8.));
#3087 = LINE('',#3088,#3089);
#3088 = CARTESIAN_POINT('',(-11.9,-7.4,8.));
#3089 = VECTOR('',#3090,1.);
#3090 = DIRECTION('',(1.,0.,0.));
#3091 = ORIENTED_EDGE('',*,*,#3092,.F.);
#3092 = EDGE_CURVE('',#3093,#3085,#3095,.T.);
#3093 = VERTEX_POINT('',#3094);
#3094 = CARTESIAN_POINT('',(-4.6,-4.839596345009,8.));
#3095 = CIRCLE('',#3096,3.216854249492);
#3096 = AXIS2_PLACEMENT_3D('',#3097,#3098,#3099);
#3097 = CARTESIAN_POINT('',(-4.,-8.,8.));
#3098 = DIRECTION('',(0.,0.,1.));
#3099 = DIRECTION('',(1.,0.,0.));
#3100 = ORIENTED_EDGE('',*,*,#3101,.T.);
#3101 = EDGE_CURVE('',#3093,#3102,#3104,.T.);
#3102 = VERTEX_POINT('',#3103);
#3103 = CARTESIAN_POINT('',(-4.6,-3.160403654991,8.));
#3104 = LINE('',#3105,#3106);
#3105 = CARTESIAN_POINT('',(-4.6,-23.9,8.));
#3106 = VECTOR('',#3107,1.);
#3107 = DIRECTION('',(0.,1.,0.));
#3108 = ORIENTED_EDGE('',*,*,#3109,.F.);
#3109 = EDGE_CURVE('',#3062,#3102,#3110,.T.);
#3110 = CIRCLE('',#3111,3.216854249492);
#3111 = AXIS2_PLACEMENT_3D('',#3112,#3113,#3114);
#3112 = CARTESIAN_POINT('',(-4.,0.,8.));
#3113 = DIRECTION('',(0.,0.,1.));
#3114 = DIRECTION('',(1.,0.,0.));
#3115 = ORIENTED_EDGE('',*,*,#3061,.F.);
#3116 = PLANE('',#3117);
#3117 = AXIS2_PLACEMENT_3D('',#3118,#3119,#3120);
#3118 = CARTESIAN_POINT('',(-1.946472019465,0.973236009732,8.));
#3119 = DIRECTION('',(0.,0.,1.));
#3120 = DIRECTION('',(1.,0.,0.));
#3121 = ADVANCED_FACE('',(#3122),#3140,.T.);
#3122 = FACE_BOUND('',#3123,.T.);
#3123 = EDGE_LOOP('',(#3124,#3132,#3133,#3134));
#3124 = ORIENTED_EDGE('',*,*,#3125,.F.);
#3125 = EDGE_CURVE('',#2147,#3126,#3128,.T.);
#3126 = VERTEX_POINT('',#3127);
#3127 = CARTESIAN_POINT('',(-7.16040365499,-7.4,6.8));
#3128 = LINE('',#3129,#3130);
#3129 = CARTESIAN_POINT('',(-11.9,-7.4,6.8));
#3130 = VECTOR('',#3131,1.);
#3131 = DIRECTION('',(1.,0.,0.));
#3132 = ORIENTED_EDGE('',*,*,#2154,.T.);
#3133 = ORIENTED_EDGE('',*,*,#3084,.T.);
#3134 = ORIENTED_EDGE('',*,*,#3135,.T.);
#3135 = EDGE_CURVE('',#3085,#3126,#3136,.T.);
#3136 = LINE('',#3137,#3138);
#3137 = CARTESIAN_POINT('',(-7.16040365499,-7.4,0.3));
#3138 = VECTOR('',#3139,1.);
#3139 = DIRECTION('',(-0.,-0.,-1.));
#3140 = PLANE('',#3141);
#3141 = AXIS2_PLACEMENT_3D('',#3142,#3143,#3144);
#3142 = CARTESIAN_POINT('',(-11.9,-7.4,6.8));
#3143 = DIRECTION('',(0.,1.,0.));
#3144 = DIRECTION('',(0.,0.,1.));
#3145 = ADVANCED_FACE('',(#3146),#3165,.T.);
#3146 = FACE_BOUND('',#3147,.T.);
#3147 = EDGE_LOOP('',(#3148,#3157,#3163,#3164));
#3148 = ORIENTED_EDGE('',*,*,#3149,.F.);
#3149 = EDGE_CURVE('',#3150,#3126,#3152,.T.);
#3150 = VERTEX_POINT('',#3151);
#3151 = CARTESIAN_POINT('',(-7.16040365499,-8.6,6.8));
#3152 = CIRCLE('',#3153,3.216854249492);
#3153 = AXIS2_PLACEMENT_3D('',#3154,#3155,#3156);
#3154 = CARTESIAN_POINT('',(-4.,-8.,6.8));
#3155 = DIRECTION('',(0.,0.,-1.));
#3156 = DIRECTION('',(1.,0.,0.));
#3157 = ORIENTED_EDGE('',*,*,#3158,.F.);
#3158 = EDGE_CURVE('',#2139,#3150,#3159,.T.);
#3159 = LINE('',#3160,#3161);
#3160 = CARTESIAN_POINT('',(-11.9,-8.6,6.8));
#3161 = VECTOR('',#3162,1.);
#3162 = DIRECTION('',(1.,0.,0.));
#3163 = ORIENTED_EDGE('',*,*,#2146,.T.);
#3164 = ORIENTED_EDGE('',*,*,#3125,.T.);
#3165 = PLANE('',#3166);
#3166 = AXIS2_PLACEMENT_3D('',#3167,#3168,#3169);
#3167 = CARTESIAN_POINT('',(-5.758418177516E-16,-1.228462544537E-17,6.8)
  );
#3168 = DIRECTION('',(-0.,-0.,-1.));
#3169 = DIRECTION('',(-1.,0.,0.));
#3170 = ADVANCED_FACE('',(#3171),#3189,.F.);
#3171 = FACE_BOUND('',#3172,.F.);
#3172 = EDGE_LOOP('',(#3173,#3174,#3175,#3183));
#3173 = ORIENTED_EDGE('',*,*,#3158,.F.);
#3174 = ORIENTED_EDGE('',*,*,#2138,.T.);
#3175 = ORIENTED_EDGE('',*,*,#3176,.T.);
#3176 = EDGE_CURVE('',#2131,#3177,#3179,.T.);
#3177 = VERTEX_POINT('',#3178);
#3178 = CARTESIAN_POINT('',(-7.16040365499,-8.6,8.));
#3179 = LINE('',#3180,#3181);
#3180 = CARTESIAN_POINT('',(-11.9,-8.6,8.));
#3181 = VECTOR('',#3182,1.);
#3182 = DIRECTION('',(1.,0.,0.));
#3183 = ORIENTED_EDGE('',*,*,#3184,.T.);
#3184 = EDGE_CURVE('',#3177,#3150,#3185,.T.);
#3185 = LINE('',#3186,#3187);
#3186 = CARTESIAN_POINT('',(-7.16040365499,-8.6,0.3));
#3187 = VECTOR('',#3188,1.);
#3188 = DIRECTION('',(-0.,-0.,-1.));
#3189 = PLANE('',#3190);
#3190 = AXIS2_PLACEMENT_3D('',#3191,#3192,#3193);
#3191 = CARTESIAN_POINT('',(-11.9,-8.6,6.8));
#3192 = DIRECTION('',(0.,1.,0.));
#3193 = DIRECTION('',(0.,0.,1.));
#3194 = ADVANCED_FACE('',(#3195),#3231,.F.);
#3195 = FACE_BOUND('',#3196,.F.);
#3196 = EDGE_LOOP('',(#3197,#3198,#3206,#3215,#3223,#3230));
#3197 = ORIENTED_EDGE('',*,*,#2130,.F.);
#3198 = ORIENTED_EDGE('',*,*,#3199,.T.);
#3199 = EDGE_CURVE('',#2123,#3200,#3202,.T.);
#3200 = VERTEX_POINT('',#3201);
#3201 = CARTESIAN_POINT('',(-7.16040365499,-15.4,8.));
#3202 = LINE('',#3203,#3204);
#3203 = CARTESIAN_POINT('',(-11.9,-15.4,8.));
#3204 = VECTOR('',#3205,1.);
#3205 = DIRECTION('',(1.,0.,0.));
#3206 = ORIENTED_EDGE('',*,*,#3207,.F.);
#3207 = EDGE_CURVE('',#3208,#3200,#3210,.T.);
#3208 = VERTEX_POINT('',#3209);
#3209 = CARTESIAN_POINT('',(-4.6,-12.839596345,8.));
#3210 = CIRCLE('',#3211,3.216854249492);
#3211 = AXIS2_PLACEMENT_3D('',#3212,#3213,#3214);
#3212 = CARTESIAN_POINT('',(-4.,-16.,8.));
#3213 = DIRECTION('',(0.,0.,1.));
#3214 = DIRECTION('',(1.,0.,0.));
#3215 = ORIENTED_EDGE('',*,*,#3216,.T.);
#3216 = EDGE_CURVE('',#3208,#3217,#3219,.T.);
#3217 = VERTEX_POINT('',#3218);
#3218 = CARTESIAN_POINT('',(-4.6,-11.16040365499,8.));
#3219 = LINE('',#3220,#3221);
#3220 = CARTESIAN_POINT('',(-4.6,-23.9,8.));
#3221 = VECTOR('',#3222,1.);
#3222 = DIRECTION('',(0.,1.,0.));
#3223 = ORIENTED_EDGE('',*,*,#3224,.F.);
#3224 = EDGE_CURVE('',#3177,#3217,#3225,.T.);
#3225 = CIRCLE('',#3226,3.216854249492);
#3226 = AXIS2_PLACEMENT_3D('',#3227,#3228,#3229);
#3227 = CARTESIAN_POINT('',(-4.,-8.,8.));
#3228 = DIRECTION('',(0.,0.,1.));
#3229 = DIRECTION('',(1.,0.,0.));
#3230 = ORIENTED_EDGE('',*,*,#3176,.F.);
#3231 = PLANE('',#3232);
#3232 = AXIS2_PLACEMENT_3D('',#3233,#3234,#3235);
#3233 = CARTESIAN_POINT('',(-1.946472019465,0.973236009732,8.));
#3234 = DIRECTION('',(0.,0.,1.));
#3235 = DIRECTION('',(1.,0.,0.));
#3236 = ADVANCED_FACE('',(#3237),#3255,.T.);
#3237 = FACE_BOUND('',#3238,.T.);
#3238 = EDGE_LOOP('',(#3239,#3247,#3248,#3249));
#3239 = ORIENTED_EDGE('',*,*,#3240,.F.);
#3240 = EDGE_CURVE('',#2115,#3241,#3243,.T.);
#3241 = VERTEX_POINT('',#3242);
#3242 = CARTESIAN_POINT('',(-7.16040365499,-15.4,6.8));
#3243 = LINE('',#3244,#3245);
#3244 = CARTESIAN_POINT('',(-11.9,-15.4,6.8));
#3245 = VECTOR('',#3246,1.);
#3246 = DIRECTION('',(1.,0.,0.));
#3247 = ORIENTED_EDGE('',*,*,#2122,.T.);
#3248 = ORIENTED_EDGE('',*,*,#3199,.T.);
#3249 = ORIENTED_EDGE('',*,*,#3250,.T.);
#3250 = EDGE_CURVE('',#3200,#3241,#3251,.T.);
#3251 = LINE('',#3252,#3253);
#3252 = CARTESIAN_POINT('',(-7.16040365499,-15.4,0.3));
#3253 = VECTOR('',#3254,1.);
#3254 = DIRECTION('',(-0.,-0.,-1.));
#3255 = PLANE('',#3256);
#3256 = AXIS2_PLACEMENT_3D('',#3257,#3258,#3259);
#3257 = CARTESIAN_POINT('',(-11.9,-15.4,6.8));
#3258 = DIRECTION('',(0.,1.,0.));
#3259 = DIRECTION('',(0.,0.,1.));
#3260 = ADVANCED_FACE('',(#3261),#3280,.T.);
#3261 = FACE_BOUND('',#3262,.T.);
#3262 = EDGE_LOOP('',(#3263,#3272,#3278,#3279));
#3263 = ORIENTED_EDGE('',*,*,#3264,.F.);
#3264 = EDGE_CURVE('',#3265,#3241,#3267,.T.);
#3265 = VERTEX_POINT('',#3266);
#3266 = CARTESIAN_POINT('',(-7.16040365499,-16.6,6.8));
#3267 = CIRCLE('',#3268,3.216854249492);
#3268 = AXIS2_PLACEMENT_3D('',#3269,#3270,#3271);
#3269 = CARTESIAN_POINT('',(-4.,-16.,6.8));
#3270 = DIRECTION('',(0.,0.,-1.));
#3271 = DIRECTION('',(1.,0.,0.));
#3272 = ORIENTED_EDGE('',*,*,#3273,.F.);
#3273 = EDGE_CURVE('',#2107,#3265,#3274,.T.);
#3274 = LINE('',#3275,#3276);
#3275 = CARTESIAN_POINT('',(-11.9,-16.6,6.8));
#3276 = VECTOR('',#3277,1.);
#3277 = DIRECTION('',(1.,0.,0.));
#3278 = ORIENTED_EDGE('',*,*,#2114,.T.);
#3279 = ORIENTED_EDGE('',*,*,#3240,.T.);
#3280 = PLANE('',#3281);
#3281 = AXIS2_PLACEMENT_3D('',#3282,#3283,#3284);
#3282 = CARTESIAN_POINT('',(-5.758418177516E-16,-1.228462544537E-17,6.8)
  );
#3283 = DIRECTION('',(-0.,-0.,-1.));
#3284 = DIRECTION('',(-1.,0.,0.));
#3285 = ADVANCED_FACE('',(#3286),#3304,.F.);
#3286 = FACE_BOUND('',#3287,.F.);
#3287 = EDGE_LOOP('',(#3288,#3289,#3290,#3298));
#3288 = ORIENTED_EDGE('',*,*,#3273,.F.);
#3289 = ORIENTED_EDGE('',*,*,#2106,.T.);
#3290 = ORIENTED_EDGE('',*,*,#3291,.T.);
#3291 = EDGE_CURVE('',#2099,#3292,#3294,.T.);
#3292 = VERTEX_POINT('',#3293);
#3293 = CARTESIAN_POINT('',(-7.16040365499,-16.6,8.));
#3294 = LINE('',#3295,#3296);
#3295 = CARTESIAN_POINT('',(-11.9,-16.6,8.));
#3296 = VECTOR('',#3297,1.);
#3297 = DIRECTION('',(1.,0.,0.));
#3298 = ORIENTED_EDGE('',*,*,#3299,.T.);
#3299 = EDGE_CURVE('',#3292,#3265,#3300,.T.);
#3300 = LINE('',#3301,#3302);
#3301 = CARTESIAN_POINT('',(-7.16040365499,-16.6,0.3));
#3302 = VECTOR('',#3303,1.);
#3303 = DIRECTION('',(-0.,-0.,-1.));
#3304 = PLANE('',#3305);
#3305 = AXIS2_PLACEMENT_3D('',#3306,#3307,#3308);
#3306 = CARTESIAN_POINT('',(-11.9,-16.6,6.8));
#3307 = DIRECTION('',(0.,1.,0.));
#3308 = DIRECTION('',(0.,0.,1.));
#3309 = ADVANCED_FACE('',(#3310),#3330,.F.);
#3310 = FACE_BOUND('',#3311,.F.);
#3311 = EDGE_LOOP('',(#3312,#3313,#3314,#3322,#3329));
#3312 = ORIENTED_EDGE('',*,*,#2098,.F.);
#3313 = ORIENTED_EDGE('',*,*,#2700,.T.);
#3314 = ORIENTED_EDGE('',*,*,#3315,.T.);
#3315 = EDGE_CURVE('',#2701,#3316,#3318,.T.);
#3316 = VERTEX_POINT('',#3317);
#3317 = CARTESIAN_POINT('',(-4.6,-19.16040365499,8.));
#3318 = LINE('',#3319,#3320);
#3319 = CARTESIAN_POINT('',(-4.6,-23.9,8.));
#3320 = VECTOR('',#3321,1.);
#3321 = DIRECTION('',(0.,1.,0.));
#3322 = ORIENTED_EDGE('',*,*,#3323,.F.);
#3323 = EDGE_CURVE('',#3292,#3316,#3324,.T.);
#3324 = CIRCLE('',#3325,3.216854249492);
#3325 = AXIS2_PLACEMENT_3D('',#3326,#3327,#3328);
#3326 = CARTESIAN_POINT('',(-4.,-16.,8.));
#3327 = DIRECTION('',(0.,0.,1.));
#3328 = DIRECTION('',(1.,0.,0.));
#3329 = ORIENTED_EDGE('',*,*,#3291,.F.);
#3330 = PLANE('',#3331);
#3331 = AXIS2_PLACEMENT_3D('',#3332,#3333,#3334);
#3332 = CARTESIAN_POINT('',(-1.946472019465,0.973236009732,8.));
#3333 = DIRECTION('',(0.,0.,1.));
#3334 = DIRECTION('',(1.,0.,0.));
#3335 = ADVANCED_FACE('',(#3336),#3363,.F.);
#3336 = FACE_BOUND('',#3337,.F.);
#3337 = EDGE_LOOP('',(#3338,#3339,#3347,#3356,#3362));
#3338 = ORIENTED_EDGE('',*,*,#2324,.F.);
#3339 = ORIENTED_EDGE('',*,*,#3340,.F.);
#3340 = EDGE_CURVE('',#3341,#2317,#3343,.T.);
#3341 = VERTEX_POINT('',#3342);
#3342 = CARTESIAN_POINT('',(-3.4,19.16040365499,8.));
#3343 = LINE('',#3344,#3345);
#3344 = CARTESIAN_POINT('',(-3.4,-23.9,8.));
#3345 = VECTOR('',#3346,1.);
#3346 = DIRECTION('',(0.,1.,0.));
#3347 = ORIENTED_EDGE('',*,*,#3348,.F.);
#3348 = EDGE_CURVE('',#3349,#3341,#3351,.T.);
#3349 = VERTEX_POINT('',#3350);
#3350 = CARTESIAN_POINT('',(-0.83959634501,16.6,8.));
#3351 = CIRCLE('',#3352,3.216854249492);
#3352 = AXIS2_PLACEMENT_3D('',#3353,#3354,#3355);
#3353 = CARTESIAN_POINT('',(-4.,16.,8.));
#3354 = DIRECTION('',(0.,0.,1.));
#3355 = DIRECTION('',(1.,0.,0.));
#3356 = ORIENTED_EDGE('',*,*,#3357,.T.);
#3357 = EDGE_CURVE('',#3349,#2358,#3358,.T.);
#3358 = LINE('',#3359,#3360);
#3359 = CARTESIAN_POINT('',(-11.9,16.6,8.));
#3360 = VECTOR('',#3361,1.);
#3361 = DIRECTION('',(1.,0.,0.));
#3362 = ORIENTED_EDGE('',*,*,#2357,.T.);
#3363 = PLANE('',#3364);
#3364 = AXIS2_PLACEMENT_3D('',#3365,#3366,#3367);
#3365 = CARTESIAN_POINT('',(-1.946472019465,0.973236009732,8.));
#3366 = DIRECTION('',(0.,0.,1.));
#3367 = DIRECTION('',(1.,0.,0.));
#3368 = ADVANCED_FACE('',(#3369),#3387,.T.);
#3369 = FACE_BOUND('',#3370,.T.);
#3370 = EDGE_LOOP('',(#3371,#3372,#3380,#3386));
#3371 = ORIENTED_EDGE('',*,*,#3340,.F.);
#3372 = ORIENTED_EDGE('',*,*,#3373,.T.);
#3373 = EDGE_CURVE('',#3341,#3374,#3376,.T.);
#3374 = VERTEX_POINT('',#3375);
#3375 = CARTESIAN_POINT('',(-3.4,19.16040365499,6.8));
#3376 = LINE('',#3377,#3378);
#3377 = CARTESIAN_POINT('',(-3.4,19.16040365499,0.3));
#3378 = VECTOR('',#3379,1.);
#3379 = DIRECTION('',(-0.,-0.,-1.));
#3380 = ORIENTED_EDGE('',*,*,#3381,.T.);
#3381 = EDGE_CURVE('',#3374,#2309,#3382,.T.);
#3382 = LINE('',#3383,#3384);
#3383 = CARTESIAN_POINT('',(-3.4,-23.9,6.8));
#3384 = VECTOR('',#3385,1.);
#3385 = DIRECTION('',(0.,1.,0.));
#3386 = ORIENTED_EDGE('',*,*,#2316,.T.);
#3387 = PLANE('',#3388);
#3388 = AXIS2_PLACEMENT_3D('',#3389,#3390,#3391);
#3389 = CARTESIAN_POINT('',(-3.4,-23.9,6.8));
#3390 = DIRECTION('',(1.,0.,0.));
#3391 = DIRECTION('',(0.,0.,1.));
#3392 = ADVANCED_FACE('',(#3393),#3412,.T.);
#3393 = FACE_BOUND('',#3394,.T.);
#3394 = EDGE_LOOP('',(#3395,#3404,#3410,#3411));
#3395 = ORIENTED_EDGE('',*,*,#3396,.F.);
#3396 = EDGE_CURVE('',#3397,#3374,#3399,.T.);
#3397 = VERTEX_POINT('',#3398);
#3398 = CARTESIAN_POINT('',(-4.6,19.16040365499,6.8));
#3399 = CIRCLE('',#3400,3.216854249492);
#3400 = AXIS2_PLACEMENT_3D('',#3401,#3402,#3403);
#3401 = CARTESIAN_POINT('',(-4.,16.,6.8));
#3402 = DIRECTION('',(0.,0.,-1.));
#3403 = DIRECTION('',(1.,0.,0.));
#3404 = ORIENTED_EDGE('',*,*,#3405,.T.);
#3405 = EDGE_CURVE('',#3397,#2301,#3406,.T.);
#3406 = LINE('',#3407,#3408);
#3407 = CARTESIAN_POINT('',(-4.6,-23.9,6.8));
#3408 = VECTOR('',#3409,1.);
#3409 = DIRECTION('',(0.,1.,0.));
#3410 = ORIENTED_EDGE('',*,*,#2308,.T.);
#3411 = ORIENTED_EDGE('',*,*,#3381,.F.);
#3412 = PLANE('',#3413);
#3413 = AXIS2_PLACEMENT_3D('',#3414,#3415,#3416);
#3414 = CARTESIAN_POINT('',(-5.758418177516E-16,-1.228462544537E-17,6.8)
  );
#3415 = DIRECTION('',(-0.,-0.,-1.));
#3416 = DIRECTION('',(-1.,0.,0.));
#3417 = ADVANCED_FACE('',(#3418),#3429,.F.);
#3418 = FACE_BOUND('',#3419,.F.);
#3419 = EDGE_LOOP('',(#3420,#3421,#3427,#3428));
#3420 = ORIENTED_EDGE('',*,*,#2765,.F.);
#3421 = ORIENTED_EDGE('',*,*,#3422,.T.);
#3422 = EDGE_CURVE('',#2757,#3397,#3423,.T.);
#3423 = LINE('',#3424,#3425);
#3424 = CARTESIAN_POINT('',(-4.6,19.16040365499,0.3));
#3425 = VECTOR('',#3426,1.);
#3426 = DIRECTION('',(-0.,-0.,-1.));
#3427 = ORIENTED_EDGE('',*,*,#3405,.T.);
#3428 = ORIENTED_EDGE('',*,*,#2300,.T.);
#3429 = PLANE('',#3430);
#3430 = AXIS2_PLACEMENT_3D('',#3431,#3432,#3433);
#3431 = CARTESIAN_POINT('',(-4.6,-23.9,6.8));
#3432 = DIRECTION('',(1.,0.,0.));
#3433 = DIRECTION('',(0.,0.,1.));
#3434 = ADVANCED_FACE('',(#3435),#3496,.F.);
#3435 = FACE_BOUND('',#3436,.F.);
#3436 = EDGE_LOOP('',(#3437,#3447,#3456,#3464,#3473,#3479,#3480,#3481,
    #3489));
#3437 = ORIENTED_EDGE('',*,*,#3438,.F.);
#3438 = EDGE_CURVE('',#3439,#3441,#3443,.T.);
#3439 = VERTEX_POINT('',#3440);
#3440 = CARTESIAN_POINT('',(-3.4,11.16040365499,8.));
#3441 = VERTEX_POINT('',#3442);
#3442 = CARTESIAN_POINT('',(-3.4,12.83959634501,8.));
#3443 = LINE('',#3444,#3445);
#3444 = CARTESIAN_POINT('',(-3.4,-23.9,8.));
#3445 = VECTOR('',#3446,1.);
#3446 = DIRECTION('',(0.,1.,0.));
#3447 = ORIENTED_EDGE('',*,*,#3448,.F.);
#3448 = EDGE_CURVE('',#3449,#3439,#3451,.T.);
#3449 = VERTEX_POINT('',#3450);
#3450 = CARTESIAN_POINT('',(-0.83959634501,8.6,8.));
#3451 = CIRCLE('',#3452,3.216854249492);
#3452 = AXIS2_PLACEMENT_3D('',#3453,#3454,#3455);
#3453 = CARTESIAN_POINT('',(-4.,8.,8.));
#3454 = DIRECTION('',(0.,0.,1.));
#3455 = DIRECTION('',(1.,0.,0.));
#3456 = ORIENTED_EDGE('',*,*,#3457,.T.);
#3457 = EDGE_CURVE('',#3449,#3458,#3460,.T.);
#3458 = VERTEX_POINT('',#3459);
#3459 = CARTESIAN_POINT('',(0.83959634501,8.6,8.));
#3460 = LINE('',#3461,#3462);
#3461 = CARTESIAN_POINT('',(-11.9,8.6,8.));
#3462 = VECTOR('',#3463,1.);
#3463 = DIRECTION('',(1.,0.,0.));
#3464 = ORIENTED_EDGE('',*,*,#3465,.F.);
#3465 = EDGE_CURVE('',#3466,#3458,#3468,.T.);
#3466 = VERTEX_POINT('',#3467);
#3467 = CARTESIAN_POINT('',(3.4,11.160403654991,8.));
#3468 = CIRCLE('',#3469,3.216854249492);
#3469 = AXIS2_PLACEMENT_3D('',#3470,#3471,#3472);
#3470 = CARTESIAN_POINT('',(4.,8.,8.));
#3471 = DIRECTION('',(0.,0.,1.));
#3472 = DIRECTION('',(1.,0.,0.));
#3473 = ORIENTED_EDGE('',*,*,#3474,.T.);
#3474 = EDGE_CURVE('',#3466,#2406,#3475,.T.);
#3475 = LINE('',#3476,#3477);
#3476 = CARTESIAN_POINT('',(3.4,-23.9,8.));
#3477 = VECTOR('',#3478,1.);
#3478 = DIRECTION('',(0.,1.,0.));
#3479 = ORIENTED_EDGE('',*,*,#2405,.F.);
#3480 = ORIENTED_EDGE('',*,*,#2389,.T.);
#3481 = ORIENTED_EDGE('',*,*,#3482,.F.);
#3482 = EDGE_CURVE('',#3483,#2382,#3485,.T.);
#3483 = VERTEX_POINT('',#3484);
#3484 = CARTESIAN_POINT('',(-0.83959634501,15.4,8.));
#3485 = LINE('',#3486,#3487);
#3486 = CARTESIAN_POINT('',(-11.9,15.4,8.));
#3487 = VECTOR('',#3488,1.);
#3488 = DIRECTION('',(1.,0.,0.));
#3489 = ORIENTED_EDGE('',*,*,#3490,.F.);
#3490 = EDGE_CURVE('',#3441,#3483,#3491,.T.);
#3491 = CIRCLE('',#3492,3.216854249492);
#3492 = AXIS2_PLACEMENT_3D('',#3493,#3494,#3495);
#3493 = CARTESIAN_POINT('',(-4.,16.,8.));
#3494 = DIRECTION('',(0.,0.,1.));
#3495 = DIRECTION('',(1.,0.,0.));
#3496 = PLANE('',#3497);
#3497 = AXIS2_PLACEMENT_3D('',#3498,#3499,#3500);
#3498 = CARTESIAN_POINT('',(-1.946472019465,0.973236009732,8.));
#3499 = DIRECTION('',(0.,0.,1.));
#3500 = DIRECTION('',(1.,0.,0.));
#3501 = ADVANCED_FACE('',(#3502),#3520,.F.);
#3502 = FACE_BOUND('',#3503,.F.);
#3503 = EDGE_LOOP('',(#3504,#3512,#3518,#3519));
#3504 = ORIENTED_EDGE('',*,*,#3505,.F.);
#3505 = EDGE_CURVE('',#3506,#2374,#3508,.T.);
#3506 = VERTEX_POINT('',#3507);
#3507 = CARTESIAN_POINT('',(-0.83959634501,15.4,6.8));
#3508 = LINE('',#3509,#3510);
#3509 = CARTESIAN_POINT('',(-11.9,15.4,6.8));
#3510 = VECTOR('',#3511,1.);
#3511 = DIRECTION('',(1.,0.,0.));
#3512 = ORIENTED_EDGE('',*,*,#3513,.F.);
#3513 = EDGE_CURVE('',#3483,#3506,#3514,.T.);
#3514 = LINE('',#3515,#3516);
#3515 = CARTESIAN_POINT('',(-0.83959634501,15.4,0.3));
#3516 = VECTOR('',#3517,1.);
#3517 = DIRECTION('',(-0.,-0.,-1.));
#3518 = ORIENTED_EDGE('',*,*,#3482,.T.);
#3519 = ORIENTED_EDGE('',*,*,#2381,.T.);
#3520 = PLANE('',#3521);
#3521 = AXIS2_PLACEMENT_3D('',#3522,#3523,#3524);
#3522 = CARTESIAN_POINT('',(-11.9,15.4,6.8));
#3523 = DIRECTION('',(0.,1.,0.));
#3524 = DIRECTION('',(0.,0.,1.));
#3525 = ADVANCED_FACE('',(#3526),#3554,.T.);
#3526 = FACE_BOUND('',#3527,.T.);
#3527 = EDGE_LOOP('',(#3528,#3529,#3538,#3547,#3553));
#3528 = ORIENTED_EDGE('',*,*,#3505,.F.);
#3529 = ORIENTED_EDGE('',*,*,#3530,.F.);
#3530 = EDGE_CURVE('',#3531,#3506,#3533,.T.);
#3531 = VERTEX_POINT('',#3532);
#3532 = CARTESIAN_POINT('',(-0.783145750508,16.,6.8));
#3533 = CIRCLE('',#3534,3.216854249492);
#3534 = AXIS2_PLACEMENT_3D('',#3535,#3536,#3537);
#3535 = CARTESIAN_POINT('',(-4.,16.,6.8));
#3536 = DIRECTION('',(0.,0.,-1.));
#3537 = DIRECTION('',(1.,0.,0.));
#3538 = ORIENTED_EDGE('',*,*,#3539,.F.);
#3539 = EDGE_CURVE('',#3540,#3531,#3542,.T.);
#3540 = VERTEX_POINT('',#3541);
#3541 = CARTESIAN_POINT('',(-0.83959634501,16.6,6.8));
#3542 = CIRCLE('',#3543,3.216854249492);
#3543 = AXIS2_PLACEMENT_3D('',#3544,#3545,#3546);
#3544 = CARTESIAN_POINT('',(-4.,16.,6.8));
#3545 = DIRECTION('',(0.,0.,-1.));
#3546 = DIRECTION('',(1.,0.,0.));
#3547 = ORIENTED_EDGE('',*,*,#3548,.T.);
#3548 = EDGE_CURVE('',#3540,#2366,#3549,.T.);
#3549 = LINE('',#3550,#3551);
#3550 = CARTESIAN_POINT('',(-11.9,16.6,6.8));
#3551 = VECTOR('',#3552,1.);
#3552 = DIRECTION('',(1.,0.,0.));
#3553 = ORIENTED_EDGE('',*,*,#2373,.T.);
#3554 = PLANE('',#3555);
#3555 = AXIS2_PLACEMENT_3D('',#3556,#3557,#3558);
#3556 = CARTESIAN_POINT('',(-5.758418177516E-16,-1.228462544537E-17,6.8)
  );
#3557 = DIRECTION('',(-0.,-0.,-1.));
#3558 = DIRECTION('',(-1.,0.,0.));
#3559 = ADVANCED_FACE('',(#3560),#3571,.T.);
#3560 = FACE_BOUND('',#3561,.T.);
#3561 = EDGE_LOOP('',(#3562,#3563,#3569,#3570));
#3562 = ORIENTED_EDGE('',*,*,#3548,.F.);
#3563 = ORIENTED_EDGE('',*,*,#3564,.F.);
#3564 = EDGE_CURVE('',#3349,#3540,#3565,.T.);
#3565 = LINE('',#3566,#3567);
#3566 = CARTESIAN_POINT('',(-0.83959634501,16.6,0.3));
#3567 = VECTOR('',#3568,1.);
#3568 = DIRECTION('',(-0.,-0.,-1.));
#3569 = ORIENTED_EDGE('',*,*,#3357,.T.);
#3570 = ORIENTED_EDGE('',*,*,#2365,.T.);
#3571 = PLANE('',#3572);
#3572 = AXIS2_PLACEMENT_3D('',#3573,#3574,#3575);
#3573 = CARTESIAN_POINT('',(-11.9,16.6,6.8));
#3574 = DIRECTION('',(0.,1.,0.));
#3575 = DIRECTION('',(0.,0.,1.));
#3576 = ADVANCED_FACE('',(#3577),#3604,.F.);
#3577 = FACE_BOUND('',#3578,.F.);
#3578 = EDGE_LOOP('',(#3579,#3587,#3596,#3602,#3603));
#3579 = ORIENTED_EDGE('',*,*,#3580,.F.);
#3580 = EDGE_CURVE('',#3581,#2430,#3583,.T.);
#3581 = VERTEX_POINT('',#3582);
#3582 = CARTESIAN_POINT('',(4.6,11.16040365499,8.));
#3583 = LINE('',#3584,#3585);
#3584 = CARTESIAN_POINT('',(4.6,-23.9,8.));
#3585 = VECTOR('',#3586,1.);
#3586 = DIRECTION('',(0.,1.,0.));
#3587 = ORIENTED_EDGE('',*,*,#3588,.F.);
#3588 = EDGE_CURVE('',#3589,#3581,#3591,.T.);
#3589 = VERTEX_POINT('',#3590);
#3590 = CARTESIAN_POINT('',(7.16040365499,8.6,8.));
#3591 = CIRCLE('',#3592,3.216854249492);
#3592 = AXIS2_PLACEMENT_3D('',#3593,#3594,#3595);
#3593 = CARTESIAN_POINT('',(4.,8.,8.));
#3594 = DIRECTION('',(0.,0.,1.));
#3595 = DIRECTION('',(1.,0.,0.));
#3596 = ORIENTED_EDGE('',*,*,#3597,.T.);
#3597 = EDGE_CURVE('',#3589,#2472,#3598,.T.);
#3598 = LINE('',#3599,#3600);
#3599 = CARTESIAN_POINT('',(-11.9,8.6,8.));
#3600 = VECTOR('',#3601,1.);
#3601 = DIRECTION('',(1.,0.,0.));
#3602 = ORIENTED_EDGE('',*,*,#2471,.T.);
#3603 = ORIENTED_EDGE('',*,*,#2437,.F.);
#3604 = PLANE('',#3605);
#3605 = AXIS2_PLACEMENT_3D('',#3606,#3607,#3608);
#3606 = CARTESIAN_POINT('',(-1.946472019465,0.973236009732,8.));
#3607 = DIRECTION('',(0.,0.,1.));
#3608 = DIRECTION('',(1.,0.,0.));
#3609 = ADVANCED_FACE('',(#3610),#3628,.T.);
#3610 = FACE_BOUND('',#3611,.T.);
#3611 = EDGE_LOOP('',(#3612,#3613,#3621,#3627));
#3612 = ORIENTED_EDGE('',*,*,#3580,.F.);
#3613 = ORIENTED_EDGE('',*,*,#3614,.T.);
#3614 = EDGE_CURVE('',#3581,#3615,#3617,.T.);
#3615 = VERTEX_POINT('',#3616);
#3616 = CARTESIAN_POINT('',(4.6,11.16040365499,6.8));
#3617 = LINE('',#3618,#3619);
#3618 = CARTESIAN_POINT('',(4.6,11.16040365499,0.3));
#3619 = VECTOR('',#3620,1.);
#3620 = DIRECTION('',(-0.,-0.,-1.));
#3621 = ORIENTED_EDGE('',*,*,#3622,.T.);
#3622 = EDGE_CURVE('',#3615,#2422,#3623,.T.);
#3623 = LINE('',#3624,#3625);
#3624 = CARTESIAN_POINT('',(4.6,-23.9,6.8));
#3625 = VECTOR('',#3626,1.);
#3626 = DIRECTION('',(0.,1.,0.));
#3627 = ORIENTED_EDGE('',*,*,#2429,.T.);
#3628 = PLANE('',#3629);
#3629 = AXIS2_PLACEMENT_3D('',#3630,#3631,#3632);
#3630 = CARTESIAN_POINT('',(4.6,-23.9,6.8));
#3631 = DIRECTION('',(1.,0.,0.));
#3632 = DIRECTION('',(0.,0.,1.));
#3633 = ADVANCED_FACE('',(#3634),#3653,.T.);
#3634 = FACE_BOUND('',#3635,.T.);
#3635 = EDGE_LOOP('',(#3636,#3645,#3651,#3652));
#3636 = ORIENTED_EDGE('',*,*,#3637,.F.);
#3637 = EDGE_CURVE('',#3638,#3615,#3640,.T.);
#3638 = VERTEX_POINT('',#3639);
#3639 = CARTESIAN_POINT('',(3.4,11.16040365499,6.8));
#3640 = CIRCLE('',#3641,3.216854249492);
#3641 = AXIS2_PLACEMENT_3D('',#3642,#3643,#3644);
#3642 = CARTESIAN_POINT('',(4.,8.,6.8));
#3643 = DIRECTION('',(0.,0.,-1.));
#3644 = DIRECTION('',(1.,0.,0.));
#3645 = ORIENTED_EDGE('',*,*,#3646,.T.);
#3646 = EDGE_CURVE('',#3638,#2414,#3647,.T.);
#3647 = LINE('',#3648,#3649);
#3648 = CARTESIAN_POINT('',(3.4,-23.9,6.8));
#3649 = VECTOR('',#3650,1.);
#3650 = DIRECTION('',(0.,1.,0.));
#3651 = ORIENTED_EDGE('',*,*,#2421,.T.);
#3652 = ORIENTED_EDGE('',*,*,#3622,.F.);
#3653 = PLANE('',#3654);
#3654 = AXIS2_PLACEMENT_3D('',#3655,#3656,#3657);
#3655 = CARTESIAN_POINT('',(-5.758418177516E-16,-1.228462544537E-17,6.8)
  );
#3656 = DIRECTION('',(-0.,-0.,-1.));
#3657 = DIRECTION('',(-1.,0.,0.));
#3658 = ADVANCED_FACE('',(#3659),#3670,.F.);
#3659 = FACE_BOUND('',#3660,.F.);
#3660 = EDGE_LOOP('',(#3661,#3662,#3668,#3669));
#3661 = ORIENTED_EDGE('',*,*,#3474,.F.);
#3662 = ORIENTED_EDGE('',*,*,#3663,.T.);
#3663 = EDGE_CURVE('',#3466,#3638,#3664,.T.);
#3664 = LINE('',#3665,#3666);
#3665 = CARTESIAN_POINT('',(3.4,11.16040365499,0.3));
#3666 = VECTOR('',#3667,1.);
#3667 = DIRECTION('',(-0.,-0.,-1.));
#3668 = ORIENTED_EDGE('',*,*,#3646,.T.);
#3669 = ORIENTED_EDGE('',*,*,#2413,.T.);
#3670 = PLANE('',#3671);
#3671 = AXIS2_PLACEMENT_3D('',#3672,#3673,#3674);
#3672 = CARTESIAN_POINT('',(3.4,-23.9,6.8));
#3673 = DIRECTION('',(1.,0.,0.));
#3674 = DIRECTION('',(0.,0.,1.));
#3675 = ADVANCED_FACE('',(#3676),#3703,.F.);
#3676 = FACE_BOUND('',#3677,.F.);
#3677 = EDGE_LOOP('',(#3678,#3686,#3687,#3688,#3696));
#3678 = ORIENTED_EDGE('',*,*,#3679,.F.);
#3679 = EDGE_CURVE('',#2551,#3680,#3682,.T.);
#3680 = VERTEX_POINT('',#3681);
#3681 = CARTESIAN_POINT('',(4.6,4.83959634501,8.));
#3682 = LINE('',#3683,#3684);
#3683 = CARTESIAN_POINT('',(4.6,-23.9,8.));
#3684 = VECTOR('',#3685,1.);
#3685 = DIRECTION('',(0.,1.,0.));
#3686 = ORIENTED_EDGE('',*,*,#2558,.T.);
#3687 = ORIENTED_EDGE('',*,*,#2503,.T.);
#3688 = ORIENTED_EDGE('',*,*,#3689,.F.);
#3689 = EDGE_CURVE('',#3690,#2496,#3692,.T.);
#3690 = VERTEX_POINT('',#3691);
#3691 = CARTESIAN_POINT('',(7.16040365499,7.4,8.));
#3692 = LINE('',#3693,#3694);
#3693 = CARTESIAN_POINT('',(-11.9,7.4,8.));
#3694 = VECTOR('',#3695,1.);
#3695 = DIRECTION('',(1.,0.,0.));
#3696 = ORIENTED_EDGE('',*,*,#3697,.F.);
#3697 = EDGE_CURVE('',#3680,#3690,#3698,.T.);
#3698 = CIRCLE('',#3699,3.216854249492);
#3699 = AXIS2_PLACEMENT_3D('',#3700,#3701,#3702);
#3700 = CARTESIAN_POINT('',(4.,8.,8.));
#3701 = DIRECTION('',(0.,0.,1.));
#3702 = DIRECTION('',(1.,0.,0.));
#3703 = PLANE('',#3704);
#3704 = AXIS2_PLACEMENT_3D('',#3705,#3706,#3707);
#3705 = CARTESIAN_POINT('',(-1.946472019465,0.973236009732,8.));
#3706 = DIRECTION('',(0.,0.,1.));
#3707 = DIRECTION('',(1.,0.,0.));
#3708 = ADVANCED_FACE('',(#3709),#3727,.F.);
#3709 = FACE_BOUND('',#3710,.F.);
#3710 = EDGE_LOOP('',(#3711,#3719,#3725,#3726));
#3711 = ORIENTED_EDGE('',*,*,#3712,.F.);
#3712 = EDGE_CURVE('',#3713,#2488,#3715,.T.);
#3713 = VERTEX_POINT('',#3714);
#3714 = CARTESIAN_POINT('',(7.16040365499,7.4,6.8));
#3715 = LINE('',#3716,#3717);
#3716 = CARTESIAN_POINT('',(-11.9,7.4,6.8));
#3717 = VECTOR('',#3718,1.);
#3718 = DIRECTION('',(1.,0.,0.));
#3719 = ORIENTED_EDGE('',*,*,#3720,.F.);
#3720 = EDGE_CURVE('',#3690,#3713,#3721,.T.);
#3721 = LINE('',#3722,#3723);
#3722 = CARTESIAN_POINT('',(7.16040365499,7.4,0.3));
#3723 = VECTOR('',#3724,1.);
#3724 = DIRECTION('',(-0.,-0.,-1.));
#3725 = ORIENTED_EDGE('',*,*,#3689,.T.);
#3726 = ORIENTED_EDGE('',*,*,#2495,.T.);
#3727 = PLANE('',#3728);
#3728 = AXIS2_PLACEMENT_3D('',#3729,#3730,#3731);
#3729 = CARTESIAN_POINT('',(-11.9,7.4,6.8));
#3730 = DIRECTION('',(0.,1.,0.));
#3731 = DIRECTION('',(0.,0.,1.));
#3732 = ADVANCED_FACE('',(#3733),#3761,.T.);
#3733 = FACE_BOUND('',#3734,.T.);
#3734 = EDGE_LOOP('',(#3735,#3736,#3745,#3754,#3760));
#3735 = ORIENTED_EDGE('',*,*,#3712,.F.);
#3736 = ORIENTED_EDGE('',*,*,#3737,.F.);
#3737 = EDGE_CURVE('',#3738,#3713,#3740,.T.);
#3738 = VERTEX_POINT('',#3739);
#3739 = CARTESIAN_POINT('',(7.216854249492,8.,6.8));
#3740 = CIRCLE('',#3741,3.216854249492);
#3741 = AXIS2_PLACEMENT_3D('',#3742,#3743,#3744);
#3742 = CARTESIAN_POINT('',(4.,8.,6.8));
#3743 = DIRECTION('',(0.,0.,-1.));
#3744 = DIRECTION('',(1.,0.,0.));
#3745 = ORIENTED_EDGE('',*,*,#3746,.F.);
#3746 = EDGE_CURVE('',#3747,#3738,#3749,.T.);
#3747 = VERTEX_POINT('',#3748);
#3748 = CARTESIAN_POINT('',(7.16040365499,8.6,6.8));
#3749 = CIRCLE('',#3750,3.216854249492);
#3750 = AXIS2_PLACEMENT_3D('',#3751,#3752,#3753);
#3751 = CARTESIAN_POINT('',(4.,8.,6.8));
#3752 = DIRECTION('',(0.,0.,-1.));
#3753 = DIRECTION('',(1.,0.,0.));
#3754 = ORIENTED_EDGE('',*,*,#3755,.T.);
#3755 = EDGE_CURVE('',#3747,#2480,#3756,.T.);
#3756 = LINE('',#3757,#3758);
#3757 = CARTESIAN_POINT('',(-11.9,8.6,6.8));
#3758 = VECTOR('',#3759,1.);
#3759 = DIRECTION('',(1.,0.,0.));
#3760 = ORIENTED_EDGE('',*,*,#2487,.T.);
#3761 = PLANE('',#3762);
#3762 = AXIS2_PLACEMENT_3D('',#3763,#3764,#3765);
#3763 = CARTESIAN_POINT('',(-5.758418177516E-16,-1.228462544537E-17,6.8)
  );
#3764 = DIRECTION('',(-0.,-0.,-1.));
#3765 = DIRECTION('',(-1.,0.,0.));
#3766 = ADVANCED_FACE('',(#3767),#3778,.T.);
#3767 = FACE_BOUND('',#3768,.T.);
#3768 = EDGE_LOOP('',(#3769,#3770,#3776,#3777));
#3769 = ORIENTED_EDGE('',*,*,#3755,.F.);
#3770 = ORIENTED_EDGE('',*,*,#3771,.F.);
#3771 = EDGE_CURVE('',#3589,#3747,#3772,.T.);
#3772 = LINE('',#3773,#3774);
#3773 = CARTESIAN_POINT('',(7.16040365499,8.6,0.3));
#3774 = VECTOR('',#3775,1.);
#3775 = DIRECTION('',(-0.,-0.,-1.));
#3776 = ORIENTED_EDGE('',*,*,#3597,.T.);
#3777 = ORIENTED_EDGE('',*,*,#2479,.T.);
#3778 = PLANE('',#3779);
#3779 = AXIS2_PLACEMENT_3D('',#3780,#3781,#3782);
#3780 = CARTESIAN_POINT('',(-11.9,8.6,6.8));
#3781 = DIRECTION('',(0.,1.,0.));
#3782 = DIRECTION('',(0.,0.,1.));
#3783 = ADVANCED_FACE('',(#3784),#3802,.T.);
#3784 = FACE_BOUND('',#3785,.T.);
#3785 = EDGE_LOOP('',(#3786,#3787,#3788,#3796));
#3786 = ORIENTED_EDGE('',*,*,#3679,.F.);
#3787 = ORIENTED_EDGE('',*,*,#2550,.F.);
#3788 = ORIENTED_EDGE('',*,*,#3789,.T.);
#3789 = EDGE_CURVE('',#2543,#3790,#3792,.T.);
#3790 = VERTEX_POINT('',#3791);
#3791 = CARTESIAN_POINT('',(4.6,4.83959634501,6.8));
#3792 = LINE('',#3793,#3794);
#3793 = CARTESIAN_POINT('',(4.6,-23.9,6.8));
#3794 = VECTOR('',#3795,1.);
#3795 = DIRECTION('',(0.,1.,0.));
#3796 = ORIENTED_EDGE('',*,*,#3797,.F.);
#3797 = EDGE_CURVE('',#3680,#3790,#3798,.T.);
#3798 = LINE('',#3799,#3800);
#3799 = CARTESIAN_POINT('',(4.6,4.83959634501,0.3));
#3800 = VECTOR('',#3801,1.);
#3801 = DIRECTION('',(-0.,-0.,-1.));
#3802 = PLANE('',#3803);
#3803 = AXIS2_PLACEMENT_3D('',#3804,#3805,#3806);
#3804 = CARTESIAN_POINT('',(4.6,-23.9,6.8));
#3805 = DIRECTION('',(1.,0.,0.));
#3806 = DIRECTION('',(0.,0.,1.));
#3807 = ADVANCED_FACE('',(#3808),#3827,.T.);
#3808 = FACE_BOUND('',#3809,.T.);
#3809 = EDGE_LOOP('',(#3810,#3818,#3825,#3826));
#3810 = ORIENTED_EDGE('',*,*,#3811,.T.);
#3811 = EDGE_CURVE('',#2535,#3812,#3814,.T.);
#3812 = VERTEX_POINT('',#3813);
#3813 = CARTESIAN_POINT('',(3.4,4.83959634501,6.8));
#3814 = LINE('',#3815,#3816);
#3815 = CARTESIAN_POINT('',(3.4,-23.9,6.8));
#3816 = VECTOR('',#3817,1.);
#3817 = DIRECTION('',(0.,1.,0.));
#3818 = ORIENTED_EDGE('',*,*,#3819,.F.);
#3819 = EDGE_CURVE('',#3790,#3812,#3820,.T.);
#3820 = CIRCLE('',#3821,3.216854249492);
#3821 = AXIS2_PLACEMENT_3D('',#3822,#3823,#3824);
#3822 = CARTESIAN_POINT('',(4.,8.,6.8));
#3823 = DIRECTION('',(0.,0.,-1.));
#3824 = DIRECTION('',(1.,0.,0.));
#3825 = ORIENTED_EDGE('',*,*,#3789,.F.);
#3826 = ORIENTED_EDGE('',*,*,#2542,.F.);
#3827 = PLANE('',#3828);
#3828 = AXIS2_PLACEMENT_3D('',#3829,#3830,#3831);
#3829 = CARTESIAN_POINT('',(-5.758418177516E-16,-1.228462544537E-17,6.8)
  );
#3830 = DIRECTION('',(-0.,-0.,-1.));
#3831 = DIRECTION('',(-1.,0.,0.));
#3832 = ADVANCED_FACE('',(#3833),#3851,.F.);
#3833 = FACE_BOUND('',#3834,.F.);
#3834 = EDGE_LOOP('',(#3835,#3843,#3844,#3845));
#3835 = ORIENTED_EDGE('',*,*,#3836,.F.);
#3836 = EDGE_CURVE('',#2527,#3837,#3839,.T.);
#3837 = VERTEX_POINT('',#3838);
#3838 = CARTESIAN_POINT('',(3.4,4.839596345009,8.));
#3839 = LINE('',#3840,#3841);
#3840 = CARTESIAN_POINT('',(3.4,-23.9,8.));
#3841 = VECTOR('',#3842,1.);
#3842 = DIRECTION('',(0.,1.,0.));
#3843 = ORIENTED_EDGE('',*,*,#2534,.F.);
#3844 = ORIENTED_EDGE('',*,*,#3811,.T.);
#3845 = ORIENTED_EDGE('',*,*,#3846,.F.);
#3846 = EDGE_CURVE('',#3837,#3812,#3847,.T.);
#3847 = LINE('',#3848,#3849);
#3848 = CARTESIAN_POINT('',(3.4,4.83959634501,0.3));
#3849 = VECTOR('',#3850,1.);
#3850 = DIRECTION('',(-0.,-0.,-1.));
#3851 = PLANE('',#3852);
#3852 = AXIS2_PLACEMENT_3D('',#3853,#3854,#3855);
#3853 = CARTESIAN_POINT('',(3.4,-23.9,6.8));
#3854 = DIRECTION('',(1.,0.,0.));
#3855 = DIRECTION('',(0.,0.,1.));
#3856 = ADVANCED_FACE('',(#3857),#3911,.F.);
#3857 = FACE_BOUND('',#3858,.F.);
#3858 = EDGE_LOOP('',(#3859,#3869,#3878,#3884,#3885,#3886,#3887,#3896,
    #3904));
#3859 = ORIENTED_EDGE('',*,*,#3860,.F.);
#3860 = EDGE_CURVE('',#3861,#3863,#3865,.T.);
#3861 = VERTEX_POINT('',#3862);
#3862 = CARTESIAN_POINT('',(-3.4,3.16040365499,8.));
#3863 = VERTEX_POINT('',#3864);
#3864 = CARTESIAN_POINT('',(-3.4,4.83959634501,8.));
#3865 = LINE('',#3866,#3867);
#3866 = CARTESIAN_POINT('',(-3.4,-23.9,8.));
#3867 = VECTOR('',#3868,1.);
#3868 = DIRECTION('',(0.,1.,0.));
#3869 = ORIENTED_EDGE('',*,*,#3870,.F.);
#3870 = EDGE_CURVE('',#3871,#3861,#3873,.T.);
#3871 = VERTEX_POINT('',#3872);
#3872 = CARTESIAN_POINT('',(-0.83959634501,0.6,8.));
#3873 = CIRCLE('',#3874,3.216854249492);
#3874 = AXIS2_PLACEMENT_3D('',#3875,#3876,#3877);
#3875 = CARTESIAN_POINT('',(-4.,0.,8.));
#3876 = DIRECTION('',(0.,0.,1.));
#3877 = DIRECTION('',(1.,0.,0.));
#3878 = ORIENTED_EDGE('',*,*,#3879,.T.);
#3879 = EDGE_CURVE('',#3871,#2589,#3880,.T.);
#3880 = LINE('',#3881,#3882);
#3881 = CARTESIAN_POINT('',(-11.9,0.6,8.));
#3882 = VECTOR('',#3883,1.);
#3883 = DIRECTION('',(1.,0.,0.));
#3884 = ORIENTED_EDGE('',*,*,#2588,.T.);
#3885 = ORIENTED_EDGE('',*,*,#2526,.T.);
#3886 = ORIENTED_EDGE('',*,*,#3836,.T.);
#3887 = ORIENTED_EDGE('',*,*,#3888,.F.);
#3888 = EDGE_CURVE('',#3889,#3837,#3891,.T.);
#3889 = VERTEX_POINT('',#3890);
#3890 = CARTESIAN_POINT('',(0.83959634501,7.4,8.));
#3891 = CIRCLE('',#3892,3.216854249492);
#3892 = AXIS2_PLACEMENT_3D('',#3893,#3894,#3895);
#3893 = CARTESIAN_POINT('',(4.,8.,8.));
#3894 = DIRECTION('',(0.,0.,1.));
#3895 = DIRECTION('',(1.,0.,0.));
#3896 = ORIENTED_EDGE('',*,*,#3897,.F.);
#3897 = EDGE_CURVE('',#3898,#3889,#3900,.T.);
#3898 = VERTEX_POINT('',#3899);
#3899 = CARTESIAN_POINT('',(-0.83959634501,7.4,8.));
#3900 = LINE('',#3901,#3902);
#3901 = CARTESIAN_POINT('',(-11.9,7.4,8.));
#3902 = VECTOR('',#3903,1.);
#3903 = DIRECTION('',(1.,0.,0.));
#3904 = ORIENTED_EDGE('',*,*,#3905,.F.);
#3905 = EDGE_CURVE('',#3863,#3898,#3906,.T.);
#3906 = CIRCLE('',#3907,3.216854249492);
#3907 = AXIS2_PLACEMENT_3D('',#3908,#3909,#3910);
#3908 = CARTESIAN_POINT('',(-4.,8.,8.));
#3909 = DIRECTION('',(0.,0.,1.));
#3910 = DIRECTION('',(1.,0.,0.));
#3911 = PLANE('',#3912);
#3912 = AXIS2_PLACEMENT_3D('',#3913,#3914,#3915);
#3913 = CARTESIAN_POINT('',(-1.946472019465,0.973236009732,8.));
#3914 = DIRECTION('',(0.,0.,1.));
#3915 = DIRECTION('',(1.,0.,0.));
#3916 = ADVANCED_FACE('',(#3917),#3944,.F.);
#3917 = FACE_BOUND('',#3918,.F.);
#3918 = EDGE_LOOP('',(#3919,#3927,#3928,#3929,#3937));
#3919 = ORIENTED_EDGE('',*,*,#3920,.F.);
#3920 = EDGE_CURVE('',#2725,#3921,#3923,.T.);
#3921 = VERTEX_POINT('',#3922);
#3922 = CARTESIAN_POINT('',(-3.4,-19.16040365499,8.));
#3923 = LINE('',#3924,#3925);
#3924 = CARTESIAN_POINT('',(-3.4,-23.9,8.));
#3925 = VECTOR('',#3926,1.);
#3926 = DIRECTION('',(0.,1.,0.));
#3927 = ORIENTED_EDGE('',*,*,#2732,.T.);
#3928 = ORIENTED_EDGE('',*,*,#2684,.T.);
#3929 = ORIENTED_EDGE('',*,*,#3930,.F.);
#3930 = EDGE_CURVE('',#3931,#2677,#3933,.T.);
#3931 = VERTEX_POINT('',#3932);
#3932 = CARTESIAN_POINT('',(-0.83959634501,-16.6,8.));
#3933 = LINE('',#3934,#3935);
#3934 = CARTESIAN_POINT('',(-11.9,-16.6,8.));
#3935 = VECTOR('',#3936,1.);
#3936 = DIRECTION('',(1.,0.,0.));
#3937 = ORIENTED_EDGE('',*,*,#3938,.F.);
#3938 = EDGE_CURVE('',#3921,#3931,#3939,.T.);
#3939 = CIRCLE('',#3940,3.216854249492);
#3940 = AXIS2_PLACEMENT_3D('',#3941,#3942,#3943);
#3941 = CARTESIAN_POINT('',(-4.,-16.,8.));
#3942 = DIRECTION('',(0.,0.,1.));
#3943 = DIRECTION('',(1.,0.,0.));
#3944 = PLANE('',#3945);
#3945 = AXIS2_PLACEMENT_3D('',#3946,#3947,#3948);
#3946 = CARTESIAN_POINT('',(-1.946472019465,0.973236009732,8.));
#3947 = DIRECTION('',(0.,0.,1.));
#3948 = DIRECTION('',(1.,0.,0.));
#3949 = ADVANCED_FACE('',(#3950),#3968,.F.);
#3950 = FACE_BOUND('',#3951,.F.);
#3951 = EDGE_LOOP('',(#3952,#3960,#3966,#3967));
#3952 = ORIENTED_EDGE('',*,*,#3953,.F.);
#3953 = EDGE_CURVE('',#3954,#2669,#3956,.T.);
#3954 = VERTEX_POINT('',#3955);
#3955 = CARTESIAN_POINT('',(-0.83959634501,-16.6,6.8));
#3956 = LINE('',#3957,#3958);
#3957 = CARTESIAN_POINT('',(-11.9,-16.6,6.8));
#3958 = VECTOR('',#3959,1.);
#3959 = DIRECTION('',(1.,0.,0.));
#3960 = ORIENTED_EDGE('',*,*,#3961,.F.);
#3961 = EDGE_CURVE('',#3931,#3954,#3962,.T.);
#3962 = LINE('',#3963,#3964);
#3963 = CARTESIAN_POINT('',(-0.83959634501,-16.6,0.3));
#3964 = VECTOR('',#3965,1.);
#3965 = DIRECTION('',(-0.,-0.,-1.));
#3966 = ORIENTED_EDGE('',*,*,#3930,.T.);
#3967 = ORIENTED_EDGE('',*,*,#2676,.T.);
#3968 = PLANE('',#3969);
#3969 = AXIS2_PLACEMENT_3D('',#3970,#3971,#3972);
#3970 = CARTESIAN_POINT('',(-11.9,-16.6,6.8));
#3971 = DIRECTION('',(0.,1.,0.));
#3972 = DIRECTION('',(0.,0.,1.));
#3973 = ADVANCED_FACE('',(#3974),#4002,.T.);
#3974 = FACE_BOUND('',#3975,.T.);
#3975 = EDGE_LOOP('',(#3976,#3977,#3986,#3995,#4001));
#3976 = ORIENTED_EDGE('',*,*,#3953,.F.);
#3977 = ORIENTED_EDGE('',*,*,#3978,.F.);
#3978 = EDGE_CURVE('',#3979,#3954,#3981,.T.);
#3979 = VERTEX_POINT('',#3980);
#3980 = CARTESIAN_POINT('',(-0.783145750508,-16.,6.8));
#3981 = CIRCLE('',#3982,3.216854249492);
#3982 = AXIS2_PLACEMENT_3D('',#3983,#3984,#3985);
#3983 = CARTESIAN_POINT('',(-4.,-16.,6.8));
#3984 = DIRECTION('',(0.,0.,-1.));
#3985 = DIRECTION('',(1.,0.,0.));
#3986 = ORIENTED_EDGE('',*,*,#3987,.F.);
#3987 = EDGE_CURVE('',#3988,#3979,#3990,.T.);
#3988 = VERTEX_POINT('',#3989);
#3989 = CARTESIAN_POINT('',(-0.83959634501,-15.4,6.8));
#3990 = CIRCLE('',#3991,3.216854249492);
#3991 = AXIS2_PLACEMENT_3D('',#3992,#3993,#3994);
#3992 = CARTESIAN_POINT('',(-4.,-16.,6.8));
#3993 = DIRECTION('',(0.,0.,-1.));
#3994 = DIRECTION('',(1.,0.,0.));
#3995 = ORIENTED_EDGE('',*,*,#3996,.T.);
#3996 = EDGE_CURVE('',#3988,#2661,#3997,.T.);
#3997 = LINE('',#3998,#3999);
#3998 = CARTESIAN_POINT('',(-11.9,-15.4,6.8));
#3999 = VECTOR('',#4000,1.);
#4000 = DIRECTION('',(1.,0.,0.));
#4001 = ORIENTED_EDGE('',*,*,#2668,.T.);
#4002 = PLANE('',#4003);
#4003 = AXIS2_PLACEMENT_3D('',#4004,#4005,#4006);
#4004 = CARTESIAN_POINT('',(-5.758418177516E-16,-1.228462544537E-17,6.8)
  );
#4005 = DIRECTION('',(-0.,-0.,-1.));
#4006 = DIRECTION('',(-1.,0.,0.));
#4007 = ADVANCED_FACE('',(#4008),#4026,.T.);
#4008 = FACE_BOUND('',#4009,.T.);
#4009 = EDGE_LOOP('',(#4010,#4011,#4019,#4025));
#4010 = ORIENTED_EDGE('',*,*,#3996,.F.);
#4011 = ORIENTED_EDGE('',*,*,#4012,.F.);
#4012 = EDGE_CURVE('',#4013,#3988,#4015,.T.);
#4013 = VERTEX_POINT('',#4014);
#4014 = CARTESIAN_POINT('',(-0.83959634501,-15.4,8.));
#4015 = LINE('',#4016,#4017);
#4016 = CARTESIAN_POINT('',(-0.83959634501,-15.4,0.3));
#4017 = VECTOR('',#4018,1.);
#4018 = DIRECTION('',(-0.,-0.,-1.));
#4019 = ORIENTED_EDGE('',*,*,#4020,.T.);
#4020 = EDGE_CURVE('',#4013,#2653,#4021,.T.);
#4021 = LINE('',#4022,#4023);
#4022 = CARTESIAN_POINT('',(-11.9,-15.4,8.));
#4023 = VECTOR('',#4024,1.);
#4024 = DIRECTION('',(1.,0.,0.));
#4025 = ORIENTED_EDGE('',*,*,#2660,.T.);
#4026 = PLANE('',#4027);
#4027 = AXIS2_PLACEMENT_3D('',#4028,#4029,#4030);
#4028 = CARTESIAN_POINT('',(-11.9,-15.4,6.8));
#4029 = DIRECTION('',(0.,1.,0.));
#4030 = DIRECTION('',(0.,0.,1.));
#4031 = ADVANCED_FACE('',(#4032),#4068,.F.);
#4032 = FACE_BOUND('',#4033,.F.);
#4033 = EDGE_LOOP('',(#4034,#4044,#4051,#4052,#4053,#4061));
#4034 = ORIENTED_EDGE('',*,*,#4035,.F.);
#4035 = EDGE_CURVE('',#4036,#4038,#4040,.T.);
#4036 = VERTEX_POINT('',#4037);
#4037 = CARTESIAN_POINT('',(-3.4,-12.83959634501,8.));
#4038 = VERTEX_POINT('',#4039);
#4039 = CARTESIAN_POINT('',(-3.4,-11.16040365499,8.));
#4040 = LINE('',#4041,#4042);
#4041 = CARTESIAN_POINT('',(-3.4,-23.9,8.));
#4042 = VECTOR('',#4043,1.);
#4043 = DIRECTION('',(0.,1.,0.));
#4044 = ORIENTED_EDGE('',*,*,#4045,.F.);
#4045 = EDGE_CURVE('',#4013,#4036,#4046,.T.);
#4046 = CIRCLE('',#4047,3.216854249492);
#4047 = AXIS2_PLACEMENT_3D('',#4048,#4049,#4050);
#4048 = CARTESIAN_POINT('',(-4.,-16.,8.));
#4049 = DIRECTION('',(0.,0.,1.));
#4050 = DIRECTION('',(1.,0.,0.));
#4051 = ORIENTED_EDGE('',*,*,#4020,.T.);
#4052 = ORIENTED_EDGE('',*,*,#2652,.T.);
#4053 = ORIENTED_EDGE('',*,*,#4054,.F.);
#4054 = EDGE_CURVE('',#4055,#2645,#4057,.T.);
#4055 = VERTEX_POINT('',#4056);
#4056 = CARTESIAN_POINT('',(-0.83959634501,-8.6,8.));
#4057 = LINE('',#4058,#4059);
#4058 = CARTESIAN_POINT('',(-11.9,-8.6,8.));
#4059 = VECTOR('',#4060,1.);
#4060 = DIRECTION('',(1.,0.,0.));
#4061 = ORIENTED_EDGE('',*,*,#4062,.F.);
#4062 = EDGE_CURVE('',#4038,#4055,#4063,.T.);
#4063 = CIRCLE('',#4064,3.216854249492);
#4064 = AXIS2_PLACEMENT_3D('',#4065,#4066,#4067);
#4065 = CARTESIAN_POINT('',(-4.,-8.,8.));
#4066 = DIRECTION('',(0.,0.,1.));
#4067 = DIRECTION('',(1.,0.,0.));
#4068 = PLANE('',#4069);
#4069 = AXIS2_PLACEMENT_3D('',#4070,#4071,#4072);
#4070 = CARTESIAN_POINT('',(-1.946472019465,0.973236009732,8.));
#4071 = DIRECTION('',(0.,0.,1.));
#4072 = DIRECTION('',(1.,0.,0.));
#4073 = ADVANCED_FACE('',(#4074),#4092,.F.);
#4074 = FACE_BOUND('',#4075,.F.);
#4075 = EDGE_LOOP('',(#4076,#4084,#4090,#4091));
#4076 = ORIENTED_EDGE('',*,*,#4077,.F.);
#4077 = EDGE_CURVE('',#4078,#2637,#4080,.T.);
#4078 = VERTEX_POINT('',#4079);
#4079 = CARTESIAN_POINT('',(-0.83959634501,-8.6,6.8));
#4080 = LINE('',#4081,#4082);
#4081 = CARTESIAN_POINT('',(-11.9,-8.6,6.8));
#4082 = VECTOR('',#4083,1.);
#4083 = DIRECTION('',(1.,0.,0.));
#4084 = ORIENTED_EDGE('',*,*,#4085,.F.);
#4085 = EDGE_CURVE('',#4055,#4078,#4086,.T.);
#4086 = LINE('',#4087,#4088);
#4087 = CARTESIAN_POINT('',(-0.83959634501,-8.6,0.3));
#4088 = VECTOR('',#4089,1.);
#4089 = DIRECTION('',(-0.,-0.,-1.));
#4090 = ORIENTED_EDGE('',*,*,#4054,.T.);
#4091 = ORIENTED_EDGE('',*,*,#2644,.T.);
#4092 = PLANE('',#4093);
#4093 = AXIS2_PLACEMENT_3D('',#4094,#4095,#4096);
#4094 = CARTESIAN_POINT('',(-11.9,-8.6,6.8));
#4095 = DIRECTION('',(0.,1.,0.));
#4096 = DIRECTION('',(0.,0.,1.));
#4097 = ADVANCED_FACE('',(#4098),#4126,.T.);
#4098 = FACE_BOUND('',#4099,.T.);
#4099 = EDGE_LOOP('',(#4100,#4101,#4110,#4119,#4125));
#4100 = ORIENTED_EDGE('',*,*,#4077,.F.);
#4101 = ORIENTED_EDGE('',*,*,#4102,.F.);
#4102 = EDGE_CURVE('',#4103,#4078,#4105,.T.);
#4103 = VERTEX_POINT('',#4104);
#4104 = CARTESIAN_POINT('',(-0.783145750508,-8.,6.8));
#4105 = CIRCLE('',#4106,3.216854249492);
#4106 = AXIS2_PLACEMENT_3D('',#4107,#4108,#4109);
#4107 = CARTESIAN_POINT('',(-4.,-8.,6.8));
#4108 = DIRECTION('',(0.,0.,-1.));
#4109 = DIRECTION('',(1.,0.,0.));
#4110 = ORIENTED_EDGE('',*,*,#4111,.F.);
#4111 = EDGE_CURVE('',#4112,#4103,#4114,.T.);
#4112 = VERTEX_POINT('',#4113);
#4113 = CARTESIAN_POINT('',(-0.83959634501,-7.4,6.8));
#4114 = CIRCLE('',#4115,3.216854249492);
#4115 = AXIS2_PLACEMENT_3D('',#4116,#4117,#4118);
#4116 = CARTESIAN_POINT('',(-4.,-8.,6.8));
#4117 = DIRECTION('',(0.,0.,-1.));
#4118 = DIRECTION('',(1.,0.,0.));
#4119 = ORIENTED_EDGE('',*,*,#4120,.T.);
#4120 = EDGE_CURVE('',#4112,#2629,#4121,.T.);
#4121 = LINE('',#4122,#4123);
#4122 = CARTESIAN_POINT('',(-11.9,-7.4,6.8));
#4123 = VECTOR('',#4124,1.);
#4124 = DIRECTION('',(1.,0.,0.));
#4125 = ORIENTED_EDGE('',*,*,#2636,.T.);
#4126 = PLANE('',#4127);
#4127 = AXIS2_PLACEMENT_3D('',#4128,#4129,#4130);
#4128 = CARTESIAN_POINT('',(-5.758418177516E-16,-1.228462544537E-17,6.8)
  );
#4129 = DIRECTION('',(-0.,-0.,-1.));
#4130 = DIRECTION('',(-1.,0.,0.));
#4131 = ADVANCED_FACE('',(#4132),#4150,.T.);
#4132 = FACE_BOUND('',#4133,.T.);
#4133 = EDGE_LOOP('',(#4134,#4135,#4143,#4149));
#4134 = ORIENTED_EDGE('',*,*,#4120,.F.);
#4135 = ORIENTED_EDGE('',*,*,#4136,.F.);
#4136 = EDGE_CURVE('',#4137,#4112,#4139,.T.);
#4137 = VERTEX_POINT('',#4138);
#4138 = CARTESIAN_POINT('',(-0.83959634501,-7.4,8.));
#4139 = LINE('',#4140,#4141);
#4140 = CARTESIAN_POINT('',(-0.83959634501,-7.4,0.3));
#4141 = VECTOR('',#4142,1.);
#4142 = DIRECTION('',(-0.,-0.,-1.));
#4143 = ORIENTED_EDGE('',*,*,#4144,.T.);
#4144 = EDGE_CURVE('',#4137,#2621,#4145,.T.);
#4145 = LINE('',#4146,#4147);
#4146 = CARTESIAN_POINT('',(-11.9,-7.4,8.));
#4147 = VECTOR('',#4148,1.);
#4148 = DIRECTION('',(1.,0.,0.));
#4149 = ORIENTED_EDGE('',*,*,#2628,.T.);
#4150 = PLANE('',#4151);
#4151 = AXIS2_PLACEMENT_3D('',#4152,#4153,#4154);
#4152 = CARTESIAN_POINT('',(-11.9,-7.4,6.8));
#4153 = DIRECTION('',(0.,1.,0.));
#4154 = DIRECTION('',(0.,0.,1.));
#4155 = ADVANCED_FACE('',(#4156),#4192,.F.);
#4156 = FACE_BOUND('',#4157,.F.);
#4157 = EDGE_LOOP('',(#4158,#4168,#4175,#4176,#4177,#4185));
#4158 = ORIENTED_EDGE('',*,*,#4159,.F.);
#4159 = EDGE_CURVE('',#4160,#4162,#4164,.T.);
#4160 = VERTEX_POINT('',#4161);
#4161 = CARTESIAN_POINT('',(-3.4,-4.83959634501,8.));
#4162 = VERTEX_POINT('',#4163);
#4163 = CARTESIAN_POINT('',(-3.4,-3.16040365499,8.));
#4164 = LINE('',#4165,#4166);
#4165 = CARTESIAN_POINT('',(-3.4,-23.9,8.));
#4166 = VECTOR('',#4167,1.);
#4167 = DIRECTION('',(0.,1.,0.));
#4168 = ORIENTED_EDGE('',*,*,#4169,.F.);
#4169 = EDGE_CURVE('',#4137,#4160,#4170,.T.);
#4170 = CIRCLE('',#4171,3.216854249492);
#4171 = AXIS2_PLACEMENT_3D('',#4172,#4173,#4174);
#4172 = CARTESIAN_POINT('',(-4.,-8.,8.));
#4173 = DIRECTION('',(0.,0.,1.));
#4174 = DIRECTION('',(1.,0.,0.));
#4175 = ORIENTED_EDGE('',*,*,#4144,.T.);
#4176 = ORIENTED_EDGE('',*,*,#2620,.T.);
#4177 = ORIENTED_EDGE('',*,*,#4178,.F.);
#4178 = EDGE_CURVE('',#4179,#2613,#4181,.T.);
#4179 = VERTEX_POINT('',#4180);
#4180 = CARTESIAN_POINT('',(-0.83959634501,-0.6,8.));
#4181 = LINE('',#4182,#4183);
#4182 = CARTESIAN_POINT('',(-11.9,-0.6,8.));
#4183 = VECTOR('',#4184,1.);
#4184 = DIRECTION('',(1.,0.,0.));
#4185 = ORIENTED_EDGE('',*,*,#4186,.F.);
#4186 = EDGE_CURVE('',#4162,#4179,#4187,.T.);
#4187 = CIRCLE('',#4188,3.216854249492);
#4188 = AXIS2_PLACEMENT_3D('',#4189,#4190,#4191);
#4189 = CARTESIAN_POINT('',(-4.,0.,8.));
#4190 = DIRECTION('',(0.,0.,1.));
#4191 = DIRECTION('',(1.,0.,0.));
#4192 = PLANE('',#4193);
#4193 = AXIS2_PLACEMENT_3D('',#4194,#4195,#4196);
#4194 = CARTESIAN_POINT('',(-1.946472019465,0.973236009732,8.));
#4195 = DIRECTION('',(0.,0.,1.));
#4196 = DIRECTION('',(1.,0.,0.));
#4197 = ADVANCED_FACE('',(#4198),#4216,.F.);
#4198 = FACE_BOUND('',#4199,.F.);
#4199 = EDGE_LOOP('',(#4200,#4208,#4214,#4215));
#4200 = ORIENTED_EDGE('',*,*,#4201,.F.);
#4201 = EDGE_CURVE('',#4202,#2605,#4204,.T.);
#4202 = VERTEX_POINT('',#4203);
#4203 = CARTESIAN_POINT('',(-0.83959634501,-0.6,6.8));
#4204 = LINE('',#4205,#4206);
#4205 = CARTESIAN_POINT('',(-11.9,-0.6,6.8));
#4206 = VECTOR('',#4207,1.);
#4207 = DIRECTION('',(1.,0.,0.));
#4208 = ORIENTED_EDGE('',*,*,#4209,.F.);
#4209 = EDGE_CURVE('',#4179,#4202,#4210,.T.);
#4210 = LINE('',#4211,#4212);
#4211 = CARTESIAN_POINT('',(-0.83959634501,-0.6,0.3));
#4212 = VECTOR('',#4213,1.);
#4213 = DIRECTION('',(-0.,-0.,-1.));
#4214 = ORIENTED_EDGE('',*,*,#4178,.T.);
#4215 = ORIENTED_EDGE('',*,*,#2612,.T.);
#4216 = PLANE('',#4217);
#4217 = AXIS2_PLACEMENT_3D('',#4218,#4219,#4220);
#4218 = CARTESIAN_POINT('',(-11.9,-0.6,6.8));
#4219 = DIRECTION('',(0.,1.,0.));
#4220 = DIRECTION('',(0.,0.,1.));
#4221 = ADVANCED_FACE('',(#4222),#4250,.T.);
#4222 = FACE_BOUND('',#4223,.T.);
#4223 = EDGE_LOOP('',(#4224,#4225,#4234,#4243,#4249));
#4224 = ORIENTED_EDGE('',*,*,#4201,.F.);
#4225 = ORIENTED_EDGE('',*,*,#4226,.F.);
#4226 = EDGE_CURVE('',#4227,#4202,#4229,.T.);
#4227 = VERTEX_POINT('',#4228);
#4228 = CARTESIAN_POINT('',(-0.783145750508,-7.879020519929E-16,6.8));
#4229 = CIRCLE('',#4230,3.216854249492);
#4230 = AXIS2_PLACEMENT_3D('',#4231,#4232,#4233);
#4231 = CARTESIAN_POINT('',(-4.,0.,6.8));
#4232 = DIRECTION('',(0.,0.,-1.));
#4233 = DIRECTION('',(1.,0.,0.));
#4234 = ORIENTED_EDGE('',*,*,#4235,.F.);
#4235 = EDGE_CURVE('',#4236,#4227,#4238,.T.);
#4236 = VERTEX_POINT('',#4237);
#4237 = CARTESIAN_POINT('',(-0.83959634501,0.6,6.8));
#4238 = CIRCLE('',#4239,3.216854249492);
#4239 = AXIS2_PLACEMENT_3D('',#4240,#4241,#4242);
#4240 = CARTESIAN_POINT('',(-4.,0.,6.8));
#4241 = DIRECTION('',(0.,0.,-1.));
#4242 = DIRECTION('',(1.,0.,0.));
#4243 = ORIENTED_EDGE('',*,*,#4244,.T.);
#4244 = EDGE_CURVE('',#4236,#2597,#4245,.T.);
#4245 = LINE('',#4246,#4247);
#4246 = CARTESIAN_POINT('',(-11.9,0.6,6.8));
#4247 = VECTOR('',#4248,1.);
#4248 = DIRECTION('',(1.,0.,0.));
#4249 = ORIENTED_EDGE('',*,*,#2604,.T.);
#4250 = PLANE('',#4251);
#4251 = AXIS2_PLACEMENT_3D('',#4252,#4253,#4254);
#4252 = CARTESIAN_POINT('',(-5.758418177516E-16,-1.228462544537E-17,6.8)
  );
#4253 = DIRECTION('',(-0.,-0.,-1.));
#4254 = DIRECTION('',(-1.,0.,0.));
#4255 = ADVANCED_FACE('',(#4256),#4267,.T.);
#4256 = FACE_BOUND('',#4257,.T.);
#4257 = EDGE_LOOP('',(#4258,#4259,#4265,#4266));
#4258 = ORIENTED_EDGE('',*,*,#4244,.F.);
#4259 = ORIENTED_EDGE('',*,*,#4260,.F.);
#4260 = EDGE_CURVE('',#3871,#4236,#4261,.T.);
#4261 = LINE('',#4262,#4263);
#4262 = CARTESIAN_POINT('',(-0.83959634501,0.6,0.3));
#4263 = VECTOR('',#4264,1.);
#4264 = DIRECTION('',(-0.,-0.,-1.));
#4265 = ORIENTED_EDGE('',*,*,#3879,.T.);
#4266 = ORIENTED_EDGE('',*,*,#2596,.T.);
#4267 = PLANE('',#4268);
#4268 = AXIS2_PLACEMENT_3D('',#4269,#4270,#4271);
#4269 = CARTESIAN_POINT('',(-11.9,0.6,6.8));
#4270 = DIRECTION('',(0.,1.,0.));
#4271 = DIRECTION('',(0.,0.,1.));
#4272 = ADVANCED_FACE('',(#4273),#4291,.T.);
#4273 = FACE_BOUND('',#4274,.T.);
#4274 = EDGE_LOOP('',(#4275,#4276,#4277,#4285));
#4275 = ORIENTED_EDGE('',*,*,#3920,.F.);
#4276 = ORIENTED_EDGE('',*,*,#2724,.F.);
#4277 = ORIENTED_EDGE('',*,*,#4278,.T.);
#4278 = EDGE_CURVE('',#2717,#4279,#4281,.T.);
#4279 = VERTEX_POINT('',#4280);
#4280 = CARTESIAN_POINT('',(-3.4,-19.16040365499,6.8));
#4281 = LINE('',#4282,#4283);
#4282 = CARTESIAN_POINT('',(-3.4,-23.9,6.8));
#4283 = VECTOR('',#4284,1.);
#4284 = DIRECTION('',(0.,1.,0.));
#4285 = ORIENTED_EDGE('',*,*,#4286,.F.);
#4286 = EDGE_CURVE('',#3921,#4279,#4287,.T.);
#4287 = LINE('',#4288,#4289);
#4288 = CARTESIAN_POINT('',(-3.4,-19.16040365499,0.3));
#4289 = VECTOR('',#4290,1.);
#4290 = DIRECTION('',(-0.,-0.,-1.));
#4291 = PLANE('',#4292);
#4292 = AXIS2_PLACEMENT_3D('',#4293,#4294,#4295);
#4293 = CARTESIAN_POINT('',(-3.4,-23.9,6.8));
#4294 = DIRECTION('',(1.,0.,0.));
#4295 = DIRECTION('',(0.,0.,1.));
#4296 = ADVANCED_FACE('',(#4297),#4316,.T.);
#4297 = FACE_BOUND('',#4298,.T.);
#4298 = EDGE_LOOP('',(#4299,#4300,#4308,#4315));
#4299 = ORIENTED_EDGE('',*,*,#2716,.F.);
#4300 = ORIENTED_EDGE('',*,*,#4301,.T.);
#4301 = EDGE_CURVE('',#2709,#4302,#4304,.T.);
#4302 = VERTEX_POINT('',#4303);
#4303 = CARTESIAN_POINT('',(-4.6,-19.16040365499,6.8));
#4304 = LINE('',#4305,#4306);
#4305 = CARTESIAN_POINT('',(-4.6,-23.9,6.8));
#4306 = VECTOR('',#4307,1.);
#4307 = DIRECTION('',(0.,1.,0.));
#4308 = ORIENTED_EDGE('',*,*,#4309,.F.);
#4309 = EDGE_CURVE('',#4279,#4302,#4310,.T.);
#4310 = CIRCLE('',#4311,3.216854249492);
#4311 = AXIS2_PLACEMENT_3D('',#4312,#4313,#4314);
#4312 = CARTESIAN_POINT('',(-4.,-16.,6.8));
#4313 = DIRECTION('',(0.,0.,-1.));
#4314 = DIRECTION('',(1.,0.,0.));
#4315 = ORIENTED_EDGE('',*,*,#4278,.F.);
#4316 = PLANE('',#4317);
#4317 = AXIS2_PLACEMENT_3D('',#4318,#4319,#4320);
#4318 = CARTESIAN_POINT('',(-5.758418177516E-16,-1.228462544537E-17,6.8)
  );
#4319 = DIRECTION('',(-0.,-0.,-1.));
#4320 = DIRECTION('',(-1.,0.,0.));
#4321 = ADVANCED_FACE('',(#4322),#4333,.F.);
#4322 = FACE_BOUND('',#4323,.F.);
#4323 = EDGE_LOOP('',(#4324,#4325,#4326,#4327));
#4324 = ORIENTED_EDGE('',*,*,#3315,.F.);
#4325 = ORIENTED_EDGE('',*,*,#2708,.F.);
#4326 = ORIENTED_EDGE('',*,*,#4301,.T.);
#4327 = ORIENTED_EDGE('',*,*,#4328,.F.);
#4328 = EDGE_CURVE('',#3316,#4302,#4329,.T.);
#4329 = LINE('',#4330,#4331);
#4330 = CARTESIAN_POINT('',(-4.6,-19.16040365499,0.3));
#4331 = VECTOR('',#4332,1.);
#4332 = DIRECTION('',(-0.,-0.,-1.));
#4333 = PLANE('',#4334);
#4334 = AXIS2_PLACEMENT_3D('',#4335,#4336,#4337);
#4335 = CARTESIAN_POINT('',(-4.6,-23.9,6.8));
#4336 = DIRECTION('',(1.,0.,0.));
#4337 = DIRECTION('',(0.,0.,1.));
#4338 = ADVANCED_FACE('',(#4339),#4394,.T.);
#4339 = FACE_BOUND('',#4340,.F.);
#4340 = EDGE_LOOP('',(#4341,#4350,#4356,#4357,#4358,#4359,#4360,#4361,
    #4362,#4363,#4364,#4365,#4366,#4367,#4375,#4384,#4390,#4391,#4392,
    #4393));
#4341 = ORIENTED_EDGE('',*,*,#4342,.F.);
#4342 = EDGE_CURVE('',#4343,#4343,#4345,.T.);
#4343 = VERTEX_POINT('',#4344);
#4344 = CARTESIAN_POINT('',(-0.783145750508,16.,0.3));
#4345 = CIRCLE('',#4346,3.216854249492);
#4346 = AXIS2_PLACEMENT_3D('',#4347,#4348,#4349);
#4347 = CARTESIAN_POINT('',(-4.,16.,0.3));
#4348 = DIRECTION('',(0.,0.,1.));
#4349 = DIRECTION('',(1.,0.,0.));
#4350 = ORIENTED_EDGE('',*,*,#4351,.T.);
#4351 = EDGE_CURVE('',#4343,#3531,#4352,.T.);
#4352 = LINE('',#4353,#4354);
#4353 = CARTESIAN_POINT('',(-0.783145750508,16.,0.3));
#4354 = VECTOR('',#4355,1.);
#4355 = DIRECTION('',(0.,0.,1.));
#4356 = ORIENTED_EDGE('',*,*,#3539,.F.);
#4357 = ORIENTED_EDGE('',*,*,#3564,.F.);
#4358 = ORIENTED_EDGE('',*,*,#3348,.T.);
#4359 = ORIENTED_EDGE('',*,*,#3373,.T.);
#4360 = ORIENTED_EDGE('',*,*,#3396,.F.);
#4361 = ORIENTED_EDGE('',*,*,#3422,.F.);
#4362 = ORIENTED_EDGE('',*,*,#2756,.T.);
#4363 = ORIENTED_EDGE('',*,*,#2790,.T.);
#4364 = ORIENTED_EDGE('',*,*,#2804,.F.);
#4365 = ORIENTED_EDGE('',*,*,#2839,.F.);
#4366 = ORIENTED_EDGE('',*,*,#2879,.T.);
#4367 = ORIENTED_EDGE('',*,*,#4368,.T.);
#4368 = EDGE_CURVE('',#2872,#4369,#4371,.T.);
#4369 = VERTEX_POINT('',#4370);
#4370 = CARTESIAN_POINT('',(-4.6,12.83959634501,6.8));
#4371 = LINE('',#4372,#4373);
#4372 = CARTESIAN_POINT('',(-4.6,12.83959634501,0.3));
#4373 = VECTOR('',#4374,1.);
#4374 = DIRECTION('',(-0.,-0.,-1.));
#4375 = ORIENTED_EDGE('',*,*,#4376,.F.);
#4376 = EDGE_CURVE('',#4377,#4369,#4379,.T.);
#4377 = VERTEX_POINT('',#4378);
#4378 = CARTESIAN_POINT('',(-3.4,12.83959634501,6.8));
#4379 = CIRCLE('',#4380,3.216854249492);
#4380 = AXIS2_PLACEMENT_3D('',#4381,#4382,#4383);
#4381 = CARTESIAN_POINT('',(-4.,16.,6.8));
#4382 = DIRECTION('',(0.,0.,-1.));
#4383 = DIRECTION('',(1.,0.,0.));
#4384 = ORIENTED_EDGE('',*,*,#4385,.F.);
#4385 = EDGE_CURVE('',#3441,#4377,#4386,.T.);
#4386 = LINE('',#4387,#4388);
#4387 = CARTESIAN_POINT('',(-3.4,12.83959634501,0.3));
#4388 = VECTOR('',#4389,1.);
#4389 = DIRECTION('',(-0.,-0.,-1.));
#4390 = ORIENTED_EDGE('',*,*,#3490,.T.);
#4391 = ORIENTED_EDGE('',*,*,#3513,.T.);
#4392 = ORIENTED_EDGE('',*,*,#3530,.F.);
#4393 = ORIENTED_EDGE('',*,*,#4351,.F.);
#4394 = CYLINDRICAL_SURFACE('',#4395,3.216854249492);
#4395 = AXIS2_PLACEMENT_3D('',#4396,#4397,#4398);
#4396 = CARTESIAN_POINT('',(-4.,16.,0.3));
#4397 = DIRECTION('',(-0.,-0.,-1.));
#4398 = DIRECTION('',(1.,0.,0.));
#4399 = ADVANCED_FACE('',(#4400),#4418,.F.);
#4400 = FACE_BOUND('',#4401,.F.);
#4401 = EDGE_LOOP('',(#4402,#4403,#4411,#4417));
#4402 = ORIENTED_EDGE('',*,*,#2871,.F.);
#4403 = ORIENTED_EDGE('',*,*,#4404,.T.);
#4404 = EDGE_CURVE('',#2863,#4405,#4407,.T.);
#4405 = VERTEX_POINT('',#4406);
#4406 = CARTESIAN_POINT('',(-4.6,11.16040365499,6.8));
#4407 = LINE('',#4408,#4409);
#4408 = CARTESIAN_POINT('',(-4.6,11.16040365499,0.3));
#4409 = VECTOR('',#4410,1.);
#4410 = DIRECTION('',(-0.,-0.,-1.));
#4411 = ORIENTED_EDGE('',*,*,#4412,.T.);
#4412 = EDGE_CURVE('',#4405,#4369,#4413,.T.);
#4413 = LINE('',#4414,#4415);
#4414 = CARTESIAN_POINT('',(-4.6,-23.9,6.8));
#4415 = VECTOR('',#4416,1.);
#4416 = DIRECTION('',(0.,1.,0.));
#4417 = ORIENTED_EDGE('',*,*,#4368,.F.);
#4418 = PLANE('',#4419);
#4419 = AXIS2_PLACEMENT_3D('',#4420,#4421,#4422);
#4420 = CARTESIAN_POINT('',(-4.6,-23.9,6.8));
#4421 = DIRECTION('',(1.,0.,0.));
#4422 = DIRECTION('',(0.,0.,1.));
#4423 = ADVANCED_FACE('',(#4424),#4520,.T.);
#4424 = FACE_BOUND('',#4425,.F.);
#4425 = EDGE_LOOP('',(#4426,#4435,#4443,#4452,#4458,#4459,#4467,#4474,
    #4475,#4476,#4477,#4478,#4479,#4480,#4488,#4497,#4503,#4504,#4512,
    #4519));
#4426 = ORIENTED_EDGE('',*,*,#4427,.F.);
#4427 = EDGE_CURVE('',#4428,#4428,#4430,.T.);
#4428 = VERTEX_POINT('',#4429);
#4429 = CARTESIAN_POINT('',(-0.783145750508,8.,0.3));
#4430 = CIRCLE('',#4431,3.216854249492);
#4431 = AXIS2_PLACEMENT_3D('',#4432,#4433,#4434);
#4432 = CARTESIAN_POINT('',(-4.,8.,0.3));
#4433 = DIRECTION('',(0.,0.,1.));
#4434 = DIRECTION('',(1.,0.,0.));
#4435 = ORIENTED_EDGE('',*,*,#4436,.T.);
#4436 = EDGE_CURVE('',#4428,#4437,#4439,.T.);
#4437 = VERTEX_POINT('',#4438);
#4438 = CARTESIAN_POINT('',(-0.783145750508,8.,6.8));
#4439 = LINE('',#4440,#4441);
#4440 = CARTESIAN_POINT('',(-0.783145750508,8.,0.3));
#4441 = VECTOR('',#4442,1.);
#4442 = DIRECTION('',(0.,0.,1.));
#4443 = ORIENTED_EDGE('',*,*,#4444,.F.);
#4444 = EDGE_CURVE('',#4445,#4437,#4447,.T.);
#4445 = VERTEX_POINT('',#4446);
#4446 = CARTESIAN_POINT('',(-0.83959634501,8.6,6.8));
#4447 = CIRCLE('',#4448,3.216854249492);
#4448 = AXIS2_PLACEMENT_3D('',#4449,#4450,#4451);
#4449 = CARTESIAN_POINT('',(-4.,8.,6.8));
#4450 = DIRECTION('',(0.,0.,-1.));
#4451 = DIRECTION('',(1.,0.,0.));
#4452 = ORIENTED_EDGE('',*,*,#4453,.F.);
#4453 = EDGE_CURVE('',#3449,#4445,#4454,.T.);
#4454 = LINE('',#4455,#4456);
#4455 = CARTESIAN_POINT('',(-0.83959634501,8.6,0.3));
#4456 = VECTOR('',#4457,1.);
#4457 = DIRECTION('',(-0.,-0.,-1.));
#4458 = ORIENTED_EDGE('',*,*,#3448,.T.);
#4459 = ORIENTED_EDGE('',*,*,#4460,.T.);
#4460 = EDGE_CURVE('',#3439,#4461,#4463,.T.);
#4461 = VERTEX_POINT('',#4462);
#4462 = CARTESIAN_POINT('',(-3.4,11.16040365499,6.8));
#4463 = LINE('',#4464,#4465);
#4464 = CARTESIAN_POINT('',(-3.4,11.16040365499,0.3));
#4465 = VECTOR('',#4466,1.);
#4466 = DIRECTION('',(-0.,-0.,-1.));
#4467 = ORIENTED_EDGE('',*,*,#4468,.F.);
#4468 = EDGE_CURVE('',#4405,#4461,#4469,.T.);
#4469 = CIRCLE('',#4470,3.216854249492);
#4470 = AXIS2_PLACEMENT_3D('',#4471,#4472,#4473);
#4471 = CARTESIAN_POINT('',(-4.,8.,6.8));
#4472 = DIRECTION('',(0.,0.,-1.));
#4473 = DIRECTION('',(1.,0.,0.));
#4474 = ORIENTED_EDGE('',*,*,#4404,.F.);
#4475 = ORIENTED_EDGE('',*,*,#2862,.T.);
#4476 = ORIENTED_EDGE('',*,*,#2905,.T.);
#4477 = ORIENTED_EDGE('',*,*,#2919,.F.);
#4478 = ORIENTED_EDGE('',*,*,#2954,.F.);
#4479 = ORIENTED_EDGE('',*,*,#2994,.T.);
#4480 = ORIENTED_EDGE('',*,*,#4481,.T.);
#4481 = EDGE_CURVE('',#2987,#4482,#4484,.T.);
#4482 = VERTEX_POINT('',#4483);
#4483 = CARTESIAN_POINT('',(-4.6,4.83959634501,6.8));
#4484 = LINE('',#4485,#4486);
#4485 = CARTESIAN_POINT('',(-4.6,4.83959634501,0.3));
#4486 = VECTOR('',#4487,1.);
#4487 = DIRECTION('',(-0.,-0.,-1.));
#4488 = ORIENTED_EDGE('',*,*,#4489,.F.);
#4489 = EDGE_CURVE('',#4490,#4482,#4492,.T.);
#4490 = VERTEX_POINT('',#4491);
#4491 = CARTESIAN_POINT('',(-3.4,4.83959634501,6.8));
#4492 = CIRCLE('',#4493,3.216854249492);
#4493 = AXIS2_PLACEMENT_3D('',#4494,#4495,#4496);
#4494 = CARTESIAN_POINT('',(-4.,8.,6.8));
#4495 = DIRECTION('',(0.,0.,-1.));
#4496 = DIRECTION('',(1.,0.,0.));
#4497 = ORIENTED_EDGE('',*,*,#4498,.F.);
#4498 = EDGE_CURVE('',#3863,#4490,#4499,.T.);
#4499 = LINE('',#4500,#4501);
#4500 = CARTESIAN_POINT('',(-3.4,4.83959634501,0.3));
#4501 = VECTOR('',#4502,1.);
#4502 = DIRECTION('',(-0.,-0.,-1.));
#4503 = ORIENTED_EDGE('',*,*,#3905,.T.);
#4504 = ORIENTED_EDGE('',*,*,#4505,.T.);
#4505 = EDGE_CURVE('',#3898,#4506,#4508,.T.);
#4506 = VERTEX_POINT('',#4507);
#4507 = CARTESIAN_POINT('',(-0.83959634501,7.4,6.8));
#4508 = LINE('',#4509,#4510);
#4509 = CARTESIAN_POINT('',(-0.83959634501,7.4,0.3));
#4510 = VECTOR('',#4511,1.);
#4511 = DIRECTION('',(-0.,-0.,-1.));
#4512 = ORIENTED_EDGE('',*,*,#4513,.F.);
#4513 = EDGE_CURVE('',#4437,#4506,#4514,.T.);
#4514 = CIRCLE('',#4515,3.216854249492);
#4515 = AXIS2_PLACEMENT_3D('',#4516,#4517,#4518);
#4516 = CARTESIAN_POINT('',(-4.,8.,6.8));
#4517 = DIRECTION('',(0.,0.,-1.));
#4518 = DIRECTION('',(1.,0.,0.));
#4519 = ORIENTED_EDGE('',*,*,#4436,.F.);
#4520 = CYLINDRICAL_SURFACE('',#4521,3.216854249492);
#4521 = AXIS2_PLACEMENT_3D('',#4522,#4523,#4524);
#4522 = CARTESIAN_POINT('',(-4.,8.,0.3));
#4523 = DIRECTION('',(-0.,-0.,-1.));
#4524 = DIRECTION('',(1.,0.,0.));
#4525 = ADVANCED_FACE('',(#4526),#4544,.F.);
#4526 = FACE_BOUND('',#4527,.F.);
#4527 = EDGE_LOOP('',(#4528,#4529,#4537,#4543));
#4528 = ORIENTED_EDGE('',*,*,#2986,.F.);
#4529 = ORIENTED_EDGE('',*,*,#4530,.T.);
#4530 = EDGE_CURVE('',#2978,#4531,#4533,.T.);
#4531 = VERTEX_POINT('',#4532);
#4532 = CARTESIAN_POINT('',(-4.6,3.16040365499,6.8));
#4533 = LINE('',#4534,#4535);
#4534 = CARTESIAN_POINT('',(-4.6,3.16040365499,0.3));
#4535 = VECTOR('',#4536,1.);
#4536 = DIRECTION('',(-0.,-0.,-1.));
#4537 = ORIENTED_EDGE('',*,*,#4538,.T.);
#4538 = EDGE_CURVE('',#4531,#4482,#4539,.T.);
#4539 = LINE('',#4540,#4541);
#4540 = CARTESIAN_POINT('',(-4.6,-23.9,6.8));
#4541 = VECTOR('',#4542,1.);
#4542 = DIRECTION('',(0.,1.,0.));
#4543 = ORIENTED_EDGE('',*,*,#4481,.F.);
#4544 = PLANE('',#4545);
#4545 = AXIS2_PLACEMENT_3D('',#4546,#4547,#4548);
#4546 = CARTESIAN_POINT('',(-4.6,-23.9,6.8));
#4547 = DIRECTION('',(1.,0.,0.));
#4548 = DIRECTION('',(0.,0.,1.));
#4549 = ADVANCED_FACE('',(#4550),#4618,.T.);
#4550 = FACE_BOUND('',#4551,.F.);
#4551 = EDGE_LOOP('',(#4552,#4561,#4567,#4568,#4569,#4570,#4578,#4585,
    #4586,#4587,#4588,#4589,#4590,#4591,#4599,#4608,#4614,#4615,#4616,
    #4617));
#4552 = ORIENTED_EDGE('',*,*,#4553,.F.);
#4553 = EDGE_CURVE('',#4554,#4554,#4556,.T.);
#4554 = VERTEX_POINT('',#4555);
#4555 = CARTESIAN_POINT('',(-0.783145750508,-7.879020519929E-16,0.3));
#4556 = CIRCLE('',#4557,3.216854249492);
#4557 = AXIS2_PLACEMENT_3D('',#4558,#4559,#4560);
#4558 = CARTESIAN_POINT('',(-4.,0.,0.3));
#4559 = DIRECTION('',(0.,0.,1.));
#4560 = DIRECTION('',(1.,0.,0.));
#4561 = ORIENTED_EDGE('',*,*,#4562,.T.);
#4562 = EDGE_CURVE('',#4554,#4227,#4563,.T.);
#4563 = LINE('',#4564,#4565);
#4564 = CARTESIAN_POINT('',(-0.783145750508,-7.879020519929E-16,0.3));
#4565 = VECTOR('',#4566,1.);
#4566 = DIRECTION('',(0.,0.,1.));
#4567 = ORIENTED_EDGE('',*,*,#4235,.F.);
#4568 = ORIENTED_EDGE('',*,*,#4260,.F.);
#4569 = ORIENTED_EDGE('',*,*,#3870,.T.);
#4570 = ORIENTED_EDGE('',*,*,#4571,.T.);
#4571 = EDGE_CURVE('',#3861,#4572,#4574,.T.);
#4572 = VERTEX_POINT('',#4573);
#4573 = CARTESIAN_POINT('',(-3.4,3.16040365499,6.8));
#4574 = LINE('',#4575,#4576);
#4575 = CARTESIAN_POINT('',(-3.4,3.16040365499,0.3));
#4576 = VECTOR('',#4577,1.);
#4577 = DIRECTION('',(-0.,-0.,-1.));
#4578 = ORIENTED_EDGE('',*,*,#4579,.F.);
#4579 = EDGE_CURVE('',#4531,#4572,#4580,.T.);
#4580 = CIRCLE('',#4581,3.216854249492);
#4581 = AXIS2_PLACEMENT_3D('',#4582,#4583,#4584);
#4582 = CARTESIAN_POINT('',(-4.,0.,6.8));
#4583 = DIRECTION('',(0.,0.,-1.));
#4584 = DIRECTION('',(1.,0.,0.));
#4585 = ORIENTED_EDGE('',*,*,#4530,.F.);
#4586 = ORIENTED_EDGE('',*,*,#2977,.T.);
#4587 = ORIENTED_EDGE('',*,*,#3020,.T.);
#4588 = ORIENTED_EDGE('',*,*,#3034,.F.);
#4589 = ORIENTED_EDGE('',*,*,#3069,.F.);
#4590 = ORIENTED_EDGE('',*,*,#3109,.T.);
#4591 = ORIENTED_EDGE('',*,*,#4592,.T.);
#4592 = EDGE_CURVE('',#3102,#4593,#4595,.T.);
#4593 = VERTEX_POINT('',#4594);
#4594 = CARTESIAN_POINT('',(-4.6,-3.16040365499,6.8));
#4595 = LINE('',#4596,#4597);
#4596 = CARTESIAN_POINT('',(-4.6,-3.16040365499,0.3));
#4597 = VECTOR('',#4598,1.);
#4598 = DIRECTION('',(-0.,-0.,-1.));
#4599 = ORIENTED_EDGE('',*,*,#4600,.F.);
#4600 = EDGE_CURVE('',#4601,#4593,#4603,.T.);
#4601 = VERTEX_POINT('',#4602);
#4602 = CARTESIAN_POINT('',(-3.4,-3.16040365499,6.8));
#4603 = CIRCLE('',#4604,3.216854249492);
#4604 = AXIS2_PLACEMENT_3D('',#4605,#4606,#4607);
#4605 = CARTESIAN_POINT('',(-4.,0.,6.8));
#4606 = DIRECTION('',(0.,0.,-1.));
#4607 = DIRECTION('',(1.,0.,0.));
#4608 = ORIENTED_EDGE('',*,*,#4609,.F.);
#4609 = EDGE_CURVE('',#4162,#4601,#4610,.T.);
#4610 = LINE('',#4611,#4612);
#4611 = CARTESIAN_POINT('',(-3.4,-3.16040365499,0.3));
#4612 = VECTOR('',#4613,1.);
#4613 = DIRECTION('',(-0.,-0.,-1.));
#4614 = ORIENTED_EDGE('',*,*,#4186,.T.);
#4615 = ORIENTED_EDGE('',*,*,#4209,.T.);
#4616 = ORIENTED_EDGE('',*,*,#4226,.F.);
#4617 = ORIENTED_EDGE('',*,*,#4562,.F.);
#4618 = CYLINDRICAL_SURFACE('',#4619,3.216854249492);
#4619 = AXIS2_PLACEMENT_3D('',#4620,#4621,#4622);
#4620 = CARTESIAN_POINT('',(-4.,0.,0.3));
#4621 = DIRECTION('',(-0.,-0.,-1.));
#4622 = DIRECTION('',(1.,0.,0.));
#4623 = ADVANCED_FACE('',(#4624),#4642,.F.);
#4624 = FACE_BOUND('',#4625,.F.);
#4625 = EDGE_LOOP('',(#4626,#4627,#4635,#4641));
#4626 = ORIENTED_EDGE('',*,*,#3101,.F.);
#4627 = ORIENTED_EDGE('',*,*,#4628,.T.);
#4628 = EDGE_CURVE('',#3093,#4629,#4631,.T.);
#4629 = VERTEX_POINT('',#4630);
#4630 = CARTESIAN_POINT('',(-4.6,-4.83959634501,6.8));
#4631 = LINE('',#4632,#4633);
#4632 = CARTESIAN_POINT('',(-4.6,-4.83959634501,0.3));
#4633 = VECTOR('',#4634,1.);
#4634 = DIRECTION('',(-0.,-0.,-1.));
#4635 = ORIENTED_EDGE('',*,*,#4636,.T.);
#4636 = EDGE_CURVE('',#4629,#4593,#4637,.T.);
#4637 = LINE('',#4638,#4639);
#4638 = CARTESIAN_POINT('',(-4.6,-23.9,6.8));
#4639 = VECTOR('',#4640,1.);
#4640 = DIRECTION('',(0.,1.,0.));
#4641 = ORIENTED_EDGE('',*,*,#4592,.F.);
#4642 = PLANE('',#4643);
#4643 = AXIS2_PLACEMENT_3D('',#4644,#4645,#4646);
#4644 = CARTESIAN_POINT('',(-4.6,-23.9,6.8));
#4645 = DIRECTION('',(1.,0.,0.));
#4646 = DIRECTION('',(0.,0.,1.));
#4647 = ADVANCED_FACE('',(#4648),#4716,.T.);
#4648 = FACE_BOUND('',#4649,.F.);
#4649 = EDGE_LOOP('',(#4650,#4659,#4665,#4666,#4667,#4668,#4676,#4683,
    #4684,#4685,#4686,#4687,#4688,#4689,#4697,#4706,#4712,#4713,#4714,
    #4715));
#4650 = ORIENTED_EDGE('',*,*,#4651,.F.);
#4651 = EDGE_CURVE('',#4652,#4652,#4654,.T.);
#4652 = VERTEX_POINT('',#4653);
#4653 = CARTESIAN_POINT('',(-0.783145750508,-8.,0.3));
#4654 = CIRCLE('',#4655,3.216854249492);
#4655 = AXIS2_PLACEMENT_3D('',#4656,#4657,#4658);
#4656 = CARTESIAN_POINT('',(-4.,-8.,0.3));
#4657 = DIRECTION('',(0.,0.,1.));
#4658 = DIRECTION('',(1.,0.,0.));
#4659 = ORIENTED_EDGE('',*,*,#4660,.T.);
#4660 = EDGE_CURVE('',#4652,#4103,#4661,.T.);
#4661 = LINE('',#4662,#4663);
#4662 = CARTESIAN_POINT('',(-0.783145750508,-8.,0.3));
#4663 = VECTOR('',#4664,1.);
#4664 = DIRECTION('',(0.,0.,1.));
#4665 = ORIENTED_EDGE('',*,*,#4111,.F.);
#4666 = ORIENTED_EDGE('',*,*,#4136,.F.);
#4667 = ORIENTED_EDGE('',*,*,#4169,.T.);
#4668 = ORIENTED_EDGE('',*,*,#4669,.T.);
#4669 = EDGE_CURVE('',#4160,#4670,#4672,.T.);
#4670 = VERTEX_POINT('',#4671);
#4671 = CARTESIAN_POINT('',(-3.4,-4.83959634501,6.8));
#4672 = LINE('',#4673,#4674);
#4673 = CARTESIAN_POINT('',(-3.4,-4.83959634501,0.3));
#4674 = VECTOR('',#4675,1.);
#4675 = DIRECTION('',(-0.,-0.,-1.));
#4676 = ORIENTED_EDGE('',*,*,#4677,.F.);
#4677 = EDGE_CURVE('',#4629,#4670,#4678,.T.);
#4678 = CIRCLE('',#4679,3.216854249492);
#4679 = AXIS2_PLACEMENT_3D('',#4680,#4681,#4682);
#4680 = CARTESIAN_POINT('',(-4.,-8.,6.8));
#4681 = DIRECTION('',(0.,0.,-1.));
#4682 = DIRECTION('',(1.,0.,0.));
#4683 = ORIENTED_EDGE('',*,*,#4628,.F.);
#4684 = ORIENTED_EDGE('',*,*,#3092,.T.);
#4685 = ORIENTED_EDGE('',*,*,#3135,.T.);
#4686 = ORIENTED_EDGE('',*,*,#3149,.F.);
#4687 = ORIENTED_EDGE('',*,*,#3184,.F.);
#4688 = ORIENTED_EDGE('',*,*,#3224,.T.);
#4689 = ORIENTED_EDGE('',*,*,#4690,.T.);
#4690 = EDGE_CURVE('',#3217,#4691,#4693,.T.);
#4691 = VERTEX_POINT('',#4692);
#4692 = CARTESIAN_POINT('',(-4.6,-11.16040365499,6.8));
#4693 = LINE('',#4694,#4695);
#4694 = CARTESIAN_POINT('',(-4.6,-11.16040365499,0.3));
#4695 = VECTOR('',#4696,1.);
#4696 = DIRECTION('',(-0.,-0.,-1.));
#4697 = ORIENTED_EDGE('',*,*,#4698,.F.);
#4698 = EDGE_CURVE('',#4699,#4691,#4701,.T.);
#4699 = VERTEX_POINT('',#4700);
#4700 = CARTESIAN_POINT('',(-3.4,-11.16040365499,6.8));
#4701 = CIRCLE('',#4702,3.216854249492);
#4702 = AXIS2_PLACEMENT_3D('',#4703,#4704,#4705);
#4703 = CARTESIAN_POINT('',(-4.,-8.,6.8));
#4704 = DIRECTION('',(0.,0.,-1.));
#4705 = DIRECTION('',(1.,0.,0.));
#4706 = ORIENTED_EDGE('',*,*,#4707,.F.);
#4707 = EDGE_CURVE('',#4038,#4699,#4708,.T.);
#4708 = LINE('',#4709,#4710);
#4709 = CARTESIAN_POINT('',(-3.4,-11.16040365499,0.3));
#4710 = VECTOR('',#4711,1.);
#4711 = DIRECTION('',(-0.,-0.,-1.));
#4712 = ORIENTED_EDGE('',*,*,#4062,.T.);
#4713 = ORIENTED_EDGE('',*,*,#4085,.T.);
#4714 = ORIENTED_EDGE('',*,*,#4102,.F.);
#4715 = ORIENTED_EDGE('',*,*,#4660,.F.);
#4716 = CYLINDRICAL_SURFACE('',#4717,3.216854249492);
#4717 = AXIS2_PLACEMENT_3D('',#4718,#4719,#4720);
#4718 = CARTESIAN_POINT('',(-4.,-8.,0.3));
#4719 = DIRECTION('',(-0.,-0.,-1.));
#4720 = DIRECTION('',(1.,0.,0.));
#4721 = ADVANCED_FACE('',(#4722),#4740,.F.);
#4722 = FACE_BOUND('',#4723,.F.);
#4723 = EDGE_LOOP('',(#4724,#4725,#4733,#4739));
#4724 = ORIENTED_EDGE('',*,*,#3216,.F.);
#4725 = ORIENTED_EDGE('',*,*,#4726,.T.);
#4726 = EDGE_CURVE('',#3208,#4727,#4729,.T.);
#4727 = VERTEX_POINT('',#4728);
#4728 = CARTESIAN_POINT('',(-4.6,-12.83959634501,6.8));
#4729 = LINE('',#4730,#4731);
#4730 = CARTESIAN_POINT('',(-4.6,-12.83959634501,0.3));
#4731 = VECTOR('',#4732,1.);
#4732 = DIRECTION('',(-0.,-0.,-1.));
#4733 = ORIENTED_EDGE('',*,*,#4734,.T.);
#4734 = EDGE_CURVE('',#4727,#4691,#4735,.T.);
#4735 = LINE('',#4736,#4737);
#4736 = CARTESIAN_POINT('',(-4.6,-23.9,6.8));
#4737 = VECTOR('',#4738,1.);
#4738 = DIRECTION('',(0.,1.,0.));
#4739 = ORIENTED_EDGE('',*,*,#4690,.F.);
#4740 = PLANE('',#4741);
#4741 = AXIS2_PLACEMENT_3D('',#4742,#4743,#4744);
#4742 = CARTESIAN_POINT('',(-4.6,-23.9,6.8));
#4743 = DIRECTION('',(1.,0.,0.));
#4744 = DIRECTION('',(0.,0.,1.));
#4745 = ADVANCED_FACE('',(#4746),#4794,.T.);
#4746 = FACE_BOUND('',#4747,.F.);
#4747 = EDGE_LOOP('',(#4748,#4757,#4763,#4764,#4765,#4766,#4774,#4781,
    #4782,#4783,#4784,#4785,#4786,#4787,#4788,#4789,#4790,#4791,#4792,
    #4793));
#4748 = ORIENTED_EDGE('',*,*,#4749,.F.);
#4749 = EDGE_CURVE('',#4750,#4750,#4752,.T.);
#4750 = VERTEX_POINT('',#4751);
#4751 = CARTESIAN_POINT('',(-0.783145750508,-16.,0.3));
#4752 = CIRCLE('',#4753,3.216854249492);
#4753 = AXIS2_PLACEMENT_3D('',#4754,#4755,#4756);
#4754 = CARTESIAN_POINT('',(-4.,-16.,0.3));
#4755 = DIRECTION('',(0.,0.,1.));
#4756 = DIRECTION('',(1.,0.,0.));
#4757 = ORIENTED_EDGE('',*,*,#4758,.T.);
#4758 = EDGE_CURVE('',#4750,#3979,#4759,.T.);
#4759 = LINE('',#4760,#4761);
#4760 = CARTESIAN_POINT('',(-0.783145750508,-16.,0.3));
#4761 = VECTOR('',#4762,1.);
#4762 = DIRECTION('',(0.,0.,1.));
#4763 = ORIENTED_EDGE('',*,*,#3987,.F.);
#4764 = ORIENTED_EDGE('',*,*,#4012,.F.);
#4765 = ORIENTED_EDGE('',*,*,#4045,.T.);
#4766 = ORIENTED_EDGE('',*,*,#4767,.T.);
#4767 = EDGE_CURVE('',#4036,#4768,#4770,.T.);
#4768 = VERTEX_POINT('',#4769);
#4769 = CARTESIAN_POINT('',(-3.4,-12.83959634501,6.8));
#4770 = LINE('',#4771,#4772);
#4771 = CARTESIAN_POINT('',(-3.4,-12.83959634501,0.3));
#4772 = VECTOR('',#4773,1.);
#4773 = DIRECTION('',(-0.,-0.,-1.));
#4774 = ORIENTED_EDGE('',*,*,#4775,.F.);
#4775 = EDGE_CURVE('',#4727,#4768,#4776,.T.);
#4776 = CIRCLE('',#4777,3.216854249492);
#4777 = AXIS2_PLACEMENT_3D('',#4778,#4779,#4780);
#4778 = CARTESIAN_POINT('',(-4.,-16.,6.8));
#4779 = DIRECTION('',(0.,0.,-1.));
#4780 = DIRECTION('',(1.,0.,0.));
#4781 = ORIENTED_EDGE('',*,*,#4726,.F.);
#4782 = ORIENTED_EDGE('',*,*,#3207,.T.);
#4783 = ORIENTED_EDGE('',*,*,#3250,.T.);
#4784 = ORIENTED_EDGE('',*,*,#3264,.F.);
#4785 = ORIENTED_EDGE('',*,*,#3299,.F.);
#4786 = ORIENTED_EDGE('',*,*,#3323,.T.);
#4787 = ORIENTED_EDGE('',*,*,#4328,.T.);
#4788 = ORIENTED_EDGE('',*,*,#4309,.F.);
#4789 = ORIENTED_EDGE('',*,*,#4286,.F.);
#4790 = ORIENTED_EDGE('',*,*,#3938,.T.);
#4791 = ORIENTED_EDGE('',*,*,#3961,.T.);
#4792 = ORIENTED_EDGE('',*,*,#3978,.F.);
#4793 = ORIENTED_EDGE('',*,*,#4758,.F.);
#4794 = CYLINDRICAL_SURFACE('',#4795,3.216854249492);
#4795 = AXIS2_PLACEMENT_3D('',#4796,#4797,#4798);
#4796 = CARTESIAN_POINT('',(-4.,-16.,0.3));
#4797 = DIRECTION('',(-0.,-0.,-1.));
#4798 = DIRECTION('',(1.,0.,0.));
#4799 = ADVANCED_FACE('',(#4800),#4811,.T.);
#4800 = FACE_BOUND('',#4801,.T.);
#4801 = EDGE_LOOP('',(#4802,#4803,#4804,#4810));
#4802 = ORIENTED_EDGE('',*,*,#3438,.F.);
#4803 = ORIENTED_EDGE('',*,*,#4460,.T.);
#4804 = ORIENTED_EDGE('',*,*,#4805,.T.);
#4805 = EDGE_CURVE('',#4461,#4377,#4806,.T.);
#4806 = LINE('',#4807,#4808);
#4807 = CARTESIAN_POINT('',(-3.4,-23.9,6.8));
#4808 = VECTOR('',#4809,1.);
#4809 = DIRECTION('',(0.,1.,0.));
#4810 = ORIENTED_EDGE('',*,*,#4385,.F.);
#4811 = PLANE('',#4812);
#4812 = AXIS2_PLACEMENT_3D('',#4813,#4814,#4815);
#4813 = CARTESIAN_POINT('',(-3.4,-23.9,6.8));
#4814 = DIRECTION('',(1.,0.,0.));
#4815 = DIRECTION('',(0.,0.,1.));
#4816 = ADVANCED_FACE('',(#4817),#4872,.T.);
#4817 = FACE_BOUND('',#4818,.F.);
#4818 = EDGE_LOOP('',(#4819,#4828,#4834,#4835,#4836,#4837,#4838,#4839,
    #4840,#4841,#4849,#4858,#4864,#4865,#4866,#4867,#4868,#4869,#4870,
    #4871));
#4819 = ORIENTED_EDGE('',*,*,#4820,.F.);
#4820 = EDGE_CURVE('',#4821,#4821,#4823,.T.);
#4821 = VERTEX_POINT('',#4822);
#4822 = CARTESIAN_POINT('',(7.216854249492,8.,0.3));
#4823 = CIRCLE('',#4824,3.216854249492);
#4824 = AXIS2_PLACEMENT_3D('',#4825,#4826,#4827);
#4825 = CARTESIAN_POINT('',(4.,8.,0.3));
#4826 = DIRECTION('',(0.,0.,1.));
#4827 = DIRECTION('',(1.,0.,0.));
#4828 = ORIENTED_EDGE('',*,*,#4829,.T.);
#4829 = EDGE_CURVE('',#4821,#3738,#4830,.T.);
#4830 = LINE('',#4831,#4832);
#4831 = CARTESIAN_POINT('',(7.216854249492,8.,0.3));
#4832 = VECTOR('',#4833,1.);
#4833 = DIRECTION('',(0.,0.,1.));
#4834 = ORIENTED_EDGE('',*,*,#3746,.F.);
#4835 = ORIENTED_EDGE('',*,*,#3771,.F.);
#4836 = ORIENTED_EDGE('',*,*,#3588,.T.);
#4837 = ORIENTED_EDGE('',*,*,#3614,.T.);
#4838 = ORIENTED_EDGE('',*,*,#3637,.F.);
#4839 = ORIENTED_EDGE('',*,*,#3663,.F.);
#4840 = ORIENTED_EDGE('',*,*,#3465,.T.);
#4841 = ORIENTED_EDGE('',*,*,#4842,.T.);
#4842 = EDGE_CURVE('',#3458,#4843,#4845,.T.);
#4843 = VERTEX_POINT('',#4844);
#4844 = CARTESIAN_POINT('',(0.83959634501,8.6,6.8));
#4845 = LINE('',#4846,#4847);
#4846 = CARTESIAN_POINT('',(0.83959634501,8.6,0.3));
#4847 = VECTOR('',#4848,1.);
#4848 = DIRECTION('',(-0.,-0.,-1.));
#4849 = ORIENTED_EDGE('',*,*,#4850,.F.);
#4850 = EDGE_CURVE('',#4851,#4843,#4853,.T.);
#4851 = VERTEX_POINT('',#4852);
#4852 = CARTESIAN_POINT('',(0.83959634501,7.4,6.8));
#4853 = CIRCLE('',#4854,3.216854249492);
#4854 = AXIS2_PLACEMENT_3D('',#4855,#4856,#4857);
#4855 = CARTESIAN_POINT('',(4.,8.,6.8));
#4856 = DIRECTION('',(0.,0.,-1.));
#4857 = DIRECTION('',(1.,0.,0.));
#4858 = ORIENTED_EDGE('',*,*,#4859,.F.);
#4859 = EDGE_CURVE('',#3889,#4851,#4860,.T.);
#4860 = LINE('',#4861,#4862);
#4861 = CARTESIAN_POINT('',(0.83959634501,7.4,0.3));
#4862 = VECTOR('',#4863,1.);
#4863 = DIRECTION('',(-0.,-0.,-1.));
#4864 = ORIENTED_EDGE('',*,*,#3888,.T.);
#4865 = ORIENTED_EDGE('',*,*,#3846,.T.);
#4866 = ORIENTED_EDGE('',*,*,#3819,.F.);
#4867 = ORIENTED_EDGE('',*,*,#3797,.F.);
#4868 = ORIENTED_EDGE('',*,*,#3697,.T.);
#4869 = ORIENTED_EDGE('',*,*,#3720,.T.);
#4870 = ORIENTED_EDGE('',*,*,#3737,.F.);
#4871 = ORIENTED_EDGE('',*,*,#4829,.F.);
#4872 = CYLINDRICAL_SURFACE('',#4873,3.216854249492);
#4873 = AXIS2_PLACEMENT_3D('',#4874,#4875,#4876);
#4874 = CARTESIAN_POINT('',(4.,8.,0.3));
#4875 = DIRECTION('',(-0.,-0.,-1.));
#4876 = DIRECTION('',(1.,0.,0.));
#4877 = ADVANCED_FACE('',(#4878),#4889,.T.);
#4878 = FACE_BOUND('',#4879,.T.);
#4879 = EDGE_LOOP('',(#4880,#4886,#4887,#4888));
#4880 = ORIENTED_EDGE('',*,*,#4881,.F.);
#4881 = EDGE_CURVE('',#4445,#4843,#4882,.T.);
#4882 = LINE('',#4883,#4884);
#4883 = CARTESIAN_POINT('',(-11.9,8.6,6.8));
#4884 = VECTOR('',#4885,1.);
#4885 = DIRECTION('',(1.,0.,0.));
#4886 = ORIENTED_EDGE('',*,*,#4453,.F.);
#4887 = ORIENTED_EDGE('',*,*,#3457,.T.);
#4888 = ORIENTED_EDGE('',*,*,#4842,.T.);
#4889 = PLANE('',#4890);
#4890 = AXIS2_PLACEMENT_3D('',#4891,#4892,#4893);
#4891 = CARTESIAN_POINT('',(-11.9,8.6,6.8));
#4892 = DIRECTION('',(0.,1.,0.));
#4893 = DIRECTION('',(0.,0.,1.));
#4894 = ADVANCED_FACE('',(#4895),#4906,.T.);
#4895 = FACE_BOUND('',#4896,.T.);
#4896 = EDGE_LOOP('',(#4897,#4898,#4899,#4905));
#4897 = ORIENTED_EDGE('',*,*,#3860,.F.);
#4898 = ORIENTED_EDGE('',*,*,#4571,.T.);
#4899 = ORIENTED_EDGE('',*,*,#4900,.T.);
#4900 = EDGE_CURVE('',#4572,#4490,#4901,.T.);
#4901 = LINE('',#4902,#4903);
#4902 = CARTESIAN_POINT('',(-3.4,-23.9,6.8));
#4903 = VECTOR('',#4904,1.);
#4904 = DIRECTION('',(0.,1.,0.));
#4905 = ORIENTED_EDGE('',*,*,#4498,.F.);
#4906 = PLANE('',#4907);
#4907 = AXIS2_PLACEMENT_3D('',#4908,#4909,#4910);
#4908 = CARTESIAN_POINT('',(-3.4,-23.9,6.8));
#4909 = DIRECTION('',(1.,0.,0.));
#4910 = DIRECTION('',(0.,0.,1.));
#4911 = ADVANCED_FACE('',(#4912),#4923,.F.);
#4912 = FACE_BOUND('',#4913,.F.);
#4913 = EDGE_LOOP('',(#4914,#4920,#4921,#4922));
#4914 = ORIENTED_EDGE('',*,*,#4915,.F.);
#4915 = EDGE_CURVE('',#4506,#4851,#4916,.T.);
#4916 = LINE('',#4917,#4918);
#4917 = CARTESIAN_POINT('',(-11.9,7.4,6.8));
#4918 = VECTOR('',#4919,1.);
#4919 = DIRECTION('',(1.,0.,0.));
#4920 = ORIENTED_EDGE('',*,*,#4505,.F.);
#4921 = ORIENTED_EDGE('',*,*,#3897,.T.);
#4922 = ORIENTED_EDGE('',*,*,#4859,.T.);
#4923 = PLANE('',#4924);
#4924 = AXIS2_PLACEMENT_3D('',#4925,#4926,#4927);
#4925 = CARTESIAN_POINT('',(-11.9,7.4,6.8));
#4926 = DIRECTION('',(0.,1.,0.));
#4927 = DIRECTION('',(0.,0.,1.));
#4928 = ADVANCED_FACE('',(#4929),#4940,.T.);
#4929 = FACE_BOUND('',#4930,.T.);
#4930 = EDGE_LOOP('',(#4931,#4932,#4933,#4939));
#4931 = ORIENTED_EDGE('',*,*,#4035,.F.);
#4932 = ORIENTED_EDGE('',*,*,#4767,.T.);
#4933 = ORIENTED_EDGE('',*,*,#4934,.T.);
#4934 = EDGE_CURVE('',#4768,#4699,#4935,.T.);
#4935 = LINE('',#4936,#4937);
#4936 = CARTESIAN_POINT('',(-3.4,-23.9,6.8));
#4937 = VECTOR('',#4938,1.);
#4938 = DIRECTION('',(0.,1.,0.));
#4939 = ORIENTED_EDGE('',*,*,#4707,.F.);
#4940 = PLANE('',#4941);
#4941 = AXIS2_PLACEMENT_3D('',#4942,#4943,#4944);
#4942 = CARTESIAN_POINT('',(-3.4,-23.9,6.8));
#4943 = DIRECTION('',(1.,0.,0.));
#4944 = DIRECTION('',(0.,0.,1.));
#4945 = ADVANCED_FACE('',(#4946),#4957,.T.);
#4946 = FACE_BOUND('',#4947,.T.);
#4947 = EDGE_LOOP('',(#4948,#4949,#4950,#4956));
#4948 = ORIENTED_EDGE('',*,*,#4159,.F.);
#4949 = ORIENTED_EDGE('',*,*,#4669,.T.);
#4950 = ORIENTED_EDGE('',*,*,#4951,.T.);
#4951 = EDGE_CURVE('',#4670,#4601,#4952,.T.);
#4952 = LINE('',#4953,#4954);
#4953 = CARTESIAN_POINT('',(-3.4,-23.9,6.8));
#4954 = VECTOR('',#4955,1.);
#4955 = DIRECTION('',(0.,1.,0.));
#4956 = ORIENTED_EDGE('',*,*,#4609,.F.);
#4957 = PLANE('',#4958);
#4958 = AXIS2_PLACEMENT_3D('',#4959,#4960,#4961);
#4959 = CARTESIAN_POINT('',(-3.4,-23.9,6.8));
#4960 = DIRECTION('',(1.,0.,0.));
#4961 = DIRECTION('',(0.,0.,1.));
#4962 = ADVANCED_FACE('',(#4963),#4982,.T.);
#4963 = FACE_BOUND('',#4964,.T.);
#4964 = EDGE_LOOP('',(#4965,#4966,#4974,#4981));
#4965 = ORIENTED_EDGE('',*,*,#4342,.F.);
#4966 = ORIENTED_EDGE('',*,*,#4967,.F.);
#4967 = EDGE_CURVE('',#4968,#4343,#4970,.T.);
#4968 = VERTEX_POINT('',#4969);
#4969 = CARTESIAN_POINT('',(-0.983145750508,16.,0.));
#4970 = LINE('',#4971,#4972);
#4971 = CARTESIAN_POINT('',(-0.983145750508,16.,0.));
#4972 = VECTOR('',#4973,1.);
#4973 = DIRECTION('',(0.554700196225,-1.358623639587E-16,0.832050294338)
  );
#4974 = ORIENTED_EDGE('',*,*,#4975,.T.);
#4975 = EDGE_CURVE('',#4968,#4968,#4976,.T.);
#4976 = CIRCLE('',#4977,3.016854249492);
#4977 = AXIS2_PLACEMENT_3D('',#4978,#4979,#4980);
#4978 = CARTESIAN_POINT('',(-4.,16.,0.));
#4979 = DIRECTION('',(0.,0.,1.));
#4980 = DIRECTION('',(1.,0.,0.));
#4981 = ORIENTED_EDGE('',*,*,#4967,.T.);
#4982 = CONICAL_SURFACE('',#4983,3.016854249492,0.588002603548);
#4983 = AXIS2_PLACEMENT_3D('',#4984,#4985,#4986);
#4984 = CARTESIAN_POINT('',(-4.,16.,0.));
#4985 = DIRECTION('',(0.,0.,1.));
#4986 = DIRECTION('',(1.,0.,0.));
#4987 = ADVANCED_FACE('',(#4988),#4994,.T.);
#4988 = FACE_BOUND('',#4989,.T.);
#4989 = EDGE_LOOP('',(#4990,#4991,#4992,#4993));
#4990 = ORIENTED_EDGE('',*,*,#4468,.F.);
#4991 = ORIENTED_EDGE('',*,*,#4412,.T.);
#4992 = ORIENTED_EDGE('',*,*,#4376,.F.);
#4993 = ORIENTED_EDGE('',*,*,#4805,.F.);
#4994 = PLANE('',#4995);
#4995 = AXIS2_PLACEMENT_3D('',#4996,#4997,#4998);
#4996 = CARTESIAN_POINT('',(-5.758418177516E-16,-1.228462544537E-17,6.8)
  );
#4997 = DIRECTION('',(-0.,-0.,-1.));
#4998 = DIRECTION('',(-1.,0.,0.));
#4999 = ADVANCED_FACE('',(#5000),#5019,.T.);
#5000 = FACE_BOUND('',#5001,.T.);
#5001 = EDGE_LOOP('',(#5002,#5003,#5011,#5018));
#5002 = ORIENTED_EDGE('',*,*,#4427,.F.);
#5003 = ORIENTED_EDGE('',*,*,#5004,.F.);
#5004 = EDGE_CURVE('',#5005,#4428,#5007,.T.);
#5005 = VERTEX_POINT('',#5006);
#5006 = CARTESIAN_POINT('',(-0.983145750508,8.,0.));
#5007 = LINE('',#5008,#5009);
#5008 = CARTESIAN_POINT('',(-0.983145750508,8.,0.));
#5009 = VECTOR('',#5010,1.);
#5010 = DIRECTION('',(0.554700196225,-1.358623639587E-16,0.832050294338)
  );
#5011 = ORIENTED_EDGE('',*,*,#5012,.T.);
#5012 = EDGE_CURVE('',#5005,#5005,#5013,.T.);
#5013 = CIRCLE('',#5014,3.016854249492);
#5014 = AXIS2_PLACEMENT_3D('',#5015,#5016,#5017);
#5015 = CARTESIAN_POINT('',(-4.,8.,0.));
#5016 = DIRECTION('',(0.,0.,1.));
#5017 = DIRECTION('',(1.,0.,0.));
#5018 = ORIENTED_EDGE('',*,*,#5004,.T.);
#5019 = CONICAL_SURFACE('',#5020,3.016854249492,0.588002603548);
#5020 = AXIS2_PLACEMENT_3D('',#5021,#5022,#5023);
#5021 = CARTESIAN_POINT('',(-4.,8.,0.));
#5022 = DIRECTION('',(0.,0.,1.));
#5023 = DIRECTION('',(1.,0.,0.));
#5024 = ADVANCED_FACE('',(#5025),#5032,.T.);
#5025 = FACE_BOUND('',#5026,.T.);
#5026 = EDGE_LOOP('',(#5027,#5028,#5029,#5030,#5031));
#5027 = ORIENTED_EDGE('',*,*,#4915,.F.);
#5028 = ORIENTED_EDGE('',*,*,#4513,.F.);
#5029 = ORIENTED_EDGE('',*,*,#4444,.F.);
#5030 = ORIENTED_EDGE('',*,*,#4881,.T.);
#5031 = ORIENTED_EDGE('',*,*,#4850,.F.);
#5032 = PLANE('',#5033);
#5033 = AXIS2_PLACEMENT_3D('',#5034,#5035,#5036);
#5034 = CARTESIAN_POINT('',(-5.758418177516E-16,-1.228462544537E-17,6.8)
  );
#5035 = DIRECTION('',(-0.,-0.,-1.));
#5036 = DIRECTION('',(-1.,0.,0.));
#5037 = ADVANCED_FACE('',(#5038),#5044,.T.);
#5038 = FACE_BOUND('',#5039,.T.);
#5039 = EDGE_LOOP('',(#5040,#5041,#5042,#5043));
#5040 = ORIENTED_EDGE('',*,*,#4579,.F.);
#5041 = ORIENTED_EDGE('',*,*,#4538,.T.);
#5042 = ORIENTED_EDGE('',*,*,#4489,.F.);
#5043 = ORIENTED_EDGE('',*,*,#4900,.F.);
#5044 = PLANE('',#5045);
#5045 = AXIS2_PLACEMENT_3D('',#5046,#5047,#5048);
#5046 = CARTESIAN_POINT('',(-5.758418177516E-16,-1.228462544537E-17,6.8)
  );
#5047 = DIRECTION('',(-0.,-0.,-1.));
#5048 = DIRECTION('',(-1.,0.,0.));
#5049 = ADVANCED_FACE('',(#5050),#5069,.T.);
#5050 = FACE_BOUND('',#5051,.T.);
#5051 = EDGE_LOOP('',(#5052,#5053,#5061,#5068));
#5052 = ORIENTED_EDGE('',*,*,#4553,.F.);
#5053 = ORIENTED_EDGE('',*,*,#5054,.F.);
#5054 = EDGE_CURVE('',#5055,#4554,#5057,.T.);
#5055 = VERTEX_POINT('',#5056);
#5056 = CARTESIAN_POINT('',(-0.983145750508,-7.38916180027E-16,0.));
#5057 = LINE('',#5058,#5059);
#5058 = CARTESIAN_POINT('',(-0.983145750508,-7.38916180027E-16,0.));
#5059 = VECTOR('',#5060,1.);
#5060 = DIRECTION('',(0.554700196225,-1.358623639587E-16,0.832050294338)
  );
#5061 = ORIENTED_EDGE('',*,*,#5062,.T.);
#5062 = EDGE_CURVE('',#5055,#5055,#5063,.T.);
#5063 = CIRCLE('',#5064,3.016854249492);
#5064 = AXIS2_PLACEMENT_3D('',#5065,#5066,#5067);
#5065 = CARTESIAN_POINT('',(-4.,0.,0.));
#5066 = DIRECTION('',(0.,0.,1.));
#5067 = DIRECTION('',(1.,0.,0.));
#5068 = ORIENTED_EDGE('',*,*,#5054,.T.);
#5069 = CONICAL_SURFACE('',#5070,3.016854249492,0.588002603548);
#5070 = AXIS2_PLACEMENT_3D('',#5071,#5072,#5073);
#5071 = CARTESIAN_POINT('',(-4.,0.,0.));
#5072 = DIRECTION('',(0.,0.,1.));
#5073 = DIRECTION('',(1.,0.,0.));
#5074 = ADVANCED_FACE('',(#5075),#5081,.T.);
#5075 = FACE_BOUND('',#5076,.T.);
#5076 = EDGE_LOOP('',(#5077,#5078,#5079,#5080));
#5077 = ORIENTED_EDGE('',*,*,#4677,.F.);
#5078 = ORIENTED_EDGE('',*,*,#4636,.T.);
#5079 = ORIENTED_EDGE('',*,*,#4600,.F.);
#5080 = ORIENTED_EDGE('',*,*,#4951,.F.);
#5081 = PLANE('',#5082);
#5082 = AXIS2_PLACEMENT_3D('',#5083,#5084,#5085);
#5083 = CARTESIAN_POINT('',(-5.758418177516E-16,-1.228462544537E-17,6.8)
  );
#5084 = DIRECTION('',(-0.,-0.,-1.));
#5085 = DIRECTION('',(-1.,0.,0.));
#5086 = ADVANCED_FACE('',(#5087),#5106,.T.);
#5087 = FACE_BOUND('',#5088,.T.);
#5088 = EDGE_LOOP('',(#5089,#5090,#5098,#5105));
#5089 = ORIENTED_EDGE('',*,*,#4651,.F.);
#5090 = ORIENTED_EDGE('',*,*,#5091,.F.);
#5091 = EDGE_CURVE('',#5092,#4652,#5094,.T.);
#5092 = VERTEX_POINT('',#5093);
#5093 = CARTESIAN_POINT('',(-0.983145750508,-8.,0.));
#5094 = LINE('',#5095,#5096);
#5095 = CARTESIAN_POINT('',(-0.983145750508,-8.,0.));
#5096 = VECTOR('',#5097,1.);
#5097 = DIRECTION('',(0.554700196225,-1.358623639587E-16,0.832050294338)
  );
#5098 = ORIENTED_EDGE('',*,*,#5099,.T.);
#5099 = EDGE_CURVE('',#5092,#5092,#5100,.T.);
#5100 = CIRCLE('',#5101,3.016854249492);
#5101 = AXIS2_PLACEMENT_3D('',#5102,#5103,#5104);
#5102 = CARTESIAN_POINT('',(-4.,-8.,0.));
#5103 = DIRECTION('',(0.,0.,1.));
#5104 = DIRECTION('',(1.,0.,0.));
#5105 = ORIENTED_EDGE('',*,*,#5091,.T.);
#5106 = CONICAL_SURFACE('',#5107,3.016854249492,0.588002603548);
#5107 = AXIS2_PLACEMENT_3D('',#5108,#5109,#5110);
#5108 = CARTESIAN_POINT('',(-4.,-8.,0.));
#5109 = DIRECTION('',(0.,0.,1.));
#5110 = DIRECTION('',(1.,0.,0.));
#5111 = ADVANCED_FACE('',(#5112),#5118,.T.);
#5112 = FACE_BOUND('',#5113,.T.);
#5113 = EDGE_LOOP('',(#5114,#5115,#5116,#5117));
#5114 = ORIENTED_EDGE('',*,*,#4775,.F.);
#5115 = ORIENTED_EDGE('',*,*,#4734,.T.);
#5116 = ORIENTED_EDGE('',*,*,#4698,.F.);
#5117 = ORIENTED_EDGE('',*,*,#4934,.F.);
#5118 = PLANE('',#5119);
#5119 = AXIS2_PLACEMENT_3D('',#5120,#5121,#5122);
#5120 = CARTESIAN_POINT('',(-5.758418177516E-16,-1.228462544537E-17,6.8)
  );
#5121 = DIRECTION('',(-0.,-0.,-1.));
#5122 = DIRECTION('',(-1.,0.,0.));
#5123 = ADVANCED_FACE('',(#5124),#5143,.T.);
#5124 = FACE_BOUND('',#5125,.T.);
#5125 = EDGE_LOOP('',(#5126,#5127,#5135,#5142));
#5126 = ORIENTED_EDGE('',*,*,#4749,.F.);
#5127 = ORIENTED_EDGE('',*,*,#5128,.F.);
#5128 = EDGE_CURVE('',#5129,#4750,#5131,.T.);
#5129 = VERTEX_POINT('',#5130);
#5130 = CARTESIAN_POINT('',(-0.983145750508,-16.,0.));
#5131 = LINE('',#5132,#5133);
#5132 = CARTESIAN_POINT('',(-0.983145750508,-16.,0.));
#5133 = VECTOR('',#5134,1.);
#5134 = DIRECTION('',(0.554700196225,-1.358623639587E-16,0.832050294338)
  );
#5135 = ORIENTED_EDGE('',*,*,#5136,.T.);
#5136 = EDGE_CURVE('',#5129,#5129,#5137,.T.);
#5137 = CIRCLE('',#5138,3.016854249492);
#5138 = AXIS2_PLACEMENT_3D('',#5139,#5140,#5141);
#5139 = CARTESIAN_POINT('',(-4.,-16.,0.));
#5140 = DIRECTION('',(0.,0.,1.));
#5141 = DIRECTION('',(1.,0.,0.));
#5142 = ORIENTED_EDGE('',*,*,#5128,.T.);
#5143 = CONICAL_SURFACE('',#5144,3.016854249492,0.588002603548);
#5144 = AXIS2_PLACEMENT_3D('',#5145,#5146,#5147);
#5145 = CARTESIAN_POINT('',(-4.,-16.,0.));
#5146 = DIRECTION('',(0.,0.,1.));
#5147 = DIRECTION('',(1.,0.,0.));
#5148 = ADVANCED_FACE('',(#5149),#5168,.T.);
#5149 = FACE_BOUND('',#5150,.T.);
#5150 = EDGE_LOOP('',(#5151,#5152,#5160,#5167));
#5151 = ORIENTED_EDGE('',*,*,#4820,.F.);
#5152 = ORIENTED_EDGE('',*,*,#5153,.F.);
#5153 = EDGE_CURVE('',#5154,#4821,#5156,.T.);
#5154 = VERTEX_POINT('',#5155);
#5155 = CARTESIAN_POINT('',(7.016854249492,8.,0.));
#5156 = LINE('',#5157,#5158);
#5157 = CARTESIAN_POINT('',(7.016854249492,8.,0.));
#5158 = VECTOR('',#5159,1.);
#5159 = DIRECTION('',(0.554700196225,-1.358623639587E-16,0.832050294338)
  );
#5160 = ORIENTED_EDGE('',*,*,#5161,.T.);
#5161 = EDGE_CURVE('',#5154,#5154,#5162,.T.);
#5162 = CIRCLE('',#5163,3.016854249492);
#5163 = AXIS2_PLACEMENT_3D('',#5164,#5165,#5166);
#5164 = CARTESIAN_POINT('',(4.,8.,0.));
#5165 = DIRECTION('',(0.,0.,1.));
#5166 = DIRECTION('',(1.,0.,0.));
#5167 = ORIENTED_EDGE('',*,*,#5153,.T.);
#5168 = CONICAL_SURFACE('',#5169,3.016854249492,0.588002603548);
#5169 = AXIS2_PLACEMENT_3D('',#5170,#5171,#5172);
#5170 = CARTESIAN_POINT('',(4.,8.,0.));
#5171 = DIRECTION('',(0.,0.,1.));
#5172 = DIRECTION('',(1.,0.,0.));
#5173 = ADVANCED_FACE('',(#5174,#5177),#5188,.F.);
#5174 = FACE_BOUND('',#5175,.F.);
#5175 = EDGE_LOOP('',(#5176));
#5176 = ORIENTED_EDGE('',*,*,#4975,.T.);
#5177 = FACE_BOUND('',#5178,.F.);
#5178 = EDGE_LOOP('',(#5179));
#5179 = ORIENTED_EDGE('',*,*,#5180,.F.);
#5180 = EDGE_CURVE('',#5181,#5181,#5183,.T.);
#5181 = VERTEX_POINT('',#5182);
#5182 = CARTESIAN_POINT('',(-2.4,16.,0.));
#5183 = CIRCLE('',#5184,1.6);
#5184 = AXIS2_PLACEMENT_3D('',#5185,#5186,#5187);
#5185 = CARTESIAN_POINT('',(-4.,16.,0.));
#5186 = DIRECTION('',(0.,0.,1.));
#5187 = DIRECTION('',(1.,0.,0.));
#5188 = PLANE('',#5189);
#5189 = AXIS2_PLACEMENT_3D('',#5190,#5191,#5192);
#5190 = CARTESIAN_POINT('',(-4.,16.,0.));
#5191 = DIRECTION('',(0.,0.,1.));
#5192 = DIRECTION('',(1.,0.,0.));
#5193 = ADVANCED_FACE('',(#5194,#5197),#5208,.F.);
#5194 = FACE_BOUND('',#5195,.F.);
#5195 = EDGE_LOOP('',(#5196));
#5196 = ORIENTED_EDGE('',*,*,#5012,.T.);
#5197 = FACE_BOUND('',#5198,.F.);
#5198 = EDGE_LOOP('',(#5199));
#5199 = ORIENTED_EDGE('',*,*,#5200,.F.);
#5200 = EDGE_CURVE('',#5201,#5201,#5203,.T.);
#5201 = VERTEX_POINT('',#5202);
#5202 = CARTESIAN_POINT('',(-2.4,8.,0.));
#5203 = CIRCLE('',#5204,1.6);
#5204 = AXIS2_PLACEMENT_3D('',#5205,#5206,#5207);
#5205 = CARTESIAN_POINT('',(-4.,8.,0.));
#5206 = DIRECTION('',(0.,0.,1.));
#5207 = DIRECTION('',(1.,0.,0.));
#5208 = PLANE('',#5209);
#5209 = AXIS2_PLACEMENT_3D('',#5210,#5211,#5212);
#5210 = CARTESIAN_POINT('',(-4.,8.,0.));
#5211 = DIRECTION('',(0.,0.,1.));
#5212 = DIRECTION('',(1.,0.,0.));
#5213 = ADVANCED_FACE('',(#5214,#5217),#5228,.F.);
#5214 = FACE_BOUND('',#5215,.F.);
#5215 = EDGE_LOOP('',(#5216));
#5216 = ORIENTED_EDGE('',*,*,#5062,.T.);
#5217 = FACE_BOUND('',#5218,.F.);
#5218 = EDGE_LOOP('',(#5219));
#5219 = ORIENTED_EDGE('',*,*,#5220,.F.);
#5220 = EDGE_CURVE('',#5221,#5221,#5223,.T.);
#5221 = VERTEX_POINT('',#5222);
#5222 = CARTESIAN_POINT('',(-2.4,-3.918869757272E-16,0.));
#5223 = CIRCLE('',#5224,1.6);
#5224 = AXIS2_PLACEMENT_3D('',#5225,#5226,#5227);
#5225 = CARTESIAN_POINT('',(-4.,0.,0.));
#5226 = DIRECTION('',(0.,0.,1.));
#5227 = DIRECTION('',(1.,0.,0.));
#5228 = PLANE('',#5229);
#5229 = AXIS2_PLACEMENT_3D('',#5230,#5231,#5232);
#5230 = CARTESIAN_POINT('',(-4.,0.,0.));
#5231 = DIRECTION('',(0.,0.,1.));
#5232 = DIRECTION('',(1.,0.,0.));
#5233 = ADVANCED_FACE('',(#5234,#5237),#5248,.F.);
#5234 = FACE_BOUND('',#5235,.F.);
#5235 = EDGE_LOOP('',(#5236));
#5236 = ORIENTED_EDGE('',*,*,#5099,.T.);
#5237 = FACE_BOUND('',#5238,.F.);
#5238 = EDGE_LOOP('',(#5239));
#5239 = ORIENTED_EDGE('',*,*,#5240,.F.);
#5240 = EDGE_CURVE('',#5241,#5241,#5243,.T.);
#5241 = VERTEX_POINT('',#5242);
#5242 = CARTESIAN_POINT('',(-2.4,-8.,0.));
#5243 = CIRCLE('',#5244,1.6);
#5244 = AXIS2_PLACEMENT_3D('',#5245,#5246,#5247);
#5245 = CARTESIAN_POINT('',(-4.,-8.,0.));
#5246 = DIRECTION('',(0.,0.,1.));
#5247 = DIRECTION('',(1.,0.,0.));
#5248 = PLANE('',#5249);
#5249 = AXIS2_PLACEMENT_3D('',#5250,#5251,#5252);
#5250 = CARTESIAN_POINT('',(-4.,-8.,0.));
#5251 = DIRECTION('',(0.,0.,1.));
#5252 = DIRECTION('',(1.,0.,0.));
#5253 = ADVANCED_FACE('',(#5254,#5257),#5268,.F.);
#5254 = FACE_BOUND('',#5255,.F.);
#5255 = EDGE_LOOP('',(#5256));
#5256 = ORIENTED_EDGE('',*,*,#5136,.T.);
#5257 = FACE_BOUND('',#5258,.F.);
#5258 = EDGE_LOOP('',(#5259));
#5259 = ORIENTED_EDGE('',*,*,#5260,.F.);
#5260 = EDGE_CURVE('',#5261,#5261,#5263,.T.);
#5261 = VERTEX_POINT('',#5262);
#5262 = CARTESIAN_POINT('',(-2.4,-16.,0.));
#5263 = CIRCLE('',#5264,1.6);
#5264 = AXIS2_PLACEMENT_3D('',#5265,#5266,#5267);
#5265 = CARTESIAN_POINT('',(-4.,-16.,0.));
#5266 = DIRECTION('',(0.,0.,1.));
#5267 = DIRECTION('',(1.,0.,0.));
#5268 = PLANE('',#5269);
#5269 = AXIS2_PLACEMENT_3D('',#5270,#5271,#5272);
#5270 = CARTESIAN_POINT('',(-4.,-16.,0.));
#5271 = DIRECTION('',(0.,0.,1.));
#5272 = DIRECTION('',(1.,0.,0.));
#5273 = ADVANCED_FACE('',(#5274,#5277),#5288,.F.);
#5274 = FACE_BOUND('',#5275,.F.);
#5275 = EDGE_LOOP('',(#5276));
#5276 = ORIENTED_EDGE('',*,*,#5161,.T.);
#5277 = FACE_BOUND('',#5278,.F.);
#5278 = EDGE_LOOP('',(#5279));
#5279 = ORIENTED_EDGE('',*,*,#5280,.F.);
#5280 = EDGE_CURVE('',#5281,#5281,#5283,.T.);
#5281 = VERTEX_POINT('',#5282);
#5282 = CARTESIAN_POINT('',(5.6,8.,0.));
#5283 = CIRCLE('',#5284,1.6);
#5284 = AXIS2_PLACEMENT_3D('',#5285,#5286,#5287);
#5285 = CARTESIAN_POINT('',(4.,8.,0.));
#5286 = DIRECTION('',(0.,0.,1.));
#5287 = DIRECTION('',(1.,0.,0.));
#5288 = PLANE('',#5289);
#5289 = AXIS2_PLACEMENT_3D('',#5290,#5291,#5292);
#5290 = CARTESIAN_POINT('',(4.,8.,0.));
#5291 = DIRECTION('',(0.,0.,1.));
#5292 = DIRECTION('',(1.,0.,0.));
#5293 = ADVANCED_FACE('',(#5294),#5313,.F.);
#5294 = FACE_BOUND('',#5295,.T.);
#5295 = EDGE_LOOP('',(#5296,#5304,#5311,#5312));
#5296 = ORIENTED_EDGE('',*,*,#5297,.T.);
#5297 = EDGE_CURVE('',#5181,#5298,#5300,.T.);
#5298 = VERTEX_POINT('',#5299);
#5299 = CARTESIAN_POINT('',(-2.4,16.,8.));
#5300 = LINE('',#5301,#5302);
#5301 = CARTESIAN_POINT('',(-2.4,16.,0.));
#5302 = VECTOR('',#5303,1.);
#5303 = DIRECTION('',(0.,0.,1.));
#5304 = ORIENTED_EDGE('',*,*,#5305,.T.);
#5305 = EDGE_CURVE('',#5298,#5298,#5306,.T.);
#5306 = CIRCLE('',#5307,1.6);
#5307 = AXIS2_PLACEMENT_3D('',#5308,#5309,#5310);
#5308 = CARTESIAN_POINT('',(-4.,16.,8.));
#5309 = DIRECTION('',(0.,0.,1.));
#5310 = DIRECTION('',(1.,0.,0.));
#5311 = ORIENTED_EDGE('',*,*,#5297,.F.);
#5312 = ORIENTED_EDGE('',*,*,#5180,.F.);
#5313 = CYLINDRICAL_SURFACE('',#5314,1.6);
#5314 = AXIS2_PLACEMENT_3D('',#5315,#5316,#5317);
#5315 = CARTESIAN_POINT('',(-4.,16.,0.));
#5316 = DIRECTION('',(-0.,-0.,-1.));
#5317 = DIRECTION('',(1.,0.,0.));
#5318 = ADVANCED_FACE('',(#5319),#5338,.F.);
#5319 = FACE_BOUND('',#5320,.T.);
#5320 = EDGE_LOOP('',(#5321,#5329,#5336,#5337));
#5321 = ORIENTED_EDGE('',*,*,#5322,.T.);
#5322 = EDGE_CURVE('',#5201,#5323,#5325,.T.);
#5323 = VERTEX_POINT('',#5324);
#5324 = CARTESIAN_POINT('',(-2.4,8.,8.));
#5325 = LINE('',#5326,#5327);
#5326 = CARTESIAN_POINT('',(-2.4,8.,0.));
#5327 = VECTOR('',#5328,1.);
#5328 = DIRECTION('',(0.,0.,1.));
#5329 = ORIENTED_EDGE('',*,*,#5330,.T.);
#5330 = EDGE_CURVE('',#5323,#5323,#5331,.T.);
#5331 = CIRCLE('',#5332,1.6);
#5332 = AXIS2_PLACEMENT_3D('',#5333,#5334,#5335);
#5333 = CARTESIAN_POINT('',(-4.,8.,8.));
#5334 = DIRECTION('',(0.,0.,1.));
#5335 = DIRECTION('',(1.,0.,0.));
#5336 = ORIENTED_EDGE('',*,*,#5322,.F.);
#5337 = ORIENTED_EDGE('',*,*,#5200,.F.);
#5338 = CYLINDRICAL_SURFACE('',#5339,1.6);
#5339 = AXIS2_PLACEMENT_3D('',#5340,#5341,#5342);
#5340 = CARTESIAN_POINT('',(-4.,8.,0.));
#5341 = DIRECTION('',(-0.,-0.,-1.));
#5342 = DIRECTION('',(1.,0.,0.));
#5343 = ADVANCED_FACE('',(#5344),#5363,.F.);
#5344 = FACE_BOUND('',#5345,.T.);
#5345 = EDGE_LOOP('',(#5346,#5354,#5361,#5362));
#5346 = ORIENTED_EDGE('',*,*,#5347,.T.);
#5347 = EDGE_CURVE('',#5221,#5348,#5350,.T.);
#5348 = VERTEX_POINT('',#5349);
#5349 = CARTESIAN_POINT('',(-2.4,-3.918869757272E-16,8.));
#5350 = LINE('',#5351,#5352);
#5351 = CARTESIAN_POINT('',(-2.4,-3.918869757272E-16,0.));
#5352 = VECTOR('',#5353,1.);
#5353 = DIRECTION('',(0.,0.,1.));
#5354 = ORIENTED_EDGE('',*,*,#5355,.T.);
#5355 = EDGE_CURVE('',#5348,#5348,#5356,.T.);
#5356 = CIRCLE('',#5357,1.6);
#5357 = AXIS2_PLACEMENT_3D('',#5358,#5359,#5360);
#5358 = CARTESIAN_POINT('',(-4.,0.,8.));
#5359 = DIRECTION('',(0.,0.,1.));
#5360 = DIRECTION('',(1.,0.,0.));
#5361 = ORIENTED_EDGE('',*,*,#5347,.F.);
#5362 = ORIENTED_EDGE('',*,*,#5220,.F.);
#5363 = CYLINDRICAL_SURFACE('',#5364,1.6);
#5364 = AXIS2_PLACEMENT_3D('',#5365,#5366,#5367);
#5365 = CARTESIAN_POINT('',(-4.,0.,0.));
#5366 = DIRECTION('',(-0.,-0.,-1.));
#5367 = DIRECTION('',(1.,0.,0.));
#5368 = ADVANCED_FACE('',(#5369),#5388,.F.);
#5369 = FACE_BOUND('',#5370,.T.);
#5370 = EDGE_LOOP('',(#5371,#5379,#5386,#5387));
#5371 = ORIENTED_EDGE('',*,*,#5372,.T.);
#5372 = EDGE_CURVE('',#5241,#5373,#5375,.T.);
#5373 = VERTEX_POINT('',#5374);
#5374 = CARTESIAN_POINT('',(-2.4,-8.,8.));
#5375 = LINE('',#5376,#5377);
#5376 = CARTESIAN_POINT('',(-2.4,-8.,0.));
#5377 = VECTOR('',#5378,1.);
#5378 = DIRECTION('',(0.,0.,1.));
#5379 = ORIENTED_EDGE('',*,*,#5380,.T.);
#5380 = EDGE_CURVE('',#5373,#5373,#5381,.T.);
#5381 = CIRCLE('',#5382,1.6);
#5382 = AXIS2_PLACEMENT_3D('',#5383,#5384,#5385);
#5383 = CARTESIAN_POINT('',(-4.,-8.,8.));
#5384 = DIRECTION('',(0.,0.,1.));
#5385 = DIRECTION('',(1.,0.,0.));
#5386 = ORIENTED_EDGE('',*,*,#5372,.F.);
#5387 = ORIENTED_EDGE('',*,*,#5240,.F.);
#5388 = CYLINDRICAL_SURFACE('',#5389,1.6);
#5389 = AXIS2_PLACEMENT_3D('',#5390,#5391,#5392);
#5390 = CARTESIAN_POINT('',(-4.,-8.,0.));
#5391 = DIRECTION('',(-0.,-0.,-1.));
#5392 = DIRECTION('',(1.,0.,0.));
#5393 = ADVANCED_FACE('',(#5394),#5413,.F.);
#5394 = FACE_BOUND('',#5395,.T.);
#5395 = EDGE_LOOP('',(#5396,#5404,#5411,#5412));
#5396 = ORIENTED_EDGE('',*,*,#5397,.T.);
#5397 = EDGE_CURVE('',#5261,#5398,#5400,.T.);
#5398 = VERTEX_POINT('',#5399);
#5399 = CARTESIAN_POINT('',(-2.4,-16.,8.));
#5400 = LINE('',#5401,#5402);
#5401 = CARTESIAN_POINT('',(-2.4,-16.,0.));
#5402 = VECTOR('',#5403,1.);
#5403 = DIRECTION('',(0.,0.,1.));
#5404 = ORIENTED_EDGE('',*,*,#5405,.T.);
#5405 = EDGE_CURVE('',#5398,#5398,#5406,.T.);
#5406 = CIRCLE('',#5407,1.6);
#5407 = AXIS2_PLACEMENT_3D('',#5408,#5409,#5410);
#5408 = CARTESIAN_POINT('',(-4.,-16.,8.));
#5409 = DIRECTION('',(0.,0.,1.));
#5410 = DIRECTION('',(1.,0.,0.));
#5411 = ORIENTED_EDGE('',*,*,#5397,.F.);
#5412 = ORIENTED_EDGE('',*,*,#5260,.F.);
#5413 = CYLINDRICAL_SURFACE('',#5414,1.6);
#5414 = AXIS2_PLACEMENT_3D('',#5415,#5416,#5417);
#5415 = CARTESIAN_POINT('',(-4.,-16.,0.));
#5416 = DIRECTION('',(-0.,-0.,-1.));
#5417 = DIRECTION('',(1.,0.,0.));
#5418 = ADVANCED_FACE('',(#5419),#5438,.F.);
#5419 = FACE_BOUND('',#5420,.T.);
#5420 = EDGE_LOOP('',(#5421,#5429,#5436,#5437));
#5421 = ORIENTED_EDGE('',*,*,#5422,.T.);
#5422 = EDGE_CURVE('',#5281,#5423,#5425,.T.);
#5423 = VERTEX_POINT('',#5424);
#5424 = CARTESIAN_POINT('',(5.6,8.,8.));
#5425 = LINE('',#5426,#5427);
#5426 = CARTESIAN_POINT('',(5.6,8.,0.));
#5427 = VECTOR('',#5428,1.);
#5428 = DIRECTION('',(0.,0.,1.));
#5429 = ORIENTED_EDGE('',*,*,#5430,.T.);
#5430 = EDGE_CURVE('',#5423,#5423,#5431,.T.);
#5431 = CIRCLE('',#5432,1.6);
#5432 = AXIS2_PLACEMENT_3D('',#5433,#5434,#5435);
#5433 = CARTESIAN_POINT('',(4.,8.,8.));
#5434 = DIRECTION('',(0.,0.,1.));
#5435 = DIRECTION('',(1.,0.,0.));
#5436 = ORIENTED_EDGE('',*,*,#5422,.F.);
#5437 = ORIENTED_EDGE('',*,*,#5280,.F.);
#5438 = CYLINDRICAL_SURFACE('',#5439,1.6);
#5439 = AXIS2_PLACEMENT_3D('',#5440,#5441,#5442);
#5440 = CARTESIAN_POINT('',(4.,8.,0.));
#5441 = DIRECTION('',(-0.,-0.,-1.));
#5442 = DIRECTION('',(1.,0.,0.));
#5443 = ADVANCED_FACE('',(#5444),#5447,.F.);
#5444 = FACE_BOUND('',#5445,.T.);
#5445 = EDGE_LOOP('',(#5446));
#5446 = ORIENTED_EDGE('',*,*,#5305,.F.);
#5447 = PLANE('',#5448);
#5448 = AXIS2_PLACEMENT_3D('',#5449,#5450,#5451);
#5449 = CARTESIAN_POINT('',(-4.,16.,8.));
#5450 = DIRECTION('',(0.,0.,1.));
#5451 = DIRECTION('',(1.,0.,0.));
#5452 = ADVANCED_FACE('',(#5453),#5456,.F.);
#5453 = FACE_BOUND('',#5454,.T.);
#5454 = EDGE_LOOP('',(#5455));
#5455 = ORIENTED_EDGE('',*,*,#5330,.F.);
#5456 = PLANE('',#5457);
#5457 = AXIS2_PLACEMENT_3D('',#5458,#5459,#5460);
#5458 = CARTESIAN_POINT('',(-4.,8.,8.));
#5459 = DIRECTION('',(0.,0.,1.));
#5460 = DIRECTION('',(1.,0.,0.));
#5461 = ADVANCED_FACE('',(#5462),#5465,.F.);
#5462 = FACE_BOUND('',#5463,.T.);
#5463 = EDGE_LOOP('',(#5464));
#5464 = ORIENTED_EDGE('',*,*,#5355,.F.);
#5465 = PLANE('',#5466);
#5466 = AXIS2_PLACEMENT_3D('',#5467,#5468,#5469);
#5467 = CARTESIAN_POINT('',(-4.,0.,8.));
#5468 = DIRECTION('',(0.,0.,1.));
#5469 = DIRECTION('',(1.,0.,0.));
#5470 = ADVANCED_FACE('',(#5471),#5474,.F.);
#5471 = FACE_BOUND('',#5472,.T.);
#5472 = EDGE_LOOP('',(#5473));
#5473 = ORIENTED_EDGE('',*,*,#5380,.F.);
#5474 = PLANE('',#5475);
#5475 = AXIS2_PLACEMENT_3D('',#5476,#5477,#5478);
#5476 = CARTESIAN_POINT('',(-4.,-8.,8.));
#5477 = DIRECTION('',(0.,0.,1.));
#5478 = DIRECTION('',(1.,0.,0.));
#5479 = ADVANCED_FACE('',(#5480),#5483,.F.);
#5480 = FACE_BOUND('',#5481,.T.);
#5481 = EDGE_LOOP('',(#5482));
#5482 = ORIENTED_EDGE('',*,*,#5405,.F.);
#5483 = PLANE('',#5484);
#5484 = AXIS2_PLACEMENT_3D('',#5485,#5486,#5487);
#5485 = CARTESIAN_POINT('',(-4.,-16.,8.));
#5486 = DIRECTION('',(0.,0.,1.));
#5487 = DIRECTION('',(1.,0.,0.));
#5488 = ADVANCED_FACE('',(#5489),#5492,.F.);
#5489 = FACE_BOUND('',#5490,.T.);
#5490 = EDGE_LOOP('',(#5491));
#5491 = ORIENTED_EDGE('',*,*,#5430,.F.);
#5492 = PLANE('',#5493);
#5493 = AXIS2_PLACEMENT_3D('',#5494,#5495,#5496);
#5494 = CARTESIAN_POINT('',(4.,8.,8.));
#5495 = DIRECTION('',(0.,0.,1.));
#5496 = DIRECTION('',(1.,0.,0.));
#5497 = ( GEOMETRIC_REPRESENTATION_CONTEXT(3) 
GLOBAL_UNCERTAINTY_ASSIGNED_CONTEXT((#5501)) 
GLOBAL_UNIT_ASSIGNED_CONTEXT((#5498,#5499,#5500)) REPRESENTATION_CONTEXT
('Context #1','3D Context with UNIT and UNCERTAINTY') );
#5498 = ( LENGTH_UNIT() NAMED_UNIT(*) SI_UNIT(.MILLI.,.METRE.) );
#5499 = ( NAMED_UNIT(*) PLANE_ANGLE_UNIT() SI_UNIT($,.RADIAN.) );
#5500 = ( NAMED_UNIT(*) SI_UNIT($,.STERADIAN.) SOLID_ANGLE_UNIT() );
#5501 = UNCERTAINTY_MEASURE_WITH_UNIT(LENGTH_MEASURE(5.E-06),#5498,
  'distance_accuracy_value','confusion accuracy');
#5502 = PRODUCT_RELATED_PRODUCT_CATEGORY('part',$,(#7));
ENDSEC;
END-ISO-10303-21;
