ISO-10303-21;
HEADER;
FILE_DESCRIPTION(('FreeCAD Model'),'2;1');
FILE_NAME('Open CASCADE Shape Model','2026-09-20T21:16:32',('FreeCAD'),(
    'FreeCAD'),'Open CASCADE STEP processor 7.8','FreeCAD','Unknown');
FILE_SCHEMA(('AUTOMOTIVE_DESIGN { 1 0 10303 214 1 1 1 1 }'));
ENDSEC;
DATA;
#1 = APPLICATION_PROTOCOL_DEFINITION('international standard',
  'automotive_design',2000,#2);
#2 = APPLICATION_CONTEXT(
  'core data for automotive mechanical design processes');
#3 = SHAPE_DEFINITION_REPRESENTATION(#4,#10);
#4 = PRODUCT_DEFINITION_SHAPE('','',#5);
#5 = PRODUCT_DEFINITION('design','',#6,#9);
#6 = PRODUCT_DEFINITION_FORMATION('','',#7);
#7 = PRODUCT('Open CASCADE STEP translator 7.8 117',
  'Open CASCADE STEP translator 7.8 117','',(#8));
#8 = PRODUCT_CONTEXT('',#2,'mechanical');
#9 = PRODUCT_DEFINITION_CONTEXT('part definition',#2,'design');
#10 = ADVANCED_BREP_SHAPE_REPRESENTATION('',(#11,#15),#7700);
#11 = AXIS2_PLACEMENT_3D('',#12,#13,#14);
#12 = CARTESIAN_POINT('',(0.,0.,0.));
#13 = DIRECTION('',(0.,0.,1.));
#14 = DIRECTION('',(1.,0.,-0.));
#15 = MANIFOLD_SOLID_BREP('',#16);
#16 = CLOSED_SHELL('',(#17,#50,#334,#359,#390,#414,#438,#462,#486,#510,
    #534,#551,#576,#601,#626,#651,#676,#701,#726,#751,#776,#801,#826,
    #851,#876,#901,#926,#951,#976,#1001,#1026,#1035,#1325,#1350,#1375,
    #1400,#1425,#1450,#1475,#1500,#1525,#1550,#1575,#1600,#1625,#1650,
    #1675,#1700,#1725,#1750,#1775,#1800,#1829,#1852,#1875,#1898,#1921,
    #1944,#1967,#1990,#2013,#2036,#2059,#2082,#2105,#2128,#2151,#2174,
    #2197,#2220,#2243,#2266,#2289,#2312,#2335,#2358,#2381,#2404,#2427,
    #2450,#2473,#2496,#2519,#2542,#2565,#2582,#2591,#2600,#2609,#2618,
    #2627,#2636,#2645,#2654,#2663,#2672,#2681,#2690,#2699,#2708,#2717,
    #2726,#2735,#2744,#2753,#2954,#3042,#3133,#3189,#3315,#3403,#3562,
    #3611,#3644,#3668,#3693,#3717,#3759,#3783,#3808,#3832,#3874,#3898,
    #3923,#3947,#3989,#4013,#4038,#4062,#4104,#4128,#4153,#4177,#4203,
    #4270,#4294,#4319,#4343,#4385,#4409,#4434,#4451,#4484,#4508,#4533,
    #4557,#4599,#4623,#4648,#4665,#4698,#4722,#4747,#4764,#4797,#4821,
    #4855,#4879,#4921,#4945,#4979,#5003,#5045,#5069,#5103,#5120,#5144,
    #5169,#5193,#5235,#5259,#5284,#5308,#5368,#5401,#5425,#5459,#5483,
    #5525,#5549,#5583,#5607,#5649,#5673,#5707,#5731,#5773,#5797,#5831,
    #5848,#5872,#5897,#5914,#6003,#6027,#6101,#6125,#6199,#6223,#6297,
    #6321,#6375,#6456,#6480,#6554,#6578,#6660,#6677,#6738,#6755,#6772,
    #6789,#6806,#6823,#6840,#6857,#6874,#6891,#6916,#6929,#6941,#6966,
    #6978,#7003,#7015,#7040,#7052,#7077,#7102,#7114,#7126,#7151,#7164,
    #7189,#7214,#7234,#7254,#7274,#7294,#7314,#7334,#7354,#7374,#7394,
    #7419,#7444,#7469,#7494,#7519,#7544,#7569,#7594,#7619,#7628,#7637,
    #7646,#7655,#7664,#7673,#7682,#7691));
#17 = ADVANCED_FACE('',(#18),#45,.T.);
#18 = FACE_BOUND('',#19,.F.);
#19 = EDGE_LOOP('',(#20,#30,#37,#38));
#20 = ORIENTED_EDGE('',*,*,#21,.T.);
#21 = EDGE_CURVE('',#22,#24,#26,.T.);
#22 = VERTEX_POINT('',#23);
#23 = CARTESIAN_POINT('',(-9.6,-28.,9.6));
#24 = VERTEX_POINT('',#25);
#25 = CARTESIAN_POINT('',(-9.6,-28.,11.15));
#26 = LINE('',#27,#28);
#27 = CARTESIAN_POINT('',(-9.6,-28.,9.6));
#28 = VECTOR('',#29,1.);
#29 = DIRECTION('',(0.,0.,1.));
#30 = ORIENTED_EDGE('',*,*,#31,.T.);
#31 = EDGE_CURVE('',#24,#24,#32,.T.);
#32 = CIRCLE('',#33,2.4);
#33 = AXIS2_PLACEMENT_3D('',#34,#35,#36);
#34 = CARTESIAN_POINT('',(-12.,-28.,11.15));
#35 = DIRECTION('',(0.,0.,1.));
#36 = DIRECTION('',(1.,0.,0.));
#37 = ORIENTED_EDGE('',*,*,#21,.F.);
#38 = ORIENTED_EDGE('',*,*,#39,.F.);
#39 = EDGE_CURVE('',#22,#22,#40,.T.);
#40 = CIRCLE('',#41,2.4);
#41 = AXIS2_PLACEMENT_3D('',#42,#43,#44);
#42 = CARTESIAN_POINT('',(-12.,-28.,9.6));
#43 = DIRECTION('',(0.,0.,1.));
#44 = DIRECTION('',(1.,0.,0.));
#45 = CYLINDRICAL_SURFACE('',#46,2.4);
#46 = AXIS2_PLACEMENT_3D('',#47,#48,#49);
#47 = CARTESIAN_POINT('',(-12.,-28.,9.6));
#48 = DIRECTION('',(-0.,-0.,-1.));
#49 = DIRECTION('',(1.,0.,0.));
#50 = ADVANCED_FACE('',(#51,#117,#120,#131,#142,#153,#164,#175,#186,#197
    ,#208,#219,#230,#241,#252,#263,#274,#285,#296,#307,#318),#329,.T.);
#51 = FACE_BOUND('',#52,.T.);
#52 = EDGE_LOOP('',(#53,#63,#71,#79,#87,#95,#103,#111));
#53 = ORIENTED_EDGE('',*,*,#54,.F.);
#54 = EDGE_CURVE('',#55,#57,#59,.T.);
#55 = VERTEX_POINT('',#56);
#56 = CARTESIAN_POINT('',(-15.9,-31.9,9.6));
#57 = VERTEX_POINT('',#58);
#58 = CARTESIAN_POINT('',(-15.9,15.9,9.6));
#59 = LINE('',#60,#61);
#60 = CARTESIAN_POINT('',(-15.9,-31.9,9.6));
#61 = VECTOR('',#62,1.);
#62 = DIRECTION('',(0.,1.,0.));
#63 = ORIENTED_EDGE('',*,*,#64,.T.);
#64 = EDGE_CURVE('',#55,#65,#67,.T.);
#65 = VERTEX_POINT('',#66);
#66 = CARTESIAN_POINT('',(-1.E-01,-31.9,9.6));
#67 = LINE('',#68,#69);
#68 = CARTESIAN_POINT('',(-15.9,-31.9,9.6));
#69 = VECTOR('',#70,1.);
#70 = DIRECTION('',(1.,0.,0.));
#71 = ORIENTED_EDGE('',*,*,#72,.T.);
#72 = EDGE_CURVE('',#65,#73,#75,.T.);
#73 = VERTEX_POINT('',#74);
#74 = CARTESIAN_POINT('',(-1.E-01,1.E-01,9.6));
#75 = LINE('',#76,#77);
#76 = CARTESIAN_POINT('',(-1.E-01,-31.9,9.6));
#77 = VECTOR('',#78,1.);
#78 = DIRECTION('',(0.,1.,0.));
#79 = ORIENTED_EDGE('',*,*,#80,.T.);
#80 = EDGE_CURVE('',#73,#81,#83,.T.);
#81 = VERTEX_POINT('',#82);
#82 = CARTESIAN_POINT('',(15.9,0.1,9.6));
#83 = LINE('',#84,#85);
#84 = CARTESIAN_POINT('',(-15.9,0.1,9.6));
#85 = VECTOR('',#86,1.);
#86 = DIRECTION('',(1.,0.,0.));
#87 = ORIENTED_EDGE('',*,*,#88,.T.);
#88 = EDGE_CURVE('',#81,#89,#91,.T.);
#89 = VERTEX_POINT('',#90);
#90 = CARTESIAN_POINT('',(15.9,31.9,9.6));
#91 = LINE('',#92,#93);
#92 = CARTESIAN_POINT('',(15.9,0.1,9.6));
#93 = VECTOR('',#94,1.);
#94 = DIRECTION('',(0.,1.,0.));
#95 = ORIENTED_EDGE('',*,*,#96,.F.);
#96 = EDGE_CURVE('',#97,#89,#99,.T.);
#97 = VERTEX_POINT('',#98);
#98 = CARTESIAN_POINT('',(0.1,31.9,9.6));
#99 = LINE('',#100,#101);
#100 = CARTESIAN_POINT('',(0.1,31.9,9.6));
#101 = VECTOR('',#102,1.);
#102 = DIRECTION('',(1.,0.,0.));
#103 = ORIENTED_EDGE('',*,*,#104,.F.);
#104 = EDGE_CURVE('',#105,#97,#107,.T.);
#105 = VERTEX_POINT('',#106);
#106 = CARTESIAN_POINT('',(0.1,15.9,9.6));
#107 = LINE('',#108,#109);
#108 = CARTESIAN_POINT('',(0.1,24.1,9.6));
#109 = VECTOR('',#110,1.);
#110 = DIRECTION('',(0.,1.,0.));
#111 = ORIENTED_EDGE('',*,*,#112,.F.);
#112 = EDGE_CURVE('',#57,#105,#113,.T.);
#113 = LINE('',#114,#115);
#114 = CARTESIAN_POINT('',(-15.9,15.9,9.6));
#115 = VECTOR('',#116,1.);
#116 = DIRECTION('',(1.,0.,0.));
#117 = FACE_BOUND('',#118,.T.);
#118 = EDGE_LOOP('',(#119));
#119 = ORIENTED_EDGE('',*,*,#39,.F.);
#120 = FACE_BOUND('',#121,.T.);
#121 = EDGE_LOOP('',(#122));
#122 = ORIENTED_EDGE('',*,*,#123,.F.);
#123 = EDGE_CURVE('',#124,#124,#126,.T.);
#124 = VERTEX_POINT('',#125);
#125 = CARTESIAN_POINT('',(-9.6,-20.,9.6));
#126 = CIRCLE('',#127,2.4);
#127 = AXIS2_PLACEMENT_3D('',#128,#129,#130);
#128 = CARTESIAN_POINT('',(-12.,-20.,9.6));
#129 = DIRECTION('',(0.,0.,1.));
#130 = DIRECTION('',(1.,0.,0.));
#131 = FACE_BOUND('',#132,.T.);
#132 = EDGE_LOOP('',(#133));
#133 = ORIENTED_EDGE('',*,*,#134,.F.);
#134 = EDGE_CURVE('',#135,#135,#137,.T.);
#135 = VERTEX_POINT('',#136);
#136 = CARTESIAN_POINT('',(-1.6,-28.,9.6));
#137 = CIRCLE('',#138,2.4);
#138 = AXIS2_PLACEMENT_3D('',#139,#140,#141);
#139 = CARTESIAN_POINT('',(-4.,-28.,9.6));
#140 = DIRECTION('',(0.,0.,1.));
#141 = DIRECTION('',(1.,0.,0.));
#142 = FACE_BOUND('',#143,.T.);
#143 = EDGE_LOOP('',(#144));
#144 = ORIENTED_EDGE('',*,*,#145,.F.);
#145 = EDGE_CURVE('',#146,#146,#148,.T.);
#146 = VERTEX_POINT('',#147);
#147 = CARTESIAN_POINT('',(-1.6,-20.,9.6));
#148 = CIRCLE('',#149,2.4);
#149 = AXIS2_PLACEMENT_3D('',#150,#151,#152);
#150 = CARTESIAN_POINT('',(-4.,-20.,9.6));
#151 = DIRECTION('',(0.,0.,1.));
#152 = DIRECTION('',(1.,0.,0.));
#153 = FACE_BOUND('',#154,.T.);
#154 = EDGE_LOOP('',(#155));
#155 = ORIENTED_EDGE('',*,*,#156,.F.);
#156 = EDGE_CURVE('',#157,#157,#159,.T.);
#157 = VERTEX_POINT('',#158);
#158 = CARTESIAN_POINT('',(-9.6,-12.,9.6));
#159 = CIRCLE('',#160,2.4);
#160 = AXIS2_PLACEMENT_3D('',#161,#162,#163);
#161 = CARTESIAN_POINT('',(-12.,-12.,9.6));
#162 = DIRECTION('',(0.,0.,1.));
#163 = DIRECTION('',(1.,0.,0.));
#164 = FACE_BOUND('',#165,.T.);
#165 = EDGE_LOOP('',(#166));
#166 = ORIENTED_EDGE('',*,*,#167,.F.);
#167 = EDGE_CURVE('',#168,#168,#170,.T.);
#168 = VERTEX_POINT('',#169);
#169 = CARTESIAN_POINT('',(-9.6,-4.,9.6));
#170 = CIRCLE('',#171,2.4);
#171 = AXIS2_PLACEMENT_3D('',#172,#173,#174);
#172 = CARTESIAN_POINT('',(-12.,-4.,9.6));
#173 = DIRECTION('',(0.,0.,1.));
#174 = DIRECTION('',(1.,0.,0.));
#175 = FACE_BOUND('',#176,.T.);
#176 = EDGE_LOOP('',(#177));
#177 = ORIENTED_EDGE('',*,*,#178,.F.);
#178 = EDGE_CURVE('',#179,#179,#181,.T.);
#179 = VERTEX_POINT('',#180);
#180 = CARTESIAN_POINT('',(-1.6,-12.,9.6));
#181 = CIRCLE('',#182,2.4);
#182 = AXIS2_PLACEMENT_3D('',#183,#184,#185);
#183 = CARTESIAN_POINT('',(-4.,-12.,9.6));
#184 = DIRECTION('',(0.,0.,1.));
#185 = DIRECTION('',(1.,0.,0.));
#186 = FACE_BOUND('',#187,.T.);
#187 = EDGE_LOOP('',(#188));
#188 = ORIENTED_EDGE('',*,*,#189,.F.);
#189 = EDGE_CURVE('',#190,#190,#192,.T.);
#190 = VERTEX_POINT('',#191);
#191 = CARTESIAN_POINT('',(-1.6,-4.,9.6));
#192 = CIRCLE('',#193,2.4);
#193 = AXIS2_PLACEMENT_3D('',#194,#195,#196);
#194 = CARTESIAN_POINT('',(-4.,-4.,9.6));
#195 = DIRECTION('',(0.,0.,1.));
#196 = DIRECTION('',(1.,0.,0.));
#197 = FACE_BOUND('',#198,.T.);
#198 = EDGE_LOOP('',(#199));
#199 = ORIENTED_EDGE('',*,*,#200,.F.);
#200 = EDGE_CURVE('',#201,#201,#203,.T.);
#201 = VERTEX_POINT('',#202);
#202 = CARTESIAN_POINT('',(-9.6,4.,9.6));
#203 = CIRCLE('',#204,2.4);
#204 = AXIS2_PLACEMENT_3D('',#205,#206,#207);
#205 = CARTESIAN_POINT('',(-12.,4.,9.6));
#206 = DIRECTION('',(0.,0.,1.));
#207 = DIRECTION('',(1.,0.,0.));
#208 = FACE_BOUND('',#209,.T.);
#209 = EDGE_LOOP('',(#210));
#210 = ORIENTED_EDGE('',*,*,#211,.F.);
#211 = EDGE_CURVE('',#212,#212,#214,.T.);
#212 = VERTEX_POINT('',#213);
#213 = CARTESIAN_POINT('',(-9.6,12.,9.6));
#214 = CIRCLE('',#215,2.4);
#215 = AXIS2_PLACEMENT_3D('',#216,#217,#218);
#216 = CARTESIAN_POINT('',(-12.,12.,9.6));
#217 = DIRECTION('',(0.,0.,1.));
#218 = DIRECTION('',(1.,0.,0.));
#219 = FACE_BOUND('',#220,.T.);
#220 = EDGE_LOOP('',(#221));
#221 = ORIENTED_EDGE('',*,*,#222,.F.);
#222 = EDGE_CURVE('',#223,#223,#225,.T.);
#223 = VERTEX_POINT('',#224);
#224 = CARTESIAN_POINT('',(-1.6,4.,9.6));
#225 = CIRCLE('',#226,2.4);
#226 = AXIS2_PLACEMENT_3D('',#227,#228,#229);
#227 = CARTESIAN_POINT('',(-4.,4.,9.6));
#228 = DIRECTION('',(0.,0.,1.));
#229 = DIRECTION('',(1.,0.,0.));
#230 = FACE_BOUND('',#231,.T.);
#231 = EDGE_LOOP('',(#232));
#232 = ORIENTED_EDGE('',*,*,#233,.F.);
#233 = EDGE_CURVE('',#234,#234,#236,.T.);
#234 = VERTEX_POINT('',#235);
#235 = CARTESIAN_POINT('',(-1.6,12.,9.6));
#236 = CIRCLE('',#237,2.4);
#237 = AXIS2_PLACEMENT_3D('',#238,#239,#240);
#238 = CARTESIAN_POINT('',(-4.,12.,9.6));
#239 = DIRECTION('',(0.,0.,1.));
#240 = DIRECTION('',(1.,0.,0.));
#241 = FACE_BOUND('',#242,.T.);
#242 = EDGE_LOOP('',(#243));
#243 = ORIENTED_EDGE('',*,*,#244,.F.);
#244 = EDGE_CURVE('',#245,#245,#247,.T.);
#245 = VERTEX_POINT('',#246);
#246 = CARTESIAN_POINT('',(6.4,4.,9.6));
#247 = CIRCLE('',#248,2.4);
#248 = AXIS2_PLACEMENT_3D('',#249,#250,#251);
#249 = CARTESIAN_POINT('',(4.,4.,9.6));
#250 = DIRECTION('',(0.,0.,1.));
#251 = DIRECTION('',(1.,0.,0.));
#252 = FACE_BOUND('',#253,.T.);
#253 = EDGE_LOOP('',(#254));
#254 = ORIENTED_EDGE('',*,*,#255,.F.);
#255 = EDGE_CURVE('',#256,#256,#258,.T.);
#256 = VERTEX_POINT('',#257);
#257 = CARTESIAN_POINT('',(6.4,12.,9.6));
#258 = CIRCLE('',#259,2.4);
#259 = AXIS2_PLACEMENT_3D('',#260,#261,#262);
#260 = CARTESIAN_POINT('',(4.,12.,9.6));
#261 = DIRECTION('',(0.,0.,1.));
#262 = DIRECTION('',(1.,0.,0.));
#263 = FACE_BOUND('',#264,.T.);
#264 = EDGE_LOOP('',(#265));
#265 = ORIENTED_EDGE('',*,*,#266,.F.);
#266 = EDGE_CURVE('',#267,#267,#269,.T.);
#267 = VERTEX_POINT('',#268);
#268 = CARTESIAN_POINT('',(14.4,4.,9.6));
#269 = CIRCLE('',#270,2.4);
#270 = AXIS2_PLACEMENT_3D('',#271,#272,#273);
#271 = CARTESIAN_POINT('',(12.,4.,9.6));
#272 = DIRECTION('',(0.,0.,1.));
#273 = DIRECTION('',(1.,0.,0.));
#274 = FACE_BOUND('',#275,.T.);
#275 = EDGE_LOOP('',(#276));
#276 = ORIENTED_EDGE('',*,*,#277,.F.);
#277 = EDGE_CURVE('',#278,#278,#280,.T.);
#278 = VERTEX_POINT('',#279);
#279 = CARTESIAN_POINT('',(14.4,12.,9.6));
#280 = CIRCLE('',#281,2.4);
#281 = AXIS2_PLACEMENT_3D('',#282,#283,#284);
#282 = CARTESIAN_POINT('',(12.,12.,9.6));
#283 = DIRECTION('',(0.,0.,1.));
#284 = DIRECTION('',(1.,0.,0.));
#285 = FACE_BOUND('',#286,.T.);
#286 = EDGE_LOOP('',(#287));
#287 = ORIENTED_EDGE('',*,*,#288,.F.);
#288 = EDGE_CURVE('',#289,#289,#291,.T.);
#289 = VERTEX_POINT('',#290);
#290 = CARTESIAN_POINT('',(6.4,20.,9.6));
#291 = CIRCLE('',#292,2.4);
#292 = AXIS2_PLACEMENT_3D('',#293,#294,#295);
#293 = CARTESIAN_POINT('',(4.,20.,9.6));
#294 = DIRECTION('',(0.,0.,1.));
#295 = DIRECTION('',(1.,0.,0.));
#296 = FACE_BOUND('',#297,.T.);
#297 = EDGE_LOOP('',(#298));
#298 = ORIENTED_EDGE('',*,*,#299,.F.);
#299 = EDGE_CURVE('',#300,#300,#302,.T.);
#300 = VERTEX_POINT('',#301);
#301 = CARTESIAN_POINT('',(6.4,28.,9.6));
#302 = CIRCLE('',#303,2.4);
#303 = AXIS2_PLACEMENT_3D('',#304,#305,#306);
#304 = CARTESIAN_POINT('',(4.,28.,9.6));
#305 = DIRECTION('',(0.,0.,1.));
#306 = DIRECTION('',(1.,0.,0.));
#307 = FACE_BOUND('',#308,.T.);
#308 = EDGE_LOOP('',(#309));
#309 = ORIENTED_EDGE('',*,*,#310,.F.);
#310 = EDGE_CURVE('',#311,#311,#313,.T.);
#311 = VERTEX_POINT('',#312);
#312 = CARTESIAN_POINT('',(14.4,20.,9.6));
#313 = CIRCLE('',#314,2.4);
#314 = AXIS2_PLACEMENT_3D('',#315,#316,#317);
#315 = CARTESIAN_POINT('',(12.,20.,9.6));
#316 = DIRECTION('',(0.,0.,1.));
#317 = DIRECTION('',(1.,0.,0.));
#318 = FACE_BOUND('',#319,.T.);
#319 = EDGE_LOOP('',(#320));
#320 = ORIENTED_EDGE('',*,*,#321,.F.);
#321 = EDGE_CURVE('',#322,#322,#324,.T.);
#322 = VERTEX_POINT('',#323);
#323 = CARTESIAN_POINT('',(14.4,28.,9.6));
#324 = CIRCLE('',#325,2.4);
#325 = AXIS2_PLACEMENT_3D('',#326,#327,#328);
#326 = CARTESIAN_POINT('',(12.,28.,9.6));
#327 = DIRECTION('',(0.,0.,1.));
#328 = DIRECTION('',(1.,0.,0.));
#329 = PLANE('',#330);
#330 = AXIS2_PLACEMENT_3D('',#331,#332,#333);
#331 = CARTESIAN_POINT('',(-1.338912133891,1.338912133891,9.6));
#332 = DIRECTION('',(0.,0.,1.));
#333 = DIRECTION('',(1.,0.,0.));
#334 = ADVANCED_FACE('',(#335),#354,.T.);
#335 = FACE_BOUND('',#336,.T.);
#336 = EDGE_LOOP('',(#337,#346,#352,#353));
#337 = ORIENTED_EDGE('',*,*,#338,.F.);
#338 = EDGE_CURVE('',#339,#339,#341,.T.);
#339 = VERTEX_POINT('',#340);
#340 = CARTESIAN_POINT('',(-9.85,-28.,11.4));
#341 = CIRCLE('',#342,2.15);
#342 = AXIS2_PLACEMENT_3D('',#343,#344,#345);
#343 = CARTESIAN_POINT('',(-12.,-28.,11.4));
#344 = DIRECTION('',(0.,0.,1.));
#345 = DIRECTION('',(1.,0.,0.));
#346 = ORIENTED_EDGE('',*,*,#347,.F.);
#347 = EDGE_CURVE('',#24,#339,#348,.T.);
#348 = LINE('',#349,#350);
#349 = CARTESIAN_POINT('',(-9.6,-28.,11.15));
#350 = VECTOR('',#351,1.);
#351 = DIRECTION('',(-0.707106781187,1.731912112471E-16,0.707106781187)
  );
#352 = ORIENTED_EDGE('',*,*,#31,.T.);
#353 = ORIENTED_EDGE('',*,*,#347,.T.);
#354 = CONICAL_SURFACE('',#355,2.4,0.785398163397);
#355 = AXIS2_PLACEMENT_3D('',#356,#357,#358);
#356 = CARTESIAN_POINT('',(-12.,-28.,11.15));
#357 = DIRECTION('',(-0.,-0.,-1.));
#358 = DIRECTION('',(1.,0.,0.));
#359 = ADVANCED_FACE('',(#360),#385,.T.);
#360 = FACE_BOUND('',#361,.T.);
#361 = EDGE_LOOP('',(#362,#370,#371,#379));
#362 = ORIENTED_EDGE('',*,*,#363,.T.);
#363 = EDGE_CURVE('',#364,#55,#366,.T.);
#364 = VERTEX_POINT('',#365);
#365 = CARTESIAN_POINT('',(-15.9,-31.9,0.));
#366 = LINE('',#367,#368);
#367 = CARTESIAN_POINT('',(-15.9,-31.9,0.));
#368 = VECTOR('',#369,1.);
#369 = DIRECTION('',(0.,0.,1.));
#370 = ORIENTED_EDGE('',*,*,#54,.T.);
#371 = ORIENTED_EDGE('',*,*,#372,.F.);
#372 = EDGE_CURVE('',#373,#57,#375,.T.);
#373 = VERTEX_POINT('',#374);
#374 = CARTESIAN_POINT('',(-15.9,15.9,0.));
#375 = LINE('',#376,#377);
#376 = CARTESIAN_POINT('',(-15.9,15.9,0.));
#377 = VECTOR('',#378,1.);
#378 = DIRECTION('',(0.,0.,1.));
#379 = ORIENTED_EDGE('',*,*,#380,.F.);
#380 = EDGE_CURVE('',#364,#373,#381,.T.);
#381 = LINE('',#382,#383);
#382 = CARTESIAN_POINT('',(-15.9,8.1,0.));
#383 = VECTOR('',#384,1.);
#384 = DIRECTION('',(0.,1.,0.));
#385 = PLANE('',#386);
#386 = AXIS2_PLACEMENT_3D('',#387,#388,#389);
#387 = CARTESIAN_POINT('',(-15.9,-8.,4.8));
#388 = DIRECTION('',(-1.,-0.,-0.));
#389 = DIRECTION('',(0.,0.,-1.));
#390 = ADVANCED_FACE('',(#391),#409,.F.);
#391 = FACE_BOUND('',#392,.F.);
#392 = EDGE_LOOP('',(#393,#401,#402,#403));
#393 = ORIENTED_EDGE('',*,*,#394,.F.);
#394 = EDGE_CURVE('',#364,#395,#397,.T.);
#395 = VERTEX_POINT('',#396);
#396 = CARTESIAN_POINT('',(-1.E-01,-31.9,0.));
#397 = LINE('',#398,#399);
#398 = CARTESIAN_POINT('',(-15.9,-31.9,0.));
#399 = VECTOR('',#400,1.);
#400 = DIRECTION('',(1.,0.,0.));
#401 = ORIENTED_EDGE('',*,*,#363,.T.);
#402 = ORIENTED_EDGE('',*,*,#64,.T.);
#403 = ORIENTED_EDGE('',*,*,#404,.F.);
#404 = EDGE_CURVE('',#395,#65,#405,.T.);
#405 = LINE('',#406,#407);
#406 = CARTESIAN_POINT('',(-1.E-01,-31.9,0.));
#407 = VECTOR('',#408,1.);
#408 = DIRECTION('',(0.,0.,1.));
#409 = PLANE('',#410);
#410 = AXIS2_PLACEMENT_3D('',#411,#412,#413);
#411 = CARTESIAN_POINT('',(-15.9,-31.9,0.));
#412 = DIRECTION('',(0.,1.,0.));
#413 = DIRECTION('',(0.,0.,1.));
#414 = ADVANCED_FACE('',(#415),#433,.T.);
#415 = FACE_BOUND('',#416,.T.);
#416 = EDGE_LOOP('',(#417,#425,#426,#427));
#417 = ORIENTED_EDGE('',*,*,#418,.F.);
#418 = EDGE_CURVE('',#373,#419,#421,.T.);
#419 = VERTEX_POINT('',#420);
#420 = CARTESIAN_POINT('',(0.1,15.9,0.));
#421 = LINE('',#422,#423);
#422 = CARTESIAN_POINT('',(-15.9,15.9,0.));
#423 = VECTOR('',#424,1.);
#424 = DIRECTION('',(1.,0.,0.));
#425 = ORIENTED_EDGE('',*,*,#372,.T.);
#426 = ORIENTED_EDGE('',*,*,#112,.T.);
#427 = ORIENTED_EDGE('',*,*,#428,.F.);
#428 = EDGE_CURVE('',#419,#105,#429,.T.);
#429 = LINE('',#430,#431);
#430 = CARTESIAN_POINT('',(0.1,15.9,0.));
#431 = VECTOR('',#432,1.);
#432 = DIRECTION('',(0.,0.,1.));
#433 = PLANE('',#434);
#434 = AXIS2_PLACEMENT_3D('',#435,#436,#437);
#435 = CARTESIAN_POINT('',(-15.9,15.9,0.));
#436 = DIRECTION('',(0.,1.,0.));
#437 = DIRECTION('',(0.,0.,1.));
#438 = ADVANCED_FACE('',(#439),#457,.T.);
#439 = FACE_BOUND('',#440,.T.);
#440 = EDGE_LOOP('',(#441,#442,#450,#456));
#441 = ORIENTED_EDGE('',*,*,#404,.F.);
#442 = ORIENTED_EDGE('',*,*,#443,.T.);
#443 = EDGE_CURVE('',#395,#444,#446,.T.);
#444 = VERTEX_POINT('',#445);
#445 = CARTESIAN_POINT('',(-1.E-01,1.E-01,0.));
#446 = LINE('',#447,#448);
#447 = CARTESIAN_POINT('',(-1.E-01,-0.1,0.));
#448 = VECTOR('',#449,1.);
#449 = DIRECTION('',(0.,1.,0.));
#450 = ORIENTED_EDGE('',*,*,#451,.T.);
#451 = EDGE_CURVE('',#444,#73,#452,.T.);
#452 = LINE('',#453,#454);
#453 = CARTESIAN_POINT('',(-1.E-01,1.E-01,0.));
#454 = VECTOR('',#455,1.);
#455 = DIRECTION('',(0.,0.,1.));
#456 = ORIENTED_EDGE('',*,*,#72,.F.);
#457 = PLANE('',#458);
#458 = AXIS2_PLACEMENT_3D('',#459,#460,#461);
#459 = CARTESIAN_POINT('',(-1.E-01,-15.9,4.8));
#460 = DIRECTION('',(1.,0.,0.));
#461 = DIRECTION('',(0.,0.,1.));
#462 = ADVANCED_FACE('',(#463),#481,.T.);
#463 = FACE_BOUND('',#464,.T.);
#464 = EDGE_LOOP('',(#465,#466,#467,#475));
#465 = ORIENTED_EDGE('',*,*,#428,.T.);
#466 = ORIENTED_EDGE('',*,*,#104,.T.);
#467 = ORIENTED_EDGE('',*,*,#468,.F.);
#468 = EDGE_CURVE('',#469,#97,#471,.T.);
#469 = VERTEX_POINT('',#470);
#470 = CARTESIAN_POINT('',(0.1,31.9,0.));
#471 = LINE('',#472,#473);
#472 = CARTESIAN_POINT('',(0.1,31.9,0.));
#473 = VECTOR('',#474,1.);
#474 = DIRECTION('',(0.,0.,1.));
#475 = ORIENTED_EDGE('',*,*,#476,.F.);
#476 = EDGE_CURVE('',#419,#469,#477,.T.);
#477 = LINE('',#478,#479);
#478 = CARTESIAN_POINT('',(0.1,15.9,0.));
#479 = VECTOR('',#480,1.);
#480 = DIRECTION('',(0.,1.,0.));
#481 = PLANE('',#482);
#482 = AXIS2_PLACEMENT_3D('',#483,#484,#485);
#483 = CARTESIAN_POINT('',(0.1,23.9,4.8));
#484 = DIRECTION('',(-1.,-0.,-0.));
#485 = DIRECTION('',(0.,0.,-1.));
#486 = ADVANCED_FACE('',(#487),#505,.F.);
#487 = FACE_BOUND('',#488,.F.);
#488 = EDGE_LOOP('',(#489,#497,#498,#499));
#489 = ORIENTED_EDGE('',*,*,#490,.F.);
#490 = EDGE_CURVE('',#444,#491,#493,.T.);
#491 = VERTEX_POINT('',#492);
#492 = CARTESIAN_POINT('',(15.9,0.1,0.));
#493 = LINE('',#494,#495);
#494 = CARTESIAN_POINT('',(-15.9,0.1,0.));
#495 = VECTOR('',#496,1.);
#496 = DIRECTION('',(1.,0.,0.));
#497 = ORIENTED_EDGE('',*,*,#451,.T.);
#498 = ORIENTED_EDGE('',*,*,#80,.T.);
#499 = ORIENTED_EDGE('',*,*,#500,.F.);
#500 = EDGE_CURVE('',#491,#81,#501,.T.);
#501 = LINE('',#502,#503);
#502 = CARTESIAN_POINT('',(15.9,0.1,0.));
#503 = VECTOR('',#504,1.);
#504 = DIRECTION('',(0.,0.,1.));
#505 = PLANE('',#506);
#506 = AXIS2_PLACEMENT_3D('',#507,#508,#509);
#507 = CARTESIAN_POINT('',(-15.9,0.1,0.));
#508 = DIRECTION('',(0.,1.,0.));
#509 = DIRECTION('',(0.,0.,1.));
#510 = ADVANCED_FACE('',(#511),#529,.T.);
#511 = FACE_BOUND('',#512,.T.);
#512 = EDGE_LOOP('',(#513,#521,#522,#523));
#513 = ORIENTED_EDGE('',*,*,#514,.F.);
#514 = EDGE_CURVE('',#469,#515,#517,.T.);
#515 = VERTEX_POINT('',#516);
#516 = CARTESIAN_POINT('',(15.9,31.9,0.));
#517 = LINE('',#518,#519);
#518 = CARTESIAN_POINT('',(0.1,31.9,0.));
#519 = VECTOR('',#520,1.);
#520 = DIRECTION('',(1.,0.,0.));
#521 = ORIENTED_EDGE('',*,*,#468,.T.);
#522 = ORIENTED_EDGE('',*,*,#96,.T.);
#523 = ORIENTED_EDGE('',*,*,#524,.F.);
#524 = EDGE_CURVE('',#515,#89,#525,.T.);
#525 = LINE('',#526,#527);
#526 = CARTESIAN_POINT('',(15.9,31.9,0.));
#527 = VECTOR('',#528,1.);
#528 = DIRECTION('',(0.,0.,1.));
#529 = PLANE('',#530);
#530 = AXIS2_PLACEMENT_3D('',#531,#532,#533);
#531 = CARTESIAN_POINT('',(0.1,31.9,0.));
#532 = DIRECTION('',(0.,1.,0.));
#533 = DIRECTION('',(0.,0.,1.));
#534 = ADVANCED_FACE('',(#535),#546,.T.);
#535 = FACE_BOUND('',#536,.T.);
#536 = EDGE_LOOP('',(#537,#538,#544,#545));
#537 = ORIENTED_EDGE('',*,*,#500,.F.);
#538 = ORIENTED_EDGE('',*,*,#539,.T.);
#539 = EDGE_CURVE('',#491,#515,#540,.T.);
#540 = LINE('',#541,#542);
#541 = CARTESIAN_POINT('',(15.9,24.1,0.));
#542 = VECTOR('',#543,1.);
#543 = DIRECTION('',(0.,1.,0.));
#544 = ORIENTED_EDGE('',*,*,#524,.T.);
#545 = ORIENTED_EDGE('',*,*,#88,.F.);
#546 = PLANE('',#547);
#547 = AXIS2_PLACEMENT_3D('',#548,#549,#550);
#548 = CARTESIAN_POINT('',(15.9,16.,4.8));
#549 = DIRECTION('',(1.,0.,0.));
#550 = DIRECTION('',(0.,0.,1.));
#551 = ADVANCED_FACE('',(#552),#571,.T.);
#552 = FACE_BOUND('',#553,.F.);
#553 = EDGE_LOOP('',(#554,#562,#569,#570));
#554 = ORIENTED_EDGE('',*,*,#555,.T.);
#555 = EDGE_CURVE('',#124,#556,#558,.T.);
#556 = VERTEX_POINT('',#557);
#557 = CARTESIAN_POINT('',(-9.6,-20.,11.15));
#558 = LINE('',#559,#560);
#559 = CARTESIAN_POINT('',(-9.6,-20.,9.6));
#560 = VECTOR('',#561,1.);
#561 = DIRECTION('',(0.,0.,1.));
#562 = ORIENTED_EDGE('',*,*,#563,.T.);
#563 = EDGE_CURVE('',#556,#556,#564,.T.);
#564 = CIRCLE('',#565,2.4);
#565 = AXIS2_PLACEMENT_3D('',#566,#567,#568);
#566 = CARTESIAN_POINT('',(-12.,-20.,11.15));
#567 = DIRECTION('',(0.,0.,1.));
#568 = DIRECTION('',(1.,0.,0.));
#569 = ORIENTED_EDGE('',*,*,#555,.F.);
#570 = ORIENTED_EDGE('',*,*,#123,.F.);
#571 = CYLINDRICAL_SURFACE('',#572,2.4);
#572 = AXIS2_PLACEMENT_3D('',#573,#574,#575);
#573 = CARTESIAN_POINT('',(-12.,-20.,9.6));
#574 = DIRECTION('',(-0.,-0.,-1.));
#575 = DIRECTION('',(1.,0.,0.));
#576 = ADVANCED_FACE('',(#577),#596,.T.);
#577 = FACE_BOUND('',#578,.F.);
#578 = EDGE_LOOP('',(#579,#587,#594,#595));
#579 = ORIENTED_EDGE('',*,*,#580,.T.);
#580 = EDGE_CURVE('',#135,#581,#583,.T.);
#581 = VERTEX_POINT('',#582);
#582 = CARTESIAN_POINT('',(-1.6,-28.,11.15));
#583 = LINE('',#584,#585);
#584 = CARTESIAN_POINT('',(-1.6,-28.,9.6));
#585 = VECTOR('',#586,1.);
#586 = DIRECTION('',(0.,0.,1.));
#587 = ORIENTED_EDGE('',*,*,#588,.T.);
#588 = EDGE_CURVE('',#581,#581,#589,.T.);
#589 = CIRCLE('',#590,2.4);
#590 = AXIS2_PLACEMENT_3D('',#591,#592,#593);
#591 = CARTESIAN_POINT('',(-4.,-28.,11.15));
#592 = DIRECTION('',(0.,0.,1.));
#593 = DIRECTION('',(1.,0.,0.));
#594 = ORIENTED_EDGE('',*,*,#580,.F.);
#595 = ORIENTED_EDGE('',*,*,#134,.F.);
#596 = CYLINDRICAL_SURFACE('',#597,2.4);
#597 = AXIS2_PLACEMENT_3D('',#598,#599,#600);
#598 = CARTESIAN_POINT('',(-4.,-28.,9.6));
#599 = DIRECTION('',(-0.,-0.,-1.));
#600 = DIRECTION('',(1.,0.,0.));
#601 = ADVANCED_FACE('',(#602),#621,.T.);
#602 = FACE_BOUND('',#603,.F.);
#603 = EDGE_LOOP('',(#604,#612,#619,#620));
#604 = ORIENTED_EDGE('',*,*,#605,.T.);
#605 = EDGE_CURVE('',#146,#606,#608,.T.);
#606 = VERTEX_POINT('',#607);
#607 = CARTESIAN_POINT('',(-1.6,-20.,11.15));
#608 = LINE('',#609,#610);
#609 = CARTESIAN_POINT('',(-1.6,-20.,9.6));
#610 = VECTOR('',#611,1.);
#611 = DIRECTION('',(0.,0.,1.));
#612 = ORIENTED_EDGE('',*,*,#613,.T.);
#613 = EDGE_CURVE('',#606,#606,#614,.T.);
#614 = CIRCLE('',#615,2.4);
#615 = AXIS2_PLACEMENT_3D('',#616,#617,#618);
#616 = CARTESIAN_POINT('',(-4.,-20.,11.15));
#617 = DIRECTION('',(0.,0.,1.));
#618 = DIRECTION('',(1.,0.,0.));
#619 = ORIENTED_EDGE('',*,*,#605,.F.);
#620 = ORIENTED_EDGE('',*,*,#145,.F.);
#621 = CYLINDRICAL_SURFACE('',#622,2.4);
#622 = AXIS2_PLACEMENT_3D('',#623,#624,#625);
#623 = CARTESIAN_POINT('',(-4.,-20.,9.6));
#624 = DIRECTION('',(-0.,-0.,-1.));
#625 = DIRECTION('',(1.,0.,0.));
#626 = ADVANCED_FACE('',(#627),#646,.T.);
#627 = FACE_BOUND('',#628,.F.);
#628 = EDGE_LOOP('',(#629,#637,#644,#645));
#629 = ORIENTED_EDGE('',*,*,#630,.T.);
#630 = EDGE_CURVE('',#157,#631,#633,.T.);
#631 = VERTEX_POINT('',#632);
#632 = CARTESIAN_POINT('',(-9.6,-12.,11.15));
#633 = LINE('',#634,#635);
#634 = CARTESIAN_POINT('',(-9.6,-12.,9.6));
#635 = VECTOR('',#636,1.);
#636 = DIRECTION('',(0.,0.,1.));
#637 = ORIENTED_EDGE('',*,*,#638,.T.);
#638 = EDGE_CURVE('',#631,#631,#639,.T.);
#639 = CIRCLE('',#640,2.4);
#640 = AXIS2_PLACEMENT_3D('',#641,#642,#643);
#641 = CARTESIAN_POINT('',(-12.,-12.,11.15));
#642 = DIRECTION('',(0.,0.,1.));
#643 = DIRECTION('',(1.,0.,0.));
#644 = ORIENTED_EDGE('',*,*,#630,.F.);
#645 = ORIENTED_EDGE('',*,*,#156,.F.);
#646 = CYLINDRICAL_SURFACE('',#647,2.4);
#647 = AXIS2_PLACEMENT_3D('',#648,#649,#650);
#648 = CARTESIAN_POINT('',(-12.,-12.,9.6));
#649 = DIRECTION('',(-0.,-0.,-1.));
#650 = DIRECTION('',(1.,0.,0.));
#651 = ADVANCED_FACE('',(#652),#671,.T.);
#652 = FACE_BOUND('',#653,.F.);
#653 = EDGE_LOOP('',(#654,#662,#669,#670));
#654 = ORIENTED_EDGE('',*,*,#655,.T.);
#655 = EDGE_CURVE('',#168,#656,#658,.T.);
#656 = VERTEX_POINT('',#657);
#657 = CARTESIAN_POINT('',(-9.6,-4.,11.15));
#658 = LINE('',#659,#660);
#659 = CARTESIAN_POINT('',(-9.6,-4.,9.6));
#660 = VECTOR('',#661,1.);
#661 = DIRECTION('',(0.,0.,1.));
#662 = ORIENTED_EDGE('',*,*,#663,.T.);
#663 = EDGE_CURVE('',#656,#656,#664,.T.);
#664 = CIRCLE('',#665,2.4);
#665 = AXIS2_PLACEMENT_3D('',#666,#667,#668);
#666 = CARTESIAN_POINT('',(-12.,-4.,11.15));
#667 = DIRECTION('',(0.,0.,1.));
#668 = DIRECTION('',(1.,0.,0.));
#669 = ORIENTED_EDGE('',*,*,#655,.F.);
#670 = ORIENTED_EDGE('',*,*,#167,.F.);
#671 = CYLINDRICAL_SURFACE('',#672,2.4);
#672 = AXIS2_PLACEMENT_3D('',#673,#674,#675);
#673 = CARTESIAN_POINT('',(-12.,-4.,9.6));
#674 = DIRECTION('',(-0.,-0.,-1.));
#675 = DIRECTION('',(1.,0.,0.));
#676 = ADVANCED_FACE('',(#677),#696,.T.);
#677 = FACE_BOUND('',#678,.F.);
#678 = EDGE_LOOP('',(#679,#687,#694,#695));
#679 = ORIENTED_EDGE('',*,*,#680,.T.);
#680 = EDGE_CURVE('',#179,#681,#683,.T.);
#681 = VERTEX_POINT('',#682);
#682 = CARTESIAN_POINT('',(-1.6,-12.,11.15));
#683 = LINE('',#684,#685);
#684 = CARTESIAN_POINT('',(-1.6,-12.,9.6));
#685 = VECTOR('',#686,1.);
#686 = DIRECTION('',(0.,0.,1.));
#687 = ORIENTED_EDGE('',*,*,#688,.T.);
#688 = EDGE_CURVE('',#681,#681,#689,.T.);
#689 = CIRCLE('',#690,2.4);
#690 = AXIS2_PLACEMENT_3D('',#691,#692,#693);
#691 = CARTESIAN_POINT('',(-4.,-12.,11.15));
#692 = DIRECTION('',(0.,0.,1.));
#693 = DIRECTION('',(1.,0.,0.));
#694 = ORIENTED_EDGE('',*,*,#680,.F.);
#695 = ORIENTED_EDGE('',*,*,#178,.F.);
#696 = CYLINDRICAL_SURFACE('',#697,2.4);
#697 = AXIS2_PLACEMENT_3D('',#698,#699,#700);
#698 = CARTESIAN_POINT('',(-4.,-12.,9.6));
#699 = DIRECTION('',(-0.,-0.,-1.));
#700 = DIRECTION('',(1.,0.,0.));
#701 = ADVANCED_FACE('',(#702),#721,.T.);
#702 = FACE_BOUND('',#703,.F.);
#703 = EDGE_LOOP('',(#704,#712,#719,#720));
#704 = ORIENTED_EDGE('',*,*,#705,.T.);
#705 = EDGE_CURVE('',#190,#706,#708,.T.);
#706 = VERTEX_POINT('',#707);
#707 = CARTESIAN_POINT('',(-1.6,-4.,11.15));
#708 = LINE('',#709,#710);
#709 = CARTESIAN_POINT('',(-1.6,-4.,9.6));
#710 = VECTOR('',#711,1.);
#711 = DIRECTION('',(0.,0.,1.));
#712 = ORIENTED_EDGE('',*,*,#713,.T.);
#713 = EDGE_CURVE('',#706,#706,#714,.T.);
#714 = CIRCLE('',#715,2.4);
#715 = AXIS2_PLACEMENT_3D('',#716,#717,#718);
#716 = CARTESIAN_POINT('',(-4.,-4.,11.15));
#717 = DIRECTION('',(0.,0.,1.));
#718 = DIRECTION('',(1.,0.,0.));
#719 = ORIENTED_EDGE('',*,*,#705,.F.);
#720 = ORIENTED_EDGE('',*,*,#189,.F.);
#721 = CYLINDRICAL_SURFACE('',#722,2.4);
#722 = AXIS2_PLACEMENT_3D('',#723,#724,#725);
#723 = CARTESIAN_POINT('',(-4.,-4.,9.6));
#724 = DIRECTION('',(-0.,-0.,-1.));
#725 = DIRECTION('',(1.,0.,0.));
#726 = ADVANCED_FACE('',(#727),#746,.T.);
#727 = FACE_BOUND('',#728,.F.);
#728 = EDGE_LOOP('',(#729,#737,#744,#745));
#729 = ORIENTED_EDGE('',*,*,#730,.T.);
#730 = EDGE_CURVE('',#201,#731,#733,.T.);
#731 = VERTEX_POINT('',#732);
#732 = CARTESIAN_POINT('',(-9.6,4.,11.15));
#733 = LINE('',#734,#735);
#734 = CARTESIAN_POINT('',(-9.6,4.,9.6));
#735 = VECTOR('',#736,1.);
#736 = DIRECTION('',(0.,0.,1.));
#737 = ORIENTED_EDGE('',*,*,#738,.T.);
#738 = EDGE_CURVE('',#731,#731,#739,.T.);
#739 = CIRCLE('',#740,2.4);
#740 = AXIS2_PLACEMENT_3D('',#741,#742,#743);
#741 = CARTESIAN_POINT('',(-12.,4.,11.15));
#742 = DIRECTION('',(0.,0.,1.));
#743 = DIRECTION('',(1.,0.,0.));
#744 = ORIENTED_EDGE('',*,*,#730,.F.);
#745 = ORIENTED_EDGE('',*,*,#200,.F.);
#746 = CYLINDRICAL_SURFACE('',#747,2.4);
#747 = AXIS2_PLACEMENT_3D('',#748,#749,#750);
#748 = CARTESIAN_POINT('',(-12.,4.,9.6));
#749 = DIRECTION('',(-0.,-0.,-1.));
#750 = DIRECTION('',(1.,0.,0.));
#751 = ADVANCED_FACE('',(#752),#771,.T.);
#752 = FACE_BOUND('',#753,.F.);
#753 = EDGE_LOOP('',(#754,#762,#769,#770));
#754 = ORIENTED_EDGE('',*,*,#755,.T.);
#755 = EDGE_CURVE('',#212,#756,#758,.T.);
#756 = VERTEX_POINT('',#757);
#757 = CARTESIAN_POINT('',(-9.6,12.,11.15));
#758 = LINE('',#759,#760);
#759 = CARTESIAN_POINT('',(-9.6,12.,9.6));
#760 = VECTOR('',#761,1.);
#761 = DIRECTION('',(0.,0.,1.));
#762 = ORIENTED_EDGE('',*,*,#763,.T.);
#763 = EDGE_CURVE('',#756,#756,#764,.T.);
#764 = CIRCLE('',#765,2.4);
#765 = AXIS2_PLACEMENT_3D('',#766,#767,#768);
#766 = CARTESIAN_POINT('',(-12.,12.,11.15));
#767 = DIRECTION('',(0.,0.,1.));
#768 = DIRECTION('',(1.,0.,0.));
#769 = ORIENTED_EDGE('',*,*,#755,.F.);
#770 = ORIENTED_EDGE('',*,*,#211,.F.);
#771 = CYLINDRICAL_SURFACE('',#772,2.4);
#772 = AXIS2_PLACEMENT_3D('',#773,#774,#775);
#773 = CARTESIAN_POINT('',(-12.,12.,9.6));
#774 = DIRECTION('',(-0.,-0.,-1.));
#775 = DIRECTION('',(1.,0.,0.));
#776 = ADVANCED_FACE('',(#777),#796,.T.);
#777 = FACE_BOUND('',#778,.F.);
#778 = EDGE_LOOP('',(#779,#787,#794,#795));
#779 = ORIENTED_EDGE('',*,*,#780,.T.);
#780 = EDGE_CURVE('',#223,#781,#783,.T.);
#781 = VERTEX_POINT('',#782);
#782 = CARTESIAN_POINT('',(-1.6,4.,11.15));
#783 = LINE('',#784,#785);
#784 = CARTESIAN_POINT('',(-1.6,4.,9.6));
#785 = VECTOR('',#786,1.);
#786 = DIRECTION('',(0.,0.,1.));
#787 = ORIENTED_EDGE('',*,*,#788,.T.);
#788 = EDGE_CURVE('',#781,#781,#789,.T.);
#789 = CIRCLE('',#790,2.4);
#790 = AXIS2_PLACEMENT_3D('',#791,#792,#793);
#791 = CARTESIAN_POINT('',(-4.,4.,11.15));
#792 = DIRECTION('',(0.,0.,1.));
#793 = DIRECTION('',(1.,0.,0.));
#794 = ORIENTED_EDGE('',*,*,#780,.F.);
#795 = ORIENTED_EDGE('',*,*,#222,.F.);
#796 = CYLINDRICAL_SURFACE('',#797,2.4);
#797 = AXIS2_PLACEMENT_3D('',#798,#799,#800);
#798 = CARTESIAN_POINT('',(-4.,4.,9.6));
#799 = DIRECTION('',(-0.,-0.,-1.));
#800 = DIRECTION('',(1.,0.,0.));
#801 = ADVANCED_FACE('',(#802),#821,.T.);
#802 = FACE_BOUND('',#803,.F.);
#803 = EDGE_LOOP('',(#804,#812,#819,#820));
#804 = ORIENTED_EDGE('',*,*,#805,.T.);
#805 = EDGE_CURVE('',#234,#806,#808,.T.);
#806 = VERTEX_POINT('',#807);
#807 = CARTESIAN_POINT('',(-1.6,12.,11.15));
#808 = LINE('',#809,#810);
#809 = CARTESIAN_POINT('',(-1.6,12.,9.6));
#810 = VECTOR('',#811,1.);
#811 = DIRECTION('',(0.,0.,1.));
#812 = ORIENTED_EDGE('',*,*,#813,.T.);
#813 = EDGE_CURVE('',#806,#806,#814,.T.);
#814 = CIRCLE('',#815,2.4);
#815 = AXIS2_PLACEMENT_3D('',#816,#817,#818);
#816 = CARTESIAN_POINT('',(-4.,12.,11.15));
#817 = DIRECTION('',(0.,0.,1.));
#818 = DIRECTION('',(1.,0.,0.));
#819 = ORIENTED_EDGE('',*,*,#805,.F.);
#820 = ORIENTED_EDGE('',*,*,#233,.F.);
#821 = CYLINDRICAL_SURFACE('',#822,2.4);
#822 = AXIS2_PLACEMENT_3D('',#823,#824,#825);
#823 = CARTESIAN_POINT('',(-4.,12.,9.6));
#824 = DIRECTION('',(-0.,-0.,-1.));
#825 = DIRECTION('',(1.,0.,0.));
#826 = ADVANCED_FACE('',(#827),#846,.T.);
#827 = FACE_BOUND('',#828,.F.);
#828 = EDGE_LOOP('',(#829,#837,#844,#845));
#829 = ORIENTED_EDGE('',*,*,#830,.T.);
#830 = EDGE_CURVE('',#245,#831,#833,.T.);
#831 = VERTEX_POINT('',#832);
#832 = CARTESIAN_POINT('',(6.4,4.,11.15));
#833 = LINE('',#834,#835);
#834 = CARTESIAN_POINT('',(6.4,4.,9.6));
#835 = VECTOR('',#836,1.);
#836 = DIRECTION('',(0.,0.,1.));
#837 = ORIENTED_EDGE('',*,*,#838,.T.);
#838 = EDGE_CURVE('',#831,#831,#839,.T.);
#839 = CIRCLE('',#840,2.4);
#840 = AXIS2_PLACEMENT_3D('',#841,#842,#843);
#841 = CARTESIAN_POINT('',(4.,4.,11.15));
#842 = DIRECTION('',(0.,0.,1.));
#843 = DIRECTION('',(1.,0.,0.));
#844 = ORIENTED_EDGE('',*,*,#830,.F.);
#845 = ORIENTED_EDGE('',*,*,#244,.F.);
#846 = CYLINDRICAL_SURFACE('',#847,2.4);
#847 = AXIS2_PLACEMENT_3D('',#848,#849,#850);
#848 = CARTESIAN_POINT('',(4.,4.,9.6));
#849 = DIRECTION('',(-0.,-0.,-1.));
#850 = DIRECTION('',(1.,0.,0.));
#851 = ADVANCED_FACE('',(#852),#871,.T.);
#852 = FACE_BOUND('',#853,.F.);
#853 = EDGE_LOOP('',(#854,#862,#869,#870));
#854 = ORIENTED_EDGE('',*,*,#855,.T.);
#855 = EDGE_CURVE('',#256,#856,#858,.T.);
#856 = VERTEX_POINT('',#857);
#857 = CARTESIAN_POINT('',(6.4,12.,11.15));
#858 = LINE('',#859,#860);
#859 = CARTESIAN_POINT('',(6.4,12.,9.6));
#860 = VECTOR('',#861,1.);
#861 = DIRECTION('',(0.,0.,1.));
#862 = ORIENTED_EDGE('',*,*,#863,.T.);
#863 = EDGE_CURVE('',#856,#856,#864,.T.);
#864 = CIRCLE('',#865,2.4);
#865 = AXIS2_PLACEMENT_3D('',#866,#867,#868);
#866 = CARTESIAN_POINT('',(4.,12.,11.15));
#867 = DIRECTION('',(0.,0.,1.));
#868 = DIRECTION('',(1.,0.,0.));
#869 = ORIENTED_EDGE('',*,*,#855,.F.);
#870 = ORIENTED_EDGE('',*,*,#255,.F.);
#871 = CYLINDRICAL_SURFACE('',#872,2.4);
#872 = AXIS2_PLACEMENT_3D('',#873,#874,#875);
#873 = CARTESIAN_POINT('',(4.,12.,9.6));
#874 = DIRECTION('',(-0.,-0.,-1.));
#875 = DIRECTION('',(1.,0.,0.));
#876 = ADVANCED_FACE('',(#877),#896,.T.);
#877 = FACE_BOUND('',#878,.F.);
#878 = EDGE_LOOP('',(#879,#887,#894,#895));
#879 = ORIENTED_EDGE('',*,*,#880,.T.);
#880 = EDGE_CURVE('',#267,#881,#883,.T.);
#881 = VERTEX_POINT('',#882);
#882 = CARTESIAN_POINT('',(14.4,4.,11.15));
#883 = LINE('',#884,#885);
#884 = CARTESIAN_POINT('',(14.4,4.,9.6));
#885 = VECTOR('',#886,1.);
#886 = DIRECTION('',(0.,0.,1.));
#887 = ORIENTED_EDGE('',*,*,#888,.T.);
#888 = EDGE_CURVE('',#881,#881,#889,.T.);
#889 = CIRCLE('',#890,2.4);
#890 = AXIS2_PLACEMENT_3D('',#891,#892,#893);
#891 = CARTESIAN_POINT('',(12.,4.,11.15));
#892 = DIRECTION('',(0.,0.,1.));
#893 = DIRECTION('',(1.,0.,0.));
#894 = ORIENTED_EDGE('',*,*,#880,.F.);
#895 = ORIENTED_EDGE('',*,*,#266,.F.);
#896 = CYLINDRICAL_SURFACE('',#897,2.4);
#897 = AXIS2_PLACEMENT_3D('',#898,#899,#900);
#898 = CARTESIAN_POINT('',(12.,4.,9.6));
#899 = DIRECTION('',(-0.,-0.,-1.));
#900 = DIRECTION('',(1.,0.,0.));
#901 = ADVANCED_FACE('',(#902),#921,.T.);
#902 = FACE_BOUND('',#903,.F.);
#903 = EDGE_LOOP('',(#904,#912,#919,#920));
#904 = ORIENTED_EDGE('',*,*,#905,.T.);
#905 = EDGE_CURVE('',#278,#906,#908,.T.);
#906 = VERTEX_POINT('',#907);
#907 = CARTESIAN_POINT('',(14.4,12.,11.15));
#908 = LINE('',#909,#910);
#909 = CARTESIAN_POINT('',(14.4,12.,9.6));
#910 = VECTOR('',#911,1.);
#911 = DIRECTION('',(0.,0.,1.));
#912 = ORIENTED_EDGE('',*,*,#913,.T.);
#913 = EDGE_CURVE('',#906,#906,#914,.T.);
#914 = CIRCLE('',#915,2.4);
#915 = AXIS2_PLACEMENT_3D('',#916,#917,#918);
#916 = CARTESIAN_POINT('',(12.,12.,11.15));
#917 = DIRECTION('',(0.,0.,1.));
#918 = DIRECTION('',(1.,0.,0.));
#919 = ORIENTED_EDGE('',*,*,#905,.F.);
#920 = ORIENTED_EDGE('',*,*,#277,.F.);
#921 = CYLINDRICAL_SURFACE('',#922,2.4);
#922 = AXIS2_PLACEMENT_3D('',#923,#924,#925);
#923 = CARTESIAN_POINT('',(12.,12.,9.6));
#924 = DIRECTION('',(-0.,-0.,-1.));
#925 = DIRECTION('',(1.,0.,0.));
#926 = ADVANCED_FACE('',(#927),#946,.T.);
#927 = FACE_BOUND('',#928,.F.);
#928 = EDGE_LOOP('',(#929,#937,#944,#945));
#929 = ORIENTED_EDGE('',*,*,#930,.T.);
#930 = EDGE_CURVE('',#289,#931,#933,.T.);
#931 = VERTEX_POINT('',#932);
#932 = CARTESIAN_POINT('',(6.4,20.,11.15));
#933 = LINE('',#934,#935);
#934 = CARTESIAN_POINT('',(6.4,20.,9.6));
#935 = VECTOR('',#936,1.);
#936 = DIRECTION('',(0.,0.,1.));
#937 = ORIENTED_EDGE('',*,*,#938,.T.);
#938 = EDGE_CURVE('',#931,#931,#939,.T.);
#939 = CIRCLE('',#940,2.4);
#940 = AXIS2_PLACEMENT_3D('',#941,#942,#943);
#941 = CARTESIAN_POINT('',(4.,20.,11.15));
#942 = DIRECTION('',(0.,0.,1.));
#943 = DIRECTION('',(1.,0.,0.));
#944 = ORIENTED_EDGE('',*,*,#930,.F.);
#945 = ORIENTED_EDGE('',*,*,#288,.F.);
#946 = CYLINDRICAL_SURFACE('',#947,2.4);
#947 = AXIS2_PLACEMENT_3D('',#948,#949,#950);
#948 = CARTESIAN_POINT('',(4.,20.,9.6));
#949 = DIRECTION('',(-0.,-0.,-1.));
#950 = DIRECTION('',(1.,0.,0.));
#951 = ADVANCED_FACE('',(#952),#971,.T.);
#952 = FACE_BOUND('',#953,.F.);
#953 = EDGE_LOOP('',(#954,#962,#969,#970));
#954 = ORIENTED_EDGE('',*,*,#955,.T.);
#955 = EDGE_CURVE('',#300,#956,#958,.T.);
#956 = VERTEX_POINT('',#957);
#957 = CARTESIAN_POINT('',(6.4,28.,11.15));
#958 = LINE('',#959,#960);
#959 = CARTESIAN_POINT('',(6.4,28.,9.6));
#960 = VECTOR('',#961,1.);
#961 = DIRECTION('',(0.,0.,1.));
#962 = ORIENTED_EDGE('',*,*,#963,.T.);
#963 = EDGE_CURVE('',#956,#956,#964,.T.);
#964 = CIRCLE('',#965,2.4);
#965 = AXIS2_PLACEMENT_3D('',#966,#967,#968);
#966 = CARTESIAN_POINT('',(4.,28.,11.15));
#967 = DIRECTION('',(0.,0.,1.));
#968 = DIRECTION('',(1.,0.,0.));
#969 = ORIENTED_EDGE('',*,*,#955,.F.);
#970 = ORIENTED_EDGE('',*,*,#299,.F.);
#971 = CYLINDRICAL_SURFACE('',#972,2.4);
#972 = AXIS2_PLACEMENT_3D('',#973,#974,#975);
#973 = CARTESIAN_POINT('',(4.,28.,9.6));
#974 = DIRECTION('',(-0.,-0.,-1.));
#975 = DIRECTION('',(1.,0.,0.));
#976 = ADVANCED_FACE('',(#977),#996,.T.);
#977 = FACE_BOUND('',#978,.F.);
#978 = EDGE_LOOP('',(#979,#987,#994,#995));
#979 = ORIENTED_EDGE('',*,*,#980,.T.);
#980 = EDGE_CURVE('',#311,#981,#983,.T.);
#981 = VERTEX_POINT('',#982);
#982 = CARTESIAN_POINT('',(14.4,20.,11.15));
#983 = LINE('',#984,#985);
#984 = CARTESIAN_POINT('',(14.4,20.,9.6));
#985 = VECTOR('',#986,1.);
#986 = DIRECTION('',(0.,0.,1.));
#987 = ORIENTED_EDGE('',*,*,#988,.T.);
#988 = EDGE_CURVE('',#981,#981,#989,.T.);
#989 = CIRCLE('',#990,2.4);
#990 = AXIS2_PLACEMENT_3D('',#991,#992,#993);
#991 = CARTESIAN_POINT('',(12.,20.,11.15));
#992 = DIRECTION('',(0.,0.,1.));
#993 = DIRECTION('',(1.,0.,0.));
#994 = ORIENTED_EDGE('',*,*,#980,.F.);
#995 = ORIENTED_EDGE('',*,*,#310,.F.);
#996 = CYLINDRICAL_SURFACE('',#997,2.4);
#997 = AXIS2_PLACEMENT_3D('',#998,#999,#1000);
#998 = CARTESIAN_POINT('',(12.,20.,9.6));
#999 = DIRECTION('',(-0.,-0.,-1.));
#1000 = DIRECTION('',(1.,0.,0.));
#1001 = ADVANCED_FACE('',(#1002),#1021,.T.);
#1002 = FACE_BOUND('',#1003,.F.);
#1003 = EDGE_LOOP('',(#1004,#1012,#1019,#1020));
#1004 = ORIENTED_EDGE('',*,*,#1005,.T.);
#1005 = EDGE_CURVE('',#322,#1006,#1008,.T.);
#1006 = VERTEX_POINT('',#1007);
#1007 = CARTESIAN_POINT('',(14.4,28.,11.15));
#1008 = LINE('',#1009,#1010);
#1009 = CARTESIAN_POINT('',(14.4,28.,9.6));
#1010 = VECTOR('',#1011,1.);
#1011 = DIRECTION('',(0.,0.,1.));
#1012 = ORIENTED_EDGE('',*,*,#1013,.T.);
#1013 = EDGE_CURVE('',#1006,#1006,#1014,.T.);
#1014 = CIRCLE('',#1015,2.4);
#1015 = AXIS2_PLACEMENT_3D('',#1016,#1017,#1018);
#1016 = CARTESIAN_POINT('',(12.,28.,11.15));
#1017 = DIRECTION('',(0.,0.,1.));
#1018 = DIRECTION('',(1.,0.,0.));
#1019 = ORIENTED_EDGE('',*,*,#1005,.F.);
#1020 = ORIENTED_EDGE('',*,*,#321,.F.);
#1021 = CYLINDRICAL_SURFACE('',#1022,2.4);
#1022 = AXIS2_PLACEMENT_3D('',#1023,#1024,#1025);
#1023 = CARTESIAN_POINT('',(12.,28.,9.6));
#1024 = DIRECTION('',(-0.,-0.,-1.));
#1025 = DIRECTION('',(1.,0.,0.));
#1026 = ADVANCED_FACE('',(#1027),#1030,.T.);
#1027 = FACE_BOUND('',#1028,.T.);
#1028 = EDGE_LOOP('',(#1029));
#1029 = ORIENTED_EDGE('',*,*,#338,.T.);
#1030 = PLANE('',#1031);
#1031 = AXIS2_PLACEMENT_3D('',#1032,#1033,#1034);
#1032 = CARTESIAN_POINT('',(-12.,-28.,11.4));
#1033 = DIRECTION('',(0.,0.,1.));
#1034 = DIRECTION('',(1.,0.,0.));
#1035 = ADVANCED_FACE('',(#1036,#1046),#1320,.T.);
#1036 = FACE_BOUND('',#1037,.T.);
#1037 = EDGE_LOOP('',(#1038,#1039,#1040,#1041,#1042,#1043,#1044,#1045));
#1038 = ORIENTED_EDGE('',*,*,#380,.T.);
#1039 = ORIENTED_EDGE('',*,*,#418,.T.);
#1040 = ORIENTED_EDGE('',*,*,#476,.T.);
#1041 = ORIENTED_EDGE('',*,*,#514,.T.);
#1042 = ORIENTED_EDGE('',*,*,#539,.F.);
#1043 = ORIENTED_EDGE('',*,*,#490,.F.);
#1044 = ORIENTED_EDGE('',*,*,#443,.F.);
#1045 = ORIENTED_EDGE('',*,*,#394,.F.);
#1046 = FACE_BOUND('',#1047,.T.);
#1047 = EDGE_LOOP('',(#1048,#1058,#1066,#1074,#1082,#1090,#1098,#1106,
    #1114,#1122,#1130,#1138,#1146,#1154,#1162,#1170,#1178,#1186,#1194,
    #1202,#1210,#1218,#1226,#1234,#1242,#1250,#1258,#1266,#1274,#1282,
    #1290,#1298,#1306,#1314));
#1048 = ORIENTED_EDGE('',*,*,#1049,.F.);
#1049 = EDGE_CURVE('',#1050,#1052,#1054,.T.);
#1050 = VERTEX_POINT('',#1051);
#1051 = CARTESIAN_POINT('',(-14.64,-30.64,0.));
#1052 = VERTEX_POINT('',#1053);
#1053 = CARTESIAN_POINT('',(-14.64,-25.36,0.));
#1054 = LINE('',#1055,#1056);
#1055 = CARTESIAN_POINT('',(-14.64,-30.64,0.));
#1056 = VECTOR('',#1057,1.);
#1057 = DIRECTION('',(0.,1.,0.));
#1058 = ORIENTED_EDGE('',*,*,#1059,.T.);
#1059 = EDGE_CURVE('',#1050,#1060,#1062,.T.);
#1060 = VERTEX_POINT('',#1061);
#1061 = CARTESIAN_POINT('',(-1.36,-30.64,0.));
#1062 = LINE('',#1063,#1064);
#1063 = CARTESIAN_POINT('',(-14.64,-30.64,0.));
#1064 = VECTOR('',#1065,1.);
#1065 = DIRECTION('',(1.,0.,0.));
#1066 = ORIENTED_EDGE('',*,*,#1067,.T.);
#1067 = EDGE_CURVE('',#1060,#1068,#1070,.T.);
#1068 = VERTEX_POINT('',#1069);
#1069 = CARTESIAN_POINT('',(-1.36,-25.36,0.));
#1070 = LINE('',#1071,#1072);
#1071 = CARTESIAN_POINT('',(-1.36,-30.64,0.));
#1072 = VECTOR('',#1073,1.);
#1073 = DIRECTION('',(0.,1.,0.));
#1074 = ORIENTED_EDGE('',*,*,#1075,.T.);
#1075 = EDGE_CURVE('',#1068,#1076,#1078,.T.);
#1076 = VERTEX_POINT('',#1077);
#1077 = CARTESIAN_POINT('',(-1.36,-22.64,0.));
#1078 = LINE('',#1079,#1080);
#1079 = CARTESIAN_POINT('',(-1.36,-25.36,0.));
#1080 = VECTOR('',#1081,1.);
#1081 = DIRECTION('',(0.,1.,0.));
#1082 = ORIENTED_EDGE('',*,*,#1083,.T.);
#1083 = EDGE_CURVE('',#1076,#1084,#1086,.T.);
#1084 = VERTEX_POINT('',#1085);
#1085 = CARTESIAN_POINT('',(-1.36,-17.36,0.));
#1086 = LINE('',#1087,#1088);
#1087 = CARTESIAN_POINT('',(-1.36,-22.64,0.));
#1088 = VECTOR('',#1089,1.);
#1089 = DIRECTION('',(0.,1.,0.));
#1090 = ORIENTED_EDGE('',*,*,#1091,.T.);
#1091 = EDGE_CURVE('',#1084,#1092,#1094,.T.);
#1092 = VERTEX_POINT('',#1093);
#1093 = CARTESIAN_POINT('',(-1.36,-14.64,0.));
#1094 = LINE('',#1095,#1096);
#1095 = CARTESIAN_POINT('',(-1.36,-17.36,0.));
#1096 = VECTOR('',#1097,1.);
#1097 = DIRECTION('',(0.,1.,0.));
#1098 = ORIENTED_EDGE('',*,*,#1099,.T.);
#1099 = EDGE_CURVE('',#1092,#1100,#1102,.T.);
#1100 = VERTEX_POINT('',#1101);
#1101 = CARTESIAN_POINT('',(-1.36,-9.36,0.));
#1102 = LINE('',#1103,#1104);
#1103 = CARTESIAN_POINT('',(-1.36,-14.64,0.));
#1104 = VECTOR('',#1105,1.);
#1105 = DIRECTION('',(0.,1.,0.));
#1106 = ORIENTED_EDGE('',*,*,#1107,.T.);
#1107 = EDGE_CURVE('',#1100,#1108,#1110,.T.);
#1108 = VERTEX_POINT('',#1109);
#1109 = CARTESIAN_POINT('',(-1.36,-6.64,0.));
#1110 = LINE('',#1111,#1112);
#1111 = CARTESIAN_POINT('',(-1.36,-9.36,0.));
#1112 = VECTOR('',#1113,1.);
#1113 = DIRECTION('',(0.,1.,0.));
#1114 = ORIENTED_EDGE('',*,*,#1115,.T.);
#1115 = EDGE_CURVE('',#1108,#1116,#1118,.T.);
#1116 = VERTEX_POINT('',#1117);
#1117 = CARTESIAN_POINT('',(-1.36,-1.36,0.));
#1118 = LINE('',#1119,#1120);
#1119 = CARTESIAN_POINT('',(-1.36,-6.64,0.));
#1120 = VECTOR('',#1121,1.);
#1121 = DIRECTION('',(0.,1.,0.));
#1122 = ORIENTED_EDGE('',*,*,#1123,.T.);
#1123 = EDGE_CURVE('',#1116,#1124,#1126,.T.);
#1124 = VERTEX_POINT('',#1125);
#1125 = CARTESIAN_POINT('',(-1.36,1.36,0.));
#1126 = LINE('',#1127,#1128);
#1127 = CARTESIAN_POINT('',(-1.36,-1.36,0.));
#1128 = VECTOR('',#1129,1.);
#1129 = DIRECTION('',(0.,1.,0.));
#1130 = ORIENTED_EDGE('',*,*,#1131,.T.);
#1131 = EDGE_CURVE('',#1124,#1132,#1134,.T.);
#1132 = VERTEX_POINT('',#1133);
#1133 = CARTESIAN_POINT('',(14.64,1.36,0.));
#1134 = LINE('',#1135,#1136);
#1135 = CARTESIAN_POINT('',(-14.64,1.36,0.));
#1136 = VECTOR('',#1137,1.);
#1137 = DIRECTION('',(1.,0.,0.));
#1138 = ORIENTED_EDGE('',*,*,#1139,.T.);
#1139 = EDGE_CURVE('',#1132,#1140,#1142,.T.);
#1140 = VERTEX_POINT('',#1141);
#1141 = CARTESIAN_POINT('',(14.64,6.64,0.));
#1142 = LINE('',#1143,#1144);
#1143 = CARTESIAN_POINT('',(14.64,1.36,0.));
#1144 = VECTOR('',#1145,1.);
#1145 = DIRECTION('',(0.,1.,0.));
#1146 = ORIENTED_EDGE('',*,*,#1147,.T.);
#1147 = EDGE_CURVE('',#1140,#1148,#1150,.T.);
#1148 = VERTEX_POINT('',#1149);
#1149 = CARTESIAN_POINT('',(14.64,9.36,0.));
#1150 = LINE('',#1151,#1152);
#1151 = CARTESIAN_POINT('',(14.64,6.64,0.));
#1152 = VECTOR('',#1153,1.);
#1153 = DIRECTION('',(0.,1.,0.));
#1154 = ORIENTED_EDGE('',*,*,#1155,.T.);
#1155 = EDGE_CURVE('',#1148,#1156,#1158,.T.);
#1156 = VERTEX_POINT('',#1157);
#1157 = CARTESIAN_POINT('',(14.64,14.64,0.));
#1158 = LINE('',#1159,#1160);
#1159 = CARTESIAN_POINT('',(14.64,9.36,0.));
#1160 = VECTOR('',#1161,1.);
#1161 = DIRECTION('',(0.,1.,0.));
#1162 = ORIENTED_EDGE('',*,*,#1163,.T.);
#1163 = EDGE_CURVE('',#1156,#1164,#1166,.T.);
#1164 = VERTEX_POINT('',#1165);
#1165 = CARTESIAN_POINT('',(14.64,17.36,0.));
#1166 = LINE('',#1167,#1168);
#1167 = CARTESIAN_POINT('',(14.64,14.64,0.));
#1168 = VECTOR('',#1169,1.);
#1169 = DIRECTION('',(0.,1.,0.));
#1170 = ORIENTED_EDGE('',*,*,#1171,.T.);
#1171 = EDGE_CURVE('',#1164,#1172,#1174,.T.);
#1172 = VERTEX_POINT('',#1173);
#1173 = CARTESIAN_POINT('',(14.64,22.64,0.));
#1174 = LINE('',#1175,#1176);
#1175 = CARTESIAN_POINT('',(14.64,17.36,0.));
#1176 = VECTOR('',#1177,1.);
#1177 = DIRECTION('',(0.,1.,0.));
#1178 = ORIENTED_EDGE('',*,*,#1179,.T.);
#1179 = EDGE_CURVE('',#1172,#1180,#1182,.T.);
#1180 = VERTEX_POINT('',#1181);
#1181 = CARTESIAN_POINT('',(14.64,25.36,0.));
#1182 = LINE('',#1183,#1184);
#1183 = CARTESIAN_POINT('',(14.64,22.64,0.));
#1184 = VECTOR('',#1185,1.);
#1185 = DIRECTION('',(0.,1.,0.));
#1186 = ORIENTED_EDGE('',*,*,#1187,.T.);
#1187 = EDGE_CURVE('',#1180,#1188,#1190,.T.);
#1188 = VERTEX_POINT('',#1189);
#1189 = CARTESIAN_POINT('',(14.64,30.64,0.));
#1190 = LINE('',#1191,#1192);
#1191 = CARTESIAN_POINT('',(14.64,25.36,0.));
#1192 = VECTOR('',#1193,1.);
#1193 = DIRECTION('',(0.,1.,0.));
#1194 = ORIENTED_EDGE('',*,*,#1195,.F.);
#1195 = EDGE_CURVE('',#1196,#1188,#1198,.T.);
#1196 = VERTEX_POINT('',#1197);
#1197 = CARTESIAN_POINT('',(1.36,30.64,0.));
#1198 = LINE('',#1199,#1200);
#1199 = CARTESIAN_POINT('',(1.36,30.64,0.));
#1200 = VECTOR('',#1201,1.);
#1201 = DIRECTION('',(1.,0.,0.));
#1202 = ORIENTED_EDGE('',*,*,#1203,.F.);
#1203 = EDGE_CURVE('',#1204,#1196,#1206,.T.);
#1204 = VERTEX_POINT('',#1205);
#1205 = CARTESIAN_POINT('',(1.36,25.36,0.));
#1206 = LINE('',#1207,#1208);
#1207 = CARTESIAN_POINT('',(1.36,25.36,0.));
#1208 = VECTOR('',#1209,1.);
#1209 = DIRECTION('',(0.,1.,0.));
#1210 = ORIENTED_EDGE('',*,*,#1211,.F.);
#1211 = EDGE_CURVE('',#1212,#1204,#1214,.T.);
#1212 = VERTEX_POINT('',#1213);
#1213 = CARTESIAN_POINT('',(1.36,22.64,0.));
#1214 = LINE('',#1215,#1216);
#1215 = CARTESIAN_POINT('',(1.36,22.64,0.));
#1216 = VECTOR('',#1217,1.);
#1217 = DIRECTION('',(0.,1.,0.));
#1218 = ORIENTED_EDGE('',*,*,#1219,.F.);
#1219 = EDGE_CURVE('',#1220,#1212,#1222,.T.);
#1220 = VERTEX_POINT('',#1221);
#1221 = CARTESIAN_POINT('',(1.36,17.36,0.));
#1222 = LINE('',#1223,#1224);
#1223 = CARTESIAN_POINT('',(1.36,17.36,0.));
#1224 = VECTOR('',#1225,1.);
#1225 = DIRECTION('',(0.,1.,0.));
#1226 = ORIENTED_EDGE('',*,*,#1227,.F.);
#1227 = EDGE_CURVE('',#1228,#1220,#1230,.T.);
#1228 = VERTEX_POINT('',#1229);
#1229 = CARTESIAN_POINT('',(1.36,14.64,0.));
#1230 = LINE('',#1231,#1232);
#1231 = CARTESIAN_POINT('',(1.36,14.64,0.));
#1232 = VECTOR('',#1233,1.);
#1233 = DIRECTION('',(0.,1.,0.));
#1234 = ORIENTED_EDGE('',*,*,#1235,.F.);
#1235 = EDGE_CURVE('',#1236,#1228,#1238,.T.);
#1236 = VERTEX_POINT('',#1237);
#1237 = CARTESIAN_POINT('',(-14.64,14.64,0.));
#1238 = LINE('',#1239,#1240);
#1239 = CARTESIAN_POINT('',(-14.64,14.64,0.));
#1240 = VECTOR('',#1241,1.);
#1241 = DIRECTION('',(1.,0.,0.));
#1242 = ORIENTED_EDGE('',*,*,#1243,.F.);
#1243 = EDGE_CURVE('',#1244,#1236,#1246,.T.);
#1244 = VERTEX_POINT('',#1245);
#1245 = CARTESIAN_POINT('',(-14.64,9.36,0.));
#1246 = LINE('',#1247,#1248);
#1247 = CARTESIAN_POINT('',(-14.64,9.36,0.));
#1248 = VECTOR('',#1249,1.);
#1249 = DIRECTION('',(0.,1.,0.));
#1250 = ORIENTED_EDGE('',*,*,#1251,.F.);
#1251 = EDGE_CURVE('',#1252,#1244,#1254,.T.);
#1252 = VERTEX_POINT('',#1253);
#1253 = CARTESIAN_POINT('',(-14.64,6.64,0.));
#1254 = LINE('',#1255,#1256);
#1255 = CARTESIAN_POINT('',(-14.64,6.64,0.));
#1256 = VECTOR('',#1257,1.);
#1257 = DIRECTION('',(0.,1.,0.));
#1258 = ORIENTED_EDGE('',*,*,#1259,.F.);
#1259 = EDGE_CURVE('',#1260,#1252,#1262,.T.);
#1260 = VERTEX_POINT('',#1261);
#1261 = CARTESIAN_POINT('',(-14.64,1.36,0.));
#1262 = LINE('',#1263,#1264);
#1263 = CARTESIAN_POINT('',(-14.64,1.36,0.));
#1264 = VECTOR('',#1265,1.);
#1265 = DIRECTION('',(0.,1.,0.));
#1266 = ORIENTED_EDGE('',*,*,#1267,.F.);
#1267 = EDGE_CURVE('',#1268,#1260,#1270,.T.);
#1268 = VERTEX_POINT('',#1269);
#1269 = CARTESIAN_POINT('',(-14.64,-1.36,0.));
#1270 = LINE('',#1271,#1272);
#1271 = CARTESIAN_POINT('',(-14.64,-1.36,0.));
#1272 = VECTOR('',#1273,1.);
#1273 = DIRECTION('',(0.,1.,0.));
#1274 = ORIENTED_EDGE('',*,*,#1275,.F.);
#1275 = EDGE_CURVE('',#1276,#1268,#1278,.T.);
#1276 = VERTEX_POINT('',#1277);
#1277 = CARTESIAN_POINT('',(-14.64,-6.64,0.));
#1278 = LINE('',#1279,#1280);
#1279 = CARTESIAN_POINT('',(-14.64,-6.64,0.));
#1280 = VECTOR('',#1281,1.);
#1281 = DIRECTION('',(0.,1.,0.));
#1282 = ORIENTED_EDGE('',*,*,#1283,.F.);
#1283 = EDGE_CURVE('',#1284,#1276,#1286,.T.);
#1284 = VERTEX_POINT('',#1285);
#1285 = CARTESIAN_POINT('',(-14.64,-9.36,0.));
#1286 = LINE('',#1287,#1288);
#1287 = CARTESIAN_POINT('',(-14.64,-9.36,0.));
#1288 = VECTOR('',#1289,1.);
#1289 = DIRECTION('',(0.,1.,0.));
#1290 = ORIENTED_EDGE('',*,*,#1291,.F.);
#1291 = EDGE_CURVE('',#1292,#1284,#1294,.T.);
#1292 = VERTEX_POINT('',#1293);
#1293 = CARTESIAN_POINT('',(-14.64,-14.64,0.));
#1294 = LINE('',#1295,#1296);
#1295 = CARTESIAN_POINT('',(-14.64,-14.64,0.));
#1296 = VECTOR('',#1297,1.);
#1297 = DIRECTION('',(0.,1.,0.));
#1298 = ORIENTED_EDGE('',*,*,#1299,.F.);
#1299 = EDGE_CURVE('',#1300,#1292,#1302,.T.);
#1300 = VERTEX_POINT('',#1301);
#1301 = CARTESIAN_POINT('',(-14.64,-17.36,0.));
#1302 = LINE('',#1303,#1304);
#1303 = CARTESIAN_POINT('',(-14.64,-17.36,0.));
#1304 = VECTOR('',#1305,1.);
#1305 = DIRECTION('',(0.,1.,0.));
#1306 = ORIENTED_EDGE('',*,*,#1307,.F.);
#1307 = EDGE_CURVE('',#1308,#1300,#1310,.T.);
#1308 = VERTEX_POINT('',#1309);
#1309 = CARTESIAN_POINT('',(-14.64,-22.64,0.));
#1310 = LINE('',#1311,#1312);
#1311 = CARTESIAN_POINT('',(-14.64,-22.64,0.));
#1312 = VECTOR('',#1313,1.);
#1313 = DIRECTION('',(0.,1.,0.));
#1314 = ORIENTED_EDGE('',*,*,#1315,.F.);
#1315 = EDGE_CURVE('',#1052,#1308,#1316,.T.);
#1316 = LINE('',#1317,#1318);
#1317 = CARTESIAN_POINT('',(-14.64,-25.36,0.));
#1318 = VECTOR('',#1319,1.);
#1319 = DIRECTION('',(0.,1.,0.));
#1320 = PLANE('',#1321);
#1321 = AXIS2_PLACEMENT_3D('',#1322,#1323,#1324);
#1322 = CARTESIAN_POINT('',(-1.338912133891,1.338912133891,0.));
#1323 = DIRECTION('',(-0.,-0.,-1.));
#1324 = DIRECTION('',(-1.,0.,0.));
#1325 = ADVANCED_FACE('',(#1326),#1345,.T.);
#1326 = FACE_BOUND('',#1327,.T.);
#1327 = EDGE_LOOP('',(#1328,#1337,#1343,#1344));
#1328 = ORIENTED_EDGE('',*,*,#1329,.F.);
#1329 = EDGE_CURVE('',#1330,#1330,#1332,.T.);
#1330 = VERTEX_POINT('',#1331);
#1331 = CARTESIAN_POINT('',(-9.85,-20.,11.4));
#1332 = CIRCLE('',#1333,2.15);
#1333 = AXIS2_PLACEMENT_3D('',#1334,#1335,#1336);
#1334 = CARTESIAN_POINT('',(-12.,-20.,11.4));
#1335 = DIRECTION('',(0.,0.,1.));
#1336 = DIRECTION('',(1.,0.,0.));
#1337 = ORIENTED_EDGE('',*,*,#1338,.F.);
#1338 = EDGE_CURVE('',#556,#1330,#1339,.T.);
#1339 = LINE('',#1340,#1341);
#1340 = CARTESIAN_POINT('',(-9.6,-20.,11.15));
#1341 = VECTOR('',#1342,1.);
#1342 = DIRECTION('',(-0.707106781187,1.731912112471E-16,0.707106781187)
  );
#1343 = ORIENTED_EDGE('',*,*,#563,.T.);
#1344 = ORIENTED_EDGE('',*,*,#1338,.T.);
#1345 = CONICAL_SURFACE('',#1346,2.4,0.785398163397);
#1346 = AXIS2_PLACEMENT_3D('',#1347,#1348,#1349);
#1347 = CARTESIAN_POINT('',(-12.,-20.,11.15));
#1348 = DIRECTION('',(-0.,-0.,-1.));
#1349 = DIRECTION('',(1.,0.,0.));
#1350 = ADVANCED_FACE('',(#1351),#1370,.T.);
#1351 = FACE_BOUND('',#1352,.T.);
#1352 = EDGE_LOOP('',(#1353,#1362,#1368,#1369));
#1353 = ORIENTED_EDGE('',*,*,#1354,.F.);
#1354 = EDGE_CURVE('',#1355,#1355,#1357,.T.);
#1355 = VERTEX_POINT('',#1356);
#1356 = CARTESIAN_POINT('',(-1.85,-28.,11.4));
#1357 = CIRCLE('',#1358,2.15);
#1358 = AXIS2_PLACEMENT_3D('',#1359,#1360,#1361);
#1359 = CARTESIAN_POINT('',(-4.,-28.,11.4));
#1360 = DIRECTION('',(0.,0.,1.));
#1361 = DIRECTION('',(1.,0.,0.));
#1362 = ORIENTED_EDGE('',*,*,#1363,.F.);
#1363 = EDGE_CURVE('',#581,#1355,#1364,.T.);
#1364 = LINE('',#1365,#1366);
#1365 = CARTESIAN_POINT('',(-1.6,-28.,11.15));
#1366 = VECTOR('',#1367,1.);
#1367 = DIRECTION('',(-0.707106781187,1.731912112471E-16,0.707106781187)
  );
#1368 = ORIENTED_EDGE('',*,*,#588,.T.);
#1369 = ORIENTED_EDGE('',*,*,#1363,.T.);
#1370 = CONICAL_SURFACE('',#1371,2.4,0.785398163397);
#1371 = AXIS2_PLACEMENT_3D('',#1372,#1373,#1374);
#1372 = CARTESIAN_POINT('',(-4.,-28.,11.15));
#1373 = DIRECTION('',(-0.,-0.,-1.));
#1374 = DIRECTION('',(1.,0.,0.));
#1375 = ADVANCED_FACE('',(#1376),#1395,.T.);
#1376 = FACE_BOUND('',#1377,.T.);
#1377 = EDGE_LOOP('',(#1378,#1387,#1393,#1394));
#1378 = ORIENTED_EDGE('',*,*,#1379,.F.);
#1379 = EDGE_CURVE('',#1380,#1380,#1382,.T.);
#1380 = VERTEX_POINT('',#1381);
#1381 = CARTESIAN_POINT('',(-1.85,-20.,11.4));
#1382 = CIRCLE('',#1383,2.15);
#1383 = AXIS2_PLACEMENT_3D('',#1384,#1385,#1386);
#1384 = CARTESIAN_POINT('',(-4.,-20.,11.4));
#1385 = DIRECTION('',(0.,0.,1.));
#1386 = DIRECTION('',(1.,0.,0.));
#1387 = ORIENTED_EDGE('',*,*,#1388,.F.);
#1388 = EDGE_CURVE('',#606,#1380,#1389,.T.);
#1389 = LINE('',#1390,#1391);
#1390 = CARTESIAN_POINT('',(-1.6,-20.,11.15));
#1391 = VECTOR('',#1392,1.);
#1392 = DIRECTION('',(-0.707106781187,1.731912112471E-16,0.707106781187)
  );
#1393 = ORIENTED_EDGE('',*,*,#613,.T.);
#1394 = ORIENTED_EDGE('',*,*,#1388,.T.);
#1395 = CONICAL_SURFACE('',#1396,2.4,0.785398163397);
#1396 = AXIS2_PLACEMENT_3D('',#1397,#1398,#1399);
#1397 = CARTESIAN_POINT('',(-4.,-20.,11.15));
#1398 = DIRECTION('',(-0.,-0.,-1.));
#1399 = DIRECTION('',(1.,0.,0.));
#1400 = ADVANCED_FACE('',(#1401),#1420,.T.);
#1401 = FACE_BOUND('',#1402,.T.);
#1402 = EDGE_LOOP('',(#1403,#1412,#1418,#1419));
#1403 = ORIENTED_EDGE('',*,*,#1404,.F.);
#1404 = EDGE_CURVE('',#1405,#1405,#1407,.T.);
#1405 = VERTEX_POINT('',#1406);
#1406 = CARTESIAN_POINT('',(-9.85,-12.,11.4));
#1407 = CIRCLE('',#1408,2.15);
#1408 = AXIS2_PLACEMENT_3D('',#1409,#1410,#1411);
#1409 = CARTESIAN_POINT('',(-12.,-12.,11.4));
#1410 = DIRECTION('',(0.,0.,1.));
#1411 = DIRECTION('',(1.,0.,0.));
#1412 = ORIENTED_EDGE('',*,*,#1413,.F.);
#1413 = EDGE_CURVE('',#631,#1405,#1414,.T.);
#1414 = LINE('',#1415,#1416);
#1415 = CARTESIAN_POINT('',(-9.6,-12.,11.15));
#1416 = VECTOR('',#1417,1.);
#1417 = DIRECTION('',(-0.707106781187,1.731912112471E-16,0.707106781187)
  );
#1418 = ORIENTED_EDGE('',*,*,#638,.T.);
#1419 = ORIENTED_EDGE('',*,*,#1413,.T.);
#1420 = CONICAL_SURFACE('',#1421,2.4,0.785398163397);
#1421 = AXIS2_PLACEMENT_3D('',#1422,#1423,#1424);
#1422 = CARTESIAN_POINT('',(-12.,-12.,11.15));
#1423 = DIRECTION('',(-0.,-0.,-1.));
#1424 = DIRECTION('',(1.,0.,0.));
#1425 = ADVANCED_FACE('',(#1426),#1445,.T.);
#1426 = FACE_BOUND('',#1427,.T.);
#1427 = EDGE_LOOP('',(#1428,#1437,#1443,#1444));
#1428 = ORIENTED_EDGE('',*,*,#1429,.F.);
#1429 = EDGE_CURVE('',#1430,#1430,#1432,.T.);
#1430 = VERTEX_POINT('',#1431);
#1431 = CARTESIAN_POINT('',(-9.85,-4.,11.4));
#1432 = CIRCLE('',#1433,2.15);
#1433 = AXIS2_PLACEMENT_3D('',#1434,#1435,#1436);
#1434 = CARTESIAN_POINT('',(-12.,-4.,11.4));
#1435 = DIRECTION('',(0.,0.,1.));
#1436 = DIRECTION('',(1.,0.,0.));
#1437 = ORIENTED_EDGE('',*,*,#1438,.F.);
#1438 = EDGE_CURVE('',#656,#1430,#1439,.T.);
#1439 = LINE('',#1440,#1441);
#1440 = CARTESIAN_POINT('',(-9.6,-4.,11.15));
#1441 = VECTOR('',#1442,1.);
#1442 = DIRECTION('',(-0.707106781187,1.731912112471E-16,0.707106781187)
  );
#1443 = ORIENTED_EDGE('',*,*,#663,.T.);
#1444 = ORIENTED_EDGE('',*,*,#1438,.T.);
#1445 = CONICAL_SURFACE('',#1446,2.4,0.785398163397);
#1446 = AXIS2_PLACEMENT_3D('',#1447,#1448,#1449);
#1447 = CARTESIAN_POINT('',(-12.,-4.,11.15));
#1448 = DIRECTION('',(-0.,-0.,-1.));
#1449 = DIRECTION('',(1.,0.,0.));
#1450 = ADVANCED_FACE('',(#1451),#1470,.T.);
#1451 = FACE_BOUND('',#1452,.T.);
#1452 = EDGE_LOOP('',(#1453,#1462,#1468,#1469));
#1453 = ORIENTED_EDGE('',*,*,#1454,.F.);
#1454 = EDGE_CURVE('',#1455,#1455,#1457,.T.);
#1455 = VERTEX_POINT('',#1456);
#1456 = CARTESIAN_POINT('',(-1.85,-12.,11.4));
#1457 = CIRCLE('',#1458,2.15);
#1458 = AXIS2_PLACEMENT_3D('',#1459,#1460,#1461);
#1459 = CARTESIAN_POINT('',(-4.,-12.,11.4));
#1460 = DIRECTION('',(0.,0.,1.));
#1461 = DIRECTION('',(1.,0.,0.));
#1462 = ORIENTED_EDGE('',*,*,#1463,.F.);
#1463 = EDGE_CURVE('',#681,#1455,#1464,.T.);
#1464 = LINE('',#1465,#1466);
#1465 = CARTESIAN_POINT('',(-1.6,-12.,11.15));
#1466 = VECTOR('',#1467,1.);
#1467 = DIRECTION('',(-0.707106781187,1.731912112471E-16,0.707106781187)
  );
#1468 = ORIENTED_EDGE('',*,*,#688,.T.);
#1469 = ORIENTED_EDGE('',*,*,#1463,.T.);
#1470 = CONICAL_SURFACE('',#1471,2.4,0.785398163397);
#1471 = AXIS2_PLACEMENT_3D('',#1472,#1473,#1474);
#1472 = CARTESIAN_POINT('',(-4.,-12.,11.15));
#1473 = DIRECTION('',(-0.,-0.,-1.));
#1474 = DIRECTION('',(1.,0.,0.));
#1475 = ADVANCED_FACE('',(#1476),#1495,.T.);
#1476 = FACE_BOUND('',#1477,.T.);
#1477 = EDGE_LOOP('',(#1478,#1487,#1493,#1494));
#1478 = ORIENTED_EDGE('',*,*,#1479,.F.);
#1479 = EDGE_CURVE('',#1480,#1480,#1482,.T.);
#1480 = VERTEX_POINT('',#1481);
#1481 = CARTESIAN_POINT('',(-1.85,-4.,11.4));
#1482 = CIRCLE('',#1483,2.15);
#1483 = AXIS2_PLACEMENT_3D('',#1484,#1485,#1486);
#1484 = CARTESIAN_POINT('',(-4.,-4.,11.4));
#1485 = DIRECTION('',(0.,0.,1.));
#1486 = DIRECTION('',(1.,0.,0.));
#1487 = ORIENTED_EDGE('',*,*,#1488,.F.);
#1488 = EDGE_CURVE('',#706,#1480,#1489,.T.);
#1489 = LINE('',#1490,#1491);
#1490 = CARTESIAN_POINT('',(-1.6,-4.,11.15));
#1491 = VECTOR('',#1492,1.);
#1492 = DIRECTION('',(-0.707106781187,1.731912112471E-16,0.707106781187)
  );
#1493 = ORIENTED_EDGE('',*,*,#713,.T.);
#1494 = ORIENTED_EDGE('',*,*,#1488,.T.);
#1495 = CONICAL_SURFACE('',#1496,2.4,0.785398163397);
#1496 = AXIS2_PLACEMENT_3D('',#1497,#1498,#1499);
#1497 = CARTESIAN_POINT('',(-4.,-4.,11.15));
#1498 = DIRECTION('',(-0.,-0.,-1.));
#1499 = DIRECTION('',(1.,0.,0.));
#1500 = ADVANCED_FACE('',(#1501),#1520,.T.);
#1501 = FACE_BOUND('',#1502,.T.);
#1502 = EDGE_LOOP('',(#1503,#1512,#1518,#1519));
#1503 = ORIENTED_EDGE('',*,*,#1504,.F.);
#1504 = EDGE_CURVE('',#1505,#1505,#1507,.T.);
#1505 = VERTEX_POINT('',#1506);
#1506 = CARTESIAN_POINT('',(-9.85,4.,11.4));
#1507 = CIRCLE('',#1508,2.15);
#1508 = AXIS2_PLACEMENT_3D('',#1509,#1510,#1511);
#1509 = CARTESIAN_POINT('',(-12.,4.,11.4));
#1510 = DIRECTION('',(0.,0.,1.));
#1511 = DIRECTION('',(1.,0.,0.));
#1512 = ORIENTED_EDGE('',*,*,#1513,.F.);
#1513 = EDGE_CURVE('',#731,#1505,#1514,.T.);
#1514 = LINE('',#1515,#1516);
#1515 = CARTESIAN_POINT('',(-9.6,4.,11.15));
#1516 = VECTOR('',#1517,1.);
#1517 = DIRECTION('',(-0.707106781187,1.731912112471E-16,0.707106781187)
  );
#1518 = ORIENTED_EDGE('',*,*,#738,.T.);
#1519 = ORIENTED_EDGE('',*,*,#1513,.T.);
#1520 = CONICAL_SURFACE('',#1521,2.4,0.785398163397);
#1521 = AXIS2_PLACEMENT_3D('',#1522,#1523,#1524);
#1522 = CARTESIAN_POINT('',(-12.,4.,11.15));
#1523 = DIRECTION('',(-0.,-0.,-1.));
#1524 = DIRECTION('',(1.,0.,0.));
#1525 = ADVANCED_FACE('',(#1526),#1545,.T.);
#1526 = FACE_BOUND('',#1527,.T.);
#1527 = EDGE_LOOP('',(#1528,#1537,#1543,#1544));
#1528 = ORIENTED_EDGE('',*,*,#1529,.F.);
#1529 = EDGE_CURVE('',#1530,#1530,#1532,.T.);
#1530 = VERTEX_POINT('',#1531);
#1531 = CARTESIAN_POINT('',(-9.85,12.,11.4));
#1532 = CIRCLE('',#1533,2.15);
#1533 = AXIS2_PLACEMENT_3D('',#1534,#1535,#1536);
#1534 = CARTESIAN_POINT('',(-12.,12.,11.4));
#1535 = DIRECTION('',(0.,0.,1.));
#1536 = DIRECTION('',(1.,0.,0.));
#1537 = ORIENTED_EDGE('',*,*,#1538,.F.);
#1538 = EDGE_CURVE('',#756,#1530,#1539,.T.);
#1539 = LINE('',#1540,#1541);
#1540 = CARTESIAN_POINT('',(-9.6,12.,11.15));
#1541 = VECTOR('',#1542,1.);
#1542 = DIRECTION('',(-0.707106781187,1.731912112471E-16,0.707106781187)
  );
#1543 = ORIENTED_EDGE('',*,*,#763,.T.);
#1544 = ORIENTED_EDGE('',*,*,#1538,.T.);
#1545 = CONICAL_SURFACE('',#1546,2.4,0.785398163397);
#1546 = AXIS2_PLACEMENT_3D('',#1547,#1548,#1549);
#1547 = CARTESIAN_POINT('',(-12.,12.,11.15));
#1548 = DIRECTION('',(-0.,-0.,-1.));
#1549 = DIRECTION('',(1.,0.,0.));
#1550 = ADVANCED_FACE('',(#1551),#1570,.T.);
#1551 = FACE_BOUND('',#1552,.T.);
#1552 = EDGE_LOOP('',(#1553,#1562,#1568,#1569));
#1553 = ORIENTED_EDGE('',*,*,#1554,.F.);
#1554 = EDGE_CURVE('',#1555,#1555,#1557,.T.);
#1555 = VERTEX_POINT('',#1556);
#1556 = CARTESIAN_POINT('',(-1.85,4.,11.4));
#1557 = CIRCLE('',#1558,2.15);
#1558 = AXIS2_PLACEMENT_3D('',#1559,#1560,#1561);
#1559 = CARTESIAN_POINT('',(-4.,4.,11.4));
#1560 = DIRECTION('',(0.,0.,1.));
#1561 = DIRECTION('',(1.,0.,0.));
#1562 = ORIENTED_EDGE('',*,*,#1563,.F.);
#1563 = EDGE_CURVE('',#781,#1555,#1564,.T.);
#1564 = LINE('',#1565,#1566);
#1565 = CARTESIAN_POINT('',(-1.6,4.,11.15));
#1566 = VECTOR('',#1567,1.);
#1567 = DIRECTION('',(-0.707106781187,1.731912112471E-16,0.707106781187)
  );
#1568 = ORIENTED_EDGE('',*,*,#788,.T.);
#1569 = ORIENTED_EDGE('',*,*,#1563,.T.);
#1570 = CONICAL_SURFACE('',#1571,2.4,0.785398163397);
#1571 = AXIS2_PLACEMENT_3D('',#1572,#1573,#1574);
#1572 = CARTESIAN_POINT('',(-4.,4.,11.15));
#1573 = DIRECTION('',(-0.,-0.,-1.));
#1574 = DIRECTION('',(1.,0.,0.));
#1575 = ADVANCED_FACE('',(#1576),#1595,.T.);
#1576 = FACE_BOUND('',#1577,.T.);
#1577 = EDGE_LOOP('',(#1578,#1587,#1593,#1594));
#1578 = ORIENTED_EDGE('',*,*,#1579,.F.);
#1579 = EDGE_CURVE('',#1580,#1580,#1582,.T.);
#1580 = VERTEX_POINT('',#1581);
#1581 = CARTESIAN_POINT('',(-1.85,12.,11.4));
#1582 = CIRCLE('',#1583,2.15);
#1583 = AXIS2_PLACEMENT_3D('',#1584,#1585,#1586);
#1584 = CARTESIAN_POINT('',(-4.,12.,11.4));
#1585 = DIRECTION('',(0.,0.,1.));
#1586 = DIRECTION('',(1.,0.,0.));
#1587 = ORIENTED_EDGE('',*,*,#1588,.F.);
#1588 = EDGE_CURVE('',#806,#1580,#1589,.T.);
#1589 = LINE('',#1590,#1591);
#1590 = CARTESIAN_POINT('',(-1.6,12.,11.15));
#1591 = VECTOR('',#1592,1.);
#1592 = DIRECTION('',(-0.707106781187,1.731912112471E-16,0.707106781187)
  );
#1593 = ORIENTED_EDGE('',*,*,#813,.T.);
#1594 = ORIENTED_EDGE('',*,*,#1588,.T.);
#1595 = CONICAL_SURFACE('',#1596,2.4,0.785398163397);
#1596 = AXIS2_PLACEMENT_3D('',#1597,#1598,#1599);
#1597 = CARTESIAN_POINT('',(-4.,12.,11.15));
#1598 = DIRECTION('',(-0.,-0.,-1.));
#1599 = DIRECTION('',(1.,0.,0.));
#1600 = ADVANCED_FACE('',(#1601),#1620,.T.);
#1601 = FACE_BOUND('',#1602,.T.);
#1602 = EDGE_LOOP('',(#1603,#1612,#1618,#1619));
#1603 = ORIENTED_EDGE('',*,*,#1604,.F.);
#1604 = EDGE_CURVE('',#1605,#1605,#1607,.T.);
#1605 = VERTEX_POINT('',#1606);
#1606 = CARTESIAN_POINT('',(6.15,4.,11.4));
#1607 = CIRCLE('',#1608,2.15);
#1608 = AXIS2_PLACEMENT_3D('',#1609,#1610,#1611);
#1609 = CARTESIAN_POINT('',(4.,4.,11.4));
#1610 = DIRECTION('',(0.,0.,1.));
#1611 = DIRECTION('',(1.,0.,0.));
#1612 = ORIENTED_EDGE('',*,*,#1613,.F.);
#1613 = EDGE_CURVE('',#831,#1605,#1614,.T.);
#1614 = LINE('',#1615,#1616);
#1615 = CARTESIAN_POINT('',(6.4,4.,11.15));
#1616 = VECTOR('',#1617,1.);
#1617 = DIRECTION('',(-0.707106781187,1.731912112471E-16,0.707106781187)
  );
#1618 = ORIENTED_EDGE('',*,*,#838,.T.);
#1619 = ORIENTED_EDGE('',*,*,#1613,.T.);
#1620 = CONICAL_SURFACE('',#1621,2.4,0.785398163397);
#1621 = AXIS2_PLACEMENT_3D('',#1622,#1623,#1624);
#1622 = CARTESIAN_POINT('',(4.,4.,11.15));
#1623 = DIRECTION('',(-0.,-0.,-1.));
#1624 = DIRECTION('',(1.,0.,0.));
#1625 = ADVANCED_FACE('',(#1626),#1645,.T.);
#1626 = FACE_BOUND('',#1627,.T.);
#1627 = EDGE_LOOP('',(#1628,#1637,#1643,#1644));
#1628 = ORIENTED_EDGE('',*,*,#1629,.F.);
#1629 = EDGE_CURVE('',#1630,#1630,#1632,.T.);
#1630 = VERTEX_POINT('',#1631);
#1631 = CARTESIAN_POINT('',(6.15,12.,11.4));
#1632 = CIRCLE('',#1633,2.15);
#1633 = AXIS2_PLACEMENT_3D('',#1634,#1635,#1636);
#1634 = CARTESIAN_POINT('',(4.,12.,11.4));
#1635 = DIRECTION('',(0.,0.,1.));
#1636 = DIRECTION('',(1.,0.,0.));
#1637 = ORIENTED_EDGE('',*,*,#1638,.F.);
#1638 = EDGE_CURVE('',#856,#1630,#1639,.T.);
#1639 = LINE('',#1640,#1641);
#1640 = CARTESIAN_POINT('',(6.4,12.,11.15));
#1641 = VECTOR('',#1642,1.);
#1642 = DIRECTION('',(-0.707106781187,1.731912112471E-16,0.707106781187)
  );
#1643 = ORIENTED_EDGE('',*,*,#863,.T.);
#1644 = ORIENTED_EDGE('',*,*,#1638,.T.);
#1645 = CONICAL_SURFACE('',#1646,2.4,0.785398163397);
#1646 = AXIS2_PLACEMENT_3D('',#1647,#1648,#1649);
#1647 = CARTESIAN_POINT('',(4.,12.,11.15));
#1648 = DIRECTION('',(-0.,-0.,-1.));
#1649 = DIRECTION('',(1.,0.,0.));
#1650 = ADVANCED_FACE('',(#1651),#1670,.T.);
#1651 = FACE_BOUND('',#1652,.T.);
#1652 = EDGE_LOOP('',(#1653,#1662,#1668,#1669));
#1653 = ORIENTED_EDGE('',*,*,#1654,.F.);
#1654 = EDGE_CURVE('',#1655,#1655,#1657,.T.);
#1655 = VERTEX_POINT('',#1656);
#1656 = CARTESIAN_POINT('',(14.15,4.,11.4));
#1657 = CIRCLE('',#1658,2.15);
#1658 = AXIS2_PLACEMENT_3D('',#1659,#1660,#1661);
#1659 = CARTESIAN_POINT('',(12.,4.,11.4));
#1660 = DIRECTION('',(0.,0.,1.));
#1661 = DIRECTION('',(1.,0.,0.));
#1662 = ORIENTED_EDGE('',*,*,#1663,.F.);
#1663 = EDGE_CURVE('',#881,#1655,#1664,.T.);
#1664 = LINE('',#1665,#1666);
#1665 = CARTESIAN_POINT('',(14.4,4.,11.15));
#1666 = VECTOR('',#1667,1.);
#1667 = DIRECTION('',(-0.707106781187,1.731912112471E-16,0.707106781187)
  );
#1668 = ORIENTED_EDGE('',*,*,#888,.T.);
#1669 = ORIENTED_EDGE('',*,*,#1663,.T.);
#1670 = CONICAL_SURFACE('',#1671,2.4,0.785398163397);
#1671 = AXIS2_PLACEMENT_3D('',#1672,#1673,#1674);
#1672 = CARTESIAN_POINT('',(12.,4.,11.15));
#1673 = DIRECTION('',(-0.,-0.,-1.));
#1674 = DIRECTION('',(1.,0.,0.));
#1675 = ADVANCED_FACE('',(#1676),#1695,.T.);
#1676 = FACE_BOUND('',#1677,.T.);
#1677 = EDGE_LOOP('',(#1678,#1687,#1693,#1694));
#1678 = ORIENTED_EDGE('',*,*,#1679,.F.);
#1679 = EDGE_CURVE('',#1680,#1680,#1682,.T.);
#1680 = VERTEX_POINT('',#1681);
#1681 = CARTESIAN_POINT('',(14.15,12.,11.4));
#1682 = CIRCLE('',#1683,2.15);
#1683 = AXIS2_PLACEMENT_3D('',#1684,#1685,#1686);
#1684 = CARTESIAN_POINT('',(12.,12.,11.4));
#1685 = DIRECTION('',(0.,0.,1.));
#1686 = DIRECTION('',(1.,0.,0.));
#1687 = ORIENTED_EDGE('',*,*,#1688,.F.);
#1688 = EDGE_CURVE('',#906,#1680,#1689,.T.);
#1689 = LINE('',#1690,#1691);
#1690 = CARTESIAN_POINT('',(14.4,12.,11.15));
#1691 = VECTOR('',#1692,1.);
#1692 = DIRECTION('',(-0.707106781187,1.731912112471E-16,0.707106781187)
  );
#1693 = ORIENTED_EDGE('',*,*,#913,.T.);
#1694 = ORIENTED_EDGE('',*,*,#1688,.T.);
#1695 = CONICAL_SURFACE('',#1696,2.4,0.785398163397);
#1696 = AXIS2_PLACEMENT_3D('',#1697,#1698,#1699);
#1697 = CARTESIAN_POINT('',(12.,12.,11.15));
#1698 = DIRECTION('',(-0.,-0.,-1.));
#1699 = DIRECTION('',(1.,0.,0.));
#1700 = ADVANCED_FACE('',(#1701),#1720,.T.);
#1701 = FACE_BOUND('',#1702,.T.);
#1702 = EDGE_LOOP('',(#1703,#1712,#1718,#1719));
#1703 = ORIENTED_EDGE('',*,*,#1704,.F.);
#1704 = EDGE_CURVE('',#1705,#1705,#1707,.T.);
#1705 = VERTEX_POINT('',#1706);
#1706 = CARTESIAN_POINT('',(6.15,20.,11.4));
#1707 = CIRCLE('',#1708,2.15);
#1708 = AXIS2_PLACEMENT_3D('',#1709,#1710,#1711);
#1709 = CARTESIAN_POINT('',(4.,20.,11.4));
#1710 = DIRECTION('',(0.,0.,1.));
#1711 = DIRECTION('',(1.,0.,0.));
#1712 = ORIENTED_EDGE('',*,*,#1713,.F.);
#1713 = EDGE_CURVE('',#931,#1705,#1714,.T.);
#1714 = LINE('',#1715,#1716);
#1715 = CARTESIAN_POINT('',(6.4,20.,11.15));
#1716 = VECTOR('',#1717,1.);
#1717 = DIRECTION('',(-0.707106781187,1.731912112471E-16,0.707106781187)
  );
#1718 = ORIENTED_EDGE('',*,*,#938,.T.);
#1719 = ORIENTED_EDGE('',*,*,#1713,.T.);
#1720 = CONICAL_SURFACE('',#1721,2.4,0.785398163397);
#1721 = AXIS2_PLACEMENT_3D('',#1722,#1723,#1724);
#1722 = CARTESIAN_POINT('',(4.,20.,11.15));
#1723 = DIRECTION('',(-0.,-0.,-1.));
#1724 = DIRECTION('',(1.,0.,0.));
#1725 = ADVANCED_FACE('',(#1726),#1745,.T.);
#1726 = FACE_BOUND('',#1727,.T.);
#1727 = EDGE_LOOP('',(#1728,#1737,#1743,#1744));
#1728 = ORIENTED_EDGE('',*,*,#1729,.F.);
#1729 = EDGE_CURVE('',#1730,#1730,#1732,.T.);
#1730 = VERTEX_POINT('',#1731);
#1731 = CARTESIAN_POINT('',(6.15,28.,11.4));
#1732 = CIRCLE('',#1733,2.15);
#1733 = AXIS2_PLACEMENT_3D('',#1734,#1735,#1736);
#1734 = CARTESIAN_POINT('',(4.,28.,11.4));
#1735 = DIRECTION('',(0.,0.,1.));
#1736 = DIRECTION('',(1.,0.,0.));
#1737 = ORIENTED_EDGE('',*,*,#1738,.F.);
#1738 = EDGE_CURVE('',#956,#1730,#1739,.T.);
#1739 = LINE('',#1740,#1741);
#1740 = CARTESIAN_POINT('',(6.4,28.,11.15));
#1741 = VECTOR('',#1742,1.);
#1742 = DIRECTION('',(-0.707106781187,1.731912112471E-16,0.707106781187)
  );
#1743 = ORIENTED_EDGE('',*,*,#963,.T.);
#1744 = ORIENTED_EDGE('',*,*,#1738,.T.);
#1745 = CONICAL_SURFACE('',#1746,2.4,0.785398163397);
#1746 = AXIS2_PLACEMENT_3D('',#1747,#1748,#1749);
#1747 = CARTESIAN_POINT('',(4.,28.,11.15));
#1748 = DIRECTION('',(-0.,-0.,-1.));
#1749 = DIRECTION('',(1.,0.,0.));
#1750 = ADVANCED_FACE('',(#1751),#1770,.T.);
#1751 = FACE_BOUND('',#1752,.T.);
#1752 = EDGE_LOOP('',(#1753,#1762,#1768,#1769));
#1753 = ORIENTED_EDGE('',*,*,#1754,.F.);
#1754 = EDGE_CURVE('',#1755,#1755,#1757,.T.);
#1755 = VERTEX_POINT('',#1756);
#1756 = CARTESIAN_POINT('',(14.15,20.,11.4));
#1757 = CIRCLE('',#1758,2.15);
#1758 = AXIS2_PLACEMENT_3D('',#1759,#1760,#1761);
#1759 = CARTESIAN_POINT('',(12.,20.,11.4));
#1760 = DIRECTION('',(0.,0.,1.));
#1761 = DIRECTION('',(1.,0.,0.));
#1762 = ORIENTED_EDGE('',*,*,#1763,.F.);
#1763 = EDGE_CURVE('',#981,#1755,#1764,.T.);
#1764 = LINE('',#1765,#1766);
#1765 = CARTESIAN_POINT('',(14.4,20.,11.15));
#1766 = VECTOR('',#1767,1.);
#1767 = DIRECTION('',(-0.707106781187,1.731912112471E-16,0.707106781187)
  );
#1768 = ORIENTED_EDGE('',*,*,#988,.T.);
#1769 = ORIENTED_EDGE('',*,*,#1763,.T.);
#1770 = CONICAL_SURFACE('',#1771,2.4,0.785398163397);
#1771 = AXIS2_PLACEMENT_3D('',#1772,#1773,#1774);
#1772 = CARTESIAN_POINT('',(12.,20.,11.15));
#1773 = DIRECTION('',(-0.,-0.,-1.));
#1774 = DIRECTION('',(1.,0.,0.));
#1775 = ADVANCED_FACE('',(#1776),#1795,.T.);
#1776 = FACE_BOUND('',#1777,.T.);
#1777 = EDGE_LOOP('',(#1778,#1787,#1793,#1794));
#1778 = ORIENTED_EDGE('',*,*,#1779,.F.);
#1779 = EDGE_CURVE('',#1780,#1780,#1782,.T.);
#1780 = VERTEX_POINT('',#1781);
#1781 = CARTESIAN_POINT('',(14.15,28.,11.4));
#1782 = CIRCLE('',#1783,2.15);
#1783 = AXIS2_PLACEMENT_3D('',#1784,#1785,#1786);
#1784 = CARTESIAN_POINT('',(12.,28.,11.4));
#1785 = DIRECTION('',(0.,0.,1.));
#1786 = DIRECTION('',(1.,0.,0.));
#1787 = ORIENTED_EDGE('',*,*,#1788,.F.);
#1788 = EDGE_CURVE('',#1006,#1780,#1789,.T.);
#1789 = LINE('',#1790,#1791);
#1790 = CARTESIAN_POINT('',(14.4,28.,11.15));
#1791 = VECTOR('',#1792,1.);
#1792 = DIRECTION('',(-0.707106781187,1.731912112471E-16,0.707106781187)
  );
#1793 = ORIENTED_EDGE('',*,*,#1013,.T.);
#1794 = ORIENTED_EDGE('',*,*,#1788,.T.);
#1795 = CONICAL_SURFACE('',#1796,2.4,0.785398163397);
#1796 = AXIS2_PLACEMENT_3D('',#1797,#1798,#1799);
#1797 = CARTESIAN_POINT('',(12.,28.,11.15));
#1798 = DIRECTION('',(-0.,-0.,-1.));
#1799 = DIRECTION('',(1.,0.,0.));
#1800 = ADVANCED_FACE('',(#1801),#1824,.F.);
#1801 = FACE_BOUND('',#1802,.F.);
#1802 = EDGE_LOOP('',(#1803,#1804,#1811,#1819));
#1803 = ORIENTED_EDGE('',*,*,#1049,.F.);
#1804 = ORIENTED_EDGE('',*,*,#1805,.T.);
#1805 = EDGE_CURVE('',#1050,#1806,#1808,.T.);
#1806 = VERTEX_POINT('',#1807);
#1807 = CARTESIAN_POINT('',(-14.44,-30.44,0.3));
#1808 = B_SPLINE_CURVE_WITH_KNOTS('',1,(#1809,#1810),.UNSPECIFIED.,.F.,
  .F.,(2,2),(0.,1.),.PIECEWISE_BEZIER_KNOTS.);
#1809 = CARTESIAN_POINT('',(-14.64,-30.64,0.));
#1810 = CARTESIAN_POINT('',(-14.44,-30.44,0.3));
#1811 = ORIENTED_EDGE('',*,*,#1812,.T.);
#1812 = EDGE_CURVE('',#1806,#1813,#1815,.T.);
#1813 = VERTEX_POINT('',#1814);
#1814 = CARTESIAN_POINT('',(-14.44,-25.56,0.3));
#1815 = LINE('',#1816,#1817);
#1816 = CARTESIAN_POINT('',(-14.44,-30.44,0.3));
#1817 = VECTOR('',#1818,1.);
#1818 = DIRECTION('',(0.,1.,0.));
#1819 = ORIENTED_EDGE('',*,*,#1820,.F.);
#1820 = EDGE_CURVE('',#1052,#1813,#1821,.T.);
#1821 = B_SPLINE_CURVE_WITH_KNOTS('',1,(#1822,#1823),.UNSPECIFIED.,.F.,
  .F.,(2,2),(0.,1.),.PIECEWISE_BEZIER_KNOTS.);
#1822 = CARTESIAN_POINT('',(-14.64,-25.36,0.));
#1823 = CARTESIAN_POINT('',(-14.44,-25.56,0.3));
#1824 = B_SPLINE_SURFACE_WITH_KNOTS('',1,1,(
    (#1825,#1826)
    ,(#1827,#1828
    )),.UNSPECIFIED.,.F.,.F.,.F.,(2,2),(2,2),(-5.28,0.),(0.,1.),
  .PIECEWISE_BEZIER_KNOTS.);
#1825 = CARTESIAN_POINT('',(-14.64,-25.36,0.));
#1826 = CARTESIAN_POINT('',(-14.44,-25.56,0.3));
#1827 = CARTESIAN_POINT('',(-14.64,-30.64,0.));
#1828 = CARTESIAN_POINT('',(-14.44,-30.44,0.3));
#1829 = ADVANCED_FACE('',(#1830),#1847,.F.);
#1830 = FACE_BOUND('',#1831,.F.);
#1831 = EDGE_LOOP('',(#1832,#1833,#1834,#1842));
#1832 = ORIENTED_EDGE('',*,*,#1315,.F.);
#1833 = ORIENTED_EDGE('',*,*,#1820,.T.);
#1834 = ORIENTED_EDGE('',*,*,#1835,.T.);
#1835 = EDGE_CURVE('',#1813,#1836,#1838,.T.);
#1836 = VERTEX_POINT('',#1837);
#1837 = CARTESIAN_POINT('',(-14.44,-22.44,0.3));
#1838 = LINE('',#1839,#1840);
#1839 = CARTESIAN_POINT('',(-14.44,-25.56,0.3));
#1840 = VECTOR('',#1841,1.);
#1841 = DIRECTION('',(0.,1.,0.));
#1842 = ORIENTED_EDGE('',*,*,#1843,.F.);
#1843 = EDGE_CURVE('',#1308,#1836,#1844,.T.);
#1844 = B_SPLINE_CURVE_WITH_KNOTS('',1,(#1845,#1846),.UNSPECIFIED.,.F.,
  .F.,(2,2),(0.,1.),.PIECEWISE_BEZIER_KNOTS.);
#1845 = CARTESIAN_POINT('',(-14.64,-22.64,0.));
#1846 = CARTESIAN_POINT('',(-14.44,-22.44,0.3));
#1847 = B_SPLINE_SURFACE_WITH_KNOTS('',1,1,(
    (#1848,#1849)
    ,(#1850,#1851
    )),.UNSPECIFIED.,.F.,.F.,.F.,(2,2),(2,2),(-3.12,0.),(0.,1.),
  .PIECEWISE_BEZIER_KNOTS.);
#1848 = CARTESIAN_POINT('',(-14.64,-22.64,0.));
#1849 = CARTESIAN_POINT('',(-14.44,-22.44,0.3));
#1850 = CARTESIAN_POINT('',(-14.64,-25.36,0.));
#1851 = CARTESIAN_POINT('',(-14.44,-25.56,0.3));
#1852 = ADVANCED_FACE('',(#1853),#1870,.F.);
#1853 = FACE_BOUND('',#1854,.F.);
#1854 = EDGE_LOOP('',(#1855,#1856,#1857,#1865));
#1855 = ORIENTED_EDGE('',*,*,#1307,.F.);
#1856 = ORIENTED_EDGE('',*,*,#1843,.T.);
#1857 = ORIENTED_EDGE('',*,*,#1858,.T.);
#1858 = EDGE_CURVE('',#1836,#1859,#1861,.T.);
#1859 = VERTEX_POINT('',#1860);
#1860 = CARTESIAN_POINT('',(-14.44,-17.56,0.3));
#1861 = LINE('',#1862,#1863);
#1862 = CARTESIAN_POINT('',(-14.44,-22.44,0.3));
#1863 = VECTOR('',#1864,1.);
#1864 = DIRECTION('',(0.,1.,0.));
#1865 = ORIENTED_EDGE('',*,*,#1866,.F.);
#1866 = EDGE_CURVE('',#1300,#1859,#1867,.T.);
#1867 = B_SPLINE_CURVE_WITH_KNOTS('',1,(#1868,#1869),.UNSPECIFIED.,.F.,
  .F.,(2,2),(0.,1.),.PIECEWISE_BEZIER_KNOTS.);
#1868 = CARTESIAN_POINT('',(-14.64,-17.36,0.));
#1869 = CARTESIAN_POINT('',(-14.44,-17.56,0.3));
#1870 = B_SPLINE_SURFACE_WITH_KNOTS('',1,1,(
    (#1871,#1872)
    ,(#1873,#1874
    )),.UNSPECIFIED.,.F.,.F.,.F.,(2,2),(2,2),(-5.28,0.),(0.,1.),
  .PIECEWISE_BEZIER_KNOTS.);
#1871 = CARTESIAN_POINT('',(-14.64,-17.36,0.));
#1872 = CARTESIAN_POINT('',(-14.44,-17.56,0.3));
#1873 = CARTESIAN_POINT('',(-14.64,-22.64,0.));
#1874 = CARTESIAN_POINT('',(-14.44,-22.44,0.3));
#1875 = ADVANCED_FACE('',(#1876),#1893,.F.);
#1876 = FACE_BOUND('',#1877,.F.);
#1877 = EDGE_LOOP('',(#1878,#1879,#1880,#1888));
#1878 = ORIENTED_EDGE('',*,*,#1299,.F.);
#1879 = ORIENTED_EDGE('',*,*,#1866,.T.);
#1880 = ORIENTED_EDGE('',*,*,#1881,.T.);
#1881 = EDGE_CURVE('',#1859,#1882,#1884,.T.);
#1882 = VERTEX_POINT('',#1883);
#1883 = CARTESIAN_POINT('',(-14.44,-14.44,0.3));
#1884 = LINE('',#1885,#1886);
#1885 = CARTESIAN_POINT('',(-14.44,-17.56,0.3));
#1886 = VECTOR('',#1887,1.);
#1887 = DIRECTION('',(0.,1.,0.));
#1888 = ORIENTED_EDGE('',*,*,#1889,.F.);
#1889 = EDGE_CURVE('',#1292,#1882,#1890,.T.);
#1890 = B_SPLINE_CURVE_WITH_KNOTS('',1,(#1891,#1892),.UNSPECIFIED.,.F.,
  .F.,(2,2),(0.,1.),.PIECEWISE_BEZIER_KNOTS.);
#1891 = CARTESIAN_POINT('',(-14.64,-14.64,0.));
#1892 = CARTESIAN_POINT('',(-14.44,-14.44,0.3));
#1893 = B_SPLINE_SURFACE_WITH_KNOTS('',1,1,(
    (#1894,#1895)
    ,(#1896,#1897
    )),.UNSPECIFIED.,.F.,.F.,.F.,(2,2),(2,2),(-3.12,0.),(0.,1.),
  .PIECEWISE_BEZIER_KNOTS.);
#1894 = CARTESIAN_POINT('',(-14.64,-14.64,0.));
#1895 = CARTESIAN_POINT('',(-14.44,-14.44,0.3));
#1896 = CARTESIAN_POINT('',(-14.64,-17.36,0.));
#1897 = CARTESIAN_POINT('',(-14.44,-17.56,0.3));
#1898 = ADVANCED_FACE('',(#1899),#1916,.F.);
#1899 = FACE_BOUND('',#1900,.F.);
#1900 = EDGE_LOOP('',(#1901,#1902,#1903,#1911));
#1901 = ORIENTED_EDGE('',*,*,#1291,.F.);
#1902 = ORIENTED_EDGE('',*,*,#1889,.T.);
#1903 = ORIENTED_EDGE('',*,*,#1904,.T.);
#1904 = EDGE_CURVE('',#1882,#1905,#1907,.T.);
#1905 = VERTEX_POINT('',#1906);
#1906 = CARTESIAN_POINT('',(-14.44,-9.56,0.3));
#1907 = LINE('',#1908,#1909);
#1908 = CARTESIAN_POINT('',(-14.44,-14.44,0.3));
#1909 = VECTOR('',#1910,1.);
#1910 = DIRECTION('',(0.,1.,0.));
#1911 = ORIENTED_EDGE('',*,*,#1912,.F.);
#1912 = EDGE_CURVE('',#1284,#1905,#1913,.T.);
#1913 = B_SPLINE_CURVE_WITH_KNOTS('',1,(#1914,#1915),.UNSPECIFIED.,.F.,
  .F.,(2,2),(0.,1.),.PIECEWISE_BEZIER_KNOTS.);
#1914 = CARTESIAN_POINT('',(-14.64,-9.36,0.));
#1915 = CARTESIAN_POINT('',(-14.44,-9.56,0.3));
#1916 = B_SPLINE_SURFACE_WITH_KNOTS('',1,1,(
    (#1917,#1918)
    ,(#1919,#1920
    )),.UNSPECIFIED.,.F.,.F.,.F.,(2,2),(2,2),(-5.28,0.),(0.,1.),
  .PIECEWISE_BEZIER_KNOTS.);
#1917 = CARTESIAN_POINT('',(-14.64,-9.36,0.));
#1918 = CARTESIAN_POINT('',(-14.44,-9.56,0.3));
#1919 = CARTESIAN_POINT('',(-14.64,-14.64,0.));
#1920 = CARTESIAN_POINT('',(-14.44,-14.44,0.3));
#1921 = ADVANCED_FACE('',(#1922),#1939,.F.);
#1922 = FACE_BOUND('',#1923,.F.);
#1923 = EDGE_LOOP('',(#1924,#1925,#1926,#1934));
#1924 = ORIENTED_EDGE('',*,*,#1283,.F.);
#1925 = ORIENTED_EDGE('',*,*,#1912,.T.);
#1926 = ORIENTED_EDGE('',*,*,#1927,.T.);
#1927 = EDGE_CURVE('',#1905,#1928,#1930,.T.);
#1928 = VERTEX_POINT('',#1929);
#1929 = CARTESIAN_POINT('',(-14.44,-6.44,0.3));
#1930 = LINE('',#1931,#1932);
#1931 = CARTESIAN_POINT('',(-14.44,-9.56,0.3));
#1932 = VECTOR('',#1933,1.);
#1933 = DIRECTION('',(0.,1.,0.));
#1934 = ORIENTED_EDGE('',*,*,#1935,.F.);
#1935 = EDGE_CURVE('',#1276,#1928,#1936,.T.);
#1936 = B_SPLINE_CURVE_WITH_KNOTS('',1,(#1937,#1938),.UNSPECIFIED.,.F.,
  .F.,(2,2),(0.,1.),.PIECEWISE_BEZIER_KNOTS.);
#1937 = CARTESIAN_POINT('',(-14.64,-6.64,0.));
#1938 = CARTESIAN_POINT('',(-14.44,-6.44,0.3));
#1939 = B_SPLINE_SURFACE_WITH_KNOTS('',1,1,(
    (#1940,#1941)
    ,(#1942,#1943
    )),.UNSPECIFIED.,.F.,.F.,.F.,(2,2),(2,2),(-3.12,0.),(0.,1.),
  .PIECEWISE_BEZIER_KNOTS.);
#1940 = CARTESIAN_POINT('',(-14.64,-6.64,0.));
#1941 = CARTESIAN_POINT('',(-14.44,-6.44,0.3));
#1942 = CARTESIAN_POINT('',(-14.64,-9.36,0.));
#1943 = CARTESIAN_POINT('',(-14.44,-9.56,0.3));
#1944 = ADVANCED_FACE('',(#1945),#1962,.F.);
#1945 = FACE_BOUND('',#1946,.F.);
#1946 = EDGE_LOOP('',(#1947,#1948,#1949,#1957));
#1947 = ORIENTED_EDGE('',*,*,#1275,.F.);
#1948 = ORIENTED_EDGE('',*,*,#1935,.T.);
#1949 = ORIENTED_EDGE('',*,*,#1950,.T.);
#1950 = EDGE_CURVE('',#1928,#1951,#1953,.T.);
#1951 = VERTEX_POINT('',#1952);
#1952 = CARTESIAN_POINT('',(-14.44,-1.56,0.3));
#1953 = LINE('',#1954,#1955);
#1954 = CARTESIAN_POINT('',(-14.44,-6.44,0.3));
#1955 = VECTOR('',#1956,1.);
#1956 = DIRECTION('',(0.,1.,0.));
#1957 = ORIENTED_EDGE('',*,*,#1958,.F.);
#1958 = EDGE_CURVE('',#1268,#1951,#1959,.T.);
#1959 = B_SPLINE_CURVE_WITH_KNOTS('',1,(#1960,#1961),.UNSPECIFIED.,.F.,
  .F.,(2,2),(0.,1.),.PIECEWISE_BEZIER_KNOTS.);
#1960 = CARTESIAN_POINT('',(-14.64,-1.36,0.));
#1961 = CARTESIAN_POINT('',(-14.44,-1.56,0.3));
#1962 = B_SPLINE_SURFACE_WITH_KNOTS('',1,1,(
    (#1963,#1964)
    ,(#1965,#1966
    )),.UNSPECIFIED.,.F.,.F.,.F.,(2,2),(2,2),(-5.28,0.),(0.,1.),
  .PIECEWISE_BEZIER_KNOTS.);
#1963 = CARTESIAN_POINT('',(-14.64,-1.36,0.));
#1964 = CARTESIAN_POINT('',(-14.44,-1.56,0.3));
#1965 = CARTESIAN_POINT('',(-14.64,-6.64,0.));
#1966 = CARTESIAN_POINT('',(-14.44,-6.44,0.3));
#1967 = ADVANCED_FACE('',(#1968),#1985,.F.);
#1968 = FACE_BOUND('',#1969,.F.);
#1969 = EDGE_LOOP('',(#1970,#1971,#1972,#1980));
#1970 = ORIENTED_EDGE('',*,*,#1267,.F.);
#1971 = ORIENTED_EDGE('',*,*,#1958,.T.);
#1972 = ORIENTED_EDGE('',*,*,#1973,.T.);
#1973 = EDGE_CURVE('',#1951,#1974,#1976,.T.);
#1974 = VERTEX_POINT('',#1975);
#1975 = CARTESIAN_POINT('',(-14.44,1.56,0.3));
#1976 = LINE('',#1977,#1978);
#1977 = CARTESIAN_POINT('',(-14.44,-1.56,0.3));
#1978 = VECTOR('',#1979,1.);
#1979 = DIRECTION('',(0.,1.,0.));
#1980 = ORIENTED_EDGE('',*,*,#1981,.F.);
#1981 = EDGE_CURVE('',#1260,#1974,#1982,.T.);
#1982 = B_SPLINE_CURVE_WITH_KNOTS('',1,(#1983,#1984),.UNSPECIFIED.,.F.,
  .F.,(2,2),(0.,1.),.PIECEWISE_BEZIER_KNOTS.);
#1983 = CARTESIAN_POINT('',(-14.64,1.36,0.));
#1984 = CARTESIAN_POINT('',(-14.44,1.56,0.3));
#1985 = B_SPLINE_SURFACE_WITH_KNOTS('',1,1,(
    (#1986,#1987)
    ,(#1988,#1989
    )),.UNSPECIFIED.,.F.,.F.,.F.,(2,2),(2,2),(-3.12,0.),(0.,1.),
  .PIECEWISE_BEZIER_KNOTS.);
#1986 = CARTESIAN_POINT('',(-14.64,1.36,0.));
#1987 = CARTESIAN_POINT('',(-14.44,1.56,0.3));
#1988 = CARTESIAN_POINT('',(-14.64,-1.36,0.));
#1989 = CARTESIAN_POINT('',(-14.44,-1.56,0.3));
#1990 = ADVANCED_FACE('',(#1991),#2008,.F.);
#1991 = FACE_BOUND('',#1992,.F.);
#1992 = EDGE_LOOP('',(#1993,#1994,#1995,#2003));
#1993 = ORIENTED_EDGE('',*,*,#1259,.F.);
#1994 = ORIENTED_EDGE('',*,*,#1981,.T.);
#1995 = ORIENTED_EDGE('',*,*,#1996,.T.);
#1996 = EDGE_CURVE('',#1974,#1997,#1999,.T.);
#1997 = VERTEX_POINT('',#1998);
#1998 = CARTESIAN_POINT('',(-14.44,6.44,0.3));
#1999 = LINE('',#2000,#2001);
#2000 = CARTESIAN_POINT('',(-14.44,1.56,0.3));
#2001 = VECTOR('',#2002,1.);
#2002 = DIRECTION('',(0.,1.,0.));
#2003 = ORIENTED_EDGE('',*,*,#2004,.F.);
#2004 = EDGE_CURVE('',#1252,#1997,#2005,.T.);
#2005 = B_SPLINE_CURVE_WITH_KNOTS('',1,(#2006,#2007),.UNSPECIFIED.,.F.,
  .F.,(2,2),(0.,1.),.PIECEWISE_BEZIER_KNOTS.);
#2006 = CARTESIAN_POINT('',(-14.64,6.64,0.));
#2007 = CARTESIAN_POINT('',(-14.44,6.44,0.3));
#2008 = B_SPLINE_SURFACE_WITH_KNOTS('',1,1,(
    (#2009,#2010)
    ,(#2011,#2012
    )),.UNSPECIFIED.,.F.,.F.,.F.,(2,2),(2,2),(-5.28,0.),(0.,1.),
  .PIECEWISE_BEZIER_KNOTS.);
#2009 = CARTESIAN_POINT('',(-14.64,6.64,0.));
#2010 = CARTESIAN_POINT('',(-14.44,6.44,0.3));
#2011 = CARTESIAN_POINT('',(-14.64,1.36,0.));
#2012 = CARTESIAN_POINT('',(-14.44,1.56,0.3));
#2013 = ADVANCED_FACE('',(#2014),#2031,.F.);
#2014 = FACE_BOUND('',#2015,.F.);
#2015 = EDGE_LOOP('',(#2016,#2017,#2018,#2026));
#2016 = ORIENTED_EDGE('',*,*,#1251,.F.);
#2017 = ORIENTED_EDGE('',*,*,#2004,.T.);
#2018 = ORIENTED_EDGE('',*,*,#2019,.T.);
#2019 = EDGE_CURVE('',#1997,#2020,#2022,.T.);
#2020 = VERTEX_POINT('',#2021);
#2021 = CARTESIAN_POINT('',(-14.44,9.56,0.3));
#2022 = LINE('',#2023,#2024);
#2023 = CARTESIAN_POINT('',(-14.44,6.44,0.3));
#2024 = VECTOR('',#2025,1.);
#2025 = DIRECTION('',(0.,1.,0.));
#2026 = ORIENTED_EDGE('',*,*,#2027,.F.);
#2027 = EDGE_CURVE('',#1244,#2020,#2028,.T.);
#2028 = B_SPLINE_CURVE_WITH_KNOTS('',1,(#2029,#2030),.UNSPECIFIED.,.F.,
  .F.,(2,2),(0.,1.),.PIECEWISE_BEZIER_KNOTS.);
#2029 = CARTESIAN_POINT('',(-14.64,9.36,0.));
#2030 = CARTESIAN_POINT('',(-14.44,9.56,0.3));
#2031 = B_SPLINE_SURFACE_WITH_KNOTS('',1,1,(
    (#2032,#2033)
    ,(#2034,#2035
    )),.UNSPECIFIED.,.F.,.F.,.F.,(2,2),(2,2),(-3.12,0.),(0.,1.),
  .PIECEWISE_BEZIER_KNOTS.);
#2032 = CARTESIAN_POINT('',(-14.64,9.36,0.));
#2033 = CARTESIAN_POINT('',(-14.44,9.56,0.3));
#2034 = CARTESIAN_POINT('',(-14.64,6.64,0.));
#2035 = CARTESIAN_POINT('',(-14.44,6.44,0.3));
#2036 = ADVANCED_FACE('',(#2037),#2054,.F.);
#2037 = FACE_BOUND('',#2038,.F.);
#2038 = EDGE_LOOP('',(#2039,#2040,#2041,#2049));
#2039 = ORIENTED_EDGE('',*,*,#1243,.F.);
#2040 = ORIENTED_EDGE('',*,*,#2027,.T.);
#2041 = ORIENTED_EDGE('',*,*,#2042,.T.);
#2042 = EDGE_CURVE('',#2020,#2043,#2045,.T.);
#2043 = VERTEX_POINT('',#2044);
#2044 = CARTESIAN_POINT('',(-14.44,14.44,0.3));
#2045 = LINE('',#2046,#2047);
#2046 = CARTESIAN_POINT('',(-14.44,9.56,0.3));
#2047 = VECTOR('',#2048,1.);
#2048 = DIRECTION('',(0.,1.,0.));
#2049 = ORIENTED_EDGE('',*,*,#2050,.F.);
#2050 = EDGE_CURVE('',#1236,#2043,#2051,.T.);
#2051 = B_SPLINE_CURVE_WITH_KNOTS('',1,(#2052,#2053),.UNSPECIFIED.,.F.,
  .F.,(2,2),(0.,1.),.PIECEWISE_BEZIER_KNOTS.);
#2052 = CARTESIAN_POINT('',(-14.64,14.64,0.));
#2053 = CARTESIAN_POINT('',(-14.44,14.44,0.3));
#2054 = B_SPLINE_SURFACE_WITH_KNOTS('',1,1,(
    (#2055,#2056)
    ,(#2057,#2058
    )),.UNSPECIFIED.,.F.,.F.,.F.,(2,2),(2,2),(-5.28,0.),(0.,1.),
  .PIECEWISE_BEZIER_KNOTS.);
#2055 = CARTESIAN_POINT('',(-14.64,14.64,0.));
#2056 = CARTESIAN_POINT('',(-14.44,14.44,0.3));
#2057 = CARTESIAN_POINT('',(-14.64,9.36,0.));
#2058 = CARTESIAN_POINT('',(-14.44,9.56,0.3));
#2059 = ADVANCED_FACE('',(#2060),#2077,.F.);
#2060 = FACE_BOUND('',#2061,.F.);
#2061 = EDGE_LOOP('',(#2062,#2063,#2064,#2072));
#2062 = ORIENTED_EDGE('',*,*,#1235,.F.);
#2063 = ORIENTED_EDGE('',*,*,#2050,.T.);
#2064 = ORIENTED_EDGE('',*,*,#2065,.T.);
#2065 = EDGE_CURVE('',#2043,#2066,#2068,.T.);
#2066 = VERTEX_POINT('',#2067);
#2067 = CARTESIAN_POINT('',(1.56,14.44,0.3));
#2068 = LINE('',#2069,#2070);
#2069 = CARTESIAN_POINT('',(-14.44,14.44,0.3));
#2070 = VECTOR('',#2071,1.);
#2071 = DIRECTION('',(1.,0.,0.));
#2072 = ORIENTED_EDGE('',*,*,#2073,.F.);
#2073 = EDGE_CURVE('',#1228,#2066,#2074,.T.);
#2074 = B_SPLINE_CURVE_WITH_KNOTS('',1,(#2075,#2076),.UNSPECIFIED.,.F.,
  .F.,(2,2),(0.,1.),.PIECEWISE_BEZIER_KNOTS.);
#2075 = CARTESIAN_POINT('',(1.36,14.64,0.));
#2076 = CARTESIAN_POINT('',(1.56,14.44,0.3));
#2077 = B_SPLINE_SURFACE_WITH_KNOTS('',1,1,(
    (#2078,#2079)
    ,(#2080,#2081
    )),.UNSPECIFIED.,.F.,.F.,.F.,(2,2),(2,2),(-29.28,0.),(0.,1.),
  .PIECEWISE_BEZIER_KNOTS.);
#2078 = CARTESIAN_POINT('',(14.64,14.64,0.));
#2079 = CARTESIAN_POINT('',(14.44,14.44,0.3));
#2080 = CARTESIAN_POINT('',(-14.64,14.64,0.));
#2081 = CARTESIAN_POINT('',(-14.44,14.44,0.3));
#2082 = ADVANCED_FACE('',(#2083),#2100,.F.);
#2083 = FACE_BOUND('',#2084,.F.);
#2084 = EDGE_LOOP('',(#2085,#2086,#2087,#2095));
#2085 = ORIENTED_EDGE('',*,*,#1227,.F.);
#2086 = ORIENTED_EDGE('',*,*,#2073,.T.);
#2087 = ORIENTED_EDGE('',*,*,#2088,.T.);
#2088 = EDGE_CURVE('',#2066,#2089,#2091,.T.);
#2089 = VERTEX_POINT('',#2090);
#2090 = CARTESIAN_POINT('',(1.56,17.56,0.3));
#2091 = LINE('',#2092,#2093);
#2092 = CARTESIAN_POINT('',(1.56,14.44,0.3));
#2093 = VECTOR('',#2094,1.);
#2094 = DIRECTION('',(0.,1.,0.));
#2095 = ORIENTED_EDGE('',*,*,#2096,.F.);
#2096 = EDGE_CURVE('',#1220,#2089,#2097,.T.);
#2097 = B_SPLINE_CURVE_WITH_KNOTS('',1,(#2098,#2099),.UNSPECIFIED.,.F.,
  .F.,(2,2),(0.,1.),.PIECEWISE_BEZIER_KNOTS.);
#2098 = CARTESIAN_POINT('',(1.36,17.36,0.));
#2099 = CARTESIAN_POINT('',(1.56,17.56,0.3));
#2100 = B_SPLINE_SURFACE_WITH_KNOTS('',1,1,(
    (#2101,#2102)
    ,(#2103,#2104
    )),.UNSPECIFIED.,.F.,.F.,.F.,(2,2),(2,2),(-3.12,0.),(0.,1.),
  .PIECEWISE_BEZIER_KNOTS.);
#2101 = CARTESIAN_POINT('',(1.36,17.36,0.));
#2102 = CARTESIAN_POINT('',(1.56,17.56,0.3));
#2103 = CARTESIAN_POINT('',(1.36,14.64,0.));
#2104 = CARTESIAN_POINT('',(1.56,14.44,0.3));
#2105 = ADVANCED_FACE('',(#2106),#2123,.F.);
#2106 = FACE_BOUND('',#2107,.F.);
#2107 = EDGE_LOOP('',(#2108,#2109,#2110,#2118));
#2108 = ORIENTED_EDGE('',*,*,#1219,.F.);
#2109 = ORIENTED_EDGE('',*,*,#2096,.T.);
#2110 = ORIENTED_EDGE('',*,*,#2111,.T.);
#2111 = EDGE_CURVE('',#2089,#2112,#2114,.T.);
#2112 = VERTEX_POINT('',#2113);
#2113 = CARTESIAN_POINT('',(1.56,22.44,0.3));
#2114 = LINE('',#2115,#2116);
#2115 = CARTESIAN_POINT('',(1.56,17.56,0.3));
#2116 = VECTOR('',#2117,1.);
#2117 = DIRECTION('',(0.,1.,0.));
#2118 = ORIENTED_EDGE('',*,*,#2119,.F.);
#2119 = EDGE_CURVE('',#1212,#2112,#2120,.T.);
#2120 = B_SPLINE_CURVE_WITH_KNOTS('',1,(#2121,#2122),.UNSPECIFIED.,.F.,
  .F.,(2,2),(0.,1.),.PIECEWISE_BEZIER_KNOTS.);
#2121 = CARTESIAN_POINT('',(1.36,22.64,0.));
#2122 = CARTESIAN_POINT('',(1.56,22.44,0.3));
#2123 = B_SPLINE_SURFACE_WITH_KNOTS('',1,1,(
    (#2124,#2125)
    ,(#2126,#2127
    )),.UNSPECIFIED.,.F.,.F.,.F.,(2,2),(2,2),(-5.28,0.),(0.,1.),
  .PIECEWISE_BEZIER_KNOTS.);
#2124 = CARTESIAN_POINT('',(1.36,22.64,0.));
#2125 = CARTESIAN_POINT('',(1.56,22.44,0.3));
#2126 = CARTESIAN_POINT('',(1.36,17.36,0.));
#2127 = CARTESIAN_POINT('',(1.56,17.56,0.3));
#2128 = ADVANCED_FACE('',(#2129),#2146,.F.);
#2129 = FACE_BOUND('',#2130,.F.);
#2130 = EDGE_LOOP('',(#2131,#2132,#2133,#2141));
#2131 = ORIENTED_EDGE('',*,*,#1211,.F.);
#2132 = ORIENTED_EDGE('',*,*,#2119,.T.);
#2133 = ORIENTED_EDGE('',*,*,#2134,.T.);
#2134 = EDGE_CURVE('',#2112,#2135,#2137,.T.);
#2135 = VERTEX_POINT('',#2136);
#2136 = CARTESIAN_POINT('',(1.56,25.56,0.3));
#2137 = LINE('',#2138,#2139);
#2138 = CARTESIAN_POINT('',(1.56,22.44,0.3));
#2139 = VECTOR('',#2140,1.);
#2140 = DIRECTION('',(0.,1.,0.));
#2141 = ORIENTED_EDGE('',*,*,#2142,.F.);
#2142 = EDGE_CURVE('',#1204,#2135,#2143,.T.);
#2143 = B_SPLINE_CURVE_WITH_KNOTS('',1,(#2144,#2145),.UNSPECIFIED.,.F.,
  .F.,(2,2),(0.,1.),.PIECEWISE_BEZIER_KNOTS.);
#2144 = CARTESIAN_POINT('',(1.36,25.36,0.));
#2145 = CARTESIAN_POINT('',(1.56,25.56,0.3));
#2146 = B_SPLINE_SURFACE_WITH_KNOTS('',1,1,(
    (#2147,#2148)
    ,(#2149,#2150
    )),.UNSPECIFIED.,.F.,.F.,.F.,(2,2),(2,2),(-3.12,0.),(0.,1.),
  .PIECEWISE_BEZIER_KNOTS.);
#2147 = CARTESIAN_POINT('',(1.36,25.36,0.));
#2148 = CARTESIAN_POINT('',(1.56,25.56,0.3));
#2149 = CARTESIAN_POINT('',(1.36,22.64,0.));
#2150 = CARTESIAN_POINT('',(1.56,22.44,0.3));
#2151 = ADVANCED_FACE('',(#2152),#2169,.F.);
#2152 = FACE_BOUND('',#2153,.F.);
#2153 = EDGE_LOOP('',(#2154,#2155,#2156,#2164));
#2154 = ORIENTED_EDGE('',*,*,#1203,.F.);
#2155 = ORIENTED_EDGE('',*,*,#2142,.T.);
#2156 = ORIENTED_EDGE('',*,*,#2157,.T.);
#2157 = EDGE_CURVE('',#2135,#2158,#2160,.T.);
#2158 = VERTEX_POINT('',#2159);
#2159 = CARTESIAN_POINT('',(1.56,30.44,0.3));
#2160 = LINE('',#2161,#2162);
#2161 = CARTESIAN_POINT('',(1.56,25.56,0.3));
#2162 = VECTOR('',#2163,1.);
#2163 = DIRECTION('',(0.,1.,0.));
#2164 = ORIENTED_EDGE('',*,*,#2165,.F.);
#2165 = EDGE_CURVE('',#1196,#2158,#2166,.T.);
#2166 = B_SPLINE_CURVE_WITH_KNOTS('',1,(#2167,#2168),.UNSPECIFIED.,.F.,
  .F.,(2,2),(0.,1.),.PIECEWISE_BEZIER_KNOTS.);
#2167 = CARTESIAN_POINT('',(1.36,30.64,0.));
#2168 = CARTESIAN_POINT('',(1.56,30.44,0.3));
#2169 = B_SPLINE_SURFACE_WITH_KNOTS('',1,1,(
    (#2170,#2171)
    ,(#2172,#2173
    )),.UNSPECIFIED.,.F.,.F.,.F.,(2,2),(2,2),(-5.28,0.),(0.,1.),
  .PIECEWISE_BEZIER_KNOTS.);
#2170 = CARTESIAN_POINT('',(1.36,30.64,0.));
#2171 = CARTESIAN_POINT('',(1.56,30.44,0.3));
#2172 = CARTESIAN_POINT('',(1.36,25.36,0.));
#2173 = CARTESIAN_POINT('',(1.56,25.56,0.3));
#2174 = ADVANCED_FACE('',(#2175),#2192,.F.);
#2175 = FACE_BOUND('',#2176,.F.);
#2176 = EDGE_LOOP('',(#2177,#2178,#2179,#2187));
#2177 = ORIENTED_EDGE('',*,*,#1195,.F.);
#2178 = ORIENTED_EDGE('',*,*,#2165,.T.);
#2179 = ORIENTED_EDGE('',*,*,#2180,.T.);
#2180 = EDGE_CURVE('',#2158,#2181,#2183,.T.);
#2181 = VERTEX_POINT('',#2182);
#2182 = CARTESIAN_POINT('',(14.44,30.44,0.3));
#2183 = LINE('',#2184,#2185);
#2184 = CARTESIAN_POINT('',(1.56,30.44,0.3));
#2185 = VECTOR('',#2186,1.);
#2186 = DIRECTION('',(1.,0.,0.));
#2187 = ORIENTED_EDGE('',*,*,#2188,.F.);
#2188 = EDGE_CURVE('',#1188,#2181,#2189,.T.);
#2189 = B_SPLINE_CURVE_WITH_KNOTS('',1,(#2190,#2191),.UNSPECIFIED.,.F.,
  .F.,(2,2),(0.,1.),.PIECEWISE_BEZIER_KNOTS.);
#2190 = CARTESIAN_POINT('',(14.64,30.64,0.));
#2191 = CARTESIAN_POINT('',(14.44,30.44,0.3));
#2192 = B_SPLINE_SURFACE_WITH_KNOTS('',1,1,(
    (#2193,#2194)
    ,(#2195,#2196
    )),.UNSPECIFIED.,.F.,.F.,.F.,(2,2),(2,2),(-13.28,0.),(0.,1.),
  .PIECEWISE_BEZIER_KNOTS.);
#2193 = CARTESIAN_POINT('',(14.64,30.64,0.));
#2194 = CARTESIAN_POINT('',(14.44,30.44,0.3));
#2195 = CARTESIAN_POINT('',(1.36,30.64,0.));
#2196 = CARTESIAN_POINT('',(1.56,30.44,0.3));
#2197 = ADVANCED_FACE('',(#2198),#2215,.F.);
#2198 = FACE_BOUND('',#2199,.F.);
#2199 = EDGE_LOOP('',(#2200,#2201,#2202,#2210));
#2200 = ORIENTED_EDGE('',*,*,#1187,.T.);
#2201 = ORIENTED_EDGE('',*,*,#2188,.T.);
#2202 = ORIENTED_EDGE('',*,*,#2203,.F.);
#2203 = EDGE_CURVE('',#2204,#2181,#2206,.T.);
#2204 = VERTEX_POINT('',#2205);
#2205 = CARTESIAN_POINT('',(14.44,25.56,0.3));
#2206 = LINE('',#2207,#2208);
#2207 = CARTESIAN_POINT('',(14.44,25.56,0.3));
#2208 = VECTOR('',#2209,1.);
#2209 = DIRECTION('',(0.,1.,0.));
#2210 = ORIENTED_EDGE('',*,*,#2211,.F.);
#2211 = EDGE_CURVE('',#1180,#2204,#2212,.T.);
#2212 = B_SPLINE_CURVE_WITH_KNOTS('',1,(#2213,#2214),.UNSPECIFIED.,.F.,
  .F.,(2,2),(0.,1.),.PIECEWISE_BEZIER_KNOTS.);
#2213 = CARTESIAN_POINT('',(14.64,25.36,0.));
#2214 = CARTESIAN_POINT('',(14.44,25.56,0.3));
#2215 = B_SPLINE_SURFACE_WITH_KNOTS('',1,1,(
    (#2216,#2217)
    ,(#2218,#2219
    )),.UNSPECIFIED.,.F.,.F.,.F.,(2,2),(2,2),(0.,5.28),(0.,1.),
  .PIECEWISE_BEZIER_KNOTS.);
#2216 = CARTESIAN_POINT('',(14.64,25.36,0.));
#2217 = CARTESIAN_POINT('',(14.44,25.56,0.3));
#2218 = CARTESIAN_POINT('',(14.64,30.64,0.));
#2219 = CARTESIAN_POINT('',(14.44,30.44,0.3));
#2220 = ADVANCED_FACE('',(#2221),#2238,.F.);
#2221 = FACE_BOUND('',#2222,.F.);
#2222 = EDGE_LOOP('',(#2223,#2224,#2225,#2233));
#2223 = ORIENTED_EDGE('',*,*,#1179,.T.);
#2224 = ORIENTED_EDGE('',*,*,#2211,.T.);
#2225 = ORIENTED_EDGE('',*,*,#2226,.F.);
#2226 = EDGE_CURVE('',#2227,#2204,#2229,.T.);
#2227 = VERTEX_POINT('',#2228);
#2228 = CARTESIAN_POINT('',(14.44,22.44,0.3));
#2229 = LINE('',#2230,#2231);
#2230 = CARTESIAN_POINT('',(14.44,22.44,0.3));
#2231 = VECTOR('',#2232,1.);
#2232 = DIRECTION('',(0.,1.,0.));
#2233 = ORIENTED_EDGE('',*,*,#2234,.F.);
#2234 = EDGE_CURVE('',#1172,#2227,#2235,.T.);
#2235 = B_SPLINE_CURVE_WITH_KNOTS('',1,(#2236,#2237),.UNSPECIFIED.,.F.,
  .F.,(2,2),(0.,1.),.PIECEWISE_BEZIER_KNOTS.);
#2236 = CARTESIAN_POINT('',(14.64,22.64,0.));
#2237 = CARTESIAN_POINT('',(14.44,22.44,0.3));
#2238 = B_SPLINE_SURFACE_WITH_KNOTS('',1,1,(
    (#2239,#2240)
    ,(#2241,#2242
    )),.UNSPECIFIED.,.F.,.F.,.F.,(2,2),(2,2),(0.,3.12),(0.,1.),
  .PIECEWISE_BEZIER_KNOTS.);
#2239 = CARTESIAN_POINT('',(14.64,22.64,0.));
#2240 = CARTESIAN_POINT('',(14.44,22.44,0.3));
#2241 = CARTESIAN_POINT('',(14.64,25.36,0.));
#2242 = CARTESIAN_POINT('',(14.44,25.56,0.3));
#2243 = ADVANCED_FACE('',(#2244),#2261,.F.);
#2244 = FACE_BOUND('',#2245,.F.);
#2245 = EDGE_LOOP('',(#2246,#2247,#2248,#2256));
#2246 = ORIENTED_EDGE('',*,*,#1171,.T.);
#2247 = ORIENTED_EDGE('',*,*,#2234,.T.);
#2248 = ORIENTED_EDGE('',*,*,#2249,.F.);
#2249 = EDGE_CURVE('',#2250,#2227,#2252,.T.);
#2250 = VERTEX_POINT('',#2251);
#2251 = CARTESIAN_POINT('',(14.44,17.56,0.3));
#2252 = LINE('',#2253,#2254);
#2253 = CARTESIAN_POINT('',(14.44,17.56,0.3));
#2254 = VECTOR('',#2255,1.);
#2255 = DIRECTION('',(0.,1.,0.));
#2256 = ORIENTED_EDGE('',*,*,#2257,.F.);
#2257 = EDGE_CURVE('',#1164,#2250,#2258,.T.);
#2258 = B_SPLINE_CURVE_WITH_KNOTS('',1,(#2259,#2260),.UNSPECIFIED.,.F.,
  .F.,(2,2),(0.,1.),.PIECEWISE_BEZIER_KNOTS.);
#2259 = CARTESIAN_POINT('',(14.64,17.36,0.));
#2260 = CARTESIAN_POINT('',(14.44,17.56,0.3));
#2261 = B_SPLINE_SURFACE_WITH_KNOTS('',1,1,(
    (#2262,#2263)
    ,(#2264,#2265
    )),.UNSPECIFIED.,.F.,.F.,.F.,(2,2),(2,2),(0.,5.28),(0.,1.),
  .PIECEWISE_BEZIER_KNOTS.);
#2262 = CARTESIAN_POINT('',(14.64,17.36,0.));
#2263 = CARTESIAN_POINT('',(14.44,17.56,0.3));
#2264 = CARTESIAN_POINT('',(14.64,22.64,0.));
#2265 = CARTESIAN_POINT('',(14.44,22.44,0.3));
#2266 = ADVANCED_FACE('',(#2267),#2284,.F.);
#2267 = FACE_BOUND('',#2268,.F.);
#2268 = EDGE_LOOP('',(#2269,#2270,#2271,#2279));
#2269 = ORIENTED_EDGE('',*,*,#1163,.T.);
#2270 = ORIENTED_EDGE('',*,*,#2257,.T.);
#2271 = ORIENTED_EDGE('',*,*,#2272,.F.);
#2272 = EDGE_CURVE('',#2273,#2250,#2275,.T.);
#2273 = VERTEX_POINT('',#2274);
#2274 = CARTESIAN_POINT('',(14.44,14.44,0.3));
#2275 = LINE('',#2276,#2277);
#2276 = CARTESIAN_POINT('',(14.44,14.44,0.3));
#2277 = VECTOR('',#2278,1.);
#2278 = DIRECTION('',(0.,1.,0.));
#2279 = ORIENTED_EDGE('',*,*,#2280,.F.);
#2280 = EDGE_CURVE('',#1156,#2273,#2281,.T.);
#2281 = B_SPLINE_CURVE_WITH_KNOTS('',1,(#2282,#2283),.UNSPECIFIED.,.F.,
  .F.,(2,2),(0.,1.),.PIECEWISE_BEZIER_KNOTS.);
#2282 = CARTESIAN_POINT('',(14.64,14.64,0.));
#2283 = CARTESIAN_POINT('',(14.44,14.44,0.3));
#2284 = B_SPLINE_SURFACE_WITH_KNOTS('',1,1,(
    (#2285,#2286)
    ,(#2287,#2288
    )),.UNSPECIFIED.,.F.,.F.,.F.,(2,2),(2,2),(0.,3.12),(0.,1.),
  .PIECEWISE_BEZIER_KNOTS.);
#2285 = CARTESIAN_POINT('',(14.64,14.64,0.));
#2286 = CARTESIAN_POINT('',(14.44,14.44,0.3));
#2287 = CARTESIAN_POINT('',(14.64,17.36,0.));
#2288 = CARTESIAN_POINT('',(14.44,17.56,0.3));
#2289 = ADVANCED_FACE('',(#2290),#2307,.F.);
#2290 = FACE_BOUND('',#2291,.F.);
#2291 = EDGE_LOOP('',(#2292,#2293,#2294,#2302));
#2292 = ORIENTED_EDGE('',*,*,#1155,.T.);
#2293 = ORIENTED_EDGE('',*,*,#2280,.T.);
#2294 = ORIENTED_EDGE('',*,*,#2295,.F.);
#2295 = EDGE_CURVE('',#2296,#2273,#2298,.T.);
#2296 = VERTEX_POINT('',#2297);
#2297 = CARTESIAN_POINT('',(14.44,9.56,0.3));
#2298 = LINE('',#2299,#2300);
#2299 = CARTESIAN_POINT('',(14.44,9.56,0.3));
#2300 = VECTOR('',#2301,1.);
#2301 = DIRECTION('',(0.,1.,0.));
#2302 = ORIENTED_EDGE('',*,*,#2303,.F.);
#2303 = EDGE_CURVE('',#1148,#2296,#2304,.T.);
#2304 = B_SPLINE_CURVE_WITH_KNOTS('',1,(#2305,#2306),.UNSPECIFIED.,.F.,
  .F.,(2,2),(0.,1.),.PIECEWISE_BEZIER_KNOTS.);
#2305 = CARTESIAN_POINT('',(14.64,9.36,0.));
#2306 = CARTESIAN_POINT('',(14.44,9.56,0.3));
#2307 = B_SPLINE_SURFACE_WITH_KNOTS('',1,1,(
    (#2308,#2309)
    ,(#2310,#2311
    )),.UNSPECIFIED.,.F.,.F.,.F.,(2,2),(2,2),(0.,5.28),(0.,1.),
  .PIECEWISE_BEZIER_KNOTS.);
#2308 = CARTESIAN_POINT('',(14.64,9.36,0.));
#2309 = CARTESIAN_POINT('',(14.44,9.56,0.3));
#2310 = CARTESIAN_POINT('',(14.64,14.64,0.));
#2311 = CARTESIAN_POINT('',(14.44,14.44,0.3));
#2312 = ADVANCED_FACE('',(#2313),#2330,.F.);
#2313 = FACE_BOUND('',#2314,.F.);
#2314 = EDGE_LOOP('',(#2315,#2316,#2317,#2325));
#2315 = ORIENTED_EDGE('',*,*,#1147,.T.);
#2316 = ORIENTED_EDGE('',*,*,#2303,.T.);
#2317 = ORIENTED_EDGE('',*,*,#2318,.F.);
#2318 = EDGE_CURVE('',#2319,#2296,#2321,.T.);
#2319 = VERTEX_POINT('',#2320);
#2320 = CARTESIAN_POINT('',(14.44,6.44,0.3));
#2321 = LINE('',#2322,#2323);
#2322 = CARTESIAN_POINT('',(14.44,6.44,0.3));
#2323 = VECTOR('',#2324,1.);
#2324 = DIRECTION('',(0.,1.,0.));
#2325 = ORIENTED_EDGE('',*,*,#2326,.F.);
#2326 = EDGE_CURVE('',#1140,#2319,#2327,.T.);
#2327 = B_SPLINE_CURVE_WITH_KNOTS('',1,(#2328,#2329),.UNSPECIFIED.,.F.,
  .F.,(2,2),(0.,1.),.PIECEWISE_BEZIER_KNOTS.);
#2328 = CARTESIAN_POINT('',(14.64,6.64,0.));
#2329 = CARTESIAN_POINT('',(14.44,6.44,0.3));
#2330 = B_SPLINE_SURFACE_WITH_KNOTS('',1,1,(
    (#2331,#2332)
    ,(#2333,#2334
    )),.UNSPECIFIED.,.F.,.F.,.F.,(2,2),(2,2),(0.,3.12),(0.,1.),
  .PIECEWISE_BEZIER_KNOTS.);
#2331 = CARTESIAN_POINT('',(14.64,6.64,0.));
#2332 = CARTESIAN_POINT('',(14.44,6.44,0.3));
#2333 = CARTESIAN_POINT('',(14.64,9.36,0.));
#2334 = CARTESIAN_POINT('',(14.44,9.56,0.3));
#2335 = ADVANCED_FACE('',(#2336),#2353,.F.);
#2336 = FACE_BOUND('',#2337,.F.);
#2337 = EDGE_LOOP('',(#2338,#2339,#2340,#2348));
#2338 = ORIENTED_EDGE('',*,*,#1139,.T.);
#2339 = ORIENTED_EDGE('',*,*,#2326,.T.);
#2340 = ORIENTED_EDGE('',*,*,#2341,.F.);
#2341 = EDGE_CURVE('',#2342,#2319,#2344,.T.);
#2342 = VERTEX_POINT('',#2343);
#2343 = CARTESIAN_POINT('',(14.44,1.56,0.3));
#2344 = LINE('',#2345,#2346);
#2345 = CARTESIAN_POINT('',(14.44,1.56,0.3));
#2346 = VECTOR('',#2347,1.);
#2347 = DIRECTION('',(0.,1.,0.));
#2348 = ORIENTED_EDGE('',*,*,#2349,.F.);
#2349 = EDGE_CURVE('',#1132,#2342,#2350,.T.);
#2350 = B_SPLINE_CURVE_WITH_KNOTS('',1,(#2351,#2352),.UNSPECIFIED.,.F.,
  .F.,(2,2),(0.,1.),.PIECEWISE_BEZIER_KNOTS.);
#2351 = CARTESIAN_POINT('',(14.64,1.36,0.));
#2352 = CARTESIAN_POINT('',(14.44,1.56,0.3));
#2353 = B_SPLINE_SURFACE_WITH_KNOTS('',1,1,(
    (#2354,#2355)
    ,(#2356,#2357
    )),.UNSPECIFIED.,.F.,.F.,.F.,(2,2),(2,2),(0.,5.28),(0.,1.),
  .PIECEWISE_BEZIER_KNOTS.);
#2354 = CARTESIAN_POINT('',(14.64,1.36,0.));
#2355 = CARTESIAN_POINT('',(14.44,1.56,0.3));
#2356 = CARTESIAN_POINT('',(14.64,6.64,0.));
#2357 = CARTESIAN_POINT('',(14.44,6.44,0.3));
#2358 = ADVANCED_FACE('',(#2359),#2376,.F.);
#2359 = FACE_BOUND('',#2360,.F.);
#2360 = EDGE_LOOP('',(#2361,#2368,#2369,#2370));
#2361 = ORIENTED_EDGE('',*,*,#2362,.F.);
#2362 = EDGE_CURVE('',#1124,#2363,#2365,.T.);
#2363 = VERTEX_POINT('',#2364);
#2364 = CARTESIAN_POINT('',(-1.56,1.56,0.3));
#2365 = B_SPLINE_CURVE_WITH_KNOTS('',1,(#2366,#2367),.UNSPECIFIED.,.F.,
  .F.,(2,2),(0.,1.),.PIECEWISE_BEZIER_KNOTS.);
#2366 = CARTESIAN_POINT('',(-1.36,1.36,0.));
#2367 = CARTESIAN_POINT('',(-1.56,1.56,0.3));
#2368 = ORIENTED_EDGE('',*,*,#1131,.T.);
#2369 = ORIENTED_EDGE('',*,*,#2349,.T.);
#2370 = ORIENTED_EDGE('',*,*,#2371,.F.);
#2371 = EDGE_CURVE('',#2363,#2342,#2372,.T.);
#2372 = LINE('',#2373,#2374);
#2373 = CARTESIAN_POINT('',(-14.44,1.56,0.3));
#2374 = VECTOR('',#2375,1.);
#2375 = DIRECTION('',(1.,0.,0.));
#2376 = B_SPLINE_SURFACE_WITH_KNOTS('',1,1,(
    (#2377,#2378)
    ,(#2379,#2380
    )),.UNSPECIFIED.,.F.,.F.,.F.,(2,2),(2,2),(0.,29.28),(0.,1.),
  .PIECEWISE_BEZIER_KNOTS.);
#2377 = CARTESIAN_POINT('',(-14.64,1.36,0.));
#2378 = CARTESIAN_POINT('',(-14.44,1.56,0.3));
#2379 = CARTESIAN_POINT('',(14.64,1.36,0.));
#2380 = CARTESIAN_POINT('',(14.44,1.56,0.3));
#2381 = ADVANCED_FACE('',(#2382),#2399,.F.);
#2382 = FACE_BOUND('',#2383,.F.);
#2383 = EDGE_LOOP('',(#2384,#2385,#2386,#2394));
#2384 = ORIENTED_EDGE('',*,*,#1123,.T.);
#2385 = ORIENTED_EDGE('',*,*,#2362,.T.);
#2386 = ORIENTED_EDGE('',*,*,#2387,.F.);
#2387 = EDGE_CURVE('',#2388,#2363,#2390,.T.);
#2388 = VERTEX_POINT('',#2389);
#2389 = CARTESIAN_POINT('',(-1.56,-1.56,0.3));
#2390 = LINE('',#2391,#2392);
#2391 = CARTESIAN_POINT('',(-1.56,-1.56,0.3));
#2392 = VECTOR('',#2393,1.);
#2393 = DIRECTION('',(0.,1.,0.));
#2394 = ORIENTED_EDGE('',*,*,#2395,.F.);
#2395 = EDGE_CURVE('',#1116,#2388,#2396,.T.);
#2396 = B_SPLINE_CURVE_WITH_KNOTS('',1,(#2397,#2398),.UNSPECIFIED.,.F.,
  .F.,(2,2),(0.,1.),.PIECEWISE_BEZIER_KNOTS.);
#2397 = CARTESIAN_POINT('',(-1.36,-1.36,0.));
#2398 = CARTESIAN_POINT('',(-1.56,-1.56,0.3));
#2399 = B_SPLINE_SURFACE_WITH_KNOTS('',1,1,(
    (#2400,#2401)
    ,(#2402,#2403
    )),.UNSPECIFIED.,.F.,.F.,.F.,(2,2),(2,2),(0.,3.12),(0.,1.),
  .PIECEWISE_BEZIER_KNOTS.);
#2400 = CARTESIAN_POINT('',(-1.36,-1.36,0.));
#2401 = CARTESIAN_POINT('',(-1.56,-1.56,0.3));
#2402 = CARTESIAN_POINT('',(-1.36,1.36,0.));
#2403 = CARTESIAN_POINT('',(-1.56,1.56,0.3));
#2404 = ADVANCED_FACE('',(#2405),#2422,.F.);
#2405 = FACE_BOUND('',#2406,.F.);
#2406 = EDGE_LOOP('',(#2407,#2408,#2409,#2417));
#2407 = ORIENTED_EDGE('',*,*,#1115,.T.);
#2408 = ORIENTED_EDGE('',*,*,#2395,.T.);
#2409 = ORIENTED_EDGE('',*,*,#2410,.F.);
#2410 = EDGE_CURVE('',#2411,#2388,#2413,.T.);
#2411 = VERTEX_POINT('',#2412);
#2412 = CARTESIAN_POINT('',(-1.56,-6.44,0.3));
#2413 = LINE('',#2414,#2415);
#2414 = CARTESIAN_POINT('',(-1.56,-6.44,0.3));
#2415 = VECTOR('',#2416,1.);
#2416 = DIRECTION('',(0.,1.,0.));
#2417 = ORIENTED_EDGE('',*,*,#2418,.F.);
#2418 = EDGE_CURVE('',#1108,#2411,#2419,.T.);
#2419 = B_SPLINE_CURVE_WITH_KNOTS('',1,(#2420,#2421),.UNSPECIFIED.,.F.,
  .F.,(2,2),(0.,1.),.PIECEWISE_BEZIER_KNOTS.);
#2420 = CARTESIAN_POINT('',(-1.36,-6.64,0.));
#2421 = CARTESIAN_POINT('',(-1.56,-6.44,0.3));
#2422 = B_SPLINE_SURFACE_WITH_KNOTS('',1,1,(
    (#2423,#2424)
    ,(#2425,#2426
    )),.UNSPECIFIED.,.F.,.F.,.F.,(2,2),(2,2),(0.,5.28),(0.,1.),
  .PIECEWISE_BEZIER_KNOTS.);
#2423 = CARTESIAN_POINT('',(-1.36,-6.64,0.));
#2424 = CARTESIAN_POINT('',(-1.56,-6.44,0.3));
#2425 = CARTESIAN_POINT('',(-1.36,-1.36,0.));
#2426 = CARTESIAN_POINT('',(-1.56,-1.56,0.3));
#2427 = ADVANCED_FACE('',(#2428),#2445,.F.);
#2428 = FACE_BOUND('',#2429,.F.);
#2429 = EDGE_LOOP('',(#2430,#2431,#2432,#2440));
#2430 = ORIENTED_EDGE('',*,*,#1107,.T.);
#2431 = ORIENTED_EDGE('',*,*,#2418,.T.);
#2432 = ORIENTED_EDGE('',*,*,#2433,.F.);
#2433 = EDGE_CURVE('',#2434,#2411,#2436,.T.);
#2434 = VERTEX_POINT('',#2435);
#2435 = CARTESIAN_POINT('',(-1.56,-9.56,0.3));
#2436 = LINE('',#2437,#2438);
#2437 = CARTESIAN_POINT('',(-1.56,-9.56,0.3));
#2438 = VECTOR('',#2439,1.);
#2439 = DIRECTION('',(0.,1.,0.));
#2440 = ORIENTED_EDGE('',*,*,#2441,.F.);
#2441 = EDGE_CURVE('',#1100,#2434,#2442,.T.);
#2442 = B_SPLINE_CURVE_WITH_KNOTS('',1,(#2443,#2444),.UNSPECIFIED.,.F.,
  .F.,(2,2),(0.,1.),.PIECEWISE_BEZIER_KNOTS.);
#2443 = CARTESIAN_POINT('',(-1.36,-9.36,0.));
#2444 = CARTESIAN_POINT('',(-1.56,-9.56,0.3));
#2445 = B_SPLINE_SURFACE_WITH_KNOTS('',1,1,(
    (#2446,#2447)
    ,(#2448,#2449
    )),.UNSPECIFIED.,.F.,.F.,.F.,(2,2),(2,2),(0.,3.12),(0.,1.),
  .PIECEWISE_BEZIER_KNOTS.);
#2446 = CARTESIAN_POINT('',(-1.36,-9.36,0.));
#2447 = CARTESIAN_POINT('',(-1.56,-9.56,0.3));
#2448 = CARTESIAN_POINT('',(-1.36,-6.64,0.));
#2449 = CARTESIAN_POINT('',(-1.56,-6.44,0.3));
#2450 = ADVANCED_FACE('',(#2451),#2468,.F.);
#2451 = FACE_BOUND('',#2452,.F.);
#2452 = EDGE_LOOP('',(#2453,#2454,#2455,#2463));
#2453 = ORIENTED_EDGE('',*,*,#1099,.T.);
#2454 = ORIENTED_EDGE('',*,*,#2441,.T.);
#2455 = ORIENTED_EDGE('',*,*,#2456,.F.);
#2456 = EDGE_CURVE('',#2457,#2434,#2459,.T.);
#2457 = VERTEX_POINT('',#2458);
#2458 = CARTESIAN_POINT('',(-1.56,-14.44,0.3));
#2459 = LINE('',#2460,#2461);
#2460 = CARTESIAN_POINT('',(-1.56,-14.44,0.3));
#2461 = VECTOR('',#2462,1.);
#2462 = DIRECTION('',(0.,1.,0.));
#2463 = ORIENTED_EDGE('',*,*,#2464,.F.);
#2464 = EDGE_CURVE('',#1092,#2457,#2465,.T.);
#2465 = B_SPLINE_CURVE_WITH_KNOTS('',1,(#2466,#2467),.UNSPECIFIED.,.F.,
  .F.,(2,2),(0.,1.),.PIECEWISE_BEZIER_KNOTS.);
#2466 = CARTESIAN_POINT('',(-1.36,-14.64,0.));
#2467 = CARTESIAN_POINT('',(-1.56,-14.44,0.3));
#2468 = B_SPLINE_SURFACE_WITH_KNOTS('',1,1,(
    (#2469,#2470)
    ,(#2471,#2472
    )),.UNSPECIFIED.,.F.,.F.,.F.,(2,2),(2,2),(0.,5.28),(0.,1.),
  .PIECEWISE_BEZIER_KNOTS.);
#2469 = CARTESIAN_POINT('',(-1.36,-14.64,0.));
#2470 = CARTESIAN_POINT('',(-1.56,-14.44,0.3));
#2471 = CARTESIAN_POINT('',(-1.36,-9.36,0.));
#2472 = CARTESIAN_POINT('',(-1.56,-9.56,0.3));
#2473 = ADVANCED_FACE('',(#2474),#2491,.F.);
#2474 = FACE_BOUND('',#2475,.F.);
#2475 = EDGE_LOOP('',(#2476,#2477,#2478,#2486));
#2476 = ORIENTED_EDGE('',*,*,#1091,.T.);
#2477 = ORIENTED_EDGE('',*,*,#2464,.T.);
#2478 = ORIENTED_EDGE('',*,*,#2479,.F.);
#2479 = EDGE_CURVE('',#2480,#2457,#2482,.T.);
#2480 = VERTEX_POINT('',#2481);
#2481 = CARTESIAN_POINT('',(-1.56,-17.56,0.3));
#2482 = LINE('',#2483,#2484);
#2483 = CARTESIAN_POINT('',(-1.56,-17.56,0.3));
#2484 = VECTOR('',#2485,1.);
#2485 = DIRECTION('',(0.,1.,0.));
#2486 = ORIENTED_EDGE('',*,*,#2487,.F.);
#2487 = EDGE_CURVE('',#1084,#2480,#2488,.T.);
#2488 = B_SPLINE_CURVE_WITH_KNOTS('',1,(#2489,#2490),.UNSPECIFIED.,.F.,
  .F.,(2,2),(0.,1.),.PIECEWISE_BEZIER_KNOTS.);
#2489 = CARTESIAN_POINT('',(-1.36,-17.36,0.));
#2490 = CARTESIAN_POINT('',(-1.56,-17.56,0.3));
#2491 = B_SPLINE_SURFACE_WITH_KNOTS('',1,1,(
    (#2492,#2493)
    ,(#2494,#2495
    )),.UNSPECIFIED.,.F.,.F.,.F.,(2,2),(2,2),(0.,3.12),(0.,1.),
  .PIECEWISE_BEZIER_KNOTS.);
#2492 = CARTESIAN_POINT('',(-1.36,-17.36,0.));
#2493 = CARTESIAN_POINT('',(-1.56,-17.56,0.3));
#2494 = CARTESIAN_POINT('',(-1.36,-14.64,0.));
#2495 = CARTESIAN_POINT('',(-1.56,-14.44,0.3));
#2496 = ADVANCED_FACE('',(#2497),#2514,.F.);
#2497 = FACE_BOUND('',#2498,.F.);
#2498 = EDGE_LOOP('',(#2499,#2500,#2501,#2509));
#2499 = ORIENTED_EDGE('',*,*,#1083,.T.);
#2500 = ORIENTED_EDGE('',*,*,#2487,.T.);
#2501 = ORIENTED_EDGE('',*,*,#2502,.F.);
#2502 = EDGE_CURVE('',#2503,#2480,#2505,.T.);
#2503 = VERTEX_POINT('',#2504);
#2504 = CARTESIAN_POINT('',(-1.56,-22.44,0.3));
#2505 = LINE('',#2506,#2507);
#2506 = CARTESIAN_POINT('',(-1.56,-22.44,0.3));
#2507 = VECTOR('',#2508,1.);
#2508 = DIRECTION('',(0.,1.,0.));
#2509 = ORIENTED_EDGE('',*,*,#2510,.F.);
#2510 = EDGE_CURVE('',#1076,#2503,#2511,.T.);
#2511 = B_SPLINE_CURVE_WITH_KNOTS('',1,(#2512,#2513),.UNSPECIFIED.,.F.,
  .F.,(2,2),(0.,1.),.PIECEWISE_BEZIER_KNOTS.);
#2512 = CARTESIAN_POINT('',(-1.36,-22.64,0.));
#2513 = CARTESIAN_POINT('',(-1.56,-22.44,0.3));
#2514 = B_SPLINE_SURFACE_WITH_KNOTS('',1,1,(
    (#2515,#2516)
    ,(#2517,#2518
    )),.UNSPECIFIED.,.F.,.F.,.F.,(2,2),(2,2),(0.,5.28),(0.,1.),
  .PIECEWISE_BEZIER_KNOTS.);
#2515 = CARTESIAN_POINT('',(-1.36,-22.64,0.));
#2516 = CARTESIAN_POINT('',(-1.56,-22.44,0.3));
#2517 = CARTESIAN_POINT('',(-1.36,-17.36,0.));
#2518 = CARTESIAN_POINT('',(-1.56,-17.56,0.3));
#2519 = ADVANCED_FACE('',(#2520),#2537,.F.);
#2520 = FACE_BOUND('',#2521,.F.);
#2521 = EDGE_LOOP('',(#2522,#2523,#2524,#2532));
#2522 = ORIENTED_EDGE('',*,*,#1075,.T.);
#2523 = ORIENTED_EDGE('',*,*,#2510,.T.);
#2524 = ORIENTED_EDGE('',*,*,#2525,.F.);
#2525 = EDGE_CURVE('',#2526,#2503,#2528,.T.);
#2526 = VERTEX_POINT('',#2527);
#2527 = CARTESIAN_POINT('',(-1.56,-25.56,0.3));
#2528 = LINE('',#2529,#2530);
#2529 = CARTESIAN_POINT('',(-1.56,-25.56,0.3));
#2530 = VECTOR('',#2531,1.);
#2531 = DIRECTION('',(0.,1.,0.));
#2532 = ORIENTED_EDGE('',*,*,#2533,.F.);
#2533 = EDGE_CURVE('',#1068,#2526,#2534,.T.);
#2534 = B_SPLINE_CURVE_WITH_KNOTS('',1,(#2535,#2536),.UNSPECIFIED.,.F.,
  .F.,(2,2),(0.,1.),.PIECEWISE_BEZIER_KNOTS.);
#2535 = CARTESIAN_POINT('',(-1.36,-25.36,0.));
#2536 = CARTESIAN_POINT('',(-1.56,-25.56,0.3));
#2537 = B_SPLINE_SURFACE_WITH_KNOTS('',1,1,(
    (#2538,#2539)
    ,(#2540,#2541
    )),.UNSPECIFIED.,.F.,.F.,.F.,(2,2),(2,2),(0.,3.12),(0.,1.),
  .PIECEWISE_BEZIER_KNOTS.);
#2538 = CARTESIAN_POINT('',(-1.36,-25.36,0.));
#2539 = CARTESIAN_POINT('',(-1.56,-25.56,0.3));
#2540 = CARTESIAN_POINT('',(-1.36,-22.64,0.));
#2541 = CARTESIAN_POINT('',(-1.56,-22.44,0.3));
#2542 = ADVANCED_FACE('',(#2543),#2560,.F.);
#2543 = FACE_BOUND('',#2544,.F.);
#2544 = EDGE_LOOP('',(#2545,#2546,#2547,#2555));
#2545 = ORIENTED_EDGE('',*,*,#1067,.T.);
#2546 = ORIENTED_EDGE('',*,*,#2533,.T.);
#2547 = ORIENTED_EDGE('',*,*,#2548,.F.);
#2548 = EDGE_CURVE('',#2549,#2526,#2551,.T.);
#2549 = VERTEX_POINT('',#2550);
#2550 = CARTESIAN_POINT('',(-1.56,-30.44,0.3));
#2551 = LINE('',#2552,#2553);
#2552 = CARTESIAN_POINT('',(-1.56,-30.44,0.3));
#2553 = VECTOR('',#2554,1.);
#2554 = DIRECTION('',(0.,1.,0.));
#2555 = ORIENTED_EDGE('',*,*,#2556,.F.);
#2556 = EDGE_CURVE('',#1060,#2549,#2557,.T.);
#2557 = B_SPLINE_CURVE_WITH_KNOTS('',1,(#2558,#2559),.UNSPECIFIED.,.F.,
  .F.,(2,2),(0.,1.),.PIECEWISE_BEZIER_KNOTS.);
#2558 = CARTESIAN_POINT('',(-1.36,-30.64,0.));
#2559 = CARTESIAN_POINT('',(-1.56,-30.44,0.3));
#2560 = B_SPLINE_SURFACE_WITH_KNOTS('',1,1,(
    (#2561,#2562)
    ,(#2563,#2564
    )),.UNSPECIFIED.,.F.,.F.,.F.,(2,2),(2,2),(0.,5.28),(0.,1.),
  .PIECEWISE_BEZIER_KNOTS.);
#2561 = CARTESIAN_POINT('',(-1.36,-30.64,0.));
#2562 = CARTESIAN_POINT('',(-1.56,-30.44,0.3));
#2563 = CARTESIAN_POINT('',(-1.36,-25.36,0.));
#2564 = CARTESIAN_POINT('',(-1.56,-25.56,0.3));
#2565 = ADVANCED_FACE('',(#2566),#2577,.F.);
#2566 = FACE_BOUND('',#2567,.F.);
#2567 = EDGE_LOOP('',(#2568,#2569,#2570,#2576));
#2568 = ORIENTED_EDGE('',*,*,#1059,.T.);
#2569 = ORIENTED_EDGE('',*,*,#2556,.T.);
#2570 = ORIENTED_EDGE('',*,*,#2571,.F.);
#2571 = EDGE_CURVE('',#1806,#2549,#2572,.T.);
#2572 = LINE('',#2573,#2574);
#2573 = CARTESIAN_POINT('',(-14.44,-30.44,0.3));
#2574 = VECTOR('',#2575,1.);
#2575 = DIRECTION('',(1.,0.,0.));
#2576 = ORIENTED_EDGE('',*,*,#1805,.F.);
#2577 = B_SPLINE_SURFACE_WITH_KNOTS('',1,1,(
    (#2578,#2579)
    ,(#2580,#2581
    )),.UNSPECIFIED.,.F.,.F.,.F.,(2,2),(2,2),(0.,13.28),(0.,1.),
  .PIECEWISE_BEZIER_KNOTS.);
#2578 = CARTESIAN_POINT('',(-14.64,-30.64,0.));
#2579 = CARTESIAN_POINT('',(-14.44,-30.44,0.3));
#2580 = CARTESIAN_POINT('',(-1.36,-30.64,0.));
#2581 = CARTESIAN_POINT('',(-1.56,-30.44,0.3));
#2582 = ADVANCED_FACE('',(#2583),#2586,.T.);
#2583 = FACE_BOUND('',#2584,.T.);
#2584 = EDGE_LOOP('',(#2585));
#2585 = ORIENTED_EDGE('',*,*,#1329,.T.);
#2586 = PLANE('',#2587);
#2587 = AXIS2_PLACEMENT_3D('',#2588,#2589,#2590);
#2588 = CARTESIAN_POINT('',(-12.,-20.,11.4));
#2589 = DIRECTION('',(0.,0.,1.));
#2590 = DIRECTION('',(1.,0.,0.));
#2591 = ADVANCED_FACE('',(#2592),#2595,.T.);
#2592 = FACE_BOUND('',#2593,.T.);
#2593 = EDGE_LOOP('',(#2594));
#2594 = ORIENTED_EDGE('',*,*,#1354,.T.);
#2595 = PLANE('',#2596);
#2596 = AXIS2_PLACEMENT_3D('',#2597,#2598,#2599);
#2597 = CARTESIAN_POINT('',(-4.,-28.,11.4));
#2598 = DIRECTION('',(0.,0.,1.));
#2599 = DIRECTION('',(1.,0.,0.));
#2600 = ADVANCED_FACE('',(#2601),#2604,.T.);
#2601 = FACE_BOUND('',#2602,.T.);
#2602 = EDGE_LOOP('',(#2603));
#2603 = ORIENTED_EDGE('',*,*,#1379,.T.);
#2604 = PLANE('',#2605);
#2605 = AXIS2_PLACEMENT_3D('',#2606,#2607,#2608);
#2606 = CARTESIAN_POINT('',(-4.,-20.,11.4));
#2607 = DIRECTION('',(0.,0.,1.));
#2608 = DIRECTION('',(1.,0.,0.));
#2609 = ADVANCED_FACE('',(#2610),#2613,.T.);
#2610 = FACE_BOUND('',#2611,.T.);
#2611 = EDGE_LOOP('',(#2612));
#2612 = ORIENTED_EDGE('',*,*,#1404,.T.);
#2613 = PLANE('',#2614);
#2614 = AXIS2_PLACEMENT_3D('',#2615,#2616,#2617);
#2615 = CARTESIAN_POINT('',(-12.,-12.,11.4));
#2616 = DIRECTION('',(0.,0.,1.));
#2617 = DIRECTION('',(1.,0.,0.));
#2618 = ADVANCED_FACE('',(#2619),#2622,.T.);
#2619 = FACE_BOUND('',#2620,.T.);
#2620 = EDGE_LOOP('',(#2621));
#2621 = ORIENTED_EDGE('',*,*,#1429,.T.);
#2622 = PLANE('',#2623);
#2623 = AXIS2_PLACEMENT_3D('',#2624,#2625,#2626);
#2624 = CARTESIAN_POINT('',(-12.,-4.,11.4));
#2625 = DIRECTION('',(0.,0.,1.));
#2626 = DIRECTION('',(1.,0.,0.));
#2627 = ADVANCED_FACE('',(#2628),#2631,.T.);
#2628 = FACE_BOUND('',#2629,.T.);
#2629 = EDGE_LOOP('',(#2630));
#2630 = ORIENTED_EDGE('',*,*,#1454,.T.);
#2631 = PLANE('',#2632);
#2632 = AXIS2_PLACEMENT_3D('',#2633,#2634,#2635);
#2633 = CARTESIAN_POINT('',(-4.,-12.,11.4));
#2634 = DIRECTION('',(0.,0.,1.));
#2635 = DIRECTION('',(1.,0.,0.));
#2636 = ADVANCED_FACE('',(#2637),#2640,.T.);
#2637 = FACE_BOUND('',#2638,.T.);
#2638 = EDGE_LOOP('',(#2639));
#2639 = ORIENTED_EDGE('',*,*,#1479,.T.);
#2640 = PLANE('',#2641);
#2641 = AXIS2_PLACEMENT_3D('',#2642,#2643,#2644);
#2642 = CARTESIAN_POINT('',(-4.,-4.,11.4));
#2643 = DIRECTION('',(0.,0.,1.));
#2644 = DIRECTION('',(1.,0.,0.));
#2645 = ADVANCED_FACE('',(#2646),#2649,.T.);
#2646 = FACE_BOUND('',#2647,.T.);
#2647 = EDGE_LOOP('',(#2648));
#2648 = ORIENTED_EDGE('',*,*,#1504,.T.);
#2649 = PLANE('',#2650);
#2650 = AXIS2_PLACEMENT_3D('',#2651,#2652,#2653);
#2651 = CARTESIAN_POINT('',(-12.,4.,11.4));
#2652 = DIRECTION('',(0.,0.,1.));
#2653 = DIRECTION('',(1.,0.,0.));
#2654 = ADVANCED_FACE('',(#2655),#2658,.T.);
#2655 = FACE_BOUND('',#2656,.T.);
#2656 = EDGE_LOOP('',(#2657));
#2657 = ORIENTED_EDGE('',*,*,#1529,.T.);
#2658 = PLANE('',#2659);
#2659 = AXIS2_PLACEMENT_3D('',#2660,#2661,#2662);
#2660 = CARTESIAN_POINT('',(-12.,12.,11.4));
#2661 = DIRECTION('',(0.,0.,1.));
#2662 = DIRECTION('',(1.,0.,0.));
#2663 = ADVANCED_FACE('',(#2664),#2667,.T.);
#2664 = FACE_BOUND('',#2665,.T.);
#2665 = EDGE_LOOP('',(#2666));
#2666 = ORIENTED_EDGE('',*,*,#1554,.T.);
#2667 = PLANE('',#2668);
#2668 = AXIS2_PLACEMENT_3D('',#2669,#2670,#2671);
#2669 = CARTESIAN_POINT('',(-4.,4.,11.4));
#2670 = DIRECTION('',(0.,0.,1.));
#2671 = DIRECTION('',(1.,0.,0.));
#2672 = ADVANCED_FACE('',(#2673),#2676,.T.);
#2673 = FACE_BOUND('',#2674,.T.);
#2674 = EDGE_LOOP('',(#2675));
#2675 = ORIENTED_EDGE('',*,*,#1579,.T.);
#2676 = PLANE('',#2677);
#2677 = AXIS2_PLACEMENT_3D('',#2678,#2679,#2680);
#2678 = CARTESIAN_POINT('',(-4.,12.,11.4));
#2679 = DIRECTION('',(0.,0.,1.));
#2680 = DIRECTION('',(1.,0.,0.));
#2681 = ADVANCED_FACE('',(#2682),#2685,.T.);
#2682 = FACE_BOUND('',#2683,.T.);
#2683 = EDGE_LOOP('',(#2684));
#2684 = ORIENTED_EDGE('',*,*,#1604,.T.);
#2685 = PLANE('',#2686);
#2686 = AXIS2_PLACEMENT_3D('',#2687,#2688,#2689);
#2687 = CARTESIAN_POINT('',(4.,4.,11.4));
#2688 = DIRECTION('',(0.,0.,1.));
#2689 = DIRECTION('',(1.,0.,0.));
#2690 = ADVANCED_FACE('',(#2691),#2694,.T.);
#2691 = FACE_BOUND('',#2692,.T.);
#2692 = EDGE_LOOP('',(#2693));
#2693 = ORIENTED_EDGE('',*,*,#1629,.T.);
#2694 = PLANE('',#2695);
#2695 = AXIS2_PLACEMENT_3D('',#2696,#2697,#2698);
#2696 = CARTESIAN_POINT('',(4.,12.,11.4));
#2697 = DIRECTION('',(0.,0.,1.));
#2698 = DIRECTION('',(1.,0.,0.));
#2699 = ADVANCED_FACE('',(#2700),#2703,.T.);
#2700 = FACE_BOUND('',#2701,.T.);
#2701 = EDGE_LOOP('',(#2702));
#2702 = ORIENTED_EDGE('',*,*,#1654,.T.);
#2703 = PLANE('',#2704);
#2704 = AXIS2_PLACEMENT_3D('',#2705,#2706,#2707);
#2705 = CARTESIAN_POINT('',(12.,4.,11.4));
#2706 = DIRECTION('',(0.,0.,1.));
#2707 = DIRECTION('',(1.,0.,0.));
#2708 = ADVANCED_FACE('',(#2709),#2712,.T.);
#2709 = FACE_BOUND('',#2710,.T.);
#2710 = EDGE_LOOP('',(#2711));
#2711 = ORIENTED_EDGE('',*,*,#1679,.T.);
#2712 = PLANE('',#2713);
#2713 = AXIS2_PLACEMENT_3D('',#2714,#2715,#2716);
#2714 = CARTESIAN_POINT('',(12.,12.,11.4));
#2715 = DIRECTION('',(0.,0.,1.));
#2716 = DIRECTION('',(1.,0.,0.));
#2717 = ADVANCED_FACE('',(#2718),#2721,.T.);
#2718 = FACE_BOUND('',#2719,.T.);
#2719 = EDGE_LOOP('',(#2720));
#2720 = ORIENTED_EDGE('',*,*,#1704,.T.);
#2721 = PLANE('',#2722);
#2722 = AXIS2_PLACEMENT_3D('',#2723,#2724,#2725);
#2723 = CARTESIAN_POINT('',(4.,20.,11.4));
#2724 = DIRECTION('',(0.,0.,1.));
#2725 = DIRECTION('',(1.,0.,0.));
#2726 = ADVANCED_FACE('',(#2727),#2730,.T.);
#2727 = FACE_BOUND('',#2728,.T.);
#2728 = EDGE_LOOP('',(#2729));
#2729 = ORIENTED_EDGE('',*,*,#1729,.T.);
#2730 = PLANE('',#2731);
#2731 = AXIS2_PLACEMENT_3D('',#2732,#2733,#2734);
#2732 = CARTESIAN_POINT('',(4.,28.,11.4));
#2733 = DIRECTION('',(0.,0.,1.));
#2734 = DIRECTION('',(1.,0.,0.));
#2735 = ADVANCED_FACE('',(#2736),#2739,.T.);
#2736 = FACE_BOUND('',#2737,.T.);
#2737 = EDGE_LOOP('',(#2738));
#2738 = ORIENTED_EDGE('',*,*,#1754,.T.);
#2739 = PLANE('',#2740);
#2740 = AXIS2_PLACEMENT_3D('',#2741,#2742,#2743);
#2741 = CARTESIAN_POINT('',(12.,20.,11.4));
#2742 = DIRECTION('',(0.,0.,1.));
#2743 = DIRECTION('',(1.,0.,0.));
#2744 = ADVANCED_FACE('',(#2745),#2748,.T.);
#2745 = FACE_BOUND('',#2746,.T.);
#2746 = EDGE_LOOP('',(#2747));
#2747 = ORIENTED_EDGE('',*,*,#1779,.T.);
#2748 = PLANE('',#2749);
#2749 = AXIS2_PLACEMENT_3D('',#2750,#2751,#2752);
#2750 = CARTESIAN_POINT('',(12.,28.,11.4));
#2751 = DIRECTION('',(0.,0.,1.));
#2752 = DIRECTION('',(1.,0.,0.));
#2753 = ADVANCED_FACE('',(#2754),#2949,.F.);
#2754 = FACE_BOUND('',#2755,.F.);
#2755 = EDGE_LOOP('',(#2756,#2757,#2765,#2773,#2781,#2789,#2797,#2805,
    #2813,#2821,#2829,#2837,#2845,#2853,#2861,#2869,#2877,#2885,#2893,
    #2901,#2909,#2917,#2925,#2933,#2939,#2940,#2941,#2942,#2943,#2944,
    #2945,#2946,#2947,#2948));
#2756 = ORIENTED_EDGE('',*,*,#1812,.F.);
#2757 = ORIENTED_EDGE('',*,*,#2758,.T.);
#2758 = EDGE_CURVE('',#1806,#2759,#2761,.T.);
#2759 = VERTEX_POINT('',#2760);
#2760 = CARTESIAN_POINT('',(-14.44,-30.44,8.));
#2761 = LINE('',#2762,#2763);
#2762 = CARTESIAN_POINT('',(-14.44,-30.44,0.));
#2763 = VECTOR('',#2764,1.);
#2764 = DIRECTION('',(0.,0.,1.));
#2765 = ORIENTED_EDGE('',*,*,#2766,.T.);
#2766 = EDGE_CURVE('',#2759,#2767,#2769,.T.);
#2767 = VERTEX_POINT('',#2768);
#2768 = CARTESIAN_POINT('',(-14.44,-24.6,8.));
#2769 = LINE('',#2770,#2771);
#2770 = CARTESIAN_POINT('',(-14.44,-30.44,8.));
#2771 = VECTOR('',#2772,1.);
#2772 = DIRECTION('',(0.,1.,0.));
#2773 = ORIENTED_EDGE('',*,*,#2774,.F.);
#2774 = EDGE_CURVE('',#2775,#2767,#2777,.T.);
#2775 = VERTEX_POINT('',#2776);
#2776 = CARTESIAN_POINT('',(-14.44,-24.6,6.8));
#2777 = LINE('',#2778,#2779);
#2778 = CARTESIAN_POINT('',(-14.44,-24.6,5.4));
#2779 = VECTOR('',#2780,1.);
#2780 = DIRECTION('',(0.,0.,1.));
#2781 = ORIENTED_EDGE('',*,*,#2782,.T.);
#2782 = EDGE_CURVE('',#2775,#2783,#2785,.T.);
#2783 = VERTEX_POINT('',#2784);
#2784 = CARTESIAN_POINT('',(-14.44,-23.4,6.8));
#2785 = LINE('',#2786,#2787);
#2786 = CARTESIAN_POINT('',(-14.44,-4.,6.8));
#2787 = VECTOR('',#2788,1.);
#2788 = DIRECTION('',(0.,1.,0.));
#2789 = ORIENTED_EDGE('',*,*,#2790,.T.);
#2790 = EDGE_CURVE('',#2783,#2791,#2793,.T.);
#2791 = VERTEX_POINT('',#2792);
#2792 = CARTESIAN_POINT('',(-14.44,-23.4,8.));
#2793 = LINE('',#2794,#2795);
#2794 = CARTESIAN_POINT('',(-14.44,-23.4,5.4));
#2795 = VECTOR('',#2796,1.);
#2796 = DIRECTION('',(0.,0.,1.));
#2797 = ORIENTED_EDGE('',*,*,#2798,.T.);
#2798 = EDGE_CURVE('',#2791,#2799,#2801,.T.);
#2799 = VERTEX_POINT('',#2800);
#2800 = CARTESIAN_POINT('',(-14.44,-16.6,8.));
#2801 = LINE('',#2802,#2803);
#2802 = CARTESIAN_POINT('',(-14.44,-30.44,8.));
#2803 = VECTOR('',#2804,1.);
#2804 = DIRECTION('',(0.,1.,0.));
#2805 = ORIENTED_EDGE('',*,*,#2806,.F.);
#2806 = EDGE_CURVE('',#2807,#2799,#2809,.T.);
#2807 = VERTEX_POINT('',#2808);
#2808 = CARTESIAN_POINT('',(-14.44,-16.6,6.8));
#2809 = LINE('',#2810,#2811);
#2810 = CARTESIAN_POINT('',(-14.44,-16.6,5.4));
#2811 = VECTOR('',#2812,1.);
#2812 = DIRECTION('',(0.,0.,1.));
#2813 = ORIENTED_EDGE('',*,*,#2814,.T.);
#2814 = EDGE_CURVE('',#2807,#2815,#2817,.T.);
#2815 = VERTEX_POINT('',#2816);
#2816 = CARTESIAN_POINT('',(-14.44,-15.4,6.8));
#2817 = LINE('',#2818,#2819);
#2818 = CARTESIAN_POINT('',(-14.44,-4.,6.8));
#2819 = VECTOR('',#2820,1.);
#2820 = DIRECTION('',(0.,1.,0.));
#2821 = ORIENTED_EDGE('',*,*,#2822,.T.);
#2822 = EDGE_CURVE('',#2815,#2823,#2825,.T.);
#2823 = VERTEX_POINT('',#2824);
#2824 = CARTESIAN_POINT('',(-14.44,-15.4,8.));
#2825 = LINE('',#2826,#2827);
#2826 = CARTESIAN_POINT('',(-14.44,-15.4,5.4));
#2827 = VECTOR('',#2828,1.);
#2828 = DIRECTION('',(0.,0.,1.));
#2829 = ORIENTED_EDGE('',*,*,#2830,.T.);
#2830 = EDGE_CURVE('',#2823,#2831,#2833,.T.);
#2831 = VERTEX_POINT('',#2832);
#2832 = CARTESIAN_POINT('',(-14.44,-8.6,8.));
#2833 = LINE('',#2834,#2835);
#2834 = CARTESIAN_POINT('',(-14.44,-30.44,8.));
#2835 = VECTOR('',#2836,1.);
#2836 = DIRECTION('',(0.,1.,0.));
#2837 = ORIENTED_EDGE('',*,*,#2838,.F.);
#2838 = EDGE_CURVE('',#2839,#2831,#2841,.T.);
#2839 = VERTEX_POINT('',#2840);
#2840 = CARTESIAN_POINT('',(-14.44,-8.6,6.8));
#2841 = LINE('',#2842,#2843);
#2842 = CARTESIAN_POINT('',(-14.44,-8.6,5.4));
#2843 = VECTOR('',#2844,1.);
#2844 = DIRECTION('',(0.,0.,1.));
#2845 = ORIENTED_EDGE('',*,*,#2846,.T.);
#2846 = EDGE_CURVE('',#2839,#2847,#2849,.T.);
#2847 = VERTEX_POINT('',#2848);
#2848 = CARTESIAN_POINT('',(-14.44,-7.4,6.8));
#2849 = LINE('',#2850,#2851);
#2850 = CARTESIAN_POINT('',(-14.44,-4.,6.8));
#2851 = VECTOR('',#2852,1.);
#2852 = DIRECTION('',(0.,1.,0.));
#2853 = ORIENTED_EDGE('',*,*,#2854,.T.);
#2854 = EDGE_CURVE('',#2847,#2855,#2857,.T.);
#2855 = VERTEX_POINT('',#2856);
#2856 = CARTESIAN_POINT('',(-14.44,-7.4,8.));
#2857 = LINE('',#2858,#2859);
#2858 = CARTESIAN_POINT('',(-14.44,-7.4,5.4));
#2859 = VECTOR('',#2860,1.);
#2860 = DIRECTION('',(0.,0.,1.));
#2861 = ORIENTED_EDGE('',*,*,#2862,.T.);
#2862 = EDGE_CURVE('',#2855,#2863,#2865,.T.);
#2863 = VERTEX_POINT('',#2864);
#2864 = CARTESIAN_POINT('',(-14.44,-0.6,8.));
#2865 = LINE('',#2866,#2867);
#2866 = CARTESIAN_POINT('',(-14.44,-30.44,8.));
#2867 = VECTOR('',#2868,1.);
#2868 = DIRECTION('',(0.,1.,0.));
#2869 = ORIENTED_EDGE('',*,*,#2870,.F.);
#2870 = EDGE_CURVE('',#2871,#2863,#2873,.T.);
#2871 = VERTEX_POINT('',#2872);
#2872 = CARTESIAN_POINT('',(-14.44,-0.6,6.8));
#2873 = LINE('',#2874,#2875);
#2874 = CARTESIAN_POINT('',(-14.44,-0.6,5.4));
#2875 = VECTOR('',#2876,1.);
#2876 = DIRECTION('',(0.,0.,1.));
#2877 = ORIENTED_EDGE('',*,*,#2878,.T.);
#2878 = EDGE_CURVE('',#2871,#2879,#2881,.T.);
#2879 = VERTEX_POINT('',#2880);
#2880 = CARTESIAN_POINT('',(-14.44,0.6,6.8));
#2881 = LINE('',#2882,#2883);
#2882 = CARTESIAN_POINT('',(-14.44,-4.,6.8));
#2883 = VECTOR('',#2884,1.);
#2884 = DIRECTION('',(0.,1.,0.));
#2885 = ORIENTED_EDGE('',*,*,#2886,.T.);
#2886 = EDGE_CURVE('',#2879,#2887,#2889,.T.);
#2887 = VERTEX_POINT('',#2888);
#2888 = CARTESIAN_POINT('',(-14.44,0.6,8.));
#2889 = LINE('',#2890,#2891);
#2890 = CARTESIAN_POINT('',(-14.44,0.6,5.4));
#2891 = VECTOR('',#2892,1.);
#2892 = DIRECTION('',(0.,0.,1.));
#2893 = ORIENTED_EDGE('',*,*,#2894,.T.);
#2894 = EDGE_CURVE('',#2887,#2895,#2897,.T.);
#2895 = VERTEX_POINT('',#2896);
#2896 = CARTESIAN_POINT('',(-14.44,7.4,8.));
#2897 = LINE('',#2898,#2899);
#2898 = CARTESIAN_POINT('',(-14.44,-30.44,8.));
#2899 = VECTOR('',#2900,1.);
#2900 = DIRECTION('',(0.,1.,0.));
#2901 = ORIENTED_EDGE('',*,*,#2902,.F.);
#2902 = EDGE_CURVE('',#2903,#2895,#2905,.T.);
#2903 = VERTEX_POINT('',#2904);
#2904 = CARTESIAN_POINT('',(-14.44,7.4,6.8));
#2905 = LINE('',#2906,#2907);
#2906 = CARTESIAN_POINT('',(-14.44,7.4,5.4));
#2907 = VECTOR('',#2908,1.);
#2908 = DIRECTION('',(0.,0.,1.));
#2909 = ORIENTED_EDGE('',*,*,#2910,.T.);
#2910 = EDGE_CURVE('',#2903,#2911,#2913,.T.);
#2911 = VERTEX_POINT('',#2912);
#2912 = CARTESIAN_POINT('',(-14.44,8.6,6.8));
#2913 = LINE('',#2914,#2915);
#2914 = CARTESIAN_POINT('',(-14.44,-4.,6.8));
#2915 = VECTOR('',#2916,1.);
#2916 = DIRECTION('',(0.,1.,0.));
#2917 = ORIENTED_EDGE('',*,*,#2918,.T.);
#2918 = EDGE_CURVE('',#2911,#2919,#2921,.T.);
#2919 = VERTEX_POINT('',#2920);
#2920 = CARTESIAN_POINT('',(-14.44,8.6,8.));
#2921 = LINE('',#2922,#2923);
#2922 = CARTESIAN_POINT('',(-14.44,8.6,5.4));
#2923 = VECTOR('',#2924,1.);
#2924 = DIRECTION('',(0.,0.,1.));
#2925 = ORIENTED_EDGE('',*,*,#2926,.T.);
#2926 = EDGE_CURVE('',#2919,#2927,#2929,.T.);
#2927 = VERTEX_POINT('',#2928);
#2928 = CARTESIAN_POINT('',(-14.44,14.44,8.));
#2929 = LINE('',#2930,#2931);
#2930 = CARTESIAN_POINT('',(-14.44,-30.44,8.));
#2931 = VECTOR('',#2932,1.);
#2932 = DIRECTION('',(0.,1.,0.));
#2933 = ORIENTED_EDGE('',*,*,#2934,.F.);
#2934 = EDGE_CURVE('',#2043,#2927,#2935,.T.);
#2935 = LINE('',#2936,#2937);
#2936 = CARTESIAN_POINT('',(-14.44,14.44,0.));
#2937 = VECTOR('',#2938,1.);
#2938 = DIRECTION('',(0.,0.,1.));
#2939 = ORIENTED_EDGE('',*,*,#2042,.F.);
#2940 = ORIENTED_EDGE('',*,*,#2019,.F.);
#2941 = ORIENTED_EDGE('',*,*,#1996,.F.);
#2942 = ORIENTED_EDGE('',*,*,#1973,.F.);
#2943 = ORIENTED_EDGE('',*,*,#1950,.F.);
#2944 = ORIENTED_EDGE('',*,*,#1927,.F.);
#2945 = ORIENTED_EDGE('',*,*,#1904,.F.);
#2946 = ORIENTED_EDGE('',*,*,#1881,.F.);
#2947 = ORIENTED_EDGE('',*,*,#1858,.F.);
#2948 = ORIENTED_EDGE('',*,*,#1835,.F.);
#2949 = PLANE('',#2950);
#2950 = AXIS2_PLACEMENT_3D('',#2951,#2952,#2953);
#2951 = CARTESIAN_POINT('',(-14.44,-8.,4.));
#2952 = DIRECTION('',(-1.,-0.,-0.));
#2953 = DIRECTION('',(0.,0.,-1.));
#2954 = ADVANCED_FACE('',(#2955),#3037,.F.);
#2955 = FACE_BOUND('',#2956,.F.);
#2956 = EDGE_LOOP('',(#2957,#2958,#2959,#2967,#2975,#2983,#2991,#2999,
    #3007,#3015,#3023,#3031));
#2957 = ORIENTED_EDGE('',*,*,#2065,.F.);
#2958 = ORIENTED_EDGE('',*,*,#2934,.T.);
#2959 = ORIENTED_EDGE('',*,*,#2960,.T.);
#2960 = EDGE_CURVE('',#2927,#2961,#2963,.T.);
#2961 = VERTEX_POINT('',#2962);
#2962 = CARTESIAN_POINT('',(-8.6,14.44,8.));
#2963 = LINE('',#2964,#2965);
#2964 = CARTESIAN_POINT('',(-14.44,14.44,8.));
#2965 = VECTOR('',#2966,1.);
#2966 = DIRECTION('',(1.,0.,0.));
#2967 = ORIENTED_EDGE('',*,*,#2968,.F.);
#2968 = EDGE_CURVE('',#2969,#2961,#2971,.T.);
#2969 = VERTEX_POINT('',#2970);
#2970 = CARTESIAN_POINT('',(-8.6,14.44,6.8));
#2971 = LINE('',#2972,#2973);
#2972 = CARTESIAN_POINT('',(-8.6,14.44,3.4));
#2973 = VECTOR('',#2974,1.);
#2974 = DIRECTION('',(0.,0.,1.));
#2975 = ORIENTED_EDGE('',*,*,#2976,.T.);
#2976 = EDGE_CURVE('',#2969,#2977,#2979,.T.);
#2977 = VERTEX_POINT('',#2978);
#2978 = CARTESIAN_POINT('',(-7.4,14.44,6.8));
#2979 = LINE('',#2980,#2981);
#2980 = CARTESIAN_POINT('',(-7.22,14.44,6.8));
#2981 = VECTOR('',#2982,1.);
#2982 = DIRECTION('',(1.,0.,0.));
#2983 = ORIENTED_EDGE('',*,*,#2984,.T.);
#2984 = EDGE_CURVE('',#2977,#2985,#2987,.T.);
#2985 = VERTEX_POINT('',#2986);
#2986 = CARTESIAN_POINT('',(-7.4,14.44,8.));
#2987 = LINE('',#2988,#2989);
#2988 = CARTESIAN_POINT('',(-7.4,14.44,3.4));
#2989 = VECTOR('',#2990,1.);
#2990 = DIRECTION('',(0.,0.,1.));
#2991 = ORIENTED_EDGE('',*,*,#2992,.T.);
#2992 = EDGE_CURVE('',#2985,#2993,#2995,.T.);
#2993 = VERTEX_POINT('',#2994);
#2994 = CARTESIAN_POINT('',(-0.6,14.44,8.));
#2995 = LINE('',#2996,#2997);
#2996 = CARTESIAN_POINT('',(-14.44,14.44,8.));
#2997 = VECTOR('',#2998,1.);
#2998 = DIRECTION('',(1.,0.,0.));
#2999 = ORIENTED_EDGE('',*,*,#3000,.F.);
#3000 = EDGE_CURVE('',#3001,#2993,#3003,.T.);
#3001 = VERTEX_POINT('',#3002);
#3002 = CARTESIAN_POINT('',(-0.6,14.44,6.8));
#3003 = LINE('',#3004,#3005);
#3004 = CARTESIAN_POINT('',(-0.6,14.44,3.4));
#3005 = VECTOR('',#3006,1.);
#3006 = DIRECTION('',(0.,0.,1.));
#3007 = ORIENTED_EDGE('',*,*,#3008,.T.);
#3008 = EDGE_CURVE('',#3001,#3009,#3011,.T.);
#3009 = VERTEX_POINT('',#3010);
#3010 = CARTESIAN_POINT('',(0.6,14.44,6.8));
#3011 = LINE('',#3012,#3013);
#3012 = CARTESIAN_POINT('',(-7.22,14.44,6.8));
#3013 = VECTOR('',#3014,1.);
#3014 = DIRECTION('',(1.,0.,0.));
#3015 = ORIENTED_EDGE('',*,*,#3016,.T.);
#3016 = EDGE_CURVE('',#3009,#3017,#3019,.T.);
#3017 = VERTEX_POINT('',#3018);
#3018 = CARTESIAN_POINT('',(0.6,14.44,8.));
#3019 = LINE('',#3020,#3021);
#3020 = CARTESIAN_POINT('',(0.6,14.44,3.4));
#3021 = VECTOR('',#3022,1.);
#3022 = DIRECTION('',(0.,0.,1.));
#3023 = ORIENTED_EDGE('',*,*,#3024,.T.);
#3024 = EDGE_CURVE('',#3017,#3025,#3027,.T.);
#3025 = VERTEX_POINT('',#3026);
#3026 = CARTESIAN_POINT('',(1.56,14.44,8.));
#3027 = LINE('',#3028,#3029);
#3028 = CARTESIAN_POINT('',(-14.44,14.44,8.));
#3029 = VECTOR('',#3030,1.);
#3030 = DIRECTION('',(1.,0.,0.));
#3031 = ORIENTED_EDGE('',*,*,#3032,.F.);
#3032 = EDGE_CURVE('',#2066,#3025,#3033,.T.);
#3033 = LINE('',#3034,#3035);
#3034 = CARTESIAN_POINT('',(1.56,14.44,0.));
#3035 = VECTOR('',#3036,1.);
#3036 = DIRECTION('',(0.,0.,1.));
#3037 = PLANE('',#3038);
#3038 = AXIS2_PLACEMENT_3D('',#3039,#3040,#3041);
#3039 = CARTESIAN_POINT('',(-14.44,14.44,0.));
#3040 = DIRECTION('',(0.,1.,0.));
#3041 = DIRECTION('',(0.,0.,1.));
#3042 = ADVANCED_FACE('',(#3043),#3128,.F.);
#3043 = FACE_BOUND('',#3044,.F.);
#3044 = EDGE_LOOP('',(#3045,#3046,#3047,#3055,#3063,#3071,#3079,#3087,
    #3095,#3103,#3111,#3119,#3125,#3126,#3127));
#3045 = ORIENTED_EDGE('',*,*,#2088,.F.);
#3046 = ORIENTED_EDGE('',*,*,#3032,.T.);
#3047 = ORIENTED_EDGE('',*,*,#3048,.T.);
#3048 = EDGE_CURVE('',#3025,#3049,#3051,.T.);
#3049 = VERTEX_POINT('',#3050);
#3050 = CARTESIAN_POINT('',(1.56,15.4,8.));
#3051 = LINE('',#3052,#3053);
#3052 = CARTESIAN_POINT('',(1.56,25.56,8.));
#3053 = VECTOR('',#3054,1.);
#3054 = DIRECTION('',(0.,1.,0.));
#3055 = ORIENTED_EDGE('',*,*,#3056,.F.);
#3056 = EDGE_CURVE('',#3057,#3049,#3059,.T.);
#3057 = VERTEX_POINT('',#3058);
#3058 = CARTESIAN_POINT('',(1.56,15.4,6.8));
#3059 = LINE('',#3060,#3061);
#3060 = CARTESIAN_POINT('',(1.56,15.4,5.4));
#3061 = VECTOR('',#3062,1.);
#3062 = DIRECTION('',(0.,0.,1.));
#3063 = ORIENTED_EDGE('',*,*,#3064,.T.);
#3064 = EDGE_CURVE('',#3057,#3065,#3067,.T.);
#3065 = VERTEX_POINT('',#3066);
#3066 = CARTESIAN_POINT('',(1.56,16.6,6.8));
#3067 = LINE('',#3068,#3069);
#3068 = CARTESIAN_POINT('',(1.56,11.22,6.8));
#3069 = VECTOR('',#3070,1.);
#3070 = DIRECTION('',(0.,1.,0.));
#3071 = ORIENTED_EDGE('',*,*,#3072,.T.);
#3072 = EDGE_CURVE('',#3065,#3073,#3075,.T.);
#3073 = VERTEX_POINT('',#3074);
#3074 = CARTESIAN_POINT('',(1.56,16.6,8.));
#3075 = LINE('',#3076,#3077);
#3076 = CARTESIAN_POINT('',(1.56,16.6,5.4));
#3077 = VECTOR('',#3078,1.);
#3078 = DIRECTION('',(0.,0.,1.));
#3079 = ORIENTED_EDGE('',*,*,#3080,.T.);
#3080 = EDGE_CURVE('',#3073,#3081,#3083,.T.);
#3081 = VERTEX_POINT('',#3082);
#3082 = CARTESIAN_POINT('',(1.56,23.4,8.));
#3083 = LINE('',#3084,#3085);
#3084 = CARTESIAN_POINT('',(1.56,25.56,8.));
#3085 = VECTOR('',#3086,1.);
#3086 = DIRECTION('',(0.,1.,0.));
#3087 = ORIENTED_EDGE('',*,*,#3088,.F.);
#3088 = EDGE_CURVE('',#3089,#3081,#3091,.T.);
#3089 = VERTEX_POINT('',#3090);
#3090 = CARTESIAN_POINT('',(1.56,23.4,6.8));
#3091 = LINE('',#3092,#3093);
#3092 = CARTESIAN_POINT('',(1.56,23.4,5.4));
#3093 = VECTOR('',#3094,1.);
#3094 = DIRECTION('',(0.,0.,1.));
#3095 = ORIENTED_EDGE('',*,*,#3096,.T.);
#3096 = EDGE_CURVE('',#3089,#3097,#3099,.T.);
#3097 = VERTEX_POINT('',#3098);
#3098 = CARTESIAN_POINT('',(1.56,24.6,6.8));
#3099 = LINE('',#3100,#3101);
#3100 = CARTESIAN_POINT('',(1.56,11.22,6.8));
#3101 = VECTOR('',#3102,1.);
#3102 = DIRECTION('',(0.,1.,0.));
#3103 = ORIENTED_EDGE('',*,*,#3104,.T.);
#3104 = EDGE_CURVE('',#3097,#3105,#3107,.T.);
#3105 = VERTEX_POINT('',#3106);
#3106 = CARTESIAN_POINT('',(1.56,24.6,8.));
#3107 = LINE('',#3108,#3109);
#3108 = CARTESIAN_POINT('',(1.56,24.6,5.4));
#3109 = VECTOR('',#3110,1.);
#3110 = DIRECTION('',(0.,0.,1.));
#3111 = ORIENTED_EDGE('',*,*,#3112,.T.);
#3112 = EDGE_CURVE('',#3105,#3113,#3115,.T.);
#3113 = VERTEX_POINT('',#3114);
#3114 = CARTESIAN_POINT('',(1.56,30.44,8.));
#3115 = LINE('',#3116,#3117);
#3116 = CARTESIAN_POINT('',(1.56,25.56,8.));
#3117 = VECTOR('',#3118,1.);
#3118 = DIRECTION('',(0.,1.,0.));
#3119 = ORIENTED_EDGE('',*,*,#3120,.F.);
#3120 = EDGE_CURVE('',#2158,#3113,#3121,.T.);
#3121 = LINE('',#3122,#3123);
#3122 = CARTESIAN_POINT('',(1.56,30.44,0.));
#3123 = VECTOR('',#3124,1.);
#3124 = DIRECTION('',(0.,0.,1.));
#3125 = ORIENTED_EDGE('',*,*,#2157,.F.);
#3126 = ORIENTED_EDGE('',*,*,#2134,.F.);
#3127 = ORIENTED_EDGE('',*,*,#2111,.F.);
#3128 = PLANE('',#3129);
#3129 = AXIS2_PLACEMENT_3D('',#3130,#3131,#3132);
#3130 = CARTESIAN_POINT('',(1.56,22.44,4.));
#3131 = DIRECTION('',(-1.,-0.,-0.));
#3132 = DIRECTION('',(0.,0.,-1.));
#3133 = ADVANCED_FACE('',(#3134),#3184,.F.);
#3134 = FACE_BOUND('',#3135,.F.);
#3135 = EDGE_LOOP('',(#3136,#3137,#3138,#3146,#3154,#3162,#3170,#3178));
#3136 = ORIENTED_EDGE('',*,*,#2180,.F.);
#3137 = ORIENTED_EDGE('',*,*,#3120,.T.);
#3138 = ORIENTED_EDGE('',*,*,#3139,.T.);
#3139 = EDGE_CURVE('',#3113,#3140,#3142,.T.);
#3140 = VERTEX_POINT('',#3141);
#3141 = CARTESIAN_POINT('',(7.4,30.44,8.));
#3142 = LINE('',#3143,#3144);
#3143 = CARTESIAN_POINT('',(1.56,30.44,8.));
#3144 = VECTOR('',#3145,1.);
#3145 = DIRECTION('',(1.,0.,0.));
#3146 = ORIENTED_EDGE('',*,*,#3147,.F.);
#3147 = EDGE_CURVE('',#3148,#3140,#3150,.T.);
#3148 = VERTEX_POINT('',#3149);
#3149 = CARTESIAN_POINT('',(7.4,30.44,6.8));
#3150 = LINE('',#3151,#3152);
#3151 = CARTESIAN_POINT('',(7.4,30.44,3.4));
#3152 = VECTOR('',#3153,1.);
#3153 = DIRECTION('',(0.,0.,1.));
#3154 = ORIENTED_EDGE('',*,*,#3155,.T.);
#3155 = EDGE_CURVE('',#3148,#3156,#3158,.T.);
#3156 = VERTEX_POINT('',#3157);
#3157 = CARTESIAN_POINT('',(8.6,30.44,6.8));
#3158 = LINE('',#3159,#3160);
#3159 = CARTESIAN_POINT('',(0.78,30.44,6.8));
#3160 = VECTOR('',#3161,1.);
#3161 = DIRECTION('',(1.,0.,0.));
#3162 = ORIENTED_EDGE('',*,*,#3163,.T.);
#3163 = EDGE_CURVE('',#3156,#3164,#3166,.T.);
#3164 = VERTEX_POINT('',#3165);
#3165 = CARTESIAN_POINT('',(8.6,30.44,8.));
#3166 = LINE('',#3167,#3168);
#3167 = CARTESIAN_POINT('',(8.6,30.44,3.4));
#3168 = VECTOR('',#3169,1.);
#3169 = DIRECTION('',(0.,0.,1.));
#3170 = ORIENTED_EDGE('',*,*,#3171,.T.);
#3171 = EDGE_CURVE('',#3164,#3172,#3174,.T.);
#3172 = VERTEX_POINT('',#3173);
#3173 = CARTESIAN_POINT('',(14.44,30.44,8.));
#3174 = LINE('',#3175,#3176);
#3175 = CARTESIAN_POINT('',(1.56,30.44,8.));
#3176 = VECTOR('',#3177,1.);
#3177 = DIRECTION('',(1.,0.,0.));
#3178 = ORIENTED_EDGE('',*,*,#3179,.F.);
#3179 = EDGE_CURVE('',#2181,#3172,#3180,.T.);
#3180 = LINE('',#3181,#3182);
#3181 = CARTESIAN_POINT('',(14.44,30.44,0.));
#3182 = VECTOR('',#3183,1.);
#3183 = DIRECTION('',(0.,0.,1.));
#3184 = PLANE('',#3185);
#3185 = AXIS2_PLACEMENT_3D('',#3186,#3187,#3188);
#3186 = CARTESIAN_POINT('',(1.56,30.44,0.));
#3187 = DIRECTION('',(0.,1.,0.));
#3188 = DIRECTION('',(0.,0.,1.));
#3189 = ADVANCED_FACE('',(#3190),#3310,.F.);
#3190 = FACE_BOUND('',#3191,.F.);
#3191 = EDGE_LOOP('',(#3192,#3200,#3201,#3202,#3203,#3204,#3205,#3206,
    #3207,#3208,#3216,#3224,#3232,#3240,#3248,#3256,#3264,#3272,#3280,
    #3288,#3296,#3304));
#3192 = ORIENTED_EDGE('',*,*,#3193,.F.);
#3193 = EDGE_CURVE('',#2342,#3194,#3196,.T.);
#3194 = VERTEX_POINT('',#3195);
#3195 = CARTESIAN_POINT('',(14.44,1.56,8.));
#3196 = LINE('',#3197,#3198);
#3197 = CARTESIAN_POINT('',(14.44,1.56,0.));
#3198 = VECTOR('',#3199,1.);
#3199 = DIRECTION('',(0.,0.,1.));
#3200 = ORIENTED_EDGE('',*,*,#2341,.T.);
#3201 = ORIENTED_EDGE('',*,*,#2318,.T.);
#3202 = ORIENTED_EDGE('',*,*,#2295,.T.);
#3203 = ORIENTED_EDGE('',*,*,#2272,.T.);
#3204 = ORIENTED_EDGE('',*,*,#2249,.T.);
#3205 = ORIENTED_EDGE('',*,*,#2226,.T.);
#3206 = ORIENTED_EDGE('',*,*,#2203,.T.);
#3207 = ORIENTED_EDGE('',*,*,#3179,.T.);
#3208 = ORIENTED_EDGE('',*,*,#3209,.F.);
#3209 = EDGE_CURVE('',#3210,#3172,#3212,.T.);
#3210 = VERTEX_POINT('',#3211);
#3211 = CARTESIAN_POINT('',(14.44,24.6,8.));
#3212 = LINE('',#3213,#3214);
#3213 = CARTESIAN_POINT('',(14.44,1.56,8.));
#3214 = VECTOR('',#3215,1.);
#3215 = DIRECTION('',(0.,1.,0.));
#3216 = ORIENTED_EDGE('',*,*,#3217,.T.);
#3217 = EDGE_CURVE('',#3210,#3218,#3220,.T.);
#3218 = VERTEX_POINT('',#3219);
#3219 = CARTESIAN_POINT('',(14.44,24.6,6.8));
#3220 = LINE('',#3221,#3222);
#3221 = CARTESIAN_POINT('',(14.44,24.6,5.4));
#3222 = VECTOR('',#3223,1.);
#3223 = DIRECTION('',(0.,0.,-1.));
#3224 = ORIENTED_EDGE('',*,*,#3225,.T.);
#3225 = EDGE_CURVE('',#3218,#3226,#3228,.T.);
#3226 = VERTEX_POINT('',#3227);
#3227 = CARTESIAN_POINT('',(14.44,23.4,6.8));
#3228 = LINE('',#3229,#3230);
#3229 = CARTESIAN_POINT('',(14.44,8.,6.8));
#3230 = VECTOR('',#3231,1.);
#3231 = DIRECTION('',(0.,-1.,0.));
#3232 = ORIENTED_EDGE('',*,*,#3233,.F.);
#3233 = EDGE_CURVE('',#3234,#3226,#3236,.T.);
#3234 = VERTEX_POINT('',#3235);
#3235 = CARTESIAN_POINT('',(14.44,23.4,8.));
#3236 = LINE('',#3237,#3238);
#3237 = CARTESIAN_POINT('',(14.44,23.4,5.4));
#3238 = VECTOR('',#3239,1.);
#3239 = DIRECTION('',(0.,0.,-1.));
#3240 = ORIENTED_EDGE('',*,*,#3241,.F.);
#3241 = EDGE_CURVE('',#3242,#3234,#3244,.T.);
#3242 = VERTEX_POINT('',#3243);
#3243 = CARTESIAN_POINT('',(14.44,16.6,8.));
#3244 = LINE('',#3245,#3246);
#3245 = CARTESIAN_POINT('',(14.44,1.56,8.));
#3246 = VECTOR('',#3247,1.);
#3247 = DIRECTION('',(0.,1.,0.));
#3248 = ORIENTED_EDGE('',*,*,#3249,.T.);
#3249 = EDGE_CURVE('',#3242,#3250,#3252,.T.);
#3250 = VERTEX_POINT('',#3251);
#3251 = CARTESIAN_POINT('',(14.44,16.6,6.8));
#3252 = LINE('',#3253,#3254);
#3253 = CARTESIAN_POINT('',(14.44,16.6,5.4));
#3254 = VECTOR('',#3255,1.);
#3255 = DIRECTION('',(0.,0.,-1.));
#3256 = ORIENTED_EDGE('',*,*,#3257,.T.);
#3257 = EDGE_CURVE('',#3250,#3258,#3260,.T.);
#3258 = VERTEX_POINT('',#3259);
#3259 = CARTESIAN_POINT('',(14.44,15.4,6.8));
#3260 = LINE('',#3261,#3262);
#3261 = CARTESIAN_POINT('',(14.44,8.,6.8));
#3262 = VECTOR('',#3263,1.);
#3263 = DIRECTION('',(0.,-1.,0.));
#3264 = ORIENTED_EDGE('',*,*,#3265,.F.);
#3265 = EDGE_CURVE('',#3266,#3258,#3268,.T.);
#3266 = VERTEX_POINT('',#3267);
#3267 = CARTESIAN_POINT('',(14.44,15.4,8.));
#3268 = LINE('',#3269,#3270);
#3269 = CARTESIAN_POINT('',(14.44,15.4,5.4));
#3270 = VECTOR('',#3271,1.);
#3271 = DIRECTION('',(0.,0.,-1.));
#3272 = ORIENTED_EDGE('',*,*,#3273,.F.);
#3273 = EDGE_CURVE('',#3274,#3266,#3276,.T.);
#3274 = VERTEX_POINT('',#3275);
#3275 = CARTESIAN_POINT('',(14.44,8.6,8.));
#3276 = LINE('',#3277,#3278);
#3277 = CARTESIAN_POINT('',(14.44,1.56,8.));
#3278 = VECTOR('',#3279,1.);
#3279 = DIRECTION('',(0.,1.,0.));
#3280 = ORIENTED_EDGE('',*,*,#3281,.T.);
#3281 = EDGE_CURVE('',#3274,#3282,#3284,.T.);
#3282 = VERTEX_POINT('',#3283);
#3283 = CARTESIAN_POINT('',(14.44,8.6,6.8));
#3284 = LINE('',#3285,#3286);
#3285 = CARTESIAN_POINT('',(14.44,8.6,5.4));
#3286 = VECTOR('',#3287,1.);
#3287 = DIRECTION('',(0.,0.,-1.));
#3288 = ORIENTED_EDGE('',*,*,#3289,.T.);
#3289 = EDGE_CURVE('',#3282,#3290,#3292,.T.);
#3290 = VERTEX_POINT('',#3291);
#3291 = CARTESIAN_POINT('',(14.44,7.4,6.8));
#3292 = LINE('',#3293,#3294);
#3293 = CARTESIAN_POINT('',(14.44,8.,6.8));
#3294 = VECTOR('',#3295,1.);
#3295 = DIRECTION('',(0.,-1.,0.));
#3296 = ORIENTED_EDGE('',*,*,#3297,.F.);
#3297 = EDGE_CURVE('',#3298,#3290,#3300,.T.);
#3298 = VERTEX_POINT('',#3299);
#3299 = CARTESIAN_POINT('',(14.44,7.4,8.));
#3300 = LINE('',#3301,#3302);
#3301 = CARTESIAN_POINT('',(14.44,7.4,5.4));
#3302 = VECTOR('',#3303,1.);
#3303 = DIRECTION('',(0.,0.,-1.));
#3304 = ORIENTED_EDGE('',*,*,#3305,.F.);
#3305 = EDGE_CURVE('',#3194,#3298,#3306,.T.);
#3306 = LINE('',#3307,#3308);
#3307 = CARTESIAN_POINT('',(14.44,1.56,8.));
#3308 = VECTOR('',#3309,1.);
#3309 = DIRECTION('',(0.,1.,0.));
#3310 = PLANE('',#3311);
#3311 = AXIS2_PLACEMENT_3D('',#3312,#3313,#3314);
#3312 = CARTESIAN_POINT('',(14.44,16.,4.));
#3313 = DIRECTION('',(1.,0.,0.));
#3314 = DIRECTION('',(0.,0.,1.));
#3315 = ADVANCED_FACE('',(#3316),#3398,.T.);
#3316 = FACE_BOUND('',#3317,.T.);
#3317 = EDGE_LOOP('',(#3318,#3319,#3327,#3335,#3343,#3351,#3359,#3367,
    #3375,#3383,#3391,#3397));
#3318 = ORIENTED_EDGE('',*,*,#2371,.F.);
#3319 = ORIENTED_EDGE('',*,*,#3320,.T.);
#3320 = EDGE_CURVE('',#2363,#3321,#3323,.T.);
#3321 = VERTEX_POINT('',#3322);
#3322 = CARTESIAN_POINT('',(-1.56,1.56,8.));
#3323 = LINE('',#3324,#3325);
#3324 = CARTESIAN_POINT('',(-1.56,1.56,0.));
#3325 = VECTOR('',#3326,1.);
#3326 = DIRECTION('',(0.,0.,1.));
#3327 = ORIENTED_EDGE('',*,*,#3328,.T.);
#3328 = EDGE_CURVE('',#3321,#3329,#3331,.T.);
#3329 = VERTEX_POINT('',#3330);
#3330 = CARTESIAN_POINT('',(-0.6,1.56,8.));
#3331 = LINE('',#3332,#3333);
#3332 = CARTESIAN_POINT('',(-14.44,1.56,8.));
#3333 = VECTOR('',#3334,1.);
#3334 = DIRECTION('',(1.,0.,0.));
#3335 = ORIENTED_EDGE('',*,*,#3336,.F.);
#3336 = EDGE_CURVE('',#3337,#3329,#3339,.T.);
#3337 = VERTEX_POINT('',#3338);
#3338 = CARTESIAN_POINT('',(-0.6,1.56,6.8));
#3339 = LINE('',#3340,#3341);
#3340 = CARTESIAN_POINT('',(-0.6,1.56,3.4));
#3341 = VECTOR('',#3342,1.);
#3342 = DIRECTION('',(0.,0.,1.));
#3343 = ORIENTED_EDGE('',*,*,#3344,.T.);
#3344 = EDGE_CURVE('',#3337,#3345,#3347,.T.);
#3345 = VERTEX_POINT('',#3346);
#3346 = CARTESIAN_POINT('',(0.6,1.56,6.8));
#3347 = LINE('',#3348,#3349);
#3348 = CARTESIAN_POINT('',(-7.22,1.56,6.8));
#3349 = VECTOR('',#3350,1.);
#3350 = DIRECTION('',(1.,0.,0.));
#3351 = ORIENTED_EDGE('',*,*,#3352,.T.);
#3352 = EDGE_CURVE('',#3345,#3353,#3355,.T.);
#3353 = VERTEX_POINT('',#3354);
#3354 = CARTESIAN_POINT('',(0.6,1.56,8.));
#3355 = LINE('',#3356,#3357);
#3356 = CARTESIAN_POINT('',(0.6,1.56,3.4));
#3357 = VECTOR('',#3358,1.);
#3358 = DIRECTION('',(0.,0.,1.));
#3359 = ORIENTED_EDGE('',*,*,#3360,.T.);
#3360 = EDGE_CURVE('',#3353,#3361,#3363,.T.);
#3361 = VERTEX_POINT('',#3362);
#3362 = CARTESIAN_POINT('',(7.4,1.56,8.));
#3363 = LINE('',#3364,#3365);
#3364 = CARTESIAN_POINT('',(-14.44,1.56,8.));
#3365 = VECTOR('',#3366,1.);
#3366 = DIRECTION('',(1.,0.,0.));
#3367 = ORIENTED_EDGE('',*,*,#3368,.F.);
#3368 = EDGE_CURVE('',#3369,#3361,#3371,.T.);
#3369 = VERTEX_POINT('',#3370);
#3370 = CARTESIAN_POINT('',(7.4,1.56,6.8));
#3371 = LINE('',#3372,#3373);
#3372 = CARTESIAN_POINT('',(7.4,1.56,3.4));
#3373 = VECTOR('',#3374,1.);
#3374 = DIRECTION('',(0.,0.,1.));
#3375 = ORIENTED_EDGE('',*,*,#3376,.T.);
#3376 = EDGE_CURVE('',#3369,#3377,#3379,.T.);
#3377 = VERTEX_POINT('',#3378);
#3378 = CARTESIAN_POINT('',(8.6,1.56,6.8));
#3379 = LINE('',#3380,#3381);
#3380 = CARTESIAN_POINT('',(-7.22,1.56,6.8));
#3381 = VECTOR('',#3382,1.);
#3382 = DIRECTION('',(1.,0.,0.));
#3383 = ORIENTED_EDGE('',*,*,#3384,.T.);
#3384 = EDGE_CURVE('',#3377,#3385,#3387,.T.);
#3385 = VERTEX_POINT('',#3386);
#3386 = CARTESIAN_POINT('',(8.6,1.56,8.));
#3387 = LINE('',#3388,#3389);
#3388 = CARTESIAN_POINT('',(8.6,1.56,3.4));
#3389 = VECTOR('',#3390,1.);
#3390 = DIRECTION('',(0.,0.,1.));
#3391 = ORIENTED_EDGE('',*,*,#3392,.T.);
#3392 = EDGE_CURVE('',#3385,#3194,#3393,.T.);
#3393 = LINE('',#3394,#3395);
#3394 = CARTESIAN_POINT('',(-14.44,1.56,8.));
#3395 = VECTOR('',#3396,1.);
#3396 = DIRECTION('',(1.,0.,0.));
#3397 = ORIENTED_EDGE('',*,*,#3193,.F.);
#3398 = PLANE('',#3399);
#3399 = AXIS2_PLACEMENT_3D('',#3400,#3401,#3402);
#3400 = CARTESIAN_POINT('',(-14.44,1.56,0.));
#3401 = DIRECTION('',(0.,1.,0.));
#3402 = DIRECTION('',(0.,0.,1.));
#3403 = ADVANCED_FACE('',(#3404),#3557,.F.);
#3404 = FACE_BOUND('',#3405,.F.);
#3405 = EDGE_LOOP('',(#3406,#3414,#3415,#3416,#3417,#3418,#3419,#3420,
    #3421,#3422,#3423,#3431,#3439,#3447,#3455,#3463,#3471,#3479,#3487,
    #3495,#3503,#3511,#3519,#3527,#3535,#3543,#3551));
#3406 = ORIENTED_EDGE('',*,*,#3407,.F.);
#3407 = EDGE_CURVE('',#2549,#3408,#3410,.T.);
#3408 = VERTEX_POINT('',#3409);
#3409 = CARTESIAN_POINT('',(-1.56,-30.44,8.));
#3410 = LINE('',#3411,#3412);
#3411 = CARTESIAN_POINT('',(-1.56,-30.44,0.));
#3412 = VECTOR('',#3413,1.);
#3413 = DIRECTION('',(0.,0.,1.));
#3414 = ORIENTED_EDGE('',*,*,#2548,.T.);
#3415 = ORIENTED_EDGE('',*,*,#2525,.T.);
#3416 = ORIENTED_EDGE('',*,*,#2502,.T.);
#3417 = ORIENTED_EDGE('',*,*,#2479,.T.);
#3418 = ORIENTED_EDGE('',*,*,#2456,.T.);
#3419 = ORIENTED_EDGE('',*,*,#2433,.T.);
#3420 = ORIENTED_EDGE('',*,*,#2410,.T.);
#3421 = ORIENTED_EDGE('',*,*,#2387,.T.);
#3422 = ORIENTED_EDGE('',*,*,#3320,.T.);
#3423 = ORIENTED_EDGE('',*,*,#3424,.F.);
#3424 = EDGE_CURVE('',#3425,#3321,#3427,.T.);
#3425 = VERTEX_POINT('',#3426);
#3426 = CARTESIAN_POINT('',(-1.56,0.6,8.));
#3427 = LINE('',#3428,#3429);
#3428 = CARTESIAN_POINT('',(-1.56,-30.44,8.));
#3429 = VECTOR('',#3430,1.);
#3430 = DIRECTION('',(0.,1.,0.));
#3431 = ORIENTED_EDGE('',*,*,#3432,.T.);
#3432 = EDGE_CURVE('',#3425,#3433,#3435,.T.);
#3433 = VERTEX_POINT('',#3434);
#3434 = CARTESIAN_POINT('',(-1.56,0.6,6.8));
#3435 = LINE('',#3436,#3437);
#3436 = CARTESIAN_POINT('',(-1.56,0.6,5.4));
#3437 = VECTOR('',#3438,1.);
#3438 = DIRECTION('',(0.,0.,-1.));
#3439 = ORIENTED_EDGE('',*,*,#3440,.T.);
#3440 = EDGE_CURVE('',#3433,#3441,#3443,.T.);
#3441 = VERTEX_POINT('',#3442);
#3442 = CARTESIAN_POINT('',(-1.56,-0.6,6.8));
#3443 = LINE('',#3444,#3445);
#3444 = CARTESIAN_POINT('',(-1.56,-7.22,6.8));
#3445 = VECTOR('',#3446,1.);
#3446 = DIRECTION('',(0.,-1.,0.));
#3447 = ORIENTED_EDGE('',*,*,#3448,.F.);
#3448 = EDGE_CURVE('',#3449,#3441,#3451,.T.);
#3449 = VERTEX_POINT('',#3450);
#3450 = CARTESIAN_POINT('',(-1.56,-0.6,8.));
#3451 = LINE('',#3452,#3453);
#3452 = CARTESIAN_POINT('',(-1.56,-0.6,5.4));
#3453 = VECTOR('',#3454,1.);
#3454 = DIRECTION('',(0.,0.,-1.));
#3455 = ORIENTED_EDGE('',*,*,#3456,.F.);
#3456 = EDGE_CURVE('',#3457,#3449,#3459,.T.);
#3457 = VERTEX_POINT('',#3458);
#3458 = CARTESIAN_POINT('',(-1.56,-7.4,8.));
#3459 = LINE('',#3460,#3461);
#3460 = CARTESIAN_POINT('',(-1.56,-30.44,8.));
#3461 = VECTOR('',#3462,1.);
#3462 = DIRECTION('',(0.,1.,0.));
#3463 = ORIENTED_EDGE('',*,*,#3464,.T.);
#3464 = EDGE_CURVE('',#3457,#3465,#3467,.T.);
#3465 = VERTEX_POINT('',#3466);
#3466 = CARTESIAN_POINT('',(-1.56,-7.4,6.8));
#3467 = LINE('',#3468,#3469);
#3468 = CARTESIAN_POINT('',(-1.56,-7.4,5.4));
#3469 = VECTOR('',#3470,1.);
#3470 = DIRECTION('',(0.,0.,-1.));
#3471 = ORIENTED_EDGE('',*,*,#3472,.T.);
#3472 = EDGE_CURVE('',#3465,#3473,#3475,.T.);
#3473 = VERTEX_POINT('',#3474);
#3474 = CARTESIAN_POINT('',(-1.56,-8.6,6.8));
#3475 = LINE('',#3476,#3477);
#3476 = CARTESIAN_POINT('',(-1.56,-7.22,6.8));
#3477 = VECTOR('',#3478,1.);
#3478 = DIRECTION('',(0.,-1.,0.));
#3479 = ORIENTED_EDGE('',*,*,#3480,.F.);
#3480 = EDGE_CURVE('',#3481,#3473,#3483,.T.);
#3481 = VERTEX_POINT('',#3482);
#3482 = CARTESIAN_POINT('',(-1.56,-8.6,8.));
#3483 = LINE('',#3484,#3485);
#3484 = CARTESIAN_POINT('',(-1.56,-8.6,5.4));
#3485 = VECTOR('',#3486,1.);
#3486 = DIRECTION('',(0.,0.,-1.));
#3487 = ORIENTED_EDGE('',*,*,#3488,.F.);
#3488 = EDGE_CURVE('',#3489,#3481,#3491,.T.);
#3489 = VERTEX_POINT('',#3490);
#3490 = CARTESIAN_POINT('',(-1.56,-15.4,8.));
#3491 = LINE('',#3492,#3493);
#3492 = CARTESIAN_POINT('',(-1.56,-30.44,8.));
#3493 = VECTOR('',#3494,1.);
#3494 = DIRECTION('',(0.,1.,0.));
#3495 = ORIENTED_EDGE('',*,*,#3496,.T.);
#3496 = EDGE_CURVE('',#3489,#3497,#3499,.T.);
#3497 = VERTEX_POINT('',#3498);
#3498 = CARTESIAN_POINT('',(-1.56,-15.4,6.8));
#3499 = LINE('',#3500,#3501);
#3500 = CARTESIAN_POINT('',(-1.56,-15.4,5.4));
#3501 = VECTOR('',#3502,1.);
#3502 = DIRECTION('',(0.,0.,-1.));
#3503 = ORIENTED_EDGE('',*,*,#3504,.T.);
#3504 = EDGE_CURVE('',#3497,#3505,#3507,.T.);
#3505 = VERTEX_POINT('',#3506);
#3506 = CARTESIAN_POINT('',(-1.56,-16.6,6.8));
#3507 = LINE('',#3508,#3509);
#3508 = CARTESIAN_POINT('',(-1.56,-7.22,6.8));
#3509 = VECTOR('',#3510,1.);
#3510 = DIRECTION('',(0.,-1.,0.));
#3511 = ORIENTED_EDGE('',*,*,#3512,.F.);
#3512 = EDGE_CURVE('',#3513,#3505,#3515,.T.);
#3513 = VERTEX_POINT('',#3514);
#3514 = CARTESIAN_POINT('',(-1.56,-16.6,8.));
#3515 = LINE('',#3516,#3517);
#3516 = CARTESIAN_POINT('',(-1.56,-16.6,5.4));
#3517 = VECTOR('',#3518,1.);
#3518 = DIRECTION('',(0.,0.,-1.));
#3519 = ORIENTED_EDGE('',*,*,#3520,.F.);
#3520 = EDGE_CURVE('',#3521,#3513,#3523,.T.);
#3521 = VERTEX_POINT('',#3522);
#3522 = CARTESIAN_POINT('',(-1.56,-23.4,8.));
#3523 = LINE('',#3524,#3525);
#3524 = CARTESIAN_POINT('',(-1.56,-30.44,8.));
#3525 = VECTOR('',#3526,1.);
#3526 = DIRECTION('',(0.,1.,0.));
#3527 = ORIENTED_EDGE('',*,*,#3528,.T.);
#3528 = EDGE_CURVE('',#3521,#3529,#3531,.T.);
#3529 = VERTEX_POINT('',#3530);
#3530 = CARTESIAN_POINT('',(-1.56,-23.4,6.8));
#3531 = LINE('',#3532,#3533);
#3532 = CARTESIAN_POINT('',(-1.56,-23.4,5.4));
#3533 = VECTOR('',#3534,1.);
#3534 = DIRECTION('',(0.,0.,-1.));
#3535 = ORIENTED_EDGE('',*,*,#3536,.T.);
#3536 = EDGE_CURVE('',#3529,#3537,#3539,.T.);
#3537 = VERTEX_POINT('',#3538);
#3538 = CARTESIAN_POINT('',(-1.56,-24.6,6.8));
#3539 = LINE('',#3540,#3541);
#3540 = CARTESIAN_POINT('',(-1.56,-7.22,6.8));
#3541 = VECTOR('',#3542,1.);
#3542 = DIRECTION('',(0.,-1.,0.));
#3543 = ORIENTED_EDGE('',*,*,#3544,.F.);
#3544 = EDGE_CURVE('',#3545,#3537,#3547,.T.);
#3545 = VERTEX_POINT('',#3546);
#3546 = CARTESIAN_POINT('',(-1.56,-24.6,8.));
#3547 = LINE('',#3548,#3549);
#3548 = CARTESIAN_POINT('',(-1.56,-24.6,5.4));
#3549 = VECTOR('',#3550,1.);
#3550 = DIRECTION('',(0.,0.,-1.));
#3551 = ORIENTED_EDGE('',*,*,#3552,.F.);
#3552 = EDGE_CURVE('',#3408,#3545,#3553,.T.);
#3553 = LINE('',#3554,#3555);
#3554 = CARTESIAN_POINT('',(-1.56,-30.44,8.));
#3555 = VECTOR('',#3556,1.);
#3556 = DIRECTION('',(0.,1.,0.));
#3557 = PLANE('',#3558);
#3558 = AXIS2_PLACEMENT_3D('',#3559,#3560,#3561);
#3559 = CARTESIAN_POINT('',(-1.56,-14.44,4.));
#3560 = DIRECTION('',(1.,0.,0.));
#3561 = DIRECTION('',(0.,0.,1.));
#3562 = ADVANCED_FACE('',(#3563),#3606,.T.);
#3563 = FACE_BOUND('',#3564,.T.);
#3564 = EDGE_LOOP('',(#3565,#3566,#3567,#3575,#3583,#3591,#3599,#3605));
#3565 = ORIENTED_EDGE('',*,*,#2571,.F.);
#3566 = ORIENTED_EDGE('',*,*,#2758,.T.);
#3567 = ORIENTED_EDGE('',*,*,#3568,.T.);
#3568 = EDGE_CURVE('',#2759,#3569,#3571,.T.);
#3569 = VERTEX_POINT('',#3570);
#3570 = CARTESIAN_POINT('',(-8.6,-30.44,8.));
#3571 = LINE('',#3572,#3573);
#3572 = CARTESIAN_POINT('',(-14.44,-30.44,8.));
#3573 = VECTOR('',#3574,1.);
#3574 = DIRECTION('',(1.,0.,0.));
#3575 = ORIENTED_EDGE('',*,*,#3576,.F.);
#3576 = EDGE_CURVE('',#3577,#3569,#3579,.T.);
#3577 = VERTEX_POINT('',#3578);
#3578 = CARTESIAN_POINT('',(-8.6,-30.44,6.8));
#3579 = LINE('',#3580,#3581);
#3580 = CARTESIAN_POINT('',(-8.6,-30.44,3.4));
#3581 = VECTOR('',#3582,1.);
#3582 = DIRECTION('',(0.,0.,1.));
#3583 = ORIENTED_EDGE('',*,*,#3584,.T.);
#3584 = EDGE_CURVE('',#3577,#3585,#3587,.T.);
#3585 = VERTEX_POINT('',#3586);
#3586 = CARTESIAN_POINT('',(-7.4,-30.44,6.8));
#3587 = LINE('',#3588,#3589);
#3588 = CARTESIAN_POINT('',(-7.22,-30.44,6.8));
#3589 = VECTOR('',#3590,1.);
#3590 = DIRECTION('',(1.,0.,0.));
#3591 = ORIENTED_EDGE('',*,*,#3592,.T.);
#3592 = EDGE_CURVE('',#3585,#3593,#3595,.T.);
#3593 = VERTEX_POINT('',#3594);
#3594 = CARTESIAN_POINT('',(-7.4,-30.44,8.));
#3595 = LINE('',#3596,#3597);
#3596 = CARTESIAN_POINT('',(-7.4,-30.44,3.4));
#3597 = VECTOR('',#3598,1.);
#3598 = DIRECTION('',(0.,0.,1.));
#3599 = ORIENTED_EDGE('',*,*,#3600,.T.);
#3600 = EDGE_CURVE('',#3593,#3408,#3601,.T.);
#3601 = LINE('',#3602,#3603);
#3602 = CARTESIAN_POINT('',(-14.44,-30.44,8.));
#3603 = VECTOR('',#3604,1.);
#3604 = DIRECTION('',(1.,0.,0.));
#3605 = ORIENTED_EDGE('',*,*,#3407,.F.);
#3606 = PLANE('',#3607);
#3607 = AXIS2_PLACEMENT_3D('',#3608,#3609,#3610);
#3608 = CARTESIAN_POINT('',(-14.44,-30.44,0.));
#3609 = DIRECTION('',(0.,1.,0.));
#3610 = DIRECTION('',(0.,0.,1.));
#3611 = ADVANCED_FACE('',(#3612),#3639,.F.);
#3612 = FACE_BOUND('',#3613,.F.);
#3613 = EDGE_LOOP('',(#3614,#3615,#3623,#3632,#3638));
#3614 = ORIENTED_EDGE('',*,*,#2926,.F.);
#3615 = ORIENTED_EDGE('',*,*,#3616,.T.);
#3616 = EDGE_CURVE('',#2919,#3617,#3619,.T.);
#3617 = VERTEX_POINT('',#3618);
#3618 = CARTESIAN_POINT('',(-11.16040365499,8.6,8.));
#3619 = LINE('',#3620,#3621);
#3620 = CARTESIAN_POINT('',(-15.9,8.6,8.));
#3621 = VECTOR('',#3622,1.);
#3622 = DIRECTION('',(1.,0.,0.));
#3623 = ORIENTED_EDGE('',*,*,#3624,.F.);
#3624 = EDGE_CURVE('',#3625,#3617,#3627,.T.);
#3625 = VERTEX_POINT('',#3626);
#3626 = CARTESIAN_POINT('',(-8.6,11.160403654991,8.));
#3627 = CIRCLE('',#3628,3.216854249492);
#3628 = AXIS2_PLACEMENT_3D('',#3629,#3630,#3631);
#3629 = CARTESIAN_POINT('',(-8.,8.,8.));
#3630 = DIRECTION('',(0.,0.,1.));
#3631 = DIRECTION('',(1.,0.,0.));
#3632 = ORIENTED_EDGE('',*,*,#3633,.T.);
#3633 = EDGE_CURVE('',#3625,#2961,#3634,.T.);
#3634 = LINE('',#3635,#3636);
#3635 = CARTESIAN_POINT('',(-8.6,-31.9,8.));
#3636 = VECTOR('',#3637,1.);
#3637 = DIRECTION('',(0.,1.,0.));
#3638 = ORIENTED_EDGE('',*,*,#2960,.F.);
#3639 = PLANE('',#3640);
#3640 = AXIS2_PLACEMENT_3D('',#3641,#3642,#3643);
#3641 = CARTESIAN_POINT('',(-1.426024955437,1.426024955437,8.));
#3642 = DIRECTION('',(0.,0.,1.));
#3643 = DIRECTION('',(1.,0.,0.));
#3644 = ADVANCED_FACE('',(#3645),#3663,.T.);
#3645 = FACE_BOUND('',#3646,.T.);
#3646 = EDGE_LOOP('',(#3647,#3655,#3656,#3657));
#3647 = ORIENTED_EDGE('',*,*,#3648,.F.);
#3648 = EDGE_CURVE('',#2911,#3649,#3651,.T.);
#3649 = VERTEX_POINT('',#3650);
#3650 = CARTESIAN_POINT('',(-11.16040365499,8.6,6.8));
#3651 = LINE('',#3652,#3653);
#3652 = CARTESIAN_POINT('',(-15.9,8.6,6.8));
#3653 = VECTOR('',#3654,1.);
#3654 = DIRECTION('',(1.,0.,0.));
#3655 = ORIENTED_EDGE('',*,*,#2918,.T.);
#3656 = ORIENTED_EDGE('',*,*,#3616,.T.);
#3657 = ORIENTED_EDGE('',*,*,#3658,.T.);
#3658 = EDGE_CURVE('',#3617,#3649,#3659,.T.);
#3659 = LINE('',#3660,#3661);
#3660 = CARTESIAN_POINT('',(-11.16040365499,8.6,0.3));
#3661 = VECTOR('',#3662,1.);
#3662 = DIRECTION('',(-0.,-0.,-1.));
#3663 = PLANE('',#3664);
#3664 = AXIS2_PLACEMENT_3D('',#3665,#3666,#3667);
#3665 = CARTESIAN_POINT('',(-15.9,8.6,6.8));
#3666 = DIRECTION('',(0.,1.,0.));
#3667 = DIRECTION('',(0.,0.,1.));
#3668 = ADVANCED_FACE('',(#3669),#3688,.T.);
#3669 = FACE_BOUND('',#3670,.T.);
#3670 = EDGE_LOOP('',(#3671,#3680,#3686,#3687));
#3671 = ORIENTED_EDGE('',*,*,#3672,.F.);
#3672 = EDGE_CURVE('',#3673,#3649,#3675,.T.);
#3673 = VERTEX_POINT('',#3674);
#3674 = CARTESIAN_POINT('',(-11.16040365499,7.4,6.8));
#3675 = CIRCLE('',#3676,3.216854249492);
#3676 = AXIS2_PLACEMENT_3D('',#3677,#3678,#3679);
#3677 = CARTESIAN_POINT('',(-8.,8.,6.8));
#3678 = DIRECTION('',(0.,0.,-1.));
#3679 = DIRECTION('',(1.,0.,0.));
#3680 = ORIENTED_EDGE('',*,*,#3681,.F.);
#3681 = EDGE_CURVE('',#2903,#3673,#3682,.T.);
#3682 = LINE('',#3683,#3684);
#3683 = CARTESIAN_POINT('',(-15.9,7.4,6.8));
#3684 = VECTOR('',#3685,1.);
#3685 = DIRECTION('',(1.,0.,0.));
#3686 = ORIENTED_EDGE('',*,*,#2910,.T.);
#3687 = ORIENTED_EDGE('',*,*,#3648,.T.);
#3688 = PLANE('',#3689);
#3689 = AXIS2_PLACEMENT_3D('',#3690,#3691,#3692);
#3690 = CARTESIAN_POINT('',(-7.422394985724E-16,9.366853390434E-16,6.8)
  );
#3691 = DIRECTION('',(-0.,-0.,-1.));
#3692 = DIRECTION('',(-1.,0.,0.));
#3693 = ADVANCED_FACE('',(#3694),#3712,.F.);
#3694 = FACE_BOUND('',#3695,.F.);
#3695 = EDGE_LOOP('',(#3696,#3697,#3698,#3706));
#3696 = ORIENTED_EDGE('',*,*,#3681,.F.);
#3697 = ORIENTED_EDGE('',*,*,#2902,.T.);
#3698 = ORIENTED_EDGE('',*,*,#3699,.T.);
#3699 = EDGE_CURVE('',#2895,#3700,#3702,.T.);
#3700 = VERTEX_POINT('',#3701);
#3701 = CARTESIAN_POINT('',(-11.16040365499,7.4,8.));
#3702 = LINE('',#3703,#3704);
#3703 = CARTESIAN_POINT('',(-15.9,7.4,8.));
#3704 = VECTOR('',#3705,1.);
#3705 = DIRECTION('',(1.,0.,0.));
#3706 = ORIENTED_EDGE('',*,*,#3707,.T.);
#3707 = EDGE_CURVE('',#3700,#3673,#3708,.T.);
#3708 = LINE('',#3709,#3710);
#3709 = CARTESIAN_POINT('',(-11.16040365499,7.4,0.3));
#3710 = VECTOR('',#3711,1.);
#3711 = DIRECTION('',(-0.,-0.,-1.));
#3712 = PLANE('',#3713);
#3713 = AXIS2_PLACEMENT_3D('',#3714,#3715,#3716);
#3714 = CARTESIAN_POINT('',(-15.9,7.4,6.8));
#3715 = DIRECTION('',(0.,1.,0.));
#3716 = DIRECTION('',(0.,0.,1.));
#3717 = ADVANCED_FACE('',(#3718),#3754,.F.);
#3718 = FACE_BOUND('',#3719,.F.);
#3719 = EDGE_LOOP('',(#3720,#3721,#3729,#3738,#3746,#3753));
#3720 = ORIENTED_EDGE('',*,*,#2894,.F.);
#3721 = ORIENTED_EDGE('',*,*,#3722,.T.);
#3722 = EDGE_CURVE('',#2887,#3723,#3725,.T.);
#3723 = VERTEX_POINT('',#3724);
#3724 = CARTESIAN_POINT('',(-11.16040365499,0.6,8.));
#3725 = LINE('',#3726,#3727);
#3726 = CARTESIAN_POINT('',(-15.9,0.6,8.));
#3727 = VECTOR('',#3728,1.);
#3728 = DIRECTION('',(1.,0.,0.));
#3729 = ORIENTED_EDGE('',*,*,#3730,.F.);
#3730 = EDGE_CURVE('',#3731,#3723,#3733,.T.);
#3731 = VERTEX_POINT('',#3732);
#3732 = CARTESIAN_POINT('',(-8.6,3.160403654991,8.));
#3733 = CIRCLE('',#3734,3.216854249492);
#3734 = AXIS2_PLACEMENT_3D('',#3735,#3736,#3737);
#3735 = CARTESIAN_POINT('',(-8.,0.,8.));
#3736 = DIRECTION('',(0.,0.,1.));
#3737 = DIRECTION('',(1.,0.,0.));
#3738 = ORIENTED_EDGE('',*,*,#3739,.T.);
#3739 = EDGE_CURVE('',#3731,#3740,#3742,.T.);
#3740 = VERTEX_POINT('',#3741);
#3741 = CARTESIAN_POINT('',(-8.6,4.839596345009,8.));
#3742 = LINE('',#3743,#3744);
#3743 = CARTESIAN_POINT('',(-8.6,-31.9,8.));
#3744 = VECTOR('',#3745,1.);
#3745 = DIRECTION('',(0.,1.,0.));
#3746 = ORIENTED_EDGE('',*,*,#3747,.F.);
#3747 = EDGE_CURVE('',#3700,#3740,#3748,.T.);
#3748 = CIRCLE('',#3749,3.216854249492);
#3749 = AXIS2_PLACEMENT_3D('',#3750,#3751,#3752);
#3750 = CARTESIAN_POINT('',(-8.,8.,8.));
#3751 = DIRECTION('',(0.,0.,1.));
#3752 = DIRECTION('',(1.,0.,0.));
#3753 = ORIENTED_EDGE('',*,*,#3699,.F.);
#3754 = PLANE('',#3755);
#3755 = AXIS2_PLACEMENT_3D('',#3756,#3757,#3758);
#3756 = CARTESIAN_POINT('',(-1.426024955437,1.426024955437,8.));
#3757 = DIRECTION('',(0.,0.,1.));
#3758 = DIRECTION('',(1.,0.,0.));
#3759 = ADVANCED_FACE('',(#3760),#3778,.T.);
#3760 = FACE_BOUND('',#3761,.T.);
#3761 = EDGE_LOOP('',(#3762,#3770,#3771,#3772));
#3762 = ORIENTED_EDGE('',*,*,#3763,.F.);
#3763 = EDGE_CURVE('',#2879,#3764,#3766,.T.);
#3764 = VERTEX_POINT('',#3765);
#3765 = CARTESIAN_POINT('',(-11.16040365499,0.6,6.8));
#3766 = LINE('',#3767,#3768);
#3767 = CARTESIAN_POINT('',(-15.9,0.6,6.8));
#3768 = VECTOR('',#3769,1.);
#3769 = DIRECTION('',(1.,0.,0.));
#3770 = ORIENTED_EDGE('',*,*,#2886,.T.);
#3771 = ORIENTED_EDGE('',*,*,#3722,.T.);
#3772 = ORIENTED_EDGE('',*,*,#3773,.T.);
#3773 = EDGE_CURVE('',#3723,#3764,#3774,.T.);
#3774 = LINE('',#3775,#3776);
#3775 = CARTESIAN_POINT('',(-11.16040365499,0.6,0.3));
#3776 = VECTOR('',#3777,1.);
#3777 = DIRECTION('',(-0.,-0.,-1.));
#3778 = PLANE('',#3779);
#3779 = AXIS2_PLACEMENT_3D('',#3780,#3781,#3782);
#3780 = CARTESIAN_POINT('',(-15.9,0.6,6.8));
#3781 = DIRECTION('',(0.,1.,0.));
#3782 = DIRECTION('',(0.,0.,1.));
#3783 = ADVANCED_FACE('',(#3784),#3803,.T.);
#3784 = FACE_BOUND('',#3785,.T.);
#3785 = EDGE_LOOP('',(#3786,#3795,#3801,#3802));
#3786 = ORIENTED_EDGE('',*,*,#3787,.F.);
#3787 = EDGE_CURVE('',#3788,#3764,#3790,.T.);
#3788 = VERTEX_POINT('',#3789);
#3789 = CARTESIAN_POINT('',(-11.16040365499,-0.6,6.8));
#3790 = CIRCLE('',#3791,3.216854249492);
#3791 = AXIS2_PLACEMENT_3D('',#3792,#3793,#3794);
#3792 = CARTESIAN_POINT('',(-8.,0.,6.8));
#3793 = DIRECTION('',(0.,0.,-1.));
#3794 = DIRECTION('',(1.,0.,0.));
#3795 = ORIENTED_EDGE('',*,*,#3796,.F.);
#3796 = EDGE_CURVE('',#2871,#3788,#3797,.T.);
#3797 = LINE('',#3798,#3799);
#3798 = CARTESIAN_POINT('',(-15.9,-0.6,6.8));
#3799 = VECTOR('',#3800,1.);
#3800 = DIRECTION('',(1.,0.,0.));
#3801 = ORIENTED_EDGE('',*,*,#2878,.T.);
#3802 = ORIENTED_EDGE('',*,*,#3763,.T.);
#3803 = PLANE('',#3804);
#3804 = AXIS2_PLACEMENT_3D('',#3805,#3806,#3807);
#3805 = CARTESIAN_POINT('',(-7.422394985724E-16,9.366853390434E-16,6.8)
  );
#3806 = DIRECTION('',(-0.,-0.,-1.));
#3807 = DIRECTION('',(-1.,0.,0.));
#3808 = ADVANCED_FACE('',(#3809),#3827,.F.);
#3809 = FACE_BOUND('',#3810,.F.);
#3810 = EDGE_LOOP('',(#3811,#3812,#3813,#3821));
#3811 = ORIENTED_EDGE('',*,*,#3796,.F.);
#3812 = ORIENTED_EDGE('',*,*,#2870,.T.);
#3813 = ORIENTED_EDGE('',*,*,#3814,.T.);
#3814 = EDGE_CURVE('',#2863,#3815,#3817,.T.);
#3815 = VERTEX_POINT('',#3816);
#3816 = CARTESIAN_POINT('',(-11.16040365499,-0.6,8.));
#3817 = LINE('',#3818,#3819);
#3818 = CARTESIAN_POINT('',(-15.9,-0.6,8.));
#3819 = VECTOR('',#3820,1.);
#3820 = DIRECTION('',(1.,0.,0.));
#3821 = ORIENTED_EDGE('',*,*,#3822,.T.);
#3822 = EDGE_CURVE('',#3815,#3788,#3823,.T.);
#3823 = LINE('',#3824,#3825);
#3824 = CARTESIAN_POINT('',(-11.16040365499,-0.6,0.3));
#3825 = VECTOR('',#3826,1.);
#3826 = DIRECTION('',(-0.,-0.,-1.));
#3827 = PLANE('',#3828);
#3828 = AXIS2_PLACEMENT_3D('',#3829,#3830,#3831);
#3829 = CARTESIAN_POINT('',(-15.9,-0.6,6.8));
#3830 = DIRECTION('',(0.,1.,0.));
#3831 = DIRECTION('',(0.,0.,1.));
#3832 = ADVANCED_FACE('',(#3833),#3869,.F.);
#3833 = FACE_BOUND('',#3834,.F.);
#3834 = EDGE_LOOP('',(#3835,#3836,#3844,#3853,#3861,#3868));
#3835 = ORIENTED_EDGE('',*,*,#2862,.F.);
#3836 = ORIENTED_EDGE('',*,*,#3837,.T.);
#3837 = EDGE_CURVE('',#2855,#3838,#3840,.T.);
#3838 = VERTEX_POINT('',#3839);
#3839 = CARTESIAN_POINT('',(-11.16040365499,-7.4,8.));
#3840 = LINE('',#3841,#3842);
#3841 = CARTESIAN_POINT('',(-15.9,-7.4,8.));
#3842 = VECTOR('',#3843,1.);
#3843 = DIRECTION('',(1.,0.,0.));
#3844 = ORIENTED_EDGE('',*,*,#3845,.F.);
#3845 = EDGE_CURVE('',#3846,#3838,#3848,.T.);
#3846 = VERTEX_POINT('',#3847);
#3847 = CARTESIAN_POINT('',(-8.6,-4.839596345009,8.));
#3848 = CIRCLE('',#3849,3.216854249492);
#3849 = AXIS2_PLACEMENT_3D('',#3850,#3851,#3852);
#3850 = CARTESIAN_POINT('',(-8.,-8.,8.));
#3851 = DIRECTION('',(0.,0.,1.));
#3852 = DIRECTION('',(1.,0.,0.));
#3853 = ORIENTED_EDGE('',*,*,#3854,.T.);
#3854 = EDGE_CURVE('',#3846,#3855,#3857,.T.);
#3855 = VERTEX_POINT('',#3856);
#3856 = CARTESIAN_POINT('',(-8.6,-3.160403654991,8.));
#3857 = LINE('',#3858,#3859);
#3858 = CARTESIAN_POINT('',(-8.6,-31.9,8.));
#3859 = VECTOR('',#3860,1.);
#3860 = DIRECTION('',(0.,1.,0.));
#3861 = ORIENTED_EDGE('',*,*,#3862,.F.);
#3862 = EDGE_CURVE('',#3815,#3855,#3863,.T.);
#3863 = CIRCLE('',#3864,3.216854249492);
#3864 = AXIS2_PLACEMENT_3D('',#3865,#3866,#3867);
#3865 = CARTESIAN_POINT('',(-8.,0.,8.));
#3866 = DIRECTION('',(0.,0.,1.));
#3867 = DIRECTION('',(1.,0.,0.));
#3868 = ORIENTED_EDGE('',*,*,#3814,.F.);
#3869 = PLANE('',#3870);
#3870 = AXIS2_PLACEMENT_3D('',#3871,#3872,#3873);
#3871 = CARTESIAN_POINT('',(-1.426024955437,1.426024955437,8.));
#3872 = DIRECTION('',(0.,0.,1.));
#3873 = DIRECTION('',(1.,0.,0.));
#3874 = ADVANCED_FACE('',(#3875),#3893,.T.);
#3875 = FACE_BOUND('',#3876,.T.);
#3876 = EDGE_LOOP('',(#3877,#3885,#3886,#3887));
#3877 = ORIENTED_EDGE('',*,*,#3878,.F.);
#3878 = EDGE_CURVE('',#2847,#3879,#3881,.T.);
#3879 = VERTEX_POINT('',#3880);
#3880 = CARTESIAN_POINT('',(-11.16040365499,-7.4,6.8));
#3881 = LINE('',#3882,#3883);
#3882 = CARTESIAN_POINT('',(-15.9,-7.4,6.8));
#3883 = VECTOR('',#3884,1.);
#3884 = DIRECTION('',(1.,0.,0.));
#3885 = ORIENTED_EDGE('',*,*,#2854,.T.);
#3886 = ORIENTED_EDGE('',*,*,#3837,.T.);
#3887 = ORIENTED_EDGE('',*,*,#3888,.T.);
#3888 = EDGE_CURVE('',#3838,#3879,#3889,.T.);
#3889 = LINE('',#3890,#3891);
#3890 = CARTESIAN_POINT('',(-11.16040365499,-7.4,0.3));
#3891 = VECTOR('',#3892,1.);
#3892 = DIRECTION('',(-0.,-0.,-1.));
#3893 = PLANE('',#3894);
#3894 = AXIS2_PLACEMENT_3D('',#3895,#3896,#3897);
#3895 = CARTESIAN_POINT('',(-15.9,-7.4,6.8));
#3896 = DIRECTION('',(0.,1.,0.));
#3897 = DIRECTION('',(0.,0.,1.));
#3898 = ADVANCED_FACE('',(#3899),#3918,.T.);
#3899 = FACE_BOUND('',#3900,.T.);
#3900 = EDGE_LOOP('',(#3901,#3910,#3916,#3917));
#3901 = ORIENTED_EDGE('',*,*,#3902,.F.);
#3902 = EDGE_CURVE('',#3903,#3879,#3905,.T.);
#3903 = VERTEX_POINT('',#3904);
#3904 = CARTESIAN_POINT('',(-11.16040365499,-8.6,6.8));
#3905 = CIRCLE('',#3906,3.216854249492);
#3906 = AXIS2_PLACEMENT_3D('',#3907,#3908,#3909);
#3907 = CARTESIAN_POINT('',(-8.,-8.,6.8));
#3908 = DIRECTION('',(0.,0.,-1.));
#3909 = DIRECTION('',(1.,0.,0.));
#3910 = ORIENTED_EDGE('',*,*,#3911,.F.);
#3911 = EDGE_CURVE('',#2839,#3903,#3912,.T.);
#3912 = LINE('',#3913,#3914);
#3913 = CARTESIAN_POINT('',(-15.9,-8.6,6.8));
#3914 = VECTOR('',#3915,1.);
#3915 = DIRECTION('',(1.,0.,0.));
#3916 = ORIENTED_EDGE('',*,*,#2846,.T.);
#3917 = ORIENTED_EDGE('',*,*,#3878,.T.);
#3918 = PLANE('',#3919);
#3919 = AXIS2_PLACEMENT_3D('',#3920,#3921,#3922);
#3920 = CARTESIAN_POINT('',(-7.422394985724E-16,9.366853390434E-16,6.8)
  );
#3921 = DIRECTION('',(-0.,-0.,-1.));
#3922 = DIRECTION('',(-1.,0.,0.));
#3923 = ADVANCED_FACE('',(#3924),#3942,.F.);
#3924 = FACE_BOUND('',#3925,.F.);
#3925 = EDGE_LOOP('',(#3926,#3927,#3928,#3936));
#3926 = ORIENTED_EDGE('',*,*,#3911,.F.);
#3927 = ORIENTED_EDGE('',*,*,#2838,.T.);
#3928 = ORIENTED_EDGE('',*,*,#3929,.T.);
#3929 = EDGE_CURVE('',#2831,#3930,#3932,.T.);
#3930 = VERTEX_POINT('',#3931);
#3931 = CARTESIAN_POINT('',(-11.16040365499,-8.6,8.));
#3932 = LINE('',#3933,#3934);
#3933 = CARTESIAN_POINT('',(-15.9,-8.6,8.));
#3934 = VECTOR('',#3935,1.);
#3935 = DIRECTION('',(1.,0.,0.));
#3936 = ORIENTED_EDGE('',*,*,#3937,.T.);
#3937 = EDGE_CURVE('',#3930,#3903,#3938,.T.);
#3938 = LINE('',#3939,#3940);
#3939 = CARTESIAN_POINT('',(-11.16040365499,-8.6,0.3));
#3940 = VECTOR('',#3941,1.);
#3941 = DIRECTION('',(-0.,-0.,-1.));
#3942 = PLANE('',#3943);
#3943 = AXIS2_PLACEMENT_3D('',#3944,#3945,#3946);
#3944 = CARTESIAN_POINT('',(-15.9,-8.6,6.8));
#3945 = DIRECTION('',(0.,1.,0.));
#3946 = DIRECTION('',(0.,0.,1.));
#3947 = ADVANCED_FACE('',(#3948),#3984,.F.);
#3948 = FACE_BOUND('',#3949,.F.);
#3949 = EDGE_LOOP('',(#3950,#3951,#3959,#3968,#3976,#3983));
#3950 = ORIENTED_EDGE('',*,*,#2830,.F.);
#3951 = ORIENTED_EDGE('',*,*,#3952,.T.);
#3952 = EDGE_CURVE('',#2823,#3953,#3955,.T.);
#3953 = VERTEX_POINT('',#3954);
#3954 = CARTESIAN_POINT('',(-11.16040365499,-15.4,8.));
#3955 = LINE('',#3956,#3957);
#3956 = CARTESIAN_POINT('',(-15.9,-15.4,8.));
#3957 = VECTOR('',#3958,1.);
#3958 = DIRECTION('',(1.,0.,0.));
#3959 = ORIENTED_EDGE('',*,*,#3960,.F.);
#3960 = EDGE_CURVE('',#3961,#3953,#3963,.T.);
#3961 = VERTEX_POINT('',#3962);
#3962 = CARTESIAN_POINT('',(-8.6,-12.839596345,8.));
#3963 = CIRCLE('',#3964,3.216854249492);
#3964 = AXIS2_PLACEMENT_3D('',#3965,#3966,#3967);
#3965 = CARTESIAN_POINT('',(-8.,-16.,8.));
#3966 = DIRECTION('',(0.,0.,1.));
#3967 = DIRECTION('',(1.,0.,0.));
#3968 = ORIENTED_EDGE('',*,*,#3969,.T.);
#3969 = EDGE_CURVE('',#3961,#3970,#3972,.T.);
#3970 = VERTEX_POINT('',#3971);
#3971 = CARTESIAN_POINT('',(-8.6,-11.16040365499,8.));
#3972 = LINE('',#3973,#3974);
#3973 = CARTESIAN_POINT('',(-8.6,-31.9,8.));
#3974 = VECTOR('',#3975,1.);
#3975 = DIRECTION('',(0.,1.,0.));
#3976 = ORIENTED_EDGE('',*,*,#3977,.F.);
#3977 = EDGE_CURVE('',#3930,#3970,#3978,.T.);
#3978 = CIRCLE('',#3979,3.216854249492);
#3979 = AXIS2_PLACEMENT_3D('',#3980,#3981,#3982);
#3980 = CARTESIAN_POINT('',(-8.,-8.,8.));
#3981 = DIRECTION('',(0.,0.,1.));
#3982 = DIRECTION('',(1.,0.,0.));
#3983 = ORIENTED_EDGE('',*,*,#3929,.F.);
#3984 = PLANE('',#3985);
#3985 = AXIS2_PLACEMENT_3D('',#3986,#3987,#3988);
#3986 = CARTESIAN_POINT('',(-1.426024955437,1.426024955437,8.));
#3987 = DIRECTION('',(0.,0.,1.));
#3988 = DIRECTION('',(1.,0.,0.));
#3989 = ADVANCED_FACE('',(#3990),#4008,.T.);
#3990 = FACE_BOUND('',#3991,.T.);
#3991 = EDGE_LOOP('',(#3992,#4000,#4001,#4002));
#3992 = ORIENTED_EDGE('',*,*,#3993,.F.);
#3993 = EDGE_CURVE('',#2815,#3994,#3996,.T.);
#3994 = VERTEX_POINT('',#3995);
#3995 = CARTESIAN_POINT('',(-11.16040365499,-15.4,6.8));
#3996 = LINE('',#3997,#3998);
#3997 = CARTESIAN_POINT('',(-15.9,-15.4,6.8));
#3998 = VECTOR('',#3999,1.);
#3999 = DIRECTION('',(1.,0.,0.));
#4000 = ORIENTED_EDGE('',*,*,#2822,.T.);
#4001 = ORIENTED_EDGE('',*,*,#3952,.T.);
#4002 = ORIENTED_EDGE('',*,*,#4003,.T.);
#4003 = EDGE_CURVE('',#3953,#3994,#4004,.T.);
#4004 = LINE('',#4005,#4006);
#4005 = CARTESIAN_POINT('',(-11.16040365499,-15.4,0.3));
#4006 = VECTOR('',#4007,1.);
#4007 = DIRECTION('',(-0.,-0.,-1.));
#4008 = PLANE('',#4009);
#4009 = AXIS2_PLACEMENT_3D('',#4010,#4011,#4012);
#4010 = CARTESIAN_POINT('',(-15.9,-15.4,6.8));
#4011 = DIRECTION('',(0.,1.,0.));
#4012 = DIRECTION('',(0.,0.,1.));
#4013 = ADVANCED_FACE('',(#4014),#4033,.T.);
#4014 = FACE_BOUND('',#4015,.T.);
#4015 = EDGE_LOOP('',(#4016,#4025,#4031,#4032));
#4016 = ORIENTED_EDGE('',*,*,#4017,.F.);
#4017 = EDGE_CURVE('',#4018,#3994,#4020,.T.);
#4018 = VERTEX_POINT('',#4019);
#4019 = CARTESIAN_POINT('',(-11.16040365499,-16.6,6.8));
#4020 = CIRCLE('',#4021,3.216854249492);
#4021 = AXIS2_PLACEMENT_3D('',#4022,#4023,#4024);
#4022 = CARTESIAN_POINT('',(-8.,-16.,6.8));
#4023 = DIRECTION('',(0.,0.,-1.));
#4024 = DIRECTION('',(1.,0.,0.));
#4025 = ORIENTED_EDGE('',*,*,#4026,.F.);
#4026 = EDGE_CURVE('',#2807,#4018,#4027,.T.);
#4027 = LINE('',#4028,#4029);
#4028 = CARTESIAN_POINT('',(-15.9,-16.6,6.8));
#4029 = VECTOR('',#4030,1.);
#4030 = DIRECTION('',(1.,0.,0.));
#4031 = ORIENTED_EDGE('',*,*,#2814,.T.);
#4032 = ORIENTED_EDGE('',*,*,#3993,.T.);
#4033 = PLANE('',#4034);
#4034 = AXIS2_PLACEMENT_3D('',#4035,#4036,#4037);
#4035 = CARTESIAN_POINT('',(-7.422394985724E-16,9.366853390434E-16,6.8)
  );
#4036 = DIRECTION('',(-0.,-0.,-1.));
#4037 = DIRECTION('',(-1.,0.,0.));
#4038 = ADVANCED_FACE('',(#4039),#4057,.F.);
#4039 = FACE_BOUND('',#4040,.F.);
#4040 = EDGE_LOOP('',(#4041,#4042,#4043,#4051));
#4041 = ORIENTED_EDGE('',*,*,#4026,.F.);
#4042 = ORIENTED_EDGE('',*,*,#2806,.T.);
#4043 = ORIENTED_EDGE('',*,*,#4044,.T.);
#4044 = EDGE_CURVE('',#2799,#4045,#4047,.T.);
#4045 = VERTEX_POINT('',#4046);
#4046 = CARTESIAN_POINT('',(-11.16040365499,-16.6,8.));
#4047 = LINE('',#4048,#4049);
#4048 = CARTESIAN_POINT('',(-15.9,-16.6,8.));
#4049 = VECTOR('',#4050,1.);
#4050 = DIRECTION('',(1.,0.,0.));
#4051 = ORIENTED_EDGE('',*,*,#4052,.T.);
#4052 = EDGE_CURVE('',#4045,#4018,#4053,.T.);
#4053 = LINE('',#4054,#4055);
#4054 = CARTESIAN_POINT('',(-11.16040365499,-16.6,0.3));
#4055 = VECTOR('',#4056,1.);
#4056 = DIRECTION('',(-0.,-0.,-1.));
#4057 = PLANE('',#4058);
#4058 = AXIS2_PLACEMENT_3D('',#4059,#4060,#4061);
#4059 = CARTESIAN_POINT('',(-15.9,-16.6,6.8));
#4060 = DIRECTION('',(0.,1.,0.));
#4061 = DIRECTION('',(0.,0.,1.));
#4062 = ADVANCED_FACE('',(#4063),#4099,.F.);
#4063 = FACE_BOUND('',#4064,.F.);
#4064 = EDGE_LOOP('',(#4065,#4066,#4074,#4083,#4091,#4098));
#4065 = ORIENTED_EDGE('',*,*,#2798,.F.);
#4066 = ORIENTED_EDGE('',*,*,#4067,.T.);
#4067 = EDGE_CURVE('',#2791,#4068,#4070,.T.);
#4068 = VERTEX_POINT('',#4069);
#4069 = CARTESIAN_POINT('',(-11.16040365499,-23.4,8.));
#4070 = LINE('',#4071,#4072);
#4071 = CARTESIAN_POINT('',(-15.9,-23.4,8.));
#4072 = VECTOR('',#4073,1.);
#4073 = DIRECTION('',(1.,0.,0.));
#4074 = ORIENTED_EDGE('',*,*,#4075,.F.);
#4075 = EDGE_CURVE('',#4076,#4068,#4078,.T.);
#4076 = VERTEX_POINT('',#4077);
#4077 = CARTESIAN_POINT('',(-8.6,-20.839596345,8.));
#4078 = CIRCLE('',#4079,3.216854249492);
#4079 = AXIS2_PLACEMENT_3D('',#4080,#4081,#4082);
#4080 = CARTESIAN_POINT('',(-8.,-24.,8.));
#4081 = DIRECTION('',(0.,0.,1.));
#4082 = DIRECTION('',(1.,0.,0.));
#4083 = ORIENTED_EDGE('',*,*,#4084,.T.);
#4084 = EDGE_CURVE('',#4076,#4085,#4087,.T.);
#4085 = VERTEX_POINT('',#4086);
#4086 = CARTESIAN_POINT('',(-8.6,-19.16040365499,8.));
#4087 = LINE('',#4088,#4089);
#4088 = CARTESIAN_POINT('',(-8.6,-31.9,8.));
#4089 = VECTOR('',#4090,1.);
#4090 = DIRECTION('',(0.,1.,0.));
#4091 = ORIENTED_EDGE('',*,*,#4092,.F.);
#4092 = EDGE_CURVE('',#4045,#4085,#4093,.T.);
#4093 = CIRCLE('',#4094,3.216854249492);
#4094 = AXIS2_PLACEMENT_3D('',#4095,#4096,#4097);
#4095 = CARTESIAN_POINT('',(-8.,-16.,8.));
#4096 = DIRECTION('',(0.,0.,1.));
#4097 = DIRECTION('',(1.,0.,0.));
#4098 = ORIENTED_EDGE('',*,*,#4044,.F.);
#4099 = PLANE('',#4100);
#4100 = AXIS2_PLACEMENT_3D('',#4101,#4102,#4103);
#4101 = CARTESIAN_POINT('',(-1.426024955437,1.426024955437,8.));
#4102 = DIRECTION('',(0.,0.,1.));
#4103 = DIRECTION('',(1.,0.,0.));
#4104 = ADVANCED_FACE('',(#4105),#4123,.T.);
#4105 = FACE_BOUND('',#4106,.T.);
#4106 = EDGE_LOOP('',(#4107,#4115,#4116,#4117));
#4107 = ORIENTED_EDGE('',*,*,#4108,.F.);
#4108 = EDGE_CURVE('',#2783,#4109,#4111,.T.);
#4109 = VERTEX_POINT('',#4110);
#4110 = CARTESIAN_POINT('',(-11.16040365499,-23.4,6.8));
#4111 = LINE('',#4112,#4113);
#4112 = CARTESIAN_POINT('',(-15.9,-23.4,6.8));
#4113 = VECTOR('',#4114,1.);
#4114 = DIRECTION('',(1.,0.,0.));
#4115 = ORIENTED_EDGE('',*,*,#2790,.T.);
#4116 = ORIENTED_EDGE('',*,*,#4067,.T.);
#4117 = ORIENTED_EDGE('',*,*,#4118,.T.);
#4118 = EDGE_CURVE('',#4068,#4109,#4119,.T.);
#4119 = LINE('',#4120,#4121);
#4120 = CARTESIAN_POINT('',(-11.16040365499,-23.4,0.3));
#4121 = VECTOR('',#4122,1.);
#4122 = DIRECTION('',(-0.,-0.,-1.));
#4123 = PLANE('',#4124);
#4124 = AXIS2_PLACEMENT_3D('',#4125,#4126,#4127);
#4125 = CARTESIAN_POINT('',(-15.9,-23.4,6.8));
#4126 = DIRECTION('',(0.,1.,0.));
#4127 = DIRECTION('',(0.,0.,1.));
#4128 = ADVANCED_FACE('',(#4129),#4148,.T.);
#4129 = FACE_BOUND('',#4130,.T.);
#4130 = EDGE_LOOP('',(#4131,#4140,#4146,#4147));
#4131 = ORIENTED_EDGE('',*,*,#4132,.F.);
#4132 = EDGE_CURVE('',#4133,#4109,#4135,.T.);
#4133 = VERTEX_POINT('',#4134);
#4134 = CARTESIAN_POINT('',(-11.16040365499,-24.6,6.8));
#4135 = CIRCLE('',#4136,3.216854249492);
#4136 = AXIS2_PLACEMENT_3D('',#4137,#4138,#4139);
#4137 = CARTESIAN_POINT('',(-8.,-24.,6.8));
#4138 = DIRECTION('',(0.,0.,-1.));
#4139 = DIRECTION('',(1.,0.,0.));
#4140 = ORIENTED_EDGE('',*,*,#4141,.F.);
#4141 = EDGE_CURVE('',#2775,#4133,#4142,.T.);
#4142 = LINE('',#4143,#4144);
#4143 = CARTESIAN_POINT('',(-15.9,-24.6,6.8));
#4144 = VECTOR('',#4145,1.);
#4145 = DIRECTION('',(1.,0.,0.));
#4146 = ORIENTED_EDGE('',*,*,#2782,.T.);
#4147 = ORIENTED_EDGE('',*,*,#4108,.T.);
#4148 = PLANE('',#4149);
#4149 = AXIS2_PLACEMENT_3D('',#4150,#4151,#4152);
#4150 = CARTESIAN_POINT('',(-7.422394985724E-16,9.366853390434E-16,6.8)
  );
#4151 = DIRECTION('',(-0.,-0.,-1.));
#4152 = DIRECTION('',(-1.,0.,0.));
#4153 = ADVANCED_FACE('',(#4154),#4172,.F.);
#4154 = FACE_BOUND('',#4155,.F.);
#4155 = EDGE_LOOP('',(#4156,#4157,#4158,#4166));
#4156 = ORIENTED_EDGE('',*,*,#4141,.F.);
#4157 = ORIENTED_EDGE('',*,*,#2774,.T.);
#4158 = ORIENTED_EDGE('',*,*,#4159,.T.);
#4159 = EDGE_CURVE('',#2767,#4160,#4162,.T.);
#4160 = VERTEX_POINT('',#4161);
#4161 = CARTESIAN_POINT('',(-11.16040365499,-24.6,8.));
#4162 = LINE('',#4163,#4164);
#4163 = CARTESIAN_POINT('',(-15.9,-24.6,8.));
#4164 = VECTOR('',#4165,1.);
#4165 = DIRECTION('',(1.,0.,0.));
#4166 = ORIENTED_EDGE('',*,*,#4167,.T.);
#4167 = EDGE_CURVE('',#4160,#4133,#4168,.T.);
#4168 = LINE('',#4169,#4170);
#4169 = CARTESIAN_POINT('',(-11.16040365499,-24.6,0.3));
#4170 = VECTOR('',#4171,1.);
#4171 = DIRECTION('',(-0.,-0.,-1.));
#4172 = PLANE('',#4173);
#4173 = AXIS2_PLACEMENT_3D('',#4174,#4175,#4176);
#4174 = CARTESIAN_POINT('',(-15.9,-24.6,6.8));
#4175 = DIRECTION('',(0.,1.,0.));
#4176 = DIRECTION('',(0.,0.,1.));
#4177 = ADVANCED_FACE('',(#4178),#4198,.F.);
#4178 = FACE_BOUND('',#4179,.F.);
#4179 = EDGE_LOOP('',(#4180,#4181,#4182,#4190,#4197));
#4180 = ORIENTED_EDGE('',*,*,#2766,.F.);
#4181 = ORIENTED_EDGE('',*,*,#3568,.T.);
#4182 = ORIENTED_EDGE('',*,*,#4183,.T.);
#4183 = EDGE_CURVE('',#3569,#4184,#4186,.T.);
#4184 = VERTEX_POINT('',#4185);
#4185 = CARTESIAN_POINT('',(-8.6,-27.16040365499,8.));
#4186 = LINE('',#4187,#4188);
#4187 = CARTESIAN_POINT('',(-8.6,-31.9,8.));
#4188 = VECTOR('',#4189,1.);
#4189 = DIRECTION('',(0.,1.,0.));
#4190 = ORIENTED_EDGE('',*,*,#4191,.F.);
#4191 = EDGE_CURVE('',#4160,#4184,#4192,.T.);
#4192 = CIRCLE('',#4193,3.216854249492);
#4193 = AXIS2_PLACEMENT_3D('',#4194,#4195,#4196);
#4194 = CARTESIAN_POINT('',(-8.,-24.,8.));
#4195 = DIRECTION('',(0.,0.,1.));
#4196 = DIRECTION('',(1.,0.,0.));
#4197 = ORIENTED_EDGE('',*,*,#4159,.F.);
#4198 = PLANE('',#4199);
#4199 = AXIS2_PLACEMENT_3D('',#4200,#4201,#4202);
#4200 = CARTESIAN_POINT('',(-1.426024955437,1.426024955437,8.));
#4201 = DIRECTION('',(0.,0.,1.));
#4202 = DIRECTION('',(1.,0.,0.));
#4203 = ADVANCED_FACE('',(#4204),#4265,.F.);
#4204 = FACE_BOUND('',#4205,.F.);
#4205 = EDGE_LOOP('',(#4206,#4207,#4215,#4224,#4232,#4241,#4249,#4258,
    #4264));
#4206 = ORIENTED_EDGE('',*,*,#3024,.F.);
#4207 = ORIENTED_EDGE('',*,*,#4208,.F.);
#4208 = EDGE_CURVE('',#4209,#3017,#4211,.T.);
#4209 = VERTEX_POINT('',#4210);
#4210 = CARTESIAN_POINT('',(0.6,11.160403654991,8.));
#4211 = LINE('',#4212,#4213);
#4212 = CARTESIAN_POINT('',(0.6,-31.9,8.));
#4213 = VECTOR('',#4214,1.);
#4214 = DIRECTION('',(0.,1.,0.));
#4215 = ORIENTED_EDGE('',*,*,#4216,.F.);
#4216 = EDGE_CURVE('',#4217,#4209,#4219,.T.);
#4217 = VERTEX_POINT('',#4218);
#4218 = CARTESIAN_POINT('',(3.16040365499,8.6,8.));
#4219 = CIRCLE('',#4220,3.216854249492);
#4220 = AXIS2_PLACEMENT_3D('',#4221,#4222,#4223);
#4221 = CARTESIAN_POINT('',(0.,8.,8.));
#4222 = DIRECTION('',(0.,0.,1.));
#4223 = DIRECTION('',(1.,0.,0.));
#4224 = ORIENTED_EDGE('',*,*,#4225,.T.);
#4225 = EDGE_CURVE('',#4217,#4226,#4228,.T.);
#4226 = VERTEX_POINT('',#4227);
#4227 = CARTESIAN_POINT('',(4.83959634501,8.6,8.));
#4228 = LINE('',#4229,#4230);
#4229 = CARTESIAN_POINT('',(-15.9,8.6,8.));
#4230 = VECTOR('',#4231,1.);
#4231 = DIRECTION('',(1.,0.,0.));
#4232 = ORIENTED_EDGE('',*,*,#4233,.F.);
#4233 = EDGE_CURVE('',#4234,#4226,#4236,.T.);
#4234 = VERTEX_POINT('',#4235);
#4235 = CARTESIAN_POINT('',(7.4,11.160403654991,8.));
#4236 = CIRCLE('',#4237,3.216854249492);
#4237 = AXIS2_PLACEMENT_3D('',#4238,#4239,#4240);
#4238 = CARTESIAN_POINT('',(8.,8.,8.));
#4239 = DIRECTION('',(0.,0.,1.));
#4240 = DIRECTION('',(1.,0.,0.));
#4241 = ORIENTED_EDGE('',*,*,#4242,.T.);
#4242 = EDGE_CURVE('',#4234,#4243,#4245,.T.);
#4243 = VERTEX_POINT('',#4244);
#4244 = CARTESIAN_POINT('',(7.4,12.839596345009,8.));
#4245 = LINE('',#4246,#4247);
#4246 = CARTESIAN_POINT('',(7.4,-31.9,8.));
#4247 = VECTOR('',#4248,1.);
#4248 = DIRECTION('',(0.,1.,0.));
#4249 = ORIENTED_EDGE('',*,*,#4250,.F.);
#4250 = EDGE_CURVE('',#4251,#4243,#4253,.T.);
#4251 = VERTEX_POINT('',#4252);
#4252 = CARTESIAN_POINT('',(4.83959634501,15.4,8.));
#4253 = CIRCLE('',#4254,3.216854249492);
#4254 = AXIS2_PLACEMENT_3D('',#4255,#4256,#4257);
#4255 = CARTESIAN_POINT('',(8.,16.,8.));
#4256 = DIRECTION('',(0.,0.,1.));
#4257 = DIRECTION('',(1.,0.,0.));
#4258 = ORIENTED_EDGE('',*,*,#4259,.F.);
#4259 = EDGE_CURVE('',#3049,#4251,#4260,.T.);
#4260 = LINE('',#4261,#4262);
#4261 = CARTESIAN_POINT('',(-15.9,15.4,8.));
#4262 = VECTOR('',#4263,1.);
#4263 = DIRECTION('',(1.,0.,0.));
#4264 = ORIENTED_EDGE('',*,*,#3048,.F.);
#4265 = PLANE('',#4266);
#4266 = AXIS2_PLACEMENT_3D('',#4267,#4268,#4269);
#4267 = CARTESIAN_POINT('',(-1.426024955437,1.426024955437,8.));
#4268 = DIRECTION('',(0.,0.,1.));
#4269 = DIRECTION('',(1.,0.,0.));
#4270 = ADVANCED_FACE('',(#4271),#4289,.T.);
#4271 = FACE_BOUND('',#4272,.T.);
#4272 = EDGE_LOOP('',(#4273,#4274,#4282,#4288));
#4273 = ORIENTED_EDGE('',*,*,#4208,.F.);
#4274 = ORIENTED_EDGE('',*,*,#4275,.T.);
#4275 = EDGE_CURVE('',#4209,#4276,#4278,.T.);
#4276 = VERTEX_POINT('',#4277);
#4277 = CARTESIAN_POINT('',(0.6,11.16040365499,6.8));
#4278 = LINE('',#4279,#4280);
#4279 = CARTESIAN_POINT('',(0.6,11.16040365499,0.3));
#4280 = VECTOR('',#4281,1.);
#4281 = DIRECTION('',(-0.,-0.,-1.));
#4282 = ORIENTED_EDGE('',*,*,#4283,.T.);
#4283 = EDGE_CURVE('',#4276,#3009,#4284,.T.);
#4284 = LINE('',#4285,#4286);
#4285 = CARTESIAN_POINT('',(0.6,-31.9,6.8));
#4286 = VECTOR('',#4287,1.);
#4287 = DIRECTION('',(0.,1.,0.));
#4288 = ORIENTED_EDGE('',*,*,#3016,.T.);
#4289 = PLANE('',#4290);
#4290 = AXIS2_PLACEMENT_3D('',#4291,#4292,#4293);
#4291 = CARTESIAN_POINT('',(0.6,-31.9,6.8));
#4292 = DIRECTION('',(1.,0.,0.));
#4293 = DIRECTION('',(0.,0.,1.));
#4294 = ADVANCED_FACE('',(#4295),#4314,.T.);
#4295 = FACE_BOUND('',#4296,.T.);
#4296 = EDGE_LOOP('',(#4297,#4306,#4312,#4313));
#4297 = ORIENTED_EDGE('',*,*,#4298,.F.);
#4298 = EDGE_CURVE('',#4299,#4276,#4301,.T.);
#4299 = VERTEX_POINT('',#4300);
#4300 = CARTESIAN_POINT('',(-0.6,11.16040365499,6.8));
#4301 = CIRCLE('',#4302,3.216854249492);
#4302 = AXIS2_PLACEMENT_3D('',#4303,#4304,#4305);
#4303 = CARTESIAN_POINT('',(0.,8.,6.8));
#4304 = DIRECTION('',(0.,0.,-1.));
#4305 = DIRECTION('',(1.,0.,0.));
#4306 = ORIENTED_EDGE('',*,*,#4307,.T.);
#4307 = EDGE_CURVE('',#4299,#3001,#4308,.T.);
#4308 = LINE('',#4309,#4310);
#4309 = CARTESIAN_POINT('',(-0.6,-31.9,6.8));
#4310 = VECTOR('',#4311,1.);
#4311 = DIRECTION('',(0.,1.,0.));
#4312 = ORIENTED_EDGE('',*,*,#3008,.T.);
#4313 = ORIENTED_EDGE('',*,*,#4283,.F.);
#4314 = PLANE('',#4315);
#4315 = AXIS2_PLACEMENT_3D('',#4316,#4317,#4318);
#4316 = CARTESIAN_POINT('',(-7.422394985724E-16,9.366853390434E-16,6.8)
  );
#4317 = DIRECTION('',(-0.,-0.,-1.));
#4318 = DIRECTION('',(-1.,0.,0.));
#4319 = ADVANCED_FACE('',(#4320),#4338,.F.);
#4320 = FACE_BOUND('',#4321,.F.);
#4321 = EDGE_LOOP('',(#4322,#4330,#4336,#4337));
#4322 = ORIENTED_EDGE('',*,*,#4323,.F.);
#4323 = EDGE_CURVE('',#4324,#2993,#4326,.T.);
#4324 = VERTEX_POINT('',#4325);
#4325 = CARTESIAN_POINT('',(-0.6,11.160403654991,8.));
#4326 = LINE('',#4327,#4328);
#4327 = CARTESIAN_POINT('',(-0.6,-31.9,8.));
#4328 = VECTOR('',#4329,1.);
#4329 = DIRECTION('',(0.,1.,0.));
#4330 = ORIENTED_EDGE('',*,*,#4331,.T.);
#4331 = EDGE_CURVE('',#4324,#4299,#4332,.T.);
#4332 = LINE('',#4333,#4334);
#4333 = CARTESIAN_POINT('',(-0.6,11.16040365499,0.3));
#4334 = VECTOR('',#4335,1.);
#4335 = DIRECTION('',(-0.,-0.,-1.));
#4336 = ORIENTED_EDGE('',*,*,#4307,.T.);
#4337 = ORIENTED_EDGE('',*,*,#3000,.T.);
#4338 = PLANE('',#4339);
#4339 = AXIS2_PLACEMENT_3D('',#4340,#4341,#4342);
#4340 = CARTESIAN_POINT('',(-0.6,-31.9,6.8));
#4341 = DIRECTION('',(1.,0.,0.));
#4342 = DIRECTION('',(0.,0.,1.));
#4343 = ADVANCED_FACE('',(#4344),#4380,.F.);
#4344 = FACE_BOUND('',#4345,.F.);
#4345 = EDGE_LOOP('',(#4346,#4347,#4355,#4364,#4372,#4379));
#4346 = ORIENTED_EDGE('',*,*,#2992,.F.);
#4347 = ORIENTED_EDGE('',*,*,#4348,.F.);
#4348 = EDGE_CURVE('',#4349,#2985,#4351,.T.);
#4349 = VERTEX_POINT('',#4350);
#4350 = CARTESIAN_POINT('',(-7.4,11.160403654991,8.));
#4351 = LINE('',#4352,#4353);
#4352 = CARTESIAN_POINT('',(-7.4,-31.9,8.));
#4353 = VECTOR('',#4354,1.);
#4354 = DIRECTION('',(0.,1.,0.));
#4355 = ORIENTED_EDGE('',*,*,#4356,.F.);
#4356 = EDGE_CURVE('',#4357,#4349,#4359,.T.);
#4357 = VERTEX_POINT('',#4358);
#4358 = CARTESIAN_POINT('',(-4.83959634501,8.6,8.));
#4359 = CIRCLE('',#4360,3.216854249492);
#4360 = AXIS2_PLACEMENT_3D('',#4361,#4362,#4363);
#4361 = CARTESIAN_POINT('',(-8.,8.,8.));
#4362 = DIRECTION('',(0.,0.,1.));
#4363 = DIRECTION('',(1.,0.,0.));
#4364 = ORIENTED_EDGE('',*,*,#4365,.T.);
#4365 = EDGE_CURVE('',#4357,#4366,#4368,.T.);
#4366 = VERTEX_POINT('',#4367);
#4367 = CARTESIAN_POINT('',(-3.16040365499,8.6,8.));
#4368 = LINE('',#4369,#4370);
#4369 = CARTESIAN_POINT('',(-15.9,8.6,8.));
#4370 = VECTOR('',#4371,1.);
#4371 = DIRECTION('',(1.,0.,0.));
#4372 = ORIENTED_EDGE('',*,*,#4373,.F.);
#4373 = EDGE_CURVE('',#4324,#4366,#4374,.T.);
#4374 = CIRCLE('',#4375,3.216854249492);
#4375 = AXIS2_PLACEMENT_3D('',#4376,#4377,#4378);
#4376 = CARTESIAN_POINT('',(0.,8.,8.));
#4377 = DIRECTION('',(0.,0.,1.));
#4378 = DIRECTION('',(1.,0.,0.));
#4379 = ORIENTED_EDGE('',*,*,#4323,.T.);
#4380 = PLANE('',#4381);
#4381 = AXIS2_PLACEMENT_3D('',#4382,#4383,#4384);
#4382 = CARTESIAN_POINT('',(-1.426024955437,1.426024955437,8.));
#4383 = DIRECTION('',(0.,0.,1.));
#4384 = DIRECTION('',(1.,0.,0.));
#4385 = ADVANCED_FACE('',(#4386),#4404,.T.);
#4386 = FACE_BOUND('',#4387,.T.);
#4387 = EDGE_LOOP('',(#4388,#4389,#4397,#4403));
#4388 = ORIENTED_EDGE('',*,*,#4348,.F.);
#4389 = ORIENTED_EDGE('',*,*,#4390,.T.);
#4390 = EDGE_CURVE('',#4349,#4391,#4393,.T.);
#4391 = VERTEX_POINT('',#4392);
#4392 = CARTESIAN_POINT('',(-7.4,11.16040365499,6.8));
#4393 = LINE('',#4394,#4395);
#4394 = CARTESIAN_POINT('',(-7.4,11.16040365499,0.3));
#4395 = VECTOR('',#4396,1.);
#4396 = DIRECTION('',(-0.,-0.,-1.));
#4397 = ORIENTED_EDGE('',*,*,#4398,.T.);
#4398 = EDGE_CURVE('',#4391,#2977,#4399,.T.);
#4399 = LINE('',#4400,#4401);
#4400 = CARTESIAN_POINT('',(-7.4,-31.9,6.8));
#4401 = VECTOR('',#4402,1.);
#4402 = DIRECTION('',(0.,1.,0.));
#4403 = ORIENTED_EDGE('',*,*,#2984,.T.);
#4404 = PLANE('',#4405);
#4405 = AXIS2_PLACEMENT_3D('',#4406,#4407,#4408);
#4406 = CARTESIAN_POINT('',(-7.4,-31.9,6.8));
#4407 = DIRECTION('',(1.,0.,0.));
#4408 = DIRECTION('',(0.,0.,1.));
#4409 = ADVANCED_FACE('',(#4410),#4429,.T.);
#4410 = FACE_BOUND('',#4411,.T.);
#4411 = EDGE_LOOP('',(#4412,#4421,#4427,#4428));
#4412 = ORIENTED_EDGE('',*,*,#4413,.F.);
#4413 = EDGE_CURVE('',#4414,#4391,#4416,.T.);
#4414 = VERTEX_POINT('',#4415);
#4415 = CARTESIAN_POINT('',(-8.6,11.16040365499,6.8));
#4416 = CIRCLE('',#4417,3.216854249492);
#4417 = AXIS2_PLACEMENT_3D('',#4418,#4419,#4420);
#4418 = CARTESIAN_POINT('',(-8.,8.,6.8));
#4419 = DIRECTION('',(0.,0.,-1.));
#4420 = DIRECTION('',(1.,0.,0.));
#4421 = ORIENTED_EDGE('',*,*,#4422,.T.);
#4422 = EDGE_CURVE('',#4414,#2969,#4423,.T.);
#4423 = LINE('',#4424,#4425);
#4424 = CARTESIAN_POINT('',(-8.6,-31.9,6.8));
#4425 = VECTOR('',#4426,1.);
#4426 = DIRECTION('',(0.,1.,0.));
#4427 = ORIENTED_EDGE('',*,*,#2976,.T.);
#4428 = ORIENTED_EDGE('',*,*,#4398,.F.);
#4429 = PLANE('',#4430);
#4430 = AXIS2_PLACEMENT_3D('',#4431,#4432,#4433);
#4431 = CARTESIAN_POINT('',(-7.422394985724E-16,9.366853390434E-16,6.8)
  );
#4432 = DIRECTION('',(-0.,-0.,-1.));
#4433 = DIRECTION('',(-1.,0.,0.));
#4434 = ADVANCED_FACE('',(#4435),#4446,.F.);
#4435 = FACE_BOUND('',#4436,.F.);
#4436 = EDGE_LOOP('',(#4437,#4438,#4444,#4445));
#4437 = ORIENTED_EDGE('',*,*,#3633,.F.);
#4438 = ORIENTED_EDGE('',*,*,#4439,.T.);
#4439 = EDGE_CURVE('',#3625,#4414,#4440,.T.);
#4440 = LINE('',#4441,#4442);
#4441 = CARTESIAN_POINT('',(-8.6,11.16040365499,0.3));
#4442 = VECTOR('',#4443,1.);
#4443 = DIRECTION('',(-0.,-0.,-1.));
#4444 = ORIENTED_EDGE('',*,*,#4422,.T.);
#4445 = ORIENTED_EDGE('',*,*,#2968,.T.);
#4446 = PLANE('',#4447);
#4447 = AXIS2_PLACEMENT_3D('',#4448,#4449,#4450);
#4448 = CARTESIAN_POINT('',(-8.6,-31.9,6.8));
#4449 = DIRECTION('',(1.,0.,0.));
#4450 = DIRECTION('',(0.,0.,1.));
#4451 = ADVANCED_FACE('',(#4452),#4479,.F.);
#4452 = FACE_BOUND('',#4453,.F.);
#4453 = EDGE_LOOP('',(#4454,#4455,#4463,#4472,#4478));
#4454 = ORIENTED_EDGE('',*,*,#3112,.F.);
#4455 = ORIENTED_EDGE('',*,*,#4456,.T.);
#4456 = EDGE_CURVE('',#3105,#4457,#4459,.T.);
#4457 = VERTEX_POINT('',#4458);
#4458 = CARTESIAN_POINT('',(4.83959634501,24.6,8.));
#4459 = LINE('',#4460,#4461);
#4460 = CARTESIAN_POINT('',(-15.9,24.6,8.));
#4461 = VECTOR('',#4462,1.);
#4462 = DIRECTION('',(1.,0.,0.));
#4463 = ORIENTED_EDGE('',*,*,#4464,.F.);
#4464 = EDGE_CURVE('',#4465,#4457,#4467,.T.);
#4465 = VERTEX_POINT('',#4466);
#4466 = CARTESIAN_POINT('',(7.4,27.160403654991,8.));
#4467 = CIRCLE('',#4468,3.216854249492);
#4468 = AXIS2_PLACEMENT_3D('',#4469,#4470,#4471);
#4469 = CARTESIAN_POINT('',(8.,24.,8.));
#4470 = DIRECTION('',(0.,0.,1.));
#4471 = DIRECTION('',(1.,0.,0.));
#4472 = ORIENTED_EDGE('',*,*,#4473,.T.);
#4473 = EDGE_CURVE('',#4465,#3140,#4474,.T.);
#4474 = LINE('',#4475,#4476);
#4475 = CARTESIAN_POINT('',(7.4,-31.9,8.));
#4476 = VECTOR('',#4477,1.);
#4477 = DIRECTION('',(0.,1.,0.));
#4478 = ORIENTED_EDGE('',*,*,#3139,.F.);
#4479 = PLANE('',#4480);
#4480 = AXIS2_PLACEMENT_3D('',#4481,#4482,#4483);
#4481 = CARTESIAN_POINT('',(-1.426024955437,1.426024955437,8.));
#4482 = DIRECTION('',(0.,0.,1.));
#4483 = DIRECTION('',(1.,0.,0.));
#4484 = ADVANCED_FACE('',(#4485),#4503,.T.);
#4485 = FACE_BOUND('',#4486,.T.);
#4486 = EDGE_LOOP('',(#4487,#4495,#4496,#4497));
#4487 = ORIENTED_EDGE('',*,*,#4488,.F.);
#4488 = EDGE_CURVE('',#3097,#4489,#4491,.T.);
#4489 = VERTEX_POINT('',#4490);
#4490 = CARTESIAN_POINT('',(4.83959634501,24.6,6.8));
#4491 = LINE('',#4492,#4493);
#4492 = CARTESIAN_POINT('',(-15.9,24.6,6.8));
#4493 = VECTOR('',#4494,1.);
#4494 = DIRECTION('',(1.,0.,0.));
#4495 = ORIENTED_EDGE('',*,*,#3104,.T.);
#4496 = ORIENTED_EDGE('',*,*,#4456,.T.);
#4497 = ORIENTED_EDGE('',*,*,#4498,.T.);
#4498 = EDGE_CURVE('',#4457,#4489,#4499,.T.);
#4499 = LINE('',#4500,#4501);
#4500 = CARTESIAN_POINT('',(4.83959634501,24.6,0.3));
#4501 = VECTOR('',#4502,1.);
#4502 = DIRECTION('',(-0.,-0.,-1.));
#4503 = PLANE('',#4504);
#4504 = AXIS2_PLACEMENT_3D('',#4505,#4506,#4507);
#4505 = CARTESIAN_POINT('',(-15.9,24.6,6.8));
#4506 = DIRECTION('',(0.,1.,0.));
#4507 = DIRECTION('',(0.,0.,1.));
#4508 = ADVANCED_FACE('',(#4509),#4528,.T.);
#4509 = FACE_BOUND('',#4510,.T.);
#4510 = EDGE_LOOP('',(#4511,#4520,#4526,#4527));
#4511 = ORIENTED_EDGE('',*,*,#4512,.F.);
#4512 = EDGE_CURVE('',#4513,#4489,#4515,.T.);
#4513 = VERTEX_POINT('',#4514);
#4514 = CARTESIAN_POINT('',(4.83959634501,23.4,6.8));
#4515 = CIRCLE('',#4516,3.216854249492);
#4516 = AXIS2_PLACEMENT_3D('',#4517,#4518,#4519);
#4517 = CARTESIAN_POINT('',(8.,24.,6.8));
#4518 = DIRECTION('',(0.,0.,-1.));
#4519 = DIRECTION('',(1.,0.,0.));
#4520 = ORIENTED_EDGE('',*,*,#4521,.F.);
#4521 = EDGE_CURVE('',#3089,#4513,#4522,.T.);
#4522 = LINE('',#4523,#4524);
#4523 = CARTESIAN_POINT('',(-15.9,23.4,6.8));
#4524 = VECTOR('',#4525,1.);
#4525 = DIRECTION('',(1.,0.,0.));
#4526 = ORIENTED_EDGE('',*,*,#3096,.T.);
#4527 = ORIENTED_EDGE('',*,*,#4488,.T.);
#4528 = PLANE('',#4529);
#4529 = AXIS2_PLACEMENT_3D('',#4530,#4531,#4532);
#4530 = CARTESIAN_POINT('',(-7.422394985724E-16,9.366853390434E-16,6.8)
  );
#4531 = DIRECTION('',(-0.,-0.,-1.));
#4532 = DIRECTION('',(-1.,0.,0.));
#4533 = ADVANCED_FACE('',(#4534),#4552,.F.);
#4534 = FACE_BOUND('',#4535,.F.);
#4535 = EDGE_LOOP('',(#4536,#4537,#4538,#4546));
#4536 = ORIENTED_EDGE('',*,*,#4521,.F.);
#4537 = ORIENTED_EDGE('',*,*,#3088,.T.);
#4538 = ORIENTED_EDGE('',*,*,#4539,.T.);
#4539 = EDGE_CURVE('',#3081,#4540,#4542,.T.);
#4540 = VERTEX_POINT('',#4541);
#4541 = CARTESIAN_POINT('',(4.83959634501,23.4,8.));
#4542 = LINE('',#4543,#4544);
#4543 = CARTESIAN_POINT('',(-15.9,23.4,8.));
#4544 = VECTOR('',#4545,1.);
#4545 = DIRECTION('',(1.,0.,0.));
#4546 = ORIENTED_EDGE('',*,*,#4547,.T.);
#4547 = EDGE_CURVE('',#4540,#4513,#4548,.T.);
#4548 = LINE('',#4549,#4550);
#4549 = CARTESIAN_POINT('',(4.83959634501,23.4,0.3));
#4550 = VECTOR('',#4551,1.);
#4551 = DIRECTION('',(-0.,-0.,-1.));
#4552 = PLANE('',#4553);
#4553 = AXIS2_PLACEMENT_3D('',#4554,#4555,#4556);
#4554 = CARTESIAN_POINT('',(-15.9,23.4,6.8));
#4555 = DIRECTION('',(0.,1.,0.));
#4556 = DIRECTION('',(0.,0.,1.));
#4557 = ADVANCED_FACE('',(#4558),#4594,.F.);
#4558 = FACE_BOUND('',#4559,.F.);
#4559 = EDGE_LOOP('',(#4560,#4561,#4569,#4578,#4586,#4593));
#4560 = ORIENTED_EDGE('',*,*,#3080,.F.);
#4561 = ORIENTED_EDGE('',*,*,#4562,.T.);
#4562 = EDGE_CURVE('',#3073,#4563,#4565,.T.);
#4563 = VERTEX_POINT('',#4564);
#4564 = CARTESIAN_POINT('',(4.83959634501,16.6,8.));
#4565 = LINE('',#4566,#4567);
#4566 = CARTESIAN_POINT('',(-15.9,16.6,8.));
#4567 = VECTOR('',#4568,1.);
#4568 = DIRECTION('',(1.,0.,0.));
#4569 = ORIENTED_EDGE('',*,*,#4570,.F.);
#4570 = EDGE_CURVE('',#4571,#4563,#4573,.T.);
#4571 = VERTEX_POINT('',#4572);
#4572 = CARTESIAN_POINT('',(7.4,19.160403654991,8.));
#4573 = CIRCLE('',#4574,3.216854249492);
#4574 = AXIS2_PLACEMENT_3D('',#4575,#4576,#4577);
#4575 = CARTESIAN_POINT('',(8.,16.,8.));
#4576 = DIRECTION('',(0.,0.,1.));
#4577 = DIRECTION('',(1.,0.,0.));
#4578 = ORIENTED_EDGE('',*,*,#4579,.T.);
#4579 = EDGE_CURVE('',#4571,#4580,#4582,.T.);
#4580 = VERTEX_POINT('',#4581);
#4581 = CARTESIAN_POINT('',(7.4,20.839596345009,8.));
#4582 = LINE('',#4583,#4584);
#4583 = CARTESIAN_POINT('',(7.4,-31.9,8.));
#4584 = VECTOR('',#4585,1.);
#4585 = DIRECTION('',(0.,1.,0.));
#4586 = ORIENTED_EDGE('',*,*,#4587,.F.);
#4587 = EDGE_CURVE('',#4540,#4580,#4588,.T.);
#4588 = CIRCLE('',#4589,3.216854249492);
#4589 = AXIS2_PLACEMENT_3D('',#4590,#4591,#4592);
#4590 = CARTESIAN_POINT('',(8.,24.,8.));
#4591 = DIRECTION('',(0.,0.,1.));
#4592 = DIRECTION('',(1.,0.,0.));
#4593 = ORIENTED_EDGE('',*,*,#4539,.F.);
#4594 = PLANE('',#4595);
#4595 = AXIS2_PLACEMENT_3D('',#4596,#4597,#4598);
#4596 = CARTESIAN_POINT('',(-1.426024955437,1.426024955437,8.));
#4597 = DIRECTION('',(0.,0.,1.));
#4598 = DIRECTION('',(1.,0.,0.));
#4599 = ADVANCED_FACE('',(#4600),#4618,.T.);
#4600 = FACE_BOUND('',#4601,.T.);
#4601 = EDGE_LOOP('',(#4602,#4610,#4611,#4612));
#4602 = ORIENTED_EDGE('',*,*,#4603,.F.);
#4603 = EDGE_CURVE('',#3065,#4604,#4606,.T.);
#4604 = VERTEX_POINT('',#4605);
#4605 = CARTESIAN_POINT('',(4.83959634501,16.6,6.8));
#4606 = LINE('',#4607,#4608);
#4607 = CARTESIAN_POINT('',(-15.9,16.6,6.8));
#4608 = VECTOR('',#4609,1.);
#4609 = DIRECTION('',(1.,0.,0.));
#4610 = ORIENTED_EDGE('',*,*,#3072,.T.);
#4611 = ORIENTED_EDGE('',*,*,#4562,.T.);
#4612 = ORIENTED_EDGE('',*,*,#4613,.T.);
#4613 = EDGE_CURVE('',#4563,#4604,#4614,.T.);
#4614 = LINE('',#4615,#4616);
#4615 = CARTESIAN_POINT('',(4.83959634501,16.6,0.3));
#4616 = VECTOR('',#4617,1.);
#4617 = DIRECTION('',(-0.,-0.,-1.));
#4618 = PLANE('',#4619);
#4619 = AXIS2_PLACEMENT_3D('',#4620,#4621,#4622);
#4620 = CARTESIAN_POINT('',(-15.9,16.6,6.8));
#4621 = DIRECTION('',(0.,1.,0.));
#4622 = DIRECTION('',(0.,0.,1.));
#4623 = ADVANCED_FACE('',(#4624),#4643,.T.);
#4624 = FACE_BOUND('',#4625,.T.);
#4625 = EDGE_LOOP('',(#4626,#4635,#4641,#4642));
#4626 = ORIENTED_EDGE('',*,*,#4627,.F.);
#4627 = EDGE_CURVE('',#4628,#4604,#4630,.T.);
#4628 = VERTEX_POINT('',#4629);
#4629 = CARTESIAN_POINT('',(4.83959634501,15.4,6.8));
#4630 = CIRCLE('',#4631,3.216854249492);
#4631 = AXIS2_PLACEMENT_3D('',#4632,#4633,#4634);
#4632 = CARTESIAN_POINT('',(8.,16.,6.8));
#4633 = DIRECTION('',(0.,0.,-1.));
#4634 = DIRECTION('',(1.,0.,0.));
#4635 = ORIENTED_EDGE('',*,*,#4636,.F.);
#4636 = EDGE_CURVE('',#3057,#4628,#4637,.T.);
#4637 = LINE('',#4638,#4639);
#4638 = CARTESIAN_POINT('',(-15.9,15.4,6.8));
#4639 = VECTOR('',#4640,1.);
#4640 = DIRECTION('',(1.,0.,0.));
#4641 = ORIENTED_EDGE('',*,*,#3064,.T.);
#4642 = ORIENTED_EDGE('',*,*,#4603,.T.);
#4643 = PLANE('',#4644);
#4644 = AXIS2_PLACEMENT_3D('',#4645,#4646,#4647);
#4645 = CARTESIAN_POINT('',(-7.422394985724E-16,9.366853390434E-16,6.8)
  );
#4646 = DIRECTION('',(-0.,-0.,-1.));
#4647 = DIRECTION('',(-1.,0.,0.));
#4648 = ADVANCED_FACE('',(#4649),#4660,.F.);
#4649 = FACE_BOUND('',#4650,.F.);
#4650 = EDGE_LOOP('',(#4651,#4652,#4653,#4654));
#4651 = ORIENTED_EDGE('',*,*,#4636,.F.);
#4652 = ORIENTED_EDGE('',*,*,#3056,.T.);
#4653 = ORIENTED_EDGE('',*,*,#4259,.T.);
#4654 = ORIENTED_EDGE('',*,*,#4655,.T.);
#4655 = EDGE_CURVE('',#4251,#4628,#4656,.T.);
#4656 = LINE('',#4657,#4658);
#4657 = CARTESIAN_POINT('',(4.83959634501,15.4,0.3));
#4658 = VECTOR('',#4659,1.);
#4659 = DIRECTION('',(-0.,-0.,-1.));
#4660 = PLANE('',#4661);
#4661 = AXIS2_PLACEMENT_3D('',#4662,#4663,#4664);
#4662 = CARTESIAN_POINT('',(-15.9,15.4,6.8));
#4663 = DIRECTION('',(0.,1.,0.));
#4664 = DIRECTION('',(0.,0.,1.));
#4665 = ADVANCED_FACE('',(#4666),#4693,.F.);
#4666 = FACE_BOUND('',#4667,.F.);
#4667 = EDGE_LOOP('',(#4668,#4669,#4677,#4686,#4692));
#4668 = ORIENTED_EDGE('',*,*,#3171,.F.);
#4669 = ORIENTED_EDGE('',*,*,#4670,.F.);
#4670 = EDGE_CURVE('',#4671,#3164,#4673,.T.);
#4671 = VERTEX_POINT('',#4672);
#4672 = CARTESIAN_POINT('',(8.6,27.160403654991,8.));
#4673 = LINE('',#4674,#4675);
#4674 = CARTESIAN_POINT('',(8.6,-31.9,8.));
#4675 = VECTOR('',#4676,1.);
#4676 = DIRECTION('',(0.,1.,0.));
#4677 = ORIENTED_EDGE('',*,*,#4678,.F.);
#4678 = EDGE_CURVE('',#4679,#4671,#4681,.T.);
#4679 = VERTEX_POINT('',#4680);
#4680 = CARTESIAN_POINT('',(11.16040365499,24.6,8.));
#4681 = CIRCLE('',#4682,3.216854249492);
#4682 = AXIS2_PLACEMENT_3D('',#4683,#4684,#4685);
#4683 = CARTESIAN_POINT('',(8.,24.,8.));
#4684 = DIRECTION('',(0.,0.,1.));
#4685 = DIRECTION('',(1.,0.,0.));
#4686 = ORIENTED_EDGE('',*,*,#4687,.T.);
#4687 = EDGE_CURVE('',#4679,#3210,#4688,.T.);
#4688 = LINE('',#4689,#4690);
#4689 = CARTESIAN_POINT('',(-15.9,24.6,8.));
#4690 = VECTOR('',#4691,1.);
#4691 = DIRECTION('',(1.,0.,0.));
#4692 = ORIENTED_EDGE('',*,*,#3209,.T.);
#4693 = PLANE('',#4694);
#4694 = AXIS2_PLACEMENT_3D('',#4695,#4696,#4697);
#4695 = CARTESIAN_POINT('',(-1.426024955437,1.426024955437,8.));
#4696 = DIRECTION('',(0.,0.,1.));
#4697 = DIRECTION('',(1.,0.,0.));
#4698 = ADVANCED_FACE('',(#4699),#4717,.T.);
#4699 = FACE_BOUND('',#4700,.T.);
#4700 = EDGE_LOOP('',(#4701,#4702,#4710,#4716));
#4701 = ORIENTED_EDGE('',*,*,#4670,.F.);
#4702 = ORIENTED_EDGE('',*,*,#4703,.T.);
#4703 = EDGE_CURVE('',#4671,#4704,#4706,.T.);
#4704 = VERTEX_POINT('',#4705);
#4705 = CARTESIAN_POINT('',(8.6,27.160403654991,6.8));
#4706 = LINE('',#4707,#4708);
#4707 = CARTESIAN_POINT('',(8.6,27.16040365499,0.3));
#4708 = VECTOR('',#4709,1.);
#4709 = DIRECTION('',(-0.,-0.,-1.));
#4710 = ORIENTED_EDGE('',*,*,#4711,.T.);
#4711 = EDGE_CURVE('',#4704,#3156,#4712,.T.);
#4712 = LINE('',#4713,#4714);
#4713 = CARTESIAN_POINT('',(8.6,-31.9,6.8));
#4714 = VECTOR('',#4715,1.);
#4715 = DIRECTION('',(0.,1.,0.));
#4716 = ORIENTED_EDGE('',*,*,#3163,.T.);
#4717 = PLANE('',#4718);
#4718 = AXIS2_PLACEMENT_3D('',#4719,#4720,#4721);
#4719 = CARTESIAN_POINT('',(8.6,-31.9,6.8));
#4720 = DIRECTION('',(1.,0.,0.));
#4721 = DIRECTION('',(0.,0.,1.));
#4722 = ADVANCED_FACE('',(#4723),#4742,.T.);
#4723 = FACE_BOUND('',#4724,.T.);
#4724 = EDGE_LOOP('',(#4725,#4734,#4740,#4741));
#4725 = ORIENTED_EDGE('',*,*,#4726,.F.);
#4726 = EDGE_CURVE('',#4727,#4704,#4729,.T.);
#4727 = VERTEX_POINT('',#4728);
#4728 = CARTESIAN_POINT('',(7.4,27.160403654991,6.8));
#4729 = CIRCLE('',#4730,3.216854249492);
#4730 = AXIS2_PLACEMENT_3D('',#4731,#4732,#4733);
#4731 = CARTESIAN_POINT('',(8.,24.,6.8));
#4732 = DIRECTION('',(0.,0.,-1.));
#4733 = DIRECTION('',(1.,0.,0.));
#4734 = ORIENTED_EDGE('',*,*,#4735,.T.);
#4735 = EDGE_CURVE('',#4727,#3148,#4736,.T.);
#4736 = LINE('',#4737,#4738);
#4737 = CARTESIAN_POINT('',(7.4,-31.9,6.8));
#4738 = VECTOR('',#4739,1.);
#4739 = DIRECTION('',(0.,1.,0.));
#4740 = ORIENTED_EDGE('',*,*,#3155,.T.);
#4741 = ORIENTED_EDGE('',*,*,#4711,.F.);
#4742 = PLANE('',#4743);
#4743 = AXIS2_PLACEMENT_3D('',#4744,#4745,#4746);
#4744 = CARTESIAN_POINT('',(-7.422394985724E-16,9.366853390434E-16,6.8)
  );
#4745 = DIRECTION('',(-0.,-0.,-1.));
#4746 = DIRECTION('',(-1.,0.,0.));
#4747 = ADVANCED_FACE('',(#4748),#4759,.F.);
#4748 = FACE_BOUND('',#4749,.F.);
#4749 = EDGE_LOOP('',(#4750,#4751,#4757,#4758));
#4750 = ORIENTED_EDGE('',*,*,#4473,.F.);
#4751 = ORIENTED_EDGE('',*,*,#4752,.T.);
#4752 = EDGE_CURVE('',#4465,#4727,#4753,.T.);
#4753 = LINE('',#4754,#4755);
#4754 = CARTESIAN_POINT('',(7.4,27.16040365499,0.3));
#4755 = VECTOR('',#4756,1.);
#4756 = DIRECTION('',(-0.,-0.,-1.));
#4757 = ORIENTED_EDGE('',*,*,#4735,.T.);
#4758 = ORIENTED_EDGE('',*,*,#3147,.T.);
#4759 = PLANE('',#4760);
#4760 = AXIS2_PLACEMENT_3D('',#4761,#4762,#4763);
#4761 = CARTESIAN_POINT('',(7.4,-31.9,6.8));
#4762 = DIRECTION('',(1.,0.,0.));
#4763 = DIRECTION('',(0.,0.,1.));
#4764 = ADVANCED_FACE('',(#4765),#4792,.F.);
#4765 = FACE_BOUND('',#4766,.F.);
#4766 = EDGE_LOOP('',(#4767,#4775,#4776,#4777,#4785));
#4767 = ORIENTED_EDGE('',*,*,#4768,.F.);
#4768 = EDGE_CURVE('',#3385,#4769,#4771,.T.);
#4769 = VERTEX_POINT('',#4770);
#4770 = CARTESIAN_POINT('',(8.6,4.839596345009,8.));
#4771 = LINE('',#4772,#4773);
#4772 = CARTESIAN_POINT('',(8.6,-31.9,8.));
#4773 = VECTOR('',#4774,1.);
#4774 = DIRECTION('',(0.,1.,0.));
#4775 = ORIENTED_EDGE('',*,*,#3392,.T.);
#4776 = ORIENTED_EDGE('',*,*,#3305,.T.);
#4777 = ORIENTED_EDGE('',*,*,#4778,.F.);
#4778 = EDGE_CURVE('',#4779,#3298,#4781,.T.);
#4779 = VERTEX_POINT('',#4780);
#4780 = CARTESIAN_POINT('',(11.16040365499,7.4,8.));
#4781 = LINE('',#4782,#4783);
#4782 = CARTESIAN_POINT('',(-15.9,7.4,8.));
#4783 = VECTOR('',#4784,1.);
#4784 = DIRECTION('',(1.,0.,0.));
#4785 = ORIENTED_EDGE('',*,*,#4786,.F.);
#4786 = EDGE_CURVE('',#4769,#4779,#4787,.T.);
#4787 = CIRCLE('',#4788,3.216854249492);
#4788 = AXIS2_PLACEMENT_3D('',#4789,#4790,#4791);
#4789 = CARTESIAN_POINT('',(8.,8.,8.));
#4790 = DIRECTION('',(0.,0.,1.));
#4791 = DIRECTION('',(1.,0.,0.));
#4792 = PLANE('',#4793);
#4793 = AXIS2_PLACEMENT_3D('',#4794,#4795,#4796);
#4794 = CARTESIAN_POINT('',(-1.426024955437,1.426024955437,8.));
#4795 = DIRECTION('',(0.,0.,1.));
#4796 = DIRECTION('',(1.,0.,0.));
#4797 = ADVANCED_FACE('',(#4798),#4816,.F.);
#4798 = FACE_BOUND('',#4799,.F.);
#4799 = EDGE_LOOP('',(#4800,#4808,#4814,#4815));
#4800 = ORIENTED_EDGE('',*,*,#4801,.F.);
#4801 = EDGE_CURVE('',#4802,#3290,#4804,.T.);
#4802 = VERTEX_POINT('',#4803);
#4803 = CARTESIAN_POINT('',(11.16040365499,7.4,6.8));
#4804 = LINE('',#4805,#4806);
#4805 = CARTESIAN_POINT('',(-15.9,7.4,6.8));
#4806 = VECTOR('',#4807,1.);
#4807 = DIRECTION('',(1.,0.,0.));
#4808 = ORIENTED_EDGE('',*,*,#4809,.F.);
#4809 = EDGE_CURVE('',#4779,#4802,#4810,.T.);
#4810 = LINE('',#4811,#4812);
#4811 = CARTESIAN_POINT('',(11.16040365499,7.4,0.3));
#4812 = VECTOR('',#4813,1.);
#4813 = DIRECTION('',(-0.,-0.,-1.));
#4814 = ORIENTED_EDGE('',*,*,#4778,.T.);
#4815 = ORIENTED_EDGE('',*,*,#3297,.T.);
#4816 = PLANE('',#4817);
#4817 = AXIS2_PLACEMENT_3D('',#4818,#4819,#4820);
#4818 = CARTESIAN_POINT('',(-15.9,7.4,6.8));
#4819 = DIRECTION('',(0.,1.,0.));
#4820 = DIRECTION('',(0.,0.,1.));
#4821 = ADVANCED_FACE('',(#4822),#4850,.T.);
#4822 = FACE_BOUND('',#4823,.T.);
#4823 = EDGE_LOOP('',(#4824,#4825,#4834,#4843,#4849));
#4824 = ORIENTED_EDGE('',*,*,#4801,.F.);
#4825 = ORIENTED_EDGE('',*,*,#4826,.F.);
#4826 = EDGE_CURVE('',#4827,#4802,#4829,.T.);
#4827 = VERTEX_POINT('',#4828);
#4828 = CARTESIAN_POINT('',(11.216854249492,8.,6.8));
#4829 = CIRCLE('',#4830,3.216854249492);
#4830 = AXIS2_PLACEMENT_3D('',#4831,#4832,#4833);
#4831 = CARTESIAN_POINT('',(8.,8.,6.8));
#4832 = DIRECTION('',(0.,0.,-1.));
#4833 = DIRECTION('',(1.,0.,0.));
#4834 = ORIENTED_EDGE('',*,*,#4835,.F.);
#4835 = EDGE_CURVE('',#4836,#4827,#4838,.T.);
#4836 = VERTEX_POINT('',#4837);
#4837 = CARTESIAN_POINT('',(11.16040365499,8.6,6.8));
#4838 = CIRCLE('',#4839,3.216854249492);
#4839 = AXIS2_PLACEMENT_3D('',#4840,#4841,#4842);
#4840 = CARTESIAN_POINT('',(8.,8.,6.8));
#4841 = DIRECTION('',(0.,0.,-1.));
#4842 = DIRECTION('',(1.,0.,0.));
#4843 = ORIENTED_EDGE('',*,*,#4844,.T.);
#4844 = EDGE_CURVE('',#4836,#3282,#4845,.T.);
#4845 = LINE('',#4846,#4847);
#4846 = CARTESIAN_POINT('',(-15.9,8.6,6.8));
#4847 = VECTOR('',#4848,1.);
#4848 = DIRECTION('',(1.,0.,0.));
#4849 = ORIENTED_EDGE('',*,*,#3289,.T.);
#4850 = PLANE('',#4851);
#4851 = AXIS2_PLACEMENT_3D('',#4852,#4853,#4854);
#4852 = CARTESIAN_POINT('',(-7.422394985724E-16,9.366853390434E-16,6.8)
  );
#4853 = DIRECTION('',(-0.,-0.,-1.));
#4854 = DIRECTION('',(-1.,0.,0.));
#4855 = ADVANCED_FACE('',(#4856),#4874,.T.);
#4856 = FACE_BOUND('',#4857,.T.);
#4857 = EDGE_LOOP('',(#4858,#4859,#4867,#4873));
#4858 = ORIENTED_EDGE('',*,*,#4844,.F.);
#4859 = ORIENTED_EDGE('',*,*,#4860,.F.);
#4860 = EDGE_CURVE('',#4861,#4836,#4863,.T.);
#4861 = VERTEX_POINT('',#4862);
#4862 = CARTESIAN_POINT('',(11.16040365499,8.6,8.));
#4863 = LINE('',#4864,#4865);
#4864 = CARTESIAN_POINT('',(11.16040365499,8.6,0.3));
#4865 = VECTOR('',#4866,1.);
#4866 = DIRECTION('',(-0.,-0.,-1.));
#4867 = ORIENTED_EDGE('',*,*,#4868,.T.);
#4868 = EDGE_CURVE('',#4861,#3274,#4869,.T.);
#4869 = LINE('',#4870,#4871);
#4870 = CARTESIAN_POINT('',(-15.9,8.6,8.));
#4871 = VECTOR('',#4872,1.);
#4872 = DIRECTION('',(1.,0.,0.));
#4873 = ORIENTED_EDGE('',*,*,#3281,.T.);
#4874 = PLANE('',#4875);
#4875 = AXIS2_PLACEMENT_3D('',#4876,#4877,#4878);
#4876 = CARTESIAN_POINT('',(-15.9,8.6,6.8));
#4877 = DIRECTION('',(0.,1.,0.));
#4878 = DIRECTION('',(0.,0.,1.));
#4879 = ADVANCED_FACE('',(#4880),#4916,.F.);
#4880 = FACE_BOUND('',#4881,.F.);
#4881 = EDGE_LOOP('',(#4882,#4883,#4884,#4892,#4901,#4909));
#4882 = ORIENTED_EDGE('',*,*,#4868,.T.);
#4883 = ORIENTED_EDGE('',*,*,#3273,.T.);
#4884 = ORIENTED_EDGE('',*,*,#4885,.F.);
#4885 = EDGE_CURVE('',#4886,#3266,#4888,.T.);
#4886 = VERTEX_POINT('',#4887);
#4887 = CARTESIAN_POINT('',(11.16040365499,15.4,8.));
#4888 = LINE('',#4889,#4890);
#4889 = CARTESIAN_POINT('',(-15.9,15.4,8.));
#4890 = VECTOR('',#4891,1.);
#4891 = DIRECTION('',(1.,0.,0.));
#4892 = ORIENTED_EDGE('',*,*,#4893,.F.);
#4893 = EDGE_CURVE('',#4894,#4886,#4896,.T.);
#4894 = VERTEX_POINT('',#4895);
#4895 = CARTESIAN_POINT('',(8.6,12.839596345009,8.));
#4896 = CIRCLE('',#4897,3.216854249492);
#4897 = AXIS2_PLACEMENT_3D('',#4898,#4899,#4900);
#4898 = CARTESIAN_POINT('',(8.,16.,8.));
#4899 = DIRECTION('',(0.,0.,1.));
#4900 = DIRECTION('',(1.,0.,0.));
#4901 = ORIENTED_EDGE('',*,*,#4902,.F.);
#4902 = EDGE_CURVE('',#4903,#4894,#4905,.T.);
#4903 = VERTEX_POINT('',#4904);
#4904 = CARTESIAN_POINT('',(8.6,11.160403654991,8.));
#4905 = LINE('',#4906,#4907);
#4906 = CARTESIAN_POINT('',(8.6,-31.9,8.));
#4907 = VECTOR('',#4908,1.);
#4908 = DIRECTION('',(0.,1.,0.));
#4909 = ORIENTED_EDGE('',*,*,#4910,.F.);
#4910 = EDGE_CURVE('',#4861,#4903,#4911,.T.);
#4911 = CIRCLE('',#4912,3.216854249492);
#4912 = AXIS2_PLACEMENT_3D('',#4913,#4914,#4915);
#4913 = CARTESIAN_POINT('',(8.,8.,8.));
#4914 = DIRECTION('',(0.,0.,1.));
#4915 = DIRECTION('',(1.,0.,0.));
#4916 = PLANE('',#4917);
#4917 = AXIS2_PLACEMENT_3D('',#4918,#4919,#4920);
#4918 = CARTESIAN_POINT('',(-1.426024955437,1.426024955437,8.));
#4919 = DIRECTION('',(0.,0.,1.));
#4920 = DIRECTION('',(1.,0.,0.));
#4921 = ADVANCED_FACE('',(#4922),#4940,.F.);
#4922 = FACE_BOUND('',#4923,.F.);
#4923 = EDGE_LOOP('',(#4924,#4932,#4938,#4939));
#4924 = ORIENTED_EDGE('',*,*,#4925,.F.);
#4925 = EDGE_CURVE('',#4926,#3258,#4928,.T.);
#4926 = VERTEX_POINT('',#4927);
#4927 = CARTESIAN_POINT('',(11.16040365499,15.4,6.8));
#4928 = LINE('',#4929,#4930);
#4929 = CARTESIAN_POINT('',(-15.9,15.4,6.8));
#4930 = VECTOR('',#4931,1.);
#4931 = DIRECTION('',(1.,0.,0.));
#4932 = ORIENTED_EDGE('',*,*,#4933,.F.);
#4933 = EDGE_CURVE('',#4886,#4926,#4934,.T.);
#4934 = LINE('',#4935,#4936);
#4935 = CARTESIAN_POINT('',(11.16040365499,15.4,0.3));
#4936 = VECTOR('',#4937,1.);
#4937 = DIRECTION('',(-0.,-0.,-1.));
#4938 = ORIENTED_EDGE('',*,*,#4885,.T.);
#4939 = ORIENTED_EDGE('',*,*,#3265,.T.);
#4940 = PLANE('',#4941);
#4941 = AXIS2_PLACEMENT_3D('',#4942,#4943,#4944);
#4942 = CARTESIAN_POINT('',(-15.9,15.4,6.8));
#4943 = DIRECTION('',(0.,1.,0.));
#4944 = DIRECTION('',(0.,0.,1.));
#4945 = ADVANCED_FACE('',(#4946),#4974,.T.);
#4946 = FACE_BOUND('',#4947,.T.);
#4947 = EDGE_LOOP('',(#4948,#4949,#4958,#4967,#4973));
#4948 = ORIENTED_EDGE('',*,*,#4925,.F.);
#4949 = ORIENTED_EDGE('',*,*,#4950,.F.);
#4950 = EDGE_CURVE('',#4951,#4926,#4953,.T.);
#4951 = VERTEX_POINT('',#4952);
#4952 = CARTESIAN_POINT('',(11.216854249492,16.,6.8));
#4953 = CIRCLE('',#4954,3.216854249492);
#4954 = AXIS2_PLACEMENT_3D('',#4955,#4956,#4957);
#4955 = CARTESIAN_POINT('',(8.,16.,6.8));
#4956 = DIRECTION('',(0.,0.,-1.));
#4957 = DIRECTION('',(1.,0.,0.));
#4958 = ORIENTED_EDGE('',*,*,#4959,.F.);
#4959 = EDGE_CURVE('',#4960,#4951,#4962,.T.);
#4960 = VERTEX_POINT('',#4961);
#4961 = CARTESIAN_POINT('',(11.16040365499,16.6,6.8));
#4962 = CIRCLE('',#4963,3.216854249492);
#4963 = AXIS2_PLACEMENT_3D('',#4964,#4965,#4966);
#4964 = CARTESIAN_POINT('',(8.,16.,6.8));
#4965 = DIRECTION('',(0.,0.,-1.));
#4966 = DIRECTION('',(1.,0.,0.));
#4967 = ORIENTED_EDGE('',*,*,#4968,.T.);
#4968 = EDGE_CURVE('',#4960,#3250,#4969,.T.);
#4969 = LINE('',#4970,#4971);
#4970 = CARTESIAN_POINT('',(-15.9,16.6,6.8));
#4971 = VECTOR('',#4972,1.);
#4972 = DIRECTION('',(1.,0.,0.));
#4973 = ORIENTED_EDGE('',*,*,#3257,.T.);
#4974 = PLANE('',#4975);
#4975 = AXIS2_PLACEMENT_3D('',#4976,#4977,#4978);
#4976 = CARTESIAN_POINT('',(-7.422394985724E-16,9.366853390434E-16,6.8)
  );
#4977 = DIRECTION('',(-0.,-0.,-1.));
#4978 = DIRECTION('',(-1.,0.,0.));
#4979 = ADVANCED_FACE('',(#4980),#4998,.T.);
#4980 = FACE_BOUND('',#4981,.T.);
#4981 = EDGE_LOOP('',(#4982,#4983,#4991,#4997));
#4982 = ORIENTED_EDGE('',*,*,#4968,.F.);
#4983 = ORIENTED_EDGE('',*,*,#4984,.F.);
#4984 = EDGE_CURVE('',#4985,#4960,#4987,.T.);
#4985 = VERTEX_POINT('',#4986);
#4986 = CARTESIAN_POINT('',(11.16040365499,16.6,8.));
#4987 = LINE('',#4988,#4989);
#4988 = CARTESIAN_POINT('',(11.16040365499,16.6,0.3));
#4989 = VECTOR('',#4990,1.);
#4990 = DIRECTION('',(-0.,-0.,-1.));
#4991 = ORIENTED_EDGE('',*,*,#4992,.T.);
#4992 = EDGE_CURVE('',#4985,#3242,#4993,.T.);
#4993 = LINE('',#4994,#4995);
#4994 = CARTESIAN_POINT('',(-15.9,16.6,8.));
#4995 = VECTOR('',#4996,1.);
#4996 = DIRECTION('',(1.,0.,0.));
#4997 = ORIENTED_EDGE('',*,*,#3249,.T.);
#4998 = PLANE('',#4999);
#4999 = AXIS2_PLACEMENT_3D('',#5000,#5001,#5002);
#5000 = CARTESIAN_POINT('',(-15.9,16.6,6.8));
#5001 = DIRECTION('',(0.,1.,0.));
#5002 = DIRECTION('',(0.,0.,1.));
#5003 = ADVANCED_FACE('',(#5004),#5040,.F.);
#5004 = FACE_BOUND('',#5005,.F.);
#5005 = EDGE_LOOP('',(#5006,#5016,#5023,#5024,#5025,#5033));
#5006 = ORIENTED_EDGE('',*,*,#5007,.F.);
#5007 = EDGE_CURVE('',#5008,#5010,#5012,.T.);
#5008 = VERTEX_POINT('',#5009);
#5009 = CARTESIAN_POINT('',(8.6,19.160403654991,8.));
#5010 = VERTEX_POINT('',#5011);
#5011 = CARTESIAN_POINT('',(8.6,20.839596345009,8.));
#5012 = LINE('',#5013,#5014);
#5013 = CARTESIAN_POINT('',(8.6,-31.9,8.));
#5014 = VECTOR('',#5015,1.);
#5015 = DIRECTION('',(0.,1.,0.));
#5016 = ORIENTED_EDGE('',*,*,#5017,.F.);
#5017 = EDGE_CURVE('',#4985,#5008,#5018,.T.);
#5018 = CIRCLE('',#5019,3.216854249492);
#5019 = AXIS2_PLACEMENT_3D('',#5020,#5021,#5022);
#5020 = CARTESIAN_POINT('',(8.,16.,8.));
#5021 = DIRECTION('',(0.,0.,1.));
#5022 = DIRECTION('',(1.,0.,0.));
#5023 = ORIENTED_EDGE('',*,*,#4992,.T.);
#5024 = ORIENTED_EDGE('',*,*,#3241,.T.);
#5025 = ORIENTED_EDGE('',*,*,#5026,.F.);
#5026 = EDGE_CURVE('',#5027,#3234,#5029,.T.);
#5027 = VERTEX_POINT('',#5028);
#5028 = CARTESIAN_POINT('',(11.16040365499,23.4,8.));
#5029 = LINE('',#5030,#5031);
#5030 = CARTESIAN_POINT('',(-15.9,23.4,8.));
#5031 = VECTOR('',#5032,1.);
#5032 = DIRECTION('',(1.,0.,0.));
#5033 = ORIENTED_EDGE('',*,*,#5034,.F.);
#5034 = EDGE_CURVE('',#5010,#5027,#5035,.T.);
#5035 = CIRCLE('',#5036,3.216854249492);
#5036 = AXIS2_PLACEMENT_3D('',#5037,#5038,#5039);
#5037 = CARTESIAN_POINT('',(8.,24.,8.));
#5038 = DIRECTION('',(0.,0.,1.));
#5039 = DIRECTION('',(1.,0.,0.));
#5040 = PLANE('',#5041);
#5041 = AXIS2_PLACEMENT_3D('',#5042,#5043,#5044);
#5042 = CARTESIAN_POINT('',(-1.426024955437,1.426024955437,8.));
#5043 = DIRECTION('',(0.,0.,1.));
#5044 = DIRECTION('',(1.,0.,0.));
#5045 = ADVANCED_FACE('',(#5046),#5064,.F.);
#5046 = FACE_BOUND('',#5047,.F.);
#5047 = EDGE_LOOP('',(#5048,#5056,#5062,#5063));
#5048 = ORIENTED_EDGE('',*,*,#5049,.F.);
#5049 = EDGE_CURVE('',#5050,#3226,#5052,.T.);
#5050 = VERTEX_POINT('',#5051);
#5051 = CARTESIAN_POINT('',(11.16040365499,23.4,6.8));
#5052 = LINE('',#5053,#5054);
#5053 = CARTESIAN_POINT('',(-15.9,23.4,6.8));
#5054 = VECTOR('',#5055,1.);
#5055 = DIRECTION('',(1.,0.,0.));
#5056 = ORIENTED_EDGE('',*,*,#5057,.F.);
#5057 = EDGE_CURVE('',#5027,#5050,#5058,.T.);
#5058 = LINE('',#5059,#5060);
#5059 = CARTESIAN_POINT('',(11.16040365499,23.4,0.3));
#5060 = VECTOR('',#5061,1.);
#5061 = DIRECTION('',(-0.,-0.,-1.));
#5062 = ORIENTED_EDGE('',*,*,#5026,.T.);
#5063 = ORIENTED_EDGE('',*,*,#3233,.T.);
#5064 = PLANE('',#5065);
#5065 = AXIS2_PLACEMENT_3D('',#5066,#5067,#5068);
#5066 = CARTESIAN_POINT('',(-15.9,23.4,6.8));
#5067 = DIRECTION('',(0.,1.,0.));
#5068 = DIRECTION('',(0.,0.,1.));
#5069 = ADVANCED_FACE('',(#5070),#5098,.T.);
#5070 = FACE_BOUND('',#5071,.T.);
#5071 = EDGE_LOOP('',(#5072,#5073,#5082,#5091,#5097));
#5072 = ORIENTED_EDGE('',*,*,#5049,.F.);
#5073 = ORIENTED_EDGE('',*,*,#5074,.F.);
#5074 = EDGE_CURVE('',#5075,#5050,#5077,.T.);
#5075 = VERTEX_POINT('',#5076);
#5076 = CARTESIAN_POINT('',(11.216854249492,24.,6.8));
#5077 = CIRCLE('',#5078,3.216854249492);
#5078 = AXIS2_PLACEMENT_3D('',#5079,#5080,#5081);
#5079 = CARTESIAN_POINT('',(8.,24.,6.8));
#5080 = DIRECTION('',(0.,0.,-1.));
#5081 = DIRECTION('',(1.,0.,0.));
#5082 = ORIENTED_EDGE('',*,*,#5083,.F.);
#5083 = EDGE_CURVE('',#5084,#5075,#5086,.T.);
#5084 = VERTEX_POINT('',#5085);
#5085 = CARTESIAN_POINT('',(11.16040365499,24.6,6.8));
#5086 = CIRCLE('',#5087,3.216854249492);
#5087 = AXIS2_PLACEMENT_3D('',#5088,#5089,#5090);
#5088 = CARTESIAN_POINT('',(8.,24.,6.8));
#5089 = DIRECTION('',(0.,0.,-1.));
#5090 = DIRECTION('',(1.,0.,0.));
#5091 = ORIENTED_EDGE('',*,*,#5092,.T.);
#5092 = EDGE_CURVE('',#5084,#3218,#5093,.T.);
#5093 = LINE('',#5094,#5095);
#5094 = CARTESIAN_POINT('',(-15.9,24.6,6.8));
#5095 = VECTOR('',#5096,1.);
#5096 = DIRECTION('',(1.,0.,0.));
#5097 = ORIENTED_EDGE('',*,*,#3225,.T.);
#5098 = PLANE('',#5099);
#5099 = AXIS2_PLACEMENT_3D('',#5100,#5101,#5102);
#5100 = CARTESIAN_POINT('',(-7.422394985724E-16,9.366853390434E-16,6.8)
  );
#5101 = DIRECTION('',(-0.,-0.,-1.));
#5102 = DIRECTION('',(-1.,0.,0.));
#5103 = ADVANCED_FACE('',(#5104),#5115,.T.);
#5104 = FACE_BOUND('',#5105,.T.);
#5105 = EDGE_LOOP('',(#5106,#5107,#5113,#5114));
#5106 = ORIENTED_EDGE('',*,*,#5092,.F.);
#5107 = ORIENTED_EDGE('',*,*,#5108,.F.);
#5108 = EDGE_CURVE('',#4679,#5084,#5109,.T.);
#5109 = LINE('',#5110,#5111);
#5110 = CARTESIAN_POINT('',(11.16040365499,24.6,0.3));
#5111 = VECTOR('',#5112,1.);
#5112 = DIRECTION('',(-0.,-0.,-1.));
#5113 = ORIENTED_EDGE('',*,*,#4687,.T.);
#5114 = ORIENTED_EDGE('',*,*,#3217,.T.);
#5115 = PLANE('',#5116);
#5116 = AXIS2_PLACEMENT_3D('',#5117,#5118,#5119);
#5117 = CARTESIAN_POINT('',(-15.9,24.6,6.8));
#5118 = DIRECTION('',(0.,1.,0.));
#5119 = DIRECTION('',(0.,0.,1.));
#5120 = ADVANCED_FACE('',(#5121),#5139,.T.);
#5121 = FACE_BOUND('',#5122,.T.);
#5122 = EDGE_LOOP('',(#5123,#5124,#5125,#5133));
#5123 = ORIENTED_EDGE('',*,*,#4768,.F.);
#5124 = ORIENTED_EDGE('',*,*,#3384,.F.);
#5125 = ORIENTED_EDGE('',*,*,#5126,.T.);
#5126 = EDGE_CURVE('',#3377,#5127,#5129,.T.);
#5127 = VERTEX_POINT('',#5128);
#5128 = CARTESIAN_POINT('',(8.6,4.83959634501,6.8));
#5129 = LINE('',#5130,#5131);
#5130 = CARTESIAN_POINT('',(8.6,-31.9,6.8));
#5131 = VECTOR('',#5132,1.);
#5132 = DIRECTION('',(0.,1.,0.));
#5133 = ORIENTED_EDGE('',*,*,#5134,.F.);
#5134 = EDGE_CURVE('',#4769,#5127,#5135,.T.);
#5135 = LINE('',#5136,#5137);
#5136 = CARTESIAN_POINT('',(8.6,4.83959634501,0.3));
#5137 = VECTOR('',#5138,1.);
#5138 = DIRECTION('',(-0.,-0.,-1.));
#5139 = PLANE('',#5140);
#5140 = AXIS2_PLACEMENT_3D('',#5141,#5142,#5143);
#5141 = CARTESIAN_POINT('',(8.6,-31.9,6.8));
#5142 = DIRECTION('',(1.,0.,0.));
#5143 = DIRECTION('',(0.,0.,1.));
#5144 = ADVANCED_FACE('',(#5145),#5164,.T.);
#5145 = FACE_BOUND('',#5146,.T.);
#5146 = EDGE_LOOP('',(#5147,#5155,#5162,#5163));
#5147 = ORIENTED_EDGE('',*,*,#5148,.T.);
#5148 = EDGE_CURVE('',#3369,#5149,#5151,.T.);
#5149 = VERTEX_POINT('',#5150);
#5150 = CARTESIAN_POINT('',(7.4,4.83959634501,6.8));
#5151 = LINE('',#5152,#5153);
#5152 = CARTESIAN_POINT('',(7.4,-31.9,6.8));
#5153 = VECTOR('',#5154,1.);
#5154 = DIRECTION('',(0.,1.,0.));
#5155 = ORIENTED_EDGE('',*,*,#5156,.F.);
#5156 = EDGE_CURVE('',#5127,#5149,#5157,.T.);
#5157 = CIRCLE('',#5158,3.216854249492);
#5158 = AXIS2_PLACEMENT_3D('',#5159,#5160,#5161);
#5159 = CARTESIAN_POINT('',(8.,8.,6.8));
#5160 = DIRECTION('',(0.,0.,-1.));
#5161 = DIRECTION('',(1.,0.,0.));
#5162 = ORIENTED_EDGE('',*,*,#5126,.F.);
#5163 = ORIENTED_EDGE('',*,*,#3376,.F.);
#5164 = PLANE('',#5165);
#5165 = AXIS2_PLACEMENT_3D('',#5166,#5167,#5168);
#5166 = CARTESIAN_POINT('',(-7.422394985724E-16,9.366853390434E-16,6.8)
  );
#5167 = DIRECTION('',(-0.,-0.,-1.));
#5168 = DIRECTION('',(-1.,0.,0.));
#5169 = ADVANCED_FACE('',(#5170),#5188,.F.);
#5170 = FACE_BOUND('',#5171,.F.);
#5171 = EDGE_LOOP('',(#5172,#5180,#5181,#5182));
#5172 = ORIENTED_EDGE('',*,*,#5173,.F.);
#5173 = EDGE_CURVE('',#3361,#5174,#5176,.T.);
#5174 = VERTEX_POINT('',#5175);
#5175 = CARTESIAN_POINT('',(7.4,4.839596345009,8.));
#5176 = LINE('',#5177,#5178);
#5177 = CARTESIAN_POINT('',(7.4,-31.9,8.));
#5178 = VECTOR('',#5179,1.);
#5179 = DIRECTION('',(0.,1.,0.));
#5180 = ORIENTED_EDGE('',*,*,#3368,.F.);
#5181 = ORIENTED_EDGE('',*,*,#5148,.T.);
#5182 = ORIENTED_EDGE('',*,*,#5183,.F.);
#5183 = EDGE_CURVE('',#5174,#5149,#5184,.T.);
#5184 = LINE('',#5185,#5186);
#5185 = CARTESIAN_POINT('',(7.4,4.83959634501,0.3));
#5186 = VECTOR('',#5187,1.);
#5187 = DIRECTION('',(-0.,-0.,-1.));
#5188 = PLANE('',#5189);
#5189 = AXIS2_PLACEMENT_3D('',#5190,#5191,#5192);
#5190 = CARTESIAN_POINT('',(7.4,-31.9,6.8));
#5191 = DIRECTION('',(1.,0.,0.));
#5192 = DIRECTION('',(0.,0.,1.));
#5193 = ADVANCED_FACE('',(#5194),#5230,.F.);
#5194 = FACE_BOUND('',#5195,.F.);
#5195 = EDGE_LOOP('',(#5196,#5204,#5205,#5206,#5215,#5223));
#5196 = ORIENTED_EDGE('',*,*,#5197,.F.);
#5197 = EDGE_CURVE('',#3353,#5198,#5200,.T.);
#5198 = VERTEX_POINT('',#5199);
#5199 = CARTESIAN_POINT('',(0.6,4.839596345009,8.));
#5200 = LINE('',#5201,#5202);
#5201 = CARTESIAN_POINT('',(0.6,-31.9,8.));
#5202 = VECTOR('',#5203,1.);
#5203 = DIRECTION('',(0.,1.,0.));
#5204 = ORIENTED_EDGE('',*,*,#3360,.T.);
#5205 = ORIENTED_EDGE('',*,*,#5173,.T.);
#5206 = ORIENTED_EDGE('',*,*,#5207,.F.);
#5207 = EDGE_CURVE('',#5208,#5174,#5210,.T.);
#5208 = VERTEX_POINT('',#5209);
#5209 = CARTESIAN_POINT('',(4.83959634501,7.4,8.));
#5210 = CIRCLE('',#5211,3.216854249492);
#5211 = AXIS2_PLACEMENT_3D('',#5212,#5213,#5214);
#5212 = CARTESIAN_POINT('',(8.,8.,8.));
#5213 = DIRECTION('',(0.,0.,1.));
#5214 = DIRECTION('',(1.,0.,0.));
#5215 = ORIENTED_EDGE('',*,*,#5216,.F.);
#5216 = EDGE_CURVE('',#5217,#5208,#5219,.T.);
#5217 = VERTEX_POINT('',#5218);
#5218 = CARTESIAN_POINT('',(3.16040365499,7.4,8.));
#5219 = LINE('',#5220,#5221);
#5220 = CARTESIAN_POINT('',(-15.9,7.4,8.));
#5221 = VECTOR('',#5222,1.);
#5222 = DIRECTION('',(1.,0.,0.));
#5223 = ORIENTED_EDGE('',*,*,#5224,.F.);
#5224 = EDGE_CURVE('',#5198,#5217,#5225,.T.);
#5225 = CIRCLE('',#5226,3.216854249492);
#5226 = AXIS2_PLACEMENT_3D('',#5227,#5228,#5229);
#5227 = CARTESIAN_POINT('',(0.,8.,8.));
#5228 = DIRECTION('',(0.,0.,1.));
#5229 = DIRECTION('',(1.,0.,0.));
#5230 = PLANE('',#5231);
#5231 = AXIS2_PLACEMENT_3D('',#5232,#5233,#5234);
#5232 = CARTESIAN_POINT('',(-1.426024955437,1.426024955437,8.));
#5233 = DIRECTION('',(0.,0.,1.));
#5234 = DIRECTION('',(1.,0.,0.));
#5235 = ADVANCED_FACE('',(#5236),#5254,.T.);
#5236 = FACE_BOUND('',#5237,.T.);
#5237 = EDGE_LOOP('',(#5238,#5239,#5240,#5248));
#5238 = ORIENTED_EDGE('',*,*,#5197,.F.);
#5239 = ORIENTED_EDGE('',*,*,#3352,.F.);
#5240 = ORIENTED_EDGE('',*,*,#5241,.T.);
#5241 = EDGE_CURVE('',#3345,#5242,#5244,.T.);
#5242 = VERTEX_POINT('',#5243);
#5243 = CARTESIAN_POINT('',(0.6,4.83959634501,6.8));
#5244 = LINE('',#5245,#5246);
#5245 = CARTESIAN_POINT('',(0.6,-31.9,6.8));
#5246 = VECTOR('',#5247,1.);
#5247 = DIRECTION('',(0.,1.,0.));
#5248 = ORIENTED_EDGE('',*,*,#5249,.F.);
#5249 = EDGE_CURVE('',#5198,#5242,#5250,.T.);
#5250 = LINE('',#5251,#5252);
#5251 = CARTESIAN_POINT('',(0.6,4.83959634501,0.3));
#5252 = VECTOR('',#5253,1.);
#5253 = DIRECTION('',(-0.,-0.,-1.));
#5254 = PLANE('',#5255);
#5255 = AXIS2_PLACEMENT_3D('',#5256,#5257,#5258);
#5256 = CARTESIAN_POINT('',(0.6,-31.9,6.8));
#5257 = DIRECTION('',(1.,0.,0.));
#5258 = DIRECTION('',(0.,0.,1.));
#5259 = ADVANCED_FACE('',(#5260),#5279,.T.);
#5260 = FACE_BOUND('',#5261,.T.);
#5261 = EDGE_LOOP('',(#5262,#5270,#5277,#5278));
#5262 = ORIENTED_EDGE('',*,*,#5263,.T.);
#5263 = EDGE_CURVE('',#3337,#5264,#5266,.T.);
#5264 = VERTEX_POINT('',#5265);
#5265 = CARTESIAN_POINT('',(-0.6,4.83959634501,6.8));
#5266 = LINE('',#5267,#5268);
#5267 = CARTESIAN_POINT('',(-0.6,-31.9,6.8));
#5268 = VECTOR('',#5269,1.);
#5269 = DIRECTION('',(0.,1.,0.));
#5270 = ORIENTED_EDGE('',*,*,#5271,.F.);
#5271 = EDGE_CURVE('',#5242,#5264,#5272,.T.);
#5272 = CIRCLE('',#5273,3.216854249492);
#5273 = AXIS2_PLACEMENT_3D('',#5274,#5275,#5276);
#5274 = CARTESIAN_POINT('',(0.,8.,6.8));
#5275 = DIRECTION('',(0.,0.,-1.));
#5276 = DIRECTION('',(1.,0.,0.));
#5277 = ORIENTED_EDGE('',*,*,#5241,.F.);
#5278 = ORIENTED_EDGE('',*,*,#3344,.F.);
#5279 = PLANE('',#5280);
#5280 = AXIS2_PLACEMENT_3D('',#5281,#5282,#5283);
#5281 = CARTESIAN_POINT('',(-7.422394985724E-16,9.366853390434E-16,6.8)
  );
#5282 = DIRECTION('',(-0.,-0.,-1.));
#5283 = DIRECTION('',(-1.,0.,0.));
#5284 = ADVANCED_FACE('',(#5285),#5303,.F.);
#5285 = FACE_BOUND('',#5286,.F.);
#5286 = EDGE_LOOP('',(#5287,#5295,#5296,#5297));
#5287 = ORIENTED_EDGE('',*,*,#5288,.F.);
#5288 = EDGE_CURVE('',#3329,#5289,#5291,.T.);
#5289 = VERTEX_POINT('',#5290);
#5290 = CARTESIAN_POINT('',(-0.6,4.839596345009,8.));
#5291 = LINE('',#5292,#5293);
#5292 = CARTESIAN_POINT('',(-0.6,-31.9,8.));
#5293 = VECTOR('',#5294,1.);
#5294 = DIRECTION('',(0.,1.,0.));
#5295 = ORIENTED_EDGE('',*,*,#3336,.F.);
#5296 = ORIENTED_EDGE('',*,*,#5263,.T.);
#5297 = ORIENTED_EDGE('',*,*,#5298,.F.);
#5298 = EDGE_CURVE('',#5289,#5264,#5299,.T.);
#5299 = LINE('',#5300,#5301);
#5300 = CARTESIAN_POINT('',(-0.6,4.83959634501,0.3));
#5301 = VECTOR('',#5302,1.);
#5302 = DIRECTION('',(-0.,-0.,-1.));
#5303 = PLANE('',#5304);
#5304 = AXIS2_PLACEMENT_3D('',#5305,#5306,#5307);
#5305 = CARTESIAN_POINT('',(-0.6,-31.9,6.8));
#5306 = DIRECTION('',(1.,0.,0.));
#5307 = DIRECTION('',(0.,0.,1.));
#5308 = ADVANCED_FACE('',(#5309),#5363,.F.);
#5309 = FACE_BOUND('',#5310,.F.);
#5310 = EDGE_LOOP('',(#5311,#5321,#5330,#5336,#5337,#5338,#5339,#5348,
    #5356));
#5311 = ORIENTED_EDGE('',*,*,#5312,.F.);
#5312 = EDGE_CURVE('',#5313,#5315,#5317,.T.);
#5313 = VERTEX_POINT('',#5314);
#5314 = CARTESIAN_POINT('',(-7.4,3.160403654991,8.));
#5315 = VERTEX_POINT('',#5316);
#5316 = CARTESIAN_POINT('',(-7.4,4.839596345009,8.));
#5317 = LINE('',#5318,#5319);
#5318 = CARTESIAN_POINT('',(-7.4,-31.9,8.));
#5319 = VECTOR('',#5320,1.);
#5320 = DIRECTION('',(0.,1.,0.));
#5321 = ORIENTED_EDGE('',*,*,#5322,.F.);
#5322 = EDGE_CURVE('',#5323,#5313,#5325,.T.);
#5323 = VERTEX_POINT('',#5324);
#5324 = CARTESIAN_POINT('',(-4.83959634501,0.6,8.));
#5325 = CIRCLE('',#5326,3.216854249492);
#5326 = AXIS2_PLACEMENT_3D('',#5327,#5328,#5329);
#5327 = CARTESIAN_POINT('',(-8.,0.,8.));
#5328 = DIRECTION('',(0.,0.,1.));
#5329 = DIRECTION('',(1.,0.,0.));
#5330 = ORIENTED_EDGE('',*,*,#5331,.T.);
#5331 = EDGE_CURVE('',#5323,#3425,#5332,.T.);
#5332 = LINE('',#5333,#5334);
#5333 = CARTESIAN_POINT('',(-15.9,0.6,8.));
#5334 = VECTOR('',#5335,1.);
#5335 = DIRECTION('',(1.,0.,0.));
#5336 = ORIENTED_EDGE('',*,*,#3424,.T.);
#5337 = ORIENTED_EDGE('',*,*,#3328,.T.);
#5338 = ORIENTED_EDGE('',*,*,#5288,.T.);
#5339 = ORIENTED_EDGE('',*,*,#5340,.F.);
#5340 = EDGE_CURVE('',#5341,#5289,#5343,.T.);
#5341 = VERTEX_POINT('',#5342);
#5342 = CARTESIAN_POINT('',(-3.16040365499,7.4,8.));
#5343 = CIRCLE('',#5344,3.216854249492);
#5344 = AXIS2_PLACEMENT_3D('',#5345,#5346,#5347);
#5345 = CARTESIAN_POINT('',(0.,8.,8.));
#5346 = DIRECTION('',(0.,0.,1.));
#5347 = DIRECTION('',(1.,0.,0.));
#5348 = ORIENTED_EDGE('',*,*,#5349,.F.);
#5349 = EDGE_CURVE('',#5350,#5341,#5352,.T.);
#5350 = VERTEX_POINT('',#5351);
#5351 = CARTESIAN_POINT('',(-4.83959634501,7.4,8.));
#5352 = LINE('',#5353,#5354);
#5353 = CARTESIAN_POINT('',(-15.9,7.4,8.));
#5354 = VECTOR('',#5355,1.);
#5355 = DIRECTION('',(1.,0.,0.));
#5356 = ORIENTED_EDGE('',*,*,#5357,.F.);
#5357 = EDGE_CURVE('',#5315,#5350,#5358,.T.);
#5358 = CIRCLE('',#5359,3.216854249492);
#5359 = AXIS2_PLACEMENT_3D('',#5360,#5361,#5362);
#5360 = CARTESIAN_POINT('',(-8.,8.,8.));
#5361 = DIRECTION('',(0.,0.,1.));
#5362 = DIRECTION('',(1.,0.,0.));
#5363 = PLANE('',#5364);
#5364 = AXIS2_PLACEMENT_3D('',#5365,#5366,#5367);
#5365 = CARTESIAN_POINT('',(-1.426024955437,1.426024955437,8.));
#5366 = DIRECTION('',(0.,0.,1.));
#5367 = DIRECTION('',(1.,0.,0.));
#5368 = ADVANCED_FACE('',(#5369),#5396,.F.);
#5369 = FACE_BOUND('',#5370,.F.);
#5370 = EDGE_LOOP('',(#5371,#5379,#5380,#5381,#5389));
#5371 = ORIENTED_EDGE('',*,*,#5372,.F.);
#5372 = EDGE_CURVE('',#3593,#5373,#5375,.T.);
#5373 = VERTEX_POINT('',#5374);
#5374 = CARTESIAN_POINT('',(-7.4,-27.16040365499,8.));
#5375 = LINE('',#5376,#5377);
#5376 = CARTESIAN_POINT('',(-7.4,-31.9,8.));
#5377 = VECTOR('',#5378,1.);
#5378 = DIRECTION('',(0.,1.,0.));
#5379 = ORIENTED_EDGE('',*,*,#3600,.T.);
#5380 = ORIENTED_EDGE('',*,*,#3552,.T.);
#5381 = ORIENTED_EDGE('',*,*,#5382,.F.);
#5382 = EDGE_CURVE('',#5383,#3545,#5385,.T.);
#5383 = VERTEX_POINT('',#5384);
#5384 = CARTESIAN_POINT('',(-4.83959634501,-24.6,8.));
#5385 = LINE('',#5386,#5387);
#5386 = CARTESIAN_POINT('',(-15.9,-24.6,8.));
#5387 = VECTOR('',#5388,1.);
#5388 = DIRECTION('',(1.,0.,0.));
#5389 = ORIENTED_EDGE('',*,*,#5390,.F.);
#5390 = EDGE_CURVE('',#5373,#5383,#5391,.T.);
#5391 = CIRCLE('',#5392,3.216854249492);
#5392 = AXIS2_PLACEMENT_3D('',#5393,#5394,#5395);
#5393 = CARTESIAN_POINT('',(-8.,-24.,8.));
#5394 = DIRECTION('',(0.,0.,1.));
#5395 = DIRECTION('',(1.,0.,0.));
#5396 = PLANE('',#5397);
#5397 = AXIS2_PLACEMENT_3D('',#5398,#5399,#5400);
#5398 = CARTESIAN_POINT('',(-1.426024955437,1.426024955437,8.));
#5399 = DIRECTION('',(0.,0.,1.));
#5400 = DIRECTION('',(1.,0.,0.));
#5401 = ADVANCED_FACE('',(#5402),#5420,.F.);
#5402 = FACE_BOUND('',#5403,.F.);
#5403 = EDGE_LOOP('',(#5404,#5412,#5418,#5419));
#5404 = ORIENTED_EDGE('',*,*,#5405,.F.);
#5405 = EDGE_CURVE('',#5406,#3537,#5408,.T.);
#5406 = VERTEX_POINT('',#5407);
#5407 = CARTESIAN_POINT('',(-4.839596345009,-24.6,6.8));
#5408 = LINE('',#5409,#5410);
#5409 = CARTESIAN_POINT('',(-15.9,-24.6,6.8));
#5410 = VECTOR('',#5411,1.);
#5411 = DIRECTION('',(1.,0.,0.));
#5412 = ORIENTED_EDGE('',*,*,#5413,.F.);
#5413 = EDGE_CURVE('',#5383,#5406,#5414,.T.);
#5414 = LINE('',#5415,#5416);
#5415 = CARTESIAN_POINT('',(-4.83959634501,-24.6,0.3));
#5416 = VECTOR('',#5417,1.);
#5417 = DIRECTION('',(-0.,-0.,-1.));
#5418 = ORIENTED_EDGE('',*,*,#5382,.T.);
#5419 = ORIENTED_EDGE('',*,*,#3544,.T.);
#5420 = PLANE('',#5421);
#5421 = AXIS2_PLACEMENT_3D('',#5422,#5423,#5424);
#5422 = CARTESIAN_POINT('',(-15.9,-24.6,6.8));
#5423 = DIRECTION('',(0.,1.,0.));
#5424 = DIRECTION('',(0.,0.,1.));
#5425 = ADVANCED_FACE('',(#5426),#5454,.T.);
#5426 = FACE_BOUND('',#5427,.T.);
#5427 = EDGE_LOOP('',(#5428,#5429,#5438,#5447,#5453));
#5428 = ORIENTED_EDGE('',*,*,#5405,.F.);
#5429 = ORIENTED_EDGE('',*,*,#5430,.F.);
#5430 = EDGE_CURVE('',#5431,#5406,#5433,.T.);
#5431 = VERTEX_POINT('',#5432);
#5432 = CARTESIAN_POINT('',(-4.783145750508,-24.,6.8));
#5433 = CIRCLE('',#5434,3.216854249492);
#5434 = AXIS2_PLACEMENT_3D('',#5435,#5436,#5437);
#5435 = CARTESIAN_POINT('',(-8.,-24.,6.8));
#5436 = DIRECTION('',(0.,0.,-1.));
#5437 = DIRECTION('',(1.,0.,0.));
#5438 = ORIENTED_EDGE('',*,*,#5439,.F.);
#5439 = EDGE_CURVE('',#5440,#5431,#5442,.T.);
#5440 = VERTEX_POINT('',#5441);
#5441 = CARTESIAN_POINT('',(-4.83959634501,-23.4,6.8));
#5442 = CIRCLE('',#5443,3.216854249492);
#5443 = AXIS2_PLACEMENT_3D('',#5444,#5445,#5446);
#5444 = CARTESIAN_POINT('',(-8.,-24.,6.8));
#5445 = DIRECTION('',(0.,0.,-1.));
#5446 = DIRECTION('',(1.,0.,0.));
#5447 = ORIENTED_EDGE('',*,*,#5448,.T.);
#5448 = EDGE_CURVE('',#5440,#3529,#5449,.T.);
#5449 = LINE('',#5450,#5451);
#5450 = CARTESIAN_POINT('',(-15.9,-23.4,6.8));
#5451 = VECTOR('',#5452,1.);
#5452 = DIRECTION('',(1.,0.,0.));
#5453 = ORIENTED_EDGE('',*,*,#3536,.T.);
#5454 = PLANE('',#5455);
#5455 = AXIS2_PLACEMENT_3D('',#5456,#5457,#5458);
#5456 = CARTESIAN_POINT('',(-7.422394985724E-16,9.366853390434E-16,6.8)
  );
#5457 = DIRECTION('',(-0.,-0.,-1.));
#5458 = DIRECTION('',(-1.,0.,0.));
#5459 = ADVANCED_FACE('',(#5460),#5478,.T.);
#5460 = FACE_BOUND('',#5461,.T.);
#5461 = EDGE_LOOP('',(#5462,#5463,#5471,#5477));
#5462 = ORIENTED_EDGE('',*,*,#5448,.F.);
#5463 = ORIENTED_EDGE('',*,*,#5464,.F.);
#5464 = EDGE_CURVE('',#5465,#5440,#5467,.T.);
#5465 = VERTEX_POINT('',#5466);
#5466 = CARTESIAN_POINT('',(-4.83959634501,-23.4,8.));
#5467 = LINE('',#5468,#5469);
#5468 = CARTESIAN_POINT('',(-4.83959634501,-23.4,0.3));
#5469 = VECTOR('',#5470,1.);
#5470 = DIRECTION('',(-0.,-0.,-1.));
#5471 = ORIENTED_EDGE('',*,*,#5472,.T.);
#5472 = EDGE_CURVE('',#5465,#3521,#5473,.T.);
#5473 = LINE('',#5474,#5475);
#5474 = CARTESIAN_POINT('',(-15.9,-23.4,8.));
#5475 = VECTOR('',#5476,1.);
#5476 = DIRECTION('',(1.,0.,0.));
#5477 = ORIENTED_EDGE('',*,*,#3528,.T.);
#5478 = PLANE('',#5479);
#5479 = AXIS2_PLACEMENT_3D('',#5480,#5481,#5482);
#5480 = CARTESIAN_POINT('',(-15.9,-23.4,6.8));
#5481 = DIRECTION('',(0.,1.,0.));
#5482 = DIRECTION('',(0.,0.,1.));
#5483 = ADVANCED_FACE('',(#5484),#5520,.F.);
#5484 = FACE_BOUND('',#5485,.F.);
#5485 = EDGE_LOOP('',(#5486,#5496,#5503,#5504,#5505,#5513));
#5486 = ORIENTED_EDGE('',*,*,#5487,.F.);
#5487 = EDGE_CURVE('',#5488,#5490,#5492,.T.);
#5488 = VERTEX_POINT('',#5489);
#5489 = CARTESIAN_POINT('',(-7.4,-20.839596345,8.));
#5490 = VERTEX_POINT('',#5491);
#5491 = CARTESIAN_POINT('',(-7.4,-19.16040365499,8.));
#5492 = LINE('',#5493,#5494);
#5493 = CARTESIAN_POINT('',(-7.4,-31.9,8.));
#5494 = VECTOR('',#5495,1.);
#5495 = DIRECTION('',(0.,1.,0.));
#5496 = ORIENTED_EDGE('',*,*,#5497,.F.);
#5497 = EDGE_CURVE('',#5465,#5488,#5498,.T.);
#5498 = CIRCLE('',#5499,3.216854249492);
#5499 = AXIS2_PLACEMENT_3D('',#5500,#5501,#5502);
#5500 = CARTESIAN_POINT('',(-8.,-24.,8.));
#5501 = DIRECTION('',(0.,0.,1.));
#5502 = DIRECTION('',(1.,0.,0.));
#5503 = ORIENTED_EDGE('',*,*,#5472,.T.);
#5504 = ORIENTED_EDGE('',*,*,#3520,.T.);
#5505 = ORIENTED_EDGE('',*,*,#5506,.F.);
#5506 = EDGE_CURVE('',#5507,#3513,#5509,.T.);
#5507 = VERTEX_POINT('',#5508);
#5508 = CARTESIAN_POINT('',(-4.83959634501,-16.6,8.));
#5509 = LINE('',#5510,#5511);
#5510 = CARTESIAN_POINT('',(-15.9,-16.6,8.));
#5511 = VECTOR('',#5512,1.);
#5512 = DIRECTION('',(1.,0.,0.));
#5513 = ORIENTED_EDGE('',*,*,#5514,.F.);
#5514 = EDGE_CURVE('',#5490,#5507,#5515,.T.);
#5515 = CIRCLE('',#5516,3.216854249492);
#5516 = AXIS2_PLACEMENT_3D('',#5517,#5518,#5519);
#5517 = CARTESIAN_POINT('',(-8.,-16.,8.));
#5518 = DIRECTION('',(0.,0.,1.));
#5519 = DIRECTION('',(1.,0.,0.));
#5520 = PLANE('',#5521);
#5521 = AXIS2_PLACEMENT_3D('',#5522,#5523,#5524);
#5522 = CARTESIAN_POINT('',(-1.426024955437,1.426024955437,8.));
#5523 = DIRECTION('',(0.,0.,1.));
#5524 = DIRECTION('',(1.,0.,0.));
#5525 = ADVANCED_FACE('',(#5526),#5544,.F.);
#5526 = FACE_BOUND('',#5527,.F.);
#5527 = EDGE_LOOP('',(#5528,#5536,#5542,#5543));
#5528 = ORIENTED_EDGE('',*,*,#5529,.F.);
#5529 = EDGE_CURVE('',#5530,#3505,#5532,.T.);
#5530 = VERTEX_POINT('',#5531);
#5531 = CARTESIAN_POINT('',(-4.83959634501,-16.6,6.8));
#5532 = LINE('',#5533,#5534);
#5533 = CARTESIAN_POINT('',(-15.9,-16.6,6.8));
#5534 = VECTOR('',#5535,1.);
#5535 = DIRECTION('',(1.,0.,0.));
#5536 = ORIENTED_EDGE('',*,*,#5537,.F.);
#5537 = EDGE_CURVE('',#5507,#5530,#5538,.T.);
#5538 = LINE('',#5539,#5540);
#5539 = CARTESIAN_POINT('',(-4.83959634501,-16.6,0.3));
#5540 = VECTOR('',#5541,1.);
#5541 = DIRECTION('',(-0.,-0.,-1.));
#5542 = ORIENTED_EDGE('',*,*,#5506,.T.);
#5543 = ORIENTED_EDGE('',*,*,#3512,.T.);
#5544 = PLANE('',#5545);
#5545 = AXIS2_PLACEMENT_3D('',#5546,#5547,#5548);
#5546 = CARTESIAN_POINT('',(-15.9,-16.6,6.8));
#5547 = DIRECTION('',(0.,1.,0.));
#5548 = DIRECTION('',(0.,0.,1.));
#5549 = ADVANCED_FACE('',(#5550),#5578,.T.);
#5550 = FACE_BOUND('',#5551,.T.);
#5551 = EDGE_LOOP('',(#5552,#5553,#5562,#5571,#5577));
#5552 = ORIENTED_EDGE('',*,*,#5529,.F.);
#5553 = ORIENTED_EDGE('',*,*,#5554,.F.);
#5554 = EDGE_CURVE('',#5555,#5530,#5557,.T.);
#5555 = VERTEX_POINT('',#5556);
#5556 = CARTESIAN_POINT('',(-4.783145750508,-16.,6.8));
#5557 = CIRCLE('',#5558,3.216854249492);
#5558 = AXIS2_PLACEMENT_3D('',#5559,#5560,#5561);
#5559 = CARTESIAN_POINT('',(-8.,-16.,6.8));
#5560 = DIRECTION('',(0.,0.,-1.));
#5561 = DIRECTION('',(1.,0.,0.));
#5562 = ORIENTED_EDGE('',*,*,#5563,.F.);
#5563 = EDGE_CURVE('',#5564,#5555,#5566,.T.);
#5564 = VERTEX_POINT('',#5565);
#5565 = CARTESIAN_POINT('',(-4.83959634501,-15.4,6.8));
#5566 = CIRCLE('',#5567,3.216854249492);
#5567 = AXIS2_PLACEMENT_3D('',#5568,#5569,#5570);
#5568 = CARTESIAN_POINT('',(-8.,-16.,6.8));
#5569 = DIRECTION('',(0.,0.,-1.));
#5570 = DIRECTION('',(1.,0.,0.));
#5571 = ORIENTED_EDGE('',*,*,#5572,.T.);
#5572 = EDGE_CURVE('',#5564,#3497,#5573,.T.);
#5573 = LINE('',#5574,#5575);
#5574 = CARTESIAN_POINT('',(-15.9,-15.4,6.8));
#5575 = VECTOR('',#5576,1.);
#5576 = DIRECTION('',(1.,0.,0.));
#5577 = ORIENTED_EDGE('',*,*,#3504,.T.);
#5578 = PLANE('',#5579);
#5579 = AXIS2_PLACEMENT_3D('',#5580,#5581,#5582);
#5580 = CARTESIAN_POINT('',(-7.422394985724E-16,9.366853390434E-16,6.8)
  );
#5581 = DIRECTION('',(-0.,-0.,-1.));
#5582 = DIRECTION('',(-1.,0.,0.));
#5583 = ADVANCED_FACE('',(#5584),#5602,.T.);
#5584 = FACE_BOUND('',#5585,.T.);
#5585 = EDGE_LOOP('',(#5586,#5587,#5595,#5601));
#5586 = ORIENTED_EDGE('',*,*,#5572,.F.);
#5587 = ORIENTED_EDGE('',*,*,#5588,.F.);
#5588 = EDGE_CURVE('',#5589,#5564,#5591,.T.);
#5589 = VERTEX_POINT('',#5590);
#5590 = CARTESIAN_POINT('',(-4.83959634501,-15.4,8.));
#5591 = LINE('',#5592,#5593);
#5592 = CARTESIAN_POINT('',(-4.83959634501,-15.4,0.3));
#5593 = VECTOR('',#5594,1.);
#5594 = DIRECTION('',(-0.,-0.,-1.));
#5595 = ORIENTED_EDGE('',*,*,#5596,.T.);
#5596 = EDGE_CURVE('',#5589,#3489,#5597,.T.);
#5597 = LINE('',#5598,#5599);
#5598 = CARTESIAN_POINT('',(-15.9,-15.4,8.));
#5599 = VECTOR('',#5600,1.);
#5600 = DIRECTION('',(1.,0.,0.));
#5601 = ORIENTED_EDGE('',*,*,#3496,.T.);
#5602 = PLANE('',#5603);
#5603 = AXIS2_PLACEMENT_3D('',#5604,#5605,#5606);
#5604 = CARTESIAN_POINT('',(-15.9,-15.4,6.8));
#5605 = DIRECTION('',(0.,1.,0.));
#5606 = DIRECTION('',(0.,0.,1.));
#5607 = ADVANCED_FACE('',(#5608),#5644,.F.);
#5608 = FACE_BOUND('',#5609,.F.);
#5609 = EDGE_LOOP('',(#5610,#5620,#5627,#5628,#5629,#5637));
#5610 = ORIENTED_EDGE('',*,*,#5611,.F.);
#5611 = EDGE_CURVE('',#5612,#5614,#5616,.T.);
#5612 = VERTEX_POINT('',#5613);
#5613 = CARTESIAN_POINT('',(-7.4,-12.839596345,8.));
#5614 = VERTEX_POINT('',#5615);
#5615 = CARTESIAN_POINT('',(-7.4,-11.16040365499,8.));
#5616 = LINE('',#5617,#5618);
#5617 = CARTESIAN_POINT('',(-7.4,-31.9,8.));
#5618 = VECTOR('',#5619,1.);
#5619 = DIRECTION('',(0.,1.,0.));
#5620 = ORIENTED_EDGE('',*,*,#5621,.F.);
#5621 = EDGE_CURVE('',#5589,#5612,#5622,.T.);
#5622 = CIRCLE('',#5623,3.216854249492);
#5623 = AXIS2_PLACEMENT_3D('',#5624,#5625,#5626);
#5624 = CARTESIAN_POINT('',(-8.,-16.,8.));
#5625 = DIRECTION('',(0.,0.,1.));
#5626 = DIRECTION('',(1.,0.,0.));
#5627 = ORIENTED_EDGE('',*,*,#5596,.T.);
#5628 = ORIENTED_EDGE('',*,*,#3488,.T.);
#5629 = ORIENTED_EDGE('',*,*,#5630,.F.);
#5630 = EDGE_CURVE('',#5631,#3481,#5633,.T.);
#5631 = VERTEX_POINT('',#5632);
#5632 = CARTESIAN_POINT('',(-4.83959634501,-8.6,8.));
#5633 = LINE('',#5634,#5635);
#5634 = CARTESIAN_POINT('',(-15.9,-8.6,8.));
#5635 = VECTOR('',#5636,1.);
#5636 = DIRECTION('',(1.,0.,0.));
#5637 = ORIENTED_EDGE('',*,*,#5638,.F.);
#5638 = EDGE_CURVE('',#5614,#5631,#5639,.T.);
#5639 = CIRCLE('',#5640,3.216854249492);
#5640 = AXIS2_PLACEMENT_3D('',#5641,#5642,#5643);
#5641 = CARTESIAN_POINT('',(-8.,-8.,8.));
#5642 = DIRECTION('',(0.,0.,1.));
#5643 = DIRECTION('',(1.,0.,0.));
#5644 = PLANE('',#5645);
#5645 = AXIS2_PLACEMENT_3D('',#5646,#5647,#5648);
#5646 = CARTESIAN_POINT('',(-1.426024955437,1.426024955437,8.));
#5647 = DIRECTION('',(0.,0.,1.));
#5648 = DIRECTION('',(1.,0.,0.));
#5649 = ADVANCED_FACE('',(#5650),#5668,.F.);
#5650 = FACE_BOUND('',#5651,.F.);
#5651 = EDGE_LOOP('',(#5652,#5660,#5666,#5667));
#5652 = ORIENTED_EDGE('',*,*,#5653,.F.);
#5653 = EDGE_CURVE('',#5654,#3473,#5656,.T.);
#5654 = VERTEX_POINT('',#5655);
#5655 = CARTESIAN_POINT('',(-4.83959634501,-8.6,6.8));
#5656 = LINE('',#5657,#5658);
#5657 = CARTESIAN_POINT('',(-15.9,-8.6,6.8));
#5658 = VECTOR('',#5659,1.);
#5659 = DIRECTION('',(1.,0.,0.));
#5660 = ORIENTED_EDGE('',*,*,#5661,.F.);
#5661 = EDGE_CURVE('',#5631,#5654,#5662,.T.);
#5662 = LINE('',#5663,#5664);
#5663 = CARTESIAN_POINT('',(-4.83959634501,-8.6,0.3));
#5664 = VECTOR('',#5665,1.);
#5665 = DIRECTION('',(-0.,-0.,-1.));
#5666 = ORIENTED_EDGE('',*,*,#5630,.T.);
#5667 = ORIENTED_EDGE('',*,*,#3480,.T.);
#5668 = PLANE('',#5669);
#5669 = AXIS2_PLACEMENT_3D('',#5670,#5671,#5672);
#5670 = CARTESIAN_POINT('',(-15.9,-8.6,6.8));
#5671 = DIRECTION('',(0.,1.,0.));
#5672 = DIRECTION('',(0.,0.,1.));
#5673 = ADVANCED_FACE('',(#5674),#5702,.T.);
#5674 = FACE_BOUND('',#5675,.T.);
#5675 = EDGE_LOOP('',(#5676,#5677,#5686,#5695,#5701));
#5676 = ORIENTED_EDGE('',*,*,#5653,.F.);
#5677 = ORIENTED_EDGE('',*,*,#5678,.F.);
#5678 = EDGE_CURVE('',#5679,#5654,#5681,.T.);
#5679 = VERTEX_POINT('',#5680);
#5680 = CARTESIAN_POINT('',(-4.783145750508,-8.,6.8));
#5681 = CIRCLE('',#5682,3.216854249492);
#5682 = AXIS2_PLACEMENT_3D('',#5683,#5684,#5685);
#5683 = CARTESIAN_POINT('',(-8.,-8.,6.8));
#5684 = DIRECTION('',(0.,0.,-1.));
#5685 = DIRECTION('',(1.,0.,0.));
#5686 = ORIENTED_EDGE('',*,*,#5687,.F.);
#5687 = EDGE_CURVE('',#5688,#5679,#5690,.T.);
#5688 = VERTEX_POINT('',#5689);
#5689 = CARTESIAN_POINT('',(-4.83959634501,-7.4,6.8));
#5690 = CIRCLE('',#5691,3.216854249492);
#5691 = AXIS2_PLACEMENT_3D('',#5692,#5693,#5694);
#5692 = CARTESIAN_POINT('',(-8.,-8.,6.8));
#5693 = DIRECTION('',(0.,0.,-1.));
#5694 = DIRECTION('',(1.,0.,0.));
#5695 = ORIENTED_EDGE('',*,*,#5696,.T.);
#5696 = EDGE_CURVE('',#5688,#3465,#5697,.T.);
#5697 = LINE('',#5698,#5699);
#5698 = CARTESIAN_POINT('',(-15.9,-7.4,6.8));
#5699 = VECTOR('',#5700,1.);
#5700 = DIRECTION('',(1.,0.,0.));
#5701 = ORIENTED_EDGE('',*,*,#3472,.T.);
#5702 = PLANE('',#5703);
#5703 = AXIS2_PLACEMENT_3D('',#5704,#5705,#5706);
#5704 = CARTESIAN_POINT('',(-7.422394985724E-16,9.366853390434E-16,6.8)
  );
#5705 = DIRECTION('',(-0.,-0.,-1.));
#5706 = DIRECTION('',(-1.,0.,0.));
#5707 = ADVANCED_FACE('',(#5708),#5726,.T.);
#5708 = FACE_BOUND('',#5709,.T.);
#5709 = EDGE_LOOP('',(#5710,#5711,#5719,#5725));
#5710 = ORIENTED_EDGE('',*,*,#5696,.F.);
#5711 = ORIENTED_EDGE('',*,*,#5712,.F.);
#5712 = EDGE_CURVE('',#5713,#5688,#5715,.T.);
#5713 = VERTEX_POINT('',#5714);
#5714 = CARTESIAN_POINT('',(-4.83959634501,-7.4,8.));
#5715 = LINE('',#5716,#5717);
#5716 = CARTESIAN_POINT('',(-4.83959634501,-7.4,0.3));
#5717 = VECTOR('',#5718,1.);
#5718 = DIRECTION('',(-0.,-0.,-1.));
#5719 = ORIENTED_EDGE('',*,*,#5720,.T.);
#5720 = EDGE_CURVE('',#5713,#3457,#5721,.T.);
#5721 = LINE('',#5722,#5723);
#5722 = CARTESIAN_POINT('',(-15.9,-7.4,8.));
#5723 = VECTOR('',#5724,1.);
#5724 = DIRECTION('',(1.,0.,0.));
#5725 = ORIENTED_EDGE('',*,*,#3464,.T.);
#5726 = PLANE('',#5727);
#5727 = AXIS2_PLACEMENT_3D('',#5728,#5729,#5730);
#5728 = CARTESIAN_POINT('',(-15.9,-7.4,6.8));
#5729 = DIRECTION('',(0.,1.,0.));
#5730 = DIRECTION('',(0.,0.,1.));
#5731 = ADVANCED_FACE('',(#5732),#5768,.F.);
#5732 = FACE_BOUND('',#5733,.F.);
#5733 = EDGE_LOOP('',(#5734,#5744,#5751,#5752,#5753,#5761));
#5734 = ORIENTED_EDGE('',*,*,#5735,.F.);
#5735 = EDGE_CURVE('',#5736,#5738,#5740,.T.);
#5736 = VERTEX_POINT('',#5737);
#5737 = CARTESIAN_POINT('',(-7.4,-4.839596345009,8.));
#5738 = VERTEX_POINT('',#5739);
#5739 = CARTESIAN_POINT('',(-7.4,-3.160403654991,8.));
#5740 = LINE('',#5741,#5742);
#5741 = CARTESIAN_POINT('',(-7.4,-31.9,8.));
#5742 = VECTOR('',#5743,1.);
#5743 = DIRECTION('',(0.,1.,0.));
#5744 = ORIENTED_EDGE('',*,*,#5745,.F.);
#5745 = EDGE_CURVE('',#5713,#5736,#5746,.T.);
#5746 = CIRCLE('',#5747,3.216854249492);
#5747 = AXIS2_PLACEMENT_3D('',#5748,#5749,#5750);
#5748 = CARTESIAN_POINT('',(-8.,-8.,8.));
#5749 = DIRECTION('',(0.,0.,1.));
#5750 = DIRECTION('',(1.,0.,0.));
#5751 = ORIENTED_EDGE('',*,*,#5720,.T.);
#5752 = ORIENTED_EDGE('',*,*,#3456,.T.);
#5753 = ORIENTED_EDGE('',*,*,#5754,.F.);
#5754 = EDGE_CURVE('',#5755,#3449,#5757,.T.);
#5755 = VERTEX_POINT('',#5756);
#5756 = CARTESIAN_POINT('',(-4.83959634501,-0.6,8.));
#5757 = LINE('',#5758,#5759);
#5758 = CARTESIAN_POINT('',(-15.9,-0.6,8.));
#5759 = VECTOR('',#5760,1.);
#5760 = DIRECTION('',(1.,0.,0.));
#5761 = ORIENTED_EDGE('',*,*,#5762,.F.);
#5762 = EDGE_CURVE('',#5738,#5755,#5763,.T.);
#5763 = CIRCLE('',#5764,3.216854249492);
#5764 = AXIS2_PLACEMENT_3D('',#5765,#5766,#5767);
#5765 = CARTESIAN_POINT('',(-8.,0.,8.));
#5766 = DIRECTION('',(0.,0.,1.));
#5767 = DIRECTION('',(1.,0.,0.));
#5768 = PLANE('',#5769);
#5769 = AXIS2_PLACEMENT_3D('',#5770,#5771,#5772);
#5770 = CARTESIAN_POINT('',(-1.426024955437,1.426024955437,8.));
#5771 = DIRECTION('',(0.,0.,1.));
#5772 = DIRECTION('',(1.,0.,0.));
#5773 = ADVANCED_FACE('',(#5774),#5792,.F.);
#5774 = FACE_BOUND('',#5775,.F.);
#5775 = EDGE_LOOP('',(#5776,#5784,#5790,#5791));
#5776 = ORIENTED_EDGE('',*,*,#5777,.F.);
#5777 = EDGE_CURVE('',#5778,#3441,#5780,.T.);
#5778 = VERTEX_POINT('',#5779);
#5779 = CARTESIAN_POINT('',(-4.83959634501,-0.6,6.8));
#5780 = LINE('',#5781,#5782);
#5781 = CARTESIAN_POINT('',(-15.9,-0.6,6.8));
#5782 = VECTOR('',#5783,1.);
#5783 = DIRECTION('',(1.,0.,0.));
#5784 = ORIENTED_EDGE('',*,*,#5785,.F.);
#5785 = EDGE_CURVE('',#5755,#5778,#5786,.T.);
#5786 = LINE('',#5787,#5788);
#5787 = CARTESIAN_POINT('',(-4.83959634501,-0.6,0.3));
#5788 = VECTOR('',#5789,1.);
#5789 = DIRECTION('',(-0.,-0.,-1.));
#5790 = ORIENTED_EDGE('',*,*,#5754,.T.);
#5791 = ORIENTED_EDGE('',*,*,#3448,.T.);
#5792 = PLANE('',#5793);
#5793 = AXIS2_PLACEMENT_3D('',#5794,#5795,#5796);
#5794 = CARTESIAN_POINT('',(-15.9,-0.6,6.8));
#5795 = DIRECTION('',(0.,1.,0.));
#5796 = DIRECTION('',(0.,0.,1.));
#5797 = ADVANCED_FACE('',(#5798),#5826,.T.);
#5798 = FACE_BOUND('',#5799,.T.);
#5799 = EDGE_LOOP('',(#5800,#5801,#5810,#5819,#5825));
#5800 = ORIENTED_EDGE('',*,*,#5777,.F.);
#5801 = ORIENTED_EDGE('',*,*,#5802,.F.);
#5802 = EDGE_CURVE('',#5803,#5778,#5805,.T.);
#5803 = VERTEX_POINT('',#5804);
#5804 = CARTESIAN_POINT('',(-4.783145750508,-7.879020519929E-16,6.8));
#5805 = CIRCLE('',#5806,3.216854249492);
#5806 = AXIS2_PLACEMENT_3D('',#5807,#5808,#5809);
#5807 = CARTESIAN_POINT('',(-8.,0.,6.8));
#5808 = DIRECTION('',(0.,0.,-1.));
#5809 = DIRECTION('',(1.,0.,0.));
#5810 = ORIENTED_EDGE('',*,*,#5811,.F.);
#5811 = EDGE_CURVE('',#5812,#5803,#5814,.T.);
#5812 = VERTEX_POINT('',#5813);
#5813 = CARTESIAN_POINT('',(-4.83959634501,0.6,6.8));
#5814 = CIRCLE('',#5815,3.216854249492);
#5815 = AXIS2_PLACEMENT_3D('',#5816,#5817,#5818);
#5816 = CARTESIAN_POINT('',(-8.,0.,6.8));
#5817 = DIRECTION('',(0.,0.,-1.));
#5818 = DIRECTION('',(1.,0.,0.));
#5819 = ORIENTED_EDGE('',*,*,#5820,.T.);
#5820 = EDGE_CURVE('',#5812,#3433,#5821,.T.);
#5821 = LINE('',#5822,#5823);
#5822 = CARTESIAN_POINT('',(-15.9,0.6,6.8));
#5823 = VECTOR('',#5824,1.);
#5824 = DIRECTION('',(1.,0.,0.));
#5825 = ORIENTED_EDGE('',*,*,#3440,.T.);
#5826 = PLANE('',#5827);
#5827 = AXIS2_PLACEMENT_3D('',#5828,#5829,#5830);
#5828 = CARTESIAN_POINT('',(-7.422394985724E-16,9.366853390434E-16,6.8)
  );
#5829 = DIRECTION('',(-0.,-0.,-1.));
#5830 = DIRECTION('',(-1.,0.,0.));
#5831 = ADVANCED_FACE('',(#5832),#5843,.T.);
#5832 = FACE_BOUND('',#5833,.T.);
#5833 = EDGE_LOOP('',(#5834,#5835,#5841,#5842));
#5834 = ORIENTED_EDGE('',*,*,#5820,.F.);
#5835 = ORIENTED_EDGE('',*,*,#5836,.F.);
#5836 = EDGE_CURVE('',#5323,#5812,#5837,.T.);
#5837 = LINE('',#5838,#5839);
#5838 = CARTESIAN_POINT('',(-4.83959634501,0.6,0.3));
#5839 = VECTOR('',#5840,1.);
#5840 = DIRECTION('',(-0.,-0.,-1.));
#5841 = ORIENTED_EDGE('',*,*,#5331,.T.);
#5842 = ORIENTED_EDGE('',*,*,#3432,.T.);
#5843 = PLANE('',#5844);
#5844 = AXIS2_PLACEMENT_3D('',#5845,#5846,#5847);
#5845 = CARTESIAN_POINT('',(-15.9,0.6,6.8));
#5846 = DIRECTION('',(0.,1.,0.));
#5847 = DIRECTION('',(0.,0.,1.));
#5848 = ADVANCED_FACE('',(#5849),#5867,.T.);
#5849 = FACE_BOUND('',#5850,.T.);
#5850 = EDGE_LOOP('',(#5851,#5852,#5853,#5861));
#5851 = ORIENTED_EDGE('',*,*,#5372,.F.);
#5852 = ORIENTED_EDGE('',*,*,#3592,.F.);
#5853 = ORIENTED_EDGE('',*,*,#5854,.T.);
#5854 = EDGE_CURVE('',#3585,#5855,#5857,.T.);
#5855 = VERTEX_POINT('',#5856);
#5856 = CARTESIAN_POINT('',(-7.4,-27.16040365499,6.8));
#5857 = LINE('',#5858,#5859);
#5858 = CARTESIAN_POINT('',(-7.4,-31.9,6.8));
#5859 = VECTOR('',#5860,1.);
#5860 = DIRECTION('',(0.,1.,0.));
#5861 = ORIENTED_EDGE('',*,*,#5862,.F.);
#5862 = EDGE_CURVE('',#5373,#5855,#5863,.T.);
#5863 = LINE('',#5864,#5865);
#5864 = CARTESIAN_POINT('',(-7.4,-27.16040365499,0.3));
#5865 = VECTOR('',#5866,1.);
#5866 = DIRECTION('',(-0.,-0.,-1.));
#5867 = PLANE('',#5868);
#5868 = AXIS2_PLACEMENT_3D('',#5869,#5870,#5871);
#5869 = CARTESIAN_POINT('',(-7.4,-31.9,6.8));
#5870 = DIRECTION('',(1.,0.,0.));
#5871 = DIRECTION('',(0.,0.,1.));
#5872 = ADVANCED_FACE('',(#5873),#5892,.T.);
#5873 = FACE_BOUND('',#5874,.T.);
#5874 = EDGE_LOOP('',(#5875,#5876,#5884,#5891));
#5875 = ORIENTED_EDGE('',*,*,#3584,.F.);
#5876 = ORIENTED_EDGE('',*,*,#5877,.T.);
#5877 = EDGE_CURVE('',#3577,#5878,#5880,.T.);
#5878 = VERTEX_POINT('',#5879);
#5879 = CARTESIAN_POINT('',(-8.6,-27.16040365499,6.8));
#5880 = LINE('',#5881,#5882);
#5881 = CARTESIAN_POINT('',(-8.6,-31.9,6.8));
#5882 = VECTOR('',#5883,1.);
#5883 = DIRECTION('',(0.,1.,0.));
#5884 = ORIENTED_EDGE('',*,*,#5885,.F.);
#5885 = EDGE_CURVE('',#5855,#5878,#5886,.T.);
#5886 = CIRCLE('',#5887,3.216854249492);
#5887 = AXIS2_PLACEMENT_3D('',#5888,#5889,#5890);
#5888 = CARTESIAN_POINT('',(-8.,-24.,6.8));
#5889 = DIRECTION('',(0.,0.,-1.));
#5890 = DIRECTION('',(1.,0.,0.));
#5891 = ORIENTED_EDGE('',*,*,#5854,.F.);
#5892 = PLANE('',#5893);
#5893 = AXIS2_PLACEMENT_3D('',#5894,#5895,#5896);
#5894 = CARTESIAN_POINT('',(-7.422394985724E-16,9.366853390434E-16,6.8)
  );
#5895 = DIRECTION('',(-0.,-0.,-1.));
#5896 = DIRECTION('',(-1.,0.,0.));
#5897 = ADVANCED_FACE('',(#5898),#5909,.F.);
#5898 = FACE_BOUND('',#5899,.F.);
#5899 = EDGE_LOOP('',(#5900,#5901,#5902,#5903));
#5900 = ORIENTED_EDGE('',*,*,#4183,.F.);
#5901 = ORIENTED_EDGE('',*,*,#3576,.F.);
#5902 = ORIENTED_EDGE('',*,*,#5877,.T.);
#5903 = ORIENTED_EDGE('',*,*,#5904,.F.);
#5904 = EDGE_CURVE('',#4184,#5878,#5905,.T.);
#5905 = LINE('',#5906,#5907);
#5906 = CARTESIAN_POINT('',(-8.6,-27.16040365499,0.3));
#5907 = VECTOR('',#5908,1.);
#5908 = DIRECTION('',(-0.,-0.,-1.));
#5909 = PLANE('',#5910);
#5910 = AXIS2_PLACEMENT_3D('',#5911,#5912,#5913);
#5911 = CARTESIAN_POINT('',(-8.6,-31.9,6.8));
#5912 = DIRECTION('',(1.,0.,0.));
#5913 = DIRECTION('',(0.,0.,1.));
#5914 = ADVANCED_FACE('',(#5915),#5998,.T.);
#5915 = FACE_BOUND('',#5916,.F.);
#5916 = EDGE_LOOP('',(#5917,#5926,#5934,#5943,#5949,#5950,#5951,#5952,
    #5953,#5954,#5955,#5956,#5957,#5958,#5966,#5975,#5981,#5982,#5990,
    #5997));
#5917 = ORIENTED_EDGE('',*,*,#5918,.F.);
#5918 = EDGE_CURVE('',#5919,#5919,#5921,.T.);
#5919 = VERTEX_POINT('',#5920);
#5920 = CARTESIAN_POINT('',(-4.783145750508,8.,0.3));
#5921 = CIRCLE('',#5922,3.216854249492);
#5922 = AXIS2_PLACEMENT_3D('',#5923,#5924,#5925);
#5923 = CARTESIAN_POINT('',(-8.,8.,0.3));
#5924 = DIRECTION('',(0.,0.,1.));
#5925 = DIRECTION('',(1.,0.,0.));
#5926 = ORIENTED_EDGE('',*,*,#5927,.T.);
#5927 = EDGE_CURVE('',#5919,#5928,#5930,.T.);
#5928 = VERTEX_POINT('',#5929);
#5929 = CARTESIAN_POINT('',(-4.783145750508,8.,6.8));
#5930 = LINE('',#5931,#5932);
#5931 = CARTESIAN_POINT('',(-4.783145750508,8.,0.3));
#5932 = VECTOR('',#5933,1.);
#5933 = DIRECTION('',(0.,0.,1.));
#5934 = ORIENTED_EDGE('',*,*,#5935,.F.);
#5935 = EDGE_CURVE('',#5936,#5928,#5938,.T.);
#5936 = VERTEX_POINT('',#5937);
#5937 = CARTESIAN_POINT('',(-4.83959634501,8.6,6.8));
#5938 = CIRCLE('',#5939,3.216854249492);
#5939 = AXIS2_PLACEMENT_3D('',#5940,#5941,#5942);
#5940 = CARTESIAN_POINT('',(-8.,8.,6.8));
#5941 = DIRECTION('',(0.,0.,-1.));
#5942 = DIRECTION('',(1.,0.,0.));
#5943 = ORIENTED_EDGE('',*,*,#5944,.F.);
#5944 = EDGE_CURVE('',#4357,#5936,#5945,.T.);
#5945 = LINE('',#5946,#5947);
#5946 = CARTESIAN_POINT('',(-4.83959634501,8.6,0.3));
#5947 = VECTOR('',#5948,1.);
#5948 = DIRECTION('',(-0.,-0.,-1.));
#5949 = ORIENTED_EDGE('',*,*,#4356,.T.);
#5950 = ORIENTED_EDGE('',*,*,#4390,.T.);
#5951 = ORIENTED_EDGE('',*,*,#4413,.F.);
#5952 = ORIENTED_EDGE('',*,*,#4439,.F.);
#5953 = ORIENTED_EDGE('',*,*,#3624,.T.);
#5954 = ORIENTED_EDGE('',*,*,#3658,.T.);
#5955 = ORIENTED_EDGE('',*,*,#3672,.F.);
#5956 = ORIENTED_EDGE('',*,*,#3707,.F.);
#5957 = ORIENTED_EDGE('',*,*,#3747,.T.);
#5958 = ORIENTED_EDGE('',*,*,#5959,.T.);
#5959 = EDGE_CURVE('',#3740,#5960,#5962,.T.);
#5960 = VERTEX_POINT('',#5961);
#5961 = CARTESIAN_POINT('',(-8.6,4.83959634501,6.8));
#5962 = LINE('',#5963,#5964);
#5963 = CARTESIAN_POINT('',(-8.6,4.83959634501,0.3));
#5964 = VECTOR('',#5965,1.);
#5965 = DIRECTION('',(-0.,-0.,-1.));
#5966 = ORIENTED_EDGE('',*,*,#5967,.F.);
#5967 = EDGE_CURVE('',#5968,#5960,#5970,.T.);
#5968 = VERTEX_POINT('',#5969);
#5969 = CARTESIAN_POINT('',(-7.4,4.83959634501,6.8));
#5970 = CIRCLE('',#5971,3.216854249492);
#5971 = AXIS2_PLACEMENT_3D('',#5972,#5973,#5974);
#5972 = CARTESIAN_POINT('',(-8.,8.,6.8));
#5973 = DIRECTION('',(0.,0.,-1.));
#5974 = DIRECTION('',(1.,0.,0.));
#5975 = ORIENTED_EDGE('',*,*,#5976,.F.);
#5976 = EDGE_CURVE('',#5315,#5968,#5977,.T.);
#5977 = LINE('',#5978,#5979);
#5978 = CARTESIAN_POINT('',(-7.4,4.83959634501,0.3));
#5979 = VECTOR('',#5980,1.);
#5980 = DIRECTION('',(-0.,-0.,-1.));
#5981 = ORIENTED_EDGE('',*,*,#5357,.T.);
#5982 = ORIENTED_EDGE('',*,*,#5983,.T.);
#5983 = EDGE_CURVE('',#5350,#5984,#5986,.T.);
#5984 = VERTEX_POINT('',#5985);
#5985 = CARTESIAN_POINT('',(-4.83959634501,7.4,6.8));
#5986 = LINE('',#5987,#5988);
#5987 = CARTESIAN_POINT('',(-4.83959634501,7.4,0.3));
#5988 = VECTOR('',#5989,1.);
#5989 = DIRECTION('',(-0.,-0.,-1.));
#5990 = ORIENTED_EDGE('',*,*,#5991,.F.);
#5991 = EDGE_CURVE('',#5928,#5984,#5992,.T.);
#5992 = CIRCLE('',#5993,3.216854249492);
#5993 = AXIS2_PLACEMENT_3D('',#5994,#5995,#5996);
#5994 = CARTESIAN_POINT('',(-8.,8.,6.8));
#5995 = DIRECTION('',(0.,0.,-1.));
#5996 = DIRECTION('',(1.,0.,0.));
#5997 = ORIENTED_EDGE('',*,*,#5927,.F.);
#5998 = CYLINDRICAL_SURFACE('',#5999,3.216854249492);
#5999 = AXIS2_PLACEMENT_3D('',#6000,#6001,#6002);
#6000 = CARTESIAN_POINT('',(-8.,8.,0.3));
#6001 = DIRECTION('',(-0.,-0.,-1.));
#6002 = DIRECTION('',(1.,0.,0.));
#6003 = ADVANCED_FACE('',(#6004),#6022,.F.);
#6004 = FACE_BOUND('',#6005,.F.);
#6005 = EDGE_LOOP('',(#6006,#6007,#6015,#6021));
#6006 = ORIENTED_EDGE('',*,*,#3739,.F.);
#6007 = ORIENTED_EDGE('',*,*,#6008,.T.);
#6008 = EDGE_CURVE('',#3731,#6009,#6011,.T.);
#6009 = VERTEX_POINT('',#6010);
#6010 = CARTESIAN_POINT('',(-8.6,3.16040365499,6.8));
#6011 = LINE('',#6012,#6013);
#6012 = CARTESIAN_POINT('',(-8.6,3.16040365499,0.3));
#6013 = VECTOR('',#6014,1.);
#6014 = DIRECTION('',(-0.,-0.,-1.));
#6015 = ORIENTED_EDGE('',*,*,#6016,.T.);
#6016 = EDGE_CURVE('',#6009,#5960,#6017,.T.);
#6017 = LINE('',#6018,#6019);
#6018 = CARTESIAN_POINT('',(-8.6,-31.9,6.8));
#6019 = VECTOR('',#6020,1.);
#6020 = DIRECTION('',(0.,1.,0.));
#6021 = ORIENTED_EDGE('',*,*,#5959,.F.);
#6022 = PLANE('',#6023);
#6023 = AXIS2_PLACEMENT_3D('',#6024,#6025,#6026);
#6024 = CARTESIAN_POINT('',(-8.6,-31.9,6.8));
#6025 = DIRECTION('',(1.,0.,0.));
#6026 = DIRECTION('',(0.,0.,1.));
#6027 = ADVANCED_FACE('',(#6028),#6096,.T.);
#6028 = FACE_BOUND('',#6029,.F.);
#6029 = EDGE_LOOP('',(#6030,#6039,#6045,#6046,#6047,#6048,#6056,#6063,
    #6064,#6065,#6066,#6067,#6068,#6069,#6077,#6086,#6092,#6093,#6094,
    #6095));
#6030 = ORIENTED_EDGE('',*,*,#6031,.F.);
#6031 = EDGE_CURVE('',#6032,#6032,#6034,.T.);
#6032 = VERTEX_POINT('',#6033);
#6033 = CARTESIAN_POINT('',(-4.783145750508,-7.879020519929E-16,0.3));
#6034 = CIRCLE('',#6035,3.216854249492);
#6035 = AXIS2_PLACEMENT_3D('',#6036,#6037,#6038);
#6036 = CARTESIAN_POINT('',(-8.,0.,0.3));
#6037 = DIRECTION('',(0.,0.,1.));
#6038 = DIRECTION('',(1.,0.,0.));
#6039 = ORIENTED_EDGE('',*,*,#6040,.T.);
#6040 = EDGE_CURVE('',#6032,#5803,#6041,.T.);
#6041 = LINE('',#6042,#6043);
#6042 = CARTESIAN_POINT('',(-4.783145750508,-7.879020519929E-16,0.3));
#6043 = VECTOR('',#6044,1.);
#6044 = DIRECTION('',(0.,0.,1.));
#6045 = ORIENTED_EDGE('',*,*,#5811,.F.);
#6046 = ORIENTED_EDGE('',*,*,#5836,.F.);
#6047 = ORIENTED_EDGE('',*,*,#5322,.T.);
#6048 = ORIENTED_EDGE('',*,*,#6049,.T.);
#6049 = EDGE_CURVE('',#5313,#6050,#6052,.T.);
#6050 = VERTEX_POINT('',#6051);
#6051 = CARTESIAN_POINT('',(-7.4,3.16040365499,6.8));
#6052 = LINE('',#6053,#6054);
#6053 = CARTESIAN_POINT('',(-7.4,3.16040365499,0.3));
#6054 = VECTOR('',#6055,1.);
#6055 = DIRECTION('',(-0.,-0.,-1.));
#6056 = ORIENTED_EDGE('',*,*,#6057,.F.);
#6057 = EDGE_CURVE('',#6009,#6050,#6058,.T.);
#6058 = CIRCLE('',#6059,3.216854249492);
#6059 = AXIS2_PLACEMENT_3D('',#6060,#6061,#6062);
#6060 = CARTESIAN_POINT('',(-8.,0.,6.8));
#6061 = DIRECTION('',(0.,0.,-1.));
#6062 = DIRECTION('',(1.,0.,0.));
#6063 = ORIENTED_EDGE('',*,*,#6008,.F.);
#6064 = ORIENTED_EDGE('',*,*,#3730,.T.);
#6065 = ORIENTED_EDGE('',*,*,#3773,.T.);
#6066 = ORIENTED_EDGE('',*,*,#3787,.F.);
#6067 = ORIENTED_EDGE('',*,*,#3822,.F.);
#6068 = ORIENTED_EDGE('',*,*,#3862,.T.);
#6069 = ORIENTED_EDGE('',*,*,#6070,.T.);
#6070 = EDGE_CURVE('',#3855,#6071,#6073,.T.);
#6071 = VERTEX_POINT('',#6072);
#6072 = CARTESIAN_POINT('',(-8.6,-3.16040365499,6.8));
#6073 = LINE('',#6074,#6075);
#6074 = CARTESIAN_POINT('',(-8.6,-3.16040365499,0.3));
#6075 = VECTOR('',#6076,1.);
#6076 = DIRECTION('',(-0.,-0.,-1.));
#6077 = ORIENTED_EDGE('',*,*,#6078,.F.);
#6078 = EDGE_CURVE('',#6079,#6071,#6081,.T.);
#6079 = VERTEX_POINT('',#6080);
#6080 = CARTESIAN_POINT('',(-7.4,-3.16040365499,6.8));
#6081 = CIRCLE('',#6082,3.216854249492);
#6082 = AXIS2_PLACEMENT_3D('',#6083,#6084,#6085);
#6083 = CARTESIAN_POINT('',(-8.,0.,6.8));
#6084 = DIRECTION('',(0.,0.,-1.));
#6085 = DIRECTION('',(1.,0.,0.));
#6086 = ORIENTED_EDGE('',*,*,#6087,.F.);
#6087 = EDGE_CURVE('',#5738,#6079,#6088,.T.);
#6088 = LINE('',#6089,#6090);
#6089 = CARTESIAN_POINT('',(-7.4,-3.16040365499,0.3));
#6090 = VECTOR('',#6091,1.);
#6091 = DIRECTION('',(-0.,-0.,-1.));
#6092 = ORIENTED_EDGE('',*,*,#5762,.T.);
#6093 = ORIENTED_EDGE('',*,*,#5785,.T.);
#6094 = ORIENTED_EDGE('',*,*,#5802,.F.);
#6095 = ORIENTED_EDGE('',*,*,#6040,.F.);
#6096 = CYLINDRICAL_SURFACE('',#6097,3.216854249492);
#6097 = AXIS2_PLACEMENT_3D('',#6098,#6099,#6100);
#6098 = CARTESIAN_POINT('',(-8.,0.,0.3));
#6099 = DIRECTION('',(-0.,-0.,-1.));
#6100 = DIRECTION('',(1.,0.,0.));
#6101 = ADVANCED_FACE('',(#6102),#6120,.F.);
#6102 = FACE_BOUND('',#6103,.F.);
#6103 = EDGE_LOOP('',(#6104,#6105,#6113,#6119));
#6104 = ORIENTED_EDGE('',*,*,#3854,.F.);
#6105 = ORIENTED_EDGE('',*,*,#6106,.T.);
#6106 = EDGE_CURVE('',#3846,#6107,#6109,.T.);
#6107 = VERTEX_POINT('',#6108);
#6108 = CARTESIAN_POINT('',(-8.6,-4.83959634501,6.8));
#6109 = LINE('',#6110,#6111);
#6110 = CARTESIAN_POINT('',(-8.6,-4.83959634501,0.3));
#6111 = VECTOR('',#6112,1.);
#6112 = DIRECTION('',(-0.,-0.,-1.));
#6113 = ORIENTED_EDGE('',*,*,#6114,.T.);
#6114 = EDGE_CURVE('',#6107,#6071,#6115,.T.);
#6115 = LINE('',#6116,#6117);
#6116 = CARTESIAN_POINT('',(-8.6,-31.9,6.8));
#6117 = VECTOR('',#6118,1.);
#6118 = DIRECTION('',(0.,1.,0.));
#6119 = ORIENTED_EDGE('',*,*,#6070,.F.);
#6120 = PLANE('',#6121);
#6121 = AXIS2_PLACEMENT_3D('',#6122,#6123,#6124);
#6122 = CARTESIAN_POINT('',(-8.6,-31.9,6.8));
#6123 = DIRECTION('',(1.,0.,0.));
#6124 = DIRECTION('',(0.,0.,1.));
#6125 = ADVANCED_FACE('',(#6126),#6194,.T.);
#6126 = FACE_BOUND('',#6127,.F.);
#6127 = EDGE_LOOP('',(#6128,#6137,#6143,#6144,#6145,#6146,#6154,#6161,
    #6162,#6163,#6164,#6165,#6166,#6167,#6175,#6184,#6190,#6191,#6192,
    #6193));
#6128 = ORIENTED_EDGE('',*,*,#6129,.F.);
#6129 = EDGE_CURVE('',#6130,#6130,#6132,.T.);
#6130 = VERTEX_POINT('',#6131);
#6131 = CARTESIAN_POINT('',(-4.783145750508,-8.,0.3));
#6132 = CIRCLE('',#6133,3.216854249492);
#6133 = AXIS2_PLACEMENT_3D('',#6134,#6135,#6136);
#6134 = CARTESIAN_POINT('',(-8.,-8.,0.3));
#6135 = DIRECTION('',(0.,0.,1.));
#6136 = DIRECTION('',(1.,0.,0.));
#6137 = ORIENTED_EDGE('',*,*,#6138,.T.);
#6138 = EDGE_CURVE('',#6130,#5679,#6139,.T.);
#6139 = LINE('',#6140,#6141);
#6140 = CARTESIAN_POINT('',(-4.783145750508,-8.,0.3));
#6141 = VECTOR('',#6142,1.);
#6142 = DIRECTION('',(0.,0.,1.));
#6143 = ORIENTED_EDGE('',*,*,#5687,.F.);
#6144 = ORIENTED_EDGE('',*,*,#5712,.F.);
#6145 = ORIENTED_EDGE('',*,*,#5745,.T.);
#6146 = ORIENTED_EDGE('',*,*,#6147,.T.);
#6147 = EDGE_CURVE('',#5736,#6148,#6150,.T.);
#6148 = VERTEX_POINT('',#6149);
#6149 = CARTESIAN_POINT('',(-7.4,-4.83959634501,6.8));
#6150 = LINE('',#6151,#6152);
#6151 = CARTESIAN_POINT('',(-7.4,-4.83959634501,0.3));
#6152 = VECTOR('',#6153,1.);
#6153 = DIRECTION('',(-0.,-0.,-1.));
#6154 = ORIENTED_EDGE('',*,*,#6155,.F.);
#6155 = EDGE_CURVE('',#6107,#6148,#6156,.T.);
#6156 = CIRCLE('',#6157,3.216854249492);
#6157 = AXIS2_PLACEMENT_3D('',#6158,#6159,#6160);
#6158 = CARTESIAN_POINT('',(-8.,-8.,6.8));
#6159 = DIRECTION('',(0.,0.,-1.));
#6160 = DIRECTION('',(1.,0.,0.));
#6161 = ORIENTED_EDGE('',*,*,#6106,.F.);
#6162 = ORIENTED_EDGE('',*,*,#3845,.T.);
#6163 = ORIENTED_EDGE('',*,*,#3888,.T.);
#6164 = ORIENTED_EDGE('',*,*,#3902,.F.);
#6165 = ORIENTED_EDGE('',*,*,#3937,.F.);
#6166 = ORIENTED_EDGE('',*,*,#3977,.T.);
#6167 = ORIENTED_EDGE('',*,*,#6168,.T.);
#6168 = EDGE_CURVE('',#3970,#6169,#6171,.T.);
#6169 = VERTEX_POINT('',#6170);
#6170 = CARTESIAN_POINT('',(-8.6,-11.16040365499,6.8));
#6171 = LINE('',#6172,#6173);
#6172 = CARTESIAN_POINT('',(-8.6,-11.16040365499,0.3));
#6173 = VECTOR('',#6174,1.);
#6174 = DIRECTION('',(-0.,-0.,-1.));
#6175 = ORIENTED_EDGE('',*,*,#6176,.F.);
#6176 = EDGE_CURVE('',#6177,#6169,#6179,.T.);
#6177 = VERTEX_POINT('',#6178);
#6178 = CARTESIAN_POINT('',(-7.4,-11.16040365499,6.8));
#6179 = CIRCLE('',#6180,3.216854249492);
#6180 = AXIS2_PLACEMENT_3D('',#6181,#6182,#6183);
#6181 = CARTESIAN_POINT('',(-8.,-8.,6.8));
#6182 = DIRECTION('',(0.,0.,-1.));
#6183 = DIRECTION('',(1.,0.,0.));
#6184 = ORIENTED_EDGE('',*,*,#6185,.F.);
#6185 = EDGE_CURVE('',#5614,#6177,#6186,.T.);
#6186 = LINE('',#6187,#6188);
#6187 = CARTESIAN_POINT('',(-7.4,-11.16040365499,0.3));
#6188 = VECTOR('',#6189,1.);
#6189 = DIRECTION('',(-0.,-0.,-1.));
#6190 = ORIENTED_EDGE('',*,*,#5638,.T.);
#6191 = ORIENTED_EDGE('',*,*,#5661,.T.);
#6192 = ORIENTED_EDGE('',*,*,#5678,.F.);
#6193 = ORIENTED_EDGE('',*,*,#6138,.F.);
#6194 = CYLINDRICAL_SURFACE('',#6195,3.216854249492);
#6195 = AXIS2_PLACEMENT_3D('',#6196,#6197,#6198);
#6196 = CARTESIAN_POINT('',(-8.,-8.,0.3));
#6197 = DIRECTION('',(-0.,-0.,-1.));
#6198 = DIRECTION('',(1.,0.,0.));
#6199 = ADVANCED_FACE('',(#6200),#6218,.F.);
#6200 = FACE_BOUND('',#6201,.F.);
#6201 = EDGE_LOOP('',(#6202,#6203,#6211,#6217));
#6202 = ORIENTED_EDGE('',*,*,#3969,.F.);
#6203 = ORIENTED_EDGE('',*,*,#6204,.T.);
#6204 = EDGE_CURVE('',#3961,#6205,#6207,.T.);
#6205 = VERTEX_POINT('',#6206);
#6206 = CARTESIAN_POINT('',(-8.6,-12.83959634501,6.8));
#6207 = LINE('',#6208,#6209);
#6208 = CARTESIAN_POINT('',(-8.6,-12.83959634501,0.3));
#6209 = VECTOR('',#6210,1.);
#6210 = DIRECTION('',(-0.,-0.,-1.));
#6211 = ORIENTED_EDGE('',*,*,#6212,.T.);
#6212 = EDGE_CURVE('',#6205,#6169,#6213,.T.);
#6213 = LINE('',#6214,#6215);
#6214 = CARTESIAN_POINT('',(-8.6,-31.9,6.8));
#6215 = VECTOR('',#6216,1.);
#6216 = DIRECTION('',(0.,1.,0.));
#6217 = ORIENTED_EDGE('',*,*,#6168,.F.);
#6218 = PLANE('',#6219);
#6219 = AXIS2_PLACEMENT_3D('',#6220,#6221,#6222);
#6220 = CARTESIAN_POINT('',(-8.6,-31.9,6.8));
#6221 = DIRECTION('',(1.,0.,0.));
#6222 = DIRECTION('',(0.,0.,1.));
#6223 = ADVANCED_FACE('',(#6224),#6292,.T.);
#6224 = FACE_BOUND('',#6225,.F.);
#6225 = EDGE_LOOP('',(#6226,#6235,#6241,#6242,#6243,#6244,#6252,#6259,
    #6260,#6261,#6262,#6263,#6264,#6265,#6273,#6282,#6288,#6289,#6290,
    #6291));
#6226 = ORIENTED_EDGE('',*,*,#6227,.F.);
#6227 = EDGE_CURVE('',#6228,#6228,#6230,.T.);
#6228 = VERTEX_POINT('',#6229);
#6229 = CARTESIAN_POINT('',(-4.783145750508,-16.,0.3));
#6230 = CIRCLE('',#6231,3.216854249492);
#6231 = AXIS2_PLACEMENT_3D('',#6232,#6233,#6234);
#6232 = CARTESIAN_POINT('',(-8.,-16.,0.3));
#6233 = DIRECTION('',(0.,0.,1.));
#6234 = DIRECTION('',(1.,0.,0.));
#6235 = ORIENTED_EDGE('',*,*,#6236,.T.);
#6236 = EDGE_CURVE('',#6228,#5555,#6237,.T.);
#6237 = LINE('',#6238,#6239);
#6238 = CARTESIAN_POINT('',(-4.783145750508,-16.,0.3));
#6239 = VECTOR('',#6240,1.);
#6240 = DIRECTION('',(0.,0.,1.));
#6241 = ORIENTED_EDGE('',*,*,#5563,.F.);
#6242 = ORIENTED_EDGE('',*,*,#5588,.F.);
#6243 = ORIENTED_EDGE('',*,*,#5621,.T.);
#6244 = ORIENTED_EDGE('',*,*,#6245,.T.);
#6245 = EDGE_CURVE('',#5612,#6246,#6248,.T.);
#6246 = VERTEX_POINT('',#6247);
#6247 = CARTESIAN_POINT('',(-7.4,-12.83959634501,6.8));
#6248 = LINE('',#6249,#6250);
#6249 = CARTESIAN_POINT('',(-7.4,-12.83959634501,0.3));
#6250 = VECTOR('',#6251,1.);
#6251 = DIRECTION('',(-0.,-0.,-1.));
#6252 = ORIENTED_EDGE('',*,*,#6253,.F.);
#6253 = EDGE_CURVE('',#6205,#6246,#6254,.T.);
#6254 = CIRCLE('',#6255,3.216854249492);
#6255 = AXIS2_PLACEMENT_3D('',#6256,#6257,#6258);
#6256 = CARTESIAN_POINT('',(-8.,-16.,6.8));
#6257 = DIRECTION('',(0.,0.,-1.));
#6258 = DIRECTION('',(1.,0.,0.));
#6259 = ORIENTED_EDGE('',*,*,#6204,.F.);
#6260 = ORIENTED_EDGE('',*,*,#3960,.T.);
#6261 = ORIENTED_EDGE('',*,*,#4003,.T.);
#6262 = ORIENTED_EDGE('',*,*,#4017,.F.);
#6263 = ORIENTED_EDGE('',*,*,#4052,.F.);
#6264 = ORIENTED_EDGE('',*,*,#4092,.T.);
#6265 = ORIENTED_EDGE('',*,*,#6266,.T.);
#6266 = EDGE_CURVE('',#4085,#6267,#6269,.T.);
#6267 = VERTEX_POINT('',#6268);
#6268 = CARTESIAN_POINT('',(-8.6,-19.16040365499,6.8));
#6269 = LINE('',#6270,#6271);
#6270 = CARTESIAN_POINT('',(-8.6,-19.16040365499,0.3));
#6271 = VECTOR('',#6272,1.);
#6272 = DIRECTION('',(-0.,-0.,-1.));
#6273 = ORIENTED_EDGE('',*,*,#6274,.F.);
#6274 = EDGE_CURVE('',#6275,#6267,#6277,.T.);
#6275 = VERTEX_POINT('',#6276);
#6276 = CARTESIAN_POINT('',(-7.4,-19.16040365499,6.8));
#6277 = CIRCLE('',#6278,3.216854249492);
#6278 = AXIS2_PLACEMENT_3D('',#6279,#6280,#6281);
#6279 = CARTESIAN_POINT('',(-8.,-16.,6.8));
#6280 = DIRECTION('',(0.,0.,-1.));
#6281 = DIRECTION('',(1.,0.,0.));
#6282 = ORIENTED_EDGE('',*,*,#6283,.F.);
#6283 = EDGE_CURVE('',#5490,#6275,#6284,.T.);
#6284 = LINE('',#6285,#6286);
#6285 = CARTESIAN_POINT('',(-7.4,-19.16040365499,0.3));
#6286 = VECTOR('',#6287,1.);
#6287 = DIRECTION('',(-0.,-0.,-1.));
#6288 = ORIENTED_EDGE('',*,*,#5514,.T.);
#6289 = ORIENTED_EDGE('',*,*,#5537,.T.);
#6290 = ORIENTED_EDGE('',*,*,#5554,.F.);
#6291 = ORIENTED_EDGE('',*,*,#6236,.F.);
#6292 = CYLINDRICAL_SURFACE('',#6293,3.216854249492);
#6293 = AXIS2_PLACEMENT_3D('',#6294,#6295,#6296);
#6294 = CARTESIAN_POINT('',(-8.,-16.,0.3));
#6295 = DIRECTION('',(-0.,-0.,-1.));
#6296 = DIRECTION('',(1.,0.,0.));
#6297 = ADVANCED_FACE('',(#6298),#6316,.F.);
#6298 = FACE_BOUND('',#6299,.F.);
#6299 = EDGE_LOOP('',(#6300,#6301,#6309,#6315));
#6300 = ORIENTED_EDGE('',*,*,#4084,.F.);
#6301 = ORIENTED_EDGE('',*,*,#6302,.T.);
#6302 = EDGE_CURVE('',#4076,#6303,#6305,.T.);
#6303 = VERTEX_POINT('',#6304);
#6304 = CARTESIAN_POINT('',(-8.6,-20.83959634501,6.8));
#6305 = LINE('',#6306,#6307);
#6306 = CARTESIAN_POINT('',(-8.6,-20.83959634501,0.3));
#6307 = VECTOR('',#6308,1.);
#6308 = DIRECTION('',(-0.,-0.,-1.));
#6309 = ORIENTED_EDGE('',*,*,#6310,.T.);
#6310 = EDGE_CURVE('',#6303,#6267,#6311,.T.);
#6311 = LINE('',#6312,#6313);
#6312 = CARTESIAN_POINT('',(-8.6,-31.9,6.8));
#6313 = VECTOR('',#6314,1.);
#6314 = DIRECTION('',(0.,1.,0.));
#6315 = ORIENTED_EDGE('',*,*,#6266,.F.);
#6316 = PLANE('',#6317);
#6317 = AXIS2_PLACEMENT_3D('',#6318,#6319,#6320);
#6318 = CARTESIAN_POINT('',(-8.6,-31.9,6.8));
#6319 = DIRECTION('',(1.,0.,0.));
#6320 = DIRECTION('',(0.,0.,1.));
#6321 = ADVANCED_FACE('',(#6322),#6370,.T.);
#6322 = FACE_BOUND('',#6323,.F.);
#6323 = EDGE_LOOP('',(#6324,#6333,#6339,#6340,#6341,#6342,#6350,#6357,
    #6358,#6359,#6360,#6361,#6362,#6363,#6364,#6365,#6366,#6367,#6368,
    #6369));
#6324 = ORIENTED_EDGE('',*,*,#6325,.F.);
#6325 = EDGE_CURVE('',#6326,#6326,#6328,.T.);
#6326 = VERTEX_POINT('',#6327);
#6327 = CARTESIAN_POINT('',(-4.783145750508,-24.,0.3));
#6328 = CIRCLE('',#6329,3.216854249492);
#6329 = AXIS2_PLACEMENT_3D('',#6330,#6331,#6332);
#6330 = CARTESIAN_POINT('',(-8.,-24.,0.3));
#6331 = DIRECTION('',(0.,0.,1.));
#6332 = DIRECTION('',(1.,0.,0.));
#6333 = ORIENTED_EDGE('',*,*,#6334,.T.);
#6334 = EDGE_CURVE('',#6326,#5431,#6335,.T.);
#6335 = LINE('',#6336,#6337);
#6336 = CARTESIAN_POINT('',(-4.783145750508,-24.,0.3));
#6337 = VECTOR('',#6338,1.);
#6338 = DIRECTION('',(0.,0.,1.));
#6339 = ORIENTED_EDGE('',*,*,#5439,.F.);
#6340 = ORIENTED_EDGE('',*,*,#5464,.F.);
#6341 = ORIENTED_EDGE('',*,*,#5497,.T.);
#6342 = ORIENTED_EDGE('',*,*,#6343,.T.);
#6343 = EDGE_CURVE('',#5488,#6344,#6346,.T.);
#6344 = VERTEX_POINT('',#6345);
#6345 = CARTESIAN_POINT('',(-7.4,-20.83959634501,6.8));
#6346 = LINE('',#6347,#6348);
#6347 = CARTESIAN_POINT('',(-7.4,-20.83959634501,0.3));
#6348 = VECTOR('',#6349,1.);
#6349 = DIRECTION('',(-0.,-0.,-1.));
#6350 = ORIENTED_EDGE('',*,*,#6351,.F.);
#6351 = EDGE_CURVE('',#6303,#6344,#6352,.T.);
#6352 = CIRCLE('',#6353,3.216854249492);
#6353 = AXIS2_PLACEMENT_3D('',#6354,#6355,#6356);
#6354 = CARTESIAN_POINT('',(-8.,-24.,6.8));
#6355 = DIRECTION('',(0.,0.,-1.));
#6356 = DIRECTION('',(1.,0.,0.));
#6357 = ORIENTED_EDGE('',*,*,#6302,.F.);
#6358 = ORIENTED_EDGE('',*,*,#4075,.T.);
#6359 = ORIENTED_EDGE('',*,*,#4118,.T.);
#6360 = ORIENTED_EDGE('',*,*,#4132,.F.);
#6361 = ORIENTED_EDGE('',*,*,#4167,.F.);
#6362 = ORIENTED_EDGE('',*,*,#4191,.T.);
#6363 = ORIENTED_EDGE('',*,*,#5904,.T.);
#6364 = ORIENTED_EDGE('',*,*,#5885,.F.);
#6365 = ORIENTED_EDGE('',*,*,#5862,.F.);
#6366 = ORIENTED_EDGE('',*,*,#5390,.T.);
#6367 = ORIENTED_EDGE('',*,*,#5413,.T.);
#6368 = ORIENTED_EDGE('',*,*,#5430,.F.);
#6369 = ORIENTED_EDGE('',*,*,#6334,.F.);
#6370 = CYLINDRICAL_SURFACE('',#6371,3.216854249492);
#6371 = AXIS2_PLACEMENT_3D('',#6372,#6373,#6374);
#6372 = CARTESIAN_POINT('',(-8.,-24.,0.3));
#6373 = DIRECTION('',(-0.,-0.,-1.));
#6374 = DIRECTION('',(1.,0.,0.));
#6375 = ADVANCED_FACE('',(#6376),#6451,.T.);
#6376 = FACE_BOUND('',#6377,.F.);
#6377 = EDGE_LOOP('',(#6378,#6387,#6393,#6394,#6395,#6396,#6404,#6413,
    #6419,#6420,#6421,#6422,#6423,#6424,#6432,#6441,#6447,#6448,#6449,
    #6450));
#6378 = ORIENTED_EDGE('',*,*,#6379,.F.);
#6379 = EDGE_CURVE('',#6380,#6380,#6382,.T.);
#6380 = VERTEX_POINT('',#6381);
#6381 = CARTESIAN_POINT('',(11.216854249492,16.,0.3));
#6382 = CIRCLE('',#6383,3.216854249492);
#6383 = AXIS2_PLACEMENT_3D('',#6384,#6385,#6386);
#6384 = CARTESIAN_POINT('',(8.,16.,0.3));
#6385 = DIRECTION('',(0.,0.,1.));
#6386 = DIRECTION('',(1.,0.,0.));
#6387 = ORIENTED_EDGE('',*,*,#6388,.T.);
#6388 = EDGE_CURVE('',#6380,#4951,#6389,.T.);
#6389 = LINE('',#6390,#6391);
#6390 = CARTESIAN_POINT('',(11.216854249492,16.,0.3));
#6391 = VECTOR('',#6392,1.);
#6392 = DIRECTION('',(0.,0.,1.));
#6393 = ORIENTED_EDGE('',*,*,#4959,.F.);
#6394 = ORIENTED_EDGE('',*,*,#4984,.F.);
#6395 = ORIENTED_EDGE('',*,*,#5017,.T.);
#6396 = ORIENTED_EDGE('',*,*,#6397,.T.);
#6397 = EDGE_CURVE('',#5008,#6398,#6400,.T.);
#6398 = VERTEX_POINT('',#6399);
#6399 = CARTESIAN_POINT('',(8.6,19.16040365499,6.8));
#6400 = LINE('',#6401,#6402);
#6401 = CARTESIAN_POINT('',(8.6,19.16040365499,0.3));
#6402 = VECTOR('',#6403,1.);
#6403 = DIRECTION('',(-0.,-0.,-1.));
#6404 = ORIENTED_EDGE('',*,*,#6405,.F.);
#6405 = EDGE_CURVE('',#6406,#6398,#6408,.T.);
#6406 = VERTEX_POINT('',#6407);
#6407 = CARTESIAN_POINT('',(7.4,19.16040365499,6.8));
#6408 = CIRCLE('',#6409,3.216854249492);
#6409 = AXIS2_PLACEMENT_3D('',#6410,#6411,#6412);
#6410 = CARTESIAN_POINT('',(8.,16.,6.8));
#6411 = DIRECTION('',(0.,0.,-1.));
#6412 = DIRECTION('',(1.,0.,0.));
#6413 = ORIENTED_EDGE('',*,*,#6414,.F.);
#6414 = EDGE_CURVE('',#4571,#6406,#6415,.T.);
#6415 = LINE('',#6416,#6417);
#6416 = CARTESIAN_POINT('',(7.4,19.16040365499,0.3));
#6417 = VECTOR('',#6418,1.);
#6418 = DIRECTION('',(-0.,-0.,-1.));
#6419 = ORIENTED_EDGE('',*,*,#4570,.T.);
#6420 = ORIENTED_EDGE('',*,*,#4613,.T.);
#6421 = ORIENTED_EDGE('',*,*,#4627,.F.);
#6422 = ORIENTED_EDGE('',*,*,#4655,.F.);
#6423 = ORIENTED_EDGE('',*,*,#4250,.T.);
#6424 = ORIENTED_EDGE('',*,*,#6425,.T.);
#6425 = EDGE_CURVE('',#4243,#6426,#6428,.T.);
#6426 = VERTEX_POINT('',#6427);
#6427 = CARTESIAN_POINT('',(7.4,12.83959634501,6.8));
#6428 = LINE('',#6429,#6430);
#6429 = CARTESIAN_POINT('',(7.4,12.83959634501,0.3));
#6430 = VECTOR('',#6431,1.);
#6431 = DIRECTION('',(-0.,-0.,-1.));
#6432 = ORIENTED_EDGE('',*,*,#6433,.F.);
#6433 = EDGE_CURVE('',#6434,#6426,#6436,.T.);
#6434 = VERTEX_POINT('',#6435);
#6435 = CARTESIAN_POINT('',(8.6,12.83959634501,6.8));
#6436 = CIRCLE('',#6437,3.216854249492);
#6437 = AXIS2_PLACEMENT_3D('',#6438,#6439,#6440);
#6438 = CARTESIAN_POINT('',(8.,16.,6.8));
#6439 = DIRECTION('',(0.,0.,-1.));
#6440 = DIRECTION('',(1.,0.,0.));
#6441 = ORIENTED_EDGE('',*,*,#6442,.F.);
#6442 = EDGE_CURVE('',#4894,#6434,#6443,.T.);
#6443 = LINE('',#6444,#6445);
#6444 = CARTESIAN_POINT('',(8.6,12.83959634501,0.3));
#6445 = VECTOR('',#6446,1.);
#6446 = DIRECTION('',(-0.,-0.,-1.));
#6447 = ORIENTED_EDGE('',*,*,#4893,.T.);
#6448 = ORIENTED_EDGE('',*,*,#4933,.T.);
#6449 = ORIENTED_EDGE('',*,*,#4950,.F.);
#6450 = ORIENTED_EDGE('',*,*,#6388,.F.);
#6451 = CYLINDRICAL_SURFACE('',#6452,3.216854249492);
#6452 = AXIS2_PLACEMENT_3D('',#6453,#6454,#6455);
#6453 = CARTESIAN_POINT('',(8.,16.,0.3));
#6454 = DIRECTION('',(-0.,-0.,-1.));
#6455 = DIRECTION('',(1.,0.,0.));
#6456 = ADVANCED_FACE('',(#6457),#6475,.F.);
#6457 = FACE_BOUND('',#6458,.F.);
#6458 = EDGE_LOOP('',(#6459,#6460,#6468,#6474));
#6459 = ORIENTED_EDGE('',*,*,#4242,.F.);
#6460 = ORIENTED_EDGE('',*,*,#6461,.T.);
#6461 = EDGE_CURVE('',#4234,#6462,#6464,.T.);
#6462 = VERTEX_POINT('',#6463);
#6463 = CARTESIAN_POINT('',(7.4,11.16040365499,6.8));
#6464 = LINE('',#6465,#6466);
#6465 = CARTESIAN_POINT('',(7.4,11.16040365499,0.3));
#6466 = VECTOR('',#6467,1.);
#6467 = DIRECTION('',(-0.,-0.,-1.));
#6468 = ORIENTED_EDGE('',*,*,#6469,.T.);
#6469 = EDGE_CURVE('',#6462,#6426,#6470,.T.);
#6470 = LINE('',#6471,#6472);
#6471 = CARTESIAN_POINT('',(7.4,-31.9,6.8));
#6472 = VECTOR('',#6473,1.);
#6473 = DIRECTION('',(0.,1.,0.));
#6474 = ORIENTED_EDGE('',*,*,#6425,.F.);
#6475 = PLANE('',#6476);
#6476 = AXIS2_PLACEMENT_3D('',#6477,#6478,#6479);
#6477 = CARTESIAN_POINT('',(7.4,-31.9,6.8));
#6478 = DIRECTION('',(1.,0.,0.));
#6479 = DIRECTION('',(0.,0.,1.));
#6480 = ADVANCED_FACE('',(#6481),#6549,.T.);
#6481 = FACE_BOUND('',#6482,.F.);
#6482 = EDGE_LOOP('',(#6483,#6492,#6498,#6499,#6500,#6501,#6509,#6516,
    #6517,#6518,#6526,#6535,#6541,#6542,#6543,#6544,#6545,#6546,#6547,
    #6548));
#6483 = ORIENTED_EDGE('',*,*,#6484,.F.);
#6484 = EDGE_CURVE('',#6485,#6485,#6487,.T.);
#6485 = VERTEX_POINT('',#6486);
#6486 = CARTESIAN_POINT('',(11.216854249492,8.,0.3));
#6487 = CIRCLE('',#6488,3.216854249492);
#6488 = AXIS2_PLACEMENT_3D('',#6489,#6490,#6491);
#6489 = CARTESIAN_POINT('',(8.,8.,0.3));
#6490 = DIRECTION('',(0.,0.,1.));
#6491 = DIRECTION('',(1.,0.,0.));
#6492 = ORIENTED_EDGE('',*,*,#6493,.T.);
#6493 = EDGE_CURVE('',#6485,#4827,#6494,.T.);
#6494 = LINE('',#6495,#6496);
#6495 = CARTESIAN_POINT('',(11.216854249492,8.,0.3));
#6496 = VECTOR('',#6497,1.);
#6497 = DIRECTION('',(0.,0.,1.));
#6498 = ORIENTED_EDGE('',*,*,#4835,.F.);
#6499 = ORIENTED_EDGE('',*,*,#4860,.F.);
#6500 = ORIENTED_EDGE('',*,*,#4910,.T.);
#6501 = ORIENTED_EDGE('',*,*,#6502,.T.);
#6502 = EDGE_CURVE('',#4903,#6503,#6505,.T.);
#6503 = VERTEX_POINT('',#6504);
#6504 = CARTESIAN_POINT('',(8.6,11.16040365499,6.8));
#6505 = LINE('',#6506,#6507);
#6506 = CARTESIAN_POINT('',(8.6,11.16040365499,0.3));
#6507 = VECTOR('',#6508,1.);
#6508 = DIRECTION('',(-0.,-0.,-1.));
#6509 = ORIENTED_EDGE('',*,*,#6510,.F.);
#6510 = EDGE_CURVE('',#6462,#6503,#6511,.T.);
#6511 = CIRCLE('',#6512,3.216854249492);
#6512 = AXIS2_PLACEMENT_3D('',#6513,#6514,#6515);
#6513 = CARTESIAN_POINT('',(8.,8.,6.8));
#6514 = DIRECTION('',(0.,0.,-1.));
#6515 = DIRECTION('',(1.,0.,0.));
#6516 = ORIENTED_EDGE('',*,*,#6461,.F.);
#6517 = ORIENTED_EDGE('',*,*,#4233,.T.);
#6518 = ORIENTED_EDGE('',*,*,#6519,.T.);
#6519 = EDGE_CURVE('',#4226,#6520,#6522,.T.);
#6520 = VERTEX_POINT('',#6521);
#6521 = CARTESIAN_POINT('',(4.83959634501,8.6,6.8));
#6522 = LINE('',#6523,#6524);
#6523 = CARTESIAN_POINT('',(4.83959634501,8.6,0.3));
#6524 = VECTOR('',#6525,1.);
#6525 = DIRECTION('',(-0.,-0.,-1.));
#6526 = ORIENTED_EDGE('',*,*,#6527,.F.);
#6527 = EDGE_CURVE('',#6528,#6520,#6530,.T.);
#6528 = VERTEX_POINT('',#6529);
#6529 = CARTESIAN_POINT('',(4.83959634501,7.4,6.8));
#6530 = CIRCLE('',#6531,3.216854249492);
#6531 = AXIS2_PLACEMENT_3D('',#6532,#6533,#6534);
#6532 = CARTESIAN_POINT('',(8.,8.,6.8));
#6533 = DIRECTION('',(0.,0.,-1.));
#6534 = DIRECTION('',(1.,0.,0.));
#6535 = ORIENTED_EDGE('',*,*,#6536,.F.);
#6536 = EDGE_CURVE('',#5208,#6528,#6537,.T.);
#6537 = LINE('',#6538,#6539);
#6538 = CARTESIAN_POINT('',(4.83959634501,7.4,0.3));
#6539 = VECTOR('',#6540,1.);
#6540 = DIRECTION('',(-0.,-0.,-1.));
#6541 = ORIENTED_EDGE('',*,*,#5207,.T.);
#6542 = ORIENTED_EDGE('',*,*,#5183,.T.);
#6543 = ORIENTED_EDGE('',*,*,#5156,.F.);
#6544 = ORIENTED_EDGE('',*,*,#5134,.F.);
#6545 = ORIENTED_EDGE('',*,*,#4786,.T.);
#6546 = ORIENTED_EDGE('',*,*,#4809,.T.);
#6547 = ORIENTED_EDGE('',*,*,#4826,.F.);
#6548 = ORIENTED_EDGE('',*,*,#6493,.F.);
#6549 = CYLINDRICAL_SURFACE('',#6550,3.216854249492);
#6550 = AXIS2_PLACEMENT_3D('',#6551,#6552,#6553);
#6551 = CARTESIAN_POINT('',(8.,8.,0.3));
#6552 = DIRECTION('',(-0.,-0.,-1.));
#6553 = DIRECTION('',(1.,0.,0.));
#6554 = ADVANCED_FACE('',(#6555),#6573,.T.);
#6555 = FACE_BOUND('',#6556,.T.);
#6556 = EDGE_LOOP('',(#6557,#6565,#6571,#6572));
#6557 = ORIENTED_EDGE('',*,*,#6558,.F.);
#6558 = EDGE_CURVE('',#6559,#6520,#6561,.T.);
#6559 = VERTEX_POINT('',#6560);
#6560 = CARTESIAN_POINT('',(3.16040365499,8.6,6.8));
#6561 = LINE('',#6562,#6563);
#6562 = CARTESIAN_POINT('',(-15.9,8.6,6.8));
#6563 = VECTOR('',#6564,1.);
#6564 = DIRECTION('',(1.,0.,0.));
#6565 = ORIENTED_EDGE('',*,*,#6566,.F.);
#6566 = EDGE_CURVE('',#4217,#6559,#6567,.T.);
#6567 = LINE('',#6568,#6569);
#6568 = CARTESIAN_POINT('',(3.16040365499,8.6,0.3));
#6569 = VECTOR('',#6570,1.);
#6570 = DIRECTION('',(-0.,-0.,-1.));
#6571 = ORIENTED_EDGE('',*,*,#4225,.T.);
#6572 = ORIENTED_EDGE('',*,*,#6519,.T.);
#6573 = PLANE('',#6574);
#6574 = AXIS2_PLACEMENT_3D('',#6575,#6576,#6577);
#6575 = CARTESIAN_POINT('',(-15.9,8.6,6.8));
#6576 = DIRECTION('',(0.,1.,0.));
#6577 = DIRECTION('',(0.,0.,1.));
#6578 = ADVANCED_FACE('',(#6579),#6655,.T.);
#6579 = FACE_BOUND('',#6580,.F.);
#6580 = EDGE_LOOP('',(#6581,#6590,#6598,#6605,#6606,#6607,#6608,#6609,
    #6610,#6611,#6619,#6628,#6634,#6635,#6636,#6637,#6638,#6639,#6647,
    #6654));
#6581 = ORIENTED_EDGE('',*,*,#6582,.F.);
#6582 = EDGE_CURVE('',#6583,#6583,#6585,.T.);
#6583 = VERTEX_POINT('',#6584);
#6584 = CARTESIAN_POINT('',(3.216854249492,8.,0.3));
#6585 = CIRCLE('',#6586,3.216854249492);
#6586 = AXIS2_PLACEMENT_3D('',#6587,#6588,#6589);
#6587 = CARTESIAN_POINT('',(0.,8.,0.3));
#6588 = DIRECTION('',(0.,0.,1.));
#6589 = DIRECTION('',(1.,0.,0.));
#6590 = ORIENTED_EDGE('',*,*,#6591,.T.);
#6591 = EDGE_CURVE('',#6583,#6592,#6594,.T.);
#6592 = VERTEX_POINT('',#6593);
#6593 = CARTESIAN_POINT('',(3.216854249492,8.,6.8));
#6594 = LINE('',#6595,#6596);
#6595 = CARTESIAN_POINT('',(3.216854249492,8.,0.3));
#6596 = VECTOR('',#6597,1.);
#6597 = DIRECTION('',(0.,0.,1.));
#6598 = ORIENTED_EDGE('',*,*,#6599,.F.);
#6599 = EDGE_CURVE('',#6559,#6592,#6600,.T.);
#6600 = CIRCLE('',#6601,3.216854249492);
#6601 = AXIS2_PLACEMENT_3D('',#6602,#6603,#6604);
#6602 = CARTESIAN_POINT('',(0.,8.,6.8));
#6603 = DIRECTION('',(0.,0.,-1.));
#6604 = DIRECTION('',(1.,0.,0.));
#6605 = ORIENTED_EDGE('',*,*,#6566,.F.);
#6606 = ORIENTED_EDGE('',*,*,#4216,.T.);
#6607 = ORIENTED_EDGE('',*,*,#4275,.T.);
#6608 = ORIENTED_EDGE('',*,*,#4298,.F.);
#6609 = ORIENTED_EDGE('',*,*,#4331,.F.);
#6610 = ORIENTED_EDGE('',*,*,#4373,.T.);
#6611 = ORIENTED_EDGE('',*,*,#6612,.T.);
#6612 = EDGE_CURVE('',#4366,#6613,#6615,.T.);
#6613 = VERTEX_POINT('',#6614);
#6614 = CARTESIAN_POINT('',(-3.16040365499,8.6,6.8));
#6615 = LINE('',#6616,#6617);
#6616 = CARTESIAN_POINT('',(-3.16040365499,8.6,0.3));
#6617 = VECTOR('',#6618,1.);
#6618 = DIRECTION('',(-0.,-0.,-1.));
#6619 = ORIENTED_EDGE('',*,*,#6620,.F.);
#6620 = EDGE_CURVE('',#6621,#6613,#6623,.T.);
#6621 = VERTEX_POINT('',#6622);
#6622 = CARTESIAN_POINT('',(-3.16040365499,7.4,6.8));
#6623 = CIRCLE('',#6624,3.216854249492);
#6624 = AXIS2_PLACEMENT_3D('',#6625,#6626,#6627);
#6625 = CARTESIAN_POINT('',(0.,8.,6.8));
#6626 = DIRECTION('',(0.,0.,-1.));
#6627 = DIRECTION('',(1.,0.,0.));
#6628 = ORIENTED_EDGE('',*,*,#6629,.F.);
#6629 = EDGE_CURVE('',#5341,#6621,#6630,.T.);
#6630 = LINE('',#6631,#6632);
#6631 = CARTESIAN_POINT('',(-3.16040365499,7.4,0.3));
#6632 = VECTOR('',#6633,1.);
#6633 = DIRECTION('',(-0.,-0.,-1.));
#6634 = ORIENTED_EDGE('',*,*,#5340,.T.);
#6635 = ORIENTED_EDGE('',*,*,#5298,.T.);
#6636 = ORIENTED_EDGE('',*,*,#5271,.F.);
#6637 = ORIENTED_EDGE('',*,*,#5249,.F.);
#6638 = ORIENTED_EDGE('',*,*,#5224,.T.);
#6639 = ORIENTED_EDGE('',*,*,#6640,.T.);
#6640 = EDGE_CURVE('',#5217,#6641,#6643,.T.);
#6641 = VERTEX_POINT('',#6642);
#6642 = CARTESIAN_POINT('',(3.16040365499,7.4,6.8));
#6643 = LINE('',#6644,#6645);
#6644 = CARTESIAN_POINT('',(3.16040365499,7.4,0.3));
#6645 = VECTOR('',#6646,1.);
#6646 = DIRECTION('',(-0.,-0.,-1.));
#6647 = ORIENTED_EDGE('',*,*,#6648,.F.);
#6648 = EDGE_CURVE('',#6592,#6641,#6649,.T.);
#6649 = CIRCLE('',#6650,3.216854249492);
#6650 = AXIS2_PLACEMENT_3D('',#6651,#6652,#6653);
#6651 = CARTESIAN_POINT('',(0.,8.,6.8));
#6652 = DIRECTION('',(0.,0.,-1.));
#6653 = DIRECTION('',(1.,0.,0.));
#6654 = ORIENTED_EDGE('',*,*,#6591,.F.);
#6655 = CYLINDRICAL_SURFACE('',#6656,3.216854249492);
#6656 = AXIS2_PLACEMENT_3D('',#6657,#6658,#6659);
#6657 = CARTESIAN_POINT('',(0.,8.,0.3));
#6658 = DIRECTION('',(-0.,-0.,-1.));
#6659 = DIRECTION('',(1.,0.,0.));
#6660 = ADVANCED_FACE('',(#6661),#6672,.T.);
#6661 = FACE_BOUND('',#6662,.T.);
#6662 = EDGE_LOOP('',(#6663,#6669,#6670,#6671));
#6663 = ORIENTED_EDGE('',*,*,#6664,.F.);
#6664 = EDGE_CURVE('',#5936,#6613,#6665,.T.);
#6665 = LINE('',#6666,#6667);
#6666 = CARTESIAN_POINT('',(-15.9,8.6,6.8));
#6667 = VECTOR('',#6668,1.);
#6668 = DIRECTION('',(1.,0.,0.));
#6669 = ORIENTED_EDGE('',*,*,#5944,.F.);
#6670 = ORIENTED_EDGE('',*,*,#4365,.T.);
#6671 = ORIENTED_EDGE('',*,*,#6612,.T.);
#6672 = PLANE('',#6673);
#6673 = AXIS2_PLACEMENT_3D('',#6674,#6675,#6676);
#6674 = CARTESIAN_POINT('',(-15.9,8.6,6.8));
#6675 = DIRECTION('',(0.,1.,0.));
#6676 = DIRECTION('',(0.,0.,1.));
#6677 = ADVANCED_FACE('',(#6678),#6733,.T.);
#6678 = FACE_BOUND('',#6679,.F.);
#6679 = EDGE_LOOP('',(#6680,#6689,#6695,#6696,#6697,#6698,#6699,#6700,
    #6701,#6702,#6703,#6704,#6705,#6706,#6714,#6723,#6729,#6730,#6731,
    #6732));
#6680 = ORIENTED_EDGE('',*,*,#6681,.F.);
#6681 = EDGE_CURVE('',#6682,#6682,#6684,.T.);
#6682 = VERTEX_POINT('',#6683);
#6683 = CARTESIAN_POINT('',(11.216854249492,24.,0.3));
#6684 = CIRCLE('',#6685,3.216854249492);
#6685 = AXIS2_PLACEMENT_3D('',#6686,#6687,#6688);
#6686 = CARTESIAN_POINT('',(8.,24.,0.3));
#6687 = DIRECTION('',(0.,0.,1.));
#6688 = DIRECTION('',(1.,0.,0.));
#6689 = ORIENTED_EDGE('',*,*,#6690,.T.);
#6690 = EDGE_CURVE('',#6682,#5075,#6691,.T.);
#6691 = LINE('',#6692,#6693);
#6692 = CARTESIAN_POINT('',(11.216854249492,24.,0.3));
#6693 = VECTOR('',#6694,1.);
#6694 = DIRECTION('',(0.,0.,1.));
#6695 = ORIENTED_EDGE('',*,*,#5083,.F.);
#6696 = ORIENTED_EDGE('',*,*,#5108,.F.);
#6697 = ORIENTED_EDGE('',*,*,#4678,.T.);
#6698 = ORIENTED_EDGE('',*,*,#4703,.T.);
#6699 = ORIENTED_EDGE('',*,*,#4726,.F.);
#6700 = ORIENTED_EDGE('',*,*,#4752,.F.);
#6701 = ORIENTED_EDGE('',*,*,#4464,.T.);
#6702 = ORIENTED_EDGE('',*,*,#4498,.T.);
#6703 = ORIENTED_EDGE('',*,*,#4512,.F.);
#6704 = ORIENTED_EDGE('',*,*,#4547,.F.);
#6705 = ORIENTED_EDGE('',*,*,#4587,.T.);
#6706 = ORIENTED_EDGE('',*,*,#6707,.T.);
#6707 = EDGE_CURVE('',#4580,#6708,#6710,.T.);
#6708 = VERTEX_POINT('',#6709);
#6709 = CARTESIAN_POINT('',(7.4,20.839596345009,6.8));
#6710 = LINE('',#6711,#6712);
#6711 = CARTESIAN_POINT('',(7.4,20.83959634501,0.3));
#6712 = VECTOR('',#6713,1.);
#6713 = DIRECTION('',(-0.,-0.,-1.));
#6714 = ORIENTED_EDGE('',*,*,#6715,.F.);
#6715 = EDGE_CURVE('',#6716,#6708,#6718,.T.);
#6716 = VERTEX_POINT('',#6717);
#6717 = CARTESIAN_POINT('',(8.6,20.839596345009,6.8));
#6718 = CIRCLE('',#6719,3.216854249492);
#6719 = AXIS2_PLACEMENT_3D('',#6720,#6721,#6722);
#6720 = CARTESIAN_POINT('',(8.,24.,6.8));
#6721 = DIRECTION('',(0.,0.,-1.));
#6722 = DIRECTION('',(1.,0.,0.));
#6723 = ORIENTED_EDGE('',*,*,#6724,.F.);
#6724 = EDGE_CURVE('',#5010,#6716,#6725,.T.);
#6725 = LINE('',#6726,#6727);
#6726 = CARTESIAN_POINT('',(8.6,20.83959634501,0.3));
#6727 = VECTOR('',#6728,1.);
#6728 = DIRECTION('',(-0.,-0.,-1.));
#6729 = ORIENTED_EDGE('',*,*,#5034,.T.);
#6730 = ORIENTED_EDGE('',*,*,#5057,.T.);
#6731 = ORIENTED_EDGE('',*,*,#5074,.F.);
#6732 = ORIENTED_EDGE('',*,*,#6690,.F.);
#6733 = CYLINDRICAL_SURFACE('',#6734,3.216854249492);
#6734 = AXIS2_PLACEMENT_3D('',#6735,#6736,#6737);
#6735 = CARTESIAN_POINT('',(8.,24.,0.3));
#6736 = DIRECTION('',(-0.,-0.,-1.));
#6737 = DIRECTION('',(1.,0.,0.));
#6738 = ADVANCED_FACE('',(#6739),#6750,.F.);
#6739 = FACE_BOUND('',#6740,.F.);
#6740 = EDGE_LOOP('',(#6741,#6742,#6743,#6749));
#6741 = ORIENTED_EDGE('',*,*,#4579,.F.);
#6742 = ORIENTED_EDGE('',*,*,#6414,.T.);
#6743 = ORIENTED_EDGE('',*,*,#6744,.T.);
#6744 = EDGE_CURVE('',#6406,#6708,#6745,.T.);
#6745 = LINE('',#6746,#6747);
#6746 = CARTESIAN_POINT('',(7.4,-31.9,6.8));
#6747 = VECTOR('',#6748,1.);
#6748 = DIRECTION('',(0.,1.,0.));
#6749 = ORIENTED_EDGE('',*,*,#6707,.F.);
#6750 = PLANE('',#6751);
#6751 = AXIS2_PLACEMENT_3D('',#6752,#6753,#6754);
#6752 = CARTESIAN_POINT('',(7.4,-31.9,6.8));
#6753 = DIRECTION('',(1.,0.,0.));
#6754 = DIRECTION('',(0.,0.,1.));
#6755 = ADVANCED_FACE('',(#6756),#6767,.T.);
#6756 = FACE_BOUND('',#6757,.T.);
#6757 = EDGE_LOOP('',(#6758,#6759,#6760,#6766));
#6758 = ORIENTED_EDGE('',*,*,#4902,.F.);
#6759 = ORIENTED_EDGE('',*,*,#6502,.T.);
#6760 = ORIENTED_EDGE('',*,*,#6761,.T.);
#6761 = EDGE_CURVE('',#6503,#6434,#6762,.T.);
#6762 = LINE('',#6763,#6764);
#6763 = CARTESIAN_POINT('',(8.6,-31.9,6.8));
#6764 = VECTOR('',#6765,1.);
#6765 = DIRECTION('',(0.,1.,0.));
#6766 = ORIENTED_EDGE('',*,*,#6442,.F.);
#6767 = PLANE('',#6768);
#6768 = AXIS2_PLACEMENT_3D('',#6769,#6770,#6771);
#6769 = CARTESIAN_POINT('',(8.6,-31.9,6.8));
#6770 = DIRECTION('',(1.,0.,0.));
#6771 = DIRECTION('',(0.,0.,1.));
#6772 = ADVANCED_FACE('',(#6773),#6784,.T.);
#6773 = FACE_BOUND('',#6774,.T.);
#6774 = EDGE_LOOP('',(#6775,#6776,#6777,#6783));
#6775 = ORIENTED_EDGE('',*,*,#5007,.F.);
#6776 = ORIENTED_EDGE('',*,*,#6397,.T.);
#6777 = ORIENTED_EDGE('',*,*,#6778,.T.);
#6778 = EDGE_CURVE('',#6398,#6716,#6779,.T.);
#6779 = LINE('',#6780,#6781);
#6780 = CARTESIAN_POINT('',(8.6,-31.9,6.8));
#6781 = VECTOR('',#6782,1.);
#6782 = DIRECTION('',(0.,1.,0.));
#6783 = ORIENTED_EDGE('',*,*,#6724,.F.);
#6784 = PLANE('',#6785);
#6785 = AXIS2_PLACEMENT_3D('',#6786,#6787,#6788);
#6786 = CARTESIAN_POINT('',(8.6,-31.9,6.8));
#6787 = DIRECTION('',(1.,0.,0.));
#6788 = DIRECTION('',(0.,0.,1.));
#6789 = ADVANCED_FACE('',(#6790),#6801,.F.);
#6790 = FACE_BOUND('',#6791,.F.);
#6791 = EDGE_LOOP('',(#6792,#6798,#6799,#6800));
#6792 = ORIENTED_EDGE('',*,*,#6793,.F.);
#6793 = EDGE_CURVE('',#6641,#6528,#6794,.T.);
#6794 = LINE('',#6795,#6796);
#6795 = CARTESIAN_POINT('',(-15.9,7.4,6.8));
#6796 = VECTOR('',#6797,1.);
#6797 = DIRECTION('',(1.,0.,0.));
#6798 = ORIENTED_EDGE('',*,*,#6640,.F.);
#6799 = ORIENTED_EDGE('',*,*,#5216,.T.);
#6800 = ORIENTED_EDGE('',*,*,#6536,.T.);
#6801 = PLANE('',#6802);
#6802 = AXIS2_PLACEMENT_3D('',#6803,#6804,#6805);
#6803 = CARTESIAN_POINT('',(-15.9,7.4,6.8));
#6804 = DIRECTION('',(0.,1.,0.));
#6805 = DIRECTION('',(0.,0.,1.));
#6806 = ADVANCED_FACE('',(#6807),#6818,.T.);
#6807 = FACE_BOUND('',#6808,.T.);
#6808 = EDGE_LOOP('',(#6809,#6810,#6811,#6817));
#6809 = ORIENTED_EDGE('',*,*,#5312,.F.);
#6810 = ORIENTED_EDGE('',*,*,#6049,.T.);
#6811 = ORIENTED_EDGE('',*,*,#6812,.T.);
#6812 = EDGE_CURVE('',#6050,#5968,#6813,.T.);
#6813 = LINE('',#6814,#6815);
#6814 = CARTESIAN_POINT('',(-7.4,-31.9,6.8));
#6815 = VECTOR('',#6816,1.);
#6816 = DIRECTION('',(0.,1.,0.));
#6817 = ORIENTED_EDGE('',*,*,#5976,.F.);
#6818 = PLANE('',#6819);
#6819 = AXIS2_PLACEMENT_3D('',#6820,#6821,#6822);
#6820 = CARTESIAN_POINT('',(-7.4,-31.9,6.8));
#6821 = DIRECTION('',(1.,0.,0.));
#6822 = DIRECTION('',(0.,0.,1.));
#6823 = ADVANCED_FACE('',(#6824),#6835,.F.);
#6824 = FACE_BOUND('',#6825,.F.);
#6825 = EDGE_LOOP('',(#6826,#6832,#6833,#6834));
#6826 = ORIENTED_EDGE('',*,*,#6827,.F.);
#6827 = EDGE_CURVE('',#5984,#6621,#6828,.T.);
#6828 = LINE('',#6829,#6830);
#6829 = CARTESIAN_POINT('',(-15.9,7.4,6.8));
#6830 = VECTOR('',#6831,1.);
#6831 = DIRECTION('',(1.,0.,0.));
#6832 = ORIENTED_EDGE('',*,*,#5983,.F.);
#6833 = ORIENTED_EDGE('',*,*,#5349,.T.);
#6834 = ORIENTED_EDGE('',*,*,#6629,.T.);
#6835 = PLANE('',#6836);
#6836 = AXIS2_PLACEMENT_3D('',#6837,#6838,#6839);
#6837 = CARTESIAN_POINT('',(-15.9,7.4,6.8));
#6838 = DIRECTION('',(0.,1.,0.));
#6839 = DIRECTION('',(0.,0.,1.));
#6840 = ADVANCED_FACE('',(#6841),#6852,.T.);
#6841 = FACE_BOUND('',#6842,.T.);
#6842 = EDGE_LOOP('',(#6843,#6844,#6845,#6851));
#6843 = ORIENTED_EDGE('',*,*,#5487,.F.);
#6844 = ORIENTED_EDGE('',*,*,#6343,.T.);
#6845 = ORIENTED_EDGE('',*,*,#6846,.T.);
#6846 = EDGE_CURVE('',#6344,#6275,#6847,.T.);
#6847 = LINE('',#6848,#6849);
#6848 = CARTESIAN_POINT('',(-7.4,-31.9,6.8));
#6849 = VECTOR('',#6850,1.);
#6850 = DIRECTION('',(0.,1.,0.));
#6851 = ORIENTED_EDGE('',*,*,#6283,.F.);
#6852 = PLANE('',#6853);
#6853 = AXIS2_PLACEMENT_3D('',#6854,#6855,#6856);
#6854 = CARTESIAN_POINT('',(-7.4,-31.9,6.8));
#6855 = DIRECTION('',(1.,0.,0.));
#6856 = DIRECTION('',(0.,0.,1.));
#6857 = ADVANCED_FACE('',(#6858),#6869,.T.);
#6858 = FACE_BOUND('',#6859,.T.);
#6859 = EDGE_LOOP('',(#6860,#6861,#6862,#6868));
#6860 = ORIENTED_EDGE('',*,*,#5611,.F.);
#6861 = ORIENTED_EDGE('',*,*,#6245,.T.);
#6862 = ORIENTED_EDGE('',*,*,#6863,.T.);
#6863 = EDGE_CURVE('',#6246,#6177,#6864,.T.);
#6864 = LINE('',#6865,#6866);
#6865 = CARTESIAN_POINT('',(-7.4,-31.9,6.8));
#6866 = VECTOR('',#6867,1.);
#6867 = DIRECTION('',(0.,1.,0.));
#6868 = ORIENTED_EDGE('',*,*,#6185,.F.);
#6869 = PLANE('',#6870);
#6870 = AXIS2_PLACEMENT_3D('',#6871,#6872,#6873);
#6871 = CARTESIAN_POINT('',(-7.4,-31.9,6.8));
#6872 = DIRECTION('',(1.,0.,0.));
#6873 = DIRECTION('',(0.,0.,1.));
#6874 = ADVANCED_FACE('',(#6875),#6886,.T.);
#6875 = FACE_BOUND('',#6876,.T.);
#6876 = EDGE_LOOP('',(#6877,#6878,#6879,#6885));
#6877 = ORIENTED_EDGE('',*,*,#5735,.F.);
#6878 = ORIENTED_EDGE('',*,*,#6147,.T.);
#6879 = ORIENTED_EDGE('',*,*,#6880,.T.);
#6880 = EDGE_CURVE('',#6148,#6079,#6881,.T.);
#6881 = LINE('',#6882,#6883);
#6882 = CARTESIAN_POINT('',(-7.4,-31.9,6.8));
#6883 = VECTOR('',#6884,1.);
#6884 = DIRECTION('',(0.,1.,0.));
#6885 = ORIENTED_EDGE('',*,*,#6087,.F.);
#6886 = PLANE('',#6887);
#6887 = AXIS2_PLACEMENT_3D('',#6888,#6889,#6890);
#6888 = CARTESIAN_POINT('',(-7.4,-31.9,6.8));
#6889 = DIRECTION('',(1.,0.,0.));
#6890 = DIRECTION('',(0.,0.,1.));
#6891 = ADVANCED_FACE('',(#6892),#6911,.T.);
#6892 = FACE_BOUND('',#6893,.T.);
#6893 = EDGE_LOOP('',(#6894,#6895,#6903,#6910));
#6894 = ORIENTED_EDGE('',*,*,#5918,.F.);
#6895 = ORIENTED_EDGE('',*,*,#6896,.F.);
#6896 = EDGE_CURVE('',#6897,#5919,#6899,.T.);
#6897 = VERTEX_POINT('',#6898);
#6898 = CARTESIAN_POINT('',(-4.983145750508,8.,0.));
#6899 = LINE('',#6900,#6901);
#6900 = CARTESIAN_POINT('',(-4.983145750508,8.,0.));
#6901 = VECTOR('',#6902,1.);
#6902 = DIRECTION('',(0.554700196225,-1.358623639587E-16,0.832050294338)
  );
#6903 = ORIENTED_EDGE('',*,*,#6904,.T.);
#6904 = EDGE_CURVE('',#6897,#6897,#6905,.T.);
#6905 = CIRCLE('',#6906,3.016854249492);
#6906 = AXIS2_PLACEMENT_3D('',#6907,#6908,#6909);
#6907 = CARTESIAN_POINT('',(-8.,8.,0.));
#6908 = DIRECTION('',(0.,0.,1.));
#6909 = DIRECTION('',(1.,0.,0.));
#6910 = ORIENTED_EDGE('',*,*,#6896,.T.);
#6911 = CONICAL_SURFACE('',#6912,3.016854249492,0.588002603548);
#6912 = AXIS2_PLACEMENT_3D('',#6913,#6914,#6915);
#6913 = CARTESIAN_POINT('',(-8.,8.,0.));
#6914 = DIRECTION('',(0.,0.,1.));
#6915 = DIRECTION('',(1.,0.,0.));
#6916 = ADVANCED_FACE('',(#6917),#6924,.T.);
#6917 = FACE_BOUND('',#6918,.T.);
#6918 = EDGE_LOOP('',(#6919,#6920,#6921,#6922,#6923));
#6919 = ORIENTED_EDGE('',*,*,#6827,.F.);
#6920 = ORIENTED_EDGE('',*,*,#5991,.F.);
#6921 = ORIENTED_EDGE('',*,*,#5935,.F.);
#6922 = ORIENTED_EDGE('',*,*,#6664,.T.);
#6923 = ORIENTED_EDGE('',*,*,#6620,.F.);
#6924 = PLANE('',#6925);
#6925 = AXIS2_PLACEMENT_3D('',#6926,#6927,#6928);
#6926 = CARTESIAN_POINT('',(-7.422394985724E-16,9.366853390434E-16,6.8)
  );
#6927 = DIRECTION('',(-0.,-0.,-1.));
#6928 = DIRECTION('',(-1.,0.,0.));
#6929 = ADVANCED_FACE('',(#6930),#6936,.T.);
#6930 = FACE_BOUND('',#6931,.T.);
#6931 = EDGE_LOOP('',(#6932,#6933,#6934,#6935));
#6932 = ORIENTED_EDGE('',*,*,#6057,.F.);
#6933 = ORIENTED_EDGE('',*,*,#6016,.T.);
#6934 = ORIENTED_EDGE('',*,*,#5967,.F.);
#6935 = ORIENTED_EDGE('',*,*,#6812,.F.);
#6936 = PLANE('',#6937);
#6937 = AXIS2_PLACEMENT_3D('',#6938,#6939,#6940);
#6938 = CARTESIAN_POINT('',(-7.422394985724E-16,9.366853390434E-16,6.8)
  );
#6939 = DIRECTION('',(-0.,-0.,-1.));
#6940 = DIRECTION('',(-1.,0.,0.));
#6941 = ADVANCED_FACE('',(#6942),#6961,.T.);
#6942 = FACE_BOUND('',#6943,.T.);
#6943 = EDGE_LOOP('',(#6944,#6945,#6953,#6960));
#6944 = ORIENTED_EDGE('',*,*,#6031,.F.);
#6945 = ORIENTED_EDGE('',*,*,#6946,.F.);
#6946 = EDGE_CURVE('',#6947,#6032,#6949,.T.);
#6947 = VERTEX_POINT('',#6948);
#6948 = CARTESIAN_POINT('',(-4.983145750508,-7.38916180027E-16,0.));
#6949 = LINE('',#6950,#6951);
#6950 = CARTESIAN_POINT('',(-4.983145750508,-7.38916180027E-16,0.));
#6951 = VECTOR('',#6952,1.);
#6952 = DIRECTION('',(0.554700196225,-1.358623639587E-16,0.832050294338)
  );
#6953 = ORIENTED_EDGE('',*,*,#6954,.T.);
#6954 = EDGE_CURVE('',#6947,#6947,#6955,.T.);
#6955 = CIRCLE('',#6956,3.016854249492);
#6956 = AXIS2_PLACEMENT_3D('',#6957,#6958,#6959);
#6957 = CARTESIAN_POINT('',(-8.,0.,0.));
#6958 = DIRECTION('',(0.,0.,1.));
#6959 = DIRECTION('',(1.,0.,0.));
#6960 = ORIENTED_EDGE('',*,*,#6946,.T.);
#6961 = CONICAL_SURFACE('',#6962,3.016854249492,0.588002603548);
#6962 = AXIS2_PLACEMENT_3D('',#6963,#6964,#6965);
#6963 = CARTESIAN_POINT('',(-8.,0.,0.));
#6964 = DIRECTION('',(0.,0.,1.));
#6965 = DIRECTION('',(1.,0.,0.));
#6966 = ADVANCED_FACE('',(#6967),#6973,.T.);
#6967 = FACE_BOUND('',#6968,.T.);
#6968 = EDGE_LOOP('',(#6969,#6970,#6971,#6972));
#6969 = ORIENTED_EDGE('',*,*,#6155,.F.);
#6970 = ORIENTED_EDGE('',*,*,#6114,.T.);
#6971 = ORIENTED_EDGE('',*,*,#6078,.F.);
#6972 = ORIENTED_EDGE('',*,*,#6880,.F.);
#6973 = PLANE('',#6974);
#6974 = AXIS2_PLACEMENT_3D('',#6975,#6976,#6977);
#6975 = CARTESIAN_POINT('',(-7.422394985724E-16,9.366853390434E-16,6.8)
  );
#6976 = DIRECTION('',(-0.,-0.,-1.));
#6977 = DIRECTION('',(-1.,0.,0.));
#6978 = ADVANCED_FACE('',(#6979),#6998,.T.);
#6979 = FACE_BOUND('',#6980,.T.);
#6980 = EDGE_LOOP('',(#6981,#6982,#6990,#6997));
#6981 = ORIENTED_EDGE('',*,*,#6129,.F.);
#6982 = ORIENTED_EDGE('',*,*,#6983,.F.);
#6983 = EDGE_CURVE('',#6984,#6130,#6986,.T.);
#6984 = VERTEX_POINT('',#6985);
#6985 = CARTESIAN_POINT('',(-4.983145750508,-8.,0.));
#6986 = LINE('',#6987,#6988);
#6987 = CARTESIAN_POINT('',(-4.983145750508,-8.,0.));
#6988 = VECTOR('',#6989,1.);
#6989 = DIRECTION('',(0.554700196225,-1.358623639587E-16,0.832050294338)
  );
#6990 = ORIENTED_EDGE('',*,*,#6991,.T.);
#6991 = EDGE_CURVE('',#6984,#6984,#6992,.T.);
#6992 = CIRCLE('',#6993,3.016854249492);
#6993 = AXIS2_PLACEMENT_3D('',#6994,#6995,#6996);
#6994 = CARTESIAN_POINT('',(-8.,-8.,0.));
#6995 = DIRECTION('',(0.,0.,1.));
#6996 = DIRECTION('',(1.,0.,0.));
#6997 = ORIENTED_EDGE('',*,*,#6983,.T.);
#6998 = CONICAL_SURFACE('',#6999,3.016854249492,0.588002603548);
#6999 = AXIS2_PLACEMENT_3D('',#7000,#7001,#7002);
#7000 = CARTESIAN_POINT('',(-8.,-8.,0.));
#7001 = DIRECTION('',(0.,0.,1.));
#7002 = DIRECTION('',(1.,0.,0.));
#7003 = ADVANCED_FACE('',(#7004),#7010,.T.);
#7004 = FACE_BOUND('',#7005,.T.);
#7005 = EDGE_LOOP('',(#7006,#7007,#7008,#7009));
#7006 = ORIENTED_EDGE('',*,*,#6253,.F.);
#7007 = ORIENTED_EDGE('',*,*,#6212,.T.);
#7008 = ORIENTED_EDGE('',*,*,#6176,.F.);
#7009 = ORIENTED_EDGE('',*,*,#6863,.F.);
#7010 = PLANE('',#7011);
#7011 = AXIS2_PLACEMENT_3D('',#7012,#7013,#7014);
#7012 = CARTESIAN_POINT('',(-7.422394985724E-16,9.366853390434E-16,6.8)
  );
#7013 = DIRECTION('',(-0.,-0.,-1.));
#7014 = DIRECTION('',(-1.,0.,0.));
#7015 = ADVANCED_FACE('',(#7016),#7035,.T.);
#7016 = FACE_BOUND('',#7017,.T.);
#7017 = EDGE_LOOP('',(#7018,#7019,#7027,#7034));
#7018 = ORIENTED_EDGE('',*,*,#6227,.F.);
#7019 = ORIENTED_EDGE('',*,*,#7020,.F.);
#7020 = EDGE_CURVE('',#7021,#6228,#7023,.T.);
#7021 = VERTEX_POINT('',#7022);
#7022 = CARTESIAN_POINT('',(-4.983145750508,-16.,0.));
#7023 = LINE('',#7024,#7025);
#7024 = CARTESIAN_POINT('',(-4.983145750508,-16.,0.));
#7025 = VECTOR('',#7026,1.);
#7026 = DIRECTION('',(0.554700196225,-1.358623639587E-16,0.832050294338)
  );
#7027 = ORIENTED_EDGE('',*,*,#7028,.T.);
#7028 = EDGE_CURVE('',#7021,#7021,#7029,.T.);
#7029 = CIRCLE('',#7030,3.016854249492);
#7030 = AXIS2_PLACEMENT_3D('',#7031,#7032,#7033);
#7031 = CARTESIAN_POINT('',(-8.,-16.,0.));
#7032 = DIRECTION('',(0.,0.,1.));
#7033 = DIRECTION('',(1.,0.,0.));
#7034 = ORIENTED_EDGE('',*,*,#7020,.T.);
#7035 = CONICAL_SURFACE('',#7036,3.016854249492,0.588002603548);
#7036 = AXIS2_PLACEMENT_3D('',#7037,#7038,#7039);
#7037 = CARTESIAN_POINT('',(-8.,-16.,0.));
#7038 = DIRECTION('',(0.,0.,1.));
#7039 = DIRECTION('',(1.,0.,0.));
#7040 = ADVANCED_FACE('',(#7041),#7047,.T.);
#7041 = FACE_BOUND('',#7042,.T.);
#7042 = EDGE_LOOP('',(#7043,#7044,#7045,#7046));
#7043 = ORIENTED_EDGE('',*,*,#6351,.F.);
#7044 = ORIENTED_EDGE('',*,*,#6310,.T.);
#7045 = ORIENTED_EDGE('',*,*,#6274,.F.);
#7046 = ORIENTED_EDGE('',*,*,#6846,.F.);
#7047 = PLANE('',#7048);
#7048 = AXIS2_PLACEMENT_3D('',#7049,#7050,#7051);
#7049 = CARTESIAN_POINT('',(-7.422394985724E-16,9.366853390434E-16,6.8)
  );
#7050 = DIRECTION('',(-0.,-0.,-1.));
#7051 = DIRECTION('',(-1.,0.,0.));
#7052 = ADVANCED_FACE('',(#7053),#7072,.T.);
#7053 = FACE_BOUND('',#7054,.T.);
#7054 = EDGE_LOOP('',(#7055,#7056,#7064,#7071));
#7055 = ORIENTED_EDGE('',*,*,#6325,.F.);
#7056 = ORIENTED_EDGE('',*,*,#7057,.F.);
#7057 = EDGE_CURVE('',#7058,#6326,#7060,.T.);
#7058 = VERTEX_POINT('',#7059);
#7059 = CARTESIAN_POINT('',(-4.983145750508,-24.,0.));
#7060 = LINE('',#7061,#7062);
#7061 = CARTESIAN_POINT('',(-4.983145750508,-24.,0.));
#7062 = VECTOR('',#7063,1.);
#7063 = DIRECTION('',(0.554700196225,-1.358623639587E-16,0.832050294338)
  );
#7064 = ORIENTED_EDGE('',*,*,#7065,.T.);
#7065 = EDGE_CURVE('',#7058,#7058,#7066,.T.);
#7066 = CIRCLE('',#7067,3.016854249492);
#7067 = AXIS2_PLACEMENT_3D('',#7068,#7069,#7070);
#7068 = CARTESIAN_POINT('',(-8.,-24.,0.));
#7069 = DIRECTION('',(0.,0.,1.));
#7070 = DIRECTION('',(1.,0.,0.));
#7071 = ORIENTED_EDGE('',*,*,#7057,.T.);
#7072 = CONICAL_SURFACE('',#7073,3.016854249492,0.588002603548);
#7073 = AXIS2_PLACEMENT_3D('',#7074,#7075,#7076);
#7074 = CARTESIAN_POINT('',(-8.,-24.,0.));
#7075 = DIRECTION('',(0.,0.,1.));
#7076 = DIRECTION('',(1.,0.,0.));
#7077 = ADVANCED_FACE('',(#7078),#7097,.T.);
#7078 = FACE_BOUND('',#7079,.T.);
#7079 = EDGE_LOOP('',(#7080,#7081,#7089,#7096));
#7080 = ORIENTED_EDGE('',*,*,#6379,.F.);
#7081 = ORIENTED_EDGE('',*,*,#7082,.F.);
#7082 = EDGE_CURVE('',#7083,#6380,#7085,.T.);
#7083 = VERTEX_POINT('',#7084);
#7084 = CARTESIAN_POINT('',(11.016854249492,16.,0.));
#7085 = LINE('',#7086,#7087);
#7086 = CARTESIAN_POINT('',(11.016854249492,16.,0.));
#7087 = VECTOR('',#7088,1.);
#7088 = DIRECTION('',(0.554700196225,-1.358623639587E-16,0.832050294338)
  );
#7089 = ORIENTED_EDGE('',*,*,#7090,.T.);
#7090 = EDGE_CURVE('',#7083,#7083,#7091,.T.);
#7091 = CIRCLE('',#7092,3.016854249492);
#7092 = AXIS2_PLACEMENT_3D('',#7093,#7094,#7095);
#7093 = CARTESIAN_POINT('',(8.,16.,0.));
#7094 = DIRECTION('',(0.,0.,1.));
#7095 = DIRECTION('',(1.,0.,0.));
#7096 = ORIENTED_EDGE('',*,*,#7082,.T.);
#7097 = CONICAL_SURFACE('',#7098,3.016854249492,0.588002603548);
#7098 = AXIS2_PLACEMENT_3D('',#7099,#7100,#7101);
#7099 = CARTESIAN_POINT('',(8.,16.,0.));
#7100 = DIRECTION('',(0.,0.,1.));
#7101 = DIRECTION('',(1.,0.,0.));
#7102 = ADVANCED_FACE('',(#7103),#7109,.T.);
#7103 = FACE_BOUND('',#7104,.T.);
#7104 = EDGE_LOOP('',(#7105,#7106,#7107,#7108));
#7105 = ORIENTED_EDGE('',*,*,#6510,.F.);
#7106 = ORIENTED_EDGE('',*,*,#6469,.T.);
#7107 = ORIENTED_EDGE('',*,*,#6433,.F.);
#7108 = ORIENTED_EDGE('',*,*,#6761,.F.);
#7109 = PLANE('',#7110);
#7110 = AXIS2_PLACEMENT_3D('',#7111,#7112,#7113);
#7111 = CARTESIAN_POINT('',(-7.422394985724E-16,9.366853390434E-16,6.8)
  );
#7112 = DIRECTION('',(-0.,-0.,-1.));
#7113 = DIRECTION('',(-1.,0.,0.));
#7114 = ADVANCED_FACE('',(#7115),#7121,.T.);
#7115 = FACE_BOUND('',#7116,.T.);
#7116 = EDGE_LOOP('',(#7117,#7118,#7119,#7120));
#7117 = ORIENTED_EDGE('',*,*,#6405,.F.);
#7118 = ORIENTED_EDGE('',*,*,#6744,.T.);
#7119 = ORIENTED_EDGE('',*,*,#6715,.F.);
#7120 = ORIENTED_EDGE('',*,*,#6778,.F.);
#7121 = PLANE('',#7122);
#7122 = AXIS2_PLACEMENT_3D('',#7123,#7124,#7125);
#7123 = CARTESIAN_POINT('',(-7.422394985724E-16,9.366853390434E-16,6.8)
  );
#7124 = DIRECTION('',(-0.,-0.,-1.));
#7125 = DIRECTION('',(-1.,0.,0.));
#7126 = ADVANCED_FACE('',(#7127),#7146,.T.);
#7127 = FACE_BOUND('',#7128,.T.);
#7128 = EDGE_LOOP('',(#7129,#7130,#7138,#7145));
#7129 = ORIENTED_EDGE('',*,*,#6484,.F.);
#7130 = ORIENTED_EDGE('',*,*,#7131,.F.);
#7131 = EDGE_CURVE('',#7132,#6485,#7134,.T.);
#7132 = VERTEX_POINT('',#7133);
#7133 = CARTESIAN_POINT('',(11.016854249492,8.,0.));
#7134 = LINE('',#7135,#7136);
#7135 = CARTESIAN_POINT('',(11.016854249492,8.,0.));
#7136 = VECTOR('',#7137,1.);
#7137 = DIRECTION('',(0.554700196225,-1.358623639587E-16,0.832050294338)
  );
#7138 = ORIENTED_EDGE('',*,*,#7139,.T.);
#7139 = EDGE_CURVE('',#7132,#7132,#7140,.T.);
#7140 = CIRCLE('',#7141,3.016854249492);
#7141 = AXIS2_PLACEMENT_3D('',#7142,#7143,#7144);
#7142 = CARTESIAN_POINT('',(8.,8.,0.));
#7143 = DIRECTION('',(0.,0.,1.));
#7144 = DIRECTION('',(1.,0.,0.));
#7145 = ORIENTED_EDGE('',*,*,#7131,.T.);
#7146 = CONICAL_SURFACE('',#7147,3.016854249492,0.588002603548);
#7147 = AXIS2_PLACEMENT_3D('',#7148,#7149,#7150);
#7148 = CARTESIAN_POINT('',(8.,8.,0.));
#7149 = DIRECTION('',(0.,0.,1.));
#7150 = DIRECTION('',(1.,0.,0.));
#7151 = ADVANCED_FACE('',(#7152),#7159,.T.);
#7152 = FACE_BOUND('',#7153,.T.);
#7153 = EDGE_LOOP('',(#7154,#7155,#7156,#7157,#7158));
#7154 = ORIENTED_EDGE('',*,*,#6793,.F.);
#7155 = ORIENTED_EDGE('',*,*,#6648,.F.);
#7156 = ORIENTED_EDGE('',*,*,#6599,.F.);
#7157 = ORIENTED_EDGE('',*,*,#6558,.T.);
#7158 = ORIENTED_EDGE('',*,*,#6527,.F.);
#7159 = PLANE('',#7160);
#7160 = AXIS2_PLACEMENT_3D('',#7161,#7162,#7163);
#7161 = CARTESIAN_POINT('',(-7.422394985724E-16,9.366853390434E-16,6.8)
  );
#7162 = DIRECTION('',(-0.,-0.,-1.));
#7163 = DIRECTION('',(-1.,0.,0.));
#7164 = ADVANCED_FACE('',(#7165),#7184,.T.);
#7165 = FACE_BOUND('',#7166,.T.);
#7166 = EDGE_LOOP('',(#7167,#7168,#7176,#7183));
#7167 = ORIENTED_EDGE('',*,*,#6582,.F.);
#7168 = ORIENTED_EDGE('',*,*,#7169,.F.);
#7169 = EDGE_CURVE('',#7170,#6583,#7172,.T.);
#7170 = VERTEX_POINT('',#7171);
#7171 = CARTESIAN_POINT('',(3.016854249492,8.,0.));
#7172 = LINE('',#7173,#7174);
#7173 = CARTESIAN_POINT('',(3.016854249492,8.,0.));
#7174 = VECTOR('',#7175,1.);
#7175 = DIRECTION('',(0.554700196225,-1.358623639587E-16,0.832050294338)
  );
#7176 = ORIENTED_EDGE('',*,*,#7177,.T.);
#7177 = EDGE_CURVE('',#7170,#7170,#7178,.T.);
#7178 = CIRCLE('',#7179,3.016854249492);
#7179 = AXIS2_PLACEMENT_3D('',#7180,#7181,#7182);
#7180 = CARTESIAN_POINT('',(0.,8.,0.));
#7181 = DIRECTION('',(0.,0.,1.));
#7182 = DIRECTION('',(1.,0.,0.));
#7183 = ORIENTED_EDGE('',*,*,#7169,.T.);
#7184 = CONICAL_SURFACE('',#7185,3.016854249492,0.588002603548);
#7185 = AXIS2_PLACEMENT_3D('',#7186,#7187,#7188);
#7186 = CARTESIAN_POINT('',(0.,8.,0.));
#7187 = DIRECTION('',(0.,0.,1.));
#7188 = DIRECTION('',(1.,0.,0.));
#7189 = ADVANCED_FACE('',(#7190),#7209,.T.);
#7190 = FACE_BOUND('',#7191,.T.);
#7191 = EDGE_LOOP('',(#7192,#7193,#7201,#7208));
#7192 = ORIENTED_EDGE('',*,*,#6681,.F.);
#7193 = ORIENTED_EDGE('',*,*,#7194,.F.);
#7194 = EDGE_CURVE('',#7195,#6682,#7197,.T.);
#7195 = VERTEX_POINT('',#7196);
#7196 = CARTESIAN_POINT('',(11.016854249492,24.,0.));
#7197 = LINE('',#7198,#7199);
#7198 = CARTESIAN_POINT('',(11.016854249492,24.,0.));
#7199 = VECTOR('',#7200,1.);
#7200 = DIRECTION('',(0.554700196225,-1.358623639587E-16,0.832050294338)
  );
#7201 = ORIENTED_EDGE('',*,*,#7202,.T.);
#7202 = EDGE_CURVE('',#7195,#7195,#7203,.T.);
#7203 = CIRCLE('',#7204,3.016854249492);
#7204 = AXIS2_PLACEMENT_3D('',#7205,#7206,#7207);
#7205 = CARTESIAN_POINT('',(8.,24.,0.));
#7206 = DIRECTION('',(0.,0.,1.));
#7207 = DIRECTION('',(1.,0.,0.));
#7208 = ORIENTED_EDGE('',*,*,#7194,.T.);
#7209 = CONICAL_SURFACE('',#7210,3.016854249492,0.588002603548);
#7210 = AXIS2_PLACEMENT_3D('',#7211,#7212,#7213);
#7211 = CARTESIAN_POINT('',(8.,24.,0.));
#7212 = DIRECTION('',(0.,0.,1.));
#7213 = DIRECTION('',(1.,0.,0.));
#7214 = ADVANCED_FACE('',(#7215,#7218),#7229,.F.);
#7215 = FACE_BOUND('',#7216,.F.);
#7216 = EDGE_LOOP('',(#7217));
#7217 = ORIENTED_EDGE('',*,*,#6904,.T.);
#7218 = FACE_BOUND('',#7219,.F.);
#7219 = EDGE_LOOP('',(#7220));
#7220 = ORIENTED_EDGE('',*,*,#7221,.F.);
#7221 = EDGE_CURVE('',#7222,#7222,#7224,.T.);
#7222 = VERTEX_POINT('',#7223);
#7223 = CARTESIAN_POINT('',(-6.4,8.,0.));
#7224 = CIRCLE('',#7225,1.6);
#7225 = AXIS2_PLACEMENT_3D('',#7226,#7227,#7228);
#7226 = CARTESIAN_POINT('',(-8.,8.,0.));
#7227 = DIRECTION('',(0.,0.,1.));
#7228 = DIRECTION('',(1.,0.,0.));
#7229 = PLANE('',#7230);
#7230 = AXIS2_PLACEMENT_3D('',#7231,#7232,#7233);
#7231 = CARTESIAN_POINT('',(-8.,8.,0.));
#7232 = DIRECTION('',(0.,0.,1.));
#7233 = DIRECTION('',(1.,0.,0.));
#7234 = ADVANCED_FACE('',(#7235,#7238),#7249,.F.);
#7235 = FACE_BOUND('',#7236,.F.);
#7236 = EDGE_LOOP('',(#7237));
#7237 = ORIENTED_EDGE('',*,*,#6954,.T.);
#7238 = FACE_BOUND('',#7239,.F.);
#7239 = EDGE_LOOP('',(#7240));
#7240 = ORIENTED_EDGE('',*,*,#7241,.F.);
#7241 = EDGE_CURVE('',#7242,#7242,#7244,.T.);
#7242 = VERTEX_POINT('',#7243);
#7243 = CARTESIAN_POINT('',(-6.4,-3.918869757272E-16,0.));
#7244 = CIRCLE('',#7245,1.6);
#7245 = AXIS2_PLACEMENT_3D('',#7246,#7247,#7248);
#7246 = CARTESIAN_POINT('',(-8.,0.,0.));
#7247 = DIRECTION('',(0.,0.,1.));
#7248 = DIRECTION('',(1.,0.,0.));
#7249 = PLANE('',#7250);
#7250 = AXIS2_PLACEMENT_3D('',#7251,#7252,#7253);
#7251 = CARTESIAN_POINT('',(-8.,0.,0.));
#7252 = DIRECTION('',(0.,0.,1.));
#7253 = DIRECTION('',(1.,0.,0.));
#7254 = ADVANCED_FACE('',(#7255,#7258),#7269,.F.);
#7255 = FACE_BOUND('',#7256,.F.);
#7256 = EDGE_LOOP('',(#7257));
#7257 = ORIENTED_EDGE('',*,*,#6991,.T.);
#7258 = FACE_BOUND('',#7259,.F.);
#7259 = EDGE_LOOP('',(#7260));
#7260 = ORIENTED_EDGE('',*,*,#7261,.F.);
#7261 = EDGE_CURVE('',#7262,#7262,#7264,.T.);
#7262 = VERTEX_POINT('',#7263);
#7263 = CARTESIAN_POINT('',(-6.4,-8.,0.));
#7264 = CIRCLE('',#7265,1.6);
#7265 = AXIS2_PLACEMENT_3D('',#7266,#7267,#7268);
#7266 = CARTESIAN_POINT('',(-8.,-8.,0.));
#7267 = DIRECTION('',(0.,0.,1.));
#7268 = DIRECTION('',(1.,0.,0.));
#7269 = PLANE('',#7270);
#7270 = AXIS2_PLACEMENT_3D('',#7271,#7272,#7273);
#7271 = CARTESIAN_POINT('',(-8.,-8.,0.));
#7272 = DIRECTION('',(0.,0.,1.));
#7273 = DIRECTION('',(1.,0.,0.));
#7274 = ADVANCED_FACE('',(#7275,#7278),#7289,.F.);
#7275 = FACE_BOUND('',#7276,.F.);
#7276 = EDGE_LOOP('',(#7277));
#7277 = ORIENTED_EDGE('',*,*,#7028,.T.);
#7278 = FACE_BOUND('',#7279,.F.);
#7279 = EDGE_LOOP('',(#7280));
#7280 = ORIENTED_EDGE('',*,*,#7281,.F.);
#7281 = EDGE_CURVE('',#7282,#7282,#7284,.T.);
#7282 = VERTEX_POINT('',#7283);
#7283 = CARTESIAN_POINT('',(-6.4,-16.,0.));
#7284 = CIRCLE('',#7285,1.6);
#7285 = AXIS2_PLACEMENT_3D('',#7286,#7287,#7288);
#7286 = CARTESIAN_POINT('',(-8.,-16.,0.));
#7287 = DIRECTION('',(0.,0.,1.));
#7288 = DIRECTION('',(1.,0.,0.));
#7289 = PLANE('',#7290);
#7290 = AXIS2_PLACEMENT_3D('',#7291,#7292,#7293);
#7291 = CARTESIAN_POINT('',(-8.,-16.,0.));
#7292 = DIRECTION('',(0.,0.,1.));
#7293 = DIRECTION('',(1.,0.,0.));
#7294 = ADVANCED_FACE('',(#7295,#7298),#7309,.F.);
#7295 = FACE_BOUND('',#7296,.F.);
#7296 = EDGE_LOOP('',(#7297));
#7297 = ORIENTED_EDGE('',*,*,#7065,.T.);
#7298 = FACE_BOUND('',#7299,.F.);
#7299 = EDGE_LOOP('',(#7300));
#7300 = ORIENTED_EDGE('',*,*,#7301,.F.);
#7301 = EDGE_CURVE('',#7302,#7302,#7304,.T.);
#7302 = VERTEX_POINT('',#7303);
#7303 = CARTESIAN_POINT('',(-6.4,-24.,0.));
#7304 = CIRCLE('',#7305,1.6);
#7305 = AXIS2_PLACEMENT_3D('',#7306,#7307,#7308);
#7306 = CARTESIAN_POINT('',(-8.,-24.,0.));
#7307 = DIRECTION('',(0.,0.,1.));
#7308 = DIRECTION('',(1.,0.,0.));
#7309 = PLANE('',#7310);
#7310 = AXIS2_PLACEMENT_3D('',#7311,#7312,#7313);
#7311 = CARTESIAN_POINT('',(-8.,-24.,0.));
#7312 = DIRECTION('',(0.,0.,1.));
#7313 = DIRECTION('',(1.,0.,0.));
#7314 = ADVANCED_FACE('',(#7315,#7318),#7329,.F.);
#7315 = FACE_BOUND('',#7316,.F.);
#7316 = EDGE_LOOP('',(#7317));
#7317 = ORIENTED_EDGE('',*,*,#7090,.T.);
#7318 = FACE_BOUND('',#7319,.F.);
#7319 = EDGE_LOOP('',(#7320));
#7320 = ORIENTED_EDGE('',*,*,#7321,.F.);
#7321 = EDGE_CURVE('',#7322,#7322,#7324,.T.);
#7322 = VERTEX_POINT('',#7323);
#7323 = CARTESIAN_POINT('',(9.6,16.,0.));
#7324 = CIRCLE('',#7325,1.6);
#7325 = AXIS2_PLACEMENT_3D('',#7326,#7327,#7328);
#7326 = CARTESIAN_POINT('',(8.,16.,0.));
#7327 = DIRECTION('',(0.,0.,1.));
#7328 = DIRECTION('',(1.,0.,0.));
#7329 = PLANE('',#7330);
#7330 = AXIS2_PLACEMENT_3D('',#7331,#7332,#7333);
#7331 = CARTESIAN_POINT('',(8.,16.,0.));
#7332 = DIRECTION('',(0.,0.,1.));
#7333 = DIRECTION('',(1.,0.,0.));
#7334 = ADVANCED_FACE('',(#7335,#7338),#7349,.F.);
#7335 = FACE_BOUND('',#7336,.F.);
#7336 = EDGE_LOOP('',(#7337));
#7337 = ORIENTED_EDGE('',*,*,#7139,.T.);
#7338 = FACE_BOUND('',#7339,.F.);
#7339 = EDGE_LOOP('',(#7340));
#7340 = ORIENTED_EDGE('',*,*,#7341,.F.);
#7341 = EDGE_CURVE('',#7342,#7342,#7344,.T.);
#7342 = VERTEX_POINT('',#7343);
#7343 = CARTESIAN_POINT('',(9.6,8.,0.));
#7344 = CIRCLE('',#7345,1.6);
#7345 = AXIS2_PLACEMENT_3D('',#7346,#7347,#7348);
#7346 = CARTESIAN_POINT('',(8.,8.,0.));
#7347 = DIRECTION('',(0.,0.,1.));
#7348 = DIRECTION('',(1.,0.,0.));
#7349 = PLANE('',#7350);
#7350 = AXIS2_PLACEMENT_3D('',#7351,#7352,#7353);
#7351 = CARTESIAN_POINT('',(8.,8.,0.));
#7352 = DIRECTION('',(0.,0.,1.));
#7353 = DIRECTION('',(1.,0.,0.));
#7354 = ADVANCED_FACE('',(#7355,#7358),#7369,.F.);
#7355 = FACE_BOUND('',#7356,.F.);
#7356 = EDGE_LOOP('',(#7357));
#7357 = ORIENTED_EDGE('',*,*,#7177,.T.);
#7358 = FACE_BOUND('',#7359,.F.);
#7359 = EDGE_LOOP('',(#7360));
#7360 = ORIENTED_EDGE('',*,*,#7361,.F.);
#7361 = EDGE_CURVE('',#7362,#7362,#7364,.T.);
#7362 = VERTEX_POINT('',#7363);
#7363 = CARTESIAN_POINT('',(1.6,8.,0.));
#7364 = CIRCLE('',#7365,1.6);
#7365 = AXIS2_PLACEMENT_3D('',#7366,#7367,#7368);
#7366 = CARTESIAN_POINT('',(0.,8.,0.));
#7367 = DIRECTION('',(0.,0.,1.));
#7368 = DIRECTION('',(1.,0.,0.));
#7369 = PLANE('',#7370);
#7370 = AXIS2_PLACEMENT_3D('',#7371,#7372,#7373);
#7371 = CARTESIAN_POINT('',(0.,8.,0.));
#7372 = DIRECTION('',(0.,0.,1.));
#7373 = DIRECTION('',(1.,0.,0.));
#7374 = ADVANCED_FACE('',(#7375,#7378),#7389,.F.);
#7375 = FACE_BOUND('',#7376,.F.);
#7376 = EDGE_LOOP('',(#7377));
#7377 = ORIENTED_EDGE('',*,*,#7202,.T.);
#7378 = FACE_BOUND('',#7379,.F.);
#7379 = EDGE_LOOP('',(#7380));
#7380 = ORIENTED_EDGE('',*,*,#7381,.F.);
#7381 = EDGE_CURVE('',#7382,#7382,#7384,.T.);
#7382 = VERTEX_POINT('',#7383);
#7383 = CARTESIAN_POINT('',(9.6,24.,0.));
#7384 = CIRCLE('',#7385,1.6);
#7385 = AXIS2_PLACEMENT_3D('',#7386,#7387,#7388);
#7386 = CARTESIAN_POINT('',(8.,24.,0.));
#7387 = DIRECTION('',(0.,0.,1.));
#7388 = DIRECTION('',(1.,0.,0.));
#7389 = PLANE('',#7390);
#7390 = AXIS2_PLACEMENT_3D('',#7391,#7392,#7393);
#7391 = CARTESIAN_POINT('',(8.,24.,0.));
#7392 = DIRECTION('',(0.,0.,1.));
#7393 = DIRECTION('',(1.,0.,0.));
#7394 = ADVANCED_FACE('',(#7395),#7414,.F.);
#7395 = FACE_BOUND('',#7396,.T.);
#7396 = EDGE_LOOP('',(#7397,#7405,#7412,#7413));
#7397 = ORIENTED_EDGE('',*,*,#7398,.T.);
#7398 = EDGE_CURVE('',#7222,#7399,#7401,.T.);
#7399 = VERTEX_POINT('',#7400);
#7400 = CARTESIAN_POINT('',(-6.4,8.,8.));
#7401 = LINE('',#7402,#7403);
#7402 = CARTESIAN_POINT('',(-6.4,8.,0.));
#7403 = VECTOR('',#7404,1.);
#7404 = DIRECTION('',(0.,0.,1.));
#7405 = ORIENTED_EDGE('',*,*,#7406,.T.);
#7406 = EDGE_CURVE('',#7399,#7399,#7407,.T.);
#7407 = CIRCLE('',#7408,1.6);
#7408 = AXIS2_PLACEMENT_3D('',#7409,#7410,#7411);
#7409 = CARTESIAN_POINT('',(-8.,8.,8.));
#7410 = DIRECTION('',(0.,0.,1.));
#7411 = DIRECTION('',(1.,0.,0.));
#7412 = ORIENTED_EDGE('',*,*,#7398,.F.);
#7413 = ORIENTED_EDGE('',*,*,#7221,.F.);
#7414 = CYLINDRICAL_SURFACE('',#7415,1.6);
#7415 = AXIS2_PLACEMENT_3D('',#7416,#7417,#7418);
#7416 = CARTESIAN_POINT('',(-8.,8.,0.));
#7417 = DIRECTION('',(-0.,-0.,-1.));
#7418 = DIRECTION('',(1.,0.,0.));
#7419 = ADVANCED_FACE('',(#7420),#7439,.F.);
#7420 = FACE_BOUND('',#7421,.T.);
#7421 = EDGE_LOOP('',(#7422,#7430,#7437,#7438));
#7422 = ORIENTED_EDGE('',*,*,#7423,.T.);
#7423 = EDGE_CURVE('',#7242,#7424,#7426,.T.);
#7424 = VERTEX_POINT('',#7425);
#7425 = CARTESIAN_POINT('',(-6.4,-3.918869757272E-16,8.));
#7426 = LINE('',#7427,#7428);
#7427 = CARTESIAN_POINT('',(-6.4,-3.918869757272E-16,0.));
#7428 = VECTOR('',#7429,1.);
#7429 = DIRECTION('',(0.,0.,1.));
#7430 = ORIENTED_EDGE('',*,*,#7431,.T.);
#7431 = EDGE_CURVE('',#7424,#7424,#7432,.T.);
#7432 = CIRCLE('',#7433,1.6);
#7433 = AXIS2_PLACEMENT_3D('',#7434,#7435,#7436);
#7434 = CARTESIAN_POINT('',(-8.,0.,8.));
#7435 = DIRECTION('',(0.,0.,1.));
#7436 = DIRECTION('',(1.,0.,0.));
#7437 = ORIENTED_EDGE('',*,*,#7423,.F.);
#7438 = ORIENTED_EDGE('',*,*,#7241,.F.);
#7439 = CYLINDRICAL_SURFACE('',#7440,1.6);
#7440 = AXIS2_PLACEMENT_3D('',#7441,#7442,#7443);
#7441 = CARTESIAN_POINT('',(-8.,0.,0.));
#7442 = DIRECTION('',(-0.,-0.,-1.));
#7443 = DIRECTION('',(1.,0.,0.));
#7444 = ADVANCED_FACE('',(#7445),#7464,.F.);
#7445 = FACE_BOUND('',#7446,.T.);
#7446 = EDGE_LOOP('',(#7447,#7455,#7462,#7463));
#7447 = ORIENTED_EDGE('',*,*,#7448,.T.);
#7448 = EDGE_CURVE('',#7262,#7449,#7451,.T.);
#7449 = VERTEX_POINT('',#7450);
#7450 = CARTESIAN_POINT('',(-6.4,-8.,8.));
#7451 = LINE('',#7452,#7453);
#7452 = CARTESIAN_POINT('',(-6.4,-8.,0.));
#7453 = VECTOR('',#7454,1.);
#7454 = DIRECTION('',(0.,0.,1.));
#7455 = ORIENTED_EDGE('',*,*,#7456,.T.);
#7456 = EDGE_CURVE('',#7449,#7449,#7457,.T.);
#7457 = CIRCLE('',#7458,1.6);
#7458 = AXIS2_PLACEMENT_3D('',#7459,#7460,#7461);
#7459 = CARTESIAN_POINT('',(-8.,-8.,8.));
#7460 = DIRECTION('',(0.,0.,1.));
#7461 = DIRECTION('',(1.,0.,0.));
#7462 = ORIENTED_EDGE('',*,*,#7448,.F.);
#7463 = ORIENTED_EDGE('',*,*,#7261,.F.);
#7464 = CYLINDRICAL_SURFACE('',#7465,1.6);
#7465 = AXIS2_PLACEMENT_3D('',#7466,#7467,#7468);
#7466 = CARTESIAN_POINT('',(-8.,-8.,0.));
#7467 = DIRECTION('',(-0.,-0.,-1.));
#7468 = DIRECTION('',(1.,0.,0.));
#7469 = ADVANCED_FACE('',(#7470),#7489,.F.);
#7470 = FACE_BOUND('',#7471,.T.);
#7471 = EDGE_LOOP('',(#7472,#7480,#7487,#7488));
#7472 = ORIENTED_EDGE('',*,*,#7473,.T.);
#7473 = EDGE_CURVE('',#7282,#7474,#7476,.T.);
#7474 = VERTEX_POINT('',#7475);
#7475 = CARTESIAN_POINT('',(-6.4,-16.,8.));
#7476 = LINE('',#7477,#7478);
#7477 = CARTESIAN_POINT('',(-6.4,-16.,0.));
#7478 = VECTOR('',#7479,1.);
#7479 = DIRECTION('',(0.,0.,1.));
#7480 = ORIENTED_EDGE('',*,*,#7481,.T.);
#7481 = EDGE_CURVE('',#7474,#7474,#7482,.T.);
#7482 = CIRCLE('',#7483,1.6);
#7483 = AXIS2_PLACEMENT_3D('',#7484,#7485,#7486);
#7484 = CARTESIAN_POINT('',(-8.,-16.,8.));
#7485 = DIRECTION('',(0.,0.,1.));
#7486 = DIRECTION('',(1.,0.,0.));
#7487 = ORIENTED_EDGE('',*,*,#7473,.F.);
#7488 = ORIENTED_EDGE('',*,*,#7281,.F.);
#7489 = CYLINDRICAL_SURFACE('',#7490,1.6);
#7490 = AXIS2_PLACEMENT_3D('',#7491,#7492,#7493);
#7491 = CARTESIAN_POINT('',(-8.,-16.,0.));
#7492 = DIRECTION('',(-0.,-0.,-1.));
#7493 = DIRECTION('',(1.,0.,0.));
#7494 = ADVANCED_FACE('',(#7495),#7514,.F.);
#7495 = FACE_BOUND('',#7496,.T.);
#7496 = EDGE_LOOP('',(#7497,#7505,#7512,#7513));
#7497 = ORIENTED_EDGE('',*,*,#7498,.T.);
#7498 = EDGE_CURVE('',#7302,#7499,#7501,.T.);
#7499 = VERTEX_POINT('',#7500);
#7500 = CARTESIAN_POINT('',(-6.4,-24.,8.));
#7501 = LINE('',#7502,#7503);
#7502 = CARTESIAN_POINT('',(-6.4,-24.,0.));
#7503 = VECTOR('',#7504,1.);
#7504 = DIRECTION('',(0.,0.,1.));
#7505 = ORIENTED_EDGE('',*,*,#7506,.T.);
#7506 = EDGE_CURVE('',#7499,#7499,#7507,.T.);
#7507 = CIRCLE('',#7508,1.6);
#7508 = AXIS2_PLACEMENT_3D('',#7509,#7510,#7511);
#7509 = CARTESIAN_POINT('',(-8.,-24.,8.));
#7510 = DIRECTION('',(0.,0.,1.));
#7511 = DIRECTION('',(1.,0.,0.));
#7512 = ORIENTED_EDGE('',*,*,#7498,.F.);
#7513 = ORIENTED_EDGE('',*,*,#7301,.F.);
#7514 = CYLINDRICAL_SURFACE('',#7515,1.6);
#7515 = AXIS2_PLACEMENT_3D('',#7516,#7517,#7518);
#7516 = CARTESIAN_POINT('',(-8.,-24.,0.));
#7517 = DIRECTION('',(-0.,-0.,-1.));
#7518 = DIRECTION('',(1.,0.,0.));
#7519 = ADVANCED_FACE('',(#7520),#7539,.F.);
#7520 = FACE_BOUND('',#7521,.T.);
#7521 = EDGE_LOOP('',(#7522,#7530,#7537,#7538));
#7522 = ORIENTED_EDGE('',*,*,#7523,.T.);
#7523 = EDGE_CURVE('',#7322,#7524,#7526,.T.);
#7524 = VERTEX_POINT('',#7525);
#7525 = CARTESIAN_POINT('',(9.6,16.,8.));
#7526 = LINE('',#7527,#7528);
#7527 = CARTESIAN_POINT('',(9.6,16.,0.));
#7528 = VECTOR('',#7529,1.);
#7529 = DIRECTION('',(0.,0.,1.));
#7530 = ORIENTED_EDGE('',*,*,#7531,.T.);
#7531 = EDGE_CURVE('',#7524,#7524,#7532,.T.);
#7532 = CIRCLE('',#7533,1.6);
#7533 = AXIS2_PLACEMENT_3D('',#7534,#7535,#7536);
#7534 = CARTESIAN_POINT('',(8.,16.,8.));
#7535 = DIRECTION('',(0.,0.,1.));
#7536 = DIRECTION('',(1.,0.,0.));
#7537 = ORIENTED_EDGE('',*,*,#7523,.F.);
#7538 = ORIENTED_EDGE('',*,*,#7321,.F.);
#7539 = CYLINDRICAL_SURFACE('',#7540,1.6);
#7540 = AXIS2_PLACEMENT_3D('',#7541,#7542,#7543);
#7541 = CARTESIAN_POINT('',(8.,16.,0.));
#7542 = DIRECTION('',(-0.,-0.,-1.));
#7543 = DIRECTION('',(1.,0.,0.));
#7544 = ADVANCED_FACE('',(#7545),#7564,.F.);
#7545 = FACE_BOUND('',#7546,.T.);
#7546 = EDGE_LOOP('',(#7547,#7555,#7562,#7563));
#7547 = ORIENTED_EDGE('',*,*,#7548,.T.);
#7548 = EDGE_CURVE('',#7342,#7549,#7551,.T.);
#7549 = VERTEX_POINT('',#7550);
#7550 = CARTESIAN_POINT('',(9.6,8.,8.));
#7551 = LINE('',#7552,#7553);
#7552 = CARTESIAN_POINT('',(9.6,8.,0.));
#7553 = VECTOR('',#7554,1.);
#7554 = DIRECTION('',(0.,0.,1.));
#7555 = ORIENTED_EDGE('',*,*,#7556,.T.);
#7556 = EDGE_CURVE('',#7549,#7549,#7557,.T.);
#7557 = CIRCLE('',#7558,1.6);
#7558 = AXIS2_PLACEMENT_3D('',#7559,#7560,#7561);
#7559 = CARTESIAN_POINT('',(8.,8.,8.));
#7560 = DIRECTION('',(0.,0.,1.));
#7561 = DIRECTION('',(1.,0.,0.));
#7562 = ORIENTED_EDGE('',*,*,#7548,.F.);
#7563 = ORIENTED_EDGE('',*,*,#7341,.F.);
#7564 = CYLINDRICAL_SURFACE('',#7565,1.6);
#7565 = AXIS2_PLACEMENT_3D('',#7566,#7567,#7568);
#7566 = CARTESIAN_POINT('',(8.,8.,0.));
#7567 = DIRECTION('',(-0.,-0.,-1.));
#7568 = DIRECTION('',(1.,0.,0.));
#7569 = ADVANCED_FACE('',(#7570),#7589,.F.);
#7570 = FACE_BOUND('',#7571,.T.);
#7571 = EDGE_LOOP('',(#7572,#7580,#7587,#7588));
#7572 = ORIENTED_EDGE('',*,*,#7573,.T.);
#7573 = EDGE_CURVE('',#7362,#7574,#7576,.T.);
#7574 = VERTEX_POINT('',#7575);
#7575 = CARTESIAN_POINT('',(1.6,8.,8.));
#7576 = LINE('',#7577,#7578);
#7577 = CARTESIAN_POINT('',(1.6,8.,0.));
#7578 = VECTOR('',#7579,1.);
#7579 = DIRECTION('',(0.,0.,1.));
#7580 = ORIENTED_EDGE('',*,*,#7581,.T.);
#7581 = EDGE_CURVE('',#7574,#7574,#7582,.T.);
#7582 = CIRCLE('',#7583,1.6);
#7583 = AXIS2_PLACEMENT_3D('',#7584,#7585,#7586);
#7584 = CARTESIAN_POINT('',(0.,8.,8.));
#7585 = DIRECTION('',(0.,0.,1.));
#7586 = DIRECTION('',(1.,0.,0.));
#7587 = ORIENTED_EDGE('',*,*,#7573,.F.);
#7588 = ORIENTED_EDGE('',*,*,#7361,.F.);
#7589 = CYLINDRICAL_SURFACE('',#7590,1.6);
#7590 = AXIS2_PLACEMENT_3D('',#7591,#7592,#7593);
#7591 = CARTESIAN_POINT('',(0.,8.,0.));
#7592 = DIRECTION('',(-0.,-0.,-1.));
#7593 = DIRECTION('',(1.,0.,0.));
#7594 = ADVANCED_FACE('',(#7595),#7614,.F.);
#7595 = FACE_BOUND('',#7596,.T.);
#7596 = EDGE_LOOP('',(#7597,#7605,#7612,#7613));
#7597 = ORIENTED_EDGE('',*,*,#7598,.T.);
#7598 = EDGE_CURVE('',#7382,#7599,#7601,.T.);
#7599 = VERTEX_POINT('',#7600);
#7600 = CARTESIAN_POINT('',(9.6,24.,8.));
#7601 = LINE('',#7602,#7603);
#7602 = CARTESIAN_POINT('',(9.6,24.,0.));
#7603 = VECTOR('',#7604,1.);
#7604 = DIRECTION('',(0.,0.,1.));
#7605 = ORIENTED_EDGE('',*,*,#7606,.T.);
#7606 = EDGE_CURVE('',#7599,#7599,#7607,.T.);
#7607 = CIRCLE('',#7608,1.6);
#7608 = AXIS2_PLACEMENT_3D('',#7609,#7610,#7611);
#7609 = CARTESIAN_POINT('',(8.,24.,8.));
#7610 = DIRECTION('',(0.,0.,1.));
#7611 = DIRECTION('',(1.,0.,0.));
#7612 = ORIENTED_EDGE('',*,*,#7598,.F.);
#7613 = ORIENTED_EDGE('',*,*,#7381,.F.);
#7614 = CYLINDRICAL_SURFACE('',#7615,1.6);
#7615 = AXIS2_PLACEMENT_3D('',#7616,#7617,#7618);
#7616 = CARTESIAN_POINT('',(8.,24.,0.));
#7617 = DIRECTION('',(-0.,-0.,-1.));
#7618 = DIRECTION('',(1.,0.,0.));
#7619 = ADVANCED_FACE('',(#7620),#7623,.F.);
#7620 = FACE_BOUND('',#7621,.T.);
#7621 = EDGE_LOOP('',(#7622));
#7622 = ORIENTED_EDGE('',*,*,#7406,.F.);
#7623 = PLANE('',#7624);
#7624 = AXIS2_PLACEMENT_3D('',#7625,#7626,#7627);
#7625 = CARTESIAN_POINT('',(-8.,8.,8.));
#7626 = DIRECTION('',(0.,0.,1.));
#7627 = DIRECTION('',(1.,0.,0.));
#7628 = ADVANCED_FACE('',(#7629),#7632,.F.);
#7629 = FACE_BOUND('',#7630,.T.);
#7630 = EDGE_LOOP('',(#7631));
#7631 = ORIENTED_EDGE('',*,*,#7431,.F.);
#7632 = PLANE('',#7633);
#7633 = AXIS2_PLACEMENT_3D('',#7634,#7635,#7636);
#7634 = CARTESIAN_POINT('',(-8.,0.,8.));
#7635 = DIRECTION('',(0.,0.,1.));
#7636 = DIRECTION('',(1.,0.,0.));
#7637 = ADVANCED_FACE('',(#7638),#7641,.F.);
#7638 = FACE_BOUND('',#7639,.T.);
#7639 = EDGE_LOOP('',(#7640));
#7640 = ORIENTED_EDGE('',*,*,#7456,.F.);
#7641 = PLANE('',#7642);
#7642 = AXIS2_PLACEMENT_3D('',#7643,#7644,#7645);
#7643 = CARTESIAN_POINT('',(-8.,-8.,8.));
#7644 = DIRECTION('',(0.,0.,1.));
#7645 = DIRECTION('',(1.,0.,0.));
#7646 = ADVANCED_FACE('',(#7647),#7650,.F.);
#7647 = FACE_BOUND('',#7648,.T.);
#7648 = EDGE_LOOP('',(#7649));
#7649 = ORIENTED_EDGE('',*,*,#7481,.F.);
#7650 = PLANE('',#7651);
#7651 = AXIS2_PLACEMENT_3D('',#7652,#7653,#7654);
#7652 = CARTESIAN_POINT('',(-8.,-16.,8.));
#7653 = DIRECTION('',(0.,0.,1.));
#7654 = DIRECTION('',(1.,0.,0.));
#7655 = ADVANCED_FACE('',(#7656),#7659,.F.);
#7656 = FACE_BOUND('',#7657,.T.);
#7657 = EDGE_LOOP('',(#7658));
#7658 = ORIENTED_EDGE('',*,*,#7506,.F.);
#7659 = PLANE('',#7660);
#7660 = AXIS2_PLACEMENT_3D('',#7661,#7662,#7663);
#7661 = CARTESIAN_POINT('',(-8.,-24.,8.));
#7662 = DIRECTION('',(0.,0.,1.));
#7663 = DIRECTION('',(1.,0.,0.));
#7664 = ADVANCED_FACE('',(#7665),#7668,.F.);
#7665 = FACE_BOUND('',#7666,.T.);
#7666 = EDGE_LOOP('',(#7667));
#7667 = ORIENTED_EDGE('',*,*,#7531,.F.);
#7668 = PLANE('',#7669);
#7669 = AXIS2_PLACEMENT_3D('',#7670,#7671,#7672);
#7670 = CARTESIAN_POINT('',(8.,16.,8.));
#7671 = DIRECTION('',(0.,0.,1.));
#7672 = DIRECTION('',(1.,0.,0.));
#7673 = ADVANCED_FACE('',(#7674),#7677,.F.);
#7674 = FACE_BOUND('',#7675,.T.);
#7675 = EDGE_LOOP('',(#7676));
#7676 = ORIENTED_EDGE('',*,*,#7556,.F.);
#7677 = PLANE('',#7678);
#7678 = AXIS2_PLACEMENT_3D('',#7679,#7680,#7681);
#7679 = CARTESIAN_POINT('',(8.,8.,8.));
#7680 = DIRECTION('',(0.,0.,1.));
#7681 = DIRECTION('',(1.,0.,0.));
#7682 = ADVANCED_FACE('',(#7683),#7686,.F.);
#7683 = FACE_BOUND('',#7684,.T.);
#7684 = EDGE_LOOP('',(#7685));
#7685 = ORIENTED_EDGE('',*,*,#7581,.F.);
#7686 = PLANE('',#7687);
#7687 = AXIS2_PLACEMENT_3D('',#7688,#7689,#7690);
#7688 = CARTESIAN_POINT('',(0.,8.,8.));
#7689 = DIRECTION('',(0.,0.,1.));
#7690 = DIRECTION('',(1.,0.,0.));
#7691 = ADVANCED_FACE('',(#7692),#7695,.F.);
#7692 = FACE_BOUND('',#7693,.T.);
#7693 = EDGE_LOOP('',(#7694));
#7694 = ORIENTED_EDGE('',*,*,#7606,.F.);
#7695 = PLANE('',#7696);
#7696 = AXIS2_PLACEMENT_3D('',#7697,#7698,#7699);
#7697 = CARTESIAN_POINT('',(8.,24.,8.));
#7698 = DIRECTION('',(0.,0.,1.));
#7699 = DIRECTION('',(1.,0.,0.));
#7700 = ( GEOMETRIC_REPRESENTATION_CONTEXT(3) 
GLOBAL_UNCERTAINTY_ASSIGNED_CONTEXT((#7704)) 
GLOBAL_UNIT_ASSIGNED_CONTEXT((#7701,#7702,#7703)) REPRESENTATION_CONTEXT
('Context #1','3D Context with UNIT and UNCERTAINTY') );
#7701 = ( LENGTH_UNIT() NAMED_UNIT(*) SI_UNIT(.MILLI.,.METRE.) );
#7702 = ( NAMED_UNIT(*) PLANE_ANGLE_UNIT() SI_UNIT($,.RADIAN.) );
#7703 = ( NAMED_UNIT(*) SI_UNIT($,.STERADIAN.) SOLID_ANGLE_UNIT() );
#7704 = UNCERTAINTY_MEASURE_WITH_UNIT(LENGTH_MEASURE(5.E-06),#7701,
  'distance_accuracy_value','confusion accuracy');
#7705 = PRODUCT_RELATED_PRODUCT_CATEGORY('part',$,(#7));
ENDSEC;
END-ISO-10303-21;
