ISO-10303-21;
HEADER;
FILE_DESCRIPTION(('FreeCAD Model'),'2;1');
FILE_NAME('Open CASCADE Shape Model','2026-09-20T21:07:34',('FreeCAD'),(
    'FreeCAD'),'Open CASCADE STEP processor 7.8','FreeCAD','Unknown');
FILE_SCHEMA(('AUTOMOTIVE_DESIGN { 1 0 10303 214 1 1 1 1 }'));
ENDSEC;
DATA;
#1 = APPLICATION_PROTOCOL_DEFINITION('international standard',
  'automotive_design',2000,#2);
#2 = APPLICATION_CONTEXT(
  'core data for automotive mechanical design processes');
#3 = SHAPE_DEFINITION_REPRESENTATION(#4,#10);
#4 = PRODUCT_DEFINITION_SHAPE('','',#5);
#5 = PRODUCT_DEFINITION('design','',#6,#9);
#6 = PRODUCT_DEFINITION_FORMATION('','',#7);
#7 = PRODUCT('Open CASCADE STEP translator 7.8 3',
  'Open CASCADE STEP translator 7.8 3','',(#8));
#8 = PRODUCT_CONTEXT('',#2,'mechanical');
#9 = PRODUCT_DEFINITION_CONTEXT('part definition',#2,'design');
#10 = ADVANCED_BREP_SHAPE_REPRESENTATION('',(#11,#15),#2618);
#11 = AXIS2_PLACEMENT_3D('',#12,#13,#14);
#12 = CARTESIAN_POINT('',(0.,0.,0.));
#13 = DIRECTION('',(0.,0.,1.));
#14 = DIRECTION('',(1.,0.,-0.));
#15 = MANIFOLD_SOLID_BREP('',#16);
#16 = CLOSED_SHELL('',(#17,#50,#170,#195,#226,#250,#274,#291,#316,#341,
    #366,#391,#416,#441,#466,#475,#521,#546,#571,#596,#621,#646,#671,
    #696,#725,#748,#771,#788,#797,#806,#815,#824,#833,#842,#851,#914,
    #1034,#1090,#1203,#1236,#1260,#1285,#1309,#1335,#1359,#1393,#1417,
    #1459,#1483,#1517,#1541,#1583,#1607,#1641,#1665,#1691,#1715,#1740,
    #1764,#1790,#1814,#1839,#1863,#1905,#1929,#1954,#1978,#2020,#2044,
    #2069,#2086,#2147,#2171,#2245,#2269,#2323,#2340,#2357,#2382,#2394,
    #2419,#2431,#2456,#2476,#2496,#2516,#2541,#2566,#2591,#2600,#2609));
#17 = ADVANCED_FACE('',(#18),#45,.T.);
#18 = FACE_BOUND('',#19,.F.);
#19 = EDGE_LOOP('',(#20,#30,#37,#38));
#20 = ORIENTED_EDGE('',*,*,#21,.T.);
#21 = EDGE_CURVE('',#22,#24,#26,.T.);
#22 = VERTEX_POINT('',#23);
#23 = CARTESIAN_POINT('',(-1.6,-12.,3.2));
#24 = VERTEX_POINT('',#25);
#25 = CARTESIAN_POINT('',(-1.6,-12.,4.75));
#26 = LINE('',#27,#28);
#27 = CARTESIAN_POINT('',(-1.6,-12.,3.2));
#28 = VECTOR('',#29,1.);
#29 = DIRECTION('',(0.,0.,1.));
#30 = ORIENTED_EDGE('',*,*,#31,.T.);
#31 = EDGE_CURVE('',#24,#24,#32,.T.);
#32 = CIRCLE('',#33,2.4);
#33 = AXIS2_PLACEMENT_3D('',#34,#35,#36);
#34 = CARTESIAN_POINT('',(-4.,-12.,4.75));
#35 = DIRECTION('',(0.,0.,1.));
#36 = DIRECTION('',(1.,0.,0.));
#37 = ORIENTED_EDGE('',*,*,#21,.F.);
#38 = ORIENTED_EDGE('',*,*,#39,.F.);
#39 = EDGE_CURVE('',#22,#22,#40,.T.);
#40 = CIRCLE('',#41,2.4);
#41 = AXIS2_PLACEMENT_3D('',#42,#43,#44);
#42 = CARTESIAN_POINT('',(-4.,-12.,3.2));
#43 = DIRECTION('',(0.,0.,1.));
#44 = DIRECTION('',(1.,0.,0.));
#45 = CYLINDRICAL_SURFACE('',#46,2.4);
#46 = AXIS2_PLACEMENT_3D('',#47,#48,#49);
#47 = CARTESIAN_POINT('',(-4.,-12.,3.2));
#48 = DIRECTION('',(-0.,-0.,-1.));
#49 = DIRECTION('',(1.,0.,0.));
#50 = ADVANCED_FACE('',(#51,#85,#88,#99,#110,#121,#132,#143,#154),#165,
  .T.);
#51 = FACE_BOUND('',#52,.T.);
#52 = EDGE_LOOP('',(#53,#63,#71,#79));
#53 = ORIENTED_EDGE('',*,*,#54,.F.);
#54 = EDGE_CURVE('',#55,#57,#59,.T.);
#55 = VERTEX_POINT('',#56);
#56 = CARTESIAN_POINT('',(-7.9,-15.9,3.2));
#57 = VERTEX_POINT('',#58);
#58 = CARTESIAN_POINT('',(-7.9,15.9,3.2));
#59 = LINE('',#60,#61);
#60 = CARTESIAN_POINT('',(-7.9,-15.9,3.2));
#61 = VECTOR('',#62,1.);
#62 = DIRECTION('',(0.,1.,0.));
#63 = ORIENTED_EDGE('',*,*,#64,.T.);
#64 = EDGE_CURVE('',#55,#65,#67,.T.);
#65 = VERTEX_POINT('',#66);
#66 = CARTESIAN_POINT('',(7.9,-15.9,3.2));
#67 = LINE('',#68,#69);
#68 = CARTESIAN_POINT('',(-7.9,-15.9,3.2));
#69 = VECTOR('',#70,1.);
#70 = DIRECTION('',(1.,0.,0.));
#71 = ORIENTED_EDGE('',*,*,#72,.T.);
#72 = EDGE_CURVE('',#65,#73,#75,.T.);
#73 = VERTEX_POINT('',#74);
#74 = CARTESIAN_POINT('',(7.9,15.9,3.2));
#75 = LINE('',#76,#77);
#76 = CARTESIAN_POINT('',(7.9,-15.9,3.2));
#77 = VECTOR('',#78,1.);
#78 = DIRECTION('',(0.,1.,0.));
#79 = ORIENTED_EDGE('',*,*,#80,.F.);
#80 = EDGE_CURVE('',#57,#73,#81,.T.);
#81 = LINE('',#82,#83);
#82 = CARTESIAN_POINT('',(-7.9,15.9,3.2));
#83 = VECTOR('',#84,1.);
#84 = DIRECTION('',(1.,0.,0.));
#85 = FACE_BOUND('',#86,.T.);
#86 = EDGE_LOOP('',(#87));
#87 = ORIENTED_EDGE('',*,*,#39,.F.);
#88 = FACE_BOUND('',#89,.T.);
#89 = EDGE_LOOP('',(#90));
#90 = ORIENTED_EDGE('',*,*,#91,.F.);
#91 = EDGE_CURVE('',#92,#92,#94,.T.);
#92 = VERTEX_POINT('',#93);
#93 = CARTESIAN_POINT('',(-1.6,-4.,3.2));
#94 = CIRCLE('',#95,2.4);
#95 = AXIS2_PLACEMENT_3D('',#96,#97,#98);
#96 = CARTESIAN_POINT('',(-4.,-4.,3.2));
#97 = DIRECTION('',(0.,0.,1.));
#98 = DIRECTION('',(1.,0.,0.));
#99 = FACE_BOUND('',#100,.T.);
#100 = EDGE_LOOP('',(#101));
#101 = ORIENTED_EDGE('',*,*,#102,.F.);
#102 = EDGE_CURVE('',#103,#103,#105,.T.);
#103 = VERTEX_POINT('',#104);
#104 = CARTESIAN_POINT('',(6.4,-12.,3.2));
#105 = CIRCLE('',#106,2.4);
#106 = AXIS2_PLACEMENT_3D('',#107,#108,#109);
#107 = CARTESIAN_POINT('',(4.,-12.,3.2));
#108 = DIRECTION('',(0.,0.,1.));
#109 = DIRECTION('',(1.,0.,0.));
#110 = FACE_BOUND('',#111,.T.);
#111 = EDGE_LOOP('',(#112));
#112 = ORIENTED_EDGE('',*,*,#113,.F.);
#113 = EDGE_CURVE('',#114,#114,#116,.T.);
#114 = VERTEX_POINT('',#115);
#115 = CARTESIAN_POINT('',(6.4,-4.,3.2));
#116 = CIRCLE('',#117,2.4);
#117 = AXIS2_PLACEMENT_3D('',#118,#119,#120);
#118 = CARTESIAN_POINT('',(4.,-4.,3.2));
#119 = DIRECTION('',(0.,0.,1.));
#120 = DIRECTION('',(1.,0.,0.));
#121 = FACE_BOUND('',#122,.T.);
#122 = EDGE_LOOP('',(#123));
#123 = ORIENTED_EDGE('',*,*,#124,.F.);
#124 = EDGE_CURVE('',#125,#125,#127,.T.);
#125 = VERTEX_POINT('',#126);
#126 = CARTESIAN_POINT('',(-1.6,4.,3.2));
#127 = CIRCLE('',#128,2.4);
#128 = AXIS2_PLACEMENT_3D('',#129,#130,#131);
#129 = CARTESIAN_POINT('',(-4.,4.,3.2));
#130 = DIRECTION('',(0.,0.,1.));
#131 = DIRECTION('',(1.,0.,0.));
#132 = FACE_BOUND('',#133,.T.);
#133 = EDGE_LOOP('',(#134));
#134 = ORIENTED_EDGE('',*,*,#135,.F.);
#135 = EDGE_CURVE('',#136,#136,#138,.T.);
#136 = VERTEX_POINT('',#137);
#137 = CARTESIAN_POINT('',(-1.6,12.,3.2));
#138 = CIRCLE('',#139,2.4);
#139 = AXIS2_PLACEMENT_3D('',#140,#141,#142);
#140 = CARTESIAN_POINT('',(-4.,12.,3.2));
#141 = DIRECTION('',(0.,0.,1.));
#142 = DIRECTION('',(1.,0.,0.));
#143 = FACE_BOUND('',#144,.T.);
#144 = EDGE_LOOP('',(#145));
#145 = ORIENTED_EDGE('',*,*,#146,.F.);
#146 = EDGE_CURVE('',#147,#147,#149,.T.);
#147 = VERTEX_POINT('',#148);
#148 = CARTESIAN_POINT('',(6.4,4.,3.2));
#149 = CIRCLE('',#150,2.4);
#150 = AXIS2_PLACEMENT_3D('',#151,#152,#153);
#151 = CARTESIAN_POINT('',(4.,4.,3.2));
#152 = DIRECTION('',(0.,0.,1.));
#153 = DIRECTION('',(1.,0.,0.));
#154 = FACE_BOUND('',#155,.T.);
#155 = EDGE_LOOP('',(#156));
#156 = ORIENTED_EDGE('',*,*,#157,.F.);
#157 = EDGE_CURVE('',#158,#158,#160,.T.);
#158 = VERTEX_POINT('',#159);
#159 = CARTESIAN_POINT('',(6.4,12.,3.2));
#160 = CIRCLE('',#161,2.4);
#161 = AXIS2_PLACEMENT_3D('',#162,#163,#164);
#162 = CARTESIAN_POINT('',(4.,12.,3.2));
#163 = DIRECTION('',(0.,0.,1.));
#164 = DIRECTION('',(1.,0.,0.));
#165 = PLANE('',#166);
#166 = AXIS2_PLACEMENT_3D('',#167,#168,#169);
#167 = CARTESIAN_POINT('',(-7.9,-15.9,3.2));
#168 = DIRECTION('',(0.,0.,1.));
#169 = DIRECTION('',(1.,0.,0.));
#170 = ADVANCED_FACE('',(#171),#190,.T.);
#171 = FACE_BOUND('',#172,.T.);
#172 = EDGE_LOOP('',(#173,#182,#188,#189));
#173 = ORIENTED_EDGE('',*,*,#174,.F.);
#174 = EDGE_CURVE('',#175,#175,#177,.T.);
#175 = VERTEX_POINT('',#176);
#176 = CARTESIAN_POINT('',(-1.85,-12.,5.));
#177 = CIRCLE('',#178,2.15);
#178 = AXIS2_PLACEMENT_3D('',#179,#180,#181);
#179 = CARTESIAN_POINT('',(-4.,-12.,5.));
#180 = DIRECTION('',(0.,0.,1.));
#181 = DIRECTION('',(1.,0.,0.));
#182 = ORIENTED_EDGE('',*,*,#183,.F.);
#183 = EDGE_CURVE('',#24,#175,#184,.T.);
#184 = LINE('',#185,#186);
#185 = CARTESIAN_POINT('',(-1.6,-12.,4.75));
#186 = VECTOR('',#187,1.);
#187 = DIRECTION('',(-0.707106781187,1.731912112471E-16,0.707106781187)
  );
#188 = ORIENTED_EDGE('',*,*,#31,.T.);
#189 = ORIENTED_EDGE('',*,*,#183,.T.);
#190 = CONICAL_SURFACE('',#191,2.4,0.785398163397);
#191 = AXIS2_PLACEMENT_3D('',#192,#193,#194);
#192 = CARTESIAN_POINT('',(-4.,-12.,4.75));
#193 = DIRECTION('',(-0.,-0.,-1.));
#194 = DIRECTION('',(1.,0.,0.));
#195 = ADVANCED_FACE('',(#196),#221,.F.);
#196 = FACE_BOUND('',#197,.F.);
#197 = EDGE_LOOP('',(#198,#206,#214,#220));
#198 = ORIENTED_EDGE('',*,*,#199,.F.);
#199 = EDGE_CURVE('',#200,#55,#202,.T.);
#200 = VERTEX_POINT('',#201);
#201 = CARTESIAN_POINT('',(-7.9,-15.9,0.));
#202 = LINE('',#203,#204);
#203 = CARTESIAN_POINT('',(-7.9,-15.9,0.));
#204 = VECTOR('',#205,1.);
#205 = DIRECTION('',(0.,0.,1.));
#206 = ORIENTED_EDGE('',*,*,#207,.T.);
#207 = EDGE_CURVE('',#200,#208,#210,.T.);
#208 = VERTEX_POINT('',#209);
#209 = CARTESIAN_POINT('',(-7.9,15.9,0.));
#210 = LINE('',#211,#212);
#211 = CARTESIAN_POINT('',(-7.9,-15.9,0.));
#212 = VECTOR('',#213,1.);
#213 = DIRECTION('',(0.,1.,0.));
#214 = ORIENTED_EDGE('',*,*,#215,.T.);
#215 = EDGE_CURVE('',#208,#57,#216,.T.);
#216 = LINE('',#217,#218);
#217 = CARTESIAN_POINT('',(-7.9,15.9,0.));
#218 = VECTOR('',#219,1.);
#219 = DIRECTION('',(0.,0.,1.));
#220 = ORIENTED_EDGE('',*,*,#54,.F.);
#221 = PLANE('',#222);
#222 = AXIS2_PLACEMENT_3D('',#223,#224,#225);
#223 = CARTESIAN_POINT('',(-7.9,-15.9,0.));
#224 = DIRECTION('',(1.,0.,0.));
#225 = DIRECTION('',(0.,0.,1.));
#226 = ADVANCED_FACE('',(#227),#245,.T.);
#227 = FACE_BOUND('',#228,.T.);
#228 = EDGE_LOOP('',(#229,#237,#238,#239));
#229 = ORIENTED_EDGE('',*,*,#230,.F.);
#230 = EDGE_CURVE('',#208,#231,#233,.T.);
#231 = VERTEX_POINT('',#232);
#232 = CARTESIAN_POINT('',(7.9,15.9,0.));
#233 = LINE('',#234,#235);
#234 = CARTESIAN_POINT('',(-7.9,15.9,0.));
#235 = VECTOR('',#236,1.);
#236 = DIRECTION('',(1.,0.,0.));
#237 = ORIENTED_EDGE('',*,*,#215,.T.);
#238 = ORIENTED_EDGE('',*,*,#80,.T.);
#239 = ORIENTED_EDGE('',*,*,#240,.F.);
#240 = EDGE_CURVE('',#231,#73,#241,.T.);
#241 = LINE('',#242,#243);
#242 = CARTESIAN_POINT('',(7.9,15.9,0.));
#243 = VECTOR('',#244,1.);
#244 = DIRECTION('',(0.,0.,1.));
#245 = PLANE('',#246);
#246 = AXIS2_PLACEMENT_3D('',#247,#248,#249);
#247 = CARTESIAN_POINT('',(-7.9,15.9,0.));
#248 = DIRECTION('',(0.,1.,0.));
#249 = DIRECTION('',(0.,0.,1.));
#250 = ADVANCED_FACE('',(#251),#269,.F.);
#251 = FACE_BOUND('',#252,.F.);
#252 = EDGE_LOOP('',(#253,#261,#262,#263));
#253 = ORIENTED_EDGE('',*,*,#254,.F.);
#254 = EDGE_CURVE('',#200,#255,#257,.T.);
#255 = VERTEX_POINT('',#256);
#256 = CARTESIAN_POINT('',(7.9,-15.9,0.));
#257 = LINE('',#258,#259);
#258 = CARTESIAN_POINT('',(-7.9,-15.9,0.));
#259 = VECTOR('',#260,1.);
#260 = DIRECTION('',(1.,0.,0.));
#261 = ORIENTED_EDGE('',*,*,#199,.T.);
#262 = ORIENTED_EDGE('',*,*,#64,.T.);
#263 = ORIENTED_EDGE('',*,*,#264,.F.);
#264 = EDGE_CURVE('',#255,#65,#265,.T.);
#265 = LINE('',#266,#267);
#266 = CARTESIAN_POINT('',(7.9,-15.9,0.));
#267 = VECTOR('',#268,1.);
#268 = DIRECTION('',(0.,0.,1.));
#269 = PLANE('',#270);
#270 = AXIS2_PLACEMENT_3D('',#271,#272,#273);
#271 = CARTESIAN_POINT('',(-7.9,-15.9,0.));
#272 = DIRECTION('',(0.,1.,0.));
#273 = DIRECTION('',(0.,0.,1.));
#274 = ADVANCED_FACE('',(#275),#286,.T.);
#275 = FACE_BOUND('',#276,.T.);
#276 = EDGE_LOOP('',(#277,#278,#284,#285));
#277 = ORIENTED_EDGE('',*,*,#264,.F.);
#278 = ORIENTED_EDGE('',*,*,#279,.T.);
#279 = EDGE_CURVE('',#255,#231,#280,.T.);
#280 = LINE('',#281,#282);
#281 = CARTESIAN_POINT('',(7.9,-15.9,0.));
#282 = VECTOR('',#283,1.);
#283 = DIRECTION('',(0.,1.,0.));
#284 = ORIENTED_EDGE('',*,*,#240,.T.);
#285 = ORIENTED_EDGE('',*,*,#72,.F.);
#286 = PLANE('',#287);
#287 = AXIS2_PLACEMENT_3D('',#288,#289,#290);
#288 = CARTESIAN_POINT('',(7.9,-15.9,0.));
#289 = DIRECTION('',(1.,0.,0.));
#290 = DIRECTION('',(0.,0.,1.));
#291 = ADVANCED_FACE('',(#292),#311,.T.);
#292 = FACE_BOUND('',#293,.F.);
#293 = EDGE_LOOP('',(#294,#302,#309,#310));
#294 = ORIENTED_EDGE('',*,*,#295,.T.);
#295 = EDGE_CURVE('',#92,#296,#298,.T.);
#296 = VERTEX_POINT('',#297);
#297 = CARTESIAN_POINT('',(-1.6,-4.,4.75));
#298 = LINE('',#299,#300);
#299 = CARTESIAN_POINT('',(-1.6,-4.,3.2));
#300 = VECTOR('',#301,1.);
#301 = DIRECTION('',(0.,0.,1.));
#302 = ORIENTED_EDGE('',*,*,#303,.T.);
#303 = EDGE_CURVE('',#296,#296,#304,.T.);
#304 = CIRCLE('',#305,2.4);
#305 = AXIS2_PLACEMENT_3D('',#306,#307,#308);
#306 = CARTESIAN_POINT('',(-4.,-4.,4.75));
#307 = DIRECTION('',(0.,0.,1.));
#308 = DIRECTION('',(1.,0.,0.));
#309 = ORIENTED_EDGE('',*,*,#295,.F.);
#310 = ORIENTED_EDGE('',*,*,#91,.F.);
#311 = CYLINDRICAL_SURFACE('',#312,2.4);
#312 = AXIS2_PLACEMENT_3D('',#313,#314,#315);
#313 = CARTESIAN_POINT('',(-4.,-4.,3.2));
#314 = DIRECTION('',(-0.,-0.,-1.));
#315 = DIRECTION('',(1.,0.,0.));
#316 = ADVANCED_FACE('',(#317),#336,.T.);
#317 = FACE_BOUND('',#318,.F.);
#318 = EDGE_LOOP('',(#319,#327,#334,#335));
#319 = ORIENTED_EDGE('',*,*,#320,.T.);
#320 = EDGE_CURVE('',#103,#321,#323,.T.);
#321 = VERTEX_POINT('',#322);
#322 = CARTESIAN_POINT('',(6.4,-12.,4.75));
#323 = LINE('',#324,#325);
#324 = CARTESIAN_POINT('',(6.4,-12.,3.2));
#325 = VECTOR('',#326,1.);
#326 = DIRECTION('',(0.,0.,1.));
#327 = ORIENTED_EDGE('',*,*,#328,.T.);
#328 = EDGE_CURVE('',#321,#321,#329,.T.);
#329 = CIRCLE('',#330,2.4);
#330 = AXIS2_PLACEMENT_3D('',#331,#332,#333);
#331 = CARTESIAN_POINT('',(4.,-12.,4.75));
#332 = DIRECTION('',(0.,0.,1.));
#333 = DIRECTION('',(1.,0.,0.));
#334 = ORIENTED_EDGE('',*,*,#320,.F.);
#335 = ORIENTED_EDGE('',*,*,#102,.F.);
#336 = CYLINDRICAL_SURFACE('',#337,2.4);
#337 = AXIS2_PLACEMENT_3D('',#338,#339,#340);
#338 = CARTESIAN_POINT('',(4.,-12.,3.2));
#339 = DIRECTION('',(-0.,-0.,-1.));
#340 = DIRECTION('',(1.,0.,0.));
#341 = ADVANCED_FACE('',(#342),#361,.T.);
#342 = FACE_BOUND('',#343,.F.);
#343 = EDGE_LOOP('',(#344,#352,#359,#360));
#344 = ORIENTED_EDGE('',*,*,#345,.T.);
#345 = EDGE_CURVE('',#114,#346,#348,.T.);
#346 = VERTEX_POINT('',#347);
#347 = CARTESIAN_POINT('',(6.4,-4.,4.75));
#348 = LINE('',#349,#350);
#349 = CARTESIAN_POINT('',(6.4,-4.,3.2));
#350 = VECTOR('',#351,1.);
#351 = DIRECTION('',(0.,0.,1.));
#352 = ORIENTED_EDGE('',*,*,#353,.T.);
#353 = EDGE_CURVE('',#346,#346,#354,.T.);
#354 = CIRCLE('',#355,2.4);
#355 = AXIS2_PLACEMENT_3D('',#356,#357,#358);
#356 = CARTESIAN_POINT('',(4.,-4.,4.75));
#357 = DIRECTION('',(0.,0.,1.));
#358 = DIRECTION('',(1.,0.,0.));
#359 = ORIENTED_EDGE('',*,*,#345,.F.);
#360 = ORIENTED_EDGE('',*,*,#113,.F.);
#361 = CYLINDRICAL_SURFACE('',#362,2.4);
#362 = AXIS2_PLACEMENT_3D('',#363,#364,#365);
#363 = CARTESIAN_POINT('',(4.,-4.,3.2));
#364 = DIRECTION('',(-0.,-0.,-1.));
#365 = DIRECTION('',(1.,0.,0.));
#366 = ADVANCED_FACE('',(#367),#386,.T.);
#367 = FACE_BOUND('',#368,.F.);
#368 = EDGE_LOOP('',(#369,#377,#384,#385));
#369 = ORIENTED_EDGE('',*,*,#370,.T.);
#370 = EDGE_CURVE('',#125,#371,#373,.T.);
#371 = VERTEX_POINT('',#372);
#372 = CARTESIAN_POINT('',(-1.6,4.,4.75));
#373 = LINE('',#374,#375);
#374 = CARTESIAN_POINT('',(-1.6,4.,3.2));
#375 = VECTOR('',#376,1.);
#376 = DIRECTION('',(0.,0.,1.));
#377 = ORIENTED_EDGE('',*,*,#378,.T.);
#378 = EDGE_CURVE('',#371,#371,#379,.T.);
#379 = CIRCLE('',#380,2.4);
#380 = AXIS2_PLACEMENT_3D('',#381,#382,#383);
#381 = CARTESIAN_POINT('',(-4.,4.,4.75));
#382 = DIRECTION('',(0.,0.,1.));
#383 = DIRECTION('',(1.,0.,0.));
#384 = ORIENTED_EDGE('',*,*,#370,.F.);
#385 = ORIENTED_EDGE('',*,*,#124,.F.);
#386 = CYLINDRICAL_SURFACE('',#387,2.4);
#387 = AXIS2_PLACEMENT_3D('',#388,#389,#390);
#388 = CARTESIAN_POINT('',(-4.,4.,3.2));
#389 = DIRECTION('',(-0.,-0.,-1.));
#390 = DIRECTION('',(1.,0.,0.));
#391 = ADVANCED_FACE('',(#392),#411,.T.);
#392 = FACE_BOUND('',#393,.F.);
#393 = EDGE_LOOP('',(#394,#402,#409,#410));
#394 = ORIENTED_EDGE('',*,*,#395,.T.);
#395 = EDGE_CURVE('',#136,#396,#398,.T.);
#396 = VERTEX_POINT('',#397);
#397 = CARTESIAN_POINT('',(-1.6,12.,4.75));
#398 = LINE('',#399,#400);
#399 = CARTESIAN_POINT('',(-1.6,12.,3.2));
#400 = VECTOR('',#401,1.);
#401 = DIRECTION('',(0.,0.,1.));
#402 = ORIENTED_EDGE('',*,*,#403,.T.);
#403 = EDGE_CURVE('',#396,#396,#404,.T.);
#404 = CIRCLE('',#405,2.4);
#405 = AXIS2_PLACEMENT_3D('',#406,#407,#408);
#406 = CARTESIAN_POINT('',(-4.,12.,4.75));
#407 = DIRECTION('',(0.,0.,1.));
#408 = DIRECTION('',(1.,0.,0.));
#409 = ORIENTED_EDGE('',*,*,#395,.F.);
#410 = ORIENTED_EDGE('',*,*,#135,.F.);
#411 = CYLINDRICAL_SURFACE('',#412,2.4);
#412 = AXIS2_PLACEMENT_3D('',#413,#414,#415);
#413 = CARTESIAN_POINT('',(-4.,12.,3.2));
#414 = DIRECTION('',(-0.,-0.,-1.));
#415 = DIRECTION('',(1.,0.,0.));
#416 = ADVANCED_FACE('',(#417),#436,.T.);
#417 = FACE_BOUND('',#418,.F.);
#418 = EDGE_LOOP('',(#419,#427,#434,#435));
#419 = ORIENTED_EDGE('',*,*,#420,.T.);
#420 = EDGE_CURVE('',#147,#421,#423,.T.);
#421 = VERTEX_POINT('',#422);
#422 = CARTESIAN_POINT('',(6.4,4.,4.75));
#423 = LINE('',#424,#425);
#424 = CARTESIAN_POINT('',(6.4,4.,3.2));
#425 = VECTOR('',#426,1.);
#426 = DIRECTION('',(0.,0.,1.));
#427 = ORIENTED_EDGE('',*,*,#428,.T.);
#428 = EDGE_CURVE('',#421,#421,#429,.T.);
#429 = CIRCLE('',#430,2.4);
#430 = AXIS2_PLACEMENT_3D('',#431,#432,#433);
#431 = CARTESIAN_POINT('',(4.,4.,4.75));
#432 = DIRECTION('',(0.,0.,1.));
#433 = DIRECTION('',(1.,0.,0.));
#434 = ORIENTED_EDGE('',*,*,#420,.F.);
#435 = ORIENTED_EDGE('',*,*,#146,.F.);
#436 = CYLINDRICAL_SURFACE('',#437,2.4);
#437 = AXIS2_PLACEMENT_3D('',#438,#439,#440);
#438 = CARTESIAN_POINT('',(4.,4.,3.2));
#439 = DIRECTION('',(-0.,-0.,-1.));
#440 = DIRECTION('',(1.,0.,0.));
#441 = ADVANCED_FACE('',(#442),#461,.T.);
#442 = FACE_BOUND('',#443,.F.);
#443 = EDGE_LOOP('',(#444,#452,#459,#460));
#444 = ORIENTED_EDGE('',*,*,#445,.T.);
#445 = EDGE_CURVE('',#158,#446,#448,.T.);
#446 = VERTEX_POINT('',#447);
#447 = CARTESIAN_POINT('',(6.4,12.,4.75));
#448 = LINE('',#449,#450);
#449 = CARTESIAN_POINT('',(6.4,12.,3.2));
#450 = VECTOR('',#451,1.);
#451 = DIRECTION('',(0.,0.,1.));
#452 = ORIENTED_EDGE('',*,*,#453,.T.);
#453 = EDGE_CURVE('',#446,#446,#454,.T.);
#454 = CIRCLE('',#455,2.4);
#455 = AXIS2_PLACEMENT_3D('',#456,#457,#458);
#456 = CARTESIAN_POINT('',(4.,12.,4.75));
#457 = DIRECTION('',(0.,0.,1.));
#458 = DIRECTION('',(1.,0.,0.));
#459 = ORIENTED_EDGE('',*,*,#445,.F.);
#460 = ORIENTED_EDGE('',*,*,#157,.F.);
#461 = CYLINDRICAL_SURFACE('',#462,2.4);
#462 = AXIS2_PLACEMENT_3D('',#463,#464,#465);
#463 = CARTESIAN_POINT('',(4.,12.,3.2));
#464 = DIRECTION('',(-0.,-0.,-1.));
#465 = DIRECTION('',(1.,0.,0.));
#466 = ADVANCED_FACE('',(#467),#470,.T.);
#467 = FACE_BOUND('',#468,.T.);
#468 = EDGE_LOOP('',(#469));
#469 = ORIENTED_EDGE('',*,*,#174,.T.);
#470 = PLANE('',#471);
#471 = AXIS2_PLACEMENT_3D('',#472,#473,#474);
#472 = CARTESIAN_POINT('',(-4.,-12.,5.));
#473 = DIRECTION('',(0.,0.,1.));
#474 = DIRECTION('',(1.,0.,0.));
#475 = ADVANCED_FACE('',(#476,#482),#516,.F.);
#476 = FACE_BOUND('',#477,.F.);
#477 = EDGE_LOOP('',(#478,#479,#480,#481));
#478 = ORIENTED_EDGE('',*,*,#207,.F.);
#479 = ORIENTED_EDGE('',*,*,#254,.T.);
#480 = ORIENTED_EDGE('',*,*,#279,.T.);
#481 = ORIENTED_EDGE('',*,*,#230,.F.);
#482 = FACE_BOUND('',#483,.F.);
#483 = EDGE_LOOP('',(#484,#494,#502,#510));
#484 = ORIENTED_EDGE('',*,*,#485,.F.);
#485 = EDGE_CURVE('',#486,#488,#490,.T.);
#486 = VERTEX_POINT('',#487);
#487 = CARTESIAN_POINT('',(-6.64,-14.64,0.));
#488 = VERTEX_POINT('',#489);
#489 = CARTESIAN_POINT('',(6.64,-14.64,0.));
#490 = LINE('',#491,#492);
#491 = CARTESIAN_POINT('',(-6.64,-14.64,0.));
#492 = VECTOR('',#493,1.);
#493 = DIRECTION('',(1.,0.,0.));
#494 = ORIENTED_EDGE('',*,*,#495,.T.);
#495 = EDGE_CURVE('',#486,#496,#498,.T.);
#496 = VERTEX_POINT('',#497);
#497 = CARTESIAN_POINT('',(-6.64,14.64,0.));
#498 = LINE('',#499,#500);
#499 = CARTESIAN_POINT('',(-6.64,-14.64,0.));
#500 = VECTOR('',#501,1.);
#501 = DIRECTION('',(0.,1.,0.));
#502 = ORIENTED_EDGE('',*,*,#503,.T.);
#503 = EDGE_CURVE('',#496,#504,#506,.T.);
#504 = VERTEX_POINT('',#505);
#505 = CARTESIAN_POINT('',(6.64,14.64,0.));
#506 = LINE('',#507,#508);
#507 = CARTESIAN_POINT('',(-6.64,14.64,0.));
#508 = VECTOR('',#509,1.);
#509 = DIRECTION('',(1.,0.,0.));
#510 = ORIENTED_EDGE('',*,*,#511,.F.);
#511 = EDGE_CURVE('',#488,#504,#512,.T.);
#512 = LINE('',#513,#514);
#513 = CARTESIAN_POINT('',(6.64,-14.64,0.));
#514 = VECTOR('',#515,1.);
#515 = DIRECTION('',(0.,1.,0.));
#516 = PLANE('',#517);
#517 = AXIS2_PLACEMENT_3D('',#518,#519,#520);
#518 = CARTESIAN_POINT('',(-7.9,-15.9,0.));
#519 = DIRECTION('',(0.,0.,1.));
#520 = DIRECTION('',(1.,0.,0.));
#521 = ADVANCED_FACE('',(#522),#541,.T.);
#522 = FACE_BOUND('',#523,.T.);
#523 = EDGE_LOOP('',(#524,#533,#539,#540));
#524 = ORIENTED_EDGE('',*,*,#525,.F.);
#525 = EDGE_CURVE('',#526,#526,#528,.T.);
#526 = VERTEX_POINT('',#527);
#527 = CARTESIAN_POINT('',(-1.85,-4.,5.));
#528 = CIRCLE('',#529,2.15);
#529 = AXIS2_PLACEMENT_3D('',#530,#531,#532);
#530 = CARTESIAN_POINT('',(-4.,-4.,5.));
#531 = DIRECTION('',(0.,0.,1.));
#532 = DIRECTION('',(1.,0.,0.));
#533 = ORIENTED_EDGE('',*,*,#534,.F.);
#534 = EDGE_CURVE('',#296,#526,#535,.T.);
#535 = LINE('',#536,#537);
#536 = CARTESIAN_POINT('',(-1.6,-4.,4.75));
#537 = VECTOR('',#538,1.);
#538 = DIRECTION('',(-0.707106781187,1.731912112471E-16,0.707106781187)
  );
#539 = ORIENTED_EDGE('',*,*,#303,.T.);
#540 = ORIENTED_EDGE('',*,*,#534,.T.);
#541 = CONICAL_SURFACE('',#542,2.4,0.785398163397);
#542 = AXIS2_PLACEMENT_3D('',#543,#544,#545);
#543 = CARTESIAN_POINT('',(-4.,-4.,4.75));
#544 = DIRECTION('',(-0.,-0.,-1.));
#545 = DIRECTION('',(1.,0.,0.));
#546 = ADVANCED_FACE('',(#547),#566,.T.);
#547 = FACE_BOUND('',#548,.T.);
#548 = EDGE_LOOP('',(#549,#558,#564,#565));
#549 = ORIENTED_EDGE('',*,*,#550,.F.);
#550 = EDGE_CURVE('',#551,#551,#553,.T.);
#551 = VERTEX_POINT('',#552);
#552 = CARTESIAN_POINT('',(6.15,-12.,5.));
#553 = CIRCLE('',#554,2.15);
#554 = AXIS2_PLACEMENT_3D('',#555,#556,#557);
#555 = CARTESIAN_POINT('',(4.,-12.,5.));
#556 = DIRECTION('',(0.,0.,1.));
#557 = DIRECTION('',(1.,0.,0.));
#558 = ORIENTED_EDGE('',*,*,#559,.F.);
#559 = EDGE_CURVE('',#321,#551,#560,.T.);
#560 = LINE('',#561,#562);
#561 = CARTESIAN_POINT('',(6.4,-12.,4.75));
#562 = VECTOR('',#563,1.);
#563 = DIRECTION('',(-0.707106781187,1.731912112471E-16,0.707106781187)
  );
#564 = ORIENTED_EDGE('',*,*,#328,.T.);
#565 = ORIENTED_EDGE('',*,*,#559,.T.);
#566 = CONICAL_SURFACE('',#567,2.4,0.785398163397);
#567 = AXIS2_PLACEMENT_3D('',#568,#569,#570);
#568 = CARTESIAN_POINT('',(4.,-12.,4.75));
#569 = DIRECTION('',(-0.,-0.,-1.));
#570 = DIRECTION('',(1.,0.,0.));
#571 = ADVANCED_FACE('',(#572),#591,.T.);
#572 = FACE_BOUND('',#573,.T.);
#573 = EDGE_LOOP('',(#574,#583,#589,#590));
#574 = ORIENTED_EDGE('',*,*,#575,.F.);
#575 = EDGE_CURVE('',#576,#576,#578,.T.);
#576 = VERTEX_POINT('',#577);
#577 = CARTESIAN_POINT('',(6.15,-4.,5.));
#578 = CIRCLE('',#579,2.15);
#579 = AXIS2_PLACEMENT_3D('',#580,#581,#582);
#580 = CARTESIAN_POINT('',(4.,-4.,5.));
#581 = DIRECTION('',(0.,0.,1.));
#582 = DIRECTION('',(1.,0.,0.));
#583 = ORIENTED_EDGE('',*,*,#584,.F.);
#584 = EDGE_CURVE('',#346,#576,#585,.T.);
#585 = LINE('',#586,#587);
#586 = CARTESIAN_POINT('',(6.4,-4.,4.75));
#587 = VECTOR('',#588,1.);
#588 = DIRECTION('',(-0.707106781187,1.731912112471E-16,0.707106781187)
  );
#589 = ORIENTED_EDGE('',*,*,#353,.T.);
#590 = ORIENTED_EDGE('',*,*,#584,.T.);
#591 = CONICAL_SURFACE('',#592,2.4,0.785398163397);
#592 = AXIS2_PLACEMENT_3D('',#593,#594,#595);
#593 = CARTESIAN_POINT('',(4.,-4.,4.75));
#594 = DIRECTION('',(-0.,-0.,-1.));
#595 = DIRECTION('',(1.,0.,0.));
#596 = ADVANCED_FACE('',(#597),#616,.T.);
#597 = FACE_BOUND('',#598,.T.);
#598 = EDGE_LOOP('',(#599,#608,#614,#615));
#599 = ORIENTED_EDGE('',*,*,#600,.F.);
#600 = EDGE_CURVE('',#601,#601,#603,.T.);
#601 = VERTEX_POINT('',#602);
#602 = CARTESIAN_POINT('',(-1.85,4.,5.));
#603 = CIRCLE('',#604,2.15);
#604 = AXIS2_PLACEMENT_3D('',#605,#606,#607);
#605 = CARTESIAN_POINT('',(-4.,4.,5.));
#606 = DIRECTION('',(0.,0.,1.));
#607 = DIRECTION('',(1.,0.,0.));
#608 = ORIENTED_EDGE('',*,*,#609,.F.);
#609 = EDGE_CURVE('',#371,#601,#610,.T.);
#610 = LINE('',#611,#612);
#611 = CARTESIAN_POINT('',(-1.6,4.,4.75));
#612 = VECTOR('',#613,1.);
#613 = DIRECTION('',(-0.707106781187,1.731912112471E-16,0.707106781187)
  );
#614 = ORIENTED_EDGE('',*,*,#378,.T.);
#615 = ORIENTED_EDGE('',*,*,#609,.T.);
#616 = CONICAL_SURFACE('',#617,2.4,0.785398163397);
#617 = AXIS2_PLACEMENT_3D('',#618,#619,#620);
#618 = CARTESIAN_POINT('',(-4.,4.,4.75));
#619 = DIRECTION('',(-0.,-0.,-1.));
#620 = DIRECTION('',(1.,0.,0.));
#621 = ADVANCED_FACE('',(#622),#641,.T.);
#622 = FACE_BOUND('',#623,.T.);
#623 = EDGE_LOOP('',(#624,#633,#639,#640));
#624 = ORIENTED_EDGE('',*,*,#625,.F.);
#625 = EDGE_CURVE('',#626,#626,#628,.T.);
#626 = VERTEX_POINT('',#627);
#627 = CARTESIAN_POINT('',(-1.85,12.,5.));
#628 = CIRCLE('',#629,2.15);
#629 = AXIS2_PLACEMENT_3D('',#630,#631,#632);
#630 = CARTESIAN_POINT('',(-4.,12.,5.));
#631 = DIRECTION('',(0.,0.,1.));
#632 = DIRECTION('',(1.,0.,0.));
#633 = ORIENTED_EDGE('',*,*,#634,.F.);
#634 = EDGE_CURVE('',#396,#626,#635,.T.);
#635 = LINE('',#636,#637);
#636 = CARTESIAN_POINT('',(-1.6,12.,4.75));
#637 = VECTOR('',#638,1.);
#638 = DIRECTION('',(-0.707106781187,1.731912112471E-16,0.707106781187)
  );
#639 = ORIENTED_EDGE('',*,*,#403,.T.);
#640 = ORIENTED_EDGE('',*,*,#634,.T.);
#641 = CONICAL_SURFACE('',#642,2.4,0.785398163397);
#642 = AXIS2_PLACEMENT_3D('',#643,#644,#645);
#643 = CARTESIAN_POINT('',(-4.,12.,4.75));
#644 = DIRECTION('',(-0.,-0.,-1.));
#645 = DIRECTION('',(1.,0.,0.));
#646 = ADVANCED_FACE('',(#647),#666,.T.);
#647 = FACE_BOUND('',#648,.T.);
#648 = EDGE_LOOP('',(#649,#658,#664,#665));
#649 = ORIENTED_EDGE('',*,*,#650,.F.);
#650 = EDGE_CURVE('',#651,#651,#653,.T.);
#651 = VERTEX_POINT('',#652);
#652 = CARTESIAN_POINT('',(6.15,4.,5.));
#653 = CIRCLE('',#654,2.15);
#654 = AXIS2_PLACEMENT_3D('',#655,#656,#657);
#655 = CARTESIAN_POINT('',(4.,4.,5.));
#656 = DIRECTION('',(0.,0.,1.));
#657 = DIRECTION('',(1.,0.,0.));
#658 = ORIENTED_EDGE('',*,*,#659,.F.);
#659 = EDGE_CURVE('',#421,#651,#660,.T.);
#660 = LINE('',#661,#662);
#661 = CARTESIAN_POINT('',(6.4,4.,4.75));
#662 = VECTOR('',#663,1.);
#663 = DIRECTION('',(-0.707106781187,1.731912112471E-16,0.707106781187)
  );
#664 = ORIENTED_EDGE('',*,*,#428,.T.);
#665 = ORIENTED_EDGE('',*,*,#659,.T.);
#666 = CONICAL_SURFACE('',#667,2.4,0.785398163397);
#667 = AXIS2_PLACEMENT_3D('',#668,#669,#670);
#668 = CARTESIAN_POINT('',(4.,4.,4.75));
#669 = DIRECTION('',(-0.,-0.,-1.));
#670 = DIRECTION('',(1.,0.,0.));
#671 = ADVANCED_FACE('',(#672),#691,.T.);
#672 = FACE_BOUND('',#673,.T.);
#673 = EDGE_LOOP('',(#674,#683,#689,#690));
#674 = ORIENTED_EDGE('',*,*,#675,.F.);
#675 = EDGE_CURVE('',#676,#676,#678,.T.);
#676 = VERTEX_POINT('',#677);
#677 = CARTESIAN_POINT('',(6.15,12.,5.));
#678 = CIRCLE('',#679,2.15);
#679 = AXIS2_PLACEMENT_3D('',#680,#681,#682);
#680 = CARTESIAN_POINT('',(4.,12.,5.));
#681 = DIRECTION('',(0.,0.,1.));
#682 = DIRECTION('',(1.,0.,0.));
#683 = ORIENTED_EDGE('',*,*,#684,.F.);
#684 = EDGE_CURVE('',#446,#676,#685,.T.);
#685 = LINE('',#686,#687);
#686 = CARTESIAN_POINT('',(6.4,12.,4.75));
#687 = VECTOR('',#688,1.);
#688 = DIRECTION('',(-0.707106781187,1.731912112471E-16,0.707106781187)
  );
#689 = ORIENTED_EDGE('',*,*,#453,.T.);
#690 = ORIENTED_EDGE('',*,*,#684,.T.);
#691 = CONICAL_SURFACE('',#692,2.4,0.785398163397);
#692 = AXIS2_PLACEMENT_3D('',#693,#694,#695);
#693 = CARTESIAN_POINT('',(4.,12.,4.75));
#694 = DIRECTION('',(-0.,-0.,-1.));
#695 = DIRECTION('',(1.,0.,0.));
#696 = ADVANCED_FACE('',(#697),#720,.F.);
#697 = FACE_BOUND('',#698,.F.);
#698 = EDGE_LOOP('',(#699,#700,#707,#715));
#699 = ORIENTED_EDGE('',*,*,#485,.T.);
#700 = ORIENTED_EDGE('',*,*,#701,.T.);
#701 = EDGE_CURVE('',#488,#702,#704,.T.);
#702 = VERTEX_POINT('',#703);
#703 = CARTESIAN_POINT('',(6.44,-14.44,0.3));
#704 = B_SPLINE_CURVE_WITH_KNOTS('',1,(#705,#706),.UNSPECIFIED.,.F.,.F.,
  (2,2),(0.,1.),.PIECEWISE_BEZIER_KNOTS.);
#705 = CARTESIAN_POINT('',(6.64,-14.64,0.));
#706 = CARTESIAN_POINT('',(6.44,-14.44,0.3));
#707 = ORIENTED_EDGE('',*,*,#708,.F.);
#708 = EDGE_CURVE('',#709,#702,#711,.T.);
#709 = VERTEX_POINT('',#710);
#710 = CARTESIAN_POINT('',(-6.44,-14.44,0.3));
#711 = LINE('',#712,#713);
#712 = CARTESIAN_POINT('',(-6.44,-14.44,0.3));
#713 = VECTOR('',#714,1.);
#714 = DIRECTION('',(1.,0.,0.));
#715 = ORIENTED_EDGE('',*,*,#716,.F.);
#716 = EDGE_CURVE('',#486,#709,#717,.T.);
#717 = B_SPLINE_CURVE_WITH_KNOTS('',1,(#718,#719),.UNSPECIFIED.,.F.,.F.,
  (2,2),(0.,1.),.PIECEWISE_BEZIER_KNOTS.);
#718 = CARTESIAN_POINT('',(-6.64,-14.64,0.));
#719 = CARTESIAN_POINT('',(-6.44,-14.44,0.3));
#720 = B_SPLINE_SURFACE_WITH_KNOTS('',1,1,(
    (#721,#722)
    ,(#723,#724
    )),.UNSPECIFIED.,.F.,.F.,.F.,(2,2),(2,2),(0.,13.28),(0.,1.),
  .PIECEWISE_BEZIER_KNOTS.);
#721 = CARTESIAN_POINT('',(-6.64,-14.64,0.));
#722 = CARTESIAN_POINT('',(-6.44,-14.44,0.3));
#723 = CARTESIAN_POINT('',(6.64,-14.64,0.));
#724 = CARTESIAN_POINT('',(6.44,-14.44,0.3));
#725 = ADVANCED_FACE('',(#726),#743,.F.);
#726 = FACE_BOUND('',#727,.F.);
#727 = EDGE_LOOP('',(#728,#729,#736,#742));
#728 = ORIENTED_EDGE('',*,*,#511,.T.);
#729 = ORIENTED_EDGE('',*,*,#730,.T.);
#730 = EDGE_CURVE('',#504,#731,#733,.T.);
#731 = VERTEX_POINT('',#732);
#732 = CARTESIAN_POINT('',(6.44,14.44,0.3));
#733 = B_SPLINE_CURVE_WITH_KNOTS('',1,(#734,#735),.UNSPECIFIED.,.F.,.F.,
  (2,2),(0.,1.),.PIECEWISE_BEZIER_KNOTS.);
#734 = CARTESIAN_POINT('',(6.64,14.64,0.));
#735 = CARTESIAN_POINT('',(6.44,14.44,0.3));
#736 = ORIENTED_EDGE('',*,*,#737,.F.);
#737 = EDGE_CURVE('',#702,#731,#738,.T.);
#738 = LINE('',#739,#740);
#739 = CARTESIAN_POINT('',(6.44,-14.44,0.3));
#740 = VECTOR('',#741,1.);
#741 = DIRECTION('',(0.,1.,0.));
#742 = ORIENTED_EDGE('',*,*,#701,.F.);
#743 = B_SPLINE_SURFACE_WITH_KNOTS('',1,1,(
    (#744,#745)
    ,(#746,#747
    )),.UNSPECIFIED.,.F.,.F.,.F.,(2,2),(2,2),(0.,29.28),(0.,1.),
  .PIECEWISE_BEZIER_KNOTS.);
#744 = CARTESIAN_POINT('',(6.64,-14.64,0.));
#745 = CARTESIAN_POINT('',(6.44,-14.44,0.3));
#746 = CARTESIAN_POINT('',(6.64,14.64,0.));
#747 = CARTESIAN_POINT('',(6.44,14.44,0.3));
#748 = ADVANCED_FACE('',(#749),#766,.F.);
#749 = FACE_BOUND('',#750,.F.);
#750 = EDGE_LOOP('',(#751,#752,#759,#765));
#751 = ORIENTED_EDGE('',*,*,#503,.F.);
#752 = ORIENTED_EDGE('',*,*,#753,.T.);
#753 = EDGE_CURVE('',#496,#754,#756,.T.);
#754 = VERTEX_POINT('',#755);
#755 = CARTESIAN_POINT('',(-6.44,14.44,0.3));
#756 = B_SPLINE_CURVE_WITH_KNOTS('',1,(#757,#758),.UNSPECIFIED.,.F.,.F.,
  (2,2),(0.,1.),.PIECEWISE_BEZIER_KNOTS.);
#757 = CARTESIAN_POINT('',(-6.64,14.64,0.));
#758 = CARTESIAN_POINT('',(-6.44,14.44,0.3));
#759 = ORIENTED_EDGE('',*,*,#760,.T.);
#760 = EDGE_CURVE('',#754,#731,#761,.T.);
#761 = LINE('',#762,#763);
#762 = CARTESIAN_POINT('',(-6.44,14.44,0.3));
#763 = VECTOR('',#764,1.);
#764 = DIRECTION('',(1.,0.,0.));
#765 = ORIENTED_EDGE('',*,*,#730,.F.);
#766 = B_SPLINE_SURFACE_WITH_KNOTS('',1,1,(
    (#767,#768)
    ,(#769,#770
    )),.UNSPECIFIED.,.F.,.F.,.F.,(2,2),(2,2),(-13.28,0.),(0.,1.),
  .PIECEWISE_BEZIER_KNOTS.);
#767 = CARTESIAN_POINT('',(6.64,14.64,0.));
#768 = CARTESIAN_POINT('',(6.44,14.44,0.3));
#769 = CARTESIAN_POINT('',(-6.64,14.64,0.));
#770 = CARTESIAN_POINT('',(-6.44,14.44,0.3));
#771 = ADVANCED_FACE('',(#772),#783,.F.);
#772 = FACE_BOUND('',#773,.F.);
#773 = EDGE_LOOP('',(#774,#775,#776,#782));
#774 = ORIENTED_EDGE('',*,*,#495,.F.);
#775 = ORIENTED_EDGE('',*,*,#716,.T.);
#776 = ORIENTED_EDGE('',*,*,#777,.T.);
#777 = EDGE_CURVE('',#709,#754,#778,.T.);
#778 = LINE('',#779,#780);
#779 = CARTESIAN_POINT('',(-6.44,-14.44,0.3));
#780 = VECTOR('',#781,1.);
#781 = DIRECTION('',(0.,1.,0.));
#782 = ORIENTED_EDGE('',*,*,#753,.F.);
#783 = B_SPLINE_SURFACE_WITH_KNOTS('',1,1,(
    (#784,#785)
    ,(#786,#787
    )),.UNSPECIFIED.,.F.,.F.,.F.,(2,2),(2,2),(-29.28,0.),(0.,1.),
  .PIECEWISE_BEZIER_KNOTS.);
#784 = CARTESIAN_POINT('',(-6.64,14.64,0.));
#785 = CARTESIAN_POINT('',(-6.44,14.44,0.3));
#786 = CARTESIAN_POINT('',(-6.64,-14.64,0.));
#787 = CARTESIAN_POINT('',(-6.44,-14.44,0.3));
#788 = ADVANCED_FACE('',(#789),#792,.T.);
#789 = FACE_BOUND('',#790,.T.);
#790 = EDGE_LOOP('',(#791));
#791 = ORIENTED_EDGE('',*,*,#525,.T.);
#792 = PLANE('',#793);
#793 = AXIS2_PLACEMENT_3D('',#794,#795,#796);
#794 = CARTESIAN_POINT('',(-4.,-4.,5.));
#795 = DIRECTION('',(0.,0.,1.));
#796 = DIRECTION('',(1.,0.,0.));
#797 = ADVANCED_FACE('',(#798),#801,.T.);
#798 = FACE_BOUND('',#799,.T.);
#799 = EDGE_LOOP('',(#800));
#800 = ORIENTED_EDGE('',*,*,#550,.T.);
#801 = PLANE('',#802);
#802 = AXIS2_PLACEMENT_3D('',#803,#804,#805);
#803 = CARTESIAN_POINT('',(4.,-12.,5.));
#804 = DIRECTION('',(0.,0.,1.));
#805 = DIRECTION('',(1.,0.,0.));
#806 = ADVANCED_FACE('',(#807),#810,.T.);
#807 = FACE_BOUND('',#808,.T.);
#808 = EDGE_LOOP('',(#809));
#809 = ORIENTED_EDGE('',*,*,#575,.T.);
#810 = PLANE('',#811);
#811 = AXIS2_PLACEMENT_3D('',#812,#813,#814);
#812 = CARTESIAN_POINT('',(4.,-4.,5.));
#813 = DIRECTION('',(0.,0.,1.));
#814 = DIRECTION('',(1.,0.,0.));
#815 = ADVANCED_FACE('',(#816),#819,.T.);
#816 = FACE_BOUND('',#817,.T.);
#817 = EDGE_LOOP('',(#818));
#818 = ORIENTED_EDGE('',*,*,#600,.T.);
#819 = PLANE('',#820);
#820 = AXIS2_PLACEMENT_3D('',#821,#822,#823);
#821 = CARTESIAN_POINT('',(-4.,4.,5.));
#822 = DIRECTION('',(0.,0.,1.));
#823 = DIRECTION('',(1.,0.,0.));
#824 = ADVANCED_FACE('',(#825),#828,.T.);
#825 = FACE_BOUND('',#826,.T.);
#826 = EDGE_LOOP('',(#827));
#827 = ORIENTED_EDGE('',*,*,#625,.T.);
#828 = PLANE('',#829);
#829 = AXIS2_PLACEMENT_3D('',#830,#831,#832);
#830 = CARTESIAN_POINT('',(-4.,12.,5.));
#831 = DIRECTION('',(0.,0.,1.));
#832 = DIRECTION('',(1.,0.,0.));
#833 = ADVANCED_FACE('',(#834),#837,.T.);
#834 = FACE_BOUND('',#835,.T.);
#835 = EDGE_LOOP('',(#836));
#836 = ORIENTED_EDGE('',*,*,#650,.T.);
#837 = PLANE('',#838);
#838 = AXIS2_PLACEMENT_3D('',#839,#840,#841);
#839 = CARTESIAN_POINT('',(4.,4.,5.));
#840 = DIRECTION('',(0.,0.,1.));
#841 = DIRECTION('',(1.,0.,0.));
#842 = ADVANCED_FACE('',(#843),#846,.T.);
#843 = FACE_BOUND('',#844,.T.);
#844 = EDGE_LOOP('',(#845));
#845 = ORIENTED_EDGE('',*,*,#675,.T.);
#846 = PLANE('',#847);
#847 = AXIS2_PLACEMENT_3D('',#848,#849,#850);
#848 = CARTESIAN_POINT('',(4.,12.,5.));
#849 = DIRECTION('',(0.,0.,1.));
#850 = DIRECTION('',(1.,0.,0.));
#851 = ADVANCED_FACE('',(#852),#909,.T.);
#852 = FACE_BOUND('',#853,.T.);
#853 = EDGE_LOOP('',(#854,#855,#863,#871,#879,#887,#895,#903));
#854 = ORIENTED_EDGE('',*,*,#708,.F.);
#855 = ORIENTED_EDGE('',*,*,#856,.T.);
#856 = EDGE_CURVE('',#709,#857,#859,.T.);
#857 = VERTEX_POINT('',#858);
#858 = CARTESIAN_POINT('',(-6.44,-14.44,2.2));
#859 = LINE('',#860,#861);
#860 = CARTESIAN_POINT('',(-6.44,-14.44,0.));
#861 = VECTOR('',#862,1.);
#862 = DIRECTION('',(0.,0.,1.));
#863 = ORIENTED_EDGE('',*,*,#864,.T.);
#864 = EDGE_CURVE('',#857,#865,#867,.T.);
#865 = VERTEX_POINT('',#866);
#866 = CARTESIAN_POINT('',(-0.6,-14.44,2.2));
#867 = LINE('',#868,#869);
#868 = CARTESIAN_POINT('',(-6.44,-14.44,2.2));
#869 = VECTOR('',#870,1.);
#870 = DIRECTION('',(1.,0.,0.));
#871 = ORIENTED_EDGE('',*,*,#872,.F.);
#872 = EDGE_CURVE('',#873,#865,#875,.T.);
#873 = VERTEX_POINT('',#874);
#874 = CARTESIAN_POINT('',(-0.6,-14.44,1.));
#875 = LINE('',#876,#877);
#876 = CARTESIAN_POINT('',(-0.6,-14.44,0.5));
#877 = VECTOR('',#878,1.);
#878 = DIRECTION('',(0.,0.,1.));
#879 = ORIENTED_EDGE('',*,*,#880,.T.);
#880 = EDGE_CURVE('',#873,#881,#883,.T.);
#881 = VERTEX_POINT('',#882);
#882 = CARTESIAN_POINT('',(0.6,-14.44,1.));
#883 = LINE('',#884,#885);
#884 = CARTESIAN_POINT('',(-3.22,-14.44,1.));
#885 = VECTOR('',#886,1.);
#886 = DIRECTION('',(1.,0.,0.));
#887 = ORIENTED_EDGE('',*,*,#888,.T.);
#888 = EDGE_CURVE('',#881,#889,#891,.T.);
#889 = VERTEX_POINT('',#890);
#890 = CARTESIAN_POINT('',(0.6,-14.44,2.2));
#891 = LINE('',#892,#893);
#892 = CARTESIAN_POINT('',(0.6,-14.44,0.5));
#893 = VECTOR('',#894,1.);
#894 = DIRECTION('',(0.,0.,1.));
#895 = ORIENTED_EDGE('',*,*,#896,.T.);
#896 = EDGE_CURVE('',#889,#897,#899,.T.);
#897 = VERTEX_POINT('',#898);
#898 = CARTESIAN_POINT('',(6.44,-14.44,2.2));
#899 = LINE('',#900,#901);
#900 = CARTESIAN_POINT('',(-6.44,-14.44,2.2));
#901 = VECTOR('',#902,1.);
#902 = DIRECTION('',(1.,0.,0.));
#903 = ORIENTED_EDGE('',*,*,#904,.F.);
#904 = EDGE_CURVE('',#702,#897,#905,.T.);
#905 = LINE('',#906,#907);
#906 = CARTESIAN_POINT('',(6.44,-14.44,0.));
#907 = VECTOR('',#908,1.);
#908 = DIRECTION('',(0.,0.,1.));
#909 = PLANE('',#910);
#910 = AXIS2_PLACEMENT_3D('',#911,#912,#913);
#911 = CARTESIAN_POINT('',(-6.44,-14.44,0.));
#912 = DIRECTION('',(0.,1.,0.));
#913 = DIRECTION('',(0.,0.,1.));
#914 = ADVANCED_FACE('',(#915),#1029,.F.);
#915 = FACE_BOUND('',#916,.F.);
#916 = EDGE_LOOP('',(#917,#918,#919,#927,#935,#943,#951,#959,#967,#975,
    #983,#991,#999,#1007,#1015,#1023));
#917 = ORIENTED_EDGE('',*,*,#904,.F.);
#918 = ORIENTED_EDGE('',*,*,#737,.T.);
#919 = ORIENTED_EDGE('',*,*,#920,.T.);
#920 = EDGE_CURVE('',#731,#921,#923,.T.);
#921 = VERTEX_POINT('',#922);
#922 = CARTESIAN_POINT('',(6.44,14.44,2.2));
#923 = LINE('',#924,#925);
#924 = CARTESIAN_POINT('',(6.44,14.44,0.));
#925 = VECTOR('',#926,1.);
#926 = DIRECTION('',(0.,0.,1.));
#927 = ORIENTED_EDGE('',*,*,#928,.F.);
#928 = EDGE_CURVE('',#929,#921,#931,.T.);
#929 = VERTEX_POINT('',#930);
#930 = CARTESIAN_POINT('',(6.44,8.6,2.2));
#931 = LINE('',#932,#933);
#932 = CARTESIAN_POINT('',(6.44,-14.44,2.2));
#933 = VECTOR('',#934,1.);
#934 = DIRECTION('',(0.,1.,0.));
#935 = ORIENTED_EDGE('',*,*,#936,.T.);
#936 = EDGE_CURVE('',#929,#937,#939,.T.);
#937 = VERTEX_POINT('',#938);
#938 = CARTESIAN_POINT('',(6.44,8.6,1.));
#939 = LINE('',#940,#941);
#940 = CARTESIAN_POINT('',(6.44,8.6,0.5));
#941 = VECTOR('',#942,1.);
#942 = DIRECTION('',(0.,0.,-1.));
#943 = ORIENTED_EDGE('',*,*,#944,.T.);
#944 = EDGE_CURVE('',#937,#945,#947,.T.);
#945 = VERTEX_POINT('',#946);
#946 = CARTESIAN_POINT('',(6.44,7.4,1.));
#947 = LINE('',#948,#949);
#948 = CARTESIAN_POINT('',(6.44,-7.22,1.));
#949 = VECTOR('',#950,1.);
#950 = DIRECTION('',(0.,-1.,0.));
#951 = ORIENTED_EDGE('',*,*,#952,.F.);
#952 = EDGE_CURVE('',#953,#945,#955,.T.);
#953 = VERTEX_POINT('',#954);
#954 = CARTESIAN_POINT('',(6.44,7.4,2.2));
#955 = LINE('',#956,#957);
#956 = CARTESIAN_POINT('',(6.44,7.4,0.5));
#957 = VECTOR('',#958,1.);
#958 = DIRECTION('',(0.,0.,-1.));
#959 = ORIENTED_EDGE('',*,*,#960,.F.);
#960 = EDGE_CURVE('',#961,#953,#963,.T.);
#961 = VERTEX_POINT('',#962);
#962 = CARTESIAN_POINT('',(6.44,0.6,2.2));
#963 = LINE('',#964,#965);
#964 = CARTESIAN_POINT('',(6.44,-14.44,2.2));
#965 = VECTOR('',#966,1.);
#966 = DIRECTION('',(0.,1.,0.));
#967 = ORIENTED_EDGE('',*,*,#968,.T.);
#968 = EDGE_CURVE('',#961,#969,#971,.T.);
#969 = VERTEX_POINT('',#970);
#970 = CARTESIAN_POINT('',(6.44,0.6,1.));
#971 = LINE('',#972,#973);
#972 = CARTESIAN_POINT('',(6.44,0.6,0.5));
#973 = VECTOR('',#974,1.);
#974 = DIRECTION('',(0.,0.,-1.));
#975 = ORIENTED_EDGE('',*,*,#976,.T.);
#976 = EDGE_CURVE('',#969,#977,#979,.T.);
#977 = VERTEX_POINT('',#978);
#978 = CARTESIAN_POINT('',(6.44,-0.6,1.));
#979 = LINE('',#980,#981);
#980 = CARTESIAN_POINT('',(6.44,-7.22,1.));
#981 = VECTOR('',#982,1.);
#982 = DIRECTION('',(0.,-1.,0.));
#983 = ORIENTED_EDGE('',*,*,#984,.F.);
#984 = EDGE_CURVE('',#985,#977,#987,.T.);
#985 = VERTEX_POINT('',#986);
#986 = CARTESIAN_POINT('',(6.44,-0.6,2.2));
#987 = LINE('',#988,#989);
#988 = CARTESIAN_POINT('',(6.44,-0.6,0.5));
#989 = VECTOR('',#990,1.);
#990 = DIRECTION('',(0.,0.,-1.));
#991 = ORIENTED_EDGE('',*,*,#992,.F.);
#992 = EDGE_CURVE('',#993,#985,#995,.T.);
#993 = VERTEX_POINT('',#994);
#994 = CARTESIAN_POINT('',(6.44,-7.4,2.2));
#995 = LINE('',#996,#997);
#996 = CARTESIAN_POINT('',(6.44,-14.44,2.2));
#997 = VECTOR('',#998,1.);
#998 = DIRECTION('',(0.,1.,0.));
#999 = ORIENTED_EDGE('',*,*,#1000,.T.);
#1000 = EDGE_CURVE('',#993,#1001,#1003,.T.);
#1001 = VERTEX_POINT('',#1002);
#1002 = CARTESIAN_POINT('',(6.44,-7.4,1.));
#1003 = LINE('',#1004,#1005);
#1004 = CARTESIAN_POINT('',(6.44,-7.4,0.5));
#1005 = VECTOR('',#1006,1.);
#1006 = DIRECTION('',(0.,0.,-1.));
#1007 = ORIENTED_EDGE('',*,*,#1008,.T.);
#1008 = EDGE_CURVE('',#1001,#1009,#1011,.T.);
#1009 = VERTEX_POINT('',#1010);
#1010 = CARTESIAN_POINT('',(6.44,-8.6,1.));
#1011 = LINE('',#1012,#1013);
#1012 = CARTESIAN_POINT('',(6.44,-7.22,1.));
#1013 = VECTOR('',#1014,1.);
#1014 = DIRECTION('',(0.,-1.,0.));
#1015 = ORIENTED_EDGE('',*,*,#1016,.F.);
#1016 = EDGE_CURVE('',#1017,#1009,#1019,.T.);
#1017 = VERTEX_POINT('',#1018);
#1018 = CARTESIAN_POINT('',(6.44,-8.6,2.2));
#1019 = LINE('',#1020,#1021);
#1020 = CARTESIAN_POINT('',(6.44,-8.6,0.5));
#1021 = VECTOR('',#1022,1.);
#1022 = DIRECTION('',(0.,0.,-1.));
#1023 = ORIENTED_EDGE('',*,*,#1024,.F.);
#1024 = EDGE_CURVE('',#897,#1017,#1025,.T.);
#1025 = LINE('',#1026,#1027);
#1026 = CARTESIAN_POINT('',(6.44,-14.44,2.2));
#1027 = VECTOR('',#1028,1.);
#1028 = DIRECTION('',(0.,1.,0.));
#1029 = PLANE('',#1030);
#1030 = AXIS2_PLACEMENT_3D('',#1031,#1032,#1033);
#1031 = CARTESIAN_POINT('',(6.44,-14.44,0.));
#1032 = DIRECTION('',(1.,0.,0.));
#1033 = DIRECTION('',(0.,0.,1.));
#1034 = ADVANCED_FACE('',(#1035),#1085,.F.);
#1035 = FACE_BOUND('',#1036,.F.);
#1036 = EDGE_LOOP('',(#1037,#1038,#1046,#1054,#1062,#1070,#1078,#1084));
#1037 = ORIENTED_EDGE('',*,*,#760,.F.);
#1038 = ORIENTED_EDGE('',*,*,#1039,.T.);
#1039 = EDGE_CURVE('',#754,#1040,#1042,.T.);
#1040 = VERTEX_POINT('',#1041);
#1041 = CARTESIAN_POINT('',(-6.44,14.44,2.2));
#1042 = LINE('',#1043,#1044);
#1043 = CARTESIAN_POINT('',(-6.44,14.44,0.));
#1044 = VECTOR('',#1045,1.);
#1045 = DIRECTION('',(0.,0.,1.));
#1046 = ORIENTED_EDGE('',*,*,#1047,.T.);
#1047 = EDGE_CURVE('',#1040,#1048,#1050,.T.);
#1048 = VERTEX_POINT('',#1049);
#1049 = CARTESIAN_POINT('',(-0.6,14.44,2.2));
#1050 = LINE('',#1051,#1052);
#1051 = CARTESIAN_POINT('',(-6.44,14.44,2.2));
#1052 = VECTOR('',#1053,1.);
#1053 = DIRECTION('',(1.,0.,0.));
#1054 = ORIENTED_EDGE('',*,*,#1055,.F.);
#1055 = EDGE_CURVE('',#1056,#1048,#1058,.T.);
#1056 = VERTEX_POINT('',#1057);
#1057 = CARTESIAN_POINT('',(-0.6,14.44,1.));
#1058 = LINE('',#1059,#1060);
#1059 = CARTESIAN_POINT('',(-0.6,14.44,0.5));
#1060 = VECTOR('',#1061,1.);
#1061 = DIRECTION('',(0.,0.,1.));
#1062 = ORIENTED_EDGE('',*,*,#1063,.T.);
#1063 = EDGE_CURVE('',#1056,#1064,#1066,.T.);
#1064 = VERTEX_POINT('',#1065);
#1065 = CARTESIAN_POINT('',(0.6,14.44,1.));
#1066 = LINE('',#1067,#1068);
#1067 = CARTESIAN_POINT('',(-3.22,14.44,1.));
#1068 = VECTOR('',#1069,1.);
#1069 = DIRECTION('',(1.,0.,0.));
#1070 = ORIENTED_EDGE('',*,*,#1071,.T.);
#1071 = EDGE_CURVE('',#1064,#1072,#1074,.T.);
#1072 = VERTEX_POINT('',#1073);
#1073 = CARTESIAN_POINT('',(0.6,14.44,2.2));
#1074 = LINE('',#1075,#1076);
#1075 = CARTESIAN_POINT('',(0.6,14.44,0.5));
#1076 = VECTOR('',#1077,1.);
#1077 = DIRECTION('',(0.,0.,1.));
#1078 = ORIENTED_EDGE('',*,*,#1079,.T.);
#1079 = EDGE_CURVE('',#1072,#921,#1080,.T.);
#1080 = LINE('',#1081,#1082);
#1081 = CARTESIAN_POINT('',(-6.44,14.44,2.2));
#1082 = VECTOR('',#1083,1.);
#1083 = DIRECTION('',(1.,0.,0.));
#1084 = ORIENTED_EDGE('',*,*,#920,.F.);
#1085 = PLANE('',#1086);
#1086 = AXIS2_PLACEMENT_3D('',#1087,#1088,#1089);
#1087 = CARTESIAN_POINT('',(-6.44,14.44,0.));
#1088 = DIRECTION('',(0.,1.,0.));
#1089 = DIRECTION('',(0.,0.,1.));
#1090 = ADVANCED_FACE('',(#1091),#1198,.T.);
#1091 = FACE_BOUND('',#1092,.T.);
#1092 = EDGE_LOOP('',(#1093,#1094,#1095,#1096,#1104,#1112,#1120,#1128,
    #1136,#1144,#1152,#1160,#1168,#1176,#1184,#1192));
#1093 = ORIENTED_EDGE('',*,*,#856,.F.);
#1094 = ORIENTED_EDGE('',*,*,#777,.T.);
#1095 = ORIENTED_EDGE('',*,*,#1039,.T.);
#1096 = ORIENTED_EDGE('',*,*,#1097,.F.);
#1097 = EDGE_CURVE('',#1098,#1040,#1100,.T.);
#1098 = VERTEX_POINT('',#1099);
#1099 = CARTESIAN_POINT('',(-6.44,8.6,2.2));
#1100 = LINE('',#1101,#1102);
#1101 = CARTESIAN_POINT('',(-6.44,-14.44,2.2));
#1102 = VECTOR('',#1103,1.);
#1103 = DIRECTION('',(0.,1.,0.));
#1104 = ORIENTED_EDGE('',*,*,#1105,.T.);
#1105 = EDGE_CURVE('',#1098,#1106,#1108,.T.);
#1106 = VERTEX_POINT('',#1107);
#1107 = CARTESIAN_POINT('',(-6.44,8.6,1.));
#1108 = LINE('',#1109,#1110);
#1109 = CARTESIAN_POINT('',(-6.44,8.6,0.5));
#1110 = VECTOR('',#1111,1.);
#1111 = DIRECTION('',(0.,0.,-1.));
#1112 = ORIENTED_EDGE('',*,*,#1113,.T.);
#1113 = EDGE_CURVE('',#1106,#1114,#1116,.T.);
#1114 = VERTEX_POINT('',#1115);
#1115 = CARTESIAN_POINT('',(-6.44,7.4,1.));
#1116 = LINE('',#1117,#1118);
#1117 = CARTESIAN_POINT('',(-6.44,-7.22,1.));
#1118 = VECTOR('',#1119,1.);
#1119 = DIRECTION('',(0.,-1.,0.));
#1120 = ORIENTED_EDGE('',*,*,#1121,.F.);
#1121 = EDGE_CURVE('',#1122,#1114,#1124,.T.);
#1122 = VERTEX_POINT('',#1123);
#1123 = CARTESIAN_POINT('',(-6.44,7.4,2.2));
#1124 = LINE('',#1125,#1126);
#1125 = CARTESIAN_POINT('',(-6.44,7.4,0.5));
#1126 = VECTOR('',#1127,1.);
#1127 = DIRECTION('',(0.,0.,-1.));
#1128 = ORIENTED_EDGE('',*,*,#1129,.F.);
#1129 = EDGE_CURVE('',#1130,#1122,#1132,.T.);
#1130 = VERTEX_POINT('',#1131);
#1131 = CARTESIAN_POINT('',(-6.44,0.6,2.2));
#1132 = LINE('',#1133,#1134);
#1133 = CARTESIAN_POINT('',(-6.44,-14.44,2.2));
#1134 = VECTOR('',#1135,1.);
#1135 = DIRECTION('',(0.,1.,0.));
#1136 = ORIENTED_EDGE('',*,*,#1137,.T.);
#1137 = EDGE_CURVE('',#1130,#1138,#1140,.T.);
#1138 = VERTEX_POINT('',#1139);
#1139 = CARTESIAN_POINT('',(-6.44,0.6,1.));
#1140 = LINE('',#1141,#1142);
#1141 = CARTESIAN_POINT('',(-6.44,0.6,0.5));
#1142 = VECTOR('',#1143,1.);
#1143 = DIRECTION('',(0.,0.,-1.));
#1144 = ORIENTED_EDGE('',*,*,#1145,.T.);
#1145 = EDGE_CURVE('',#1138,#1146,#1148,.T.);
#1146 = VERTEX_POINT('',#1147);
#1147 = CARTESIAN_POINT('',(-6.44,-0.6,1.));
#1148 = LINE('',#1149,#1150);
#1149 = CARTESIAN_POINT('',(-6.44,-7.22,1.));
#1150 = VECTOR('',#1151,1.);
#1151 = DIRECTION('',(0.,-1.,0.));
#1152 = ORIENTED_EDGE('',*,*,#1153,.F.);
#1153 = EDGE_CURVE('',#1154,#1146,#1156,.T.);
#1154 = VERTEX_POINT('',#1155);
#1155 = CARTESIAN_POINT('',(-6.44,-0.6,2.2));
#1156 = LINE('',#1157,#1158);
#1157 = CARTESIAN_POINT('',(-6.44,-0.6,0.5));
#1158 = VECTOR('',#1159,1.);
#1159 = DIRECTION('',(0.,0.,-1.));
#1160 = ORIENTED_EDGE('',*,*,#1161,.F.);
#1161 = EDGE_CURVE('',#1162,#1154,#1164,.T.);
#1162 = VERTEX_POINT('',#1163);
#1163 = CARTESIAN_POINT('',(-6.44,-7.4,2.2));
#1164 = LINE('',#1165,#1166);
#1165 = CARTESIAN_POINT('',(-6.44,-14.44,2.2));
#1166 = VECTOR('',#1167,1.);
#1167 = DIRECTION('',(0.,1.,0.));
#1168 = ORIENTED_EDGE('',*,*,#1169,.T.);
#1169 = EDGE_CURVE('',#1162,#1170,#1172,.T.);
#1170 = VERTEX_POINT('',#1171);
#1171 = CARTESIAN_POINT('',(-6.44,-7.4,1.));
#1172 = LINE('',#1173,#1174);
#1173 = CARTESIAN_POINT('',(-6.44,-7.4,0.5));
#1174 = VECTOR('',#1175,1.);
#1175 = DIRECTION('',(0.,0.,-1.));
#1176 = ORIENTED_EDGE('',*,*,#1177,.T.);
#1177 = EDGE_CURVE('',#1170,#1178,#1180,.T.);
#1178 = VERTEX_POINT('',#1179);
#1179 = CARTESIAN_POINT('',(-6.44,-8.6,1.));
#1180 = LINE('',#1181,#1182);
#1181 = CARTESIAN_POINT('',(-6.44,-7.22,1.));
#1182 = VECTOR('',#1183,1.);
#1183 = DIRECTION('',(0.,-1.,0.));
#1184 = ORIENTED_EDGE('',*,*,#1185,.F.);
#1185 = EDGE_CURVE('',#1186,#1178,#1188,.T.);
#1186 = VERTEX_POINT('',#1187);
#1187 = CARTESIAN_POINT('',(-6.44,-8.6,2.2));
#1188 = LINE('',#1189,#1190);
#1189 = CARTESIAN_POINT('',(-6.44,-8.6,0.5));
#1190 = VECTOR('',#1191,1.);
#1191 = DIRECTION('',(0.,0.,-1.));
#1192 = ORIENTED_EDGE('',*,*,#1193,.F.);
#1193 = EDGE_CURVE('',#857,#1186,#1194,.T.);
#1194 = LINE('',#1195,#1196);
#1195 = CARTESIAN_POINT('',(-6.44,-14.44,2.2));
#1196 = VECTOR('',#1197,1.);
#1197 = DIRECTION('',(0.,1.,0.));
#1198 = PLANE('',#1199);
#1199 = AXIS2_PLACEMENT_3D('',#1200,#1201,#1202);
#1200 = CARTESIAN_POINT('',(-6.44,-14.44,0.));
#1201 = DIRECTION('',(1.,0.,0.));
#1202 = DIRECTION('',(0.,0.,1.));
#1203 = ADVANCED_FACE('',(#1204),#1231,.F.);
#1204 = FACE_BOUND('',#1205,.F.);
#1205 = EDGE_LOOP('',(#1206,#1214,#1215,#1216,#1224));
#1206 = ORIENTED_EDGE('',*,*,#1207,.F.);
#1207 = EDGE_CURVE('',#889,#1208,#1210,.T.);
#1208 = VERTEX_POINT('',#1209);
#1209 = CARTESIAN_POINT('',(0.6,-11.16040365499,2.2));
#1210 = LINE('',#1211,#1212);
#1211 = CARTESIAN_POINT('',(0.6,-15.9,2.2));
#1212 = VECTOR('',#1213,1.);
#1213 = DIRECTION('',(0.,1.,0.));
#1214 = ORIENTED_EDGE('',*,*,#896,.T.);
#1215 = ORIENTED_EDGE('',*,*,#1024,.T.);
#1216 = ORIENTED_EDGE('',*,*,#1217,.F.);
#1217 = EDGE_CURVE('',#1218,#1017,#1220,.T.);
#1218 = VERTEX_POINT('',#1219);
#1219 = CARTESIAN_POINT('',(3.16040365499,-8.6,2.2));
#1220 = LINE('',#1221,#1222);
#1221 = CARTESIAN_POINT('',(-7.9,-8.6,2.2));
#1222 = VECTOR('',#1223,1.);
#1223 = DIRECTION('',(1.,0.,0.));
#1224 = ORIENTED_EDGE('',*,*,#1225,.F.);
#1225 = EDGE_CURVE('',#1208,#1218,#1226,.T.);
#1226 = CIRCLE('',#1227,3.216854249492);
#1227 = AXIS2_PLACEMENT_3D('',#1228,#1229,#1230);
#1228 = CARTESIAN_POINT('',(0.,-8.,2.2));
#1229 = DIRECTION('',(0.,0.,1.));
#1230 = DIRECTION('',(1.,0.,0.));
#1231 = PLANE('',#1232);
#1232 = AXIS2_PLACEMENT_3D('',#1233,#1234,#1235);
#1233 = CARTESIAN_POINT('',(-6.44,-14.44,2.2));
#1234 = DIRECTION('',(0.,0.,1.));
#1235 = DIRECTION('',(1.,0.,0.));
#1236 = ADVANCED_FACE('',(#1237),#1255,.T.);
#1237 = FACE_BOUND('',#1238,.T.);
#1238 = EDGE_LOOP('',(#1239,#1240,#1241,#1249));
#1239 = ORIENTED_EDGE('',*,*,#1207,.F.);
#1240 = ORIENTED_EDGE('',*,*,#888,.F.);
#1241 = ORIENTED_EDGE('',*,*,#1242,.T.);
#1242 = EDGE_CURVE('',#881,#1243,#1245,.T.);
#1243 = VERTEX_POINT('',#1244);
#1244 = CARTESIAN_POINT('',(0.6,-11.16040365499,1.));
#1245 = LINE('',#1246,#1247);
#1246 = CARTESIAN_POINT('',(0.6,-15.9,1.));
#1247 = VECTOR('',#1248,1.);
#1248 = DIRECTION('',(0.,1.,0.));
#1249 = ORIENTED_EDGE('',*,*,#1250,.F.);
#1250 = EDGE_CURVE('',#1208,#1243,#1251,.T.);
#1251 = LINE('',#1252,#1253);
#1252 = CARTESIAN_POINT('',(0.6,-11.16040365499,0.3));
#1253 = VECTOR('',#1254,1.);
#1254 = DIRECTION('',(-0.,-0.,-1.));
#1255 = PLANE('',#1256);
#1256 = AXIS2_PLACEMENT_3D('',#1257,#1258,#1259);
#1257 = CARTESIAN_POINT('',(0.6,-15.9,1.));
#1258 = DIRECTION('',(1.,0.,0.));
#1259 = DIRECTION('',(0.,0.,1.));
#1260 = ADVANCED_FACE('',(#1261),#1280,.T.);
#1261 = FACE_BOUND('',#1262,.T.);
#1262 = EDGE_LOOP('',(#1263,#1264,#1272,#1279));
#1263 = ORIENTED_EDGE('',*,*,#880,.F.);
#1264 = ORIENTED_EDGE('',*,*,#1265,.T.);
#1265 = EDGE_CURVE('',#873,#1266,#1268,.T.);
#1266 = VERTEX_POINT('',#1267);
#1267 = CARTESIAN_POINT('',(-0.6,-11.16040365499,1.));
#1268 = LINE('',#1269,#1270);
#1269 = CARTESIAN_POINT('',(-0.6,-15.9,1.));
#1270 = VECTOR('',#1271,1.);
#1271 = DIRECTION('',(0.,1.,0.));
#1272 = ORIENTED_EDGE('',*,*,#1273,.F.);
#1273 = EDGE_CURVE('',#1243,#1266,#1274,.T.);
#1274 = CIRCLE('',#1275,3.216854249492);
#1275 = AXIS2_PLACEMENT_3D('',#1276,#1277,#1278);
#1276 = CARTESIAN_POINT('',(0.,-8.,1.));
#1277 = DIRECTION('',(0.,0.,-1.));
#1278 = DIRECTION('',(1.,0.,0.));
#1279 = ORIENTED_EDGE('',*,*,#1242,.F.);
#1280 = PLANE('',#1281);
#1281 = AXIS2_PLACEMENT_3D('',#1282,#1283,#1284);
#1282 = CARTESIAN_POINT('',(9.830099697202E-17,-1.387778780781E-16,1.));
#1283 = DIRECTION('',(-0.,-0.,-1.));
#1284 = DIRECTION('',(-1.,0.,0.));
#1285 = ADVANCED_FACE('',(#1286),#1304,.F.);
#1286 = FACE_BOUND('',#1287,.F.);
#1287 = EDGE_LOOP('',(#1288,#1296,#1297,#1298));
#1288 = ORIENTED_EDGE('',*,*,#1289,.F.);
#1289 = EDGE_CURVE('',#865,#1290,#1292,.T.);
#1290 = VERTEX_POINT('',#1291);
#1291 = CARTESIAN_POINT('',(-0.6,-11.16040365499,2.2));
#1292 = LINE('',#1293,#1294);
#1293 = CARTESIAN_POINT('',(-0.6,-15.9,2.2));
#1294 = VECTOR('',#1295,1.);
#1295 = DIRECTION('',(0.,1.,0.));
#1296 = ORIENTED_EDGE('',*,*,#872,.F.);
#1297 = ORIENTED_EDGE('',*,*,#1265,.T.);
#1298 = ORIENTED_EDGE('',*,*,#1299,.F.);
#1299 = EDGE_CURVE('',#1290,#1266,#1300,.T.);
#1300 = LINE('',#1301,#1302);
#1301 = CARTESIAN_POINT('',(-0.6,-11.16040365499,0.3));
#1302 = VECTOR('',#1303,1.);
#1303 = DIRECTION('',(-0.,-0.,-1.));
#1304 = PLANE('',#1305);
#1305 = AXIS2_PLACEMENT_3D('',#1306,#1307,#1308);
#1306 = CARTESIAN_POINT('',(-0.6,-15.9,1.));
#1307 = DIRECTION('',(1.,0.,0.));
#1308 = DIRECTION('',(0.,0.,1.));
#1309 = ADVANCED_FACE('',(#1310),#1330,.F.);
#1310 = FACE_BOUND('',#1311,.F.);
#1311 = EDGE_LOOP('',(#1312,#1313,#1314,#1315,#1324));
#1312 = ORIENTED_EDGE('',*,*,#1193,.F.);
#1313 = ORIENTED_EDGE('',*,*,#864,.T.);
#1314 = ORIENTED_EDGE('',*,*,#1289,.T.);
#1315 = ORIENTED_EDGE('',*,*,#1316,.F.);
#1316 = EDGE_CURVE('',#1317,#1290,#1319,.T.);
#1317 = VERTEX_POINT('',#1318);
#1318 = CARTESIAN_POINT('',(-3.16040365499,-8.6,2.2));
#1319 = CIRCLE('',#1320,3.216854249492);
#1320 = AXIS2_PLACEMENT_3D('',#1321,#1322,#1323);
#1321 = CARTESIAN_POINT('',(0.,-8.,2.2));
#1322 = DIRECTION('',(0.,0.,1.));
#1323 = DIRECTION('',(1.,0.,0.));
#1324 = ORIENTED_EDGE('',*,*,#1325,.F.);
#1325 = EDGE_CURVE('',#1186,#1317,#1326,.T.);
#1326 = LINE('',#1327,#1328);
#1327 = CARTESIAN_POINT('',(-7.9,-8.6,2.2));
#1328 = VECTOR('',#1329,1.);
#1329 = DIRECTION('',(1.,0.,0.));
#1330 = PLANE('',#1331);
#1331 = AXIS2_PLACEMENT_3D('',#1332,#1333,#1334);
#1332 = CARTESIAN_POINT('',(-6.44,-14.44,2.2));
#1333 = DIRECTION('',(0.,0.,1.));
#1334 = DIRECTION('',(1.,0.,0.));
#1335 = ADVANCED_FACE('',(#1336),#1354,.F.);
#1336 = FACE_BOUND('',#1337,.F.);
#1337 = EDGE_LOOP('',(#1338,#1346,#1352,#1353));
#1338 = ORIENTED_EDGE('',*,*,#1339,.F.);
#1339 = EDGE_CURVE('',#1340,#1009,#1342,.T.);
#1340 = VERTEX_POINT('',#1341);
#1341 = CARTESIAN_POINT('',(3.16040365499,-8.6,1.));
#1342 = LINE('',#1343,#1344);
#1343 = CARTESIAN_POINT('',(-7.9,-8.6,1.));
#1344 = VECTOR('',#1345,1.);
#1345 = DIRECTION('',(1.,0.,0.));
#1346 = ORIENTED_EDGE('',*,*,#1347,.F.);
#1347 = EDGE_CURVE('',#1218,#1340,#1348,.T.);
#1348 = LINE('',#1349,#1350);
#1349 = CARTESIAN_POINT('',(3.16040365499,-8.6,0.3));
#1350 = VECTOR('',#1351,1.);
#1351 = DIRECTION('',(-0.,-0.,-1.));
#1352 = ORIENTED_EDGE('',*,*,#1217,.T.);
#1353 = ORIENTED_EDGE('',*,*,#1016,.T.);
#1354 = PLANE('',#1355);
#1355 = AXIS2_PLACEMENT_3D('',#1356,#1357,#1358);
#1356 = CARTESIAN_POINT('',(-7.9,-8.6,1.));
#1357 = DIRECTION('',(0.,1.,0.));
#1358 = DIRECTION('',(0.,0.,1.));
#1359 = ADVANCED_FACE('',(#1360),#1388,.T.);
#1360 = FACE_BOUND('',#1361,.T.);
#1361 = EDGE_LOOP('',(#1362,#1363,#1372,#1381,#1387));
#1362 = ORIENTED_EDGE('',*,*,#1339,.F.);
#1363 = ORIENTED_EDGE('',*,*,#1364,.F.);
#1364 = EDGE_CURVE('',#1365,#1340,#1367,.T.);
#1365 = VERTEX_POINT('',#1366);
#1366 = CARTESIAN_POINT('',(3.216854249492,-8.,1.));
#1367 = CIRCLE('',#1368,3.216854249492);
#1368 = AXIS2_PLACEMENT_3D('',#1369,#1370,#1371);
#1369 = CARTESIAN_POINT('',(0.,-8.,1.));
#1370 = DIRECTION('',(0.,0.,-1.));
#1371 = DIRECTION('',(1.,0.,0.));
#1372 = ORIENTED_EDGE('',*,*,#1373,.F.);
#1373 = EDGE_CURVE('',#1374,#1365,#1376,.T.);
#1374 = VERTEX_POINT('',#1375);
#1375 = CARTESIAN_POINT('',(3.16040365499,-7.4,1.));
#1376 = CIRCLE('',#1377,3.216854249492);
#1377 = AXIS2_PLACEMENT_3D('',#1378,#1379,#1380);
#1378 = CARTESIAN_POINT('',(0.,-8.,1.));
#1379 = DIRECTION('',(0.,0.,-1.));
#1380 = DIRECTION('',(1.,0.,0.));
#1381 = ORIENTED_EDGE('',*,*,#1382,.T.);
#1382 = EDGE_CURVE('',#1374,#1001,#1383,.T.);
#1383 = LINE('',#1384,#1385);
#1384 = CARTESIAN_POINT('',(-7.9,-7.4,1.));
#1385 = VECTOR('',#1386,1.);
#1386 = DIRECTION('',(1.,0.,0.));
#1387 = ORIENTED_EDGE('',*,*,#1008,.T.);
#1388 = PLANE('',#1389);
#1389 = AXIS2_PLACEMENT_3D('',#1390,#1391,#1392);
#1390 = CARTESIAN_POINT('',(9.830099697202E-17,-1.387778780781E-16,1.));
#1391 = DIRECTION('',(-0.,-0.,-1.));
#1392 = DIRECTION('',(-1.,0.,0.));
#1393 = ADVANCED_FACE('',(#1394),#1412,.T.);
#1394 = FACE_BOUND('',#1395,.T.);
#1395 = EDGE_LOOP('',(#1396,#1397,#1405,#1411));
#1396 = ORIENTED_EDGE('',*,*,#1382,.F.);
#1397 = ORIENTED_EDGE('',*,*,#1398,.F.);
#1398 = EDGE_CURVE('',#1399,#1374,#1401,.T.);
#1399 = VERTEX_POINT('',#1400);
#1400 = CARTESIAN_POINT('',(3.16040365499,-7.4,2.2));
#1401 = LINE('',#1402,#1403);
#1402 = CARTESIAN_POINT('',(3.16040365499,-7.4,0.3));
#1403 = VECTOR('',#1404,1.);
#1404 = DIRECTION('',(-0.,-0.,-1.));
#1405 = ORIENTED_EDGE('',*,*,#1406,.T.);
#1406 = EDGE_CURVE('',#1399,#993,#1407,.T.);
#1407 = LINE('',#1408,#1409);
#1408 = CARTESIAN_POINT('',(-7.9,-7.4,2.2));
#1409 = VECTOR('',#1410,1.);
#1410 = DIRECTION('',(1.,0.,0.));
#1411 = ORIENTED_EDGE('',*,*,#1000,.T.);
#1412 = PLANE('',#1413);
#1413 = AXIS2_PLACEMENT_3D('',#1414,#1415,#1416);
#1414 = CARTESIAN_POINT('',(-7.9,-7.4,1.));
#1415 = DIRECTION('',(0.,1.,0.));
#1416 = DIRECTION('',(0.,0.,1.));
#1417 = ADVANCED_FACE('',(#1418),#1454,.F.);
#1418 = FACE_BOUND('',#1419,.F.);
#1419 = EDGE_LOOP('',(#1420,#1430,#1437,#1438,#1439,#1447));
#1420 = ORIENTED_EDGE('',*,*,#1421,.F.);
#1421 = EDGE_CURVE('',#1422,#1424,#1426,.T.);
#1422 = VERTEX_POINT('',#1423);
#1423 = CARTESIAN_POINT('',(0.6,-4.83959634501,2.2));
#1424 = VERTEX_POINT('',#1425);
#1425 = CARTESIAN_POINT('',(0.6,-3.160403654991,2.2));
#1426 = LINE('',#1427,#1428);
#1427 = CARTESIAN_POINT('',(0.6,-15.9,2.2));
#1428 = VECTOR('',#1429,1.);
#1429 = DIRECTION('',(0.,1.,0.));
#1430 = ORIENTED_EDGE('',*,*,#1431,.F.);
#1431 = EDGE_CURVE('',#1399,#1422,#1432,.T.);
#1432 = CIRCLE('',#1433,3.216854249492);
#1433 = AXIS2_PLACEMENT_3D('',#1434,#1435,#1436);
#1434 = CARTESIAN_POINT('',(0.,-8.,2.2));
#1435 = DIRECTION('',(0.,0.,1.));
#1436 = DIRECTION('',(1.,0.,0.));
#1437 = ORIENTED_EDGE('',*,*,#1406,.T.);
#1438 = ORIENTED_EDGE('',*,*,#992,.T.);
#1439 = ORIENTED_EDGE('',*,*,#1440,.F.);
#1440 = EDGE_CURVE('',#1441,#985,#1443,.T.);
#1441 = VERTEX_POINT('',#1442);
#1442 = CARTESIAN_POINT('',(3.16040365499,-0.6,2.2));
#1443 = LINE('',#1444,#1445);
#1444 = CARTESIAN_POINT('',(-7.9,-0.6,2.2));
#1445 = VECTOR('',#1446,1.);
#1446 = DIRECTION('',(1.,0.,0.));
#1447 = ORIENTED_EDGE('',*,*,#1448,.F.);
#1448 = EDGE_CURVE('',#1424,#1441,#1449,.T.);
#1449 = CIRCLE('',#1450,3.216854249492);
#1450 = AXIS2_PLACEMENT_3D('',#1451,#1452,#1453);
#1451 = CARTESIAN_POINT('',(0.,0.,2.2));
#1452 = DIRECTION('',(0.,0.,1.));
#1453 = DIRECTION('',(1.,0.,0.));
#1454 = PLANE('',#1455);
#1455 = AXIS2_PLACEMENT_3D('',#1456,#1457,#1458);
#1456 = CARTESIAN_POINT('',(-6.44,-14.44,2.2));
#1457 = DIRECTION('',(0.,0.,1.));
#1458 = DIRECTION('',(1.,0.,0.));
#1459 = ADVANCED_FACE('',(#1460),#1478,.F.);
#1460 = FACE_BOUND('',#1461,.F.);
#1461 = EDGE_LOOP('',(#1462,#1470,#1476,#1477));
#1462 = ORIENTED_EDGE('',*,*,#1463,.F.);
#1463 = EDGE_CURVE('',#1464,#977,#1466,.T.);
#1464 = VERTEX_POINT('',#1465);
#1465 = CARTESIAN_POINT('',(3.16040365499,-0.6,1.));
#1466 = LINE('',#1467,#1468);
#1467 = CARTESIAN_POINT('',(-7.9,-0.6,1.));
#1468 = VECTOR('',#1469,1.);
#1469 = DIRECTION('',(1.,0.,0.));
#1470 = ORIENTED_EDGE('',*,*,#1471,.F.);
#1471 = EDGE_CURVE('',#1441,#1464,#1472,.T.);
#1472 = LINE('',#1473,#1474);
#1473 = CARTESIAN_POINT('',(3.16040365499,-0.6,0.3));
#1474 = VECTOR('',#1475,1.);
#1475 = DIRECTION('',(-0.,-0.,-1.));
#1476 = ORIENTED_EDGE('',*,*,#1440,.T.);
#1477 = ORIENTED_EDGE('',*,*,#984,.T.);
#1478 = PLANE('',#1479);
#1479 = AXIS2_PLACEMENT_3D('',#1480,#1481,#1482);
#1480 = CARTESIAN_POINT('',(-7.9,-0.6,1.));
#1481 = DIRECTION('',(0.,1.,0.));
#1482 = DIRECTION('',(0.,0.,1.));
#1483 = ADVANCED_FACE('',(#1484),#1512,.T.);
#1484 = FACE_BOUND('',#1485,.T.);
#1485 = EDGE_LOOP('',(#1486,#1487,#1496,#1505,#1511));
#1486 = ORIENTED_EDGE('',*,*,#1463,.F.);
#1487 = ORIENTED_EDGE('',*,*,#1488,.F.);
#1488 = EDGE_CURVE('',#1489,#1464,#1491,.T.);
#1489 = VERTEX_POINT('',#1490);
#1490 = CARTESIAN_POINT('',(3.216854249492,-7.879020519929E-16,1.));
#1491 = CIRCLE('',#1492,3.216854249492);
#1492 = AXIS2_PLACEMENT_3D('',#1493,#1494,#1495);
#1493 = CARTESIAN_POINT('',(0.,0.,1.));
#1494 = DIRECTION('',(0.,0.,-1.));
#1495 = DIRECTION('',(1.,0.,0.));
#1496 = ORIENTED_EDGE('',*,*,#1497,.F.);
#1497 = EDGE_CURVE('',#1498,#1489,#1500,.T.);
#1498 = VERTEX_POINT('',#1499);
#1499 = CARTESIAN_POINT('',(3.16040365499,0.6,1.));
#1500 = CIRCLE('',#1501,3.216854249492);
#1501 = AXIS2_PLACEMENT_3D('',#1502,#1503,#1504);
#1502 = CARTESIAN_POINT('',(0.,0.,1.));
#1503 = DIRECTION('',(0.,0.,-1.));
#1504 = DIRECTION('',(1.,0.,0.));
#1505 = ORIENTED_EDGE('',*,*,#1506,.T.);
#1506 = EDGE_CURVE('',#1498,#969,#1507,.T.);
#1507 = LINE('',#1508,#1509);
#1508 = CARTESIAN_POINT('',(-7.9,0.6,1.));
#1509 = VECTOR('',#1510,1.);
#1510 = DIRECTION('',(1.,0.,0.));
#1511 = ORIENTED_EDGE('',*,*,#976,.T.);
#1512 = PLANE('',#1513);
#1513 = AXIS2_PLACEMENT_3D('',#1514,#1515,#1516);
#1514 = CARTESIAN_POINT('',(9.830099697202E-17,-1.387778780781E-16,1.));
#1515 = DIRECTION('',(-0.,-0.,-1.));
#1516 = DIRECTION('',(-1.,0.,0.));
#1517 = ADVANCED_FACE('',(#1518),#1536,.T.);
#1518 = FACE_BOUND('',#1519,.T.);
#1519 = EDGE_LOOP('',(#1520,#1521,#1529,#1535));
#1520 = ORIENTED_EDGE('',*,*,#1506,.F.);
#1521 = ORIENTED_EDGE('',*,*,#1522,.F.);
#1522 = EDGE_CURVE('',#1523,#1498,#1525,.T.);
#1523 = VERTEX_POINT('',#1524);
#1524 = CARTESIAN_POINT('',(3.16040365499,0.6,2.2));
#1525 = LINE('',#1526,#1527);
#1526 = CARTESIAN_POINT('',(3.16040365499,0.6,0.3));
#1527 = VECTOR('',#1528,1.);
#1528 = DIRECTION('',(-0.,-0.,-1.));
#1529 = ORIENTED_EDGE('',*,*,#1530,.T.);
#1530 = EDGE_CURVE('',#1523,#961,#1531,.T.);
#1531 = LINE('',#1532,#1533);
#1532 = CARTESIAN_POINT('',(-7.9,0.6,2.2));
#1533 = VECTOR('',#1534,1.);
#1534 = DIRECTION('',(1.,0.,0.));
#1535 = ORIENTED_EDGE('',*,*,#968,.T.);
#1536 = PLANE('',#1537);
#1537 = AXIS2_PLACEMENT_3D('',#1538,#1539,#1540);
#1538 = CARTESIAN_POINT('',(-7.9,0.6,1.));
#1539 = DIRECTION('',(0.,1.,0.));
#1540 = DIRECTION('',(0.,0.,1.));
#1541 = ADVANCED_FACE('',(#1542),#1578,.F.);
#1542 = FACE_BOUND('',#1543,.F.);
#1543 = EDGE_LOOP('',(#1544,#1554,#1561,#1562,#1563,#1571));
#1544 = ORIENTED_EDGE('',*,*,#1545,.F.);
#1545 = EDGE_CURVE('',#1546,#1548,#1550,.T.);
#1546 = VERTEX_POINT('',#1547);
#1547 = CARTESIAN_POINT('',(0.6,3.16040365499,2.2));
#1548 = VERTEX_POINT('',#1549);
#1549 = CARTESIAN_POINT('',(0.6,4.839596345009,2.2));
#1550 = LINE('',#1551,#1552);
#1551 = CARTESIAN_POINT('',(0.6,-15.9,2.2));
#1552 = VECTOR('',#1553,1.);
#1553 = DIRECTION('',(0.,1.,0.));
#1554 = ORIENTED_EDGE('',*,*,#1555,.F.);
#1555 = EDGE_CURVE('',#1523,#1546,#1556,.T.);
#1556 = CIRCLE('',#1557,3.216854249492);
#1557 = AXIS2_PLACEMENT_3D('',#1558,#1559,#1560);
#1558 = CARTESIAN_POINT('',(0.,0.,2.2));
#1559 = DIRECTION('',(0.,0.,1.));
#1560 = DIRECTION('',(1.,0.,0.));
#1561 = ORIENTED_EDGE('',*,*,#1530,.T.);
#1562 = ORIENTED_EDGE('',*,*,#960,.T.);
#1563 = ORIENTED_EDGE('',*,*,#1564,.F.);
#1564 = EDGE_CURVE('',#1565,#953,#1567,.T.);
#1565 = VERTEX_POINT('',#1566);
#1566 = CARTESIAN_POINT('',(3.16040365499,7.4,2.2));
#1567 = LINE('',#1568,#1569);
#1568 = CARTESIAN_POINT('',(-7.9,7.4,2.2));
#1569 = VECTOR('',#1570,1.);
#1570 = DIRECTION('',(1.,0.,0.));
#1571 = ORIENTED_EDGE('',*,*,#1572,.F.);
#1572 = EDGE_CURVE('',#1548,#1565,#1573,.T.);
#1573 = CIRCLE('',#1574,3.216854249492);
#1574 = AXIS2_PLACEMENT_3D('',#1575,#1576,#1577);
#1575 = CARTESIAN_POINT('',(0.,8.,2.2));
#1576 = DIRECTION('',(0.,0.,1.));
#1577 = DIRECTION('',(1.,0.,0.));
#1578 = PLANE('',#1579);
#1579 = AXIS2_PLACEMENT_3D('',#1580,#1581,#1582);
#1580 = CARTESIAN_POINT('',(-6.44,-14.44,2.2));
#1581 = DIRECTION('',(0.,0.,1.));
#1582 = DIRECTION('',(1.,0.,0.));
#1583 = ADVANCED_FACE('',(#1584),#1602,.F.);
#1584 = FACE_BOUND('',#1585,.F.);
#1585 = EDGE_LOOP('',(#1586,#1594,#1600,#1601));
#1586 = ORIENTED_EDGE('',*,*,#1587,.F.);
#1587 = EDGE_CURVE('',#1588,#945,#1590,.T.);
#1588 = VERTEX_POINT('',#1589);
#1589 = CARTESIAN_POINT('',(3.16040365499,7.4,1.));
#1590 = LINE('',#1591,#1592);
#1591 = CARTESIAN_POINT('',(-7.9,7.4,1.));
#1592 = VECTOR('',#1593,1.);
#1593 = DIRECTION('',(1.,0.,0.));
#1594 = ORIENTED_EDGE('',*,*,#1595,.F.);
#1595 = EDGE_CURVE('',#1565,#1588,#1596,.T.);
#1596 = LINE('',#1597,#1598);
#1597 = CARTESIAN_POINT('',(3.16040365499,7.4,0.3));
#1598 = VECTOR('',#1599,1.);
#1599 = DIRECTION('',(-0.,-0.,-1.));
#1600 = ORIENTED_EDGE('',*,*,#1564,.T.);
#1601 = ORIENTED_EDGE('',*,*,#952,.T.);
#1602 = PLANE('',#1603);
#1603 = AXIS2_PLACEMENT_3D('',#1604,#1605,#1606);
#1604 = CARTESIAN_POINT('',(-7.9,7.4,1.));
#1605 = DIRECTION('',(0.,1.,0.));
#1606 = DIRECTION('',(0.,0.,1.));
#1607 = ADVANCED_FACE('',(#1608),#1636,.T.);
#1608 = FACE_BOUND('',#1609,.T.);
#1609 = EDGE_LOOP('',(#1610,#1611,#1620,#1629,#1635));
#1610 = ORIENTED_EDGE('',*,*,#1587,.F.);
#1611 = ORIENTED_EDGE('',*,*,#1612,.F.);
#1612 = EDGE_CURVE('',#1613,#1588,#1615,.T.);
#1613 = VERTEX_POINT('',#1614);
#1614 = CARTESIAN_POINT('',(3.216854249492,8.,1.));
#1615 = CIRCLE('',#1616,3.216854249492);
#1616 = AXIS2_PLACEMENT_3D('',#1617,#1618,#1619);
#1617 = CARTESIAN_POINT('',(0.,8.,1.));
#1618 = DIRECTION('',(0.,0.,-1.));
#1619 = DIRECTION('',(1.,0.,0.));
#1620 = ORIENTED_EDGE('',*,*,#1621,.F.);
#1621 = EDGE_CURVE('',#1622,#1613,#1624,.T.);
#1622 = VERTEX_POINT('',#1623);
#1623 = CARTESIAN_POINT('',(3.16040365499,8.6,1.));
#1624 = CIRCLE('',#1625,3.216854249492);
#1625 = AXIS2_PLACEMENT_3D('',#1626,#1627,#1628);
#1626 = CARTESIAN_POINT('',(0.,8.,1.));
#1627 = DIRECTION('',(0.,0.,-1.));
#1628 = DIRECTION('',(1.,0.,0.));
#1629 = ORIENTED_EDGE('',*,*,#1630,.T.);
#1630 = EDGE_CURVE('',#1622,#937,#1631,.T.);
#1631 = LINE('',#1632,#1633);
#1632 = CARTESIAN_POINT('',(-7.9,8.6,1.));
#1633 = VECTOR('',#1634,1.);
#1634 = DIRECTION('',(1.,0.,0.));
#1635 = ORIENTED_EDGE('',*,*,#944,.T.);
#1636 = PLANE('',#1637);
#1637 = AXIS2_PLACEMENT_3D('',#1638,#1639,#1640);
#1638 = CARTESIAN_POINT('',(9.830099697202E-17,-1.387778780781E-16,1.));
#1639 = DIRECTION('',(-0.,-0.,-1.));
#1640 = DIRECTION('',(-1.,0.,0.));
#1641 = ADVANCED_FACE('',(#1642),#1660,.T.);
#1642 = FACE_BOUND('',#1643,.T.);
#1643 = EDGE_LOOP('',(#1644,#1645,#1653,#1659));
#1644 = ORIENTED_EDGE('',*,*,#1630,.F.);
#1645 = ORIENTED_EDGE('',*,*,#1646,.F.);
#1646 = EDGE_CURVE('',#1647,#1622,#1649,.T.);
#1647 = VERTEX_POINT('',#1648);
#1648 = CARTESIAN_POINT('',(3.16040365499,8.6,2.2));
#1649 = LINE('',#1650,#1651);
#1650 = CARTESIAN_POINT('',(3.16040365499,8.6,0.3));
#1651 = VECTOR('',#1652,1.);
#1652 = DIRECTION('',(-0.,-0.,-1.));
#1653 = ORIENTED_EDGE('',*,*,#1654,.T.);
#1654 = EDGE_CURVE('',#1647,#929,#1655,.T.);
#1655 = LINE('',#1656,#1657);
#1656 = CARTESIAN_POINT('',(-7.9,8.6,2.2));
#1657 = VECTOR('',#1658,1.);
#1658 = DIRECTION('',(1.,0.,0.));
#1659 = ORIENTED_EDGE('',*,*,#936,.T.);
#1660 = PLANE('',#1661);
#1661 = AXIS2_PLACEMENT_3D('',#1662,#1663,#1664);
#1662 = CARTESIAN_POINT('',(-7.9,8.6,1.));
#1663 = DIRECTION('',(0.,1.,0.));
#1664 = DIRECTION('',(0.,0.,1.));
#1665 = ADVANCED_FACE('',(#1666),#1686,.F.);
#1666 = FACE_BOUND('',#1667,.F.);
#1667 = EDGE_LOOP('',(#1668,#1669,#1677,#1684,#1685));
#1668 = ORIENTED_EDGE('',*,*,#1079,.F.);
#1669 = ORIENTED_EDGE('',*,*,#1670,.F.);
#1670 = EDGE_CURVE('',#1671,#1072,#1673,.T.);
#1671 = VERTEX_POINT('',#1672);
#1672 = CARTESIAN_POINT('',(0.6,11.16040365499,2.2));
#1673 = LINE('',#1674,#1675);
#1674 = CARTESIAN_POINT('',(0.6,-15.9,2.2));
#1675 = VECTOR('',#1676,1.);
#1676 = DIRECTION('',(0.,1.,0.));
#1677 = ORIENTED_EDGE('',*,*,#1678,.F.);
#1678 = EDGE_CURVE('',#1647,#1671,#1679,.T.);
#1679 = CIRCLE('',#1680,3.216854249492);
#1680 = AXIS2_PLACEMENT_3D('',#1681,#1682,#1683);
#1681 = CARTESIAN_POINT('',(0.,8.,2.2));
#1682 = DIRECTION('',(0.,0.,1.));
#1683 = DIRECTION('',(1.,0.,0.));
#1684 = ORIENTED_EDGE('',*,*,#1654,.T.);
#1685 = ORIENTED_EDGE('',*,*,#928,.T.);
#1686 = PLANE('',#1687);
#1687 = AXIS2_PLACEMENT_3D('',#1688,#1689,#1690);
#1688 = CARTESIAN_POINT('',(-6.44,-14.44,2.2));
#1689 = DIRECTION('',(0.,0.,1.));
#1690 = DIRECTION('',(1.,0.,0.));
#1691 = ADVANCED_FACE('',(#1692),#1710,.T.);
#1692 = FACE_BOUND('',#1693,.T.);
#1693 = EDGE_LOOP('',(#1694,#1695,#1703,#1709));
#1694 = ORIENTED_EDGE('',*,*,#1670,.F.);
#1695 = ORIENTED_EDGE('',*,*,#1696,.T.);
#1696 = EDGE_CURVE('',#1671,#1697,#1699,.T.);
#1697 = VERTEX_POINT('',#1698);
#1698 = CARTESIAN_POINT('',(0.6,11.16040365499,1.));
#1699 = LINE('',#1700,#1701);
#1700 = CARTESIAN_POINT('',(0.6,11.16040365499,0.3));
#1701 = VECTOR('',#1702,1.);
#1702 = DIRECTION('',(-0.,-0.,-1.));
#1703 = ORIENTED_EDGE('',*,*,#1704,.T.);
#1704 = EDGE_CURVE('',#1697,#1064,#1705,.T.);
#1705 = LINE('',#1706,#1707);
#1706 = CARTESIAN_POINT('',(0.6,-15.9,1.));
#1707 = VECTOR('',#1708,1.);
#1708 = DIRECTION('',(0.,1.,0.));
#1709 = ORIENTED_EDGE('',*,*,#1071,.T.);
#1710 = PLANE('',#1711);
#1711 = AXIS2_PLACEMENT_3D('',#1712,#1713,#1714);
#1712 = CARTESIAN_POINT('',(0.6,-15.9,1.));
#1713 = DIRECTION('',(1.,0.,0.));
#1714 = DIRECTION('',(0.,0.,1.));
#1715 = ADVANCED_FACE('',(#1716),#1735,.T.);
#1716 = FACE_BOUND('',#1717,.T.);
#1717 = EDGE_LOOP('',(#1718,#1727,#1733,#1734));
#1718 = ORIENTED_EDGE('',*,*,#1719,.F.);
#1719 = EDGE_CURVE('',#1720,#1697,#1722,.T.);
#1720 = VERTEX_POINT('',#1721);
#1721 = CARTESIAN_POINT('',(-0.6,11.16040365499,1.));
#1722 = CIRCLE('',#1723,3.216854249492);
#1723 = AXIS2_PLACEMENT_3D('',#1724,#1725,#1726);
#1724 = CARTESIAN_POINT('',(0.,8.,1.));
#1725 = DIRECTION('',(0.,0.,-1.));
#1726 = DIRECTION('',(1.,0.,0.));
#1727 = ORIENTED_EDGE('',*,*,#1728,.T.);
#1728 = EDGE_CURVE('',#1720,#1056,#1729,.T.);
#1729 = LINE('',#1730,#1731);
#1730 = CARTESIAN_POINT('',(-0.6,-15.9,1.));
#1731 = VECTOR('',#1732,1.);
#1732 = DIRECTION('',(0.,1.,0.));
#1733 = ORIENTED_EDGE('',*,*,#1063,.T.);
#1734 = ORIENTED_EDGE('',*,*,#1704,.F.);
#1735 = PLANE('',#1736);
#1736 = AXIS2_PLACEMENT_3D('',#1737,#1738,#1739);
#1737 = CARTESIAN_POINT('',(9.830099697202E-17,-1.387778780781E-16,1.));
#1738 = DIRECTION('',(-0.,-0.,-1.));
#1739 = DIRECTION('',(-1.,0.,0.));
#1740 = ADVANCED_FACE('',(#1741),#1759,.F.);
#1741 = FACE_BOUND('',#1742,.F.);
#1742 = EDGE_LOOP('',(#1743,#1751,#1757,#1758));
#1743 = ORIENTED_EDGE('',*,*,#1744,.F.);
#1744 = EDGE_CURVE('',#1745,#1048,#1747,.T.);
#1745 = VERTEX_POINT('',#1746);
#1746 = CARTESIAN_POINT('',(-0.6,11.16040365499,2.2));
#1747 = LINE('',#1748,#1749);
#1748 = CARTESIAN_POINT('',(-0.6,-15.9,2.2));
#1749 = VECTOR('',#1750,1.);
#1750 = DIRECTION('',(0.,1.,0.));
#1751 = ORIENTED_EDGE('',*,*,#1752,.T.);
#1752 = EDGE_CURVE('',#1745,#1720,#1753,.T.);
#1753 = LINE('',#1754,#1755);
#1754 = CARTESIAN_POINT('',(-0.6,11.16040365499,0.3));
#1755 = VECTOR('',#1756,1.);
#1756 = DIRECTION('',(-0.,-0.,-1.));
#1757 = ORIENTED_EDGE('',*,*,#1728,.T.);
#1758 = ORIENTED_EDGE('',*,*,#1055,.T.);
#1759 = PLANE('',#1760);
#1760 = AXIS2_PLACEMENT_3D('',#1761,#1762,#1763);
#1761 = CARTESIAN_POINT('',(-0.6,-15.9,1.));
#1762 = DIRECTION('',(1.,0.,0.));
#1763 = DIRECTION('',(0.,0.,1.));
#1764 = ADVANCED_FACE('',(#1765),#1785,.F.);
#1765 = FACE_BOUND('',#1766,.F.);
#1766 = EDGE_LOOP('',(#1767,#1768,#1776,#1783,#1784));
#1767 = ORIENTED_EDGE('',*,*,#1097,.F.);
#1768 = ORIENTED_EDGE('',*,*,#1769,.T.);
#1769 = EDGE_CURVE('',#1098,#1770,#1772,.T.);
#1770 = VERTEX_POINT('',#1771);
#1771 = CARTESIAN_POINT('',(-3.16040365499,8.6,2.2));
#1772 = LINE('',#1773,#1774);
#1773 = CARTESIAN_POINT('',(-7.9,8.6,2.2));
#1774 = VECTOR('',#1775,1.);
#1775 = DIRECTION('',(1.,0.,0.));
#1776 = ORIENTED_EDGE('',*,*,#1777,.F.);
#1777 = EDGE_CURVE('',#1745,#1770,#1778,.T.);
#1778 = CIRCLE('',#1779,3.216854249492);
#1779 = AXIS2_PLACEMENT_3D('',#1780,#1781,#1782);
#1780 = CARTESIAN_POINT('',(0.,8.,2.2));
#1781 = DIRECTION('',(0.,0.,1.));
#1782 = DIRECTION('',(1.,0.,0.));
#1783 = ORIENTED_EDGE('',*,*,#1744,.T.);
#1784 = ORIENTED_EDGE('',*,*,#1047,.F.);
#1785 = PLANE('',#1786);
#1786 = AXIS2_PLACEMENT_3D('',#1787,#1788,#1789);
#1787 = CARTESIAN_POINT('',(-6.44,-14.44,2.2));
#1788 = DIRECTION('',(0.,0.,1.));
#1789 = DIRECTION('',(1.,0.,0.));
#1790 = ADVANCED_FACE('',(#1791),#1809,.F.);
#1791 = FACE_BOUND('',#1792,.F.);
#1792 = EDGE_LOOP('',(#1793,#1801,#1802,#1803));
#1793 = ORIENTED_EDGE('',*,*,#1794,.F.);
#1794 = EDGE_CURVE('',#1178,#1795,#1797,.T.);
#1795 = VERTEX_POINT('',#1796);
#1796 = CARTESIAN_POINT('',(-3.16040365499,-8.6,1.));
#1797 = LINE('',#1798,#1799);
#1798 = CARTESIAN_POINT('',(-7.9,-8.6,1.));
#1799 = VECTOR('',#1800,1.);
#1800 = DIRECTION('',(1.,0.,0.));
#1801 = ORIENTED_EDGE('',*,*,#1185,.F.);
#1802 = ORIENTED_EDGE('',*,*,#1325,.T.);
#1803 = ORIENTED_EDGE('',*,*,#1804,.T.);
#1804 = EDGE_CURVE('',#1317,#1795,#1805,.T.);
#1805 = LINE('',#1806,#1807);
#1806 = CARTESIAN_POINT('',(-3.16040365499,-8.6,0.3));
#1807 = VECTOR('',#1808,1.);
#1808 = DIRECTION('',(-0.,-0.,-1.));
#1809 = PLANE('',#1810);
#1810 = AXIS2_PLACEMENT_3D('',#1811,#1812,#1813);
#1811 = CARTESIAN_POINT('',(-7.9,-8.6,1.));
#1812 = DIRECTION('',(0.,1.,0.));
#1813 = DIRECTION('',(0.,0.,1.));
#1814 = ADVANCED_FACE('',(#1815),#1834,.T.);
#1815 = FACE_BOUND('',#1816,.T.);
#1816 = EDGE_LOOP('',(#1817,#1826,#1827,#1828));
#1817 = ORIENTED_EDGE('',*,*,#1818,.F.);
#1818 = EDGE_CURVE('',#1795,#1819,#1821,.T.);
#1819 = VERTEX_POINT('',#1820);
#1820 = CARTESIAN_POINT('',(-3.16040365499,-7.4,1.));
#1821 = CIRCLE('',#1822,3.216854249492);
#1822 = AXIS2_PLACEMENT_3D('',#1823,#1824,#1825);
#1823 = CARTESIAN_POINT('',(0.,-8.,1.));
#1824 = DIRECTION('',(0.,0.,-1.));
#1825 = DIRECTION('',(1.,0.,0.));
#1826 = ORIENTED_EDGE('',*,*,#1794,.F.);
#1827 = ORIENTED_EDGE('',*,*,#1177,.F.);
#1828 = ORIENTED_EDGE('',*,*,#1829,.T.);
#1829 = EDGE_CURVE('',#1170,#1819,#1830,.T.);
#1830 = LINE('',#1831,#1832);
#1831 = CARTESIAN_POINT('',(-7.9,-7.4,1.));
#1832 = VECTOR('',#1833,1.);
#1833 = DIRECTION('',(1.,0.,0.));
#1834 = PLANE('',#1835);
#1835 = AXIS2_PLACEMENT_3D('',#1836,#1837,#1838);
#1836 = CARTESIAN_POINT('',(9.830099697202E-17,-1.387778780781E-16,1.));
#1837 = DIRECTION('',(-0.,-0.,-1.));
#1838 = DIRECTION('',(-1.,0.,0.));
#1839 = ADVANCED_FACE('',(#1840),#1858,.T.);
#1840 = FACE_BOUND('',#1841,.T.);
#1841 = EDGE_LOOP('',(#1842,#1843,#1844,#1852));
#1842 = ORIENTED_EDGE('',*,*,#1829,.F.);
#1843 = ORIENTED_EDGE('',*,*,#1169,.F.);
#1844 = ORIENTED_EDGE('',*,*,#1845,.T.);
#1845 = EDGE_CURVE('',#1162,#1846,#1848,.T.);
#1846 = VERTEX_POINT('',#1847);
#1847 = CARTESIAN_POINT('',(-3.16040365499,-7.4,2.2));
#1848 = LINE('',#1849,#1850);
#1849 = CARTESIAN_POINT('',(-7.9,-7.4,2.2));
#1850 = VECTOR('',#1851,1.);
#1851 = DIRECTION('',(1.,0.,0.));
#1852 = ORIENTED_EDGE('',*,*,#1853,.T.);
#1853 = EDGE_CURVE('',#1846,#1819,#1854,.T.);
#1854 = LINE('',#1855,#1856);
#1855 = CARTESIAN_POINT('',(-3.16040365499,-7.4,0.3));
#1856 = VECTOR('',#1857,1.);
#1857 = DIRECTION('',(-0.,-0.,-1.));
#1858 = PLANE('',#1859);
#1859 = AXIS2_PLACEMENT_3D('',#1860,#1861,#1862);
#1860 = CARTESIAN_POINT('',(-7.9,-7.4,1.));
#1861 = DIRECTION('',(0.,1.,0.));
#1862 = DIRECTION('',(0.,0.,1.));
#1863 = ADVANCED_FACE('',(#1864),#1900,.F.);
#1864 = FACE_BOUND('',#1865,.F.);
#1865 = EDGE_LOOP('',(#1866,#1867,#1868,#1877,#1885,#1894));
#1866 = ORIENTED_EDGE('',*,*,#1161,.F.);
#1867 = ORIENTED_EDGE('',*,*,#1845,.T.);
#1868 = ORIENTED_EDGE('',*,*,#1869,.F.);
#1869 = EDGE_CURVE('',#1870,#1846,#1872,.T.);
#1870 = VERTEX_POINT('',#1871);
#1871 = CARTESIAN_POINT('',(-0.6,-4.83959634501,2.2));
#1872 = CIRCLE('',#1873,3.216854249492);
#1873 = AXIS2_PLACEMENT_3D('',#1874,#1875,#1876);
#1874 = CARTESIAN_POINT('',(0.,-8.,2.2));
#1875 = DIRECTION('',(0.,0.,1.));
#1876 = DIRECTION('',(1.,0.,0.));
#1877 = ORIENTED_EDGE('',*,*,#1878,.T.);
#1878 = EDGE_CURVE('',#1870,#1879,#1881,.T.);
#1879 = VERTEX_POINT('',#1880);
#1880 = CARTESIAN_POINT('',(-0.6,-3.16040365499,2.2));
#1881 = LINE('',#1882,#1883);
#1882 = CARTESIAN_POINT('',(-0.6,-15.9,2.2));
#1883 = VECTOR('',#1884,1.);
#1884 = DIRECTION('',(0.,1.,0.));
#1885 = ORIENTED_EDGE('',*,*,#1886,.F.);
#1886 = EDGE_CURVE('',#1887,#1879,#1889,.T.);
#1887 = VERTEX_POINT('',#1888);
#1888 = CARTESIAN_POINT('',(-3.16040365499,-0.6,2.2));
#1889 = CIRCLE('',#1890,3.216854249492);
#1890 = AXIS2_PLACEMENT_3D('',#1891,#1892,#1893);
#1891 = CARTESIAN_POINT('',(0.,0.,2.2));
#1892 = DIRECTION('',(0.,0.,1.));
#1893 = DIRECTION('',(1.,0.,0.));
#1894 = ORIENTED_EDGE('',*,*,#1895,.F.);
#1895 = EDGE_CURVE('',#1154,#1887,#1896,.T.);
#1896 = LINE('',#1897,#1898);
#1897 = CARTESIAN_POINT('',(-7.9,-0.6,2.2));
#1898 = VECTOR('',#1899,1.);
#1899 = DIRECTION('',(1.,0.,0.));
#1900 = PLANE('',#1901);
#1901 = AXIS2_PLACEMENT_3D('',#1902,#1903,#1904);
#1902 = CARTESIAN_POINT('',(-6.44,-14.44,2.2));
#1903 = DIRECTION('',(0.,0.,1.));
#1904 = DIRECTION('',(1.,0.,0.));
#1905 = ADVANCED_FACE('',(#1906),#1924,.F.);
#1906 = FACE_BOUND('',#1907,.F.);
#1907 = EDGE_LOOP('',(#1908,#1916,#1917,#1918));
#1908 = ORIENTED_EDGE('',*,*,#1909,.F.);
#1909 = EDGE_CURVE('',#1146,#1910,#1912,.T.);
#1910 = VERTEX_POINT('',#1911);
#1911 = CARTESIAN_POINT('',(-3.16040365499,-0.6,1.));
#1912 = LINE('',#1913,#1914);
#1913 = CARTESIAN_POINT('',(-7.9,-0.6,1.));
#1914 = VECTOR('',#1915,1.);
#1915 = DIRECTION('',(1.,0.,0.));
#1916 = ORIENTED_EDGE('',*,*,#1153,.F.);
#1917 = ORIENTED_EDGE('',*,*,#1895,.T.);
#1918 = ORIENTED_EDGE('',*,*,#1919,.T.);
#1919 = EDGE_CURVE('',#1887,#1910,#1920,.T.);
#1920 = LINE('',#1921,#1922);
#1921 = CARTESIAN_POINT('',(-3.16040365499,-0.6,0.3));
#1922 = VECTOR('',#1923,1.);
#1923 = DIRECTION('',(-0.,-0.,-1.));
#1924 = PLANE('',#1925);
#1925 = AXIS2_PLACEMENT_3D('',#1926,#1927,#1928);
#1926 = CARTESIAN_POINT('',(-7.9,-0.6,1.));
#1927 = DIRECTION('',(0.,1.,0.));
#1928 = DIRECTION('',(0.,0.,1.));
#1929 = ADVANCED_FACE('',(#1930),#1949,.T.);
#1930 = FACE_BOUND('',#1931,.T.);
#1931 = EDGE_LOOP('',(#1932,#1941,#1942,#1943));
#1932 = ORIENTED_EDGE('',*,*,#1933,.F.);
#1933 = EDGE_CURVE('',#1910,#1934,#1936,.T.);
#1934 = VERTEX_POINT('',#1935);
#1935 = CARTESIAN_POINT('',(-3.16040365499,0.6,1.));
#1936 = CIRCLE('',#1937,3.216854249492);
#1937 = AXIS2_PLACEMENT_3D('',#1938,#1939,#1940);
#1938 = CARTESIAN_POINT('',(0.,0.,1.));
#1939 = DIRECTION('',(0.,0.,-1.));
#1940 = DIRECTION('',(1.,0.,0.));
#1941 = ORIENTED_EDGE('',*,*,#1909,.F.);
#1942 = ORIENTED_EDGE('',*,*,#1145,.F.);
#1943 = ORIENTED_EDGE('',*,*,#1944,.T.);
#1944 = EDGE_CURVE('',#1138,#1934,#1945,.T.);
#1945 = LINE('',#1946,#1947);
#1946 = CARTESIAN_POINT('',(-7.9,0.6,1.));
#1947 = VECTOR('',#1948,1.);
#1948 = DIRECTION('',(1.,0.,0.));
#1949 = PLANE('',#1950);
#1950 = AXIS2_PLACEMENT_3D('',#1951,#1952,#1953);
#1951 = CARTESIAN_POINT('',(9.830099697202E-17,-1.387778780781E-16,1.));
#1952 = DIRECTION('',(-0.,-0.,-1.));
#1953 = DIRECTION('',(-1.,0.,0.));
#1954 = ADVANCED_FACE('',(#1955),#1973,.T.);
#1955 = FACE_BOUND('',#1956,.T.);
#1956 = EDGE_LOOP('',(#1957,#1958,#1959,#1967));
#1957 = ORIENTED_EDGE('',*,*,#1944,.F.);
#1958 = ORIENTED_EDGE('',*,*,#1137,.F.);
#1959 = ORIENTED_EDGE('',*,*,#1960,.T.);
#1960 = EDGE_CURVE('',#1130,#1961,#1963,.T.);
#1961 = VERTEX_POINT('',#1962);
#1962 = CARTESIAN_POINT('',(-3.16040365499,0.6,2.2));
#1963 = LINE('',#1964,#1965);
#1964 = CARTESIAN_POINT('',(-7.9,0.6,2.2));
#1965 = VECTOR('',#1966,1.);
#1966 = DIRECTION('',(1.,0.,0.));
#1967 = ORIENTED_EDGE('',*,*,#1968,.T.);
#1968 = EDGE_CURVE('',#1961,#1934,#1969,.T.);
#1969 = LINE('',#1970,#1971);
#1970 = CARTESIAN_POINT('',(-3.16040365499,0.6,0.3));
#1971 = VECTOR('',#1972,1.);
#1972 = DIRECTION('',(-0.,-0.,-1.));
#1973 = PLANE('',#1974);
#1974 = AXIS2_PLACEMENT_3D('',#1975,#1976,#1977);
#1975 = CARTESIAN_POINT('',(-7.9,0.6,1.));
#1976 = DIRECTION('',(0.,1.,0.));
#1977 = DIRECTION('',(0.,0.,1.));
#1978 = ADVANCED_FACE('',(#1979),#2015,.F.);
#1979 = FACE_BOUND('',#1980,.F.);
#1980 = EDGE_LOOP('',(#1981,#1982,#1983,#1992,#2000,#2009));
#1981 = ORIENTED_EDGE('',*,*,#1129,.F.);
#1982 = ORIENTED_EDGE('',*,*,#1960,.T.);
#1983 = ORIENTED_EDGE('',*,*,#1984,.F.);
#1984 = EDGE_CURVE('',#1985,#1961,#1987,.T.);
#1985 = VERTEX_POINT('',#1986);
#1986 = CARTESIAN_POINT('',(-0.6,3.16040365499,2.2));
#1987 = CIRCLE('',#1988,3.216854249492);
#1988 = AXIS2_PLACEMENT_3D('',#1989,#1990,#1991);
#1989 = CARTESIAN_POINT('',(0.,0.,2.2));
#1990 = DIRECTION('',(0.,0.,1.));
#1991 = DIRECTION('',(1.,0.,0.));
#1992 = ORIENTED_EDGE('',*,*,#1993,.T.);
#1993 = EDGE_CURVE('',#1985,#1994,#1996,.T.);
#1994 = VERTEX_POINT('',#1995);
#1995 = CARTESIAN_POINT('',(-0.6,4.83959634501,2.2));
#1996 = LINE('',#1997,#1998);
#1997 = CARTESIAN_POINT('',(-0.6,-15.9,2.2));
#1998 = VECTOR('',#1999,1.);
#1999 = DIRECTION('',(0.,1.,0.));
#2000 = ORIENTED_EDGE('',*,*,#2001,.F.);
#2001 = EDGE_CURVE('',#2002,#1994,#2004,.T.);
#2002 = VERTEX_POINT('',#2003);
#2003 = CARTESIAN_POINT('',(-3.16040365499,7.4,2.2));
#2004 = CIRCLE('',#2005,3.216854249492);
#2005 = AXIS2_PLACEMENT_3D('',#2006,#2007,#2008);
#2006 = CARTESIAN_POINT('',(0.,8.,2.2));
#2007 = DIRECTION('',(0.,0.,1.));
#2008 = DIRECTION('',(1.,0.,0.));
#2009 = ORIENTED_EDGE('',*,*,#2010,.F.);
#2010 = EDGE_CURVE('',#1122,#2002,#2011,.T.);
#2011 = LINE('',#2012,#2013);
#2012 = CARTESIAN_POINT('',(-7.9,7.4,2.2));
#2013 = VECTOR('',#2014,1.);
#2014 = DIRECTION('',(1.,0.,0.));
#2015 = PLANE('',#2016);
#2016 = AXIS2_PLACEMENT_3D('',#2017,#2018,#2019);
#2017 = CARTESIAN_POINT('',(-6.44,-14.44,2.2));
#2018 = DIRECTION('',(0.,0.,1.));
#2019 = DIRECTION('',(1.,0.,0.));
#2020 = ADVANCED_FACE('',(#2021),#2039,.F.);
#2021 = FACE_BOUND('',#2022,.F.);
#2022 = EDGE_LOOP('',(#2023,#2031,#2032,#2033));
#2023 = ORIENTED_EDGE('',*,*,#2024,.F.);
#2024 = EDGE_CURVE('',#1114,#2025,#2027,.T.);
#2025 = VERTEX_POINT('',#2026);
#2026 = CARTESIAN_POINT('',(-3.16040365499,7.4,1.));
#2027 = LINE('',#2028,#2029);
#2028 = CARTESIAN_POINT('',(-7.9,7.4,1.));
#2029 = VECTOR('',#2030,1.);
#2030 = DIRECTION('',(1.,0.,0.));
#2031 = ORIENTED_EDGE('',*,*,#1121,.F.);
#2032 = ORIENTED_EDGE('',*,*,#2010,.T.);
#2033 = ORIENTED_EDGE('',*,*,#2034,.T.);
#2034 = EDGE_CURVE('',#2002,#2025,#2035,.T.);
#2035 = LINE('',#2036,#2037);
#2036 = CARTESIAN_POINT('',(-3.16040365499,7.4,0.3));
#2037 = VECTOR('',#2038,1.);
#2038 = DIRECTION('',(-0.,-0.,-1.));
#2039 = PLANE('',#2040);
#2040 = AXIS2_PLACEMENT_3D('',#2041,#2042,#2043);
#2041 = CARTESIAN_POINT('',(-7.9,7.4,1.));
#2042 = DIRECTION('',(0.,1.,0.));
#2043 = DIRECTION('',(0.,0.,1.));
#2044 = ADVANCED_FACE('',(#2045),#2064,.T.);
#2045 = FACE_BOUND('',#2046,.T.);
#2046 = EDGE_LOOP('',(#2047,#2056,#2057,#2058));
#2047 = ORIENTED_EDGE('',*,*,#2048,.F.);
#2048 = EDGE_CURVE('',#2025,#2049,#2051,.T.);
#2049 = VERTEX_POINT('',#2050);
#2050 = CARTESIAN_POINT('',(-3.16040365499,8.6,1.));
#2051 = CIRCLE('',#2052,3.216854249492);
#2052 = AXIS2_PLACEMENT_3D('',#2053,#2054,#2055);
#2053 = CARTESIAN_POINT('',(0.,8.,1.));
#2054 = DIRECTION('',(0.,0.,-1.));
#2055 = DIRECTION('',(1.,0.,0.));
#2056 = ORIENTED_EDGE('',*,*,#2024,.F.);
#2057 = ORIENTED_EDGE('',*,*,#1113,.F.);
#2058 = ORIENTED_EDGE('',*,*,#2059,.T.);
#2059 = EDGE_CURVE('',#1106,#2049,#2060,.T.);
#2060 = LINE('',#2061,#2062);
#2061 = CARTESIAN_POINT('',(-7.9,8.6,1.));
#2062 = VECTOR('',#2063,1.);
#2063 = DIRECTION('',(1.,0.,0.));
#2064 = PLANE('',#2065);
#2065 = AXIS2_PLACEMENT_3D('',#2066,#2067,#2068);
#2066 = CARTESIAN_POINT('',(9.830099697202E-17,-1.387778780781E-16,1.));
#2067 = DIRECTION('',(-0.,-0.,-1.));
#2068 = DIRECTION('',(-1.,0.,0.));
#2069 = ADVANCED_FACE('',(#2070),#2081,.T.);
#2070 = FACE_BOUND('',#2071,.T.);
#2071 = EDGE_LOOP('',(#2072,#2073,#2074,#2075));
#2072 = ORIENTED_EDGE('',*,*,#2059,.F.);
#2073 = ORIENTED_EDGE('',*,*,#1105,.F.);
#2074 = ORIENTED_EDGE('',*,*,#1769,.T.);
#2075 = ORIENTED_EDGE('',*,*,#2076,.T.);
#2076 = EDGE_CURVE('',#1770,#2049,#2077,.T.);
#2077 = LINE('',#2078,#2079);
#2078 = CARTESIAN_POINT('',(-3.16040365499,8.6,0.3));
#2079 = VECTOR('',#2080,1.);
#2080 = DIRECTION('',(-0.,-0.,-1.));
#2081 = PLANE('',#2082);
#2082 = AXIS2_PLACEMENT_3D('',#2083,#2084,#2085);
#2083 = CARTESIAN_POINT('',(-7.9,8.6,1.));
#2084 = DIRECTION('',(0.,1.,0.));
#2085 = DIRECTION('',(0.,0.,1.));
#2086 = ADVANCED_FACE('',(#2087),#2142,.T.);
#2087 = FACE_BOUND('',#2088,.F.);
#2088 = EDGE_LOOP('',(#2089,#2098,#2104,#2105,#2106,#2107,#2115,#2124,
    #2130,#2131,#2132,#2133,#2134,#2135,#2136,#2137,#2138,#2139,#2140,
    #2141));
#2089 = ORIENTED_EDGE('',*,*,#2090,.F.);
#2090 = EDGE_CURVE('',#2091,#2091,#2093,.T.);
#2091 = VERTEX_POINT('',#2092);
#2092 = CARTESIAN_POINT('',(3.216854249492,-8.,0.3));
#2093 = CIRCLE('',#2094,3.216854249492);
#2094 = AXIS2_PLACEMENT_3D('',#2095,#2096,#2097);
#2095 = CARTESIAN_POINT('',(0.,-8.,0.3));
#2096 = DIRECTION('',(0.,0.,1.));
#2097 = DIRECTION('',(1.,0.,0.));
#2098 = ORIENTED_EDGE('',*,*,#2099,.T.);
#2099 = EDGE_CURVE('',#2091,#1365,#2100,.T.);
#2100 = LINE('',#2101,#2102);
#2101 = CARTESIAN_POINT('',(3.216854249492,-8.,0.3));
#2102 = VECTOR('',#2103,1.);
#2103 = DIRECTION('',(0.,0.,1.));
#2104 = ORIENTED_EDGE('',*,*,#1373,.F.);
#2105 = ORIENTED_EDGE('',*,*,#1398,.F.);
#2106 = ORIENTED_EDGE('',*,*,#1431,.T.);
#2107 = ORIENTED_EDGE('',*,*,#2108,.T.);
#2108 = EDGE_CURVE('',#1422,#2109,#2111,.T.);
#2109 = VERTEX_POINT('',#2110);
#2110 = CARTESIAN_POINT('',(0.6,-4.83959634501,1.));
#2111 = LINE('',#2112,#2113);
#2112 = CARTESIAN_POINT('',(0.6,-4.83959634501,0.3));
#2113 = VECTOR('',#2114,1.);
#2114 = DIRECTION('',(-0.,-0.,-1.));
#2115 = ORIENTED_EDGE('',*,*,#2116,.F.);
#2116 = EDGE_CURVE('',#2117,#2109,#2119,.T.);
#2117 = VERTEX_POINT('',#2118);
#2118 = CARTESIAN_POINT('',(-0.6,-4.83959634501,1.));
#2119 = CIRCLE('',#2120,3.216854249492);
#2120 = AXIS2_PLACEMENT_3D('',#2121,#2122,#2123);
#2121 = CARTESIAN_POINT('',(0.,-8.,1.));
#2122 = DIRECTION('',(0.,0.,-1.));
#2123 = DIRECTION('',(1.,0.,0.));
#2124 = ORIENTED_EDGE('',*,*,#2125,.F.);
#2125 = EDGE_CURVE('',#1870,#2117,#2126,.T.);
#2126 = LINE('',#2127,#2128);
#2127 = CARTESIAN_POINT('',(-0.6,-4.83959634501,0.3));
#2128 = VECTOR('',#2129,1.);
#2129 = DIRECTION('',(-0.,-0.,-1.));
#2130 = ORIENTED_EDGE('',*,*,#1869,.T.);
#2131 = ORIENTED_EDGE('',*,*,#1853,.T.);
#2132 = ORIENTED_EDGE('',*,*,#1818,.F.);
#2133 = ORIENTED_EDGE('',*,*,#1804,.F.);
#2134 = ORIENTED_EDGE('',*,*,#1316,.T.);
#2135 = ORIENTED_EDGE('',*,*,#1299,.T.);
#2136 = ORIENTED_EDGE('',*,*,#1273,.F.);
#2137 = ORIENTED_EDGE('',*,*,#1250,.F.);
#2138 = ORIENTED_EDGE('',*,*,#1225,.T.);
#2139 = ORIENTED_EDGE('',*,*,#1347,.T.);
#2140 = ORIENTED_EDGE('',*,*,#1364,.F.);
#2141 = ORIENTED_EDGE('',*,*,#2099,.F.);
#2142 = CYLINDRICAL_SURFACE('',#2143,3.216854249492);
#2143 = AXIS2_PLACEMENT_3D('',#2144,#2145,#2146);
#2144 = CARTESIAN_POINT('',(0.,-8.,0.3));
#2145 = DIRECTION('',(-0.,-0.,-1.));
#2146 = DIRECTION('',(1.,0.,0.));
#2147 = ADVANCED_FACE('',(#2148),#2166,.T.);
#2148 = FACE_BOUND('',#2149,.T.);
#2149 = EDGE_LOOP('',(#2150,#2151,#2152,#2160));
#2150 = ORIENTED_EDGE('',*,*,#1421,.F.);
#2151 = ORIENTED_EDGE('',*,*,#2108,.T.);
#2152 = ORIENTED_EDGE('',*,*,#2153,.T.);
#2153 = EDGE_CURVE('',#2109,#2154,#2156,.T.);
#2154 = VERTEX_POINT('',#2155);
#2155 = CARTESIAN_POINT('',(0.6,-3.16040365499,1.));
#2156 = LINE('',#2157,#2158);
#2157 = CARTESIAN_POINT('',(0.6,-15.9,1.));
#2158 = VECTOR('',#2159,1.);
#2159 = DIRECTION('',(0.,1.,0.));
#2160 = ORIENTED_EDGE('',*,*,#2161,.F.);
#2161 = EDGE_CURVE('',#1424,#2154,#2162,.T.);
#2162 = LINE('',#2163,#2164);
#2163 = CARTESIAN_POINT('',(0.6,-3.16040365499,0.3));
#2164 = VECTOR('',#2165,1.);
#2165 = DIRECTION('',(-0.,-0.,-1.));
#2166 = PLANE('',#2167);
#2167 = AXIS2_PLACEMENT_3D('',#2168,#2169,#2170);
#2168 = CARTESIAN_POINT('',(0.6,-15.9,1.));
#2169 = DIRECTION('',(1.,0.,0.));
#2170 = DIRECTION('',(0.,0.,1.));
#2171 = ADVANCED_FACE('',(#2172),#2240,.T.);
#2172 = FACE_BOUND('',#2173,.F.);
#2173 = EDGE_LOOP('',(#2174,#2183,#2189,#2190,#2191,#2192,#2200,#2209,
    #2215,#2216,#2217,#2218,#2219,#2220,#2228,#2235,#2236,#2237,#2238,
    #2239));
#2174 = ORIENTED_EDGE('',*,*,#2175,.F.);
#2175 = EDGE_CURVE('',#2176,#2176,#2178,.T.);
#2176 = VERTEX_POINT('',#2177);
#2177 = CARTESIAN_POINT('',(3.216854249492,-7.879020519929E-16,0.3));
#2178 = CIRCLE('',#2179,3.216854249492);
#2179 = AXIS2_PLACEMENT_3D('',#2180,#2181,#2182);
#2180 = CARTESIAN_POINT('',(0.,0.,0.3));
#2181 = DIRECTION('',(0.,0.,1.));
#2182 = DIRECTION('',(1.,0.,0.));
#2183 = ORIENTED_EDGE('',*,*,#2184,.T.);
#2184 = EDGE_CURVE('',#2176,#1489,#2185,.T.);
#2185 = LINE('',#2186,#2187);
#2186 = CARTESIAN_POINT('',(3.216854249492,-7.879020519929E-16,0.3));
#2187 = VECTOR('',#2188,1.);
#2188 = DIRECTION('',(0.,0.,1.));
#2189 = ORIENTED_EDGE('',*,*,#1497,.F.);
#2190 = ORIENTED_EDGE('',*,*,#1522,.F.);
#2191 = ORIENTED_EDGE('',*,*,#1555,.T.);
#2192 = ORIENTED_EDGE('',*,*,#2193,.T.);
#2193 = EDGE_CURVE('',#1546,#2194,#2196,.T.);
#2194 = VERTEX_POINT('',#2195);
#2195 = CARTESIAN_POINT('',(0.6,3.16040365499,1.));
#2196 = LINE('',#2197,#2198);
#2197 = CARTESIAN_POINT('',(0.6,3.16040365499,0.3));
#2198 = VECTOR('',#2199,1.);
#2199 = DIRECTION('',(-0.,-0.,-1.));
#2200 = ORIENTED_EDGE('',*,*,#2201,.F.);
#2201 = EDGE_CURVE('',#2202,#2194,#2204,.T.);
#2202 = VERTEX_POINT('',#2203);
#2203 = CARTESIAN_POINT('',(-0.6,3.16040365499,1.));
#2204 = CIRCLE('',#2205,3.216854249492);
#2205 = AXIS2_PLACEMENT_3D('',#2206,#2207,#2208);
#2206 = CARTESIAN_POINT('',(0.,0.,1.));
#2207 = DIRECTION('',(0.,0.,-1.));
#2208 = DIRECTION('',(1.,0.,0.));
#2209 = ORIENTED_EDGE('',*,*,#2210,.F.);
#2210 = EDGE_CURVE('',#1985,#2202,#2211,.T.);
#2211 = LINE('',#2212,#2213);
#2212 = CARTESIAN_POINT('',(-0.6,3.16040365499,0.3));
#2213 = VECTOR('',#2214,1.);
#2214 = DIRECTION('',(-0.,-0.,-1.));
#2215 = ORIENTED_EDGE('',*,*,#1984,.T.);
#2216 = ORIENTED_EDGE('',*,*,#1968,.T.);
#2217 = ORIENTED_EDGE('',*,*,#1933,.F.);
#2218 = ORIENTED_EDGE('',*,*,#1919,.F.);
#2219 = ORIENTED_EDGE('',*,*,#1886,.T.);
#2220 = ORIENTED_EDGE('',*,*,#2221,.T.);
#2221 = EDGE_CURVE('',#1879,#2222,#2224,.T.);
#2222 = VERTEX_POINT('',#2223);
#2223 = CARTESIAN_POINT('',(-0.6,-3.16040365499,1.));
#2224 = LINE('',#2225,#2226);
#2225 = CARTESIAN_POINT('',(-0.6,-3.16040365499,0.3));
#2226 = VECTOR('',#2227,1.);
#2227 = DIRECTION('',(-0.,-0.,-1.));
#2228 = ORIENTED_EDGE('',*,*,#2229,.F.);
#2229 = EDGE_CURVE('',#2154,#2222,#2230,.T.);
#2230 = CIRCLE('',#2231,3.216854249492);
#2231 = AXIS2_PLACEMENT_3D('',#2232,#2233,#2234);
#2232 = CARTESIAN_POINT('',(0.,0.,1.));
#2233 = DIRECTION('',(0.,0.,-1.));
#2234 = DIRECTION('',(1.,0.,0.));
#2235 = ORIENTED_EDGE('',*,*,#2161,.F.);
#2236 = ORIENTED_EDGE('',*,*,#1448,.T.);
#2237 = ORIENTED_EDGE('',*,*,#1471,.T.);
#2238 = ORIENTED_EDGE('',*,*,#1488,.F.);
#2239 = ORIENTED_EDGE('',*,*,#2184,.F.);
#2240 = CYLINDRICAL_SURFACE('',#2241,3.216854249492);
#2241 = AXIS2_PLACEMENT_3D('',#2242,#2243,#2244);
#2242 = CARTESIAN_POINT('',(0.,0.,0.3));
#2243 = DIRECTION('',(-0.,-0.,-1.));
#2244 = DIRECTION('',(1.,0.,0.));
#2245 = ADVANCED_FACE('',(#2246),#2264,.T.);
#2246 = FACE_BOUND('',#2247,.T.);
#2247 = EDGE_LOOP('',(#2248,#2249,#2250,#2258));
#2248 = ORIENTED_EDGE('',*,*,#1545,.F.);
#2249 = ORIENTED_EDGE('',*,*,#2193,.T.);
#2250 = ORIENTED_EDGE('',*,*,#2251,.T.);
#2251 = EDGE_CURVE('',#2194,#2252,#2254,.T.);
#2252 = VERTEX_POINT('',#2253);
#2253 = CARTESIAN_POINT('',(0.6,4.83959634501,1.));
#2254 = LINE('',#2255,#2256);
#2255 = CARTESIAN_POINT('',(0.6,-15.9,1.));
#2256 = VECTOR('',#2257,1.);
#2257 = DIRECTION('',(0.,1.,0.));
#2258 = ORIENTED_EDGE('',*,*,#2259,.F.);
#2259 = EDGE_CURVE('',#1548,#2252,#2260,.T.);
#2260 = LINE('',#2261,#2262);
#2261 = CARTESIAN_POINT('',(0.6,4.83959634501,0.3));
#2262 = VECTOR('',#2263,1.);
#2263 = DIRECTION('',(-0.,-0.,-1.));
#2264 = PLANE('',#2265);
#2265 = AXIS2_PLACEMENT_3D('',#2266,#2267,#2268);
#2266 = CARTESIAN_POINT('',(0.6,-15.9,1.));
#2267 = DIRECTION('',(1.,0.,0.));
#2268 = DIRECTION('',(0.,0.,1.));
#2269 = ADVANCED_FACE('',(#2270),#2318,.T.);
#2270 = FACE_BOUND('',#2271,.F.);
#2271 = EDGE_LOOP('',(#2272,#2281,#2287,#2288,#2289,#2290,#2291,#2292,
    #2293,#2294,#2295,#2296,#2297,#2298,#2306,#2313,#2314,#2315,#2316,
    #2317));
#2272 = ORIENTED_EDGE('',*,*,#2273,.F.);
#2273 = EDGE_CURVE('',#2274,#2274,#2276,.T.);
#2274 = VERTEX_POINT('',#2275);
#2275 = CARTESIAN_POINT('',(3.216854249492,8.,0.3));
#2276 = CIRCLE('',#2277,3.216854249492);
#2277 = AXIS2_PLACEMENT_3D('',#2278,#2279,#2280);
#2278 = CARTESIAN_POINT('',(0.,8.,0.3));
#2279 = DIRECTION('',(0.,0.,1.));
#2280 = DIRECTION('',(1.,0.,0.));
#2281 = ORIENTED_EDGE('',*,*,#2282,.T.);
#2282 = EDGE_CURVE('',#2274,#1613,#2283,.T.);
#2283 = LINE('',#2284,#2285);
#2284 = CARTESIAN_POINT('',(3.216854249492,8.,0.3));
#2285 = VECTOR('',#2286,1.);
#2286 = DIRECTION('',(0.,0.,1.));
#2287 = ORIENTED_EDGE('',*,*,#1621,.F.);
#2288 = ORIENTED_EDGE('',*,*,#1646,.F.);
#2289 = ORIENTED_EDGE('',*,*,#1678,.T.);
#2290 = ORIENTED_EDGE('',*,*,#1696,.T.);
#2291 = ORIENTED_EDGE('',*,*,#1719,.F.);
#2292 = ORIENTED_EDGE('',*,*,#1752,.F.);
#2293 = ORIENTED_EDGE('',*,*,#1777,.T.);
#2294 = ORIENTED_EDGE('',*,*,#2076,.T.);
#2295 = ORIENTED_EDGE('',*,*,#2048,.F.);
#2296 = ORIENTED_EDGE('',*,*,#2034,.F.);
#2297 = ORIENTED_EDGE('',*,*,#2001,.T.);
#2298 = ORIENTED_EDGE('',*,*,#2299,.T.);
#2299 = EDGE_CURVE('',#1994,#2300,#2302,.T.);
#2300 = VERTEX_POINT('',#2301);
#2301 = CARTESIAN_POINT('',(-0.6,4.83959634501,1.));
#2302 = LINE('',#2303,#2304);
#2303 = CARTESIAN_POINT('',(-0.6,4.83959634501,0.3));
#2304 = VECTOR('',#2305,1.);
#2305 = DIRECTION('',(-0.,-0.,-1.));
#2306 = ORIENTED_EDGE('',*,*,#2307,.F.);
#2307 = EDGE_CURVE('',#2252,#2300,#2308,.T.);
#2308 = CIRCLE('',#2309,3.216854249492);
#2309 = AXIS2_PLACEMENT_3D('',#2310,#2311,#2312);
#2310 = CARTESIAN_POINT('',(0.,8.,1.));
#2311 = DIRECTION('',(0.,0.,-1.));
#2312 = DIRECTION('',(1.,0.,0.));
#2313 = ORIENTED_EDGE('',*,*,#2259,.F.);
#2314 = ORIENTED_EDGE('',*,*,#1572,.T.);
#2315 = ORIENTED_EDGE('',*,*,#1595,.T.);
#2316 = ORIENTED_EDGE('',*,*,#1612,.F.);
#2317 = ORIENTED_EDGE('',*,*,#2282,.F.);
#2318 = CYLINDRICAL_SURFACE('',#2319,3.216854249492);
#2319 = AXIS2_PLACEMENT_3D('',#2320,#2321,#2322);
#2320 = CARTESIAN_POINT('',(0.,8.,0.3));
#2321 = DIRECTION('',(-0.,-0.,-1.));
#2322 = DIRECTION('',(1.,0.,0.));
#2323 = ADVANCED_FACE('',(#2324),#2335,.F.);
#2324 = FACE_BOUND('',#2325,.F.);
#2325 = EDGE_LOOP('',(#2326,#2327,#2328,#2334));
#2326 = ORIENTED_EDGE('',*,*,#1878,.F.);
#2327 = ORIENTED_EDGE('',*,*,#2125,.T.);
#2328 = ORIENTED_EDGE('',*,*,#2329,.T.);
#2329 = EDGE_CURVE('',#2117,#2222,#2330,.T.);
#2330 = LINE('',#2331,#2332);
#2331 = CARTESIAN_POINT('',(-0.6,-15.9,1.));
#2332 = VECTOR('',#2333,1.);
#2333 = DIRECTION('',(0.,1.,0.));
#2334 = ORIENTED_EDGE('',*,*,#2221,.F.);
#2335 = PLANE('',#2336);
#2336 = AXIS2_PLACEMENT_3D('',#2337,#2338,#2339);
#2337 = CARTESIAN_POINT('',(-0.6,-15.9,1.));
#2338 = DIRECTION('',(1.,0.,0.));
#2339 = DIRECTION('',(0.,0.,1.));
#2340 = ADVANCED_FACE('',(#2341),#2352,.F.);
#2341 = FACE_BOUND('',#2342,.F.);
#2342 = EDGE_LOOP('',(#2343,#2344,#2345,#2351));
#2343 = ORIENTED_EDGE('',*,*,#1993,.F.);
#2344 = ORIENTED_EDGE('',*,*,#2210,.T.);
#2345 = ORIENTED_EDGE('',*,*,#2346,.T.);
#2346 = EDGE_CURVE('',#2202,#2300,#2347,.T.);
#2347 = LINE('',#2348,#2349);
#2348 = CARTESIAN_POINT('',(-0.6,-15.9,1.));
#2349 = VECTOR('',#2350,1.);
#2350 = DIRECTION('',(0.,1.,0.));
#2351 = ORIENTED_EDGE('',*,*,#2299,.F.);
#2352 = PLANE('',#2353);
#2353 = AXIS2_PLACEMENT_3D('',#2354,#2355,#2356);
#2354 = CARTESIAN_POINT('',(-0.6,-15.9,1.));
#2355 = DIRECTION('',(1.,0.,0.));
#2356 = DIRECTION('',(0.,0.,1.));
#2357 = ADVANCED_FACE('',(#2358),#2377,.T.);
#2358 = FACE_BOUND('',#2359,.T.);
#2359 = EDGE_LOOP('',(#2360,#2361,#2369,#2376));
#2360 = ORIENTED_EDGE('',*,*,#2090,.F.);
#2361 = ORIENTED_EDGE('',*,*,#2362,.F.);
#2362 = EDGE_CURVE('',#2363,#2091,#2365,.T.);
#2363 = VERTEX_POINT('',#2364);
#2364 = CARTESIAN_POINT('',(3.016854249492,-8.,0.));
#2365 = LINE('',#2366,#2367);
#2366 = CARTESIAN_POINT('',(3.016854249492,-8.,0.));
#2367 = VECTOR('',#2368,1.);
#2368 = DIRECTION('',(0.554700196225,-1.358623639587E-16,0.832050294338)
  );
#2369 = ORIENTED_EDGE('',*,*,#2370,.T.);
#2370 = EDGE_CURVE('',#2363,#2363,#2371,.T.);
#2371 = CIRCLE('',#2372,3.016854249492);
#2372 = AXIS2_PLACEMENT_3D('',#2373,#2374,#2375);
#2373 = CARTESIAN_POINT('',(0.,-8.,0.));
#2374 = DIRECTION('',(0.,0.,1.));
#2375 = DIRECTION('',(1.,0.,0.));
#2376 = ORIENTED_EDGE('',*,*,#2362,.T.);
#2377 = CONICAL_SURFACE('',#2378,3.016854249492,0.588002603548);
#2378 = AXIS2_PLACEMENT_3D('',#2379,#2380,#2381);
#2379 = CARTESIAN_POINT('',(0.,-8.,0.));
#2380 = DIRECTION('',(0.,0.,1.));
#2381 = DIRECTION('',(1.,0.,0.));
#2382 = ADVANCED_FACE('',(#2383),#2389,.T.);
#2383 = FACE_BOUND('',#2384,.T.);
#2384 = EDGE_LOOP('',(#2385,#2386,#2387,#2388));
#2385 = ORIENTED_EDGE('',*,*,#2116,.F.);
#2386 = ORIENTED_EDGE('',*,*,#2329,.T.);
#2387 = ORIENTED_EDGE('',*,*,#2229,.F.);
#2388 = ORIENTED_EDGE('',*,*,#2153,.F.);
#2389 = PLANE('',#2390);
#2390 = AXIS2_PLACEMENT_3D('',#2391,#2392,#2393);
#2391 = CARTESIAN_POINT('',(9.830099697202E-17,-1.387778780781E-16,1.));
#2392 = DIRECTION('',(-0.,-0.,-1.));
#2393 = DIRECTION('',(-1.,0.,0.));
#2394 = ADVANCED_FACE('',(#2395),#2414,.T.);
#2395 = FACE_BOUND('',#2396,.T.);
#2396 = EDGE_LOOP('',(#2397,#2398,#2406,#2413));
#2397 = ORIENTED_EDGE('',*,*,#2175,.F.);
#2398 = ORIENTED_EDGE('',*,*,#2399,.F.);
#2399 = EDGE_CURVE('',#2400,#2176,#2402,.T.);
#2400 = VERTEX_POINT('',#2401);
#2401 = CARTESIAN_POINT('',(3.016854249492,-7.38916180027E-16,0.));
#2402 = LINE('',#2403,#2404);
#2403 = CARTESIAN_POINT('',(3.016854249492,-7.38916180027E-16,0.));
#2404 = VECTOR('',#2405,1.);
#2405 = DIRECTION('',(0.554700196225,-1.358623639587E-16,0.832050294338)
  );
#2406 = ORIENTED_EDGE('',*,*,#2407,.T.);
#2407 = EDGE_CURVE('',#2400,#2400,#2408,.T.);
#2408 = CIRCLE('',#2409,3.016854249492);
#2409 = AXIS2_PLACEMENT_3D('',#2410,#2411,#2412);
#2410 = CARTESIAN_POINT('',(0.,0.,0.));
#2411 = DIRECTION('',(0.,0.,1.));
#2412 = DIRECTION('',(1.,0.,0.));
#2413 = ORIENTED_EDGE('',*,*,#2399,.T.);
#2414 = CONICAL_SURFACE('',#2415,3.016854249492,0.588002603548);
#2415 = AXIS2_PLACEMENT_3D('',#2416,#2417,#2418);
#2416 = CARTESIAN_POINT('',(0.,0.,0.));
#2417 = DIRECTION('',(0.,0.,1.));
#2418 = DIRECTION('',(1.,0.,0.));
#2419 = ADVANCED_FACE('',(#2420),#2426,.T.);
#2420 = FACE_BOUND('',#2421,.T.);
#2421 = EDGE_LOOP('',(#2422,#2423,#2424,#2425));
#2422 = ORIENTED_EDGE('',*,*,#2201,.F.);
#2423 = ORIENTED_EDGE('',*,*,#2346,.T.);
#2424 = ORIENTED_EDGE('',*,*,#2307,.F.);
#2425 = ORIENTED_EDGE('',*,*,#2251,.F.);
#2426 = PLANE('',#2427);
#2427 = AXIS2_PLACEMENT_3D('',#2428,#2429,#2430);
#2428 = CARTESIAN_POINT('',(9.830099697202E-17,-1.387778780781E-16,1.));
#2429 = DIRECTION('',(-0.,-0.,-1.));
#2430 = DIRECTION('',(-1.,0.,0.));
#2431 = ADVANCED_FACE('',(#2432),#2451,.T.);
#2432 = FACE_BOUND('',#2433,.T.);
#2433 = EDGE_LOOP('',(#2434,#2435,#2443,#2450));
#2434 = ORIENTED_EDGE('',*,*,#2273,.F.);
#2435 = ORIENTED_EDGE('',*,*,#2436,.F.);
#2436 = EDGE_CURVE('',#2437,#2274,#2439,.T.);
#2437 = VERTEX_POINT('',#2438);
#2438 = CARTESIAN_POINT('',(3.016854249492,8.,0.));
#2439 = LINE('',#2440,#2441);
#2440 = CARTESIAN_POINT('',(3.016854249492,8.,0.));
#2441 = VECTOR('',#2442,1.);
#2442 = DIRECTION('',(0.554700196225,-1.358623639587E-16,0.832050294338)
  );
#2443 = ORIENTED_EDGE('',*,*,#2444,.T.);
#2444 = EDGE_CURVE('',#2437,#2437,#2445,.T.);
#2445 = CIRCLE('',#2446,3.016854249492);
#2446 = AXIS2_PLACEMENT_3D('',#2447,#2448,#2449);
#2447 = CARTESIAN_POINT('',(0.,8.,0.));
#2448 = DIRECTION('',(0.,0.,1.));
#2449 = DIRECTION('',(1.,0.,0.));
#2450 = ORIENTED_EDGE('',*,*,#2436,.T.);
#2451 = CONICAL_SURFACE('',#2452,3.016854249492,0.588002603548);
#2452 = AXIS2_PLACEMENT_3D('',#2453,#2454,#2455);
#2453 = CARTESIAN_POINT('',(0.,8.,0.));
#2454 = DIRECTION('',(0.,0.,1.));
#2455 = DIRECTION('',(1.,0.,0.));
#2456 = ADVANCED_FACE('',(#2457,#2460),#2471,.F.);
#2457 = FACE_BOUND('',#2458,.F.);
#2458 = EDGE_LOOP('',(#2459));
#2459 = ORIENTED_EDGE('',*,*,#2370,.T.);
#2460 = FACE_BOUND('',#2461,.F.);
#2461 = EDGE_LOOP('',(#2462));
#2462 = ORIENTED_EDGE('',*,*,#2463,.F.);
#2463 = EDGE_CURVE('',#2464,#2464,#2466,.T.);
#2464 = VERTEX_POINT('',#2465);
#2465 = CARTESIAN_POINT('',(1.6,-8.,0.));
#2466 = CIRCLE('',#2467,1.6);
#2467 = AXIS2_PLACEMENT_3D('',#2468,#2469,#2470);
#2468 = CARTESIAN_POINT('',(0.,-8.,0.));
#2469 = DIRECTION('',(0.,0.,1.));
#2470 = DIRECTION('',(1.,0.,0.));
#2471 = PLANE('',#2472);
#2472 = AXIS2_PLACEMENT_3D('',#2473,#2474,#2475);
#2473 = CARTESIAN_POINT('',(0.,-8.,0.));
#2474 = DIRECTION('',(0.,0.,1.));
#2475 = DIRECTION('',(1.,0.,0.));
#2476 = ADVANCED_FACE('',(#2477,#2480),#2491,.F.);
#2477 = FACE_BOUND('',#2478,.F.);
#2478 = EDGE_LOOP('',(#2479));
#2479 = ORIENTED_EDGE('',*,*,#2407,.T.);
#2480 = FACE_BOUND('',#2481,.F.);
#2481 = EDGE_LOOP('',(#2482));
#2482 = ORIENTED_EDGE('',*,*,#2483,.F.);
#2483 = EDGE_CURVE('',#2484,#2484,#2486,.T.);
#2484 = VERTEX_POINT('',#2485);
#2485 = CARTESIAN_POINT('',(1.6,-3.918869757272E-16,0.));
#2486 = CIRCLE('',#2487,1.6);
#2487 = AXIS2_PLACEMENT_3D('',#2488,#2489,#2490);
#2488 = CARTESIAN_POINT('',(0.,0.,0.));
#2489 = DIRECTION('',(0.,0.,1.));
#2490 = DIRECTION('',(1.,0.,0.));
#2491 = PLANE('',#2492);
#2492 = AXIS2_PLACEMENT_3D('',#2493,#2494,#2495);
#2493 = CARTESIAN_POINT('',(0.,0.,0.));
#2494 = DIRECTION('',(0.,0.,1.));
#2495 = DIRECTION('',(1.,0.,0.));
#2496 = ADVANCED_FACE('',(#2497,#2500),#2511,.F.);
#2497 = FACE_BOUND('',#2498,.F.);
#2498 = EDGE_LOOP('',(#2499));
#2499 = ORIENTED_EDGE('',*,*,#2444,.T.);
#2500 = FACE_BOUND('',#2501,.F.);
#2501 = EDGE_LOOP('',(#2502));
#2502 = ORIENTED_EDGE('',*,*,#2503,.F.);
#2503 = EDGE_CURVE('',#2504,#2504,#2506,.T.);
#2504 = VERTEX_POINT('',#2505);
#2505 = CARTESIAN_POINT('',(1.6,8.,0.));
#2506 = CIRCLE('',#2507,1.6);
#2507 = AXIS2_PLACEMENT_3D('',#2508,#2509,#2510);
#2508 = CARTESIAN_POINT('',(0.,8.,0.));
#2509 = DIRECTION('',(0.,0.,1.));
#2510 = DIRECTION('',(1.,0.,0.));
#2511 = PLANE('',#2512);
#2512 = AXIS2_PLACEMENT_3D('',#2513,#2514,#2515);
#2513 = CARTESIAN_POINT('',(0.,8.,0.));
#2514 = DIRECTION('',(0.,0.,1.));
#2515 = DIRECTION('',(1.,0.,0.));
#2516 = ADVANCED_FACE('',(#2517),#2536,.F.);
#2517 = FACE_BOUND('',#2518,.T.);
#2518 = EDGE_LOOP('',(#2519,#2527,#2534,#2535));
#2519 = ORIENTED_EDGE('',*,*,#2520,.T.);
#2520 = EDGE_CURVE('',#2464,#2521,#2523,.T.);
#2521 = VERTEX_POINT('',#2522);
#2522 = CARTESIAN_POINT('',(1.6,-8.,2.2));
#2523 = LINE('',#2524,#2525);
#2524 = CARTESIAN_POINT('',(1.6,-8.,0.));
#2525 = VECTOR('',#2526,1.);
#2526 = DIRECTION('',(0.,0.,1.));
#2527 = ORIENTED_EDGE('',*,*,#2528,.T.);
#2528 = EDGE_CURVE('',#2521,#2521,#2529,.T.);
#2529 = CIRCLE('',#2530,1.6);
#2530 = AXIS2_PLACEMENT_3D('',#2531,#2532,#2533);
#2531 = CARTESIAN_POINT('',(0.,-8.,2.2));
#2532 = DIRECTION('',(0.,0.,1.));
#2533 = DIRECTION('',(1.,0.,0.));
#2534 = ORIENTED_EDGE('',*,*,#2520,.F.);
#2535 = ORIENTED_EDGE('',*,*,#2463,.F.);
#2536 = CYLINDRICAL_SURFACE('',#2537,1.6);
#2537 = AXIS2_PLACEMENT_3D('',#2538,#2539,#2540);
#2538 = CARTESIAN_POINT('',(0.,-8.,0.));
#2539 = DIRECTION('',(-0.,-0.,-1.));
#2540 = DIRECTION('',(1.,0.,0.));
#2541 = ADVANCED_FACE('',(#2542),#2561,.F.);
#2542 = FACE_BOUND('',#2543,.T.);
#2543 = EDGE_LOOP('',(#2544,#2552,#2559,#2560));
#2544 = ORIENTED_EDGE('',*,*,#2545,.T.);
#2545 = EDGE_CURVE('',#2484,#2546,#2548,.T.);
#2546 = VERTEX_POINT('',#2547);
#2547 = CARTESIAN_POINT('',(1.6,-3.918869757272E-16,2.2));
#2548 = LINE('',#2549,#2550);
#2549 = CARTESIAN_POINT('',(1.6,-3.918869757272E-16,0.));
#2550 = VECTOR('',#2551,1.);
#2551 = DIRECTION('',(0.,0.,1.));
#2552 = ORIENTED_EDGE('',*,*,#2553,.T.);
#2553 = EDGE_CURVE('',#2546,#2546,#2554,.T.);
#2554 = CIRCLE('',#2555,1.6);
#2555 = AXIS2_PLACEMENT_3D('',#2556,#2557,#2558);
#2556 = CARTESIAN_POINT('',(0.,0.,2.2));
#2557 = DIRECTION('',(0.,0.,1.));
#2558 = DIRECTION('',(1.,0.,0.));
#2559 = ORIENTED_EDGE('',*,*,#2545,.F.);
#2560 = ORIENTED_EDGE('',*,*,#2483,.F.);
#2561 = CYLINDRICAL_SURFACE('',#2562,1.6);
#2562 = AXIS2_PLACEMENT_3D('',#2563,#2564,#2565);
#2563 = CARTESIAN_POINT('',(0.,0.,0.));
#2564 = DIRECTION('',(-0.,-0.,-1.));
#2565 = DIRECTION('',(1.,0.,0.));
#2566 = ADVANCED_FACE('',(#2567),#2586,.F.);
#2567 = FACE_BOUND('',#2568,.T.);
#2568 = EDGE_LOOP('',(#2569,#2577,#2584,#2585));
#2569 = ORIENTED_EDGE('',*,*,#2570,.T.);
#2570 = EDGE_CURVE('',#2504,#2571,#2573,.T.);
#2571 = VERTEX_POINT('',#2572);
#2572 = CARTESIAN_POINT('',(1.6,8.,2.2));
#2573 = LINE('',#2574,#2575);
#2574 = CARTESIAN_POINT('',(1.6,8.,0.));
#2575 = VECTOR('',#2576,1.);
#2576 = DIRECTION('',(0.,0.,1.));
#2577 = ORIENTED_EDGE('',*,*,#2578,.T.);
#2578 = EDGE_CURVE('',#2571,#2571,#2579,.T.);
#2579 = CIRCLE('',#2580,1.6);
#2580 = AXIS2_PLACEMENT_3D('',#2581,#2582,#2583);
#2581 = CARTESIAN_POINT('',(0.,8.,2.2));
#2582 = DIRECTION('',(0.,0.,1.));
#2583 = DIRECTION('',(1.,0.,0.));
#2584 = ORIENTED_EDGE('',*,*,#2570,.F.);
#2585 = ORIENTED_EDGE('',*,*,#2503,.F.);
#2586 = CYLINDRICAL_SURFACE('',#2587,1.6);
#2587 = AXIS2_PLACEMENT_3D('',#2588,#2589,#2590);
#2588 = CARTESIAN_POINT('',(0.,8.,0.));
#2589 = DIRECTION('',(-0.,-0.,-1.));
#2590 = DIRECTION('',(1.,0.,0.));
#2591 = ADVANCED_FACE('',(#2592),#2595,.F.);
#2592 = FACE_BOUND('',#2593,.T.);
#2593 = EDGE_LOOP('',(#2594));
#2594 = ORIENTED_EDGE('',*,*,#2528,.F.);
#2595 = PLANE('',#2596);
#2596 = AXIS2_PLACEMENT_3D('',#2597,#2598,#2599);
#2597 = CARTESIAN_POINT('',(0.,-8.,2.2));
#2598 = DIRECTION('',(0.,0.,1.));
#2599 = DIRECTION('',(1.,0.,0.));
#2600 = ADVANCED_FACE('',(#2601),#2604,.F.);
#2601 = FACE_BOUND('',#2602,.T.);
#2602 = EDGE_LOOP('',(#2603));
#2603 = ORIENTED_EDGE('',*,*,#2553,.F.);
#2604 = PLANE('',#2605);
#2605 = AXIS2_PLACEMENT_3D('',#2606,#2607,#2608);
#2606 = CARTESIAN_POINT('',(0.,0.,2.2));
#2607 = DIRECTION('',(0.,0.,1.));
#2608 = DIRECTION('',(1.,0.,0.));
#2609 = ADVANCED_FACE('',(#2610),#2613,.F.);
#2610 = FACE_BOUND('',#2611,.T.);
#2611 = EDGE_LOOP('',(#2612));
#2612 = ORIENTED_EDGE('',*,*,#2578,.F.);
#2613 = PLANE('',#2614);
#2614 = AXIS2_PLACEMENT_3D('',#2615,#2616,#2617);
#2615 = CARTESIAN_POINT('',(0.,8.,2.2));
#2616 = DIRECTION('',(0.,0.,1.));
#2617 = DIRECTION('',(1.,0.,0.));
#2618 = ( GEOMETRIC_REPRESENTATION_CONTEXT(3) 
GLOBAL_UNCERTAINTY_ASSIGNED_CONTEXT((#2622)) 
GLOBAL_UNIT_ASSIGNED_CONTEXT((#2619,#2620,#2621)) REPRESENTATION_CONTEXT
('Context #1','3D Context with UNIT and UNCERTAINTY') );
#2619 = ( LENGTH_UNIT() NAMED_UNIT(*) SI_UNIT(.MILLI.,.METRE.) );
#2620 = ( NAMED_UNIT(*) PLANE_ANGLE_UNIT() SI_UNIT($,.RADIAN.) );
#2621 = ( NAMED_UNIT(*) SI_UNIT($,.STERADIAN.) SOLID_ANGLE_UNIT() );
#2622 = UNCERTAINTY_MEASURE_WITH_UNIT(LENGTH_MEASURE(2.E-06),#2619,
  'distance_accuracy_value','confusion accuracy');
#2623 = PRODUCT_RELATED_PRODUCT_CATEGORY('part',$,(#7));
ENDSEC;
END-ISO-10303-21;
